ProductID,ChannelID,LocationID,StartDate,EndDate,Period,Qty,UOM,NetPrice,ListPrice,ForecastQty,Method
APPLE_ELSTAR,ONLINE,NL-GE,2026-02-01,2026-02-28,Monthly,,KG,2.575,2.575,4897.88232421875,xgboost_feat
APPLE_ELSTAR,ONLINE,NL-GE,2026-03-01,2026-03-31,Monthly,,KG,2.575,2.575,4757.76025390625,xgboost_feat
APPLE_ELSTAR,ONLINE,NL-GE,2026-04-01,2026-04-30,Monthly,,KG,2.575,2.575,4728.7001953125,xgboost_feat
APPLE_ELSTAR,ONLINE,NL-GE,2026-05-01,2026-05-31,Monthly,,KG,2.575,2.575,4132.68017578125,xgboost_feat
APPLE_ELSTAR,ONLINE,NL-GE,2026-06-01,2026-06-30,Monthly,,KG,2.575,2.575,3668.939208984375,xgboost_feat
APPLE_ELSTAR,ONLINE,NL-GE,2026-07-01,2026-07-31,Monthly,,KG,2.575,2.575,3733.243408203125,xgboost_feat
APPLE_ELSTAR,ONLINE,NL-GE,2026-08-01,2026-08-31,Monthly,,KG,2.575,2.575,3935.64404296875,xgboost_feat
APPLE_ELSTAR,ONLINE,NL-GE,2026-09-01,2026-09-30,Monthly,,KG,2.575,2.575,3933.797119140625,xgboost_feat
APPLE_ELSTAR,ONLINE,NL-GE,2026-10-01,2026-10-31,Monthly,,KG,2.575,2.575,4557.76708984375,xgboost_feat
APPLE_ELSTAR,ONLINE,NL-GE,2026-11-01,2026-11-30,Monthly,,KG,2.575,2.575,4554.0048828125,xgboost_feat
APPLE_ELSTAR,ONLINE,NL-GE,2026-12-01,2026-12-31,Monthly,,KG,2.575,2.575,4572.2841796875,xgboost_feat
APPLE_ELSTAR,ONLINE,NL-GE,2027-01-01,2027-01-31,Monthly,,KG,2.575,2.575,4742.4765625,xgboost_feat
APPLE_ELSTAR,ONLINE,NL-NB,2026-02-01,2026-02-28,Monthly,,KG,2.672,2.672,4984.03857421875,xgboost_feat
APPLE_ELSTAR,ONLINE,NL-NB,2026-03-01,2026-03-31,Monthly,,KG,2.672,2.672,4884.67236328125,xgboost_feat
APPLE_ELSTAR,ONLINE,NL-NB,2026-04-01,2026-04-30,Monthly,,KG,2.672,2.672,4813.62060546875,xgboost_feat
APPLE_ELSTAR,ONLINE,NL-NB,2026-05-01,2026-05-31,Monthly,,KG,2.672,2.672,4168.99951171875,xgboost_feat
APPLE_ELSTAR,ONLINE,NL-NB,2026-06-01,2026-06-30,Monthly,,KG,2.672,2.672,3468.701904296875,xgboost_feat
APPLE_ELSTAR,ONLINE,NL-NB,2026-07-01,2026-07-31,Monthly,,KG,2.672,2.672,3604.62451171875,xgboost_feat
APPLE_ELSTAR,ONLINE,NL-NB,2026-08-01,2026-08-31,Monthly,,KG,2.672,2.672,3792.406494140625,xgboost_feat
APPLE_ELSTAR,ONLINE,NL-NB,2026-09-01,2026-09-30,Monthly,,KG,2.672,2.672,4138.31298828125,xgboost_feat
APPLE_ELSTAR,ONLINE,NL-NB,2026-10-01,2026-10-31,Monthly,,KG,2.672,2.672,4481.14599609375,xgboost_feat
APPLE_ELSTAR,ONLINE,NL-NB,2026-11-01,2026-11-30,Monthly,,KG,2.672,2.672,4651.873046875,xgboost_feat
APPLE_ELSTAR,ONLINE,NL-NB,2026-12-01,2026-12-31,Monthly,,KG,2.672,2.672,4954.9619140625,xgboost_feat
APPLE_ELSTAR,ONLINE,NL-NB,2027-01-01,2027-01-31,Monthly,,KG,2.672,2.672,4897.5673828125,xgboost_feat
APPLE_ELSTAR,ONLINE,NL-NH,2026-02-01,2026-02-28,Monthly,,KG,2.767,2.767,4985.77099609375,xgboost_feat
APPLE_ELSTAR,ONLINE,NL-NH,2026-03-01,2026-03-31,Monthly,,KG,2.767,2.767,4884.38818359375,xgboost_feat
APPLE_ELSTAR,ONLINE,NL-NH,2026-04-01,2026-04-30,Monthly,,KG,2.767,2.767,4811.095703125,xgboost_feat
APPLE_ELSTAR,ONLINE,NL-NH,2026-05-01,2026-05-31,Monthly,,KG,2.767,2.767,4710.52880859375,xgboost_feat
APPLE_ELSTAR,ONLINE,NL-NH,2026-06-01,2026-06-30,Monthly,,KG,2.767,2.767,3837.455078125,xgboost_feat
APPLE_ELSTAR,ONLINE,NL-NH,2026-07-01,2026-07-31,Monthly,,KG,2.767,2.767,3442.363525390625,xgboost_feat
APPLE_ELSTAR,ONLINE,NL-NH,2026-08-01,2026-08-31,Monthly,,KG,2.767,2.767,3616.526123046875,xgboost_feat
APPLE_ELSTAR,ONLINE,NL-NH,2026-09-01,2026-09-30,Monthly,,KG,2.767,2.767,4134.3974609375,xgboost_feat
APPLE_ELSTAR,ONLINE,NL-NH,2026-10-01,2026-10-31,Monthly,,KG,2.767,2.767,4417.291015625,xgboost_feat
APPLE_ELSTAR,ONLINE,NL-NH,2026-11-01,2026-11-30,Monthly,,KG,2.767,2.767,4615.24267578125,xgboost_feat
APPLE_ELSTAR,ONLINE,NL-NH,2026-12-01,2026-12-31,Monthly,,KG,2.767,2.767,4845.04248046875,xgboost_feat
APPLE_ELSTAR,ONLINE,NL-NH,2027-01-01,2027-01-31,Monthly,,KG,2.767,2.767,4885.2265625,xgboost_feat
APPLE_ELSTAR,ONLINE,NL-ZH,2026-02-01,2026-02-28,Monthly,,KG,2.876,2.876,5008.49267578125,xgboost_feat
APPLE_ELSTAR,ONLINE,NL-ZH,2026-03-01,2026-03-31,Monthly,,KG,2.876,2.876,4815.33740234375,xgboost_feat
APPLE_ELSTAR,ONLINE,NL-ZH,2026-04-01,2026-04-30,Monthly,,KG,2.876,2.876,4822.12060546875,xgboost_feat
APPLE_ELSTAR,ONLINE,NL-ZH,2026-05-01,2026-05-31,Monthly,,KG,2.876,2.876,4626.72998046875,xgboost_feat
APPLE_ELSTAR,ONLINE,NL-ZH,2026-06-01,2026-06-30,Monthly,,KG,2.876,2.876,3837.2265625,xgboost_feat
APPLE_ELSTAR,ONLINE,NL-ZH,2026-07-01,2026-07-31,Monthly,,KG,2.876,2.876,3568.77099609375,xgboost_feat
APPLE_ELSTAR,ONLINE,NL-ZH,2026-08-01,2026-08-31,Monthly,,KG,2.876,2.876,4136.85595703125,xgboost_feat
APPLE_ELSTAR,ONLINE,NL-ZH,2026-09-01,2026-09-30,Monthly,,KG,2.876,2.876,4092.1767578125,xgboost_feat
APPLE_ELSTAR,ONLINE,NL-ZH,2026-10-01,2026-10-31,Monthly,,KG,2.876,2.876,4418.4384765625,xgboost_feat
APPLE_ELSTAR,ONLINE,NL-ZH,2026-11-01,2026-11-30,Monthly,,KG,2.876,2.876,4731.64111328125,xgboost_feat
APPLE_ELSTAR,ONLINE,NL-ZH,2026-12-01,2026-12-31,Monthly,,KG,2.876,2.876,4795.61669921875,xgboost_feat
APPLE_ELSTAR,ONLINE,NL-ZH,2027-01-01,2027-01-31,Monthly,,KG,2.876,2.876,4879.81884765625,xgboost_feat
APPLE_ELSTAR,RETAIL,NL-GE,2026-02-01,2026-02-28,Monthly,,KG,2.629,2.629,5009.27099609375,xgboost_feat
APPLE_ELSTAR,RETAIL,NL-GE,2026-03-01,2026-03-31,Monthly,,KG,2.629,2.629,4863.1181640625,xgboost_feat
APPLE_ELSTAR,RETAIL,NL-GE,2026-04-01,2026-04-30,Monthly,,KG,2.629,2.629,4783.44970703125,xgboost_feat
APPLE_ELSTAR,RETAIL,NL-GE,2026-05-01,2026-05-31,Monthly,,KG,2.629,2.629,4617.30322265625,xgboost_feat
APPLE_ELSTAR,RETAIL,NL-GE,2026-06-01,2026-06-30,Monthly,,KG,2.629,2.629,4180.974609375,xgboost_feat
APPLE_ELSTAR,RETAIL,NL-GE,2026-07-01,2026-07-31,Monthly,,KG,2.629,2.629,4106.7197265625,xgboost_feat
APPLE_ELSTAR,RETAIL,NL-GE,2026-08-01,2026-08-31,Monthly,,KG,2.629,2.629,4153.34619140625,xgboost_feat
APPLE_ELSTAR,RETAIL,NL-GE,2026-09-01,2026-09-30,Monthly,,KG,2.629,2.629,4183.4169921875,xgboost_feat
APPLE_ELSTAR,RETAIL,NL-GE,2026-10-01,2026-10-31,Monthly,,KG,2.629,2.629,4533.3017578125,xgboost_feat
APPLE_ELSTAR,RETAIL,NL-GE,2026-11-01,2026-11-30,Monthly,,KG,2.629,2.629,4772.755859375,xgboost_feat
APPLE_ELSTAR,RETAIL,NL-GE,2026-12-01,2026-12-31,Monthly,,KG,2.629,2.629,4878.35205078125,xgboost_feat
APPLE_ELSTAR,RETAIL,NL-GE,2027-01-01,2027-01-31,Monthly,,KG,2.629,2.629,4861.2021484375,xgboost_feat
APPLE_ELSTAR,RETAIL,NL-NB,2026-02-01,2026-02-28,Monthly,,KG,2.654,2.654,5006.51416015625,xgboost_feat
APPLE_ELSTAR,RETAIL,NL-NB,2026-03-01,2026-03-31,Monthly,,KG,2.654,2.654,4860.041015625,xgboost_feat
APPLE_ELSTAR,RETAIL,NL-NB,2026-04-01,2026-04-30,Monthly,,KG,2.654,2.654,4778.251953125,xgboost_feat
APPLE_ELSTAR,RETAIL,NL-NB,2026-05-01,2026-05-31,Monthly,,KG,2.654,2.654,4614.818359375,xgboost_feat
APPLE_ELSTAR,RETAIL,NL-NB,2026-06-01,2026-06-30,Monthly,,KG,2.654,2.654,4179.98583984375,xgboost_feat
APPLE_ELSTAR,RETAIL,NL-NB,2026-07-01,2026-07-31,Monthly,,KG,2.654,2.654,4116.27734375,xgboost_feat
APPLE_ELSTAR,RETAIL,NL-NB,2026-08-01,2026-08-31,Monthly,,KG,2.654,2.654,4152.80859375,xgboost_feat
APPLE_ELSTAR,RETAIL,NL-NB,2026-09-01,2026-09-30,Monthly,,KG,2.654,2.654,4182.11669921875,xgboost_feat
APPLE_ELSTAR,RETAIL,NL-NB,2026-10-01,2026-10-31,Monthly,,KG,2.654,2.654,4571.4248046875,xgboost_feat
APPLE_ELSTAR,RETAIL,NL-NB,2026-11-01,2026-11-30,Monthly,,KG,2.654,2.654,4788.87841796875,xgboost_feat
APPLE_ELSTAR,RETAIL,NL-NB,2026-12-01,2026-12-31,Monthly,,KG,2.654,2.654,4873.4345703125,xgboost_feat
APPLE_ELSTAR,RETAIL,NL-NB,2027-01-01,2027-01-31,Monthly,,KG,2.654,2.654,4864.9873046875,xgboost_feat
APPLE_ELSTAR,RETAIL,NL-NH,2026-02-01,2026-02-28,Monthly,,KG,2.767,2.767,5008.79833984375,xgboost_feat
APPLE_ELSTAR,RETAIL,NL-NH,2026-03-01,2026-03-31,Monthly,,KG,2.767,2.767,4859.6142578125,xgboost_feat
APPLE_ELSTAR,RETAIL,NL-NH,2026-04-01,2026-04-30,Monthly,,KG,2.767,2.767,4780.34765625,xgboost_feat
APPLE_ELSTAR,RETAIL,NL-NH,2026-05-01,2026-05-31,Monthly,,KG,2.767,2.767,4699.09814453125,xgboost_feat
APPLE_ELSTAR,RETAIL,NL-NH,2026-06-01,2026-06-30,Monthly,,KG,2.767,2.767,4173.40185546875,xgboost_feat
APPLE_ELSTAR,RETAIL,NL-NH,2026-07-01,2026-07-31,Monthly,,KG,2.767,2.767,4097.01416015625,xgboost_feat
APPLE_ELSTAR,RETAIL,NL-NH,2026-08-01,2026-08-31,Monthly,,KG,2.767,2.767,4015.29638671875,xgboost_feat
APPLE_ELSTAR,RETAIL,NL-NH,2026-09-01,2026-09-30,Monthly,,KG,2.767,2.767,4169.208984375,xgboost_feat
APPLE_ELSTAR,RETAIL,NL-NH,2026-10-01,2026-10-31,Monthly,,KG,2.767,2.767,4521.453125,xgboost_feat
APPLE_ELSTAR,RETAIL,NL-NH,2026-11-01,2026-11-30,Monthly,,KG,2.767,2.767,4738.27294921875,xgboost_feat
APPLE_ELSTAR,RETAIL,NL-NH,2026-12-01,2026-12-31,Monthly,,KG,2.767,2.767,4816.82177734375,xgboost_feat
APPLE_ELSTAR,RETAIL,NL-NH,2027-01-01,2027-01-31,Monthly,,KG,2.767,2.767,4861.20361328125,xgboost_feat
APPLE_ELSTAR,RETAIL,NL-ZH,2026-02-01,2026-02-28,Monthly,,KG,2.821,2.821,5008.79833984375,xgboost_feat
APPLE_ELSTAR,RETAIL,NL-ZH,2026-03-01,2026-03-31,Monthly,,KG,2.821,2.821,4796.4248046875,xgboost_feat
APPLE_ELSTAR,RETAIL,NL-ZH,2026-04-01,2026-04-30,Monthly,,KG,2.821,2.821,4780.34765625,xgboost_feat
APPLE_ELSTAR,RETAIL,NL-ZH,2026-05-01,2026-05-31,Monthly,,KG,2.821,2.821,4618.14111328125,xgboost_feat
APPLE_ELSTAR,RETAIL,NL-ZH,2026-06-01,2026-06-30,Monthly,,KG,2.821,2.821,4179.4580078125,xgboost_feat
APPLE_ELSTAR,RETAIL,NL-ZH,2026-07-01,2026-07-31,Monthly,,KG,2.821,2.821,4101.013671875,xgboost_feat
APPLE_ELSTAR,RETAIL,NL-ZH,2026-08-01,2026-08-31,Monthly,,KG,2.821,2.821,4154.84326171875,xgboost_feat
APPLE_ELSTAR,RETAIL,NL-ZH,2026-09-01,2026-09-30,Monthly,,KG,2.821,2.821,4184.98681640625,xgboost_feat
APPLE_ELSTAR,RETAIL,NL-ZH,2026-10-01,2026-10-31,Monthly,,KG,2.821,2.821,4533.8984375,xgboost_feat
APPLE_ELSTAR,RETAIL,NL-ZH,2026-11-01,2026-11-30,Monthly,,KG,2.821,2.821,4729.26806640625,xgboost_feat
APPLE_ELSTAR,RETAIL,NL-ZH,2026-12-01,2026-12-31,Monthly,,KG,2.821,2.821,4817.11962890625,xgboost_feat
APPLE_ELSTAR,RETAIL,NL-ZH,2027-01-01,2027-01-31,Monthly,,KG,2.821,2.821,4867.25439453125,xgboost_feat
APPLE_ELSTAR,WHOLESALE,NL-GE,2026-02-01,2026-02-28,Monthly,,KG,2.618,2.618,5009.2705078125,xgboost_feat
APPLE_ELSTAR,WHOLESALE,NL-GE,2026-03-01,2026-03-31,Monthly,,KG,2.618,2.618,4863.05859375,xgboost_feat
APPLE_ELSTAR,WHOLESALE,NL-GE,2026-04-01,2026-04-30,Monthly,,KG,2.618,2.618,4783.37890625,xgboost_feat
APPLE_ELSTAR,WHOLESALE,NL-GE,2026-05-01,2026-05-31,Monthly,,KG,2.618,2.618,4617.24267578125,xgboost_feat
APPLE_ELSTAR,WHOLESALE,NL-GE,2026-06-01,2026-06-30,Monthly,,KG,2.618,2.618,4180.9140625,xgboost_feat
APPLE_ELSTAR,WHOLESALE,NL-GE,2026-07-01,2026-07-31,Monthly,,KG,2.618,2.618,4106.6474609375,xgboost_feat
APPLE_ELSTAR,WHOLESALE,NL-GE,2026-08-01,2026-08-31,Monthly,,KG,2.618,2.618,4153.287109375,xgboost_feat
APPLE_ELSTAR,WHOLESALE,NL-GE,2026-09-01,2026-09-30,Monthly,,KG,2.618,2.618,4183.357421875,xgboost_feat
APPLE_ELSTAR,WHOLESALE,NL-GE,2026-10-01,2026-10-31,Monthly,,KG,2.618,2.618,4533.24169921875,xgboost_feat
APPLE_ELSTAR,WHOLESALE,NL-GE,2026-11-01,2026-11-30,Monthly,,KG,2.618,2.618,4772.69482421875,xgboost_feat
APPLE_ELSTAR,WHOLESALE,NL-GE,2026-12-01,2026-12-31,Monthly,,KG,2.618,2.618,4878.291015625,xgboost_feat
APPLE_ELSTAR,WHOLESALE,NL-GE,2027-01-01,2027-01-31,Monthly,,KG,2.618,2.618,4861.14111328125,xgboost_feat
APPLE_ELSTAR,WHOLESALE,NL-NB,2026-02-01,2026-02-28,Monthly,,KG,2.672,2.672,5006.97998046875,xgboost_feat
APPLE_ELSTAR,WHOLESALE,NL-NB,2026-03-01,2026-03-31,Monthly,,KG,2.672,2.672,4860.041015625,xgboost_feat
APPLE_ELSTAR,WHOLESALE,NL-NB,2026-04-01,2026-04-30,Monthly,,KG,2.672,2.672,4778.251953125,xgboost_feat
APPLE_ELSTAR,WHOLESALE,NL-NB,2026-05-01,2026-05-31,Monthly,,KG,2.672,2.672,4614.818359375,xgboost_feat
APPLE_ELSTAR,WHOLESALE,NL-NB,2026-06-01,2026-06-30,Monthly,,KG,2.672,2.672,4179.98583984375,xgboost_feat
APPLE_ELSTAR,WHOLESALE,NL-NB,2026-07-01,2026-07-31,Monthly,,KG,2.672,2.672,4116.27734375,xgboost_feat
APPLE_ELSTAR,WHOLESALE,NL-NB,2026-08-01,2026-08-31,Monthly,,KG,2.672,2.672,4152.80859375,xgboost_feat
APPLE_ELSTAR,WHOLESALE,NL-NB,2026-09-01,2026-09-30,Monthly,,KG,2.672,2.672,4182.11669921875,xgboost_feat
APPLE_ELSTAR,WHOLESALE,NL-NB,2026-10-01,2026-10-31,Monthly,,KG,2.672,2.672,4571.4248046875,xgboost_feat
APPLE_ELSTAR,WHOLESALE,NL-NB,2026-11-01,2026-11-30,Monthly,,KG,2.672,2.672,4788.87841796875,xgboost_feat
APPLE_ELSTAR,WHOLESALE,NL-NB,2026-12-01,2026-12-31,Monthly,,KG,2.672,2.672,4873.4345703125,xgboost_feat
APPLE_ELSTAR,WHOLESALE,NL-NB,2027-01-01,2027-01-31,Monthly,,KG,2.672,2.672,4864.9873046875,xgboost_feat
APPLE_ELSTAR,WHOLESALE,NL-NH,2026-02-01,2026-02-28,Monthly,,KG,2.784,2.784,5008.79833984375,xgboost_feat
APPLE_ELSTAR,WHOLESALE,NL-NH,2026-03-01,2026-03-31,Monthly,,KG,2.784,2.784,4859.6142578125,xgboost_feat
APPLE_ELSTAR,WHOLESALE,NL-NH,2026-04-01,2026-04-30,Monthly,,KG,2.784,2.784,4780.34765625,xgboost_feat
APPLE_ELSTAR,WHOLESALE,NL-NH,2026-05-01,2026-05-31,Monthly,,KG,2.784,2.784,4699.09814453125,xgboost_feat
APPLE_ELSTAR,WHOLESALE,NL-NH,2026-06-01,2026-06-30,Monthly,,KG,2.784,2.784,4173.40185546875,xgboost_feat
APPLE_ELSTAR,WHOLESALE,NL-NH,2026-07-01,2026-07-31,Monthly,,KG,2.784,2.784,4097.01416015625,xgboost_feat
APPLE_ELSTAR,WHOLESALE,NL-NH,2026-08-01,2026-08-31,Monthly,,KG,2.784,2.784,4015.29638671875,xgboost_feat
APPLE_ELSTAR,WHOLESALE,NL-NH,2026-09-01,2026-09-30,Monthly,,KG,2.784,2.784,4169.208984375,xgboost_feat
APPLE_ELSTAR,WHOLESALE,NL-NH,2026-10-01,2026-10-31,Monthly,,KG,2.784,2.784,4521.453125,xgboost_feat
APPLE_ELSTAR,WHOLESALE,NL-NH,2026-11-01,2026-11-30,Monthly,,KG,2.784,2.784,4738.27294921875,xgboost_feat
APPLE_ELSTAR,WHOLESALE,NL-NH,2026-12-01,2026-12-31,Monthly,,KG,2.784,2.784,4816.82177734375,xgboost_feat
APPLE_ELSTAR,WHOLESALE,NL-NH,2027-01-01,2027-01-31,Monthly,,KG,2.784,2.784,4861.20361328125,xgboost_feat
APPLE_ELSTAR,WHOLESALE,NL-ZH,2026-02-01,2026-02-28,Monthly,,KG,2.848,2.848,5008.79833984375,xgboost_feat
APPLE_ELSTAR,WHOLESALE,NL-ZH,2026-03-01,2026-03-31,Monthly,,KG,2.848,2.848,4796.4248046875,xgboost_feat
APPLE_ELSTAR,WHOLESALE,NL-ZH,2026-04-01,2026-04-30,Monthly,,KG,2.848,2.848,4780.34765625,xgboost_feat
APPLE_ELSTAR,WHOLESALE,NL-ZH,2026-05-01,2026-05-31,Monthly,,KG,2.848,2.848,4618.14111328125,xgboost_feat
APPLE_ELSTAR,WHOLESALE,NL-ZH,2026-06-01,2026-06-30,Monthly,,KG,2.848,2.848,4179.4580078125,xgboost_feat
APPLE_ELSTAR,WHOLESALE,NL-ZH,2026-07-01,2026-07-31,Monthly,,KG,2.848,2.848,4101.013671875,xgboost_feat
APPLE_ELSTAR,WHOLESALE,NL-ZH,2026-08-01,2026-08-31,Monthly,,KG,2.848,2.848,4154.84326171875,xgboost_feat
APPLE_ELSTAR,WHOLESALE,NL-ZH,2026-09-01,2026-09-30,Monthly,,KG,2.848,2.848,4184.98681640625,xgboost_feat
APPLE_ELSTAR,WHOLESALE,NL-ZH,2026-10-01,2026-10-31,Monthly,,KG,2.848,2.848,4533.8984375,xgboost_feat
APPLE_ELSTAR,WHOLESALE,NL-ZH,2026-11-01,2026-11-30,Monthly,,KG,2.848,2.848,4729.26806640625,xgboost_feat
APPLE_ELSTAR,WHOLESALE,NL-ZH,2026-12-01,2026-12-31,Monthly,,KG,2.848,2.848,4817.11962890625,xgboost_feat
APPLE_ELSTAR,WHOLESALE,NL-ZH,2027-01-01,2027-01-31,Monthly,,KG,2.848,2.848,4867.25439453125,xgboost_feat
APPLE_GALA,ONLINE,NL-GE,2026-02-01,2026-02-28,Monthly,,KG,2.609,2.609,4296.33154296875,xgboost_feat
APPLE_GALA,ONLINE,NL-GE,2026-03-01,2026-03-31,Monthly,,KG,2.609,2.609,4946.37158203125,xgboost_feat
APPLE_GALA,ONLINE,NL-GE,2026-04-01,2026-04-30,Monthly,,KG,2.609,2.609,4138.85888671875,xgboost_feat
APPLE_GALA,ONLINE,NL-GE,2026-05-01,2026-05-31,Monthly,,KG,2.609,2.609,3853.237548828125,xgboost_feat
APPLE_GALA,ONLINE,NL-GE,2026-06-01,2026-06-30,Monthly,,KG,2.609,2.609,3444.4228515625,xgboost_feat
APPLE_GALA,ONLINE,NL-GE,2026-07-01,2026-07-31,Monthly,,KG,2.609,2.609,3648.57080078125,xgboost_feat
APPLE_GALA,ONLINE,NL-GE,2026-08-01,2026-08-31,Monthly,,KG,2.609,2.609,3663.47607421875,xgboost_feat
APPLE_GALA,ONLINE,NL-GE,2026-09-01,2026-09-30,Monthly,,KG,2.609,2.609,3772.313720703125,xgboost_feat
APPLE_GALA,ONLINE,NL-GE,2026-10-01,2026-10-31,Monthly,,KG,2.609,2.609,4030.74267578125,xgboost_feat
APPLE_GALA,ONLINE,NL-GE,2026-11-01,2026-11-30,Monthly,,KG,2.609,2.609,4622.8349609375,xgboost_feat
APPLE_GALA,ONLINE,NL-GE,2026-12-01,2026-12-31,Monthly,,KG,2.609,2.609,4751.6123046875,xgboost_feat
APPLE_GALA,ONLINE,NL-GE,2027-01-01,2027-01-31,Monthly,,KG,2.609,2.609,4129.37890625,xgboost_feat
APPLE_GALA,ONLINE,NL-NB,2026-02-01,2026-02-28,Monthly,,KG,2.662,2.662,4948.04833984375,xgboost_feat
APPLE_GALA,ONLINE,NL-NB,2026-03-01,2026-03-31,Monthly,,KG,2.662,2.662,4897.65087890625,xgboost_feat
APPLE_GALA,ONLINE,NL-NB,2026-04-01,2026-04-30,Monthly,,KG,2.662,2.662,4362.3212890625,xgboost_feat
APPLE_GALA,ONLINE,NL-NB,2026-05-01,2026-05-31,Monthly,,KG,2.662,2.662,4188.7080078125,xgboost_feat
APPLE_GALA,ONLINE,NL-NB,2026-06-01,2026-06-30,Monthly,,KG,2.662,2.662,3468.08837890625,xgboost_feat
APPLE_GALA,ONLINE,NL-NB,2026-07-01,2026-07-31,Monthly,,KG,2.662,2.662,3669.6103515625,xgboost_feat
APPLE_GALA,ONLINE,NL-NB,2026-08-01,2026-08-31,Monthly,,KG,2.662,2.662,3688.35009765625,xgboost_feat
APPLE_GALA,ONLINE,NL-NB,2026-09-01,2026-09-30,Monthly,,KG,2.662,2.662,3803.595947265625,xgboost_feat
APPLE_GALA,ONLINE,NL-NB,2026-10-01,2026-10-31,Monthly,,KG,2.662,2.662,4117.83251953125,xgboost_feat
APPLE_GALA,ONLINE,NL-NB,2026-11-01,2026-11-30,Monthly,,KG,2.662,2.662,4613.47216796875,xgboost_feat
APPLE_GALA,ONLINE,NL-NB,2026-12-01,2026-12-31,Monthly,,KG,2.662,2.662,4792.26123046875,xgboost_feat
APPLE_GALA,ONLINE,NL-NB,2027-01-01,2027-01-31,Monthly,,KG,2.662,2.662,4870.697265625,xgboost_feat
APPLE_GALA,ONLINE,NL-NH,2026-02-01,2026-02-28,Monthly,,KG,2.779,2.779,4414.99462890625,xgboost_feat
APPLE_GALA,ONLINE,NL-NH,2026-03-01,2026-03-31,Monthly,,KG,2.779,2.779,4948.416015625,xgboost_feat
APPLE_GALA,ONLINE,NL-NH,2026-04-01,2026-04-30,Monthly,,KG,2.779,2.779,4847.6484375,xgboost_feat
APPLE_GALA,ONLINE,NL-NH,2026-05-01,2026-05-31,Monthly,,KG,2.779,2.779,4320.14013671875,xgboost_feat
APPLE_GALA,ONLINE,NL-NH,2026-06-01,2026-06-30,Monthly,,KG,2.779,2.779,3612.068603515625,xgboost_feat
APPLE_GALA,ONLINE,NL-NH,2026-07-01,2026-07-31,Monthly,,KG,2.779,2.779,3487.728271484375,xgboost_feat
APPLE_GALA,ONLINE,NL-NH,2026-08-01,2026-08-31,Monthly,,KG,2.779,2.779,3689.503173828125,xgboost_feat
APPLE_GALA,ONLINE,NL-NH,2026-09-01,2026-09-30,Monthly,,KG,2.779,2.779,3803.49267578125,xgboost_feat
APPLE_GALA,ONLINE,NL-NH,2026-10-01,2026-10-31,Monthly,,KG,2.779,2.779,4059.54345703125,xgboost_feat
APPLE_GALA,ONLINE,NL-NH,2026-11-01,2026-11-30,Monthly,,KG,2.779,2.779,4551.56201171875,xgboost_feat
APPLE_GALA,ONLINE,NL-NH,2026-12-01,2026-12-31,Monthly,,KG,2.779,2.779,4699.48974609375,xgboost_feat
APPLE_GALA,ONLINE,NL-NH,2027-01-01,2027-01-31,Monthly,,KG,2.779,2.779,4881.58740234375,xgboost_feat
APPLE_GALA,ONLINE,NL-ZH,2026-02-01,2026-02-28,Monthly,,KG,2.861,2.861,4437.52392578125,xgboost_feat
APPLE_GALA,ONLINE,NL-ZH,2026-03-01,2026-03-31,Monthly,,KG,2.861,2.861,4874.70654296875,xgboost_feat
APPLE_GALA,ONLINE,NL-ZH,2026-04-01,2026-04-30,Monthly,,KG,2.861,2.861,4812.4365234375,xgboost_feat
APPLE_GALA,ONLINE,NL-ZH,2026-05-01,2026-05-31,Monthly,,KG,2.861,2.861,4252.208984375,xgboost_feat
APPLE_GALA,ONLINE,NL-ZH,2026-06-01,2026-06-30,Monthly,,KG,2.861,2.861,3643.69287109375,xgboost_feat
APPLE_GALA,ONLINE,NL-ZH,2026-07-01,2026-07-31,Monthly,,KG,2.861,2.861,3478.557861328125,xgboost_feat
APPLE_GALA,ONLINE,NL-ZH,2026-08-01,2026-08-31,Monthly,,KG,2.861,2.861,3788.32958984375,xgboost_feat
APPLE_GALA,ONLINE,NL-ZH,2026-09-01,2026-09-30,Monthly,,KG,2.861,2.861,3805.46435546875,xgboost_feat
APPLE_GALA,ONLINE,NL-ZH,2026-10-01,2026-10-31,Monthly,,KG,2.861,2.861,4470.14599609375,xgboost_feat
APPLE_GALA,ONLINE,NL-ZH,2026-11-01,2026-11-30,Monthly,,KG,2.861,2.861,4614.869140625,xgboost_feat
APPLE_GALA,ONLINE,NL-ZH,2026-12-01,2026-12-31,Monthly,,KG,2.861,2.861,4659.69287109375,xgboost_feat
APPLE_GALA,ONLINE,NL-ZH,2027-01-01,2027-01-31,Monthly,,KG,2.861,2.861,4913.0068359375,xgboost_feat
APPLE_GALA,RETAIL,NL-GE,2026-02-01,2026-02-28,Monthly,,KG,2.584,2.584,4868.94677734375,xgboost_feat
APPLE_GALA,RETAIL,NL-GE,2026-03-01,2026-03-31,Monthly,,KG,2.584,2.584,4660.42529296875,xgboost_feat
APPLE_GALA,RETAIL,NL-GE,2026-04-01,2026-04-30,Monthly,,KG,2.584,2.584,4626.69921875,xgboost_feat
APPLE_GALA,RETAIL,NL-GE,2026-05-01,2026-05-31,Monthly,,KG,2.584,2.584,4565.77197265625,xgboost_feat
APPLE_GALA,RETAIL,NL-GE,2026-06-01,2026-06-30,Monthly,,KG,2.584,2.584,4277.62841796875,xgboost_feat
APPLE_GALA,RETAIL,NL-GE,2026-07-01,2026-07-31,Monthly,,KG,2.584,2.584,4395.6591796875,xgboost_feat
APPLE_GALA,RETAIL,NL-GE,2026-08-01,2026-08-31,Monthly,,KG,2.584,2.584,4400.1767578125,xgboost_feat
APPLE_GALA,RETAIL,NL-GE,2026-09-01,2026-09-30,Monthly,,KG,2.584,2.584,4354.21923828125,xgboost_feat
APPLE_GALA,RETAIL,NL-GE,2026-10-01,2026-10-31,Monthly,,KG,2.584,2.584,4649.1796875,xgboost_feat
APPLE_GALA,RETAIL,NL-GE,2026-11-01,2026-11-30,Monthly,,KG,2.584,2.584,4711.18017578125,xgboost_feat
APPLE_GALA,RETAIL,NL-GE,2026-12-01,2026-12-31,Monthly,,KG,2.584,2.584,4733.77880859375,xgboost_feat
APPLE_GALA,RETAIL,NL-GE,2027-01-01,2027-01-31,Monthly,,KG,2.584,2.584,4696.6533203125,xgboost_feat
APPLE_GALA,RETAIL,NL-NB,2026-02-01,2026-02-28,Monthly,,KG,2.664,2.664,5006.51416015625,xgboost_feat
APPLE_GALA,RETAIL,NL-NB,2026-03-01,2026-03-31,Monthly,,KG,2.664,2.664,4860.041015625,xgboost_feat
APPLE_GALA,RETAIL,NL-NB,2026-04-01,2026-04-30,Monthly,,KG,2.664,2.664,4778.251953125,xgboost_feat
APPLE_GALA,RETAIL,NL-NB,2026-05-01,2026-05-31,Monthly,,KG,2.664,2.664,4614.818359375,xgboost_feat
APPLE_GALA,RETAIL,NL-NB,2026-06-01,2026-06-30,Monthly,,KG,2.664,2.664,4179.98583984375,xgboost_feat
APPLE_GALA,RETAIL,NL-NB,2026-07-01,2026-07-31,Monthly,,KG,2.664,2.664,4116.27734375,xgboost_feat
APPLE_GALA,RETAIL,NL-NB,2026-08-01,2026-08-31,Monthly,,KG,2.664,2.664,4152.80859375,xgboost_feat
APPLE_GALA,RETAIL,NL-NB,2026-09-01,2026-09-30,Monthly,,KG,2.664,2.664,4182.11669921875,xgboost_feat
APPLE_GALA,RETAIL,NL-NB,2026-10-01,2026-10-31,Monthly,,KG,2.664,2.664,4571.4248046875,xgboost_feat
APPLE_GALA,RETAIL,NL-NB,2026-11-01,2026-11-30,Monthly,,KG,2.664,2.664,4788.87841796875,xgboost_feat
APPLE_GALA,RETAIL,NL-NB,2026-12-01,2026-12-31,Monthly,,KG,2.664,2.664,4873.4345703125,xgboost_feat
APPLE_GALA,RETAIL,NL-NB,2027-01-01,2027-01-31,Monthly,,KG,2.664,2.664,4864.9873046875,xgboost_feat
APPLE_GALA,RETAIL,NL-NH,2026-02-01,2026-02-28,Monthly,,KG,2.763,2.763,5009.27099609375,xgboost_feat
APPLE_GALA,RETAIL,NL-NH,2026-03-01,2026-03-31,Monthly,,KG,2.763,2.763,4859.6142578125,xgboost_feat
APPLE_GALA,RETAIL,NL-NH,2026-04-01,2026-04-30,Monthly,,KG,2.763,2.763,4780.34765625,xgboost_feat
APPLE_GALA,RETAIL,NL-NH,2026-05-01,2026-05-31,Monthly,,KG,2.763,2.763,4699.09814453125,xgboost_feat
APPLE_GALA,RETAIL,NL-NH,2026-06-01,2026-06-30,Monthly,,KG,2.763,2.763,4173.40185546875,xgboost_feat
APPLE_GALA,RETAIL,NL-NH,2026-07-01,2026-07-31,Monthly,,KG,2.763,2.763,4097.01416015625,xgboost_feat
APPLE_GALA,RETAIL,NL-NH,2026-08-01,2026-08-31,Monthly,,KG,2.763,2.763,4015.29638671875,xgboost_feat
APPLE_GALA,RETAIL,NL-NH,2026-09-01,2026-09-30,Monthly,,KG,2.763,2.763,4169.208984375,xgboost_feat
APPLE_GALA,RETAIL,NL-NH,2026-10-01,2026-10-31,Monthly,,KG,2.763,2.763,4521.453125,xgboost_feat
APPLE_GALA,RETAIL,NL-NH,2026-11-01,2026-11-30,Monthly,,KG,2.763,2.763,4738.27294921875,xgboost_feat
APPLE_GALA,RETAIL,NL-NH,2026-12-01,2026-12-31,Monthly,,KG,2.763,2.763,4816.82177734375,xgboost_feat
APPLE_GALA,RETAIL,NL-NH,2027-01-01,2027-01-31,Monthly,,KG,2.763,2.763,4861.20361328125,xgboost_feat
APPLE_GALA,RETAIL,NL-ZH,2026-02-01,2026-02-28,Monthly,,KG,2.813,2.813,5009.27099609375,xgboost_feat
APPLE_GALA,RETAIL,NL-ZH,2026-03-01,2026-03-31,Monthly,,KG,2.813,2.813,4796.4248046875,xgboost_feat
APPLE_GALA,RETAIL,NL-ZH,2026-04-01,2026-04-30,Monthly,,KG,2.813,2.813,4780.34765625,xgboost_feat
APPLE_GALA,RETAIL,NL-ZH,2026-05-01,2026-05-31,Monthly,,KG,2.813,2.813,4618.14111328125,xgboost_feat
APPLE_GALA,RETAIL,NL-ZH,2026-06-01,2026-06-30,Monthly,,KG,2.813,2.813,4179.4580078125,xgboost_feat
APPLE_GALA,RETAIL,NL-ZH,2026-07-01,2026-07-31,Monthly,,KG,2.813,2.813,4101.013671875,xgboost_feat
APPLE_GALA,RETAIL,NL-ZH,2026-08-01,2026-08-31,Monthly,,KG,2.813,2.813,4154.84326171875,xgboost_feat
APPLE_GALA,RETAIL,NL-ZH,2026-09-01,2026-09-30,Monthly,,KG,2.813,2.813,4184.98681640625,xgboost_feat
APPLE_GALA,RETAIL,NL-ZH,2026-10-01,2026-10-31,Monthly,,KG,2.813,2.813,4533.8984375,xgboost_feat
APPLE_GALA,RETAIL,NL-ZH,2026-11-01,2026-11-30,Monthly,,KG,2.813,2.813,4729.26806640625,xgboost_feat
APPLE_GALA,RETAIL,NL-ZH,2026-12-01,2026-12-31,Monthly,,KG,2.813,2.813,4817.11962890625,xgboost_feat
APPLE_GALA,RETAIL,NL-ZH,2027-01-01,2027-01-31,Monthly,,KG,2.813,2.813,4867.25439453125,xgboost_feat
APPLE_GALA,WHOLESALE,NL-GE,2026-02-01,2026-02-28,Monthly,,KG,2.601,2.601,5009.31640625,xgboost_feat
APPLE_GALA,WHOLESALE,NL-GE,2026-03-01,2026-03-31,Monthly,,KG,2.601,2.601,4863.634765625,xgboost_feat
APPLE_GALA,WHOLESALE,NL-GE,2026-04-01,2026-04-30,Monthly,,KG,2.601,2.601,4783.5810546875,xgboost_feat
APPLE_GALA,WHOLESALE,NL-GE,2026-05-01,2026-05-31,Monthly,,KG,2.601,2.601,4639.9541015625,xgboost_feat
APPLE_GALA,WHOLESALE,NL-GE,2026-06-01,2026-06-30,Monthly,,KG,2.601,2.601,4304.24267578125,xgboost_feat
APPLE_GALA,WHOLESALE,NL-GE,2026-07-01,2026-07-31,Monthly,,KG,2.601,2.601,4299.02685546875,xgboost_feat
APPLE_GALA,WHOLESALE,NL-GE,2026-08-01,2026-08-31,Monthly,,KG,2.601,2.601,4292.416015625,xgboost_feat
APPLE_GALA,WHOLESALE,NL-GE,2026-09-01,2026-09-30,Monthly,,KG,2.601,2.601,4373.791015625,xgboost_feat
APPLE_GALA,WHOLESALE,NL-GE,2026-10-01,2026-10-31,Monthly,,KG,2.601,2.601,4671.62451171875,xgboost_feat
APPLE_GALA,WHOLESALE,NL-GE,2026-11-01,2026-11-30,Monthly,,KG,2.601,2.601,4811.76025390625,xgboost_feat
APPLE_GALA,WHOLESALE,NL-GE,2026-12-01,2026-12-31,Monthly,,KG,2.601,2.601,4879.39306640625,xgboost_feat
APPLE_GALA,WHOLESALE,NL-GE,2027-01-01,2027-01-31,Monthly,,KG,2.601,2.601,4825.79443359375,xgboost_feat
APPLE_GALA,WHOLESALE,NL-NB,2026-02-01,2026-02-28,Monthly,,KG,2.693,2.693,5006.97998046875,xgboost_feat
APPLE_GALA,WHOLESALE,NL-NB,2026-03-01,2026-03-31,Monthly,,KG,2.693,2.693,4860.041015625,xgboost_feat
APPLE_GALA,WHOLESALE,NL-NB,2026-04-01,2026-04-30,Monthly,,KG,2.693,2.693,4778.251953125,xgboost_feat
APPLE_GALA,WHOLESALE,NL-NB,2026-05-01,2026-05-31,Monthly,,KG,2.693,2.693,4614.818359375,xgboost_feat
APPLE_GALA,WHOLESALE,NL-NB,2026-06-01,2026-06-30,Monthly,,KG,2.693,2.693,4179.98583984375,xgboost_feat
APPLE_GALA,WHOLESALE,NL-NB,2026-07-01,2026-07-31,Monthly,,KG,2.693,2.693,4116.27734375,xgboost_feat
APPLE_GALA,WHOLESALE,NL-NB,2026-08-01,2026-08-31,Monthly,,KG,2.693,2.693,4152.80859375,xgboost_feat
APPLE_GALA,WHOLESALE,NL-NB,2026-09-01,2026-09-30,Monthly,,KG,2.693,2.693,4182.11669921875,xgboost_feat
APPLE_GALA,WHOLESALE,NL-NB,2026-10-01,2026-10-31,Monthly,,KG,2.693,2.693,4571.4248046875,xgboost_feat
APPLE_GALA,WHOLESALE,NL-NB,2026-11-01,2026-11-30,Monthly,,KG,2.693,2.693,4788.87841796875,xgboost_feat
APPLE_GALA,WHOLESALE,NL-NB,2026-12-01,2026-12-31,Monthly,,KG,2.693,2.693,4873.4345703125,xgboost_feat
APPLE_GALA,WHOLESALE,NL-NB,2027-01-01,2027-01-31,Monthly,,KG,2.693,2.693,4864.9873046875,xgboost_feat
APPLE_GALA,WHOLESALE,NL-NH,2026-02-01,2026-02-28,Monthly,,KG,2.74,2.74,5009.26416015625,xgboost_feat
APPLE_GALA,WHOLESALE,NL-NH,2026-03-01,2026-03-31,Monthly,,KG,2.74,2.74,4859.6142578125,xgboost_feat
APPLE_GALA,WHOLESALE,NL-NH,2026-04-01,2026-04-30,Monthly,,KG,2.74,2.74,4780.34765625,xgboost_feat
APPLE_GALA,WHOLESALE,NL-NH,2026-05-01,2026-05-31,Monthly,,KG,2.74,2.74,4699.09814453125,xgboost_feat
APPLE_GALA,WHOLESALE,NL-NH,2026-06-01,2026-06-30,Monthly,,KG,2.74,2.74,4173.40185546875,xgboost_feat
APPLE_GALA,WHOLESALE,NL-NH,2026-07-01,2026-07-31,Monthly,,KG,2.74,2.74,4097.01416015625,xgboost_feat
APPLE_GALA,WHOLESALE,NL-NH,2026-08-01,2026-08-31,Monthly,,KG,2.74,2.74,4015.29638671875,xgboost_feat
APPLE_GALA,WHOLESALE,NL-NH,2026-09-01,2026-09-30,Monthly,,KG,2.74,2.74,4169.208984375,xgboost_feat
APPLE_GALA,WHOLESALE,NL-NH,2026-10-01,2026-10-31,Monthly,,KG,2.74,2.74,4521.453125,xgboost_feat
APPLE_GALA,WHOLESALE,NL-NH,2026-11-01,2026-11-30,Monthly,,KG,2.74,2.74,4738.27294921875,xgboost_feat
APPLE_GALA,WHOLESALE,NL-NH,2026-12-01,2026-12-31,Monthly,,KG,2.74,2.74,4816.82177734375,xgboost_feat
APPLE_GALA,WHOLESALE,NL-NH,2027-01-01,2027-01-31,Monthly,,KG,2.74,2.74,4861.20361328125,xgboost_feat
APPLE_GALA,WHOLESALE,NL-ZH,2026-02-01,2026-02-28,Monthly,,KG,2.848,2.848,5008.79833984375,xgboost_feat
APPLE_GALA,WHOLESALE,NL-ZH,2026-03-01,2026-03-31,Monthly,,KG,2.848,2.848,4796.4248046875,xgboost_feat
APPLE_GALA,WHOLESALE,NL-ZH,2026-04-01,2026-04-30,Monthly,,KG,2.848,2.848,4780.34765625,xgboost_feat
APPLE_GALA,WHOLESALE,NL-ZH,2026-05-01,2026-05-31,Monthly,,KG,2.848,2.848,4618.14111328125,xgboost_feat
APPLE_GALA,WHOLESALE,NL-ZH,2026-06-01,2026-06-30,Monthly,,KG,2.848,2.848,4179.4580078125,xgboost_feat
APPLE_GALA,WHOLESALE,NL-ZH,2026-07-01,2026-07-31,Monthly,,KG,2.848,2.848,4101.013671875,xgboost_feat
APPLE_GALA,WHOLESALE,NL-ZH,2026-08-01,2026-08-31,Monthly,,KG,2.848,2.848,4154.84326171875,xgboost_feat
APPLE_GALA,WHOLESALE,NL-ZH,2026-09-01,2026-09-30,Monthly,,KG,2.848,2.848,4184.98681640625,xgboost_feat
APPLE_GALA,WHOLESALE,NL-ZH,2026-10-01,2026-10-31,Monthly,,KG,2.848,2.848,4533.8984375,xgboost_feat
APPLE_GALA,WHOLESALE,NL-ZH,2026-11-01,2026-11-30,Monthly,,KG,2.848,2.848,4729.26806640625,xgboost_feat
APPLE_GALA,WHOLESALE,NL-ZH,2026-12-01,2026-12-31,Monthly,,KG,2.848,2.848,4817.11962890625,xgboost_feat
APPLE_GALA,WHOLESALE,NL-ZH,2027-01-01,2027-01-31,Monthly,,KG,2.848,2.848,4867.25439453125,xgboost_feat
APPLE_GRANNY_SMITH,ONLINE,NL-GE,2026-02-01,2026-02-28,Monthly,,KG,2.572,2.572,4292.826171875,xgboost_feat
APPLE_GRANNY_SMITH,ONLINE,NL-GE,2026-03-01,2026-03-31,Monthly,,KG,2.572,2.572,4773.0751953125,xgboost_feat
APPLE_GRANNY_SMITH,ONLINE,NL-GE,2026-04-01,2026-04-30,Monthly,,KG,2.572,2.572,4124.59521484375,xgboost_feat
APPLE_GRANNY_SMITH,ONLINE,NL-GE,2026-05-01,2026-05-31,Monthly,,KG,2.572,2.572,3970.515869140625,xgboost_feat
APPLE_GRANNY_SMITH,ONLINE,NL-GE,2026-06-01,2026-06-30,Monthly,,KG,2.572,2.572,3637.009033203125,xgboost_feat
APPLE_GRANNY_SMITH,ONLINE,NL-GE,2026-07-01,2026-07-31,Monthly,,KG,2.572,2.572,3836.249755859375,xgboost_feat
APPLE_GRANNY_SMITH,ONLINE,NL-GE,2026-08-01,2026-08-31,Monthly,,KG,2.572,2.572,3815.624755859375,xgboost_feat
APPLE_GRANNY_SMITH,ONLINE,NL-GE,2026-09-01,2026-09-30,Monthly,,KG,2.572,2.572,3849.22216796875,xgboost_feat
APPLE_GRANNY_SMITH,ONLINE,NL-GE,2026-10-01,2026-10-31,Monthly,,KG,2.572,2.572,4079.197265625,xgboost_feat
APPLE_GRANNY_SMITH,ONLINE,NL-GE,2026-11-01,2026-11-30,Monthly,,KG,2.572,2.572,4130.71728515625,xgboost_feat
APPLE_GRANNY_SMITH,ONLINE,NL-GE,2026-12-01,2026-12-31,Monthly,,KG,2.572,2.572,4699.7421875,xgboost_feat
APPLE_GRANNY_SMITH,ONLINE,NL-GE,2027-01-01,2027-01-31,Monthly,,KG,2.572,2.572,4096.8955078125,xgboost_feat
APPLE_GRANNY_SMITH,ONLINE,NL-NB,2026-02-01,2026-02-28,Monthly,,KG,2.676,2.676,4137.5244140625,xgboost_feat
APPLE_GRANNY_SMITH,ONLINE,NL-NB,2026-03-01,2026-03-31,Monthly,,KG,2.676,2.676,4762.64892578125,xgboost_feat
APPLE_GRANNY_SMITH,ONLINE,NL-NB,2026-04-01,2026-04-30,Monthly,,KG,2.676,2.676,4179.509765625,xgboost_feat
APPLE_GRANNY_SMITH,ONLINE,NL-NB,2026-05-01,2026-05-31,Monthly,,KG,2.676,2.676,3905.459228515625,xgboost_feat
APPLE_GRANNY_SMITH,ONLINE,NL-NB,2026-06-01,2026-06-30,Monthly,,KG,2.676,2.676,3448.63525390625,xgboost_feat
APPLE_GRANNY_SMITH,ONLINE,NL-NB,2026-07-01,2026-07-31,Monthly,,KG,2.676,2.676,3654.0361328125,xgboost_feat
APPLE_GRANNY_SMITH,ONLINE,NL-NB,2026-08-01,2026-08-31,Monthly,,KG,2.676,2.676,3681.707763671875,xgboost_feat
APPLE_GRANNY_SMITH,ONLINE,NL-NB,2026-09-01,2026-09-30,Monthly,,KG,2.676,2.676,3789.396728515625,xgboost_feat
APPLE_GRANNY_SMITH,ONLINE,NL-NB,2026-10-01,2026-10-31,Monthly,,KG,2.676,2.676,4100.24951171875,xgboost_feat
APPLE_GRANNY_SMITH,ONLINE,NL-NB,2026-11-01,2026-11-30,Monthly,,KG,2.676,2.676,4670.005859375,xgboost_feat
APPLE_GRANNY_SMITH,ONLINE,NL-NB,2026-12-01,2026-12-31,Monthly,,KG,2.676,2.676,4746.49560546875,xgboost_feat
APPLE_GRANNY_SMITH,ONLINE,NL-NB,2027-01-01,2027-01-31,Monthly,,KG,2.676,2.676,4182.58154296875,xgboost_feat
APPLE_GRANNY_SMITH,ONLINE,NL-NH,2026-02-01,2026-02-28,Monthly,,KG,2.764,2.764,4434.28271484375,xgboost_feat
APPLE_GRANNY_SMITH,ONLINE,NL-NH,2026-03-01,2026-03-31,Monthly,,KG,2.764,2.764,4922.0263671875,xgboost_feat
APPLE_GRANNY_SMITH,ONLINE,NL-NH,2026-04-01,2026-04-30,Monthly,,KG,2.764,2.764,4859.611328125,xgboost_feat
APPLE_GRANNY_SMITH,ONLINE,NL-NH,2026-05-01,2026-05-31,Monthly,,KG,2.764,2.764,4316.92138671875,xgboost_feat
APPLE_GRANNY_SMITH,ONLINE,NL-NH,2026-06-01,2026-06-30,Monthly,,KG,2.764,2.764,3612.06982421875,xgboost_feat
APPLE_GRANNY_SMITH,ONLINE,NL-NH,2026-07-01,2026-07-31,Monthly,,KG,2.764,2.764,3487.602783203125,xgboost_feat
APPLE_GRANNY_SMITH,ONLINE,NL-NH,2026-08-01,2026-08-31,Monthly,,KG,2.764,2.764,3780.128173828125,xgboost_feat
APPLE_GRANNY_SMITH,ONLINE,NL-NH,2026-09-01,2026-09-30,Monthly,,KG,2.764,2.764,3703.707763671875,xgboost_feat
APPLE_GRANNY_SMITH,ONLINE,NL-NH,2026-10-01,2026-10-31,Monthly,,KG,2.764,2.764,4056.62548828125,xgboost_feat
APPLE_GRANNY_SMITH,ONLINE,NL-NH,2026-11-01,2026-11-30,Monthly,,KG,2.764,2.764,4551.58642578125,xgboost_feat
APPLE_GRANNY_SMITH,ONLINE,NL-NH,2026-12-01,2026-12-31,Monthly,,KG,2.764,2.764,4699.47802734375,xgboost_feat
APPLE_GRANNY_SMITH,ONLINE,NL-NH,2027-01-01,2027-01-31,Monthly,,KG,2.764,2.764,4881.5546875,xgboost_feat
APPLE_GRANNY_SMITH,ONLINE,NL-ZH,2026-02-01,2026-02-28,Monthly,,KG,2.864,2.864,4448.89404296875,xgboost_feat
APPLE_GRANNY_SMITH,ONLINE,NL-ZH,2026-03-01,2026-03-31,Monthly,,KG,2.864,2.864,4827.529296875,xgboost_feat
APPLE_GRANNY_SMITH,ONLINE,NL-ZH,2026-04-01,2026-04-30,Monthly,,KG,2.864,2.864,4837.30517578125,xgboost_feat
APPLE_GRANNY_SMITH,ONLINE,NL-ZH,2026-05-01,2026-05-31,Monthly,,KG,2.864,2.864,4256.1318359375,xgboost_feat
APPLE_GRANNY_SMITH,ONLINE,NL-ZH,2026-06-01,2026-06-30,Monthly,,KG,2.864,2.864,3612.064453125,xgboost_feat
APPLE_GRANNY_SMITH,ONLINE,NL-ZH,2026-07-01,2026-07-31,Monthly,,KG,2.864,2.864,3490.509521484375,xgboost_feat
APPLE_GRANNY_SMITH,ONLINE,NL-ZH,2026-08-01,2026-08-31,Monthly,,KG,2.864,2.864,3697.211181640625,xgboost_feat
APPLE_GRANNY_SMITH,ONLINE,NL-ZH,2026-09-01,2026-09-30,Monthly,,KG,2.864,2.864,3804.779296875,xgboost_feat
APPLE_GRANNY_SMITH,ONLINE,NL-ZH,2026-10-01,2026-10-31,Monthly,,KG,2.864,2.864,4411.7587890625,xgboost_feat
APPLE_GRANNY_SMITH,ONLINE,NL-ZH,2026-11-01,2026-11-30,Monthly,,KG,2.864,2.864,4625.3359375,xgboost_feat
APPLE_GRANNY_SMITH,ONLINE,NL-ZH,2026-12-01,2026-12-31,Monthly,,KG,2.864,2.864,4699.1337890625,xgboost_feat
APPLE_GRANNY_SMITH,ONLINE,NL-ZH,2027-01-01,2027-01-31,Monthly,,KG,2.864,2.864,4891.064453125,xgboost_feat
APPLE_GRANNY_SMITH,RETAIL,NL-GE,2026-02-01,2026-02-28,Monthly,,KG,2.639,2.639,5009.27099609375,xgboost_feat
APPLE_GRANNY_SMITH,RETAIL,NL-GE,2026-03-01,2026-03-31,Monthly,,KG,2.639,2.639,4863.1181640625,xgboost_feat
APPLE_GRANNY_SMITH,RETAIL,NL-GE,2026-04-01,2026-04-30,Monthly,,KG,2.639,2.639,4783.44970703125,xgboost_feat
APPLE_GRANNY_SMITH,RETAIL,NL-GE,2026-05-01,2026-05-31,Monthly,,KG,2.639,2.639,4617.30322265625,xgboost_feat
APPLE_GRANNY_SMITH,RETAIL,NL-GE,2026-06-01,2026-06-30,Monthly,,KG,2.639,2.639,4180.974609375,xgboost_feat
APPLE_GRANNY_SMITH,RETAIL,NL-GE,2026-07-01,2026-07-31,Monthly,,KG,2.639,2.639,4106.7197265625,xgboost_feat
APPLE_GRANNY_SMITH,RETAIL,NL-GE,2026-08-01,2026-08-31,Monthly,,KG,2.639,2.639,4153.34619140625,xgboost_feat
APPLE_GRANNY_SMITH,RETAIL,NL-GE,2026-09-01,2026-09-30,Monthly,,KG,2.639,2.639,4183.4169921875,xgboost_feat
APPLE_GRANNY_SMITH,RETAIL,NL-GE,2026-10-01,2026-10-31,Monthly,,KG,2.639,2.639,4533.3017578125,xgboost_feat
APPLE_GRANNY_SMITH,RETAIL,NL-GE,2026-11-01,2026-11-30,Monthly,,KG,2.639,2.639,4772.755859375,xgboost_feat
APPLE_GRANNY_SMITH,RETAIL,NL-GE,2026-12-01,2026-12-31,Monthly,,KG,2.639,2.639,4878.35205078125,xgboost_feat
APPLE_GRANNY_SMITH,RETAIL,NL-GE,2027-01-01,2027-01-31,Monthly,,KG,2.639,2.639,4861.2021484375,xgboost_feat
APPLE_GRANNY_SMITH,RETAIL,NL-NB,2026-02-01,2026-02-28,Monthly,,KG,2.666,2.666,5006.51416015625,xgboost_feat
APPLE_GRANNY_SMITH,RETAIL,NL-NB,2026-03-01,2026-03-31,Monthly,,KG,2.666,2.666,4860.041015625,xgboost_feat
APPLE_GRANNY_SMITH,RETAIL,NL-NB,2026-04-01,2026-04-30,Monthly,,KG,2.666,2.666,4778.251953125,xgboost_feat
APPLE_GRANNY_SMITH,RETAIL,NL-NB,2026-05-01,2026-05-31,Monthly,,KG,2.666,2.666,4614.818359375,xgboost_feat
APPLE_GRANNY_SMITH,RETAIL,NL-NB,2026-06-01,2026-06-30,Monthly,,KG,2.666,2.666,4179.98583984375,xgboost_feat
APPLE_GRANNY_SMITH,RETAIL,NL-NB,2026-07-01,2026-07-31,Monthly,,KG,2.666,2.666,4116.27734375,xgboost_feat
APPLE_GRANNY_SMITH,RETAIL,NL-NB,2026-08-01,2026-08-31,Monthly,,KG,2.666,2.666,4152.80859375,xgboost_feat
APPLE_GRANNY_SMITH,RETAIL,NL-NB,2026-09-01,2026-09-30,Monthly,,KG,2.666,2.666,4182.11669921875,xgboost_feat
APPLE_GRANNY_SMITH,RETAIL,NL-NB,2026-10-01,2026-10-31,Monthly,,KG,2.666,2.666,4571.4248046875,xgboost_feat
APPLE_GRANNY_SMITH,RETAIL,NL-NB,2026-11-01,2026-11-30,Monthly,,KG,2.666,2.666,4788.87841796875,xgboost_feat
APPLE_GRANNY_SMITH,RETAIL,NL-NB,2026-12-01,2026-12-31,Monthly,,KG,2.666,2.666,4873.4345703125,xgboost_feat
APPLE_GRANNY_SMITH,RETAIL,NL-NB,2027-01-01,2027-01-31,Monthly,,KG,2.666,2.666,4864.9873046875,xgboost_feat
APPLE_GRANNY_SMITH,RETAIL,NL-NH,2026-02-01,2026-02-28,Monthly,,KG,2.734,2.734,5009.27099609375,xgboost_feat
APPLE_GRANNY_SMITH,RETAIL,NL-NH,2026-03-01,2026-03-31,Monthly,,KG,2.734,2.734,4859.6142578125,xgboost_feat
APPLE_GRANNY_SMITH,RETAIL,NL-NH,2026-04-01,2026-04-30,Monthly,,KG,2.734,2.734,4780.34765625,xgboost_feat
APPLE_GRANNY_SMITH,RETAIL,NL-NH,2026-05-01,2026-05-31,Monthly,,KG,2.734,2.734,4699.09814453125,xgboost_feat
APPLE_GRANNY_SMITH,RETAIL,NL-NH,2026-06-01,2026-06-30,Monthly,,KG,2.734,2.734,4173.40185546875,xgboost_feat
APPLE_GRANNY_SMITH,RETAIL,NL-NH,2026-07-01,2026-07-31,Monthly,,KG,2.734,2.734,4097.01416015625,xgboost_feat
APPLE_GRANNY_SMITH,RETAIL,NL-NH,2026-08-01,2026-08-31,Monthly,,KG,2.734,2.734,4015.29638671875,xgboost_feat
APPLE_GRANNY_SMITH,RETAIL,NL-NH,2026-09-01,2026-09-30,Monthly,,KG,2.734,2.734,4169.208984375,xgboost_feat
APPLE_GRANNY_SMITH,RETAIL,NL-NH,2026-10-01,2026-10-31,Monthly,,KG,2.734,2.734,4521.453125,xgboost_feat
APPLE_GRANNY_SMITH,RETAIL,NL-NH,2026-11-01,2026-11-30,Monthly,,KG,2.734,2.734,4738.27294921875,xgboost_feat
APPLE_GRANNY_SMITH,RETAIL,NL-NH,2026-12-01,2026-12-31,Monthly,,KG,2.734,2.734,4816.82177734375,xgboost_feat
APPLE_GRANNY_SMITH,RETAIL,NL-NH,2027-01-01,2027-01-31,Monthly,,KG,2.734,2.734,4861.20361328125,xgboost_feat
APPLE_GRANNY_SMITH,RETAIL,NL-ZH,2026-02-01,2026-02-28,Monthly,,KG,2.812,2.812,5009.27099609375,xgboost_feat
APPLE_GRANNY_SMITH,RETAIL,NL-ZH,2026-03-01,2026-03-31,Monthly,,KG,2.812,2.812,4796.4248046875,xgboost_feat
APPLE_GRANNY_SMITH,RETAIL,NL-ZH,2026-04-01,2026-04-30,Monthly,,KG,2.812,2.812,4780.34765625,xgboost_feat
APPLE_GRANNY_SMITH,RETAIL,NL-ZH,2026-05-01,2026-05-31,Monthly,,KG,2.812,2.812,4618.14111328125,xgboost_feat
APPLE_GRANNY_SMITH,RETAIL,NL-ZH,2026-06-01,2026-06-30,Monthly,,KG,2.812,2.812,4179.4580078125,xgboost_feat
APPLE_GRANNY_SMITH,RETAIL,NL-ZH,2026-07-01,2026-07-31,Monthly,,KG,2.812,2.812,4101.013671875,xgboost_feat
APPLE_GRANNY_SMITH,RETAIL,NL-ZH,2026-08-01,2026-08-31,Monthly,,KG,2.812,2.812,4154.84326171875,xgboost_feat
APPLE_GRANNY_SMITH,RETAIL,NL-ZH,2026-09-01,2026-09-30,Monthly,,KG,2.812,2.812,4184.98681640625,xgboost_feat
APPLE_GRANNY_SMITH,RETAIL,NL-ZH,2026-10-01,2026-10-31,Monthly,,KG,2.812,2.812,4533.8984375,xgboost_feat
APPLE_GRANNY_SMITH,RETAIL,NL-ZH,2026-11-01,2026-11-30,Monthly,,KG,2.812,2.812,4729.26806640625,xgboost_feat
APPLE_GRANNY_SMITH,RETAIL,NL-ZH,2026-12-01,2026-12-31,Monthly,,KG,2.812,2.812,4817.11962890625,xgboost_feat
APPLE_GRANNY_SMITH,RETAIL,NL-ZH,2027-01-01,2027-01-31,Monthly,,KG,2.812,2.812,4867.25439453125,xgboost_feat
APPLE_GRANNY_SMITH,WHOLESALE,NL-GE,2026-02-01,2026-02-28,Monthly,,KG,2.607,2.607,5008.4755859375,xgboost_feat
APPLE_GRANNY_SMITH,WHOLESALE,NL-GE,2026-03-01,2026-03-31,Monthly,,KG,2.607,2.607,4863.71728515625,xgboost_feat
APPLE_GRANNY_SMITH,WHOLESALE,NL-GE,2026-04-01,2026-04-30,Monthly,,KG,2.607,2.607,4783.42822265625,xgboost_feat
APPLE_GRANNY_SMITH,WHOLESALE,NL-GE,2026-05-01,2026-05-31,Monthly,,KG,2.607,2.607,4640.0341796875,xgboost_feat
APPLE_GRANNY_SMITH,WHOLESALE,NL-GE,2026-06-01,2026-06-30,Monthly,,KG,2.607,2.607,4304.3154296875,xgboost_feat
APPLE_GRANNY_SMITH,WHOLESALE,NL-GE,2026-07-01,2026-07-31,Monthly,,KG,2.607,2.607,4298.6171875,xgboost_feat
APPLE_GRANNY_SMITH,WHOLESALE,NL-GE,2026-08-01,2026-08-31,Monthly,,KG,2.607,2.607,4287.53466796875,xgboost_feat
APPLE_GRANNY_SMITH,WHOLESALE,NL-GE,2026-09-01,2026-09-30,Monthly,,KG,2.607,2.607,4373.85791015625,xgboost_feat
APPLE_GRANNY_SMITH,WHOLESALE,NL-GE,2026-10-01,2026-10-31,Monthly,,KG,2.607,2.607,4668.3798828125,xgboost_feat
APPLE_GRANNY_SMITH,WHOLESALE,NL-GE,2026-11-01,2026-11-30,Monthly,,KG,2.607,2.607,4808.5400390625,xgboost_feat
APPLE_GRANNY_SMITH,WHOLESALE,NL-GE,2026-12-01,2026-12-31,Monthly,,KG,2.607,2.607,4876.6513671875,xgboost_feat
APPLE_GRANNY_SMITH,WHOLESALE,NL-GE,2027-01-01,2027-01-31,Monthly,,KG,2.607,2.607,4816.90185546875,xgboost_feat
APPLE_GRANNY_SMITH,WHOLESALE,NL-NB,2026-02-01,2026-02-28,Monthly,,KG,2.679,2.679,5006.95166015625,xgboost_feat
APPLE_GRANNY_SMITH,WHOLESALE,NL-NB,2026-03-01,2026-03-31,Monthly,,KG,2.679,2.679,4860.041015625,xgboost_feat
APPLE_GRANNY_SMITH,WHOLESALE,NL-NB,2026-04-01,2026-04-30,Monthly,,KG,2.679,2.679,4778.251953125,xgboost_feat
APPLE_GRANNY_SMITH,WHOLESALE,NL-NB,2026-05-01,2026-05-31,Monthly,,KG,2.679,2.679,4614.818359375,xgboost_feat
APPLE_GRANNY_SMITH,WHOLESALE,NL-NB,2026-06-01,2026-06-30,Monthly,,KG,2.679,2.679,4179.98583984375,xgboost_feat
APPLE_GRANNY_SMITH,WHOLESALE,NL-NB,2026-07-01,2026-07-31,Monthly,,KG,2.679,2.679,4116.27734375,xgboost_feat
APPLE_GRANNY_SMITH,WHOLESALE,NL-NB,2026-08-01,2026-08-31,Monthly,,KG,2.679,2.679,4152.80859375,xgboost_feat
APPLE_GRANNY_SMITH,WHOLESALE,NL-NB,2026-09-01,2026-09-30,Monthly,,KG,2.679,2.679,4182.11669921875,xgboost_feat
APPLE_GRANNY_SMITH,WHOLESALE,NL-NB,2026-10-01,2026-10-31,Monthly,,KG,2.679,2.679,4571.4248046875,xgboost_feat
APPLE_GRANNY_SMITH,WHOLESALE,NL-NB,2026-11-01,2026-11-30,Monthly,,KG,2.679,2.679,4788.87841796875,xgboost_feat
APPLE_GRANNY_SMITH,WHOLESALE,NL-NB,2026-12-01,2026-12-31,Monthly,,KG,2.679,2.679,4873.4345703125,xgboost_feat
APPLE_GRANNY_SMITH,WHOLESALE,NL-NB,2027-01-01,2027-01-31,Monthly,,KG,2.679,2.679,4864.9873046875,xgboost_feat
APPLE_GRANNY_SMITH,WHOLESALE,NL-NH,2026-02-01,2026-02-28,Monthly,,KG,2.733,2.733,5009.27099609375,xgboost_feat
APPLE_GRANNY_SMITH,WHOLESALE,NL-NH,2026-03-01,2026-03-31,Monthly,,KG,2.733,2.733,4859.6142578125,xgboost_feat
APPLE_GRANNY_SMITH,WHOLESALE,NL-NH,2026-04-01,2026-04-30,Monthly,,KG,2.733,2.733,4780.34765625,xgboost_feat
APPLE_GRANNY_SMITH,WHOLESALE,NL-NH,2026-05-01,2026-05-31,Monthly,,KG,2.733,2.733,4699.09814453125,xgboost_feat
APPLE_GRANNY_SMITH,WHOLESALE,NL-NH,2026-06-01,2026-06-30,Monthly,,KG,2.733,2.733,4173.40185546875,xgboost_feat
APPLE_GRANNY_SMITH,WHOLESALE,NL-NH,2026-07-01,2026-07-31,Monthly,,KG,2.733,2.733,4097.01416015625,xgboost_feat
APPLE_GRANNY_SMITH,WHOLESALE,NL-NH,2026-08-01,2026-08-31,Monthly,,KG,2.733,2.733,4015.29638671875,xgboost_feat
APPLE_GRANNY_SMITH,WHOLESALE,NL-NH,2026-09-01,2026-09-30,Monthly,,KG,2.733,2.733,4169.208984375,xgboost_feat
APPLE_GRANNY_SMITH,WHOLESALE,NL-NH,2026-10-01,2026-10-31,Monthly,,KG,2.733,2.733,4521.453125,xgboost_feat
APPLE_GRANNY_SMITH,WHOLESALE,NL-NH,2026-11-01,2026-11-30,Monthly,,KG,2.733,2.733,4738.27294921875,xgboost_feat
APPLE_GRANNY_SMITH,WHOLESALE,NL-NH,2026-12-01,2026-12-31,Monthly,,KG,2.733,2.733,4816.82177734375,xgboost_feat
APPLE_GRANNY_SMITH,WHOLESALE,NL-NH,2027-01-01,2027-01-31,Monthly,,KG,2.733,2.733,4861.20361328125,xgboost_feat
APPLE_GRANNY_SMITH,WHOLESALE,NL-ZH,2026-02-01,2026-02-28,Monthly,,KG,2.856,2.856,5009.27099609375,xgboost_feat
APPLE_GRANNY_SMITH,WHOLESALE,NL-ZH,2026-03-01,2026-03-31,Monthly,,KG,2.856,2.856,4796.4248046875,xgboost_feat
APPLE_GRANNY_SMITH,WHOLESALE,NL-ZH,2026-04-01,2026-04-30,Monthly,,KG,2.856,2.856,4780.34765625,xgboost_feat
APPLE_GRANNY_SMITH,WHOLESALE,NL-ZH,2026-05-01,2026-05-31,Monthly,,KG,2.856,2.856,4618.14111328125,xgboost_feat
APPLE_GRANNY_SMITH,WHOLESALE,NL-ZH,2026-06-01,2026-06-30,Monthly,,KG,2.856,2.856,4179.4580078125,xgboost_feat
APPLE_GRANNY_SMITH,WHOLESALE,NL-ZH,2026-07-01,2026-07-31,Monthly,,KG,2.856,2.856,4101.013671875,xgboost_feat
APPLE_GRANNY_SMITH,WHOLESALE,NL-ZH,2026-08-01,2026-08-31,Monthly,,KG,2.856,2.856,4154.84326171875,xgboost_feat
APPLE_GRANNY_SMITH,WHOLESALE,NL-ZH,2026-09-01,2026-09-30,Monthly,,KG,2.856,2.856,4184.98681640625,xgboost_feat
APPLE_GRANNY_SMITH,WHOLESALE,NL-ZH,2026-10-01,2026-10-31,Monthly,,KG,2.856,2.856,4533.8984375,xgboost_feat
APPLE_GRANNY_SMITH,WHOLESALE,NL-ZH,2026-11-01,2026-11-30,Monthly,,KG,2.856,2.856,4729.26806640625,xgboost_feat
APPLE_GRANNY_SMITH,WHOLESALE,NL-ZH,2026-12-01,2026-12-31,Monthly,,KG,2.856,2.856,4817.11962890625,xgboost_feat
APPLE_GRANNY_SMITH,WHOLESALE,NL-ZH,2027-01-01,2027-01-31,Monthly,,KG,2.856,2.856,4867.25439453125,xgboost_feat
APPLE_JONAGOLD,ONLINE,NL-GE,2026-02-01,2026-02-28,Monthly,,KG,2.545,2.545,4879.21533203125,xgboost_feat
APPLE_JONAGOLD,ONLINE,NL-GE,2026-03-01,2026-03-31,Monthly,,KG,2.545,2.545,4719.11669921875,xgboost_feat
APPLE_JONAGOLD,ONLINE,NL-GE,2026-04-01,2026-04-30,Monthly,,KG,2.545,2.545,4700.72119140625,xgboost_feat
APPLE_JONAGOLD,ONLINE,NL-GE,2026-05-01,2026-05-31,Monthly,,KG,2.545,2.545,4554.142578125,xgboost_feat
APPLE_JONAGOLD,ONLINE,NL-GE,2026-06-01,2026-06-30,Monthly,,KG,2.545,2.545,3791.790771484375,xgboost_feat
APPLE_JONAGOLD,ONLINE,NL-GE,2026-07-01,2026-07-31,Monthly,,KG,2.545,2.545,3736.822998046875,xgboost_feat
APPLE_JONAGOLD,ONLINE,NL-GE,2026-08-01,2026-08-31,Monthly,,KG,2.545,2.545,4254.2734375,xgboost_feat
APPLE_JONAGOLD,ONLINE,NL-GE,2026-09-01,2026-09-30,Monthly,,KG,2.545,2.545,4271.8974609375,xgboost_feat
APPLE_JONAGOLD,ONLINE,NL-GE,2026-10-01,2026-10-31,Monthly,,KG,2.545,2.545,4523.34228515625,xgboost_feat
APPLE_JONAGOLD,ONLINE,NL-GE,2026-11-01,2026-11-30,Monthly,,KG,2.545,2.545,4651.494140625,xgboost_feat
APPLE_JONAGOLD,ONLINE,NL-GE,2026-12-01,2026-12-31,Monthly,,KG,2.545,2.545,4715.111328125,xgboost_feat
APPLE_JONAGOLD,ONLINE,NL-GE,2027-01-01,2027-01-31,Monthly,,KG,2.545,2.545,4669.10205078125,xgboost_feat
APPLE_JONAGOLD,ONLINE,NL-NB,2026-02-01,2026-02-28,Monthly,,KG,2.684,2.684,5006.18212890625,xgboost_feat
APPLE_JONAGOLD,ONLINE,NL-NB,2026-03-01,2026-03-31,Monthly,,KG,2.684,2.684,4884.56591796875,xgboost_feat
APPLE_JONAGOLD,ONLINE,NL-NB,2026-04-01,2026-04-30,Monthly,,KG,2.684,2.684,4820.54248046875,xgboost_feat
APPLE_JONAGOLD,ONLINE,NL-NB,2026-05-01,2026-05-31,Monthly,,KG,2.684,2.684,4623.39501953125,xgboost_feat
APPLE_JONAGOLD,ONLINE,NL-NB,2026-06-01,2026-06-30,Monthly,,KG,2.684,2.684,3852.8388671875,xgboost_feat
APPLE_JONAGOLD,ONLINE,NL-NB,2026-07-01,2026-07-31,Monthly,,KG,2.684,2.684,3597.551513671875,xgboost_feat
APPLE_JONAGOLD,ONLINE,NL-NB,2026-08-01,2026-08-31,Monthly,,KG,2.684,2.684,4135.13623046875,xgboost_feat
APPLE_JONAGOLD,ONLINE,NL-NB,2026-09-01,2026-09-30,Monthly,,KG,2.684,2.684,4095.3408203125,xgboost_feat
APPLE_JONAGOLD,ONLINE,NL-NB,2026-10-01,2026-10-31,Monthly,,KG,2.684,2.684,4467.5810546875,xgboost_feat
APPLE_JONAGOLD,ONLINE,NL-NB,2026-11-01,2026-11-30,Monthly,,KG,2.684,2.684,4780.5595703125,xgboost_feat
APPLE_JONAGOLD,ONLINE,NL-NB,2026-12-01,2026-12-31,Monthly,,KG,2.684,2.684,4884.853515625,xgboost_feat
APPLE_JONAGOLD,ONLINE,NL-NB,2027-01-01,2027-01-31,Monthly,,KG,2.684,2.684,4880.71142578125,xgboost_feat
APPLE_JONAGOLD,ONLINE,NL-NH,2026-02-01,2026-02-28,Monthly,,KG,2.728,2.728,5008.45654296875,xgboost_feat
APPLE_JONAGOLD,ONLINE,NL-NH,2026-03-01,2026-03-31,Monthly,,KG,2.728,2.728,4891.74560546875,xgboost_feat
APPLE_JONAGOLD,ONLINE,NL-NH,2026-04-01,2026-04-30,Monthly,,KG,2.728,2.728,4822.12060546875,xgboost_feat
APPLE_JONAGOLD,ONLINE,NL-NH,2026-05-01,2026-05-31,Monthly,,KG,2.728,2.728,4708.74951171875,xgboost_feat
APPLE_JONAGOLD,ONLINE,NL-NH,2026-06-01,2026-06-30,Monthly,,KG,2.728,2.728,3838.31689453125,xgboost_feat
APPLE_JONAGOLD,ONLINE,NL-NH,2026-07-01,2026-07-31,Monthly,,KG,2.728,2.728,3573.1494140625,xgboost_feat
APPLE_JONAGOLD,ONLINE,NL-NH,2026-08-01,2026-08-31,Monthly,,KG,2.728,2.728,3951.131591796875,xgboost_feat
APPLE_JONAGOLD,ONLINE,NL-NH,2026-09-01,2026-09-30,Monthly,,KG,2.728,2.728,4134.595703125,xgboost_feat
APPLE_JONAGOLD,ONLINE,NL-NH,2026-10-01,2026-10-31,Monthly,,KG,2.728,2.728,4437.736328125,xgboost_feat
APPLE_JONAGOLD,ONLINE,NL-NH,2026-11-01,2026-11-30,Monthly,,KG,2.728,2.728,4700.19921875,xgboost_feat
APPLE_JONAGOLD,ONLINE,NL-NH,2026-12-01,2026-12-31,Monthly,,KG,2.728,2.728,4814.8291015625,xgboost_feat
APPLE_JONAGOLD,ONLINE,NL-NH,2027-01-01,2027-01-31,Monthly,,KG,2.728,2.728,4879.91455078125,xgboost_feat
APPLE_JONAGOLD,ONLINE,NL-ZH,2026-02-01,2026-02-28,Monthly,,KG,2.835,2.835,5009.26318359375,xgboost_feat
APPLE_JONAGOLD,ONLINE,NL-ZH,2026-03-01,2026-03-31,Monthly,,KG,2.835,2.835,4796.46826171875,xgboost_feat
APPLE_JONAGOLD,ONLINE,NL-ZH,2026-04-01,2026-04-30,Monthly,,KG,2.835,2.835,4800.228515625,xgboost_feat
APPLE_JONAGOLD,ONLINE,NL-ZH,2026-05-01,2026-05-31,Monthly,,KG,2.835,2.835,4617.95751953125,xgboost_feat
APPLE_JONAGOLD,ONLINE,NL-ZH,2026-06-01,2026-06-30,Monthly,,KG,2.835,2.835,3843.01416015625,xgboost_feat
APPLE_JONAGOLD,ONLINE,NL-ZH,2026-07-01,2026-07-31,Monthly,,KG,2.835,2.835,3578.085205078125,xgboost_feat
APPLE_JONAGOLD,ONLINE,NL-ZH,2026-08-01,2026-08-31,Monthly,,KG,2.835,2.835,4136.85595703125,xgboost_feat
APPLE_JONAGOLD,ONLINE,NL-ZH,2026-09-01,2026-09-30,Monthly,,KG,2.835,2.835,4089.51708984375,xgboost_feat
APPLE_JONAGOLD,ONLINE,NL-ZH,2026-10-01,2026-10-31,Monthly,,KG,2.835,2.835,4429.26953125,xgboost_feat
APPLE_JONAGOLD,ONLINE,NL-ZH,2026-11-01,2026-11-30,Monthly,,KG,2.835,2.835,4731.64111328125,xgboost_feat
APPLE_JONAGOLD,ONLINE,NL-ZH,2026-12-01,2026-12-31,Monthly,,KG,2.835,2.835,4795.61669921875,xgboost_feat
APPLE_JONAGOLD,ONLINE,NL-ZH,2027-01-01,2027-01-31,Monthly,,KG,2.835,2.835,4879.90869140625,xgboost_feat
APPLE_JONAGOLD,RETAIL,NL-GE,2026-02-01,2026-02-28,Monthly,,KG,2.583,2.583,4933.93408203125,xgboost_feat
APPLE_JONAGOLD,RETAIL,NL-GE,2026-03-01,2026-03-31,Monthly,,KG,2.583,2.583,4660.42529296875,xgboost_feat
APPLE_JONAGOLD,RETAIL,NL-GE,2026-04-01,2026-04-30,Monthly,,KG,2.583,2.583,4626.69921875,xgboost_feat
APPLE_JONAGOLD,RETAIL,NL-GE,2026-05-01,2026-05-31,Monthly,,KG,2.583,2.583,4565.77587890625,xgboost_feat
APPLE_JONAGOLD,RETAIL,NL-GE,2026-06-01,2026-06-30,Monthly,,KG,2.583,2.583,4277.62841796875,xgboost_feat
APPLE_JONAGOLD,RETAIL,NL-GE,2026-07-01,2026-07-31,Monthly,,KG,2.583,2.583,4395.6591796875,xgboost_feat
APPLE_JONAGOLD,RETAIL,NL-GE,2026-08-01,2026-08-31,Monthly,,KG,2.583,2.583,4399.9404296875,xgboost_feat
APPLE_JONAGOLD,RETAIL,NL-GE,2026-09-01,2026-09-30,Monthly,,KG,2.583,2.583,4354.21923828125,xgboost_feat
APPLE_JONAGOLD,RETAIL,NL-GE,2026-10-01,2026-10-31,Monthly,,KG,2.583,2.583,4649.1796875,xgboost_feat
APPLE_JONAGOLD,RETAIL,NL-GE,2026-11-01,2026-11-30,Monthly,,KG,2.583,2.583,4711.18017578125,xgboost_feat
APPLE_JONAGOLD,RETAIL,NL-GE,2026-12-01,2026-12-31,Monthly,,KG,2.583,2.583,4733.77880859375,xgboost_feat
APPLE_JONAGOLD,RETAIL,NL-GE,2027-01-01,2027-01-31,Monthly,,KG,2.583,2.583,4696.6533203125,xgboost_feat
APPLE_JONAGOLD,RETAIL,NL-NB,2026-02-01,2026-02-28,Monthly,,KG,2.677,2.677,5006.51416015625,xgboost_feat
APPLE_JONAGOLD,RETAIL,NL-NB,2026-03-01,2026-03-31,Monthly,,KG,2.677,2.677,4860.041015625,xgboost_feat
APPLE_JONAGOLD,RETAIL,NL-NB,2026-04-01,2026-04-30,Monthly,,KG,2.677,2.677,4778.251953125,xgboost_feat
APPLE_JONAGOLD,RETAIL,NL-NB,2026-05-01,2026-05-31,Monthly,,KG,2.677,2.677,4614.818359375,xgboost_feat
APPLE_JONAGOLD,RETAIL,NL-NB,2026-06-01,2026-06-30,Monthly,,KG,2.677,2.677,4179.98583984375,xgboost_feat
APPLE_JONAGOLD,RETAIL,NL-NB,2026-07-01,2026-07-31,Monthly,,KG,2.677,2.677,4116.27734375,xgboost_feat
APPLE_JONAGOLD,RETAIL,NL-NB,2026-08-01,2026-08-31,Monthly,,KG,2.677,2.677,4152.80859375,xgboost_feat
APPLE_JONAGOLD,RETAIL,NL-NB,2026-09-01,2026-09-30,Monthly,,KG,2.677,2.677,4182.11669921875,xgboost_feat
APPLE_JONAGOLD,RETAIL,NL-NB,2026-10-01,2026-10-31,Monthly,,KG,2.677,2.677,4571.4248046875,xgboost_feat
APPLE_JONAGOLD,RETAIL,NL-NB,2026-11-01,2026-11-30,Monthly,,KG,2.677,2.677,4788.87841796875,xgboost_feat
APPLE_JONAGOLD,RETAIL,NL-NB,2026-12-01,2026-12-31,Monthly,,KG,2.677,2.677,4873.4345703125,xgboost_feat
APPLE_JONAGOLD,RETAIL,NL-NB,2027-01-01,2027-01-31,Monthly,,KG,2.677,2.677,4864.9873046875,xgboost_feat
APPLE_JONAGOLD,RETAIL,NL-NH,2026-02-01,2026-02-28,Monthly,,KG,2.763,2.763,5009.27099609375,xgboost_feat
APPLE_JONAGOLD,RETAIL,NL-NH,2026-03-01,2026-03-31,Monthly,,KG,2.763,2.763,4859.6142578125,xgboost_feat
APPLE_JONAGOLD,RETAIL,NL-NH,2026-04-01,2026-04-30,Monthly,,KG,2.763,2.763,4780.34765625,xgboost_feat
APPLE_JONAGOLD,RETAIL,NL-NH,2026-05-01,2026-05-31,Monthly,,KG,2.763,2.763,4699.09814453125,xgboost_feat
APPLE_JONAGOLD,RETAIL,NL-NH,2026-06-01,2026-06-30,Monthly,,KG,2.763,2.763,4173.40185546875,xgboost_feat
APPLE_JONAGOLD,RETAIL,NL-NH,2026-07-01,2026-07-31,Monthly,,KG,2.763,2.763,4097.01416015625,xgboost_feat
APPLE_JONAGOLD,RETAIL,NL-NH,2026-08-01,2026-08-31,Monthly,,KG,2.763,2.763,4015.29638671875,xgboost_feat
APPLE_JONAGOLD,RETAIL,NL-NH,2026-09-01,2026-09-30,Monthly,,KG,2.763,2.763,4169.208984375,xgboost_feat
APPLE_JONAGOLD,RETAIL,NL-NH,2026-10-01,2026-10-31,Monthly,,KG,2.763,2.763,4521.453125,xgboost_feat
APPLE_JONAGOLD,RETAIL,NL-NH,2026-11-01,2026-11-30,Monthly,,KG,2.763,2.763,4738.27294921875,xgboost_feat
APPLE_JONAGOLD,RETAIL,NL-NH,2026-12-01,2026-12-31,Monthly,,KG,2.763,2.763,4816.82177734375,xgboost_feat
APPLE_JONAGOLD,RETAIL,NL-NH,2027-01-01,2027-01-31,Monthly,,KG,2.763,2.763,4861.20361328125,xgboost_feat
APPLE_JONAGOLD,RETAIL,NL-ZH,2026-02-01,2026-02-28,Monthly,,KG,2.882,2.882,5008.79833984375,xgboost_feat
APPLE_JONAGOLD,RETAIL,NL-ZH,2026-03-01,2026-03-31,Monthly,,KG,2.882,2.882,4796.4248046875,xgboost_feat
APPLE_JONAGOLD,RETAIL,NL-ZH,2026-04-01,2026-04-30,Monthly,,KG,2.882,2.882,4780.34765625,xgboost_feat
APPLE_JONAGOLD,RETAIL,NL-ZH,2026-05-01,2026-05-31,Monthly,,KG,2.882,2.882,4618.14111328125,xgboost_feat
APPLE_JONAGOLD,RETAIL,NL-ZH,2026-06-01,2026-06-30,Monthly,,KG,2.882,2.882,4179.4580078125,xgboost_feat
APPLE_JONAGOLD,RETAIL,NL-ZH,2026-07-01,2026-07-31,Monthly,,KG,2.882,2.882,4101.013671875,xgboost_feat
APPLE_JONAGOLD,RETAIL,NL-ZH,2026-08-01,2026-08-31,Monthly,,KG,2.882,2.882,4154.84326171875,xgboost_feat
APPLE_JONAGOLD,RETAIL,NL-ZH,2026-09-01,2026-09-30,Monthly,,KG,2.882,2.882,4184.98681640625,xgboost_feat
APPLE_JONAGOLD,RETAIL,NL-ZH,2026-10-01,2026-10-31,Monthly,,KG,2.882,2.882,4533.8984375,xgboost_feat
APPLE_JONAGOLD,RETAIL,NL-ZH,2026-11-01,2026-11-30,Monthly,,KG,2.882,2.882,4729.26806640625,xgboost_feat
APPLE_JONAGOLD,RETAIL,NL-ZH,2026-12-01,2026-12-31,Monthly,,KG,2.882,2.882,4817.11962890625,xgboost_feat
APPLE_JONAGOLD,RETAIL,NL-ZH,2027-01-01,2027-01-31,Monthly,,KG,2.882,2.882,4867.25439453125,xgboost_feat
APPLE_JONAGOLD,WHOLESALE,NL-GE,2026-02-01,2026-02-28,Monthly,,KG,2.588,2.588,5089.865234375,xgboost_feat
APPLE_JONAGOLD,WHOLESALE,NL-GE,2026-03-01,2026-03-31,Monthly,,KG,2.588,2.588,4893.16455078125,xgboost_feat
APPLE_JONAGOLD,WHOLESALE,NL-GE,2026-04-01,2026-04-30,Monthly,,KG,2.588,2.588,4811.19482421875,xgboost_feat
APPLE_JONAGOLD,WHOLESALE,NL-GE,2026-05-01,2026-05-31,Monthly,,KG,2.588,2.588,4693.60888671875,xgboost_feat
APPLE_JONAGOLD,WHOLESALE,NL-GE,2026-06-01,2026-06-30,Monthly,,KG,2.588,2.588,4351.83203125,xgboost_feat
APPLE_JONAGOLD,WHOLESALE,NL-GE,2026-07-01,2026-07-31,Monthly,,KG,2.588,2.588,4353.21826171875,xgboost_feat
APPLE_JONAGOLD,WHOLESALE,NL-GE,2026-08-01,2026-08-31,Monthly,,KG,2.588,2.588,4331.82958984375,xgboost_feat
APPLE_JONAGOLD,WHOLESALE,NL-GE,2026-09-01,2026-09-30,Monthly,,KG,2.588,2.588,4420.02392578125,xgboost_feat
APPLE_JONAGOLD,WHOLESALE,NL-GE,2026-10-01,2026-10-31,Monthly,,KG,2.588,2.588,4722.55615234375,xgboost_feat
APPLE_JONAGOLD,WHOLESALE,NL-GE,2026-11-01,2026-11-30,Monthly,,KG,2.588,2.588,4833.75048828125,xgboost_feat
APPLE_JONAGOLD,WHOLESALE,NL-GE,2026-12-01,2026-12-31,Monthly,,KG,2.588,2.588,4896.01025390625,xgboost_feat
APPLE_JONAGOLD,WHOLESALE,NL-GE,2027-01-01,2027-01-31,Monthly,,KG,2.588,2.588,4887.595703125,xgboost_feat
APPLE_JONAGOLD,WHOLESALE,NL-NB,2026-02-01,2026-02-28,Monthly,,KG,2.671,2.671,5006.97998046875,xgboost_feat
APPLE_JONAGOLD,WHOLESALE,NL-NB,2026-03-01,2026-03-31,Monthly,,KG,2.671,2.671,4860.041015625,xgboost_feat
APPLE_JONAGOLD,WHOLESALE,NL-NB,2026-04-01,2026-04-30,Monthly,,KG,2.671,2.671,4778.251953125,xgboost_feat
APPLE_JONAGOLD,WHOLESALE,NL-NB,2026-05-01,2026-05-31,Monthly,,KG,2.671,2.671,4614.818359375,xgboost_feat
APPLE_JONAGOLD,WHOLESALE,NL-NB,2026-06-01,2026-06-30,Monthly,,KG,2.671,2.671,4179.98583984375,xgboost_feat
APPLE_JONAGOLD,WHOLESALE,NL-NB,2026-07-01,2026-07-31,Monthly,,KG,2.671,2.671,4116.27734375,xgboost_feat
APPLE_JONAGOLD,WHOLESALE,NL-NB,2026-08-01,2026-08-31,Monthly,,KG,2.671,2.671,4152.80859375,xgboost_feat
APPLE_JONAGOLD,WHOLESALE,NL-NB,2026-09-01,2026-09-30,Monthly,,KG,2.671,2.671,4182.11669921875,xgboost_feat
APPLE_JONAGOLD,WHOLESALE,NL-NB,2026-10-01,2026-10-31,Monthly,,KG,2.671,2.671,4571.4248046875,xgboost_feat
APPLE_JONAGOLD,WHOLESALE,NL-NB,2026-11-01,2026-11-30,Monthly,,KG,2.671,2.671,4788.87841796875,xgboost_feat
APPLE_JONAGOLD,WHOLESALE,NL-NB,2026-12-01,2026-12-31,Monthly,,KG,2.671,2.671,4873.4345703125,xgboost_feat
APPLE_JONAGOLD,WHOLESALE,NL-NB,2027-01-01,2027-01-31,Monthly,,KG,2.671,2.671,4864.9873046875,xgboost_feat
APPLE_JONAGOLD,WHOLESALE,NL-NH,2026-02-01,2026-02-28,Monthly,,KG,2.739,2.739,5009.27099609375,xgboost_feat
APPLE_JONAGOLD,WHOLESALE,NL-NH,2026-03-01,2026-03-31,Monthly,,KG,2.739,2.739,4859.6142578125,xgboost_feat
APPLE_JONAGOLD,WHOLESALE,NL-NH,2026-04-01,2026-04-30,Monthly,,KG,2.739,2.739,4780.34765625,xgboost_feat
APPLE_JONAGOLD,WHOLESALE,NL-NH,2026-05-01,2026-05-31,Monthly,,KG,2.739,2.739,4699.09814453125,xgboost_feat
APPLE_JONAGOLD,WHOLESALE,NL-NH,2026-06-01,2026-06-30,Monthly,,KG,2.739,2.739,4173.40185546875,xgboost_feat
APPLE_JONAGOLD,WHOLESALE,NL-NH,2026-07-01,2026-07-31,Monthly,,KG,2.739,2.739,4097.01416015625,xgboost_feat
APPLE_JONAGOLD,WHOLESALE,NL-NH,2026-08-01,2026-08-31,Monthly,,KG,2.739,2.739,4015.29638671875,xgboost_feat
APPLE_JONAGOLD,WHOLESALE,NL-NH,2026-09-01,2026-09-30,Monthly,,KG,2.739,2.739,4169.208984375,xgboost_feat
APPLE_JONAGOLD,WHOLESALE,NL-NH,2026-10-01,2026-10-31,Monthly,,KG,2.739,2.739,4521.453125,xgboost_feat
APPLE_JONAGOLD,WHOLESALE,NL-NH,2026-11-01,2026-11-30,Monthly,,KG,2.739,2.739,4738.27294921875,xgboost_feat
APPLE_JONAGOLD,WHOLESALE,NL-NH,2026-12-01,2026-12-31,Monthly,,KG,2.739,2.739,4816.82177734375,xgboost_feat
APPLE_JONAGOLD,WHOLESALE,NL-NH,2027-01-01,2027-01-31,Monthly,,KG,2.739,2.739,4861.20361328125,xgboost_feat
APPLE_JONAGOLD,WHOLESALE,NL-ZH,2026-02-01,2026-02-28,Monthly,,KG,2.865,2.865,5008.79833984375,xgboost_feat
APPLE_JONAGOLD,WHOLESALE,NL-ZH,2026-03-01,2026-03-31,Monthly,,KG,2.865,2.865,4796.4248046875,xgboost_feat
APPLE_JONAGOLD,WHOLESALE,NL-ZH,2026-04-01,2026-04-30,Monthly,,KG,2.865,2.865,4780.34765625,xgboost_feat
APPLE_JONAGOLD,WHOLESALE,NL-ZH,2026-05-01,2026-05-31,Monthly,,KG,2.865,2.865,4618.14111328125,xgboost_feat
APPLE_JONAGOLD,WHOLESALE,NL-ZH,2026-06-01,2026-06-30,Monthly,,KG,2.865,2.865,4179.4580078125,xgboost_feat
APPLE_JONAGOLD,WHOLESALE,NL-ZH,2026-07-01,2026-07-31,Monthly,,KG,2.865,2.865,4101.013671875,xgboost_feat
APPLE_JONAGOLD,WHOLESALE,NL-ZH,2026-08-01,2026-08-31,Monthly,,KG,2.865,2.865,4154.84326171875,xgboost_feat
APPLE_JONAGOLD,WHOLESALE,NL-ZH,2026-09-01,2026-09-30,Monthly,,KG,2.865,2.865,4184.98681640625,xgboost_feat
APPLE_JONAGOLD,WHOLESALE,NL-ZH,2026-10-01,2026-10-31,Monthly,,KG,2.865,2.865,4533.8984375,xgboost_feat
APPLE_JONAGOLD,WHOLESALE,NL-ZH,2026-11-01,2026-11-30,Monthly,,KG,2.865,2.865,4729.26806640625,xgboost_feat
APPLE_JONAGOLD,WHOLESALE,NL-ZH,2026-12-01,2026-12-31,Monthly,,KG,2.865,2.865,4817.11962890625,xgboost_feat
APPLE_JONAGOLD,WHOLESALE,NL-ZH,2027-01-01,2027-01-31,Monthly,,KG,2.865,2.865,4867.25439453125,xgboost_feat
Blueberry_AtlasBlue,ONLINE,NL-GE,2026-02-01,2026-02-28,Monthly,,KG,2.685,2.685,4448.93310546875,xgboost_feat
Blueberry_AtlasBlue,ONLINE,NL-GE,2026-03-01,2026-03-31,Monthly,,KG,2.685,2.685,4878.904296875,xgboost_feat
Blueberry_AtlasBlue,ONLINE,NL-GE,2026-04-01,2026-04-30,Monthly,,KG,2.685,2.685,4776.94140625,xgboost_feat
Blueberry_AtlasBlue,ONLINE,NL-GE,2026-05-01,2026-05-31,Monthly,,KG,2.685,2.685,4246.6484375,xgboost_feat
Blueberry_AtlasBlue,ONLINE,NL-GE,2026-06-01,2026-06-30,Monthly,,KG,2.685,2.685,3624.32666015625,xgboost_feat
Blueberry_AtlasBlue,ONLINE,NL-GE,2026-07-01,2026-07-31,Monthly,,KG,2.685,2.685,3580.212646484375,xgboost_feat
Blueberry_AtlasBlue,ONLINE,NL-GE,2026-08-01,2026-08-31,Monthly,,KG,2.685,2.685,4139.56298828125,xgboost_feat
Blueberry_AtlasBlue,ONLINE,NL-GE,2026-09-01,2026-09-30,Monthly,,KG,2.685,2.685,4083.35400390625,xgboost_feat
Blueberry_AtlasBlue,ONLINE,NL-GE,2026-10-01,2026-10-31,Monthly,,KG,2.685,2.685,4429.30322265625,xgboost_feat
Blueberry_AtlasBlue,ONLINE,NL-GE,2026-11-01,2026-11-30,Monthly,,KG,2.685,2.685,4777.185546875,xgboost_feat
Blueberry_AtlasBlue,ONLINE,NL-GE,2026-12-01,2026-12-31,Monthly,,KG,2.685,2.685,4901.20849609375,xgboost_feat
Blueberry_AtlasBlue,ONLINE,NL-GE,2027-01-01,2027-01-31,Monthly,,KG,2.685,2.685,4892.72509765625,xgboost_feat
Blueberry_AtlasBlue,ONLINE,NL-NB,2026-02-01,2026-02-28,Monthly,,KG,2.715,2.715,4440.77099609375,xgboost_feat
Blueberry_AtlasBlue,ONLINE,NL-NB,2026-03-01,2026-03-31,Monthly,,KG,2.715,2.715,4869.78271484375,xgboost_feat
Blueberry_AtlasBlue,ONLINE,NL-NB,2026-04-01,2026-04-30,Monthly,,KG,2.715,2.715,4821.18017578125,xgboost_feat
Blueberry_AtlasBlue,ONLINE,NL-NB,2026-05-01,2026-05-31,Monthly,,KG,2.715,2.715,4627.8994140625,xgboost_feat
Blueberry_AtlasBlue,ONLINE,NL-NB,2026-06-01,2026-06-30,Monthly,,KG,2.715,2.715,3849.64892578125,xgboost_feat
Blueberry_AtlasBlue,ONLINE,NL-NB,2026-07-01,2026-07-31,Monthly,,KG,2.715,2.715,3600.32080078125,xgboost_feat
Blueberry_AtlasBlue,ONLINE,NL-NB,2026-08-01,2026-08-31,Monthly,,KG,2.715,2.715,4124.64404296875,xgboost_feat
Blueberry_AtlasBlue,ONLINE,NL-NB,2026-09-01,2026-09-30,Monthly,,KG,2.715,2.715,4131.583984375,xgboost_feat
Blueberry_AtlasBlue,ONLINE,NL-NB,2026-10-01,2026-10-31,Monthly,,KG,2.715,2.715,4464.6923828125,xgboost_feat
Blueberry_AtlasBlue,ONLINE,NL-NB,2026-11-01,2026-11-30,Monthly,,KG,2.715,2.715,4781.36962890625,xgboost_feat
Blueberry_AtlasBlue,ONLINE,NL-NB,2026-12-01,2026-12-31,Monthly,,KG,2.715,2.715,4886.29296875,xgboost_feat
Blueberry_AtlasBlue,ONLINE,NL-NB,2027-01-01,2027-01-31,Monthly,,KG,2.715,2.715,4887.40869140625,xgboost_feat
Blueberry_AtlasBlue,ONLINE,NL-NH,2026-02-01,2026-02-28,Monthly,,KG,2.819,2.819,4998.34619140625,xgboost_feat
Blueberry_AtlasBlue,ONLINE,NL-NH,2026-03-01,2026-03-31,Monthly,,KG,2.819,2.819,4872.42529296875,xgboost_feat
Blueberry_AtlasBlue,ONLINE,NL-NH,2026-04-01,2026-04-30,Monthly,,KG,2.819,2.819,4822.64794921875,xgboost_feat
Blueberry_AtlasBlue,ONLINE,NL-NH,2026-05-01,2026-05-31,Monthly,,KG,2.819,2.819,4709.4599609375,xgboost_feat
Blueberry_AtlasBlue,ONLINE,NL-NH,2026-06-01,2026-06-30,Monthly,,KG,2.819,2.819,3834.88427734375,xgboost_feat
Blueberry_AtlasBlue,ONLINE,NL-NH,2026-07-01,2026-07-31,Monthly,,KG,2.819,2.819,3570.613525390625,xgboost_feat
Blueberry_AtlasBlue,ONLINE,NL-NH,2026-08-01,2026-08-31,Monthly,,KG,2.819,2.819,4008.452392578125,xgboost_feat
Blueberry_AtlasBlue,ONLINE,NL-NH,2026-09-01,2026-09-30,Monthly,,KG,2.819,2.819,4134.751953125,xgboost_feat
Blueberry_AtlasBlue,ONLINE,NL-NH,2026-10-01,2026-10-31,Monthly,,KG,2.819,2.819,4437.7734375,xgboost_feat
Blueberry_AtlasBlue,ONLINE,NL-NH,2026-11-01,2026-11-30,Monthly,,KG,2.819,2.819,4738.00048828125,xgboost_feat
Blueberry_AtlasBlue,ONLINE,NL-NH,2026-12-01,2026-12-31,Monthly,,KG,2.819,2.819,4805.58544921875,xgboost_feat
Blueberry_AtlasBlue,ONLINE,NL-NH,2027-01-01,2027-01-31,Monthly,,KG,2.819,2.819,4886.56298828125,xgboost_feat
Blueberry_AtlasBlue,ONLINE,NL-ZH,2026-02-01,2026-02-28,Monthly,,KG,2.962,2.962,5005.37548828125,xgboost_feat
Blueberry_AtlasBlue,ONLINE,NL-ZH,2026-03-01,2026-03-31,Monthly,,KG,2.962,2.962,4832.93115234375,xgboost_feat
Blueberry_AtlasBlue,ONLINE,NL-ZH,2026-04-01,2026-04-30,Monthly,,KG,2.962,2.962,4806.78076171875,xgboost_feat
Blueberry_AtlasBlue,ONLINE,NL-ZH,2026-05-01,2026-05-31,Monthly,,KG,2.962,2.962,4622.46923828125,xgboost_feat
Blueberry_AtlasBlue,ONLINE,NL-ZH,2026-06-01,2026-06-30,Monthly,,KG,2.962,2.962,3840.61572265625,xgboost_feat
Blueberry_AtlasBlue,ONLINE,NL-ZH,2026-07-01,2026-07-31,Monthly,,KG,2.962,2.962,4054.675048828125,xgboost_feat
Blueberry_AtlasBlue,ONLINE,NL-ZH,2026-08-01,2026-08-31,Monthly,,KG,2.962,2.962,4136.7509765625,xgboost_feat
Blueberry_AtlasBlue,ONLINE,NL-ZH,2026-09-01,2026-09-30,Monthly,,KG,2.962,2.962,4127.77490234375,xgboost_feat
Blueberry_AtlasBlue,ONLINE,NL-ZH,2026-10-01,2026-10-31,Monthly,,KG,2.962,2.962,4516.24072265625,xgboost_feat
Blueberry_AtlasBlue,ONLINE,NL-ZH,2026-11-01,2026-11-30,Monthly,,KG,2.962,2.962,4737.1767578125,xgboost_feat
Blueberry_AtlasBlue,ONLINE,NL-ZH,2026-12-01,2026-12-31,Monthly,,KG,2.962,2.962,4810.54248046875,xgboost_feat
Blueberry_AtlasBlue,ONLINE,NL-ZH,2027-01-01,2027-01-31,Monthly,,KG,2.962,2.962,4860.09716796875,xgboost_feat
Blueberry_AtlasBlue,RETAIL,NL-GE,2026-02-01,2026-02-28,Monthly,,KG,2.687,2.687,5014.50634765625,xgboost_feat
Blueberry_AtlasBlue,RETAIL,NL-GE,2026-03-01,2026-03-31,Monthly,,KG,2.687,2.687,4863.1181640625,xgboost_feat
Blueberry_AtlasBlue,RETAIL,NL-GE,2026-04-01,2026-04-30,Monthly,,KG,2.687,2.687,4783.44970703125,xgboost_feat
Blueberry_AtlasBlue,RETAIL,NL-GE,2026-05-01,2026-05-31,Monthly,,KG,2.687,2.687,4617.30322265625,xgboost_feat
Blueberry_AtlasBlue,RETAIL,NL-GE,2026-06-01,2026-06-30,Monthly,,KG,2.687,2.687,4180.974609375,xgboost_feat
Blueberry_AtlasBlue,RETAIL,NL-GE,2026-07-01,2026-07-31,Monthly,,KG,2.687,2.687,4106.7197265625,xgboost_feat
Blueberry_AtlasBlue,RETAIL,NL-GE,2026-08-01,2026-08-31,Monthly,,KG,2.687,2.687,4153.34619140625,xgboost_feat
Blueberry_AtlasBlue,RETAIL,NL-GE,2026-09-01,2026-09-30,Monthly,,KG,2.687,2.687,4183.4169921875,xgboost_feat
Blueberry_AtlasBlue,RETAIL,NL-GE,2026-10-01,2026-10-31,Monthly,,KG,2.687,2.687,4533.3017578125,xgboost_feat
Blueberry_AtlasBlue,RETAIL,NL-GE,2026-11-01,2026-11-30,Monthly,,KG,2.687,2.687,4772.755859375,xgboost_feat
Blueberry_AtlasBlue,RETAIL,NL-GE,2026-12-01,2026-12-31,Monthly,,KG,2.687,2.687,4878.35205078125,xgboost_feat
Blueberry_AtlasBlue,RETAIL,NL-GE,2027-01-01,2027-01-31,Monthly,,KG,2.687,2.687,4861.2021484375,xgboost_feat
Blueberry_AtlasBlue,RETAIL,NL-NB,2026-02-01,2026-02-28,Monthly,,KG,2.732,2.732,5012.19677734375,xgboost_feat
Blueberry_AtlasBlue,RETAIL,NL-NB,2026-03-01,2026-03-31,Monthly,,KG,2.732,2.732,4860.041015625,xgboost_feat
Blueberry_AtlasBlue,RETAIL,NL-NB,2026-04-01,2026-04-30,Monthly,,KG,2.732,2.732,4778.251953125,xgboost_feat
Blueberry_AtlasBlue,RETAIL,NL-NB,2026-05-01,2026-05-31,Monthly,,KG,2.732,2.732,4614.818359375,xgboost_feat
Blueberry_AtlasBlue,RETAIL,NL-NB,2026-06-01,2026-06-30,Monthly,,KG,2.732,2.732,4179.98583984375,xgboost_feat
Blueberry_AtlasBlue,RETAIL,NL-NB,2026-07-01,2026-07-31,Monthly,,KG,2.732,2.732,4116.27734375,xgboost_feat
Blueberry_AtlasBlue,RETAIL,NL-NB,2026-08-01,2026-08-31,Monthly,,KG,2.732,2.732,4152.80859375,xgboost_feat
Blueberry_AtlasBlue,RETAIL,NL-NB,2026-09-01,2026-09-30,Monthly,,KG,2.732,2.732,4182.11669921875,xgboost_feat
Blueberry_AtlasBlue,RETAIL,NL-NB,2026-10-01,2026-10-31,Monthly,,KG,2.732,2.732,4571.4248046875,xgboost_feat
Blueberry_AtlasBlue,RETAIL,NL-NB,2026-11-01,2026-11-30,Monthly,,KG,2.732,2.732,4788.87841796875,xgboost_feat
Blueberry_AtlasBlue,RETAIL,NL-NB,2026-12-01,2026-12-31,Monthly,,KG,2.732,2.732,4873.4345703125,xgboost_feat
Blueberry_AtlasBlue,RETAIL,NL-NB,2027-01-01,2027-01-31,Monthly,,KG,2.732,2.732,4864.9873046875,xgboost_feat
Blueberry_AtlasBlue,RETAIL,NL-NH,2026-02-01,2026-02-28,Monthly,,KG,2.836,2.836,5014.50634765625,xgboost_feat
Blueberry_AtlasBlue,RETAIL,NL-NH,2026-03-01,2026-03-31,Monthly,,KG,2.836,2.836,4859.6142578125,xgboost_feat
Blueberry_AtlasBlue,RETAIL,NL-NH,2026-04-01,2026-04-30,Monthly,,KG,2.836,2.836,4780.34765625,xgboost_feat
Blueberry_AtlasBlue,RETAIL,NL-NH,2026-05-01,2026-05-31,Monthly,,KG,2.836,2.836,4699.09814453125,xgboost_feat
Blueberry_AtlasBlue,RETAIL,NL-NH,2026-06-01,2026-06-30,Monthly,,KG,2.836,2.836,4173.40185546875,xgboost_feat
Blueberry_AtlasBlue,RETAIL,NL-NH,2026-07-01,2026-07-31,Monthly,,KG,2.836,2.836,4097.01416015625,xgboost_feat
Blueberry_AtlasBlue,RETAIL,NL-NH,2026-08-01,2026-08-31,Monthly,,KG,2.836,2.836,4015.29638671875,xgboost_feat
Blueberry_AtlasBlue,RETAIL,NL-NH,2026-09-01,2026-09-30,Monthly,,KG,2.836,2.836,4169.208984375,xgboost_feat
Blueberry_AtlasBlue,RETAIL,NL-NH,2026-10-01,2026-10-31,Monthly,,KG,2.836,2.836,4521.453125,xgboost_feat
Blueberry_AtlasBlue,RETAIL,NL-NH,2026-11-01,2026-11-30,Monthly,,KG,2.836,2.836,4738.27294921875,xgboost_feat
Blueberry_AtlasBlue,RETAIL,NL-NH,2026-12-01,2026-12-31,Monthly,,KG,2.836,2.836,4816.82177734375,xgboost_feat
Blueberry_AtlasBlue,RETAIL,NL-NH,2027-01-01,2027-01-31,Monthly,,KG,2.836,2.836,4861.20361328125,xgboost_feat
Blueberry_AtlasBlue,RETAIL,NL-ZH,2026-02-01,2026-02-28,Monthly,,KG,2.912,2.912,5008.79052734375,xgboost_feat
Blueberry_AtlasBlue,RETAIL,NL-ZH,2026-03-01,2026-03-31,Monthly,,KG,2.912,2.912,4796.4248046875,xgboost_feat
Blueberry_AtlasBlue,RETAIL,NL-ZH,2026-04-01,2026-04-30,Monthly,,KG,2.912,2.912,4780.34765625,xgboost_feat
Blueberry_AtlasBlue,RETAIL,NL-ZH,2026-05-01,2026-05-31,Monthly,,KG,2.912,2.912,4618.14111328125,xgboost_feat
Blueberry_AtlasBlue,RETAIL,NL-ZH,2026-06-01,2026-06-30,Monthly,,KG,2.912,2.912,4179.4580078125,xgboost_feat
Blueberry_AtlasBlue,RETAIL,NL-ZH,2026-07-01,2026-07-31,Monthly,,KG,2.912,2.912,4101.013671875,xgboost_feat
Blueberry_AtlasBlue,RETAIL,NL-ZH,2026-08-01,2026-08-31,Monthly,,KG,2.912,2.912,4154.84326171875,xgboost_feat
Blueberry_AtlasBlue,RETAIL,NL-ZH,2026-09-01,2026-09-30,Monthly,,KG,2.912,2.912,4184.98681640625,xgboost_feat
Blueberry_AtlasBlue,RETAIL,NL-ZH,2026-10-01,2026-10-31,Monthly,,KG,2.912,2.912,4533.8984375,xgboost_feat
Blueberry_AtlasBlue,RETAIL,NL-ZH,2026-11-01,2026-11-30,Monthly,,KG,2.912,2.912,4729.26806640625,xgboost_feat
Blueberry_AtlasBlue,RETAIL,NL-ZH,2026-12-01,2026-12-31,Monthly,,KG,2.912,2.912,4817.11962890625,xgboost_feat
Blueberry_AtlasBlue,RETAIL,NL-ZH,2027-01-01,2027-01-31,Monthly,,KG,2.912,2.912,4867.25439453125,xgboost_feat
Blueberry_AtlasBlue,WHOLESALE,NL-GE,2026-02-01,2026-02-28,Monthly,,KG,2.71,2.71,5014.50634765625,xgboost_feat
Blueberry_AtlasBlue,WHOLESALE,NL-GE,2026-03-01,2026-03-31,Monthly,,KG,2.71,2.71,4863.1181640625,xgboost_feat
Blueberry_AtlasBlue,WHOLESALE,NL-GE,2026-04-01,2026-04-30,Monthly,,KG,2.71,2.71,4783.44970703125,xgboost_feat
Blueberry_AtlasBlue,WHOLESALE,NL-GE,2026-05-01,2026-05-31,Monthly,,KG,2.71,2.71,4617.30322265625,xgboost_feat
Blueberry_AtlasBlue,WHOLESALE,NL-GE,2026-06-01,2026-06-30,Monthly,,KG,2.71,2.71,4180.974609375,xgboost_feat
Blueberry_AtlasBlue,WHOLESALE,NL-GE,2026-07-01,2026-07-31,Monthly,,KG,2.71,2.71,4106.7197265625,xgboost_feat
Blueberry_AtlasBlue,WHOLESALE,NL-GE,2026-08-01,2026-08-31,Monthly,,KG,2.71,2.71,4153.34619140625,xgboost_feat
Blueberry_AtlasBlue,WHOLESALE,NL-GE,2026-09-01,2026-09-30,Monthly,,KG,2.71,2.71,4183.4169921875,xgboost_feat
Blueberry_AtlasBlue,WHOLESALE,NL-GE,2026-10-01,2026-10-31,Monthly,,KG,2.71,2.71,4533.3017578125,xgboost_feat
Blueberry_AtlasBlue,WHOLESALE,NL-GE,2026-11-01,2026-11-30,Monthly,,KG,2.71,2.71,4772.755859375,xgboost_feat
Blueberry_AtlasBlue,WHOLESALE,NL-GE,2026-12-01,2026-12-31,Monthly,,KG,2.71,2.71,4878.35205078125,xgboost_feat
Blueberry_AtlasBlue,WHOLESALE,NL-GE,2027-01-01,2027-01-31,Monthly,,KG,2.71,2.71,4861.2021484375,xgboost_feat
Blueberry_AtlasBlue,WHOLESALE,NL-NB,2026-02-01,2026-02-28,Monthly,,KG,2.773,2.773,5012.19677734375,xgboost_feat
Blueberry_AtlasBlue,WHOLESALE,NL-NB,2026-03-01,2026-03-31,Monthly,,KG,2.773,2.773,4860.041015625,xgboost_feat
Blueberry_AtlasBlue,WHOLESALE,NL-NB,2026-04-01,2026-04-30,Monthly,,KG,2.773,2.773,4778.251953125,xgboost_feat
Blueberry_AtlasBlue,WHOLESALE,NL-NB,2026-05-01,2026-05-31,Monthly,,KG,2.773,2.773,4614.818359375,xgboost_feat
Blueberry_AtlasBlue,WHOLESALE,NL-NB,2026-06-01,2026-06-30,Monthly,,KG,2.773,2.773,4179.98583984375,xgboost_feat
Blueberry_AtlasBlue,WHOLESALE,NL-NB,2026-07-01,2026-07-31,Monthly,,KG,2.773,2.773,4116.27734375,xgboost_feat
Blueberry_AtlasBlue,WHOLESALE,NL-NB,2026-08-01,2026-08-31,Monthly,,KG,2.773,2.773,4152.80859375,xgboost_feat
Blueberry_AtlasBlue,WHOLESALE,NL-NB,2026-09-01,2026-09-30,Monthly,,KG,2.773,2.773,4182.11669921875,xgboost_feat
Blueberry_AtlasBlue,WHOLESALE,NL-NB,2026-10-01,2026-10-31,Monthly,,KG,2.773,2.773,4571.4248046875,xgboost_feat
Blueberry_AtlasBlue,WHOLESALE,NL-NB,2026-11-01,2026-11-30,Monthly,,KG,2.773,2.773,4788.87841796875,xgboost_feat
Blueberry_AtlasBlue,WHOLESALE,NL-NB,2026-12-01,2026-12-31,Monthly,,KG,2.773,2.773,4873.4345703125,xgboost_feat
Blueberry_AtlasBlue,WHOLESALE,NL-NB,2027-01-01,2027-01-31,Monthly,,KG,2.773,2.773,4864.9873046875,xgboost_feat
Blueberry_AtlasBlue,WHOLESALE,NL-NH,2026-02-01,2026-02-28,Monthly,,KG,2.854,2.854,5008.79052734375,xgboost_feat
Blueberry_AtlasBlue,WHOLESALE,NL-NH,2026-03-01,2026-03-31,Monthly,,KG,2.854,2.854,4859.6142578125,xgboost_feat
Blueberry_AtlasBlue,WHOLESALE,NL-NH,2026-04-01,2026-04-30,Monthly,,KG,2.854,2.854,4780.34765625,xgboost_feat
Blueberry_AtlasBlue,WHOLESALE,NL-NH,2026-05-01,2026-05-31,Monthly,,KG,2.854,2.854,4699.09814453125,xgboost_feat
Blueberry_AtlasBlue,WHOLESALE,NL-NH,2026-06-01,2026-06-30,Monthly,,KG,2.854,2.854,4173.40185546875,xgboost_feat
Blueberry_AtlasBlue,WHOLESALE,NL-NH,2026-07-01,2026-07-31,Monthly,,KG,2.854,2.854,4097.01416015625,xgboost_feat
Blueberry_AtlasBlue,WHOLESALE,NL-NH,2026-08-01,2026-08-31,Monthly,,KG,2.854,2.854,4015.29638671875,xgboost_feat
Blueberry_AtlasBlue,WHOLESALE,NL-NH,2026-09-01,2026-09-30,Monthly,,KG,2.854,2.854,4169.208984375,xgboost_feat
Blueberry_AtlasBlue,WHOLESALE,NL-NH,2026-10-01,2026-10-31,Monthly,,KG,2.854,2.854,4521.453125,xgboost_feat
Blueberry_AtlasBlue,WHOLESALE,NL-NH,2026-11-01,2026-11-30,Monthly,,KG,2.854,2.854,4738.27294921875,xgboost_feat
Blueberry_AtlasBlue,WHOLESALE,NL-NH,2026-12-01,2026-12-31,Monthly,,KG,2.854,2.854,4816.82177734375,xgboost_feat
Blueberry_AtlasBlue,WHOLESALE,NL-NH,2027-01-01,2027-01-31,Monthly,,KG,2.854,2.854,4861.20361328125,xgboost_feat
Blueberry_AtlasBlue,WHOLESALE,NL-ZH,2026-02-01,2026-02-28,Monthly,,KG,2.911,2.911,5008.79052734375,xgboost_feat
Blueberry_AtlasBlue,WHOLESALE,NL-ZH,2026-03-01,2026-03-31,Monthly,,KG,2.911,2.911,4796.4248046875,xgboost_feat
Blueberry_AtlasBlue,WHOLESALE,NL-ZH,2026-04-01,2026-04-30,Monthly,,KG,2.911,2.911,4780.34765625,xgboost_feat
Blueberry_AtlasBlue,WHOLESALE,NL-ZH,2026-05-01,2026-05-31,Monthly,,KG,2.911,2.911,4618.14111328125,xgboost_feat
Blueberry_AtlasBlue,WHOLESALE,NL-ZH,2026-06-01,2026-06-30,Monthly,,KG,2.911,2.911,4179.4580078125,xgboost_feat
Blueberry_AtlasBlue,WHOLESALE,NL-ZH,2026-07-01,2026-07-31,Monthly,,KG,2.911,2.911,4101.013671875,xgboost_feat
Blueberry_AtlasBlue,WHOLESALE,NL-ZH,2026-08-01,2026-08-31,Monthly,,KG,2.911,2.911,4154.84326171875,xgboost_feat
Blueberry_AtlasBlue,WHOLESALE,NL-ZH,2026-09-01,2026-09-30,Monthly,,KG,2.911,2.911,4184.98681640625,xgboost_feat
Blueberry_AtlasBlue,WHOLESALE,NL-ZH,2026-10-01,2026-10-31,Monthly,,KG,2.911,2.911,4533.8984375,xgboost_feat
Blueberry_AtlasBlue,WHOLESALE,NL-ZH,2026-11-01,2026-11-30,Monthly,,KG,2.911,2.911,4729.26806640625,xgboost_feat
Blueberry_AtlasBlue,WHOLESALE,NL-ZH,2026-12-01,2026-12-31,Monthly,,KG,2.911,2.911,4817.11962890625,xgboost_feat
Blueberry_AtlasBlue,WHOLESALE,NL-ZH,2027-01-01,2027-01-31,Monthly,,KG,2.911,2.911,4867.25439453125,xgboost_feat
Blueberry_Duke,ONLINE,NL-GE,2026-02-01,2026-02-28,Monthly,,KG,2.665,2.665,4174.47412109375,xgboost_feat
Blueberry_Duke,ONLINE,NL-GE,2026-03-01,2026-03-31,Monthly,,KG,2.665,2.665,4017.2275390625,xgboost_feat
Blueberry_Duke,ONLINE,NL-GE,2026-04-01,2026-04-30,Monthly,,KG,2.665,2.665,3964.048828125,xgboost_feat
Blueberry_Duke,ONLINE,NL-GE,2026-05-01,2026-05-31,Monthly,,KG,2.665,2.665,3891.6435546875,xgboost_feat
Blueberry_Duke,ONLINE,NL-GE,2026-06-01,2026-06-30,Monthly,,KG,2.665,2.665,3606.65478515625,xgboost_feat
Blueberry_Duke,ONLINE,NL-GE,2026-07-01,2026-07-31,Monthly,,KG,2.665,2.665,3627.833740234375,xgboost_feat
Blueberry_Duke,ONLINE,NL-GE,2026-08-01,2026-08-31,Monthly,,KG,2.665,2.665,3634.909423828125,xgboost_feat
Blueberry_Duke,ONLINE,NL-GE,2026-09-01,2026-09-30,Monthly,,KG,2.665,2.665,3635.968017578125,xgboost_feat
Blueberry_Duke,ONLINE,NL-GE,2026-10-01,2026-10-31,Monthly,,KG,2.665,2.665,3927.36669921875,xgboost_feat
Blueberry_Duke,ONLINE,NL-GE,2026-11-01,2026-11-30,Monthly,,KG,2.665,2.665,3991.9296875,xgboost_feat
Blueberry_Duke,ONLINE,NL-GE,2026-12-01,2026-12-31,Monthly,,KG,2.665,2.665,4043.70263671875,xgboost_feat
Blueberry_Duke,ONLINE,NL-GE,2027-01-01,2027-01-31,Monthly,,KG,2.665,2.665,4023.706787109375,xgboost_feat
Blueberry_Duke,ONLINE,NL-NB,2026-02-01,2026-02-28,Monthly,,KG,2.751,2.751,4170.91845703125,xgboost_feat
Blueberry_Duke,ONLINE,NL-NB,2026-03-01,2026-03-31,Monthly,,KG,2.751,2.751,4059.123046875,xgboost_feat
Blueberry_Duke,ONLINE,NL-NB,2026-04-01,2026-04-30,Monthly,,KG,2.751,2.751,4024.27099609375,xgboost_feat
Blueberry_Duke,ONLINE,NL-NB,2026-05-01,2026-05-31,Monthly,,KG,2.751,2.751,3871.78564453125,xgboost_feat
Blueberry_Duke,ONLINE,NL-NB,2026-06-01,2026-06-30,Monthly,,KG,2.751,2.751,3605.3173828125,xgboost_feat
Blueberry_Duke,ONLINE,NL-NB,2026-07-01,2026-07-31,Monthly,,KG,2.751,2.751,3645.008056640625,xgboost_feat
Blueberry_Duke,ONLINE,NL-NB,2026-08-01,2026-08-31,Monthly,,KG,2.751,2.751,3635.155517578125,xgboost_feat
Blueberry_Duke,ONLINE,NL-NB,2026-09-01,2026-09-30,Monthly,,KG,2.751,2.751,3645.47119140625,xgboost_feat
Blueberry_Duke,ONLINE,NL-NB,2026-10-01,2026-10-31,Monthly,,KG,2.751,2.751,4099.40234375,xgboost_feat
Blueberry_Duke,ONLINE,NL-NB,2026-11-01,2026-11-30,Monthly,,KG,2.751,2.751,4186.8525390625,xgboost_feat
Blueberry_Duke,ONLINE,NL-NB,2026-12-01,2026-12-31,Monthly,,KG,2.751,2.751,4063.221435546875,xgboost_feat
Blueberry_Duke,ONLINE,NL-NB,2027-01-01,2027-01-31,Monthly,,KG,2.751,2.751,4030.050048828125,xgboost_feat
Blueberry_Duke,ONLINE,NL-NH,2026-02-01,2026-02-28,Monthly,,KG,2.83,2.83,4177.21923828125,xgboost_feat
Blueberry_Duke,ONLINE,NL-NH,2026-03-01,2026-03-31,Monthly,,KG,2.83,2.83,4175.5947265625,xgboost_feat
Blueberry_Duke,ONLINE,NL-NH,2026-04-01,2026-04-30,Monthly,,KG,2.83,2.83,3982.24365234375,xgboost_feat
Blueberry_Duke,ONLINE,NL-NH,2026-05-01,2026-05-31,Monthly,,KG,2.83,2.83,3938.71435546875,xgboost_feat
Blueberry_Duke,ONLINE,NL-NH,2026-06-01,2026-06-30,Monthly,,KG,2.83,2.83,3586.15673828125,xgboost_feat
Blueberry_Duke,ONLINE,NL-NH,2026-07-01,2026-07-31,Monthly,,KG,2.83,2.83,3623.785400390625,xgboost_feat
Blueberry_Duke,ONLINE,NL-NH,2026-08-01,2026-08-31,Monthly,,KG,2.83,2.83,3634.954833984375,xgboost_feat
Blueberry_Duke,ONLINE,NL-NH,2026-09-01,2026-09-30,Monthly,,KG,2.83,2.83,3629.9306640625,xgboost_feat
Blueberry_Duke,ONLINE,NL-NH,2026-10-01,2026-10-31,Monthly,,KG,2.83,2.83,3935.904052734375,xgboost_feat
Blueberry_Duke,ONLINE,NL-NH,2026-11-01,2026-11-30,Monthly,,KG,2.83,2.83,4098.1474609375,xgboost_feat
Blueberry_Duke,ONLINE,NL-NH,2026-12-01,2026-12-31,Monthly,,KG,2.83,2.83,4175.19482421875,xgboost_feat
Blueberry_Duke,ONLINE,NL-NH,2027-01-01,2027-01-31,Monthly,,KG,2.83,2.83,4023.882080078125,xgboost_feat
Blueberry_Duke,ONLINE,NL-ZH,2026-02-01,2026-02-28,Monthly,,KG,2.953,2.953,4164.7255859375,xgboost_feat
Blueberry_Duke,ONLINE,NL-ZH,2026-03-01,2026-03-31,Monthly,,KG,2.953,2.953,4138.6533203125,xgboost_feat
Blueberry_Duke,ONLINE,NL-ZH,2026-04-01,2026-04-30,Monthly,,KG,2.953,2.953,4006.976318359375,xgboost_feat
Blueberry_Duke,ONLINE,NL-ZH,2026-05-01,2026-05-31,Monthly,,KG,2.953,2.953,3881.02099609375,xgboost_feat
Blueberry_Duke,ONLINE,NL-ZH,2026-06-01,2026-06-30,Monthly,,KG,2.953,2.953,3586.692138671875,xgboost_feat
Blueberry_Duke,ONLINE,NL-ZH,2026-07-01,2026-07-31,Monthly,,KG,2.953,2.953,3618.788330078125,xgboost_feat
Blueberry_Duke,ONLINE,NL-ZH,2026-08-01,2026-08-31,Monthly,,KG,2.953,2.953,3634.6728515625,xgboost_feat
Blueberry_Duke,ONLINE,NL-ZH,2026-09-01,2026-09-30,Monthly,,KG,2.953,2.953,3760.48046875,xgboost_feat
Blueberry_Duke,ONLINE,NL-ZH,2026-10-01,2026-10-31,Monthly,,KG,2.953,2.953,4037.51708984375,xgboost_feat
Blueberry_Duke,ONLINE,NL-ZH,2026-11-01,2026-11-30,Monthly,,KG,2.953,2.953,4098.18798828125,xgboost_feat
Blueberry_Duke,ONLINE,NL-ZH,2026-12-01,2026-12-31,Monthly,,KG,2.953,2.953,4171.59765625,xgboost_feat
Blueberry_Duke,ONLINE,NL-ZH,2027-01-01,2027-01-31,Monthly,,KG,2.953,2.953,4021.873291015625,xgboost_feat
Blueberry_Duke,RETAIL,NL-GE,2026-02-01,2026-02-28,Monthly,,KG,2.668,2.668,5014.50634765625,xgboost_feat
Blueberry_Duke,RETAIL,NL-GE,2026-03-01,2026-03-31,Monthly,,KG,2.668,2.668,4863.1181640625,xgboost_feat
Blueberry_Duke,RETAIL,NL-GE,2026-04-01,2026-04-30,Monthly,,KG,2.668,2.668,4783.44970703125,xgboost_feat
Blueberry_Duke,RETAIL,NL-GE,2026-05-01,2026-05-31,Monthly,,KG,2.668,2.668,4617.30322265625,xgboost_feat
Blueberry_Duke,RETAIL,NL-GE,2026-06-01,2026-06-30,Monthly,,KG,2.668,2.668,4180.974609375,xgboost_feat
Blueberry_Duke,RETAIL,NL-GE,2026-07-01,2026-07-31,Monthly,,KG,2.668,2.668,4106.7197265625,xgboost_feat
Blueberry_Duke,RETAIL,NL-GE,2026-08-01,2026-08-31,Monthly,,KG,2.668,2.668,4153.34619140625,xgboost_feat
Blueberry_Duke,RETAIL,NL-GE,2026-09-01,2026-09-30,Monthly,,KG,2.668,2.668,4183.4169921875,xgboost_feat
Blueberry_Duke,RETAIL,NL-GE,2026-10-01,2026-10-31,Monthly,,KG,2.668,2.668,4533.3017578125,xgboost_feat
Blueberry_Duke,RETAIL,NL-GE,2026-11-01,2026-11-30,Monthly,,KG,2.668,2.668,4772.755859375,xgboost_feat
Blueberry_Duke,RETAIL,NL-GE,2026-12-01,2026-12-31,Monthly,,KG,2.668,2.668,4878.35205078125,xgboost_feat
Blueberry_Duke,RETAIL,NL-GE,2027-01-01,2027-01-31,Monthly,,KG,2.668,2.668,4861.2021484375,xgboost_feat
Blueberry_Duke,RETAIL,NL-NB,2026-02-01,2026-02-28,Monthly,,KG,2.727,2.727,5006.95361328125,xgboost_feat
Blueberry_Duke,RETAIL,NL-NB,2026-03-01,2026-03-31,Monthly,,KG,2.727,2.727,4860.041015625,xgboost_feat
Blueberry_Duke,RETAIL,NL-NB,2026-04-01,2026-04-30,Monthly,,KG,2.727,2.727,4778.251953125,xgboost_feat
Blueberry_Duke,RETAIL,NL-NB,2026-05-01,2026-05-31,Monthly,,KG,2.727,2.727,4614.818359375,xgboost_feat
Blueberry_Duke,RETAIL,NL-NB,2026-06-01,2026-06-30,Monthly,,KG,2.727,2.727,4179.98583984375,xgboost_feat
Blueberry_Duke,RETAIL,NL-NB,2026-07-01,2026-07-31,Monthly,,KG,2.727,2.727,4116.27734375,xgboost_feat
Blueberry_Duke,RETAIL,NL-NB,2026-08-01,2026-08-31,Monthly,,KG,2.727,2.727,4152.80859375,xgboost_feat
Blueberry_Duke,RETAIL,NL-NB,2026-09-01,2026-09-30,Monthly,,KG,2.727,2.727,4182.11669921875,xgboost_feat
Blueberry_Duke,RETAIL,NL-NB,2026-10-01,2026-10-31,Monthly,,KG,2.727,2.727,4571.4248046875,xgboost_feat
Blueberry_Duke,RETAIL,NL-NB,2026-11-01,2026-11-30,Monthly,,KG,2.727,2.727,4788.87841796875,xgboost_feat
Blueberry_Duke,RETAIL,NL-NB,2026-12-01,2026-12-31,Monthly,,KG,2.727,2.727,4873.4345703125,xgboost_feat
Blueberry_Duke,RETAIL,NL-NB,2027-01-01,2027-01-31,Monthly,,KG,2.727,2.727,4864.9873046875,xgboost_feat
Blueberry_Duke,RETAIL,NL-NH,2026-02-01,2026-02-28,Monthly,,KG,2.818,2.818,5014.58740234375,xgboost_feat
Blueberry_Duke,RETAIL,NL-NH,2026-03-01,2026-03-31,Monthly,,KG,2.818,2.818,4859.6142578125,xgboost_feat
Blueberry_Duke,RETAIL,NL-NH,2026-04-01,2026-04-30,Monthly,,KG,2.818,2.818,4780.34765625,xgboost_feat
Blueberry_Duke,RETAIL,NL-NH,2026-05-01,2026-05-31,Monthly,,KG,2.818,2.818,4699.09814453125,xgboost_feat
Blueberry_Duke,RETAIL,NL-NH,2026-06-01,2026-06-30,Monthly,,KG,2.818,2.818,4173.40185546875,xgboost_feat
Blueberry_Duke,RETAIL,NL-NH,2026-07-01,2026-07-31,Monthly,,KG,2.818,2.818,4097.01416015625,xgboost_feat
Blueberry_Duke,RETAIL,NL-NH,2026-08-01,2026-08-31,Monthly,,KG,2.818,2.818,4015.29638671875,xgboost_feat
Blueberry_Duke,RETAIL,NL-NH,2026-09-01,2026-09-30,Monthly,,KG,2.818,2.818,4169.208984375,xgboost_feat
Blueberry_Duke,RETAIL,NL-NH,2026-10-01,2026-10-31,Monthly,,KG,2.818,2.818,4521.453125,xgboost_feat
Blueberry_Duke,RETAIL,NL-NH,2026-11-01,2026-11-30,Monthly,,KG,2.818,2.818,4738.27294921875,xgboost_feat
Blueberry_Duke,RETAIL,NL-NH,2026-12-01,2026-12-31,Monthly,,KG,2.818,2.818,4816.82177734375,xgboost_feat
Blueberry_Duke,RETAIL,NL-NH,2027-01-01,2027-01-31,Monthly,,KG,2.818,2.818,4861.20361328125,xgboost_feat
Blueberry_Duke,RETAIL,NL-ZH,2026-02-01,2026-02-28,Monthly,,KG,2.927,2.927,5014.03369140625,xgboost_feat
Blueberry_Duke,RETAIL,NL-ZH,2026-03-01,2026-03-31,Monthly,,KG,2.927,2.927,4796.4248046875,xgboost_feat
Blueberry_Duke,RETAIL,NL-ZH,2026-04-01,2026-04-30,Monthly,,KG,2.927,2.927,4780.34765625,xgboost_feat
Blueberry_Duke,RETAIL,NL-ZH,2026-05-01,2026-05-31,Monthly,,KG,2.927,2.927,4618.14111328125,xgboost_feat
Blueberry_Duke,RETAIL,NL-ZH,2026-06-01,2026-06-30,Monthly,,KG,2.927,2.927,4179.4580078125,xgboost_feat
Blueberry_Duke,RETAIL,NL-ZH,2026-07-01,2026-07-31,Monthly,,KG,2.927,2.927,4101.013671875,xgboost_feat
Blueberry_Duke,RETAIL,NL-ZH,2026-08-01,2026-08-31,Monthly,,KG,2.927,2.927,4154.84326171875,xgboost_feat
Blueberry_Duke,RETAIL,NL-ZH,2026-09-01,2026-09-30,Monthly,,KG,2.927,2.927,4184.98681640625,xgboost_feat
Blueberry_Duke,RETAIL,NL-ZH,2026-10-01,2026-10-31,Monthly,,KG,2.927,2.927,4533.8984375,xgboost_feat
Blueberry_Duke,RETAIL,NL-ZH,2026-11-01,2026-11-30,Monthly,,KG,2.927,2.927,4729.26806640625,xgboost_feat
Blueberry_Duke,RETAIL,NL-ZH,2026-12-01,2026-12-31,Monthly,,KG,2.927,2.927,4817.11962890625,xgboost_feat
Blueberry_Duke,RETAIL,NL-ZH,2027-01-01,2027-01-31,Monthly,,KG,2.927,2.927,4867.25439453125,xgboost_feat
Blueberry_Duke,WHOLESALE,NL-GE,2026-02-01,2026-02-28,Monthly,,KG,2.677,2.677,5014.50634765625,xgboost_feat
Blueberry_Duke,WHOLESALE,NL-GE,2026-03-01,2026-03-31,Monthly,,KG,2.677,2.677,4863.1181640625,xgboost_feat
Blueberry_Duke,WHOLESALE,NL-GE,2026-04-01,2026-04-30,Monthly,,KG,2.677,2.677,4803.22314453125,xgboost_feat
Blueberry_Duke,WHOLESALE,NL-GE,2026-05-01,2026-05-31,Monthly,,KG,2.677,2.677,4617.30322265625,xgboost_feat
Blueberry_Duke,WHOLESALE,NL-GE,2026-06-01,2026-06-30,Monthly,,KG,2.677,2.677,4180.974609375,xgboost_feat
Blueberry_Duke,WHOLESALE,NL-GE,2026-07-01,2026-07-31,Monthly,,KG,2.677,2.677,4101.2158203125,xgboost_feat
Blueberry_Duke,WHOLESALE,NL-GE,2026-08-01,2026-08-31,Monthly,,KG,2.677,2.677,4153.34619140625,xgboost_feat
Blueberry_Duke,WHOLESALE,NL-GE,2026-09-01,2026-09-30,Monthly,,KG,2.677,2.677,4183.4169921875,xgboost_feat
Blueberry_Duke,WHOLESALE,NL-GE,2026-10-01,2026-10-31,Monthly,,KG,2.677,2.677,4533.3017578125,xgboost_feat
Blueberry_Duke,WHOLESALE,NL-GE,2026-11-01,2026-11-30,Monthly,,KG,2.677,2.677,4772.755859375,xgboost_feat
Blueberry_Duke,WHOLESALE,NL-GE,2026-12-01,2026-12-31,Monthly,,KG,2.677,2.677,4878.35205078125,xgboost_feat
Blueberry_Duke,WHOLESALE,NL-GE,2027-01-01,2027-01-31,Monthly,,KG,2.677,2.677,4862.0751953125,xgboost_feat
Blueberry_Duke,WHOLESALE,NL-NB,2026-02-01,2026-02-28,Monthly,,KG,2.749,2.749,5012.19482421875,xgboost_feat
Blueberry_Duke,WHOLESALE,NL-NB,2026-03-01,2026-03-31,Monthly,,KG,2.749,2.749,4860.041015625,xgboost_feat
Blueberry_Duke,WHOLESALE,NL-NB,2026-04-01,2026-04-30,Monthly,,KG,2.749,2.749,4778.251953125,xgboost_feat
Blueberry_Duke,WHOLESALE,NL-NB,2026-05-01,2026-05-31,Monthly,,KG,2.749,2.749,4614.818359375,xgboost_feat
Blueberry_Duke,WHOLESALE,NL-NB,2026-06-01,2026-06-30,Monthly,,KG,2.749,2.749,4179.98583984375,xgboost_feat
Blueberry_Duke,WHOLESALE,NL-NB,2026-07-01,2026-07-31,Monthly,,KG,2.749,2.749,4116.27734375,xgboost_feat
Blueberry_Duke,WHOLESALE,NL-NB,2026-08-01,2026-08-31,Monthly,,KG,2.749,2.749,4152.80859375,xgboost_feat
Blueberry_Duke,WHOLESALE,NL-NB,2026-09-01,2026-09-30,Monthly,,KG,2.749,2.749,4182.11669921875,xgboost_feat
Blueberry_Duke,WHOLESALE,NL-NB,2026-10-01,2026-10-31,Monthly,,KG,2.749,2.749,4571.4248046875,xgboost_feat
Blueberry_Duke,WHOLESALE,NL-NB,2026-11-01,2026-11-30,Monthly,,KG,2.749,2.749,4788.87841796875,xgboost_feat
Blueberry_Duke,WHOLESALE,NL-NB,2026-12-01,2026-12-31,Monthly,,KG,2.749,2.749,4873.4345703125,xgboost_feat
Blueberry_Duke,WHOLESALE,NL-NB,2027-01-01,2027-01-31,Monthly,,KG,2.749,2.749,4864.9873046875,xgboost_feat
Blueberry_Duke,WHOLESALE,NL-NH,2026-02-01,2026-02-28,Monthly,,KG,2.876,2.876,5014.02490234375,xgboost_feat
Blueberry_Duke,WHOLESALE,NL-NH,2026-03-01,2026-03-31,Monthly,,KG,2.876,2.876,4859.6142578125,xgboost_feat
Blueberry_Duke,WHOLESALE,NL-NH,2026-04-01,2026-04-30,Monthly,,KG,2.876,2.876,4780.34765625,xgboost_feat
Blueberry_Duke,WHOLESALE,NL-NH,2026-05-01,2026-05-31,Monthly,,KG,2.876,2.876,4699.09814453125,xgboost_feat
Blueberry_Duke,WHOLESALE,NL-NH,2026-06-01,2026-06-30,Monthly,,KG,2.876,2.876,4173.40185546875,xgboost_feat
Blueberry_Duke,WHOLESALE,NL-NH,2026-07-01,2026-07-31,Monthly,,KG,2.876,2.876,4097.01416015625,xgboost_feat
Blueberry_Duke,WHOLESALE,NL-NH,2026-08-01,2026-08-31,Monthly,,KG,2.876,2.876,4015.29638671875,xgboost_feat
Blueberry_Duke,WHOLESALE,NL-NH,2026-09-01,2026-09-30,Monthly,,KG,2.876,2.876,4169.208984375,xgboost_feat
Blueberry_Duke,WHOLESALE,NL-NH,2026-10-01,2026-10-31,Monthly,,KG,2.876,2.876,4521.453125,xgboost_feat
Blueberry_Duke,WHOLESALE,NL-NH,2026-11-01,2026-11-30,Monthly,,KG,2.876,2.876,4738.27294921875,xgboost_feat
Blueberry_Duke,WHOLESALE,NL-NH,2026-12-01,2026-12-31,Monthly,,KG,2.876,2.876,4816.82177734375,xgboost_feat
Blueberry_Duke,WHOLESALE,NL-NH,2027-01-01,2027-01-31,Monthly,,KG,2.876,2.876,4861.20361328125,xgboost_feat
Blueberry_Duke,WHOLESALE,NL-ZH,2026-02-01,2026-02-28,Monthly,,KG,2.939,2.939,5008.79052734375,xgboost_feat
Blueberry_Duke,WHOLESALE,NL-ZH,2026-03-01,2026-03-31,Monthly,,KG,2.939,2.939,4796.4248046875,xgboost_feat
Blueberry_Duke,WHOLESALE,NL-ZH,2026-04-01,2026-04-30,Monthly,,KG,2.939,2.939,4780.34765625,xgboost_feat
Blueberry_Duke,WHOLESALE,NL-ZH,2026-05-01,2026-05-31,Monthly,,KG,2.939,2.939,4618.14111328125,xgboost_feat
Blueberry_Duke,WHOLESALE,NL-ZH,2026-06-01,2026-06-30,Monthly,,KG,2.939,2.939,4179.4580078125,xgboost_feat
Blueberry_Duke,WHOLESALE,NL-ZH,2026-07-01,2026-07-31,Monthly,,KG,2.939,2.939,4101.013671875,xgboost_feat
Blueberry_Duke,WHOLESALE,NL-ZH,2026-08-01,2026-08-31,Monthly,,KG,2.939,2.939,4154.84326171875,xgboost_feat
Blueberry_Duke,WHOLESALE,NL-ZH,2026-09-01,2026-09-30,Monthly,,KG,2.939,2.939,4184.98681640625,xgboost_feat
Blueberry_Duke,WHOLESALE,NL-ZH,2026-10-01,2026-10-31,Monthly,,KG,2.939,2.939,4533.8984375,xgboost_feat
Blueberry_Duke,WHOLESALE,NL-ZH,2026-11-01,2026-11-30,Monthly,,KG,2.939,2.939,4729.26806640625,xgboost_feat
Blueberry_Duke,WHOLESALE,NL-ZH,2026-12-01,2026-12-31,Monthly,,KG,2.939,2.939,4817.11962890625,xgboost_feat
Blueberry_Duke,WHOLESALE,NL-ZH,2027-01-01,2027-01-31,Monthly,,KG,2.939,2.939,4867.25439453125,xgboost_feat
Blueberry_SekoyaPop,ONLINE,NL-GE,2026-02-01,2026-02-28,Monthly,,KG,2.699,2.699,4117.8388671875,xgboost_feat
Blueberry_SekoyaPop,ONLINE,NL-GE,2026-03-01,2026-03-31,Monthly,,KG,2.699,2.699,4757.24365234375,xgboost_feat
Blueberry_SekoyaPop,ONLINE,NL-GE,2026-04-01,2026-04-30,Monthly,,KG,2.699,2.699,4139.48193359375,xgboost_feat
Blueberry_SekoyaPop,ONLINE,NL-GE,2026-05-01,2026-05-31,Monthly,,KG,2.699,2.699,4041.3662109375,xgboost_feat
Blueberry_SekoyaPop,ONLINE,NL-GE,2026-06-01,2026-06-30,Monthly,,KG,2.699,2.699,3452.22412109375,xgboost_feat
Blueberry_SekoyaPop,ONLINE,NL-GE,2026-07-01,2026-07-31,Monthly,,KG,2.699,2.699,3630.552978515625,xgboost_feat
Blueberry_SekoyaPop,ONLINE,NL-GE,2026-08-01,2026-08-31,Monthly,,KG,2.699,2.699,3777.748779296875,xgboost_feat
Blueberry_SekoyaPop,ONLINE,NL-GE,2026-09-01,2026-09-30,Monthly,,KG,2.699,2.699,3779.70166015625,xgboost_feat
Blueberry_SekoyaPop,ONLINE,NL-GE,2026-10-01,2026-10-31,Monthly,,KG,2.699,2.699,4551.03662109375,xgboost_feat
Blueberry_SekoyaPop,ONLINE,NL-GE,2026-11-01,2026-11-30,Monthly,,KG,2.699,2.699,4680.3818359375,xgboost_feat
Blueberry_SekoyaPop,ONLINE,NL-GE,2026-12-01,2026-12-31,Monthly,,KG,2.699,2.699,4742.58349609375,xgboost_feat
Blueberry_SekoyaPop,ONLINE,NL-GE,2027-01-01,2027-01-31,Monthly,,KG,2.699,2.699,4341.42578125,xgboost_feat
Blueberry_SekoyaPop,ONLINE,NL-NB,2026-02-01,2026-02-28,Monthly,,KG,2.751,2.751,4264.01611328125,xgboost_feat
Blueberry_SekoyaPop,ONLINE,NL-NB,2026-03-01,2026-03-31,Monthly,,KG,2.751,2.751,4840.93408203125,xgboost_feat
Blueberry_SekoyaPop,ONLINE,NL-NB,2026-04-01,2026-04-30,Monthly,,KG,2.751,2.751,4188.81005859375,xgboost_feat
Blueberry_SekoyaPop,ONLINE,NL-NB,2026-05-01,2026-05-31,Monthly,,KG,2.751,2.751,4088.532958984375,xgboost_feat
Blueberry_SekoyaPop,ONLINE,NL-NB,2026-06-01,2026-06-30,Monthly,,KG,2.751,2.751,3463.7978515625,xgboost_feat
Blueberry_SekoyaPop,ONLINE,NL-NB,2026-07-01,2026-07-31,Monthly,,KG,2.751,2.751,3754.919189453125,xgboost_feat
Blueberry_SekoyaPop,ONLINE,NL-NB,2026-08-01,2026-08-31,Monthly,,KG,2.751,2.751,3799.755615234375,xgboost_feat
Blueberry_SekoyaPop,ONLINE,NL-NB,2026-09-01,2026-09-30,Monthly,,KG,2.751,2.751,4127.90625,xgboost_feat
Blueberry_SekoyaPop,ONLINE,NL-NB,2026-10-01,2026-10-31,Monthly,,KG,2.751,2.751,4535.1396484375,xgboost_feat
Blueberry_SekoyaPop,ONLINE,NL-NB,2026-11-01,2026-11-30,Monthly,,KG,2.751,2.751,4709.1259765625,xgboost_feat
Blueberry_SekoyaPop,ONLINE,NL-NB,2026-12-01,2026-12-31,Monthly,,KG,2.751,2.751,4936.736328125,xgboost_feat
Blueberry_SekoyaPop,ONLINE,NL-NB,2027-01-01,2027-01-31,Monthly,,KG,2.751,2.751,4348.7451171875,xgboost_feat
Blueberry_SekoyaPop,ONLINE,NL-NH,2026-02-01,2026-02-28,Monthly,,KG,2.875,2.875,4284.3876953125,xgboost_feat
Blueberry_SekoyaPop,ONLINE,NL-NH,2026-03-01,2026-03-31,Monthly,,KG,2.875,2.875,4790.748046875,xgboost_feat
Blueberry_SekoyaPop,ONLINE,NL-NH,2026-04-01,2026-04-30,Monthly,,KG,2.875,2.875,4151.01416015625,xgboost_feat
Blueberry_SekoyaPop,ONLINE,NL-NH,2026-05-01,2026-05-31,Monthly,,KG,2.875,2.875,4154.654296875,xgboost_feat
Blueberry_SekoyaPop,ONLINE,NL-NH,2026-06-01,2026-06-30,Monthly,,KG,2.875,2.875,3451.5771484375,xgboost_feat
Blueberry_SekoyaPop,ONLINE,NL-NH,2026-07-01,2026-07-31,Monthly,,KG,2.875,2.875,3675.39990234375,xgboost_feat
Blueberry_SekoyaPop,ONLINE,NL-NH,2026-08-01,2026-08-31,Monthly,,KG,2.875,2.875,4128.564453125,xgboost_feat
Blueberry_SekoyaPop,ONLINE,NL-NH,2026-09-01,2026-09-30,Monthly,,KG,2.875,2.875,4066.0625,xgboost_feat
Blueberry_SekoyaPop,ONLINE,NL-NH,2026-10-01,2026-10-31,Monthly,,KG,2.875,2.875,4547.3046875,xgboost_feat
Blueberry_SekoyaPop,ONLINE,NL-NH,2026-11-01,2026-11-30,Monthly,,KG,2.875,2.875,4778.1904296875,xgboost_feat
Blueberry_SekoyaPop,ONLINE,NL-NH,2026-12-01,2026-12-31,Monthly,,KG,2.875,2.875,4827.66455078125,xgboost_feat
Blueberry_SekoyaPop,ONLINE,NL-NH,2027-01-01,2027-01-31,Monthly,,KG,2.875,2.875,4333.26708984375,xgboost_feat
Blueberry_SekoyaPop,ONLINE,NL-ZH,2026-02-01,2026-02-28,Monthly,,KG,2.919,2.919,4440.91455078125,xgboost_feat
Blueberry_SekoyaPop,ONLINE,NL-ZH,2026-03-01,2026-03-31,Monthly,,KG,2.919,2.919,4833.27294921875,xgboost_feat
Blueberry_SekoyaPop,ONLINE,NL-ZH,2026-04-01,2026-04-30,Monthly,,KG,2.919,2.919,4826.6669921875,xgboost_feat
Blueberry_SekoyaPop,ONLINE,NL-ZH,2026-05-01,2026-05-31,Monthly,,KG,2.919,2.919,4245.41552734375,xgboost_feat
Blueberry_SekoyaPop,ONLINE,NL-ZH,2026-06-01,2026-06-30,Monthly,,KG,2.919,2.919,3609.873291015625,xgboost_feat
Blueberry_SekoyaPop,ONLINE,NL-ZH,2026-07-01,2026-07-31,Monthly,,KG,2.919,2.919,3568.72998046875,xgboost_feat
Blueberry_SekoyaPop,ONLINE,NL-ZH,2026-08-01,2026-08-31,Monthly,,KG,2.919,2.919,4140.43115234375,xgboost_feat
Blueberry_SekoyaPop,ONLINE,NL-ZH,2026-09-01,2026-09-30,Monthly,,KG,2.919,2.919,4078.1806640625,xgboost_feat
Blueberry_SekoyaPop,ONLINE,NL-ZH,2026-10-01,2026-10-31,Monthly,,KG,2.919,2.919,4418.25244140625,xgboost_feat
Blueberry_SekoyaPop,ONLINE,NL-ZH,2026-11-01,2026-11-30,Monthly,,KG,2.919,2.919,4735.01123046875,xgboost_feat
Blueberry_SekoyaPop,ONLINE,NL-ZH,2026-12-01,2026-12-31,Monthly,,KG,2.919,2.919,4815.06298828125,xgboost_feat
Blueberry_SekoyaPop,ONLINE,NL-ZH,2027-01-01,2027-01-31,Monthly,,KG,2.919,2.919,4886.45556640625,xgboost_feat
Blueberry_SekoyaPop,RETAIL,NL-GE,2026-02-01,2026-02-28,Monthly,,KG,2.662,2.662,5014.50634765625,xgboost_feat
Blueberry_SekoyaPop,RETAIL,NL-GE,2026-03-01,2026-03-31,Monthly,,KG,2.662,2.662,4863.1181640625,xgboost_feat
Blueberry_SekoyaPop,RETAIL,NL-GE,2026-04-01,2026-04-30,Monthly,,KG,2.662,2.662,4783.44970703125,xgboost_feat
Blueberry_SekoyaPop,RETAIL,NL-GE,2026-05-01,2026-05-31,Monthly,,KG,2.662,2.662,4617.30322265625,xgboost_feat
Blueberry_SekoyaPop,RETAIL,NL-GE,2026-06-01,2026-06-30,Monthly,,KG,2.662,2.662,4180.974609375,xgboost_feat
Blueberry_SekoyaPop,RETAIL,NL-GE,2026-07-01,2026-07-31,Monthly,,KG,2.662,2.662,4106.7197265625,xgboost_feat
Blueberry_SekoyaPop,RETAIL,NL-GE,2026-08-01,2026-08-31,Monthly,,KG,2.662,2.662,4153.34619140625,xgboost_feat
Blueberry_SekoyaPop,RETAIL,NL-GE,2026-09-01,2026-09-30,Monthly,,KG,2.662,2.662,4183.4169921875,xgboost_feat
Blueberry_SekoyaPop,RETAIL,NL-GE,2026-10-01,2026-10-31,Monthly,,KG,2.662,2.662,4533.3017578125,xgboost_feat
Blueberry_SekoyaPop,RETAIL,NL-GE,2026-11-01,2026-11-30,Monthly,,KG,2.662,2.662,4772.755859375,xgboost_feat
Blueberry_SekoyaPop,RETAIL,NL-GE,2026-12-01,2026-12-31,Monthly,,KG,2.662,2.662,4878.35205078125,xgboost_feat
Blueberry_SekoyaPop,RETAIL,NL-GE,2027-01-01,2027-01-31,Monthly,,KG,2.662,2.662,4861.2021484375,xgboost_feat
Blueberry_SekoyaPop,RETAIL,NL-NB,2026-02-01,2026-02-28,Monthly,,KG,2.775,2.775,5012.19677734375,xgboost_feat
Blueberry_SekoyaPop,RETAIL,NL-NB,2026-03-01,2026-03-31,Monthly,,KG,2.775,2.775,4860.041015625,xgboost_feat
Blueberry_SekoyaPop,RETAIL,NL-NB,2026-04-01,2026-04-30,Monthly,,KG,2.775,2.775,4778.251953125,xgboost_feat
Blueberry_SekoyaPop,RETAIL,NL-NB,2026-05-01,2026-05-31,Monthly,,KG,2.775,2.775,4614.818359375,xgboost_feat
Blueberry_SekoyaPop,RETAIL,NL-NB,2026-06-01,2026-06-30,Monthly,,KG,2.775,2.775,4179.98583984375,xgboost_feat
Blueberry_SekoyaPop,RETAIL,NL-NB,2026-07-01,2026-07-31,Monthly,,KG,2.775,2.775,4116.27734375,xgboost_feat
Blueberry_SekoyaPop,RETAIL,NL-NB,2026-08-01,2026-08-31,Monthly,,KG,2.775,2.775,4152.80859375,xgboost_feat
Blueberry_SekoyaPop,RETAIL,NL-NB,2026-09-01,2026-09-30,Monthly,,KG,2.775,2.775,4182.11669921875,xgboost_feat
Blueberry_SekoyaPop,RETAIL,NL-NB,2026-10-01,2026-10-31,Monthly,,KG,2.775,2.775,4571.4248046875,xgboost_feat
Blueberry_SekoyaPop,RETAIL,NL-NB,2026-11-01,2026-11-30,Monthly,,KG,2.775,2.775,4788.87841796875,xgboost_feat
Blueberry_SekoyaPop,RETAIL,NL-NB,2026-12-01,2026-12-31,Monthly,,KG,2.775,2.775,4873.4345703125,xgboost_feat
Blueberry_SekoyaPop,RETAIL,NL-NB,2027-01-01,2027-01-31,Monthly,,KG,2.775,2.775,4864.9873046875,xgboost_feat
Blueberry_SekoyaPop,RETAIL,NL-NH,2026-02-01,2026-02-28,Monthly,,KG,2.823,2.823,5008.79052734375,xgboost_feat
Blueberry_SekoyaPop,RETAIL,NL-NH,2026-03-01,2026-03-31,Monthly,,KG,2.823,2.823,4859.6142578125,xgboost_feat
Blueberry_SekoyaPop,RETAIL,NL-NH,2026-04-01,2026-04-30,Monthly,,KG,2.823,2.823,4780.34765625,xgboost_feat
Blueberry_SekoyaPop,RETAIL,NL-NH,2026-05-01,2026-05-31,Monthly,,KG,2.823,2.823,4699.09814453125,xgboost_feat
Blueberry_SekoyaPop,RETAIL,NL-NH,2026-06-01,2026-06-30,Monthly,,KG,2.823,2.823,4173.40185546875,xgboost_feat
Blueberry_SekoyaPop,RETAIL,NL-NH,2026-07-01,2026-07-31,Monthly,,KG,2.823,2.823,4097.01416015625,xgboost_feat
Blueberry_SekoyaPop,RETAIL,NL-NH,2026-08-01,2026-08-31,Monthly,,KG,2.823,2.823,4015.29638671875,xgboost_feat
Blueberry_SekoyaPop,RETAIL,NL-NH,2026-09-01,2026-09-30,Monthly,,KG,2.823,2.823,4169.208984375,xgboost_feat
Blueberry_SekoyaPop,RETAIL,NL-NH,2026-10-01,2026-10-31,Monthly,,KG,2.823,2.823,4521.453125,xgboost_feat
Blueberry_SekoyaPop,RETAIL,NL-NH,2026-11-01,2026-11-30,Monthly,,KG,2.823,2.823,4738.27294921875,xgboost_feat
Blueberry_SekoyaPop,RETAIL,NL-NH,2026-12-01,2026-12-31,Monthly,,KG,2.823,2.823,4816.82177734375,xgboost_feat
Blueberry_SekoyaPop,RETAIL,NL-NH,2027-01-01,2027-01-31,Monthly,,KG,2.823,2.823,4861.20361328125,xgboost_feat
Blueberry_SekoyaPop,RETAIL,NL-ZH,2026-02-01,2026-02-28,Monthly,,KG,2.889,2.889,5008.79052734375,xgboost_feat
Blueberry_SekoyaPop,RETAIL,NL-ZH,2026-03-01,2026-03-31,Monthly,,KG,2.889,2.889,4796.4248046875,xgboost_feat
Blueberry_SekoyaPop,RETAIL,NL-ZH,2026-04-01,2026-04-30,Monthly,,KG,2.889,2.889,4780.34765625,xgboost_feat
Blueberry_SekoyaPop,RETAIL,NL-ZH,2026-05-01,2026-05-31,Monthly,,KG,2.889,2.889,4618.14111328125,xgboost_feat
Blueberry_SekoyaPop,RETAIL,NL-ZH,2026-06-01,2026-06-30,Monthly,,KG,2.889,2.889,4179.4580078125,xgboost_feat
Blueberry_SekoyaPop,RETAIL,NL-ZH,2026-07-01,2026-07-31,Monthly,,KG,2.889,2.889,4101.013671875,xgboost_feat
Blueberry_SekoyaPop,RETAIL,NL-ZH,2026-08-01,2026-08-31,Monthly,,KG,2.889,2.889,4154.84326171875,xgboost_feat
Blueberry_SekoyaPop,RETAIL,NL-ZH,2026-09-01,2026-09-30,Monthly,,KG,2.889,2.889,4184.98681640625,xgboost_feat
Blueberry_SekoyaPop,RETAIL,NL-ZH,2026-10-01,2026-10-31,Monthly,,KG,2.889,2.889,4533.8984375,xgboost_feat
Blueberry_SekoyaPop,RETAIL,NL-ZH,2026-11-01,2026-11-30,Monthly,,KG,2.889,2.889,4729.26806640625,xgboost_feat
Blueberry_SekoyaPop,RETAIL,NL-ZH,2026-12-01,2026-12-31,Monthly,,KG,2.889,2.889,4817.11962890625,xgboost_feat
Blueberry_SekoyaPop,RETAIL,NL-ZH,2027-01-01,2027-01-31,Monthly,,KG,2.889,2.889,4867.25439453125,xgboost_feat
Blueberry_SekoyaPop,WHOLESALE,NL-GE,2026-02-01,2026-02-28,Monthly,,KG,2.682,2.682,5014.50634765625,xgboost_feat
Blueberry_SekoyaPop,WHOLESALE,NL-GE,2026-03-01,2026-03-31,Monthly,,KG,2.682,2.682,4863.1181640625,xgboost_feat
Blueberry_SekoyaPop,WHOLESALE,NL-GE,2026-04-01,2026-04-30,Monthly,,KG,2.682,2.682,4783.44970703125,xgboost_feat
Blueberry_SekoyaPop,WHOLESALE,NL-GE,2026-05-01,2026-05-31,Monthly,,KG,2.682,2.682,4617.30322265625,xgboost_feat
Blueberry_SekoyaPop,WHOLESALE,NL-GE,2026-06-01,2026-06-30,Monthly,,KG,2.682,2.682,4180.974609375,xgboost_feat
Blueberry_SekoyaPop,WHOLESALE,NL-GE,2026-07-01,2026-07-31,Monthly,,KG,2.682,2.682,4106.7197265625,xgboost_feat
Blueberry_SekoyaPop,WHOLESALE,NL-GE,2026-08-01,2026-08-31,Monthly,,KG,2.682,2.682,4153.34619140625,xgboost_feat
Blueberry_SekoyaPop,WHOLESALE,NL-GE,2026-09-01,2026-09-30,Monthly,,KG,2.682,2.682,4183.4169921875,xgboost_feat
Blueberry_SekoyaPop,WHOLESALE,NL-GE,2026-10-01,2026-10-31,Monthly,,KG,2.682,2.682,4533.3017578125,xgboost_feat
Blueberry_SekoyaPop,WHOLESALE,NL-GE,2026-11-01,2026-11-30,Monthly,,KG,2.682,2.682,4772.755859375,xgboost_feat
Blueberry_SekoyaPop,WHOLESALE,NL-GE,2026-12-01,2026-12-31,Monthly,,KG,2.682,2.682,4878.35205078125,xgboost_feat
Blueberry_SekoyaPop,WHOLESALE,NL-GE,2027-01-01,2027-01-31,Monthly,,KG,2.682,2.682,4861.2021484375,xgboost_feat
Blueberry_SekoyaPop,WHOLESALE,NL-NB,2026-02-01,2026-02-28,Monthly,,KG,2.758,2.758,5006.48095703125,xgboost_feat
Blueberry_SekoyaPop,WHOLESALE,NL-NB,2026-03-01,2026-03-31,Monthly,,KG,2.758,2.758,4860.041015625,xgboost_feat
Blueberry_SekoyaPop,WHOLESALE,NL-NB,2026-04-01,2026-04-30,Monthly,,KG,2.758,2.758,4778.251953125,xgboost_feat
Blueberry_SekoyaPop,WHOLESALE,NL-NB,2026-05-01,2026-05-31,Monthly,,KG,2.758,2.758,4614.818359375,xgboost_feat
Blueberry_SekoyaPop,WHOLESALE,NL-NB,2026-06-01,2026-06-30,Monthly,,KG,2.758,2.758,4179.98583984375,xgboost_feat
Blueberry_SekoyaPop,WHOLESALE,NL-NB,2026-07-01,2026-07-31,Monthly,,KG,2.758,2.758,4116.27734375,xgboost_feat
Blueberry_SekoyaPop,WHOLESALE,NL-NB,2026-08-01,2026-08-31,Monthly,,KG,2.758,2.758,4152.80859375,xgboost_feat
Blueberry_SekoyaPop,WHOLESALE,NL-NB,2026-09-01,2026-09-30,Monthly,,KG,2.758,2.758,4182.11669921875,xgboost_feat
Blueberry_SekoyaPop,WHOLESALE,NL-NB,2026-10-01,2026-10-31,Monthly,,KG,2.758,2.758,4571.4248046875,xgboost_feat
Blueberry_SekoyaPop,WHOLESALE,NL-NB,2026-11-01,2026-11-30,Monthly,,KG,2.758,2.758,4788.87841796875,xgboost_feat
Blueberry_SekoyaPop,WHOLESALE,NL-NB,2026-12-01,2026-12-31,Monthly,,KG,2.758,2.758,4873.4345703125,xgboost_feat
Blueberry_SekoyaPop,WHOLESALE,NL-NB,2027-01-01,2027-01-31,Monthly,,KG,2.758,2.758,4864.9873046875,xgboost_feat
Blueberry_SekoyaPop,WHOLESALE,NL-NH,2026-02-01,2026-02-28,Monthly,,KG,2.849,2.849,5008.79052734375,xgboost_feat
Blueberry_SekoyaPop,WHOLESALE,NL-NH,2026-03-01,2026-03-31,Monthly,,KG,2.849,2.849,4859.6142578125,xgboost_feat
Blueberry_SekoyaPop,WHOLESALE,NL-NH,2026-04-01,2026-04-30,Monthly,,KG,2.849,2.849,4780.34765625,xgboost_feat
Blueberry_SekoyaPop,WHOLESALE,NL-NH,2026-05-01,2026-05-31,Monthly,,KG,2.849,2.849,4699.09814453125,xgboost_feat
Blueberry_SekoyaPop,WHOLESALE,NL-NH,2026-06-01,2026-06-30,Monthly,,KG,2.849,2.849,4173.40185546875,xgboost_feat
Blueberry_SekoyaPop,WHOLESALE,NL-NH,2026-07-01,2026-07-31,Monthly,,KG,2.849,2.849,4097.01416015625,xgboost_feat
Blueberry_SekoyaPop,WHOLESALE,NL-NH,2026-08-01,2026-08-31,Monthly,,KG,2.849,2.849,4015.29638671875,xgboost_feat
Blueberry_SekoyaPop,WHOLESALE,NL-NH,2026-09-01,2026-09-30,Monthly,,KG,2.849,2.849,4169.208984375,xgboost_feat
Blueberry_SekoyaPop,WHOLESALE,NL-NH,2026-10-01,2026-10-31,Monthly,,KG,2.849,2.849,4521.453125,xgboost_feat
Blueberry_SekoyaPop,WHOLESALE,NL-NH,2026-11-01,2026-11-30,Monthly,,KG,2.849,2.849,4738.27294921875,xgboost_feat
Blueberry_SekoyaPop,WHOLESALE,NL-NH,2026-12-01,2026-12-31,Monthly,,KG,2.849,2.849,4816.82177734375,xgboost_feat
Blueberry_SekoyaPop,WHOLESALE,NL-NH,2027-01-01,2027-01-31,Monthly,,KG,2.849,2.849,4861.20361328125,xgboost_feat
Blueberry_SekoyaPop,WHOLESALE,NL-ZH,2026-02-01,2026-02-28,Monthly,,KG,2.909,2.909,5009.34423828125,xgboost_feat
Blueberry_SekoyaPop,WHOLESALE,NL-ZH,2026-03-01,2026-03-31,Monthly,,KG,2.909,2.909,4796.4248046875,xgboost_feat
Blueberry_SekoyaPop,WHOLESALE,NL-ZH,2026-04-01,2026-04-30,Monthly,,KG,2.909,2.909,4780.34765625,xgboost_feat
Blueberry_SekoyaPop,WHOLESALE,NL-ZH,2026-05-01,2026-05-31,Monthly,,KG,2.909,2.909,4618.14111328125,xgboost_feat
Blueberry_SekoyaPop,WHOLESALE,NL-ZH,2026-06-01,2026-06-30,Monthly,,KG,2.909,2.909,4179.4580078125,xgboost_feat
Blueberry_SekoyaPop,WHOLESALE,NL-ZH,2026-07-01,2026-07-31,Monthly,,KG,2.909,2.909,4101.013671875,xgboost_feat
Blueberry_SekoyaPop,WHOLESALE,NL-ZH,2026-08-01,2026-08-31,Monthly,,KG,2.909,2.909,4154.84326171875,xgboost_feat
Blueberry_SekoyaPop,WHOLESALE,NL-ZH,2026-09-01,2026-09-30,Monthly,,KG,2.909,2.909,4184.98681640625,xgboost_feat
Blueberry_SekoyaPop,WHOLESALE,NL-ZH,2026-10-01,2026-10-31,Monthly,,KG,2.909,2.909,4533.8984375,xgboost_feat
Blueberry_SekoyaPop,WHOLESALE,NL-ZH,2026-11-01,2026-11-30,Monthly,,KG,2.909,2.909,4729.26806640625,xgboost_feat
Blueberry_SekoyaPop,WHOLESALE,NL-ZH,2026-12-01,2026-12-31,Monthly,,KG,2.909,2.909,4817.11962890625,xgboost_feat
Blueberry_SekoyaPop,WHOLESALE,NL-ZH,2027-01-01,2027-01-31,Monthly,,KG,2.909,2.909,4867.25439453125,xgboost_feat
Blueberry_Ventura,ONLINE,NL-GE,2026-02-01,2026-02-28,Monthly,,KG,2.661,2.661,4117.826171875,xgboost_feat
Blueberry_Ventura,ONLINE,NL-GE,2026-03-01,2026-03-31,Monthly,,KG,2.661,2.661,4708.27734375,xgboost_feat
Blueberry_Ventura,ONLINE,NL-GE,2026-04-01,2026-04-30,Monthly,,KG,2.661,2.661,4176.09326171875,xgboost_feat
Blueberry_Ventura,ONLINE,NL-GE,2026-05-01,2026-05-31,Monthly,,KG,2.661,2.661,4088.4208984375,xgboost_feat
Blueberry_Ventura,ONLINE,NL-GE,2026-06-01,2026-06-30,Monthly,,KG,2.661,2.661,3493.65185546875,xgboost_feat
Blueberry_Ventura,ONLINE,NL-GE,2026-07-01,2026-07-31,Monthly,,KG,2.661,2.661,3644.338134765625,xgboost_feat
Blueberry_Ventura,ONLINE,NL-GE,2026-08-01,2026-08-31,Monthly,,KG,2.661,2.661,3789.563720703125,xgboost_feat
Blueberry_Ventura,ONLINE,NL-GE,2026-09-01,2026-09-30,Monthly,,KG,2.661,2.661,4133.45361328125,xgboost_feat
Blueberry_Ventura,ONLINE,NL-GE,2026-10-01,2026-10-31,Monthly,,KG,2.661,2.661,4497.892578125,xgboost_feat
Blueberry_Ventura,ONLINE,NL-GE,2026-11-01,2026-11-30,Monthly,,KG,2.661,2.661,4709.22412109375,xgboost_feat
Blueberry_Ventura,ONLINE,NL-GE,2026-12-01,2026-12-31,Monthly,,KG,2.661,2.661,4938.4091796875,xgboost_feat
Blueberry_Ventura,ONLINE,NL-GE,2027-01-01,2027-01-31,Monthly,,KG,2.661,2.661,4343.7060546875,xgboost_feat
Blueberry_Ventura,ONLINE,NL-NB,2026-02-01,2026-02-28,Monthly,,KG,2.767,2.767,4141.7998046875,xgboost_feat
Blueberry_Ventura,ONLINE,NL-NB,2026-03-01,2026-03-31,Monthly,,KG,2.767,2.767,4704.96875,xgboost_feat
Blueberry_Ventura,ONLINE,NL-NB,2026-04-01,2026-04-30,Monthly,,KG,2.767,2.767,4186.16796875,xgboost_feat
Blueberry_Ventura,ONLINE,NL-NB,2026-05-01,2026-05-31,Monthly,,KG,2.767,2.767,4076.896728515625,xgboost_feat
Blueberry_Ventura,ONLINE,NL-NB,2026-06-01,2026-06-30,Monthly,,KG,2.767,2.767,3493.1328125,xgboost_feat
Blueberry_Ventura,ONLINE,NL-NB,2026-07-01,2026-07-31,Monthly,,KG,2.767,2.767,3754.927001953125,xgboost_feat
Blueberry_Ventura,ONLINE,NL-NB,2026-08-01,2026-08-31,Monthly,,KG,2.767,2.767,4166.2529296875,xgboost_feat
Blueberry_Ventura,ONLINE,NL-NB,2026-09-01,2026-09-30,Monthly,,KG,2.767,2.767,4076.9052734375,xgboost_feat
Blueberry_Ventura,ONLINE,NL-NB,2026-10-01,2026-10-31,Monthly,,KG,2.767,2.767,4529.21142578125,xgboost_feat
Blueberry_Ventura,ONLINE,NL-NB,2026-11-01,2026-11-30,Monthly,,KG,2.767,2.767,4834.2470703125,xgboost_feat
Blueberry_Ventura,ONLINE,NL-NB,2026-12-01,2026-12-31,Monthly,,KG,2.767,2.767,4917.46875,xgboost_feat
Blueberry_Ventura,ONLINE,NL-NB,2027-01-01,2027-01-31,Monthly,,KG,2.767,2.767,4348.9208984375,xgboost_feat
Blueberry_Ventura,ONLINE,NL-NH,2026-02-01,2026-02-28,Monthly,,KG,2.877,2.877,4445.12158203125,xgboost_feat
Blueberry_Ventura,ONLINE,NL-NH,2026-03-01,2026-03-31,Monthly,,KG,2.877,2.877,4875.53369140625,xgboost_feat
Blueberry_Ventura,ONLINE,NL-NH,2026-04-01,2026-04-30,Monthly,,KG,2.877,2.877,4327.041015625,xgboost_feat
Blueberry_Ventura,ONLINE,NL-NH,2026-05-01,2026-05-31,Monthly,,KG,2.877,2.877,4277.84130859375,xgboost_feat
Blueberry_Ventura,ONLINE,NL-NH,2026-06-01,2026-06-30,Monthly,,KG,2.877,2.877,3609.873291015625,xgboost_feat
Blueberry_Ventura,ONLINE,NL-NH,2026-07-01,2026-07-31,Monthly,,KG,2.877,2.877,3735.98486328125,xgboost_feat
Blueberry_Ventura,ONLINE,NL-NH,2026-08-01,2026-08-31,Monthly,,KG,2.877,2.877,4133.2685546875,xgboost_feat
Blueberry_Ventura,ONLINE,NL-NH,2026-09-01,2026-09-30,Monthly,,KG,2.877,2.877,4092.0263671875,xgboost_feat
Blueberry_Ventura,ONLINE,NL-NH,2026-10-01,2026-10-31,Monthly,,KG,2.877,2.877,4494.07470703125,xgboost_feat
Blueberry_Ventura,ONLINE,NL-NH,2026-11-01,2026-11-30,Monthly,,KG,2.877,2.877,4728.1787109375,xgboost_feat
Blueberry_Ventura,ONLINE,NL-NH,2026-12-01,2026-12-31,Monthly,,KG,2.877,2.877,4815.06689453125,xgboost_feat
Blueberry_Ventura,ONLINE,NL-NH,2027-01-01,2027-01-31,Monthly,,KG,2.877,2.877,4871.18994140625,xgboost_feat
Blueberry_Ventura,ONLINE,NL-ZH,2026-02-01,2026-02-28,Monthly,,KG,2.899,2.899,4440.58154296875,xgboost_feat
Blueberry_Ventura,ONLINE,NL-ZH,2026-03-01,2026-03-31,Monthly,,KG,2.899,2.899,4823.65625,xgboost_feat
Blueberry_Ventura,ONLINE,NL-ZH,2026-04-01,2026-04-30,Monthly,,KG,2.899,2.899,4814.84521484375,xgboost_feat
Blueberry_Ventura,ONLINE,NL-ZH,2026-05-01,2026-05-31,Monthly,,KG,2.899,2.899,4632.4033203125,xgboost_feat
Blueberry_Ventura,ONLINE,NL-ZH,2026-06-01,2026-06-30,Monthly,,KG,2.899,2.899,3840.61572265625,xgboost_feat
Blueberry_Ventura,ONLINE,NL-ZH,2026-07-01,2026-07-31,Monthly,,KG,2.899,2.899,3574.608642578125,xgboost_feat
Blueberry_Ventura,ONLINE,NL-ZH,2026-08-01,2026-08-31,Monthly,,KG,2.899,2.899,4126.56982421875,xgboost_feat
Blueberry_Ventura,ONLINE,NL-ZH,2026-09-01,2026-09-30,Monthly,,KG,2.899,2.899,4089.4248046875,xgboost_feat
Blueberry_Ventura,ONLINE,NL-ZH,2026-10-01,2026-10-31,Monthly,,KG,2.899,2.899,4429.197265625,xgboost_feat
Blueberry_Ventura,ONLINE,NL-ZH,2026-11-01,2026-11-30,Monthly,,KG,2.899,2.899,4732.3720703125,xgboost_feat
Blueberry_Ventura,ONLINE,NL-ZH,2026-12-01,2026-12-31,Monthly,,KG,2.899,2.899,4797.1298828125,xgboost_feat
Blueberry_Ventura,ONLINE,NL-ZH,2027-01-01,2027-01-31,Monthly,,KG,2.899,2.899,4886.55224609375,xgboost_feat
Blueberry_Ventura,RETAIL,NL-GE,2026-02-01,2026-02-28,Monthly,,KG,2.658,2.658,5008.79052734375,xgboost_feat
Blueberry_Ventura,RETAIL,NL-GE,2026-03-01,2026-03-31,Monthly,,KG,2.658,2.658,4863.1181640625,xgboost_feat
Blueberry_Ventura,RETAIL,NL-GE,2026-04-01,2026-04-30,Monthly,,KG,2.658,2.658,4783.44970703125,xgboost_feat
Blueberry_Ventura,RETAIL,NL-GE,2026-05-01,2026-05-31,Monthly,,KG,2.658,2.658,4617.30322265625,xgboost_feat
Blueberry_Ventura,RETAIL,NL-GE,2026-06-01,2026-06-30,Monthly,,KG,2.658,2.658,4180.974609375,xgboost_feat
Blueberry_Ventura,RETAIL,NL-GE,2026-07-01,2026-07-31,Monthly,,KG,2.658,2.658,4106.7197265625,xgboost_feat
Blueberry_Ventura,RETAIL,NL-GE,2026-08-01,2026-08-31,Monthly,,KG,2.658,2.658,4153.34619140625,xgboost_feat
Blueberry_Ventura,RETAIL,NL-GE,2026-09-01,2026-09-30,Monthly,,KG,2.658,2.658,4183.4169921875,xgboost_feat
Blueberry_Ventura,RETAIL,NL-GE,2026-10-01,2026-10-31,Monthly,,KG,2.658,2.658,4533.3017578125,xgboost_feat
Blueberry_Ventura,RETAIL,NL-GE,2026-11-01,2026-11-30,Monthly,,KG,2.658,2.658,4772.755859375,xgboost_feat
Blueberry_Ventura,RETAIL,NL-GE,2026-12-01,2026-12-31,Monthly,,KG,2.658,2.658,4878.35205078125,xgboost_feat
Blueberry_Ventura,RETAIL,NL-GE,2027-01-01,2027-01-31,Monthly,,KG,2.658,2.658,4861.2021484375,xgboost_feat
Blueberry_Ventura,RETAIL,NL-NB,2026-02-01,2026-02-28,Monthly,,KG,2.747,2.747,5012.19677734375,xgboost_feat
Blueberry_Ventura,RETAIL,NL-NB,2026-03-01,2026-03-31,Monthly,,KG,2.747,2.747,4860.041015625,xgboost_feat
Blueberry_Ventura,RETAIL,NL-NB,2026-04-01,2026-04-30,Monthly,,KG,2.747,2.747,4778.251953125,xgboost_feat
Blueberry_Ventura,RETAIL,NL-NB,2026-05-01,2026-05-31,Monthly,,KG,2.747,2.747,4614.818359375,xgboost_feat
Blueberry_Ventura,RETAIL,NL-NB,2026-06-01,2026-06-30,Monthly,,KG,2.747,2.747,4179.98583984375,xgboost_feat
Blueberry_Ventura,RETAIL,NL-NB,2026-07-01,2026-07-31,Monthly,,KG,2.747,2.747,4116.27734375,xgboost_feat
Blueberry_Ventura,RETAIL,NL-NB,2026-08-01,2026-08-31,Monthly,,KG,2.747,2.747,4152.80859375,xgboost_feat
Blueberry_Ventura,RETAIL,NL-NB,2026-09-01,2026-09-30,Monthly,,KG,2.747,2.747,4182.11669921875,xgboost_feat
Blueberry_Ventura,RETAIL,NL-NB,2026-10-01,2026-10-31,Monthly,,KG,2.747,2.747,4571.4248046875,xgboost_feat
Blueberry_Ventura,RETAIL,NL-NB,2026-11-01,2026-11-30,Monthly,,KG,2.747,2.747,4788.87841796875,xgboost_feat
Blueberry_Ventura,RETAIL,NL-NB,2026-12-01,2026-12-31,Monthly,,KG,2.747,2.747,4873.4345703125,xgboost_feat
Blueberry_Ventura,RETAIL,NL-NB,2027-01-01,2027-01-31,Monthly,,KG,2.747,2.747,4864.9873046875,xgboost_feat
Blueberry_Ventura,RETAIL,NL-NH,2026-02-01,2026-02-28,Monthly,,KG,2.842,2.842,5008.79052734375,xgboost_feat
Blueberry_Ventura,RETAIL,NL-NH,2026-03-01,2026-03-31,Monthly,,KG,2.842,2.842,4859.6142578125,xgboost_feat
Blueberry_Ventura,RETAIL,NL-NH,2026-04-01,2026-04-30,Monthly,,KG,2.842,2.842,4780.34765625,xgboost_feat
Blueberry_Ventura,RETAIL,NL-NH,2026-05-01,2026-05-31,Monthly,,KG,2.842,2.842,4699.09814453125,xgboost_feat
Blueberry_Ventura,RETAIL,NL-NH,2026-06-01,2026-06-30,Monthly,,KG,2.842,2.842,4173.40185546875,xgboost_feat
Blueberry_Ventura,RETAIL,NL-NH,2026-07-01,2026-07-31,Monthly,,KG,2.842,2.842,4097.01416015625,xgboost_feat
Blueberry_Ventura,RETAIL,NL-NH,2026-08-01,2026-08-31,Monthly,,KG,2.842,2.842,4015.29638671875,xgboost_feat
Blueberry_Ventura,RETAIL,NL-NH,2026-09-01,2026-09-30,Monthly,,KG,2.842,2.842,4169.208984375,xgboost_feat
Blueberry_Ventura,RETAIL,NL-NH,2026-10-01,2026-10-31,Monthly,,KG,2.842,2.842,4521.453125,xgboost_feat
Blueberry_Ventura,RETAIL,NL-NH,2026-11-01,2026-11-30,Monthly,,KG,2.842,2.842,4738.27294921875,xgboost_feat
Blueberry_Ventura,RETAIL,NL-NH,2026-12-01,2026-12-31,Monthly,,KG,2.842,2.842,4816.82177734375,xgboost_feat
Blueberry_Ventura,RETAIL,NL-NH,2027-01-01,2027-01-31,Monthly,,KG,2.842,2.842,4861.20361328125,xgboost_feat
Blueberry_Ventura,RETAIL,NL-ZH,2026-02-01,2026-02-28,Monthly,,KG,2.943,2.943,5008.79052734375,xgboost_feat
Blueberry_Ventura,RETAIL,NL-ZH,2026-03-01,2026-03-31,Monthly,,KG,2.943,2.943,4796.4248046875,xgboost_feat
Blueberry_Ventura,RETAIL,NL-ZH,2026-04-01,2026-04-30,Monthly,,KG,2.943,2.943,4780.34765625,xgboost_feat
Blueberry_Ventura,RETAIL,NL-ZH,2026-05-01,2026-05-31,Monthly,,KG,2.943,2.943,4618.14111328125,xgboost_feat
Blueberry_Ventura,RETAIL,NL-ZH,2026-06-01,2026-06-30,Monthly,,KG,2.943,2.943,4179.4580078125,xgboost_feat
Blueberry_Ventura,RETAIL,NL-ZH,2026-07-01,2026-07-31,Monthly,,KG,2.943,2.943,4101.013671875,xgboost_feat
Blueberry_Ventura,RETAIL,NL-ZH,2026-08-01,2026-08-31,Monthly,,KG,2.943,2.943,4154.84326171875,xgboost_feat
Blueberry_Ventura,RETAIL,NL-ZH,2026-09-01,2026-09-30,Monthly,,KG,2.943,2.943,4184.98681640625,xgboost_feat
Blueberry_Ventura,RETAIL,NL-ZH,2026-10-01,2026-10-31,Monthly,,KG,2.943,2.943,4533.8984375,xgboost_feat
Blueberry_Ventura,RETAIL,NL-ZH,2026-11-01,2026-11-30,Monthly,,KG,2.943,2.943,4729.26806640625,xgboost_feat
Blueberry_Ventura,RETAIL,NL-ZH,2026-12-01,2026-12-31,Monthly,,KG,2.943,2.943,4817.11962890625,xgboost_feat
Blueberry_Ventura,RETAIL,NL-ZH,2027-01-01,2027-01-31,Monthly,,KG,2.943,2.943,4867.25439453125,xgboost_feat
Blueberry_Ventura,WHOLESALE,NL-GE,2026-02-01,2026-02-28,Monthly,,KG,2.651,2.651,5008.79052734375,xgboost_feat
Blueberry_Ventura,WHOLESALE,NL-GE,2026-03-01,2026-03-31,Monthly,,KG,2.651,2.651,4863.1181640625,xgboost_feat
Blueberry_Ventura,WHOLESALE,NL-GE,2026-04-01,2026-04-30,Monthly,,KG,2.651,2.651,4783.44970703125,xgboost_feat
Blueberry_Ventura,WHOLESALE,NL-GE,2026-05-01,2026-05-31,Monthly,,KG,2.651,2.651,4617.30322265625,xgboost_feat
Blueberry_Ventura,WHOLESALE,NL-GE,2026-06-01,2026-06-30,Monthly,,KG,2.651,2.651,4180.974609375,xgboost_feat
Blueberry_Ventura,WHOLESALE,NL-GE,2026-07-01,2026-07-31,Monthly,,KG,2.651,2.651,4106.7197265625,xgboost_feat
Blueberry_Ventura,WHOLESALE,NL-GE,2026-08-01,2026-08-31,Monthly,,KG,2.651,2.651,4153.34619140625,xgboost_feat
Blueberry_Ventura,WHOLESALE,NL-GE,2026-09-01,2026-09-30,Monthly,,KG,2.651,2.651,4183.4169921875,xgboost_feat
Blueberry_Ventura,WHOLESALE,NL-GE,2026-10-01,2026-10-31,Monthly,,KG,2.651,2.651,4533.3017578125,xgboost_feat
Blueberry_Ventura,WHOLESALE,NL-GE,2026-11-01,2026-11-30,Monthly,,KG,2.651,2.651,4772.755859375,xgboost_feat
Blueberry_Ventura,WHOLESALE,NL-GE,2026-12-01,2026-12-31,Monthly,,KG,2.651,2.651,4878.35205078125,xgboost_feat
Blueberry_Ventura,WHOLESALE,NL-GE,2027-01-01,2027-01-31,Monthly,,KG,2.651,2.651,4861.2021484375,xgboost_feat
Blueberry_Ventura,WHOLESALE,NL-NB,2026-02-01,2026-02-28,Monthly,,KG,2.744,2.744,5012.19677734375,xgboost_feat
Blueberry_Ventura,WHOLESALE,NL-NB,2026-03-01,2026-03-31,Monthly,,KG,2.744,2.744,4860.041015625,xgboost_feat
Blueberry_Ventura,WHOLESALE,NL-NB,2026-04-01,2026-04-30,Monthly,,KG,2.744,2.744,4778.251953125,xgboost_feat
Blueberry_Ventura,WHOLESALE,NL-NB,2026-05-01,2026-05-31,Monthly,,KG,2.744,2.744,4614.818359375,xgboost_feat
Blueberry_Ventura,WHOLESALE,NL-NB,2026-06-01,2026-06-30,Monthly,,KG,2.744,2.744,4179.98583984375,xgboost_feat
Blueberry_Ventura,WHOLESALE,NL-NB,2026-07-01,2026-07-31,Monthly,,KG,2.744,2.744,4116.27734375,xgboost_feat
Blueberry_Ventura,WHOLESALE,NL-NB,2026-08-01,2026-08-31,Monthly,,KG,2.744,2.744,4152.80859375,xgboost_feat
Blueberry_Ventura,WHOLESALE,NL-NB,2026-09-01,2026-09-30,Monthly,,KG,2.744,2.744,4182.11669921875,xgboost_feat
Blueberry_Ventura,WHOLESALE,NL-NB,2026-10-01,2026-10-31,Monthly,,KG,2.744,2.744,4571.4248046875,xgboost_feat
Blueberry_Ventura,WHOLESALE,NL-NB,2026-11-01,2026-11-30,Monthly,,KG,2.744,2.744,4788.87841796875,xgboost_feat
Blueberry_Ventura,WHOLESALE,NL-NB,2026-12-01,2026-12-31,Monthly,,KG,2.744,2.744,4873.4345703125,xgboost_feat
Blueberry_Ventura,WHOLESALE,NL-NB,2027-01-01,2027-01-31,Monthly,,KG,2.744,2.744,4864.9873046875,xgboost_feat
Blueberry_Ventura,WHOLESALE,NL-NH,2026-02-01,2026-02-28,Monthly,,KG,2.818,2.818,5008.79052734375,xgboost_feat
Blueberry_Ventura,WHOLESALE,NL-NH,2026-03-01,2026-03-31,Monthly,,KG,2.818,2.818,4859.6142578125,xgboost_feat
Blueberry_Ventura,WHOLESALE,NL-NH,2026-04-01,2026-04-30,Monthly,,KG,2.818,2.818,4780.34765625,xgboost_feat
Blueberry_Ventura,WHOLESALE,NL-NH,2026-05-01,2026-05-31,Monthly,,KG,2.818,2.818,4699.09814453125,xgboost_feat
Blueberry_Ventura,WHOLESALE,NL-NH,2026-06-01,2026-06-30,Monthly,,KG,2.818,2.818,4173.40185546875,xgboost_feat
Blueberry_Ventura,WHOLESALE,NL-NH,2026-07-01,2026-07-31,Monthly,,KG,2.818,2.818,4097.01416015625,xgboost_feat
Blueberry_Ventura,WHOLESALE,NL-NH,2026-08-01,2026-08-31,Monthly,,KG,2.818,2.818,4015.29638671875,xgboost_feat
Blueberry_Ventura,WHOLESALE,NL-NH,2026-09-01,2026-09-30,Monthly,,KG,2.818,2.818,4169.208984375,xgboost_feat
Blueberry_Ventura,WHOLESALE,NL-NH,2026-10-01,2026-10-31,Monthly,,KG,2.818,2.818,4521.453125,xgboost_feat
Blueberry_Ventura,WHOLESALE,NL-NH,2026-11-01,2026-11-30,Monthly,,KG,2.818,2.818,4738.27294921875,xgboost_feat
Blueberry_Ventura,WHOLESALE,NL-NH,2026-12-01,2026-12-31,Monthly,,KG,2.818,2.818,4816.82177734375,xgboost_feat
Blueberry_Ventura,WHOLESALE,NL-NH,2027-01-01,2027-01-31,Monthly,,KG,2.818,2.818,4861.20361328125,xgboost_feat
Blueberry_Ventura,WHOLESALE,NL-ZH,2026-02-01,2026-02-28,Monthly,,KG,2.921,2.921,5008.79150390625,xgboost_feat
Blueberry_Ventura,WHOLESALE,NL-ZH,2026-03-01,2026-03-31,Monthly,,KG,2.921,2.921,4796.4248046875,xgboost_feat
Blueberry_Ventura,WHOLESALE,NL-ZH,2026-04-01,2026-04-30,Monthly,,KG,2.921,2.921,4780.34765625,xgboost_feat
Blueberry_Ventura,WHOLESALE,NL-ZH,2026-05-01,2026-05-31,Monthly,,KG,2.921,2.921,4618.14111328125,xgboost_feat
Blueberry_Ventura,WHOLESALE,NL-ZH,2026-06-01,2026-06-30,Monthly,,KG,2.921,2.921,4179.4580078125,xgboost_feat
Blueberry_Ventura,WHOLESALE,NL-ZH,2026-07-01,2026-07-31,Monthly,,KG,2.921,2.921,4101.013671875,xgboost_feat
Blueberry_Ventura,WHOLESALE,NL-ZH,2026-08-01,2026-08-31,Monthly,,KG,2.921,2.921,4154.84326171875,xgboost_feat
Blueberry_Ventura,WHOLESALE,NL-ZH,2026-09-01,2026-09-30,Monthly,,KG,2.921,2.921,4184.98681640625,xgboost_feat
Blueberry_Ventura,WHOLESALE,NL-ZH,2026-10-01,2026-10-31,Monthly,,KG,2.921,2.921,4533.8984375,xgboost_feat
Blueberry_Ventura,WHOLESALE,NL-ZH,2026-11-01,2026-11-30,Monthly,,KG,2.921,2.921,4729.26806640625,xgboost_feat
Blueberry_Ventura,WHOLESALE,NL-ZH,2026-12-01,2026-12-31,Monthly,,KG,2.921,2.921,4817.11962890625,xgboost_feat
Blueberry_Ventura,WHOLESALE,NL-ZH,2027-01-01,2027-01-31,Monthly,,KG,2.921,2.921,4867.25439453125,xgboost_feat
PEAR_ABATE,ONLINE,NL-GE,2026-02-01,2026-02-28,Monthly,,KG,3.065,3.065,4166.75048828125,xgboost_feat
PEAR_ABATE,ONLINE,NL-GE,2026-03-01,2026-03-31,Monthly,,KG,3.065,3.065,4001.4677734375,xgboost_feat
PEAR_ABATE,ONLINE,NL-GE,2026-04-01,2026-04-30,Monthly,,KG,3.065,3.065,3969.913818359375,xgboost_feat
PEAR_ABATE,ONLINE,NL-GE,2026-05-01,2026-05-31,Monthly,,KG,3.065,3.065,3895.2626953125,xgboost_feat
PEAR_ABATE,ONLINE,NL-GE,2026-06-01,2026-06-30,Monthly,,KG,3.065,3.065,3609.43212890625,xgboost_feat
PEAR_ABATE,ONLINE,NL-GE,2026-07-01,2026-07-31,Monthly,,KG,3.065,3.065,3627.833740234375,xgboost_feat
PEAR_ABATE,ONLINE,NL-GE,2026-08-01,2026-08-31,Monthly,,KG,3.065,3.065,3763.5810546875,xgboost_feat
PEAR_ABATE,ONLINE,NL-GE,2026-09-01,2026-09-30,Monthly,,KG,3.065,3.065,3765.07373046875,xgboost_feat
PEAR_ABATE,ONLINE,NL-GE,2026-10-01,2026-10-31,Monthly,,KG,3.065,3.065,4036.88671875,xgboost_feat
PEAR_ABATE,ONLINE,NL-GE,2026-11-01,2026-11-30,Monthly,,KG,3.065,3.065,3992.91552734375,xgboost_feat
PEAR_ABATE,ONLINE,NL-GE,2026-12-01,2026-12-31,Monthly,,KG,3.065,3.065,4043.70166015625,xgboost_feat
PEAR_ABATE,ONLINE,NL-GE,2027-01-01,2027-01-31,Monthly,,KG,3.065,3.065,4023.706787109375,xgboost_feat
PEAR_ABATE,ONLINE,NL-NB,2026-02-01,2026-02-28,Monthly,,KG,3.196,3.196,4166.76220703125,xgboost_feat
PEAR_ABATE,ONLINE,NL-NB,2026-03-01,2026-03-31,Monthly,,KG,3.196,3.196,4010.64306640625,xgboost_feat
PEAR_ABATE,ONLINE,NL-NB,2026-04-01,2026-04-30,Monthly,,KG,3.196,3.196,3999.429443359375,xgboost_feat
PEAR_ABATE,ONLINE,NL-NB,2026-05-01,2026-05-31,Monthly,,KG,3.196,3.196,3882.42236328125,xgboost_feat
PEAR_ABATE,ONLINE,NL-NB,2026-06-01,2026-06-30,Monthly,,KG,3.196,3.196,3604.666015625,xgboost_feat
PEAR_ABATE,ONLINE,NL-NB,2026-07-01,2026-07-31,Monthly,,KG,3.196,3.196,3647.0810546875,xgboost_feat
PEAR_ABATE,ONLINE,NL-NB,2026-08-01,2026-08-31,Monthly,,KG,3.196,3.196,3772.646240234375,xgboost_feat
PEAR_ABATE,ONLINE,NL-NB,2026-09-01,2026-09-30,Monthly,,KG,3.196,3.196,3779.728759765625,xgboost_feat
PEAR_ABATE,ONLINE,NL-NB,2026-10-01,2026-10-31,Monthly,,KG,3.196,3.196,4101.982421875,xgboost_feat
PEAR_ABATE,ONLINE,NL-NB,2026-11-01,2026-11-30,Monthly,,KG,3.196,3.196,4171.7236328125,xgboost_feat
PEAR_ABATE,ONLINE,NL-NB,2026-12-01,2026-12-31,Monthly,,KG,3.196,3.196,4047.81494140625,xgboost_feat
PEAR_ABATE,ONLINE,NL-NB,2027-01-01,2027-01-31,Monthly,,KG,3.196,3.196,4031.153564453125,xgboost_feat
PEAR_ABATE,ONLINE,NL-NH,2026-02-01,2026-02-28,Monthly,,KG,3.243,3.243,4167.97021484375,xgboost_feat
PEAR_ABATE,ONLINE,NL-NH,2026-03-01,2026-03-31,Monthly,,KG,3.243,3.243,4042.14501953125,xgboost_feat
PEAR_ABATE,ONLINE,NL-NH,2026-04-01,2026-04-30,Monthly,,KG,3.243,3.243,4015.012939453125,xgboost_feat
PEAR_ABATE,ONLINE,NL-NH,2026-05-01,2026-05-31,Monthly,,KG,3.243,3.243,3992.205078125,xgboost_feat
PEAR_ABATE,ONLINE,NL-NH,2026-06-01,2026-06-30,Monthly,,KG,3.243,3.243,3619.23828125,xgboost_feat
PEAR_ABATE,ONLINE,NL-NH,2026-07-01,2026-07-31,Monthly,,KG,3.243,3.243,3659.247314453125,xgboost_feat
PEAR_ABATE,ONLINE,NL-NH,2026-08-01,2026-08-31,Monthly,,KG,3.243,3.243,3763.910888671875,xgboost_feat
PEAR_ABATE,ONLINE,NL-NH,2026-09-01,2026-09-30,Monthly,,KG,3.243,3.243,3754.44580078125,xgboost_feat
PEAR_ABATE,ONLINE,NL-NH,2026-10-01,2026-10-31,Monthly,,KG,3.243,3.243,4043.94970703125,xgboost_feat
PEAR_ABATE,ONLINE,NL-NH,2026-11-01,2026-11-30,Monthly,,KG,3.243,3.243,4099.86279296875,xgboost_feat
PEAR_ABATE,ONLINE,NL-NH,2026-12-01,2026-12-31,Monthly,,KG,3.243,3.243,4164.1513671875,xgboost_feat
PEAR_ABATE,ONLINE,NL-NH,2027-01-01,2027-01-31,Monthly,,KG,3.243,3.243,4017.297607421875,xgboost_feat
PEAR_ABATE,ONLINE,NL-ZH,2026-02-01,2026-02-28,Monthly,,KG,3.385,3.385,4143.74462890625,xgboost_feat
PEAR_ABATE,ONLINE,NL-ZH,2026-03-01,2026-03-31,Monthly,,KG,3.385,3.385,3977.168701171875,xgboost_feat
PEAR_ABATE,ONLINE,NL-ZH,2026-04-01,2026-04-30,Monthly,,KG,3.385,3.385,4003.732421875,xgboost_feat
PEAR_ABATE,ONLINE,NL-ZH,2026-05-01,2026-05-31,Monthly,,KG,3.385,3.385,3874.54736328125,xgboost_feat
PEAR_ABATE,ONLINE,NL-ZH,2026-06-01,2026-06-30,Monthly,,KG,3.385,3.385,3589.098876953125,xgboost_feat
PEAR_ABATE,ONLINE,NL-ZH,2026-07-01,2026-07-31,Monthly,,KG,3.385,3.385,3625.69677734375,xgboost_feat
PEAR_ABATE,ONLINE,NL-ZH,2026-08-01,2026-08-31,Monthly,,KG,3.385,3.385,3764.728271484375,xgboost_feat
PEAR_ABATE,ONLINE,NL-ZH,2026-09-01,2026-09-30,Monthly,,KG,3.385,3.385,4161.142578125,xgboost_feat
PEAR_ABATE,ONLINE,NL-ZH,2026-10-01,2026-10-31,Monthly,,KG,3.385,3.385,4071.776611328125,xgboost_feat
PEAR_ABATE,ONLINE,NL-ZH,2026-11-01,2026-11-30,Monthly,,KG,3.385,3.385,4107.00732421875,xgboost_feat
PEAR_ABATE,ONLINE,NL-ZH,2026-12-01,2026-12-31,Monthly,,KG,3.385,3.385,4622.8291015625,xgboost_feat
PEAR_ABATE,ONLINE,NL-ZH,2027-01-01,2027-01-31,Monthly,,KG,3.385,3.385,4041.561279296875,xgboost_feat
PEAR_ABATE,RETAIL,NL-GE,2026-02-01,2026-02-28,Monthly,,KG,3.059,3.059,5008.79833984375,xgboost_feat
PEAR_ABATE,RETAIL,NL-GE,2026-03-01,2026-03-31,Monthly,,KG,3.059,3.059,4863.1181640625,xgboost_feat
PEAR_ABATE,RETAIL,NL-GE,2026-04-01,2026-04-30,Monthly,,KG,3.059,3.059,4783.44970703125,xgboost_feat
PEAR_ABATE,RETAIL,NL-GE,2026-05-01,2026-05-31,Monthly,,KG,3.059,3.059,4617.30322265625,xgboost_feat
PEAR_ABATE,RETAIL,NL-GE,2026-06-01,2026-06-30,Monthly,,KG,3.059,3.059,4180.974609375,xgboost_feat
PEAR_ABATE,RETAIL,NL-GE,2026-07-01,2026-07-31,Monthly,,KG,3.059,3.059,4106.7197265625,xgboost_feat
PEAR_ABATE,RETAIL,NL-GE,2026-08-01,2026-08-31,Monthly,,KG,3.059,3.059,4153.34619140625,xgboost_feat
PEAR_ABATE,RETAIL,NL-GE,2026-09-01,2026-09-30,Monthly,,KG,3.059,3.059,4183.4169921875,xgboost_feat
PEAR_ABATE,RETAIL,NL-GE,2026-10-01,2026-10-31,Monthly,,KG,3.059,3.059,4533.3017578125,xgboost_feat
PEAR_ABATE,RETAIL,NL-GE,2026-11-01,2026-11-30,Monthly,,KG,3.059,3.059,4772.755859375,xgboost_feat
PEAR_ABATE,RETAIL,NL-GE,2026-12-01,2026-12-31,Monthly,,KG,3.059,3.059,4878.35205078125,xgboost_feat
PEAR_ABATE,RETAIL,NL-GE,2027-01-01,2027-01-31,Monthly,,KG,3.059,3.059,4861.2021484375,xgboost_feat
PEAR_ABATE,RETAIL,NL-NB,2026-02-01,2026-02-28,Monthly,,KG,3.156,3.156,5006.51416015625,xgboost_feat
PEAR_ABATE,RETAIL,NL-NB,2026-03-01,2026-03-31,Monthly,,KG,3.156,3.156,4860.041015625,xgboost_feat
PEAR_ABATE,RETAIL,NL-NB,2026-04-01,2026-04-30,Monthly,,KG,3.156,3.156,4778.251953125,xgboost_feat
PEAR_ABATE,RETAIL,NL-NB,2026-05-01,2026-05-31,Monthly,,KG,3.156,3.156,4614.818359375,xgboost_feat
PEAR_ABATE,RETAIL,NL-NB,2026-06-01,2026-06-30,Monthly,,KG,3.156,3.156,4179.98583984375,xgboost_feat
PEAR_ABATE,RETAIL,NL-NB,2026-07-01,2026-07-31,Monthly,,KG,3.156,3.156,4116.27734375,xgboost_feat
PEAR_ABATE,RETAIL,NL-NB,2026-08-01,2026-08-31,Monthly,,KG,3.156,3.156,4152.80859375,xgboost_feat
PEAR_ABATE,RETAIL,NL-NB,2026-09-01,2026-09-30,Monthly,,KG,3.156,3.156,4182.11669921875,xgboost_feat
PEAR_ABATE,RETAIL,NL-NB,2026-10-01,2026-10-31,Monthly,,KG,3.156,3.156,4571.4248046875,xgboost_feat
PEAR_ABATE,RETAIL,NL-NB,2026-11-01,2026-11-30,Monthly,,KG,3.156,3.156,4788.87841796875,xgboost_feat
PEAR_ABATE,RETAIL,NL-NB,2026-12-01,2026-12-31,Monthly,,KG,3.156,3.156,4873.4345703125,xgboost_feat
PEAR_ABATE,RETAIL,NL-NB,2027-01-01,2027-01-31,Monthly,,KG,3.156,3.156,4864.9873046875,xgboost_feat
PEAR_ABATE,RETAIL,NL-NH,2026-02-01,2026-02-28,Monthly,,KG,3.264,3.264,5008.79833984375,xgboost_feat
PEAR_ABATE,RETAIL,NL-NH,2026-03-01,2026-03-31,Monthly,,KG,3.264,3.264,4859.6142578125,xgboost_feat
PEAR_ABATE,RETAIL,NL-NH,2026-04-01,2026-04-30,Monthly,,KG,3.264,3.264,4780.34765625,xgboost_feat
PEAR_ABATE,RETAIL,NL-NH,2026-05-01,2026-05-31,Monthly,,KG,3.264,3.264,4699.09814453125,xgboost_feat
PEAR_ABATE,RETAIL,NL-NH,2026-06-01,2026-06-30,Monthly,,KG,3.264,3.264,4173.40185546875,xgboost_feat
PEAR_ABATE,RETAIL,NL-NH,2026-07-01,2026-07-31,Monthly,,KG,3.264,3.264,4097.01416015625,xgboost_feat
PEAR_ABATE,RETAIL,NL-NH,2026-08-01,2026-08-31,Monthly,,KG,3.264,3.264,4015.29638671875,xgboost_feat
PEAR_ABATE,RETAIL,NL-NH,2026-09-01,2026-09-30,Monthly,,KG,3.264,3.264,4169.208984375,xgboost_feat
PEAR_ABATE,RETAIL,NL-NH,2026-10-01,2026-10-31,Monthly,,KG,3.264,3.264,4521.453125,xgboost_feat
PEAR_ABATE,RETAIL,NL-NH,2026-11-01,2026-11-30,Monthly,,KG,3.264,3.264,4738.27294921875,xgboost_feat
PEAR_ABATE,RETAIL,NL-NH,2026-12-01,2026-12-31,Monthly,,KG,3.264,3.264,4816.82177734375,xgboost_feat
PEAR_ABATE,RETAIL,NL-NH,2027-01-01,2027-01-31,Monthly,,KG,3.264,3.264,4861.20361328125,xgboost_feat
PEAR_ABATE,RETAIL,NL-ZH,2026-02-01,2026-02-28,Monthly,,KG,3.378,3.378,5008.79833984375,xgboost_feat
PEAR_ABATE,RETAIL,NL-ZH,2026-03-01,2026-03-31,Monthly,,KG,3.378,3.378,4796.4248046875,xgboost_feat
PEAR_ABATE,RETAIL,NL-ZH,2026-04-01,2026-04-30,Monthly,,KG,3.378,3.378,4780.34765625,xgboost_feat
PEAR_ABATE,RETAIL,NL-ZH,2026-05-01,2026-05-31,Monthly,,KG,3.378,3.378,4618.14111328125,xgboost_feat
PEAR_ABATE,RETAIL,NL-ZH,2026-06-01,2026-06-30,Monthly,,KG,3.378,3.378,4179.4580078125,xgboost_feat
PEAR_ABATE,RETAIL,NL-ZH,2026-07-01,2026-07-31,Monthly,,KG,3.378,3.378,4101.013671875,xgboost_feat
PEAR_ABATE,RETAIL,NL-ZH,2026-08-01,2026-08-31,Monthly,,KG,3.378,3.378,4154.84326171875,xgboost_feat
PEAR_ABATE,RETAIL,NL-ZH,2026-09-01,2026-09-30,Monthly,,KG,3.378,3.378,4184.98681640625,xgboost_feat
PEAR_ABATE,RETAIL,NL-ZH,2026-10-01,2026-10-31,Monthly,,KG,3.378,3.378,4533.8984375,xgboost_feat
PEAR_ABATE,RETAIL,NL-ZH,2026-11-01,2026-11-30,Monthly,,KG,3.378,3.378,4729.26806640625,xgboost_feat
PEAR_ABATE,RETAIL,NL-ZH,2026-12-01,2026-12-31,Monthly,,KG,3.378,3.378,4817.11962890625,xgboost_feat
PEAR_ABATE,RETAIL,NL-ZH,2027-01-01,2027-01-31,Monthly,,KG,3.378,3.378,4867.25439453125,xgboost_feat
PEAR_ABATE,WHOLESALE,NL-GE,2026-02-01,2026-02-28,Monthly,,KG,3.076,3.076,5009.26318359375,xgboost_feat
PEAR_ABATE,WHOLESALE,NL-GE,2026-03-01,2026-03-31,Monthly,,KG,3.076,3.076,4863.1181640625,xgboost_feat
PEAR_ABATE,WHOLESALE,NL-GE,2026-04-01,2026-04-30,Monthly,,KG,3.076,3.076,4803.22314453125,xgboost_feat
PEAR_ABATE,WHOLESALE,NL-GE,2026-05-01,2026-05-31,Monthly,,KG,3.076,3.076,4617.30322265625,xgboost_feat
PEAR_ABATE,WHOLESALE,NL-GE,2026-06-01,2026-06-30,Monthly,,KG,3.076,3.076,4180.97265625,xgboost_feat
PEAR_ABATE,WHOLESALE,NL-GE,2026-07-01,2026-07-31,Monthly,,KG,3.076,3.076,4101.2119140625,xgboost_feat
PEAR_ABATE,WHOLESALE,NL-GE,2026-08-01,2026-08-31,Monthly,,KG,3.076,3.076,4153.34619140625,xgboost_feat
PEAR_ABATE,WHOLESALE,NL-GE,2026-09-01,2026-09-30,Monthly,,KG,3.076,3.076,4183.4169921875,xgboost_feat
PEAR_ABATE,WHOLESALE,NL-GE,2026-10-01,2026-10-31,Monthly,,KG,3.076,3.076,4533.3017578125,xgboost_feat
PEAR_ABATE,WHOLESALE,NL-GE,2026-11-01,2026-11-30,Monthly,,KG,3.076,3.076,4772.755859375,xgboost_feat
PEAR_ABATE,WHOLESALE,NL-GE,2026-12-01,2026-12-31,Monthly,,KG,3.076,3.076,4878.35205078125,xgboost_feat
PEAR_ABATE,WHOLESALE,NL-GE,2027-01-01,2027-01-31,Monthly,,KG,3.076,3.076,4862.0751953125,xgboost_feat
PEAR_ABATE,WHOLESALE,NL-NB,2026-02-01,2026-02-28,Monthly,,KG,3.166,3.166,5006.47900390625,xgboost_feat
PEAR_ABATE,WHOLESALE,NL-NB,2026-03-01,2026-03-31,Monthly,,KG,3.166,3.166,4860.041015625,xgboost_feat
PEAR_ABATE,WHOLESALE,NL-NB,2026-04-01,2026-04-30,Monthly,,KG,3.166,3.166,4778.234375,xgboost_feat
PEAR_ABATE,WHOLESALE,NL-NB,2026-05-01,2026-05-31,Monthly,,KG,3.166,3.166,4614.818359375,xgboost_feat
PEAR_ABATE,WHOLESALE,NL-NB,2026-06-01,2026-06-30,Monthly,,KG,3.166,3.166,4179.98583984375,xgboost_feat
PEAR_ABATE,WHOLESALE,NL-NB,2026-07-01,2026-07-31,Monthly,,KG,3.166,3.166,4111.1181640625,xgboost_feat
PEAR_ABATE,WHOLESALE,NL-NB,2026-08-01,2026-08-31,Monthly,,KG,3.166,3.166,4152.80859375,xgboost_feat
PEAR_ABATE,WHOLESALE,NL-NB,2026-09-01,2026-09-30,Monthly,,KG,3.166,3.166,4182.11669921875,xgboost_feat
PEAR_ABATE,WHOLESALE,NL-NB,2026-10-01,2026-10-31,Monthly,,KG,3.166,3.166,4571.4248046875,xgboost_feat
PEAR_ABATE,WHOLESALE,NL-NB,2026-11-01,2026-11-30,Monthly,,KG,3.166,3.166,4788.87841796875,xgboost_feat
PEAR_ABATE,WHOLESALE,NL-NB,2026-12-01,2026-12-31,Monthly,,KG,3.166,3.166,4873.4345703125,xgboost_feat
PEAR_ABATE,WHOLESALE,NL-NB,2027-01-01,2027-01-31,Monthly,,KG,3.166,3.166,4865.1220703125,xgboost_feat
PEAR_ABATE,WHOLESALE,NL-NH,2026-02-01,2026-02-28,Monthly,,KG,3.241,3.241,5008.79052734375,xgboost_feat
PEAR_ABATE,WHOLESALE,NL-NH,2026-03-01,2026-03-31,Monthly,,KG,3.241,3.241,4859.6142578125,xgboost_feat
PEAR_ABATE,WHOLESALE,NL-NH,2026-04-01,2026-04-30,Monthly,,KG,3.241,3.241,4780.34765625,xgboost_feat
PEAR_ABATE,WHOLESALE,NL-NH,2026-05-01,2026-05-31,Monthly,,KG,3.241,3.241,4699.09814453125,xgboost_feat
PEAR_ABATE,WHOLESALE,NL-NH,2026-06-01,2026-06-30,Monthly,,KG,3.241,3.241,4173.40185546875,xgboost_feat
PEAR_ABATE,WHOLESALE,NL-NH,2026-07-01,2026-07-31,Monthly,,KG,3.241,3.241,4097.01416015625,xgboost_feat
PEAR_ABATE,WHOLESALE,NL-NH,2026-08-01,2026-08-31,Monthly,,KG,3.241,3.241,4015.29638671875,xgboost_feat
PEAR_ABATE,WHOLESALE,NL-NH,2026-09-01,2026-09-30,Monthly,,KG,3.241,3.241,4169.208984375,xgboost_feat
PEAR_ABATE,WHOLESALE,NL-NH,2026-10-01,2026-10-31,Monthly,,KG,3.241,3.241,4521.453125,xgboost_feat
PEAR_ABATE,WHOLESALE,NL-NH,2026-11-01,2026-11-30,Monthly,,KG,3.241,3.241,4738.27294921875,xgboost_feat
PEAR_ABATE,WHOLESALE,NL-NH,2026-12-01,2026-12-31,Monthly,,KG,3.241,3.241,4816.82177734375,xgboost_feat
PEAR_ABATE,WHOLESALE,NL-NH,2027-01-01,2027-01-31,Monthly,,KG,3.241,3.241,4861.20361328125,xgboost_feat
PEAR_ABATE,WHOLESALE,NL-ZH,2026-02-01,2026-02-28,Monthly,,KG,3.355,3.355,5008.79833984375,xgboost_feat
PEAR_ABATE,WHOLESALE,NL-ZH,2026-03-01,2026-03-31,Monthly,,KG,3.355,3.355,4796.4248046875,xgboost_feat
PEAR_ABATE,WHOLESALE,NL-ZH,2026-04-01,2026-04-30,Monthly,,KG,3.355,3.355,4780.34765625,xgboost_feat
PEAR_ABATE,WHOLESALE,NL-ZH,2026-05-01,2026-05-31,Monthly,,KG,3.355,3.355,4618.14111328125,xgboost_feat
PEAR_ABATE,WHOLESALE,NL-ZH,2026-06-01,2026-06-30,Monthly,,KG,3.355,3.355,4179.4580078125,xgboost_feat
PEAR_ABATE,WHOLESALE,NL-ZH,2026-07-01,2026-07-31,Monthly,,KG,3.355,3.355,4101.013671875,xgboost_feat
PEAR_ABATE,WHOLESALE,NL-ZH,2026-08-01,2026-08-31,Monthly,,KG,3.355,3.355,4154.84326171875,xgboost_feat
PEAR_ABATE,WHOLESALE,NL-ZH,2026-09-01,2026-09-30,Monthly,,KG,3.355,3.355,4184.98681640625,xgboost_feat
PEAR_ABATE,WHOLESALE,NL-ZH,2026-10-01,2026-10-31,Monthly,,KG,3.355,3.355,4533.8984375,xgboost_feat
PEAR_ABATE,WHOLESALE,NL-ZH,2026-11-01,2026-11-30,Monthly,,KG,3.355,3.355,4729.26806640625,xgboost_feat
PEAR_ABATE,WHOLESALE,NL-ZH,2026-12-01,2026-12-31,Monthly,,KG,3.355,3.355,4817.11962890625,xgboost_feat
PEAR_ABATE,WHOLESALE,NL-ZH,2027-01-01,2027-01-31,Monthly,,KG,3.355,3.355,4867.25439453125,xgboost_feat
PEAR_COMICE,ONLINE,NL-GE,2026-02-01,2026-02-28,Monthly,,KG,3.043,3.043,4160.576171875,xgboost_feat
PEAR_COMICE,ONLINE,NL-GE,2026-03-01,2026-03-31,Monthly,,KG,3.043,3.043,4078.801513671875,xgboost_feat
PEAR_COMICE,ONLINE,NL-GE,2026-04-01,2026-04-30,Monthly,,KG,3.043,3.043,4000.597900390625,xgboost_feat
PEAR_COMICE,ONLINE,NL-GE,2026-05-01,2026-05-31,Monthly,,KG,3.043,3.043,3872.87109375,xgboost_feat
PEAR_COMICE,ONLINE,NL-GE,2026-06-01,2026-06-30,Monthly,,KG,3.043,3.043,3602.657958984375,xgboost_feat
PEAR_COMICE,ONLINE,NL-GE,2026-07-01,2026-07-31,Monthly,,KG,3.043,3.043,3630.3515625,xgboost_feat
PEAR_COMICE,ONLINE,NL-GE,2026-08-01,2026-08-31,Monthly,,KG,3.043,3.043,4145.87255859375,xgboost_feat
PEAR_COMICE,ONLINE,NL-GE,2026-09-01,2026-09-30,Monthly,,KG,3.043,3.043,4127.29150390625,xgboost_feat
PEAR_COMICE,ONLINE,NL-GE,2026-10-01,2026-10-31,Monthly,,KG,3.043,3.043,4516.677734375,xgboost_feat
PEAR_COMICE,ONLINE,NL-GE,2026-11-01,2026-11-30,Monthly,,KG,3.043,3.043,4814.25390625,xgboost_feat
PEAR_COMICE,ONLINE,NL-GE,2026-12-01,2026-12-31,Monthly,,KG,3.043,3.043,4904.9189453125,xgboost_feat
PEAR_COMICE,ONLINE,NL-GE,2027-01-01,2027-01-31,Monthly,,KG,3.043,3.043,4179.67529296875,xgboost_feat
PEAR_COMICE,ONLINE,NL-NB,2026-02-01,2026-02-28,Monthly,,KG,3.164,3.164,4111.80859375,xgboost_feat
PEAR_COMICE,ONLINE,NL-NB,2026-03-01,2026-03-31,Monthly,,KG,3.164,3.164,4060.26708984375,xgboost_feat
PEAR_COMICE,ONLINE,NL-NB,2026-04-01,2026-04-30,Monthly,,KG,3.164,3.164,4026.0234375,xgboost_feat
PEAR_COMICE,ONLINE,NL-NB,2026-05-01,2026-05-31,Monthly,,KG,3.164,3.164,3899.881591796875,xgboost_feat
PEAR_COMICE,ONLINE,NL-NB,2026-06-01,2026-06-30,Monthly,,KG,3.164,3.164,3610.828857421875,xgboost_feat
PEAR_COMICE,ONLINE,NL-NB,2026-07-01,2026-07-31,Monthly,,KG,3.164,3.164,3646.080810546875,xgboost_feat
PEAR_COMICE,ONLINE,NL-NB,2026-08-01,2026-08-31,Monthly,,KG,3.164,3.164,4164.9189453125,xgboost_feat
PEAR_COMICE,ONLINE,NL-NB,2026-09-01,2026-09-30,Monthly,,KG,3.164,3.164,4126.1298828125,xgboost_feat
PEAR_COMICE,ONLINE,NL-NB,2026-10-01,2026-10-31,Monthly,,KG,3.164,3.164,4551.12744140625,xgboost_feat
PEAR_COMICE,ONLINE,NL-NB,2026-11-01,2026-11-30,Monthly,,KG,3.164,3.164,4824.43505859375,xgboost_feat
PEAR_COMICE,ONLINE,NL-NB,2026-12-01,2026-12-31,Monthly,,KG,3.164,3.164,4908.5517578125,xgboost_feat
PEAR_COMICE,ONLINE,NL-NB,2027-01-01,2027-01-31,Monthly,,KG,3.164,3.164,4345.505859375,xgboost_feat
PEAR_COMICE,ONLINE,NL-NH,2026-02-01,2026-02-28,Monthly,,KG,3.267,3.267,4096.9384765625,xgboost_feat
PEAR_COMICE,ONLINE,NL-NH,2026-03-01,2026-03-31,Monthly,,KG,3.267,3.267,4152.9228515625,xgboost_feat
PEAR_COMICE,ONLINE,NL-NH,2026-04-01,2026-04-30,Monthly,,KG,3.267,3.267,4049.57275390625,xgboost_feat
PEAR_COMICE,ONLINE,NL-NH,2026-05-01,2026-05-31,Monthly,,KG,3.267,3.267,3979.966552734375,xgboost_feat
PEAR_COMICE,ONLINE,NL-NH,2026-06-01,2026-06-30,Monthly,,KG,3.267,3.267,3620.84228515625,xgboost_feat
PEAR_COMICE,ONLINE,NL-NH,2026-07-01,2026-07-31,Monthly,,KG,3.267,3.267,3739.91064453125,xgboost_feat
PEAR_COMICE,ONLINE,NL-NH,2026-08-01,2026-08-31,Monthly,,KG,3.267,3.267,4209.279296875,xgboost_feat
PEAR_COMICE,ONLINE,NL-NH,2026-09-01,2026-09-30,Monthly,,KG,3.267,3.267,4109.5,xgboost_feat
PEAR_COMICE,ONLINE,NL-NH,2026-10-01,2026-10-31,Monthly,,KG,3.267,3.267,4548.04296875,xgboost_feat
PEAR_COMICE,ONLINE,NL-NH,2026-11-01,2026-11-30,Monthly,,KG,3.267,3.267,4773.3203125,xgboost_feat
PEAR_COMICE,ONLINE,NL-NH,2026-12-01,2026-12-31,Monthly,,KG,3.267,3.267,4815.919921875,xgboost_feat
PEAR_COMICE,ONLINE,NL-NH,2027-01-01,2027-01-31,Monthly,,KG,3.267,3.267,4329.88037109375,xgboost_feat
PEAR_COMICE,ONLINE,NL-ZH,2026-02-01,2026-02-28,Monthly,,KG,3.368,3.368,4246.4248046875,xgboost_feat
PEAR_COMICE,ONLINE,NL-ZH,2026-03-01,2026-03-31,Monthly,,KG,3.368,3.368,4287.6806640625,xgboost_feat
PEAR_COMICE,ONLINE,NL-ZH,2026-04-01,2026-04-30,Monthly,,KG,3.368,3.368,4305.3505859375,xgboost_feat
PEAR_COMICE,ONLINE,NL-ZH,2026-05-01,2026-05-31,Monthly,,KG,3.368,3.368,4036.497802734375,xgboost_feat
PEAR_COMICE,ONLINE,NL-ZH,2026-06-01,2026-06-30,Monthly,,KG,3.368,3.368,3791.9736328125,xgboost_feat
PEAR_COMICE,ONLINE,NL-ZH,2026-07-01,2026-07-31,Monthly,,KG,3.368,3.368,3756.01123046875,xgboost_feat
PEAR_COMICE,ONLINE,NL-ZH,2026-08-01,2026-08-31,Monthly,,KG,3.368,3.368,4185.0869140625,xgboost_feat
PEAR_COMICE,ONLINE,NL-ZH,2026-09-01,2026-09-30,Monthly,,KG,3.368,3.368,4147.1318359375,xgboost_feat
PEAR_COMICE,ONLINE,NL-ZH,2026-10-01,2026-10-31,Monthly,,KG,3.368,3.368,4495.71484375,xgboost_feat
PEAR_COMICE,ONLINE,NL-ZH,2026-11-01,2026-11-30,Monthly,,KG,3.368,3.368,4778.15771484375,xgboost_feat
PEAR_COMICE,ONLINE,NL-ZH,2026-12-01,2026-12-31,Monthly,,KG,3.368,3.368,4806.953125,xgboost_feat
PEAR_COMICE,ONLINE,NL-ZH,2027-01-01,2027-01-31,Monthly,,KG,3.368,3.368,4826.64501953125,xgboost_feat
PEAR_COMICE,RETAIL,NL-GE,2026-02-01,2026-02-28,Monthly,,KG,3.004,3.004,5008.79833984375,xgboost_feat
PEAR_COMICE,RETAIL,NL-GE,2026-03-01,2026-03-31,Monthly,,KG,3.004,3.004,4863.1181640625,xgboost_feat
PEAR_COMICE,RETAIL,NL-GE,2026-04-01,2026-04-30,Monthly,,KG,3.004,3.004,4783.44970703125,xgboost_feat
PEAR_COMICE,RETAIL,NL-GE,2026-05-01,2026-05-31,Monthly,,KG,3.004,3.004,4617.30322265625,xgboost_feat
PEAR_COMICE,RETAIL,NL-GE,2026-06-01,2026-06-30,Monthly,,KG,3.004,3.004,4180.974609375,xgboost_feat
PEAR_COMICE,RETAIL,NL-GE,2026-07-01,2026-07-31,Monthly,,KG,3.004,3.004,4106.7197265625,xgboost_feat
PEAR_COMICE,RETAIL,NL-GE,2026-08-01,2026-08-31,Monthly,,KG,3.004,3.004,4153.34619140625,xgboost_feat
PEAR_COMICE,RETAIL,NL-GE,2026-09-01,2026-09-30,Monthly,,KG,3.004,3.004,4183.4169921875,xgboost_feat
PEAR_COMICE,RETAIL,NL-GE,2026-10-01,2026-10-31,Monthly,,KG,3.004,3.004,4533.3017578125,xgboost_feat
PEAR_COMICE,RETAIL,NL-GE,2026-11-01,2026-11-30,Monthly,,KG,3.004,3.004,4772.755859375,xgboost_feat
PEAR_COMICE,RETAIL,NL-GE,2026-12-01,2026-12-31,Monthly,,KG,3.004,3.004,4878.35205078125,xgboost_feat
PEAR_COMICE,RETAIL,NL-GE,2027-01-01,2027-01-31,Monthly,,KG,3.004,3.004,4861.2021484375,xgboost_feat
PEAR_COMICE,RETAIL,NL-NB,2026-02-01,2026-02-28,Monthly,,KG,3.17,3.17,5006.51416015625,xgboost_feat
PEAR_COMICE,RETAIL,NL-NB,2026-03-01,2026-03-31,Monthly,,KG,3.17,3.17,4860.041015625,xgboost_feat
PEAR_COMICE,RETAIL,NL-NB,2026-04-01,2026-04-30,Monthly,,KG,3.17,3.17,4778.251953125,xgboost_feat
PEAR_COMICE,RETAIL,NL-NB,2026-05-01,2026-05-31,Monthly,,KG,3.17,3.17,4614.818359375,xgboost_feat
PEAR_COMICE,RETAIL,NL-NB,2026-06-01,2026-06-30,Monthly,,KG,3.17,3.17,4179.98583984375,xgboost_feat
PEAR_COMICE,RETAIL,NL-NB,2026-07-01,2026-07-31,Monthly,,KG,3.17,3.17,4116.27734375,xgboost_feat
PEAR_COMICE,RETAIL,NL-NB,2026-08-01,2026-08-31,Monthly,,KG,3.17,3.17,4152.80859375,xgboost_feat
PEAR_COMICE,RETAIL,NL-NB,2026-09-01,2026-09-30,Monthly,,KG,3.17,3.17,4182.11669921875,xgboost_feat
PEAR_COMICE,RETAIL,NL-NB,2026-10-01,2026-10-31,Monthly,,KG,3.17,3.17,4571.4248046875,xgboost_feat
PEAR_COMICE,RETAIL,NL-NB,2026-11-01,2026-11-30,Monthly,,KG,3.17,3.17,4788.87841796875,xgboost_feat
PEAR_COMICE,RETAIL,NL-NB,2026-12-01,2026-12-31,Monthly,,KG,3.17,3.17,4873.4345703125,xgboost_feat
PEAR_COMICE,RETAIL,NL-NB,2027-01-01,2027-01-31,Monthly,,KG,3.17,3.17,4864.9873046875,xgboost_feat
PEAR_COMICE,RETAIL,NL-NH,2026-02-01,2026-02-28,Monthly,,KG,3.275,3.275,5008.79833984375,xgboost_feat
PEAR_COMICE,RETAIL,NL-NH,2026-03-01,2026-03-31,Monthly,,KG,3.275,3.275,4859.6142578125,xgboost_feat
PEAR_COMICE,RETAIL,NL-NH,2026-04-01,2026-04-30,Monthly,,KG,3.275,3.275,4780.34765625,xgboost_feat
PEAR_COMICE,RETAIL,NL-NH,2026-05-01,2026-05-31,Monthly,,KG,3.275,3.275,4699.09814453125,xgboost_feat
PEAR_COMICE,RETAIL,NL-NH,2026-06-01,2026-06-30,Monthly,,KG,3.275,3.275,4173.40185546875,xgboost_feat
PEAR_COMICE,RETAIL,NL-NH,2026-07-01,2026-07-31,Monthly,,KG,3.275,3.275,4097.01416015625,xgboost_feat
PEAR_COMICE,RETAIL,NL-NH,2026-08-01,2026-08-31,Monthly,,KG,3.275,3.275,4015.29638671875,xgboost_feat
PEAR_COMICE,RETAIL,NL-NH,2026-09-01,2026-09-30,Monthly,,KG,3.275,3.275,4169.208984375,xgboost_feat
PEAR_COMICE,RETAIL,NL-NH,2026-10-01,2026-10-31,Monthly,,KG,3.275,3.275,4521.453125,xgboost_feat
PEAR_COMICE,RETAIL,NL-NH,2026-11-01,2026-11-30,Monthly,,KG,3.275,3.275,4738.27294921875,xgboost_feat
PEAR_COMICE,RETAIL,NL-NH,2026-12-01,2026-12-31,Monthly,,KG,3.275,3.275,4816.82177734375,xgboost_feat
PEAR_COMICE,RETAIL,NL-NH,2027-01-01,2027-01-31,Monthly,,KG,3.275,3.275,4861.20361328125,xgboost_feat
PEAR_COMICE,RETAIL,NL-ZH,2026-02-01,2026-02-28,Monthly,,KG,3.323,3.323,5008.79833984375,xgboost_feat
PEAR_COMICE,RETAIL,NL-ZH,2026-03-01,2026-03-31,Monthly,,KG,3.323,3.323,4796.4248046875,xgboost_feat
PEAR_COMICE,RETAIL,NL-ZH,2026-04-01,2026-04-30,Monthly,,KG,3.323,3.323,4780.34765625,xgboost_feat
PEAR_COMICE,RETAIL,NL-ZH,2026-05-01,2026-05-31,Monthly,,KG,3.323,3.323,4618.14111328125,xgboost_feat
PEAR_COMICE,RETAIL,NL-ZH,2026-06-01,2026-06-30,Monthly,,KG,3.323,3.323,4179.4580078125,xgboost_feat
PEAR_COMICE,RETAIL,NL-ZH,2026-07-01,2026-07-31,Monthly,,KG,3.323,3.323,4101.013671875,xgboost_feat
PEAR_COMICE,RETAIL,NL-ZH,2026-08-01,2026-08-31,Monthly,,KG,3.323,3.323,4154.84326171875,xgboost_feat
PEAR_COMICE,RETAIL,NL-ZH,2026-09-01,2026-09-30,Monthly,,KG,3.323,3.323,4184.98681640625,xgboost_feat
PEAR_COMICE,RETAIL,NL-ZH,2026-10-01,2026-10-31,Monthly,,KG,3.323,3.323,4533.8984375,xgboost_feat
PEAR_COMICE,RETAIL,NL-ZH,2026-11-01,2026-11-30,Monthly,,KG,3.323,3.323,4729.26806640625,xgboost_feat
PEAR_COMICE,RETAIL,NL-ZH,2026-12-01,2026-12-31,Monthly,,KG,3.323,3.323,4817.11962890625,xgboost_feat
PEAR_COMICE,RETAIL,NL-ZH,2027-01-01,2027-01-31,Monthly,,KG,3.323,3.323,4867.25439453125,xgboost_feat
PEAR_COMICE,WHOLESALE,NL-GE,2026-02-01,2026-02-28,Monthly,,KG,3.054,3.054,5008.79052734375,xgboost_feat
PEAR_COMICE,WHOLESALE,NL-GE,2026-03-01,2026-03-31,Monthly,,KG,3.054,3.054,4863.1181640625,xgboost_feat
PEAR_COMICE,WHOLESALE,NL-GE,2026-04-01,2026-04-30,Monthly,,KG,3.054,3.054,4783.44970703125,xgboost_feat
PEAR_COMICE,WHOLESALE,NL-GE,2026-05-01,2026-05-31,Monthly,,KG,3.054,3.054,4617.30322265625,xgboost_feat
PEAR_COMICE,WHOLESALE,NL-GE,2026-06-01,2026-06-30,Monthly,,KG,3.054,3.054,4180.974609375,xgboost_feat
PEAR_COMICE,WHOLESALE,NL-GE,2026-07-01,2026-07-31,Monthly,,KG,3.054,3.054,4106.7197265625,xgboost_feat
PEAR_COMICE,WHOLESALE,NL-GE,2026-08-01,2026-08-31,Monthly,,KG,3.054,3.054,4153.34619140625,xgboost_feat
PEAR_COMICE,WHOLESALE,NL-GE,2026-09-01,2026-09-30,Monthly,,KG,3.054,3.054,4183.4169921875,xgboost_feat
PEAR_COMICE,WHOLESALE,NL-GE,2026-10-01,2026-10-31,Monthly,,KG,3.054,3.054,4533.3017578125,xgboost_feat
PEAR_COMICE,WHOLESALE,NL-GE,2026-11-01,2026-11-30,Monthly,,KG,3.054,3.054,4772.755859375,xgboost_feat
PEAR_COMICE,WHOLESALE,NL-GE,2026-12-01,2026-12-31,Monthly,,KG,3.054,3.054,4878.35205078125,xgboost_feat
PEAR_COMICE,WHOLESALE,NL-GE,2027-01-01,2027-01-31,Monthly,,KG,3.054,3.054,4861.2021484375,xgboost_feat
PEAR_COMICE,WHOLESALE,NL-NB,2026-02-01,2026-02-28,Monthly,,KG,3.152,3.152,5006.48779296875,xgboost_feat
PEAR_COMICE,WHOLESALE,NL-NB,2026-03-01,2026-03-31,Monthly,,KG,3.152,3.152,4860.041015625,xgboost_feat
PEAR_COMICE,WHOLESALE,NL-NB,2026-04-01,2026-04-30,Monthly,,KG,3.152,3.152,4778.251953125,xgboost_feat
PEAR_COMICE,WHOLESALE,NL-NB,2026-05-01,2026-05-31,Monthly,,KG,3.152,3.152,4614.818359375,xgboost_feat
PEAR_COMICE,WHOLESALE,NL-NB,2026-06-01,2026-06-30,Monthly,,KG,3.152,3.152,4179.98583984375,xgboost_feat
PEAR_COMICE,WHOLESALE,NL-NB,2026-07-01,2026-07-31,Monthly,,KG,3.152,3.152,4116.27734375,xgboost_feat
PEAR_COMICE,WHOLESALE,NL-NB,2026-08-01,2026-08-31,Monthly,,KG,3.152,3.152,4152.80859375,xgboost_feat
PEAR_COMICE,WHOLESALE,NL-NB,2026-09-01,2026-09-30,Monthly,,KG,3.152,3.152,4182.11669921875,xgboost_feat
PEAR_COMICE,WHOLESALE,NL-NB,2026-10-01,2026-10-31,Monthly,,KG,3.152,3.152,4571.4248046875,xgboost_feat
PEAR_COMICE,WHOLESALE,NL-NB,2026-11-01,2026-11-30,Monthly,,KG,3.152,3.152,4788.87841796875,xgboost_feat
PEAR_COMICE,WHOLESALE,NL-NB,2026-12-01,2026-12-31,Monthly,,KG,3.152,3.152,4873.4345703125,xgboost_feat
PEAR_COMICE,WHOLESALE,NL-NB,2027-01-01,2027-01-31,Monthly,,KG,3.152,3.152,4864.9873046875,xgboost_feat
PEAR_COMICE,WHOLESALE,NL-NH,2026-02-01,2026-02-28,Monthly,,KG,3.237,3.237,5008.79833984375,xgboost_feat
PEAR_COMICE,WHOLESALE,NL-NH,2026-03-01,2026-03-31,Monthly,,KG,3.237,3.237,4859.6142578125,xgboost_feat
PEAR_COMICE,WHOLESALE,NL-NH,2026-04-01,2026-04-30,Monthly,,KG,3.237,3.237,4780.34765625,xgboost_feat
PEAR_COMICE,WHOLESALE,NL-NH,2026-05-01,2026-05-31,Monthly,,KG,3.237,3.237,4699.09814453125,xgboost_feat
PEAR_COMICE,WHOLESALE,NL-NH,2026-06-01,2026-06-30,Monthly,,KG,3.237,3.237,4173.40185546875,xgboost_feat
PEAR_COMICE,WHOLESALE,NL-NH,2026-07-01,2026-07-31,Monthly,,KG,3.237,3.237,4097.01416015625,xgboost_feat
PEAR_COMICE,WHOLESALE,NL-NH,2026-08-01,2026-08-31,Monthly,,KG,3.237,3.237,4015.29638671875,xgboost_feat
PEAR_COMICE,WHOLESALE,NL-NH,2026-09-01,2026-09-30,Monthly,,KG,3.237,3.237,4169.208984375,xgboost_feat
PEAR_COMICE,WHOLESALE,NL-NH,2026-10-01,2026-10-31,Monthly,,KG,3.237,3.237,4521.453125,xgboost_feat
PEAR_COMICE,WHOLESALE,NL-NH,2026-11-01,2026-11-30,Monthly,,KG,3.237,3.237,4738.27294921875,xgboost_feat
PEAR_COMICE,WHOLESALE,NL-NH,2026-12-01,2026-12-31,Monthly,,KG,3.237,3.237,4816.82177734375,xgboost_feat
PEAR_COMICE,WHOLESALE,NL-NH,2027-01-01,2027-01-31,Monthly,,KG,3.237,3.237,4861.20361328125,xgboost_feat
PEAR_COMICE,WHOLESALE,NL-ZH,2026-02-01,2026-02-28,Monthly,,KG,3.298,3.298,5008.79833984375,xgboost_feat
PEAR_COMICE,WHOLESALE,NL-ZH,2026-03-01,2026-03-31,Monthly,,KG,3.298,3.298,4796.4248046875,xgboost_feat
PEAR_COMICE,WHOLESALE,NL-ZH,2026-04-01,2026-04-30,Monthly,,KG,3.298,3.298,4780.34765625,xgboost_feat
PEAR_COMICE,WHOLESALE,NL-ZH,2026-05-01,2026-05-31,Monthly,,KG,3.298,3.298,4618.14111328125,xgboost_feat
PEAR_COMICE,WHOLESALE,NL-ZH,2026-06-01,2026-06-30,Monthly,,KG,3.298,3.298,4179.4580078125,xgboost_feat
PEAR_COMICE,WHOLESALE,NL-ZH,2026-07-01,2026-07-31,Monthly,,KG,3.298,3.298,4101.013671875,xgboost_feat
PEAR_COMICE,WHOLESALE,NL-ZH,2026-08-01,2026-08-31,Monthly,,KG,3.298,3.298,4154.84326171875,xgboost_feat
PEAR_COMICE,WHOLESALE,NL-ZH,2026-09-01,2026-09-30,Monthly,,KG,3.298,3.298,4184.98681640625,xgboost_feat
PEAR_COMICE,WHOLESALE,NL-ZH,2026-10-01,2026-10-31,Monthly,,KG,3.298,3.298,4533.8984375,xgboost_feat
PEAR_COMICE,WHOLESALE,NL-ZH,2026-11-01,2026-11-30,Monthly,,KG,3.298,3.298,4729.26806640625,xgboost_feat
PEAR_COMICE,WHOLESALE,NL-ZH,2026-12-01,2026-12-31,Monthly,,KG,3.298,3.298,4817.11962890625,xgboost_feat
PEAR_COMICE,WHOLESALE,NL-ZH,2027-01-01,2027-01-31,Monthly,,KG,3.298,3.298,4867.25439453125,xgboost_feat
PEAR_CONFERENCE,ONLINE,NL-GE,2026-02-01,2026-02-28,Monthly,,KG,3.071,3.071,4171.98681640625,xgboost_feat
PEAR_CONFERENCE,ONLINE,NL-GE,2026-03-01,2026-03-31,Monthly,,KG,3.071,3.071,4020.740966796875,xgboost_feat
PEAR_CONFERENCE,ONLINE,NL-GE,2026-04-01,2026-04-30,Monthly,,KG,3.071,3.071,3993.313232421875,xgboost_feat
PEAR_CONFERENCE,ONLINE,NL-GE,2026-05-01,2026-05-31,Monthly,,KG,3.071,3.071,3885.10400390625,xgboost_feat
PEAR_CONFERENCE,ONLINE,NL-GE,2026-06-01,2026-06-30,Monthly,,KG,3.071,3.071,3598.058837890625,xgboost_feat
PEAR_CONFERENCE,ONLINE,NL-GE,2026-07-01,2026-07-31,Monthly,,KG,3.071,3.071,3627.833740234375,xgboost_feat
PEAR_CONFERENCE,ONLINE,NL-GE,2026-08-01,2026-08-31,Monthly,,KG,3.071,3.071,3763.32275390625,xgboost_feat
PEAR_CONFERENCE,ONLINE,NL-GE,2026-09-01,2026-09-30,Monthly,,KG,3.071,3.071,3765.07373046875,xgboost_feat
PEAR_CONFERENCE,ONLINE,NL-GE,2026-10-01,2026-10-31,Monthly,,KG,3.071,3.071,4036.88671875,xgboost_feat
PEAR_CONFERENCE,ONLINE,NL-GE,2026-11-01,2026-11-30,Monthly,,KG,3.071,3.071,4146.74609375,xgboost_feat
PEAR_CONFERENCE,ONLINE,NL-GE,2026-12-01,2026-12-31,Monthly,,KG,3.071,3.071,4203.91943359375,xgboost_feat
PEAR_CONFERENCE,ONLINE,NL-GE,2027-01-01,2027-01-31,Monthly,,KG,3.071,3.071,4023.762451171875,xgboost_feat
PEAR_CONFERENCE,ONLINE,NL-NB,2026-02-01,2026-02-28,Monthly,,KG,3.168,3.168,4169.42724609375,xgboost_feat
PEAR_CONFERENCE,ONLINE,NL-NB,2026-03-01,2026-03-31,Monthly,,KG,3.168,3.168,4044.7685546875,xgboost_feat
PEAR_CONFERENCE,ONLINE,NL-NB,2026-04-01,2026-04-30,Monthly,,KG,3.168,3.168,4027.41015625,xgboost_feat
PEAR_CONFERENCE,ONLINE,NL-NB,2026-05-01,2026-05-31,Monthly,,KG,3.168,3.168,3881.4775390625,xgboost_feat
PEAR_CONFERENCE,ONLINE,NL-NB,2026-06-01,2026-06-30,Monthly,,KG,3.168,3.168,3597.218017578125,xgboost_feat
PEAR_CONFERENCE,ONLINE,NL-NB,2026-07-01,2026-07-31,Monthly,,KG,3.168,3.168,3645.008056640625,xgboost_feat
PEAR_CONFERENCE,ONLINE,NL-NB,2026-08-01,2026-08-31,Monthly,,KG,3.168,3.168,3771.959228515625,xgboost_feat
PEAR_CONFERENCE,ONLINE,NL-NB,2026-09-01,2026-09-30,Monthly,,KG,3.168,3.168,4166.96337890625,xgboost_feat
PEAR_CONFERENCE,ONLINE,NL-NB,2026-10-01,2026-10-31,Monthly,,KG,3.168,3.168,4129.0205078125,xgboost_feat
PEAR_CONFERENCE,ONLINE,NL-NB,2026-11-01,2026-11-30,Monthly,,KG,3.168,3.168,4171.8544921875,xgboost_feat
PEAR_CONFERENCE,ONLINE,NL-NB,2026-12-01,2026-12-31,Monthly,,KG,3.168,3.168,4215.8486328125,xgboost_feat
PEAR_CONFERENCE,ONLINE,NL-NB,2027-01-01,2027-01-31,Monthly,,KG,3.168,3.168,4030.080322265625,xgboost_feat
PEAR_CONFERENCE,ONLINE,NL-NH,2026-02-01,2026-02-28,Monthly,,KG,3.288,3.288,4142.77978515625,xgboost_feat
PEAR_CONFERENCE,ONLINE,NL-NH,2026-03-01,2026-03-31,Monthly,,KG,3.288,3.288,3993.784912109375,xgboost_feat
PEAR_CONFERENCE,ONLINE,NL-NH,2026-04-01,2026-04-30,Monthly,,KG,3.288,3.288,3975.832763671875,xgboost_feat
PEAR_CONFERENCE,ONLINE,NL-NH,2026-05-01,2026-05-31,Monthly,,KG,3.288,3.288,3961.51953125,xgboost_feat
PEAR_CONFERENCE,ONLINE,NL-NH,2026-06-01,2026-06-30,Monthly,,KG,3.288,3.288,3585.609375,xgboost_feat
PEAR_CONFERENCE,ONLINE,NL-NH,2026-07-01,2026-07-31,Monthly,,KG,3.288,3.288,3623.834716796875,xgboost_feat
PEAR_CONFERENCE,ONLINE,NL-NH,2026-08-01,2026-08-31,Monthly,,KG,3.288,3.288,3768.384521484375,xgboost_feat
PEAR_CONFERENCE,ONLINE,NL-NH,2026-09-01,2026-09-30,Monthly,,KG,3.288,3.288,4163.07958984375,xgboost_feat
PEAR_CONFERENCE,ONLINE,NL-NH,2026-10-01,2026-10-31,Monthly,,KG,3.288,3.288,4453.8662109375,xgboost_feat
PEAR_CONFERENCE,ONLINE,NL-NH,2026-11-01,2026-11-30,Monthly,,KG,3.288,3.288,4103.5009765625,xgboost_feat
PEAR_CONFERENCE,ONLINE,NL-NH,2026-12-01,2026-12-31,Monthly,,KG,3.288,3.288,4616.44140625,xgboost_feat
PEAR_CONFERENCE,ONLINE,NL-NH,2027-01-01,2027-01-31,Monthly,,KG,3.288,3.288,4045.327880859375,xgboost_feat
PEAR_CONFERENCE,ONLINE,NL-ZH,2026-02-01,2026-02-28,Monthly,,KG,3.307,3.307,4160.0751953125,xgboost_feat
PEAR_CONFERENCE,ONLINE,NL-ZH,2026-03-01,2026-03-31,Monthly,,KG,3.307,3.307,4019.613037109375,xgboost_feat
PEAR_CONFERENCE,ONLINE,NL-ZH,2026-04-01,2026-04-30,Monthly,,KG,3.307,3.307,3998.9462890625,xgboost_feat
PEAR_CONFERENCE,ONLINE,NL-ZH,2026-05-01,2026-05-31,Monthly,,KG,3.307,3.307,3875.958984375,xgboost_feat
PEAR_CONFERENCE,ONLINE,NL-ZH,2026-06-01,2026-06-30,Monthly,,KG,3.307,3.307,3589.36669921875,xgboost_feat
PEAR_CONFERENCE,ONLINE,NL-ZH,2026-07-01,2026-07-31,Monthly,,KG,3.307,3.307,3618.795654296875,xgboost_feat
PEAR_CONFERENCE,ONLINE,NL-ZH,2026-08-01,2026-08-31,Monthly,,KG,3.307,3.307,4149.71923828125,xgboost_feat
PEAR_CONFERENCE,ONLINE,NL-ZH,2026-09-01,2026-09-30,Monthly,,KG,3.307,3.307,4109.1328125,xgboost_feat
PEAR_CONFERENCE,ONLINE,NL-ZH,2026-10-01,2026-10-31,Monthly,,KG,3.307,3.307,4523.91796875,xgboost_feat
PEAR_CONFERENCE,ONLINE,NL-ZH,2026-11-01,2026-11-30,Monthly,,KG,3.307,3.307,4780.84228515625,xgboost_feat
PEAR_CONFERENCE,ONLINE,NL-ZH,2026-12-01,2026-12-31,Monthly,,KG,3.307,3.307,4818.775390625,xgboost_feat
PEAR_CONFERENCE,ONLINE,NL-ZH,2027-01-01,2027-01-31,Monthly,,KG,3.307,3.307,4179.85107421875,xgboost_feat
PEAR_CONFERENCE,RETAIL,NL-GE,2026-02-01,2026-02-28,Monthly,,KG,2.985,2.985,5008.79833984375,xgboost_feat
PEAR_CONFERENCE,RETAIL,NL-GE,2026-03-01,2026-03-31,Monthly,,KG,2.985,2.985,4863.1181640625,xgboost_feat
PEAR_CONFERENCE,RETAIL,NL-GE,2026-04-01,2026-04-30,Monthly,,KG,2.985,2.985,4783.44970703125,xgboost_feat
PEAR_CONFERENCE,RETAIL,NL-GE,2026-05-01,2026-05-31,Monthly,,KG,2.985,2.985,4617.30322265625,xgboost_feat
PEAR_CONFERENCE,RETAIL,NL-GE,2026-06-01,2026-06-30,Monthly,,KG,2.985,2.985,4180.974609375,xgboost_feat
PEAR_CONFERENCE,RETAIL,NL-GE,2026-07-01,2026-07-31,Monthly,,KG,2.985,2.985,4106.7197265625,xgboost_feat
PEAR_CONFERENCE,RETAIL,NL-GE,2026-08-01,2026-08-31,Monthly,,KG,2.985,2.985,4153.34619140625,xgboost_feat
PEAR_CONFERENCE,RETAIL,NL-GE,2026-09-01,2026-09-30,Monthly,,KG,2.985,2.985,4183.4169921875,xgboost_feat
PEAR_CONFERENCE,RETAIL,NL-GE,2026-10-01,2026-10-31,Monthly,,KG,2.985,2.985,4533.3017578125,xgboost_feat
PEAR_CONFERENCE,RETAIL,NL-GE,2026-11-01,2026-11-30,Monthly,,KG,2.985,2.985,4772.755859375,xgboost_feat
PEAR_CONFERENCE,RETAIL,NL-GE,2026-12-01,2026-12-31,Monthly,,KG,2.985,2.985,4878.35205078125,xgboost_feat
PEAR_CONFERENCE,RETAIL,NL-GE,2027-01-01,2027-01-31,Monthly,,KG,2.985,2.985,4861.2021484375,xgboost_feat
PEAR_CONFERENCE,RETAIL,NL-NB,2026-02-01,2026-02-28,Monthly,,KG,3.132,3.132,5006.51416015625,xgboost_feat
PEAR_CONFERENCE,RETAIL,NL-NB,2026-03-01,2026-03-31,Monthly,,KG,3.132,3.132,4860.041015625,xgboost_feat
PEAR_CONFERENCE,RETAIL,NL-NB,2026-04-01,2026-04-30,Monthly,,KG,3.132,3.132,4778.251953125,xgboost_feat
PEAR_CONFERENCE,RETAIL,NL-NB,2026-05-01,2026-05-31,Monthly,,KG,3.132,3.132,4614.818359375,xgboost_feat
PEAR_CONFERENCE,RETAIL,NL-NB,2026-06-01,2026-06-30,Monthly,,KG,3.132,3.132,4179.98583984375,xgboost_feat
PEAR_CONFERENCE,RETAIL,NL-NB,2026-07-01,2026-07-31,Monthly,,KG,3.132,3.132,4116.27734375,xgboost_feat
PEAR_CONFERENCE,RETAIL,NL-NB,2026-08-01,2026-08-31,Monthly,,KG,3.132,3.132,4152.80859375,xgboost_feat
PEAR_CONFERENCE,RETAIL,NL-NB,2026-09-01,2026-09-30,Monthly,,KG,3.132,3.132,4182.11669921875,xgboost_feat
PEAR_CONFERENCE,RETAIL,NL-NB,2026-10-01,2026-10-31,Monthly,,KG,3.132,3.132,4571.4248046875,xgboost_feat
PEAR_CONFERENCE,RETAIL,NL-NB,2026-11-01,2026-11-30,Monthly,,KG,3.132,3.132,4788.87841796875,xgboost_feat
PEAR_CONFERENCE,RETAIL,NL-NB,2026-12-01,2026-12-31,Monthly,,KG,3.132,3.132,4873.4345703125,xgboost_feat
PEAR_CONFERENCE,RETAIL,NL-NB,2027-01-01,2027-01-31,Monthly,,KG,3.132,3.132,4864.9873046875,xgboost_feat
PEAR_CONFERENCE,RETAIL,NL-NH,2026-02-01,2026-02-28,Monthly,,KG,3.252,3.252,5008.79833984375,xgboost_feat
PEAR_CONFERENCE,RETAIL,NL-NH,2026-03-01,2026-03-31,Monthly,,KG,3.252,3.252,4859.6142578125,xgboost_feat
PEAR_CONFERENCE,RETAIL,NL-NH,2026-04-01,2026-04-30,Monthly,,KG,3.252,3.252,4780.34765625,xgboost_feat
PEAR_CONFERENCE,RETAIL,NL-NH,2026-05-01,2026-05-31,Monthly,,KG,3.252,3.252,4699.09814453125,xgboost_feat
PEAR_CONFERENCE,RETAIL,NL-NH,2026-06-01,2026-06-30,Monthly,,KG,3.252,3.252,4173.40185546875,xgboost_feat
PEAR_CONFERENCE,RETAIL,NL-NH,2026-07-01,2026-07-31,Monthly,,KG,3.252,3.252,4097.01416015625,xgboost_feat
PEAR_CONFERENCE,RETAIL,NL-NH,2026-08-01,2026-08-31,Monthly,,KG,3.252,3.252,4015.29638671875,xgboost_feat
PEAR_CONFERENCE,RETAIL,NL-NH,2026-09-01,2026-09-30,Monthly,,KG,3.252,3.252,4169.208984375,xgboost_feat
PEAR_CONFERENCE,RETAIL,NL-NH,2026-10-01,2026-10-31,Monthly,,KG,3.252,3.252,4521.453125,xgboost_feat
PEAR_CONFERENCE,RETAIL,NL-NH,2026-11-01,2026-11-30,Monthly,,KG,3.252,3.252,4738.27294921875,xgboost_feat
PEAR_CONFERENCE,RETAIL,NL-NH,2026-12-01,2026-12-31,Monthly,,KG,3.252,3.252,4816.82177734375,xgboost_feat
PEAR_CONFERENCE,RETAIL,NL-NH,2027-01-01,2027-01-31,Monthly,,KG,3.252,3.252,4861.20361328125,xgboost_feat
PEAR_CONFERENCE,RETAIL,NL-ZH,2026-02-01,2026-02-28,Monthly,,KG,3.352,3.352,5008.79833984375,xgboost_feat
PEAR_CONFERENCE,RETAIL,NL-ZH,2026-03-01,2026-03-31,Monthly,,KG,3.352,3.352,4796.4248046875,xgboost_feat
PEAR_CONFERENCE,RETAIL,NL-ZH,2026-04-01,2026-04-30,Monthly,,KG,3.352,3.352,4780.34765625,xgboost_feat
PEAR_CONFERENCE,RETAIL,NL-ZH,2026-05-01,2026-05-31,Monthly,,KG,3.352,3.352,4618.14111328125,xgboost_feat
PEAR_CONFERENCE,RETAIL,NL-ZH,2026-06-01,2026-06-30,Monthly,,KG,3.352,3.352,4179.4580078125,xgboost_feat
PEAR_CONFERENCE,RETAIL,NL-ZH,2026-07-01,2026-07-31,Monthly,,KG,3.352,3.352,4101.013671875,xgboost_feat
PEAR_CONFERENCE,RETAIL,NL-ZH,2026-08-01,2026-08-31,Monthly,,KG,3.352,3.352,4154.84326171875,xgboost_feat
PEAR_CONFERENCE,RETAIL,NL-ZH,2026-09-01,2026-09-30,Monthly,,KG,3.352,3.352,4184.98681640625,xgboost_feat
PEAR_CONFERENCE,RETAIL,NL-ZH,2026-10-01,2026-10-31,Monthly,,KG,3.352,3.352,4533.8984375,xgboost_feat
PEAR_CONFERENCE,RETAIL,NL-ZH,2026-11-01,2026-11-30,Monthly,,KG,3.352,3.352,4729.26806640625,xgboost_feat
PEAR_CONFERENCE,RETAIL,NL-ZH,2026-12-01,2026-12-31,Monthly,,KG,3.352,3.352,4817.11962890625,xgboost_feat
PEAR_CONFERENCE,RETAIL,NL-ZH,2027-01-01,2027-01-31,Monthly,,KG,3.352,3.352,4867.25439453125,xgboost_feat
PEAR_CONFERENCE,WHOLESALE,NL-GE,2026-02-01,2026-02-28,Monthly,,KG,3.068,3.068,5008.79052734375,xgboost_feat
PEAR_CONFERENCE,WHOLESALE,NL-GE,2026-03-01,2026-03-31,Monthly,,KG,3.068,3.068,4863.1181640625,xgboost_feat
PEAR_CONFERENCE,WHOLESALE,NL-GE,2026-04-01,2026-04-30,Monthly,,KG,3.068,3.068,4783.380859375,xgboost_feat
PEAR_CONFERENCE,WHOLESALE,NL-GE,2026-05-01,2026-05-31,Monthly,,KG,3.068,3.068,4617.30322265625,xgboost_feat
PEAR_CONFERENCE,WHOLESALE,NL-GE,2026-06-01,2026-06-30,Monthly,,KG,3.068,3.068,4180.974609375,xgboost_feat
PEAR_CONFERENCE,WHOLESALE,NL-GE,2026-07-01,2026-07-31,Monthly,,KG,3.068,3.068,4102.16796875,xgboost_feat
PEAR_CONFERENCE,WHOLESALE,NL-GE,2026-08-01,2026-08-31,Monthly,,KG,3.068,3.068,4153.34619140625,xgboost_feat
PEAR_CONFERENCE,WHOLESALE,NL-GE,2026-09-01,2026-09-30,Monthly,,KG,3.068,3.068,4183.4169921875,xgboost_feat
PEAR_CONFERENCE,WHOLESALE,NL-GE,2026-10-01,2026-10-31,Monthly,,KG,3.068,3.068,4533.3017578125,xgboost_feat
PEAR_CONFERENCE,WHOLESALE,NL-GE,2026-11-01,2026-11-30,Monthly,,KG,3.068,3.068,4772.755859375,xgboost_feat
PEAR_CONFERENCE,WHOLESALE,NL-GE,2026-12-01,2026-12-31,Monthly,,KG,3.068,3.068,4878.35205078125,xgboost_feat
PEAR_CONFERENCE,WHOLESALE,NL-GE,2027-01-01,2027-01-31,Monthly,,KG,3.068,3.068,4861.3369140625,xgboost_feat
PEAR_CONFERENCE,WHOLESALE,NL-NB,2026-02-01,2026-02-28,Monthly,,KG,3.168,3.168,5006.48095703125,xgboost_feat
PEAR_CONFERENCE,WHOLESALE,NL-NB,2026-03-01,2026-03-31,Monthly,,KG,3.168,3.168,4860.041015625,xgboost_feat
PEAR_CONFERENCE,WHOLESALE,NL-NB,2026-04-01,2026-04-30,Monthly,,KG,3.168,3.168,4778.251953125,xgboost_feat
PEAR_CONFERENCE,WHOLESALE,NL-NB,2026-05-01,2026-05-31,Monthly,,KG,3.168,3.168,4614.818359375,xgboost_feat
PEAR_CONFERENCE,WHOLESALE,NL-NB,2026-06-01,2026-06-30,Monthly,,KG,3.168,3.168,4179.98583984375,xgboost_feat
PEAR_CONFERENCE,WHOLESALE,NL-NB,2026-07-01,2026-07-31,Monthly,,KG,3.168,3.168,4116.27734375,xgboost_feat
PEAR_CONFERENCE,WHOLESALE,NL-NB,2026-08-01,2026-08-31,Monthly,,KG,3.168,3.168,4152.80859375,xgboost_feat
PEAR_CONFERENCE,WHOLESALE,NL-NB,2026-09-01,2026-09-30,Monthly,,KG,3.168,3.168,4182.11669921875,xgboost_feat
PEAR_CONFERENCE,WHOLESALE,NL-NB,2026-10-01,2026-10-31,Monthly,,KG,3.168,3.168,4571.4248046875,xgboost_feat
PEAR_CONFERENCE,WHOLESALE,NL-NB,2026-11-01,2026-11-30,Monthly,,KG,3.168,3.168,4788.87841796875,xgboost_feat
PEAR_CONFERENCE,WHOLESALE,NL-NB,2026-12-01,2026-12-31,Monthly,,KG,3.168,3.168,4873.4345703125,xgboost_feat
PEAR_CONFERENCE,WHOLESALE,NL-NB,2027-01-01,2027-01-31,Monthly,,KG,3.168,3.168,4864.9873046875,xgboost_feat
PEAR_CONFERENCE,WHOLESALE,NL-NH,2026-02-01,2026-02-28,Monthly,,KG,3.248,3.248,5008.79150390625,xgboost_feat
PEAR_CONFERENCE,WHOLESALE,NL-NH,2026-03-01,2026-03-31,Monthly,,KG,3.248,3.248,4859.6142578125,xgboost_feat
PEAR_CONFERENCE,WHOLESALE,NL-NH,2026-04-01,2026-04-30,Monthly,,KG,3.248,3.248,4780.34765625,xgboost_feat
PEAR_CONFERENCE,WHOLESALE,NL-NH,2026-05-01,2026-05-31,Monthly,,KG,3.248,3.248,4699.09814453125,xgboost_feat
PEAR_CONFERENCE,WHOLESALE,NL-NH,2026-06-01,2026-06-30,Monthly,,KG,3.248,3.248,4173.40185546875,xgboost_feat
PEAR_CONFERENCE,WHOLESALE,NL-NH,2026-07-01,2026-07-31,Monthly,,KG,3.248,3.248,4097.01416015625,xgboost_feat
PEAR_CONFERENCE,WHOLESALE,NL-NH,2026-08-01,2026-08-31,Monthly,,KG,3.248,3.248,4015.29638671875,xgboost_feat
PEAR_CONFERENCE,WHOLESALE,NL-NH,2026-09-01,2026-09-30,Monthly,,KG,3.248,3.248,4169.208984375,xgboost_feat
PEAR_CONFERENCE,WHOLESALE,NL-NH,2026-10-01,2026-10-31,Monthly,,KG,3.248,3.248,4521.453125,xgboost_feat
PEAR_CONFERENCE,WHOLESALE,NL-NH,2026-11-01,2026-11-30,Monthly,,KG,3.248,3.248,4738.27294921875,xgboost_feat
PEAR_CONFERENCE,WHOLESALE,NL-NH,2026-12-01,2026-12-31,Monthly,,KG,3.248,3.248,4816.82177734375,xgboost_feat
PEAR_CONFERENCE,WHOLESALE,NL-NH,2027-01-01,2027-01-31,Monthly,,KG,3.248,3.248,4861.20361328125,xgboost_feat
PEAR_CONFERENCE,WHOLESALE,NL-ZH,2026-02-01,2026-02-28,Monthly,,KG,3.388,3.388,5008.79052734375,xgboost_feat
PEAR_CONFERENCE,WHOLESALE,NL-ZH,2026-03-01,2026-03-31,Monthly,,KG,3.388,3.388,4796.4248046875,xgboost_feat
PEAR_CONFERENCE,WHOLESALE,NL-ZH,2026-04-01,2026-04-30,Monthly,,KG,3.388,3.388,4780.34765625,xgboost_feat
PEAR_CONFERENCE,WHOLESALE,NL-ZH,2026-05-01,2026-05-31,Monthly,,KG,3.388,3.388,4618.14111328125,xgboost_feat
PEAR_CONFERENCE,WHOLESALE,NL-ZH,2026-06-01,2026-06-30,Monthly,,KG,3.388,3.388,4179.4580078125,xgboost_feat
PEAR_CONFERENCE,WHOLESALE,NL-ZH,2026-07-01,2026-07-31,Monthly,,KG,3.388,3.388,4101.013671875,xgboost_feat
PEAR_CONFERENCE,WHOLESALE,NL-ZH,2026-08-01,2026-08-31,Monthly,,KG,3.388,3.388,4154.84326171875,xgboost_feat
PEAR_CONFERENCE,WHOLESALE,NL-ZH,2026-09-01,2026-09-30,Monthly,,KG,3.388,3.388,4184.98681640625,xgboost_feat
PEAR_CONFERENCE,WHOLESALE,NL-ZH,2026-10-01,2026-10-31,Monthly,,KG,3.388,3.388,4533.8984375,xgboost_feat
PEAR_CONFERENCE,WHOLESALE,NL-ZH,2026-11-01,2026-11-30,Monthly,,KG,3.388,3.388,4729.26806640625,xgboost_feat
PEAR_CONFERENCE,WHOLESALE,NL-ZH,2026-12-01,2026-12-31,Monthly,,KG,3.388,3.388,4817.11962890625,xgboost_feat
PEAR_CONFERENCE,WHOLESALE,NL-ZH,2027-01-01,2027-01-31,Monthly,,KG,3.388,3.388,4867.25439453125,xgboost_feat
PEAR_WILLIAMS,ONLINE,NL-GE,2026-02-01,2026-02-28,Monthly,,KG,3.01,3.01,4177.54443359375,xgboost_feat
PEAR_WILLIAMS,ONLINE,NL-GE,2026-03-01,2026-03-31,Monthly,,KG,3.01,3.01,4063.596435546875,xgboost_feat
PEAR_WILLIAMS,ONLINE,NL-GE,2026-04-01,2026-04-30,Monthly,,KG,3.01,3.01,4021.926025390625,xgboost_feat
PEAR_WILLIAMS,ONLINE,NL-GE,2026-05-01,2026-05-31,Monthly,,KG,3.01,3.01,3928.021240234375,xgboost_feat
PEAR_WILLIAMS,ONLINE,NL-GE,2026-06-01,2026-06-30,Monthly,,KG,3.01,3.01,3648.078857421875,xgboost_feat
PEAR_WILLIAMS,ONLINE,NL-GE,2026-07-01,2026-07-31,Monthly,,KG,3.01,3.01,3653.999755859375,xgboost_feat
PEAR_WILLIAMS,ONLINE,NL-GE,2026-08-01,2026-08-31,Monthly,,KG,3.01,3.01,3626.3720703125,xgboost_feat
PEAR_WILLIAMS,ONLINE,NL-GE,2026-09-01,2026-09-30,Monthly,,KG,3.01,3.01,3635.968017578125,xgboost_feat
PEAR_WILLIAMS,ONLINE,NL-GE,2026-10-01,2026-10-31,Monthly,,KG,3.01,3.01,3927.36669921875,xgboost_feat
PEAR_WILLIAMS,ONLINE,NL-GE,2026-11-01,2026-11-30,Monthly,,KG,3.01,3.01,3991.9296875,xgboost_feat
PEAR_WILLIAMS,ONLINE,NL-GE,2026-12-01,2026-12-31,Monthly,,KG,3.01,3.01,4037.6708984375,xgboost_feat
PEAR_WILLIAMS,ONLINE,NL-GE,2027-01-01,2027-01-31,Monthly,,KG,3.01,3.01,4017.694091796875,xgboost_feat
PEAR_WILLIAMS,ONLINE,NL-NB,2026-02-01,2026-02-28,Monthly,,KG,3.115,3.115,4172.22509765625,xgboost_feat
PEAR_WILLIAMS,ONLINE,NL-NB,2026-03-01,2026-03-31,Monthly,,KG,3.115,3.115,4017.443603515625,xgboost_feat
PEAR_WILLIAMS,ONLINE,NL-NB,2026-04-01,2026-04-30,Monthly,,KG,3.115,3.115,4025.9423828125,xgboost_feat
PEAR_WILLIAMS,ONLINE,NL-NB,2026-05-01,2026-05-31,Monthly,,KG,3.115,3.115,3923.46728515625,xgboost_feat
PEAR_WILLIAMS,ONLINE,NL-NB,2026-06-01,2026-06-30,Monthly,,KG,3.115,3.115,3645.29931640625,xgboost_feat
PEAR_WILLIAMS,ONLINE,NL-NB,2026-07-01,2026-07-31,Monthly,,KG,3.115,3.115,3669.8466796875,xgboost_feat
PEAR_WILLIAMS,ONLINE,NL-NB,2026-08-01,2026-08-31,Monthly,,KG,3.115,3.115,3635.423583984375,xgboost_feat
PEAR_WILLIAMS,ONLINE,NL-NB,2026-09-01,2026-09-30,Monthly,,KG,3.115,3.115,3774.571044921875,xgboost_feat
PEAR_WILLIAMS,ONLINE,NL-NB,2026-10-01,2026-10-31,Monthly,,KG,3.115,3.115,3980.49169921875,xgboost_feat
PEAR_WILLIAMS,ONLINE,NL-NB,2026-11-01,2026-11-30,Monthly,,KG,3.115,3.115,4011.881103515625,xgboost_feat
PEAR_WILLIAMS,ONLINE,NL-NB,2026-12-01,2026-12-31,Monthly,,KG,3.115,3.115,4041.14111328125,xgboost_feat
PEAR_WILLIAMS,ONLINE,NL-NB,2027-01-01,2027-01-31,Monthly,,KG,3.115,3.115,4032.004638671875,xgboost_feat
PEAR_WILLIAMS,ONLINE,NL-NH,2026-02-01,2026-02-28,Monthly,,KG,3.258,3.258,4177.18017578125,xgboost_feat
PEAR_WILLIAMS,ONLINE,NL-NH,2026-03-01,2026-03-31,Monthly,,KG,3.258,3.258,4007.36572265625,xgboost_feat
PEAR_WILLIAMS,ONLINE,NL-NH,2026-04-01,2026-04-30,Monthly,,KG,3.258,3.258,4010.776611328125,xgboost_feat
PEAR_WILLIAMS,ONLINE,NL-NH,2026-05-01,2026-05-31,Monthly,,KG,3.258,3.258,3984.26025390625,xgboost_feat
PEAR_WILLIAMS,ONLINE,NL-NH,2026-06-01,2026-06-30,Monthly,,KG,3.258,3.258,3628.604736328125,xgboost_feat
PEAR_WILLIAMS,ONLINE,NL-NH,2026-07-01,2026-07-31,Monthly,,KG,3.258,3.258,3659.233642578125,xgboost_feat
PEAR_WILLIAMS,ONLINE,NL-NH,2026-08-01,2026-08-31,Monthly,,KG,3.258,3.258,3626.4912109375,xgboost_feat
PEAR_WILLIAMS,ONLINE,NL-NH,2026-09-01,2026-09-30,Monthly,,KG,3.258,3.258,3754.431396484375,xgboost_feat
PEAR_WILLIAMS,ONLINE,NL-NH,2026-10-01,2026-10-31,Monthly,,KG,3.258,3.258,3927.36669921875,xgboost_feat
PEAR_WILLIAMS,ONLINE,NL-NH,2026-11-01,2026-11-30,Monthly,,KG,3.258,3.258,3958.181396484375,xgboost_feat
PEAR_WILLIAMS,ONLINE,NL-NH,2026-12-01,2026-12-31,Monthly,,KG,3.258,3.258,3999.2060546875,xgboost_feat
PEAR_WILLIAMS,ONLINE,NL-NH,2027-01-01,2027-01-31,Monthly,,KG,3.258,3.258,4017.694091796875,xgboost_feat
PEAR_WILLIAMS,ONLINE,NL-ZH,2026-02-01,2026-02-28,Monthly,,KG,3.372,3.372,4177.46142578125,xgboost_feat
PEAR_WILLIAMS,ONLINE,NL-ZH,2026-03-01,2026-03-31,Monthly,,KG,3.372,3.372,3967.966796875,xgboost_feat
PEAR_WILLIAMS,ONLINE,NL-ZH,2026-04-01,2026-04-30,Monthly,,KG,3.372,3.372,3966.529296875,xgboost_feat
PEAR_WILLIAMS,ONLINE,NL-ZH,2026-05-01,2026-05-31,Monthly,,KG,3.372,3.372,3889.974609375,xgboost_feat
PEAR_WILLIAMS,ONLINE,NL-ZH,2026-06-01,2026-06-30,Monthly,,KG,3.372,3.372,3586.3740234375,xgboost_feat
PEAR_WILLIAMS,ONLINE,NL-ZH,2026-07-01,2026-07-31,Monthly,,KG,3.372,3.372,3626.886962890625,xgboost_feat
PEAR_WILLIAMS,ONLINE,NL-ZH,2026-08-01,2026-08-31,Monthly,,KG,3.372,3.372,3635.8359375,xgboost_feat
PEAR_WILLIAMS,ONLINE,NL-ZH,2026-09-01,2026-09-30,Monthly,,KG,3.372,3.372,3755.04296875,xgboost_feat
PEAR_WILLIAMS,ONLINE,NL-ZH,2026-10-01,2026-10-31,Monthly,,KG,3.372,3.372,4037.5166015625,xgboost_feat
PEAR_WILLIAMS,ONLINE,NL-ZH,2026-11-01,2026-11-30,Monthly,,KG,3.372,3.372,3957.599365234375,xgboost_feat
PEAR_WILLIAMS,ONLINE,NL-ZH,2026-12-01,2026-12-31,Monthly,,KG,3.372,3.372,4163.73681640625,xgboost_feat
PEAR_WILLIAMS,ONLINE,NL-ZH,2027-01-01,2027-01-31,Monthly,,KG,3.372,3.372,4023.882080078125,xgboost_feat
PEAR_WILLIAMS,RETAIL,NL-GE,2026-02-01,2026-02-28,Monthly,,KG,3.058,3.058,5008.79833984375,xgboost_feat
PEAR_WILLIAMS,RETAIL,NL-GE,2026-03-01,2026-03-31,Monthly,,KG,3.058,3.058,4863.1181640625,xgboost_feat
PEAR_WILLIAMS,RETAIL,NL-GE,2026-04-01,2026-04-30,Monthly,,KG,3.058,3.058,4783.44970703125,xgboost_feat
PEAR_WILLIAMS,RETAIL,NL-GE,2026-05-01,2026-05-31,Monthly,,KG,3.058,3.058,4617.30322265625,xgboost_feat
PEAR_WILLIAMS,RETAIL,NL-GE,2026-06-01,2026-06-30,Monthly,,KG,3.058,3.058,4180.974609375,xgboost_feat
PEAR_WILLIAMS,RETAIL,NL-GE,2026-07-01,2026-07-31,Monthly,,KG,3.058,3.058,4102.16796875,xgboost_feat
PEAR_WILLIAMS,RETAIL,NL-GE,2026-08-01,2026-08-31,Monthly,,KG,3.058,3.058,4153.34619140625,xgboost_feat
PEAR_WILLIAMS,RETAIL,NL-GE,2026-09-01,2026-09-30,Monthly,,KG,3.058,3.058,4183.4169921875,xgboost_feat
PEAR_WILLIAMS,RETAIL,NL-GE,2026-10-01,2026-10-31,Monthly,,KG,3.058,3.058,4533.3017578125,xgboost_feat
PEAR_WILLIAMS,RETAIL,NL-GE,2026-11-01,2026-11-30,Monthly,,KG,3.058,3.058,4772.755859375,xgboost_feat
PEAR_WILLIAMS,RETAIL,NL-GE,2026-12-01,2026-12-31,Monthly,,KG,3.058,3.058,4878.35205078125,xgboost_feat
PEAR_WILLIAMS,RETAIL,NL-GE,2027-01-01,2027-01-31,Monthly,,KG,3.058,3.058,4861.11181640625,xgboost_feat
PEAR_WILLIAMS,RETAIL,NL-NB,2026-02-01,2026-02-28,Monthly,,KG,3.168,3.168,5006.95166015625,xgboost_feat
PEAR_WILLIAMS,RETAIL,NL-NB,2026-03-01,2026-03-31,Monthly,,KG,3.168,3.168,4860.041015625,xgboost_feat
PEAR_WILLIAMS,RETAIL,NL-NB,2026-04-01,2026-04-30,Monthly,,KG,3.168,3.168,4778.251953125,xgboost_feat
PEAR_WILLIAMS,RETAIL,NL-NB,2026-05-01,2026-05-31,Monthly,,KG,3.168,3.168,4614.818359375,xgboost_feat
PEAR_WILLIAMS,RETAIL,NL-NB,2026-06-01,2026-06-30,Monthly,,KG,3.168,3.168,4179.98583984375,xgboost_feat
PEAR_WILLIAMS,RETAIL,NL-NB,2026-07-01,2026-07-31,Monthly,,KG,3.168,3.168,4116.27734375,xgboost_feat
PEAR_WILLIAMS,RETAIL,NL-NB,2026-08-01,2026-08-31,Monthly,,KG,3.168,3.168,4152.80859375,xgboost_feat
PEAR_WILLIAMS,RETAIL,NL-NB,2026-09-01,2026-09-30,Monthly,,KG,3.168,3.168,4182.11669921875,xgboost_feat
PEAR_WILLIAMS,RETAIL,NL-NB,2026-10-01,2026-10-31,Monthly,,KG,3.168,3.168,4571.4248046875,xgboost_feat
PEAR_WILLIAMS,RETAIL,NL-NB,2026-11-01,2026-11-30,Monthly,,KG,3.168,3.168,4788.87841796875,xgboost_feat
PEAR_WILLIAMS,RETAIL,NL-NB,2026-12-01,2026-12-31,Monthly,,KG,3.168,3.168,4873.4345703125,xgboost_feat
PEAR_WILLIAMS,RETAIL,NL-NB,2027-01-01,2027-01-31,Monthly,,KG,3.168,3.168,4864.9873046875,xgboost_feat
PEAR_WILLIAMS,RETAIL,NL-NH,2026-02-01,2026-02-28,Monthly,,KG,3.305,3.305,5008.79833984375,xgboost_feat
PEAR_WILLIAMS,RETAIL,NL-NH,2026-03-01,2026-03-31,Monthly,,KG,3.305,3.305,4859.6142578125,xgboost_feat
PEAR_WILLIAMS,RETAIL,NL-NH,2026-04-01,2026-04-30,Monthly,,KG,3.305,3.305,4780.34765625,xgboost_feat
PEAR_WILLIAMS,RETAIL,NL-NH,2026-05-01,2026-05-31,Monthly,,KG,3.305,3.305,4699.09814453125,xgboost_feat
PEAR_WILLIAMS,RETAIL,NL-NH,2026-06-01,2026-06-30,Monthly,,KG,3.305,3.305,4173.40185546875,xgboost_feat
PEAR_WILLIAMS,RETAIL,NL-NH,2026-07-01,2026-07-31,Monthly,,KG,3.305,3.305,4097.01416015625,xgboost_feat
PEAR_WILLIAMS,RETAIL,NL-NH,2026-08-01,2026-08-31,Monthly,,KG,3.305,3.305,4015.29638671875,xgboost_feat
PEAR_WILLIAMS,RETAIL,NL-NH,2026-09-01,2026-09-30,Monthly,,KG,3.305,3.305,4169.208984375,xgboost_feat
PEAR_WILLIAMS,RETAIL,NL-NH,2026-10-01,2026-10-31,Monthly,,KG,3.305,3.305,4521.453125,xgboost_feat
PEAR_WILLIAMS,RETAIL,NL-NH,2026-11-01,2026-11-30,Monthly,,KG,3.305,3.305,4738.27294921875,xgboost_feat
PEAR_WILLIAMS,RETAIL,NL-NH,2026-12-01,2026-12-31,Monthly,,KG,3.305,3.305,4816.82177734375,xgboost_feat
PEAR_WILLIAMS,RETAIL,NL-NH,2027-01-01,2027-01-31,Monthly,,KG,3.305,3.305,4861.20361328125,xgboost_feat
PEAR_WILLIAMS,RETAIL,NL-ZH,2026-02-01,2026-02-28,Monthly,,KG,3.334,3.334,5008.79150390625,xgboost_feat
PEAR_WILLIAMS,RETAIL,NL-ZH,2026-03-01,2026-03-31,Monthly,,KG,3.334,3.334,4796.4248046875,xgboost_feat
PEAR_WILLIAMS,RETAIL,NL-ZH,2026-04-01,2026-04-30,Monthly,,KG,3.334,3.334,4780.34765625,xgboost_feat
PEAR_WILLIAMS,RETAIL,NL-ZH,2026-05-01,2026-05-31,Monthly,,KG,3.334,3.334,4618.14111328125,xgboost_feat
PEAR_WILLIAMS,RETAIL,NL-ZH,2026-06-01,2026-06-30,Monthly,,KG,3.334,3.334,4179.4580078125,xgboost_feat
PEAR_WILLIAMS,RETAIL,NL-ZH,2026-07-01,2026-07-31,Monthly,,KG,3.334,3.334,4101.013671875,xgboost_feat
PEAR_WILLIAMS,RETAIL,NL-ZH,2026-08-01,2026-08-31,Monthly,,KG,3.334,3.334,4154.84326171875,xgboost_feat
PEAR_WILLIAMS,RETAIL,NL-ZH,2026-09-01,2026-09-30,Monthly,,KG,3.334,3.334,4184.98681640625,xgboost_feat
PEAR_WILLIAMS,RETAIL,NL-ZH,2026-10-01,2026-10-31,Monthly,,KG,3.334,3.334,4533.8984375,xgboost_feat
PEAR_WILLIAMS,RETAIL,NL-ZH,2026-11-01,2026-11-30,Monthly,,KG,3.334,3.334,4729.26806640625,xgboost_feat
PEAR_WILLIAMS,RETAIL,NL-ZH,2026-12-01,2026-12-31,Monthly,,KG,3.334,3.334,4817.11962890625,xgboost_feat
PEAR_WILLIAMS,RETAIL,NL-ZH,2027-01-01,2027-01-31,Monthly,,KG,3.334,3.334,4867.25439453125,xgboost_feat
PEAR_WILLIAMS,WHOLESALE,NL-GE,2026-02-01,2026-02-28,Monthly,,KG,3.038,3.038,5008.12060546875,xgboost_feat
PEAR_WILLIAMS,WHOLESALE,NL-GE,2026-03-01,2026-03-31,Monthly,,KG,3.038,3.038,4863.1181640625,xgboost_feat
PEAR_WILLIAMS,WHOLESALE,NL-GE,2026-04-01,2026-04-30,Monthly,,KG,3.038,3.038,4822.0478515625,xgboost_feat
PEAR_WILLIAMS,WHOLESALE,NL-GE,2026-05-01,2026-05-31,Monthly,,KG,3.038,3.038,4622.3984375,xgboost_feat
PEAR_WILLIAMS,WHOLESALE,NL-GE,2026-06-01,2026-06-30,Monthly,,KG,3.038,3.038,3856.1904296875,xgboost_feat
PEAR_WILLIAMS,WHOLESALE,NL-GE,2026-07-01,2026-07-31,Monthly,,KG,3.038,3.038,4062.818603515625,xgboost_feat
PEAR_WILLIAMS,WHOLESALE,NL-GE,2026-08-01,2026-08-31,Monthly,,KG,3.038,3.038,4135.3837890625,xgboost_feat
PEAR_WILLIAMS,WHOLESALE,NL-GE,2026-09-01,2026-09-30,Monthly,,KG,3.038,3.038,4133.0791015625,xgboost_feat
PEAR_WILLIAMS,WHOLESALE,NL-GE,2026-10-01,2026-10-31,Monthly,,KG,3.038,3.038,4515.68798828125,xgboost_feat
PEAR_WILLIAMS,WHOLESALE,NL-GE,2026-11-01,2026-11-30,Monthly,,KG,3.038,3.038,4779.033203125,xgboost_feat
PEAR_WILLIAMS,WHOLESALE,NL-GE,2026-12-01,2026-12-31,Monthly,,KG,3.038,3.038,4881.76806640625,xgboost_feat
PEAR_WILLIAMS,WHOLESALE,NL-GE,2027-01-01,2027-01-31,Monthly,,KG,3.038,3.038,4862.07568359375,xgboost_feat
PEAR_WILLIAMS,WHOLESALE,NL-NB,2026-02-01,2026-02-28,Monthly,,KG,3.149,3.149,5006.47900390625,xgboost_feat
PEAR_WILLIAMS,WHOLESALE,NL-NB,2026-03-01,2026-03-31,Monthly,,KG,3.149,3.149,4860.041015625,xgboost_feat
PEAR_WILLIAMS,WHOLESALE,NL-NB,2026-04-01,2026-04-30,Monthly,,KG,3.149,3.149,4819.27685546875,xgboost_feat
PEAR_WILLIAMS,WHOLESALE,NL-NB,2026-05-01,2026-05-31,Monthly,,KG,3.149,3.149,4616.13720703125,xgboost_feat
PEAR_WILLIAMS,WHOLESALE,NL-NB,2026-06-01,2026-06-30,Monthly,,KG,3.149,3.149,4176.1474609375,xgboost_feat
PEAR_WILLIAMS,WHOLESALE,NL-NB,2026-07-01,2026-07-31,Monthly,,KG,3.149,3.149,4101.1728515625,xgboost_feat
PEAR_WILLIAMS,WHOLESALE,NL-NB,2026-08-01,2026-08-31,Monthly,,KG,3.149,3.149,4152.80859375,xgboost_feat
PEAR_WILLIAMS,WHOLESALE,NL-NB,2026-09-01,2026-09-30,Monthly,,KG,3.149,3.149,4182.11669921875,xgboost_feat
PEAR_WILLIAMS,WHOLESALE,NL-NB,2026-10-01,2026-10-31,Monthly,,KG,3.149,3.149,4571.4248046875,xgboost_feat
PEAR_WILLIAMS,WHOLESALE,NL-NB,2026-11-01,2026-11-30,Monthly,,KG,3.149,3.149,4788.87841796875,xgboost_feat
PEAR_WILLIAMS,WHOLESALE,NL-NB,2026-12-01,2026-12-31,Monthly,,KG,3.149,3.149,4873.4345703125,xgboost_feat
PEAR_WILLIAMS,WHOLESALE,NL-NB,2027-01-01,2027-01-31,Monthly,,KG,3.149,3.149,4863.25048828125,xgboost_feat
PEAR_WILLIAMS,WHOLESALE,NL-NH,2026-02-01,2026-02-28,Monthly,,KG,3.238,3.238,5008.79052734375,xgboost_feat
PEAR_WILLIAMS,WHOLESALE,NL-NH,2026-03-01,2026-03-31,Monthly,,KG,3.238,3.238,4859.6142578125,xgboost_feat
PEAR_WILLIAMS,WHOLESALE,NL-NH,2026-04-01,2026-04-30,Monthly,,KG,3.238,3.238,4814.75146484375,xgboost_feat
PEAR_WILLIAMS,WHOLESALE,NL-NH,2026-05-01,2026-05-31,Monthly,,KG,3.238,3.238,4699.09814453125,xgboost_feat
PEAR_WILLIAMS,WHOLESALE,NL-NH,2026-06-01,2026-06-30,Monthly,,KG,3.238,3.238,4174.720703125,xgboost_feat
PEAR_WILLIAMS,WHOLESALE,NL-NH,2026-07-01,2026-07-31,Monthly,,KG,3.238,3.238,4091.50634765625,xgboost_feat
PEAR_WILLIAMS,WHOLESALE,NL-NH,2026-08-01,2026-08-31,Monthly,,KG,3.238,3.238,4015.29638671875,xgboost_feat
PEAR_WILLIAMS,WHOLESALE,NL-NH,2026-09-01,2026-09-30,Monthly,,KG,3.238,3.238,4169.208984375,xgboost_feat
PEAR_WILLIAMS,WHOLESALE,NL-NH,2026-10-01,2026-10-31,Monthly,,KG,3.238,3.238,4521.2724609375,xgboost_feat
PEAR_WILLIAMS,WHOLESALE,NL-NH,2026-11-01,2026-11-30,Monthly,,KG,3.238,3.238,4738.27294921875,xgboost_feat
PEAR_WILLIAMS,WHOLESALE,NL-NH,2026-12-01,2026-12-31,Monthly,,KG,3.238,3.238,4816.82177734375,xgboost_feat
PEAR_WILLIAMS,WHOLESALE,NL-NH,2027-01-01,2027-01-31,Monthly,,KG,3.238,3.238,4862.0771484375,xgboost_feat
PEAR_WILLIAMS,WHOLESALE,NL-ZH,2026-02-01,2026-02-28,Monthly,,KG,3.327,3.327,5008.79052734375,xgboost_feat
PEAR_WILLIAMS,WHOLESALE,NL-ZH,2026-03-01,2026-03-31,Monthly,,KG,3.327,3.327,4796.4248046875,xgboost_feat
PEAR_WILLIAMS,WHOLESALE,NL-ZH,2026-04-01,2026-04-30,Monthly,,KG,3.327,3.327,4800.12939453125,xgboost_feat
PEAR_WILLIAMS,WHOLESALE,NL-ZH,2026-05-01,2026-05-31,Monthly,,KG,3.327,3.327,4618.14111328125,xgboost_feat
PEAR_WILLIAMS,WHOLESALE,NL-ZH,2026-06-01,2026-06-30,Monthly,,KG,3.327,3.327,4179.46484375,xgboost_feat
PEAR_WILLIAMS,WHOLESALE,NL-ZH,2026-07-01,2026-07-31,Monthly,,KG,3.327,3.327,4095.510498046875,xgboost_feat
PEAR_WILLIAMS,WHOLESALE,NL-ZH,2026-08-01,2026-08-31,Monthly,,KG,3.327,3.327,4154.84130859375,xgboost_feat
PEAR_WILLIAMS,WHOLESALE,NL-ZH,2026-09-01,2026-09-30,Monthly,,KG,3.327,3.327,4178.38134765625,xgboost_feat
PEAR_WILLIAMS,WHOLESALE,NL-ZH,2026-10-01,2026-10-31,Monthly,,KG,3.327,3.327,4533.8984375,xgboost_feat
PEAR_WILLIAMS,WHOLESALE,NL-ZH,2026-11-01,2026-11-30,Monthly,,KG,3.327,3.327,4729.26806640625,xgboost_feat
PEAR_WILLIAMS,WHOLESALE,NL-ZH,2026-12-01,2026-12-31,Monthly,,KG,3.327,3.327,4817.11962890625,xgboost_feat
PEAR_WILLIAMS,WHOLESALE,NL-ZH,2027-01-01,2027-01-31,Monthly,,KG,3.327,3.327,4868.52099609375,xgboost_feat
