ProductID,ChannelID,LocationID,StartDate,EndDate,Period,Qty,UOM,NetPrice,ListPrice,ForecastQty,Method
APPLE_ELSTAR,ONLINE,NL-GE,2026-02-02,2026-02-08,Weekly,,KG,2.6,2.6,1093.0711669921875,xgboost_baseline
APPLE_ELSTAR,ONLINE,NL-GE,2026-02-09,2026-02-15,Weekly,,KG,2.6,2.6,974.82373046875,xgboost_baseline
APPLE_ELSTAR,ONLINE,NL-GE,2026-02-16,2026-02-22,Weekly,,KG,2.6,2.6,1115.690673828125,xgboost_baseline
APPLE_ELSTAR,ONLINE,NL-GE,2026-02-23,2026-03-01,Weekly,,KG,2.6,2.6,1114.9326171875,xgboost_baseline
APPLE_ELSTAR,ONLINE,NL-GE,2026-03-02,2026-03-08,Weekly,,KG,2.6,2.6,1119.5421142578125,xgboost_baseline
APPLE_ELSTAR,ONLINE,NL-GE,2026-03-09,2026-03-15,Weekly,,KG,2.6,2.6,1082.937255859375,xgboost_baseline
APPLE_ELSTAR,ONLINE,NL-GE,2026-03-16,2026-03-22,Weekly,,KG,2.6,2.6,1047.7906494140625,xgboost_baseline
APPLE_ELSTAR,ONLINE,NL-GE,2026-03-23,2026-03-29,Weekly,,KG,2.6,2.6,1123.3680419921875,xgboost_baseline
APPLE_ELSTAR,ONLINE,NL-GE,2026-03-30,2026-04-05,Weekly,,KG,2.6,2.6,1102.83056640625,xgboost_baseline
APPLE_ELSTAR,ONLINE,NL-GE,2026-04-06,2026-04-12,Weekly,,KG,2.6,2.6,1131.939697265625,xgboost_baseline
APPLE_ELSTAR,ONLINE,NL-GE,2026-04-13,2026-04-19,Weekly,,KG,2.6,2.6,1051.934326171875,xgboost_baseline
APPLE_ELSTAR,ONLINE,NL-GE,2026-04-20,2026-04-26,Weekly,,KG,2.6,2.6,1049.106201171875,xgboost_baseline
APPLE_ELSTAR,ONLINE,NL-GE,2026-04-27,2026-05-03,Weekly,,KG,2.6,2.6,1020.6569213867188,xgboost_baseline
APPLE_ELSTAR,ONLINE,NL-NB,2026-02-02,2026-02-08,Weekly,,KG,2.639,2.639,1029.133544921875,xgboost_baseline
APPLE_ELSTAR,ONLINE,NL-NB,2026-02-09,2026-02-15,Weekly,,KG,2.639,2.639,1059.4727783203125,xgboost_baseline
APPLE_ELSTAR,ONLINE,NL-NB,2026-02-16,2026-02-22,Weekly,,KG,2.639,2.639,1102.0113525390625,xgboost_baseline
APPLE_ELSTAR,ONLINE,NL-NB,2026-02-23,2026-03-01,Weekly,,KG,2.639,2.639,1115.127197265625,xgboost_baseline
APPLE_ELSTAR,ONLINE,NL-NB,2026-03-02,2026-03-08,Weekly,,KG,2.639,2.639,1104.06787109375,xgboost_baseline
APPLE_ELSTAR,ONLINE,NL-NB,2026-03-09,2026-03-15,Weekly,,KG,2.639,2.639,1098.9923095703125,xgboost_baseline
APPLE_ELSTAR,ONLINE,NL-NB,2026-03-16,2026-03-22,Weekly,,KG,2.639,2.639,1046.0067138671875,xgboost_baseline
APPLE_ELSTAR,ONLINE,NL-NB,2026-03-23,2026-03-29,Weekly,,KG,2.639,2.639,1112.6092529296875,xgboost_baseline
APPLE_ELSTAR,ONLINE,NL-NB,2026-03-30,2026-04-05,Weekly,,KG,2.639,2.639,1071.7271728515625,xgboost_baseline
APPLE_ELSTAR,ONLINE,NL-NB,2026-04-06,2026-04-12,Weekly,,KG,2.639,2.639,1080.3909912109375,xgboost_baseline
APPLE_ELSTAR,ONLINE,NL-NB,2026-04-13,2026-04-19,Weekly,,KG,2.639,2.639,1059.771240234375,xgboost_baseline
APPLE_ELSTAR,ONLINE,NL-NB,2026-04-20,2026-04-26,Weekly,,KG,2.639,2.639,1053.51806640625,xgboost_baseline
APPLE_ELSTAR,ONLINE,NL-NB,2026-04-27,2026-05-03,Weekly,,KG,2.639,2.639,998.37451171875,xgboost_baseline
APPLE_ELSTAR,ONLINE,NL-NH,2026-02-02,2026-02-08,Weekly,,KG,2.83,2.83,1024.0906982421875,xgboost_baseline
APPLE_ELSTAR,ONLINE,NL-NH,2026-02-09,2026-02-15,Weekly,,KG,2.83,2.83,1052.818603515625,xgboost_baseline
APPLE_ELSTAR,ONLINE,NL-NH,2026-02-16,2026-02-22,Weekly,,KG,2.83,2.83,1086.29443359375,xgboost_baseline
APPLE_ELSTAR,ONLINE,NL-NH,2026-02-23,2026-03-01,Weekly,,KG,2.83,2.83,1078.9246826171875,xgboost_baseline
APPLE_ELSTAR,ONLINE,NL-NH,2026-03-02,2026-03-08,Weekly,,KG,2.83,2.83,1089.9310302734375,xgboost_baseline
APPLE_ELSTAR,ONLINE,NL-NH,2026-03-09,2026-03-15,Weekly,,KG,2.83,2.83,1065.0177001953125,xgboost_baseline
APPLE_ELSTAR,ONLINE,NL-NH,2026-03-16,2026-03-22,Weekly,,KG,2.83,2.83,1059.777099609375,xgboost_baseline
APPLE_ELSTAR,ONLINE,NL-NH,2026-03-23,2026-03-29,Weekly,,KG,2.83,2.83,1030.96484375,xgboost_baseline
APPLE_ELSTAR,ONLINE,NL-NH,2026-03-30,2026-04-05,Weekly,,KG,2.83,2.83,1070.44921875,xgboost_baseline
APPLE_ELSTAR,ONLINE,NL-NH,2026-04-06,2026-04-12,Weekly,,KG,2.83,2.83,1027.37646484375,xgboost_baseline
APPLE_ELSTAR,ONLINE,NL-NH,2026-04-13,2026-04-19,Weekly,,KG,2.83,2.83,1060.4620361328125,xgboost_baseline
APPLE_ELSTAR,ONLINE,NL-NH,2026-04-20,2026-04-26,Weekly,,KG,2.83,2.83,1047.4566650390625,xgboost_baseline
APPLE_ELSTAR,ONLINE,NL-NH,2026-04-27,2026-05-03,Weekly,,KG,2.83,2.83,989.1798706054688,xgboost_baseline
APPLE_ELSTAR,ONLINE,NL-ZH,2026-02-02,2026-02-08,Weekly,,KG,2.873,2.873,1047.134033203125,xgboost_baseline
APPLE_ELSTAR,ONLINE,NL-ZH,2026-02-09,2026-02-15,Weekly,,KG,2.873,2.873,1028.3258056640625,xgboost_baseline
APPLE_ELSTAR,ONLINE,NL-ZH,2026-02-16,2026-02-22,Weekly,,KG,2.873,2.873,1034.73828125,xgboost_baseline
APPLE_ELSTAR,ONLINE,NL-ZH,2026-02-23,2026-03-01,Weekly,,KG,2.873,2.873,1002.850341796875,xgboost_baseline
APPLE_ELSTAR,ONLINE,NL-ZH,2026-03-02,2026-03-08,Weekly,,KG,2.873,2.873,1025.7266845703125,xgboost_baseline
APPLE_ELSTAR,ONLINE,NL-ZH,2026-03-09,2026-03-15,Weekly,,KG,2.873,2.873,1028.209228515625,xgboost_baseline
APPLE_ELSTAR,ONLINE,NL-ZH,2026-03-16,2026-03-22,Weekly,,KG,2.873,2.873,1041.9317626953125,xgboost_baseline
APPLE_ELSTAR,ONLINE,NL-ZH,2026-03-23,2026-03-29,Weekly,,KG,2.873,2.873,1047.363037109375,xgboost_baseline
APPLE_ELSTAR,ONLINE,NL-ZH,2026-03-30,2026-04-05,Weekly,,KG,2.873,2.873,1067.823486328125,xgboost_baseline
APPLE_ELSTAR,ONLINE,NL-ZH,2026-04-06,2026-04-12,Weekly,,KG,2.873,2.873,1065.5888671875,xgboost_baseline
APPLE_ELSTAR,ONLINE,NL-ZH,2026-04-13,2026-04-19,Weekly,,KG,2.873,2.873,1053.2010498046875,xgboost_baseline
APPLE_ELSTAR,ONLINE,NL-ZH,2026-04-20,2026-04-26,Weekly,,KG,2.873,2.873,1059.7427978515625,xgboost_baseline
APPLE_ELSTAR,ONLINE,NL-ZH,2026-04-27,2026-05-03,Weekly,,KG,2.873,2.873,1014.5354614257812,xgboost_baseline
APPLE_ELSTAR,RETAIL,NL-GE,2026-02-02,2026-02-08,Weekly,,KG,2.624,2.624,1023.1565551757812,xgboost_baseline
APPLE_ELSTAR,RETAIL,NL-GE,2026-02-09,2026-02-15,Weekly,,KG,2.624,2.624,1007.9511108398438,xgboost_baseline
APPLE_ELSTAR,RETAIL,NL-GE,2026-02-16,2026-02-22,Weekly,,KG,2.624,2.624,1002.5028686523438,xgboost_baseline
APPLE_ELSTAR,RETAIL,NL-GE,2026-02-23,2026-03-01,Weekly,,KG,2.624,2.624,1003.6620483398438,xgboost_baseline
APPLE_ELSTAR,RETAIL,NL-GE,2026-03-02,2026-03-08,Weekly,,KG,2.624,2.624,928.4751586914062,xgboost_baseline
APPLE_ELSTAR,RETAIL,NL-GE,2026-03-09,2026-03-15,Weekly,,KG,2.624,2.624,911.5343627929688,xgboost_baseline
APPLE_ELSTAR,RETAIL,NL-GE,2026-03-16,2026-03-22,Weekly,,KG,2.624,2.624,839.6631469726562,xgboost_baseline
APPLE_ELSTAR,RETAIL,NL-GE,2026-03-23,2026-03-29,Weekly,,KG,2.624,2.624,847.8668823242188,xgboost_baseline
APPLE_ELSTAR,RETAIL,NL-GE,2026-03-30,2026-04-05,Weekly,,KG,2.624,2.624,915.2466430664062,xgboost_baseline
APPLE_ELSTAR,RETAIL,NL-GE,2026-04-06,2026-04-12,Weekly,,KG,2.624,2.624,925.44287109375,xgboost_baseline
APPLE_ELSTAR,RETAIL,NL-GE,2026-04-13,2026-04-19,Weekly,,KG,2.624,2.624,901.3328857421875,xgboost_baseline
APPLE_ELSTAR,RETAIL,NL-GE,2026-04-20,2026-04-26,Weekly,,KG,2.624,2.624,892.518798828125,xgboost_baseline
APPLE_ELSTAR,RETAIL,NL-GE,2026-04-27,2026-05-03,Weekly,,KG,2.624,2.624,889.5947265625,xgboost_baseline
APPLE_ELSTAR,RETAIL,NL-NB,2026-02-02,2026-02-08,Weekly,,KG,2.73,2.73,1030.419921875,xgboost_baseline
APPLE_ELSTAR,RETAIL,NL-NB,2026-02-09,2026-02-15,Weekly,,KG,2.73,2.73,1016.1867065429688,xgboost_baseline
APPLE_ELSTAR,RETAIL,NL-NB,2026-02-16,2026-02-22,Weekly,,KG,2.73,2.73,1016.1998901367188,xgboost_baseline
APPLE_ELSTAR,RETAIL,NL-NB,2026-02-23,2026-03-01,Weekly,,KG,2.73,2.73,1016.1998901367188,xgboost_baseline
APPLE_ELSTAR,RETAIL,NL-NB,2026-03-02,2026-03-08,Weekly,,KG,2.73,2.73,1025.1549072265625,xgboost_baseline
APPLE_ELSTAR,RETAIL,NL-NB,2026-03-09,2026-03-15,Weekly,,KG,2.73,2.73,935.3255004882812,xgboost_baseline
APPLE_ELSTAR,RETAIL,NL-NB,2026-03-16,2026-03-22,Weekly,,KG,2.73,2.73,906.3369140625,xgboost_baseline
APPLE_ELSTAR,RETAIL,NL-NB,2026-03-23,2026-03-29,Weekly,,KG,2.73,2.73,900.26171875,xgboost_baseline
APPLE_ELSTAR,RETAIL,NL-NB,2026-03-30,2026-04-05,Weekly,,KG,2.73,2.73,809.0130004882812,xgboost_baseline
APPLE_ELSTAR,RETAIL,NL-NB,2026-04-06,2026-04-12,Weekly,,KG,2.73,2.73,937.576416015625,xgboost_baseline
APPLE_ELSTAR,RETAIL,NL-NB,2026-04-13,2026-04-19,Weekly,,KG,2.73,2.73,940.5552978515625,xgboost_baseline
APPLE_ELSTAR,RETAIL,NL-NB,2026-04-20,2026-04-26,Weekly,,KG,2.73,2.73,934.290283203125,xgboost_baseline
APPLE_ELSTAR,RETAIL,NL-NB,2026-04-27,2026-05-03,Weekly,,KG,2.73,2.73,914.1903076171875,xgboost_baseline
APPLE_ELSTAR,RETAIL,NL-NH,2026-02-02,2026-02-08,Weekly,,KG,2.763,2.763,1030.419921875,xgboost_baseline
APPLE_ELSTAR,RETAIL,NL-NH,2026-02-09,2026-02-15,Weekly,,KG,2.763,2.763,1016.1867065429688,xgboost_baseline
APPLE_ELSTAR,RETAIL,NL-NH,2026-02-16,2026-02-22,Weekly,,KG,2.763,2.763,1016.1998901367188,xgboost_baseline
APPLE_ELSTAR,RETAIL,NL-NH,2026-02-23,2026-03-01,Weekly,,KG,2.763,2.763,1016.1998901367188,xgboost_baseline
APPLE_ELSTAR,RETAIL,NL-NH,2026-03-02,2026-03-08,Weekly,,KG,2.763,2.763,1025.1549072265625,xgboost_baseline
APPLE_ELSTAR,RETAIL,NL-NH,2026-03-09,2026-03-15,Weekly,,KG,2.763,2.763,935.3255004882812,xgboost_baseline
APPLE_ELSTAR,RETAIL,NL-NH,2026-03-16,2026-03-22,Weekly,,KG,2.763,2.763,906.3369140625,xgboost_baseline
APPLE_ELSTAR,RETAIL,NL-NH,2026-03-23,2026-03-29,Weekly,,KG,2.763,2.763,900.26171875,xgboost_baseline
APPLE_ELSTAR,RETAIL,NL-NH,2026-03-30,2026-04-05,Weekly,,KG,2.763,2.763,809.0130004882812,xgboost_baseline
APPLE_ELSTAR,RETAIL,NL-NH,2026-04-06,2026-04-12,Weekly,,KG,2.763,2.763,937.576416015625,xgboost_baseline
APPLE_ELSTAR,RETAIL,NL-NH,2026-04-13,2026-04-19,Weekly,,KG,2.763,2.763,940.5552978515625,xgboost_baseline
APPLE_ELSTAR,RETAIL,NL-NH,2026-04-20,2026-04-26,Weekly,,KG,2.763,2.763,934.290283203125,xgboost_baseline
APPLE_ELSTAR,RETAIL,NL-NH,2026-04-27,2026-05-03,Weekly,,KG,2.763,2.763,914.1903076171875,xgboost_baseline
APPLE_ELSTAR,RETAIL,NL-ZH,2026-02-02,2026-02-08,Weekly,,KG,2.858,2.858,1030.419921875,xgboost_baseline
APPLE_ELSTAR,RETAIL,NL-ZH,2026-02-09,2026-02-15,Weekly,,KG,2.858,2.858,1016.1867065429688,xgboost_baseline
APPLE_ELSTAR,RETAIL,NL-ZH,2026-02-16,2026-02-22,Weekly,,KG,2.858,2.858,1016.1998901367188,xgboost_baseline
APPLE_ELSTAR,RETAIL,NL-ZH,2026-02-23,2026-03-01,Weekly,,KG,2.858,2.858,1016.1998901367188,xgboost_baseline
APPLE_ELSTAR,RETAIL,NL-ZH,2026-03-02,2026-03-08,Weekly,,KG,2.858,2.858,1025.1549072265625,xgboost_baseline
APPLE_ELSTAR,RETAIL,NL-ZH,2026-03-09,2026-03-15,Weekly,,KG,2.858,2.858,935.3255004882812,xgboost_baseline
APPLE_ELSTAR,RETAIL,NL-ZH,2026-03-16,2026-03-22,Weekly,,KG,2.858,2.858,906.3369140625,xgboost_baseline
APPLE_ELSTAR,RETAIL,NL-ZH,2026-03-23,2026-03-29,Weekly,,KG,2.858,2.858,900.26171875,xgboost_baseline
APPLE_ELSTAR,RETAIL,NL-ZH,2026-03-30,2026-04-05,Weekly,,KG,2.858,2.858,809.0130004882812,xgboost_baseline
APPLE_ELSTAR,RETAIL,NL-ZH,2026-04-06,2026-04-12,Weekly,,KG,2.858,2.858,937.576416015625,xgboost_baseline
APPLE_ELSTAR,RETAIL,NL-ZH,2026-04-13,2026-04-19,Weekly,,KG,2.858,2.858,940.5552978515625,xgboost_baseline
APPLE_ELSTAR,RETAIL,NL-ZH,2026-04-20,2026-04-26,Weekly,,KG,2.858,2.858,934.290283203125,xgboost_baseline
APPLE_ELSTAR,RETAIL,NL-ZH,2026-04-27,2026-05-03,Weekly,,KG,2.858,2.858,913.8629150390625,xgboost_baseline
APPLE_ELSTAR,WHOLESALE,NL-GE,2026-02-02,2026-02-08,Weekly,,KG,2.559,2.559,1025.745849609375,xgboost_baseline
APPLE_ELSTAR,WHOLESALE,NL-GE,2026-02-09,2026-02-15,Weekly,,KG,2.559,2.559,1020.9484252929688,xgboost_baseline
APPLE_ELSTAR,WHOLESALE,NL-GE,2026-02-16,2026-02-22,Weekly,,KG,2.559,2.559,1020.9849243164062,xgboost_baseline
APPLE_ELSTAR,WHOLESALE,NL-GE,2026-02-23,2026-03-01,Weekly,,KG,2.559,2.559,1020.9849243164062,xgboost_baseline
APPLE_ELSTAR,WHOLESALE,NL-GE,2026-03-02,2026-03-08,Weekly,,KG,2.559,2.559,942.1295776367188,xgboost_baseline
APPLE_ELSTAR,WHOLESALE,NL-GE,2026-03-09,2026-03-15,Weekly,,KG,2.559,2.559,898.0096435546875,xgboost_baseline
APPLE_ELSTAR,WHOLESALE,NL-GE,2026-03-16,2026-03-22,Weekly,,KG,2.559,2.559,894.2041015625,xgboost_baseline
APPLE_ELSTAR,WHOLESALE,NL-GE,2026-03-23,2026-03-29,Weekly,,KG,2.559,2.559,809.89794921875,xgboost_baseline
APPLE_ELSTAR,WHOLESALE,NL-GE,2026-03-30,2026-04-05,Weekly,,KG,2.559,2.559,943.4095458984375,xgboost_baseline
APPLE_ELSTAR,WHOLESALE,NL-GE,2026-04-06,2026-04-12,Weekly,,KG,2.559,2.559,950.8887329101562,xgboost_baseline
APPLE_ELSTAR,WHOLESALE,NL-GE,2026-04-13,2026-04-19,Weekly,,KG,2.559,2.559,935.5136108398438,xgboost_baseline
APPLE_ELSTAR,WHOLESALE,NL-GE,2026-04-20,2026-04-26,Weekly,,KG,2.559,2.559,858.4830322265625,xgboost_baseline
APPLE_ELSTAR,WHOLESALE,NL-GE,2026-04-27,2026-05-03,Weekly,,KG,2.559,2.559,860.154296875,xgboost_baseline
APPLE_ELSTAR,WHOLESALE,NL-NB,2026-02-02,2026-02-08,Weekly,,KG,2.622,2.622,1029.41748046875,xgboost_baseline
APPLE_ELSTAR,WHOLESALE,NL-NB,2026-02-09,2026-02-15,Weekly,,KG,2.622,2.622,1006.5289916992188,xgboost_baseline
APPLE_ELSTAR,WHOLESALE,NL-NB,2026-02-16,2026-02-22,Weekly,,KG,2.622,2.622,1002.3674926757812,xgboost_baseline
APPLE_ELSTAR,WHOLESALE,NL-NB,2026-02-23,2026-03-01,Weekly,,KG,2.622,2.622,1002.2678833007812,xgboost_baseline
APPLE_ELSTAR,WHOLESALE,NL-NB,2026-03-02,2026-03-08,Weekly,,KG,2.622,2.622,1010.3062133789062,xgboost_baseline
APPLE_ELSTAR,WHOLESALE,NL-NB,2026-03-09,2026-03-15,Weekly,,KG,2.622,2.622,918.9644775390625,xgboost_baseline
APPLE_ELSTAR,WHOLESALE,NL-NB,2026-03-16,2026-03-22,Weekly,,KG,2.622,2.622,904.7604370117188,xgboost_baseline
APPLE_ELSTAR,WHOLESALE,NL-NB,2026-03-23,2026-03-29,Weekly,,KG,2.622,2.622,830.9911499023438,xgboost_baseline
APPLE_ELSTAR,WHOLESALE,NL-NB,2026-03-30,2026-04-05,Weekly,,KG,2.622,2.622,865.3142700195312,xgboost_baseline
APPLE_ELSTAR,WHOLESALE,NL-NB,2026-04-06,2026-04-12,Weekly,,KG,2.622,2.622,902.7886352539062,xgboost_baseline
APPLE_ELSTAR,WHOLESALE,NL-NB,2026-04-13,2026-04-19,Weekly,,KG,2.622,2.622,905.684814453125,xgboost_baseline
APPLE_ELSTAR,WHOLESALE,NL-NB,2026-04-20,2026-04-26,Weekly,,KG,2.622,2.622,895.83056640625,xgboost_baseline
APPLE_ELSTAR,WHOLESALE,NL-NB,2026-04-27,2026-05-03,Weekly,,KG,2.622,2.622,899.5994262695312,xgboost_baseline
APPLE_ELSTAR,WHOLESALE,NL-NH,2026-02-02,2026-02-08,Weekly,,KG,2.776,2.776,1030.3179931640625,xgboost_baseline
APPLE_ELSTAR,WHOLESALE,NL-NH,2026-02-09,2026-02-15,Weekly,,KG,2.776,2.776,1016.1867065429688,xgboost_baseline
APPLE_ELSTAR,WHOLESALE,NL-NH,2026-02-16,2026-02-22,Weekly,,KG,2.776,2.776,1016.1998901367188,xgboost_baseline
APPLE_ELSTAR,WHOLESALE,NL-NH,2026-02-23,2026-03-01,Weekly,,KG,2.776,2.776,1016.1998901367188,xgboost_baseline
APPLE_ELSTAR,WHOLESALE,NL-NH,2026-03-02,2026-03-08,Weekly,,KG,2.776,2.776,1025.1549072265625,xgboost_baseline
APPLE_ELSTAR,WHOLESALE,NL-NH,2026-03-09,2026-03-15,Weekly,,KG,2.776,2.776,935.3255004882812,xgboost_baseline
APPLE_ELSTAR,WHOLESALE,NL-NH,2026-03-16,2026-03-22,Weekly,,KG,2.776,2.776,906.3369140625,xgboost_baseline
APPLE_ELSTAR,WHOLESALE,NL-NH,2026-03-23,2026-03-29,Weekly,,KG,2.776,2.776,900.26171875,xgboost_baseline
APPLE_ELSTAR,WHOLESALE,NL-NH,2026-03-30,2026-04-05,Weekly,,KG,2.776,2.776,809.0130004882812,xgboost_baseline
APPLE_ELSTAR,WHOLESALE,NL-NH,2026-04-06,2026-04-12,Weekly,,KG,2.776,2.776,937.576416015625,xgboost_baseline
APPLE_ELSTAR,WHOLESALE,NL-NH,2026-04-13,2026-04-19,Weekly,,KG,2.776,2.776,940.5552978515625,xgboost_baseline
APPLE_ELSTAR,WHOLESALE,NL-NH,2026-04-20,2026-04-26,Weekly,,KG,2.776,2.776,934.290283203125,xgboost_baseline
APPLE_ELSTAR,WHOLESALE,NL-NH,2026-04-27,2026-05-03,Weekly,,KG,2.776,2.776,920.79248046875,xgboost_baseline
APPLE_ELSTAR,WHOLESALE,NL-ZH,2026-02-02,2026-02-08,Weekly,,KG,2.884,2.884,1030.419921875,xgboost_baseline
APPLE_ELSTAR,WHOLESALE,NL-ZH,2026-02-09,2026-02-15,Weekly,,KG,2.884,2.884,1016.1867065429688,xgboost_baseline
APPLE_ELSTAR,WHOLESALE,NL-ZH,2026-02-16,2026-02-22,Weekly,,KG,2.884,2.884,1016.1998901367188,xgboost_baseline
APPLE_ELSTAR,WHOLESALE,NL-ZH,2026-02-23,2026-03-01,Weekly,,KG,2.884,2.884,1016.1998901367188,xgboost_baseline
APPLE_ELSTAR,WHOLESALE,NL-ZH,2026-03-02,2026-03-08,Weekly,,KG,2.884,2.884,1025.1549072265625,xgboost_baseline
APPLE_ELSTAR,WHOLESALE,NL-ZH,2026-03-09,2026-03-15,Weekly,,KG,2.884,2.884,935.3255004882812,xgboost_baseline
APPLE_ELSTAR,WHOLESALE,NL-ZH,2026-03-16,2026-03-22,Weekly,,KG,2.884,2.884,906.3369140625,xgboost_baseline
APPLE_ELSTAR,WHOLESALE,NL-ZH,2026-03-23,2026-03-29,Weekly,,KG,2.884,2.884,900.26171875,xgboost_baseline
APPLE_ELSTAR,WHOLESALE,NL-ZH,2026-03-30,2026-04-05,Weekly,,KG,2.884,2.884,809.0130004882812,xgboost_baseline
APPLE_ELSTAR,WHOLESALE,NL-ZH,2026-04-06,2026-04-12,Weekly,,KG,2.884,2.884,937.576416015625,xgboost_baseline
APPLE_ELSTAR,WHOLESALE,NL-ZH,2026-04-13,2026-04-19,Weekly,,KG,2.884,2.884,940.5552978515625,xgboost_baseline
APPLE_ELSTAR,WHOLESALE,NL-ZH,2026-04-20,2026-04-26,Weekly,,KG,2.884,2.884,934.290283203125,xgboost_baseline
APPLE_ELSTAR,WHOLESALE,NL-ZH,2026-04-27,2026-05-03,Weekly,,KG,2.884,2.884,914.390625,xgboost_baseline
APPLE_GALA,ONLINE,NL-GE,2026-02-02,2026-02-08,Weekly,,KG,2.602,2.602,985.6397705078125,xgboost_baseline
APPLE_GALA,ONLINE,NL-GE,2026-02-09,2026-02-15,Weekly,,KG,2.602,2.602,1063.8935546875,xgboost_baseline
APPLE_GALA,ONLINE,NL-GE,2026-02-16,2026-02-22,Weekly,,KG,2.602,2.602,1037.8966064453125,xgboost_baseline
APPLE_GALA,ONLINE,NL-GE,2026-02-23,2026-03-01,Weekly,,KG,2.602,2.602,1025.0418701171875,xgboost_baseline
APPLE_GALA,ONLINE,NL-GE,2026-03-02,2026-03-08,Weekly,,KG,2.602,2.602,1046.416748046875,xgboost_baseline
APPLE_GALA,ONLINE,NL-GE,2026-03-09,2026-03-15,Weekly,,KG,2.602,2.602,1024.76123046875,xgboost_baseline
APPLE_GALA,ONLINE,NL-GE,2026-03-16,2026-03-22,Weekly,,KG,2.602,2.602,1013.5349731445312,xgboost_baseline
APPLE_GALA,ONLINE,NL-GE,2026-03-23,2026-03-29,Weekly,,KG,2.602,2.602,991.4674072265625,xgboost_baseline
APPLE_GALA,ONLINE,NL-GE,2026-03-30,2026-04-05,Weekly,,KG,2.602,2.602,1066.3602294921875,xgboost_baseline
APPLE_GALA,ONLINE,NL-GE,2026-04-06,2026-04-12,Weekly,,KG,2.602,2.602,1053.9324951171875,xgboost_baseline
APPLE_GALA,ONLINE,NL-GE,2026-04-13,2026-04-19,Weekly,,KG,2.602,2.602,1032.6199951171875,xgboost_baseline
APPLE_GALA,ONLINE,NL-GE,2026-04-20,2026-04-26,Weekly,,KG,2.602,2.602,1027.834716796875,xgboost_baseline
APPLE_GALA,ONLINE,NL-GE,2026-04-27,2026-05-03,Weekly,,KG,2.602,2.602,1010.3591918945312,xgboost_baseline
APPLE_GALA,ONLINE,NL-NB,2026-02-02,2026-02-08,Weekly,,KG,2.672,2.672,1109.39111328125,xgboost_baseline
APPLE_GALA,ONLINE,NL-NB,2026-02-09,2026-02-15,Weekly,,KG,2.672,2.672,1080.049072265625,xgboost_baseline
APPLE_GALA,ONLINE,NL-NB,2026-02-16,2026-02-22,Weekly,,KG,2.672,2.672,1104.73486328125,xgboost_baseline
APPLE_GALA,ONLINE,NL-NB,2026-02-23,2026-03-01,Weekly,,KG,2.672,2.672,1113.60986328125,xgboost_baseline
APPLE_GALA,ONLINE,NL-NB,2026-03-02,2026-03-08,Weekly,,KG,2.672,2.672,1065.17431640625,xgboost_baseline
APPLE_GALA,ONLINE,NL-NB,2026-03-09,2026-03-15,Weekly,,KG,2.672,2.672,1105.6048583984375,xgboost_baseline
APPLE_GALA,ONLINE,NL-NB,2026-03-16,2026-03-22,Weekly,,KG,2.672,2.672,1094.903564453125,xgboost_baseline
APPLE_GALA,ONLINE,NL-NB,2026-03-23,2026-03-29,Weekly,,KG,2.672,2.672,1093.612548828125,xgboost_baseline
APPLE_GALA,ONLINE,NL-NB,2026-03-30,2026-04-05,Weekly,,KG,2.672,2.672,1079.447021484375,xgboost_baseline
APPLE_GALA,ONLINE,NL-NB,2026-04-06,2026-04-12,Weekly,,KG,2.672,2.672,1074.02783203125,xgboost_baseline
APPLE_GALA,ONLINE,NL-NB,2026-04-13,2026-04-19,Weekly,,KG,2.672,2.672,1019.2233276367188,xgboost_baseline
APPLE_GALA,ONLINE,NL-NB,2026-04-20,2026-04-26,Weekly,,KG,2.672,2.672,1026.9871826171875,xgboost_baseline
APPLE_GALA,ONLINE,NL-NB,2026-04-27,2026-05-03,Weekly,,KG,2.672,2.672,1050.83740234375,xgboost_baseline
APPLE_GALA,ONLINE,NL-NH,2026-02-02,2026-02-08,Weekly,,KG,2.748,2.748,1114.7996826171875,xgboost_baseline
APPLE_GALA,ONLINE,NL-NH,2026-02-09,2026-02-15,Weekly,,KG,2.748,2.748,1067.085693359375,xgboost_baseline
APPLE_GALA,ONLINE,NL-NH,2026-02-16,2026-02-22,Weekly,,KG,2.748,2.748,1088.24560546875,xgboost_baseline
APPLE_GALA,ONLINE,NL-NH,2026-02-23,2026-03-01,Weekly,,KG,2.748,2.748,1050.759765625,xgboost_baseline
APPLE_GALA,ONLINE,NL-NH,2026-03-02,2026-03-08,Weekly,,KG,2.748,2.748,1077.53857421875,xgboost_baseline
APPLE_GALA,ONLINE,NL-NH,2026-03-09,2026-03-15,Weekly,,KG,2.748,2.748,1033.445068359375,xgboost_baseline
APPLE_GALA,ONLINE,NL-NH,2026-03-16,2026-03-22,Weekly,,KG,2.748,2.748,1065.9561767578125,xgboost_baseline
APPLE_GALA,ONLINE,NL-NH,2026-03-23,2026-03-29,Weekly,,KG,2.748,2.748,1034.39306640625,xgboost_baseline
APPLE_GALA,ONLINE,NL-NH,2026-03-30,2026-04-05,Weekly,,KG,2.748,2.748,1086.312744140625,xgboost_baseline
APPLE_GALA,ONLINE,NL-NH,2026-04-06,2026-04-12,Weekly,,KG,2.748,2.748,1063.885009765625,xgboost_baseline
APPLE_GALA,ONLINE,NL-NH,2026-04-13,2026-04-19,Weekly,,KG,2.748,2.748,1049.3409423828125,xgboost_baseline
APPLE_GALA,ONLINE,NL-NH,2026-04-20,2026-04-26,Weekly,,KG,2.748,2.748,1054.134765625,xgboost_baseline
APPLE_GALA,ONLINE,NL-NH,2026-04-27,2026-05-03,Weekly,,KG,2.748,2.748,984.6482543945312,xgboost_baseline
APPLE_GALA,ONLINE,NL-ZH,2026-02-02,2026-02-08,Weekly,,KG,2.874,2.874,1049.9979248046875,xgboost_baseline
APPLE_GALA,ONLINE,NL-ZH,2026-02-09,2026-02-15,Weekly,,KG,2.874,2.874,1053.853271484375,xgboost_baseline
APPLE_GALA,ONLINE,NL-ZH,2026-02-16,2026-02-22,Weekly,,KG,2.874,2.874,1068.0047607421875,xgboost_baseline
APPLE_GALA,ONLINE,NL-ZH,2026-02-23,2026-03-01,Weekly,,KG,2.874,2.874,1052.855712890625,xgboost_baseline
APPLE_GALA,ONLINE,NL-ZH,2026-03-02,2026-03-08,Weekly,,KG,2.874,2.874,1067.556396484375,xgboost_baseline
APPLE_GALA,ONLINE,NL-ZH,2026-03-09,2026-03-15,Weekly,,KG,2.874,2.874,1050.576904296875,xgboost_baseline
APPLE_GALA,ONLINE,NL-ZH,2026-03-16,2026-03-22,Weekly,,KG,2.874,2.874,1064.527587890625,xgboost_baseline
APPLE_GALA,ONLINE,NL-ZH,2026-03-23,2026-03-29,Weekly,,KG,2.874,2.874,1056.38330078125,xgboost_baseline
APPLE_GALA,ONLINE,NL-ZH,2026-03-30,2026-04-05,Weekly,,KG,2.874,2.874,1053.6494140625,xgboost_baseline
APPLE_GALA,ONLINE,NL-ZH,2026-04-06,2026-04-12,Weekly,,KG,2.874,2.874,1083.806640625,xgboost_baseline
APPLE_GALA,ONLINE,NL-ZH,2026-04-13,2026-04-19,Weekly,,KG,2.874,2.874,1019.5299682617188,xgboost_baseline
APPLE_GALA,ONLINE,NL-ZH,2026-04-20,2026-04-26,Weekly,,KG,2.874,2.874,1059.6016845703125,xgboost_baseline
APPLE_GALA,ONLINE,NL-ZH,2026-04-27,2026-05-03,Weekly,,KG,2.874,2.874,1015.8124389648438,xgboost_baseline
APPLE_GALA,RETAIL,NL-GE,2026-02-02,2026-02-08,Weekly,,KG,2.569,2.569,1028.8731689453125,xgboost_baseline
APPLE_GALA,RETAIL,NL-GE,2026-02-09,2026-02-15,Weekly,,KG,2.569,2.569,1023.9522094726562,xgboost_baseline
APPLE_GALA,RETAIL,NL-GE,2026-02-16,2026-02-22,Weekly,,KG,2.569,2.569,1023.9534301757812,xgboost_baseline
APPLE_GALA,RETAIL,NL-GE,2026-02-23,2026-03-01,Weekly,,KG,2.569,2.569,1023.9534301757812,xgboost_baseline
APPLE_GALA,RETAIL,NL-GE,2026-03-02,2026-03-08,Weekly,,KG,2.569,2.569,1033.707763671875,xgboost_baseline
APPLE_GALA,RETAIL,NL-GE,2026-03-09,2026-03-15,Weekly,,KG,2.569,2.569,1024.4691162109375,xgboost_baseline
APPLE_GALA,RETAIL,NL-GE,2026-03-16,2026-03-22,Weekly,,KG,2.569,2.569,1021.3969116210938,xgboost_baseline
APPLE_GALA,RETAIL,NL-GE,2026-03-23,2026-03-29,Weekly,,KG,2.569,2.569,1021.4301147460938,xgboost_baseline
APPLE_GALA,RETAIL,NL-GE,2026-03-30,2026-04-05,Weekly,,KG,2.569,2.569,1023.802978515625,xgboost_baseline
APPLE_GALA,RETAIL,NL-GE,2026-04-06,2026-04-12,Weekly,,KG,2.569,2.569,934.4967041015625,xgboost_baseline
APPLE_GALA,RETAIL,NL-GE,2026-04-13,2026-04-19,Weekly,,KG,2.569,2.569,890.5526733398438,xgboost_baseline
APPLE_GALA,RETAIL,NL-GE,2026-04-20,2026-04-26,Weekly,,KG,2.569,2.569,876.7785034179688,xgboost_baseline
APPLE_GALA,RETAIL,NL-GE,2026-04-27,2026-05-03,Weekly,,KG,2.569,2.569,817.15478515625,xgboost_baseline
APPLE_GALA,RETAIL,NL-NB,2026-02-02,2026-02-08,Weekly,,KG,2.705,2.705,1035.081298828125,xgboost_baseline
APPLE_GALA,RETAIL,NL-NB,2026-02-09,2026-02-15,Weekly,,KG,2.705,2.705,1020.8610229492188,xgboost_baseline
APPLE_GALA,RETAIL,NL-NB,2026-02-16,2026-02-22,Weekly,,KG,2.705,2.705,1020.8743286132812,xgboost_baseline
APPLE_GALA,RETAIL,NL-NB,2026-02-23,2026-03-01,Weekly,,KG,2.705,2.705,1020.8743286132812,xgboost_baseline
APPLE_GALA,RETAIL,NL-NB,2026-03-02,2026-03-08,Weekly,,KG,2.705,2.705,1032.120361328125,xgboost_baseline
APPLE_GALA,RETAIL,NL-NB,2026-03-09,2026-03-15,Weekly,,KG,2.705,2.705,1025.0904541015625,xgboost_baseline
APPLE_GALA,RETAIL,NL-NB,2026-03-16,2026-03-22,Weekly,,KG,2.705,2.705,1021.7477416992188,xgboost_baseline
APPLE_GALA,RETAIL,NL-NB,2026-03-23,2026-03-29,Weekly,,KG,2.705,2.705,1021.7477416992188,xgboost_baseline
APPLE_GALA,RETAIL,NL-NB,2026-03-30,2026-04-05,Weekly,,KG,2.705,2.705,1021.896240234375,xgboost_baseline
APPLE_GALA,RETAIL,NL-NB,2026-04-06,2026-04-12,Weekly,,KG,2.705,2.705,937.8604736328125,xgboost_baseline
APPLE_GALA,RETAIL,NL-NB,2026-04-13,2026-04-19,Weekly,,KG,2.705,2.705,897.413818359375,xgboost_baseline
APPLE_GALA,RETAIL,NL-NB,2026-04-20,2026-04-26,Weekly,,KG,2.705,2.705,892.9329223632812,xgboost_baseline
APPLE_GALA,RETAIL,NL-NB,2026-04-27,2026-05-03,Weekly,,KG,2.705,2.705,809.7105102539062,xgboost_baseline
APPLE_GALA,RETAIL,NL-NH,2026-02-02,2026-02-08,Weekly,,KG,2.756,2.756,1030.419921875,xgboost_baseline
APPLE_GALA,RETAIL,NL-NH,2026-02-09,2026-02-15,Weekly,,KG,2.756,2.756,1016.1867065429688,xgboost_baseline
APPLE_GALA,RETAIL,NL-NH,2026-02-16,2026-02-22,Weekly,,KG,2.756,2.756,1016.1998901367188,xgboost_baseline
APPLE_GALA,RETAIL,NL-NH,2026-02-23,2026-03-01,Weekly,,KG,2.756,2.756,1016.1998901367188,xgboost_baseline
APPLE_GALA,RETAIL,NL-NH,2026-03-02,2026-03-08,Weekly,,KG,2.756,2.756,1025.1549072265625,xgboost_baseline
APPLE_GALA,RETAIL,NL-NH,2026-03-09,2026-03-15,Weekly,,KG,2.756,2.756,935.3255004882812,xgboost_baseline
APPLE_GALA,RETAIL,NL-NH,2026-03-16,2026-03-22,Weekly,,KG,2.756,2.756,906.3369140625,xgboost_baseline
APPLE_GALA,RETAIL,NL-NH,2026-03-23,2026-03-29,Weekly,,KG,2.756,2.756,900.26171875,xgboost_baseline
APPLE_GALA,RETAIL,NL-NH,2026-03-30,2026-04-05,Weekly,,KG,2.756,2.756,809.0130004882812,xgboost_baseline
APPLE_GALA,RETAIL,NL-NH,2026-04-06,2026-04-12,Weekly,,KG,2.756,2.756,937.576416015625,xgboost_baseline
APPLE_GALA,RETAIL,NL-NH,2026-04-13,2026-04-19,Weekly,,KG,2.756,2.756,940.5552978515625,xgboost_baseline
APPLE_GALA,RETAIL,NL-NH,2026-04-20,2026-04-26,Weekly,,KG,2.756,2.756,934.290283203125,xgboost_baseline
APPLE_GALA,RETAIL,NL-NH,2026-04-27,2026-05-03,Weekly,,KG,2.756,2.756,914.1903076171875,xgboost_baseline
APPLE_GALA,RETAIL,NL-ZH,2026-02-02,2026-02-08,Weekly,,KG,2.845,2.845,1030.419921875,xgboost_baseline
APPLE_GALA,RETAIL,NL-ZH,2026-02-09,2026-02-15,Weekly,,KG,2.845,2.845,1016.1867065429688,xgboost_baseline
APPLE_GALA,RETAIL,NL-ZH,2026-02-16,2026-02-22,Weekly,,KG,2.845,2.845,1016.1998901367188,xgboost_baseline
APPLE_GALA,RETAIL,NL-ZH,2026-02-23,2026-03-01,Weekly,,KG,2.845,2.845,1016.1998901367188,xgboost_baseline
APPLE_GALA,RETAIL,NL-ZH,2026-03-02,2026-03-08,Weekly,,KG,2.845,2.845,1025.1549072265625,xgboost_baseline
APPLE_GALA,RETAIL,NL-ZH,2026-03-09,2026-03-15,Weekly,,KG,2.845,2.845,935.3255004882812,xgboost_baseline
APPLE_GALA,RETAIL,NL-ZH,2026-03-16,2026-03-22,Weekly,,KG,2.845,2.845,906.3369140625,xgboost_baseline
APPLE_GALA,RETAIL,NL-ZH,2026-03-23,2026-03-29,Weekly,,KG,2.845,2.845,900.26171875,xgboost_baseline
APPLE_GALA,RETAIL,NL-ZH,2026-03-30,2026-04-05,Weekly,,KG,2.845,2.845,809.0130004882812,xgboost_baseline
APPLE_GALA,RETAIL,NL-ZH,2026-04-06,2026-04-12,Weekly,,KG,2.845,2.845,937.576416015625,xgboost_baseline
APPLE_GALA,RETAIL,NL-ZH,2026-04-13,2026-04-19,Weekly,,KG,2.845,2.845,940.5552978515625,xgboost_baseline
APPLE_GALA,RETAIL,NL-ZH,2026-04-20,2026-04-26,Weekly,,KG,2.845,2.845,934.290283203125,xgboost_baseline
APPLE_GALA,RETAIL,NL-ZH,2026-04-27,2026-05-03,Weekly,,KG,2.845,2.845,914.1903076171875,xgboost_baseline
APPLE_GALA,WHOLESALE,NL-GE,2026-02-02,2026-02-08,Weekly,,KG,2.557,2.557,1025.745849609375,xgboost_baseline
APPLE_GALA,WHOLESALE,NL-GE,2026-02-09,2026-02-15,Weekly,,KG,2.557,2.557,1020.9484252929688,xgboost_baseline
APPLE_GALA,WHOLESALE,NL-GE,2026-02-16,2026-02-22,Weekly,,KG,2.557,2.557,1020.9849243164062,xgboost_baseline
APPLE_GALA,WHOLESALE,NL-GE,2026-02-23,2026-03-01,Weekly,,KG,2.557,2.557,1020.9849243164062,xgboost_baseline
APPLE_GALA,WHOLESALE,NL-GE,2026-03-02,2026-03-08,Weekly,,KG,2.557,2.557,942.1295776367188,xgboost_baseline
APPLE_GALA,WHOLESALE,NL-GE,2026-03-09,2026-03-15,Weekly,,KG,2.557,2.557,898.0096435546875,xgboost_baseline
APPLE_GALA,WHOLESALE,NL-GE,2026-03-16,2026-03-22,Weekly,,KG,2.557,2.557,894.2041015625,xgboost_baseline
APPLE_GALA,WHOLESALE,NL-GE,2026-03-23,2026-03-29,Weekly,,KG,2.557,2.557,809.89794921875,xgboost_baseline
APPLE_GALA,WHOLESALE,NL-GE,2026-03-30,2026-04-05,Weekly,,KG,2.557,2.557,943.4095458984375,xgboost_baseline
APPLE_GALA,WHOLESALE,NL-GE,2026-04-06,2026-04-12,Weekly,,KG,2.557,2.557,950.8887329101562,xgboost_baseline
APPLE_GALA,WHOLESALE,NL-GE,2026-04-13,2026-04-19,Weekly,,KG,2.557,2.557,935.5136108398438,xgboost_baseline
APPLE_GALA,WHOLESALE,NL-GE,2026-04-20,2026-04-26,Weekly,,KG,2.557,2.557,859.9090576171875,xgboost_baseline
APPLE_GALA,WHOLESALE,NL-GE,2026-04-27,2026-05-03,Weekly,,KG,2.557,2.557,860.8604125976562,xgboost_baseline
APPLE_GALA,WHOLESALE,NL-NB,2026-02-02,2026-02-08,Weekly,,KG,2.695,2.695,1034.3974609375,xgboost_baseline
APPLE_GALA,WHOLESALE,NL-NB,2026-02-09,2026-02-15,Weekly,,KG,2.695,2.695,1020.8610229492188,xgboost_baseline
APPLE_GALA,WHOLESALE,NL-NB,2026-02-16,2026-02-22,Weekly,,KG,2.695,2.695,1020.8743286132812,xgboost_baseline
APPLE_GALA,WHOLESALE,NL-NB,2026-02-23,2026-03-01,Weekly,,KG,2.695,2.695,1020.8743286132812,xgboost_baseline
APPLE_GALA,WHOLESALE,NL-NB,2026-03-02,2026-03-08,Weekly,,KG,2.695,2.695,1032.120361328125,xgboost_baseline
APPLE_GALA,WHOLESALE,NL-NB,2026-03-09,2026-03-15,Weekly,,KG,2.695,2.695,1025.0904541015625,xgboost_baseline
APPLE_GALA,WHOLESALE,NL-NB,2026-03-16,2026-03-22,Weekly,,KG,2.695,2.695,1021.7477416992188,xgboost_baseline
APPLE_GALA,WHOLESALE,NL-NB,2026-03-23,2026-03-29,Weekly,,KG,2.695,2.695,1021.7477416992188,xgboost_baseline
APPLE_GALA,WHOLESALE,NL-NB,2026-03-30,2026-04-05,Weekly,,KG,2.695,2.695,1021.896240234375,xgboost_baseline
APPLE_GALA,WHOLESALE,NL-NB,2026-04-06,2026-04-12,Weekly,,KG,2.695,2.695,937.8604736328125,xgboost_baseline
APPLE_GALA,WHOLESALE,NL-NB,2026-04-13,2026-04-19,Weekly,,KG,2.695,2.695,897.413818359375,xgboost_baseline
APPLE_GALA,WHOLESALE,NL-NB,2026-04-20,2026-04-26,Weekly,,KG,2.695,2.695,892.9329223632812,xgboost_baseline
APPLE_GALA,WHOLESALE,NL-NB,2026-04-27,2026-05-03,Weekly,,KG,2.695,2.695,809.7703857421875,xgboost_baseline
APPLE_GALA,WHOLESALE,NL-NH,2026-02-02,2026-02-08,Weekly,,KG,2.75,2.75,1030.419921875,xgboost_baseline
APPLE_GALA,WHOLESALE,NL-NH,2026-02-09,2026-02-15,Weekly,,KG,2.75,2.75,1016.1867065429688,xgboost_baseline
APPLE_GALA,WHOLESALE,NL-NH,2026-02-16,2026-02-22,Weekly,,KG,2.75,2.75,1016.1998901367188,xgboost_baseline
APPLE_GALA,WHOLESALE,NL-NH,2026-02-23,2026-03-01,Weekly,,KG,2.75,2.75,1016.1998901367188,xgboost_baseline
APPLE_GALA,WHOLESALE,NL-NH,2026-03-02,2026-03-08,Weekly,,KG,2.75,2.75,1025.1549072265625,xgboost_baseline
APPLE_GALA,WHOLESALE,NL-NH,2026-03-09,2026-03-15,Weekly,,KG,2.75,2.75,935.3255004882812,xgboost_baseline
APPLE_GALA,WHOLESALE,NL-NH,2026-03-16,2026-03-22,Weekly,,KG,2.75,2.75,906.3369140625,xgboost_baseline
APPLE_GALA,WHOLESALE,NL-NH,2026-03-23,2026-03-29,Weekly,,KG,2.75,2.75,900.26171875,xgboost_baseline
APPLE_GALA,WHOLESALE,NL-NH,2026-03-30,2026-04-05,Weekly,,KG,2.75,2.75,809.0130004882812,xgboost_baseline
APPLE_GALA,WHOLESALE,NL-NH,2026-04-06,2026-04-12,Weekly,,KG,2.75,2.75,937.576416015625,xgboost_baseline
APPLE_GALA,WHOLESALE,NL-NH,2026-04-13,2026-04-19,Weekly,,KG,2.75,2.75,940.5552978515625,xgboost_baseline
APPLE_GALA,WHOLESALE,NL-NH,2026-04-20,2026-04-26,Weekly,,KG,2.75,2.75,936.286376953125,xgboost_baseline
APPLE_GALA,WHOLESALE,NL-NH,2026-04-27,2026-05-03,Weekly,,KG,2.75,2.75,923.24462890625,xgboost_baseline
APPLE_GALA,WHOLESALE,NL-ZH,2026-02-02,2026-02-08,Weekly,,KG,2.849,2.849,1030.3179931640625,xgboost_baseline
APPLE_GALA,WHOLESALE,NL-ZH,2026-02-09,2026-02-15,Weekly,,KG,2.849,2.849,1016.1867065429688,xgboost_baseline
APPLE_GALA,WHOLESALE,NL-ZH,2026-02-16,2026-02-22,Weekly,,KG,2.849,2.849,1016.1998901367188,xgboost_baseline
APPLE_GALA,WHOLESALE,NL-ZH,2026-02-23,2026-03-01,Weekly,,KG,2.849,2.849,1016.1998901367188,xgboost_baseline
APPLE_GALA,WHOLESALE,NL-ZH,2026-03-02,2026-03-08,Weekly,,KG,2.849,2.849,1025.1549072265625,xgboost_baseline
APPLE_GALA,WHOLESALE,NL-ZH,2026-03-09,2026-03-15,Weekly,,KG,2.849,2.849,935.3255004882812,xgboost_baseline
APPLE_GALA,WHOLESALE,NL-ZH,2026-03-16,2026-03-22,Weekly,,KG,2.849,2.849,906.3369140625,xgboost_baseline
APPLE_GALA,WHOLESALE,NL-ZH,2026-03-23,2026-03-29,Weekly,,KG,2.849,2.849,900.26171875,xgboost_baseline
APPLE_GALA,WHOLESALE,NL-ZH,2026-03-30,2026-04-05,Weekly,,KG,2.849,2.849,809.0130004882812,xgboost_baseline
APPLE_GALA,WHOLESALE,NL-ZH,2026-04-06,2026-04-12,Weekly,,KG,2.849,2.849,937.576416015625,xgboost_baseline
APPLE_GALA,WHOLESALE,NL-ZH,2026-04-13,2026-04-19,Weekly,,KG,2.849,2.849,940.5552978515625,xgboost_baseline
APPLE_GALA,WHOLESALE,NL-ZH,2026-04-20,2026-04-26,Weekly,,KG,2.849,2.849,934.4764404296875,xgboost_baseline
APPLE_GALA,WHOLESALE,NL-ZH,2026-04-27,2026-05-03,Weekly,,KG,2.849,2.849,920.79248046875,xgboost_baseline
APPLE_GRANNY_SMITH,ONLINE,NL-GE,2026-02-02,2026-02-08,Weekly,,KG,2.57,2.57,913.833984375,xgboost_baseline
APPLE_GRANNY_SMITH,ONLINE,NL-GE,2026-02-09,2026-02-15,Weekly,,KG,2.57,2.57,1051.49072265625,xgboost_baseline
APPLE_GRANNY_SMITH,ONLINE,NL-GE,2026-02-16,2026-02-22,Weekly,,KG,2.57,2.57,1036.1824951171875,xgboost_baseline
APPLE_GRANNY_SMITH,ONLINE,NL-GE,2026-02-23,2026-03-01,Weekly,,KG,2.57,2.57,1048.3328857421875,xgboost_baseline
APPLE_GRANNY_SMITH,ONLINE,NL-GE,2026-03-02,2026-03-08,Weekly,,KG,2.57,2.57,1099.25048828125,xgboost_baseline
APPLE_GRANNY_SMITH,ONLINE,NL-GE,2026-03-09,2026-03-15,Weekly,,KG,2.57,2.57,1043.179443359375,xgboost_baseline
APPLE_GRANNY_SMITH,ONLINE,NL-GE,2026-03-16,2026-03-22,Weekly,,KG,2.57,2.57,1064.333984375,xgboost_baseline
APPLE_GRANNY_SMITH,ONLINE,NL-GE,2026-03-23,2026-03-29,Weekly,,KG,2.57,2.57,1078.628173828125,xgboost_baseline
APPLE_GRANNY_SMITH,ONLINE,NL-GE,2026-03-30,2026-04-05,Weekly,,KG,2.57,2.57,1043.1859130859375,xgboost_baseline
APPLE_GRANNY_SMITH,ONLINE,NL-GE,2026-04-06,2026-04-12,Weekly,,KG,2.57,2.57,992.8617553710938,xgboost_baseline
APPLE_GRANNY_SMITH,ONLINE,NL-GE,2026-04-13,2026-04-19,Weekly,,KG,2.57,2.57,1050.152099609375,xgboost_baseline
APPLE_GRANNY_SMITH,ONLINE,NL-GE,2026-04-20,2026-04-26,Weekly,,KG,2.57,2.57,1048.8568115234375,xgboost_baseline
APPLE_GRANNY_SMITH,ONLINE,NL-GE,2026-04-27,2026-05-03,Weekly,,KG,2.57,2.57,1077.796875,xgboost_baseline
APPLE_GRANNY_SMITH,ONLINE,NL-NB,2026-02-02,2026-02-08,Weekly,,KG,2.647,2.647,1013.2220458984375,xgboost_baseline
APPLE_GRANNY_SMITH,ONLINE,NL-NB,2026-02-09,2026-02-15,Weekly,,KG,2.647,2.647,1071.228759765625,xgboost_baseline
APPLE_GRANNY_SMITH,ONLINE,NL-NB,2026-02-16,2026-02-22,Weekly,,KG,2.647,2.647,1054.687255859375,xgboost_baseline
APPLE_GRANNY_SMITH,ONLINE,NL-NB,2026-02-23,2026-03-01,Weekly,,KG,2.647,2.647,1096.2601318359375,xgboost_baseline
APPLE_GRANNY_SMITH,ONLINE,NL-NB,2026-03-02,2026-03-08,Weekly,,KG,2.647,2.647,1061.1932373046875,xgboost_baseline
APPLE_GRANNY_SMITH,ONLINE,NL-NB,2026-03-09,2026-03-15,Weekly,,KG,2.647,2.647,1019.6343994140625,xgboost_baseline
APPLE_GRANNY_SMITH,ONLINE,NL-NB,2026-03-16,2026-03-22,Weekly,,KG,2.647,2.647,1057.8179931640625,xgboost_baseline
APPLE_GRANNY_SMITH,ONLINE,NL-NB,2026-03-23,2026-03-29,Weekly,,KG,2.647,2.647,1046.0208740234375,xgboost_baseline
APPLE_GRANNY_SMITH,ONLINE,NL-NB,2026-03-30,2026-04-05,Weekly,,KG,2.647,2.647,1054.564453125,xgboost_baseline
APPLE_GRANNY_SMITH,ONLINE,NL-NB,2026-04-06,2026-04-12,Weekly,,KG,2.647,2.647,1033.9354248046875,xgboost_baseline
APPLE_GRANNY_SMITH,ONLINE,NL-NB,2026-04-13,2026-04-19,Weekly,,KG,2.647,2.647,998.038330078125,xgboost_baseline
APPLE_GRANNY_SMITH,ONLINE,NL-NB,2026-04-20,2026-04-26,Weekly,,KG,2.647,2.647,1028.94482421875,xgboost_baseline
APPLE_GRANNY_SMITH,ONLINE,NL-NB,2026-04-27,2026-05-03,Weekly,,KG,2.647,2.647,1039.7578125,xgboost_baseline
APPLE_GRANNY_SMITH,ONLINE,NL-NH,2026-02-02,2026-02-08,Weekly,,KG,2.786,2.786,1079.124755859375,xgboost_baseline
APPLE_GRANNY_SMITH,ONLINE,NL-NH,2026-02-09,2026-02-15,Weekly,,KG,2.786,2.786,1042.008544921875,xgboost_baseline
APPLE_GRANNY_SMITH,ONLINE,NL-NH,2026-02-16,2026-02-22,Weekly,,KG,2.786,2.786,1027.2451171875,xgboost_baseline
APPLE_GRANNY_SMITH,ONLINE,NL-NH,2026-02-23,2026-03-01,Weekly,,KG,2.786,2.786,1064.3885498046875,xgboost_baseline
APPLE_GRANNY_SMITH,ONLINE,NL-NH,2026-03-02,2026-03-08,Weekly,,KG,2.786,2.786,1082.83935546875,xgboost_baseline
APPLE_GRANNY_SMITH,ONLINE,NL-NH,2026-03-09,2026-03-15,Weekly,,KG,2.786,2.786,1039.051513671875,xgboost_baseline
APPLE_GRANNY_SMITH,ONLINE,NL-NH,2026-03-16,2026-03-22,Weekly,,KG,2.786,2.786,1064.4398193359375,xgboost_baseline
APPLE_GRANNY_SMITH,ONLINE,NL-NH,2026-03-23,2026-03-29,Weekly,,KG,2.786,2.786,1015.1102905273438,xgboost_baseline
APPLE_GRANNY_SMITH,ONLINE,NL-NH,2026-03-30,2026-04-05,Weekly,,KG,2.786,2.786,1086.7161865234375,xgboost_baseline
APPLE_GRANNY_SMITH,ONLINE,NL-NH,2026-04-06,2026-04-12,Weekly,,KG,2.786,2.786,1048.3642578125,xgboost_baseline
APPLE_GRANNY_SMITH,ONLINE,NL-NH,2026-04-13,2026-04-19,Weekly,,KG,2.786,2.786,1023.3413696289062,xgboost_baseline
APPLE_GRANNY_SMITH,ONLINE,NL-NH,2026-04-20,2026-04-26,Weekly,,KG,2.786,2.786,1034.7044677734375,xgboost_baseline
APPLE_GRANNY_SMITH,ONLINE,NL-NH,2026-04-27,2026-05-03,Weekly,,KG,2.786,2.786,1029.56103515625,xgboost_baseline
APPLE_GRANNY_SMITH,ONLINE,NL-ZH,2026-02-02,2026-02-08,Weekly,,KG,2.914,2.914,1062.8001708984375,xgboost_baseline
APPLE_GRANNY_SMITH,ONLINE,NL-ZH,2026-02-09,2026-02-15,Weekly,,KG,2.914,2.914,1063.83837890625,xgboost_baseline
APPLE_GRANNY_SMITH,ONLINE,NL-ZH,2026-02-16,2026-02-22,Weekly,,KG,2.914,2.914,1072.946044921875,xgboost_baseline
APPLE_GRANNY_SMITH,ONLINE,NL-ZH,2026-02-23,2026-03-01,Weekly,,KG,2.914,2.914,1046.557861328125,xgboost_baseline
APPLE_GRANNY_SMITH,ONLINE,NL-ZH,2026-03-02,2026-03-08,Weekly,,KG,2.914,2.914,1059.40869140625,xgboost_baseline
APPLE_GRANNY_SMITH,ONLINE,NL-ZH,2026-03-09,2026-03-15,Weekly,,KG,2.914,2.914,1034.765380859375,xgboost_baseline
APPLE_GRANNY_SMITH,ONLINE,NL-ZH,2026-03-16,2026-03-22,Weekly,,KG,2.914,2.914,1046.2919921875,xgboost_baseline
APPLE_GRANNY_SMITH,ONLINE,NL-ZH,2026-03-23,2026-03-29,Weekly,,KG,2.914,2.914,1046.7215576171875,xgboost_baseline
APPLE_GRANNY_SMITH,ONLINE,NL-ZH,2026-03-30,2026-04-05,Weekly,,KG,2.914,2.914,1023.1495971679688,xgboost_baseline
APPLE_GRANNY_SMITH,ONLINE,NL-ZH,2026-04-06,2026-04-12,Weekly,,KG,2.914,2.914,1024.1866455078125,xgboost_baseline
APPLE_GRANNY_SMITH,ONLINE,NL-ZH,2026-04-13,2026-04-19,Weekly,,KG,2.914,2.914,993.238525390625,xgboost_baseline
APPLE_GRANNY_SMITH,ONLINE,NL-ZH,2026-04-20,2026-04-26,Weekly,,KG,2.914,2.914,1013.7376708984375,xgboost_baseline
APPLE_GRANNY_SMITH,ONLINE,NL-ZH,2026-04-27,2026-05-03,Weekly,,KG,2.914,2.914,918.6365356445312,xgboost_baseline
APPLE_GRANNY_SMITH,RETAIL,NL-GE,2026-02-02,2026-02-08,Weekly,,KG,2.669,2.669,1036.3961181640625,xgboost_baseline
APPLE_GRANNY_SMITH,RETAIL,NL-GE,2026-02-09,2026-02-15,Weekly,,KG,2.669,2.669,1022.2887573242188,xgboost_baseline
APPLE_GRANNY_SMITH,RETAIL,NL-GE,2026-02-16,2026-02-22,Weekly,,KG,2.669,2.669,1022.2898559570312,xgboost_baseline
APPLE_GRANNY_SMITH,RETAIL,NL-GE,2026-02-23,2026-03-01,Weekly,,KG,2.669,2.669,1022.2898559570312,xgboost_baseline
APPLE_GRANNY_SMITH,RETAIL,NL-GE,2026-03-02,2026-03-08,Weekly,,KG,2.669,2.669,1038.2127685546875,xgboost_baseline
APPLE_GRANNY_SMITH,RETAIL,NL-GE,2026-03-09,2026-03-15,Weekly,,KG,2.669,2.669,1028.9765625,xgboost_baseline
APPLE_GRANNY_SMITH,RETAIL,NL-GE,2026-03-16,2026-03-22,Weekly,,KG,2.669,2.669,1025.6435546875,xgboost_baseline
APPLE_GRANNY_SMITH,RETAIL,NL-GE,2026-03-23,2026-03-29,Weekly,,KG,2.669,2.669,1025.6793212890625,xgboost_baseline
APPLE_GRANNY_SMITH,RETAIL,NL-GE,2026-03-30,2026-04-05,Weekly,,KG,2.669,2.669,1025.827880859375,xgboost_baseline
APPLE_GRANNY_SMITH,RETAIL,NL-GE,2026-04-06,2026-04-12,Weekly,,KG,2.669,2.669,1024.6859130859375,xgboost_baseline
APPLE_GRANNY_SMITH,RETAIL,NL-GE,2026-04-13,2026-04-19,Weekly,,KG,2.669,2.669,927.5789184570312,xgboost_baseline
APPLE_GRANNY_SMITH,RETAIL,NL-GE,2026-04-20,2026-04-26,Weekly,,KG,2.669,2.669,898.88134765625,xgboost_baseline
APPLE_GRANNY_SMITH,RETAIL,NL-GE,2026-04-27,2026-05-03,Weekly,,KG,2.669,2.669,893.1415405273438,xgboost_baseline
APPLE_GRANNY_SMITH,RETAIL,NL-NB,2026-02-02,2026-02-08,Weekly,,KG,2.742,2.742,1030.419921875,xgboost_baseline
APPLE_GRANNY_SMITH,RETAIL,NL-NB,2026-02-09,2026-02-15,Weekly,,KG,2.742,2.742,1016.1867065429688,xgboost_baseline
APPLE_GRANNY_SMITH,RETAIL,NL-NB,2026-02-16,2026-02-22,Weekly,,KG,2.742,2.742,1016.1998901367188,xgboost_baseline
APPLE_GRANNY_SMITH,RETAIL,NL-NB,2026-02-23,2026-03-01,Weekly,,KG,2.742,2.742,1016.1998901367188,xgboost_baseline
APPLE_GRANNY_SMITH,RETAIL,NL-NB,2026-03-02,2026-03-08,Weekly,,KG,2.742,2.742,1025.1549072265625,xgboost_baseline
APPLE_GRANNY_SMITH,RETAIL,NL-NB,2026-03-09,2026-03-15,Weekly,,KG,2.742,2.742,935.3255004882812,xgboost_baseline
APPLE_GRANNY_SMITH,RETAIL,NL-NB,2026-03-16,2026-03-22,Weekly,,KG,2.742,2.742,906.3369140625,xgboost_baseline
APPLE_GRANNY_SMITH,RETAIL,NL-NB,2026-03-23,2026-03-29,Weekly,,KG,2.742,2.742,900.26171875,xgboost_baseline
APPLE_GRANNY_SMITH,RETAIL,NL-NB,2026-03-30,2026-04-05,Weekly,,KG,2.742,2.742,809.0130004882812,xgboost_baseline
APPLE_GRANNY_SMITH,RETAIL,NL-NB,2026-04-06,2026-04-12,Weekly,,KG,2.742,2.742,937.576416015625,xgboost_baseline
APPLE_GRANNY_SMITH,RETAIL,NL-NB,2026-04-13,2026-04-19,Weekly,,KG,2.742,2.742,940.5552978515625,xgboost_baseline
APPLE_GRANNY_SMITH,RETAIL,NL-NB,2026-04-20,2026-04-26,Weekly,,KG,2.742,2.742,934.290283203125,xgboost_baseline
APPLE_GRANNY_SMITH,RETAIL,NL-NB,2026-04-27,2026-05-03,Weekly,,KG,2.742,2.742,914.390625,xgboost_baseline
APPLE_GRANNY_SMITH,RETAIL,NL-NH,2026-02-02,2026-02-08,Weekly,,KG,2.756,2.756,1030.419921875,xgboost_baseline
APPLE_GRANNY_SMITH,RETAIL,NL-NH,2026-02-09,2026-02-15,Weekly,,KG,2.756,2.756,1016.1867065429688,xgboost_baseline
APPLE_GRANNY_SMITH,RETAIL,NL-NH,2026-02-16,2026-02-22,Weekly,,KG,2.756,2.756,1016.1998901367188,xgboost_baseline
APPLE_GRANNY_SMITH,RETAIL,NL-NH,2026-02-23,2026-03-01,Weekly,,KG,2.756,2.756,1016.1998901367188,xgboost_baseline
APPLE_GRANNY_SMITH,RETAIL,NL-NH,2026-03-02,2026-03-08,Weekly,,KG,2.756,2.756,1025.1549072265625,xgboost_baseline
APPLE_GRANNY_SMITH,RETAIL,NL-NH,2026-03-09,2026-03-15,Weekly,,KG,2.756,2.756,935.3255004882812,xgboost_baseline
APPLE_GRANNY_SMITH,RETAIL,NL-NH,2026-03-16,2026-03-22,Weekly,,KG,2.756,2.756,906.3369140625,xgboost_baseline
APPLE_GRANNY_SMITH,RETAIL,NL-NH,2026-03-23,2026-03-29,Weekly,,KG,2.756,2.756,900.26171875,xgboost_baseline
APPLE_GRANNY_SMITH,RETAIL,NL-NH,2026-03-30,2026-04-05,Weekly,,KG,2.756,2.756,809.0130004882812,xgboost_baseline
APPLE_GRANNY_SMITH,RETAIL,NL-NH,2026-04-06,2026-04-12,Weekly,,KG,2.756,2.756,937.576416015625,xgboost_baseline
APPLE_GRANNY_SMITH,RETAIL,NL-NH,2026-04-13,2026-04-19,Weekly,,KG,2.756,2.756,940.5552978515625,xgboost_baseline
APPLE_GRANNY_SMITH,RETAIL,NL-NH,2026-04-20,2026-04-26,Weekly,,KG,2.756,2.756,934.290283203125,xgboost_baseline
APPLE_GRANNY_SMITH,RETAIL,NL-NH,2026-04-27,2026-05-03,Weekly,,KG,2.756,2.756,914.390625,xgboost_baseline
APPLE_GRANNY_SMITH,RETAIL,NL-ZH,2026-02-02,2026-02-08,Weekly,,KG,2.845,2.845,1030.419921875,xgboost_baseline
APPLE_GRANNY_SMITH,RETAIL,NL-ZH,2026-02-09,2026-02-15,Weekly,,KG,2.845,2.845,1016.1867065429688,xgboost_baseline
APPLE_GRANNY_SMITH,RETAIL,NL-ZH,2026-02-16,2026-02-22,Weekly,,KG,2.845,2.845,1016.1998901367188,xgboost_baseline
APPLE_GRANNY_SMITH,RETAIL,NL-ZH,2026-02-23,2026-03-01,Weekly,,KG,2.845,2.845,1016.1998901367188,xgboost_baseline
APPLE_GRANNY_SMITH,RETAIL,NL-ZH,2026-03-02,2026-03-08,Weekly,,KG,2.845,2.845,1025.1549072265625,xgboost_baseline
APPLE_GRANNY_SMITH,RETAIL,NL-ZH,2026-03-09,2026-03-15,Weekly,,KG,2.845,2.845,935.3255004882812,xgboost_baseline
APPLE_GRANNY_SMITH,RETAIL,NL-ZH,2026-03-16,2026-03-22,Weekly,,KG,2.845,2.845,906.3369140625,xgboost_baseline
APPLE_GRANNY_SMITH,RETAIL,NL-ZH,2026-03-23,2026-03-29,Weekly,,KG,2.845,2.845,900.26171875,xgboost_baseline
APPLE_GRANNY_SMITH,RETAIL,NL-ZH,2026-03-30,2026-04-05,Weekly,,KG,2.845,2.845,809.0130004882812,xgboost_baseline
APPLE_GRANNY_SMITH,RETAIL,NL-ZH,2026-04-06,2026-04-12,Weekly,,KG,2.845,2.845,937.576416015625,xgboost_baseline
APPLE_GRANNY_SMITH,RETAIL,NL-ZH,2026-04-13,2026-04-19,Weekly,,KG,2.845,2.845,940.5552978515625,xgboost_baseline
APPLE_GRANNY_SMITH,RETAIL,NL-ZH,2026-04-20,2026-04-26,Weekly,,KG,2.845,2.845,934.290283203125,xgboost_baseline
APPLE_GRANNY_SMITH,RETAIL,NL-ZH,2026-04-27,2026-05-03,Weekly,,KG,2.845,2.845,914.390625,xgboost_baseline
APPLE_GRANNY_SMITH,WHOLESALE,NL-GE,2026-02-02,2026-02-08,Weekly,,KG,2.623,2.623,1021.6328735351562,xgboost_baseline
APPLE_GRANNY_SMITH,WHOLESALE,NL-GE,2026-02-09,2026-02-15,Weekly,,KG,2.623,2.623,1007.9511108398438,xgboost_baseline
APPLE_GRANNY_SMITH,WHOLESALE,NL-GE,2026-02-16,2026-02-22,Weekly,,KG,2.623,2.623,1002.5028686523438,xgboost_baseline
APPLE_GRANNY_SMITH,WHOLESALE,NL-GE,2026-02-23,2026-03-01,Weekly,,KG,2.623,2.623,1005.0857543945312,xgboost_baseline
APPLE_GRANNY_SMITH,WHOLESALE,NL-GE,2026-03-02,2026-03-08,Weekly,,KG,2.623,2.623,928.4751586914062,xgboost_baseline
APPLE_GRANNY_SMITH,WHOLESALE,NL-GE,2026-03-09,2026-03-15,Weekly,,KG,2.623,2.623,911.5343627929688,xgboost_baseline
APPLE_GRANNY_SMITH,WHOLESALE,NL-GE,2026-03-16,2026-03-22,Weekly,,KG,2.623,2.623,839.6631469726562,xgboost_baseline
APPLE_GRANNY_SMITH,WHOLESALE,NL-GE,2026-03-23,2026-03-29,Weekly,,KG,2.623,2.623,847.7487182617188,xgboost_baseline
APPLE_GRANNY_SMITH,WHOLESALE,NL-GE,2026-03-30,2026-04-05,Weekly,,KG,2.623,2.623,915.2466430664062,xgboost_baseline
APPLE_GRANNY_SMITH,WHOLESALE,NL-GE,2026-04-06,2026-04-12,Weekly,,KG,2.623,2.623,925.44287109375,xgboost_baseline
APPLE_GRANNY_SMITH,WHOLESALE,NL-GE,2026-04-13,2026-04-19,Weekly,,KG,2.623,2.623,901.3328857421875,xgboost_baseline
APPLE_GRANNY_SMITH,WHOLESALE,NL-GE,2026-04-20,2026-04-26,Weekly,,KG,2.623,2.623,896.3544921875,xgboost_baseline
APPLE_GRANNY_SMITH,WHOLESALE,NL-GE,2026-04-27,2026-05-03,Weekly,,KG,2.623,2.623,898.0489501953125,xgboost_baseline
APPLE_GRANNY_SMITH,WHOLESALE,NL-NB,2026-02-02,2026-02-08,Weekly,,KG,2.655,2.655,1049.718994140625,xgboost_baseline
APPLE_GRANNY_SMITH,WHOLESALE,NL-NB,2026-02-09,2026-02-15,Weekly,,KG,2.655,2.655,1015.3947143554688,xgboost_baseline
APPLE_GRANNY_SMITH,WHOLESALE,NL-NB,2026-02-16,2026-02-22,Weekly,,KG,2.655,2.655,1022.3632202148438,xgboost_baseline
APPLE_GRANNY_SMITH,WHOLESALE,NL-NB,2026-02-23,2026-03-01,Weekly,,KG,2.655,2.655,1022.3510131835938,xgboost_baseline
APPLE_GRANNY_SMITH,WHOLESALE,NL-NB,2026-03-02,2026-03-08,Weekly,,KG,2.655,2.655,1037.434326171875,xgboost_baseline
APPLE_GRANNY_SMITH,WHOLESALE,NL-NB,2026-03-09,2026-03-15,Weekly,,KG,2.655,2.655,1031.204833984375,xgboost_baseline
APPLE_GRANNY_SMITH,WHOLESALE,NL-NB,2026-03-16,2026-03-22,Weekly,,KG,2.655,2.655,1025.657958984375,xgboost_baseline
APPLE_GRANNY_SMITH,WHOLESALE,NL-NB,2026-03-23,2026-03-29,Weekly,,KG,2.655,2.655,1025.6937255859375,xgboost_baseline
APPLE_GRANNY_SMITH,WHOLESALE,NL-NB,2026-03-30,2026-04-05,Weekly,,KG,2.655,2.655,1025.84228515625,xgboost_baseline
APPLE_GRANNY_SMITH,WHOLESALE,NL-NB,2026-04-06,2026-04-12,Weekly,,KG,2.655,2.655,1024.7003173828125,xgboost_baseline
APPLE_GRANNY_SMITH,WHOLESALE,NL-NB,2026-04-13,2026-04-19,Weekly,,KG,2.655,2.655,927.5933227539062,xgboost_baseline
APPLE_GRANNY_SMITH,WHOLESALE,NL-NB,2026-04-20,2026-04-26,Weekly,,KG,2.655,2.655,898.8472900390625,xgboost_baseline
APPLE_GRANNY_SMITH,WHOLESALE,NL-NB,2026-04-27,2026-05-03,Weekly,,KG,2.655,2.655,893.0549926757812,xgboost_baseline
APPLE_GRANNY_SMITH,WHOLESALE,NL-NH,2026-02-02,2026-02-08,Weekly,,KG,2.732,2.732,1030.0799560546875,xgboost_baseline
APPLE_GRANNY_SMITH,WHOLESALE,NL-NH,2026-02-09,2026-02-15,Weekly,,KG,2.732,2.732,1016.1867065429688,xgboost_baseline
APPLE_GRANNY_SMITH,WHOLESALE,NL-NH,2026-02-16,2026-02-22,Weekly,,KG,2.732,2.732,1016.1998901367188,xgboost_baseline
APPLE_GRANNY_SMITH,WHOLESALE,NL-NH,2026-02-23,2026-03-01,Weekly,,KG,2.732,2.732,1017.6232299804688,xgboost_baseline
APPLE_GRANNY_SMITH,WHOLESALE,NL-NH,2026-03-02,2026-03-08,Weekly,,KG,2.732,2.732,1025.1549072265625,xgboost_baseline
APPLE_GRANNY_SMITH,WHOLESALE,NL-NH,2026-03-09,2026-03-15,Weekly,,KG,2.732,2.732,935.3255004882812,xgboost_baseline
APPLE_GRANNY_SMITH,WHOLESALE,NL-NH,2026-03-16,2026-03-22,Weekly,,KG,2.732,2.732,906.4276123046875,xgboost_baseline
APPLE_GRANNY_SMITH,WHOLESALE,NL-NH,2026-03-23,2026-03-29,Weekly,,KG,2.732,2.732,900.26171875,xgboost_baseline
APPLE_GRANNY_SMITH,WHOLESALE,NL-NH,2026-03-30,2026-04-05,Weekly,,KG,2.732,2.732,809.0130004882812,xgboost_baseline
APPLE_GRANNY_SMITH,WHOLESALE,NL-NH,2026-04-06,2026-04-12,Weekly,,KG,2.732,2.732,937.576416015625,xgboost_baseline
APPLE_GRANNY_SMITH,WHOLESALE,NL-NH,2026-04-13,2026-04-19,Weekly,,KG,2.732,2.732,940.5552978515625,xgboost_baseline
APPLE_GRANNY_SMITH,WHOLESALE,NL-NH,2026-04-20,2026-04-26,Weekly,,KG,2.732,2.732,936.38818359375,xgboost_baseline
APPLE_GRANNY_SMITH,WHOLESALE,NL-NH,2026-04-27,2026-05-03,Weekly,,KG,2.732,2.732,923.1812133789062,xgboost_baseline
APPLE_GRANNY_SMITH,WHOLESALE,NL-ZH,2026-02-02,2026-02-08,Weekly,,KG,2.879,2.879,1030.0484619140625,xgboost_baseline
APPLE_GRANNY_SMITH,WHOLESALE,NL-ZH,2026-02-09,2026-02-15,Weekly,,KG,2.879,2.879,1016.1867065429688,xgboost_baseline
APPLE_GRANNY_SMITH,WHOLESALE,NL-ZH,2026-02-16,2026-02-22,Weekly,,KG,2.879,2.879,1016.1998901367188,xgboost_baseline
APPLE_GRANNY_SMITH,WHOLESALE,NL-ZH,2026-02-23,2026-03-01,Weekly,,KG,2.879,2.879,1016.1998901367188,xgboost_baseline
APPLE_GRANNY_SMITH,WHOLESALE,NL-ZH,2026-03-02,2026-03-08,Weekly,,KG,2.879,2.879,1025.1549072265625,xgboost_baseline
APPLE_GRANNY_SMITH,WHOLESALE,NL-ZH,2026-03-09,2026-03-15,Weekly,,KG,2.879,2.879,935.3255004882812,xgboost_baseline
APPLE_GRANNY_SMITH,WHOLESALE,NL-ZH,2026-03-16,2026-03-22,Weekly,,KG,2.879,2.879,906.3369140625,xgboost_baseline
APPLE_GRANNY_SMITH,WHOLESALE,NL-ZH,2026-03-23,2026-03-29,Weekly,,KG,2.879,2.879,900.26171875,xgboost_baseline
APPLE_GRANNY_SMITH,WHOLESALE,NL-ZH,2026-03-30,2026-04-05,Weekly,,KG,2.879,2.879,809.0130004882812,xgboost_baseline
APPLE_GRANNY_SMITH,WHOLESALE,NL-ZH,2026-04-06,2026-04-12,Weekly,,KG,2.879,2.879,937.576416015625,xgboost_baseline
APPLE_GRANNY_SMITH,WHOLESALE,NL-ZH,2026-04-13,2026-04-19,Weekly,,KG,2.879,2.879,940.5552978515625,xgboost_baseline
APPLE_GRANNY_SMITH,WHOLESALE,NL-ZH,2026-04-20,2026-04-26,Weekly,,KG,2.879,2.879,934.4764404296875,xgboost_baseline
APPLE_GRANNY_SMITH,WHOLESALE,NL-ZH,2026-04-27,2026-05-03,Weekly,,KG,2.879,2.879,920.79248046875,xgboost_baseline
APPLE_JONAGOLD,ONLINE,NL-GE,2026-02-02,2026-02-08,Weekly,,KG,2.545,2.545,1028.3612060546875,xgboost_baseline
APPLE_JONAGOLD,ONLINE,NL-GE,2026-02-09,2026-02-15,Weekly,,KG,2.545,2.545,1039.7392578125,xgboost_baseline
APPLE_JONAGOLD,ONLINE,NL-GE,2026-02-16,2026-02-22,Weekly,,KG,2.545,2.545,1055.5308837890625,xgboost_baseline
APPLE_JONAGOLD,ONLINE,NL-GE,2026-02-23,2026-03-01,Weekly,,KG,2.545,2.545,1074.385009765625,xgboost_baseline
APPLE_JONAGOLD,ONLINE,NL-GE,2026-03-02,2026-03-08,Weekly,,KG,2.545,2.545,1075.6632080078125,xgboost_baseline
APPLE_JONAGOLD,ONLINE,NL-GE,2026-03-09,2026-03-15,Weekly,,KG,2.545,2.545,1060.7747802734375,xgboost_baseline
APPLE_JONAGOLD,ONLINE,NL-GE,2026-03-16,2026-03-22,Weekly,,KG,2.545,2.545,1064.441162109375,xgboost_baseline
APPLE_JONAGOLD,ONLINE,NL-GE,2026-03-23,2026-03-29,Weekly,,KG,2.545,2.545,1081.1048583984375,xgboost_baseline
APPLE_JONAGOLD,ONLINE,NL-GE,2026-03-30,2026-04-05,Weekly,,KG,2.545,2.545,1093.9500732421875,xgboost_baseline
APPLE_JONAGOLD,ONLINE,NL-GE,2026-04-06,2026-04-12,Weekly,,KG,2.545,2.545,1100.19921875,xgboost_baseline
APPLE_JONAGOLD,ONLINE,NL-GE,2026-04-13,2026-04-19,Weekly,,KG,2.545,2.545,1078.5797119140625,xgboost_baseline
APPLE_JONAGOLD,ONLINE,NL-GE,2026-04-20,2026-04-26,Weekly,,KG,2.545,2.545,1046.8818359375,xgboost_baseline
APPLE_JONAGOLD,ONLINE,NL-GE,2026-04-27,2026-05-03,Weekly,,KG,2.545,2.545,1035.3343505859375,xgboost_baseline
APPLE_JONAGOLD,ONLINE,NL-NB,2026-02-02,2026-02-08,Weekly,,KG,2.661,2.661,967.2481079101562,xgboost_baseline
APPLE_JONAGOLD,ONLINE,NL-NB,2026-02-09,2026-02-15,Weekly,,KG,2.661,2.661,1037.5367431640625,xgboost_baseline
APPLE_JONAGOLD,ONLINE,NL-NB,2026-02-16,2026-02-22,Weekly,,KG,2.661,2.661,1068.2197265625,xgboost_baseline
APPLE_JONAGOLD,ONLINE,NL-NB,2026-02-23,2026-03-01,Weekly,,KG,2.661,2.661,1074.0341796875,xgboost_baseline
APPLE_JONAGOLD,ONLINE,NL-NB,2026-03-02,2026-03-08,Weekly,,KG,2.661,2.661,1056.844970703125,xgboost_baseline
APPLE_JONAGOLD,ONLINE,NL-NB,2026-03-09,2026-03-15,Weekly,,KG,2.661,2.661,1048.11572265625,xgboost_baseline
APPLE_JONAGOLD,ONLINE,NL-NB,2026-03-16,2026-03-22,Weekly,,KG,2.661,2.661,1052.458251953125,xgboost_baseline
APPLE_JONAGOLD,ONLINE,NL-NB,2026-03-23,2026-03-29,Weekly,,KG,2.661,2.661,1075.669677734375,xgboost_baseline
APPLE_JONAGOLD,ONLINE,NL-NB,2026-03-30,2026-04-05,Weekly,,KG,2.661,2.661,1084.245849609375,xgboost_baseline
APPLE_JONAGOLD,ONLINE,NL-NB,2026-04-06,2026-04-12,Weekly,,KG,2.661,2.661,1083.3802490234375,xgboost_baseline
APPLE_JONAGOLD,ONLINE,NL-NB,2026-04-13,2026-04-19,Weekly,,KG,2.661,2.661,1068.397705078125,xgboost_baseline
APPLE_JONAGOLD,ONLINE,NL-NB,2026-04-20,2026-04-26,Weekly,,KG,2.661,2.661,1068.650390625,xgboost_baseline
APPLE_JONAGOLD,ONLINE,NL-NB,2026-04-27,2026-05-03,Weekly,,KG,2.661,2.661,995.3544921875,xgboost_baseline
APPLE_JONAGOLD,ONLINE,NL-NH,2026-02-02,2026-02-08,Weekly,,KG,2.823,2.823,1067.6231689453125,xgboost_baseline
APPLE_JONAGOLD,ONLINE,NL-NH,2026-02-09,2026-02-15,Weekly,,KG,2.823,2.823,1031.1595458984375,xgboost_baseline
APPLE_JONAGOLD,ONLINE,NL-NH,2026-02-16,2026-02-22,Weekly,,KG,2.823,2.823,1018.7446899414062,xgboost_baseline
APPLE_JONAGOLD,ONLINE,NL-NH,2026-02-23,2026-03-01,Weekly,,KG,2.823,2.823,1084.1553955078125,xgboost_baseline
APPLE_JONAGOLD,ONLINE,NL-NH,2026-03-02,2026-03-08,Weekly,,KG,2.823,2.823,1056.112548828125,xgboost_baseline
APPLE_JONAGOLD,ONLINE,NL-NH,2026-03-09,2026-03-15,Weekly,,KG,2.823,2.823,1042.603515625,xgboost_baseline
APPLE_JONAGOLD,ONLINE,NL-NH,2026-03-16,2026-03-22,Weekly,,KG,2.823,2.823,1061.930908203125,xgboost_baseline
APPLE_JONAGOLD,ONLINE,NL-NH,2026-03-23,2026-03-29,Weekly,,KG,2.823,2.823,1049.128662109375,xgboost_baseline
APPLE_JONAGOLD,ONLINE,NL-NH,2026-03-30,2026-04-05,Weekly,,KG,2.823,2.823,1075.51220703125,xgboost_baseline
APPLE_JONAGOLD,ONLINE,NL-NH,2026-04-06,2026-04-12,Weekly,,KG,2.823,2.823,1063.322509765625,xgboost_baseline
APPLE_JONAGOLD,ONLINE,NL-NH,2026-04-13,2026-04-19,Weekly,,KG,2.823,2.823,1053.019287109375,xgboost_baseline
APPLE_JONAGOLD,ONLINE,NL-NH,2026-04-20,2026-04-26,Weekly,,KG,2.823,2.823,1058.71923828125,xgboost_baseline
APPLE_JONAGOLD,ONLINE,NL-NH,2026-04-27,2026-05-03,Weekly,,KG,2.823,2.823,1018.3263549804688,xgboost_baseline
APPLE_JONAGOLD,ONLINE,NL-ZH,2026-02-02,2026-02-08,Weekly,,KG,2.885,2.885,1022.1325073242188,xgboost_baseline
APPLE_JONAGOLD,ONLINE,NL-ZH,2026-02-09,2026-02-15,Weekly,,KG,2.885,2.885,1028.4327392578125,xgboost_baseline
APPLE_JONAGOLD,ONLINE,NL-ZH,2026-02-16,2026-02-22,Weekly,,KG,2.885,2.885,1018.1243896484375,xgboost_baseline
APPLE_JONAGOLD,ONLINE,NL-ZH,2026-02-23,2026-03-01,Weekly,,KG,2.885,2.885,1045.63037109375,xgboost_baseline
APPLE_JONAGOLD,ONLINE,NL-ZH,2026-03-02,2026-03-08,Weekly,,KG,2.885,2.885,1018.487548828125,xgboost_baseline
APPLE_JONAGOLD,ONLINE,NL-ZH,2026-03-09,2026-03-15,Weekly,,KG,2.885,2.885,1016.0917358398438,xgboost_baseline
APPLE_JONAGOLD,ONLINE,NL-ZH,2026-03-16,2026-03-22,Weekly,,KG,2.885,2.885,1014.8206176757812,xgboost_baseline
APPLE_JONAGOLD,ONLINE,NL-ZH,2026-03-23,2026-03-29,Weekly,,KG,2.885,2.885,1007.4795532226562,xgboost_baseline
APPLE_JONAGOLD,ONLINE,NL-ZH,2026-03-30,2026-04-05,Weekly,,KG,2.885,2.885,928.7710571289062,xgboost_baseline
APPLE_JONAGOLD,ONLINE,NL-ZH,2026-04-06,2026-04-12,Weekly,,KG,2.885,2.885,918.8956909179688,xgboost_baseline
APPLE_JONAGOLD,ONLINE,NL-ZH,2026-04-13,2026-04-19,Weekly,,KG,2.885,2.885,889.450439453125,xgboost_baseline
APPLE_JONAGOLD,ONLINE,NL-ZH,2026-04-20,2026-04-26,Weekly,,KG,2.885,2.885,813.06298828125,xgboost_baseline
APPLE_JONAGOLD,ONLINE,NL-ZH,2026-04-27,2026-05-03,Weekly,,KG,2.885,2.885,949.5475463867188,xgboost_baseline
APPLE_JONAGOLD,RETAIL,NL-GE,2026-02-02,2026-02-08,Weekly,,KG,2.578,2.578,1021.906982421875,xgboost_baseline
APPLE_JONAGOLD,RETAIL,NL-GE,2026-02-09,2026-02-15,Weekly,,KG,2.578,2.578,1011.3723754882812,xgboost_baseline
APPLE_JONAGOLD,RETAIL,NL-GE,2026-02-16,2026-02-22,Weekly,,KG,2.578,2.578,1005.7598266601562,xgboost_baseline
APPLE_JONAGOLD,RETAIL,NL-GE,2026-02-23,2026-03-01,Weekly,,KG,2.578,2.578,1007.2970581054688,xgboost_baseline
APPLE_JONAGOLD,RETAIL,NL-GE,2026-03-02,2026-03-08,Weekly,,KG,2.578,2.578,924.7723388671875,xgboost_baseline
APPLE_JONAGOLD,RETAIL,NL-GE,2026-03-09,2026-03-15,Weekly,,KG,2.578,2.578,896.66064453125,xgboost_baseline
APPLE_JONAGOLD,RETAIL,NL-GE,2026-03-16,2026-03-22,Weekly,,KG,2.578,2.578,831.676513671875,xgboost_baseline
APPLE_JONAGOLD,RETAIL,NL-GE,2026-03-23,2026-03-29,Weekly,,KG,2.578,2.578,847.3038940429688,xgboost_baseline
APPLE_JONAGOLD,RETAIL,NL-GE,2026-03-30,2026-04-05,Weekly,,KG,2.578,2.578,910.9495239257812,xgboost_baseline
APPLE_JONAGOLD,RETAIL,NL-GE,2026-04-06,2026-04-12,Weekly,,KG,2.578,2.578,908.284912109375,xgboost_baseline
APPLE_JONAGOLD,RETAIL,NL-GE,2026-04-13,2026-04-19,Weekly,,KG,2.578,2.578,881.1212158203125,xgboost_baseline
APPLE_JONAGOLD,RETAIL,NL-GE,2026-04-20,2026-04-26,Weekly,,KG,2.578,2.578,866.7619018554688,xgboost_baseline
APPLE_JONAGOLD,RETAIL,NL-GE,2026-04-27,2026-05-03,Weekly,,KG,2.578,2.578,886.6846923828125,xgboost_baseline
APPLE_JONAGOLD,RETAIL,NL-NB,2026-02-02,2026-02-08,Weekly,,KG,2.73,2.73,1030.419921875,xgboost_baseline
APPLE_JONAGOLD,RETAIL,NL-NB,2026-02-09,2026-02-15,Weekly,,KG,2.73,2.73,1016.1867065429688,xgboost_baseline
APPLE_JONAGOLD,RETAIL,NL-NB,2026-02-16,2026-02-22,Weekly,,KG,2.73,2.73,1016.1998901367188,xgboost_baseline
APPLE_JONAGOLD,RETAIL,NL-NB,2026-02-23,2026-03-01,Weekly,,KG,2.73,2.73,1016.1998901367188,xgboost_baseline
APPLE_JONAGOLD,RETAIL,NL-NB,2026-03-02,2026-03-08,Weekly,,KG,2.73,2.73,1025.1549072265625,xgboost_baseline
APPLE_JONAGOLD,RETAIL,NL-NB,2026-03-09,2026-03-15,Weekly,,KG,2.73,2.73,935.3255004882812,xgboost_baseline
APPLE_JONAGOLD,RETAIL,NL-NB,2026-03-16,2026-03-22,Weekly,,KG,2.73,2.73,906.3369140625,xgboost_baseline
APPLE_JONAGOLD,RETAIL,NL-NB,2026-03-23,2026-03-29,Weekly,,KG,2.73,2.73,900.26171875,xgboost_baseline
APPLE_JONAGOLD,RETAIL,NL-NB,2026-03-30,2026-04-05,Weekly,,KG,2.73,2.73,809.0130004882812,xgboost_baseline
APPLE_JONAGOLD,RETAIL,NL-NB,2026-04-06,2026-04-12,Weekly,,KG,2.73,2.73,937.576416015625,xgboost_baseline
APPLE_JONAGOLD,RETAIL,NL-NB,2026-04-13,2026-04-19,Weekly,,KG,2.73,2.73,940.5552978515625,xgboost_baseline
APPLE_JONAGOLD,RETAIL,NL-NB,2026-04-20,2026-04-26,Weekly,,KG,2.73,2.73,934.290283203125,xgboost_baseline
APPLE_JONAGOLD,RETAIL,NL-NB,2026-04-27,2026-05-03,Weekly,,KG,2.73,2.73,913.8629150390625,xgboost_baseline
APPLE_JONAGOLD,RETAIL,NL-NH,2026-02-02,2026-02-08,Weekly,,KG,2.776,2.776,1030.419921875,xgboost_baseline
APPLE_JONAGOLD,RETAIL,NL-NH,2026-02-09,2026-02-15,Weekly,,KG,2.776,2.776,1016.1867065429688,xgboost_baseline
APPLE_JONAGOLD,RETAIL,NL-NH,2026-02-16,2026-02-22,Weekly,,KG,2.776,2.776,1016.1998901367188,xgboost_baseline
APPLE_JONAGOLD,RETAIL,NL-NH,2026-02-23,2026-03-01,Weekly,,KG,2.776,2.776,1016.1998901367188,xgboost_baseline
APPLE_JONAGOLD,RETAIL,NL-NH,2026-03-02,2026-03-08,Weekly,,KG,2.776,2.776,1025.1549072265625,xgboost_baseline
APPLE_JONAGOLD,RETAIL,NL-NH,2026-03-09,2026-03-15,Weekly,,KG,2.776,2.776,935.3255004882812,xgboost_baseline
APPLE_JONAGOLD,RETAIL,NL-NH,2026-03-16,2026-03-22,Weekly,,KG,2.776,2.776,906.3369140625,xgboost_baseline
APPLE_JONAGOLD,RETAIL,NL-NH,2026-03-23,2026-03-29,Weekly,,KG,2.776,2.776,900.26171875,xgboost_baseline
APPLE_JONAGOLD,RETAIL,NL-NH,2026-03-30,2026-04-05,Weekly,,KG,2.776,2.776,809.0130004882812,xgboost_baseline
APPLE_JONAGOLD,RETAIL,NL-NH,2026-04-06,2026-04-12,Weekly,,KG,2.776,2.776,937.576416015625,xgboost_baseline
APPLE_JONAGOLD,RETAIL,NL-NH,2026-04-13,2026-04-19,Weekly,,KG,2.776,2.776,940.5552978515625,xgboost_baseline
APPLE_JONAGOLD,RETAIL,NL-NH,2026-04-20,2026-04-26,Weekly,,KG,2.776,2.776,934.290283203125,xgboost_baseline
APPLE_JONAGOLD,RETAIL,NL-NH,2026-04-27,2026-05-03,Weekly,,KG,2.776,2.776,914.1903076171875,xgboost_baseline
APPLE_JONAGOLD,RETAIL,NL-ZH,2026-02-02,2026-02-08,Weekly,,KG,2.846,2.846,1030.419921875,xgboost_baseline
APPLE_JONAGOLD,RETAIL,NL-ZH,2026-02-09,2026-02-15,Weekly,,KG,2.846,2.846,1016.1867065429688,xgboost_baseline
APPLE_JONAGOLD,RETAIL,NL-ZH,2026-02-16,2026-02-22,Weekly,,KG,2.846,2.846,1016.1998901367188,xgboost_baseline
APPLE_JONAGOLD,RETAIL,NL-ZH,2026-02-23,2026-03-01,Weekly,,KG,2.846,2.846,1016.1998901367188,xgboost_baseline
APPLE_JONAGOLD,RETAIL,NL-ZH,2026-03-02,2026-03-08,Weekly,,KG,2.846,2.846,1025.1549072265625,xgboost_baseline
APPLE_JONAGOLD,RETAIL,NL-ZH,2026-03-09,2026-03-15,Weekly,,KG,2.846,2.846,935.3255004882812,xgboost_baseline
APPLE_JONAGOLD,RETAIL,NL-ZH,2026-03-16,2026-03-22,Weekly,,KG,2.846,2.846,906.3369140625,xgboost_baseline
APPLE_JONAGOLD,RETAIL,NL-ZH,2026-03-23,2026-03-29,Weekly,,KG,2.846,2.846,900.26171875,xgboost_baseline
APPLE_JONAGOLD,RETAIL,NL-ZH,2026-03-30,2026-04-05,Weekly,,KG,2.846,2.846,809.0130004882812,xgboost_baseline
APPLE_JONAGOLD,RETAIL,NL-ZH,2026-04-06,2026-04-12,Weekly,,KG,2.846,2.846,937.576416015625,xgboost_baseline
APPLE_JONAGOLD,RETAIL,NL-ZH,2026-04-13,2026-04-19,Weekly,,KG,2.846,2.846,940.5552978515625,xgboost_baseline
APPLE_JONAGOLD,RETAIL,NL-ZH,2026-04-20,2026-04-26,Weekly,,KG,2.846,2.846,934.290283203125,xgboost_baseline
APPLE_JONAGOLD,RETAIL,NL-ZH,2026-04-27,2026-05-03,Weekly,,KG,2.846,2.846,913.8629150390625,xgboost_baseline
APPLE_JONAGOLD,WHOLESALE,NL-GE,2026-02-02,2026-02-08,Weekly,,KG,2.596,2.596,1021.7982177734375,xgboost_baseline
APPLE_JONAGOLD,WHOLESALE,NL-GE,2026-02-09,2026-02-15,Weekly,,KG,2.596,2.596,1007.5382690429688,xgboost_baseline
APPLE_JONAGOLD,WHOLESALE,NL-GE,2026-02-16,2026-02-22,Weekly,,KG,2.596,2.596,1001.8799438476562,xgboost_baseline
APPLE_JONAGOLD,WHOLESALE,NL-GE,2026-02-23,2026-03-01,Weekly,,KG,2.596,2.596,1002.5785522460938,xgboost_baseline
APPLE_JONAGOLD,WHOLESALE,NL-GE,2026-03-02,2026-03-08,Weekly,,KG,2.596,2.596,926.2777709960938,xgboost_baseline
APPLE_JONAGOLD,WHOLESALE,NL-GE,2026-03-09,2026-03-15,Weekly,,KG,2.596,2.596,911.861572265625,xgboost_baseline
APPLE_JONAGOLD,WHOLESALE,NL-GE,2026-03-16,2026-03-22,Weekly,,KG,2.596,2.596,839.093994140625,xgboost_baseline
APPLE_JONAGOLD,WHOLESALE,NL-GE,2026-03-23,2026-03-29,Weekly,,KG,2.596,2.596,845.9115600585938,xgboost_baseline
APPLE_JONAGOLD,WHOLESALE,NL-GE,2026-03-30,2026-04-05,Weekly,,KG,2.596,2.596,911.9341430664062,xgboost_baseline
APPLE_JONAGOLD,WHOLESALE,NL-GE,2026-04-06,2026-04-12,Weekly,,KG,2.596,2.596,918.3381958007812,xgboost_baseline
APPLE_JONAGOLD,WHOLESALE,NL-GE,2026-04-13,2026-04-19,Weekly,,KG,2.596,2.596,902.5084838867188,xgboost_baseline
APPLE_JONAGOLD,WHOLESALE,NL-GE,2026-04-20,2026-04-26,Weekly,,KG,2.596,2.596,895.6517944335938,xgboost_baseline
APPLE_JONAGOLD,WHOLESALE,NL-GE,2026-04-27,2026-05-03,Weekly,,KG,2.596,2.596,897.1782836914062,xgboost_baseline
APPLE_JONAGOLD,WHOLESALE,NL-NB,2026-02-02,2026-02-08,Weekly,,KG,2.638,2.638,1033.2664794921875,xgboost_baseline
APPLE_JONAGOLD,WHOLESALE,NL-NB,2026-02-09,2026-02-15,Weekly,,KG,2.638,2.638,1020.5526733398438,xgboost_baseline
APPLE_JONAGOLD,WHOLESALE,NL-NB,2026-02-16,2026-02-22,Weekly,,KG,2.638,2.638,1020.5659790039062,xgboost_baseline
APPLE_JONAGOLD,WHOLESALE,NL-NB,2026-02-23,2026-03-01,Weekly,,KG,2.638,2.638,1020.5659790039062,xgboost_baseline
APPLE_JONAGOLD,WHOLESALE,NL-NB,2026-03-02,2026-03-08,Weekly,,KG,2.638,2.638,1036.1435546875,xgboost_baseline
APPLE_JONAGOLD,WHOLESALE,NL-NB,2026-03-09,2026-03-15,Weekly,,KG,2.638,2.638,1029.1136474609375,xgboost_baseline
APPLE_JONAGOLD,WHOLESALE,NL-NB,2026-03-16,2026-03-22,Weekly,,KG,2.638,2.638,1023.5652465820312,xgboost_baseline
APPLE_JONAGOLD,WHOLESALE,NL-NB,2026-03-23,2026-03-29,Weekly,,KG,2.638,2.638,1023.5573120117188,xgboost_baseline
APPLE_JONAGOLD,WHOLESALE,NL-NB,2026-03-30,2026-04-05,Weekly,,KG,2.638,2.638,1023.708251953125,xgboost_baseline
APPLE_JONAGOLD,WHOLESALE,NL-NB,2026-04-06,2026-04-12,Weekly,,KG,2.638,2.638,1024.8233642578125,xgboost_baseline
APPLE_JONAGOLD,WHOLESALE,NL-NB,2026-04-13,2026-04-19,Weekly,,KG,2.638,2.638,925.5017700195312,xgboost_baseline
APPLE_JONAGOLD,WHOLESALE,NL-NB,2026-04-20,2026-04-26,Weekly,,KG,2.638,2.638,896.7728271484375,xgboost_baseline
APPLE_JONAGOLD,WHOLESALE,NL-NB,2026-04-27,2026-05-03,Weekly,,KG,2.638,2.638,891.7743530273438,xgboost_baseline
APPLE_JONAGOLD,WHOLESALE,NL-NH,2026-02-02,2026-02-08,Weekly,,KG,2.727,2.727,1034.967041015625,xgboost_baseline
APPLE_JONAGOLD,WHOLESALE,NL-NH,2026-02-09,2026-02-15,Weekly,,KG,2.727,2.727,1020.7468872070312,xgboost_baseline
APPLE_JONAGOLD,WHOLESALE,NL-NH,2026-02-16,2026-02-22,Weekly,,KG,2.727,2.727,1020.7601928710938,xgboost_baseline
APPLE_JONAGOLD,WHOLESALE,NL-NH,2026-02-23,2026-03-01,Weekly,,KG,2.727,2.727,1020.7601928710938,xgboost_baseline
APPLE_JONAGOLD,WHOLESALE,NL-NH,2026-03-02,2026-03-08,Weekly,,KG,2.727,2.727,1032.0460205078125,xgboost_baseline
APPLE_JONAGOLD,WHOLESALE,NL-NH,2026-03-09,2026-03-15,Weekly,,KG,2.727,2.727,1025.01611328125,xgboost_baseline
APPLE_JONAGOLD,WHOLESALE,NL-NH,2026-03-16,2026-03-22,Weekly,,KG,2.727,2.727,1021.6734008789062,xgboost_baseline
APPLE_JONAGOLD,WHOLESALE,NL-NH,2026-03-23,2026-03-29,Weekly,,KG,2.727,2.727,1021.6734008789062,xgboost_baseline
APPLE_JONAGOLD,WHOLESALE,NL-NH,2026-03-30,2026-04-05,Weekly,,KG,2.727,2.727,1021.8218994140625,xgboost_baseline
APPLE_JONAGOLD,WHOLESALE,NL-NH,2026-04-06,2026-04-12,Weekly,,KG,2.727,2.727,937.7862548828125,xgboost_baseline
APPLE_JONAGOLD,WHOLESALE,NL-NH,2026-04-13,2026-04-19,Weekly,,KG,2.727,2.727,897.3394775390625,xgboost_baseline
APPLE_JONAGOLD,WHOLESALE,NL-NH,2026-04-20,2026-04-26,Weekly,,KG,2.727,2.727,892.8585815429688,xgboost_baseline
APPLE_JONAGOLD,WHOLESALE,NL-NH,2026-04-27,2026-05-03,Weekly,,KG,2.727,2.727,809.6846923828125,xgboost_baseline
APPLE_JONAGOLD,WHOLESALE,NL-ZH,2026-02-02,2026-02-08,Weekly,,KG,2.875,2.875,1030.419921875,xgboost_baseline
APPLE_JONAGOLD,WHOLESALE,NL-ZH,2026-02-09,2026-02-15,Weekly,,KG,2.875,2.875,1016.1867065429688,xgboost_baseline
APPLE_JONAGOLD,WHOLESALE,NL-ZH,2026-02-16,2026-02-22,Weekly,,KG,2.875,2.875,1016.1998901367188,xgboost_baseline
APPLE_JONAGOLD,WHOLESALE,NL-ZH,2026-02-23,2026-03-01,Weekly,,KG,2.875,2.875,1016.1998901367188,xgboost_baseline
APPLE_JONAGOLD,WHOLESALE,NL-ZH,2026-03-02,2026-03-08,Weekly,,KG,2.875,2.875,1025.1549072265625,xgboost_baseline
APPLE_JONAGOLD,WHOLESALE,NL-ZH,2026-03-09,2026-03-15,Weekly,,KG,2.875,2.875,935.3255004882812,xgboost_baseline
APPLE_JONAGOLD,WHOLESALE,NL-ZH,2026-03-16,2026-03-22,Weekly,,KG,2.875,2.875,906.3369140625,xgboost_baseline
APPLE_JONAGOLD,WHOLESALE,NL-ZH,2026-03-23,2026-03-29,Weekly,,KG,2.875,2.875,900.26171875,xgboost_baseline
APPLE_JONAGOLD,WHOLESALE,NL-ZH,2026-03-30,2026-04-05,Weekly,,KG,2.875,2.875,809.0130004882812,xgboost_baseline
APPLE_JONAGOLD,WHOLESALE,NL-ZH,2026-04-06,2026-04-12,Weekly,,KG,2.875,2.875,937.576416015625,xgboost_baseline
APPLE_JONAGOLD,WHOLESALE,NL-ZH,2026-04-13,2026-04-19,Weekly,,KG,2.875,2.875,940.5552978515625,xgboost_baseline
APPLE_JONAGOLD,WHOLESALE,NL-ZH,2026-04-20,2026-04-26,Weekly,,KG,2.875,2.875,934.290283203125,xgboost_baseline
APPLE_JONAGOLD,WHOLESALE,NL-ZH,2026-04-27,2026-05-03,Weekly,,KG,2.875,2.875,914.1903076171875,xgboost_baseline
Blueberry_AtlasBlue,ONLINE,NL-GE,2026-02-02,2026-02-08,Weekly,,KG,2.706,2.706,991.37158203125,xgboost_baseline
Blueberry_AtlasBlue,ONLINE,NL-GE,2026-02-09,2026-02-15,Weekly,,KG,2.706,2.706,1101.62890625,xgboost_baseline
Blueberry_AtlasBlue,ONLINE,NL-GE,2026-02-16,2026-02-22,Weekly,,KG,2.706,2.706,1088.682373046875,xgboost_baseline
Blueberry_AtlasBlue,ONLINE,NL-GE,2026-02-23,2026-03-01,Weekly,,KG,2.706,2.706,1085.76171875,xgboost_baseline
Blueberry_AtlasBlue,ONLINE,NL-GE,2026-03-02,2026-03-08,Weekly,,KG,2.706,2.706,1100.6064453125,xgboost_baseline
Blueberry_AtlasBlue,ONLINE,NL-GE,2026-03-09,2026-03-15,Weekly,,KG,2.706,2.706,1065.81591796875,xgboost_baseline
Blueberry_AtlasBlue,ONLINE,NL-GE,2026-03-16,2026-03-22,Weekly,,KG,2.706,2.706,1067.36669921875,xgboost_baseline
Blueberry_AtlasBlue,ONLINE,NL-GE,2026-03-23,2026-03-29,Weekly,,KG,2.706,2.706,1002.5859985351562,xgboost_baseline
Blueberry_AtlasBlue,ONLINE,NL-GE,2026-03-30,2026-04-05,Weekly,,KG,2.706,2.706,1045.05322265625,xgboost_baseline
Blueberry_AtlasBlue,ONLINE,NL-GE,2026-04-06,2026-04-12,Weekly,,KG,2.706,2.706,1074.20556640625,xgboost_baseline
Blueberry_AtlasBlue,ONLINE,NL-GE,2026-04-13,2026-04-19,Weekly,,KG,2.706,2.706,1018.5560913085938,xgboost_baseline
Blueberry_AtlasBlue,ONLINE,NL-GE,2026-04-20,2026-04-26,Weekly,,KG,2.706,2.706,1028.92578125,xgboost_baseline
Blueberry_AtlasBlue,ONLINE,NL-GE,2026-04-27,2026-05-03,Weekly,,KG,2.706,2.706,1057.091064453125,xgboost_baseline
Blueberry_AtlasBlue,ONLINE,NL-NB,2026-02-02,2026-02-08,Weekly,,KG,2.719,2.719,1043.0020751953125,xgboost_baseline
Blueberry_AtlasBlue,ONLINE,NL-NB,2026-02-09,2026-02-15,Weekly,,KG,2.719,2.719,1113.626953125,xgboost_baseline
Blueberry_AtlasBlue,ONLINE,NL-NB,2026-02-16,2026-02-22,Weekly,,KG,2.719,2.719,1076.74853515625,xgboost_baseline
Blueberry_AtlasBlue,ONLINE,NL-NB,2026-02-23,2026-03-01,Weekly,,KG,2.719,2.719,1079.52880859375,xgboost_baseline
Blueberry_AtlasBlue,ONLINE,NL-NB,2026-03-02,2026-03-08,Weekly,,KG,2.719,2.719,1095.09619140625,xgboost_baseline
Blueberry_AtlasBlue,ONLINE,NL-NB,2026-03-09,2026-03-15,Weekly,,KG,2.719,2.719,1060.29833984375,xgboost_baseline
Blueberry_AtlasBlue,ONLINE,NL-NB,2026-03-16,2026-03-22,Weekly,,KG,2.719,2.719,1069.950927734375,xgboost_baseline
Blueberry_AtlasBlue,ONLINE,NL-NB,2026-03-23,2026-03-29,Weekly,,KG,2.719,2.719,1001.5302124023438,xgboost_baseline
Blueberry_AtlasBlue,ONLINE,NL-NB,2026-03-30,2026-04-05,Weekly,,KG,2.719,2.719,1044.974365234375,xgboost_baseline
Blueberry_AtlasBlue,ONLINE,NL-NB,2026-04-06,2026-04-12,Weekly,,KG,2.719,2.719,1074.215576171875,xgboost_baseline
Blueberry_AtlasBlue,ONLINE,NL-NB,2026-04-13,2026-04-19,Weekly,,KG,2.719,2.719,1024.13330078125,xgboost_baseline
Blueberry_AtlasBlue,ONLINE,NL-NB,2026-04-20,2026-04-26,Weekly,,KG,2.719,2.719,1033.814697265625,xgboost_baseline
Blueberry_AtlasBlue,ONLINE,NL-NB,2026-04-27,2026-05-03,Weekly,,KG,2.719,2.719,1057.677490234375,xgboost_baseline
Blueberry_AtlasBlue,ONLINE,NL-NH,2026-02-02,2026-02-08,Weekly,,KG,2.863,2.863,1051.45458984375,xgboost_baseline
Blueberry_AtlasBlue,ONLINE,NL-NH,2026-02-09,2026-02-15,Weekly,,KG,2.863,2.863,1062.478759765625,xgboost_baseline
Blueberry_AtlasBlue,ONLINE,NL-NH,2026-02-16,2026-02-22,Weekly,,KG,2.863,2.863,1067.0921630859375,xgboost_baseline
Blueberry_AtlasBlue,ONLINE,NL-NH,2026-02-23,2026-03-01,Weekly,,KG,2.863,2.863,1069.980712890625,xgboost_baseline
Blueberry_AtlasBlue,ONLINE,NL-NH,2026-03-02,2026-03-08,Weekly,,KG,2.863,2.863,1055.8963623046875,xgboost_baseline
Blueberry_AtlasBlue,ONLINE,NL-NH,2026-03-09,2026-03-15,Weekly,,KG,2.863,2.863,1054.1767578125,xgboost_baseline
Blueberry_AtlasBlue,ONLINE,NL-NH,2026-03-16,2026-03-22,Weekly,,KG,2.863,2.863,1067.888916015625,xgboost_baseline
Blueberry_AtlasBlue,ONLINE,NL-NH,2026-03-23,2026-03-29,Weekly,,KG,2.863,2.863,1057.457763671875,xgboost_baseline
Blueberry_AtlasBlue,ONLINE,NL-NH,2026-03-30,2026-04-05,Weekly,,KG,2.863,2.863,1086.088623046875,xgboost_baseline
Blueberry_AtlasBlue,ONLINE,NL-NH,2026-04-06,2026-04-12,Weekly,,KG,2.863,2.863,1082.48486328125,xgboost_baseline
Blueberry_AtlasBlue,ONLINE,NL-NH,2026-04-13,2026-04-19,Weekly,,KG,2.863,2.863,1016.2359619140625,xgboost_baseline
Blueberry_AtlasBlue,ONLINE,NL-NH,2026-04-20,2026-04-26,Weekly,,KG,2.863,2.863,1059.8486328125,xgboost_baseline
Blueberry_AtlasBlue,ONLINE,NL-NH,2026-04-27,2026-05-03,Weekly,,KG,2.863,2.863,1022.1327514648438,xgboost_baseline
Blueberry_AtlasBlue,ONLINE,NL-ZH,2026-02-02,2026-02-08,Weekly,,KG,2.981,2.981,1006.86767578125,xgboost_baseline
Blueberry_AtlasBlue,ONLINE,NL-ZH,2026-02-09,2026-02-15,Weekly,,KG,2.981,2.981,1027.2197265625,xgboost_baseline
Blueberry_AtlasBlue,ONLINE,NL-ZH,2026-02-16,2026-02-22,Weekly,,KG,2.981,2.981,1034.0565185546875,xgboost_baseline
Blueberry_AtlasBlue,ONLINE,NL-ZH,2026-02-23,2026-03-01,Weekly,,KG,2.981,2.981,1005.0553588867188,xgboost_baseline
Blueberry_AtlasBlue,ONLINE,NL-ZH,2026-03-02,2026-03-08,Weekly,,KG,2.981,2.981,1028.21826171875,xgboost_baseline
Blueberry_AtlasBlue,ONLINE,NL-ZH,2026-03-09,2026-03-15,Weekly,,KG,2.981,2.981,1036.2427978515625,xgboost_baseline
Blueberry_AtlasBlue,ONLINE,NL-ZH,2026-03-16,2026-03-22,Weekly,,KG,2.981,2.981,1045.818359375,xgboost_baseline
Blueberry_AtlasBlue,ONLINE,NL-ZH,2026-03-23,2026-03-29,Weekly,,KG,2.981,2.981,1055.3406982421875,xgboost_baseline
Blueberry_AtlasBlue,ONLINE,NL-ZH,2026-03-30,2026-04-05,Weekly,,KG,2.981,2.981,1055.1025390625,xgboost_baseline
Blueberry_AtlasBlue,ONLINE,NL-ZH,2026-04-06,2026-04-12,Weekly,,KG,2.981,2.981,1082.350341796875,xgboost_baseline
Blueberry_AtlasBlue,ONLINE,NL-ZH,2026-04-13,2026-04-19,Weekly,,KG,2.981,2.981,1049.8602294921875,xgboost_baseline
Blueberry_AtlasBlue,ONLINE,NL-ZH,2026-04-20,2026-04-26,Weekly,,KG,2.981,2.981,1025.69677734375,xgboost_baseline
Blueberry_AtlasBlue,ONLINE,NL-ZH,2026-04-27,2026-05-03,Weekly,,KG,2.981,2.981,1034.732666015625,xgboost_baseline
Blueberry_AtlasBlue,RETAIL,NL-GE,2026-02-02,2026-02-08,Weekly,,KG,2.698,2.698,1035.081298828125,xgboost_baseline
Blueberry_AtlasBlue,RETAIL,NL-GE,2026-02-09,2026-02-15,Weekly,,KG,2.698,2.698,1020.8610229492188,xgboost_baseline
Blueberry_AtlasBlue,RETAIL,NL-GE,2026-02-16,2026-02-22,Weekly,,KG,2.698,2.698,1020.8743286132812,xgboost_baseline
Blueberry_AtlasBlue,RETAIL,NL-GE,2026-02-23,2026-03-01,Weekly,,KG,2.698,2.698,1020.8743286132812,xgboost_baseline
Blueberry_AtlasBlue,RETAIL,NL-GE,2026-03-02,2026-03-08,Weekly,,KG,2.698,2.698,1032.120361328125,xgboost_baseline
Blueberry_AtlasBlue,RETAIL,NL-GE,2026-03-09,2026-03-15,Weekly,,KG,2.698,2.698,1025.0904541015625,xgboost_baseline
Blueberry_AtlasBlue,RETAIL,NL-GE,2026-03-16,2026-03-22,Weekly,,KG,2.698,2.698,1021.7477416992188,xgboost_baseline
Blueberry_AtlasBlue,RETAIL,NL-GE,2026-03-23,2026-03-29,Weekly,,KG,2.698,2.698,1021.7477416992188,xgboost_baseline
Blueberry_AtlasBlue,RETAIL,NL-GE,2026-03-30,2026-04-05,Weekly,,KG,2.698,2.698,1021.896240234375,xgboost_baseline
Blueberry_AtlasBlue,RETAIL,NL-GE,2026-04-06,2026-04-12,Weekly,,KG,2.698,2.698,937.8604736328125,xgboost_baseline
Blueberry_AtlasBlue,RETAIL,NL-GE,2026-04-13,2026-04-19,Weekly,,KG,2.698,2.698,897.413818359375,xgboost_baseline
Blueberry_AtlasBlue,RETAIL,NL-GE,2026-04-20,2026-04-26,Weekly,,KG,2.698,2.698,892.9329223632812,xgboost_baseline
Blueberry_AtlasBlue,RETAIL,NL-GE,2026-04-27,2026-05-03,Weekly,,KG,2.698,2.698,809.8104858398438,xgboost_baseline
Blueberry_AtlasBlue,RETAIL,NL-NB,2026-02-02,2026-02-08,Weekly,,KG,2.749,2.749,1030.419921875,xgboost_baseline
Blueberry_AtlasBlue,RETAIL,NL-NB,2026-02-09,2026-02-15,Weekly,,KG,2.749,2.749,1016.1867065429688,xgboost_baseline
Blueberry_AtlasBlue,RETAIL,NL-NB,2026-02-16,2026-02-22,Weekly,,KG,2.749,2.749,1016.1998901367188,xgboost_baseline
Blueberry_AtlasBlue,RETAIL,NL-NB,2026-02-23,2026-03-01,Weekly,,KG,2.749,2.749,1016.1998901367188,xgboost_baseline
Blueberry_AtlasBlue,RETAIL,NL-NB,2026-03-02,2026-03-08,Weekly,,KG,2.749,2.749,1025.1549072265625,xgboost_baseline
Blueberry_AtlasBlue,RETAIL,NL-NB,2026-03-09,2026-03-15,Weekly,,KG,2.749,2.749,935.3255004882812,xgboost_baseline
Blueberry_AtlasBlue,RETAIL,NL-NB,2026-03-16,2026-03-22,Weekly,,KG,2.749,2.749,906.3369140625,xgboost_baseline
Blueberry_AtlasBlue,RETAIL,NL-NB,2026-03-23,2026-03-29,Weekly,,KG,2.749,2.749,900.26171875,xgboost_baseline
Blueberry_AtlasBlue,RETAIL,NL-NB,2026-03-30,2026-04-05,Weekly,,KG,2.749,2.749,809.0130004882812,xgboost_baseline
Blueberry_AtlasBlue,RETAIL,NL-NB,2026-04-06,2026-04-12,Weekly,,KG,2.749,2.749,937.576416015625,xgboost_baseline
Blueberry_AtlasBlue,RETAIL,NL-NB,2026-04-13,2026-04-19,Weekly,,KG,2.749,2.749,940.5552978515625,xgboost_baseline
Blueberry_AtlasBlue,RETAIL,NL-NB,2026-04-20,2026-04-26,Weekly,,KG,2.749,2.749,934.290283203125,xgboost_baseline
Blueberry_AtlasBlue,RETAIL,NL-NB,2026-04-27,2026-05-03,Weekly,,KG,2.749,2.749,914.1903076171875,xgboost_baseline
Blueberry_AtlasBlue,RETAIL,NL-NH,2026-02-02,2026-02-08,Weekly,,KG,2.912,2.912,1030.419921875,xgboost_baseline
Blueberry_AtlasBlue,RETAIL,NL-NH,2026-02-09,2026-02-15,Weekly,,KG,2.912,2.912,1016.1867065429688,xgboost_baseline
Blueberry_AtlasBlue,RETAIL,NL-NH,2026-02-16,2026-02-22,Weekly,,KG,2.912,2.912,1016.1998901367188,xgboost_baseline
Blueberry_AtlasBlue,RETAIL,NL-NH,2026-02-23,2026-03-01,Weekly,,KG,2.912,2.912,1016.1998901367188,xgboost_baseline
Blueberry_AtlasBlue,RETAIL,NL-NH,2026-03-02,2026-03-08,Weekly,,KG,2.912,2.912,1025.1549072265625,xgboost_baseline
Blueberry_AtlasBlue,RETAIL,NL-NH,2026-03-09,2026-03-15,Weekly,,KG,2.912,2.912,935.3255004882812,xgboost_baseline
Blueberry_AtlasBlue,RETAIL,NL-NH,2026-03-16,2026-03-22,Weekly,,KG,2.912,2.912,906.3369140625,xgboost_baseline
Blueberry_AtlasBlue,RETAIL,NL-NH,2026-03-23,2026-03-29,Weekly,,KG,2.912,2.912,900.26171875,xgboost_baseline
Blueberry_AtlasBlue,RETAIL,NL-NH,2026-03-30,2026-04-05,Weekly,,KG,2.912,2.912,809.0130004882812,xgboost_baseline
Blueberry_AtlasBlue,RETAIL,NL-NH,2026-04-06,2026-04-12,Weekly,,KG,2.912,2.912,937.576416015625,xgboost_baseline
Blueberry_AtlasBlue,RETAIL,NL-NH,2026-04-13,2026-04-19,Weekly,,KG,2.912,2.912,940.5552978515625,xgboost_baseline
Blueberry_AtlasBlue,RETAIL,NL-NH,2026-04-20,2026-04-26,Weekly,,KG,2.912,2.912,934.290283203125,xgboost_baseline
Blueberry_AtlasBlue,RETAIL,NL-NH,2026-04-27,2026-05-03,Weekly,,KG,2.912,2.912,914.1903076171875,xgboost_baseline
Blueberry_AtlasBlue,RETAIL,NL-ZH,2026-02-02,2026-02-08,Weekly,,KG,2.878,2.878,1030.419921875,xgboost_baseline
Blueberry_AtlasBlue,RETAIL,NL-ZH,2026-02-09,2026-02-15,Weekly,,KG,2.878,2.878,1016.1867065429688,xgboost_baseline
Blueberry_AtlasBlue,RETAIL,NL-ZH,2026-02-16,2026-02-22,Weekly,,KG,2.878,2.878,1016.1998901367188,xgboost_baseline
Blueberry_AtlasBlue,RETAIL,NL-ZH,2026-02-23,2026-03-01,Weekly,,KG,2.878,2.878,1016.1998901367188,xgboost_baseline
Blueberry_AtlasBlue,RETAIL,NL-ZH,2026-03-02,2026-03-08,Weekly,,KG,2.878,2.878,1025.1549072265625,xgboost_baseline
Blueberry_AtlasBlue,RETAIL,NL-ZH,2026-03-09,2026-03-15,Weekly,,KG,2.878,2.878,935.3255004882812,xgboost_baseline
Blueberry_AtlasBlue,RETAIL,NL-ZH,2026-03-16,2026-03-22,Weekly,,KG,2.878,2.878,906.3369140625,xgboost_baseline
Blueberry_AtlasBlue,RETAIL,NL-ZH,2026-03-23,2026-03-29,Weekly,,KG,2.878,2.878,900.26171875,xgboost_baseline
Blueberry_AtlasBlue,RETAIL,NL-ZH,2026-03-30,2026-04-05,Weekly,,KG,2.878,2.878,809.0130004882812,xgboost_baseline
Blueberry_AtlasBlue,RETAIL,NL-ZH,2026-04-06,2026-04-12,Weekly,,KG,2.878,2.878,937.576416015625,xgboost_baseline
Blueberry_AtlasBlue,RETAIL,NL-ZH,2026-04-13,2026-04-19,Weekly,,KG,2.878,2.878,940.5552978515625,xgboost_baseline
Blueberry_AtlasBlue,RETAIL,NL-ZH,2026-04-20,2026-04-26,Weekly,,KG,2.878,2.878,934.290283203125,xgboost_baseline
Blueberry_AtlasBlue,RETAIL,NL-ZH,2026-04-27,2026-05-03,Weekly,,KG,2.878,2.878,914.1903076171875,xgboost_baseline
Blueberry_AtlasBlue,WHOLESALE,NL-GE,2026-02-02,2026-02-08,Weekly,,KG,2.738,2.738,1029.8541259765625,xgboost_baseline
Blueberry_AtlasBlue,WHOLESALE,NL-GE,2026-02-09,2026-02-15,Weekly,,KG,2.738,2.738,1016.1867065429688,xgboost_baseline
Blueberry_AtlasBlue,WHOLESALE,NL-GE,2026-02-16,2026-02-22,Weekly,,KG,2.738,2.738,1016.1998901367188,xgboost_baseline
Blueberry_AtlasBlue,WHOLESALE,NL-GE,2026-02-23,2026-03-01,Weekly,,KG,2.738,2.738,1016.1998901367188,xgboost_baseline
Blueberry_AtlasBlue,WHOLESALE,NL-GE,2026-03-02,2026-03-08,Weekly,,KG,2.738,2.738,1025.1549072265625,xgboost_baseline
Blueberry_AtlasBlue,WHOLESALE,NL-GE,2026-03-09,2026-03-15,Weekly,,KG,2.738,2.738,935.3255004882812,xgboost_baseline
Blueberry_AtlasBlue,WHOLESALE,NL-GE,2026-03-16,2026-03-22,Weekly,,KG,2.738,2.738,906.3369140625,xgboost_baseline
Blueberry_AtlasBlue,WHOLESALE,NL-GE,2026-03-23,2026-03-29,Weekly,,KG,2.738,2.738,900.26171875,xgboost_baseline
Blueberry_AtlasBlue,WHOLESALE,NL-GE,2026-03-30,2026-04-05,Weekly,,KG,2.738,2.738,809.0130004882812,xgboost_baseline
Blueberry_AtlasBlue,WHOLESALE,NL-GE,2026-04-06,2026-04-12,Weekly,,KG,2.738,2.738,937.576416015625,xgboost_baseline
Blueberry_AtlasBlue,WHOLESALE,NL-GE,2026-04-13,2026-04-19,Weekly,,KG,2.738,2.738,940.5552978515625,xgboost_baseline
Blueberry_AtlasBlue,WHOLESALE,NL-GE,2026-04-20,2026-04-26,Weekly,,KG,2.738,2.738,936.2816162109375,xgboost_baseline
Blueberry_AtlasBlue,WHOLESALE,NL-GE,2026-04-27,2026-05-03,Weekly,,KG,2.738,2.738,923.24462890625,xgboost_baseline
Blueberry_AtlasBlue,WHOLESALE,NL-NB,2026-02-02,2026-02-08,Weekly,,KG,2.709,2.709,1034.967041015625,xgboost_baseline
Blueberry_AtlasBlue,WHOLESALE,NL-NB,2026-02-09,2026-02-15,Weekly,,KG,2.709,2.709,1020.7468872070312,xgboost_baseline
Blueberry_AtlasBlue,WHOLESALE,NL-NB,2026-02-16,2026-02-22,Weekly,,KG,2.709,2.709,1020.7601928710938,xgboost_baseline
Blueberry_AtlasBlue,WHOLESALE,NL-NB,2026-02-23,2026-03-01,Weekly,,KG,2.709,2.709,1020.7601928710938,xgboost_baseline
Blueberry_AtlasBlue,WHOLESALE,NL-NB,2026-03-02,2026-03-08,Weekly,,KG,2.709,2.709,1032.0460205078125,xgboost_baseline
Blueberry_AtlasBlue,WHOLESALE,NL-NB,2026-03-09,2026-03-15,Weekly,,KG,2.709,2.709,1025.01611328125,xgboost_baseline
Blueberry_AtlasBlue,WHOLESALE,NL-NB,2026-03-16,2026-03-22,Weekly,,KG,2.709,2.709,1021.6734008789062,xgboost_baseline
Blueberry_AtlasBlue,WHOLESALE,NL-NB,2026-03-23,2026-03-29,Weekly,,KG,2.709,2.709,1021.6734008789062,xgboost_baseline
Blueberry_AtlasBlue,WHOLESALE,NL-NB,2026-03-30,2026-04-05,Weekly,,KG,2.709,2.709,1021.8218994140625,xgboost_baseline
Blueberry_AtlasBlue,WHOLESALE,NL-NB,2026-04-06,2026-04-12,Weekly,,KG,2.709,2.709,937.7862548828125,xgboost_baseline
Blueberry_AtlasBlue,WHOLESALE,NL-NB,2026-04-13,2026-04-19,Weekly,,KG,2.709,2.709,897.3394775390625,xgboost_baseline
Blueberry_AtlasBlue,WHOLESALE,NL-NB,2026-04-20,2026-04-26,Weekly,,KG,2.709,2.709,892.8585815429688,xgboost_baseline
Blueberry_AtlasBlue,WHOLESALE,NL-NB,2026-04-27,2026-05-03,Weekly,,KG,2.709,2.709,809.6961669921875,xgboost_baseline
Blueberry_AtlasBlue,WHOLESALE,NL-NH,2026-02-02,2026-02-08,Weekly,,KG,2.895,2.895,1030.419921875,xgboost_baseline
Blueberry_AtlasBlue,WHOLESALE,NL-NH,2026-02-09,2026-02-15,Weekly,,KG,2.895,2.895,1016.1867065429688,xgboost_baseline
Blueberry_AtlasBlue,WHOLESALE,NL-NH,2026-02-16,2026-02-22,Weekly,,KG,2.895,2.895,1016.1998901367188,xgboost_baseline
Blueberry_AtlasBlue,WHOLESALE,NL-NH,2026-02-23,2026-03-01,Weekly,,KG,2.895,2.895,1016.1998901367188,xgboost_baseline
Blueberry_AtlasBlue,WHOLESALE,NL-NH,2026-03-02,2026-03-08,Weekly,,KG,2.895,2.895,1025.1549072265625,xgboost_baseline
Blueberry_AtlasBlue,WHOLESALE,NL-NH,2026-03-09,2026-03-15,Weekly,,KG,2.895,2.895,935.3255004882812,xgboost_baseline
Blueberry_AtlasBlue,WHOLESALE,NL-NH,2026-03-16,2026-03-22,Weekly,,KG,2.895,2.895,906.3369140625,xgboost_baseline
Blueberry_AtlasBlue,WHOLESALE,NL-NH,2026-03-23,2026-03-29,Weekly,,KG,2.895,2.895,900.26171875,xgboost_baseline
Blueberry_AtlasBlue,WHOLESALE,NL-NH,2026-03-30,2026-04-05,Weekly,,KG,2.895,2.895,809.0130004882812,xgboost_baseline
Blueberry_AtlasBlue,WHOLESALE,NL-NH,2026-04-06,2026-04-12,Weekly,,KG,2.895,2.895,937.576416015625,xgboost_baseline
Blueberry_AtlasBlue,WHOLESALE,NL-NH,2026-04-13,2026-04-19,Weekly,,KG,2.895,2.895,940.5552978515625,xgboost_baseline
Blueberry_AtlasBlue,WHOLESALE,NL-NH,2026-04-20,2026-04-26,Weekly,,KG,2.895,2.895,936.286376953125,xgboost_baseline
Blueberry_AtlasBlue,WHOLESALE,NL-NH,2026-04-27,2026-05-03,Weekly,,KG,2.895,2.895,923.24462890625,xgboost_baseline
Blueberry_AtlasBlue,WHOLESALE,NL-ZH,2026-02-02,2026-02-08,Weekly,,KG,2.87,2.87,1030.419921875,xgboost_baseline
Blueberry_AtlasBlue,WHOLESALE,NL-ZH,2026-02-09,2026-02-15,Weekly,,KG,2.87,2.87,1016.1867065429688,xgboost_baseline
Blueberry_AtlasBlue,WHOLESALE,NL-ZH,2026-02-16,2026-02-22,Weekly,,KG,2.87,2.87,1016.1998901367188,xgboost_baseline
Blueberry_AtlasBlue,WHOLESALE,NL-ZH,2026-02-23,2026-03-01,Weekly,,KG,2.87,2.87,1016.1998901367188,xgboost_baseline
Blueberry_AtlasBlue,WHOLESALE,NL-ZH,2026-03-02,2026-03-08,Weekly,,KG,2.87,2.87,1025.1549072265625,xgboost_baseline
Blueberry_AtlasBlue,WHOLESALE,NL-ZH,2026-03-09,2026-03-15,Weekly,,KG,2.87,2.87,935.3255004882812,xgboost_baseline
Blueberry_AtlasBlue,WHOLESALE,NL-ZH,2026-03-16,2026-03-22,Weekly,,KG,2.87,2.87,906.3369140625,xgboost_baseline
Blueberry_AtlasBlue,WHOLESALE,NL-ZH,2026-03-23,2026-03-29,Weekly,,KG,2.87,2.87,900.26171875,xgboost_baseline
Blueberry_AtlasBlue,WHOLESALE,NL-ZH,2026-03-30,2026-04-05,Weekly,,KG,2.87,2.87,809.0130004882812,xgboost_baseline
Blueberry_AtlasBlue,WHOLESALE,NL-ZH,2026-04-06,2026-04-12,Weekly,,KG,2.87,2.87,937.576416015625,xgboost_baseline
Blueberry_AtlasBlue,WHOLESALE,NL-ZH,2026-04-13,2026-04-19,Weekly,,KG,2.87,2.87,940.5552978515625,xgboost_baseline
Blueberry_AtlasBlue,WHOLESALE,NL-ZH,2026-04-20,2026-04-26,Weekly,,KG,2.87,2.87,934.8729248046875,xgboost_baseline
Blueberry_AtlasBlue,WHOLESALE,NL-ZH,2026-04-27,2026-05-03,Weekly,,KG,2.87,2.87,920.79248046875,xgboost_baseline
Blueberry_Duke,ONLINE,NL-GE,2026-02-02,2026-02-08,Weekly,,KG,2.694,2.694,919.3065795898438,xgboost_baseline
Blueberry_Duke,ONLINE,NL-GE,2026-02-09,2026-02-15,Weekly,,KG,2.694,2.694,910.1653442382812,xgboost_baseline
Blueberry_Duke,ONLINE,NL-GE,2026-02-16,2026-02-22,Weekly,,KG,2.694,2.694,972.0383911132812,xgboost_baseline
Blueberry_Duke,ONLINE,NL-GE,2026-02-23,2026-03-01,Weekly,,KG,2.694,2.694,976.7311401367188,xgboost_baseline
Blueberry_Duke,ONLINE,NL-GE,2026-03-02,2026-03-08,Weekly,,KG,2.694,2.694,909.2409057617188,xgboost_baseline
Blueberry_Duke,ONLINE,NL-GE,2026-03-09,2026-03-15,Weekly,,KG,2.694,2.694,897.3914184570312,xgboost_baseline
Blueberry_Duke,ONLINE,NL-GE,2026-03-16,2026-03-22,Weekly,,KG,2.694,2.694,890.1307983398438,xgboost_baseline
Blueberry_Duke,ONLINE,NL-GE,2026-03-23,2026-03-29,Weekly,,KG,2.694,2.694,889.5531005859375,xgboost_baseline
Blueberry_Duke,ONLINE,NL-GE,2026-03-30,2026-04-05,Weekly,,KG,2.694,2.694,925.7162475585938,xgboost_baseline
Blueberry_Duke,ONLINE,NL-GE,2026-04-06,2026-04-12,Weekly,,KG,2.694,2.694,953.8798217773438,xgboost_baseline
Blueberry_Duke,ONLINE,NL-GE,2026-04-13,2026-04-19,Weekly,,KG,2.694,2.694,882.0939331054688,xgboost_baseline
Blueberry_Duke,ONLINE,NL-GE,2026-04-20,2026-04-26,Weekly,,KG,2.694,2.694,873.80615234375,xgboost_baseline
Blueberry_Duke,ONLINE,NL-GE,2026-04-27,2026-05-03,Weekly,,KG,2.694,2.694,926.2572631835938,xgboost_baseline
Blueberry_Duke,ONLINE,NL-NB,2026-02-02,2026-02-08,Weekly,,KG,2.742,2.742,912.1610717773438,xgboost_baseline
Blueberry_Duke,ONLINE,NL-NB,2026-02-09,2026-02-15,Weekly,,KG,2.742,2.742,973.2947998046875,xgboost_baseline
Blueberry_Duke,ONLINE,NL-NB,2026-02-16,2026-02-22,Weekly,,KG,2.742,2.742,976.0689086914062,xgboost_baseline
Blueberry_Duke,ONLINE,NL-NB,2026-02-23,2026-03-01,Weekly,,KG,2.742,2.742,943.2379760742188,xgboost_baseline
Blueberry_Duke,ONLINE,NL-NB,2026-03-02,2026-03-08,Weekly,,KG,2.742,2.742,892.7294311523438,xgboost_baseline
Blueberry_Duke,ONLINE,NL-NB,2026-03-09,2026-03-15,Weekly,,KG,2.742,2.742,873.3944702148438,xgboost_baseline
Blueberry_Duke,ONLINE,NL-NB,2026-03-16,2026-03-22,Weekly,,KG,2.742,2.742,885.318603515625,xgboost_baseline
Blueberry_Duke,ONLINE,NL-NB,2026-03-23,2026-03-29,Weekly,,KG,2.742,2.742,912.9415283203125,xgboost_baseline
Blueberry_Duke,ONLINE,NL-NB,2026-03-30,2026-04-05,Weekly,,KG,2.742,2.742,943.1798706054688,xgboost_baseline
Blueberry_Duke,ONLINE,NL-NB,2026-04-06,2026-04-12,Weekly,,KG,2.742,2.742,944.49853515625,xgboost_baseline
Blueberry_Duke,ONLINE,NL-NB,2026-04-13,2026-04-19,Weekly,,KG,2.742,2.742,873.322998046875,xgboost_baseline
Blueberry_Duke,ONLINE,NL-NB,2026-04-20,2026-04-26,Weekly,,KG,2.742,2.742,864.09130859375,xgboost_baseline
Blueberry_Duke,ONLINE,NL-NB,2026-04-27,2026-05-03,Weekly,,KG,2.742,2.742,930.0228881835938,xgboost_baseline
Blueberry_Duke,ONLINE,NL-NH,2026-02-02,2026-02-08,Weekly,,KG,2.884,2.884,851.1723022460938,xgboost_baseline
Blueberry_Duke,ONLINE,NL-NH,2026-02-09,2026-02-15,Weekly,,KG,2.884,2.884,856.781005859375,xgboost_baseline
Blueberry_Duke,ONLINE,NL-NH,2026-02-16,2026-02-22,Weekly,,KG,2.884,2.884,926.9081420898438,xgboost_baseline
Blueberry_Duke,ONLINE,NL-NH,2026-02-23,2026-03-01,Weekly,,KG,2.884,2.884,943.9312744140625,xgboost_baseline
Blueberry_Duke,ONLINE,NL-NH,2026-03-02,2026-03-08,Weekly,,KG,2.884,2.884,921.9194946289062,xgboost_baseline
Blueberry_Duke,ONLINE,NL-NH,2026-03-09,2026-03-15,Weekly,,KG,2.884,2.884,879.3462524414062,xgboost_baseline
Blueberry_Duke,ONLINE,NL-NH,2026-03-16,2026-03-22,Weekly,,KG,2.884,2.884,872.657470703125,xgboost_baseline
Blueberry_Duke,ONLINE,NL-NH,2026-03-23,2026-03-29,Weekly,,KG,2.884,2.884,916.2848510742188,xgboost_baseline
Blueberry_Duke,ONLINE,NL-NH,2026-03-30,2026-04-05,Weekly,,KG,2.884,2.884,954.7852172851562,xgboost_baseline
Blueberry_Duke,ONLINE,NL-NH,2026-04-06,2026-04-12,Weekly,,KG,2.884,2.884,949.4097900390625,xgboost_baseline
Blueberry_Duke,ONLINE,NL-NH,2026-04-13,2026-04-19,Weekly,,KG,2.884,2.884,878.4566650390625,xgboost_baseline
Blueberry_Duke,ONLINE,NL-NH,2026-04-20,2026-04-26,Weekly,,KG,2.884,2.884,865.6512451171875,xgboost_baseline
Blueberry_Duke,ONLINE,NL-NH,2026-04-27,2026-05-03,Weekly,,KG,2.884,2.884,885.7315673828125,xgboost_baseline
Blueberry_Duke,ONLINE,NL-ZH,2026-02-02,2026-02-08,Weekly,,KG,2.921,2.921,913.5519409179688,xgboost_baseline
Blueberry_Duke,ONLINE,NL-ZH,2026-02-09,2026-02-15,Weekly,,KG,2.921,2.921,997.0202026367188,xgboost_baseline
Blueberry_Duke,ONLINE,NL-ZH,2026-02-16,2026-02-22,Weekly,,KG,2.921,2.921,971.4205932617188,xgboost_baseline
Blueberry_Duke,ONLINE,NL-ZH,2026-02-23,2026-03-01,Weekly,,KG,2.921,2.921,889.9934692382812,xgboost_baseline
Blueberry_Duke,ONLINE,NL-ZH,2026-03-02,2026-03-08,Weekly,,KG,2.921,2.921,875.0747680664062,xgboost_baseline
Blueberry_Duke,ONLINE,NL-ZH,2026-03-09,2026-03-15,Weekly,,KG,2.921,2.921,888.8364868164062,xgboost_baseline
Blueberry_Duke,ONLINE,NL-ZH,2026-03-16,2026-03-22,Weekly,,KG,2.921,2.921,934.3114624023438,xgboost_baseline
Blueberry_Duke,ONLINE,NL-ZH,2026-03-23,2026-03-29,Weekly,,KG,2.921,2.921,950.3604125976562,xgboost_baseline
Blueberry_Duke,ONLINE,NL-ZH,2026-03-30,2026-04-05,Weekly,,KG,2.921,2.921,883.7379760742188,xgboost_baseline
Blueberry_Duke,ONLINE,NL-ZH,2026-04-06,2026-04-12,Weekly,,KG,2.921,2.921,876.538818359375,xgboost_baseline
Blueberry_Duke,ONLINE,NL-ZH,2026-04-13,2026-04-19,Weekly,,KG,2.921,2.921,866.8795166015625,xgboost_baseline
Blueberry_Duke,ONLINE,NL-ZH,2026-04-20,2026-04-26,Weekly,,KG,2.921,2.921,921.1809692382812,xgboost_baseline
Blueberry_Duke,ONLINE,NL-ZH,2026-04-27,2026-05-03,Weekly,,KG,2.921,2.921,945.736328125,xgboost_baseline
Blueberry_Duke,RETAIL,NL-GE,2026-02-02,2026-02-08,Weekly,,KG,2.703,2.703,1034.9793701171875,xgboost_baseline
Blueberry_Duke,RETAIL,NL-GE,2026-02-09,2026-02-15,Weekly,,KG,2.703,2.703,1020.8610229492188,xgboost_baseline
Blueberry_Duke,RETAIL,NL-GE,2026-02-16,2026-02-22,Weekly,,KG,2.703,2.703,1020.8743286132812,xgboost_baseline
Blueberry_Duke,RETAIL,NL-GE,2026-02-23,2026-03-01,Weekly,,KG,2.703,2.703,1022.2974243164062,xgboost_baseline
Blueberry_Duke,RETAIL,NL-GE,2026-03-02,2026-03-08,Weekly,,KG,2.703,2.703,1032.11279296875,xgboost_baseline
Blueberry_Duke,RETAIL,NL-GE,2026-03-09,2026-03-15,Weekly,,KG,2.703,2.703,1025.0904541015625,xgboost_baseline
Blueberry_Duke,RETAIL,NL-GE,2026-03-16,2026-03-22,Weekly,,KG,2.703,2.703,1021.7477416992188,xgboost_baseline
Blueberry_Duke,RETAIL,NL-GE,2026-03-23,2026-03-29,Weekly,,KG,2.703,2.703,1021.7477416992188,xgboost_baseline
Blueberry_Duke,RETAIL,NL-GE,2026-03-30,2026-04-05,Weekly,,KG,2.703,2.703,1021.896240234375,xgboost_baseline
Blueberry_Duke,RETAIL,NL-GE,2026-04-06,2026-04-12,Weekly,,KG,2.703,2.703,937.8604736328125,xgboost_baseline
Blueberry_Duke,RETAIL,NL-GE,2026-04-13,2026-04-19,Weekly,,KG,2.703,2.703,897.413818359375,xgboost_baseline
Blueberry_Duke,RETAIL,NL-GE,2026-04-20,2026-04-26,Weekly,,KG,2.703,2.703,897.6519165039062,xgboost_baseline
Blueberry_Duke,RETAIL,NL-GE,2026-04-27,2026-05-03,Weekly,,KG,2.703,2.703,809.8009033203125,xgboost_baseline
Blueberry_Duke,RETAIL,NL-NB,2026-02-02,2026-02-08,Weekly,,KG,2.74,2.74,1030.419921875,xgboost_baseline
Blueberry_Duke,RETAIL,NL-NB,2026-02-09,2026-02-15,Weekly,,KG,2.74,2.74,1016.1867065429688,xgboost_baseline
Blueberry_Duke,RETAIL,NL-NB,2026-02-16,2026-02-22,Weekly,,KG,2.74,2.74,1016.1998901367188,xgboost_baseline
Blueberry_Duke,RETAIL,NL-NB,2026-02-23,2026-03-01,Weekly,,KG,2.74,2.74,1016.1998901367188,xgboost_baseline
Blueberry_Duke,RETAIL,NL-NB,2026-03-02,2026-03-08,Weekly,,KG,2.74,2.74,1025.1549072265625,xgboost_baseline
Blueberry_Duke,RETAIL,NL-NB,2026-03-09,2026-03-15,Weekly,,KG,2.74,2.74,935.3255004882812,xgboost_baseline
Blueberry_Duke,RETAIL,NL-NB,2026-03-16,2026-03-22,Weekly,,KG,2.74,2.74,906.3369140625,xgboost_baseline
Blueberry_Duke,RETAIL,NL-NB,2026-03-23,2026-03-29,Weekly,,KG,2.74,2.74,900.26171875,xgboost_baseline
Blueberry_Duke,RETAIL,NL-NB,2026-03-30,2026-04-05,Weekly,,KG,2.74,2.74,809.0130004882812,xgboost_baseline
Blueberry_Duke,RETAIL,NL-NB,2026-04-06,2026-04-12,Weekly,,KG,2.74,2.74,937.576416015625,xgboost_baseline
Blueberry_Duke,RETAIL,NL-NB,2026-04-13,2026-04-19,Weekly,,KG,2.74,2.74,940.5552978515625,xgboost_baseline
Blueberry_Duke,RETAIL,NL-NB,2026-04-20,2026-04-26,Weekly,,KG,2.74,2.74,936.3843994140625,xgboost_baseline
Blueberry_Duke,RETAIL,NL-NB,2026-04-27,2026-05-03,Weekly,,KG,2.74,2.74,923.24462890625,xgboost_baseline
Blueberry_Duke,RETAIL,NL-NH,2026-02-02,2026-02-08,Weekly,,KG,2.835,2.835,1030.419921875,xgboost_baseline
Blueberry_Duke,RETAIL,NL-NH,2026-02-09,2026-02-15,Weekly,,KG,2.835,2.835,1016.1867065429688,xgboost_baseline
Blueberry_Duke,RETAIL,NL-NH,2026-02-16,2026-02-22,Weekly,,KG,2.835,2.835,1016.1998901367188,xgboost_baseline
Blueberry_Duke,RETAIL,NL-NH,2026-02-23,2026-03-01,Weekly,,KG,2.835,2.835,1017.5947875976562,xgboost_baseline
Blueberry_Duke,RETAIL,NL-NH,2026-03-02,2026-03-08,Weekly,,KG,2.835,2.835,1025.1549072265625,xgboost_baseline
Blueberry_Duke,RETAIL,NL-NH,2026-03-09,2026-03-15,Weekly,,KG,2.835,2.835,935.3255004882812,xgboost_baseline
Blueberry_Duke,RETAIL,NL-NH,2026-03-16,2026-03-22,Weekly,,KG,2.835,2.835,906.4276123046875,xgboost_baseline
Blueberry_Duke,RETAIL,NL-NH,2026-03-23,2026-03-29,Weekly,,KG,2.835,2.835,900.26171875,xgboost_baseline
Blueberry_Duke,RETAIL,NL-NH,2026-03-30,2026-04-05,Weekly,,KG,2.835,2.835,809.0130004882812,xgboost_baseline
Blueberry_Duke,RETAIL,NL-NH,2026-04-06,2026-04-12,Weekly,,KG,2.835,2.835,937.576416015625,xgboost_baseline
Blueberry_Duke,RETAIL,NL-NH,2026-04-13,2026-04-19,Weekly,,KG,2.835,2.835,940.5552978515625,xgboost_baseline
Blueberry_Duke,RETAIL,NL-NH,2026-04-20,2026-04-26,Weekly,,KG,2.835,2.835,936.669677734375,xgboost_baseline
Blueberry_Duke,RETAIL,NL-NH,2026-04-27,2026-05-03,Weekly,,KG,2.835,2.835,924.919189453125,xgboost_baseline
Blueberry_Duke,RETAIL,NL-ZH,2026-02-02,2026-02-08,Weekly,,KG,2.982,2.982,1030.419921875,xgboost_baseline
Blueberry_Duke,RETAIL,NL-ZH,2026-02-09,2026-02-15,Weekly,,KG,2.982,2.982,1016.1867065429688,xgboost_baseline
Blueberry_Duke,RETAIL,NL-ZH,2026-02-16,2026-02-22,Weekly,,KG,2.982,2.982,1016.1998901367188,xgboost_baseline
Blueberry_Duke,RETAIL,NL-ZH,2026-02-23,2026-03-01,Weekly,,KG,2.982,2.982,1016.1998901367188,xgboost_baseline
Blueberry_Duke,RETAIL,NL-ZH,2026-03-02,2026-03-08,Weekly,,KG,2.982,2.982,1025.1549072265625,xgboost_baseline
Blueberry_Duke,RETAIL,NL-ZH,2026-03-09,2026-03-15,Weekly,,KG,2.982,2.982,935.3255004882812,xgboost_baseline
Blueberry_Duke,RETAIL,NL-ZH,2026-03-16,2026-03-22,Weekly,,KG,2.982,2.982,906.3369140625,xgboost_baseline
Blueberry_Duke,RETAIL,NL-ZH,2026-03-23,2026-03-29,Weekly,,KG,2.982,2.982,900.26171875,xgboost_baseline
Blueberry_Duke,RETAIL,NL-ZH,2026-03-30,2026-04-05,Weekly,,KG,2.982,2.982,809.0130004882812,xgboost_baseline
Blueberry_Duke,RETAIL,NL-ZH,2026-04-06,2026-04-12,Weekly,,KG,2.982,2.982,937.576416015625,xgboost_baseline
Blueberry_Duke,RETAIL,NL-ZH,2026-04-13,2026-04-19,Weekly,,KG,2.982,2.982,940.5552978515625,xgboost_baseline
Blueberry_Duke,RETAIL,NL-ZH,2026-04-20,2026-04-26,Weekly,,KG,2.982,2.982,936.2816162109375,xgboost_baseline
Blueberry_Duke,RETAIL,NL-ZH,2026-04-27,2026-05-03,Weekly,,KG,2.982,2.982,923.24462890625,xgboost_baseline
Blueberry_Duke,WHOLESALE,NL-GE,2026-02-02,2026-02-08,Weekly,,KG,2.635,2.635,960.4070434570312,xgboost_baseline
Blueberry_Duke,WHOLESALE,NL-GE,2026-02-09,2026-02-15,Weekly,,KG,2.635,2.635,1020.2567749023438,xgboost_baseline
Blueberry_Duke,WHOLESALE,NL-GE,2026-02-16,2026-02-22,Weekly,,KG,2.635,2.635,1020.0171508789062,xgboost_baseline
Blueberry_Duke,WHOLESALE,NL-GE,2026-02-23,2026-03-01,Weekly,,KG,2.635,2.635,1045.6644287109375,xgboost_baseline
Blueberry_Duke,WHOLESALE,NL-GE,2026-03-02,2026-03-08,Weekly,,KG,2.635,2.635,1046.36962890625,xgboost_baseline
Blueberry_Duke,WHOLESALE,NL-GE,2026-03-09,2026-03-15,Weekly,,KG,2.635,2.635,1029.5989990234375,xgboost_baseline
Blueberry_Duke,WHOLESALE,NL-GE,2026-03-16,2026-03-22,Weekly,,KG,2.635,2.635,1030.1405029296875,xgboost_baseline
Blueberry_Duke,WHOLESALE,NL-GE,2026-03-23,2026-03-29,Weekly,,KG,2.635,2.635,1030.737060546875,xgboost_baseline
Blueberry_Duke,WHOLESALE,NL-GE,2026-03-30,2026-04-05,Weekly,,KG,2.635,2.635,1046.049560546875,xgboost_baseline
Blueberry_Duke,WHOLESALE,NL-GE,2026-04-06,2026-04-12,Weekly,,KG,2.635,2.635,1051.4412841796875,xgboost_baseline
Blueberry_Duke,WHOLESALE,NL-GE,2026-04-13,2026-04-19,Weekly,,KG,2.635,2.635,1042.910888671875,xgboost_baseline
Blueberry_Duke,WHOLESALE,NL-GE,2026-04-20,2026-04-26,Weekly,,KG,2.635,2.635,1065.37890625,xgboost_baseline
Blueberry_Duke,WHOLESALE,NL-GE,2026-04-27,2026-05-03,Weekly,,KG,2.635,2.635,1033.4208984375,xgboost_baseline
Blueberry_Duke,WHOLESALE,NL-NB,2026-02-02,2026-02-08,Weekly,,KG,2.751,2.751,1047.8240966796875,xgboost_baseline
Blueberry_Duke,WHOLESALE,NL-NB,2026-02-09,2026-02-15,Weekly,,KG,2.751,2.751,1008.8989868164062,xgboost_baseline
Blueberry_Duke,WHOLESALE,NL-NB,2026-02-16,2026-02-22,Weekly,,KG,2.751,2.751,1010.4668579101562,xgboost_baseline
Blueberry_Duke,WHOLESALE,NL-NB,2026-02-23,2026-03-01,Weekly,,KG,2.751,2.751,1036.246337890625,xgboost_baseline
Blueberry_Duke,WHOLESALE,NL-NB,2026-03-02,2026-03-08,Weekly,,KG,2.751,2.751,1041.3936767578125,xgboost_baseline
Blueberry_Duke,WHOLESALE,NL-NB,2026-03-09,2026-03-15,Weekly,,KG,2.751,2.751,1011.2489013671875,xgboost_baseline
Blueberry_Duke,WHOLESALE,NL-NB,2026-03-16,2026-03-22,Weekly,,KG,2.751,2.751,998.7824096679688,xgboost_baseline
Blueberry_Duke,WHOLESALE,NL-NB,2026-03-23,2026-03-29,Weekly,,KG,2.751,2.751,1021.1819458007812,xgboost_baseline
Blueberry_Duke,WHOLESALE,NL-NB,2026-03-30,2026-04-05,Weekly,,KG,2.751,2.751,1015.4146728515625,xgboost_baseline
Blueberry_Duke,WHOLESALE,NL-NB,2026-04-06,2026-04-12,Weekly,,KG,2.751,2.751,930.0687866210938,xgboost_baseline
Blueberry_Duke,WHOLESALE,NL-NB,2026-04-13,2026-04-19,Weekly,,KG,2.751,2.751,880.4049682617188,xgboost_baseline
Blueberry_Duke,WHOLESALE,NL-NB,2026-04-20,2026-04-26,Weekly,,KG,2.751,2.751,798.257080078125,xgboost_baseline
Blueberry_Duke,WHOLESALE,NL-NB,2026-04-27,2026-05-03,Weekly,,KG,2.751,2.751,938.8151245117188,xgboost_baseline
Blueberry_Duke,WHOLESALE,NL-NH,2026-02-02,2026-02-08,Weekly,,KG,2.907,2.907,1029.668701171875,xgboost_baseline
Blueberry_Duke,WHOLESALE,NL-NH,2026-02-09,2026-02-15,Weekly,,KG,2.907,2.907,1016.1867065429688,xgboost_baseline
Blueberry_Duke,WHOLESALE,NL-NH,2026-02-16,2026-02-22,Weekly,,KG,2.907,2.907,1016.1998901367188,xgboost_baseline
Blueberry_Duke,WHOLESALE,NL-NH,2026-02-23,2026-03-01,Weekly,,KG,2.907,2.907,1045.2784423828125,xgboost_baseline
Blueberry_Duke,WHOLESALE,NL-NH,2026-03-02,2026-03-08,Weekly,,KG,2.907,2.907,1019.0787353515625,xgboost_baseline
Blueberry_Duke,WHOLESALE,NL-NH,2026-03-09,2026-03-15,Weekly,,KG,2.907,2.907,1018.1563110351562,xgboost_baseline
Blueberry_Duke,WHOLESALE,NL-NH,2026-03-16,2026-03-22,Weekly,,KG,2.907,2.907,1014.8206176757812,xgboost_baseline
Blueberry_Duke,WHOLESALE,NL-NH,2026-03-23,2026-03-29,Weekly,,KG,2.907,2.907,1008.6084594726562,xgboost_baseline
Blueberry_Duke,WHOLESALE,NL-NH,2026-03-30,2026-04-05,Weekly,,KG,2.907,2.907,919.2844848632812,xgboost_baseline
Blueberry_Duke,WHOLESALE,NL-NH,2026-04-06,2026-04-12,Weekly,,KG,2.907,2.907,906.365966796875,xgboost_baseline
Blueberry_Duke,WHOLESALE,NL-NH,2026-04-13,2026-04-19,Weekly,,KG,2.907,2.907,875.14453125,xgboost_baseline
Blueberry_Duke,WHOLESALE,NL-NH,2026-04-20,2026-04-26,Weekly,,KG,2.907,2.907,827.1166381835938,xgboost_baseline
Blueberry_Duke,WHOLESALE,NL-NH,2026-04-27,2026-05-03,Weekly,,KG,2.907,2.907,928.2758178710938,xgboost_baseline
Blueberry_Duke,WHOLESALE,NL-ZH,2026-02-02,2026-02-08,Weekly,,KG,2.908,2.908,1030.0799560546875,xgboost_baseline
Blueberry_Duke,WHOLESALE,NL-ZH,2026-02-09,2026-02-15,Weekly,,KG,2.908,2.908,1016.1867065429688,xgboost_baseline
Blueberry_Duke,WHOLESALE,NL-ZH,2026-02-16,2026-02-22,Weekly,,KG,2.908,2.908,1016.1998901367188,xgboost_baseline
Blueberry_Duke,WHOLESALE,NL-ZH,2026-02-23,2026-03-01,Weekly,,KG,2.908,2.908,1045.1641845703125,xgboost_baseline
Blueberry_Duke,WHOLESALE,NL-ZH,2026-03-02,2026-03-08,Weekly,,KG,2.908,2.908,1019.0787353515625,xgboost_baseline
Blueberry_Duke,WHOLESALE,NL-ZH,2026-03-09,2026-03-15,Weekly,,KG,2.908,2.908,1018.1563110351562,xgboost_baseline
Blueberry_Duke,WHOLESALE,NL-ZH,2026-03-16,2026-03-22,Weekly,,KG,2.908,2.908,1014.8206176757812,xgboost_baseline
Blueberry_Duke,WHOLESALE,NL-ZH,2026-03-23,2026-03-29,Weekly,,KG,2.908,2.908,1008.6084594726562,xgboost_baseline
Blueberry_Duke,WHOLESALE,NL-ZH,2026-03-30,2026-04-05,Weekly,,KG,2.908,2.908,919.2844848632812,xgboost_baseline
Blueberry_Duke,WHOLESALE,NL-ZH,2026-04-06,2026-04-12,Weekly,,KG,2.908,2.908,906.365966796875,xgboost_baseline
Blueberry_Duke,WHOLESALE,NL-ZH,2026-04-13,2026-04-19,Weekly,,KG,2.908,2.908,875.5472412109375,xgboost_baseline
Blueberry_Duke,WHOLESALE,NL-ZH,2026-04-20,2026-04-26,Weekly,,KG,2.908,2.908,826.7892456054688,xgboost_baseline
Blueberry_Duke,WHOLESALE,NL-ZH,2026-04-27,2026-05-03,Weekly,,KG,2.908,2.908,925.4118041992188,xgboost_baseline
Blueberry_SekoyaPop,ONLINE,NL-GE,2026-02-02,2026-02-08,Weekly,,KG,2.656,2.656,862.9149169921875,xgboost_baseline
Blueberry_SekoyaPop,ONLINE,NL-GE,2026-02-09,2026-02-15,Weekly,,KG,2.656,2.656,859.8193359375,xgboost_baseline
Blueberry_SekoyaPop,ONLINE,NL-GE,2026-02-16,2026-02-22,Weekly,,KG,2.656,2.656,886.1949462890625,xgboost_baseline
Blueberry_SekoyaPop,ONLINE,NL-GE,2026-02-23,2026-03-01,Weekly,,KG,2.656,2.656,924.4221801757812,xgboost_baseline
Blueberry_SekoyaPop,ONLINE,NL-GE,2026-03-02,2026-03-08,Weekly,,KG,2.656,2.656,963.041259765625,xgboost_baseline
Blueberry_SekoyaPop,ONLINE,NL-GE,2026-03-09,2026-03-15,Weekly,,KG,2.656,2.656,943.1788940429688,xgboost_baseline
Blueberry_SekoyaPop,ONLINE,NL-GE,2026-03-16,2026-03-22,Weekly,,KG,2.656,2.656,881.412109375,xgboost_baseline
Blueberry_SekoyaPop,ONLINE,NL-GE,2026-03-23,2026-03-29,Weekly,,KG,2.656,2.656,877.0238647460938,xgboost_baseline
Blueberry_SekoyaPop,ONLINE,NL-GE,2026-03-30,2026-04-05,Weekly,,KG,2.656,2.656,898.200439453125,xgboost_baseline
Blueberry_SekoyaPop,ONLINE,NL-GE,2026-04-06,2026-04-12,Weekly,,KG,2.656,2.656,921.4966430664062,xgboost_baseline
Blueberry_SekoyaPop,ONLINE,NL-GE,2026-04-13,2026-04-19,Weekly,,KG,2.656,2.656,952.3447265625,xgboost_baseline
Blueberry_SekoyaPop,ONLINE,NL-GE,2026-04-20,2026-04-26,Weekly,,KG,2.656,2.656,883.7784423828125,xgboost_baseline
Blueberry_SekoyaPop,ONLINE,NL-GE,2026-04-27,2026-05-03,Weekly,,KG,2.656,2.656,881.5994873046875,xgboost_baseline
Blueberry_SekoyaPop,ONLINE,NL-NB,2026-02-02,2026-02-08,Weekly,,KG,2.745,2.745,982.1035766601562,xgboost_baseline
Blueberry_SekoyaPop,ONLINE,NL-NB,2026-02-09,2026-02-15,Weekly,,KG,2.745,2.745,1011.6373291015625,xgboost_baseline
Blueberry_SekoyaPop,ONLINE,NL-NB,2026-02-16,2026-02-22,Weekly,,KG,2.745,2.745,1049.72021484375,xgboost_baseline
Blueberry_SekoyaPop,ONLINE,NL-NB,2026-02-23,2026-03-01,Weekly,,KG,2.745,2.745,1057.8182373046875,xgboost_baseline
Blueberry_SekoyaPop,ONLINE,NL-NB,2026-03-02,2026-03-08,Weekly,,KG,2.745,2.745,1039.1441650390625,xgboost_baseline
Blueberry_SekoyaPop,ONLINE,NL-NB,2026-03-09,2026-03-15,Weekly,,KG,2.745,2.745,1059.9732666015625,xgboost_baseline
Blueberry_SekoyaPop,ONLINE,NL-NB,2026-03-16,2026-03-22,Weekly,,KG,2.745,2.745,1003.99365234375,xgboost_baseline
Blueberry_SekoyaPop,ONLINE,NL-NB,2026-03-23,2026-03-29,Weekly,,KG,2.745,2.745,1033.132568359375,xgboost_baseline
Blueberry_SekoyaPop,ONLINE,NL-NB,2026-03-30,2026-04-05,Weekly,,KG,2.745,2.745,1074.1998291015625,xgboost_baseline
Blueberry_SekoyaPop,ONLINE,NL-NB,2026-04-06,2026-04-12,Weekly,,KG,2.745,2.745,1035.86328125,xgboost_baseline
Blueberry_SekoyaPop,ONLINE,NL-NB,2026-04-13,2026-04-19,Weekly,,KG,2.745,2.745,1030.5269775390625,xgboost_baseline
Blueberry_SekoyaPop,ONLINE,NL-NB,2026-04-20,2026-04-26,Weekly,,KG,2.745,2.745,1033.6761474609375,xgboost_baseline
Blueberry_SekoyaPop,ONLINE,NL-NB,2026-04-27,2026-05-03,Weekly,,KG,2.745,2.745,1054.526123046875,xgboost_baseline
Blueberry_SekoyaPop,ONLINE,NL-NH,2026-02-02,2026-02-08,Weekly,,KG,2.798,2.798,868.152587890625,xgboost_baseline
Blueberry_SekoyaPop,ONLINE,NL-NH,2026-02-09,2026-02-15,Weekly,,KG,2.798,2.798,905.5222778320312,xgboost_baseline
Blueberry_SekoyaPop,ONLINE,NL-NH,2026-02-16,2026-02-22,Weekly,,KG,2.798,2.798,921.8768310546875,xgboost_baseline
Blueberry_SekoyaPop,ONLINE,NL-NH,2026-02-23,2026-03-01,Weekly,,KG,2.798,2.798,865.1546630859375,xgboost_baseline
Blueberry_SekoyaPop,ONLINE,NL-NH,2026-03-02,2026-03-08,Weekly,,KG,2.798,2.798,915.70166015625,xgboost_baseline
Blueberry_SekoyaPop,ONLINE,NL-NH,2026-03-09,2026-03-15,Weekly,,KG,2.798,2.798,948.3309936523438,xgboost_baseline
Blueberry_SekoyaPop,ONLINE,NL-NH,2026-03-16,2026-03-22,Weekly,,KG,2.798,2.798,862.2623901367188,xgboost_baseline
Blueberry_SekoyaPop,ONLINE,NL-NH,2026-03-23,2026-03-29,Weekly,,KG,2.798,2.798,917.7312622070312,xgboost_baseline
Blueberry_SekoyaPop,ONLINE,NL-NH,2026-03-30,2026-04-05,Weekly,,KG,2.798,2.798,887.1290283203125,xgboost_baseline
Blueberry_SekoyaPop,ONLINE,NL-NH,2026-04-06,2026-04-12,Weekly,,KG,2.798,2.798,920.3112182617188,xgboost_baseline
Blueberry_SekoyaPop,ONLINE,NL-NH,2026-04-13,2026-04-19,Weekly,,KG,2.798,2.798,937.58203125,xgboost_baseline
Blueberry_SekoyaPop,ONLINE,NL-NH,2026-04-20,2026-04-26,Weekly,,KG,2.798,2.798,865.8927612304688,xgboost_baseline
Blueberry_SekoyaPop,ONLINE,NL-NH,2026-04-27,2026-05-03,Weekly,,KG,2.798,2.798,910.8067626953125,xgboost_baseline
Blueberry_SekoyaPop,ONLINE,NL-ZH,2026-02-02,2026-02-08,Weekly,,KG,2.919,2.919,1013.9169311523438,xgboost_baseline
Blueberry_SekoyaPop,ONLINE,NL-ZH,2026-02-09,2026-02-15,Weekly,,KG,2.919,2.919,1087.990234375,xgboost_baseline
Blueberry_SekoyaPop,ONLINE,NL-ZH,2026-02-16,2026-02-22,Weekly,,KG,2.919,2.919,1006.8455810546875,xgboost_baseline
Blueberry_SekoyaPop,ONLINE,NL-ZH,2026-02-23,2026-03-01,Weekly,,KG,2.919,2.919,1061.4952392578125,xgboost_baseline
Blueberry_SekoyaPop,ONLINE,NL-ZH,2026-03-02,2026-03-08,Weekly,,KG,2.919,2.919,1079.636962890625,xgboost_baseline
Blueberry_SekoyaPop,ONLINE,NL-ZH,2026-03-09,2026-03-15,Weekly,,KG,2.919,2.919,1057.589111328125,xgboost_baseline
Blueberry_SekoyaPop,ONLINE,NL-ZH,2026-03-16,2026-03-22,Weekly,,KG,2.919,2.919,1069.54345703125,xgboost_baseline
Blueberry_SekoyaPop,ONLINE,NL-ZH,2026-03-23,2026-03-29,Weekly,,KG,2.919,2.919,1026.56201171875,xgboost_baseline
Blueberry_SekoyaPop,ONLINE,NL-ZH,2026-03-30,2026-04-05,Weekly,,KG,2.919,2.919,1087.0260009765625,xgboost_baseline
Blueberry_SekoyaPop,ONLINE,NL-ZH,2026-04-06,2026-04-12,Weekly,,KG,2.919,2.919,1075.2996826171875,xgboost_baseline
Blueberry_SekoyaPop,ONLINE,NL-ZH,2026-04-13,2026-04-19,Weekly,,KG,2.919,2.919,1047.094482421875,xgboost_baseline
Blueberry_SekoyaPop,ONLINE,NL-ZH,2026-04-20,2026-04-26,Weekly,,KG,2.919,2.919,1055.8377685546875,xgboost_baseline
Blueberry_SekoyaPop,ONLINE,NL-ZH,2026-04-27,2026-05-03,Weekly,,KG,2.919,2.919,981.2052612304688,xgboost_baseline
Blueberry_SekoyaPop,RETAIL,NL-GE,2026-02-02,2026-02-08,Weekly,,KG,2.662,2.662,1036.4573974609375,xgboost_baseline
Blueberry_SekoyaPop,RETAIL,NL-GE,2026-02-09,2026-02-15,Weekly,,KG,2.662,2.662,1022.3499145507812,xgboost_baseline
Blueberry_SekoyaPop,RETAIL,NL-GE,2026-02-16,2026-02-22,Weekly,,KG,2.662,2.662,1022.3510131835938,xgboost_baseline
Blueberry_SekoyaPop,RETAIL,NL-GE,2026-02-23,2026-03-01,Weekly,,KG,2.662,2.662,1022.3510131835938,xgboost_baseline
Blueberry_SekoyaPop,RETAIL,NL-GE,2026-03-02,2026-03-08,Weekly,,KG,2.662,2.662,1036.0133056640625,xgboost_baseline
Blueberry_SekoyaPop,RETAIL,NL-GE,2026-03-09,2026-03-15,Weekly,,KG,2.662,2.662,1031.204833984375,xgboost_baseline
Blueberry_SekoyaPop,RETAIL,NL-GE,2026-03-16,2026-03-22,Weekly,,KG,2.662,2.662,1025.657958984375,xgboost_baseline
Blueberry_SekoyaPop,RETAIL,NL-GE,2026-03-23,2026-03-29,Weekly,,KG,2.662,2.662,1025.6937255859375,xgboost_baseline
Blueberry_SekoyaPop,RETAIL,NL-GE,2026-03-30,2026-04-05,Weekly,,KG,2.662,2.662,1025.84228515625,xgboost_baseline
Blueberry_SekoyaPop,RETAIL,NL-GE,2026-04-06,2026-04-12,Weekly,,KG,2.662,2.662,1024.7003173828125,xgboost_baseline
Blueberry_SekoyaPop,RETAIL,NL-GE,2026-04-13,2026-04-19,Weekly,,KG,2.662,2.662,927.5933227539062,xgboost_baseline
Blueberry_SekoyaPop,RETAIL,NL-GE,2026-04-20,2026-04-26,Weekly,,KG,2.662,2.662,898.8472900390625,xgboost_baseline
Blueberry_SekoyaPop,RETAIL,NL-GE,2026-04-27,2026-05-03,Weekly,,KG,2.662,2.662,893.1065063476562,xgboost_baseline
Blueberry_SekoyaPop,RETAIL,NL-NB,2026-02-02,2026-02-08,Weekly,,KG,2.787,2.787,1030.3179931640625,xgboost_baseline
Blueberry_SekoyaPop,RETAIL,NL-NB,2026-02-09,2026-02-15,Weekly,,KG,2.787,2.787,1016.1867065429688,xgboost_baseline
Blueberry_SekoyaPop,RETAIL,NL-NB,2026-02-16,2026-02-22,Weekly,,KG,2.787,2.787,1016.1998901367188,xgboost_baseline
Blueberry_SekoyaPop,RETAIL,NL-NB,2026-02-23,2026-03-01,Weekly,,KG,2.787,2.787,1016.1998901367188,xgboost_baseline
Blueberry_SekoyaPop,RETAIL,NL-NB,2026-03-02,2026-03-08,Weekly,,KG,2.787,2.787,1025.1549072265625,xgboost_baseline
Blueberry_SekoyaPop,RETAIL,NL-NB,2026-03-09,2026-03-15,Weekly,,KG,2.787,2.787,935.3255004882812,xgboost_baseline
Blueberry_SekoyaPop,RETAIL,NL-NB,2026-03-16,2026-03-22,Weekly,,KG,2.787,2.787,906.3369140625,xgboost_baseline
Blueberry_SekoyaPop,RETAIL,NL-NB,2026-03-23,2026-03-29,Weekly,,KG,2.787,2.787,900.26171875,xgboost_baseline
Blueberry_SekoyaPop,RETAIL,NL-NB,2026-03-30,2026-04-05,Weekly,,KG,2.787,2.787,809.0130004882812,xgboost_baseline
Blueberry_SekoyaPop,RETAIL,NL-NB,2026-04-06,2026-04-12,Weekly,,KG,2.787,2.787,937.576416015625,xgboost_baseline
Blueberry_SekoyaPop,RETAIL,NL-NB,2026-04-13,2026-04-19,Weekly,,KG,2.787,2.787,940.5552978515625,xgboost_baseline
Blueberry_SekoyaPop,RETAIL,NL-NB,2026-04-20,2026-04-26,Weekly,,KG,2.787,2.787,936.286376953125,xgboost_baseline
Blueberry_SekoyaPop,RETAIL,NL-NB,2026-04-27,2026-05-03,Weekly,,KG,2.787,2.787,914.390625,xgboost_baseline
Blueberry_SekoyaPop,RETAIL,NL-NH,2026-02-02,2026-02-08,Weekly,,KG,2.773,2.773,1030.419921875,xgboost_baseline
Blueberry_SekoyaPop,RETAIL,NL-NH,2026-02-09,2026-02-15,Weekly,,KG,2.773,2.773,1016.1867065429688,xgboost_baseline
Blueberry_SekoyaPop,RETAIL,NL-NH,2026-02-16,2026-02-22,Weekly,,KG,2.773,2.773,1016.1998901367188,xgboost_baseline
Blueberry_SekoyaPop,RETAIL,NL-NH,2026-02-23,2026-03-01,Weekly,,KG,2.773,2.773,1016.1998901367188,xgboost_baseline
Blueberry_SekoyaPop,RETAIL,NL-NH,2026-03-02,2026-03-08,Weekly,,KG,2.773,2.773,1025.1549072265625,xgboost_baseline
Blueberry_SekoyaPop,RETAIL,NL-NH,2026-03-09,2026-03-15,Weekly,,KG,2.773,2.773,935.3255004882812,xgboost_baseline
Blueberry_SekoyaPop,RETAIL,NL-NH,2026-03-16,2026-03-22,Weekly,,KG,2.773,2.773,906.3369140625,xgboost_baseline
Blueberry_SekoyaPop,RETAIL,NL-NH,2026-03-23,2026-03-29,Weekly,,KG,2.773,2.773,900.26171875,xgboost_baseline
Blueberry_SekoyaPop,RETAIL,NL-NH,2026-03-30,2026-04-05,Weekly,,KG,2.773,2.773,809.0130004882812,xgboost_baseline
Blueberry_SekoyaPop,RETAIL,NL-NH,2026-04-06,2026-04-12,Weekly,,KG,2.773,2.773,937.576416015625,xgboost_baseline
Blueberry_SekoyaPop,RETAIL,NL-NH,2026-04-13,2026-04-19,Weekly,,KG,2.773,2.773,940.5552978515625,xgboost_baseline
Blueberry_SekoyaPop,RETAIL,NL-NH,2026-04-20,2026-04-26,Weekly,,KG,2.773,2.773,934.4764404296875,xgboost_baseline
Blueberry_SekoyaPop,RETAIL,NL-NH,2026-04-27,2026-05-03,Weekly,,KG,2.773,2.773,920.79248046875,xgboost_baseline
Blueberry_SekoyaPop,RETAIL,NL-ZH,2026-02-02,2026-02-08,Weekly,,KG,2.832,2.832,1030.419921875,xgboost_baseline
Blueberry_SekoyaPop,RETAIL,NL-ZH,2026-02-09,2026-02-15,Weekly,,KG,2.832,2.832,1016.1867065429688,xgboost_baseline
Blueberry_SekoyaPop,RETAIL,NL-ZH,2026-02-16,2026-02-22,Weekly,,KG,2.832,2.832,1016.1998901367188,xgboost_baseline
Blueberry_SekoyaPop,RETAIL,NL-ZH,2026-02-23,2026-03-01,Weekly,,KG,2.832,2.832,1016.1998901367188,xgboost_baseline
Blueberry_SekoyaPop,RETAIL,NL-ZH,2026-03-02,2026-03-08,Weekly,,KG,2.832,2.832,1025.1549072265625,xgboost_baseline
Blueberry_SekoyaPop,RETAIL,NL-ZH,2026-03-09,2026-03-15,Weekly,,KG,2.832,2.832,935.3255004882812,xgboost_baseline
Blueberry_SekoyaPop,RETAIL,NL-ZH,2026-03-16,2026-03-22,Weekly,,KG,2.832,2.832,906.3369140625,xgboost_baseline
Blueberry_SekoyaPop,RETAIL,NL-ZH,2026-03-23,2026-03-29,Weekly,,KG,2.832,2.832,900.26171875,xgboost_baseline
Blueberry_SekoyaPop,RETAIL,NL-ZH,2026-03-30,2026-04-05,Weekly,,KG,2.832,2.832,809.0130004882812,xgboost_baseline
Blueberry_SekoyaPop,RETAIL,NL-ZH,2026-04-06,2026-04-12,Weekly,,KG,2.832,2.832,937.576416015625,xgboost_baseline
Blueberry_SekoyaPop,RETAIL,NL-ZH,2026-04-13,2026-04-19,Weekly,,KG,2.832,2.832,940.5552978515625,xgboost_baseline
Blueberry_SekoyaPop,RETAIL,NL-ZH,2026-04-20,2026-04-26,Weekly,,KG,2.832,2.832,934.290283203125,xgboost_baseline
Blueberry_SekoyaPop,RETAIL,NL-ZH,2026-04-27,2026-05-03,Weekly,,KG,2.832,2.832,920.79248046875,xgboost_baseline
Blueberry_SekoyaPop,WHOLESALE,NL-GE,2026-02-02,2026-02-08,Weekly,,KG,2.692,2.692,1035.081298828125,xgboost_baseline
Blueberry_SekoyaPop,WHOLESALE,NL-GE,2026-02-09,2026-02-15,Weekly,,KG,2.692,2.692,1020.8610229492188,xgboost_baseline
Blueberry_SekoyaPop,WHOLESALE,NL-GE,2026-02-16,2026-02-22,Weekly,,KG,2.692,2.692,1020.8743286132812,xgboost_baseline
Blueberry_SekoyaPop,WHOLESALE,NL-GE,2026-02-23,2026-03-01,Weekly,,KG,2.692,2.692,1022.2689819335938,xgboost_baseline
Blueberry_SekoyaPop,WHOLESALE,NL-GE,2026-03-02,2026-03-08,Weekly,,KG,2.692,2.692,1032.11279296875,xgboost_baseline
Blueberry_SekoyaPop,WHOLESALE,NL-GE,2026-03-09,2026-03-15,Weekly,,KG,2.692,2.692,1025.0904541015625,xgboost_baseline
Blueberry_SekoyaPop,WHOLESALE,NL-GE,2026-03-16,2026-03-22,Weekly,,KG,2.692,2.692,1021.7477416992188,xgboost_baseline
Blueberry_SekoyaPop,WHOLESALE,NL-GE,2026-03-23,2026-03-29,Weekly,,KG,2.692,2.692,1021.7477416992188,xgboost_baseline
Blueberry_SekoyaPop,WHOLESALE,NL-GE,2026-03-30,2026-04-05,Weekly,,KG,2.692,2.692,1021.896240234375,xgboost_baseline
Blueberry_SekoyaPop,WHOLESALE,NL-GE,2026-04-06,2026-04-12,Weekly,,KG,2.692,2.692,937.8604736328125,xgboost_baseline
Blueberry_SekoyaPop,WHOLESALE,NL-GE,2026-04-13,2026-04-19,Weekly,,KG,2.692,2.692,897.413818359375,xgboost_baseline
Blueberry_SekoyaPop,WHOLESALE,NL-GE,2026-04-20,2026-04-26,Weekly,,KG,2.692,2.692,899.1249389648438,xgboost_baseline
Blueberry_SekoyaPop,WHOLESALE,NL-GE,2026-04-27,2026-05-03,Weekly,,KG,2.692,2.692,818.6781005859375,xgboost_baseline
Blueberry_SekoyaPop,WHOLESALE,NL-NB,2026-02-02,2026-02-08,Weekly,,KG,2.732,2.732,1030.3179931640625,xgboost_baseline
Blueberry_SekoyaPop,WHOLESALE,NL-NB,2026-02-09,2026-02-15,Weekly,,KG,2.732,2.732,1016.1867065429688,xgboost_baseline
Blueberry_SekoyaPop,WHOLESALE,NL-NB,2026-02-16,2026-02-22,Weekly,,KG,2.732,2.732,1016.1998901367188,xgboost_baseline
Blueberry_SekoyaPop,WHOLESALE,NL-NB,2026-02-23,2026-03-01,Weekly,,KG,2.732,2.732,1017.6232299804688,xgboost_baseline
Blueberry_SekoyaPop,WHOLESALE,NL-NB,2026-03-02,2026-03-08,Weekly,,KG,2.732,2.732,1025.1549072265625,xgboost_baseline
Blueberry_SekoyaPop,WHOLESALE,NL-NB,2026-03-09,2026-03-15,Weekly,,KG,2.732,2.732,935.3255004882812,xgboost_baseline
Blueberry_SekoyaPop,WHOLESALE,NL-NB,2026-03-16,2026-03-22,Weekly,,KG,2.732,2.732,906.4276123046875,xgboost_baseline
Blueberry_SekoyaPop,WHOLESALE,NL-NB,2026-03-23,2026-03-29,Weekly,,KG,2.732,2.732,900.26171875,xgboost_baseline
Blueberry_SekoyaPop,WHOLESALE,NL-NB,2026-03-30,2026-04-05,Weekly,,KG,2.732,2.732,809.0130004882812,xgboost_baseline
Blueberry_SekoyaPop,WHOLESALE,NL-NB,2026-04-06,2026-04-12,Weekly,,KG,2.732,2.732,937.576416015625,xgboost_baseline
Blueberry_SekoyaPop,WHOLESALE,NL-NB,2026-04-13,2026-04-19,Weekly,,KG,2.732,2.732,940.5552978515625,xgboost_baseline
Blueberry_SekoyaPop,WHOLESALE,NL-NB,2026-04-20,2026-04-26,Weekly,,KG,2.732,2.732,936.3843994140625,xgboost_baseline
Blueberry_SekoyaPop,WHOLESALE,NL-NB,2026-04-27,2026-05-03,Weekly,,KG,2.732,2.732,923.24462890625,xgboost_baseline
Blueberry_SekoyaPop,WHOLESALE,NL-NH,2026-02-02,2026-02-08,Weekly,,KG,2.903,2.903,1029.946533203125,xgboost_baseline
Blueberry_SekoyaPop,WHOLESALE,NL-NH,2026-02-09,2026-02-15,Weekly,,KG,2.903,2.903,1016.1867065429688,xgboost_baseline
Blueberry_SekoyaPop,WHOLESALE,NL-NH,2026-02-16,2026-02-22,Weekly,,KG,2.903,2.903,1016.1998901367188,xgboost_baseline
Blueberry_SekoyaPop,WHOLESALE,NL-NH,2026-02-23,2026-03-01,Weekly,,KG,2.903,2.903,1017.6232299804688,xgboost_baseline
Blueberry_SekoyaPop,WHOLESALE,NL-NH,2026-03-02,2026-03-08,Weekly,,KG,2.903,2.903,1025.1549072265625,xgboost_baseline
Blueberry_SekoyaPop,WHOLESALE,NL-NH,2026-03-09,2026-03-15,Weekly,,KG,2.903,2.903,935.3255004882812,xgboost_baseline
Blueberry_SekoyaPop,WHOLESALE,NL-NH,2026-03-16,2026-03-22,Weekly,,KG,2.903,2.903,906.4276123046875,xgboost_baseline
Blueberry_SekoyaPop,WHOLESALE,NL-NH,2026-03-23,2026-03-29,Weekly,,KG,2.903,2.903,900.26171875,xgboost_baseline
Blueberry_SekoyaPop,WHOLESALE,NL-NH,2026-03-30,2026-04-05,Weekly,,KG,2.903,2.903,809.0130004882812,xgboost_baseline
Blueberry_SekoyaPop,WHOLESALE,NL-NH,2026-04-06,2026-04-12,Weekly,,KG,2.903,2.903,937.576416015625,xgboost_baseline
Blueberry_SekoyaPop,WHOLESALE,NL-NH,2026-04-13,2026-04-19,Weekly,,KG,2.903,2.903,940.5552978515625,xgboost_baseline
Blueberry_SekoyaPop,WHOLESALE,NL-NH,2026-04-20,2026-04-26,Weekly,,KG,2.903,2.903,936.3843994140625,xgboost_baseline
Blueberry_SekoyaPop,WHOLESALE,NL-NH,2026-04-27,2026-05-03,Weekly,,KG,2.903,2.903,923.1812133789062,xgboost_baseline
Blueberry_SekoyaPop,WHOLESALE,NL-ZH,2026-02-02,2026-02-08,Weekly,,KG,2.948,2.948,1030.419921875,xgboost_baseline
Blueberry_SekoyaPop,WHOLESALE,NL-ZH,2026-02-09,2026-02-15,Weekly,,KG,2.948,2.948,1016.1867065429688,xgboost_baseline
Blueberry_SekoyaPop,WHOLESALE,NL-ZH,2026-02-16,2026-02-22,Weekly,,KG,2.948,2.948,1016.1998901367188,xgboost_baseline
Blueberry_SekoyaPop,WHOLESALE,NL-ZH,2026-02-23,2026-03-01,Weekly,,KG,2.948,2.948,1016.1998901367188,xgboost_baseline
Blueberry_SekoyaPop,WHOLESALE,NL-ZH,2026-03-02,2026-03-08,Weekly,,KG,2.948,2.948,1025.1549072265625,xgboost_baseline
Blueberry_SekoyaPop,WHOLESALE,NL-ZH,2026-03-09,2026-03-15,Weekly,,KG,2.948,2.948,935.3255004882812,xgboost_baseline
Blueberry_SekoyaPop,WHOLESALE,NL-ZH,2026-03-16,2026-03-22,Weekly,,KG,2.948,2.948,906.3369140625,xgboost_baseline
Blueberry_SekoyaPop,WHOLESALE,NL-ZH,2026-03-23,2026-03-29,Weekly,,KG,2.948,2.948,900.26171875,xgboost_baseline
Blueberry_SekoyaPop,WHOLESALE,NL-ZH,2026-03-30,2026-04-05,Weekly,,KG,2.948,2.948,809.0130004882812,xgboost_baseline
Blueberry_SekoyaPop,WHOLESALE,NL-ZH,2026-04-06,2026-04-12,Weekly,,KG,2.948,2.948,937.576416015625,xgboost_baseline
Blueberry_SekoyaPop,WHOLESALE,NL-ZH,2026-04-13,2026-04-19,Weekly,,KG,2.948,2.948,940.5552978515625,xgboost_baseline
Blueberry_SekoyaPop,WHOLESALE,NL-ZH,2026-04-20,2026-04-26,Weekly,,KG,2.948,2.948,936.2816162109375,xgboost_baseline
Blueberry_SekoyaPop,WHOLESALE,NL-ZH,2026-04-27,2026-05-03,Weekly,,KG,2.948,2.948,923.24462890625,xgboost_baseline
Blueberry_Ventura,ONLINE,NL-GE,2026-02-02,2026-02-08,Weekly,,KG,2.693,2.693,1004.4053955078125,xgboost_baseline
Blueberry_Ventura,ONLINE,NL-GE,2026-02-09,2026-02-15,Weekly,,KG,2.693,2.693,1094.0960693359375,xgboost_baseline
Blueberry_Ventura,ONLINE,NL-GE,2026-02-16,2026-02-22,Weekly,,KG,2.693,2.693,1049.251708984375,xgboost_baseline
Blueberry_Ventura,ONLINE,NL-GE,2026-02-23,2026-03-01,Weekly,,KG,2.693,2.693,1108.38623046875,xgboost_baseline
Blueberry_Ventura,ONLINE,NL-GE,2026-03-02,2026-03-08,Weekly,,KG,2.693,2.693,1057.4971923828125,xgboost_baseline
Blueberry_Ventura,ONLINE,NL-GE,2026-03-09,2026-03-15,Weekly,,KG,2.693,2.693,1045.71875,xgboost_baseline
Blueberry_Ventura,ONLINE,NL-GE,2026-03-16,2026-03-22,Weekly,,KG,2.693,2.693,1063.33203125,xgboost_baseline
Blueberry_Ventura,ONLINE,NL-GE,2026-03-23,2026-03-29,Weekly,,KG,2.693,2.693,1043.0899658203125,xgboost_baseline
Blueberry_Ventura,ONLINE,NL-GE,2026-03-30,2026-04-05,Weekly,,KG,2.693,2.693,1046.448486328125,xgboost_baseline
Blueberry_Ventura,ONLINE,NL-GE,2026-04-06,2026-04-12,Weekly,,KG,2.693,2.693,1049.8138427734375,xgboost_baseline
Blueberry_Ventura,ONLINE,NL-GE,2026-04-13,2026-04-19,Weekly,,KG,2.693,2.693,999.8130493164062,xgboost_baseline
Blueberry_Ventura,ONLINE,NL-GE,2026-04-20,2026-04-26,Weekly,,KG,2.693,2.693,1026.06640625,xgboost_baseline
Blueberry_Ventura,ONLINE,NL-GE,2026-04-27,2026-05-03,Weekly,,KG,2.693,2.693,1056.846435546875,xgboost_baseline
Blueberry_Ventura,ONLINE,NL-NB,2026-02-02,2026-02-08,Weekly,,KG,2.754,2.754,894.0012817382812,xgboost_baseline
Blueberry_Ventura,ONLINE,NL-NB,2026-02-09,2026-02-15,Weekly,,KG,2.754,2.754,996.666748046875,xgboost_baseline
Blueberry_Ventura,ONLINE,NL-NB,2026-02-16,2026-02-22,Weekly,,KG,2.754,2.754,1045.0118408203125,xgboost_baseline
Blueberry_Ventura,ONLINE,NL-NB,2026-02-23,2026-03-01,Weekly,,KG,2.754,2.754,1074.7030029296875,xgboost_baseline
Blueberry_Ventura,ONLINE,NL-NB,2026-03-02,2026-03-08,Weekly,,KG,2.754,2.754,989.2498779296875,xgboost_baseline
Blueberry_Ventura,ONLINE,NL-NB,2026-03-09,2026-03-15,Weekly,,KG,2.754,2.754,1066.0299072265625,xgboost_baseline
Blueberry_Ventura,ONLINE,NL-NB,2026-03-16,2026-03-22,Weekly,,KG,2.754,2.754,1044.8773193359375,xgboost_baseline
Blueberry_Ventura,ONLINE,NL-NB,2026-03-23,2026-03-29,Weekly,,KG,2.754,2.754,1055.164306640625,xgboost_baseline
Blueberry_Ventura,ONLINE,NL-NB,2026-03-30,2026-04-05,Weekly,,KG,2.754,2.754,1081.3870849609375,xgboost_baseline
Blueberry_Ventura,ONLINE,NL-NB,2026-04-06,2026-04-12,Weekly,,KG,2.754,2.754,1006.126708984375,xgboost_baseline
Blueberry_Ventura,ONLINE,NL-NB,2026-04-13,2026-04-19,Weekly,,KG,2.754,2.754,1041.14697265625,xgboost_baseline
Blueberry_Ventura,ONLINE,NL-NB,2026-04-20,2026-04-26,Weekly,,KG,2.754,2.754,1036.40771484375,xgboost_baseline
Blueberry_Ventura,ONLINE,NL-NB,2026-04-27,2026-05-03,Weekly,,KG,2.754,2.754,1054.3236083984375,xgboost_baseline
Blueberry_Ventura,ONLINE,NL-NH,2026-02-02,2026-02-08,Weekly,,KG,2.848,2.848,1081.7288818359375,xgboost_baseline
Blueberry_Ventura,ONLINE,NL-NH,2026-02-09,2026-02-15,Weekly,,KG,2.848,2.848,1078.405029296875,xgboost_baseline
Blueberry_Ventura,ONLINE,NL-NH,2026-02-16,2026-02-22,Weekly,,KG,2.848,2.848,1083.173828125,xgboost_baseline
Blueberry_Ventura,ONLINE,NL-NH,2026-02-23,2026-03-01,Weekly,,KG,2.848,2.848,1088.957275390625,xgboost_baseline
Blueberry_Ventura,ONLINE,NL-NH,2026-03-02,2026-03-08,Weekly,,KG,2.848,2.848,1059.954345703125,xgboost_baseline
Blueberry_Ventura,ONLINE,NL-NH,2026-03-09,2026-03-15,Weekly,,KG,2.848,2.848,1068.0172119140625,xgboost_baseline
Blueberry_Ventura,ONLINE,NL-NH,2026-03-16,2026-03-22,Weekly,,KG,2.848,2.848,1059.109375,xgboost_baseline
Blueberry_Ventura,ONLINE,NL-NH,2026-03-23,2026-03-29,Weekly,,KG,2.848,2.848,991.5932006835938,xgboost_baseline
Blueberry_Ventura,ONLINE,NL-NH,2026-03-30,2026-04-05,Weekly,,KG,2.848,2.848,1062.708740234375,xgboost_baseline
Blueberry_Ventura,ONLINE,NL-NH,2026-04-06,2026-04-12,Weekly,,KG,2.848,2.848,1055.857421875,xgboost_baseline
Blueberry_Ventura,ONLINE,NL-NH,2026-04-13,2026-04-19,Weekly,,KG,2.848,2.848,1033.3890380859375,xgboost_baseline
Blueberry_Ventura,ONLINE,NL-NH,2026-04-20,2026-04-26,Weekly,,KG,2.848,2.848,1031.65234375,xgboost_baseline
Blueberry_Ventura,ONLINE,NL-NH,2026-04-27,2026-05-03,Weekly,,KG,2.848,2.848,1019.0321655273438,xgboost_baseline
Blueberry_Ventura,ONLINE,NL-ZH,2026-02-02,2026-02-08,Weekly,,KG,2.948,2.948,1102.220947265625,xgboost_baseline
Blueberry_Ventura,ONLINE,NL-ZH,2026-02-09,2026-02-15,Weekly,,KG,2.948,2.948,1102.57373046875,xgboost_baseline
Blueberry_Ventura,ONLINE,NL-ZH,2026-02-16,2026-02-22,Weekly,,KG,2.948,2.948,999.7776489257812,xgboost_baseline
Blueberry_Ventura,ONLINE,NL-ZH,2026-02-23,2026-03-01,Weekly,,KG,2.948,2.948,1113.1988525390625,xgboost_baseline
Blueberry_Ventura,ONLINE,NL-ZH,2026-03-02,2026-03-08,Weekly,,KG,2.948,2.948,1097.8763427734375,xgboost_baseline
Blueberry_Ventura,ONLINE,NL-ZH,2026-03-09,2026-03-15,Weekly,,KG,2.948,2.948,1095.2396240234375,xgboost_baseline
Blueberry_Ventura,ONLINE,NL-ZH,2026-03-16,2026-03-22,Weekly,,KG,2.948,2.948,1058.306884765625,xgboost_baseline
Blueberry_Ventura,ONLINE,NL-ZH,2026-03-23,2026-03-29,Weekly,,KG,2.948,2.948,1054.6248779296875,xgboost_baseline
Blueberry_Ventura,ONLINE,NL-ZH,2026-03-30,2026-04-05,Weekly,,KG,2.948,2.948,1056.229248046875,xgboost_baseline
Blueberry_Ventura,ONLINE,NL-ZH,2026-04-06,2026-04-12,Weekly,,KG,2.948,2.948,1067.818603515625,xgboost_baseline
Blueberry_Ventura,ONLINE,NL-ZH,2026-04-13,2026-04-19,Weekly,,KG,2.948,2.948,1018.7640991210938,xgboost_baseline
Blueberry_Ventura,ONLINE,NL-ZH,2026-04-20,2026-04-26,Weekly,,KG,2.948,2.948,1060.5052490234375,xgboost_baseline
Blueberry_Ventura,ONLINE,NL-ZH,2026-04-27,2026-05-03,Weekly,,KG,2.948,2.948,1029.64013671875,xgboost_baseline
Blueberry_Ventura,RETAIL,NL-GE,2026-02-02,2026-02-08,Weekly,,KG,2.678,2.678,1035.5614013671875,xgboost_baseline
Blueberry_Ventura,RETAIL,NL-GE,2026-02-09,2026-02-15,Weekly,,KG,2.678,2.678,1021.4544067382812,xgboost_baseline
Blueberry_Ventura,RETAIL,NL-GE,2026-02-16,2026-02-22,Weekly,,KG,2.678,2.678,1021.4675903320312,xgboost_baseline
Blueberry_Ventura,RETAIL,NL-GE,2026-02-23,2026-03-01,Weekly,,KG,2.678,2.678,1021.4675903320312,xgboost_baseline
Blueberry_Ventura,RETAIL,NL-GE,2026-03-02,2026-03-08,Weekly,,KG,2.678,2.678,1032.71923828125,xgboost_baseline
Blueberry_Ventura,RETAIL,NL-GE,2026-03-09,2026-03-15,Weekly,,KG,2.678,2.678,1025.6893310546875,xgboost_baseline
Blueberry_Ventura,RETAIL,NL-GE,2026-03-16,2026-03-22,Weekly,,KG,2.678,2.678,1022.3463745117188,xgboost_baseline
Blueberry_Ventura,RETAIL,NL-GE,2026-03-23,2026-03-29,Weekly,,KG,2.678,2.678,1022.3463745117188,xgboost_baseline
Blueberry_Ventura,RETAIL,NL-GE,2026-03-30,2026-04-05,Weekly,,KG,2.678,2.678,1022.494873046875,xgboost_baseline
Blueberry_Ventura,RETAIL,NL-GE,2026-04-06,2026-04-12,Weekly,,KG,2.678,2.678,938.38037109375,xgboost_baseline
Blueberry_Ventura,RETAIL,NL-GE,2026-04-13,2026-04-19,Weekly,,KG,2.678,2.678,897.795654296875,xgboost_baseline
Blueberry_Ventura,RETAIL,NL-GE,2026-04-20,2026-04-26,Weekly,,KG,2.678,2.678,892.7542114257812,xgboost_baseline
Blueberry_Ventura,RETAIL,NL-GE,2026-04-27,2026-05-03,Weekly,,KG,2.678,2.678,809.306396484375,xgboost_baseline
Blueberry_Ventura,RETAIL,NL-NB,2026-02-02,2026-02-08,Weekly,,KG,2.707,2.707,1034.967041015625,xgboost_baseline
Blueberry_Ventura,RETAIL,NL-NB,2026-02-09,2026-02-15,Weekly,,KG,2.707,2.707,1020.7468872070312,xgboost_baseline
Blueberry_Ventura,RETAIL,NL-NB,2026-02-16,2026-02-22,Weekly,,KG,2.707,2.707,1020.7601928710938,xgboost_baseline
Blueberry_Ventura,RETAIL,NL-NB,2026-02-23,2026-03-01,Weekly,,KG,2.707,2.707,1020.7601928710938,xgboost_baseline
Blueberry_Ventura,RETAIL,NL-NB,2026-03-02,2026-03-08,Weekly,,KG,2.707,2.707,1032.0460205078125,xgboost_baseline
Blueberry_Ventura,RETAIL,NL-NB,2026-03-09,2026-03-15,Weekly,,KG,2.707,2.707,1025.01611328125,xgboost_baseline
Blueberry_Ventura,RETAIL,NL-NB,2026-03-16,2026-03-22,Weekly,,KG,2.707,2.707,1021.6734008789062,xgboost_baseline
Blueberry_Ventura,RETAIL,NL-NB,2026-03-23,2026-03-29,Weekly,,KG,2.707,2.707,1021.6734008789062,xgboost_baseline
Blueberry_Ventura,RETAIL,NL-NB,2026-03-30,2026-04-05,Weekly,,KG,2.707,2.707,1021.8218994140625,xgboost_baseline
Blueberry_Ventura,RETAIL,NL-NB,2026-04-06,2026-04-12,Weekly,,KG,2.707,2.707,937.7862548828125,xgboost_baseline
Blueberry_Ventura,RETAIL,NL-NB,2026-04-13,2026-04-19,Weekly,,KG,2.707,2.707,897.3394775390625,xgboost_baseline
Blueberry_Ventura,RETAIL,NL-NB,2026-04-20,2026-04-26,Weekly,,KG,2.707,2.707,892.8585815429688,xgboost_baseline
Blueberry_Ventura,RETAIL,NL-NB,2026-04-27,2026-05-03,Weekly,,KG,2.707,2.707,809.6846923828125,xgboost_baseline
Blueberry_Ventura,RETAIL,NL-NH,2026-02-02,2026-02-08,Weekly,,KG,2.781,2.781,1022.8350830078125,xgboost_baseline
Blueberry_Ventura,RETAIL,NL-NH,2026-02-09,2026-02-15,Weekly,,KG,2.781,2.781,1016.1890258789062,xgboost_baseline
Blueberry_Ventura,RETAIL,NL-NH,2026-02-16,2026-02-22,Weekly,,KG,2.781,2.781,1016.1998901367188,xgboost_baseline
Blueberry_Ventura,RETAIL,NL-NH,2026-02-23,2026-03-01,Weekly,,KG,2.781,2.781,1016.1998901367188,xgboost_baseline
Blueberry_Ventura,RETAIL,NL-NH,2026-03-02,2026-03-08,Weekly,,KG,2.781,2.781,942.2161254882812,xgboost_baseline
Blueberry_Ventura,RETAIL,NL-NH,2026-03-09,2026-03-15,Weekly,,KG,2.781,2.781,891.1549682617188,xgboost_baseline
Blueberry_Ventura,RETAIL,NL-NH,2026-03-16,2026-03-22,Weekly,,KG,2.781,2.781,894.7380981445312,xgboost_baseline
Blueberry_Ventura,RETAIL,NL-NH,2026-03-23,2026-03-29,Weekly,,KG,2.781,2.781,807.1831665039062,xgboost_baseline
Blueberry_Ventura,RETAIL,NL-NH,2026-03-30,2026-04-05,Weekly,,KG,2.781,2.781,937.4284057617188,xgboost_baseline
Blueberry_Ventura,RETAIL,NL-NH,2026-04-06,2026-04-12,Weekly,,KG,2.781,2.781,947.2044677734375,xgboost_baseline
Blueberry_Ventura,RETAIL,NL-NH,2026-04-13,2026-04-19,Weekly,,KG,2.781,2.781,934.3283081054688,xgboost_baseline
Blueberry_Ventura,RETAIL,NL-NH,2026-04-20,2026-04-26,Weekly,,KG,2.781,2.781,903.6918334960938,xgboost_baseline
Blueberry_Ventura,RETAIL,NL-NH,2026-04-27,2026-05-03,Weekly,,KG,2.781,2.781,841.10009765625,xgboost_baseline
Blueberry_Ventura,RETAIL,NL-ZH,2026-02-02,2026-02-08,Weekly,,KG,2.957,2.957,1030.419921875,xgboost_baseline
Blueberry_Ventura,RETAIL,NL-ZH,2026-02-09,2026-02-15,Weekly,,KG,2.957,2.957,1016.1867065429688,xgboost_baseline
Blueberry_Ventura,RETAIL,NL-ZH,2026-02-16,2026-02-22,Weekly,,KG,2.957,2.957,1016.1998901367188,xgboost_baseline
Blueberry_Ventura,RETAIL,NL-ZH,2026-02-23,2026-03-01,Weekly,,KG,2.957,2.957,1016.1998901367188,xgboost_baseline
Blueberry_Ventura,RETAIL,NL-ZH,2026-03-02,2026-03-08,Weekly,,KG,2.957,2.957,1025.1549072265625,xgboost_baseline
Blueberry_Ventura,RETAIL,NL-ZH,2026-03-09,2026-03-15,Weekly,,KG,2.957,2.957,935.3255004882812,xgboost_baseline
Blueberry_Ventura,RETAIL,NL-ZH,2026-03-16,2026-03-22,Weekly,,KG,2.957,2.957,906.3369140625,xgboost_baseline
Blueberry_Ventura,RETAIL,NL-ZH,2026-03-23,2026-03-29,Weekly,,KG,2.957,2.957,900.26171875,xgboost_baseline
Blueberry_Ventura,RETAIL,NL-ZH,2026-03-30,2026-04-05,Weekly,,KG,2.957,2.957,809.0130004882812,xgboost_baseline
Blueberry_Ventura,RETAIL,NL-ZH,2026-04-06,2026-04-12,Weekly,,KG,2.957,2.957,937.576416015625,xgboost_baseline
Blueberry_Ventura,RETAIL,NL-ZH,2026-04-13,2026-04-19,Weekly,,KG,2.957,2.957,940.5552978515625,xgboost_baseline
Blueberry_Ventura,RETAIL,NL-ZH,2026-04-20,2026-04-26,Weekly,,KG,2.957,2.957,934.290283203125,xgboost_baseline
Blueberry_Ventura,RETAIL,NL-ZH,2026-04-27,2026-05-03,Weekly,,KG,2.957,2.957,914.1903076171875,xgboost_baseline
Blueberry_Ventura,WHOLESALE,NL-GE,2026-02-02,2026-02-08,Weekly,,KG,2.671,2.671,1035.9554443359375,xgboost_baseline
Blueberry_Ventura,WHOLESALE,NL-GE,2026-02-09,2026-02-15,Weekly,,KG,2.671,2.671,1022.2887573242188,xgboost_baseline
Blueberry_Ventura,WHOLESALE,NL-GE,2026-02-16,2026-02-22,Weekly,,KG,2.671,2.671,1022.2898559570312,xgboost_baseline
Blueberry_Ventura,WHOLESALE,NL-GE,2026-02-23,2026-03-01,Weekly,,KG,2.671,2.671,1023.7134399414062,xgboost_baseline
Blueberry_Ventura,WHOLESALE,NL-GE,2026-03-02,2026-03-08,Weekly,,KG,2.671,2.671,1031.4254150390625,xgboost_baseline
Blueberry_Ventura,WHOLESALE,NL-GE,2026-03-09,2026-03-15,Weekly,,KG,2.671,2.671,1026.6171875,xgboost_baseline
Blueberry_Ventura,WHOLESALE,NL-GE,2026-03-16,2026-03-22,Weekly,,KG,2.671,2.671,1021.0682983398438,xgboost_baseline
Blueberry_Ventura,WHOLESALE,NL-GE,2026-03-23,2026-03-29,Weekly,,KG,2.671,2.671,1023.2817993164062,xgboost_baseline
Blueberry_Ventura,WHOLESALE,NL-GE,2026-03-30,2026-04-05,Weekly,,KG,2.671,2.671,1023.422607421875,xgboost_baseline
Blueberry_Ventura,WHOLESALE,NL-GE,2026-04-06,2026-04-12,Weekly,,KG,2.671,2.671,1022.1793212890625,xgboost_baseline
Blueberry_Ventura,WHOLESALE,NL-GE,2026-04-13,2026-04-19,Weekly,,KG,2.671,2.671,925.9163208007812,xgboost_baseline
Blueberry_Ventura,WHOLESALE,NL-GE,2026-04-20,2026-04-26,Weekly,,KG,2.671,2.671,898.8695068359375,xgboost_baseline
Blueberry_Ventura,WHOLESALE,NL-GE,2026-04-27,2026-05-03,Weekly,,KG,2.671,2.671,899.3411865234375,xgboost_baseline
Blueberry_Ventura,WHOLESALE,NL-NB,2026-02-02,2026-02-08,Weekly,,KG,2.775,2.775,1030.3179931640625,xgboost_baseline
Blueberry_Ventura,WHOLESALE,NL-NB,2026-02-09,2026-02-15,Weekly,,KG,2.775,2.775,1016.1867065429688,xgboost_baseline
Blueberry_Ventura,WHOLESALE,NL-NB,2026-02-16,2026-02-22,Weekly,,KG,2.775,2.775,1016.1998901367188,xgboost_baseline
Blueberry_Ventura,WHOLESALE,NL-NB,2026-02-23,2026-03-01,Weekly,,KG,2.775,2.775,1017.6232299804688,xgboost_baseline
Blueberry_Ventura,WHOLESALE,NL-NB,2026-03-02,2026-03-08,Weekly,,KG,2.775,2.775,1025.1549072265625,xgboost_baseline
Blueberry_Ventura,WHOLESALE,NL-NB,2026-03-09,2026-03-15,Weekly,,KG,2.775,2.775,935.3255004882812,xgboost_baseline
Blueberry_Ventura,WHOLESALE,NL-NB,2026-03-16,2026-03-22,Weekly,,KG,2.775,2.775,906.4276123046875,xgboost_baseline
Blueberry_Ventura,WHOLESALE,NL-NB,2026-03-23,2026-03-29,Weekly,,KG,2.775,2.775,900.26171875,xgboost_baseline
Blueberry_Ventura,WHOLESALE,NL-NB,2026-03-30,2026-04-05,Weekly,,KG,2.775,2.775,809.0130004882812,xgboost_baseline
Blueberry_Ventura,WHOLESALE,NL-NB,2026-04-06,2026-04-12,Weekly,,KG,2.775,2.775,937.576416015625,xgboost_baseline
Blueberry_Ventura,WHOLESALE,NL-NB,2026-04-13,2026-04-19,Weekly,,KG,2.775,2.775,940.5552978515625,xgboost_baseline
Blueberry_Ventura,WHOLESALE,NL-NB,2026-04-20,2026-04-26,Weekly,,KG,2.775,2.775,936.2890625,xgboost_baseline
Blueberry_Ventura,WHOLESALE,NL-NB,2026-04-27,2026-05-03,Weekly,,KG,2.775,2.775,923.24462890625,xgboost_baseline
Blueberry_Ventura,WHOLESALE,NL-NH,2026-02-02,2026-02-08,Weekly,,KG,2.808,2.808,1030.3179931640625,xgboost_baseline
Blueberry_Ventura,WHOLESALE,NL-NH,2026-02-09,2026-02-15,Weekly,,KG,2.808,2.808,1016.1867065429688,xgboost_baseline
Blueberry_Ventura,WHOLESALE,NL-NH,2026-02-16,2026-02-22,Weekly,,KG,2.808,2.808,1016.1998901367188,xgboost_baseline
Blueberry_Ventura,WHOLESALE,NL-NH,2026-02-23,2026-03-01,Weekly,,KG,2.808,2.808,1017.6232299804688,xgboost_baseline
Blueberry_Ventura,WHOLESALE,NL-NH,2026-03-02,2026-03-08,Weekly,,KG,2.808,2.808,1025.1549072265625,xgboost_baseline
Blueberry_Ventura,WHOLESALE,NL-NH,2026-03-09,2026-03-15,Weekly,,KG,2.808,2.808,935.3255004882812,xgboost_baseline
Blueberry_Ventura,WHOLESALE,NL-NH,2026-03-16,2026-03-22,Weekly,,KG,2.808,2.808,906.4276123046875,xgboost_baseline
Blueberry_Ventura,WHOLESALE,NL-NH,2026-03-23,2026-03-29,Weekly,,KG,2.808,2.808,900.26171875,xgboost_baseline
Blueberry_Ventura,WHOLESALE,NL-NH,2026-03-30,2026-04-05,Weekly,,KG,2.808,2.808,809.0130004882812,xgboost_baseline
Blueberry_Ventura,WHOLESALE,NL-NH,2026-04-06,2026-04-12,Weekly,,KG,2.808,2.808,937.576416015625,xgboost_baseline
Blueberry_Ventura,WHOLESALE,NL-NH,2026-04-13,2026-04-19,Weekly,,KG,2.808,2.808,940.5552978515625,xgboost_baseline
Blueberry_Ventura,WHOLESALE,NL-NH,2026-04-20,2026-04-26,Weekly,,KG,2.808,2.808,936.2816162109375,xgboost_baseline
Blueberry_Ventura,WHOLESALE,NL-NH,2026-04-27,2026-05-03,Weekly,,KG,2.808,2.808,923.1812133789062,xgboost_baseline
Blueberry_Ventura,WHOLESALE,NL-ZH,2026-02-02,2026-02-08,Weekly,,KG,2.95,2.95,1030.3507080078125,xgboost_baseline
Blueberry_Ventura,WHOLESALE,NL-ZH,2026-02-09,2026-02-15,Weekly,,KG,2.95,2.95,1016.1867065429688,xgboost_baseline
Blueberry_Ventura,WHOLESALE,NL-ZH,2026-02-16,2026-02-22,Weekly,,KG,2.95,2.95,1016.1998901367188,xgboost_baseline
Blueberry_Ventura,WHOLESALE,NL-ZH,2026-02-23,2026-03-01,Weekly,,KG,2.95,2.95,1016.1998901367188,xgboost_baseline
Blueberry_Ventura,WHOLESALE,NL-ZH,2026-03-02,2026-03-08,Weekly,,KG,2.95,2.95,1025.1549072265625,xgboost_baseline
Blueberry_Ventura,WHOLESALE,NL-ZH,2026-03-09,2026-03-15,Weekly,,KG,2.95,2.95,935.3255004882812,xgboost_baseline
Blueberry_Ventura,WHOLESALE,NL-ZH,2026-03-16,2026-03-22,Weekly,,KG,2.95,2.95,906.3369140625,xgboost_baseline
Blueberry_Ventura,WHOLESALE,NL-ZH,2026-03-23,2026-03-29,Weekly,,KG,2.95,2.95,900.26171875,xgboost_baseline
Blueberry_Ventura,WHOLESALE,NL-ZH,2026-03-30,2026-04-05,Weekly,,KG,2.95,2.95,809.0130004882812,xgboost_baseline
Blueberry_Ventura,WHOLESALE,NL-ZH,2026-04-06,2026-04-12,Weekly,,KG,2.95,2.95,937.576416015625,xgboost_baseline
Blueberry_Ventura,WHOLESALE,NL-ZH,2026-04-13,2026-04-19,Weekly,,KG,2.95,2.95,940.5552978515625,xgboost_baseline
Blueberry_Ventura,WHOLESALE,NL-ZH,2026-04-20,2026-04-26,Weekly,,KG,2.95,2.95,936.2816162109375,xgboost_baseline
Blueberry_Ventura,WHOLESALE,NL-ZH,2026-04-27,2026-05-03,Weekly,,KG,2.95,2.95,923.24462890625,xgboost_baseline
PEAR_ABATE,ONLINE,NL-GE,2026-02-02,2026-02-08,Weekly,,KG,3.137,3.137,918.9092407226562,xgboost_baseline
PEAR_ABATE,ONLINE,NL-GE,2026-02-09,2026-02-15,Weekly,,KG,3.137,3.137,922.9542846679688,xgboost_baseline
PEAR_ABATE,ONLINE,NL-GE,2026-02-16,2026-02-22,Weekly,,KG,3.137,3.137,916.0549926757812,xgboost_baseline
PEAR_ABATE,ONLINE,NL-GE,2026-02-23,2026-03-01,Weekly,,KG,3.137,3.137,951.4068603515625,xgboost_baseline
PEAR_ABATE,ONLINE,NL-GE,2026-03-02,2026-03-08,Weekly,,KG,3.137,3.137,891.7821044921875,xgboost_baseline
PEAR_ABATE,ONLINE,NL-GE,2026-03-09,2026-03-15,Weekly,,KG,3.137,3.137,877.5889892578125,xgboost_baseline
PEAR_ABATE,ONLINE,NL-GE,2026-03-16,2026-03-22,Weekly,,KG,3.137,3.137,921.256591796875,xgboost_baseline
PEAR_ABATE,ONLINE,NL-GE,2026-03-23,2026-03-29,Weekly,,KG,3.137,3.137,902.6739501953125,xgboost_baseline
PEAR_ABATE,ONLINE,NL-GE,2026-03-30,2026-04-05,Weekly,,KG,3.137,3.137,937.2465209960938,xgboost_baseline
PEAR_ABATE,ONLINE,NL-GE,2026-04-06,2026-04-12,Weekly,,KG,3.137,3.137,934.7713623046875,xgboost_baseline
PEAR_ABATE,ONLINE,NL-GE,2026-04-13,2026-04-19,Weekly,,KG,3.137,3.137,867.2258911132812,xgboost_baseline
PEAR_ABATE,ONLINE,NL-GE,2026-04-20,2026-04-26,Weekly,,KG,3.137,3.137,870.332763671875,xgboost_baseline
PEAR_ABATE,ONLINE,NL-GE,2026-04-27,2026-05-03,Weekly,,KG,3.137,3.137,919.5833740234375,xgboost_baseline
PEAR_ABATE,ONLINE,NL-NB,2026-02-02,2026-02-08,Weekly,,KG,3.232,3.232,889.5548706054688,xgboost_baseline
PEAR_ABATE,ONLINE,NL-NB,2026-02-09,2026-02-15,Weekly,,KG,3.232,3.232,863.151123046875,xgboost_baseline
PEAR_ABATE,ONLINE,NL-NB,2026-02-16,2026-02-22,Weekly,,KG,3.232,3.232,894.02783203125,xgboost_baseline
PEAR_ABATE,ONLINE,NL-NB,2026-02-23,2026-03-01,Weekly,,KG,3.232,3.232,924.5655517578125,xgboost_baseline
PEAR_ABATE,ONLINE,NL-NB,2026-03-02,2026-03-08,Weekly,,KG,3.232,3.232,964.2897338867188,xgboost_baseline
PEAR_ABATE,ONLINE,NL-NB,2026-03-09,2026-03-15,Weekly,,KG,3.232,3.232,915.0986328125,xgboost_baseline
PEAR_ABATE,ONLINE,NL-NB,2026-03-16,2026-03-22,Weekly,,KG,3.232,3.232,891.7252807617188,xgboost_baseline
PEAR_ABATE,ONLINE,NL-NB,2026-03-23,2026-03-29,Weekly,,KG,3.232,3.232,877.8972778320312,xgboost_baseline
PEAR_ABATE,ONLINE,NL-NB,2026-03-30,2026-04-05,Weekly,,KG,3.232,3.232,875.2125244140625,xgboost_baseline
PEAR_ABATE,ONLINE,NL-NB,2026-04-06,2026-04-12,Weekly,,KG,3.232,3.232,912.677978515625,xgboost_baseline
PEAR_ABATE,ONLINE,NL-NB,2026-04-13,2026-04-19,Weekly,,KG,3.232,3.232,931.60595703125,xgboost_baseline
PEAR_ABATE,ONLINE,NL-NB,2026-04-20,2026-04-26,Weekly,,KG,3.232,3.232,934.3773193359375,xgboost_baseline
PEAR_ABATE,ONLINE,NL-NB,2026-04-27,2026-05-03,Weekly,,KG,3.232,3.232,875.7051391601562,xgboost_baseline
PEAR_ABATE,ONLINE,NL-NH,2026-02-02,2026-02-08,Weekly,,KG,3.198,3.198,898.7282104492188,xgboost_baseline
PEAR_ABATE,ONLINE,NL-NH,2026-02-09,2026-02-15,Weekly,,KG,3.198,3.198,876.1243896484375,xgboost_baseline
PEAR_ABATE,ONLINE,NL-NH,2026-02-16,2026-02-22,Weekly,,KG,3.198,3.198,894.4437255859375,xgboost_baseline
PEAR_ABATE,ONLINE,NL-NH,2026-02-23,2026-03-01,Weekly,,KG,3.198,3.198,937.090576171875,xgboost_baseline
PEAR_ABATE,ONLINE,NL-NH,2026-03-02,2026-03-08,Weekly,,KG,3.198,3.198,953.5789794921875,xgboost_baseline
PEAR_ABATE,ONLINE,NL-NH,2026-03-09,2026-03-15,Weekly,,KG,3.198,3.198,895.1751708984375,xgboost_baseline
PEAR_ABATE,ONLINE,NL-NH,2026-03-16,2026-03-22,Weekly,,KG,3.198,3.198,877.6636352539062,xgboost_baseline
PEAR_ABATE,ONLINE,NL-NH,2026-03-23,2026-03-29,Weekly,,KG,3.198,3.198,872.7730102539062,xgboost_baseline
PEAR_ABATE,ONLINE,NL-NH,2026-03-30,2026-04-05,Weekly,,KG,3.198,3.198,921.3746948242188,xgboost_baseline
PEAR_ABATE,ONLINE,NL-NH,2026-04-06,2026-04-12,Weekly,,KG,3.198,3.198,953.5685424804688,xgboost_baseline
PEAR_ABATE,ONLINE,NL-NH,2026-04-13,2026-04-19,Weekly,,KG,3.198,3.198,932.5497436523438,xgboost_baseline
PEAR_ABATE,ONLINE,NL-NH,2026-04-20,2026-04-26,Weekly,,KG,3.198,3.198,874.6006469726562,xgboost_baseline
PEAR_ABATE,ONLINE,NL-NH,2026-04-27,2026-05-03,Weekly,,KG,3.198,3.198,865.141845703125,xgboost_baseline
PEAR_ABATE,ONLINE,NL-ZH,2026-02-02,2026-02-08,Weekly,,KG,3.357,3.357,889.2863159179688,xgboost_baseline
PEAR_ABATE,ONLINE,NL-ZH,2026-02-09,2026-02-15,Weekly,,KG,3.357,3.357,929.0390625,xgboost_baseline
PEAR_ABATE,ONLINE,NL-ZH,2026-02-16,2026-02-22,Weekly,,KG,3.357,3.357,964.10595703125,xgboost_baseline
PEAR_ABATE,ONLINE,NL-ZH,2026-02-23,2026-03-01,Weekly,,KG,3.357,3.357,964.8316650390625,xgboost_baseline
PEAR_ABATE,ONLINE,NL-ZH,2026-03-02,2026-03-08,Weekly,,KG,3.357,3.357,886.421875,xgboost_baseline
PEAR_ABATE,ONLINE,NL-ZH,2026-03-09,2026-03-15,Weekly,,KG,3.357,3.357,861.3983154296875,xgboost_baseline
PEAR_ABATE,ONLINE,NL-ZH,2026-03-16,2026-03-22,Weekly,,KG,3.357,3.357,887.1328125,xgboost_baseline
PEAR_ABATE,ONLINE,NL-ZH,2026-03-23,2026-03-29,Weekly,,KG,3.357,3.357,937.7027587890625,xgboost_baseline
PEAR_ABATE,ONLINE,NL-ZH,2026-03-30,2026-04-05,Weekly,,KG,3.357,3.357,953.5004272460938,xgboost_baseline
PEAR_ABATE,ONLINE,NL-ZH,2026-04-06,2026-04-12,Weekly,,KG,3.357,3.357,918.3345336914062,xgboost_baseline
PEAR_ABATE,ONLINE,NL-ZH,2026-04-13,2026-04-19,Weekly,,KG,3.357,3.357,877.9717407226562,xgboost_baseline
PEAR_ABATE,ONLINE,NL-ZH,2026-04-20,2026-04-26,Weekly,,KG,3.357,3.357,864.1990966796875,xgboost_baseline
PEAR_ABATE,ONLINE,NL-ZH,2026-04-27,2026-05-03,Weekly,,KG,3.357,3.357,924.3735961914062,xgboost_baseline
PEAR_ABATE,RETAIL,NL-GE,2026-02-02,2026-02-08,Weekly,,KG,3.008,3.008,1030.3179931640625,xgboost_baseline
PEAR_ABATE,RETAIL,NL-GE,2026-02-09,2026-02-15,Weekly,,KG,3.008,3.008,1016.1867065429688,xgboost_baseline
PEAR_ABATE,RETAIL,NL-GE,2026-02-16,2026-02-22,Weekly,,KG,3.008,3.008,1016.1998901367188,xgboost_baseline
PEAR_ABATE,RETAIL,NL-GE,2026-02-23,2026-03-01,Weekly,,KG,3.008,3.008,1017.5947875976562,xgboost_baseline
PEAR_ABATE,RETAIL,NL-GE,2026-03-02,2026-03-08,Weekly,,KG,3.008,3.008,1025.1549072265625,xgboost_baseline
PEAR_ABATE,RETAIL,NL-GE,2026-03-09,2026-03-15,Weekly,,KG,3.008,3.008,935.3255004882812,xgboost_baseline
PEAR_ABATE,RETAIL,NL-GE,2026-03-16,2026-03-22,Weekly,,KG,3.008,3.008,906.4276123046875,xgboost_baseline
PEAR_ABATE,RETAIL,NL-GE,2026-03-23,2026-03-29,Weekly,,KG,3.008,3.008,900.26171875,xgboost_baseline
PEAR_ABATE,RETAIL,NL-GE,2026-03-30,2026-04-05,Weekly,,KG,3.008,3.008,809.0130004882812,xgboost_baseline
PEAR_ABATE,RETAIL,NL-GE,2026-04-06,2026-04-12,Weekly,,KG,3.008,3.008,937.576416015625,xgboost_baseline
PEAR_ABATE,RETAIL,NL-GE,2026-04-13,2026-04-19,Weekly,,KG,3.008,3.008,942.27783203125,xgboost_baseline
PEAR_ABATE,RETAIL,NL-GE,2026-04-20,2026-04-26,Weekly,,KG,3.008,3.008,936.6593017578125,xgboost_baseline
PEAR_ABATE,RETAIL,NL-GE,2026-04-27,2026-05-03,Weekly,,KG,3.008,3.008,923.6807861328125,xgboost_baseline
PEAR_ABATE,RETAIL,NL-NB,2026-02-02,2026-02-08,Weekly,,KG,3.178,3.178,1030.3179931640625,xgboost_baseline
PEAR_ABATE,RETAIL,NL-NB,2026-02-09,2026-02-15,Weekly,,KG,3.178,3.178,1016.1867065429688,xgboost_baseline
PEAR_ABATE,RETAIL,NL-NB,2026-02-16,2026-02-22,Weekly,,KG,3.178,3.178,1016.1998901367188,xgboost_baseline
PEAR_ABATE,RETAIL,NL-NB,2026-02-23,2026-03-01,Weekly,,KG,3.178,3.178,1017.5812377929688,xgboost_baseline
PEAR_ABATE,RETAIL,NL-NB,2026-03-02,2026-03-08,Weekly,,KG,3.178,3.178,1025.1549072265625,xgboost_baseline
PEAR_ABATE,RETAIL,NL-NB,2026-03-09,2026-03-15,Weekly,,KG,3.178,3.178,935.3255004882812,xgboost_baseline
PEAR_ABATE,RETAIL,NL-NB,2026-03-16,2026-03-22,Weekly,,KG,3.178,3.178,906.4276123046875,xgboost_baseline
PEAR_ABATE,RETAIL,NL-NB,2026-03-23,2026-03-29,Weekly,,KG,3.178,3.178,900.26171875,xgboost_baseline
PEAR_ABATE,RETAIL,NL-NB,2026-03-30,2026-04-05,Weekly,,KG,3.178,3.178,809.0130004882812,xgboost_baseline
PEAR_ABATE,RETAIL,NL-NB,2026-04-06,2026-04-12,Weekly,,KG,3.178,3.178,937.576416015625,xgboost_baseline
PEAR_ABATE,RETAIL,NL-NB,2026-04-13,2026-04-19,Weekly,,KG,3.178,3.178,942.27783203125,xgboost_baseline
PEAR_ABATE,RETAIL,NL-NB,2026-04-20,2026-04-26,Weekly,,KG,3.178,3.178,936.6593017578125,xgboost_baseline
PEAR_ABATE,RETAIL,NL-NB,2026-04-27,2026-05-03,Weekly,,KG,3.178,3.178,925.015625,xgboost_baseline
PEAR_ABATE,RETAIL,NL-NH,2026-02-02,2026-02-08,Weekly,,KG,3.27,3.27,1040.4189453125,xgboost_baseline
PEAR_ABATE,RETAIL,NL-NH,2026-02-09,2026-02-15,Weekly,,KG,3.27,3.27,1016.1867065429688,xgboost_baseline
PEAR_ABATE,RETAIL,NL-NH,2026-02-16,2026-02-22,Weekly,,KG,3.27,3.27,1016.1998901367188,xgboost_baseline
PEAR_ABATE,RETAIL,NL-NH,2026-02-23,2026-03-01,Weekly,,KG,3.27,3.27,1017.6232299804688,xgboost_baseline
PEAR_ABATE,RETAIL,NL-NH,2026-03-02,2026-03-08,Weekly,,KG,3.27,3.27,1024.7274169921875,xgboost_baseline
PEAR_ABATE,RETAIL,NL-NH,2026-03-09,2026-03-15,Weekly,,KG,3.27,3.27,935.3255004882812,xgboost_baseline
PEAR_ABATE,RETAIL,NL-NH,2026-03-16,2026-03-22,Weekly,,KG,3.27,3.27,906.3369140625,xgboost_baseline
PEAR_ABATE,RETAIL,NL-NH,2026-03-23,2026-03-29,Weekly,,KG,3.27,3.27,900.26171875,xgboost_baseline
PEAR_ABATE,RETAIL,NL-NH,2026-03-30,2026-04-05,Weekly,,KG,3.27,3.27,809.0130004882812,xgboost_baseline
PEAR_ABATE,RETAIL,NL-NH,2026-04-06,2026-04-12,Weekly,,KG,3.27,3.27,937.576416015625,xgboost_baseline
PEAR_ABATE,RETAIL,NL-NH,2026-04-13,2026-04-19,Weekly,,KG,3.27,3.27,940.7415771484375,xgboost_baseline
PEAR_ABATE,RETAIL,NL-NH,2026-04-20,2026-04-26,Weekly,,KG,3.27,3.27,936.34228515625,xgboost_baseline
PEAR_ABATE,RETAIL,NL-NH,2026-04-27,2026-05-03,Weekly,,KG,3.27,3.27,923.1812133789062,xgboost_baseline
PEAR_ABATE,RETAIL,NL-ZH,2026-02-02,2026-02-08,Weekly,,KG,3.377,3.377,1030.419921875,xgboost_baseline
PEAR_ABATE,RETAIL,NL-ZH,2026-02-09,2026-02-15,Weekly,,KG,3.377,3.377,1016.1867065429688,xgboost_baseline
PEAR_ABATE,RETAIL,NL-ZH,2026-02-16,2026-02-22,Weekly,,KG,3.377,3.377,1016.1998901367188,xgboost_baseline
PEAR_ABATE,RETAIL,NL-ZH,2026-02-23,2026-03-01,Weekly,,KG,3.377,3.377,1017.5947875976562,xgboost_baseline
PEAR_ABATE,RETAIL,NL-ZH,2026-03-02,2026-03-08,Weekly,,KG,3.377,3.377,1025.1549072265625,xgboost_baseline
PEAR_ABATE,RETAIL,NL-ZH,2026-03-09,2026-03-15,Weekly,,KG,3.377,3.377,935.3255004882812,xgboost_baseline
PEAR_ABATE,RETAIL,NL-ZH,2026-03-16,2026-03-22,Weekly,,KG,3.377,3.377,906.4276123046875,xgboost_baseline
PEAR_ABATE,RETAIL,NL-ZH,2026-03-23,2026-03-29,Weekly,,KG,3.377,3.377,900.26171875,xgboost_baseline
PEAR_ABATE,RETAIL,NL-ZH,2026-03-30,2026-04-05,Weekly,,KG,3.377,3.377,809.0130004882812,xgboost_baseline
PEAR_ABATE,RETAIL,NL-ZH,2026-04-06,2026-04-12,Weekly,,KG,3.377,3.377,937.576416015625,xgboost_baseline
PEAR_ABATE,RETAIL,NL-ZH,2026-04-13,2026-04-19,Weekly,,KG,3.377,3.377,940.5552978515625,xgboost_baseline
PEAR_ABATE,RETAIL,NL-ZH,2026-04-20,2026-04-26,Weekly,,KG,3.377,3.377,936.34228515625,xgboost_baseline
PEAR_ABATE,RETAIL,NL-ZH,2026-04-27,2026-05-03,Weekly,,KG,3.377,3.377,923.1812133789062,xgboost_baseline
PEAR_ABATE,WHOLESALE,NL-GE,2026-02-02,2026-02-08,Weekly,,KG,3.021,3.021,1007.1349487304688,xgboost_baseline
PEAR_ABATE,WHOLESALE,NL-GE,2026-02-09,2026-02-15,Weekly,,KG,3.021,3.021,1009.7833862304688,xgboost_baseline
PEAR_ABATE,WHOLESALE,NL-GE,2026-02-16,2026-02-22,Weekly,,KG,3.021,3.021,1010.4668579101562,xgboost_baseline
PEAR_ABATE,WHOLESALE,NL-GE,2026-02-23,2026-03-01,Weekly,,KG,3.021,3.021,1037.27978515625,xgboost_baseline
PEAR_ABATE,WHOLESALE,NL-GE,2026-03-02,2026-03-08,Weekly,,KG,3.021,3.021,1021.9953002929688,xgboost_baseline
PEAR_ABATE,WHOLESALE,NL-GE,2026-03-09,2026-03-15,Weekly,,KG,3.021,3.021,1015.1039428710938,xgboost_baseline
PEAR_ABATE,WHOLESALE,NL-GE,2026-03-16,2026-03-22,Weekly,,KG,3.021,3.021,1011.7820434570312,xgboost_baseline
PEAR_ABATE,WHOLESALE,NL-GE,2026-03-23,2026-03-29,Weekly,,KG,3.021,3.021,1001.8384399414062,xgboost_baseline
PEAR_ABATE,WHOLESALE,NL-GE,2026-03-30,2026-04-05,Weekly,,KG,3.021,3.021,935.1424560546875,xgboost_baseline
PEAR_ABATE,WHOLESALE,NL-GE,2026-04-06,2026-04-12,Weekly,,KG,3.021,3.021,895.691162109375,xgboost_baseline
PEAR_ABATE,WHOLESALE,NL-GE,2026-04-13,2026-04-19,Weekly,,KG,3.021,3.021,813.632080078125,xgboost_baseline
PEAR_ABATE,WHOLESALE,NL-GE,2026-04-20,2026-04-26,Weekly,,KG,3.021,3.021,881.3360595703125,xgboost_baseline
PEAR_ABATE,WHOLESALE,NL-GE,2026-04-27,2026-05-03,Weekly,,KG,3.021,3.021,951.9292602539062,xgboost_baseline
PEAR_ABATE,WHOLESALE,NL-NB,2026-02-02,2026-02-08,Weekly,,KG,3.162,3.162,947.8817749023438,xgboost_baseline
PEAR_ABATE,WHOLESALE,NL-NB,2026-02-09,2026-02-15,Weekly,,KG,3.162,3.162,1013.5188598632812,xgboost_baseline
PEAR_ABATE,WHOLESALE,NL-NB,2026-02-16,2026-02-22,Weekly,,KG,3.162,3.162,1009.0828247070312,xgboost_baseline
PEAR_ABATE,WHOLESALE,NL-NB,2026-02-23,2026-03-01,Weekly,,KG,3.162,3.162,1034.5780029296875,xgboost_baseline
PEAR_ABATE,WHOLESALE,NL-NB,2026-03-02,2026-03-08,Weekly,,KG,3.162,3.162,986.9407348632812,xgboost_baseline
PEAR_ABATE,WHOLESALE,NL-NB,2026-03-09,2026-03-15,Weekly,,KG,3.162,3.162,1023.3807983398438,xgboost_baseline
PEAR_ABATE,WHOLESALE,NL-NB,2026-03-16,2026-03-22,Weekly,,KG,3.162,3.162,1026.185791015625,xgboost_baseline
PEAR_ABATE,WHOLESALE,NL-NB,2026-03-23,2026-03-29,Weekly,,KG,3.162,3.162,1028.5325927734375,xgboost_baseline
PEAR_ABATE,WHOLESALE,NL-NB,2026-03-30,2026-04-05,Weekly,,KG,3.162,3.162,1028.839599609375,xgboost_baseline
PEAR_ABATE,WHOLESALE,NL-NB,2026-04-06,2026-04-12,Weekly,,KG,3.162,3.162,1037.4385986328125,xgboost_baseline
PEAR_ABATE,WHOLESALE,NL-NB,2026-04-13,2026-04-19,Weekly,,KG,3.162,3.162,1029.0423583984375,xgboost_baseline
PEAR_ABATE,WHOLESALE,NL-NB,2026-04-20,2026-04-26,Weekly,,KG,3.162,3.162,1039.5228271484375,xgboost_baseline
PEAR_ABATE,WHOLESALE,NL-NB,2026-04-27,2026-05-03,Weekly,,KG,3.162,3.162,1031.4776611328125,xgboost_baseline
PEAR_ABATE,WHOLESALE,NL-NH,2026-02-02,2026-02-08,Weekly,,KG,3.224,3.224,1030.169677734375,xgboost_baseline
PEAR_ABATE,WHOLESALE,NL-NH,2026-02-09,2026-02-15,Weekly,,KG,3.224,3.224,1016.1867065429688,xgboost_baseline
PEAR_ABATE,WHOLESALE,NL-NH,2026-02-16,2026-02-22,Weekly,,KG,3.224,3.224,1016.1998901367188,xgboost_baseline
PEAR_ABATE,WHOLESALE,NL-NH,2026-02-23,2026-03-01,Weekly,,KG,3.224,3.224,1042.216064453125,xgboost_baseline
PEAR_ABATE,WHOLESALE,NL-NH,2026-03-02,2026-03-08,Weekly,,KG,3.224,3.224,1019.0787353515625,xgboost_baseline
PEAR_ABATE,WHOLESALE,NL-NH,2026-03-09,2026-03-15,Weekly,,KG,3.224,3.224,1018.1563110351562,xgboost_baseline
PEAR_ABATE,WHOLESALE,NL-NH,2026-03-16,2026-03-22,Weekly,,KG,3.224,3.224,1014.8206176757812,xgboost_baseline
PEAR_ABATE,WHOLESALE,NL-NH,2026-03-23,2026-03-29,Weekly,,KG,3.224,3.224,1008.6084594726562,xgboost_baseline
PEAR_ABATE,WHOLESALE,NL-NH,2026-03-30,2026-04-05,Weekly,,KG,3.224,3.224,919.2844848632812,xgboost_baseline
PEAR_ABATE,WHOLESALE,NL-NH,2026-04-06,2026-04-12,Weekly,,KG,3.224,3.224,906.365966796875,xgboost_baseline
PEAR_ABATE,WHOLESALE,NL-NH,2026-04-13,2026-04-19,Weekly,,KG,3.224,3.224,875.14453125,xgboost_baseline
PEAR_ABATE,WHOLESALE,NL-NH,2026-04-20,2026-04-26,Weekly,,KG,3.224,3.224,827.1166381835938,xgboost_baseline
PEAR_ABATE,WHOLESALE,NL-NH,2026-04-27,2026-05-03,Weekly,,KG,3.224,3.224,932.6917114257812,xgboost_baseline
PEAR_ABATE,WHOLESALE,NL-ZH,2026-02-02,2026-02-08,Weekly,,KG,3.341,3.341,1030.3179931640625,xgboost_baseline
PEAR_ABATE,WHOLESALE,NL-ZH,2026-02-09,2026-02-15,Weekly,,KG,3.341,3.341,1016.1867065429688,xgboost_baseline
PEAR_ABATE,WHOLESALE,NL-ZH,2026-02-16,2026-02-22,Weekly,,KG,3.341,3.341,1016.1998901367188,xgboost_baseline
PEAR_ABATE,WHOLESALE,NL-ZH,2026-02-23,2026-03-01,Weekly,,KG,3.341,3.341,1045.1641845703125,xgboost_baseline
PEAR_ABATE,WHOLESALE,NL-ZH,2026-03-02,2026-03-08,Weekly,,KG,3.341,3.341,1019.0787353515625,xgboost_baseline
PEAR_ABATE,WHOLESALE,NL-ZH,2026-03-09,2026-03-15,Weekly,,KG,3.341,3.341,1018.1563110351562,xgboost_baseline
PEAR_ABATE,WHOLESALE,NL-ZH,2026-03-16,2026-03-22,Weekly,,KG,3.341,3.341,1014.8206176757812,xgboost_baseline
PEAR_ABATE,WHOLESALE,NL-ZH,2026-03-23,2026-03-29,Weekly,,KG,3.341,3.341,1008.6084594726562,xgboost_baseline
PEAR_ABATE,WHOLESALE,NL-ZH,2026-03-30,2026-04-05,Weekly,,KG,3.341,3.341,919.2844848632812,xgboost_baseline
PEAR_ABATE,WHOLESALE,NL-ZH,2026-04-06,2026-04-12,Weekly,,KG,3.341,3.341,906.365966796875,xgboost_baseline
PEAR_ABATE,WHOLESALE,NL-ZH,2026-04-13,2026-04-19,Weekly,,KG,3.341,3.341,876.601806640625,xgboost_baseline
PEAR_ABATE,WHOLESALE,NL-ZH,2026-04-20,2026-04-26,Weekly,,KG,3.341,3.341,826.7892456054688,xgboost_baseline
PEAR_ABATE,WHOLESALE,NL-ZH,2026-04-27,2026-05-03,Weekly,,KG,3.341,3.341,925.3024291992188,xgboost_baseline
PEAR_COMICE,ONLINE,NL-GE,2026-02-02,2026-02-08,Weekly,,KG,2.997,2.997,943.4342651367188,xgboost_baseline
PEAR_COMICE,ONLINE,NL-GE,2026-02-09,2026-02-15,Weekly,,KG,2.997,2.997,887.174072265625,xgboost_baseline
PEAR_COMICE,ONLINE,NL-GE,2026-02-16,2026-02-22,Weekly,,KG,2.997,2.997,877.0281372070312,xgboost_baseline
PEAR_COMICE,ONLINE,NL-GE,2026-02-23,2026-03-01,Weekly,,KG,2.997,2.997,916.4951171875,xgboost_baseline
PEAR_COMICE,ONLINE,NL-GE,2026-03-02,2026-03-08,Weekly,,KG,2.997,2.997,955.3555908203125,xgboost_baseline
PEAR_COMICE,ONLINE,NL-GE,2026-03-09,2026-03-15,Weekly,,KG,2.997,2.997,934.6986694335938,xgboost_baseline
PEAR_COMICE,ONLINE,NL-GE,2026-03-16,2026-03-22,Weekly,,KG,2.997,2.997,871.745849609375,xgboost_baseline
PEAR_COMICE,ONLINE,NL-GE,2026-03-23,2026-03-29,Weekly,,KG,2.997,2.997,868.10986328125,xgboost_baseline
PEAR_COMICE,ONLINE,NL-GE,2026-03-30,2026-04-05,Weekly,,KG,2.997,2.997,931.1768188476562,xgboost_baseline
PEAR_COMICE,ONLINE,NL-GE,2026-04-06,2026-04-12,Weekly,,KG,2.997,2.997,946.5557861328125,xgboost_baseline
PEAR_COMICE,ONLINE,NL-GE,2026-04-13,2026-04-19,Weekly,,KG,2.997,2.997,940.6644897460938,xgboost_baseline
PEAR_COMICE,ONLINE,NL-GE,2026-04-20,2026-04-26,Weekly,,KG,2.997,2.997,875.0585327148438,xgboost_baseline
PEAR_COMICE,ONLINE,NL-GE,2026-04-27,2026-05-03,Weekly,,KG,2.997,2.997,876.5905151367188,xgboost_baseline
PEAR_COMICE,ONLINE,NL-NB,2026-02-02,2026-02-08,Weekly,,KG,3.164,3.164,898.7803344726562,xgboost_baseline
PEAR_COMICE,ONLINE,NL-NB,2026-02-09,2026-02-15,Weekly,,KG,3.164,3.164,902.0143432617188,xgboost_baseline
PEAR_COMICE,ONLINE,NL-NB,2026-02-16,2026-02-22,Weekly,,KG,3.164,3.164,872.30859375,xgboost_baseline
PEAR_COMICE,ONLINE,NL-NB,2026-02-23,2026-03-01,Weekly,,KG,3.164,3.164,900.7418212890625,xgboost_baseline
PEAR_COMICE,ONLINE,NL-NB,2026-03-02,2026-03-08,Weekly,,KG,3.164,3.164,932.002197265625,xgboost_baseline
PEAR_COMICE,ONLINE,NL-NB,2026-03-09,2026-03-15,Weekly,,KG,3.164,3.164,936.5631713867188,xgboost_baseline
PEAR_COMICE,ONLINE,NL-NB,2026-03-16,2026-03-22,Weekly,,KG,3.164,3.164,884.0474853515625,xgboost_baseline
PEAR_COMICE,ONLINE,NL-NB,2026-03-23,2026-03-29,Weekly,,KG,3.164,3.164,857.0574951171875,xgboost_baseline
PEAR_COMICE,ONLINE,NL-NB,2026-03-30,2026-04-05,Weekly,,KG,3.164,3.164,933.7008056640625,xgboost_baseline
PEAR_COMICE,ONLINE,NL-NB,2026-04-06,2026-04-12,Weekly,,KG,3.164,3.164,955.6703491210938,xgboost_baseline
PEAR_COMICE,ONLINE,NL-NB,2026-04-13,2026-04-19,Weekly,,KG,3.164,3.164,946.9776611328125,xgboost_baseline
PEAR_COMICE,ONLINE,NL-NB,2026-04-20,2026-04-26,Weekly,,KG,3.164,3.164,885.68115234375,xgboost_baseline
PEAR_COMICE,ONLINE,NL-NB,2026-04-27,2026-05-03,Weekly,,KG,3.164,3.164,864.5390014648438,xgboost_baseline
PEAR_COMICE,ONLINE,NL-NH,2026-02-02,2026-02-08,Weekly,,KG,3.285,3.285,850.8175659179688,xgboost_baseline
PEAR_COMICE,ONLINE,NL-NH,2026-02-09,2026-02-15,Weekly,,KG,3.285,3.285,878.2080688476562,xgboost_baseline
PEAR_COMICE,ONLINE,NL-NH,2026-02-16,2026-02-22,Weekly,,KG,3.285,3.285,930.6551513671875,xgboost_baseline
PEAR_COMICE,ONLINE,NL-NH,2026-02-23,2026-03-01,Weekly,,KG,3.285,3.285,903.3601684570312,xgboost_baseline
PEAR_COMICE,ONLINE,NL-NH,2026-03-02,2026-03-08,Weekly,,KG,3.285,3.285,901.1746215820312,xgboost_baseline
PEAR_COMICE,ONLINE,NL-NH,2026-03-09,2026-03-15,Weekly,,KG,3.285,3.285,939.9788208007812,xgboost_baseline
PEAR_COMICE,ONLINE,NL-NH,2026-03-16,2026-03-22,Weekly,,KG,3.285,3.285,865.59228515625,xgboost_baseline
PEAR_COMICE,ONLINE,NL-NH,2026-03-23,2026-03-29,Weekly,,KG,3.285,3.285,924.44921875,xgboost_baseline
PEAR_COMICE,ONLINE,NL-NH,2026-03-30,2026-04-05,Weekly,,KG,3.285,3.285,942.4903564453125,xgboost_baseline
PEAR_COMICE,ONLINE,NL-NH,2026-04-06,2026-04-12,Weekly,,KG,3.285,3.285,889.5126342773438,xgboost_baseline
PEAR_COMICE,ONLINE,NL-NH,2026-04-13,2026-04-19,Weekly,,KG,3.285,3.285,904.5489501953125,xgboost_baseline
PEAR_COMICE,ONLINE,NL-NH,2026-04-20,2026-04-26,Weekly,,KG,3.285,3.285,867.6804809570312,xgboost_baseline
PEAR_COMICE,ONLINE,NL-NH,2026-04-27,2026-05-03,Weekly,,KG,3.285,3.285,918.165283203125,xgboost_baseline
PEAR_COMICE,ONLINE,NL-ZH,2026-02-02,2026-02-08,Weekly,,KG,3.331,3.331,958.0918579101562,xgboost_baseline
PEAR_COMICE,ONLINE,NL-ZH,2026-02-09,2026-02-15,Weekly,,KG,3.331,3.331,1029.248046875,xgboost_baseline
PEAR_COMICE,ONLINE,NL-ZH,2026-02-16,2026-02-22,Weekly,,KG,3.331,3.331,1001.9183959960938,xgboost_baseline
PEAR_COMICE,ONLINE,NL-ZH,2026-02-23,2026-03-01,Weekly,,KG,3.331,3.331,974.7982788085938,xgboost_baseline
PEAR_COMICE,ONLINE,NL-ZH,2026-03-02,2026-03-08,Weekly,,KG,3.331,3.331,990.5189208984375,xgboost_baseline
PEAR_COMICE,ONLINE,NL-ZH,2026-03-09,2026-03-15,Weekly,,KG,3.331,3.331,990.0593872070312,xgboost_baseline
PEAR_COMICE,ONLINE,NL-ZH,2026-03-16,2026-03-22,Weekly,,KG,3.331,3.331,909.7796630859375,xgboost_baseline
PEAR_COMICE,ONLINE,NL-ZH,2026-03-23,2026-03-29,Weekly,,KG,3.331,3.331,956.5064697265625,xgboost_baseline
PEAR_COMICE,ONLINE,NL-ZH,2026-03-30,2026-04-05,Weekly,,KG,3.331,3.331,867.836181640625,xgboost_baseline
PEAR_COMICE,ONLINE,NL-ZH,2026-04-06,2026-04-12,Weekly,,KG,3.331,3.331,877.8885498046875,xgboost_baseline
PEAR_COMICE,ONLINE,NL-ZH,2026-04-13,2026-04-19,Weekly,,KG,3.331,3.331,904.5335693359375,xgboost_baseline
PEAR_COMICE,ONLINE,NL-ZH,2026-04-20,2026-04-26,Weekly,,KG,3.331,3.331,921.8671264648438,xgboost_baseline
PEAR_COMICE,ONLINE,NL-ZH,2026-04-27,2026-05-03,Weekly,,KG,3.331,3.331,939.373046875,xgboost_baseline
PEAR_COMICE,RETAIL,NL-GE,2026-02-02,2026-02-08,Weekly,,KG,2.884,2.884,1030.3179931640625,xgboost_baseline
PEAR_COMICE,RETAIL,NL-GE,2026-02-09,2026-02-15,Weekly,,KG,2.884,2.884,1016.1867065429688,xgboost_baseline
PEAR_COMICE,RETAIL,NL-GE,2026-02-16,2026-02-22,Weekly,,KG,2.884,2.884,1016.1998901367188,xgboost_baseline
PEAR_COMICE,RETAIL,NL-GE,2026-02-23,2026-03-01,Weekly,,KG,2.884,2.884,1016.1998901367188,xgboost_baseline
PEAR_COMICE,RETAIL,NL-GE,2026-03-02,2026-03-08,Weekly,,KG,2.884,2.884,1025.1549072265625,xgboost_baseline
PEAR_COMICE,RETAIL,NL-GE,2026-03-09,2026-03-15,Weekly,,KG,2.884,2.884,935.3255004882812,xgboost_baseline
PEAR_COMICE,RETAIL,NL-GE,2026-03-16,2026-03-22,Weekly,,KG,2.884,2.884,906.3369140625,xgboost_baseline
PEAR_COMICE,RETAIL,NL-GE,2026-03-23,2026-03-29,Weekly,,KG,2.884,2.884,900.26171875,xgboost_baseline
PEAR_COMICE,RETAIL,NL-GE,2026-03-30,2026-04-05,Weekly,,KG,2.884,2.884,809.0130004882812,xgboost_baseline
PEAR_COMICE,RETAIL,NL-GE,2026-04-06,2026-04-12,Weekly,,KG,2.884,2.884,937.576416015625,xgboost_baseline
PEAR_COMICE,RETAIL,NL-GE,2026-04-13,2026-04-19,Weekly,,KG,2.884,2.884,940.5552978515625,xgboost_baseline
PEAR_COMICE,RETAIL,NL-GE,2026-04-20,2026-04-26,Weekly,,KG,2.884,2.884,936.2816162109375,xgboost_baseline
PEAR_COMICE,RETAIL,NL-GE,2026-04-27,2026-05-03,Weekly,,KG,2.884,2.884,923.24462890625,xgboost_baseline
PEAR_COMICE,RETAIL,NL-NB,2026-02-02,2026-02-08,Weekly,,KG,3.186,3.186,1030.419921875,xgboost_baseline
PEAR_COMICE,RETAIL,NL-NB,2026-02-09,2026-02-15,Weekly,,KG,3.186,3.186,1016.1867065429688,xgboost_baseline
PEAR_COMICE,RETAIL,NL-NB,2026-02-16,2026-02-22,Weekly,,KG,3.186,3.186,1016.1998901367188,xgboost_baseline
PEAR_COMICE,RETAIL,NL-NB,2026-02-23,2026-03-01,Weekly,,KG,3.186,3.186,1016.1998901367188,xgboost_baseline
PEAR_COMICE,RETAIL,NL-NB,2026-03-02,2026-03-08,Weekly,,KG,3.186,3.186,1025.1549072265625,xgboost_baseline
PEAR_COMICE,RETAIL,NL-NB,2026-03-09,2026-03-15,Weekly,,KG,3.186,3.186,935.3255004882812,xgboost_baseline
PEAR_COMICE,RETAIL,NL-NB,2026-03-16,2026-03-22,Weekly,,KG,3.186,3.186,906.3369140625,xgboost_baseline
PEAR_COMICE,RETAIL,NL-NB,2026-03-23,2026-03-29,Weekly,,KG,3.186,3.186,900.26171875,xgboost_baseline
PEAR_COMICE,RETAIL,NL-NB,2026-03-30,2026-04-05,Weekly,,KG,3.186,3.186,809.0130004882812,xgboost_baseline
PEAR_COMICE,RETAIL,NL-NB,2026-04-06,2026-04-12,Weekly,,KG,3.186,3.186,937.576416015625,xgboost_baseline
PEAR_COMICE,RETAIL,NL-NB,2026-04-13,2026-04-19,Weekly,,KG,3.186,3.186,940.5552978515625,xgboost_baseline
PEAR_COMICE,RETAIL,NL-NB,2026-04-20,2026-04-26,Weekly,,KG,3.186,3.186,936.2816162109375,xgboost_baseline
PEAR_COMICE,RETAIL,NL-NB,2026-04-27,2026-05-03,Weekly,,KG,3.186,3.186,923.24462890625,xgboost_baseline
PEAR_COMICE,RETAIL,NL-NH,2026-02-02,2026-02-08,Weekly,,KG,3.302,3.302,1030.419921875,xgboost_baseline
PEAR_COMICE,RETAIL,NL-NH,2026-02-09,2026-02-15,Weekly,,KG,3.302,3.302,1016.1867065429688,xgboost_baseline
PEAR_COMICE,RETAIL,NL-NH,2026-02-16,2026-02-22,Weekly,,KG,3.302,3.302,1016.1998901367188,xgboost_baseline
PEAR_COMICE,RETAIL,NL-NH,2026-02-23,2026-03-01,Weekly,,KG,3.302,3.302,1017.6232299804688,xgboost_baseline
PEAR_COMICE,RETAIL,NL-NH,2026-03-02,2026-03-08,Weekly,,KG,3.302,3.302,1025.1549072265625,xgboost_baseline
PEAR_COMICE,RETAIL,NL-NH,2026-03-09,2026-03-15,Weekly,,KG,3.302,3.302,935.3255004882812,xgboost_baseline
PEAR_COMICE,RETAIL,NL-NH,2026-03-16,2026-03-22,Weekly,,KG,3.302,3.302,906.4276123046875,xgboost_baseline
PEAR_COMICE,RETAIL,NL-NH,2026-03-23,2026-03-29,Weekly,,KG,3.302,3.302,900.26171875,xgboost_baseline
PEAR_COMICE,RETAIL,NL-NH,2026-03-30,2026-04-05,Weekly,,KG,3.302,3.302,809.0130004882812,xgboost_baseline
PEAR_COMICE,RETAIL,NL-NH,2026-04-06,2026-04-12,Weekly,,KG,3.302,3.302,937.576416015625,xgboost_baseline
PEAR_COMICE,RETAIL,NL-NH,2026-04-13,2026-04-19,Weekly,,KG,3.302,3.302,940.5552978515625,xgboost_baseline
PEAR_COMICE,RETAIL,NL-NH,2026-04-20,2026-04-26,Weekly,,KG,3.302,3.302,936.2816162109375,xgboost_baseline
PEAR_COMICE,RETAIL,NL-NH,2026-04-27,2026-05-03,Weekly,,KG,3.302,3.302,923.1812133789062,xgboost_baseline
PEAR_COMICE,RETAIL,NL-ZH,2026-02-02,2026-02-08,Weekly,,KG,3.326,3.326,1030.419921875,xgboost_baseline
PEAR_COMICE,RETAIL,NL-ZH,2026-02-09,2026-02-15,Weekly,,KG,3.326,3.326,1016.1867065429688,xgboost_baseline
PEAR_COMICE,RETAIL,NL-ZH,2026-02-16,2026-02-22,Weekly,,KG,3.326,3.326,1016.1998901367188,xgboost_baseline
PEAR_COMICE,RETAIL,NL-ZH,2026-02-23,2026-03-01,Weekly,,KG,3.326,3.326,1016.1998901367188,xgboost_baseline
PEAR_COMICE,RETAIL,NL-ZH,2026-03-02,2026-03-08,Weekly,,KG,3.326,3.326,1025.1549072265625,xgboost_baseline
PEAR_COMICE,RETAIL,NL-ZH,2026-03-09,2026-03-15,Weekly,,KG,3.326,3.326,935.3255004882812,xgboost_baseline
PEAR_COMICE,RETAIL,NL-ZH,2026-03-16,2026-03-22,Weekly,,KG,3.326,3.326,906.3369140625,xgboost_baseline
PEAR_COMICE,RETAIL,NL-ZH,2026-03-23,2026-03-29,Weekly,,KG,3.326,3.326,900.26171875,xgboost_baseline
PEAR_COMICE,RETAIL,NL-ZH,2026-03-30,2026-04-05,Weekly,,KG,3.326,3.326,809.0130004882812,xgboost_baseline
PEAR_COMICE,RETAIL,NL-ZH,2026-04-06,2026-04-12,Weekly,,KG,3.326,3.326,937.576416015625,xgboost_baseline
PEAR_COMICE,RETAIL,NL-ZH,2026-04-13,2026-04-19,Weekly,,KG,3.326,3.326,940.5552978515625,xgboost_baseline
PEAR_COMICE,RETAIL,NL-ZH,2026-04-20,2026-04-26,Weekly,,KG,3.326,3.326,934.290283203125,xgboost_baseline
PEAR_COMICE,RETAIL,NL-ZH,2026-04-27,2026-05-03,Weekly,,KG,3.326,3.326,914.1903076171875,xgboost_baseline
PEAR_COMICE,WHOLESALE,NL-GE,2026-02-02,2026-02-08,Weekly,,KG,3.054,3.054,1030.2255859375,xgboost_baseline
PEAR_COMICE,WHOLESALE,NL-GE,2026-02-09,2026-02-15,Weekly,,KG,3.054,3.054,1016.1867065429688,xgboost_baseline
PEAR_COMICE,WHOLESALE,NL-GE,2026-02-16,2026-02-22,Weekly,,KG,3.054,3.054,1016.1998901367188,xgboost_baseline
PEAR_COMICE,WHOLESALE,NL-GE,2026-02-23,2026-03-01,Weekly,,KG,3.054,3.054,1017.5812377929688,xgboost_baseline
PEAR_COMICE,WHOLESALE,NL-GE,2026-03-02,2026-03-08,Weekly,,KG,3.054,3.054,1025.1549072265625,xgboost_baseline
PEAR_COMICE,WHOLESALE,NL-GE,2026-03-09,2026-03-15,Weekly,,KG,3.054,3.054,935.3255004882812,xgboost_baseline
PEAR_COMICE,WHOLESALE,NL-GE,2026-03-16,2026-03-22,Weekly,,KG,3.054,3.054,906.4276123046875,xgboost_baseline
PEAR_COMICE,WHOLESALE,NL-GE,2026-03-23,2026-03-29,Weekly,,KG,3.054,3.054,900.26171875,xgboost_baseline
PEAR_COMICE,WHOLESALE,NL-GE,2026-03-30,2026-04-05,Weekly,,KG,3.054,3.054,809.0130004882812,xgboost_baseline
PEAR_COMICE,WHOLESALE,NL-GE,2026-04-06,2026-04-12,Weekly,,KG,3.054,3.054,937.576416015625,xgboost_baseline
PEAR_COMICE,WHOLESALE,NL-GE,2026-04-13,2026-04-19,Weekly,,KG,3.054,3.054,942.2730712890625,xgboost_baseline
PEAR_COMICE,WHOLESALE,NL-GE,2026-04-20,2026-04-26,Weekly,,KG,3.054,3.054,936.6593017578125,xgboost_baseline
PEAR_COMICE,WHOLESALE,NL-GE,2026-04-27,2026-05-03,Weekly,,KG,3.054,3.054,924.830810546875,xgboost_baseline
PEAR_COMICE,WHOLESALE,NL-NB,2026-02-02,2026-02-08,Weekly,,KG,3.179,3.179,1030.3179931640625,xgboost_baseline
PEAR_COMICE,WHOLESALE,NL-NB,2026-02-09,2026-02-15,Weekly,,KG,3.179,3.179,1016.1867065429688,xgboost_baseline
PEAR_COMICE,WHOLESALE,NL-NB,2026-02-16,2026-02-22,Weekly,,KG,3.179,3.179,1016.1998901367188,xgboost_baseline
PEAR_COMICE,WHOLESALE,NL-NB,2026-02-23,2026-03-01,Weekly,,KG,3.179,3.179,1017.5947875976562,xgboost_baseline
PEAR_COMICE,WHOLESALE,NL-NB,2026-03-02,2026-03-08,Weekly,,KG,3.179,3.179,1025.1549072265625,xgboost_baseline
PEAR_COMICE,WHOLESALE,NL-NB,2026-03-09,2026-03-15,Weekly,,KG,3.179,3.179,935.3255004882812,xgboost_baseline
PEAR_COMICE,WHOLESALE,NL-NB,2026-03-16,2026-03-22,Weekly,,KG,3.179,3.179,906.4276123046875,xgboost_baseline
PEAR_COMICE,WHOLESALE,NL-NB,2026-03-23,2026-03-29,Weekly,,KG,3.179,3.179,900.26171875,xgboost_baseline
PEAR_COMICE,WHOLESALE,NL-NB,2026-03-30,2026-04-05,Weekly,,KG,3.179,3.179,809.0130004882812,xgboost_baseline
PEAR_COMICE,WHOLESALE,NL-NB,2026-04-06,2026-04-12,Weekly,,KG,3.179,3.179,937.576416015625,xgboost_baseline
PEAR_COMICE,WHOLESALE,NL-NB,2026-04-13,2026-04-19,Weekly,,KG,3.179,3.179,940.7415771484375,xgboost_baseline
PEAR_COMICE,WHOLESALE,NL-NB,2026-04-20,2026-04-26,Weekly,,KG,3.179,3.179,936.669677734375,xgboost_baseline
PEAR_COMICE,WHOLESALE,NL-NB,2026-04-27,2026-05-03,Weekly,,KG,3.179,3.179,924.919189453125,xgboost_baseline
PEAR_COMICE,WHOLESALE,NL-NH,2026-02-02,2026-02-08,Weekly,,KG,3.251,3.251,1030.172607421875,xgboost_baseline
PEAR_COMICE,WHOLESALE,NL-NH,2026-02-09,2026-02-15,Weekly,,KG,3.251,3.251,1016.1867065429688,xgboost_baseline
PEAR_COMICE,WHOLESALE,NL-NH,2026-02-16,2026-02-22,Weekly,,KG,3.251,3.251,1016.1998901367188,xgboost_baseline
PEAR_COMICE,WHOLESALE,NL-NH,2026-02-23,2026-03-01,Weekly,,KG,3.251,3.251,1017.5947875976562,xgboost_baseline
PEAR_COMICE,WHOLESALE,NL-NH,2026-03-02,2026-03-08,Weekly,,KG,3.251,3.251,1025.1549072265625,xgboost_baseline
PEAR_COMICE,WHOLESALE,NL-NH,2026-03-09,2026-03-15,Weekly,,KG,3.251,3.251,935.3255004882812,xgboost_baseline
PEAR_COMICE,WHOLESALE,NL-NH,2026-03-16,2026-03-22,Weekly,,KG,3.251,3.251,906.4276123046875,xgboost_baseline
PEAR_COMICE,WHOLESALE,NL-NH,2026-03-23,2026-03-29,Weekly,,KG,3.251,3.251,900.26171875,xgboost_baseline
PEAR_COMICE,WHOLESALE,NL-NH,2026-03-30,2026-04-05,Weekly,,KG,3.251,3.251,809.0130004882812,xgboost_baseline
PEAR_COMICE,WHOLESALE,NL-NH,2026-04-06,2026-04-12,Weekly,,KG,3.251,3.251,937.576416015625,xgboost_baseline
PEAR_COMICE,WHOLESALE,NL-NH,2026-04-13,2026-04-19,Weekly,,KG,3.251,3.251,940.864501953125,xgboost_baseline
PEAR_COMICE,WHOLESALE,NL-NH,2026-04-20,2026-04-26,Weekly,,KG,3.251,3.251,936.669677734375,xgboost_baseline
PEAR_COMICE,WHOLESALE,NL-NH,2026-04-27,2026-05-03,Weekly,,KG,3.251,3.251,924.92236328125,xgboost_baseline
PEAR_COMICE,WHOLESALE,NL-ZH,2026-02-02,2026-02-08,Weekly,,KG,3.303,3.303,1030.419921875,xgboost_baseline
PEAR_COMICE,WHOLESALE,NL-ZH,2026-02-09,2026-02-15,Weekly,,KG,3.303,3.303,1016.1867065429688,xgboost_baseline
PEAR_COMICE,WHOLESALE,NL-ZH,2026-02-16,2026-02-22,Weekly,,KG,3.303,3.303,1016.1998901367188,xgboost_baseline
PEAR_COMICE,WHOLESALE,NL-ZH,2026-02-23,2026-03-01,Weekly,,KG,3.303,3.303,1016.1998901367188,xgboost_baseline
PEAR_COMICE,WHOLESALE,NL-ZH,2026-03-02,2026-03-08,Weekly,,KG,3.303,3.303,1025.1549072265625,xgboost_baseline
PEAR_COMICE,WHOLESALE,NL-ZH,2026-03-09,2026-03-15,Weekly,,KG,3.303,3.303,935.3255004882812,xgboost_baseline
PEAR_COMICE,WHOLESALE,NL-ZH,2026-03-16,2026-03-22,Weekly,,KG,3.303,3.303,906.3369140625,xgboost_baseline
PEAR_COMICE,WHOLESALE,NL-ZH,2026-03-23,2026-03-29,Weekly,,KG,3.303,3.303,900.26171875,xgboost_baseline
PEAR_COMICE,WHOLESALE,NL-ZH,2026-03-30,2026-04-05,Weekly,,KG,3.303,3.303,809.0130004882812,xgboost_baseline
PEAR_COMICE,WHOLESALE,NL-ZH,2026-04-06,2026-04-12,Weekly,,KG,3.303,3.303,937.576416015625,xgboost_baseline
PEAR_COMICE,WHOLESALE,NL-ZH,2026-04-13,2026-04-19,Weekly,,KG,3.303,3.303,940.5552978515625,xgboost_baseline
PEAR_COMICE,WHOLESALE,NL-ZH,2026-04-20,2026-04-26,Weekly,,KG,3.303,3.303,936.2816162109375,xgboost_baseline
PEAR_COMICE,WHOLESALE,NL-ZH,2026-04-27,2026-05-03,Weekly,,KG,3.303,3.303,923.24462890625,xgboost_baseline
PEAR_CONFERENCE,ONLINE,NL-GE,2026-02-02,2026-02-08,Weekly,,KG,3.115,3.115,854.616943359375,xgboost_baseline
PEAR_CONFERENCE,ONLINE,NL-GE,2026-02-09,2026-02-15,Weekly,,KG,3.115,3.115,883.9376220703125,xgboost_baseline
PEAR_CONFERENCE,ONLINE,NL-GE,2026-02-16,2026-02-22,Weekly,,KG,3.115,3.115,868.7332763671875,xgboost_baseline
PEAR_CONFERENCE,ONLINE,NL-GE,2026-02-23,2026-03-01,Weekly,,KG,3.115,3.115,869.6571044921875,xgboost_baseline
PEAR_CONFERENCE,ONLINE,NL-GE,2026-03-02,2026-03-08,Weekly,,KG,3.115,3.115,885.4304809570312,xgboost_baseline
PEAR_CONFERENCE,ONLINE,NL-GE,2026-03-09,2026-03-15,Weekly,,KG,3.115,3.115,912.87890625,xgboost_baseline
PEAR_CONFERENCE,ONLINE,NL-GE,2026-03-16,2026-03-22,Weekly,,KG,3.115,3.115,944.3779907226562,xgboost_baseline
PEAR_CONFERENCE,ONLINE,NL-GE,2026-03-23,2026-03-29,Weekly,,KG,3.115,3.115,951.6967163085938,xgboost_baseline
PEAR_CONFERENCE,ONLINE,NL-GE,2026-03-30,2026-04-05,Weekly,,KG,3.115,3.115,886.4920043945312,xgboost_baseline
PEAR_CONFERENCE,ONLINE,NL-GE,2026-04-06,2026-04-12,Weekly,,KG,3.115,3.115,865.5626220703125,xgboost_baseline
PEAR_CONFERENCE,ONLINE,NL-GE,2026-04-13,2026-04-19,Weekly,,KG,3.115,3.115,887.5518798828125,xgboost_baseline
PEAR_CONFERENCE,ONLINE,NL-GE,2026-04-20,2026-04-26,Weekly,,KG,3.115,3.115,913.99658203125,xgboost_baseline
PEAR_CONFERENCE,ONLINE,NL-GE,2026-04-27,2026-05-03,Weekly,,KG,3.115,3.115,941.4427490234375,xgboost_baseline
PEAR_CONFERENCE,ONLINE,NL-NB,2026-02-02,2026-02-08,Weekly,,KG,3.155,3.155,850.04638671875,xgboost_baseline
PEAR_CONFERENCE,ONLINE,NL-NB,2026-02-09,2026-02-15,Weekly,,KG,3.155,3.155,943.9115600585938,xgboost_baseline
PEAR_CONFERENCE,ONLINE,NL-NB,2026-02-16,2026-02-22,Weekly,,KG,3.155,3.155,975.1050415039062,xgboost_baseline
PEAR_CONFERENCE,ONLINE,NL-NB,2026-02-23,2026-03-01,Weekly,,KG,3.155,3.155,951.2022094726562,xgboost_baseline
PEAR_CONFERENCE,ONLINE,NL-NB,2026-03-02,2026-03-08,Weekly,,KG,3.155,3.155,865.8662109375,xgboost_baseline
PEAR_CONFERENCE,ONLINE,NL-NB,2026-03-09,2026-03-15,Weekly,,KG,3.155,3.155,886.2457885742188,xgboost_baseline
PEAR_CONFERENCE,ONLINE,NL-NB,2026-03-16,2026-03-22,Weekly,,KG,3.155,3.155,874.7976684570312,xgboost_baseline
PEAR_CONFERENCE,ONLINE,NL-NB,2026-03-23,2026-03-29,Weekly,,KG,3.155,3.155,929.4657592773438,xgboost_baseline
PEAR_CONFERENCE,ONLINE,NL-NB,2026-03-30,2026-04-05,Weekly,,KG,3.155,3.155,958.2023315429688,xgboost_baseline
PEAR_CONFERENCE,ONLINE,NL-NB,2026-04-06,2026-04-12,Weekly,,KG,3.155,3.155,884.6111450195312,xgboost_baseline
PEAR_CONFERENCE,ONLINE,NL-NB,2026-04-13,2026-04-19,Weekly,,KG,3.155,3.155,869.5257568359375,xgboost_baseline
PEAR_CONFERENCE,ONLINE,NL-NB,2026-04-20,2026-04-26,Weekly,,KG,3.155,3.155,873.37646484375,xgboost_baseline
PEAR_CONFERENCE,ONLINE,NL-NB,2026-04-27,2026-05-03,Weekly,,KG,3.155,3.155,924.632080078125,xgboost_baseline
PEAR_CONFERENCE,ONLINE,NL-NH,2026-02-02,2026-02-08,Weekly,,KG,3.26,3.26,823.50830078125,xgboost_baseline
PEAR_CONFERENCE,ONLINE,NL-NH,2026-02-09,2026-02-15,Weekly,,KG,3.26,3.26,837.405517578125,xgboost_baseline
PEAR_CONFERENCE,ONLINE,NL-NH,2026-02-16,2026-02-22,Weekly,,KG,3.26,3.26,818.1824951171875,xgboost_baseline
PEAR_CONFERENCE,ONLINE,NL-NH,2026-02-23,2026-03-01,Weekly,,KG,3.26,3.26,806.60107421875,xgboost_baseline
PEAR_CONFERENCE,ONLINE,NL-NH,2026-03-02,2026-03-08,Weekly,,KG,3.26,3.26,853.4000854492188,xgboost_baseline
PEAR_CONFERENCE,ONLINE,NL-NH,2026-03-09,2026-03-15,Weekly,,KG,3.26,3.26,854.8697509765625,xgboost_baseline
PEAR_CONFERENCE,ONLINE,NL-NH,2026-03-16,2026-03-22,Weekly,,KG,3.26,3.26,853.305908203125,xgboost_baseline
PEAR_CONFERENCE,ONLINE,NL-NH,2026-03-23,2026-03-29,Weekly,,KG,3.26,3.26,886.1082153320312,xgboost_baseline
PEAR_CONFERENCE,ONLINE,NL-NH,2026-03-30,2026-04-05,Weekly,,KG,3.26,3.26,880.0758666992188,xgboost_baseline
PEAR_CONFERENCE,ONLINE,NL-NH,2026-04-06,2026-04-12,Weekly,,KG,3.26,3.26,890.6311645507812,xgboost_baseline
PEAR_CONFERENCE,ONLINE,NL-NH,2026-04-13,2026-04-19,Weekly,,KG,3.26,3.26,875.84716796875,xgboost_baseline
PEAR_CONFERENCE,ONLINE,NL-NH,2026-04-20,2026-04-26,Weekly,,KG,3.26,3.26,916.74951171875,xgboost_baseline
PEAR_CONFERENCE,ONLINE,NL-NH,2026-04-27,2026-05-03,Weekly,,KG,3.26,3.26,944.6202392578125,xgboost_baseline
PEAR_CONFERENCE,ONLINE,NL-ZH,2026-02-02,2026-02-08,Weekly,,KG,3.241,3.241,918.0629272460938,xgboost_baseline
PEAR_CONFERENCE,ONLINE,NL-ZH,2026-02-09,2026-02-15,Weekly,,KG,3.241,3.241,975.2051391601562,xgboost_baseline
PEAR_CONFERENCE,ONLINE,NL-ZH,2026-02-16,2026-02-22,Weekly,,KG,3.241,3.241,953.9878540039062,xgboost_baseline
PEAR_CONFERENCE,ONLINE,NL-ZH,2026-02-23,2026-03-01,Weekly,,KG,3.241,3.241,863.2979125976562,xgboost_baseline
PEAR_CONFERENCE,ONLINE,NL-ZH,2026-03-02,2026-03-08,Weekly,,KG,3.241,3.241,873.6717529296875,xgboost_baseline
PEAR_CONFERENCE,ONLINE,NL-ZH,2026-03-09,2026-03-15,Weekly,,KG,3.241,3.241,878.4508666992188,xgboost_baseline
PEAR_CONFERENCE,ONLINE,NL-ZH,2026-03-16,2026-03-22,Weekly,,KG,3.241,3.241,908.5325927734375,xgboost_baseline
PEAR_CONFERENCE,ONLINE,NL-ZH,2026-03-23,2026-03-29,Weekly,,KG,3.241,3.241,948.7288208007812,xgboost_baseline
PEAR_CONFERENCE,ONLINE,NL-ZH,2026-03-30,2026-04-05,Weekly,,KG,3.241,3.241,953.48828125,xgboost_baseline
PEAR_CONFERENCE,ONLINE,NL-ZH,2026-04-06,2026-04-12,Weekly,,KG,3.241,3.241,882.6590576171875,xgboost_baseline
PEAR_CONFERENCE,ONLINE,NL-ZH,2026-04-13,2026-04-19,Weekly,,KG,3.241,3.241,868.7623291015625,xgboost_baseline
PEAR_CONFERENCE,ONLINE,NL-ZH,2026-04-20,2026-04-26,Weekly,,KG,3.241,3.241,887.982666015625,xgboost_baseline
PEAR_CONFERENCE,ONLINE,NL-ZH,2026-04-27,2026-05-03,Weekly,,KG,3.241,3.241,916.0018310546875,xgboost_baseline
PEAR_CONFERENCE,RETAIL,NL-GE,2026-02-02,2026-02-08,Weekly,,KG,3.007,3.007,1030.419921875,xgboost_baseline
PEAR_CONFERENCE,RETAIL,NL-GE,2026-02-09,2026-02-15,Weekly,,KG,3.007,3.007,1016.1867065429688,xgboost_baseline
PEAR_CONFERENCE,RETAIL,NL-GE,2026-02-16,2026-02-22,Weekly,,KG,3.007,3.007,1016.1998901367188,xgboost_baseline
PEAR_CONFERENCE,RETAIL,NL-GE,2026-02-23,2026-03-01,Weekly,,KG,3.007,3.007,1017.5947875976562,xgboost_baseline
PEAR_CONFERENCE,RETAIL,NL-GE,2026-03-02,2026-03-08,Weekly,,KG,3.007,3.007,1025.1549072265625,xgboost_baseline
PEAR_CONFERENCE,RETAIL,NL-GE,2026-03-09,2026-03-15,Weekly,,KG,3.007,3.007,935.3255004882812,xgboost_baseline
PEAR_CONFERENCE,RETAIL,NL-GE,2026-03-16,2026-03-22,Weekly,,KG,3.007,3.007,906.4276123046875,xgboost_baseline
PEAR_CONFERENCE,RETAIL,NL-GE,2026-03-23,2026-03-29,Weekly,,KG,3.007,3.007,900.26171875,xgboost_baseline
PEAR_CONFERENCE,RETAIL,NL-GE,2026-03-30,2026-04-05,Weekly,,KG,3.007,3.007,809.0130004882812,xgboost_baseline
PEAR_CONFERENCE,RETAIL,NL-GE,2026-04-06,2026-04-12,Weekly,,KG,3.007,3.007,937.576416015625,xgboost_baseline
PEAR_CONFERENCE,RETAIL,NL-GE,2026-04-13,2026-04-19,Weekly,,KG,3.007,3.007,940.7415771484375,xgboost_baseline
PEAR_CONFERENCE,RETAIL,NL-GE,2026-04-20,2026-04-26,Weekly,,KG,3.007,3.007,936.669677734375,xgboost_baseline
PEAR_CONFERENCE,RETAIL,NL-GE,2026-04-27,2026-05-03,Weekly,,KG,3.007,3.007,925.4425048828125,xgboost_baseline
PEAR_CONFERENCE,RETAIL,NL-NB,2026-02-02,2026-02-08,Weekly,,KG,3.104,3.104,1030.419921875,xgboost_baseline
PEAR_CONFERENCE,RETAIL,NL-NB,2026-02-09,2026-02-15,Weekly,,KG,3.104,3.104,1016.1867065429688,xgboost_baseline
PEAR_CONFERENCE,RETAIL,NL-NB,2026-02-16,2026-02-22,Weekly,,KG,3.104,3.104,1016.1998901367188,xgboost_baseline
PEAR_CONFERENCE,RETAIL,NL-NB,2026-02-23,2026-03-01,Weekly,,KG,3.104,3.104,1016.1998901367188,xgboost_baseline
PEAR_CONFERENCE,RETAIL,NL-NB,2026-03-02,2026-03-08,Weekly,,KG,3.104,3.104,1025.1549072265625,xgboost_baseline
PEAR_CONFERENCE,RETAIL,NL-NB,2026-03-09,2026-03-15,Weekly,,KG,3.104,3.104,935.3255004882812,xgboost_baseline
PEAR_CONFERENCE,RETAIL,NL-NB,2026-03-16,2026-03-22,Weekly,,KG,3.104,3.104,906.3369140625,xgboost_baseline
PEAR_CONFERENCE,RETAIL,NL-NB,2026-03-23,2026-03-29,Weekly,,KG,3.104,3.104,900.26171875,xgboost_baseline
PEAR_CONFERENCE,RETAIL,NL-NB,2026-03-30,2026-04-05,Weekly,,KG,3.104,3.104,809.0130004882812,xgboost_baseline
PEAR_CONFERENCE,RETAIL,NL-NB,2026-04-06,2026-04-12,Weekly,,KG,3.104,3.104,937.576416015625,xgboost_baseline
PEAR_CONFERENCE,RETAIL,NL-NB,2026-04-13,2026-04-19,Weekly,,KG,3.104,3.104,940.5552978515625,xgboost_baseline
PEAR_CONFERENCE,RETAIL,NL-NB,2026-04-20,2026-04-26,Weekly,,KG,3.104,3.104,936.38818359375,xgboost_baseline
PEAR_CONFERENCE,RETAIL,NL-NB,2026-04-27,2026-05-03,Weekly,,KG,3.104,3.104,923.24462890625,xgboost_baseline
PEAR_CONFERENCE,RETAIL,NL-NH,2026-02-02,2026-02-08,Weekly,,KG,3.291,3.291,1030.3507080078125,xgboost_baseline
PEAR_CONFERENCE,RETAIL,NL-NH,2026-02-09,2026-02-15,Weekly,,KG,3.291,3.291,1016.1867065429688,xgboost_baseline
PEAR_CONFERENCE,RETAIL,NL-NH,2026-02-16,2026-02-22,Weekly,,KG,3.291,3.291,1016.1998901367188,xgboost_baseline
PEAR_CONFERENCE,RETAIL,NL-NH,2026-02-23,2026-03-01,Weekly,,KG,3.291,3.291,1017.6232299804688,xgboost_baseline
PEAR_CONFERENCE,RETAIL,NL-NH,2026-03-02,2026-03-08,Weekly,,KG,3.291,3.291,1025.1549072265625,xgboost_baseline
PEAR_CONFERENCE,RETAIL,NL-NH,2026-03-09,2026-03-15,Weekly,,KG,3.291,3.291,935.3255004882812,xgboost_baseline
PEAR_CONFERENCE,RETAIL,NL-NH,2026-03-16,2026-03-22,Weekly,,KG,3.291,3.291,906.4276123046875,xgboost_baseline
PEAR_CONFERENCE,RETAIL,NL-NH,2026-03-23,2026-03-29,Weekly,,KG,3.291,3.291,900.26171875,xgboost_baseline
PEAR_CONFERENCE,RETAIL,NL-NH,2026-03-30,2026-04-05,Weekly,,KG,3.291,3.291,809.0130004882812,xgboost_baseline
PEAR_CONFERENCE,RETAIL,NL-NH,2026-04-06,2026-04-12,Weekly,,KG,3.291,3.291,937.576416015625,xgboost_baseline
PEAR_CONFERENCE,RETAIL,NL-NH,2026-04-13,2026-04-19,Weekly,,KG,3.291,3.291,940.5552978515625,xgboost_baseline
PEAR_CONFERENCE,RETAIL,NL-NH,2026-04-20,2026-04-26,Weekly,,KG,3.291,3.291,936.3843994140625,xgboost_baseline
PEAR_CONFERENCE,RETAIL,NL-NH,2026-04-27,2026-05-03,Weekly,,KG,3.291,3.291,923.1812133789062,xgboost_baseline
PEAR_CONFERENCE,RETAIL,NL-ZH,2026-02-02,2026-02-08,Weekly,,KG,3.287,3.287,1030.3179931640625,xgboost_baseline
PEAR_CONFERENCE,RETAIL,NL-ZH,2026-02-09,2026-02-15,Weekly,,KG,3.287,3.287,1016.1867065429688,xgboost_baseline
PEAR_CONFERENCE,RETAIL,NL-ZH,2026-02-16,2026-02-22,Weekly,,KG,3.287,3.287,1016.1998901367188,xgboost_baseline
PEAR_CONFERENCE,RETAIL,NL-ZH,2026-02-23,2026-03-01,Weekly,,KG,3.287,3.287,1016.1998901367188,xgboost_baseline
PEAR_CONFERENCE,RETAIL,NL-ZH,2026-03-02,2026-03-08,Weekly,,KG,3.287,3.287,1025.1549072265625,xgboost_baseline
PEAR_CONFERENCE,RETAIL,NL-ZH,2026-03-09,2026-03-15,Weekly,,KG,3.287,3.287,935.3255004882812,xgboost_baseline
PEAR_CONFERENCE,RETAIL,NL-ZH,2026-03-16,2026-03-22,Weekly,,KG,3.287,3.287,906.3369140625,xgboost_baseline
PEAR_CONFERENCE,RETAIL,NL-ZH,2026-03-23,2026-03-29,Weekly,,KG,3.287,3.287,900.26171875,xgboost_baseline
PEAR_CONFERENCE,RETAIL,NL-ZH,2026-03-30,2026-04-05,Weekly,,KG,3.287,3.287,809.0130004882812,xgboost_baseline
PEAR_CONFERENCE,RETAIL,NL-ZH,2026-04-06,2026-04-12,Weekly,,KG,3.287,3.287,937.576416015625,xgboost_baseline
PEAR_CONFERENCE,RETAIL,NL-ZH,2026-04-13,2026-04-19,Weekly,,KG,3.287,3.287,940.5552978515625,xgboost_baseline
PEAR_CONFERENCE,RETAIL,NL-ZH,2026-04-20,2026-04-26,Weekly,,KG,3.287,3.287,936.2816162109375,xgboost_baseline
PEAR_CONFERENCE,RETAIL,NL-ZH,2026-04-27,2026-05-03,Weekly,,KG,3.287,3.287,923.24462890625,xgboost_baseline
PEAR_CONFERENCE,WHOLESALE,NL-GE,2026-02-02,2026-02-08,Weekly,,KG,3.07,3.07,947.9144897460938,xgboost_baseline
PEAR_CONFERENCE,WHOLESALE,NL-GE,2026-02-09,2026-02-15,Weekly,,KG,3.07,3.07,1013.5188598632812,xgboost_baseline
PEAR_CONFERENCE,WHOLESALE,NL-GE,2026-02-16,2026-02-22,Weekly,,KG,3.07,3.07,1009.0828247070312,xgboost_baseline
PEAR_CONFERENCE,WHOLESALE,NL-GE,2026-02-23,2026-03-01,Weekly,,KG,3.07,3.07,1034.4886474609375,xgboost_baseline
PEAR_CONFERENCE,WHOLESALE,NL-GE,2026-03-02,2026-03-08,Weekly,,KG,3.07,3.07,986.9407348632812,xgboost_baseline
PEAR_CONFERENCE,WHOLESALE,NL-GE,2026-03-09,2026-03-15,Weekly,,KG,3.07,3.07,1023.3807983398438,xgboost_baseline
PEAR_CONFERENCE,WHOLESALE,NL-GE,2026-03-16,2026-03-22,Weekly,,KG,3.07,3.07,1026.185791015625,xgboost_baseline
PEAR_CONFERENCE,WHOLESALE,NL-GE,2026-03-23,2026-03-29,Weekly,,KG,3.07,3.07,1028.5325927734375,xgboost_baseline
PEAR_CONFERENCE,WHOLESALE,NL-GE,2026-03-30,2026-04-05,Weekly,,KG,3.07,3.07,1028.839599609375,xgboost_baseline
PEAR_CONFERENCE,WHOLESALE,NL-GE,2026-04-06,2026-04-12,Weekly,,KG,3.07,3.07,1037.4085693359375,xgboost_baseline
PEAR_CONFERENCE,WHOLESALE,NL-GE,2026-04-13,2026-04-19,Weekly,,KG,3.07,3.07,1029.0423583984375,xgboost_baseline
PEAR_CONFERENCE,WHOLESALE,NL-GE,2026-04-20,2026-04-26,Weekly,,KG,3.07,3.07,1029.22412109375,xgboost_baseline
PEAR_CONFERENCE,WHOLESALE,NL-GE,2026-04-27,2026-05-03,Weekly,,KG,3.07,3.07,1057.3809814453125,xgboost_baseline
PEAR_CONFERENCE,WHOLESALE,NL-NB,2026-02-02,2026-02-08,Weekly,,KG,3.189,3.189,1030.419921875,xgboost_baseline
PEAR_CONFERENCE,WHOLESALE,NL-NB,2026-02-09,2026-02-15,Weekly,,KG,3.189,3.189,1016.1867065429688,xgboost_baseline
PEAR_CONFERENCE,WHOLESALE,NL-NB,2026-02-16,2026-02-22,Weekly,,KG,3.189,3.189,1016.1998901367188,xgboost_baseline
PEAR_CONFERENCE,WHOLESALE,NL-NB,2026-02-23,2026-03-01,Weekly,,KG,3.189,3.189,1045.5340576171875,xgboost_baseline
PEAR_CONFERENCE,WHOLESALE,NL-NB,2026-03-02,2026-03-08,Weekly,,KG,3.189,3.189,1019.0787353515625,xgboost_baseline
PEAR_CONFERENCE,WHOLESALE,NL-NB,2026-03-09,2026-03-15,Weekly,,KG,3.189,3.189,1018.1563110351562,xgboost_baseline
PEAR_CONFERENCE,WHOLESALE,NL-NB,2026-03-16,2026-03-22,Weekly,,KG,3.189,3.189,1014.8206176757812,xgboost_baseline
PEAR_CONFERENCE,WHOLESALE,NL-NB,2026-03-23,2026-03-29,Weekly,,KG,3.189,3.189,1008.6084594726562,xgboost_baseline
PEAR_CONFERENCE,WHOLESALE,NL-NB,2026-03-30,2026-04-05,Weekly,,KG,3.189,3.189,919.2844848632812,xgboost_baseline
PEAR_CONFERENCE,WHOLESALE,NL-NB,2026-04-06,2026-04-12,Weekly,,KG,3.189,3.189,906.365966796875,xgboost_baseline
PEAR_CONFERENCE,WHOLESALE,NL-NB,2026-04-13,2026-04-19,Weekly,,KG,3.189,3.189,876.601806640625,xgboost_baseline
PEAR_CONFERENCE,WHOLESALE,NL-NB,2026-04-20,2026-04-26,Weekly,,KG,3.189,3.189,827.1166381835938,xgboost_baseline
PEAR_CONFERENCE,WHOLESALE,NL-NB,2026-04-27,2026-05-03,Weekly,,KG,3.189,3.189,932.4421997070312,xgboost_baseline
PEAR_CONFERENCE,WHOLESALE,NL-NH,2026-02-02,2026-02-08,Weekly,,KG,3.232,3.232,1030.419921875,xgboost_baseline
PEAR_CONFERENCE,WHOLESALE,NL-NH,2026-02-09,2026-02-15,Weekly,,KG,3.232,3.232,1016.1867065429688,xgboost_baseline
PEAR_CONFERENCE,WHOLESALE,NL-NH,2026-02-16,2026-02-22,Weekly,,KG,3.232,3.232,1016.1998901367188,xgboost_baseline
PEAR_CONFERENCE,WHOLESALE,NL-NH,2026-02-23,2026-03-01,Weekly,,KG,3.232,3.232,1042.2376708984375,xgboost_baseline
PEAR_CONFERENCE,WHOLESALE,NL-NH,2026-03-02,2026-03-08,Weekly,,KG,3.232,3.232,1019.0787353515625,xgboost_baseline
PEAR_CONFERENCE,WHOLESALE,NL-NH,2026-03-09,2026-03-15,Weekly,,KG,3.232,3.232,1018.1563110351562,xgboost_baseline
PEAR_CONFERENCE,WHOLESALE,NL-NH,2026-03-16,2026-03-22,Weekly,,KG,3.232,3.232,1014.8206176757812,xgboost_baseline
PEAR_CONFERENCE,WHOLESALE,NL-NH,2026-03-23,2026-03-29,Weekly,,KG,3.232,3.232,1008.6084594726562,xgboost_baseline
PEAR_CONFERENCE,WHOLESALE,NL-NH,2026-03-30,2026-04-05,Weekly,,KG,3.232,3.232,919.2844848632812,xgboost_baseline
PEAR_CONFERENCE,WHOLESALE,NL-NH,2026-04-06,2026-04-12,Weekly,,KG,3.232,3.232,906.365966796875,xgboost_baseline
PEAR_CONFERENCE,WHOLESALE,NL-NH,2026-04-13,2026-04-19,Weekly,,KG,3.232,3.232,876.601806640625,xgboost_baseline
PEAR_CONFERENCE,WHOLESALE,NL-NH,2026-04-20,2026-04-26,Weekly,,KG,3.232,3.232,827.1166381835938,xgboost_baseline
PEAR_CONFERENCE,WHOLESALE,NL-NH,2026-04-27,2026-05-03,Weekly,,KG,3.232,3.232,932.6802368164062,xgboost_baseline
PEAR_CONFERENCE,WHOLESALE,NL-ZH,2026-02-02,2026-02-08,Weekly,,KG,3.457,3.457,1029.810546875,xgboost_baseline
PEAR_CONFERENCE,WHOLESALE,NL-ZH,2026-02-09,2026-02-15,Weekly,,KG,3.457,3.457,1016.1867065429688,xgboost_baseline
PEAR_CONFERENCE,WHOLESALE,NL-ZH,2026-02-16,2026-02-22,Weekly,,KG,3.457,3.457,1016.1998901367188,xgboost_baseline
PEAR_CONFERENCE,WHOLESALE,NL-ZH,2026-02-23,2026-03-01,Weekly,,KG,3.457,3.457,1017.5812377929688,xgboost_baseline
PEAR_CONFERENCE,WHOLESALE,NL-ZH,2026-03-02,2026-03-08,Weekly,,KG,3.457,3.457,1025.1549072265625,xgboost_baseline
PEAR_CONFERENCE,WHOLESALE,NL-ZH,2026-03-09,2026-03-15,Weekly,,KG,3.457,3.457,935.3255004882812,xgboost_baseline
PEAR_CONFERENCE,WHOLESALE,NL-ZH,2026-03-16,2026-03-22,Weekly,,KG,3.457,3.457,906.4276123046875,xgboost_baseline
PEAR_CONFERENCE,WHOLESALE,NL-ZH,2026-03-23,2026-03-29,Weekly,,KG,3.457,3.457,900.26171875,xgboost_baseline
PEAR_CONFERENCE,WHOLESALE,NL-ZH,2026-03-30,2026-04-05,Weekly,,KG,3.457,3.457,809.0130004882812,xgboost_baseline
PEAR_CONFERENCE,WHOLESALE,NL-ZH,2026-04-06,2026-04-12,Weekly,,KG,3.457,3.457,937.576416015625,xgboost_baseline
PEAR_CONFERENCE,WHOLESALE,NL-ZH,2026-04-13,2026-04-19,Weekly,,KG,3.457,3.457,942.2730712890625,xgboost_baseline
PEAR_CONFERENCE,WHOLESALE,NL-ZH,2026-04-20,2026-04-26,Weekly,,KG,3.457,3.457,936.859619140625,xgboost_baseline
PEAR_CONFERENCE,WHOLESALE,NL-ZH,2026-04-27,2026-05-03,Weekly,,KG,3.457,3.457,925.015625,xgboost_baseline
PEAR_WILLIAMS,ONLINE,NL-GE,2026-02-02,2026-02-08,Weekly,,KG,3.062,3.062,906.2532348632812,xgboost_baseline
PEAR_WILLIAMS,ONLINE,NL-GE,2026-02-09,2026-02-15,Weekly,,KG,3.062,3.062,917.5538940429688,xgboost_baseline
PEAR_WILLIAMS,ONLINE,NL-GE,2026-02-16,2026-02-22,Weekly,,KG,3.062,3.062,913.7081909179688,xgboost_baseline
PEAR_WILLIAMS,ONLINE,NL-GE,2026-02-23,2026-03-01,Weekly,,KG,3.062,3.062,952.6414184570312,xgboost_baseline
PEAR_WILLIAMS,ONLINE,NL-GE,2026-03-02,2026-03-08,Weekly,,KG,3.062,3.062,889.7577514648438,xgboost_baseline
PEAR_WILLIAMS,ONLINE,NL-GE,2026-03-09,2026-03-15,Weekly,,KG,3.062,3.062,876.1070556640625,xgboost_baseline
PEAR_WILLIAMS,ONLINE,NL-GE,2026-03-16,2026-03-22,Weekly,,KG,3.062,3.062,919.623779296875,xgboost_baseline
PEAR_WILLIAMS,ONLINE,NL-GE,2026-03-23,2026-03-29,Weekly,,KG,3.062,3.062,935.7767333984375,xgboost_baseline
PEAR_WILLIAMS,ONLINE,NL-GE,2026-03-30,2026-04-05,Weekly,,KG,3.062,3.062,940.1188354492188,xgboost_baseline
PEAR_WILLIAMS,ONLINE,NL-GE,2026-04-06,2026-04-12,Weekly,,KG,3.062,3.062,882.9071044921875,xgboost_baseline
PEAR_WILLIAMS,ONLINE,NL-GE,2026-04-13,2026-04-19,Weekly,,KG,3.062,3.062,863.8098754882812,xgboost_baseline
PEAR_WILLIAMS,ONLINE,NL-GE,2026-04-20,2026-04-26,Weekly,,KG,3.062,3.062,911.6731567382812,xgboost_baseline
PEAR_WILLIAMS,ONLINE,NL-GE,2026-04-27,2026-05-03,Weekly,,KG,3.062,3.062,929.0103759765625,xgboost_baseline
PEAR_WILLIAMS,ONLINE,NL-NB,2026-02-02,2026-02-08,Weekly,,KG,3.117,3.117,907.2319946289062,xgboost_baseline
PEAR_WILLIAMS,ONLINE,NL-NB,2026-02-09,2026-02-15,Weekly,,KG,3.117,3.117,901.1793212890625,xgboost_baseline
PEAR_WILLIAMS,ONLINE,NL-NB,2026-02-16,2026-02-22,Weekly,,KG,3.117,3.117,916.3073120117188,xgboost_baseline
PEAR_WILLIAMS,ONLINE,NL-NB,2026-02-23,2026-03-01,Weekly,,KG,3.117,3.117,952.7488403320312,xgboost_baseline
PEAR_WILLIAMS,ONLINE,NL-NB,2026-03-02,2026-03-08,Weekly,,KG,3.117,3.117,894.9529418945312,xgboost_baseline
PEAR_WILLIAMS,ONLINE,NL-NB,2026-03-09,2026-03-15,Weekly,,KG,3.117,3.117,876.1417236328125,xgboost_baseline
PEAR_WILLIAMS,ONLINE,NL-NB,2026-03-16,2026-03-22,Weekly,,KG,3.117,3.117,886.9055786132812,xgboost_baseline
PEAR_WILLIAMS,ONLINE,NL-NB,2026-03-23,2026-03-29,Weekly,,KG,3.117,3.117,921.6962890625,xgboost_baseline
PEAR_WILLIAMS,ONLINE,NL-NB,2026-03-30,2026-04-05,Weekly,,KG,3.117,3.117,944.6071166992188,xgboost_baseline
PEAR_WILLIAMS,ONLINE,NL-NB,2026-04-06,2026-04-12,Weekly,,KG,3.117,3.117,938.8657836914062,xgboost_baseline
PEAR_WILLIAMS,ONLINE,NL-NB,2026-04-13,2026-04-19,Weekly,,KG,3.117,3.117,872.1517944335938,xgboost_baseline
PEAR_WILLIAMS,ONLINE,NL-NB,2026-04-20,2026-04-26,Weekly,,KG,3.117,3.117,868.9763793945312,xgboost_baseline
PEAR_WILLIAMS,ONLINE,NL-NB,2026-04-27,2026-05-03,Weekly,,KG,3.117,3.117,909.5787963867188,xgboost_baseline
PEAR_WILLIAMS,ONLINE,NL-NH,2026-02-02,2026-02-08,Weekly,,KG,3.109,3.109,918.7886352539062,xgboost_baseline
PEAR_WILLIAMS,ONLINE,NL-NH,2026-02-09,2026-02-15,Weekly,,KG,3.109,3.109,916.287841796875,xgboost_baseline
PEAR_WILLIAMS,ONLINE,NL-NH,2026-02-16,2026-02-22,Weekly,,KG,3.109,3.109,916.8246459960938,xgboost_baseline
PEAR_WILLIAMS,ONLINE,NL-NH,2026-02-23,2026-03-01,Weekly,,KG,3.109,3.109,951.8190307617188,xgboost_baseline
PEAR_WILLIAMS,ONLINE,NL-NH,2026-03-02,2026-03-08,Weekly,,KG,3.109,3.109,892.2830810546875,xgboost_baseline
PEAR_WILLIAMS,ONLINE,NL-NH,2026-03-09,2026-03-15,Weekly,,KG,3.109,3.109,872.9494018554688,xgboost_baseline
PEAR_WILLIAMS,ONLINE,NL-NH,2026-03-16,2026-03-22,Weekly,,KG,3.109,3.109,923.36767578125,xgboost_baseline
PEAR_WILLIAMS,ONLINE,NL-NH,2026-03-23,2026-03-29,Weekly,,KG,3.109,3.109,906.405029296875,xgboost_baseline
PEAR_WILLIAMS,ONLINE,NL-NH,2026-03-30,2026-04-05,Weekly,,KG,3.109,3.109,938.6882934570312,xgboost_baseline
PEAR_WILLIAMS,ONLINE,NL-NH,2026-04-06,2026-04-12,Weekly,,KG,3.109,3.109,897.23291015625,xgboost_baseline
PEAR_WILLIAMS,ONLINE,NL-NH,2026-04-13,2026-04-19,Weekly,,KG,3.109,3.109,852.9191284179688,xgboost_baseline
PEAR_WILLIAMS,ONLINE,NL-NH,2026-04-20,2026-04-26,Weekly,,KG,3.109,3.109,902.427001953125,xgboost_baseline
PEAR_WILLIAMS,ONLINE,NL-NH,2026-04-27,2026-05-03,Weekly,,KG,3.109,3.109,931.4639892578125,xgboost_baseline
PEAR_WILLIAMS,ONLINE,NL-ZH,2026-02-02,2026-02-08,Weekly,,KG,3.442,3.442,923.9197387695312,xgboost_baseline
PEAR_WILLIAMS,ONLINE,NL-ZH,2026-02-09,2026-02-15,Weekly,,KG,3.442,3.442,921.9689331054688,xgboost_baseline
PEAR_WILLIAMS,ONLINE,NL-ZH,2026-02-16,2026-02-22,Weekly,,KG,3.442,3.442,952.6273193359375,xgboost_baseline
PEAR_WILLIAMS,ONLINE,NL-ZH,2026-02-23,2026-03-01,Weekly,,KG,3.442,3.442,958.6099853515625,xgboost_baseline
PEAR_WILLIAMS,ONLINE,NL-ZH,2026-03-02,2026-03-08,Weekly,,KG,3.442,3.442,895.7919921875,xgboost_baseline
PEAR_WILLIAMS,ONLINE,NL-ZH,2026-03-09,2026-03-15,Weekly,,KG,3.442,3.442,877.9859008789062,xgboost_baseline
PEAR_WILLIAMS,ONLINE,NL-ZH,2026-03-16,2026-03-22,Weekly,,KG,3.442,3.442,882.94287109375,xgboost_baseline
PEAR_WILLIAMS,ONLINE,NL-ZH,2026-03-23,2026-03-29,Weekly,,KG,3.442,3.442,922.9733276367188,xgboost_baseline
PEAR_WILLIAMS,ONLINE,NL-ZH,2026-03-30,2026-04-05,Weekly,,KG,3.442,3.442,948.5036010742188,xgboost_baseline
PEAR_WILLIAMS,ONLINE,NL-ZH,2026-04-06,2026-04-12,Weekly,,KG,3.442,3.442,933.4884643554688,xgboost_baseline
PEAR_WILLIAMS,ONLINE,NL-ZH,2026-04-13,2026-04-19,Weekly,,KG,3.442,3.442,876.5684204101562,xgboost_baseline
PEAR_WILLIAMS,ONLINE,NL-ZH,2026-04-20,2026-04-26,Weekly,,KG,3.442,3.442,868.9976806640625,xgboost_baseline
PEAR_WILLIAMS,ONLINE,NL-ZH,2026-04-27,2026-05-03,Weekly,,KG,3.442,3.442,908.7874755859375,xgboost_baseline
PEAR_WILLIAMS,RETAIL,NL-GE,2026-02-02,2026-02-08,Weekly,,KG,3.091,3.091,1030.3651123046875,xgboost_baseline
PEAR_WILLIAMS,RETAIL,NL-GE,2026-02-09,2026-02-15,Weekly,,KG,3.091,3.091,1016.1867065429688,xgboost_baseline
PEAR_WILLIAMS,RETAIL,NL-GE,2026-02-16,2026-02-22,Weekly,,KG,3.091,3.091,1017.6232299804688,xgboost_baseline
PEAR_WILLIAMS,RETAIL,NL-GE,2026-02-23,2026-03-01,Weekly,,KG,3.091,3.091,1045.1639404296875,xgboost_baseline
PEAR_WILLIAMS,RETAIL,NL-GE,2026-03-02,2026-03-08,Weekly,,KG,3.091,3.091,1019.0787353515625,xgboost_baseline
PEAR_WILLIAMS,RETAIL,NL-GE,2026-03-09,2026-03-15,Weekly,,KG,3.091,3.091,1018.1563110351562,xgboost_baseline
PEAR_WILLIAMS,RETAIL,NL-GE,2026-03-16,2026-03-22,Weekly,,KG,3.091,3.091,1014.8206176757812,xgboost_baseline
PEAR_WILLIAMS,RETAIL,NL-GE,2026-03-23,2026-03-29,Weekly,,KG,3.091,3.091,1008.6084594726562,xgboost_baseline
PEAR_WILLIAMS,RETAIL,NL-GE,2026-03-30,2026-04-05,Weekly,,KG,3.091,3.091,919.2844848632812,xgboost_baseline
PEAR_WILLIAMS,RETAIL,NL-GE,2026-04-06,2026-04-12,Weekly,,KG,3.091,3.091,908.7255859375,xgboost_baseline
PEAR_WILLIAMS,RETAIL,NL-GE,2026-04-13,2026-04-19,Weekly,,KG,3.091,3.091,880.100830078125,xgboost_baseline
PEAR_WILLIAMS,RETAIL,NL-GE,2026-04-20,2026-04-26,Weekly,,KG,3.091,3.091,821.3577270507812,xgboost_baseline
PEAR_WILLIAMS,RETAIL,NL-GE,2026-04-27,2026-05-03,Weekly,,KG,3.091,3.091,950.3441772460938,xgboost_baseline
PEAR_WILLIAMS,RETAIL,NL-NB,2026-02-02,2026-02-08,Weekly,,KG,3.148,3.148,1030.1820068359375,xgboost_baseline
PEAR_WILLIAMS,RETAIL,NL-NB,2026-02-09,2026-02-15,Weekly,,KG,3.148,3.148,1016.1867065429688,xgboost_baseline
PEAR_WILLIAMS,RETAIL,NL-NB,2026-02-16,2026-02-22,Weekly,,KG,3.148,3.148,1016.1998901367188,xgboost_baseline
PEAR_WILLIAMS,RETAIL,NL-NB,2026-02-23,2026-03-01,Weekly,,KG,3.148,3.148,1017.4092407226562,xgboost_baseline
PEAR_WILLIAMS,RETAIL,NL-NB,2026-03-02,2026-03-08,Weekly,,KG,3.148,3.148,1025.1549072265625,xgboost_baseline
PEAR_WILLIAMS,RETAIL,NL-NB,2026-03-09,2026-03-15,Weekly,,KG,3.148,3.148,935.3255004882812,xgboost_baseline
PEAR_WILLIAMS,RETAIL,NL-NB,2026-03-16,2026-03-22,Weekly,,KG,3.148,3.148,906.4276123046875,xgboost_baseline
PEAR_WILLIAMS,RETAIL,NL-NB,2026-03-23,2026-03-29,Weekly,,KG,3.148,3.148,900.26171875,xgboost_baseline
PEAR_WILLIAMS,RETAIL,NL-NB,2026-03-30,2026-04-05,Weekly,,KG,3.148,3.148,809.0130004882812,xgboost_baseline
PEAR_WILLIAMS,RETAIL,NL-NB,2026-04-06,2026-04-12,Weekly,,KG,3.148,3.148,938.2781982421875,xgboost_baseline
PEAR_WILLIAMS,RETAIL,NL-NB,2026-04-13,2026-04-19,Weekly,,KG,3.148,3.148,942.2730712890625,xgboost_baseline
PEAR_WILLIAMS,RETAIL,NL-NB,2026-04-20,2026-04-26,Weekly,,KG,3.148,3.148,936.6593017578125,xgboost_baseline
PEAR_WILLIAMS,RETAIL,NL-NB,2026-04-27,2026-05-03,Weekly,,KG,3.148,3.148,925.10400390625,xgboost_baseline
PEAR_WILLIAMS,RETAIL,NL-NH,2026-02-02,2026-02-08,Weekly,,KG,3.307,3.307,1030.3507080078125,xgboost_baseline
PEAR_WILLIAMS,RETAIL,NL-NH,2026-02-09,2026-02-15,Weekly,,KG,3.307,3.307,1016.1867065429688,xgboost_baseline
PEAR_WILLIAMS,RETAIL,NL-NH,2026-02-16,2026-02-22,Weekly,,KG,3.307,3.307,1016.1998901367188,xgboost_baseline
PEAR_WILLIAMS,RETAIL,NL-NH,2026-02-23,2026-03-01,Weekly,,KG,3.307,3.307,1045.1641845703125,xgboost_baseline
PEAR_WILLIAMS,RETAIL,NL-NH,2026-03-02,2026-03-08,Weekly,,KG,3.307,3.307,1019.0787353515625,xgboost_baseline
PEAR_WILLIAMS,RETAIL,NL-NH,2026-03-09,2026-03-15,Weekly,,KG,3.307,3.307,1018.1563110351562,xgboost_baseline
PEAR_WILLIAMS,RETAIL,NL-NH,2026-03-16,2026-03-22,Weekly,,KG,3.307,3.307,1014.8206176757812,xgboost_baseline
PEAR_WILLIAMS,RETAIL,NL-NH,2026-03-23,2026-03-29,Weekly,,KG,3.307,3.307,1008.6084594726562,xgboost_baseline
PEAR_WILLIAMS,RETAIL,NL-NH,2026-03-30,2026-04-05,Weekly,,KG,3.307,3.307,919.2844848632812,xgboost_baseline
PEAR_WILLIAMS,RETAIL,NL-NH,2026-04-06,2026-04-12,Weekly,,KG,3.307,3.307,906.365966796875,xgboost_baseline
PEAR_WILLIAMS,RETAIL,NL-NH,2026-04-13,2026-04-19,Weekly,,KG,3.307,3.307,876.601806640625,xgboost_baseline
PEAR_WILLIAMS,RETAIL,NL-NH,2026-04-20,2026-04-26,Weekly,,KG,3.307,3.307,827.1166381835938,xgboost_baseline
PEAR_WILLIAMS,RETAIL,NL-NH,2026-04-27,2026-05-03,Weekly,,KG,3.307,3.307,926.7955932617188,xgboost_baseline
PEAR_WILLIAMS,RETAIL,NL-ZH,2026-02-02,2026-02-08,Weekly,,KG,3.43,3.43,1030.169677734375,xgboost_baseline
PEAR_WILLIAMS,RETAIL,NL-ZH,2026-02-09,2026-02-15,Weekly,,KG,3.43,3.43,1016.1867065429688,xgboost_baseline
PEAR_WILLIAMS,RETAIL,NL-ZH,2026-02-16,2026-02-22,Weekly,,KG,3.43,3.43,1016.1998901367188,xgboost_baseline
PEAR_WILLIAMS,RETAIL,NL-ZH,2026-02-23,2026-03-01,Weekly,,KG,3.43,3.43,1017.5812377929688,xgboost_baseline
PEAR_WILLIAMS,RETAIL,NL-ZH,2026-03-02,2026-03-08,Weekly,,KG,3.43,3.43,1025.1549072265625,xgboost_baseline
PEAR_WILLIAMS,RETAIL,NL-ZH,2026-03-09,2026-03-15,Weekly,,KG,3.43,3.43,935.3255004882812,xgboost_baseline
PEAR_WILLIAMS,RETAIL,NL-ZH,2026-03-16,2026-03-22,Weekly,,KG,3.43,3.43,906.4276123046875,xgboost_baseline
PEAR_WILLIAMS,RETAIL,NL-ZH,2026-03-23,2026-03-29,Weekly,,KG,3.43,3.43,900.26171875,xgboost_baseline
PEAR_WILLIAMS,RETAIL,NL-ZH,2026-03-30,2026-04-05,Weekly,,KG,3.43,3.43,809.0130004882812,xgboost_baseline
PEAR_WILLIAMS,RETAIL,NL-ZH,2026-04-06,2026-04-12,Weekly,,KG,3.43,3.43,937.576416015625,xgboost_baseline
PEAR_WILLIAMS,RETAIL,NL-ZH,2026-04-13,2026-04-19,Weekly,,KG,3.43,3.43,942.2730712890625,xgboost_baseline
PEAR_WILLIAMS,RETAIL,NL-ZH,2026-04-20,2026-04-26,Weekly,,KG,3.43,3.43,936.6593017578125,xgboost_baseline
PEAR_WILLIAMS,RETAIL,NL-ZH,2026-04-27,2026-05-03,Weekly,,KG,3.43,3.43,924.830810546875,xgboost_baseline
PEAR_WILLIAMS,WHOLESALE,NL-GE,2026-02-02,2026-02-08,Weekly,,KG,3.079,3.079,995.4403686523438,xgboost_baseline
PEAR_WILLIAMS,WHOLESALE,NL-GE,2026-02-09,2026-02-15,Weekly,,KG,3.079,3.079,1010.3699951171875,xgboost_baseline
PEAR_WILLIAMS,WHOLESALE,NL-GE,2026-02-16,2026-02-22,Weekly,,KG,3.079,3.079,1036.4864501953125,xgboost_baseline
PEAR_WILLIAMS,WHOLESALE,NL-GE,2026-02-23,2026-03-01,Weekly,,KG,3.079,3.079,1042.7984619140625,xgboost_baseline
PEAR_WILLIAMS,WHOLESALE,NL-GE,2026-03-02,2026-03-08,Weekly,,KG,3.079,3.079,1039.4361572265625,xgboost_baseline
PEAR_WILLIAMS,WHOLESALE,NL-GE,2026-03-09,2026-03-15,Weekly,,KG,3.079,3.079,1020.4435424804688,xgboost_baseline
PEAR_WILLIAMS,WHOLESALE,NL-GE,2026-03-16,2026-03-22,Weekly,,KG,3.079,3.079,1033.6739501953125,xgboost_baseline
PEAR_WILLIAMS,WHOLESALE,NL-GE,2026-03-23,2026-03-29,Weekly,,KG,3.079,3.079,1071.629638671875,xgboost_baseline
PEAR_WILLIAMS,WHOLESALE,NL-GE,2026-03-30,2026-04-05,Weekly,,KG,3.079,3.079,1094.8963623046875,xgboost_baseline
PEAR_WILLIAMS,WHOLESALE,NL-GE,2026-04-06,2026-04-12,Weekly,,KG,3.079,3.079,1096.877685546875,xgboost_baseline
PEAR_WILLIAMS,WHOLESALE,NL-GE,2026-04-13,2026-04-19,Weekly,,KG,3.079,3.079,1082.76513671875,xgboost_baseline
PEAR_WILLIAMS,WHOLESALE,NL-GE,2026-04-20,2026-04-26,Weekly,,KG,3.079,3.079,1017.9487915039062,xgboost_baseline
PEAR_WILLIAMS,WHOLESALE,NL-GE,2026-04-27,2026-05-03,Weekly,,KG,3.079,3.079,1018.6799926757812,xgboost_baseline
PEAR_WILLIAMS,WHOLESALE,NL-NB,2026-02-02,2026-02-08,Weekly,,KG,3.133,3.133,983.8430786132812,xgboost_baseline
PEAR_WILLIAMS,WHOLESALE,NL-NB,2026-02-09,2026-02-15,Weekly,,KG,3.133,3.133,1013.5780639648438,xgboost_baseline
PEAR_WILLIAMS,WHOLESALE,NL-NB,2026-02-16,2026-02-22,Weekly,,KG,3.133,3.133,1008.8638305664062,xgboost_baseline
PEAR_WILLIAMS,WHOLESALE,NL-NB,2026-02-23,2026-03-01,Weekly,,KG,3.133,3.133,1026.49072265625,xgboost_baseline
PEAR_WILLIAMS,WHOLESALE,NL-NB,2026-03-02,2026-03-08,Weekly,,KG,3.133,3.133,1018.7542114257812,xgboost_baseline
PEAR_WILLIAMS,WHOLESALE,NL-NB,2026-03-09,2026-03-15,Weekly,,KG,3.133,3.133,1015.1116333007812,xgboost_baseline
PEAR_WILLIAMS,WHOLESALE,NL-NB,2026-03-16,2026-03-22,Weekly,,KG,3.133,3.133,1011.7820434570312,xgboost_baseline
PEAR_WILLIAMS,WHOLESALE,NL-NB,2026-03-23,2026-03-29,Weekly,,KG,3.133,3.133,1016.7914428710938,xgboost_baseline
PEAR_WILLIAMS,WHOLESALE,NL-NB,2026-03-30,2026-04-05,Weekly,,KG,3.133,3.133,951.8837280273438,xgboost_baseline
PEAR_WILLIAMS,WHOLESALE,NL-NB,2026-04-06,2026-04-12,Weekly,,KG,3.133,3.133,896.0361938476562,xgboost_baseline
PEAR_WILLIAMS,WHOLESALE,NL-NB,2026-04-13,2026-04-19,Weekly,,KG,3.133,3.133,891.3353271484375,xgboost_baseline
PEAR_WILLIAMS,WHOLESALE,NL-NB,2026-04-20,2026-04-26,Weekly,,KG,3.133,3.133,806.5679321289062,xgboost_baseline
PEAR_WILLIAMS,WHOLESALE,NL-NB,2026-04-27,2026-05-03,Weekly,,KG,3.133,3.133,952.4151000976562,xgboost_baseline
PEAR_WILLIAMS,WHOLESALE,NL-NH,2026-02-02,2026-02-08,Weekly,,KG,3.16,3.16,956.721435546875,xgboost_baseline
PEAR_WILLIAMS,WHOLESALE,NL-NH,2026-02-09,2026-02-15,Weekly,,KG,3.16,3.16,1014.9230346679688,xgboost_baseline
PEAR_WILLIAMS,WHOLESALE,NL-NH,2026-02-16,2026-02-22,Weekly,,KG,3.16,3.16,1007.3759155273438,xgboost_baseline
PEAR_WILLIAMS,WHOLESALE,NL-NH,2026-02-23,2026-03-01,Weekly,,KG,3.16,3.16,1033.347900390625,xgboost_baseline
PEAR_WILLIAMS,WHOLESALE,NL-NH,2026-03-02,2026-03-08,Weekly,,KG,3.16,3.16,986.0637817382812,xgboost_baseline
PEAR_WILLIAMS,WHOLESALE,NL-NH,2026-03-09,2026-03-15,Weekly,,KG,3.16,3.16,1023.3807983398438,xgboost_baseline
PEAR_WILLIAMS,WHOLESALE,NL-NH,2026-03-16,2026-03-22,Weekly,,KG,3.16,3.16,1026.135009765625,xgboost_baseline
PEAR_WILLIAMS,WHOLESALE,NL-NH,2026-03-23,2026-03-29,Weekly,,KG,3.16,3.16,1054.76220703125,xgboost_baseline
PEAR_WILLIAMS,WHOLESALE,NL-NH,2026-03-30,2026-04-05,Weekly,,KG,3.16,3.16,1082.5667724609375,xgboost_baseline
PEAR_WILLIAMS,WHOLESALE,NL-NH,2026-04-06,2026-04-12,Weekly,,KG,3.16,3.16,1087.32080078125,xgboost_baseline
PEAR_WILLIAMS,WHOLESALE,NL-NH,2026-04-13,2026-04-19,Weekly,,KG,3.16,3.16,1075.28759765625,xgboost_baseline
PEAR_WILLIAMS,WHOLESALE,NL-NH,2026-04-20,2026-04-26,Weekly,,KG,3.16,3.16,1053.5670166015625,xgboost_baseline
PEAR_WILLIAMS,WHOLESALE,NL-NH,2026-04-27,2026-05-03,Weekly,,KG,3.16,3.16,1023.9735717773438,xgboost_baseline
PEAR_WILLIAMS,WHOLESALE,NL-ZH,2026-02-02,2026-02-08,Weekly,,KG,3.281,3.281,947.78955078125,xgboost_baseline
PEAR_WILLIAMS,WHOLESALE,NL-ZH,2026-02-09,2026-02-15,Weekly,,KG,3.281,3.281,1013.5188598632812,xgboost_baseline
PEAR_WILLIAMS,WHOLESALE,NL-ZH,2026-02-16,2026-02-22,Weekly,,KG,3.281,3.281,1009.0828247070312,xgboost_baseline
PEAR_WILLIAMS,WHOLESALE,NL-ZH,2026-02-23,2026-03-01,Weekly,,KG,3.281,3.281,1031.888427734375,xgboost_baseline
PEAR_WILLIAMS,WHOLESALE,NL-ZH,2026-03-02,2026-03-08,Weekly,,KG,3.281,3.281,986.9407348632812,xgboost_baseline
PEAR_WILLIAMS,WHOLESALE,NL-ZH,2026-03-09,2026-03-15,Weekly,,KG,3.281,3.281,1006.4765014648438,xgboost_baseline
PEAR_WILLIAMS,WHOLESALE,NL-ZH,2026-03-16,2026-03-22,Weekly,,KG,3.281,3.281,997.2764282226562,xgboost_baseline
PEAR_WILLIAMS,WHOLESALE,NL-ZH,2026-03-23,2026-03-29,Weekly,,KG,3.281,3.281,1017.0264282226562,xgboost_baseline
PEAR_WILLIAMS,WHOLESALE,NL-ZH,2026-03-30,2026-04-05,Weekly,,KG,3.281,3.281,896.0346069335938,xgboost_baseline
PEAR_WILLIAMS,WHOLESALE,NL-ZH,2026-04-06,2026-04-12,Weekly,,KG,3.281,3.281,908.1621704101562,xgboost_baseline
PEAR_WILLIAMS,WHOLESALE,NL-ZH,2026-04-13,2026-04-19,Weekly,,KG,3.281,3.281,802.0570068359375,xgboost_baseline
PEAR_WILLIAMS,WHOLESALE,NL-ZH,2026-04-20,2026-04-26,Weekly,,KG,3.281,3.281,934.4957275390625,xgboost_baseline
PEAR_WILLIAMS,WHOLESALE,NL-ZH,2026-04-27,2026-05-03,Weekly,,KG,3.281,3.281,983.682861328125,xgboost_baseline
