ProductID,ChannelID,LocationID,StartDate,EndDate,Period,Qty,UOM,NetPrice,ListPrice,ForecastQty,Method
APPLE_ELSTAR,AH,NL-GE,2026-02-01,2026-02-28,Monthly,,KG,2.3267200000000003,2.644,2958.50927734375,xgboost_baseline
APPLE_ELSTAR,AH,NL-GE,2026-03-01,2026-03-31,Monthly,,KG,2.644,2.644,3026.23486328125,xgboost_baseline
APPLE_ELSTAR,AH,NL-GE,2026-04-01,2026-04-30,Monthly,,KG,2.644,2.644,2913.518798828125,xgboost_baseline
APPLE_ELSTAR,AH,NL-GE,2026-05-01,2026-05-31,Monthly,,KG,2.644,2.644,2766.833251953125,xgboost_baseline
APPLE_ELSTAR,AH,NL-GE,2026-06-01,2026-06-30,Monthly,,KG,2.644,2.644,2639.04052734375,xgboost_baseline
APPLE_ELSTAR,AH,NL-GE,2026-07-01,2026-07-31,Monthly,,KG,2.644,2.644,2676.565185546875,xgboost_baseline
APPLE_ELSTAR,AH,NL-GE,2026-08-01,2026-08-31,Monthly,,KG,2.644,2.644,2978.69775390625,xgboost_baseline
APPLE_ELSTAR,AH,NL-GE,2026-09-01,2026-09-30,Monthly,,KG,2.644,2.644,3042.18408203125,xgboost_baseline
APPLE_ELSTAR,AH,NL-GE,2026-10-01,2026-10-31,Monthly,,KG,2.644,2.644,3113.8154296875,xgboost_baseline
APPLE_ELSTAR,AH,NL-GE,2026-11-01,2026-11-30,Monthly,,KG,2.644,2.644,3074.452880859375,xgboost_baseline
APPLE_ELSTAR,AH,NL-GE,2026-12-01,2026-12-31,Monthly,,KG,2.644,2.644,3073.2529296875,xgboost_baseline
APPLE_ELSTAR,AH,NL-GE,2027-01-01,2027-01-31,Monthly,,KG,2.644,2.644,3041.09814453125,xgboost_baseline
APPLE_ELSTAR,AH,NL-NB,2026-02-01,2026-02-28,Monthly,,KG,2.62,2.62,3060.180419921875,xgboost_baseline
APPLE_ELSTAR,AH,NL-NB,2026-03-01,2026-03-31,Monthly,,KG,2.62,2.62,2848.75634765625,xgboost_baseline
APPLE_ELSTAR,AH,NL-NB,2026-04-01,2026-04-30,Monthly,,KG,2.62,2.62,2966.515625,xgboost_baseline
APPLE_ELSTAR,AH,NL-NB,2026-05-01,2026-05-31,Monthly,,KG,2.62,2.62,2837.564453125,xgboost_baseline
APPLE_ELSTAR,AH,NL-NB,2026-06-01,2026-06-30,Monthly,,KG,2.62,2.62,2692.52734375,xgboost_baseline
APPLE_ELSTAR,AH,NL-NB,2026-07-01,2026-07-31,Monthly,,KG,2.62,2.62,2804.17724609375,xgboost_baseline
APPLE_ELSTAR,AH,NL-NB,2026-08-01,2026-08-31,Monthly,,KG,2.62,2.62,2860.26123046875,xgboost_baseline
APPLE_ELSTAR,AH,NL-NB,2026-09-01,2026-09-30,Monthly,,KG,2.62,2.62,3009.77734375,xgboost_baseline
APPLE_ELSTAR,AH,NL-NB,2026-10-01,2026-10-31,Monthly,,KG,2.3056,2.62,2988.54150390625,xgboost_baseline
APPLE_ELSTAR,AH,NL-NB,2026-11-01,2026-11-30,Monthly,,KG,2.3056,2.62,2951.74755859375,xgboost_baseline
APPLE_ELSTAR,AH,NL-NB,2026-12-01,2026-12-31,Monthly,,KG,2.62,2.62,3072.278564453125,xgboost_baseline
APPLE_ELSTAR,AH,NL-NB,2027-01-01,2027-01-31,Monthly,,KG,2.62,2.62,3052.230712890625,xgboost_baseline
APPLE_ELSTAR,AH,NL-NH,2026-02-01,2026-02-28,Monthly,,KG,2.758,2.758,2945.001953125,xgboost_baseline
APPLE_ELSTAR,AH,NL-NH,2026-03-01,2026-03-31,Monthly,,KG,2.758,2.758,2833.76708984375,xgboost_baseline
APPLE_ELSTAR,AH,NL-NH,2026-04-01,2026-04-30,Monthly,,KG,2.758,2.758,2912.492919921875,xgboost_baseline
APPLE_ELSTAR,AH,NL-NH,2026-05-01,2026-05-31,Monthly,,KG,2.758,2.758,2801.3173828125,xgboost_baseline
APPLE_ELSTAR,AH,NL-NH,2026-06-01,2026-06-30,Monthly,,KG,2.758,2.758,2726.6611328125,xgboost_baseline
APPLE_ELSTAR,AH,NL-NH,2026-07-01,2026-07-31,Monthly,,KG,2.758,2.758,2773.2431640625,xgboost_baseline
APPLE_ELSTAR,AH,NL-NH,2026-08-01,2026-08-31,Monthly,,KG,2.758,2.758,2986.78515625,xgboost_baseline
APPLE_ELSTAR,AH,NL-NH,2026-09-01,2026-09-30,Monthly,,KG,2.758,2.758,3087.4482421875,xgboost_baseline
APPLE_ELSTAR,AH,NL-NH,2026-10-01,2026-10-31,Monthly,,KG,2.758,2.758,3107.8046875,xgboost_baseline
APPLE_ELSTAR,AH,NL-NH,2026-11-01,2026-11-30,Monthly,,KG,2.758,2.758,3046.600341796875,xgboost_baseline
APPLE_ELSTAR,AH,NL-NH,2026-12-01,2026-12-31,Monthly,,KG,2.758,2.758,3043.793701171875,xgboost_baseline
APPLE_ELSTAR,AH,NL-NH,2027-01-01,2027-01-31,Monthly,,KG,2.758,2.758,3024.19189453125,xgboost_baseline
APPLE_ELSTAR,AH,NL-ZH,2026-02-01,2026-02-28,Monthly,,KG,2.783,2.783,2908.877685546875,xgboost_baseline
APPLE_ELSTAR,AH,NL-ZH,2026-03-01,2026-03-31,Monthly,,KG,2.783,2.783,2791.54638671875,xgboost_baseline
APPLE_ELSTAR,AH,NL-ZH,2026-04-01,2026-04-30,Monthly,,KG,2.783,2.783,2656.96484375,xgboost_baseline
APPLE_ELSTAR,AH,NL-ZH,2026-05-01,2026-05-31,Monthly,,KG,2.783,2.783,2760.08203125,xgboost_baseline
APPLE_ELSTAR,AH,NL-ZH,2026-06-01,2026-06-30,Monthly,,KG,2.783,2.783,2754.30029296875,xgboost_baseline
APPLE_ELSTAR,AH,NL-ZH,2026-07-01,2026-07-31,Monthly,,KG,2.783,2.783,2749.23681640625,xgboost_baseline
APPLE_ELSTAR,AH,NL-ZH,2026-08-01,2026-08-31,Monthly,,KG,2.783,2.783,2981.41796875,xgboost_baseline
APPLE_ELSTAR,AH,NL-ZH,2026-09-01,2026-09-30,Monthly,,KG,2.783,2.783,3172.736572265625,xgboost_baseline
APPLE_ELSTAR,AH,NL-ZH,2026-10-01,2026-10-31,Monthly,,KG,2.783,2.783,3179.673828125,xgboost_baseline
APPLE_ELSTAR,AH,NL-ZH,2026-11-01,2026-11-30,Monthly,,KG,2.783,2.783,3212.1015625,xgboost_baseline
APPLE_ELSTAR,AH,NL-ZH,2026-12-01,2026-12-31,Monthly,,KG,2.783,2.783,3055.823486328125,xgboost_baseline
APPLE_ELSTAR,AH,NL-ZH,2027-01-01,2027-01-31,Monthly,,KG,2.783,2.783,3020.265869140625,xgboost_baseline
APPLE_ELSTAR,FLINK,NL-GE,2026-02-01,2026-02-28,Monthly,,KG,2.543,2.543,2588.771728515625,xgboost_baseline
APPLE_ELSTAR,FLINK,NL-GE,2026-03-01,2026-03-31,Monthly,,KG,2.543,2.543,2558.19091796875,xgboost_baseline
APPLE_ELSTAR,FLINK,NL-GE,2026-04-01,2026-04-30,Monthly,,KG,2.543,2.543,2558.07861328125,xgboost_baseline
APPLE_ELSTAR,FLINK,NL-GE,2026-05-01,2026-05-31,Monthly,,KG,2.543,2.543,2598.880859375,xgboost_baseline
APPLE_ELSTAR,FLINK,NL-GE,2026-06-01,2026-06-30,Monthly,,KG,2.543,2.543,2598.880859375,xgboost_baseline
APPLE_ELSTAR,FLINK,NL-GE,2026-07-01,2026-07-31,Monthly,,KG,2.543,2.543,2598.880859375,xgboost_baseline
APPLE_ELSTAR,FLINK,NL-GE,2026-08-01,2026-08-31,Monthly,,KG,2.543,2.543,2596.931640625,xgboost_baseline
APPLE_ELSTAR,FLINK,NL-GE,2026-09-01,2026-09-30,Monthly,,KG,2.543,2.543,2596.931640625,xgboost_baseline
APPLE_ELSTAR,FLINK,NL-GE,2026-10-01,2026-10-31,Monthly,,KG,2.543,2.543,2596.931640625,xgboost_baseline
APPLE_ELSTAR,FLINK,NL-GE,2026-11-01,2026-11-30,Monthly,,KG,2.543,2.543,2596.931640625,xgboost_baseline
APPLE_ELSTAR,FLINK,NL-GE,2026-12-01,2026-12-31,Monthly,,KG,2.543,2.543,2596.931640625,xgboost_baseline
APPLE_ELSTAR,FLINK,NL-GE,2027-01-01,2027-01-31,Monthly,,KG,2.543,2.543,2593.665283203125,xgboost_baseline
APPLE_ELSTAR,FLINK,NL-NB,2026-02-01,2026-02-28,Monthly,,KG,2.667,2.667,2623.00146484375,xgboost_baseline
APPLE_ELSTAR,FLINK,NL-NB,2026-03-01,2026-03-31,Monthly,,KG,2.667,2.667,2576.817626953125,xgboost_baseline
APPLE_ELSTAR,FLINK,NL-NB,2026-04-01,2026-04-30,Monthly,,KG,2.667,2.667,2576.705810546875,xgboost_baseline
APPLE_ELSTAR,FLINK,NL-NB,2026-05-01,2026-05-31,Monthly,,KG,2.667,2.667,2632.6533203125,xgboost_baseline
APPLE_ELSTAR,FLINK,NL-NB,2026-06-01,2026-06-30,Monthly,,KG,2.667,2.667,2632.6533203125,xgboost_baseline
APPLE_ELSTAR,FLINK,NL-NB,2026-07-01,2026-07-31,Monthly,,KG,2.667,2.667,2632.6533203125,xgboost_baseline
APPLE_ELSTAR,FLINK,NL-NB,2026-08-01,2026-08-31,Monthly,,KG,2.667,2.667,2628.525390625,xgboost_baseline
APPLE_ELSTAR,FLINK,NL-NB,2026-09-01,2026-09-30,Monthly,,KG,2.667,2.667,2628.525390625,xgboost_baseline
APPLE_ELSTAR,FLINK,NL-NB,2026-10-01,2026-10-31,Monthly,,KG,2.667,2.667,2628.525146484375,xgboost_baseline
APPLE_ELSTAR,FLINK,NL-NB,2026-11-01,2026-11-30,Monthly,,KG,2.667,2.667,2628.525146484375,xgboost_baseline
APPLE_ELSTAR,FLINK,NL-NB,2026-12-01,2026-12-31,Monthly,,KG,2.667,2.667,2628.525146484375,xgboost_baseline
APPLE_ELSTAR,FLINK,NL-NB,2027-01-01,2027-01-31,Monthly,,KG,2.667,2.667,2625.751953125,xgboost_baseline
APPLE_ELSTAR,FLINK,NL-NH,2026-02-01,2026-02-28,Monthly,,KG,2.776,2.776,2755.194580078125,xgboost_baseline
APPLE_ELSTAR,FLINK,NL-NH,2026-03-01,2026-03-31,Monthly,,KG,2.776,2.776,2713.161865234375,xgboost_baseline
APPLE_ELSTAR,FLINK,NL-NH,2026-04-01,2026-04-30,Monthly,,KG,2.776,2.776,2713.058349609375,xgboost_baseline
APPLE_ELSTAR,FLINK,NL-NH,2026-05-01,2026-05-31,Monthly,,KG,2.776,2.776,2779.700439453125,xgboost_baseline
APPLE_ELSTAR,FLINK,NL-NH,2026-06-01,2026-06-30,Monthly,,KG,2.776,2.776,2773.523681640625,xgboost_baseline
APPLE_ELSTAR,FLINK,NL-NH,2026-07-01,2026-07-31,Monthly,,KG,2.776,2.776,2773.523681640625,xgboost_baseline
APPLE_ELSTAR,FLINK,NL-NH,2026-08-01,2026-08-31,Monthly,,KG,2.776,2.776,2775.99755859375,xgboost_baseline
APPLE_ELSTAR,FLINK,NL-NH,2026-09-01,2026-09-30,Monthly,,KG,2.776,2.776,2775.99755859375,xgboost_baseline
APPLE_ELSTAR,FLINK,NL-NH,2026-10-01,2026-10-31,Monthly,,KG,2.776,2.776,2775.998779296875,xgboost_baseline
APPLE_ELSTAR,FLINK,NL-NH,2026-11-01,2026-11-30,Monthly,,KG,2.776,2.776,2775.71875,xgboost_baseline
APPLE_ELSTAR,FLINK,NL-NH,2026-12-01,2026-12-31,Monthly,,KG,2.776,2.776,2775.71875,xgboost_baseline
APPLE_ELSTAR,FLINK,NL-NH,2027-01-01,2027-01-31,Monthly,,KG,2.776,2.776,2767.79443359375,xgboost_baseline
APPLE_ELSTAR,FLINK,NL-ZH,2026-02-01,2026-02-28,Monthly,,KG,2.86,2.86,2771.081298828125,xgboost_baseline
APPLE_ELSTAR,FLINK,NL-ZH,2026-03-01,2026-03-31,Monthly,,KG,2.86,2.86,2713.161865234375,xgboost_baseline
APPLE_ELSTAR,FLINK,NL-ZH,2026-04-01,2026-04-30,Monthly,,KG,2.86,2.86,2712.407470703125,xgboost_baseline
APPLE_ELSTAR,FLINK,NL-ZH,2026-05-01,2026-05-31,Monthly,,KG,2.86,2.86,2779.700439453125,xgboost_baseline
APPLE_ELSTAR,FLINK,NL-ZH,2026-06-01,2026-06-30,Monthly,,KG,2.86,2.86,2773.523681640625,xgboost_baseline
APPLE_ELSTAR,FLINK,NL-ZH,2026-07-01,2026-07-31,Monthly,,KG,2.86,2.86,2773.523681640625,xgboost_baseline
APPLE_ELSTAR,FLINK,NL-ZH,2026-08-01,2026-08-31,Monthly,,KG,2.86,2.86,2775.717529296875,xgboost_baseline
APPLE_ELSTAR,FLINK,NL-ZH,2026-09-01,2026-09-30,Monthly,,KG,2.86,2.86,2775.99755859375,xgboost_baseline
APPLE_ELSTAR,FLINK,NL-ZH,2026-10-01,2026-10-31,Monthly,,KG,2.86,2.86,2775.998779296875,xgboost_baseline
APPLE_ELSTAR,FLINK,NL-ZH,2026-11-01,2026-11-30,Monthly,,KG,2.86,2.86,2775.71875,xgboost_baseline
APPLE_ELSTAR,FLINK,NL-ZH,2026-12-01,2026-12-31,Monthly,,KG,2.86,2.86,2775.71875,xgboost_baseline
APPLE_ELSTAR,FLINK,NL-ZH,2027-01-01,2027-01-31,Monthly,,KG,2.86,2.86,2769.9755859375,xgboost_baseline
APPLE_ELSTAR,GREENACRES,NL-GE,2026-02-01,2026-02-28,Monthly,,KG,2.598,2.598,2600.74169921875,xgboost_baseline
APPLE_ELSTAR,GREENACRES,NL-GE,2026-03-01,2026-03-31,Monthly,,KG,2.598,2.598,2578.93212890625,xgboost_baseline
APPLE_ELSTAR,GREENACRES,NL-GE,2026-04-01,2026-04-30,Monthly,,KG,2.598,2.598,2578.49853515625,xgboost_baseline
APPLE_ELSTAR,GREENACRES,NL-GE,2026-05-01,2026-05-31,Monthly,,KG,2.598,2.598,2606.02001953125,xgboost_baseline
APPLE_ELSTAR,GREENACRES,NL-GE,2026-06-01,2026-06-30,Monthly,,KG,2.598,2.598,2606.027587890625,xgboost_baseline
APPLE_ELSTAR,GREENACRES,NL-GE,2026-07-01,2026-07-31,Monthly,,KG,2.598,2.598,2606.243408203125,xgboost_baseline
APPLE_ELSTAR,GREENACRES,NL-GE,2026-08-01,2026-08-31,Monthly,,KG,2.598,2.598,2608.802978515625,xgboost_baseline
APPLE_ELSTAR,GREENACRES,NL-GE,2026-09-01,2026-09-30,Monthly,,KG,2.598,2.598,2608.802978515625,xgboost_baseline
APPLE_ELSTAR,GREENACRES,NL-GE,2026-10-01,2026-10-31,Monthly,,KG,2.598,2.598,2609.3857421875,xgboost_baseline
APPLE_ELSTAR,GREENACRES,NL-GE,2026-11-01,2026-11-30,Monthly,,KG,2.598,2.598,2608.8046875,xgboost_baseline
APPLE_ELSTAR,GREENACRES,NL-GE,2026-12-01,2026-12-31,Monthly,,KG,2.598,2.598,2608.8046875,xgboost_baseline
APPLE_ELSTAR,GREENACRES,NL-GE,2027-01-01,2027-01-31,Monthly,,KG,2.598,2.598,2605.111328125,xgboost_baseline
APPLE_ELSTAR,GREENACRES,NL-NB,2026-02-01,2026-02-28,Monthly,,KG,2.654,2.654,2623.330322265625,xgboost_baseline
APPLE_ELSTAR,GREENACRES,NL-NB,2026-03-01,2026-03-31,Monthly,,KG,2.654,2.654,2586.94580078125,xgboost_baseline
APPLE_ELSTAR,GREENACRES,NL-NB,2026-04-01,2026-04-30,Monthly,,KG,2.654,2.654,2586.126220703125,xgboost_baseline
APPLE_ELSTAR,GREENACRES,NL-NB,2026-05-01,2026-05-31,Monthly,,KG,2.654,2.654,2628.58056640625,xgboost_baseline
APPLE_ELSTAR,GREENACRES,NL-NB,2026-06-01,2026-06-30,Monthly,,KG,2.654,2.654,2628.58056640625,xgboost_baseline
APPLE_ELSTAR,GREENACRES,NL-NB,2026-07-01,2026-07-31,Monthly,,KG,2.654,2.654,2628.58251953125,xgboost_baseline
APPLE_ELSTAR,GREENACRES,NL-NB,2026-08-01,2026-08-31,Monthly,,KG,2.654,2.654,2628.871826171875,xgboost_baseline
APPLE_ELSTAR,GREENACRES,NL-NB,2026-09-01,2026-09-30,Monthly,,KG,2.654,2.654,2628.875732421875,xgboost_baseline
APPLE_ELSTAR,GREENACRES,NL-NB,2026-10-01,2026-10-31,Monthly,,KG,2.654,2.654,2629.60791015625,xgboost_baseline
APPLE_ELSTAR,GREENACRES,NL-NB,2026-11-01,2026-11-30,Monthly,,KG,2.654,2.654,2629.791748046875,xgboost_baseline
APPLE_ELSTAR,GREENACRES,NL-NB,2026-12-01,2026-12-31,Monthly,,KG,2.654,2.654,2629.791748046875,xgboost_baseline
APPLE_ELSTAR,GREENACRES,NL-NB,2027-01-01,2027-01-31,Monthly,,KG,2.654,2.654,2626.28271484375,xgboost_baseline
APPLE_ELSTAR,GREENACRES,NL-NH,2026-02-01,2026-02-28,Monthly,,KG,2.794,2.794,2771.081298828125,xgboost_baseline
APPLE_ELSTAR,GREENACRES,NL-NH,2026-03-01,2026-03-31,Monthly,,KG,2.794,2.794,2725.29052734375,xgboost_baseline
APPLE_ELSTAR,GREENACRES,NL-NH,2026-04-01,2026-04-30,Monthly,,KG,2.794,2.794,2723.844482421875,xgboost_baseline
APPLE_ELSTAR,GREENACRES,NL-NH,2026-05-01,2026-05-31,Monthly,,KG,2.794,2.794,2777.65185546875,xgboost_baseline
APPLE_ELSTAR,GREENACRES,NL-NH,2026-06-01,2026-06-30,Monthly,,KG,2.794,2.794,2771.473388671875,xgboost_baseline
APPLE_ELSTAR,GREENACRES,NL-NH,2026-07-01,2026-07-31,Monthly,,KG,2.794,2.794,2771.473388671875,xgboost_baseline
APPLE_ELSTAR,GREENACRES,NL-NH,2026-08-01,2026-08-31,Monthly,,KG,2.794,2.794,2775.71875,xgboost_baseline
APPLE_ELSTAR,GREENACRES,NL-NH,2026-09-01,2026-09-30,Monthly,,KG,2.794,2.794,2775.998779296875,xgboost_baseline
APPLE_ELSTAR,GREENACRES,NL-NH,2026-10-01,2026-10-31,Monthly,,KG,2.794,2.794,2775.998779296875,xgboost_baseline
APPLE_ELSTAR,GREENACRES,NL-NH,2026-11-01,2026-11-30,Monthly,,KG,2.794,2.794,2778.076904296875,xgboost_baseline
APPLE_ELSTAR,GREENACRES,NL-NH,2026-12-01,2026-12-31,Monthly,,KG,2.794,2.794,2778.076904296875,xgboost_baseline
APPLE_ELSTAR,GREENACRES,NL-NH,2027-01-01,2027-01-31,Monthly,,KG,2.794,2.794,2770.152587890625,xgboost_baseline
APPLE_ELSTAR,GREENACRES,NL-ZH,2026-02-01,2026-02-28,Monthly,,KG,2.819,2.819,2772.973388671875,xgboost_baseline
APPLE_ELSTAR,GREENACRES,NL-ZH,2026-03-01,2026-03-31,Monthly,,KG,2.819,2.819,2729.192626953125,xgboost_baseline
APPLE_ELSTAR,GREENACRES,NL-ZH,2026-04-01,2026-04-30,Monthly,,KG,2.819,2.819,2723.844482421875,xgboost_baseline
APPLE_ELSTAR,GREENACRES,NL-ZH,2026-05-01,2026-05-31,Monthly,,KG,2.819,2.819,2777.650146484375,xgboost_baseline
APPLE_ELSTAR,GREENACRES,NL-ZH,2026-06-01,2026-06-30,Monthly,,KG,2.819,2.819,2771.474853515625,xgboost_baseline
APPLE_ELSTAR,GREENACRES,NL-ZH,2026-07-01,2026-07-31,Monthly,,KG,2.819,2.819,2771.474853515625,xgboost_baseline
APPLE_ELSTAR,GREENACRES,NL-ZH,2026-08-01,2026-08-31,Monthly,,KG,2.819,2.819,2775.71875,xgboost_baseline
APPLE_ELSTAR,GREENACRES,NL-ZH,2026-09-01,2026-09-30,Monthly,,KG,2.819,2.819,2775.998779296875,xgboost_baseline
APPLE_ELSTAR,GREENACRES,NL-ZH,2026-10-01,2026-10-31,Monthly,,KG,2.819,2.819,2778.180419921875,xgboost_baseline
APPLE_ELSTAR,GREENACRES,NL-ZH,2026-11-01,2026-11-30,Monthly,,KG,2.819,2.819,2778.076904296875,xgboost_baseline
APPLE_ELSTAR,GREENACRES,NL-ZH,2026-12-01,2026-12-31,Monthly,,KG,2.819,2.819,2778.053466796875,xgboost_baseline
APPLE_ELSTAR,GREENACRES,NL-ZH,2027-01-01,2027-01-31,Monthly,,KG,2.819,2.819,2770.152587890625,xgboost_baseline
APPLE_ELSTAR,HELLOFRESH,NL-GE,2026-02-01,2026-02-28,Monthly,,KG,2.576,2.576,2600.764892578125,xgboost_baseline
APPLE_ELSTAR,HELLOFRESH,NL-GE,2026-03-01,2026-03-31,Monthly,,KG,2.576,2.576,2570.04150390625,xgboost_baseline
APPLE_ELSTAR,HELLOFRESH,NL-GE,2026-04-01,2026-04-30,Monthly,,KG,2.576,2.576,2569.9296875,xgboost_baseline
APPLE_ELSTAR,HELLOFRESH,NL-GE,2026-05-01,2026-05-31,Monthly,,KG,2.576,2.576,2610.710205078125,xgboost_baseline
APPLE_ELSTAR,HELLOFRESH,NL-GE,2026-06-01,2026-06-30,Monthly,,KG,2.576,2.576,2610.710205078125,xgboost_baseline
APPLE_ELSTAR,HELLOFRESH,NL-GE,2026-07-01,2026-07-31,Monthly,,KG,2.576,2.576,2610.710205078125,xgboost_baseline
APPLE_ELSTAR,HELLOFRESH,NL-GE,2026-08-01,2026-08-31,Monthly,,KG,2.576,2.576,2608.856689453125,xgboost_baseline
APPLE_ELSTAR,HELLOFRESH,NL-GE,2026-09-01,2026-09-30,Monthly,,KG,2.576,2.576,2608.856689453125,xgboost_baseline
APPLE_ELSTAR,HELLOFRESH,NL-GE,2026-10-01,2026-10-31,Monthly,,KG,2.576,2.576,2608.856689453125,xgboost_baseline
APPLE_ELSTAR,HELLOFRESH,NL-GE,2026-11-01,2026-11-30,Monthly,,KG,2.576,2.576,2608.856689453125,xgboost_baseline
APPLE_ELSTAR,HELLOFRESH,NL-GE,2026-12-01,2026-12-31,Monthly,,KG,2.576,2.576,2608.856689453125,xgboost_baseline
APPLE_ELSTAR,HELLOFRESH,NL-GE,2027-01-01,2027-01-31,Monthly,,KG,2.576,2.576,2605.14013671875,xgboost_baseline
APPLE_ELSTAR,HELLOFRESH,NL-NB,2026-02-01,2026-02-28,Monthly,,KG,2.697,2.697,2755.194580078125,xgboost_baseline
APPLE_ELSTAR,HELLOFRESH,NL-NB,2026-03-01,2026-03-31,Monthly,,KG,2.697,2.697,2713.161865234375,xgboost_baseline
APPLE_ELSTAR,HELLOFRESH,NL-NB,2026-04-01,2026-04-30,Monthly,,KG,2.697,2.697,2713.058349609375,xgboost_baseline
APPLE_ELSTAR,HELLOFRESH,NL-NB,2026-05-01,2026-05-31,Monthly,,KG,2.697,2.697,2779.700439453125,xgboost_baseline
APPLE_ELSTAR,HELLOFRESH,NL-NB,2026-06-01,2026-06-30,Monthly,,KG,2.697,2.697,2773.523681640625,xgboost_baseline
APPLE_ELSTAR,HELLOFRESH,NL-NB,2026-07-01,2026-07-31,Monthly,,KG,2.697,2.697,2773.523681640625,xgboost_baseline
APPLE_ELSTAR,HELLOFRESH,NL-NB,2026-08-01,2026-08-31,Monthly,,KG,2.697,2.697,2775.99755859375,xgboost_baseline
APPLE_ELSTAR,HELLOFRESH,NL-NB,2026-09-01,2026-09-30,Monthly,,KG,2.697,2.697,2775.99755859375,xgboost_baseline
APPLE_ELSTAR,HELLOFRESH,NL-NB,2026-10-01,2026-10-31,Monthly,,KG,2.697,2.697,2775.998779296875,xgboost_baseline
APPLE_ELSTAR,HELLOFRESH,NL-NB,2026-11-01,2026-11-30,Monthly,,KG,2.697,2.697,2775.71875,xgboost_baseline
APPLE_ELSTAR,HELLOFRESH,NL-NB,2026-12-01,2026-12-31,Monthly,,KG,2.697,2.697,2775.71875,xgboost_baseline
APPLE_ELSTAR,HELLOFRESH,NL-NB,2027-01-01,2027-01-31,Monthly,,KG,2.697,2.697,2769.9755859375,xgboost_baseline
APPLE_ELSTAR,HELLOFRESH,NL-NH,2026-02-01,2026-02-28,Monthly,,KG,2.738,2.738,2755.194580078125,xgboost_baseline
APPLE_ELSTAR,HELLOFRESH,NL-NH,2026-03-01,2026-03-31,Monthly,,KG,2.738,2.738,2713.161865234375,xgboost_baseline
APPLE_ELSTAR,HELLOFRESH,NL-NH,2026-04-01,2026-04-30,Monthly,,KG,2.738,2.738,2713.058349609375,xgboost_baseline
APPLE_ELSTAR,HELLOFRESH,NL-NH,2026-05-01,2026-05-31,Monthly,,KG,2.738,2.738,2779.700439453125,xgboost_baseline
APPLE_ELSTAR,HELLOFRESH,NL-NH,2026-06-01,2026-06-30,Monthly,,KG,2.738,2.738,2773.523681640625,xgboost_baseline
APPLE_ELSTAR,HELLOFRESH,NL-NH,2026-07-01,2026-07-31,Monthly,,KG,2.738,2.738,2773.523681640625,xgboost_baseline
APPLE_ELSTAR,HELLOFRESH,NL-NH,2026-08-01,2026-08-31,Monthly,,KG,2.738,2.738,2775.99755859375,xgboost_baseline
APPLE_ELSTAR,HELLOFRESH,NL-NH,2026-09-01,2026-09-30,Monthly,,KG,2.738,2.738,2775.99755859375,xgboost_baseline
APPLE_ELSTAR,HELLOFRESH,NL-NH,2026-10-01,2026-10-31,Monthly,,KG,2.738,2.738,2775.998779296875,xgboost_baseline
APPLE_ELSTAR,HELLOFRESH,NL-NH,2026-11-01,2026-11-30,Monthly,,KG,2.738,2.738,2775.71875,xgboost_baseline
APPLE_ELSTAR,HELLOFRESH,NL-NH,2026-12-01,2026-12-31,Monthly,,KG,2.738,2.738,2775.71875,xgboost_baseline
APPLE_ELSTAR,HELLOFRESH,NL-NH,2027-01-01,2027-01-31,Monthly,,KG,2.738,2.738,2767.79443359375,xgboost_baseline
APPLE_ELSTAR,HELLOFRESH,NL-ZH,2026-02-01,2026-02-28,Monthly,,KG,2.879,2.879,2772.614990234375,xgboost_baseline
APPLE_ELSTAR,HELLOFRESH,NL-ZH,2026-03-01,2026-03-31,Monthly,,KG,2.879,2.879,2713.161865234375,xgboost_baseline
APPLE_ELSTAR,HELLOFRESH,NL-ZH,2026-04-01,2026-04-30,Monthly,,KG,2.879,2.879,2713.058349609375,xgboost_baseline
APPLE_ELSTAR,HELLOFRESH,NL-ZH,2026-05-01,2026-05-31,Monthly,,KG,2.879,2.879,2779.700439453125,xgboost_baseline
APPLE_ELSTAR,HELLOFRESH,NL-ZH,2026-06-01,2026-06-30,Monthly,,KG,2.879,2.879,2773.523681640625,xgboost_baseline
APPLE_ELSTAR,HELLOFRESH,NL-ZH,2026-07-01,2026-07-31,Monthly,,KG,2.879,2.879,2773.523681640625,xgboost_baseline
APPLE_ELSTAR,HELLOFRESH,NL-ZH,2026-08-01,2026-08-31,Monthly,,KG,2.879,2.879,2775.717529296875,xgboost_baseline
APPLE_ELSTAR,HELLOFRESH,NL-ZH,2026-09-01,2026-09-30,Monthly,,KG,2.879,2.879,2775.99755859375,xgboost_baseline
APPLE_ELSTAR,HELLOFRESH,NL-ZH,2026-10-01,2026-10-31,Monthly,,KG,2.879,2.879,2775.998779296875,xgboost_baseline
APPLE_ELSTAR,HELLOFRESH,NL-ZH,2026-11-01,2026-11-30,Monthly,,KG,2.53352,2.879,2626.317138671875,xgboost_baseline
APPLE_ELSTAR,HELLOFRESH,NL-ZH,2026-12-01,2026-12-31,Monthly,,KG,2.879,2.879,2770.995361328125,xgboost_baseline
APPLE_ELSTAR,HELLOFRESH,NL-ZH,2027-01-01,2027-01-31,Monthly,,KG,2.879,2.879,2769.29638671875,xgboost_baseline
APPLE_ELSTAR,HOLLANDFOODSERVICE,NL-GE,2026-02-01,2026-02-28,Monthly,,KG,2.619,2.619,2618.53515625,xgboost_baseline
APPLE_ELSTAR,HOLLANDFOODSERVICE,NL-GE,2026-03-01,2026-03-31,Monthly,,KG,2.619,2.619,2569.16943359375,xgboost_baseline
APPLE_ELSTAR,HOLLANDFOODSERVICE,NL-GE,2026-04-01,2026-04-30,Monthly,,KG,2.619,2.619,2568.5283203125,xgboost_baseline
APPLE_ELSTAR,HOLLANDFOODSERVICE,NL-GE,2026-05-01,2026-05-31,Monthly,,KG,2.619,2.619,2604.92822265625,xgboost_baseline
APPLE_ELSTAR,HOLLANDFOODSERVICE,NL-GE,2026-06-01,2026-06-30,Monthly,,KG,2.619,2.619,2604.927001953125,xgboost_baseline
APPLE_ELSTAR,HOLLANDFOODSERVICE,NL-GE,2026-07-01,2026-07-31,Monthly,,KG,2.619,2.619,2604.931884765625,xgboost_baseline
APPLE_ELSTAR,HOLLANDFOODSERVICE,NL-GE,2026-08-01,2026-08-31,Monthly,,KG,2.619,2.619,2607.696533203125,xgboost_baseline
APPLE_ELSTAR,HOLLANDFOODSERVICE,NL-GE,2026-09-01,2026-09-30,Monthly,,KG,2.619,2.619,2607.696533203125,xgboost_baseline
APPLE_ELSTAR,HOLLANDFOODSERVICE,NL-GE,2026-10-01,2026-10-31,Monthly,,KG,2.619,2.619,2608.281494140625,xgboost_baseline
APPLE_ELSTAR,HOLLANDFOODSERVICE,NL-GE,2026-11-01,2026-11-30,Monthly,,KG,2.619,2.619,2607.6982421875,xgboost_baseline
APPLE_ELSTAR,HOLLANDFOODSERVICE,NL-GE,2026-12-01,2026-12-31,Monthly,,KG,2.619,2.619,2607.6982421875,xgboost_baseline
APPLE_ELSTAR,HOLLANDFOODSERVICE,NL-GE,2027-01-01,2027-01-31,Monthly,,KG,2.619,2.619,2604.0048828125,xgboost_baseline
APPLE_ELSTAR,HOLLANDFOODSERVICE,NL-NB,2026-02-01,2026-02-28,Monthly,,KG,2.655,2.655,2623.330322265625,xgboost_baseline
APPLE_ELSTAR,HOLLANDFOODSERVICE,NL-NB,2026-03-01,2026-03-31,Monthly,,KG,2.655,2.655,2586.89013671875,xgboost_baseline
APPLE_ELSTAR,HOLLANDFOODSERVICE,NL-NB,2026-04-01,2026-04-30,Monthly,,KG,2.655,2.655,2585.539794921875,xgboost_baseline
APPLE_ELSTAR,HOLLANDFOODSERVICE,NL-NB,2026-05-01,2026-05-31,Monthly,,KG,2.655,2.655,2628.58056640625,xgboost_baseline
APPLE_ELSTAR,HOLLANDFOODSERVICE,NL-NB,2026-06-01,2026-06-30,Monthly,,KG,2.655,2.655,2628.582275390625,xgboost_baseline
APPLE_ELSTAR,HOLLANDFOODSERVICE,NL-NB,2026-07-01,2026-07-31,Monthly,,KG,2.655,2.655,2628.6591796875,xgboost_baseline
APPLE_ELSTAR,HOLLANDFOODSERVICE,NL-NB,2026-08-01,2026-08-31,Monthly,,KG,2.655,2.655,2628.871826171875,xgboost_baseline
APPLE_ELSTAR,HOLLANDFOODSERVICE,NL-NB,2026-09-01,2026-09-30,Monthly,,KG,2.655,2.655,2629.607666015625,xgboost_baseline
APPLE_ELSTAR,HOLLANDFOODSERVICE,NL-NB,2026-10-01,2026-10-31,Monthly,,KG,2.655,2.655,2629.791748046875,xgboost_baseline
APPLE_ELSTAR,HOLLANDFOODSERVICE,NL-NB,2026-11-01,2026-11-30,Monthly,,KG,2.655,2.655,2629.791748046875,xgboost_baseline
APPLE_ELSTAR,HOLLANDFOODSERVICE,NL-NB,2026-12-01,2026-12-31,Monthly,,KG,2.655,2.655,2629.791748046875,xgboost_baseline
APPLE_ELSTAR,HOLLANDFOODSERVICE,NL-NB,2027-01-01,2027-01-31,Monthly,,KG,2.655,2.655,2626.28271484375,xgboost_baseline
APPLE_ELSTAR,HOLLANDFOODSERVICE,NL-NH,2026-02-01,2026-02-28,Monthly,,KG,2.784,2.784,2772.614990234375,xgboost_baseline
APPLE_ELSTAR,HOLLANDFOODSERVICE,NL-NH,2026-03-01,2026-03-31,Monthly,,KG,2.784,2.784,2724.687255859375,xgboost_baseline
APPLE_ELSTAR,HOLLANDFOODSERVICE,NL-NH,2026-04-01,2026-04-30,Monthly,,KG,2.784,2.784,2723.844482421875,xgboost_baseline
APPLE_ELSTAR,HOLLANDFOODSERVICE,NL-NH,2026-05-01,2026-05-31,Monthly,,KG,2.784,2.784,2777.650146484375,xgboost_baseline
APPLE_ELSTAR,HOLLANDFOODSERVICE,NL-NH,2026-06-01,2026-06-30,Monthly,,KG,2.784,2.784,2771.473388671875,xgboost_baseline
APPLE_ELSTAR,HOLLANDFOODSERVICE,NL-NH,2026-07-01,2026-07-31,Monthly,,KG,2.784,2.784,2771.474609375,xgboost_baseline
APPLE_ELSTAR,HOLLANDFOODSERVICE,NL-NH,2026-08-01,2026-08-31,Monthly,,KG,2.784,2.784,2775.71875,xgboost_baseline
APPLE_ELSTAR,HOLLANDFOODSERVICE,NL-NH,2026-09-01,2026-09-30,Monthly,,KG,2.784,2.784,2775.998779296875,xgboost_baseline
APPLE_ELSTAR,HOLLANDFOODSERVICE,NL-NH,2026-10-01,2026-10-31,Monthly,,KG,2.784,2.784,2776.00537109375,xgboost_baseline
APPLE_ELSTAR,HOLLANDFOODSERVICE,NL-NH,2026-11-01,2026-11-30,Monthly,,KG,2.784,2.784,2778.076904296875,xgboost_baseline
APPLE_ELSTAR,HOLLANDFOODSERVICE,NL-NH,2026-12-01,2026-12-31,Monthly,,KG,2.784,2.784,2778.076904296875,xgboost_baseline
APPLE_ELSTAR,HOLLANDFOODSERVICE,NL-NH,2027-01-01,2027-01-31,Monthly,,KG,2.784,2.784,2770.152587890625,xgboost_baseline
APPLE_ELSTAR,HOLLANDFOODSERVICE,NL-ZH,2026-02-01,2026-02-28,Monthly,,KG,2.868,2.868,2755.194580078125,xgboost_baseline
APPLE_ELSTAR,HOLLANDFOODSERVICE,NL-ZH,2026-03-01,2026-03-31,Monthly,,KG,2.868,2.868,2724.64111328125,xgboost_baseline
APPLE_ELSTAR,HOLLANDFOODSERVICE,NL-ZH,2026-04-01,2026-04-30,Monthly,,KG,2.868,2.868,2723.844482421875,xgboost_baseline
APPLE_ELSTAR,HOLLANDFOODSERVICE,NL-ZH,2026-05-01,2026-05-31,Monthly,,KG,2.868,2.868,2777.650146484375,xgboost_baseline
APPLE_ELSTAR,HOLLANDFOODSERVICE,NL-ZH,2026-06-01,2026-06-30,Monthly,,KG,2.868,2.868,2771.474609375,xgboost_baseline
APPLE_ELSTAR,HOLLANDFOODSERVICE,NL-ZH,2026-07-01,2026-07-31,Monthly,,KG,2.868,2.868,2771.5634765625,xgboost_baseline
APPLE_ELSTAR,HOLLANDFOODSERVICE,NL-ZH,2026-08-01,2026-08-31,Monthly,,KG,2.868,2.868,2775.99755859375,xgboost_baseline
APPLE_ELSTAR,HOLLANDFOODSERVICE,NL-ZH,2026-09-01,2026-09-30,Monthly,,KG,2.868,2.868,2775.998046875,xgboost_baseline
APPLE_ELSTAR,HOLLANDFOODSERVICE,NL-ZH,2026-10-01,2026-10-31,Monthly,,KG,2.868,2.868,2778.180419921875,xgboost_baseline
APPLE_ELSTAR,HOLLANDFOODSERVICE,NL-ZH,2026-11-01,2026-11-30,Monthly,,KG,2.868,2.868,2778.076904296875,xgboost_baseline
APPLE_ELSTAR,HOLLANDFOODSERVICE,NL-ZH,2026-12-01,2026-12-31,Monthly,,KG,2.868,2.868,2778.076904296875,xgboost_baseline
APPLE_ELSTAR,HOLLANDFOODSERVICE,NL-ZH,2027-01-01,2027-01-31,Monthly,,KG,2.868,2.868,2770.152587890625,xgboost_baseline
APPLE_ELSTAR,JUMBO,NL-GE,2026-02-01,2026-02-28,Monthly,,KG,2.63,2.63,3106.697998046875,xgboost_baseline
APPLE_ELSTAR,JUMBO,NL-GE,2026-03-01,2026-03-31,Monthly,,KG,2.63,2.63,3085.122314453125,xgboost_baseline
APPLE_ELSTAR,JUMBO,NL-GE,2026-04-01,2026-04-30,Monthly,,KG,2.63,2.63,3087.947998046875,xgboost_baseline
APPLE_ELSTAR,JUMBO,NL-GE,2026-05-01,2026-05-31,Monthly,,KG,2.63,2.63,2727.28125,xgboost_baseline
APPLE_ELSTAR,JUMBO,NL-GE,2026-06-01,2026-06-30,Monthly,,KG,2.63,2.63,2671.626708984375,xgboost_baseline
APPLE_ELSTAR,JUMBO,NL-GE,2026-07-01,2026-07-31,Monthly,,KG,2.63,2.63,2671.90283203125,xgboost_baseline
APPLE_ELSTAR,JUMBO,NL-GE,2026-08-01,2026-08-31,Monthly,,KG,2.63,2.63,2664.36572265625,xgboost_baseline
APPLE_ELSTAR,JUMBO,NL-GE,2026-09-01,2026-09-30,Monthly,,KG,2.63,2.63,2886.366455078125,xgboost_baseline
APPLE_ELSTAR,JUMBO,NL-GE,2026-10-01,2026-10-31,Monthly,,KG,2.63,2.63,3068.436279296875,xgboost_baseline
APPLE_ELSTAR,JUMBO,NL-GE,2026-11-01,2026-11-30,Monthly,,KG,2.63,2.63,3176.3017578125,xgboost_baseline
APPLE_ELSTAR,JUMBO,NL-GE,2026-12-01,2026-12-31,Monthly,,KG,2.63,2.63,3285.28466796875,xgboost_baseline
APPLE_ELSTAR,JUMBO,NL-GE,2027-01-01,2027-01-31,Monthly,,KG,2.63,2.63,3132.405517578125,xgboost_baseline
APPLE_ELSTAR,JUMBO,NL-NB,2026-02-01,2026-02-28,Monthly,,KG,2.659,2.659,2992.1025390625,xgboost_baseline
APPLE_ELSTAR,JUMBO,NL-NB,2026-03-01,2026-03-31,Monthly,,KG,2.659,2.659,2840.10546875,xgboost_baseline
APPLE_ELSTAR,JUMBO,NL-NB,2026-04-01,2026-04-30,Monthly,,KG,2.659,2.659,2776.134765625,xgboost_baseline
APPLE_ELSTAR,JUMBO,NL-NB,2026-05-01,2026-05-31,Monthly,,KG,2.659,2.659,2776.75390625,xgboost_baseline
APPLE_ELSTAR,JUMBO,NL-NB,2026-06-01,2026-06-30,Monthly,,KG,2.659,2.659,2661.12744140625,xgboost_baseline
APPLE_ELSTAR,JUMBO,NL-NB,2026-07-01,2026-07-31,Monthly,,KG,2.659,2.659,2631.20703125,xgboost_baseline
APPLE_ELSTAR,JUMBO,NL-NB,2026-08-01,2026-08-31,Monthly,,KG,2.659,2.659,2921.361572265625,xgboost_baseline
APPLE_ELSTAR,JUMBO,NL-NB,2026-09-01,2026-09-30,Monthly,,KG,2.659,2.659,3093.939697265625,xgboost_baseline
APPLE_ELSTAR,JUMBO,NL-NB,2026-10-01,2026-10-31,Monthly,,KG,2.659,2.659,3092.064697265625,xgboost_baseline
APPLE_ELSTAR,JUMBO,NL-NB,2026-11-01,2026-11-30,Monthly,,KG,2.659,2.659,3260.412353515625,xgboost_baseline
APPLE_ELSTAR,JUMBO,NL-NB,2026-12-01,2026-12-31,Monthly,,KG,2.659,2.659,3020.410400390625,xgboost_baseline
APPLE_ELSTAR,JUMBO,NL-NB,2027-01-01,2027-01-31,Monthly,,KG,2.659,2.659,3090.29345703125,xgboost_baseline
APPLE_ELSTAR,JUMBO,NL-NH,2026-02-01,2026-02-28,Monthly,,KG,2.736,2.736,2942.263671875,xgboost_baseline
APPLE_ELSTAR,JUMBO,NL-NH,2026-03-01,2026-03-31,Monthly,,KG,2.736,2.736,2861.833984375,xgboost_baseline
APPLE_ELSTAR,JUMBO,NL-NH,2026-04-01,2026-04-30,Monthly,,KG,2.736,2.736,2778.74267578125,xgboost_baseline
APPLE_ELSTAR,JUMBO,NL-NH,2026-05-01,2026-05-31,Monthly,,KG,2.736,2.736,2755.48388671875,xgboost_baseline
APPLE_ELSTAR,JUMBO,NL-NH,2026-06-01,2026-06-30,Monthly,,KG,2.736,2.736,2706.09765625,xgboost_baseline
APPLE_ELSTAR,JUMBO,NL-NH,2026-07-01,2026-07-31,Monthly,,KG,2.736,2.736,2675.132568359375,xgboost_baseline
APPLE_ELSTAR,JUMBO,NL-NH,2026-08-01,2026-08-31,Monthly,,KG,2.736,2.736,2981.5048828125,xgboost_baseline
APPLE_ELSTAR,JUMBO,NL-NH,2026-09-01,2026-09-30,Monthly,,KG,2.736,2.736,3087.401123046875,xgboost_baseline
APPLE_ELSTAR,JUMBO,NL-NH,2026-10-01,2026-10-31,Monthly,,KG,2.736,2.736,3137.07568359375,xgboost_baseline
APPLE_ELSTAR,JUMBO,NL-NH,2026-11-01,2026-11-30,Monthly,,KG,2.736,2.736,3058.572021484375,xgboost_baseline
APPLE_ELSTAR,JUMBO,NL-NH,2026-12-01,2026-12-31,Monthly,,KG,2.736,2.736,3055.976806640625,xgboost_baseline
APPLE_ELSTAR,JUMBO,NL-NH,2027-01-01,2027-01-31,Monthly,,KG,2.736,2.736,3024.083984375,xgboost_baseline
APPLE_ELSTAR,JUMBO,NL-ZH,2026-02-01,2026-02-28,Monthly,,KG,2.814,2.814,2848.4345703125,xgboost_baseline
APPLE_ELSTAR,JUMBO,NL-ZH,2026-03-01,2026-03-31,Monthly,,KG,2.814,2.814,2791.482421875,xgboost_baseline
APPLE_ELSTAR,JUMBO,NL-ZH,2026-04-01,2026-04-30,Monthly,,KG,2.814,2.814,2721.135009765625,xgboost_baseline
APPLE_ELSTAR,JUMBO,NL-ZH,2026-05-01,2026-05-31,Monthly,,KG,2.814,2.814,2745.9443359375,xgboost_baseline
APPLE_ELSTAR,JUMBO,NL-ZH,2026-06-01,2026-06-30,Monthly,,KG,2.814,2.814,2745.705078125,xgboost_baseline
APPLE_ELSTAR,JUMBO,NL-ZH,2026-07-01,2026-07-31,Monthly,,KG,2.814,2.814,2707.420166015625,xgboost_baseline
APPLE_ELSTAR,JUMBO,NL-ZH,2026-08-01,2026-08-31,Monthly,,KG,2.814,2.814,2974.547119140625,xgboost_baseline
APPLE_ELSTAR,JUMBO,NL-ZH,2026-09-01,2026-09-30,Monthly,,KG,2.814,2.814,3123.557861328125,xgboost_baseline
APPLE_ELSTAR,JUMBO,NL-ZH,2026-10-01,2026-10-31,Monthly,,KG,2.814,2.814,3146.80859375,xgboost_baseline
APPLE_ELSTAR,JUMBO,NL-ZH,2026-11-01,2026-11-30,Monthly,,KG,2.814,2.814,3077.0224609375,xgboost_baseline
APPLE_ELSTAR,JUMBO,NL-ZH,2026-12-01,2026-12-31,Monthly,,KG,2.814,2.814,3056.141845703125,xgboost_baseline
APPLE_ELSTAR,JUMBO,NL-ZH,2027-01-01,2027-01-31,Monthly,,KG,2.814,2.814,3024.0615234375,xgboost_baseline
APPLE_ELSTAR,MELEDI,NL-GE,2026-02-01,2026-02-28,Monthly,,KG,2.633,2.633,2626.857421875,xgboost_baseline
APPLE_ELSTAR,MELEDI,NL-GE,2026-03-01,2026-03-31,Monthly,,KG,2.633,2.633,2588.126953125,xgboost_baseline
APPLE_ELSTAR,MELEDI,NL-GE,2026-04-01,2026-04-30,Monthly,,KG,2.633,2.633,2587.42822265625,xgboost_baseline
APPLE_ELSTAR,MELEDI,NL-GE,2026-05-01,2026-05-31,Monthly,,KG,2.633,2.633,2631.82177734375,xgboost_baseline
APPLE_ELSTAR,MELEDI,NL-GE,2026-06-01,2026-06-30,Monthly,,KG,2.633,2.633,2631.820556640625,xgboost_baseline
APPLE_ELSTAR,MELEDI,NL-GE,2026-07-01,2026-07-31,Monthly,,KG,2.633,2.633,2631.822021484375,xgboost_baseline
APPLE_ELSTAR,MELEDI,NL-GE,2026-08-01,2026-08-31,Monthly,,KG,2.633,2.633,2632.114501953125,xgboost_baseline
APPLE_ELSTAR,MELEDI,NL-GE,2026-09-01,2026-09-30,Monthly,,KG,2.633,2.633,2632.114501953125,xgboost_baseline
APPLE_ELSTAR,MELEDI,NL-GE,2026-10-01,2026-10-31,Monthly,,KG,2.633,2.633,2632.1142578125,xgboost_baseline
APPLE_ELSTAR,MELEDI,NL-GE,2026-11-01,2026-11-30,Monthly,,KG,2.633,2.633,2632.999267578125,xgboost_baseline
APPLE_ELSTAR,MELEDI,NL-GE,2026-12-01,2026-12-31,Monthly,,KG,2.633,2.633,2632.999267578125,xgboost_baseline
APPLE_ELSTAR,MELEDI,NL-GE,2027-01-01,2027-01-31,Monthly,,KG,2.633,2.633,2629.490478515625,xgboost_baseline
APPLE_ELSTAR,MELEDI,NL-NB,2026-02-01,2026-02-28,Monthly,,KG,2.665,2.665,2623.330322265625,xgboost_baseline
APPLE_ELSTAR,MELEDI,NL-NB,2026-03-01,2026-03-31,Monthly,,KG,2.665,2.665,2586.89013671875,xgboost_baseline
APPLE_ELSTAR,MELEDI,NL-NB,2026-04-01,2026-04-30,Monthly,,KG,2.665,2.665,2585.539794921875,xgboost_baseline
APPLE_ELSTAR,MELEDI,NL-NB,2026-05-01,2026-05-31,Monthly,,KG,2.665,2.665,2628.58056640625,xgboost_baseline
APPLE_ELSTAR,MELEDI,NL-NB,2026-06-01,2026-06-30,Monthly,,KG,2.665,2.665,2628.582275390625,xgboost_baseline
APPLE_ELSTAR,MELEDI,NL-NB,2026-07-01,2026-07-31,Monthly,,KG,2.665,2.665,2628.6591796875,xgboost_baseline
APPLE_ELSTAR,MELEDI,NL-NB,2026-08-01,2026-08-31,Monthly,,KG,2.665,2.665,2628.871826171875,xgboost_baseline
APPLE_ELSTAR,MELEDI,NL-NB,2026-09-01,2026-09-30,Monthly,,KG,2.665,2.665,2628.871826171875,xgboost_baseline
APPLE_ELSTAR,MELEDI,NL-NB,2026-10-01,2026-10-31,Monthly,,KG,2.665,2.665,2629.60791015625,xgboost_baseline
APPLE_ELSTAR,MELEDI,NL-NB,2026-11-01,2026-11-30,Monthly,,KG,2.665,2.665,2629.791748046875,xgboost_baseline
APPLE_ELSTAR,MELEDI,NL-NB,2026-12-01,2026-12-31,Monthly,,KG,2.665,2.665,2629.791748046875,xgboost_baseline
APPLE_ELSTAR,MELEDI,NL-NB,2027-01-01,2027-01-31,Monthly,,KG,2.665,2.665,2626.28271484375,xgboost_baseline
APPLE_ELSTAR,MELEDI,NL-NH,2026-02-01,2026-02-28,Monthly,,KG,2.735,2.735,2771.090087890625,xgboost_baseline
APPLE_ELSTAR,MELEDI,NL-NH,2026-03-01,2026-03-31,Monthly,,KG,2.735,2.735,2724.036865234375,xgboost_baseline
APPLE_ELSTAR,MELEDI,NL-NH,2026-04-01,2026-04-30,Monthly,,KG,2.735,2.735,2723.844482421875,xgboost_baseline
APPLE_ELSTAR,MELEDI,NL-NH,2026-05-01,2026-05-31,Monthly,,KG,2.735,2.735,2777.650146484375,xgboost_baseline
APPLE_ELSTAR,MELEDI,NL-NH,2026-06-01,2026-06-30,Monthly,,KG,2.735,2.735,2771.473388671875,xgboost_baseline
APPLE_ELSTAR,MELEDI,NL-NH,2026-07-01,2026-07-31,Monthly,,KG,2.735,2.735,2771.474609375,xgboost_baseline
APPLE_ELSTAR,MELEDI,NL-NH,2026-08-01,2026-08-31,Monthly,,KG,2.735,2.735,2775.717529296875,xgboost_baseline
APPLE_ELSTAR,MELEDI,NL-NH,2026-09-01,2026-09-30,Monthly,,KG,2.735,2.735,2775.998779296875,xgboost_baseline
APPLE_ELSTAR,MELEDI,NL-NH,2026-10-01,2026-10-31,Monthly,,KG,2.735,2.735,2775.998779296875,xgboost_baseline
APPLE_ELSTAR,MELEDI,NL-NH,2026-11-01,2026-11-30,Monthly,,KG,2.735,2.735,2778.076904296875,xgboost_baseline
APPLE_ELSTAR,MELEDI,NL-NH,2026-12-01,2026-12-31,Monthly,,KG,2.735,2.735,2778.076904296875,xgboost_baseline
APPLE_ELSTAR,MELEDI,NL-NH,2027-01-01,2027-01-31,Monthly,,KG,2.735,2.735,2770.152587890625,xgboost_baseline
APPLE_ELSTAR,MELEDI,NL-ZH,2026-02-01,2026-02-28,Monthly,,KG,2.831,2.831,2755.194580078125,xgboost_baseline
APPLE_ELSTAR,MELEDI,NL-ZH,2026-03-01,2026-03-31,Monthly,,KG,2.831,2.831,2725.3388671875,xgboost_baseline
APPLE_ELSTAR,MELEDI,NL-ZH,2026-04-01,2026-04-30,Monthly,,KG,2.831,2.831,2723.844482421875,xgboost_baseline
APPLE_ELSTAR,MELEDI,NL-ZH,2026-05-01,2026-05-31,Monthly,,KG,2.831,2.831,2777.650146484375,xgboost_baseline
APPLE_ELSTAR,MELEDI,NL-ZH,2026-06-01,2026-06-30,Monthly,,KG,2.831,2.831,2771.473388671875,xgboost_baseline
APPLE_ELSTAR,MELEDI,NL-ZH,2026-07-01,2026-07-31,Monthly,,KG,2.831,2.831,2771.552001953125,xgboost_baseline
APPLE_ELSTAR,MELEDI,NL-ZH,2026-08-01,2026-08-31,Monthly,,KG,2.831,2.831,2775.99755859375,xgboost_baseline
APPLE_ELSTAR,MELEDI,NL-ZH,2026-09-01,2026-09-30,Monthly,,KG,2.831,2.831,2775.998779296875,xgboost_baseline
APPLE_ELSTAR,MELEDI,NL-ZH,2026-10-01,2026-10-31,Monthly,,KG,2.831,2.831,2778.179931640625,xgboost_baseline
APPLE_ELSTAR,MELEDI,NL-ZH,2026-11-01,2026-11-30,Monthly,,KG,2.831,2.831,2778.076904296875,xgboost_baseline
APPLE_ELSTAR,MELEDI,NL-ZH,2026-12-01,2026-12-31,Monthly,,KG,2.831,2.831,2778.076904296875,xgboost_baseline
APPLE_ELSTAR,MELEDI,NL-ZH,2027-01-01,2027-01-31,Monthly,,KG,2.831,2.831,2770.152587890625,xgboost_baseline
APPLE_ELSTAR,PICNIC,NL-GE,2026-02-01,2026-02-28,Monthly,,KG,2.605,2.605,2600.74169921875,xgboost_baseline
APPLE_ELSTAR,PICNIC,NL-GE,2026-03-01,2026-03-31,Monthly,,KG,2.605,2.605,2570.206298828125,xgboost_baseline
APPLE_ELSTAR,PICNIC,NL-GE,2026-04-01,2026-04-30,Monthly,,KG,2.605,2.605,2570.093994140625,xgboost_baseline
APPLE_ELSTAR,PICNIC,NL-GE,2026-05-01,2026-05-31,Monthly,,KG,2.605,2.605,2610.66455078125,xgboost_baseline
APPLE_ELSTAR,PICNIC,NL-GE,2026-06-01,2026-06-30,Monthly,,KG,2.605,2.605,2610.66455078125,xgboost_baseline
APPLE_ELSTAR,PICNIC,NL-GE,2026-07-01,2026-07-31,Monthly,,KG,2.605,2.605,2610.66455078125,xgboost_baseline
APPLE_ELSTAR,PICNIC,NL-GE,2026-08-01,2026-08-31,Monthly,,KG,2.605,2.605,2608.802978515625,xgboost_baseline
APPLE_ELSTAR,PICNIC,NL-GE,2026-09-01,2026-09-30,Monthly,,KG,2.605,2.605,2608.802978515625,xgboost_baseline
APPLE_ELSTAR,PICNIC,NL-GE,2026-10-01,2026-10-31,Monthly,,KG,2.605,2.605,2608.802978515625,xgboost_baseline
APPLE_ELSTAR,PICNIC,NL-GE,2026-11-01,2026-11-30,Monthly,,KG,2.605,2.605,2608.802978515625,xgboost_baseline
APPLE_ELSTAR,PICNIC,NL-GE,2026-12-01,2026-12-31,Monthly,,KG,2.605,2.605,2608.802978515625,xgboost_baseline
APPLE_ELSTAR,PICNIC,NL-GE,2027-01-01,2027-01-31,Monthly,,KG,2.605,2.605,2605.69189453125,xgboost_baseline
APPLE_ELSTAR,PICNIC,NL-NB,2026-02-01,2026-02-28,Monthly,,KG,2.651,2.651,2640.750732421875,xgboost_baseline
APPLE_ELSTAR,PICNIC,NL-NB,2026-03-01,2026-03-31,Monthly,,KG,2.651,2.651,2577.119140625,xgboost_baseline
APPLE_ELSTAR,PICNIC,NL-NB,2026-04-01,2026-04-30,Monthly,,KG,2.651,2.651,2577.0068359375,xgboost_baseline
APPLE_ELSTAR,PICNIC,NL-NB,2026-05-01,2026-05-31,Monthly,,KG,2.651,2.651,2633.000244140625,xgboost_baseline
APPLE_ELSTAR,PICNIC,NL-NB,2026-06-01,2026-06-30,Monthly,,KG,2.651,2.651,2633.000244140625,xgboost_baseline
APPLE_ELSTAR,PICNIC,NL-NB,2026-07-01,2026-07-31,Monthly,,KG,2.651,2.651,2633.000244140625,xgboost_baseline
APPLE_ELSTAR,PICNIC,NL-NB,2026-08-01,2026-08-31,Monthly,,KG,2.651,2.651,2628.871826171875,xgboost_baseline
APPLE_ELSTAR,PICNIC,NL-NB,2026-09-01,2026-09-30,Monthly,,KG,2.651,2.651,2628.871826171875,xgboost_baseline
APPLE_ELSTAR,PICNIC,NL-NB,2026-10-01,2026-10-31,Monthly,,KG,2.651,2.651,2628.87158203125,xgboost_baseline
APPLE_ELSTAR,PICNIC,NL-NB,2026-11-01,2026-11-30,Monthly,,KG,2.651,2.651,2628.87158203125,xgboost_baseline
APPLE_ELSTAR,PICNIC,NL-NB,2026-12-01,2026-12-31,Monthly,,KG,2.651,2.651,2628.87158203125,xgboost_baseline
APPLE_ELSTAR,PICNIC,NL-NB,2027-01-01,2027-01-31,Monthly,,KG,2.651,2.651,2626.098876953125,xgboost_baseline
APPLE_ELSTAR,PICNIC,NL-NH,2026-02-01,2026-02-28,Monthly,,KG,2.786,2.786,2755.194580078125,xgboost_baseline
APPLE_ELSTAR,PICNIC,NL-NH,2026-03-01,2026-03-31,Monthly,,KG,2.786,2.786,2713.161865234375,xgboost_baseline
APPLE_ELSTAR,PICNIC,NL-NH,2026-04-01,2026-04-30,Monthly,,KG,2.786,2.786,2713.058349609375,xgboost_baseline
APPLE_ELSTAR,PICNIC,NL-NH,2026-05-01,2026-05-31,Monthly,,KG,2.786,2.786,2779.700439453125,xgboost_baseline
APPLE_ELSTAR,PICNIC,NL-NH,2026-06-01,2026-06-30,Monthly,,KG,2.786,2.786,2773.523681640625,xgboost_baseline
APPLE_ELSTAR,PICNIC,NL-NH,2026-07-01,2026-07-31,Monthly,,KG,2.786,2.786,2773.523681640625,xgboost_baseline
APPLE_ELSTAR,PICNIC,NL-NH,2026-08-01,2026-08-31,Monthly,,KG,2.786,2.786,2775.99755859375,xgboost_baseline
APPLE_ELSTAR,PICNIC,NL-NH,2026-09-01,2026-09-30,Monthly,,KG,2.786,2.786,2775.99755859375,xgboost_baseline
APPLE_ELSTAR,PICNIC,NL-NH,2026-10-01,2026-10-31,Monthly,,KG,2.786,2.786,2775.998779296875,xgboost_baseline
APPLE_ELSTAR,PICNIC,NL-NH,2026-11-01,2026-11-30,Monthly,,KG,2.786,2.786,2775.71875,xgboost_baseline
APPLE_ELSTAR,PICNIC,NL-NH,2026-12-01,2026-12-31,Monthly,,KG,2.786,2.786,2775.71875,xgboost_baseline
APPLE_ELSTAR,PICNIC,NL-NH,2027-01-01,2027-01-31,Monthly,,KG,2.786,2.786,2769.97509765625,xgboost_baseline
APPLE_ELSTAR,PICNIC,NL-ZH,2026-02-01,2026-02-28,Monthly,,KG,2.89,2.89,2771.099853515625,xgboost_baseline
APPLE_ELSTAR,PICNIC,NL-ZH,2026-03-01,2026-03-31,Monthly,,KG,2.89,2.89,2713.161865234375,xgboost_baseline
APPLE_ELSTAR,PICNIC,NL-ZH,2026-04-01,2026-04-30,Monthly,,KG,2.89,2.89,2712.407470703125,xgboost_baseline
APPLE_ELSTAR,PICNIC,NL-ZH,2026-05-01,2026-05-31,Monthly,,KG,2.89,2.89,2779.700439453125,xgboost_baseline
APPLE_ELSTAR,PICNIC,NL-ZH,2026-06-01,2026-06-30,Monthly,,KG,2.89,2.89,2773.523681640625,xgboost_baseline
APPLE_ELSTAR,PICNIC,NL-ZH,2026-07-01,2026-07-31,Monthly,,KG,2.89,2.89,2773.523681640625,xgboost_baseline
APPLE_ELSTAR,PICNIC,NL-ZH,2026-08-01,2026-08-31,Monthly,,KG,2.89,2.89,2775.717529296875,xgboost_baseline
APPLE_ELSTAR,PICNIC,NL-ZH,2026-09-01,2026-09-30,Monthly,,KG,2.89,2.89,2775.99755859375,xgboost_baseline
APPLE_ELSTAR,PICNIC,NL-ZH,2026-10-01,2026-10-31,Monthly,,KG,2.89,2.89,2775.998779296875,xgboost_baseline
APPLE_ELSTAR,PICNIC,NL-ZH,2026-11-01,2026-11-30,Monthly,,KG,2.89,2.89,2775.71875,xgboost_baseline
APPLE_ELSTAR,PICNIC,NL-ZH,2026-12-01,2026-12-31,Monthly,,KG,2.89,2.89,2775.71875,xgboost_baseline
APPLE_ELSTAR,PICNIC,NL-ZH,2027-01-01,2027-01-31,Monthly,,KG,2.89,2.89,2769.9755859375,xgboost_baseline
APPLE_ELSTAR,PLUS,NL-GE,2026-02-01,2026-02-28,Monthly,,KG,2.614,2.614,3208.00927734375,xgboost_baseline
APPLE_ELSTAR,PLUS,NL-GE,2026-03-01,2026-03-31,Monthly,,KG,2.614,2.614,3048.266357421875,xgboost_baseline
APPLE_ELSTAR,PLUS,NL-GE,2026-04-01,2026-04-30,Monthly,,KG,2.614,2.614,3083.316162109375,xgboost_baseline
APPLE_ELSTAR,PLUS,NL-GE,2026-05-01,2026-05-31,Monthly,,KG,2.614,2.614,2699.79248046875,xgboost_baseline
APPLE_ELSTAR,PLUS,NL-GE,2026-06-01,2026-06-30,Monthly,,KG,2.614,2.614,2791.519287109375,xgboost_baseline
APPLE_ELSTAR,PLUS,NL-GE,2026-07-01,2026-07-31,Monthly,,KG,2.614,2.614,2656.62890625,xgboost_baseline
APPLE_ELSTAR,PLUS,NL-GE,2026-08-01,2026-08-31,Monthly,,KG,2.614,2.614,2860.75732421875,xgboost_baseline
APPLE_ELSTAR,PLUS,NL-GE,2026-09-01,2026-09-30,Monthly,,KG,2.614,2.614,2920.998779296875,xgboost_baseline
APPLE_ELSTAR,PLUS,NL-GE,2026-10-01,2026-10-31,Monthly,,KG,2.614,2.614,3035.498046875,xgboost_baseline
APPLE_ELSTAR,PLUS,NL-GE,2026-11-01,2026-11-30,Monthly,,KG,2.614,2.614,3071.749755859375,xgboost_baseline
APPLE_ELSTAR,PLUS,NL-GE,2026-12-01,2026-12-31,Monthly,,KG,2.614,2.614,3072.90576171875,xgboost_baseline
APPLE_ELSTAR,PLUS,NL-GE,2027-01-01,2027-01-31,Monthly,,KG,2.614,2.614,3021.073486328125,xgboost_baseline
APPLE_ELSTAR,PLUS,NL-NB,2026-02-01,2026-02-28,Monthly,,KG,2.681,2.681,2889.246337890625,xgboost_baseline
APPLE_ELSTAR,PLUS,NL-NB,2026-03-01,2026-03-31,Monthly,,KG,2.681,2.681,2826.628662109375,xgboost_baseline
APPLE_ELSTAR,PLUS,NL-NB,2026-04-01,2026-04-30,Monthly,,KG,2.681,2.681,2816.01904296875,xgboost_baseline
APPLE_ELSTAR,PLUS,NL-NB,2026-05-01,2026-05-31,Monthly,,KG,2.681,2.681,2762.55908203125,xgboost_baseline
APPLE_ELSTAR,PLUS,NL-NB,2026-06-01,2026-06-30,Monthly,,KG,2.681,2.681,2691.45751953125,xgboost_baseline
APPLE_ELSTAR,PLUS,NL-NB,2026-07-01,2026-07-31,Monthly,,KG,2.681,2.681,2663.4619140625,xgboost_baseline
APPLE_ELSTAR,PLUS,NL-NB,2026-08-01,2026-08-31,Monthly,,KG,2.681,2.681,2981.483154296875,xgboost_baseline
APPLE_ELSTAR,PLUS,NL-NB,2026-09-01,2026-09-30,Monthly,,KG,2.681,2.681,3124.557373046875,xgboost_baseline
APPLE_ELSTAR,PLUS,NL-NB,2026-10-01,2026-10-31,Monthly,,KG,2.681,2.681,3116.808349609375,xgboost_baseline
APPLE_ELSTAR,PLUS,NL-NB,2026-11-01,2026-11-30,Monthly,,KG,2.681,2.681,3056.65966796875,xgboost_baseline
APPLE_ELSTAR,PLUS,NL-NB,2026-12-01,2026-12-31,Monthly,,KG,2.681,2.681,3054.09521484375,xgboost_baseline
APPLE_ELSTAR,PLUS,NL-NB,2027-01-01,2027-01-31,Monthly,,KG,2.681,2.681,3023.8369140625,xgboost_baseline
APPLE_ELSTAR,PLUS,NL-NH,2026-02-01,2026-02-28,Monthly,,KG,2.808,2.808,2916.097900390625,xgboost_baseline
APPLE_ELSTAR,PLUS,NL-NH,2026-03-01,2026-03-31,Monthly,,KG,2.808,2.808,2833.76708984375,xgboost_baseline
APPLE_ELSTAR,PLUS,NL-NH,2026-04-01,2026-04-30,Monthly,,KG,2.808,2.808,2914.656982421875,xgboost_baseline
APPLE_ELSTAR,PLUS,NL-NH,2026-05-01,2026-05-31,Monthly,,KG,2.808,2.808,2868.60009765625,xgboost_baseline
APPLE_ELSTAR,PLUS,NL-NH,2026-06-01,2026-06-30,Monthly,,KG,2.808,2.808,2726.84375,xgboost_baseline
APPLE_ELSTAR,PLUS,NL-NH,2026-07-01,2026-07-31,Monthly,,KG,2.808,2.808,2930.2861328125,xgboost_baseline
APPLE_ELSTAR,PLUS,NL-NH,2026-08-01,2026-08-31,Monthly,,KG,2.808,2.808,3095.075439453125,xgboost_baseline
APPLE_ELSTAR,PLUS,NL-NH,2026-09-01,2026-09-30,Monthly,,KG,2.808,2.808,3098.95458984375,xgboost_baseline
APPLE_ELSTAR,PLUS,NL-NH,2026-10-01,2026-10-31,Monthly,,KG,2.808,2.808,3023.521484375,xgboost_baseline
APPLE_ELSTAR,PLUS,NL-NH,2026-11-01,2026-11-30,Monthly,,KG,2.808,2.808,3002.595458984375,xgboost_baseline
APPLE_ELSTAR,PLUS,NL-NH,2026-12-01,2026-12-31,Monthly,,KG,2.808,2.808,3043.964111328125,xgboost_baseline
APPLE_ELSTAR,PLUS,NL-NH,2027-01-01,2027-01-31,Monthly,,KG,2.808,2.808,2991.441650390625,xgboost_baseline
APPLE_ELSTAR,PLUS,NL-ZH,2026-02-01,2026-02-28,Monthly,,KG,2.863,2.863,2849.30712890625,xgboost_baseline
APPLE_ELSTAR,PLUS,NL-ZH,2026-03-01,2026-03-31,Monthly,,KG,2.863,2.863,2686.100830078125,xgboost_baseline
APPLE_ELSTAR,PLUS,NL-ZH,2026-04-01,2026-04-30,Monthly,,KG,2.863,2.863,2717.373779296875,xgboost_baseline
APPLE_ELSTAR,PLUS,NL-ZH,2026-05-01,2026-05-31,Monthly,,KG,2.863,2.863,2772.03759765625,xgboost_baseline
APPLE_ELSTAR,PLUS,NL-ZH,2026-06-01,2026-06-30,Monthly,,KG,2.863,2.863,2754.57568359375,xgboost_baseline
APPLE_ELSTAR,PLUS,NL-ZH,2026-07-01,2026-07-31,Monthly,,KG,2.863,2.863,2683.6201171875,xgboost_baseline
APPLE_ELSTAR,PLUS,NL-ZH,2026-08-01,2026-08-31,Monthly,,KG,2.863,2.863,2980.281494140625,xgboost_baseline
APPLE_ELSTAR,PLUS,NL-ZH,2026-09-01,2026-09-30,Monthly,,KG,2.863,2.863,3168.78173828125,xgboost_baseline
APPLE_ELSTAR,PLUS,NL-ZH,2026-10-01,2026-10-31,Monthly,,KG,2.863,2.863,3122.18505859375,xgboost_baseline
APPLE_ELSTAR,PLUS,NL-ZH,2026-11-01,2026-11-30,Monthly,,KG,2.863,2.863,3206.94189453125,xgboost_baseline
APPLE_ELSTAR,PLUS,NL-ZH,2026-12-01,2026-12-31,Monthly,,KG,2.863,2.863,3053.69140625,xgboost_baseline
APPLE_ELSTAR,PLUS,NL-ZH,2027-01-01,2027-01-31,Monthly,,KG,2.863,2.863,3020.370361328125,xgboost_baseline
APPLE_ELSTAR,SLIGRO,NL-GE,2026-02-01,2026-02-28,Monthly,,KG,2.622,2.622,2599.49755859375,xgboost_baseline
APPLE_ELSTAR,SLIGRO,NL-GE,2026-03-01,2026-03-31,Monthly,,KG,2.622,2.622,2569.172607421875,xgboost_baseline
APPLE_ELSTAR,SLIGRO,NL-GE,2026-04-01,2026-04-30,Monthly,,KG,2.622,2.622,2568.5283203125,xgboost_baseline
APPLE_ELSTAR,SLIGRO,NL-GE,2026-05-01,2026-05-31,Monthly,,KG,2.622,2.622,2604.927001953125,xgboost_baseline
APPLE_ELSTAR,SLIGRO,NL-GE,2026-06-01,2026-06-30,Monthly,,KG,2.622,2.622,2604.927001953125,xgboost_baseline
APPLE_ELSTAR,SLIGRO,NL-GE,2026-07-01,2026-07-31,Monthly,,KG,2.622,2.622,2604.931884765625,xgboost_baseline
APPLE_ELSTAR,SLIGRO,NL-GE,2026-08-01,2026-08-31,Monthly,,KG,2.622,2.622,2607.696533203125,xgboost_baseline
APPLE_ELSTAR,SLIGRO,NL-GE,2026-09-01,2026-09-30,Monthly,,KG,2.622,2.622,2607.696533203125,xgboost_baseline
APPLE_ELSTAR,SLIGRO,NL-GE,2026-10-01,2026-10-31,Monthly,,KG,2.622,2.622,2608.281494140625,xgboost_baseline
APPLE_ELSTAR,SLIGRO,NL-GE,2026-11-01,2026-11-30,Monthly,,KG,2.622,2.622,2607.6982421875,xgboost_baseline
APPLE_ELSTAR,SLIGRO,NL-GE,2026-12-01,2026-12-31,Monthly,,KG,2.622,2.622,2607.6982421875,xgboost_baseline
APPLE_ELSTAR,SLIGRO,NL-GE,2027-01-01,2027-01-31,Monthly,,KG,2.622,2.622,2604.0048828125,xgboost_baseline
APPLE_ELSTAR,SLIGRO,NL-NB,2026-02-01,2026-02-28,Monthly,,KG,2.716,2.716,2772.614990234375,xgboost_baseline
APPLE_ELSTAR,SLIGRO,NL-NB,2026-03-01,2026-03-31,Monthly,,KG,2.716,2.716,2711.86669921875,xgboost_baseline
APPLE_ELSTAR,SLIGRO,NL-NB,2026-04-01,2026-04-30,Monthly,,KG,2.716,2.716,2711.11181640625,xgboost_baseline
APPLE_ELSTAR,SLIGRO,NL-NB,2026-05-01,2026-05-31,Monthly,,KG,2.716,2.716,2777.65185546875,xgboost_baseline
APPLE_ELSTAR,SLIGRO,NL-NB,2026-06-01,2026-06-30,Monthly,,KG,2.716,2.716,2771.474609375,xgboost_baseline
APPLE_ELSTAR,SLIGRO,NL-NB,2026-07-01,2026-07-31,Monthly,,KG,2.716,2.716,2771.473388671875,xgboost_baseline
APPLE_ELSTAR,SLIGRO,NL-NB,2026-08-01,2026-08-31,Monthly,,KG,2.716,2.716,2775.717529296875,xgboost_baseline
APPLE_ELSTAR,SLIGRO,NL-NB,2026-09-01,2026-09-30,Monthly,,KG,2.716,2.716,2775.99755859375,xgboost_baseline
APPLE_ELSTAR,SLIGRO,NL-NB,2026-10-01,2026-10-31,Monthly,,KG,2.716,2.716,2775.998779296875,xgboost_baseline
APPLE_ELSTAR,SLIGRO,NL-NB,2026-11-01,2026-11-30,Monthly,,KG,2.716,2.716,2776.6015625,xgboost_baseline
APPLE_ELSTAR,SLIGRO,NL-NB,2026-12-01,2026-12-31,Monthly,,KG,2.716,2.716,2778.076904296875,xgboost_baseline
APPLE_ELSTAR,SLIGRO,NL-NB,2027-01-01,2027-01-31,Monthly,,KG,2.716,2.716,2770.152587890625,xgboost_baseline
APPLE_ELSTAR,SLIGRO,NL-NH,2026-02-01,2026-02-28,Monthly,,KG,2.823,2.823,2772.97265625,xgboost_baseline
APPLE_ELSTAR,SLIGRO,NL-NH,2026-03-01,2026-03-31,Monthly,,KG,2.823,2.823,2725.290283203125,xgboost_baseline
APPLE_ELSTAR,SLIGRO,NL-NH,2026-04-01,2026-04-30,Monthly,,KG,2.823,2.823,2723.792236328125,xgboost_baseline
APPLE_ELSTAR,SLIGRO,NL-NH,2026-05-01,2026-05-31,Monthly,,KG,2.823,2.823,2777.65185546875,xgboost_baseline
APPLE_ELSTAR,SLIGRO,NL-NH,2026-06-01,2026-06-30,Monthly,,KG,2.823,2.823,2771.473388671875,xgboost_baseline
APPLE_ELSTAR,SLIGRO,NL-NH,2026-07-01,2026-07-31,Monthly,,KG,2.823,2.823,2771.474609375,xgboost_baseline
APPLE_ELSTAR,SLIGRO,NL-NH,2026-08-01,2026-08-31,Monthly,,KG,2.823,2.823,2775.71875,xgboost_baseline
APPLE_ELSTAR,SLIGRO,NL-NH,2026-09-01,2026-09-30,Monthly,,KG,2.823,2.823,2775.998779296875,xgboost_baseline
APPLE_ELSTAR,SLIGRO,NL-NH,2026-10-01,2026-10-31,Monthly,,KG,2.823,2.823,2775.998779296875,xgboost_baseline
APPLE_ELSTAR,SLIGRO,NL-NH,2026-11-01,2026-11-30,Monthly,,KG,2.823,2.823,2777.89990234375,xgboost_baseline
APPLE_ELSTAR,SLIGRO,NL-NH,2026-12-01,2026-12-31,Monthly,,KG,2.823,2.823,2778.076904296875,xgboost_baseline
APPLE_ELSTAR,SLIGRO,NL-NH,2027-01-01,2027-01-31,Monthly,,KG,2.823,2.823,2770.152587890625,xgboost_baseline
APPLE_ELSTAR,SLIGRO,NL-ZH,2026-02-01,2026-02-28,Monthly,,KG,2.871,2.871,2771.081298828125,xgboost_baseline
APPLE_ELSTAR,SLIGRO,NL-ZH,2026-03-01,2026-03-31,Monthly,,KG,2.871,2.871,2728.75390625,xgboost_baseline
APPLE_ELSTAR,SLIGRO,NL-ZH,2026-04-01,2026-04-30,Monthly,,KG,2.871,2.871,2723.844482421875,xgboost_baseline
APPLE_ELSTAR,SLIGRO,NL-ZH,2026-05-01,2026-05-31,Monthly,,KG,2.871,2.871,2777.650146484375,xgboost_baseline
APPLE_ELSTAR,SLIGRO,NL-ZH,2026-06-01,2026-06-30,Monthly,,KG,2.871,2.871,2771.552001953125,xgboost_baseline
APPLE_ELSTAR,SLIGRO,NL-ZH,2026-07-01,2026-07-31,Monthly,,KG,2.871,2.871,2771.552001953125,xgboost_baseline
APPLE_ELSTAR,SLIGRO,NL-ZH,2026-08-01,2026-08-31,Monthly,,KG,2.871,2.871,2775.71875,xgboost_baseline
APPLE_ELSTAR,SLIGRO,NL-ZH,2026-09-01,2026-09-30,Monthly,,KG,2.871,2.871,2775.998779296875,xgboost_baseline
APPLE_ELSTAR,SLIGRO,NL-ZH,2026-10-01,2026-10-31,Monthly,,KG,2.871,2.871,2778.35693359375,xgboost_baseline
APPLE_ELSTAR,SLIGRO,NL-ZH,2026-11-01,2026-11-30,Monthly,,KG,2.871,2.871,2778.076904296875,xgboost_baseline
APPLE_ELSTAR,SLIGRO,NL-ZH,2026-12-01,2026-12-31,Monthly,,KG,2.871,2.871,2778.076904296875,xgboost_baseline
APPLE_ELSTAR,SLIGRO,NL-ZH,2027-01-01,2027-01-31,Monthly,,KG,2.871,2.871,2770.152587890625,xgboost_baseline
APPLE_GALA,AH,NL-GE,2026-02-01,2026-02-28,Monthly,,KG,2.567,2.567,3160.97119140625,xgboost_baseline
APPLE_GALA,AH,NL-GE,2026-03-01,2026-03-31,Monthly,,KG,2.25896,2.567,3064.673583984375,xgboost_baseline
APPLE_GALA,AH,NL-GE,2026-04-01,2026-04-30,Monthly,,KG,2.567,2.567,3249.061279296875,xgboost_baseline
APPLE_GALA,AH,NL-GE,2026-05-01,2026-05-31,Monthly,,KG,2.567,2.567,2659.1796875,xgboost_baseline
APPLE_GALA,AH,NL-GE,2026-06-01,2026-06-30,Monthly,,KG,2.567,2.567,2375.44287109375,xgboost_baseline
APPLE_GALA,AH,NL-GE,2026-07-01,2026-07-31,Monthly,,KG,2.567,2.567,2330.449951171875,xgboost_baseline
APPLE_GALA,AH,NL-GE,2026-08-01,2026-08-31,Monthly,,KG,2.3616400000000004,2.567,2560.697021484375,xgboost_baseline
APPLE_GALA,AH,NL-GE,2026-09-01,2026-09-30,Monthly,,KG,2.567,2.567,2464.549072265625,xgboost_baseline
APPLE_GALA,AH,NL-GE,2026-10-01,2026-10-31,Monthly,,KG,2.567,2.567,2672.55029296875,xgboost_baseline
APPLE_GALA,AH,NL-GE,2026-11-01,2026-11-30,Monthly,,KG,2.567,2.567,2860.553955078125,xgboost_baseline
APPLE_GALA,AH,NL-GE,2026-12-01,2026-12-31,Monthly,,KG,2.567,2.567,3102.124755859375,xgboost_baseline
APPLE_GALA,AH,NL-GE,2027-01-01,2027-01-31,Monthly,,KG,2.567,2.567,3153.779541015625,xgboost_baseline
APPLE_GALA,AH,NL-NB,2026-02-01,2026-02-28,Monthly,,KG,2.635,2.635,3011.9208984375,xgboost_baseline
APPLE_GALA,AH,NL-NB,2026-03-01,2026-03-31,Monthly,,KG,2.635,2.635,2979.22119140625,xgboost_baseline
APPLE_GALA,AH,NL-NB,2026-04-01,2026-04-30,Monthly,,KG,2.635,2.635,2799.501953125,xgboost_baseline
APPLE_GALA,AH,NL-NB,2026-05-01,2026-05-31,Monthly,,KG,2.635,2.635,2580.570556640625,xgboost_baseline
APPLE_GALA,AH,NL-NB,2026-06-01,2026-06-30,Monthly,,KG,2.635,2.635,2605.7607421875,xgboost_baseline
APPLE_GALA,AH,NL-NB,2026-07-01,2026-07-31,Monthly,,KG,2.635,2.635,2661.100341796875,xgboost_baseline
APPLE_GALA,AH,NL-NB,2026-08-01,2026-08-31,Monthly,,KG,2.635,2.635,2618.682373046875,xgboost_baseline
APPLE_GALA,AH,NL-NB,2026-09-01,2026-09-30,Monthly,,KG,2.635,2.635,2902.64599609375,xgboost_baseline
APPLE_GALA,AH,NL-NB,2026-10-01,2026-10-31,Monthly,,KG,2.635,2.635,3166.5439453125,xgboost_baseline
APPLE_GALA,AH,NL-NB,2026-11-01,2026-11-30,Monthly,,KG,2.635,2.635,3147.6083984375,xgboost_baseline
APPLE_GALA,AH,NL-NB,2026-12-01,2026-12-31,Monthly,,KG,2.635,2.635,3283.188720703125,xgboost_baseline
APPLE_GALA,AH,NL-NB,2027-01-01,2027-01-31,Monthly,,KG,2.635,2.635,3030.8369140625,xgboost_baseline
APPLE_GALA,AH,NL-NH,2026-02-01,2026-02-28,Monthly,,KG,2.764,2.764,3051.725830078125,xgboost_baseline
APPLE_GALA,AH,NL-NH,2026-03-01,2026-03-31,Monthly,,KG,2.764,2.764,3057.927490234375,xgboost_baseline
APPLE_GALA,AH,NL-NH,2026-04-01,2026-04-30,Monthly,,KG,2.764,2.764,2967.46142578125,xgboost_baseline
APPLE_GALA,AH,NL-NH,2026-05-01,2026-05-31,Monthly,,KG,2.764,2.764,2892.42724609375,xgboost_baseline
APPLE_GALA,AH,NL-NH,2026-06-01,2026-06-30,Monthly,,KG,2.764,2.764,2705.322998046875,xgboost_baseline
APPLE_GALA,AH,NL-NH,2026-07-01,2026-07-31,Monthly,,KG,2.764,2.764,2800.75634765625,xgboost_baseline
APPLE_GALA,AH,NL-NH,2026-08-01,2026-08-31,Monthly,,KG,2.764,2.764,2992.039794921875,xgboost_baseline
APPLE_GALA,AH,NL-NH,2026-09-01,2026-09-30,Monthly,,KG,2.764,2.764,2865.598876953125,xgboost_baseline
APPLE_GALA,AH,NL-NH,2026-10-01,2026-10-31,Monthly,,KG,2.764,2.764,3095.2587890625,xgboost_baseline
APPLE_GALA,AH,NL-NH,2026-11-01,2026-11-30,Monthly,,KG,2.764,2.764,3109.4306640625,xgboost_baseline
APPLE_GALA,AH,NL-NH,2026-12-01,2026-12-31,Monthly,,KG,2.764,2.764,3198.28564453125,xgboost_baseline
APPLE_GALA,AH,NL-NH,2027-01-01,2027-01-31,Monthly,,KG,2.764,2.764,3024.240234375,xgboost_baseline
APPLE_GALA,AH,NL-ZH,2026-02-01,2026-02-28,Monthly,,KG,2.824,2.824,2929.681396484375,xgboost_baseline
APPLE_GALA,AH,NL-ZH,2026-03-01,2026-03-31,Monthly,,KG,2.824,2.824,2922.52490234375,xgboost_baseline
APPLE_GALA,AH,NL-ZH,2026-04-01,2026-04-30,Monthly,,KG,2.824,2.824,2911.556884765625,xgboost_baseline
APPLE_GALA,AH,NL-ZH,2026-05-01,2026-05-31,Monthly,,KG,2.824,2.824,2877.037841796875,xgboost_baseline
APPLE_GALA,AH,NL-ZH,2026-06-01,2026-06-30,Monthly,,KG,2.824,2.824,2808.18115234375,xgboost_baseline
APPLE_GALA,AH,NL-ZH,2026-07-01,2026-07-31,Monthly,,KG,2.824,2.824,2819.937255859375,xgboost_baseline
APPLE_GALA,AH,NL-ZH,2026-08-01,2026-08-31,Monthly,,KG,2.824,2.824,3025.095458984375,xgboost_baseline
APPLE_GALA,AH,NL-ZH,2026-09-01,2026-09-30,Monthly,,KG,2.824,2.824,3100.255859375,xgboost_baseline
APPLE_GALA,AH,NL-ZH,2026-10-01,2026-10-31,Monthly,,KG,2.824,2.824,3109.90869140625,xgboost_baseline
APPLE_GALA,AH,NL-ZH,2026-11-01,2026-11-30,Monthly,,KG,2.824,2.824,3004.9755859375,xgboost_baseline
APPLE_GALA,AH,NL-ZH,2026-12-01,2026-12-31,Monthly,,KG,2.824,2.824,3044.08203125,xgboost_baseline
APPLE_GALA,AH,NL-ZH,2027-01-01,2027-01-31,Monthly,,KG,2.824,2.824,3022.1220703125,xgboost_baseline
APPLE_GALA,FLINK,NL-GE,2026-02-01,2026-02-28,Monthly,,KG,2.611,2.611,2619.779296875,xgboost_baseline
APPLE_GALA,FLINK,NL-GE,2026-03-01,2026-03-31,Monthly,,KG,2.611,2.611,2570.206298828125,xgboost_baseline
APPLE_GALA,FLINK,NL-GE,2026-04-01,2026-04-30,Monthly,,KG,2.611,2.611,2570.093994140625,xgboost_baseline
APPLE_GALA,FLINK,NL-GE,2026-05-01,2026-05-31,Monthly,,KG,2.611,2.611,2610.66455078125,xgboost_baseline
APPLE_GALA,FLINK,NL-GE,2026-06-01,2026-06-30,Monthly,,KG,2.611,2.611,2610.66455078125,xgboost_baseline
APPLE_GALA,FLINK,NL-GE,2026-07-01,2026-07-31,Monthly,,KG,2.611,2.611,2610.66455078125,xgboost_baseline
APPLE_GALA,FLINK,NL-GE,2026-08-01,2026-08-31,Monthly,,KG,2.611,2.611,2608.802978515625,xgboost_baseline
APPLE_GALA,FLINK,NL-GE,2026-09-01,2026-09-30,Monthly,,KG,2.611,2.611,2608.802978515625,xgboost_baseline
APPLE_GALA,FLINK,NL-GE,2026-10-01,2026-10-31,Monthly,,KG,2.611,2.611,2608.802978515625,xgboost_baseline
APPLE_GALA,FLINK,NL-GE,2026-11-01,2026-11-30,Monthly,,KG,2.611,2.611,2608.802978515625,xgboost_baseline
APPLE_GALA,FLINK,NL-GE,2026-12-01,2026-12-31,Monthly,,KG,2.611,2.611,2608.802978515625,xgboost_baseline
APPLE_GALA,FLINK,NL-GE,2027-01-01,2027-01-31,Monthly,,KG,2.611,2.611,2605.108642578125,xgboost_baseline
APPLE_GALA,FLINK,NL-NB,2026-02-01,2026-02-28,Monthly,,KG,2.694,2.694,2755.194580078125,xgboost_baseline
APPLE_GALA,FLINK,NL-NB,2026-03-01,2026-03-31,Monthly,,KG,2.694,2.694,2713.161865234375,xgboost_baseline
APPLE_GALA,FLINK,NL-NB,2026-04-01,2026-04-30,Monthly,,KG,2.694,2.694,2713.058349609375,xgboost_baseline
APPLE_GALA,FLINK,NL-NB,2026-05-01,2026-05-31,Monthly,,KG,2.694,2.694,2779.700439453125,xgboost_baseline
APPLE_GALA,FLINK,NL-NB,2026-06-01,2026-06-30,Monthly,,KG,2.694,2.694,2773.523681640625,xgboost_baseline
APPLE_GALA,FLINK,NL-NB,2026-07-01,2026-07-31,Monthly,,KG,2.694,2.694,2773.523681640625,xgboost_baseline
APPLE_GALA,FLINK,NL-NB,2026-08-01,2026-08-31,Monthly,,KG,2.694,2.694,2775.99755859375,xgboost_baseline
APPLE_GALA,FLINK,NL-NB,2026-09-01,2026-09-30,Monthly,,KG,2.694,2.694,2775.99755859375,xgboost_baseline
APPLE_GALA,FLINK,NL-NB,2026-10-01,2026-10-31,Monthly,,KG,2.694,2.694,2775.998779296875,xgboost_baseline
APPLE_GALA,FLINK,NL-NB,2026-11-01,2026-11-30,Monthly,,KG,2.694,2.694,2775.71875,xgboost_baseline
APPLE_GALA,FLINK,NL-NB,2026-12-01,2026-12-31,Monthly,,KG,2.694,2.694,2775.71875,xgboost_baseline
APPLE_GALA,FLINK,NL-NB,2027-01-01,2027-01-31,Monthly,,KG,2.694,2.694,2767.79443359375,xgboost_baseline
APPLE_GALA,FLINK,NL-NH,2026-02-01,2026-02-28,Monthly,,KG,2.762,2.762,2772.614990234375,xgboost_baseline
APPLE_GALA,FLINK,NL-NH,2026-03-01,2026-03-31,Monthly,,KG,2.762,2.762,2713.161865234375,xgboost_baseline
APPLE_GALA,FLINK,NL-NH,2026-04-01,2026-04-30,Monthly,,KG,2.762,2.762,2713.058349609375,xgboost_baseline
APPLE_GALA,FLINK,NL-NH,2026-05-01,2026-05-31,Monthly,,KG,2.762,2.762,2779.700439453125,xgboost_baseline
APPLE_GALA,FLINK,NL-NH,2026-06-01,2026-06-30,Monthly,,KG,2.762,2.762,2773.523681640625,xgboost_baseline
APPLE_GALA,FLINK,NL-NH,2026-07-01,2026-07-31,Monthly,,KG,2.762,2.762,2773.523681640625,xgboost_baseline
APPLE_GALA,FLINK,NL-NH,2026-08-01,2026-08-31,Monthly,,KG,2.762,2.762,2775.717529296875,xgboost_baseline
APPLE_GALA,FLINK,NL-NH,2026-09-01,2026-09-30,Monthly,,KG,2.762,2.762,2775.99755859375,xgboost_baseline
APPLE_GALA,FLINK,NL-NH,2026-10-01,2026-10-31,Monthly,,KG,2.762,2.762,2775.998779296875,xgboost_baseline
APPLE_GALA,FLINK,NL-NH,2026-11-01,2026-11-30,Monthly,,KG,2.762,2.762,2775.71875,xgboost_baseline
APPLE_GALA,FLINK,NL-NH,2026-12-01,2026-12-31,Monthly,,KG,2.762,2.762,2775.71875,xgboost_baseline
APPLE_GALA,FLINK,NL-NH,2027-01-01,2027-01-31,Monthly,,KG,2.762,2.762,2767.79443359375,xgboost_baseline
APPLE_GALA,FLINK,NL-ZH,2026-02-01,2026-02-28,Monthly,,KG,2.891,2.891,2772.614990234375,xgboost_baseline
APPLE_GALA,FLINK,NL-ZH,2026-03-01,2026-03-31,Monthly,,KG,2.891,2.891,2713.161865234375,xgboost_baseline
APPLE_GALA,FLINK,NL-ZH,2026-04-01,2026-04-30,Monthly,,KG,2.891,2.891,2713.058349609375,xgboost_baseline
APPLE_GALA,FLINK,NL-ZH,2026-05-01,2026-05-31,Monthly,,KG,2.891,2.891,2779.700439453125,xgboost_baseline
APPLE_GALA,FLINK,NL-ZH,2026-06-01,2026-06-30,Monthly,,KG,2.891,2.891,2773.523681640625,xgboost_baseline
APPLE_GALA,FLINK,NL-ZH,2026-07-01,2026-07-31,Monthly,,KG,2.891,2.891,2773.523681640625,xgboost_baseline
APPLE_GALA,FLINK,NL-ZH,2026-08-01,2026-08-31,Monthly,,KG,2.891,2.891,2775.717529296875,xgboost_baseline
APPLE_GALA,FLINK,NL-ZH,2026-09-01,2026-09-30,Monthly,,KG,2.891,2.891,2775.99755859375,xgboost_baseline
APPLE_GALA,FLINK,NL-ZH,2026-10-01,2026-10-31,Monthly,,KG,2.891,2.891,2775.998779296875,xgboost_baseline
APPLE_GALA,FLINK,NL-ZH,2026-11-01,2026-11-30,Monthly,,KG,2.891,2.891,2775.71875,xgboost_baseline
APPLE_GALA,FLINK,NL-ZH,2026-12-01,2026-12-31,Monthly,,KG,2.891,2.891,2775.71875,xgboost_baseline
APPLE_GALA,FLINK,NL-ZH,2027-01-01,2027-01-31,Monthly,,KG,2.891,2.891,2767.79443359375,xgboost_baseline
APPLE_GALA,GREENACRES,NL-GE,2026-02-01,2026-02-28,Monthly,,KG,2.62,2.62,2599.49755859375,xgboost_baseline
APPLE_GALA,GREENACRES,NL-GE,2026-03-01,2026-03-31,Monthly,,KG,2.62,2.62,2556.910400390625,xgboost_baseline
APPLE_GALA,GREENACRES,NL-GE,2026-04-01,2026-04-30,Monthly,,KG,2.62,2.62,2560.046142578125,xgboost_baseline
APPLE_GALA,GREENACRES,NL-GE,2026-05-01,2026-05-31,Monthly,,KG,2.62,2.62,2609.34716796875,xgboost_baseline
APPLE_GALA,GREENACRES,NL-GE,2026-06-01,2026-06-30,Monthly,,KG,2.62,2.62,2604.92822265625,xgboost_baseline
APPLE_GALA,GREENACRES,NL-GE,2026-07-01,2026-07-31,Monthly,,KG,2.62,2.62,2604.927001953125,xgboost_baseline
APPLE_GALA,GREENACRES,NL-GE,2026-08-01,2026-08-31,Monthly,,KG,2.62,2.62,2607.696533203125,xgboost_baseline
APPLE_GALA,GREENACRES,NL-GE,2026-09-01,2026-09-30,Monthly,,KG,2.62,2.62,2607.696533203125,xgboost_baseline
APPLE_GALA,GREENACRES,NL-GE,2026-10-01,2026-10-31,Monthly,,KG,2.62,2.62,2607.696533203125,xgboost_baseline
APPLE_GALA,GREENACRES,NL-GE,2026-11-01,2026-11-30,Monthly,,KG,2.62,2.62,2607.696533203125,xgboost_baseline
APPLE_GALA,GREENACRES,NL-GE,2026-12-01,2026-12-31,Monthly,,KG,2.62,2.62,2608.27978515625,xgboost_baseline
APPLE_GALA,GREENACRES,NL-GE,2027-01-01,2027-01-31,Monthly,,KG,2.62,2.62,2604.0048828125,xgboost_baseline
APPLE_GALA,GREENACRES,NL-NB,2026-02-01,2026-02-28,Monthly,,KG,2.696,2.696,2755.194580078125,xgboost_baseline
APPLE_GALA,GREENACRES,NL-NB,2026-03-01,2026-03-31,Monthly,,KG,2.696,2.696,2711.8662109375,xgboost_baseline
APPLE_GALA,GREENACRES,NL-NB,2026-04-01,2026-04-30,Monthly,,KG,2.696,2.696,2712.407470703125,xgboost_baseline
APPLE_GALA,GREENACRES,NL-NB,2026-05-01,2026-05-31,Monthly,,KG,2.696,2.696,2779.700439453125,xgboost_baseline
APPLE_GALA,GREENACRES,NL-NB,2026-06-01,2026-06-30,Monthly,,KG,2.696,2.696,2773.523681640625,xgboost_baseline
APPLE_GALA,GREENACRES,NL-NB,2026-07-01,2026-07-31,Monthly,,KG,2.696,2.696,2771.474609375,xgboost_baseline
APPLE_GALA,GREENACRES,NL-NB,2026-08-01,2026-08-31,Monthly,,KG,2.696,2.696,2775.99755859375,xgboost_baseline
APPLE_GALA,GREENACRES,NL-NB,2026-09-01,2026-09-30,Monthly,,KG,2.696,2.696,2775.99755859375,xgboost_baseline
APPLE_GALA,GREENACRES,NL-NB,2026-10-01,2026-10-31,Monthly,,KG,2.696,2.696,2775.998779296875,xgboost_baseline
APPLE_GALA,GREENACRES,NL-NB,2026-11-01,2026-11-30,Monthly,,KG,2.696,2.696,2775.71875,xgboost_baseline
APPLE_GALA,GREENACRES,NL-NB,2026-12-01,2026-12-31,Monthly,,KG,2.696,2.696,2775.725341796875,xgboost_baseline
APPLE_GALA,GREENACRES,NL-NB,2027-01-01,2027-01-31,Monthly,,KG,2.696,2.696,2770.152587890625,xgboost_baseline
APPLE_GALA,GREENACRES,NL-NH,2026-02-01,2026-02-28,Monthly,,KG,2.756,2.756,2755.194580078125,xgboost_baseline
APPLE_GALA,GREENACRES,NL-NH,2026-03-01,2026-03-31,Monthly,,KG,2.756,2.756,2711.8662109375,xgboost_baseline
APPLE_GALA,GREENACRES,NL-NH,2026-04-01,2026-04-30,Monthly,,KG,2.756,2.756,2712.407470703125,xgboost_baseline
APPLE_GALA,GREENACRES,NL-NH,2026-05-01,2026-05-31,Monthly,,KG,2.756,2.756,2779.700439453125,xgboost_baseline
APPLE_GALA,GREENACRES,NL-NH,2026-06-01,2026-06-30,Monthly,,KG,2.756,2.756,2773.523681640625,xgboost_baseline
APPLE_GALA,GREENACRES,NL-NH,2026-07-01,2026-07-31,Monthly,,KG,2.756,2.756,2771.474609375,xgboost_baseline
APPLE_GALA,GREENACRES,NL-NH,2026-08-01,2026-08-31,Monthly,,KG,2.756,2.756,2775.99755859375,xgboost_baseline
APPLE_GALA,GREENACRES,NL-NH,2026-09-01,2026-09-30,Monthly,,KG,2.756,2.756,2775.99755859375,xgboost_baseline
APPLE_GALA,GREENACRES,NL-NH,2026-10-01,2026-10-31,Monthly,,KG,2.756,2.756,2775.998779296875,xgboost_baseline
APPLE_GALA,GREENACRES,NL-NH,2026-11-01,2026-11-30,Monthly,,KG,2.756,2.756,2775.71875,xgboost_baseline
APPLE_GALA,GREENACRES,NL-NH,2026-12-01,2026-12-31,Monthly,,KG,2.756,2.756,2777.89990234375,xgboost_baseline
APPLE_GALA,GREENACRES,NL-NH,2027-01-01,2027-01-31,Monthly,,KG,2.756,2.756,2770.152587890625,xgboost_baseline
APPLE_GALA,GREENACRES,NL-ZH,2026-02-01,2026-02-28,Monthly,,KG,2.782,2.782,2771.099853515625,xgboost_baseline
APPLE_GALA,GREENACRES,NL-ZH,2026-03-01,2026-03-31,Monthly,,KG,2.782,2.782,2724.686767578125,xgboost_baseline
APPLE_GALA,GREENACRES,NL-ZH,2026-04-01,2026-04-30,Monthly,,KG,2.782,2.782,2723.844482421875,xgboost_baseline
APPLE_GALA,GREENACRES,NL-ZH,2026-05-01,2026-05-31,Monthly,,KG,2.782,2.782,2777.65185546875,xgboost_baseline
APPLE_GALA,GREENACRES,NL-ZH,2026-06-01,2026-06-30,Monthly,,KG,2.782,2.782,2771.473388671875,xgboost_baseline
APPLE_GALA,GREENACRES,NL-ZH,2026-07-01,2026-07-31,Monthly,,KG,2.782,2.782,2771.474609375,xgboost_baseline
APPLE_GALA,GREENACRES,NL-ZH,2026-08-01,2026-08-31,Monthly,,KG,2.782,2.782,2775.71875,xgboost_baseline
APPLE_GALA,GREENACRES,NL-ZH,2026-09-01,2026-09-30,Monthly,,KG,2.782,2.782,2775.998779296875,xgboost_baseline
APPLE_GALA,GREENACRES,NL-ZH,2026-10-01,2026-10-31,Monthly,,KG,2.782,2.782,2775.998779296875,xgboost_baseline
APPLE_GALA,GREENACRES,NL-ZH,2026-11-01,2026-11-30,Monthly,,KG,2.782,2.782,2777.89990234375,xgboost_baseline
APPLE_GALA,GREENACRES,NL-ZH,2026-12-01,2026-12-31,Monthly,,KG,2.782,2.782,2778.076904296875,xgboost_baseline
APPLE_GALA,GREENACRES,NL-ZH,2027-01-01,2027-01-31,Monthly,,KG,2.782,2.782,2770.152587890625,xgboost_baseline
APPLE_GALA,HELLOFRESH,NL-GE,2026-02-01,2026-02-28,Monthly,,KG,2.612,2.612,2619.779296875,xgboost_baseline
APPLE_GALA,HELLOFRESH,NL-GE,2026-03-01,2026-03-31,Monthly,,KG,2.612,2.612,2570.206298828125,xgboost_baseline
APPLE_GALA,HELLOFRESH,NL-GE,2026-04-01,2026-04-30,Monthly,,KG,2.612,2.612,2570.093994140625,xgboost_baseline
APPLE_GALA,HELLOFRESH,NL-GE,2026-05-01,2026-05-31,Monthly,,KG,2.612,2.612,2610.66455078125,xgboost_baseline
APPLE_GALA,HELLOFRESH,NL-GE,2026-06-01,2026-06-30,Monthly,,KG,2.612,2.612,2610.66455078125,xgboost_baseline
APPLE_GALA,HELLOFRESH,NL-GE,2026-07-01,2026-07-31,Monthly,,KG,2.612,2.612,2610.66455078125,xgboost_baseline
APPLE_GALA,HELLOFRESH,NL-GE,2026-08-01,2026-08-31,Monthly,,KG,2.612,2.612,2608.802978515625,xgboost_baseline
APPLE_GALA,HELLOFRESH,NL-GE,2026-09-01,2026-09-30,Monthly,,KG,2.612,2.612,2608.802978515625,xgboost_baseline
APPLE_GALA,HELLOFRESH,NL-GE,2026-10-01,2026-10-31,Monthly,,KG,2.612,2.612,2608.802978515625,xgboost_baseline
APPLE_GALA,HELLOFRESH,NL-GE,2026-11-01,2026-11-30,Monthly,,KG,2.612,2.612,2608.802978515625,xgboost_baseline
APPLE_GALA,HELLOFRESH,NL-GE,2026-12-01,2026-12-31,Monthly,,KG,2.612,2.612,2608.802978515625,xgboost_baseline
APPLE_GALA,HELLOFRESH,NL-GE,2027-01-01,2027-01-31,Monthly,,KG,2.612,2.612,2605.108642578125,xgboost_baseline
APPLE_GALA,HELLOFRESH,NL-NB,2026-02-01,2026-02-28,Monthly,,KG,2.652,2.652,2623.330322265625,xgboost_baseline
APPLE_GALA,HELLOFRESH,NL-NB,2026-03-01,2026-03-31,Monthly,,KG,2.652,2.652,2577.119140625,xgboost_baseline
APPLE_GALA,HELLOFRESH,NL-NB,2026-04-01,2026-04-30,Monthly,,KG,2.652,2.652,2577.0068359375,xgboost_baseline
APPLE_GALA,HELLOFRESH,NL-NB,2026-05-01,2026-05-31,Monthly,,KG,2.652,2.652,2633.000244140625,xgboost_baseline
APPLE_GALA,HELLOFRESH,NL-NB,2026-06-01,2026-06-30,Monthly,,KG,2.652,2.652,2633.000244140625,xgboost_baseline
APPLE_GALA,HELLOFRESH,NL-NB,2026-07-01,2026-07-31,Monthly,,KG,2.652,2.652,2633.000244140625,xgboost_baseline
APPLE_GALA,HELLOFRESH,NL-NB,2026-08-01,2026-08-31,Monthly,,KG,2.652,2.652,2628.871826171875,xgboost_baseline
APPLE_GALA,HELLOFRESH,NL-NB,2026-09-01,2026-09-30,Monthly,,KG,2.652,2.652,2628.871826171875,xgboost_baseline
APPLE_GALA,HELLOFRESH,NL-NB,2026-10-01,2026-10-31,Monthly,,KG,2.652,2.652,2628.87158203125,xgboost_baseline
APPLE_GALA,HELLOFRESH,NL-NB,2026-11-01,2026-11-30,Monthly,,KG,2.652,2.652,2628.87158203125,xgboost_baseline
APPLE_GALA,HELLOFRESH,NL-NB,2026-12-01,2026-12-31,Monthly,,KG,2.652,2.652,2628.87158203125,xgboost_baseline
APPLE_GALA,HELLOFRESH,NL-NB,2027-01-01,2027-01-31,Monthly,,KG,2.652,2.652,2626.098876953125,xgboost_baseline
APPLE_GALA,HELLOFRESH,NL-NH,2026-02-01,2026-02-28,Monthly,,KG,2.818,2.818,2772.614990234375,xgboost_baseline
APPLE_GALA,HELLOFRESH,NL-NH,2026-03-01,2026-03-31,Monthly,,KG,2.818,2.818,2713.161865234375,xgboost_baseline
APPLE_GALA,HELLOFRESH,NL-NH,2026-04-01,2026-04-30,Monthly,,KG,2.818,2.818,2713.058349609375,xgboost_baseline
APPLE_GALA,HELLOFRESH,NL-NH,2026-05-01,2026-05-31,Monthly,,KG,2.818,2.818,2779.700439453125,xgboost_baseline
APPLE_GALA,HELLOFRESH,NL-NH,2026-06-01,2026-06-30,Monthly,,KG,2.818,2.818,2773.523681640625,xgboost_baseline
APPLE_GALA,HELLOFRESH,NL-NH,2026-07-01,2026-07-31,Monthly,,KG,2.818,2.818,2773.523681640625,xgboost_baseline
APPLE_GALA,HELLOFRESH,NL-NH,2026-08-01,2026-08-31,Monthly,,KG,2.818,2.818,2775.717529296875,xgboost_baseline
APPLE_GALA,HELLOFRESH,NL-NH,2026-09-01,2026-09-30,Monthly,,KG,2.818,2.818,2775.99755859375,xgboost_baseline
APPLE_GALA,HELLOFRESH,NL-NH,2026-10-01,2026-10-31,Monthly,,KG,2.818,2.818,2775.998779296875,xgboost_baseline
APPLE_GALA,HELLOFRESH,NL-NH,2026-11-01,2026-11-30,Monthly,,KG,2.818,2.818,2775.71875,xgboost_baseline
APPLE_GALA,HELLOFRESH,NL-NH,2026-12-01,2026-12-31,Monthly,,KG,2.818,2.818,2775.71875,xgboost_baseline
APPLE_GALA,HELLOFRESH,NL-NH,2027-01-01,2027-01-31,Monthly,,KG,2.818,2.818,2767.79443359375,xgboost_baseline
APPLE_GALA,HELLOFRESH,NL-ZH,2026-02-01,2026-02-28,Monthly,,KG,2.831,2.831,2771.099853515625,xgboost_baseline
APPLE_GALA,HELLOFRESH,NL-ZH,2026-03-01,2026-03-31,Monthly,,KG,2.831,2.831,2713.161865234375,xgboost_baseline
APPLE_GALA,HELLOFRESH,NL-ZH,2026-04-01,2026-04-30,Monthly,,KG,2.831,2.831,2713.058349609375,xgboost_baseline
APPLE_GALA,HELLOFRESH,NL-ZH,2026-05-01,2026-05-31,Monthly,,KG,2.831,2.831,2779.700439453125,xgboost_baseline
APPLE_GALA,HELLOFRESH,NL-ZH,2026-06-01,2026-06-30,Monthly,,KG,2.831,2.831,2773.523681640625,xgboost_baseline
APPLE_GALA,HELLOFRESH,NL-ZH,2026-07-01,2026-07-31,Monthly,,KG,2.831,2.831,2773.523681640625,xgboost_baseline
APPLE_GALA,HELLOFRESH,NL-ZH,2026-08-01,2026-08-31,Monthly,,KG,2.831,2.831,2775.717529296875,xgboost_baseline
APPLE_GALA,HELLOFRESH,NL-ZH,2026-09-01,2026-09-30,Monthly,,KG,2.831,2.831,2775.99755859375,xgboost_baseline
APPLE_GALA,HELLOFRESH,NL-ZH,2026-10-01,2026-10-31,Monthly,,KG,2.831,2.831,2775.998779296875,xgboost_baseline
APPLE_GALA,HELLOFRESH,NL-ZH,2026-11-01,2026-11-30,Monthly,,KG,2.831,2.831,2775.71875,xgboost_baseline
APPLE_GALA,HELLOFRESH,NL-ZH,2026-12-01,2026-12-31,Monthly,,KG,2.831,2.831,2775.71875,xgboost_baseline
APPLE_GALA,HELLOFRESH,NL-ZH,2027-01-01,2027-01-31,Monthly,,KG,2.831,2.831,2767.79443359375,xgboost_baseline
APPLE_GALA,HOLLANDFOODSERVICE,NL-GE,2026-02-01,2026-02-28,Monthly,,KG,2.601,2.601,2600.74169921875,xgboost_baseline
APPLE_GALA,HOLLANDFOODSERVICE,NL-GE,2026-03-01,2026-03-31,Monthly,,KG,2.601,2.601,2566.736572265625,xgboost_baseline
APPLE_GALA,HOLLANDFOODSERVICE,NL-GE,2026-04-01,2026-04-30,Monthly,,KG,2.601,2.601,2570.093994140625,xgboost_baseline
APPLE_GALA,HOLLANDFOODSERVICE,NL-GE,2026-05-01,2026-05-31,Monthly,,KG,2.601,2.601,2610.66455078125,xgboost_baseline
APPLE_GALA,HOLLANDFOODSERVICE,NL-GE,2026-06-01,2026-06-30,Monthly,,KG,2.601,2.601,2606.023681640625,xgboost_baseline
APPLE_GALA,HOLLANDFOODSERVICE,NL-GE,2026-07-01,2026-07-31,Monthly,,KG,2.601,2.601,2606.02001953125,xgboost_baseline
APPLE_GALA,HOLLANDFOODSERVICE,NL-GE,2026-08-01,2026-08-31,Monthly,,KG,2.601,2.601,2608.802978515625,xgboost_baseline
APPLE_GALA,HOLLANDFOODSERVICE,NL-GE,2026-09-01,2026-09-30,Monthly,,KG,2.601,2.601,2608.802978515625,xgboost_baseline
APPLE_GALA,HOLLANDFOODSERVICE,NL-GE,2026-10-01,2026-10-31,Monthly,,KG,2.601,2.601,2608.802978515625,xgboost_baseline
APPLE_GALA,HOLLANDFOODSERVICE,NL-GE,2026-11-01,2026-11-30,Monthly,,KG,2.601,2.601,2608.802978515625,xgboost_baseline
APPLE_GALA,HOLLANDFOODSERVICE,NL-GE,2026-12-01,2026-12-31,Monthly,,KG,2.601,2.601,2608.8046875,xgboost_baseline
APPLE_GALA,HOLLANDFOODSERVICE,NL-GE,2027-01-01,2027-01-31,Monthly,,KG,2.601,2.601,2605.111328125,xgboost_baseline
APPLE_GALA,HOLLANDFOODSERVICE,NL-NB,2026-02-01,2026-02-28,Monthly,,KG,2.691,2.691,2755.194580078125,xgboost_baseline
APPLE_GALA,HOLLANDFOODSERVICE,NL-NB,2026-03-01,2026-03-31,Monthly,,KG,2.691,2.691,2711.8662109375,xgboost_baseline
APPLE_GALA,HOLLANDFOODSERVICE,NL-NB,2026-04-01,2026-04-30,Monthly,,KG,2.691,2.691,2712.407470703125,xgboost_baseline
APPLE_GALA,HOLLANDFOODSERVICE,NL-NB,2026-05-01,2026-05-31,Monthly,,KG,2.691,2.691,2779.700439453125,xgboost_baseline
APPLE_GALA,HOLLANDFOODSERVICE,NL-NB,2026-06-01,2026-06-30,Monthly,,KG,2.691,2.691,2773.523681640625,xgboost_baseline
APPLE_GALA,HOLLANDFOODSERVICE,NL-NB,2026-07-01,2026-07-31,Monthly,,KG,2.691,2.691,2771.474609375,xgboost_baseline
APPLE_GALA,HOLLANDFOODSERVICE,NL-NB,2026-08-01,2026-08-31,Monthly,,KG,2.691,2.691,2775.99755859375,xgboost_baseline
APPLE_GALA,HOLLANDFOODSERVICE,NL-NB,2026-09-01,2026-09-30,Monthly,,KG,2.691,2.691,2775.99755859375,xgboost_baseline
APPLE_GALA,HOLLANDFOODSERVICE,NL-NB,2026-10-01,2026-10-31,Monthly,,KG,2.691,2.691,2775.998779296875,xgboost_baseline
APPLE_GALA,HOLLANDFOODSERVICE,NL-NB,2026-11-01,2026-11-30,Monthly,,KG,2.691,2.691,2775.71875,xgboost_baseline
APPLE_GALA,HOLLANDFOODSERVICE,NL-NB,2026-12-01,2026-12-31,Monthly,,KG,2.691,2.691,2776.6015625,xgboost_baseline
APPLE_GALA,HOLLANDFOODSERVICE,NL-NB,2027-01-01,2027-01-31,Monthly,,KG,2.691,2.691,2770.152587890625,xgboost_baseline
APPLE_GALA,HOLLANDFOODSERVICE,NL-NH,2026-02-01,2026-02-28,Monthly,,KG,2.753,2.753,2772.614990234375,xgboost_baseline
APPLE_GALA,HOLLANDFOODSERVICE,NL-NH,2026-03-01,2026-03-31,Monthly,,KG,2.753,2.753,2711.8662109375,xgboost_baseline
APPLE_GALA,HOLLANDFOODSERVICE,NL-NH,2026-04-01,2026-04-30,Monthly,,KG,2.753,2.753,2712.407470703125,xgboost_baseline
APPLE_GALA,HOLLANDFOODSERVICE,NL-NH,2026-05-01,2026-05-31,Monthly,,KG,2.753,2.753,2779.700439453125,xgboost_baseline
APPLE_GALA,HOLLANDFOODSERVICE,NL-NH,2026-06-01,2026-06-30,Monthly,,KG,2.753,2.753,2773.523681640625,xgboost_baseline
APPLE_GALA,HOLLANDFOODSERVICE,NL-NH,2026-07-01,2026-07-31,Monthly,,KG,2.753,2.753,2771.474609375,xgboost_baseline
APPLE_GALA,HOLLANDFOODSERVICE,NL-NH,2026-08-01,2026-08-31,Monthly,,KG,2.753,2.753,2775.717529296875,xgboost_baseline
APPLE_GALA,HOLLANDFOODSERVICE,NL-NH,2026-09-01,2026-09-30,Monthly,,KG,2.753,2.753,2775.99755859375,xgboost_baseline
APPLE_GALA,HOLLANDFOODSERVICE,NL-NH,2026-10-01,2026-10-31,Monthly,,KG,2.753,2.753,2775.998779296875,xgboost_baseline
APPLE_GALA,HOLLANDFOODSERVICE,NL-NH,2026-11-01,2026-11-30,Monthly,,KG,2.753,2.753,2775.71875,xgboost_baseline
APPLE_GALA,HOLLANDFOODSERVICE,NL-NH,2026-12-01,2026-12-31,Monthly,,KG,2.753,2.753,2777.89990234375,xgboost_baseline
APPLE_GALA,HOLLANDFOODSERVICE,NL-NH,2027-01-01,2027-01-31,Monthly,,KG,2.753,2.753,2770.152587890625,xgboost_baseline
APPLE_GALA,HOLLANDFOODSERVICE,NL-ZH,2026-02-01,2026-02-28,Monthly,,KG,2.886,2.886,2771.08935546875,xgboost_baseline
APPLE_GALA,HOLLANDFOODSERVICE,NL-ZH,2026-03-01,2026-03-31,Monthly,,KG,2.886,2.886,2724.686767578125,xgboost_baseline
APPLE_GALA,HOLLANDFOODSERVICE,NL-ZH,2026-04-01,2026-04-30,Monthly,,KG,2.886,2.886,2725.89306640625,xgboost_baseline
APPLE_GALA,HOLLANDFOODSERVICE,NL-ZH,2026-05-01,2026-05-31,Monthly,,KG,2.886,2.886,2779.700439453125,xgboost_baseline
APPLE_GALA,HOLLANDFOODSERVICE,NL-ZH,2026-06-01,2026-06-30,Monthly,,KG,2.886,2.886,2771.473388671875,xgboost_baseline
APPLE_GALA,HOLLANDFOODSERVICE,NL-ZH,2026-07-01,2026-07-31,Monthly,,KG,2.886,2.886,2771.474609375,xgboost_baseline
APPLE_GALA,HOLLANDFOODSERVICE,NL-ZH,2026-08-01,2026-08-31,Monthly,,KG,2.886,2.886,2775.71875,xgboost_baseline
APPLE_GALA,HOLLANDFOODSERVICE,NL-ZH,2026-09-01,2026-09-30,Monthly,,KG,2.886,2.886,2775.998779296875,xgboost_baseline
APPLE_GALA,HOLLANDFOODSERVICE,NL-ZH,2026-10-01,2026-10-31,Monthly,,KG,2.886,2.886,2775.998779296875,xgboost_baseline
APPLE_GALA,HOLLANDFOODSERVICE,NL-ZH,2026-11-01,2026-11-30,Monthly,,KG,2.886,2.886,2775.718017578125,xgboost_baseline
APPLE_GALA,HOLLANDFOODSERVICE,NL-ZH,2026-12-01,2026-12-31,Monthly,,KG,2.886,2.886,2778.076904296875,xgboost_baseline
APPLE_GALA,HOLLANDFOODSERVICE,NL-ZH,2027-01-01,2027-01-31,Monthly,,KG,2.886,2.886,2770.152587890625,xgboost_baseline
APPLE_GALA,JUMBO,NL-GE,2026-02-01,2026-02-28,Monthly,,KG,2.61,2.61,2976.85205078125,xgboost_baseline
APPLE_GALA,JUMBO,NL-GE,2026-03-01,2026-03-31,Monthly,,KG,2.61,2.61,3245.11865234375,xgboost_baseline
APPLE_GALA,JUMBO,NL-GE,2026-04-01,2026-04-30,Monthly,,KG,2.61,2.61,3069.12744140625,xgboost_baseline
APPLE_GALA,JUMBO,NL-GE,2026-05-01,2026-05-31,Monthly,,KG,2.61,2.61,2679.4677734375,xgboost_baseline
APPLE_GALA,JUMBO,NL-GE,2026-06-01,2026-06-30,Monthly,,KG,2.61,2.61,2343.435546875,xgboost_baseline
APPLE_GALA,JUMBO,NL-GE,2026-07-01,2026-07-31,Monthly,,KG,2.61,2.61,2401.022216796875,xgboost_baseline
APPLE_GALA,JUMBO,NL-GE,2026-08-01,2026-08-31,Monthly,,KG,2.3489999999999998,2.61,2560.677490234375,xgboost_baseline
APPLE_GALA,JUMBO,NL-GE,2026-09-01,2026-09-30,Monthly,,KG,2.3489999999999998,2.61,2689.738525390625,xgboost_baseline
APPLE_GALA,JUMBO,NL-GE,2026-10-01,2026-10-31,Monthly,,KG,2.61,2.61,2615.028076171875,xgboost_baseline
APPLE_GALA,JUMBO,NL-GE,2026-11-01,2026-11-30,Monthly,,KG,2.61,2.61,2891.58837890625,xgboost_baseline
APPLE_GALA,JUMBO,NL-GE,2026-12-01,2026-12-31,Monthly,,KG,2.61,2.61,3148.506591796875,xgboost_baseline
APPLE_GALA,JUMBO,NL-GE,2027-01-01,2027-01-31,Monthly,,KG,2.61,2.61,3081.316650390625,xgboost_baseline
APPLE_GALA,JUMBO,NL-NB,2026-02-01,2026-02-28,Monthly,,KG,2.28905,2.693,2979.803955078125,xgboost_baseline
APPLE_GALA,JUMBO,NL-NB,2026-03-01,2026-03-31,Monthly,,KG,2.693,2.693,2947.34765625,xgboost_baseline
APPLE_GALA,JUMBO,NL-NB,2026-04-01,2026-04-30,Monthly,,KG,2.693,2.693,2824.7900390625,xgboost_baseline
APPLE_GALA,JUMBO,NL-NB,2026-05-01,2026-05-31,Monthly,,KG,2.693,2.693,2666.58447265625,xgboost_baseline
APPLE_GALA,JUMBO,NL-NB,2026-06-01,2026-06-30,Monthly,,KG,2.693,2.693,2640.24462890625,xgboost_baseline
APPLE_GALA,JUMBO,NL-NB,2026-07-01,2026-07-31,Monthly,,KG,2.693,2.693,2795.630126953125,xgboost_baseline
APPLE_GALA,JUMBO,NL-NB,2026-08-01,2026-08-31,Monthly,,KG,2.693,2.693,2827.48583984375,xgboost_baseline
APPLE_GALA,JUMBO,NL-NB,2026-09-01,2026-09-30,Monthly,,KG,2.693,2.693,2848.408447265625,xgboost_baseline
APPLE_GALA,JUMBO,NL-NB,2026-10-01,2026-10-31,Monthly,,KG,2.693,2.693,2860.297607421875,xgboost_baseline
APPLE_GALA,JUMBO,NL-NB,2026-11-01,2026-11-30,Monthly,,KG,2.693,2.693,3053.966552734375,xgboost_baseline
APPLE_GALA,JUMBO,NL-NB,2026-12-01,2026-12-31,Monthly,,KG,2.693,2.693,3196.716552734375,xgboost_baseline
APPLE_GALA,JUMBO,NL-NB,2027-01-01,2027-01-31,Monthly,,KG,2.693,2.693,3181.6142578125,xgboost_baseline
APPLE_GALA,JUMBO,NL-NH,2026-02-01,2026-02-28,Monthly,,KG,2.787,2.787,3041.435791015625,xgboost_baseline
APPLE_GALA,JUMBO,NL-NH,2026-03-01,2026-03-31,Monthly,,KG,2.787,2.787,3049.179443359375,xgboost_baseline
APPLE_GALA,JUMBO,NL-NH,2026-04-01,2026-04-30,Monthly,,KG,2.787,2.787,3057.00927734375,xgboost_baseline
APPLE_GALA,JUMBO,NL-NH,2026-05-01,2026-05-31,Monthly,,KG,2.09025,2.787,2942.420654296875,xgboost_baseline
APPLE_GALA,JUMBO,NL-NH,2026-06-01,2026-06-30,Monthly,,KG,2.787,2.787,2810.4892578125,xgboost_baseline
APPLE_GALA,JUMBO,NL-NH,2026-07-01,2026-07-31,Monthly,,KG,2.787,2.787,2877.853759765625,xgboost_baseline
APPLE_GALA,JUMBO,NL-NH,2026-08-01,2026-08-31,Monthly,,KG,2.6476499999999996,2.787,2733.357421875,xgboost_baseline
APPLE_GALA,JUMBO,NL-NH,2026-09-01,2026-09-30,Monthly,,KG,2.787,2.787,2797.354736328125,xgboost_baseline
APPLE_GALA,JUMBO,NL-NH,2026-10-01,2026-10-31,Monthly,,KG,2.787,2.787,2835.3876953125,xgboost_baseline
APPLE_GALA,JUMBO,NL-NH,2026-11-01,2026-11-30,Monthly,,KG,2.787,2.787,3017.699951171875,xgboost_baseline
APPLE_GALA,JUMBO,NL-NH,2026-12-01,2026-12-31,Monthly,,KG,2.787,2.787,3175.201171875,xgboost_baseline
APPLE_GALA,JUMBO,NL-NH,2027-01-01,2027-01-31,Monthly,,KG,2.787,2.787,3099.442626953125,xgboost_baseline
APPLE_GALA,JUMBO,NL-ZH,2026-02-01,2026-02-28,Monthly,,KG,2.775,2.775,3060.386962890625,xgboost_baseline
APPLE_GALA,JUMBO,NL-ZH,2026-03-01,2026-03-31,Monthly,,KG,2.775,2.775,2987.61572265625,xgboost_baseline
APPLE_GALA,JUMBO,NL-ZH,2026-04-01,2026-04-30,Monthly,,KG,2.775,2.775,2896.7861328125,xgboost_baseline
APPLE_GALA,JUMBO,NL-ZH,2026-05-01,2026-05-31,Monthly,,KG,2.775,2.775,2851.807373046875,xgboost_baseline
APPLE_GALA,JUMBO,NL-ZH,2026-06-01,2026-06-30,Monthly,,KG,2.775,2.775,2785.17626953125,xgboost_baseline
APPLE_GALA,JUMBO,NL-ZH,2026-07-01,2026-07-31,Monthly,,KG,2.775,2.775,2811.02294921875,xgboost_baseline
APPLE_GALA,JUMBO,NL-ZH,2026-08-01,2026-08-31,Monthly,,KG,2.775,2.775,2992.073486328125,xgboost_baseline
APPLE_GALA,JUMBO,NL-ZH,2026-09-01,2026-09-30,Monthly,,KG,2.775,2.775,3098.713623046875,xgboost_baseline
APPLE_GALA,JUMBO,NL-ZH,2026-10-01,2026-10-31,Monthly,,KG,2.775,2.775,3109.79833984375,xgboost_baseline
APPLE_GALA,JUMBO,NL-ZH,2026-11-01,2026-11-30,Monthly,,KG,2.775,2.775,3004.930908203125,xgboost_baseline
APPLE_GALA,JUMBO,NL-ZH,2026-12-01,2026-12-31,Monthly,,KG,2.775,2.775,3043.834716796875,xgboost_baseline
APPLE_GALA,JUMBO,NL-ZH,2027-01-01,2027-01-31,Monthly,,KG,2.775,2.775,3024.334716796875,xgboost_baseline
APPLE_GALA,MELEDI,NL-GE,2026-02-01,2026-02-28,Monthly,,KG,2.582,2.582,2618.053955078125,xgboost_baseline
APPLE_GALA,MELEDI,NL-GE,2026-03-01,2026-03-31,Monthly,,KG,2.582,2.582,2566.5712890625,xgboost_baseline
APPLE_GALA,MELEDI,NL-GE,2026-04-01,2026-04-30,Monthly,,KG,2.582,2.582,2569.92919921875,xgboost_baseline
APPLE_GALA,MELEDI,NL-GE,2026-05-01,2026-05-31,Monthly,,KG,2.582,2.582,2610.706787109375,xgboost_baseline
APPLE_GALA,MELEDI,NL-GE,2026-06-01,2026-06-30,Monthly,,KG,2.582,2.582,2606.06640625,xgboost_baseline
APPLE_GALA,MELEDI,NL-GE,2026-07-01,2026-07-31,Monthly,,KG,2.582,2.582,2606.06640625,xgboost_baseline
APPLE_GALA,MELEDI,NL-GE,2026-08-01,2026-08-31,Monthly,,KG,2.582,2.582,2608.8544921875,xgboost_baseline
APPLE_GALA,MELEDI,NL-GE,2026-09-01,2026-09-30,Monthly,,KG,2.582,2.582,2608.8544921875,xgboost_baseline
APPLE_GALA,MELEDI,NL-GE,2026-10-01,2026-10-31,Monthly,,KG,2.582,2.582,2608.8544921875,xgboost_baseline
APPLE_GALA,MELEDI,NL-GE,2026-11-01,2026-11-30,Monthly,,KG,2.582,2.582,2608.8544921875,xgboost_baseline
APPLE_GALA,MELEDI,NL-GE,2026-12-01,2026-12-31,Monthly,,KG,2.582,2.582,2608.856201171875,xgboost_baseline
APPLE_GALA,MELEDI,NL-GE,2027-01-01,2027-01-31,Monthly,,KG,2.582,2.582,2605.136962890625,xgboost_baseline
APPLE_GALA,MELEDI,NL-NB,2026-02-01,2026-02-28,Monthly,,KG,2.706,2.706,2771.081298828125,xgboost_baseline
APPLE_GALA,MELEDI,NL-NB,2026-03-01,2026-03-31,Monthly,,KG,2.706,2.706,2713.161865234375,xgboost_baseline
APPLE_GALA,MELEDI,NL-NB,2026-04-01,2026-04-30,Monthly,,KG,2.706,2.706,2712.407470703125,xgboost_baseline
APPLE_GALA,MELEDI,NL-NB,2026-05-01,2026-05-31,Monthly,,KG,2.706,2.706,2779.700439453125,xgboost_baseline
APPLE_GALA,MELEDI,NL-NB,2026-06-01,2026-06-30,Monthly,,KG,2.706,2.706,2771.474609375,xgboost_baseline
APPLE_GALA,MELEDI,NL-NB,2026-07-01,2026-07-31,Monthly,,KG,2.706,2.706,2771.473388671875,xgboost_baseline
APPLE_GALA,MELEDI,NL-NB,2026-08-01,2026-08-31,Monthly,,KG,2.706,2.706,2775.717529296875,xgboost_baseline
APPLE_GALA,MELEDI,NL-NB,2026-09-01,2026-09-30,Monthly,,KG,2.706,2.706,2775.99755859375,xgboost_baseline
APPLE_GALA,MELEDI,NL-NB,2026-10-01,2026-10-31,Monthly,,KG,2.706,2.706,2775.998779296875,xgboost_baseline
APPLE_GALA,MELEDI,NL-NB,2026-11-01,2026-11-30,Monthly,,KG,2.706,2.706,2775.71875,xgboost_baseline
APPLE_GALA,MELEDI,NL-NB,2026-12-01,2026-12-31,Monthly,,KG,2.706,2.706,2778.076904296875,xgboost_baseline
APPLE_GALA,MELEDI,NL-NB,2027-01-01,2027-01-31,Monthly,,KG,2.706,2.706,2770.152587890625,xgboost_baseline
APPLE_GALA,MELEDI,NL-NH,2026-02-01,2026-02-28,Monthly,,KG,2.737,2.737,2755.194580078125,xgboost_baseline
APPLE_GALA,MELEDI,NL-NH,2026-03-01,2026-03-31,Monthly,,KG,2.737,2.737,2711.8662109375,xgboost_baseline
APPLE_GALA,MELEDI,NL-NH,2026-04-01,2026-04-30,Monthly,,KG,2.737,2.737,2712.407470703125,xgboost_baseline
APPLE_GALA,MELEDI,NL-NH,2026-05-01,2026-05-31,Monthly,,KG,2.737,2.737,2779.700439453125,xgboost_baseline
APPLE_GALA,MELEDI,NL-NH,2026-06-01,2026-06-30,Monthly,,KG,2.737,2.737,2773.523681640625,xgboost_baseline
APPLE_GALA,MELEDI,NL-NH,2026-07-01,2026-07-31,Monthly,,KG,2.737,2.737,2771.473388671875,xgboost_baseline
APPLE_GALA,MELEDI,NL-NH,2026-08-01,2026-08-31,Monthly,,KG,2.737,2.737,2775.99755859375,xgboost_baseline
APPLE_GALA,MELEDI,NL-NH,2026-09-01,2026-09-30,Monthly,,KG,2.737,2.737,2775.99755859375,xgboost_baseline
APPLE_GALA,MELEDI,NL-NH,2026-10-01,2026-10-31,Monthly,,KG,2.737,2.737,2775.998779296875,xgboost_baseline
APPLE_GALA,MELEDI,NL-NH,2026-11-01,2026-11-30,Monthly,,KG,2.737,2.737,2775.71875,xgboost_baseline
APPLE_GALA,MELEDI,NL-NH,2026-12-01,2026-12-31,Monthly,,KG,2.737,2.737,2777.89990234375,xgboost_baseline
APPLE_GALA,MELEDI,NL-NH,2027-01-01,2027-01-31,Monthly,,KG,2.737,2.737,2770.152587890625,xgboost_baseline
APPLE_GALA,MELEDI,NL-ZH,2026-02-01,2026-02-28,Monthly,,KG,2.862,2.862,2772.97265625,xgboost_baseline
APPLE_GALA,MELEDI,NL-ZH,2026-03-01,2026-03-31,Monthly,,KG,2.862,2.862,2711.8662109375,xgboost_baseline
APPLE_GALA,MELEDI,NL-ZH,2026-04-01,2026-04-30,Monthly,,KG,2.862,2.862,2712.407470703125,xgboost_baseline
APPLE_GALA,MELEDI,NL-ZH,2026-05-01,2026-05-31,Monthly,,KG,2.862,2.862,2777.599609375,xgboost_baseline
APPLE_GALA,MELEDI,NL-ZH,2026-06-01,2026-06-30,Monthly,,KG,2.862,2.862,2771.474609375,xgboost_baseline
APPLE_GALA,MELEDI,NL-ZH,2026-07-01,2026-07-31,Monthly,,KG,2.862,2.862,2771.474609375,xgboost_baseline
APPLE_GALA,MELEDI,NL-ZH,2026-08-01,2026-08-31,Monthly,,KG,2.862,2.862,2775.717529296875,xgboost_baseline
APPLE_GALA,MELEDI,NL-ZH,2026-09-01,2026-09-30,Monthly,,KG,2.862,2.862,2775.99755859375,xgboost_baseline
APPLE_GALA,MELEDI,NL-ZH,2026-10-01,2026-10-31,Monthly,,KG,2.862,2.862,2775.998779296875,xgboost_baseline
APPLE_GALA,MELEDI,NL-ZH,2026-11-01,2026-11-30,Monthly,,KG,2.862,2.862,2775.718017578125,xgboost_baseline
APPLE_GALA,MELEDI,NL-ZH,2026-12-01,2026-12-31,Monthly,,KG,2.862,2.862,2778.076904296875,xgboost_baseline
APPLE_GALA,MELEDI,NL-ZH,2027-01-01,2027-01-31,Monthly,,KG,2.862,2.862,2770.152587890625,xgboost_baseline
APPLE_GALA,PICNIC,NL-GE,2026-02-01,2026-02-28,Monthly,,KG,2.605,2.605,2600.74169921875,xgboost_baseline
APPLE_GALA,PICNIC,NL-GE,2026-03-01,2026-03-31,Monthly,,KG,2.605,2.605,2570.206298828125,xgboost_baseline
APPLE_GALA,PICNIC,NL-GE,2026-04-01,2026-04-30,Monthly,,KG,2.605,2.605,2570.093994140625,xgboost_baseline
APPLE_GALA,PICNIC,NL-GE,2026-05-01,2026-05-31,Monthly,,KG,2.605,2.605,2610.66455078125,xgboost_baseline
APPLE_GALA,PICNIC,NL-GE,2026-06-01,2026-06-30,Monthly,,KG,2.605,2.605,2610.66455078125,xgboost_baseline
APPLE_GALA,PICNIC,NL-GE,2026-07-01,2026-07-31,Monthly,,KG,2.605,2.605,2610.66455078125,xgboost_baseline
APPLE_GALA,PICNIC,NL-GE,2026-08-01,2026-08-31,Monthly,,KG,2.605,2.605,2608.802978515625,xgboost_baseline
APPLE_GALA,PICNIC,NL-GE,2026-09-01,2026-09-30,Monthly,,KG,2.605,2.605,2608.802978515625,xgboost_baseline
APPLE_GALA,PICNIC,NL-GE,2026-10-01,2026-10-31,Monthly,,KG,2.605,2.605,2608.802978515625,xgboost_baseline
APPLE_GALA,PICNIC,NL-GE,2026-11-01,2026-11-30,Monthly,,KG,2.605,2.605,2608.802978515625,xgboost_baseline
APPLE_GALA,PICNIC,NL-GE,2026-12-01,2026-12-31,Monthly,,KG,2.605,2.605,2608.802978515625,xgboost_baseline
APPLE_GALA,PICNIC,NL-GE,2027-01-01,2027-01-31,Monthly,,KG,2.605,2.605,2605.108642578125,xgboost_baseline
APPLE_GALA,PICNIC,NL-NB,2026-02-01,2026-02-28,Monthly,,KG,2.64,2.64,2626.8740234375,xgboost_baseline
APPLE_GALA,PICNIC,NL-NB,2026-03-01,2026-03-31,Monthly,,KG,2.64,2.64,2578.33544921875,xgboost_baseline
APPLE_GALA,PICNIC,NL-NB,2026-04-01,2026-04-30,Monthly,,KG,2.64,2.64,2578.22314453125,xgboost_baseline
APPLE_GALA,PICNIC,NL-NB,2026-05-01,2026-05-31,Monthly,,KG,2.64,2.64,2636.55078125,xgboost_baseline
APPLE_GALA,PICNIC,NL-NB,2026-06-01,2026-06-30,Monthly,,KG,2.64,2.64,2636.55078125,xgboost_baseline
APPLE_GALA,PICNIC,NL-NB,2026-07-01,2026-07-31,Monthly,,KG,2.64,2.64,2636.55078125,xgboost_baseline
APPLE_GALA,PICNIC,NL-NB,2026-08-01,2026-08-31,Monthly,,KG,2.64,2.64,2632.426513671875,xgboost_baseline
APPLE_GALA,PICNIC,NL-NB,2026-09-01,2026-09-30,Monthly,,KG,2.64,2.64,2632.426513671875,xgboost_baseline
APPLE_GALA,PICNIC,NL-NB,2026-10-01,2026-10-31,Monthly,,KG,2.64,2.64,2632.42626953125,xgboost_baseline
APPLE_GALA,PICNIC,NL-NB,2026-11-01,2026-11-30,Monthly,,KG,2.64,2.64,2632.42626953125,xgboost_baseline
APPLE_GALA,PICNIC,NL-NB,2026-12-01,2026-12-31,Monthly,,KG,2.64,2.64,2632.42626953125,xgboost_baseline
APPLE_GALA,PICNIC,NL-NB,2027-01-01,2027-01-31,Monthly,,KG,2.64,2.64,2628.91748046875,xgboost_baseline
APPLE_GALA,PICNIC,NL-NH,2026-02-01,2026-02-28,Monthly,,KG,2.757,2.757,2771.099853515625,xgboost_baseline
APPLE_GALA,PICNIC,NL-NH,2026-03-01,2026-03-31,Monthly,,KG,2.757,2.757,2713.161865234375,xgboost_baseline
APPLE_GALA,PICNIC,NL-NH,2026-04-01,2026-04-30,Monthly,,KG,2.757,2.757,2713.058349609375,xgboost_baseline
APPLE_GALA,PICNIC,NL-NH,2026-05-01,2026-05-31,Monthly,,KG,2.757,2.757,2779.700439453125,xgboost_baseline
APPLE_GALA,PICNIC,NL-NH,2026-06-01,2026-06-30,Monthly,,KG,2.757,2.757,2773.523681640625,xgboost_baseline
APPLE_GALA,PICNIC,NL-NH,2026-07-01,2026-07-31,Monthly,,KG,2.757,2.757,2773.523681640625,xgboost_baseline
APPLE_GALA,PICNIC,NL-NH,2026-08-01,2026-08-31,Monthly,,KG,2.757,2.757,2775.717529296875,xgboost_baseline
APPLE_GALA,PICNIC,NL-NH,2026-09-01,2026-09-30,Monthly,,KG,2.757,2.757,2775.99755859375,xgboost_baseline
APPLE_GALA,PICNIC,NL-NH,2026-10-01,2026-10-31,Monthly,,KG,2.757,2.757,2775.998779296875,xgboost_baseline
APPLE_GALA,PICNIC,NL-NH,2026-11-01,2026-11-30,Monthly,,KG,2.757,2.757,2775.71875,xgboost_baseline
APPLE_GALA,PICNIC,NL-NH,2026-12-01,2026-12-31,Monthly,,KG,2.757,2.757,2775.71875,xgboost_baseline
APPLE_GALA,PICNIC,NL-NH,2027-01-01,2027-01-31,Monthly,,KG,2.757,2.757,2767.79443359375,xgboost_baseline
APPLE_GALA,PICNIC,NL-ZH,2026-02-01,2026-02-28,Monthly,,KG,2.86,2.86,2771.081298828125,xgboost_baseline
APPLE_GALA,PICNIC,NL-ZH,2026-03-01,2026-03-31,Monthly,,KG,2.86,2.86,2713.161865234375,xgboost_baseline
APPLE_GALA,PICNIC,NL-ZH,2026-04-01,2026-04-30,Monthly,,KG,2.86,2.86,2713.058349609375,xgboost_baseline
APPLE_GALA,PICNIC,NL-ZH,2026-05-01,2026-05-31,Monthly,,KG,2.86,2.86,2779.700439453125,xgboost_baseline
APPLE_GALA,PICNIC,NL-ZH,2026-06-01,2026-06-30,Monthly,,KG,2.86,2.86,2773.523681640625,xgboost_baseline
APPLE_GALA,PICNIC,NL-ZH,2026-07-01,2026-07-31,Monthly,,KG,2.86,2.86,2773.523681640625,xgboost_baseline
APPLE_GALA,PICNIC,NL-ZH,2026-08-01,2026-08-31,Monthly,,KG,2.86,2.86,2775.717529296875,xgboost_baseline
APPLE_GALA,PICNIC,NL-ZH,2026-09-01,2026-09-30,Monthly,,KG,2.86,2.86,2775.99755859375,xgboost_baseline
APPLE_GALA,PICNIC,NL-ZH,2026-10-01,2026-10-31,Monthly,,KG,2.86,2.86,2775.998779296875,xgboost_baseline
APPLE_GALA,PICNIC,NL-ZH,2026-11-01,2026-11-30,Monthly,,KG,2.86,2.86,2775.71875,xgboost_baseline
APPLE_GALA,PICNIC,NL-ZH,2026-12-01,2026-12-31,Monthly,,KG,2.86,2.86,2775.71875,xgboost_baseline
APPLE_GALA,PICNIC,NL-ZH,2027-01-01,2027-01-31,Monthly,,KG,2.86,2.86,2767.79443359375,xgboost_baseline
APPLE_GALA,PLUS,NL-GE,2026-02-01,2026-02-28,Monthly,,KG,2.577,2.577,2648.827880859375,xgboost_baseline
APPLE_GALA,PLUS,NL-GE,2026-03-01,2026-03-31,Monthly,,KG,2.577,2.577,3106.35791015625,xgboost_baseline
APPLE_GALA,PLUS,NL-GE,2026-04-01,2026-04-30,Monthly,,KG,2.577,2.577,3122.206298828125,xgboost_baseline
APPLE_GALA,PLUS,NL-GE,2026-05-01,2026-05-31,Monthly,,KG,2.577,2.577,2732.35888671875,xgboost_baseline
APPLE_GALA,PLUS,NL-GE,2026-06-01,2026-06-30,Monthly,,KG,2.577,2.577,2643.523193359375,xgboost_baseline
APPLE_GALA,PLUS,NL-GE,2026-07-01,2026-07-31,Monthly,,KG,2.577,2.577,2627.802978515625,xgboost_baseline
APPLE_GALA,PLUS,NL-GE,2026-08-01,2026-08-31,Monthly,,KG,2.577,2.577,2611.341796875,xgboost_baseline
APPLE_GALA,PLUS,NL-GE,2026-09-01,2026-09-30,Monthly,,KG,2.577,2.577,2622.1171875,xgboost_baseline
APPLE_GALA,PLUS,NL-GE,2026-10-01,2026-10-31,Monthly,,KG,2.577,2.577,2622.203369140625,xgboost_baseline
APPLE_GALA,PLUS,NL-GE,2026-11-01,2026-11-30,Monthly,,KG,2.577,2.577,2804.064697265625,xgboost_baseline
APPLE_GALA,PLUS,NL-GE,2026-12-01,2026-12-31,Monthly,,KG,2.577,2.577,3087.07763671875,xgboost_baseline
APPLE_GALA,PLUS,NL-GE,2027-01-01,2027-01-31,Monthly,,KG,2.577,2.577,3070.0791015625,xgboost_baseline
APPLE_GALA,PLUS,NL-NB,2026-02-01,2026-02-28,Monthly,,KG,2.662,2.662,3019.595947265625,xgboost_baseline
APPLE_GALA,PLUS,NL-NB,2026-03-01,2026-03-31,Monthly,,KG,2.662,2.662,2966.19873046875,xgboost_baseline
APPLE_GALA,PLUS,NL-NB,2026-04-01,2026-04-30,Monthly,,KG,2.662,2.662,2941.897216796875,xgboost_baseline
APPLE_GALA,PLUS,NL-NB,2026-05-01,2026-05-31,Monthly,,KG,1.9965,2.662,2835.564453125,xgboost_baseline
APPLE_GALA,PLUS,NL-NB,2026-06-01,2026-06-30,Monthly,,KG,2.662,2.662,2683.0185546875,xgboost_baseline
APPLE_GALA,PLUS,NL-NB,2026-07-01,2026-07-31,Monthly,,KG,2.662,2.662,2667.088134765625,xgboost_baseline
APPLE_GALA,PLUS,NL-NB,2026-08-01,2026-08-31,Monthly,,KG,2.662,2.662,2822.501953125,xgboost_baseline
APPLE_GALA,PLUS,NL-NB,2026-09-01,2026-09-30,Monthly,,KG,2.662,2.662,2718.62548828125,xgboost_baseline
APPLE_GALA,PLUS,NL-NB,2026-10-01,2026-10-31,Monthly,,KG,2.662,2.662,2965.281982421875,xgboost_baseline
APPLE_GALA,PLUS,NL-NB,2026-11-01,2026-11-30,Monthly,,KG,2.662,2.662,3117.191650390625,xgboost_baseline
APPLE_GALA,PLUS,NL-NB,2026-12-01,2026-12-31,Monthly,,KG,2.662,2.662,3176.844482421875,xgboost_baseline
APPLE_GALA,PLUS,NL-NB,2027-01-01,2027-01-31,Monthly,,KG,2.662,2.662,3242.310791015625,xgboost_baseline
APPLE_GALA,PLUS,NL-NH,2026-02-01,2026-02-28,Monthly,,KG,2.74,2.74,3041.169677734375,xgboost_baseline
APPLE_GALA,PLUS,NL-NH,2026-03-01,2026-03-31,Monthly,,KG,2.74,2.74,3038.535400390625,xgboost_baseline
APPLE_GALA,PLUS,NL-NH,2026-04-01,2026-04-30,Monthly,,KG,2.74,2.74,3041.7353515625,xgboost_baseline
APPLE_GALA,PLUS,NL-NH,2026-05-01,2026-05-31,Monthly,,KG,2.74,2.74,2978.722412109375,xgboost_baseline
APPLE_GALA,PLUS,NL-NH,2026-06-01,2026-06-30,Monthly,,KG,2.74,2.74,2809.401123046875,xgboost_baseline
APPLE_GALA,PLUS,NL-NH,2026-07-01,2026-07-31,Monthly,,KG,2.74,2.74,2876.5234375,xgboost_baseline
APPLE_GALA,PLUS,NL-NH,2026-08-01,2026-08-31,Monthly,,KG,2.329,2.74,2703.4287109375,xgboost_baseline
APPLE_GALA,PLUS,NL-NH,2026-09-01,2026-09-30,Monthly,,KG,2.329,2.74,2919.216796875,xgboost_baseline
APPLE_GALA,PLUS,NL-NH,2026-10-01,2026-10-31,Monthly,,KG,2.74,2.74,3052.645263671875,xgboost_baseline
APPLE_GALA,PLUS,NL-NH,2026-11-01,2026-11-30,Monthly,,KG,2.74,2.74,3093.048828125,xgboost_baseline
APPLE_GALA,PLUS,NL-NH,2026-12-01,2026-12-31,Monthly,,KG,2.74,2.74,3065.297607421875,xgboost_baseline
APPLE_GALA,PLUS,NL-NH,2027-01-01,2027-01-31,Monthly,,KG,2.74,2.74,2991.947265625,xgboost_baseline
APPLE_GALA,PLUS,NL-ZH,2026-02-01,2026-02-28,Monthly,,KG,2.841,2.841,2944.02099609375,xgboost_baseline
APPLE_GALA,PLUS,NL-ZH,2026-03-01,2026-03-31,Monthly,,KG,2.841,2.841,2849.2109375,xgboost_baseline
APPLE_GALA,PLUS,NL-ZH,2026-04-01,2026-04-30,Monthly,,KG,2.841,2.841,2886.427978515625,xgboost_baseline
APPLE_GALA,PLUS,NL-ZH,2026-05-01,2026-05-31,Monthly,,KG,2.841,2.841,2856.451416015625,xgboost_baseline
APPLE_GALA,PLUS,NL-ZH,2026-06-01,2026-06-30,Monthly,,KG,2.841,2.841,2745.6240234375,xgboost_baseline
APPLE_GALA,PLUS,NL-ZH,2026-07-01,2026-07-31,Monthly,,KG,2.841,2.841,2797.705322265625,xgboost_baseline
APPLE_GALA,PLUS,NL-ZH,2026-08-01,2026-08-31,Monthly,,KG,2.841,2.841,3025.023193359375,xgboost_baseline
APPLE_GALA,PLUS,NL-ZH,2026-09-01,2026-09-30,Monthly,,KG,2.841,2.841,3087.4482421875,xgboost_baseline
APPLE_GALA,PLUS,NL-ZH,2026-10-01,2026-10-31,Monthly,,KG,2.841,2.841,3109.3623046875,xgboost_baseline
APPLE_GALA,PLUS,NL-ZH,2026-11-01,2026-11-30,Monthly,,KG,2.841,2.841,3004.930908203125,xgboost_baseline
APPLE_GALA,PLUS,NL-ZH,2026-12-01,2026-12-31,Monthly,,KG,2.841,2.841,3043.793701171875,xgboost_baseline
APPLE_GALA,PLUS,NL-ZH,2027-01-01,2027-01-31,Monthly,,KG,2.841,2.841,3024.3603515625,xgboost_baseline
APPLE_GALA,SLIGRO,NL-GE,2026-02-01,2026-02-28,Monthly,,KG,2.601,2.601,2600.74169921875,xgboost_baseline
APPLE_GALA,SLIGRO,NL-GE,2026-03-01,2026-03-31,Monthly,,KG,2.601,2.601,2578.9326171875,xgboost_baseline
APPLE_GALA,SLIGRO,NL-GE,2026-04-01,2026-04-30,Monthly,,KG,2.601,2.601,2570.093994140625,xgboost_baseline
APPLE_GALA,SLIGRO,NL-GE,2026-05-01,2026-05-31,Monthly,,KG,2.601,2.601,2606.023681640625,xgboost_baseline
APPLE_GALA,SLIGRO,NL-GE,2026-06-01,2026-06-30,Monthly,,KG,2.601,2.601,2606.023681640625,xgboost_baseline
APPLE_GALA,SLIGRO,NL-GE,2026-07-01,2026-07-31,Monthly,,KG,2.601,2.601,2606.02001953125,xgboost_baseline
APPLE_GALA,SLIGRO,NL-GE,2026-08-01,2026-08-31,Monthly,,KG,2.601,2.601,2608.802978515625,xgboost_baseline
APPLE_GALA,SLIGRO,NL-GE,2026-09-01,2026-09-30,Monthly,,KG,2.601,2.601,2608.802978515625,xgboost_baseline
APPLE_GALA,SLIGRO,NL-GE,2026-10-01,2026-10-31,Monthly,,KG,2.601,2.601,2608.802978515625,xgboost_baseline
APPLE_GALA,SLIGRO,NL-GE,2026-11-01,2026-11-30,Monthly,,KG,2.601,2.601,2609.387451171875,xgboost_baseline
APPLE_GALA,SLIGRO,NL-GE,2026-12-01,2026-12-31,Monthly,,KG,2.601,2.601,2608.8046875,xgboost_baseline
APPLE_GALA,SLIGRO,NL-GE,2027-01-01,2027-01-31,Monthly,,KG,2.601,2.601,2605.111328125,xgboost_baseline
APPLE_GALA,SLIGRO,NL-NB,2026-02-01,2026-02-28,Monthly,,KG,2.679,2.679,2648.078369140625,xgboost_baseline
APPLE_GALA,SLIGRO,NL-NB,2026-03-01,2026-03-31,Monthly,,KG,2.679,2.679,2618.228759765625,xgboost_baseline
APPLE_GALA,SLIGRO,NL-NB,2026-04-01,2026-04-30,Monthly,,KG,2.679,2.679,2598.1171875,xgboost_baseline
APPLE_GALA,SLIGRO,NL-NB,2026-05-01,2026-05-31,Monthly,,KG,2.679,2.679,2653.312744140625,xgboost_baseline
APPLE_GALA,SLIGRO,NL-NB,2026-06-01,2026-06-30,Monthly,,KG,2.679,2.679,2659.969482421875,xgboost_baseline
APPLE_GALA,SLIGRO,NL-NB,2026-07-01,2026-07-31,Monthly,,KG,2.679,2.679,2659.9677734375,xgboost_baseline
APPLE_GALA,SLIGRO,NL-NB,2026-08-01,2026-08-31,Monthly,,KG,2.679,2.679,2657.6630859375,xgboost_baseline
APPLE_GALA,SLIGRO,NL-NB,2026-09-01,2026-09-30,Monthly,,KG,2.679,2.679,2657.6650390625,xgboost_baseline
APPLE_GALA,SLIGRO,NL-NB,2026-10-01,2026-10-31,Monthly,,KG,2.679,2.679,2657.6650390625,xgboost_baseline
APPLE_GALA,SLIGRO,NL-NB,2026-11-01,2026-11-30,Monthly,,KG,2.679,2.679,2658.396728515625,xgboost_baseline
APPLE_GALA,SLIGRO,NL-NB,2026-12-01,2026-12-31,Monthly,,KG,2.679,2.679,2658.575927734375,xgboost_baseline
APPLE_GALA,SLIGRO,NL-NB,2027-01-01,2027-01-31,Monthly,,KG,2.679,2.679,2655.06640625,xgboost_baseline
APPLE_GALA,SLIGRO,NL-NH,2026-02-01,2026-02-28,Monthly,,KG,2.716,2.716,2755.194580078125,xgboost_baseline
APPLE_GALA,SLIGRO,NL-NH,2026-03-01,2026-03-31,Monthly,,KG,2.716,2.716,2711.8662109375,xgboost_baseline
APPLE_GALA,SLIGRO,NL-NH,2026-04-01,2026-04-30,Monthly,,KG,2.716,2.716,2712.407470703125,xgboost_baseline
APPLE_GALA,SLIGRO,NL-NH,2026-05-01,2026-05-31,Monthly,,KG,2.716,2.716,2779.700439453125,xgboost_baseline
APPLE_GALA,SLIGRO,NL-NH,2026-06-01,2026-06-30,Monthly,,KG,2.716,2.716,2771.42236328125,xgboost_baseline
APPLE_GALA,SLIGRO,NL-NH,2026-07-01,2026-07-31,Monthly,,KG,2.716,2.716,2771.473388671875,xgboost_baseline
APPLE_GALA,SLIGRO,NL-NH,2026-08-01,2026-08-31,Monthly,,KG,2.716,2.716,2775.99755859375,xgboost_baseline
APPLE_GALA,SLIGRO,NL-NH,2026-09-01,2026-09-30,Monthly,,KG,2.716,2.716,2775.99755859375,xgboost_baseline
APPLE_GALA,SLIGRO,NL-NH,2026-10-01,2026-10-31,Monthly,,KG,2.716,2.716,2775.998779296875,xgboost_baseline
APPLE_GALA,SLIGRO,NL-NH,2026-11-01,2026-11-30,Monthly,,KG,2.716,2.716,2775.71875,xgboost_baseline
APPLE_GALA,SLIGRO,NL-NH,2026-12-01,2026-12-31,Monthly,,KG,2.716,2.716,2777.89990234375,xgboost_baseline
APPLE_GALA,SLIGRO,NL-NH,2027-01-01,2027-01-31,Monthly,,KG,2.716,2.716,2770.152587890625,xgboost_baseline
APPLE_GALA,SLIGRO,NL-ZH,2026-02-01,2026-02-28,Monthly,,KG,2.864,2.864,2771.08935546875,xgboost_baseline
APPLE_GALA,SLIGRO,NL-ZH,2026-03-01,2026-03-31,Monthly,,KG,2.864,2.864,2724.8544921875,xgboost_baseline
APPLE_GALA,SLIGRO,NL-ZH,2026-04-01,2026-04-30,Monthly,,KG,2.864,2.864,2712.407470703125,xgboost_baseline
APPLE_GALA,SLIGRO,NL-ZH,2026-05-01,2026-05-31,Monthly,,KG,2.864,2.864,2777.65185546875,xgboost_baseline
APPLE_GALA,SLIGRO,NL-ZH,2026-06-01,2026-06-30,Monthly,,KG,2.864,2.864,2771.473388671875,xgboost_baseline
APPLE_GALA,SLIGRO,NL-ZH,2026-07-01,2026-07-31,Monthly,,KG,2.864,2.864,2771.473388671875,xgboost_baseline
APPLE_GALA,SLIGRO,NL-ZH,2026-08-01,2026-08-31,Monthly,,KG,2.864,2.864,2775.717529296875,xgboost_baseline
APPLE_GALA,SLIGRO,NL-ZH,2026-09-01,2026-09-30,Monthly,,KG,2.864,2.864,2775.99755859375,xgboost_baseline
APPLE_GALA,SLIGRO,NL-ZH,2026-10-01,2026-10-31,Monthly,,KG,2.864,2.864,2775.998779296875,xgboost_baseline
APPLE_GALA,SLIGRO,NL-ZH,2026-11-01,2026-11-30,Monthly,,KG,2.864,2.864,2777.8994140625,xgboost_baseline
APPLE_GALA,SLIGRO,NL-ZH,2026-12-01,2026-12-31,Monthly,,KG,2.864,2.864,2778.076904296875,xgboost_baseline
APPLE_GALA,SLIGRO,NL-ZH,2027-01-01,2027-01-31,Monthly,,KG,2.864,2.864,2770.152587890625,xgboost_baseline
APPLE_GRANNY_SMITH,AH,NL-GE,2026-02-01,2026-02-28,Monthly,,KG,2.697,2.697,2861.552490234375,xgboost_baseline
APPLE_GRANNY_SMITH,AH,NL-GE,2026-03-01,2026-03-31,Monthly,,KG,2.697,2.697,3072.243408203125,xgboost_baseline
APPLE_GRANNY_SMITH,AH,NL-GE,2026-04-01,2026-04-30,Monthly,,KG,2.697,2.697,3076.5791015625,xgboost_baseline
APPLE_GRANNY_SMITH,AH,NL-GE,2026-05-01,2026-05-31,Monthly,,KG,2.697,2.697,2903.020751953125,xgboost_baseline
APPLE_GRANNY_SMITH,AH,NL-GE,2026-06-01,2026-06-30,Monthly,,KG,2.697,2.697,2876.05126953125,xgboost_baseline
APPLE_GRANNY_SMITH,AH,NL-GE,2026-07-01,2026-07-31,Monthly,,KG,2.697,2.697,2878.473388671875,xgboost_baseline
APPLE_GRANNY_SMITH,AH,NL-GE,2026-08-01,2026-08-31,Monthly,,KG,2.697,2.697,2819.178466796875,xgboost_baseline
APPLE_GRANNY_SMITH,AH,NL-GE,2026-09-01,2026-09-30,Monthly,,KG,2.697,2.697,2819.821533203125,xgboost_baseline
APPLE_GRANNY_SMITH,AH,NL-GE,2026-10-01,2026-10-31,Monthly,,KG,2.697,2.697,2835.51416015625,xgboost_baseline
APPLE_GRANNY_SMITH,AH,NL-GE,2026-11-01,2026-11-30,Monthly,,KG,2.697,2.697,2841.8203125,xgboost_baseline
APPLE_GRANNY_SMITH,AH,NL-GE,2026-12-01,2026-12-31,Monthly,,KG,2.697,2.697,3025.251953125,xgboost_baseline
APPLE_GRANNY_SMITH,AH,NL-GE,2027-01-01,2027-01-31,Monthly,,KG,2.697,2.697,3093.536376953125,xgboost_baseline
APPLE_GRANNY_SMITH,AH,NL-NB,2026-02-01,2026-02-28,Monthly,,KG,2.705,2.705,2862.900390625,xgboost_baseline
APPLE_GRANNY_SMITH,AH,NL-NB,2026-03-01,2026-03-31,Monthly,,KG,2.705,2.705,3008.5859375,xgboost_baseline
APPLE_GRANNY_SMITH,AH,NL-NB,2026-04-01,2026-04-30,Monthly,,KG,2.705,2.705,2742.16162109375,xgboost_baseline
APPLE_GRANNY_SMITH,AH,NL-NB,2026-05-01,2026-05-31,Monthly,,KG,2.705,2.705,2661.9599609375,xgboost_baseline
APPLE_GRANNY_SMITH,AH,NL-NB,2026-06-01,2026-06-30,Monthly,,KG,2.705,2.705,2657.581298828125,xgboost_baseline
APPLE_GRANNY_SMITH,AH,NL-NB,2026-07-01,2026-07-31,Monthly,,KG,2.705,2.705,2769.80029296875,xgboost_baseline
APPLE_GRANNY_SMITH,AH,NL-NB,2026-08-01,2026-08-31,Monthly,,KG,2.705,2.705,2752.153564453125,xgboost_baseline
APPLE_GRANNY_SMITH,AH,NL-NB,2026-09-01,2026-09-30,Monthly,,KG,2.705,2.705,2773.355224609375,xgboost_baseline
APPLE_GRANNY_SMITH,AH,NL-NB,2026-10-01,2026-10-31,Monthly,,KG,2.705,2.705,2962.426025390625,xgboost_baseline
APPLE_GRANNY_SMITH,AH,NL-NB,2026-11-01,2026-11-30,Monthly,,KG,2.705,2.705,3123.820068359375,xgboost_baseline
APPLE_GRANNY_SMITH,AH,NL-NB,2026-12-01,2026-12-31,Monthly,,KG,2.705,2.705,3199.6982421875,xgboost_baseline
APPLE_GRANNY_SMITH,AH,NL-NB,2027-01-01,2027-01-31,Monthly,,KG,2.705,2.705,3211.153076171875,xgboost_baseline
APPLE_GRANNY_SMITH,AH,NL-NH,2026-02-01,2026-02-28,Monthly,,KG,2.706,2.706,3082.389404296875,xgboost_baseline
APPLE_GRANNY_SMITH,AH,NL-NH,2026-03-01,2026-03-31,Monthly,,KG,2.706,2.706,3224.747802734375,xgboost_baseline
APPLE_GRANNY_SMITH,AH,NL-NH,2026-04-01,2026-04-30,Monthly,,KG,2.706,2.706,3219.20703125,xgboost_baseline
APPLE_GRANNY_SMITH,AH,NL-NH,2026-05-01,2026-05-31,Monthly,,KG,2.706,2.706,2837.970703125,xgboost_baseline
APPLE_GRANNY_SMITH,AH,NL-NH,2026-06-01,2026-06-30,Monthly,,KG,2.706,2.706,2845.761962890625,xgboost_baseline
APPLE_GRANNY_SMITH,AH,NL-NH,2026-07-01,2026-07-31,Monthly,,KG,2.706,2.706,2850.066650390625,xgboost_baseline
APPLE_GRANNY_SMITH,AH,NL-NH,2026-08-01,2026-08-31,Monthly,,KG,2.706,2.706,2822.89404296875,xgboost_baseline
APPLE_GRANNY_SMITH,AH,NL-NH,2026-09-01,2026-09-30,Monthly,,KG,2.706,2.706,2841.120849609375,xgboost_baseline
APPLE_GRANNY_SMITH,AH,NL-NH,2026-10-01,2026-10-31,Monthly,,KG,2.706,2.706,2912.69921875,xgboost_baseline
APPLE_GRANNY_SMITH,AH,NL-NH,2026-11-01,2026-11-30,Monthly,,KG,2.706,2.706,2932.196044921875,xgboost_baseline
APPLE_GRANNY_SMITH,AH,NL-NH,2026-12-01,2026-12-31,Monthly,,KG,2.706,2.706,3019.060791015625,xgboost_baseline
APPLE_GRANNY_SMITH,AH,NL-NH,2027-01-01,2027-01-31,Monthly,,KG,2.706,2.706,3013.3583984375,xgboost_baseline
APPLE_GRANNY_SMITH,AH,NL-ZH,2026-02-01,2026-02-28,Monthly,,KG,2.779,2.779,3221.851318359375,xgboost_baseline
APPLE_GRANNY_SMITH,AH,NL-ZH,2026-03-01,2026-03-31,Monthly,,KG,2.779,2.779,3211.7626953125,xgboost_baseline
APPLE_GRANNY_SMITH,AH,NL-ZH,2026-04-01,2026-04-30,Monthly,,KG,2.779,2.779,3208.119873046875,xgboost_baseline
APPLE_GRANNY_SMITH,AH,NL-ZH,2026-05-01,2026-05-31,Monthly,,KG,2.779,2.779,2911.54345703125,xgboost_baseline
APPLE_GRANNY_SMITH,AH,NL-ZH,2026-06-01,2026-06-30,Monthly,,KG,2.779,2.779,2890.340087890625,xgboost_baseline
APPLE_GRANNY_SMITH,AH,NL-ZH,2026-07-01,2026-07-31,Monthly,,KG,2.779,2.779,2860.353515625,xgboost_baseline
APPLE_GRANNY_SMITH,AH,NL-ZH,2026-08-01,2026-08-31,Monthly,,KG,2.779,2.779,2864.76708984375,xgboost_baseline
APPLE_GRANNY_SMITH,AH,NL-ZH,2026-09-01,2026-09-30,Monthly,,KG,2.779,2.779,2867.770751953125,xgboost_baseline
APPLE_GRANNY_SMITH,AH,NL-ZH,2026-10-01,2026-10-31,Monthly,,KG,2.779,2.779,2877.390380859375,xgboost_baseline
APPLE_GRANNY_SMITH,AH,NL-ZH,2026-11-01,2026-11-30,Monthly,,KG,2.779,2.779,3025.21240234375,xgboost_baseline
APPLE_GRANNY_SMITH,AH,NL-ZH,2026-12-01,2026-12-31,Monthly,,KG,2.779,2.779,3023.98681640625,xgboost_baseline
APPLE_GRANNY_SMITH,AH,NL-ZH,2027-01-01,2027-01-31,Monthly,,KG,2.779,2.779,3013.38232421875,xgboost_baseline
APPLE_GRANNY_SMITH,FLINK,NL-GE,2026-02-01,2026-02-28,Monthly,,KG,2.597,2.597,2618.05419921875,xgboost_baseline
APPLE_GRANNY_SMITH,FLINK,NL-GE,2026-03-01,2026-03-31,Monthly,,KG,2.597,2.597,2570.041259765625,xgboost_baseline
APPLE_GRANNY_SMITH,FLINK,NL-GE,2026-04-01,2026-04-30,Monthly,,KG,2.597,2.597,2569.929443359375,xgboost_baseline
APPLE_GRANNY_SMITH,FLINK,NL-GE,2026-05-01,2026-05-31,Monthly,,KG,2.597,2.597,2610.71337890625,xgboost_baseline
APPLE_GRANNY_SMITH,FLINK,NL-GE,2026-06-01,2026-06-30,Monthly,,KG,2.597,2.597,2610.71337890625,xgboost_baseline
APPLE_GRANNY_SMITH,FLINK,NL-GE,2026-07-01,2026-07-31,Monthly,,KG,2.597,2.597,2610.71337890625,xgboost_baseline
APPLE_GRANNY_SMITH,FLINK,NL-GE,2026-08-01,2026-08-31,Monthly,,KG,2.597,2.597,2608.856201171875,xgboost_baseline
APPLE_GRANNY_SMITH,FLINK,NL-GE,2026-09-01,2026-09-30,Monthly,,KG,2.597,2.597,2608.856201171875,xgboost_baseline
APPLE_GRANNY_SMITH,FLINK,NL-GE,2026-10-01,2026-10-31,Monthly,,KG,2.597,2.597,2608.856201171875,xgboost_baseline
APPLE_GRANNY_SMITH,FLINK,NL-GE,2026-11-01,2026-11-30,Monthly,,KG,2.597,2.597,2608.856201171875,xgboost_baseline
APPLE_GRANNY_SMITH,FLINK,NL-GE,2026-12-01,2026-12-31,Monthly,,KG,2.597,2.597,2608.856201171875,xgboost_baseline
APPLE_GRANNY_SMITH,FLINK,NL-GE,2027-01-01,2027-01-31,Monthly,,KG,2.597,2.597,2605.135986328125,xgboost_baseline
APPLE_GRANNY_SMITH,FLINK,NL-NB,2026-02-01,2026-02-28,Monthly,,KG,2.634,2.634,2626.857421875,xgboost_baseline
APPLE_GRANNY_SMITH,FLINK,NL-NB,2026-03-01,2026-03-31,Monthly,,KG,2.634,2.634,2578.335693359375,xgboost_baseline
APPLE_GRANNY_SMITH,FLINK,NL-NB,2026-04-01,2026-04-30,Monthly,,KG,2.634,2.634,2578.223388671875,xgboost_baseline
APPLE_GRANNY_SMITH,FLINK,NL-NB,2026-05-01,2026-05-31,Monthly,,KG,2.634,2.634,2636.2392578125,xgboost_baseline
APPLE_GRANNY_SMITH,FLINK,NL-NB,2026-06-01,2026-06-30,Monthly,,KG,2.634,2.634,2636.2392578125,xgboost_baseline
APPLE_GRANNY_SMITH,FLINK,NL-NB,2026-07-01,2026-07-31,Monthly,,KG,2.634,2.634,2636.2392578125,xgboost_baseline
APPLE_GRANNY_SMITH,FLINK,NL-NB,2026-08-01,2026-08-31,Monthly,,KG,2.634,2.634,2632.114501953125,xgboost_baseline
APPLE_GRANNY_SMITH,FLINK,NL-NB,2026-09-01,2026-09-30,Monthly,,KG,2.634,2.634,2632.114501953125,xgboost_baseline
APPLE_GRANNY_SMITH,FLINK,NL-NB,2026-10-01,2026-10-31,Monthly,,KG,2.634,2.634,2632.1142578125,xgboost_baseline
APPLE_GRANNY_SMITH,FLINK,NL-NB,2026-11-01,2026-11-30,Monthly,,KG,2.634,2.634,2632.1142578125,xgboost_baseline
APPLE_GRANNY_SMITH,FLINK,NL-NB,2026-12-01,2026-12-31,Monthly,,KG,2.634,2.634,2632.1142578125,xgboost_baseline
APPLE_GRANNY_SMITH,FLINK,NL-NB,2027-01-01,2027-01-31,Monthly,,KG,2.634,2.634,2628.60546875,xgboost_baseline
APPLE_GRANNY_SMITH,FLINK,NL-NH,2026-02-01,2026-02-28,Monthly,,KG,2.739,2.739,2755.194580078125,xgboost_baseline
APPLE_GRANNY_SMITH,FLINK,NL-NH,2026-03-01,2026-03-31,Monthly,,KG,2.739,2.739,2713.161865234375,xgboost_baseline
APPLE_GRANNY_SMITH,FLINK,NL-NH,2026-04-01,2026-04-30,Monthly,,KG,2.739,2.739,2713.058349609375,xgboost_baseline
APPLE_GRANNY_SMITH,FLINK,NL-NH,2026-05-01,2026-05-31,Monthly,,KG,2.739,2.739,2779.700439453125,xgboost_baseline
APPLE_GRANNY_SMITH,FLINK,NL-NH,2026-06-01,2026-06-30,Monthly,,KG,2.739,2.739,2773.523681640625,xgboost_baseline
APPLE_GRANNY_SMITH,FLINK,NL-NH,2026-07-01,2026-07-31,Monthly,,KG,2.739,2.739,2773.523681640625,xgboost_baseline
APPLE_GRANNY_SMITH,FLINK,NL-NH,2026-08-01,2026-08-31,Monthly,,KG,2.739,2.739,2775.99755859375,xgboost_baseline
APPLE_GRANNY_SMITH,FLINK,NL-NH,2026-09-01,2026-09-30,Monthly,,KG,2.739,2.739,2775.99755859375,xgboost_baseline
APPLE_GRANNY_SMITH,FLINK,NL-NH,2026-10-01,2026-10-31,Monthly,,KG,2.739,2.739,2775.998779296875,xgboost_baseline
APPLE_GRANNY_SMITH,FLINK,NL-NH,2026-11-01,2026-11-30,Monthly,,KG,2.739,2.739,2775.71875,xgboost_baseline
APPLE_GRANNY_SMITH,FLINK,NL-NH,2026-12-01,2026-12-31,Monthly,,KG,2.739,2.739,2775.71875,xgboost_baseline
APPLE_GRANNY_SMITH,FLINK,NL-NH,2027-01-01,2027-01-31,Monthly,,KG,2.739,2.739,2767.79443359375,xgboost_baseline
APPLE_GRANNY_SMITH,FLINK,NL-ZH,2026-02-01,2026-02-28,Monthly,,KG,2.853,2.853,2771.081298828125,xgboost_baseline
APPLE_GRANNY_SMITH,FLINK,NL-ZH,2026-03-01,2026-03-31,Monthly,,KG,2.853,2.853,2713.161865234375,xgboost_baseline
APPLE_GRANNY_SMITH,FLINK,NL-ZH,2026-04-01,2026-04-30,Monthly,,KG,2.853,2.853,2713.058349609375,xgboost_baseline
APPLE_GRANNY_SMITH,FLINK,NL-ZH,2026-05-01,2026-05-31,Monthly,,KG,2.853,2.853,2779.700439453125,xgboost_baseline
APPLE_GRANNY_SMITH,FLINK,NL-ZH,2026-06-01,2026-06-30,Monthly,,KG,2.853,2.853,2773.523681640625,xgboost_baseline
APPLE_GRANNY_SMITH,FLINK,NL-ZH,2026-07-01,2026-07-31,Monthly,,KG,2.853,2.853,2773.523681640625,xgboost_baseline
APPLE_GRANNY_SMITH,FLINK,NL-ZH,2026-08-01,2026-08-31,Monthly,,KG,2.853,2.853,2775.717529296875,xgboost_baseline
APPLE_GRANNY_SMITH,FLINK,NL-ZH,2026-09-01,2026-09-30,Monthly,,KG,2.853,2.853,2775.99755859375,xgboost_baseline
APPLE_GRANNY_SMITH,FLINK,NL-ZH,2026-10-01,2026-10-31,Monthly,,KG,2.853,2.853,2775.998779296875,xgboost_baseline
APPLE_GRANNY_SMITH,FLINK,NL-ZH,2026-11-01,2026-11-30,Monthly,,KG,2.853,2.853,2775.71875,xgboost_baseline
APPLE_GRANNY_SMITH,FLINK,NL-ZH,2026-12-01,2026-12-31,Monthly,,KG,2.853,2.853,2775.71875,xgboost_baseline
APPLE_GRANNY_SMITH,FLINK,NL-ZH,2027-01-01,2027-01-31,Monthly,,KG,2.853,2.853,2767.79443359375,xgboost_baseline
APPLE_GRANNY_SMITH,GREENACRES,NL-GE,2026-02-01,2026-02-28,Monthly,,KG,2.588,2.588,2600.7646484375,xgboost_baseline
APPLE_GRANNY_SMITH,GREENACRES,NL-GE,2026-03-01,2026-03-31,Monthly,,KG,2.588,2.588,2569.11083984375,xgboost_baseline
APPLE_GRANNY_SMITH,GREENACRES,NL-GE,2026-04-01,2026-04-30,Monthly,,KG,2.588,2.588,2569.929443359375,xgboost_baseline
APPLE_GRANNY_SMITH,GREENACRES,NL-GE,2026-05-01,2026-05-31,Monthly,,KG,2.588,2.588,2610.71337890625,xgboost_baseline
APPLE_GRANNY_SMITH,GREENACRES,NL-GE,2026-06-01,2026-06-30,Monthly,,KG,2.588,2.588,2606.072998046875,xgboost_baseline
APPLE_GRANNY_SMITH,GREENACRES,NL-GE,2026-07-01,2026-07-31,Monthly,,KG,2.588,2.588,2606.0693359375,xgboost_baseline
APPLE_GRANNY_SMITH,GREENACRES,NL-GE,2026-08-01,2026-08-31,Monthly,,KG,2.588,2.588,2608.856201171875,xgboost_baseline
APPLE_GRANNY_SMITH,GREENACRES,NL-GE,2026-09-01,2026-09-30,Monthly,,KG,2.588,2.588,2608.856201171875,xgboost_baseline
APPLE_GRANNY_SMITH,GREENACRES,NL-GE,2026-10-01,2026-10-31,Monthly,,KG,2.588,2.588,2608.856201171875,xgboost_baseline
APPLE_GRANNY_SMITH,GREENACRES,NL-GE,2026-11-01,2026-11-30,Monthly,,KG,2.588,2.588,2608.856201171875,xgboost_baseline
APPLE_GRANNY_SMITH,GREENACRES,NL-GE,2026-12-01,2026-12-31,Monthly,,KG,2.588,2.588,2608.85791015625,xgboost_baseline
APPLE_GRANNY_SMITH,GREENACRES,NL-GE,2027-01-01,2027-01-31,Monthly,,KG,2.1998,2.588,2625.6455078125,xgboost_baseline
APPLE_GRANNY_SMITH,GREENACRES,NL-NB,2026-02-01,2026-02-28,Monthly,,KG,2.709,2.709,2755.194580078125,xgboost_baseline
APPLE_GRANNY_SMITH,GREENACRES,NL-NB,2026-03-01,2026-03-31,Monthly,,KG,2.709,2.709,2713.161865234375,xgboost_baseline
APPLE_GRANNY_SMITH,GREENACRES,NL-NB,2026-04-01,2026-04-30,Monthly,,KG,2.709,2.709,2712.407470703125,xgboost_baseline
APPLE_GRANNY_SMITH,GREENACRES,NL-NB,2026-05-01,2026-05-31,Monthly,,KG,2.709,2.709,2779.700439453125,xgboost_baseline
APPLE_GRANNY_SMITH,GREENACRES,NL-NB,2026-06-01,2026-06-30,Monthly,,KG,2.709,2.709,2773.523681640625,xgboost_baseline
APPLE_GRANNY_SMITH,GREENACRES,NL-NB,2026-07-01,2026-07-31,Monthly,,KG,2.709,2.709,2771.474609375,xgboost_baseline
APPLE_GRANNY_SMITH,GREENACRES,NL-NB,2026-08-01,2026-08-31,Monthly,,KG,2.709,2.709,2775.99755859375,xgboost_baseline
APPLE_GRANNY_SMITH,GREENACRES,NL-NB,2026-09-01,2026-09-30,Monthly,,KG,2.709,2.709,2775.99755859375,xgboost_baseline
APPLE_GRANNY_SMITH,GREENACRES,NL-NB,2026-10-01,2026-10-31,Monthly,,KG,2.709,2.709,2775.998779296875,xgboost_baseline
APPLE_GRANNY_SMITH,GREENACRES,NL-NB,2026-11-01,2026-11-30,Monthly,,KG,2.709,2.709,2775.71875,xgboost_baseline
APPLE_GRANNY_SMITH,GREENACRES,NL-NB,2026-12-01,2026-12-31,Monthly,,KG,2.709,2.709,2775.71875,xgboost_baseline
APPLE_GRANNY_SMITH,GREENACRES,NL-NB,2027-01-01,2027-01-31,Monthly,,KG,2.709,2.709,2770.152587890625,xgboost_baseline
APPLE_GRANNY_SMITH,GREENACRES,NL-NH,2026-02-01,2026-02-28,Monthly,,KG,2.745,2.745,2771.081298828125,xgboost_baseline
APPLE_GRANNY_SMITH,GREENACRES,NL-NH,2026-03-01,2026-03-31,Monthly,,KG,2.745,2.745,2713.161865234375,xgboost_baseline
APPLE_GRANNY_SMITH,GREENACRES,NL-NH,2026-04-01,2026-04-30,Monthly,,KG,2.745,2.745,2712.407470703125,xgboost_baseline
APPLE_GRANNY_SMITH,GREENACRES,NL-NH,2026-05-01,2026-05-31,Monthly,,KG,2.745,2.745,2779.700439453125,xgboost_baseline
APPLE_GRANNY_SMITH,GREENACRES,NL-NH,2026-06-01,2026-06-30,Monthly,,KG,2.745,2.745,2773.523681640625,xgboost_baseline
APPLE_GRANNY_SMITH,GREENACRES,NL-NH,2026-07-01,2026-07-31,Monthly,,KG,2.745,2.745,2773.523681640625,xgboost_baseline
APPLE_GRANNY_SMITH,GREENACRES,NL-NH,2026-08-01,2026-08-31,Monthly,,KG,2.745,2.745,2775.717529296875,xgboost_baseline
APPLE_GRANNY_SMITH,GREENACRES,NL-NH,2026-09-01,2026-09-30,Monthly,,KG,2.745,2.745,2775.99755859375,xgboost_baseline
APPLE_GRANNY_SMITH,GREENACRES,NL-NH,2026-10-01,2026-10-31,Monthly,,KG,2.745,2.745,2775.998779296875,xgboost_baseline
APPLE_GRANNY_SMITH,GREENACRES,NL-NH,2026-11-01,2026-11-30,Monthly,,KG,2.745,2.745,2775.71875,xgboost_baseline
APPLE_GRANNY_SMITH,GREENACRES,NL-NH,2026-12-01,2026-12-31,Monthly,,KG,2.745,2.745,2775.71875,xgboost_baseline
APPLE_GRANNY_SMITH,GREENACRES,NL-NH,2027-01-01,2027-01-31,Monthly,,KG,2.745,2.745,2770.152587890625,xgboost_baseline
APPLE_GRANNY_SMITH,GREENACRES,NL-ZH,2026-02-01,2026-02-28,Monthly,,KG,2.88,2.88,2755.194580078125,xgboost_baseline
APPLE_GRANNY_SMITH,GREENACRES,NL-ZH,2026-03-01,2026-03-31,Monthly,,KG,2.88,2.88,2711.8662109375,xgboost_baseline
APPLE_GRANNY_SMITH,GREENACRES,NL-ZH,2026-04-01,2026-04-30,Monthly,,KG,2.88,2.88,2712.407470703125,xgboost_baseline
APPLE_GRANNY_SMITH,GREENACRES,NL-ZH,2026-05-01,2026-05-31,Monthly,,KG,2.88,2.88,2779.700439453125,xgboost_baseline
APPLE_GRANNY_SMITH,GREENACRES,NL-ZH,2026-06-01,2026-06-30,Monthly,,KG,2.88,2.88,2771.42236328125,xgboost_baseline
APPLE_GRANNY_SMITH,GREENACRES,NL-ZH,2026-07-01,2026-07-31,Monthly,,KG,2.88,2.88,2771.473388671875,xgboost_baseline
APPLE_GRANNY_SMITH,GREENACRES,NL-ZH,2026-08-01,2026-08-31,Monthly,,KG,2.88,2.88,2775.99755859375,xgboost_baseline
APPLE_GRANNY_SMITH,GREENACRES,NL-ZH,2026-09-01,2026-09-30,Monthly,,KG,2.88,2.88,2775.99755859375,xgboost_baseline
APPLE_GRANNY_SMITH,GREENACRES,NL-ZH,2026-10-01,2026-10-31,Monthly,,KG,2.88,2.88,2775.998779296875,xgboost_baseline
APPLE_GRANNY_SMITH,GREENACRES,NL-ZH,2026-11-01,2026-11-30,Monthly,,KG,2.88,2.88,2775.71875,xgboost_baseline
APPLE_GRANNY_SMITH,GREENACRES,NL-ZH,2026-12-01,2026-12-31,Monthly,,KG,2.88,2.88,2777.89990234375,xgboost_baseline
APPLE_GRANNY_SMITH,GREENACRES,NL-ZH,2027-01-01,2027-01-31,Monthly,,KG,2.88,2.88,2770.152587890625,xgboost_baseline
APPLE_GRANNY_SMITH,HELLOFRESH,NL-GE,2026-02-01,2026-02-28,Monthly,,KG,2.556,2.556,2619.802490234375,xgboost_baseline
APPLE_GRANNY_SMITH,HELLOFRESH,NL-GE,2026-03-01,2026-03-31,Monthly,,KG,2.556,2.556,2570.04150390625,xgboost_baseline
APPLE_GRANNY_SMITH,HELLOFRESH,NL-GE,2026-04-01,2026-04-30,Monthly,,KG,2.556,2.556,2569.9296875,xgboost_baseline
APPLE_GRANNY_SMITH,HELLOFRESH,NL-GE,2026-05-01,2026-05-31,Monthly,,KG,2.556,2.556,2610.710205078125,xgboost_baseline
APPLE_GRANNY_SMITH,HELLOFRESH,NL-GE,2026-06-01,2026-06-30,Monthly,,KG,2.556,2.556,2610.710205078125,xgboost_baseline
APPLE_GRANNY_SMITH,HELLOFRESH,NL-GE,2026-07-01,2026-07-31,Monthly,,KG,2.556,2.556,2610.710205078125,xgboost_baseline
APPLE_GRANNY_SMITH,HELLOFRESH,NL-GE,2026-08-01,2026-08-31,Monthly,,KG,2.556,2.556,2608.856689453125,xgboost_baseline
APPLE_GRANNY_SMITH,HELLOFRESH,NL-GE,2026-09-01,2026-09-30,Monthly,,KG,2.556,2.556,2608.856689453125,xgboost_baseline
APPLE_GRANNY_SMITH,HELLOFRESH,NL-GE,2026-10-01,2026-10-31,Monthly,,KG,2.556,2.556,2608.856689453125,xgboost_baseline
APPLE_GRANNY_SMITH,HELLOFRESH,NL-GE,2026-11-01,2026-11-30,Monthly,,KG,2.556,2.556,2608.856689453125,xgboost_baseline
APPLE_GRANNY_SMITH,HELLOFRESH,NL-GE,2026-12-01,2026-12-31,Monthly,,KG,2.556,2.556,2608.856689453125,xgboost_baseline
APPLE_GRANNY_SMITH,HELLOFRESH,NL-GE,2027-01-01,2027-01-31,Monthly,,KG,2.556,2.556,2605.136474609375,xgboost_baseline
APPLE_GRANNY_SMITH,HELLOFRESH,NL-NB,2026-02-01,2026-02-28,Monthly,,KG,2.758,2.758,2755.194580078125,xgboost_baseline
APPLE_GRANNY_SMITH,HELLOFRESH,NL-NB,2026-03-01,2026-03-31,Monthly,,KG,2.758,2.758,2713.161865234375,xgboost_baseline
APPLE_GRANNY_SMITH,HELLOFRESH,NL-NB,2026-04-01,2026-04-30,Monthly,,KG,2.758,2.758,2713.058349609375,xgboost_baseline
APPLE_GRANNY_SMITH,HELLOFRESH,NL-NB,2026-05-01,2026-05-31,Monthly,,KG,2.758,2.758,2779.700439453125,xgboost_baseline
APPLE_GRANNY_SMITH,HELLOFRESH,NL-NB,2026-06-01,2026-06-30,Monthly,,KG,2.758,2.758,2773.523681640625,xgboost_baseline
APPLE_GRANNY_SMITH,HELLOFRESH,NL-NB,2026-07-01,2026-07-31,Monthly,,KG,2.758,2.758,2773.523681640625,xgboost_baseline
APPLE_GRANNY_SMITH,HELLOFRESH,NL-NB,2026-08-01,2026-08-31,Monthly,,KG,2.758,2.758,2775.99755859375,xgboost_baseline
APPLE_GRANNY_SMITH,HELLOFRESH,NL-NB,2026-09-01,2026-09-30,Monthly,,KG,2.758,2.758,2775.99755859375,xgboost_baseline
APPLE_GRANNY_SMITH,HELLOFRESH,NL-NB,2026-10-01,2026-10-31,Monthly,,KG,2.758,2.758,2775.998779296875,xgboost_baseline
APPLE_GRANNY_SMITH,HELLOFRESH,NL-NB,2026-11-01,2026-11-30,Monthly,,KG,2.758,2.758,2775.71875,xgboost_baseline
APPLE_GRANNY_SMITH,HELLOFRESH,NL-NB,2026-12-01,2026-12-31,Monthly,,KG,2.758,2.758,2775.71875,xgboost_baseline
APPLE_GRANNY_SMITH,HELLOFRESH,NL-NB,2027-01-01,2027-01-31,Monthly,,KG,2.758,2.758,2767.79443359375,xgboost_baseline
APPLE_GRANNY_SMITH,HELLOFRESH,NL-NH,2026-02-01,2026-02-28,Monthly,,KG,2.768,2.768,2755.194580078125,xgboost_baseline
APPLE_GRANNY_SMITH,HELLOFRESH,NL-NH,2026-03-01,2026-03-31,Monthly,,KG,2.768,2.768,2713.161865234375,xgboost_baseline
APPLE_GRANNY_SMITH,HELLOFRESH,NL-NH,2026-04-01,2026-04-30,Monthly,,KG,2.768,2.768,2713.058349609375,xgboost_baseline
APPLE_GRANNY_SMITH,HELLOFRESH,NL-NH,2026-05-01,2026-05-31,Monthly,,KG,2.768,2.768,2779.700439453125,xgboost_baseline
APPLE_GRANNY_SMITH,HELLOFRESH,NL-NH,2026-06-01,2026-06-30,Monthly,,KG,2.768,2.768,2773.523681640625,xgboost_baseline
APPLE_GRANNY_SMITH,HELLOFRESH,NL-NH,2026-07-01,2026-07-31,Monthly,,KG,2.768,2.768,2773.523681640625,xgboost_baseline
APPLE_GRANNY_SMITH,HELLOFRESH,NL-NH,2026-08-01,2026-08-31,Monthly,,KG,2.768,2.768,2775.99755859375,xgboost_baseline
APPLE_GRANNY_SMITH,HELLOFRESH,NL-NH,2026-09-01,2026-09-30,Monthly,,KG,2.768,2.768,2775.99755859375,xgboost_baseline
APPLE_GRANNY_SMITH,HELLOFRESH,NL-NH,2026-10-01,2026-10-31,Monthly,,KG,2.768,2.768,2775.998779296875,xgboost_baseline
APPLE_GRANNY_SMITH,HELLOFRESH,NL-NH,2026-11-01,2026-11-30,Monthly,,KG,2.768,2.768,2775.71875,xgboost_baseline
APPLE_GRANNY_SMITH,HELLOFRESH,NL-NH,2026-12-01,2026-12-31,Monthly,,KG,2.768,2.768,2775.71875,xgboost_baseline
APPLE_GRANNY_SMITH,HELLOFRESH,NL-NH,2027-01-01,2027-01-31,Monthly,,KG,2.768,2.768,2767.79443359375,xgboost_baseline
APPLE_GRANNY_SMITH,HELLOFRESH,NL-ZH,2026-02-01,2026-02-28,Monthly,,KG,2.853,2.853,2772.614990234375,xgboost_baseline
APPLE_GRANNY_SMITH,HELLOFRESH,NL-ZH,2026-03-01,2026-03-31,Monthly,,KG,2.853,2.853,2713.161865234375,xgboost_baseline
APPLE_GRANNY_SMITH,HELLOFRESH,NL-ZH,2026-04-01,2026-04-30,Monthly,,KG,2.853,2.853,2713.058349609375,xgboost_baseline
APPLE_GRANNY_SMITH,HELLOFRESH,NL-ZH,2026-05-01,2026-05-31,Monthly,,KG,2.853,2.853,2779.700439453125,xgboost_baseline
APPLE_GRANNY_SMITH,HELLOFRESH,NL-ZH,2026-06-01,2026-06-30,Monthly,,KG,2.853,2.853,2773.523681640625,xgboost_baseline
APPLE_GRANNY_SMITH,HELLOFRESH,NL-ZH,2026-07-01,2026-07-31,Monthly,,KG,2.853,2.853,2773.523681640625,xgboost_baseline
APPLE_GRANNY_SMITH,HELLOFRESH,NL-ZH,2026-08-01,2026-08-31,Monthly,,KG,2.853,2.853,2775.717529296875,xgboost_baseline
APPLE_GRANNY_SMITH,HELLOFRESH,NL-ZH,2026-09-01,2026-09-30,Monthly,,KG,2.853,2.853,2775.99755859375,xgboost_baseline
APPLE_GRANNY_SMITH,HELLOFRESH,NL-ZH,2026-10-01,2026-10-31,Monthly,,KG,2.853,2.853,2775.998779296875,xgboost_baseline
APPLE_GRANNY_SMITH,HELLOFRESH,NL-ZH,2026-11-01,2026-11-30,Monthly,,KG,2.853,2.853,2775.71875,xgboost_baseline
APPLE_GRANNY_SMITH,HELLOFRESH,NL-ZH,2026-12-01,2026-12-31,Monthly,,KG,2.853,2.853,2775.71875,xgboost_baseline
APPLE_GRANNY_SMITH,HELLOFRESH,NL-ZH,2027-01-01,2027-01-31,Monthly,,KG,2.853,2.853,2767.79443359375,xgboost_baseline
APPLE_GRANNY_SMITH,HOLLANDFOODSERVICE,NL-GE,2026-02-01,2026-02-28,Monthly,,KG,2.591,2.591,2618.287109375,xgboost_baseline
APPLE_GRANNY_SMITH,HOLLANDFOODSERVICE,NL-GE,2026-03-01,2026-03-31,Monthly,,KG,2.591,2.591,2566.154052734375,xgboost_baseline
APPLE_GRANNY_SMITH,HOLLANDFOODSERVICE,NL-GE,2026-04-01,2026-04-30,Monthly,,KG,2.591,2.591,2569.929443359375,xgboost_baseline
APPLE_GRANNY_SMITH,HOLLANDFOODSERVICE,NL-GE,2026-05-01,2026-05-31,Monthly,,KG,2.591,2.591,2610.71337890625,xgboost_baseline
APPLE_GRANNY_SMITH,HOLLANDFOODSERVICE,NL-GE,2026-06-01,2026-06-30,Monthly,,KG,2.591,2.591,2610.71337890625,xgboost_baseline
APPLE_GRANNY_SMITH,HOLLANDFOODSERVICE,NL-GE,2026-07-01,2026-07-31,Monthly,,KG,2.591,2.591,2606.072998046875,xgboost_baseline
APPLE_GRANNY_SMITH,HOLLANDFOODSERVICE,NL-GE,2026-08-01,2026-08-31,Monthly,,KG,2.591,2.591,2608.856201171875,xgboost_baseline
APPLE_GRANNY_SMITH,HOLLANDFOODSERVICE,NL-GE,2026-09-01,2026-09-30,Monthly,,KG,2.591,2.591,2608.856201171875,xgboost_baseline
APPLE_GRANNY_SMITH,HOLLANDFOODSERVICE,NL-GE,2026-10-01,2026-10-31,Monthly,,KG,2.591,2.591,2608.856201171875,xgboost_baseline
APPLE_GRANNY_SMITH,HOLLANDFOODSERVICE,NL-GE,2026-11-01,2026-11-30,Monthly,,KG,2.591,2.591,2608.856201171875,xgboost_baseline
APPLE_GRANNY_SMITH,HOLLANDFOODSERVICE,NL-GE,2026-12-01,2026-12-31,Monthly,,KG,2.591,2.591,2609.439453125,xgboost_baseline
APPLE_GRANNY_SMITH,HOLLANDFOODSERVICE,NL-GE,2027-01-01,2027-01-31,Monthly,,KG,2.591,2.591,2605.138671875,xgboost_baseline
APPLE_GRANNY_SMITH,HOLLANDFOODSERVICE,NL-NB,2026-02-01,2026-02-28,Monthly,,KG,2.659,2.659,2623.330322265625,xgboost_baseline
APPLE_GRANNY_SMITH,HOLLANDFOODSERVICE,NL-NB,2026-03-01,2026-03-31,Monthly,,KG,2.659,2.659,2573.919921875,xgboost_baseline
APPLE_GRANNY_SMITH,HOLLANDFOODSERVICE,NL-NB,2026-04-01,2026-04-30,Monthly,,KG,2.659,2.659,2590.608154296875,xgboost_baseline
APPLE_GRANNY_SMITH,HOLLANDFOODSERVICE,NL-NB,2026-05-01,2026-05-31,Monthly,,KG,2.659,2.659,2633.000244140625,xgboost_baseline
APPLE_GRANNY_SMITH,HOLLANDFOODSERVICE,NL-NB,2026-06-01,2026-06-30,Monthly,,KG,2.659,2.659,2628.582275390625,xgboost_baseline
APPLE_GRANNY_SMITH,HOLLANDFOODSERVICE,NL-NB,2026-07-01,2026-07-31,Monthly,,KG,2.659,2.659,2628.58056640625,xgboost_baseline
APPLE_GRANNY_SMITH,HOLLANDFOODSERVICE,NL-NB,2026-08-01,2026-08-31,Monthly,,KG,2.659,2.659,2628.871826171875,xgboost_baseline
APPLE_GRANNY_SMITH,HOLLANDFOODSERVICE,NL-NB,2026-09-01,2026-09-30,Monthly,,KG,2.659,2.659,2628.871826171875,xgboost_baseline
APPLE_GRANNY_SMITH,HOLLANDFOODSERVICE,NL-NB,2026-10-01,2026-10-31,Monthly,,KG,2.659,2.659,2628.87158203125,xgboost_baseline
APPLE_GRANNY_SMITH,HOLLANDFOODSERVICE,NL-NB,2026-11-01,2026-11-30,Monthly,,KG,2.659,2.659,2628.87158203125,xgboost_baseline
APPLE_GRANNY_SMITH,HOLLANDFOODSERVICE,NL-NB,2026-12-01,2026-12-31,Monthly,,KG,2.659,2.659,2629.791748046875,xgboost_baseline
APPLE_GRANNY_SMITH,HOLLANDFOODSERVICE,NL-NB,2027-01-01,2027-01-31,Monthly,,KG,2.659,2.659,2626.28271484375,xgboost_baseline
APPLE_GRANNY_SMITH,HOLLANDFOODSERVICE,NL-NH,2026-02-01,2026-02-28,Monthly,,KG,2.696,2.696,2755.194580078125,xgboost_baseline
APPLE_GRANNY_SMITH,HOLLANDFOODSERVICE,NL-NH,2026-03-01,2026-03-31,Monthly,,KG,2.696,2.696,2713.161865234375,xgboost_baseline
APPLE_GRANNY_SMITH,HOLLANDFOODSERVICE,NL-NH,2026-04-01,2026-04-30,Monthly,,KG,2.696,2.696,2712.407470703125,xgboost_baseline
APPLE_GRANNY_SMITH,HOLLANDFOODSERVICE,NL-NH,2026-05-01,2026-05-31,Monthly,,KG,2.696,2.696,2779.700439453125,xgboost_baseline
APPLE_GRANNY_SMITH,HOLLANDFOODSERVICE,NL-NH,2026-06-01,2026-06-30,Monthly,,KG,2.696,2.696,2773.523681640625,xgboost_baseline
APPLE_GRANNY_SMITH,HOLLANDFOODSERVICE,NL-NH,2026-07-01,2026-07-31,Monthly,,KG,2.696,2.696,2771.474609375,xgboost_baseline
APPLE_GRANNY_SMITH,HOLLANDFOODSERVICE,NL-NH,2026-08-01,2026-08-31,Monthly,,KG,2.696,2.696,2775.99755859375,xgboost_baseline
APPLE_GRANNY_SMITH,HOLLANDFOODSERVICE,NL-NH,2026-09-01,2026-09-30,Monthly,,KG,2.696,2.696,2775.99755859375,xgboost_baseline
APPLE_GRANNY_SMITH,HOLLANDFOODSERVICE,NL-NH,2026-10-01,2026-10-31,Monthly,,KG,2.696,2.696,2775.998779296875,xgboost_baseline
APPLE_GRANNY_SMITH,HOLLANDFOODSERVICE,NL-NH,2026-11-01,2026-11-30,Monthly,,KG,2.696,2.696,2775.71875,xgboost_baseline
APPLE_GRANNY_SMITH,HOLLANDFOODSERVICE,NL-NH,2026-12-01,2026-12-31,Monthly,,KG,2.696,2.696,2775.71875,xgboost_baseline
APPLE_GRANNY_SMITH,HOLLANDFOODSERVICE,NL-NH,2027-01-01,2027-01-31,Monthly,,KG,2.696,2.696,2770.152587890625,xgboost_baseline
APPLE_GRANNY_SMITH,HOLLANDFOODSERVICE,NL-ZH,2026-02-01,2026-02-28,Monthly,,KG,2.783,2.783,2771.081298828125,xgboost_baseline
APPLE_GRANNY_SMITH,HOLLANDFOODSERVICE,NL-ZH,2026-03-01,2026-03-31,Monthly,,KG,2.783,2.783,2711.8662109375,xgboost_baseline
APPLE_GRANNY_SMITH,HOLLANDFOODSERVICE,NL-ZH,2026-04-01,2026-04-30,Monthly,,KG,2.783,2.783,2712.407470703125,xgboost_baseline
APPLE_GRANNY_SMITH,HOLLANDFOODSERVICE,NL-ZH,2026-05-01,2026-05-31,Monthly,,KG,2.783,2.783,2779.700439453125,xgboost_baseline
APPLE_GRANNY_SMITH,HOLLANDFOODSERVICE,NL-ZH,2026-06-01,2026-06-30,Monthly,,KG,2.783,2.783,2771.474609375,xgboost_baseline
APPLE_GRANNY_SMITH,HOLLANDFOODSERVICE,NL-ZH,2026-07-01,2026-07-31,Monthly,,KG,2.783,2.783,2771.473388671875,xgboost_baseline
APPLE_GRANNY_SMITH,HOLLANDFOODSERVICE,NL-ZH,2026-08-01,2026-08-31,Monthly,,KG,2.783,2.783,2775.717529296875,xgboost_baseline
APPLE_GRANNY_SMITH,HOLLANDFOODSERVICE,NL-ZH,2026-09-01,2026-09-30,Monthly,,KG,2.783,2.783,2775.99755859375,xgboost_baseline
APPLE_GRANNY_SMITH,HOLLANDFOODSERVICE,NL-ZH,2026-10-01,2026-10-31,Monthly,,KG,2.783,2.783,2775.998779296875,xgboost_baseline
APPLE_GRANNY_SMITH,HOLLANDFOODSERVICE,NL-ZH,2026-11-01,2026-11-30,Monthly,,KG,2.783,2.783,2775.71875,xgboost_baseline
APPLE_GRANNY_SMITH,HOLLANDFOODSERVICE,NL-ZH,2026-12-01,2026-12-31,Monthly,,KG,2.783,2.783,2778.076904296875,xgboost_baseline
APPLE_GRANNY_SMITH,HOLLANDFOODSERVICE,NL-ZH,2027-01-01,2027-01-31,Monthly,,KG,2.783,2.783,2770.152587890625,xgboost_baseline
APPLE_GRANNY_SMITH,JUMBO,NL-GE,2026-02-01,2026-02-28,Monthly,,KG,2.634,2.634,3082.41748046875,xgboost_baseline
APPLE_GRANNY_SMITH,JUMBO,NL-GE,2026-03-01,2026-03-31,Monthly,,KG,2.634,2.634,3257.244384765625,xgboost_baseline
APPLE_GRANNY_SMITH,JUMBO,NL-GE,2026-04-01,2026-04-30,Monthly,,KG,2.634,2.634,3023.305908203125,xgboost_baseline
APPLE_GRANNY_SMITH,JUMBO,NL-GE,2026-05-01,2026-05-31,Monthly,,KG,2.634,2.634,2680.607177734375,xgboost_baseline
APPLE_GRANNY_SMITH,JUMBO,NL-GE,2026-06-01,2026-06-30,Monthly,,KG,2.634,2.634,2344.698486328125,xgboost_baseline
APPLE_GRANNY_SMITH,JUMBO,NL-GE,2026-07-01,2026-07-31,Monthly,,KG,2.634,2.634,2392.53564453125,xgboost_baseline
APPLE_GRANNY_SMITH,JUMBO,NL-GE,2026-08-01,2026-08-31,Monthly,,KG,2.634,2.634,2478.903076171875,xgboost_baseline
APPLE_GRANNY_SMITH,JUMBO,NL-GE,2026-09-01,2026-09-30,Monthly,,KG,2.634,2.634,2614.50048828125,xgboost_baseline
APPLE_GRANNY_SMITH,JUMBO,NL-GE,2026-10-01,2026-10-31,Monthly,,KG,2.634,2.634,2629.982421875,xgboost_baseline
APPLE_GRANNY_SMITH,JUMBO,NL-GE,2026-11-01,2026-11-30,Monthly,,KG,2.634,2.634,2832.55322265625,xgboost_baseline
APPLE_GRANNY_SMITH,JUMBO,NL-GE,2026-12-01,2026-12-31,Monthly,,KG,2.634,2.634,3127.402587890625,xgboost_baseline
APPLE_GRANNY_SMITH,JUMBO,NL-GE,2027-01-01,2027-01-31,Monthly,,KG,2.634,2.634,2955.446533203125,xgboost_baseline
APPLE_GRANNY_SMITH,JUMBO,NL-NB,2026-02-01,2026-02-28,Monthly,,KG,2.629,2.629,2534.620361328125,xgboost_baseline
APPLE_GRANNY_SMITH,JUMBO,NL-NB,2026-03-01,2026-03-31,Monthly,,KG,2.629,2.629,2724.43994140625,xgboost_baseline
APPLE_GRANNY_SMITH,JUMBO,NL-NB,2026-04-01,2026-04-30,Monthly,,KG,2.629,2.629,2480.115234375,xgboost_baseline
APPLE_GRANNY_SMITH,JUMBO,NL-NB,2026-05-01,2026-05-31,Monthly,,KG,2.629,2.629,2502.85107421875,xgboost_baseline
APPLE_GRANNY_SMITH,JUMBO,NL-NB,2026-06-01,2026-06-30,Monthly,,KG,2.629,2.629,2605.90966796875,xgboost_baseline
APPLE_GRANNY_SMITH,JUMBO,NL-NB,2026-07-01,2026-07-31,Monthly,,KG,2.629,2.629,2610.0048828125,xgboost_baseline
APPLE_GRANNY_SMITH,JUMBO,NL-NB,2026-08-01,2026-08-31,Monthly,,KG,2.629,2.629,2608.187744140625,xgboost_baseline
APPLE_GRANNY_SMITH,JUMBO,NL-NB,2026-09-01,2026-09-30,Monthly,,KG,2.629,2.629,2639.70703125,xgboost_baseline
APPLE_GRANNY_SMITH,JUMBO,NL-NB,2026-10-01,2026-10-31,Monthly,,KG,2.629,2.629,2803.444091796875,xgboost_baseline
APPLE_GRANNY_SMITH,JUMBO,NL-NB,2026-11-01,2026-11-30,Monthly,,KG,2.629,2.629,3086.146484375,xgboost_baseline
APPLE_GRANNY_SMITH,JUMBO,NL-NB,2026-12-01,2026-12-31,Monthly,,KG,2.629,2.629,3107.13232421875,xgboost_baseline
APPLE_GRANNY_SMITH,JUMBO,NL-NB,2027-01-01,2027-01-31,Monthly,,KG,2.629,2.629,3231.705322265625,xgboost_baseline
APPLE_GRANNY_SMITH,JUMBO,NL-NH,2026-02-01,2026-02-28,Monthly,,KG,2.741,2.741,3061.645263671875,xgboost_baseline
APPLE_GRANNY_SMITH,JUMBO,NL-NH,2026-03-01,2026-03-31,Monthly,,KG,2.741,2.741,3070.3525390625,xgboost_baseline
APPLE_GRANNY_SMITH,JUMBO,NL-NH,2026-04-01,2026-04-30,Monthly,,KG,2.741,2.741,3199.66943359375,xgboost_baseline
APPLE_GRANNY_SMITH,JUMBO,NL-NH,2026-05-01,2026-05-31,Monthly,,KG,2.741,2.741,2903.6376953125,xgboost_baseline
APPLE_GRANNY_SMITH,JUMBO,NL-NH,2026-06-01,2026-06-30,Monthly,,KG,2.741,2.741,2860.59326171875,xgboost_baseline
APPLE_GRANNY_SMITH,JUMBO,NL-NH,2026-07-01,2026-07-31,Monthly,,KG,2.741,2.741,2876.767822265625,xgboost_baseline
APPLE_GRANNY_SMITH,JUMBO,NL-NH,2026-08-01,2026-08-31,Monthly,,KG,2.741,2.741,2835.08544921875,xgboost_baseline
APPLE_GRANNY_SMITH,JUMBO,NL-NH,2026-09-01,2026-09-30,Monthly,,KG,2.741,2.741,2835.085693359375,xgboost_baseline
APPLE_GRANNY_SMITH,JUMBO,NL-NH,2026-10-01,2026-10-31,Monthly,,KG,2.741,2.741,2867.770751953125,xgboost_baseline
APPLE_GRANNY_SMITH,JUMBO,NL-NH,2026-11-01,2026-11-30,Monthly,,KG,2.741,2.741,3025.140869140625,xgboost_baseline
APPLE_GRANNY_SMITH,JUMBO,NL-NH,2026-12-01,2026-12-31,Monthly,,KG,2.741,2.741,3104.290771484375,xgboost_baseline
APPLE_GRANNY_SMITH,JUMBO,NL-NH,2027-01-01,2027-01-31,Monthly,,KG,2.741,2.741,3099.20263671875,xgboost_baseline
APPLE_GRANNY_SMITH,JUMBO,NL-ZH,2026-02-01,2026-02-28,Monthly,,KG,2.823,2.823,3037.363037109375,xgboost_baseline
APPLE_GRANNY_SMITH,JUMBO,NL-ZH,2026-03-01,2026-03-31,Monthly,,KG,2.823,2.823,3046.961181640625,xgboost_baseline
APPLE_GRANNY_SMITH,JUMBO,NL-ZH,2026-04-01,2026-04-30,Monthly,,KG,2.823,2.823,3044.364990234375,xgboost_baseline
APPLE_GRANNY_SMITH,JUMBO,NL-ZH,2026-05-01,2026-05-31,Monthly,,KG,2.823,2.823,2999.906494140625,xgboost_baseline
APPLE_GRANNY_SMITH,JUMBO,NL-ZH,2026-06-01,2026-06-30,Monthly,,KG,2.823,2.823,2966.47216796875,xgboost_baseline
APPLE_GRANNY_SMITH,JUMBO,NL-ZH,2026-07-01,2026-07-31,Monthly,,KG,2.823,2.823,2814.96337890625,xgboost_baseline
APPLE_GRANNY_SMITH,JUMBO,NL-ZH,2026-08-01,2026-08-31,Monthly,,KG,2.823,2.823,3058.259033203125,xgboost_baseline
APPLE_GRANNY_SMITH,JUMBO,NL-ZH,2026-09-01,2026-09-30,Monthly,,KG,2.823,2.823,2898.08203125,xgboost_baseline
APPLE_GRANNY_SMITH,JUMBO,NL-ZH,2026-10-01,2026-10-31,Monthly,,KG,2.823,2.823,3027.520751953125,xgboost_baseline
APPLE_GRANNY_SMITH,JUMBO,NL-ZH,2026-11-01,2026-11-30,Monthly,,KG,2.823,2.823,3021.78466796875,xgboost_baseline
APPLE_GRANNY_SMITH,JUMBO,NL-ZH,2026-12-01,2026-12-31,Monthly,,KG,2.823,2.823,3024.1494140625,xgboost_baseline
APPLE_GRANNY_SMITH,JUMBO,NL-ZH,2027-01-01,2027-01-31,Monthly,,KG,2.823,2.823,3026.955078125,xgboost_baseline
APPLE_GRANNY_SMITH,MELEDI,NL-GE,2026-02-01,2026-02-28,Monthly,,KG,2.623,2.623,2599.49755859375,xgboost_baseline
APPLE_GRANNY_SMITH,MELEDI,NL-GE,2026-03-01,2026-03-31,Monthly,,KG,2.623,2.623,2560.32763671875,xgboost_baseline
APPLE_GRANNY_SMITH,MELEDI,NL-GE,2026-04-01,2026-04-30,Monthly,,KG,2.623,2.623,2560.046142578125,xgboost_baseline
APPLE_GRANNY_SMITH,MELEDI,NL-GE,2026-05-01,2026-05-31,Monthly,,KG,2.623,2.623,2609.34716796875,xgboost_baseline
APPLE_GRANNY_SMITH,MELEDI,NL-GE,2026-06-01,2026-06-30,Monthly,,KG,2.623,2.623,2609.34716796875,xgboost_baseline
APPLE_GRANNY_SMITH,MELEDI,NL-GE,2026-07-01,2026-07-31,Monthly,,KG,2.623,2.623,2604.927001953125,xgboost_baseline
APPLE_GRANNY_SMITH,MELEDI,NL-GE,2026-08-01,2026-08-31,Monthly,,KG,2.623,2.623,2607.696533203125,xgboost_baseline
APPLE_GRANNY_SMITH,MELEDI,NL-GE,2026-09-01,2026-09-30,Monthly,,KG,2.623,2.623,2607.696533203125,xgboost_baseline
APPLE_GRANNY_SMITH,MELEDI,NL-GE,2026-10-01,2026-10-31,Monthly,,KG,2.623,2.623,2607.696533203125,xgboost_baseline
APPLE_GRANNY_SMITH,MELEDI,NL-GE,2026-11-01,2026-11-30,Monthly,,KG,2.623,2.623,2607.696533203125,xgboost_baseline
APPLE_GRANNY_SMITH,MELEDI,NL-GE,2026-12-01,2026-12-31,Monthly,,KG,2.623,2.623,2608.27978515625,xgboost_baseline
APPLE_GRANNY_SMITH,MELEDI,NL-GE,2027-01-01,2027-01-31,Monthly,,KG,2.623,2.623,2604.0048828125,xgboost_baseline
APPLE_GRANNY_SMITH,MELEDI,NL-NB,2026-02-01,2026-02-28,Monthly,,KG,2.638,2.638,2626.8740234375,xgboost_baseline
APPLE_GRANNY_SMITH,MELEDI,NL-NB,2026-03-01,2026-03-31,Monthly,,KG,2.638,2.638,2575.13623046875,xgboost_baseline
APPLE_GRANNY_SMITH,MELEDI,NL-NB,2026-04-01,2026-04-30,Monthly,,KG,2.638,2.638,2578.22314453125,xgboost_baseline
APPLE_GRANNY_SMITH,MELEDI,NL-NB,2026-05-01,2026-05-31,Monthly,,KG,2.638,2.638,2636.55078125,xgboost_baseline
APPLE_GRANNY_SMITH,MELEDI,NL-NB,2026-06-01,2026-06-30,Monthly,,KG,2.638,2.638,2636.55078125,xgboost_baseline
APPLE_GRANNY_SMITH,MELEDI,NL-NB,2026-07-01,2026-07-31,Monthly,,KG,2.638,2.638,2632.13330078125,xgboost_baseline
APPLE_GRANNY_SMITH,MELEDI,NL-NB,2026-08-01,2026-08-31,Monthly,,KG,2.638,2.638,2632.426513671875,xgboost_baseline
APPLE_GRANNY_SMITH,MELEDI,NL-NB,2026-09-01,2026-09-30,Monthly,,KG,2.638,2.638,2632.426513671875,xgboost_baseline
APPLE_GRANNY_SMITH,MELEDI,NL-NB,2026-10-01,2026-10-31,Monthly,,KG,2.638,2.638,2632.42626953125,xgboost_baseline
APPLE_GRANNY_SMITH,MELEDI,NL-NB,2026-11-01,2026-11-30,Monthly,,KG,2.638,2.638,2632.42626953125,xgboost_baseline
APPLE_GRANNY_SMITH,MELEDI,NL-NB,2026-12-01,2026-12-31,Monthly,,KG,2.638,2.638,2633.162109375,xgboost_baseline
APPLE_GRANNY_SMITH,MELEDI,NL-NB,2027-01-01,2027-01-31,Monthly,,KG,2.638,2.638,2629.837158203125,xgboost_baseline
APPLE_GRANNY_SMITH,MELEDI,NL-NH,2026-02-01,2026-02-28,Monthly,,KG,2.754,2.754,2755.194580078125,xgboost_baseline
APPLE_GRANNY_SMITH,MELEDI,NL-NH,2026-03-01,2026-03-31,Monthly,,KG,2.754,2.754,2713.161865234375,xgboost_baseline
APPLE_GRANNY_SMITH,MELEDI,NL-NH,2026-04-01,2026-04-30,Monthly,,KG,2.754,2.754,2712.407470703125,xgboost_baseline
APPLE_GRANNY_SMITH,MELEDI,NL-NH,2026-05-01,2026-05-31,Monthly,,KG,2.754,2.754,2779.700439453125,xgboost_baseline
APPLE_GRANNY_SMITH,MELEDI,NL-NH,2026-06-01,2026-06-30,Monthly,,KG,2.754,2.754,2773.523681640625,xgboost_baseline
APPLE_GRANNY_SMITH,MELEDI,NL-NH,2026-07-01,2026-07-31,Monthly,,KG,2.754,2.754,2771.474609375,xgboost_baseline
APPLE_GRANNY_SMITH,MELEDI,NL-NH,2026-08-01,2026-08-31,Monthly,,KG,2.754,2.754,2775.99755859375,xgboost_baseline
APPLE_GRANNY_SMITH,MELEDI,NL-NH,2026-09-01,2026-09-30,Monthly,,KG,2.754,2.754,2775.99755859375,xgboost_baseline
APPLE_GRANNY_SMITH,MELEDI,NL-NH,2026-10-01,2026-10-31,Monthly,,KG,2.754,2.754,2775.998779296875,xgboost_baseline
APPLE_GRANNY_SMITH,MELEDI,NL-NH,2026-11-01,2026-11-30,Monthly,,KG,2.754,2.754,2775.71875,xgboost_baseline
APPLE_GRANNY_SMITH,MELEDI,NL-NH,2026-12-01,2026-12-31,Monthly,,KG,2.754,2.754,2775.725341796875,xgboost_baseline
APPLE_GRANNY_SMITH,MELEDI,NL-NH,2027-01-01,2027-01-31,Monthly,,KG,2.754,2.754,2770.152587890625,xgboost_baseline
APPLE_GRANNY_SMITH,MELEDI,NL-ZH,2026-02-01,2026-02-28,Monthly,,KG,2.908,2.908,2771.081298828125,xgboost_baseline
APPLE_GRANNY_SMITH,MELEDI,NL-ZH,2026-03-01,2026-03-31,Monthly,,KG,2.908,2.908,2713.161865234375,xgboost_baseline
APPLE_GRANNY_SMITH,MELEDI,NL-ZH,2026-04-01,2026-04-30,Monthly,,KG,2.908,2.908,2725.89306640625,xgboost_baseline
APPLE_GRANNY_SMITH,MELEDI,NL-ZH,2026-05-01,2026-05-31,Monthly,,KG,2.908,2.908,2779.700439453125,xgboost_baseline
APPLE_GRANNY_SMITH,MELEDI,NL-ZH,2026-06-01,2026-06-30,Monthly,,KG,2.908,2.908,2771.474609375,xgboost_baseline
APPLE_GRANNY_SMITH,MELEDI,NL-ZH,2026-07-01,2026-07-31,Monthly,,KG,2.908,2.908,2771.474609375,xgboost_baseline
APPLE_GRANNY_SMITH,MELEDI,NL-ZH,2026-08-01,2026-08-31,Monthly,,KG,2.908,2.908,2775.717529296875,xgboost_baseline
APPLE_GRANNY_SMITH,MELEDI,NL-ZH,2026-09-01,2026-09-30,Monthly,,KG,2.908,2.908,2775.99755859375,xgboost_baseline
APPLE_GRANNY_SMITH,MELEDI,NL-ZH,2026-10-01,2026-10-31,Monthly,,KG,2.908,2.908,2775.998779296875,xgboost_baseline
APPLE_GRANNY_SMITH,MELEDI,NL-ZH,2026-11-01,2026-11-30,Monthly,,KG,2.908,2.908,2775.71875,xgboost_baseline
APPLE_GRANNY_SMITH,MELEDI,NL-ZH,2026-12-01,2026-12-31,Monthly,,KG,2.908,2.908,2778.076904296875,xgboost_baseline
APPLE_GRANNY_SMITH,MELEDI,NL-ZH,2027-01-01,2027-01-31,Monthly,,KG,2.908,2.908,2770.152587890625,xgboost_baseline
APPLE_GRANNY_SMITH,PICNIC,NL-GE,2026-02-01,2026-02-28,Monthly,,KG,2.563,2.563,2600.764892578125,xgboost_baseline
APPLE_GRANNY_SMITH,PICNIC,NL-GE,2026-03-01,2026-03-31,Monthly,,KG,2.563,2.563,2570.04150390625,xgboost_baseline
APPLE_GRANNY_SMITH,PICNIC,NL-GE,2026-04-01,2026-04-30,Monthly,,KG,2.563,2.563,2569.9296875,xgboost_baseline
APPLE_GRANNY_SMITH,PICNIC,NL-GE,2026-05-01,2026-05-31,Monthly,,KG,2.563,2.563,2610.710205078125,xgboost_baseline
APPLE_GRANNY_SMITH,PICNIC,NL-GE,2026-06-01,2026-06-30,Monthly,,KG,2.563,2.563,2610.710205078125,xgboost_baseline
APPLE_GRANNY_SMITH,PICNIC,NL-GE,2026-07-01,2026-07-31,Monthly,,KG,2.563,2.563,2610.710205078125,xgboost_baseline
APPLE_GRANNY_SMITH,PICNIC,NL-GE,2026-08-01,2026-08-31,Monthly,,KG,2.563,2.563,2608.856689453125,xgboost_baseline
APPLE_GRANNY_SMITH,PICNIC,NL-GE,2026-09-01,2026-09-30,Monthly,,KG,2.563,2.563,2608.856689453125,xgboost_baseline
APPLE_GRANNY_SMITH,PICNIC,NL-GE,2026-10-01,2026-10-31,Monthly,,KG,2.563,2.563,2608.856689453125,xgboost_baseline
APPLE_GRANNY_SMITH,PICNIC,NL-GE,2026-11-01,2026-11-30,Monthly,,KG,2.563,2.563,2608.856689453125,xgboost_baseline
APPLE_GRANNY_SMITH,PICNIC,NL-GE,2026-12-01,2026-12-31,Monthly,,KG,2.563,2.563,2608.856689453125,xgboost_baseline
APPLE_GRANNY_SMITH,PICNIC,NL-GE,2027-01-01,2027-01-31,Monthly,,KG,2.563,2.563,2605.136474609375,xgboost_baseline
APPLE_GRANNY_SMITH,PICNIC,NL-NB,2026-02-01,2026-02-28,Monthly,,KG,2.634,2.634,2626.857421875,xgboost_baseline
APPLE_GRANNY_SMITH,PICNIC,NL-NB,2026-03-01,2026-03-31,Monthly,,KG,2.634,2.634,2578.335693359375,xgboost_baseline
APPLE_GRANNY_SMITH,PICNIC,NL-NB,2026-04-01,2026-04-30,Monthly,,KG,2.634,2.634,2578.223388671875,xgboost_baseline
APPLE_GRANNY_SMITH,PICNIC,NL-NB,2026-05-01,2026-05-31,Monthly,,KG,2.634,2.634,2636.2392578125,xgboost_baseline
APPLE_GRANNY_SMITH,PICNIC,NL-NB,2026-06-01,2026-06-30,Monthly,,KG,2.634,2.634,2636.2392578125,xgboost_baseline
APPLE_GRANNY_SMITH,PICNIC,NL-NB,2026-07-01,2026-07-31,Monthly,,KG,2.634,2.634,2636.2392578125,xgboost_baseline
APPLE_GRANNY_SMITH,PICNIC,NL-NB,2026-08-01,2026-08-31,Monthly,,KG,2.634,2.634,2632.114501953125,xgboost_baseline
APPLE_GRANNY_SMITH,PICNIC,NL-NB,2026-09-01,2026-09-30,Monthly,,KG,2.634,2.634,2632.114501953125,xgboost_baseline
APPLE_GRANNY_SMITH,PICNIC,NL-NB,2026-10-01,2026-10-31,Monthly,,KG,2.634,2.634,2632.1142578125,xgboost_baseline
APPLE_GRANNY_SMITH,PICNIC,NL-NB,2026-11-01,2026-11-30,Monthly,,KG,2.634,2.634,2632.1142578125,xgboost_baseline
APPLE_GRANNY_SMITH,PICNIC,NL-NB,2026-12-01,2026-12-31,Monthly,,KG,2.634,2.634,2632.1142578125,xgboost_baseline
APPLE_GRANNY_SMITH,PICNIC,NL-NB,2027-01-01,2027-01-31,Monthly,,KG,2.634,2.634,2628.60546875,xgboost_baseline
APPLE_GRANNY_SMITH,PICNIC,NL-NH,2026-02-01,2026-02-28,Monthly,,KG,2.786,2.786,2771.081298828125,xgboost_baseline
APPLE_GRANNY_SMITH,PICNIC,NL-NH,2026-03-01,2026-03-31,Monthly,,KG,2.786,2.786,2713.161865234375,xgboost_baseline
APPLE_GRANNY_SMITH,PICNIC,NL-NH,2026-04-01,2026-04-30,Monthly,,KG,2.786,2.786,2713.058349609375,xgboost_baseline
APPLE_GRANNY_SMITH,PICNIC,NL-NH,2026-05-01,2026-05-31,Monthly,,KG,2.786,2.786,2779.700439453125,xgboost_baseline
APPLE_GRANNY_SMITH,PICNIC,NL-NH,2026-06-01,2026-06-30,Monthly,,KG,2.786,2.786,2773.523681640625,xgboost_baseline
APPLE_GRANNY_SMITH,PICNIC,NL-NH,2026-07-01,2026-07-31,Monthly,,KG,2.786,2.786,2773.523681640625,xgboost_baseline
APPLE_GRANNY_SMITH,PICNIC,NL-NH,2026-08-01,2026-08-31,Monthly,,KG,2.786,2.786,2775.717529296875,xgboost_baseline
APPLE_GRANNY_SMITH,PICNIC,NL-NH,2026-09-01,2026-09-30,Monthly,,KG,2.786,2.786,2775.99755859375,xgboost_baseline
APPLE_GRANNY_SMITH,PICNIC,NL-NH,2026-10-01,2026-10-31,Monthly,,KG,2.786,2.786,2775.998779296875,xgboost_baseline
APPLE_GRANNY_SMITH,PICNIC,NL-NH,2026-11-01,2026-11-30,Monthly,,KG,2.786,2.786,2775.71875,xgboost_baseline
APPLE_GRANNY_SMITH,PICNIC,NL-NH,2026-12-01,2026-12-31,Monthly,,KG,2.786,2.786,2775.71875,xgboost_baseline
APPLE_GRANNY_SMITH,PICNIC,NL-NH,2027-01-01,2027-01-31,Monthly,,KG,2.786,2.786,2767.79443359375,xgboost_baseline
APPLE_GRANNY_SMITH,PICNIC,NL-ZH,2026-02-01,2026-02-28,Monthly,,KG,2.886,2.886,2755.194580078125,xgboost_baseline
APPLE_GRANNY_SMITH,PICNIC,NL-ZH,2026-03-01,2026-03-31,Monthly,,KG,2.886,2.886,2713.161865234375,xgboost_baseline
APPLE_GRANNY_SMITH,PICNIC,NL-ZH,2026-04-01,2026-04-30,Monthly,,KG,2.886,2.886,2713.058349609375,xgboost_baseline
APPLE_GRANNY_SMITH,PICNIC,NL-ZH,2026-05-01,2026-05-31,Monthly,,KG,2.886,2.886,2779.700439453125,xgboost_baseline
APPLE_GRANNY_SMITH,PICNIC,NL-ZH,2026-06-01,2026-06-30,Monthly,,KG,2.886,2.886,2773.523681640625,xgboost_baseline
APPLE_GRANNY_SMITH,PICNIC,NL-ZH,2026-07-01,2026-07-31,Monthly,,KG,2.7417,2.886,2773.527587890625,xgboost_baseline
APPLE_GRANNY_SMITH,PICNIC,NL-ZH,2026-08-01,2026-08-31,Monthly,,KG,2.886,2.886,2775.99755859375,xgboost_baseline
APPLE_GRANNY_SMITH,PICNIC,NL-ZH,2026-09-01,2026-09-30,Monthly,,KG,2.886,2.886,2775.99755859375,xgboost_baseline
APPLE_GRANNY_SMITH,PICNIC,NL-ZH,2026-10-01,2026-10-31,Monthly,,KG,2.886,2.886,2775.998779296875,xgboost_baseline
APPLE_GRANNY_SMITH,PICNIC,NL-ZH,2026-11-01,2026-11-30,Monthly,,KG,2.886,2.886,2775.71875,xgboost_baseline
APPLE_GRANNY_SMITH,PICNIC,NL-ZH,2026-12-01,2026-12-31,Monthly,,KG,2.886,2.886,2775.71875,xgboost_baseline
APPLE_GRANNY_SMITH,PICNIC,NL-ZH,2027-01-01,2027-01-31,Monthly,,KG,2.886,2.886,2767.79443359375,xgboost_baseline
APPLE_GRANNY_SMITH,PLUS,NL-GE,2026-02-01,2026-02-28,Monthly,,KG,2.581,2.581,3038.778564453125,xgboost_baseline
APPLE_GRANNY_SMITH,PLUS,NL-GE,2026-03-01,2026-03-31,Monthly,,KG,2.581,2.581,3236.077880859375,xgboost_baseline
APPLE_GRANNY_SMITH,PLUS,NL-GE,2026-04-01,2026-04-30,Monthly,,KG,2.581,2.581,2915.065185546875,xgboost_baseline
APPLE_GRANNY_SMITH,PLUS,NL-GE,2026-05-01,2026-05-31,Monthly,,KG,2.581,2.581,2588.31982421875,xgboost_baseline
APPLE_GRANNY_SMITH,PLUS,NL-GE,2026-06-01,2026-06-30,Monthly,,KG,2.581,2.581,2343.10205078125,xgboost_baseline
APPLE_GRANNY_SMITH,PLUS,NL-GE,2026-07-01,2026-07-31,Monthly,,KG,2.581,2.581,2405.48388671875,xgboost_baseline
APPLE_GRANNY_SMITH,PLUS,NL-GE,2026-08-01,2026-08-31,Monthly,,KG,2.581,2.581,2468.18115234375,xgboost_baseline
APPLE_GRANNY_SMITH,PLUS,NL-GE,2026-09-01,2026-09-30,Monthly,,KG,2.581,2.581,2612.90283203125,xgboost_baseline
APPLE_GRANNY_SMITH,PLUS,NL-GE,2026-10-01,2026-10-31,Monthly,,KG,2.581,2.581,2921.650390625,xgboost_baseline
APPLE_GRANNY_SMITH,PLUS,NL-GE,2026-11-01,2026-11-30,Monthly,,KG,2.581,2.581,2920.51708984375,xgboost_baseline
APPLE_GRANNY_SMITH,PLUS,NL-GE,2026-12-01,2026-12-31,Monthly,,KG,2.581,2.581,3098.132080078125,xgboost_baseline
APPLE_GRANNY_SMITH,PLUS,NL-GE,2027-01-01,2027-01-31,Monthly,,KG,2.581,2.581,3214.66650390625,xgboost_baseline
APPLE_GRANNY_SMITH,PLUS,NL-NB,2026-02-01,2026-02-28,Monthly,,KG,2.664,2.664,2909.38916015625,xgboost_baseline
APPLE_GRANNY_SMITH,PLUS,NL-NB,2026-03-01,2026-03-31,Monthly,,KG,2.664,2.664,2901.3369140625,xgboost_baseline
APPLE_GRANNY_SMITH,PLUS,NL-NB,2026-04-01,2026-04-30,Monthly,,KG,2.664,2.664,2785.37890625,xgboost_baseline
APPLE_GRANNY_SMITH,PLUS,NL-NB,2026-05-01,2026-05-31,Monthly,,KG,2.664,2.664,2465.355224609375,xgboost_baseline
APPLE_GRANNY_SMITH,PLUS,NL-NB,2026-06-01,2026-06-30,Monthly,,KG,2.664,2.664,2563.62158203125,xgboost_baseline
APPLE_GRANNY_SMITH,PLUS,NL-NB,2026-07-01,2026-07-31,Monthly,,KG,2.664,2.664,2663.447998046875,xgboost_baseline
APPLE_GRANNY_SMITH,PLUS,NL-NB,2026-08-01,2026-08-31,Monthly,,KG,2.664,2.664,2630.123779296875,xgboost_baseline
APPLE_GRANNY_SMITH,PLUS,NL-NB,2026-09-01,2026-09-30,Monthly,,KG,2.664,2.664,2645.36328125,xgboost_baseline
APPLE_GRANNY_SMITH,PLUS,NL-NB,2026-10-01,2026-10-31,Monthly,,KG,2.5308,2.664,2875.565185546875,xgboost_baseline
APPLE_GRANNY_SMITH,PLUS,NL-NB,2026-11-01,2026-11-30,Monthly,,KG,2.664,2.664,3102.07373046875,xgboost_baseline
APPLE_GRANNY_SMITH,PLUS,NL-NB,2026-12-01,2026-12-31,Monthly,,KG,2.664,2.664,3133.25927734375,xgboost_baseline
APPLE_GRANNY_SMITH,PLUS,NL-NB,2027-01-01,2027-01-31,Monthly,,KG,2.664,2.664,3240.87158203125,xgboost_baseline
APPLE_GRANNY_SMITH,PLUS,NL-NH,2026-02-01,2026-02-28,Monthly,,KG,2.754,2.754,3038.152099609375,xgboost_baseline
APPLE_GRANNY_SMITH,PLUS,NL-NH,2026-03-01,2026-03-31,Monthly,,KG,2.754,2.754,3049.679931640625,xgboost_baseline
APPLE_GRANNY_SMITH,PLUS,NL-NH,2026-04-01,2026-04-30,Monthly,,KG,2.754,2.754,3007.678466796875,xgboost_baseline
APPLE_GRANNY_SMITH,PLUS,NL-NH,2026-05-01,2026-05-31,Monthly,,KG,2.754,2.754,2956.587890625,xgboost_baseline
APPLE_GRANNY_SMITH,PLUS,NL-NH,2026-06-01,2026-06-30,Monthly,,KG,2.754,2.754,2814.6240234375,xgboost_baseline
APPLE_GRANNY_SMITH,PLUS,NL-NH,2026-07-01,2026-07-31,Monthly,,KG,2.754,2.754,2874.466064453125,xgboost_baseline
APPLE_GRANNY_SMITH,PLUS,NL-NH,2026-08-01,2026-08-31,Monthly,,KG,2.754,2.754,2819.8154296875,xgboost_baseline
APPLE_GRANNY_SMITH,PLUS,NL-NH,2026-09-01,2026-09-30,Monthly,,KG,2.754,2.754,2835.5537109375,xgboost_baseline
APPLE_GRANNY_SMITH,PLUS,NL-NH,2026-10-01,2026-10-31,Monthly,,KG,2.754,2.754,2815.628173828125,xgboost_baseline
APPLE_GRANNY_SMITH,PLUS,NL-NH,2026-11-01,2026-11-30,Monthly,,KG,2.754,2.754,2991.915771484375,xgboost_baseline
APPLE_GRANNY_SMITH,PLUS,NL-NH,2026-12-01,2026-12-31,Monthly,,KG,2.754,2.754,3057.787353515625,xgboost_baseline
APPLE_GRANNY_SMITH,PLUS,NL-NH,2027-01-01,2027-01-31,Monthly,,KG,2.754,2.754,3099.035888671875,xgboost_baseline
APPLE_GRANNY_SMITH,PLUS,NL-ZH,2026-02-01,2026-02-28,Monthly,,KG,2.832,2.832,3071.18408203125,xgboost_baseline
APPLE_GRANNY_SMITH,PLUS,NL-ZH,2026-03-01,2026-03-31,Monthly,,KG,2.832,2.832,3055.992919921875,xgboost_baseline
APPLE_GRANNY_SMITH,PLUS,NL-ZH,2026-04-01,2026-04-30,Monthly,,KG,2.832,2.832,3044.457763671875,xgboost_baseline
APPLE_GRANNY_SMITH,PLUS,NL-ZH,2026-05-01,2026-05-31,Monthly,,KG,2.832,2.832,2920.66845703125,xgboost_baseline
APPLE_GRANNY_SMITH,PLUS,NL-ZH,2026-06-01,2026-06-30,Monthly,,KG,2.832,2.832,2868.7109375,xgboost_baseline
APPLE_GRANNY_SMITH,PLUS,NL-ZH,2026-07-01,2026-07-31,Monthly,,KG,2.832,2.832,2814.375732421875,xgboost_baseline
APPLE_GRANNY_SMITH,PLUS,NL-ZH,2026-08-01,2026-08-31,Monthly,,KG,2.832,2.832,2835.521728515625,xgboost_baseline
APPLE_GRANNY_SMITH,PLUS,NL-ZH,2026-09-01,2026-09-30,Monthly,,KG,2.832,2.832,2958.922119140625,xgboost_baseline
APPLE_GRANNY_SMITH,PLUS,NL-ZH,2026-10-01,2026-10-31,Monthly,,KG,2.832,2.832,2924.781005859375,xgboost_baseline
APPLE_GRANNY_SMITH,PLUS,NL-ZH,2026-11-01,2026-11-30,Monthly,,KG,2.832,2.832,3019.060791015625,xgboost_baseline
APPLE_GRANNY_SMITH,PLUS,NL-ZH,2026-12-01,2026-12-31,Monthly,,KG,2.832,2.832,3023.97900390625,xgboost_baseline
APPLE_GRANNY_SMITH,PLUS,NL-ZH,2027-01-01,2027-01-31,Monthly,,KG,2.832,2.832,3045.40576171875,xgboost_baseline
APPLE_GRANNY_SMITH,SLIGRO,NL-GE,2026-02-01,2026-02-28,Monthly,,KG,2.627,2.627,2618.892822265625,xgboost_baseline
APPLE_GRANNY_SMITH,SLIGRO,NL-GE,2026-03-01,2026-03-31,Monthly,,KG,2.627,2.627,2560.158447265625,xgboost_baseline
APPLE_GRANNY_SMITH,SLIGRO,NL-GE,2026-04-01,2026-04-30,Monthly,,KG,2.627,2.627,2560.046142578125,xgboost_baseline
APPLE_GRANNY_SMITH,SLIGRO,NL-GE,2026-05-01,2026-05-31,Monthly,,KG,2.627,2.627,2609.34716796875,xgboost_baseline
APPLE_GRANNY_SMITH,SLIGRO,NL-GE,2026-06-01,2026-06-30,Monthly,,KG,2.627,2.627,2609.34716796875,xgboost_baseline
APPLE_GRANNY_SMITH,SLIGRO,NL-GE,2026-07-01,2026-07-31,Monthly,,KG,2.627,2.627,2604.92822265625,xgboost_baseline
APPLE_GRANNY_SMITH,SLIGRO,NL-GE,2026-08-01,2026-08-31,Monthly,,KG,2.627,2.627,2607.696533203125,xgboost_baseline
APPLE_GRANNY_SMITH,SLIGRO,NL-GE,2026-09-01,2026-09-30,Monthly,,KG,2.627,2.627,2607.696533203125,xgboost_baseline
APPLE_GRANNY_SMITH,SLIGRO,NL-GE,2026-10-01,2026-10-31,Monthly,,KG,2.627,2.627,2607.696533203125,xgboost_baseline
APPLE_GRANNY_SMITH,SLIGRO,NL-GE,2026-11-01,2026-11-30,Monthly,,KG,2.627,2.627,2607.696533203125,xgboost_baseline
APPLE_GRANNY_SMITH,SLIGRO,NL-GE,2026-12-01,2026-12-31,Monthly,,KG,2.627,2.627,2608.27978515625,xgboost_baseline
APPLE_GRANNY_SMITH,SLIGRO,NL-GE,2027-01-01,2027-01-31,Monthly,,KG,2.627,2.627,2604.0048828125,xgboost_baseline
APPLE_GRANNY_SMITH,SLIGRO,NL-NB,2026-02-01,2026-02-28,Monthly,,KG,2.707,2.707,2772.614990234375,xgboost_baseline
APPLE_GRANNY_SMITH,SLIGRO,NL-NB,2026-03-01,2026-03-31,Monthly,,KG,2.707,2.707,2713.161865234375,xgboost_baseline
APPLE_GRANNY_SMITH,SLIGRO,NL-NB,2026-04-01,2026-04-30,Monthly,,KG,2.707,2.707,2712.407470703125,xgboost_baseline
APPLE_GRANNY_SMITH,SLIGRO,NL-NB,2026-05-01,2026-05-31,Monthly,,KG,2.707,2.707,2779.700439453125,xgboost_baseline
APPLE_GRANNY_SMITH,SLIGRO,NL-NB,2026-06-01,2026-06-30,Monthly,,KG,2.707,2.707,2773.523681640625,xgboost_baseline
APPLE_GRANNY_SMITH,SLIGRO,NL-NB,2026-07-01,2026-07-31,Monthly,,KG,2.707,2.707,2771.474609375,xgboost_baseline
APPLE_GRANNY_SMITH,SLIGRO,NL-NB,2026-08-01,2026-08-31,Monthly,,KG,2.707,2.707,2775.717529296875,xgboost_baseline
APPLE_GRANNY_SMITH,SLIGRO,NL-NB,2026-09-01,2026-09-30,Monthly,,KG,2.707,2.707,2775.99755859375,xgboost_baseline
APPLE_GRANNY_SMITH,SLIGRO,NL-NB,2026-10-01,2026-10-31,Monthly,,KG,2.707,2.707,2775.998779296875,xgboost_baseline
APPLE_GRANNY_SMITH,SLIGRO,NL-NB,2026-11-01,2026-11-30,Monthly,,KG,2.707,2.707,2775.71875,xgboost_baseline
APPLE_GRANNY_SMITH,SLIGRO,NL-NB,2026-12-01,2026-12-31,Monthly,,KG,2.707,2.707,2775.718017578125,xgboost_baseline
APPLE_GRANNY_SMITH,SLIGRO,NL-NB,2027-01-01,2027-01-31,Monthly,,KG,2.707,2.707,2770.152587890625,xgboost_baseline
APPLE_GRANNY_SMITH,SLIGRO,NL-NH,2026-02-01,2026-02-28,Monthly,,KG,2.736,2.736,2755.194580078125,xgboost_baseline
APPLE_GRANNY_SMITH,SLIGRO,NL-NH,2026-03-01,2026-03-31,Monthly,,KG,2.736,2.736,2713.161865234375,xgboost_baseline
APPLE_GRANNY_SMITH,SLIGRO,NL-NH,2026-04-01,2026-04-30,Monthly,,KG,2.736,2.736,2712.407470703125,xgboost_baseline
APPLE_GRANNY_SMITH,SLIGRO,NL-NH,2026-05-01,2026-05-31,Monthly,,KG,2.736,2.736,2779.700439453125,xgboost_baseline
APPLE_GRANNY_SMITH,SLIGRO,NL-NH,2026-06-01,2026-06-30,Monthly,,KG,2.736,2.736,2773.523681640625,xgboost_baseline
APPLE_GRANNY_SMITH,SLIGRO,NL-NH,2026-07-01,2026-07-31,Monthly,,KG,2.736,2.736,2773.523681640625,xgboost_baseline
APPLE_GRANNY_SMITH,SLIGRO,NL-NH,2026-08-01,2026-08-31,Monthly,,KG,2.736,2.736,2775.99755859375,xgboost_baseline
APPLE_GRANNY_SMITH,SLIGRO,NL-NH,2026-09-01,2026-09-30,Monthly,,KG,2.736,2.736,2775.99755859375,xgboost_baseline
APPLE_GRANNY_SMITH,SLIGRO,NL-NH,2026-10-01,2026-10-31,Monthly,,KG,2.736,2.736,2775.998779296875,xgboost_baseline
APPLE_GRANNY_SMITH,SLIGRO,NL-NH,2026-11-01,2026-11-30,Monthly,,KG,2.736,2.736,2775.71875,xgboost_baseline
APPLE_GRANNY_SMITH,SLIGRO,NL-NH,2026-12-01,2026-12-31,Monthly,,KG,2.736,2.736,2775.71875,xgboost_baseline
APPLE_GRANNY_SMITH,SLIGRO,NL-NH,2027-01-01,2027-01-31,Monthly,,KG,2.736,2.736,2770.152587890625,xgboost_baseline
APPLE_GRANNY_SMITH,SLIGRO,NL-ZH,2026-02-01,2026-02-28,Monthly,,KG,2.85,2.85,2755.194580078125,xgboost_baseline
APPLE_GRANNY_SMITH,SLIGRO,NL-ZH,2026-03-01,2026-03-31,Monthly,,KG,2.85,2.85,2711.8662109375,xgboost_baseline
APPLE_GRANNY_SMITH,SLIGRO,NL-ZH,2026-04-01,2026-04-30,Monthly,,KG,2.85,2.85,2725.89306640625,xgboost_baseline
APPLE_GRANNY_SMITH,SLIGRO,NL-ZH,2026-05-01,2026-05-31,Monthly,,KG,2.85,2.85,2779.700439453125,xgboost_baseline
APPLE_GRANNY_SMITH,SLIGRO,NL-ZH,2026-06-01,2026-06-30,Monthly,,KG,2.85,2.85,2771.474609375,xgboost_baseline
APPLE_GRANNY_SMITH,SLIGRO,NL-ZH,2026-07-01,2026-07-31,Monthly,,KG,2.85,2.85,2771.473388671875,xgboost_baseline
APPLE_GRANNY_SMITH,SLIGRO,NL-ZH,2026-08-01,2026-08-31,Monthly,,KG,2.85,2.85,2775.99755859375,xgboost_baseline
APPLE_GRANNY_SMITH,SLIGRO,NL-ZH,2026-09-01,2026-09-30,Monthly,,KG,2.85,2.85,2775.99755859375,xgboost_baseline
APPLE_GRANNY_SMITH,SLIGRO,NL-ZH,2026-10-01,2026-10-31,Monthly,,KG,2.85,2.85,2775.998779296875,xgboost_baseline
APPLE_GRANNY_SMITH,SLIGRO,NL-ZH,2026-11-01,2026-11-30,Monthly,,KG,2.85,2.85,2775.71875,xgboost_baseline
APPLE_GRANNY_SMITH,SLIGRO,NL-ZH,2026-12-01,2026-12-31,Monthly,,KG,2.85,2.85,2778.076904296875,xgboost_baseline
APPLE_GRANNY_SMITH,SLIGRO,NL-ZH,2027-01-01,2027-01-31,Monthly,,KG,2.85,2.85,2770.152587890625,xgboost_baseline
APPLE_JONAGOLD,AH,NL-GE,2026-02-01,2026-02-28,Monthly,,KG,2.3148,2.572,2926.98681640625,xgboost_baseline
APPLE_JONAGOLD,AH,NL-GE,2026-03-01,2026-03-31,Monthly,,KG,2.572,2.572,2880.5703125,xgboost_baseline
APPLE_JONAGOLD,AH,NL-GE,2026-04-01,2026-04-30,Monthly,,KG,2.572,2.572,2958.60693359375,xgboost_baseline
APPLE_JONAGOLD,AH,NL-GE,2026-05-01,2026-05-31,Monthly,,KG,2.572,2.572,2818.76220703125,xgboost_baseline
APPLE_JONAGOLD,AH,NL-GE,2026-06-01,2026-06-30,Monthly,,KG,2.572,2.572,2693.04150390625,xgboost_baseline
APPLE_JONAGOLD,AH,NL-GE,2026-07-01,2026-07-31,Monthly,,KG,2.572,2.572,2632.106689453125,xgboost_baseline
APPLE_JONAGOLD,AH,NL-GE,2026-08-01,2026-08-31,Monthly,,KG,2.572,2.572,2904.4140625,xgboost_baseline
APPLE_JONAGOLD,AH,NL-GE,2026-09-01,2026-09-30,Monthly,,KG,2.572,2.572,3082.184814453125,xgboost_baseline
APPLE_JONAGOLD,AH,NL-GE,2026-10-01,2026-10-31,Monthly,,KG,2.572,2.572,3052.936279296875,xgboost_baseline
APPLE_JONAGOLD,AH,NL-GE,2026-11-01,2026-11-30,Monthly,,KG,2.572,2.572,3071.040771484375,xgboost_baseline
APPLE_JONAGOLD,AH,NL-GE,2026-12-01,2026-12-31,Monthly,,KG,2.572,2.572,3052.047607421875,xgboost_baseline
APPLE_JONAGOLD,AH,NL-GE,2027-01-01,2027-01-31,Monthly,,KG,2.572,2.572,3019.18603515625,xgboost_baseline
APPLE_JONAGOLD,AH,NL-NB,2026-02-01,2026-02-28,Monthly,,KG,2.731,2.731,2889.214599609375,xgboost_baseline
APPLE_JONAGOLD,AH,NL-NB,2026-03-01,2026-03-31,Monthly,,KG,2.731,2.731,2826.396728515625,xgboost_baseline
APPLE_JONAGOLD,AH,NL-NB,2026-04-01,2026-04-30,Monthly,,KG,2.731,2.731,2669.059814453125,xgboost_baseline
APPLE_JONAGOLD,AH,NL-NB,2026-05-01,2026-05-31,Monthly,,KG,2.731,2.731,2788.208984375,xgboost_baseline
APPLE_JONAGOLD,AH,NL-NB,2026-06-01,2026-06-30,Monthly,,KG,2.4579,2.731,2690.701171875,xgboost_baseline
APPLE_JONAGOLD,AH,NL-NB,2026-07-01,2026-07-31,Monthly,,KG,2.731,2.731,2693.65283203125,xgboost_baseline
APPLE_JONAGOLD,AH,NL-NB,2026-08-01,2026-08-31,Monthly,,KG,2.731,2.731,2980.23291015625,xgboost_baseline
APPLE_JONAGOLD,AH,NL-NB,2026-09-01,2026-09-30,Monthly,,KG,2.731,2.731,3122.674560546875,xgboost_baseline
APPLE_JONAGOLD,AH,NL-NB,2026-10-01,2026-10-31,Monthly,,KG,2.731,2.731,3136.027099609375,xgboost_baseline
APPLE_JONAGOLD,AH,NL-NB,2026-11-01,2026-11-30,Monthly,,KG,2.731,2.731,3053.36376953125,xgboost_baseline
APPLE_JONAGOLD,AH,NL-NB,2026-12-01,2026-12-31,Monthly,,KG,2.731,2.731,3050.755859375,xgboost_baseline
APPLE_JONAGOLD,AH,NL-NB,2027-01-01,2027-01-31,Monthly,,KG,2.731,2.731,3023.88671875,xgboost_baseline
APPLE_JONAGOLD,AH,NL-NH,2026-02-01,2026-02-28,Monthly,,KG,2.758,2.758,2879.1845703125,xgboost_baseline
APPLE_JONAGOLD,AH,NL-NH,2026-03-01,2026-03-31,Monthly,,KG,2.53736,2.758,2698.849853515625,xgboost_baseline
APPLE_JONAGOLD,AH,NL-NH,2026-04-01,2026-04-30,Monthly,,KG,2.758,2.758,2607.407470703125,xgboost_baseline
APPLE_JONAGOLD,AH,NL-NH,2026-05-01,2026-05-31,Monthly,,KG,2.758,2.758,2731.46484375,xgboost_baseline
APPLE_JONAGOLD,AH,NL-NH,2026-06-01,2026-06-30,Monthly,,KG,2.758,2.758,2749.68408203125,xgboost_baseline
APPLE_JONAGOLD,AH,NL-NH,2026-07-01,2026-07-31,Monthly,,KG,2.758,2.758,2677.94287109375,xgboost_baseline
APPLE_JONAGOLD,AH,NL-NH,2026-08-01,2026-08-31,Monthly,,KG,2.758,2.758,2974.069580078125,xgboost_baseline
APPLE_JONAGOLD,AH,NL-NH,2026-09-01,2026-09-30,Monthly,,KG,2.758,2.758,3120.322998046875,xgboost_baseline
APPLE_JONAGOLD,AH,NL-NH,2026-10-01,2026-10-31,Monthly,,KG,2.758,2.758,3168.96142578125,xgboost_baseline
APPLE_JONAGOLD,AH,NL-NH,2026-11-01,2026-11-30,Monthly,,KG,2.758,2.758,3225.35498046875,xgboost_baseline
APPLE_JONAGOLD,AH,NL-NH,2026-12-01,2026-12-31,Monthly,,KG,2.758,2.758,3041.9677734375,xgboost_baseline
APPLE_JONAGOLD,AH,NL-NH,2027-01-01,2027-01-31,Monthly,,KG,2.758,2.758,3024.7451171875,xgboost_baseline
APPLE_JONAGOLD,AH,NL-ZH,2026-02-01,2026-02-28,Monthly,,KG,2.867,2.867,2741.46923828125,xgboost_baseline
APPLE_JONAGOLD,AH,NL-ZH,2026-03-01,2026-03-31,Monthly,,KG,2.867,2.867,2625.968994140625,xgboost_baseline
APPLE_JONAGOLD,AH,NL-ZH,2026-04-01,2026-04-30,Monthly,,KG,2.867,2.867,2571.74169921875,xgboost_baseline
APPLE_JONAGOLD,AH,NL-ZH,2026-05-01,2026-05-31,Monthly,,KG,2.867,2.867,2702.4248046875,xgboost_baseline
APPLE_JONAGOLD,AH,NL-ZH,2026-06-01,2026-06-30,Monthly,,KG,2.867,2.867,2752.4677734375,xgboost_baseline
APPLE_JONAGOLD,AH,NL-ZH,2026-07-01,2026-07-31,Monthly,,KG,2.867,2.867,2733.36181640625,xgboost_baseline
APPLE_JONAGOLD,AH,NL-ZH,2026-08-01,2026-08-31,Monthly,,KG,2.867,2.867,3003.8740234375,xgboost_baseline
APPLE_JONAGOLD,AH,NL-ZH,2026-09-01,2026-09-30,Monthly,,KG,2.867,2.867,3120.35546875,xgboost_baseline
APPLE_JONAGOLD,AH,NL-ZH,2026-10-01,2026-10-31,Monthly,,KG,2.867,2.867,3176.284912109375,xgboost_baseline
APPLE_JONAGOLD,AH,NL-ZH,2026-11-01,2026-11-30,Monthly,,KG,2.867,2.867,3053.286376953125,xgboost_baseline
APPLE_JONAGOLD,AH,NL-ZH,2026-12-01,2026-12-31,Monthly,,KG,2.867,2.867,3038.43310546875,xgboost_baseline
APPLE_JONAGOLD,AH,NL-ZH,2027-01-01,2027-01-31,Monthly,,KG,2.867,2.867,3020.260498046875,xgboost_baseline
APPLE_JONAGOLD,FLINK,NL-GE,2026-02-01,2026-02-28,Monthly,,KG,2.527,2.527,2592.552978515625,xgboost_baseline
APPLE_JONAGOLD,FLINK,NL-GE,2026-03-01,2026-03-31,Monthly,,KG,2.527,2.527,2561.87890625,xgboost_baseline
APPLE_JONAGOLD,FLINK,NL-GE,2026-04-01,2026-04-30,Monthly,,KG,2.527,2.527,2561.76708984375,xgboost_baseline
APPLE_JONAGOLD,FLINK,NL-GE,2026-05-01,2026-05-31,Monthly,,KG,2.527,2.527,2602.862060546875,xgboost_baseline
APPLE_JONAGOLD,FLINK,NL-GE,2026-06-01,2026-06-30,Monthly,,KG,2.527,2.527,2602.862060546875,xgboost_baseline
APPLE_JONAGOLD,FLINK,NL-GE,2026-07-01,2026-07-31,Monthly,,KG,2.527,2.527,2600.7607421875,xgboost_baseline
APPLE_JONAGOLD,FLINK,NL-GE,2026-08-01,2026-08-31,Monthly,,KG,2.527,2.527,2600.19775390625,xgboost_baseline
APPLE_JONAGOLD,FLINK,NL-GE,2026-09-01,2026-09-30,Monthly,,KG,2.527,2.527,2600.19775390625,xgboost_baseline
APPLE_JONAGOLD,FLINK,NL-GE,2026-10-01,2026-10-31,Monthly,,KG,2.527,2.527,2600.19775390625,xgboost_baseline
APPLE_JONAGOLD,FLINK,NL-GE,2026-11-01,2026-11-30,Monthly,,KG,2.527,2.527,2600.19775390625,xgboost_baseline
APPLE_JONAGOLD,FLINK,NL-GE,2026-12-01,2026-12-31,Monthly,,KG,2.527,2.527,2600.19775390625,xgboost_baseline
APPLE_JONAGOLD,FLINK,NL-GE,2027-01-01,2027-01-31,Monthly,,KG,2.527,2.527,2596.752197265625,xgboost_baseline
APPLE_JONAGOLD,FLINK,NL-NB,2026-02-01,2026-02-28,Monthly,,KG,2.715,2.715,2755.194580078125,xgboost_baseline
APPLE_JONAGOLD,FLINK,NL-NB,2026-03-01,2026-03-31,Monthly,,KG,2.715,2.715,2713.161865234375,xgboost_baseline
APPLE_JONAGOLD,FLINK,NL-NB,2026-04-01,2026-04-30,Monthly,,KG,2.715,2.715,2712.407470703125,xgboost_baseline
APPLE_JONAGOLD,FLINK,NL-NB,2026-05-01,2026-05-31,Monthly,,KG,2.715,2.715,2779.700439453125,xgboost_baseline
APPLE_JONAGOLD,FLINK,NL-NB,2026-06-01,2026-06-30,Monthly,,KG,2.715,2.715,2773.523681640625,xgboost_baseline
APPLE_JONAGOLD,FLINK,NL-NB,2026-07-01,2026-07-31,Monthly,,KG,2.715,2.715,2773.523681640625,xgboost_baseline
APPLE_JONAGOLD,FLINK,NL-NB,2026-08-01,2026-08-31,Monthly,,KG,2.715,2.715,2775.99755859375,xgboost_baseline
APPLE_JONAGOLD,FLINK,NL-NB,2026-09-01,2026-09-30,Monthly,,KG,2.715,2.715,2775.99755859375,xgboost_baseline
APPLE_JONAGOLD,FLINK,NL-NB,2026-10-01,2026-10-31,Monthly,,KG,2.715,2.715,2775.998779296875,xgboost_baseline
APPLE_JONAGOLD,FLINK,NL-NB,2026-11-01,2026-11-30,Monthly,,KG,2.715,2.715,2775.71875,xgboost_baseline
APPLE_JONAGOLD,FLINK,NL-NB,2026-12-01,2026-12-31,Monthly,,KG,2.715,2.715,2775.71875,xgboost_baseline
APPLE_JONAGOLD,FLINK,NL-NB,2027-01-01,2027-01-31,Monthly,,KG,2.715,2.715,2769.9755859375,xgboost_baseline
APPLE_JONAGOLD,FLINK,NL-NH,2026-02-01,2026-02-28,Monthly,,KG,2.732,2.732,2772.614990234375,xgboost_baseline
APPLE_JONAGOLD,FLINK,NL-NH,2026-03-01,2026-03-31,Monthly,,KG,2.732,2.732,2713.161865234375,xgboost_baseline
APPLE_JONAGOLD,FLINK,NL-NH,2026-04-01,2026-04-30,Monthly,,KG,2.732,2.732,2712.407470703125,xgboost_baseline
APPLE_JONAGOLD,FLINK,NL-NH,2026-05-01,2026-05-31,Monthly,,KG,2.732,2.732,2779.700439453125,xgboost_baseline
APPLE_JONAGOLD,FLINK,NL-NH,2026-06-01,2026-06-30,Monthly,,KG,2.732,2.732,2773.523681640625,xgboost_baseline
APPLE_JONAGOLD,FLINK,NL-NH,2026-07-01,2026-07-31,Monthly,,KG,2.732,2.732,2773.523681640625,xgboost_baseline
APPLE_JONAGOLD,FLINK,NL-NH,2026-08-01,2026-08-31,Monthly,,KG,2.732,2.732,2775.717529296875,xgboost_baseline
APPLE_JONAGOLD,FLINK,NL-NH,2026-09-01,2026-09-30,Monthly,,KG,2.732,2.732,2775.99755859375,xgboost_baseline
APPLE_JONAGOLD,FLINK,NL-NH,2026-10-01,2026-10-31,Monthly,,KG,2.732,2.732,2775.998779296875,xgboost_baseline
APPLE_JONAGOLD,FLINK,NL-NH,2026-11-01,2026-11-30,Monthly,,KG,2.732,2.732,2775.71875,xgboost_baseline
APPLE_JONAGOLD,FLINK,NL-NH,2026-12-01,2026-12-31,Monthly,,KG,2.732,2.732,2775.71875,xgboost_baseline
APPLE_JONAGOLD,FLINK,NL-NH,2027-01-01,2027-01-31,Monthly,,KG,2.732,2.732,2770.152587890625,xgboost_baseline
APPLE_JONAGOLD,FLINK,NL-ZH,2026-02-01,2026-02-28,Monthly,,KG,2.878,2.878,2772.97265625,xgboost_baseline
APPLE_JONAGOLD,FLINK,NL-ZH,2026-03-01,2026-03-31,Monthly,,KG,2.878,2.878,2713.161865234375,xgboost_baseline
APPLE_JONAGOLD,FLINK,NL-ZH,2026-04-01,2026-04-30,Monthly,,KG,2.878,2.878,2712.407470703125,xgboost_baseline
APPLE_JONAGOLD,FLINK,NL-ZH,2026-05-01,2026-05-31,Monthly,,KG,2.878,2.878,2779.700439453125,xgboost_baseline
APPLE_JONAGOLD,FLINK,NL-ZH,2026-06-01,2026-06-30,Monthly,,KG,2.878,2.878,2773.523681640625,xgboost_baseline
APPLE_JONAGOLD,FLINK,NL-ZH,2026-07-01,2026-07-31,Monthly,,KG,2.878,2.878,2773.523681640625,xgboost_baseline
APPLE_JONAGOLD,FLINK,NL-ZH,2026-08-01,2026-08-31,Monthly,,KG,2.878,2.878,2775.717529296875,xgboost_baseline
APPLE_JONAGOLD,FLINK,NL-ZH,2026-09-01,2026-09-30,Monthly,,KG,2.878,2.878,2775.99755859375,xgboost_baseline
APPLE_JONAGOLD,FLINK,NL-ZH,2026-10-01,2026-10-31,Monthly,,KG,2.878,2.878,2775.998779296875,xgboost_baseline
APPLE_JONAGOLD,FLINK,NL-ZH,2026-11-01,2026-11-30,Monthly,,KG,2.878,2.878,2775.71875,xgboost_baseline
APPLE_JONAGOLD,FLINK,NL-ZH,2026-12-01,2026-12-31,Monthly,,KG,2.878,2.878,2775.718017578125,xgboost_baseline
APPLE_JONAGOLD,FLINK,NL-ZH,2027-01-01,2027-01-31,Monthly,,KG,2.878,2.878,2770.152587890625,xgboost_baseline
APPLE_JONAGOLD,GREENACRES,NL-GE,2026-02-01,2026-02-28,Monthly,,KG,2.57,2.57,2609.50244140625,xgboost_baseline
APPLE_JONAGOLD,GREENACRES,NL-GE,2026-03-01,2026-03-31,Monthly,,KG,2.57,2.57,2602.611328125,xgboost_baseline
APPLE_JONAGOLD,GREENACRES,NL-GE,2026-04-01,2026-04-30,Monthly,,KG,2.57,2.57,2578.3388671875,xgboost_baseline
APPLE_JONAGOLD,GREENACRES,NL-GE,2026-05-01,2026-05-31,Monthly,,KG,2.57,2.57,2606.171630859375,xgboost_baseline
APPLE_JONAGOLD,GREENACRES,NL-GE,2026-06-01,2026-06-30,Monthly,,KG,2.57,2.57,2606.393310546875,xgboost_baseline
APPLE_JONAGOLD,GREENACRES,NL-GE,2026-07-01,2026-07-31,Monthly,,KG,2.57,2.57,2606.393310546875,xgboost_baseline
APPLE_JONAGOLD,GREENACRES,NL-GE,2026-08-01,2026-08-31,Monthly,,KG,2.056,2.57,2650.852783203125,xgboost_baseline
APPLE_JONAGOLD,GREENACRES,NL-GE,2026-09-01,2026-09-30,Monthly,,KG,2.57,2.57,2611.96875,xgboost_baseline
APPLE_JONAGOLD,GREENACRES,NL-GE,2026-10-01,2026-10-31,Monthly,,KG,2.57,2.57,2608.859375,xgboost_baseline
APPLE_JONAGOLD,GREENACRES,NL-GE,2026-11-01,2026-11-30,Monthly,,KG,2.57,2.57,2608.859375,xgboost_baseline
APPLE_JONAGOLD,GREENACRES,NL-GE,2026-12-01,2026-12-31,Monthly,,KG,2.57,2.57,2608.8359375,xgboost_baseline
APPLE_JONAGOLD,GREENACRES,NL-GE,2027-01-01,2027-01-31,Monthly,,KG,2.57,2.57,2605.14013671875,xgboost_baseline
APPLE_JONAGOLD,GREENACRES,NL-NB,2026-02-01,2026-02-28,Monthly,,KG,2.659,2.659,2623.330322265625,xgboost_baseline
APPLE_JONAGOLD,GREENACRES,NL-NB,2026-03-01,2026-03-31,Monthly,,KG,2.659,2.659,2633.523193359375,xgboost_baseline
APPLE_JONAGOLD,GREENACRES,NL-NB,2026-04-01,2026-04-30,Monthly,,KG,2.659,2.659,2614.4599609375,xgboost_baseline
APPLE_JONAGOLD,GREENACRES,NL-NB,2026-05-01,2026-05-31,Monthly,,KG,2.659,2.659,2628.6708984375,xgboost_baseline
APPLE_JONAGOLD,GREENACRES,NL-NB,2026-06-01,2026-06-30,Monthly,,KG,2.659,2.659,2628.8720703125,xgboost_baseline
APPLE_JONAGOLD,GREENACRES,NL-NB,2026-07-01,2026-07-31,Monthly,,KG,2.659,2.659,2628.870361328125,xgboost_baseline
APPLE_JONAGOLD,GREENACRES,NL-NB,2026-08-01,2026-08-31,Monthly,,KG,2.659,2.659,2629.60791015625,xgboost_baseline
APPLE_JONAGOLD,GREENACRES,NL-NB,2026-09-01,2026-09-30,Monthly,,KG,2.659,2.659,2629.791748046875,xgboost_baseline
APPLE_JONAGOLD,GREENACRES,NL-NB,2026-10-01,2026-10-31,Monthly,,KG,2.659,2.659,2629.791748046875,xgboost_baseline
APPLE_JONAGOLD,GREENACRES,NL-NB,2026-11-01,2026-11-30,Monthly,,KG,2.659,2.659,2629.791748046875,xgboost_baseline
APPLE_JONAGOLD,GREENACRES,NL-NB,2026-12-01,2026-12-31,Monthly,,KG,2.659,2.659,2629.791748046875,xgboost_baseline
APPLE_JONAGOLD,GREENACRES,NL-NB,2027-01-01,2027-01-31,Monthly,,KG,2.659,2.659,2626.28271484375,xgboost_baseline
APPLE_JONAGOLD,GREENACRES,NL-NH,2026-02-01,2026-02-28,Monthly,,KG,2.746,2.746,2771.08203125,xgboost_baseline
APPLE_JONAGOLD,GREENACRES,NL-NH,2026-03-01,2026-03-31,Monthly,,KG,2.746,2.746,2778.825439453125,xgboost_baseline
APPLE_JONAGOLD,GREENACRES,NL-NH,2026-04-01,2026-04-30,Monthly,,KG,2.746,2.746,2751.99169921875,xgboost_baseline
APPLE_JONAGOLD,GREENACRES,NL-NH,2026-05-01,2026-05-31,Monthly,,KG,2.746,2.746,2777.729248046875,xgboost_baseline
APPLE_JONAGOLD,GREENACRES,NL-NH,2026-06-01,2026-06-30,Monthly,,KG,2.746,2.746,2777.986572265625,xgboost_baseline
APPLE_JONAGOLD,GREENACRES,NL-NH,2026-07-01,2026-07-31,Monthly,,KG,2.746,2.746,2771.762939453125,xgboost_baseline
APPLE_JONAGOLD,GREENACRES,NL-NH,2026-08-01,2026-08-31,Monthly,,KG,2.746,2.746,2775.71875,xgboost_baseline
APPLE_JONAGOLD,GREENACRES,NL-NH,2026-09-01,2026-09-30,Monthly,,KG,2.746,2.746,2777.89990234375,xgboost_baseline
APPLE_JONAGOLD,GREENACRES,NL-NH,2026-10-01,2026-10-31,Monthly,,KG,2.746,2.746,2778.35693359375,xgboost_baseline
APPLE_JONAGOLD,GREENACRES,NL-NH,2026-11-01,2026-11-30,Monthly,,KG,2.746,2.746,2778.076904296875,xgboost_baseline
APPLE_JONAGOLD,GREENACRES,NL-NH,2026-12-01,2026-12-31,Monthly,,KG,2.746,2.746,2778.165771484375,xgboost_baseline
APPLE_JONAGOLD,GREENACRES,NL-NH,2027-01-01,2027-01-31,Monthly,,KG,2.746,2.746,2770.229248046875,xgboost_baseline
APPLE_JONAGOLD,GREENACRES,NL-ZH,2026-02-01,2026-02-28,Monthly,,KG,2.874,2.874,2772.973388671875,xgboost_baseline
APPLE_JONAGOLD,GREENACRES,NL-ZH,2026-03-01,2026-03-31,Monthly,,KG,2.874,2.874,2757.225341796875,xgboost_baseline
APPLE_JONAGOLD,GREENACRES,NL-ZH,2026-04-01,2026-04-30,Monthly,,KG,2.874,2.874,2751.0283203125,xgboost_baseline
APPLE_JONAGOLD,GREENACRES,NL-ZH,2026-05-01,2026-05-31,Monthly,,KG,2.874,2.874,2777.729248046875,xgboost_baseline
APPLE_JONAGOLD,GREENACRES,NL-ZH,2026-06-01,2026-06-30,Monthly,,KG,2.874,2.874,2775.36328125,xgboost_baseline
APPLE_JONAGOLD,GREENACRES,NL-ZH,2026-07-01,2026-07-31,Monthly,,KG,2.874,2.874,2771.762939453125,xgboost_baseline
APPLE_JONAGOLD,GREENACRES,NL-ZH,2026-08-01,2026-08-31,Monthly,,KG,2.874,2.874,2775.71875,xgboost_baseline
APPLE_JONAGOLD,GREENACRES,NL-ZH,2026-09-01,2026-09-30,Monthly,,KG,2.874,2.874,2778.179931640625,xgboost_baseline
APPLE_JONAGOLD,GREENACRES,NL-ZH,2026-10-01,2026-10-31,Monthly,,KG,2.874,2.874,2778.35693359375,xgboost_baseline
APPLE_JONAGOLD,GREENACRES,NL-ZH,2026-11-01,2026-11-30,Monthly,,KG,2.874,2.874,2778.076904296875,xgboost_baseline
APPLE_JONAGOLD,GREENACRES,NL-ZH,2026-12-01,2026-12-31,Monthly,,KG,2.874,2.874,2807.669189453125,xgboost_baseline
APPLE_JONAGOLD,GREENACRES,NL-ZH,2027-01-01,2027-01-31,Monthly,,KG,2.874,2.874,2830.485107421875,xgboost_baseline
APPLE_JONAGOLD,HELLOFRESH,NL-GE,2026-02-01,2026-02-28,Monthly,,KG,2.554,2.554,2619.802490234375,xgboost_baseline
APPLE_JONAGOLD,HELLOFRESH,NL-GE,2026-03-01,2026-03-31,Monthly,,KG,2.554,2.554,2570.04150390625,xgboost_baseline
APPLE_JONAGOLD,HELLOFRESH,NL-GE,2026-04-01,2026-04-30,Monthly,,KG,2.554,2.554,2569.9296875,xgboost_baseline
APPLE_JONAGOLD,HELLOFRESH,NL-GE,2026-05-01,2026-05-31,Monthly,,KG,2.554,2.554,2610.710205078125,xgboost_baseline
APPLE_JONAGOLD,HELLOFRESH,NL-GE,2026-06-01,2026-06-30,Monthly,,KG,2.554,2.554,2610.710205078125,xgboost_baseline
APPLE_JONAGOLD,HELLOFRESH,NL-GE,2026-07-01,2026-07-31,Monthly,,KG,2.554,2.554,2610.710205078125,xgboost_baseline
APPLE_JONAGOLD,HELLOFRESH,NL-GE,2026-08-01,2026-08-31,Monthly,,KG,2.554,2.554,2608.856689453125,xgboost_baseline
APPLE_JONAGOLD,HELLOFRESH,NL-GE,2026-09-01,2026-09-30,Monthly,,KG,2.554,2.554,2608.856689453125,xgboost_baseline
APPLE_JONAGOLD,HELLOFRESH,NL-GE,2026-10-01,2026-10-31,Monthly,,KG,2.554,2.554,2608.856689453125,xgboost_baseline
APPLE_JONAGOLD,HELLOFRESH,NL-GE,2026-11-01,2026-11-30,Monthly,,KG,2.554,2.554,2608.856689453125,xgboost_baseline
APPLE_JONAGOLD,HELLOFRESH,NL-GE,2026-12-01,2026-12-31,Monthly,,KG,2.554,2.554,2608.856689453125,xgboost_baseline
APPLE_JONAGOLD,HELLOFRESH,NL-GE,2027-01-01,2027-01-31,Monthly,,KG,2.554,2.554,2605.14013671875,xgboost_baseline
APPLE_JONAGOLD,HELLOFRESH,NL-NB,2026-02-01,2026-02-28,Monthly,,KG,2.691,2.691,2755.194580078125,xgboost_baseline
APPLE_JONAGOLD,HELLOFRESH,NL-NB,2026-03-01,2026-03-31,Monthly,,KG,2.691,2.691,2713.161865234375,xgboost_baseline
APPLE_JONAGOLD,HELLOFRESH,NL-NB,2026-04-01,2026-04-30,Monthly,,KG,2.691,2.691,2713.058349609375,xgboost_baseline
APPLE_JONAGOLD,HELLOFRESH,NL-NB,2026-05-01,2026-05-31,Monthly,,KG,2.691,2.691,2779.700439453125,xgboost_baseline
APPLE_JONAGOLD,HELLOFRESH,NL-NB,2026-06-01,2026-06-30,Monthly,,KG,2.691,2.691,2773.523681640625,xgboost_baseline
APPLE_JONAGOLD,HELLOFRESH,NL-NB,2026-07-01,2026-07-31,Monthly,,KG,2.691,2.691,2773.523681640625,xgboost_baseline
APPLE_JONAGOLD,HELLOFRESH,NL-NB,2026-08-01,2026-08-31,Monthly,,KG,2.691,2.691,2775.99755859375,xgboost_baseline
APPLE_JONAGOLD,HELLOFRESH,NL-NB,2026-09-01,2026-09-30,Monthly,,KG,2.691,2.691,2775.99755859375,xgboost_baseline
APPLE_JONAGOLD,HELLOFRESH,NL-NB,2026-10-01,2026-10-31,Monthly,,KG,2.691,2.691,2775.998779296875,xgboost_baseline
APPLE_JONAGOLD,HELLOFRESH,NL-NB,2026-11-01,2026-11-30,Monthly,,KG,2.691,2.691,2775.71875,xgboost_baseline
APPLE_JONAGOLD,HELLOFRESH,NL-NB,2026-12-01,2026-12-31,Monthly,,KG,2.691,2.691,2775.71875,xgboost_baseline
APPLE_JONAGOLD,HELLOFRESH,NL-NB,2027-01-01,2027-01-31,Monthly,,KG,2.691,2.691,2769.9755859375,xgboost_baseline
APPLE_JONAGOLD,HELLOFRESH,NL-NH,2026-02-01,2026-02-28,Monthly,,KG,2.722,2.722,2772.97265625,xgboost_baseline
APPLE_JONAGOLD,HELLOFRESH,NL-NH,2026-03-01,2026-03-31,Monthly,,KG,2.722,2.722,2713.161865234375,xgboost_baseline
APPLE_JONAGOLD,HELLOFRESH,NL-NH,2026-04-01,2026-04-30,Monthly,,KG,2.722,2.722,2712.407470703125,xgboost_baseline
APPLE_JONAGOLD,HELLOFRESH,NL-NH,2026-05-01,2026-05-31,Monthly,,KG,2.722,2.722,2779.700439453125,xgboost_baseline
APPLE_JONAGOLD,HELLOFRESH,NL-NH,2026-06-01,2026-06-30,Monthly,,KG,2.722,2.722,2773.523681640625,xgboost_baseline
APPLE_JONAGOLD,HELLOFRESH,NL-NH,2026-07-01,2026-07-31,Monthly,,KG,2.722,2.722,2773.523681640625,xgboost_baseline
APPLE_JONAGOLD,HELLOFRESH,NL-NH,2026-08-01,2026-08-31,Monthly,,KG,2.722,2.722,2775.717529296875,xgboost_baseline
APPLE_JONAGOLD,HELLOFRESH,NL-NH,2026-09-01,2026-09-30,Monthly,,KG,2.722,2.722,2775.99755859375,xgboost_baseline
APPLE_JONAGOLD,HELLOFRESH,NL-NH,2026-10-01,2026-10-31,Monthly,,KG,2.722,2.722,2775.998779296875,xgboost_baseline
APPLE_JONAGOLD,HELLOFRESH,NL-NH,2026-11-01,2026-11-30,Monthly,,KG,2.722,2.722,2775.71875,xgboost_baseline
APPLE_JONAGOLD,HELLOFRESH,NL-NH,2026-12-01,2026-12-31,Monthly,,KG,2.722,2.722,2775.71875,xgboost_baseline
APPLE_JONAGOLD,HELLOFRESH,NL-NH,2027-01-01,2027-01-31,Monthly,,KG,2.722,2.722,2769.9755859375,xgboost_baseline
APPLE_JONAGOLD,HELLOFRESH,NL-ZH,2026-02-01,2026-02-28,Monthly,,KG,2.801,2.801,2755.194580078125,xgboost_baseline
APPLE_JONAGOLD,HELLOFRESH,NL-ZH,2026-03-01,2026-03-31,Monthly,,KG,2.801,2.801,2713.161865234375,xgboost_baseline
APPLE_JONAGOLD,HELLOFRESH,NL-ZH,2026-04-01,2026-04-30,Monthly,,KG,2.801,2.801,2712.407470703125,xgboost_baseline
APPLE_JONAGOLD,HELLOFRESH,NL-ZH,2026-05-01,2026-05-31,Monthly,,KG,2.801,2.801,2779.700439453125,xgboost_baseline
APPLE_JONAGOLD,HELLOFRESH,NL-ZH,2026-06-01,2026-06-30,Monthly,,KG,2.801,2.801,2773.523681640625,xgboost_baseline
APPLE_JONAGOLD,HELLOFRESH,NL-ZH,2026-07-01,2026-07-31,Monthly,,KG,2.801,2.801,2771.474609375,xgboost_baseline
APPLE_JONAGOLD,HELLOFRESH,NL-ZH,2026-08-01,2026-08-31,Monthly,,KG,2.801,2.801,2775.99755859375,xgboost_baseline
APPLE_JONAGOLD,HELLOFRESH,NL-ZH,2026-09-01,2026-09-30,Monthly,,KG,2.801,2.801,2775.99755859375,xgboost_baseline
APPLE_JONAGOLD,HELLOFRESH,NL-ZH,2026-10-01,2026-10-31,Monthly,,KG,2.801,2.801,2775.998779296875,xgboost_baseline
APPLE_JONAGOLD,HELLOFRESH,NL-ZH,2026-11-01,2026-11-30,Monthly,,KG,2.801,2.801,2775.71875,xgboost_baseline
APPLE_JONAGOLD,HELLOFRESH,NL-ZH,2026-12-01,2026-12-31,Monthly,,KG,2.801,2.801,2775.71875,xgboost_baseline
APPLE_JONAGOLD,HELLOFRESH,NL-ZH,2027-01-01,2027-01-31,Monthly,,KG,2.801,2.801,2770.152587890625,xgboost_baseline
APPLE_JONAGOLD,HOLLANDFOODSERVICE,NL-GE,2026-02-01,2026-02-28,Monthly,,KG,2.614,2.614,2600.74169921875,xgboost_baseline
APPLE_JONAGOLD,HOLLANDFOODSERVICE,NL-GE,2026-03-01,2026-03-31,Monthly,,KG,2.614,2.614,2593.0302734375,xgboost_baseline
APPLE_JONAGOLD,HOLLANDFOODSERVICE,NL-GE,2026-04-01,2026-04-30,Monthly,,KG,2.614,2.614,2579.037353515625,xgboost_baseline
APPLE_JONAGOLD,HOLLANDFOODSERVICE,NL-GE,2026-05-01,2026-05-31,Monthly,,KG,2.614,2.614,2606.021240234375,xgboost_baseline
APPLE_JONAGOLD,HOLLANDFOODSERVICE,NL-GE,2026-06-01,2026-06-30,Monthly,,KG,2.614,2.614,2606.1259765625,xgboost_baseline
APPLE_JONAGOLD,HOLLANDFOODSERVICE,NL-GE,2026-07-01,2026-07-31,Monthly,,KG,2.614,2.614,2606.142333984375,xgboost_baseline
APPLE_JONAGOLD,HOLLANDFOODSERVICE,NL-GE,2026-08-01,2026-08-31,Monthly,,KG,2.614,2.614,2609.387939453125,xgboost_baseline
APPLE_JONAGOLD,HOLLANDFOODSERVICE,NL-GE,2026-09-01,2026-09-30,Monthly,,KG,2.614,2.614,2608.8046875,xgboost_baseline
APPLE_JONAGOLD,HOLLANDFOODSERVICE,NL-GE,2026-10-01,2026-10-31,Monthly,,KG,2.614,2.614,2608.8046875,xgboost_baseline
APPLE_JONAGOLD,HOLLANDFOODSERVICE,NL-GE,2026-11-01,2026-11-30,Monthly,,KG,2.614,2.614,2608.8046875,xgboost_baseline
APPLE_JONAGOLD,HOLLANDFOODSERVICE,NL-GE,2026-12-01,2026-12-31,Monthly,,KG,2.614,2.614,2608.8046875,xgboost_baseline
APPLE_JONAGOLD,HOLLANDFOODSERVICE,NL-GE,2027-01-01,2027-01-31,Monthly,,KG,2.614,2.614,2605.111328125,xgboost_baseline
APPLE_JONAGOLD,HOLLANDFOODSERVICE,NL-NB,2026-02-01,2026-02-28,Monthly,,KG,2.656,2.656,2607.49169921875,xgboost_baseline
APPLE_JONAGOLD,HOLLANDFOODSERVICE,NL-NB,2026-03-01,2026-03-31,Monthly,,KG,2.656,2.656,2619.767333984375,xgboost_baseline
APPLE_JONAGOLD,HOLLANDFOODSERVICE,NL-NB,2026-04-01,2026-04-30,Monthly,,KG,2.656,2.656,2586.984130859375,xgboost_baseline
APPLE_JONAGOLD,HOLLANDFOODSERVICE,NL-NB,2026-05-01,2026-05-31,Monthly,,KG,2.656,2.656,2628.58056640625,xgboost_baseline
APPLE_JONAGOLD,HOLLANDFOODSERVICE,NL-NB,2026-06-01,2026-06-30,Monthly,,KG,2.656,2.656,2628.8720703125,xgboost_baseline
APPLE_JONAGOLD,HOLLANDFOODSERVICE,NL-NB,2026-07-01,2026-07-31,Monthly,,KG,2.656,2.656,2628.77197265625,xgboost_baseline
APPLE_JONAGOLD,HOLLANDFOODSERVICE,NL-NB,2026-08-01,2026-08-31,Monthly,,KG,2.656,2.656,2629.608154296875,xgboost_baseline
APPLE_JONAGOLD,HOLLANDFOODSERVICE,NL-NB,2026-09-01,2026-09-30,Monthly,,KG,2.656,2.656,2629.791748046875,xgboost_baseline
APPLE_JONAGOLD,HOLLANDFOODSERVICE,NL-NB,2026-10-01,2026-10-31,Monthly,,KG,2.656,2.656,2629.791748046875,xgboost_baseline
APPLE_JONAGOLD,HOLLANDFOODSERVICE,NL-NB,2026-11-01,2026-11-30,Monthly,,KG,2.656,2.656,2629.791748046875,xgboost_baseline
APPLE_JONAGOLD,HOLLANDFOODSERVICE,NL-NB,2026-12-01,2026-12-31,Monthly,,KG,2.656,2.656,2629.768310546875,xgboost_baseline
APPLE_JONAGOLD,HOLLANDFOODSERVICE,NL-NB,2027-01-01,2027-01-31,Monthly,,KG,2.656,2.656,2626.28271484375,xgboost_baseline
APPLE_JONAGOLD,HOLLANDFOODSERVICE,NL-NH,2026-02-01,2026-02-28,Monthly,,KG,2.768,2.768,2755.194580078125,xgboost_baseline
APPLE_JONAGOLD,HOLLANDFOODSERVICE,NL-NH,2026-03-01,2026-03-31,Monthly,,KG,2.768,2.768,2725.552490234375,xgboost_baseline
APPLE_JONAGOLD,HOLLANDFOODSERVICE,NL-NH,2026-04-01,2026-04-30,Monthly,,KG,2.768,2.768,2724.703125,xgboost_baseline
APPLE_JONAGOLD,HOLLANDFOODSERVICE,NL-NH,2026-05-01,2026-05-31,Monthly,,KG,2.768,2.768,2777.65185546875,xgboost_baseline
APPLE_JONAGOLD,HOLLANDFOODSERVICE,NL-NH,2026-06-01,2026-06-30,Monthly,,KG,2.768,2.768,2771.552001953125,xgboost_baseline
APPLE_JONAGOLD,HOLLANDFOODSERVICE,NL-NH,2026-07-01,2026-07-31,Monthly,,KG,2.768,2.768,2771.5634765625,xgboost_baseline
APPLE_JONAGOLD,HOLLANDFOODSERVICE,NL-NH,2026-08-01,2026-08-31,Monthly,,KG,2.768,2.768,2775.99755859375,xgboost_baseline
APPLE_JONAGOLD,HOLLANDFOODSERVICE,NL-NH,2026-09-01,2026-09-30,Monthly,,KG,2.768,2.768,2778.180419921875,xgboost_baseline
APPLE_JONAGOLD,HOLLANDFOODSERVICE,NL-NH,2026-10-01,2026-10-31,Monthly,,KG,2.768,2.768,2778.35693359375,xgboost_baseline
APPLE_JONAGOLD,HOLLANDFOODSERVICE,NL-NH,2026-11-01,2026-11-30,Monthly,,KG,2.768,2.768,2778.076904296875,xgboost_baseline
APPLE_JONAGOLD,HOLLANDFOODSERVICE,NL-NH,2026-12-01,2026-12-31,Monthly,,KG,2.768,2.768,2778.076904296875,xgboost_baseline
APPLE_JONAGOLD,HOLLANDFOODSERVICE,NL-NH,2027-01-01,2027-01-31,Monthly,,KG,2.768,2.768,2770.152587890625,xgboost_baseline
APPLE_JONAGOLD,HOLLANDFOODSERVICE,NL-ZH,2026-02-01,2026-02-28,Monthly,,KG,2.877,2.877,2772.973388671875,xgboost_baseline
APPLE_JONAGOLD,HOLLANDFOODSERVICE,NL-ZH,2026-03-01,2026-03-31,Monthly,,KG,2.877,2.877,2775.435302734375,xgboost_baseline
APPLE_JONAGOLD,HOLLANDFOODSERVICE,NL-ZH,2026-04-01,2026-04-30,Monthly,,KG,2.877,2.877,2751.99169921875,xgboost_baseline
APPLE_JONAGOLD,HOLLANDFOODSERVICE,NL-ZH,2026-05-01,2026-05-31,Monthly,,KG,2.877,2.877,2777.729248046875,xgboost_baseline
APPLE_JONAGOLD,HOLLANDFOODSERVICE,NL-ZH,2026-06-01,2026-06-30,Monthly,,KG,2.877,2.877,2777.986572265625,xgboost_baseline
APPLE_JONAGOLD,HOLLANDFOODSERVICE,NL-ZH,2026-07-01,2026-07-31,Monthly,,KG,2.877,2.877,2771.762939453125,xgboost_baseline
APPLE_JONAGOLD,HOLLANDFOODSERVICE,NL-ZH,2026-08-01,2026-08-31,Monthly,,KG,2.877,2.877,2775.725341796875,xgboost_baseline
APPLE_JONAGOLD,HOLLANDFOODSERVICE,NL-ZH,2026-09-01,2026-09-30,Monthly,,KG,2.877,2.877,2778.076904296875,xgboost_baseline
APPLE_JONAGOLD,HOLLANDFOODSERVICE,NL-ZH,2026-10-01,2026-10-31,Monthly,,KG,2.877,2.877,2778.35693359375,xgboost_baseline
APPLE_JONAGOLD,HOLLANDFOODSERVICE,NL-ZH,2026-11-01,2026-11-30,Monthly,,KG,2.877,2.877,2778.076904296875,xgboost_baseline
APPLE_JONAGOLD,HOLLANDFOODSERVICE,NL-ZH,2026-12-01,2026-12-31,Monthly,,KG,2.877,2.877,2778.165771484375,xgboost_baseline
APPLE_JONAGOLD,HOLLANDFOODSERVICE,NL-ZH,2027-01-01,2027-01-31,Monthly,,KG,2.877,2.877,2770.229248046875,xgboost_baseline
APPLE_JONAGOLD,JUMBO,NL-GE,2026-02-01,2026-02-28,Monthly,,KG,2.603,2.603,3023.439208984375,xgboost_baseline
APPLE_JONAGOLD,JUMBO,NL-GE,2026-03-01,2026-03-31,Monthly,,KG,2.603,2.603,2990.3681640625,xgboost_baseline
APPLE_JONAGOLD,JUMBO,NL-GE,2026-04-01,2026-04-30,Monthly,,KG,2.603,2.603,2974.169921875,xgboost_baseline
APPLE_JONAGOLD,JUMBO,NL-GE,2026-05-01,2026-05-31,Monthly,,KG,2.603,2.603,2916.576171875,xgboost_baseline
APPLE_JONAGOLD,JUMBO,NL-GE,2026-06-01,2026-06-30,Monthly,,KG,2.603,2.603,2723.19580078125,xgboost_baseline
APPLE_JONAGOLD,JUMBO,NL-GE,2026-07-01,2026-07-31,Monthly,,KG,2.603,2.603,2689.9345703125,xgboost_baseline
APPLE_JONAGOLD,JUMBO,NL-GE,2026-08-01,2026-08-31,Monthly,,KG,2.2125500000000002,2.603,2943.724365234375,xgboost_baseline
APPLE_JONAGOLD,JUMBO,NL-GE,2026-09-01,2026-09-30,Monthly,,KG,2.603,2.603,3083.752197265625,xgboost_baseline
APPLE_JONAGOLD,JUMBO,NL-GE,2026-10-01,2026-10-31,Monthly,,KG,2.603,2.603,3099.432861328125,xgboost_baseline
APPLE_JONAGOLD,JUMBO,NL-GE,2026-11-01,2026-11-30,Monthly,,KG,2.603,2.603,3017.890380859375,xgboost_baseline
APPLE_JONAGOLD,JUMBO,NL-GE,2026-12-01,2026-12-31,Monthly,,KG,2.603,2.603,3041.779541015625,xgboost_baseline
APPLE_JONAGOLD,JUMBO,NL-GE,2027-01-01,2027-01-31,Monthly,,KG,2.603,2.603,3021.1240234375,xgboost_baseline
APPLE_JONAGOLD,JUMBO,NL-NB,2026-02-01,2026-02-28,Monthly,,KG,2.1336,2.667,2776.65869140625,xgboost_baseline
APPLE_JONAGOLD,JUMBO,NL-NB,2026-03-01,2026-03-31,Monthly,,KG,2.667,2.667,2715.249755859375,xgboost_baseline
APPLE_JONAGOLD,JUMBO,NL-NB,2026-04-01,2026-04-30,Monthly,,KG,2.667,2.667,2709.144775390625,xgboost_baseline
APPLE_JONAGOLD,JUMBO,NL-NB,2026-05-01,2026-05-31,Monthly,,KG,2.667,2.667,2772.00244140625,xgboost_baseline
APPLE_JONAGOLD,JUMBO,NL-NB,2026-06-01,2026-06-30,Monthly,,KG,2.667,2.667,2669.13330078125,xgboost_baseline
APPLE_JONAGOLD,JUMBO,NL-NB,2026-07-01,2026-07-31,Monthly,,KG,2.667,2.667,2656.16943359375,xgboost_baseline
APPLE_JONAGOLD,JUMBO,NL-NB,2026-08-01,2026-08-31,Monthly,,KG,2.667,2.667,3009.71337890625,xgboost_baseline
APPLE_JONAGOLD,JUMBO,NL-NB,2026-09-01,2026-09-30,Monthly,,KG,2.667,2.667,3114.72802734375,xgboost_baseline
APPLE_JONAGOLD,JUMBO,NL-NB,2026-10-01,2026-10-31,Monthly,,KG,2.667,2.667,3141.505615234375,xgboost_baseline
APPLE_JONAGOLD,JUMBO,NL-NB,2026-11-01,2026-11-30,Monthly,,KG,2.667,2.667,3053.18310546875,xgboost_baseline
APPLE_JONAGOLD,JUMBO,NL-NB,2026-12-01,2026-12-31,Monthly,,KG,2.667,2.667,3050.5673828125,xgboost_baseline
APPLE_JONAGOLD,JUMBO,NL-NB,2027-01-01,2027-01-31,Monthly,,KG,2.667,2.667,3023.83544921875,xgboost_baseline
APPLE_JONAGOLD,JUMBO,NL-NH,2026-02-01,2026-02-28,Monthly,,KG,2.776,2.776,2814.86767578125,xgboost_baseline
APPLE_JONAGOLD,JUMBO,NL-NH,2026-03-01,2026-03-31,Monthly,,KG,2.776,2.776,2782.504150390625,xgboost_baseline
APPLE_JONAGOLD,JUMBO,NL-NH,2026-04-01,2026-04-30,Monthly,,KG,2.776,2.776,2723.2646484375,xgboost_baseline
APPLE_JONAGOLD,JUMBO,NL-NH,2026-05-01,2026-05-31,Monthly,,KG,2.776,2.776,2772.03076171875,xgboost_baseline
APPLE_JONAGOLD,JUMBO,NL-NH,2026-06-01,2026-06-30,Monthly,,KG,2.776,2.776,2706.6240234375,xgboost_baseline
APPLE_JONAGOLD,JUMBO,NL-NH,2026-07-01,2026-07-31,Monthly,,KG,2.776,2.776,2663.46142578125,xgboost_baseline
APPLE_JONAGOLD,JUMBO,NL-NH,2026-08-01,2026-08-31,Monthly,,KG,2.776,2.776,3009.716064453125,xgboost_baseline
APPLE_JONAGOLD,JUMBO,NL-NH,2026-09-01,2026-09-30,Monthly,,KG,2.776,2.776,3121.272705078125,xgboost_baseline
APPLE_JONAGOLD,JUMBO,NL-NH,2026-10-01,2026-10-31,Monthly,,KG,2.776,2.776,3115.639892578125,xgboost_baseline
APPLE_JONAGOLD,JUMBO,NL-NH,2026-11-01,2026-11-30,Monthly,,KG,2.776,2.776,3053.28564453125,xgboost_baseline
APPLE_JONAGOLD,JUMBO,NL-NH,2026-12-01,2026-12-31,Monthly,,KG,2.776,2.776,3055.80810546875,xgboost_baseline
APPLE_JONAGOLD,JUMBO,NL-NH,2027-01-01,2027-01-31,Monthly,,KG,2.776,2.776,3023.8369140625,xgboost_baseline
APPLE_JONAGOLD,JUMBO,NL-ZH,2026-02-01,2026-02-28,Monthly,,KG,2.914,2.914,2849.30712890625,xgboost_baseline
APPLE_JONAGOLD,JUMBO,NL-ZH,2026-03-01,2026-03-31,Monthly,,KG,2.914,2.914,2686.100830078125,xgboost_baseline
APPLE_JONAGOLD,JUMBO,NL-ZH,2026-04-01,2026-04-30,Monthly,,KG,2.914,2.914,2613.347412109375,xgboost_baseline
APPLE_JONAGOLD,JUMBO,NL-ZH,2026-05-01,2026-05-31,Monthly,,KG,2.914,2.914,2731.93798828125,xgboost_baseline
APPLE_JONAGOLD,JUMBO,NL-ZH,2026-06-01,2026-06-30,Monthly,,KG,2.914,2.914,2752.47216796875,xgboost_baseline
APPLE_JONAGOLD,JUMBO,NL-ZH,2026-07-01,2026-07-31,Monthly,,KG,2.914,2.914,2736.6611328125,xgboost_baseline
APPLE_JONAGOLD,JUMBO,NL-ZH,2026-08-01,2026-08-31,Monthly,,KG,2.914,2.914,2973.998046875,xgboost_baseline
APPLE_JONAGOLD,JUMBO,NL-ZH,2026-09-01,2026-09-30,Monthly,,KG,2.914,2.914,3120.669677734375,xgboost_baseline
APPLE_JONAGOLD,JUMBO,NL-ZH,2026-10-01,2026-10-31,Monthly,,KG,2.914,2.914,3143.518310546875,xgboost_baseline
APPLE_JONAGOLD,JUMBO,NL-ZH,2026-11-01,2026-11-30,Monthly,,KG,2.914,2.914,3071.96484375,xgboost_baseline
APPLE_JONAGOLD,JUMBO,NL-ZH,2026-12-01,2026-12-31,Monthly,,KG,2.914,2.914,3038.46435546875,xgboost_baseline
APPLE_JONAGOLD,JUMBO,NL-ZH,2027-01-01,2027-01-31,Monthly,,KG,2.914,2.914,3023.814208984375,xgboost_baseline
APPLE_JONAGOLD,MELEDI,NL-GE,2026-02-01,2026-02-28,Monthly,,KG,2.59,2.59,2600.7646484375,xgboost_baseline
APPLE_JONAGOLD,MELEDI,NL-GE,2026-03-01,2026-03-31,Monthly,,KG,2.59,2.59,2576.7744140625,xgboost_baseline
APPLE_JONAGOLD,MELEDI,NL-GE,2026-04-01,2026-04-30,Monthly,,KG,2.59,2.59,2578.8681640625,xgboost_baseline
APPLE_JONAGOLD,MELEDI,NL-GE,2026-05-01,2026-05-31,Monthly,,KG,2.59,2.59,2606.076904296875,xgboost_baseline
APPLE_JONAGOLD,MELEDI,NL-GE,2026-06-01,2026-06-30,Monthly,,KG,2.59,2.59,2606.0771484375,xgboost_baseline
APPLE_JONAGOLD,MELEDI,NL-GE,2026-07-01,2026-07-31,Monthly,,KG,2.59,2.59,2606.292724609375,xgboost_baseline
APPLE_JONAGOLD,MELEDI,NL-GE,2026-08-01,2026-08-31,Monthly,,KG,2.59,2.59,2608.850830078125,xgboost_baseline
APPLE_JONAGOLD,MELEDI,NL-GE,2026-09-01,2026-09-30,Monthly,,KG,2.59,2.59,2609.439453125,xgboost_baseline
APPLE_JONAGOLD,MELEDI,NL-GE,2026-10-01,2026-10-31,Monthly,,KG,2.59,2.59,2608.85791015625,xgboost_baseline
APPLE_JONAGOLD,MELEDI,NL-GE,2026-11-01,2026-11-30,Monthly,,KG,2.59,2.59,2608.85791015625,xgboost_baseline
APPLE_JONAGOLD,MELEDI,NL-GE,2026-12-01,2026-12-31,Monthly,,KG,2.59,2.59,2608.85791015625,xgboost_baseline
APPLE_JONAGOLD,MELEDI,NL-GE,2027-01-01,2027-01-31,Monthly,,KG,2.59,2.59,2605.138671875,xgboost_baseline
APPLE_JONAGOLD,MELEDI,NL-NB,2026-02-01,2026-02-28,Monthly,,KG,2.653,2.653,2623.330322265625,xgboost_baseline
APPLE_JONAGOLD,MELEDI,NL-NB,2026-03-01,2026-03-31,Monthly,,KG,2.653,2.653,2610.338134765625,xgboost_baseline
APPLE_JONAGOLD,MELEDI,NL-NB,2026-04-01,2026-04-30,Monthly,,KG,2.653,2.653,2613.4931640625,xgboost_baseline
APPLE_JONAGOLD,MELEDI,NL-NB,2026-05-01,2026-05-31,Monthly,,KG,2.653,2.653,2628.582275390625,xgboost_baseline
APPLE_JONAGOLD,MELEDI,NL-NB,2026-06-01,2026-06-30,Monthly,,KG,2.653,2.653,2628.6591796875,xgboost_baseline
APPLE_JONAGOLD,MELEDI,NL-NB,2026-07-01,2026-07-31,Monthly,,KG,2.653,2.653,2628.870361328125,xgboost_baseline
APPLE_JONAGOLD,MELEDI,NL-NB,2026-08-01,2026-08-31,Monthly,,KG,2.653,2.653,2629.60791015625,xgboost_baseline
APPLE_JONAGOLD,MELEDI,NL-NB,2026-09-01,2026-09-30,Monthly,,KG,2.653,2.653,2629.791748046875,xgboost_baseline
APPLE_JONAGOLD,MELEDI,NL-NB,2026-10-01,2026-10-31,Monthly,,KG,2.653,2.653,2629.791748046875,xgboost_baseline
APPLE_JONAGOLD,MELEDI,NL-NB,2026-11-01,2026-11-30,Monthly,,KG,2.653,2.653,2629.791748046875,xgboost_baseline
APPLE_JONAGOLD,MELEDI,NL-NB,2026-12-01,2026-12-31,Monthly,,KG,2.653,2.653,2629.791748046875,xgboost_baseline
APPLE_JONAGOLD,MELEDI,NL-NB,2027-01-01,2027-01-31,Monthly,,KG,2.653,2.653,2626.28271484375,xgboost_baseline
APPLE_JONAGOLD,MELEDI,NL-NH,2026-02-01,2026-02-28,Monthly,,KG,2.692,2.692,2755.194580078125,xgboost_baseline
APPLE_JONAGOLD,MELEDI,NL-NH,2026-03-01,2026-03-31,Monthly,,KG,2.692,2.692,2724.64111328125,xgboost_baseline
APPLE_JONAGOLD,MELEDI,NL-NH,2026-04-01,2026-04-30,Monthly,,KG,2.692,2.692,2724.702392578125,xgboost_baseline
APPLE_JONAGOLD,MELEDI,NL-NH,2026-05-01,2026-05-31,Monthly,,KG,2.692,2.692,2777.65185546875,xgboost_baseline
APPLE_JONAGOLD,MELEDI,NL-NH,2026-06-01,2026-06-30,Monthly,,KG,2.692,2.692,2771.474609375,xgboost_baseline
APPLE_JONAGOLD,MELEDI,NL-NH,2026-07-01,2026-07-31,Monthly,,KG,2.692,2.692,2771.5634765625,xgboost_baseline
APPLE_JONAGOLD,MELEDI,NL-NH,2026-08-01,2026-08-31,Monthly,,KG,2.692,2.692,2775.99755859375,xgboost_baseline
APPLE_JONAGOLD,MELEDI,NL-NH,2026-09-01,2026-09-30,Monthly,,KG,2.692,2.692,2775.998779296875,xgboost_baseline
APPLE_JONAGOLD,MELEDI,NL-NH,2026-10-01,2026-10-31,Monthly,,KG,2.692,2.692,2778.180419921875,xgboost_baseline
APPLE_JONAGOLD,MELEDI,NL-NH,2026-11-01,2026-11-30,Monthly,,KG,2.692,2.692,2778.076904296875,xgboost_baseline
APPLE_JONAGOLD,MELEDI,NL-NH,2026-12-01,2026-12-31,Monthly,,KG,2.692,2.692,2778.076904296875,xgboost_baseline
APPLE_JONAGOLD,MELEDI,NL-NH,2027-01-01,2027-01-31,Monthly,,KG,2.692,2.692,2770.152587890625,xgboost_baseline
APPLE_JONAGOLD,MELEDI,NL-ZH,2026-02-01,2026-02-28,Monthly,,KG,2.826,2.826,2744.369384765625,xgboost_baseline
APPLE_JONAGOLD,MELEDI,NL-ZH,2026-03-01,2026-03-31,Monthly,,KG,2.826,2.826,2779.4267578125,xgboost_baseline
APPLE_JONAGOLD,MELEDI,NL-ZH,2026-04-01,2026-04-30,Monthly,,KG,2.826,2.826,2723.835693359375,xgboost_baseline
APPLE_JONAGOLD,MELEDI,NL-ZH,2026-05-01,2026-05-31,Monthly,,KG,2.826,2.826,2771.476318359375,xgboost_baseline
APPLE_JONAGOLD,MELEDI,NL-ZH,2026-06-01,2026-06-30,Monthly,,KG,2.826,2.826,2775.105224609375,xgboost_baseline
APPLE_JONAGOLD,MELEDI,NL-ZH,2026-07-01,2026-07-31,Monthly,,KG,2.826,2.826,2771.552001953125,xgboost_baseline
APPLE_JONAGOLD,MELEDI,NL-ZH,2026-08-01,2026-08-31,Monthly,,KG,2.826,2.826,2775.998779296875,xgboost_baseline
APPLE_JONAGOLD,MELEDI,NL-ZH,2026-09-01,2026-09-30,Monthly,,KG,2.826,2.826,2777.8994140625,xgboost_baseline
APPLE_JONAGOLD,MELEDI,NL-ZH,2026-10-01,2026-10-31,Monthly,,KG,2.826,2.826,2778.180419921875,xgboost_baseline
APPLE_JONAGOLD,MELEDI,NL-ZH,2026-11-01,2026-11-30,Monthly,,KG,2.826,2.826,2778.076904296875,xgboost_baseline
APPLE_JONAGOLD,MELEDI,NL-ZH,2026-12-01,2026-12-31,Monthly,,KG,2.826,2.826,2807.676513671875,xgboost_baseline
APPLE_JONAGOLD,MELEDI,NL-ZH,2027-01-01,2027-01-31,Monthly,,KG,2.826,2.826,2830.408447265625,xgboost_baseline
APPLE_JONAGOLD,PICNIC,NL-GE,2026-02-01,2026-02-28,Monthly,,KG,2.553,2.553,2619.802490234375,xgboost_baseline
APPLE_JONAGOLD,PICNIC,NL-GE,2026-03-01,2026-03-31,Monthly,,KG,2.553,2.553,2570.04150390625,xgboost_baseline
APPLE_JONAGOLD,PICNIC,NL-GE,2026-04-01,2026-04-30,Monthly,,KG,2.553,2.553,2569.9296875,xgboost_baseline
APPLE_JONAGOLD,PICNIC,NL-GE,2026-05-01,2026-05-31,Monthly,,KG,2.553,2.553,2610.710205078125,xgboost_baseline
APPLE_JONAGOLD,PICNIC,NL-GE,2026-06-01,2026-06-30,Monthly,,KG,2.553,2.553,2610.710205078125,xgboost_baseline
APPLE_JONAGOLD,PICNIC,NL-GE,2026-07-01,2026-07-31,Monthly,,KG,2.553,2.553,2606.0693359375,xgboost_baseline
APPLE_JONAGOLD,PICNIC,NL-GE,2026-08-01,2026-08-31,Monthly,,KG,2.553,2.553,2608.856689453125,xgboost_baseline
APPLE_JONAGOLD,PICNIC,NL-GE,2026-09-01,2026-09-30,Monthly,,KG,2.553,2.553,2608.856689453125,xgboost_baseline
APPLE_JONAGOLD,PICNIC,NL-GE,2026-10-01,2026-10-31,Monthly,,KG,2.553,2.553,2608.856689453125,xgboost_baseline
APPLE_JONAGOLD,PICNIC,NL-GE,2026-11-01,2026-11-30,Monthly,,KG,2.553,2.553,2608.856689453125,xgboost_baseline
APPLE_JONAGOLD,PICNIC,NL-GE,2026-12-01,2026-12-31,Monthly,,KG,2.553,2.553,2608.856689453125,xgboost_baseline
APPLE_JONAGOLD,PICNIC,NL-GE,2027-01-01,2027-01-31,Monthly,,KG,2.553,2.553,2605.14013671875,xgboost_baseline
APPLE_JONAGOLD,PICNIC,NL-NB,2026-02-01,2026-02-28,Monthly,,KG,2.648,2.648,2623.330322265625,xgboost_baseline
APPLE_JONAGOLD,PICNIC,NL-NB,2026-03-01,2026-03-31,Monthly,,KG,2.648,2.648,2577.119140625,xgboost_baseline
APPLE_JONAGOLD,PICNIC,NL-NB,2026-04-01,2026-04-30,Monthly,,KG,2.648,2.648,2577.0068359375,xgboost_baseline
APPLE_JONAGOLD,PICNIC,NL-NB,2026-05-01,2026-05-31,Monthly,,KG,2.648,2.648,2633.000244140625,xgboost_baseline
APPLE_JONAGOLD,PICNIC,NL-NB,2026-06-01,2026-06-30,Monthly,,KG,2.648,2.648,2633.000244140625,xgboost_baseline
APPLE_JONAGOLD,PICNIC,NL-NB,2026-07-01,2026-07-31,Monthly,,KG,2.648,2.648,2628.582275390625,xgboost_baseline
APPLE_JONAGOLD,PICNIC,NL-NB,2026-08-01,2026-08-31,Monthly,,KG,2.648,2.648,2628.871826171875,xgboost_baseline
APPLE_JONAGOLD,PICNIC,NL-NB,2026-09-01,2026-09-30,Monthly,,KG,2.648,2.648,2628.871826171875,xgboost_baseline
APPLE_JONAGOLD,PICNIC,NL-NB,2026-10-01,2026-10-31,Monthly,,KG,2.648,2.648,2628.87158203125,xgboost_baseline
APPLE_JONAGOLD,PICNIC,NL-NB,2026-11-01,2026-11-30,Monthly,,KG,2.648,2.648,2628.87158203125,xgboost_baseline
APPLE_JONAGOLD,PICNIC,NL-NB,2026-12-01,2026-12-31,Monthly,,KG,2.648,2.648,2629.607421875,xgboost_baseline
APPLE_JONAGOLD,PICNIC,NL-NB,2027-01-01,2027-01-31,Monthly,,KG,2.648,2.648,2626.28271484375,xgboost_baseline
APPLE_JONAGOLD,PICNIC,NL-NH,2026-02-01,2026-02-28,Monthly,,KG,2.729,2.729,2755.194580078125,xgboost_baseline
APPLE_JONAGOLD,PICNIC,NL-NH,2026-03-01,2026-03-31,Monthly,,KG,2.729,2.729,2713.161865234375,xgboost_baseline
APPLE_JONAGOLD,PICNIC,NL-NH,2026-04-01,2026-04-30,Monthly,,KG,2.729,2.729,2713.058349609375,xgboost_baseline
APPLE_JONAGOLD,PICNIC,NL-NH,2026-05-01,2026-05-31,Monthly,,KG,2.729,2.729,2779.700439453125,xgboost_baseline
APPLE_JONAGOLD,PICNIC,NL-NH,2026-06-01,2026-06-30,Monthly,,KG,2.729,2.729,2773.523681640625,xgboost_baseline
APPLE_JONAGOLD,PICNIC,NL-NH,2026-07-01,2026-07-31,Monthly,,KG,2.729,2.729,2773.523681640625,xgboost_baseline
APPLE_JONAGOLD,PICNIC,NL-NH,2026-08-01,2026-08-31,Monthly,,KG,2.729,2.729,2775.99755859375,xgboost_baseline
APPLE_JONAGOLD,PICNIC,NL-NH,2026-09-01,2026-09-30,Monthly,,KG,2.729,2.729,2775.99755859375,xgboost_baseline
APPLE_JONAGOLD,PICNIC,NL-NH,2026-10-01,2026-10-31,Monthly,,KG,2.729,2.729,2775.998779296875,xgboost_baseline
APPLE_JONAGOLD,PICNIC,NL-NH,2026-11-01,2026-11-30,Monthly,,KG,2.729,2.729,2775.71875,xgboost_baseline
APPLE_JONAGOLD,PICNIC,NL-NH,2026-12-01,2026-12-31,Monthly,,KG,2.729,2.729,2775.71875,xgboost_baseline
APPLE_JONAGOLD,PICNIC,NL-NH,2027-01-01,2027-01-31,Monthly,,KG,2.729,2.729,2769.9755859375,xgboost_baseline
APPLE_JONAGOLD,PICNIC,NL-ZH,2026-02-01,2026-02-28,Monthly,,KG,2.827,2.827,2771.081298828125,xgboost_baseline
APPLE_JONAGOLD,PICNIC,NL-ZH,2026-03-01,2026-03-31,Monthly,,KG,2.827,2.827,2711.81396484375,xgboost_baseline
APPLE_JONAGOLD,PICNIC,NL-ZH,2026-04-01,2026-04-30,Monthly,,KG,2.827,2.827,2712.407470703125,xgboost_baseline
APPLE_JONAGOLD,PICNIC,NL-ZH,2026-05-01,2026-05-31,Monthly,,KG,2.827,2.827,2779.700439453125,xgboost_baseline
APPLE_JONAGOLD,PICNIC,NL-ZH,2026-06-01,2026-06-30,Monthly,,KG,2.827,2.827,2773.523681640625,xgboost_baseline
APPLE_JONAGOLD,PICNIC,NL-ZH,2026-07-01,2026-07-31,Monthly,,KG,2.827,2.827,2771.42236328125,xgboost_baseline
APPLE_JONAGOLD,PICNIC,NL-ZH,2026-08-01,2026-08-31,Monthly,,KG,2.827,2.827,2775.717529296875,xgboost_baseline
APPLE_JONAGOLD,PICNIC,NL-ZH,2026-09-01,2026-09-30,Monthly,,KG,2.827,2.827,2775.99755859375,xgboost_baseline
APPLE_JONAGOLD,PICNIC,NL-ZH,2026-10-01,2026-10-31,Monthly,,KG,2.827,2.827,2775.998779296875,xgboost_baseline
APPLE_JONAGOLD,PICNIC,NL-ZH,2026-11-01,2026-11-30,Monthly,,KG,2.827,2.827,2775.71875,xgboost_baseline
APPLE_JONAGOLD,PICNIC,NL-ZH,2026-12-01,2026-12-31,Monthly,,KG,2.827,2.827,2775.718017578125,xgboost_baseline
APPLE_JONAGOLD,PICNIC,NL-ZH,2027-01-01,2027-01-31,Monthly,,KG,2.827,2.827,2770.152587890625,xgboost_baseline
APPLE_JONAGOLD,PLUS,NL-GE,2026-02-01,2026-02-28,Monthly,,KG,2.574,2.574,2899.28564453125,xgboost_baseline
APPLE_JONAGOLD,PLUS,NL-GE,2026-03-01,2026-03-31,Monthly,,KG,2.574,2.574,2880.48095703125,xgboost_baseline
APPLE_JONAGOLD,PLUS,NL-GE,2026-04-01,2026-04-30,Monthly,,KG,2.574,2.574,2815.95654296875,xgboost_baseline
APPLE_JONAGOLD,PLUS,NL-GE,2026-05-01,2026-05-31,Monthly,,KG,2.574,2.574,2817.23974609375,xgboost_baseline
APPLE_JONAGOLD,PLUS,NL-GE,2026-06-01,2026-06-30,Monthly,,KG,2.574,2.574,2718.0068359375,xgboost_baseline
APPLE_JONAGOLD,PLUS,NL-GE,2026-07-01,2026-07-31,Monthly,,KG,2.574,2.574,2662.80810546875,xgboost_baseline
APPLE_JONAGOLD,PLUS,NL-GE,2026-08-01,2026-08-31,Monthly,,KG,2.574,2.574,2956.47802734375,xgboost_baseline
APPLE_JONAGOLD,PLUS,NL-GE,2026-09-01,2026-09-30,Monthly,,KG,2.574,2.574,3087.507568359375,xgboost_baseline
APPLE_JONAGOLD,PLUS,NL-GE,2026-10-01,2026-10-31,Monthly,,KG,2.574,2.574,3150.718994140625,xgboost_baseline
APPLE_JONAGOLD,PLUS,NL-GE,2026-11-01,2026-11-30,Monthly,,KG,2.574,2.574,3247.72509765625,xgboost_baseline
APPLE_JONAGOLD,PLUS,NL-GE,2026-12-01,2026-12-31,Monthly,,KG,2.574,2.574,3019.622314453125,xgboost_baseline
APPLE_JONAGOLD,PLUS,NL-GE,2027-01-01,2027-01-31,Monthly,,KG,2.574,2.574,3083.0947265625,xgboost_baseline
APPLE_JONAGOLD,PLUS,NL-NB,2026-02-01,2026-02-28,Monthly,,KG,2.628,2.628,2871.900390625,xgboost_baseline
APPLE_JONAGOLD,PLUS,NL-NB,2026-03-01,2026-03-31,Monthly,,KG,2.628,2.628,2799.762939453125,xgboost_baseline
APPLE_JONAGOLD,PLUS,NL-NB,2026-04-01,2026-04-30,Monthly,,KG,2.628,2.628,2782.80224609375,xgboost_baseline
APPLE_JONAGOLD,PLUS,NL-NB,2026-05-01,2026-05-31,Monthly,,KG,2.628,2.628,2776.4091796875,xgboost_baseline
APPLE_JONAGOLD,PLUS,NL-NB,2026-06-01,2026-06-30,Monthly,,KG,2.628,2.628,2669.28369140625,xgboost_baseline
APPLE_JONAGOLD,PLUS,NL-NB,2026-07-01,2026-07-31,Monthly,,KG,2.628,2.628,2656.2744140625,xgboost_baseline
APPLE_JONAGOLD,PLUS,NL-NB,2026-08-01,2026-08-31,Monthly,,KG,2.628,2.628,2959.85009765625,xgboost_baseline
APPLE_JONAGOLD,PLUS,NL-NB,2026-09-01,2026-09-30,Monthly,,KG,2.628,2.628,3136.982177734375,xgboost_baseline
APPLE_JONAGOLD,PLUS,NL-NB,2026-10-01,2026-10-31,Monthly,,KG,2.628,2.628,3136.7216796875,xgboost_baseline
APPLE_JONAGOLD,PLUS,NL-NB,2026-11-01,2026-11-30,Monthly,,KG,2.628,2.628,3249.525146484375,xgboost_baseline
APPLE_JONAGOLD,PLUS,NL-NB,2026-12-01,2026-12-31,Monthly,,KG,2.628,2.628,3014.96484375,xgboost_baseline
APPLE_JONAGOLD,PLUS,NL-NB,2027-01-01,2027-01-31,Monthly,,KG,2.628,2.628,3085.16357421875,xgboost_baseline
APPLE_JONAGOLD,PLUS,NL-NH,2026-02-01,2026-02-28,Monthly,,KG,2.755,2.755,2938.179931640625,xgboost_baseline
APPLE_JONAGOLD,PLUS,NL-NH,2026-03-01,2026-03-31,Monthly,,KG,2.755,2.755,2789.642578125,xgboost_baseline
APPLE_JONAGOLD,PLUS,NL-NH,2026-04-01,2026-04-30,Monthly,,KG,2.755,2.755,2626.8759765625,xgboost_baseline
APPLE_JONAGOLD,PLUS,NL-NH,2026-05-01,2026-05-31,Monthly,,KG,2.755,2.755,2735.31298828125,xgboost_baseline
APPLE_JONAGOLD,PLUS,NL-NH,2026-06-01,2026-06-30,Monthly,,KG,2.755,2.755,2750.21337890625,xgboost_baseline
APPLE_JONAGOLD,PLUS,NL-NH,2026-07-01,2026-07-31,Monthly,,KG,2.755,2.755,2734.2431640625,xgboost_baseline
APPLE_JONAGOLD,PLUS,NL-NH,2026-08-01,2026-08-31,Monthly,,KG,2.755,2.755,2974.53173828125,xgboost_baseline
APPLE_JONAGOLD,PLUS,NL-NH,2026-09-01,2026-09-30,Monthly,,KG,2.755,2.755,3121.505126953125,xgboost_baseline
APPLE_JONAGOLD,PLUS,NL-NH,2026-10-01,2026-10-31,Monthly,,KG,2.755,2.755,3144.917236328125,xgboost_baseline
APPLE_JONAGOLD,PLUS,NL-NH,2026-11-01,2026-11-30,Monthly,,KG,2.755,2.755,3074.965576171875,xgboost_baseline
APPLE_JONAGOLD,PLUS,NL-NH,2026-12-01,2026-12-31,Monthly,,KG,2.755,2.755,3041.840576171875,xgboost_baseline
APPLE_JONAGOLD,PLUS,NL-NH,2027-01-01,2027-01-31,Monthly,,KG,2.755,2.755,3023.814208984375,xgboost_baseline
APPLE_JONAGOLD,PLUS,NL-ZH,2026-02-01,2026-02-28,Monthly,,KG,2.864,2.864,2729.26220703125,xgboost_baseline
APPLE_JONAGOLD,PLUS,NL-ZH,2026-03-01,2026-03-31,Monthly,,KG,2.864,2.864,2630.382080078125,xgboost_baseline
APPLE_JONAGOLD,PLUS,NL-ZH,2026-04-01,2026-04-30,Monthly,,KG,2.864,2.864,2664.43701171875,xgboost_baseline
APPLE_JONAGOLD,PLUS,NL-ZH,2026-05-01,2026-05-31,Monthly,,KG,2.864,2.864,2771.88037109375,xgboost_baseline
APPLE_JONAGOLD,PLUS,NL-ZH,2026-06-01,2026-06-30,Monthly,,KG,2.864,2.864,2754.41845703125,xgboost_baseline
APPLE_JONAGOLD,PLUS,NL-ZH,2026-07-01,2026-07-31,Monthly,,KG,2.864,2.864,2741.86572265625,xgboost_baseline
APPLE_JONAGOLD,PLUS,NL-ZH,2026-08-01,2026-08-31,Monthly,,KG,2.864,2.864,3009.677978515625,xgboost_baseline
APPLE_JONAGOLD,PLUS,NL-ZH,2026-09-01,2026-09-30,Monthly,,KG,2.864,2.864,3168.7314453125,xgboost_baseline
APPLE_JONAGOLD,PLUS,NL-ZH,2026-10-01,2026-10-31,Monthly,,KG,2.864,2.864,3173.4072265625,xgboost_baseline
APPLE_JONAGOLD,PLUS,NL-ZH,2026-11-01,2026-11-30,Monthly,,KG,2.864,2.864,3053.33251953125,xgboost_baseline
APPLE_JONAGOLD,PLUS,NL-ZH,2026-12-01,2026-12-31,Monthly,,KG,2.864,2.864,3050.745361328125,xgboost_baseline
APPLE_JONAGOLD,PLUS,NL-ZH,2027-01-01,2027-01-31,Monthly,,KG,2.864,2.864,3020.260498046875,xgboost_baseline
APPLE_JONAGOLD,SLIGRO,NL-GE,2026-02-01,2026-02-28,Monthly,,KG,2.578,2.578,2618.062744140625,xgboost_baseline
APPLE_JONAGOLD,SLIGRO,NL-GE,2026-03-01,2026-03-31,Monthly,,KG,2.578,2.578,2579.624755859375,xgboost_baseline
APPLE_JONAGOLD,SLIGRO,NL-GE,2026-04-01,2026-04-30,Monthly,,KG,2.578,2.578,2577.475830078125,xgboost_baseline
APPLE_JONAGOLD,SLIGRO,NL-GE,2026-05-01,2026-05-31,Monthly,,KG,2.578,2.578,2606.0703125,xgboost_baseline
APPLE_JONAGOLD,SLIGRO,NL-GE,2026-06-01,2026-06-30,Monthly,,KG,2.578,2.578,2606.168701171875,xgboost_baseline
APPLE_JONAGOLD,SLIGRO,NL-GE,2026-07-01,2026-07-31,Monthly,,KG,2.578,2.578,2606.18505859375,xgboost_baseline
APPLE_JONAGOLD,SLIGRO,NL-GE,2026-08-01,2026-08-31,Monthly,,KG,2.578,2.578,2608.8544921875,xgboost_baseline
APPLE_JONAGOLD,SLIGRO,NL-GE,2026-09-01,2026-09-30,Monthly,,KG,2.578,2.578,2609.028564453125,xgboost_baseline
APPLE_JONAGOLD,SLIGRO,NL-GE,2026-10-01,2026-10-31,Monthly,,KG,2.578,2.578,2608.856201171875,xgboost_baseline
APPLE_JONAGOLD,SLIGRO,NL-GE,2026-11-01,2026-11-30,Monthly,,KG,2.578,2.578,2608.856201171875,xgboost_baseline
APPLE_JONAGOLD,SLIGRO,NL-GE,2026-12-01,2026-12-31,Monthly,,KG,2.578,2.578,2608.856201171875,xgboost_baseline
APPLE_JONAGOLD,SLIGRO,NL-GE,2027-01-01,2027-01-31,Monthly,,KG,2.578,2.578,2605.136962890625,xgboost_baseline
APPLE_JONAGOLD,SLIGRO,NL-NB,2026-02-01,2026-02-28,Monthly,,KG,2.715,2.715,2755.194580078125,xgboost_baseline
APPLE_JONAGOLD,SLIGRO,NL-NB,2026-03-01,2026-03-31,Monthly,,KG,2.715,2.715,2725.499267578125,xgboost_baseline
APPLE_JONAGOLD,SLIGRO,NL-NB,2026-04-01,2026-04-30,Monthly,,KG,2.715,2.715,2724.702392578125,xgboost_baseline
APPLE_JONAGOLD,SLIGRO,NL-NB,2026-05-01,2026-05-31,Monthly,,KG,2.715,2.715,2777.65185546875,xgboost_baseline
APPLE_JONAGOLD,SLIGRO,NL-NB,2026-06-01,2026-06-30,Monthly,,KG,2.715,2.715,2771.552001953125,xgboost_baseline
APPLE_JONAGOLD,SLIGRO,NL-NB,2026-07-01,2026-07-31,Monthly,,KG,2.715,2.715,2771.5634765625,xgboost_baseline
APPLE_JONAGOLD,SLIGRO,NL-NB,2026-08-01,2026-08-31,Monthly,,KG,2.715,2.715,2775.99755859375,xgboost_baseline
APPLE_JONAGOLD,SLIGRO,NL-NB,2026-09-01,2026-09-30,Monthly,,KG,2.715,2.715,2778.180419921875,xgboost_baseline
APPLE_JONAGOLD,SLIGRO,NL-NB,2026-10-01,2026-10-31,Monthly,,KG,2.715,2.715,2778.35693359375,xgboost_baseline
APPLE_JONAGOLD,SLIGRO,NL-NB,2026-11-01,2026-11-30,Monthly,,KG,2.715,2.715,2778.076904296875,xgboost_baseline
APPLE_JONAGOLD,SLIGRO,NL-NB,2026-12-01,2026-12-31,Monthly,,KG,2.715,2.715,2778.076904296875,xgboost_baseline
APPLE_JONAGOLD,SLIGRO,NL-NB,2027-01-01,2027-01-31,Monthly,,KG,2.715,2.715,2770.152587890625,xgboost_baseline
APPLE_JONAGOLD,SLIGRO,NL-NH,2026-02-01,2026-02-28,Monthly,,KG,2.748,2.748,2755.194580078125,xgboost_baseline
APPLE_JONAGOLD,SLIGRO,NL-NH,2026-03-01,2026-03-31,Monthly,,KG,2.748,2.748,2724.64111328125,xgboost_baseline
APPLE_JONAGOLD,SLIGRO,NL-NH,2026-04-01,2026-04-30,Monthly,,KG,2.748,2.748,2723.844482421875,xgboost_baseline
APPLE_JONAGOLD,SLIGRO,NL-NH,2026-05-01,2026-05-31,Monthly,,KG,2.748,2.748,2777.65185546875,xgboost_baseline
APPLE_JONAGOLD,SLIGRO,NL-NH,2026-06-01,2026-06-30,Monthly,,KG,2.748,2.748,2771.474609375,xgboost_baseline
APPLE_JONAGOLD,SLIGRO,NL-NH,2026-07-01,2026-07-31,Monthly,,KG,2.748,2.748,2771.552001953125,xgboost_baseline
APPLE_JONAGOLD,SLIGRO,NL-NH,2026-08-01,2026-08-31,Monthly,,KG,2.748,2.748,2775.99755859375,xgboost_baseline
APPLE_JONAGOLD,SLIGRO,NL-NH,2026-09-01,2026-09-30,Monthly,,KG,2.748,2.748,2775.998779296875,xgboost_baseline
APPLE_JONAGOLD,SLIGRO,NL-NH,2026-10-01,2026-10-31,Monthly,,KG,2.748,2.748,2778.180419921875,xgboost_baseline
APPLE_JONAGOLD,SLIGRO,NL-NH,2026-11-01,2026-11-30,Monthly,,KG,2.748,2.748,2778.076904296875,xgboost_baseline
APPLE_JONAGOLD,SLIGRO,NL-NH,2026-12-01,2026-12-31,Monthly,,KG,2.748,2.748,2778.076904296875,xgboost_baseline
APPLE_JONAGOLD,SLIGRO,NL-NH,2027-01-01,2027-01-31,Monthly,,KG,2.748,2.748,2770.152587890625,xgboost_baseline
APPLE_JONAGOLD,SLIGRO,NL-ZH,2026-02-01,2026-02-28,Monthly,,KG,2.882,2.882,2771.081298828125,xgboost_baseline
APPLE_JONAGOLD,SLIGRO,NL-ZH,2026-03-01,2026-03-31,Monthly,,KG,2.882,2.882,2783.501708984375,xgboost_baseline
APPLE_JONAGOLD,SLIGRO,NL-ZH,2026-04-01,2026-04-30,Monthly,,KG,2.882,2.882,2724.004150390625,xgboost_baseline
APPLE_JONAGOLD,SLIGRO,NL-ZH,2026-05-01,2026-05-31,Monthly,,KG,2.882,2.882,2777.652099609375,xgboost_baseline
APPLE_JONAGOLD,SLIGRO,NL-ZH,2026-06-01,2026-06-30,Monthly,,KG,2.882,2.882,2777.725830078125,xgboost_baseline
APPLE_JONAGOLD,SLIGRO,NL-ZH,2026-07-01,2026-07-31,Monthly,,KG,2.882,2.882,2771.5634765625,xgboost_baseline
APPLE_JONAGOLD,SLIGRO,NL-ZH,2026-08-01,2026-08-31,Monthly,,KG,2.882,2.882,2777.89990234375,xgboost_baseline
APPLE_JONAGOLD,SLIGRO,NL-ZH,2026-09-01,2026-09-30,Monthly,,KG,2.882,2.882,2778.076904296875,xgboost_baseline
APPLE_JONAGOLD,SLIGRO,NL-ZH,2026-10-01,2026-10-31,Monthly,,KG,2.882,2.882,2778.35693359375,xgboost_baseline
APPLE_JONAGOLD,SLIGRO,NL-ZH,2026-11-01,2026-11-30,Monthly,,KG,2.882,2.882,2778.076904296875,xgboost_baseline
APPLE_JONAGOLD,SLIGRO,NL-ZH,2026-12-01,2026-12-31,Monthly,,KG,2.882,2.882,2778.053466796875,xgboost_baseline
APPLE_JONAGOLD,SLIGRO,NL-ZH,2027-01-01,2027-01-31,Monthly,,KG,2.882,2.882,2770.152587890625,xgboost_baseline
Blueberry_AtlasBlue,AH,NL-GE,2026-02-01,2026-02-28,Monthly,,KG,2.706,2.706,2820.0283203125,xgboost_baseline
Blueberry_AtlasBlue,AH,NL-GE,2026-03-01,2026-03-31,Monthly,,KG,2.706,2.706,3059.740234375,xgboost_baseline
Blueberry_AtlasBlue,AH,NL-GE,2026-04-01,2026-04-30,Monthly,,KG,2.706,2.706,2913.947509765625,xgboost_baseline
Blueberry_AtlasBlue,AH,NL-GE,2026-05-01,2026-05-31,Monthly,,KG,2.706,2.706,2877.9970703125,xgboost_baseline
Blueberry_AtlasBlue,AH,NL-GE,2026-06-01,2026-06-30,Monthly,,KG,2.706,2.706,2814.389404296875,xgboost_baseline
Blueberry_AtlasBlue,AH,NL-GE,2026-07-01,2026-07-31,Monthly,,KG,2.706,2.706,3027.029296875,xgboost_baseline
Blueberry_AtlasBlue,AH,NL-GE,2026-08-01,2026-08-31,Monthly,,KG,2.706,2.706,3195.277587890625,xgboost_baseline
Blueberry_AtlasBlue,AH,NL-GE,2026-09-01,2026-09-30,Monthly,,KG,2.706,2.706,3066.72314453125,xgboost_baseline
Blueberry_AtlasBlue,AH,NL-GE,2026-10-01,2026-10-31,Monthly,,KG,2.706,2.706,3004.992919921875,xgboost_baseline
Blueberry_AtlasBlue,AH,NL-GE,2026-11-01,2026-11-30,Monthly,,KG,2.706,2.706,3088.40966796875,xgboost_baseline
Blueberry_AtlasBlue,AH,NL-GE,2026-12-01,2026-12-31,Monthly,,KG,2.706,2.706,3040.837158203125,xgboost_baseline
Blueberry_AtlasBlue,AH,NL-GE,2027-01-01,2027-01-31,Monthly,,KG,2.706,2.706,2973.591796875,xgboost_baseline
Blueberry_AtlasBlue,AH,NL-NB,2026-02-01,2026-02-28,Monthly,,KG,2.786,2.786,2795.29833984375,xgboost_baseline
Blueberry_AtlasBlue,AH,NL-NB,2026-03-01,2026-03-31,Monthly,,KG,2.786,2.786,2775.2412109375,xgboost_baseline
Blueberry_AtlasBlue,AH,NL-NB,2026-04-01,2026-04-30,Monthly,,KG,2.786,2.786,2863.466796875,xgboost_baseline
Blueberry_AtlasBlue,AH,NL-NB,2026-05-01,2026-05-31,Monthly,,KG,2.786,2.786,2786.8876953125,xgboost_baseline
Blueberry_AtlasBlue,AH,NL-NB,2026-06-01,2026-06-30,Monthly,,KG,2.786,2.786,2886.470947265625,xgboost_baseline
Blueberry_AtlasBlue,AH,NL-NB,2026-07-01,2026-07-31,Monthly,,KG,2.786,2.786,2956.885498046875,xgboost_baseline
Blueberry_AtlasBlue,AH,NL-NB,2026-08-01,2026-08-31,Monthly,,KG,2.786,2.786,3057.661865234375,xgboost_baseline
Blueberry_AtlasBlue,AH,NL-NB,2026-09-01,2026-09-30,Monthly,,KG,2.786,2.786,3063.5654296875,xgboost_baseline
Blueberry_AtlasBlue,AH,NL-NB,2026-10-01,2026-10-31,Monthly,,KG,2.786,2.786,3023.91015625,xgboost_baseline
Blueberry_AtlasBlue,AH,NL-NB,2026-11-01,2026-11-30,Monthly,,KG,2.786,2.786,3044.005126953125,xgboost_baseline
Blueberry_AtlasBlue,AH,NL-NB,2026-12-01,2026-12-31,Monthly,,KG,2.786,2.786,3003.22509765625,xgboost_baseline
Blueberry_AtlasBlue,AH,NL-NB,2027-01-01,2027-01-31,Monthly,,KG,2.786,2.786,2991.441650390625,xgboost_baseline
Blueberry_AtlasBlue,AH,NL-NH,2026-02-01,2026-02-28,Monthly,,KG,2.845,2.845,2918.157958984375,xgboost_baseline
Blueberry_AtlasBlue,AH,NL-NH,2026-03-01,2026-03-31,Monthly,,KG,2.845,2.845,2819.63671875,xgboost_baseline
Blueberry_AtlasBlue,AH,NL-NH,2026-04-01,2026-04-30,Monthly,,KG,2.845,2.845,2808.5,xgboost_baseline
Blueberry_AtlasBlue,AH,NL-NH,2026-05-01,2026-05-31,Monthly,,KG,2.845,2.845,2804.808837890625,xgboost_baseline
Blueberry_AtlasBlue,AH,NL-NH,2026-06-01,2026-06-30,Monthly,,KG,2.845,2.845,2867.76904296875,xgboost_baseline
Blueberry_AtlasBlue,AH,NL-NH,2026-07-01,2026-07-31,Monthly,,KG,2.845,2.845,2920.263671875,xgboost_baseline
Blueberry_AtlasBlue,AH,NL-NH,2026-08-01,2026-08-31,Monthly,,KG,2.845,2.845,3025.134765625,xgboost_baseline
Blueberry_AtlasBlue,AH,NL-NH,2026-09-01,2026-09-30,Monthly,,KG,2.845,2.845,3065.0146484375,xgboost_baseline
Blueberry_AtlasBlue,AH,NL-NH,2026-10-01,2026-10-31,Monthly,,KG,2.845,2.845,3065.20263671875,xgboost_baseline
Blueberry_AtlasBlue,AH,NL-NH,2026-11-01,2026-11-30,Monthly,,KG,2.845,2.845,3046.847412109375,xgboost_baseline
Blueberry_AtlasBlue,AH,NL-NH,2026-12-01,2026-12-31,Monthly,,KG,2.845,2.845,3003.22509765625,xgboost_baseline
Blueberry_AtlasBlue,AH,NL-NH,2027-01-01,2027-01-31,Monthly,,KG,2.845,2.845,2989.06494140625,xgboost_baseline
Blueberry_AtlasBlue,AH,NL-ZH,2026-02-01,2026-02-28,Monthly,,KG,2.884,2.884,2742.53955078125,xgboost_baseline
Blueberry_AtlasBlue,AH,NL-ZH,2026-03-01,2026-03-31,Monthly,,KG,2.884,2.884,2620.052978515625,xgboost_baseline
Blueberry_AtlasBlue,AH,NL-ZH,2026-04-01,2026-04-30,Monthly,,KG,2.884,2.884,2661.255859375,xgboost_baseline
Blueberry_AtlasBlue,AH,NL-ZH,2026-05-01,2026-05-31,Monthly,,KG,2.884,2.884,2752.4775390625,xgboost_baseline
Blueberry_AtlasBlue,AH,NL-ZH,2026-06-01,2026-06-30,Monthly,,KG,2.884,2.884,2734.78271484375,xgboost_baseline
Blueberry_AtlasBlue,AH,NL-ZH,2026-07-01,2026-07-31,Monthly,,KG,2.884,2.884,2878.806396484375,xgboost_baseline
Blueberry_AtlasBlue,AH,NL-ZH,2026-08-01,2026-08-31,Monthly,,KG,2.884,2.884,3041.001953125,xgboost_baseline
Blueberry_AtlasBlue,AH,NL-ZH,2026-09-01,2026-09-30,Monthly,,KG,2.884,2.884,3124.486572265625,xgboost_baseline
Blueberry_AtlasBlue,AH,NL-ZH,2026-10-01,2026-10-31,Monthly,,KG,2.884,2.884,3191.445556640625,xgboost_baseline
Blueberry_AtlasBlue,AH,NL-ZH,2026-11-01,2026-11-30,Monthly,,KG,2.884,2.884,3054.15869140625,xgboost_baseline
Blueberry_AtlasBlue,AH,NL-ZH,2026-12-01,2026-12-31,Monthly,,KG,2.884,2.884,3043.763671875,xgboost_baseline
Blueberry_AtlasBlue,AH,NL-ZH,2027-01-01,2027-01-31,Monthly,,KG,2.884,2.884,2988.829833984375,xgboost_baseline
Blueberry_AtlasBlue,FLINK,NL-GE,2026-02-01,2026-02-28,Monthly,,KG,2.674,2.674,2638.8876953125,xgboost_baseline
Blueberry_AtlasBlue,FLINK,NL-GE,2026-03-01,2026-03-31,Monthly,,KG,2.674,2.674,2576.817626953125,xgboost_baseline
Blueberry_AtlasBlue,FLINK,NL-GE,2026-04-01,2026-04-30,Monthly,,KG,2.674,2.674,2576.705810546875,xgboost_baseline
Blueberry_AtlasBlue,FLINK,NL-GE,2026-05-01,2026-05-31,Monthly,,KG,2.674,2.674,2632.6533203125,xgboost_baseline
Blueberry_AtlasBlue,FLINK,NL-GE,2026-06-01,2026-06-30,Monthly,,KG,2.674,2.674,2632.6533203125,xgboost_baseline
Blueberry_AtlasBlue,FLINK,NL-GE,2026-07-01,2026-07-31,Monthly,,KG,2.674,2.674,2632.6533203125,xgboost_baseline
Blueberry_AtlasBlue,FLINK,NL-GE,2026-08-01,2026-08-31,Monthly,,KG,2.674,2.674,2628.525390625,xgboost_baseline
Blueberry_AtlasBlue,FLINK,NL-GE,2026-09-01,2026-09-30,Monthly,,KG,2.674,2.674,2628.525390625,xgboost_baseline
Blueberry_AtlasBlue,FLINK,NL-GE,2026-10-01,2026-10-31,Monthly,,KG,2.674,2.674,2628.525146484375,xgboost_baseline
Blueberry_AtlasBlue,FLINK,NL-GE,2026-11-01,2026-11-30,Monthly,,KG,2.674,2.674,2628.525146484375,xgboost_baseline
Blueberry_AtlasBlue,FLINK,NL-GE,2026-12-01,2026-12-31,Monthly,,KG,2.674,2.674,2628.525146484375,xgboost_baseline
Blueberry_AtlasBlue,FLINK,NL-GE,2027-01-01,2027-01-31,Monthly,,KG,2.674,2.674,2625.01611328125,xgboost_baseline
Blueberry_AtlasBlue,FLINK,NL-NB,2026-02-01,2026-02-28,Monthly,,KG,2.688,2.688,2755.194580078125,xgboost_baseline
Blueberry_AtlasBlue,FLINK,NL-NB,2026-03-01,2026-03-31,Monthly,,KG,2.688,2.688,2713.161865234375,xgboost_baseline
Blueberry_AtlasBlue,FLINK,NL-NB,2026-04-01,2026-04-30,Monthly,,KG,2.688,2.688,2713.058349609375,xgboost_baseline
Blueberry_AtlasBlue,FLINK,NL-NB,2026-05-01,2026-05-31,Monthly,,KG,2.688,2.688,2779.700439453125,xgboost_baseline
Blueberry_AtlasBlue,FLINK,NL-NB,2026-06-01,2026-06-30,Monthly,,KG,2.688,2.688,2773.523681640625,xgboost_baseline
Blueberry_AtlasBlue,FLINK,NL-NB,2026-07-01,2026-07-31,Monthly,,KG,2.688,2.688,2773.523681640625,xgboost_baseline
Blueberry_AtlasBlue,FLINK,NL-NB,2026-08-01,2026-08-31,Monthly,,KG,2.688,2.688,2775.99755859375,xgboost_baseline
Blueberry_AtlasBlue,FLINK,NL-NB,2026-09-01,2026-09-30,Monthly,,KG,2.688,2.688,2775.99755859375,xgboost_baseline
Blueberry_AtlasBlue,FLINK,NL-NB,2026-10-01,2026-10-31,Monthly,,KG,2.688,2.688,2775.998779296875,xgboost_baseline
Blueberry_AtlasBlue,FLINK,NL-NB,2026-11-01,2026-11-30,Monthly,,KG,2.688,2.688,2775.71875,xgboost_baseline
Blueberry_AtlasBlue,FLINK,NL-NB,2026-12-01,2026-12-31,Monthly,,KG,2.688,2.688,2775.71875,xgboost_baseline
Blueberry_AtlasBlue,FLINK,NL-NB,2027-01-01,2027-01-31,Monthly,,KG,2.688,2.688,2767.79443359375,xgboost_baseline
Blueberry_AtlasBlue,FLINK,NL-NH,2026-02-01,2026-02-28,Monthly,,KG,2.757,2.757,2771.08935546875,xgboost_baseline
Blueberry_AtlasBlue,FLINK,NL-NH,2026-03-01,2026-03-31,Monthly,,KG,2.757,2.757,2713.161865234375,xgboost_baseline
Blueberry_AtlasBlue,FLINK,NL-NH,2026-04-01,2026-04-30,Monthly,,KG,2.757,2.757,2713.058349609375,xgboost_baseline
Blueberry_AtlasBlue,FLINK,NL-NH,2026-05-01,2026-05-31,Monthly,,KG,2.757,2.757,2779.700439453125,xgboost_baseline
Blueberry_AtlasBlue,FLINK,NL-NH,2026-06-01,2026-06-30,Monthly,,KG,2.757,2.757,2773.523681640625,xgboost_baseline
Blueberry_AtlasBlue,FLINK,NL-NH,2026-07-01,2026-07-31,Monthly,,KG,2.757,2.757,2773.523681640625,xgboost_baseline
Blueberry_AtlasBlue,FLINK,NL-NH,2026-08-01,2026-08-31,Monthly,,KG,2.757,2.757,2775.717529296875,xgboost_baseline
Blueberry_AtlasBlue,FLINK,NL-NH,2026-09-01,2026-09-30,Monthly,,KG,2.757,2.757,2775.99755859375,xgboost_baseline
Blueberry_AtlasBlue,FLINK,NL-NH,2026-10-01,2026-10-31,Monthly,,KG,2.757,2.757,2775.998779296875,xgboost_baseline
Blueberry_AtlasBlue,FLINK,NL-NH,2026-11-01,2026-11-30,Monthly,,KG,2.757,2.757,2775.71875,xgboost_baseline
Blueberry_AtlasBlue,FLINK,NL-NH,2026-12-01,2026-12-31,Monthly,,KG,2.757,2.757,2775.71875,xgboost_baseline
Blueberry_AtlasBlue,FLINK,NL-NH,2027-01-01,2027-01-31,Monthly,,KG,2.757,2.757,2767.79443359375,xgboost_baseline
Blueberry_AtlasBlue,FLINK,NL-ZH,2026-02-01,2026-02-28,Monthly,,KG,2.922,2.922,2771.081298828125,xgboost_baseline
Blueberry_AtlasBlue,FLINK,NL-ZH,2026-03-01,2026-03-31,Monthly,,KG,2.922,2.922,2713.161865234375,xgboost_baseline
Blueberry_AtlasBlue,FLINK,NL-ZH,2026-04-01,2026-04-30,Monthly,,KG,2.922,2.922,2713.058349609375,xgboost_baseline
Blueberry_AtlasBlue,FLINK,NL-ZH,2026-05-01,2026-05-31,Monthly,,KG,2.922,2.922,2779.700439453125,xgboost_baseline
Blueberry_AtlasBlue,FLINK,NL-ZH,2026-06-01,2026-06-30,Monthly,,KG,2.922,2.922,2773.523681640625,xgboost_baseline
Blueberry_AtlasBlue,FLINK,NL-ZH,2026-07-01,2026-07-31,Monthly,,KG,2.922,2.922,2773.523681640625,xgboost_baseline
Blueberry_AtlasBlue,FLINK,NL-ZH,2026-08-01,2026-08-31,Monthly,,KG,2.922,2.922,2775.717529296875,xgboost_baseline
Blueberry_AtlasBlue,FLINK,NL-ZH,2026-09-01,2026-09-30,Monthly,,KG,2.922,2.922,2775.99755859375,xgboost_baseline
Blueberry_AtlasBlue,FLINK,NL-ZH,2026-10-01,2026-10-31,Monthly,,KG,2.922,2.922,2775.998779296875,xgboost_baseline
Blueberry_AtlasBlue,FLINK,NL-ZH,2026-11-01,2026-11-30,Monthly,,KG,2.922,2.922,2775.71875,xgboost_baseline
Blueberry_AtlasBlue,FLINK,NL-ZH,2026-12-01,2026-12-31,Monthly,,KG,2.922,2.922,2775.71875,xgboost_baseline
Blueberry_AtlasBlue,FLINK,NL-ZH,2027-01-01,2027-01-31,Monthly,,KG,2.922,2.922,2767.79443359375,xgboost_baseline
Blueberry_AtlasBlue,GREENACRES,NL-GE,2026-02-01,2026-02-28,Monthly,,KG,2.77,2.77,2771.081298828125,xgboost_baseline
Blueberry_AtlasBlue,GREENACRES,NL-GE,2026-03-01,2026-03-31,Monthly,,KG,2.77,2.77,2712.349609375,xgboost_baseline
Blueberry_AtlasBlue,GREENACRES,NL-GE,2026-04-01,2026-04-30,Monthly,,KG,2.77,2.77,2712.407470703125,xgboost_baseline
Blueberry_AtlasBlue,GREENACRES,NL-GE,2026-05-01,2026-05-31,Monthly,,KG,2.77,2.77,2779.700439453125,xgboost_baseline
Blueberry_AtlasBlue,GREENACRES,NL-GE,2026-06-01,2026-06-30,Monthly,,KG,2.77,2.77,2773.523681640625,xgboost_baseline
Blueberry_AtlasBlue,GREENACRES,NL-GE,2026-07-01,2026-07-31,Monthly,,KG,2.77,2.77,2771.474609375,xgboost_baseline
Blueberry_AtlasBlue,GREENACRES,NL-GE,2026-08-01,2026-08-31,Monthly,,KG,2.77,2.77,2775.717529296875,xgboost_baseline
Blueberry_AtlasBlue,GREENACRES,NL-GE,2026-09-01,2026-09-30,Monthly,,KG,2.77,2.77,2775.99755859375,xgboost_baseline
Blueberry_AtlasBlue,GREENACRES,NL-GE,2026-10-01,2026-10-31,Monthly,,KG,2.77,2.77,2775.998779296875,xgboost_baseline
Blueberry_AtlasBlue,GREENACRES,NL-GE,2026-11-01,2026-11-30,Monthly,,KG,2.77,2.77,2775.71875,xgboost_baseline
Blueberry_AtlasBlue,GREENACRES,NL-GE,2026-12-01,2026-12-31,Monthly,,KG,2.77,2.77,2777.89990234375,xgboost_baseline
Blueberry_AtlasBlue,GREENACRES,NL-GE,2027-01-01,2027-01-31,Monthly,,KG,2.77,2.77,2770.152587890625,xgboost_baseline
Blueberry_AtlasBlue,GREENACRES,NL-NB,2026-02-01,2026-02-28,Monthly,,KG,2.797,2.797,2771.081298828125,xgboost_baseline
Blueberry_AtlasBlue,GREENACRES,NL-NB,2026-03-01,2026-03-31,Monthly,,KG,2.797,2.797,2712.35009765625,xgboost_baseline
Blueberry_AtlasBlue,GREENACRES,NL-NB,2026-04-01,2026-04-30,Monthly,,KG,2.797,2.797,2711.11181640625,xgboost_baseline
Blueberry_AtlasBlue,GREENACRES,NL-NB,2026-05-01,2026-05-31,Monthly,,KG,2.797,2.797,2777.65185546875,xgboost_baseline
Blueberry_AtlasBlue,GREENACRES,NL-NB,2026-06-01,2026-06-30,Monthly,,KG,2.797,2.797,2771.474609375,xgboost_baseline
Blueberry_AtlasBlue,GREENACRES,NL-NB,2026-07-01,2026-07-31,Monthly,,KG,2.797,2.797,2771.474609375,xgboost_baseline
Blueberry_AtlasBlue,GREENACRES,NL-NB,2026-08-01,2026-08-31,Monthly,,KG,2.797,2.797,2775.717529296875,xgboost_baseline
Blueberry_AtlasBlue,GREENACRES,NL-NB,2026-09-01,2026-09-30,Monthly,,KG,2.797,2.797,2775.99755859375,xgboost_baseline
Blueberry_AtlasBlue,GREENACRES,NL-NB,2026-10-01,2026-10-31,Monthly,,KG,2.797,2.797,2775.998779296875,xgboost_baseline
Blueberry_AtlasBlue,GREENACRES,NL-NB,2026-11-01,2026-11-30,Monthly,,KG,2.797,2.797,2777.8994140625,xgboost_baseline
Blueberry_AtlasBlue,GREENACRES,NL-NB,2026-12-01,2026-12-31,Monthly,,KG,2.797,2.797,2777.89990234375,xgboost_baseline
Blueberry_AtlasBlue,GREENACRES,NL-NB,2027-01-01,2027-01-31,Monthly,,KG,2.797,2.797,2770.152587890625,xgboost_baseline
Blueberry_AtlasBlue,GREENACRES,NL-NH,2026-02-01,2026-02-28,Monthly,,KG,2.862,2.862,2772.97265625,xgboost_baseline
Blueberry_AtlasBlue,GREENACRES,NL-NH,2026-03-01,2026-03-31,Monthly,,KG,2.862,2.862,2712.3974609375,xgboost_baseline
Blueberry_AtlasBlue,GREENACRES,NL-NH,2026-04-01,2026-04-30,Monthly,,KG,2.862,2.862,2711.11181640625,xgboost_baseline
Blueberry_AtlasBlue,GREENACRES,NL-NH,2026-05-01,2026-05-31,Monthly,,KG,2.862,2.862,2777.65185546875,xgboost_baseline
Blueberry_AtlasBlue,GREENACRES,NL-NH,2026-06-01,2026-06-30,Monthly,,KG,2.862,2.862,2771.474609375,xgboost_baseline
Blueberry_AtlasBlue,GREENACRES,NL-NH,2026-07-01,2026-07-31,Monthly,,KG,2.862,2.862,2771.474609375,xgboost_baseline
Blueberry_AtlasBlue,GREENACRES,NL-NH,2026-08-01,2026-08-31,Monthly,,KG,2.862,2.862,2775.717529296875,xgboost_baseline
Blueberry_AtlasBlue,GREENACRES,NL-NH,2026-09-01,2026-09-30,Monthly,,KG,2.862,2.862,2775.99755859375,xgboost_baseline
Blueberry_AtlasBlue,GREENACRES,NL-NH,2026-10-01,2026-10-31,Monthly,,KG,2.862,2.862,2775.998779296875,xgboost_baseline
Blueberry_AtlasBlue,GREENACRES,NL-NH,2026-11-01,2026-11-30,Monthly,,KG,2.862,2.862,2777.8994140625,xgboost_baseline
Blueberry_AtlasBlue,GREENACRES,NL-NH,2026-12-01,2026-12-31,Monthly,,KG,2.862,2.862,2778.076904296875,xgboost_baseline
Blueberry_AtlasBlue,GREENACRES,NL-NH,2027-01-01,2027-01-31,Monthly,,KG,2.862,2.862,2770.152587890625,xgboost_baseline
Blueberry_AtlasBlue,GREENACRES,NL-ZH,2026-02-01,2026-02-28,Monthly,,KG,2.95,2.95,2771.081298828125,xgboost_baseline
Blueberry_AtlasBlue,GREENACRES,NL-ZH,2026-03-01,2026-03-31,Monthly,,KG,2.95,2.95,2724.765380859375,xgboost_baseline
Blueberry_AtlasBlue,GREENACRES,NL-ZH,2026-04-01,2026-04-30,Monthly,,KG,2.95,2.95,2724.44921875,xgboost_baseline
Blueberry_AtlasBlue,GREENACRES,NL-ZH,2026-05-01,2026-05-31,Monthly,,KG,2.95,2.95,2777.65185546875,xgboost_baseline
Blueberry_AtlasBlue,GREENACRES,NL-ZH,2026-06-01,2026-06-30,Monthly,,KG,2.95,2.95,2771.474609375,xgboost_baseline
Blueberry_AtlasBlue,GREENACRES,NL-ZH,2026-07-01,2026-07-31,Monthly,,KG,2.95,2.95,2771.474609375,xgboost_baseline
Blueberry_AtlasBlue,GREENACRES,NL-ZH,2026-08-01,2026-08-31,Monthly,,KG,2.95,2.95,2777.89990234375,xgboost_baseline
Blueberry_AtlasBlue,GREENACRES,NL-ZH,2026-09-01,2026-09-30,Monthly,,KG,2.95,2.95,2778.35693359375,xgboost_baseline
Blueberry_AtlasBlue,GREENACRES,NL-ZH,2026-10-01,2026-10-31,Monthly,,KG,2.95,2.95,2778.35693359375,xgboost_baseline
Blueberry_AtlasBlue,GREENACRES,NL-ZH,2026-11-01,2026-11-30,Monthly,,KG,2.95,2.95,2778.076904296875,xgboost_baseline
Blueberry_AtlasBlue,GREENACRES,NL-ZH,2026-12-01,2026-12-31,Monthly,,KG,2.95,2.95,2778.076904296875,xgboost_baseline
Blueberry_AtlasBlue,GREENACRES,NL-ZH,2027-01-01,2027-01-31,Monthly,,KG,2.95,2.95,2770.152587890625,xgboost_baseline
Blueberry_AtlasBlue,HELLOFRESH,NL-GE,2026-02-01,2026-02-28,Monthly,,KG,2.727,2.727,2772.614990234375,xgboost_baseline
Blueberry_AtlasBlue,HELLOFRESH,NL-GE,2026-03-01,2026-03-31,Monthly,,KG,2.727,2.727,2713.161865234375,xgboost_baseline
Blueberry_AtlasBlue,HELLOFRESH,NL-GE,2026-04-01,2026-04-30,Monthly,,KG,2.727,2.727,2713.058349609375,xgboost_baseline
Blueberry_AtlasBlue,HELLOFRESH,NL-GE,2026-05-01,2026-05-31,Monthly,,KG,2.727,2.727,2779.700439453125,xgboost_baseline
Blueberry_AtlasBlue,HELLOFRESH,NL-GE,2026-06-01,2026-06-30,Monthly,,KG,2.727,2.727,2773.523681640625,xgboost_baseline
Blueberry_AtlasBlue,HELLOFRESH,NL-GE,2026-07-01,2026-07-31,Monthly,,KG,2.727,2.727,2773.523681640625,xgboost_baseline
Blueberry_AtlasBlue,HELLOFRESH,NL-GE,2026-08-01,2026-08-31,Monthly,,KG,2.727,2.727,2775.717529296875,xgboost_baseline
Blueberry_AtlasBlue,HELLOFRESH,NL-GE,2026-09-01,2026-09-30,Monthly,,KG,2.727,2.727,2775.99755859375,xgboost_baseline
Blueberry_AtlasBlue,HELLOFRESH,NL-GE,2026-10-01,2026-10-31,Monthly,,KG,2.727,2.727,2775.998779296875,xgboost_baseline
Blueberry_AtlasBlue,HELLOFRESH,NL-GE,2026-11-01,2026-11-30,Monthly,,KG,2.727,2.727,2775.71875,xgboost_baseline
Blueberry_AtlasBlue,HELLOFRESH,NL-GE,2026-12-01,2026-12-31,Monthly,,KG,2.727,2.727,2775.71875,xgboost_baseline
Blueberry_AtlasBlue,HELLOFRESH,NL-GE,2027-01-01,2027-01-31,Monthly,,KG,2.727,2.727,2767.79443359375,xgboost_baseline
Blueberry_AtlasBlue,HELLOFRESH,NL-NB,2026-02-01,2026-02-28,Monthly,,KG,2.737,2.737,2755.194580078125,xgboost_baseline
Blueberry_AtlasBlue,HELLOFRESH,NL-NB,2026-03-01,2026-03-31,Monthly,,KG,2.737,2.737,2713.161865234375,xgboost_baseline
Blueberry_AtlasBlue,HELLOFRESH,NL-NB,2026-04-01,2026-04-30,Monthly,,KG,2.737,2.737,2713.058349609375,xgboost_baseline
Blueberry_AtlasBlue,HELLOFRESH,NL-NB,2026-05-01,2026-05-31,Monthly,,KG,2.737,2.737,2779.700439453125,xgboost_baseline
Blueberry_AtlasBlue,HELLOFRESH,NL-NB,2026-06-01,2026-06-30,Monthly,,KG,2.737,2.737,2773.523681640625,xgboost_baseline
Blueberry_AtlasBlue,HELLOFRESH,NL-NB,2026-07-01,2026-07-31,Monthly,,KG,2.737,2.737,2773.523681640625,xgboost_baseline
Blueberry_AtlasBlue,HELLOFRESH,NL-NB,2026-08-01,2026-08-31,Monthly,,KG,2.737,2.737,2775.99755859375,xgboost_baseline
Blueberry_AtlasBlue,HELLOFRESH,NL-NB,2026-09-01,2026-09-30,Monthly,,KG,2.737,2.737,2775.99755859375,xgboost_baseline
Blueberry_AtlasBlue,HELLOFRESH,NL-NB,2026-10-01,2026-10-31,Monthly,,KG,2.737,2.737,2775.998779296875,xgboost_baseline
Blueberry_AtlasBlue,HELLOFRESH,NL-NB,2026-11-01,2026-11-30,Monthly,,KG,2.737,2.737,2775.71875,xgboost_baseline
Blueberry_AtlasBlue,HELLOFRESH,NL-NB,2026-12-01,2026-12-31,Monthly,,KG,2.737,2.737,2775.71875,xgboost_baseline
Blueberry_AtlasBlue,HELLOFRESH,NL-NB,2027-01-01,2027-01-31,Monthly,,KG,2.737,2.737,2767.79443359375,xgboost_baseline
Blueberry_AtlasBlue,HELLOFRESH,NL-NH,2026-02-01,2026-02-28,Monthly,,KG,2.861,2.861,2755.194580078125,xgboost_baseline
Blueberry_AtlasBlue,HELLOFRESH,NL-NH,2026-03-01,2026-03-31,Monthly,,KG,2.861,2.861,2713.161865234375,xgboost_baseline
Blueberry_AtlasBlue,HELLOFRESH,NL-NH,2026-04-01,2026-04-30,Monthly,,KG,2.861,2.861,2713.058349609375,xgboost_baseline
Blueberry_AtlasBlue,HELLOFRESH,NL-NH,2026-05-01,2026-05-31,Monthly,,KG,2.861,2.861,2779.700439453125,xgboost_baseline
Blueberry_AtlasBlue,HELLOFRESH,NL-NH,2026-06-01,2026-06-30,Monthly,,KG,2.861,2.861,2773.523681640625,xgboost_baseline
Blueberry_AtlasBlue,HELLOFRESH,NL-NH,2026-07-01,2026-07-31,Monthly,,KG,2.861,2.861,2773.523681640625,xgboost_baseline
Blueberry_AtlasBlue,HELLOFRESH,NL-NH,2026-08-01,2026-08-31,Monthly,,KG,2.861,2.861,2775.99755859375,xgboost_baseline
Blueberry_AtlasBlue,HELLOFRESH,NL-NH,2026-09-01,2026-09-30,Monthly,,KG,2.861,2.861,2775.99755859375,xgboost_baseline
Blueberry_AtlasBlue,HELLOFRESH,NL-NH,2026-10-01,2026-10-31,Monthly,,KG,2.861,2.861,2775.998779296875,xgboost_baseline
Blueberry_AtlasBlue,HELLOFRESH,NL-NH,2026-11-01,2026-11-30,Monthly,,KG,2.861,2.861,2775.71875,xgboost_baseline
Blueberry_AtlasBlue,HELLOFRESH,NL-NH,2026-12-01,2026-12-31,Monthly,,KG,2.861,2.861,2775.71875,xgboost_baseline
Blueberry_AtlasBlue,HELLOFRESH,NL-NH,2027-01-01,2027-01-31,Monthly,,KG,2.861,2.861,2767.79443359375,xgboost_baseline
Blueberry_AtlasBlue,HELLOFRESH,NL-ZH,2026-02-01,2026-02-28,Monthly,,KG,3.002,3.002,2771.081298828125,xgboost_baseline
Blueberry_AtlasBlue,HELLOFRESH,NL-ZH,2026-03-01,2026-03-31,Monthly,,KG,3.002,3.002,2713.161865234375,xgboost_baseline
Blueberry_AtlasBlue,HELLOFRESH,NL-ZH,2026-04-01,2026-04-30,Monthly,,KG,3.002,3.002,2713.058349609375,xgboost_baseline
Blueberry_AtlasBlue,HELLOFRESH,NL-ZH,2026-05-01,2026-05-31,Monthly,,KG,3.002,3.002,2779.700439453125,xgboost_baseline
Blueberry_AtlasBlue,HELLOFRESH,NL-ZH,2026-06-01,2026-06-30,Monthly,,KG,3.002,3.002,2773.523681640625,xgboost_baseline
Blueberry_AtlasBlue,HELLOFRESH,NL-ZH,2026-07-01,2026-07-31,Monthly,,KG,3.002,3.002,2773.523681640625,xgboost_baseline
Blueberry_AtlasBlue,HELLOFRESH,NL-ZH,2026-08-01,2026-08-31,Monthly,,KG,3.002,3.002,2775.717529296875,xgboost_baseline
Blueberry_AtlasBlue,HELLOFRESH,NL-ZH,2026-09-01,2026-09-30,Monthly,,KG,3.002,3.002,2775.99755859375,xgboost_baseline
Blueberry_AtlasBlue,HELLOFRESH,NL-ZH,2026-10-01,2026-10-31,Monthly,,KG,3.002,3.002,2775.998779296875,xgboost_baseline
Blueberry_AtlasBlue,HELLOFRESH,NL-ZH,2026-11-01,2026-11-30,Monthly,,KG,3.002,3.002,2775.71875,xgboost_baseline
Blueberry_AtlasBlue,HELLOFRESH,NL-ZH,2026-12-01,2026-12-31,Monthly,,KG,3.002,3.002,2775.71875,xgboost_baseline
Blueberry_AtlasBlue,HELLOFRESH,NL-ZH,2027-01-01,2027-01-31,Monthly,,KG,3.002,3.002,2767.79443359375,xgboost_baseline
Blueberry_AtlasBlue,HOLLANDFOODSERVICE,NL-GE,2026-02-01,2026-02-28,Monthly,,KG,2.706,2.706,2755.194580078125,xgboost_baseline
Blueberry_AtlasBlue,HOLLANDFOODSERVICE,NL-GE,2026-03-01,2026-03-31,Monthly,,KG,2.706,2.706,2712.35009765625,xgboost_baseline
Blueberry_AtlasBlue,HOLLANDFOODSERVICE,NL-GE,2026-04-01,2026-04-30,Monthly,,KG,2.706,2.706,2711.11181640625,xgboost_baseline
Blueberry_AtlasBlue,HOLLANDFOODSERVICE,NL-GE,2026-05-01,2026-05-31,Monthly,,KG,2.706,2.706,2779.700439453125,xgboost_baseline
Blueberry_AtlasBlue,HOLLANDFOODSERVICE,NL-GE,2026-06-01,2026-06-30,Monthly,,KG,2.706,2.706,2771.474609375,xgboost_baseline
Blueberry_AtlasBlue,HOLLANDFOODSERVICE,NL-GE,2026-07-01,2026-07-31,Monthly,,KG,2.706,2.706,2771.473388671875,xgboost_baseline
Blueberry_AtlasBlue,HOLLANDFOODSERVICE,NL-GE,2026-08-01,2026-08-31,Monthly,,KG,2.706,2.706,2775.99755859375,xgboost_baseline
Blueberry_AtlasBlue,HOLLANDFOODSERVICE,NL-GE,2026-09-01,2026-09-30,Monthly,,KG,2.706,2.706,2775.99755859375,xgboost_baseline
Blueberry_AtlasBlue,HOLLANDFOODSERVICE,NL-GE,2026-10-01,2026-10-31,Monthly,,KG,2.706,2.706,2775.998779296875,xgboost_baseline
Blueberry_AtlasBlue,HOLLANDFOODSERVICE,NL-GE,2026-11-01,2026-11-30,Monthly,,KG,2.706,2.706,2775.71875,xgboost_baseline
Blueberry_AtlasBlue,HOLLANDFOODSERVICE,NL-GE,2026-12-01,2026-12-31,Monthly,,KG,2.706,2.706,2777.89990234375,xgboost_baseline
Blueberry_AtlasBlue,HOLLANDFOODSERVICE,NL-GE,2027-01-01,2027-01-31,Monthly,,KG,2.706,2.706,2770.152587890625,xgboost_baseline
Blueberry_AtlasBlue,HOLLANDFOODSERVICE,NL-NB,2026-02-01,2026-02-28,Monthly,,KG,2.755,2.755,2772.614990234375,xgboost_baseline
Blueberry_AtlasBlue,HOLLANDFOODSERVICE,NL-NB,2026-03-01,2026-03-31,Monthly,,KG,2.755,2.755,2725.3388671875,xgboost_baseline
Blueberry_AtlasBlue,HOLLANDFOODSERVICE,NL-NB,2026-04-01,2026-04-30,Monthly,,KG,2.755,2.755,2723.844482421875,xgboost_baseline
Blueberry_AtlasBlue,HOLLANDFOODSERVICE,NL-NB,2026-05-01,2026-05-31,Monthly,,KG,2.755,2.755,2777.65185546875,xgboost_baseline
Blueberry_AtlasBlue,HOLLANDFOODSERVICE,NL-NB,2026-06-01,2026-06-30,Monthly,,KG,2.755,2.755,2771.473388671875,xgboost_baseline
Blueberry_AtlasBlue,HOLLANDFOODSERVICE,NL-NB,2026-07-01,2026-07-31,Monthly,,KG,2.755,2.755,2771.474609375,xgboost_baseline
Blueberry_AtlasBlue,HOLLANDFOODSERVICE,NL-NB,2026-08-01,2026-08-31,Monthly,,KG,2.755,2.755,2775.718017578125,xgboost_baseline
Blueberry_AtlasBlue,HOLLANDFOODSERVICE,NL-NB,2026-09-01,2026-09-30,Monthly,,KG,2.755,2.755,2775.998046875,xgboost_baseline
Blueberry_AtlasBlue,HOLLANDFOODSERVICE,NL-NB,2026-10-01,2026-10-31,Monthly,,KG,2.755,2.755,2778.180419921875,xgboost_baseline
Blueberry_AtlasBlue,HOLLANDFOODSERVICE,NL-NB,2026-11-01,2026-11-30,Monthly,,KG,2.755,2.755,2777.89990234375,xgboost_baseline
Blueberry_AtlasBlue,HOLLANDFOODSERVICE,NL-NB,2026-12-01,2026-12-31,Monthly,,KG,2.755,2.755,2778.076904296875,xgboost_baseline
Blueberry_AtlasBlue,HOLLANDFOODSERVICE,NL-NB,2027-01-01,2027-01-31,Monthly,,KG,2.755,2.755,2770.152587890625,xgboost_baseline
Blueberry_AtlasBlue,HOLLANDFOODSERVICE,NL-NH,2026-02-01,2026-02-28,Monthly,,KG,2.851,2.851,2755.194580078125,xgboost_baseline
Blueberry_AtlasBlue,HOLLANDFOODSERVICE,NL-NH,2026-03-01,2026-03-31,Monthly,,KG,2.851,2.851,2725.338134765625,xgboost_baseline
Blueberry_AtlasBlue,HOLLANDFOODSERVICE,NL-NH,2026-04-01,2026-04-30,Monthly,,KG,2.851,2.851,2723.844482421875,xgboost_baseline
Blueberry_AtlasBlue,HOLLANDFOODSERVICE,NL-NH,2026-05-01,2026-05-31,Monthly,,KG,2.851,2.851,2777.65185546875,xgboost_baseline
Blueberry_AtlasBlue,HOLLANDFOODSERVICE,NL-NH,2026-06-01,2026-06-30,Monthly,,KG,2.851,2.851,2771.473388671875,xgboost_baseline
Blueberry_AtlasBlue,HOLLANDFOODSERVICE,NL-NH,2026-07-01,2026-07-31,Monthly,,KG,2.851,2.851,2771.474609375,xgboost_baseline
Blueberry_AtlasBlue,HOLLANDFOODSERVICE,NL-NH,2026-08-01,2026-08-31,Monthly,,KG,2.851,2.851,2775.99755859375,xgboost_baseline
Blueberry_AtlasBlue,HOLLANDFOODSERVICE,NL-NH,2026-09-01,2026-09-30,Monthly,,KG,2.851,2.851,2775.998779296875,xgboost_baseline
Blueberry_AtlasBlue,HOLLANDFOODSERVICE,NL-NH,2026-10-01,2026-10-31,Monthly,,KG,2.851,2.851,2778.179931640625,xgboost_baseline
Blueberry_AtlasBlue,HOLLANDFOODSERVICE,NL-NH,2026-11-01,2026-11-30,Monthly,,KG,2.851,2.851,2778.076904296875,xgboost_baseline
Blueberry_AtlasBlue,HOLLANDFOODSERVICE,NL-NH,2026-12-01,2026-12-31,Monthly,,KG,2.851,2.851,2778.076904296875,xgboost_baseline
Blueberry_AtlasBlue,HOLLANDFOODSERVICE,NL-NH,2027-01-01,2027-01-31,Monthly,,KG,2.851,2.851,2770.152587890625,xgboost_baseline
Blueberry_AtlasBlue,HOLLANDFOODSERVICE,NL-ZH,2026-02-01,2026-02-28,Monthly,,KG,2.883,2.883,2771.081298828125,xgboost_baseline
Blueberry_AtlasBlue,HOLLANDFOODSERVICE,NL-ZH,2026-03-01,2026-03-31,Monthly,,KG,2.883,2.883,2725.339111328125,xgboost_baseline
Blueberry_AtlasBlue,HOLLANDFOODSERVICE,NL-ZH,2026-04-01,2026-04-30,Monthly,,KG,2.883,2.883,2711.595703125,xgboost_baseline
Blueberry_AtlasBlue,HOLLANDFOODSERVICE,NL-ZH,2026-05-01,2026-05-31,Monthly,,KG,2.883,2.883,2777.65185546875,xgboost_baseline
Blueberry_AtlasBlue,HOLLANDFOODSERVICE,NL-ZH,2026-06-01,2026-06-30,Monthly,,KG,2.883,2.883,2771.473388671875,xgboost_baseline
Blueberry_AtlasBlue,HOLLANDFOODSERVICE,NL-ZH,2026-07-01,2026-07-31,Monthly,,KG,2.883,2.883,2771.473388671875,xgboost_baseline
Blueberry_AtlasBlue,HOLLANDFOODSERVICE,NL-ZH,2026-08-01,2026-08-31,Monthly,,KG,2.883,2.883,2777.898193359375,xgboost_baseline
Blueberry_AtlasBlue,HOLLANDFOODSERVICE,NL-ZH,2026-09-01,2026-09-30,Monthly,,KG,2.883,2.883,2778.1787109375,xgboost_baseline
Blueberry_AtlasBlue,HOLLANDFOODSERVICE,NL-ZH,2026-10-01,2026-10-31,Monthly,,KG,2.883,2.883,2778.180419921875,xgboost_baseline
Blueberry_AtlasBlue,HOLLANDFOODSERVICE,NL-ZH,2026-11-01,2026-11-30,Monthly,,KG,2.883,2.883,2778.076904296875,xgboost_baseline
Blueberry_AtlasBlue,HOLLANDFOODSERVICE,NL-ZH,2026-12-01,2026-12-31,Monthly,,KG,2.883,2.883,2778.076904296875,xgboost_baseline
Blueberry_AtlasBlue,HOLLANDFOODSERVICE,NL-ZH,2027-01-01,2027-01-31,Monthly,,KG,2.883,2.883,2770.152587890625,xgboost_baseline
Blueberry_AtlasBlue,JUMBO,NL-GE,2026-02-01,2026-02-28,Monthly,,KG,2.677,2.677,2769.845458984375,xgboost_baseline
Blueberry_AtlasBlue,JUMBO,NL-GE,2026-03-01,2026-03-31,Monthly,,KG,2.677,2.677,2797.29345703125,xgboost_baseline
Blueberry_AtlasBlue,JUMBO,NL-GE,2026-04-01,2026-04-30,Monthly,,KG,2.677,2.677,2912.596923828125,xgboost_baseline
Blueberry_AtlasBlue,JUMBO,NL-GE,2026-05-01,2026-05-31,Monthly,,KG,2.677,2.677,2802.552734375,xgboost_baseline
Blueberry_AtlasBlue,JUMBO,NL-GE,2026-06-01,2026-06-30,Monthly,,KG,2.677,2.677,2724.146728515625,xgboost_baseline
Blueberry_AtlasBlue,JUMBO,NL-GE,2026-07-01,2026-07-31,Monthly,,KG,2.677,2.677,2691.245361328125,xgboost_baseline
Blueberry_AtlasBlue,JUMBO,NL-GE,2026-08-01,2026-08-31,Monthly,,KG,2.677,2.677,3013.568115234375,xgboost_baseline
Blueberry_AtlasBlue,JUMBO,NL-GE,2026-09-01,2026-09-30,Monthly,,KG,2.677,2.677,3125.3828125,xgboost_baseline
Blueberry_AtlasBlue,JUMBO,NL-GE,2026-10-01,2026-10-31,Monthly,,KG,2.677,2.677,3092.185791015625,xgboost_baseline
Blueberry_AtlasBlue,JUMBO,NL-GE,2026-11-01,2026-11-30,Monthly,,KG,2.677,2.677,3059.05224609375,xgboost_baseline
Blueberry_AtlasBlue,JUMBO,NL-GE,2026-12-01,2026-12-31,Monthly,,KG,2.677,2.677,3056.390380859375,xgboost_baseline
Blueberry_AtlasBlue,JUMBO,NL-GE,2027-01-01,2027-01-31,Monthly,,KG,2.677,2.677,3024.286376953125,xgboost_baseline
Blueberry_AtlasBlue,JUMBO,NL-NB,2026-02-01,2026-02-28,Monthly,,KG,2.725,2.725,2708.89208984375,xgboost_baseline
Blueberry_AtlasBlue,JUMBO,NL-NB,2026-03-01,2026-03-31,Monthly,,KG,2.725,2.725,2721.669921875,xgboost_baseline
Blueberry_AtlasBlue,JUMBO,NL-NB,2026-04-01,2026-04-30,Monthly,,KG,2.725,2.725,2780.700927734375,xgboost_baseline
Blueberry_AtlasBlue,JUMBO,NL-NB,2026-05-01,2026-05-31,Monthly,,KG,2.725,2.725,2683.70654296875,xgboost_baseline
Blueberry_AtlasBlue,JUMBO,NL-NB,2026-06-01,2026-06-30,Monthly,,KG,2.725,2.725,2822.825439453125,xgboost_baseline
Blueberry_AtlasBlue,JUMBO,NL-NB,2026-07-01,2026-07-31,Monthly,,KG,2.725,2.725,2929.149658203125,xgboost_baseline
Blueberry_AtlasBlue,JUMBO,NL-NB,2026-08-01,2026-08-31,Monthly,,KG,2.725,2.725,3119.615478515625,xgboost_baseline
Blueberry_AtlasBlue,JUMBO,NL-NB,2026-09-01,2026-09-30,Monthly,,KG,2.725,2.725,3196.638427734375,xgboost_baseline
Blueberry_AtlasBlue,JUMBO,NL-NB,2026-10-01,2026-10-31,Monthly,,KG,2.725,2.725,3230.677001953125,xgboost_baseline
Blueberry_AtlasBlue,JUMBO,NL-NB,2026-11-01,2026-11-30,Monthly,,KG,2.725,2.725,3047.436279296875,xgboost_baseline
Blueberry_AtlasBlue,JUMBO,NL-NB,2026-12-01,2026-12-31,Monthly,,KG,2.725,2.725,3161.0322265625,xgboost_baseline
Blueberry_AtlasBlue,JUMBO,NL-NB,2027-01-01,2027-01-31,Monthly,,KG,2.725,2.725,2981.563720703125,xgboost_baseline
Blueberry_AtlasBlue,JUMBO,NL-NH,2026-02-01,2026-02-28,Monthly,,KG,2.803,2.803,2896.775146484375,xgboost_baseline
Blueberry_AtlasBlue,JUMBO,NL-NH,2026-03-01,2026-03-31,Monthly,,KG,2.803,2.803,2715.5810546875,xgboost_baseline
Blueberry_AtlasBlue,JUMBO,NL-NH,2026-04-01,2026-04-30,Monthly,,KG,2.803,2.803,2725.14306640625,xgboost_baseline
Blueberry_AtlasBlue,JUMBO,NL-NH,2026-05-01,2026-05-31,Monthly,,KG,2.803,2.803,2762.1357421875,xgboost_baseline
Blueberry_AtlasBlue,JUMBO,NL-NH,2026-06-01,2026-06-30,Monthly,,KG,2.803,2.803,2705.9951171875,xgboost_baseline
Blueberry_AtlasBlue,JUMBO,NL-NH,2026-07-01,2026-07-31,Monthly,,KG,2.803,2.803,2884.075439453125,xgboost_baseline
Blueberry_AtlasBlue,JUMBO,NL-NH,2026-08-01,2026-08-31,Monthly,,KG,2.803,2.803,3024.9912109375,xgboost_baseline
Blueberry_AtlasBlue,JUMBO,NL-NH,2026-09-01,2026-09-30,Monthly,,KG,2.803,2.803,3123.31298828125,xgboost_baseline
Blueberry_AtlasBlue,JUMBO,NL-NH,2026-10-01,2026-10-31,Monthly,,KG,2.803,2.803,3196.5947265625,xgboost_baseline
Blueberry_AtlasBlue,JUMBO,NL-NH,2026-11-01,2026-11-30,Monthly,,KG,2.803,2.803,3058.748046875,xgboost_baseline
Blueberry_AtlasBlue,JUMBO,NL-NH,2026-12-01,2026-12-31,Monthly,,KG,2.803,2.803,3043.763671875,xgboost_baseline
Blueberry_AtlasBlue,JUMBO,NL-NH,2027-01-01,2027-01-31,Monthly,,KG,2.803,2.803,2988.80419921875,xgboost_baseline
Blueberry_AtlasBlue,JUMBO,NL-ZH,2026-02-01,2026-02-28,Monthly,,KG,2.903,2.903,2733.42724609375,xgboost_baseline
Blueberry_AtlasBlue,JUMBO,NL-ZH,2026-03-01,2026-03-31,Monthly,,KG,2.903,2.903,2607.397705078125,xgboost_baseline
Blueberry_AtlasBlue,JUMBO,NL-ZH,2026-04-01,2026-04-30,Monthly,,KG,2.903,2.903,2697.416015625,xgboost_baseline
Blueberry_AtlasBlue,JUMBO,NL-ZH,2026-05-01,2026-05-31,Monthly,,KG,2.903,2.903,2749.68505859375,xgboost_baseline
Blueberry_AtlasBlue,JUMBO,NL-ZH,2026-06-01,2026-06-30,Monthly,,KG,2.903,2.903,2735.23388671875,xgboost_baseline
Blueberry_AtlasBlue,JUMBO,NL-ZH,2026-07-01,2026-07-31,Monthly,,KG,2.903,2.903,2941.56689453125,xgboost_baseline
Blueberry_AtlasBlue,JUMBO,NL-ZH,2026-08-01,2026-08-31,Monthly,,KG,2.903,2.903,3116.596923828125,xgboost_baseline
Blueberry_AtlasBlue,JUMBO,NL-ZH,2026-09-01,2026-09-30,Monthly,,KG,2.903,2.903,3143.518310546875,xgboost_baseline
Blueberry_AtlasBlue,JUMBO,NL-ZH,2026-10-01,2026-10-31,Monthly,,KG,2.903,2.903,3225.524169921875,xgboost_baseline
Blueberry_AtlasBlue,JUMBO,NL-ZH,2026-11-01,2026-11-30,Monthly,,KG,2.903,2.903,3045.06494140625,xgboost_baseline
Blueberry_AtlasBlue,JUMBO,NL-ZH,2026-12-01,2026-12-31,Monthly,,KG,2.903,2.903,3030.9990234375,xgboost_baseline
Blueberry_AtlasBlue,JUMBO,NL-ZH,2027-01-01,2027-01-31,Monthly,,KG,2.903,2.903,3059.51318359375,xgboost_baseline
Blueberry_AtlasBlue,MELEDI,NL-GE,2026-02-01,2026-02-28,Monthly,,KG,2.678,2.678,2648.078369140625,xgboost_baseline
Blueberry_AtlasBlue,MELEDI,NL-GE,2026-03-01,2026-03-31,Monthly,,KG,2.678,2.678,2605.335205078125,xgboost_baseline
Blueberry_AtlasBlue,MELEDI,NL-GE,2026-04-01,2026-04-30,Monthly,,KG,2.678,2.678,2598.1171875,xgboost_baseline
Blueberry_AtlasBlue,MELEDI,NL-GE,2026-05-01,2026-05-31,Monthly,,KG,2.678,2.678,2653.312744140625,xgboost_baseline
Blueberry_AtlasBlue,MELEDI,NL-GE,2026-06-01,2026-06-30,Monthly,,KG,2.678,2.678,2659.969482421875,xgboost_baseline
Blueberry_AtlasBlue,MELEDI,NL-GE,2026-07-01,2026-07-31,Monthly,,KG,2.678,2.678,2659.9677734375,xgboost_baseline
Blueberry_AtlasBlue,MELEDI,NL-GE,2026-08-01,2026-08-31,Monthly,,KG,2.678,2.678,2657.6630859375,xgboost_baseline
Blueberry_AtlasBlue,MELEDI,NL-GE,2026-09-01,2026-09-30,Monthly,,KG,2.678,2.678,2657.6650390625,xgboost_baseline
Blueberry_AtlasBlue,MELEDI,NL-GE,2026-10-01,2026-10-31,Monthly,,KG,2.678,2.678,2657.6650390625,xgboost_baseline
Blueberry_AtlasBlue,MELEDI,NL-GE,2026-11-01,2026-11-30,Monthly,,KG,2.678,2.678,2658.39697265625,xgboost_baseline
Blueberry_AtlasBlue,MELEDI,NL-GE,2026-12-01,2026-12-31,Monthly,,KG,2.678,2.678,2658.575927734375,xgboost_baseline
Blueberry_AtlasBlue,MELEDI,NL-GE,2027-01-01,2027-01-31,Monthly,,KG,2.678,2.678,2655.06640625,xgboost_baseline
Blueberry_AtlasBlue,MELEDI,NL-NB,2026-02-01,2026-02-28,Monthly,,KG,2.743,2.743,2755.194580078125,xgboost_baseline
Blueberry_AtlasBlue,MELEDI,NL-NB,2026-03-01,2026-03-31,Monthly,,KG,2.743,2.743,2712.3974609375,xgboost_baseline
Blueberry_AtlasBlue,MELEDI,NL-NB,2026-04-01,2026-04-30,Monthly,,KG,2.743,2.743,2711.11181640625,xgboost_baseline
Blueberry_AtlasBlue,MELEDI,NL-NB,2026-05-01,2026-05-31,Monthly,,KG,2.743,2.743,2777.65185546875,xgboost_baseline
Blueberry_AtlasBlue,MELEDI,NL-NB,2026-06-01,2026-06-30,Monthly,,KG,2.743,2.743,2771.474609375,xgboost_baseline
Blueberry_AtlasBlue,MELEDI,NL-NB,2026-07-01,2026-07-31,Monthly,,KG,2.743,2.743,2771.473388671875,xgboost_baseline
Blueberry_AtlasBlue,MELEDI,NL-NB,2026-08-01,2026-08-31,Monthly,,KG,2.743,2.743,2775.99755859375,xgboost_baseline
Blueberry_AtlasBlue,MELEDI,NL-NB,2026-09-01,2026-09-30,Monthly,,KG,2.743,2.743,2775.99755859375,xgboost_baseline
Blueberry_AtlasBlue,MELEDI,NL-NB,2026-10-01,2026-10-31,Monthly,,KG,2.743,2.743,2775.998779296875,xgboost_baseline
Blueberry_AtlasBlue,MELEDI,NL-NB,2026-11-01,2026-11-30,Monthly,,KG,2.743,2.743,2777.8994140625,xgboost_baseline
Blueberry_AtlasBlue,MELEDI,NL-NB,2026-12-01,2026-12-31,Monthly,,KG,2.743,2.743,2778.076904296875,xgboost_baseline
Blueberry_AtlasBlue,MELEDI,NL-NB,2027-01-01,2027-01-31,Monthly,,KG,2.743,2.743,2770.152587890625,xgboost_baseline
Blueberry_AtlasBlue,MELEDI,NL-NH,2026-02-01,2026-02-28,Monthly,,KG,2.847,2.847,2771.081298828125,xgboost_baseline
Blueberry_AtlasBlue,MELEDI,NL-NH,2026-03-01,2026-03-31,Monthly,,KG,2.847,2.847,2712.3974609375,xgboost_baseline
Blueberry_AtlasBlue,MELEDI,NL-NH,2026-04-01,2026-04-30,Monthly,,KG,2.847,2.847,2711.11181640625,xgboost_baseline
Blueberry_AtlasBlue,MELEDI,NL-NH,2026-05-01,2026-05-31,Monthly,,KG,2.847,2.847,2777.65185546875,xgboost_baseline
Blueberry_AtlasBlue,MELEDI,NL-NH,2026-06-01,2026-06-30,Monthly,,KG,2.847,2.847,2771.474609375,xgboost_baseline
Blueberry_AtlasBlue,MELEDI,NL-NH,2026-07-01,2026-07-31,Monthly,,KG,2.847,2.847,2771.474609375,xgboost_baseline
Blueberry_AtlasBlue,MELEDI,NL-NH,2026-08-01,2026-08-31,Monthly,,KG,2.847,2.847,2775.717529296875,xgboost_baseline
Blueberry_AtlasBlue,MELEDI,NL-NH,2026-09-01,2026-09-30,Monthly,,KG,2.847,2.847,2775.99755859375,xgboost_baseline
Blueberry_AtlasBlue,MELEDI,NL-NH,2026-10-01,2026-10-31,Monthly,,KG,2.847,2.847,2775.998779296875,xgboost_baseline
Blueberry_AtlasBlue,MELEDI,NL-NH,2026-11-01,2026-11-30,Monthly,,KG,2.847,2.847,2777.89990234375,xgboost_baseline
Blueberry_AtlasBlue,MELEDI,NL-NH,2026-12-01,2026-12-31,Monthly,,KG,2.847,2.847,2778.076904296875,xgboost_baseline
Blueberry_AtlasBlue,MELEDI,NL-NH,2027-01-01,2027-01-31,Monthly,,KG,2.847,2.847,2770.152587890625,xgboost_baseline
Blueberry_AtlasBlue,MELEDI,NL-ZH,2026-02-01,2026-02-28,Monthly,,KG,2.918,2.918,2755.194580078125,xgboost_baseline
Blueberry_AtlasBlue,MELEDI,NL-ZH,2026-03-01,2026-03-31,Monthly,,KG,2.918,2.918,2724.765380859375,xgboost_baseline
Blueberry_AtlasBlue,MELEDI,NL-ZH,2026-04-01,2026-04-30,Monthly,,KG,2.918,2.918,2724.44921875,xgboost_baseline
Blueberry_AtlasBlue,MELEDI,NL-ZH,2026-05-01,2026-05-31,Monthly,,KG,2.918,2.918,2777.650146484375,xgboost_baseline
Blueberry_AtlasBlue,MELEDI,NL-ZH,2026-06-01,2026-06-30,Monthly,,KG,2.918,2.918,2771.474609375,xgboost_baseline
Blueberry_AtlasBlue,MELEDI,NL-ZH,2026-07-01,2026-07-31,Monthly,,KG,2.918,2.918,2772.4404296875,xgboost_baseline
Blueberry_AtlasBlue,MELEDI,NL-ZH,2026-08-01,2026-08-31,Monthly,,KG,2.918,2.918,2778.35693359375,xgboost_baseline
Blueberry_AtlasBlue,MELEDI,NL-ZH,2026-09-01,2026-09-30,Monthly,,KG,2.918,2.918,2778.35693359375,xgboost_baseline
Blueberry_AtlasBlue,MELEDI,NL-ZH,2026-10-01,2026-10-31,Monthly,,KG,2.918,2.918,2778.35693359375,xgboost_baseline
Blueberry_AtlasBlue,MELEDI,NL-ZH,2026-11-01,2026-11-30,Monthly,,KG,2.918,2.918,2778.076904296875,xgboost_baseline
Blueberry_AtlasBlue,MELEDI,NL-ZH,2026-12-01,2026-12-31,Monthly,,KG,2.918,2.918,2778.076904296875,xgboost_baseline
Blueberry_AtlasBlue,MELEDI,NL-ZH,2027-01-01,2027-01-31,Monthly,,KG,2.918,2.918,2770.152587890625,xgboost_baseline
Blueberry_AtlasBlue,PICNIC,NL-GE,2026-02-01,2026-02-28,Monthly,,KG,2.651,2.651,2623.330322265625,xgboost_baseline
Blueberry_AtlasBlue,PICNIC,NL-GE,2026-03-01,2026-03-31,Monthly,,KG,2.651,2.651,2577.119140625,xgboost_baseline
Blueberry_AtlasBlue,PICNIC,NL-GE,2026-04-01,2026-04-30,Monthly,,KG,2.651,2.651,2577.0068359375,xgboost_baseline
Blueberry_AtlasBlue,PICNIC,NL-GE,2026-05-01,2026-05-31,Monthly,,KG,2.651,2.651,2633.000244140625,xgboost_baseline
Blueberry_AtlasBlue,PICNIC,NL-GE,2026-06-01,2026-06-30,Monthly,,KG,2.651,2.651,2633.000244140625,xgboost_baseline
Blueberry_AtlasBlue,PICNIC,NL-GE,2026-07-01,2026-07-31,Monthly,,KG,2.651,2.651,2633.000244140625,xgboost_baseline
Blueberry_AtlasBlue,PICNIC,NL-GE,2026-08-01,2026-08-31,Monthly,,KG,2.651,2.651,2628.871826171875,xgboost_baseline
Blueberry_AtlasBlue,PICNIC,NL-GE,2026-09-01,2026-09-30,Monthly,,KG,2.651,2.651,2628.871826171875,xgboost_baseline
Blueberry_AtlasBlue,PICNIC,NL-GE,2026-10-01,2026-10-31,Monthly,,KG,2.651,2.651,2628.87158203125,xgboost_baseline
Blueberry_AtlasBlue,PICNIC,NL-GE,2026-11-01,2026-11-30,Monthly,,KG,2.651,2.651,2628.87158203125,xgboost_baseline
Blueberry_AtlasBlue,PICNIC,NL-GE,2026-12-01,2026-12-31,Monthly,,KG,2.651,2.651,2628.87158203125,xgboost_baseline
Blueberry_AtlasBlue,PICNIC,NL-GE,2027-01-01,2027-01-31,Monthly,,KG,2.651,2.651,2625.362548828125,xgboost_baseline
Blueberry_AtlasBlue,PICNIC,NL-NB,2026-02-01,2026-02-28,Monthly,,KG,2.723,2.723,2772.614990234375,xgboost_baseline
Blueberry_AtlasBlue,PICNIC,NL-NB,2026-03-01,2026-03-31,Monthly,,KG,2.723,2.723,2713.161865234375,xgboost_baseline
Blueberry_AtlasBlue,PICNIC,NL-NB,2026-04-01,2026-04-30,Monthly,,KG,2.723,2.723,2713.058349609375,xgboost_baseline
Blueberry_AtlasBlue,PICNIC,NL-NB,2026-05-01,2026-05-31,Monthly,,KG,2.723,2.723,2779.700439453125,xgboost_baseline
Blueberry_AtlasBlue,PICNIC,NL-NB,2026-06-01,2026-06-30,Monthly,,KG,2.723,2.723,2773.523681640625,xgboost_baseline
Blueberry_AtlasBlue,PICNIC,NL-NB,2026-07-01,2026-07-31,Monthly,,KG,2.723,2.723,2773.523681640625,xgboost_baseline
Blueberry_AtlasBlue,PICNIC,NL-NB,2026-08-01,2026-08-31,Monthly,,KG,2.723,2.723,2775.717529296875,xgboost_baseline
Blueberry_AtlasBlue,PICNIC,NL-NB,2026-09-01,2026-09-30,Monthly,,KG,2.723,2.723,2775.99755859375,xgboost_baseline
Blueberry_AtlasBlue,PICNIC,NL-NB,2026-10-01,2026-10-31,Monthly,,KG,2.723,2.723,2775.998779296875,xgboost_baseline
Blueberry_AtlasBlue,PICNIC,NL-NB,2026-11-01,2026-11-30,Monthly,,KG,2.723,2.723,2775.71875,xgboost_baseline
Blueberry_AtlasBlue,PICNIC,NL-NB,2026-12-01,2026-12-31,Monthly,,KG,2.723,2.723,2775.71875,xgboost_baseline
Blueberry_AtlasBlue,PICNIC,NL-NB,2027-01-01,2027-01-31,Monthly,,KG,2.723,2.723,2767.79443359375,xgboost_baseline
Blueberry_AtlasBlue,PICNIC,NL-NH,2026-02-01,2026-02-28,Monthly,,KG,2.836,2.836,2771.081298828125,xgboost_baseline
Blueberry_AtlasBlue,PICNIC,NL-NH,2026-03-01,2026-03-31,Monthly,,KG,2.836,2.836,2713.161865234375,xgboost_baseline
Blueberry_AtlasBlue,PICNIC,NL-NH,2026-04-01,2026-04-30,Monthly,,KG,2.836,2.836,2713.058349609375,xgboost_baseline
Blueberry_AtlasBlue,PICNIC,NL-NH,2026-05-01,2026-05-31,Monthly,,KG,2.836,2.836,2779.700439453125,xgboost_baseline
Blueberry_AtlasBlue,PICNIC,NL-NH,2026-06-01,2026-06-30,Monthly,,KG,2.836,2.836,2773.523681640625,xgboost_baseline
Blueberry_AtlasBlue,PICNIC,NL-NH,2026-07-01,2026-07-31,Monthly,,KG,2.836,2.836,2773.523681640625,xgboost_baseline
Blueberry_AtlasBlue,PICNIC,NL-NH,2026-08-01,2026-08-31,Monthly,,KG,2.836,2.836,2775.717529296875,xgboost_baseline
Blueberry_AtlasBlue,PICNIC,NL-NH,2026-09-01,2026-09-30,Monthly,,KG,2.836,2.836,2775.99755859375,xgboost_baseline
Blueberry_AtlasBlue,PICNIC,NL-NH,2026-10-01,2026-10-31,Monthly,,KG,2.836,2.836,2775.998779296875,xgboost_baseline
Blueberry_AtlasBlue,PICNIC,NL-NH,2026-11-01,2026-11-30,Monthly,,KG,2.836,2.836,2775.71875,xgboost_baseline
Blueberry_AtlasBlue,PICNIC,NL-NH,2026-12-01,2026-12-31,Monthly,,KG,2.836,2.836,2775.71875,xgboost_baseline
Blueberry_AtlasBlue,PICNIC,NL-NH,2027-01-01,2027-01-31,Monthly,,KG,2.836,2.836,2767.79443359375,xgboost_baseline
Blueberry_AtlasBlue,PICNIC,NL-ZH,2026-02-01,2026-02-28,Monthly,,KG,2.96,2.96,2755.194580078125,xgboost_baseline
Blueberry_AtlasBlue,PICNIC,NL-ZH,2026-03-01,2026-03-31,Monthly,,KG,2.96,2.96,2713.161865234375,xgboost_baseline
Blueberry_AtlasBlue,PICNIC,NL-ZH,2026-04-01,2026-04-30,Monthly,,KG,2.96,2.96,2713.058349609375,xgboost_baseline
Blueberry_AtlasBlue,PICNIC,NL-ZH,2026-05-01,2026-05-31,Monthly,,KG,2.96,2.96,2779.700439453125,xgboost_baseline
Blueberry_AtlasBlue,PICNIC,NL-ZH,2026-06-01,2026-06-30,Monthly,,KG,2.96,2.96,2773.523681640625,xgboost_baseline
Blueberry_AtlasBlue,PICNIC,NL-ZH,2026-07-01,2026-07-31,Monthly,,KG,2.96,2.96,2773.523681640625,xgboost_baseline
Blueberry_AtlasBlue,PICNIC,NL-ZH,2026-08-01,2026-08-31,Monthly,,KG,2.96,2.96,2775.99755859375,xgboost_baseline
Blueberry_AtlasBlue,PICNIC,NL-ZH,2026-09-01,2026-09-30,Monthly,,KG,2.96,2.96,2775.99755859375,xgboost_baseline
Blueberry_AtlasBlue,PICNIC,NL-ZH,2026-10-01,2026-10-31,Monthly,,KG,2.96,2.96,2775.998779296875,xgboost_baseline
Blueberry_AtlasBlue,PICNIC,NL-ZH,2026-11-01,2026-11-30,Monthly,,KG,2.96,2.96,2775.71875,xgboost_baseline
Blueberry_AtlasBlue,PICNIC,NL-ZH,2026-12-01,2026-12-31,Monthly,,KG,2.96,2.96,2775.71875,xgboost_baseline
Blueberry_AtlasBlue,PICNIC,NL-ZH,2027-01-01,2027-01-31,Monthly,,KG,2.96,2.96,2769.9755859375,xgboost_baseline
Blueberry_AtlasBlue,PLUS,NL-GE,2026-02-01,2026-02-28,Monthly,,KG,2.676,2.676,2753.147216796875,xgboost_baseline
Blueberry_AtlasBlue,PLUS,NL-GE,2026-03-01,2026-03-31,Monthly,,KG,2.676,2.676,2884.840576171875,xgboost_baseline
Blueberry_AtlasBlue,PLUS,NL-GE,2026-04-01,2026-04-30,Monthly,,KG,2.676,2.676,2741.5947265625,xgboost_baseline
Blueberry_AtlasBlue,PLUS,NL-GE,2026-05-01,2026-05-31,Monthly,,KG,2.676,2.676,2669.375732421875,xgboost_baseline
Blueberry_AtlasBlue,PLUS,NL-GE,2026-06-01,2026-06-30,Monthly,,KG,2.676,2.676,2681.924560546875,xgboost_baseline
Blueberry_AtlasBlue,PLUS,NL-GE,2026-07-01,2026-07-31,Monthly,,KG,2.676,2.676,2931.86376953125,xgboost_baseline
Blueberry_AtlasBlue,PLUS,NL-GE,2026-08-01,2026-08-31,Monthly,,KG,2.676,2.676,3113.085205078125,xgboost_baseline
Blueberry_AtlasBlue,PLUS,NL-GE,2026-09-01,2026-09-30,Monthly,,KG,2.676,2.676,3096.964111328125,xgboost_baseline
Blueberry_AtlasBlue,PLUS,NL-GE,2026-10-01,2026-10-31,Monthly,,KG,2.676,2.676,3229.3291015625,xgboost_baseline
Blueberry_AtlasBlue,PLUS,NL-GE,2026-11-01,2026-11-30,Monthly,,KG,2.676,2.676,3047.705078125,xgboost_baseline
Blueberry_AtlasBlue,PLUS,NL-GE,2026-12-01,2026-12-31,Monthly,,KG,2.676,2.676,3031.390380859375,xgboost_baseline
Blueberry_AtlasBlue,PLUS,NL-GE,2027-01-01,2027-01-31,Monthly,,KG,2.676,2.676,3059.59619140625,xgboost_baseline
Blueberry_AtlasBlue,PLUS,NL-NB,2026-02-01,2026-02-28,Monthly,,KG,2.687,2.687,2918.19873046875,xgboost_baseline
Blueberry_AtlasBlue,PLUS,NL-NB,2026-03-01,2026-03-31,Monthly,,KG,2.687,2.687,2810.060546875,xgboost_baseline
Blueberry_AtlasBlue,PLUS,NL-NB,2026-04-01,2026-04-30,Monthly,,KG,2.687,2.687,2840.501953125,xgboost_baseline
Blueberry_AtlasBlue,PLUS,NL-NB,2026-05-01,2026-05-31,Monthly,,KG,2.687,2.687,2804.8076171875,xgboost_baseline
Blueberry_AtlasBlue,PLUS,NL-NB,2026-06-01,2026-06-30,Monthly,,KG,2.687,2.687,2758.3271484375,xgboost_baseline
Blueberry_AtlasBlue,PLUS,NL-NB,2026-07-01,2026-07-31,Monthly,,KG,2.687,2.687,2889.47509765625,xgboost_baseline
Blueberry_AtlasBlue,PLUS,NL-NB,2026-08-01,2026-08-31,Monthly,,KG,2.687,2.687,3024.99609375,xgboost_baseline
Blueberry_AtlasBlue,PLUS,NL-NB,2026-09-01,2026-09-30,Monthly,,KG,2.687,2.687,3173.799072265625,xgboost_baseline
Blueberry_AtlasBlue,PLUS,NL-NB,2026-10-01,2026-10-31,Monthly,,KG,2.687,2.687,3109.23291015625,xgboost_baseline
Blueberry_AtlasBlue,PLUS,NL-NB,2026-11-01,2026-11-30,Monthly,,KG,2.687,2.687,3046.64697265625,xgboost_baseline
Blueberry_AtlasBlue,PLUS,NL-NB,2026-12-01,2026-12-31,Monthly,,KG,2.687,2.687,3043.973388671875,xgboost_baseline
Blueberry_AtlasBlue,PLUS,NL-NB,2027-01-01,2027-01-31,Monthly,,KG,2.687,2.687,2988.897216796875,xgboost_baseline
Blueberry_AtlasBlue,PLUS,NL-NH,2026-02-01,2026-02-28,Monthly,,KG,2.86,2.86,2935.760009765625,xgboost_baseline
Blueberry_AtlasBlue,PLUS,NL-NH,2026-03-01,2026-03-31,Monthly,,KG,2.86,2.86,2819.77685546875,xgboost_baseline
Blueberry_AtlasBlue,PLUS,NL-NH,2026-04-01,2026-04-30,Monthly,,KG,2.86,2.86,2897.50146484375,xgboost_baseline
Blueberry_AtlasBlue,PLUS,NL-NH,2026-05-01,2026-05-31,Monthly,,KG,2.86,2.86,2804.760986328125,xgboost_baseline
Blueberry_AtlasBlue,PLUS,NL-NH,2026-06-01,2026-06-30,Monthly,,KG,2.86,2.86,2779.958251953125,xgboost_baseline
Blueberry_AtlasBlue,PLUS,NL-NH,2026-07-01,2026-07-31,Monthly,,KG,2.86,2.86,2893.79638671875,xgboost_baseline
Blueberry_AtlasBlue,PLUS,NL-NH,2026-08-01,2026-08-31,Monthly,,KG,2.86,2.86,3024.996337890625,xgboost_baseline
Blueberry_AtlasBlue,PLUS,NL-NH,2026-09-01,2026-09-30,Monthly,,KG,2.86,2.86,3193.398681640625,xgboost_baseline
Blueberry_AtlasBlue,PLUS,NL-NH,2026-10-01,2026-10-31,Monthly,,KG,2.86,2.86,3109.2587890625,xgboost_baseline
Blueberry_AtlasBlue,PLUS,NL-NH,2026-11-01,2026-11-30,Monthly,,KG,2.86,2.86,3046.647216796875,xgboost_baseline
Blueberry_AtlasBlue,PLUS,NL-NH,2026-12-01,2026-12-31,Monthly,,KG,2.86,2.86,3044.0146484375,xgboost_baseline
Blueberry_AtlasBlue,PLUS,NL-NH,2027-01-01,2027-01-31,Monthly,,KG,2.86,2.86,2988.897216796875,xgboost_baseline
Blueberry_AtlasBlue,PLUS,NL-ZH,2026-02-01,2026-02-28,Monthly,,KG,2.948,2.948,2773.4208984375,xgboost_baseline
Blueberry_AtlasBlue,PLUS,NL-ZH,2026-03-01,2026-03-31,Monthly,,KG,2.948,2.948,2631.942138671875,xgboost_baseline
Blueberry_AtlasBlue,PLUS,NL-ZH,2026-04-01,2026-04-30,Monthly,,KG,2.948,2.948,2645.07373046875,xgboost_baseline
Blueberry_AtlasBlue,PLUS,NL-ZH,2026-05-01,2026-05-31,Monthly,,KG,2.948,2.948,2702.47998046875,xgboost_baseline
Blueberry_AtlasBlue,PLUS,NL-ZH,2026-06-01,2026-06-30,Monthly,,KG,2.948,2.948,2692.89111328125,xgboost_baseline
Blueberry_AtlasBlue,PLUS,NL-ZH,2026-07-01,2026-07-31,Monthly,,KG,2.948,2.948,2878.700927734375,xgboost_baseline
Blueberry_AtlasBlue,PLUS,NL-ZH,2026-08-01,2026-08-31,Monthly,,KG,2.948,2.948,3116.643310546875,xgboost_baseline
Blueberry_AtlasBlue,PLUS,NL-ZH,2026-09-01,2026-09-30,Monthly,,KG,2.948,2.948,3143.517822265625,xgboost_baseline
Blueberry_AtlasBlue,PLUS,NL-ZH,2026-10-01,2026-10-31,Monthly,,KG,2.948,2.948,3224.165283203125,xgboost_baseline
Blueberry_AtlasBlue,PLUS,NL-ZH,2026-11-01,2026-11-30,Monthly,,KG,2.948,2.948,3045.0615234375,xgboost_baseline
Blueberry_AtlasBlue,PLUS,NL-ZH,2026-12-01,2026-12-31,Monthly,,KG,2.948,2.948,3043.250244140625,xgboost_baseline
Blueberry_AtlasBlue,PLUS,NL-ZH,2027-01-01,2027-01-31,Monthly,,KG,2.948,2.948,3059.487548828125,xgboost_baseline
Blueberry_AtlasBlue,SLIGRO,NL-GE,2026-02-01,2026-02-28,Monthly,,KG,2.687,2.687,2755.194580078125,xgboost_baseline
Blueberry_AtlasBlue,SLIGRO,NL-GE,2026-03-01,2026-03-31,Monthly,,KG,2.687,2.687,2712.3974609375,xgboost_baseline
Blueberry_AtlasBlue,SLIGRO,NL-GE,2026-04-01,2026-04-30,Monthly,,KG,2.687,2.687,2712.407470703125,xgboost_baseline
Blueberry_AtlasBlue,SLIGRO,NL-GE,2026-05-01,2026-05-31,Monthly,,KG,2.687,2.687,2779.700439453125,xgboost_baseline
Blueberry_AtlasBlue,SLIGRO,NL-GE,2026-06-01,2026-06-30,Monthly,,KG,2.687,2.687,2773.523681640625,xgboost_baseline
Blueberry_AtlasBlue,SLIGRO,NL-GE,2026-07-01,2026-07-31,Monthly,,KG,2.687,2.687,2771.474609375,xgboost_baseline
Blueberry_AtlasBlue,SLIGRO,NL-GE,2026-08-01,2026-08-31,Monthly,,KG,2.687,2.687,2775.99755859375,xgboost_baseline
Blueberry_AtlasBlue,SLIGRO,NL-GE,2026-09-01,2026-09-30,Monthly,,KG,2.687,2.687,2775.99755859375,xgboost_baseline
Blueberry_AtlasBlue,SLIGRO,NL-GE,2026-10-01,2026-10-31,Monthly,,KG,2.687,2.687,2775.998779296875,xgboost_baseline
Blueberry_AtlasBlue,SLIGRO,NL-GE,2026-11-01,2026-11-30,Monthly,,KG,2.687,2.687,2775.71875,xgboost_baseline
Blueberry_AtlasBlue,SLIGRO,NL-GE,2026-12-01,2026-12-31,Monthly,,KG,2.687,2.687,2777.89990234375,xgboost_baseline
Blueberry_AtlasBlue,SLIGRO,NL-GE,2027-01-01,2027-01-31,Monthly,,KG,2.687,2.687,2770.152587890625,xgboost_baseline
Blueberry_AtlasBlue,SLIGRO,NL-NB,2026-02-01,2026-02-28,Monthly,,KG,2.797,2.797,2755.194580078125,xgboost_baseline
Blueberry_AtlasBlue,SLIGRO,NL-NB,2026-03-01,2026-03-31,Monthly,,KG,2.797,2.797,2725.339111328125,xgboost_baseline
Blueberry_AtlasBlue,SLIGRO,NL-NB,2026-04-01,2026-04-30,Monthly,,KG,2.797,2.797,2723.844482421875,xgboost_baseline
Blueberry_AtlasBlue,SLIGRO,NL-NB,2026-05-01,2026-05-31,Monthly,,KG,2.797,2.797,2777.65185546875,xgboost_baseline
Blueberry_AtlasBlue,SLIGRO,NL-NB,2026-06-01,2026-06-30,Monthly,,KG,2.797,2.797,2771.473388671875,xgboost_baseline
Blueberry_AtlasBlue,SLIGRO,NL-NB,2026-07-01,2026-07-31,Monthly,,KG,2.797,2.797,2771.552001953125,xgboost_baseline
Blueberry_AtlasBlue,SLIGRO,NL-NB,2026-08-01,2026-08-31,Monthly,,KG,2.797,2.797,2775.99755859375,xgboost_baseline
Blueberry_AtlasBlue,SLIGRO,NL-NB,2026-09-01,2026-09-30,Monthly,,KG,2.797,2.797,2778.179931640625,xgboost_baseline
Blueberry_AtlasBlue,SLIGRO,NL-NB,2026-10-01,2026-10-31,Monthly,,KG,2.797,2.797,2778.180419921875,xgboost_baseline
Blueberry_AtlasBlue,SLIGRO,NL-NB,2026-11-01,2026-11-30,Monthly,,KG,2.797,2.797,2777.89990234375,xgboost_baseline
Blueberry_AtlasBlue,SLIGRO,NL-NB,2026-12-01,2026-12-31,Monthly,,KG,2.797,2.797,2778.076904296875,xgboost_baseline
Blueberry_AtlasBlue,SLIGRO,NL-NB,2027-01-01,2027-01-31,Monthly,,KG,2.797,2.797,2770.152587890625,xgboost_baseline
Blueberry_AtlasBlue,SLIGRO,NL-NH,2026-02-01,2026-02-28,Monthly,,KG,2.855,2.855,2771.099853515625,xgboost_baseline
Blueberry_AtlasBlue,SLIGRO,NL-NH,2026-03-01,2026-03-31,Monthly,,KG,2.855,2.855,2725.338134765625,xgboost_baseline
Blueberry_AtlasBlue,SLIGRO,NL-NH,2026-04-01,2026-04-30,Monthly,,KG,2.855,2.855,2711.59521484375,xgboost_baseline
Blueberry_AtlasBlue,SLIGRO,NL-NH,2026-05-01,2026-05-31,Monthly,,KG,2.855,2.855,2777.650146484375,xgboost_baseline
Blueberry_AtlasBlue,SLIGRO,NL-NH,2026-06-01,2026-06-30,Monthly,,KG,2.855,2.855,2771.473388671875,xgboost_baseline
Blueberry_AtlasBlue,SLIGRO,NL-NH,2026-07-01,2026-07-31,Monthly,,KG,2.855,2.855,2771.473388671875,xgboost_baseline
Blueberry_AtlasBlue,SLIGRO,NL-NH,2026-08-01,2026-08-31,Monthly,,KG,2.855,2.855,2775.717529296875,xgboost_baseline
Blueberry_AtlasBlue,SLIGRO,NL-NH,2026-09-01,2026-09-30,Monthly,,KG,2.855,2.855,2775.99755859375,xgboost_baseline
Blueberry_AtlasBlue,SLIGRO,NL-NH,2026-10-01,2026-10-31,Monthly,,KG,2.855,2.855,2775.998779296875,xgboost_baseline
Blueberry_AtlasBlue,SLIGRO,NL-NH,2026-11-01,2026-11-30,Monthly,,KG,2.855,2.855,2778.076904296875,xgboost_baseline
Blueberry_AtlasBlue,SLIGRO,NL-NH,2026-12-01,2026-12-31,Monthly,,KG,2.855,2.855,2778.076904296875,xgboost_baseline
Blueberry_AtlasBlue,SLIGRO,NL-NH,2027-01-01,2027-01-31,Monthly,,KG,2.855,2.855,2770.152587890625,xgboost_baseline
Blueberry_AtlasBlue,SLIGRO,NL-ZH,2026-02-01,2026-02-28,Monthly,,KG,2.892,2.892,2771.081298828125,xgboost_baseline
Blueberry_AtlasBlue,SLIGRO,NL-ZH,2026-03-01,2026-03-31,Monthly,,KG,2.892,2.892,2725.3388671875,xgboost_baseline
Blueberry_AtlasBlue,SLIGRO,NL-ZH,2026-04-01,2026-04-30,Monthly,,KG,2.892,2.892,2711.595703125,xgboost_baseline
Blueberry_AtlasBlue,SLIGRO,NL-ZH,2026-05-01,2026-05-31,Monthly,,KG,2.892,2.892,2777.65185546875,xgboost_baseline
Blueberry_AtlasBlue,SLIGRO,NL-ZH,2026-06-01,2026-06-30,Monthly,,KG,2.892,2.892,2771.473388671875,xgboost_baseline
Blueberry_AtlasBlue,SLIGRO,NL-ZH,2026-07-01,2026-07-31,Monthly,,KG,2.892,2.892,2771.473388671875,xgboost_baseline
Blueberry_AtlasBlue,SLIGRO,NL-ZH,2026-08-01,2026-08-31,Monthly,,KG,2.892,2.892,2777.897705078125,xgboost_baseline
Blueberry_AtlasBlue,SLIGRO,NL-ZH,2026-09-01,2026-09-30,Monthly,,KG,2.892,2.892,2778.1787109375,xgboost_baseline
Blueberry_AtlasBlue,SLIGRO,NL-ZH,2026-10-01,2026-10-31,Monthly,,KG,2.892,2.892,2778.180419921875,xgboost_baseline
Blueberry_AtlasBlue,SLIGRO,NL-ZH,2026-11-01,2026-11-30,Monthly,,KG,2.892,2.892,2777.89990234375,xgboost_baseline
Blueberry_AtlasBlue,SLIGRO,NL-ZH,2026-12-01,2026-12-31,Monthly,,KG,2.892,2.892,2778.076904296875,xgboost_baseline
Blueberry_AtlasBlue,SLIGRO,NL-ZH,2027-01-01,2027-01-31,Monthly,,KG,2.892,2.892,2770.152587890625,xgboost_baseline
Blueberry_Duke,AH,NL-GE,2026-02-01,2026-02-28,Monthly,,KG,2.664,2.664,2616.6640625,xgboost_baseline
Blueberry_Duke,AH,NL-GE,2026-03-01,2026-03-31,Monthly,,KG,2.664,2.664,2618.5732421875,xgboost_baseline
Blueberry_Duke,AH,NL-GE,2026-04-01,2026-04-30,Monthly,,KG,2.664,2.664,2613.63720703125,xgboost_baseline
Blueberry_Duke,AH,NL-GE,2026-05-01,2026-05-31,Monthly,,KG,2.664,2.664,2629.777099609375,xgboost_baseline
Blueberry_Duke,AH,NL-GE,2026-06-01,2026-06-30,Monthly,,KG,2.664,2.664,2629.777099609375,xgboost_baseline
Blueberry_Duke,AH,NL-GE,2026-07-01,2026-07-31,Monthly,,KG,2.664,2.664,2629.822998046875,xgboost_baseline
Blueberry_Duke,AH,NL-GE,2026-08-01,2026-08-31,Monthly,,KG,2.664,2.664,2629.791748046875,xgboost_baseline
Blueberry_Duke,AH,NL-GE,2026-09-01,2026-09-30,Monthly,,KG,2.664,2.664,2629.791748046875,xgboost_baseline
Blueberry_Duke,AH,NL-GE,2026-10-01,2026-10-31,Monthly,,KG,2.664,2.664,2629.791748046875,xgboost_baseline
Blueberry_Duke,AH,NL-GE,2026-11-01,2026-11-30,Monthly,,KG,2.664,2.664,2661.127685546875,xgboost_baseline
Blueberry_Duke,AH,NL-GE,2026-12-01,2026-12-31,Monthly,,KG,2.664,2.664,2665.185791015625,xgboost_baseline
Blueberry_Duke,AH,NL-GE,2027-01-01,2027-01-31,Monthly,,KG,2.664,2.664,2630.3408203125,xgboost_baseline
Blueberry_Duke,AH,NL-NB,2026-02-01,2026-02-28,Monthly,,KG,2.737,2.737,2775.19091796875,xgboost_baseline
Blueberry_Duke,AH,NL-NB,2026-03-01,2026-03-31,Monthly,,KG,2.737,2.737,2754.297607421875,xgboost_baseline
Blueberry_Duke,AH,NL-NB,2026-04-01,2026-04-30,Monthly,,KG,2.737,2.737,2725.434326171875,xgboost_baseline
Blueberry_Duke,AH,NL-NB,2026-05-01,2026-05-31,Monthly,,KG,2.737,2.737,2777.5869140625,xgboost_baseline
Blueberry_Duke,AH,NL-NB,2026-06-01,2026-06-30,Monthly,,KG,2.737,2.737,2779.312255859375,xgboost_baseline
Blueberry_Duke,AH,NL-NB,2026-07-01,2026-07-31,Monthly,,KG,2.737,2.737,2772.617919921875,xgboost_baseline
Blueberry_Duke,AH,NL-NB,2026-08-01,2026-08-31,Monthly,,KG,2.737,2.737,2778.153564453125,xgboost_baseline
Blueberry_Duke,AH,NL-NB,2026-09-01,2026-09-30,Monthly,,KG,2.737,2.737,2808.03369140625,xgboost_baseline
Blueberry_Duke,AH,NL-NB,2026-10-01,2026-10-31,Monthly,,KG,2.737,2.737,2838.68994140625,xgboost_baseline
Blueberry_Duke,AH,NL-NB,2026-11-01,2026-11-30,Monthly,,KG,2.737,2.737,2861.138427734375,xgboost_baseline
Blueberry_Duke,AH,NL-NB,2026-12-01,2026-12-31,Monthly,,KG,2.737,2.737,2838.850341796875,xgboost_baseline
Blueberry_Duke,AH,NL-NB,2027-01-01,2027-01-31,Monthly,,KG,2.737,2.737,2830.926025390625,xgboost_baseline
Blueberry_Duke,AH,NL-NH,2026-02-01,2026-02-28,Monthly,,KG,2.834,2.834,2776.797607421875,xgboost_baseline
Blueberry_Duke,AH,NL-NH,2026-03-01,2026-03-31,Monthly,,KG,2.834,2.834,2757.63623046875,xgboost_baseline
Blueberry_Duke,AH,NL-NH,2026-04-01,2026-04-30,Monthly,,KG,2.834,2.834,2749.10888671875,xgboost_baseline
Blueberry_Duke,AH,NL-NH,2026-05-01,2026-05-31,Monthly,,KG,2.834,2.834,2777.68701171875,xgboost_baseline
Blueberry_Duke,AH,NL-NH,2026-06-01,2026-06-30,Monthly,,KG,2.834,2.834,2776.751953125,xgboost_baseline
Blueberry_Duke,AH,NL-NH,2026-07-01,2026-07-31,Monthly,,KG,2.834,2.834,2772.71826171875,xgboost_baseline
Blueberry_Duke,AH,NL-NH,2026-08-01,2026-08-31,Monthly,,KG,2.834,2.834,2807.753173828125,xgboost_baseline
Blueberry_Duke,AH,NL-NH,2026-09-01,2026-09-30,Monthly,,KG,2.834,2.834,2838.68994140625,xgboost_baseline
Blueberry_Duke,AH,NL-NH,2026-10-01,2026-10-31,Monthly,,KG,2.834,2.834,2957.68603515625,xgboost_baseline
Blueberry_Duke,AH,NL-NH,2026-11-01,2026-11-30,Monthly,,KG,2.834,2.834,2865.619384765625,xgboost_baseline
Blueberry_Duke,AH,NL-NH,2026-12-01,2026-12-31,Monthly,,KG,2.834,2.834,2861.539794921875,xgboost_baseline
Blueberry_Duke,AH,NL-NH,2027-01-01,2027-01-31,Monthly,,KG,2.834,2.834,2825.277099609375,xgboost_baseline
Blueberry_Duke,AH,NL-ZH,2026-02-01,2026-02-28,Monthly,,KG,2.932,2.932,2776.79736328125,xgboost_baseline
Blueberry_Duke,AH,NL-ZH,2026-03-01,2026-03-31,Monthly,,KG,2.932,2.932,2829.20458984375,xgboost_baseline
Blueberry_Duke,AH,NL-ZH,2026-04-01,2026-04-30,Monthly,,KG,2.932,2.932,2821.949951171875,xgboost_baseline
Blueberry_Duke,AH,NL-ZH,2026-05-01,2026-05-31,Monthly,,KG,2.932,2.932,2838.585205078125,xgboost_baseline
Blueberry_Duke,AH,NL-ZH,2026-06-01,2026-06-30,Monthly,,KG,2.932,2.932,2838.707763671875,xgboost_baseline
Blueberry_Duke,AH,NL-ZH,2026-07-01,2026-07-31,Monthly,,KG,2.932,2.932,2841.697021484375,xgboost_baseline
Blueberry_Duke,AH,NL-ZH,2026-08-01,2026-08-31,Monthly,,KG,2.932,2.932,2861.539794921875,xgboost_baseline
Blueberry_Duke,AH,NL-ZH,2026-09-01,2026-09-30,Monthly,,KG,2.932,2.932,2821.626220703125,xgboost_baseline
Blueberry_Duke,AH,NL-ZH,2026-10-01,2026-10-31,Monthly,,KG,2.932,2.932,3015.117431640625,xgboost_baseline
Blueberry_Duke,AH,NL-ZH,2026-11-01,2026-11-30,Monthly,,KG,2.932,2.932,2900.2451171875,xgboost_baseline
Blueberry_Duke,AH,NL-ZH,2026-12-01,2026-12-31,Monthly,,KG,2.932,2.932,3100.844482421875,xgboost_baseline
Blueberry_Duke,AH,NL-ZH,2027-01-01,2027-01-31,Monthly,,KG,2.932,2.932,2873.45849609375,xgboost_baseline
Blueberry_Duke,FLINK,NL-GE,2026-02-01,2026-02-28,Monthly,,KG,2.675,2.675,2638.90625,xgboost_baseline
Blueberry_Duke,FLINK,NL-GE,2026-03-01,2026-03-31,Monthly,,KG,2.675,2.675,2576.817626953125,xgboost_baseline
Blueberry_Duke,FLINK,NL-GE,2026-04-01,2026-04-30,Monthly,,KG,2.675,2.675,2576.705810546875,xgboost_baseline
Blueberry_Duke,FLINK,NL-GE,2026-05-01,2026-05-31,Monthly,,KG,2.675,2.675,2632.6533203125,xgboost_baseline
Blueberry_Duke,FLINK,NL-GE,2026-06-01,2026-06-30,Monthly,,KG,2.675,2.675,2632.6533203125,xgboost_baseline
Blueberry_Duke,FLINK,NL-GE,2026-07-01,2026-07-31,Monthly,,KG,2.675,2.675,2632.6533203125,xgboost_baseline
Blueberry_Duke,FLINK,NL-GE,2026-08-01,2026-08-31,Monthly,,KG,2.675,2.675,2628.525390625,xgboost_baseline
Blueberry_Duke,FLINK,NL-GE,2026-09-01,2026-09-30,Monthly,,KG,2.675,2.675,2628.525390625,xgboost_baseline
Blueberry_Duke,FLINK,NL-GE,2026-10-01,2026-10-31,Monthly,,KG,2.675,2.675,2628.525146484375,xgboost_baseline
Blueberry_Duke,FLINK,NL-GE,2026-11-01,2026-11-30,Monthly,,KG,2.675,2.675,2628.525146484375,xgboost_baseline
Blueberry_Duke,FLINK,NL-GE,2026-12-01,2026-12-31,Monthly,,KG,2.675,2.675,2628.525146484375,xgboost_baseline
Blueberry_Duke,FLINK,NL-GE,2027-01-01,2027-01-31,Monthly,,KG,2.675,2.675,2625.01611328125,xgboost_baseline
Blueberry_Duke,FLINK,NL-NB,2026-02-01,2026-02-28,Monthly,,KG,2.714,2.714,2755.194580078125,xgboost_baseline
Blueberry_Duke,FLINK,NL-NB,2026-03-01,2026-03-31,Monthly,,KG,2.714,2.714,2713.161865234375,xgboost_baseline
Blueberry_Duke,FLINK,NL-NB,2026-04-01,2026-04-30,Monthly,,KG,2.714,2.714,2713.058349609375,xgboost_baseline
Blueberry_Duke,FLINK,NL-NB,2026-05-01,2026-05-31,Monthly,,KG,2.714,2.714,2779.700439453125,xgboost_baseline
Blueberry_Duke,FLINK,NL-NB,2026-06-01,2026-06-30,Monthly,,KG,2.714,2.714,2773.523681640625,xgboost_baseline
Blueberry_Duke,FLINK,NL-NB,2026-07-01,2026-07-31,Monthly,,KG,2.714,2.714,2773.523681640625,xgboost_baseline
Blueberry_Duke,FLINK,NL-NB,2026-08-01,2026-08-31,Monthly,,KG,2.714,2.714,2775.99755859375,xgboost_baseline
Blueberry_Duke,FLINK,NL-NB,2026-09-01,2026-09-30,Monthly,,KG,2.714,2.714,2775.99755859375,xgboost_baseline
Blueberry_Duke,FLINK,NL-NB,2026-10-01,2026-10-31,Monthly,,KG,2.714,2.714,2775.998779296875,xgboost_baseline
Blueberry_Duke,FLINK,NL-NB,2026-11-01,2026-11-30,Monthly,,KG,2.714,2.714,2775.71875,xgboost_baseline
Blueberry_Duke,FLINK,NL-NB,2026-12-01,2026-12-31,Monthly,,KG,2.714,2.714,2775.71875,xgboost_baseline
Blueberry_Duke,FLINK,NL-NB,2027-01-01,2027-01-31,Monthly,,KG,2.714,2.714,2767.79443359375,xgboost_baseline
Blueberry_Duke,FLINK,NL-NH,2026-02-01,2026-02-28,Monthly,,KG,2.824,2.824,2772.614990234375,xgboost_baseline
Blueberry_Duke,FLINK,NL-NH,2026-03-01,2026-03-31,Monthly,,KG,2.824,2.824,2713.161865234375,xgboost_baseline
Blueberry_Duke,FLINK,NL-NH,2026-04-01,2026-04-30,Monthly,,KG,2.824,2.824,2713.058349609375,xgboost_baseline
Blueberry_Duke,FLINK,NL-NH,2026-05-01,2026-05-31,Monthly,,KG,2.824,2.824,2779.700439453125,xgboost_baseline
Blueberry_Duke,FLINK,NL-NH,2026-06-01,2026-06-30,Monthly,,KG,2.824,2.824,2773.523681640625,xgboost_baseline
Blueberry_Duke,FLINK,NL-NH,2026-07-01,2026-07-31,Monthly,,KG,2.824,2.824,2773.523681640625,xgboost_baseline
Blueberry_Duke,FLINK,NL-NH,2026-08-01,2026-08-31,Monthly,,KG,2.824,2.824,2775.717529296875,xgboost_baseline
Blueberry_Duke,FLINK,NL-NH,2026-09-01,2026-09-30,Monthly,,KG,2.824,2.824,2775.99755859375,xgboost_baseline
Blueberry_Duke,FLINK,NL-NH,2026-10-01,2026-10-31,Monthly,,KG,2.824,2.824,2775.998779296875,xgboost_baseline
Blueberry_Duke,FLINK,NL-NH,2026-11-01,2026-11-30,Monthly,,KG,2.824,2.824,2775.71875,xgboost_baseline
Blueberry_Duke,FLINK,NL-NH,2026-12-01,2026-12-31,Monthly,,KG,2.824,2.824,2775.71875,xgboost_baseline
Blueberry_Duke,FLINK,NL-NH,2027-01-01,2027-01-31,Monthly,,KG,2.824,2.824,2767.79443359375,xgboost_baseline
Blueberry_Duke,FLINK,NL-ZH,2026-02-01,2026-02-28,Monthly,,KG,2.941,2.941,2755.194580078125,xgboost_baseline
Blueberry_Duke,FLINK,NL-ZH,2026-03-01,2026-03-31,Monthly,,KG,2.941,2.941,2713.161865234375,xgboost_baseline
Blueberry_Duke,FLINK,NL-ZH,2026-04-01,2026-04-30,Monthly,,KG,2.941,2.941,2713.058349609375,xgboost_baseline
Blueberry_Duke,FLINK,NL-ZH,2026-05-01,2026-05-31,Monthly,,KG,2.941,2.941,2779.700439453125,xgboost_baseline
Blueberry_Duke,FLINK,NL-ZH,2026-06-01,2026-06-30,Monthly,,KG,2.941,2.941,2773.523681640625,xgboost_baseline
Blueberry_Duke,FLINK,NL-ZH,2026-07-01,2026-07-31,Monthly,,KG,2.941,2.941,2773.523681640625,xgboost_baseline
Blueberry_Duke,FLINK,NL-ZH,2026-08-01,2026-08-31,Monthly,,KG,2.941,2.941,2775.99755859375,xgboost_baseline
Blueberry_Duke,FLINK,NL-ZH,2026-09-01,2026-09-30,Monthly,,KG,2.941,2.941,2775.99755859375,xgboost_baseline
Blueberry_Duke,FLINK,NL-ZH,2026-10-01,2026-10-31,Monthly,,KG,2.941,2.941,2775.998779296875,xgboost_baseline
Blueberry_Duke,FLINK,NL-ZH,2026-11-01,2026-11-30,Monthly,,KG,2.941,2.941,2775.71875,xgboost_baseline
Blueberry_Duke,FLINK,NL-ZH,2026-12-01,2026-12-31,Monthly,,KG,2.941,2.941,2775.71875,xgboost_baseline
Blueberry_Duke,FLINK,NL-ZH,2027-01-01,2027-01-31,Monthly,,KG,2.941,2.941,2767.79443359375,xgboost_baseline
Blueberry_Duke,GREENACRES,NL-GE,2026-02-01,2026-02-28,Monthly,,KG,2.725,2.725,2772.614990234375,xgboost_baseline
Blueberry_Duke,GREENACRES,NL-GE,2026-03-01,2026-03-31,Monthly,,KG,2.725,2.725,2713.161865234375,xgboost_baseline
Blueberry_Duke,GREENACRES,NL-GE,2026-04-01,2026-04-30,Monthly,,KG,2.725,2.725,2713.058349609375,xgboost_baseline
Blueberry_Duke,GREENACRES,NL-GE,2026-05-01,2026-05-31,Monthly,,KG,2.725,2.725,2779.700439453125,xgboost_baseline
Blueberry_Duke,GREENACRES,NL-GE,2026-06-01,2026-06-30,Monthly,,KG,2.725,2.725,2773.523681640625,xgboost_baseline
Blueberry_Duke,GREENACRES,NL-GE,2026-07-01,2026-07-31,Monthly,,KG,2.725,2.725,2773.523681640625,xgboost_baseline
Blueberry_Duke,GREENACRES,NL-GE,2026-08-01,2026-08-31,Monthly,,KG,2.725,2.725,2775.717529296875,xgboost_baseline
Blueberry_Duke,GREENACRES,NL-GE,2026-09-01,2026-09-30,Monthly,,KG,2.725,2.725,2775.99755859375,xgboost_baseline
Blueberry_Duke,GREENACRES,NL-GE,2026-10-01,2026-10-31,Monthly,,KG,2.725,2.725,2775.998779296875,xgboost_baseline
Blueberry_Duke,GREENACRES,NL-GE,2026-11-01,2026-11-30,Monthly,,KG,2.725,2.725,2775.71875,xgboost_baseline
Blueberry_Duke,GREENACRES,NL-GE,2026-12-01,2026-12-31,Monthly,,KG,2.725,2.725,2775.71875,xgboost_baseline
Blueberry_Duke,GREENACRES,NL-GE,2027-01-01,2027-01-31,Monthly,,KG,2.725,2.725,2767.79443359375,xgboost_baseline
Blueberry_Duke,GREENACRES,NL-NB,2026-02-01,2026-02-28,Monthly,,KG,2.77,2.77,2755.194580078125,xgboost_baseline
Blueberry_Duke,GREENACRES,NL-NB,2026-03-01,2026-03-31,Monthly,,KG,2.77,2.77,2713.161865234375,xgboost_baseline
Blueberry_Duke,GREENACRES,NL-NB,2026-04-01,2026-04-30,Monthly,,KG,2.77,2.77,2713.058349609375,xgboost_baseline
Blueberry_Duke,GREENACRES,NL-NB,2026-05-01,2026-05-31,Monthly,,KG,2.77,2.77,2779.700439453125,xgboost_baseline
Blueberry_Duke,GREENACRES,NL-NB,2026-06-01,2026-06-30,Monthly,,KG,2.77,2.77,2773.523681640625,xgboost_baseline
Blueberry_Duke,GREENACRES,NL-NB,2026-07-01,2026-07-31,Monthly,,KG,2.77,2.77,2773.523681640625,xgboost_baseline
Blueberry_Duke,GREENACRES,NL-NB,2026-08-01,2026-08-31,Monthly,,KG,2.77,2.77,2775.99755859375,xgboost_baseline
Blueberry_Duke,GREENACRES,NL-NB,2026-09-01,2026-09-30,Monthly,,KG,2.77,2.77,2775.99755859375,xgboost_baseline
Blueberry_Duke,GREENACRES,NL-NB,2026-10-01,2026-10-31,Monthly,,KG,2.77,2.77,2775.998779296875,xgboost_baseline
Blueberry_Duke,GREENACRES,NL-NB,2026-11-01,2026-11-30,Monthly,,KG,2.77,2.77,2775.71875,xgboost_baseline
Blueberry_Duke,GREENACRES,NL-NB,2026-12-01,2026-12-31,Monthly,,KG,2.77,2.77,2775.71875,xgboost_baseline
Blueberry_Duke,GREENACRES,NL-NB,2027-01-01,2027-01-31,Monthly,,KG,2.77,2.77,2767.79443359375,xgboost_baseline
Blueberry_Duke,GREENACRES,NL-NH,2026-02-01,2026-02-28,Monthly,,KG,2.881,2.881,2771.081298828125,xgboost_baseline
Blueberry_Duke,GREENACRES,NL-NH,2026-03-01,2026-03-31,Monthly,,KG,2.881,2.881,2713.161865234375,xgboost_baseline
Blueberry_Duke,GREENACRES,NL-NH,2026-04-01,2026-04-30,Monthly,,KG,2.881,2.881,2713.058349609375,xgboost_baseline
Blueberry_Duke,GREENACRES,NL-NH,2026-05-01,2026-05-31,Monthly,,KG,2.881,2.881,2779.700439453125,xgboost_baseline
Blueberry_Duke,GREENACRES,NL-NH,2026-06-01,2026-06-30,Monthly,,KG,2.881,2.881,2773.523681640625,xgboost_baseline
Blueberry_Duke,GREENACRES,NL-NH,2026-07-01,2026-07-31,Monthly,,KG,2.881,2.881,2773.523681640625,xgboost_baseline
Blueberry_Duke,GREENACRES,NL-NH,2026-08-01,2026-08-31,Monthly,,KG,2.881,2.881,2775.717529296875,xgboost_baseline
Blueberry_Duke,GREENACRES,NL-NH,2026-09-01,2026-09-30,Monthly,,KG,2.881,2.881,2775.99755859375,xgboost_baseline
Blueberry_Duke,GREENACRES,NL-NH,2026-10-01,2026-10-31,Monthly,,KG,2.881,2.881,2775.998779296875,xgboost_baseline
Blueberry_Duke,GREENACRES,NL-NH,2026-11-01,2026-11-30,Monthly,,KG,2.881,2.881,2775.71875,xgboost_baseline
Blueberry_Duke,GREENACRES,NL-NH,2026-12-01,2026-12-31,Monthly,,KG,2.881,2.881,2775.71875,xgboost_baseline
Blueberry_Duke,GREENACRES,NL-NH,2027-01-01,2027-01-31,Monthly,,KG,2.881,2.881,2767.79443359375,xgboost_baseline
Blueberry_Duke,GREENACRES,NL-ZH,2026-02-01,2026-02-28,Monthly,,KG,2.915,2.915,2772.97265625,xgboost_baseline
Blueberry_Duke,GREENACRES,NL-ZH,2026-03-01,2026-03-31,Monthly,,KG,2.915,2.915,2713.161865234375,xgboost_baseline
Blueberry_Duke,GREENACRES,NL-ZH,2026-04-01,2026-04-30,Monthly,,KG,2.915,2.915,2713.058349609375,xgboost_baseline
Blueberry_Duke,GREENACRES,NL-ZH,2026-05-01,2026-05-31,Monthly,,KG,2.915,2.915,2779.700439453125,xgboost_baseline
Blueberry_Duke,GREENACRES,NL-ZH,2026-06-01,2026-06-30,Monthly,,KG,2.915,2.915,2773.523681640625,xgboost_baseline
Blueberry_Duke,GREENACRES,NL-ZH,2026-07-01,2026-07-31,Monthly,,KG,2.915,2.915,2773.523681640625,xgboost_baseline
Blueberry_Duke,GREENACRES,NL-ZH,2026-08-01,2026-08-31,Monthly,,KG,2.915,2.915,2775.717529296875,xgboost_baseline
Blueberry_Duke,GREENACRES,NL-ZH,2026-09-01,2026-09-30,Monthly,,KG,2.915,2.915,2775.99755859375,xgboost_baseline
Blueberry_Duke,GREENACRES,NL-ZH,2026-10-01,2026-10-31,Monthly,,KG,2.915,2.915,2775.998779296875,xgboost_baseline
Blueberry_Duke,GREENACRES,NL-ZH,2026-11-01,2026-11-30,Monthly,,KG,2.915,2.915,2775.71875,xgboost_baseline
Blueberry_Duke,GREENACRES,NL-ZH,2026-12-01,2026-12-31,Monthly,,KG,2.915,2.915,2775.71875,xgboost_baseline
Blueberry_Duke,GREENACRES,NL-ZH,2027-01-01,2027-01-31,Monthly,,KG,2.915,2.915,2767.79443359375,xgboost_baseline
Blueberry_Duke,HELLOFRESH,NL-GE,2026-02-01,2026-02-28,Monthly,,KG,2.652,2.652,2623.330322265625,xgboost_baseline
Blueberry_Duke,HELLOFRESH,NL-GE,2026-03-01,2026-03-31,Monthly,,KG,2.652,2.652,2577.119140625,xgboost_baseline
Blueberry_Duke,HELLOFRESH,NL-GE,2026-04-01,2026-04-30,Monthly,,KG,2.652,2.652,2577.0068359375,xgboost_baseline
Blueberry_Duke,HELLOFRESH,NL-GE,2026-05-01,2026-05-31,Monthly,,KG,2.652,2.652,2633.000244140625,xgboost_baseline
Blueberry_Duke,HELLOFRESH,NL-GE,2026-06-01,2026-06-30,Monthly,,KG,2.652,2.652,2633.000244140625,xgboost_baseline
Blueberry_Duke,HELLOFRESH,NL-GE,2026-07-01,2026-07-31,Monthly,,KG,2.652,2.652,2633.000244140625,xgboost_baseline
Blueberry_Duke,HELLOFRESH,NL-GE,2026-08-01,2026-08-31,Monthly,,KG,2.652,2.652,2628.871826171875,xgboost_baseline
Blueberry_Duke,HELLOFRESH,NL-GE,2026-09-01,2026-09-30,Monthly,,KG,2.652,2.652,2628.871826171875,xgboost_baseline
Blueberry_Duke,HELLOFRESH,NL-GE,2026-10-01,2026-10-31,Monthly,,KG,2.652,2.652,2628.87158203125,xgboost_baseline
Blueberry_Duke,HELLOFRESH,NL-GE,2026-11-01,2026-11-30,Monthly,,KG,2.652,2.652,2628.87158203125,xgboost_baseline
Blueberry_Duke,HELLOFRESH,NL-GE,2026-12-01,2026-12-31,Monthly,,KG,2.652,2.652,2628.87158203125,xgboost_baseline
Blueberry_Duke,HELLOFRESH,NL-GE,2027-01-01,2027-01-31,Monthly,,KG,2.652,2.652,2625.362548828125,xgboost_baseline
Blueberry_Duke,HELLOFRESH,NL-NB,2026-02-01,2026-02-28,Monthly,,KG,2.744,2.744,2755.194580078125,xgboost_baseline
Blueberry_Duke,HELLOFRESH,NL-NB,2026-03-01,2026-03-31,Monthly,,KG,2.744,2.744,2713.161865234375,xgboost_baseline
Blueberry_Duke,HELLOFRESH,NL-NB,2026-04-01,2026-04-30,Monthly,,KG,2.744,2.744,2713.058349609375,xgboost_baseline
Blueberry_Duke,HELLOFRESH,NL-NB,2026-05-01,2026-05-31,Monthly,,KG,2.744,2.744,2779.700439453125,xgboost_baseline
Blueberry_Duke,HELLOFRESH,NL-NB,2026-06-01,2026-06-30,Monthly,,KG,2.744,2.744,2773.523681640625,xgboost_baseline
Blueberry_Duke,HELLOFRESH,NL-NB,2026-07-01,2026-07-31,Monthly,,KG,2.744,2.744,2773.523681640625,xgboost_baseline
Blueberry_Duke,HELLOFRESH,NL-NB,2026-08-01,2026-08-31,Monthly,,KG,2.744,2.744,2775.99755859375,xgboost_baseline
Blueberry_Duke,HELLOFRESH,NL-NB,2026-09-01,2026-09-30,Monthly,,KG,2.744,2.744,2775.99755859375,xgboost_baseline
Blueberry_Duke,HELLOFRESH,NL-NB,2026-10-01,2026-10-31,Monthly,,KG,2.744,2.744,2775.998779296875,xgboost_baseline
Blueberry_Duke,HELLOFRESH,NL-NB,2026-11-01,2026-11-30,Monthly,,KG,2.744,2.744,2775.71875,xgboost_baseline
Blueberry_Duke,HELLOFRESH,NL-NB,2026-12-01,2026-12-31,Monthly,,KG,2.744,2.744,2775.71875,xgboost_baseline
Blueberry_Duke,HELLOFRESH,NL-NB,2027-01-01,2027-01-31,Monthly,,KG,2.744,2.744,2767.79443359375,xgboost_baseline
Blueberry_Duke,HELLOFRESH,NL-NH,2026-02-01,2026-02-28,Monthly,,KG,2.823,2.823,2772.614990234375,xgboost_baseline
Blueberry_Duke,HELLOFRESH,NL-NH,2026-03-01,2026-03-31,Monthly,,KG,2.823,2.823,2713.161865234375,xgboost_baseline
Blueberry_Duke,HELLOFRESH,NL-NH,2026-04-01,2026-04-30,Monthly,,KG,2.823,2.823,2713.058349609375,xgboost_baseline
Blueberry_Duke,HELLOFRESH,NL-NH,2026-05-01,2026-05-31,Monthly,,KG,2.823,2.823,2779.700439453125,xgboost_baseline
Blueberry_Duke,HELLOFRESH,NL-NH,2026-06-01,2026-06-30,Monthly,,KG,2.823,2.823,2773.523681640625,xgboost_baseline
Blueberry_Duke,HELLOFRESH,NL-NH,2026-07-01,2026-07-31,Monthly,,KG,2.823,2.823,2773.523681640625,xgboost_baseline
Blueberry_Duke,HELLOFRESH,NL-NH,2026-08-01,2026-08-31,Monthly,,KG,2.823,2.823,2775.717529296875,xgboost_baseline
Blueberry_Duke,HELLOFRESH,NL-NH,2026-09-01,2026-09-30,Monthly,,KG,2.823,2.823,2775.99755859375,xgboost_baseline
Blueberry_Duke,HELLOFRESH,NL-NH,2026-10-01,2026-10-31,Monthly,,KG,2.823,2.823,2775.998779296875,xgboost_baseline
Blueberry_Duke,HELLOFRESH,NL-NH,2026-11-01,2026-11-30,Monthly,,KG,2.823,2.823,2775.71875,xgboost_baseline
Blueberry_Duke,HELLOFRESH,NL-NH,2026-12-01,2026-12-31,Monthly,,KG,2.823,2.823,2775.71875,xgboost_baseline
Blueberry_Duke,HELLOFRESH,NL-NH,2027-01-01,2027-01-31,Monthly,,KG,2.823,2.823,2767.79443359375,xgboost_baseline
Blueberry_Duke,HELLOFRESH,NL-ZH,2026-02-01,2026-02-28,Monthly,,KG,2.994,2.994,2771.099853515625,xgboost_baseline
Blueberry_Duke,HELLOFRESH,NL-ZH,2026-03-01,2026-03-31,Monthly,,KG,2.994,2.994,2713.161865234375,xgboost_baseline
Blueberry_Duke,HELLOFRESH,NL-ZH,2026-04-01,2026-04-30,Monthly,,KG,2.994,2.994,2713.058349609375,xgboost_baseline
Blueberry_Duke,HELLOFRESH,NL-ZH,2026-05-01,2026-05-31,Monthly,,KG,2.994,2.994,2779.700439453125,xgboost_baseline
Blueberry_Duke,HELLOFRESH,NL-ZH,2026-06-01,2026-06-30,Monthly,,KG,2.994,2.994,2773.523681640625,xgboost_baseline
Blueberry_Duke,HELLOFRESH,NL-ZH,2026-07-01,2026-07-31,Monthly,,KG,2.994,2.994,2773.523681640625,xgboost_baseline
Blueberry_Duke,HELLOFRESH,NL-ZH,2026-08-01,2026-08-31,Monthly,,KG,2.994,2.994,2775.717529296875,xgboost_baseline
Blueberry_Duke,HELLOFRESH,NL-ZH,2026-09-01,2026-09-30,Monthly,,KG,2.994,2.994,2775.99755859375,xgboost_baseline
Blueberry_Duke,HELLOFRESH,NL-ZH,2026-10-01,2026-10-31,Monthly,,KG,2.994,2.994,2775.998779296875,xgboost_baseline
Blueberry_Duke,HELLOFRESH,NL-ZH,2026-11-01,2026-11-30,Monthly,,KG,2.994,2.994,2775.71875,xgboost_baseline
Blueberry_Duke,HELLOFRESH,NL-ZH,2026-12-01,2026-12-31,Monthly,,KG,2.994,2.994,2775.71875,xgboost_baseline
Blueberry_Duke,HELLOFRESH,NL-ZH,2027-01-01,2027-01-31,Monthly,,KG,2.994,2.994,2767.79443359375,xgboost_baseline
Blueberry_Duke,HOLLANDFOODSERVICE,NL-GE,2026-02-01,2026-02-28,Monthly,,KG,2.694,2.694,2772.614990234375,xgboost_baseline
Blueberry_Duke,HOLLANDFOODSERVICE,NL-GE,2026-03-01,2026-03-31,Monthly,,KG,2.694,2.694,2713.161865234375,xgboost_baseline
Blueberry_Duke,HOLLANDFOODSERVICE,NL-GE,2026-04-01,2026-04-30,Monthly,,KG,2.694,2.694,2713.058349609375,xgboost_baseline
Blueberry_Duke,HOLLANDFOODSERVICE,NL-GE,2026-05-01,2026-05-31,Monthly,,KG,2.694,2.694,2779.700439453125,xgboost_baseline
Blueberry_Duke,HOLLANDFOODSERVICE,NL-GE,2026-06-01,2026-06-30,Monthly,,KG,2.694,2.694,2773.523681640625,xgboost_baseline
Blueberry_Duke,HOLLANDFOODSERVICE,NL-GE,2026-07-01,2026-07-31,Monthly,,KG,2.694,2.694,2773.523681640625,xgboost_baseline
Blueberry_Duke,HOLLANDFOODSERVICE,NL-GE,2026-08-01,2026-08-31,Monthly,,KG,2.694,2.694,2775.717529296875,xgboost_baseline
Blueberry_Duke,HOLLANDFOODSERVICE,NL-GE,2026-09-01,2026-09-30,Monthly,,KG,2.694,2.694,2775.99755859375,xgboost_baseline
Blueberry_Duke,HOLLANDFOODSERVICE,NL-GE,2026-10-01,2026-10-31,Monthly,,KG,2.694,2.694,2775.998779296875,xgboost_baseline
Blueberry_Duke,HOLLANDFOODSERVICE,NL-GE,2026-11-01,2026-11-30,Monthly,,KG,2.694,2.694,2775.71875,xgboost_baseline
Blueberry_Duke,HOLLANDFOODSERVICE,NL-GE,2026-12-01,2026-12-31,Monthly,,KG,2.694,2.694,2775.71875,xgboost_baseline
Blueberry_Duke,HOLLANDFOODSERVICE,NL-GE,2027-01-01,2027-01-31,Monthly,,KG,2.694,2.694,2767.79443359375,xgboost_baseline
Blueberry_Duke,HOLLANDFOODSERVICE,NL-NB,2026-02-01,2026-02-28,Monthly,,KG,2.737,2.737,2755.194580078125,xgboost_baseline
Blueberry_Duke,HOLLANDFOODSERVICE,NL-NB,2026-03-01,2026-03-31,Monthly,,KG,2.737,2.737,2713.161865234375,xgboost_baseline
Blueberry_Duke,HOLLANDFOODSERVICE,NL-NB,2026-04-01,2026-04-30,Monthly,,KG,2.737,2.737,2713.058349609375,xgboost_baseline
Blueberry_Duke,HOLLANDFOODSERVICE,NL-NB,2026-05-01,2026-05-31,Monthly,,KG,2.737,2.737,2779.700439453125,xgboost_baseline
Blueberry_Duke,HOLLANDFOODSERVICE,NL-NB,2026-06-01,2026-06-30,Monthly,,KG,2.737,2.737,2773.523681640625,xgboost_baseline
Blueberry_Duke,HOLLANDFOODSERVICE,NL-NB,2026-07-01,2026-07-31,Monthly,,KG,2.737,2.737,2773.523681640625,xgboost_baseline
Blueberry_Duke,HOLLANDFOODSERVICE,NL-NB,2026-08-01,2026-08-31,Monthly,,KG,2.737,2.737,2775.99755859375,xgboost_baseline
Blueberry_Duke,HOLLANDFOODSERVICE,NL-NB,2026-09-01,2026-09-30,Monthly,,KG,2.737,2.737,2775.99755859375,xgboost_baseline
Blueberry_Duke,HOLLANDFOODSERVICE,NL-NB,2026-10-01,2026-10-31,Monthly,,KG,2.737,2.737,2775.998779296875,xgboost_baseline
Blueberry_Duke,HOLLANDFOODSERVICE,NL-NB,2026-11-01,2026-11-30,Monthly,,KG,2.737,2.737,2775.71875,xgboost_baseline
Blueberry_Duke,HOLLANDFOODSERVICE,NL-NB,2026-12-01,2026-12-31,Monthly,,KG,2.737,2.737,2775.71875,xgboost_baseline
Blueberry_Duke,HOLLANDFOODSERVICE,NL-NB,2027-01-01,2027-01-31,Monthly,,KG,2.737,2.737,2767.79443359375,xgboost_baseline
Blueberry_Duke,HOLLANDFOODSERVICE,NL-NH,2026-02-01,2026-02-28,Monthly,,KG,2.863,2.863,2772.614990234375,xgboost_baseline
Blueberry_Duke,HOLLANDFOODSERVICE,NL-NH,2026-03-01,2026-03-31,Monthly,,KG,2.863,2.863,2713.161865234375,xgboost_baseline
Blueberry_Duke,HOLLANDFOODSERVICE,NL-NH,2026-04-01,2026-04-30,Monthly,,KG,2.863,2.863,2713.058349609375,xgboost_baseline
Blueberry_Duke,HOLLANDFOODSERVICE,NL-NH,2026-05-01,2026-05-31,Monthly,,KG,2.863,2.863,2779.700439453125,xgboost_baseline
Blueberry_Duke,HOLLANDFOODSERVICE,NL-NH,2026-06-01,2026-06-30,Monthly,,KG,2.863,2.863,2773.523681640625,xgboost_baseline
Blueberry_Duke,HOLLANDFOODSERVICE,NL-NH,2026-07-01,2026-07-31,Monthly,,KG,2.863,2.863,2773.523681640625,xgboost_baseline
Blueberry_Duke,HOLLANDFOODSERVICE,NL-NH,2026-08-01,2026-08-31,Monthly,,KG,2.863,2.863,2775.717529296875,xgboost_baseline
Blueberry_Duke,HOLLANDFOODSERVICE,NL-NH,2026-09-01,2026-09-30,Monthly,,KG,2.863,2.863,2775.99755859375,xgboost_baseline
Blueberry_Duke,HOLLANDFOODSERVICE,NL-NH,2026-10-01,2026-10-31,Monthly,,KG,2.863,2.863,2775.998779296875,xgboost_baseline
Blueberry_Duke,HOLLANDFOODSERVICE,NL-NH,2026-11-01,2026-11-30,Monthly,,KG,2.863,2.863,2775.71875,xgboost_baseline
Blueberry_Duke,HOLLANDFOODSERVICE,NL-NH,2026-12-01,2026-12-31,Monthly,,KG,2.863,2.863,2775.71875,xgboost_baseline
Blueberry_Duke,HOLLANDFOODSERVICE,NL-NH,2027-01-01,2027-01-31,Monthly,,KG,2.863,2.863,2767.79443359375,xgboost_baseline
Blueberry_Duke,HOLLANDFOODSERVICE,NL-ZH,2026-02-01,2026-02-28,Monthly,,KG,2.925,2.925,2771.099853515625,xgboost_baseline
Blueberry_Duke,HOLLANDFOODSERVICE,NL-ZH,2026-03-01,2026-03-31,Monthly,,KG,2.925,2.925,2713.161865234375,xgboost_baseline
Blueberry_Duke,HOLLANDFOODSERVICE,NL-ZH,2026-04-01,2026-04-30,Monthly,,KG,2.925,2.925,2713.058349609375,xgboost_baseline
Blueberry_Duke,HOLLANDFOODSERVICE,NL-ZH,2026-05-01,2026-05-31,Monthly,,KG,2.925,2.925,2779.700439453125,xgboost_baseline
Blueberry_Duke,HOLLANDFOODSERVICE,NL-ZH,2026-06-01,2026-06-30,Monthly,,KG,2.925,2.925,2773.523681640625,xgboost_baseline
Blueberry_Duke,HOLLANDFOODSERVICE,NL-ZH,2026-07-01,2026-07-31,Monthly,,KG,2.925,2.925,2773.523681640625,xgboost_baseline
Blueberry_Duke,HOLLANDFOODSERVICE,NL-ZH,2026-08-01,2026-08-31,Monthly,,KG,2.925,2.925,2775.717529296875,xgboost_baseline
Blueberry_Duke,HOLLANDFOODSERVICE,NL-ZH,2026-09-01,2026-09-30,Monthly,,KG,2.925,2.925,2775.99755859375,xgboost_baseline
Blueberry_Duke,HOLLANDFOODSERVICE,NL-ZH,2026-10-01,2026-10-31,Monthly,,KG,2.925,2.925,2775.998779296875,xgboost_baseline
Blueberry_Duke,HOLLANDFOODSERVICE,NL-ZH,2026-11-01,2026-11-30,Monthly,,KG,2.925,2.925,2775.71875,xgboost_baseline
Blueberry_Duke,HOLLANDFOODSERVICE,NL-ZH,2026-12-01,2026-12-31,Monthly,,KG,2.925,2.925,2775.71875,xgboost_baseline
Blueberry_Duke,HOLLANDFOODSERVICE,NL-ZH,2027-01-01,2027-01-31,Monthly,,KG,2.925,2.925,2767.79443359375,xgboost_baseline
Blueberry_Duke,JUMBO,NL-GE,2026-02-01,2026-02-28,Monthly,,KG,2.655,2.655,2639.217041015625,xgboost_baseline
Blueberry_Duke,JUMBO,NL-GE,2026-03-01,2026-03-31,Monthly,,KG,2.655,2.655,2648.14111328125,xgboost_baseline
Blueberry_Duke,JUMBO,NL-GE,2026-04-01,2026-04-30,Monthly,,KG,2.655,2.655,2639.09765625,xgboost_baseline
Blueberry_Duke,JUMBO,NL-GE,2026-05-01,2026-05-31,Monthly,,KG,2.655,2.655,2629.822998046875,xgboost_baseline
Blueberry_Duke,JUMBO,NL-GE,2026-06-01,2026-06-30,Monthly,,KG,2.655,2.655,2629.777099609375,xgboost_baseline
Blueberry_Duke,JUMBO,NL-GE,2026-07-01,2026-07-31,Monthly,,KG,2.655,2.655,2629.822998046875,xgboost_baseline
Blueberry_Duke,JUMBO,NL-GE,2026-08-01,2026-08-31,Monthly,,KG,2.655,2.655,2629.791748046875,xgboost_baseline
Blueberry_Duke,JUMBO,NL-GE,2026-09-01,2026-09-30,Monthly,,KG,2.655,2.655,2629.791748046875,xgboost_baseline
Blueberry_Duke,JUMBO,NL-GE,2026-10-01,2026-10-31,Monthly,,KG,2.655,2.655,2629.880615234375,xgboost_baseline
Blueberry_Duke,JUMBO,NL-GE,2026-11-01,2026-11-30,Monthly,,KG,2.655,2.655,2629.868408203125,xgboost_baseline
Blueberry_Duke,JUMBO,NL-GE,2026-12-01,2026-12-31,Monthly,,KG,2.655,2.655,2661.204345703125,xgboost_baseline
Blueberry_Duke,JUMBO,NL-GE,2027-01-01,2027-01-31,Monthly,,KG,2.655,2.655,2630.41796875,xgboost_baseline
Blueberry_Duke,JUMBO,NL-NB,2026-02-01,2026-02-28,Monthly,,KG,2.741,2.741,2776.7236328125,xgboost_baseline
Blueberry_Duke,JUMBO,NL-NB,2026-03-01,2026-03-31,Monthly,,KG,2.741,2.741,2773.160400390625,xgboost_baseline
Blueberry_Duke,JUMBO,NL-NB,2026-04-01,2026-04-30,Monthly,,KG,2.741,2.741,2752.73095703125,xgboost_baseline
Blueberry_Duke,JUMBO,NL-NB,2026-05-01,2026-05-31,Monthly,,KG,2.741,2.741,2781.000732421875,xgboost_baseline
Blueberry_Duke,JUMBO,NL-NB,2026-06-01,2026-06-30,Monthly,,KG,2.741,2.741,2778.32958984375,xgboost_baseline
Blueberry_Duke,JUMBO,NL-NB,2026-07-01,2026-07-31,Monthly,,KG,2.741,2.741,2780.080078125,xgboost_baseline
Blueberry_Duke,JUMBO,NL-NB,2026-08-01,2026-08-31,Monthly,,KG,2.741,2.741,2778.153564453125,xgboost_baseline
Blueberry_Duke,JUMBO,NL-NB,2026-09-01,2026-09-30,Monthly,,KG,2.741,2.741,2807.753173828125,xgboost_baseline
Blueberry_Duke,JUMBO,NL-NB,2026-10-01,2026-10-31,Monthly,,KG,2.741,2.741,2838.68994140625,xgboost_baseline
Blueberry_Duke,JUMBO,NL-NB,2026-11-01,2026-11-30,Monthly,,KG,2.741,2.741,2838.385986328125,xgboost_baseline
Blueberry_Duke,JUMBO,NL-NB,2026-12-01,2026-12-31,Monthly,,KG,2.741,2.741,2861.579345703125,xgboost_baseline
Blueberry_Duke,JUMBO,NL-NB,2027-01-01,2027-01-31,Monthly,,KG,2.741,2.741,2828.521240234375,xgboost_baseline
Blueberry_Duke,JUMBO,NL-NH,2026-02-01,2026-02-28,Monthly,,KG,2.825,2.825,2775.208984375,xgboost_baseline
Blueberry_Duke,JUMBO,NL-NH,2026-03-01,2026-03-31,Monthly,,KG,2.825,2.825,2775.0205078125,xgboost_baseline
Blueberry_Duke,JUMBO,NL-NH,2026-04-01,2026-04-30,Monthly,,KG,2.825,2.825,2751.768310546875,xgboost_baseline
Blueberry_Duke,JUMBO,NL-NH,2026-05-01,2026-05-31,Monthly,,KG,2.825,2.825,2780.345947265625,xgboost_baseline
Blueberry_Duke,JUMBO,NL-NH,2026-06-01,2026-06-30,Monthly,,KG,2.825,2.825,2777.671875,xgboost_baseline
Blueberry_Duke,JUMBO,NL-NH,2026-07-01,2026-07-31,Monthly,,KG,2.825,2.825,2772.71826171875,xgboost_baseline
Blueberry_Duke,JUMBO,NL-NH,2026-08-01,2026-08-31,Monthly,,KG,2.825,2.825,2778.153564453125,xgboost_baseline
Blueberry_Duke,JUMBO,NL-NH,2026-09-01,2026-09-30,Monthly,,KG,2.825,2.825,2778.130126953125,xgboost_baseline
Blueberry_Duke,JUMBO,NL-NH,2026-10-01,2026-10-31,Monthly,,KG,2.825,2.825,2778.43408203125,xgboost_baseline
Blueberry_Duke,JUMBO,NL-NH,2026-11-01,2026-11-30,Monthly,,KG,2.825,2.825,2778.165771484375,xgboost_baseline
Blueberry_Duke,JUMBO,NL-NH,2026-12-01,2026-12-31,Monthly,,KG,2.825,2.825,2807.753173828125,xgboost_baseline
Blueberry_Duke,JUMBO,NL-NH,2027-01-01,2027-01-31,Monthly,,KG,2.825,2.825,2830.485107421875,xgboost_baseline
Blueberry_Duke,JUMBO,NL-ZH,2026-02-01,2026-02-28,Monthly,,KG,2.954,2.954,2776.45068359375,xgboost_baseline
Blueberry_Duke,JUMBO,NL-ZH,2026-03-01,2026-03-31,Monthly,,KG,2.954,2.954,3030.93212890625,xgboost_baseline
Blueberry_Duke,JUMBO,NL-ZH,2026-04-01,2026-04-30,Monthly,,KG,2.954,2.954,2798.640625,xgboost_baseline
Blueberry_Duke,JUMBO,NL-ZH,2026-05-01,2026-05-31,Monthly,,KG,2.954,2.954,2890.9677734375,xgboost_baseline
Blueberry_Duke,JUMBO,NL-ZH,2026-06-01,2026-06-30,Monthly,,KG,2.954,2.954,2899.57763671875,xgboost_baseline
Blueberry_Duke,JUMBO,NL-ZH,2026-07-01,2026-07-31,Monthly,,KG,2.954,2.954,2841.5966796875,xgboost_baseline
Blueberry_Duke,JUMBO,NL-ZH,2026-08-01,2026-08-31,Monthly,,KG,2.954,2.954,2838.787353515625,xgboost_baseline
Blueberry_Duke,JUMBO,NL-ZH,2026-09-01,2026-09-30,Monthly,,KG,2.954,2.954,2833.459716796875,xgboost_baseline
Blueberry_Duke,JUMBO,NL-ZH,2026-10-01,2026-10-31,Monthly,,KG,2.954,2.954,2859.203369140625,xgboost_baseline
Blueberry_Duke,JUMBO,NL-ZH,2026-11-01,2026-11-30,Monthly,,KG,2.954,2.954,2842.010498046875,xgboost_baseline
Blueberry_Duke,JUMBO,NL-ZH,2026-12-01,2026-12-31,Monthly,,KG,2.954,2.954,2841.862060546875,xgboost_baseline
Blueberry_Duke,JUMBO,NL-ZH,2027-01-01,2027-01-31,Monthly,,KG,2.954,2.954,2811.180419921875,xgboost_baseline
Blueberry_Duke,MELEDI,NL-GE,2026-02-01,2026-02-28,Monthly,,KG,2.647,2.647,2640.750732421875,xgboost_baseline
Blueberry_Duke,MELEDI,NL-GE,2026-03-01,2026-03-31,Monthly,,KG,2.647,2.647,2577.119140625,xgboost_baseline
Blueberry_Duke,MELEDI,NL-GE,2026-04-01,2026-04-30,Monthly,,KG,2.647,2.647,2577.0068359375,xgboost_baseline
Blueberry_Duke,MELEDI,NL-GE,2026-05-01,2026-05-31,Monthly,,KG,2.647,2.647,2633.000244140625,xgboost_baseline
Blueberry_Duke,MELEDI,NL-GE,2026-06-01,2026-06-30,Monthly,,KG,2.647,2.647,2633.000244140625,xgboost_baseline
Blueberry_Duke,MELEDI,NL-GE,2026-07-01,2026-07-31,Monthly,,KG,2.647,2.647,2633.000244140625,xgboost_baseline
Blueberry_Duke,MELEDI,NL-GE,2026-08-01,2026-08-31,Monthly,,KG,2.647,2.647,2628.871826171875,xgboost_baseline
Blueberry_Duke,MELEDI,NL-GE,2026-09-01,2026-09-30,Monthly,,KG,2.647,2.647,2628.871826171875,xgboost_baseline
Blueberry_Duke,MELEDI,NL-GE,2026-10-01,2026-10-31,Monthly,,KG,2.647,2.647,2628.87158203125,xgboost_baseline
Blueberry_Duke,MELEDI,NL-GE,2026-11-01,2026-11-30,Monthly,,KG,2.647,2.647,2628.87158203125,xgboost_baseline
Blueberry_Duke,MELEDI,NL-GE,2026-12-01,2026-12-31,Monthly,,KG,2.647,2.647,2628.87158203125,xgboost_baseline
Blueberry_Duke,MELEDI,NL-GE,2027-01-01,2027-01-31,Monthly,,KG,2.647,2.647,2625.362548828125,xgboost_baseline
Blueberry_Duke,MELEDI,NL-NB,2026-02-01,2026-02-28,Monthly,,KG,2.726,2.726,2755.194580078125,xgboost_baseline
Blueberry_Duke,MELEDI,NL-NB,2026-03-01,2026-03-31,Monthly,,KG,2.726,2.726,2713.161865234375,xgboost_baseline
Blueberry_Duke,MELEDI,NL-NB,2026-04-01,2026-04-30,Monthly,,KG,2.726,2.726,2713.058349609375,xgboost_baseline
Blueberry_Duke,MELEDI,NL-NB,2026-05-01,2026-05-31,Monthly,,KG,2.726,2.726,2779.700439453125,xgboost_baseline
Blueberry_Duke,MELEDI,NL-NB,2026-06-01,2026-06-30,Monthly,,KG,2.726,2.726,2773.523681640625,xgboost_baseline
Blueberry_Duke,MELEDI,NL-NB,2026-07-01,2026-07-31,Monthly,,KG,2.726,2.726,2773.523681640625,xgboost_baseline
Blueberry_Duke,MELEDI,NL-NB,2026-08-01,2026-08-31,Monthly,,KG,2.726,2.726,2775.99755859375,xgboost_baseline
Blueberry_Duke,MELEDI,NL-NB,2026-09-01,2026-09-30,Monthly,,KG,2.726,2.726,2775.99755859375,xgboost_baseline
Blueberry_Duke,MELEDI,NL-NB,2026-10-01,2026-10-31,Monthly,,KG,2.726,2.726,2775.998779296875,xgboost_baseline
Blueberry_Duke,MELEDI,NL-NB,2026-11-01,2026-11-30,Monthly,,KG,2.726,2.726,2775.71875,xgboost_baseline
Blueberry_Duke,MELEDI,NL-NB,2026-12-01,2026-12-31,Monthly,,KG,2.726,2.726,2775.71875,xgboost_baseline
Blueberry_Duke,MELEDI,NL-NB,2027-01-01,2027-01-31,Monthly,,KG,2.726,2.726,2767.79443359375,xgboost_baseline
Blueberry_Duke,MELEDI,NL-NH,2026-02-01,2026-02-28,Monthly,,KG,2.861,2.861,2771.08935546875,xgboost_baseline
Blueberry_Duke,MELEDI,NL-NH,2026-03-01,2026-03-31,Monthly,,KG,2.861,2.861,2713.161865234375,xgboost_baseline
Blueberry_Duke,MELEDI,NL-NH,2026-04-01,2026-04-30,Monthly,,KG,2.861,2.861,2713.058349609375,xgboost_baseline
Blueberry_Duke,MELEDI,NL-NH,2026-05-01,2026-05-31,Monthly,,KG,2.861,2.861,2779.700439453125,xgboost_baseline
Blueberry_Duke,MELEDI,NL-NH,2026-06-01,2026-06-30,Monthly,,KG,2.861,2.861,2773.523681640625,xgboost_baseline
Blueberry_Duke,MELEDI,NL-NH,2026-07-01,2026-07-31,Monthly,,KG,2.861,2.861,2773.523681640625,xgboost_baseline
Blueberry_Duke,MELEDI,NL-NH,2026-08-01,2026-08-31,Monthly,,KG,2.861,2.861,2775.717529296875,xgboost_baseline
Blueberry_Duke,MELEDI,NL-NH,2026-09-01,2026-09-30,Monthly,,KG,2.861,2.861,2775.99755859375,xgboost_baseline
Blueberry_Duke,MELEDI,NL-NH,2026-10-01,2026-10-31,Monthly,,KG,2.861,2.861,2775.998779296875,xgboost_baseline
Blueberry_Duke,MELEDI,NL-NH,2026-11-01,2026-11-30,Monthly,,KG,2.861,2.861,2775.71875,xgboost_baseline
Blueberry_Duke,MELEDI,NL-NH,2026-12-01,2026-12-31,Monthly,,KG,2.861,2.861,2775.71875,xgboost_baseline
Blueberry_Duke,MELEDI,NL-NH,2027-01-01,2027-01-31,Monthly,,KG,2.861,2.861,2767.79443359375,xgboost_baseline
Blueberry_Duke,MELEDI,NL-ZH,2026-02-01,2026-02-28,Monthly,,KG,2.965,2.965,2772.614990234375,xgboost_baseline
Blueberry_Duke,MELEDI,NL-ZH,2026-03-01,2026-03-31,Monthly,,KG,2.965,2.965,2713.161865234375,xgboost_baseline
Blueberry_Duke,MELEDI,NL-ZH,2026-04-01,2026-04-30,Monthly,,KG,2.965,2.965,2713.058349609375,xgboost_baseline
Blueberry_Duke,MELEDI,NL-ZH,2026-05-01,2026-05-31,Monthly,,KG,2.965,2.965,2779.700439453125,xgboost_baseline
Blueberry_Duke,MELEDI,NL-ZH,2026-06-01,2026-06-30,Monthly,,KG,2.965,2.965,2773.523681640625,xgboost_baseline
Blueberry_Duke,MELEDI,NL-ZH,2026-07-01,2026-07-31,Monthly,,KG,2.965,2.965,2773.523681640625,xgboost_baseline
Blueberry_Duke,MELEDI,NL-ZH,2026-08-01,2026-08-31,Monthly,,KG,2.965,2.965,2775.717529296875,xgboost_baseline
Blueberry_Duke,MELEDI,NL-ZH,2026-09-01,2026-09-30,Monthly,,KG,2.965,2.965,2775.99755859375,xgboost_baseline
Blueberry_Duke,MELEDI,NL-ZH,2026-10-01,2026-10-31,Monthly,,KG,2.965,2.965,2775.998779296875,xgboost_baseline
Blueberry_Duke,MELEDI,NL-ZH,2026-11-01,2026-11-30,Monthly,,KG,2.965,2.965,2775.71875,xgboost_baseline
Blueberry_Duke,MELEDI,NL-ZH,2026-12-01,2026-12-31,Monthly,,KG,2.965,2.965,2775.71875,xgboost_baseline
Blueberry_Duke,MELEDI,NL-ZH,2027-01-01,2027-01-31,Monthly,,KG,2.965,2.965,2767.79443359375,xgboost_baseline
Blueberry_Duke,PICNIC,NL-GE,2026-02-01,2026-02-28,Monthly,,KG,2.671,2.671,2623.00146484375,xgboost_baseline
Blueberry_Duke,PICNIC,NL-GE,2026-03-01,2026-03-31,Monthly,,KG,2.671,2.671,2576.817626953125,xgboost_baseline
Blueberry_Duke,PICNIC,NL-GE,2026-04-01,2026-04-30,Monthly,,KG,2.671,2.671,2576.705810546875,xgboost_baseline
Blueberry_Duke,PICNIC,NL-GE,2026-05-01,2026-05-31,Monthly,,KG,2.671,2.671,2632.6533203125,xgboost_baseline
Blueberry_Duke,PICNIC,NL-GE,2026-06-01,2026-06-30,Monthly,,KG,2.671,2.671,2632.6533203125,xgboost_baseline
Blueberry_Duke,PICNIC,NL-GE,2026-07-01,2026-07-31,Monthly,,KG,2.671,2.671,2632.6533203125,xgboost_baseline
Blueberry_Duke,PICNIC,NL-GE,2026-08-01,2026-08-31,Monthly,,KG,2.671,2.671,2628.525390625,xgboost_baseline
Blueberry_Duke,PICNIC,NL-GE,2026-09-01,2026-09-30,Monthly,,KG,2.671,2.671,2628.525390625,xgboost_baseline
Blueberry_Duke,PICNIC,NL-GE,2026-10-01,2026-10-31,Monthly,,KG,2.671,2.671,2628.525146484375,xgboost_baseline
Blueberry_Duke,PICNIC,NL-GE,2026-11-01,2026-11-30,Monthly,,KG,2.671,2.671,2628.525146484375,xgboost_baseline
Blueberry_Duke,PICNIC,NL-GE,2026-12-01,2026-12-31,Monthly,,KG,2.671,2.671,2628.525146484375,xgboost_baseline
Blueberry_Duke,PICNIC,NL-GE,2027-01-01,2027-01-31,Monthly,,KG,2.671,2.671,2625.01611328125,xgboost_baseline
Blueberry_Duke,PICNIC,NL-NB,2026-02-01,2026-02-28,Monthly,,KG,2.796,2.796,2755.194580078125,xgboost_baseline
Blueberry_Duke,PICNIC,NL-NB,2026-03-01,2026-03-31,Monthly,,KG,2.796,2.796,2713.161865234375,xgboost_baseline
Blueberry_Duke,PICNIC,NL-NB,2026-04-01,2026-04-30,Monthly,,KG,2.796,2.796,2713.058349609375,xgboost_baseline
Blueberry_Duke,PICNIC,NL-NB,2026-05-01,2026-05-31,Monthly,,KG,2.796,2.796,2779.700439453125,xgboost_baseline
Blueberry_Duke,PICNIC,NL-NB,2026-06-01,2026-06-30,Monthly,,KG,2.796,2.796,2773.523681640625,xgboost_baseline
Blueberry_Duke,PICNIC,NL-NB,2026-07-01,2026-07-31,Monthly,,KG,2.796,2.796,2773.523681640625,xgboost_baseline
Blueberry_Duke,PICNIC,NL-NB,2026-08-01,2026-08-31,Monthly,,KG,2.796,2.796,2775.99755859375,xgboost_baseline
Blueberry_Duke,PICNIC,NL-NB,2026-09-01,2026-09-30,Monthly,,KG,2.796,2.796,2775.99755859375,xgboost_baseline
Blueberry_Duke,PICNIC,NL-NB,2026-10-01,2026-10-31,Monthly,,KG,2.796,2.796,2775.998779296875,xgboost_baseline
Blueberry_Duke,PICNIC,NL-NB,2026-11-01,2026-11-30,Monthly,,KG,2.796,2.796,2775.71875,xgboost_baseline
Blueberry_Duke,PICNIC,NL-NB,2026-12-01,2026-12-31,Monthly,,KG,2.796,2.796,2775.71875,xgboost_baseline
Blueberry_Duke,PICNIC,NL-NB,2027-01-01,2027-01-31,Monthly,,KG,2.796,2.796,2767.79443359375,xgboost_baseline
Blueberry_Duke,PICNIC,NL-NH,2026-02-01,2026-02-28,Monthly,,KG,2.844,2.844,2755.194580078125,xgboost_baseline
Blueberry_Duke,PICNIC,NL-NH,2026-03-01,2026-03-31,Monthly,,KG,2.844,2.844,2713.161865234375,xgboost_baseline
Blueberry_Duke,PICNIC,NL-NH,2026-04-01,2026-04-30,Monthly,,KG,2.844,2.844,2713.058349609375,xgboost_baseline
Blueberry_Duke,PICNIC,NL-NH,2026-05-01,2026-05-31,Monthly,,KG,2.844,2.844,2779.700439453125,xgboost_baseline
Blueberry_Duke,PICNIC,NL-NH,2026-06-01,2026-06-30,Monthly,,KG,2.844,2.844,2773.523681640625,xgboost_baseline
Blueberry_Duke,PICNIC,NL-NH,2026-07-01,2026-07-31,Monthly,,KG,2.844,2.844,2773.523681640625,xgboost_baseline
Blueberry_Duke,PICNIC,NL-NH,2026-08-01,2026-08-31,Monthly,,KG,2.844,2.844,2775.99755859375,xgboost_baseline
Blueberry_Duke,PICNIC,NL-NH,2026-09-01,2026-09-30,Monthly,,KG,2.844,2.844,2775.99755859375,xgboost_baseline
Blueberry_Duke,PICNIC,NL-NH,2026-10-01,2026-10-31,Monthly,,KG,2.844,2.844,2775.998779296875,xgboost_baseline
Blueberry_Duke,PICNIC,NL-NH,2026-11-01,2026-11-30,Monthly,,KG,2.844,2.844,2775.71875,xgboost_baseline
Blueberry_Duke,PICNIC,NL-NH,2026-12-01,2026-12-31,Monthly,,KG,2.844,2.844,2775.71875,xgboost_baseline
Blueberry_Duke,PICNIC,NL-NH,2027-01-01,2027-01-31,Monthly,,KG,2.844,2.844,2767.79443359375,xgboost_baseline
Blueberry_Duke,PICNIC,NL-ZH,2026-02-01,2026-02-28,Monthly,,KG,2.925,2.925,2755.194580078125,xgboost_baseline
Blueberry_Duke,PICNIC,NL-ZH,2026-03-01,2026-03-31,Monthly,,KG,2.925,2.925,2713.161865234375,xgboost_baseline
Blueberry_Duke,PICNIC,NL-ZH,2026-04-01,2026-04-30,Monthly,,KG,2.925,2.925,2713.058349609375,xgboost_baseline
Blueberry_Duke,PICNIC,NL-ZH,2026-05-01,2026-05-31,Monthly,,KG,2.925,2.925,2779.700439453125,xgboost_baseline
Blueberry_Duke,PICNIC,NL-ZH,2026-06-01,2026-06-30,Monthly,,KG,2.925,2.925,2773.523681640625,xgboost_baseline
Blueberry_Duke,PICNIC,NL-ZH,2026-07-01,2026-07-31,Monthly,,KG,2.925,2.925,2773.523681640625,xgboost_baseline
Blueberry_Duke,PICNIC,NL-ZH,2026-08-01,2026-08-31,Monthly,,KG,2.925,2.925,2775.99755859375,xgboost_baseline
Blueberry_Duke,PICNIC,NL-ZH,2026-09-01,2026-09-30,Monthly,,KG,2.925,2.925,2775.99755859375,xgboost_baseline
Blueberry_Duke,PICNIC,NL-ZH,2026-10-01,2026-10-31,Monthly,,KG,2.925,2.925,2775.998779296875,xgboost_baseline
Blueberry_Duke,PICNIC,NL-ZH,2026-11-01,2026-11-30,Monthly,,KG,2.925,2.925,2775.71875,xgboost_baseline
Blueberry_Duke,PICNIC,NL-ZH,2026-12-01,2026-12-31,Monthly,,KG,2.925,2.925,2775.71875,xgboost_baseline
Blueberry_Duke,PICNIC,NL-ZH,2027-01-01,2027-01-31,Monthly,,KG,2.925,2.925,2767.79443359375,xgboost_baseline
Blueberry_Duke,PLUS,NL-GE,2026-02-01,2026-02-28,Monthly,,KG,2.685,2.685,2758.435302734375,xgboost_baseline
Blueberry_Duke,PLUS,NL-GE,2026-03-01,2026-03-31,Monthly,,KG,2.685,2.685,2786.3408203125,xgboost_baseline
Blueberry_Duke,PLUS,NL-GE,2026-04-01,2026-04-30,Monthly,,KG,2.685,2.685,2786.306396484375,xgboost_baseline
Blueberry_Duke,PLUS,NL-GE,2026-05-01,2026-05-31,Monthly,,KG,2.685,2.685,2780.080078125,xgboost_baseline
Blueberry_Duke,PLUS,NL-GE,2026-06-01,2026-06-30,Monthly,,KG,2.685,2.685,2781.000244140625,xgboost_baseline
Blueberry_Duke,PLUS,NL-GE,2026-07-01,2026-07-31,Monthly,,KG,2.685,2.685,2781.076904296875,xgboost_baseline
Blueberry_Duke,PLUS,NL-GE,2026-08-01,2026-08-31,Monthly,,KG,2.685,2.685,2778.43408203125,xgboost_baseline
Blueberry_Duke,PLUS,NL-GE,2026-09-01,2026-09-30,Monthly,,KG,2.685,2.685,2778.153564453125,xgboost_baseline
Blueberry_Duke,PLUS,NL-GE,2026-10-01,2026-10-31,Monthly,,KG,2.685,2.685,2778.153564453125,xgboost_baseline
Blueberry_Duke,PLUS,NL-GE,2026-11-01,2026-11-30,Monthly,,KG,2.685,2.685,2778.130126953125,xgboost_baseline
Blueberry_Duke,PLUS,NL-GE,2026-12-01,2026-12-31,Monthly,,KG,2.685,2.685,2778.130126953125,xgboost_baseline
Blueberry_Duke,PLUS,NL-GE,2027-01-01,2027-01-31,Monthly,,KG,2.685,2.685,2770.205810546875,xgboost_baseline
Blueberry_Duke,PLUS,NL-NB,2026-02-01,2026-02-28,Monthly,,KG,2.705,2.705,2774.0498046875,xgboost_baseline
Blueberry_Duke,PLUS,NL-NB,2026-03-01,2026-03-31,Monthly,,KG,2.705,2.705,2801.836669921875,xgboost_baseline
Blueberry_Duke,PLUS,NL-NB,2026-04-01,2026-04-30,Monthly,,KG,2.705,2.705,2853.33203125,xgboost_baseline
Blueberry_Duke,PLUS,NL-NB,2026-05-01,2026-05-31,Monthly,,KG,2.705,2.705,2838.585205078125,xgboost_baseline
Blueberry_Duke,PLUS,NL-NB,2026-06-01,2026-06-30,Monthly,,KG,2.705,2.705,2839.02734375,xgboost_baseline
Blueberry_Duke,PLUS,NL-NB,2026-07-01,2026-07-31,Monthly,,KG,2.705,2.705,2841.657470703125,xgboost_baseline
Blueberry_Duke,PLUS,NL-NB,2026-08-01,2026-08-31,Monthly,,KG,2.705,2.705,2838.787353515625,xgboost_baseline
Blueberry_Duke,PLUS,NL-NB,2026-09-01,2026-09-30,Monthly,,KG,2.705,2.705,2861.539794921875,xgboost_baseline
Blueberry_Duke,PLUS,NL-NB,2026-10-01,2026-10-31,Monthly,,KG,2.705,2.705,2821.762451171875,xgboost_baseline
Blueberry_Duke,PLUS,NL-NB,2026-11-01,2026-11-30,Monthly,,KG,2.705,2.705,2842.010498046875,xgboost_baseline
Blueberry_Duke,PLUS,NL-NB,2026-12-01,2026-12-31,Monthly,,KG,2.705,2.705,2991.95166015625,xgboost_baseline
Blueberry_Duke,PLUS,NL-NB,2027-01-01,2027-01-31,Monthly,,KG,2.705,2.705,2814.447265625,xgboost_baseline
Blueberry_Duke,PLUS,NL-NH,2026-02-01,2026-02-28,Monthly,,KG,2.796,2.796,2775.19091796875,xgboost_baseline
Blueberry_Duke,PLUS,NL-NH,2026-03-01,2026-03-31,Monthly,,KG,2.796,2.796,2783.546142578125,xgboost_baseline
Blueberry_Duke,PLUS,NL-NH,2026-04-01,2026-04-30,Monthly,,KG,2.796,2.796,2722.763916015625,xgboost_baseline
Blueberry_Duke,PLUS,NL-NH,2026-05-01,2026-05-31,Monthly,,KG,2.796,2.796,2777.5869140625,xgboost_baseline
Blueberry_Duke,PLUS,NL-NH,2026-06-01,2026-06-30,Monthly,,KG,2.796,2.796,2777.617431640625,xgboost_baseline
Blueberry_Duke,PLUS,NL-NH,2026-07-01,2026-07-31,Monthly,,KG,2.796,2.796,2772.617919921875,xgboost_baseline
Blueberry_Duke,PLUS,NL-NH,2026-08-01,2026-08-31,Monthly,,KG,2.796,2.796,2778.130126953125,xgboost_baseline
Blueberry_Duke,PLUS,NL-NH,2026-09-01,2026-09-30,Monthly,,KG,2.796,2.796,2778.130126953125,xgboost_baseline
Blueberry_Duke,PLUS,NL-NH,2026-10-01,2026-10-31,Monthly,,KG,2.796,2.796,2808.03369140625,xgboost_baseline
Blueberry_Duke,PLUS,NL-NH,2026-11-01,2026-11-30,Monthly,,KG,2.796,2.796,2861.138427734375,xgboost_baseline
Blueberry_Duke,PLUS,NL-NH,2026-12-01,2026-12-31,Monthly,,KG,2.796,2.796,2858.821044921875,xgboost_baseline
Blueberry_Duke,PLUS,NL-NH,2027-01-01,2027-01-31,Monthly,,KG,2.796,2.796,2830.926025390625,xgboost_baseline
Blueberry_Duke,PLUS,NL-ZH,2026-02-01,2026-02-28,Monthly,,KG,2.898,2.898,2773.970703125,xgboost_baseline
Blueberry_Duke,PLUS,NL-ZH,2026-03-01,2026-03-31,Monthly,,KG,2.898,2.898,2852.83642578125,xgboost_baseline
Blueberry_Duke,PLUS,NL-ZH,2026-04-01,2026-04-30,Monthly,,KG,2.898,2.898,2848.7705078125,xgboost_baseline
Blueberry_Duke,PLUS,NL-ZH,2026-05-01,2026-05-31,Monthly,,KG,2.898,2.898,2838.600830078125,xgboost_baseline
Blueberry_Duke,PLUS,NL-ZH,2026-06-01,2026-06-30,Monthly,,KG,2.898,2.898,2840.131103515625,xgboost_baseline
Blueberry_Duke,PLUS,NL-ZH,2026-07-01,2026-07-31,Monthly,,KG,2.898,2.898,2839.002197265625,xgboost_baseline
Blueberry_Duke,PLUS,NL-ZH,2026-08-01,2026-08-31,Monthly,,KG,2.898,2.898,2861.539794921875,xgboost_baseline
Blueberry_Duke,PLUS,NL-ZH,2026-09-01,2026-09-30,Monthly,,KG,2.898,2.898,2932.385986328125,xgboost_baseline
Blueberry_Duke,PLUS,NL-ZH,2026-10-01,2026-10-31,Monthly,,KG,2.898,2.898,2841.8564453125,xgboost_baseline
Blueberry_Duke,PLUS,NL-ZH,2026-11-01,2026-11-30,Monthly,,KG,2.898,2.898,2841.862060546875,xgboost_baseline
Blueberry_Duke,PLUS,NL-ZH,2026-12-01,2026-12-31,Monthly,,KG,2.898,2.898,3025.284423828125,xgboost_baseline
Blueberry_Duke,PLUS,NL-ZH,2027-01-01,2027-01-31,Monthly,,KG,2.898,2.898,2889.551025390625,xgboost_baseline
Blueberry_Duke,SLIGRO,NL-GE,2026-02-01,2026-02-28,Monthly,,KG,2.642,2.642,2642.76025390625,xgboost_baseline
Blueberry_Duke,SLIGRO,NL-GE,2026-03-01,2026-03-31,Monthly,,KG,2.642,2.642,2578.33544921875,xgboost_baseline
Blueberry_Duke,SLIGRO,NL-GE,2026-04-01,2026-04-30,Monthly,,KG,2.642,2.642,2578.22314453125,xgboost_baseline
Blueberry_Duke,SLIGRO,NL-GE,2026-05-01,2026-05-31,Monthly,,KG,2.642,2.642,2636.55078125,xgboost_baseline
Blueberry_Duke,SLIGRO,NL-GE,2026-06-01,2026-06-30,Monthly,,KG,2.642,2.642,2636.55078125,xgboost_baseline
Blueberry_Duke,SLIGRO,NL-GE,2026-07-01,2026-07-31,Monthly,,KG,2.642,2.642,2636.55078125,xgboost_baseline
Blueberry_Duke,SLIGRO,NL-GE,2026-08-01,2026-08-31,Monthly,,KG,2.642,2.642,2632.426513671875,xgboost_baseline
Blueberry_Duke,SLIGRO,NL-GE,2026-09-01,2026-09-30,Monthly,,KG,2.642,2.642,2632.426513671875,xgboost_baseline
Blueberry_Duke,SLIGRO,NL-GE,2026-10-01,2026-10-31,Monthly,,KG,2.642,2.642,2632.42626953125,xgboost_baseline
Blueberry_Duke,SLIGRO,NL-GE,2026-11-01,2026-11-30,Monthly,,KG,2.642,2.642,2632.42626953125,xgboost_baseline
Blueberry_Duke,SLIGRO,NL-GE,2026-12-01,2026-12-31,Monthly,,KG,2.642,2.642,2632.42626953125,xgboost_baseline
Blueberry_Duke,SLIGRO,NL-GE,2027-01-01,2027-01-31,Monthly,,KG,2.642,2.642,2628.91748046875,xgboost_baseline
Blueberry_Duke,SLIGRO,NL-NB,2026-02-01,2026-02-28,Monthly,,KG,2.765,2.765,2772.614990234375,xgboost_baseline
Blueberry_Duke,SLIGRO,NL-NB,2026-03-01,2026-03-31,Monthly,,KG,2.765,2.765,2713.161865234375,xgboost_baseline
Blueberry_Duke,SLIGRO,NL-NB,2026-04-01,2026-04-30,Monthly,,KG,2.765,2.765,2713.058349609375,xgboost_baseline
Blueberry_Duke,SLIGRO,NL-NB,2026-05-01,2026-05-31,Monthly,,KG,2.765,2.765,2779.700439453125,xgboost_baseline
Blueberry_Duke,SLIGRO,NL-NB,2026-06-01,2026-06-30,Monthly,,KG,2.765,2.765,2773.523681640625,xgboost_baseline
Blueberry_Duke,SLIGRO,NL-NB,2026-07-01,2026-07-31,Monthly,,KG,2.765,2.765,2773.523681640625,xgboost_baseline
Blueberry_Duke,SLIGRO,NL-NB,2026-08-01,2026-08-31,Monthly,,KG,2.765,2.765,2775.717529296875,xgboost_baseline
Blueberry_Duke,SLIGRO,NL-NB,2026-09-01,2026-09-30,Monthly,,KG,2.765,2.765,2775.99755859375,xgboost_baseline
Blueberry_Duke,SLIGRO,NL-NB,2026-10-01,2026-10-31,Monthly,,KG,2.765,2.765,2775.998779296875,xgboost_baseline
Blueberry_Duke,SLIGRO,NL-NB,2026-11-01,2026-11-30,Monthly,,KG,2.765,2.765,2775.71875,xgboost_baseline
Blueberry_Duke,SLIGRO,NL-NB,2026-12-01,2026-12-31,Monthly,,KG,2.765,2.765,2775.71875,xgboost_baseline
Blueberry_Duke,SLIGRO,NL-NB,2027-01-01,2027-01-31,Monthly,,KG,2.765,2.765,2767.79443359375,xgboost_baseline
Blueberry_Duke,SLIGRO,NL-NH,2026-02-01,2026-02-28,Monthly,,KG,2.896,2.896,2755.194580078125,xgboost_baseline
Blueberry_Duke,SLIGRO,NL-NH,2026-03-01,2026-03-31,Monthly,,KG,2.896,2.896,2713.161865234375,xgboost_baseline
Blueberry_Duke,SLIGRO,NL-NH,2026-04-01,2026-04-30,Monthly,,KG,2.896,2.896,2713.058349609375,xgboost_baseline
Blueberry_Duke,SLIGRO,NL-NH,2026-05-01,2026-05-31,Monthly,,KG,2.896,2.896,2779.700439453125,xgboost_baseline
Blueberry_Duke,SLIGRO,NL-NH,2026-06-01,2026-06-30,Monthly,,KG,2.896,2.896,2773.523681640625,xgboost_baseline
Blueberry_Duke,SLIGRO,NL-NH,2026-07-01,2026-07-31,Monthly,,KG,2.896,2.896,2773.523681640625,xgboost_baseline
Blueberry_Duke,SLIGRO,NL-NH,2026-08-01,2026-08-31,Monthly,,KG,2.896,2.896,2775.99755859375,xgboost_baseline
Blueberry_Duke,SLIGRO,NL-NH,2026-09-01,2026-09-30,Monthly,,KG,2.896,2.896,2775.99755859375,xgboost_baseline
Blueberry_Duke,SLIGRO,NL-NH,2026-10-01,2026-10-31,Monthly,,KG,2.896,2.896,2775.998779296875,xgboost_baseline
Blueberry_Duke,SLIGRO,NL-NH,2026-11-01,2026-11-30,Monthly,,KG,2.896,2.896,2775.71875,xgboost_baseline
Blueberry_Duke,SLIGRO,NL-NH,2026-12-01,2026-12-31,Monthly,,KG,2.896,2.896,2775.71875,xgboost_baseline
Blueberry_Duke,SLIGRO,NL-NH,2027-01-01,2027-01-31,Monthly,,KG,2.896,2.896,2767.79443359375,xgboost_baseline
Blueberry_Duke,SLIGRO,NL-ZH,2026-02-01,2026-02-28,Monthly,,KG,2.951,2.951,2772.614990234375,xgboost_baseline
Blueberry_Duke,SLIGRO,NL-ZH,2026-03-01,2026-03-31,Monthly,,KG,2.951,2.951,2713.161865234375,xgboost_baseline
Blueberry_Duke,SLIGRO,NL-ZH,2026-04-01,2026-04-30,Monthly,,KG,2.951,2.951,2713.058349609375,xgboost_baseline
Blueberry_Duke,SLIGRO,NL-ZH,2026-05-01,2026-05-31,Monthly,,KG,2.951,2.951,2779.700439453125,xgboost_baseline
Blueberry_Duke,SLIGRO,NL-ZH,2026-06-01,2026-06-30,Monthly,,KG,2.951,2.951,2773.523681640625,xgboost_baseline
Blueberry_Duke,SLIGRO,NL-ZH,2026-07-01,2026-07-31,Monthly,,KG,2.951,2.951,2773.523681640625,xgboost_baseline
Blueberry_Duke,SLIGRO,NL-ZH,2026-08-01,2026-08-31,Monthly,,KG,2.951,2.951,2775.717529296875,xgboost_baseline
Blueberry_Duke,SLIGRO,NL-ZH,2026-09-01,2026-09-30,Monthly,,KG,2.951,2.951,2775.99755859375,xgboost_baseline
Blueberry_Duke,SLIGRO,NL-ZH,2026-10-01,2026-10-31,Monthly,,KG,2.951,2.951,2775.998779296875,xgboost_baseline
Blueberry_Duke,SLIGRO,NL-ZH,2026-11-01,2026-11-30,Monthly,,KG,2.951,2.951,2775.71875,xgboost_baseline
Blueberry_Duke,SLIGRO,NL-ZH,2026-12-01,2026-12-31,Monthly,,KG,2.951,2.951,2775.71875,xgboost_baseline
Blueberry_Duke,SLIGRO,NL-ZH,2027-01-01,2027-01-31,Monthly,,KG,2.951,2.951,2767.79443359375,xgboost_baseline
Blueberry_SekoyaPop,AH,NL-GE,2026-02-01,2026-02-28,Monthly,,KG,2.649,2.649,2714.967041015625,xgboost_baseline
Blueberry_SekoyaPop,AH,NL-GE,2026-03-01,2026-03-31,Monthly,,KG,2.649,2.649,2975.97705078125,xgboost_baseline
Blueberry_SekoyaPop,AH,NL-GE,2026-04-01,2026-04-30,Monthly,,KG,2.649,2.649,2793.646728515625,xgboost_baseline
Blueberry_SekoyaPop,AH,NL-GE,2026-05-01,2026-05-31,Monthly,,KG,2.649,2.649,2764.4228515625,xgboost_baseline
Blueberry_SekoyaPop,AH,NL-GE,2026-06-01,2026-06-30,Monthly,,KG,2.649,2.649,2674.93701171875,xgboost_baseline
Blueberry_SekoyaPop,AH,NL-GE,2026-07-01,2026-07-31,Monthly,,KG,2.649,2.649,2626.463623046875,xgboost_baseline
Blueberry_SekoyaPop,AH,NL-GE,2026-08-01,2026-08-31,Monthly,,KG,2.649,2.649,2932.845458984375,xgboost_baseline
Blueberry_SekoyaPop,AH,NL-GE,2026-09-01,2026-09-30,Monthly,,KG,2.649,2.649,3093.79638671875,xgboost_baseline
Blueberry_SekoyaPop,AH,NL-GE,2026-10-01,2026-10-31,Monthly,,KG,2.649,2.649,2933.875,xgboost_baseline
Blueberry_SekoyaPop,AH,NL-GE,2026-11-01,2026-11-30,Monthly,,KG,2.649,2.649,3087.60205078125,xgboost_baseline
Blueberry_SekoyaPop,AH,NL-GE,2026-12-01,2026-12-31,Monthly,,KG,2.649,2.649,3101.840087890625,xgboost_baseline
Blueberry_SekoyaPop,AH,NL-GE,2027-01-01,2027-01-31,Monthly,,KG,2.649,2.649,3072.2197265625,xgboost_baseline
Blueberry_SekoyaPop,AH,NL-NB,2026-02-01,2026-02-28,Monthly,,KG,2.781,2.781,2785.79296875,xgboost_baseline
Blueberry_SekoyaPop,AH,NL-NB,2026-03-01,2026-03-31,Monthly,,KG,2.781,2.781,2982.751708984375,xgboost_baseline
Blueberry_SekoyaPop,AH,NL-NB,2026-04-01,2026-04-30,Monthly,,KG,2.781,2.781,2871.9228515625,xgboost_baseline
Blueberry_SekoyaPop,AH,NL-NB,2026-05-01,2026-05-31,Monthly,,KG,2.781,2.781,2898.5009765625,xgboost_baseline
Blueberry_SekoyaPop,AH,NL-NB,2026-06-01,2026-06-30,Monthly,,KG,2.781,2.781,2815.8046875,xgboost_baseline
Blueberry_SekoyaPop,AH,NL-NB,2026-07-01,2026-07-31,Monthly,,KG,2.781,2.781,2859.60009765625,xgboost_baseline
Blueberry_SekoyaPop,AH,NL-NB,2026-08-01,2026-08-31,Monthly,,KG,2.781,2.781,3054.28125,xgboost_baseline
Blueberry_SekoyaPop,AH,NL-NB,2026-09-01,2026-09-30,Monthly,,KG,2.781,2.781,3109.849853515625,xgboost_baseline
Blueberry_SekoyaPop,AH,NL-NB,2026-10-01,2026-10-31,Monthly,,KG,2.781,2.781,3109.80615234375,xgboost_baseline
Blueberry_SekoyaPop,AH,NL-NB,2026-11-01,2026-11-30,Monthly,,KG,2.781,2.781,3002.62060546875,xgboost_baseline
Blueberry_SekoyaPop,AH,NL-NB,2026-12-01,2026-12-31,Monthly,,KG,2.781,2.781,3044.233154296875,xgboost_baseline
Blueberry_SekoyaPop,AH,NL-NB,2027-01-01,2027-01-31,Monthly,,KG,2.781,2.781,2989.533935546875,xgboost_baseline
Blueberry_SekoyaPop,AH,NL-NH,2026-02-01,2026-02-28,Monthly,,KG,2.813,2.813,2791.7412109375,xgboost_baseline
Blueberry_SekoyaPop,AH,NL-NH,2026-03-01,2026-03-31,Monthly,,KG,2.813,2.813,3032.379150390625,xgboost_baseline
Blueberry_SekoyaPop,AH,NL-NH,2026-04-01,2026-04-30,Monthly,,KG,2.813,2.813,2866.00634765625,xgboost_baseline
Blueberry_SekoyaPop,AH,NL-NH,2026-05-01,2026-05-31,Monthly,,KG,2.813,2.813,2896.2353515625,xgboost_baseline
Blueberry_SekoyaPop,AH,NL-NH,2026-06-01,2026-06-30,Monthly,,KG,2.813,2.813,2813.939697265625,xgboost_baseline
Blueberry_SekoyaPop,AH,NL-NH,2026-07-01,2026-07-31,Monthly,,KG,2.813,2.813,2836.865966796875,xgboost_baseline
Blueberry_SekoyaPop,AH,NL-NH,2026-08-01,2026-08-31,Monthly,,KG,2.813,2.813,3054.281494140625,xgboost_baseline
Blueberry_SekoyaPop,AH,NL-NH,2026-09-01,2026-09-30,Monthly,,KG,2.813,2.813,3065.958251953125,xgboost_baseline
Blueberry_SekoyaPop,AH,NL-NH,2026-10-01,2026-10-31,Monthly,,KG,2.813,2.813,3109.82666015625,xgboost_baseline
Blueberry_SekoyaPop,AH,NL-NH,2026-11-01,2026-11-30,Monthly,,KG,2.813,2.813,3002.724365234375,xgboost_baseline
Blueberry_SekoyaPop,AH,NL-NH,2026-12-01,2026-12-31,Monthly,,KG,2.813,2.813,3044.323486328125,xgboost_baseline
Blueberry_SekoyaPop,AH,NL-NH,2027-01-01,2027-01-31,Monthly,,KG,2.813,2.813,2909.888671875,xgboost_baseline
Blueberry_SekoyaPop,AH,NL-ZH,2026-02-01,2026-02-28,Monthly,,KG,2.953,2.953,2857.315673828125,xgboost_baseline
Blueberry_SekoyaPop,AH,NL-ZH,2026-03-01,2026-03-31,Monthly,,KG,2.953,2.953,2769.06103515625,xgboost_baseline
Blueberry_SekoyaPop,AH,NL-ZH,2026-04-01,2026-04-30,Monthly,,KG,2.953,2.953,2831.208251953125,xgboost_baseline
Blueberry_SekoyaPop,AH,NL-ZH,2026-05-01,2026-05-31,Monthly,,KG,2.953,2.953,2867.132080078125,xgboost_baseline
Blueberry_SekoyaPop,AH,NL-ZH,2026-06-01,2026-06-30,Monthly,,KG,2.953,2.953,2730.1953125,xgboost_baseline
Blueberry_SekoyaPop,AH,NL-ZH,2026-07-01,2026-07-31,Monthly,,KG,2.953,2.953,2798.356689453125,xgboost_baseline
Blueberry_SekoyaPop,AH,NL-ZH,2026-08-01,2026-08-31,Monthly,,KG,2.953,2.953,3025.023193359375,xgboost_baseline
Blueberry_SekoyaPop,AH,NL-ZH,2026-09-01,2026-09-30,Monthly,,KG,2.953,2.953,3123.38134765625,xgboost_baseline
Blueberry_SekoyaPop,AH,NL-ZH,2026-10-01,2026-10-31,Monthly,,KG,2.953,2.953,3110.14990234375,xgboost_baseline
Blueberry_SekoyaPop,AH,NL-ZH,2026-11-01,2026-11-30,Monthly,,KG,2.953,2.953,3004.97216796875,xgboost_baseline
Blueberry_SekoyaPop,AH,NL-ZH,2026-12-01,2026-12-31,Monthly,,KG,2.953,2.953,3043.793701171875,xgboost_baseline
Blueberry_SekoyaPop,AH,NL-ZH,2027-01-01,2027-01-31,Monthly,,KG,2.953,2.953,3020.9453125,xgboost_baseline
Blueberry_SekoyaPop,FLINK,NL-GE,2026-02-01,2026-02-28,Monthly,,KG,2.707,2.707,2755.194580078125,xgboost_baseline
Blueberry_SekoyaPop,FLINK,NL-GE,2026-03-01,2026-03-31,Monthly,,KG,2.707,2.707,2713.161865234375,xgboost_baseline
Blueberry_SekoyaPop,FLINK,NL-GE,2026-04-01,2026-04-30,Monthly,,KG,2.707,2.707,2713.058349609375,xgboost_baseline
Blueberry_SekoyaPop,FLINK,NL-GE,2026-05-01,2026-05-31,Monthly,,KG,2.707,2.707,2779.700439453125,xgboost_baseline
Blueberry_SekoyaPop,FLINK,NL-GE,2026-06-01,2026-06-30,Monthly,,KG,2.707,2.707,2773.523681640625,xgboost_baseline
Blueberry_SekoyaPop,FLINK,NL-GE,2026-07-01,2026-07-31,Monthly,,KG,2.707,2.707,2773.523681640625,xgboost_baseline
Blueberry_SekoyaPop,FLINK,NL-GE,2026-08-01,2026-08-31,Monthly,,KG,2.707,2.707,2775.99755859375,xgboost_baseline
Blueberry_SekoyaPop,FLINK,NL-GE,2026-09-01,2026-09-30,Monthly,,KG,2.707,2.707,2775.99755859375,xgboost_baseline
Blueberry_SekoyaPop,FLINK,NL-GE,2026-10-01,2026-10-31,Monthly,,KG,2.707,2.707,2775.998779296875,xgboost_baseline
Blueberry_SekoyaPop,FLINK,NL-GE,2026-11-01,2026-11-30,Monthly,,KG,2.707,2.707,2775.71875,xgboost_baseline
Blueberry_SekoyaPop,FLINK,NL-GE,2026-12-01,2026-12-31,Monthly,,KG,2.707,2.707,2775.71875,xgboost_baseline
Blueberry_SekoyaPop,FLINK,NL-GE,2027-01-01,2027-01-31,Monthly,,KG,2.707,2.707,2767.79443359375,xgboost_baseline
Blueberry_SekoyaPop,FLINK,NL-NB,2026-02-01,2026-02-28,Monthly,,KG,2.714,2.714,2755.194580078125,xgboost_baseline
Blueberry_SekoyaPop,FLINK,NL-NB,2026-03-01,2026-03-31,Monthly,,KG,2.714,2.714,2713.161865234375,xgboost_baseline
Blueberry_SekoyaPop,FLINK,NL-NB,2026-04-01,2026-04-30,Monthly,,KG,2.714,2.714,2713.058349609375,xgboost_baseline
Blueberry_SekoyaPop,FLINK,NL-NB,2026-05-01,2026-05-31,Monthly,,KG,2.714,2.714,2779.700439453125,xgboost_baseline
Blueberry_SekoyaPop,FLINK,NL-NB,2026-06-01,2026-06-30,Monthly,,KG,2.714,2.714,2773.523681640625,xgboost_baseline
Blueberry_SekoyaPop,FLINK,NL-NB,2026-07-01,2026-07-31,Monthly,,KG,2.714,2.714,2773.523681640625,xgboost_baseline
Blueberry_SekoyaPop,FLINK,NL-NB,2026-08-01,2026-08-31,Monthly,,KG,2.714,2.714,2775.99755859375,xgboost_baseline
Blueberry_SekoyaPop,FLINK,NL-NB,2026-09-01,2026-09-30,Monthly,,KG,2.714,2.714,2775.99755859375,xgboost_baseline
Blueberry_SekoyaPop,FLINK,NL-NB,2026-10-01,2026-10-31,Monthly,,KG,2.714,2.714,2775.998779296875,xgboost_baseline
Blueberry_SekoyaPop,FLINK,NL-NB,2026-11-01,2026-11-30,Monthly,,KG,2.714,2.714,2775.71875,xgboost_baseline
Blueberry_SekoyaPop,FLINK,NL-NB,2026-12-01,2026-12-31,Monthly,,KG,2.714,2.714,2775.71875,xgboost_baseline
Blueberry_SekoyaPop,FLINK,NL-NB,2027-01-01,2027-01-31,Monthly,,KG,2.714,2.714,2767.79443359375,xgboost_baseline
Blueberry_SekoyaPop,FLINK,NL-NH,2026-02-01,2026-02-28,Monthly,,KG,2.876,2.876,2772.614990234375,xgboost_baseline
Blueberry_SekoyaPop,FLINK,NL-NH,2026-03-01,2026-03-31,Monthly,,KG,2.876,2.876,2713.161865234375,xgboost_baseline
Blueberry_SekoyaPop,FLINK,NL-NH,2026-04-01,2026-04-30,Monthly,,KG,2.876,2.876,2713.058349609375,xgboost_baseline
Blueberry_SekoyaPop,FLINK,NL-NH,2026-05-01,2026-05-31,Monthly,,KG,2.876,2.876,2779.700439453125,xgboost_baseline
Blueberry_SekoyaPop,FLINK,NL-NH,2026-06-01,2026-06-30,Monthly,,KG,2.876,2.876,2773.523681640625,xgboost_baseline
Blueberry_SekoyaPop,FLINK,NL-NH,2026-07-01,2026-07-31,Monthly,,KG,2.876,2.876,2773.523681640625,xgboost_baseline
Blueberry_SekoyaPop,FLINK,NL-NH,2026-08-01,2026-08-31,Monthly,,KG,2.876,2.876,2775.717529296875,xgboost_baseline
Blueberry_SekoyaPop,FLINK,NL-NH,2026-09-01,2026-09-30,Monthly,,KG,2.876,2.876,2775.99755859375,xgboost_baseline
Blueberry_SekoyaPop,FLINK,NL-NH,2026-10-01,2026-10-31,Monthly,,KG,2.876,2.876,2775.998779296875,xgboost_baseline
Blueberry_SekoyaPop,FLINK,NL-NH,2026-11-01,2026-11-30,Monthly,,KG,2.876,2.876,2775.71875,xgboost_baseline
Blueberry_SekoyaPop,FLINK,NL-NH,2026-12-01,2026-12-31,Monthly,,KG,2.876,2.876,2775.71875,xgboost_baseline
Blueberry_SekoyaPop,FLINK,NL-NH,2027-01-01,2027-01-31,Monthly,,KG,2.876,2.876,2767.79443359375,xgboost_baseline
Blueberry_SekoyaPop,FLINK,NL-ZH,2026-02-01,2026-02-28,Monthly,,KG,2.902,2.902,2772.614990234375,xgboost_baseline
Blueberry_SekoyaPop,FLINK,NL-ZH,2026-03-01,2026-03-31,Monthly,,KG,2.902,2.902,2713.161865234375,xgboost_baseline
Blueberry_SekoyaPop,FLINK,NL-ZH,2026-04-01,2026-04-30,Monthly,,KG,2.902,2.902,2713.058349609375,xgboost_baseline
Blueberry_SekoyaPop,FLINK,NL-ZH,2026-05-01,2026-05-31,Monthly,,KG,2.902,2.902,2779.700439453125,xgboost_baseline
Blueberry_SekoyaPop,FLINK,NL-ZH,2026-06-01,2026-06-30,Monthly,,KG,2.902,2.902,2773.523681640625,xgboost_baseline
Blueberry_SekoyaPop,FLINK,NL-ZH,2026-07-01,2026-07-31,Monthly,,KG,2.902,2.902,2773.523681640625,xgboost_baseline
Blueberry_SekoyaPop,FLINK,NL-ZH,2026-08-01,2026-08-31,Monthly,,KG,2.902,2.902,2775.717529296875,xgboost_baseline
Blueberry_SekoyaPop,FLINK,NL-ZH,2026-09-01,2026-09-30,Monthly,,KG,2.902,2.902,2775.99755859375,xgboost_baseline
Blueberry_SekoyaPop,FLINK,NL-ZH,2026-10-01,2026-10-31,Monthly,,KG,2.902,2.902,2775.998779296875,xgboost_baseline
Blueberry_SekoyaPop,FLINK,NL-ZH,2026-11-01,2026-11-30,Monthly,,KG,2.902,2.902,2775.71875,xgboost_baseline
Blueberry_SekoyaPop,FLINK,NL-ZH,2026-12-01,2026-12-31,Monthly,,KG,2.902,2.902,2775.71875,xgboost_baseline
Blueberry_SekoyaPop,FLINK,NL-ZH,2027-01-01,2027-01-31,Monthly,,KG,2.902,2.902,2767.79443359375,xgboost_baseline
Blueberry_SekoyaPop,GREENACRES,NL-GE,2026-02-01,2026-02-28,Monthly,,KG,2.664,2.664,2623.330322265625,xgboost_baseline
Blueberry_SekoyaPop,GREENACRES,NL-GE,2026-03-01,2026-03-31,Monthly,,KG,2.664,2.664,2573.919921875,xgboost_baseline
Blueberry_SekoyaPop,GREENACRES,NL-GE,2026-04-01,2026-04-30,Monthly,,KG,2.664,2.664,2577.0068359375,xgboost_baseline
Blueberry_SekoyaPop,GREENACRES,NL-GE,2026-05-01,2026-05-31,Monthly,,KG,2.664,2.664,2633.000244140625,xgboost_baseline
Blueberry_SekoyaPop,GREENACRES,NL-GE,2026-06-01,2026-06-30,Monthly,,KG,2.664,2.664,2633.000244140625,xgboost_baseline
Blueberry_SekoyaPop,GREENACRES,NL-GE,2026-07-01,2026-07-31,Monthly,,KG,2.664,2.664,2628.582275390625,xgboost_baseline
Blueberry_SekoyaPop,GREENACRES,NL-GE,2026-08-01,2026-08-31,Monthly,,KG,2.664,2.664,2628.871826171875,xgboost_baseline
Blueberry_SekoyaPop,GREENACRES,NL-GE,2026-09-01,2026-09-30,Monthly,,KG,2.664,2.664,2628.871826171875,xgboost_baseline
Blueberry_SekoyaPop,GREENACRES,NL-GE,2026-10-01,2026-10-31,Monthly,,KG,2.664,2.664,2628.87158203125,xgboost_baseline
Blueberry_SekoyaPop,GREENACRES,NL-GE,2026-11-01,2026-11-30,Monthly,,KG,2.664,2.664,2628.87158203125,xgboost_baseline
Blueberry_SekoyaPop,GREENACRES,NL-GE,2026-12-01,2026-12-31,Monthly,,KG,2.664,2.664,2629.607421875,xgboost_baseline
Blueberry_SekoyaPop,GREENACRES,NL-GE,2027-01-01,2027-01-31,Monthly,,KG,2.664,2.664,2626.28271484375,xgboost_baseline
Blueberry_SekoyaPop,GREENACRES,NL-NB,2026-02-01,2026-02-28,Monthly,,KG,2.729,2.729,2755.194580078125,xgboost_baseline
Blueberry_SekoyaPop,GREENACRES,NL-NB,2026-03-01,2026-03-31,Monthly,,KG,2.729,2.729,2712.349609375,xgboost_baseline
Blueberry_SekoyaPop,GREENACRES,NL-NB,2026-04-01,2026-04-30,Monthly,,KG,2.729,2.729,2712.407470703125,xgboost_baseline
Blueberry_SekoyaPop,GREENACRES,NL-NB,2026-05-01,2026-05-31,Monthly,,KG,2.729,2.729,2779.700439453125,xgboost_baseline
Blueberry_SekoyaPop,GREENACRES,NL-NB,2026-06-01,2026-06-30,Monthly,,KG,2.729,2.729,2773.523681640625,xgboost_baseline
Blueberry_SekoyaPop,GREENACRES,NL-NB,2026-07-01,2026-07-31,Monthly,,KG,2.729,2.729,2771.474609375,xgboost_baseline
Blueberry_SekoyaPop,GREENACRES,NL-NB,2026-08-01,2026-08-31,Monthly,,KG,2.729,2.729,2775.99755859375,xgboost_baseline
Blueberry_SekoyaPop,GREENACRES,NL-NB,2026-09-01,2026-09-30,Monthly,,KG,2.729,2.729,2775.99755859375,xgboost_baseline
Blueberry_SekoyaPop,GREENACRES,NL-NB,2026-10-01,2026-10-31,Monthly,,KG,2.729,2.729,2775.998779296875,xgboost_baseline
Blueberry_SekoyaPop,GREENACRES,NL-NB,2026-11-01,2026-11-30,Monthly,,KG,2.729,2.729,2775.71875,xgboost_baseline
Blueberry_SekoyaPop,GREENACRES,NL-NB,2026-12-01,2026-12-31,Monthly,,KG,2.729,2.729,2775.718017578125,xgboost_baseline
Blueberry_SekoyaPop,GREENACRES,NL-NB,2027-01-01,2027-01-31,Monthly,,KG,2.729,2.729,2770.152587890625,xgboost_baseline
Blueberry_SekoyaPop,GREENACRES,NL-NH,2026-02-01,2026-02-28,Monthly,,KG,2.834,2.834,2771.081298828125,xgboost_baseline
Blueberry_SekoyaPop,GREENACRES,NL-NH,2026-03-01,2026-03-31,Monthly,,KG,2.834,2.834,2712.349609375,xgboost_baseline
Blueberry_SekoyaPop,GREENACRES,NL-NH,2026-04-01,2026-04-30,Monthly,,KG,2.834,2.834,2712.407470703125,xgboost_baseline
Blueberry_SekoyaPop,GREENACRES,NL-NH,2026-05-01,2026-05-31,Monthly,,KG,2.834,2.834,2779.700439453125,xgboost_baseline
Blueberry_SekoyaPop,GREENACRES,NL-NH,2026-06-01,2026-06-30,Monthly,,KG,2.834,2.834,2773.523681640625,xgboost_baseline
Blueberry_SekoyaPop,GREENACRES,NL-NH,2026-07-01,2026-07-31,Monthly,,KG,2.834,2.834,2771.474609375,xgboost_baseline
Blueberry_SekoyaPop,GREENACRES,NL-NH,2026-08-01,2026-08-31,Monthly,,KG,2.834,2.834,2775.717529296875,xgboost_baseline
Blueberry_SekoyaPop,GREENACRES,NL-NH,2026-09-01,2026-09-30,Monthly,,KG,2.834,2.834,2775.99755859375,xgboost_baseline
Blueberry_SekoyaPop,GREENACRES,NL-NH,2026-10-01,2026-10-31,Monthly,,KG,2.834,2.834,2775.998779296875,xgboost_baseline
Blueberry_SekoyaPop,GREENACRES,NL-NH,2026-11-01,2026-11-30,Monthly,,KG,2.834,2.834,2775.71875,xgboost_baseline
Blueberry_SekoyaPop,GREENACRES,NL-NH,2026-12-01,2026-12-31,Monthly,,KG,2.834,2.834,2777.8994140625,xgboost_baseline
Blueberry_SekoyaPop,GREENACRES,NL-NH,2027-01-01,2027-01-31,Monthly,,KG,2.834,2.834,2770.152587890625,xgboost_baseline
Blueberry_SekoyaPop,GREENACRES,NL-ZH,2026-02-01,2026-02-28,Monthly,,KG,2.913,2.913,2755.194580078125,xgboost_baseline
Blueberry_SekoyaPop,GREENACRES,NL-ZH,2026-03-01,2026-03-31,Monthly,,KG,2.913,2.913,2712.3974609375,xgboost_baseline
Blueberry_SekoyaPop,GREENACRES,NL-ZH,2026-04-01,2026-04-30,Monthly,,KG,2.913,2.913,2711.11181640625,xgboost_baseline
Blueberry_SekoyaPop,GREENACRES,NL-ZH,2026-05-01,2026-05-31,Monthly,,KG,2.913,2.913,2777.599609375,xgboost_baseline
Blueberry_SekoyaPop,GREENACRES,NL-ZH,2026-06-01,2026-06-30,Monthly,,KG,2.913,2.913,2771.474609375,xgboost_baseline
Blueberry_SekoyaPop,GREENACRES,NL-ZH,2026-07-01,2026-07-31,Monthly,,KG,2.913,2.913,2771.473388671875,xgboost_baseline
Blueberry_SekoyaPop,GREENACRES,NL-ZH,2026-08-01,2026-08-31,Monthly,,KG,2.913,2.913,2775.99755859375,xgboost_baseline
Blueberry_SekoyaPop,GREENACRES,NL-ZH,2026-09-01,2026-09-30,Monthly,,KG,2.913,2.913,2775.99755859375,xgboost_baseline
Blueberry_SekoyaPop,GREENACRES,NL-ZH,2026-10-01,2026-10-31,Monthly,,KG,2.913,2.913,2775.998779296875,xgboost_baseline
Blueberry_SekoyaPop,GREENACRES,NL-ZH,2026-11-01,2026-11-30,Monthly,,KG,2.913,2.913,2775.71875,xgboost_baseline
Blueberry_SekoyaPop,GREENACRES,NL-ZH,2026-12-01,2026-12-31,Monthly,,KG,2.913,2.913,2778.076904296875,xgboost_baseline
Blueberry_SekoyaPop,GREENACRES,NL-ZH,2027-01-01,2027-01-31,Monthly,,KG,2.913,2.913,2770.152587890625,xgboost_baseline
Blueberry_SekoyaPop,HELLOFRESH,NL-GE,2026-02-01,2026-02-28,Monthly,,KG,2.713,2.713,2755.194580078125,xgboost_baseline
Blueberry_SekoyaPop,HELLOFRESH,NL-GE,2026-03-01,2026-03-31,Monthly,,KG,2.713,2.713,2713.161865234375,xgboost_baseline
Blueberry_SekoyaPop,HELLOFRESH,NL-GE,2026-04-01,2026-04-30,Monthly,,KG,2.713,2.713,2713.058349609375,xgboost_baseline
Blueberry_SekoyaPop,HELLOFRESH,NL-GE,2026-05-01,2026-05-31,Monthly,,KG,2.713,2.713,2779.700439453125,xgboost_baseline
Blueberry_SekoyaPop,HELLOFRESH,NL-GE,2026-06-01,2026-06-30,Monthly,,KG,2.713,2.713,2773.523681640625,xgboost_baseline
Blueberry_SekoyaPop,HELLOFRESH,NL-GE,2026-07-01,2026-07-31,Monthly,,KG,2.713,2.713,2773.523681640625,xgboost_baseline
Blueberry_SekoyaPop,HELLOFRESH,NL-GE,2026-08-01,2026-08-31,Monthly,,KG,2.713,2.713,2775.99755859375,xgboost_baseline
Blueberry_SekoyaPop,HELLOFRESH,NL-GE,2026-09-01,2026-09-30,Monthly,,KG,2.713,2.713,2775.99755859375,xgboost_baseline
Blueberry_SekoyaPop,HELLOFRESH,NL-GE,2026-10-01,2026-10-31,Monthly,,KG,2.713,2.713,2775.998779296875,xgboost_baseline
Blueberry_SekoyaPop,HELLOFRESH,NL-GE,2026-11-01,2026-11-30,Monthly,,KG,2.713,2.713,2775.71875,xgboost_baseline
Blueberry_SekoyaPop,HELLOFRESH,NL-GE,2026-12-01,2026-12-31,Monthly,,KG,2.713,2.713,2775.71875,xgboost_baseline
Blueberry_SekoyaPop,HELLOFRESH,NL-GE,2027-01-01,2027-01-31,Monthly,,KG,2.713,2.713,2767.79443359375,xgboost_baseline
Blueberry_SekoyaPop,HELLOFRESH,NL-NB,2026-02-01,2026-02-28,Monthly,,KG,2.768,2.768,2755.194580078125,xgboost_baseline
Blueberry_SekoyaPop,HELLOFRESH,NL-NB,2026-03-01,2026-03-31,Monthly,,KG,2.768,2.768,2713.161865234375,xgboost_baseline
Blueberry_SekoyaPop,HELLOFRESH,NL-NB,2026-04-01,2026-04-30,Monthly,,KG,2.768,2.768,2713.058349609375,xgboost_baseline
Blueberry_SekoyaPop,HELLOFRESH,NL-NB,2026-05-01,2026-05-31,Monthly,,KG,2.768,2.768,2779.700439453125,xgboost_baseline
Blueberry_SekoyaPop,HELLOFRESH,NL-NB,2026-06-01,2026-06-30,Monthly,,KG,2.768,2.768,2773.523681640625,xgboost_baseline
Blueberry_SekoyaPop,HELLOFRESH,NL-NB,2026-07-01,2026-07-31,Monthly,,KG,2.768,2.768,2773.523681640625,xgboost_baseline
Blueberry_SekoyaPop,HELLOFRESH,NL-NB,2026-08-01,2026-08-31,Monthly,,KG,2.768,2.768,2775.99755859375,xgboost_baseline
Blueberry_SekoyaPop,HELLOFRESH,NL-NB,2026-09-01,2026-09-30,Monthly,,KG,2.768,2.768,2775.99755859375,xgboost_baseline
Blueberry_SekoyaPop,HELLOFRESH,NL-NB,2026-10-01,2026-10-31,Monthly,,KG,2.768,2.768,2775.998779296875,xgboost_baseline
Blueberry_SekoyaPop,HELLOFRESH,NL-NB,2026-11-01,2026-11-30,Monthly,,KG,2.768,2.768,2775.71875,xgboost_baseline
Blueberry_SekoyaPop,HELLOFRESH,NL-NB,2026-12-01,2026-12-31,Monthly,,KG,2.768,2.768,2775.71875,xgboost_baseline
Blueberry_SekoyaPop,HELLOFRESH,NL-NB,2027-01-01,2027-01-31,Monthly,,KG,2.768,2.768,2767.79443359375,xgboost_baseline
Blueberry_SekoyaPop,HELLOFRESH,NL-NH,2026-02-01,2026-02-28,Monthly,,KG,2.905,2.905,2771.099853515625,xgboost_baseline
Blueberry_SekoyaPop,HELLOFRESH,NL-NH,2026-03-01,2026-03-31,Monthly,,KG,2.905,2.905,2713.161865234375,xgboost_baseline
Blueberry_SekoyaPop,HELLOFRESH,NL-NH,2026-04-01,2026-04-30,Monthly,,KG,2.905,2.905,2713.058349609375,xgboost_baseline
Blueberry_SekoyaPop,HELLOFRESH,NL-NH,2026-05-01,2026-05-31,Monthly,,KG,2.905,2.905,2779.700439453125,xgboost_baseline
Blueberry_SekoyaPop,HELLOFRESH,NL-NH,2026-06-01,2026-06-30,Monthly,,KG,2.905,2.905,2773.523681640625,xgboost_baseline
Blueberry_SekoyaPop,HELLOFRESH,NL-NH,2026-07-01,2026-07-31,Monthly,,KG,2.905,2.905,2773.523681640625,xgboost_baseline
Blueberry_SekoyaPop,HELLOFRESH,NL-NH,2026-08-01,2026-08-31,Monthly,,KG,2.905,2.905,2775.717529296875,xgboost_baseline
Blueberry_SekoyaPop,HELLOFRESH,NL-NH,2026-09-01,2026-09-30,Monthly,,KG,2.905,2.905,2775.99755859375,xgboost_baseline
Blueberry_SekoyaPop,HELLOFRESH,NL-NH,2026-10-01,2026-10-31,Monthly,,KG,2.905,2.905,2775.998779296875,xgboost_baseline
Blueberry_SekoyaPop,HELLOFRESH,NL-NH,2026-11-01,2026-11-30,Monthly,,KG,2.905,2.905,2775.71875,xgboost_baseline
Blueberry_SekoyaPop,HELLOFRESH,NL-NH,2026-12-01,2026-12-31,Monthly,,KG,2.905,2.905,2775.71875,xgboost_baseline
Blueberry_SekoyaPop,HELLOFRESH,NL-NH,2027-01-01,2027-01-31,Monthly,,KG,2.905,2.905,2767.79443359375,xgboost_baseline
Blueberry_SekoyaPop,HELLOFRESH,NL-ZH,2026-02-01,2026-02-28,Monthly,,KG,2.923,2.923,2755.194580078125,xgboost_baseline
Blueberry_SekoyaPop,HELLOFRESH,NL-ZH,2026-03-01,2026-03-31,Monthly,,KG,2.923,2.923,2713.161865234375,xgboost_baseline
Blueberry_SekoyaPop,HELLOFRESH,NL-ZH,2026-04-01,2026-04-30,Monthly,,KG,2.923,2.923,2713.058349609375,xgboost_baseline
Blueberry_SekoyaPop,HELLOFRESH,NL-ZH,2026-05-01,2026-05-31,Monthly,,KG,2.923,2.923,2779.700439453125,xgboost_baseline
Blueberry_SekoyaPop,HELLOFRESH,NL-ZH,2026-06-01,2026-06-30,Monthly,,KG,2.923,2.923,2773.523681640625,xgboost_baseline
Blueberry_SekoyaPop,HELLOFRESH,NL-ZH,2026-07-01,2026-07-31,Monthly,,KG,2.923,2.923,2773.523681640625,xgboost_baseline
Blueberry_SekoyaPop,HELLOFRESH,NL-ZH,2026-08-01,2026-08-31,Monthly,,KG,2.923,2.923,2775.99755859375,xgboost_baseline
Blueberry_SekoyaPop,HELLOFRESH,NL-ZH,2026-09-01,2026-09-30,Monthly,,KG,2.923,2.923,2775.99755859375,xgboost_baseline
Blueberry_SekoyaPop,HELLOFRESH,NL-ZH,2026-10-01,2026-10-31,Monthly,,KG,2.923,2.923,2775.998779296875,xgboost_baseline
Blueberry_SekoyaPop,HELLOFRESH,NL-ZH,2026-11-01,2026-11-30,Monthly,,KG,2.923,2.923,2775.71875,xgboost_baseline
Blueberry_SekoyaPop,HELLOFRESH,NL-ZH,2026-12-01,2026-12-31,Monthly,,KG,2.923,2.923,2775.71875,xgboost_baseline
Blueberry_SekoyaPop,HELLOFRESH,NL-ZH,2027-01-01,2027-01-31,Monthly,,KG,2.923,2.923,2767.79443359375,xgboost_baseline
Blueberry_SekoyaPop,HOLLANDFOODSERVICE,NL-GE,2026-02-01,2026-02-28,Monthly,,KG,2.7,2.7,2755.194580078125,xgboost_baseline
Blueberry_SekoyaPop,HOLLANDFOODSERVICE,NL-GE,2026-03-01,2026-03-31,Monthly,,KG,2.7,2.7,2712.033935546875,xgboost_baseline
Blueberry_SekoyaPop,HOLLANDFOODSERVICE,NL-GE,2026-04-01,2026-04-30,Monthly,,KG,2.7,2.7,2712.407470703125,xgboost_baseline
Blueberry_SekoyaPop,HOLLANDFOODSERVICE,NL-GE,2026-05-01,2026-05-31,Monthly,,KG,2.7,2.7,2779.700439453125,xgboost_baseline
Blueberry_SekoyaPop,HOLLANDFOODSERVICE,NL-GE,2026-06-01,2026-06-30,Monthly,,KG,2.7,2.7,2773.523681640625,xgboost_baseline
Blueberry_SekoyaPop,HOLLANDFOODSERVICE,NL-GE,2026-07-01,2026-07-31,Monthly,,KG,2.7,2.7,2773.523681640625,xgboost_baseline
Blueberry_SekoyaPop,HOLLANDFOODSERVICE,NL-GE,2026-08-01,2026-08-31,Monthly,,KG,2.7,2.7,2775.99755859375,xgboost_baseline
Blueberry_SekoyaPop,HOLLANDFOODSERVICE,NL-GE,2026-09-01,2026-09-30,Monthly,,KG,2.7,2.7,2775.99755859375,xgboost_baseline
Blueberry_SekoyaPop,HOLLANDFOODSERVICE,NL-GE,2026-10-01,2026-10-31,Monthly,,KG,2.7,2.7,2775.998779296875,xgboost_baseline
Blueberry_SekoyaPop,HOLLANDFOODSERVICE,NL-GE,2026-11-01,2026-11-30,Monthly,,KG,2.7,2.7,2775.71875,xgboost_baseline
Blueberry_SekoyaPop,HOLLANDFOODSERVICE,NL-GE,2026-12-01,2026-12-31,Monthly,,KG,2.7,2.7,2775.71875,xgboost_baseline
Blueberry_SekoyaPop,HOLLANDFOODSERVICE,NL-GE,2027-01-01,2027-01-31,Monthly,,KG,2.7,2.7,2770.152587890625,xgboost_baseline
Blueberry_SekoyaPop,HOLLANDFOODSERVICE,NL-NB,2026-02-01,2026-02-28,Monthly,,KG,2.777,2.777,2772.97265625,xgboost_baseline
Blueberry_SekoyaPop,HOLLANDFOODSERVICE,NL-NB,2026-03-01,2026-03-31,Monthly,,KG,2.777,2.777,2711.981689453125,xgboost_baseline
Blueberry_SekoyaPop,HOLLANDFOODSERVICE,NL-NB,2026-04-01,2026-04-30,Monthly,,KG,2.777,2.777,2713.058349609375,xgboost_baseline
Blueberry_SekoyaPop,HOLLANDFOODSERVICE,NL-NB,2026-05-01,2026-05-31,Monthly,,KG,2.777,2.777,2779.700439453125,xgboost_baseline
Blueberry_SekoyaPop,HOLLANDFOODSERVICE,NL-NB,2026-06-01,2026-06-30,Monthly,,KG,2.777,2.777,2773.523681640625,xgboost_baseline
Blueberry_SekoyaPop,HOLLANDFOODSERVICE,NL-NB,2026-07-01,2026-07-31,Monthly,,KG,2.777,2.777,2773.523681640625,xgboost_baseline
Blueberry_SekoyaPop,HOLLANDFOODSERVICE,NL-NB,2026-08-01,2026-08-31,Monthly,,KG,2.777,2.777,2775.717529296875,xgboost_baseline
Blueberry_SekoyaPop,HOLLANDFOODSERVICE,NL-NB,2026-09-01,2026-09-30,Monthly,,KG,2.777,2.777,2775.99755859375,xgboost_baseline
Blueberry_SekoyaPop,HOLLANDFOODSERVICE,NL-NB,2026-10-01,2026-10-31,Monthly,,KG,2.777,2.777,2775.998779296875,xgboost_baseline
Blueberry_SekoyaPop,HOLLANDFOODSERVICE,NL-NB,2026-11-01,2026-11-30,Monthly,,KG,2.777,2.777,2775.71875,xgboost_baseline
Blueberry_SekoyaPop,HOLLANDFOODSERVICE,NL-NB,2026-12-01,2026-12-31,Monthly,,KG,2.777,2.777,2775.71875,xgboost_baseline
Blueberry_SekoyaPop,HOLLANDFOODSERVICE,NL-NB,2027-01-01,2027-01-31,Monthly,,KG,2.777,2.777,2768.67724609375,xgboost_baseline
Blueberry_SekoyaPop,HOLLANDFOODSERVICE,NL-NH,2026-02-01,2026-02-28,Monthly,,KG,2.856,2.856,2772.97265625,xgboost_baseline
Blueberry_SekoyaPop,HOLLANDFOODSERVICE,NL-NH,2026-03-01,2026-03-31,Monthly,,KG,2.856,2.856,2712.349609375,xgboost_baseline
Blueberry_SekoyaPop,HOLLANDFOODSERVICE,NL-NH,2026-04-01,2026-04-30,Monthly,,KG,2.856,2.856,2713.058349609375,xgboost_baseline
Blueberry_SekoyaPop,HOLLANDFOODSERVICE,NL-NH,2026-05-01,2026-05-31,Monthly,,KG,2.856,2.856,2779.700439453125,xgboost_baseline
Blueberry_SekoyaPop,HOLLANDFOODSERVICE,NL-NH,2026-06-01,2026-06-30,Monthly,,KG,2.856,2.856,2773.523681640625,xgboost_baseline
Blueberry_SekoyaPop,HOLLANDFOODSERVICE,NL-NH,2026-07-01,2026-07-31,Monthly,,KG,2.856,2.856,2773.523681640625,xgboost_baseline
Blueberry_SekoyaPop,HOLLANDFOODSERVICE,NL-NH,2026-08-01,2026-08-31,Monthly,,KG,2.856,2.856,2775.717529296875,xgboost_baseline
Blueberry_SekoyaPop,HOLLANDFOODSERVICE,NL-NH,2026-09-01,2026-09-30,Monthly,,KG,2.856,2.856,2775.99755859375,xgboost_baseline
Blueberry_SekoyaPop,HOLLANDFOODSERVICE,NL-NH,2026-10-01,2026-10-31,Monthly,,KG,2.856,2.856,2775.998779296875,xgboost_baseline
Blueberry_SekoyaPop,HOLLANDFOODSERVICE,NL-NH,2026-11-01,2026-11-30,Monthly,,KG,2.856,2.856,2775.71875,xgboost_baseline
Blueberry_SekoyaPop,HOLLANDFOODSERVICE,NL-NH,2026-12-01,2026-12-31,Monthly,,KG,2.856,2.856,2775.71875,xgboost_baseline
Blueberry_SekoyaPop,HOLLANDFOODSERVICE,NL-NH,2027-01-01,2027-01-31,Monthly,,KG,2.856,2.856,2769.9755859375,xgboost_baseline
Blueberry_SekoyaPop,HOLLANDFOODSERVICE,NL-ZH,2026-02-01,2026-02-28,Monthly,,KG,2.866,2.866,2772.97265625,xgboost_baseline
Blueberry_SekoyaPop,HOLLANDFOODSERVICE,NL-ZH,2026-03-01,2026-03-31,Monthly,,KG,2.866,2.866,2712.35009765625,xgboost_baseline
Blueberry_SekoyaPop,HOLLANDFOODSERVICE,NL-ZH,2026-04-01,2026-04-30,Monthly,,KG,2.866,2.866,2712.407470703125,xgboost_baseline
Blueberry_SekoyaPop,HOLLANDFOODSERVICE,NL-ZH,2026-05-01,2026-05-31,Monthly,,KG,2.866,2.866,2779.700439453125,xgboost_baseline
Blueberry_SekoyaPop,HOLLANDFOODSERVICE,NL-ZH,2026-06-01,2026-06-30,Monthly,,KG,2.866,2.866,2773.523681640625,xgboost_baseline
Blueberry_SekoyaPop,HOLLANDFOODSERVICE,NL-ZH,2026-07-01,2026-07-31,Monthly,,KG,2.866,2.866,2771.474609375,xgboost_baseline
Blueberry_SekoyaPop,HOLLANDFOODSERVICE,NL-ZH,2026-08-01,2026-08-31,Monthly,,KG,2.866,2.866,2775.717529296875,xgboost_baseline
Blueberry_SekoyaPop,HOLLANDFOODSERVICE,NL-ZH,2026-09-01,2026-09-30,Monthly,,KG,2.866,2.866,2775.99755859375,xgboost_baseline
Blueberry_SekoyaPop,HOLLANDFOODSERVICE,NL-ZH,2026-10-01,2026-10-31,Monthly,,KG,2.866,2.866,2775.998779296875,xgboost_baseline
Blueberry_SekoyaPop,HOLLANDFOODSERVICE,NL-ZH,2026-11-01,2026-11-30,Monthly,,KG,2.866,2.866,2775.71875,xgboost_baseline
Blueberry_SekoyaPop,HOLLANDFOODSERVICE,NL-ZH,2026-12-01,2026-12-31,Monthly,,KG,2.866,2.866,2777.89990234375,xgboost_baseline
Blueberry_SekoyaPop,HOLLANDFOODSERVICE,NL-ZH,2027-01-01,2027-01-31,Monthly,,KG,2.866,2.866,2770.152587890625,xgboost_baseline
Blueberry_SekoyaPop,JUMBO,NL-GE,2026-02-01,2026-02-28,Monthly,,KG,2.693,2.693,2769.521728515625,xgboost_baseline
Blueberry_SekoyaPop,JUMBO,NL-GE,2026-03-01,2026-03-31,Monthly,,KG,2.693,2.693,2984.21923828125,xgboost_baseline
Blueberry_SekoyaPop,JUMBO,NL-GE,2026-04-01,2026-04-30,Monthly,,KG,2.693,2.693,2852.950927734375,xgboost_baseline
Blueberry_SekoyaPop,JUMBO,NL-GE,2026-05-01,2026-05-31,Monthly,,KG,2.693,2.693,2890.792236328125,xgboost_baseline
Blueberry_SekoyaPop,JUMBO,NL-GE,2026-06-01,2026-06-30,Monthly,,KG,2.693,2.693,2816.081298828125,xgboost_baseline
Blueberry_SekoyaPop,JUMBO,NL-GE,2026-07-01,2026-07-31,Monthly,,KG,2.693,2.693,2836.791259765625,xgboost_baseline
Blueberry_SekoyaPop,JUMBO,NL-GE,2026-08-01,2026-08-31,Monthly,,KG,2.693,2.693,3054.27490234375,xgboost_baseline
Blueberry_SekoyaPop,JUMBO,NL-GE,2026-09-01,2026-09-30,Monthly,,KG,2.693,2.693,3109.84228515625,xgboost_baseline
Blueberry_SekoyaPop,JUMBO,NL-GE,2026-10-01,2026-10-31,Monthly,,KG,2.693,2.693,3109.4580078125,xgboost_baseline
Blueberry_SekoyaPop,JUMBO,NL-GE,2026-11-01,2026-11-30,Monthly,,KG,2.693,2.693,3002.726806640625,xgboost_baseline
Blueberry_SekoyaPop,JUMBO,NL-GE,2026-12-01,2026-12-31,Monthly,,KG,2.693,2.693,3044.233154296875,xgboost_baseline
Blueberry_SekoyaPop,JUMBO,NL-GE,2027-01-01,2027-01-31,Monthly,,KG,2.693,2.693,2909.888671875,xgboost_baseline
Blueberry_SekoyaPop,JUMBO,NL-NB,2026-02-01,2026-02-28,Monthly,,KG,2.778,2.778,2889.676513671875,xgboost_baseline
Blueberry_SekoyaPop,JUMBO,NL-NB,2026-03-01,2026-03-31,Monthly,,KG,2.778,2.778,3102.45556640625,xgboost_baseline
Blueberry_SekoyaPop,JUMBO,NL-NB,2026-04-01,2026-04-30,Monthly,,KG,2.778,2.778,2987.1708984375,xgboost_baseline
Blueberry_SekoyaPop,JUMBO,NL-NB,2026-05-01,2026-05-31,Monthly,,KG,2.778,2.778,2881.60693359375,xgboost_baseline
Blueberry_SekoyaPop,JUMBO,NL-NB,2026-06-01,2026-06-30,Monthly,,KG,2.778,2.778,2872.34765625,xgboost_baseline
Blueberry_SekoyaPop,JUMBO,NL-NB,2026-07-01,2026-07-31,Monthly,,KG,2.778,2.778,2856.04443359375,xgboost_baseline
Blueberry_SekoyaPop,JUMBO,NL-NB,2026-08-01,2026-08-31,Monthly,,KG,2.778,2.778,3026.63232421875,xgboost_baseline
Blueberry_SekoyaPop,JUMBO,NL-NB,2026-09-01,2026-09-30,Monthly,,KG,2.778,2.778,2989.68408203125,xgboost_baseline
Blueberry_SekoyaPop,JUMBO,NL-NB,2026-10-01,2026-10-31,Monthly,,KG,2.778,2.778,3023.98681640625,xgboost_baseline
Blueberry_SekoyaPop,JUMBO,NL-NB,2026-11-01,2026-11-30,Monthly,,KG,2.778,2.778,3005.69873046875,xgboost_baseline
Blueberry_SekoyaPop,JUMBO,NL-NB,2026-12-01,2026-12-31,Monthly,,KG,2.778,2.778,3005.64501953125,xgboost_baseline
Blueberry_SekoyaPop,JUMBO,NL-NB,2027-01-01,2027-01-31,Monthly,,KG,2.778,2.778,2995.0,xgboost_baseline
Blueberry_SekoyaPop,JUMBO,NL-NH,2026-02-01,2026-02-28,Monthly,,KG,2.833,2.833,2662.4384765625,xgboost_baseline
Blueberry_SekoyaPop,JUMBO,NL-NH,2026-03-01,2026-03-31,Monthly,,KG,2.833,2.833,2768.420166015625,xgboost_baseline
Blueberry_SekoyaPop,JUMBO,NL-NH,2026-04-01,2026-04-30,Monthly,,KG,2.833,2.833,2962.741455078125,xgboost_baseline
Blueberry_SekoyaPop,JUMBO,NL-NH,2026-05-01,2026-05-31,Monthly,,KG,2.833,2.833,2865.791259765625,xgboost_baseline
Blueberry_SekoyaPop,JUMBO,NL-NH,2026-06-01,2026-06-30,Monthly,,KG,2.833,2.833,2861.654541015625,xgboost_baseline
Blueberry_SekoyaPop,JUMBO,NL-NH,2026-07-01,2026-07-31,Monthly,,KG,2.833,2.833,2856.408935546875,xgboost_baseline
Blueberry_SekoyaPop,JUMBO,NL-NH,2026-08-01,2026-08-31,Monthly,,KG,2.833,2.833,3054.2060546875,xgboost_baseline
Blueberry_SekoyaPop,JUMBO,NL-NH,2026-09-01,2026-09-30,Monthly,,KG,2.833,2.833,3198.30712890625,xgboost_baseline
Blueberry_SekoyaPop,JUMBO,NL-NH,2026-10-01,2026-10-31,Monthly,,KG,2.833,2.833,3110.165283203125,xgboost_baseline
Blueberry_SekoyaPop,JUMBO,NL-NH,2026-11-01,2026-11-30,Monthly,,KG,2.833,2.833,3002.6943359375,xgboost_baseline
Blueberry_SekoyaPop,JUMBO,NL-NH,2026-12-01,2026-12-31,Monthly,,KG,2.833,2.833,3088.3828125,xgboost_baseline
Blueberry_SekoyaPop,JUMBO,NL-NH,2027-01-01,2027-01-31,Monthly,,KG,2.833,2.833,2909.729736328125,xgboost_baseline
Blueberry_SekoyaPop,JUMBO,NL-ZH,2026-02-01,2026-02-28,Monthly,,KG,2.871,2.871,2758.327392578125,xgboost_baseline
Blueberry_SekoyaPop,JUMBO,NL-ZH,2026-03-01,2026-03-31,Monthly,,KG,2.871,2.871,2786.47802734375,xgboost_baseline
Blueberry_SekoyaPop,JUMBO,NL-ZH,2026-04-01,2026-04-30,Monthly,,KG,2.871,2.871,2849.60205078125,xgboost_baseline
Blueberry_SekoyaPop,JUMBO,NL-ZH,2026-05-01,2026-05-31,Monthly,,KG,2.871,2.871,2791.68310546875,xgboost_baseline
Blueberry_SekoyaPop,JUMBO,NL-ZH,2026-06-01,2026-06-30,Monthly,,KG,2.871,2.871,2690.9365234375,xgboost_baseline
Blueberry_SekoyaPop,JUMBO,NL-ZH,2026-07-01,2026-07-31,Monthly,,KG,2.871,2.871,2888.699462890625,xgboost_baseline
Blueberry_SekoyaPop,JUMBO,NL-ZH,2026-08-01,2026-08-31,Monthly,,KG,2.871,2.871,3170.212158203125,xgboost_baseline
Blueberry_SekoyaPop,JUMBO,NL-ZH,2026-09-01,2026-09-30,Monthly,,KG,2.871,2.871,3125.357666015625,xgboost_baseline
Blueberry_SekoyaPop,JUMBO,NL-ZH,2026-10-01,2026-10-31,Monthly,,KG,2.871,2.871,3109.2138671875,xgboost_baseline
Blueberry_SekoyaPop,JUMBO,NL-ZH,2026-11-01,2026-11-30,Monthly,,KG,2.871,2.871,3056.028564453125,xgboost_baseline
Blueberry_SekoyaPop,JUMBO,NL-ZH,2026-12-01,2026-12-31,Monthly,,KG,2.871,2.871,3043.8662109375,xgboost_baseline
Blueberry_SekoyaPop,JUMBO,NL-ZH,2027-01-01,2027-01-31,Monthly,,KG,2.871,2.871,2988.975341796875,xgboost_baseline
Blueberry_SekoyaPop,MELEDI,NL-GE,2026-02-01,2026-02-28,Monthly,,KG,2.657,2.657,2640.750732421875,xgboost_baseline
Blueberry_SekoyaPop,MELEDI,NL-GE,2026-03-01,2026-03-31,Monthly,,KG,2.657,2.657,2573.919921875,xgboost_baseline
Blueberry_SekoyaPop,MELEDI,NL-GE,2026-04-01,2026-04-30,Monthly,,KG,2.657,2.657,2577.0068359375,xgboost_baseline
Blueberry_SekoyaPop,MELEDI,NL-GE,2026-05-01,2026-05-31,Monthly,,KG,2.657,2.657,2633.000244140625,xgboost_baseline
Blueberry_SekoyaPop,MELEDI,NL-GE,2026-06-01,2026-06-30,Monthly,,KG,2.657,2.657,2633.000244140625,xgboost_baseline
Blueberry_SekoyaPop,MELEDI,NL-GE,2026-07-01,2026-07-31,Monthly,,KG,2.657,2.657,2628.582275390625,xgboost_baseline
Blueberry_SekoyaPop,MELEDI,NL-GE,2026-08-01,2026-08-31,Monthly,,KG,2.657,2.657,2628.871826171875,xgboost_baseline
Blueberry_SekoyaPop,MELEDI,NL-GE,2026-09-01,2026-09-30,Monthly,,KG,2.657,2.657,2628.871826171875,xgboost_baseline
Blueberry_SekoyaPop,MELEDI,NL-GE,2026-10-01,2026-10-31,Monthly,,KG,2.657,2.657,2628.87158203125,xgboost_baseline
Blueberry_SekoyaPop,MELEDI,NL-GE,2026-11-01,2026-11-30,Monthly,,KG,2.657,2.657,2628.87158203125,xgboost_baseline
Blueberry_SekoyaPop,MELEDI,NL-GE,2026-12-01,2026-12-31,Monthly,,KG,2.657,2.657,2629.607421875,xgboost_baseline
Blueberry_SekoyaPop,MELEDI,NL-GE,2027-01-01,2027-01-31,Monthly,,KG,2.657,2.657,2626.28271484375,xgboost_baseline
Blueberry_SekoyaPop,MELEDI,NL-NB,2026-02-01,2026-02-28,Monthly,,KG,2.781,2.781,2771.081298828125,xgboost_baseline
Blueberry_SekoyaPop,MELEDI,NL-NB,2026-03-01,2026-03-31,Monthly,,KG,2.781,2.781,2711.8662109375,xgboost_baseline
Blueberry_SekoyaPop,MELEDI,NL-NB,2026-04-01,2026-04-30,Monthly,,KG,2.781,2.781,2712.407470703125,xgboost_baseline
Blueberry_SekoyaPop,MELEDI,NL-NB,2026-05-01,2026-05-31,Monthly,,KG,2.781,2.781,2779.700439453125,xgboost_baseline
Blueberry_SekoyaPop,MELEDI,NL-NB,2026-06-01,2026-06-30,Monthly,,KG,2.781,2.781,2773.523681640625,xgboost_baseline
Blueberry_SekoyaPop,MELEDI,NL-NB,2026-07-01,2026-07-31,Monthly,,KG,2.781,2.781,2771.42236328125,xgboost_baseline
Blueberry_SekoyaPop,MELEDI,NL-NB,2026-08-01,2026-08-31,Monthly,,KG,2.781,2.781,2775.717529296875,xgboost_baseline
Blueberry_SekoyaPop,MELEDI,NL-NB,2026-09-01,2026-09-30,Monthly,,KG,2.781,2.781,2775.99755859375,xgboost_baseline
Blueberry_SekoyaPop,MELEDI,NL-NB,2026-10-01,2026-10-31,Monthly,,KG,2.781,2.781,2775.998779296875,xgboost_baseline
Blueberry_SekoyaPop,MELEDI,NL-NB,2026-11-01,2026-11-30,Monthly,,KG,2.781,2.781,2775.71875,xgboost_baseline
Blueberry_SekoyaPop,MELEDI,NL-NB,2026-12-01,2026-12-31,Monthly,,KG,2.781,2.781,2777.8994140625,xgboost_baseline
Blueberry_SekoyaPop,MELEDI,NL-NB,2027-01-01,2027-01-31,Monthly,,KG,2.781,2.781,2770.152587890625,xgboost_baseline
Blueberry_SekoyaPop,MELEDI,NL-NH,2026-02-01,2026-02-28,Monthly,,KG,2.847,2.847,2755.194580078125,xgboost_baseline
Blueberry_SekoyaPop,MELEDI,NL-NH,2026-03-01,2026-03-31,Monthly,,KG,2.847,2.847,2712.349609375,xgboost_baseline
Blueberry_SekoyaPop,MELEDI,NL-NH,2026-04-01,2026-04-30,Monthly,,KG,2.847,2.847,2712.407470703125,xgboost_baseline
Blueberry_SekoyaPop,MELEDI,NL-NH,2026-05-01,2026-05-31,Monthly,,KG,2.847,2.847,2779.700439453125,xgboost_baseline
Blueberry_SekoyaPop,MELEDI,NL-NH,2026-06-01,2026-06-30,Monthly,,KG,2.847,2.847,2773.523681640625,xgboost_baseline
Blueberry_SekoyaPop,MELEDI,NL-NH,2026-07-01,2026-07-31,Monthly,,KG,2.847,2.847,2771.474609375,xgboost_baseline
Blueberry_SekoyaPop,MELEDI,NL-NH,2026-08-01,2026-08-31,Monthly,,KG,2.847,2.847,2775.99755859375,xgboost_baseline
Blueberry_SekoyaPop,MELEDI,NL-NH,2026-09-01,2026-09-30,Monthly,,KG,2.847,2.847,2775.99755859375,xgboost_baseline
Blueberry_SekoyaPop,MELEDI,NL-NH,2026-10-01,2026-10-31,Monthly,,KG,2.847,2.847,2775.998779296875,xgboost_baseline
Blueberry_SekoyaPop,MELEDI,NL-NH,2026-11-01,2026-11-30,Monthly,,KG,2.847,2.847,2775.71875,xgboost_baseline
Blueberry_SekoyaPop,MELEDI,NL-NH,2026-12-01,2026-12-31,Monthly,,KG,2.847,2.847,2775.718017578125,xgboost_baseline
Blueberry_SekoyaPop,MELEDI,NL-NH,2027-01-01,2027-01-31,Monthly,,KG,2.847,2.847,2770.152587890625,xgboost_baseline
Blueberry_SekoyaPop,MELEDI,NL-ZH,2026-02-01,2026-02-28,Monthly,,KG,2.934,2.934,2755.194580078125,xgboost_baseline
Blueberry_SekoyaPop,MELEDI,NL-ZH,2026-03-01,2026-03-31,Monthly,,KG,2.934,2.934,2712.3974609375,xgboost_baseline
Blueberry_SekoyaPop,MELEDI,NL-ZH,2026-04-01,2026-04-30,Monthly,,KG,2.934,2.934,2711.11181640625,xgboost_baseline
Blueberry_SekoyaPop,MELEDI,NL-ZH,2026-05-01,2026-05-31,Monthly,,KG,2.934,2.934,2779.700439453125,xgboost_baseline
Blueberry_SekoyaPop,MELEDI,NL-ZH,2026-06-01,2026-06-30,Monthly,,KG,2.934,2.934,2771.474609375,xgboost_baseline
Blueberry_SekoyaPop,MELEDI,NL-ZH,2026-07-01,2026-07-31,Monthly,,KG,2.934,2.934,2771.473388671875,xgboost_baseline
Blueberry_SekoyaPop,MELEDI,NL-ZH,2026-08-01,2026-08-31,Monthly,,KG,2.934,2.934,2775.99755859375,xgboost_baseline
Blueberry_SekoyaPop,MELEDI,NL-ZH,2026-09-01,2026-09-30,Monthly,,KG,2.934,2.934,2775.99755859375,xgboost_baseline
Blueberry_SekoyaPop,MELEDI,NL-ZH,2026-10-01,2026-10-31,Monthly,,KG,2.934,2.934,2775.998779296875,xgboost_baseline
Blueberry_SekoyaPop,MELEDI,NL-ZH,2026-11-01,2026-11-30,Monthly,,KG,2.934,2.934,2775.71875,xgboost_baseline
Blueberry_SekoyaPop,MELEDI,NL-ZH,2026-12-01,2026-12-31,Monthly,,KG,2.934,2.934,2778.076904296875,xgboost_baseline
Blueberry_SekoyaPop,MELEDI,NL-ZH,2027-01-01,2027-01-31,Monthly,,KG,2.934,2.934,2770.152587890625,xgboost_baseline
Blueberry_SekoyaPop,PICNIC,NL-GE,2026-02-01,2026-02-28,Monthly,,KG,2.676,2.676,2638.8876953125,xgboost_baseline
Blueberry_SekoyaPop,PICNIC,NL-GE,2026-03-01,2026-03-31,Monthly,,KG,2.676,2.676,2576.817626953125,xgboost_baseline
Blueberry_SekoyaPop,PICNIC,NL-GE,2026-04-01,2026-04-30,Monthly,,KG,2.676,2.676,2576.705810546875,xgboost_baseline
Blueberry_SekoyaPop,PICNIC,NL-GE,2026-05-01,2026-05-31,Monthly,,KG,2.676,2.676,2632.6533203125,xgboost_baseline
Blueberry_SekoyaPop,PICNIC,NL-GE,2026-06-01,2026-06-30,Monthly,,KG,2.676,2.676,2632.6533203125,xgboost_baseline
Blueberry_SekoyaPop,PICNIC,NL-GE,2026-07-01,2026-07-31,Monthly,,KG,2.676,2.676,2632.6533203125,xgboost_baseline
Blueberry_SekoyaPop,PICNIC,NL-GE,2026-08-01,2026-08-31,Monthly,,KG,2.676,2.676,2628.525390625,xgboost_baseline
Blueberry_SekoyaPop,PICNIC,NL-GE,2026-09-01,2026-09-30,Monthly,,KG,2.676,2.676,2628.525390625,xgboost_baseline
Blueberry_SekoyaPop,PICNIC,NL-GE,2026-10-01,2026-10-31,Monthly,,KG,2.676,2.676,2628.525146484375,xgboost_baseline
Blueberry_SekoyaPop,PICNIC,NL-GE,2026-11-01,2026-11-30,Monthly,,KG,2.676,2.676,2628.525146484375,xgboost_baseline
Blueberry_SekoyaPop,PICNIC,NL-GE,2026-12-01,2026-12-31,Monthly,,KG,2.676,2.676,2628.525146484375,xgboost_baseline
Blueberry_SekoyaPop,PICNIC,NL-GE,2027-01-01,2027-01-31,Monthly,,KG,2.676,2.676,2625.01611328125,xgboost_baseline
Blueberry_SekoyaPop,PICNIC,NL-NB,2026-02-01,2026-02-28,Monthly,,KG,2.77,2.77,2772.614990234375,xgboost_baseline
Blueberry_SekoyaPop,PICNIC,NL-NB,2026-03-01,2026-03-31,Monthly,,KG,2.77,2.77,2713.161865234375,xgboost_baseline
Blueberry_SekoyaPop,PICNIC,NL-NB,2026-04-01,2026-04-30,Monthly,,KG,2.77,2.77,2713.058349609375,xgboost_baseline
Blueberry_SekoyaPop,PICNIC,NL-NB,2026-05-01,2026-05-31,Monthly,,KG,2.77,2.77,2779.700439453125,xgboost_baseline
Blueberry_SekoyaPop,PICNIC,NL-NB,2026-06-01,2026-06-30,Monthly,,KG,2.77,2.77,2773.523681640625,xgboost_baseline
Blueberry_SekoyaPop,PICNIC,NL-NB,2026-07-01,2026-07-31,Monthly,,KG,2.77,2.77,2773.523681640625,xgboost_baseline
Blueberry_SekoyaPop,PICNIC,NL-NB,2026-08-01,2026-08-31,Monthly,,KG,2.77,2.77,2775.717529296875,xgboost_baseline
Blueberry_SekoyaPop,PICNIC,NL-NB,2026-09-01,2026-09-30,Monthly,,KG,2.77,2.77,2775.99755859375,xgboost_baseline
Blueberry_SekoyaPop,PICNIC,NL-NB,2026-10-01,2026-10-31,Monthly,,KG,2.77,2.77,2775.998779296875,xgboost_baseline
Blueberry_SekoyaPop,PICNIC,NL-NB,2026-11-01,2026-11-30,Monthly,,KG,2.77,2.77,2775.71875,xgboost_baseline
Blueberry_SekoyaPop,PICNIC,NL-NB,2026-12-01,2026-12-31,Monthly,,KG,2.77,2.77,2775.71875,xgboost_baseline
Blueberry_SekoyaPop,PICNIC,NL-NB,2027-01-01,2027-01-31,Monthly,,KG,2.77,2.77,2767.79443359375,xgboost_baseline
Blueberry_SekoyaPop,PICNIC,NL-NH,2026-02-01,2026-02-28,Monthly,,KG,2.844,2.844,2772.614990234375,xgboost_baseline
Blueberry_SekoyaPop,PICNIC,NL-NH,2026-03-01,2026-03-31,Monthly,,KG,2.844,2.844,2713.161865234375,xgboost_baseline
Blueberry_SekoyaPop,PICNIC,NL-NH,2026-04-01,2026-04-30,Monthly,,KG,2.844,2.844,2713.058349609375,xgboost_baseline
Blueberry_SekoyaPop,PICNIC,NL-NH,2026-05-01,2026-05-31,Monthly,,KG,2.844,2.844,2779.700439453125,xgboost_baseline
Blueberry_SekoyaPop,PICNIC,NL-NH,2026-06-01,2026-06-30,Monthly,,KG,2.844,2.844,2773.523681640625,xgboost_baseline
Blueberry_SekoyaPop,PICNIC,NL-NH,2026-07-01,2026-07-31,Monthly,,KG,2.844,2.844,2773.523681640625,xgboost_baseline
Blueberry_SekoyaPop,PICNIC,NL-NH,2026-08-01,2026-08-31,Monthly,,KG,2.844,2.844,2775.717529296875,xgboost_baseline
Blueberry_SekoyaPop,PICNIC,NL-NH,2026-09-01,2026-09-30,Monthly,,KG,2.844,2.844,2775.99755859375,xgboost_baseline
Blueberry_SekoyaPop,PICNIC,NL-NH,2026-10-01,2026-10-31,Monthly,,KG,2.844,2.844,2775.998779296875,xgboost_baseline
Blueberry_SekoyaPop,PICNIC,NL-NH,2026-11-01,2026-11-30,Monthly,,KG,2.844,2.844,2775.71875,xgboost_baseline
Blueberry_SekoyaPop,PICNIC,NL-NH,2026-12-01,2026-12-31,Monthly,,KG,2.844,2.844,2775.71875,xgboost_baseline
Blueberry_SekoyaPop,PICNIC,NL-NH,2027-01-01,2027-01-31,Monthly,,KG,2.844,2.844,2767.79443359375,xgboost_baseline
Blueberry_SekoyaPop,PICNIC,NL-ZH,2026-02-01,2026-02-28,Monthly,,KG,2.933,2.933,2755.194580078125,xgboost_baseline
Blueberry_SekoyaPop,PICNIC,NL-ZH,2026-03-01,2026-03-31,Monthly,,KG,2.933,2.933,2713.161865234375,xgboost_baseline
Blueberry_SekoyaPop,PICNIC,NL-ZH,2026-04-01,2026-04-30,Monthly,,KG,2.933,2.933,2713.058349609375,xgboost_baseline
Blueberry_SekoyaPop,PICNIC,NL-ZH,2026-05-01,2026-05-31,Monthly,,KG,2.933,2.933,2779.700439453125,xgboost_baseline
Blueberry_SekoyaPop,PICNIC,NL-ZH,2026-06-01,2026-06-30,Monthly,,KG,2.933,2.933,2773.523681640625,xgboost_baseline
Blueberry_SekoyaPop,PICNIC,NL-ZH,2026-07-01,2026-07-31,Monthly,,KG,2.933,2.933,2773.523681640625,xgboost_baseline
Blueberry_SekoyaPop,PICNIC,NL-ZH,2026-08-01,2026-08-31,Monthly,,KG,2.933,2.933,2775.99755859375,xgboost_baseline
Blueberry_SekoyaPop,PICNIC,NL-ZH,2026-09-01,2026-09-30,Monthly,,KG,2.933,2.933,2775.99755859375,xgboost_baseline
Blueberry_SekoyaPop,PICNIC,NL-ZH,2026-10-01,2026-10-31,Monthly,,KG,2.933,2.933,2775.998779296875,xgboost_baseline
Blueberry_SekoyaPop,PICNIC,NL-ZH,2026-11-01,2026-11-30,Monthly,,KG,2.933,2.933,2775.71875,xgboost_baseline
Blueberry_SekoyaPop,PICNIC,NL-ZH,2026-12-01,2026-12-31,Monthly,,KG,2.933,2.933,2775.71875,xgboost_baseline
Blueberry_SekoyaPop,PICNIC,NL-ZH,2027-01-01,2027-01-31,Monthly,,KG,2.933,2.933,2767.79443359375,xgboost_baseline
Blueberry_SekoyaPop,PLUS,NL-GE,2026-02-01,2026-02-28,Monthly,,KG,2.643,2.643,2683.352783203125,xgboost_baseline
Blueberry_SekoyaPop,PLUS,NL-GE,2026-03-01,2026-03-31,Monthly,,KG,2.643,2.643,3050.089111328125,xgboost_baseline
Blueberry_SekoyaPop,PLUS,NL-GE,2026-04-01,2026-04-30,Monthly,,KG,2.643,2.643,2702.483154296875,xgboost_baseline
Blueberry_SekoyaPop,PLUS,NL-GE,2026-05-01,2026-05-31,Monthly,,KG,2.643,2.643,2654.4013671875,xgboost_baseline
Blueberry_SekoyaPop,PLUS,NL-GE,2026-06-01,2026-06-30,Monthly,,KG,2.643,2.643,2676.9384765625,xgboost_baseline
Blueberry_SekoyaPop,PLUS,NL-GE,2026-07-01,2026-07-31,Monthly,,KG,2.643,2.643,2674.115234375,xgboost_baseline
Blueberry_SekoyaPop,PLUS,NL-GE,2026-08-01,2026-08-31,Monthly,,KG,2.643,2.643,2926.38427734375,xgboost_baseline
Blueberry_SekoyaPop,PLUS,NL-GE,2026-09-01,2026-09-30,Monthly,,KG,2.643,2.643,3072.905517578125,xgboost_baseline
Blueberry_SekoyaPop,PLUS,NL-GE,2026-10-01,2026-10-31,Monthly,,KG,2.643,2.643,3176.253173828125,xgboost_baseline
Blueberry_SekoyaPop,PLUS,NL-GE,2026-11-01,2026-11-30,Monthly,,KG,2.643,2.643,3285.215087890625,xgboost_baseline
Blueberry_SekoyaPop,PLUS,NL-GE,2026-12-01,2026-12-31,Monthly,,KG,2.643,2.643,3140.74853515625,xgboost_baseline
Blueberry_SekoyaPop,PLUS,NL-GE,2027-01-01,2027-01-31,Monthly,,KG,2.643,2.643,2685.382080078125,xgboost_baseline
Blueberry_SekoyaPop,PLUS,NL-NB,2026-02-01,2026-02-28,Monthly,,KG,2.765,2.765,2808.067138671875,xgboost_baseline
Blueberry_SekoyaPop,PLUS,NL-NB,2026-03-01,2026-03-31,Monthly,,KG,2.765,2.765,2923.495361328125,xgboost_baseline
Blueberry_SekoyaPop,PLUS,NL-NB,2026-04-01,2026-04-30,Monthly,,KG,2.765,2.765,2860.750244140625,xgboost_baseline
Blueberry_SekoyaPop,PLUS,NL-NB,2026-05-01,2026-05-31,Monthly,,KG,2.765,2.765,2841.901123046875,xgboost_baseline
Blueberry_SekoyaPop,PLUS,NL-NB,2026-06-01,2026-06-30,Monthly,,KG,2.765,2.765,2819.041748046875,xgboost_baseline
Blueberry_SekoyaPop,PLUS,NL-NB,2026-07-01,2026-07-31,Monthly,,KG,2.765,2.765,2839.38818359375,xgboost_baseline
Blueberry_SekoyaPop,PLUS,NL-NB,2026-08-01,2026-08-31,Monthly,,KG,2.765,2.765,3054.28125,xgboost_baseline
Blueberry_SekoyaPop,PLUS,NL-NB,2026-09-01,2026-09-30,Monthly,,KG,2.765,2.765,3109.774658203125,xgboost_baseline
Blueberry_SekoyaPop,PLUS,NL-NB,2026-10-01,2026-10-31,Monthly,,KG,2.765,2.765,3109.3701171875,xgboost_baseline
Blueberry_SekoyaPop,PLUS,NL-NB,2026-11-01,2026-11-30,Monthly,,KG,2.765,2.765,3002.724365234375,xgboost_baseline
Blueberry_SekoyaPop,PLUS,NL-NB,2026-12-01,2026-12-31,Monthly,,KG,2.765,2.765,3045.481689453125,xgboost_baseline
Blueberry_SekoyaPop,PLUS,NL-NB,2027-01-01,2027-01-31,Monthly,,KG,2.765,2.765,2989.13623046875,xgboost_baseline
Blueberry_SekoyaPop,PLUS,NL-NH,2026-02-01,2026-02-28,Monthly,,KG,2.822,2.822,2890.711181640625,xgboost_baseline
Blueberry_SekoyaPop,PLUS,NL-NH,2026-03-01,2026-03-31,Monthly,,KG,2.822,2.822,3018.53662109375,xgboost_baseline
Blueberry_SekoyaPop,PLUS,NL-NH,2026-04-01,2026-04-30,Monthly,,KG,2.822,2.822,2842.403564453125,xgboost_baseline
Blueberry_SekoyaPop,PLUS,NL-NH,2026-05-01,2026-05-31,Monthly,,KG,2.822,2.822,2952.659912109375,xgboost_baseline
Blueberry_SekoyaPop,PLUS,NL-NH,2026-06-01,2026-06-30,Monthly,,KG,2.822,2.822,2820.68896484375,xgboost_baseline
Blueberry_SekoyaPop,PLUS,NL-NH,2026-07-01,2026-07-31,Monthly,,KG,2.822,2.822,2841.780517578125,xgboost_baseline
Blueberry_SekoyaPop,PLUS,NL-NH,2026-08-01,2026-08-31,Monthly,,KG,2.822,2.822,3026.626220703125,xgboost_baseline
Blueberry_SekoyaPop,PLUS,NL-NH,2026-09-01,2026-09-30,Monthly,,KG,2.822,2.822,3061.878662109375,xgboost_baseline
Blueberry_SekoyaPop,PLUS,NL-NH,2026-10-01,2026-10-31,Monthly,,KG,2.822,2.822,3109.90185546875,xgboost_baseline
Blueberry_SekoyaPop,PLUS,NL-NH,2026-11-01,2026-11-30,Monthly,,KG,2.822,2.822,3005.458984375,xgboost_baseline
Blueberry_SekoyaPop,PLUS,NL-NH,2026-12-01,2026-12-31,Monthly,,KG,2.822,2.822,3045.572021484375,xgboost_baseline
Blueberry_SekoyaPop,PLUS,NL-NH,2027-01-01,2027-01-31,Monthly,,KG,2.822,2.822,2992.623046875,xgboost_baseline
Blueberry_SekoyaPop,PLUS,NL-ZH,2026-02-01,2026-02-28,Monthly,,KG,2.845,2.845,2750.2861328125,xgboost_baseline
Blueberry_SekoyaPop,PLUS,NL-ZH,2026-03-01,2026-03-31,Monthly,,KG,2.845,2.845,2621.810791015625,xgboost_baseline
Blueberry_SekoyaPop,PLUS,NL-ZH,2026-04-01,2026-04-30,Monthly,,KG,2.845,2.845,2678.3427734375,xgboost_baseline
Blueberry_SekoyaPop,PLUS,NL-ZH,2026-05-01,2026-05-31,Monthly,,KG,2.845,2.845,2819.58251953125,xgboost_baseline
Blueberry_SekoyaPop,PLUS,NL-ZH,2026-06-01,2026-06-30,Monthly,,KG,2.845,2.845,2725.8525390625,xgboost_baseline
Blueberry_SekoyaPop,PLUS,NL-ZH,2026-07-01,2026-07-31,Monthly,,KG,2.845,2.845,2869.820068359375,xgboost_baseline
Blueberry_SekoyaPop,PLUS,NL-ZH,2026-08-01,2026-08-31,Monthly,,KG,2.845,2.845,3052.819091796875,xgboost_baseline
Blueberry_SekoyaPop,PLUS,NL-ZH,2026-09-01,2026-09-30,Monthly,,KG,2.845,2.845,3129.348388671875,xgboost_baseline
Blueberry_SekoyaPop,PLUS,NL-ZH,2026-10-01,2026-10-31,Monthly,,KG,2.845,2.845,3196.69091796875,xgboost_baseline
Blueberry_SekoyaPop,PLUS,NL-ZH,2026-11-01,2026-11-30,Monthly,,KG,2.845,2.845,3045.078857421875,xgboost_baseline
Blueberry_SekoyaPop,PLUS,NL-ZH,2026-12-01,2026-12-31,Monthly,,KG,2.845,2.845,3043.763671875,xgboost_baseline
Blueberry_SekoyaPop,PLUS,NL-ZH,2027-01-01,2027-01-31,Monthly,,KG,2.845,2.845,2988.87109375,xgboost_baseline
Blueberry_SekoyaPop,SLIGRO,NL-GE,2026-02-01,2026-02-28,Monthly,,KG,2.706,2.706,2771.099853515625,xgboost_baseline
Blueberry_SekoyaPop,SLIGRO,NL-GE,2026-03-01,2026-03-31,Monthly,,KG,2.706,2.706,2713.161865234375,xgboost_baseline
Blueberry_SekoyaPop,SLIGRO,NL-GE,2026-04-01,2026-04-30,Monthly,,KG,2.706,2.706,2713.058349609375,xgboost_baseline
Blueberry_SekoyaPop,SLIGRO,NL-GE,2026-05-01,2026-05-31,Monthly,,KG,2.706,2.706,2779.700439453125,xgboost_baseline
Blueberry_SekoyaPop,SLIGRO,NL-GE,2026-06-01,2026-06-30,Monthly,,KG,2.706,2.706,2773.523681640625,xgboost_baseline
Blueberry_SekoyaPop,SLIGRO,NL-GE,2026-07-01,2026-07-31,Monthly,,KG,2.706,2.706,2773.523681640625,xgboost_baseline
Blueberry_SekoyaPop,SLIGRO,NL-GE,2026-08-01,2026-08-31,Monthly,,KG,2.706,2.706,2775.717529296875,xgboost_baseline
Blueberry_SekoyaPop,SLIGRO,NL-GE,2026-09-01,2026-09-30,Monthly,,KG,2.706,2.706,2775.99755859375,xgboost_baseline
Blueberry_SekoyaPop,SLIGRO,NL-GE,2026-10-01,2026-10-31,Monthly,,KG,2.706,2.706,2775.998779296875,xgboost_baseline
Blueberry_SekoyaPop,SLIGRO,NL-GE,2026-11-01,2026-11-30,Monthly,,KG,2.706,2.706,2775.71875,xgboost_baseline
Blueberry_SekoyaPop,SLIGRO,NL-GE,2026-12-01,2026-12-31,Monthly,,KG,2.706,2.706,2775.71875,xgboost_baseline
Blueberry_SekoyaPop,SLIGRO,NL-GE,2027-01-01,2027-01-31,Monthly,,KG,2.706,2.706,2769.9755859375,xgboost_baseline
Blueberry_SekoyaPop,SLIGRO,NL-NB,2026-02-01,2026-02-28,Monthly,,KG,2.748,2.748,2755.194580078125,xgboost_baseline
Blueberry_SekoyaPop,SLIGRO,NL-NB,2026-03-01,2026-03-31,Monthly,,KG,2.748,2.748,2712.349609375,xgboost_baseline
Blueberry_SekoyaPop,SLIGRO,NL-NB,2026-04-01,2026-04-30,Monthly,,KG,2.748,2.748,2712.407470703125,xgboost_baseline
Blueberry_SekoyaPop,SLIGRO,NL-NB,2026-05-01,2026-05-31,Monthly,,KG,2.748,2.748,2779.700439453125,xgboost_baseline
Blueberry_SekoyaPop,SLIGRO,NL-NB,2026-06-01,2026-06-30,Monthly,,KG,2.748,2.748,2773.523681640625,xgboost_baseline
Blueberry_SekoyaPop,SLIGRO,NL-NB,2026-07-01,2026-07-31,Monthly,,KG,2.748,2.748,2773.523681640625,xgboost_baseline
Blueberry_SekoyaPop,SLIGRO,NL-NB,2026-08-01,2026-08-31,Monthly,,KG,2.748,2.748,2775.99755859375,xgboost_baseline
Blueberry_SekoyaPop,SLIGRO,NL-NB,2026-09-01,2026-09-30,Monthly,,KG,2.748,2.748,2775.99755859375,xgboost_baseline
Blueberry_SekoyaPop,SLIGRO,NL-NB,2026-10-01,2026-10-31,Monthly,,KG,2.748,2.748,2775.998779296875,xgboost_baseline
Blueberry_SekoyaPop,SLIGRO,NL-NB,2026-11-01,2026-11-30,Monthly,,KG,2.748,2.748,2775.71875,xgboost_baseline
Blueberry_SekoyaPop,SLIGRO,NL-NB,2026-12-01,2026-12-31,Monthly,,KG,2.748,2.748,2775.71875,xgboost_baseline
Blueberry_SekoyaPop,SLIGRO,NL-NB,2027-01-01,2027-01-31,Monthly,,KG,2.748,2.748,2770.152587890625,xgboost_baseline
Blueberry_SekoyaPop,SLIGRO,NL-NH,2026-02-01,2026-02-28,Monthly,,KG,2.858,2.858,2771.08935546875,xgboost_baseline
Blueberry_SekoyaPop,SLIGRO,NL-NH,2026-03-01,2026-03-31,Monthly,,KG,2.858,2.858,2712.349609375,xgboost_baseline
Blueberry_SekoyaPop,SLIGRO,NL-NH,2026-04-01,2026-04-30,Monthly,,KG,2.858,2.858,2712.407470703125,xgboost_baseline
Blueberry_SekoyaPop,SLIGRO,NL-NH,2026-05-01,2026-05-31,Monthly,,KG,2.858,2.858,2779.700439453125,xgboost_baseline
Blueberry_SekoyaPop,SLIGRO,NL-NH,2026-06-01,2026-06-30,Monthly,,KG,2.858,2.858,2773.523681640625,xgboost_baseline
Blueberry_SekoyaPop,SLIGRO,NL-NH,2026-07-01,2026-07-31,Monthly,,KG,2.858,2.858,2771.474609375,xgboost_baseline
Blueberry_SekoyaPop,SLIGRO,NL-NH,2026-08-01,2026-08-31,Monthly,,KG,2.858,2.858,2775.717529296875,xgboost_baseline
Blueberry_SekoyaPop,SLIGRO,NL-NH,2026-09-01,2026-09-30,Monthly,,KG,2.858,2.858,2775.99755859375,xgboost_baseline
Blueberry_SekoyaPop,SLIGRO,NL-NH,2026-10-01,2026-10-31,Monthly,,KG,2.858,2.858,2775.998779296875,xgboost_baseline
Blueberry_SekoyaPop,SLIGRO,NL-NH,2026-11-01,2026-11-30,Monthly,,KG,2.858,2.858,2775.71875,xgboost_baseline
Blueberry_SekoyaPop,SLIGRO,NL-NH,2026-12-01,2026-12-31,Monthly,,KG,2.858,2.858,2777.89990234375,xgboost_baseline
Blueberry_SekoyaPop,SLIGRO,NL-NH,2027-01-01,2027-01-31,Monthly,,KG,2.858,2.858,2770.152587890625,xgboost_baseline
Blueberry_SekoyaPop,SLIGRO,NL-ZH,2026-02-01,2026-02-28,Monthly,,KG,2.92,2.92,2755.194580078125,xgboost_baseline
Blueberry_SekoyaPop,SLIGRO,NL-ZH,2026-03-01,2026-03-31,Monthly,,KG,2.92,2.92,2712.3974609375,xgboost_baseline
Blueberry_SekoyaPop,SLIGRO,NL-ZH,2026-04-01,2026-04-30,Monthly,,KG,2.92,2.92,2712.407470703125,xgboost_baseline
Blueberry_SekoyaPop,SLIGRO,NL-ZH,2026-05-01,2026-05-31,Monthly,,KG,2.92,2.92,2779.700439453125,xgboost_baseline
Blueberry_SekoyaPop,SLIGRO,NL-ZH,2026-06-01,2026-06-30,Monthly,,KG,2.92,2.92,2773.523681640625,xgboost_baseline
Blueberry_SekoyaPop,SLIGRO,NL-ZH,2026-07-01,2026-07-31,Monthly,,KG,2.92,2.92,2771.474609375,xgboost_baseline
Blueberry_SekoyaPop,SLIGRO,NL-ZH,2026-08-01,2026-08-31,Monthly,,KG,2.92,2.92,2775.99755859375,xgboost_baseline
Blueberry_SekoyaPop,SLIGRO,NL-ZH,2026-09-01,2026-09-30,Monthly,,KG,2.92,2.92,2775.99755859375,xgboost_baseline
Blueberry_SekoyaPop,SLIGRO,NL-ZH,2026-10-01,2026-10-31,Monthly,,KG,2.92,2.92,2775.998779296875,xgboost_baseline
Blueberry_SekoyaPop,SLIGRO,NL-ZH,2026-11-01,2026-11-30,Monthly,,KG,2.92,2.92,2775.71875,xgboost_baseline
Blueberry_SekoyaPop,SLIGRO,NL-ZH,2026-12-01,2026-12-31,Monthly,,KG,2.92,2.92,2777.8994140625,xgboost_baseline
Blueberry_SekoyaPop,SLIGRO,NL-ZH,2027-01-01,2027-01-31,Monthly,,KG,2.92,2.92,2770.152587890625,xgboost_baseline
Blueberry_Ventura,AH,NL-GE,2026-02-01,2026-02-28,Monthly,,KG,2.735,2.735,2750.83642578125,xgboost_baseline
Blueberry_Ventura,AH,NL-GE,2026-03-01,2026-03-31,Monthly,,KG,2.735,2.735,2984.780517578125,xgboost_baseline
Blueberry_Ventura,AH,NL-GE,2026-04-01,2026-04-30,Monthly,,KG,2.735,2.735,2832.42919921875,xgboost_baseline
Blueberry_Ventura,AH,NL-GE,2026-05-01,2026-05-31,Monthly,,KG,2.735,2.735,2846.8017578125,xgboost_baseline
Blueberry_Ventura,AH,NL-GE,2026-06-01,2026-06-30,Monthly,,KG,2.735,2.735,2851.892822265625,xgboost_baseline
Blueberry_Ventura,AH,NL-GE,2026-07-01,2026-07-31,Monthly,,KG,2.735,2.735,2859.7119140625,xgboost_baseline
Blueberry_Ventura,AH,NL-GE,2026-08-01,2026-08-31,Monthly,,KG,2.735,2.735,3054.63623046875,xgboost_baseline
Blueberry_Ventura,AH,NL-GE,2026-09-01,2026-09-30,Monthly,,KG,2.735,2.735,3109.735107421875,xgboost_baseline
Blueberry_Ventura,AH,NL-GE,2026-10-01,2026-10-31,Monthly,,KG,2.735,2.735,3109.3701171875,xgboost_baseline
Blueberry_Ventura,AH,NL-GE,2026-11-01,2026-11-30,Monthly,,KG,2.735,2.735,3002.646240234375,xgboost_baseline
Blueberry_Ventura,AH,NL-GE,2026-12-01,2026-12-31,Monthly,,KG,2.735,2.735,3003.056640625,xgboost_baseline
Blueberry_Ventura,AH,NL-GE,2027-01-01,2027-01-31,Monthly,,KG,2.735,2.735,2821.00732421875,xgboost_baseline
Blueberry_Ventura,AH,NL-NB,2026-02-01,2026-02-28,Monthly,,KG,2.741,2.741,2891.3984375,xgboost_baseline
Blueberry_Ventura,AH,NL-NB,2026-03-01,2026-03-31,Monthly,,KG,2.741,2.741,3059.794189453125,xgboost_baseline
Blueberry_Ventura,AH,NL-NB,2026-04-01,2026-04-30,Monthly,,KG,2.741,2.741,3009.368896484375,xgboost_baseline
Blueberry_Ventura,AH,NL-NB,2026-05-01,2026-05-31,Monthly,,KG,2.741,2.741,2835.939453125,xgboost_baseline
Blueberry_Ventura,AH,NL-NB,2026-06-01,2026-06-30,Monthly,,KG,2.741,2.741,2875.6669921875,xgboost_baseline
Blueberry_Ventura,AH,NL-NB,2026-07-01,2026-07-31,Monthly,,KG,2.741,2.741,2987.134521484375,xgboost_baseline
Blueberry_Ventura,AH,NL-NB,2026-08-01,2026-08-31,Monthly,,KG,2.741,2.741,3024.05810546875,xgboost_baseline
Blueberry_Ventura,AH,NL-NB,2026-09-01,2026-09-30,Monthly,,KG,2.741,2.741,2989.654052734375,xgboost_baseline
Blueberry_Ventura,AH,NL-NB,2026-10-01,2026-10-31,Monthly,,KG,2.741,2.741,2985.2265625,xgboost_baseline
Blueberry_Ventura,AH,NL-NB,2026-11-01,2026-11-30,Monthly,,KG,2.741,2.741,3005.70166015625,xgboost_baseline
Blueberry_Ventura,AH,NL-NB,2026-12-01,2026-12-31,Monthly,,KG,2.741,2.741,3005.70166015625,xgboost_baseline
Blueberry_Ventura,AH,NL-NB,2027-01-01,2027-01-31,Monthly,,KG,2.741,2.741,2995.07373046875,xgboost_baseline
Blueberry_Ventura,AH,NL-NH,2026-02-01,2026-02-28,Monthly,,KG,2.841,2.841,2606.37255859375,xgboost_baseline
Blueberry_Ventura,AH,NL-NH,2026-03-01,2026-03-31,Monthly,,KG,2.841,2.841,2674.61181640625,xgboost_baseline
Blueberry_Ventura,AH,NL-NH,2026-04-01,2026-04-30,Monthly,,KG,2.841,2.841,2828.88818359375,xgboost_baseline
Blueberry_Ventura,AH,NL-NH,2026-05-01,2026-05-31,Monthly,,KG,2.841,2.841,2698.25244140625,xgboost_baseline
Blueberry_Ventura,AH,NL-NH,2026-06-01,2026-06-30,Monthly,,KG,2.841,2.841,2667.23095703125,xgboost_baseline
Blueberry_Ventura,AH,NL-NH,2026-07-01,2026-07-31,Monthly,,KG,2.841,2.841,2798.3505859375,xgboost_baseline
Blueberry_Ventura,AH,NL-NH,2026-08-01,2026-08-31,Monthly,,KG,2.841,2.841,3044.0498046875,xgboost_baseline
Blueberry_Ventura,AH,NL-NH,2026-09-01,2026-09-30,Monthly,,KG,2.841,2.841,3122.80029296875,xgboost_baseline
Blueberry_Ventura,AH,NL-NH,2026-10-01,2026-10-31,Monthly,,KG,2.841,2.841,3200.59765625,xgboost_baseline
Blueberry_Ventura,AH,NL-NH,2026-11-01,2026-11-30,Monthly,,KG,2.841,2.841,3056.04296875,xgboost_baseline
Blueberry_Ventura,AH,NL-NH,2026-12-01,2026-12-31,Monthly,,KG,2.841,2.841,3056.047607421875,xgboost_baseline
Blueberry_Ventura,AH,NL-NH,2027-01-01,2027-01-31,Monthly,,KG,2.841,2.841,3020.716796875,xgboost_baseline
Blueberry_Ventura,AH,NL-ZH,2026-02-01,2026-02-28,Monthly,,KG,2.903,2.903,2785.02685546875,xgboost_baseline
Blueberry_Ventura,AH,NL-ZH,2026-03-01,2026-03-31,Monthly,,KG,2.903,2.903,2644.57470703125,xgboost_baseline
Blueberry_Ventura,AH,NL-ZH,2026-04-01,2026-04-30,Monthly,,KG,2.903,2.903,2572.468017578125,xgboost_baseline
Blueberry_Ventura,AH,NL-ZH,2026-05-01,2026-05-31,Monthly,,KG,2.903,2.903,2792.65673828125,xgboost_baseline
Blueberry_Ventura,AH,NL-ZH,2026-06-01,2026-06-30,Monthly,,KG,2.903,2.903,2803.517578125,xgboost_baseline
Blueberry_Ventura,AH,NL-ZH,2026-07-01,2026-07-31,Monthly,,KG,2.903,2.903,2743.57373046875,xgboost_baseline
Blueberry_Ventura,AH,NL-ZH,2026-08-01,2026-08-31,Monthly,,KG,2.903,2.903,3013.05859375,xgboost_baseline
Blueberry_Ventura,AH,NL-ZH,2026-09-01,2026-09-30,Monthly,,KG,2.903,2.903,3171.97509765625,xgboost_baseline
Blueberry_Ventura,AH,NL-ZH,2026-10-01,2026-10-31,Monthly,,KG,2.903,2.903,3176.376953125,xgboost_baseline
Blueberry_Ventura,AH,NL-ZH,2026-11-01,2026-11-30,Monthly,,KG,2.903,2.903,3058.60498046875,xgboost_baseline
Blueberry_Ventura,AH,NL-ZH,2026-12-01,2026-12-31,Monthly,,KG,2.903,2.903,3043.767333984375,xgboost_baseline
Blueberry_Ventura,AH,NL-ZH,2027-01-01,2027-01-31,Monthly,,KG,2.903,2.903,3020.260498046875,xgboost_baseline
Blueberry_Ventura,FLINK,NL-GE,2026-02-01,2026-02-28,Monthly,,KG,2.648,2.648,2623.330322265625,xgboost_baseline
Blueberry_Ventura,FLINK,NL-GE,2026-03-01,2026-03-31,Monthly,,KG,2.648,2.648,2577.119140625,xgboost_baseline
Blueberry_Ventura,FLINK,NL-GE,2026-04-01,2026-04-30,Monthly,,KG,2.648,2.648,2577.0068359375,xgboost_baseline
Blueberry_Ventura,FLINK,NL-GE,2026-05-01,2026-05-31,Monthly,,KG,2.648,2.648,2633.000244140625,xgboost_baseline
Blueberry_Ventura,FLINK,NL-GE,2026-06-01,2026-06-30,Monthly,,KG,2.648,2.648,2633.000244140625,xgboost_baseline
Blueberry_Ventura,FLINK,NL-GE,2026-07-01,2026-07-31,Monthly,,KG,2.648,2.648,2633.000244140625,xgboost_baseline
Blueberry_Ventura,FLINK,NL-GE,2026-08-01,2026-08-31,Monthly,,KG,2.648,2.648,2628.871826171875,xgboost_baseline
Blueberry_Ventura,FLINK,NL-GE,2026-09-01,2026-09-30,Monthly,,KG,2.648,2.648,2628.871826171875,xgboost_baseline
Blueberry_Ventura,FLINK,NL-GE,2026-10-01,2026-10-31,Monthly,,KG,2.648,2.648,2628.87158203125,xgboost_baseline
Blueberry_Ventura,FLINK,NL-GE,2026-11-01,2026-11-30,Monthly,,KG,2.648,2.648,2628.87158203125,xgboost_baseline
Blueberry_Ventura,FLINK,NL-GE,2026-12-01,2026-12-31,Monthly,,KG,2.648,2.648,2628.87158203125,xgboost_baseline
Blueberry_Ventura,FLINK,NL-GE,2027-01-01,2027-01-31,Monthly,,KG,2.648,2.648,2625.362548828125,xgboost_baseline
Blueberry_Ventura,FLINK,NL-NB,2026-02-01,2026-02-28,Monthly,,KG,2.82,2.82,2755.194580078125,xgboost_baseline
Blueberry_Ventura,FLINK,NL-NB,2026-03-01,2026-03-31,Monthly,,KG,2.82,2.82,2713.161865234375,xgboost_baseline
Blueberry_Ventura,FLINK,NL-NB,2026-04-01,2026-04-30,Monthly,,KG,2.82,2.82,2713.058349609375,xgboost_baseline
Blueberry_Ventura,FLINK,NL-NB,2026-05-01,2026-05-31,Monthly,,KG,2.82,2.82,2779.700439453125,xgboost_baseline
Blueberry_Ventura,FLINK,NL-NB,2026-06-01,2026-06-30,Monthly,,KG,2.82,2.82,2773.523681640625,xgboost_baseline
Blueberry_Ventura,FLINK,NL-NB,2026-07-01,2026-07-31,Monthly,,KG,2.82,2.82,2773.523681640625,xgboost_baseline
Blueberry_Ventura,FLINK,NL-NB,2026-08-01,2026-08-31,Monthly,,KG,2.82,2.82,2775.99755859375,xgboost_baseline
Blueberry_Ventura,FLINK,NL-NB,2026-09-01,2026-09-30,Monthly,,KG,2.82,2.82,2775.99755859375,xgboost_baseline
Blueberry_Ventura,FLINK,NL-NB,2026-10-01,2026-10-31,Monthly,,KG,2.82,2.82,2775.998779296875,xgboost_baseline
Blueberry_Ventura,FLINK,NL-NB,2026-11-01,2026-11-30,Monthly,,KG,2.82,2.82,2775.71875,xgboost_baseline
Blueberry_Ventura,FLINK,NL-NB,2026-12-01,2026-12-31,Monthly,,KG,2.82,2.82,2775.71875,xgboost_baseline
Blueberry_Ventura,FLINK,NL-NB,2027-01-01,2027-01-31,Monthly,,KG,2.82,2.82,2767.79443359375,xgboost_baseline
Blueberry_Ventura,FLINK,NL-NH,2026-02-01,2026-02-28,Monthly,,KG,2.867,2.867,2772.614990234375,xgboost_baseline
Blueberry_Ventura,FLINK,NL-NH,2026-03-01,2026-03-31,Monthly,,KG,2.867,2.867,2713.161865234375,xgboost_baseline
Blueberry_Ventura,FLINK,NL-NH,2026-04-01,2026-04-30,Monthly,,KG,2.867,2.867,2713.058349609375,xgboost_baseline
Blueberry_Ventura,FLINK,NL-NH,2026-05-01,2026-05-31,Monthly,,KG,2.867,2.867,2779.700439453125,xgboost_baseline
Blueberry_Ventura,FLINK,NL-NH,2026-06-01,2026-06-30,Monthly,,KG,2.867,2.867,2773.523681640625,xgboost_baseline
Blueberry_Ventura,FLINK,NL-NH,2026-07-01,2026-07-31,Monthly,,KG,2.867,2.867,2773.523681640625,xgboost_baseline
Blueberry_Ventura,FLINK,NL-NH,2026-08-01,2026-08-31,Monthly,,KG,2.867,2.867,2775.717529296875,xgboost_baseline
Blueberry_Ventura,FLINK,NL-NH,2026-09-01,2026-09-30,Monthly,,KG,2.867,2.867,2775.99755859375,xgboost_baseline
Blueberry_Ventura,FLINK,NL-NH,2026-10-01,2026-10-31,Monthly,,KG,2.867,2.867,2775.998779296875,xgboost_baseline
Blueberry_Ventura,FLINK,NL-NH,2026-11-01,2026-11-30,Monthly,,KG,2.867,2.867,2775.71875,xgboost_baseline
Blueberry_Ventura,FLINK,NL-NH,2026-12-01,2026-12-31,Monthly,,KG,2.867,2.867,2775.71875,xgboost_baseline
Blueberry_Ventura,FLINK,NL-NH,2027-01-01,2027-01-31,Monthly,,KG,2.867,2.867,2767.79443359375,xgboost_baseline
Blueberry_Ventura,FLINK,NL-ZH,2026-02-01,2026-02-28,Monthly,,KG,2.934,2.934,2771.081298828125,xgboost_baseline
Blueberry_Ventura,FLINK,NL-ZH,2026-03-01,2026-03-31,Monthly,,KG,2.934,2.934,2713.161865234375,xgboost_baseline
Blueberry_Ventura,FLINK,NL-ZH,2026-04-01,2026-04-30,Monthly,,KG,2.934,2.934,2713.058349609375,xgboost_baseline
Blueberry_Ventura,FLINK,NL-ZH,2026-05-01,2026-05-31,Monthly,,KG,2.934,2.934,2779.700439453125,xgboost_baseline
Blueberry_Ventura,FLINK,NL-ZH,2026-06-01,2026-06-30,Monthly,,KG,2.934,2.934,2773.523681640625,xgboost_baseline
Blueberry_Ventura,FLINK,NL-ZH,2026-07-01,2026-07-31,Monthly,,KG,2.934,2.934,2773.523681640625,xgboost_baseline
Blueberry_Ventura,FLINK,NL-ZH,2026-08-01,2026-08-31,Monthly,,KG,2.934,2.934,2775.717529296875,xgboost_baseline
Blueberry_Ventura,FLINK,NL-ZH,2026-09-01,2026-09-30,Monthly,,KG,2.934,2.934,2775.99755859375,xgboost_baseline
Blueberry_Ventura,FLINK,NL-ZH,2026-10-01,2026-10-31,Monthly,,KG,2.934,2.934,2775.998779296875,xgboost_baseline
Blueberry_Ventura,FLINK,NL-ZH,2026-11-01,2026-11-30,Monthly,,KG,2.934,2.934,2775.71875,xgboost_baseline
Blueberry_Ventura,FLINK,NL-ZH,2026-12-01,2026-12-31,Monthly,,KG,2.934,2.934,2775.71875,xgboost_baseline
Blueberry_Ventura,FLINK,NL-ZH,2027-01-01,2027-01-31,Monthly,,KG,2.934,2.934,2767.79443359375,xgboost_baseline
Blueberry_Ventura,GREENACRES,NL-GE,2026-02-01,2026-02-28,Monthly,,KG,2.642,2.642,2644.2939453125,xgboost_baseline
Blueberry_Ventura,GREENACRES,NL-GE,2026-03-01,2026-03-31,Monthly,,KG,2.642,2.642,2575.1923828125,xgboost_baseline
Blueberry_Ventura,GREENACRES,NL-GE,2026-04-01,2026-04-30,Monthly,,KG,2.642,2.642,2574.55810546875,xgboost_baseline
Blueberry_Ventura,GREENACRES,NL-GE,2026-05-01,2026-05-31,Monthly,,KG,2.642,2.642,2636.55078125,xgboost_baseline
Blueberry_Ventura,GREENACRES,NL-GE,2026-06-01,2026-06-30,Monthly,,KG,2.642,2.642,2632.13330078125,xgboost_baseline
Blueberry_Ventura,GREENACRES,NL-GE,2026-07-01,2026-07-31,Monthly,,KG,2.642,2.642,2632.131591796875,xgboost_baseline
Blueberry_Ventura,GREENACRES,NL-GE,2026-08-01,2026-08-31,Monthly,,KG,2.642,2.642,2632.426513671875,xgboost_baseline
Blueberry_Ventura,GREENACRES,NL-GE,2026-09-01,2026-09-30,Monthly,,KG,2.642,2.642,2632.426513671875,xgboost_baseline
Blueberry_Ventura,GREENACRES,NL-GE,2026-10-01,2026-10-31,Monthly,,KG,2.642,2.642,2632.42626953125,xgboost_baseline
Blueberry_Ventura,GREENACRES,NL-GE,2026-11-01,2026-11-30,Monthly,,KG,2.642,2.642,2632.42626953125,xgboost_baseline
Blueberry_Ventura,GREENACRES,NL-GE,2026-12-01,2026-12-31,Monthly,,KG,2.642,2.642,2633.345947265625,xgboost_baseline
Blueberry_Ventura,GREENACRES,NL-GE,2027-01-01,2027-01-31,Monthly,,KG,2.642,2.642,2629.837158203125,xgboost_baseline
Blueberry_Ventura,GREENACRES,NL-NB,2026-02-01,2026-02-28,Monthly,,KG,2.747,2.747,2755.194580078125,xgboost_baseline
Blueberry_Ventura,GREENACRES,NL-NB,2026-03-01,2026-03-31,Monthly,,KG,2.747,2.747,2712.35009765625,xgboost_baseline
Blueberry_Ventura,GREENACRES,NL-NB,2026-04-01,2026-04-30,Monthly,,KG,2.747,2.747,2711.11181640625,xgboost_baseline
Blueberry_Ventura,GREENACRES,NL-NB,2026-05-01,2026-05-31,Monthly,,KG,2.747,2.747,2779.700439453125,xgboost_baseline
Blueberry_Ventura,GREENACRES,NL-NB,2026-06-01,2026-06-30,Monthly,,KG,2.747,2.747,2773.523681640625,xgboost_baseline
Blueberry_Ventura,GREENACRES,NL-NB,2026-07-01,2026-07-31,Monthly,,KG,2.747,2.747,2771.474609375,xgboost_baseline
Blueberry_Ventura,GREENACRES,NL-NB,2026-08-01,2026-08-31,Monthly,,KG,2.747,2.747,2775.99755859375,xgboost_baseline
Blueberry_Ventura,GREENACRES,NL-NB,2026-09-01,2026-09-30,Monthly,,KG,2.747,2.747,2775.99755859375,xgboost_baseline
Blueberry_Ventura,GREENACRES,NL-NB,2026-10-01,2026-10-31,Monthly,,KG,2.747,2.747,2775.998779296875,xgboost_baseline
Blueberry_Ventura,GREENACRES,NL-NB,2026-11-01,2026-11-30,Monthly,,KG,2.747,2.747,2775.71875,xgboost_baseline
Blueberry_Ventura,GREENACRES,NL-NB,2026-12-01,2026-12-31,Monthly,,KG,2.747,2.747,2777.89990234375,xgboost_baseline
Blueberry_Ventura,GREENACRES,NL-NB,2027-01-01,2027-01-31,Monthly,,KG,2.747,2.747,2770.152587890625,xgboost_baseline
Blueberry_Ventura,GREENACRES,NL-NH,2026-02-01,2026-02-28,Monthly,,KG,2.876,2.876,2772.614990234375,xgboost_baseline
Blueberry_Ventura,GREENACRES,NL-NH,2026-03-01,2026-03-31,Monthly,,KG,2.876,2.876,2712.35009765625,xgboost_baseline
Blueberry_Ventura,GREENACRES,NL-NH,2026-04-01,2026-04-30,Monthly,,KG,2.876,2.876,2712.407470703125,xgboost_baseline
Blueberry_Ventura,GREENACRES,NL-NH,2026-05-01,2026-05-31,Monthly,,KG,2.876,2.876,2779.700439453125,xgboost_baseline
Blueberry_Ventura,GREENACRES,NL-NH,2026-06-01,2026-06-30,Monthly,,KG,2.876,2.876,2773.523681640625,xgboost_baseline
Blueberry_Ventura,GREENACRES,NL-NH,2026-07-01,2026-07-31,Monthly,,KG,2.876,2.876,2771.474609375,xgboost_baseline
Blueberry_Ventura,GREENACRES,NL-NH,2026-08-01,2026-08-31,Monthly,,KG,2.876,2.876,2775.717529296875,xgboost_baseline
Blueberry_Ventura,GREENACRES,NL-NH,2026-09-01,2026-09-30,Monthly,,KG,2.876,2.876,2775.99755859375,xgboost_baseline
Blueberry_Ventura,GREENACRES,NL-NH,2026-10-01,2026-10-31,Monthly,,KG,2.876,2.876,2775.998779296875,xgboost_baseline
Blueberry_Ventura,GREENACRES,NL-NH,2026-11-01,2026-11-30,Monthly,,KG,2.876,2.876,2775.71875,xgboost_baseline
Blueberry_Ventura,GREENACRES,NL-NH,2026-12-01,2026-12-31,Monthly,,KG,2.876,2.876,2777.8994140625,xgboost_baseline
Blueberry_Ventura,GREENACRES,NL-NH,2027-01-01,2027-01-31,Monthly,,KG,2.876,2.876,2770.152587890625,xgboost_baseline
Blueberry_Ventura,GREENACRES,NL-ZH,2026-02-01,2026-02-28,Monthly,,KG,2.896,2.896,2771.081298828125,xgboost_baseline
Blueberry_Ventura,GREENACRES,NL-ZH,2026-03-01,2026-03-31,Monthly,,KG,2.896,2.896,2712.3974609375,xgboost_baseline
Blueberry_Ventura,GREENACRES,NL-ZH,2026-04-01,2026-04-30,Monthly,,KG,2.896,2.896,2711.11181640625,xgboost_baseline
Blueberry_Ventura,GREENACRES,NL-ZH,2026-05-01,2026-05-31,Monthly,,KG,2.896,2.896,2777.599609375,xgboost_baseline
Blueberry_Ventura,GREENACRES,NL-ZH,2026-06-01,2026-06-30,Monthly,,KG,2.896,2.896,2773.523681640625,xgboost_baseline
Blueberry_Ventura,GREENACRES,NL-ZH,2026-07-01,2026-07-31,Monthly,,KG,2.896,2.896,2771.474609375,xgboost_baseline
Blueberry_Ventura,GREENACRES,NL-ZH,2026-08-01,2026-08-31,Monthly,,KG,2.896,2.896,2775.717529296875,xgboost_baseline
Blueberry_Ventura,GREENACRES,NL-ZH,2026-09-01,2026-09-30,Monthly,,KG,2.896,2.896,2775.99755859375,xgboost_baseline
Blueberry_Ventura,GREENACRES,NL-ZH,2026-10-01,2026-10-31,Monthly,,KG,2.896,2.896,2775.998779296875,xgboost_baseline
Blueberry_Ventura,GREENACRES,NL-ZH,2026-11-01,2026-11-30,Monthly,,KG,2.896,2.896,2775.718017578125,xgboost_baseline
Blueberry_Ventura,GREENACRES,NL-ZH,2026-12-01,2026-12-31,Monthly,,KG,2.896,2.896,2777.89990234375,xgboost_baseline
Blueberry_Ventura,GREENACRES,NL-ZH,2027-01-01,2027-01-31,Monthly,,KG,2.896,2.896,2770.152587890625,xgboost_baseline
Blueberry_Ventura,HELLOFRESH,NL-GE,2026-02-01,2026-02-28,Monthly,,KG,2.674,2.674,2623.00146484375,xgboost_baseline
Blueberry_Ventura,HELLOFRESH,NL-GE,2026-03-01,2026-03-31,Monthly,,KG,2.674,2.674,2576.817626953125,xgboost_baseline
Blueberry_Ventura,HELLOFRESH,NL-GE,2026-04-01,2026-04-30,Monthly,,KG,2.674,2.674,2576.705810546875,xgboost_baseline
Blueberry_Ventura,HELLOFRESH,NL-GE,2026-05-01,2026-05-31,Monthly,,KG,2.674,2.674,2632.6533203125,xgboost_baseline
Blueberry_Ventura,HELLOFRESH,NL-GE,2026-06-01,2026-06-30,Monthly,,KG,2.674,2.674,2632.6533203125,xgboost_baseline
Blueberry_Ventura,HELLOFRESH,NL-GE,2026-07-01,2026-07-31,Monthly,,KG,2.674,2.674,2632.6533203125,xgboost_baseline
Blueberry_Ventura,HELLOFRESH,NL-GE,2026-08-01,2026-08-31,Monthly,,KG,2.674,2.674,2628.525390625,xgboost_baseline
Blueberry_Ventura,HELLOFRESH,NL-GE,2026-09-01,2026-09-30,Monthly,,KG,2.674,2.674,2628.525390625,xgboost_baseline
Blueberry_Ventura,HELLOFRESH,NL-GE,2026-10-01,2026-10-31,Monthly,,KG,2.674,2.674,2628.525146484375,xgboost_baseline
Blueberry_Ventura,HELLOFRESH,NL-GE,2026-11-01,2026-11-30,Monthly,,KG,2.674,2.674,2628.525146484375,xgboost_baseline
Blueberry_Ventura,HELLOFRESH,NL-GE,2026-12-01,2026-12-31,Monthly,,KG,2.674,2.674,2628.525146484375,xgboost_baseline
Blueberry_Ventura,HELLOFRESH,NL-GE,2027-01-01,2027-01-31,Monthly,,KG,2.674,2.674,2625.75146484375,xgboost_baseline
Blueberry_Ventura,HELLOFRESH,NL-NB,2026-02-01,2026-02-28,Monthly,,KG,2.712,2.712,2755.194580078125,xgboost_baseline
Blueberry_Ventura,HELLOFRESH,NL-NB,2026-03-01,2026-03-31,Monthly,,KG,2.712,2.712,2713.161865234375,xgboost_baseline
Blueberry_Ventura,HELLOFRESH,NL-NB,2026-04-01,2026-04-30,Monthly,,KG,2.712,2.712,2713.058349609375,xgboost_baseline
Blueberry_Ventura,HELLOFRESH,NL-NB,2026-05-01,2026-05-31,Monthly,,KG,2.712,2.712,2779.700439453125,xgboost_baseline
Blueberry_Ventura,HELLOFRESH,NL-NB,2026-06-01,2026-06-30,Monthly,,KG,2.712,2.712,2773.523681640625,xgboost_baseline
Blueberry_Ventura,HELLOFRESH,NL-NB,2026-07-01,2026-07-31,Monthly,,KG,2.712,2.712,2773.523681640625,xgboost_baseline
Blueberry_Ventura,HELLOFRESH,NL-NB,2026-08-01,2026-08-31,Monthly,,KG,2.712,2.712,2775.99755859375,xgboost_baseline
Blueberry_Ventura,HELLOFRESH,NL-NB,2026-09-01,2026-09-30,Monthly,,KG,2.712,2.712,2775.99755859375,xgboost_baseline
Blueberry_Ventura,HELLOFRESH,NL-NB,2026-10-01,2026-10-31,Monthly,,KG,2.712,2.712,2775.998779296875,xgboost_baseline
Blueberry_Ventura,HELLOFRESH,NL-NB,2026-11-01,2026-11-30,Monthly,,KG,2.712,2.712,2775.71875,xgboost_baseline
Blueberry_Ventura,HELLOFRESH,NL-NB,2026-12-01,2026-12-31,Monthly,,KG,2.712,2.712,2775.71875,xgboost_baseline
Blueberry_Ventura,HELLOFRESH,NL-NB,2027-01-01,2027-01-31,Monthly,,KG,2.712,2.712,2767.79443359375,xgboost_baseline
Blueberry_Ventura,HELLOFRESH,NL-NH,2026-02-01,2026-02-28,Monthly,,KG,2.916,2.916,2755.194580078125,xgboost_baseline
Blueberry_Ventura,HELLOFRESH,NL-NH,2026-03-01,2026-03-31,Monthly,,KG,2.916,2.916,2713.161865234375,xgboost_baseline
Blueberry_Ventura,HELLOFRESH,NL-NH,2026-04-01,2026-04-30,Monthly,,KG,2.916,2.916,2713.058349609375,xgboost_baseline
Blueberry_Ventura,HELLOFRESH,NL-NH,2026-05-01,2026-05-31,Monthly,,KG,2.916,2.916,2779.700439453125,xgboost_baseline
Blueberry_Ventura,HELLOFRESH,NL-NH,2026-06-01,2026-06-30,Monthly,,KG,2.916,2.916,2773.523681640625,xgboost_baseline
Blueberry_Ventura,HELLOFRESH,NL-NH,2026-07-01,2026-07-31,Monthly,,KG,2.916,2.916,2773.523681640625,xgboost_baseline
Blueberry_Ventura,HELLOFRESH,NL-NH,2026-08-01,2026-08-31,Monthly,,KG,2.916,2.916,2775.99755859375,xgboost_baseline
Blueberry_Ventura,HELLOFRESH,NL-NH,2026-09-01,2026-09-30,Monthly,,KG,2.916,2.916,2775.99755859375,xgboost_baseline
Blueberry_Ventura,HELLOFRESH,NL-NH,2026-10-01,2026-10-31,Monthly,,KG,2.916,2.916,2775.998779296875,xgboost_baseline
Blueberry_Ventura,HELLOFRESH,NL-NH,2026-11-01,2026-11-30,Monthly,,KG,2.916,2.916,2775.71875,xgboost_baseline
Blueberry_Ventura,HELLOFRESH,NL-NH,2026-12-01,2026-12-31,Monthly,,KG,2.916,2.916,2775.71875,xgboost_baseline
Blueberry_Ventura,HELLOFRESH,NL-NH,2027-01-01,2027-01-31,Monthly,,KG,2.916,2.916,2767.79443359375,xgboost_baseline
Blueberry_Ventura,HELLOFRESH,NL-ZH,2026-02-01,2026-02-28,Monthly,,KG,2.861,2.861,2755.194580078125,xgboost_baseline
Blueberry_Ventura,HELLOFRESH,NL-ZH,2026-03-01,2026-03-31,Monthly,,KG,2.861,2.861,2713.161865234375,xgboost_baseline
Blueberry_Ventura,HELLOFRESH,NL-ZH,2026-04-01,2026-04-30,Monthly,,KG,2.861,2.861,2713.058349609375,xgboost_baseline
Blueberry_Ventura,HELLOFRESH,NL-ZH,2026-05-01,2026-05-31,Monthly,,KG,2.861,2.861,2779.700439453125,xgboost_baseline
Blueberry_Ventura,HELLOFRESH,NL-ZH,2026-06-01,2026-06-30,Monthly,,KG,2.861,2.861,2773.523681640625,xgboost_baseline
Blueberry_Ventura,HELLOFRESH,NL-ZH,2026-07-01,2026-07-31,Monthly,,KG,2.861,2.861,2773.523681640625,xgboost_baseline
Blueberry_Ventura,HELLOFRESH,NL-ZH,2026-08-01,2026-08-31,Monthly,,KG,2.861,2.861,2775.99755859375,xgboost_baseline
Blueberry_Ventura,HELLOFRESH,NL-ZH,2026-09-01,2026-09-30,Monthly,,KG,2.861,2.861,2775.99755859375,xgboost_baseline
Blueberry_Ventura,HELLOFRESH,NL-ZH,2026-10-01,2026-10-31,Monthly,,KG,2.861,2.861,2775.998779296875,xgboost_baseline
Blueberry_Ventura,HELLOFRESH,NL-ZH,2026-11-01,2026-11-30,Monthly,,KG,2.861,2.861,2775.71875,xgboost_baseline
Blueberry_Ventura,HELLOFRESH,NL-ZH,2026-12-01,2026-12-31,Monthly,,KG,2.861,2.861,2775.71875,xgboost_baseline
Blueberry_Ventura,HELLOFRESH,NL-ZH,2027-01-01,2027-01-31,Monthly,,KG,2.861,2.861,2767.79443359375,xgboost_baseline
Blueberry_Ventura,HOLLANDFOODSERVICE,NL-GE,2026-02-01,2026-02-28,Monthly,,KG,2.641,2.641,2644.651611328125,xgboost_baseline
Blueberry_Ventura,HOLLANDFOODSERVICE,NL-GE,2026-03-01,2026-03-31,Monthly,,KG,2.641,2.641,2575.13671875,xgboost_baseline
Blueberry_Ventura,HOLLANDFOODSERVICE,NL-GE,2026-04-01,2026-04-30,Monthly,,KG,2.641,2.641,2578.22314453125,xgboost_baseline
Blueberry_Ventura,HOLLANDFOODSERVICE,NL-GE,2026-05-01,2026-05-31,Monthly,,KG,2.641,2.641,2636.55078125,xgboost_baseline
Blueberry_Ventura,HOLLANDFOODSERVICE,NL-GE,2026-06-01,2026-06-30,Monthly,,KG,2.641,2.641,2636.55078125,xgboost_baseline
Blueberry_Ventura,HOLLANDFOODSERVICE,NL-GE,2026-07-01,2026-07-31,Monthly,,KG,2.641,2.641,2634.44970703125,xgboost_baseline
Blueberry_Ventura,HOLLANDFOODSERVICE,NL-GE,2026-08-01,2026-08-31,Monthly,,KG,2.641,2.641,2632.426513671875,xgboost_baseline
Blueberry_Ventura,HOLLANDFOODSERVICE,NL-GE,2026-09-01,2026-09-30,Monthly,,KG,2.641,2.641,2632.426513671875,xgboost_baseline
Blueberry_Ventura,HOLLANDFOODSERVICE,NL-GE,2026-10-01,2026-10-31,Monthly,,KG,2.641,2.641,2632.42626953125,xgboost_baseline
Blueberry_Ventura,HOLLANDFOODSERVICE,NL-GE,2026-11-01,2026-11-30,Monthly,,KG,2.641,2.641,2632.42626953125,xgboost_baseline
Blueberry_Ventura,HOLLANDFOODSERVICE,NL-GE,2026-12-01,2026-12-31,Monthly,,KG,2.641,2.641,2633.162109375,xgboost_baseline
Blueberry_Ventura,HOLLANDFOODSERVICE,NL-GE,2027-01-01,2027-01-31,Monthly,,KG,2.641,2.641,2629.837158203125,xgboost_baseline
Blueberry_Ventura,HOLLANDFOODSERVICE,NL-NB,2026-02-01,2026-02-28,Monthly,,KG,2.765,2.765,2755.194580078125,xgboost_baseline
Blueberry_Ventura,HOLLANDFOODSERVICE,NL-NB,2026-03-01,2026-03-31,Monthly,,KG,2.765,2.765,2712.35009765625,xgboost_baseline
Blueberry_Ventura,HOLLANDFOODSERVICE,NL-NB,2026-04-01,2026-04-30,Monthly,,KG,2.765,2.765,2712.407470703125,xgboost_baseline
Blueberry_Ventura,HOLLANDFOODSERVICE,NL-NB,2026-05-01,2026-05-31,Monthly,,KG,2.765,2.765,2779.700439453125,xgboost_baseline
Blueberry_Ventura,HOLLANDFOODSERVICE,NL-NB,2026-06-01,2026-06-30,Monthly,,KG,2.765,2.765,2773.523681640625,xgboost_baseline
Blueberry_Ventura,HOLLANDFOODSERVICE,NL-NB,2026-07-01,2026-07-31,Monthly,,KG,2.765,2.765,2771.474609375,xgboost_baseline
Blueberry_Ventura,HOLLANDFOODSERVICE,NL-NB,2026-08-01,2026-08-31,Monthly,,KG,2.765,2.765,2775.99755859375,xgboost_baseline
Blueberry_Ventura,HOLLANDFOODSERVICE,NL-NB,2026-09-01,2026-09-30,Monthly,,KG,2.765,2.765,2775.99755859375,xgboost_baseline
Blueberry_Ventura,HOLLANDFOODSERVICE,NL-NB,2026-10-01,2026-10-31,Monthly,,KG,2.765,2.765,2775.998779296875,xgboost_baseline
Blueberry_Ventura,HOLLANDFOODSERVICE,NL-NB,2026-11-01,2026-11-30,Monthly,,KG,2.765,2.765,2775.71875,xgboost_baseline
Blueberry_Ventura,HOLLANDFOODSERVICE,NL-NB,2026-12-01,2026-12-31,Monthly,,KG,2.765,2.765,2777.89990234375,xgboost_baseline
Blueberry_Ventura,HOLLANDFOODSERVICE,NL-NB,2027-01-01,2027-01-31,Monthly,,KG,2.765,2.765,2770.152587890625,xgboost_baseline
Blueberry_Ventura,HOLLANDFOODSERVICE,NL-NH,2026-02-01,2026-02-28,Monthly,,KG,2.766,2.766,2772.97265625,xgboost_baseline
Blueberry_Ventura,HOLLANDFOODSERVICE,NL-NH,2026-03-01,2026-03-31,Monthly,,KG,2.766,2.766,2712.349609375,xgboost_baseline
Blueberry_Ventura,HOLLANDFOODSERVICE,NL-NH,2026-04-01,2026-04-30,Monthly,,KG,2.766,2.766,2712.407470703125,xgboost_baseline
Blueberry_Ventura,HOLLANDFOODSERVICE,NL-NH,2026-05-01,2026-05-31,Monthly,,KG,2.766,2.766,2779.700439453125,xgboost_baseline
Blueberry_Ventura,HOLLANDFOODSERVICE,NL-NH,2026-06-01,2026-06-30,Monthly,,KG,2.766,2.766,2773.523681640625,xgboost_baseline
Blueberry_Ventura,HOLLANDFOODSERVICE,NL-NH,2026-07-01,2026-07-31,Monthly,,KG,2.766,2.766,2771.474609375,xgboost_baseline
Blueberry_Ventura,HOLLANDFOODSERVICE,NL-NH,2026-08-01,2026-08-31,Monthly,,KG,2.766,2.766,2775.717529296875,xgboost_baseline
Blueberry_Ventura,HOLLANDFOODSERVICE,NL-NH,2026-09-01,2026-09-30,Monthly,,KG,2.766,2.766,2775.99755859375,xgboost_baseline
Blueberry_Ventura,HOLLANDFOODSERVICE,NL-NH,2026-10-01,2026-10-31,Monthly,,KG,2.766,2.766,2775.998779296875,xgboost_baseline
Blueberry_Ventura,HOLLANDFOODSERVICE,NL-NH,2026-11-01,2026-11-30,Monthly,,KG,2.766,2.766,2775.71875,xgboost_baseline
Blueberry_Ventura,HOLLANDFOODSERVICE,NL-NH,2026-12-01,2026-12-31,Monthly,,KG,2.766,2.766,2777.89990234375,xgboost_baseline
Blueberry_Ventura,HOLLANDFOODSERVICE,NL-NH,2027-01-01,2027-01-31,Monthly,,KG,2.766,2.766,2770.152587890625,xgboost_baseline
Blueberry_Ventura,HOLLANDFOODSERVICE,NL-ZH,2026-02-01,2026-02-28,Monthly,,KG,2.99,2.99,2772.97265625,xgboost_baseline
Blueberry_Ventura,HOLLANDFOODSERVICE,NL-ZH,2026-03-01,2026-03-31,Monthly,,KG,2.99,2.99,2712.35009765625,xgboost_baseline
Blueberry_Ventura,HOLLANDFOODSERVICE,NL-ZH,2026-04-01,2026-04-30,Monthly,,KG,2.99,2.99,2711.11181640625,xgboost_baseline
Blueberry_Ventura,HOLLANDFOODSERVICE,NL-ZH,2026-05-01,2026-05-31,Monthly,,KG,2.99,2.99,2779.700439453125,xgboost_baseline
Blueberry_Ventura,HOLLANDFOODSERVICE,NL-ZH,2026-06-01,2026-06-30,Monthly,,KG,2.99,2.99,2771.474609375,xgboost_baseline
Blueberry_Ventura,HOLLANDFOODSERVICE,NL-ZH,2026-07-01,2026-07-31,Monthly,,KG,2.99,2.99,2771.474609375,xgboost_baseline
Blueberry_Ventura,HOLLANDFOODSERVICE,NL-ZH,2026-08-01,2026-08-31,Monthly,,KG,2.99,2.99,2775.717529296875,xgboost_baseline
Blueberry_Ventura,HOLLANDFOODSERVICE,NL-ZH,2026-09-01,2026-09-30,Monthly,,KG,2.99,2.99,2775.99755859375,xgboost_baseline
Blueberry_Ventura,HOLLANDFOODSERVICE,NL-ZH,2026-10-01,2026-10-31,Monthly,,KG,2.99,2.99,2775.998779296875,xgboost_baseline
Blueberry_Ventura,HOLLANDFOODSERVICE,NL-ZH,2026-11-01,2026-11-30,Monthly,,KG,2.99,2.99,2775.718017578125,xgboost_baseline
Blueberry_Ventura,HOLLANDFOODSERVICE,NL-ZH,2026-12-01,2026-12-31,Monthly,,KG,2.99,2.99,2778.076904296875,xgboost_baseline
Blueberry_Ventura,HOLLANDFOODSERVICE,NL-ZH,2027-01-01,2027-01-31,Monthly,,KG,2.99,2.99,2770.152587890625,xgboost_baseline
Blueberry_Ventura,JUMBO,NL-GE,2026-02-01,2026-02-28,Monthly,,KG,2.636,2.636,2769.633544921875,xgboost_baseline
Blueberry_Ventura,JUMBO,NL-GE,2026-03-01,2026-03-31,Monthly,,KG,2.636,2.636,2961.303466796875,xgboost_baseline
Blueberry_Ventura,JUMBO,NL-GE,2026-04-01,2026-04-30,Monthly,,KG,2.636,2.636,2766.900146484375,xgboost_baseline
Blueberry_Ventura,JUMBO,NL-GE,2026-05-01,2026-05-31,Monthly,,KG,2.636,2.636,2672.826171875,xgboost_baseline
Blueberry_Ventura,JUMBO,NL-GE,2026-06-01,2026-06-30,Monthly,,KG,2.636,2.636,2666.1494140625,xgboost_baseline
Blueberry_Ventura,JUMBO,NL-GE,2026-07-01,2026-07-31,Monthly,,KG,2.636,2.636,2627.91796875,xgboost_baseline
Blueberry_Ventura,JUMBO,NL-GE,2026-08-01,2026-08-31,Monthly,,KG,2.636,2.636,2932.1796875,xgboost_baseline
Blueberry_Ventura,JUMBO,NL-GE,2026-09-01,2026-09-30,Monthly,,KG,2.636,2.636,3112.310302734375,xgboost_baseline
Blueberry_Ventura,JUMBO,NL-GE,2026-10-01,2026-10-31,Monthly,,KG,2.636,2.636,3115.96435546875,xgboost_baseline
Blueberry_Ventura,JUMBO,NL-GE,2026-11-01,2026-11-30,Monthly,,KG,2.636,2.636,3285.401123046875,xgboost_baseline
Blueberry_Ventura,JUMBO,NL-GE,2026-12-01,2026-12-31,Monthly,,KG,2.636,2.636,3144.177734375,xgboost_baseline
Blueberry_Ventura,JUMBO,NL-GE,2027-01-01,2027-01-31,Monthly,,KG,2.636,2.636,3031.691162109375,xgboost_baseline
Blueberry_Ventura,JUMBO,NL-NB,2026-02-01,2026-02-28,Monthly,,KG,2.792,2.792,2830.8505859375,xgboost_baseline
Blueberry_Ventura,JUMBO,NL-NB,2026-03-01,2026-03-31,Monthly,,KG,2.792,2.792,3060.233154296875,xgboost_baseline
Blueberry_Ventura,JUMBO,NL-NB,2026-04-01,2026-04-30,Monthly,,KG,2.792,2.792,2904.533203125,xgboost_baseline
Blueberry_Ventura,JUMBO,NL-NB,2026-05-01,2026-05-31,Monthly,,KG,2.792,2.792,2900.962646484375,xgboost_baseline
Blueberry_Ventura,JUMBO,NL-NB,2026-06-01,2026-06-30,Monthly,,KG,2.792,2.792,2814.296630859375,xgboost_baseline
Blueberry_Ventura,JUMBO,NL-NB,2026-07-01,2026-07-31,Monthly,,KG,2.792,2.792,2841.780517578125,xgboost_baseline
Blueberry_Ventura,JUMBO,NL-NB,2026-08-01,2026-08-31,Monthly,,KG,2.792,2.792,3026.63232421875,xgboost_baseline
Blueberry_Ventura,JUMBO,NL-NB,2026-09-01,2026-09-30,Monthly,,KG,2.792,2.792,3061.858642578125,xgboost_baseline
Blueberry_Ventura,JUMBO,NL-NB,2026-10-01,2026-10-31,Monthly,,KG,2.792,2.792,3109.90185546875,xgboost_baseline
Blueberry_Ventura,JUMBO,NL-NB,2026-11-01,2026-11-30,Monthly,,KG,2.792,2.792,3005.10107421875,xgboost_baseline
Blueberry_Ventura,JUMBO,NL-NB,2026-12-01,2026-12-31,Monthly,,KG,2.792,2.792,3044.323486328125,xgboost_baseline
Blueberry_Ventura,JUMBO,NL-NB,2027-01-01,2027-01-31,Monthly,,KG,2.792,2.792,2992.623046875,xgboost_baseline
Blueberry_Ventura,JUMBO,NL-NH,2026-02-01,2026-02-28,Monthly,,KG,2.835,2.835,2837.351806640625,xgboost_baseline
Blueberry_Ventura,JUMBO,NL-NH,2026-03-01,2026-03-31,Monthly,,KG,2.835,2.835,3060.91552734375,xgboost_baseline
Blueberry_Ventura,JUMBO,NL-NH,2026-04-01,2026-04-30,Monthly,,KG,2.835,2.835,3048.795166015625,xgboost_baseline
Blueberry_Ventura,JUMBO,NL-NH,2026-05-01,2026-05-31,Monthly,,KG,2.835,2.835,3109.46484375,xgboost_baseline
Blueberry_Ventura,JUMBO,NL-NH,2026-06-01,2026-06-30,Monthly,,KG,2.835,2.835,2812.83154296875,xgboost_baseline
Blueberry_Ventura,JUMBO,NL-NH,2026-07-01,2026-07-31,Monthly,,KG,2.835,2.835,2922.384765625,xgboost_baseline
Blueberry_Ventura,JUMBO,NL-NH,2026-08-01,2026-08-31,Monthly,,KG,2.835,2.835,3103.411376953125,xgboost_baseline
Blueberry_Ventura,JUMBO,NL-NH,2026-09-01,2026-09-30,Monthly,,KG,2.835,2.835,3065.938232421875,xgboost_baseline
Blueberry_Ventura,JUMBO,NL-NH,2026-10-01,2026-10-31,Monthly,,KG,2.835,2.835,2989.63232421875,xgboost_baseline
Blueberry_Ventura,JUMBO,NL-NH,2026-11-01,2026-11-30,Monthly,,KG,2.835,2.835,2982.775634765625,xgboost_baseline
Blueberry_Ventura,JUMBO,NL-NH,2026-12-01,2026-12-31,Monthly,,KG,2.835,2.835,3044.323486328125,xgboost_baseline
Blueberry_Ventura,JUMBO,NL-NH,2027-01-01,2027-01-31,Monthly,,KG,2.835,2.835,2991.886962890625,xgboost_baseline
Blueberry_Ventura,JUMBO,NL-ZH,2026-02-01,2026-02-28,Monthly,,KG,2.948,2.948,2864.921630859375,xgboost_baseline
Blueberry_Ventura,JUMBO,NL-ZH,2026-03-01,2026-03-31,Monthly,,KG,2.948,2.948,2770.07080078125,xgboost_baseline
Blueberry_Ventura,JUMBO,NL-ZH,2026-04-01,2026-04-30,Monthly,,KG,2.948,2.948,2831.123291015625,xgboost_baseline
Blueberry_Ventura,JUMBO,NL-ZH,2026-05-01,2026-05-31,Monthly,,KG,2.948,2.948,2791.41162109375,xgboost_baseline
Blueberry_Ventura,JUMBO,NL-ZH,2026-06-01,2026-06-30,Monthly,,KG,2.948,2.948,2690.919921875,xgboost_baseline
Blueberry_Ventura,JUMBO,NL-ZH,2026-07-01,2026-07-31,Monthly,,KG,2.948,2.948,2981.7119140625,xgboost_baseline
Blueberry_Ventura,JUMBO,NL-ZH,2026-08-01,2026-08-31,Monthly,,KG,2.948,2.948,3098.638671875,xgboost_baseline
Blueberry_Ventura,JUMBO,NL-ZH,2026-09-01,2026-09-30,Monthly,,KG,2.948,2.948,3147.038330078125,xgboost_baseline
Blueberry_Ventura,JUMBO,NL-ZH,2026-10-01,2026-10-31,Monthly,,KG,2.948,2.948,3004.930908203125,xgboost_baseline
Blueberry_Ventura,JUMBO,NL-ZH,2026-11-01,2026-11-30,Monthly,,KG,2.948,2.948,3043.834716796875,xgboost_baseline
Blueberry_Ventura,JUMBO,NL-ZH,2026-12-01,2026-12-31,Monthly,,KG,2.948,2.948,3043.8662109375,xgboost_baseline
Blueberry_Ventura,JUMBO,NL-ZH,2027-01-01,2027-01-31,Monthly,,KG,2.948,2.948,2991.513671875,xgboost_baseline
Blueberry_Ventura,MELEDI,NL-GE,2026-02-01,2026-02-28,Monthly,,KG,2.632,2.632,2644.635009765625,xgboost_baseline
Blueberry_Ventura,MELEDI,NL-GE,2026-03-01,2026-03-31,Monthly,,KG,2.632,2.632,2575.192626953125,xgboost_baseline
Blueberry_Ventura,MELEDI,NL-GE,2026-04-01,2026-04-30,Monthly,,KG,2.632,2.632,2574.558349609375,xgboost_baseline
Blueberry_Ventura,MELEDI,NL-GE,2026-05-01,2026-05-31,Monthly,,KG,2.632,2.632,2634.13818359375,xgboost_baseline
Blueberry_Ventura,MELEDI,NL-GE,2026-06-01,2026-06-30,Monthly,,KG,2.632,2.632,2631.82177734375,xgboost_baseline
Blueberry_Ventura,MELEDI,NL-GE,2026-07-01,2026-07-31,Monthly,,KG,2.632,2.632,2631.820556640625,xgboost_baseline
Blueberry_Ventura,MELEDI,NL-GE,2026-08-01,2026-08-31,Monthly,,KG,2.632,2.632,2632.114501953125,xgboost_baseline
Blueberry_Ventura,MELEDI,NL-GE,2026-09-01,2026-09-30,Monthly,,KG,2.632,2.632,2632.114501953125,xgboost_baseline
Blueberry_Ventura,MELEDI,NL-GE,2026-10-01,2026-10-31,Monthly,,KG,2.632,2.632,2632.1142578125,xgboost_baseline
Blueberry_Ventura,MELEDI,NL-GE,2026-11-01,2026-11-30,Monthly,,KG,2.632,2.632,2632.849609375,xgboost_baseline
Blueberry_Ventura,MELEDI,NL-GE,2026-12-01,2026-12-31,Monthly,,KG,2.632,2.632,2632.999267578125,xgboost_baseline
Blueberry_Ventura,MELEDI,NL-GE,2027-01-01,2027-01-31,Monthly,,KG,2.632,2.632,2629.490478515625,xgboost_baseline
Blueberry_Ventura,MELEDI,NL-NB,2026-02-01,2026-02-28,Monthly,,KG,2.724,2.724,2771.099853515625,xgboost_baseline
Blueberry_Ventura,MELEDI,NL-NB,2026-03-01,2026-03-31,Monthly,,KG,2.724,2.724,2712.349609375,xgboost_baseline
Blueberry_Ventura,MELEDI,NL-NB,2026-04-01,2026-04-30,Monthly,,KG,2.724,2.724,2712.407470703125,xgboost_baseline
Blueberry_Ventura,MELEDI,NL-NB,2026-05-01,2026-05-31,Monthly,,KG,2.724,2.724,2779.700439453125,xgboost_baseline
Blueberry_Ventura,MELEDI,NL-NB,2026-06-01,2026-06-30,Monthly,,KG,2.724,2.724,2773.523681640625,xgboost_baseline
Blueberry_Ventura,MELEDI,NL-NB,2026-07-01,2026-07-31,Monthly,,KG,2.724,2.724,2773.523681640625,xgboost_baseline
Blueberry_Ventura,MELEDI,NL-NB,2026-08-01,2026-08-31,Monthly,,KG,2.724,2.724,2775.717529296875,xgboost_baseline
Blueberry_Ventura,MELEDI,NL-NB,2026-09-01,2026-09-30,Monthly,,KG,2.724,2.724,2775.99755859375,xgboost_baseline
Blueberry_Ventura,MELEDI,NL-NB,2026-10-01,2026-10-31,Monthly,,KG,2.724,2.724,2775.998779296875,xgboost_baseline
Blueberry_Ventura,MELEDI,NL-NB,2026-11-01,2026-11-30,Monthly,,KG,2.724,2.724,2775.71875,xgboost_baseline
Blueberry_Ventura,MELEDI,NL-NB,2026-12-01,2026-12-31,Monthly,,KG,2.724,2.724,2775.71875,xgboost_baseline
Blueberry_Ventura,MELEDI,NL-NB,2027-01-01,2027-01-31,Monthly,,KG,2.724,2.724,2770.152587890625,xgboost_baseline
Blueberry_Ventura,MELEDI,NL-NH,2026-02-01,2026-02-28,Monthly,,KG,2.821,2.821,2772.614990234375,xgboost_baseline
Blueberry_Ventura,MELEDI,NL-NH,2026-03-01,2026-03-31,Monthly,,KG,2.821,2.821,2712.35009765625,xgboost_baseline
Blueberry_Ventura,MELEDI,NL-NH,2026-04-01,2026-04-30,Monthly,,KG,2.821,2.821,2712.407470703125,xgboost_baseline
Blueberry_Ventura,MELEDI,NL-NH,2026-05-01,2026-05-31,Monthly,,KG,2.821,2.821,2779.700439453125,xgboost_baseline
Blueberry_Ventura,MELEDI,NL-NH,2026-06-01,2026-06-30,Monthly,,KG,2.821,2.821,2773.523681640625,xgboost_baseline
Blueberry_Ventura,MELEDI,NL-NH,2026-07-01,2026-07-31,Monthly,,KG,2.821,2.821,2771.474609375,xgboost_baseline
Blueberry_Ventura,MELEDI,NL-NH,2026-08-01,2026-08-31,Monthly,,KG,2.821,2.821,2775.717529296875,xgboost_baseline
Blueberry_Ventura,MELEDI,NL-NH,2026-09-01,2026-09-30,Monthly,,KG,2.821,2.821,2775.99755859375,xgboost_baseline
Blueberry_Ventura,MELEDI,NL-NH,2026-10-01,2026-10-31,Monthly,,KG,2.821,2.821,2775.998779296875,xgboost_baseline
Blueberry_Ventura,MELEDI,NL-NH,2026-11-01,2026-11-30,Monthly,,KG,2.821,2.821,2775.71875,xgboost_baseline
Blueberry_Ventura,MELEDI,NL-NH,2026-12-01,2026-12-31,Monthly,,KG,2.821,2.821,2777.89990234375,xgboost_baseline
Blueberry_Ventura,MELEDI,NL-NH,2027-01-01,2027-01-31,Monthly,,KG,2.821,2.821,2770.152587890625,xgboost_baseline
Blueberry_Ventura,MELEDI,NL-ZH,2026-02-01,2026-02-28,Monthly,,KG,2.854,2.854,2772.97265625,xgboost_baseline
Blueberry_Ventura,MELEDI,NL-ZH,2026-03-01,2026-03-31,Monthly,,KG,2.854,2.854,2712.3974609375,xgboost_baseline
Blueberry_Ventura,MELEDI,NL-ZH,2026-04-01,2026-04-30,Monthly,,KG,2.854,2.854,2711.0595703125,xgboost_baseline
Blueberry_Ventura,MELEDI,NL-ZH,2026-05-01,2026-05-31,Monthly,,KG,2.854,2.854,2779.700439453125,xgboost_baseline
Blueberry_Ventura,MELEDI,NL-ZH,2026-06-01,2026-06-30,Monthly,,KG,2.854,2.854,2773.523681640625,xgboost_baseline
Blueberry_Ventura,MELEDI,NL-ZH,2026-07-01,2026-07-31,Monthly,,KG,2.854,2.854,2771.474609375,xgboost_baseline
Blueberry_Ventura,MELEDI,NL-ZH,2026-08-01,2026-08-31,Monthly,,KG,2.854,2.854,2775.717529296875,xgboost_baseline
Blueberry_Ventura,MELEDI,NL-ZH,2026-09-01,2026-09-30,Monthly,,KG,2.854,2.854,2775.99755859375,xgboost_baseline
Blueberry_Ventura,MELEDI,NL-ZH,2026-10-01,2026-10-31,Monthly,,KG,2.854,2.854,2775.998779296875,xgboost_baseline
Blueberry_Ventura,MELEDI,NL-ZH,2026-11-01,2026-11-30,Monthly,,KG,2.854,2.854,2775.71875,xgboost_baseline
Blueberry_Ventura,MELEDI,NL-ZH,2026-12-01,2026-12-31,Monthly,,KG,2.854,2.854,2777.89990234375,xgboost_baseline
Blueberry_Ventura,MELEDI,NL-ZH,2027-01-01,2027-01-31,Monthly,,KG,2.854,2.854,2770.152587890625,xgboost_baseline
Blueberry_Ventura,PICNIC,NL-GE,2026-02-01,2026-02-28,Monthly,,KG,2.659,2.659,2640.750732421875,xgboost_baseline
Blueberry_Ventura,PICNIC,NL-GE,2026-03-01,2026-03-31,Monthly,,KG,2.659,2.659,2577.119140625,xgboost_baseline
Blueberry_Ventura,PICNIC,NL-GE,2026-04-01,2026-04-30,Monthly,,KG,2.659,2.659,2577.0068359375,xgboost_baseline
Blueberry_Ventura,PICNIC,NL-GE,2026-05-01,2026-05-31,Monthly,,KG,2.659,2.659,2633.000244140625,xgboost_baseline
Blueberry_Ventura,PICNIC,NL-GE,2026-06-01,2026-06-30,Monthly,,KG,2.659,2.659,2633.000244140625,xgboost_baseline
Blueberry_Ventura,PICNIC,NL-GE,2026-07-01,2026-07-31,Monthly,,KG,2.659,2.659,2633.000244140625,xgboost_baseline
Blueberry_Ventura,PICNIC,NL-GE,2026-08-01,2026-08-31,Monthly,,KG,2.659,2.659,2628.871826171875,xgboost_baseline
Blueberry_Ventura,PICNIC,NL-GE,2026-09-01,2026-09-30,Monthly,,KG,2.659,2.659,2628.871826171875,xgboost_baseline
Blueberry_Ventura,PICNIC,NL-GE,2026-10-01,2026-10-31,Monthly,,KG,2.659,2.659,2628.87158203125,xgboost_baseline
Blueberry_Ventura,PICNIC,NL-GE,2026-11-01,2026-11-30,Monthly,,KG,2.659,2.659,2628.87158203125,xgboost_baseline
Blueberry_Ventura,PICNIC,NL-GE,2026-12-01,2026-12-31,Monthly,,KG,2.659,2.659,2628.87158203125,xgboost_baseline
Blueberry_Ventura,PICNIC,NL-GE,2027-01-01,2027-01-31,Monthly,,KG,2.659,2.659,2625.362548828125,xgboost_baseline
Blueberry_Ventura,PICNIC,NL-NB,2026-02-01,2026-02-28,Monthly,,KG,2.77,2.77,2755.194580078125,xgboost_baseline
Blueberry_Ventura,PICNIC,NL-NB,2026-03-01,2026-03-31,Monthly,,KG,2.77,2.77,2713.161865234375,xgboost_baseline
Blueberry_Ventura,PICNIC,NL-NB,2026-04-01,2026-04-30,Monthly,,KG,2.77,2.77,2713.058349609375,xgboost_baseline
Blueberry_Ventura,PICNIC,NL-NB,2026-05-01,2026-05-31,Monthly,,KG,2.77,2.77,2779.700439453125,xgboost_baseline
Blueberry_Ventura,PICNIC,NL-NB,2026-06-01,2026-06-30,Monthly,,KG,2.77,2.77,2773.523681640625,xgboost_baseline
Blueberry_Ventura,PICNIC,NL-NB,2026-07-01,2026-07-31,Monthly,,KG,2.77,2.77,2773.523681640625,xgboost_baseline
Blueberry_Ventura,PICNIC,NL-NB,2026-08-01,2026-08-31,Monthly,,KG,2.77,2.77,2775.99755859375,xgboost_baseline
Blueberry_Ventura,PICNIC,NL-NB,2026-09-01,2026-09-30,Monthly,,KG,2.77,2.77,2775.99755859375,xgboost_baseline
Blueberry_Ventura,PICNIC,NL-NB,2026-10-01,2026-10-31,Monthly,,KG,2.77,2.77,2775.998779296875,xgboost_baseline
Blueberry_Ventura,PICNIC,NL-NB,2026-11-01,2026-11-30,Monthly,,KG,2.77,2.77,2775.71875,xgboost_baseline
Blueberry_Ventura,PICNIC,NL-NB,2026-12-01,2026-12-31,Monthly,,KG,2.77,2.77,2775.71875,xgboost_baseline
Blueberry_Ventura,PICNIC,NL-NB,2027-01-01,2027-01-31,Monthly,,KG,2.77,2.77,2767.79443359375,xgboost_baseline
Blueberry_Ventura,PICNIC,NL-NH,2026-02-01,2026-02-28,Monthly,,KG,2.847,2.847,2771.08935546875,xgboost_baseline
Blueberry_Ventura,PICNIC,NL-NH,2026-03-01,2026-03-31,Monthly,,KG,2.847,2.847,2713.161865234375,xgboost_baseline
Blueberry_Ventura,PICNIC,NL-NH,2026-04-01,2026-04-30,Monthly,,KG,2.847,2.847,2713.058349609375,xgboost_baseline
Blueberry_Ventura,PICNIC,NL-NH,2026-05-01,2026-05-31,Monthly,,KG,2.847,2.847,2779.700439453125,xgboost_baseline
Blueberry_Ventura,PICNIC,NL-NH,2026-06-01,2026-06-30,Monthly,,KG,2.847,2.847,2773.523681640625,xgboost_baseline
Blueberry_Ventura,PICNIC,NL-NH,2026-07-01,2026-07-31,Monthly,,KG,2.847,2.847,2773.523681640625,xgboost_baseline
Blueberry_Ventura,PICNIC,NL-NH,2026-08-01,2026-08-31,Monthly,,KG,2.847,2.847,2775.717529296875,xgboost_baseline
Blueberry_Ventura,PICNIC,NL-NH,2026-09-01,2026-09-30,Monthly,,KG,2.847,2.847,2775.99755859375,xgboost_baseline
Blueberry_Ventura,PICNIC,NL-NH,2026-10-01,2026-10-31,Monthly,,KG,2.847,2.847,2775.998779296875,xgboost_baseline
Blueberry_Ventura,PICNIC,NL-NH,2026-11-01,2026-11-30,Monthly,,KG,2.847,2.847,2775.71875,xgboost_baseline
Blueberry_Ventura,PICNIC,NL-NH,2026-12-01,2026-12-31,Monthly,,KG,2.847,2.847,2775.71875,xgboost_baseline
Blueberry_Ventura,PICNIC,NL-NH,2027-01-01,2027-01-31,Monthly,,KG,2.847,2.847,2767.79443359375,xgboost_baseline
Blueberry_Ventura,PICNIC,NL-ZH,2026-02-01,2026-02-28,Monthly,,KG,2.904,2.904,2755.194580078125,xgboost_baseline
Blueberry_Ventura,PICNIC,NL-ZH,2026-03-01,2026-03-31,Monthly,,KG,2.904,2.904,2713.161865234375,xgboost_baseline
Blueberry_Ventura,PICNIC,NL-ZH,2026-04-01,2026-04-30,Monthly,,KG,2.904,2.904,2713.058349609375,xgboost_baseline
Blueberry_Ventura,PICNIC,NL-ZH,2026-05-01,2026-05-31,Monthly,,KG,2.904,2.904,2779.700439453125,xgboost_baseline
Blueberry_Ventura,PICNIC,NL-ZH,2026-06-01,2026-06-30,Monthly,,KG,2.904,2.904,2773.523681640625,xgboost_baseline
Blueberry_Ventura,PICNIC,NL-ZH,2026-07-01,2026-07-31,Monthly,,KG,2.904,2.904,2773.523681640625,xgboost_baseline
Blueberry_Ventura,PICNIC,NL-ZH,2026-08-01,2026-08-31,Monthly,,KG,2.904,2.904,2775.99755859375,xgboost_baseline
Blueberry_Ventura,PICNIC,NL-ZH,2026-09-01,2026-09-30,Monthly,,KG,2.904,2.904,2775.99755859375,xgboost_baseline
Blueberry_Ventura,PICNIC,NL-ZH,2026-10-01,2026-10-31,Monthly,,KG,2.904,2.904,2775.998779296875,xgboost_baseline
Blueberry_Ventura,PICNIC,NL-ZH,2026-11-01,2026-11-30,Monthly,,KG,2.904,2.904,2775.71875,xgboost_baseline
Blueberry_Ventura,PICNIC,NL-ZH,2026-12-01,2026-12-31,Monthly,,KG,2.904,2.904,2775.71875,xgboost_baseline
Blueberry_Ventura,PICNIC,NL-ZH,2027-01-01,2027-01-31,Monthly,,KG,2.904,2.904,2767.79443359375,xgboost_baseline
Blueberry_Ventura,PLUS,NL-GE,2026-02-01,2026-02-28,Monthly,,KG,2.607,2.607,2676.997314453125,xgboost_baseline
Blueberry_Ventura,PLUS,NL-GE,2026-03-01,2026-03-31,Monthly,,KG,2.607,2.607,3003.53759765625,xgboost_baseline
Blueberry_Ventura,PLUS,NL-GE,2026-04-01,2026-04-30,Monthly,,KG,2.607,2.607,2734.232421875,xgboost_baseline
Blueberry_Ventura,PLUS,NL-GE,2026-05-01,2026-05-31,Monthly,,KG,2.607,2.607,2662.021484375,xgboost_baseline
Blueberry_Ventura,PLUS,NL-GE,2026-06-01,2026-06-30,Monthly,,KG,2.607,2.607,2641.439697265625,xgboost_baseline
Blueberry_Ventura,PLUS,NL-GE,2026-07-01,2026-07-31,Monthly,,KG,2.607,2.607,2813.252685546875,xgboost_baseline
Blueberry_Ventura,PLUS,NL-GE,2026-08-01,2026-08-31,Monthly,,KG,2.607,2.607,3042.355224609375,xgboost_baseline
Blueberry_Ventura,PLUS,NL-GE,2026-09-01,2026-09-30,Monthly,,KG,2.607,2.607,3030.7490234375,xgboost_baseline
Blueberry_Ventura,PLUS,NL-GE,2026-10-01,2026-10-31,Monthly,,KG,2.607,2.607,3215.251708984375,xgboost_baseline
Blueberry_Ventura,PLUS,NL-GE,2026-11-01,2026-11-30,Monthly,,KG,2.607,2.607,3218.51318359375,xgboost_baseline
Blueberry_Ventura,PLUS,NL-GE,2026-12-01,2026-12-31,Monthly,,KG,2.607,2.607,3220.8359375,xgboost_baseline
Blueberry_Ventura,PLUS,NL-GE,2027-01-01,2027-01-31,Monthly,,KG,2.607,2.607,3010.595458984375,xgboost_baseline
Blueberry_Ventura,PLUS,NL-NB,2026-02-01,2026-02-28,Monthly,,KG,2.708,2.708,2890.161865234375,xgboost_baseline
Blueberry_Ventura,PLUS,NL-NB,2026-03-01,2026-03-31,Monthly,,KG,2.708,2.708,2987.40380859375,xgboost_baseline
Blueberry_Ventura,PLUS,NL-NB,2026-04-01,2026-04-30,Monthly,,KG,2.708,2.708,2841.854736328125,xgboost_baseline
Blueberry_Ventura,PLUS,NL-NB,2026-05-01,2026-05-31,Monthly,,KG,2.708,2.708,2914.105712890625,xgboost_baseline
Blueberry_Ventura,PLUS,NL-NB,2026-06-01,2026-06-30,Monthly,,KG,2.708,2.708,2816.765625,xgboost_baseline
Blueberry_Ventura,PLUS,NL-NB,2026-07-01,2026-07-31,Monthly,,KG,2.708,2.708,2841.780517578125,xgboost_baseline
Blueberry_Ventura,PLUS,NL-NB,2026-08-01,2026-08-31,Monthly,,KG,2.708,2.708,3025.21240234375,xgboost_baseline
Blueberry_Ventura,PLUS,NL-NB,2026-09-01,2026-09-30,Monthly,,KG,2.708,2.708,3105.695068359375,xgboost_baseline
Blueberry_Ventura,PLUS,NL-NB,2026-10-01,2026-10-31,Monthly,,KG,2.708,2.708,3109.90185546875,xgboost_baseline
Blueberry_Ventura,PLUS,NL-NB,2026-11-01,2026-11-30,Monthly,,KG,2.708,2.708,3005.02294921875,xgboost_baseline
Blueberry_Ventura,PLUS,NL-NB,2026-12-01,2026-12-31,Monthly,,KG,2.708,2.708,3044.155029296875,xgboost_baseline
Blueberry_Ventura,PLUS,NL-NB,2027-01-01,2027-01-31,Monthly,,KG,2.708,2.708,2989.13623046875,xgboost_baseline
Blueberry_Ventura,PLUS,NL-NH,2026-02-01,2026-02-28,Monthly,,KG,2.849,2.849,2871.53955078125,xgboost_baseline
Blueberry_Ventura,PLUS,NL-NH,2026-03-01,2026-03-31,Monthly,,KG,2.849,2.849,3104.8798828125,xgboost_baseline
Blueberry_Ventura,PLUS,NL-NH,2026-04-01,2026-04-30,Monthly,,KG,2.849,2.849,3065.572509765625,xgboost_baseline
Blueberry_Ventura,PLUS,NL-NH,2026-05-01,2026-05-31,Monthly,,KG,2.849,2.849,2888.520263671875,xgboost_baseline
Blueberry_Ventura,PLUS,NL-NH,2026-06-01,2026-06-30,Monthly,,KG,2.849,2.849,2908.87841796875,xgboost_baseline
Blueberry_Ventura,PLUS,NL-NH,2026-07-01,2026-07-31,Monthly,,KG,2.849,2.849,2898.397705078125,xgboost_baseline
Blueberry_Ventura,PLUS,NL-NH,2026-08-01,2026-08-31,Monthly,,KG,2.849,2.849,3020.450439453125,xgboost_baseline
Blueberry_Ventura,PLUS,NL-NH,2026-09-01,2026-09-30,Monthly,,KG,2.849,2.849,2989.68408203125,xgboost_baseline
Blueberry_Ventura,PLUS,NL-NH,2026-10-01,2026-10-31,Monthly,,KG,2.849,2.849,2989.67822265625,xgboost_baseline
Blueberry_Ventura,PLUS,NL-NH,2026-11-01,2026-11-30,Monthly,,KG,2.849,2.849,3005.70166015625,xgboost_baseline
Blueberry_Ventura,PLUS,NL-NH,2026-12-01,2026-12-31,Monthly,,KG,2.849,2.849,3005.67578125,xgboost_baseline
Blueberry_Ventura,PLUS,NL-NH,2027-01-01,2027-01-31,Monthly,,KG,2.849,2.849,2995.07373046875,xgboost_baseline
Blueberry_Ventura,PLUS,NL-ZH,2026-02-01,2026-02-28,Monthly,,KG,2.982,2.982,2716.80859375,xgboost_baseline
Blueberry_Ventura,PLUS,NL-ZH,2026-03-01,2026-03-31,Monthly,,KG,2.982,2.982,2621.627685546875,xgboost_baseline
Blueberry_Ventura,PLUS,NL-ZH,2026-04-01,2026-04-30,Monthly,,KG,2.982,2.982,2674.0673828125,xgboost_baseline
Blueberry_Ventura,PLUS,NL-ZH,2026-05-01,2026-05-31,Monthly,,KG,2.982,2.982,2658.63134765625,xgboost_baseline
Blueberry_Ventura,PLUS,NL-ZH,2026-06-01,2026-06-30,Monthly,,KG,2.982,2.982,2685.52783203125,xgboost_baseline
Blueberry_Ventura,PLUS,NL-ZH,2026-07-01,2026-07-31,Monthly,,KG,2.982,2.982,2785.7919921875,xgboost_baseline
Blueberry_Ventura,PLUS,NL-ZH,2026-08-01,2026-08-31,Monthly,,KG,2.982,2.982,2998.3720703125,xgboost_baseline
Blueberry_Ventura,PLUS,NL-ZH,2026-09-01,2026-09-30,Monthly,,KG,2.982,2.982,3123.396240234375,xgboost_baseline
Blueberry_Ventura,PLUS,NL-ZH,2026-10-01,2026-10-31,Monthly,,KG,2.982,2.982,3232.0244140625,xgboost_baseline
Blueberry_Ventura,PLUS,NL-ZH,2026-11-01,2026-11-30,Monthly,,KG,2.982,2.982,3200.504150390625,xgboost_baseline
Blueberry_Ventura,PLUS,NL-ZH,2026-12-01,2026-12-31,Monthly,,KG,2.982,2.982,3048.161865234375,xgboost_baseline
Blueberry_Ventura,PLUS,NL-ZH,2027-01-01,2027-01-31,Monthly,,KG,2.982,2.982,3140.0029296875,xgboost_baseline
Blueberry_Ventura,SLIGRO,NL-GE,2026-02-01,2026-02-28,Monthly,,KG,2.69,2.69,2755.194580078125,xgboost_baseline
Blueberry_Ventura,SLIGRO,NL-GE,2026-03-01,2026-03-31,Monthly,,KG,2.69,2.69,2712.033935546875,xgboost_baseline
Blueberry_Ventura,SLIGRO,NL-GE,2026-04-01,2026-04-30,Monthly,,KG,2.69,2.69,2712.407470703125,xgboost_baseline
Blueberry_Ventura,SLIGRO,NL-GE,2026-05-01,2026-05-31,Monthly,,KG,2.69,2.69,2779.700439453125,xgboost_baseline
Blueberry_Ventura,SLIGRO,NL-GE,2026-06-01,2026-06-30,Monthly,,KG,2.69,2.69,2773.523681640625,xgboost_baseline
Blueberry_Ventura,SLIGRO,NL-GE,2026-07-01,2026-07-31,Monthly,,KG,2.69,2.69,2771.474609375,xgboost_baseline
Blueberry_Ventura,SLIGRO,NL-GE,2026-08-01,2026-08-31,Monthly,,KG,2.69,2.69,2775.99755859375,xgboost_baseline
Blueberry_Ventura,SLIGRO,NL-GE,2026-09-01,2026-09-30,Monthly,,KG,2.69,2.69,2775.99755859375,xgboost_baseline
Blueberry_Ventura,SLIGRO,NL-GE,2026-10-01,2026-10-31,Monthly,,KG,2.69,2.69,2775.998779296875,xgboost_baseline
Blueberry_Ventura,SLIGRO,NL-GE,2026-11-01,2026-11-30,Monthly,,KG,2.69,2.69,2775.71875,xgboost_baseline
Blueberry_Ventura,SLIGRO,NL-GE,2026-12-01,2026-12-31,Monthly,,KG,2.69,2.69,2775.71875,xgboost_baseline
Blueberry_Ventura,SLIGRO,NL-GE,2027-01-01,2027-01-31,Monthly,,KG,2.69,2.69,2770.152587890625,xgboost_baseline
Blueberry_Ventura,SLIGRO,NL-NB,2026-02-01,2026-02-28,Monthly,,KG,2.739,2.739,2755.194580078125,xgboost_baseline
Blueberry_Ventura,SLIGRO,NL-NB,2026-03-01,2026-03-31,Monthly,,KG,2.739,2.739,2712.349609375,xgboost_baseline
Blueberry_Ventura,SLIGRO,NL-NB,2026-04-01,2026-04-30,Monthly,,KG,2.739,2.739,2712.407470703125,xgboost_baseline
Blueberry_Ventura,SLIGRO,NL-NB,2026-05-01,2026-05-31,Monthly,,KG,2.739,2.739,2779.700439453125,xgboost_baseline
Blueberry_Ventura,SLIGRO,NL-NB,2026-06-01,2026-06-30,Monthly,,KG,2.739,2.739,2773.523681640625,xgboost_baseline
Blueberry_Ventura,SLIGRO,NL-NB,2026-07-01,2026-07-31,Monthly,,KG,2.739,2.739,2771.474609375,xgboost_baseline
Blueberry_Ventura,SLIGRO,NL-NB,2026-08-01,2026-08-31,Monthly,,KG,2.739,2.739,2775.99755859375,xgboost_baseline
Blueberry_Ventura,SLIGRO,NL-NB,2026-09-01,2026-09-30,Monthly,,KG,2.739,2.739,2775.99755859375,xgboost_baseline
Blueberry_Ventura,SLIGRO,NL-NB,2026-10-01,2026-10-31,Monthly,,KG,2.739,2.739,2775.998779296875,xgboost_baseline
Blueberry_Ventura,SLIGRO,NL-NB,2026-11-01,2026-11-30,Monthly,,KG,2.739,2.739,2775.71875,xgboost_baseline
Blueberry_Ventura,SLIGRO,NL-NB,2026-12-01,2026-12-31,Monthly,,KG,2.739,2.739,2777.8994140625,xgboost_baseline
Blueberry_Ventura,SLIGRO,NL-NB,2027-01-01,2027-01-31,Monthly,,KG,2.739,2.739,2770.152587890625,xgboost_baseline
Blueberry_Ventura,SLIGRO,NL-NH,2026-02-01,2026-02-28,Monthly,,KG,2.807,2.807,2772.97265625,xgboost_baseline
Blueberry_Ventura,SLIGRO,NL-NH,2026-03-01,2026-03-31,Monthly,,KG,2.807,2.807,2712.349609375,xgboost_baseline
Blueberry_Ventura,SLIGRO,NL-NH,2026-04-01,2026-04-30,Monthly,,KG,2.807,2.807,2712.407470703125,xgboost_baseline
Blueberry_Ventura,SLIGRO,NL-NH,2026-05-01,2026-05-31,Monthly,,KG,2.807,2.807,2779.700439453125,xgboost_baseline
Blueberry_Ventura,SLIGRO,NL-NH,2026-06-01,2026-06-30,Monthly,,KG,2.807,2.807,2773.523681640625,xgboost_baseline
Blueberry_Ventura,SLIGRO,NL-NH,2026-07-01,2026-07-31,Monthly,,KG,2.807,2.807,2773.523681640625,xgboost_baseline
Blueberry_Ventura,SLIGRO,NL-NH,2026-08-01,2026-08-31,Monthly,,KG,2.807,2.807,2775.717529296875,xgboost_baseline
Blueberry_Ventura,SLIGRO,NL-NH,2026-09-01,2026-09-30,Monthly,,KG,2.807,2.807,2775.99755859375,xgboost_baseline
Blueberry_Ventura,SLIGRO,NL-NH,2026-10-01,2026-10-31,Monthly,,KG,2.807,2.807,2775.998779296875,xgboost_baseline
Blueberry_Ventura,SLIGRO,NL-NH,2026-11-01,2026-11-30,Monthly,,KG,2.807,2.807,2775.71875,xgboost_baseline
Blueberry_Ventura,SLIGRO,NL-NH,2026-12-01,2026-12-31,Monthly,,KG,2.807,2.807,2777.8994140625,xgboost_baseline
Blueberry_Ventura,SLIGRO,NL-NH,2027-01-01,2027-01-31,Monthly,,KG,2.807,2.807,2770.152587890625,xgboost_baseline
Blueberry_Ventura,SLIGRO,NL-ZH,2026-02-01,2026-02-28,Monthly,,KG,2.944,2.944,2772.97265625,xgboost_baseline
Blueberry_Ventura,SLIGRO,NL-ZH,2026-03-01,2026-03-31,Monthly,,KG,2.944,2.944,2712.35009765625,xgboost_baseline
Blueberry_Ventura,SLIGRO,NL-ZH,2026-04-01,2026-04-30,Monthly,,KG,2.944,2.944,2711.11181640625,xgboost_baseline
Blueberry_Ventura,SLIGRO,NL-ZH,2026-05-01,2026-05-31,Monthly,,KG,2.944,2.944,2779.700439453125,xgboost_baseline
Blueberry_Ventura,SLIGRO,NL-ZH,2026-06-01,2026-06-30,Monthly,,KG,2.944,2.944,2773.523681640625,xgboost_baseline
Blueberry_Ventura,SLIGRO,NL-ZH,2026-07-01,2026-07-31,Monthly,,KG,2.944,2.944,2771.42236328125,xgboost_baseline
Blueberry_Ventura,SLIGRO,NL-ZH,2026-08-01,2026-08-31,Monthly,,KG,2.944,2.944,2775.717529296875,xgboost_baseline
Blueberry_Ventura,SLIGRO,NL-ZH,2026-09-01,2026-09-30,Monthly,,KG,2.944,2.944,2775.99755859375,xgboost_baseline
Blueberry_Ventura,SLIGRO,NL-ZH,2026-10-01,2026-10-31,Monthly,,KG,2.944,2.944,2775.998779296875,xgboost_baseline
Blueberry_Ventura,SLIGRO,NL-ZH,2026-11-01,2026-11-30,Monthly,,KG,2.944,2.944,2775.71875,xgboost_baseline
Blueberry_Ventura,SLIGRO,NL-ZH,2026-12-01,2026-12-31,Monthly,,KG,2.944,2.944,2777.89990234375,xgboost_baseline
Blueberry_Ventura,SLIGRO,NL-ZH,2027-01-01,2027-01-31,Monthly,,KG,2.944,2.944,2770.152587890625,xgboost_baseline
PEAR_ABATE,AH,NL-GE,2026-02-01,2026-02-28,Monthly,,KG,3.049,3.049,2777.15576171875,xgboost_baseline
PEAR_ABATE,AH,NL-GE,2026-03-01,2026-03-31,Monthly,,KG,3.049,3.049,2726.094970703125,xgboost_baseline
PEAR_ABATE,AH,NL-GE,2026-04-01,2026-04-30,Monthly,,KG,3.049,3.049,2723.972412109375,xgboost_baseline
PEAR_ABATE,AH,NL-GE,2026-05-01,2026-05-31,Monthly,,KG,3.049,3.049,2779.981689453125,xgboost_baseline
PEAR_ABATE,AH,NL-GE,2026-06-01,2026-06-30,Monthly,,KG,3.049,3.049,2772.363525390625,xgboost_baseline
PEAR_ABATE,AH,NL-GE,2026-07-01,2026-07-31,Monthly,,KG,3.049,3.049,2772.530029296875,xgboost_baseline
PEAR_ABATE,AH,NL-GE,2026-08-01,2026-08-31,Monthly,,KG,3.049,3.049,3002.50537109375,xgboost_baseline
PEAR_ABATE,AH,NL-GE,2026-09-01,2026-09-30,Monthly,,KG,3.049,3.049,2917.28173828125,xgboost_baseline
PEAR_ABATE,AH,NL-GE,2026-10-01,2026-10-31,Monthly,,KG,3.049,3.049,2899.4658203125,xgboost_baseline
PEAR_ABATE,AH,NL-GE,2026-11-01,2026-11-30,Monthly,,KG,3.049,3.049,2835.488037109375,xgboost_baseline
PEAR_ABATE,AH,NL-GE,2026-12-01,2026-12-31,Monthly,,KG,3.049,3.049,2838.734130859375,xgboost_baseline
PEAR_ABATE,AH,NL-GE,2027-01-01,2027-01-31,Monthly,,KG,3.049,3.049,2828.441162109375,xgboost_baseline
PEAR_ABATE,AH,NL-NB,2026-02-01,2026-02-28,Monthly,,KG,3.165,3.165,2776.880126953125,xgboost_baseline
PEAR_ABATE,AH,NL-NB,2026-03-01,2026-03-31,Monthly,,KG,3.165,3.165,2756.41748046875,xgboost_baseline
PEAR_ABATE,AH,NL-NB,2026-04-01,2026-04-30,Monthly,,KG,3.165,3.165,2721.959228515625,xgboost_baseline
PEAR_ABATE,AH,NL-NB,2026-05-01,2026-05-31,Monthly,,KG,3.165,3.165,2777.4111328125,xgboost_baseline
PEAR_ABATE,AH,NL-NB,2026-06-01,2026-06-30,Monthly,,KG,3.165,3.165,2776.697509765625,xgboost_baseline
PEAR_ABATE,AH,NL-NB,2026-07-01,2026-07-31,Monthly,,KG,3.165,3.165,2772.617919921875,xgboost_baseline
PEAR_ABATE,AH,NL-NB,2026-08-01,2026-08-31,Monthly,,KG,3.165,3.165,2903.943603515625,xgboost_baseline
PEAR_ABATE,AH,NL-NB,2026-09-01,2026-09-30,Monthly,,KG,3.165,3.165,2838.58935546875,xgboost_baseline
PEAR_ABATE,AH,NL-NB,2026-10-01,2026-10-31,Monthly,,KG,3.165,3.165,3055.790283203125,xgboost_baseline
PEAR_ABATE,AH,NL-NB,2026-11-01,2026-11-30,Monthly,,KG,3.165,3.165,2929.81591796875,xgboost_baseline
PEAR_ABATE,AH,NL-NB,2026-12-01,2026-12-31,Monthly,,KG,3.165,3.165,2921.704833984375,xgboost_baseline
PEAR_ABATE,AH,NL-NB,2027-01-01,2027-01-31,Monthly,,KG,3.165,3.165,2822.67236328125,xgboost_baseline
PEAR_ABATE,AH,NL-NH,2026-02-01,2026-02-28,Monthly,,KG,3.29,3.29,2776.608642578125,xgboost_baseline
PEAR_ABATE,AH,NL-NH,2026-03-01,2026-03-31,Monthly,,KG,3.29,3.29,2794.548583984375,xgboost_baseline
PEAR_ABATE,AH,NL-NH,2026-04-01,2026-04-30,Monthly,,KG,3.29,3.29,2819.343994140625,xgboost_baseline
PEAR_ABATE,AH,NL-NH,2026-05-01,2026-05-31,Monthly,,KG,3.29,3.29,2836.43408203125,xgboost_baseline
PEAR_ABATE,AH,NL-NH,2026-06-01,2026-06-30,Monthly,,KG,3.29,3.29,2839.02734375,xgboost_baseline
PEAR_ABATE,AH,NL-NH,2026-07-01,2026-07-31,Monthly,,KG,3.29,3.29,2841.697021484375,xgboost_baseline
PEAR_ABATE,AH,NL-NH,2026-08-01,2026-08-31,Monthly,,KG,3.29,3.29,3016.135986328125,xgboost_baseline
PEAR_ABATE,AH,NL-NH,2026-09-01,2026-09-30,Monthly,,KG,3.29,3.29,3062.75,xgboost_baseline
PEAR_ABATE,AH,NL-NH,2026-10-01,2026-10-31,Monthly,,KG,3.29,3.29,2928.9501953125,xgboost_baseline
PEAR_ABATE,AH,NL-NH,2026-11-01,2026-11-30,Monthly,,KG,3.29,3.29,2838.594970703125,xgboost_baseline
PEAR_ABATE,AH,NL-NH,2026-12-01,2026-12-31,Monthly,,KG,3.29,3.29,3003.852783203125,xgboost_baseline
PEAR_ABATE,AH,NL-NH,2027-01-01,2027-01-31,Monthly,,KG,3.0268,3.29,2806.846435546875,xgboost_baseline
PEAR_ABATE,AH,NL-ZH,2026-02-01,2026-02-28,Monthly,,KG,3.343,3.343,2754.500244140625,xgboost_baseline
PEAR_ABATE,AH,NL-ZH,2026-03-01,2026-03-31,Monthly,,KG,3.343,3.343,2751.2294921875,xgboost_baseline
PEAR_ABATE,AH,NL-ZH,2026-04-01,2026-04-30,Monthly,,KG,3.343,3.343,2745.980224609375,xgboost_baseline
PEAR_ABATE,AH,NL-ZH,2026-05-01,2026-05-31,Monthly,,KG,3.343,3.343,2762.35546875,xgboost_baseline
PEAR_ABATE,AH,NL-ZH,2026-06-01,2026-06-30,Monthly,,KG,3.343,3.343,2769.770263671875,xgboost_baseline
PEAR_ABATE,AH,NL-ZH,2026-07-01,2026-07-31,Monthly,,KG,3.343,3.343,2772.796630859375,xgboost_baseline
PEAR_ABATE,AH,NL-ZH,2026-08-01,2026-08-31,Monthly,,KG,2.94184,3.343,2804.21630859375,xgboost_baseline
PEAR_ABATE,AH,NL-ZH,2026-09-01,2026-09-30,Monthly,,KG,3.343,3.343,3053.735107421875,xgboost_baseline
PEAR_ABATE,AH,NL-ZH,2026-10-01,2026-10-31,Monthly,,KG,3.343,3.343,3178.782470703125,xgboost_baseline
PEAR_ABATE,AH,NL-ZH,2026-11-01,2026-11-30,Monthly,,KG,3.343,3.343,3201.470947265625,xgboost_baseline
PEAR_ABATE,AH,NL-ZH,2026-12-01,2026-12-31,Monthly,,KG,3.343,3.343,3056.24169921875,xgboost_baseline
PEAR_ABATE,AH,NL-ZH,2027-01-01,2027-01-31,Monthly,,KG,3.343,3.343,2821.468505859375,xgboost_baseline
PEAR_ABATE,FLINK,NL-GE,2026-02-01,2026-02-28,Monthly,,KG,3.044,3.044,2772.614990234375,xgboost_baseline
PEAR_ABATE,FLINK,NL-GE,2026-03-01,2026-03-31,Monthly,,KG,3.044,3.044,2713.161865234375,xgboost_baseline
PEAR_ABATE,FLINK,NL-GE,2026-04-01,2026-04-30,Monthly,,KG,3.044,3.044,2713.058349609375,xgboost_baseline
PEAR_ABATE,FLINK,NL-GE,2026-05-01,2026-05-31,Monthly,,KG,3.044,3.044,2779.700439453125,xgboost_baseline
PEAR_ABATE,FLINK,NL-GE,2026-06-01,2026-06-30,Monthly,,KG,3.044,3.044,2773.523681640625,xgboost_baseline
PEAR_ABATE,FLINK,NL-GE,2026-07-01,2026-07-31,Monthly,,KG,3.044,3.044,2773.523681640625,xgboost_baseline
PEAR_ABATE,FLINK,NL-GE,2026-08-01,2026-08-31,Monthly,,KG,3.044,3.044,2775.717529296875,xgboost_baseline
PEAR_ABATE,FLINK,NL-GE,2026-09-01,2026-09-30,Monthly,,KG,3.044,3.044,2775.99755859375,xgboost_baseline
PEAR_ABATE,FLINK,NL-GE,2026-10-01,2026-10-31,Monthly,,KG,3.044,3.044,2775.998779296875,xgboost_baseline
PEAR_ABATE,FLINK,NL-GE,2026-11-01,2026-11-30,Monthly,,KG,3.044,3.044,2775.71875,xgboost_baseline
PEAR_ABATE,FLINK,NL-GE,2026-12-01,2026-12-31,Monthly,,KG,3.044,3.044,2775.71875,xgboost_baseline
PEAR_ABATE,FLINK,NL-GE,2027-01-01,2027-01-31,Monthly,,KG,3.044,3.044,2767.79443359375,xgboost_baseline
PEAR_ABATE,FLINK,NL-NB,2026-02-01,2026-02-28,Monthly,,KG,3.184,3.184,2755.194580078125,xgboost_baseline
PEAR_ABATE,FLINK,NL-NB,2026-03-01,2026-03-31,Monthly,,KG,3.184,3.184,2713.161865234375,xgboost_baseline
PEAR_ABATE,FLINK,NL-NB,2026-04-01,2026-04-30,Monthly,,KG,3.184,3.184,2713.058349609375,xgboost_baseline
PEAR_ABATE,FLINK,NL-NB,2026-05-01,2026-05-31,Monthly,,KG,3.184,3.184,2779.700439453125,xgboost_baseline
PEAR_ABATE,FLINK,NL-NB,2026-06-01,2026-06-30,Monthly,,KG,3.184,3.184,2773.523681640625,xgboost_baseline
PEAR_ABATE,FLINK,NL-NB,2026-07-01,2026-07-31,Monthly,,KG,3.184,3.184,2773.523681640625,xgboost_baseline
PEAR_ABATE,FLINK,NL-NB,2026-08-01,2026-08-31,Monthly,,KG,3.184,3.184,2775.99755859375,xgboost_baseline
PEAR_ABATE,FLINK,NL-NB,2026-09-01,2026-09-30,Monthly,,KG,3.184,3.184,2775.99755859375,xgboost_baseline
PEAR_ABATE,FLINK,NL-NB,2026-10-01,2026-10-31,Monthly,,KG,3.184,3.184,2775.998779296875,xgboost_baseline
PEAR_ABATE,FLINK,NL-NB,2026-11-01,2026-11-30,Monthly,,KG,3.184,3.184,2775.71875,xgboost_baseline
PEAR_ABATE,FLINK,NL-NB,2026-12-01,2026-12-31,Monthly,,KG,3.184,3.184,2775.71875,xgboost_baseline
PEAR_ABATE,FLINK,NL-NB,2027-01-01,2027-01-31,Monthly,,KG,3.184,3.184,2767.79443359375,xgboost_baseline
PEAR_ABATE,FLINK,NL-NH,2026-02-01,2026-02-28,Monthly,,KG,3.275,3.275,2771.081298828125,xgboost_baseline
PEAR_ABATE,FLINK,NL-NH,2026-03-01,2026-03-31,Monthly,,KG,3.275,3.275,2713.161865234375,xgboost_baseline
PEAR_ABATE,FLINK,NL-NH,2026-04-01,2026-04-30,Monthly,,KG,3.275,3.275,2713.058349609375,xgboost_baseline
PEAR_ABATE,FLINK,NL-NH,2026-05-01,2026-05-31,Monthly,,KG,3.275,3.275,2779.700439453125,xgboost_baseline
PEAR_ABATE,FLINK,NL-NH,2026-06-01,2026-06-30,Monthly,,KG,3.275,3.275,2773.523681640625,xgboost_baseline
PEAR_ABATE,FLINK,NL-NH,2026-07-01,2026-07-31,Monthly,,KG,3.275,3.275,2773.523681640625,xgboost_baseline
PEAR_ABATE,FLINK,NL-NH,2026-08-01,2026-08-31,Monthly,,KG,3.275,3.275,2775.717529296875,xgboost_baseline
PEAR_ABATE,FLINK,NL-NH,2026-09-01,2026-09-30,Monthly,,KG,3.275,3.275,2775.99755859375,xgboost_baseline
PEAR_ABATE,FLINK,NL-NH,2026-10-01,2026-10-31,Monthly,,KG,3.275,3.275,2775.998779296875,xgboost_baseline
PEAR_ABATE,FLINK,NL-NH,2026-11-01,2026-11-30,Monthly,,KG,3.275,3.275,2775.71875,xgboost_baseline
PEAR_ABATE,FLINK,NL-NH,2026-12-01,2026-12-31,Monthly,,KG,3.275,3.275,2775.71875,xgboost_baseline
PEAR_ABATE,FLINK,NL-NH,2027-01-01,2027-01-31,Monthly,,KG,3.275,3.275,2767.79443359375,xgboost_baseline
PEAR_ABATE,FLINK,NL-ZH,2026-02-01,2026-02-28,Monthly,,KG,3.409,3.409,2772.97265625,xgboost_baseline
PEAR_ABATE,FLINK,NL-ZH,2026-03-01,2026-03-31,Monthly,,KG,3.409,3.409,2713.161865234375,xgboost_baseline
PEAR_ABATE,FLINK,NL-ZH,2026-04-01,2026-04-30,Monthly,,KG,3.409,3.409,2713.058349609375,xgboost_baseline
PEAR_ABATE,FLINK,NL-ZH,2026-05-01,2026-05-31,Monthly,,KG,3.409,3.409,2779.700439453125,xgboost_baseline
PEAR_ABATE,FLINK,NL-ZH,2026-06-01,2026-06-30,Monthly,,KG,3.409,3.409,2773.523681640625,xgboost_baseline
PEAR_ABATE,FLINK,NL-ZH,2026-07-01,2026-07-31,Monthly,,KG,3.409,3.409,2773.523681640625,xgboost_baseline
PEAR_ABATE,FLINK,NL-ZH,2026-08-01,2026-08-31,Monthly,,KG,3.409,3.409,2775.717529296875,xgboost_baseline
PEAR_ABATE,FLINK,NL-ZH,2026-09-01,2026-09-30,Monthly,,KG,3.409,3.409,2775.99755859375,xgboost_baseline
PEAR_ABATE,FLINK,NL-ZH,2026-10-01,2026-10-31,Monthly,,KG,3.409,3.409,2775.998779296875,xgboost_baseline
PEAR_ABATE,FLINK,NL-ZH,2026-11-01,2026-11-30,Monthly,,KG,3.409,3.409,2775.71875,xgboost_baseline
PEAR_ABATE,FLINK,NL-ZH,2026-12-01,2026-12-31,Monthly,,KG,3.409,3.409,2775.71875,xgboost_baseline
PEAR_ABATE,FLINK,NL-ZH,2027-01-01,2027-01-31,Monthly,,KG,3.409,3.409,2767.79443359375,xgboost_baseline
PEAR_ABATE,GREENACRES,NL-GE,2026-02-01,2026-02-28,Monthly,,KG,3.097,3.097,2772.614990234375,xgboost_baseline
PEAR_ABATE,GREENACRES,NL-GE,2026-03-01,2026-03-31,Monthly,,KG,3.097,3.097,2713.161865234375,xgboost_baseline
PEAR_ABATE,GREENACRES,NL-GE,2026-04-01,2026-04-30,Monthly,,KG,3.097,3.097,2713.058349609375,xgboost_baseline
PEAR_ABATE,GREENACRES,NL-GE,2026-05-01,2026-05-31,Monthly,,KG,3.097,3.097,2779.700439453125,xgboost_baseline
PEAR_ABATE,GREENACRES,NL-GE,2026-06-01,2026-06-30,Monthly,,KG,3.097,3.097,2773.523681640625,xgboost_baseline
PEAR_ABATE,GREENACRES,NL-GE,2026-07-01,2026-07-31,Monthly,,KG,3.097,3.097,2773.523681640625,xgboost_baseline
PEAR_ABATE,GREENACRES,NL-GE,2026-08-01,2026-08-31,Monthly,,KG,3.097,3.097,2775.717529296875,xgboost_baseline
PEAR_ABATE,GREENACRES,NL-GE,2026-09-01,2026-09-30,Monthly,,KG,3.097,3.097,2775.99755859375,xgboost_baseline
PEAR_ABATE,GREENACRES,NL-GE,2026-10-01,2026-10-31,Monthly,,KG,3.097,3.097,2775.998779296875,xgboost_baseline
PEAR_ABATE,GREENACRES,NL-GE,2026-11-01,2026-11-30,Monthly,,KG,3.097,3.097,2775.71875,xgboost_baseline
PEAR_ABATE,GREENACRES,NL-GE,2026-12-01,2026-12-31,Monthly,,KG,3.097,3.097,2775.71875,xgboost_baseline
PEAR_ABATE,GREENACRES,NL-GE,2027-01-01,2027-01-31,Monthly,,KG,3.097,3.097,2767.79443359375,xgboost_baseline
PEAR_ABATE,GREENACRES,NL-NB,2026-02-01,2026-02-28,Monthly,,KG,3.157,3.157,2771.081298828125,xgboost_baseline
PEAR_ABATE,GREENACRES,NL-NB,2026-03-01,2026-03-31,Monthly,,KG,3.157,3.157,2713.161865234375,xgboost_baseline
PEAR_ABATE,GREENACRES,NL-NB,2026-04-01,2026-04-30,Monthly,,KG,3.157,3.157,2713.058349609375,xgboost_baseline
PEAR_ABATE,GREENACRES,NL-NB,2026-05-01,2026-05-31,Monthly,,KG,3.157,3.157,2779.700439453125,xgboost_baseline
PEAR_ABATE,GREENACRES,NL-NB,2026-06-01,2026-06-30,Monthly,,KG,3.157,3.157,2773.523681640625,xgboost_baseline
PEAR_ABATE,GREENACRES,NL-NB,2026-07-01,2026-07-31,Monthly,,KG,3.157,3.157,2773.523681640625,xgboost_baseline
PEAR_ABATE,GREENACRES,NL-NB,2026-08-01,2026-08-31,Monthly,,KG,3.157,3.157,2775.717529296875,xgboost_baseline
PEAR_ABATE,GREENACRES,NL-NB,2026-09-01,2026-09-30,Monthly,,KG,3.157,3.157,2775.99755859375,xgboost_baseline
PEAR_ABATE,GREENACRES,NL-NB,2026-10-01,2026-10-31,Monthly,,KG,3.157,3.157,2775.998779296875,xgboost_baseline
PEAR_ABATE,GREENACRES,NL-NB,2026-11-01,2026-11-30,Monthly,,KG,3.157,3.157,2775.71875,xgboost_baseline
PEAR_ABATE,GREENACRES,NL-NB,2026-12-01,2026-12-31,Monthly,,KG,3.157,3.157,2775.71875,xgboost_baseline
PEAR_ABATE,GREENACRES,NL-NB,2027-01-01,2027-01-31,Monthly,,KG,3.157,3.157,2767.79443359375,xgboost_baseline
PEAR_ABATE,GREENACRES,NL-NH,2026-02-01,2026-02-28,Monthly,,KG,3.234,3.234,2771.081298828125,xgboost_baseline
PEAR_ABATE,GREENACRES,NL-NH,2026-03-01,2026-03-31,Monthly,,KG,3.234,3.234,2713.161865234375,xgboost_baseline
PEAR_ABATE,GREENACRES,NL-NH,2026-04-01,2026-04-30,Monthly,,KG,3.234,3.234,2713.058349609375,xgboost_baseline
PEAR_ABATE,GREENACRES,NL-NH,2026-05-01,2026-05-31,Monthly,,KG,3.234,3.234,2779.700439453125,xgboost_baseline
PEAR_ABATE,GREENACRES,NL-NH,2026-06-01,2026-06-30,Monthly,,KG,3.234,3.234,2773.523681640625,xgboost_baseline
PEAR_ABATE,GREENACRES,NL-NH,2026-07-01,2026-07-31,Monthly,,KG,3.234,3.234,2773.523681640625,xgboost_baseline
PEAR_ABATE,GREENACRES,NL-NH,2026-08-01,2026-08-31,Monthly,,KG,3.234,3.234,2775.717529296875,xgboost_baseline
PEAR_ABATE,GREENACRES,NL-NH,2026-09-01,2026-09-30,Monthly,,KG,3.234,3.234,2775.99755859375,xgboost_baseline
PEAR_ABATE,GREENACRES,NL-NH,2026-10-01,2026-10-31,Monthly,,KG,3.234,3.234,2775.998779296875,xgboost_baseline
PEAR_ABATE,GREENACRES,NL-NH,2026-11-01,2026-11-30,Monthly,,KG,3.234,3.234,2775.71875,xgboost_baseline
PEAR_ABATE,GREENACRES,NL-NH,2026-12-01,2026-12-31,Monthly,,KG,3.234,3.234,2775.71875,xgboost_baseline
PEAR_ABATE,GREENACRES,NL-NH,2027-01-01,2027-01-31,Monthly,,KG,3.234,3.234,2767.79443359375,xgboost_baseline
PEAR_ABATE,GREENACRES,NL-ZH,2026-02-01,2026-02-28,Monthly,,KG,3.365,3.365,2771.081298828125,xgboost_baseline
PEAR_ABATE,GREENACRES,NL-ZH,2026-03-01,2026-03-31,Monthly,,KG,3.365,3.365,2713.161865234375,xgboost_baseline
PEAR_ABATE,GREENACRES,NL-ZH,2026-04-01,2026-04-30,Monthly,,KG,3.365,3.365,2713.058349609375,xgboost_baseline
PEAR_ABATE,GREENACRES,NL-ZH,2026-05-01,2026-05-31,Monthly,,KG,3.365,3.365,2779.700439453125,xgboost_baseline
PEAR_ABATE,GREENACRES,NL-ZH,2026-06-01,2026-06-30,Monthly,,KG,3.365,3.365,2773.523681640625,xgboost_baseline
PEAR_ABATE,GREENACRES,NL-ZH,2026-07-01,2026-07-31,Monthly,,KG,3.365,3.365,2773.523681640625,xgboost_baseline
PEAR_ABATE,GREENACRES,NL-ZH,2026-08-01,2026-08-31,Monthly,,KG,3.365,3.365,2775.717529296875,xgboost_baseline
PEAR_ABATE,GREENACRES,NL-ZH,2026-09-01,2026-09-30,Monthly,,KG,3.365,3.365,2775.99755859375,xgboost_baseline
PEAR_ABATE,GREENACRES,NL-ZH,2026-10-01,2026-10-31,Monthly,,KG,3.365,3.365,2775.998779296875,xgboost_baseline
PEAR_ABATE,GREENACRES,NL-ZH,2026-11-01,2026-11-30,Monthly,,KG,3.365,3.365,2775.71875,xgboost_baseline
PEAR_ABATE,GREENACRES,NL-ZH,2026-12-01,2026-12-31,Monthly,,KG,3.365,3.365,2775.71875,xgboost_baseline
PEAR_ABATE,GREENACRES,NL-ZH,2027-01-01,2027-01-31,Monthly,,KG,3.365,3.365,2767.79443359375,xgboost_baseline
PEAR_ABATE,HELLOFRESH,NL-GE,2026-02-01,2026-02-28,Monthly,,KG,3.05,3.05,2755.194580078125,xgboost_baseline
PEAR_ABATE,HELLOFRESH,NL-GE,2026-03-01,2026-03-31,Monthly,,KG,3.05,3.05,2713.161865234375,xgboost_baseline
PEAR_ABATE,HELLOFRESH,NL-GE,2026-04-01,2026-04-30,Monthly,,KG,3.05,3.05,2713.058349609375,xgboost_baseline
PEAR_ABATE,HELLOFRESH,NL-GE,2026-05-01,2026-05-31,Monthly,,KG,3.05,3.05,2779.700439453125,xgboost_baseline
PEAR_ABATE,HELLOFRESH,NL-GE,2026-06-01,2026-06-30,Monthly,,KG,3.05,3.05,2773.523681640625,xgboost_baseline
PEAR_ABATE,HELLOFRESH,NL-GE,2026-07-01,2026-07-31,Monthly,,KG,3.05,3.05,2773.523681640625,xgboost_baseline
PEAR_ABATE,HELLOFRESH,NL-GE,2026-08-01,2026-08-31,Monthly,,KG,3.05,3.05,2775.99755859375,xgboost_baseline
PEAR_ABATE,HELLOFRESH,NL-GE,2026-09-01,2026-09-30,Monthly,,KG,3.05,3.05,2775.99755859375,xgboost_baseline
PEAR_ABATE,HELLOFRESH,NL-GE,2026-10-01,2026-10-31,Monthly,,KG,3.05,3.05,2775.998779296875,xgboost_baseline
PEAR_ABATE,HELLOFRESH,NL-GE,2026-11-01,2026-11-30,Monthly,,KG,3.05,3.05,2775.71875,xgboost_baseline
PEAR_ABATE,HELLOFRESH,NL-GE,2026-12-01,2026-12-31,Monthly,,KG,3.05,3.05,2775.71875,xgboost_baseline
PEAR_ABATE,HELLOFRESH,NL-GE,2027-01-01,2027-01-31,Monthly,,KG,3.05,3.05,2767.79443359375,xgboost_baseline
PEAR_ABATE,HELLOFRESH,NL-NB,2026-02-01,2026-02-28,Monthly,,KG,3.171,3.171,2755.194580078125,xgboost_baseline
PEAR_ABATE,HELLOFRESH,NL-NB,2026-03-01,2026-03-31,Monthly,,KG,3.171,3.171,2713.161865234375,xgboost_baseline
PEAR_ABATE,HELLOFRESH,NL-NB,2026-04-01,2026-04-30,Monthly,,KG,3.171,3.171,2713.058349609375,xgboost_baseline
PEAR_ABATE,HELLOFRESH,NL-NB,2026-05-01,2026-05-31,Monthly,,KG,3.171,3.171,2779.700439453125,xgboost_baseline
PEAR_ABATE,HELLOFRESH,NL-NB,2026-06-01,2026-06-30,Monthly,,KG,3.171,3.171,2773.523681640625,xgboost_baseline
PEAR_ABATE,HELLOFRESH,NL-NB,2026-07-01,2026-07-31,Monthly,,KG,3.171,3.171,2773.523681640625,xgboost_baseline
PEAR_ABATE,HELLOFRESH,NL-NB,2026-08-01,2026-08-31,Monthly,,KG,3.171,3.171,2775.99755859375,xgboost_baseline
PEAR_ABATE,HELLOFRESH,NL-NB,2026-09-01,2026-09-30,Monthly,,KG,3.171,3.171,2775.99755859375,xgboost_baseline
PEAR_ABATE,HELLOFRESH,NL-NB,2026-10-01,2026-10-31,Monthly,,KG,3.171,3.171,2775.998779296875,xgboost_baseline
PEAR_ABATE,HELLOFRESH,NL-NB,2026-11-01,2026-11-30,Monthly,,KG,3.171,3.171,2775.71875,xgboost_baseline
PEAR_ABATE,HELLOFRESH,NL-NB,2026-12-01,2026-12-31,Monthly,,KG,3.171,3.171,2775.71875,xgboost_baseline
PEAR_ABATE,HELLOFRESH,NL-NB,2027-01-01,2027-01-31,Monthly,,KG,3.171,3.171,2767.79443359375,xgboost_baseline
PEAR_ABATE,HELLOFRESH,NL-NH,2026-02-01,2026-02-28,Monthly,,KG,3.171,3.171,2771.081298828125,xgboost_baseline
PEAR_ABATE,HELLOFRESH,NL-NH,2026-03-01,2026-03-31,Monthly,,KG,3.171,3.171,2713.161865234375,xgboost_baseline
PEAR_ABATE,HELLOFRESH,NL-NH,2026-04-01,2026-04-30,Monthly,,KG,3.171,3.171,2713.058349609375,xgboost_baseline
PEAR_ABATE,HELLOFRESH,NL-NH,2026-05-01,2026-05-31,Monthly,,KG,3.171,3.171,2779.700439453125,xgboost_baseline
PEAR_ABATE,HELLOFRESH,NL-NH,2026-06-01,2026-06-30,Monthly,,KG,3.171,3.171,2773.523681640625,xgboost_baseline
PEAR_ABATE,HELLOFRESH,NL-NH,2026-07-01,2026-07-31,Monthly,,KG,3.171,3.171,2773.523681640625,xgboost_baseline
PEAR_ABATE,HELLOFRESH,NL-NH,2026-08-01,2026-08-31,Monthly,,KG,3.171,3.171,2775.717529296875,xgboost_baseline
PEAR_ABATE,HELLOFRESH,NL-NH,2026-09-01,2026-09-30,Monthly,,KG,3.171,3.171,2775.99755859375,xgboost_baseline
PEAR_ABATE,HELLOFRESH,NL-NH,2026-10-01,2026-10-31,Monthly,,KG,3.171,3.171,2775.998779296875,xgboost_baseline
PEAR_ABATE,HELLOFRESH,NL-NH,2026-11-01,2026-11-30,Monthly,,KG,3.171,3.171,2775.71875,xgboost_baseline
PEAR_ABATE,HELLOFRESH,NL-NH,2026-12-01,2026-12-31,Monthly,,KG,3.171,3.171,2775.71875,xgboost_baseline
PEAR_ABATE,HELLOFRESH,NL-NH,2027-01-01,2027-01-31,Monthly,,KG,3.171,3.171,2767.79443359375,xgboost_baseline
PEAR_ABATE,HELLOFRESH,NL-ZH,2026-02-01,2026-02-28,Monthly,,KG,3.361,3.361,2771.081298828125,xgboost_baseline
PEAR_ABATE,HELLOFRESH,NL-ZH,2026-03-01,2026-03-31,Monthly,,KG,3.361,3.361,2713.161865234375,xgboost_baseline
PEAR_ABATE,HELLOFRESH,NL-ZH,2026-04-01,2026-04-30,Monthly,,KG,3.361,3.361,2713.058349609375,xgboost_baseline
PEAR_ABATE,HELLOFRESH,NL-ZH,2026-05-01,2026-05-31,Monthly,,KG,3.361,3.361,2779.700439453125,xgboost_baseline
PEAR_ABATE,HELLOFRESH,NL-ZH,2026-06-01,2026-06-30,Monthly,,KG,3.361,3.361,2773.523681640625,xgboost_baseline
PEAR_ABATE,HELLOFRESH,NL-ZH,2026-07-01,2026-07-31,Monthly,,KG,3.361,3.361,2773.523681640625,xgboost_baseline
PEAR_ABATE,HELLOFRESH,NL-ZH,2026-08-01,2026-08-31,Monthly,,KG,3.361,3.361,2775.717529296875,xgboost_baseline
PEAR_ABATE,HELLOFRESH,NL-ZH,2026-09-01,2026-09-30,Monthly,,KG,3.361,3.361,2775.99755859375,xgboost_baseline
PEAR_ABATE,HELLOFRESH,NL-ZH,2026-10-01,2026-10-31,Monthly,,KG,3.361,3.361,2775.998779296875,xgboost_baseline
PEAR_ABATE,HELLOFRESH,NL-ZH,2026-11-01,2026-11-30,Monthly,,KG,3.361,3.361,2775.71875,xgboost_baseline
PEAR_ABATE,HELLOFRESH,NL-ZH,2026-12-01,2026-12-31,Monthly,,KG,3.361,3.361,2775.71875,xgboost_baseline
PEAR_ABATE,HELLOFRESH,NL-ZH,2027-01-01,2027-01-31,Monthly,,KG,3.361,3.361,2767.79443359375,xgboost_baseline
PEAR_ABATE,HOLLANDFOODSERVICE,NL-GE,2026-02-01,2026-02-28,Monthly,,KG,3.032,3.032,2755.194580078125,xgboost_baseline
PEAR_ABATE,HOLLANDFOODSERVICE,NL-GE,2026-03-01,2026-03-31,Monthly,,KG,3.032,3.032,2713.161865234375,xgboost_baseline
PEAR_ABATE,HOLLANDFOODSERVICE,NL-GE,2026-04-01,2026-04-30,Monthly,,KG,3.032,3.032,2713.058349609375,xgboost_baseline
PEAR_ABATE,HOLLANDFOODSERVICE,NL-GE,2026-05-01,2026-05-31,Monthly,,KG,3.032,3.032,2779.700439453125,xgboost_baseline
PEAR_ABATE,HOLLANDFOODSERVICE,NL-GE,2026-06-01,2026-06-30,Monthly,,KG,3.032,3.032,2773.523681640625,xgboost_baseline
PEAR_ABATE,HOLLANDFOODSERVICE,NL-GE,2026-07-01,2026-07-31,Monthly,,KG,3.032,3.032,2773.523681640625,xgboost_baseline
PEAR_ABATE,HOLLANDFOODSERVICE,NL-GE,2026-08-01,2026-08-31,Monthly,,KG,3.032,3.032,2775.99755859375,xgboost_baseline
PEAR_ABATE,HOLLANDFOODSERVICE,NL-GE,2026-09-01,2026-09-30,Monthly,,KG,3.032,3.032,2775.99755859375,xgboost_baseline
PEAR_ABATE,HOLLANDFOODSERVICE,NL-GE,2026-10-01,2026-10-31,Monthly,,KG,3.032,3.032,2775.998779296875,xgboost_baseline
PEAR_ABATE,HOLLANDFOODSERVICE,NL-GE,2026-11-01,2026-11-30,Monthly,,KG,3.032,3.032,2775.71875,xgboost_baseline
PEAR_ABATE,HOLLANDFOODSERVICE,NL-GE,2026-12-01,2026-12-31,Monthly,,KG,3.032,3.032,2775.71875,xgboost_baseline
PEAR_ABATE,HOLLANDFOODSERVICE,NL-GE,2027-01-01,2027-01-31,Monthly,,KG,3.032,3.032,2767.79443359375,xgboost_baseline
PEAR_ABATE,HOLLANDFOODSERVICE,NL-NB,2026-02-01,2026-02-28,Monthly,,KG,3.164,3.164,2755.194580078125,xgboost_baseline
PEAR_ABATE,HOLLANDFOODSERVICE,NL-NB,2026-03-01,2026-03-31,Monthly,,KG,3.164,3.164,2713.161865234375,xgboost_baseline
PEAR_ABATE,HOLLANDFOODSERVICE,NL-NB,2026-04-01,2026-04-30,Monthly,,KG,3.164,3.164,2713.058349609375,xgboost_baseline
PEAR_ABATE,HOLLANDFOODSERVICE,NL-NB,2026-05-01,2026-05-31,Monthly,,KG,3.164,3.164,2779.700439453125,xgboost_baseline
PEAR_ABATE,HOLLANDFOODSERVICE,NL-NB,2026-06-01,2026-06-30,Monthly,,KG,3.164,3.164,2773.523681640625,xgboost_baseline
PEAR_ABATE,HOLLANDFOODSERVICE,NL-NB,2026-07-01,2026-07-31,Monthly,,KG,3.164,3.164,2773.523681640625,xgboost_baseline
PEAR_ABATE,HOLLANDFOODSERVICE,NL-NB,2026-08-01,2026-08-31,Monthly,,KG,3.164,3.164,2775.99755859375,xgboost_baseline
PEAR_ABATE,HOLLANDFOODSERVICE,NL-NB,2026-09-01,2026-09-30,Monthly,,KG,3.164,3.164,2775.99755859375,xgboost_baseline
PEAR_ABATE,HOLLANDFOODSERVICE,NL-NB,2026-10-01,2026-10-31,Monthly,,KG,3.164,3.164,2775.998779296875,xgboost_baseline
PEAR_ABATE,HOLLANDFOODSERVICE,NL-NB,2026-11-01,2026-11-30,Monthly,,KG,3.164,3.164,2775.71875,xgboost_baseline
PEAR_ABATE,HOLLANDFOODSERVICE,NL-NB,2026-12-01,2026-12-31,Monthly,,KG,3.164,3.164,2775.71875,xgboost_baseline
PEAR_ABATE,HOLLANDFOODSERVICE,NL-NB,2027-01-01,2027-01-31,Monthly,,KG,3.164,3.164,2767.79443359375,xgboost_baseline
PEAR_ABATE,HOLLANDFOODSERVICE,NL-NH,2026-02-01,2026-02-28,Monthly,,KG,3.205,3.205,2771.081298828125,xgboost_baseline
PEAR_ABATE,HOLLANDFOODSERVICE,NL-NH,2026-03-01,2026-03-31,Monthly,,KG,3.205,3.205,2713.161865234375,xgboost_baseline
PEAR_ABATE,HOLLANDFOODSERVICE,NL-NH,2026-04-01,2026-04-30,Monthly,,KG,3.205,3.205,2713.058349609375,xgboost_baseline
PEAR_ABATE,HOLLANDFOODSERVICE,NL-NH,2026-05-01,2026-05-31,Monthly,,KG,3.205,3.205,2779.700439453125,xgboost_baseline
PEAR_ABATE,HOLLANDFOODSERVICE,NL-NH,2026-06-01,2026-06-30,Monthly,,KG,3.205,3.205,2773.523681640625,xgboost_baseline
PEAR_ABATE,HOLLANDFOODSERVICE,NL-NH,2026-07-01,2026-07-31,Monthly,,KG,2.72425,3.205,2773.087646484375,xgboost_baseline
PEAR_ABATE,HOLLANDFOODSERVICE,NL-NH,2026-08-01,2026-08-31,Monthly,,KG,3.205,3.205,2775.717529296875,xgboost_baseline
PEAR_ABATE,HOLLANDFOODSERVICE,NL-NH,2026-09-01,2026-09-30,Monthly,,KG,3.205,3.205,2775.99755859375,xgboost_baseline
PEAR_ABATE,HOLLANDFOODSERVICE,NL-NH,2026-10-01,2026-10-31,Monthly,,KG,3.205,3.205,2775.998779296875,xgboost_baseline
PEAR_ABATE,HOLLANDFOODSERVICE,NL-NH,2026-11-01,2026-11-30,Monthly,,KG,3.205,3.205,2775.71875,xgboost_baseline
PEAR_ABATE,HOLLANDFOODSERVICE,NL-NH,2026-12-01,2026-12-31,Monthly,,KG,3.205,3.205,2775.71875,xgboost_baseline
PEAR_ABATE,HOLLANDFOODSERVICE,NL-NH,2027-01-01,2027-01-31,Monthly,,KG,3.205,3.205,2767.79443359375,xgboost_baseline
PEAR_ABATE,HOLLANDFOODSERVICE,NL-ZH,2026-02-01,2026-02-28,Monthly,,KG,3.321,3.321,2771.081298828125,xgboost_baseline
PEAR_ABATE,HOLLANDFOODSERVICE,NL-ZH,2026-03-01,2026-03-31,Monthly,,KG,3.321,3.321,2713.161865234375,xgboost_baseline
PEAR_ABATE,HOLLANDFOODSERVICE,NL-ZH,2026-04-01,2026-04-30,Monthly,,KG,3.321,3.321,2713.058349609375,xgboost_baseline
PEAR_ABATE,HOLLANDFOODSERVICE,NL-ZH,2026-05-01,2026-05-31,Monthly,,KG,3.321,3.321,2779.700439453125,xgboost_baseline
PEAR_ABATE,HOLLANDFOODSERVICE,NL-ZH,2026-06-01,2026-06-30,Monthly,,KG,3.321,3.321,2773.523681640625,xgboost_baseline
PEAR_ABATE,HOLLANDFOODSERVICE,NL-ZH,2026-07-01,2026-07-31,Monthly,,KG,3.321,3.321,2773.523681640625,xgboost_baseline
PEAR_ABATE,HOLLANDFOODSERVICE,NL-ZH,2026-08-01,2026-08-31,Monthly,,KG,3.321,3.321,2775.717529296875,xgboost_baseline
PEAR_ABATE,HOLLANDFOODSERVICE,NL-ZH,2026-09-01,2026-09-30,Monthly,,KG,3.321,3.321,2775.99755859375,xgboost_baseline
PEAR_ABATE,HOLLANDFOODSERVICE,NL-ZH,2026-10-01,2026-10-31,Monthly,,KG,3.321,3.321,2775.998779296875,xgboost_baseline
PEAR_ABATE,HOLLANDFOODSERVICE,NL-ZH,2026-11-01,2026-11-30,Monthly,,KG,3.321,3.321,2775.71875,xgboost_baseline
PEAR_ABATE,HOLLANDFOODSERVICE,NL-ZH,2026-12-01,2026-12-31,Monthly,,KG,3.321,3.321,2775.71875,xgboost_baseline
PEAR_ABATE,HOLLANDFOODSERVICE,NL-ZH,2027-01-01,2027-01-31,Monthly,,KG,3.321,3.321,2767.79443359375,xgboost_baseline
PEAR_ABATE,JUMBO,NL-GE,2026-02-01,2026-02-28,Monthly,,KG,3.055,3.055,2775.6494140625,xgboost_baseline
PEAR_ABATE,JUMBO,NL-GE,2026-03-01,2026-03-31,Monthly,,KG,3.055,3.055,2727.611083984375,xgboost_baseline
PEAR_ABATE,JUMBO,NL-GE,2026-04-01,2026-04-30,Monthly,,KG,3.055,3.055,2724.035400390625,xgboost_baseline
PEAR_ABATE,JUMBO,NL-GE,2026-05-01,2026-05-31,Monthly,,KG,3.055,3.055,2775.177490234375,xgboost_baseline
PEAR_ABATE,JUMBO,NL-GE,2026-06-01,2026-06-30,Monthly,,KG,3.055,3.055,2772.44189453125,xgboost_baseline
PEAR_ABATE,JUMBO,NL-GE,2026-07-01,2026-07-31,Monthly,,KG,3.055,3.055,2772.617919921875,xgboost_baseline
PEAR_ABATE,JUMBO,NL-GE,2026-08-01,2026-08-31,Monthly,,KG,3.055,3.055,2807.676513671875,xgboost_baseline
PEAR_ABATE,JUMBO,NL-GE,2026-09-01,2026-09-30,Monthly,,KG,3.055,3.055,2861.341796875,xgboost_baseline
PEAR_ABATE,JUMBO,NL-GE,2026-10-01,2026-10-31,Monthly,,KG,3.055,3.055,2838.58935546875,xgboost_baseline
PEAR_ABATE,JUMBO,NL-GE,2026-11-01,2026-11-30,Monthly,,KG,3.055,3.055,2859.185302734375,xgboost_baseline
PEAR_ABATE,JUMBO,NL-GE,2026-12-01,2026-12-31,Monthly,,KG,3.055,3.055,2838.710693359375,xgboost_baseline
PEAR_ABATE,JUMBO,NL-GE,2027-01-01,2027-01-31,Monthly,,KG,3.055,3.055,2830.849365234375,xgboost_baseline
PEAR_ABATE,JUMBO,NL-NB,2026-02-01,2026-02-28,Monthly,,KG,3.189,3.189,2777.069580078125,xgboost_baseline
PEAR_ABATE,JUMBO,NL-NB,2026-03-01,2026-03-31,Monthly,,KG,3.189,3.189,2727.795166015625,xgboost_baseline
PEAR_ABATE,JUMBO,NL-NB,2026-04-01,2026-04-30,Monthly,,KG,3.189,3.189,2721.879638671875,xgboost_baseline
PEAR_ABATE,JUMBO,NL-NB,2026-05-01,2026-05-31,Monthly,,KG,3.189,3.189,2777.5869140625,xgboost_baseline
PEAR_ABATE,JUMBO,NL-NB,2026-06-01,2026-06-30,Monthly,,KG,3.189,3.189,2772.607421875,xgboost_baseline
PEAR_ABATE,JUMBO,NL-NB,2026-07-01,2026-07-31,Monthly,,KG,3.189,3.189,2772.617919921875,xgboost_baseline
PEAR_ABATE,JUMBO,NL-NB,2026-08-01,2026-08-31,Monthly,,KG,3.189,3.189,2903.943603515625,xgboost_baseline
PEAR_ABATE,JUMBO,NL-NB,2026-09-01,2026-09-30,Monthly,,KG,3.189,3.189,2861.341796875,xgboost_baseline
PEAR_ABATE,JUMBO,NL-NB,2026-10-01,2026-10-31,Monthly,,KG,3.189,3.189,2861.341796875,xgboost_baseline
PEAR_ABATE,JUMBO,NL-NB,2026-11-01,2026-11-30,Monthly,,KG,3.189,3.189,2861.463134765625,xgboost_baseline
PEAR_ABATE,JUMBO,NL-NB,2026-12-01,2026-12-31,Monthly,,KG,3.189,3.189,2838.710693359375,xgboost_baseline
PEAR_ABATE,JUMBO,NL-NB,2027-01-01,2027-01-31,Monthly,,KG,3.189,3.189,2828.441162109375,xgboost_baseline
PEAR_ABATE,JUMBO,NL-NH,2026-02-01,2026-02-28,Monthly,,KG,3.212,3.212,2742.764404296875,xgboost_baseline
PEAR_ABATE,JUMBO,NL-NH,2026-03-01,2026-03-31,Monthly,,KG,3.212,3.212,2766.8154296875,xgboost_baseline
PEAR_ABATE,JUMBO,NL-NH,2026-04-01,2026-04-30,Monthly,,KG,3.212,3.212,2722.262451171875,xgboost_baseline
PEAR_ABATE,JUMBO,NL-NH,2026-05-01,2026-05-31,Monthly,,KG,3.212,3.212,2769.156982421875,xgboost_baseline
PEAR_ABATE,JUMBO,NL-NH,2026-06-01,2026-06-30,Monthly,,KG,3.212,3.212,2777.392578125,xgboost_baseline
PEAR_ABATE,JUMBO,NL-NH,2026-07-01,2026-07-31,Monthly,,KG,3.212,3.212,2772.617919921875,xgboost_baseline
PEAR_ABATE,JUMBO,NL-NH,2026-08-01,2026-08-31,Monthly,,KG,3.212,3.212,3007.552001953125,xgboost_baseline
PEAR_ABATE,JUMBO,NL-NH,2026-09-01,2026-09-30,Monthly,,KG,3.212,3.212,3176.34375,xgboost_baseline
PEAR_ABATE,JUMBO,NL-NH,2026-10-01,2026-10-31,Monthly,,KG,3.212,3.212,3147.88916015625,xgboost_baseline
PEAR_ABATE,JUMBO,NL-NH,2026-11-01,2026-11-30,Monthly,,KG,3.212,3.212,2966.87646484375,xgboost_baseline
PEAR_ABATE,JUMBO,NL-NH,2026-12-01,2026-12-31,Monthly,,KG,3.212,3.212,3063.35546875,xgboost_baseline
PEAR_ABATE,JUMBO,NL-NH,2027-01-01,2027-01-31,Monthly,,KG,3.212,3.212,2822.5615234375,xgboost_baseline
PEAR_ABATE,JUMBO,NL-ZH,2026-02-01,2026-02-28,Monthly,,KG,3.393,3.393,2810.30029296875,xgboost_baseline
PEAR_ABATE,JUMBO,NL-ZH,2026-03-01,2026-03-31,Monthly,,KG,3.393,3.393,2865.412841796875,xgboost_baseline
PEAR_ABATE,JUMBO,NL-ZH,2026-04-01,2026-04-30,Monthly,,KG,3.393,3.393,2801.50732421875,xgboost_baseline
PEAR_ABATE,JUMBO,NL-ZH,2026-05-01,2026-05-31,Monthly,,KG,3.393,3.393,2834.3115234375,xgboost_baseline
PEAR_ABATE,JUMBO,NL-ZH,2026-06-01,2026-06-30,Monthly,,KG,3.393,3.393,2838.8095703125,xgboost_baseline
PEAR_ABATE,JUMBO,NL-ZH,2026-07-01,2026-07-31,Monthly,,KG,3.393,3.393,2841.697021484375,xgboost_baseline
PEAR_ABATE,JUMBO,NL-ZH,2026-08-01,2026-08-31,Monthly,,KG,3.393,3.393,3054.581298828125,xgboost_baseline
PEAR_ABATE,JUMBO,NL-ZH,2026-09-01,2026-09-30,Monthly,,KG,3.393,3.393,2904.330322265625,xgboost_baseline
PEAR_ABATE,JUMBO,NL-ZH,2026-10-01,2026-10-31,Monthly,,KG,3.393,3.393,3193.373779296875,xgboost_baseline
PEAR_ABATE,JUMBO,NL-ZH,2026-11-01,2026-11-30,Monthly,,KG,3.393,3.393,3107.06787109375,xgboost_baseline
PEAR_ABATE,JUMBO,NL-ZH,2026-12-01,2026-12-31,Monthly,,KG,3.393,3.393,3109.5244140625,xgboost_baseline
PEAR_ABATE,JUMBO,NL-ZH,2027-01-01,2027-01-31,Monthly,,KG,3.393,3.393,2800.23388671875,xgboost_baseline
PEAR_ABATE,MELEDI,NL-GE,2026-02-01,2026-02-28,Monthly,,KG,3.103,3.103,2772.614990234375,xgboost_baseline
PEAR_ABATE,MELEDI,NL-GE,2026-03-01,2026-03-31,Monthly,,KG,3.103,3.103,2713.161865234375,xgboost_baseline
PEAR_ABATE,MELEDI,NL-GE,2026-04-01,2026-04-30,Monthly,,KG,3.103,3.103,2713.058349609375,xgboost_baseline
PEAR_ABATE,MELEDI,NL-GE,2026-05-01,2026-05-31,Monthly,,KG,3.103,3.103,2779.700439453125,xgboost_baseline
PEAR_ABATE,MELEDI,NL-GE,2026-06-01,2026-06-30,Monthly,,KG,3.103,3.103,2773.523681640625,xgboost_baseline
PEAR_ABATE,MELEDI,NL-GE,2026-07-01,2026-07-31,Monthly,,KG,3.103,3.103,2773.523681640625,xgboost_baseline
PEAR_ABATE,MELEDI,NL-GE,2026-08-01,2026-08-31,Monthly,,KG,3.103,3.103,2775.717529296875,xgboost_baseline
PEAR_ABATE,MELEDI,NL-GE,2026-09-01,2026-09-30,Monthly,,KG,3.103,3.103,2775.99755859375,xgboost_baseline
PEAR_ABATE,MELEDI,NL-GE,2026-10-01,2026-10-31,Monthly,,KG,3.103,3.103,2775.998779296875,xgboost_baseline
PEAR_ABATE,MELEDI,NL-GE,2026-11-01,2026-11-30,Monthly,,KG,3.103,3.103,2775.71875,xgboost_baseline
PEAR_ABATE,MELEDI,NL-GE,2026-12-01,2026-12-31,Monthly,,KG,3.103,3.103,2775.71875,xgboost_baseline
PEAR_ABATE,MELEDI,NL-GE,2027-01-01,2027-01-31,Monthly,,KG,3.103,3.103,2767.79443359375,xgboost_baseline
PEAR_ABATE,MELEDI,NL-NB,2026-02-01,2026-02-28,Monthly,,KG,3.214,3.214,2771.081298828125,xgboost_baseline
PEAR_ABATE,MELEDI,NL-NB,2026-03-01,2026-03-31,Monthly,,KG,3.214,3.214,2713.161865234375,xgboost_baseline
PEAR_ABATE,MELEDI,NL-NB,2026-04-01,2026-04-30,Monthly,,KG,3.214,3.214,2713.058349609375,xgboost_baseline
PEAR_ABATE,MELEDI,NL-NB,2026-05-01,2026-05-31,Monthly,,KG,3.214,3.214,2779.700439453125,xgboost_baseline
PEAR_ABATE,MELEDI,NL-NB,2026-06-01,2026-06-30,Monthly,,KG,3.214,3.214,2773.523681640625,xgboost_baseline
PEAR_ABATE,MELEDI,NL-NB,2026-07-01,2026-07-31,Monthly,,KG,3.214,3.214,2773.523681640625,xgboost_baseline
PEAR_ABATE,MELEDI,NL-NB,2026-08-01,2026-08-31,Monthly,,KG,3.214,3.214,2775.717529296875,xgboost_baseline
PEAR_ABATE,MELEDI,NL-NB,2026-09-01,2026-09-30,Monthly,,KG,3.214,3.214,2775.99755859375,xgboost_baseline
PEAR_ABATE,MELEDI,NL-NB,2026-10-01,2026-10-31,Monthly,,KG,3.214,3.214,2775.998779296875,xgboost_baseline
PEAR_ABATE,MELEDI,NL-NB,2026-11-01,2026-11-30,Monthly,,KG,3.214,3.214,2775.71875,xgboost_baseline
PEAR_ABATE,MELEDI,NL-NB,2026-12-01,2026-12-31,Monthly,,KG,3.214,3.214,2775.71875,xgboost_baseline
PEAR_ABATE,MELEDI,NL-NB,2027-01-01,2027-01-31,Monthly,,KG,3.214,3.214,2767.79443359375,xgboost_baseline
PEAR_ABATE,MELEDI,NL-NH,2026-02-01,2026-02-28,Monthly,,KG,3.263,3.263,2771.081298828125,xgboost_baseline
PEAR_ABATE,MELEDI,NL-NH,2026-03-01,2026-03-31,Monthly,,KG,3.263,3.263,2713.161865234375,xgboost_baseline
PEAR_ABATE,MELEDI,NL-NH,2026-04-01,2026-04-30,Monthly,,KG,3.263,3.263,2713.058349609375,xgboost_baseline
PEAR_ABATE,MELEDI,NL-NH,2026-05-01,2026-05-31,Monthly,,KG,3.263,3.263,2779.700439453125,xgboost_baseline
PEAR_ABATE,MELEDI,NL-NH,2026-06-01,2026-06-30,Monthly,,KG,3.263,3.263,2773.523681640625,xgboost_baseline
PEAR_ABATE,MELEDI,NL-NH,2026-07-01,2026-07-31,Monthly,,KG,3.263,3.263,2773.523681640625,xgboost_baseline
PEAR_ABATE,MELEDI,NL-NH,2026-08-01,2026-08-31,Monthly,,KG,3.263,3.263,2775.717529296875,xgboost_baseline
PEAR_ABATE,MELEDI,NL-NH,2026-09-01,2026-09-30,Monthly,,KG,3.263,3.263,2775.99755859375,xgboost_baseline
PEAR_ABATE,MELEDI,NL-NH,2026-10-01,2026-10-31,Monthly,,KG,3.263,3.263,2775.998779296875,xgboost_baseline
PEAR_ABATE,MELEDI,NL-NH,2026-11-01,2026-11-30,Monthly,,KG,3.263,3.263,2775.71875,xgboost_baseline
PEAR_ABATE,MELEDI,NL-NH,2026-12-01,2026-12-31,Monthly,,KG,3.263,3.263,2775.71875,xgboost_baseline
PEAR_ABATE,MELEDI,NL-NH,2027-01-01,2027-01-31,Monthly,,KG,3.263,3.263,2767.79443359375,xgboost_baseline
PEAR_ABATE,MELEDI,NL-ZH,2026-02-01,2026-02-28,Monthly,,KG,3.339,3.339,2771.081298828125,xgboost_baseline
PEAR_ABATE,MELEDI,NL-ZH,2026-03-01,2026-03-31,Monthly,,KG,3.339,3.339,2713.161865234375,xgboost_baseline
PEAR_ABATE,MELEDI,NL-ZH,2026-04-01,2026-04-30,Monthly,,KG,3.339,3.339,2713.058349609375,xgboost_baseline
PEAR_ABATE,MELEDI,NL-ZH,2026-05-01,2026-05-31,Monthly,,KG,3.339,3.339,2779.700439453125,xgboost_baseline
PEAR_ABATE,MELEDI,NL-ZH,2026-06-01,2026-06-30,Monthly,,KG,3.339,3.339,2773.523681640625,xgboost_baseline
PEAR_ABATE,MELEDI,NL-ZH,2026-07-01,2026-07-31,Monthly,,KG,3.339,3.339,2773.523681640625,xgboost_baseline
PEAR_ABATE,MELEDI,NL-ZH,2026-08-01,2026-08-31,Monthly,,KG,3.339,3.339,2775.717529296875,xgboost_baseline
PEAR_ABATE,MELEDI,NL-ZH,2026-09-01,2026-09-30,Monthly,,KG,3.339,3.339,2775.99755859375,xgboost_baseline
PEAR_ABATE,MELEDI,NL-ZH,2026-10-01,2026-10-31,Monthly,,KG,3.339,3.339,2775.998779296875,xgboost_baseline
PEAR_ABATE,MELEDI,NL-ZH,2026-11-01,2026-11-30,Monthly,,KG,3.339,3.339,2775.71875,xgboost_baseline
PEAR_ABATE,MELEDI,NL-ZH,2026-12-01,2026-12-31,Monthly,,KG,3.339,3.339,2775.71875,xgboost_baseline
PEAR_ABATE,MELEDI,NL-ZH,2027-01-01,2027-01-31,Monthly,,KG,3.339,3.339,2767.79443359375,xgboost_baseline
PEAR_ABATE,PICNIC,NL-GE,2026-02-01,2026-02-28,Monthly,,KG,3.1,3.1,2755.194580078125,xgboost_baseline
PEAR_ABATE,PICNIC,NL-GE,2026-03-01,2026-03-31,Monthly,,KG,3.1,3.1,2713.161865234375,xgboost_baseline
PEAR_ABATE,PICNIC,NL-GE,2026-04-01,2026-04-30,Monthly,,KG,3.1,3.1,2713.058349609375,xgboost_baseline
PEAR_ABATE,PICNIC,NL-GE,2026-05-01,2026-05-31,Monthly,,KG,3.1,3.1,2779.700439453125,xgboost_baseline
PEAR_ABATE,PICNIC,NL-GE,2026-06-01,2026-06-30,Monthly,,KG,3.1,3.1,2773.523681640625,xgboost_baseline
PEAR_ABATE,PICNIC,NL-GE,2026-07-01,2026-07-31,Monthly,,KG,3.1,3.1,2773.523681640625,xgboost_baseline
PEAR_ABATE,PICNIC,NL-GE,2026-08-01,2026-08-31,Monthly,,KG,3.1,3.1,2775.99755859375,xgboost_baseline
PEAR_ABATE,PICNIC,NL-GE,2026-09-01,2026-09-30,Monthly,,KG,3.1,3.1,2775.99755859375,xgboost_baseline
PEAR_ABATE,PICNIC,NL-GE,2026-10-01,2026-10-31,Monthly,,KG,3.1,3.1,2775.998779296875,xgboost_baseline
PEAR_ABATE,PICNIC,NL-GE,2026-11-01,2026-11-30,Monthly,,KG,3.1,3.1,2775.71875,xgboost_baseline
PEAR_ABATE,PICNIC,NL-GE,2026-12-01,2026-12-31,Monthly,,KG,3.1,3.1,2775.71875,xgboost_baseline
PEAR_ABATE,PICNIC,NL-GE,2027-01-01,2027-01-31,Monthly,,KG,3.1,3.1,2767.79443359375,xgboost_baseline
PEAR_ABATE,PICNIC,NL-NB,2026-02-01,2026-02-28,Monthly,,KG,3.232,3.232,2755.194580078125,xgboost_baseline
PEAR_ABATE,PICNIC,NL-NB,2026-03-01,2026-03-31,Monthly,,KG,3.232,3.232,2713.161865234375,xgboost_baseline
PEAR_ABATE,PICNIC,NL-NB,2026-04-01,2026-04-30,Monthly,,KG,3.232,3.232,2713.058349609375,xgboost_baseline
PEAR_ABATE,PICNIC,NL-NB,2026-05-01,2026-05-31,Monthly,,KG,3.232,3.232,2779.700439453125,xgboost_baseline
PEAR_ABATE,PICNIC,NL-NB,2026-06-01,2026-06-30,Monthly,,KG,3.232,3.232,2773.523681640625,xgboost_baseline
PEAR_ABATE,PICNIC,NL-NB,2026-07-01,2026-07-31,Monthly,,KG,3.232,3.232,2773.523681640625,xgboost_baseline
PEAR_ABATE,PICNIC,NL-NB,2026-08-01,2026-08-31,Monthly,,KG,3.232,3.232,2775.99755859375,xgboost_baseline
PEAR_ABATE,PICNIC,NL-NB,2026-09-01,2026-09-30,Monthly,,KG,3.232,3.232,2775.99755859375,xgboost_baseline
PEAR_ABATE,PICNIC,NL-NB,2026-10-01,2026-10-31,Monthly,,KG,3.232,3.232,2775.998779296875,xgboost_baseline
PEAR_ABATE,PICNIC,NL-NB,2026-11-01,2026-11-30,Monthly,,KG,3.232,3.232,2775.71875,xgboost_baseline
PEAR_ABATE,PICNIC,NL-NB,2026-12-01,2026-12-31,Monthly,,KG,3.232,3.232,2775.71875,xgboost_baseline
PEAR_ABATE,PICNIC,NL-NB,2027-01-01,2027-01-31,Monthly,,KG,3.232,3.232,2767.79443359375,xgboost_baseline
PEAR_ABATE,PICNIC,NL-NH,2026-02-01,2026-02-28,Monthly,,KG,3.282,3.282,2771.081298828125,xgboost_baseline
PEAR_ABATE,PICNIC,NL-NH,2026-03-01,2026-03-31,Monthly,,KG,3.282,3.282,2713.161865234375,xgboost_baseline
PEAR_ABATE,PICNIC,NL-NH,2026-04-01,2026-04-30,Monthly,,KG,3.282,3.282,2713.058349609375,xgboost_baseline
PEAR_ABATE,PICNIC,NL-NH,2026-05-01,2026-05-31,Monthly,,KG,3.282,3.282,2779.700439453125,xgboost_baseline
PEAR_ABATE,PICNIC,NL-NH,2026-06-01,2026-06-30,Monthly,,KG,3.282,3.282,2773.523681640625,xgboost_baseline
PEAR_ABATE,PICNIC,NL-NH,2026-07-01,2026-07-31,Monthly,,KG,3.282,3.282,2773.523681640625,xgboost_baseline
PEAR_ABATE,PICNIC,NL-NH,2026-08-01,2026-08-31,Monthly,,KG,3.282,3.282,2775.717529296875,xgboost_baseline
PEAR_ABATE,PICNIC,NL-NH,2026-09-01,2026-09-30,Monthly,,KG,3.282,3.282,2775.99755859375,xgboost_baseline
PEAR_ABATE,PICNIC,NL-NH,2026-10-01,2026-10-31,Monthly,,KG,3.282,3.282,2775.998779296875,xgboost_baseline
PEAR_ABATE,PICNIC,NL-NH,2026-11-01,2026-11-30,Monthly,,KG,3.282,3.282,2775.71875,xgboost_baseline
PEAR_ABATE,PICNIC,NL-NH,2026-12-01,2026-12-31,Monthly,,KG,3.282,3.282,2775.71875,xgboost_baseline
PEAR_ABATE,PICNIC,NL-NH,2027-01-01,2027-01-31,Monthly,,KG,3.282,3.282,2767.79443359375,xgboost_baseline
PEAR_ABATE,PICNIC,NL-ZH,2026-02-01,2026-02-28,Monthly,,KG,3.385,3.385,2772.614990234375,xgboost_baseline
PEAR_ABATE,PICNIC,NL-ZH,2026-03-01,2026-03-31,Monthly,,KG,3.385,3.385,2713.161865234375,xgboost_baseline
PEAR_ABATE,PICNIC,NL-ZH,2026-04-01,2026-04-30,Monthly,,KG,3.385,3.385,2713.058349609375,xgboost_baseline
PEAR_ABATE,PICNIC,NL-ZH,2026-05-01,2026-05-31,Monthly,,KG,3.385,3.385,2779.700439453125,xgboost_baseline
PEAR_ABATE,PICNIC,NL-ZH,2026-06-01,2026-06-30,Monthly,,KG,3.385,3.385,2773.523681640625,xgboost_baseline
PEAR_ABATE,PICNIC,NL-ZH,2026-07-01,2026-07-31,Monthly,,KG,3.385,3.385,2773.523681640625,xgboost_baseline
PEAR_ABATE,PICNIC,NL-ZH,2026-08-01,2026-08-31,Monthly,,KG,3.385,3.385,2775.717529296875,xgboost_baseline
PEAR_ABATE,PICNIC,NL-ZH,2026-09-01,2026-09-30,Monthly,,KG,3.385,3.385,2775.99755859375,xgboost_baseline
PEAR_ABATE,PICNIC,NL-ZH,2026-10-01,2026-10-31,Monthly,,KG,3.385,3.385,2775.998779296875,xgboost_baseline
PEAR_ABATE,PICNIC,NL-ZH,2026-11-01,2026-11-30,Monthly,,KG,3.385,3.385,2775.71875,xgboost_baseline
PEAR_ABATE,PICNIC,NL-ZH,2026-12-01,2026-12-31,Monthly,,KG,3.385,3.385,2775.71875,xgboost_baseline
PEAR_ABATE,PICNIC,NL-ZH,2027-01-01,2027-01-31,Monthly,,KG,3.385,3.385,2767.79443359375,xgboost_baseline
PEAR_ABATE,PLUS,NL-GE,2026-02-01,2026-02-28,Monthly,,KG,3.073,3.073,2775.64599609375,xgboost_baseline
PEAR_ABATE,PLUS,NL-GE,2026-03-01,2026-03-31,Monthly,,KG,3.073,3.073,2729.774658203125,xgboost_baseline
PEAR_ABATE,PLUS,NL-GE,2026-04-01,2026-04-30,Monthly,,KG,2.30475,3.073,2610.864990234375,xgboost_baseline
PEAR_ABATE,PLUS,NL-GE,2026-05-01,2026-05-31,Monthly,,KG,3.073,3.073,2771.109130859375,xgboost_baseline
PEAR_ABATE,PLUS,NL-GE,2026-06-01,2026-06-30,Monthly,,KG,3.073,3.073,2772.607177734375,xgboost_baseline
PEAR_ABATE,PLUS,NL-GE,2026-07-01,2026-07-31,Monthly,,KG,3.073,3.073,2768.17578125,xgboost_baseline
PEAR_ABATE,PLUS,NL-GE,2026-08-01,2026-08-31,Monthly,,KG,3.073,3.073,3002.817626953125,xgboost_baseline
PEAR_ABATE,PLUS,NL-GE,2026-09-01,2026-09-30,Monthly,,KG,3.073,3.073,2894.545654296875,xgboost_baseline
PEAR_ABATE,PLUS,NL-GE,2026-10-01,2026-10-31,Monthly,,KG,3.073,3.073,2913.812255859375,xgboost_baseline
PEAR_ABATE,PLUS,NL-GE,2026-11-01,2026-11-30,Monthly,,KG,3.073,3.073,2835.464599609375,xgboost_baseline
PEAR_ABATE,PLUS,NL-GE,2026-12-01,2026-12-31,Monthly,,KG,3.073,3.073,2838.734130859375,xgboost_baseline
PEAR_ABATE,PLUS,NL-GE,2027-01-01,2027-01-31,Monthly,,KG,3.073,3.073,2828.441162109375,xgboost_baseline
PEAR_ABATE,PLUS,NL-NB,2026-02-01,2026-02-28,Monthly,,KG,3.114,3.114,2762.007080078125,xgboost_baseline
PEAR_ABATE,PLUS,NL-NB,2026-03-01,2026-03-31,Monthly,,KG,3.114,3.114,2753.846923828125,xgboost_baseline
PEAR_ABATE,PLUS,NL-NB,2026-04-01,2026-04-30,Monthly,,KG,3.114,3.114,2722.274658203125,xgboost_baseline
PEAR_ABATE,PLUS,NL-NB,2026-05-01,2026-05-31,Monthly,,KG,3.114,3.114,2777.40869140625,xgboost_baseline
PEAR_ABATE,PLUS,NL-NB,2026-06-01,2026-06-30,Monthly,,KG,3.114,3.114,2776.651611328125,xgboost_baseline
PEAR_ABATE,PLUS,NL-NB,2026-07-01,2026-07-31,Monthly,,KG,3.114,3.114,2772.617919921875,xgboost_baseline
PEAR_ABATE,PLUS,NL-NB,2026-08-01,2026-08-31,Monthly,,KG,3.114,3.114,2807.676513671875,xgboost_baseline
PEAR_ABATE,PLUS,NL-NB,2026-09-01,2026-09-30,Monthly,,KG,3.114,3.114,3015.93798828125,xgboost_baseline
PEAR_ABATE,PLUS,NL-NB,2026-10-01,2026-10-31,Monthly,,KG,3.114,3.114,3044.53564453125,xgboost_baseline
PEAR_ABATE,PLUS,NL-NB,2026-11-01,2026-11-30,Monthly,,KG,3.114,3.114,3146.99169921875,xgboost_baseline
PEAR_ABATE,PLUS,NL-NB,2026-12-01,2026-12-31,Monthly,,KG,3.114,3.114,2854.546630859375,xgboost_baseline
PEAR_ABATE,PLUS,NL-NB,2027-01-01,2027-01-31,Monthly,,KG,3.114,3.114,2890.875732421875,xgboost_baseline
PEAR_ABATE,PLUS,NL-NH,2026-02-01,2026-02-28,Monthly,,KG,3.287,3.287,2761.003662109375,xgboost_baseline
PEAR_ABATE,PLUS,NL-NH,2026-03-01,2026-03-31,Monthly,,KG,3.287,3.287,2771.52880859375,xgboost_baseline
PEAR_ABATE,PLUS,NL-NH,2026-04-01,2026-04-30,Monthly,,KG,3.287,3.287,2722.26171875,xgboost_baseline
PEAR_ABATE,PLUS,NL-NH,2026-05-01,2026-05-31,Monthly,,KG,3.287,3.287,2777.50830078125,xgboost_baseline
PEAR_ABATE,PLUS,NL-NH,2026-06-01,2026-06-30,Monthly,,KG,3.287,3.287,2777.6748046875,xgboost_baseline
PEAR_ABATE,PLUS,NL-NH,2026-07-01,2026-07-31,Monthly,,KG,3.287,3.287,2772.796630859375,xgboost_baseline
PEAR_ABATE,PLUS,NL-NH,2026-08-01,2026-08-31,Monthly,,KG,3.287,3.287,3002.58251953125,xgboost_baseline
PEAR_ABATE,PLUS,NL-NH,2026-09-01,2026-09-30,Monthly,,KG,3.287,3.287,3125.279541015625,xgboost_baseline
PEAR_ABATE,PLUS,NL-NH,2026-10-01,2026-10-31,Monthly,,KG,3.287,3.287,3199.9580078125,xgboost_baseline
PEAR_ABATE,PLUS,NL-NH,2026-11-01,2026-11-30,Monthly,,KG,3.287,3.287,3153.82373046875,xgboost_baseline
PEAR_ABATE,PLUS,NL-NH,2026-12-01,2026-12-31,Monthly,,KG,3.287,3.287,3003.677734375,xgboost_baseline
PEAR_ABATE,PLUS,NL-NH,2027-01-01,2027-01-31,Monthly,,KG,3.287,3.287,2880.80810546875,xgboost_baseline
PEAR_ABATE,PLUS,NL-ZH,2026-02-01,2026-02-28,Monthly,,KG,3.398,3.398,2757.675537109375,xgboost_baseline
PEAR_ABATE,PLUS,NL-ZH,2026-03-01,2026-03-31,Monthly,,KG,3.398,3.398,2796.72509765625,xgboost_baseline
PEAR_ABATE,PLUS,NL-ZH,2026-04-01,2026-04-30,Monthly,,KG,3.398,3.398,2814.73291015625,xgboost_baseline
PEAR_ABATE,PLUS,NL-ZH,2026-05-01,2026-05-31,Monthly,,KG,3.398,3.398,2820.9453125,xgboost_baseline
PEAR_ABATE,PLUS,NL-ZH,2026-06-01,2026-06-30,Monthly,,KG,3.398,3.398,2838.74755859375,xgboost_baseline
PEAR_ABATE,PLUS,NL-ZH,2026-07-01,2026-07-31,Monthly,,KG,3.398,3.398,2841.775634765625,xgboost_baseline
PEAR_ABATE,PLUS,NL-ZH,2026-08-01,2026-08-31,Monthly,,KG,3.398,3.398,2958.126953125,xgboost_baseline
PEAR_ABATE,PLUS,NL-ZH,2026-09-01,2026-09-30,Monthly,,KG,3.398,3.398,3058.620361328125,xgboost_baseline
PEAR_ABATE,PLUS,NL-ZH,2026-10-01,2026-10-31,Monthly,,KG,3.398,3.398,3146.562255859375,xgboost_baseline
PEAR_ABATE,PLUS,NL-ZH,2026-11-01,2026-11-30,Monthly,,KG,3.398,3.398,3066.486083984375,xgboost_baseline
PEAR_ABATE,PLUS,NL-ZH,2026-12-01,2026-12-31,Monthly,,KG,3.398,3.398,3002.83203125,xgboost_baseline
PEAR_ABATE,PLUS,NL-ZH,2027-01-01,2027-01-31,Monthly,,KG,3.398,3.398,2804.304443359375,xgboost_baseline
PEAR_ABATE,SLIGRO,NL-GE,2026-02-01,2026-02-28,Monthly,,KG,3.074,3.074,2772.614990234375,xgboost_baseline
PEAR_ABATE,SLIGRO,NL-GE,2026-03-01,2026-03-31,Monthly,,KG,3.074,3.074,2713.161865234375,xgboost_baseline
PEAR_ABATE,SLIGRO,NL-GE,2026-04-01,2026-04-30,Monthly,,KG,3.074,3.074,2713.058349609375,xgboost_baseline
PEAR_ABATE,SLIGRO,NL-GE,2026-05-01,2026-05-31,Monthly,,KG,3.074,3.074,2779.700439453125,xgboost_baseline
PEAR_ABATE,SLIGRO,NL-GE,2026-06-01,2026-06-30,Monthly,,KG,3.074,3.074,2773.523681640625,xgboost_baseline
PEAR_ABATE,SLIGRO,NL-GE,2026-07-01,2026-07-31,Monthly,,KG,3.074,3.074,2773.523681640625,xgboost_baseline
PEAR_ABATE,SLIGRO,NL-GE,2026-08-01,2026-08-31,Monthly,,KG,3.074,3.074,2775.717529296875,xgboost_baseline
PEAR_ABATE,SLIGRO,NL-GE,2026-09-01,2026-09-30,Monthly,,KG,3.074,3.074,2775.99755859375,xgboost_baseline
PEAR_ABATE,SLIGRO,NL-GE,2026-10-01,2026-10-31,Monthly,,KG,3.074,3.074,2775.998779296875,xgboost_baseline
PEAR_ABATE,SLIGRO,NL-GE,2026-11-01,2026-11-30,Monthly,,KG,3.074,3.074,2775.71875,xgboost_baseline
PEAR_ABATE,SLIGRO,NL-GE,2026-12-01,2026-12-31,Monthly,,KG,3.074,3.074,2775.71875,xgboost_baseline
PEAR_ABATE,SLIGRO,NL-GE,2027-01-01,2027-01-31,Monthly,,KG,3.074,3.074,2767.79443359375,xgboost_baseline
PEAR_ABATE,SLIGRO,NL-NB,2026-02-01,2026-02-28,Monthly,,KG,3.128,3.128,2772.614990234375,xgboost_baseline
PEAR_ABATE,SLIGRO,NL-NB,2026-03-01,2026-03-31,Monthly,,KG,3.128,3.128,2713.161865234375,xgboost_baseline
PEAR_ABATE,SLIGRO,NL-NB,2026-04-01,2026-04-30,Monthly,,KG,3.128,3.128,2713.058349609375,xgboost_baseline
PEAR_ABATE,SLIGRO,NL-NB,2026-05-01,2026-05-31,Monthly,,KG,3.128,3.128,2779.700439453125,xgboost_baseline
PEAR_ABATE,SLIGRO,NL-NB,2026-06-01,2026-06-30,Monthly,,KG,3.128,3.128,2773.523681640625,xgboost_baseline
PEAR_ABATE,SLIGRO,NL-NB,2026-07-01,2026-07-31,Monthly,,KG,3.128,3.128,2773.523681640625,xgboost_baseline
PEAR_ABATE,SLIGRO,NL-NB,2026-08-01,2026-08-31,Monthly,,KG,3.128,3.128,2775.717529296875,xgboost_baseline
PEAR_ABATE,SLIGRO,NL-NB,2026-09-01,2026-09-30,Monthly,,KG,3.128,3.128,2775.99755859375,xgboost_baseline
PEAR_ABATE,SLIGRO,NL-NB,2026-10-01,2026-10-31,Monthly,,KG,3.128,3.128,2775.998779296875,xgboost_baseline
PEAR_ABATE,SLIGRO,NL-NB,2026-11-01,2026-11-30,Monthly,,KG,3.128,3.128,2775.71875,xgboost_baseline
PEAR_ABATE,SLIGRO,NL-NB,2026-12-01,2026-12-31,Monthly,,KG,3.128,3.128,2775.71875,xgboost_baseline
PEAR_ABATE,SLIGRO,NL-NB,2027-01-01,2027-01-31,Monthly,,KG,3.128,3.128,2767.79443359375,xgboost_baseline
PEAR_ABATE,SLIGRO,NL-NH,2026-02-01,2026-02-28,Monthly,,KG,3.265,3.265,2771.081298828125,xgboost_baseline
PEAR_ABATE,SLIGRO,NL-NH,2026-03-01,2026-03-31,Monthly,,KG,3.265,3.265,2713.161865234375,xgboost_baseline
PEAR_ABATE,SLIGRO,NL-NH,2026-04-01,2026-04-30,Monthly,,KG,3.265,3.265,2713.058349609375,xgboost_baseline
PEAR_ABATE,SLIGRO,NL-NH,2026-05-01,2026-05-31,Monthly,,KG,3.265,3.265,2779.700439453125,xgboost_baseline
PEAR_ABATE,SLIGRO,NL-NH,2026-06-01,2026-06-30,Monthly,,KG,3.265,3.265,2773.523681640625,xgboost_baseline
PEAR_ABATE,SLIGRO,NL-NH,2026-07-01,2026-07-31,Monthly,,KG,3.265,3.265,2773.523681640625,xgboost_baseline
PEAR_ABATE,SLIGRO,NL-NH,2026-08-01,2026-08-31,Monthly,,KG,3.265,3.265,2775.717529296875,xgboost_baseline
PEAR_ABATE,SLIGRO,NL-NH,2026-09-01,2026-09-30,Monthly,,KG,3.265,3.265,2775.99755859375,xgboost_baseline
PEAR_ABATE,SLIGRO,NL-NH,2026-10-01,2026-10-31,Monthly,,KG,3.265,3.265,2775.998779296875,xgboost_baseline
PEAR_ABATE,SLIGRO,NL-NH,2026-11-01,2026-11-30,Monthly,,KG,3.265,3.265,2775.71875,xgboost_baseline
PEAR_ABATE,SLIGRO,NL-NH,2026-12-01,2026-12-31,Monthly,,KG,3.265,3.265,2775.71875,xgboost_baseline
PEAR_ABATE,SLIGRO,NL-NH,2027-01-01,2027-01-31,Monthly,,KG,3.265,3.265,2767.79443359375,xgboost_baseline
PEAR_ABATE,SLIGRO,NL-ZH,2026-02-01,2026-02-28,Monthly,,KG,3.395,3.395,2772.97265625,xgboost_baseline
PEAR_ABATE,SLIGRO,NL-ZH,2026-03-01,2026-03-31,Monthly,,KG,3.395,3.395,2713.161865234375,xgboost_baseline
PEAR_ABATE,SLIGRO,NL-ZH,2026-04-01,2026-04-30,Monthly,,KG,3.395,3.395,2713.058349609375,xgboost_baseline
PEAR_ABATE,SLIGRO,NL-ZH,2026-05-01,2026-05-31,Monthly,,KG,3.395,3.395,2779.700439453125,xgboost_baseline
PEAR_ABATE,SLIGRO,NL-ZH,2026-06-01,2026-06-30,Monthly,,KG,3.395,3.395,2773.523681640625,xgboost_baseline
PEAR_ABATE,SLIGRO,NL-ZH,2026-07-01,2026-07-31,Monthly,,KG,3.395,3.395,2773.523681640625,xgboost_baseline
PEAR_ABATE,SLIGRO,NL-ZH,2026-08-01,2026-08-31,Monthly,,KG,3.395,3.395,2775.717529296875,xgboost_baseline
PEAR_ABATE,SLIGRO,NL-ZH,2026-09-01,2026-09-30,Monthly,,KG,3.395,3.395,2775.99755859375,xgboost_baseline
PEAR_ABATE,SLIGRO,NL-ZH,2026-10-01,2026-10-31,Monthly,,KG,3.395,3.395,2775.998779296875,xgboost_baseline
PEAR_ABATE,SLIGRO,NL-ZH,2026-11-01,2026-11-30,Monthly,,KG,3.395,3.395,2775.71875,xgboost_baseline
PEAR_ABATE,SLIGRO,NL-ZH,2026-12-01,2026-12-31,Monthly,,KG,3.395,3.395,2775.71875,xgboost_baseline
PEAR_ABATE,SLIGRO,NL-ZH,2027-01-01,2027-01-31,Monthly,,KG,3.395,3.395,2767.79443359375,xgboost_baseline
PEAR_COMICE,AH,NL-GE,2026-02-01,2026-02-28,Monthly,,KG,2.992,2.992,2639.67578125,xgboost_baseline
PEAR_COMICE,AH,NL-GE,2026-03-01,2026-03-31,Monthly,,KG,2.992,2.992,2854.654052734375,xgboost_baseline
PEAR_COMICE,AH,NL-GE,2026-04-01,2026-04-30,Monthly,,KG,2.992,2.992,2861.049560546875,xgboost_baseline
PEAR_COMICE,AH,NL-GE,2026-05-01,2026-05-31,Monthly,,KG,2.992,2.992,2827.926025390625,xgboost_baseline
PEAR_COMICE,AH,NL-GE,2026-06-01,2026-06-30,Monthly,,KG,2.992,2.992,2816.631103515625,xgboost_baseline
PEAR_COMICE,AH,NL-GE,2026-07-01,2026-07-31,Monthly,,KG,2.992,2.992,2859.471435546875,xgboost_baseline
PEAR_COMICE,AH,NL-GE,2026-08-01,2026-08-31,Monthly,,KG,2.992,2.992,3053.978759765625,xgboost_baseline
PEAR_COMICE,AH,NL-GE,2026-09-01,2026-09-30,Monthly,,KG,2.992,2.992,3108.3291015625,xgboost_baseline
PEAR_COMICE,AH,NL-GE,2026-10-01,2026-10-31,Monthly,,KG,2.992,2.992,3109.26904296875,xgboost_baseline
PEAR_COMICE,AH,NL-GE,2026-11-01,2026-11-30,Monthly,,KG,2.992,2.992,3045.4814453125,xgboost_baseline
PEAR_COMICE,AH,NL-GE,2026-12-01,2026-12-31,Monthly,,KG,2.75264,2.992,3011.713134765625,xgboost_baseline
PEAR_COMICE,AH,NL-GE,2027-01-01,2027-01-31,Monthly,,KG,2.992,2.992,2821.00732421875,xgboost_baseline
PEAR_COMICE,AH,NL-NB,2026-02-01,2026-02-28,Monthly,,KG,3.206,3.206,2514.182861328125,xgboost_baseline
PEAR_COMICE,AH,NL-NB,2026-03-01,2026-03-31,Monthly,,KG,3.206,3.206,2607.28515625,xgboost_baseline
PEAR_COMICE,AH,NL-NB,2026-04-01,2026-04-30,Monthly,,KG,3.206,3.206,2783.126220703125,xgboost_baseline
PEAR_COMICE,AH,NL-NB,2026-05-01,2026-05-31,Monthly,,KG,3.206,3.206,2766.681396484375,xgboost_baseline
PEAR_COMICE,AH,NL-NB,2026-06-01,2026-06-30,Monthly,,KG,3.206,3.206,2770.51416015625,xgboost_baseline
PEAR_COMICE,AH,NL-NB,2026-07-01,2026-07-31,Monthly,,KG,3.206,3.206,2811.1513671875,xgboost_baseline
PEAR_COMICE,AH,NL-NB,2026-08-01,2026-08-31,Monthly,,KG,3.206,3.206,3051.2333984375,xgboost_baseline
PEAR_COMICE,AH,NL-NB,2026-09-01,2026-09-30,Monthly,,KG,3.206,3.206,3178.657958984375,xgboost_baseline
PEAR_COMICE,AH,NL-NB,2026-10-01,2026-10-31,Monthly,,KG,3.206,3.206,3201.529541015625,xgboost_baseline
PEAR_COMICE,AH,NL-NB,2026-11-01,2026-11-30,Monthly,,KG,3.206,3.206,3056.409912109375,xgboost_baseline
PEAR_COMICE,AH,NL-NB,2026-12-01,2026-12-31,Monthly,,KG,3.206,3.206,3044.158203125,xgboost_baseline
PEAR_COMICE,AH,NL-NB,2027-01-01,2027-01-31,Monthly,,KG,3.206,3.206,2817.950439453125,xgboost_baseline
PEAR_COMICE,AH,NL-NH,2026-02-01,2026-02-28,Monthly,,KG,3.269,3.269,2788.951171875,xgboost_baseline
PEAR_COMICE,AH,NL-NH,2026-03-01,2026-03-31,Monthly,,KG,3.269,3.269,2903.07470703125,xgboost_baseline
PEAR_COMICE,AH,NL-NH,2026-04-01,2026-04-30,Monthly,,KG,3.269,3.269,2813.03271484375,xgboost_baseline
PEAR_COMICE,AH,NL-NH,2026-05-01,2026-05-31,Monthly,,KG,3.269,3.269,2819.18798828125,xgboost_baseline
PEAR_COMICE,AH,NL-NH,2026-06-01,2026-06-30,Monthly,,KG,3.269,3.269,2819.88525390625,xgboost_baseline
PEAR_COMICE,AH,NL-NH,2026-07-01,2026-07-31,Monthly,,KG,3.269,3.269,2859.647216796875,xgboost_baseline
PEAR_COMICE,AH,NL-NH,2026-08-01,2026-08-31,Monthly,,KG,3.269,3.269,3054.24951171875,xgboost_baseline
PEAR_COMICE,AH,NL-NH,2026-09-01,2026-09-30,Monthly,,KG,3.269,3.269,3108.3291015625,xgboost_baseline
PEAR_COMICE,AH,NL-NH,2026-10-01,2026-10-31,Monthly,,KG,3.269,3.269,3198.416259765625,xgboost_baseline
PEAR_COMICE,AH,NL-NH,2026-11-01,2026-11-30,Monthly,,KG,3.269,3.269,3045.373779296875,xgboost_baseline
PEAR_COMICE,AH,NL-NH,2026-12-01,2026-12-31,Monthly,,KG,3.269,3.269,3045.37353515625,xgboost_baseline
PEAR_COMICE,AH,NL-NH,2027-01-01,2027-01-31,Monthly,,KG,2.9421000000000004,3.269,2968.475341796875,xgboost_baseline
PEAR_COMICE,AH,NL-ZH,2026-02-01,2026-02-28,Monthly,,KG,3.353,3.353,2669.99755859375,xgboost_baseline
PEAR_COMICE,AH,NL-ZH,2026-03-01,2026-03-31,Monthly,,KG,3.353,3.353,2617.575927734375,xgboost_baseline
PEAR_COMICE,AH,NL-ZH,2026-04-01,2026-04-30,Monthly,,KG,3.353,3.353,2659.27099609375,xgboost_baseline
PEAR_COMICE,AH,NL-ZH,2026-05-01,2026-05-31,Monthly,,KG,3.353,3.353,2678.98681640625,xgboost_baseline
PEAR_COMICE,AH,NL-ZH,2026-06-01,2026-06-30,Monthly,,KG,3.353,3.353,2663.04833984375,xgboost_baseline
PEAR_COMICE,AH,NL-ZH,2026-07-01,2026-07-31,Monthly,,KG,3.353,3.353,2965.20166015625,xgboost_baseline
PEAR_COMICE,AH,NL-ZH,2026-08-01,2026-08-31,Monthly,,KG,3.353,3.353,3125.400146484375,xgboost_baseline
PEAR_COMICE,AH,NL-ZH,2026-09-01,2026-09-30,Monthly,,KG,3.353,3.353,3144.411376953125,xgboost_baseline
PEAR_COMICE,AH,NL-ZH,2026-10-01,2026-10-31,Monthly,,KG,3.353,3.353,3229.264892578125,xgboost_baseline
PEAR_COMICE,AH,NL-ZH,2026-11-01,2026-11-30,Monthly,,KG,3.353,3.353,3047.356201171875,xgboost_baseline
PEAR_COMICE,AH,NL-ZH,2026-12-01,2026-12-31,Monthly,,KG,3.353,3.353,3043.282470703125,xgboost_baseline
PEAR_COMICE,AH,NL-ZH,2027-01-01,2027-01-31,Monthly,,KG,3.353,3.353,3059.594970703125,xgboost_baseline
PEAR_COMICE,FLINK,NL-GE,2026-02-01,2026-02-28,Monthly,,KG,3.055,3.055,2771.081298828125,xgboost_baseline
PEAR_COMICE,FLINK,NL-GE,2026-03-01,2026-03-31,Monthly,,KG,3.055,3.055,2713.161865234375,xgboost_baseline
PEAR_COMICE,FLINK,NL-GE,2026-04-01,2026-04-30,Monthly,,KG,3.055,3.055,2713.058349609375,xgboost_baseline
PEAR_COMICE,FLINK,NL-GE,2026-05-01,2026-05-31,Monthly,,KG,3.055,3.055,2779.700439453125,xgboost_baseline
PEAR_COMICE,FLINK,NL-GE,2026-06-01,2026-06-30,Monthly,,KG,2.6884,3.055,2773.087646484375,xgboost_baseline
PEAR_COMICE,FLINK,NL-GE,2026-07-01,2026-07-31,Monthly,,KG,3.055,3.055,2773.523681640625,xgboost_baseline
PEAR_COMICE,FLINK,NL-GE,2026-08-01,2026-08-31,Monthly,,KG,3.055,3.055,2775.717529296875,xgboost_baseline
PEAR_COMICE,FLINK,NL-GE,2026-09-01,2026-09-30,Monthly,,KG,3.055,3.055,2775.99755859375,xgboost_baseline
PEAR_COMICE,FLINK,NL-GE,2026-10-01,2026-10-31,Monthly,,KG,3.055,3.055,2775.998779296875,xgboost_baseline
PEAR_COMICE,FLINK,NL-GE,2026-11-01,2026-11-30,Monthly,,KG,3.055,3.055,2775.71875,xgboost_baseline
PEAR_COMICE,FLINK,NL-GE,2026-12-01,2026-12-31,Monthly,,KG,3.055,3.055,2775.71875,xgboost_baseline
PEAR_COMICE,FLINK,NL-GE,2027-01-01,2027-01-31,Monthly,,KG,3.055,3.055,2767.79443359375,xgboost_baseline
PEAR_COMICE,FLINK,NL-NB,2026-02-01,2026-02-28,Monthly,,KG,3.164,3.164,2771.081298828125,xgboost_baseline
PEAR_COMICE,FLINK,NL-NB,2026-03-01,2026-03-31,Monthly,,KG,3.164,3.164,2713.161865234375,xgboost_baseline
PEAR_COMICE,FLINK,NL-NB,2026-04-01,2026-04-30,Monthly,,KG,3.164,3.164,2713.058349609375,xgboost_baseline
PEAR_COMICE,FLINK,NL-NB,2026-05-01,2026-05-31,Monthly,,KG,3.164,3.164,2779.700439453125,xgboost_baseline
PEAR_COMICE,FLINK,NL-NB,2026-06-01,2026-06-30,Monthly,,KG,3.164,3.164,2773.523681640625,xgboost_baseline
PEAR_COMICE,FLINK,NL-NB,2026-07-01,2026-07-31,Monthly,,KG,3.164,3.164,2773.523681640625,xgboost_baseline
PEAR_COMICE,FLINK,NL-NB,2026-08-01,2026-08-31,Monthly,,KG,3.164,3.164,2775.717529296875,xgboost_baseline
PEAR_COMICE,FLINK,NL-NB,2026-09-01,2026-09-30,Monthly,,KG,3.164,3.164,2775.99755859375,xgboost_baseline
PEAR_COMICE,FLINK,NL-NB,2026-10-01,2026-10-31,Monthly,,KG,3.164,3.164,2775.998779296875,xgboost_baseline
PEAR_COMICE,FLINK,NL-NB,2026-11-01,2026-11-30,Monthly,,KG,3.164,3.164,2775.71875,xgboost_baseline
PEAR_COMICE,FLINK,NL-NB,2026-12-01,2026-12-31,Monthly,,KG,3.164,3.164,2775.71875,xgboost_baseline
PEAR_COMICE,FLINK,NL-NB,2027-01-01,2027-01-31,Monthly,,KG,3.164,3.164,2767.79443359375,xgboost_baseline
PEAR_COMICE,FLINK,NL-NH,2026-02-01,2026-02-28,Monthly,,KG,3.285,3.285,2772.614990234375,xgboost_baseline
PEAR_COMICE,FLINK,NL-NH,2026-03-01,2026-03-31,Monthly,,KG,3.285,3.285,2713.161865234375,xgboost_baseline
PEAR_COMICE,FLINK,NL-NH,2026-04-01,2026-04-30,Monthly,,KG,3.285,3.285,2713.058349609375,xgboost_baseline
PEAR_COMICE,FLINK,NL-NH,2026-05-01,2026-05-31,Monthly,,KG,3.285,3.285,2779.700439453125,xgboost_baseline
PEAR_COMICE,FLINK,NL-NH,2026-06-01,2026-06-30,Monthly,,KG,3.285,3.285,2773.523681640625,xgboost_baseline
PEAR_COMICE,FLINK,NL-NH,2026-07-01,2026-07-31,Monthly,,KG,3.285,3.285,2773.523681640625,xgboost_baseline
PEAR_COMICE,FLINK,NL-NH,2026-08-01,2026-08-31,Monthly,,KG,3.285,3.285,2775.717529296875,xgboost_baseline
PEAR_COMICE,FLINK,NL-NH,2026-09-01,2026-09-30,Monthly,,KG,3.285,3.285,2775.99755859375,xgboost_baseline
PEAR_COMICE,FLINK,NL-NH,2026-10-01,2026-10-31,Monthly,,KG,3.285,3.285,2775.998779296875,xgboost_baseline
PEAR_COMICE,FLINK,NL-NH,2026-11-01,2026-11-30,Monthly,,KG,3.285,3.285,2775.71875,xgboost_baseline
PEAR_COMICE,FLINK,NL-NH,2026-12-01,2026-12-31,Monthly,,KG,3.285,3.285,2775.71875,xgboost_baseline
PEAR_COMICE,FLINK,NL-NH,2027-01-01,2027-01-31,Monthly,,KG,3.285,3.285,2767.79443359375,xgboost_baseline
PEAR_COMICE,FLINK,NL-ZH,2026-02-01,2026-02-28,Monthly,,KG,3.387,3.387,2772.614990234375,xgboost_baseline
PEAR_COMICE,FLINK,NL-ZH,2026-03-01,2026-03-31,Monthly,,KG,3.387,3.387,2713.161865234375,xgboost_baseline
PEAR_COMICE,FLINK,NL-ZH,2026-04-01,2026-04-30,Monthly,,KG,3.387,3.387,2713.058349609375,xgboost_baseline
PEAR_COMICE,FLINK,NL-ZH,2026-05-01,2026-05-31,Monthly,,KG,3.387,3.387,2779.700439453125,xgboost_baseline
PEAR_COMICE,FLINK,NL-ZH,2026-06-01,2026-06-30,Monthly,,KG,3.387,3.387,2773.523681640625,xgboost_baseline
PEAR_COMICE,FLINK,NL-ZH,2026-07-01,2026-07-31,Monthly,,KG,3.387,3.387,2773.523681640625,xgboost_baseline
PEAR_COMICE,FLINK,NL-ZH,2026-08-01,2026-08-31,Monthly,,KG,3.387,3.387,2775.717529296875,xgboost_baseline
PEAR_COMICE,FLINK,NL-ZH,2026-09-01,2026-09-30,Monthly,,KG,3.387,3.387,2775.99755859375,xgboost_baseline
PEAR_COMICE,FLINK,NL-ZH,2026-10-01,2026-10-31,Monthly,,KG,3.387,3.387,2775.998779296875,xgboost_baseline
PEAR_COMICE,FLINK,NL-ZH,2026-11-01,2026-11-30,Monthly,,KG,3.387,3.387,2775.71875,xgboost_baseline
PEAR_COMICE,FLINK,NL-ZH,2026-12-01,2026-12-31,Monthly,,KG,3.387,3.387,2775.71875,xgboost_baseline
PEAR_COMICE,FLINK,NL-ZH,2027-01-01,2027-01-31,Monthly,,KG,3.387,3.387,2767.79443359375,xgboost_baseline
PEAR_COMICE,GREENACRES,NL-GE,2026-02-01,2026-02-28,Monthly,,KG,3.087,3.087,2771.081298828125,xgboost_baseline
PEAR_COMICE,GREENACRES,NL-GE,2026-03-01,2026-03-31,Monthly,,KG,3.087,3.087,2713.161865234375,xgboost_baseline
PEAR_COMICE,GREENACRES,NL-GE,2026-04-01,2026-04-30,Monthly,,KG,3.087,3.087,2713.058349609375,xgboost_baseline
PEAR_COMICE,GREENACRES,NL-GE,2026-05-01,2026-05-31,Monthly,,KG,3.087,3.087,2779.700439453125,xgboost_baseline
PEAR_COMICE,GREENACRES,NL-GE,2026-06-01,2026-06-30,Monthly,,KG,3.087,3.087,2773.523681640625,xgboost_baseline
PEAR_COMICE,GREENACRES,NL-GE,2026-07-01,2026-07-31,Monthly,,KG,3.087,3.087,2773.523681640625,xgboost_baseline
PEAR_COMICE,GREENACRES,NL-GE,2026-08-01,2026-08-31,Monthly,,KG,3.087,3.087,2775.717529296875,xgboost_baseline
PEAR_COMICE,GREENACRES,NL-GE,2026-09-01,2026-09-30,Monthly,,KG,3.087,3.087,2775.99755859375,xgboost_baseline
PEAR_COMICE,GREENACRES,NL-GE,2026-10-01,2026-10-31,Monthly,,KG,3.087,3.087,2775.998779296875,xgboost_baseline
PEAR_COMICE,GREENACRES,NL-GE,2026-11-01,2026-11-30,Monthly,,KG,3.087,3.087,2775.71875,xgboost_baseline
PEAR_COMICE,GREENACRES,NL-GE,2026-12-01,2026-12-31,Monthly,,KG,3.087,3.087,2775.71875,xgboost_baseline
PEAR_COMICE,GREENACRES,NL-GE,2027-01-01,2027-01-31,Monthly,,KG,3.087,3.087,2767.79443359375,xgboost_baseline
PEAR_COMICE,GREENACRES,NL-NB,2026-02-01,2026-02-28,Monthly,,KG,3.18,3.18,2772.614990234375,xgboost_baseline
PEAR_COMICE,GREENACRES,NL-NB,2026-03-01,2026-03-31,Monthly,,KG,3.18,3.18,2711.8662109375,xgboost_baseline
PEAR_COMICE,GREENACRES,NL-NB,2026-04-01,2026-04-30,Monthly,,KG,3.18,3.18,2712.407470703125,xgboost_baseline
PEAR_COMICE,GREENACRES,NL-NB,2026-05-01,2026-05-31,Monthly,,KG,3.18,3.18,2779.700439453125,xgboost_baseline
PEAR_COMICE,GREENACRES,NL-NB,2026-06-01,2026-06-30,Monthly,,KG,3.18,3.18,2773.523681640625,xgboost_baseline
PEAR_COMICE,GREENACRES,NL-NB,2026-07-01,2026-07-31,Monthly,,KG,3.18,3.18,2773.523681640625,xgboost_baseline
PEAR_COMICE,GREENACRES,NL-NB,2026-08-01,2026-08-31,Monthly,,KG,3.18,3.18,2775.717529296875,xgboost_baseline
PEAR_COMICE,GREENACRES,NL-NB,2026-09-01,2026-09-30,Monthly,,KG,3.18,3.18,2775.99755859375,xgboost_baseline
PEAR_COMICE,GREENACRES,NL-NB,2026-10-01,2026-10-31,Monthly,,KG,3.18,3.18,2775.998779296875,xgboost_baseline
PEAR_COMICE,GREENACRES,NL-NB,2026-11-01,2026-11-30,Monthly,,KG,3.18,3.18,2775.71875,xgboost_baseline
PEAR_COMICE,GREENACRES,NL-NB,2026-12-01,2026-12-31,Monthly,,KG,3.18,3.18,2775.71875,xgboost_baseline
PEAR_COMICE,GREENACRES,NL-NB,2027-01-01,2027-01-31,Monthly,,KG,3.18,3.18,2770.152587890625,xgboost_baseline
PEAR_COMICE,GREENACRES,NL-NH,2026-02-01,2026-02-28,Monthly,,KG,3.23,3.23,2771.081298828125,xgboost_baseline
PEAR_COMICE,GREENACRES,NL-NH,2026-03-01,2026-03-31,Monthly,,KG,3.23,3.23,2711.86669921875,xgboost_baseline
PEAR_COMICE,GREENACRES,NL-NH,2026-04-01,2026-04-30,Monthly,,KG,3.23,3.23,2712.407470703125,xgboost_baseline
PEAR_COMICE,GREENACRES,NL-NH,2026-05-01,2026-05-31,Monthly,,KG,3.23,3.23,2779.700439453125,xgboost_baseline
PEAR_COMICE,GREENACRES,NL-NH,2026-06-01,2026-06-30,Monthly,,KG,3.23,3.23,2773.523681640625,xgboost_baseline
PEAR_COMICE,GREENACRES,NL-NH,2026-07-01,2026-07-31,Monthly,,KG,3.23,3.23,2771.474609375,xgboost_baseline
PEAR_COMICE,GREENACRES,NL-NH,2026-08-01,2026-08-31,Monthly,,KG,3.23,3.23,2775.717529296875,xgboost_baseline
PEAR_COMICE,GREENACRES,NL-NH,2026-09-01,2026-09-30,Monthly,,KG,3.23,3.23,2775.99755859375,xgboost_baseline
PEAR_COMICE,GREENACRES,NL-NH,2026-10-01,2026-10-31,Monthly,,KG,3.23,3.23,2775.998779296875,xgboost_baseline
PEAR_COMICE,GREENACRES,NL-NH,2026-11-01,2026-11-30,Monthly,,KG,3.23,3.23,2775.71875,xgboost_baseline
PEAR_COMICE,GREENACRES,NL-NH,2026-12-01,2026-12-31,Monthly,,KG,3.23,3.23,2777.89990234375,xgboost_baseline
PEAR_COMICE,GREENACRES,NL-NH,2027-01-01,2027-01-31,Monthly,,KG,3.23,3.23,2770.152587890625,xgboost_baseline
PEAR_COMICE,GREENACRES,NL-ZH,2026-02-01,2026-02-28,Monthly,,KG,3.322,3.322,2771.08935546875,xgboost_baseline
PEAR_COMICE,GREENACRES,NL-ZH,2026-03-01,2026-03-31,Monthly,,KG,3.322,3.322,2711.86669921875,xgboost_baseline
PEAR_COMICE,GREENACRES,NL-ZH,2026-04-01,2026-04-30,Monthly,,KG,3.322,3.322,2712.407470703125,xgboost_baseline
PEAR_COMICE,GREENACRES,NL-ZH,2026-05-01,2026-05-31,Monthly,,KG,3.322,3.322,2779.700439453125,xgboost_baseline
PEAR_COMICE,GREENACRES,NL-ZH,2026-06-01,2026-06-30,Monthly,,KG,3.322,3.322,2773.523681640625,xgboost_baseline
PEAR_COMICE,GREENACRES,NL-ZH,2026-07-01,2026-07-31,Monthly,,KG,3.322,3.322,2773.523681640625,xgboost_baseline
PEAR_COMICE,GREENACRES,NL-ZH,2026-08-01,2026-08-31,Monthly,,KG,3.322,3.322,2775.717529296875,xgboost_baseline
PEAR_COMICE,GREENACRES,NL-ZH,2026-09-01,2026-09-30,Monthly,,KG,3.322,3.322,2775.99755859375,xgboost_baseline
PEAR_COMICE,GREENACRES,NL-ZH,2026-10-01,2026-10-31,Monthly,,KG,3.322,3.322,2775.998779296875,xgboost_baseline
PEAR_COMICE,GREENACRES,NL-ZH,2026-11-01,2026-11-30,Monthly,,KG,3.322,3.322,2775.71875,xgboost_baseline
PEAR_COMICE,GREENACRES,NL-ZH,2026-12-01,2026-12-31,Monthly,,KG,3.322,3.322,2775.71875,xgboost_baseline
PEAR_COMICE,GREENACRES,NL-ZH,2027-01-01,2027-01-31,Monthly,,KG,3.322,3.322,2770.152587890625,xgboost_baseline
PEAR_COMICE,HELLOFRESH,NL-GE,2026-02-01,2026-02-28,Monthly,,KG,2.967,2.967,2771.081298828125,xgboost_baseline
PEAR_COMICE,HELLOFRESH,NL-GE,2026-03-01,2026-03-31,Monthly,,KG,2.967,2.967,2713.161865234375,xgboost_baseline
PEAR_COMICE,HELLOFRESH,NL-GE,2026-04-01,2026-04-30,Monthly,,KG,2.967,2.967,2713.058349609375,xgboost_baseline
PEAR_COMICE,HELLOFRESH,NL-GE,2026-05-01,2026-05-31,Monthly,,KG,2.967,2.967,2779.700439453125,xgboost_baseline
PEAR_COMICE,HELLOFRESH,NL-GE,2026-06-01,2026-06-30,Monthly,,KG,2.967,2.967,2773.523681640625,xgboost_baseline
PEAR_COMICE,HELLOFRESH,NL-GE,2026-07-01,2026-07-31,Monthly,,KG,2.967,2.967,2773.523681640625,xgboost_baseline
PEAR_COMICE,HELLOFRESH,NL-GE,2026-08-01,2026-08-31,Monthly,,KG,2.967,2.967,2775.717529296875,xgboost_baseline
PEAR_COMICE,HELLOFRESH,NL-GE,2026-09-01,2026-09-30,Monthly,,KG,2.967,2.967,2775.99755859375,xgboost_baseline
PEAR_COMICE,HELLOFRESH,NL-GE,2026-10-01,2026-10-31,Monthly,,KG,2.967,2.967,2775.998779296875,xgboost_baseline
PEAR_COMICE,HELLOFRESH,NL-GE,2026-11-01,2026-11-30,Monthly,,KG,2.967,2.967,2775.71875,xgboost_baseline
PEAR_COMICE,HELLOFRESH,NL-GE,2026-12-01,2026-12-31,Monthly,,KG,2.967,2.967,2775.71875,xgboost_baseline
PEAR_COMICE,HELLOFRESH,NL-GE,2027-01-01,2027-01-31,Monthly,,KG,2.967,2.967,2767.79443359375,xgboost_baseline
PEAR_COMICE,HELLOFRESH,NL-NB,2026-02-01,2026-02-28,Monthly,,KG,3.16,3.16,2772.614990234375,xgboost_baseline
PEAR_COMICE,HELLOFRESH,NL-NB,2026-03-01,2026-03-31,Monthly,,KG,3.16,3.16,2713.161865234375,xgboost_baseline
PEAR_COMICE,HELLOFRESH,NL-NB,2026-04-01,2026-04-30,Monthly,,KG,3.16,3.16,2713.058349609375,xgboost_baseline
PEAR_COMICE,HELLOFRESH,NL-NB,2026-05-01,2026-05-31,Monthly,,KG,3.16,3.16,2779.700439453125,xgboost_baseline
PEAR_COMICE,HELLOFRESH,NL-NB,2026-06-01,2026-06-30,Monthly,,KG,3.16,3.16,2773.523681640625,xgboost_baseline
PEAR_COMICE,HELLOFRESH,NL-NB,2026-07-01,2026-07-31,Monthly,,KG,3.16,3.16,2773.523681640625,xgboost_baseline
PEAR_COMICE,HELLOFRESH,NL-NB,2026-08-01,2026-08-31,Monthly,,KG,3.16,3.16,2775.717529296875,xgboost_baseline
PEAR_COMICE,HELLOFRESH,NL-NB,2026-09-01,2026-09-30,Monthly,,KG,3.16,3.16,2775.99755859375,xgboost_baseline
PEAR_COMICE,HELLOFRESH,NL-NB,2026-10-01,2026-10-31,Monthly,,KG,3.16,3.16,2775.998779296875,xgboost_baseline
PEAR_COMICE,HELLOFRESH,NL-NB,2026-11-01,2026-11-30,Monthly,,KG,3.16,3.16,2775.71875,xgboost_baseline
PEAR_COMICE,HELLOFRESH,NL-NB,2026-12-01,2026-12-31,Monthly,,KG,3.16,3.16,2775.71875,xgboost_baseline
PEAR_COMICE,HELLOFRESH,NL-NB,2027-01-01,2027-01-31,Monthly,,KG,3.16,3.16,2767.79443359375,xgboost_baseline
PEAR_COMICE,HELLOFRESH,NL-NH,2026-02-01,2026-02-28,Monthly,,KG,3.249,3.249,2744.369384765625,xgboost_baseline
PEAR_COMICE,HELLOFRESH,NL-NH,2026-03-01,2026-03-31,Monthly,,KG,3.249,3.249,2713.216064453125,xgboost_baseline
PEAR_COMICE,HELLOFRESH,NL-NH,2026-04-01,2026-04-30,Monthly,,KG,3.249,3.249,2713.104248046875,xgboost_baseline
PEAR_COMICE,HELLOFRESH,NL-NH,2026-05-01,2026-05-31,Monthly,,KG,3.249,3.249,2773.572998046875,xgboost_baseline
PEAR_COMICE,HELLOFRESH,NL-NH,2026-06-01,2026-06-30,Monthly,,KG,3.249,3.249,2773.523681640625,xgboost_baseline
PEAR_COMICE,HELLOFRESH,NL-NH,2026-07-01,2026-07-31,Monthly,,KG,3.249,3.249,2773.523681640625,xgboost_baseline
PEAR_COMICE,HELLOFRESH,NL-NH,2026-08-01,2026-08-31,Monthly,,KG,3.249,3.249,2775.99755859375,xgboost_baseline
PEAR_COMICE,HELLOFRESH,NL-NH,2026-09-01,2026-09-30,Monthly,,KG,3.249,3.249,2775.99755859375,xgboost_baseline
PEAR_COMICE,HELLOFRESH,NL-NH,2026-10-01,2026-10-31,Monthly,,KG,3.249,3.249,2775.998779296875,xgboost_baseline
PEAR_COMICE,HELLOFRESH,NL-NH,2026-11-01,2026-11-30,Monthly,,KG,3.249,3.249,2775.71875,xgboost_baseline
PEAR_COMICE,HELLOFRESH,NL-NH,2026-12-01,2026-12-31,Monthly,,KG,3.249,3.249,2775.71875,xgboost_baseline
PEAR_COMICE,HELLOFRESH,NL-NH,2027-01-01,2027-01-31,Monthly,,KG,3.249,3.249,2767.79443359375,xgboost_baseline
PEAR_COMICE,HELLOFRESH,NL-ZH,2026-02-01,2026-02-28,Monthly,,KG,3.374,3.374,2772.614990234375,xgboost_baseline
PEAR_COMICE,HELLOFRESH,NL-ZH,2026-03-01,2026-03-31,Monthly,,KG,3.374,3.374,2713.161865234375,xgboost_baseline
PEAR_COMICE,HELLOFRESH,NL-ZH,2026-04-01,2026-04-30,Monthly,,KG,3.374,3.374,2713.058349609375,xgboost_baseline
PEAR_COMICE,HELLOFRESH,NL-ZH,2026-05-01,2026-05-31,Monthly,,KG,3.374,3.374,2779.700439453125,xgboost_baseline
PEAR_COMICE,HELLOFRESH,NL-ZH,2026-06-01,2026-06-30,Monthly,,KG,3.374,3.374,2773.523681640625,xgboost_baseline
PEAR_COMICE,HELLOFRESH,NL-ZH,2026-07-01,2026-07-31,Monthly,,KG,3.374,3.374,2773.523681640625,xgboost_baseline
PEAR_COMICE,HELLOFRESH,NL-ZH,2026-08-01,2026-08-31,Monthly,,KG,3.374,3.374,2775.717529296875,xgboost_baseline
PEAR_COMICE,HELLOFRESH,NL-ZH,2026-09-01,2026-09-30,Monthly,,KG,3.374,3.374,2775.99755859375,xgboost_baseline
PEAR_COMICE,HELLOFRESH,NL-ZH,2026-10-01,2026-10-31,Monthly,,KG,3.374,3.374,2775.998779296875,xgboost_baseline
PEAR_COMICE,HELLOFRESH,NL-ZH,2026-11-01,2026-11-30,Monthly,,KG,3.374,3.374,2775.71875,xgboost_baseline
PEAR_COMICE,HELLOFRESH,NL-ZH,2026-12-01,2026-12-31,Monthly,,KG,3.374,3.374,2775.71875,xgboost_baseline
PEAR_COMICE,HELLOFRESH,NL-ZH,2027-01-01,2027-01-31,Monthly,,KG,3.374,3.374,2767.79443359375,xgboost_baseline
PEAR_COMICE,HOLLANDFOODSERVICE,NL-GE,2026-02-01,2026-02-28,Monthly,,KG,3.027,3.027,2755.194580078125,xgboost_baseline
PEAR_COMICE,HOLLANDFOODSERVICE,NL-GE,2026-03-01,2026-03-31,Monthly,,KG,3.027,3.027,2711.8662109375,xgboost_baseline
PEAR_COMICE,HOLLANDFOODSERVICE,NL-GE,2026-04-01,2026-04-30,Monthly,,KG,3.027,3.027,2713.058349609375,xgboost_baseline
PEAR_COMICE,HOLLANDFOODSERVICE,NL-GE,2026-05-01,2026-05-31,Monthly,,KG,3.027,3.027,2779.700439453125,xgboost_baseline
PEAR_COMICE,HOLLANDFOODSERVICE,NL-GE,2026-06-01,2026-06-30,Monthly,,KG,3.027,3.027,2773.523681640625,xgboost_baseline
PEAR_COMICE,HOLLANDFOODSERVICE,NL-GE,2026-07-01,2026-07-31,Monthly,,KG,3.027,3.027,2773.523681640625,xgboost_baseline
PEAR_COMICE,HOLLANDFOODSERVICE,NL-GE,2026-08-01,2026-08-31,Monthly,,KG,3.027,3.027,2775.99755859375,xgboost_baseline
PEAR_COMICE,HOLLANDFOODSERVICE,NL-GE,2026-09-01,2026-09-30,Monthly,,KG,3.027,3.027,2775.99755859375,xgboost_baseline
PEAR_COMICE,HOLLANDFOODSERVICE,NL-GE,2026-10-01,2026-10-31,Monthly,,KG,3.027,3.027,2775.998779296875,xgboost_baseline
PEAR_COMICE,HOLLANDFOODSERVICE,NL-GE,2026-11-01,2026-11-30,Monthly,,KG,3.027,3.027,2775.71875,xgboost_baseline
PEAR_COMICE,HOLLANDFOODSERVICE,NL-GE,2026-12-01,2026-12-31,Monthly,,KG,3.027,3.027,2775.71875,xgboost_baseline
PEAR_COMICE,HOLLANDFOODSERVICE,NL-GE,2027-01-01,2027-01-31,Monthly,,KG,3.027,3.027,2769.9755859375,xgboost_baseline
PEAR_COMICE,HOLLANDFOODSERVICE,NL-NB,2026-02-01,2026-02-28,Monthly,,KG,3.178,3.178,2772.614990234375,xgboost_baseline
PEAR_COMICE,HOLLANDFOODSERVICE,NL-NB,2026-03-01,2026-03-31,Monthly,,KG,3.178,3.178,2711.8662109375,xgboost_baseline
PEAR_COMICE,HOLLANDFOODSERVICE,NL-NB,2026-04-01,2026-04-30,Monthly,,KG,3.178,3.178,2712.407470703125,xgboost_baseline
PEAR_COMICE,HOLLANDFOODSERVICE,NL-NB,2026-05-01,2026-05-31,Monthly,,KG,3.178,3.178,2779.700439453125,xgboost_baseline
PEAR_COMICE,HOLLANDFOODSERVICE,NL-NB,2026-06-01,2026-06-30,Monthly,,KG,3.178,3.178,2773.523681640625,xgboost_baseline
PEAR_COMICE,HOLLANDFOODSERVICE,NL-NB,2026-07-01,2026-07-31,Monthly,,KG,3.178,3.178,2773.523681640625,xgboost_baseline
PEAR_COMICE,HOLLANDFOODSERVICE,NL-NB,2026-08-01,2026-08-31,Monthly,,KG,3.178,3.178,2775.717529296875,xgboost_baseline
PEAR_COMICE,HOLLANDFOODSERVICE,NL-NB,2026-09-01,2026-09-30,Monthly,,KG,3.178,3.178,2775.99755859375,xgboost_baseline
PEAR_COMICE,HOLLANDFOODSERVICE,NL-NB,2026-10-01,2026-10-31,Monthly,,KG,3.178,3.178,2775.998779296875,xgboost_baseline
PEAR_COMICE,HOLLANDFOODSERVICE,NL-NB,2026-11-01,2026-11-30,Monthly,,KG,3.178,3.178,2775.71875,xgboost_baseline
PEAR_COMICE,HOLLANDFOODSERVICE,NL-NB,2026-12-01,2026-12-31,Monthly,,KG,3.178,3.178,2775.71875,xgboost_baseline
PEAR_COMICE,HOLLANDFOODSERVICE,NL-NB,2027-01-01,2027-01-31,Monthly,,KG,3.178,3.178,2769.9755859375,xgboost_baseline
PEAR_COMICE,HOLLANDFOODSERVICE,NL-NH,2026-02-01,2026-02-28,Monthly,,KG,3.254,3.254,2772.97265625,xgboost_baseline
PEAR_COMICE,HOLLANDFOODSERVICE,NL-NH,2026-03-01,2026-03-31,Monthly,,KG,3.254,3.254,2711.8662109375,xgboost_baseline
PEAR_COMICE,HOLLANDFOODSERVICE,NL-NH,2026-04-01,2026-04-30,Monthly,,KG,3.254,3.254,2713.058349609375,xgboost_baseline
PEAR_COMICE,HOLLANDFOODSERVICE,NL-NH,2026-05-01,2026-05-31,Monthly,,KG,3.254,3.254,2779.700439453125,xgboost_baseline
PEAR_COMICE,HOLLANDFOODSERVICE,NL-NH,2026-06-01,2026-06-30,Monthly,,KG,3.254,3.254,2773.523681640625,xgboost_baseline
PEAR_COMICE,HOLLANDFOODSERVICE,NL-NH,2026-07-01,2026-07-31,Monthly,,KG,3.254,3.254,2773.523681640625,xgboost_baseline
PEAR_COMICE,HOLLANDFOODSERVICE,NL-NH,2026-08-01,2026-08-31,Monthly,,KG,3.254,3.254,2775.717529296875,xgboost_baseline
PEAR_COMICE,HOLLANDFOODSERVICE,NL-NH,2026-09-01,2026-09-30,Monthly,,KG,3.254,3.254,2775.99755859375,xgboost_baseline
PEAR_COMICE,HOLLANDFOODSERVICE,NL-NH,2026-10-01,2026-10-31,Monthly,,KG,3.254,3.254,2775.998779296875,xgboost_baseline
PEAR_COMICE,HOLLANDFOODSERVICE,NL-NH,2026-11-01,2026-11-30,Monthly,,KG,3.254,3.254,2775.71875,xgboost_baseline
PEAR_COMICE,HOLLANDFOODSERVICE,NL-NH,2026-12-01,2026-12-31,Monthly,,KG,3.254,3.254,2775.71875,xgboost_baseline
PEAR_COMICE,HOLLANDFOODSERVICE,NL-NH,2027-01-01,2027-01-31,Monthly,,KG,3.254,3.254,2769.9755859375,xgboost_baseline
PEAR_COMICE,HOLLANDFOODSERVICE,NL-ZH,2026-02-01,2026-02-28,Monthly,,KG,3.266,3.266,2772.97265625,xgboost_baseline
PEAR_COMICE,HOLLANDFOODSERVICE,NL-ZH,2026-03-01,2026-03-31,Monthly,,KG,3.266,3.266,2711.8662109375,xgboost_baseline
PEAR_COMICE,HOLLANDFOODSERVICE,NL-ZH,2026-04-01,2026-04-30,Monthly,,KG,3.266,3.266,2713.058349609375,xgboost_baseline
PEAR_COMICE,HOLLANDFOODSERVICE,NL-ZH,2026-05-01,2026-05-31,Monthly,,KG,3.266,3.266,2779.700439453125,xgboost_baseline
PEAR_COMICE,HOLLANDFOODSERVICE,NL-ZH,2026-06-01,2026-06-30,Monthly,,KG,3.266,3.266,2773.523681640625,xgboost_baseline
PEAR_COMICE,HOLLANDFOODSERVICE,NL-ZH,2026-07-01,2026-07-31,Monthly,,KG,3.266,3.266,2773.523681640625,xgboost_baseline
PEAR_COMICE,HOLLANDFOODSERVICE,NL-ZH,2026-08-01,2026-08-31,Monthly,,KG,3.266,3.266,2775.717529296875,xgboost_baseline
PEAR_COMICE,HOLLANDFOODSERVICE,NL-ZH,2026-09-01,2026-09-30,Monthly,,KG,3.266,3.266,2775.99755859375,xgboost_baseline
PEAR_COMICE,HOLLANDFOODSERVICE,NL-ZH,2026-10-01,2026-10-31,Monthly,,KG,3.266,3.266,2775.998779296875,xgboost_baseline
PEAR_COMICE,HOLLANDFOODSERVICE,NL-ZH,2026-11-01,2026-11-30,Monthly,,KG,3.266,3.266,2775.71875,xgboost_baseline
PEAR_COMICE,HOLLANDFOODSERVICE,NL-ZH,2026-12-01,2026-12-31,Monthly,,KG,3.266,3.266,2775.71875,xgboost_baseline
PEAR_COMICE,HOLLANDFOODSERVICE,NL-ZH,2027-01-01,2027-01-31,Monthly,,KG,3.266,3.266,2769.9755859375,xgboost_baseline
PEAR_COMICE,JUMBO,NL-GE,2026-02-01,2026-02-28,Monthly,,KG,3.058,3.058,2583.86328125,xgboost_baseline
PEAR_COMICE,JUMBO,NL-GE,2026-03-01,2026-03-31,Monthly,,KG,3.058,3.058,2822.553466796875,xgboost_baseline
PEAR_COMICE,JUMBO,NL-GE,2026-04-01,2026-04-30,Monthly,,KG,3.058,3.058,2828.947265625,xgboost_baseline
PEAR_COMICE,JUMBO,NL-GE,2026-05-01,2026-05-31,Monthly,,KG,3.058,3.058,2826.295166015625,xgboost_baseline
PEAR_COMICE,JUMBO,NL-GE,2026-06-01,2026-06-30,Monthly,,KG,3.058,3.058,2818.52587890625,xgboost_baseline
PEAR_COMICE,JUMBO,NL-GE,2026-07-01,2026-07-31,Monthly,,KG,3.058,3.058,2955.7626953125,xgboost_baseline
PEAR_COMICE,JUMBO,NL-GE,2026-08-01,2026-08-31,Monthly,,KG,3.058,3.058,3058.017822265625,xgboost_baseline
PEAR_COMICE,JUMBO,NL-GE,2026-09-01,2026-09-30,Monthly,,KG,3.058,3.058,3197.9140625,xgboost_baseline
PEAR_COMICE,JUMBO,NL-GE,2026-10-01,2026-10-31,Monthly,,KG,3.058,3.058,3199.119384765625,xgboost_baseline
PEAR_COMICE,JUMBO,NL-GE,2026-11-01,2026-11-30,Monthly,,KG,3.058,3.058,3045.37353515625,xgboost_baseline
PEAR_COMICE,JUMBO,NL-GE,2026-12-01,2026-12-31,Monthly,,KG,3.058,3.058,3041.927978515625,xgboost_baseline
PEAR_COMICE,JUMBO,NL-GE,2027-01-01,2027-01-31,Monthly,,KG,3.058,3.058,2820.818603515625,xgboost_baseline
PEAR_COMICE,JUMBO,NL-NB,2026-02-01,2026-02-28,Monthly,,KG,3.224,3.224,2784.4638671875,xgboost_baseline
PEAR_COMICE,JUMBO,NL-NB,2026-03-01,2026-03-31,Monthly,,KG,3.224,3.224,2857.5224609375,xgboost_baseline
PEAR_COMICE,JUMBO,NL-NB,2026-04-01,2026-04-30,Monthly,,KG,3.224,3.224,2810.502197265625,xgboost_baseline
PEAR_COMICE,JUMBO,NL-NB,2026-05-01,2026-05-31,Monthly,,KG,3.224,3.224,2819.21142578125,xgboost_baseline
PEAR_COMICE,JUMBO,NL-NB,2026-06-01,2026-06-30,Monthly,,KG,3.224,3.224,2815.726318359375,xgboost_baseline
PEAR_COMICE,JUMBO,NL-NB,2026-07-01,2026-07-31,Monthly,,KG,3.224,3.224,2859.7119140625,xgboost_baseline
PEAR_COMICE,JUMBO,NL-NB,2026-08-01,2026-08-31,Monthly,,KG,3.224,3.224,3054.321044921875,xgboost_baseline
PEAR_COMICE,JUMBO,NL-NB,2026-09-01,2026-09-30,Monthly,,KG,3.224,3.224,3108.354736328125,xgboost_baseline
PEAR_COMICE,JUMBO,NL-NB,2026-10-01,2026-10-31,Monthly,,KG,3.224,3.224,3198.436279296875,xgboost_baseline
PEAR_COMICE,JUMBO,NL-NB,2026-11-01,2026-11-30,Monthly,,KG,3.224,3.224,3045.373779296875,xgboost_baseline
PEAR_COMICE,JUMBO,NL-NB,2026-12-01,2026-12-31,Monthly,,KG,3.224,3.224,3044.166259765625,xgboost_baseline
PEAR_COMICE,JUMBO,NL-NB,2027-01-01,2027-01-31,Monthly,,KG,3.224,3.224,2909.699951171875,xgboost_baseline
PEAR_COMICE,JUMBO,NL-NH,2026-02-01,2026-02-28,Monthly,,KG,3.289,3.289,2729.427734375,xgboost_baseline
PEAR_COMICE,JUMBO,NL-NH,2026-03-01,2026-03-31,Monthly,,KG,3.12455,3.289,2887.602294921875,xgboost_baseline
PEAR_COMICE,JUMBO,NL-NH,2026-04-01,2026-04-30,Monthly,,KG,3.12455,3.289,2828.111572265625,xgboost_baseline
PEAR_COMICE,JUMBO,NL-NH,2026-05-01,2026-05-31,Monthly,,KG,3.289,3.289,2812.328369140625,xgboost_baseline
PEAR_COMICE,JUMBO,NL-NH,2026-06-01,2026-06-30,Monthly,,KG,3.289,3.289,2815.170166015625,xgboost_baseline
PEAR_COMICE,JUMBO,NL-NH,2026-07-01,2026-07-31,Monthly,,KG,3.289,3.289,2836.931640625,xgboost_baseline
PEAR_COMICE,JUMBO,NL-NH,2026-08-01,2026-08-31,Monthly,,KG,3.289,3.289,3054.247802734375,xgboost_baseline
PEAR_COMICE,JUMBO,NL-NH,2026-09-01,2026-09-30,Monthly,,KG,3.289,3.289,3108.328857421875,xgboost_baseline
PEAR_COMICE,JUMBO,NL-NH,2026-10-01,2026-10-31,Monthly,,KG,3.289,3.289,3199.46826171875,xgboost_baseline
PEAR_COMICE,JUMBO,NL-NH,2026-11-01,2026-11-30,Monthly,,KG,3.289,3.289,3044.125244140625,xgboost_baseline
PEAR_COMICE,JUMBO,NL-NH,2026-12-01,2026-12-31,Monthly,,KG,3.289,3.289,3044.166259765625,xgboost_baseline
PEAR_COMICE,JUMBO,NL-NH,2027-01-01,2027-01-31,Monthly,,KG,3.289,3.289,2820.818603515625,xgboost_baseline
PEAR_COMICE,JUMBO,NL-ZH,2026-02-01,2026-02-28,Monthly,,KG,3.289,3.289,2681.8134765625,xgboost_baseline
PEAR_COMICE,JUMBO,NL-ZH,2026-03-01,2026-03-31,Monthly,,KG,3.289,3.289,2606.924560546875,xgboost_baseline
PEAR_COMICE,JUMBO,NL-ZH,2026-04-01,2026-04-30,Monthly,,KG,3.289,3.289,2681.0107421875,xgboost_baseline
PEAR_COMICE,JUMBO,NL-ZH,2026-05-01,2026-05-31,Monthly,,KG,3.289,3.289,2628.39794921875,xgboost_baseline
PEAR_COMICE,JUMBO,NL-ZH,2026-06-01,2026-06-30,Monthly,,KG,3.289,3.289,2659.26904296875,xgboost_baseline
PEAR_COMICE,JUMBO,NL-ZH,2026-07-01,2026-07-31,Monthly,,KG,3.289,3.289,2881.284423828125,xgboost_baseline
PEAR_COMICE,JUMBO,NL-ZH,2026-08-01,2026-08-31,Monthly,,KG,3.289,3.289,3086.764892578125,xgboost_baseline
PEAR_COMICE,JUMBO,NL-ZH,2026-09-01,2026-09-30,Monthly,,KG,3.289,3.289,3119.43896484375,xgboost_baseline
PEAR_COMICE,JUMBO,NL-ZH,2026-10-01,2026-10-31,Monthly,,KG,3.289,3.289,3229.403076171875,xgboost_baseline
PEAR_COMICE,JUMBO,NL-ZH,2026-11-01,2026-11-30,Monthly,,KG,3.289,3.289,3047.524169921875,xgboost_baseline
PEAR_COMICE,JUMBO,NL-ZH,2026-12-01,2026-12-31,Monthly,,KG,3.289,3.289,3046.769287109375,xgboost_baseline
PEAR_COMICE,JUMBO,NL-ZH,2027-01-01,2027-01-31,Monthly,,KG,3.289,3.289,3059.594970703125,xgboost_baseline
PEAR_COMICE,MELEDI,NL-GE,2026-02-01,2026-02-28,Monthly,,KG,3.081,3.081,2772.97265625,xgboost_baseline
PEAR_COMICE,MELEDI,NL-GE,2026-03-01,2026-03-31,Monthly,,KG,3.081,3.081,2713.161865234375,xgboost_baseline
PEAR_COMICE,MELEDI,NL-GE,2026-04-01,2026-04-30,Monthly,,KG,3.081,3.081,2713.058349609375,xgboost_baseline
PEAR_COMICE,MELEDI,NL-GE,2026-05-01,2026-05-31,Monthly,,KG,3.081,3.081,2779.700439453125,xgboost_baseline
PEAR_COMICE,MELEDI,NL-GE,2026-06-01,2026-06-30,Monthly,,KG,3.081,3.081,2773.523681640625,xgboost_baseline
PEAR_COMICE,MELEDI,NL-GE,2026-07-01,2026-07-31,Monthly,,KG,3.081,3.081,2773.523681640625,xgboost_baseline
PEAR_COMICE,MELEDI,NL-GE,2026-08-01,2026-08-31,Monthly,,KG,3.081,3.081,2775.717529296875,xgboost_baseline
PEAR_COMICE,MELEDI,NL-GE,2026-09-01,2026-09-30,Monthly,,KG,3.081,3.081,2775.99755859375,xgboost_baseline
PEAR_COMICE,MELEDI,NL-GE,2026-10-01,2026-10-31,Monthly,,KG,3.081,3.081,2775.998779296875,xgboost_baseline
PEAR_COMICE,MELEDI,NL-GE,2026-11-01,2026-11-30,Monthly,,KG,3.081,3.081,2775.71875,xgboost_baseline
PEAR_COMICE,MELEDI,NL-GE,2026-12-01,2026-12-31,Monthly,,KG,3.081,3.081,2775.71875,xgboost_baseline
PEAR_COMICE,MELEDI,NL-GE,2027-01-01,2027-01-31,Monthly,,KG,3.081,3.081,2767.79443359375,xgboost_baseline
PEAR_COMICE,MELEDI,NL-NB,2026-02-01,2026-02-28,Monthly,,KG,3.103,3.103,2771.08935546875,xgboost_baseline
PEAR_COMICE,MELEDI,NL-NB,2026-03-01,2026-03-31,Monthly,,KG,3.103,3.103,2711.8662109375,xgboost_baseline
PEAR_COMICE,MELEDI,NL-NB,2026-04-01,2026-04-30,Monthly,,KG,3.103,3.103,2712.407470703125,xgboost_baseline
PEAR_COMICE,MELEDI,NL-NB,2026-05-01,2026-05-31,Monthly,,KG,3.103,3.103,2779.700439453125,xgboost_baseline
PEAR_COMICE,MELEDI,NL-NB,2026-06-01,2026-06-30,Monthly,,KG,3.103,3.103,2773.523681640625,xgboost_baseline
PEAR_COMICE,MELEDI,NL-NB,2026-07-01,2026-07-31,Monthly,,KG,3.103,3.103,2773.523681640625,xgboost_baseline
PEAR_COMICE,MELEDI,NL-NB,2026-08-01,2026-08-31,Monthly,,KG,3.103,3.103,2775.717529296875,xgboost_baseline
PEAR_COMICE,MELEDI,NL-NB,2026-09-01,2026-09-30,Monthly,,KG,3.103,3.103,2775.99755859375,xgboost_baseline
PEAR_COMICE,MELEDI,NL-NB,2026-10-01,2026-10-31,Monthly,,KG,3.103,3.103,2775.998779296875,xgboost_baseline
PEAR_COMICE,MELEDI,NL-NB,2026-11-01,2026-11-30,Monthly,,KG,3.103,3.103,2775.71875,xgboost_baseline
PEAR_COMICE,MELEDI,NL-NB,2026-12-01,2026-12-31,Monthly,,KG,3.103,3.103,2775.71875,xgboost_baseline
PEAR_COMICE,MELEDI,NL-NB,2027-01-01,2027-01-31,Monthly,,KG,3.103,3.103,2769.9755859375,xgboost_baseline
PEAR_COMICE,MELEDI,NL-NH,2026-02-01,2026-02-28,Monthly,,KG,3.261,3.261,2744.3701171875,xgboost_baseline
PEAR_COMICE,MELEDI,NL-NH,2026-03-01,2026-03-31,Monthly,,KG,3.261,3.261,2711.92041015625,xgboost_baseline
PEAR_COMICE,MELEDI,NL-NH,2026-04-01,2026-04-30,Monthly,,KG,3.261,3.261,2713.104248046875,xgboost_baseline
PEAR_COMICE,MELEDI,NL-NH,2026-05-01,2026-05-31,Monthly,,KG,3.261,3.261,2773.572998046875,xgboost_baseline
PEAR_COMICE,MELEDI,NL-NH,2026-06-01,2026-06-30,Monthly,,KG,3.261,3.261,2773.523681640625,xgboost_baseline
PEAR_COMICE,MELEDI,NL-NH,2026-07-01,2026-07-31,Monthly,,KG,3.261,3.261,2773.523681640625,xgboost_baseline
PEAR_COMICE,MELEDI,NL-NH,2026-08-01,2026-08-31,Monthly,,KG,3.261,3.261,2775.99755859375,xgboost_baseline
PEAR_COMICE,MELEDI,NL-NH,2026-09-01,2026-09-30,Monthly,,KG,3.261,3.261,2775.99755859375,xgboost_baseline
PEAR_COMICE,MELEDI,NL-NH,2026-10-01,2026-10-31,Monthly,,KG,3.261,3.261,2775.998779296875,xgboost_baseline
PEAR_COMICE,MELEDI,NL-NH,2026-11-01,2026-11-30,Monthly,,KG,3.261,3.261,2775.71875,xgboost_baseline
PEAR_COMICE,MELEDI,NL-NH,2026-12-01,2026-12-31,Monthly,,KG,3.261,3.261,2775.71875,xgboost_baseline
PEAR_COMICE,MELEDI,NL-NH,2027-01-01,2027-01-31,Monthly,,KG,3.261,3.261,2767.79443359375,xgboost_baseline
PEAR_COMICE,MELEDI,NL-ZH,2026-02-01,2026-02-28,Monthly,,KG,3.331,3.331,2744.369384765625,xgboost_baseline
PEAR_COMICE,MELEDI,NL-ZH,2026-03-01,2026-03-31,Monthly,,KG,3.331,3.331,2711.9208984375,xgboost_baseline
PEAR_COMICE,MELEDI,NL-ZH,2026-04-01,2026-04-30,Monthly,,KG,3.331,3.331,2711.10546875,xgboost_baseline
PEAR_COMICE,MELEDI,NL-ZH,2026-05-01,2026-05-31,Monthly,,KG,3.331,3.331,2773.572998046875,xgboost_baseline
PEAR_COMICE,MELEDI,NL-ZH,2026-06-01,2026-06-30,Monthly,,KG,3.331,3.331,2773.523681640625,xgboost_baseline
PEAR_COMICE,MELEDI,NL-ZH,2026-07-01,2026-07-31,Monthly,,KG,3.331,3.331,2773.523681640625,xgboost_baseline
PEAR_COMICE,MELEDI,NL-ZH,2026-08-01,2026-08-31,Monthly,,KG,3.331,3.331,2775.99755859375,xgboost_baseline
PEAR_COMICE,MELEDI,NL-ZH,2026-09-01,2026-09-30,Monthly,,KG,3.331,3.331,2775.99755859375,xgboost_baseline
PEAR_COMICE,MELEDI,NL-ZH,2026-10-01,2026-10-31,Monthly,,KG,3.331,3.331,2775.998779296875,xgboost_baseline
PEAR_COMICE,MELEDI,NL-ZH,2026-11-01,2026-11-30,Monthly,,KG,3.331,3.331,2775.71875,xgboost_baseline
PEAR_COMICE,MELEDI,NL-ZH,2026-12-01,2026-12-31,Monthly,,KG,3.331,3.331,2777.8994140625,xgboost_baseline
PEAR_COMICE,MELEDI,NL-ZH,2027-01-01,2027-01-31,Monthly,,KG,3.331,3.331,2769.9755859375,xgboost_baseline
PEAR_COMICE,PICNIC,NL-GE,2026-02-01,2026-02-28,Monthly,,KG,3.106,3.106,2772.97265625,xgboost_baseline
PEAR_COMICE,PICNIC,NL-GE,2026-03-01,2026-03-31,Monthly,,KG,3.106,3.106,2713.161865234375,xgboost_baseline
PEAR_COMICE,PICNIC,NL-GE,2026-04-01,2026-04-30,Monthly,,KG,3.106,3.106,2713.058349609375,xgboost_baseline
PEAR_COMICE,PICNIC,NL-GE,2026-05-01,2026-05-31,Monthly,,KG,3.106,3.106,2779.700439453125,xgboost_baseline
PEAR_COMICE,PICNIC,NL-GE,2026-06-01,2026-06-30,Monthly,,KG,3.106,3.106,2773.523681640625,xgboost_baseline
PEAR_COMICE,PICNIC,NL-GE,2026-07-01,2026-07-31,Monthly,,KG,3.106,3.106,2773.523681640625,xgboost_baseline
PEAR_COMICE,PICNIC,NL-GE,2026-08-01,2026-08-31,Monthly,,KG,3.106,3.106,2775.717529296875,xgboost_baseline
PEAR_COMICE,PICNIC,NL-GE,2026-09-01,2026-09-30,Monthly,,KG,3.106,3.106,2775.99755859375,xgboost_baseline
PEAR_COMICE,PICNIC,NL-GE,2026-10-01,2026-10-31,Monthly,,KG,3.106,3.106,2775.998779296875,xgboost_baseline
PEAR_COMICE,PICNIC,NL-GE,2026-11-01,2026-11-30,Monthly,,KG,3.106,3.106,2775.71875,xgboost_baseline
PEAR_COMICE,PICNIC,NL-GE,2026-12-01,2026-12-31,Monthly,,KG,3.106,3.106,2775.71875,xgboost_baseline
PEAR_COMICE,PICNIC,NL-GE,2027-01-01,2027-01-31,Monthly,,KG,3.106,3.106,2767.79443359375,xgboost_baseline
PEAR_COMICE,PICNIC,NL-NB,2026-02-01,2026-02-28,Monthly,,KG,3.167,3.167,2755.194580078125,xgboost_baseline
PEAR_COMICE,PICNIC,NL-NB,2026-03-01,2026-03-31,Monthly,,KG,3.167,3.167,2713.161865234375,xgboost_baseline
PEAR_COMICE,PICNIC,NL-NB,2026-04-01,2026-04-30,Monthly,,KG,3.167,3.167,2713.058349609375,xgboost_baseline
PEAR_COMICE,PICNIC,NL-NB,2026-05-01,2026-05-31,Monthly,,KG,3.167,3.167,2779.700439453125,xgboost_baseline
PEAR_COMICE,PICNIC,NL-NB,2026-06-01,2026-06-30,Monthly,,KG,3.167,3.167,2773.523681640625,xgboost_baseline
PEAR_COMICE,PICNIC,NL-NB,2026-07-01,2026-07-31,Monthly,,KG,3.167,3.167,2773.523681640625,xgboost_baseline
PEAR_COMICE,PICNIC,NL-NB,2026-08-01,2026-08-31,Monthly,,KG,3.167,3.167,2775.99755859375,xgboost_baseline
PEAR_COMICE,PICNIC,NL-NB,2026-09-01,2026-09-30,Monthly,,KG,3.167,3.167,2775.99755859375,xgboost_baseline
PEAR_COMICE,PICNIC,NL-NB,2026-10-01,2026-10-31,Monthly,,KG,3.167,3.167,2775.998779296875,xgboost_baseline
PEAR_COMICE,PICNIC,NL-NB,2026-11-01,2026-11-30,Monthly,,KG,3.167,3.167,2775.71875,xgboost_baseline
PEAR_COMICE,PICNIC,NL-NB,2026-12-01,2026-12-31,Monthly,,KG,3.167,3.167,2775.71875,xgboost_baseline
PEAR_COMICE,PICNIC,NL-NB,2027-01-01,2027-01-31,Monthly,,KG,3.167,3.167,2767.79443359375,xgboost_baseline
PEAR_COMICE,PICNIC,NL-NH,2026-02-01,2026-02-28,Monthly,,KG,3.265,3.265,2755.194580078125,xgboost_baseline
PEAR_COMICE,PICNIC,NL-NH,2026-03-01,2026-03-31,Monthly,,KG,3.265,3.265,2713.161865234375,xgboost_baseline
PEAR_COMICE,PICNIC,NL-NH,2026-04-01,2026-04-30,Monthly,,KG,3.265,3.265,2713.058349609375,xgboost_baseline
PEAR_COMICE,PICNIC,NL-NH,2026-05-01,2026-05-31,Monthly,,KG,3.265,3.265,2779.700439453125,xgboost_baseline
PEAR_COMICE,PICNIC,NL-NH,2026-06-01,2026-06-30,Monthly,,KG,3.265,3.265,2773.523681640625,xgboost_baseline
PEAR_COMICE,PICNIC,NL-NH,2026-07-01,2026-07-31,Monthly,,KG,3.265,3.265,2773.523681640625,xgboost_baseline
PEAR_COMICE,PICNIC,NL-NH,2026-08-01,2026-08-31,Monthly,,KG,3.265,3.265,2775.99755859375,xgboost_baseline
PEAR_COMICE,PICNIC,NL-NH,2026-09-01,2026-09-30,Monthly,,KG,3.265,3.265,2775.99755859375,xgboost_baseline
PEAR_COMICE,PICNIC,NL-NH,2026-10-01,2026-10-31,Monthly,,KG,3.265,3.265,2775.998779296875,xgboost_baseline
PEAR_COMICE,PICNIC,NL-NH,2026-11-01,2026-11-30,Monthly,,KG,3.265,3.265,2775.71875,xgboost_baseline
PEAR_COMICE,PICNIC,NL-NH,2026-12-01,2026-12-31,Monthly,,KG,3.265,3.265,2775.71875,xgboost_baseline
PEAR_COMICE,PICNIC,NL-NH,2027-01-01,2027-01-31,Monthly,,KG,3.265,3.265,2767.79443359375,xgboost_baseline
PEAR_COMICE,PICNIC,NL-ZH,2026-02-01,2026-02-28,Monthly,,KG,3.344,3.344,2755.194580078125,xgboost_baseline
PEAR_COMICE,PICNIC,NL-ZH,2026-03-01,2026-03-31,Monthly,,KG,3.344,3.344,2713.161865234375,xgboost_baseline
PEAR_COMICE,PICNIC,NL-ZH,2026-04-01,2026-04-30,Monthly,,KG,3.344,3.344,2713.058349609375,xgboost_baseline
PEAR_COMICE,PICNIC,NL-ZH,2026-05-01,2026-05-31,Monthly,,KG,3.344,3.344,2779.700439453125,xgboost_baseline
PEAR_COMICE,PICNIC,NL-ZH,2026-06-01,2026-06-30,Monthly,,KG,3.344,3.344,2773.523681640625,xgboost_baseline
PEAR_COMICE,PICNIC,NL-ZH,2026-07-01,2026-07-31,Monthly,,KG,3.344,3.344,2773.523681640625,xgboost_baseline
PEAR_COMICE,PICNIC,NL-ZH,2026-08-01,2026-08-31,Monthly,,KG,3.344,3.344,2775.99755859375,xgboost_baseline
PEAR_COMICE,PICNIC,NL-ZH,2026-09-01,2026-09-30,Monthly,,KG,3.344,3.344,2775.99755859375,xgboost_baseline
PEAR_COMICE,PICNIC,NL-ZH,2026-10-01,2026-10-31,Monthly,,KG,3.344,3.344,2775.998779296875,xgboost_baseline
PEAR_COMICE,PICNIC,NL-ZH,2026-11-01,2026-11-30,Monthly,,KG,3.344,3.344,2775.71875,xgboost_baseline
PEAR_COMICE,PICNIC,NL-ZH,2026-12-01,2026-12-31,Monthly,,KG,3.344,3.344,2775.71875,xgboost_baseline
PEAR_COMICE,PICNIC,NL-ZH,2027-01-01,2027-01-31,Monthly,,KG,3.344,3.344,2767.79443359375,xgboost_baseline
PEAR_COMICE,PLUS,NL-GE,2026-02-01,2026-02-28,Monthly,,KG,2.8139,2.962,2824.83984375,xgboost_baseline
PEAR_COMICE,PLUS,NL-GE,2026-03-01,2026-03-31,Monthly,,KG,2.962,2.962,2868.717529296875,xgboost_baseline
PEAR_COMICE,PLUS,NL-GE,2026-04-01,2026-04-30,Monthly,,KG,2.962,2.962,2829.60546875,xgboost_baseline
PEAR_COMICE,PLUS,NL-GE,2026-05-01,2026-05-31,Monthly,,KG,2.962,2.962,2838.5703125,xgboost_baseline
PEAR_COMICE,PLUS,NL-GE,2026-06-01,2026-06-30,Monthly,,KG,2.962,2.962,2836.310546875,xgboost_baseline
PEAR_COMICE,PLUS,NL-GE,2026-07-01,2026-07-31,Monthly,,KG,2.962,2.962,2862.377197265625,xgboost_baseline
PEAR_COMICE,PLUS,NL-GE,2026-08-01,2026-08-31,Monthly,,KG,2.962,2.962,3055.404541015625,xgboost_baseline
PEAR_COMICE,PLUS,NL-GE,2026-09-01,2026-09-30,Monthly,,KG,2.962,2.962,3108.3828125,xgboost_baseline
PEAR_COMICE,PLUS,NL-GE,2026-10-01,2026-10-31,Monthly,,KG,2.962,2.962,3109.287353515625,xgboost_baseline
PEAR_COMICE,PLUS,NL-GE,2026-11-01,2026-11-30,Monthly,,KG,2.962,2.962,3002.71923828125,xgboost_baseline
PEAR_COMICE,PLUS,NL-GE,2026-12-01,2026-12-31,Monthly,,KG,2.962,2.962,3003.16259765625,xgboost_baseline
PEAR_COMICE,PLUS,NL-GE,2027-01-01,2027-01-31,Monthly,,KG,2.962,2.962,2800.854736328125,xgboost_baseline
PEAR_COMICE,PLUS,NL-NB,2026-02-01,2026-02-28,Monthly,,KG,3.081,3.081,2783.283447265625,xgboost_baseline
PEAR_COMICE,PLUS,NL-NB,2026-03-01,2026-03-31,Monthly,,KG,3.081,3.081,2824.6591796875,xgboost_baseline
PEAR_COMICE,PLUS,NL-NB,2026-04-01,2026-04-30,Monthly,,KG,3.081,3.081,2812.78125,xgboost_baseline
PEAR_COMICE,PLUS,NL-NB,2026-05-01,2026-05-31,Monthly,,KG,3.081,3.081,2819.03173828125,xgboost_baseline
PEAR_COMICE,PLUS,NL-NB,2026-06-01,2026-06-30,Monthly,,KG,3.081,3.081,2821.3515625,xgboost_baseline
PEAR_COMICE,PLUS,NL-NB,2026-07-01,2026-07-31,Monthly,,KG,3.081,3.081,2859.726806640625,xgboost_baseline
PEAR_COMICE,PLUS,NL-NB,2026-08-01,2026-08-31,Monthly,,KG,3.081,3.081,3054.32080078125,xgboost_baseline
PEAR_COMICE,PLUS,NL-NB,2026-09-01,2026-09-30,Monthly,,KG,3.081,3.081,3197.92138671875,xgboost_baseline
PEAR_COMICE,PLUS,NL-NB,2026-10-01,2026-10-31,Monthly,,KG,3.081,3.081,3201.59814453125,xgboost_baseline
PEAR_COMICE,PLUS,NL-NB,2026-11-01,2026-11-30,Monthly,,KG,3.081,3.081,3045.373779296875,xgboost_baseline
PEAR_COMICE,PLUS,NL-NB,2026-12-01,2026-12-31,Monthly,,KG,3.081,3.081,3041.927978515625,xgboost_baseline
PEAR_COMICE,PLUS,NL-NB,2027-01-01,2027-01-31,Monthly,,KG,3.081,3.081,2909.263916015625,xgboost_baseline
PEAR_COMICE,PLUS,NL-NH,2026-02-01,2026-02-28,Monthly,,KG,3.268,3.268,2632.96875,xgboost_baseline
PEAR_COMICE,PLUS,NL-NH,2026-03-01,2026-03-31,Monthly,,KG,3.268,3.268,2779.221923828125,xgboost_baseline
PEAR_COMICE,PLUS,NL-NH,2026-04-01,2026-04-30,Monthly,,KG,3.268,3.268,2777.360107421875,xgboost_baseline
PEAR_COMICE,PLUS,NL-NH,2026-05-01,2026-05-31,Monthly,,KG,3.268,3.268,2759.086181640625,xgboost_baseline
PEAR_COMICE,PLUS,NL-NH,2026-06-01,2026-06-30,Monthly,,KG,3.268,3.268,2769.674072265625,xgboost_baseline
PEAR_COMICE,PLUS,NL-NH,2026-07-01,2026-07-31,Monthly,,KG,3.268,3.268,2784.974853515625,xgboost_baseline
PEAR_COMICE,PLUS,NL-NH,2026-08-01,2026-08-31,Monthly,,KG,3.268,3.268,3013.98193359375,xgboost_baseline
PEAR_COMICE,PLUS,NL-NH,2026-09-01,2026-09-30,Monthly,,KG,3.268,3.268,3174.815673828125,xgboost_baseline
PEAR_COMICE,PLUS,NL-NH,2026-10-01,2026-10-31,Monthly,,KG,3.268,3.268,3199.82861328125,xgboost_baseline
PEAR_COMICE,PLUS,NL-NH,2026-11-01,2026-11-30,Monthly,,KG,3.268,3.268,3212.57763671875,xgboost_baseline
PEAR_COMICE,PLUS,NL-NH,2026-12-01,2026-12-31,Monthly,,KG,3.268,3.268,3052.866943359375,xgboost_baseline
PEAR_COMICE,PLUS,NL-NH,2027-01-01,2027-01-31,Monthly,,KG,3.268,3.268,2935.84716796875,xgboost_baseline
PEAR_COMICE,PLUS,NL-ZH,2026-02-01,2026-02-28,Monthly,,KG,3.328,3.328,2588.8818359375,xgboost_baseline
PEAR_COMICE,PLUS,NL-ZH,2026-03-01,2026-03-31,Monthly,,KG,3.328,3.328,2617.77490234375,xgboost_baseline
PEAR_COMICE,PLUS,NL-ZH,2026-04-01,2026-04-30,Monthly,,KG,3.328,3.328,2655.50439453125,xgboost_baseline
PEAR_COMICE,PLUS,NL-ZH,2026-05-01,2026-05-31,Monthly,,KG,3.328,3.328,2667.79296875,xgboost_baseline
PEAR_COMICE,PLUS,NL-ZH,2026-06-01,2026-06-30,Monthly,,KG,3.328,3.328,2667.805908203125,xgboost_baseline
PEAR_COMICE,PLUS,NL-ZH,2026-07-01,2026-07-31,Monthly,,KG,3.328,3.328,2995.013427734375,xgboost_baseline
PEAR_COMICE,PLUS,NL-ZH,2026-08-01,2026-08-31,Monthly,,KG,3.328,3.328,3118.542724609375,xgboost_baseline
PEAR_COMICE,PLUS,NL-ZH,2026-09-01,2026-09-30,Monthly,,KG,3.328,3.328,3144.411376953125,xgboost_baseline
PEAR_COMICE,PLUS,NL-ZH,2026-10-01,2026-10-31,Monthly,,KG,3.328,3.328,3057.254638671875,xgboost_baseline
PEAR_COMICE,PLUS,NL-ZH,2026-11-01,2026-11-30,Monthly,,KG,3.328,3.328,3056.32421875,xgboost_baseline
PEAR_COMICE,PLUS,NL-ZH,2026-12-01,2026-12-31,Monthly,,KG,3.328,3.328,3044.063232421875,xgboost_baseline
PEAR_COMICE,PLUS,NL-ZH,2027-01-01,2027-01-31,Monthly,,KG,3.328,3.328,2989.129638671875,xgboost_baseline
PEAR_COMICE,SLIGRO,NL-GE,2026-02-01,2026-02-28,Monthly,,KG,3.025,3.025,2772.97265625,xgboost_baseline
PEAR_COMICE,SLIGRO,NL-GE,2026-03-01,2026-03-31,Monthly,,KG,3.025,3.025,2711.81396484375,xgboost_baseline
PEAR_COMICE,SLIGRO,NL-GE,2026-04-01,2026-04-30,Monthly,,KG,3.025,3.025,2713.058349609375,xgboost_baseline
PEAR_COMICE,SLIGRO,NL-GE,2026-05-01,2026-05-31,Monthly,,KG,3.025,3.025,2779.700439453125,xgboost_baseline
PEAR_COMICE,SLIGRO,NL-GE,2026-06-01,2026-06-30,Monthly,,KG,3.025,3.025,2773.523681640625,xgboost_baseline
PEAR_COMICE,SLIGRO,NL-GE,2026-07-01,2026-07-31,Monthly,,KG,3.025,3.025,2773.523681640625,xgboost_baseline
PEAR_COMICE,SLIGRO,NL-GE,2026-08-01,2026-08-31,Monthly,,KG,3.025,3.025,2775.717529296875,xgboost_baseline
PEAR_COMICE,SLIGRO,NL-GE,2026-09-01,2026-09-30,Monthly,,KG,3.025,3.025,2775.99755859375,xgboost_baseline
PEAR_COMICE,SLIGRO,NL-GE,2026-10-01,2026-10-31,Monthly,,KG,3.025,3.025,2775.998779296875,xgboost_baseline
PEAR_COMICE,SLIGRO,NL-GE,2026-11-01,2026-11-30,Monthly,,KG,3.025,3.025,2775.71875,xgboost_baseline
PEAR_COMICE,SLIGRO,NL-GE,2026-12-01,2026-12-31,Monthly,,KG,3.025,3.025,2775.71875,xgboost_baseline
PEAR_COMICE,SLIGRO,NL-GE,2027-01-01,2027-01-31,Monthly,,KG,3.025,3.025,2769.97509765625,xgboost_baseline
PEAR_COMICE,SLIGRO,NL-NB,2026-02-01,2026-02-28,Monthly,,KG,3.148,3.148,2772.97265625,xgboost_baseline
PEAR_COMICE,SLIGRO,NL-NB,2026-03-01,2026-03-31,Monthly,,KG,3.148,3.148,2711.8662109375,xgboost_baseline
PEAR_COMICE,SLIGRO,NL-NB,2026-04-01,2026-04-30,Monthly,,KG,3.148,3.148,2713.058349609375,xgboost_baseline
PEAR_COMICE,SLIGRO,NL-NB,2026-05-01,2026-05-31,Monthly,,KG,3.148,3.148,2779.700439453125,xgboost_baseline
PEAR_COMICE,SLIGRO,NL-NB,2026-06-01,2026-06-30,Monthly,,KG,3.148,3.148,2773.523681640625,xgboost_baseline
PEAR_COMICE,SLIGRO,NL-NB,2026-07-01,2026-07-31,Monthly,,KG,3.148,3.148,2773.523681640625,xgboost_baseline
PEAR_COMICE,SLIGRO,NL-NB,2026-08-01,2026-08-31,Monthly,,KG,3.148,3.148,2775.717529296875,xgboost_baseline
PEAR_COMICE,SLIGRO,NL-NB,2026-09-01,2026-09-30,Monthly,,KG,3.148,3.148,2775.99755859375,xgboost_baseline
PEAR_COMICE,SLIGRO,NL-NB,2026-10-01,2026-10-31,Monthly,,KG,3.148,3.148,2775.998779296875,xgboost_baseline
PEAR_COMICE,SLIGRO,NL-NB,2026-11-01,2026-11-30,Monthly,,KG,3.148,3.148,2775.71875,xgboost_baseline
PEAR_COMICE,SLIGRO,NL-NB,2026-12-01,2026-12-31,Monthly,,KG,3.148,3.148,2775.71875,xgboost_baseline
PEAR_COMICE,SLIGRO,NL-NB,2027-01-01,2027-01-31,Monthly,,KG,3.148,3.148,2769.9755859375,xgboost_baseline
PEAR_COMICE,SLIGRO,NL-NH,2026-02-01,2026-02-28,Monthly,,KG,3.204,3.204,2772.97265625,xgboost_baseline
PEAR_COMICE,SLIGRO,NL-NH,2026-03-01,2026-03-31,Monthly,,KG,3.204,3.204,2711.8662109375,xgboost_baseline
PEAR_COMICE,SLIGRO,NL-NH,2026-04-01,2026-04-30,Monthly,,KG,3.204,3.204,2713.058349609375,xgboost_baseline
PEAR_COMICE,SLIGRO,NL-NH,2026-05-01,2026-05-31,Monthly,,KG,3.204,3.204,2779.700439453125,xgboost_baseline
PEAR_COMICE,SLIGRO,NL-NH,2026-06-01,2026-06-30,Monthly,,KG,3.204,3.204,2773.523681640625,xgboost_baseline
PEAR_COMICE,SLIGRO,NL-NH,2026-07-01,2026-07-31,Monthly,,KG,3.204,3.204,2773.523681640625,xgboost_baseline
PEAR_COMICE,SLIGRO,NL-NH,2026-08-01,2026-08-31,Monthly,,KG,3.204,3.204,2775.717529296875,xgboost_baseline
PEAR_COMICE,SLIGRO,NL-NH,2026-09-01,2026-09-30,Monthly,,KG,3.204,3.204,2775.99755859375,xgboost_baseline
PEAR_COMICE,SLIGRO,NL-NH,2026-10-01,2026-10-31,Monthly,,KG,3.204,3.204,2775.998779296875,xgboost_baseline
PEAR_COMICE,SLIGRO,NL-NH,2026-11-01,2026-11-30,Monthly,,KG,3.204,3.204,2775.71875,xgboost_baseline
PEAR_COMICE,SLIGRO,NL-NH,2026-12-01,2026-12-31,Monthly,,KG,3.204,3.204,2775.71875,xgboost_baseline
PEAR_COMICE,SLIGRO,NL-NH,2027-01-01,2027-01-31,Monthly,,KG,3.204,3.204,2769.97509765625,xgboost_baseline
PEAR_COMICE,SLIGRO,NL-ZH,2026-02-01,2026-02-28,Monthly,,KG,3.272,3.272,2772.97265625,xgboost_baseline
PEAR_COMICE,SLIGRO,NL-ZH,2026-03-01,2026-03-31,Monthly,,KG,3.272,3.272,2711.8662109375,xgboost_baseline
PEAR_COMICE,SLIGRO,NL-ZH,2026-04-01,2026-04-30,Monthly,,KG,3.272,3.272,2712.407470703125,xgboost_baseline
PEAR_COMICE,SLIGRO,NL-ZH,2026-05-01,2026-05-31,Monthly,,KG,3.272,3.272,2779.700439453125,xgboost_baseline
PEAR_COMICE,SLIGRO,NL-ZH,2026-06-01,2026-06-30,Monthly,,KG,3.272,3.272,2773.523681640625,xgboost_baseline
PEAR_COMICE,SLIGRO,NL-ZH,2026-07-01,2026-07-31,Monthly,,KG,2.7811999999999997,3.272,2773.087646484375,xgboost_baseline
PEAR_COMICE,SLIGRO,NL-ZH,2026-08-01,2026-08-31,Monthly,,KG,3.272,3.272,2775.717529296875,xgboost_baseline
PEAR_COMICE,SLIGRO,NL-ZH,2026-09-01,2026-09-30,Monthly,,KG,3.272,3.272,2775.99755859375,xgboost_baseline
PEAR_COMICE,SLIGRO,NL-ZH,2026-10-01,2026-10-31,Monthly,,KG,3.272,3.272,2775.998779296875,xgboost_baseline
PEAR_COMICE,SLIGRO,NL-ZH,2026-11-01,2026-11-30,Monthly,,KG,3.272,3.272,2775.71875,xgboost_baseline
PEAR_COMICE,SLIGRO,NL-ZH,2026-12-01,2026-12-31,Monthly,,KG,3.272,3.272,2775.71875,xgboost_baseline
PEAR_COMICE,SLIGRO,NL-ZH,2027-01-01,2027-01-31,Monthly,,KG,3.272,3.272,2769.9755859375,xgboost_baseline
PEAR_CONFERENCE,AH,NL-GE,2026-02-01,2026-02-28,Monthly,,KG,2.979,2.979,2757.208984375,xgboost_baseline
PEAR_CONFERENCE,AH,NL-GE,2026-03-01,2026-03-31,Monthly,,KG,2.979,2.979,2754.535400390625,xgboost_baseline
PEAR_CONFERENCE,AH,NL-GE,2026-04-01,2026-04-30,Monthly,,KG,2.979,2.979,2748.60888671875,xgboost_baseline
PEAR_CONFERENCE,AH,NL-GE,2026-05-01,2026-05-31,Monthly,,KG,2.979,2.979,2775.3310546875,xgboost_baseline
PEAR_CONFERENCE,AH,NL-GE,2026-06-01,2026-06-30,Monthly,,KG,2.979,2.979,2776.58544921875,xgboost_baseline
PEAR_CONFERENCE,AH,NL-GE,2026-07-01,2026-07-31,Monthly,,KG,2.979,2.979,2772.71826171875,xgboost_baseline
PEAR_CONFERENCE,AH,NL-GE,2026-08-01,2026-08-31,Monthly,,KG,2.979,2.979,3007.628662109375,xgboost_baseline
PEAR_CONFERENCE,AH,NL-GE,2026-09-01,2026-09-30,Monthly,,KG,2.979,2.979,3125.56005859375,xgboost_baseline
PEAR_CONFERENCE,AH,NL-GE,2026-10-01,2026-10-31,Monthly,,KG,2.979,2.979,2933.369140625,xgboost_baseline
PEAR_CONFERENCE,AH,NL-GE,2026-11-01,2026-11-30,Monthly,,KG,2.979,2.979,2924.455078125,xgboost_baseline
PEAR_CONFERENCE,AH,NL-GE,2026-12-01,2026-12-31,Monthly,,KG,2.979,2.979,2921.96337890625,xgboost_baseline
PEAR_CONFERENCE,AH,NL-GE,2027-01-01,2027-01-31,Monthly,,KG,2.979,2.979,2825.304443359375,xgboost_baseline
PEAR_CONFERENCE,AH,NL-NB,2026-02-01,2026-02-28,Monthly,,KG,3.138,3.138,2810.306640625,xgboost_baseline
PEAR_CONFERENCE,AH,NL-NB,2026-03-01,2026-03-31,Monthly,,KG,3.138,3.138,2847.584716796875,xgboost_baseline
PEAR_CONFERENCE,AH,NL-NB,2026-04-01,2026-04-30,Monthly,,KG,2.9810999999999996,3.138,2813.88427734375,xgboost_baseline
PEAR_CONFERENCE,AH,NL-NB,2026-05-01,2026-05-31,Monthly,,KG,3.138,3.138,2836.592041015625,xgboost_baseline
PEAR_CONFERENCE,AH,NL-NB,2026-06-01,2026-06-30,Monthly,,KG,3.138,3.138,2838.98779296875,xgboost_baseline
PEAR_CONFERENCE,AH,NL-NB,2026-07-01,2026-07-31,Monthly,,KG,3.138,3.138,2841.697021484375,xgboost_baseline
PEAR_CONFERENCE,AH,NL-NB,2026-08-01,2026-08-31,Monthly,,KG,3.138,3.138,2859.202880859375,xgboost_baseline
PEAR_CONFERENCE,AH,NL-NB,2026-09-01,2026-09-30,Monthly,,KG,3.138,3.138,3025.284423828125,xgboost_baseline
PEAR_CONFERENCE,AH,NL-NB,2026-10-01,2026-10-31,Monthly,,KG,3.138,3.138,3192.774169921875,xgboost_baseline
PEAR_CONFERENCE,AH,NL-NB,2026-11-01,2026-11-30,Monthly,,KG,3.138,3.138,3110.139892578125,xgboost_baseline
PEAR_CONFERENCE,AH,NL-NB,2026-12-01,2026-12-31,Monthly,,KG,3.138,3.138,3005.46337890625,xgboost_baseline
PEAR_CONFERENCE,AH,NL-NB,2027-01-01,2027-01-31,Monthly,,KG,3.138,3.138,2803.720458984375,xgboost_baseline
PEAR_CONFERENCE,AH,NL-NH,2026-02-01,2026-02-28,Monthly,,KG,3.251,3.251,2781.67626953125,xgboost_baseline
PEAR_CONFERENCE,AH,NL-NH,2026-03-01,2026-03-31,Monthly,,KG,3.251,3.251,2777.48046875,xgboost_baseline
PEAR_CONFERENCE,AH,NL-NH,2026-04-01,2026-04-30,Monthly,,KG,3.251,3.251,2743.5078125,xgboost_baseline
PEAR_CONFERENCE,AH,NL-NH,2026-05-01,2026-05-31,Monthly,,KG,3.251,3.251,2777.50927734375,xgboost_baseline
PEAR_CONFERENCE,AH,NL-NH,2026-06-01,2026-06-30,Monthly,,KG,3.251,3.251,2777.392822265625,xgboost_baseline
PEAR_CONFERENCE,AH,NL-NH,2026-07-01,2026-07-31,Monthly,,KG,3.251,3.251,2772.718017578125,xgboost_baseline
PEAR_CONFERENCE,AH,NL-NH,2026-08-01,2026-08-31,Monthly,,KG,3.251,3.251,3002.58251953125,xgboost_baseline
PEAR_CONFERENCE,AH,NL-NH,2026-09-01,2026-09-30,Monthly,,KG,3.251,3.251,3174.705322265625,xgboost_baseline
PEAR_CONFERENCE,AH,NL-NH,2026-10-01,2026-10-31,Monthly,,KG,3.251,3.251,3199.69482421875,xgboost_baseline
PEAR_CONFERENCE,AH,NL-NH,2026-11-01,2026-11-30,Monthly,,KG,3.251,3.251,3075.616943359375,xgboost_baseline
PEAR_CONFERENCE,AH,NL-NH,2026-12-01,2026-12-31,Monthly,,KG,2.9259,3.251,3011.640869140625,xgboost_baseline
PEAR_CONFERENCE,AH,NL-NH,2027-01-01,2027-01-31,Monthly,,KG,3.251,3.251,2817.97314453125,xgboost_baseline
PEAR_CONFERENCE,AH,NL-ZH,2026-02-01,2026-02-28,Monthly,,KG,3.344,3.344,2765.03173828125,xgboost_baseline
PEAR_CONFERENCE,AH,NL-ZH,2026-03-01,2026-03-31,Monthly,,KG,3.344,3.344,2835.039794921875,xgboost_baseline
PEAR_CONFERENCE,AH,NL-ZH,2026-04-01,2026-04-30,Monthly,,KG,3.344,3.344,2829.3681640625,xgboost_baseline
PEAR_CONFERENCE,AH,NL-ZH,2026-05-01,2026-05-31,Monthly,,KG,3.344,3.344,2821.02783203125,xgboost_baseline
PEAR_CONFERENCE,AH,NL-ZH,2026-06-01,2026-06-30,Monthly,,KG,3.07648,3.344,2816.776123046875,xgboost_baseline
PEAR_CONFERENCE,AH,NL-ZH,2026-07-01,2026-07-31,Monthly,,KG,3.344,3.344,2839.50341796875,xgboost_baseline
PEAR_CONFERENCE,AH,NL-ZH,2026-08-01,2026-08-31,Monthly,,KG,3.344,3.344,3054.314453125,xgboost_baseline
PEAR_CONFERENCE,AH,NL-ZH,2026-09-01,2026-09-30,Monthly,,KG,3.344,3.344,3108.404052734375,xgboost_baseline
PEAR_CONFERENCE,AH,NL-ZH,2026-10-01,2026-10-31,Monthly,,KG,3.344,3.344,3109.4580078125,xgboost_baseline
PEAR_CONFERENCE,AH,NL-ZH,2026-11-01,2026-11-30,Monthly,,KG,3.344,3.344,3045.47412109375,xgboost_baseline
PEAR_CONFERENCE,AH,NL-ZH,2026-12-01,2026-12-31,Monthly,,KG,3.344,3.344,3044.2255859375,xgboost_baseline
PEAR_CONFERENCE,AH,NL-ZH,2027-01-01,2027-01-31,Monthly,,KG,3.344,3.344,2800.69482421875,xgboost_baseline
PEAR_CONFERENCE,FLINK,NL-GE,2026-02-01,2026-02-28,Monthly,,KG,3.012,3.012,2771.081298828125,xgboost_baseline
PEAR_CONFERENCE,FLINK,NL-GE,2026-03-01,2026-03-31,Monthly,,KG,3.012,3.012,2713.161865234375,xgboost_baseline
PEAR_CONFERENCE,FLINK,NL-GE,2026-04-01,2026-04-30,Monthly,,KG,3.012,3.012,2713.058349609375,xgboost_baseline
PEAR_CONFERENCE,FLINK,NL-GE,2026-05-01,2026-05-31,Monthly,,KG,3.012,3.012,2779.700439453125,xgboost_baseline
PEAR_CONFERENCE,FLINK,NL-GE,2026-06-01,2026-06-30,Monthly,,KG,3.012,3.012,2773.523681640625,xgboost_baseline
PEAR_CONFERENCE,FLINK,NL-GE,2026-07-01,2026-07-31,Monthly,,KG,3.012,3.012,2773.523681640625,xgboost_baseline
PEAR_CONFERENCE,FLINK,NL-GE,2026-08-01,2026-08-31,Monthly,,KG,3.012,3.012,2775.717529296875,xgboost_baseline
PEAR_CONFERENCE,FLINK,NL-GE,2026-09-01,2026-09-30,Monthly,,KG,3.012,3.012,2775.99755859375,xgboost_baseline
PEAR_CONFERENCE,FLINK,NL-GE,2026-10-01,2026-10-31,Monthly,,KG,3.012,3.012,2775.998779296875,xgboost_baseline
PEAR_CONFERENCE,FLINK,NL-GE,2026-11-01,2026-11-30,Monthly,,KG,3.012,3.012,2775.71875,xgboost_baseline
PEAR_CONFERENCE,FLINK,NL-GE,2026-12-01,2026-12-31,Monthly,,KG,3.012,3.012,2775.71875,xgboost_baseline
PEAR_CONFERENCE,FLINK,NL-GE,2027-01-01,2027-01-31,Monthly,,KG,3.012,3.012,2767.79443359375,xgboost_baseline
PEAR_CONFERENCE,FLINK,NL-NB,2026-02-01,2026-02-28,Monthly,,KG,3.149,3.149,2771.099853515625,xgboost_baseline
PEAR_CONFERENCE,FLINK,NL-NB,2026-03-01,2026-03-31,Monthly,,KG,3.149,3.149,2713.161865234375,xgboost_baseline
PEAR_CONFERENCE,FLINK,NL-NB,2026-04-01,2026-04-30,Monthly,,KG,3.149,3.149,2713.058349609375,xgboost_baseline
PEAR_CONFERENCE,FLINK,NL-NB,2026-05-01,2026-05-31,Monthly,,KG,3.149,3.149,2779.700439453125,xgboost_baseline
PEAR_CONFERENCE,FLINK,NL-NB,2026-06-01,2026-06-30,Monthly,,KG,3.149,3.149,2773.523681640625,xgboost_baseline
PEAR_CONFERENCE,FLINK,NL-NB,2026-07-01,2026-07-31,Monthly,,KG,3.149,3.149,2773.523681640625,xgboost_baseline
PEAR_CONFERENCE,FLINK,NL-NB,2026-08-01,2026-08-31,Monthly,,KG,3.149,3.149,2775.717529296875,xgboost_baseline
PEAR_CONFERENCE,FLINK,NL-NB,2026-09-01,2026-09-30,Monthly,,KG,3.149,3.149,2775.99755859375,xgboost_baseline
PEAR_CONFERENCE,FLINK,NL-NB,2026-10-01,2026-10-31,Monthly,,KG,3.149,3.149,2775.998779296875,xgboost_baseline
PEAR_CONFERENCE,FLINK,NL-NB,2026-11-01,2026-11-30,Monthly,,KG,3.149,3.149,2775.71875,xgboost_baseline
PEAR_CONFERENCE,FLINK,NL-NB,2026-12-01,2026-12-31,Monthly,,KG,3.149,3.149,2775.71875,xgboost_baseline
PEAR_CONFERENCE,FLINK,NL-NB,2027-01-01,2027-01-31,Monthly,,KG,3.149,3.149,2767.79443359375,xgboost_baseline
PEAR_CONFERENCE,FLINK,NL-NH,2026-02-01,2026-02-28,Monthly,,KG,3.27,3.27,2772.614990234375,xgboost_baseline
PEAR_CONFERENCE,FLINK,NL-NH,2026-03-01,2026-03-31,Monthly,,KG,3.27,3.27,2713.161865234375,xgboost_baseline
PEAR_CONFERENCE,FLINK,NL-NH,2026-04-01,2026-04-30,Monthly,,KG,3.27,3.27,2713.058349609375,xgboost_baseline
PEAR_CONFERENCE,FLINK,NL-NH,2026-05-01,2026-05-31,Monthly,,KG,3.27,3.27,2779.700439453125,xgboost_baseline
PEAR_CONFERENCE,FLINK,NL-NH,2026-06-01,2026-06-30,Monthly,,KG,3.27,3.27,2773.523681640625,xgboost_baseline
PEAR_CONFERENCE,FLINK,NL-NH,2026-07-01,2026-07-31,Monthly,,KG,3.27,3.27,2773.523681640625,xgboost_baseline
PEAR_CONFERENCE,FLINK,NL-NH,2026-08-01,2026-08-31,Monthly,,KG,3.27,3.27,2775.717529296875,xgboost_baseline
PEAR_CONFERENCE,FLINK,NL-NH,2026-09-01,2026-09-30,Monthly,,KG,3.27,3.27,2775.99755859375,xgboost_baseline
PEAR_CONFERENCE,FLINK,NL-NH,2026-10-01,2026-10-31,Monthly,,KG,3.27,3.27,2775.998779296875,xgboost_baseline
PEAR_CONFERENCE,FLINK,NL-NH,2026-11-01,2026-11-30,Monthly,,KG,3.27,3.27,2775.71875,xgboost_baseline
PEAR_CONFERENCE,FLINK,NL-NH,2026-12-01,2026-12-31,Monthly,,KG,3.27,3.27,2775.71875,xgboost_baseline
PEAR_CONFERENCE,FLINK,NL-NH,2027-01-01,2027-01-31,Monthly,,KG,3.27,3.27,2767.79443359375,xgboost_baseline
PEAR_CONFERENCE,FLINK,NL-ZH,2026-02-01,2026-02-28,Monthly,,KG,2.6816,3.352,2762.960205078125,xgboost_baseline
PEAR_CONFERENCE,FLINK,NL-ZH,2026-03-01,2026-03-31,Monthly,,KG,3.352,3.352,2713.161865234375,xgboost_baseline
PEAR_CONFERENCE,FLINK,NL-ZH,2026-04-01,2026-04-30,Monthly,,KG,3.352,3.352,2713.058349609375,xgboost_baseline
PEAR_CONFERENCE,FLINK,NL-ZH,2026-05-01,2026-05-31,Monthly,,KG,3.352,3.352,2779.700439453125,xgboost_baseline
PEAR_CONFERENCE,FLINK,NL-ZH,2026-06-01,2026-06-30,Monthly,,KG,3.352,3.352,2773.523681640625,xgboost_baseline
PEAR_CONFERENCE,FLINK,NL-ZH,2026-07-01,2026-07-31,Monthly,,KG,3.352,3.352,2773.523681640625,xgboost_baseline
PEAR_CONFERENCE,FLINK,NL-ZH,2026-08-01,2026-08-31,Monthly,,KG,3.352,3.352,2775.717529296875,xgboost_baseline
PEAR_CONFERENCE,FLINK,NL-ZH,2026-09-01,2026-09-30,Monthly,,KG,3.352,3.352,2775.99755859375,xgboost_baseline
PEAR_CONFERENCE,FLINK,NL-ZH,2026-10-01,2026-10-31,Monthly,,KG,3.352,3.352,2775.998779296875,xgboost_baseline
PEAR_CONFERENCE,FLINK,NL-ZH,2026-11-01,2026-11-30,Monthly,,KG,3.352,3.352,2775.71875,xgboost_baseline
PEAR_CONFERENCE,FLINK,NL-ZH,2026-12-01,2026-12-31,Monthly,,KG,3.352,3.352,2775.71875,xgboost_baseline
PEAR_CONFERENCE,FLINK,NL-ZH,2027-01-01,2027-01-31,Monthly,,KG,3.352,3.352,2767.79443359375,xgboost_baseline
PEAR_CONFERENCE,GREENACRES,NL-GE,2026-02-01,2026-02-28,Monthly,,KG,3.065,3.065,2771.081298828125,xgboost_baseline
PEAR_CONFERENCE,GREENACRES,NL-GE,2026-03-01,2026-03-31,Monthly,,KG,3.065,3.065,2713.161865234375,xgboost_baseline
PEAR_CONFERENCE,GREENACRES,NL-GE,2026-04-01,2026-04-30,Monthly,,KG,3.065,3.065,2713.058349609375,xgboost_baseline
PEAR_CONFERENCE,GREENACRES,NL-GE,2026-05-01,2026-05-31,Monthly,,KG,3.065,3.065,2779.700439453125,xgboost_baseline
PEAR_CONFERENCE,GREENACRES,NL-GE,2026-06-01,2026-06-30,Monthly,,KG,3.065,3.065,2773.523681640625,xgboost_baseline
PEAR_CONFERENCE,GREENACRES,NL-GE,2026-07-01,2026-07-31,Monthly,,KG,3.065,3.065,2773.523681640625,xgboost_baseline
PEAR_CONFERENCE,GREENACRES,NL-GE,2026-08-01,2026-08-31,Monthly,,KG,3.065,3.065,2775.717529296875,xgboost_baseline
PEAR_CONFERENCE,GREENACRES,NL-GE,2026-09-01,2026-09-30,Monthly,,KG,3.065,3.065,2775.99755859375,xgboost_baseline
PEAR_CONFERENCE,GREENACRES,NL-GE,2026-10-01,2026-10-31,Monthly,,KG,3.065,3.065,2775.998779296875,xgboost_baseline
PEAR_CONFERENCE,GREENACRES,NL-GE,2026-11-01,2026-11-30,Monthly,,KG,3.065,3.065,2775.71875,xgboost_baseline
PEAR_CONFERENCE,GREENACRES,NL-GE,2026-12-01,2026-12-31,Monthly,,KG,3.065,3.065,2775.71875,xgboost_baseline
PEAR_CONFERENCE,GREENACRES,NL-GE,2027-01-01,2027-01-31,Monthly,,KG,3.065,3.065,2767.79443359375,xgboost_baseline
PEAR_CONFERENCE,GREENACRES,NL-NB,2026-02-01,2026-02-28,Monthly,,KG,3.25,3.25,2772.97265625,xgboost_baseline
PEAR_CONFERENCE,GREENACRES,NL-NB,2026-03-01,2026-03-31,Monthly,,KG,3.25,3.25,2713.161865234375,xgboost_baseline
PEAR_CONFERENCE,GREENACRES,NL-NB,2026-04-01,2026-04-30,Monthly,,KG,3.25,3.25,2713.058349609375,xgboost_baseline
PEAR_CONFERENCE,GREENACRES,NL-NB,2026-05-01,2026-05-31,Monthly,,KG,3.25,3.25,2779.700439453125,xgboost_baseline
PEAR_CONFERENCE,GREENACRES,NL-NB,2026-06-01,2026-06-30,Monthly,,KG,3.25,3.25,2773.523681640625,xgboost_baseline
PEAR_CONFERENCE,GREENACRES,NL-NB,2026-07-01,2026-07-31,Monthly,,KG,3.25,3.25,2773.523681640625,xgboost_baseline
PEAR_CONFERENCE,GREENACRES,NL-NB,2026-08-01,2026-08-31,Monthly,,KG,3.25,3.25,2775.717529296875,xgboost_baseline
PEAR_CONFERENCE,GREENACRES,NL-NB,2026-09-01,2026-09-30,Monthly,,KG,3.25,3.25,2775.99755859375,xgboost_baseline
PEAR_CONFERENCE,GREENACRES,NL-NB,2026-10-01,2026-10-31,Monthly,,KG,3.25,3.25,2775.998779296875,xgboost_baseline
PEAR_CONFERENCE,GREENACRES,NL-NB,2026-11-01,2026-11-30,Monthly,,KG,3.25,3.25,2775.71875,xgboost_baseline
PEAR_CONFERENCE,GREENACRES,NL-NB,2026-12-01,2026-12-31,Monthly,,KG,3.25,3.25,2775.71875,xgboost_baseline
PEAR_CONFERENCE,GREENACRES,NL-NB,2027-01-01,2027-01-31,Monthly,,KG,3.25,3.25,2767.79443359375,xgboost_baseline
PEAR_CONFERENCE,GREENACRES,NL-NH,2026-02-01,2026-02-28,Monthly,,KG,3.203,3.203,2772.97265625,xgboost_baseline
PEAR_CONFERENCE,GREENACRES,NL-NH,2026-03-01,2026-03-31,Monthly,,KG,3.203,3.203,2713.161865234375,xgboost_baseline
PEAR_CONFERENCE,GREENACRES,NL-NH,2026-04-01,2026-04-30,Monthly,,KG,3.203,3.203,2713.058349609375,xgboost_baseline
PEAR_CONFERENCE,GREENACRES,NL-NH,2026-05-01,2026-05-31,Monthly,,KG,3.203,3.203,2779.700439453125,xgboost_baseline
PEAR_CONFERENCE,GREENACRES,NL-NH,2026-06-01,2026-06-30,Monthly,,KG,3.203,3.203,2773.523681640625,xgboost_baseline
PEAR_CONFERENCE,GREENACRES,NL-NH,2026-07-01,2026-07-31,Monthly,,KG,3.203,3.203,2773.523681640625,xgboost_baseline
PEAR_CONFERENCE,GREENACRES,NL-NH,2026-08-01,2026-08-31,Monthly,,KG,3.203,3.203,2775.717529296875,xgboost_baseline
PEAR_CONFERENCE,GREENACRES,NL-NH,2026-09-01,2026-09-30,Monthly,,KG,3.203,3.203,2775.99755859375,xgboost_baseline
PEAR_CONFERENCE,GREENACRES,NL-NH,2026-10-01,2026-10-31,Monthly,,KG,3.203,3.203,2775.998779296875,xgboost_baseline
PEAR_CONFERENCE,GREENACRES,NL-NH,2026-11-01,2026-11-30,Monthly,,KG,3.203,3.203,2775.71875,xgboost_baseline
PEAR_CONFERENCE,GREENACRES,NL-NH,2026-12-01,2026-12-31,Monthly,,KG,3.203,3.203,2775.71875,xgboost_baseline
PEAR_CONFERENCE,GREENACRES,NL-NH,2027-01-01,2027-01-31,Monthly,,KG,3.203,3.203,2767.79443359375,xgboost_baseline
PEAR_CONFERENCE,GREENACRES,NL-ZH,2026-02-01,2026-02-28,Monthly,,KG,3.44,3.44,2755.194580078125,xgboost_baseline
PEAR_CONFERENCE,GREENACRES,NL-ZH,2026-03-01,2026-03-31,Monthly,,KG,3.44,3.44,2713.161865234375,xgboost_baseline
PEAR_CONFERENCE,GREENACRES,NL-ZH,2026-04-01,2026-04-30,Monthly,,KG,3.44,3.44,2713.058349609375,xgboost_baseline
PEAR_CONFERENCE,GREENACRES,NL-ZH,2026-05-01,2026-05-31,Monthly,,KG,3.44,3.44,2779.700439453125,xgboost_baseline
PEAR_CONFERENCE,GREENACRES,NL-ZH,2026-06-01,2026-06-30,Monthly,,KG,3.44,3.44,2773.523681640625,xgboost_baseline
PEAR_CONFERENCE,GREENACRES,NL-ZH,2026-07-01,2026-07-31,Monthly,,KG,3.44,3.44,2773.523681640625,xgboost_baseline
PEAR_CONFERENCE,GREENACRES,NL-ZH,2026-08-01,2026-08-31,Monthly,,KG,3.44,3.44,2775.99755859375,xgboost_baseline
PEAR_CONFERENCE,GREENACRES,NL-ZH,2026-09-01,2026-09-30,Monthly,,KG,3.44,3.44,2775.99755859375,xgboost_baseline
PEAR_CONFERENCE,GREENACRES,NL-ZH,2026-10-01,2026-10-31,Monthly,,KG,3.44,3.44,2775.998779296875,xgboost_baseline
PEAR_CONFERENCE,GREENACRES,NL-ZH,2026-11-01,2026-11-30,Monthly,,KG,3.44,3.44,2775.71875,xgboost_baseline
PEAR_CONFERENCE,GREENACRES,NL-ZH,2026-12-01,2026-12-31,Monthly,,KG,3.44,3.44,2775.71875,xgboost_baseline
PEAR_CONFERENCE,GREENACRES,NL-ZH,2027-01-01,2027-01-31,Monthly,,KG,3.44,3.44,2769.9755859375,xgboost_baseline
PEAR_CONFERENCE,HELLOFRESH,NL-GE,2026-02-01,2026-02-28,Monthly,,KG,3.178,3.178,2755.194580078125,xgboost_baseline
PEAR_CONFERENCE,HELLOFRESH,NL-GE,2026-03-01,2026-03-31,Monthly,,KG,3.178,3.178,2713.161865234375,xgboost_baseline
PEAR_CONFERENCE,HELLOFRESH,NL-GE,2026-04-01,2026-04-30,Monthly,,KG,3.178,3.178,2713.058349609375,xgboost_baseline
PEAR_CONFERENCE,HELLOFRESH,NL-GE,2026-05-01,2026-05-31,Monthly,,KG,3.178,3.178,2779.700439453125,xgboost_baseline
PEAR_CONFERENCE,HELLOFRESH,NL-GE,2026-06-01,2026-06-30,Monthly,,KG,3.178,3.178,2773.523681640625,xgboost_baseline
PEAR_CONFERENCE,HELLOFRESH,NL-GE,2026-07-01,2026-07-31,Monthly,,KG,3.178,3.178,2773.523681640625,xgboost_baseline
PEAR_CONFERENCE,HELLOFRESH,NL-GE,2026-08-01,2026-08-31,Monthly,,KG,3.178,3.178,2775.99755859375,xgboost_baseline
PEAR_CONFERENCE,HELLOFRESH,NL-GE,2026-09-01,2026-09-30,Monthly,,KG,3.178,3.178,2775.99755859375,xgboost_baseline
PEAR_CONFERENCE,HELLOFRESH,NL-GE,2026-10-01,2026-10-31,Monthly,,KG,3.178,3.178,2775.998779296875,xgboost_baseline
PEAR_CONFERENCE,HELLOFRESH,NL-GE,2026-11-01,2026-11-30,Monthly,,KG,3.178,3.178,2775.71875,xgboost_baseline
PEAR_CONFERENCE,HELLOFRESH,NL-GE,2026-12-01,2026-12-31,Monthly,,KG,3.178,3.178,2775.71875,xgboost_baseline
PEAR_CONFERENCE,HELLOFRESH,NL-GE,2027-01-01,2027-01-31,Monthly,,KG,3.178,3.178,2767.79443359375,xgboost_baseline
PEAR_CONFERENCE,HELLOFRESH,NL-NB,2026-02-01,2026-02-28,Monthly,,KG,3.175,3.175,2755.194580078125,xgboost_baseline
PEAR_CONFERENCE,HELLOFRESH,NL-NB,2026-03-01,2026-03-31,Monthly,,KG,3.175,3.175,2713.161865234375,xgboost_baseline
PEAR_CONFERENCE,HELLOFRESH,NL-NB,2026-04-01,2026-04-30,Monthly,,KG,3.175,3.175,2713.058349609375,xgboost_baseline
PEAR_CONFERENCE,HELLOFRESH,NL-NB,2026-05-01,2026-05-31,Monthly,,KG,3.175,3.175,2779.700439453125,xgboost_baseline
PEAR_CONFERENCE,HELLOFRESH,NL-NB,2026-06-01,2026-06-30,Monthly,,KG,3.175,3.175,2773.523681640625,xgboost_baseline
PEAR_CONFERENCE,HELLOFRESH,NL-NB,2026-07-01,2026-07-31,Monthly,,KG,3.175,3.175,2773.523681640625,xgboost_baseline
PEAR_CONFERENCE,HELLOFRESH,NL-NB,2026-08-01,2026-08-31,Monthly,,KG,3.175,3.175,2775.99755859375,xgboost_baseline
PEAR_CONFERENCE,HELLOFRESH,NL-NB,2026-09-01,2026-09-30,Monthly,,KG,3.175,3.175,2775.99755859375,xgboost_baseline
PEAR_CONFERENCE,HELLOFRESH,NL-NB,2026-10-01,2026-10-31,Monthly,,KG,3.175,3.175,2775.998779296875,xgboost_baseline
PEAR_CONFERENCE,HELLOFRESH,NL-NB,2026-11-01,2026-11-30,Monthly,,KG,3.175,3.175,2775.71875,xgboost_baseline
PEAR_CONFERENCE,HELLOFRESH,NL-NB,2026-12-01,2026-12-31,Monthly,,KG,3.175,3.175,2775.71875,xgboost_baseline
PEAR_CONFERENCE,HELLOFRESH,NL-NB,2027-01-01,2027-01-31,Monthly,,KG,3.175,3.175,2767.79443359375,xgboost_baseline
PEAR_CONFERENCE,HELLOFRESH,NL-NH,2026-02-01,2026-02-28,Monthly,,KG,3.348,3.348,2772.614990234375,xgboost_baseline
PEAR_CONFERENCE,HELLOFRESH,NL-NH,2026-03-01,2026-03-31,Monthly,,KG,3.348,3.348,2713.161865234375,xgboost_baseline
PEAR_CONFERENCE,HELLOFRESH,NL-NH,2026-04-01,2026-04-30,Monthly,,KG,3.348,3.348,2713.058349609375,xgboost_baseline
PEAR_CONFERENCE,HELLOFRESH,NL-NH,2026-05-01,2026-05-31,Monthly,,KG,3.348,3.348,2779.700439453125,xgboost_baseline
PEAR_CONFERENCE,HELLOFRESH,NL-NH,2026-06-01,2026-06-30,Monthly,,KG,3.348,3.348,2773.523681640625,xgboost_baseline
PEAR_CONFERENCE,HELLOFRESH,NL-NH,2026-07-01,2026-07-31,Monthly,,KG,3.348,3.348,2773.523681640625,xgboost_baseline
PEAR_CONFERENCE,HELLOFRESH,NL-NH,2026-08-01,2026-08-31,Monthly,,KG,3.348,3.348,2775.717529296875,xgboost_baseline
PEAR_CONFERENCE,HELLOFRESH,NL-NH,2026-09-01,2026-09-30,Monthly,,KG,3.348,3.348,2775.99755859375,xgboost_baseline
PEAR_CONFERENCE,HELLOFRESH,NL-NH,2026-10-01,2026-10-31,Monthly,,KG,3.348,3.348,2775.998779296875,xgboost_baseline
PEAR_CONFERENCE,HELLOFRESH,NL-NH,2026-11-01,2026-11-30,Monthly,,KG,3.348,3.348,2775.71875,xgboost_baseline
PEAR_CONFERENCE,HELLOFRESH,NL-NH,2026-12-01,2026-12-31,Monthly,,KG,3.348,3.348,2775.71875,xgboost_baseline
PEAR_CONFERENCE,HELLOFRESH,NL-NH,2027-01-01,2027-01-31,Monthly,,KG,3.348,3.348,2767.79443359375,xgboost_baseline
PEAR_CONFERENCE,HELLOFRESH,NL-ZH,2026-02-01,2026-02-28,Monthly,,KG,3.296,3.296,2755.194580078125,xgboost_baseline
PEAR_CONFERENCE,HELLOFRESH,NL-ZH,2026-03-01,2026-03-31,Monthly,,KG,3.296,3.296,2713.161865234375,xgboost_baseline
PEAR_CONFERENCE,HELLOFRESH,NL-ZH,2026-04-01,2026-04-30,Monthly,,KG,3.296,3.296,2713.058349609375,xgboost_baseline
PEAR_CONFERENCE,HELLOFRESH,NL-ZH,2026-05-01,2026-05-31,Monthly,,KG,3.296,3.296,2779.700439453125,xgboost_baseline
PEAR_CONFERENCE,HELLOFRESH,NL-ZH,2026-06-01,2026-06-30,Monthly,,KG,3.296,3.296,2773.523681640625,xgboost_baseline
PEAR_CONFERENCE,HELLOFRESH,NL-ZH,2026-07-01,2026-07-31,Monthly,,KG,3.296,3.296,2773.523681640625,xgboost_baseline
PEAR_CONFERENCE,HELLOFRESH,NL-ZH,2026-08-01,2026-08-31,Monthly,,KG,3.296,3.296,2775.99755859375,xgboost_baseline
PEAR_CONFERENCE,HELLOFRESH,NL-ZH,2026-09-01,2026-09-30,Monthly,,KG,3.296,3.296,2775.99755859375,xgboost_baseline
PEAR_CONFERENCE,HELLOFRESH,NL-ZH,2026-10-01,2026-10-31,Monthly,,KG,3.296,3.296,2775.998779296875,xgboost_baseline
PEAR_CONFERENCE,HELLOFRESH,NL-ZH,2026-11-01,2026-11-30,Monthly,,KG,3.296,3.296,2775.71875,xgboost_baseline
PEAR_CONFERENCE,HELLOFRESH,NL-ZH,2026-12-01,2026-12-31,Monthly,,KG,3.296,3.296,2775.71875,xgboost_baseline
PEAR_CONFERENCE,HELLOFRESH,NL-ZH,2027-01-01,2027-01-31,Monthly,,KG,3.296,3.296,2767.79443359375,xgboost_baseline
PEAR_CONFERENCE,HOLLANDFOODSERVICE,NL-GE,2026-02-01,2026-02-28,Monthly,,KG,3.091,3.091,2772.614990234375,xgboost_baseline
PEAR_CONFERENCE,HOLLANDFOODSERVICE,NL-GE,2026-03-01,2026-03-31,Monthly,,KG,3.091,3.091,2713.161865234375,xgboost_baseline
PEAR_CONFERENCE,HOLLANDFOODSERVICE,NL-GE,2026-04-01,2026-04-30,Monthly,,KG,3.091,3.091,2713.058349609375,xgboost_baseline
PEAR_CONFERENCE,HOLLANDFOODSERVICE,NL-GE,2026-05-01,2026-05-31,Monthly,,KG,3.091,3.091,2779.700439453125,xgboost_baseline
PEAR_CONFERENCE,HOLLANDFOODSERVICE,NL-GE,2026-06-01,2026-06-30,Monthly,,KG,3.091,3.091,2773.523681640625,xgboost_baseline
PEAR_CONFERENCE,HOLLANDFOODSERVICE,NL-GE,2026-07-01,2026-07-31,Monthly,,KG,3.091,3.091,2773.523681640625,xgboost_baseline
PEAR_CONFERENCE,HOLLANDFOODSERVICE,NL-GE,2026-08-01,2026-08-31,Monthly,,KG,3.091,3.091,2775.717529296875,xgboost_baseline
PEAR_CONFERENCE,HOLLANDFOODSERVICE,NL-GE,2026-09-01,2026-09-30,Monthly,,KG,3.091,3.091,2775.99755859375,xgboost_baseline
PEAR_CONFERENCE,HOLLANDFOODSERVICE,NL-GE,2026-10-01,2026-10-31,Monthly,,KG,3.091,3.091,2775.998779296875,xgboost_baseline
PEAR_CONFERENCE,HOLLANDFOODSERVICE,NL-GE,2026-11-01,2026-11-30,Monthly,,KG,3.091,3.091,2775.71875,xgboost_baseline
PEAR_CONFERENCE,HOLLANDFOODSERVICE,NL-GE,2026-12-01,2026-12-31,Monthly,,KG,3.091,3.091,2775.71875,xgboost_baseline
PEAR_CONFERENCE,HOLLANDFOODSERVICE,NL-GE,2027-01-01,2027-01-31,Monthly,,KG,3.091,3.091,2767.79443359375,xgboost_baseline
PEAR_CONFERENCE,HOLLANDFOODSERVICE,NL-NB,2026-02-01,2026-02-28,Monthly,,KG,3.162,3.162,2772.614990234375,xgboost_baseline
PEAR_CONFERENCE,HOLLANDFOODSERVICE,NL-NB,2026-03-01,2026-03-31,Monthly,,KG,3.162,3.162,2713.161865234375,xgboost_baseline
PEAR_CONFERENCE,HOLLANDFOODSERVICE,NL-NB,2026-04-01,2026-04-30,Monthly,,KG,3.162,3.162,2713.058349609375,xgboost_baseline
PEAR_CONFERENCE,HOLLANDFOODSERVICE,NL-NB,2026-05-01,2026-05-31,Monthly,,KG,3.162,3.162,2779.700439453125,xgboost_baseline
PEAR_CONFERENCE,HOLLANDFOODSERVICE,NL-NB,2026-06-01,2026-06-30,Monthly,,KG,3.162,3.162,2773.523681640625,xgboost_baseline
PEAR_CONFERENCE,HOLLANDFOODSERVICE,NL-NB,2026-07-01,2026-07-31,Monthly,,KG,3.162,3.162,2773.523681640625,xgboost_baseline
PEAR_CONFERENCE,HOLLANDFOODSERVICE,NL-NB,2026-08-01,2026-08-31,Monthly,,KG,3.162,3.162,2775.717529296875,xgboost_baseline
PEAR_CONFERENCE,HOLLANDFOODSERVICE,NL-NB,2026-09-01,2026-09-30,Monthly,,KG,3.162,3.162,2775.99755859375,xgboost_baseline
PEAR_CONFERENCE,HOLLANDFOODSERVICE,NL-NB,2026-10-01,2026-10-31,Monthly,,KG,3.162,3.162,2775.998779296875,xgboost_baseline
PEAR_CONFERENCE,HOLLANDFOODSERVICE,NL-NB,2026-11-01,2026-11-30,Monthly,,KG,3.162,3.162,2775.71875,xgboost_baseline
PEAR_CONFERENCE,HOLLANDFOODSERVICE,NL-NB,2026-12-01,2026-12-31,Monthly,,KG,3.162,3.162,2775.71875,xgboost_baseline
PEAR_CONFERENCE,HOLLANDFOODSERVICE,NL-NB,2027-01-01,2027-01-31,Monthly,,KG,3.162,3.162,2767.79443359375,xgboost_baseline
PEAR_CONFERENCE,HOLLANDFOODSERVICE,NL-NH,2026-02-01,2026-02-28,Monthly,,KG,3.291,3.291,2772.97265625,xgboost_baseline
PEAR_CONFERENCE,HOLLANDFOODSERVICE,NL-NH,2026-03-01,2026-03-31,Monthly,,KG,3.291,3.291,2713.161865234375,xgboost_baseline
PEAR_CONFERENCE,HOLLANDFOODSERVICE,NL-NH,2026-04-01,2026-04-30,Monthly,,KG,3.291,3.291,2713.058349609375,xgboost_baseline
PEAR_CONFERENCE,HOLLANDFOODSERVICE,NL-NH,2026-05-01,2026-05-31,Monthly,,KG,3.291,3.291,2779.700439453125,xgboost_baseline
PEAR_CONFERENCE,HOLLANDFOODSERVICE,NL-NH,2026-06-01,2026-06-30,Monthly,,KG,3.291,3.291,2773.523681640625,xgboost_baseline
PEAR_CONFERENCE,HOLLANDFOODSERVICE,NL-NH,2026-07-01,2026-07-31,Monthly,,KG,3.291,3.291,2773.523681640625,xgboost_baseline
PEAR_CONFERENCE,HOLLANDFOODSERVICE,NL-NH,2026-08-01,2026-08-31,Monthly,,KG,3.291,3.291,2775.717529296875,xgboost_baseline
PEAR_CONFERENCE,HOLLANDFOODSERVICE,NL-NH,2026-09-01,2026-09-30,Monthly,,KG,3.291,3.291,2775.99755859375,xgboost_baseline
PEAR_CONFERENCE,HOLLANDFOODSERVICE,NL-NH,2026-10-01,2026-10-31,Monthly,,KG,3.291,3.291,2775.998779296875,xgboost_baseline
PEAR_CONFERENCE,HOLLANDFOODSERVICE,NL-NH,2026-11-01,2026-11-30,Monthly,,KG,3.291,3.291,2775.71875,xgboost_baseline
PEAR_CONFERENCE,HOLLANDFOODSERVICE,NL-NH,2026-12-01,2026-12-31,Monthly,,KG,3.291,3.291,2775.71875,xgboost_baseline
PEAR_CONFERENCE,HOLLANDFOODSERVICE,NL-NH,2027-01-01,2027-01-31,Monthly,,KG,3.291,3.291,2767.79443359375,xgboost_baseline
PEAR_CONFERENCE,HOLLANDFOODSERVICE,NL-ZH,2026-02-01,2026-02-28,Monthly,,KG,3.384,3.384,2772.97265625,xgboost_baseline
PEAR_CONFERENCE,HOLLANDFOODSERVICE,NL-ZH,2026-03-01,2026-03-31,Monthly,,KG,3.384,3.384,2713.161865234375,xgboost_baseline
PEAR_CONFERENCE,HOLLANDFOODSERVICE,NL-ZH,2026-04-01,2026-04-30,Monthly,,KG,3.384,3.384,2713.058349609375,xgboost_baseline
PEAR_CONFERENCE,HOLLANDFOODSERVICE,NL-ZH,2026-05-01,2026-05-31,Monthly,,KG,3.384,3.384,2779.700439453125,xgboost_baseline
PEAR_CONFERENCE,HOLLANDFOODSERVICE,NL-ZH,2026-06-01,2026-06-30,Monthly,,KG,3.384,3.384,2773.523681640625,xgboost_baseline
PEAR_CONFERENCE,HOLLANDFOODSERVICE,NL-ZH,2026-07-01,2026-07-31,Monthly,,KG,3.384,3.384,2773.523681640625,xgboost_baseline
PEAR_CONFERENCE,HOLLANDFOODSERVICE,NL-ZH,2026-08-01,2026-08-31,Monthly,,KG,3.384,3.384,2775.717529296875,xgboost_baseline
PEAR_CONFERENCE,HOLLANDFOODSERVICE,NL-ZH,2026-09-01,2026-09-30,Monthly,,KG,3.384,3.384,2775.99755859375,xgboost_baseline
PEAR_CONFERENCE,HOLLANDFOODSERVICE,NL-ZH,2026-10-01,2026-10-31,Monthly,,KG,3.384,3.384,2775.998779296875,xgboost_baseline
PEAR_CONFERENCE,HOLLANDFOODSERVICE,NL-ZH,2026-11-01,2026-11-30,Monthly,,KG,3.384,3.384,2775.71875,xgboost_baseline
PEAR_CONFERENCE,HOLLANDFOODSERVICE,NL-ZH,2026-12-01,2026-12-31,Monthly,,KG,3.384,3.384,2775.71875,xgboost_baseline
PEAR_CONFERENCE,HOLLANDFOODSERVICE,NL-ZH,2027-01-01,2027-01-31,Monthly,,KG,3.384,3.384,2767.79443359375,xgboost_baseline
PEAR_CONFERENCE,JUMBO,NL-GE,2026-02-01,2026-02-28,Monthly,,KG,2.984,2.984,2761.265380859375,xgboost_baseline
PEAR_CONFERENCE,JUMBO,NL-GE,2026-03-01,2026-03-31,Monthly,,KG,2.984,2.984,2714.874267578125,xgboost_baseline
PEAR_CONFERENCE,JUMBO,NL-GE,2026-04-01,2026-04-30,Monthly,,KG,2.984,2.984,2723.984619140625,xgboost_baseline
PEAR_CONFERENCE,JUMBO,NL-GE,2026-05-01,2026-05-31,Monthly,,KG,2.984,2.984,2777.39599609375,xgboost_baseline
PEAR_CONFERENCE,JUMBO,NL-GE,2026-06-01,2026-06-30,Monthly,,KG,2.984,2.984,2772.607421875,xgboost_baseline
PEAR_CONFERENCE,JUMBO,NL-GE,2026-07-01,2026-07-31,Monthly,,KG,2.984,2.984,2772.607177734375,xgboost_baseline
PEAR_CONFERENCE,JUMBO,NL-GE,2026-08-01,2026-08-31,Monthly,,KG,2.984,2.984,2962.308837890625,xgboost_baseline
PEAR_CONFERENCE,JUMBO,NL-GE,2026-09-01,2026-09-30,Monthly,,KG,2.984,2.984,3176.861572265625,xgboost_baseline
PEAR_CONFERENCE,JUMBO,NL-GE,2026-10-01,2026-10-31,Monthly,,KG,2.984,2.984,2910.13818359375,xgboost_baseline
PEAR_CONFERENCE,JUMBO,NL-GE,2026-11-01,2026-11-30,Monthly,,KG,2.984,2.984,3064.34033203125,xgboost_baseline
PEAR_CONFERENCE,JUMBO,NL-GE,2026-12-01,2026-12-31,Monthly,,KG,2.984,2.984,2902.089599609375,xgboost_baseline
PEAR_CONFERENCE,JUMBO,NL-GE,2027-01-01,2027-01-31,Monthly,,KG,2.984,2.984,2825.22412109375,xgboost_baseline
PEAR_CONFERENCE,JUMBO,NL-NB,2026-02-01,2026-02-28,Monthly,,KG,3.072,3.072,2755.414306640625,xgboost_baseline
PEAR_CONFERENCE,JUMBO,NL-NB,2026-03-01,2026-03-31,Monthly,,KG,3.072,3.072,2761.598876953125,xgboost_baseline
PEAR_CONFERENCE,JUMBO,NL-NB,2026-04-01,2026-04-30,Monthly,,KG,3.072,3.072,2735.124755859375,xgboost_baseline
PEAR_CONFERENCE,JUMBO,NL-NB,2026-05-01,2026-05-31,Monthly,,KG,3.072,3.072,2760.05810546875,xgboost_baseline
PEAR_CONFERENCE,JUMBO,NL-NB,2026-06-01,2026-06-30,Monthly,,KG,3.072,3.072,2777.671875,xgboost_baseline
PEAR_CONFERENCE,JUMBO,NL-NB,2026-07-01,2026-07-31,Monthly,,KG,3.072,3.072,2772.71826171875,xgboost_baseline
PEAR_CONFERENCE,JUMBO,NL-NB,2026-08-01,2026-08-31,Monthly,,KG,3.072,3.072,2808.03369140625,xgboost_baseline
PEAR_CONFERENCE,JUMBO,NL-NB,2026-09-01,2026-09-30,Monthly,,KG,3.072,3.072,3055.93115234375,xgboost_baseline
PEAR_CONFERENCE,JUMBO,NL-NB,2026-10-01,2026-10-31,Monthly,,KG,3.072,3.072,3178.782958984375,xgboost_baseline
PEAR_CONFERENCE,JUMBO,NL-NB,2026-11-01,2026-11-30,Monthly,,KG,3.072,3.072,3201.465576171875,xgboost_baseline
PEAR_CONFERENCE,JUMBO,NL-NB,2026-12-01,2026-12-31,Monthly,,KG,3.072,3.072,2851.995361328125,xgboost_baseline
PEAR_CONFERENCE,JUMBO,NL-NB,2027-01-01,2027-01-31,Monthly,,KG,3.072,3.072,2894.33056640625,xgboost_baseline
PEAR_CONFERENCE,JUMBO,NL-NH,2026-02-01,2026-02-28,Monthly,,KG,3.297,3.297,2761.29248046875,xgboost_baseline
PEAR_CONFERENCE,JUMBO,NL-NH,2026-03-01,2026-03-31,Monthly,,KG,3.297,3.297,2768.713134765625,xgboost_baseline
PEAR_CONFERENCE,JUMBO,NL-NH,2026-04-01,2026-04-30,Monthly,,KG,3.297,3.297,2749.0966796875,xgboost_baseline
PEAR_CONFERENCE,JUMBO,NL-NH,2026-05-01,2026-05-31,Monthly,,KG,3.297,3.297,2777.40771484375,xgboost_baseline
PEAR_CONFERENCE,JUMBO,NL-NH,2026-06-01,2026-06-30,Monthly,,KG,3.297,3.297,2777.671875,xgboost_baseline
PEAR_CONFERENCE,JUMBO,NL-NH,2026-07-01,2026-07-31,Monthly,,KG,3.297,3.297,2772.794921875,xgboost_baseline
PEAR_CONFERENCE,JUMBO,NL-NH,2026-08-01,2026-08-31,Monthly,,KG,3.297,3.297,3007.69287109375,xgboost_baseline
PEAR_CONFERENCE,JUMBO,NL-NH,2026-09-01,2026-09-30,Monthly,,KG,3.297,3.297,3044.705810546875,xgboost_baseline
PEAR_CONFERENCE,JUMBO,NL-NH,2026-10-01,2026-10-31,Monthly,,KG,3.297,3.297,2927.90966796875,xgboost_baseline
PEAR_CONFERENCE,JUMBO,NL-NH,2026-11-01,2026-11-30,Monthly,,KG,3.297,3.297,3060.340576171875,xgboost_baseline
PEAR_CONFERENCE,JUMBO,NL-NH,2026-12-01,2026-12-31,Monthly,,KG,3.297,3.297,2963.85205078125,xgboost_baseline
PEAR_CONFERENCE,JUMBO,NL-NH,2027-01-01,2027-01-31,Monthly,,KG,3.297,3.297,2829.51025390625,xgboost_baseline
PEAR_CONFERENCE,JUMBO,NL-ZH,2026-02-01,2026-02-28,Monthly,,KG,3.355,3.355,2782.384033203125,xgboost_baseline
PEAR_CONFERENCE,JUMBO,NL-ZH,2026-03-01,2026-03-31,Monthly,,KG,3.355,3.355,2805.595947265625,xgboost_baseline
PEAR_CONFERENCE,JUMBO,NL-ZH,2026-04-01,2026-04-30,Monthly,,KG,3.355,3.355,2831.037109375,xgboost_baseline
PEAR_CONFERENCE,JUMBO,NL-ZH,2026-05-01,2026-05-31,Monthly,,KG,3.355,3.355,2821.204833984375,xgboost_baseline
PEAR_CONFERENCE,JUMBO,NL-ZH,2026-06-01,2026-06-30,Monthly,,KG,3.355,3.355,2821.339599609375,xgboost_baseline
PEAR_CONFERENCE,JUMBO,NL-ZH,2026-07-01,2026-07-31,Monthly,,KG,3.355,3.355,2839.485595703125,xgboost_baseline
PEAR_CONFERENCE,JUMBO,NL-ZH,2026-08-01,2026-08-31,Monthly,,KG,3.355,3.355,3054.2431640625,xgboost_baseline
PEAR_CONFERENCE,JUMBO,NL-ZH,2026-09-01,2026-09-30,Monthly,,KG,3.355,3.355,3196.95556640625,xgboost_baseline
PEAR_CONFERENCE,JUMBO,NL-ZH,2026-10-01,2026-10-31,Monthly,,KG,3.355,3.355,3110.642822265625,xgboost_baseline
PEAR_CONFERENCE,JUMBO,NL-ZH,2026-11-01,2026-11-30,Monthly,,KG,3.355,3.355,3045.444091796875,xgboost_baseline
PEAR_CONFERENCE,JUMBO,NL-ZH,2026-12-01,2026-12-31,Monthly,,KG,3.355,3.355,3045.4140625,xgboost_baseline
PEAR_CONFERENCE,JUMBO,NL-ZH,2027-01-01,2027-01-31,Monthly,,KG,3.355,3.355,2800.69580078125,xgboost_baseline
PEAR_CONFERENCE,MELEDI,NL-GE,2026-02-01,2026-02-28,Monthly,,KG,3.04,3.04,2772.97265625,xgboost_baseline
PEAR_CONFERENCE,MELEDI,NL-GE,2026-03-01,2026-03-31,Monthly,,KG,3.04,3.04,2713.161865234375,xgboost_baseline
PEAR_CONFERENCE,MELEDI,NL-GE,2026-04-01,2026-04-30,Monthly,,KG,3.04,3.04,2713.058349609375,xgboost_baseline
PEAR_CONFERENCE,MELEDI,NL-GE,2026-05-01,2026-05-31,Monthly,,KG,3.04,3.04,2779.700439453125,xgboost_baseline
PEAR_CONFERENCE,MELEDI,NL-GE,2026-06-01,2026-06-30,Monthly,,KG,3.04,3.04,2773.523681640625,xgboost_baseline
PEAR_CONFERENCE,MELEDI,NL-GE,2026-07-01,2026-07-31,Monthly,,KG,3.04,3.04,2773.523681640625,xgboost_baseline
PEAR_CONFERENCE,MELEDI,NL-GE,2026-08-01,2026-08-31,Monthly,,KG,3.04,3.04,2775.717529296875,xgboost_baseline
PEAR_CONFERENCE,MELEDI,NL-GE,2026-09-01,2026-09-30,Monthly,,KG,3.04,3.04,2775.99755859375,xgboost_baseline
PEAR_CONFERENCE,MELEDI,NL-GE,2026-10-01,2026-10-31,Monthly,,KG,3.04,3.04,2775.998779296875,xgboost_baseline
PEAR_CONFERENCE,MELEDI,NL-GE,2026-11-01,2026-11-30,Monthly,,KG,3.04,3.04,2775.71875,xgboost_baseline
PEAR_CONFERENCE,MELEDI,NL-GE,2026-12-01,2026-12-31,Monthly,,KG,3.04,3.04,2775.71875,xgboost_baseline
PEAR_CONFERENCE,MELEDI,NL-GE,2027-01-01,2027-01-31,Monthly,,KG,3.04,3.04,2767.79443359375,xgboost_baseline
PEAR_CONFERENCE,MELEDI,NL-NB,2026-02-01,2026-02-28,Monthly,,KG,3.138,3.138,2772.614990234375,xgboost_baseline
PEAR_CONFERENCE,MELEDI,NL-NB,2026-03-01,2026-03-31,Monthly,,KG,3.138,3.138,2713.161865234375,xgboost_baseline
PEAR_CONFERENCE,MELEDI,NL-NB,2026-04-01,2026-04-30,Monthly,,KG,3.138,3.138,2713.058349609375,xgboost_baseline
PEAR_CONFERENCE,MELEDI,NL-NB,2026-05-01,2026-05-31,Monthly,,KG,3.138,3.138,2779.700439453125,xgboost_baseline
PEAR_CONFERENCE,MELEDI,NL-NB,2026-06-01,2026-06-30,Monthly,,KG,3.138,3.138,2773.523681640625,xgboost_baseline
PEAR_CONFERENCE,MELEDI,NL-NB,2026-07-01,2026-07-31,Monthly,,KG,3.138,3.138,2773.523681640625,xgboost_baseline
PEAR_CONFERENCE,MELEDI,NL-NB,2026-08-01,2026-08-31,Monthly,,KG,3.138,3.138,2775.717529296875,xgboost_baseline
PEAR_CONFERENCE,MELEDI,NL-NB,2026-09-01,2026-09-30,Monthly,,KG,3.138,3.138,2775.99755859375,xgboost_baseline
PEAR_CONFERENCE,MELEDI,NL-NB,2026-10-01,2026-10-31,Monthly,,KG,3.138,3.138,2775.998779296875,xgboost_baseline
PEAR_CONFERENCE,MELEDI,NL-NB,2026-11-01,2026-11-30,Monthly,,KG,3.138,3.138,2775.71875,xgboost_baseline
PEAR_CONFERENCE,MELEDI,NL-NB,2026-12-01,2026-12-31,Monthly,,KG,3.138,3.138,2775.71875,xgboost_baseline
PEAR_CONFERENCE,MELEDI,NL-NB,2027-01-01,2027-01-31,Monthly,,KG,3.138,3.138,2767.79443359375,xgboost_baseline
PEAR_CONFERENCE,MELEDI,NL-NH,2026-02-01,2026-02-28,Monthly,,KG,3.28,3.28,2772.614990234375,xgboost_baseline
PEAR_CONFERENCE,MELEDI,NL-NH,2026-03-01,2026-03-31,Monthly,,KG,3.28,3.28,2713.161865234375,xgboost_baseline
PEAR_CONFERENCE,MELEDI,NL-NH,2026-04-01,2026-04-30,Monthly,,KG,3.28,3.28,2713.058349609375,xgboost_baseline
PEAR_CONFERENCE,MELEDI,NL-NH,2026-05-01,2026-05-31,Monthly,,KG,3.28,3.28,2779.700439453125,xgboost_baseline
PEAR_CONFERENCE,MELEDI,NL-NH,2026-06-01,2026-06-30,Monthly,,KG,3.28,3.28,2773.523681640625,xgboost_baseline
PEAR_CONFERENCE,MELEDI,NL-NH,2026-07-01,2026-07-31,Monthly,,KG,3.28,3.28,2773.523681640625,xgboost_baseline
PEAR_CONFERENCE,MELEDI,NL-NH,2026-08-01,2026-08-31,Monthly,,KG,3.28,3.28,2775.717529296875,xgboost_baseline
PEAR_CONFERENCE,MELEDI,NL-NH,2026-09-01,2026-09-30,Monthly,,KG,3.28,3.28,2775.99755859375,xgboost_baseline
PEAR_CONFERENCE,MELEDI,NL-NH,2026-10-01,2026-10-31,Monthly,,KG,3.28,3.28,2775.998779296875,xgboost_baseline
PEAR_CONFERENCE,MELEDI,NL-NH,2026-11-01,2026-11-30,Monthly,,KG,3.28,3.28,2775.71875,xgboost_baseline
PEAR_CONFERENCE,MELEDI,NL-NH,2026-12-01,2026-12-31,Monthly,,KG,3.28,3.28,2775.71875,xgboost_baseline
PEAR_CONFERENCE,MELEDI,NL-NH,2027-01-01,2027-01-31,Monthly,,KG,3.28,3.28,2767.79443359375,xgboost_baseline
PEAR_CONFERENCE,MELEDI,NL-ZH,2026-02-01,2026-02-28,Monthly,,KG,3.345,3.345,2771.08935546875,xgboost_baseline
PEAR_CONFERENCE,MELEDI,NL-ZH,2026-03-01,2026-03-31,Monthly,,KG,3.345,3.345,2713.161865234375,xgboost_baseline
PEAR_CONFERENCE,MELEDI,NL-ZH,2026-04-01,2026-04-30,Monthly,,KG,3.345,3.345,2713.058349609375,xgboost_baseline
PEAR_CONFERENCE,MELEDI,NL-ZH,2026-05-01,2026-05-31,Monthly,,KG,3.345,3.345,2779.700439453125,xgboost_baseline
PEAR_CONFERENCE,MELEDI,NL-ZH,2026-06-01,2026-06-30,Monthly,,KG,3.345,3.345,2773.523681640625,xgboost_baseline
PEAR_CONFERENCE,MELEDI,NL-ZH,2026-07-01,2026-07-31,Monthly,,KG,3.345,3.345,2773.523681640625,xgboost_baseline
PEAR_CONFERENCE,MELEDI,NL-ZH,2026-08-01,2026-08-31,Monthly,,KG,3.345,3.345,2775.717529296875,xgboost_baseline
PEAR_CONFERENCE,MELEDI,NL-ZH,2026-09-01,2026-09-30,Monthly,,KG,3.345,3.345,2775.99755859375,xgboost_baseline
PEAR_CONFERENCE,MELEDI,NL-ZH,2026-10-01,2026-10-31,Monthly,,KG,3.345,3.345,2775.998779296875,xgboost_baseline
PEAR_CONFERENCE,MELEDI,NL-ZH,2026-11-01,2026-11-30,Monthly,,KG,3.345,3.345,2775.71875,xgboost_baseline
PEAR_CONFERENCE,MELEDI,NL-ZH,2026-12-01,2026-12-31,Monthly,,KG,3.345,3.345,2775.71875,xgboost_baseline
PEAR_CONFERENCE,MELEDI,NL-ZH,2027-01-01,2027-01-31,Monthly,,KG,3.345,3.345,2767.793701171875,xgboost_baseline
PEAR_CONFERENCE,PICNIC,NL-GE,2026-02-01,2026-02-28,Monthly,,KG,3.02,3.02,2771.081298828125,xgboost_baseline
PEAR_CONFERENCE,PICNIC,NL-GE,2026-03-01,2026-03-31,Monthly,,KG,3.02,3.02,2713.161865234375,xgboost_baseline
PEAR_CONFERENCE,PICNIC,NL-GE,2026-04-01,2026-04-30,Monthly,,KG,3.02,3.02,2713.058349609375,xgboost_baseline
PEAR_CONFERENCE,PICNIC,NL-GE,2026-05-01,2026-05-31,Monthly,,KG,3.02,3.02,2779.700439453125,xgboost_baseline
PEAR_CONFERENCE,PICNIC,NL-GE,2026-06-01,2026-06-30,Monthly,,KG,3.02,3.02,2773.523681640625,xgboost_baseline
PEAR_CONFERENCE,PICNIC,NL-GE,2026-07-01,2026-07-31,Monthly,,KG,3.02,3.02,2773.523681640625,xgboost_baseline
PEAR_CONFERENCE,PICNIC,NL-GE,2026-08-01,2026-08-31,Monthly,,KG,3.02,3.02,2775.717529296875,xgboost_baseline
PEAR_CONFERENCE,PICNIC,NL-GE,2026-09-01,2026-09-30,Monthly,,KG,3.02,3.02,2775.99755859375,xgboost_baseline
PEAR_CONFERENCE,PICNIC,NL-GE,2026-10-01,2026-10-31,Monthly,,KG,3.02,3.02,2775.998779296875,xgboost_baseline
PEAR_CONFERENCE,PICNIC,NL-GE,2026-11-01,2026-11-30,Monthly,,KG,3.02,3.02,2775.71875,xgboost_baseline
PEAR_CONFERENCE,PICNIC,NL-GE,2026-12-01,2026-12-31,Monthly,,KG,3.02,3.02,2775.71875,xgboost_baseline
PEAR_CONFERENCE,PICNIC,NL-GE,2027-01-01,2027-01-31,Monthly,,KG,3.02,3.02,2767.79443359375,xgboost_baseline
PEAR_CONFERENCE,PICNIC,NL-NB,2026-02-01,2026-02-28,Monthly,,KG,3.179,3.179,2755.194580078125,xgboost_baseline
PEAR_CONFERENCE,PICNIC,NL-NB,2026-03-01,2026-03-31,Monthly,,KG,3.179,3.179,2713.161865234375,xgboost_baseline
PEAR_CONFERENCE,PICNIC,NL-NB,2026-04-01,2026-04-30,Monthly,,KG,3.179,3.179,2713.058349609375,xgboost_baseline
PEAR_CONFERENCE,PICNIC,NL-NB,2026-05-01,2026-05-31,Monthly,,KG,3.179,3.179,2779.700439453125,xgboost_baseline
PEAR_CONFERENCE,PICNIC,NL-NB,2026-06-01,2026-06-30,Monthly,,KG,3.179,3.179,2773.523681640625,xgboost_baseline
PEAR_CONFERENCE,PICNIC,NL-NB,2026-07-01,2026-07-31,Monthly,,KG,3.179,3.179,2773.523681640625,xgboost_baseline
PEAR_CONFERENCE,PICNIC,NL-NB,2026-08-01,2026-08-31,Monthly,,KG,3.179,3.179,2775.99755859375,xgboost_baseline
PEAR_CONFERENCE,PICNIC,NL-NB,2026-09-01,2026-09-30,Monthly,,KG,3.179,3.179,2775.99755859375,xgboost_baseline
PEAR_CONFERENCE,PICNIC,NL-NB,2026-10-01,2026-10-31,Monthly,,KG,3.179,3.179,2775.998779296875,xgboost_baseline
PEAR_CONFERENCE,PICNIC,NL-NB,2026-11-01,2026-11-30,Monthly,,KG,3.179,3.179,2775.71875,xgboost_baseline
PEAR_CONFERENCE,PICNIC,NL-NB,2026-12-01,2026-12-31,Monthly,,KG,3.179,3.179,2775.71875,xgboost_baseline
PEAR_CONFERENCE,PICNIC,NL-NB,2027-01-01,2027-01-31,Monthly,,KG,3.179,3.179,2767.79443359375,xgboost_baseline
PEAR_CONFERENCE,PICNIC,NL-NH,2026-02-01,2026-02-28,Monthly,,KG,3.243,3.243,2772.97265625,xgboost_baseline
PEAR_CONFERENCE,PICNIC,NL-NH,2026-03-01,2026-03-31,Monthly,,KG,3.243,3.243,2713.161865234375,xgboost_baseline
PEAR_CONFERENCE,PICNIC,NL-NH,2026-04-01,2026-04-30,Monthly,,KG,3.243,3.243,2713.058349609375,xgboost_baseline
PEAR_CONFERENCE,PICNIC,NL-NH,2026-05-01,2026-05-31,Monthly,,KG,3.243,3.243,2779.700439453125,xgboost_baseline
PEAR_CONFERENCE,PICNIC,NL-NH,2026-06-01,2026-06-30,Monthly,,KG,3.243,3.243,2773.523681640625,xgboost_baseline
PEAR_CONFERENCE,PICNIC,NL-NH,2026-07-01,2026-07-31,Monthly,,KG,3.243,3.243,2773.523681640625,xgboost_baseline
PEAR_CONFERENCE,PICNIC,NL-NH,2026-08-01,2026-08-31,Monthly,,KG,3.243,3.243,2775.717529296875,xgboost_baseline
PEAR_CONFERENCE,PICNIC,NL-NH,2026-09-01,2026-09-30,Monthly,,KG,3.243,3.243,2775.99755859375,xgboost_baseline
PEAR_CONFERENCE,PICNIC,NL-NH,2026-10-01,2026-10-31,Monthly,,KG,3.243,3.243,2775.998779296875,xgboost_baseline
PEAR_CONFERENCE,PICNIC,NL-NH,2026-11-01,2026-11-30,Monthly,,KG,3.243,3.243,2775.71875,xgboost_baseline
PEAR_CONFERENCE,PICNIC,NL-NH,2026-12-01,2026-12-31,Monthly,,KG,3.243,3.243,2775.71875,xgboost_baseline
PEAR_CONFERENCE,PICNIC,NL-NH,2027-01-01,2027-01-31,Monthly,,KG,3.243,3.243,2767.79443359375,xgboost_baseline
PEAR_CONFERENCE,PICNIC,NL-ZH,2026-02-01,2026-02-28,Monthly,,KG,3.273,3.273,2772.97265625,xgboost_baseline
PEAR_CONFERENCE,PICNIC,NL-ZH,2026-03-01,2026-03-31,Monthly,,KG,3.273,3.273,2713.161865234375,xgboost_baseline
PEAR_CONFERENCE,PICNIC,NL-ZH,2026-04-01,2026-04-30,Monthly,,KG,3.273,3.273,2713.058349609375,xgboost_baseline
PEAR_CONFERENCE,PICNIC,NL-ZH,2026-05-01,2026-05-31,Monthly,,KG,3.273,3.273,2779.700439453125,xgboost_baseline
PEAR_CONFERENCE,PICNIC,NL-ZH,2026-06-01,2026-06-30,Monthly,,KG,3.273,3.273,2773.523681640625,xgboost_baseline
PEAR_CONFERENCE,PICNIC,NL-ZH,2026-07-01,2026-07-31,Monthly,,KG,3.273,3.273,2773.523681640625,xgboost_baseline
PEAR_CONFERENCE,PICNIC,NL-ZH,2026-08-01,2026-08-31,Monthly,,KG,3.273,3.273,2775.717529296875,xgboost_baseline
PEAR_CONFERENCE,PICNIC,NL-ZH,2026-09-01,2026-09-30,Monthly,,KG,3.273,3.273,2775.99755859375,xgboost_baseline
PEAR_CONFERENCE,PICNIC,NL-ZH,2026-10-01,2026-10-31,Monthly,,KG,3.273,3.273,2775.998779296875,xgboost_baseline
PEAR_CONFERENCE,PICNIC,NL-ZH,2026-11-01,2026-11-30,Monthly,,KG,3.273,3.273,2775.71875,xgboost_baseline
PEAR_CONFERENCE,PICNIC,NL-ZH,2026-12-01,2026-12-31,Monthly,,KG,3.273,3.273,2775.71875,xgboost_baseline
PEAR_CONFERENCE,PICNIC,NL-ZH,2027-01-01,2027-01-31,Monthly,,KG,3.273,3.273,2767.79443359375,xgboost_baseline
PEAR_CONFERENCE,PLUS,NL-GE,2026-02-01,2026-02-28,Monthly,,KG,2.992,2.992,2757.21044921875,xgboost_baseline
PEAR_CONFERENCE,PLUS,NL-GE,2026-03-01,2026-03-31,Monthly,,KG,2.992,2.992,2775.127197265625,xgboost_baseline
PEAR_CONFERENCE,PLUS,NL-GE,2026-04-01,2026-04-30,Monthly,,KG,2.992,2.992,2749.560546875,xgboost_baseline
PEAR_CONFERENCE,PLUS,NL-GE,2026-05-01,2026-05-31,Monthly,,KG,2.992,2.992,2775.330810546875,xgboost_baseline
PEAR_CONFERENCE,PLUS,NL-GE,2026-06-01,2026-06-30,Monthly,,KG,2.992,2.992,2777.54296875,xgboost_baseline
PEAR_CONFERENCE,PLUS,NL-GE,2026-07-01,2026-07-31,Monthly,,KG,2.992,2.992,2772.794921875,xgboost_baseline
PEAR_CONFERENCE,PLUS,NL-GE,2026-08-01,2026-08-31,Monthly,,KG,2.992,2.992,3007.628662109375,xgboost_baseline
PEAR_CONFERENCE,PLUS,NL-GE,2026-09-01,2026-09-30,Monthly,,KG,2.992,2.992,2917.451904296875,xgboost_baseline
PEAR_CONFERENCE,PLUS,NL-GE,2026-10-01,2026-10-31,Monthly,,KG,2.992,2.992,2922.58544921875,xgboost_baseline
PEAR_CONFERENCE,PLUS,NL-GE,2026-11-01,2026-11-30,Monthly,,KG,2.992,2.992,2858.293212890625,xgboost_baseline
PEAR_CONFERENCE,PLUS,NL-GE,2026-12-01,2026-12-31,Monthly,,KG,2.992,2.992,2853.579833984375,xgboost_baseline
PEAR_CONFERENCE,PLUS,NL-GE,2027-01-01,2027-01-31,Monthly,,KG,2.992,2.992,2828.541259765625,xgboost_baseline
PEAR_CONFERENCE,PLUS,NL-NB,2026-02-01,2026-02-28,Monthly,,KG,3.186,3.186,2790.331787109375,xgboost_baseline
PEAR_CONFERENCE,PLUS,NL-NB,2026-03-01,2026-03-31,Monthly,,KG,3.186,3.186,2790.03662109375,xgboost_baseline
PEAR_CONFERENCE,PLUS,NL-NB,2026-04-01,2026-04-30,Monthly,,KG,3.186,3.186,2754.467529296875,xgboost_baseline
PEAR_CONFERENCE,PLUS,NL-NB,2026-05-01,2026-05-31,Monthly,,KG,3.186,3.186,2778.3427734375,xgboost_baseline
PEAR_CONFERENCE,PLUS,NL-NB,2026-06-01,2026-06-30,Monthly,,KG,3.186,3.186,2778.33056640625,xgboost_baseline
PEAR_CONFERENCE,PLUS,NL-NB,2026-07-01,2026-07-31,Monthly,,KG,3.186,3.186,2780.156982421875,xgboost_baseline
PEAR_CONFERENCE,PLUS,NL-NB,2026-08-01,2026-08-31,Monthly,,KG,3.186,3.186,2904.020263671875,xgboost_baseline
PEAR_CONFERENCE,PLUS,NL-NB,2026-09-01,2026-09-30,Monthly,,KG,3.186,3.186,3055.93115234375,xgboost_baseline
PEAR_CONFERENCE,PLUS,NL-NB,2026-10-01,2026-10-31,Monthly,,KG,3.186,3.186,3196.444091796875,xgboost_baseline
PEAR_CONFERENCE,PLUS,NL-NB,2026-11-01,2026-11-30,Monthly,,KG,3.186,3.186,3146.542236328125,xgboost_baseline
PEAR_CONFERENCE,PLUS,NL-NB,2026-12-01,2026-12-31,Monthly,,KG,3.186,3.186,2959.15771484375,xgboost_baseline
PEAR_CONFERENCE,PLUS,NL-NB,2027-01-01,2027-01-31,Monthly,,KG,3.186,3.186,2895.1591796875,xgboost_baseline
PEAR_CONFERENCE,PLUS,NL-NH,2026-02-01,2026-02-28,Monthly,,KG,3.211,3.211,2781.329833984375,xgboost_baseline
PEAR_CONFERENCE,PLUS,NL-NH,2026-03-01,2026-03-31,Monthly,,KG,3.211,3.211,2801.657470703125,xgboost_baseline
PEAR_CONFERENCE,PLUS,NL-NH,2026-04-01,2026-04-30,Monthly,,KG,3.211,3.211,2838.18017578125,xgboost_baseline
PEAR_CONFERENCE,PLUS,NL-NH,2026-05-01,2026-05-31,Monthly,,KG,3.211,3.211,2821.026123046875,xgboost_baseline
PEAR_CONFERENCE,PLUS,NL-NH,2026-06-01,2026-06-30,Monthly,,KG,3.211,3.211,2839.02734375,xgboost_baseline
PEAR_CONFERENCE,PLUS,NL-NH,2026-07-01,2026-07-31,Monthly,,KG,3.211,3.211,2841.710693359375,xgboost_baseline
PEAR_CONFERENCE,PLUS,NL-NH,2026-08-01,2026-08-31,Monthly,,KG,3.211,3.211,3054.193115234375,xgboost_baseline
PEAR_CONFERENCE,PLUS,NL-NH,2026-09-01,2026-09-30,Monthly,,KG,3.211,3.211,3197.173095703125,xgboost_baseline
PEAR_CONFERENCE,PLUS,NL-NH,2026-10-01,2026-10-31,Monthly,,KG,3.211,3.211,3010.56884765625,xgboost_baseline
PEAR_CONFERENCE,PLUS,NL-NH,2026-11-01,2026-11-30,Monthly,,KG,3.211,3.211,3178.24462890625,xgboost_baseline
PEAR_CONFERENCE,PLUS,NL-NH,2026-12-01,2026-12-31,Monthly,,KG,2.8899,3.211,2983.024169921875,xgboost_baseline
PEAR_CONFERENCE,PLUS,NL-NH,2027-01-01,2027-01-31,Monthly,,KG,3.211,3.211,2859.3359375,xgboost_baseline
PEAR_CONFERENCE,PLUS,NL-ZH,2026-02-01,2026-02-28,Monthly,,KG,3.356,3.356,2760.979736328125,xgboost_baseline
PEAR_CONFERENCE,PLUS,NL-ZH,2026-03-01,2026-03-31,Monthly,,KG,3.356,3.356,2764.113525390625,xgboost_baseline
PEAR_CONFERENCE,PLUS,NL-ZH,2026-04-01,2026-04-30,Monthly,,KG,3.356,3.356,2768.346923828125,xgboost_baseline
PEAR_CONFERENCE,PLUS,NL-ZH,2026-05-01,2026-05-31,Monthly,,KG,3.356,3.356,2777.405029296875,xgboost_baseline
PEAR_CONFERENCE,PLUS,NL-ZH,2026-06-01,2026-06-30,Monthly,,KG,3.356,3.356,2770.871337890625,xgboost_baseline
PEAR_CONFERENCE,PLUS,NL-ZH,2026-07-01,2026-07-31,Monthly,,KG,3.356,3.356,2780.172119140625,xgboost_baseline
PEAR_CONFERENCE,PLUS,NL-ZH,2026-08-01,2026-08-31,Monthly,,KG,3.356,3.356,3006.92041015625,xgboost_baseline
PEAR_CONFERENCE,PLUS,NL-ZH,2026-09-01,2026-09-30,Monthly,,KG,3.356,3.356,3174.705322265625,xgboost_baseline
PEAR_CONFERENCE,PLUS,NL-ZH,2026-10-01,2026-10-31,Monthly,,KG,3.356,3.356,3199.7998046875,xgboost_baseline
PEAR_CONFERENCE,PLUS,NL-ZH,2026-11-01,2026-11-30,Monthly,,KG,3.356,3.356,3212.642333984375,xgboost_baseline
PEAR_CONFERENCE,PLUS,NL-ZH,2026-12-01,2026-12-31,Monthly,,KG,3.356,3.356,3052.866455078125,xgboost_baseline
PEAR_CONFERENCE,PLUS,NL-ZH,2027-01-01,2027-01-31,Monthly,,KG,3.356,3.356,2817.968505859375,xgboost_baseline
PEAR_CONFERENCE,SLIGRO,NL-GE,2026-02-01,2026-02-28,Monthly,,KG,3.074,3.074,2771.099853515625,xgboost_baseline
PEAR_CONFERENCE,SLIGRO,NL-GE,2026-03-01,2026-03-31,Monthly,,KG,3.074,3.074,2713.161865234375,xgboost_baseline
PEAR_CONFERENCE,SLIGRO,NL-GE,2026-04-01,2026-04-30,Monthly,,KG,3.074,3.074,2713.058349609375,xgboost_baseline
PEAR_CONFERENCE,SLIGRO,NL-GE,2026-05-01,2026-05-31,Monthly,,KG,3.074,3.074,2779.700439453125,xgboost_baseline
PEAR_CONFERENCE,SLIGRO,NL-GE,2026-06-01,2026-06-30,Monthly,,KG,3.074,3.074,2773.523681640625,xgboost_baseline
PEAR_CONFERENCE,SLIGRO,NL-GE,2026-07-01,2026-07-31,Monthly,,KG,3.074,3.074,2773.523681640625,xgboost_baseline
PEAR_CONFERENCE,SLIGRO,NL-GE,2026-08-01,2026-08-31,Monthly,,KG,3.074,3.074,2775.717529296875,xgboost_baseline
PEAR_CONFERENCE,SLIGRO,NL-GE,2026-09-01,2026-09-30,Monthly,,KG,3.074,3.074,2775.99755859375,xgboost_baseline
PEAR_CONFERENCE,SLIGRO,NL-GE,2026-10-01,2026-10-31,Monthly,,KG,3.074,3.074,2775.998779296875,xgboost_baseline
PEAR_CONFERENCE,SLIGRO,NL-GE,2026-11-01,2026-11-30,Monthly,,KG,3.074,3.074,2775.71875,xgboost_baseline
PEAR_CONFERENCE,SLIGRO,NL-GE,2026-12-01,2026-12-31,Monthly,,KG,3.074,3.074,2775.71875,xgboost_baseline
PEAR_CONFERENCE,SLIGRO,NL-GE,2027-01-01,2027-01-31,Monthly,,KG,3.074,3.074,2767.79443359375,xgboost_baseline
PEAR_CONFERENCE,SLIGRO,NL-NB,2026-02-01,2026-02-28,Monthly,,KG,3.127,3.127,2772.614990234375,xgboost_baseline
PEAR_CONFERENCE,SLIGRO,NL-NB,2026-03-01,2026-03-31,Monthly,,KG,3.127,3.127,2713.161865234375,xgboost_baseline
PEAR_CONFERENCE,SLIGRO,NL-NB,2026-04-01,2026-04-30,Monthly,,KG,3.127,3.127,2713.058349609375,xgboost_baseline
PEAR_CONFERENCE,SLIGRO,NL-NB,2026-05-01,2026-05-31,Monthly,,KG,3.127,3.127,2779.700439453125,xgboost_baseline
PEAR_CONFERENCE,SLIGRO,NL-NB,2026-06-01,2026-06-30,Monthly,,KG,3.127,3.127,2773.523681640625,xgboost_baseline
PEAR_CONFERENCE,SLIGRO,NL-NB,2026-07-01,2026-07-31,Monthly,,KG,3.127,3.127,2773.523681640625,xgboost_baseline
PEAR_CONFERENCE,SLIGRO,NL-NB,2026-08-01,2026-08-31,Monthly,,KG,3.127,3.127,2775.717529296875,xgboost_baseline
PEAR_CONFERENCE,SLIGRO,NL-NB,2026-09-01,2026-09-30,Monthly,,KG,3.127,3.127,2775.99755859375,xgboost_baseline
PEAR_CONFERENCE,SLIGRO,NL-NB,2026-10-01,2026-10-31,Monthly,,KG,3.127,3.127,2775.998779296875,xgboost_baseline
PEAR_CONFERENCE,SLIGRO,NL-NB,2026-11-01,2026-11-30,Monthly,,KG,3.127,3.127,2775.71875,xgboost_baseline
PEAR_CONFERENCE,SLIGRO,NL-NB,2026-12-01,2026-12-31,Monthly,,KG,3.127,3.127,2775.71875,xgboost_baseline
PEAR_CONFERENCE,SLIGRO,NL-NB,2027-01-01,2027-01-31,Monthly,,KG,3.127,3.127,2767.79443359375,xgboost_baseline
PEAR_CONFERENCE,SLIGRO,NL-NH,2026-02-01,2026-02-28,Monthly,,KG,3.217,3.217,2772.97265625,xgboost_baseline
PEAR_CONFERENCE,SLIGRO,NL-NH,2026-03-01,2026-03-31,Monthly,,KG,3.217,3.217,2713.161865234375,xgboost_baseline
PEAR_CONFERENCE,SLIGRO,NL-NH,2026-04-01,2026-04-30,Monthly,,KG,3.217,3.217,2713.058349609375,xgboost_baseline
PEAR_CONFERENCE,SLIGRO,NL-NH,2026-05-01,2026-05-31,Monthly,,KG,3.217,3.217,2779.700439453125,xgboost_baseline
PEAR_CONFERENCE,SLIGRO,NL-NH,2026-06-01,2026-06-30,Monthly,,KG,3.217,3.217,2773.523681640625,xgboost_baseline
PEAR_CONFERENCE,SLIGRO,NL-NH,2026-07-01,2026-07-31,Monthly,,KG,3.217,3.217,2773.523681640625,xgboost_baseline
PEAR_CONFERENCE,SLIGRO,NL-NH,2026-08-01,2026-08-31,Monthly,,KG,3.217,3.217,2775.717529296875,xgboost_baseline
PEAR_CONFERENCE,SLIGRO,NL-NH,2026-09-01,2026-09-30,Monthly,,KG,3.217,3.217,2775.99755859375,xgboost_baseline
PEAR_CONFERENCE,SLIGRO,NL-NH,2026-10-01,2026-10-31,Monthly,,KG,3.217,3.217,2775.998779296875,xgboost_baseline
PEAR_CONFERENCE,SLIGRO,NL-NH,2026-11-01,2026-11-30,Monthly,,KG,3.217,3.217,2775.71875,xgboost_baseline
PEAR_CONFERENCE,SLIGRO,NL-NH,2026-12-01,2026-12-31,Monthly,,KG,3.217,3.217,2775.71875,xgboost_baseline
PEAR_CONFERENCE,SLIGRO,NL-NH,2027-01-01,2027-01-31,Monthly,,KG,3.217,3.217,2767.79443359375,xgboost_baseline
PEAR_CONFERENCE,SLIGRO,NL-ZH,2026-02-01,2026-02-28,Monthly,,KG,3.38,3.38,2771.081298828125,xgboost_baseline
PEAR_CONFERENCE,SLIGRO,NL-ZH,2026-03-01,2026-03-31,Monthly,,KG,3.38,3.38,2713.161865234375,xgboost_baseline
PEAR_CONFERENCE,SLIGRO,NL-ZH,2026-04-01,2026-04-30,Monthly,,KG,3.38,3.38,2713.058349609375,xgboost_baseline
PEAR_CONFERENCE,SLIGRO,NL-ZH,2026-05-01,2026-05-31,Monthly,,KG,3.38,3.38,2779.700439453125,xgboost_baseline
PEAR_CONFERENCE,SLIGRO,NL-ZH,2026-06-01,2026-06-30,Monthly,,KG,3.38,3.38,2773.523681640625,xgboost_baseline
PEAR_CONFERENCE,SLIGRO,NL-ZH,2026-07-01,2026-07-31,Monthly,,KG,3.38,3.38,2773.523681640625,xgboost_baseline
PEAR_CONFERENCE,SLIGRO,NL-ZH,2026-08-01,2026-08-31,Monthly,,KG,3.38,3.38,2775.717529296875,xgboost_baseline
PEAR_CONFERENCE,SLIGRO,NL-ZH,2026-09-01,2026-09-30,Monthly,,KG,3.38,3.38,2775.99755859375,xgboost_baseline
PEAR_CONFERENCE,SLIGRO,NL-ZH,2026-10-01,2026-10-31,Monthly,,KG,3.38,3.38,2775.998779296875,xgboost_baseline
PEAR_CONFERENCE,SLIGRO,NL-ZH,2026-11-01,2026-11-30,Monthly,,KG,3.38,3.38,2775.71875,xgboost_baseline
PEAR_CONFERENCE,SLIGRO,NL-ZH,2026-12-01,2026-12-31,Monthly,,KG,3.38,3.38,2775.71875,xgboost_baseline
PEAR_CONFERENCE,SLIGRO,NL-ZH,2027-01-01,2027-01-31,Monthly,,KG,3.38,3.38,2767.79443359375,xgboost_baseline
PEAR_WILLIAMS,AH,NL-GE,2026-02-01,2026-02-28,Monthly,,KG,3.089,3.089,2772.97265625,xgboost_baseline
PEAR_WILLIAMS,AH,NL-GE,2026-03-01,2026-03-31,Monthly,,KG,3.089,3.089,2724.685791015625,xgboost_baseline
PEAR_WILLIAMS,AH,NL-GE,2026-04-01,2026-04-30,Monthly,,KG,3.089,3.089,2711.1123046875,xgboost_baseline
PEAR_WILLIAMS,AH,NL-GE,2026-05-01,2026-05-31,Monthly,,KG,3.089,3.089,2777.650146484375,xgboost_baseline
PEAR_WILLIAMS,AH,NL-GE,2026-06-01,2026-06-30,Monthly,,KG,3.089,3.089,2771.474609375,xgboost_baseline
PEAR_WILLIAMS,AH,NL-GE,2026-07-01,2026-07-31,Monthly,,KG,3.089,3.089,2772.52880859375,xgboost_baseline
PEAR_WILLIAMS,AH,NL-GE,2026-08-01,2026-08-31,Monthly,,KG,3.089,3.089,2778.076904296875,xgboost_baseline
PEAR_WILLIAMS,AH,NL-GE,2026-09-01,2026-09-30,Monthly,,KG,3.089,3.089,2778.35693359375,xgboost_baseline
PEAR_WILLIAMS,AH,NL-GE,2026-10-01,2026-10-31,Monthly,,KG,3.089,3.089,2778.35693359375,xgboost_baseline
PEAR_WILLIAMS,AH,NL-GE,2026-11-01,2026-11-30,Monthly,,KG,3.089,3.089,2778.076904296875,xgboost_baseline
PEAR_WILLIAMS,AH,NL-GE,2026-12-01,2026-12-31,Monthly,,KG,3.089,3.089,2778.076904296875,xgboost_baseline
PEAR_WILLIAMS,AH,NL-GE,2027-01-01,2027-01-31,Monthly,,KG,3.089,3.089,2770.152587890625,xgboost_baseline
PEAR_WILLIAMS,AH,NL-NB,2026-02-01,2026-02-28,Monthly,,KG,3.121,3.121,2771.081298828125,xgboost_baseline
PEAR_WILLIAMS,AH,NL-NB,2026-03-01,2026-03-31,Monthly,,KG,3.121,3.121,2725.368896484375,xgboost_baseline
PEAR_WILLIAMS,AH,NL-NB,2026-04-01,2026-04-30,Monthly,,KG,3.121,3.121,2711.1123046875,xgboost_baseline
PEAR_WILLIAMS,AH,NL-NB,2026-05-01,2026-05-31,Monthly,,KG,3.121,3.121,2777.650146484375,xgboost_baseline
PEAR_WILLIAMS,AH,NL-NB,2026-06-01,2026-06-30,Monthly,,KG,3.121,3.121,2771.6474609375,xgboost_baseline
PEAR_WILLIAMS,AH,NL-NB,2026-07-01,2026-07-31,Monthly,,KG,3.121,3.121,2772.361328125,xgboost_baseline
PEAR_WILLIAMS,AH,NL-NB,2026-08-01,2026-08-31,Monthly,,KG,3.121,3.121,2778.076904296875,xgboost_baseline
PEAR_WILLIAMS,AH,NL-NB,2026-09-01,2026-09-30,Monthly,,KG,3.121,3.121,2778.33349609375,xgboost_baseline
PEAR_WILLIAMS,AH,NL-NB,2026-10-01,2026-10-31,Monthly,,KG,3.121,3.121,2778.35693359375,xgboost_baseline
PEAR_WILLIAMS,AH,NL-NB,2026-11-01,2026-11-30,Monthly,,KG,3.121,3.121,2778.076904296875,xgboost_baseline
PEAR_WILLIAMS,AH,NL-NB,2026-12-01,2026-12-31,Monthly,,KG,3.121,3.121,2778.076904296875,xgboost_baseline
PEAR_WILLIAMS,AH,NL-NB,2027-01-01,2027-01-31,Monthly,,KG,3.121,3.121,2770.152587890625,xgboost_baseline
PEAR_WILLIAMS,AH,NL-NH,2026-02-01,2026-02-28,Monthly,,KG,3.295,3.295,2748.973876953125,xgboost_baseline
PEAR_WILLIAMS,AH,NL-NH,2026-03-01,2026-03-31,Monthly,,KG,3.295,3.295,2729.368408203125,xgboost_baseline
PEAR_WILLIAMS,AH,NL-NH,2026-04-01,2026-04-30,Monthly,,KG,3.295,3.295,2711.158447265625,xgboost_baseline
PEAR_WILLIAMS,AH,NL-NH,2026-05-01,2026-05-31,Monthly,,KG,3.295,3.295,2771.52392578125,xgboost_baseline
PEAR_WILLIAMS,AH,NL-NH,2026-06-01,2026-06-30,Monthly,,KG,3.295,3.295,2772.35986328125,xgboost_baseline
PEAR_WILLIAMS,AH,NL-NH,2026-07-01,2026-07-31,Monthly,,KG,3.295,3.295,2772.52880859375,xgboost_baseline
PEAR_WILLIAMS,AH,NL-NH,2026-08-01,2026-08-31,Monthly,,KG,3.295,3.295,2778.33349609375,xgboost_baseline
PEAR_WILLIAMS,AH,NL-NH,2026-09-01,2026-09-30,Monthly,,KG,3.295,3.295,2778.33349609375,xgboost_baseline
PEAR_WILLIAMS,AH,NL-NH,2026-10-01,2026-10-31,Monthly,,KG,3.295,3.295,2778.33349609375,xgboost_baseline
PEAR_WILLIAMS,AH,NL-NH,2026-11-01,2026-11-30,Monthly,,KG,3.295,3.295,2778.053466796875,xgboost_baseline
PEAR_WILLIAMS,AH,NL-NH,2026-12-01,2026-12-31,Monthly,,KG,3.1302499999999998,3.295,2778.052001953125,xgboost_baseline
PEAR_WILLIAMS,AH,NL-NH,2027-01-01,2027-01-31,Monthly,,KG,3.295,3.295,2770.152587890625,xgboost_baseline
PEAR_WILLIAMS,AH,NL-ZH,2026-02-01,2026-02-28,Monthly,,KG,3.333,3.333,2748.19970703125,xgboost_baseline
PEAR_WILLIAMS,AH,NL-ZH,2026-03-01,2026-03-31,Monthly,,KG,3.333,3.333,2726.72216796875,xgboost_baseline
PEAR_WILLIAMS,AH,NL-ZH,2026-04-01,2026-04-30,Monthly,,KG,3.333,3.333,2723.977783203125,xgboost_baseline
PEAR_WILLIAMS,AH,NL-ZH,2026-05-01,2026-05-31,Monthly,,KG,3.333,3.333,2769.82958984375,xgboost_baseline
PEAR_WILLIAMS,AH,NL-ZH,2026-06-01,2026-06-30,Monthly,,KG,3.333,3.333,2769.77001953125,xgboost_baseline
PEAR_WILLIAMS,AH,NL-ZH,2026-07-01,2026-07-31,Monthly,,KG,3.333,3.333,2772.607177734375,xgboost_baseline
PEAR_WILLIAMS,AH,NL-ZH,2026-08-01,2026-08-31,Monthly,,KG,3.333,3.333,2778.369140625,xgboost_baseline
PEAR_WILLIAMS,AH,NL-ZH,2026-09-01,2026-09-30,Monthly,,KG,3.333,3.333,3002.8388671875,xgboost_baseline
PEAR_WILLIAMS,AH,NL-ZH,2026-10-01,2026-10-31,Monthly,,KG,3.333,3.333,2894.52978515625,xgboost_baseline
PEAR_WILLIAMS,AH,NL-ZH,2026-11-01,2026-11-30,Monthly,,KG,3.333,3.333,2913.544189453125,xgboost_baseline
PEAR_WILLIAMS,AH,NL-ZH,2026-12-01,2026-12-31,Monthly,,KG,3.333,3.333,2858.216552734375,xgboost_baseline
PEAR_WILLIAMS,AH,NL-ZH,2027-01-01,2027-01-31,Monthly,,KG,3.333,3.333,2828.441162109375,xgboost_baseline
PEAR_WILLIAMS,FLINK,NL-GE,2026-02-01,2026-02-28,Monthly,,KG,3.007,3.007,2772.614990234375,xgboost_baseline
PEAR_WILLIAMS,FLINK,NL-GE,2026-03-01,2026-03-31,Monthly,,KG,3.007,3.007,2713.161865234375,xgboost_baseline
PEAR_WILLIAMS,FLINK,NL-GE,2026-04-01,2026-04-30,Monthly,,KG,3.007,3.007,2713.058349609375,xgboost_baseline
PEAR_WILLIAMS,FLINK,NL-GE,2026-05-01,2026-05-31,Monthly,,KG,3.007,3.007,2779.700439453125,xgboost_baseline
PEAR_WILLIAMS,FLINK,NL-GE,2026-06-01,2026-06-30,Monthly,,KG,3.007,3.007,2773.523681640625,xgboost_baseline
PEAR_WILLIAMS,FLINK,NL-GE,2026-07-01,2026-07-31,Monthly,,KG,3.007,3.007,2773.523681640625,xgboost_baseline
PEAR_WILLIAMS,FLINK,NL-GE,2026-08-01,2026-08-31,Monthly,,KG,3.007,3.007,2775.717529296875,xgboost_baseline
PEAR_WILLIAMS,FLINK,NL-GE,2026-09-01,2026-09-30,Monthly,,KG,3.007,3.007,2775.99755859375,xgboost_baseline
PEAR_WILLIAMS,FLINK,NL-GE,2026-10-01,2026-10-31,Monthly,,KG,3.007,3.007,2775.998779296875,xgboost_baseline
PEAR_WILLIAMS,FLINK,NL-GE,2026-11-01,2026-11-30,Monthly,,KG,3.007,3.007,2775.71875,xgboost_baseline
PEAR_WILLIAMS,FLINK,NL-GE,2026-12-01,2026-12-31,Monthly,,KG,3.007,3.007,2775.71875,xgboost_baseline
PEAR_WILLIAMS,FLINK,NL-GE,2027-01-01,2027-01-31,Monthly,,KG,3.007,3.007,2767.79443359375,xgboost_baseline
PEAR_WILLIAMS,FLINK,NL-NB,2026-02-01,2026-02-28,Monthly,,KG,3.104,3.104,2755.194580078125,xgboost_baseline
PEAR_WILLIAMS,FLINK,NL-NB,2026-03-01,2026-03-31,Monthly,,KG,3.104,3.104,2713.161865234375,xgboost_baseline
PEAR_WILLIAMS,FLINK,NL-NB,2026-04-01,2026-04-30,Monthly,,KG,3.104,3.104,2713.058349609375,xgboost_baseline
PEAR_WILLIAMS,FLINK,NL-NB,2026-05-01,2026-05-31,Monthly,,KG,3.104,3.104,2779.700439453125,xgboost_baseline
PEAR_WILLIAMS,FLINK,NL-NB,2026-06-01,2026-06-30,Monthly,,KG,3.104,3.104,2773.523681640625,xgboost_baseline
PEAR_WILLIAMS,FLINK,NL-NB,2026-07-01,2026-07-31,Monthly,,KG,3.104,3.104,2773.523681640625,xgboost_baseline
PEAR_WILLIAMS,FLINK,NL-NB,2026-08-01,2026-08-31,Monthly,,KG,3.104,3.104,2775.99755859375,xgboost_baseline
PEAR_WILLIAMS,FLINK,NL-NB,2026-09-01,2026-09-30,Monthly,,KG,3.104,3.104,2775.99755859375,xgboost_baseline
PEAR_WILLIAMS,FLINK,NL-NB,2026-10-01,2026-10-31,Monthly,,KG,3.104,3.104,2775.998779296875,xgboost_baseline
PEAR_WILLIAMS,FLINK,NL-NB,2026-11-01,2026-11-30,Monthly,,KG,3.104,3.104,2775.71875,xgboost_baseline
PEAR_WILLIAMS,FLINK,NL-NB,2026-12-01,2026-12-31,Monthly,,KG,3.104,3.104,2775.71875,xgboost_baseline
PEAR_WILLIAMS,FLINK,NL-NB,2027-01-01,2027-01-31,Monthly,,KG,3.104,3.104,2767.79443359375,xgboost_baseline
PEAR_WILLIAMS,FLINK,NL-NH,2026-02-01,2026-02-28,Monthly,,KG,3.247,3.247,2772.614990234375,xgboost_baseline
PEAR_WILLIAMS,FLINK,NL-NH,2026-03-01,2026-03-31,Monthly,,KG,3.247,3.247,2713.161865234375,xgboost_baseline
PEAR_WILLIAMS,FLINK,NL-NH,2026-04-01,2026-04-30,Monthly,,KG,3.247,3.247,2713.058349609375,xgboost_baseline
PEAR_WILLIAMS,FLINK,NL-NH,2026-05-01,2026-05-31,Monthly,,KG,3.247,3.247,2779.700439453125,xgboost_baseline
PEAR_WILLIAMS,FLINK,NL-NH,2026-06-01,2026-06-30,Monthly,,KG,3.247,3.247,2773.523681640625,xgboost_baseline
PEAR_WILLIAMS,FLINK,NL-NH,2026-07-01,2026-07-31,Monthly,,KG,3.247,3.247,2773.523681640625,xgboost_baseline
PEAR_WILLIAMS,FLINK,NL-NH,2026-08-01,2026-08-31,Monthly,,KG,3.247,3.247,2775.717529296875,xgboost_baseline
PEAR_WILLIAMS,FLINK,NL-NH,2026-09-01,2026-09-30,Monthly,,KG,3.247,3.247,2775.99755859375,xgboost_baseline
PEAR_WILLIAMS,FLINK,NL-NH,2026-10-01,2026-10-31,Monthly,,KG,3.247,3.247,2775.998779296875,xgboost_baseline
PEAR_WILLIAMS,FLINK,NL-NH,2026-11-01,2026-11-30,Monthly,,KG,3.247,3.247,2775.71875,xgboost_baseline
PEAR_WILLIAMS,FLINK,NL-NH,2026-12-01,2026-12-31,Monthly,,KG,3.247,3.247,2775.71875,xgboost_baseline
PEAR_WILLIAMS,FLINK,NL-NH,2027-01-01,2027-01-31,Monthly,,KG,3.247,3.247,2767.79443359375,xgboost_baseline
PEAR_WILLIAMS,FLINK,NL-ZH,2026-02-01,2026-02-28,Monthly,,KG,3.333,3.333,2755.194580078125,xgboost_baseline
PEAR_WILLIAMS,FLINK,NL-ZH,2026-03-01,2026-03-31,Monthly,,KG,3.333,3.333,2713.161865234375,xgboost_baseline
PEAR_WILLIAMS,FLINK,NL-ZH,2026-04-01,2026-04-30,Monthly,,KG,3.333,3.333,2713.058349609375,xgboost_baseline
PEAR_WILLIAMS,FLINK,NL-ZH,2026-05-01,2026-05-31,Monthly,,KG,3.333,3.333,2779.700439453125,xgboost_baseline
PEAR_WILLIAMS,FLINK,NL-ZH,2026-06-01,2026-06-30,Monthly,,KG,3.333,3.333,2773.523681640625,xgboost_baseline
PEAR_WILLIAMS,FLINK,NL-ZH,2026-07-01,2026-07-31,Monthly,,KG,3.333,3.333,2773.523681640625,xgboost_baseline
PEAR_WILLIAMS,FLINK,NL-ZH,2026-08-01,2026-08-31,Monthly,,KG,3.333,3.333,2775.99755859375,xgboost_baseline
PEAR_WILLIAMS,FLINK,NL-ZH,2026-09-01,2026-09-30,Monthly,,KG,3.333,3.333,2775.99755859375,xgboost_baseline
PEAR_WILLIAMS,FLINK,NL-ZH,2026-10-01,2026-10-31,Monthly,,KG,3.333,3.333,2775.998779296875,xgboost_baseline
PEAR_WILLIAMS,FLINK,NL-ZH,2026-11-01,2026-11-30,Monthly,,KG,3.333,3.333,2775.71875,xgboost_baseline
PEAR_WILLIAMS,FLINK,NL-ZH,2026-12-01,2026-12-31,Monthly,,KG,3.333,3.333,2775.71875,xgboost_baseline
PEAR_WILLIAMS,FLINK,NL-ZH,2027-01-01,2027-01-31,Monthly,,KG,3.333,3.333,2767.79443359375,xgboost_baseline
PEAR_WILLIAMS,GREENACRES,NL-GE,2026-02-01,2026-02-28,Monthly,,KG,3.061,3.061,2771.081298828125,xgboost_baseline
PEAR_WILLIAMS,GREENACRES,NL-GE,2026-03-01,2026-03-31,Monthly,,KG,3.061,3.061,2713.161865234375,xgboost_baseline
PEAR_WILLIAMS,GREENACRES,NL-GE,2026-04-01,2026-04-30,Monthly,,KG,3.061,3.061,2713.058349609375,xgboost_baseline
PEAR_WILLIAMS,GREENACRES,NL-GE,2026-05-01,2026-05-31,Monthly,,KG,3.061,3.061,2779.700439453125,xgboost_baseline
PEAR_WILLIAMS,GREENACRES,NL-GE,2026-06-01,2026-06-30,Monthly,,KG,3.061,3.061,2773.523681640625,xgboost_baseline
PEAR_WILLIAMS,GREENACRES,NL-GE,2026-07-01,2026-07-31,Monthly,,KG,3.061,3.061,2773.523681640625,xgboost_baseline
PEAR_WILLIAMS,GREENACRES,NL-GE,2026-08-01,2026-08-31,Monthly,,KG,3.061,3.061,2775.717529296875,xgboost_baseline
PEAR_WILLIAMS,GREENACRES,NL-GE,2026-09-01,2026-09-30,Monthly,,KG,3.061,3.061,2775.99755859375,xgboost_baseline
PEAR_WILLIAMS,GREENACRES,NL-GE,2026-10-01,2026-10-31,Monthly,,KG,3.061,3.061,2775.998779296875,xgboost_baseline
PEAR_WILLIAMS,GREENACRES,NL-GE,2026-11-01,2026-11-30,Monthly,,KG,3.061,3.061,2775.71875,xgboost_baseline
PEAR_WILLIAMS,GREENACRES,NL-GE,2026-12-01,2026-12-31,Monthly,,KG,3.061,3.061,2775.71875,xgboost_baseline
PEAR_WILLIAMS,GREENACRES,NL-GE,2027-01-01,2027-01-31,Monthly,,KG,3.061,3.061,2767.79443359375,xgboost_baseline
PEAR_WILLIAMS,GREENACRES,NL-NB,2026-02-01,2026-02-28,Monthly,,KG,3.125,3.125,2771.081298828125,xgboost_baseline
PEAR_WILLIAMS,GREENACRES,NL-NB,2026-03-01,2026-03-31,Monthly,,KG,3.125,3.125,2713.161865234375,xgboost_baseline
PEAR_WILLIAMS,GREENACRES,NL-NB,2026-04-01,2026-04-30,Monthly,,KG,3.125,3.125,2713.058349609375,xgboost_baseline
PEAR_WILLIAMS,GREENACRES,NL-NB,2026-05-01,2026-05-31,Monthly,,KG,3.125,3.125,2779.700439453125,xgboost_baseline
PEAR_WILLIAMS,GREENACRES,NL-NB,2026-06-01,2026-06-30,Monthly,,KG,3.125,3.125,2773.523681640625,xgboost_baseline
PEAR_WILLIAMS,GREENACRES,NL-NB,2026-07-01,2026-07-31,Monthly,,KG,3.125,3.125,2773.523681640625,xgboost_baseline
PEAR_WILLIAMS,GREENACRES,NL-NB,2026-08-01,2026-08-31,Monthly,,KG,3.125,3.125,2775.717529296875,xgboost_baseline
PEAR_WILLIAMS,GREENACRES,NL-NB,2026-09-01,2026-09-30,Monthly,,KG,3.125,3.125,2775.99755859375,xgboost_baseline
PEAR_WILLIAMS,GREENACRES,NL-NB,2026-10-01,2026-10-31,Monthly,,KG,3.125,3.125,2775.998779296875,xgboost_baseline
PEAR_WILLIAMS,GREENACRES,NL-NB,2026-11-01,2026-11-30,Monthly,,KG,3.125,3.125,2775.71875,xgboost_baseline
PEAR_WILLIAMS,GREENACRES,NL-NB,2026-12-01,2026-12-31,Monthly,,KG,3.125,3.125,2775.71875,xgboost_baseline
PEAR_WILLIAMS,GREENACRES,NL-NB,2027-01-01,2027-01-31,Monthly,,KG,3.125,3.125,2767.79443359375,xgboost_baseline
PEAR_WILLIAMS,GREENACRES,NL-NH,2026-02-01,2026-02-28,Monthly,,KG,3.235,3.235,2771.081298828125,xgboost_baseline
PEAR_WILLIAMS,GREENACRES,NL-NH,2026-03-01,2026-03-31,Monthly,,KG,3.235,3.235,2713.161865234375,xgboost_baseline
PEAR_WILLIAMS,GREENACRES,NL-NH,2026-04-01,2026-04-30,Monthly,,KG,3.235,3.235,2713.058349609375,xgboost_baseline
PEAR_WILLIAMS,GREENACRES,NL-NH,2026-05-01,2026-05-31,Monthly,,KG,3.235,3.235,2779.700439453125,xgboost_baseline
PEAR_WILLIAMS,GREENACRES,NL-NH,2026-06-01,2026-06-30,Monthly,,KG,3.235,3.235,2773.523681640625,xgboost_baseline
PEAR_WILLIAMS,GREENACRES,NL-NH,2026-07-01,2026-07-31,Monthly,,KG,3.235,3.235,2773.523681640625,xgboost_baseline
PEAR_WILLIAMS,GREENACRES,NL-NH,2026-08-01,2026-08-31,Monthly,,KG,3.235,3.235,2775.717529296875,xgboost_baseline
PEAR_WILLIAMS,GREENACRES,NL-NH,2026-09-01,2026-09-30,Monthly,,KG,3.235,3.235,2775.99755859375,xgboost_baseline
PEAR_WILLIAMS,GREENACRES,NL-NH,2026-10-01,2026-10-31,Monthly,,KG,3.235,3.235,2775.998779296875,xgboost_baseline
PEAR_WILLIAMS,GREENACRES,NL-NH,2026-11-01,2026-11-30,Monthly,,KG,3.235,3.235,2775.71875,xgboost_baseline
PEAR_WILLIAMS,GREENACRES,NL-NH,2026-12-01,2026-12-31,Monthly,,KG,3.235,3.235,2775.71875,xgboost_baseline
PEAR_WILLIAMS,GREENACRES,NL-NH,2027-01-01,2027-01-31,Monthly,,KG,3.235,3.235,2767.79443359375,xgboost_baseline
PEAR_WILLIAMS,GREENACRES,NL-ZH,2026-02-01,2026-02-28,Monthly,,KG,3.259,3.259,2771.081298828125,xgboost_baseline
PEAR_WILLIAMS,GREENACRES,NL-ZH,2026-03-01,2026-03-31,Monthly,,KG,3.259,3.259,2713.161865234375,xgboost_baseline
PEAR_WILLIAMS,GREENACRES,NL-ZH,2026-04-01,2026-04-30,Monthly,,KG,3.259,3.259,2713.058349609375,xgboost_baseline
PEAR_WILLIAMS,GREENACRES,NL-ZH,2026-05-01,2026-05-31,Monthly,,KG,3.259,3.259,2779.700439453125,xgboost_baseline
PEAR_WILLIAMS,GREENACRES,NL-ZH,2026-06-01,2026-06-30,Monthly,,KG,3.259,3.259,2773.523681640625,xgboost_baseline
PEAR_WILLIAMS,GREENACRES,NL-ZH,2026-07-01,2026-07-31,Monthly,,KG,3.259,3.259,2773.523681640625,xgboost_baseline
PEAR_WILLIAMS,GREENACRES,NL-ZH,2026-08-01,2026-08-31,Monthly,,KG,3.259,3.259,2775.717529296875,xgboost_baseline
PEAR_WILLIAMS,GREENACRES,NL-ZH,2026-09-01,2026-09-30,Monthly,,KG,3.259,3.259,2775.99755859375,xgboost_baseline
PEAR_WILLIAMS,GREENACRES,NL-ZH,2026-10-01,2026-10-31,Monthly,,KG,3.259,3.259,2775.998779296875,xgboost_baseline
PEAR_WILLIAMS,GREENACRES,NL-ZH,2026-11-01,2026-11-30,Monthly,,KG,3.259,3.259,2775.71875,xgboost_baseline
PEAR_WILLIAMS,GREENACRES,NL-ZH,2026-12-01,2026-12-31,Monthly,,KG,3.259,3.259,2775.71875,xgboost_baseline
PEAR_WILLIAMS,GREENACRES,NL-ZH,2027-01-01,2027-01-31,Monthly,,KG,3.259,3.259,2767.79443359375,xgboost_baseline
PEAR_WILLIAMS,HELLOFRESH,NL-GE,2026-02-01,2026-02-28,Monthly,,KG,2.995,2.995,2771.081298828125,xgboost_baseline
PEAR_WILLIAMS,HELLOFRESH,NL-GE,2026-03-01,2026-03-31,Monthly,,KG,2.995,2.995,2713.161865234375,xgboost_baseline
PEAR_WILLIAMS,HELLOFRESH,NL-GE,2026-04-01,2026-04-30,Monthly,,KG,2.995,2.995,2713.058349609375,xgboost_baseline
PEAR_WILLIAMS,HELLOFRESH,NL-GE,2026-05-01,2026-05-31,Monthly,,KG,2.995,2.995,2779.700439453125,xgboost_baseline
PEAR_WILLIAMS,HELLOFRESH,NL-GE,2026-06-01,2026-06-30,Monthly,,KG,2.995,2.995,2773.523681640625,xgboost_baseline
PEAR_WILLIAMS,HELLOFRESH,NL-GE,2026-07-01,2026-07-31,Monthly,,KG,2.995,2.995,2773.523681640625,xgboost_baseline
PEAR_WILLIAMS,HELLOFRESH,NL-GE,2026-08-01,2026-08-31,Monthly,,KG,2.995,2.995,2775.717529296875,xgboost_baseline
PEAR_WILLIAMS,HELLOFRESH,NL-GE,2026-09-01,2026-09-30,Monthly,,KG,2.995,2.995,2775.99755859375,xgboost_baseline
PEAR_WILLIAMS,HELLOFRESH,NL-GE,2026-10-01,2026-10-31,Monthly,,KG,2.995,2.995,2775.998779296875,xgboost_baseline
PEAR_WILLIAMS,HELLOFRESH,NL-GE,2026-11-01,2026-11-30,Monthly,,KG,2.995,2.995,2775.71875,xgboost_baseline
PEAR_WILLIAMS,HELLOFRESH,NL-GE,2026-12-01,2026-12-31,Monthly,,KG,2.995,2.995,2775.71875,xgboost_baseline
PEAR_WILLIAMS,HELLOFRESH,NL-GE,2027-01-01,2027-01-31,Monthly,,KG,2.995,2.995,2767.79443359375,xgboost_baseline
PEAR_WILLIAMS,HELLOFRESH,NL-NB,2026-02-01,2026-02-28,Monthly,,KG,3.102,3.102,2755.194580078125,xgboost_baseline
PEAR_WILLIAMS,HELLOFRESH,NL-NB,2026-03-01,2026-03-31,Monthly,,KG,3.102,3.102,2713.161865234375,xgboost_baseline
PEAR_WILLIAMS,HELLOFRESH,NL-NB,2026-04-01,2026-04-30,Monthly,,KG,3.102,3.102,2713.058349609375,xgboost_baseline
PEAR_WILLIAMS,HELLOFRESH,NL-NB,2026-05-01,2026-05-31,Monthly,,KG,3.102,3.102,2779.700439453125,xgboost_baseline
PEAR_WILLIAMS,HELLOFRESH,NL-NB,2026-06-01,2026-06-30,Monthly,,KG,3.102,3.102,2773.523681640625,xgboost_baseline
PEAR_WILLIAMS,HELLOFRESH,NL-NB,2026-07-01,2026-07-31,Monthly,,KG,3.102,3.102,2773.523681640625,xgboost_baseline
PEAR_WILLIAMS,HELLOFRESH,NL-NB,2026-08-01,2026-08-31,Monthly,,KG,3.102,3.102,2775.99755859375,xgboost_baseline
PEAR_WILLIAMS,HELLOFRESH,NL-NB,2026-09-01,2026-09-30,Monthly,,KG,3.102,3.102,2775.99755859375,xgboost_baseline
PEAR_WILLIAMS,HELLOFRESH,NL-NB,2026-10-01,2026-10-31,Monthly,,KG,3.102,3.102,2775.998779296875,xgboost_baseline
PEAR_WILLIAMS,HELLOFRESH,NL-NB,2026-11-01,2026-11-30,Monthly,,KG,3.102,3.102,2775.71875,xgboost_baseline
PEAR_WILLIAMS,HELLOFRESH,NL-NB,2026-12-01,2026-12-31,Monthly,,KG,3.102,3.102,2775.71875,xgboost_baseline
PEAR_WILLIAMS,HELLOFRESH,NL-NB,2027-01-01,2027-01-31,Monthly,,KG,3.102,3.102,2767.79443359375,xgboost_baseline
PEAR_WILLIAMS,HELLOFRESH,NL-NH,2026-02-01,2026-02-28,Monthly,,KG,3.237,3.237,2772.614990234375,xgboost_baseline
PEAR_WILLIAMS,HELLOFRESH,NL-NH,2026-03-01,2026-03-31,Monthly,,KG,3.237,3.237,2713.161865234375,xgboost_baseline
PEAR_WILLIAMS,HELLOFRESH,NL-NH,2026-04-01,2026-04-30,Monthly,,KG,3.237,3.237,2713.058349609375,xgboost_baseline
PEAR_WILLIAMS,HELLOFRESH,NL-NH,2026-05-01,2026-05-31,Monthly,,KG,3.237,3.237,2779.700439453125,xgboost_baseline
PEAR_WILLIAMS,HELLOFRESH,NL-NH,2026-06-01,2026-06-30,Monthly,,KG,3.237,3.237,2773.523681640625,xgboost_baseline
PEAR_WILLIAMS,HELLOFRESH,NL-NH,2026-07-01,2026-07-31,Monthly,,KG,3.237,3.237,2773.523681640625,xgboost_baseline
PEAR_WILLIAMS,HELLOFRESH,NL-NH,2026-08-01,2026-08-31,Monthly,,KG,3.237,3.237,2775.717529296875,xgboost_baseline
PEAR_WILLIAMS,HELLOFRESH,NL-NH,2026-09-01,2026-09-30,Monthly,,KG,3.237,3.237,2775.99755859375,xgboost_baseline
PEAR_WILLIAMS,HELLOFRESH,NL-NH,2026-10-01,2026-10-31,Monthly,,KG,3.237,3.237,2775.998779296875,xgboost_baseline
PEAR_WILLIAMS,HELLOFRESH,NL-NH,2026-11-01,2026-11-30,Monthly,,KG,3.237,3.237,2775.71875,xgboost_baseline
PEAR_WILLIAMS,HELLOFRESH,NL-NH,2026-12-01,2026-12-31,Monthly,,KG,3.237,3.237,2775.71875,xgboost_baseline
PEAR_WILLIAMS,HELLOFRESH,NL-NH,2027-01-01,2027-01-31,Monthly,,KG,3.237,3.237,2767.79443359375,xgboost_baseline
PEAR_WILLIAMS,HELLOFRESH,NL-ZH,2026-02-01,2026-02-28,Monthly,,KG,3.433,3.433,2772.614990234375,xgboost_baseline
PEAR_WILLIAMS,HELLOFRESH,NL-ZH,2026-03-01,2026-03-31,Monthly,,KG,3.433,3.433,2713.161865234375,xgboost_baseline
PEAR_WILLIAMS,HELLOFRESH,NL-ZH,2026-04-01,2026-04-30,Monthly,,KG,3.433,3.433,2713.058349609375,xgboost_baseline
PEAR_WILLIAMS,HELLOFRESH,NL-ZH,2026-05-01,2026-05-31,Monthly,,KG,3.433,3.433,2779.700439453125,xgboost_baseline
PEAR_WILLIAMS,HELLOFRESH,NL-ZH,2026-06-01,2026-06-30,Monthly,,KG,3.433,3.433,2773.523681640625,xgboost_baseline
PEAR_WILLIAMS,HELLOFRESH,NL-ZH,2026-07-01,2026-07-31,Monthly,,KG,3.433,3.433,2773.523681640625,xgboost_baseline
PEAR_WILLIAMS,HELLOFRESH,NL-ZH,2026-08-01,2026-08-31,Monthly,,KG,3.433,3.433,2775.717529296875,xgboost_baseline
PEAR_WILLIAMS,HELLOFRESH,NL-ZH,2026-09-01,2026-09-30,Monthly,,KG,3.433,3.433,2775.99755859375,xgboost_baseline
PEAR_WILLIAMS,HELLOFRESH,NL-ZH,2026-10-01,2026-10-31,Monthly,,KG,3.433,3.433,2775.998779296875,xgboost_baseline
PEAR_WILLIAMS,HELLOFRESH,NL-ZH,2026-11-01,2026-11-30,Monthly,,KG,3.433,3.433,2775.71875,xgboost_baseline
PEAR_WILLIAMS,HELLOFRESH,NL-ZH,2026-12-01,2026-12-31,Monthly,,KG,3.433,3.433,2775.71875,xgboost_baseline
PEAR_WILLIAMS,HELLOFRESH,NL-ZH,2027-01-01,2027-01-31,Monthly,,KG,3.433,3.433,2767.79443359375,xgboost_baseline
PEAR_WILLIAMS,HOLLANDFOODSERVICE,NL-GE,2026-02-01,2026-02-28,Monthly,,KG,2.999,2.999,2771.099853515625,xgboost_baseline
PEAR_WILLIAMS,HOLLANDFOODSERVICE,NL-GE,2026-03-01,2026-03-31,Monthly,,KG,2.999,2.999,2713.161865234375,xgboost_baseline
PEAR_WILLIAMS,HOLLANDFOODSERVICE,NL-GE,2026-04-01,2026-04-30,Monthly,,KG,2.999,2.999,2713.058349609375,xgboost_baseline
PEAR_WILLIAMS,HOLLANDFOODSERVICE,NL-GE,2026-05-01,2026-05-31,Monthly,,KG,2.999,2.999,2779.700439453125,xgboost_baseline
PEAR_WILLIAMS,HOLLANDFOODSERVICE,NL-GE,2026-06-01,2026-06-30,Monthly,,KG,2.999,2.999,2773.523681640625,xgboost_baseline
PEAR_WILLIAMS,HOLLANDFOODSERVICE,NL-GE,2026-07-01,2026-07-31,Monthly,,KG,2.999,2.999,2773.523681640625,xgboost_baseline
PEAR_WILLIAMS,HOLLANDFOODSERVICE,NL-GE,2026-08-01,2026-08-31,Monthly,,KG,2.999,2.999,2775.717529296875,xgboost_baseline
PEAR_WILLIAMS,HOLLANDFOODSERVICE,NL-GE,2026-09-01,2026-09-30,Monthly,,KG,2.999,2.999,2775.99755859375,xgboost_baseline
PEAR_WILLIAMS,HOLLANDFOODSERVICE,NL-GE,2026-10-01,2026-10-31,Monthly,,KG,2.999,2.999,2775.998779296875,xgboost_baseline
PEAR_WILLIAMS,HOLLANDFOODSERVICE,NL-GE,2026-11-01,2026-11-30,Monthly,,KG,2.999,2.999,2775.71875,xgboost_baseline
PEAR_WILLIAMS,HOLLANDFOODSERVICE,NL-GE,2026-12-01,2026-12-31,Monthly,,KG,2.999,2.999,2775.71875,xgboost_baseline
PEAR_WILLIAMS,HOLLANDFOODSERVICE,NL-GE,2027-01-01,2027-01-31,Monthly,,KG,2.999,2.999,2767.79443359375,xgboost_baseline
PEAR_WILLIAMS,HOLLANDFOODSERVICE,NL-NB,2026-02-01,2026-02-28,Monthly,,KG,3.183,3.183,2755.194580078125,xgboost_baseline
PEAR_WILLIAMS,HOLLANDFOODSERVICE,NL-NB,2026-03-01,2026-03-31,Monthly,,KG,3.183,3.183,2713.161865234375,xgboost_baseline
PEAR_WILLIAMS,HOLLANDFOODSERVICE,NL-NB,2026-04-01,2026-04-30,Monthly,,KG,3.183,3.183,2713.058349609375,xgboost_baseline
PEAR_WILLIAMS,HOLLANDFOODSERVICE,NL-NB,2026-05-01,2026-05-31,Monthly,,KG,3.183,3.183,2779.700439453125,xgboost_baseline
PEAR_WILLIAMS,HOLLANDFOODSERVICE,NL-NB,2026-06-01,2026-06-30,Monthly,,KG,3.183,3.183,2773.523681640625,xgboost_baseline
PEAR_WILLIAMS,HOLLANDFOODSERVICE,NL-NB,2026-07-01,2026-07-31,Monthly,,KG,3.183,3.183,2773.523681640625,xgboost_baseline
PEAR_WILLIAMS,HOLLANDFOODSERVICE,NL-NB,2026-08-01,2026-08-31,Monthly,,KG,3.183,3.183,2775.99755859375,xgboost_baseline
PEAR_WILLIAMS,HOLLANDFOODSERVICE,NL-NB,2026-09-01,2026-09-30,Monthly,,KG,3.183,3.183,2775.99755859375,xgboost_baseline
PEAR_WILLIAMS,HOLLANDFOODSERVICE,NL-NB,2026-10-01,2026-10-31,Monthly,,KG,3.183,3.183,2775.998779296875,xgboost_baseline
PEAR_WILLIAMS,HOLLANDFOODSERVICE,NL-NB,2026-11-01,2026-11-30,Monthly,,KG,3.183,3.183,2775.71875,xgboost_baseline
PEAR_WILLIAMS,HOLLANDFOODSERVICE,NL-NB,2026-12-01,2026-12-31,Monthly,,KG,3.183,3.183,2775.71875,xgboost_baseline
PEAR_WILLIAMS,HOLLANDFOODSERVICE,NL-NB,2027-01-01,2027-01-31,Monthly,,KG,3.183,3.183,2767.79443359375,xgboost_baseline
PEAR_WILLIAMS,HOLLANDFOODSERVICE,NL-NH,2026-02-01,2026-02-28,Monthly,,KG,3.281,3.281,2772.97265625,xgboost_baseline
PEAR_WILLIAMS,HOLLANDFOODSERVICE,NL-NH,2026-03-01,2026-03-31,Monthly,,KG,3.281,3.281,2713.161865234375,xgboost_baseline
PEAR_WILLIAMS,HOLLANDFOODSERVICE,NL-NH,2026-04-01,2026-04-30,Monthly,,KG,3.281,3.281,2713.058349609375,xgboost_baseline
PEAR_WILLIAMS,HOLLANDFOODSERVICE,NL-NH,2026-05-01,2026-05-31,Monthly,,KG,3.281,3.281,2779.700439453125,xgboost_baseline
PEAR_WILLIAMS,HOLLANDFOODSERVICE,NL-NH,2026-06-01,2026-06-30,Monthly,,KG,3.281,3.281,2773.523681640625,xgboost_baseline
PEAR_WILLIAMS,HOLLANDFOODSERVICE,NL-NH,2026-07-01,2026-07-31,Monthly,,KG,3.281,3.281,2773.523681640625,xgboost_baseline
PEAR_WILLIAMS,HOLLANDFOODSERVICE,NL-NH,2026-08-01,2026-08-31,Monthly,,KG,3.281,3.281,2775.717529296875,xgboost_baseline
PEAR_WILLIAMS,HOLLANDFOODSERVICE,NL-NH,2026-09-01,2026-09-30,Monthly,,KG,3.281,3.281,2775.99755859375,xgboost_baseline
PEAR_WILLIAMS,HOLLANDFOODSERVICE,NL-NH,2026-10-01,2026-10-31,Monthly,,KG,3.281,3.281,2775.998779296875,xgboost_baseline
PEAR_WILLIAMS,HOLLANDFOODSERVICE,NL-NH,2026-11-01,2026-11-30,Monthly,,KG,3.281,3.281,2775.71875,xgboost_baseline
PEAR_WILLIAMS,HOLLANDFOODSERVICE,NL-NH,2026-12-01,2026-12-31,Monthly,,KG,3.281,3.281,2775.71875,xgboost_baseline
PEAR_WILLIAMS,HOLLANDFOODSERVICE,NL-NH,2027-01-01,2027-01-31,Monthly,,KG,3.281,3.281,2767.79443359375,xgboost_baseline
PEAR_WILLIAMS,HOLLANDFOODSERVICE,NL-ZH,2026-02-01,2026-02-28,Monthly,,KG,3.38,3.38,2771.099853515625,xgboost_baseline
PEAR_WILLIAMS,HOLLANDFOODSERVICE,NL-ZH,2026-03-01,2026-03-31,Monthly,,KG,3.38,3.38,2713.161865234375,xgboost_baseline
PEAR_WILLIAMS,HOLLANDFOODSERVICE,NL-ZH,2026-04-01,2026-04-30,Monthly,,KG,3.38,3.38,2713.058349609375,xgboost_baseline
PEAR_WILLIAMS,HOLLANDFOODSERVICE,NL-ZH,2026-05-01,2026-05-31,Monthly,,KG,3.38,3.38,2779.700439453125,xgboost_baseline
PEAR_WILLIAMS,HOLLANDFOODSERVICE,NL-ZH,2026-06-01,2026-06-30,Monthly,,KG,3.38,3.38,2773.523681640625,xgboost_baseline
PEAR_WILLIAMS,HOLLANDFOODSERVICE,NL-ZH,2026-07-01,2026-07-31,Monthly,,KG,3.38,3.38,2773.523681640625,xgboost_baseline
PEAR_WILLIAMS,HOLLANDFOODSERVICE,NL-ZH,2026-08-01,2026-08-31,Monthly,,KG,3.38,3.38,2775.717529296875,xgboost_baseline
PEAR_WILLIAMS,HOLLANDFOODSERVICE,NL-ZH,2026-09-01,2026-09-30,Monthly,,KG,3.38,3.38,2775.99755859375,xgboost_baseline
PEAR_WILLIAMS,HOLLANDFOODSERVICE,NL-ZH,2026-10-01,2026-10-31,Monthly,,KG,3.38,3.38,2775.998779296875,xgboost_baseline
PEAR_WILLIAMS,HOLLANDFOODSERVICE,NL-ZH,2026-11-01,2026-11-30,Monthly,,KG,3.38,3.38,2775.71875,xgboost_baseline
PEAR_WILLIAMS,HOLLANDFOODSERVICE,NL-ZH,2026-12-01,2026-12-31,Monthly,,KG,3.38,3.38,2775.71875,xgboost_baseline
PEAR_WILLIAMS,HOLLANDFOODSERVICE,NL-ZH,2027-01-01,2027-01-31,Monthly,,KG,3.38,3.38,2767.79443359375,xgboost_baseline
PEAR_WILLIAMS,JUMBO,NL-GE,2026-02-01,2026-02-28,Monthly,,KG,3.031,3.031,2761.04833984375,xgboost_baseline
PEAR_WILLIAMS,JUMBO,NL-GE,2026-03-01,2026-03-31,Monthly,,KG,3.031,3.031,2711.86669921875,xgboost_baseline
PEAR_WILLIAMS,JUMBO,NL-GE,2026-04-01,2026-04-30,Monthly,,KG,3.031,3.031,2711.11181640625,xgboost_baseline
PEAR_WILLIAMS,JUMBO,NL-GE,2026-05-01,2026-05-31,Monthly,,KG,3.031,3.031,2777.65185546875,xgboost_baseline
PEAR_WILLIAMS,JUMBO,NL-GE,2026-06-01,2026-06-30,Monthly,,KG,3.031,3.031,2771.474609375,xgboost_baseline
PEAR_WILLIAMS,JUMBO,NL-GE,2026-07-01,2026-07-31,Monthly,,KG,3.031,3.031,2772.361572265625,xgboost_baseline
PEAR_WILLIAMS,JUMBO,NL-GE,2026-08-01,2026-08-31,Monthly,,KG,3.031,3.031,2807.499267578125,xgboost_baseline
PEAR_WILLIAMS,JUMBO,NL-GE,2026-09-01,2026-09-30,Monthly,,KG,3.031,3.031,2836.651123046875,xgboost_baseline
PEAR_WILLIAMS,JUMBO,NL-GE,2026-10-01,2026-10-31,Monthly,,KG,3.031,3.031,2836.459228515625,xgboost_baseline
PEAR_WILLIAMS,JUMBO,NL-GE,2026-11-01,2026-11-30,Monthly,,KG,3.031,3.031,2836.8115234375,xgboost_baseline
PEAR_WILLIAMS,JUMBO,NL-GE,2026-12-01,2026-12-31,Monthly,,KG,2.57635,3.031,2707.75830078125,xgboost_baseline
PEAR_WILLIAMS,JUMBO,NL-GE,2027-01-01,2027-01-31,Monthly,,KG,3.031,3.031,2769.509521484375,xgboost_baseline
PEAR_WILLIAMS,JUMBO,NL-NB,2026-02-01,2026-02-28,Monthly,,KG,3.184,3.184,2775.840576171875,xgboost_baseline
PEAR_WILLIAMS,JUMBO,NL-NB,2026-03-01,2026-03-31,Monthly,,KG,3.184,3.184,2725.416259765625,xgboost_baseline
PEAR_WILLIAMS,JUMBO,NL-NB,2026-04-01,2026-04-30,Monthly,,KG,3.184,3.184,2724.44921875,xgboost_baseline
PEAR_WILLIAMS,JUMBO,NL-NB,2026-05-01,2026-05-31,Monthly,,KG,3.184,3.184,2779.98193359375,xgboost_baseline
PEAR_WILLIAMS,JUMBO,NL-NB,2026-06-01,2026-06-30,Monthly,,KG,3.184,3.184,2772.361328125,xgboost_baseline
PEAR_WILLIAMS,JUMBO,NL-NB,2026-07-01,2026-07-31,Monthly,,KG,3.184,3.184,2772.530029296875,xgboost_baseline
PEAR_WILLIAMS,JUMBO,NL-NB,2026-08-01,2026-08-31,Monthly,,KG,3.184,3.184,2778.076904296875,xgboost_baseline
PEAR_WILLIAMS,JUMBO,NL-NB,2026-09-01,2026-09-30,Monthly,,KG,3.184,3.184,2778.35693359375,xgboost_baseline
PEAR_WILLIAMS,JUMBO,NL-NB,2026-10-01,2026-10-31,Monthly,,KG,3.184,3.184,2778.35693359375,xgboost_baseline
PEAR_WILLIAMS,JUMBO,NL-NB,2026-11-01,2026-11-30,Monthly,,KG,3.184,3.184,2778.076904296875,xgboost_baseline
PEAR_WILLIAMS,JUMBO,NL-NB,2026-12-01,2026-12-31,Monthly,,KG,3.184,3.184,2778.076904296875,xgboost_baseline
PEAR_WILLIAMS,JUMBO,NL-NB,2027-01-01,2027-01-31,Monthly,,KG,3.184,3.184,2770.152587890625,xgboost_baseline
PEAR_WILLIAMS,JUMBO,NL-NH,2026-02-01,2026-02-28,Monthly,,KG,3.31,3.31,2748.073974609375,xgboost_baseline
PEAR_WILLIAMS,JUMBO,NL-NH,2026-03-01,2026-03-31,Monthly,,KG,3.31,3.31,2709.745849609375,xgboost_baseline
PEAR_WILLIAMS,JUMBO,NL-NH,2026-04-01,2026-04-30,Monthly,,KG,3.31,3.31,2711.158203125,xgboost_baseline
PEAR_WILLIAMS,JUMBO,NL-NH,2026-05-01,2026-05-31,Monthly,,KG,3.31,3.31,2771.522705078125,xgboost_baseline
PEAR_WILLIAMS,JUMBO,NL-NH,2026-06-01,2026-06-30,Monthly,,KG,3.31,3.31,2771.474609375,xgboost_baseline
PEAR_WILLIAMS,JUMBO,NL-NH,2026-07-01,2026-07-31,Monthly,,KG,3.31,3.31,2772.362060546875,xgboost_baseline
PEAR_WILLIAMS,JUMBO,NL-NH,2026-08-01,2026-08-31,Monthly,,KG,3.31,3.31,2778.33349609375,xgboost_baseline
PEAR_WILLIAMS,JUMBO,NL-NH,2026-09-01,2026-09-30,Monthly,,KG,3.31,3.31,2807.95654296875,xgboost_baseline
PEAR_WILLIAMS,JUMBO,NL-NH,2026-10-01,2026-10-31,Monthly,,KG,3.31,3.31,2838.58935546875,xgboost_baseline
PEAR_WILLIAMS,JUMBO,NL-NH,2026-11-01,2026-11-30,Monthly,,KG,3.31,3.31,2838.309326171875,xgboost_baseline
PEAR_WILLIAMS,JUMBO,NL-NH,2026-12-01,2026-12-31,Monthly,,KG,2.8135,3.31,2831.116455078125,xgboost_baseline
PEAR_WILLIAMS,JUMBO,NL-NH,2027-01-01,2027-01-31,Monthly,,KG,3.31,3.31,2830.849365234375,xgboost_baseline
PEAR_WILLIAMS,JUMBO,NL-ZH,2026-02-01,2026-02-28,Monthly,,KG,3.307,3.307,2777.142333984375,xgboost_baseline
PEAR_WILLIAMS,JUMBO,NL-ZH,2026-03-01,2026-03-31,Monthly,,KG,3.307,3.307,2754.123291015625,xgboost_baseline
PEAR_WILLIAMS,JUMBO,NL-ZH,2026-04-01,2026-04-30,Monthly,,KG,3.307,3.307,2722.728271484375,xgboost_baseline
PEAR_WILLIAMS,JUMBO,NL-ZH,2026-05-01,2026-05-31,Monthly,,KG,3.307,3.307,2780.06982421875,xgboost_baseline
PEAR_WILLIAMS,JUMBO,NL-ZH,2026-06-01,2026-06-30,Monthly,,KG,3.307,3.307,2779.15576171875,xgboost_baseline
PEAR_WILLIAMS,JUMBO,NL-ZH,2026-07-01,2026-07-31,Monthly,,KG,3.307,3.307,2772.617919921875,xgboost_baseline
PEAR_WILLIAMS,JUMBO,NL-ZH,2026-08-01,2026-08-31,Monthly,,KG,3.307,3.307,2807.753173828125,xgboost_baseline
PEAR_WILLIAMS,JUMBO,NL-ZH,2026-09-01,2026-09-30,Monthly,,KG,3.307,3.307,2861.4189453125,xgboost_baseline
PEAR_WILLIAMS,JUMBO,NL-ZH,2026-10-01,2026-10-31,Monthly,,KG,3.307,3.307,2861.4189453125,xgboost_baseline
PEAR_WILLIAMS,JUMBO,NL-ZH,2026-11-01,2026-11-30,Monthly,,KG,3.307,3.307,2838.826904296875,xgboost_baseline
PEAR_WILLIAMS,JUMBO,NL-ZH,2026-12-01,2026-12-31,Monthly,,KG,3.307,3.307,2838.810791015625,xgboost_baseline
PEAR_WILLIAMS,JUMBO,NL-ZH,2027-01-01,2027-01-31,Monthly,,KG,3.307,3.307,2828.521728515625,xgboost_baseline
PEAR_WILLIAMS,MELEDI,NL-GE,2026-02-01,2026-02-28,Monthly,,KG,3.048,3.048,2771.08935546875,xgboost_baseline
PEAR_WILLIAMS,MELEDI,NL-GE,2026-03-01,2026-03-31,Monthly,,KG,3.048,3.048,2713.161865234375,xgboost_baseline
PEAR_WILLIAMS,MELEDI,NL-GE,2026-04-01,2026-04-30,Monthly,,KG,3.048,3.048,2713.058349609375,xgboost_baseline
PEAR_WILLIAMS,MELEDI,NL-GE,2026-05-01,2026-05-31,Monthly,,KG,3.048,3.048,2779.700439453125,xgboost_baseline
PEAR_WILLIAMS,MELEDI,NL-GE,2026-06-01,2026-06-30,Monthly,,KG,3.048,3.048,2773.523681640625,xgboost_baseline
PEAR_WILLIAMS,MELEDI,NL-GE,2026-07-01,2026-07-31,Monthly,,KG,3.048,3.048,2773.523681640625,xgboost_baseline
PEAR_WILLIAMS,MELEDI,NL-GE,2026-08-01,2026-08-31,Monthly,,KG,3.048,3.048,2775.717529296875,xgboost_baseline
PEAR_WILLIAMS,MELEDI,NL-GE,2026-09-01,2026-09-30,Monthly,,KG,3.048,3.048,2775.99755859375,xgboost_baseline
PEAR_WILLIAMS,MELEDI,NL-GE,2026-10-01,2026-10-31,Monthly,,KG,3.048,3.048,2775.998779296875,xgboost_baseline
PEAR_WILLIAMS,MELEDI,NL-GE,2026-11-01,2026-11-30,Monthly,,KG,3.048,3.048,2775.71875,xgboost_baseline
PEAR_WILLIAMS,MELEDI,NL-GE,2026-12-01,2026-12-31,Monthly,,KG,3.048,3.048,2775.71875,xgboost_baseline
PEAR_WILLIAMS,MELEDI,NL-GE,2027-01-01,2027-01-31,Monthly,,KG,3.048,3.048,2767.79443359375,xgboost_baseline
PEAR_WILLIAMS,MELEDI,NL-NB,2026-02-01,2026-02-28,Monthly,,KG,3.104,3.104,2771.081298828125,xgboost_baseline
PEAR_WILLIAMS,MELEDI,NL-NB,2026-03-01,2026-03-31,Monthly,,KG,3.104,3.104,2713.161865234375,xgboost_baseline
PEAR_WILLIAMS,MELEDI,NL-NB,2026-04-01,2026-04-30,Monthly,,KG,3.104,3.104,2713.058349609375,xgboost_baseline
PEAR_WILLIAMS,MELEDI,NL-NB,2026-05-01,2026-05-31,Monthly,,KG,3.104,3.104,2779.700439453125,xgboost_baseline
PEAR_WILLIAMS,MELEDI,NL-NB,2026-06-01,2026-06-30,Monthly,,KG,3.104,3.104,2773.523681640625,xgboost_baseline
PEAR_WILLIAMS,MELEDI,NL-NB,2026-07-01,2026-07-31,Monthly,,KG,3.104,3.104,2773.523681640625,xgboost_baseline
PEAR_WILLIAMS,MELEDI,NL-NB,2026-08-01,2026-08-31,Monthly,,KG,3.104,3.104,2775.717529296875,xgboost_baseline
PEAR_WILLIAMS,MELEDI,NL-NB,2026-09-01,2026-09-30,Monthly,,KG,3.104,3.104,2775.99755859375,xgboost_baseline
PEAR_WILLIAMS,MELEDI,NL-NB,2026-10-01,2026-10-31,Monthly,,KG,3.104,3.104,2775.998779296875,xgboost_baseline
PEAR_WILLIAMS,MELEDI,NL-NB,2026-11-01,2026-11-30,Monthly,,KG,3.104,3.104,2775.71875,xgboost_baseline
PEAR_WILLIAMS,MELEDI,NL-NB,2026-12-01,2026-12-31,Monthly,,KG,3.104,3.104,2775.71875,xgboost_baseline
PEAR_WILLIAMS,MELEDI,NL-NB,2027-01-01,2027-01-31,Monthly,,KG,3.104,3.104,2767.79443359375,xgboost_baseline
PEAR_WILLIAMS,MELEDI,NL-NH,2026-02-01,2026-02-28,Monthly,,KG,3.204,3.204,2772.614990234375,xgboost_baseline
PEAR_WILLIAMS,MELEDI,NL-NH,2026-03-01,2026-03-31,Monthly,,KG,3.204,3.204,2713.161865234375,xgboost_baseline
PEAR_WILLIAMS,MELEDI,NL-NH,2026-04-01,2026-04-30,Monthly,,KG,3.204,3.204,2713.058349609375,xgboost_baseline
PEAR_WILLIAMS,MELEDI,NL-NH,2026-05-01,2026-05-31,Monthly,,KG,3.204,3.204,2779.700439453125,xgboost_baseline
PEAR_WILLIAMS,MELEDI,NL-NH,2026-06-01,2026-06-30,Monthly,,KG,3.204,3.204,2773.523681640625,xgboost_baseline
PEAR_WILLIAMS,MELEDI,NL-NH,2026-07-01,2026-07-31,Monthly,,KG,3.204,3.204,2773.523681640625,xgboost_baseline
PEAR_WILLIAMS,MELEDI,NL-NH,2026-08-01,2026-08-31,Monthly,,KG,3.204,3.204,2775.717529296875,xgboost_baseline
PEAR_WILLIAMS,MELEDI,NL-NH,2026-09-01,2026-09-30,Monthly,,KG,3.204,3.204,2775.99755859375,xgboost_baseline
PEAR_WILLIAMS,MELEDI,NL-NH,2026-10-01,2026-10-31,Monthly,,KG,3.204,3.204,2775.998779296875,xgboost_baseline
PEAR_WILLIAMS,MELEDI,NL-NH,2026-11-01,2026-11-30,Monthly,,KG,3.204,3.204,2775.71875,xgboost_baseline
PEAR_WILLIAMS,MELEDI,NL-NH,2026-12-01,2026-12-31,Monthly,,KG,3.204,3.204,2775.71875,xgboost_baseline
PEAR_WILLIAMS,MELEDI,NL-NH,2027-01-01,2027-01-31,Monthly,,KG,3.204,3.204,2767.79443359375,xgboost_baseline
PEAR_WILLIAMS,MELEDI,NL-ZH,2026-02-01,2026-02-28,Monthly,,KG,3.327,3.327,2772.97265625,xgboost_baseline
PEAR_WILLIAMS,MELEDI,NL-ZH,2026-03-01,2026-03-31,Monthly,,KG,3.327,3.327,2713.161865234375,xgboost_baseline
PEAR_WILLIAMS,MELEDI,NL-ZH,2026-04-01,2026-04-30,Monthly,,KG,3.327,3.327,2713.058349609375,xgboost_baseline
PEAR_WILLIAMS,MELEDI,NL-ZH,2026-05-01,2026-05-31,Monthly,,KG,3.327,3.327,2779.700439453125,xgboost_baseline
PEAR_WILLIAMS,MELEDI,NL-ZH,2026-06-01,2026-06-30,Monthly,,KG,3.327,3.327,2773.523681640625,xgboost_baseline
PEAR_WILLIAMS,MELEDI,NL-ZH,2026-07-01,2026-07-31,Monthly,,KG,3.327,3.327,2773.523681640625,xgboost_baseline
PEAR_WILLIAMS,MELEDI,NL-ZH,2026-08-01,2026-08-31,Monthly,,KG,3.327,3.327,2775.717529296875,xgboost_baseline
PEAR_WILLIAMS,MELEDI,NL-ZH,2026-09-01,2026-09-30,Monthly,,KG,3.327,3.327,2775.99755859375,xgboost_baseline
PEAR_WILLIAMS,MELEDI,NL-ZH,2026-10-01,2026-10-31,Monthly,,KG,3.327,3.327,2775.998779296875,xgboost_baseline
PEAR_WILLIAMS,MELEDI,NL-ZH,2026-11-01,2026-11-30,Monthly,,KG,3.327,3.327,2775.71875,xgboost_baseline
PEAR_WILLIAMS,MELEDI,NL-ZH,2026-12-01,2026-12-31,Monthly,,KG,3.327,3.327,2775.71875,xgboost_baseline
PEAR_WILLIAMS,MELEDI,NL-ZH,2027-01-01,2027-01-31,Monthly,,KG,3.327,3.327,2767.79443359375,xgboost_baseline
PEAR_WILLIAMS,PICNIC,NL-GE,2026-02-01,2026-02-28,Monthly,,KG,3.028,3.028,2755.194580078125,xgboost_baseline
PEAR_WILLIAMS,PICNIC,NL-GE,2026-03-01,2026-03-31,Monthly,,KG,3.028,3.028,2713.161865234375,xgboost_baseline
PEAR_WILLIAMS,PICNIC,NL-GE,2026-04-01,2026-04-30,Monthly,,KG,3.028,3.028,2713.058349609375,xgboost_baseline
PEAR_WILLIAMS,PICNIC,NL-GE,2026-05-01,2026-05-31,Monthly,,KG,3.028,3.028,2779.700439453125,xgboost_baseline
PEAR_WILLIAMS,PICNIC,NL-GE,2026-06-01,2026-06-30,Monthly,,KG,3.028,3.028,2773.523681640625,xgboost_baseline
PEAR_WILLIAMS,PICNIC,NL-GE,2026-07-01,2026-07-31,Monthly,,KG,3.028,3.028,2773.523681640625,xgboost_baseline
PEAR_WILLIAMS,PICNIC,NL-GE,2026-08-01,2026-08-31,Monthly,,KG,3.028,3.028,2775.99755859375,xgboost_baseline
PEAR_WILLIAMS,PICNIC,NL-GE,2026-09-01,2026-09-30,Monthly,,KG,3.028,3.028,2775.99755859375,xgboost_baseline
PEAR_WILLIAMS,PICNIC,NL-GE,2026-10-01,2026-10-31,Monthly,,KG,3.028,3.028,2775.998779296875,xgboost_baseline
PEAR_WILLIAMS,PICNIC,NL-GE,2026-11-01,2026-11-30,Monthly,,KG,3.028,3.028,2775.71875,xgboost_baseline
PEAR_WILLIAMS,PICNIC,NL-GE,2026-12-01,2026-12-31,Monthly,,KG,3.028,3.028,2775.71875,xgboost_baseline
PEAR_WILLIAMS,PICNIC,NL-GE,2027-01-01,2027-01-31,Monthly,,KG,3.028,3.028,2767.79443359375,xgboost_baseline
PEAR_WILLIAMS,PICNIC,NL-NB,2026-02-01,2026-02-28,Monthly,,KG,3.141,3.141,2772.614990234375,xgboost_baseline
PEAR_WILLIAMS,PICNIC,NL-NB,2026-03-01,2026-03-31,Monthly,,KG,3.141,3.141,2713.161865234375,xgboost_baseline
PEAR_WILLIAMS,PICNIC,NL-NB,2026-04-01,2026-04-30,Monthly,,KG,3.141,3.141,2713.058349609375,xgboost_baseline
PEAR_WILLIAMS,PICNIC,NL-NB,2026-05-01,2026-05-31,Monthly,,KG,3.141,3.141,2779.700439453125,xgboost_baseline
PEAR_WILLIAMS,PICNIC,NL-NB,2026-06-01,2026-06-30,Monthly,,KG,3.141,3.141,2773.523681640625,xgboost_baseline
PEAR_WILLIAMS,PICNIC,NL-NB,2026-07-01,2026-07-31,Monthly,,KG,3.141,3.141,2773.523681640625,xgboost_baseline
PEAR_WILLIAMS,PICNIC,NL-NB,2026-08-01,2026-08-31,Monthly,,KG,3.141,3.141,2775.717529296875,xgboost_baseline
PEAR_WILLIAMS,PICNIC,NL-NB,2026-09-01,2026-09-30,Monthly,,KG,3.141,3.141,2775.99755859375,xgboost_baseline
PEAR_WILLIAMS,PICNIC,NL-NB,2026-10-01,2026-10-31,Monthly,,KG,3.141,3.141,2775.998779296875,xgboost_baseline
PEAR_WILLIAMS,PICNIC,NL-NB,2026-11-01,2026-11-30,Monthly,,KG,3.141,3.141,2775.71875,xgboost_baseline
PEAR_WILLIAMS,PICNIC,NL-NB,2026-12-01,2026-12-31,Monthly,,KG,3.141,3.141,2775.71875,xgboost_baseline
PEAR_WILLIAMS,PICNIC,NL-NB,2027-01-01,2027-01-31,Monthly,,KG,3.141,3.141,2767.79443359375,xgboost_baseline
PEAR_WILLIAMS,PICNIC,NL-NH,2026-02-01,2026-02-28,Monthly,,KG,3.289,3.289,2772.614990234375,xgboost_baseline
PEAR_WILLIAMS,PICNIC,NL-NH,2026-03-01,2026-03-31,Monthly,,KG,3.289,3.289,2713.161865234375,xgboost_baseline
PEAR_WILLIAMS,PICNIC,NL-NH,2026-04-01,2026-04-30,Monthly,,KG,3.289,3.289,2713.058349609375,xgboost_baseline
PEAR_WILLIAMS,PICNIC,NL-NH,2026-05-01,2026-05-31,Monthly,,KG,3.289,3.289,2779.700439453125,xgboost_baseline
PEAR_WILLIAMS,PICNIC,NL-NH,2026-06-01,2026-06-30,Monthly,,KG,3.289,3.289,2773.523681640625,xgboost_baseline
PEAR_WILLIAMS,PICNIC,NL-NH,2026-07-01,2026-07-31,Monthly,,KG,3.289,3.289,2773.523681640625,xgboost_baseline
PEAR_WILLIAMS,PICNIC,NL-NH,2026-08-01,2026-08-31,Monthly,,KG,3.289,3.289,2775.717529296875,xgboost_baseline
PEAR_WILLIAMS,PICNIC,NL-NH,2026-09-01,2026-09-30,Monthly,,KG,3.289,3.289,2775.99755859375,xgboost_baseline
PEAR_WILLIAMS,PICNIC,NL-NH,2026-10-01,2026-10-31,Monthly,,KG,3.289,3.289,2775.998779296875,xgboost_baseline
PEAR_WILLIAMS,PICNIC,NL-NH,2026-11-01,2026-11-30,Monthly,,KG,3.289,3.289,2775.71875,xgboost_baseline
PEAR_WILLIAMS,PICNIC,NL-NH,2026-12-01,2026-12-31,Monthly,,KG,3.289,3.289,2775.71875,xgboost_baseline
PEAR_WILLIAMS,PICNIC,NL-NH,2027-01-01,2027-01-31,Monthly,,KG,3.289,3.289,2767.79443359375,xgboost_baseline
PEAR_WILLIAMS,PICNIC,NL-ZH,2026-02-01,2026-02-28,Monthly,,KG,3.349,3.349,2771.081298828125,xgboost_baseline
PEAR_WILLIAMS,PICNIC,NL-ZH,2026-03-01,2026-03-31,Monthly,,KG,3.349,3.349,2713.161865234375,xgboost_baseline
PEAR_WILLIAMS,PICNIC,NL-ZH,2026-04-01,2026-04-30,Monthly,,KG,3.349,3.349,2713.058349609375,xgboost_baseline
PEAR_WILLIAMS,PICNIC,NL-ZH,2026-05-01,2026-05-31,Monthly,,KG,3.349,3.349,2779.700439453125,xgboost_baseline
PEAR_WILLIAMS,PICNIC,NL-ZH,2026-06-01,2026-06-30,Monthly,,KG,3.349,3.349,2773.523681640625,xgboost_baseline
PEAR_WILLIAMS,PICNIC,NL-ZH,2026-07-01,2026-07-31,Monthly,,KG,3.349,3.349,2773.523681640625,xgboost_baseline
PEAR_WILLIAMS,PICNIC,NL-ZH,2026-08-01,2026-08-31,Monthly,,KG,3.349,3.349,2775.717529296875,xgboost_baseline
PEAR_WILLIAMS,PICNIC,NL-ZH,2026-09-01,2026-09-30,Monthly,,KG,3.349,3.349,2775.99755859375,xgboost_baseline
PEAR_WILLIAMS,PICNIC,NL-ZH,2026-10-01,2026-10-31,Monthly,,KG,3.349,3.349,2775.998779296875,xgboost_baseline
PEAR_WILLIAMS,PICNIC,NL-ZH,2026-11-01,2026-11-30,Monthly,,KG,3.349,3.349,2775.71875,xgboost_baseline
PEAR_WILLIAMS,PICNIC,NL-ZH,2026-12-01,2026-12-31,Monthly,,KG,3.349,3.349,2775.71875,xgboost_baseline
PEAR_WILLIAMS,PICNIC,NL-ZH,2027-01-01,2027-01-31,Monthly,,KG,3.349,3.349,2767.79443359375,xgboost_baseline
PEAR_WILLIAMS,PLUS,NL-GE,2026-02-01,2026-02-28,Monthly,,KG,3.053,3.053,2772.9169921875,xgboost_baseline
PEAR_WILLIAMS,PLUS,NL-GE,2026-03-01,2026-03-31,Monthly,,KG,3.053,3.053,2724.765380859375,xgboost_baseline
PEAR_WILLIAMS,PLUS,NL-GE,2026-04-01,2026-04-30,Monthly,,KG,3.053,3.053,2711.1123046875,xgboost_baseline
PEAR_WILLIAMS,PLUS,NL-GE,2026-05-01,2026-05-31,Monthly,,KG,3.053,3.053,2777.650146484375,xgboost_baseline
PEAR_WILLIAMS,PLUS,NL-GE,2026-06-01,2026-06-30,Monthly,,KG,3.053,3.053,2771.473388671875,xgboost_baseline
PEAR_WILLIAMS,PLUS,NL-GE,2026-07-01,2026-07-31,Monthly,,KG,3.053,3.053,2772.52880859375,xgboost_baseline
PEAR_WILLIAMS,PLUS,NL-GE,2026-08-01,2026-08-31,Monthly,,KG,3.053,3.053,2778.053466796875,xgboost_baseline
PEAR_WILLIAMS,PLUS,NL-GE,2026-09-01,2026-09-30,Monthly,,KG,3.053,3.053,2778.35693359375,xgboost_baseline
PEAR_WILLIAMS,PLUS,NL-GE,2026-10-01,2026-10-31,Monthly,,KG,3.053,3.053,2778.35693359375,xgboost_baseline
PEAR_WILLIAMS,PLUS,NL-GE,2026-11-01,2026-11-30,Monthly,,KG,3.053,3.053,2778.076904296875,xgboost_baseline
PEAR_WILLIAMS,PLUS,NL-GE,2026-12-01,2026-12-31,Monthly,,KG,3.053,3.053,2778.076904296875,xgboost_baseline
PEAR_WILLIAMS,PLUS,NL-GE,2027-01-01,2027-01-31,Monthly,,KG,3.053,3.053,2770.152587890625,xgboost_baseline
PEAR_WILLIAMS,PLUS,NL-NB,2026-02-01,2026-02-28,Monthly,,KG,3.198,3.198,2775.653076171875,xgboost_baseline
PEAR_WILLIAMS,PLUS,NL-NB,2026-03-01,2026-03-31,Monthly,,KG,3.198,3.198,2721.493896484375,xgboost_baseline
PEAR_WILLIAMS,PLUS,NL-NB,2026-04-01,2026-04-30,Monthly,,KG,3.198,3.198,2723.922119140625,xgboost_baseline
PEAR_WILLIAMS,PLUS,NL-NB,2026-05-01,2026-05-31,Monthly,,KG,3.198,3.198,2777.65185546875,xgboost_baseline
PEAR_WILLIAMS,PLUS,NL-NB,2026-06-01,2026-06-30,Monthly,,KG,2.8782,3.198,2771.925048828125,xgboost_baseline
PEAR_WILLIAMS,PLUS,NL-NB,2026-07-01,2026-07-31,Monthly,,KG,3.198,3.198,2772.52978515625,xgboost_baseline
PEAR_WILLIAMS,PLUS,NL-NB,2026-08-01,2026-08-31,Monthly,,KG,3.198,3.198,2778.076904296875,xgboost_baseline
PEAR_WILLIAMS,PLUS,NL-NB,2026-09-01,2026-09-30,Monthly,,KG,3.198,3.198,2807.95654296875,xgboost_baseline
PEAR_WILLIAMS,PLUS,NL-NB,2026-10-01,2026-10-31,Monthly,,KG,3.198,3.198,2838.58935546875,xgboost_baseline
PEAR_WILLIAMS,PLUS,NL-NB,2026-11-01,2026-11-30,Monthly,,KG,3.198,3.198,2838.332763671875,xgboost_baseline
PEAR_WILLIAMS,PLUS,NL-NB,2026-12-01,2026-12-31,Monthly,,KG,3.198,3.198,2838.773681640625,xgboost_baseline
PEAR_WILLIAMS,PLUS,NL-NB,2027-01-01,2027-01-31,Monthly,,KG,3.198,3.198,2830.849365234375,xgboost_baseline
PEAR_WILLIAMS,PLUS,NL-NH,2026-02-01,2026-02-28,Monthly,,KG,3.31,3.31,2770.432373046875,xgboost_baseline
PEAR_WILLIAMS,PLUS,NL-NH,2026-03-01,2026-03-31,Monthly,,KG,3.31,3.31,2728.765380859375,xgboost_baseline
PEAR_WILLIAMS,PLUS,NL-NH,2026-04-01,2026-04-30,Monthly,,KG,3.31,3.31,2723.922119140625,xgboost_baseline
PEAR_WILLIAMS,PLUS,NL-NH,2026-05-01,2026-05-31,Monthly,,KG,3.31,3.31,2777.65185546875,xgboost_baseline
PEAR_WILLIAMS,PLUS,NL-NH,2026-06-01,2026-06-30,Monthly,,KG,3.31,3.31,2771.473388671875,xgboost_baseline
PEAR_WILLIAMS,PLUS,NL-NH,2026-07-01,2026-07-31,Monthly,,KG,3.31,3.31,2772.52978515625,xgboost_baseline
PEAR_WILLIAMS,PLUS,NL-NH,2026-08-01,2026-08-31,Monthly,,KG,3.31,3.31,2903.943603515625,xgboost_baseline
PEAR_WILLIAMS,PLUS,NL-NH,2026-09-01,2026-09-30,Monthly,,KG,3.31,3.31,2838.58935546875,xgboost_baseline
PEAR_WILLIAMS,PLUS,NL-NH,2026-10-01,2026-10-31,Monthly,,KG,3.31,3.31,2838.58935546875,xgboost_baseline
PEAR_WILLIAMS,PLUS,NL-NH,2026-11-01,2026-11-30,Monthly,,KG,3.31,3.31,2838.710693359375,xgboost_baseline
PEAR_WILLIAMS,PLUS,NL-NH,2026-12-01,2026-12-31,Monthly,,KG,3.31,3.31,2838.734130859375,xgboost_baseline
PEAR_WILLIAMS,PLUS,NL-NH,2027-01-01,2027-01-31,Monthly,,KG,3.31,3.31,2830.849365234375,xgboost_baseline
PEAR_WILLIAMS,PLUS,NL-ZH,2026-02-01,2026-02-28,Monthly,,KG,3.364,3.364,2766.153564453125,xgboost_baseline
PEAR_WILLIAMS,PLUS,NL-ZH,2026-03-01,2026-03-31,Monthly,,KG,3.364,3.364,2726.6005859375,xgboost_baseline
PEAR_WILLIAMS,PLUS,NL-ZH,2026-04-01,2026-04-30,Monthly,,KG,3.364,3.364,2721.312744140625,xgboost_baseline
PEAR_WILLIAMS,PLUS,NL-ZH,2026-05-01,2026-05-31,Monthly,,KG,3.364,3.364,2775.120849609375,xgboost_baseline
PEAR_WILLIAMS,PLUS,NL-ZH,2026-06-01,2026-06-30,Monthly,,KG,3.364,3.364,2772.36376953125,xgboost_baseline
PEAR_WILLIAMS,PLUS,NL-ZH,2026-07-01,2026-07-31,Monthly,,KG,3.364,3.364,2772.530029296875,xgboost_baseline
PEAR_WILLIAMS,PLUS,NL-ZH,2026-08-01,2026-08-31,Monthly,,KG,3.364,3.364,2807.676513671875,xgboost_baseline
PEAR_WILLIAMS,PLUS,NL-ZH,2026-09-01,2026-09-30,Monthly,,KG,3.364,3.364,2861.341796875,xgboost_baseline
PEAR_WILLIAMS,PLUS,NL-ZH,2026-10-01,2026-10-31,Monthly,,KG,3.364,3.364,3056.1875,xgboost_baseline
PEAR_WILLIAMS,PLUS,NL-ZH,2026-11-01,2026-11-30,Monthly,,KG,3.364,3.364,2929.85546875,xgboost_baseline
PEAR_WILLIAMS,PLUS,NL-ZH,2026-12-01,2026-12-31,Monthly,,KG,3.364,3.364,2903.666748046875,xgboost_baseline
PEAR_WILLIAMS,PLUS,NL-ZH,2027-01-01,2027-01-31,Monthly,,KG,3.364,3.364,2822.65625,xgboost_baseline
PEAR_WILLIAMS,SLIGRO,NL-GE,2026-02-01,2026-02-28,Monthly,,KG,3.042,3.042,2771.081298828125,xgboost_baseline
PEAR_WILLIAMS,SLIGRO,NL-GE,2026-03-01,2026-03-31,Monthly,,KG,3.042,3.042,2713.161865234375,xgboost_baseline
PEAR_WILLIAMS,SLIGRO,NL-GE,2026-04-01,2026-04-30,Monthly,,KG,3.042,3.042,2713.058349609375,xgboost_baseline
PEAR_WILLIAMS,SLIGRO,NL-GE,2026-05-01,2026-05-31,Monthly,,KG,3.042,3.042,2779.700439453125,xgboost_baseline
PEAR_WILLIAMS,SLIGRO,NL-GE,2026-06-01,2026-06-30,Monthly,,KG,3.042,3.042,2773.523681640625,xgboost_baseline
PEAR_WILLIAMS,SLIGRO,NL-GE,2026-07-01,2026-07-31,Monthly,,KG,3.042,3.042,2773.523681640625,xgboost_baseline
PEAR_WILLIAMS,SLIGRO,NL-GE,2026-08-01,2026-08-31,Monthly,,KG,3.042,3.042,2775.717529296875,xgboost_baseline
PEAR_WILLIAMS,SLIGRO,NL-GE,2026-09-01,2026-09-30,Monthly,,KG,3.042,3.042,2775.99755859375,xgboost_baseline
PEAR_WILLIAMS,SLIGRO,NL-GE,2026-10-01,2026-10-31,Monthly,,KG,3.042,3.042,2775.998779296875,xgboost_baseline
PEAR_WILLIAMS,SLIGRO,NL-GE,2026-11-01,2026-11-30,Monthly,,KG,3.042,3.042,2775.71875,xgboost_baseline
PEAR_WILLIAMS,SLIGRO,NL-GE,2026-12-01,2026-12-31,Monthly,,KG,3.042,3.042,2775.71875,xgboost_baseline
PEAR_WILLIAMS,SLIGRO,NL-GE,2027-01-01,2027-01-31,Monthly,,KG,3.042,3.042,2767.79443359375,xgboost_baseline
PEAR_WILLIAMS,SLIGRO,NL-NB,2026-02-01,2026-02-28,Monthly,,KG,3.182,3.182,2771.081298828125,xgboost_baseline
PEAR_WILLIAMS,SLIGRO,NL-NB,2026-03-01,2026-03-31,Monthly,,KG,3.182,3.182,2713.161865234375,xgboost_baseline
PEAR_WILLIAMS,SLIGRO,NL-NB,2026-04-01,2026-04-30,Monthly,,KG,3.182,3.182,2713.058349609375,xgboost_baseline
PEAR_WILLIAMS,SLIGRO,NL-NB,2026-05-01,2026-05-31,Monthly,,KG,3.182,3.182,2779.700439453125,xgboost_baseline
PEAR_WILLIAMS,SLIGRO,NL-NB,2026-06-01,2026-06-30,Monthly,,KG,3.182,3.182,2773.523681640625,xgboost_baseline
PEAR_WILLIAMS,SLIGRO,NL-NB,2026-07-01,2026-07-31,Monthly,,KG,3.182,3.182,2773.523681640625,xgboost_baseline
PEAR_WILLIAMS,SLIGRO,NL-NB,2026-08-01,2026-08-31,Monthly,,KG,3.182,3.182,2775.717529296875,xgboost_baseline
PEAR_WILLIAMS,SLIGRO,NL-NB,2026-09-01,2026-09-30,Monthly,,KG,2.5456000000000003,3.182,2626.66064453125,xgboost_baseline
PEAR_WILLIAMS,SLIGRO,NL-NB,2026-10-01,2026-10-31,Monthly,,KG,3.182,3.182,2771.2763671875,xgboost_baseline
PEAR_WILLIAMS,SLIGRO,NL-NB,2026-11-01,2026-11-30,Monthly,,KG,3.182,3.182,2775.044189453125,xgboost_baseline
PEAR_WILLIAMS,SLIGRO,NL-NB,2026-12-01,2026-12-31,Monthly,,KG,3.182,3.182,2764.43994140625,xgboost_baseline
PEAR_WILLIAMS,SLIGRO,NL-NB,2027-01-01,2027-01-31,Monthly,,KG,3.182,3.182,2767.782470703125,xgboost_baseline
PEAR_WILLIAMS,SLIGRO,NL-NH,2026-02-01,2026-02-28,Monthly,,KG,3.237,3.237,2772.614990234375,xgboost_baseline
PEAR_WILLIAMS,SLIGRO,NL-NH,2026-03-01,2026-03-31,Monthly,,KG,3.237,3.237,2713.161865234375,xgboost_baseline
PEAR_WILLIAMS,SLIGRO,NL-NH,2026-04-01,2026-04-30,Monthly,,KG,3.237,3.237,2713.058349609375,xgboost_baseline
PEAR_WILLIAMS,SLIGRO,NL-NH,2026-05-01,2026-05-31,Monthly,,KG,3.237,3.237,2779.700439453125,xgboost_baseline
PEAR_WILLIAMS,SLIGRO,NL-NH,2026-06-01,2026-06-30,Monthly,,KG,3.237,3.237,2773.523681640625,xgboost_baseline
PEAR_WILLIAMS,SLIGRO,NL-NH,2026-07-01,2026-07-31,Monthly,,KG,3.237,3.237,2773.523681640625,xgboost_baseline
PEAR_WILLIAMS,SLIGRO,NL-NH,2026-08-01,2026-08-31,Monthly,,KG,3.237,3.237,2775.717529296875,xgboost_baseline
PEAR_WILLIAMS,SLIGRO,NL-NH,2026-09-01,2026-09-30,Monthly,,KG,3.237,3.237,2775.99755859375,xgboost_baseline
PEAR_WILLIAMS,SLIGRO,NL-NH,2026-10-01,2026-10-31,Monthly,,KG,3.237,3.237,2775.998779296875,xgboost_baseline
PEAR_WILLIAMS,SLIGRO,NL-NH,2026-11-01,2026-11-30,Monthly,,KG,3.237,3.237,2775.71875,xgboost_baseline
PEAR_WILLIAMS,SLIGRO,NL-NH,2026-12-01,2026-12-31,Monthly,,KG,3.237,3.237,2775.71875,xgboost_baseline
PEAR_WILLIAMS,SLIGRO,NL-NH,2027-01-01,2027-01-31,Monthly,,KG,3.237,3.237,2767.79443359375,xgboost_baseline
PEAR_WILLIAMS,SLIGRO,NL-ZH,2026-02-01,2026-02-28,Monthly,,KG,3.344,3.344,2771.081298828125,xgboost_baseline
PEAR_WILLIAMS,SLIGRO,NL-ZH,2026-03-01,2026-03-31,Monthly,,KG,3.344,3.344,2713.161865234375,xgboost_baseline
PEAR_WILLIAMS,SLIGRO,NL-ZH,2026-04-01,2026-04-30,Monthly,,KG,3.344,3.344,2713.058349609375,xgboost_baseline
PEAR_WILLIAMS,SLIGRO,NL-ZH,2026-05-01,2026-05-31,Monthly,,KG,3.344,3.344,2779.700439453125,xgboost_baseline
PEAR_WILLIAMS,SLIGRO,NL-ZH,2026-06-01,2026-06-30,Monthly,,KG,3.344,3.344,2773.523681640625,xgboost_baseline
PEAR_WILLIAMS,SLIGRO,NL-ZH,2026-07-01,2026-07-31,Monthly,,KG,3.344,3.344,2773.523681640625,xgboost_baseline
PEAR_WILLIAMS,SLIGRO,NL-ZH,2026-08-01,2026-08-31,Monthly,,KG,3.344,3.344,2775.717529296875,xgboost_baseline
PEAR_WILLIAMS,SLIGRO,NL-ZH,2026-09-01,2026-09-30,Monthly,,KG,3.344,3.344,2775.99755859375,xgboost_baseline
PEAR_WILLIAMS,SLIGRO,NL-ZH,2026-10-01,2026-10-31,Monthly,,KG,3.344,3.344,2775.998779296875,xgboost_baseline
PEAR_WILLIAMS,SLIGRO,NL-ZH,2026-11-01,2026-11-30,Monthly,,KG,3.344,3.344,2775.71875,xgboost_baseline
PEAR_WILLIAMS,SLIGRO,NL-ZH,2026-12-01,2026-12-31,Monthly,,KG,3.344,3.344,2775.71875,xgboost_baseline
PEAR_WILLIAMS,SLIGRO,NL-ZH,2027-01-01,2027-01-31,Monthly,,KG,3.344,3.344,2767.79443359375,xgboost_baseline
