ProductID,ChannelID,LocationID,StartDate,EndDate,Period,Qty,UOM,NetPrice,ListPrice,ForecastQty,Method
APPLE_ELSTAR,AH,NL-GE,2026-02-01,2026-02-28,Monthly,,KG,2.3267200000000003,2.644,3137.33935546875,xgboost_feat
APPLE_ELSTAR,AH,NL-GE,2026-03-01,2026-03-31,Monthly,,KG,2.644,2.644,3101.518798828125,xgboost_feat
APPLE_ELSTAR,AH,NL-GE,2026-04-01,2026-04-30,Monthly,,KG,2.644,2.644,3001.520751953125,xgboost_feat
APPLE_ELSTAR,AH,NL-GE,2026-05-01,2026-05-31,Monthly,,KG,2.644,2.644,2721.51123046875,xgboost_feat
APPLE_ELSTAR,AH,NL-GE,2026-06-01,2026-06-30,Monthly,,KG,2.644,2.644,2665.29345703125,xgboost_feat
APPLE_ELSTAR,AH,NL-GE,2026-07-01,2026-07-31,Monthly,,KG,2.644,2.644,2577.543701171875,xgboost_feat
APPLE_ELSTAR,AH,NL-GE,2026-08-01,2026-08-31,Monthly,,KG,2.644,2.644,2638.532958984375,xgboost_feat
APPLE_ELSTAR,AH,NL-GE,2026-09-01,2026-09-30,Monthly,,KG,2.644,2.644,2639.226318359375,xgboost_feat
APPLE_ELSTAR,AH,NL-GE,2026-10-01,2026-10-31,Monthly,,KG,2.644,2.644,2896.742431640625,xgboost_feat
APPLE_ELSTAR,AH,NL-GE,2026-11-01,2026-11-30,Monthly,,KG,2.644,2.644,3119.989501953125,xgboost_feat
APPLE_ELSTAR,AH,NL-GE,2026-12-01,2026-12-31,Monthly,,KG,2.644,2.644,3108.387939453125,xgboost_feat
APPLE_ELSTAR,AH,NL-GE,2027-01-01,2027-01-31,Monthly,,KG,2.644,2.644,3144.4833984375,xgboost_feat
APPLE_ELSTAR,AH,NL-NB,2026-02-01,2026-02-28,Monthly,,KG,2.62,2.62,3156.99169921875,xgboost_feat
APPLE_ELSTAR,AH,NL-NB,2026-03-01,2026-03-31,Monthly,,KG,2.62,2.62,2944.59130859375,xgboost_feat
APPLE_ELSTAR,AH,NL-NB,2026-04-01,2026-04-30,Monthly,,KG,2.62,2.62,3078.575439453125,xgboost_feat
APPLE_ELSTAR,AH,NL-NB,2026-05-01,2026-05-31,Monthly,,KG,2.62,2.62,2720.396728515625,xgboost_feat
APPLE_ELSTAR,AH,NL-NB,2026-06-01,2026-06-30,Monthly,,KG,2.62,2.62,2667.26904296875,xgboost_feat
APPLE_ELSTAR,AH,NL-NB,2026-07-01,2026-07-31,Monthly,,KG,2.62,2.62,2613.907958984375,xgboost_feat
APPLE_ELSTAR,AH,NL-NB,2026-08-01,2026-08-31,Monthly,,KG,2.62,2.62,2611.861572265625,xgboost_feat
APPLE_ELSTAR,AH,NL-NB,2026-09-01,2026-09-30,Monthly,,KG,2.62,2.62,2632.45849609375,xgboost_feat
APPLE_ELSTAR,AH,NL-NB,2026-10-01,2026-10-31,Monthly,,KG,2.3056,2.62,2935.24365234375,xgboost_feat
APPLE_ELSTAR,AH,NL-NB,2026-11-01,2026-11-30,Monthly,,KG,2.3056,2.62,3102.396240234375,xgboost_feat
APPLE_ELSTAR,AH,NL-NB,2026-12-01,2026-12-31,Monthly,,KG,2.62,2.62,3117.87548828125,xgboost_feat
APPLE_ELSTAR,AH,NL-NB,2027-01-01,2027-01-31,Monthly,,KG,2.62,2.62,3141.056640625,xgboost_feat
APPLE_ELSTAR,AH,NL-NH,2026-02-01,2026-02-28,Monthly,,KG,2.758,2.758,3079.4677734375,xgboost_feat
APPLE_ELSTAR,AH,NL-NH,2026-03-01,2026-03-31,Monthly,,KG,2.758,2.758,3035.29150390625,xgboost_feat
APPLE_ELSTAR,AH,NL-NH,2026-04-01,2026-04-30,Monthly,,KG,2.758,2.758,2995.707275390625,xgboost_feat
APPLE_ELSTAR,AH,NL-NH,2026-05-01,2026-05-31,Monthly,,KG,2.758,2.758,2921.99951171875,xgboost_feat
APPLE_ELSTAR,AH,NL-NH,2026-06-01,2026-06-30,Monthly,,KG,2.758,2.758,2676.587158203125,xgboost_feat
APPLE_ELSTAR,AH,NL-NH,2026-07-01,2026-07-31,Monthly,,KG,2.758,2.758,2697.5439453125,xgboost_feat
APPLE_ELSTAR,AH,NL-NH,2026-08-01,2026-08-31,Monthly,,KG,2.758,2.758,2769.9521484375,xgboost_feat
APPLE_ELSTAR,AH,NL-NH,2026-09-01,2026-09-30,Monthly,,KG,2.758,2.758,2742.094970703125,xgboost_feat
APPLE_ELSTAR,AH,NL-NH,2026-10-01,2026-10-31,Monthly,,KG,2.758,2.758,2912.976318359375,xgboost_feat
APPLE_ELSTAR,AH,NL-NH,2026-11-01,2026-11-30,Monthly,,KG,2.758,2.758,2956.75634765625,xgboost_feat
APPLE_ELSTAR,AH,NL-NH,2026-12-01,2026-12-31,Monthly,,KG,2.758,2.758,3137.0556640625,xgboost_feat
APPLE_ELSTAR,AH,NL-NH,2027-01-01,2027-01-31,Monthly,,KG,2.758,2.758,3137.428466796875,xgboost_feat
APPLE_ELSTAR,AH,NL-ZH,2026-02-01,2026-02-28,Monthly,,KG,2.783,2.783,2947.72509765625,xgboost_feat
APPLE_ELSTAR,AH,NL-ZH,2026-03-01,2026-03-31,Monthly,,KG,2.783,2.783,2982.17822265625,xgboost_feat
APPLE_ELSTAR,AH,NL-ZH,2026-04-01,2026-04-30,Monthly,,KG,2.783,2.783,2907.6162109375,xgboost_feat
APPLE_ELSTAR,AH,NL-ZH,2026-05-01,2026-05-31,Monthly,,KG,2.783,2.783,2765.623779296875,xgboost_feat
APPLE_ELSTAR,AH,NL-ZH,2026-06-01,2026-06-30,Monthly,,KG,2.783,2.783,2714.788330078125,xgboost_feat
APPLE_ELSTAR,AH,NL-ZH,2026-07-01,2026-07-31,Monthly,,KG,2.783,2.783,2702.23876953125,xgboost_feat
APPLE_ELSTAR,AH,NL-ZH,2026-08-01,2026-08-31,Monthly,,KG,2.783,2.783,2747.022705078125,xgboost_feat
APPLE_ELSTAR,AH,NL-ZH,2026-09-01,2026-09-30,Monthly,,KG,2.783,2.783,2743.9931640625,xgboost_feat
APPLE_ELSTAR,AH,NL-ZH,2026-10-01,2026-10-31,Monthly,,KG,2.783,2.783,2913.53955078125,xgboost_feat
APPLE_ELSTAR,AH,NL-ZH,2026-11-01,2026-11-30,Monthly,,KG,2.783,2.783,3010.728515625,xgboost_feat
APPLE_ELSTAR,AH,NL-ZH,2026-12-01,2026-12-31,Monthly,,KG,2.783,2.783,3137.170166015625,xgboost_feat
APPLE_ELSTAR,AH,NL-ZH,2027-01-01,2027-01-31,Monthly,,KG,2.783,2.783,3136.97314453125,xgboost_feat
APPLE_ELSTAR,FLINK,NL-GE,2026-02-01,2026-02-28,Monthly,,KG,2.543,2.543,3035.34130859375,xgboost_feat
APPLE_ELSTAR,FLINK,NL-GE,2026-03-01,2026-03-31,Monthly,,KG,2.543,2.543,3021.437255859375,xgboost_feat
APPLE_ELSTAR,FLINK,NL-GE,2026-04-01,2026-04-30,Monthly,,KG,2.543,2.543,2947.03076171875,xgboost_feat
APPLE_ELSTAR,FLINK,NL-GE,2026-05-01,2026-05-31,Monthly,,KG,2.543,2.543,2602.9072265625,xgboost_feat
APPLE_ELSTAR,FLINK,NL-GE,2026-06-01,2026-06-30,Monthly,,KG,2.543,2.543,2538.566650390625,xgboost_feat
APPLE_ELSTAR,FLINK,NL-GE,2026-07-01,2026-07-31,Monthly,,KG,2.543,2.543,2538.09619140625,xgboost_feat
APPLE_ELSTAR,FLINK,NL-GE,2026-08-01,2026-08-31,Monthly,,KG,2.543,2.543,2521.9033203125,xgboost_feat
APPLE_ELSTAR,FLINK,NL-GE,2026-09-01,2026-09-30,Monthly,,KG,2.543,2.543,2522.197021484375,xgboost_feat
APPLE_ELSTAR,FLINK,NL-GE,2026-10-01,2026-10-31,Monthly,,KG,2.543,2.543,2842.300048828125,xgboost_feat
APPLE_ELSTAR,FLINK,NL-GE,2026-11-01,2026-11-30,Monthly,,KG,2.543,2.543,2990.240478515625,xgboost_feat
APPLE_ELSTAR,FLINK,NL-GE,2026-12-01,2026-12-31,Monthly,,KG,2.543,2.543,2972.6142578125,xgboost_feat
APPLE_ELSTAR,FLINK,NL-GE,2027-01-01,2027-01-31,Monthly,,KG,2.543,2.543,2977.832763671875,xgboost_feat
APPLE_ELSTAR,FLINK,NL-NB,2026-02-01,2026-02-28,Monthly,,KG,2.667,2.667,3060.20263671875,xgboost_feat
APPLE_ELSTAR,FLINK,NL-NB,2026-03-01,2026-03-31,Monthly,,KG,2.667,2.667,2975.36669921875,xgboost_feat
APPLE_ELSTAR,FLINK,NL-NB,2026-04-01,2026-04-30,Monthly,,KG,2.667,2.667,2965.642578125,xgboost_feat
APPLE_ELSTAR,FLINK,NL-NB,2026-05-01,2026-05-31,Monthly,,KG,2.667,2.667,2588.743408203125,xgboost_feat
APPLE_ELSTAR,FLINK,NL-NB,2026-06-01,2026-06-30,Monthly,,KG,2.667,2.667,2572.685302734375,xgboost_feat
APPLE_ELSTAR,FLINK,NL-NB,2026-07-01,2026-07-31,Monthly,,KG,2.667,2.667,2557.021484375,xgboost_feat
APPLE_ELSTAR,FLINK,NL-NB,2026-08-01,2026-08-31,Monthly,,KG,2.667,2.667,2553.49951171875,xgboost_feat
APPLE_ELSTAR,FLINK,NL-NB,2026-09-01,2026-09-30,Monthly,,KG,2.667,2.667,2539.679931640625,xgboost_feat
APPLE_ELSTAR,FLINK,NL-NB,2026-10-01,2026-10-31,Monthly,,KG,2.667,2.667,2879.285888671875,xgboost_feat
APPLE_ELSTAR,FLINK,NL-NB,2026-11-01,2026-11-30,Monthly,,KG,2.667,2.667,3013.206787109375,xgboost_feat
APPLE_ELSTAR,FLINK,NL-NB,2026-12-01,2026-12-31,Monthly,,KG,2.667,2.667,3004.18017578125,xgboost_feat
APPLE_ELSTAR,FLINK,NL-NB,2027-01-01,2027-01-31,Monthly,,KG,2.667,2.667,3000.373779296875,xgboost_feat
APPLE_ELSTAR,FLINK,NL-NH,2026-02-01,2026-02-28,Monthly,,KG,2.776,2.776,3072.935546875,xgboost_feat
APPLE_ELSTAR,FLINK,NL-NH,2026-03-01,2026-03-31,Monthly,,KG,2.776,2.776,3059.0634765625,xgboost_feat
APPLE_ELSTAR,FLINK,NL-NH,2026-04-01,2026-04-30,Monthly,,KG,2.776,2.776,2978.597900390625,xgboost_feat
APPLE_ELSTAR,FLINK,NL-NH,2026-05-01,2026-05-31,Monthly,,KG,2.776,2.776,2952.389404296875,xgboost_feat
APPLE_ELSTAR,FLINK,NL-NH,2026-06-01,2026-06-30,Monthly,,KG,2.776,2.776,2674.252197265625,xgboost_feat
APPLE_ELSTAR,FLINK,NL-NH,2026-07-01,2026-07-31,Monthly,,KG,2.776,2.776,2672.5283203125,xgboost_feat
APPLE_ELSTAR,FLINK,NL-NH,2026-08-01,2026-08-31,Monthly,,KG,2.776,2.776,2682.517578125,xgboost_feat
APPLE_ELSTAR,FLINK,NL-NH,2026-09-01,2026-09-30,Monthly,,KG,2.776,2.776,2655.04296875,xgboost_feat
APPLE_ELSTAR,FLINK,NL-NH,2026-10-01,2026-10-31,Monthly,,KG,2.776,2.776,2868.1826171875,xgboost_feat
APPLE_ELSTAR,FLINK,NL-NH,2026-11-01,2026-11-30,Monthly,,KG,2.776,2.776,2944.93505859375,xgboost_feat
APPLE_ELSTAR,FLINK,NL-NH,2026-12-01,2026-12-31,Monthly,,KG,2.776,2.776,3040.63427734375,xgboost_feat
APPLE_ELSTAR,FLINK,NL-NH,2027-01-01,2027-01-31,Monthly,,KG,2.776,2.776,3011.289794921875,xgboost_feat
APPLE_ELSTAR,FLINK,NL-ZH,2026-02-01,2026-02-28,Monthly,,KG,2.86,2.86,3105.671875,xgboost_feat
APPLE_ELSTAR,FLINK,NL-ZH,2026-03-01,2026-03-31,Monthly,,KG,2.86,2.86,3052.083984375,xgboost_feat
APPLE_ELSTAR,FLINK,NL-ZH,2026-04-01,2026-04-30,Monthly,,KG,2.86,2.86,2978.597900390625,xgboost_feat
APPLE_ELSTAR,FLINK,NL-ZH,2026-05-01,2026-05-31,Monthly,,KG,2.86,2.86,2725.401611328125,xgboost_feat
APPLE_ELSTAR,FLINK,NL-ZH,2026-06-01,2026-06-30,Monthly,,KG,2.86,2.86,2686.9482421875,xgboost_feat
APPLE_ELSTAR,FLINK,NL-ZH,2026-07-01,2026-07-31,Monthly,,KG,2.86,2.86,2672.189453125,xgboost_feat
APPLE_ELSTAR,FLINK,NL-ZH,2026-08-01,2026-08-31,Monthly,,KG,2.86,2.86,2655.695556640625,xgboost_feat
APPLE_ELSTAR,FLINK,NL-ZH,2026-09-01,2026-09-30,Monthly,,KG,2.86,2.86,2655.06005859375,xgboost_feat
APPLE_ELSTAR,FLINK,NL-ZH,2026-10-01,2026-10-31,Monthly,,KG,2.86,2.86,2868.1826171875,xgboost_feat
APPLE_ELSTAR,FLINK,NL-ZH,2026-11-01,2026-11-30,Monthly,,KG,2.86,2.86,2953.596435546875,xgboost_feat
APPLE_ELSTAR,FLINK,NL-ZH,2026-12-01,2026-12-31,Monthly,,KG,2.86,2.86,3040.6396484375,xgboost_feat
APPLE_ELSTAR,FLINK,NL-ZH,2027-01-01,2027-01-31,Monthly,,KG,2.86,2.86,3011.289794921875,xgboost_feat
APPLE_ELSTAR,GREENACRES,NL-GE,2026-02-01,2026-02-28,Monthly,,KG,2.598,2.598,3055.1103515625,xgboost_feat
APPLE_ELSTAR,GREENACRES,NL-GE,2026-03-01,2026-03-31,Monthly,,KG,2.598,2.598,3041.538330078125,xgboost_feat
APPLE_ELSTAR,GREENACRES,NL-GE,2026-04-01,2026-04-30,Monthly,,KG,2.598,2.598,2963.393310546875,xgboost_feat
APPLE_ELSTAR,GREENACRES,NL-GE,2026-05-01,2026-05-31,Monthly,,KG,2.598,2.598,2604.38232421875,xgboost_feat
APPLE_ELSTAR,GREENACRES,NL-GE,2026-06-01,2026-06-30,Monthly,,KG,2.598,2.598,2459.2275390625,xgboost_feat
APPLE_ELSTAR,GREENACRES,NL-GE,2026-07-01,2026-07-31,Monthly,,KG,2.598,2.598,2457.504150390625,xgboost_feat
APPLE_ELSTAR,GREENACRES,NL-GE,2026-08-01,2026-08-31,Monthly,,KG,2.598,2.598,2519.696044921875,xgboost_feat
APPLE_ELSTAR,GREENACRES,NL-GE,2026-09-01,2026-09-30,Monthly,,KG,2.598,2.598,2519.71044921875,xgboost_feat
APPLE_ELSTAR,GREENACRES,NL-GE,2026-10-01,2026-10-31,Monthly,,KG,2.598,2.598,2843.6806640625,xgboost_feat
APPLE_ELSTAR,GREENACRES,NL-GE,2026-11-01,2026-11-30,Monthly,,KG,2.598,2.598,3009.0908203125,xgboost_feat
APPLE_ELSTAR,GREENACRES,NL-GE,2026-12-01,2026-12-31,Monthly,,KG,2.598,2.598,2986.897705078125,xgboost_feat
APPLE_ELSTAR,GREENACRES,NL-GE,2027-01-01,2027-01-31,Monthly,,KG,2.598,2.598,2994.43359375,xgboost_feat
APPLE_ELSTAR,GREENACRES,NL-NB,2026-02-01,2026-02-28,Monthly,,KG,2.654,2.654,3060.521484375,xgboost_feat
APPLE_ELSTAR,GREENACRES,NL-NB,2026-03-01,2026-03-31,Monthly,,KG,2.654,2.654,2975.682861328125,xgboost_feat
APPLE_ELSTAR,GREENACRES,NL-NB,2026-04-01,2026-04-30,Monthly,,KG,2.654,2.654,2965.960205078125,xgboost_feat
APPLE_ELSTAR,GREENACRES,NL-NB,2026-05-01,2026-05-31,Monthly,,KG,2.654,2.654,2589.107421875,xgboost_feat
APPLE_ELSTAR,GREENACRES,NL-NB,2026-06-01,2026-06-30,Monthly,,KG,2.654,2.654,2573.008056640625,xgboost_feat
APPLE_ELSTAR,GREENACRES,NL-NB,2026-07-01,2026-07-31,Monthly,,KG,2.654,2.654,2557.346435546875,xgboost_feat
APPLE_ELSTAR,GREENACRES,NL-NB,2026-08-01,2026-08-31,Monthly,,KG,2.654,2.654,2553.8291015625,xgboost_feat
APPLE_ELSTAR,GREENACRES,NL-NB,2026-09-01,2026-09-30,Monthly,,KG,2.654,2.654,2540.010009765625,xgboost_feat
APPLE_ELSTAR,GREENACRES,NL-NB,2026-10-01,2026-10-31,Monthly,,KG,2.654,2.654,2879.620849609375,xgboost_feat
APPLE_ELSTAR,GREENACRES,NL-NB,2026-11-01,2026-11-30,Monthly,,KG,2.654,2.654,3013.535400390625,xgboost_feat
APPLE_ELSTAR,GREENACRES,NL-NB,2026-12-01,2026-12-31,Monthly,,KG,2.654,2.654,3004.51806640625,xgboost_feat
APPLE_ELSTAR,GREENACRES,NL-NB,2027-01-01,2027-01-31,Monthly,,KG,2.654,2.654,3000.76416015625,xgboost_feat
APPLE_ELSTAR,GREENACRES,NL-NH,2026-02-01,2026-02-28,Monthly,,KG,2.794,2.794,3100.54150390625,xgboost_feat
APPLE_ELSTAR,GREENACRES,NL-NH,2026-03-01,2026-03-31,Monthly,,KG,2.794,2.794,3059.0634765625,xgboost_feat
APPLE_ELSTAR,GREENACRES,NL-NH,2026-04-01,2026-04-30,Monthly,,KG,2.794,2.794,2978.597900390625,xgboost_feat
APPLE_ELSTAR,GREENACRES,NL-NH,2026-05-01,2026-05-31,Monthly,,KG,2.794,2.794,2952.318115234375,xgboost_feat
APPLE_ELSTAR,GREENACRES,NL-NH,2026-06-01,2026-06-30,Monthly,,KG,2.794,2.794,2674.2548828125,xgboost_feat
APPLE_ELSTAR,GREENACRES,NL-NH,2026-07-01,2026-07-31,Monthly,,KG,2.794,2.794,2672.5283203125,xgboost_feat
APPLE_ELSTAR,GREENACRES,NL-NH,2026-08-01,2026-08-31,Monthly,,KG,2.794,2.794,2682.517578125,xgboost_feat
APPLE_ELSTAR,GREENACRES,NL-NH,2026-09-01,2026-09-30,Monthly,,KG,2.794,2.794,2655.04296875,xgboost_feat
APPLE_ELSTAR,GREENACRES,NL-NH,2026-10-01,2026-10-31,Monthly,,KG,2.794,2.794,2868.1826171875,xgboost_feat
APPLE_ELSTAR,GREENACRES,NL-NH,2026-11-01,2026-11-30,Monthly,,KG,2.794,2.794,2944.93505859375,xgboost_feat
APPLE_ELSTAR,GREENACRES,NL-NH,2026-12-01,2026-12-31,Monthly,,KG,2.794,2.794,3040.680419921875,xgboost_feat
APPLE_ELSTAR,GREENACRES,NL-NH,2027-01-01,2027-01-31,Monthly,,KG,2.794,2.794,3013.755859375,xgboost_feat
APPLE_ELSTAR,GREENACRES,NL-ZH,2026-02-01,2026-02-28,Monthly,,KG,2.819,2.819,3100.8681640625,xgboost_feat
APPLE_ELSTAR,GREENACRES,NL-ZH,2026-03-01,2026-03-31,Monthly,,KG,2.819,2.819,3052.089111328125,xgboost_feat
APPLE_ELSTAR,GREENACRES,NL-ZH,2026-04-01,2026-04-30,Monthly,,KG,2.819,2.819,2978.597900390625,xgboost_feat
APPLE_ELSTAR,GREENACRES,NL-ZH,2026-05-01,2026-05-31,Monthly,,KG,2.819,2.819,2725.472900390625,xgboost_feat
APPLE_ELSTAR,GREENACRES,NL-ZH,2026-06-01,2026-06-30,Monthly,,KG,2.819,2.819,2686.091796875,xgboost_feat
APPLE_ELSTAR,GREENACRES,NL-ZH,2026-07-01,2026-07-31,Monthly,,KG,2.819,2.819,2671.3662109375,xgboost_feat
APPLE_ELSTAR,GREENACRES,NL-ZH,2026-08-01,2026-08-31,Monthly,,KG,2.819,2.819,2655.695556640625,xgboost_feat
APPLE_ELSTAR,GREENACRES,NL-ZH,2026-09-01,2026-09-30,Monthly,,KG,2.819,2.819,2655.06005859375,xgboost_feat
APPLE_ELSTAR,GREENACRES,NL-ZH,2026-10-01,2026-10-31,Monthly,,KG,2.819,2.819,2868.1826171875,xgboost_feat
APPLE_ELSTAR,GREENACRES,NL-ZH,2026-11-01,2026-11-30,Monthly,,KG,2.819,2.819,2953.64306640625,xgboost_feat
APPLE_ELSTAR,GREENACRES,NL-ZH,2026-12-01,2026-12-31,Monthly,,KG,2.819,2.819,3042.7197265625,xgboost_feat
APPLE_ELSTAR,GREENACRES,NL-ZH,2027-01-01,2027-01-31,Monthly,,KG,2.819,2.819,3013.905029296875,xgboost_feat
APPLE_ELSTAR,HELLOFRESH,NL-GE,2026-02-01,2026-02-28,Monthly,,KG,2.576,2.576,3054.5849609375,xgboost_feat
APPLE_ELSTAR,HELLOFRESH,NL-GE,2026-03-01,2026-03-31,Monthly,,KG,2.576,2.576,3040.872314453125,xgboost_feat
APPLE_ELSTAR,HELLOFRESH,NL-GE,2026-04-01,2026-04-30,Monthly,,KG,2.576,2.576,2962.711181640625,xgboost_feat
APPLE_ELSTAR,HELLOFRESH,NL-GE,2026-05-01,2026-05-31,Monthly,,KG,2.576,2.576,2602.806396484375,xgboost_feat
APPLE_ELSTAR,HELLOFRESH,NL-GE,2026-06-01,2026-06-30,Monthly,,KG,2.576,2.576,2458.133056640625,xgboost_feat
APPLE_ELSTAR,HELLOFRESH,NL-GE,2026-07-01,2026-07-31,Monthly,,KG,2.576,2.576,2457.79052734375,xgboost_feat
APPLE_ELSTAR,HELLOFRESH,NL-GE,2026-08-01,2026-08-31,Monthly,,KG,2.576,2.576,2518.82177734375,xgboost_feat
APPLE_ELSTAR,HELLOFRESH,NL-GE,2026-09-01,2026-09-30,Monthly,,KG,2.576,2.576,2518.837890625,xgboost_feat
APPLE_ELSTAR,HELLOFRESH,NL-GE,2026-10-01,2026-10-31,Monthly,,KG,2.576,2.576,2842.307373046875,xgboost_feat
APPLE_ELSTAR,HELLOFRESH,NL-GE,2026-11-01,2026-11-30,Monthly,,KG,2.576,2.576,3008.419189453125,xgboost_feat
APPLE_ELSTAR,HELLOFRESH,NL-GE,2026-12-01,2026-12-31,Monthly,,KG,2.576,2.576,2986.223876953125,xgboost_feat
APPLE_ELSTAR,HELLOFRESH,NL-GE,2027-01-01,2027-01-31,Monthly,,KG,2.576,2.576,2991.328125,xgboost_feat
APPLE_ELSTAR,HELLOFRESH,NL-NB,2026-02-01,2026-02-28,Monthly,,KG,2.697,2.697,3072.935546875,xgboost_feat
APPLE_ELSTAR,HELLOFRESH,NL-NB,2026-03-01,2026-03-31,Monthly,,KG,2.697,2.697,2988.093505859375,xgboost_feat
APPLE_ELSTAR,HELLOFRESH,NL-NB,2026-04-01,2026-04-30,Monthly,,KG,2.697,2.697,2978.12060546875,xgboost_feat
APPLE_ELSTAR,HELLOFRESH,NL-NB,2026-05-01,2026-05-31,Monthly,,KG,2.697,2.697,2704.87060546875,xgboost_feat
APPLE_ELSTAR,HELLOFRESH,NL-NB,2026-06-01,2026-06-30,Monthly,,KG,2.697,2.697,2689.720947265625,xgboost_feat
APPLE_ELSTAR,HELLOFRESH,NL-NB,2026-07-01,2026-07-31,Monthly,,KG,2.697,2.697,2674.3916015625,xgboost_feat
APPLE_ELSTAR,HELLOFRESH,NL-NB,2026-08-01,2026-08-31,Monthly,,KG,2.697,2.697,2670.38232421875,xgboost_feat
APPLE_ELSTAR,HELLOFRESH,NL-NB,2026-09-01,2026-09-30,Monthly,,KG,2.697,2.697,2655.32568359375,xgboost_feat
APPLE_ELSTAR,HELLOFRESH,NL-NB,2026-10-01,2026-10-31,Monthly,,KG,2.697,2.697,2900.9384765625,xgboost_feat
APPLE_ELSTAR,HELLOFRESH,NL-NB,2026-11-01,2026-11-30,Monthly,,KG,2.697,2.697,3048.975830078125,xgboost_feat
APPLE_ELSTAR,HELLOFRESH,NL-NB,2026-12-01,2026-12-31,Monthly,,KG,2.697,2.697,3068.5859375,xgboost_feat
APPLE_ELSTAR,HELLOFRESH,NL-NB,2027-01-01,2027-01-31,Monthly,,KG,2.697,2.697,3011.532470703125,xgboost_feat
APPLE_ELSTAR,HELLOFRESH,NL-NH,2026-02-01,2026-02-28,Monthly,,KG,2.738,2.738,3072.935546875,xgboost_feat
APPLE_ELSTAR,HELLOFRESH,NL-NH,2026-03-01,2026-03-31,Monthly,,KG,2.738,2.738,3059.0634765625,xgboost_feat
APPLE_ELSTAR,HELLOFRESH,NL-NH,2026-04-01,2026-04-30,Monthly,,KG,2.738,2.738,2978.597900390625,xgboost_feat
APPLE_ELSTAR,HELLOFRESH,NL-NH,2026-05-01,2026-05-31,Monthly,,KG,2.738,2.738,2952.389404296875,xgboost_feat
APPLE_ELSTAR,HELLOFRESH,NL-NH,2026-06-01,2026-06-30,Monthly,,KG,2.738,2.738,2674.252197265625,xgboost_feat
APPLE_ELSTAR,HELLOFRESH,NL-NH,2026-07-01,2026-07-31,Monthly,,KG,2.738,2.738,2672.5283203125,xgboost_feat
APPLE_ELSTAR,HELLOFRESH,NL-NH,2026-08-01,2026-08-31,Monthly,,KG,2.738,2.738,2682.517578125,xgboost_feat
APPLE_ELSTAR,HELLOFRESH,NL-NH,2026-09-01,2026-09-30,Monthly,,KG,2.738,2.738,2655.04296875,xgboost_feat
APPLE_ELSTAR,HELLOFRESH,NL-NH,2026-10-01,2026-10-31,Monthly,,KG,2.738,2.738,2868.1826171875,xgboost_feat
APPLE_ELSTAR,HELLOFRESH,NL-NH,2026-11-01,2026-11-30,Monthly,,KG,2.738,2.738,2944.93505859375,xgboost_feat
APPLE_ELSTAR,HELLOFRESH,NL-NH,2026-12-01,2026-12-31,Monthly,,KG,2.738,2.738,3040.63427734375,xgboost_feat
APPLE_ELSTAR,HELLOFRESH,NL-NH,2027-01-01,2027-01-31,Monthly,,KG,2.738,2.738,3011.289794921875,xgboost_feat
APPLE_ELSTAR,HELLOFRESH,NL-ZH,2026-02-01,2026-02-28,Monthly,,KG,2.879,2.879,3105.52099609375,xgboost_feat
APPLE_ELSTAR,HELLOFRESH,NL-ZH,2026-03-01,2026-03-31,Monthly,,KG,2.879,2.879,3052.083984375,xgboost_feat
APPLE_ELSTAR,HELLOFRESH,NL-ZH,2026-04-01,2026-04-30,Monthly,,KG,2.879,2.879,2978.597900390625,xgboost_feat
APPLE_ELSTAR,HELLOFRESH,NL-ZH,2026-05-01,2026-05-31,Monthly,,KG,2.879,2.879,2725.401611328125,xgboost_feat
APPLE_ELSTAR,HELLOFRESH,NL-ZH,2026-06-01,2026-06-30,Monthly,,KG,2.879,2.879,2686.9482421875,xgboost_feat
APPLE_ELSTAR,HELLOFRESH,NL-ZH,2026-07-01,2026-07-31,Monthly,,KG,2.879,2.879,2672.189453125,xgboost_feat
APPLE_ELSTAR,HELLOFRESH,NL-ZH,2026-08-01,2026-08-31,Monthly,,KG,2.879,2.879,2655.695556640625,xgboost_feat
APPLE_ELSTAR,HELLOFRESH,NL-ZH,2026-09-01,2026-09-30,Monthly,,KG,2.879,2.879,2655.06005859375,xgboost_feat
APPLE_ELSTAR,HELLOFRESH,NL-ZH,2026-10-01,2026-10-31,Monthly,,KG,2.879,2.879,2868.1826171875,xgboost_feat
APPLE_ELSTAR,HELLOFRESH,NL-ZH,2026-11-01,2026-11-30,Monthly,,KG,2.53352,2.879,2932.474365234375,xgboost_feat
APPLE_ELSTAR,HELLOFRESH,NL-ZH,2026-12-01,2026-12-31,Monthly,,KG,2.879,2.879,3040.63427734375,xgboost_feat
APPLE_ELSTAR,HELLOFRESH,NL-ZH,2027-01-01,2027-01-31,Monthly,,KG,2.879,2.879,3011.177978515625,xgboost_feat
APPLE_ELSTAR,HOLLANDFOODSERVICE,NL-GE,2026-02-01,2026-02-28,Monthly,,KG,2.619,2.619,3089.58740234375,xgboost_feat
APPLE_ELSTAR,HOLLANDFOODSERVICE,NL-GE,2026-03-01,2026-03-31,Monthly,,KG,2.619,2.619,3038.371337890625,xgboost_feat
APPLE_ELSTAR,HOLLANDFOODSERVICE,NL-GE,2026-04-01,2026-04-30,Monthly,,KG,2.619,2.619,2961.593017578125,xgboost_feat
APPLE_ELSTAR,HOLLANDFOODSERVICE,NL-GE,2026-05-01,2026-05-31,Monthly,,KG,2.619,2.619,2610.00341796875,xgboost_feat
APPLE_ELSTAR,HOLLANDFOODSERVICE,NL-GE,2026-06-01,2026-06-30,Monthly,,KG,2.619,2.619,2469.5166015625,xgboost_feat
APPLE_ELSTAR,HOLLANDFOODSERVICE,NL-GE,2026-07-01,2026-07-31,Monthly,,KG,2.619,2.619,2466.729248046875,xgboost_feat
APPLE_ELSTAR,HOLLANDFOODSERVICE,NL-GE,2026-08-01,2026-08-31,Monthly,,KG,2.619,2.619,2529.252197265625,xgboost_feat
APPLE_ELSTAR,HOLLANDFOODSERVICE,NL-GE,2026-09-01,2026-09-30,Monthly,,KG,2.619,2.619,2529.26611328125,xgboost_feat
APPLE_ELSTAR,HOLLANDFOODSERVICE,NL-GE,2026-10-01,2026-10-31,Monthly,,KG,2.619,2.619,2848.217529296875,xgboost_feat
APPLE_ELSTAR,HOLLANDFOODSERVICE,NL-GE,2026-11-01,2026-11-30,Monthly,,KG,2.619,2.619,3010.959228515625,xgboost_feat
APPLE_ELSTAR,HOLLANDFOODSERVICE,NL-GE,2026-12-01,2026-12-31,Monthly,,KG,2.619,2.619,2988.75732421875,xgboost_feat
APPLE_ELSTAR,HOLLANDFOODSERVICE,NL-GE,2027-01-01,2027-01-31,Monthly,,KG,2.619,2.619,2993.87060546875,xgboost_feat
APPLE_ELSTAR,HOLLANDFOODSERVICE,NL-NB,2026-02-01,2026-02-28,Monthly,,KG,2.655,2.655,3060.521484375,xgboost_feat
APPLE_ELSTAR,HOLLANDFOODSERVICE,NL-NB,2026-03-01,2026-03-31,Monthly,,KG,2.655,2.655,2975.682861328125,xgboost_feat
APPLE_ELSTAR,HOLLANDFOODSERVICE,NL-NB,2026-04-01,2026-04-30,Monthly,,KG,2.655,2.655,2965.960205078125,xgboost_feat
APPLE_ELSTAR,HOLLANDFOODSERVICE,NL-NB,2026-05-01,2026-05-31,Monthly,,KG,2.655,2.655,2589.107421875,xgboost_feat
APPLE_ELSTAR,HOLLANDFOODSERVICE,NL-NB,2026-06-01,2026-06-30,Monthly,,KG,2.655,2.655,2573.008056640625,xgboost_feat
APPLE_ELSTAR,HOLLANDFOODSERVICE,NL-NB,2026-07-01,2026-07-31,Monthly,,KG,2.655,2.655,2556.368408203125,xgboost_feat
APPLE_ELSTAR,HOLLANDFOODSERVICE,NL-NB,2026-08-01,2026-08-31,Monthly,,KG,2.655,2.655,2553.8291015625,xgboost_feat
APPLE_ELSTAR,HOLLANDFOODSERVICE,NL-NB,2026-09-01,2026-09-30,Monthly,,KG,2.655,2.655,2540.010009765625,xgboost_feat
APPLE_ELSTAR,HOLLANDFOODSERVICE,NL-NB,2026-10-01,2026-10-31,Monthly,,KG,2.655,2.655,2879.620849609375,xgboost_feat
APPLE_ELSTAR,HOLLANDFOODSERVICE,NL-NB,2026-11-01,2026-11-30,Monthly,,KG,2.655,2.655,3013.535400390625,xgboost_feat
APPLE_ELSTAR,HOLLANDFOODSERVICE,NL-NB,2026-12-01,2026-12-31,Monthly,,KG,2.655,2.655,3004.51806640625,xgboost_feat
APPLE_ELSTAR,HOLLANDFOODSERVICE,NL-NB,2027-01-01,2027-01-31,Monthly,,KG,2.655,2.655,3003.1787109375,xgboost_feat
APPLE_ELSTAR,HOLLANDFOODSERVICE,NL-NH,2026-02-01,2026-02-28,Monthly,,KG,2.784,2.784,3105.52099609375,xgboost_feat
APPLE_ELSTAR,HOLLANDFOODSERVICE,NL-NH,2026-03-01,2026-03-31,Monthly,,KG,2.784,2.784,3059.0634765625,xgboost_feat
APPLE_ELSTAR,HOLLANDFOODSERVICE,NL-NH,2026-04-01,2026-04-30,Monthly,,KG,2.784,2.784,2978.597900390625,xgboost_feat
APPLE_ELSTAR,HOLLANDFOODSERVICE,NL-NH,2026-05-01,2026-05-31,Monthly,,KG,2.784,2.784,2952.318115234375,xgboost_feat
APPLE_ELSTAR,HOLLANDFOODSERVICE,NL-NH,2026-06-01,2026-06-30,Monthly,,KG,2.784,2.784,2674.2548828125,xgboost_feat
APPLE_ELSTAR,HOLLANDFOODSERVICE,NL-NH,2026-07-01,2026-07-31,Monthly,,KG,2.784,2.784,2671.70556640625,xgboost_feat
APPLE_ELSTAR,HOLLANDFOODSERVICE,NL-NH,2026-08-01,2026-08-31,Monthly,,KG,2.784,2.784,2682.517578125,xgboost_feat
APPLE_ELSTAR,HOLLANDFOODSERVICE,NL-NH,2026-09-01,2026-09-30,Monthly,,KG,2.784,2.784,2655.04296875,xgboost_feat
APPLE_ELSTAR,HOLLANDFOODSERVICE,NL-NH,2026-10-01,2026-10-31,Monthly,,KG,2.784,2.784,2868.1826171875,xgboost_feat
APPLE_ELSTAR,HOLLANDFOODSERVICE,NL-NH,2026-11-01,2026-11-30,Monthly,,KG,2.784,2.784,2944.93505859375,xgboost_feat
APPLE_ELSTAR,HOLLANDFOODSERVICE,NL-NH,2026-12-01,2026-12-31,Monthly,,KG,2.784,2.784,3042.587646484375,xgboost_feat
APPLE_ELSTAR,HOLLANDFOODSERVICE,NL-NH,2027-01-01,2027-01-31,Monthly,,KG,2.784,2.784,3013.937744140625,xgboost_feat
APPLE_ELSTAR,HOLLANDFOODSERVICE,NL-ZH,2026-02-01,2026-02-28,Monthly,,KG,2.868,2.868,3072.935546875,xgboost_feat
APPLE_ELSTAR,HOLLANDFOODSERVICE,NL-ZH,2026-03-01,2026-03-31,Monthly,,KG,2.868,2.868,3052.083984375,xgboost_feat
APPLE_ELSTAR,HOLLANDFOODSERVICE,NL-ZH,2026-04-01,2026-04-30,Monthly,,KG,2.868,2.868,2978.597900390625,xgboost_feat
APPLE_ELSTAR,HOLLANDFOODSERVICE,NL-ZH,2026-05-01,2026-05-31,Monthly,,KG,2.868,2.868,2725.472900390625,xgboost_feat
APPLE_ELSTAR,HOLLANDFOODSERVICE,NL-ZH,2026-06-01,2026-06-30,Monthly,,KG,2.868,2.868,2686.951171875,xgboost_feat
APPLE_ELSTAR,HOLLANDFOODSERVICE,NL-ZH,2026-07-01,2026-07-31,Monthly,,KG,2.868,2.868,2671.36669921875,xgboost_feat
APPLE_ELSTAR,HOLLANDFOODSERVICE,NL-ZH,2026-08-01,2026-08-31,Monthly,,KG,2.868,2.868,2655.695556640625,xgboost_feat
APPLE_ELSTAR,HOLLANDFOODSERVICE,NL-ZH,2026-09-01,2026-09-30,Monthly,,KG,2.868,2.868,2655.06005859375,xgboost_feat
APPLE_ELSTAR,HOLLANDFOODSERVICE,NL-ZH,2026-10-01,2026-10-31,Monthly,,KG,2.868,2.868,2868.1826171875,xgboost_feat
APPLE_ELSTAR,HOLLANDFOODSERVICE,NL-ZH,2026-11-01,2026-11-30,Monthly,,KG,2.868,2.868,2953.642822265625,xgboost_feat
APPLE_ELSTAR,HOLLANDFOODSERVICE,NL-ZH,2026-12-01,2026-12-31,Monthly,,KG,2.868,2.868,3042.7197265625,xgboost_feat
APPLE_ELSTAR,HOLLANDFOODSERVICE,NL-ZH,2027-01-01,2027-01-31,Monthly,,KG,2.868,2.868,3013.905029296875,xgboost_feat
APPLE_ELSTAR,JUMBO,NL-GE,2026-02-01,2026-02-28,Monthly,,KG,2.63,2.63,3231.206298828125,xgboost_feat
APPLE_ELSTAR,JUMBO,NL-GE,2026-03-01,2026-03-31,Monthly,,KG,2.63,2.63,3267.082763671875,xgboost_feat
APPLE_ELSTAR,JUMBO,NL-GE,2026-04-01,2026-04-30,Monthly,,KG,2.63,2.63,3109.741943359375,xgboost_feat
APPLE_ELSTAR,JUMBO,NL-GE,2026-05-01,2026-05-31,Monthly,,KG,2.63,2.63,2624.0634765625,xgboost_feat
APPLE_ELSTAR,JUMBO,NL-GE,2026-06-01,2026-06-30,Monthly,,KG,2.63,2.63,2362.175537109375,xgboost_feat
APPLE_ELSTAR,JUMBO,NL-GE,2026-07-01,2026-07-31,Monthly,,KG,2.63,2.63,2425.0009765625,xgboost_feat
APPLE_ELSTAR,JUMBO,NL-GE,2026-08-01,2026-08-31,Monthly,,KG,2.63,2.63,2643.260498046875,xgboost_feat
APPLE_ELSTAR,JUMBO,NL-GE,2026-09-01,2026-09-30,Monthly,,KG,2.63,2.63,2683.244140625,xgboost_feat
APPLE_ELSTAR,JUMBO,NL-GE,2026-10-01,2026-10-31,Monthly,,KG,2.63,2.63,2932.70751953125,xgboost_feat
APPLE_ELSTAR,JUMBO,NL-GE,2026-11-01,2026-11-30,Monthly,,KG,2.63,2.63,3166.95751953125,xgboost_feat
APPLE_ELSTAR,JUMBO,NL-GE,2026-12-01,2026-12-31,Monthly,,KG,2.63,2.63,3163.572998046875,xgboost_feat
APPLE_ELSTAR,JUMBO,NL-GE,2027-01-01,2027-01-31,Monthly,,KG,2.63,2.63,3179.1796875,xgboost_feat
APPLE_ELSTAR,JUMBO,NL-NB,2026-02-01,2026-02-28,Monthly,,KG,2.659,2.659,2984.8671875,xgboost_feat
APPLE_ELSTAR,JUMBO,NL-NB,2026-03-01,2026-03-31,Monthly,,KG,2.659,2.659,2969.90380859375,xgboost_feat
APPLE_ELSTAR,JUMBO,NL-NB,2026-04-01,2026-04-30,Monthly,,KG,2.659,2.659,2920.0361328125,xgboost_feat
APPLE_ELSTAR,JUMBO,NL-NB,2026-05-01,2026-05-31,Monthly,,KG,2.659,2.659,2729.176025390625,xgboost_feat
APPLE_ELSTAR,JUMBO,NL-NB,2026-06-01,2026-06-30,Monthly,,KG,2.659,2.659,2672.761962890625,xgboost_feat
APPLE_ELSTAR,JUMBO,NL-NB,2026-07-01,2026-07-31,Monthly,,KG,2.659,2.659,2652.755859375,xgboost_feat
APPLE_ELSTAR,JUMBO,NL-NB,2026-08-01,2026-08-31,Monthly,,KG,2.659,2.659,2666.810302734375,xgboost_feat
APPLE_ELSTAR,JUMBO,NL-NB,2026-09-01,2026-09-30,Monthly,,KG,2.659,2.659,2642.7802734375,xgboost_feat
APPLE_ELSTAR,JUMBO,NL-NB,2026-10-01,2026-10-31,Monthly,,KG,2.659,2.659,2934.458251953125,xgboost_feat
APPLE_ELSTAR,JUMBO,NL-NB,2026-11-01,2026-11-30,Monthly,,KG,2.659,2.659,3139.51318359375,xgboost_feat
APPLE_ELSTAR,JUMBO,NL-NB,2026-12-01,2026-12-31,Monthly,,KG,2.659,2.659,3118.18115234375,xgboost_feat
APPLE_ELSTAR,JUMBO,NL-NB,2027-01-01,2027-01-31,Monthly,,KG,2.659,2.659,3143.896484375,xgboost_feat
APPLE_ELSTAR,JUMBO,NL-NH,2026-02-01,2026-02-28,Monthly,,KG,2.736,2.736,3065.838134765625,xgboost_feat
APPLE_ELSTAR,JUMBO,NL-NH,2026-03-01,2026-03-31,Monthly,,KG,2.736,2.736,3059.19970703125,xgboost_feat
APPLE_ELSTAR,JUMBO,NL-NH,2026-04-01,2026-04-30,Monthly,,KG,2.736,2.736,2956.462646484375,xgboost_feat
APPLE_ELSTAR,JUMBO,NL-NH,2026-05-01,2026-05-31,Monthly,,KG,2.736,2.736,2916.218994140625,xgboost_feat
APPLE_ELSTAR,JUMBO,NL-NH,2026-06-01,2026-06-30,Monthly,,KG,2.736,2.736,2677.4052734375,xgboost_feat
APPLE_ELSTAR,JUMBO,NL-NH,2026-07-01,2026-07-31,Monthly,,KG,2.736,2.736,2678.293701171875,xgboost_feat
APPLE_ELSTAR,JUMBO,NL-NH,2026-08-01,2026-08-31,Monthly,,KG,2.736,2.736,2769.96435546875,xgboost_feat
APPLE_ELSTAR,JUMBO,NL-NH,2026-09-01,2026-09-30,Monthly,,KG,2.736,2.736,2742.094970703125,xgboost_feat
APPLE_ELSTAR,JUMBO,NL-NH,2026-10-01,2026-10-31,Monthly,,KG,2.736,2.736,2913.705322265625,xgboost_feat
APPLE_ELSTAR,JUMBO,NL-NH,2026-11-01,2026-11-30,Monthly,,KG,2.736,2.736,2956.75634765625,xgboost_feat
APPLE_ELSTAR,JUMBO,NL-NH,2026-12-01,2026-12-31,Monthly,,KG,2.736,2.736,3137.0556640625,xgboost_feat
APPLE_ELSTAR,JUMBO,NL-NH,2027-01-01,2027-01-31,Monthly,,KG,2.736,2.736,3137.378173828125,xgboost_feat
APPLE_ELSTAR,JUMBO,NL-ZH,2026-02-01,2026-02-28,Monthly,,KG,2.814,2.814,2922.16162109375,xgboost_feat
APPLE_ELSTAR,JUMBO,NL-ZH,2026-03-01,2026-03-31,Monthly,,KG,2.814,2.814,2982.1201171875,xgboost_feat
APPLE_ELSTAR,JUMBO,NL-ZH,2026-04-01,2026-04-30,Monthly,,KG,2.814,2.814,2966.068603515625,xgboost_feat
APPLE_ELSTAR,JUMBO,NL-ZH,2026-05-01,2026-05-31,Monthly,,KG,2.814,2.814,2765.623779296875,xgboost_feat
APPLE_ELSTAR,JUMBO,NL-ZH,2026-06-01,2026-06-30,Monthly,,KG,2.814,2.814,2714.82373046875,xgboost_feat
APPLE_ELSTAR,JUMBO,NL-ZH,2026-07-01,2026-07-31,Monthly,,KG,2.814,2.814,2681.6640625,xgboost_feat
APPLE_ELSTAR,JUMBO,NL-ZH,2026-08-01,2026-08-31,Monthly,,KG,2.814,2.814,2747.022705078125,xgboost_feat
APPLE_ELSTAR,JUMBO,NL-ZH,2026-09-01,2026-09-30,Monthly,,KG,2.814,2.814,2744.145751953125,xgboost_feat
APPLE_ELSTAR,JUMBO,NL-ZH,2026-10-01,2026-10-31,Monthly,,KG,2.814,2.814,2913.53955078125,xgboost_feat
APPLE_ELSTAR,JUMBO,NL-ZH,2026-11-01,2026-11-30,Monthly,,KG,2.814,2.814,3010.872802734375,xgboost_feat
APPLE_ELSTAR,JUMBO,NL-ZH,2026-12-01,2026-12-31,Monthly,,KG,2.814,2.814,3137.170166015625,xgboost_feat
APPLE_ELSTAR,JUMBO,NL-ZH,2027-01-01,2027-01-31,Monthly,,KG,2.814,2.814,3137.1875,xgboost_feat
APPLE_ELSTAR,MELEDI,NL-GE,2026-02-01,2026-02-28,Monthly,,KG,2.633,2.633,3097.390625,xgboost_feat
APPLE_ELSTAR,MELEDI,NL-GE,2026-03-01,2026-03-31,Monthly,,KG,2.633,2.633,3074.518310546875,xgboost_feat
APPLE_ELSTAR,MELEDI,NL-GE,2026-04-01,2026-04-30,Monthly,,KG,2.633,2.633,2997.792236328125,xgboost_feat
APPLE_ELSTAR,MELEDI,NL-GE,2026-05-01,2026-05-31,Monthly,,KG,2.633,2.633,2624.585205078125,xgboost_feat
APPLE_ELSTAR,MELEDI,NL-GE,2026-06-01,2026-06-30,Monthly,,KG,2.633,2.633,2478.552490234375,xgboost_feat
APPLE_ELSTAR,MELEDI,NL-GE,2026-07-01,2026-07-31,Monthly,,KG,2.633,2.633,2477.128173828125,xgboost_feat
APPLE_ELSTAR,MELEDI,NL-GE,2026-08-01,2026-08-31,Monthly,,KG,2.633,2.633,2538.642333984375,xgboost_feat
APPLE_ELSTAR,MELEDI,NL-GE,2026-09-01,2026-09-30,Monthly,,KG,2.633,2.633,2538.62646484375,xgboost_feat
APPLE_ELSTAR,MELEDI,NL-GE,2026-10-01,2026-10-31,Monthly,,KG,2.633,2.633,2869.51513671875,xgboost_feat
APPLE_ELSTAR,MELEDI,NL-GE,2026-11-01,2026-11-30,Monthly,,KG,2.633,2.633,3048.046875,xgboost_feat
APPLE_ELSTAR,MELEDI,NL-GE,2026-12-01,2026-12-31,Monthly,,KG,2.633,2.633,3027.95654296875,xgboost_feat
APPLE_ELSTAR,MELEDI,NL-GE,2027-01-01,2027-01-31,Monthly,,KG,2.633,2.633,3065.85546875,xgboost_feat
APPLE_ELSTAR,MELEDI,NL-NB,2026-02-01,2026-02-28,Monthly,,KG,2.665,2.665,3060.521484375,xgboost_feat
APPLE_ELSTAR,MELEDI,NL-NB,2026-03-01,2026-03-31,Monthly,,KG,2.665,2.665,2975.682861328125,xgboost_feat
APPLE_ELSTAR,MELEDI,NL-NB,2026-04-01,2026-04-30,Monthly,,KG,2.665,2.665,2965.960205078125,xgboost_feat
APPLE_ELSTAR,MELEDI,NL-NB,2026-05-01,2026-05-31,Monthly,,KG,2.665,2.665,2589.107421875,xgboost_feat
APPLE_ELSTAR,MELEDI,NL-NB,2026-06-01,2026-06-30,Monthly,,KG,2.665,2.665,2573.008056640625,xgboost_feat
APPLE_ELSTAR,MELEDI,NL-NB,2026-07-01,2026-07-31,Monthly,,KG,2.665,2.665,2556.368408203125,xgboost_feat
APPLE_ELSTAR,MELEDI,NL-NB,2026-08-01,2026-08-31,Monthly,,KG,2.665,2.665,2553.8291015625,xgboost_feat
APPLE_ELSTAR,MELEDI,NL-NB,2026-09-01,2026-09-30,Monthly,,KG,2.665,2.665,2540.010009765625,xgboost_feat
APPLE_ELSTAR,MELEDI,NL-NB,2026-10-01,2026-10-31,Monthly,,KG,2.665,2.665,2879.620849609375,xgboost_feat
APPLE_ELSTAR,MELEDI,NL-NB,2026-11-01,2026-11-30,Monthly,,KG,2.665,2.665,3013.535400390625,xgboost_feat
APPLE_ELSTAR,MELEDI,NL-NB,2026-12-01,2026-12-31,Monthly,,KG,2.665,2.665,3004.51806640625,xgboost_feat
APPLE_ELSTAR,MELEDI,NL-NB,2027-01-01,2027-01-31,Monthly,,KG,2.665,2.665,3003.1787109375,xgboost_feat
APPLE_ELSTAR,MELEDI,NL-NH,2026-02-01,2026-02-28,Monthly,,KG,2.735,2.735,3100.54150390625,xgboost_feat
APPLE_ELSTAR,MELEDI,NL-NH,2026-03-01,2026-03-31,Monthly,,KG,2.735,2.735,3059.0634765625,xgboost_feat
APPLE_ELSTAR,MELEDI,NL-NH,2026-04-01,2026-04-30,Monthly,,KG,2.735,2.735,2978.597900390625,xgboost_feat
APPLE_ELSTAR,MELEDI,NL-NH,2026-05-01,2026-05-31,Monthly,,KG,2.735,2.735,2952.318115234375,xgboost_feat
APPLE_ELSTAR,MELEDI,NL-NH,2026-06-01,2026-06-30,Monthly,,KG,2.735,2.735,2674.2548828125,xgboost_feat
APPLE_ELSTAR,MELEDI,NL-NH,2026-07-01,2026-07-31,Monthly,,KG,2.735,2.735,2671.70556640625,xgboost_feat
APPLE_ELSTAR,MELEDI,NL-NH,2026-08-01,2026-08-31,Monthly,,KG,2.735,2.735,2682.517578125,xgboost_feat
APPLE_ELSTAR,MELEDI,NL-NH,2026-09-01,2026-09-30,Monthly,,KG,2.735,2.735,2655.04296875,xgboost_feat
APPLE_ELSTAR,MELEDI,NL-NH,2026-10-01,2026-10-31,Monthly,,KG,2.735,2.735,2868.1826171875,xgboost_feat
APPLE_ELSTAR,MELEDI,NL-NH,2026-11-01,2026-11-30,Monthly,,KG,2.735,2.735,2944.93505859375,xgboost_feat
APPLE_ELSTAR,MELEDI,NL-NH,2026-12-01,2026-12-31,Monthly,,KG,2.735,2.735,3042.587646484375,xgboost_feat
APPLE_ELSTAR,MELEDI,NL-NH,2027-01-01,2027-01-31,Monthly,,KG,2.735,2.735,3013.937744140625,xgboost_feat
APPLE_ELSTAR,MELEDI,NL-ZH,2026-02-01,2026-02-28,Monthly,,KG,2.831,2.831,3072.935546875,xgboost_feat
APPLE_ELSTAR,MELEDI,NL-ZH,2026-03-01,2026-03-31,Monthly,,KG,2.831,2.831,3052.083984375,xgboost_feat
APPLE_ELSTAR,MELEDI,NL-ZH,2026-04-01,2026-04-30,Monthly,,KG,2.831,2.831,2978.597900390625,xgboost_feat
APPLE_ELSTAR,MELEDI,NL-ZH,2026-05-01,2026-05-31,Monthly,,KG,2.831,2.831,2725.472900390625,xgboost_feat
APPLE_ELSTAR,MELEDI,NL-ZH,2026-06-01,2026-06-30,Monthly,,KG,2.831,2.831,2686.951171875,xgboost_feat
APPLE_ELSTAR,MELEDI,NL-ZH,2026-07-01,2026-07-31,Monthly,,KG,2.831,2.831,2671.3662109375,xgboost_feat
APPLE_ELSTAR,MELEDI,NL-ZH,2026-08-01,2026-08-31,Monthly,,KG,2.831,2.831,2655.695556640625,xgboost_feat
APPLE_ELSTAR,MELEDI,NL-ZH,2026-09-01,2026-09-30,Monthly,,KG,2.831,2.831,2655.06005859375,xgboost_feat
APPLE_ELSTAR,MELEDI,NL-ZH,2026-10-01,2026-10-31,Monthly,,KG,2.831,2.831,2868.1826171875,xgboost_feat
APPLE_ELSTAR,MELEDI,NL-ZH,2026-11-01,2026-11-30,Monthly,,KG,2.831,2.831,2953.596435546875,xgboost_feat
APPLE_ELSTAR,MELEDI,NL-ZH,2026-12-01,2026-12-31,Monthly,,KG,2.831,2.831,3042.593017578125,xgboost_feat
APPLE_ELSTAR,MELEDI,NL-ZH,2027-01-01,2027-01-31,Monthly,,KG,2.831,2.831,3013.905029296875,xgboost_feat
APPLE_ELSTAR,PICNIC,NL-GE,2026-02-01,2026-02-28,Monthly,,KG,2.605,2.605,3055.1103515625,xgboost_feat
APPLE_ELSTAR,PICNIC,NL-GE,2026-03-01,2026-03-31,Monthly,,KG,2.605,2.605,3041.549072265625,xgboost_feat
APPLE_ELSTAR,PICNIC,NL-GE,2026-04-01,2026-04-30,Monthly,,KG,2.605,2.605,2963.393310546875,xgboost_feat
APPLE_ELSTAR,PICNIC,NL-GE,2026-05-01,2026-05-31,Monthly,,KG,2.605,2.605,2604.38232421875,xgboost_feat
APPLE_ELSTAR,PICNIC,NL-GE,2026-06-01,2026-06-30,Monthly,,KG,2.605,2.605,2459.22705078125,xgboost_feat
APPLE_ELSTAR,PICNIC,NL-GE,2026-07-01,2026-07-31,Monthly,,KG,2.605,2.605,2458.49072265625,xgboost_feat
APPLE_ELSTAR,PICNIC,NL-GE,2026-08-01,2026-08-31,Monthly,,KG,2.605,2.605,2519.696044921875,xgboost_feat
APPLE_ELSTAR,PICNIC,NL-GE,2026-09-01,2026-09-30,Monthly,,KG,2.605,2.605,2519.71044921875,xgboost_feat
APPLE_ELSTAR,PICNIC,NL-GE,2026-10-01,2026-10-31,Monthly,,KG,2.605,2.605,2843.6806640625,xgboost_feat
APPLE_ELSTAR,PICNIC,NL-GE,2026-11-01,2026-11-30,Monthly,,KG,2.605,2.605,3009.0908203125,xgboost_feat
APPLE_ELSTAR,PICNIC,NL-GE,2026-12-01,2026-12-31,Monthly,,KG,2.605,2.605,2986.897705078125,xgboost_feat
APPLE_ELSTAR,PICNIC,NL-GE,2027-01-01,2027-01-31,Monthly,,KG,2.605,2.605,2992.0029296875,xgboost_feat
APPLE_ELSTAR,PICNIC,NL-NB,2026-02-01,2026-02-28,Monthly,,KG,2.651,2.651,3093.10693359375,xgboost_feat
APPLE_ELSTAR,PICNIC,NL-NB,2026-03-01,2026-03-31,Monthly,,KG,2.651,2.651,2975.682861328125,xgboost_feat
APPLE_ELSTAR,PICNIC,NL-NB,2026-04-01,2026-04-30,Monthly,,KG,2.651,2.651,2965.960205078125,xgboost_feat
APPLE_ELSTAR,PICNIC,NL-NB,2026-05-01,2026-05-31,Monthly,,KG,2.651,2.651,2588.995361328125,xgboost_feat
APPLE_ELSTAR,PICNIC,NL-NB,2026-06-01,2026-06-30,Monthly,,KG,2.651,2.651,2573.008056640625,xgboost_feat
APPLE_ELSTAR,PICNIC,NL-NB,2026-07-01,2026-07-31,Monthly,,KG,2.651,2.651,2557.34423828125,xgboost_feat
APPLE_ELSTAR,PICNIC,NL-NB,2026-08-01,2026-08-31,Monthly,,KG,2.651,2.651,2553.8291015625,xgboost_feat
APPLE_ELSTAR,PICNIC,NL-NB,2026-09-01,2026-09-30,Monthly,,KG,2.651,2.651,2540.010009765625,xgboost_feat
APPLE_ELSTAR,PICNIC,NL-NB,2026-10-01,2026-10-31,Monthly,,KG,2.651,2.651,2879.620849609375,xgboost_feat
APPLE_ELSTAR,PICNIC,NL-NB,2026-11-01,2026-11-30,Monthly,,KG,2.651,2.651,3013.535400390625,xgboost_feat
APPLE_ELSTAR,PICNIC,NL-NB,2026-12-01,2026-12-31,Monthly,,KG,2.651,2.651,3004.51806640625,xgboost_feat
APPLE_ELSTAR,PICNIC,NL-NB,2027-01-01,2027-01-31,Monthly,,KG,2.651,2.651,3000.717529296875,xgboost_feat
APPLE_ELSTAR,PICNIC,NL-NH,2026-02-01,2026-02-28,Monthly,,KG,2.786,2.786,3072.935546875,xgboost_feat
APPLE_ELSTAR,PICNIC,NL-NH,2026-03-01,2026-03-31,Monthly,,KG,2.786,2.786,3059.0634765625,xgboost_feat
APPLE_ELSTAR,PICNIC,NL-NH,2026-04-01,2026-04-30,Monthly,,KG,2.786,2.786,2978.597900390625,xgboost_feat
APPLE_ELSTAR,PICNIC,NL-NH,2026-05-01,2026-05-31,Monthly,,KG,2.786,2.786,2952.389404296875,xgboost_feat
APPLE_ELSTAR,PICNIC,NL-NH,2026-06-01,2026-06-30,Monthly,,KG,2.786,2.786,2674.252197265625,xgboost_feat
APPLE_ELSTAR,PICNIC,NL-NH,2026-07-01,2026-07-31,Monthly,,KG,2.786,2.786,2672.5283203125,xgboost_feat
APPLE_ELSTAR,PICNIC,NL-NH,2026-08-01,2026-08-31,Monthly,,KG,2.786,2.786,2682.517578125,xgboost_feat
APPLE_ELSTAR,PICNIC,NL-NH,2026-09-01,2026-09-30,Monthly,,KG,2.786,2.786,2655.04296875,xgboost_feat
APPLE_ELSTAR,PICNIC,NL-NH,2026-10-01,2026-10-31,Monthly,,KG,2.786,2.786,2868.1826171875,xgboost_feat
APPLE_ELSTAR,PICNIC,NL-NH,2026-11-01,2026-11-30,Monthly,,KG,2.786,2.786,2944.93505859375,xgboost_feat
APPLE_ELSTAR,PICNIC,NL-NH,2026-12-01,2026-12-31,Monthly,,KG,2.786,2.786,3040.63427734375,xgboost_feat
APPLE_ELSTAR,PICNIC,NL-NH,2027-01-01,2027-01-31,Monthly,,KG,2.786,2.786,3011.289794921875,xgboost_feat
APPLE_ELSTAR,PICNIC,NL-ZH,2026-02-01,2026-02-28,Monthly,,KG,2.89,2.89,3105.67138671875,xgboost_feat
APPLE_ELSTAR,PICNIC,NL-ZH,2026-03-01,2026-03-31,Monthly,,KG,2.89,2.89,3052.083984375,xgboost_feat
APPLE_ELSTAR,PICNIC,NL-ZH,2026-04-01,2026-04-30,Monthly,,KG,2.89,2.89,2978.597900390625,xgboost_feat
APPLE_ELSTAR,PICNIC,NL-ZH,2026-05-01,2026-05-31,Monthly,,KG,2.89,2.89,2725.401611328125,xgboost_feat
APPLE_ELSTAR,PICNIC,NL-ZH,2026-06-01,2026-06-30,Monthly,,KG,2.89,2.89,2686.9482421875,xgboost_feat
APPLE_ELSTAR,PICNIC,NL-ZH,2026-07-01,2026-07-31,Monthly,,KG,2.89,2.89,2672.189453125,xgboost_feat
APPLE_ELSTAR,PICNIC,NL-ZH,2026-08-01,2026-08-31,Monthly,,KG,2.89,2.89,2655.695556640625,xgboost_feat
APPLE_ELSTAR,PICNIC,NL-ZH,2026-09-01,2026-09-30,Monthly,,KG,2.89,2.89,2655.06005859375,xgboost_feat
APPLE_ELSTAR,PICNIC,NL-ZH,2026-10-01,2026-10-31,Monthly,,KG,2.89,2.89,2868.1826171875,xgboost_feat
APPLE_ELSTAR,PICNIC,NL-ZH,2026-11-01,2026-11-30,Monthly,,KG,2.89,2.89,2953.596435546875,xgboost_feat
APPLE_ELSTAR,PICNIC,NL-ZH,2026-12-01,2026-12-31,Monthly,,KG,2.89,2.89,3040.6396484375,xgboost_feat
APPLE_ELSTAR,PICNIC,NL-ZH,2027-01-01,2027-01-31,Monthly,,KG,2.89,2.89,3011.289794921875,xgboost_feat
APPLE_ELSTAR,PLUS,NL-GE,2026-02-01,2026-02-28,Monthly,,KG,2.614,2.614,3233.335693359375,xgboost_feat
APPLE_ELSTAR,PLUS,NL-GE,2026-03-01,2026-03-31,Monthly,,KG,2.614,2.614,3230.704345703125,xgboost_feat
APPLE_ELSTAR,PLUS,NL-GE,2026-04-01,2026-04-30,Monthly,,KG,2.614,2.614,3103.109375,xgboost_feat
APPLE_ELSTAR,PLUS,NL-GE,2026-05-01,2026-05-31,Monthly,,KG,2.614,2.614,2636.36083984375,xgboost_feat
APPLE_ELSTAR,PLUS,NL-GE,2026-06-01,2026-06-30,Monthly,,KG,2.614,2.614,2539.986083984375,xgboost_feat
APPLE_ELSTAR,PLUS,NL-GE,2026-07-01,2026-07-31,Monthly,,KG,2.614,2.614,2420.12841796875,xgboost_feat
APPLE_ELSTAR,PLUS,NL-GE,2026-08-01,2026-08-31,Monthly,,KG,2.614,2.614,2725.139892578125,xgboost_feat
APPLE_ELSTAR,PLUS,NL-GE,2026-09-01,2026-09-30,Monthly,,KG,2.614,2.614,2709.2744140625,xgboost_feat
APPLE_ELSTAR,PLUS,NL-GE,2026-10-01,2026-10-31,Monthly,,KG,2.614,2.614,2904.855224609375,xgboost_feat
APPLE_ELSTAR,PLUS,NL-GE,2026-11-01,2026-11-30,Monthly,,KG,2.614,2.614,3138.88916015625,xgboost_feat
APPLE_ELSTAR,PLUS,NL-GE,2026-12-01,2026-12-31,Monthly,,KG,2.614,2.614,3147.960693359375,xgboost_feat
APPLE_ELSTAR,PLUS,NL-GE,2027-01-01,2027-01-31,Monthly,,KG,2.614,2.614,3136.93798828125,xgboost_feat
APPLE_ELSTAR,PLUS,NL-NB,2026-02-01,2026-02-28,Monthly,,KG,2.681,2.681,3011.489013671875,xgboost_feat
APPLE_ELSTAR,PLUS,NL-NB,2026-03-01,2026-03-31,Monthly,,KG,2.681,2.681,2975.658203125,xgboost_feat
APPLE_ELSTAR,PLUS,NL-NB,2026-04-01,2026-04-30,Monthly,,KG,2.681,2.681,2985.02197265625,xgboost_feat
APPLE_ELSTAR,PLUS,NL-NB,2026-05-01,2026-05-31,Monthly,,KG,2.681,2.681,2719.146484375,xgboost_feat
APPLE_ELSTAR,PLUS,NL-NB,2026-06-01,2026-06-30,Monthly,,KG,2.681,2.681,2698.377197265625,xgboost_feat
APPLE_ELSTAR,PLUS,NL-NB,2026-07-01,2026-07-31,Monthly,,KG,2.681,2.681,2677.319091796875,xgboost_feat
APPLE_ELSTAR,PLUS,NL-NB,2026-08-01,2026-08-31,Monthly,,KG,2.681,2.681,2767.71484375,xgboost_feat
APPLE_ELSTAR,PLUS,NL-NB,2026-09-01,2026-09-30,Monthly,,KG,2.681,2.681,2745.69580078125,xgboost_feat
APPLE_ELSTAR,PLUS,NL-NB,2026-10-01,2026-10-31,Monthly,,KG,2.681,2.681,2944.4697265625,xgboost_feat
APPLE_ELSTAR,PLUS,NL-NB,2026-11-01,2026-11-30,Monthly,,KG,2.681,2.681,3137.01220703125,xgboost_feat
APPLE_ELSTAR,PLUS,NL-NB,2026-12-01,2026-12-31,Monthly,,KG,2.681,2.681,3164.78076171875,xgboost_feat
APPLE_ELSTAR,PLUS,NL-NB,2027-01-01,2027-01-31,Monthly,,KG,2.681,2.681,3143.4052734375,xgboost_feat
APPLE_ELSTAR,PLUS,NL-NH,2026-02-01,2026-02-28,Monthly,,KG,2.808,2.808,3129.924560546875,xgboost_feat
APPLE_ELSTAR,PLUS,NL-NH,2026-03-01,2026-03-31,Monthly,,KG,2.808,2.808,3035.29150390625,xgboost_feat
APPLE_ELSTAR,PLUS,NL-NH,2026-04-01,2026-04-30,Monthly,,KG,2.808,2.808,2995.87353515625,xgboost_feat
APPLE_ELSTAR,PLUS,NL-NH,2026-05-01,2026-05-31,Monthly,,KG,2.808,2.808,2935.4970703125,xgboost_feat
APPLE_ELSTAR,PLUS,NL-NH,2026-06-01,2026-06-30,Monthly,,KG,2.808,2.808,2676.778076171875,xgboost_feat
APPLE_ELSTAR,PLUS,NL-NH,2026-07-01,2026-07-31,Monthly,,KG,2.808,2.808,2721.7998046875,xgboost_feat
APPLE_ELSTAR,PLUS,NL-NH,2026-08-01,2026-08-31,Monthly,,KG,2.808,2.808,2769.97509765625,xgboost_feat
APPLE_ELSTAR,PLUS,NL-NH,2026-09-01,2026-09-30,Monthly,,KG,2.808,2.808,2742.094970703125,xgboost_feat
APPLE_ELSTAR,PLUS,NL-NH,2026-10-01,2026-10-31,Monthly,,KG,2.808,2.808,2912.976318359375,xgboost_feat
APPLE_ELSTAR,PLUS,NL-NH,2026-11-01,2026-11-30,Monthly,,KG,2.808,2.808,2956.75634765625,xgboost_feat
APPLE_ELSTAR,PLUS,NL-NH,2026-12-01,2026-12-31,Monthly,,KG,2.808,2.808,3137.0556640625,xgboost_feat
APPLE_ELSTAR,PLUS,NL-NH,2027-01-01,2027-01-31,Monthly,,KG,2.808,2.808,3137.391845703125,xgboost_feat
APPLE_ELSTAR,PLUS,NL-ZH,2026-02-01,2026-02-28,Monthly,,KG,2.863,2.863,2893.9228515625,xgboost_feat
APPLE_ELSTAR,PLUS,NL-ZH,2026-03-01,2026-03-31,Monthly,,KG,2.863,2.863,2964.39306640625,xgboost_feat
APPLE_ELSTAR,PLUS,NL-ZH,2026-04-01,2026-04-30,Monthly,,KG,2.863,2.863,2907.9609375,xgboost_feat
APPLE_ELSTAR,PLUS,NL-ZH,2026-05-01,2026-05-31,Monthly,,KG,2.863,2.863,2765.457763671875,xgboost_feat
APPLE_ELSTAR,PLUS,NL-ZH,2026-06-01,2026-06-30,Monthly,,KG,2.863,2.863,2714.88330078125,xgboost_feat
APPLE_ELSTAR,PLUS,NL-ZH,2026-07-01,2026-07-31,Monthly,,KG,2.863,2.863,2676.857177734375,xgboost_feat
APPLE_ELSTAR,PLUS,NL-ZH,2026-08-01,2026-08-31,Monthly,,KG,2.863,2.863,2746.08056640625,xgboost_feat
APPLE_ELSTAR,PLUS,NL-ZH,2026-09-01,2026-09-30,Monthly,,KG,2.863,2.863,2744.6748046875,xgboost_feat
APPLE_ELSTAR,PLUS,NL-ZH,2026-10-01,2026-10-31,Monthly,,KG,2.863,2.863,2911.209228515625,xgboost_feat
APPLE_ELSTAR,PLUS,NL-ZH,2026-11-01,2026-11-30,Monthly,,KG,2.863,2.863,2963.145263671875,xgboost_feat
APPLE_ELSTAR,PLUS,NL-ZH,2026-12-01,2026-12-31,Monthly,,KG,2.863,2.863,3136.874755859375,xgboost_feat
APPLE_ELSTAR,PLUS,NL-ZH,2027-01-01,2027-01-31,Monthly,,KG,2.863,2.863,3137.200439453125,xgboost_feat
APPLE_ELSTAR,SLIGRO,NL-GE,2026-02-01,2026-02-28,Monthly,,KG,2.622,2.622,3057.00146484375,xgboost_feat
APPLE_ELSTAR,SLIGRO,NL-GE,2026-03-01,2026-03-31,Monthly,,KG,2.622,2.622,3038.371337890625,xgboost_feat
APPLE_ELSTAR,SLIGRO,NL-GE,2026-04-01,2026-04-30,Monthly,,KG,2.622,2.622,2961.593017578125,xgboost_feat
APPLE_ELSTAR,SLIGRO,NL-GE,2026-05-01,2026-05-31,Monthly,,KG,2.622,2.622,2610.00341796875,xgboost_feat
APPLE_ELSTAR,SLIGRO,NL-GE,2026-06-01,2026-06-30,Monthly,,KG,2.622,2.622,2469.51611328125,xgboost_feat
APPLE_ELSTAR,SLIGRO,NL-GE,2026-07-01,2026-07-31,Monthly,,KG,2.622,2.622,2466.729248046875,xgboost_feat
APPLE_ELSTAR,SLIGRO,NL-GE,2026-08-01,2026-08-31,Monthly,,KG,2.622,2.622,2529.251708984375,xgboost_feat
APPLE_ELSTAR,SLIGRO,NL-GE,2026-09-01,2026-09-30,Monthly,,KG,2.622,2.622,2529.26611328125,xgboost_feat
APPLE_ELSTAR,SLIGRO,NL-GE,2026-10-01,2026-10-31,Monthly,,KG,2.622,2.622,2848.217529296875,xgboost_feat
APPLE_ELSTAR,SLIGRO,NL-GE,2026-11-01,2026-11-30,Monthly,,KG,2.622,2.622,3010.959228515625,xgboost_feat
APPLE_ELSTAR,SLIGRO,NL-GE,2026-12-01,2026-12-31,Monthly,,KG,2.622,2.622,2988.75732421875,xgboost_feat
APPLE_ELSTAR,SLIGRO,NL-GE,2027-01-01,2027-01-31,Monthly,,KG,2.622,2.622,2993.87060546875,xgboost_feat
APPLE_ELSTAR,SLIGRO,NL-NB,2026-02-01,2026-02-28,Monthly,,KG,2.716,2.716,3105.52099609375,xgboost_feat
APPLE_ELSTAR,SLIGRO,NL-NB,2026-03-01,2026-03-31,Monthly,,KG,2.716,2.716,2988.093505859375,xgboost_feat
APPLE_ELSTAR,SLIGRO,NL-NB,2026-04-01,2026-04-30,Monthly,,KG,2.716,2.716,2978.12060546875,xgboost_feat
APPLE_ELSTAR,SLIGRO,NL-NB,2026-05-01,2026-05-31,Monthly,,KG,2.716,2.716,2704.87060546875,xgboost_feat
APPLE_ELSTAR,SLIGRO,NL-NB,2026-06-01,2026-06-30,Monthly,,KG,2.716,2.716,2689.723388671875,xgboost_feat
APPLE_ELSTAR,SLIGRO,NL-NB,2026-07-01,2026-07-31,Monthly,,KG,2.716,2.716,2674.3916015625,xgboost_feat
APPLE_ELSTAR,SLIGRO,NL-NB,2026-08-01,2026-08-31,Monthly,,KG,2.716,2.716,2670.38232421875,xgboost_feat
APPLE_ELSTAR,SLIGRO,NL-NB,2026-09-01,2026-09-30,Monthly,,KG,2.716,2.716,2655.32568359375,xgboost_feat
APPLE_ELSTAR,SLIGRO,NL-NB,2026-10-01,2026-10-31,Monthly,,KG,2.716,2.716,2900.9384765625,xgboost_feat
APPLE_ELSTAR,SLIGRO,NL-NB,2026-11-01,2026-11-30,Monthly,,KG,2.716,2.716,3048.975830078125,xgboost_feat
APPLE_ELSTAR,SLIGRO,NL-NB,2026-12-01,2026-12-31,Monthly,,KG,2.716,2.716,3068.5859375,xgboost_feat
APPLE_ELSTAR,SLIGRO,NL-NB,2027-01-01,2027-01-31,Monthly,,KG,2.716,2.716,3011.591796875,xgboost_feat
APPLE_ELSTAR,SLIGRO,NL-NH,2026-02-01,2026-02-28,Monthly,,KG,2.823,2.823,3100.8681640625,xgboost_feat
APPLE_ELSTAR,SLIGRO,NL-NH,2026-03-01,2026-03-31,Monthly,,KG,2.823,2.823,3059.0634765625,xgboost_feat
APPLE_ELSTAR,SLIGRO,NL-NH,2026-04-01,2026-04-30,Monthly,,KG,2.823,2.823,2978.597900390625,xgboost_feat
APPLE_ELSTAR,SLIGRO,NL-NH,2026-05-01,2026-05-31,Monthly,,KG,2.823,2.823,2952.318115234375,xgboost_feat
APPLE_ELSTAR,SLIGRO,NL-NH,2026-06-01,2026-06-30,Monthly,,KG,2.823,2.823,2674.2548828125,xgboost_feat
APPLE_ELSTAR,SLIGRO,NL-NH,2026-07-01,2026-07-31,Monthly,,KG,2.823,2.823,2671.70556640625,xgboost_feat
APPLE_ELSTAR,SLIGRO,NL-NH,2026-08-01,2026-08-31,Monthly,,KG,2.823,2.823,2682.517578125,xgboost_feat
APPLE_ELSTAR,SLIGRO,NL-NH,2026-09-01,2026-09-30,Monthly,,KG,2.823,2.823,2655.04296875,xgboost_feat
APPLE_ELSTAR,SLIGRO,NL-NH,2026-10-01,2026-10-31,Monthly,,KG,2.823,2.823,2868.1826171875,xgboost_feat
APPLE_ELSTAR,SLIGRO,NL-NH,2026-11-01,2026-11-30,Monthly,,KG,2.823,2.823,2944.93505859375,xgboost_feat
APPLE_ELSTAR,SLIGRO,NL-NH,2026-12-01,2026-12-31,Monthly,,KG,2.823,2.823,3042.587646484375,xgboost_feat
APPLE_ELSTAR,SLIGRO,NL-NH,2027-01-01,2027-01-31,Monthly,,KG,2.823,2.823,3013.937744140625,xgboost_feat
APPLE_ELSTAR,SLIGRO,NL-ZH,2026-02-01,2026-02-28,Monthly,,KG,2.871,2.871,3105.671875,xgboost_feat
APPLE_ELSTAR,SLIGRO,NL-ZH,2026-03-01,2026-03-31,Monthly,,KG,2.871,2.871,3052.089111328125,xgboost_feat
APPLE_ELSTAR,SLIGRO,NL-ZH,2026-04-01,2026-04-30,Monthly,,KG,2.871,2.871,2978.597900390625,xgboost_feat
APPLE_ELSTAR,SLIGRO,NL-ZH,2026-05-01,2026-05-31,Monthly,,KG,2.871,2.871,2725.401611328125,xgboost_feat
APPLE_ELSTAR,SLIGRO,NL-ZH,2026-06-01,2026-06-30,Monthly,,KG,2.871,2.871,2686.095703125,xgboost_feat
APPLE_ELSTAR,SLIGRO,NL-ZH,2026-07-01,2026-07-31,Monthly,,KG,2.871,2.871,2671.3662109375,xgboost_feat
APPLE_ELSTAR,SLIGRO,NL-ZH,2026-08-01,2026-08-31,Monthly,,KG,2.871,2.871,2655.695556640625,xgboost_feat
APPLE_ELSTAR,SLIGRO,NL-ZH,2026-09-01,2026-09-30,Monthly,,KG,2.871,2.871,2655.06005859375,xgboost_feat
APPLE_ELSTAR,SLIGRO,NL-ZH,2026-10-01,2026-10-31,Monthly,,KG,2.871,2.871,2868.1826171875,xgboost_feat
APPLE_ELSTAR,SLIGRO,NL-ZH,2026-11-01,2026-11-30,Monthly,,KG,2.871,2.871,2953.64306640625,xgboost_feat
APPLE_ELSTAR,SLIGRO,NL-ZH,2026-12-01,2026-12-31,Monthly,,KG,2.871,2.871,3042.7197265625,xgboost_feat
APPLE_ELSTAR,SLIGRO,NL-ZH,2027-01-01,2027-01-31,Monthly,,KG,2.871,2.871,3013.905029296875,xgboost_feat
APPLE_GALA,AH,NL-GE,2026-02-01,2026-02-28,Monthly,,KG,2.567,2.567,3237.37451171875,xgboost_feat
APPLE_GALA,AH,NL-GE,2026-03-01,2026-03-31,Monthly,,KG,2.25896,2.567,3095.06201171875,xgboost_feat
APPLE_GALA,AH,NL-GE,2026-04-01,2026-04-30,Monthly,,KG,2.567,2.567,3101.357177734375,xgboost_feat
APPLE_GALA,AH,NL-GE,2026-05-01,2026-05-31,Monthly,,KG,2.567,2.567,2557.9677734375,xgboost_feat
APPLE_GALA,AH,NL-GE,2026-06-01,2026-06-30,Monthly,,KG,2.567,2.567,2376.459716796875,xgboost_feat
APPLE_GALA,AH,NL-GE,2026-07-01,2026-07-31,Monthly,,KG,2.567,2.567,2374.63671875,xgboost_feat
APPLE_GALA,AH,NL-GE,2026-08-01,2026-08-31,Monthly,,KG,2.3616400000000004,2.567,2625.493408203125,xgboost_feat
APPLE_GALA,AH,NL-GE,2026-09-01,2026-09-30,Monthly,,KG,2.567,2.567,2532.171142578125,xgboost_feat
APPLE_GALA,AH,NL-GE,2026-10-01,2026-10-31,Monthly,,KG,2.567,2.567,2879.43408203125,xgboost_feat
APPLE_GALA,AH,NL-GE,2026-11-01,2026-11-30,Monthly,,KG,2.567,2.567,3032.60791015625,xgboost_feat
APPLE_GALA,AH,NL-GE,2026-12-01,2026-12-31,Monthly,,KG,2.567,2.567,3102.893798828125,xgboost_feat
APPLE_GALA,AH,NL-GE,2027-01-01,2027-01-31,Monthly,,KG,2.567,2.567,3136.24658203125,xgboost_feat
APPLE_GALA,AH,NL-NB,2026-02-01,2026-02-28,Monthly,,KG,2.635,2.635,3203.4736328125,xgboost_feat
APPLE_GALA,AH,NL-NB,2026-03-01,2026-03-31,Monthly,,KG,2.635,2.635,3025.3466796875,xgboost_feat
APPLE_GALA,AH,NL-NB,2026-04-01,2026-04-30,Monthly,,KG,2.635,2.635,3030.248779296875,xgboost_feat
APPLE_GALA,AH,NL-NB,2026-05-01,2026-05-31,Monthly,,KG,2.635,2.635,2558.4560546875,xgboost_feat
APPLE_GALA,AH,NL-NB,2026-06-01,2026-06-30,Monthly,,KG,2.635,2.635,2550.427734375,xgboost_feat
APPLE_GALA,AH,NL-NB,2026-07-01,2026-07-31,Monthly,,KG,2.635,2.635,2470.00927734375,xgboost_feat
APPLE_GALA,AH,NL-NB,2026-08-01,2026-08-31,Monthly,,KG,2.635,2.635,2674.291015625,xgboost_feat
APPLE_GALA,AH,NL-NB,2026-09-01,2026-09-30,Monthly,,KG,2.635,2.635,2643.678466796875,xgboost_feat
APPLE_GALA,AH,NL-NB,2026-10-01,2026-10-31,Monthly,,KG,2.635,2.635,2961.181884765625,xgboost_feat
APPLE_GALA,AH,NL-NB,2026-11-01,2026-11-30,Monthly,,KG,2.635,2.635,3183.318115234375,xgboost_feat
APPLE_GALA,AH,NL-NB,2026-12-01,2026-12-31,Monthly,,KG,2.635,2.635,3159.537841796875,xgboost_feat
APPLE_GALA,AH,NL-NB,2027-01-01,2027-01-31,Monthly,,KG,2.635,2.635,3181.818603515625,xgboost_feat
APPLE_GALA,AH,NL-NH,2026-02-01,2026-02-28,Monthly,,KG,2.764,2.764,3217.626220703125,xgboost_feat
APPLE_GALA,AH,NL-NH,2026-03-01,2026-03-31,Monthly,,KG,2.764,2.764,3171.3369140625,xgboost_feat
APPLE_GALA,AH,NL-NH,2026-04-01,2026-04-30,Monthly,,KG,2.764,2.764,3086.877685546875,xgboost_feat
APPLE_GALA,AH,NL-NH,2026-05-01,2026-05-31,Monthly,,KG,2.764,2.764,2956.317138671875,xgboost_feat
APPLE_GALA,AH,NL-NH,2026-06-01,2026-06-30,Monthly,,KG,2.764,2.764,2629.74267578125,xgboost_feat
APPLE_GALA,AH,NL-NH,2026-07-01,2026-07-31,Monthly,,KG,2.764,2.764,2618.9755859375,xgboost_feat
APPLE_GALA,AH,NL-NH,2026-08-01,2026-08-31,Monthly,,KG,2.764,2.764,2791.5703125,xgboost_feat
APPLE_GALA,AH,NL-NH,2026-09-01,2026-09-30,Monthly,,KG,2.764,2.764,2703.544921875,xgboost_feat
APPLE_GALA,AH,NL-NH,2026-10-01,2026-10-31,Monthly,,KG,2.764,2.764,2907.447998046875,xgboost_feat
APPLE_GALA,AH,NL-NH,2026-11-01,2026-11-30,Monthly,,KG,2.764,2.764,3002.33642578125,xgboost_feat
APPLE_GALA,AH,NL-NH,2026-12-01,2026-12-31,Monthly,,KG,2.764,2.764,3137.400146484375,xgboost_feat
APPLE_GALA,AH,NL-NH,2027-01-01,2027-01-31,Monthly,,KG,2.764,2.764,3143.530029296875,xgboost_feat
APPLE_GALA,AH,NL-ZH,2026-02-01,2026-02-28,Monthly,,KG,2.824,2.824,3105.423583984375,xgboost_feat
APPLE_GALA,AH,NL-ZH,2026-03-01,2026-03-31,Monthly,,KG,2.824,2.824,3124.21728515625,xgboost_feat
APPLE_GALA,AH,NL-ZH,2026-04-01,2026-04-30,Monthly,,KG,2.824,2.824,3025.951904296875,xgboost_feat
APPLE_GALA,AH,NL-ZH,2026-05-01,2026-05-31,Monthly,,KG,2.824,2.824,2763.6435546875,xgboost_feat
APPLE_GALA,AH,NL-ZH,2026-06-01,2026-06-30,Monthly,,KG,2.824,2.824,2742.054443359375,xgboost_feat
APPLE_GALA,AH,NL-ZH,2026-07-01,2026-07-31,Monthly,,KG,2.824,2.824,2693.738037109375,xgboost_feat
APPLE_GALA,AH,NL-ZH,2026-08-01,2026-08-31,Monthly,,KG,2.824,2.824,2743.89990234375,xgboost_feat
APPLE_GALA,AH,NL-ZH,2026-09-01,2026-09-30,Monthly,,KG,2.824,2.824,2741.8232421875,xgboost_feat
APPLE_GALA,AH,NL-ZH,2026-10-01,2026-10-31,Monthly,,KG,2.824,2.824,2907.522705078125,xgboost_feat
APPLE_GALA,AH,NL-ZH,2026-11-01,2026-11-30,Monthly,,KG,2.824,2.824,2965.483642578125,xgboost_feat
APPLE_GALA,AH,NL-ZH,2026-12-01,2026-12-31,Monthly,,KG,2.824,2.824,3137.197265625,xgboost_feat
APPLE_GALA,AH,NL-ZH,2027-01-01,2027-01-31,Monthly,,KG,2.824,2.824,3137.506103515625,xgboost_feat
APPLE_GALA,FLINK,NL-GE,2026-02-01,2026-02-28,Monthly,,KG,2.611,2.611,3087.69580078125,xgboost_feat
APPLE_GALA,FLINK,NL-GE,2026-03-01,2026-03-31,Monthly,,KG,2.611,2.611,3041.549072265625,xgboost_feat
APPLE_GALA,FLINK,NL-GE,2026-04-01,2026-04-30,Monthly,,KG,2.611,2.611,2963.393310546875,xgboost_feat
APPLE_GALA,FLINK,NL-GE,2026-05-01,2026-05-31,Monthly,,KG,2.611,2.611,2604.38232421875,xgboost_feat
APPLE_GALA,FLINK,NL-GE,2026-06-01,2026-06-30,Monthly,,KG,2.611,2.611,2459.22705078125,xgboost_feat
APPLE_GALA,FLINK,NL-GE,2026-07-01,2026-07-31,Monthly,,KG,2.611,2.611,2458.49072265625,xgboost_feat
APPLE_GALA,FLINK,NL-GE,2026-08-01,2026-08-31,Monthly,,KG,2.611,2.611,2519.696533203125,xgboost_feat
APPLE_GALA,FLINK,NL-GE,2026-09-01,2026-09-30,Monthly,,KG,2.611,2.611,2519.71044921875,xgboost_feat
APPLE_GALA,FLINK,NL-GE,2026-10-01,2026-10-31,Monthly,,KG,2.611,2.611,2843.6806640625,xgboost_feat
APPLE_GALA,FLINK,NL-GE,2026-11-01,2026-11-30,Monthly,,KG,2.611,2.611,3009.0908203125,xgboost_feat
APPLE_GALA,FLINK,NL-GE,2026-12-01,2026-12-31,Monthly,,KG,2.611,2.611,2986.897705078125,xgboost_feat
APPLE_GALA,FLINK,NL-GE,2027-01-01,2027-01-31,Monthly,,KG,2.611,2.611,2992.0029296875,xgboost_feat
APPLE_GALA,FLINK,NL-NB,2026-02-01,2026-02-28,Monthly,,KG,2.694,2.694,3072.935546875,xgboost_feat
APPLE_GALA,FLINK,NL-NB,2026-03-01,2026-03-31,Monthly,,KG,2.694,2.694,2988.093505859375,xgboost_feat
APPLE_GALA,FLINK,NL-NB,2026-04-01,2026-04-30,Monthly,,KG,2.694,2.694,2978.12060546875,xgboost_feat
APPLE_GALA,FLINK,NL-NB,2026-05-01,2026-05-31,Monthly,,KG,2.694,2.694,2704.87060546875,xgboost_feat
APPLE_GALA,FLINK,NL-NB,2026-06-01,2026-06-30,Monthly,,KG,2.694,2.694,2689.720947265625,xgboost_feat
APPLE_GALA,FLINK,NL-NB,2026-07-01,2026-07-31,Monthly,,KG,2.694,2.694,2674.3916015625,xgboost_feat
APPLE_GALA,FLINK,NL-NB,2026-08-01,2026-08-31,Monthly,,KG,2.694,2.694,2670.38232421875,xgboost_feat
APPLE_GALA,FLINK,NL-NB,2026-09-01,2026-09-30,Monthly,,KG,2.694,2.694,2655.32568359375,xgboost_feat
APPLE_GALA,FLINK,NL-NB,2026-10-01,2026-10-31,Monthly,,KG,2.694,2.694,2900.9384765625,xgboost_feat
APPLE_GALA,FLINK,NL-NB,2026-11-01,2026-11-30,Monthly,,KG,2.694,2.694,3048.975830078125,xgboost_feat
APPLE_GALA,FLINK,NL-NB,2026-12-01,2026-12-31,Monthly,,KG,2.694,2.694,3068.5859375,xgboost_feat
APPLE_GALA,FLINK,NL-NB,2027-01-01,2027-01-31,Monthly,,KG,2.694,2.694,3012.968505859375,xgboost_feat
APPLE_GALA,FLINK,NL-NH,2026-02-01,2026-02-28,Monthly,,KG,2.762,2.762,3105.52099609375,xgboost_feat
APPLE_GALA,FLINK,NL-NH,2026-03-01,2026-03-31,Monthly,,KG,2.762,2.762,3059.0634765625,xgboost_feat
APPLE_GALA,FLINK,NL-NH,2026-04-01,2026-04-30,Monthly,,KG,2.762,2.762,2978.597900390625,xgboost_feat
APPLE_GALA,FLINK,NL-NH,2026-05-01,2026-05-31,Monthly,,KG,2.762,2.762,2952.318115234375,xgboost_feat
APPLE_GALA,FLINK,NL-NH,2026-06-01,2026-06-30,Monthly,,KG,2.762,2.762,2674.252197265625,xgboost_feat
APPLE_GALA,FLINK,NL-NH,2026-07-01,2026-07-31,Monthly,,KG,2.762,2.762,2672.5283203125,xgboost_feat
APPLE_GALA,FLINK,NL-NH,2026-08-01,2026-08-31,Monthly,,KG,2.762,2.762,2682.517578125,xgboost_feat
APPLE_GALA,FLINK,NL-NH,2026-09-01,2026-09-30,Monthly,,KG,2.762,2.762,2655.04296875,xgboost_feat
APPLE_GALA,FLINK,NL-NH,2026-10-01,2026-10-31,Monthly,,KG,2.762,2.762,2868.1826171875,xgboost_feat
APPLE_GALA,FLINK,NL-NH,2026-11-01,2026-11-30,Monthly,,KG,2.762,2.762,2944.93505859375,xgboost_feat
APPLE_GALA,FLINK,NL-NH,2026-12-01,2026-12-31,Monthly,,KG,2.762,2.762,3040.63427734375,xgboost_feat
APPLE_GALA,FLINK,NL-NH,2027-01-01,2027-01-31,Monthly,,KG,2.762,2.762,3011.289794921875,xgboost_feat
APPLE_GALA,FLINK,NL-ZH,2026-02-01,2026-02-28,Monthly,,KG,2.891,2.891,3105.52099609375,xgboost_feat
APPLE_GALA,FLINK,NL-ZH,2026-03-01,2026-03-31,Monthly,,KG,2.891,2.891,3052.083984375,xgboost_feat
APPLE_GALA,FLINK,NL-ZH,2026-04-01,2026-04-30,Monthly,,KG,2.891,2.891,2978.597900390625,xgboost_feat
APPLE_GALA,FLINK,NL-ZH,2026-05-01,2026-05-31,Monthly,,KG,2.891,2.891,2725.401611328125,xgboost_feat
APPLE_GALA,FLINK,NL-ZH,2026-06-01,2026-06-30,Monthly,,KG,2.891,2.891,2686.9482421875,xgboost_feat
APPLE_GALA,FLINK,NL-ZH,2026-07-01,2026-07-31,Monthly,,KG,2.891,2.891,2672.189453125,xgboost_feat
APPLE_GALA,FLINK,NL-ZH,2026-08-01,2026-08-31,Monthly,,KG,2.891,2.891,2655.695556640625,xgboost_feat
APPLE_GALA,FLINK,NL-ZH,2026-09-01,2026-09-30,Monthly,,KG,2.891,2.891,2655.06005859375,xgboost_feat
APPLE_GALA,FLINK,NL-ZH,2026-10-01,2026-10-31,Monthly,,KG,2.891,2.891,2868.1826171875,xgboost_feat
APPLE_GALA,FLINK,NL-ZH,2026-11-01,2026-11-30,Monthly,,KG,2.891,2.891,2953.596435546875,xgboost_feat
APPLE_GALA,FLINK,NL-ZH,2026-12-01,2026-12-31,Monthly,,KG,2.891,2.891,3040.6396484375,xgboost_feat
APPLE_GALA,FLINK,NL-ZH,2027-01-01,2027-01-31,Monthly,,KG,2.891,2.891,3012.706787109375,xgboost_feat
APPLE_GALA,GREENACRES,NL-GE,2026-02-01,2026-02-28,Monthly,,KG,2.62,2.62,3057.00146484375,xgboost_feat
APPLE_GALA,GREENACRES,NL-GE,2026-03-01,2026-03-31,Monthly,,KG,2.62,2.62,3038.371337890625,xgboost_feat
APPLE_GALA,GREENACRES,NL-GE,2026-04-01,2026-04-30,Monthly,,KG,2.62,2.62,2961.593017578125,xgboost_feat
APPLE_GALA,GREENACRES,NL-GE,2026-05-01,2026-05-31,Monthly,,KG,2.62,2.62,2610.00341796875,xgboost_feat
APPLE_GALA,GREENACRES,NL-GE,2026-06-01,2026-06-30,Monthly,,KG,2.62,2.62,2469.51611328125,xgboost_feat
APPLE_GALA,GREENACRES,NL-GE,2026-07-01,2026-07-31,Monthly,,KG,2.62,2.62,2466.729248046875,xgboost_feat
APPLE_GALA,GREENACRES,NL-GE,2026-08-01,2026-08-31,Monthly,,KG,2.62,2.62,2529.251708984375,xgboost_feat
APPLE_GALA,GREENACRES,NL-GE,2026-09-01,2026-09-30,Monthly,,KG,2.62,2.62,2529.26611328125,xgboost_feat
APPLE_GALA,GREENACRES,NL-GE,2026-10-01,2026-10-31,Monthly,,KG,2.62,2.62,2848.217529296875,xgboost_feat
APPLE_GALA,GREENACRES,NL-GE,2026-11-01,2026-11-30,Monthly,,KG,2.62,2.62,3010.959228515625,xgboost_feat
APPLE_GALA,GREENACRES,NL-GE,2026-12-01,2026-12-31,Monthly,,KG,2.62,2.62,2988.75732421875,xgboost_feat
APPLE_GALA,GREENACRES,NL-GE,2027-01-01,2027-01-31,Monthly,,KG,2.62,2.62,2993.87060546875,xgboost_feat
APPLE_GALA,GREENACRES,NL-NB,2026-02-01,2026-02-28,Monthly,,KG,2.696,2.696,3072.935546875,xgboost_feat
APPLE_GALA,GREENACRES,NL-NB,2026-03-01,2026-03-31,Monthly,,KG,2.696,2.696,2988.093505859375,xgboost_feat
APPLE_GALA,GREENACRES,NL-NB,2026-04-01,2026-04-30,Monthly,,KG,2.696,2.696,2978.12060546875,xgboost_feat
APPLE_GALA,GREENACRES,NL-NB,2026-05-01,2026-05-31,Monthly,,KG,2.696,2.696,2704.87060546875,xgboost_feat
APPLE_GALA,GREENACRES,NL-NB,2026-06-01,2026-06-30,Monthly,,KG,2.696,2.696,2689.720947265625,xgboost_feat
APPLE_GALA,GREENACRES,NL-NB,2026-07-01,2026-07-31,Monthly,,KG,2.696,2.696,2674.3916015625,xgboost_feat
APPLE_GALA,GREENACRES,NL-NB,2026-08-01,2026-08-31,Monthly,,KG,2.696,2.696,2670.38232421875,xgboost_feat
APPLE_GALA,GREENACRES,NL-NB,2026-09-01,2026-09-30,Monthly,,KG,2.696,2.696,2655.32568359375,xgboost_feat
APPLE_GALA,GREENACRES,NL-NB,2026-10-01,2026-10-31,Monthly,,KG,2.696,2.696,2900.9384765625,xgboost_feat
APPLE_GALA,GREENACRES,NL-NB,2026-11-01,2026-11-30,Monthly,,KG,2.696,2.696,3048.975830078125,xgboost_feat
APPLE_GALA,GREENACRES,NL-NB,2026-12-01,2026-12-31,Monthly,,KG,2.696,2.696,3068.5859375,xgboost_feat
APPLE_GALA,GREENACRES,NL-NB,2027-01-01,2027-01-31,Monthly,,KG,2.696,2.696,3011.591796875,xgboost_feat
APPLE_GALA,GREENACRES,NL-NH,2026-02-01,2026-02-28,Monthly,,KG,2.756,2.756,3072.935546875,xgboost_feat
APPLE_GALA,GREENACRES,NL-NH,2026-03-01,2026-03-31,Monthly,,KG,2.756,2.756,3059.0634765625,xgboost_feat
APPLE_GALA,GREENACRES,NL-NH,2026-04-01,2026-04-30,Monthly,,KG,2.756,2.756,2978.597900390625,xgboost_feat
APPLE_GALA,GREENACRES,NL-NH,2026-05-01,2026-05-31,Monthly,,KG,2.756,2.756,2952.389404296875,xgboost_feat
APPLE_GALA,GREENACRES,NL-NH,2026-06-01,2026-06-30,Monthly,,KG,2.756,2.756,2674.2548828125,xgboost_feat
APPLE_GALA,GREENACRES,NL-NH,2026-07-01,2026-07-31,Monthly,,KG,2.756,2.756,2672.5283203125,xgboost_feat
APPLE_GALA,GREENACRES,NL-NH,2026-08-01,2026-08-31,Monthly,,KG,2.756,2.756,2682.517578125,xgboost_feat
APPLE_GALA,GREENACRES,NL-NH,2026-09-01,2026-09-30,Monthly,,KG,2.756,2.756,2655.04296875,xgboost_feat
APPLE_GALA,GREENACRES,NL-NH,2026-10-01,2026-10-31,Monthly,,KG,2.756,2.756,2868.1826171875,xgboost_feat
APPLE_GALA,GREENACRES,NL-NH,2026-11-01,2026-11-30,Monthly,,KG,2.756,2.756,2944.93505859375,xgboost_feat
APPLE_GALA,GREENACRES,NL-NH,2026-12-01,2026-12-31,Monthly,,KG,2.756,2.756,3040.63427734375,xgboost_feat
APPLE_GALA,GREENACRES,NL-NH,2027-01-01,2027-01-31,Monthly,,KG,2.756,2.756,3011.34033203125,xgboost_feat
APPLE_GALA,GREENACRES,NL-ZH,2026-02-01,2026-02-28,Monthly,,KG,2.782,2.782,3105.67138671875,xgboost_feat
APPLE_GALA,GREENACRES,NL-ZH,2026-03-01,2026-03-31,Monthly,,KG,2.782,2.782,3052.083984375,xgboost_feat
APPLE_GALA,GREENACRES,NL-ZH,2026-04-01,2026-04-30,Monthly,,KG,2.782,2.782,2978.597900390625,xgboost_feat
APPLE_GALA,GREENACRES,NL-ZH,2026-05-01,2026-05-31,Monthly,,KG,2.782,2.782,2725.401611328125,xgboost_feat
APPLE_GALA,GREENACRES,NL-ZH,2026-06-01,2026-06-30,Monthly,,KG,2.782,2.782,2686.951171875,xgboost_feat
APPLE_GALA,GREENACRES,NL-ZH,2026-07-01,2026-07-31,Monthly,,KG,2.782,2.782,2671.3662109375,xgboost_feat
APPLE_GALA,GREENACRES,NL-ZH,2026-08-01,2026-08-31,Monthly,,KG,2.782,2.782,2655.695556640625,xgboost_feat
APPLE_GALA,GREENACRES,NL-ZH,2026-09-01,2026-09-30,Monthly,,KG,2.782,2.782,2655.06005859375,xgboost_feat
APPLE_GALA,GREENACRES,NL-ZH,2026-10-01,2026-10-31,Monthly,,KG,2.782,2.782,2868.1826171875,xgboost_feat
APPLE_GALA,GREENACRES,NL-ZH,2026-11-01,2026-11-30,Monthly,,KG,2.782,2.782,2953.596435546875,xgboost_feat
APPLE_GALA,GREENACRES,NL-ZH,2026-12-01,2026-12-31,Monthly,,KG,2.782,2.782,3040.68603515625,xgboost_feat
APPLE_GALA,GREENACRES,NL-ZH,2027-01-01,2027-01-31,Monthly,,KG,2.782,2.782,3013.915283203125,xgboost_feat
APPLE_GALA,HELLOFRESH,NL-GE,2026-02-01,2026-02-28,Monthly,,KG,2.612,2.612,3087.69580078125,xgboost_feat
APPLE_GALA,HELLOFRESH,NL-GE,2026-03-01,2026-03-31,Monthly,,KG,2.612,2.612,3041.549072265625,xgboost_feat
APPLE_GALA,HELLOFRESH,NL-GE,2026-04-01,2026-04-30,Monthly,,KG,2.612,2.612,2963.393310546875,xgboost_feat
APPLE_GALA,HELLOFRESH,NL-GE,2026-05-01,2026-05-31,Monthly,,KG,2.612,2.612,2604.38232421875,xgboost_feat
APPLE_GALA,HELLOFRESH,NL-GE,2026-06-01,2026-06-30,Monthly,,KG,2.612,2.612,2459.22705078125,xgboost_feat
APPLE_GALA,HELLOFRESH,NL-GE,2026-07-01,2026-07-31,Monthly,,KG,2.612,2.612,2458.49072265625,xgboost_feat
APPLE_GALA,HELLOFRESH,NL-GE,2026-08-01,2026-08-31,Monthly,,KG,2.612,2.612,2519.696533203125,xgboost_feat
APPLE_GALA,HELLOFRESH,NL-GE,2026-09-01,2026-09-30,Monthly,,KG,2.612,2.612,2519.71044921875,xgboost_feat
APPLE_GALA,HELLOFRESH,NL-GE,2026-10-01,2026-10-31,Monthly,,KG,2.612,2.612,2843.6806640625,xgboost_feat
APPLE_GALA,HELLOFRESH,NL-GE,2026-11-01,2026-11-30,Monthly,,KG,2.612,2.612,3009.0908203125,xgboost_feat
APPLE_GALA,HELLOFRESH,NL-GE,2026-12-01,2026-12-31,Monthly,,KG,2.612,2.612,2986.897705078125,xgboost_feat
APPLE_GALA,HELLOFRESH,NL-GE,2027-01-01,2027-01-31,Monthly,,KG,2.612,2.612,2992.0029296875,xgboost_feat
APPLE_GALA,HELLOFRESH,NL-NB,2026-02-01,2026-02-28,Monthly,,KG,2.652,2.652,3060.521484375,xgboost_feat
APPLE_GALA,HELLOFRESH,NL-NB,2026-03-01,2026-03-31,Monthly,,KG,2.652,2.652,2975.682861328125,xgboost_feat
APPLE_GALA,HELLOFRESH,NL-NB,2026-04-01,2026-04-30,Monthly,,KG,2.652,2.652,2965.960205078125,xgboost_feat
APPLE_GALA,HELLOFRESH,NL-NB,2026-05-01,2026-05-31,Monthly,,KG,2.652,2.652,2589.107421875,xgboost_feat
APPLE_GALA,HELLOFRESH,NL-NB,2026-06-01,2026-06-30,Monthly,,KG,2.652,2.652,2573.008056640625,xgboost_feat
APPLE_GALA,HELLOFRESH,NL-NB,2026-07-01,2026-07-31,Monthly,,KG,2.652,2.652,2557.34423828125,xgboost_feat
APPLE_GALA,HELLOFRESH,NL-NB,2026-08-01,2026-08-31,Monthly,,KG,2.652,2.652,2553.8291015625,xgboost_feat
APPLE_GALA,HELLOFRESH,NL-NB,2026-09-01,2026-09-30,Monthly,,KG,2.652,2.652,2540.010009765625,xgboost_feat
APPLE_GALA,HELLOFRESH,NL-NB,2026-10-01,2026-10-31,Monthly,,KG,2.652,2.652,2879.620849609375,xgboost_feat
APPLE_GALA,HELLOFRESH,NL-NB,2026-11-01,2026-11-30,Monthly,,KG,2.652,2.652,3013.535400390625,xgboost_feat
APPLE_GALA,HELLOFRESH,NL-NB,2026-12-01,2026-12-31,Monthly,,KG,2.652,2.652,3004.51806640625,xgboost_feat
APPLE_GALA,HELLOFRESH,NL-NB,2027-01-01,2027-01-31,Monthly,,KG,2.652,2.652,3000.717529296875,xgboost_feat
APPLE_GALA,HELLOFRESH,NL-NH,2026-02-01,2026-02-28,Monthly,,KG,2.818,2.818,3105.52099609375,xgboost_feat
APPLE_GALA,HELLOFRESH,NL-NH,2026-03-01,2026-03-31,Monthly,,KG,2.818,2.818,3059.0634765625,xgboost_feat
APPLE_GALA,HELLOFRESH,NL-NH,2026-04-01,2026-04-30,Monthly,,KG,2.818,2.818,2978.597900390625,xgboost_feat
APPLE_GALA,HELLOFRESH,NL-NH,2026-05-01,2026-05-31,Monthly,,KG,2.818,2.818,2952.318115234375,xgboost_feat
APPLE_GALA,HELLOFRESH,NL-NH,2026-06-01,2026-06-30,Monthly,,KG,2.818,2.818,2674.252197265625,xgboost_feat
APPLE_GALA,HELLOFRESH,NL-NH,2026-07-01,2026-07-31,Monthly,,KG,2.818,2.818,2672.5283203125,xgboost_feat
APPLE_GALA,HELLOFRESH,NL-NH,2026-08-01,2026-08-31,Monthly,,KG,2.818,2.818,2682.517578125,xgboost_feat
APPLE_GALA,HELLOFRESH,NL-NH,2026-09-01,2026-09-30,Monthly,,KG,2.818,2.818,2655.04296875,xgboost_feat
APPLE_GALA,HELLOFRESH,NL-NH,2026-10-01,2026-10-31,Monthly,,KG,2.818,2.818,2868.1826171875,xgboost_feat
APPLE_GALA,HELLOFRESH,NL-NH,2026-11-01,2026-11-30,Monthly,,KG,2.818,2.818,2944.93505859375,xgboost_feat
APPLE_GALA,HELLOFRESH,NL-NH,2026-12-01,2026-12-31,Monthly,,KG,2.818,2.818,3040.63427734375,xgboost_feat
APPLE_GALA,HELLOFRESH,NL-NH,2027-01-01,2027-01-31,Monthly,,KG,2.818,2.818,3011.289794921875,xgboost_feat
APPLE_GALA,HELLOFRESH,NL-ZH,2026-02-01,2026-02-28,Monthly,,KG,2.831,2.831,3105.67138671875,xgboost_feat
APPLE_GALA,HELLOFRESH,NL-ZH,2026-03-01,2026-03-31,Monthly,,KG,2.831,2.831,3052.083984375,xgboost_feat
APPLE_GALA,HELLOFRESH,NL-ZH,2026-04-01,2026-04-30,Monthly,,KG,2.831,2.831,2978.597900390625,xgboost_feat
APPLE_GALA,HELLOFRESH,NL-ZH,2026-05-01,2026-05-31,Monthly,,KG,2.831,2.831,2725.401611328125,xgboost_feat
APPLE_GALA,HELLOFRESH,NL-ZH,2026-06-01,2026-06-30,Monthly,,KG,2.831,2.831,2686.9482421875,xgboost_feat
APPLE_GALA,HELLOFRESH,NL-ZH,2026-07-01,2026-07-31,Monthly,,KG,2.831,2.831,2672.189453125,xgboost_feat
APPLE_GALA,HELLOFRESH,NL-ZH,2026-08-01,2026-08-31,Monthly,,KG,2.831,2.831,2655.695556640625,xgboost_feat
APPLE_GALA,HELLOFRESH,NL-ZH,2026-09-01,2026-09-30,Monthly,,KG,2.831,2.831,2655.06005859375,xgboost_feat
APPLE_GALA,HELLOFRESH,NL-ZH,2026-10-01,2026-10-31,Monthly,,KG,2.831,2.831,2868.1826171875,xgboost_feat
APPLE_GALA,HELLOFRESH,NL-ZH,2026-11-01,2026-11-30,Monthly,,KG,2.831,2.831,2953.596435546875,xgboost_feat
APPLE_GALA,HELLOFRESH,NL-ZH,2026-12-01,2026-12-31,Monthly,,KG,2.831,2.831,3040.6396484375,xgboost_feat
APPLE_GALA,HELLOFRESH,NL-ZH,2027-01-01,2027-01-31,Monthly,,KG,2.831,2.831,3012.706787109375,xgboost_feat
APPLE_GALA,HOLLANDFOODSERVICE,NL-GE,2026-02-01,2026-02-28,Monthly,,KG,2.601,2.601,3055.1103515625,xgboost_feat
APPLE_GALA,HOLLANDFOODSERVICE,NL-GE,2026-03-01,2026-03-31,Monthly,,KG,2.601,2.601,3041.549072265625,xgboost_feat
APPLE_GALA,HOLLANDFOODSERVICE,NL-GE,2026-04-01,2026-04-30,Monthly,,KG,2.601,2.601,2963.393310546875,xgboost_feat
APPLE_GALA,HOLLANDFOODSERVICE,NL-GE,2026-05-01,2026-05-31,Monthly,,KG,2.601,2.601,2604.38232421875,xgboost_feat
APPLE_GALA,HOLLANDFOODSERVICE,NL-GE,2026-06-01,2026-06-30,Monthly,,KG,2.601,2.601,2459.22705078125,xgboost_feat
APPLE_GALA,HOLLANDFOODSERVICE,NL-GE,2026-07-01,2026-07-31,Monthly,,KG,2.601,2.601,2458.493408203125,xgboost_feat
APPLE_GALA,HOLLANDFOODSERVICE,NL-GE,2026-08-01,2026-08-31,Monthly,,KG,2.601,2.601,2519.696044921875,xgboost_feat
APPLE_GALA,HOLLANDFOODSERVICE,NL-GE,2026-09-01,2026-09-30,Monthly,,KG,2.601,2.601,2519.71044921875,xgboost_feat
APPLE_GALA,HOLLANDFOODSERVICE,NL-GE,2026-10-01,2026-10-31,Monthly,,KG,2.601,2.601,2843.6806640625,xgboost_feat
APPLE_GALA,HOLLANDFOODSERVICE,NL-GE,2026-11-01,2026-11-30,Monthly,,KG,2.601,2.601,3009.0908203125,xgboost_feat
APPLE_GALA,HOLLANDFOODSERVICE,NL-GE,2026-12-01,2026-12-31,Monthly,,KG,2.601,2.601,2986.897705078125,xgboost_feat
APPLE_GALA,HOLLANDFOODSERVICE,NL-GE,2027-01-01,2027-01-31,Monthly,,KG,2.601,2.601,2992.0029296875,xgboost_feat
APPLE_GALA,HOLLANDFOODSERVICE,NL-NB,2026-02-01,2026-02-28,Monthly,,KG,2.691,2.691,3072.935546875,xgboost_feat
APPLE_GALA,HOLLANDFOODSERVICE,NL-NB,2026-03-01,2026-03-31,Monthly,,KG,2.691,2.691,2988.093505859375,xgboost_feat
APPLE_GALA,HOLLANDFOODSERVICE,NL-NB,2026-04-01,2026-04-30,Monthly,,KG,2.691,2.691,2978.12060546875,xgboost_feat
APPLE_GALA,HOLLANDFOODSERVICE,NL-NB,2026-05-01,2026-05-31,Monthly,,KG,2.691,2.691,2704.87060546875,xgboost_feat
APPLE_GALA,HOLLANDFOODSERVICE,NL-NB,2026-06-01,2026-06-30,Monthly,,KG,2.691,2.691,2689.720947265625,xgboost_feat
APPLE_GALA,HOLLANDFOODSERVICE,NL-NB,2026-07-01,2026-07-31,Monthly,,KG,2.691,2.691,2674.3916015625,xgboost_feat
APPLE_GALA,HOLLANDFOODSERVICE,NL-NB,2026-08-01,2026-08-31,Monthly,,KG,2.691,2.691,2670.38232421875,xgboost_feat
APPLE_GALA,HOLLANDFOODSERVICE,NL-NB,2026-09-01,2026-09-30,Monthly,,KG,2.691,2.691,2655.32568359375,xgboost_feat
APPLE_GALA,HOLLANDFOODSERVICE,NL-NB,2026-10-01,2026-10-31,Monthly,,KG,2.691,2.691,2900.9384765625,xgboost_feat
APPLE_GALA,HOLLANDFOODSERVICE,NL-NB,2026-11-01,2026-11-30,Monthly,,KG,2.691,2.691,3048.975830078125,xgboost_feat
APPLE_GALA,HOLLANDFOODSERVICE,NL-NB,2026-12-01,2026-12-31,Monthly,,KG,2.691,2.691,3068.5859375,xgboost_feat
APPLE_GALA,HOLLANDFOODSERVICE,NL-NB,2027-01-01,2027-01-31,Monthly,,KG,2.691,2.691,3011.532470703125,xgboost_feat
APPLE_GALA,HOLLANDFOODSERVICE,NL-NH,2026-02-01,2026-02-28,Monthly,,KG,2.753,2.753,3105.52099609375,xgboost_feat
APPLE_GALA,HOLLANDFOODSERVICE,NL-NH,2026-03-01,2026-03-31,Monthly,,KG,2.753,2.753,3059.0634765625,xgboost_feat
APPLE_GALA,HOLLANDFOODSERVICE,NL-NH,2026-04-01,2026-04-30,Monthly,,KG,2.753,2.753,2978.597900390625,xgboost_feat
APPLE_GALA,HOLLANDFOODSERVICE,NL-NH,2026-05-01,2026-05-31,Monthly,,KG,2.753,2.753,2952.318115234375,xgboost_feat
APPLE_GALA,HOLLANDFOODSERVICE,NL-NH,2026-06-01,2026-06-30,Monthly,,KG,2.753,2.753,2674.2548828125,xgboost_feat
APPLE_GALA,HOLLANDFOODSERVICE,NL-NH,2026-07-01,2026-07-31,Monthly,,KG,2.753,2.753,2672.5283203125,xgboost_feat
APPLE_GALA,HOLLANDFOODSERVICE,NL-NH,2026-08-01,2026-08-31,Monthly,,KG,2.753,2.753,2682.517578125,xgboost_feat
APPLE_GALA,HOLLANDFOODSERVICE,NL-NH,2026-09-01,2026-09-30,Monthly,,KG,2.753,2.753,2655.04296875,xgboost_feat
APPLE_GALA,HOLLANDFOODSERVICE,NL-NH,2026-10-01,2026-10-31,Monthly,,KG,2.753,2.753,2868.1826171875,xgboost_feat
APPLE_GALA,HOLLANDFOODSERVICE,NL-NH,2026-11-01,2026-11-30,Monthly,,KG,2.753,2.753,2944.93505859375,xgboost_feat
APPLE_GALA,HOLLANDFOODSERVICE,NL-NH,2026-12-01,2026-12-31,Monthly,,KG,2.753,2.753,3040.63427734375,xgboost_feat
APPLE_GALA,HOLLANDFOODSERVICE,NL-NH,2027-01-01,2027-01-31,Monthly,,KG,2.753,2.753,3011.279541015625,xgboost_feat
APPLE_GALA,HOLLANDFOODSERVICE,NL-ZH,2026-02-01,2026-02-28,Monthly,,KG,2.886,2.886,3100.54150390625,xgboost_feat
APPLE_GALA,HOLLANDFOODSERVICE,NL-ZH,2026-03-01,2026-03-31,Monthly,,KG,2.886,2.886,3052.083984375,xgboost_feat
APPLE_GALA,HOLLANDFOODSERVICE,NL-ZH,2026-04-01,2026-04-30,Monthly,,KG,2.886,2.886,2978.597900390625,xgboost_feat
APPLE_GALA,HOLLANDFOODSERVICE,NL-ZH,2026-05-01,2026-05-31,Monthly,,KG,2.886,2.886,2725.472900390625,xgboost_feat
APPLE_GALA,HOLLANDFOODSERVICE,NL-ZH,2026-06-01,2026-06-30,Monthly,,KG,2.886,2.886,2686.951171875,xgboost_feat
APPLE_GALA,HOLLANDFOODSERVICE,NL-ZH,2026-07-01,2026-07-31,Monthly,,KG,2.886,2.886,2671.3662109375,xgboost_feat
APPLE_GALA,HOLLANDFOODSERVICE,NL-ZH,2026-08-01,2026-08-31,Monthly,,KG,2.886,2.886,2655.695556640625,xgboost_feat
APPLE_GALA,HOLLANDFOODSERVICE,NL-ZH,2026-09-01,2026-09-30,Monthly,,KG,2.886,2.886,2655.06005859375,xgboost_feat
APPLE_GALA,HOLLANDFOODSERVICE,NL-ZH,2026-10-01,2026-10-31,Monthly,,KG,2.886,2.886,2868.1826171875,xgboost_feat
APPLE_GALA,HOLLANDFOODSERVICE,NL-ZH,2026-11-01,2026-11-30,Monthly,,KG,2.886,2.886,2953.596435546875,xgboost_feat
APPLE_GALA,HOLLANDFOODSERVICE,NL-ZH,2026-12-01,2026-12-31,Monthly,,KG,2.886,2.886,3040.68603515625,xgboost_feat
APPLE_GALA,HOLLANDFOODSERVICE,NL-ZH,2027-01-01,2027-01-31,Monthly,,KG,2.886,2.886,3013.915283203125,xgboost_feat
APPLE_GALA,JUMBO,NL-GE,2026-02-01,2026-02-28,Monthly,,KG,2.61,2.61,3188.616455078125,xgboost_feat
APPLE_GALA,JUMBO,NL-GE,2026-03-01,2026-03-31,Monthly,,KG,2.61,2.61,3240.885986328125,xgboost_feat
APPLE_GALA,JUMBO,NL-GE,2026-04-01,2026-04-30,Monthly,,KG,2.61,2.61,3065.88720703125,xgboost_feat
APPLE_GALA,JUMBO,NL-GE,2026-05-01,2026-05-31,Monthly,,KG,2.61,2.61,2585.60205078125,xgboost_feat
APPLE_GALA,JUMBO,NL-GE,2026-06-01,2026-06-30,Monthly,,KG,2.61,2.61,2341.5263671875,xgboost_feat
APPLE_GALA,JUMBO,NL-GE,2026-07-01,2026-07-31,Monthly,,KG,2.61,2.61,2381.650146484375,xgboost_feat
APPLE_GALA,JUMBO,NL-GE,2026-08-01,2026-08-31,Monthly,,KG,2.3489999999999998,2.61,2644.093505859375,xgboost_feat
APPLE_GALA,JUMBO,NL-GE,2026-09-01,2026-09-30,Monthly,,KG,2.3489999999999998,2.61,2649.910400390625,xgboost_feat
APPLE_GALA,JUMBO,NL-GE,2026-10-01,2026-10-31,Monthly,,KG,2.61,2.61,2841.07275390625,xgboost_feat
APPLE_GALA,JUMBO,NL-GE,2026-11-01,2026-11-30,Monthly,,KG,2.61,2.61,3119.35302734375,xgboost_feat
APPLE_GALA,JUMBO,NL-GE,2026-12-01,2026-12-31,Monthly,,KG,2.61,2.61,3123.023193359375,xgboost_feat
APPLE_GALA,JUMBO,NL-GE,2027-01-01,2027-01-31,Monthly,,KG,2.61,2.61,3135.684814453125,xgboost_feat
APPLE_GALA,JUMBO,NL-NB,2026-02-01,2026-02-28,Monthly,,KG,2.28905,2.693,3184.813720703125,xgboost_feat
APPLE_GALA,JUMBO,NL-NB,2026-03-01,2026-03-31,Monthly,,KG,2.693,2.693,3012.4033203125,xgboost_feat
APPLE_GALA,JUMBO,NL-NB,2026-04-01,2026-04-30,Monthly,,KG,2.693,2.693,3005.736572265625,xgboost_feat
APPLE_GALA,JUMBO,NL-NB,2026-05-01,2026-05-31,Monthly,,KG,2.693,2.693,2651.52392578125,xgboost_feat
APPLE_GALA,JUMBO,NL-NB,2026-06-01,2026-06-30,Monthly,,KG,2.693,2.693,2644.262939453125,xgboost_feat
APPLE_GALA,JUMBO,NL-NB,2026-07-01,2026-07-31,Monthly,,KG,2.693,2.693,2664.611328125,xgboost_feat
APPLE_GALA,JUMBO,NL-NB,2026-08-01,2026-08-31,Monthly,,KG,2.693,2.693,2731.18408203125,xgboost_feat
APPLE_GALA,JUMBO,NL-NB,2026-09-01,2026-09-30,Monthly,,KG,2.693,2.693,2707.014404296875,xgboost_feat
APPLE_GALA,JUMBO,NL-NB,2026-10-01,2026-10-31,Monthly,,KG,2.693,2.693,2904.306640625,xgboost_feat
APPLE_GALA,JUMBO,NL-NB,2026-11-01,2026-11-30,Monthly,,KG,2.693,2.693,3139.684326171875,xgboost_feat
APPLE_GALA,JUMBO,NL-NB,2026-12-01,2026-12-31,Monthly,,KG,2.693,2.693,3166.81298828125,xgboost_feat
APPLE_GALA,JUMBO,NL-NB,2027-01-01,2027-01-31,Monthly,,KG,2.693,2.693,3143.846923828125,xgboost_feat
APPLE_GALA,JUMBO,NL-NH,2026-02-01,2026-02-28,Monthly,,KG,2.787,2.787,3191.768798828125,xgboost_feat
APPLE_GALA,JUMBO,NL-NH,2026-03-01,2026-03-31,Monthly,,KG,2.787,2.787,3240.28271484375,xgboost_feat
APPLE_GALA,JUMBO,NL-NH,2026-04-01,2026-04-30,Monthly,,KG,2.787,2.787,3075.194580078125,xgboost_feat
APPLE_GALA,JUMBO,NL-NH,2026-05-01,2026-05-31,Monthly,,KG,2.09025,2.787,2940.651611328125,xgboost_feat
APPLE_GALA,JUMBO,NL-NH,2026-06-01,2026-06-30,Monthly,,KG,2.787,2.787,2587.534912109375,xgboost_feat
APPLE_GALA,JUMBO,NL-NH,2026-07-01,2026-07-31,Monthly,,KG,2.787,2.787,2552.530517578125,xgboost_feat
APPLE_GALA,JUMBO,NL-NH,2026-08-01,2026-08-31,Monthly,,KG,2.6476499999999996,2.787,2691.671142578125,xgboost_feat
APPLE_GALA,JUMBO,NL-NH,2026-09-01,2026-09-30,Monthly,,KG,2.787,2.787,2692.021484375,xgboost_feat
APPLE_GALA,JUMBO,NL-NH,2026-10-01,2026-10-31,Monthly,,KG,2.787,2.787,2874.191162109375,xgboost_feat
APPLE_GALA,JUMBO,NL-NH,2026-11-01,2026-11-30,Monthly,,KG,2.787,2.787,3001.8876953125,xgboost_feat
APPLE_GALA,JUMBO,NL-NH,2026-12-01,2026-12-31,Monthly,,KG,2.787,2.787,3137.448974609375,xgboost_feat
APPLE_GALA,JUMBO,NL-NH,2027-01-01,2027-01-31,Monthly,,KG,2.787,2.787,3143.89990234375,xgboost_feat
APPLE_GALA,JUMBO,NL-ZH,2026-02-01,2026-02-28,Monthly,,KG,2.775,2.775,3192.878662109375,xgboost_feat
APPLE_GALA,JUMBO,NL-ZH,2026-03-01,2026-03-31,Monthly,,KG,2.775,2.775,3086.071044921875,xgboost_feat
APPLE_GALA,JUMBO,NL-ZH,2026-04-01,2026-04-30,Monthly,,KG,2.775,2.775,3011.193603515625,xgboost_feat
APPLE_GALA,JUMBO,NL-ZH,2026-05-01,2026-05-31,Monthly,,KG,2.775,2.775,2747.08154296875,xgboost_feat
APPLE_GALA,JUMBO,NL-ZH,2026-06-01,2026-06-30,Monthly,,KG,2.775,2.775,2729.444091796875,xgboost_feat
APPLE_GALA,JUMBO,NL-ZH,2026-07-01,2026-07-31,Monthly,,KG,2.775,2.775,2709.43505859375,xgboost_feat
APPLE_GALA,JUMBO,NL-ZH,2026-08-01,2026-08-31,Monthly,,KG,2.775,2.775,2753.01904296875,xgboost_feat
APPLE_GALA,JUMBO,NL-ZH,2026-09-01,2026-09-30,Monthly,,KG,2.775,2.775,2742.0146484375,xgboost_feat
APPLE_GALA,JUMBO,NL-ZH,2026-10-01,2026-10-31,Monthly,,KG,2.775,2.775,2907.522705078125,xgboost_feat
APPLE_GALA,JUMBO,NL-ZH,2026-11-01,2026-11-30,Monthly,,KG,2.775,2.775,2964.73974609375,xgboost_feat
APPLE_GALA,JUMBO,NL-ZH,2026-12-01,2026-12-31,Monthly,,KG,2.775,2.775,3137.01953125,xgboost_feat
APPLE_GALA,JUMBO,NL-ZH,2027-01-01,2027-01-31,Monthly,,KG,2.775,2.775,3137.469970703125,xgboost_feat
APPLE_GALA,MELEDI,NL-GE,2026-02-01,2026-02-28,Monthly,,KG,2.582,2.582,3087.4736328125,xgboost_feat
APPLE_GALA,MELEDI,NL-GE,2026-03-01,2026-03-31,Monthly,,KG,2.582,2.582,3040.910888671875,xgboost_feat
APPLE_GALA,MELEDI,NL-GE,2026-04-01,2026-04-30,Monthly,,KG,2.582,2.582,2962.749755859375,xgboost_feat
APPLE_GALA,MELEDI,NL-GE,2026-05-01,2026-05-31,Monthly,,KG,2.582,2.582,2602.83642578125,xgboost_feat
APPLE_GALA,MELEDI,NL-GE,2026-06-01,2026-06-30,Monthly,,KG,2.582,2.582,2458.1650390625,xgboost_feat
APPLE_GALA,MELEDI,NL-GE,2026-07-01,2026-07-31,Monthly,,KG,2.582,2.582,2457.82568359375,xgboost_feat
APPLE_GALA,MELEDI,NL-GE,2026-08-01,2026-08-31,Monthly,,KG,2.582,2.582,2518.854736328125,xgboost_feat
APPLE_GALA,MELEDI,NL-GE,2026-09-01,2026-09-30,Monthly,,KG,2.582,2.582,2518.869140625,xgboost_feat
APPLE_GALA,MELEDI,NL-GE,2026-10-01,2026-10-31,Monthly,,KG,2.582,2.582,2842.339599609375,xgboost_feat
APPLE_GALA,MELEDI,NL-GE,2026-11-01,2026-11-30,Monthly,,KG,2.582,2.582,3008.451416015625,xgboost_feat
APPLE_GALA,MELEDI,NL-GE,2026-12-01,2026-12-31,Monthly,,KG,2.582,2.582,2986.25830078125,xgboost_feat
APPLE_GALA,MELEDI,NL-GE,2027-01-01,2027-01-31,Monthly,,KG,2.582,2.582,2991.363525390625,xgboost_feat
APPLE_GALA,MELEDI,NL-NB,2026-02-01,2026-02-28,Monthly,,KG,2.706,2.706,3105.67138671875,xgboost_feat
APPLE_GALA,MELEDI,NL-NB,2026-03-01,2026-03-31,Monthly,,KG,2.706,2.706,2988.093505859375,xgboost_feat
APPLE_GALA,MELEDI,NL-NB,2026-04-01,2026-04-30,Monthly,,KG,2.706,2.706,2978.12060546875,xgboost_feat
APPLE_GALA,MELEDI,NL-NB,2026-05-01,2026-05-31,Monthly,,KG,2.706,2.706,2704.87060546875,xgboost_feat
APPLE_GALA,MELEDI,NL-NB,2026-06-01,2026-06-30,Monthly,,KG,2.706,2.706,2689.720947265625,xgboost_feat
APPLE_GALA,MELEDI,NL-NB,2026-07-01,2026-07-31,Monthly,,KG,2.706,2.706,2674.3916015625,xgboost_feat
APPLE_GALA,MELEDI,NL-NB,2026-08-01,2026-08-31,Monthly,,KG,2.706,2.706,2670.38232421875,xgboost_feat
APPLE_GALA,MELEDI,NL-NB,2026-09-01,2026-09-30,Monthly,,KG,2.706,2.706,2655.32568359375,xgboost_feat
APPLE_GALA,MELEDI,NL-NB,2026-10-01,2026-10-31,Monthly,,KG,2.706,2.706,2900.9384765625,xgboost_feat
APPLE_GALA,MELEDI,NL-NB,2026-11-01,2026-11-30,Monthly,,KG,2.706,2.706,3048.975830078125,xgboost_feat
APPLE_GALA,MELEDI,NL-NB,2026-12-01,2026-12-31,Monthly,,KG,2.706,2.706,3068.5859375,xgboost_feat
APPLE_GALA,MELEDI,NL-NB,2027-01-01,2027-01-31,Monthly,,KG,2.706,2.706,3011.591796875,xgboost_feat
APPLE_GALA,MELEDI,NL-NH,2026-02-01,2026-02-28,Monthly,,KG,2.737,2.737,3072.935546875,xgboost_feat
APPLE_GALA,MELEDI,NL-NH,2026-03-01,2026-03-31,Monthly,,KG,2.737,2.737,3059.0634765625,xgboost_feat
APPLE_GALA,MELEDI,NL-NH,2026-04-01,2026-04-30,Monthly,,KG,2.737,2.737,2978.597900390625,xgboost_feat
APPLE_GALA,MELEDI,NL-NH,2026-05-01,2026-05-31,Monthly,,KG,2.737,2.737,2952.389404296875,xgboost_feat
APPLE_GALA,MELEDI,NL-NH,2026-06-01,2026-06-30,Monthly,,KG,2.737,2.737,2674.2548828125,xgboost_feat
APPLE_GALA,MELEDI,NL-NH,2026-07-01,2026-07-31,Monthly,,KG,2.737,2.737,2672.5283203125,xgboost_feat
APPLE_GALA,MELEDI,NL-NH,2026-08-01,2026-08-31,Monthly,,KG,2.737,2.737,2682.517578125,xgboost_feat
APPLE_GALA,MELEDI,NL-NH,2026-09-01,2026-09-30,Monthly,,KG,2.737,2.737,2655.04296875,xgboost_feat
APPLE_GALA,MELEDI,NL-NH,2026-10-01,2026-10-31,Monthly,,KG,2.737,2.737,2868.1826171875,xgboost_feat
APPLE_GALA,MELEDI,NL-NH,2026-11-01,2026-11-30,Monthly,,KG,2.737,2.737,2944.93505859375,xgboost_feat
APPLE_GALA,MELEDI,NL-NH,2026-12-01,2026-12-31,Monthly,,KG,2.737,2.737,3040.63427734375,xgboost_feat
APPLE_GALA,MELEDI,NL-NH,2027-01-01,2027-01-31,Monthly,,KG,2.737,2.737,3013.755859375,xgboost_feat
APPLE_GALA,MELEDI,NL-ZH,2026-02-01,2026-02-28,Monthly,,KG,2.862,2.862,3100.8681640625,xgboost_feat
APPLE_GALA,MELEDI,NL-ZH,2026-03-01,2026-03-31,Monthly,,KG,2.862,2.862,3052.083984375,xgboost_feat
APPLE_GALA,MELEDI,NL-ZH,2026-04-01,2026-04-30,Monthly,,KG,2.862,2.862,2978.597900390625,xgboost_feat
APPLE_GALA,MELEDI,NL-ZH,2026-05-01,2026-05-31,Monthly,,KG,2.862,2.862,2725.472900390625,xgboost_feat
APPLE_GALA,MELEDI,NL-ZH,2026-06-01,2026-06-30,Monthly,,KG,2.862,2.862,2686.951171875,xgboost_feat
APPLE_GALA,MELEDI,NL-ZH,2026-07-01,2026-07-31,Monthly,,KG,2.862,2.862,2672.189453125,xgboost_feat
APPLE_GALA,MELEDI,NL-ZH,2026-08-01,2026-08-31,Monthly,,KG,2.862,2.862,2655.695556640625,xgboost_feat
APPLE_GALA,MELEDI,NL-ZH,2026-09-01,2026-09-30,Monthly,,KG,2.862,2.862,2655.06005859375,xgboost_feat
APPLE_GALA,MELEDI,NL-ZH,2026-10-01,2026-10-31,Monthly,,KG,2.862,2.862,2868.1826171875,xgboost_feat
APPLE_GALA,MELEDI,NL-ZH,2026-11-01,2026-11-30,Monthly,,KG,2.862,2.862,2953.596435546875,xgboost_feat
APPLE_GALA,MELEDI,NL-ZH,2026-12-01,2026-12-31,Monthly,,KG,2.862,2.862,3040.6396484375,xgboost_feat
APPLE_GALA,MELEDI,NL-ZH,2027-01-01,2027-01-31,Monthly,,KG,2.862,2.862,3011.3505859375,xgboost_feat
APPLE_GALA,PICNIC,NL-GE,2026-02-01,2026-02-28,Monthly,,KG,2.605,2.605,3055.1103515625,xgboost_feat
APPLE_GALA,PICNIC,NL-GE,2026-03-01,2026-03-31,Monthly,,KG,2.605,2.605,3041.549072265625,xgboost_feat
APPLE_GALA,PICNIC,NL-GE,2026-04-01,2026-04-30,Monthly,,KG,2.605,2.605,2963.393310546875,xgboost_feat
APPLE_GALA,PICNIC,NL-GE,2026-05-01,2026-05-31,Monthly,,KG,2.605,2.605,2604.38232421875,xgboost_feat
APPLE_GALA,PICNIC,NL-GE,2026-06-01,2026-06-30,Monthly,,KG,2.605,2.605,2459.22705078125,xgboost_feat
APPLE_GALA,PICNIC,NL-GE,2026-07-01,2026-07-31,Monthly,,KG,2.605,2.605,2458.49072265625,xgboost_feat
APPLE_GALA,PICNIC,NL-GE,2026-08-01,2026-08-31,Monthly,,KG,2.605,2.605,2519.696044921875,xgboost_feat
APPLE_GALA,PICNIC,NL-GE,2026-09-01,2026-09-30,Monthly,,KG,2.605,2.605,2519.71044921875,xgboost_feat
APPLE_GALA,PICNIC,NL-GE,2026-10-01,2026-10-31,Monthly,,KG,2.605,2.605,2843.6806640625,xgboost_feat
APPLE_GALA,PICNIC,NL-GE,2026-11-01,2026-11-30,Monthly,,KG,2.605,2.605,3009.0908203125,xgboost_feat
APPLE_GALA,PICNIC,NL-GE,2026-12-01,2026-12-31,Monthly,,KG,2.605,2.605,2986.897705078125,xgboost_feat
APPLE_GALA,PICNIC,NL-GE,2027-01-01,2027-01-31,Monthly,,KG,2.605,2.605,2992.0029296875,xgboost_feat
APPLE_GALA,PICNIC,NL-NB,2026-02-01,2026-02-28,Monthly,,KG,2.64,2.64,3098.25830078125,xgboost_feat
APPLE_GALA,PICNIC,NL-NB,2026-03-01,2026-03-31,Monthly,,KG,2.64,2.64,3010.35546875,xgboost_feat
APPLE_GALA,PICNIC,NL-NB,2026-04-01,2026-04-30,Monthly,,KG,2.64,2.64,2997.201904296875,xgboost_feat
APPLE_GALA,PICNIC,NL-NB,2026-05-01,2026-05-31,Monthly,,KG,2.64,2.64,2593.684814453125,xgboost_feat
APPLE_GALA,PICNIC,NL-NB,2026-06-01,2026-06-30,Monthly,,KG,2.64,2.64,2494.434814453125,xgboost_feat
APPLE_GALA,PICNIC,NL-NB,2026-07-01,2026-07-31,Monthly,,KG,2.64,2.64,2479.54150390625,xgboost_feat
APPLE_GALA,PICNIC,NL-NB,2026-08-01,2026-08-31,Monthly,,KG,2.64,2.64,2554.62744140625,xgboost_feat
APPLE_GALA,PICNIC,NL-NB,2026-09-01,2026-09-30,Monthly,,KG,2.64,2.64,2539.5546875,xgboost_feat
APPLE_GALA,PICNIC,NL-NB,2026-10-01,2026-10-31,Monthly,,KG,2.64,2.64,2903.091552734375,xgboost_feat
APPLE_GALA,PICNIC,NL-NB,2026-11-01,2026-11-30,Monthly,,KG,2.64,2.64,3051.040771484375,xgboost_feat
APPLE_GALA,PICNIC,NL-NB,2026-12-01,2026-12-31,Monthly,,KG,2.64,2.64,3038.049560546875,xgboost_feat
APPLE_GALA,PICNIC,NL-NB,2027-01-01,2027-01-31,Monthly,,KG,2.64,2.64,3034.396484375,xgboost_feat
APPLE_GALA,PICNIC,NL-NH,2026-02-01,2026-02-28,Monthly,,KG,2.757,2.757,3105.67138671875,xgboost_feat
APPLE_GALA,PICNIC,NL-NH,2026-03-01,2026-03-31,Monthly,,KG,2.757,2.757,3059.0634765625,xgboost_feat
APPLE_GALA,PICNIC,NL-NH,2026-04-01,2026-04-30,Monthly,,KG,2.757,2.757,2978.597900390625,xgboost_feat
APPLE_GALA,PICNIC,NL-NH,2026-05-01,2026-05-31,Monthly,,KG,2.757,2.757,2952.318115234375,xgboost_feat
APPLE_GALA,PICNIC,NL-NH,2026-06-01,2026-06-30,Monthly,,KG,2.757,2.757,2674.252197265625,xgboost_feat
APPLE_GALA,PICNIC,NL-NH,2026-07-01,2026-07-31,Monthly,,KG,2.757,2.757,2672.5283203125,xgboost_feat
APPLE_GALA,PICNIC,NL-NH,2026-08-01,2026-08-31,Monthly,,KG,2.757,2.757,2682.517578125,xgboost_feat
APPLE_GALA,PICNIC,NL-NH,2026-09-01,2026-09-30,Monthly,,KG,2.757,2.757,2655.04296875,xgboost_feat
APPLE_GALA,PICNIC,NL-NH,2026-10-01,2026-10-31,Monthly,,KG,2.757,2.757,2868.1826171875,xgboost_feat
APPLE_GALA,PICNIC,NL-NH,2026-11-01,2026-11-30,Monthly,,KG,2.757,2.757,2944.93505859375,xgboost_feat
APPLE_GALA,PICNIC,NL-NH,2026-12-01,2026-12-31,Monthly,,KG,2.757,2.757,3040.63427734375,xgboost_feat
APPLE_GALA,PICNIC,NL-NH,2027-01-01,2027-01-31,Monthly,,KG,2.757,2.757,3011.289794921875,xgboost_feat
APPLE_GALA,PICNIC,NL-ZH,2026-02-01,2026-02-28,Monthly,,KG,2.86,2.86,3105.671875,xgboost_feat
APPLE_GALA,PICNIC,NL-ZH,2026-03-01,2026-03-31,Monthly,,KG,2.86,2.86,3052.083984375,xgboost_feat
APPLE_GALA,PICNIC,NL-ZH,2026-04-01,2026-04-30,Monthly,,KG,2.86,2.86,2978.597900390625,xgboost_feat
APPLE_GALA,PICNIC,NL-ZH,2026-05-01,2026-05-31,Monthly,,KG,2.86,2.86,2725.401611328125,xgboost_feat
APPLE_GALA,PICNIC,NL-ZH,2026-06-01,2026-06-30,Monthly,,KG,2.86,2.86,2686.9482421875,xgboost_feat
APPLE_GALA,PICNIC,NL-ZH,2026-07-01,2026-07-31,Monthly,,KG,2.86,2.86,2672.189453125,xgboost_feat
APPLE_GALA,PICNIC,NL-ZH,2026-08-01,2026-08-31,Monthly,,KG,2.86,2.86,2655.695556640625,xgboost_feat
APPLE_GALA,PICNIC,NL-ZH,2026-09-01,2026-09-30,Monthly,,KG,2.86,2.86,2655.06005859375,xgboost_feat
APPLE_GALA,PICNIC,NL-ZH,2026-10-01,2026-10-31,Monthly,,KG,2.86,2.86,2868.1826171875,xgboost_feat
APPLE_GALA,PICNIC,NL-ZH,2026-11-01,2026-11-30,Monthly,,KG,2.86,2.86,2953.596435546875,xgboost_feat
APPLE_GALA,PICNIC,NL-ZH,2026-12-01,2026-12-31,Monthly,,KG,2.86,2.86,3040.6396484375,xgboost_feat
APPLE_GALA,PICNIC,NL-ZH,2027-01-01,2027-01-31,Monthly,,KG,2.86,2.86,3012.706787109375,xgboost_feat
APPLE_GALA,PLUS,NL-GE,2026-02-01,2026-02-28,Monthly,,KG,2.577,2.577,3134.052001953125,xgboost_feat
APPLE_GALA,PLUS,NL-GE,2026-03-01,2026-03-31,Monthly,,KG,2.577,2.577,3239.816650390625,xgboost_feat
APPLE_GALA,PLUS,NL-GE,2026-04-01,2026-04-30,Monthly,,KG,2.577,2.577,3000.306884765625,xgboost_feat
APPLE_GALA,PLUS,NL-GE,2026-05-01,2026-05-31,Monthly,,KG,2.577,2.577,2582.66064453125,xgboost_feat
APPLE_GALA,PLUS,NL-GE,2026-06-01,2026-06-30,Monthly,,KG,2.577,2.577,2349.677001953125,xgboost_feat
APPLE_GALA,PLUS,NL-GE,2026-07-01,2026-07-31,Monthly,,KG,2.577,2.577,2383.584716796875,xgboost_feat
APPLE_GALA,PLUS,NL-GE,2026-08-01,2026-08-31,Monthly,,KG,2.577,2.577,2489.639892578125,xgboost_feat
APPLE_GALA,PLUS,NL-GE,2026-09-01,2026-09-30,Monthly,,KG,2.577,2.577,2620.170166015625,xgboost_feat
APPLE_GALA,PLUS,NL-GE,2026-10-01,2026-10-31,Monthly,,KG,2.577,2.577,2891.227783203125,xgboost_feat
APPLE_GALA,PLUS,NL-GE,2026-11-01,2026-11-30,Monthly,,KG,2.577,2.577,3032.592041015625,xgboost_feat
APPLE_GALA,PLUS,NL-GE,2026-12-01,2026-12-31,Monthly,,KG,2.577,2.577,3123.734130859375,xgboost_feat
APPLE_GALA,PLUS,NL-GE,2027-01-01,2027-01-31,Monthly,,KG,2.577,2.577,3136.18310546875,xgboost_feat
APPLE_GALA,PLUS,NL-NB,2026-02-01,2026-02-28,Monthly,,KG,2.662,2.662,3186.667724609375,xgboost_feat
APPLE_GALA,PLUS,NL-NB,2026-03-01,2026-03-31,Monthly,,KG,2.662,2.662,2993.2783203125,xgboost_feat
APPLE_GALA,PLUS,NL-NB,2026-04-01,2026-04-30,Monthly,,KG,2.662,2.662,3079.622802734375,xgboost_feat
APPLE_GALA,PLUS,NL-NB,2026-05-01,2026-05-31,Monthly,,KG,1.9965,2.662,2635.0986328125,xgboost_feat
APPLE_GALA,PLUS,NL-NB,2026-06-01,2026-06-30,Monthly,,KG,2.662,2.662,2552.220947265625,xgboost_feat
APPLE_GALA,PLUS,NL-NB,2026-07-01,2026-07-31,Monthly,,KG,2.662,2.662,2429.7109375,xgboost_feat
APPLE_GALA,PLUS,NL-NB,2026-08-01,2026-08-31,Monthly,,KG,2.662,2.662,2725.636474609375,xgboost_feat
APPLE_GALA,PLUS,NL-NB,2026-09-01,2026-09-30,Monthly,,KG,2.662,2.662,2617.816650390625,xgboost_feat
APPLE_GALA,PLUS,NL-NB,2026-10-01,2026-10-31,Monthly,,KG,2.662,2.662,2935.5859375,xgboost_feat
APPLE_GALA,PLUS,NL-NB,2026-11-01,2026-11-30,Monthly,,KG,2.662,2.662,3142.073974609375,xgboost_feat
APPLE_GALA,PLUS,NL-NB,2026-12-01,2026-12-31,Monthly,,KG,2.662,2.662,3118.28564453125,xgboost_feat
APPLE_GALA,PLUS,NL-NB,2027-01-01,2027-01-31,Monthly,,KG,2.662,2.662,3140.218017578125,xgboost_feat
APPLE_GALA,PLUS,NL-NH,2026-02-01,2026-02-28,Monthly,,KG,2.74,2.74,3186.97607421875,xgboost_feat
APPLE_GALA,PLUS,NL-NH,2026-03-01,2026-03-31,Monthly,,KG,2.74,2.74,3185.21142578125,xgboost_feat
APPLE_GALA,PLUS,NL-NH,2026-04-01,2026-04-30,Monthly,,KG,2.74,2.74,3071.329345703125,xgboost_feat
APPLE_GALA,PLUS,NL-NH,2026-05-01,2026-05-31,Monthly,,KG,2.74,2.74,2968.39794921875,xgboost_feat
APPLE_GALA,PLUS,NL-NH,2026-06-01,2026-06-30,Monthly,,KG,2.74,2.74,2692.4892578125,xgboost_feat
APPLE_GALA,PLUS,NL-NH,2026-07-01,2026-07-31,Monthly,,KG,2.74,2.74,2691.5869140625,xgboost_feat
APPLE_GALA,PLUS,NL-NH,2026-08-01,2026-08-31,Monthly,,KG,2.329,2.74,2716.52685546875,xgboost_feat
APPLE_GALA,PLUS,NL-NH,2026-09-01,2026-09-30,Monthly,,KG,2.329,2.74,2737.419677734375,xgboost_feat
APPLE_GALA,PLUS,NL-NH,2026-10-01,2026-10-31,Monthly,,KG,2.74,2.74,2907.560791015625,xgboost_feat
APPLE_GALA,PLUS,NL-NH,2026-11-01,2026-11-30,Monthly,,KG,2.74,2.74,3001.984130859375,xgboost_feat
APPLE_GALA,PLUS,NL-NH,2026-12-01,2026-12-31,Monthly,,KG,2.74,2.74,3137.434326171875,xgboost_feat
APPLE_GALA,PLUS,NL-NH,2027-01-01,2027-01-31,Monthly,,KG,2.74,2.74,3137.23779296875,xgboost_feat
APPLE_GALA,PLUS,NL-ZH,2026-02-01,2026-02-28,Monthly,,KG,2.841,2.841,3166.311767578125,xgboost_feat
APPLE_GALA,PLUS,NL-ZH,2026-03-01,2026-03-31,Monthly,,KG,2.841,2.841,3053.943359375,xgboost_feat
APPLE_GALA,PLUS,NL-ZH,2026-04-01,2026-04-30,Monthly,,KG,2.841,2.841,3014.645263671875,xgboost_feat
APPLE_GALA,PLUS,NL-ZH,2026-05-01,2026-05-31,Monthly,,KG,2.841,2.841,2747.08154296875,xgboost_feat
APPLE_GALA,PLUS,NL-ZH,2026-06-01,2026-06-30,Monthly,,KG,2.841,2.841,2693.035400390625,xgboost_feat
APPLE_GALA,PLUS,NL-ZH,2026-07-01,2026-07-31,Monthly,,KG,2.841,2.841,2719.102783203125,xgboost_feat
APPLE_GALA,PLUS,NL-ZH,2026-08-01,2026-08-31,Monthly,,KG,2.841,2.841,2739.923828125,xgboost_feat
APPLE_GALA,PLUS,NL-ZH,2026-09-01,2026-09-30,Monthly,,KG,2.841,2.841,2741.8232421875,xgboost_feat
APPLE_GALA,PLUS,NL-ZH,2026-10-01,2026-10-31,Monthly,,KG,2.841,2.841,2907.522705078125,xgboost_feat
APPLE_GALA,PLUS,NL-ZH,2026-11-01,2026-11-30,Monthly,,KG,2.841,2.841,2964.73974609375,xgboost_feat
APPLE_GALA,PLUS,NL-ZH,2026-12-01,2026-12-31,Monthly,,KG,2.841,2.841,3137.0556640625,xgboost_feat
APPLE_GALA,PLUS,NL-ZH,2027-01-01,2027-01-31,Monthly,,KG,2.841,2.841,3137.469970703125,xgboost_feat
APPLE_GALA,SLIGRO,NL-GE,2026-02-01,2026-02-28,Monthly,,KG,2.601,2.601,3055.1103515625,xgboost_feat
APPLE_GALA,SLIGRO,NL-GE,2026-03-01,2026-03-31,Monthly,,KG,2.601,2.601,3041.549072265625,xgboost_feat
APPLE_GALA,SLIGRO,NL-GE,2026-04-01,2026-04-30,Monthly,,KG,2.601,2.601,2963.393310546875,xgboost_feat
APPLE_GALA,SLIGRO,NL-GE,2026-05-01,2026-05-31,Monthly,,KG,2.601,2.601,2604.38232421875,xgboost_feat
APPLE_GALA,SLIGRO,NL-GE,2026-06-01,2026-06-30,Monthly,,KG,2.601,2.601,2459.22705078125,xgboost_feat
APPLE_GALA,SLIGRO,NL-GE,2026-07-01,2026-07-31,Monthly,,KG,2.601,2.601,2458.493408203125,xgboost_feat
APPLE_GALA,SLIGRO,NL-GE,2026-08-01,2026-08-31,Monthly,,KG,2.601,2.601,2519.696044921875,xgboost_feat
APPLE_GALA,SLIGRO,NL-GE,2026-09-01,2026-09-30,Monthly,,KG,2.601,2.601,2519.71044921875,xgboost_feat
APPLE_GALA,SLIGRO,NL-GE,2026-10-01,2026-10-31,Monthly,,KG,2.601,2.601,2843.6806640625,xgboost_feat
APPLE_GALA,SLIGRO,NL-GE,2026-11-01,2026-11-30,Monthly,,KG,2.601,2.601,3009.0908203125,xgboost_feat
APPLE_GALA,SLIGRO,NL-GE,2026-12-01,2026-12-31,Monthly,,KG,2.601,2.601,2986.897705078125,xgboost_feat
APPLE_GALA,SLIGRO,NL-GE,2027-01-01,2027-01-31,Monthly,,KG,2.601,2.601,2992.0029296875,xgboost_feat
APPLE_GALA,SLIGRO,NL-NB,2026-02-01,2026-02-28,Monthly,,KG,2.679,2.679,3064.58203125,xgboost_feat
APPLE_GALA,SLIGRO,NL-NB,2026-03-01,2026-03-31,Monthly,,KG,2.679,2.679,2979.74609375,xgboost_feat
APPLE_GALA,SLIGRO,NL-NB,2026-04-01,2026-04-30,Monthly,,KG,2.679,2.679,2969.773193359375,xgboost_feat
APPLE_GALA,SLIGRO,NL-NB,2026-05-01,2026-05-31,Monthly,,KG,2.679,2.679,2608.128173828125,xgboost_feat
APPLE_GALA,SLIGRO,NL-NB,2026-06-01,2026-06-30,Monthly,,KG,2.679,2.679,2592.825927734375,xgboost_feat
APPLE_GALA,SLIGRO,NL-NB,2026-07-01,2026-07-31,Monthly,,KG,2.679,2.679,2577.250244140625,xgboost_feat
APPLE_GALA,SLIGRO,NL-NB,2026-08-01,2026-08-31,Monthly,,KG,2.679,2.679,2572.984375,xgboost_feat
APPLE_GALA,SLIGRO,NL-NB,2026-09-01,2026-09-30,Monthly,,KG,2.679,2.679,2557.927001953125,xgboost_feat
APPLE_GALA,SLIGRO,NL-NB,2026-10-01,2026-10-31,Monthly,,KG,2.679,2.679,2883.667724609375,xgboost_feat
APPLE_GALA,SLIGRO,NL-NB,2026-11-01,2026-11-30,Monthly,,KG,2.679,2.679,3017.586181640625,xgboost_feat
APPLE_GALA,SLIGRO,NL-NB,2026-12-01,2026-12-31,Monthly,,KG,2.679,2.679,3008.5595703125,xgboost_feat
APPLE_GALA,SLIGRO,NL-NB,2027-01-01,2027-01-31,Monthly,,KG,2.679,2.679,3004.753173828125,xgboost_feat
APPLE_GALA,SLIGRO,NL-NH,2026-02-01,2026-02-28,Monthly,,KG,2.716,2.716,3072.935546875,xgboost_feat
APPLE_GALA,SLIGRO,NL-NH,2026-03-01,2026-03-31,Monthly,,KG,2.716,2.716,3059.0634765625,xgboost_feat
APPLE_GALA,SLIGRO,NL-NH,2026-04-01,2026-04-30,Monthly,,KG,2.716,2.716,2978.597900390625,xgboost_feat
APPLE_GALA,SLIGRO,NL-NH,2026-05-01,2026-05-31,Monthly,,KG,2.716,2.716,2952.389404296875,xgboost_feat
APPLE_GALA,SLIGRO,NL-NH,2026-06-01,2026-06-30,Monthly,,KG,2.716,2.716,2674.2548828125,xgboost_feat
APPLE_GALA,SLIGRO,NL-NH,2026-07-01,2026-07-31,Monthly,,KG,2.716,2.716,2672.5283203125,xgboost_feat
APPLE_GALA,SLIGRO,NL-NH,2026-08-01,2026-08-31,Monthly,,KG,2.716,2.716,2682.517578125,xgboost_feat
APPLE_GALA,SLIGRO,NL-NH,2026-09-01,2026-09-30,Monthly,,KG,2.716,2.716,2655.04296875,xgboost_feat
APPLE_GALA,SLIGRO,NL-NH,2026-10-01,2026-10-31,Monthly,,KG,2.716,2.716,2868.1826171875,xgboost_feat
APPLE_GALA,SLIGRO,NL-NH,2026-11-01,2026-11-30,Monthly,,KG,2.716,2.716,2944.93505859375,xgboost_feat
APPLE_GALA,SLIGRO,NL-NH,2026-12-01,2026-12-31,Monthly,,KG,2.716,2.716,3040.63427734375,xgboost_feat
APPLE_GALA,SLIGRO,NL-NH,2027-01-01,2027-01-31,Monthly,,KG,2.716,2.716,3011.34033203125,xgboost_feat
APPLE_GALA,SLIGRO,NL-ZH,2026-02-01,2026-02-28,Monthly,,KG,2.864,2.864,3100.54150390625,xgboost_feat
APPLE_GALA,SLIGRO,NL-ZH,2026-03-01,2026-03-31,Monthly,,KG,2.864,2.864,3052.083984375,xgboost_feat
APPLE_GALA,SLIGRO,NL-ZH,2026-04-01,2026-04-30,Monthly,,KG,2.864,2.864,2978.597900390625,xgboost_feat
APPLE_GALA,SLIGRO,NL-ZH,2026-05-01,2026-05-31,Monthly,,KG,2.864,2.864,2725.472900390625,xgboost_feat
APPLE_GALA,SLIGRO,NL-ZH,2026-06-01,2026-06-30,Monthly,,KG,2.864,2.864,2686.951171875,xgboost_feat
APPLE_GALA,SLIGRO,NL-ZH,2026-07-01,2026-07-31,Monthly,,KG,2.864,2.864,2672.189453125,xgboost_feat
APPLE_GALA,SLIGRO,NL-ZH,2026-08-01,2026-08-31,Monthly,,KG,2.864,2.864,2655.695556640625,xgboost_feat
APPLE_GALA,SLIGRO,NL-ZH,2026-09-01,2026-09-30,Monthly,,KG,2.864,2.864,2655.06005859375,xgboost_feat
APPLE_GALA,SLIGRO,NL-ZH,2026-10-01,2026-10-31,Monthly,,KG,2.864,2.864,2868.1826171875,xgboost_feat
APPLE_GALA,SLIGRO,NL-ZH,2026-11-01,2026-11-30,Monthly,,KG,2.864,2.864,2953.596435546875,xgboost_feat
APPLE_GALA,SLIGRO,NL-ZH,2026-12-01,2026-12-31,Monthly,,KG,2.864,2.864,3040.685546875,xgboost_feat
APPLE_GALA,SLIGRO,NL-ZH,2027-01-01,2027-01-31,Monthly,,KG,2.864,2.864,3013.76611328125,xgboost_feat
APPLE_GRANNY_SMITH,AH,NL-GE,2026-02-01,2026-02-28,Monthly,,KG,2.697,2.697,3119.70947265625,xgboost_feat
APPLE_GRANNY_SMITH,AH,NL-GE,2026-03-01,2026-03-31,Monthly,,KG,2.697,2.697,3230.40625,xgboost_feat
APPLE_GRANNY_SMITH,AH,NL-GE,2026-04-01,2026-04-30,Monthly,,KG,2.697,2.697,3050.634765625,xgboost_feat
APPLE_GRANNY_SMITH,AH,NL-GE,2026-05-01,2026-05-31,Monthly,,KG,2.697,2.697,2723.0751953125,xgboost_feat
APPLE_GRANNY_SMITH,AH,NL-GE,2026-06-01,2026-06-30,Monthly,,KG,2.697,2.697,2590.025146484375,xgboost_feat
APPLE_GRANNY_SMITH,AH,NL-GE,2026-07-01,2026-07-31,Monthly,,KG,2.697,2.697,2588.571533203125,xgboost_feat
APPLE_GRANNY_SMITH,AH,NL-GE,2026-08-01,2026-08-31,Monthly,,KG,2.697,2.697,2652.803955078125,xgboost_feat
APPLE_GRANNY_SMITH,AH,NL-GE,2026-09-01,2026-09-30,Monthly,,KG,2.697,2.697,2671.562744140625,xgboost_feat
APPLE_GRANNY_SMITH,AH,NL-GE,2026-10-01,2026-10-31,Monthly,,KG,2.697,2.697,2873.736083984375,xgboost_feat
APPLE_GRANNY_SMITH,AH,NL-GE,2026-11-01,2026-11-30,Monthly,,KG,2.697,2.697,3061.34765625,xgboost_feat
APPLE_GRANNY_SMITH,AH,NL-GE,2026-12-01,2026-12-31,Monthly,,KG,2.697,2.697,3138.754638671875,xgboost_feat
APPLE_GRANNY_SMITH,AH,NL-GE,2027-01-01,2027-01-31,Monthly,,KG,2.697,2.697,3143.994873046875,xgboost_feat
APPLE_GRANNY_SMITH,AH,NL-NB,2026-02-01,2026-02-28,Monthly,,KG,2.705,2.705,3119.336669921875,xgboost_feat
APPLE_GRANNY_SMITH,AH,NL-NB,2026-03-01,2026-03-31,Monthly,,KG,2.705,2.705,3084.428955078125,xgboost_feat
APPLE_GRANNY_SMITH,AH,NL-NB,2026-04-01,2026-04-30,Monthly,,KG,2.705,2.705,3003.096435546875,xgboost_feat
APPLE_GRANNY_SMITH,AH,NL-NB,2026-05-01,2026-05-31,Monthly,,KG,2.705,2.705,2676.719970703125,xgboost_feat
APPLE_GRANNY_SMITH,AH,NL-NB,2026-06-01,2026-06-30,Monthly,,KG,2.705,2.705,2647.840087890625,xgboost_feat
APPLE_GRANNY_SMITH,AH,NL-NB,2026-07-01,2026-07-31,Monthly,,KG,2.705,2.705,2671.007568359375,xgboost_feat
APPLE_GRANNY_SMITH,AH,NL-NB,2026-08-01,2026-08-31,Monthly,,KG,2.705,2.705,2671.17529296875,xgboost_feat
APPLE_GRANNY_SMITH,AH,NL-NB,2026-09-01,2026-09-30,Monthly,,KG,2.705,2.705,2696.902099609375,xgboost_feat
APPLE_GRANNY_SMITH,AH,NL-NB,2026-10-01,2026-10-31,Monthly,,KG,2.705,2.705,2919.31689453125,xgboost_feat
APPLE_GRANNY_SMITH,AH,NL-NB,2026-11-01,2026-11-30,Monthly,,KG,2.705,2.705,3140.260986328125,xgboost_feat
APPLE_GRANNY_SMITH,AH,NL-NB,2026-12-01,2026-12-31,Monthly,,KG,2.705,2.705,3170.20751953125,xgboost_feat
APPLE_GRANNY_SMITH,AH,NL-NB,2027-01-01,2027-01-31,Monthly,,KG,2.705,2.705,3143.820068359375,xgboost_feat
APPLE_GRANNY_SMITH,AH,NL-NH,2026-02-01,2026-02-28,Monthly,,KG,2.706,2.706,3224.944091796875,xgboost_feat
APPLE_GRANNY_SMITH,AH,NL-NH,2026-03-01,2026-03-31,Monthly,,KG,2.706,2.706,3236.570068359375,xgboost_feat
APPLE_GRANNY_SMITH,AH,NL-NH,2026-04-01,2026-04-30,Monthly,,KG,2.706,2.706,3075.267822265625,xgboost_feat
APPLE_GRANNY_SMITH,AH,NL-NH,2026-05-01,2026-05-31,Monthly,,KG,2.706,2.706,2928.118896484375,xgboost_feat
APPLE_GRANNY_SMITH,AH,NL-NH,2026-06-01,2026-06-30,Monthly,,KG,2.706,2.706,2588.0830078125,xgboost_feat
APPLE_GRANNY_SMITH,AH,NL-NH,2026-07-01,2026-07-31,Monthly,,KG,2.706,2.706,2553.906005859375,xgboost_feat
APPLE_GRANNY_SMITH,AH,NL-NH,2026-08-01,2026-08-31,Monthly,,KG,2.706,2.706,2667.971923828125,xgboost_feat
APPLE_GRANNY_SMITH,AH,NL-NH,2026-09-01,2026-09-30,Monthly,,KG,2.706,2.706,2640.67919921875,xgboost_feat
APPLE_GRANNY_SMITH,AH,NL-NH,2026-10-01,2026-10-31,Monthly,,KG,2.706,2.706,2903.438720703125,xgboost_feat
APPLE_GRANNY_SMITH,AH,NL-NH,2026-11-01,2026-11-30,Monthly,,KG,2.706,2.706,2959.23583984375,xgboost_feat
APPLE_GRANNY_SMITH,AH,NL-NH,2026-12-01,2026-12-31,Monthly,,KG,2.706,2.706,3120.51806640625,xgboost_feat
APPLE_GRANNY_SMITH,AH,NL-NH,2027-01-01,2027-01-31,Monthly,,KG,2.706,2.706,3143.6259765625,xgboost_feat
APPLE_GRANNY_SMITH,AH,NL-ZH,2026-02-01,2026-02-28,Monthly,,KG,2.779,2.779,3243.797119140625,xgboost_feat
APPLE_GRANNY_SMITH,AH,NL-ZH,2026-03-01,2026-03-31,Monthly,,KG,2.779,2.779,3108.277587890625,xgboost_feat
APPLE_GRANNY_SMITH,AH,NL-ZH,2026-04-01,2026-04-30,Monthly,,KG,2.779,2.779,3098.142822265625,xgboost_feat
APPLE_GRANNY_SMITH,AH,NL-ZH,2026-05-01,2026-05-31,Monthly,,KG,2.779,2.779,2656.980224609375,xgboost_feat
APPLE_GRANNY_SMITH,AH,NL-ZH,2026-06-01,2026-06-30,Monthly,,KG,2.779,2.779,2578.2041015625,xgboost_feat
APPLE_GRANNY_SMITH,AH,NL-ZH,2026-07-01,2026-07-31,Monthly,,KG,2.779,2.779,2511.12744140625,xgboost_feat
APPLE_GRANNY_SMITH,AH,NL-ZH,2026-08-01,2026-08-31,Monthly,,KG,2.779,2.779,2674.190185546875,xgboost_feat
APPLE_GRANNY_SMITH,AH,NL-ZH,2026-09-01,2026-09-30,Monthly,,KG,2.779,2.779,2696.884765625,xgboost_feat
APPLE_GRANNY_SMITH,AH,NL-ZH,2026-10-01,2026-10-31,Monthly,,KG,2.779,2.779,2878.266845703125,xgboost_feat
APPLE_GRANNY_SMITH,AH,NL-ZH,2026-11-01,2026-11-30,Monthly,,KG,2.779,2.779,3010.567626953125,xgboost_feat
APPLE_GRANNY_SMITH,AH,NL-ZH,2026-12-01,2026-12-31,Monthly,,KG,2.779,2.779,3137.448974609375,xgboost_feat
APPLE_GRANNY_SMITH,AH,NL-ZH,2027-01-01,2027-01-31,Monthly,,KG,2.779,2.779,3140.04248046875,xgboost_feat
APPLE_GRANNY_SMITH,FLINK,NL-GE,2026-02-01,2026-02-28,Monthly,,KG,2.597,2.597,3087.966796875,xgboost_feat
APPLE_GRANNY_SMITH,FLINK,NL-GE,2026-03-01,2026-03-31,Monthly,,KG,2.597,2.597,3041.402099609375,xgboost_feat
APPLE_GRANNY_SMITH,FLINK,NL-GE,2026-04-01,2026-04-30,Monthly,,KG,2.597,2.597,2963.246826171875,xgboost_feat
APPLE_GRANNY_SMITH,FLINK,NL-GE,2026-05-01,2026-05-31,Monthly,,KG,2.597,2.597,2603.32958984375,xgboost_feat
APPLE_GRANNY_SMITH,FLINK,NL-GE,2026-06-01,2026-06-30,Monthly,,KG,2.597,2.597,2458.17431640625,xgboost_feat
APPLE_GRANNY_SMITH,FLINK,NL-GE,2026-07-01,2026-07-31,Monthly,,KG,2.597,2.597,2457.8388671875,xgboost_feat
APPLE_GRANNY_SMITH,FLINK,NL-GE,2026-08-01,2026-08-31,Monthly,,KG,2.597,2.597,2518.864990234375,xgboost_feat
APPLE_GRANNY_SMITH,FLINK,NL-GE,2026-09-01,2026-09-30,Monthly,,KG,2.597,2.597,2518.87939453125,xgboost_feat
APPLE_GRANNY_SMITH,FLINK,NL-GE,2026-10-01,2026-10-31,Monthly,,KG,2.597,2.597,2842.83935546875,xgboost_feat
APPLE_GRANNY_SMITH,FLINK,NL-GE,2026-11-01,2026-11-30,Monthly,,KG,2.597,2.597,3008.951171875,xgboost_feat
APPLE_GRANNY_SMITH,FLINK,NL-GE,2026-12-01,2026-12-31,Monthly,,KG,2.597,2.597,2986.758056640625,xgboost_feat
APPLE_GRANNY_SMITH,FLINK,NL-GE,2027-01-01,2027-01-31,Monthly,,KG,2.597,2.597,2991.86328125,xgboost_feat
APPLE_GRANNY_SMITH,FLINK,NL-NB,2026-02-01,2026-02-28,Monthly,,KG,2.634,2.634,3097.390625,xgboost_feat
APPLE_GRANNY_SMITH,FLINK,NL-NB,2026-03-01,2026-03-31,Monthly,,KG,2.634,2.634,3009.8818359375,xgboost_feat
APPLE_GRANNY_SMITH,FLINK,NL-NB,2026-04-01,2026-04-30,Monthly,,KG,2.634,2.634,2996.72900390625,xgboost_feat
APPLE_GRANNY_SMITH,FLINK,NL-NB,2026-05-01,2026-05-31,Monthly,,KG,2.634,2.634,2593.177490234375,xgboost_feat
APPLE_GRANNY_SMITH,FLINK,NL-NB,2026-06-01,2026-06-30,Monthly,,KG,2.634,2.634,2493.848388671875,xgboost_feat
APPLE_GRANNY_SMITH,FLINK,NL-NB,2026-07-01,2026-07-31,Monthly,,KG,2.634,2.634,2478.9501953125,xgboost_feat
APPLE_GRANNY_SMITH,FLINK,NL-NB,2026-08-01,2026-08-31,Monthly,,KG,2.634,2.634,2554.026611328125,xgboost_feat
APPLE_GRANNY_SMITH,FLINK,NL-NB,2026-09-01,2026-09-30,Monthly,,KG,2.634,2.634,2538.941162109375,xgboost_feat
APPLE_GRANNY_SMITH,FLINK,NL-NB,2026-10-01,2026-10-31,Monthly,,KG,2.634,2.634,2902.21435546875,xgboost_feat
APPLE_GRANNY_SMITH,FLINK,NL-NB,2026-11-01,2026-11-30,Monthly,,KG,2.634,2.634,3050.21533203125,xgboost_feat
APPLE_GRANNY_SMITH,FLINK,NL-NB,2026-12-01,2026-12-31,Monthly,,KG,2.634,2.634,3037.31640625,xgboost_feat
APPLE_GRANNY_SMITH,FLINK,NL-NB,2027-01-01,2027-01-31,Monthly,,KG,2.634,2.634,3033.632080078125,xgboost_feat
APPLE_GRANNY_SMITH,FLINK,NL-NH,2026-02-01,2026-02-28,Monthly,,KG,2.739,2.739,3072.935546875,xgboost_feat
APPLE_GRANNY_SMITH,FLINK,NL-NH,2026-03-01,2026-03-31,Monthly,,KG,2.739,2.739,3059.0634765625,xgboost_feat
APPLE_GRANNY_SMITH,FLINK,NL-NH,2026-04-01,2026-04-30,Monthly,,KG,2.739,2.739,2978.597900390625,xgboost_feat
APPLE_GRANNY_SMITH,FLINK,NL-NH,2026-05-01,2026-05-31,Monthly,,KG,2.739,2.739,2952.389404296875,xgboost_feat
APPLE_GRANNY_SMITH,FLINK,NL-NH,2026-06-01,2026-06-30,Monthly,,KG,2.739,2.739,2674.252197265625,xgboost_feat
APPLE_GRANNY_SMITH,FLINK,NL-NH,2026-07-01,2026-07-31,Monthly,,KG,2.739,2.739,2672.5283203125,xgboost_feat
APPLE_GRANNY_SMITH,FLINK,NL-NH,2026-08-01,2026-08-31,Monthly,,KG,2.739,2.739,2682.517578125,xgboost_feat
APPLE_GRANNY_SMITH,FLINK,NL-NH,2026-09-01,2026-09-30,Monthly,,KG,2.739,2.739,2655.04296875,xgboost_feat
APPLE_GRANNY_SMITH,FLINK,NL-NH,2026-10-01,2026-10-31,Monthly,,KG,2.739,2.739,2868.1826171875,xgboost_feat
APPLE_GRANNY_SMITH,FLINK,NL-NH,2026-11-01,2026-11-30,Monthly,,KG,2.739,2.739,2944.93505859375,xgboost_feat
APPLE_GRANNY_SMITH,FLINK,NL-NH,2026-12-01,2026-12-31,Monthly,,KG,2.739,2.739,3040.63427734375,xgboost_feat
APPLE_GRANNY_SMITH,FLINK,NL-NH,2027-01-01,2027-01-31,Monthly,,KG,2.739,2.739,3011.289794921875,xgboost_feat
APPLE_GRANNY_SMITH,FLINK,NL-ZH,2026-02-01,2026-02-28,Monthly,,KG,2.853,2.853,3100.54150390625,xgboost_feat
APPLE_GRANNY_SMITH,FLINK,NL-ZH,2026-03-01,2026-03-31,Monthly,,KG,2.853,2.853,3052.083984375,xgboost_feat
APPLE_GRANNY_SMITH,FLINK,NL-ZH,2026-04-01,2026-04-30,Monthly,,KG,2.853,2.853,2978.597900390625,xgboost_feat
APPLE_GRANNY_SMITH,FLINK,NL-ZH,2026-05-01,2026-05-31,Monthly,,KG,2.853,2.853,2725.472900390625,xgboost_feat
APPLE_GRANNY_SMITH,FLINK,NL-ZH,2026-06-01,2026-06-30,Monthly,,KG,2.853,2.853,2686.9482421875,xgboost_feat
APPLE_GRANNY_SMITH,FLINK,NL-ZH,2026-07-01,2026-07-31,Monthly,,KG,2.853,2.853,2672.189453125,xgboost_feat
APPLE_GRANNY_SMITH,FLINK,NL-ZH,2026-08-01,2026-08-31,Monthly,,KG,2.853,2.853,2655.695556640625,xgboost_feat
APPLE_GRANNY_SMITH,FLINK,NL-ZH,2026-09-01,2026-09-30,Monthly,,KG,2.853,2.853,2655.06005859375,xgboost_feat
APPLE_GRANNY_SMITH,FLINK,NL-ZH,2026-10-01,2026-10-31,Monthly,,KG,2.853,2.853,2868.1826171875,xgboost_feat
APPLE_GRANNY_SMITH,FLINK,NL-ZH,2026-11-01,2026-11-30,Monthly,,KG,2.853,2.853,2953.596435546875,xgboost_feat
APPLE_GRANNY_SMITH,FLINK,NL-ZH,2026-12-01,2026-12-31,Monthly,,KG,2.853,2.853,3040.6396484375,xgboost_feat
APPLE_GRANNY_SMITH,FLINK,NL-ZH,2027-01-01,2027-01-31,Monthly,,KG,2.853,2.853,3012.706787109375,xgboost_feat
APPLE_GRANNY_SMITH,GREENACRES,NL-GE,2026-02-01,2026-02-28,Monthly,,KG,2.588,2.588,3055.1103515625,xgboost_feat
APPLE_GRANNY_SMITH,GREENACRES,NL-GE,2026-03-01,2026-03-31,Monthly,,KG,2.588,2.588,3041.402099609375,xgboost_feat
APPLE_GRANNY_SMITH,GREENACRES,NL-GE,2026-04-01,2026-04-30,Monthly,,KG,2.588,2.588,2963.246337890625,xgboost_feat
APPLE_GRANNY_SMITH,GREENACRES,NL-GE,2026-05-01,2026-05-31,Monthly,,KG,2.588,2.588,2603.32958984375,xgboost_feat
APPLE_GRANNY_SMITH,GREENACRES,NL-GE,2026-06-01,2026-06-30,Monthly,,KG,2.588,2.588,2458.17431640625,xgboost_feat
APPLE_GRANNY_SMITH,GREENACRES,NL-GE,2026-07-01,2026-07-31,Monthly,,KG,2.588,2.588,2457.841552734375,xgboost_feat
APPLE_GRANNY_SMITH,GREENACRES,NL-GE,2026-08-01,2026-08-31,Monthly,,KG,2.588,2.588,2518.864501953125,xgboost_feat
APPLE_GRANNY_SMITH,GREENACRES,NL-GE,2026-09-01,2026-09-30,Monthly,,KG,2.588,2.588,2518.87939453125,xgboost_feat
APPLE_GRANNY_SMITH,GREENACRES,NL-GE,2026-10-01,2026-10-31,Monthly,,KG,2.588,2.588,2842.83935546875,xgboost_feat
APPLE_GRANNY_SMITH,GREENACRES,NL-GE,2026-11-01,2026-11-30,Monthly,,KG,2.588,2.588,3008.951171875,xgboost_feat
APPLE_GRANNY_SMITH,GREENACRES,NL-GE,2026-12-01,2026-12-31,Monthly,,KG,2.588,2.588,2986.758056640625,xgboost_feat
APPLE_GRANNY_SMITH,GREENACRES,NL-GE,2027-01-01,2027-01-31,Monthly,,KG,2.1998,2.588,2973.41162109375,xgboost_feat
APPLE_GRANNY_SMITH,GREENACRES,NL-NB,2026-02-01,2026-02-28,Monthly,,KG,2.709,2.709,3072.935546875,xgboost_feat
APPLE_GRANNY_SMITH,GREENACRES,NL-NB,2026-03-01,2026-03-31,Monthly,,KG,2.709,2.709,2988.093505859375,xgboost_feat
APPLE_GRANNY_SMITH,GREENACRES,NL-NB,2026-04-01,2026-04-30,Monthly,,KG,2.709,2.709,2978.12060546875,xgboost_feat
APPLE_GRANNY_SMITH,GREENACRES,NL-NB,2026-05-01,2026-05-31,Monthly,,KG,2.709,2.709,2704.87060546875,xgboost_feat
APPLE_GRANNY_SMITH,GREENACRES,NL-NB,2026-06-01,2026-06-30,Monthly,,KG,2.709,2.709,2689.720947265625,xgboost_feat
APPLE_GRANNY_SMITH,GREENACRES,NL-NB,2026-07-01,2026-07-31,Monthly,,KG,2.709,2.709,2674.3916015625,xgboost_feat
APPLE_GRANNY_SMITH,GREENACRES,NL-NB,2026-08-01,2026-08-31,Monthly,,KG,2.709,2.709,2670.38232421875,xgboost_feat
APPLE_GRANNY_SMITH,GREENACRES,NL-NB,2026-09-01,2026-09-30,Monthly,,KG,2.709,2.709,2655.32568359375,xgboost_feat
APPLE_GRANNY_SMITH,GREENACRES,NL-NB,2026-10-01,2026-10-31,Monthly,,KG,2.709,2.709,2900.9384765625,xgboost_feat
APPLE_GRANNY_SMITH,GREENACRES,NL-NB,2026-11-01,2026-11-30,Monthly,,KG,2.709,2.709,3048.975830078125,xgboost_feat
APPLE_GRANNY_SMITH,GREENACRES,NL-NB,2026-12-01,2026-12-31,Monthly,,KG,2.709,2.709,3068.5859375,xgboost_feat
APPLE_GRANNY_SMITH,GREENACRES,NL-NB,2027-01-01,2027-01-31,Monthly,,KG,2.709,2.709,3011.532470703125,xgboost_feat
APPLE_GRANNY_SMITH,GREENACRES,NL-NH,2026-02-01,2026-02-28,Monthly,,KG,2.745,2.745,3100.54150390625,xgboost_feat
APPLE_GRANNY_SMITH,GREENACRES,NL-NH,2026-03-01,2026-03-31,Monthly,,KG,2.745,2.745,3059.0634765625,xgboost_feat
APPLE_GRANNY_SMITH,GREENACRES,NL-NH,2026-04-01,2026-04-30,Monthly,,KG,2.745,2.745,2978.597900390625,xgboost_feat
APPLE_GRANNY_SMITH,GREENACRES,NL-NH,2026-05-01,2026-05-31,Monthly,,KG,2.745,2.745,2952.318115234375,xgboost_feat
APPLE_GRANNY_SMITH,GREENACRES,NL-NH,2026-06-01,2026-06-30,Monthly,,KG,2.745,2.745,2674.2548828125,xgboost_feat
APPLE_GRANNY_SMITH,GREENACRES,NL-NH,2026-07-01,2026-07-31,Monthly,,KG,2.745,2.745,2672.5283203125,xgboost_feat
APPLE_GRANNY_SMITH,GREENACRES,NL-NH,2026-08-01,2026-08-31,Monthly,,KG,2.745,2.745,2682.517578125,xgboost_feat
APPLE_GRANNY_SMITH,GREENACRES,NL-NH,2026-09-01,2026-09-30,Monthly,,KG,2.745,2.745,2655.04296875,xgboost_feat
APPLE_GRANNY_SMITH,GREENACRES,NL-NH,2026-10-01,2026-10-31,Monthly,,KG,2.745,2.745,2868.1826171875,xgboost_feat
APPLE_GRANNY_SMITH,GREENACRES,NL-NH,2026-11-01,2026-11-30,Monthly,,KG,2.745,2.745,2944.93505859375,xgboost_feat
APPLE_GRANNY_SMITH,GREENACRES,NL-NH,2026-12-01,2026-12-31,Monthly,,KG,2.745,2.745,3040.63427734375,xgboost_feat
APPLE_GRANNY_SMITH,GREENACRES,NL-NH,2027-01-01,2027-01-31,Monthly,,KG,2.745,2.745,3011.289794921875,xgboost_feat
APPLE_GRANNY_SMITH,GREENACRES,NL-ZH,2026-02-01,2026-02-28,Monthly,,KG,2.88,2.88,3072.935546875,xgboost_feat
APPLE_GRANNY_SMITH,GREENACRES,NL-ZH,2026-03-01,2026-03-31,Monthly,,KG,2.88,2.88,3052.083984375,xgboost_feat
APPLE_GRANNY_SMITH,GREENACRES,NL-ZH,2026-04-01,2026-04-30,Monthly,,KG,2.88,2.88,2978.597900390625,xgboost_feat
APPLE_GRANNY_SMITH,GREENACRES,NL-ZH,2026-05-01,2026-05-31,Monthly,,KG,2.88,2.88,2725.472900390625,xgboost_feat
APPLE_GRANNY_SMITH,GREENACRES,NL-ZH,2026-06-01,2026-06-30,Monthly,,KG,2.88,2.88,2686.9482421875,xgboost_feat
APPLE_GRANNY_SMITH,GREENACRES,NL-ZH,2026-07-01,2026-07-31,Monthly,,KG,2.88,2.88,2672.189453125,xgboost_feat
APPLE_GRANNY_SMITH,GREENACRES,NL-ZH,2026-08-01,2026-08-31,Monthly,,KG,2.88,2.88,2655.695556640625,xgboost_feat
APPLE_GRANNY_SMITH,GREENACRES,NL-ZH,2026-09-01,2026-09-30,Monthly,,KG,2.88,2.88,2655.06005859375,xgboost_feat
APPLE_GRANNY_SMITH,GREENACRES,NL-ZH,2026-10-01,2026-10-31,Monthly,,KG,2.88,2.88,2868.1826171875,xgboost_feat
APPLE_GRANNY_SMITH,GREENACRES,NL-ZH,2026-11-01,2026-11-30,Monthly,,KG,2.88,2.88,2953.596435546875,xgboost_feat
APPLE_GRANNY_SMITH,GREENACRES,NL-ZH,2026-12-01,2026-12-31,Monthly,,KG,2.88,2.88,3040.6396484375,xgboost_feat
APPLE_GRANNY_SMITH,GREENACRES,NL-ZH,2027-01-01,2027-01-31,Monthly,,KG,2.88,2.88,3011.35009765625,xgboost_feat
APPLE_GRANNY_SMITH,HELLOFRESH,NL-GE,2026-02-01,2026-02-28,Monthly,,KG,2.556,2.556,3087.17041015625,xgboost_feat
APPLE_GRANNY_SMITH,HELLOFRESH,NL-GE,2026-03-01,2026-03-31,Monthly,,KG,2.556,2.556,3040.872314453125,xgboost_feat
APPLE_GRANNY_SMITH,HELLOFRESH,NL-GE,2026-04-01,2026-04-30,Monthly,,KG,2.556,2.556,2962.711181640625,xgboost_feat
APPLE_GRANNY_SMITH,HELLOFRESH,NL-GE,2026-05-01,2026-05-31,Monthly,,KG,2.556,2.556,2602.806396484375,xgboost_feat
APPLE_GRANNY_SMITH,HELLOFRESH,NL-GE,2026-06-01,2026-06-30,Monthly,,KG,2.556,2.556,2458.133056640625,xgboost_feat
APPLE_GRANNY_SMITH,HELLOFRESH,NL-GE,2026-07-01,2026-07-31,Monthly,,KG,2.556,2.556,2457.79052734375,xgboost_feat
APPLE_GRANNY_SMITH,HELLOFRESH,NL-GE,2026-08-01,2026-08-31,Monthly,,KG,2.556,2.556,2518.822265625,xgboost_feat
APPLE_GRANNY_SMITH,HELLOFRESH,NL-GE,2026-09-01,2026-09-30,Monthly,,KG,2.556,2.556,2518.837890625,xgboost_feat
APPLE_GRANNY_SMITH,HELLOFRESH,NL-GE,2026-10-01,2026-10-31,Monthly,,KG,2.556,2.556,2842.307373046875,xgboost_feat
APPLE_GRANNY_SMITH,HELLOFRESH,NL-GE,2026-11-01,2026-11-30,Monthly,,KG,2.556,2.556,3008.419189453125,xgboost_feat
APPLE_GRANNY_SMITH,HELLOFRESH,NL-GE,2026-12-01,2026-12-31,Monthly,,KG,2.556,2.556,2986.223876953125,xgboost_feat
APPLE_GRANNY_SMITH,HELLOFRESH,NL-GE,2027-01-01,2027-01-31,Monthly,,KG,2.556,2.556,2991.328125,xgboost_feat
APPLE_GRANNY_SMITH,HELLOFRESH,NL-NB,2026-02-01,2026-02-28,Monthly,,KG,2.758,2.758,3072.935546875,xgboost_feat
APPLE_GRANNY_SMITH,HELLOFRESH,NL-NB,2026-03-01,2026-03-31,Monthly,,KG,2.758,2.758,2988.093505859375,xgboost_feat
APPLE_GRANNY_SMITH,HELLOFRESH,NL-NB,2026-04-01,2026-04-30,Monthly,,KG,2.758,2.758,2978.120849609375,xgboost_feat
APPLE_GRANNY_SMITH,HELLOFRESH,NL-NB,2026-05-01,2026-05-31,Monthly,,KG,2.758,2.758,2704.87060546875,xgboost_feat
APPLE_GRANNY_SMITH,HELLOFRESH,NL-NB,2026-06-01,2026-06-30,Monthly,,KG,2.758,2.758,2689.720947265625,xgboost_feat
APPLE_GRANNY_SMITH,HELLOFRESH,NL-NB,2026-07-01,2026-07-31,Monthly,,KG,2.758,2.758,2674.389404296875,xgboost_feat
APPLE_GRANNY_SMITH,HELLOFRESH,NL-NB,2026-08-01,2026-08-31,Monthly,,KG,2.758,2.758,2670.38232421875,xgboost_feat
APPLE_GRANNY_SMITH,HELLOFRESH,NL-NB,2026-09-01,2026-09-30,Monthly,,KG,2.758,2.758,2655.32568359375,xgboost_feat
APPLE_GRANNY_SMITH,HELLOFRESH,NL-NB,2026-10-01,2026-10-31,Monthly,,KG,2.758,2.758,2900.9384765625,xgboost_feat
APPLE_GRANNY_SMITH,HELLOFRESH,NL-NB,2026-11-01,2026-11-30,Monthly,,KG,2.758,2.758,3048.975830078125,xgboost_feat
APPLE_GRANNY_SMITH,HELLOFRESH,NL-NB,2026-12-01,2026-12-31,Monthly,,KG,2.758,2.758,3068.5859375,xgboost_feat
APPLE_GRANNY_SMITH,HELLOFRESH,NL-NB,2027-01-01,2027-01-31,Monthly,,KG,2.758,2.758,3012.968505859375,xgboost_feat
APPLE_GRANNY_SMITH,HELLOFRESH,NL-NH,2026-02-01,2026-02-28,Monthly,,KG,2.768,2.768,3072.935546875,xgboost_feat
APPLE_GRANNY_SMITH,HELLOFRESH,NL-NH,2026-03-01,2026-03-31,Monthly,,KG,2.768,2.768,3059.0634765625,xgboost_feat
APPLE_GRANNY_SMITH,HELLOFRESH,NL-NH,2026-04-01,2026-04-30,Monthly,,KG,2.768,2.768,2978.597900390625,xgboost_feat
APPLE_GRANNY_SMITH,HELLOFRESH,NL-NH,2026-05-01,2026-05-31,Monthly,,KG,2.768,2.768,2952.389404296875,xgboost_feat
APPLE_GRANNY_SMITH,HELLOFRESH,NL-NH,2026-06-01,2026-06-30,Monthly,,KG,2.768,2.768,2674.252197265625,xgboost_feat
APPLE_GRANNY_SMITH,HELLOFRESH,NL-NH,2026-07-01,2026-07-31,Monthly,,KG,2.768,2.768,2672.5283203125,xgboost_feat
APPLE_GRANNY_SMITH,HELLOFRESH,NL-NH,2026-08-01,2026-08-31,Monthly,,KG,2.768,2.768,2682.517578125,xgboost_feat
APPLE_GRANNY_SMITH,HELLOFRESH,NL-NH,2026-09-01,2026-09-30,Monthly,,KG,2.768,2.768,2655.04296875,xgboost_feat
APPLE_GRANNY_SMITH,HELLOFRESH,NL-NH,2026-10-01,2026-10-31,Monthly,,KG,2.768,2.768,2868.1826171875,xgboost_feat
APPLE_GRANNY_SMITH,HELLOFRESH,NL-NH,2026-11-01,2026-11-30,Monthly,,KG,2.768,2.768,2944.93505859375,xgboost_feat
APPLE_GRANNY_SMITH,HELLOFRESH,NL-NH,2026-12-01,2026-12-31,Monthly,,KG,2.768,2.768,3040.63427734375,xgboost_feat
APPLE_GRANNY_SMITH,HELLOFRESH,NL-NH,2027-01-01,2027-01-31,Monthly,,KG,2.768,2.768,3011.289794921875,xgboost_feat
APPLE_GRANNY_SMITH,HELLOFRESH,NL-ZH,2026-02-01,2026-02-28,Monthly,,KG,2.853,2.853,3105.52099609375,xgboost_feat
APPLE_GRANNY_SMITH,HELLOFRESH,NL-ZH,2026-03-01,2026-03-31,Monthly,,KG,2.853,2.853,3052.083984375,xgboost_feat
APPLE_GRANNY_SMITH,HELLOFRESH,NL-ZH,2026-04-01,2026-04-30,Monthly,,KG,2.853,2.853,2978.597900390625,xgboost_feat
APPLE_GRANNY_SMITH,HELLOFRESH,NL-ZH,2026-05-01,2026-05-31,Monthly,,KG,2.853,2.853,2725.401611328125,xgboost_feat
APPLE_GRANNY_SMITH,HELLOFRESH,NL-ZH,2026-06-01,2026-06-30,Monthly,,KG,2.853,2.853,2686.9482421875,xgboost_feat
APPLE_GRANNY_SMITH,HELLOFRESH,NL-ZH,2026-07-01,2026-07-31,Monthly,,KG,2.853,2.853,2672.189453125,xgboost_feat
APPLE_GRANNY_SMITH,HELLOFRESH,NL-ZH,2026-08-01,2026-08-31,Monthly,,KG,2.853,2.853,2655.695556640625,xgboost_feat
APPLE_GRANNY_SMITH,HELLOFRESH,NL-ZH,2026-09-01,2026-09-30,Monthly,,KG,2.853,2.853,2655.06005859375,xgboost_feat
APPLE_GRANNY_SMITH,HELLOFRESH,NL-ZH,2026-10-01,2026-10-31,Monthly,,KG,2.853,2.853,2868.1826171875,xgboost_feat
APPLE_GRANNY_SMITH,HELLOFRESH,NL-ZH,2026-11-01,2026-11-30,Monthly,,KG,2.853,2.853,2953.596435546875,xgboost_feat
APPLE_GRANNY_SMITH,HELLOFRESH,NL-ZH,2026-12-01,2026-12-31,Monthly,,KG,2.853,2.853,3040.6396484375,xgboost_feat
APPLE_GRANNY_SMITH,HELLOFRESH,NL-ZH,2027-01-01,2027-01-31,Monthly,,KG,2.853,2.853,3012.706787109375,xgboost_feat
APPLE_GRANNY_SMITH,HOLLANDFOODSERVICE,NL-GE,2026-02-01,2026-02-28,Monthly,,KG,2.591,2.591,3087.96630859375,xgboost_feat
APPLE_GRANNY_SMITH,HOLLANDFOODSERVICE,NL-GE,2026-03-01,2026-03-31,Monthly,,KG,2.591,2.591,3041.402099609375,xgboost_feat
APPLE_GRANNY_SMITH,HOLLANDFOODSERVICE,NL-GE,2026-04-01,2026-04-30,Monthly,,KG,2.591,2.591,2963.246337890625,xgboost_feat
APPLE_GRANNY_SMITH,HOLLANDFOODSERVICE,NL-GE,2026-05-01,2026-05-31,Monthly,,KG,2.591,2.591,2603.32958984375,xgboost_feat
APPLE_GRANNY_SMITH,HOLLANDFOODSERVICE,NL-GE,2026-06-01,2026-06-30,Monthly,,KG,2.591,2.591,2458.17431640625,xgboost_feat
APPLE_GRANNY_SMITH,HOLLANDFOODSERVICE,NL-GE,2026-07-01,2026-07-31,Monthly,,KG,2.591,2.591,2457.83935546875,xgboost_feat
APPLE_GRANNY_SMITH,HOLLANDFOODSERVICE,NL-GE,2026-08-01,2026-08-31,Monthly,,KG,2.591,2.591,2518.864990234375,xgboost_feat
APPLE_GRANNY_SMITH,HOLLANDFOODSERVICE,NL-GE,2026-09-01,2026-09-30,Monthly,,KG,2.591,2.591,2518.87939453125,xgboost_feat
APPLE_GRANNY_SMITH,HOLLANDFOODSERVICE,NL-GE,2026-10-01,2026-10-31,Monthly,,KG,2.591,2.591,2842.83935546875,xgboost_feat
APPLE_GRANNY_SMITH,HOLLANDFOODSERVICE,NL-GE,2026-11-01,2026-11-30,Monthly,,KG,2.591,2.591,3008.951171875,xgboost_feat
APPLE_GRANNY_SMITH,HOLLANDFOODSERVICE,NL-GE,2026-12-01,2026-12-31,Monthly,,KG,2.591,2.591,2986.758056640625,xgboost_feat
APPLE_GRANNY_SMITH,HOLLANDFOODSERVICE,NL-GE,2027-01-01,2027-01-31,Monthly,,KG,2.591,2.591,2991.86328125,xgboost_feat
APPLE_GRANNY_SMITH,HOLLANDFOODSERVICE,NL-NB,2026-02-01,2026-02-28,Monthly,,KG,2.659,2.659,3060.521484375,xgboost_feat
APPLE_GRANNY_SMITH,HOLLANDFOODSERVICE,NL-NB,2026-03-01,2026-03-31,Monthly,,KG,2.659,2.659,2975.682861328125,xgboost_feat
APPLE_GRANNY_SMITH,HOLLANDFOODSERVICE,NL-NB,2026-04-01,2026-04-30,Monthly,,KG,2.659,2.659,2965.960205078125,xgboost_feat
APPLE_GRANNY_SMITH,HOLLANDFOODSERVICE,NL-NB,2026-05-01,2026-05-31,Monthly,,KG,2.659,2.659,2589.107421875,xgboost_feat
APPLE_GRANNY_SMITH,HOLLANDFOODSERVICE,NL-NB,2026-06-01,2026-06-30,Monthly,,KG,2.659,2.659,2573.008056640625,xgboost_feat
APPLE_GRANNY_SMITH,HOLLANDFOODSERVICE,NL-NB,2026-07-01,2026-07-31,Monthly,,KG,2.659,2.659,2557.346435546875,xgboost_feat
APPLE_GRANNY_SMITH,HOLLANDFOODSERVICE,NL-NB,2026-08-01,2026-08-31,Monthly,,KG,2.659,2.659,2553.8291015625,xgboost_feat
APPLE_GRANNY_SMITH,HOLLANDFOODSERVICE,NL-NB,2026-09-01,2026-09-30,Monthly,,KG,2.659,2.659,2540.010009765625,xgboost_feat
APPLE_GRANNY_SMITH,HOLLANDFOODSERVICE,NL-NB,2026-10-01,2026-10-31,Monthly,,KG,2.659,2.659,2879.620849609375,xgboost_feat
APPLE_GRANNY_SMITH,HOLLANDFOODSERVICE,NL-NB,2026-11-01,2026-11-30,Monthly,,KG,2.659,2.659,3013.535400390625,xgboost_feat
APPLE_GRANNY_SMITH,HOLLANDFOODSERVICE,NL-NB,2026-12-01,2026-12-31,Monthly,,KG,2.659,2.659,3004.51806640625,xgboost_feat
APPLE_GRANNY_SMITH,HOLLANDFOODSERVICE,NL-NB,2027-01-01,2027-01-31,Monthly,,KG,2.659,2.659,3000.717529296875,xgboost_feat
APPLE_GRANNY_SMITH,HOLLANDFOODSERVICE,NL-NH,2026-02-01,2026-02-28,Monthly,,KG,2.696,2.696,3072.935546875,xgboost_feat
APPLE_GRANNY_SMITH,HOLLANDFOODSERVICE,NL-NH,2026-03-01,2026-03-31,Monthly,,KG,2.696,2.696,3059.0634765625,xgboost_feat
APPLE_GRANNY_SMITH,HOLLANDFOODSERVICE,NL-NH,2026-04-01,2026-04-30,Monthly,,KG,2.696,2.696,2978.597900390625,xgboost_feat
APPLE_GRANNY_SMITH,HOLLANDFOODSERVICE,NL-NH,2026-05-01,2026-05-31,Monthly,,KG,2.696,2.696,2952.389404296875,xgboost_feat
APPLE_GRANNY_SMITH,HOLLANDFOODSERVICE,NL-NH,2026-06-01,2026-06-30,Monthly,,KG,2.696,2.696,2674.252197265625,xgboost_feat
APPLE_GRANNY_SMITH,HOLLANDFOODSERVICE,NL-NH,2026-07-01,2026-07-31,Monthly,,KG,2.696,2.696,2672.5283203125,xgboost_feat
APPLE_GRANNY_SMITH,HOLLANDFOODSERVICE,NL-NH,2026-08-01,2026-08-31,Monthly,,KG,2.696,2.696,2682.517578125,xgboost_feat
APPLE_GRANNY_SMITH,HOLLANDFOODSERVICE,NL-NH,2026-09-01,2026-09-30,Monthly,,KG,2.696,2.696,2655.04296875,xgboost_feat
APPLE_GRANNY_SMITH,HOLLANDFOODSERVICE,NL-NH,2026-10-01,2026-10-31,Monthly,,KG,2.696,2.696,2868.1826171875,xgboost_feat
APPLE_GRANNY_SMITH,HOLLANDFOODSERVICE,NL-NH,2026-11-01,2026-11-30,Monthly,,KG,2.696,2.696,2944.93505859375,xgboost_feat
APPLE_GRANNY_SMITH,HOLLANDFOODSERVICE,NL-NH,2026-12-01,2026-12-31,Monthly,,KG,2.696,2.696,3040.63427734375,xgboost_feat
APPLE_GRANNY_SMITH,HOLLANDFOODSERVICE,NL-NH,2027-01-01,2027-01-31,Monthly,,KG,2.696,2.696,3011.289794921875,xgboost_feat
APPLE_GRANNY_SMITH,HOLLANDFOODSERVICE,NL-ZH,2026-02-01,2026-02-28,Monthly,,KG,2.783,2.783,3105.671875,xgboost_feat
APPLE_GRANNY_SMITH,HOLLANDFOODSERVICE,NL-ZH,2026-03-01,2026-03-31,Monthly,,KG,2.783,2.783,3052.083984375,xgboost_feat
APPLE_GRANNY_SMITH,HOLLANDFOODSERVICE,NL-ZH,2026-04-01,2026-04-30,Monthly,,KG,2.783,2.783,2978.597900390625,xgboost_feat
APPLE_GRANNY_SMITH,HOLLANDFOODSERVICE,NL-ZH,2026-05-01,2026-05-31,Monthly,,KG,2.783,2.783,2725.401611328125,xgboost_feat
APPLE_GRANNY_SMITH,HOLLANDFOODSERVICE,NL-ZH,2026-06-01,2026-06-30,Monthly,,KG,2.783,2.783,2686.951171875,xgboost_feat
APPLE_GRANNY_SMITH,HOLLANDFOODSERVICE,NL-ZH,2026-07-01,2026-07-31,Monthly,,KG,2.783,2.783,2672.189453125,xgboost_feat
APPLE_GRANNY_SMITH,HOLLANDFOODSERVICE,NL-ZH,2026-08-01,2026-08-31,Monthly,,KG,2.783,2.783,2655.695556640625,xgboost_feat
APPLE_GRANNY_SMITH,HOLLANDFOODSERVICE,NL-ZH,2026-09-01,2026-09-30,Monthly,,KG,2.783,2.783,2655.06005859375,xgboost_feat
APPLE_GRANNY_SMITH,HOLLANDFOODSERVICE,NL-ZH,2026-10-01,2026-10-31,Monthly,,KG,2.783,2.783,2868.1826171875,xgboost_feat
APPLE_GRANNY_SMITH,HOLLANDFOODSERVICE,NL-ZH,2026-11-01,2026-11-30,Monthly,,KG,2.783,2.783,2953.596435546875,xgboost_feat
APPLE_GRANNY_SMITH,HOLLANDFOODSERVICE,NL-ZH,2026-12-01,2026-12-31,Monthly,,KG,2.783,2.783,3040.6396484375,xgboost_feat
APPLE_GRANNY_SMITH,HOLLANDFOODSERVICE,NL-ZH,2027-01-01,2027-01-31,Monthly,,KG,2.783,2.783,3013.76611328125,xgboost_feat
APPLE_GRANNY_SMITH,JUMBO,NL-GE,2026-02-01,2026-02-28,Monthly,,KG,2.634,2.634,3280.90771484375,xgboost_feat
APPLE_GRANNY_SMITH,JUMBO,NL-GE,2026-03-01,2026-03-31,Monthly,,KG,2.634,2.634,3112.94140625,xgboost_feat
APPLE_GRANNY_SMITH,JUMBO,NL-GE,2026-04-01,2026-04-30,Monthly,,KG,2.634,2.634,3098.96240234375,xgboost_feat
APPLE_GRANNY_SMITH,JUMBO,NL-GE,2026-05-01,2026-05-31,Monthly,,KG,2.634,2.634,2578.438720703125,xgboost_feat
APPLE_GRANNY_SMITH,JUMBO,NL-GE,2026-06-01,2026-06-30,Monthly,,KG,2.634,2.634,2388.80615234375,xgboost_feat
APPLE_GRANNY_SMITH,JUMBO,NL-GE,2026-07-01,2026-07-31,Monthly,,KG,2.634,2.634,2391.2421875,xgboost_feat
APPLE_GRANNY_SMITH,JUMBO,NL-GE,2026-08-01,2026-08-31,Monthly,,KG,2.634,2.634,2624.3046875,xgboost_feat
APPLE_GRANNY_SMITH,JUMBO,NL-GE,2026-09-01,2026-09-30,Monthly,,KG,2.634,2.634,2540.549560546875,xgboost_feat
APPLE_GRANNY_SMITH,JUMBO,NL-GE,2026-10-01,2026-10-31,Monthly,,KG,2.634,2.634,2869.3037109375,xgboost_feat
APPLE_GRANNY_SMITH,JUMBO,NL-GE,2026-11-01,2026-11-30,Monthly,,KG,2.634,2.634,3072.573974609375,xgboost_feat
APPLE_GRANNY_SMITH,JUMBO,NL-GE,2026-12-01,2026-12-31,Monthly,,KG,2.634,2.634,3145.506591796875,xgboost_feat
APPLE_GRANNY_SMITH,JUMBO,NL-GE,2027-01-01,2027-01-31,Monthly,,KG,2.634,2.634,3083.668701171875,xgboost_feat
APPLE_GRANNY_SMITH,JUMBO,NL-NB,2026-02-01,2026-02-28,Monthly,,KG,2.629,2.629,3071.381103515625,xgboost_feat
APPLE_GRANNY_SMITH,JUMBO,NL-NB,2026-03-01,2026-03-31,Monthly,,KG,2.629,2.629,3005.21240234375,xgboost_feat
APPLE_GRANNY_SMITH,JUMBO,NL-NB,2026-04-01,2026-04-30,Monthly,,KG,2.629,2.629,2995.166748046875,xgboost_feat
APPLE_GRANNY_SMITH,JUMBO,NL-NB,2026-05-01,2026-05-31,Monthly,,KG,2.629,2.629,2563.6396484375,xgboost_feat
APPLE_GRANNY_SMITH,JUMBO,NL-NB,2026-06-01,2026-06-30,Monthly,,KG,2.629,2.629,2550.1142578125,xgboost_feat
APPLE_GRANNY_SMITH,JUMBO,NL-NB,2026-07-01,2026-07-31,Monthly,,KG,2.629,2.629,2470.83984375,xgboost_feat
APPLE_GRANNY_SMITH,JUMBO,NL-NB,2026-08-01,2026-08-31,Monthly,,KG,2.629,2.629,2543.39990234375,xgboost_feat
APPLE_GRANNY_SMITH,JUMBO,NL-NB,2026-09-01,2026-09-30,Monthly,,KG,2.629,2.629,2555.564697265625,xgboost_feat
APPLE_GRANNY_SMITH,JUMBO,NL-NB,2026-10-01,2026-10-31,Monthly,,KG,2.629,2.629,2896.586181640625,xgboost_feat
APPLE_GRANNY_SMITH,JUMBO,NL-NB,2026-11-01,2026-11-30,Monthly,,KG,2.629,2.629,3124.415283203125,xgboost_feat
APPLE_GRANNY_SMITH,JUMBO,NL-NB,2026-12-01,2026-12-31,Monthly,,KG,2.629,2.629,3110.736572265625,xgboost_feat
APPLE_GRANNY_SMITH,JUMBO,NL-NB,2027-01-01,2027-01-31,Monthly,,KG,2.629,2.629,3136.718505859375,xgboost_feat
APPLE_GRANNY_SMITH,JUMBO,NL-NH,2026-02-01,2026-02-28,Monthly,,KG,2.741,2.741,3192.78369140625,xgboost_feat
APPLE_GRANNY_SMITH,JUMBO,NL-NH,2026-03-01,2026-03-31,Monthly,,KG,2.741,2.741,3241.5595703125,xgboost_feat
APPLE_GRANNY_SMITH,JUMBO,NL-NH,2026-04-01,2026-04-30,Monthly,,KG,2.741,2.741,3087.23046875,xgboost_feat
APPLE_GRANNY_SMITH,JUMBO,NL-NH,2026-05-01,2026-05-31,Monthly,,KG,2.741,2.741,2889.092041015625,xgboost_feat
APPLE_GRANNY_SMITH,JUMBO,NL-NH,2026-06-01,2026-06-30,Monthly,,KG,2.741,2.741,2587.60791015625,xgboost_feat
APPLE_GRANNY_SMITH,JUMBO,NL-NH,2026-07-01,2026-07-31,Monthly,,KG,2.741,2.741,2554.074462890625,xgboost_feat
APPLE_GRANNY_SMITH,JUMBO,NL-NH,2026-08-01,2026-08-31,Monthly,,KG,2.741,2.741,2699.822998046875,xgboost_feat
APPLE_GRANNY_SMITH,JUMBO,NL-NH,2026-09-01,2026-09-30,Monthly,,KG,2.741,2.741,2692.021484375,xgboost_feat
APPLE_GRANNY_SMITH,JUMBO,NL-NH,2026-10-01,2026-10-31,Monthly,,KG,2.741,2.741,2874.177978515625,xgboost_feat
APPLE_GRANNY_SMITH,JUMBO,NL-NH,2026-11-01,2026-11-30,Monthly,,KG,2.741,2.741,3001.8876953125,xgboost_feat
APPLE_GRANNY_SMITH,JUMBO,NL-NH,2026-12-01,2026-12-31,Monthly,,KG,2.741,2.741,3137.448974609375,xgboost_feat
APPLE_GRANNY_SMITH,JUMBO,NL-NH,2027-01-01,2027-01-31,Monthly,,KG,2.741,2.741,3143.88427734375,xgboost_feat
APPLE_GRANNY_SMITH,JUMBO,NL-ZH,2026-02-01,2026-02-28,Monthly,,KG,2.823,2.823,3188.978759765625,xgboost_feat
APPLE_GRANNY_SMITH,JUMBO,NL-ZH,2026-03-01,2026-03-31,Monthly,,KG,2.823,2.823,3235.75048828125,xgboost_feat
APPLE_GRANNY_SMITH,JUMBO,NL-ZH,2026-04-01,2026-04-30,Monthly,,KG,2.823,2.823,3032.4931640625,xgboost_feat
APPLE_GRANNY_SMITH,JUMBO,NL-ZH,2026-05-01,2026-05-31,Monthly,,KG,2.823,2.823,2776.109130859375,xgboost_feat
APPLE_GRANNY_SMITH,JUMBO,NL-ZH,2026-06-01,2026-06-30,Monthly,,KG,2.823,2.823,2611.6572265625,xgboost_feat
APPLE_GRANNY_SMITH,JUMBO,NL-ZH,2026-07-01,2026-07-31,Monthly,,KG,2.823,2.823,2655.1923828125,xgboost_feat
APPLE_GRANNY_SMITH,JUMBO,NL-ZH,2026-08-01,2026-08-31,Monthly,,KG,2.823,2.823,2720.154052734375,xgboost_feat
APPLE_GRANNY_SMITH,JUMBO,NL-ZH,2026-09-01,2026-09-30,Monthly,,KG,2.823,2.823,2692.050048828125,xgboost_feat
APPLE_GRANNY_SMITH,JUMBO,NL-ZH,2026-10-01,2026-10-31,Monthly,,KG,2.823,2.823,2888.979736328125,xgboost_feat
APPLE_GRANNY_SMITH,JUMBO,NL-ZH,2026-11-01,2026-11-30,Monthly,,KG,2.823,2.823,3011.0771484375,xgboost_feat
APPLE_GRANNY_SMITH,JUMBO,NL-ZH,2026-12-01,2026-12-31,Monthly,,KG,2.823,2.823,3137.448974609375,xgboost_feat
APPLE_GRANNY_SMITH,JUMBO,NL-ZH,2027-01-01,2027-01-31,Monthly,,KG,2.823,2.823,3143.748291015625,xgboost_feat
APPLE_GRANNY_SMITH,MELEDI,NL-GE,2026-02-01,2026-02-28,Monthly,,KG,2.623,2.623,3057.00146484375,xgboost_feat
APPLE_GRANNY_SMITH,MELEDI,NL-GE,2026-03-01,2026-03-31,Monthly,,KG,2.623,2.623,3038.371337890625,xgboost_feat
APPLE_GRANNY_SMITH,MELEDI,NL-GE,2026-04-01,2026-04-30,Monthly,,KG,2.623,2.623,2961.593017578125,xgboost_feat
APPLE_GRANNY_SMITH,MELEDI,NL-GE,2026-05-01,2026-05-31,Monthly,,KG,2.623,2.623,2610.00341796875,xgboost_feat
APPLE_GRANNY_SMITH,MELEDI,NL-GE,2026-06-01,2026-06-30,Monthly,,KG,2.623,2.623,2469.51611328125,xgboost_feat
APPLE_GRANNY_SMITH,MELEDI,NL-GE,2026-07-01,2026-07-31,Monthly,,KG,2.623,2.623,2466.729248046875,xgboost_feat
APPLE_GRANNY_SMITH,MELEDI,NL-GE,2026-08-01,2026-08-31,Monthly,,KG,2.623,2.623,2529.251708984375,xgboost_feat
APPLE_GRANNY_SMITH,MELEDI,NL-GE,2026-09-01,2026-09-30,Monthly,,KG,2.623,2.623,2529.26611328125,xgboost_feat
APPLE_GRANNY_SMITH,MELEDI,NL-GE,2026-10-01,2026-10-31,Monthly,,KG,2.623,2.623,2848.217529296875,xgboost_feat
APPLE_GRANNY_SMITH,MELEDI,NL-GE,2026-11-01,2026-11-30,Monthly,,KG,2.623,2.623,3010.959228515625,xgboost_feat
APPLE_GRANNY_SMITH,MELEDI,NL-GE,2026-12-01,2026-12-31,Monthly,,KG,2.623,2.623,2988.75732421875,xgboost_feat
APPLE_GRANNY_SMITH,MELEDI,NL-GE,2027-01-01,2027-01-31,Monthly,,KG,2.623,2.623,2993.87060546875,xgboost_feat
APPLE_GRANNY_SMITH,MELEDI,NL-NB,2026-02-01,2026-02-28,Monthly,,KG,2.638,2.638,3098.25830078125,xgboost_feat
APPLE_GRANNY_SMITH,MELEDI,NL-NB,2026-03-01,2026-03-31,Monthly,,KG,2.638,2.638,3010.35546875,xgboost_feat
APPLE_GRANNY_SMITH,MELEDI,NL-NB,2026-04-01,2026-04-30,Monthly,,KG,2.638,2.638,2997.201904296875,xgboost_feat
APPLE_GRANNY_SMITH,MELEDI,NL-NB,2026-05-01,2026-05-31,Monthly,,KG,2.638,2.638,2593.684814453125,xgboost_feat
APPLE_GRANNY_SMITH,MELEDI,NL-NB,2026-06-01,2026-06-30,Monthly,,KG,2.638,2.638,2494.434814453125,xgboost_feat
APPLE_GRANNY_SMITH,MELEDI,NL-NB,2026-07-01,2026-07-31,Monthly,,KG,2.638,2.638,2479.543701171875,xgboost_feat
APPLE_GRANNY_SMITH,MELEDI,NL-NB,2026-08-01,2026-08-31,Monthly,,KG,2.638,2.638,2554.62744140625,xgboost_feat
APPLE_GRANNY_SMITH,MELEDI,NL-NB,2026-09-01,2026-09-30,Monthly,,KG,2.638,2.638,2539.5546875,xgboost_feat
APPLE_GRANNY_SMITH,MELEDI,NL-NB,2026-10-01,2026-10-31,Monthly,,KG,2.638,2.638,2903.091552734375,xgboost_feat
APPLE_GRANNY_SMITH,MELEDI,NL-NB,2026-11-01,2026-11-30,Monthly,,KG,2.638,2.638,3051.040771484375,xgboost_feat
APPLE_GRANNY_SMITH,MELEDI,NL-NB,2026-12-01,2026-12-31,Monthly,,KG,2.638,2.638,3038.049560546875,xgboost_feat
APPLE_GRANNY_SMITH,MELEDI,NL-NB,2027-01-01,2027-01-31,Monthly,,KG,2.638,2.638,3034.396484375,xgboost_feat
APPLE_GRANNY_SMITH,MELEDI,NL-NH,2026-02-01,2026-02-28,Monthly,,KG,2.754,2.754,3072.935546875,xgboost_feat
APPLE_GRANNY_SMITH,MELEDI,NL-NH,2026-03-01,2026-03-31,Monthly,,KG,2.754,2.754,3059.0634765625,xgboost_feat
APPLE_GRANNY_SMITH,MELEDI,NL-NH,2026-04-01,2026-04-30,Monthly,,KG,2.754,2.754,2978.597900390625,xgboost_feat
APPLE_GRANNY_SMITH,MELEDI,NL-NH,2026-05-01,2026-05-31,Monthly,,KG,2.754,2.754,2952.389404296875,xgboost_feat
APPLE_GRANNY_SMITH,MELEDI,NL-NH,2026-06-01,2026-06-30,Monthly,,KG,2.754,2.754,2674.2548828125,xgboost_feat
APPLE_GRANNY_SMITH,MELEDI,NL-NH,2026-07-01,2026-07-31,Monthly,,KG,2.754,2.754,2672.5283203125,xgboost_feat
APPLE_GRANNY_SMITH,MELEDI,NL-NH,2026-08-01,2026-08-31,Monthly,,KG,2.754,2.754,2682.517578125,xgboost_feat
APPLE_GRANNY_SMITH,MELEDI,NL-NH,2026-09-01,2026-09-30,Monthly,,KG,2.754,2.754,2655.04296875,xgboost_feat
APPLE_GRANNY_SMITH,MELEDI,NL-NH,2026-10-01,2026-10-31,Monthly,,KG,2.754,2.754,2868.1826171875,xgboost_feat
APPLE_GRANNY_SMITH,MELEDI,NL-NH,2026-11-01,2026-11-30,Monthly,,KG,2.754,2.754,2944.93505859375,xgboost_feat
APPLE_GRANNY_SMITH,MELEDI,NL-NH,2026-12-01,2026-12-31,Monthly,,KG,2.754,2.754,3040.63427734375,xgboost_feat
APPLE_GRANNY_SMITH,MELEDI,NL-NH,2027-01-01,2027-01-31,Monthly,,KG,2.754,2.754,3011.289794921875,xgboost_feat
APPLE_GRANNY_SMITH,MELEDI,NL-ZH,2026-02-01,2026-02-28,Monthly,,KG,2.908,2.908,3105.671875,xgboost_feat
APPLE_GRANNY_SMITH,MELEDI,NL-ZH,2026-03-01,2026-03-31,Monthly,,KG,2.908,2.908,3052.083984375,xgboost_feat
APPLE_GRANNY_SMITH,MELEDI,NL-ZH,2026-04-01,2026-04-30,Monthly,,KG,2.908,2.908,2978.597900390625,xgboost_feat
APPLE_GRANNY_SMITH,MELEDI,NL-ZH,2026-05-01,2026-05-31,Monthly,,KG,2.908,2.908,2725.401611328125,xgboost_feat
APPLE_GRANNY_SMITH,MELEDI,NL-ZH,2026-06-01,2026-06-30,Monthly,,KG,2.908,2.908,2686.951171875,xgboost_feat
APPLE_GRANNY_SMITH,MELEDI,NL-ZH,2026-07-01,2026-07-31,Monthly,,KG,2.908,2.908,2671.3662109375,xgboost_feat
APPLE_GRANNY_SMITH,MELEDI,NL-ZH,2026-08-01,2026-08-31,Monthly,,KG,2.908,2.908,2655.695556640625,xgboost_feat
APPLE_GRANNY_SMITH,MELEDI,NL-ZH,2026-09-01,2026-09-30,Monthly,,KG,2.908,2.908,2655.06005859375,xgboost_feat
APPLE_GRANNY_SMITH,MELEDI,NL-ZH,2026-10-01,2026-10-31,Monthly,,KG,2.908,2.908,2868.1826171875,xgboost_feat
APPLE_GRANNY_SMITH,MELEDI,NL-ZH,2026-11-01,2026-11-30,Monthly,,KG,2.908,2.908,2953.596435546875,xgboost_feat
APPLE_GRANNY_SMITH,MELEDI,NL-ZH,2026-12-01,2026-12-31,Monthly,,KG,2.908,2.908,3040.6396484375,xgboost_feat
APPLE_GRANNY_SMITH,MELEDI,NL-ZH,2027-01-01,2027-01-31,Monthly,,KG,2.908,2.908,3013.905029296875,xgboost_feat
APPLE_GRANNY_SMITH,PICNIC,NL-GE,2026-02-01,2026-02-28,Monthly,,KG,2.563,2.563,3054.5849609375,xgboost_feat
APPLE_GRANNY_SMITH,PICNIC,NL-GE,2026-03-01,2026-03-31,Monthly,,KG,2.563,2.563,3040.872314453125,xgboost_feat
APPLE_GRANNY_SMITH,PICNIC,NL-GE,2026-04-01,2026-04-30,Monthly,,KG,2.563,2.563,2962.711669921875,xgboost_feat
APPLE_GRANNY_SMITH,PICNIC,NL-GE,2026-05-01,2026-05-31,Monthly,,KG,2.563,2.563,2602.806396484375,xgboost_feat
APPLE_GRANNY_SMITH,PICNIC,NL-GE,2026-06-01,2026-06-30,Monthly,,KG,2.563,2.563,2458.133056640625,xgboost_feat
APPLE_GRANNY_SMITH,PICNIC,NL-GE,2026-07-01,2026-07-31,Monthly,,KG,2.563,2.563,2457.79052734375,xgboost_feat
APPLE_GRANNY_SMITH,PICNIC,NL-GE,2026-08-01,2026-08-31,Monthly,,KG,2.563,2.563,2518.82177734375,xgboost_feat
APPLE_GRANNY_SMITH,PICNIC,NL-GE,2026-09-01,2026-09-30,Monthly,,KG,2.563,2.563,2518.837890625,xgboost_feat
APPLE_GRANNY_SMITH,PICNIC,NL-GE,2026-10-01,2026-10-31,Monthly,,KG,2.563,2.563,2842.307373046875,xgboost_feat
APPLE_GRANNY_SMITH,PICNIC,NL-GE,2026-11-01,2026-11-30,Monthly,,KG,2.563,2.563,3008.419189453125,xgboost_feat
APPLE_GRANNY_SMITH,PICNIC,NL-GE,2026-12-01,2026-12-31,Monthly,,KG,2.563,2.563,2986.223876953125,xgboost_feat
APPLE_GRANNY_SMITH,PICNIC,NL-GE,2027-01-01,2027-01-31,Monthly,,KG,2.563,2.563,2991.328125,xgboost_feat
APPLE_GRANNY_SMITH,PICNIC,NL-NB,2026-02-01,2026-02-28,Monthly,,KG,2.634,2.634,3097.390625,xgboost_feat
APPLE_GRANNY_SMITH,PICNIC,NL-NB,2026-03-01,2026-03-31,Monthly,,KG,2.634,2.634,3009.8818359375,xgboost_feat
APPLE_GRANNY_SMITH,PICNIC,NL-NB,2026-04-01,2026-04-30,Monthly,,KG,2.634,2.634,2996.728271484375,xgboost_feat
APPLE_GRANNY_SMITH,PICNIC,NL-NB,2026-05-01,2026-05-31,Monthly,,KG,2.634,2.634,2593.177490234375,xgboost_feat
APPLE_GRANNY_SMITH,PICNIC,NL-NB,2026-06-01,2026-06-30,Monthly,,KG,2.634,2.634,2493.848388671875,xgboost_feat
APPLE_GRANNY_SMITH,PICNIC,NL-NB,2026-07-01,2026-07-31,Monthly,,KG,2.634,2.634,2478.9501953125,xgboost_feat
APPLE_GRANNY_SMITH,PICNIC,NL-NB,2026-08-01,2026-08-31,Monthly,,KG,2.634,2.634,2554.026611328125,xgboost_feat
APPLE_GRANNY_SMITH,PICNIC,NL-NB,2026-09-01,2026-09-30,Monthly,,KG,2.634,2.634,2538.941162109375,xgboost_feat
APPLE_GRANNY_SMITH,PICNIC,NL-NB,2026-10-01,2026-10-31,Monthly,,KG,2.634,2.634,2902.21435546875,xgboost_feat
APPLE_GRANNY_SMITH,PICNIC,NL-NB,2026-11-01,2026-11-30,Monthly,,KG,2.634,2.634,3050.21533203125,xgboost_feat
APPLE_GRANNY_SMITH,PICNIC,NL-NB,2026-12-01,2026-12-31,Monthly,,KG,2.634,2.634,3037.31640625,xgboost_feat
APPLE_GRANNY_SMITH,PICNIC,NL-NB,2027-01-01,2027-01-31,Monthly,,KG,2.634,2.634,3033.632080078125,xgboost_feat
APPLE_GRANNY_SMITH,PICNIC,NL-NH,2026-02-01,2026-02-28,Monthly,,KG,2.786,2.786,3105.671875,xgboost_feat
APPLE_GRANNY_SMITH,PICNIC,NL-NH,2026-03-01,2026-03-31,Monthly,,KG,2.786,2.786,3059.0634765625,xgboost_feat
APPLE_GRANNY_SMITH,PICNIC,NL-NH,2026-04-01,2026-04-30,Monthly,,KG,2.786,2.786,2978.597900390625,xgboost_feat
APPLE_GRANNY_SMITH,PICNIC,NL-NH,2026-05-01,2026-05-31,Monthly,,KG,2.786,2.786,2952.318115234375,xgboost_feat
APPLE_GRANNY_SMITH,PICNIC,NL-NH,2026-06-01,2026-06-30,Monthly,,KG,2.786,2.786,2674.252197265625,xgboost_feat
APPLE_GRANNY_SMITH,PICNIC,NL-NH,2026-07-01,2026-07-31,Monthly,,KG,2.786,2.786,2672.5283203125,xgboost_feat
APPLE_GRANNY_SMITH,PICNIC,NL-NH,2026-08-01,2026-08-31,Monthly,,KG,2.786,2.786,2682.517578125,xgboost_feat
APPLE_GRANNY_SMITH,PICNIC,NL-NH,2026-09-01,2026-09-30,Monthly,,KG,2.786,2.786,2655.04296875,xgboost_feat
APPLE_GRANNY_SMITH,PICNIC,NL-NH,2026-10-01,2026-10-31,Monthly,,KG,2.786,2.786,2868.1826171875,xgboost_feat
APPLE_GRANNY_SMITH,PICNIC,NL-NH,2026-11-01,2026-11-30,Monthly,,KG,2.786,2.786,2944.93505859375,xgboost_feat
APPLE_GRANNY_SMITH,PICNIC,NL-NH,2026-12-01,2026-12-31,Monthly,,KG,2.786,2.786,3040.63427734375,xgboost_feat
APPLE_GRANNY_SMITH,PICNIC,NL-NH,2027-01-01,2027-01-31,Monthly,,KG,2.786,2.786,3012.706787109375,xgboost_feat
APPLE_GRANNY_SMITH,PICNIC,NL-ZH,2026-02-01,2026-02-28,Monthly,,KG,2.886,2.886,3072.935546875,xgboost_feat
APPLE_GRANNY_SMITH,PICNIC,NL-ZH,2026-03-01,2026-03-31,Monthly,,KG,2.886,2.886,3052.083984375,xgboost_feat
APPLE_GRANNY_SMITH,PICNIC,NL-ZH,2026-04-01,2026-04-30,Monthly,,KG,2.886,2.886,2978.597900390625,xgboost_feat
APPLE_GRANNY_SMITH,PICNIC,NL-ZH,2026-05-01,2026-05-31,Monthly,,KG,2.886,2.886,2725.472900390625,xgboost_feat
APPLE_GRANNY_SMITH,PICNIC,NL-ZH,2026-06-01,2026-06-30,Monthly,,KG,2.886,2.886,2686.9482421875,xgboost_feat
APPLE_GRANNY_SMITH,PICNIC,NL-ZH,2026-07-01,2026-07-31,Monthly,,KG,2.7417,2.886,2672.08984375,xgboost_feat
APPLE_GRANNY_SMITH,PICNIC,NL-ZH,2026-08-01,2026-08-31,Monthly,,KG,2.886,2.886,2655.695556640625,xgboost_feat
APPLE_GRANNY_SMITH,PICNIC,NL-ZH,2026-09-01,2026-09-30,Monthly,,KG,2.886,2.886,2655.06005859375,xgboost_feat
APPLE_GRANNY_SMITH,PICNIC,NL-ZH,2026-10-01,2026-10-31,Monthly,,KG,2.886,2.886,2868.1826171875,xgboost_feat
APPLE_GRANNY_SMITH,PICNIC,NL-ZH,2026-11-01,2026-11-30,Monthly,,KG,2.886,2.886,2953.596435546875,xgboost_feat
APPLE_GRANNY_SMITH,PICNIC,NL-ZH,2026-12-01,2026-12-31,Monthly,,KG,2.886,2.886,3040.6396484375,xgboost_feat
APPLE_GRANNY_SMITH,PICNIC,NL-ZH,2027-01-01,2027-01-31,Monthly,,KG,2.886,2.886,3012.706787109375,xgboost_feat
APPLE_GRANNY_SMITH,PLUS,NL-GE,2026-02-01,2026-02-28,Monthly,,KG,2.581,2.581,3186.93310546875,xgboost_feat
APPLE_GRANNY_SMITH,PLUS,NL-GE,2026-03-01,2026-03-31,Monthly,,KG,2.581,2.581,3236.411376953125,xgboost_feat
APPLE_GRANNY_SMITH,PLUS,NL-GE,2026-04-01,2026-04-30,Monthly,,KG,2.581,2.581,2996.505615234375,xgboost_feat
APPLE_GRANNY_SMITH,PLUS,NL-GE,2026-05-01,2026-05-31,Monthly,,KG,2.581,2.581,2578.47998046875,xgboost_feat
APPLE_GRANNY_SMITH,PLUS,NL-GE,2026-06-01,2026-06-30,Monthly,,KG,2.581,2.581,2350.283447265625,xgboost_feat
APPLE_GRANNY_SMITH,PLUS,NL-GE,2026-07-01,2026-07-31,Monthly,,KG,2.581,2.581,2386.523681640625,xgboost_feat
APPLE_GRANNY_SMITH,PLUS,NL-GE,2026-08-01,2026-08-31,Monthly,,KG,2.581,2.581,2608.38818359375,xgboost_feat
APPLE_GRANNY_SMITH,PLUS,NL-GE,2026-09-01,2026-09-30,Monthly,,KG,2.581,2.581,2599.656982421875,xgboost_feat
APPLE_GRANNY_SMITH,PLUS,NL-GE,2026-10-01,2026-10-31,Monthly,,KG,2.581,2.581,2929.982177734375,xgboost_feat
APPLE_GRANNY_SMITH,PLUS,NL-GE,2026-11-01,2026-11-30,Monthly,,KG,2.581,2.581,3032.736572265625,xgboost_feat
APPLE_GRANNY_SMITH,PLUS,NL-GE,2026-12-01,2026-12-31,Monthly,,KG,2.581,2.581,3119.117919921875,xgboost_feat
APPLE_GRANNY_SMITH,PLUS,NL-GE,2027-01-01,2027-01-31,Monthly,,KG,2.581,2.581,3087.66748046875,xgboost_feat
APPLE_GRANNY_SMITH,PLUS,NL-NB,2026-02-01,2026-02-28,Monthly,,KG,2.664,2.664,3135.669677734375,xgboost_feat
APPLE_GRANNY_SMITH,PLUS,NL-NB,2026-03-01,2026-03-31,Monthly,,KG,2.664,2.664,2993.44287109375,xgboost_feat
APPLE_GRANNY_SMITH,PLUS,NL-NB,2026-04-01,2026-04-30,Monthly,,KG,2.664,2.664,2998.560302734375,xgboost_feat
APPLE_GRANNY_SMITH,PLUS,NL-NB,2026-05-01,2026-05-31,Monthly,,KG,2.664,2.664,2542.656494140625,xgboost_feat
APPLE_GRANNY_SMITH,PLUS,NL-NB,2026-06-01,2026-06-30,Monthly,,KG,2.664,2.664,2552.187744140625,xgboost_feat
APPLE_GRANNY_SMITH,PLUS,NL-NB,2026-07-01,2026-07-31,Monthly,,KG,2.664,2.664,2471.605712890625,xgboost_feat
APPLE_GRANNY_SMITH,PLUS,NL-NB,2026-08-01,2026-08-31,Monthly,,KG,2.664,2.664,2554.299560546875,xgboost_feat
APPLE_GRANNY_SMITH,PLUS,NL-NB,2026-09-01,2026-09-30,Monthly,,KG,2.664,2.664,2566.849365234375,xgboost_feat
APPLE_GRANNY_SMITH,PLUS,NL-NB,2026-10-01,2026-10-31,Monthly,,KG,2.5308,2.664,2931.66748046875,xgboost_feat
APPLE_GRANNY_SMITH,PLUS,NL-NB,2026-11-01,2026-11-30,Monthly,,KG,2.664,2.664,3123.036865234375,xgboost_feat
APPLE_GRANNY_SMITH,PLUS,NL-NB,2026-12-01,2026-12-31,Monthly,,KG,2.664,2.664,3109.22265625,xgboost_feat
APPLE_GRANNY_SMITH,PLUS,NL-NB,2027-01-01,2027-01-31,Monthly,,KG,2.664,2.664,3140.216064453125,xgboost_feat
APPLE_GRANNY_SMITH,PLUS,NL-NH,2026-02-01,2026-02-28,Monthly,,KG,2.754,2.754,3148.60400390625,xgboost_feat
APPLE_GRANNY_SMITH,PLUS,NL-NH,2026-03-01,2026-03-31,Monthly,,KG,2.754,2.754,3193.055908203125,xgboost_feat
APPLE_GRANNY_SMITH,PLUS,NL-NH,2026-04-01,2026-04-30,Monthly,,KG,2.754,2.754,3062.159912109375,xgboost_feat
APPLE_GRANNY_SMITH,PLUS,NL-NH,2026-05-01,2026-05-31,Monthly,,KG,2.754,2.754,2956.091796875,xgboost_feat
APPLE_GRANNY_SMITH,PLUS,NL-NH,2026-06-01,2026-06-30,Monthly,,KG,2.754,2.754,2662.69677734375,xgboost_feat
APPLE_GRANNY_SMITH,PLUS,NL-NH,2026-07-01,2026-07-31,Monthly,,KG,2.754,2.754,2661.23046875,xgboost_feat
APPLE_GRANNY_SMITH,PLUS,NL-NH,2026-08-01,2026-08-31,Monthly,,KG,2.754,2.754,2685.34423828125,xgboost_feat
APPLE_GRANNY_SMITH,PLUS,NL-NH,2026-09-01,2026-09-30,Monthly,,KG,2.754,2.754,2718.248291015625,xgboost_feat
APPLE_GRANNY_SMITH,PLUS,NL-NH,2026-10-01,2026-10-31,Monthly,,KG,2.754,2.754,2865.90966796875,xgboost_feat
APPLE_GRANNY_SMITH,PLUS,NL-NH,2026-11-01,2026-11-30,Monthly,,KG,2.754,2.754,2938.215087890625,xgboost_feat
APPLE_GRANNY_SMITH,PLUS,NL-NH,2026-12-01,2026-12-31,Monthly,,KG,2.754,2.754,3137.138427734375,xgboost_feat
APPLE_GRANNY_SMITH,PLUS,NL-NH,2027-01-01,2027-01-31,Monthly,,KG,2.754,2.754,3137.8359375,xgboost_feat
APPLE_GRANNY_SMITH,PLUS,NL-ZH,2026-02-01,2026-02-28,Monthly,,KG,2.832,2.832,3153.246826171875,xgboost_feat
APPLE_GRANNY_SMITH,PLUS,NL-ZH,2026-03-01,2026-03-31,Monthly,,KG,2.832,2.832,3185.154296875,xgboost_feat
APPLE_GRANNY_SMITH,PLUS,NL-ZH,2026-04-01,2026-04-30,Monthly,,KG,2.832,2.832,3075.850341796875,xgboost_feat
APPLE_GRANNY_SMITH,PLUS,NL-ZH,2026-05-01,2026-05-31,Monthly,,KG,2.832,2.832,2760.866943359375,xgboost_feat
APPLE_GRANNY_SMITH,PLUS,NL-ZH,2026-06-01,2026-06-30,Monthly,,KG,2.832,2.832,2740.418212890625,xgboost_feat
APPLE_GRANNY_SMITH,PLUS,NL-ZH,2026-07-01,2026-07-31,Monthly,,KG,2.832,2.832,2693.763671875,xgboost_feat
APPLE_GRANNY_SMITH,PLUS,NL-ZH,2026-08-01,2026-08-31,Monthly,,KG,2.832,2.832,2703.3408203125,xgboost_feat
APPLE_GRANNY_SMITH,PLUS,NL-ZH,2026-09-01,2026-09-30,Monthly,,KG,2.832,2.832,2731.00830078125,xgboost_feat
APPLE_GRANNY_SMITH,PLUS,NL-ZH,2026-10-01,2026-10-31,Monthly,,KG,2.832,2.832,2875.084716796875,xgboost_feat
APPLE_GRANNY_SMITH,PLUS,NL-ZH,2026-11-01,2026-11-30,Monthly,,KG,2.832,2.832,2965.535400390625,xgboost_feat
APPLE_GRANNY_SMITH,PLUS,NL-ZH,2026-12-01,2026-12-31,Monthly,,KG,2.832,2.832,3137.42236328125,xgboost_feat
APPLE_GRANNY_SMITH,PLUS,NL-ZH,2027-01-01,2027-01-31,Monthly,,KG,2.832,2.832,3137.827392578125,xgboost_feat
APPLE_GRANNY_SMITH,SLIGRO,NL-GE,2026-02-01,2026-02-28,Monthly,,KG,2.627,2.627,3085.05419921875,xgboost_feat
APPLE_GRANNY_SMITH,SLIGRO,NL-GE,2026-03-01,2026-03-31,Monthly,,KG,2.627,2.627,3038.371337890625,xgboost_feat
APPLE_GRANNY_SMITH,SLIGRO,NL-GE,2026-04-01,2026-04-30,Monthly,,KG,2.627,2.627,2961.593017578125,xgboost_feat
APPLE_GRANNY_SMITH,SLIGRO,NL-GE,2026-05-01,2026-05-31,Monthly,,KG,2.627,2.627,2610.00341796875,xgboost_feat
APPLE_GRANNY_SMITH,SLIGRO,NL-GE,2026-06-01,2026-06-30,Monthly,,KG,2.627,2.627,2469.51611328125,xgboost_feat
APPLE_GRANNY_SMITH,SLIGRO,NL-GE,2026-07-01,2026-07-31,Monthly,,KG,2.627,2.627,2466.729248046875,xgboost_feat
APPLE_GRANNY_SMITH,SLIGRO,NL-GE,2026-08-01,2026-08-31,Monthly,,KG,2.627,2.627,2529.251708984375,xgboost_feat
APPLE_GRANNY_SMITH,SLIGRO,NL-GE,2026-09-01,2026-09-30,Monthly,,KG,2.627,2.627,2529.26611328125,xgboost_feat
APPLE_GRANNY_SMITH,SLIGRO,NL-GE,2026-10-01,2026-10-31,Monthly,,KG,2.627,2.627,2848.217529296875,xgboost_feat
APPLE_GRANNY_SMITH,SLIGRO,NL-GE,2026-11-01,2026-11-30,Monthly,,KG,2.627,2.627,3010.959228515625,xgboost_feat
APPLE_GRANNY_SMITH,SLIGRO,NL-GE,2026-12-01,2026-12-31,Monthly,,KG,2.627,2.627,2988.75732421875,xgboost_feat
APPLE_GRANNY_SMITH,SLIGRO,NL-GE,2027-01-01,2027-01-31,Monthly,,KG,2.627,2.627,2993.87060546875,xgboost_feat
APPLE_GRANNY_SMITH,SLIGRO,NL-NB,2026-02-01,2026-02-28,Monthly,,KG,2.707,2.707,3105.52099609375,xgboost_feat
APPLE_GRANNY_SMITH,SLIGRO,NL-NB,2026-03-01,2026-03-31,Monthly,,KG,2.707,2.707,2988.093505859375,xgboost_feat
APPLE_GRANNY_SMITH,SLIGRO,NL-NB,2026-04-01,2026-04-30,Monthly,,KG,2.707,2.707,2978.12060546875,xgboost_feat
APPLE_GRANNY_SMITH,SLIGRO,NL-NB,2026-05-01,2026-05-31,Monthly,,KG,2.707,2.707,2704.87060546875,xgboost_feat
APPLE_GRANNY_SMITH,SLIGRO,NL-NB,2026-06-01,2026-06-30,Monthly,,KG,2.707,2.707,2689.720947265625,xgboost_feat
APPLE_GRANNY_SMITH,SLIGRO,NL-NB,2026-07-01,2026-07-31,Monthly,,KG,2.707,2.707,2674.3916015625,xgboost_feat
APPLE_GRANNY_SMITH,SLIGRO,NL-NB,2026-08-01,2026-08-31,Monthly,,KG,2.707,2.707,2670.38232421875,xgboost_feat
APPLE_GRANNY_SMITH,SLIGRO,NL-NB,2026-09-01,2026-09-30,Monthly,,KG,2.707,2.707,2655.32568359375,xgboost_feat
APPLE_GRANNY_SMITH,SLIGRO,NL-NB,2026-10-01,2026-10-31,Monthly,,KG,2.707,2.707,2900.9384765625,xgboost_feat
APPLE_GRANNY_SMITH,SLIGRO,NL-NB,2026-11-01,2026-11-30,Monthly,,KG,2.707,2.707,3048.975830078125,xgboost_feat
APPLE_GRANNY_SMITH,SLIGRO,NL-NB,2026-12-01,2026-12-31,Monthly,,KG,2.707,2.707,3068.5859375,xgboost_feat
APPLE_GRANNY_SMITH,SLIGRO,NL-NB,2027-01-01,2027-01-31,Monthly,,KG,2.707,2.707,3011.591796875,xgboost_feat
APPLE_GRANNY_SMITH,SLIGRO,NL-NH,2026-02-01,2026-02-28,Monthly,,KG,2.736,2.736,3072.935546875,xgboost_feat
APPLE_GRANNY_SMITH,SLIGRO,NL-NH,2026-03-01,2026-03-31,Monthly,,KG,2.736,2.736,3059.0634765625,xgboost_feat
APPLE_GRANNY_SMITH,SLIGRO,NL-NH,2026-04-01,2026-04-30,Monthly,,KG,2.736,2.736,2978.597900390625,xgboost_feat
APPLE_GRANNY_SMITH,SLIGRO,NL-NH,2026-05-01,2026-05-31,Monthly,,KG,2.736,2.736,2952.389404296875,xgboost_feat
APPLE_GRANNY_SMITH,SLIGRO,NL-NH,2026-06-01,2026-06-30,Monthly,,KG,2.736,2.736,2674.252197265625,xgboost_feat
APPLE_GRANNY_SMITH,SLIGRO,NL-NH,2026-07-01,2026-07-31,Monthly,,KG,2.736,2.736,2672.5283203125,xgboost_feat
APPLE_GRANNY_SMITH,SLIGRO,NL-NH,2026-08-01,2026-08-31,Monthly,,KG,2.736,2.736,2682.517578125,xgboost_feat
APPLE_GRANNY_SMITH,SLIGRO,NL-NH,2026-09-01,2026-09-30,Monthly,,KG,2.736,2.736,2655.04296875,xgboost_feat
APPLE_GRANNY_SMITH,SLIGRO,NL-NH,2026-10-01,2026-10-31,Monthly,,KG,2.736,2.736,2868.1826171875,xgboost_feat
APPLE_GRANNY_SMITH,SLIGRO,NL-NH,2026-11-01,2026-11-30,Monthly,,KG,2.736,2.736,2944.93505859375,xgboost_feat
APPLE_GRANNY_SMITH,SLIGRO,NL-NH,2026-12-01,2026-12-31,Monthly,,KG,2.736,2.736,3040.63427734375,xgboost_feat
APPLE_GRANNY_SMITH,SLIGRO,NL-NH,2027-01-01,2027-01-31,Monthly,,KG,2.736,2.736,3011.289794921875,xgboost_feat
APPLE_GRANNY_SMITH,SLIGRO,NL-ZH,2026-02-01,2026-02-28,Monthly,,KG,2.85,2.85,3072.935546875,xgboost_feat
APPLE_GRANNY_SMITH,SLIGRO,NL-ZH,2026-03-01,2026-03-31,Monthly,,KG,2.85,2.85,3052.083984375,xgboost_feat
APPLE_GRANNY_SMITH,SLIGRO,NL-ZH,2026-04-01,2026-04-30,Monthly,,KG,2.85,2.85,2978.597900390625,xgboost_feat
APPLE_GRANNY_SMITH,SLIGRO,NL-ZH,2026-05-01,2026-05-31,Monthly,,KG,2.85,2.85,2725.472900390625,xgboost_feat
APPLE_GRANNY_SMITH,SLIGRO,NL-ZH,2026-06-01,2026-06-30,Monthly,,KG,2.85,2.85,2686.951171875,xgboost_feat
APPLE_GRANNY_SMITH,SLIGRO,NL-ZH,2026-07-01,2026-07-31,Monthly,,KG,2.85,2.85,2672.189453125,xgboost_feat
APPLE_GRANNY_SMITH,SLIGRO,NL-ZH,2026-08-01,2026-08-31,Monthly,,KG,2.85,2.85,2655.695556640625,xgboost_feat
APPLE_GRANNY_SMITH,SLIGRO,NL-ZH,2026-09-01,2026-09-30,Monthly,,KG,2.85,2.85,2655.06005859375,xgboost_feat
APPLE_GRANNY_SMITH,SLIGRO,NL-ZH,2026-10-01,2026-10-31,Monthly,,KG,2.85,2.85,2868.1826171875,xgboost_feat
APPLE_GRANNY_SMITH,SLIGRO,NL-ZH,2026-11-01,2026-11-30,Monthly,,KG,2.85,2.85,2953.596435546875,xgboost_feat
APPLE_GRANNY_SMITH,SLIGRO,NL-ZH,2026-12-01,2026-12-31,Monthly,,KG,2.85,2.85,3040.6396484375,xgboost_feat
APPLE_GRANNY_SMITH,SLIGRO,NL-ZH,2027-01-01,2027-01-31,Monthly,,KG,2.85,2.85,3013.915283203125,xgboost_feat
APPLE_JONAGOLD,AH,NL-GE,2026-02-01,2026-02-28,Monthly,,KG,2.3148,2.572,3062.822509765625,xgboost_feat
APPLE_JONAGOLD,AH,NL-GE,2026-03-01,2026-03-31,Monthly,,KG,2.572,2.572,3086.5439453125,xgboost_feat
APPLE_JONAGOLD,AH,NL-GE,2026-04-01,2026-04-30,Monthly,,KG,2.572,2.572,3043.0390625,xgboost_feat
APPLE_JONAGOLD,AH,NL-GE,2026-05-01,2026-05-31,Monthly,,KG,2.572,2.572,2736.598388671875,xgboost_feat
APPLE_JONAGOLD,AH,NL-GE,2026-06-01,2026-06-30,Monthly,,KG,2.572,2.572,2649.025634765625,xgboost_feat
APPLE_JONAGOLD,AH,NL-GE,2026-07-01,2026-07-31,Monthly,,KG,2.572,2.572,2647.533203125,xgboost_feat
APPLE_JONAGOLD,AH,NL-GE,2026-08-01,2026-08-31,Monthly,,KG,2.572,2.572,2621.28857421875,xgboost_feat
APPLE_JONAGOLD,AH,NL-GE,2026-09-01,2026-09-30,Monthly,,KG,2.572,2.572,2621.085205078125,xgboost_feat
APPLE_JONAGOLD,AH,NL-GE,2026-10-01,2026-10-31,Monthly,,KG,2.572,2.572,2893.284423828125,xgboost_feat
APPLE_JONAGOLD,AH,NL-GE,2026-11-01,2026-11-30,Monthly,,KG,2.572,2.572,3119.8994140625,xgboost_feat
APPLE_JONAGOLD,AH,NL-GE,2026-12-01,2026-12-31,Monthly,,KG,2.572,2.572,3107.960205078125,xgboost_feat
APPLE_JONAGOLD,AH,NL-GE,2027-01-01,2027-01-31,Monthly,,KG,2.572,2.572,3141.7841796875,xgboost_feat
APPLE_JONAGOLD,AH,NL-NB,2026-02-01,2026-02-28,Monthly,,KG,2.731,2.731,3011.462646484375,xgboost_feat
APPLE_JONAGOLD,AH,NL-NB,2026-03-01,2026-03-31,Monthly,,KG,2.731,2.731,2961.9150390625,xgboost_feat
APPLE_JONAGOLD,AH,NL-NB,2026-04-01,2026-04-30,Monthly,,KG,2.731,2.731,2898.56298828125,xgboost_feat
APPLE_JONAGOLD,AH,NL-NB,2026-05-01,2026-05-31,Monthly,,KG,2.731,2.731,2738.193115234375,xgboost_feat
APPLE_JONAGOLD,AH,NL-NB,2026-06-01,2026-06-30,Monthly,,KG,2.4579,2.731,2664.5283203125,xgboost_feat
APPLE_JONAGOLD,AH,NL-NB,2026-07-01,2026-07-31,Monthly,,KG,2.731,2.731,2682.413818359375,xgboost_feat
APPLE_JONAGOLD,AH,NL-NB,2026-08-01,2026-08-31,Monthly,,KG,2.731,2.731,2766.720458984375,xgboost_feat
APPLE_JONAGOLD,AH,NL-NB,2026-09-01,2026-09-30,Monthly,,KG,2.731,2.731,2745.607666015625,xgboost_feat
APPLE_JONAGOLD,AH,NL-NB,2026-10-01,2026-10-31,Monthly,,KG,2.731,2.731,2944.916259765625,xgboost_feat
APPLE_JONAGOLD,AH,NL-NB,2026-11-01,2026-11-30,Monthly,,KG,2.731,2.731,3136.963134765625,xgboost_feat
APPLE_JONAGOLD,AH,NL-NB,2026-12-01,2026-12-31,Monthly,,KG,2.731,2.731,3164.77490234375,xgboost_feat
APPLE_JONAGOLD,AH,NL-NB,2027-01-01,2027-01-31,Monthly,,KG,2.731,2.731,3143.4052734375,xgboost_feat
APPLE_JONAGOLD,AH,NL-NH,2026-02-01,2026-02-28,Monthly,,KG,2.758,2.758,2964.4404296875,xgboost_feat
APPLE_JONAGOLD,AH,NL-NH,2026-03-01,2026-03-31,Monthly,,KG,2.53736,2.758,2974.7099609375,xgboost_feat
APPLE_JONAGOLD,AH,NL-NH,2026-04-01,2026-04-30,Monthly,,KG,2.758,2.758,2893.3125,xgboost_feat
APPLE_JONAGOLD,AH,NL-NH,2026-05-01,2026-05-31,Monthly,,KG,2.758,2.758,2922.5107421875,xgboost_feat
APPLE_JONAGOLD,AH,NL-NH,2026-06-01,2026-06-30,Monthly,,KG,2.758,2.758,2714.4140625,xgboost_feat
APPLE_JONAGOLD,AH,NL-NH,2026-07-01,2026-07-31,Monthly,,KG,2.758,2.758,2671.451904296875,xgboost_feat
APPLE_JONAGOLD,AH,NL-NH,2026-08-01,2026-08-31,Monthly,,KG,2.758,2.758,2774.548828125,xgboost_feat
APPLE_JONAGOLD,AH,NL-NH,2026-09-01,2026-09-30,Monthly,,KG,2.758,2.758,2744.517333984375,xgboost_feat
APPLE_JONAGOLD,AH,NL-NH,2026-10-01,2026-10-31,Monthly,,KG,2.758,2.758,2911.320068359375,xgboost_feat
APPLE_JONAGOLD,AH,NL-NH,2026-11-01,2026-11-30,Monthly,,KG,2.758,2.758,2954.156982421875,xgboost_feat
APPLE_JONAGOLD,AH,NL-NH,2026-12-01,2026-12-31,Monthly,,KG,2.758,2.758,3136.827880859375,xgboost_feat
APPLE_JONAGOLD,AH,NL-NH,2027-01-01,2027-01-31,Monthly,,KG,2.758,2.758,3137.414306640625,xgboost_feat
APPLE_JONAGOLD,AH,NL-ZH,2026-02-01,2026-02-28,Monthly,,KG,2.867,2.867,2880.03515625,xgboost_feat
APPLE_JONAGOLD,AH,NL-ZH,2026-03-01,2026-03-31,Monthly,,KG,2.867,2.867,2950.799072265625,xgboost_feat
APPLE_JONAGOLD,AH,NL-ZH,2026-04-01,2026-04-30,Monthly,,KG,2.867,2.867,2893.4306640625,xgboost_feat
APPLE_JONAGOLD,AH,NL-ZH,2026-05-01,2026-05-31,Monthly,,KG,2.867,2.867,2765.623779296875,xgboost_feat
APPLE_JONAGOLD,AH,NL-ZH,2026-06-01,2026-06-30,Monthly,,KG,2.867,2.867,2714.93212890625,xgboost_feat
APPLE_JONAGOLD,AH,NL-ZH,2026-07-01,2026-07-31,Monthly,,KG,2.867,2.867,2701.47509765625,xgboost_feat
APPLE_JONAGOLD,AH,NL-ZH,2026-08-01,2026-08-31,Monthly,,KG,2.867,2.867,2745.835205078125,xgboost_feat
APPLE_JONAGOLD,AH,NL-ZH,2026-09-01,2026-09-30,Monthly,,KG,2.867,2.867,2744.429443359375,xgboost_feat
APPLE_JONAGOLD,AH,NL-ZH,2026-10-01,2026-10-31,Monthly,,KG,2.867,2.867,2911.356689453125,xgboost_feat
APPLE_JONAGOLD,AH,NL-ZH,2026-11-01,2026-11-30,Monthly,,KG,2.867,2.867,2963.145263671875,xgboost_feat
APPLE_JONAGOLD,AH,NL-ZH,2026-12-01,2026-12-31,Monthly,,KG,2.867,2.867,3134.344970703125,xgboost_feat
APPLE_JONAGOLD,AH,NL-ZH,2027-01-01,2027-01-31,Monthly,,KG,2.867,2.867,3136.989013671875,xgboost_feat
APPLE_JONAGOLD,FLINK,NL-GE,2026-02-01,2026-02-28,Monthly,,KG,2.527,2.527,3033.94384765625,xgboost_feat
APPLE_JONAGOLD,FLINK,NL-GE,2026-03-01,2026-03-31,Monthly,,KG,2.527,2.527,3020.2705078125,xgboost_feat
APPLE_JONAGOLD,FLINK,NL-GE,2026-04-01,2026-04-30,Monthly,,KG,2.527,2.527,2947.412353515625,xgboost_feat
APPLE_JONAGOLD,FLINK,NL-GE,2026-05-01,2026-05-31,Monthly,,KG,2.527,2.527,2603.814453125,xgboost_feat
APPLE_JONAGOLD,FLINK,NL-GE,2026-06-01,2026-06-30,Monthly,,KG,2.527,2.527,2538.95068359375,xgboost_feat
APPLE_JONAGOLD,FLINK,NL-GE,2026-07-01,2026-07-31,Monthly,,KG,2.527,2.527,2538.470947265625,xgboost_feat
APPLE_JONAGOLD,FLINK,NL-GE,2026-08-01,2026-08-31,Monthly,,KG,2.527,2.527,2522.28955078125,xgboost_feat
APPLE_JONAGOLD,FLINK,NL-GE,2026-09-01,2026-09-30,Monthly,,KG,2.527,2.527,2522.58349609375,xgboost_feat
APPLE_JONAGOLD,FLINK,NL-GE,2026-10-01,2026-10-31,Monthly,,KG,2.527,2.527,2843.206787109375,xgboost_feat
APPLE_JONAGOLD,FLINK,NL-GE,2026-11-01,2026-11-30,Monthly,,KG,2.527,2.527,2991.1474609375,xgboost_feat
APPLE_JONAGOLD,FLINK,NL-GE,2026-12-01,2026-12-31,Monthly,,KG,2.527,2.527,2973.5205078125,xgboost_feat
APPLE_JONAGOLD,FLINK,NL-GE,2027-01-01,2027-01-31,Monthly,,KG,2.527,2.527,2978.7392578125,xgboost_feat
APPLE_JONAGOLD,FLINK,NL-NB,2026-02-01,2026-02-28,Monthly,,KG,2.715,2.715,3072.935546875,xgboost_feat
APPLE_JONAGOLD,FLINK,NL-NB,2026-03-01,2026-03-31,Monthly,,KG,2.715,2.715,2988.093505859375,xgboost_feat
APPLE_JONAGOLD,FLINK,NL-NB,2026-04-01,2026-04-30,Monthly,,KG,2.715,2.715,2978.12060546875,xgboost_feat
APPLE_JONAGOLD,FLINK,NL-NB,2026-05-01,2026-05-31,Monthly,,KG,2.715,2.715,2704.87060546875,xgboost_feat
APPLE_JONAGOLD,FLINK,NL-NB,2026-06-01,2026-06-30,Monthly,,KG,2.715,2.715,2689.720947265625,xgboost_feat
APPLE_JONAGOLD,FLINK,NL-NB,2026-07-01,2026-07-31,Monthly,,KG,2.715,2.715,2674.3916015625,xgboost_feat
APPLE_JONAGOLD,FLINK,NL-NB,2026-08-01,2026-08-31,Monthly,,KG,2.715,2.715,2670.38232421875,xgboost_feat
APPLE_JONAGOLD,FLINK,NL-NB,2026-09-01,2026-09-30,Monthly,,KG,2.715,2.715,2655.32568359375,xgboost_feat
APPLE_JONAGOLD,FLINK,NL-NB,2026-10-01,2026-10-31,Monthly,,KG,2.715,2.715,2900.9384765625,xgboost_feat
APPLE_JONAGOLD,FLINK,NL-NB,2026-11-01,2026-11-30,Monthly,,KG,2.715,2.715,3048.975830078125,xgboost_feat
APPLE_JONAGOLD,FLINK,NL-NB,2026-12-01,2026-12-31,Monthly,,KG,2.715,2.715,3068.5859375,xgboost_feat
APPLE_JONAGOLD,FLINK,NL-NB,2027-01-01,2027-01-31,Monthly,,KG,2.715,2.715,3011.532470703125,xgboost_feat
APPLE_JONAGOLD,FLINK,NL-NH,2026-02-01,2026-02-28,Monthly,,KG,2.732,2.732,3105.52099609375,xgboost_feat
APPLE_JONAGOLD,FLINK,NL-NH,2026-03-01,2026-03-31,Monthly,,KG,2.732,2.732,3059.0634765625,xgboost_feat
APPLE_JONAGOLD,FLINK,NL-NH,2026-04-01,2026-04-30,Monthly,,KG,2.732,2.732,2978.597900390625,xgboost_feat
APPLE_JONAGOLD,FLINK,NL-NH,2026-05-01,2026-05-31,Monthly,,KG,2.732,2.732,2952.318115234375,xgboost_feat
APPLE_JONAGOLD,FLINK,NL-NH,2026-06-01,2026-06-30,Monthly,,KG,2.732,2.732,2674.252197265625,xgboost_feat
APPLE_JONAGOLD,FLINK,NL-NH,2026-07-01,2026-07-31,Monthly,,KG,2.732,2.732,2672.5283203125,xgboost_feat
APPLE_JONAGOLD,FLINK,NL-NH,2026-08-01,2026-08-31,Monthly,,KG,2.732,2.732,2682.517578125,xgboost_feat
APPLE_JONAGOLD,FLINK,NL-NH,2026-09-01,2026-09-30,Monthly,,KG,2.732,2.732,2655.04296875,xgboost_feat
APPLE_JONAGOLD,FLINK,NL-NH,2026-10-01,2026-10-31,Monthly,,KG,2.732,2.732,2868.1826171875,xgboost_feat
APPLE_JONAGOLD,FLINK,NL-NH,2026-11-01,2026-11-30,Monthly,,KG,2.732,2.732,2944.93505859375,xgboost_feat
APPLE_JONAGOLD,FLINK,NL-NH,2026-12-01,2026-12-31,Monthly,,KG,2.732,2.732,3040.63427734375,xgboost_feat
APPLE_JONAGOLD,FLINK,NL-NH,2027-01-01,2027-01-31,Monthly,,KG,2.732,2.732,3011.289794921875,xgboost_feat
APPLE_JONAGOLD,FLINK,NL-ZH,2026-02-01,2026-02-28,Monthly,,KG,2.878,2.878,3100.8681640625,xgboost_feat
APPLE_JONAGOLD,FLINK,NL-ZH,2026-03-01,2026-03-31,Monthly,,KG,2.878,2.878,3052.083984375,xgboost_feat
APPLE_JONAGOLD,FLINK,NL-ZH,2026-04-01,2026-04-30,Monthly,,KG,2.878,2.878,2978.597900390625,xgboost_feat
APPLE_JONAGOLD,FLINK,NL-ZH,2026-05-01,2026-05-31,Monthly,,KG,2.878,2.878,2725.472900390625,xgboost_feat
APPLE_JONAGOLD,FLINK,NL-ZH,2026-06-01,2026-06-30,Monthly,,KG,2.878,2.878,2686.9482421875,xgboost_feat
APPLE_JONAGOLD,FLINK,NL-ZH,2026-07-01,2026-07-31,Monthly,,KG,2.878,2.878,2672.189453125,xgboost_feat
APPLE_JONAGOLD,FLINK,NL-ZH,2026-08-01,2026-08-31,Monthly,,KG,2.878,2.878,2655.695556640625,xgboost_feat
APPLE_JONAGOLD,FLINK,NL-ZH,2026-09-01,2026-09-30,Monthly,,KG,2.878,2.878,2655.06005859375,xgboost_feat
APPLE_JONAGOLD,FLINK,NL-ZH,2026-10-01,2026-10-31,Monthly,,KG,2.878,2.878,2868.1826171875,xgboost_feat
APPLE_JONAGOLD,FLINK,NL-ZH,2026-11-01,2026-11-30,Monthly,,KG,2.878,2.878,2953.596435546875,xgboost_feat
APPLE_JONAGOLD,FLINK,NL-ZH,2026-12-01,2026-12-31,Monthly,,KG,2.878,2.878,3040.6396484375,xgboost_feat
APPLE_JONAGOLD,FLINK,NL-ZH,2027-01-01,2027-01-31,Monthly,,KG,2.878,2.878,3011.289794921875,xgboost_feat
APPLE_JONAGOLD,GREENACRES,NL-GE,2026-02-01,2026-02-28,Monthly,,KG,2.57,2.57,3082.080810546875,xgboost_feat
APPLE_JONAGOLD,GREENACRES,NL-GE,2026-03-01,2026-03-31,Monthly,,KG,2.57,2.57,3040.875,xgboost_feat
APPLE_JONAGOLD,GREENACRES,NL-GE,2026-04-01,2026-04-30,Monthly,,KG,2.57,2.57,2962.711181640625,xgboost_feat
APPLE_JONAGOLD,GREENACRES,NL-GE,2026-05-01,2026-05-31,Monthly,,KG,2.57,2.57,2602.806396484375,xgboost_feat
APPLE_JONAGOLD,GREENACRES,NL-GE,2026-06-01,2026-06-30,Monthly,,KG,2.57,2.57,2457.09765625,xgboost_feat
APPLE_JONAGOLD,GREENACRES,NL-GE,2026-07-01,2026-07-31,Monthly,,KG,2.57,2.57,2456.80419921875,xgboost_feat
APPLE_JONAGOLD,GREENACRES,NL-GE,2026-08-01,2026-08-31,Monthly,,KG,2.056,2.57,2568.985595703125,xgboost_feat
APPLE_JONAGOLD,GREENACRES,NL-GE,2026-09-01,2026-09-30,Monthly,,KG,2.57,2.57,2518.837890625,xgboost_feat
APPLE_JONAGOLD,GREENACRES,NL-GE,2026-10-01,2026-10-31,Monthly,,KG,2.57,2.57,2842.304443359375,xgboost_feat
APPLE_JONAGOLD,GREENACRES,NL-GE,2026-11-01,2026-11-30,Monthly,,KG,2.57,2.57,3008.419189453125,xgboost_feat
APPLE_JONAGOLD,GREENACRES,NL-GE,2026-12-01,2026-12-31,Monthly,,KG,2.57,2.57,2986.461181640625,xgboost_feat
APPLE_JONAGOLD,GREENACRES,NL-GE,2027-01-01,2027-01-31,Monthly,,KG,2.57,2.57,2993.905029296875,xgboost_feat
APPLE_JONAGOLD,GREENACRES,NL-NB,2026-02-01,2026-02-28,Monthly,,KG,2.659,2.659,3060.521484375,xgboost_feat
APPLE_JONAGOLD,GREENACRES,NL-NB,2026-03-01,2026-03-31,Monthly,,KG,2.659,2.659,2975.6826171875,xgboost_feat
APPLE_JONAGOLD,GREENACRES,NL-NB,2026-04-01,2026-04-30,Monthly,,KG,2.659,2.659,2965.960205078125,xgboost_feat
APPLE_JONAGOLD,GREENACRES,NL-NB,2026-05-01,2026-05-31,Monthly,,KG,2.659,2.659,2589.107421875,xgboost_feat
APPLE_JONAGOLD,GREENACRES,NL-NB,2026-06-01,2026-06-30,Monthly,,KG,2.659,2.659,2572.032958984375,xgboost_feat
APPLE_JONAGOLD,GREENACRES,NL-NB,2026-07-01,2026-07-31,Monthly,,KG,2.659,2.659,2556.36865234375,xgboost_feat
APPLE_JONAGOLD,GREENACRES,NL-NB,2026-08-01,2026-08-31,Monthly,,KG,2.659,2.659,2553.8291015625,xgboost_feat
APPLE_JONAGOLD,GREENACRES,NL-NB,2026-09-01,2026-09-30,Monthly,,KG,2.659,2.659,2540.010009765625,xgboost_feat
APPLE_JONAGOLD,GREENACRES,NL-NB,2026-10-01,2026-10-31,Monthly,,KG,2.659,2.659,2879.620849609375,xgboost_feat
APPLE_JONAGOLD,GREENACRES,NL-NB,2026-11-01,2026-11-30,Monthly,,KG,2.659,2.659,3015.472412109375,xgboost_feat
APPLE_JONAGOLD,GREENACRES,NL-NB,2026-12-01,2026-12-31,Monthly,,KG,2.659,2.659,3004.760009765625,xgboost_feat
APPLE_JONAGOLD,GREENACRES,NL-NB,2027-01-01,2027-01-31,Monthly,,KG,2.659,2.659,3003.315185546875,xgboost_feat
APPLE_JONAGOLD,GREENACRES,NL-NH,2026-02-01,2026-02-28,Monthly,,KG,2.746,2.746,3105.671875,xgboost_feat
APPLE_JONAGOLD,GREENACRES,NL-NH,2026-03-01,2026-03-31,Monthly,,KG,2.746,2.746,3070.4794921875,xgboost_feat
APPLE_JONAGOLD,GREENACRES,NL-NH,2026-04-01,2026-04-30,Monthly,,KG,2.746,2.746,2978.597900390625,xgboost_feat
APPLE_JONAGOLD,GREENACRES,NL-NH,2026-05-01,2026-05-31,Monthly,,KG,2.746,2.746,2952.3203125,xgboost_feat
APPLE_JONAGOLD,GREENACRES,NL-NH,2026-06-01,2026-06-30,Monthly,,KG,2.746,2.746,2673.39599609375,xgboost_feat
APPLE_JONAGOLD,GREENACRES,NL-NH,2026-07-01,2026-07-31,Monthly,,KG,2.746,2.746,2671.7060546875,xgboost_feat
APPLE_JONAGOLD,GREENACRES,NL-NH,2026-08-01,2026-08-31,Monthly,,KG,2.746,2.746,2682.517578125,xgboost_feat
APPLE_JONAGOLD,GREENACRES,NL-NH,2026-09-01,2026-09-30,Monthly,,KG,2.746,2.746,2655.04296875,xgboost_feat
APPLE_JONAGOLD,GREENACRES,NL-NH,2026-10-01,2026-10-31,Monthly,,KG,2.746,2.746,2868.433349609375,xgboost_feat
APPLE_JONAGOLD,GREENACRES,NL-NH,2026-11-01,2026-11-30,Monthly,,KG,2.746,2.746,2947.097412109375,xgboost_feat
APPLE_JONAGOLD,GREENACRES,NL-NH,2026-12-01,2026-12-31,Monthly,,KG,2.746,2.746,3041.93994140625,xgboost_feat
APPLE_JONAGOLD,GREENACRES,NL-NH,2027-01-01,2027-01-31,Monthly,,KG,2.746,2.746,3013.817626953125,xgboost_feat
APPLE_JONAGOLD,GREENACRES,NL-ZH,2026-02-01,2026-02-28,Monthly,,KG,2.874,2.874,3100.8681640625,xgboost_feat
APPLE_JONAGOLD,GREENACRES,NL-ZH,2026-03-01,2026-03-31,Monthly,,KG,2.874,2.874,3063.5,xgboost_feat
APPLE_JONAGOLD,GREENACRES,NL-ZH,2026-04-01,2026-04-30,Monthly,,KG,2.874,2.874,2978.597900390625,xgboost_feat
APPLE_JONAGOLD,GREENACRES,NL-ZH,2026-05-01,2026-05-31,Monthly,,KG,2.874,2.874,2725.40380859375,xgboost_feat
APPLE_JONAGOLD,GREENACRES,NL-ZH,2026-06-01,2026-06-30,Monthly,,KG,2.874,2.874,2686.09228515625,xgboost_feat
APPLE_JONAGOLD,GREENACRES,NL-ZH,2026-07-01,2026-07-31,Monthly,,KG,2.874,2.874,2671.36669921875,xgboost_feat
APPLE_JONAGOLD,GREENACRES,NL-ZH,2026-08-01,2026-08-31,Monthly,,KG,2.874,2.874,2655.695556640625,xgboost_feat
APPLE_JONAGOLD,GREENACRES,NL-ZH,2026-09-01,2026-09-30,Monthly,,KG,2.874,2.874,2655.06005859375,xgboost_feat
APPLE_JONAGOLD,GREENACRES,NL-ZH,2026-10-01,2026-10-31,Monthly,,KG,2.874,2.874,2868.433349609375,xgboost_feat
APPLE_JONAGOLD,GREENACRES,NL-ZH,2026-11-01,2026-11-30,Monthly,,KG,2.874,2.874,2955.6943359375,xgboost_feat
APPLE_JONAGOLD,GREENACRES,NL-ZH,2026-12-01,2026-12-31,Monthly,,KG,2.874,2.874,3049.0361328125,xgboost_feat
APPLE_JONAGOLD,GREENACRES,NL-ZH,2027-01-01,2027-01-31,Monthly,,KG,2.874,2.874,3013.817626953125,xgboost_feat
APPLE_JONAGOLD,HELLOFRESH,NL-GE,2026-02-01,2026-02-28,Monthly,,KG,2.554,2.554,3087.17041015625,xgboost_feat
APPLE_JONAGOLD,HELLOFRESH,NL-GE,2026-03-01,2026-03-31,Monthly,,KG,2.554,2.554,3040.872314453125,xgboost_feat
APPLE_JONAGOLD,HELLOFRESH,NL-GE,2026-04-01,2026-04-30,Monthly,,KG,2.554,2.554,2962.711181640625,xgboost_feat
APPLE_JONAGOLD,HELLOFRESH,NL-GE,2026-05-01,2026-05-31,Monthly,,KG,2.554,2.554,2602.806396484375,xgboost_feat
APPLE_JONAGOLD,HELLOFRESH,NL-GE,2026-06-01,2026-06-30,Monthly,,KG,2.554,2.554,2458.133056640625,xgboost_feat
APPLE_JONAGOLD,HELLOFRESH,NL-GE,2026-07-01,2026-07-31,Monthly,,KG,2.554,2.554,2457.791015625,xgboost_feat
APPLE_JONAGOLD,HELLOFRESH,NL-GE,2026-08-01,2026-08-31,Monthly,,KG,2.554,2.554,2518.822265625,xgboost_feat
APPLE_JONAGOLD,HELLOFRESH,NL-GE,2026-09-01,2026-09-30,Monthly,,KG,2.554,2.554,2518.837890625,xgboost_feat
APPLE_JONAGOLD,HELLOFRESH,NL-GE,2026-10-01,2026-10-31,Monthly,,KG,2.554,2.554,2842.307373046875,xgboost_feat
APPLE_JONAGOLD,HELLOFRESH,NL-GE,2026-11-01,2026-11-30,Monthly,,KG,2.554,2.554,3008.419189453125,xgboost_feat
APPLE_JONAGOLD,HELLOFRESH,NL-GE,2026-12-01,2026-12-31,Monthly,,KG,2.554,2.554,2986.223876953125,xgboost_feat
APPLE_JONAGOLD,HELLOFRESH,NL-GE,2027-01-01,2027-01-31,Monthly,,KG,2.554,2.554,2991.328125,xgboost_feat
APPLE_JONAGOLD,HELLOFRESH,NL-NB,2026-02-01,2026-02-28,Monthly,,KG,2.691,2.691,3072.935546875,xgboost_feat
APPLE_JONAGOLD,HELLOFRESH,NL-NB,2026-03-01,2026-03-31,Monthly,,KG,2.691,2.691,2988.093505859375,xgboost_feat
APPLE_JONAGOLD,HELLOFRESH,NL-NB,2026-04-01,2026-04-30,Monthly,,KG,2.691,2.691,2978.12060546875,xgboost_feat
APPLE_JONAGOLD,HELLOFRESH,NL-NB,2026-05-01,2026-05-31,Monthly,,KG,2.691,2.691,2704.87060546875,xgboost_feat
APPLE_JONAGOLD,HELLOFRESH,NL-NB,2026-06-01,2026-06-30,Monthly,,KG,2.691,2.691,2689.720947265625,xgboost_feat
APPLE_JONAGOLD,HELLOFRESH,NL-NB,2026-07-01,2026-07-31,Monthly,,KG,2.691,2.691,2674.3916015625,xgboost_feat
APPLE_JONAGOLD,HELLOFRESH,NL-NB,2026-08-01,2026-08-31,Monthly,,KG,2.691,2.691,2670.38232421875,xgboost_feat
APPLE_JONAGOLD,HELLOFRESH,NL-NB,2026-09-01,2026-09-30,Monthly,,KG,2.691,2.691,2655.32568359375,xgboost_feat
APPLE_JONAGOLD,HELLOFRESH,NL-NB,2026-10-01,2026-10-31,Monthly,,KG,2.691,2.691,2900.9384765625,xgboost_feat
APPLE_JONAGOLD,HELLOFRESH,NL-NB,2026-11-01,2026-11-30,Monthly,,KG,2.691,2.691,3048.975830078125,xgboost_feat
APPLE_JONAGOLD,HELLOFRESH,NL-NB,2026-12-01,2026-12-31,Monthly,,KG,2.691,2.691,3068.5859375,xgboost_feat
APPLE_JONAGOLD,HELLOFRESH,NL-NB,2027-01-01,2027-01-31,Monthly,,KG,2.691,2.691,3011.532470703125,xgboost_feat
APPLE_JONAGOLD,HELLOFRESH,NL-NH,2026-02-01,2026-02-28,Monthly,,KG,2.722,2.722,3100.8681640625,xgboost_feat
APPLE_JONAGOLD,HELLOFRESH,NL-NH,2026-03-01,2026-03-31,Monthly,,KG,2.722,2.722,3059.0634765625,xgboost_feat
APPLE_JONAGOLD,HELLOFRESH,NL-NH,2026-04-01,2026-04-30,Monthly,,KG,2.722,2.722,2978.597900390625,xgboost_feat
APPLE_JONAGOLD,HELLOFRESH,NL-NH,2026-05-01,2026-05-31,Monthly,,KG,2.722,2.722,2952.318115234375,xgboost_feat
APPLE_JONAGOLD,HELLOFRESH,NL-NH,2026-06-01,2026-06-30,Monthly,,KG,2.722,2.722,2674.252197265625,xgboost_feat
APPLE_JONAGOLD,HELLOFRESH,NL-NH,2026-07-01,2026-07-31,Monthly,,KG,2.722,2.722,2672.5283203125,xgboost_feat
APPLE_JONAGOLD,HELLOFRESH,NL-NH,2026-08-01,2026-08-31,Monthly,,KG,2.722,2.722,2682.517578125,xgboost_feat
APPLE_JONAGOLD,HELLOFRESH,NL-NH,2026-09-01,2026-09-30,Monthly,,KG,2.722,2.722,2655.04296875,xgboost_feat
APPLE_JONAGOLD,HELLOFRESH,NL-NH,2026-10-01,2026-10-31,Monthly,,KG,2.722,2.722,2868.1826171875,xgboost_feat
APPLE_JONAGOLD,HELLOFRESH,NL-NH,2026-11-01,2026-11-30,Monthly,,KG,2.722,2.722,2944.93505859375,xgboost_feat
APPLE_JONAGOLD,HELLOFRESH,NL-NH,2026-12-01,2026-12-31,Monthly,,KG,2.722,2.722,3040.63427734375,xgboost_feat
APPLE_JONAGOLD,HELLOFRESH,NL-NH,2027-01-01,2027-01-31,Monthly,,KG,2.722,2.722,3011.289794921875,xgboost_feat
APPLE_JONAGOLD,HELLOFRESH,NL-ZH,2026-02-01,2026-02-28,Monthly,,KG,2.801,2.801,3072.935546875,xgboost_feat
APPLE_JONAGOLD,HELLOFRESH,NL-ZH,2026-03-01,2026-03-31,Monthly,,KG,2.801,2.801,3052.083984375,xgboost_feat
APPLE_JONAGOLD,HELLOFRESH,NL-ZH,2026-04-01,2026-04-30,Monthly,,KG,2.801,2.801,2978.597900390625,xgboost_feat
APPLE_JONAGOLD,HELLOFRESH,NL-ZH,2026-05-01,2026-05-31,Monthly,,KG,2.801,2.801,2725.472900390625,xgboost_feat
APPLE_JONAGOLD,HELLOFRESH,NL-ZH,2026-06-01,2026-06-30,Monthly,,KG,2.801,2.801,2686.9482421875,xgboost_feat
APPLE_JONAGOLD,HELLOFRESH,NL-ZH,2026-07-01,2026-07-31,Monthly,,KG,2.801,2.801,2672.189453125,xgboost_feat
APPLE_JONAGOLD,HELLOFRESH,NL-ZH,2026-08-01,2026-08-31,Monthly,,KG,2.801,2.801,2655.695556640625,xgboost_feat
APPLE_JONAGOLD,HELLOFRESH,NL-ZH,2026-09-01,2026-09-30,Monthly,,KG,2.801,2.801,2655.06005859375,xgboost_feat
APPLE_JONAGOLD,HELLOFRESH,NL-ZH,2026-10-01,2026-10-31,Monthly,,KG,2.801,2.801,2868.1826171875,xgboost_feat
APPLE_JONAGOLD,HELLOFRESH,NL-ZH,2026-11-01,2026-11-30,Monthly,,KG,2.801,2.801,2953.596435546875,xgboost_feat
APPLE_JONAGOLD,HELLOFRESH,NL-ZH,2026-12-01,2026-12-31,Monthly,,KG,2.801,2.801,3040.6396484375,xgboost_feat
APPLE_JONAGOLD,HELLOFRESH,NL-ZH,2027-01-01,2027-01-31,Monthly,,KG,2.801,2.801,3011.289794921875,xgboost_feat
APPLE_JONAGOLD,HOLLANDFOODSERVICE,NL-GE,2026-02-01,2026-02-28,Monthly,,KG,2.614,2.614,3055.1103515625,xgboost_feat
APPLE_JONAGOLD,HOLLANDFOODSERVICE,NL-GE,2026-03-01,2026-03-31,Monthly,,KG,2.614,2.614,3041.538330078125,xgboost_feat
APPLE_JONAGOLD,HOLLANDFOODSERVICE,NL-GE,2026-04-01,2026-04-30,Monthly,,KG,2.614,2.614,2963.393310546875,xgboost_feat
APPLE_JONAGOLD,HOLLANDFOODSERVICE,NL-GE,2026-05-01,2026-05-31,Monthly,,KG,2.614,2.614,2604.38232421875,xgboost_feat
APPLE_JONAGOLD,HOLLANDFOODSERVICE,NL-GE,2026-06-01,2026-06-30,Monthly,,KG,2.614,2.614,2459.229736328125,xgboost_feat
APPLE_JONAGOLD,HOLLANDFOODSERVICE,NL-GE,2026-07-01,2026-07-31,Monthly,,KG,2.614,2.614,2457.531982421875,xgboost_feat
APPLE_JONAGOLD,HOLLANDFOODSERVICE,NL-GE,2026-08-01,2026-08-31,Monthly,,KG,2.614,2.614,2519.696044921875,xgboost_feat
APPLE_JONAGOLD,HOLLANDFOODSERVICE,NL-GE,2026-09-01,2026-09-30,Monthly,,KG,2.614,2.614,2519.71044921875,xgboost_feat
APPLE_JONAGOLD,HOLLANDFOODSERVICE,NL-GE,2026-10-01,2026-10-31,Monthly,,KG,2.614,2.614,2843.6806640625,xgboost_feat
APPLE_JONAGOLD,HOLLANDFOODSERVICE,NL-GE,2026-11-01,2026-11-30,Monthly,,KG,2.614,2.614,3009.0908203125,xgboost_feat
APPLE_JONAGOLD,HOLLANDFOODSERVICE,NL-GE,2026-12-01,2026-12-31,Monthly,,KG,2.614,2.614,2986.897705078125,xgboost_feat
APPLE_JONAGOLD,HOLLANDFOODSERVICE,NL-GE,2027-01-01,2027-01-31,Monthly,,KG,2.614,2.614,2992.05322265625,xgboost_feat
APPLE_JONAGOLD,HOLLANDFOODSERVICE,NL-NB,2026-02-01,2026-02-28,Monthly,,KG,2.656,2.656,3065.34326171875,xgboost_feat
APPLE_JONAGOLD,HOLLANDFOODSERVICE,NL-NB,2026-03-01,2026-03-31,Monthly,,KG,2.656,2.656,2975.689453125,xgboost_feat
APPLE_JONAGOLD,HOLLANDFOODSERVICE,NL-NB,2026-04-01,2026-04-30,Monthly,,KG,2.656,2.656,2965.960205078125,xgboost_feat
APPLE_JONAGOLD,HOLLANDFOODSERVICE,NL-NB,2026-05-01,2026-05-31,Monthly,,KG,2.656,2.656,2589.0078125,xgboost_feat
APPLE_JONAGOLD,HOLLANDFOODSERVICE,NL-NB,2026-06-01,2026-06-30,Monthly,,KG,2.656,2.656,2571.997314453125,xgboost_feat
APPLE_JONAGOLD,HOLLANDFOODSERVICE,NL-NB,2026-07-01,2026-07-31,Monthly,,KG,2.656,2.656,2556.368408203125,xgboost_feat
APPLE_JONAGOLD,HOLLANDFOODSERVICE,NL-NB,2026-08-01,2026-08-31,Monthly,,KG,2.656,2.656,2553.8291015625,xgboost_feat
APPLE_JONAGOLD,HOLLANDFOODSERVICE,NL-NB,2026-09-01,2026-09-30,Monthly,,KG,2.656,2.656,2540.010009765625,xgboost_feat
APPLE_JONAGOLD,HOLLANDFOODSERVICE,NL-NB,2026-10-01,2026-10-31,Monthly,,KG,2.656,2.656,2879.620849609375,xgboost_feat
APPLE_JONAGOLD,HOLLANDFOODSERVICE,NL-NB,2026-11-01,2026-11-30,Monthly,,KG,2.656,2.656,3013.535400390625,xgboost_feat
APPLE_JONAGOLD,HOLLANDFOODSERVICE,NL-NB,2026-12-01,2026-12-31,Monthly,,KG,2.656,2.656,3004.760009765625,xgboost_feat
APPLE_JONAGOLD,HOLLANDFOODSERVICE,NL-NB,2027-01-01,2027-01-31,Monthly,,KG,2.656,2.656,3003.315185546875,xgboost_feat
APPLE_JONAGOLD,HOLLANDFOODSERVICE,NL-NH,2026-02-01,2026-02-28,Monthly,,KG,2.768,2.768,3072.935546875,xgboost_feat
APPLE_JONAGOLD,HOLLANDFOODSERVICE,NL-NH,2026-03-01,2026-03-31,Monthly,,KG,2.768,2.768,3059.0634765625,xgboost_feat
APPLE_JONAGOLD,HOLLANDFOODSERVICE,NL-NH,2026-04-01,2026-04-30,Monthly,,KG,2.768,2.768,2978.597900390625,xgboost_feat
APPLE_JONAGOLD,HOLLANDFOODSERVICE,NL-NH,2026-05-01,2026-05-31,Monthly,,KG,2.768,2.768,2952.389404296875,xgboost_feat
APPLE_JONAGOLD,HOLLANDFOODSERVICE,NL-NH,2026-06-01,2026-06-30,Monthly,,KG,2.768,2.768,2674.2548828125,xgboost_feat
APPLE_JONAGOLD,HOLLANDFOODSERVICE,NL-NH,2026-07-01,2026-07-31,Monthly,,KG,2.768,2.768,2671.7060546875,xgboost_feat
APPLE_JONAGOLD,HOLLANDFOODSERVICE,NL-NH,2026-08-01,2026-08-31,Monthly,,KG,2.768,2.768,2682.517578125,xgboost_feat
APPLE_JONAGOLD,HOLLANDFOODSERVICE,NL-NH,2026-09-01,2026-09-30,Monthly,,KG,2.768,2.768,2655.04296875,xgboost_feat
APPLE_JONAGOLD,HOLLANDFOODSERVICE,NL-NH,2026-10-01,2026-10-31,Monthly,,KG,2.768,2.768,2868.1826171875,xgboost_feat
APPLE_JONAGOLD,HOLLANDFOODSERVICE,NL-NH,2026-11-01,2026-11-30,Monthly,,KG,2.768,2.768,2946.93212890625,xgboost_feat
APPLE_JONAGOLD,HOLLANDFOODSERVICE,NL-NH,2026-12-01,2026-12-31,Monthly,,KG,2.768,2.768,3041.2255859375,xgboost_feat
APPLE_JONAGOLD,HOLLANDFOODSERVICE,NL-NH,2027-01-01,2027-01-31,Monthly,,KG,2.768,2.768,3013.937744140625,xgboost_feat
APPLE_JONAGOLD,HOLLANDFOODSERVICE,NL-ZH,2026-02-01,2026-02-28,Monthly,,KG,2.877,2.877,3100.8681640625,xgboost_feat
APPLE_JONAGOLD,HOLLANDFOODSERVICE,NL-ZH,2026-03-01,2026-03-31,Monthly,,KG,2.877,2.877,3063.8837890625,xgboost_feat
APPLE_JONAGOLD,HOLLANDFOODSERVICE,NL-ZH,2026-04-01,2026-04-30,Monthly,,KG,2.877,2.877,2978.597900390625,xgboost_feat
APPLE_JONAGOLD,HOLLANDFOODSERVICE,NL-ZH,2026-05-01,2026-05-31,Monthly,,KG,2.877,2.877,2725.40380859375,xgboost_feat
APPLE_JONAGOLD,HOLLANDFOODSERVICE,NL-ZH,2026-06-01,2026-06-30,Monthly,,KG,2.877,2.877,2686.09228515625,xgboost_feat
APPLE_JONAGOLD,HOLLANDFOODSERVICE,NL-ZH,2026-07-01,2026-07-31,Monthly,,KG,2.877,2.877,2671.36669921875,xgboost_feat
APPLE_JONAGOLD,HOLLANDFOODSERVICE,NL-ZH,2026-08-01,2026-08-31,Monthly,,KG,2.877,2.877,2655.695556640625,xgboost_feat
APPLE_JONAGOLD,HOLLANDFOODSERVICE,NL-ZH,2026-09-01,2026-09-30,Monthly,,KG,2.877,2.877,2655.06005859375,xgboost_feat
APPLE_JONAGOLD,HOLLANDFOODSERVICE,NL-ZH,2026-10-01,2026-10-31,Monthly,,KG,2.877,2.877,2868.433349609375,xgboost_feat
APPLE_JONAGOLD,HOLLANDFOODSERVICE,NL-ZH,2026-11-01,2026-11-30,Monthly,,KG,2.877,2.877,2955.6943359375,xgboost_feat
APPLE_JONAGOLD,HOLLANDFOODSERVICE,NL-ZH,2026-12-01,2026-12-31,Monthly,,KG,2.877,2.877,3041.96923828125,xgboost_feat
APPLE_JONAGOLD,HOLLANDFOODSERVICE,NL-ZH,2027-01-01,2027-01-31,Monthly,,KG,2.877,2.877,3013.817626953125,xgboost_feat
APPLE_JONAGOLD,JUMBO,NL-GE,2026-02-01,2026-02-28,Monthly,,KG,2.603,2.603,3172.3583984375,xgboost_feat
APPLE_JONAGOLD,JUMBO,NL-GE,2026-03-01,2026-03-31,Monthly,,KG,2.603,2.603,3142.7802734375,xgboost_feat
APPLE_JONAGOLD,JUMBO,NL-GE,2026-04-01,2026-04-30,Monthly,,KG,2.603,2.603,3031.998291015625,xgboost_feat
APPLE_JONAGOLD,JUMBO,NL-GE,2026-05-01,2026-05-31,Monthly,,KG,2.603,2.603,2773.619140625,xgboost_feat
APPLE_JONAGOLD,JUMBO,NL-GE,2026-06-01,2026-06-30,Monthly,,KG,2.603,2.603,2606.926513671875,xgboost_feat
APPLE_JONAGOLD,JUMBO,NL-GE,2026-07-01,2026-07-31,Monthly,,KG,2.603,2.603,2588.191162109375,xgboost_feat
APPLE_JONAGOLD,JUMBO,NL-GE,2026-08-01,2026-08-31,Monthly,,KG,2.2125500000000002,2.603,2648.98876953125,xgboost_feat
APPLE_JONAGOLD,JUMBO,NL-GE,2026-09-01,2026-09-30,Monthly,,KG,2.603,2.603,2622.57568359375,xgboost_feat
APPLE_JONAGOLD,JUMBO,NL-GE,2026-10-01,2026-10-31,Monthly,,KG,2.603,2.603,2893.53466796875,xgboost_feat
APPLE_JONAGOLD,JUMBO,NL-GE,2026-11-01,2026-11-30,Monthly,,KG,2.603,2.603,3139.964599609375,xgboost_feat
APPLE_JONAGOLD,JUMBO,NL-GE,2026-12-01,2026-12-31,Monthly,,KG,2.603,2.603,3107.993408203125,xgboost_feat
APPLE_JONAGOLD,JUMBO,NL-GE,2027-01-01,2027-01-31,Monthly,,KG,2.603,2.603,3141.8037109375,xgboost_feat
APPLE_JONAGOLD,JUMBO,NL-NB,2026-02-01,2026-02-28,Monthly,,KG,2.1336,2.667,2887.88623046875,xgboost_feat
APPLE_JONAGOLD,JUMBO,NL-NB,2026-03-01,2026-03-31,Monthly,,KG,2.667,2.667,2908.759765625,xgboost_feat
APPLE_JONAGOLD,JUMBO,NL-NB,2026-04-01,2026-04-30,Monthly,,KG,2.667,2.667,2907.10498046875,xgboost_feat
APPLE_JONAGOLD,JUMBO,NL-NB,2026-05-01,2026-05-31,Monthly,,KG,2.667,2.667,2732.175537109375,xgboost_feat
APPLE_JONAGOLD,JUMBO,NL-NB,2026-06-01,2026-06-30,Monthly,,KG,2.667,2.667,2675.334716796875,xgboost_feat
APPLE_JONAGOLD,JUMBO,NL-NB,2026-07-01,2026-07-31,Monthly,,KG,2.667,2.667,2673.408935546875,xgboost_feat
APPLE_JONAGOLD,JUMBO,NL-NB,2026-08-01,2026-08-31,Monthly,,KG,2.667,2.667,2666.369384765625,xgboost_feat
APPLE_JONAGOLD,JUMBO,NL-NB,2026-09-01,2026-09-30,Monthly,,KG,2.667,2.667,2641.6748046875,xgboost_feat
APPLE_JONAGOLD,JUMBO,NL-NB,2026-10-01,2026-10-31,Monthly,,KG,2.667,2.667,2933.963623046875,xgboost_feat
APPLE_JONAGOLD,JUMBO,NL-NB,2026-11-01,2026-11-30,Monthly,,KG,2.667,2.667,3139.16796875,xgboost_feat
APPLE_JONAGOLD,JUMBO,NL-NB,2026-12-01,2026-12-31,Monthly,,KG,2.667,2.667,3117.20751953125,xgboost_feat
APPLE_JONAGOLD,JUMBO,NL-NB,2027-01-01,2027-01-31,Monthly,,KG,2.667,2.667,3143.51708984375,xgboost_feat
APPLE_JONAGOLD,JUMBO,NL-NH,2026-02-01,2026-02-28,Monthly,,KG,2.776,2.776,2887.74267578125,xgboost_feat
APPLE_JONAGOLD,JUMBO,NL-NH,2026-03-01,2026-03-31,Monthly,,KG,2.776,2.776,2982.05029296875,xgboost_feat
APPLE_JONAGOLD,JUMBO,NL-NH,2026-04-01,2026-04-30,Monthly,,KG,2.776,2.776,2907.8193359375,xgboost_feat
APPLE_JONAGOLD,JUMBO,NL-NH,2026-05-01,2026-05-31,Monthly,,KG,2.776,2.776,2922.658203125,xgboost_feat
APPLE_JONAGOLD,JUMBO,NL-NH,2026-06-01,2026-06-30,Monthly,,KG,2.776,2.776,2678.771240234375,xgboost_feat
APPLE_JONAGOLD,JUMBO,NL-NH,2026-07-01,2026-07-31,Monthly,,KG,2.776,2.776,2663.707275390625,xgboost_feat
APPLE_JONAGOLD,JUMBO,NL-NH,2026-08-01,2026-08-31,Monthly,,KG,2.776,2.776,2790.18701171875,xgboost_feat
APPLE_JONAGOLD,JUMBO,NL-NH,2026-09-01,2026-09-30,Monthly,,KG,2.776,2.776,2744.1103515625,xgboost_feat
APPLE_JONAGOLD,JUMBO,NL-NH,2026-10-01,2026-10-31,Monthly,,KG,2.776,2.776,2911.320068359375,xgboost_feat
APPLE_JONAGOLD,JUMBO,NL-NH,2026-11-01,2026-11-30,Monthly,,KG,2.776,2.776,2954.155029296875,xgboost_feat
APPLE_JONAGOLD,JUMBO,NL-NH,2026-12-01,2026-12-31,Monthly,,KG,2.776,2.776,3137.0087890625,xgboost_feat
APPLE_JONAGOLD,JUMBO,NL-NH,2027-01-01,2027-01-31,Monthly,,KG,2.776,2.776,3137.414306640625,xgboost_feat
APPLE_JONAGOLD,JUMBO,NL-ZH,2026-02-01,2026-02-28,Monthly,,KG,2.914,2.914,2895.7744140625,xgboost_feat
APPLE_JONAGOLD,JUMBO,NL-ZH,2026-03-01,2026-03-31,Monthly,,KG,2.914,2.914,2950.73583984375,xgboost_feat
APPLE_JONAGOLD,JUMBO,NL-ZH,2026-04-01,2026-04-30,Monthly,,KG,2.914,2.914,2893.36474609375,xgboost_feat
APPLE_JONAGOLD,JUMBO,NL-ZH,2026-05-01,2026-05-31,Monthly,,KG,2.914,2.914,2766.031982421875,xgboost_feat
APPLE_JONAGOLD,JUMBO,NL-ZH,2026-06-01,2026-06-30,Monthly,,KG,2.914,2.914,2715.29736328125,xgboost_feat
APPLE_JONAGOLD,JUMBO,NL-ZH,2026-07-01,2026-07-31,Monthly,,KG,2.914,2.914,2701.63525390625,xgboost_feat
APPLE_JONAGOLD,JUMBO,NL-ZH,2026-08-01,2026-08-31,Monthly,,KG,2.914,2.914,2745.835205078125,xgboost_feat
APPLE_JONAGOLD,JUMBO,NL-ZH,2026-09-01,2026-09-30,Monthly,,KG,2.914,2.914,2744.429443359375,xgboost_feat
APPLE_JONAGOLD,JUMBO,NL-ZH,2026-10-01,2026-10-31,Monthly,,KG,2.914,2.914,2911.356689453125,xgboost_feat
APPLE_JONAGOLD,JUMBO,NL-ZH,2026-11-01,2026-11-30,Monthly,,KG,2.914,2.914,2963.145263671875,xgboost_feat
APPLE_JONAGOLD,JUMBO,NL-ZH,2026-12-01,2026-12-31,Monthly,,KG,2.914,2.914,3134.3349609375,xgboost_feat
APPLE_JONAGOLD,JUMBO,NL-ZH,2027-01-01,2027-01-31,Monthly,,KG,2.914,2.914,3136.989013671875,xgboost_feat
APPLE_JONAGOLD,MELEDI,NL-GE,2026-02-01,2026-02-28,Monthly,,KG,2.59,2.59,3055.1103515625,xgboost_feat
APPLE_JONAGOLD,MELEDI,NL-GE,2026-03-01,2026-03-31,Monthly,,KG,2.59,2.59,3041.391357421875,xgboost_feat
APPLE_JONAGOLD,MELEDI,NL-GE,2026-04-01,2026-04-30,Monthly,,KG,2.59,2.59,2963.246337890625,xgboost_feat
APPLE_JONAGOLD,MELEDI,NL-GE,2026-05-01,2026-05-31,Monthly,,KG,2.59,2.59,2603.32958984375,xgboost_feat
APPLE_JONAGOLD,MELEDI,NL-GE,2026-06-01,2026-06-30,Monthly,,KG,2.59,2.59,2458.1748046875,xgboost_feat
APPLE_JONAGOLD,MELEDI,NL-GE,2026-07-01,2026-07-31,Monthly,,KG,2.59,2.59,2456.880126953125,xgboost_feat
APPLE_JONAGOLD,MELEDI,NL-GE,2026-08-01,2026-08-31,Monthly,,KG,2.59,2.59,2518.864501953125,xgboost_feat
APPLE_JONAGOLD,MELEDI,NL-GE,2026-09-01,2026-09-30,Monthly,,KG,2.59,2.59,2518.87939453125,xgboost_feat
APPLE_JONAGOLD,MELEDI,NL-GE,2026-10-01,2026-10-31,Monthly,,KG,2.59,2.59,2842.83935546875,xgboost_feat
APPLE_JONAGOLD,MELEDI,NL-GE,2026-11-01,2026-11-30,Monthly,,KG,2.59,2.59,3008.951171875,xgboost_feat
APPLE_JONAGOLD,MELEDI,NL-GE,2026-12-01,2026-12-31,Monthly,,KG,2.59,2.59,2986.758056640625,xgboost_feat
APPLE_JONAGOLD,MELEDI,NL-GE,2027-01-01,2027-01-31,Monthly,,KG,2.59,2.59,2994.4404296875,xgboost_feat
APPLE_JONAGOLD,MELEDI,NL-NB,2026-02-01,2026-02-28,Monthly,,KG,2.653,2.653,3060.521484375,xgboost_feat
APPLE_JONAGOLD,MELEDI,NL-NB,2026-03-01,2026-03-31,Monthly,,KG,2.653,2.653,2975.682861328125,xgboost_feat
APPLE_JONAGOLD,MELEDI,NL-NB,2026-04-01,2026-04-30,Monthly,,KG,2.653,2.653,2965.960205078125,xgboost_feat
APPLE_JONAGOLD,MELEDI,NL-NB,2026-05-01,2026-05-31,Monthly,,KG,2.653,2.653,2589.107421875,xgboost_feat
APPLE_JONAGOLD,MELEDI,NL-NB,2026-06-01,2026-06-30,Monthly,,KG,2.653,2.653,2573.010986328125,xgboost_feat
APPLE_JONAGOLD,MELEDI,NL-NB,2026-07-01,2026-07-31,Monthly,,KG,2.653,2.653,2556.368408203125,xgboost_feat
APPLE_JONAGOLD,MELEDI,NL-NB,2026-08-01,2026-08-31,Monthly,,KG,2.653,2.653,2553.8291015625,xgboost_feat
APPLE_JONAGOLD,MELEDI,NL-NB,2026-09-01,2026-09-30,Monthly,,KG,2.653,2.653,2540.010009765625,xgboost_feat
APPLE_JONAGOLD,MELEDI,NL-NB,2026-10-01,2026-10-31,Monthly,,KG,2.653,2.653,2879.620849609375,xgboost_feat
APPLE_JONAGOLD,MELEDI,NL-NB,2026-11-01,2026-11-30,Monthly,,KG,2.653,2.653,3013.535400390625,xgboost_feat
APPLE_JONAGOLD,MELEDI,NL-NB,2026-12-01,2026-12-31,Monthly,,KG,2.653,2.653,3004.565185546875,xgboost_feat
APPLE_JONAGOLD,MELEDI,NL-NB,2027-01-01,2027-01-31,Monthly,,KG,2.653,2.653,3003.315185546875,xgboost_feat
APPLE_JONAGOLD,MELEDI,NL-NH,2026-02-01,2026-02-28,Monthly,,KG,2.692,2.692,3072.935546875,xgboost_feat
APPLE_JONAGOLD,MELEDI,NL-NH,2026-03-01,2026-03-31,Monthly,,KG,2.692,2.692,3059.0634765625,xgboost_feat
APPLE_JONAGOLD,MELEDI,NL-NH,2026-04-01,2026-04-30,Monthly,,KG,2.692,2.692,2978.597900390625,xgboost_feat
APPLE_JONAGOLD,MELEDI,NL-NH,2026-05-01,2026-05-31,Monthly,,KG,2.692,2.692,2952.389404296875,xgboost_feat
APPLE_JONAGOLD,MELEDI,NL-NH,2026-06-01,2026-06-30,Monthly,,KG,2.692,2.692,2674.2548828125,xgboost_feat
APPLE_JONAGOLD,MELEDI,NL-NH,2026-07-01,2026-07-31,Monthly,,KG,2.692,2.692,2671.7060546875,xgboost_feat
APPLE_JONAGOLD,MELEDI,NL-NH,2026-08-01,2026-08-31,Monthly,,KG,2.692,2.692,2682.517578125,xgboost_feat
APPLE_JONAGOLD,MELEDI,NL-NH,2026-09-01,2026-09-30,Monthly,,KG,2.692,2.692,2655.04296875,xgboost_feat
APPLE_JONAGOLD,MELEDI,NL-NH,2026-10-01,2026-10-31,Monthly,,KG,2.692,2.692,2868.1826171875,xgboost_feat
APPLE_JONAGOLD,MELEDI,NL-NH,2026-11-01,2026-11-30,Monthly,,KG,2.692,2.692,2944.981689453125,xgboost_feat
APPLE_JONAGOLD,MELEDI,NL-NH,2026-12-01,2026-12-31,Monthly,,KG,2.692,2.692,3042.7197265625,xgboost_feat
APPLE_JONAGOLD,MELEDI,NL-NH,2027-01-01,2027-01-31,Monthly,,KG,2.692,2.692,3013.937744140625,xgboost_feat
APPLE_JONAGOLD,MELEDI,NL-ZH,2026-02-01,2026-02-28,Monthly,,KG,2.826,2.826,3077.7607421875,xgboost_feat
APPLE_JONAGOLD,MELEDI,NL-ZH,2026-03-01,2026-03-31,Monthly,,KG,2.826,2.826,3068.530517578125,xgboost_feat
APPLE_JONAGOLD,MELEDI,NL-ZH,2026-04-01,2026-04-30,Monthly,,KG,2.826,2.826,2978.597900390625,xgboost_feat
APPLE_JONAGOLD,MELEDI,NL-ZH,2026-05-01,2026-05-31,Monthly,,KG,2.826,2.826,2725.47509765625,xgboost_feat
APPLE_JONAGOLD,MELEDI,NL-ZH,2026-06-01,2026-06-30,Monthly,,KG,2.826,2.826,2686.091796875,xgboost_feat
APPLE_JONAGOLD,MELEDI,NL-ZH,2026-07-01,2026-07-31,Monthly,,KG,2.826,2.826,2671.36669921875,xgboost_feat
APPLE_JONAGOLD,MELEDI,NL-ZH,2026-08-01,2026-08-31,Monthly,,KG,2.826,2.826,2655.695556640625,xgboost_feat
APPLE_JONAGOLD,MELEDI,NL-ZH,2026-09-01,2026-09-30,Monthly,,KG,2.826,2.826,2655.06005859375,xgboost_feat
APPLE_JONAGOLD,MELEDI,NL-ZH,2026-10-01,2026-10-31,Monthly,,KG,2.826,2.826,2868.1826171875,xgboost_feat
APPLE_JONAGOLD,MELEDI,NL-ZH,2026-11-01,2026-11-30,Monthly,,KG,2.826,2.826,2953.64306640625,xgboost_feat
APPLE_JONAGOLD,MELEDI,NL-ZH,2026-12-01,2026-12-31,Monthly,,KG,2.826,2.826,3059.482421875,xgboost_feat
APPLE_JONAGOLD,MELEDI,NL-ZH,2027-01-01,2027-01-31,Monthly,,KG,2.826,2.826,3013.905029296875,xgboost_feat
APPLE_JONAGOLD,PICNIC,NL-GE,2026-02-01,2026-02-28,Monthly,,KG,2.553,2.553,3087.17041015625,xgboost_feat
APPLE_JONAGOLD,PICNIC,NL-GE,2026-03-01,2026-03-31,Monthly,,KG,2.553,2.553,3040.872314453125,xgboost_feat
APPLE_JONAGOLD,PICNIC,NL-GE,2026-04-01,2026-04-30,Monthly,,KG,2.553,2.553,2962.711181640625,xgboost_feat
APPLE_JONAGOLD,PICNIC,NL-GE,2026-05-01,2026-05-31,Monthly,,KG,2.553,2.553,2602.806396484375,xgboost_feat
APPLE_JONAGOLD,PICNIC,NL-GE,2026-06-01,2026-06-30,Monthly,,KG,2.553,2.553,2458.133056640625,xgboost_feat
APPLE_JONAGOLD,PICNIC,NL-GE,2026-07-01,2026-07-31,Monthly,,KG,2.553,2.553,2457.79345703125,xgboost_feat
APPLE_JONAGOLD,PICNIC,NL-GE,2026-08-01,2026-08-31,Monthly,,KG,2.553,2.553,2518.822265625,xgboost_feat
APPLE_JONAGOLD,PICNIC,NL-GE,2026-09-01,2026-09-30,Monthly,,KG,2.553,2.553,2518.837890625,xgboost_feat
APPLE_JONAGOLD,PICNIC,NL-GE,2026-10-01,2026-10-31,Monthly,,KG,2.553,2.553,2842.307373046875,xgboost_feat
APPLE_JONAGOLD,PICNIC,NL-GE,2026-11-01,2026-11-30,Monthly,,KG,2.553,2.553,3008.419189453125,xgboost_feat
APPLE_JONAGOLD,PICNIC,NL-GE,2026-12-01,2026-12-31,Monthly,,KG,2.553,2.553,2986.223876953125,xgboost_feat
APPLE_JONAGOLD,PICNIC,NL-GE,2027-01-01,2027-01-31,Monthly,,KG,2.553,2.553,2991.328125,xgboost_feat
APPLE_JONAGOLD,PICNIC,NL-NB,2026-02-01,2026-02-28,Monthly,,KG,2.648,2.648,3060.521484375,xgboost_feat
APPLE_JONAGOLD,PICNIC,NL-NB,2026-03-01,2026-03-31,Monthly,,KG,2.648,2.648,2975.682861328125,xgboost_feat
APPLE_JONAGOLD,PICNIC,NL-NB,2026-04-01,2026-04-30,Monthly,,KG,2.648,2.648,2965.960205078125,xgboost_feat
APPLE_JONAGOLD,PICNIC,NL-NB,2026-05-01,2026-05-31,Monthly,,KG,2.648,2.648,2589.107421875,xgboost_feat
APPLE_JONAGOLD,PICNIC,NL-NB,2026-06-01,2026-06-30,Monthly,,KG,2.648,2.648,2573.008056640625,xgboost_feat
APPLE_JONAGOLD,PICNIC,NL-NB,2026-07-01,2026-07-31,Monthly,,KG,2.648,2.648,2557.346435546875,xgboost_feat
APPLE_JONAGOLD,PICNIC,NL-NB,2026-08-01,2026-08-31,Monthly,,KG,2.648,2.648,2553.8291015625,xgboost_feat
APPLE_JONAGOLD,PICNIC,NL-NB,2026-09-01,2026-09-30,Monthly,,KG,2.648,2.648,2540.010009765625,xgboost_feat
APPLE_JONAGOLD,PICNIC,NL-NB,2026-10-01,2026-10-31,Monthly,,KG,2.648,2.648,2879.620849609375,xgboost_feat
APPLE_JONAGOLD,PICNIC,NL-NB,2026-11-01,2026-11-30,Monthly,,KG,2.648,2.648,3013.535400390625,xgboost_feat
APPLE_JONAGOLD,PICNIC,NL-NB,2026-12-01,2026-12-31,Monthly,,KG,2.648,2.648,3004.51806640625,xgboost_feat
APPLE_JONAGOLD,PICNIC,NL-NB,2027-01-01,2027-01-31,Monthly,,KG,2.648,2.648,3000.717529296875,xgboost_feat
APPLE_JONAGOLD,PICNIC,NL-NH,2026-02-01,2026-02-28,Monthly,,KG,2.729,2.729,3072.935546875,xgboost_feat
APPLE_JONAGOLD,PICNIC,NL-NH,2026-03-01,2026-03-31,Monthly,,KG,2.729,2.729,3059.0634765625,xgboost_feat
APPLE_JONAGOLD,PICNIC,NL-NH,2026-04-01,2026-04-30,Monthly,,KG,2.729,2.729,2978.597900390625,xgboost_feat
APPLE_JONAGOLD,PICNIC,NL-NH,2026-05-01,2026-05-31,Monthly,,KG,2.729,2.729,2952.389404296875,xgboost_feat
APPLE_JONAGOLD,PICNIC,NL-NH,2026-06-01,2026-06-30,Monthly,,KG,2.729,2.729,2674.252197265625,xgboost_feat
APPLE_JONAGOLD,PICNIC,NL-NH,2026-07-01,2026-07-31,Monthly,,KG,2.729,2.729,2672.5283203125,xgboost_feat
APPLE_JONAGOLD,PICNIC,NL-NH,2026-08-01,2026-08-31,Monthly,,KG,2.729,2.729,2682.517578125,xgboost_feat
APPLE_JONAGOLD,PICNIC,NL-NH,2026-09-01,2026-09-30,Monthly,,KG,2.729,2.729,2655.04296875,xgboost_feat
APPLE_JONAGOLD,PICNIC,NL-NH,2026-10-01,2026-10-31,Monthly,,KG,2.729,2.729,2868.1826171875,xgboost_feat
APPLE_JONAGOLD,PICNIC,NL-NH,2026-11-01,2026-11-30,Monthly,,KG,2.729,2.729,2944.93505859375,xgboost_feat
APPLE_JONAGOLD,PICNIC,NL-NH,2026-12-01,2026-12-31,Monthly,,KG,2.729,2.729,3040.63427734375,xgboost_feat
APPLE_JONAGOLD,PICNIC,NL-NH,2027-01-01,2027-01-31,Monthly,,KG,2.729,2.729,3011.289794921875,xgboost_feat
APPLE_JONAGOLD,PICNIC,NL-ZH,2026-02-01,2026-02-28,Monthly,,KG,2.827,2.827,3105.671875,xgboost_feat
APPLE_JONAGOLD,PICNIC,NL-ZH,2026-03-01,2026-03-31,Monthly,,KG,2.827,2.827,3052.083984375,xgboost_feat
APPLE_JONAGOLD,PICNIC,NL-ZH,2026-04-01,2026-04-30,Monthly,,KG,2.827,2.827,2978.597900390625,xgboost_feat
APPLE_JONAGOLD,PICNIC,NL-ZH,2026-05-01,2026-05-31,Monthly,,KG,2.827,2.827,2725.401611328125,xgboost_feat
APPLE_JONAGOLD,PICNIC,NL-ZH,2026-06-01,2026-06-30,Monthly,,KG,2.827,2.827,2686.9482421875,xgboost_feat
APPLE_JONAGOLD,PICNIC,NL-ZH,2026-07-01,2026-07-31,Monthly,,KG,2.827,2.827,2672.189453125,xgboost_feat
APPLE_JONAGOLD,PICNIC,NL-ZH,2026-08-01,2026-08-31,Monthly,,KG,2.827,2.827,2655.695556640625,xgboost_feat
APPLE_JONAGOLD,PICNIC,NL-ZH,2026-09-01,2026-09-30,Monthly,,KG,2.827,2.827,2655.06005859375,xgboost_feat
APPLE_JONAGOLD,PICNIC,NL-ZH,2026-10-01,2026-10-31,Monthly,,KG,2.827,2.827,2868.1826171875,xgboost_feat
APPLE_JONAGOLD,PICNIC,NL-ZH,2026-11-01,2026-11-30,Monthly,,KG,2.827,2.827,2953.596435546875,xgboost_feat
APPLE_JONAGOLD,PICNIC,NL-ZH,2026-12-01,2026-12-31,Monthly,,KG,2.827,2.827,3040.6396484375,xgboost_feat
APPLE_JONAGOLD,PICNIC,NL-ZH,2027-01-01,2027-01-31,Monthly,,KG,2.827,2.827,3011.289794921875,xgboost_feat
APPLE_JONAGOLD,PLUS,NL-GE,2026-02-01,2026-02-28,Monthly,,KG,2.574,2.574,2971.09423828125,xgboost_feat
APPLE_JONAGOLD,PLUS,NL-GE,2026-03-01,2026-03-31,Monthly,,KG,2.574,2.574,3081.263671875,xgboost_feat
APPLE_JONAGOLD,PLUS,NL-GE,2026-04-01,2026-04-30,Monthly,,KG,2.574,2.574,2943.80712890625,xgboost_feat
APPLE_JONAGOLD,PLUS,NL-GE,2026-05-01,2026-05-31,Monthly,,KG,2.574,2.574,2746.3681640625,xgboost_feat
APPLE_JONAGOLD,PLUS,NL-GE,2026-06-01,2026-06-30,Monthly,,KG,2.574,2.574,2673.25048828125,xgboost_feat
APPLE_JONAGOLD,PLUS,NL-GE,2026-07-01,2026-07-31,Monthly,,KG,2.574,2.574,2654.822265625,xgboost_feat
APPLE_JONAGOLD,PLUS,NL-GE,2026-08-01,2026-08-31,Monthly,,KG,2.574,2.574,2625.78759765625,xgboost_feat
APPLE_JONAGOLD,PLUS,NL-GE,2026-09-01,2026-09-30,Monthly,,KG,2.574,2.574,2621.0859375,xgboost_feat
APPLE_JONAGOLD,PLUS,NL-GE,2026-10-01,2026-10-31,Monthly,,KG,2.574,2.574,2899.678955078125,xgboost_feat
APPLE_JONAGOLD,PLUS,NL-GE,2026-11-01,2026-11-30,Monthly,,KG,2.574,2.574,3119.78369140625,xgboost_feat
APPLE_JONAGOLD,PLUS,NL-GE,2026-12-01,2026-12-31,Monthly,,KG,2.574,2.574,3107.960205078125,xgboost_feat
APPLE_JONAGOLD,PLUS,NL-GE,2027-01-01,2027-01-31,Monthly,,KG,2.574,2.574,3141.659423828125,xgboost_feat
APPLE_JONAGOLD,PLUS,NL-NB,2026-02-01,2026-02-28,Monthly,,KG,2.628,2.628,2945.6650390625,xgboost_feat
APPLE_JONAGOLD,PLUS,NL-NB,2026-03-01,2026-03-31,Monthly,,KG,2.628,2.628,2921.03955078125,xgboost_feat
APPLE_JONAGOLD,PLUS,NL-NB,2026-04-01,2026-04-30,Monthly,,KG,2.628,2.628,2928.6796875,xgboost_feat
APPLE_JONAGOLD,PLUS,NL-NB,2026-05-01,2026-05-31,Monthly,,KG,2.628,2.628,2729.111572265625,xgboost_feat
APPLE_JONAGOLD,PLUS,NL-NB,2026-06-01,2026-06-30,Monthly,,KG,2.628,2.628,2673.443359375,xgboost_feat
APPLE_JONAGOLD,PLUS,NL-NB,2026-07-01,2026-07-31,Monthly,,KG,2.628,2.628,2672.6005859375,xgboost_feat
APPLE_JONAGOLD,PLUS,NL-NB,2026-08-01,2026-08-31,Monthly,,KG,2.628,2.628,2657.49169921875,xgboost_feat
APPLE_JONAGOLD,PLUS,NL-NB,2026-09-01,2026-09-30,Monthly,,KG,2.628,2.628,2632.75048828125,xgboost_feat
APPLE_JONAGOLD,PLUS,NL-NB,2026-10-01,2026-10-31,Monthly,,KG,2.628,2.628,2934.247802734375,xgboost_feat
APPLE_JONAGOLD,PLUS,NL-NB,2026-11-01,2026-11-30,Monthly,,KG,2.628,2.628,3142.1630859375,xgboost_feat
APPLE_JONAGOLD,PLUS,NL-NB,2026-12-01,2026-12-31,Monthly,,KG,2.628,2.628,3117.84375,xgboost_feat
APPLE_JONAGOLD,PLUS,NL-NB,2027-01-01,2027-01-31,Monthly,,KG,2.628,2.628,3141.03173828125,xgboost_feat
APPLE_JONAGOLD,PLUS,NL-NH,2026-02-01,2026-02-28,Monthly,,KG,2.755,2.755,3014.926513671875,xgboost_feat
APPLE_JONAGOLD,PLUS,NL-NH,2026-03-01,2026-03-31,Monthly,,KG,2.755,2.755,2981.9638671875,xgboost_feat
APPLE_JONAGOLD,PLUS,NL-NH,2026-04-01,2026-04-30,Monthly,,KG,2.755,2.755,2905.9365234375,xgboost_feat
APPLE_JONAGOLD,PLUS,NL-NH,2026-05-01,2026-05-31,Monthly,,KG,2.755,2.755,2923.38671875,xgboost_feat
APPLE_JONAGOLD,PLUS,NL-NH,2026-06-01,2026-06-30,Monthly,,KG,2.755,2.755,2714.77685546875,xgboost_feat
APPLE_JONAGOLD,PLUS,NL-NH,2026-07-01,2026-07-31,Monthly,,KG,2.755,2.755,2702.265380859375,xgboost_feat
APPLE_JONAGOLD,PLUS,NL-NH,2026-08-01,2026-08-31,Monthly,,KG,2.755,2.755,2769.953125,xgboost_feat
APPLE_JONAGOLD,PLUS,NL-NH,2026-09-01,2026-09-30,Monthly,,KG,2.755,2.755,2744.26513671875,xgboost_feat
APPLE_JONAGOLD,PLUS,NL-NH,2026-10-01,2026-10-31,Monthly,,KG,2.755,2.755,2913.53955078125,xgboost_feat
APPLE_JONAGOLD,PLUS,NL-NH,2026-11-01,2026-11-30,Monthly,,KG,2.755,2.755,2956.590576171875,xgboost_feat
APPLE_JONAGOLD,PLUS,NL-NH,2026-12-01,2026-12-31,Monthly,,KG,2.755,2.755,3136.874755859375,xgboost_feat
APPLE_JONAGOLD,PLUS,NL-NH,2027-01-01,2027-01-31,Monthly,,KG,2.755,2.755,3137.163818359375,xgboost_feat
APPLE_JONAGOLD,PLUS,NL-ZH,2026-02-01,2026-02-28,Monthly,,KG,2.864,2.864,2880.2978515625,xgboost_feat
APPLE_JONAGOLD,PLUS,NL-ZH,2026-03-01,2026-03-31,Monthly,,KG,2.864,2.864,2950.73583984375,xgboost_feat
APPLE_JONAGOLD,PLUS,NL-ZH,2026-04-01,2026-04-30,Monthly,,KG,2.864,2.864,2907.89111328125,xgboost_feat
APPLE_JONAGOLD,PLUS,NL-ZH,2026-05-01,2026-05-31,Monthly,,KG,2.864,2.864,2765.583740234375,xgboost_feat
APPLE_JONAGOLD,PLUS,NL-ZH,2026-06-01,2026-06-30,Monthly,,KG,2.864,2.864,2715.314453125,xgboost_feat
APPLE_JONAGOLD,PLUS,NL-ZH,2026-07-01,2026-07-31,Monthly,,KG,2.864,2.864,2701.64013671875,xgboost_feat
APPLE_JONAGOLD,PLUS,NL-ZH,2026-08-01,2026-08-31,Monthly,,KG,2.864,2.864,2745.835205078125,xgboost_feat
APPLE_JONAGOLD,PLUS,NL-ZH,2026-09-01,2026-09-30,Monthly,,KG,2.864,2.864,2744.429443359375,xgboost_feat
APPLE_JONAGOLD,PLUS,NL-ZH,2026-10-01,2026-10-31,Monthly,,KG,2.864,2.864,2911.356689453125,xgboost_feat
APPLE_JONAGOLD,PLUS,NL-ZH,2026-11-01,2026-11-30,Monthly,,KG,2.864,2.864,2963.145263671875,xgboost_feat
APPLE_JONAGOLD,PLUS,NL-ZH,2026-12-01,2026-12-31,Monthly,,KG,2.864,2.864,3134.3349609375,xgboost_feat
APPLE_JONAGOLD,PLUS,NL-ZH,2027-01-01,2027-01-31,Monthly,,KG,2.864,2.864,3136.989013671875,xgboost_feat
APPLE_JONAGOLD,SLIGRO,NL-GE,2026-02-01,2026-02-28,Monthly,,KG,2.578,2.578,3082.34326171875,xgboost_feat
APPLE_JONAGOLD,SLIGRO,NL-GE,2026-03-01,2026-03-31,Monthly,,KG,2.578,2.578,3040.900146484375,xgboost_feat
APPLE_JONAGOLD,SLIGRO,NL-GE,2026-04-01,2026-04-30,Monthly,,KG,2.578,2.578,2962.749755859375,xgboost_feat
APPLE_JONAGOLD,SLIGRO,NL-GE,2026-05-01,2026-05-31,Monthly,,KG,2.578,2.578,2602.83642578125,xgboost_feat
APPLE_JONAGOLD,SLIGRO,NL-GE,2026-06-01,2026-06-30,Monthly,,KG,2.578,2.578,2458.167724609375,xgboost_feat
APPLE_JONAGOLD,SLIGRO,NL-GE,2026-07-01,2026-07-31,Monthly,,KG,2.578,2.578,2457.82568359375,xgboost_feat
APPLE_JONAGOLD,SLIGRO,NL-GE,2026-08-01,2026-08-31,Monthly,,KG,2.578,2.578,2518.854736328125,xgboost_feat
APPLE_JONAGOLD,SLIGRO,NL-GE,2026-09-01,2026-09-30,Monthly,,KG,2.578,2.578,2518.869140625,xgboost_feat
APPLE_JONAGOLD,SLIGRO,NL-GE,2026-10-01,2026-10-31,Monthly,,KG,2.578,2.578,2842.339599609375,xgboost_feat
APPLE_JONAGOLD,SLIGRO,NL-GE,2026-11-01,2026-11-30,Monthly,,KG,2.578,2.578,3008.451416015625,xgboost_feat
APPLE_JONAGOLD,SLIGRO,NL-GE,2026-12-01,2026-12-31,Monthly,,KG,2.578,2.578,2986.451904296875,xgboost_feat
APPLE_JONAGOLD,SLIGRO,NL-GE,2027-01-01,2027-01-31,Monthly,,KG,2.578,2.578,2991.561279296875,xgboost_feat
APPLE_JONAGOLD,SLIGRO,NL-NB,2026-02-01,2026-02-28,Monthly,,KG,2.715,2.715,3072.935546875,xgboost_feat
APPLE_JONAGOLD,SLIGRO,NL-NB,2026-03-01,2026-03-31,Monthly,,KG,2.715,2.715,2988.09326171875,xgboost_feat
APPLE_JONAGOLD,SLIGRO,NL-NB,2026-04-01,2026-04-30,Monthly,,KG,2.715,2.715,2978.12060546875,xgboost_feat
APPLE_JONAGOLD,SLIGRO,NL-NB,2026-05-01,2026-05-31,Monthly,,KG,2.715,2.715,2704.87060546875,xgboost_feat
APPLE_JONAGOLD,SLIGRO,NL-NB,2026-06-01,2026-06-30,Monthly,,KG,2.715,2.715,2688.900634765625,xgboost_feat
APPLE_JONAGOLD,SLIGRO,NL-NB,2026-07-01,2026-07-31,Monthly,,KG,2.715,2.715,2673.568603515625,xgboost_feat
APPLE_JONAGOLD,SLIGRO,NL-NB,2026-08-01,2026-08-31,Monthly,,KG,2.715,2.715,2670.38232421875,xgboost_feat
APPLE_JONAGOLD,SLIGRO,NL-NB,2026-09-01,2026-09-30,Monthly,,KG,2.715,2.715,2655.32568359375,xgboost_feat
APPLE_JONAGOLD,SLIGRO,NL-NB,2026-10-01,2026-10-31,Monthly,,KG,2.715,2.715,2900.9384765625,xgboost_feat
APPLE_JONAGOLD,SLIGRO,NL-NB,2026-11-01,2026-11-30,Monthly,,KG,2.715,2.715,3050.940673828125,xgboost_feat
APPLE_JONAGOLD,SLIGRO,NL-NB,2026-12-01,2026-12-31,Monthly,,KG,2.715,2.715,3070.654541015625,xgboost_feat
APPLE_JONAGOLD,SLIGRO,NL-NB,2027-01-01,2027-01-31,Monthly,,KG,2.715,2.715,3014.157958984375,xgboost_feat
APPLE_JONAGOLD,SLIGRO,NL-NH,2026-02-01,2026-02-28,Monthly,,KG,2.748,2.748,3072.935546875,xgboost_feat
APPLE_JONAGOLD,SLIGRO,NL-NH,2026-03-01,2026-03-31,Monthly,,KG,2.748,2.748,3059.0634765625,xgboost_feat
APPLE_JONAGOLD,SLIGRO,NL-NH,2026-04-01,2026-04-30,Monthly,,KG,2.748,2.748,2978.597900390625,xgboost_feat
APPLE_JONAGOLD,SLIGRO,NL-NH,2026-05-01,2026-05-31,Monthly,,KG,2.748,2.748,2952.389404296875,xgboost_feat
APPLE_JONAGOLD,SLIGRO,NL-NH,2026-06-01,2026-06-30,Monthly,,KG,2.748,2.748,2674.2548828125,xgboost_feat
APPLE_JONAGOLD,SLIGRO,NL-NH,2026-07-01,2026-07-31,Monthly,,KG,2.748,2.748,2671.70556640625,xgboost_feat
APPLE_JONAGOLD,SLIGRO,NL-NH,2026-08-01,2026-08-31,Monthly,,KG,2.748,2.748,2682.517578125,xgboost_feat
APPLE_JONAGOLD,SLIGRO,NL-NH,2026-09-01,2026-09-30,Monthly,,KG,2.748,2.748,2655.04296875,xgboost_feat
APPLE_JONAGOLD,SLIGRO,NL-NH,2026-10-01,2026-10-31,Monthly,,KG,2.748,2.748,2868.1826171875,xgboost_feat
APPLE_JONAGOLD,SLIGRO,NL-NH,2026-11-01,2026-11-30,Monthly,,KG,2.748,2.748,2944.981689453125,xgboost_feat
APPLE_JONAGOLD,SLIGRO,NL-NH,2026-12-01,2026-12-31,Monthly,,KG,2.748,2.748,3041.2255859375,xgboost_feat
APPLE_JONAGOLD,SLIGRO,NL-NH,2027-01-01,2027-01-31,Monthly,,KG,2.748,2.748,3013.937744140625,xgboost_feat
APPLE_JONAGOLD,SLIGRO,NL-ZH,2026-02-01,2026-02-28,Monthly,,KG,2.882,2.882,3105.671875,xgboost_feat
APPLE_JONAGOLD,SLIGRO,NL-ZH,2026-03-01,2026-03-31,Monthly,,KG,2.882,2.882,3068.530517578125,xgboost_feat
APPLE_JONAGOLD,SLIGRO,NL-ZH,2026-04-01,2026-04-30,Monthly,,KG,2.882,2.882,2978.597900390625,xgboost_feat
APPLE_JONAGOLD,SLIGRO,NL-ZH,2026-05-01,2026-05-31,Monthly,,KG,2.882,2.882,2725.40380859375,xgboost_feat
APPLE_JONAGOLD,SLIGRO,NL-ZH,2026-06-01,2026-06-30,Monthly,,KG,2.882,2.882,2686.091796875,xgboost_feat
APPLE_JONAGOLD,SLIGRO,NL-ZH,2026-07-01,2026-07-31,Monthly,,KG,2.882,2.882,2671.36669921875,xgboost_feat
APPLE_JONAGOLD,SLIGRO,NL-ZH,2026-08-01,2026-08-31,Monthly,,KG,2.882,2.882,2655.695556640625,xgboost_feat
APPLE_JONAGOLD,SLIGRO,NL-ZH,2026-09-01,2026-09-30,Monthly,,KG,2.882,2.882,2655.06005859375,xgboost_feat
APPLE_JONAGOLD,SLIGRO,NL-ZH,2026-10-01,2026-10-31,Monthly,,KG,2.882,2.882,2868.433349609375,xgboost_feat
APPLE_JONAGOLD,SLIGRO,NL-ZH,2026-11-01,2026-11-30,Monthly,,KG,2.882,2.882,2955.6943359375,xgboost_feat
APPLE_JONAGOLD,SLIGRO,NL-ZH,2026-12-01,2026-12-31,Monthly,,KG,2.882,2.882,3041.2548828125,xgboost_feat
APPLE_JONAGOLD,SLIGRO,NL-ZH,2027-01-01,2027-01-31,Monthly,,KG,2.882,2.882,3013.905029296875,xgboost_feat
Blueberry_AtlasBlue,AH,NL-GE,2026-02-01,2026-02-28,Monthly,,KG,2.706,2.706,3049.15380859375,xgboost_feat
Blueberry_AtlasBlue,AH,NL-GE,2026-03-01,2026-03-31,Monthly,,KG,2.706,2.706,3112.168701171875,xgboost_feat
Blueberry_AtlasBlue,AH,NL-GE,2026-04-01,2026-04-30,Monthly,,KG,2.706,2.706,2961.438720703125,xgboost_feat
Blueberry_AtlasBlue,AH,NL-GE,2026-05-01,2026-05-31,Monthly,,KG,2.706,2.706,2748.568115234375,xgboost_feat
Blueberry_AtlasBlue,AH,NL-GE,2026-06-01,2026-06-30,Monthly,,KG,2.706,2.706,2697.0205078125,xgboost_feat
Blueberry_AtlasBlue,AH,NL-GE,2026-07-01,2026-07-31,Monthly,,KG,2.706,2.706,2745.0439453125,xgboost_feat
Blueberry_AtlasBlue,AH,NL-GE,2026-08-01,2026-08-31,Monthly,,KG,2.706,2.706,2743.400390625,xgboost_feat
Blueberry_AtlasBlue,AH,NL-GE,2026-09-01,2026-09-30,Monthly,,KG,2.706,2.706,2743.39990234375,xgboost_feat
Blueberry_AtlasBlue,AH,NL-GE,2026-10-01,2026-10-31,Monthly,,KG,2.706,2.706,2913.779052734375,xgboost_feat
Blueberry_AtlasBlue,AH,NL-GE,2026-11-01,2026-11-30,Monthly,,KG,2.706,2.706,3137.25048828125,xgboost_feat
Blueberry_AtlasBlue,AH,NL-GE,2026-12-01,2026-12-31,Monthly,,KG,2.706,2.706,3138.783447265625,xgboost_feat
Blueberry_AtlasBlue,AH,NL-GE,2027-01-01,2027-01-31,Monthly,,KG,2.706,2.706,3143.800048828125,xgboost_feat
Blueberry_AtlasBlue,AH,NL-NB,2026-02-01,2026-02-28,Monthly,,KG,2.786,2.786,2994.666259765625,xgboost_feat
Blueberry_AtlasBlue,AH,NL-NB,2026-03-01,2026-03-31,Monthly,,KG,2.786,2.786,3004.491455078125,xgboost_feat
Blueberry_AtlasBlue,AH,NL-NB,2026-04-01,2026-04-30,Monthly,,KG,2.786,2.786,2997.464599609375,xgboost_feat
Blueberry_AtlasBlue,AH,NL-NB,2026-05-01,2026-05-31,Monthly,,KG,2.786,2.786,2739.41650390625,xgboost_feat
Blueberry_AtlasBlue,AH,NL-NB,2026-06-01,2026-06-30,Monthly,,KG,2.786,2.786,2788.96826171875,xgboost_feat
Blueberry_AtlasBlue,AH,NL-NB,2026-07-01,2026-07-31,Monthly,,KG,2.786,2.786,2724.611328125,xgboost_feat
Blueberry_AtlasBlue,AH,NL-NB,2026-08-01,2026-08-31,Monthly,,KG,2.786,2.786,2770.189697265625,xgboost_feat
Blueberry_AtlasBlue,AH,NL-NB,2026-09-01,2026-09-30,Monthly,,KG,2.786,2.786,2743.708740234375,xgboost_feat
Blueberry_AtlasBlue,AH,NL-NB,2026-10-01,2026-10-31,Monthly,,KG,2.786,2.786,2946.579833984375,xgboost_feat
Blueberry_AtlasBlue,AH,NL-NB,2026-11-01,2026-11-30,Monthly,,KG,2.786,2.786,3140.143310546875,xgboost_feat
Blueberry_AtlasBlue,AH,NL-NB,2026-12-01,2026-12-31,Monthly,,KG,2.786,2.786,3168.019287109375,xgboost_feat
Blueberry_AtlasBlue,AH,NL-NB,2027-01-01,2027-01-31,Monthly,,KG,2.786,2.786,3143.6064453125,xgboost_feat
Blueberry_AtlasBlue,AH,NL-NH,2026-02-01,2026-02-28,Monthly,,KG,2.845,2.845,3062.050537109375,xgboost_feat
Blueberry_AtlasBlue,AH,NL-NH,2026-03-01,2026-03-31,Monthly,,KG,2.845,2.845,3053.494873046875,xgboost_feat
Blueberry_AtlasBlue,AH,NL-NH,2026-04-01,2026-04-30,Monthly,,KG,2.845,2.845,2985.6708984375,xgboost_feat
Blueberry_AtlasBlue,AH,NL-NH,2026-05-01,2026-05-31,Monthly,,KG,2.845,2.845,2926.215087890625,xgboost_feat
Blueberry_AtlasBlue,AH,NL-NH,2026-06-01,2026-06-30,Monthly,,KG,2.845,2.845,2725.16015625,xgboost_feat
Blueberry_AtlasBlue,AH,NL-NH,2026-07-01,2026-07-31,Monthly,,KG,2.845,2.845,2706.1015625,xgboost_feat
Blueberry_AtlasBlue,AH,NL-NH,2026-08-01,2026-08-31,Monthly,,KG,2.845,2.845,2769.963623046875,xgboost_feat
Blueberry_AtlasBlue,AH,NL-NH,2026-09-01,2026-09-30,Monthly,,KG,2.845,2.845,2742.094970703125,xgboost_feat
Blueberry_AtlasBlue,AH,NL-NH,2026-10-01,2026-10-31,Monthly,,KG,2.845,2.845,2912.976318359375,xgboost_feat
Blueberry_AtlasBlue,AH,NL-NH,2026-11-01,2026-11-30,Monthly,,KG,2.845,2.845,2956.75634765625,xgboost_feat
Blueberry_AtlasBlue,AH,NL-NH,2026-12-01,2026-12-31,Monthly,,KG,2.845,2.845,3137.24755859375,xgboost_feat
Blueberry_AtlasBlue,AH,NL-NH,2027-01-01,2027-01-31,Monthly,,KG,2.845,2.845,3137.469970703125,xgboost_feat
Blueberry_AtlasBlue,AH,NL-ZH,2026-02-01,2026-02-28,Monthly,,KG,2.884,2.884,2979.3515625,xgboost_feat
Blueberry_AtlasBlue,AH,NL-ZH,2026-03-01,2026-03-31,Monthly,,KG,2.884,2.884,2974.662109375,xgboost_feat
Blueberry_AtlasBlue,AH,NL-ZH,2026-04-01,2026-04-30,Monthly,,KG,2.884,2.884,2991.881591796875,xgboost_feat
Blueberry_AtlasBlue,AH,NL-ZH,2026-05-01,2026-05-31,Monthly,,KG,2.884,2.884,2765.021240234375,xgboost_feat
Blueberry_AtlasBlue,AH,NL-ZH,2026-06-01,2026-06-30,Monthly,,KG,2.884,2.884,2715.059326171875,xgboost_feat
Blueberry_AtlasBlue,AH,NL-ZH,2026-07-01,2026-07-31,Monthly,,KG,2.884,2.884,2750.468017578125,xgboost_feat
Blueberry_AtlasBlue,AH,NL-ZH,2026-08-01,2026-08-31,Monthly,,KG,2.884,2.884,2746.069580078125,xgboost_feat
Blueberry_AtlasBlue,AH,NL-ZH,2026-09-01,2026-09-30,Monthly,,KG,2.884,2.884,2744.6748046875,xgboost_feat
Blueberry_AtlasBlue,AH,NL-ZH,2026-10-01,2026-10-31,Monthly,,KG,2.884,2.884,2910.873046875,xgboost_feat
Blueberry_AtlasBlue,AH,NL-ZH,2026-11-01,2026-11-30,Monthly,,KG,2.884,2.884,2965.233154296875,xgboost_feat
Blueberry_AtlasBlue,AH,NL-ZH,2026-12-01,2026-12-31,Monthly,,KG,2.884,2.884,3137.01953125,xgboost_feat
Blueberry_AtlasBlue,AH,NL-ZH,2027-01-01,2027-01-31,Monthly,,KG,2.884,2.884,3137.391845703125,xgboost_feat
Blueberry_AtlasBlue,FLINK,NL-GE,2026-02-01,2026-02-28,Monthly,,KG,2.674,2.674,3092.9384765625,xgboost_feat
Blueberry_AtlasBlue,FLINK,NL-GE,2026-03-01,2026-03-31,Monthly,,KG,2.674,2.674,3039.753173828125,xgboost_feat
Blueberry_AtlasBlue,FLINK,NL-GE,2026-04-01,2026-04-30,Monthly,,KG,2.674,2.674,2965.87060546875,xgboost_feat
Blueberry_AtlasBlue,FLINK,NL-GE,2026-05-01,2026-05-31,Monthly,,KG,2.674,2.674,2618.4404296875,xgboost_feat
Blueberry_AtlasBlue,FLINK,NL-GE,2026-06-01,2026-06-30,Monthly,,KG,2.674,2.674,2478.14599609375,xgboost_feat
Blueberry_AtlasBlue,FLINK,NL-GE,2026-07-01,2026-07-31,Monthly,,KG,2.674,2.674,2475.587158203125,xgboost_feat
Blueberry_AtlasBlue,FLINK,NL-GE,2026-08-01,2026-08-31,Monthly,,KG,2.674,2.674,2538.156982421875,xgboost_feat
Blueberry_AtlasBlue,FLINK,NL-GE,2026-09-01,2026-09-30,Monthly,,KG,2.674,2.674,2538.142578125,xgboost_feat
Blueberry_AtlasBlue,FLINK,NL-GE,2026-10-01,2026-10-31,Monthly,,KG,2.674,2.674,2846.576416015625,xgboost_feat
Blueberry_AtlasBlue,FLINK,NL-GE,2026-11-01,2026-11-30,Monthly,,KG,2.674,2.674,3011.84423828125,xgboost_feat
Blueberry_AtlasBlue,FLINK,NL-GE,2026-12-01,2026-12-31,Monthly,,KG,2.674,2.674,2991.2216796875,xgboost_feat
Blueberry_AtlasBlue,FLINK,NL-GE,2027-01-01,2027-01-31,Monthly,,KG,2.674,2.674,2996.155029296875,xgboost_feat
Blueberry_AtlasBlue,FLINK,NL-NB,2026-02-01,2026-02-28,Monthly,,KG,2.688,2.688,3072.935546875,xgboost_feat
Blueberry_AtlasBlue,FLINK,NL-NB,2026-03-01,2026-03-31,Monthly,,KG,2.688,2.688,2988.093505859375,xgboost_feat
Blueberry_AtlasBlue,FLINK,NL-NB,2026-04-01,2026-04-30,Monthly,,KG,2.688,2.688,2978.12060546875,xgboost_feat
Blueberry_AtlasBlue,FLINK,NL-NB,2026-05-01,2026-05-31,Monthly,,KG,2.688,2.688,2704.87060546875,xgboost_feat
Blueberry_AtlasBlue,FLINK,NL-NB,2026-06-01,2026-06-30,Monthly,,KG,2.688,2.688,2689.720947265625,xgboost_feat
Blueberry_AtlasBlue,FLINK,NL-NB,2026-07-01,2026-07-31,Monthly,,KG,2.688,2.688,2674.3916015625,xgboost_feat
Blueberry_AtlasBlue,FLINK,NL-NB,2026-08-01,2026-08-31,Monthly,,KG,2.688,2.688,2670.38232421875,xgboost_feat
Blueberry_AtlasBlue,FLINK,NL-NB,2026-09-01,2026-09-30,Monthly,,KG,2.688,2.688,2655.32568359375,xgboost_feat
Blueberry_AtlasBlue,FLINK,NL-NB,2026-10-01,2026-10-31,Monthly,,KG,2.688,2.688,2900.9384765625,xgboost_feat
Blueberry_AtlasBlue,FLINK,NL-NB,2026-11-01,2026-11-30,Monthly,,KG,2.688,2.688,3048.975830078125,xgboost_feat
Blueberry_AtlasBlue,FLINK,NL-NB,2026-12-01,2026-12-31,Monthly,,KG,2.688,2.688,3068.5859375,xgboost_feat
Blueberry_AtlasBlue,FLINK,NL-NB,2027-01-01,2027-01-31,Monthly,,KG,2.688,2.688,3011.420166015625,xgboost_feat
Blueberry_AtlasBlue,FLINK,NL-NH,2026-02-01,2026-02-28,Monthly,,KG,2.757,2.757,3100.54150390625,xgboost_feat
Blueberry_AtlasBlue,FLINK,NL-NH,2026-03-01,2026-03-31,Monthly,,KG,2.757,2.757,3059.0634765625,xgboost_feat
Blueberry_AtlasBlue,FLINK,NL-NH,2026-04-01,2026-04-30,Monthly,,KG,2.757,2.757,2978.597900390625,xgboost_feat
Blueberry_AtlasBlue,FLINK,NL-NH,2026-05-01,2026-05-31,Monthly,,KG,2.757,2.757,2952.318115234375,xgboost_feat
Blueberry_AtlasBlue,FLINK,NL-NH,2026-06-01,2026-06-30,Monthly,,KG,2.757,2.757,2674.252197265625,xgboost_feat
Blueberry_AtlasBlue,FLINK,NL-NH,2026-07-01,2026-07-31,Monthly,,KG,2.757,2.757,2672.5283203125,xgboost_feat
Blueberry_AtlasBlue,FLINK,NL-NH,2026-08-01,2026-08-31,Monthly,,KG,2.757,2.757,2682.517578125,xgboost_feat
Blueberry_AtlasBlue,FLINK,NL-NH,2026-09-01,2026-09-30,Monthly,,KG,2.757,2.757,2655.04296875,xgboost_feat
Blueberry_AtlasBlue,FLINK,NL-NH,2026-10-01,2026-10-31,Monthly,,KG,2.757,2.757,2868.1826171875,xgboost_feat
Blueberry_AtlasBlue,FLINK,NL-NH,2026-11-01,2026-11-30,Monthly,,KG,2.757,2.757,2944.93505859375,xgboost_feat
Blueberry_AtlasBlue,FLINK,NL-NH,2026-12-01,2026-12-31,Monthly,,KG,2.757,2.757,3040.63427734375,xgboost_feat
Blueberry_AtlasBlue,FLINK,NL-NH,2027-01-01,2027-01-31,Monthly,,KG,2.757,2.757,3011.289794921875,xgboost_feat
Blueberry_AtlasBlue,FLINK,NL-ZH,2026-02-01,2026-02-28,Monthly,,KG,2.922,2.922,3105.671875,xgboost_feat
Blueberry_AtlasBlue,FLINK,NL-ZH,2026-03-01,2026-03-31,Monthly,,KG,2.922,2.922,3052.083984375,xgboost_feat
Blueberry_AtlasBlue,FLINK,NL-ZH,2026-04-01,2026-04-30,Monthly,,KG,2.922,2.922,2978.597900390625,xgboost_feat
Blueberry_AtlasBlue,FLINK,NL-ZH,2026-05-01,2026-05-31,Monthly,,KG,2.922,2.922,2725.401611328125,xgboost_feat
Blueberry_AtlasBlue,FLINK,NL-ZH,2026-06-01,2026-06-30,Monthly,,KG,2.922,2.922,2686.9482421875,xgboost_feat
Blueberry_AtlasBlue,FLINK,NL-ZH,2026-07-01,2026-07-31,Monthly,,KG,2.922,2.922,2672.189453125,xgboost_feat
Blueberry_AtlasBlue,FLINK,NL-ZH,2026-08-01,2026-08-31,Monthly,,KG,2.922,2.922,2655.695556640625,xgboost_feat
Blueberry_AtlasBlue,FLINK,NL-ZH,2026-09-01,2026-09-30,Monthly,,KG,2.922,2.922,2655.06005859375,xgboost_feat
Blueberry_AtlasBlue,FLINK,NL-ZH,2026-10-01,2026-10-31,Monthly,,KG,2.922,2.922,2868.1826171875,xgboost_feat
Blueberry_AtlasBlue,FLINK,NL-ZH,2026-11-01,2026-11-30,Monthly,,KG,2.922,2.922,2953.596435546875,xgboost_feat
Blueberry_AtlasBlue,FLINK,NL-ZH,2026-12-01,2026-12-31,Monthly,,KG,2.922,2.922,3040.6396484375,xgboost_feat
Blueberry_AtlasBlue,FLINK,NL-ZH,2027-01-01,2027-01-31,Monthly,,KG,2.922,2.922,3012.706787109375,xgboost_feat
Blueberry_AtlasBlue,GREENACRES,NL-GE,2026-02-01,2026-02-28,Monthly,,KG,2.77,2.77,3105.671875,xgboost_feat
Blueberry_AtlasBlue,GREENACRES,NL-GE,2026-03-01,2026-03-31,Monthly,,KG,2.77,2.77,3052.48046875,xgboost_feat
Blueberry_AtlasBlue,GREENACRES,NL-GE,2026-04-01,2026-04-30,Monthly,,KG,2.77,2.77,2978.597900390625,xgboost_feat
Blueberry_AtlasBlue,GREENACRES,NL-GE,2026-05-01,2026-05-31,Monthly,,KG,2.77,2.77,2724.732421875,xgboost_feat
Blueberry_AtlasBlue,GREENACRES,NL-GE,2026-06-01,2026-06-30,Monthly,,KG,2.77,2.77,2672.9208984375,xgboost_feat
Blueberry_AtlasBlue,GREENACRES,NL-GE,2026-07-01,2026-07-31,Monthly,,KG,2.77,2.77,2672.5625,xgboost_feat
Blueberry_AtlasBlue,GREENACRES,NL-GE,2026-08-01,2026-08-31,Monthly,,KG,2.77,2.77,2655.02587890625,xgboost_feat
Blueberry_AtlasBlue,GREENACRES,NL-GE,2026-09-01,2026-09-30,Monthly,,KG,2.77,2.77,2655.026611328125,xgboost_feat
Blueberry_AtlasBlue,GREENACRES,NL-GE,2026-10-01,2026-10-31,Monthly,,KG,2.77,2.77,2868.22900390625,xgboost_feat
Blueberry_AtlasBlue,GREENACRES,NL-GE,2026-11-01,2026-11-30,Monthly,,KG,2.77,2.77,3047.528564453125,xgboost_feat
Blueberry_AtlasBlue,GREENACRES,NL-GE,2026-12-01,2026-12-31,Monthly,,KG,2.77,2.77,3040.7568359375,xgboost_feat
Blueberry_AtlasBlue,GREENACRES,NL-GE,2027-01-01,2027-01-31,Monthly,,KG,2.77,2.77,3043.910888671875,xgboost_feat
Blueberry_AtlasBlue,GREENACRES,NL-NB,2026-02-01,2026-02-28,Monthly,,KG,2.797,2.797,3105.671875,xgboost_feat
Blueberry_AtlasBlue,GREENACRES,NL-NB,2026-03-01,2026-03-31,Monthly,,KG,2.797,2.797,2988.093505859375,xgboost_feat
Blueberry_AtlasBlue,GREENACRES,NL-NB,2026-04-01,2026-04-30,Monthly,,KG,2.797,2.797,2978.12060546875,xgboost_feat
Blueberry_AtlasBlue,GREENACRES,NL-NB,2026-05-01,2026-05-31,Monthly,,KG,2.797,2.797,2704.87060546875,xgboost_feat
Blueberry_AtlasBlue,GREENACRES,NL-NB,2026-06-01,2026-06-30,Monthly,,KG,2.797,2.797,2689.720947265625,xgboost_feat
Blueberry_AtlasBlue,GREENACRES,NL-NB,2026-07-01,2026-07-31,Monthly,,KG,2.797,2.797,2674.3916015625,xgboost_feat
Blueberry_AtlasBlue,GREENACRES,NL-NB,2026-08-01,2026-08-31,Monthly,,KG,2.797,2.797,2670.38232421875,xgboost_feat
Blueberry_AtlasBlue,GREENACRES,NL-NB,2026-09-01,2026-09-30,Monthly,,KG,2.797,2.797,2655.32568359375,xgboost_feat
Blueberry_AtlasBlue,GREENACRES,NL-NB,2026-10-01,2026-10-31,Monthly,,KG,2.797,2.797,2900.9384765625,xgboost_feat
Blueberry_AtlasBlue,GREENACRES,NL-NB,2026-11-01,2026-11-30,Monthly,,KG,2.797,2.797,3048.975830078125,xgboost_feat
Blueberry_AtlasBlue,GREENACRES,NL-NB,2026-12-01,2026-12-31,Monthly,,KG,2.797,2.797,3068.5859375,xgboost_feat
Blueberry_AtlasBlue,GREENACRES,NL-NB,2027-01-01,2027-01-31,Monthly,,KG,2.797,2.797,3011.532470703125,xgboost_feat
Blueberry_AtlasBlue,GREENACRES,NL-NH,2026-02-01,2026-02-28,Monthly,,KG,2.862,2.862,3100.8681640625,xgboost_feat
Blueberry_AtlasBlue,GREENACRES,NL-NH,2026-03-01,2026-03-31,Monthly,,KG,2.862,2.862,3059.0634765625,xgboost_feat
Blueberry_AtlasBlue,GREENACRES,NL-NH,2026-04-01,2026-04-30,Monthly,,KG,2.862,2.862,2978.597900390625,xgboost_feat
Blueberry_AtlasBlue,GREENACRES,NL-NH,2026-05-01,2026-05-31,Monthly,,KG,2.862,2.862,2952.318115234375,xgboost_feat
Blueberry_AtlasBlue,GREENACRES,NL-NH,2026-06-01,2026-06-30,Monthly,,KG,2.862,2.862,2674.2548828125,xgboost_feat
Blueberry_AtlasBlue,GREENACRES,NL-NH,2026-07-01,2026-07-31,Monthly,,KG,2.862,2.862,2672.5283203125,xgboost_feat
Blueberry_AtlasBlue,GREENACRES,NL-NH,2026-08-01,2026-08-31,Monthly,,KG,2.862,2.862,2682.517578125,xgboost_feat
Blueberry_AtlasBlue,GREENACRES,NL-NH,2026-09-01,2026-09-30,Monthly,,KG,2.862,2.862,2655.04296875,xgboost_feat
Blueberry_AtlasBlue,GREENACRES,NL-NH,2026-10-01,2026-10-31,Monthly,,KG,2.862,2.862,2868.1826171875,xgboost_feat
Blueberry_AtlasBlue,GREENACRES,NL-NH,2026-11-01,2026-11-30,Monthly,,KG,2.862,2.862,2944.93505859375,xgboost_feat
Blueberry_AtlasBlue,GREENACRES,NL-NH,2026-12-01,2026-12-31,Monthly,,KG,2.862,2.862,3040.63427734375,xgboost_feat
Blueberry_AtlasBlue,GREENACRES,NL-NH,2027-01-01,2027-01-31,Monthly,,KG,2.862,2.862,3011.34033203125,xgboost_feat
Blueberry_AtlasBlue,GREENACRES,NL-ZH,2026-02-01,2026-02-28,Monthly,,KG,2.95,2.95,3105.671875,xgboost_feat
Blueberry_AtlasBlue,GREENACRES,NL-ZH,2026-03-01,2026-03-31,Monthly,,KG,2.95,2.95,3052.083984375,xgboost_feat
Blueberry_AtlasBlue,GREENACRES,NL-ZH,2026-04-01,2026-04-30,Monthly,,KG,2.95,2.95,2978.597900390625,xgboost_feat
Blueberry_AtlasBlue,GREENACRES,NL-ZH,2026-05-01,2026-05-31,Monthly,,KG,2.95,2.95,2725.40380859375,xgboost_feat
Blueberry_AtlasBlue,GREENACRES,NL-ZH,2026-06-01,2026-06-30,Monthly,,KG,2.95,2.95,2686.951171875,xgboost_feat
Blueberry_AtlasBlue,GREENACRES,NL-ZH,2026-07-01,2026-07-31,Monthly,,KG,2.95,2.95,2671.3662109375,xgboost_feat
Blueberry_AtlasBlue,GREENACRES,NL-ZH,2026-08-01,2026-08-31,Monthly,,KG,2.95,2.95,2655.695556640625,xgboost_feat
Blueberry_AtlasBlue,GREENACRES,NL-ZH,2026-09-01,2026-09-30,Monthly,,KG,2.95,2.95,2655.06005859375,xgboost_feat
Blueberry_AtlasBlue,GREENACRES,NL-ZH,2026-10-01,2026-10-31,Monthly,,KG,2.95,2.95,2868.433349609375,xgboost_feat
Blueberry_AtlasBlue,GREENACRES,NL-ZH,2026-11-01,2026-11-30,Monthly,,KG,2.95,2.95,2955.549560546875,xgboost_feat
Blueberry_AtlasBlue,GREENACRES,NL-ZH,2026-12-01,2026-12-31,Monthly,,KG,2.95,2.95,3042.7197265625,xgboost_feat
Blueberry_AtlasBlue,GREENACRES,NL-ZH,2027-01-01,2027-01-31,Monthly,,KG,2.95,2.95,3013.905029296875,xgboost_feat
Blueberry_AtlasBlue,HELLOFRESH,NL-GE,2026-02-01,2026-02-28,Monthly,,KG,2.727,2.727,3105.52099609375,xgboost_feat
Blueberry_AtlasBlue,HELLOFRESH,NL-GE,2026-03-01,2026-03-31,Monthly,,KG,2.727,2.727,3052.48046875,xgboost_feat
Blueberry_AtlasBlue,HELLOFRESH,NL-GE,2026-04-01,2026-04-30,Monthly,,KG,2.727,2.727,2978.597900390625,xgboost_feat
Blueberry_AtlasBlue,HELLOFRESH,NL-GE,2026-05-01,2026-05-31,Monthly,,KG,2.727,2.727,2724.732421875,xgboost_feat
Blueberry_AtlasBlue,HELLOFRESH,NL-GE,2026-06-01,2026-06-30,Monthly,,KG,2.727,2.727,2672.9208984375,xgboost_feat
Blueberry_AtlasBlue,HELLOFRESH,NL-GE,2026-07-01,2026-07-31,Monthly,,KG,2.727,2.727,2672.5625,xgboost_feat
Blueberry_AtlasBlue,HELLOFRESH,NL-GE,2026-08-01,2026-08-31,Monthly,,KG,2.727,2.727,2655.02587890625,xgboost_feat
Blueberry_AtlasBlue,HELLOFRESH,NL-GE,2026-09-01,2026-09-30,Monthly,,KG,2.727,2.727,2655.026611328125,xgboost_feat
Blueberry_AtlasBlue,HELLOFRESH,NL-GE,2026-10-01,2026-10-31,Monthly,,KG,2.727,2.727,2868.22900390625,xgboost_feat
Blueberry_AtlasBlue,HELLOFRESH,NL-GE,2026-11-01,2026-11-30,Monthly,,KG,2.727,2.727,3047.528564453125,xgboost_feat
Blueberry_AtlasBlue,HELLOFRESH,NL-GE,2026-12-01,2026-12-31,Monthly,,KG,2.727,2.727,3040.7568359375,xgboost_feat
Blueberry_AtlasBlue,HELLOFRESH,NL-GE,2027-01-01,2027-01-31,Monthly,,KG,2.727,2.727,3045.297119140625,xgboost_feat
Blueberry_AtlasBlue,HELLOFRESH,NL-NB,2026-02-01,2026-02-28,Monthly,,KG,2.737,2.737,3072.935546875,xgboost_feat
Blueberry_AtlasBlue,HELLOFRESH,NL-NB,2026-03-01,2026-03-31,Monthly,,KG,2.737,2.737,2988.093505859375,xgboost_feat
Blueberry_AtlasBlue,HELLOFRESH,NL-NB,2026-04-01,2026-04-30,Monthly,,KG,2.737,2.737,2978.120849609375,xgboost_feat
Blueberry_AtlasBlue,HELLOFRESH,NL-NB,2026-05-01,2026-05-31,Monthly,,KG,2.737,2.737,2704.87060546875,xgboost_feat
Blueberry_AtlasBlue,HELLOFRESH,NL-NB,2026-06-01,2026-06-30,Monthly,,KG,2.737,2.737,2689.720947265625,xgboost_feat
Blueberry_AtlasBlue,HELLOFRESH,NL-NB,2026-07-01,2026-07-31,Monthly,,KG,2.737,2.737,2674.389404296875,xgboost_feat
Blueberry_AtlasBlue,HELLOFRESH,NL-NB,2026-08-01,2026-08-31,Monthly,,KG,2.737,2.737,2670.38232421875,xgboost_feat
Blueberry_AtlasBlue,HELLOFRESH,NL-NB,2026-09-01,2026-09-30,Monthly,,KG,2.737,2.737,2655.32568359375,xgboost_feat
Blueberry_AtlasBlue,HELLOFRESH,NL-NB,2026-10-01,2026-10-31,Monthly,,KG,2.737,2.737,2900.9384765625,xgboost_feat
Blueberry_AtlasBlue,HELLOFRESH,NL-NB,2026-11-01,2026-11-30,Monthly,,KG,2.737,2.737,3048.975830078125,xgboost_feat
Blueberry_AtlasBlue,HELLOFRESH,NL-NB,2026-12-01,2026-12-31,Monthly,,KG,2.737,2.737,3068.5859375,xgboost_feat
Blueberry_AtlasBlue,HELLOFRESH,NL-NB,2027-01-01,2027-01-31,Monthly,,KG,2.737,2.737,3012.968505859375,xgboost_feat
Blueberry_AtlasBlue,HELLOFRESH,NL-NH,2026-02-01,2026-02-28,Monthly,,KG,2.861,2.861,3072.935546875,xgboost_feat
Blueberry_AtlasBlue,HELLOFRESH,NL-NH,2026-03-01,2026-03-31,Monthly,,KG,2.861,2.861,3059.0634765625,xgboost_feat
Blueberry_AtlasBlue,HELLOFRESH,NL-NH,2026-04-01,2026-04-30,Monthly,,KG,2.861,2.861,2978.597900390625,xgboost_feat
Blueberry_AtlasBlue,HELLOFRESH,NL-NH,2026-05-01,2026-05-31,Monthly,,KG,2.861,2.861,2952.389404296875,xgboost_feat
Blueberry_AtlasBlue,HELLOFRESH,NL-NH,2026-06-01,2026-06-30,Monthly,,KG,2.861,2.861,2674.252197265625,xgboost_feat
Blueberry_AtlasBlue,HELLOFRESH,NL-NH,2026-07-01,2026-07-31,Monthly,,KG,2.861,2.861,2672.5283203125,xgboost_feat
Blueberry_AtlasBlue,HELLOFRESH,NL-NH,2026-08-01,2026-08-31,Monthly,,KG,2.861,2.861,2682.517578125,xgboost_feat
Blueberry_AtlasBlue,HELLOFRESH,NL-NH,2026-09-01,2026-09-30,Monthly,,KG,2.861,2.861,2655.04296875,xgboost_feat
Blueberry_AtlasBlue,HELLOFRESH,NL-NH,2026-10-01,2026-10-31,Monthly,,KG,2.861,2.861,2868.1826171875,xgboost_feat
Blueberry_AtlasBlue,HELLOFRESH,NL-NH,2026-11-01,2026-11-30,Monthly,,KG,2.861,2.861,2944.93505859375,xgboost_feat
Blueberry_AtlasBlue,HELLOFRESH,NL-NH,2026-12-01,2026-12-31,Monthly,,KG,2.861,2.861,3040.63427734375,xgboost_feat
Blueberry_AtlasBlue,HELLOFRESH,NL-NH,2027-01-01,2027-01-31,Monthly,,KG,2.861,2.861,3011.289794921875,xgboost_feat
Blueberry_AtlasBlue,HELLOFRESH,NL-ZH,2026-02-01,2026-02-28,Monthly,,KG,3.002,3.002,3105.671875,xgboost_feat
Blueberry_AtlasBlue,HELLOFRESH,NL-ZH,2026-03-01,2026-03-31,Monthly,,KG,3.002,3.002,3052.083984375,xgboost_feat
Blueberry_AtlasBlue,HELLOFRESH,NL-ZH,2026-04-01,2026-04-30,Monthly,,KG,3.002,3.002,2978.597900390625,xgboost_feat
Blueberry_AtlasBlue,HELLOFRESH,NL-ZH,2026-05-01,2026-05-31,Monthly,,KG,3.002,3.002,2725.401611328125,xgboost_feat
Blueberry_AtlasBlue,HELLOFRESH,NL-ZH,2026-06-01,2026-06-30,Monthly,,KG,3.002,3.002,2686.9482421875,xgboost_feat
Blueberry_AtlasBlue,HELLOFRESH,NL-ZH,2026-07-01,2026-07-31,Monthly,,KG,3.002,3.002,2672.189453125,xgboost_feat
Blueberry_AtlasBlue,HELLOFRESH,NL-ZH,2026-08-01,2026-08-31,Monthly,,KG,3.002,3.002,2655.695556640625,xgboost_feat
Blueberry_AtlasBlue,HELLOFRESH,NL-ZH,2026-09-01,2026-09-30,Monthly,,KG,3.002,3.002,2655.06005859375,xgboost_feat
Blueberry_AtlasBlue,HELLOFRESH,NL-ZH,2026-10-01,2026-10-31,Monthly,,KG,3.002,3.002,2868.1826171875,xgboost_feat
Blueberry_AtlasBlue,HELLOFRESH,NL-ZH,2026-11-01,2026-11-30,Monthly,,KG,3.002,3.002,2953.596435546875,xgboost_feat
Blueberry_AtlasBlue,HELLOFRESH,NL-ZH,2026-12-01,2026-12-31,Monthly,,KG,3.002,3.002,3040.6396484375,xgboost_feat
Blueberry_AtlasBlue,HELLOFRESH,NL-ZH,2027-01-01,2027-01-31,Monthly,,KG,3.002,3.002,3012.706787109375,xgboost_feat
Blueberry_AtlasBlue,HOLLANDFOODSERVICE,NL-GE,2026-02-01,2026-02-28,Monthly,,KG,2.706,2.706,3072.935546875,xgboost_feat
Blueberry_AtlasBlue,HOLLANDFOODSERVICE,NL-GE,2026-03-01,2026-03-31,Monthly,,KG,2.706,2.706,3052.48046875,xgboost_feat
Blueberry_AtlasBlue,HOLLANDFOODSERVICE,NL-GE,2026-04-01,2026-04-30,Monthly,,KG,2.706,2.706,2978.597900390625,xgboost_feat
Blueberry_AtlasBlue,HOLLANDFOODSERVICE,NL-GE,2026-05-01,2026-05-31,Monthly,,KG,2.706,2.706,2724.8037109375,xgboost_feat
Blueberry_AtlasBlue,HOLLANDFOODSERVICE,NL-GE,2026-06-01,2026-06-30,Monthly,,KG,2.706,2.706,2672.9208984375,xgboost_feat
Blueberry_AtlasBlue,HOLLANDFOODSERVICE,NL-GE,2026-07-01,2026-07-31,Monthly,,KG,2.706,2.706,2672.5625,xgboost_feat
Blueberry_AtlasBlue,HOLLANDFOODSERVICE,NL-GE,2026-08-01,2026-08-31,Monthly,,KG,2.706,2.706,2655.02587890625,xgboost_feat
Blueberry_AtlasBlue,HOLLANDFOODSERVICE,NL-GE,2026-09-01,2026-09-30,Monthly,,KG,2.706,2.706,2655.026611328125,xgboost_feat
Blueberry_AtlasBlue,HOLLANDFOODSERVICE,NL-GE,2026-10-01,2026-10-31,Monthly,,KG,2.706,2.706,2868.22900390625,xgboost_feat
Blueberry_AtlasBlue,HOLLANDFOODSERVICE,NL-GE,2026-11-01,2026-11-30,Monthly,,KG,2.706,2.706,3047.528564453125,xgboost_feat
Blueberry_AtlasBlue,HOLLANDFOODSERVICE,NL-GE,2026-12-01,2026-12-31,Monthly,,KG,2.706,2.706,3040.7568359375,xgboost_feat
Blueberry_AtlasBlue,HOLLANDFOODSERVICE,NL-GE,2027-01-01,2027-01-31,Monthly,,KG,2.706,2.706,3043.97119140625,xgboost_feat
Blueberry_AtlasBlue,HOLLANDFOODSERVICE,NL-NB,2026-02-01,2026-02-28,Monthly,,KG,2.755,2.755,3105.52099609375,xgboost_feat
Blueberry_AtlasBlue,HOLLANDFOODSERVICE,NL-NB,2026-03-01,2026-03-31,Monthly,,KG,2.755,2.755,2988.093505859375,xgboost_feat
Blueberry_AtlasBlue,HOLLANDFOODSERVICE,NL-NB,2026-04-01,2026-04-30,Monthly,,KG,2.755,2.755,2978.12060546875,xgboost_feat
Blueberry_AtlasBlue,HOLLANDFOODSERVICE,NL-NB,2026-05-01,2026-05-31,Monthly,,KG,2.755,2.755,2704.87060546875,xgboost_feat
Blueberry_AtlasBlue,HOLLANDFOODSERVICE,NL-NB,2026-06-01,2026-06-30,Monthly,,KG,2.755,2.755,2689.723388671875,xgboost_feat
Blueberry_AtlasBlue,HOLLANDFOODSERVICE,NL-NB,2026-07-01,2026-07-31,Monthly,,KG,2.755,2.755,2673.568359375,xgboost_feat
Blueberry_AtlasBlue,HOLLANDFOODSERVICE,NL-NB,2026-08-01,2026-08-31,Monthly,,KG,2.755,2.755,2670.38232421875,xgboost_feat
Blueberry_AtlasBlue,HOLLANDFOODSERVICE,NL-NB,2026-09-01,2026-09-30,Monthly,,KG,2.755,2.755,2655.32568359375,xgboost_feat
Blueberry_AtlasBlue,HOLLANDFOODSERVICE,NL-NB,2026-10-01,2026-10-31,Monthly,,KG,2.755,2.755,2900.9384765625,xgboost_feat
Blueberry_AtlasBlue,HOLLANDFOODSERVICE,NL-NB,2026-11-01,2026-11-30,Monthly,,KG,2.755,2.755,3048.975830078125,xgboost_feat
Blueberry_AtlasBlue,HOLLANDFOODSERVICE,NL-NB,2026-12-01,2026-12-31,Monthly,,KG,2.755,2.755,3068.633056640625,xgboost_feat
Blueberry_AtlasBlue,HOLLANDFOODSERVICE,NL-NB,2027-01-01,2027-01-31,Monthly,,KG,2.755,2.755,3014.157958984375,xgboost_feat
Blueberry_AtlasBlue,HOLLANDFOODSERVICE,NL-NH,2026-02-01,2026-02-28,Monthly,,KG,2.851,2.851,3072.935546875,xgboost_feat
Blueberry_AtlasBlue,HOLLANDFOODSERVICE,NL-NH,2026-03-01,2026-03-31,Monthly,,KG,2.851,2.851,3059.0634765625,xgboost_feat
Blueberry_AtlasBlue,HOLLANDFOODSERVICE,NL-NH,2026-04-01,2026-04-30,Monthly,,KG,2.851,2.851,2978.597900390625,xgboost_feat
Blueberry_AtlasBlue,HOLLANDFOODSERVICE,NL-NH,2026-05-01,2026-05-31,Monthly,,KG,2.851,2.851,2952.389404296875,xgboost_feat
Blueberry_AtlasBlue,HOLLANDFOODSERVICE,NL-NH,2026-06-01,2026-06-30,Monthly,,KG,2.851,2.851,2674.2548828125,xgboost_feat
Blueberry_AtlasBlue,HOLLANDFOODSERVICE,NL-NH,2026-07-01,2026-07-31,Monthly,,KG,2.851,2.851,2672.5283203125,xgboost_feat
Blueberry_AtlasBlue,HOLLANDFOODSERVICE,NL-NH,2026-08-01,2026-08-31,Monthly,,KG,2.851,2.851,2682.517578125,xgboost_feat
Blueberry_AtlasBlue,HOLLANDFOODSERVICE,NL-NH,2026-09-01,2026-09-30,Monthly,,KG,2.851,2.851,2655.04296875,xgboost_feat
Blueberry_AtlasBlue,HOLLANDFOODSERVICE,NL-NH,2026-10-01,2026-10-31,Monthly,,KG,2.851,2.851,2868.1826171875,xgboost_feat
Blueberry_AtlasBlue,HOLLANDFOODSERVICE,NL-NH,2026-11-01,2026-11-30,Monthly,,KG,2.851,2.851,2944.93505859375,xgboost_feat
Blueberry_AtlasBlue,HOLLANDFOODSERVICE,NL-NH,2026-12-01,2026-12-31,Monthly,,KG,2.851,2.851,3040.6806640625,xgboost_feat
Blueberry_AtlasBlue,HOLLANDFOODSERVICE,NL-NH,2027-01-01,2027-01-31,Monthly,,KG,2.851,2.851,3013.905029296875,xgboost_feat
Blueberry_AtlasBlue,HOLLANDFOODSERVICE,NL-ZH,2026-02-01,2026-02-28,Monthly,,KG,2.883,2.883,3100.54150390625,xgboost_feat
Blueberry_AtlasBlue,HOLLANDFOODSERVICE,NL-ZH,2026-03-01,2026-03-31,Monthly,,KG,2.883,2.883,3052.083984375,xgboost_feat
Blueberry_AtlasBlue,HOLLANDFOODSERVICE,NL-ZH,2026-04-01,2026-04-30,Monthly,,KG,2.883,2.883,2978.597900390625,xgboost_feat
Blueberry_AtlasBlue,HOLLANDFOODSERVICE,NL-ZH,2026-05-01,2026-05-31,Monthly,,KG,2.883,2.883,2725.472900390625,xgboost_feat
Blueberry_AtlasBlue,HOLLANDFOODSERVICE,NL-ZH,2026-06-01,2026-06-30,Monthly,,KG,2.883,2.883,2686.951171875,xgboost_feat
Blueberry_AtlasBlue,HOLLANDFOODSERVICE,NL-ZH,2026-07-01,2026-07-31,Monthly,,KG,2.883,2.883,2672.189453125,xgboost_feat
Blueberry_AtlasBlue,HOLLANDFOODSERVICE,NL-ZH,2026-08-01,2026-08-31,Monthly,,KG,2.883,2.883,2655.695556640625,xgboost_feat
Blueberry_AtlasBlue,HOLLANDFOODSERVICE,NL-ZH,2026-09-01,2026-09-30,Monthly,,KG,2.883,2.883,2655.06005859375,xgboost_feat
Blueberry_AtlasBlue,HOLLANDFOODSERVICE,NL-ZH,2026-10-01,2026-10-31,Monthly,,KG,2.883,2.883,2868.1826171875,xgboost_feat
Blueberry_AtlasBlue,HOLLANDFOODSERVICE,NL-ZH,2026-11-01,2026-11-30,Monthly,,KG,2.883,2.883,2953.596435546875,xgboost_feat
Blueberry_AtlasBlue,HOLLANDFOODSERVICE,NL-ZH,2026-12-01,2026-12-31,Monthly,,KG,2.883,2.883,3040.685302734375,xgboost_feat
Blueberry_AtlasBlue,HOLLANDFOODSERVICE,NL-ZH,2027-01-01,2027-01-31,Monthly,,KG,2.883,2.883,3013.76611328125,xgboost_feat
Blueberry_AtlasBlue,JUMBO,NL-GE,2026-02-01,2026-02-28,Monthly,,KG,2.677,2.677,3021.699951171875,xgboost_feat
Blueberry_AtlasBlue,JUMBO,NL-GE,2026-03-01,2026-03-31,Monthly,,KG,2.677,2.677,3063.316162109375,xgboost_feat
Blueberry_AtlasBlue,JUMBO,NL-GE,2026-04-01,2026-04-30,Monthly,,KG,2.677,2.677,3024.912109375,xgboost_feat
Blueberry_AtlasBlue,JUMBO,NL-GE,2026-05-01,2026-05-31,Monthly,,KG,2.677,2.677,2674.43994140625,xgboost_feat
Blueberry_AtlasBlue,JUMBO,NL-GE,2026-06-01,2026-06-30,Monthly,,KG,2.677,2.677,2691.69873046875,xgboost_feat
Blueberry_AtlasBlue,JUMBO,NL-GE,2026-07-01,2026-07-31,Monthly,,KG,2.677,2.677,2627.941162109375,xgboost_feat
Blueberry_AtlasBlue,JUMBO,NL-GE,2026-08-01,2026-08-31,Monthly,,KG,2.677,2.677,2654.18701171875,xgboost_feat
Blueberry_AtlasBlue,JUMBO,NL-GE,2026-09-01,2026-09-30,Monthly,,KG,2.677,2.677,2654.729736328125,xgboost_feat
Blueberry_AtlasBlue,JUMBO,NL-GE,2026-10-01,2026-10-31,Monthly,,KG,2.677,2.677,2897.8720703125,xgboost_feat
Blueberry_AtlasBlue,JUMBO,NL-GE,2026-11-01,2026-11-30,Monthly,,KG,2.677,2.677,3137.948486328125,xgboost_feat
Blueberry_AtlasBlue,JUMBO,NL-GE,2026-12-01,2026-12-31,Monthly,,KG,2.677,2.677,3126.40625,xgboost_feat
Blueberry_AtlasBlue,JUMBO,NL-GE,2027-01-01,2027-01-31,Monthly,,KG,2.677,2.677,3144.220947265625,xgboost_feat
Blueberry_AtlasBlue,JUMBO,NL-NB,2026-02-01,2026-02-28,Monthly,,KG,2.725,2.725,2952.80712890625,xgboost_feat
Blueberry_AtlasBlue,JUMBO,NL-NB,2026-03-01,2026-03-31,Monthly,,KG,2.725,2.725,3011.08984375,xgboost_feat
Blueberry_AtlasBlue,JUMBO,NL-NB,2026-04-01,2026-04-30,Monthly,,KG,2.725,2.725,3014.638916015625,xgboost_feat
Blueberry_AtlasBlue,JUMBO,NL-NB,2026-05-01,2026-05-31,Monthly,,KG,2.725,2.725,2711.14501953125,xgboost_feat
Blueberry_AtlasBlue,JUMBO,NL-NB,2026-06-01,2026-06-30,Monthly,,KG,2.725,2.725,2746.98876953125,xgboost_feat
Blueberry_AtlasBlue,JUMBO,NL-NB,2026-07-01,2026-07-31,Monthly,,KG,2.725,2.725,2767.04443359375,xgboost_feat
Blueberry_AtlasBlue,JUMBO,NL-NB,2026-08-01,2026-08-31,Monthly,,KG,2.725,2.725,2771.14306640625,xgboost_feat
Blueberry_AtlasBlue,JUMBO,NL-NB,2026-09-01,2026-09-30,Monthly,,KG,2.725,2.725,2743.6318359375,xgboost_feat
Blueberry_AtlasBlue,JUMBO,NL-NB,2026-10-01,2026-10-31,Monthly,,KG,2.725,2.725,2937.67431640625,xgboost_feat
Blueberry_AtlasBlue,JUMBO,NL-NB,2026-11-01,2026-11-30,Monthly,,KG,2.725,2.725,3140.143310546875,xgboost_feat
Blueberry_AtlasBlue,JUMBO,NL-NB,2026-12-01,2026-12-31,Monthly,,KG,2.725,2.725,3167.52587890625,xgboost_feat
Blueberry_AtlasBlue,JUMBO,NL-NB,2027-01-01,2027-01-31,Monthly,,KG,2.725,2.725,3144.04833984375,xgboost_feat
Blueberry_AtlasBlue,JUMBO,NL-NH,2026-02-01,2026-02-28,Monthly,,KG,2.803,2.803,3041.384765625,xgboost_feat
Blueberry_AtlasBlue,JUMBO,NL-NH,2026-03-01,2026-03-31,Monthly,,KG,2.803,2.803,2972.029296875,xgboost_feat
Blueberry_AtlasBlue,JUMBO,NL-NH,2026-04-01,2026-04-30,Monthly,,KG,2.803,2.803,2985.47705078125,xgboost_feat
Blueberry_AtlasBlue,JUMBO,NL-NH,2026-05-01,2026-05-31,Monthly,,KG,2.803,2.803,2916.009033203125,xgboost_feat
Blueberry_AtlasBlue,JUMBO,NL-NH,2026-06-01,2026-06-30,Monthly,,KG,2.803,2.803,2679.66455078125,xgboost_feat
Blueberry_AtlasBlue,JUMBO,NL-NH,2026-07-01,2026-07-31,Monthly,,KG,2.803,2.803,2763.602783203125,xgboost_feat
Blueberry_AtlasBlue,JUMBO,NL-NH,2026-08-01,2026-08-31,Monthly,,KG,2.803,2.803,2770.22509765625,xgboost_feat
Blueberry_AtlasBlue,JUMBO,NL-NH,2026-09-01,2026-09-30,Monthly,,KG,2.803,2.803,2745.218505859375,xgboost_feat
Blueberry_AtlasBlue,JUMBO,NL-NH,2026-10-01,2026-10-31,Monthly,,KG,2.803,2.803,2913.4248046875,xgboost_feat
Blueberry_AtlasBlue,JUMBO,NL-NH,2026-11-01,2026-11-30,Monthly,,KG,2.803,2.803,2956.75634765625,xgboost_feat
Blueberry_AtlasBlue,JUMBO,NL-NH,2026-12-01,2026-12-31,Monthly,,KG,2.803,2.803,3137.0556640625,xgboost_feat
Blueberry_AtlasBlue,JUMBO,NL-NH,2027-01-01,2027-01-31,Monthly,,KG,2.803,2.803,3137.898681640625,xgboost_feat
Blueberry_AtlasBlue,JUMBO,NL-ZH,2026-02-01,2026-02-28,Monthly,,KG,2.903,2.903,2976.78466796875,xgboost_feat
Blueberry_AtlasBlue,JUMBO,NL-ZH,2026-03-01,2026-03-31,Monthly,,KG,2.903,2.903,2964.392578125,xgboost_feat
Blueberry_AtlasBlue,JUMBO,NL-ZH,2026-04-01,2026-04-30,Monthly,,KG,2.903,2.903,2981.335693359375,xgboost_feat
Blueberry_AtlasBlue,JUMBO,NL-ZH,2026-05-01,2026-05-31,Monthly,,KG,2.903,2.903,2765.0908203125,xgboost_feat
Blueberry_AtlasBlue,JUMBO,NL-ZH,2026-06-01,2026-06-30,Monthly,,KG,2.903,2.903,2714.906494140625,xgboost_feat
Blueberry_AtlasBlue,JUMBO,NL-ZH,2026-07-01,2026-07-31,Monthly,,KG,2.903,2.903,2738.540771484375,xgboost_feat
Blueberry_AtlasBlue,JUMBO,NL-ZH,2026-08-01,2026-08-31,Monthly,,KG,2.903,2.903,2746.08056640625,xgboost_feat
Blueberry_AtlasBlue,JUMBO,NL-ZH,2026-09-01,2026-09-30,Monthly,,KG,2.903,2.903,2744.281982421875,xgboost_feat
Blueberry_AtlasBlue,JUMBO,NL-ZH,2026-10-01,2026-10-31,Monthly,,KG,2.903,2.903,2910.480224609375,xgboost_feat
Blueberry_AtlasBlue,JUMBO,NL-ZH,2026-11-01,2026-11-30,Monthly,,KG,2.903,2.903,2965.08447265625,xgboost_feat
Blueberry_AtlasBlue,JUMBO,NL-ZH,2026-12-01,2026-12-31,Monthly,,KG,2.903,2.903,3137.01953125,xgboost_feat
Blueberry_AtlasBlue,JUMBO,NL-ZH,2027-01-01,2027-01-31,Monthly,,KG,2.903,2.903,3137.391845703125,xgboost_feat
Blueberry_AtlasBlue,MELEDI,NL-GE,2026-02-01,2026-02-28,Monthly,,KG,2.678,2.678,3064.58203125,xgboost_feat
Blueberry_AtlasBlue,MELEDI,NL-GE,2026-03-01,2026-03-31,Monthly,,KG,2.678,2.678,3044.132568359375,xgboost_feat
Blueberry_AtlasBlue,MELEDI,NL-GE,2026-04-01,2026-04-30,Monthly,,KG,2.678,2.678,2970.25,xgboost_feat
Blueberry_AtlasBlue,MELEDI,NL-GE,2026-05-01,2026-05-31,Monthly,,KG,2.678,2.678,2637.9248046875,xgboost_feat
Blueberry_AtlasBlue,MELEDI,NL-GE,2026-06-01,2026-06-30,Monthly,,KG,2.678,2.678,2575.143798828125,xgboost_feat
Blueberry_AtlasBlue,MELEDI,NL-GE,2026-07-01,2026-07-31,Monthly,,KG,2.678,2.678,2575.42041015625,xgboost_feat
Blueberry_AtlasBlue,MELEDI,NL-GE,2026-08-01,2026-08-31,Monthly,,KG,2.678,2.678,2557.627197265625,xgboost_feat
Blueberry_AtlasBlue,MELEDI,NL-GE,2026-09-01,2026-09-30,Monthly,,KG,2.678,2.678,2557.626953125,xgboost_feat
Blueberry_AtlasBlue,MELEDI,NL-GE,2026-10-01,2026-10-31,Monthly,,KG,2.678,2.678,2850.958251953125,xgboost_feat
Blueberry_AtlasBlue,MELEDI,NL-GE,2026-11-01,2026-11-30,Monthly,,KG,2.678,2.678,3016.2236328125,xgboost_feat
Blueberry_AtlasBlue,MELEDI,NL-GE,2026-12-01,2026-12-31,Monthly,,KG,2.678,2.678,2999.431640625,xgboost_feat
Blueberry_AtlasBlue,MELEDI,NL-GE,2027-01-01,2027-01-31,Monthly,,KG,2.678,2.678,3004.364501953125,xgboost_feat
Blueberry_AtlasBlue,MELEDI,NL-NB,2026-02-01,2026-02-28,Monthly,,KG,2.743,2.743,3072.935546875,xgboost_feat
Blueberry_AtlasBlue,MELEDI,NL-NB,2026-03-01,2026-03-31,Monthly,,KG,2.743,2.743,2988.093505859375,xgboost_feat
Blueberry_AtlasBlue,MELEDI,NL-NB,2026-04-01,2026-04-30,Monthly,,KG,2.743,2.743,2978.12060546875,xgboost_feat
Blueberry_AtlasBlue,MELEDI,NL-NB,2026-05-01,2026-05-31,Monthly,,KG,2.743,2.743,2704.87060546875,xgboost_feat
Blueberry_AtlasBlue,MELEDI,NL-NB,2026-06-01,2026-06-30,Monthly,,KG,2.743,2.743,2689.720947265625,xgboost_feat
Blueberry_AtlasBlue,MELEDI,NL-NB,2026-07-01,2026-07-31,Monthly,,KG,2.743,2.743,2674.3916015625,xgboost_feat
Blueberry_AtlasBlue,MELEDI,NL-NB,2026-08-01,2026-08-31,Monthly,,KG,2.743,2.743,2670.38232421875,xgboost_feat
Blueberry_AtlasBlue,MELEDI,NL-NB,2026-09-01,2026-09-30,Monthly,,KG,2.743,2.743,2655.32568359375,xgboost_feat
Blueberry_AtlasBlue,MELEDI,NL-NB,2026-10-01,2026-10-31,Monthly,,KG,2.743,2.743,2900.9384765625,xgboost_feat
Blueberry_AtlasBlue,MELEDI,NL-NB,2026-11-01,2026-11-30,Monthly,,KG,2.743,2.743,3048.975830078125,xgboost_feat
Blueberry_AtlasBlue,MELEDI,NL-NB,2026-12-01,2026-12-31,Monthly,,KG,2.743,2.743,3068.5859375,xgboost_feat
Blueberry_AtlasBlue,MELEDI,NL-NB,2027-01-01,2027-01-31,Monthly,,KG,2.743,2.743,3014.01904296875,xgboost_feat
Blueberry_AtlasBlue,MELEDI,NL-NH,2026-02-01,2026-02-28,Monthly,,KG,2.847,2.847,3105.671875,xgboost_feat
Blueberry_AtlasBlue,MELEDI,NL-NH,2026-03-01,2026-03-31,Monthly,,KG,2.847,2.847,3059.0634765625,xgboost_feat
Blueberry_AtlasBlue,MELEDI,NL-NH,2026-04-01,2026-04-30,Monthly,,KG,2.847,2.847,2978.597900390625,xgboost_feat
Blueberry_AtlasBlue,MELEDI,NL-NH,2026-05-01,2026-05-31,Monthly,,KG,2.847,2.847,2952.318115234375,xgboost_feat
Blueberry_AtlasBlue,MELEDI,NL-NH,2026-06-01,2026-06-30,Monthly,,KG,2.847,2.847,2674.2548828125,xgboost_feat
Blueberry_AtlasBlue,MELEDI,NL-NH,2026-07-01,2026-07-31,Monthly,,KG,2.847,2.847,2672.5283203125,xgboost_feat
Blueberry_AtlasBlue,MELEDI,NL-NH,2026-08-01,2026-08-31,Monthly,,KG,2.847,2.847,2682.517578125,xgboost_feat
Blueberry_AtlasBlue,MELEDI,NL-NH,2026-09-01,2026-09-30,Monthly,,KG,2.847,2.847,2655.04296875,xgboost_feat
Blueberry_AtlasBlue,MELEDI,NL-NH,2026-10-01,2026-10-31,Monthly,,KG,2.847,2.847,2868.1826171875,xgboost_feat
Blueberry_AtlasBlue,MELEDI,NL-NH,2026-11-01,2026-11-30,Monthly,,KG,2.847,2.847,2944.93505859375,xgboost_feat
Blueberry_AtlasBlue,MELEDI,NL-NH,2026-12-01,2026-12-31,Monthly,,KG,2.847,2.847,3040.63427734375,xgboost_feat
Blueberry_AtlasBlue,MELEDI,NL-NH,2027-01-01,2027-01-31,Monthly,,KG,2.847,2.847,3011.34033203125,xgboost_feat
Blueberry_AtlasBlue,MELEDI,NL-ZH,2026-02-01,2026-02-28,Monthly,,KG,2.918,2.918,3072.935546875,xgboost_feat
Blueberry_AtlasBlue,MELEDI,NL-ZH,2026-03-01,2026-03-31,Monthly,,KG,2.918,2.918,3052.1279296875,xgboost_feat
Blueberry_AtlasBlue,MELEDI,NL-ZH,2026-04-01,2026-04-30,Monthly,,KG,2.918,2.918,2978.597900390625,xgboost_feat
Blueberry_AtlasBlue,MELEDI,NL-ZH,2026-05-01,2026-05-31,Monthly,,KG,2.918,2.918,2725.472900390625,xgboost_feat
Blueberry_AtlasBlue,MELEDI,NL-ZH,2026-06-01,2026-06-30,Monthly,,KG,2.918,2.918,2686.951171875,xgboost_feat
Blueberry_AtlasBlue,MELEDI,NL-ZH,2026-07-01,2026-07-31,Monthly,,KG,2.918,2.918,2671.36669921875,xgboost_feat
Blueberry_AtlasBlue,MELEDI,NL-ZH,2026-08-01,2026-08-31,Monthly,,KG,2.918,2.918,2655.695556640625,xgboost_feat
Blueberry_AtlasBlue,MELEDI,NL-ZH,2026-09-01,2026-09-30,Monthly,,KG,2.918,2.918,2655.06005859375,xgboost_feat
Blueberry_AtlasBlue,MELEDI,NL-ZH,2026-10-01,2026-10-31,Monthly,,KG,2.918,2.918,2868.1826171875,xgboost_feat
Blueberry_AtlasBlue,MELEDI,NL-ZH,2026-11-01,2026-11-30,Monthly,,KG,2.918,2.918,2953.64306640625,xgboost_feat
Blueberry_AtlasBlue,MELEDI,NL-ZH,2026-12-01,2026-12-31,Monthly,,KG,2.918,2.918,3042.7197265625,xgboost_feat
Blueberry_AtlasBlue,MELEDI,NL-ZH,2027-01-01,2027-01-31,Monthly,,KG,2.918,2.918,3013.905029296875,xgboost_feat
Blueberry_AtlasBlue,PICNIC,NL-GE,2026-02-01,2026-02-28,Monthly,,KG,2.651,2.651,3060.521484375,xgboost_feat
Blueberry_AtlasBlue,PICNIC,NL-GE,2026-03-01,2026-03-31,Monthly,,KG,2.651,2.651,3040.069091796875,xgboost_feat
Blueberry_AtlasBlue,PICNIC,NL-GE,2026-04-01,2026-04-30,Monthly,,KG,2.651,2.651,2966.186279296875,xgboost_feat
Blueberry_AtlasBlue,PICNIC,NL-GE,2026-05-01,2026-05-31,Monthly,,KG,2.651,2.651,2618.807861328125,xgboost_feat
Blueberry_AtlasBlue,PICNIC,NL-GE,2026-06-01,2026-06-30,Monthly,,KG,2.651,2.651,2478.49755859375,xgboost_feat
Blueberry_AtlasBlue,PICNIC,NL-GE,2026-07-01,2026-07-31,Monthly,,KG,2.651,2.651,2475.910400390625,xgboost_feat
Blueberry_AtlasBlue,PICNIC,NL-GE,2026-08-01,2026-08-31,Monthly,,KG,2.651,2.651,2538.486572265625,xgboost_feat
Blueberry_AtlasBlue,PICNIC,NL-GE,2026-09-01,2026-09-30,Monthly,,KG,2.651,2.651,2538.47265625,xgboost_feat
Blueberry_AtlasBlue,PICNIC,NL-GE,2026-10-01,2026-10-31,Monthly,,KG,2.651,2.651,2846.912109375,xgboost_feat
Blueberry_AtlasBlue,PICNIC,NL-GE,2026-11-01,2026-11-30,Monthly,,KG,2.651,2.651,3012.173095703125,xgboost_feat
Blueberry_AtlasBlue,PICNIC,NL-GE,2026-12-01,2026-12-31,Monthly,,KG,2.651,2.651,2991.559326171875,xgboost_feat
Blueberry_AtlasBlue,PICNIC,NL-GE,2027-01-01,2027-01-31,Monthly,,KG,2.651,2.651,2996.4990234375,xgboost_feat
Blueberry_AtlasBlue,PICNIC,NL-NB,2026-02-01,2026-02-28,Monthly,,KG,2.723,2.723,3105.67138671875,xgboost_feat
Blueberry_AtlasBlue,PICNIC,NL-NB,2026-03-01,2026-03-31,Monthly,,KG,2.723,2.723,2988.093505859375,xgboost_feat
Blueberry_AtlasBlue,PICNIC,NL-NB,2026-04-01,2026-04-30,Monthly,,KG,2.723,2.723,2978.12060546875,xgboost_feat
Blueberry_AtlasBlue,PICNIC,NL-NB,2026-05-01,2026-05-31,Monthly,,KG,2.723,2.723,2704.87060546875,xgboost_feat
Blueberry_AtlasBlue,PICNIC,NL-NB,2026-06-01,2026-06-30,Monthly,,KG,2.723,2.723,2689.720947265625,xgboost_feat
Blueberry_AtlasBlue,PICNIC,NL-NB,2026-07-01,2026-07-31,Monthly,,KG,2.723,2.723,2674.3916015625,xgboost_feat
Blueberry_AtlasBlue,PICNIC,NL-NB,2026-08-01,2026-08-31,Monthly,,KG,2.723,2.723,2670.38232421875,xgboost_feat
Blueberry_AtlasBlue,PICNIC,NL-NB,2026-09-01,2026-09-30,Monthly,,KG,2.723,2.723,2655.32568359375,xgboost_feat
Blueberry_AtlasBlue,PICNIC,NL-NB,2026-10-01,2026-10-31,Monthly,,KG,2.723,2.723,2900.9384765625,xgboost_feat
Blueberry_AtlasBlue,PICNIC,NL-NB,2026-11-01,2026-11-30,Monthly,,KG,2.723,2.723,3048.975830078125,xgboost_feat
Blueberry_AtlasBlue,PICNIC,NL-NB,2026-12-01,2026-12-31,Monthly,,KG,2.723,2.723,3068.5859375,xgboost_feat
Blueberry_AtlasBlue,PICNIC,NL-NB,2027-01-01,2027-01-31,Monthly,,KG,2.723,2.723,3012.968505859375,xgboost_feat
Blueberry_AtlasBlue,PICNIC,NL-NH,2026-02-01,2026-02-28,Monthly,,KG,2.836,2.836,3100.54150390625,xgboost_feat
Blueberry_AtlasBlue,PICNIC,NL-NH,2026-03-01,2026-03-31,Monthly,,KG,2.836,2.836,3059.0634765625,xgboost_feat
Blueberry_AtlasBlue,PICNIC,NL-NH,2026-04-01,2026-04-30,Monthly,,KG,2.836,2.836,2978.597900390625,xgboost_feat
Blueberry_AtlasBlue,PICNIC,NL-NH,2026-05-01,2026-05-31,Monthly,,KG,2.836,2.836,2952.318115234375,xgboost_feat
Blueberry_AtlasBlue,PICNIC,NL-NH,2026-06-01,2026-06-30,Monthly,,KG,2.836,2.836,2674.252197265625,xgboost_feat
Blueberry_AtlasBlue,PICNIC,NL-NH,2026-07-01,2026-07-31,Monthly,,KG,2.836,2.836,2672.5283203125,xgboost_feat
Blueberry_AtlasBlue,PICNIC,NL-NH,2026-08-01,2026-08-31,Monthly,,KG,2.836,2.836,2682.517578125,xgboost_feat
Blueberry_AtlasBlue,PICNIC,NL-NH,2026-09-01,2026-09-30,Monthly,,KG,2.836,2.836,2655.04296875,xgboost_feat
Blueberry_AtlasBlue,PICNIC,NL-NH,2026-10-01,2026-10-31,Monthly,,KG,2.836,2.836,2868.1826171875,xgboost_feat
Blueberry_AtlasBlue,PICNIC,NL-NH,2026-11-01,2026-11-30,Monthly,,KG,2.836,2.836,2944.93505859375,xgboost_feat
Blueberry_AtlasBlue,PICNIC,NL-NH,2026-12-01,2026-12-31,Monthly,,KG,2.836,2.836,3040.63427734375,xgboost_feat
Blueberry_AtlasBlue,PICNIC,NL-NH,2027-01-01,2027-01-31,Monthly,,KG,2.836,2.836,3011.289794921875,xgboost_feat
Blueberry_AtlasBlue,PICNIC,NL-ZH,2026-02-01,2026-02-28,Monthly,,KG,2.96,2.96,3072.935546875,xgboost_feat
Blueberry_AtlasBlue,PICNIC,NL-ZH,2026-03-01,2026-03-31,Monthly,,KG,2.96,2.96,3052.083984375,xgboost_feat
Blueberry_AtlasBlue,PICNIC,NL-ZH,2026-04-01,2026-04-30,Monthly,,KG,2.96,2.96,2978.597900390625,xgboost_feat
Blueberry_AtlasBlue,PICNIC,NL-ZH,2026-05-01,2026-05-31,Monthly,,KG,2.96,2.96,2725.472900390625,xgboost_feat
Blueberry_AtlasBlue,PICNIC,NL-ZH,2026-06-01,2026-06-30,Monthly,,KG,2.96,2.96,2686.9482421875,xgboost_feat
Blueberry_AtlasBlue,PICNIC,NL-ZH,2026-07-01,2026-07-31,Monthly,,KG,2.96,2.96,2672.189453125,xgboost_feat
Blueberry_AtlasBlue,PICNIC,NL-ZH,2026-08-01,2026-08-31,Monthly,,KG,2.96,2.96,2655.695556640625,xgboost_feat
Blueberry_AtlasBlue,PICNIC,NL-ZH,2026-09-01,2026-09-30,Monthly,,KG,2.96,2.96,2655.06005859375,xgboost_feat
Blueberry_AtlasBlue,PICNIC,NL-ZH,2026-10-01,2026-10-31,Monthly,,KG,2.96,2.96,2868.1826171875,xgboost_feat
Blueberry_AtlasBlue,PICNIC,NL-ZH,2026-11-01,2026-11-30,Monthly,,KG,2.96,2.96,2953.596435546875,xgboost_feat
Blueberry_AtlasBlue,PICNIC,NL-ZH,2026-12-01,2026-12-31,Monthly,,KG,2.96,2.96,3040.6396484375,xgboost_feat
Blueberry_AtlasBlue,PICNIC,NL-ZH,2027-01-01,2027-01-31,Monthly,,KG,2.96,2.96,3011.177978515625,xgboost_feat
Blueberry_AtlasBlue,PLUS,NL-GE,2026-02-01,2026-02-28,Monthly,,KG,2.676,2.676,3079.45458984375,xgboost_feat
Blueberry_AtlasBlue,PLUS,NL-GE,2026-03-01,2026-03-31,Monthly,,KG,2.676,2.676,3142.2607421875,xgboost_feat
Blueberry_AtlasBlue,PLUS,NL-GE,2026-04-01,2026-04-30,Monthly,,KG,2.676,2.676,2930.2451171875,xgboost_feat
Blueberry_AtlasBlue,PLUS,NL-GE,2026-05-01,2026-05-31,Monthly,,KG,2.676,2.676,2655.87646484375,xgboost_feat
Blueberry_AtlasBlue,PLUS,NL-GE,2026-06-01,2026-06-30,Monthly,,KG,2.676,2.676,2498.681640625,xgboost_feat
Blueberry_AtlasBlue,PLUS,NL-GE,2026-07-01,2026-07-31,Monthly,,KG,2.676,2.676,2638.53271484375,xgboost_feat
Blueberry_AtlasBlue,PLUS,NL-GE,2026-08-01,2026-08-31,Monthly,,KG,2.676,2.676,2638.8896484375,xgboost_feat
Blueberry_AtlasBlue,PLUS,NL-GE,2026-09-01,2026-09-30,Monthly,,KG,2.676,2.676,2639.08056640625,xgboost_feat
Blueberry_AtlasBlue,PLUS,NL-GE,2026-10-01,2026-10-31,Monthly,,KG,2.676,2.676,2902.61083984375,xgboost_feat
Blueberry_AtlasBlue,PLUS,NL-GE,2026-11-01,2026-11-30,Monthly,,KG,2.676,2.676,3119.71875,xgboost_feat
Blueberry_AtlasBlue,PLUS,NL-GE,2026-12-01,2026-12-31,Monthly,,KG,2.676,2.676,3104.25390625,xgboost_feat
Blueberry_AtlasBlue,PLUS,NL-GE,2027-01-01,2027-01-31,Monthly,,KG,2.676,2.676,3144.091064453125,xgboost_feat
Blueberry_AtlasBlue,PLUS,NL-NB,2026-02-01,2026-02-28,Monthly,,KG,2.687,2.687,3062.062744140625,xgboost_feat
Blueberry_AtlasBlue,PLUS,NL-NB,2026-03-01,2026-03-31,Monthly,,KG,2.687,2.687,2991.16943359375,xgboost_feat
Blueberry_AtlasBlue,PLUS,NL-NB,2026-04-01,2026-04-30,Monthly,,KG,2.687,2.687,2992.523681640625,xgboost_feat
Blueberry_AtlasBlue,PLUS,NL-NB,2026-05-01,2026-05-31,Monthly,,KG,2.687,2.687,2747.45263671875,xgboost_feat
Blueberry_AtlasBlue,PLUS,NL-NB,2026-06-01,2026-06-30,Monthly,,KG,2.687,2.687,2685.69775390625,xgboost_feat
Blueberry_AtlasBlue,PLUS,NL-NB,2026-07-01,2026-07-31,Monthly,,KG,2.687,2.687,2755.189453125,xgboost_feat
Blueberry_AtlasBlue,PLUS,NL-NB,2026-08-01,2026-08-31,Monthly,,KG,2.687,2.687,2767.95361328125,xgboost_feat
Blueberry_AtlasBlue,PLUS,NL-NB,2026-09-01,2026-09-30,Monthly,,KG,2.687,2.687,2745.954345703125,xgboost_feat
Blueberry_AtlasBlue,PLUS,NL-NB,2026-10-01,2026-10-31,Monthly,,KG,2.687,2.687,2946.579833984375,xgboost_feat
Blueberry_AtlasBlue,PLUS,NL-NB,2026-11-01,2026-11-30,Monthly,,KG,2.687,2.687,3140.321044921875,xgboost_feat
Blueberry_AtlasBlue,PLUS,NL-NB,2026-12-01,2026-12-31,Monthly,,KG,2.687,2.687,3167.53125,xgboost_feat
Blueberry_AtlasBlue,PLUS,NL-NB,2027-01-01,2027-01-31,Monthly,,KG,2.687,2.687,3143.6064453125,xgboost_feat
Blueberry_AtlasBlue,PLUS,NL-NH,2026-02-01,2026-02-28,Monthly,,KG,2.86,2.86,3091.05419921875,xgboost_feat
Blueberry_AtlasBlue,PLUS,NL-NH,2026-03-01,2026-03-31,Monthly,,KG,2.86,2.86,3029.317626953125,xgboost_feat
Blueberry_AtlasBlue,PLUS,NL-NH,2026-04-01,2026-04-30,Monthly,,KG,2.86,2.86,2999.713623046875,xgboost_feat
Blueberry_AtlasBlue,PLUS,NL-NH,2026-05-01,2026-05-31,Monthly,,KG,2.86,2.86,2926.384521484375,xgboost_feat
Blueberry_AtlasBlue,PLUS,NL-NH,2026-06-01,2026-06-30,Monthly,,KG,2.86,2.86,2702.119873046875,xgboost_feat
Blueberry_AtlasBlue,PLUS,NL-NH,2026-07-01,2026-07-31,Monthly,,KG,2.86,2.86,2750.53759765625,xgboost_feat
Blueberry_AtlasBlue,PLUS,NL-NH,2026-08-01,2026-08-31,Monthly,,KG,2.86,2.86,2769.9638671875,xgboost_feat
Blueberry_AtlasBlue,PLUS,NL-NH,2026-09-01,2026-09-30,Monthly,,KG,2.86,2.86,2742.094970703125,xgboost_feat
Blueberry_AtlasBlue,PLUS,NL-NH,2026-10-01,2026-10-31,Monthly,,KG,2.86,2.86,2912.976318359375,xgboost_feat
Blueberry_AtlasBlue,PLUS,NL-NH,2026-11-01,2026-11-30,Monthly,,KG,2.86,2.86,2956.75634765625,xgboost_feat
Blueberry_AtlasBlue,PLUS,NL-NH,2026-12-01,2026-12-31,Monthly,,KG,2.86,2.86,3137.197265625,xgboost_feat
Blueberry_AtlasBlue,PLUS,NL-NH,2027-01-01,2027-01-31,Monthly,,KG,2.86,2.86,3137.391845703125,xgboost_feat
Blueberry_AtlasBlue,PLUS,NL-ZH,2026-02-01,2026-02-28,Monthly,,KG,2.948,2.948,2985.35498046875,xgboost_feat
Blueberry_AtlasBlue,PLUS,NL-ZH,2026-03-01,2026-03-31,Monthly,,KG,2.948,2.948,2964.44384765625,xgboost_feat
Blueberry_AtlasBlue,PLUS,NL-ZH,2026-04-01,2026-04-30,Monthly,,KG,2.948,2.948,2991.787353515625,xgboost_feat
Blueberry_AtlasBlue,PLUS,NL-ZH,2026-05-01,2026-05-31,Monthly,,KG,2.948,2.948,2765.021240234375,xgboost_feat
Blueberry_AtlasBlue,PLUS,NL-ZH,2026-06-01,2026-06-30,Monthly,,KG,2.948,2.948,2678.884765625,xgboost_feat
Blueberry_AtlasBlue,PLUS,NL-ZH,2026-07-01,2026-07-31,Monthly,,KG,2.948,2.948,2763.5888671875,xgboost_feat
Blueberry_AtlasBlue,PLUS,NL-ZH,2026-08-01,2026-08-31,Monthly,,KG,2.948,2.948,2746.49462890625,xgboost_feat
Blueberry_AtlasBlue,PLUS,NL-ZH,2026-09-01,2026-09-30,Monthly,,KG,2.948,2.948,2744.79345703125,xgboost_feat
Blueberry_AtlasBlue,PLUS,NL-ZH,2026-10-01,2026-10-31,Monthly,,KG,2.948,2.948,2913.259033203125,xgboost_feat
Blueberry_AtlasBlue,PLUS,NL-ZH,2026-11-01,2026-11-30,Monthly,,KG,2.948,2.948,3010.872802734375,xgboost_feat
Blueberry_AtlasBlue,PLUS,NL-ZH,2026-12-01,2026-12-31,Monthly,,KG,2.948,2.948,3137.206298828125,xgboost_feat
Blueberry_AtlasBlue,PLUS,NL-ZH,2027-01-01,2027-01-31,Monthly,,KG,2.948,2.948,3137.707763671875,xgboost_feat
Blueberry_AtlasBlue,SLIGRO,NL-GE,2026-02-01,2026-02-28,Monthly,,KG,2.687,2.687,3072.935546875,xgboost_feat
Blueberry_AtlasBlue,SLIGRO,NL-GE,2026-03-01,2026-03-31,Monthly,,KG,2.687,2.687,3052.48046875,xgboost_feat
Blueberry_AtlasBlue,SLIGRO,NL-GE,2026-04-01,2026-04-30,Monthly,,KG,2.687,2.687,2978.597900390625,xgboost_feat
Blueberry_AtlasBlue,SLIGRO,NL-GE,2026-05-01,2026-05-31,Monthly,,KG,2.687,2.687,2724.8037109375,xgboost_feat
Blueberry_AtlasBlue,SLIGRO,NL-GE,2026-06-01,2026-06-30,Monthly,,KG,2.687,2.687,2672.9208984375,xgboost_feat
Blueberry_AtlasBlue,SLIGRO,NL-GE,2026-07-01,2026-07-31,Monthly,,KG,2.687,2.687,2672.5625,xgboost_feat
Blueberry_AtlasBlue,SLIGRO,NL-GE,2026-08-01,2026-08-31,Monthly,,KG,2.687,2.687,2655.02587890625,xgboost_feat
Blueberry_AtlasBlue,SLIGRO,NL-GE,2026-09-01,2026-09-30,Monthly,,KG,2.687,2.687,2655.026611328125,xgboost_feat
Blueberry_AtlasBlue,SLIGRO,NL-GE,2026-10-01,2026-10-31,Monthly,,KG,2.687,2.687,2868.22900390625,xgboost_feat
Blueberry_AtlasBlue,SLIGRO,NL-GE,2026-11-01,2026-11-30,Monthly,,KG,2.687,2.687,3047.528564453125,xgboost_feat
Blueberry_AtlasBlue,SLIGRO,NL-GE,2026-12-01,2026-12-31,Monthly,,KG,2.687,2.687,3040.7568359375,xgboost_feat
Blueberry_AtlasBlue,SLIGRO,NL-GE,2027-01-01,2027-01-31,Monthly,,KG,2.687,2.687,3043.910888671875,xgboost_feat
Blueberry_AtlasBlue,SLIGRO,NL-NB,2026-02-01,2026-02-28,Monthly,,KG,2.797,2.797,3072.935546875,xgboost_feat
Blueberry_AtlasBlue,SLIGRO,NL-NB,2026-03-01,2026-03-31,Monthly,,KG,2.797,2.797,2988.093505859375,xgboost_feat
Blueberry_AtlasBlue,SLIGRO,NL-NB,2026-04-01,2026-04-30,Monthly,,KG,2.797,2.797,2978.12060546875,xgboost_feat
Blueberry_AtlasBlue,SLIGRO,NL-NB,2026-05-01,2026-05-31,Monthly,,KG,2.797,2.797,2704.87060546875,xgboost_feat
Blueberry_AtlasBlue,SLIGRO,NL-NB,2026-06-01,2026-06-30,Monthly,,KG,2.797,2.797,2689.723388671875,xgboost_feat
Blueberry_AtlasBlue,SLIGRO,NL-NB,2026-07-01,2026-07-31,Monthly,,KG,2.797,2.797,2673.568603515625,xgboost_feat
Blueberry_AtlasBlue,SLIGRO,NL-NB,2026-08-01,2026-08-31,Monthly,,KG,2.797,2.797,2670.38232421875,xgboost_feat
Blueberry_AtlasBlue,SLIGRO,NL-NB,2026-09-01,2026-09-30,Monthly,,KG,2.797,2.797,2655.32568359375,xgboost_feat
Blueberry_AtlasBlue,SLIGRO,NL-NB,2026-10-01,2026-10-31,Monthly,,KG,2.797,2.797,2900.9384765625,xgboost_feat
Blueberry_AtlasBlue,SLIGRO,NL-NB,2026-11-01,2026-11-30,Monthly,,KG,2.797,2.797,3048.975830078125,xgboost_feat
Blueberry_AtlasBlue,SLIGRO,NL-NB,2026-12-01,2026-12-31,Monthly,,KG,2.797,2.797,3068.633056640625,xgboost_feat
Blueberry_AtlasBlue,SLIGRO,NL-NB,2027-01-01,2027-01-31,Monthly,,KG,2.797,2.797,3014.157958984375,xgboost_feat
Blueberry_AtlasBlue,SLIGRO,NL-NH,2026-02-01,2026-02-28,Monthly,,KG,2.855,2.855,3105.67138671875,xgboost_feat
Blueberry_AtlasBlue,SLIGRO,NL-NH,2026-03-01,2026-03-31,Monthly,,KG,2.855,2.855,3059.0634765625,xgboost_feat
Blueberry_AtlasBlue,SLIGRO,NL-NH,2026-04-01,2026-04-30,Monthly,,KG,2.855,2.855,2978.597900390625,xgboost_feat
Blueberry_AtlasBlue,SLIGRO,NL-NH,2026-05-01,2026-05-31,Monthly,,KG,2.855,2.855,2952.318115234375,xgboost_feat
Blueberry_AtlasBlue,SLIGRO,NL-NH,2026-06-01,2026-06-30,Monthly,,KG,2.855,2.855,2674.2548828125,xgboost_feat
Blueberry_AtlasBlue,SLIGRO,NL-NH,2026-07-01,2026-07-31,Monthly,,KG,2.855,2.855,2672.5283203125,xgboost_feat
Blueberry_AtlasBlue,SLIGRO,NL-NH,2026-08-01,2026-08-31,Monthly,,KG,2.855,2.855,2682.517578125,xgboost_feat
Blueberry_AtlasBlue,SLIGRO,NL-NH,2026-09-01,2026-09-30,Monthly,,KG,2.855,2.855,2655.04296875,xgboost_feat
Blueberry_AtlasBlue,SLIGRO,NL-NH,2026-10-01,2026-10-31,Monthly,,KG,2.855,2.855,2868.1826171875,xgboost_feat
Blueberry_AtlasBlue,SLIGRO,NL-NH,2026-11-01,2026-11-30,Monthly,,KG,2.855,2.855,2944.93505859375,xgboost_feat
Blueberry_AtlasBlue,SLIGRO,NL-NH,2026-12-01,2026-12-31,Monthly,,KG,2.855,2.855,3040.6806640625,xgboost_feat
Blueberry_AtlasBlue,SLIGRO,NL-NH,2027-01-01,2027-01-31,Monthly,,KG,2.855,2.855,3013.755859375,xgboost_feat
Blueberry_AtlasBlue,SLIGRO,NL-ZH,2026-02-01,2026-02-28,Monthly,,KG,2.892,2.892,3100.54150390625,xgboost_feat
Blueberry_AtlasBlue,SLIGRO,NL-ZH,2026-03-01,2026-03-31,Monthly,,KG,2.892,2.892,3052.083984375,xgboost_feat
Blueberry_AtlasBlue,SLIGRO,NL-ZH,2026-04-01,2026-04-30,Monthly,,KG,2.892,2.892,2978.597900390625,xgboost_feat
Blueberry_AtlasBlue,SLIGRO,NL-ZH,2026-05-01,2026-05-31,Monthly,,KG,2.892,2.892,2725.472900390625,xgboost_feat
Blueberry_AtlasBlue,SLIGRO,NL-ZH,2026-06-01,2026-06-30,Monthly,,KG,2.892,2.892,2686.951171875,xgboost_feat
Blueberry_AtlasBlue,SLIGRO,NL-ZH,2026-07-01,2026-07-31,Monthly,,KG,2.892,2.892,2672.189453125,xgboost_feat
Blueberry_AtlasBlue,SLIGRO,NL-ZH,2026-08-01,2026-08-31,Monthly,,KG,2.892,2.892,2655.695556640625,xgboost_feat
Blueberry_AtlasBlue,SLIGRO,NL-ZH,2026-09-01,2026-09-30,Monthly,,KG,2.892,2.892,2655.06005859375,xgboost_feat
Blueberry_AtlasBlue,SLIGRO,NL-ZH,2026-10-01,2026-10-31,Monthly,,KG,2.892,2.892,2868.1826171875,xgboost_feat
Blueberry_AtlasBlue,SLIGRO,NL-ZH,2026-11-01,2026-11-30,Monthly,,KG,2.892,2.892,2953.596435546875,xgboost_feat
Blueberry_AtlasBlue,SLIGRO,NL-ZH,2026-12-01,2026-12-31,Monthly,,KG,2.892,2.892,3040.68603515625,xgboost_feat
Blueberry_AtlasBlue,SLIGRO,NL-ZH,2027-01-01,2027-01-31,Monthly,,KG,2.892,2.892,3013.76611328125,xgboost_feat
Blueberry_Duke,AH,NL-GE,2026-02-01,2026-02-28,Monthly,,KG,2.664,2.664,3065.32763671875,xgboost_feat
Blueberry_Duke,AH,NL-GE,2026-03-01,2026-03-31,Monthly,,KG,2.664,2.664,3040.123046875,xgboost_feat
Blueberry_Duke,AH,NL-GE,2026-04-01,2026-04-30,Monthly,,KG,2.664,2.664,2966.186279296875,xgboost_feat
Blueberry_Duke,AH,NL-GE,2026-05-01,2026-05-31,Monthly,,KG,2.664,2.664,2617.951171875,xgboost_feat
Blueberry_Duke,AH,NL-GE,2026-06-01,2026-06-30,Monthly,,KG,2.664,2.664,2477.486572265625,xgboost_feat
Blueberry_Duke,AH,NL-GE,2026-07-01,2026-07-31,Monthly,,KG,2.664,2.664,2475.0693359375,xgboost_feat
Blueberry_Duke,AH,NL-GE,2026-08-01,2026-08-31,Monthly,,KG,2.664,2.664,2538.906005859375,xgboost_feat
Blueberry_Duke,AH,NL-GE,2026-09-01,2026-09-30,Monthly,,KG,2.664,2.664,2538.906005859375,xgboost_feat
Blueberry_Duke,AH,NL-GE,2026-10-01,2026-10-31,Monthly,,KG,2.664,2.664,2849.167724609375,xgboost_feat
Blueberry_Duke,AH,NL-GE,2026-11-01,2026-11-30,Monthly,,KG,2.664,2.664,3036.79296875,xgboost_feat
Blueberry_Duke,AH,NL-GE,2026-12-01,2026-12-31,Monthly,,KG,2.664,2.664,3011.877197265625,xgboost_feat
Blueberry_Duke,AH,NL-GE,2027-01-01,2027-01-31,Monthly,,KG,2.664,2.664,3031.53857421875,xgboost_feat
Blueberry_Duke,AH,NL-NB,2026-02-01,2026-02-28,Monthly,,KG,2.737,2.737,3100.5517578125,xgboost_feat
Blueberry_Duke,AH,NL-NB,2026-03-01,2026-03-31,Monthly,,KG,2.737,2.737,2992.13818359375,xgboost_feat
Blueberry_Duke,AH,NL-NB,2026-04-01,2026-04-30,Monthly,,KG,2.737,2.737,2978.12060546875,xgboost_feat
Blueberry_Duke,AH,NL-NB,2026-05-01,2026-05-31,Monthly,,KG,2.737,2.737,2704.013427734375,xgboost_feat
Blueberry_Duke,AH,NL-NB,2026-06-01,2026-06-30,Monthly,,KG,2.737,2.737,2689.227294921875,xgboost_feat
Blueberry_Duke,AH,NL-NB,2026-07-01,2026-07-31,Monthly,,KG,2.737,2.737,2673.97900390625,xgboost_feat
Blueberry_Duke,AH,NL-NB,2026-08-01,2026-08-31,Monthly,,KG,2.737,2.737,2670.74267578125,xgboost_feat
Blueberry_Duke,AH,NL-NB,2026-09-01,2026-09-30,Monthly,,KG,2.737,2.737,2678.937255859375,xgboost_feat
Blueberry_Duke,AH,NL-NB,2026-10-01,2026-10-31,Monthly,,KG,2.737,2.737,2903.13232421875,xgboost_feat
Blueberry_Duke,AH,NL-NB,2026-11-01,2026-11-30,Monthly,,KG,2.737,2.737,3064.22607421875,xgboost_feat
Blueberry_Duke,AH,NL-NB,2026-12-01,2026-12-31,Monthly,,KG,2.737,2.737,3069.513427734375,xgboost_feat
Blueberry_Duke,AH,NL-NB,2027-01-01,2027-01-31,Monthly,,KG,2.737,2.737,3014.0126953125,xgboost_feat
Blueberry_Duke,AH,NL-NH,2026-02-01,2026-02-28,Monthly,,KG,2.834,2.834,3104.67236328125,xgboost_feat
Blueberry_Duke,AH,NL-NH,2026-03-01,2026-03-31,Monthly,,KG,2.834,2.834,3070.62744140625,xgboost_feat
Blueberry_Duke,AH,NL-NH,2026-04-01,2026-04-30,Monthly,,KG,2.834,2.834,2982.39404296875,xgboost_feat
Blueberry_Duke,AH,NL-NH,2026-05-01,2026-05-31,Monthly,,KG,2.834,2.834,2955.29150390625,xgboost_feat
Blueberry_Duke,AH,NL-NH,2026-06-01,2026-06-30,Monthly,,KG,2.834,2.834,2673.26904296875,xgboost_feat
Blueberry_Duke,AH,NL-NH,2026-07-01,2026-07-31,Monthly,,KG,2.834,2.834,2671.7060546875,xgboost_feat
Blueberry_Duke,AH,NL-NH,2026-08-01,2026-08-31,Monthly,,KG,2.834,2.834,2710.130126953125,xgboost_feat
Blueberry_Duke,AH,NL-NH,2026-09-01,2026-09-30,Monthly,,KG,2.834,2.834,2655.393798828125,xgboost_feat
Blueberry_Duke,AH,NL-NH,2026-10-01,2026-10-31,Monthly,,KG,2.834,2.834,2881.820068359375,xgboost_feat
Blueberry_Duke,AH,NL-NH,2026-11-01,2026-11-30,Monthly,,KG,2.834,2.834,2958.506591796875,xgboost_feat
Blueberry_Duke,AH,NL-NH,2026-12-01,2026-12-31,Monthly,,KG,2.834,2.834,3059.76806640625,xgboost_feat
Blueberry_Duke,AH,NL-NH,2027-01-01,2027-01-31,Monthly,,KG,2.834,2.834,3013.817626953125,xgboost_feat
Blueberry_Duke,AH,NL-ZH,2026-02-01,2026-02-28,Monthly,,KG,2.932,2.932,3104.682861328125,xgboost_feat
Blueberry_Duke,AH,NL-ZH,2026-03-01,2026-03-31,Monthly,,KG,2.932,2.932,3111.051513671875,xgboost_feat
Blueberry_Duke,AH,NL-ZH,2026-04-01,2026-04-30,Monthly,,KG,2.932,2.932,2982.547607421875,xgboost_feat
Blueberry_Duke,AH,NL-ZH,2026-05-01,2026-05-31,Monthly,,KG,2.932,2.932,2724.72607421875,xgboost_feat
Blueberry_Duke,AH,NL-ZH,2026-06-01,2026-06-30,Monthly,,KG,2.932,2.932,2686.8876953125,xgboost_feat
Blueberry_Duke,AH,NL-ZH,2026-07-01,2026-07-31,Monthly,,KG,2.932,2.932,2671.84619140625,xgboost_feat
Blueberry_Duke,AH,NL-ZH,2026-08-01,2026-08-31,Monthly,,KG,2.932,2.932,2679.0498046875,xgboost_feat
Blueberry_Duke,AH,NL-ZH,2026-09-01,2026-09-30,Monthly,,KG,2.932,2.932,2658.9130859375,xgboost_feat
Blueberry_Duke,AH,NL-ZH,2026-10-01,2026-10-31,Monthly,,KG,2.932,2.932,2894.270751953125,xgboost_feat
Blueberry_Duke,AH,NL-ZH,2026-11-01,2026-11-30,Monthly,,KG,2.932,2.932,2967.547607421875,xgboost_feat
Blueberry_Duke,AH,NL-ZH,2026-12-01,2026-12-31,Monthly,,KG,2.932,2.932,3137.543701171875,xgboost_feat
Blueberry_Duke,AH,NL-ZH,2027-01-01,2027-01-31,Monthly,,KG,2.932,2.932,3046.687744140625,xgboost_feat
Blueberry_Duke,FLINK,NL-GE,2026-02-01,2026-02-28,Monthly,,KG,2.675,2.675,3092.9384765625,xgboost_feat
Blueberry_Duke,FLINK,NL-GE,2026-03-01,2026-03-31,Monthly,,KG,2.675,2.675,3039.753173828125,xgboost_feat
Blueberry_Duke,FLINK,NL-GE,2026-04-01,2026-04-30,Monthly,,KG,2.675,2.675,2965.87060546875,xgboost_feat
Blueberry_Duke,FLINK,NL-GE,2026-05-01,2026-05-31,Monthly,,KG,2.675,2.675,2618.4404296875,xgboost_feat
Blueberry_Duke,FLINK,NL-GE,2026-06-01,2026-06-30,Monthly,,KG,2.675,2.675,2478.14599609375,xgboost_feat
Blueberry_Duke,FLINK,NL-GE,2026-07-01,2026-07-31,Monthly,,KG,2.675,2.675,2475.587158203125,xgboost_feat
Blueberry_Duke,FLINK,NL-GE,2026-08-01,2026-08-31,Monthly,,KG,2.675,2.675,2538.156982421875,xgboost_feat
Blueberry_Duke,FLINK,NL-GE,2026-09-01,2026-09-30,Monthly,,KG,2.675,2.675,2538.142578125,xgboost_feat
Blueberry_Duke,FLINK,NL-GE,2026-10-01,2026-10-31,Monthly,,KG,2.675,2.675,2846.576416015625,xgboost_feat
Blueberry_Duke,FLINK,NL-GE,2026-11-01,2026-11-30,Monthly,,KG,2.675,2.675,3011.84423828125,xgboost_feat
Blueberry_Duke,FLINK,NL-GE,2026-12-01,2026-12-31,Monthly,,KG,2.675,2.675,2991.2216796875,xgboost_feat
Blueberry_Duke,FLINK,NL-GE,2027-01-01,2027-01-31,Monthly,,KG,2.675,2.675,2996.155029296875,xgboost_feat
Blueberry_Duke,FLINK,NL-NB,2026-02-01,2026-02-28,Monthly,,KG,2.714,2.714,3072.935546875,xgboost_feat
Blueberry_Duke,FLINK,NL-NB,2026-03-01,2026-03-31,Monthly,,KG,2.714,2.714,2988.093505859375,xgboost_feat
Blueberry_Duke,FLINK,NL-NB,2026-04-01,2026-04-30,Monthly,,KG,2.714,2.714,2978.120849609375,xgboost_feat
Blueberry_Duke,FLINK,NL-NB,2026-05-01,2026-05-31,Monthly,,KG,2.714,2.714,2704.87060546875,xgboost_feat
Blueberry_Duke,FLINK,NL-NB,2026-06-01,2026-06-30,Monthly,,KG,2.714,2.714,2689.720947265625,xgboost_feat
Blueberry_Duke,FLINK,NL-NB,2026-07-01,2026-07-31,Monthly,,KG,2.714,2.714,2674.389404296875,xgboost_feat
Blueberry_Duke,FLINK,NL-NB,2026-08-01,2026-08-31,Monthly,,KG,2.714,2.714,2670.38232421875,xgboost_feat
Blueberry_Duke,FLINK,NL-NB,2026-09-01,2026-09-30,Monthly,,KG,2.714,2.714,2655.32568359375,xgboost_feat
Blueberry_Duke,FLINK,NL-NB,2026-10-01,2026-10-31,Monthly,,KG,2.714,2.714,2900.9384765625,xgboost_feat
Blueberry_Duke,FLINK,NL-NB,2026-11-01,2026-11-30,Monthly,,KG,2.714,2.714,3048.975830078125,xgboost_feat
Blueberry_Duke,FLINK,NL-NB,2026-12-01,2026-12-31,Monthly,,KG,2.714,2.714,3068.5859375,xgboost_feat
Blueberry_Duke,FLINK,NL-NB,2027-01-01,2027-01-31,Monthly,,KG,2.714,2.714,3012.968505859375,xgboost_feat
Blueberry_Duke,FLINK,NL-NH,2026-02-01,2026-02-28,Monthly,,KG,2.824,2.824,3105.52099609375,xgboost_feat
Blueberry_Duke,FLINK,NL-NH,2026-03-01,2026-03-31,Monthly,,KG,2.824,2.824,3059.0634765625,xgboost_feat
Blueberry_Duke,FLINK,NL-NH,2026-04-01,2026-04-30,Monthly,,KG,2.824,2.824,2978.597900390625,xgboost_feat
Blueberry_Duke,FLINK,NL-NH,2026-05-01,2026-05-31,Monthly,,KG,2.824,2.824,2952.318115234375,xgboost_feat
Blueberry_Duke,FLINK,NL-NH,2026-06-01,2026-06-30,Monthly,,KG,2.824,2.824,2674.252197265625,xgboost_feat
Blueberry_Duke,FLINK,NL-NH,2026-07-01,2026-07-31,Monthly,,KG,2.824,2.824,2672.5283203125,xgboost_feat
Blueberry_Duke,FLINK,NL-NH,2026-08-01,2026-08-31,Monthly,,KG,2.824,2.824,2682.517578125,xgboost_feat
Blueberry_Duke,FLINK,NL-NH,2026-09-01,2026-09-30,Monthly,,KG,2.824,2.824,2655.04296875,xgboost_feat
Blueberry_Duke,FLINK,NL-NH,2026-10-01,2026-10-31,Monthly,,KG,2.824,2.824,2868.1826171875,xgboost_feat
Blueberry_Duke,FLINK,NL-NH,2026-11-01,2026-11-30,Monthly,,KG,2.824,2.824,2944.93505859375,xgboost_feat
Blueberry_Duke,FLINK,NL-NH,2026-12-01,2026-12-31,Monthly,,KG,2.824,2.824,3040.63427734375,xgboost_feat
Blueberry_Duke,FLINK,NL-NH,2027-01-01,2027-01-31,Monthly,,KG,2.824,2.824,3012.706787109375,xgboost_feat
Blueberry_Duke,FLINK,NL-ZH,2026-02-01,2026-02-28,Monthly,,KG,2.941,2.941,3072.935546875,xgboost_feat
Blueberry_Duke,FLINK,NL-ZH,2026-03-01,2026-03-31,Monthly,,KG,2.941,2.941,3052.083984375,xgboost_feat
Blueberry_Duke,FLINK,NL-ZH,2026-04-01,2026-04-30,Monthly,,KG,2.941,2.941,2978.597900390625,xgboost_feat
Blueberry_Duke,FLINK,NL-ZH,2026-05-01,2026-05-31,Monthly,,KG,2.941,2.941,2725.472900390625,xgboost_feat
Blueberry_Duke,FLINK,NL-ZH,2026-06-01,2026-06-30,Monthly,,KG,2.941,2.941,2686.9482421875,xgboost_feat
Blueberry_Duke,FLINK,NL-ZH,2026-07-01,2026-07-31,Monthly,,KG,2.941,2.941,2672.187255859375,xgboost_feat
Blueberry_Duke,FLINK,NL-ZH,2026-08-01,2026-08-31,Monthly,,KG,2.941,2.941,2655.695556640625,xgboost_feat
Blueberry_Duke,FLINK,NL-ZH,2026-09-01,2026-09-30,Monthly,,KG,2.941,2.941,2655.06005859375,xgboost_feat
Blueberry_Duke,FLINK,NL-ZH,2026-10-01,2026-10-31,Monthly,,KG,2.941,2.941,2868.1826171875,xgboost_feat
Blueberry_Duke,FLINK,NL-ZH,2026-11-01,2026-11-30,Monthly,,KG,2.941,2.941,2953.596435546875,xgboost_feat
Blueberry_Duke,FLINK,NL-ZH,2026-12-01,2026-12-31,Monthly,,KG,2.941,2.941,3040.6396484375,xgboost_feat
Blueberry_Duke,FLINK,NL-ZH,2027-01-01,2027-01-31,Monthly,,KG,2.941,2.941,3012.706787109375,xgboost_feat
Blueberry_Duke,GREENACRES,NL-GE,2026-02-01,2026-02-28,Monthly,,KG,2.725,2.725,3105.52099609375,xgboost_feat
Blueberry_Duke,GREENACRES,NL-GE,2026-03-01,2026-03-31,Monthly,,KG,2.725,2.725,3052.48046875,xgboost_feat
Blueberry_Duke,GREENACRES,NL-GE,2026-04-01,2026-04-30,Monthly,,KG,2.725,2.725,2978.597900390625,xgboost_feat
Blueberry_Duke,GREENACRES,NL-GE,2026-05-01,2026-05-31,Monthly,,KG,2.725,2.725,2724.732421875,xgboost_feat
Blueberry_Duke,GREENACRES,NL-GE,2026-06-01,2026-06-30,Monthly,,KG,2.725,2.725,2672.9208984375,xgboost_feat
Blueberry_Duke,GREENACRES,NL-GE,2026-07-01,2026-07-31,Monthly,,KG,2.725,2.725,2672.5625,xgboost_feat
Blueberry_Duke,GREENACRES,NL-GE,2026-08-01,2026-08-31,Monthly,,KG,2.725,2.725,2655.02587890625,xgboost_feat
Blueberry_Duke,GREENACRES,NL-GE,2026-09-01,2026-09-30,Monthly,,KG,2.725,2.725,2655.026611328125,xgboost_feat
Blueberry_Duke,GREENACRES,NL-GE,2026-10-01,2026-10-31,Monthly,,KG,2.725,2.725,2868.22900390625,xgboost_feat
Blueberry_Duke,GREENACRES,NL-GE,2026-11-01,2026-11-30,Monthly,,KG,2.725,2.725,3047.528564453125,xgboost_feat
Blueberry_Duke,GREENACRES,NL-GE,2026-12-01,2026-12-31,Monthly,,KG,2.725,2.725,3040.7568359375,xgboost_feat
Blueberry_Duke,GREENACRES,NL-GE,2027-01-01,2027-01-31,Monthly,,KG,2.725,2.725,3045.297119140625,xgboost_feat
Blueberry_Duke,GREENACRES,NL-NB,2026-02-01,2026-02-28,Monthly,,KG,2.77,2.77,3072.935546875,xgboost_feat
Blueberry_Duke,GREENACRES,NL-NB,2026-03-01,2026-03-31,Monthly,,KG,2.77,2.77,2988.093505859375,xgboost_feat
Blueberry_Duke,GREENACRES,NL-NB,2026-04-01,2026-04-30,Monthly,,KG,2.77,2.77,2978.12060546875,xgboost_feat
Blueberry_Duke,GREENACRES,NL-NB,2026-05-01,2026-05-31,Monthly,,KG,2.77,2.77,2704.87060546875,xgboost_feat
Blueberry_Duke,GREENACRES,NL-NB,2026-06-01,2026-06-30,Monthly,,KG,2.77,2.77,2689.720947265625,xgboost_feat
Blueberry_Duke,GREENACRES,NL-NB,2026-07-01,2026-07-31,Monthly,,KG,2.77,2.77,2674.3916015625,xgboost_feat
Blueberry_Duke,GREENACRES,NL-NB,2026-08-01,2026-08-31,Monthly,,KG,2.77,2.77,2670.38232421875,xgboost_feat
Blueberry_Duke,GREENACRES,NL-NB,2026-09-01,2026-09-30,Monthly,,KG,2.77,2.77,2655.32568359375,xgboost_feat
Blueberry_Duke,GREENACRES,NL-NB,2026-10-01,2026-10-31,Monthly,,KG,2.77,2.77,2900.9384765625,xgboost_feat
Blueberry_Duke,GREENACRES,NL-NB,2026-11-01,2026-11-30,Monthly,,KG,2.77,2.77,3048.975830078125,xgboost_feat
Blueberry_Duke,GREENACRES,NL-NB,2026-12-01,2026-12-31,Monthly,,KG,2.77,2.77,3068.5859375,xgboost_feat
Blueberry_Duke,GREENACRES,NL-NB,2027-01-01,2027-01-31,Monthly,,KG,2.77,2.77,3012.968505859375,xgboost_feat
Blueberry_Duke,GREENACRES,NL-NH,2026-02-01,2026-02-28,Monthly,,KG,2.881,2.881,3105.671875,xgboost_feat
Blueberry_Duke,GREENACRES,NL-NH,2026-03-01,2026-03-31,Monthly,,KG,2.881,2.881,3059.0634765625,xgboost_feat
Blueberry_Duke,GREENACRES,NL-NH,2026-04-01,2026-04-30,Monthly,,KG,2.881,2.881,2978.597900390625,xgboost_feat
Blueberry_Duke,GREENACRES,NL-NH,2026-05-01,2026-05-31,Monthly,,KG,2.881,2.881,2952.318115234375,xgboost_feat
Blueberry_Duke,GREENACRES,NL-NH,2026-06-01,2026-06-30,Monthly,,KG,2.881,2.881,2674.252197265625,xgboost_feat
Blueberry_Duke,GREENACRES,NL-NH,2026-07-01,2026-07-31,Monthly,,KG,2.881,2.881,2672.5283203125,xgboost_feat
Blueberry_Duke,GREENACRES,NL-NH,2026-08-01,2026-08-31,Monthly,,KG,2.881,2.881,2682.517578125,xgboost_feat
Blueberry_Duke,GREENACRES,NL-NH,2026-09-01,2026-09-30,Monthly,,KG,2.881,2.881,2655.04296875,xgboost_feat
Blueberry_Duke,GREENACRES,NL-NH,2026-10-01,2026-10-31,Monthly,,KG,2.881,2.881,2868.1826171875,xgboost_feat
Blueberry_Duke,GREENACRES,NL-NH,2026-11-01,2026-11-30,Monthly,,KG,2.881,2.881,2944.93505859375,xgboost_feat
Blueberry_Duke,GREENACRES,NL-NH,2026-12-01,2026-12-31,Monthly,,KG,2.881,2.881,3040.63427734375,xgboost_feat
Blueberry_Duke,GREENACRES,NL-NH,2027-01-01,2027-01-31,Monthly,,KG,2.881,2.881,3011.289794921875,xgboost_feat
Blueberry_Duke,GREENACRES,NL-ZH,2026-02-01,2026-02-28,Monthly,,KG,2.915,2.915,3100.8681640625,xgboost_feat
Blueberry_Duke,GREENACRES,NL-ZH,2026-03-01,2026-03-31,Monthly,,KG,2.915,2.915,3052.083984375,xgboost_feat
Blueberry_Duke,GREENACRES,NL-ZH,2026-04-01,2026-04-30,Monthly,,KG,2.915,2.915,2978.597900390625,xgboost_feat
Blueberry_Duke,GREENACRES,NL-ZH,2026-05-01,2026-05-31,Monthly,,KG,2.915,2.915,2725.472900390625,xgboost_feat
Blueberry_Duke,GREENACRES,NL-ZH,2026-06-01,2026-06-30,Monthly,,KG,2.915,2.915,2686.9482421875,xgboost_feat
Blueberry_Duke,GREENACRES,NL-ZH,2026-07-01,2026-07-31,Monthly,,KG,2.915,2.915,2672.189453125,xgboost_feat
Blueberry_Duke,GREENACRES,NL-ZH,2026-08-01,2026-08-31,Monthly,,KG,2.915,2.915,2655.695556640625,xgboost_feat
Blueberry_Duke,GREENACRES,NL-ZH,2026-09-01,2026-09-30,Monthly,,KG,2.915,2.915,2655.06005859375,xgboost_feat
Blueberry_Duke,GREENACRES,NL-ZH,2026-10-01,2026-10-31,Monthly,,KG,2.915,2.915,2868.1826171875,xgboost_feat
Blueberry_Duke,GREENACRES,NL-ZH,2026-11-01,2026-11-30,Monthly,,KG,2.915,2.915,2953.596435546875,xgboost_feat
Blueberry_Duke,GREENACRES,NL-ZH,2026-12-01,2026-12-31,Monthly,,KG,2.915,2.915,3040.6396484375,xgboost_feat
Blueberry_Duke,GREENACRES,NL-ZH,2027-01-01,2027-01-31,Monthly,,KG,2.915,2.915,3012.706787109375,xgboost_feat
Blueberry_Duke,HELLOFRESH,NL-GE,2026-02-01,2026-02-28,Monthly,,KG,2.652,2.652,3060.521484375,xgboost_feat
Blueberry_Duke,HELLOFRESH,NL-GE,2026-03-01,2026-03-31,Monthly,,KG,2.652,2.652,3040.069091796875,xgboost_feat
Blueberry_Duke,HELLOFRESH,NL-GE,2026-04-01,2026-04-30,Monthly,,KG,2.652,2.652,2966.186279296875,xgboost_feat
Blueberry_Duke,HELLOFRESH,NL-GE,2026-05-01,2026-05-31,Monthly,,KG,2.652,2.652,2618.807861328125,xgboost_feat
Blueberry_Duke,HELLOFRESH,NL-GE,2026-06-01,2026-06-30,Monthly,,KG,2.652,2.652,2478.49755859375,xgboost_feat
Blueberry_Duke,HELLOFRESH,NL-GE,2026-07-01,2026-07-31,Monthly,,KG,2.652,2.652,2475.910400390625,xgboost_feat
Blueberry_Duke,HELLOFRESH,NL-GE,2026-08-01,2026-08-31,Monthly,,KG,2.652,2.652,2538.486572265625,xgboost_feat
Blueberry_Duke,HELLOFRESH,NL-GE,2026-09-01,2026-09-30,Monthly,,KG,2.652,2.652,2538.47265625,xgboost_feat
Blueberry_Duke,HELLOFRESH,NL-GE,2026-10-01,2026-10-31,Monthly,,KG,2.652,2.652,2846.912109375,xgboost_feat
Blueberry_Duke,HELLOFRESH,NL-GE,2026-11-01,2026-11-30,Monthly,,KG,2.652,2.652,3012.173095703125,xgboost_feat
Blueberry_Duke,HELLOFRESH,NL-GE,2026-12-01,2026-12-31,Monthly,,KG,2.652,2.652,2991.559326171875,xgboost_feat
Blueberry_Duke,HELLOFRESH,NL-GE,2027-01-01,2027-01-31,Monthly,,KG,2.652,2.652,2996.4990234375,xgboost_feat
Blueberry_Duke,HELLOFRESH,NL-NB,2026-02-01,2026-02-28,Monthly,,KG,2.744,2.744,3072.935546875,xgboost_feat
Blueberry_Duke,HELLOFRESH,NL-NB,2026-03-01,2026-03-31,Monthly,,KG,2.744,2.744,2988.093505859375,xgboost_feat
Blueberry_Duke,HELLOFRESH,NL-NB,2026-04-01,2026-04-30,Monthly,,KG,2.744,2.744,2978.120849609375,xgboost_feat
Blueberry_Duke,HELLOFRESH,NL-NB,2026-05-01,2026-05-31,Monthly,,KG,2.744,2.744,2704.87060546875,xgboost_feat
Blueberry_Duke,HELLOFRESH,NL-NB,2026-06-01,2026-06-30,Monthly,,KG,2.744,2.744,2689.720947265625,xgboost_feat
Blueberry_Duke,HELLOFRESH,NL-NB,2026-07-01,2026-07-31,Monthly,,KG,2.744,2.744,2674.389404296875,xgboost_feat
Blueberry_Duke,HELLOFRESH,NL-NB,2026-08-01,2026-08-31,Monthly,,KG,2.744,2.744,2670.38232421875,xgboost_feat
Blueberry_Duke,HELLOFRESH,NL-NB,2026-09-01,2026-09-30,Monthly,,KG,2.744,2.744,2655.32568359375,xgboost_feat
Blueberry_Duke,HELLOFRESH,NL-NB,2026-10-01,2026-10-31,Monthly,,KG,2.744,2.744,2900.9384765625,xgboost_feat
Blueberry_Duke,HELLOFRESH,NL-NB,2026-11-01,2026-11-30,Monthly,,KG,2.744,2.744,3048.975830078125,xgboost_feat
Blueberry_Duke,HELLOFRESH,NL-NB,2026-12-01,2026-12-31,Monthly,,KG,2.744,2.744,3068.5859375,xgboost_feat
Blueberry_Duke,HELLOFRESH,NL-NB,2027-01-01,2027-01-31,Monthly,,KG,2.744,2.744,3012.968505859375,xgboost_feat
Blueberry_Duke,HELLOFRESH,NL-NH,2026-02-01,2026-02-28,Monthly,,KG,2.823,2.823,3105.52099609375,xgboost_feat
Blueberry_Duke,HELLOFRESH,NL-NH,2026-03-01,2026-03-31,Monthly,,KG,2.823,2.823,3059.0634765625,xgboost_feat
Blueberry_Duke,HELLOFRESH,NL-NH,2026-04-01,2026-04-30,Monthly,,KG,2.823,2.823,2978.597900390625,xgboost_feat
Blueberry_Duke,HELLOFRESH,NL-NH,2026-05-01,2026-05-31,Monthly,,KG,2.823,2.823,2952.318115234375,xgboost_feat
Blueberry_Duke,HELLOFRESH,NL-NH,2026-06-01,2026-06-30,Monthly,,KG,2.823,2.823,2674.252197265625,xgboost_feat
Blueberry_Duke,HELLOFRESH,NL-NH,2026-07-01,2026-07-31,Monthly,,KG,2.823,2.823,2672.5283203125,xgboost_feat
Blueberry_Duke,HELLOFRESH,NL-NH,2026-08-01,2026-08-31,Monthly,,KG,2.823,2.823,2682.517578125,xgboost_feat
Blueberry_Duke,HELLOFRESH,NL-NH,2026-09-01,2026-09-30,Monthly,,KG,2.823,2.823,2655.04296875,xgboost_feat
Blueberry_Duke,HELLOFRESH,NL-NH,2026-10-01,2026-10-31,Monthly,,KG,2.823,2.823,2868.1826171875,xgboost_feat
Blueberry_Duke,HELLOFRESH,NL-NH,2026-11-01,2026-11-30,Monthly,,KG,2.823,2.823,2944.93505859375,xgboost_feat
Blueberry_Duke,HELLOFRESH,NL-NH,2026-12-01,2026-12-31,Monthly,,KG,2.823,2.823,3040.63427734375,xgboost_feat
Blueberry_Duke,HELLOFRESH,NL-NH,2027-01-01,2027-01-31,Monthly,,KG,2.823,2.823,3012.706787109375,xgboost_feat
Blueberry_Duke,HELLOFRESH,NL-ZH,2026-02-01,2026-02-28,Monthly,,KG,2.994,2.994,3105.67138671875,xgboost_feat
Blueberry_Duke,HELLOFRESH,NL-ZH,2026-03-01,2026-03-31,Monthly,,KG,2.994,2.994,3052.083984375,xgboost_feat
Blueberry_Duke,HELLOFRESH,NL-ZH,2026-04-01,2026-04-30,Monthly,,KG,2.994,2.994,2978.597900390625,xgboost_feat
Blueberry_Duke,HELLOFRESH,NL-ZH,2026-05-01,2026-05-31,Monthly,,KG,2.994,2.994,2725.401611328125,xgboost_feat
Blueberry_Duke,HELLOFRESH,NL-ZH,2026-06-01,2026-06-30,Monthly,,KG,2.994,2.994,2686.9482421875,xgboost_feat
Blueberry_Duke,HELLOFRESH,NL-ZH,2026-07-01,2026-07-31,Monthly,,KG,2.994,2.994,2672.187255859375,xgboost_feat
Blueberry_Duke,HELLOFRESH,NL-ZH,2026-08-01,2026-08-31,Monthly,,KG,2.994,2.994,2655.695556640625,xgboost_feat
Blueberry_Duke,HELLOFRESH,NL-ZH,2026-09-01,2026-09-30,Monthly,,KG,2.994,2.994,2655.06005859375,xgboost_feat
Blueberry_Duke,HELLOFRESH,NL-ZH,2026-10-01,2026-10-31,Monthly,,KG,2.994,2.994,2868.1826171875,xgboost_feat
Blueberry_Duke,HELLOFRESH,NL-ZH,2026-11-01,2026-11-30,Monthly,,KG,2.994,2.994,2953.596435546875,xgboost_feat
Blueberry_Duke,HELLOFRESH,NL-ZH,2026-12-01,2026-12-31,Monthly,,KG,2.994,2.994,3040.6396484375,xgboost_feat
Blueberry_Duke,HELLOFRESH,NL-ZH,2027-01-01,2027-01-31,Monthly,,KG,2.994,2.994,3012.706787109375,xgboost_feat
Blueberry_Duke,HOLLANDFOODSERVICE,NL-GE,2026-02-01,2026-02-28,Monthly,,KG,2.694,2.694,3105.67138671875,xgboost_feat
Blueberry_Duke,HOLLANDFOODSERVICE,NL-GE,2026-03-01,2026-03-31,Monthly,,KG,2.694,2.694,3052.48046875,xgboost_feat
Blueberry_Duke,HOLLANDFOODSERVICE,NL-GE,2026-04-01,2026-04-30,Monthly,,KG,2.694,2.694,2978.597900390625,xgboost_feat
Blueberry_Duke,HOLLANDFOODSERVICE,NL-GE,2026-05-01,2026-05-31,Monthly,,KG,2.694,2.694,2724.732421875,xgboost_feat
Blueberry_Duke,HOLLANDFOODSERVICE,NL-GE,2026-06-01,2026-06-30,Monthly,,KG,2.694,2.694,2672.9208984375,xgboost_feat
Blueberry_Duke,HOLLANDFOODSERVICE,NL-GE,2026-07-01,2026-07-31,Monthly,,KG,2.694,2.694,2672.5625,xgboost_feat
Blueberry_Duke,HOLLANDFOODSERVICE,NL-GE,2026-08-01,2026-08-31,Monthly,,KG,2.694,2.694,2655.02587890625,xgboost_feat
Blueberry_Duke,HOLLANDFOODSERVICE,NL-GE,2026-09-01,2026-09-30,Monthly,,KG,2.694,2.694,2655.026611328125,xgboost_feat
Blueberry_Duke,HOLLANDFOODSERVICE,NL-GE,2026-10-01,2026-10-31,Monthly,,KG,2.694,2.694,2868.22900390625,xgboost_feat
Blueberry_Duke,HOLLANDFOODSERVICE,NL-GE,2026-11-01,2026-11-30,Monthly,,KG,2.694,2.694,3047.528564453125,xgboost_feat
Blueberry_Duke,HOLLANDFOODSERVICE,NL-GE,2026-12-01,2026-12-31,Monthly,,KG,2.694,2.694,3040.7568359375,xgboost_feat
Blueberry_Duke,HOLLANDFOODSERVICE,NL-GE,2027-01-01,2027-01-31,Monthly,,KG,2.694,2.694,3045.297119140625,xgboost_feat
Blueberry_Duke,HOLLANDFOODSERVICE,NL-NB,2026-02-01,2026-02-28,Monthly,,KG,2.737,2.737,3072.935546875,xgboost_feat
Blueberry_Duke,HOLLANDFOODSERVICE,NL-NB,2026-03-01,2026-03-31,Monthly,,KG,2.737,2.737,2988.093505859375,xgboost_feat
Blueberry_Duke,HOLLANDFOODSERVICE,NL-NB,2026-04-01,2026-04-30,Monthly,,KG,2.737,2.737,2978.12060546875,xgboost_feat
Blueberry_Duke,HOLLANDFOODSERVICE,NL-NB,2026-05-01,2026-05-31,Monthly,,KG,2.737,2.737,2704.87060546875,xgboost_feat
Blueberry_Duke,HOLLANDFOODSERVICE,NL-NB,2026-06-01,2026-06-30,Monthly,,KG,2.737,2.737,2689.720947265625,xgboost_feat
Blueberry_Duke,HOLLANDFOODSERVICE,NL-NB,2026-07-01,2026-07-31,Monthly,,KG,2.737,2.737,2674.3916015625,xgboost_feat
Blueberry_Duke,HOLLANDFOODSERVICE,NL-NB,2026-08-01,2026-08-31,Monthly,,KG,2.737,2.737,2670.38232421875,xgboost_feat
Blueberry_Duke,HOLLANDFOODSERVICE,NL-NB,2026-09-01,2026-09-30,Monthly,,KG,2.737,2.737,2655.32568359375,xgboost_feat
Blueberry_Duke,HOLLANDFOODSERVICE,NL-NB,2026-10-01,2026-10-31,Monthly,,KG,2.737,2.737,2900.9384765625,xgboost_feat
Blueberry_Duke,HOLLANDFOODSERVICE,NL-NB,2026-11-01,2026-11-30,Monthly,,KG,2.737,2.737,3048.975830078125,xgboost_feat
Blueberry_Duke,HOLLANDFOODSERVICE,NL-NB,2026-12-01,2026-12-31,Monthly,,KG,2.737,2.737,3068.5859375,xgboost_feat
Blueberry_Duke,HOLLANDFOODSERVICE,NL-NB,2027-01-01,2027-01-31,Monthly,,KG,2.737,2.737,3011.420166015625,xgboost_feat
Blueberry_Duke,HOLLANDFOODSERVICE,NL-NH,2026-02-01,2026-02-28,Monthly,,KG,2.863,2.863,3105.52099609375,xgboost_feat
Blueberry_Duke,HOLLANDFOODSERVICE,NL-NH,2026-03-01,2026-03-31,Monthly,,KG,2.863,2.863,3059.0634765625,xgboost_feat
Blueberry_Duke,HOLLANDFOODSERVICE,NL-NH,2026-04-01,2026-04-30,Monthly,,KG,2.863,2.863,2978.597900390625,xgboost_feat
Blueberry_Duke,HOLLANDFOODSERVICE,NL-NH,2026-05-01,2026-05-31,Monthly,,KG,2.863,2.863,2952.318115234375,xgboost_feat
Blueberry_Duke,HOLLANDFOODSERVICE,NL-NH,2026-06-01,2026-06-30,Monthly,,KG,2.863,2.863,2674.252197265625,xgboost_feat
Blueberry_Duke,HOLLANDFOODSERVICE,NL-NH,2026-07-01,2026-07-31,Monthly,,KG,2.863,2.863,2672.5283203125,xgboost_feat
Blueberry_Duke,HOLLANDFOODSERVICE,NL-NH,2026-08-01,2026-08-31,Monthly,,KG,2.863,2.863,2682.517578125,xgboost_feat
Blueberry_Duke,HOLLANDFOODSERVICE,NL-NH,2026-09-01,2026-09-30,Monthly,,KG,2.863,2.863,2655.04296875,xgboost_feat
Blueberry_Duke,HOLLANDFOODSERVICE,NL-NH,2026-10-01,2026-10-31,Monthly,,KG,2.863,2.863,2868.1826171875,xgboost_feat
Blueberry_Duke,HOLLANDFOODSERVICE,NL-NH,2026-11-01,2026-11-30,Monthly,,KG,2.863,2.863,2944.93505859375,xgboost_feat
Blueberry_Duke,HOLLANDFOODSERVICE,NL-NH,2026-12-01,2026-12-31,Monthly,,KG,2.863,2.863,3040.63427734375,xgboost_feat
Blueberry_Duke,HOLLANDFOODSERVICE,NL-NH,2027-01-01,2027-01-31,Monthly,,KG,2.863,2.863,3011.289794921875,xgboost_feat
Blueberry_Duke,HOLLANDFOODSERVICE,NL-ZH,2026-02-01,2026-02-28,Monthly,,KG,2.925,2.925,3105.67138671875,xgboost_feat
Blueberry_Duke,HOLLANDFOODSERVICE,NL-ZH,2026-03-01,2026-03-31,Monthly,,KG,2.925,2.925,3052.083984375,xgboost_feat
Blueberry_Duke,HOLLANDFOODSERVICE,NL-ZH,2026-04-01,2026-04-30,Monthly,,KG,2.925,2.925,2978.597900390625,xgboost_feat
Blueberry_Duke,HOLLANDFOODSERVICE,NL-ZH,2026-05-01,2026-05-31,Monthly,,KG,2.925,2.925,2725.401611328125,xgboost_feat
Blueberry_Duke,HOLLANDFOODSERVICE,NL-ZH,2026-06-01,2026-06-30,Monthly,,KG,2.925,2.925,2686.9482421875,xgboost_feat
Blueberry_Duke,HOLLANDFOODSERVICE,NL-ZH,2026-07-01,2026-07-31,Monthly,,KG,2.925,2.925,2672.189453125,xgboost_feat
Blueberry_Duke,HOLLANDFOODSERVICE,NL-ZH,2026-08-01,2026-08-31,Monthly,,KG,2.925,2.925,2655.695556640625,xgboost_feat
Blueberry_Duke,HOLLANDFOODSERVICE,NL-ZH,2026-09-01,2026-09-30,Monthly,,KG,2.925,2.925,2655.06005859375,xgboost_feat
Blueberry_Duke,HOLLANDFOODSERVICE,NL-ZH,2026-10-01,2026-10-31,Monthly,,KG,2.925,2.925,2868.1826171875,xgboost_feat
Blueberry_Duke,HOLLANDFOODSERVICE,NL-ZH,2026-11-01,2026-11-30,Monthly,,KG,2.925,2.925,2953.596435546875,xgboost_feat
Blueberry_Duke,HOLLANDFOODSERVICE,NL-ZH,2026-12-01,2026-12-31,Monthly,,KG,2.925,2.925,3040.6396484375,xgboost_feat
Blueberry_Duke,HOLLANDFOODSERVICE,NL-ZH,2027-01-01,2027-01-31,Monthly,,KG,2.925,2.925,3012.706787109375,xgboost_feat
Blueberry_Duke,JUMBO,NL-GE,2026-02-01,2026-02-28,Monthly,,KG,2.655,2.655,3088.126953125,xgboost_feat
Blueberry_Duke,JUMBO,NL-GE,2026-03-01,2026-03-31,Monthly,,KG,2.655,2.655,3040.123046875,xgboost_feat
Blueberry_Duke,JUMBO,NL-GE,2026-04-01,2026-04-30,Monthly,,KG,2.655,2.655,2966.14990234375,xgboost_feat
Blueberry_Duke,JUMBO,NL-GE,2026-05-01,2026-05-31,Monthly,,KG,2.655,2.655,2617.98681640625,xgboost_feat
Blueberry_Duke,JUMBO,NL-GE,2026-06-01,2026-06-30,Monthly,,KG,2.655,2.655,2477.487060546875,xgboost_feat
Blueberry_Duke,JUMBO,NL-GE,2026-07-01,2026-07-31,Monthly,,KG,2.655,2.655,2474.93505859375,xgboost_feat
Blueberry_Duke,JUMBO,NL-GE,2026-08-01,2026-08-31,Monthly,,KG,2.655,2.655,2538.774169921875,xgboost_feat
Blueberry_Duke,JUMBO,NL-GE,2026-09-01,2026-09-30,Monthly,,KG,2.655,2.655,2538.76025390625,xgboost_feat
Blueberry_Duke,JUMBO,NL-GE,2026-10-01,2026-10-31,Monthly,,KG,2.655,2.655,2849.384521484375,xgboost_feat
Blueberry_Duke,JUMBO,NL-GE,2026-11-01,2026-11-30,Monthly,,KG,2.655,2.655,3014.1025390625,xgboost_feat
Blueberry_Duke,JUMBO,NL-GE,2026-12-01,2026-12-31,Monthly,,KG,2.655,2.655,3011.756591796875,xgboost_feat
Blueberry_Duke,JUMBO,NL-GE,2027-01-01,2027-01-31,Monthly,,KG,2.655,2.655,2998.962158203125,xgboost_feat
Blueberry_Duke,JUMBO,NL-NB,2026-02-01,2026-02-28,Monthly,,KG,2.741,2.741,3105.53125,xgboost_feat
Blueberry_Duke,JUMBO,NL-NB,2026-03-01,2026-03-31,Monthly,,KG,2.741,2.741,3003.583984375,xgboost_feat
Blueberry_Duke,JUMBO,NL-NB,2026-04-01,2026-04-30,Monthly,,KG,2.741,2.741,2978.1650390625,xgboost_feat
Blueberry_Duke,JUMBO,NL-NB,2026-05-01,2026-05-31,Monthly,,KG,2.741,2.741,2704.013916015625,xgboost_feat
Blueberry_Duke,JUMBO,NL-NB,2026-06-01,2026-06-30,Monthly,,KG,2.741,2.741,2687.447998046875,xgboost_feat
Blueberry_Duke,JUMBO,NL-NB,2026-07-01,2026-07-31,Monthly,,KG,2.741,2.741,2674.091796875,xgboost_feat
Blueberry_Duke,JUMBO,NL-NB,2026-08-01,2026-08-31,Monthly,,KG,2.741,2.741,2670.74267578125,xgboost_feat
Blueberry_Duke,JUMBO,NL-NB,2026-09-01,2026-09-30,Monthly,,KG,2.741,2.741,2676.614013671875,xgboost_feat
Blueberry_Duke,JUMBO,NL-NB,2026-10-01,2026-10-31,Monthly,,KG,2.741,2.741,2903.13232421875,xgboost_feat
Blueberry_Duke,JUMBO,NL-NB,2026-11-01,2026-11-30,Monthly,,KG,2.741,2.741,3050.9052734375,xgboost_feat
Blueberry_Duke,JUMBO,NL-NB,2026-12-01,2026-12-31,Monthly,,KG,2.741,2.741,3085.384521484375,xgboost_feat
Blueberry_Duke,JUMBO,NL-NB,2027-01-01,2027-01-31,Monthly,,KG,2.741,2.741,3046.62890625,xgboost_feat
Blueberry_Duke,JUMBO,NL-NH,2026-02-01,2026-02-28,Monthly,,KG,2.825,2.825,3105.681640625,xgboost_feat
Blueberry_Duke,JUMBO,NL-NH,2026-03-01,2026-03-31,Monthly,,KG,2.825,2.825,3071.10498046875,xgboost_feat
Blueberry_Duke,JUMBO,NL-NH,2026-04-01,2026-04-30,Monthly,,KG,2.825,2.825,2978.599609375,xgboost_feat
Blueberry_Duke,JUMBO,NL-NH,2026-05-01,2026-05-31,Monthly,,KG,2.825,2.825,2951.46142578125,xgboost_feat
Blueberry_Duke,JUMBO,NL-NH,2026-06-01,2026-06-30,Monthly,,KG,2.825,2.825,2673.39599609375,xgboost_feat
Blueberry_Duke,JUMBO,NL-NH,2026-07-01,2026-07-31,Monthly,,KG,2.825,2.825,2671.7060546875,xgboost_feat
Blueberry_Duke,JUMBO,NL-NH,2026-08-01,2026-08-31,Monthly,,KG,2.825,2.825,2682.82470703125,xgboost_feat
Blueberry_Duke,JUMBO,NL-NH,2026-09-01,2026-09-30,Monthly,,KG,2.825,2.825,2655.425048828125,xgboost_feat
Blueberry_Duke,JUMBO,NL-NH,2026-10-01,2026-10-31,Monthly,,KG,2.825,2.825,2870.410888671875,xgboost_feat
Blueberry_Duke,JUMBO,NL-NH,2026-11-01,2026-11-30,Monthly,,KG,2.825,2.825,2945.808837890625,xgboost_feat
Blueberry_Duke,JUMBO,NL-NH,2026-12-01,2026-12-31,Monthly,,KG,2.825,2.825,3059.73876953125,xgboost_feat
Blueberry_Duke,JUMBO,NL-NH,2027-01-01,2027-01-31,Monthly,,KG,2.825,2.825,3013.817626953125,xgboost_feat
Blueberry_Duke,JUMBO,NL-ZH,2026-02-01,2026-02-28,Monthly,,KG,2.954,2.954,3105.6552734375,xgboost_feat
Blueberry_Duke,JUMBO,NL-ZH,2026-03-01,2026-03-31,Monthly,,KG,2.954,2.954,3174.390625,xgboost_feat
Blueberry_Duke,JUMBO,NL-ZH,2026-04-01,2026-04-30,Monthly,,KG,2.954,2.954,2982.386474609375,xgboost_feat
Blueberry_Duke,JUMBO,NL-ZH,2026-05-01,2026-05-31,Monthly,,KG,2.954,2.954,2738.5205078125,xgboost_feat
Blueberry_Duke,JUMBO,NL-ZH,2026-06-01,2026-06-30,Monthly,,KG,2.954,2.954,2682.296142578125,xgboost_feat
Blueberry_Duke,JUMBO,NL-ZH,2026-07-01,2026-07-31,Monthly,,KG,2.954,2.954,2671.76611328125,xgboost_feat
Blueberry_Duke,JUMBO,NL-ZH,2026-08-01,2026-08-31,Monthly,,KG,2.954,2.954,2658.1513671875,xgboost_feat
Blueberry_Duke,JUMBO,NL-ZH,2026-09-01,2026-09-30,Monthly,,KG,2.954,2.954,2689.44189453125,xgboost_feat
Blueberry_Duke,JUMBO,NL-ZH,2026-10-01,2026-10-31,Monthly,,KG,2.954,2.954,2881.032470703125,xgboost_feat
Blueberry_Duke,JUMBO,NL-ZH,2026-11-01,2026-11-30,Monthly,,KG,2.954,2.954,2967.41552734375,xgboost_feat
Blueberry_Duke,JUMBO,NL-ZH,2026-12-01,2026-12-31,Monthly,,KG,2.954,2.954,3059.82958984375,xgboost_feat
Blueberry_Duke,JUMBO,NL-ZH,2027-01-01,2027-01-31,Monthly,,KG,2.954,2.954,3013.817626953125,xgboost_feat
Blueberry_Duke,MELEDI,NL-GE,2026-02-01,2026-02-28,Monthly,,KG,2.647,2.647,3093.10693359375,xgboost_feat
Blueberry_Duke,MELEDI,NL-GE,2026-03-01,2026-03-31,Monthly,,KG,2.647,2.647,3040.069091796875,xgboost_feat
Blueberry_Duke,MELEDI,NL-GE,2026-04-01,2026-04-30,Monthly,,KG,2.647,2.647,2966.186279296875,xgboost_feat
Blueberry_Duke,MELEDI,NL-GE,2026-05-01,2026-05-31,Monthly,,KG,2.647,2.647,2618.807861328125,xgboost_feat
Blueberry_Duke,MELEDI,NL-GE,2026-06-01,2026-06-30,Monthly,,KG,2.647,2.647,2478.49755859375,xgboost_feat
Blueberry_Duke,MELEDI,NL-GE,2026-07-01,2026-07-31,Monthly,,KG,2.647,2.647,2475.910400390625,xgboost_feat
Blueberry_Duke,MELEDI,NL-GE,2026-08-01,2026-08-31,Monthly,,KG,2.647,2.647,2538.486572265625,xgboost_feat
Blueberry_Duke,MELEDI,NL-GE,2026-09-01,2026-09-30,Monthly,,KG,2.647,2.647,2538.47265625,xgboost_feat
Blueberry_Duke,MELEDI,NL-GE,2026-10-01,2026-10-31,Monthly,,KG,2.647,2.647,2846.912109375,xgboost_feat
Blueberry_Duke,MELEDI,NL-GE,2026-11-01,2026-11-30,Monthly,,KG,2.647,2.647,3012.173095703125,xgboost_feat
Blueberry_Duke,MELEDI,NL-GE,2026-12-01,2026-12-31,Monthly,,KG,2.647,2.647,2991.559326171875,xgboost_feat
Blueberry_Duke,MELEDI,NL-GE,2027-01-01,2027-01-31,Monthly,,KG,2.647,2.647,2996.4990234375,xgboost_feat
Blueberry_Duke,MELEDI,NL-NB,2026-02-01,2026-02-28,Monthly,,KG,2.726,2.726,3072.935546875,xgboost_feat
Blueberry_Duke,MELEDI,NL-NB,2026-03-01,2026-03-31,Monthly,,KG,2.726,2.726,2988.093505859375,xgboost_feat
Blueberry_Duke,MELEDI,NL-NB,2026-04-01,2026-04-30,Monthly,,KG,2.726,2.726,2978.12060546875,xgboost_feat
Blueberry_Duke,MELEDI,NL-NB,2026-05-01,2026-05-31,Monthly,,KG,2.726,2.726,2704.87060546875,xgboost_feat
Blueberry_Duke,MELEDI,NL-NB,2026-06-01,2026-06-30,Monthly,,KG,2.726,2.726,2689.720947265625,xgboost_feat
Blueberry_Duke,MELEDI,NL-NB,2026-07-01,2026-07-31,Monthly,,KG,2.726,2.726,2674.3916015625,xgboost_feat
Blueberry_Duke,MELEDI,NL-NB,2026-08-01,2026-08-31,Monthly,,KG,2.726,2.726,2670.38232421875,xgboost_feat
Blueberry_Duke,MELEDI,NL-NB,2026-09-01,2026-09-30,Monthly,,KG,2.726,2.726,2655.32568359375,xgboost_feat
Blueberry_Duke,MELEDI,NL-NB,2026-10-01,2026-10-31,Monthly,,KG,2.726,2.726,2900.9384765625,xgboost_feat
Blueberry_Duke,MELEDI,NL-NB,2026-11-01,2026-11-30,Monthly,,KG,2.726,2.726,3048.975830078125,xgboost_feat
Blueberry_Duke,MELEDI,NL-NB,2026-12-01,2026-12-31,Monthly,,KG,2.726,2.726,3068.5859375,xgboost_feat
Blueberry_Duke,MELEDI,NL-NB,2027-01-01,2027-01-31,Monthly,,KG,2.726,2.726,3012.968505859375,xgboost_feat
Blueberry_Duke,MELEDI,NL-NH,2026-02-01,2026-02-28,Monthly,,KG,2.861,2.861,3100.54150390625,xgboost_feat
Blueberry_Duke,MELEDI,NL-NH,2026-03-01,2026-03-31,Monthly,,KG,2.861,2.861,3059.0634765625,xgboost_feat
Blueberry_Duke,MELEDI,NL-NH,2026-04-01,2026-04-30,Monthly,,KG,2.861,2.861,2978.597900390625,xgboost_feat
Blueberry_Duke,MELEDI,NL-NH,2026-05-01,2026-05-31,Monthly,,KG,2.861,2.861,2952.318115234375,xgboost_feat
Blueberry_Duke,MELEDI,NL-NH,2026-06-01,2026-06-30,Monthly,,KG,2.861,2.861,2674.252197265625,xgboost_feat
Blueberry_Duke,MELEDI,NL-NH,2026-07-01,2026-07-31,Monthly,,KG,2.861,2.861,2672.5283203125,xgboost_feat
Blueberry_Duke,MELEDI,NL-NH,2026-08-01,2026-08-31,Monthly,,KG,2.861,2.861,2682.517578125,xgboost_feat
Blueberry_Duke,MELEDI,NL-NH,2026-09-01,2026-09-30,Monthly,,KG,2.861,2.861,2655.04296875,xgboost_feat
Blueberry_Duke,MELEDI,NL-NH,2026-10-01,2026-10-31,Monthly,,KG,2.861,2.861,2868.1826171875,xgboost_feat
Blueberry_Duke,MELEDI,NL-NH,2026-11-01,2026-11-30,Monthly,,KG,2.861,2.861,2944.93505859375,xgboost_feat
Blueberry_Duke,MELEDI,NL-NH,2026-12-01,2026-12-31,Monthly,,KG,2.861,2.861,3040.63427734375,xgboost_feat
Blueberry_Duke,MELEDI,NL-NH,2027-01-01,2027-01-31,Monthly,,KG,2.861,2.861,3011.177978515625,xgboost_feat
Blueberry_Duke,MELEDI,NL-ZH,2026-02-01,2026-02-28,Monthly,,KG,2.965,2.965,3105.52099609375,xgboost_feat
Blueberry_Duke,MELEDI,NL-ZH,2026-03-01,2026-03-31,Monthly,,KG,2.965,2.965,3052.083984375,xgboost_feat
Blueberry_Duke,MELEDI,NL-ZH,2026-04-01,2026-04-30,Monthly,,KG,2.965,2.965,2978.597900390625,xgboost_feat
Blueberry_Duke,MELEDI,NL-ZH,2026-05-01,2026-05-31,Monthly,,KG,2.965,2.965,2725.401611328125,xgboost_feat
Blueberry_Duke,MELEDI,NL-ZH,2026-06-01,2026-06-30,Monthly,,KG,2.965,2.965,2686.9482421875,xgboost_feat
Blueberry_Duke,MELEDI,NL-ZH,2026-07-01,2026-07-31,Monthly,,KG,2.965,2.965,2672.189453125,xgboost_feat
Blueberry_Duke,MELEDI,NL-ZH,2026-08-01,2026-08-31,Monthly,,KG,2.965,2.965,2655.695556640625,xgboost_feat
Blueberry_Duke,MELEDI,NL-ZH,2026-09-01,2026-09-30,Monthly,,KG,2.965,2.965,2655.06005859375,xgboost_feat
Blueberry_Duke,MELEDI,NL-ZH,2026-10-01,2026-10-31,Monthly,,KG,2.965,2.965,2868.1826171875,xgboost_feat
Blueberry_Duke,MELEDI,NL-ZH,2026-11-01,2026-11-30,Monthly,,KG,2.965,2.965,2953.596435546875,xgboost_feat
Blueberry_Duke,MELEDI,NL-ZH,2026-12-01,2026-12-31,Monthly,,KG,2.965,2.965,3040.6396484375,xgboost_feat
Blueberry_Duke,MELEDI,NL-ZH,2027-01-01,2027-01-31,Monthly,,KG,2.965,2.965,3012.706787109375,xgboost_feat
Blueberry_Duke,PICNIC,NL-GE,2026-02-01,2026-02-28,Monthly,,KG,2.671,2.671,3060.20263671875,xgboost_feat
Blueberry_Duke,PICNIC,NL-GE,2026-03-01,2026-03-31,Monthly,,KG,2.671,2.671,3039.753173828125,xgboost_feat
Blueberry_Duke,PICNIC,NL-GE,2026-04-01,2026-04-30,Monthly,,KG,2.671,2.671,2965.87060546875,xgboost_feat
Blueberry_Duke,PICNIC,NL-GE,2026-05-01,2026-05-31,Monthly,,KG,2.671,2.671,2618.4404296875,xgboost_feat
Blueberry_Duke,PICNIC,NL-GE,2026-06-01,2026-06-30,Monthly,,KG,2.671,2.671,2478.14599609375,xgboost_feat
Blueberry_Duke,PICNIC,NL-GE,2026-07-01,2026-07-31,Monthly,,KG,2.671,2.671,2475.587158203125,xgboost_feat
Blueberry_Duke,PICNIC,NL-GE,2026-08-01,2026-08-31,Monthly,,KG,2.671,2.671,2538.156982421875,xgboost_feat
Blueberry_Duke,PICNIC,NL-GE,2026-09-01,2026-09-30,Monthly,,KG,2.671,2.671,2538.142578125,xgboost_feat
Blueberry_Duke,PICNIC,NL-GE,2026-10-01,2026-10-31,Monthly,,KG,2.671,2.671,2846.576416015625,xgboost_feat
Blueberry_Duke,PICNIC,NL-GE,2026-11-01,2026-11-30,Monthly,,KG,2.671,2.671,3011.84423828125,xgboost_feat
Blueberry_Duke,PICNIC,NL-GE,2026-12-01,2026-12-31,Monthly,,KG,2.671,2.671,2991.2216796875,xgboost_feat
Blueberry_Duke,PICNIC,NL-GE,2027-01-01,2027-01-31,Monthly,,KG,2.671,2.671,2996.155029296875,xgboost_feat
Blueberry_Duke,PICNIC,NL-NB,2026-02-01,2026-02-28,Monthly,,KG,2.796,2.796,3072.935546875,xgboost_feat
Blueberry_Duke,PICNIC,NL-NB,2026-03-01,2026-03-31,Monthly,,KG,2.796,2.796,2988.093505859375,xgboost_feat
Blueberry_Duke,PICNIC,NL-NB,2026-04-01,2026-04-30,Monthly,,KG,2.796,2.796,2978.120849609375,xgboost_feat
Blueberry_Duke,PICNIC,NL-NB,2026-05-01,2026-05-31,Monthly,,KG,2.796,2.796,2704.87060546875,xgboost_feat
Blueberry_Duke,PICNIC,NL-NB,2026-06-01,2026-06-30,Monthly,,KG,2.796,2.796,2689.720947265625,xgboost_feat
Blueberry_Duke,PICNIC,NL-NB,2026-07-01,2026-07-31,Monthly,,KG,2.796,2.796,2674.389404296875,xgboost_feat
Blueberry_Duke,PICNIC,NL-NB,2026-08-01,2026-08-31,Monthly,,KG,2.796,2.796,2670.38232421875,xgboost_feat
Blueberry_Duke,PICNIC,NL-NB,2026-09-01,2026-09-30,Monthly,,KG,2.796,2.796,2655.32568359375,xgboost_feat
Blueberry_Duke,PICNIC,NL-NB,2026-10-01,2026-10-31,Monthly,,KG,2.796,2.796,2900.9384765625,xgboost_feat
Blueberry_Duke,PICNIC,NL-NB,2026-11-01,2026-11-30,Monthly,,KG,2.796,2.796,3048.975830078125,xgboost_feat
Blueberry_Duke,PICNIC,NL-NB,2026-12-01,2026-12-31,Monthly,,KG,2.796,2.796,3068.5859375,xgboost_feat
Blueberry_Duke,PICNIC,NL-NB,2027-01-01,2027-01-31,Monthly,,KG,2.796,2.796,3012.968505859375,xgboost_feat
Blueberry_Duke,PICNIC,NL-NH,2026-02-01,2026-02-28,Monthly,,KG,2.844,2.844,3072.935546875,xgboost_feat
Blueberry_Duke,PICNIC,NL-NH,2026-03-01,2026-03-31,Monthly,,KG,2.844,2.844,3059.0634765625,xgboost_feat
Blueberry_Duke,PICNIC,NL-NH,2026-04-01,2026-04-30,Monthly,,KG,2.844,2.844,2978.597900390625,xgboost_feat
Blueberry_Duke,PICNIC,NL-NH,2026-05-01,2026-05-31,Monthly,,KG,2.844,2.844,2952.389404296875,xgboost_feat
Blueberry_Duke,PICNIC,NL-NH,2026-06-01,2026-06-30,Monthly,,KG,2.844,2.844,2674.252197265625,xgboost_feat
Blueberry_Duke,PICNIC,NL-NH,2026-07-01,2026-07-31,Monthly,,KG,2.844,2.844,2672.5283203125,xgboost_feat
Blueberry_Duke,PICNIC,NL-NH,2026-08-01,2026-08-31,Monthly,,KG,2.844,2.844,2682.517578125,xgboost_feat
Blueberry_Duke,PICNIC,NL-NH,2026-09-01,2026-09-30,Monthly,,KG,2.844,2.844,2655.04296875,xgboost_feat
Blueberry_Duke,PICNIC,NL-NH,2026-10-01,2026-10-31,Monthly,,KG,2.844,2.844,2868.1826171875,xgboost_feat
Blueberry_Duke,PICNIC,NL-NH,2026-11-01,2026-11-30,Monthly,,KG,2.844,2.844,2944.93505859375,xgboost_feat
Blueberry_Duke,PICNIC,NL-NH,2026-12-01,2026-12-31,Monthly,,KG,2.844,2.844,3040.63427734375,xgboost_feat
Blueberry_Duke,PICNIC,NL-NH,2027-01-01,2027-01-31,Monthly,,KG,2.844,2.844,3012.706787109375,xgboost_feat
Blueberry_Duke,PICNIC,NL-ZH,2026-02-01,2026-02-28,Monthly,,KG,2.925,2.925,3072.935546875,xgboost_feat
Blueberry_Duke,PICNIC,NL-ZH,2026-03-01,2026-03-31,Monthly,,KG,2.925,2.925,3052.083984375,xgboost_feat
Blueberry_Duke,PICNIC,NL-ZH,2026-04-01,2026-04-30,Monthly,,KG,2.925,2.925,2978.597900390625,xgboost_feat
Blueberry_Duke,PICNIC,NL-ZH,2026-05-01,2026-05-31,Monthly,,KG,2.925,2.925,2725.472900390625,xgboost_feat
Blueberry_Duke,PICNIC,NL-ZH,2026-06-01,2026-06-30,Monthly,,KG,2.925,2.925,2686.9482421875,xgboost_feat
Blueberry_Duke,PICNIC,NL-ZH,2026-07-01,2026-07-31,Monthly,,KG,2.925,2.925,2672.187255859375,xgboost_feat
Blueberry_Duke,PICNIC,NL-ZH,2026-08-01,2026-08-31,Monthly,,KG,2.925,2.925,2655.695556640625,xgboost_feat
Blueberry_Duke,PICNIC,NL-ZH,2026-09-01,2026-09-30,Monthly,,KG,2.925,2.925,2655.06005859375,xgboost_feat
Blueberry_Duke,PICNIC,NL-ZH,2026-10-01,2026-10-31,Monthly,,KG,2.925,2.925,2868.1826171875,xgboost_feat
Blueberry_Duke,PICNIC,NL-ZH,2026-11-01,2026-11-30,Monthly,,KG,2.925,2.925,2953.596435546875,xgboost_feat
Blueberry_Duke,PICNIC,NL-ZH,2026-12-01,2026-12-31,Monthly,,KG,2.925,2.925,3040.6396484375,xgboost_feat
Blueberry_Duke,PICNIC,NL-ZH,2027-01-01,2027-01-31,Monthly,,KG,2.925,2.925,3012.706787109375,xgboost_feat
Blueberry_Duke,PLUS,NL-GE,2026-02-01,2026-02-28,Monthly,,KG,2.685,2.685,3072.95556640625,xgboost_feat
Blueberry_Duke,PLUS,NL-GE,2026-03-01,2026-03-31,Monthly,,KG,2.685,2.685,3064.178466796875,xgboost_feat
Blueberry_Duke,PLUS,NL-GE,2026-04-01,2026-04-30,Monthly,,KG,2.685,2.685,2989.996337890625,xgboost_feat
Blueberry_Duke,PLUS,NL-GE,2026-05-01,2026-05-31,Monthly,,KG,2.685,2.685,2723.715087890625,xgboost_feat
Blueberry_Duke,PLUS,NL-GE,2026-06-01,2026-06-30,Monthly,,KG,2.685,2.685,2671.831787109375,xgboost_feat
Blueberry_Duke,PLUS,NL-GE,2026-07-01,2026-07-31,Monthly,,KG,2.685,2.685,2671.74609375,xgboost_feat
Blueberry_Duke,PLUS,NL-GE,2026-08-01,2026-08-31,Monthly,,KG,2.685,2.685,2655.223388671875,xgboost_feat
Blueberry_Duke,PLUS,NL-GE,2026-09-01,2026-09-30,Monthly,,KG,2.685,2.685,2655.37890625,xgboost_feat
Blueberry_Duke,PLUS,NL-GE,2026-10-01,2026-10-31,Monthly,,KG,2.685,2.685,2870.457275390625,xgboost_feat
Blueberry_Duke,PLUS,NL-GE,2026-11-01,2026-11-30,Monthly,,KG,2.685,2.685,3049.50146484375,xgboost_feat
Blueberry_Duke,PLUS,NL-GE,2026-12-01,2026-12-31,Monthly,,KG,2.685,2.685,3041.6787109375,xgboost_feat
Blueberry_Duke,PLUS,NL-GE,2027-01-01,2027-01-31,Monthly,,KG,2.685,2.685,3046.433837890625,xgboost_feat
Blueberry_Duke,PLUS,NL-NB,2026-02-01,2026-02-28,Monthly,,KG,2.705,2.705,3105.656005859375,xgboost_feat
Blueberry_Duke,PLUS,NL-NB,2026-03-01,2026-03-31,Monthly,,KG,2.705,2.705,3021.83740234375,xgboost_feat
Blueberry_Duke,PLUS,NL-NB,2026-04-01,2026-04-30,Monthly,,KG,2.705,2.705,2989.345947265625,xgboost_feat
Blueberry_Duke,PLUS,NL-NB,2026-05-01,2026-05-31,Monthly,,KG,2.705,2.705,2703.781494140625,xgboost_feat
Blueberry_Duke,PLUS,NL-NB,2026-06-01,2026-06-30,Monthly,,KG,2.705,2.705,2687.138916015625,xgboost_feat
Blueberry_Duke,PLUS,NL-NB,2026-07-01,2026-07-31,Monthly,,KG,2.705,2.705,2673.823486328125,xgboost_feat
Blueberry_Duke,PLUS,NL-NB,2026-08-01,2026-08-31,Monthly,,KG,2.705,2.705,2670.7744140625,xgboost_feat
Blueberry_Duke,PLUS,NL-NB,2026-09-01,2026-09-30,Monthly,,KG,2.705,2.705,2676.614013671875,xgboost_feat
Blueberry_Duke,PLUS,NL-NB,2026-10-01,2026-10-31,Monthly,,KG,2.705,2.705,2903.13232421875,xgboost_feat
Blueberry_Duke,PLUS,NL-NB,2026-11-01,2026-11-30,Monthly,,KG,2.705,2.705,3063.10009765625,xgboost_feat
Blueberry_Duke,PLUS,NL-NB,2026-12-01,2026-12-31,Monthly,,KG,2.705,2.705,3142.685791015625,xgboost_feat
Blueberry_Duke,PLUS,NL-NB,2027-01-01,2027-01-31,Monthly,,KG,2.705,2.705,3046.8857421875,xgboost_feat
Blueberry_Duke,PLUS,NL-NH,2026-02-01,2026-02-28,Monthly,,KG,2.796,2.796,3100.51513671875,xgboost_feat
Blueberry_Duke,PLUS,NL-NH,2026-03-01,2026-03-31,Monthly,,KG,2.796,2.796,3075.591552734375,xgboost_feat
Blueberry_Duke,PLUS,NL-NH,2026-04-01,2026-04-30,Monthly,,KG,2.796,2.796,2982.39404296875,xgboost_feat
Blueberry_Duke,PLUS,NL-NH,2026-05-01,2026-05-31,Monthly,,KG,2.796,2.796,2955.291015625,xgboost_feat
Blueberry_Duke,PLUS,NL-NH,2026-06-01,2026-06-30,Monthly,,KG,2.796,2.796,2673.2685546875,xgboost_feat
Blueberry_Duke,PLUS,NL-NH,2026-07-01,2026-07-31,Monthly,,KG,2.796,2.796,2671.88720703125,xgboost_feat
Blueberry_Duke,PLUS,NL-NH,2026-08-01,2026-08-31,Monthly,,KG,2.796,2.796,2683.004638671875,xgboost_feat
Blueberry_Duke,PLUS,NL-NH,2026-09-01,2026-09-30,Monthly,,KG,2.796,2.796,2655.425048828125,xgboost_feat
Blueberry_Duke,PLUS,NL-NH,2026-10-01,2026-10-31,Monthly,,KG,2.796,2.796,2881.035888671875,xgboost_feat
Blueberry_Duke,PLUS,NL-NH,2026-11-01,2026-11-30,Monthly,,KG,2.796,2.796,2960.021240234375,xgboost_feat
Blueberry_Duke,PLUS,NL-NH,2026-12-01,2026-12-31,Monthly,,KG,2.796,2.796,3049.0361328125,xgboost_feat
Blueberry_Duke,PLUS,NL-NH,2027-01-01,2027-01-31,Monthly,,KG,2.796,2.796,3013.817626953125,xgboost_feat
Blueberry_Duke,PLUS,NL-ZH,2026-02-01,2026-02-28,Monthly,,KG,2.898,2.898,3109.479736328125,xgboost_feat
Blueberry_Duke,PLUS,NL-ZH,2026-03-01,2026-03-31,Monthly,,KG,2.898,2.898,3114.747802734375,xgboost_feat
Blueberry_Duke,PLUS,NL-ZH,2026-04-01,2026-04-30,Monthly,,KG,2.898,2.898,2993.912841796875,xgboost_feat
Blueberry_Duke,PLUS,NL-ZH,2026-05-01,2026-05-31,Monthly,,KG,2.898,2.898,2724.493896484375,xgboost_feat
Blueberry_Duke,PLUS,NL-ZH,2026-06-01,2026-06-30,Monthly,,KG,2.898,2.898,2690.258544921875,xgboost_feat
Blueberry_Duke,PLUS,NL-ZH,2026-07-01,2026-07-31,Monthly,,KG,2.898,2.898,2671.938232421875,xgboost_feat
Blueberry_Duke,PLUS,NL-ZH,2026-08-01,2026-08-31,Monthly,,KG,2.898,2.898,2677.46044921875,xgboost_feat
Blueberry_Duke,PLUS,NL-ZH,2026-09-01,2026-09-30,Monthly,,KG,2.898,2.898,2677.59521484375,xgboost_feat
Blueberry_Duke,PLUS,NL-ZH,2026-10-01,2026-10-31,Monthly,,KG,2.898,2.898,2879.494384765625,xgboost_feat
Blueberry_Duke,PLUS,NL-ZH,2026-11-01,2026-11-30,Monthly,,KG,2.898,2.898,2967.15185546875,xgboost_feat
Blueberry_Duke,PLUS,NL-ZH,2026-12-01,2026-12-31,Monthly,,KG,2.898,2.898,3137.547119140625,xgboost_feat
Blueberry_Duke,PLUS,NL-ZH,2027-01-01,2027-01-31,Monthly,,KG,2.898,2.898,3059.918212890625,xgboost_feat
Blueberry_Duke,SLIGRO,NL-GE,2026-02-01,2026-02-28,Monthly,,KG,2.642,2.642,3130.994140625,xgboost_feat
Blueberry_Duke,SLIGRO,NL-GE,2026-03-01,2026-03-31,Monthly,,KG,2.642,2.642,3074.974365234375,xgboost_feat
Blueberry_Duke,SLIGRO,NL-GE,2026-04-01,2026-04-30,Monthly,,KG,2.642,2.642,2998.25244140625,xgboost_feat
Blueberry_Duke,SLIGRO,NL-GE,2026-05-01,2026-05-31,Monthly,,KG,2.642,2.642,2625.074951171875,xgboost_feat
Blueberry_Duke,SLIGRO,NL-GE,2026-06-01,2026-06-30,Monthly,,KG,2.642,2.642,2479.14697265625,xgboost_feat
Blueberry_Duke,SLIGRO,NL-GE,2026-07-01,2026-07-31,Monthly,,KG,2.642,2.642,2477.712890625,xgboost_feat
Blueberry_Duke,SLIGRO,NL-GE,2026-08-01,2026-08-31,Monthly,,KG,2.642,2.642,2539.270751953125,xgboost_feat
Blueberry_Duke,SLIGRO,NL-GE,2026-09-01,2026-09-30,Monthly,,KG,2.642,2.642,2539.255859375,xgboost_feat
Blueberry_Duke,SLIGRO,NL-GE,2026-10-01,2026-10-31,Monthly,,KG,2.642,2.642,2870.381591796875,xgboost_feat
Blueberry_Duke,SLIGRO,NL-GE,2026-11-01,2026-11-30,Monthly,,KG,2.642,2.642,3048.85546875,xgboost_feat
Blueberry_Duke,SLIGRO,NL-GE,2026-12-01,2026-12-31,Monthly,,KG,2.642,2.642,3028.68896484375,xgboost_feat
Blueberry_Duke,SLIGRO,NL-GE,2027-01-01,2027-01-31,Monthly,,KG,2.642,2.642,3066.59765625,xgboost_feat
Blueberry_Duke,SLIGRO,NL-NB,2026-02-01,2026-02-28,Monthly,,KG,2.765,2.765,3105.52099609375,xgboost_feat
Blueberry_Duke,SLIGRO,NL-NB,2026-03-01,2026-03-31,Monthly,,KG,2.765,2.765,2988.093505859375,xgboost_feat
Blueberry_Duke,SLIGRO,NL-NB,2026-04-01,2026-04-30,Monthly,,KG,2.765,2.765,2978.12060546875,xgboost_feat
Blueberry_Duke,SLIGRO,NL-NB,2026-05-01,2026-05-31,Monthly,,KG,2.765,2.765,2704.87060546875,xgboost_feat
Blueberry_Duke,SLIGRO,NL-NB,2026-06-01,2026-06-30,Monthly,,KG,2.765,2.765,2689.720947265625,xgboost_feat
Blueberry_Duke,SLIGRO,NL-NB,2026-07-01,2026-07-31,Monthly,,KG,2.765,2.765,2674.3916015625,xgboost_feat
Blueberry_Duke,SLIGRO,NL-NB,2026-08-01,2026-08-31,Monthly,,KG,2.765,2.765,2670.38232421875,xgboost_feat
Blueberry_Duke,SLIGRO,NL-NB,2026-09-01,2026-09-30,Monthly,,KG,2.765,2.765,2655.32568359375,xgboost_feat
Blueberry_Duke,SLIGRO,NL-NB,2026-10-01,2026-10-31,Monthly,,KG,2.765,2.765,2900.9384765625,xgboost_feat
Blueberry_Duke,SLIGRO,NL-NB,2026-11-01,2026-11-30,Monthly,,KG,2.765,2.765,3048.975830078125,xgboost_feat
Blueberry_Duke,SLIGRO,NL-NB,2026-12-01,2026-12-31,Monthly,,KG,2.765,2.765,3068.5859375,xgboost_feat
Blueberry_Duke,SLIGRO,NL-NB,2027-01-01,2027-01-31,Monthly,,KG,2.765,2.765,3012.968505859375,xgboost_feat
Blueberry_Duke,SLIGRO,NL-NH,2026-02-01,2026-02-28,Monthly,,KG,2.896,2.896,3072.935546875,xgboost_feat
Blueberry_Duke,SLIGRO,NL-NH,2026-03-01,2026-03-31,Monthly,,KG,2.896,2.896,3059.0634765625,xgboost_feat
Blueberry_Duke,SLIGRO,NL-NH,2026-04-01,2026-04-30,Monthly,,KG,2.896,2.896,2978.597900390625,xgboost_feat
Blueberry_Duke,SLIGRO,NL-NH,2026-05-01,2026-05-31,Monthly,,KG,2.896,2.896,2952.389404296875,xgboost_feat
Blueberry_Duke,SLIGRO,NL-NH,2026-06-01,2026-06-30,Monthly,,KG,2.896,2.896,2674.252197265625,xgboost_feat
Blueberry_Duke,SLIGRO,NL-NH,2026-07-01,2026-07-31,Monthly,,KG,2.896,2.896,2672.5283203125,xgboost_feat
Blueberry_Duke,SLIGRO,NL-NH,2026-08-01,2026-08-31,Monthly,,KG,2.896,2.896,2682.517578125,xgboost_feat
Blueberry_Duke,SLIGRO,NL-NH,2026-09-01,2026-09-30,Monthly,,KG,2.896,2.896,2655.04296875,xgboost_feat
Blueberry_Duke,SLIGRO,NL-NH,2026-10-01,2026-10-31,Monthly,,KG,2.896,2.896,2868.1826171875,xgboost_feat
Blueberry_Duke,SLIGRO,NL-NH,2026-11-01,2026-11-30,Monthly,,KG,2.896,2.896,2944.93505859375,xgboost_feat
Blueberry_Duke,SLIGRO,NL-NH,2026-12-01,2026-12-31,Monthly,,KG,2.896,2.896,3040.63427734375,xgboost_feat
Blueberry_Duke,SLIGRO,NL-NH,2027-01-01,2027-01-31,Monthly,,KG,2.896,2.896,3011.289794921875,xgboost_feat
Blueberry_Duke,SLIGRO,NL-ZH,2026-02-01,2026-02-28,Monthly,,KG,2.951,2.951,3105.52099609375,xgboost_feat
Blueberry_Duke,SLIGRO,NL-ZH,2026-03-01,2026-03-31,Monthly,,KG,2.951,2.951,3052.083984375,xgboost_feat
Blueberry_Duke,SLIGRO,NL-ZH,2026-04-01,2026-04-30,Monthly,,KG,2.951,2.951,2978.597900390625,xgboost_feat
Blueberry_Duke,SLIGRO,NL-ZH,2026-05-01,2026-05-31,Monthly,,KG,2.951,2.951,2725.401611328125,xgboost_feat
Blueberry_Duke,SLIGRO,NL-ZH,2026-06-01,2026-06-30,Monthly,,KG,2.951,2.951,2686.9482421875,xgboost_feat
Blueberry_Duke,SLIGRO,NL-ZH,2026-07-01,2026-07-31,Monthly,,KG,2.951,2.951,2672.189453125,xgboost_feat
Blueberry_Duke,SLIGRO,NL-ZH,2026-08-01,2026-08-31,Monthly,,KG,2.951,2.951,2655.695556640625,xgboost_feat
Blueberry_Duke,SLIGRO,NL-ZH,2026-09-01,2026-09-30,Monthly,,KG,2.951,2.951,2655.06005859375,xgboost_feat
Blueberry_Duke,SLIGRO,NL-ZH,2026-10-01,2026-10-31,Monthly,,KG,2.951,2.951,2868.1826171875,xgboost_feat
Blueberry_Duke,SLIGRO,NL-ZH,2026-11-01,2026-11-30,Monthly,,KG,2.951,2.951,2953.596435546875,xgboost_feat
Blueberry_Duke,SLIGRO,NL-ZH,2026-12-01,2026-12-31,Monthly,,KG,2.951,2.951,3040.6396484375,xgboost_feat
Blueberry_Duke,SLIGRO,NL-ZH,2027-01-01,2027-01-31,Monthly,,KG,2.951,2.951,3012.706787109375,xgboost_feat
Blueberry_SekoyaPop,AH,NL-GE,2026-02-01,2026-02-28,Monthly,,KG,2.649,2.649,3095.15576171875,xgboost_feat
Blueberry_SekoyaPop,AH,NL-GE,2026-03-01,2026-03-31,Monthly,,KG,2.649,2.649,3206.205810546875,xgboost_feat
Blueberry_SekoyaPop,AH,NL-GE,2026-04-01,2026-04-30,Monthly,,KG,2.649,2.649,3023.343994140625,xgboost_feat
Blueberry_SekoyaPop,AH,NL-GE,2026-05-01,2026-05-31,Monthly,,KG,2.649,2.649,2616.677978515625,xgboost_feat
Blueberry_SekoyaPop,AH,NL-GE,2026-06-01,2026-06-30,Monthly,,KG,2.649,2.649,2426.425048828125,xgboost_feat
Blueberry_SekoyaPop,AH,NL-GE,2026-07-01,2026-07-31,Monthly,,KG,2.649,2.649,2426.34521484375,xgboost_feat
Blueberry_SekoyaPop,AH,NL-GE,2026-08-01,2026-08-31,Monthly,,KG,2.649,2.649,2611.120361328125,xgboost_feat
Blueberry_SekoyaPop,AH,NL-GE,2026-09-01,2026-09-30,Monthly,,KG,2.649,2.649,2715.636474609375,xgboost_feat
Blueberry_SekoyaPop,AH,NL-GE,2026-10-01,2026-10-31,Monthly,,KG,2.649,2.649,2863.109375,xgboost_feat
Blueberry_SekoyaPop,AH,NL-GE,2026-11-01,2026-11-30,Monthly,,KG,2.649,2.649,3117.112060546875,xgboost_feat
Blueberry_SekoyaPop,AH,NL-GE,2026-12-01,2026-12-31,Monthly,,KG,2.649,2.649,3141.912353515625,xgboost_feat
Blueberry_SekoyaPop,AH,NL-GE,2027-01-01,2027-01-31,Monthly,,KG,2.649,2.649,3140.887939453125,xgboost_feat
Blueberry_SekoyaPop,AH,NL-NB,2026-02-01,2026-02-28,Monthly,,KG,2.781,2.781,3101.2783203125,xgboost_feat
Blueberry_SekoyaPop,AH,NL-NB,2026-03-01,2026-03-31,Monthly,,KG,2.781,2.781,3132.83251953125,xgboost_feat
Blueberry_SekoyaPop,AH,NL-NB,2026-04-01,2026-04-30,Monthly,,KG,2.781,2.781,3044.149658203125,xgboost_feat
Blueberry_SekoyaPop,AH,NL-NB,2026-05-01,2026-05-31,Monthly,,KG,2.781,2.781,2739.98779296875,xgboost_feat
Blueberry_SekoyaPop,AH,NL-NB,2026-06-01,2026-06-30,Monthly,,KG,2.781,2.781,2712.864501953125,xgboost_feat
Blueberry_SekoyaPop,AH,NL-NB,2026-07-01,2026-07-31,Monthly,,KG,2.781,2.781,2733.39990234375,xgboost_feat
Blueberry_SekoyaPop,AH,NL-NB,2026-08-01,2026-08-31,Monthly,,KG,2.781,2.781,2767.927001953125,xgboost_feat
Blueberry_SekoyaPop,AH,NL-NB,2026-09-01,2026-09-30,Monthly,,KG,2.781,2.781,2743.4873046875,xgboost_feat
Blueberry_SekoyaPop,AH,NL-NB,2026-10-01,2026-10-31,Monthly,,KG,2.781,2.781,2937.275634765625,xgboost_feat
Blueberry_SekoyaPop,AH,NL-NB,2026-11-01,2026-11-30,Monthly,,KG,2.781,2.781,3140.371337890625,xgboost_feat
Blueberry_SekoyaPop,AH,NL-NB,2026-12-01,2026-12-31,Monthly,,KG,2.781,2.781,3167.51025390625,xgboost_feat
Blueberry_SekoyaPop,AH,NL-NB,2027-01-01,2027-01-31,Monthly,,KG,2.781,2.781,3140.916259765625,xgboost_feat
Blueberry_SekoyaPop,AH,NL-NH,2026-02-01,2026-02-28,Monthly,,KG,2.813,2.813,3104.974853515625,xgboost_feat
Blueberry_SekoyaPop,AH,NL-NH,2026-03-01,2026-03-31,Monthly,,KG,2.813,2.813,3184.71728515625,xgboost_feat
Blueberry_SekoyaPop,AH,NL-NH,2026-04-01,2026-04-30,Monthly,,KG,2.813,2.813,2977.005126953125,xgboost_feat
Blueberry_SekoyaPop,AH,NL-NH,2026-05-01,2026-05-31,Monthly,,KG,2.813,2.813,2992.184326171875,xgboost_feat
Blueberry_SekoyaPop,AH,NL-NH,2026-06-01,2026-06-30,Monthly,,KG,2.813,2.813,2695.01220703125,xgboost_feat
Blueberry_SekoyaPop,AH,NL-NH,2026-07-01,2026-07-31,Monthly,,KG,2.813,2.813,2702.715087890625,xgboost_feat
Blueberry_SekoyaPop,AH,NL-NH,2026-08-01,2026-08-31,Monthly,,KG,2.813,2.813,2786.4375,xgboost_feat
Blueberry_SekoyaPop,AH,NL-NH,2026-09-01,2026-09-30,Monthly,,KG,2.813,2.813,2751.341064453125,xgboost_feat
Blueberry_SekoyaPop,AH,NL-NH,2026-10-01,2026-10-31,Monthly,,KG,2.813,2.813,2913.026611328125,xgboost_feat
Blueberry_SekoyaPop,AH,NL-NH,2026-11-01,2026-11-30,Monthly,,KG,2.813,2.813,2956.80517578125,xgboost_feat
Blueberry_SekoyaPop,AH,NL-NH,2026-12-01,2026-12-31,Monthly,,KG,2.813,2.813,3137.28369140625,xgboost_feat
Blueberry_SekoyaPop,AH,NL-NH,2027-01-01,2027-01-31,Monthly,,KG,2.813,2.813,3060.37060546875,xgboost_feat
Blueberry_SekoyaPop,AH,NL-ZH,2026-02-01,2026-02-28,Monthly,,KG,2.953,2.953,3110.753173828125,xgboost_feat
Blueberry_SekoyaPop,AH,NL-ZH,2026-03-01,2026-03-31,Monthly,,KG,2.953,2.953,2986.01904296875,xgboost_feat
Blueberry_SekoyaPop,AH,NL-ZH,2026-04-01,2026-04-30,Monthly,,KG,2.953,2.953,3005.057861328125,xgboost_feat
Blueberry_SekoyaPop,AH,NL-ZH,2026-05-01,2026-05-31,Monthly,,KG,2.953,2.953,2753.0,xgboost_feat
Blueberry_SekoyaPop,AH,NL-ZH,2026-06-01,2026-06-30,Monthly,,KG,2.953,2.953,2678.756591796875,xgboost_feat
Blueberry_SekoyaPop,AH,NL-ZH,2026-07-01,2026-07-31,Monthly,,KG,2.953,2.953,2725.021728515625,xgboost_feat
Blueberry_SekoyaPop,AH,NL-ZH,2026-08-01,2026-08-31,Monthly,,KG,2.953,2.953,2743.82275390625,xgboost_feat
Blueberry_SekoyaPop,AH,NL-ZH,2026-09-01,2026-09-30,Monthly,,KG,2.953,2.953,2744.145751953125,xgboost_feat
Blueberry_SekoyaPop,AH,NL-ZH,2026-10-01,2026-10-31,Monthly,,KG,2.953,2.953,2907.522705078125,xgboost_feat
Blueberry_SekoyaPop,AH,NL-ZH,2026-11-01,2026-11-30,Monthly,,KG,2.953,2.953,2964.73974609375,xgboost_feat
Blueberry_SekoyaPop,AH,NL-ZH,2026-12-01,2026-12-31,Monthly,,KG,2.953,2.953,3137.0556640625,xgboost_feat
Blueberry_SekoyaPop,AH,NL-ZH,2027-01-01,2027-01-31,Monthly,,KG,2.953,2.953,3137.454345703125,xgboost_feat
Blueberry_SekoyaPop,FLINK,NL-GE,2026-02-01,2026-02-28,Monthly,,KG,2.707,2.707,3072.935546875,xgboost_feat
Blueberry_SekoyaPop,FLINK,NL-GE,2026-03-01,2026-03-31,Monthly,,KG,2.707,2.707,3052.48046875,xgboost_feat
Blueberry_SekoyaPop,FLINK,NL-GE,2026-04-01,2026-04-30,Monthly,,KG,2.707,2.707,2978.597900390625,xgboost_feat
Blueberry_SekoyaPop,FLINK,NL-GE,2026-05-01,2026-05-31,Monthly,,KG,2.707,2.707,2724.8037109375,xgboost_feat
Blueberry_SekoyaPop,FLINK,NL-GE,2026-06-01,2026-06-30,Monthly,,KG,2.707,2.707,2672.9208984375,xgboost_feat
Blueberry_SekoyaPop,FLINK,NL-GE,2026-07-01,2026-07-31,Monthly,,KG,2.707,2.707,2672.5625,xgboost_feat
Blueberry_SekoyaPop,FLINK,NL-GE,2026-08-01,2026-08-31,Monthly,,KG,2.707,2.707,2655.02587890625,xgboost_feat
Blueberry_SekoyaPop,FLINK,NL-GE,2026-09-01,2026-09-30,Monthly,,KG,2.707,2.707,2655.026611328125,xgboost_feat
Blueberry_SekoyaPop,FLINK,NL-GE,2026-10-01,2026-10-31,Monthly,,KG,2.707,2.707,2868.22900390625,xgboost_feat
Blueberry_SekoyaPop,FLINK,NL-GE,2026-11-01,2026-11-30,Monthly,,KG,2.707,2.707,3047.528564453125,xgboost_feat
Blueberry_SekoyaPop,FLINK,NL-GE,2026-12-01,2026-12-31,Monthly,,KG,2.707,2.707,3040.7568359375,xgboost_feat
Blueberry_SekoyaPop,FLINK,NL-GE,2027-01-01,2027-01-31,Monthly,,KG,2.707,2.707,3045.297119140625,xgboost_feat
Blueberry_SekoyaPop,FLINK,NL-NB,2026-02-01,2026-02-28,Monthly,,KG,2.714,2.714,3072.935546875,xgboost_feat
Blueberry_SekoyaPop,FLINK,NL-NB,2026-03-01,2026-03-31,Monthly,,KG,2.714,2.714,2988.093505859375,xgboost_feat
Blueberry_SekoyaPop,FLINK,NL-NB,2026-04-01,2026-04-30,Monthly,,KG,2.714,2.714,2978.120849609375,xgboost_feat
Blueberry_SekoyaPop,FLINK,NL-NB,2026-05-01,2026-05-31,Monthly,,KG,2.714,2.714,2704.87060546875,xgboost_feat
Blueberry_SekoyaPop,FLINK,NL-NB,2026-06-01,2026-06-30,Monthly,,KG,2.714,2.714,2689.720947265625,xgboost_feat
Blueberry_SekoyaPop,FLINK,NL-NB,2026-07-01,2026-07-31,Monthly,,KG,2.714,2.714,2674.389404296875,xgboost_feat
Blueberry_SekoyaPop,FLINK,NL-NB,2026-08-01,2026-08-31,Monthly,,KG,2.714,2.714,2670.38232421875,xgboost_feat
Blueberry_SekoyaPop,FLINK,NL-NB,2026-09-01,2026-09-30,Monthly,,KG,2.714,2.714,2655.32568359375,xgboost_feat
Blueberry_SekoyaPop,FLINK,NL-NB,2026-10-01,2026-10-31,Monthly,,KG,2.714,2.714,2900.9384765625,xgboost_feat
Blueberry_SekoyaPop,FLINK,NL-NB,2026-11-01,2026-11-30,Monthly,,KG,2.714,2.714,3048.975830078125,xgboost_feat
Blueberry_SekoyaPop,FLINK,NL-NB,2026-12-01,2026-12-31,Monthly,,KG,2.714,2.714,3068.5859375,xgboost_feat
Blueberry_SekoyaPop,FLINK,NL-NB,2027-01-01,2027-01-31,Monthly,,KG,2.714,2.714,3012.968505859375,xgboost_feat
Blueberry_SekoyaPop,FLINK,NL-NH,2026-02-01,2026-02-28,Monthly,,KG,2.876,2.876,3105.52099609375,xgboost_feat
Blueberry_SekoyaPop,FLINK,NL-NH,2026-03-01,2026-03-31,Monthly,,KG,2.876,2.876,3059.0634765625,xgboost_feat
Blueberry_SekoyaPop,FLINK,NL-NH,2026-04-01,2026-04-30,Monthly,,KG,2.876,2.876,2978.597900390625,xgboost_feat
Blueberry_SekoyaPop,FLINK,NL-NH,2026-05-01,2026-05-31,Monthly,,KG,2.876,2.876,2952.318115234375,xgboost_feat
Blueberry_SekoyaPop,FLINK,NL-NH,2026-06-01,2026-06-30,Monthly,,KG,2.876,2.876,2674.252197265625,xgboost_feat
Blueberry_SekoyaPop,FLINK,NL-NH,2026-07-01,2026-07-31,Monthly,,KG,2.876,2.876,2672.5283203125,xgboost_feat
Blueberry_SekoyaPop,FLINK,NL-NH,2026-08-01,2026-08-31,Monthly,,KG,2.876,2.876,2682.517578125,xgboost_feat
Blueberry_SekoyaPop,FLINK,NL-NH,2026-09-01,2026-09-30,Monthly,,KG,2.876,2.876,2655.04296875,xgboost_feat
Blueberry_SekoyaPop,FLINK,NL-NH,2026-10-01,2026-10-31,Monthly,,KG,2.876,2.876,2868.1826171875,xgboost_feat
Blueberry_SekoyaPop,FLINK,NL-NH,2026-11-01,2026-11-30,Monthly,,KG,2.876,2.876,2944.93505859375,xgboost_feat
Blueberry_SekoyaPop,FLINK,NL-NH,2026-12-01,2026-12-31,Monthly,,KG,2.876,2.876,3040.63427734375,xgboost_feat
Blueberry_SekoyaPop,FLINK,NL-NH,2027-01-01,2027-01-31,Monthly,,KG,2.876,2.876,3012.706787109375,xgboost_feat
Blueberry_SekoyaPop,FLINK,NL-ZH,2026-02-01,2026-02-28,Monthly,,KG,2.902,2.902,3105.52099609375,xgboost_feat
Blueberry_SekoyaPop,FLINK,NL-ZH,2026-03-01,2026-03-31,Monthly,,KG,2.902,2.902,3052.083984375,xgboost_feat
Blueberry_SekoyaPop,FLINK,NL-ZH,2026-04-01,2026-04-30,Monthly,,KG,2.902,2.902,2978.597900390625,xgboost_feat
Blueberry_SekoyaPop,FLINK,NL-ZH,2026-05-01,2026-05-31,Monthly,,KG,2.902,2.902,2725.401611328125,xgboost_feat
Blueberry_SekoyaPop,FLINK,NL-ZH,2026-06-01,2026-06-30,Monthly,,KG,2.902,2.902,2686.9482421875,xgboost_feat
Blueberry_SekoyaPop,FLINK,NL-ZH,2026-07-01,2026-07-31,Monthly,,KG,2.902,2.902,2672.189453125,xgboost_feat
Blueberry_SekoyaPop,FLINK,NL-ZH,2026-08-01,2026-08-31,Monthly,,KG,2.902,2.902,2655.695556640625,xgboost_feat
Blueberry_SekoyaPop,FLINK,NL-ZH,2026-09-01,2026-09-30,Monthly,,KG,2.902,2.902,2655.06005859375,xgboost_feat
Blueberry_SekoyaPop,FLINK,NL-ZH,2026-10-01,2026-10-31,Monthly,,KG,2.902,2.902,2868.1826171875,xgboost_feat
Blueberry_SekoyaPop,FLINK,NL-ZH,2026-11-01,2026-11-30,Monthly,,KG,2.902,2.902,2953.596435546875,xgboost_feat
Blueberry_SekoyaPop,FLINK,NL-ZH,2026-12-01,2026-12-31,Monthly,,KG,2.902,2.902,3040.6396484375,xgboost_feat
Blueberry_SekoyaPop,FLINK,NL-ZH,2027-01-01,2027-01-31,Monthly,,KG,2.902,2.902,3012.706787109375,xgboost_feat
Blueberry_SekoyaPop,GREENACRES,NL-GE,2026-02-01,2026-02-28,Monthly,,KG,2.664,2.664,3060.521484375,xgboost_feat
Blueberry_SekoyaPop,GREENACRES,NL-GE,2026-03-01,2026-03-31,Monthly,,KG,2.664,2.664,3040.069091796875,xgboost_feat
Blueberry_SekoyaPop,GREENACRES,NL-GE,2026-04-01,2026-04-30,Monthly,,KG,2.664,2.664,2966.186279296875,xgboost_feat
Blueberry_SekoyaPop,GREENACRES,NL-GE,2026-05-01,2026-05-31,Monthly,,KG,2.664,2.664,2618.807861328125,xgboost_feat
Blueberry_SekoyaPop,GREENACRES,NL-GE,2026-06-01,2026-06-30,Monthly,,KG,2.664,2.664,2478.49755859375,xgboost_feat
Blueberry_SekoyaPop,GREENACRES,NL-GE,2026-07-01,2026-07-31,Monthly,,KG,2.664,2.664,2475.91259765625,xgboost_feat
Blueberry_SekoyaPop,GREENACRES,NL-GE,2026-08-01,2026-08-31,Monthly,,KG,2.664,2.664,2538.486572265625,xgboost_feat
Blueberry_SekoyaPop,GREENACRES,NL-GE,2026-09-01,2026-09-30,Monthly,,KG,2.664,2.664,2538.47265625,xgboost_feat
Blueberry_SekoyaPop,GREENACRES,NL-GE,2026-10-01,2026-10-31,Monthly,,KG,2.664,2.664,2846.912109375,xgboost_feat
Blueberry_SekoyaPop,GREENACRES,NL-GE,2026-11-01,2026-11-30,Monthly,,KG,2.664,2.664,3012.173095703125,xgboost_feat
Blueberry_SekoyaPop,GREENACRES,NL-GE,2026-12-01,2026-12-31,Monthly,,KG,2.664,2.664,2991.559326171875,xgboost_feat
Blueberry_SekoyaPop,GREENACRES,NL-GE,2027-01-01,2027-01-31,Monthly,,KG,2.664,2.664,2996.4990234375,xgboost_feat
Blueberry_SekoyaPop,GREENACRES,NL-NB,2026-02-01,2026-02-28,Monthly,,KG,2.729,2.729,3072.935546875,xgboost_feat
Blueberry_SekoyaPop,GREENACRES,NL-NB,2026-03-01,2026-03-31,Monthly,,KG,2.729,2.729,2988.093505859375,xgboost_feat
Blueberry_SekoyaPop,GREENACRES,NL-NB,2026-04-01,2026-04-30,Monthly,,KG,2.729,2.729,2978.12060546875,xgboost_feat
Blueberry_SekoyaPop,GREENACRES,NL-NB,2026-05-01,2026-05-31,Monthly,,KG,2.729,2.729,2704.87060546875,xgboost_feat
Blueberry_SekoyaPop,GREENACRES,NL-NB,2026-06-01,2026-06-30,Monthly,,KG,2.729,2.729,2689.720947265625,xgboost_feat
Blueberry_SekoyaPop,GREENACRES,NL-NB,2026-07-01,2026-07-31,Monthly,,KG,2.729,2.729,2674.3916015625,xgboost_feat
Blueberry_SekoyaPop,GREENACRES,NL-NB,2026-08-01,2026-08-31,Monthly,,KG,2.729,2.729,2670.38232421875,xgboost_feat
Blueberry_SekoyaPop,GREENACRES,NL-NB,2026-09-01,2026-09-30,Monthly,,KG,2.729,2.729,2655.32568359375,xgboost_feat
Blueberry_SekoyaPop,GREENACRES,NL-NB,2026-10-01,2026-10-31,Monthly,,KG,2.729,2.729,2900.9384765625,xgboost_feat
Blueberry_SekoyaPop,GREENACRES,NL-NB,2026-11-01,2026-11-30,Monthly,,KG,2.729,2.729,3048.975830078125,xgboost_feat
Blueberry_SekoyaPop,GREENACRES,NL-NB,2026-12-01,2026-12-31,Monthly,,KG,2.729,2.729,3068.5859375,xgboost_feat
Blueberry_SekoyaPop,GREENACRES,NL-NB,2027-01-01,2027-01-31,Monthly,,KG,2.729,2.729,3011.532470703125,xgboost_feat
Blueberry_SekoyaPop,GREENACRES,NL-NH,2026-02-01,2026-02-28,Monthly,,KG,2.834,2.834,3105.671875,xgboost_feat
Blueberry_SekoyaPop,GREENACRES,NL-NH,2026-03-01,2026-03-31,Monthly,,KG,2.834,2.834,3059.0634765625,xgboost_feat
Blueberry_SekoyaPop,GREENACRES,NL-NH,2026-04-01,2026-04-30,Monthly,,KG,2.834,2.834,2978.597900390625,xgboost_feat
Blueberry_SekoyaPop,GREENACRES,NL-NH,2026-05-01,2026-05-31,Monthly,,KG,2.834,2.834,2952.318115234375,xgboost_feat
Blueberry_SekoyaPop,GREENACRES,NL-NH,2026-06-01,2026-06-30,Monthly,,KG,2.834,2.834,2674.2548828125,xgboost_feat
Blueberry_SekoyaPop,GREENACRES,NL-NH,2026-07-01,2026-07-31,Monthly,,KG,2.834,2.834,2672.5283203125,xgboost_feat
Blueberry_SekoyaPop,GREENACRES,NL-NH,2026-08-01,2026-08-31,Monthly,,KG,2.834,2.834,2682.517578125,xgboost_feat
Blueberry_SekoyaPop,GREENACRES,NL-NH,2026-09-01,2026-09-30,Monthly,,KG,2.834,2.834,2655.04296875,xgboost_feat
Blueberry_SekoyaPop,GREENACRES,NL-NH,2026-10-01,2026-10-31,Monthly,,KG,2.834,2.834,2868.1826171875,xgboost_feat
Blueberry_SekoyaPop,GREENACRES,NL-NH,2026-11-01,2026-11-30,Monthly,,KG,2.834,2.834,2944.93505859375,xgboost_feat
Blueberry_SekoyaPop,GREENACRES,NL-NH,2026-12-01,2026-12-31,Monthly,,KG,2.834,2.834,3040.63427734375,xgboost_feat
Blueberry_SekoyaPop,GREENACRES,NL-NH,2027-01-01,2027-01-31,Monthly,,KG,2.834,2.834,3011.289794921875,xgboost_feat
Blueberry_SekoyaPop,GREENACRES,NL-ZH,2026-02-01,2026-02-28,Monthly,,KG,2.913,2.913,3072.935546875,xgboost_feat
Blueberry_SekoyaPop,GREENACRES,NL-ZH,2026-03-01,2026-03-31,Monthly,,KG,2.913,2.913,3052.083984375,xgboost_feat
Blueberry_SekoyaPop,GREENACRES,NL-ZH,2026-04-01,2026-04-30,Monthly,,KG,2.913,2.913,2978.597900390625,xgboost_feat
Blueberry_SekoyaPop,GREENACRES,NL-ZH,2026-05-01,2026-05-31,Monthly,,KG,2.913,2.913,2725.472900390625,xgboost_feat
Blueberry_SekoyaPop,GREENACRES,NL-ZH,2026-06-01,2026-06-30,Monthly,,KG,2.913,2.913,2686.951171875,xgboost_feat
Blueberry_SekoyaPop,GREENACRES,NL-ZH,2026-07-01,2026-07-31,Monthly,,KG,2.913,2.913,2672.189453125,xgboost_feat
Blueberry_SekoyaPop,GREENACRES,NL-ZH,2026-08-01,2026-08-31,Monthly,,KG,2.913,2.913,2655.695556640625,xgboost_feat
Blueberry_SekoyaPop,GREENACRES,NL-ZH,2026-09-01,2026-09-30,Monthly,,KG,2.913,2.913,2655.06005859375,xgboost_feat
Blueberry_SekoyaPop,GREENACRES,NL-ZH,2026-10-01,2026-10-31,Monthly,,KG,2.913,2.913,2868.1826171875,xgboost_feat
Blueberry_SekoyaPop,GREENACRES,NL-ZH,2026-11-01,2026-11-30,Monthly,,KG,2.913,2.913,2953.596435546875,xgboost_feat
Blueberry_SekoyaPop,GREENACRES,NL-ZH,2026-12-01,2026-12-31,Monthly,,KG,2.913,2.913,3040.6396484375,xgboost_feat
Blueberry_SekoyaPop,GREENACRES,NL-ZH,2027-01-01,2027-01-31,Monthly,,KG,2.913,2.913,3011.35009765625,xgboost_feat
Blueberry_SekoyaPop,HELLOFRESH,NL-GE,2026-02-01,2026-02-28,Monthly,,KG,2.713,2.713,3072.935546875,xgboost_feat
Blueberry_SekoyaPop,HELLOFRESH,NL-GE,2026-03-01,2026-03-31,Monthly,,KG,2.713,2.713,3052.48046875,xgboost_feat
Blueberry_SekoyaPop,HELLOFRESH,NL-GE,2026-04-01,2026-04-30,Monthly,,KG,2.713,2.713,2978.597900390625,xgboost_feat
Blueberry_SekoyaPop,HELLOFRESH,NL-GE,2026-05-01,2026-05-31,Monthly,,KG,2.713,2.713,2724.8037109375,xgboost_feat
Blueberry_SekoyaPop,HELLOFRESH,NL-GE,2026-06-01,2026-06-30,Monthly,,KG,2.713,2.713,2672.9208984375,xgboost_feat
Blueberry_SekoyaPop,HELLOFRESH,NL-GE,2026-07-01,2026-07-31,Monthly,,KG,2.713,2.713,2672.560302734375,xgboost_feat
Blueberry_SekoyaPop,HELLOFRESH,NL-GE,2026-08-01,2026-08-31,Monthly,,KG,2.713,2.713,2655.02587890625,xgboost_feat
Blueberry_SekoyaPop,HELLOFRESH,NL-GE,2026-09-01,2026-09-30,Monthly,,KG,2.713,2.713,2655.026611328125,xgboost_feat
Blueberry_SekoyaPop,HELLOFRESH,NL-GE,2026-10-01,2026-10-31,Monthly,,KG,2.713,2.713,2868.22900390625,xgboost_feat
Blueberry_SekoyaPop,HELLOFRESH,NL-GE,2026-11-01,2026-11-30,Monthly,,KG,2.713,2.713,3047.528564453125,xgboost_feat
Blueberry_SekoyaPop,HELLOFRESH,NL-GE,2026-12-01,2026-12-31,Monthly,,KG,2.713,2.713,3040.7568359375,xgboost_feat
Blueberry_SekoyaPop,HELLOFRESH,NL-GE,2027-01-01,2027-01-31,Monthly,,KG,2.713,2.713,3045.297119140625,xgboost_feat
Blueberry_SekoyaPop,HELLOFRESH,NL-NB,2026-02-01,2026-02-28,Monthly,,KG,2.768,2.768,3072.935546875,xgboost_feat
Blueberry_SekoyaPop,HELLOFRESH,NL-NB,2026-03-01,2026-03-31,Monthly,,KG,2.768,2.768,2988.093505859375,xgboost_feat
Blueberry_SekoyaPop,HELLOFRESH,NL-NB,2026-04-01,2026-04-30,Monthly,,KG,2.768,2.768,2978.120849609375,xgboost_feat
Blueberry_SekoyaPop,HELLOFRESH,NL-NB,2026-05-01,2026-05-31,Monthly,,KG,2.768,2.768,2704.87060546875,xgboost_feat
Blueberry_SekoyaPop,HELLOFRESH,NL-NB,2026-06-01,2026-06-30,Monthly,,KG,2.768,2.768,2689.720947265625,xgboost_feat
Blueberry_SekoyaPop,HELLOFRESH,NL-NB,2026-07-01,2026-07-31,Monthly,,KG,2.768,2.768,2674.389404296875,xgboost_feat
Blueberry_SekoyaPop,HELLOFRESH,NL-NB,2026-08-01,2026-08-31,Monthly,,KG,2.768,2.768,2670.38232421875,xgboost_feat
Blueberry_SekoyaPop,HELLOFRESH,NL-NB,2026-09-01,2026-09-30,Monthly,,KG,2.768,2.768,2655.32568359375,xgboost_feat
Blueberry_SekoyaPop,HELLOFRESH,NL-NB,2026-10-01,2026-10-31,Monthly,,KG,2.768,2.768,2900.9384765625,xgboost_feat
Blueberry_SekoyaPop,HELLOFRESH,NL-NB,2026-11-01,2026-11-30,Monthly,,KG,2.768,2.768,3048.975830078125,xgboost_feat
Blueberry_SekoyaPop,HELLOFRESH,NL-NB,2026-12-01,2026-12-31,Monthly,,KG,2.768,2.768,3068.5859375,xgboost_feat
Blueberry_SekoyaPop,HELLOFRESH,NL-NB,2027-01-01,2027-01-31,Monthly,,KG,2.768,2.768,3012.968505859375,xgboost_feat
Blueberry_SekoyaPop,HELLOFRESH,NL-NH,2026-02-01,2026-02-28,Monthly,,KG,2.905,2.905,3105.67138671875,xgboost_feat
Blueberry_SekoyaPop,HELLOFRESH,NL-NH,2026-03-01,2026-03-31,Monthly,,KG,2.905,2.905,3059.0634765625,xgboost_feat
Blueberry_SekoyaPop,HELLOFRESH,NL-NH,2026-04-01,2026-04-30,Monthly,,KG,2.905,2.905,2978.597900390625,xgboost_feat
Blueberry_SekoyaPop,HELLOFRESH,NL-NH,2026-05-01,2026-05-31,Monthly,,KG,2.905,2.905,2952.318115234375,xgboost_feat
Blueberry_SekoyaPop,HELLOFRESH,NL-NH,2026-06-01,2026-06-30,Monthly,,KG,2.905,2.905,2674.252197265625,xgboost_feat
Blueberry_SekoyaPop,HELLOFRESH,NL-NH,2026-07-01,2026-07-31,Monthly,,KG,2.905,2.905,2672.5283203125,xgboost_feat
Blueberry_SekoyaPop,HELLOFRESH,NL-NH,2026-08-01,2026-08-31,Monthly,,KG,2.905,2.905,2682.517578125,xgboost_feat
Blueberry_SekoyaPop,HELLOFRESH,NL-NH,2026-09-01,2026-09-30,Monthly,,KG,2.905,2.905,2655.04296875,xgboost_feat
Blueberry_SekoyaPop,HELLOFRESH,NL-NH,2026-10-01,2026-10-31,Monthly,,KG,2.905,2.905,2868.1826171875,xgboost_feat
Blueberry_SekoyaPop,HELLOFRESH,NL-NH,2026-11-01,2026-11-30,Monthly,,KG,2.905,2.905,2944.93505859375,xgboost_feat
Blueberry_SekoyaPop,HELLOFRESH,NL-NH,2026-12-01,2026-12-31,Monthly,,KG,2.905,2.905,3040.63427734375,xgboost_feat
Blueberry_SekoyaPop,HELLOFRESH,NL-NH,2027-01-01,2027-01-31,Monthly,,KG,2.905,2.905,3012.706787109375,xgboost_feat
Blueberry_SekoyaPop,HELLOFRESH,NL-ZH,2026-02-01,2026-02-28,Monthly,,KG,2.923,2.923,3072.935546875,xgboost_feat
Blueberry_SekoyaPop,HELLOFRESH,NL-ZH,2026-03-01,2026-03-31,Monthly,,KG,2.923,2.923,3052.083984375,xgboost_feat
Blueberry_SekoyaPop,HELLOFRESH,NL-ZH,2026-04-01,2026-04-30,Monthly,,KG,2.923,2.923,2978.597900390625,xgboost_feat
Blueberry_SekoyaPop,HELLOFRESH,NL-ZH,2026-05-01,2026-05-31,Monthly,,KG,2.923,2.923,2725.472900390625,xgboost_feat
Blueberry_SekoyaPop,HELLOFRESH,NL-ZH,2026-06-01,2026-06-30,Monthly,,KG,2.923,2.923,2686.9482421875,xgboost_feat
Blueberry_SekoyaPop,HELLOFRESH,NL-ZH,2026-07-01,2026-07-31,Monthly,,KG,2.923,2.923,2672.189453125,xgboost_feat
Blueberry_SekoyaPop,HELLOFRESH,NL-ZH,2026-08-01,2026-08-31,Monthly,,KG,2.923,2.923,2655.695556640625,xgboost_feat
Blueberry_SekoyaPop,HELLOFRESH,NL-ZH,2026-09-01,2026-09-30,Monthly,,KG,2.923,2.923,2655.06005859375,xgboost_feat
Blueberry_SekoyaPop,HELLOFRESH,NL-ZH,2026-10-01,2026-10-31,Monthly,,KG,2.923,2.923,2868.1826171875,xgboost_feat
Blueberry_SekoyaPop,HELLOFRESH,NL-ZH,2026-11-01,2026-11-30,Monthly,,KG,2.923,2.923,2953.596435546875,xgboost_feat
Blueberry_SekoyaPop,HELLOFRESH,NL-ZH,2026-12-01,2026-12-31,Monthly,,KG,2.923,2.923,3040.6396484375,xgboost_feat
Blueberry_SekoyaPop,HELLOFRESH,NL-ZH,2027-01-01,2027-01-31,Monthly,,KG,2.923,2.923,3012.706787109375,xgboost_feat
Blueberry_SekoyaPop,HOLLANDFOODSERVICE,NL-GE,2026-02-01,2026-02-28,Monthly,,KG,2.7,2.7,3072.935546875,xgboost_feat
Blueberry_SekoyaPop,HOLLANDFOODSERVICE,NL-GE,2026-03-01,2026-03-31,Monthly,,KG,2.7,2.7,3052.48046875,xgboost_feat
Blueberry_SekoyaPop,HOLLANDFOODSERVICE,NL-GE,2026-04-01,2026-04-30,Monthly,,KG,2.7,2.7,2978.597900390625,xgboost_feat
Blueberry_SekoyaPop,HOLLANDFOODSERVICE,NL-GE,2026-05-01,2026-05-31,Monthly,,KG,2.7,2.7,2724.8037109375,xgboost_feat
Blueberry_SekoyaPop,HOLLANDFOODSERVICE,NL-GE,2026-06-01,2026-06-30,Monthly,,KG,2.7,2.7,2672.9208984375,xgboost_feat
Blueberry_SekoyaPop,HOLLANDFOODSERVICE,NL-GE,2026-07-01,2026-07-31,Monthly,,KG,2.7,2.7,2672.5625,xgboost_feat
Blueberry_SekoyaPop,HOLLANDFOODSERVICE,NL-GE,2026-08-01,2026-08-31,Monthly,,KG,2.7,2.7,2655.02587890625,xgboost_feat
Blueberry_SekoyaPop,HOLLANDFOODSERVICE,NL-GE,2026-09-01,2026-09-30,Monthly,,KG,2.7,2.7,2655.026611328125,xgboost_feat
Blueberry_SekoyaPop,HOLLANDFOODSERVICE,NL-GE,2026-10-01,2026-10-31,Monthly,,KG,2.7,2.7,2868.22900390625,xgboost_feat
Blueberry_SekoyaPop,HOLLANDFOODSERVICE,NL-GE,2026-11-01,2026-11-30,Monthly,,KG,2.7,2.7,3047.528564453125,xgboost_feat
Blueberry_SekoyaPop,HOLLANDFOODSERVICE,NL-GE,2026-12-01,2026-12-31,Monthly,,KG,2.7,2.7,3040.7568359375,xgboost_feat
Blueberry_SekoyaPop,HOLLANDFOODSERVICE,NL-GE,2027-01-01,2027-01-31,Monthly,,KG,2.7,2.7,3043.910888671875,xgboost_feat
Blueberry_SekoyaPop,HOLLANDFOODSERVICE,NL-NB,2026-02-01,2026-02-28,Monthly,,KG,2.777,2.777,3100.8681640625,xgboost_feat
Blueberry_SekoyaPop,HOLLANDFOODSERVICE,NL-NB,2026-03-01,2026-03-31,Monthly,,KG,2.777,2.777,2988.093505859375,xgboost_feat
Blueberry_SekoyaPop,HOLLANDFOODSERVICE,NL-NB,2026-04-01,2026-04-30,Monthly,,KG,2.777,2.777,2978.12060546875,xgboost_feat
Blueberry_SekoyaPop,HOLLANDFOODSERVICE,NL-NB,2026-05-01,2026-05-31,Monthly,,KG,2.777,2.777,2704.87060546875,xgboost_feat
Blueberry_SekoyaPop,HOLLANDFOODSERVICE,NL-NB,2026-06-01,2026-06-30,Monthly,,KG,2.777,2.777,2689.720947265625,xgboost_feat
Blueberry_SekoyaPop,HOLLANDFOODSERVICE,NL-NB,2026-07-01,2026-07-31,Monthly,,KG,2.777,2.777,2674.3916015625,xgboost_feat
Blueberry_SekoyaPop,HOLLANDFOODSERVICE,NL-NB,2026-08-01,2026-08-31,Monthly,,KG,2.777,2.777,2670.38232421875,xgboost_feat
Blueberry_SekoyaPop,HOLLANDFOODSERVICE,NL-NB,2026-09-01,2026-09-30,Monthly,,KG,2.777,2.777,2655.32568359375,xgboost_feat
Blueberry_SekoyaPop,HOLLANDFOODSERVICE,NL-NB,2026-10-01,2026-10-31,Monthly,,KG,2.777,2.777,2900.9384765625,xgboost_feat
Blueberry_SekoyaPop,HOLLANDFOODSERVICE,NL-NB,2026-11-01,2026-11-30,Monthly,,KG,2.777,2.777,3048.975830078125,xgboost_feat
Blueberry_SekoyaPop,HOLLANDFOODSERVICE,NL-NB,2026-12-01,2026-12-31,Monthly,,KG,2.777,2.777,3068.5859375,xgboost_feat
Blueberry_SekoyaPop,HOLLANDFOODSERVICE,NL-NB,2027-01-01,2027-01-31,Monthly,,KG,2.777,2.777,3011.532470703125,xgboost_feat
Blueberry_SekoyaPop,HOLLANDFOODSERVICE,NL-NH,2026-02-01,2026-02-28,Monthly,,KG,2.856,2.856,3100.8681640625,xgboost_feat
Blueberry_SekoyaPop,HOLLANDFOODSERVICE,NL-NH,2026-03-01,2026-03-31,Monthly,,KG,2.856,2.856,3059.0634765625,xgboost_feat
Blueberry_SekoyaPop,HOLLANDFOODSERVICE,NL-NH,2026-04-01,2026-04-30,Monthly,,KG,2.856,2.856,2978.597900390625,xgboost_feat
Blueberry_SekoyaPop,HOLLANDFOODSERVICE,NL-NH,2026-05-01,2026-05-31,Monthly,,KG,2.856,2.856,2952.318115234375,xgboost_feat
Blueberry_SekoyaPop,HOLLANDFOODSERVICE,NL-NH,2026-06-01,2026-06-30,Monthly,,KG,2.856,2.856,2674.2548828125,xgboost_feat
Blueberry_SekoyaPop,HOLLANDFOODSERVICE,NL-NH,2026-07-01,2026-07-31,Monthly,,KG,2.856,2.856,2672.5283203125,xgboost_feat
Blueberry_SekoyaPop,HOLLANDFOODSERVICE,NL-NH,2026-08-01,2026-08-31,Monthly,,KG,2.856,2.856,2682.517578125,xgboost_feat
Blueberry_SekoyaPop,HOLLANDFOODSERVICE,NL-NH,2026-09-01,2026-09-30,Monthly,,KG,2.856,2.856,2655.04296875,xgboost_feat
Blueberry_SekoyaPop,HOLLANDFOODSERVICE,NL-NH,2026-10-01,2026-10-31,Monthly,,KG,2.856,2.856,2868.1826171875,xgboost_feat
Blueberry_SekoyaPop,HOLLANDFOODSERVICE,NL-NH,2026-11-01,2026-11-30,Monthly,,KG,2.856,2.856,2944.93505859375,xgboost_feat
Blueberry_SekoyaPop,HOLLANDFOODSERVICE,NL-NH,2026-12-01,2026-12-31,Monthly,,KG,2.856,2.856,3040.63427734375,xgboost_feat
Blueberry_SekoyaPop,HOLLANDFOODSERVICE,NL-NH,2027-01-01,2027-01-31,Monthly,,KG,2.856,2.856,3011.289794921875,xgboost_feat
Blueberry_SekoyaPop,HOLLANDFOODSERVICE,NL-ZH,2026-02-01,2026-02-28,Monthly,,KG,2.866,2.866,3100.8681640625,xgboost_feat
Blueberry_SekoyaPop,HOLLANDFOODSERVICE,NL-ZH,2026-03-01,2026-03-31,Monthly,,KG,2.866,2.866,3052.083984375,xgboost_feat
Blueberry_SekoyaPop,HOLLANDFOODSERVICE,NL-ZH,2026-04-01,2026-04-30,Monthly,,KG,2.866,2.866,2978.597900390625,xgboost_feat
Blueberry_SekoyaPop,HOLLANDFOODSERVICE,NL-ZH,2026-05-01,2026-05-31,Monthly,,KG,2.866,2.866,2725.472900390625,xgboost_feat
Blueberry_SekoyaPop,HOLLANDFOODSERVICE,NL-ZH,2026-06-01,2026-06-30,Monthly,,KG,2.866,2.866,2686.9482421875,xgboost_feat
Blueberry_SekoyaPop,HOLLANDFOODSERVICE,NL-ZH,2026-07-01,2026-07-31,Monthly,,KG,2.866,2.866,2672.189453125,xgboost_feat
Blueberry_SekoyaPop,HOLLANDFOODSERVICE,NL-ZH,2026-08-01,2026-08-31,Monthly,,KG,2.866,2.866,2655.695556640625,xgboost_feat
Blueberry_SekoyaPop,HOLLANDFOODSERVICE,NL-ZH,2026-09-01,2026-09-30,Monthly,,KG,2.866,2.866,2655.06005859375,xgboost_feat
Blueberry_SekoyaPop,HOLLANDFOODSERVICE,NL-ZH,2026-10-01,2026-10-31,Monthly,,KG,2.866,2.866,2868.1826171875,xgboost_feat
Blueberry_SekoyaPop,HOLLANDFOODSERVICE,NL-ZH,2026-11-01,2026-11-30,Monthly,,KG,2.866,2.866,2953.596435546875,xgboost_feat
Blueberry_SekoyaPop,HOLLANDFOODSERVICE,NL-ZH,2026-12-01,2026-12-31,Monthly,,KG,2.866,2.866,3040.6396484375,xgboost_feat
Blueberry_SekoyaPop,HOLLANDFOODSERVICE,NL-ZH,2027-01-01,2027-01-31,Monthly,,KG,2.866,2.866,3011.289794921875,xgboost_feat
Blueberry_SekoyaPop,JUMBO,NL-GE,2026-02-01,2026-02-28,Monthly,,KG,2.693,2.693,3108.46435546875,xgboost_feat
Blueberry_SekoyaPop,JUMBO,NL-GE,2026-03-01,2026-03-31,Monthly,,KG,2.693,2.693,3206.709228515625,xgboost_feat
Blueberry_SekoyaPop,JUMBO,NL-GE,2026-04-01,2026-04-30,Monthly,,KG,2.693,2.693,3012.76806640625,xgboost_feat
Blueberry_SekoyaPop,JUMBO,NL-GE,2026-05-01,2026-05-31,Monthly,,KG,2.693,2.693,2737.234619140625,xgboost_feat
Blueberry_SekoyaPop,JUMBO,NL-GE,2026-06-01,2026-06-30,Monthly,,KG,2.693,2.693,2589.859619140625,xgboost_feat
Blueberry_SekoyaPop,JUMBO,NL-GE,2026-07-01,2026-07-31,Monthly,,KG,2.693,2.693,2671.6767578125,xgboost_feat
Blueberry_SekoyaPop,JUMBO,NL-GE,2026-08-01,2026-08-31,Monthly,,KG,2.693,2.693,2743.134521484375,xgboost_feat
Blueberry_SekoyaPop,JUMBO,NL-GE,2026-09-01,2026-09-30,Monthly,,KG,2.693,2.693,2742.177978515625,xgboost_feat
Blueberry_SekoyaPop,JUMBO,NL-GE,2026-10-01,2026-10-31,Monthly,,KG,2.693,2.693,2907.32861328125,xgboost_feat
Blueberry_SekoyaPop,JUMBO,NL-GE,2026-11-01,2026-11-30,Monthly,,KG,2.693,2.693,3088.598876953125,xgboost_feat
Blueberry_SekoyaPop,JUMBO,NL-GE,2026-12-01,2026-12-31,Monthly,,KG,2.693,2.693,3138.767333984375,xgboost_feat
Blueberry_SekoyaPop,JUMBO,NL-GE,2027-01-01,2027-01-31,Monthly,,KG,2.693,2.693,3060.35791015625,xgboost_feat
Blueberry_SekoyaPop,JUMBO,NL-NB,2026-02-01,2026-02-28,Monthly,,KG,2.778,2.778,3139.607177734375,xgboost_feat
Blueberry_SekoyaPop,JUMBO,NL-NB,2026-03-01,2026-03-31,Monthly,,KG,2.778,2.778,3132.77978515625,xgboost_feat
Blueberry_SekoyaPop,JUMBO,NL-NB,2026-04-01,2026-04-30,Monthly,,KG,2.778,2.778,2995.64697265625,xgboost_feat
Blueberry_SekoyaPop,JUMBO,NL-NB,2026-05-01,2026-05-31,Monthly,,KG,2.778,2.778,2720.541748046875,xgboost_feat
Blueberry_SekoyaPop,JUMBO,NL-NB,2026-06-01,2026-06-30,Monthly,,KG,2.778,2.778,2713.66748046875,xgboost_feat
Blueberry_SekoyaPop,JUMBO,NL-NB,2026-07-01,2026-07-31,Monthly,,KG,2.778,2.778,2735.380615234375,xgboost_feat
Blueberry_SekoyaPop,JUMBO,NL-NB,2026-08-01,2026-08-31,Monthly,,KG,2.778,2.778,2767.9052734375,xgboost_feat
Blueberry_SekoyaPop,JUMBO,NL-NB,2026-09-01,2026-09-30,Monthly,,KG,2.778,2.778,2743.4873046875,xgboost_feat
Blueberry_SekoyaPop,JUMBO,NL-NB,2026-10-01,2026-10-31,Monthly,,KG,2.778,2.778,2946.630126953125,xgboost_feat
Blueberry_SekoyaPop,JUMBO,NL-NB,2026-11-01,2026-11-30,Monthly,,KG,2.778,2.778,3140.355712890625,xgboost_feat
Blueberry_SekoyaPop,JUMBO,NL-NB,2026-12-01,2026-12-31,Monthly,,KG,2.778,2.778,3167.52587890625,xgboost_feat
Blueberry_SekoyaPop,JUMBO,NL-NB,2027-01-01,2027-01-31,Monthly,,KG,2.778,2.778,3143.57861328125,xgboost_feat
Blueberry_SekoyaPop,JUMBO,NL-NH,2026-02-01,2026-02-28,Monthly,,KG,2.833,2.833,3102.46533203125,xgboost_feat
Blueberry_SekoyaPop,JUMBO,NL-NH,2026-03-01,2026-03-31,Monthly,,KG,2.833,2.833,3080.236572265625,xgboost_feat
Blueberry_SekoyaPop,JUMBO,NL-NH,2026-04-01,2026-04-30,Monthly,,KG,2.833,2.833,3104.999755859375,xgboost_feat
Blueberry_SekoyaPop,JUMBO,NL-NH,2026-05-01,2026-05-31,Monthly,,KG,2.833,2.833,2957.66357421875,xgboost_feat
Blueberry_SekoyaPop,JUMBO,NL-NH,2026-06-01,2026-06-30,Monthly,,KG,2.833,2.833,2696.26806640625,xgboost_feat
Blueberry_SekoyaPop,JUMBO,NL-NH,2026-07-01,2026-07-31,Monthly,,KG,2.833,2.833,2730.835693359375,xgboost_feat
Blueberry_SekoyaPop,JUMBO,NL-NH,2026-08-01,2026-08-31,Monthly,,KG,2.833,2.833,2769.97509765625,xgboost_feat
Blueberry_SekoyaPop,JUMBO,NL-NH,2026-09-01,2026-09-30,Monthly,,KG,2.833,2.833,2742.094970703125,xgboost_feat
Blueberry_SekoyaPop,JUMBO,NL-NH,2026-10-01,2026-10-31,Monthly,,KG,2.833,2.833,2907.572998046875,xgboost_feat
Blueberry_SekoyaPop,JUMBO,NL-NH,2026-11-01,2026-11-30,Monthly,,KG,2.833,2.833,2956.806640625,xgboost_feat
Blueberry_SekoyaPop,JUMBO,NL-NH,2026-12-01,2026-12-31,Monthly,,KG,2.833,2.833,3137.28369140625,xgboost_feat
Blueberry_SekoyaPop,JUMBO,NL-NH,2027-01-01,2027-01-31,Monthly,,KG,2.833,2.833,3060.57666015625,xgboost_feat
Blueberry_SekoyaPop,JUMBO,NL-ZH,2026-02-01,2026-02-28,Monthly,,KG,2.871,2.871,2971.197265625,xgboost_feat
Blueberry_SekoyaPop,JUMBO,NL-ZH,2026-03-01,2026-03-31,Monthly,,KG,2.871,2.871,3055.0087890625,xgboost_feat
Blueberry_SekoyaPop,JUMBO,NL-ZH,2026-04-01,2026-04-30,Monthly,,KG,2.871,2.871,2990.456298828125,xgboost_feat
Blueberry_SekoyaPop,JUMBO,NL-ZH,2026-05-01,2026-05-31,Monthly,,KG,2.871,2.871,2758.827392578125,xgboost_feat
Blueberry_SekoyaPop,JUMBO,NL-ZH,2026-06-01,2026-06-30,Monthly,,KG,2.871,2.871,2692.527099609375,xgboost_feat
Blueberry_SekoyaPop,JUMBO,NL-ZH,2026-07-01,2026-07-31,Monthly,,KG,2.871,2.871,2726.53369140625,xgboost_feat
Blueberry_SekoyaPop,JUMBO,NL-ZH,2026-08-01,2026-08-31,Monthly,,KG,2.871,2.871,2746.94580078125,xgboost_feat
Blueberry_SekoyaPop,JUMBO,NL-ZH,2026-09-01,2026-09-30,Monthly,,KG,2.871,2.871,2741.8232421875,xgboost_feat
Blueberry_SekoyaPop,JUMBO,NL-ZH,2026-10-01,2026-10-31,Monthly,,KG,2.871,2.871,2912.976318359375,xgboost_feat
Blueberry_SekoyaPop,JUMBO,NL-ZH,2026-11-01,2026-11-30,Monthly,,KG,2.871,2.871,3010.37939453125,xgboost_feat
Blueberry_SekoyaPop,JUMBO,NL-ZH,2026-12-01,2026-12-31,Monthly,,KG,2.871,2.871,3137.206298828125,xgboost_feat
Blueberry_SekoyaPop,JUMBO,NL-ZH,2027-01-01,2027-01-31,Monthly,,KG,2.871,2.871,3137.201171875,xgboost_feat
Blueberry_SekoyaPop,MELEDI,NL-GE,2026-02-01,2026-02-28,Monthly,,KG,2.657,2.657,3093.10693359375,xgboost_feat
Blueberry_SekoyaPop,MELEDI,NL-GE,2026-03-01,2026-03-31,Monthly,,KG,2.657,2.657,3040.069091796875,xgboost_feat
Blueberry_SekoyaPop,MELEDI,NL-GE,2026-04-01,2026-04-30,Monthly,,KG,2.657,2.657,2966.186279296875,xgboost_feat
Blueberry_SekoyaPop,MELEDI,NL-GE,2026-05-01,2026-05-31,Monthly,,KG,2.657,2.657,2618.807861328125,xgboost_feat
Blueberry_SekoyaPop,MELEDI,NL-GE,2026-06-01,2026-06-30,Monthly,,KG,2.657,2.657,2478.49755859375,xgboost_feat
Blueberry_SekoyaPop,MELEDI,NL-GE,2026-07-01,2026-07-31,Monthly,,KG,2.657,2.657,2475.91259765625,xgboost_feat
Blueberry_SekoyaPop,MELEDI,NL-GE,2026-08-01,2026-08-31,Monthly,,KG,2.657,2.657,2538.486572265625,xgboost_feat
Blueberry_SekoyaPop,MELEDI,NL-GE,2026-09-01,2026-09-30,Monthly,,KG,2.657,2.657,2538.47265625,xgboost_feat
Blueberry_SekoyaPop,MELEDI,NL-GE,2026-10-01,2026-10-31,Monthly,,KG,2.657,2.657,2846.912109375,xgboost_feat
Blueberry_SekoyaPop,MELEDI,NL-GE,2026-11-01,2026-11-30,Monthly,,KG,2.657,2.657,3012.173095703125,xgboost_feat
Blueberry_SekoyaPop,MELEDI,NL-GE,2026-12-01,2026-12-31,Monthly,,KG,2.657,2.657,2991.559326171875,xgboost_feat
Blueberry_SekoyaPop,MELEDI,NL-GE,2027-01-01,2027-01-31,Monthly,,KG,2.657,2.657,2996.4990234375,xgboost_feat
Blueberry_SekoyaPop,MELEDI,NL-NB,2026-02-01,2026-02-28,Monthly,,KG,2.781,2.781,3100.54150390625,xgboost_feat
Blueberry_SekoyaPop,MELEDI,NL-NB,2026-03-01,2026-03-31,Monthly,,KG,2.781,2.781,2988.093505859375,xgboost_feat
Blueberry_SekoyaPop,MELEDI,NL-NB,2026-04-01,2026-04-30,Monthly,,KG,2.781,2.781,2978.12060546875,xgboost_feat
Blueberry_SekoyaPop,MELEDI,NL-NB,2026-05-01,2026-05-31,Monthly,,KG,2.781,2.781,2704.87060546875,xgboost_feat
Blueberry_SekoyaPop,MELEDI,NL-NB,2026-06-01,2026-06-30,Monthly,,KG,2.781,2.781,2689.720947265625,xgboost_feat
Blueberry_SekoyaPop,MELEDI,NL-NB,2026-07-01,2026-07-31,Monthly,,KG,2.781,2.781,2674.3916015625,xgboost_feat
Blueberry_SekoyaPop,MELEDI,NL-NB,2026-08-01,2026-08-31,Monthly,,KG,2.781,2.781,2670.38232421875,xgboost_feat
Blueberry_SekoyaPop,MELEDI,NL-NB,2026-09-01,2026-09-30,Monthly,,KG,2.781,2.781,2655.32568359375,xgboost_feat
Blueberry_SekoyaPop,MELEDI,NL-NB,2026-10-01,2026-10-31,Monthly,,KG,2.781,2.781,2900.9384765625,xgboost_feat
Blueberry_SekoyaPop,MELEDI,NL-NB,2026-11-01,2026-11-30,Monthly,,KG,2.781,2.781,3048.975830078125,xgboost_feat
Blueberry_SekoyaPop,MELEDI,NL-NB,2026-12-01,2026-12-31,Monthly,,KG,2.781,2.781,3068.5859375,xgboost_feat
Blueberry_SekoyaPop,MELEDI,NL-NB,2027-01-01,2027-01-31,Monthly,,KG,2.781,2.781,3011.532470703125,xgboost_feat
Blueberry_SekoyaPop,MELEDI,NL-NH,2026-02-01,2026-02-28,Monthly,,KG,2.847,2.847,3072.935546875,xgboost_feat
Blueberry_SekoyaPop,MELEDI,NL-NH,2026-03-01,2026-03-31,Monthly,,KG,2.847,2.847,3059.0634765625,xgboost_feat
Blueberry_SekoyaPop,MELEDI,NL-NH,2026-04-01,2026-04-30,Monthly,,KG,2.847,2.847,2978.597900390625,xgboost_feat
Blueberry_SekoyaPop,MELEDI,NL-NH,2026-05-01,2026-05-31,Monthly,,KG,2.847,2.847,2952.389404296875,xgboost_feat
Blueberry_SekoyaPop,MELEDI,NL-NH,2026-06-01,2026-06-30,Monthly,,KG,2.847,2.847,2674.2548828125,xgboost_feat
Blueberry_SekoyaPop,MELEDI,NL-NH,2026-07-01,2026-07-31,Monthly,,KG,2.847,2.847,2672.5283203125,xgboost_feat
Blueberry_SekoyaPop,MELEDI,NL-NH,2026-08-01,2026-08-31,Monthly,,KG,2.847,2.847,2682.517578125,xgboost_feat
Blueberry_SekoyaPop,MELEDI,NL-NH,2026-09-01,2026-09-30,Monthly,,KG,2.847,2.847,2655.04296875,xgboost_feat
Blueberry_SekoyaPop,MELEDI,NL-NH,2026-10-01,2026-10-31,Monthly,,KG,2.847,2.847,2868.1826171875,xgboost_feat
Blueberry_SekoyaPop,MELEDI,NL-NH,2026-11-01,2026-11-30,Monthly,,KG,2.847,2.847,2944.93505859375,xgboost_feat
Blueberry_SekoyaPop,MELEDI,NL-NH,2026-12-01,2026-12-31,Monthly,,KG,2.847,2.847,3040.63427734375,xgboost_feat
Blueberry_SekoyaPop,MELEDI,NL-NH,2027-01-01,2027-01-31,Monthly,,KG,2.847,2.847,3011.33935546875,xgboost_feat
Blueberry_SekoyaPop,MELEDI,NL-ZH,2026-02-01,2026-02-28,Monthly,,KG,2.934,2.934,3072.935546875,xgboost_feat
Blueberry_SekoyaPop,MELEDI,NL-ZH,2026-03-01,2026-03-31,Monthly,,KG,2.934,2.934,3052.083984375,xgboost_feat
Blueberry_SekoyaPop,MELEDI,NL-ZH,2026-04-01,2026-04-30,Monthly,,KG,2.934,2.934,2978.597900390625,xgboost_feat
Blueberry_SekoyaPop,MELEDI,NL-ZH,2026-05-01,2026-05-31,Monthly,,KG,2.934,2.934,2725.472900390625,xgboost_feat
Blueberry_SekoyaPop,MELEDI,NL-ZH,2026-06-01,2026-06-30,Monthly,,KG,2.934,2.934,2686.951171875,xgboost_feat
Blueberry_SekoyaPop,MELEDI,NL-ZH,2026-07-01,2026-07-31,Monthly,,KG,2.934,2.934,2672.189453125,xgboost_feat
Blueberry_SekoyaPop,MELEDI,NL-ZH,2026-08-01,2026-08-31,Monthly,,KG,2.934,2.934,2655.695556640625,xgboost_feat
Blueberry_SekoyaPop,MELEDI,NL-ZH,2026-09-01,2026-09-30,Monthly,,KG,2.934,2.934,2655.06005859375,xgboost_feat
Blueberry_SekoyaPop,MELEDI,NL-ZH,2026-10-01,2026-10-31,Monthly,,KG,2.934,2.934,2868.1826171875,xgboost_feat
Blueberry_SekoyaPop,MELEDI,NL-ZH,2026-11-01,2026-11-30,Monthly,,KG,2.934,2.934,2953.596435546875,xgboost_feat
Blueberry_SekoyaPop,MELEDI,NL-ZH,2026-12-01,2026-12-31,Monthly,,KG,2.934,2.934,3040.6396484375,xgboost_feat
Blueberry_SekoyaPop,MELEDI,NL-ZH,2027-01-01,2027-01-31,Monthly,,KG,2.934,2.934,3013.76611328125,xgboost_feat
Blueberry_SekoyaPop,PICNIC,NL-GE,2026-02-01,2026-02-28,Monthly,,KG,2.676,2.676,3092.9384765625,xgboost_feat
Blueberry_SekoyaPop,PICNIC,NL-GE,2026-03-01,2026-03-31,Monthly,,KG,2.676,2.676,3039.753173828125,xgboost_feat
Blueberry_SekoyaPop,PICNIC,NL-GE,2026-04-01,2026-04-30,Monthly,,KG,2.676,2.676,2965.87060546875,xgboost_feat
Blueberry_SekoyaPop,PICNIC,NL-GE,2026-05-01,2026-05-31,Monthly,,KG,2.676,2.676,2618.4404296875,xgboost_feat
Blueberry_SekoyaPop,PICNIC,NL-GE,2026-06-01,2026-06-30,Monthly,,KG,2.676,2.676,2478.14599609375,xgboost_feat
Blueberry_SekoyaPop,PICNIC,NL-GE,2026-07-01,2026-07-31,Monthly,,KG,2.676,2.676,2475.587158203125,xgboost_feat
Blueberry_SekoyaPop,PICNIC,NL-GE,2026-08-01,2026-08-31,Monthly,,KG,2.676,2.676,2538.156982421875,xgboost_feat
Blueberry_SekoyaPop,PICNIC,NL-GE,2026-09-01,2026-09-30,Monthly,,KG,2.676,2.676,2538.142578125,xgboost_feat
Blueberry_SekoyaPop,PICNIC,NL-GE,2026-10-01,2026-10-31,Monthly,,KG,2.676,2.676,2846.576416015625,xgboost_feat
Blueberry_SekoyaPop,PICNIC,NL-GE,2026-11-01,2026-11-30,Monthly,,KG,2.676,2.676,3011.84423828125,xgboost_feat
Blueberry_SekoyaPop,PICNIC,NL-GE,2026-12-01,2026-12-31,Monthly,,KG,2.676,2.676,2991.2216796875,xgboost_feat
Blueberry_SekoyaPop,PICNIC,NL-GE,2027-01-01,2027-01-31,Monthly,,KG,2.676,2.676,2996.155029296875,xgboost_feat
Blueberry_SekoyaPop,PICNIC,NL-NB,2026-02-01,2026-02-28,Monthly,,KG,2.77,2.77,3105.52099609375,xgboost_feat
Blueberry_SekoyaPop,PICNIC,NL-NB,2026-03-01,2026-03-31,Monthly,,KG,2.77,2.77,2988.093505859375,xgboost_feat
Blueberry_SekoyaPop,PICNIC,NL-NB,2026-04-01,2026-04-30,Monthly,,KG,2.77,2.77,2978.12060546875,xgboost_feat
Blueberry_SekoyaPop,PICNIC,NL-NB,2026-05-01,2026-05-31,Monthly,,KG,2.77,2.77,2704.87060546875,xgboost_feat
Blueberry_SekoyaPop,PICNIC,NL-NB,2026-06-01,2026-06-30,Monthly,,KG,2.77,2.77,2689.720947265625,xgboost_feat
Blueberry_SekoyaPop,PICNIC,NL-NB,2026-07-01,2026-07-31,Monthly,,KG,2.77,2.77,2674.3916015625,xgboost_feat
Blueberry_SekoyaPop,PICNIC,NL-NB,2026-08-01,2026-08-31,Monthly,,KG,2.77,2.77,2670.38232421875,xgboost_feat
Blueberry_SekoyaPop,PICNIC,NL-NB,2026-09-01,2026-09-30,Monthly,,KG,2.77,2.77,2655.32568359375,xgboost_feat
Blueberry_SekoyaPop,PICNIC,NL-NB,2026-10-01,2026-10-31,Monthly,,KG,2.77,2.77,2900.9384765625,xgboost_feat
Blueberry_SekoyaPop,PICNIC,NL-NB,2026-11-01,2026-11-30,Monthly,,KG,2.77,2.77,3048.975830078125,xgboost_feat
Blueberry_SekoyaPop,PICNIC,NL-NB,2026-12-01,2026-12-31,Monthly,,KG,2.77,2.77,3068.5859375,xgboost_feat
Blueberry_SekoyaPop,PICNIC,NL-NB,2027-01-01,2027-01-31,Monthly,,KG,2.77,2.77,3012.968505859375,xgboost_feat
Blueberry_SekoyaPop,PICNIC,NL-NH,2026-02-01,2026-02-28,Monthly,,KG,2.844,2.844,3105.52099609375,xgboost_feat
Blueberry_SekoyaPop,PICNIC,NL-NH,2026-03-01,2026-03-31,Monthly,,KG,2.844,2.844,3059.0634765625,xgboost_feat
Blueberry_SekoyaPop,PICNIC,NL-NH,2026-04-01,2026-04-30,Monthly,,KG,2.844,2.844,2978.597900390625,xgboost_feat
Blueberry_SekoyaPop,PICNIC,NL-NH,2026-05-01,2026-05-31,Monthly,,KG,2.844,2.844,2952.318115234375,xgboost_feat
Blueberry_SekoyaPop,PICNIC,NL-NH,2026-06-01,2026-06-30,Monthly,,KG,2.844,2.844,2674.252197265625,xgboost_feat
Blueberry_SekoyaPop,PICNIC,NL-NH,2026-07-01,2026-07-31,Monthly,,KG,2.844,2.844,2672.5283203125,xgboost_feat
Blueberry_SekoyaPop,PICNIC,NL-NH,2026-08-01,2026-08-31,Monthly,,KG,2.844,2.844,2682.517578125,xgboost_feat
Blueberry_SekoyaPop,PICNIC,NL-NH,2026-09-01,2026-09-30,Monthly,,KG,2.844,2.844,2655.04296875,xgboost_feat
Blueberry_SekoyaPop,PICNIC,NL-NH,2026-10-01,2026-10-31,Monthly,,KG,2.844,2.844,2868.1826171875,xgboost_feat
Blueberry_SekoyaPop,PICNIC,NL-NH,2026-11-01,2026-11-30,Monthly,,KG,2.844,2.844,2944.93505859375,xgboost_feat
Blueberry_SekoyaPop,PICNIC,NL-NH,2026-12-01,2026-12-31,Monthly,,KG,2.844,2.844,3040.63427734375,xgboost_feat
Blueberry_SekoyaPop,PICNIC,NL-NH,2027-01-01,2027-01-31,Monthly,,KG,2.844,2.844,3012.706787109375,xgboost_feat
Blueberry_SekoyaPop,PICNIC,NL-ZH,2026-02-01,2026-02-28,Monthly,,KG,2.933,2.933,3072.935546875,xgboost_feat
Blueberry_SekoyaPop,PICNIC,NL-ZH,2026-03-01,2026-03-31,Monthly,,KG,2.933,2.933,3052.083984375,xgboost_feat
Blueberry_SekoyaPop,PICNIC,NL-ZH,2026-04-01,2026-04-30,Monthly,,KG,2.933,2.933,2978.597900390625,xgboost_feat
Blueberry_SekoyaPop,PICNIC,NL-ZH,2026-05-01,2026-05-31,Monthly,,KG,2.933,2.933,2725.472900390625,xgboost_feat
Blueberry_SekoyaPop,PICNIC,NL-ZH,2026-06-01,2026-06-30,Monthly,,KG,2.933,2.933,2686.9482421875,xgboost_feat
Blueberry_SekoyaPop,PICNIC,NL-ZH,2026-07-01,2026-07-31,Monthly,,KG,2.933,2.933,2672.189453125,xgboost_feat
Blueberry_SekoyaPop,PICNIC,NL-ZH,2026-08-01,2026-08-31,Monthly,,KG,2.933,2.933,2655.695556640625,xgboost_feat
Blueberry_SekoyaPop,PICNIC,NL-ZH,2026-09-01,2026-09-30,Monthly,,KG,2.933,2.933,2655.06005859375,xgboost_feat
Blueberry_SekoyaPop,PICNIC,NL-ZH,2026-10-01,2026-10-31,Monthly,,KG,2.933,2.933,2868.1826171875,xgboost_feat
Blueberry_SekoyaPop,PICNIC,NL-ZH,2026-11-01,2026-11-30,Monthly,,KG,2.933,2.933,2953.596435546875,xgboost_feat
Blueberry_SekoyaPop,PICNIC,NL-ZH,2026-12-01,2026-12-31,Monthly,,KG,2.933,2.933,3040.6396484375,xgboost_feat
Blueberry_SekoyaPop,PICNIC,NL-ZH,2027-01-01,2027-01-31,Monthly,,KG,2.933,2.933,3012.706787109375,xgboost_feat
Blueberry_SekoyaPop,PLUS,NL-GE,2026-02-01,2026-02-28,Monthly,,KG,2.643,2.643,3160.436279296875,xgboost_feat
Blueberry_SekoyaPop,PLUS,NL-GE,2026-03-01,2026-03-31,Monthly,,KG,2.643,2.643,3211.866943359375,xgboost_feat
Blueberry_SekoyaPop,PLUS,NL-GE,2026-04-01,2026-04-30,Monthly,,KG,2.643,2.643,3003.2529296875,xgboost_feat
Blueberry_SekoyaPop,PLUS,NL-GE,2026-05-01,2026-05-31,Monthly,,KG,2.643,2.643,2627.31298828125,xgboost_feat
Blueberry_SekoyaPop,PLUS,NL-GE,2026-06-01,2026-06-30,Monthly,,KG,2.643,2.643,2434.18212890625,xgboost_feat
Blueberry_SekoyaPop,PLUS,NL-GE,2026-07-01,2026-07-31,Monthly,,KG,2.643,2.643,2465.23193359375,xgboost_feat
Blueberry_SekoyaPop,PLUS,NL-GE,2026-08-01,2026-08-31,Monthly,,KG,2.643,2.643,2603.9951171875,xgboost_feat
Blueberry_SekoyaPop,PLUS,NL-GE,2026-09-01,2026-09-30,Monthly,,KG,2.643,2.643,2716.261962890625,xgboost_feat
Blueberry_SekoyaPop,PLUS,NL-GE,2026-10-01,2026-10-31,Monthly,,KG,2.643,2.643,2933.34033203125,xgboost_feat
Blueberry_SekoyaPop,PLUS,NL-GE,2026-11-01,2026-11-30,Monthly,,KG,2.643,2.643,3161.482666015625,xgboost_feat
Blueberry_SekoyaPop,PLUS,NL-GE,2026-12-01,2026-12-31,Monthly,,KG,2.643,2.643,3179.838623046875,xgboost_feat
Blueberry_SekoyaPop,PLUS,NL-GE,2027-01-01,2027-01-31,Monthly,,KG,2.643,2.643,3085.495849609375,xgboost_feat
Blueberry_SekoyaPop,PLUS,NL-NB,2026-02-01,2026-02-28,Monthly,,KG,2.765,2.765,3080.499755859375,xgboost_feat
Blueberry_SekoyaPop,PLUS,NL-NB,2026-03-01,2026-03-31,Monthly,,KG,2.765,2.765,3059.59423828125,xgboost_feat
Blueberry_SekoyaPop,PLUS,NL-NB,2026-04-01,2026-04-30,Monthly,,KG,2.765,2.765,3055.458740234375,xgboost_feat
Blueberry_SekoyaPop,PLUS,NL-NB,2026-05-01,2026-05-31,Monthly,,KG,2.765,2.765,2743.231201171875,xgboost_feat
Blueberry_SekoyaPop,PLUS,NL-NB,2026-06-01,2026-06-30,Monthly,,KG,2.765,2.765,2714.837158203125,xgboost_feat
Blueberry_SekoyaPop,PLUS,NL-NB,2026-07-01,2026-07-31,Monthly,,KG,2.765,2.765,2711.375244140625,xgboost_feat
Blueberry_SekoyaPop,PLUS,NL-NB,2026-08-01,2026-08-31,Monthly,,KG,2.765,2.765,2767.91748046875,xgboost_feat
Blueberry_SekoyaPop,PLUS,NL-NB,2026-09-01,2026-09-30,Monthly,,KG,2.765,2.765,2743.68212890625,xgboost_feat
Blueberry_SekoyaPop,PLUS,NL-NB,2026-10-01,2026-10-31,Monthly,,KG,2.765,2.765,2937.242431640625,xgboost_feat
Blueberry_SekoyaPop,PLUS,NL-NB,2026-11-01,2026-11-30,Monthly,,KG,2.765,2.765,3140.334716796875,xgboost_feat
Blueberry_SekoyaPop,PLUS,NL-NB,2026-12-01,2026-12-31,Monthly,,KG,2.765,2.765,3167.51025390625,xgboost_feat
Blueberry_SekoyaPop,PLUS,NL-NB,2027-01-01,2027-01-31,Monthly,,KG,2.765,2.765,3143.5908203125,xgboost_feat
Blueberry_SekoyaPop,PLUS,NL-NH,2026-02-01,2026-02-28,Monthly,,KG,2.822,2.822,3126.667724609375,xgboost_feat
Blueberry_SekoyaPop,PLUS,NL-NH,2026-03-01,2026-03-31,Monthly,,KG,2.822,2.822,3208.486572265625,xgboost_feat
Blueberry_SekoyaPop,PLUS,NL-NH,2026-04-01,2026-04-30,Monthly,,KG,2.822,2.822,3031.564208984375,xgboost_feat
Blueberry_SekoyaPop,PLUS,NL-NH,2026-05-01,2026-05-31,Monthly,,KG,2.822,2.822,2952.47021484375,xgboost_feat
Blueberry_SekoyaPop,PLUS,NL-NH,2026-06-01,2026-06-30,Monthly,,KG,2.822,2.822,2693.261962890625,xgboost_feat
Blueberry_SekoyaPop,PLUS,NL-NH,2026-07-01,2026-07-31,Monthly,,KG,2.822,2.822,2725.078125,xgboost_feat
Blueberry_SekoyaPop,PLUS,NL-NH,2026-08-01,2026-08-31,Monthly,,KG,2.822,2.822,2770.025390625,xgboost_feat
Blueberry_SekoyaPop,PLUS,NL-NH,2026-09-01,2026-09-30,Monthly,,KG,2.822,2.822,2751.341064453125,xgboost_feat
Blueberry_SekoyaPop,PLUS,NL-NH,2026-10-01,2026-10-31,Monthly,,KG,2.822,2.822,2907.572998046875,xgboost_feat
Blueberry_SekoyaPop,PLUS,NL-NH,2026-11-01,2026-11-30,Monthly,,KG,2.822,2.822,2956.806640625,xgboost_feat
Blueberry_SekoyaPop,PLUS,NL-NH,2026-12-01,2026-12-31,Monthly,,KG,2.822,2.822,3137.28369140625,xgboost_feat
Blueberry_SekoyaPop,PLUS,NL-NH,2027-01-01,2027-01-31,Monthly,,KG,2.822,2.822,3137.582763671875,xgboost_feat
Blueberry_SekoyaPop,PLUS,NL-ZH,2026-02-01,2026-02-28,Monthly,,KG,2.845,2.845,3078.28564453125,xgboost_feat
Blueberry_SekoyaPop,PLUS,NL-ZH,2026-03-01,2026-03-31,Monthly,,KG,2.845,2.845,2973.0146484375,xgboost_feat
Blueberry_SekoyaPop,PLUS,NL-ZH,2026-04-01,2026-04-30,Monthly,,KG,2.845,2.845,2926.41259765625,xgboost_feat
Blueberry_SekoyaPop,PLUS,NL-ZH,2026-05-01,2026-05-31,Monthly,,KG,2.845,2.845,2753.859619140625,xgboost_feat
Blueberry_SekoyaPop,PLUS,NL-ZH,2026-06-01,2026-06-30,Monthly,,KG,2.845,2.845,2668.533203125,xgboost_feat
Blueberry_SekoyaPop,PLUS,NL-ZH,2026-07-01,2026-07-31,Monthly,,KG,2.845,2.845,2706.333251953125,xgboost_feat
Blueberry_SekoyaPop,PLUS,NL-ZH,2026-08-01,2026-08-31,Monthly,,KG,2.845,2.845,2743.784912109375,xgboost_feat
Blueberry_SekoyaPop,PLUS,NL-ZH,2026-09-01,2026-09-30,Monthly,,KG,2.845,2.845,2744.90966796875,xgboost_feat
Blueberry_SekoyaPop,PLUS,NL-ZH,2026-10-01,2026-10-31,Monthly,,KG,2.845,2.845,2913.668701171875,xgboost_feat
Blueberry_SekoyaPop,PLUS,NL-ZH,2026-11-01,2026-11-30,Monthly,,KG,2.845,2.845,3010.33251953125,xgboost_feat
Blueberry_SekoyaPop,PLUS,NL-ZH,2026-12-01,2026-12-31,Monthly,,KG,2.845,2.845,3137.221435546875,xgboost_feat
Blueberry_SekoyaPop,PLUS,NL-ZH,2027-01-01,2027-01-31,Monthly,,KG,2.845,2.845,3137.201171875,xgboost_feat
Blueberry_SekoyaPop,SLIGRO,NL-GE,2026-02-01,2026-02-28,Monthly,,KG,2.706,2.706,3105.67138671875,xgboost_feat
Blueberry_SekoyaPop,SLIGRO,NL-GE,2026-03-01,2026-03-31,Monthly,,KG,2.706,2.706,3052.48046875,xgboost_feat
Blueberry_SekoyaPop,SLIGRO,NL-GE,2026-04-01,2026-04-30,Monthly,,KG,2.706,2.706,2978.597900390625,xgboost_feat
Blueberry_SekoyaPop,SLIGRO,NL-GE,2026-05-01,2026-05-31,Monthly,,KG,2.706,2.706,2724.732421875,xgboost_feat
Blueberry_SekoyaPop,SLIGRO,NL-GE,2026-06-01,2026-06-30,Monthly,,KG,2.706,2.706,2672.9208984375,xgboost_feat
Blueberry_SekoyaPop,SLIGRO,NL-GE,2026-07-01,2026-07-31,Monthly,,KG,2.706,2.706,2672.5625,xgboost_feat
Blueberry_SekoyaPop,SLIGRO,NL-GE,2026-08-01,2026-08-31,Monthly,,KG,2.706,2.706,2655.02587890625,xgboost_feat
Blueberry_SekoyaPop,SLIGRO,NL-GE,2026-09-01,2026-09-30,Monthly,,KG,2.706,2.706,2655.026611328125,xgboost_feat
Blueberry_SekoyaPop,SLIGRO,NL-GE,2026-10-01,2026-10-31,Monthly,,KG,2.706,2.706,2868.22900390625,xgboost_feat
Blueberry_SekoyaPop,SLIGRO,NL-GE,2026-11-01,2026-11-30,Monthly,,KG,2.706,2.706,3047.528564453125,xgboost_feat
Blueberry_SekoyaPop,SLIGRO,NL-GE,2026-12-01,2026-12-31,Monthly,,KG,2.706,2.706,3040.7568359375,xgboost_feat
Blueberry_SekoyaPop,SLIGRO,NL-GE,2027-01-01,2027-01-31,Monthly,,KG,2.706,2.706,3043.910888671875,xgboost_feat
Blueberry_SekoyaPop,SLIGRO,NL-NB,2026-02-01,2026-02-28,Monthly,,KG,2.748,2.748,3072.935546875,xgboost_feat
Blueberry_SekoyaPop,SLIGRO,NL-NB,2026-03-01,2026-03-31,Monthly,,KG,2.748,2.748,2988.093505859375,xgboost_feat
Blueberry_SekoyaPop,SLIGRO,NL-NB,2026-04-01,2026-04-30,Monthly,,KG,2.748,2.748,2978.12060546875,xgboost_feat
Blueberry_SekoyaPop,SLIGRO,NL-NB,2026-05-01,2026-05-31,Monthly,,KG,2.748,2.748,2704.87060546875,xgboost_feat
Blueberry_SekoyaPop,SLIGRO,NL-NB,2026-06-01,2026-06-30,Monthly,,KG,2.748,2.748,2689.720947265625,xgboost_feat
Blueberry_SekoyaPop,SLIGRO,NL-NB,2026-07-01,2026-07-31,Monthly,,KG,2.748,2.748,2674.3916015625,xgboost_feat
Blueberry_SekoyaPop,SLIGRO,NL-NB,2026-08-01,2026-08-31,Monthly,,KG,2.748,2.748,2670.38232421875,xgboost_feat
Blueberry_SekoyaPop,SLIGRO,NL-NB,2026-09-01,2026-09-30,Monthly,,KG,2.748,2.748,2655.32568359375,xgboost_feat
Blueberry_SekoyaPop,SLIGRO,NL-NB,2026-10-01,2026-10-31,Monthly,,KG,2.748,2.748,2900.9384765625,xgboost_feat
Blueberry_SekoyaPop,SLIGRO,NL-NB,2026-11-01,2026-11-30,Monthly,,KG,2.748,2.748,3048.975830078125,xgboost_feat
Blueberry_SekoyaPop,SLIGRO,NL-NB,2026-12-01,2026-12-31,Monthly,,KG,2.748,2.748,3068.5859375,xgboost_feat
Blueberry_SekoyaPop,SLIGRO,NL-NB,2027-01-01,2027-01-31,Monthly,,KG,2.748,2.748,3011.532470703125,xgboost_feat
Blueberry_SekoyaPop,SLIGRO,NL-NH,2026-02-01,2026-02-28,Monthly,,KG,2.858,2.858,3100.54150390625,xgboost_feat
Blueberry_SekoyaPop,SLIGRO,NL-NH,2026-03-01,2026-03-31,Monthly,,KG,2.858,2.858,3059.0634765625,xgboost_feat
Blueberry_SekoyaPop,SLIGRO,NL-NH,2026-04-01,2026-04-30,Monthly,,KG,2.858,2.858,2978.597900390625,xgboost_feat
Blueberry_SekoyaPop,SLIGRO,NL-NH,2026-05-01,2026-05-31,Monthly,,KG,2.858,2.858,2952.318115234375,xgboost_feat
Blueberry_SekoyaPop,SLIGRO,NL-NH,2026-06-01,2026-06-30,Monthly,,KG,2.858,2.858,2674.2548828125,xgboost_feat
Blueberry_SekoyaPop,SLIGRO,NL-NH,2026-07-01,2026-07-31,Monthly,,KG,2.858,2.858,2672.5283203125,xgboost_feat
Blueberry_SekoyaPop,SLIGRO,NL-NH,2026-08-01,2026-08-31,Monthly,,KG,2.858,2.858,2682.517578125,xgboost_feat
Blueberry_SekoyaPop,SLIGRO,NL-NH,2026-09-01,2026-09-30,Monthly,,KG,2.858,2.858,2655.04296875,xgboost_feat
Blueberry_SekoyaPop,SLIGRO,NL-NH,2026-10-01,2026-10-31,Monthly,,KG,2.858,2.858,2868.1826171875,xgboost_feat
Blueberry_SekoyaPop,SLIGRO,NL-NH,2026-11-01,2026-11-30,Monthly,,KG,2.858,2.858,2944.93505859375,xgboost_feat
Blueberry_SekoyaPop,SLIGRO,NL-NH,2026-12-01,2026-12-31,Monthly,,KG,2.858,2.858,3040.63427734375,xgboost_feat
Blueberry_SekoyaPop,SLIGRO,NL-NH,2027-01-01,2027-01-31,Monthly,,KG,2.858,2.858,3011.289794921875,xgboost_feat
Blueberry_SekoyaPop,SLIGRO,NL-ZH,2026-02-01,2026-02-28,Monthly,,KG,2.92,2.92,3072.935546875,xgboost_feat
Blueberry_SekoyaPop,SLIGRO,NL-ZH,2026-03-01,2026-03-31,Monthly,,KG,2.92,2.92,3052.083984375,xgboost_feat
Blueberry_SekoyaPop,SLIGRO,NL-ZH,2026-04-01,2026-04-30,Monthly,,KG,2.92,2.92,2978.597900390625,xgboost_feat
Blueberry_SekoyaPop,SLIGRO,NL-ZH,2026-05-01,2026-05-31,Monthly,,KG,2.92,2.92,2725.472900390625,xgboost_feat
Blueberry_SekoyaPop,SLIGRO,NL-ZH,2026-06-01,2026-06-30,Monthly,,KG,2.92,2.92,2686.9482421875,xgboost_feat
Blueberry_SekoyaPop,SLIGRO,NL-ZH,2026-07-01,2026-07-31,Monthly,,KG,2.92,2.92,2672.189453125,xgboost_feat
Blueberry_SekoyaPop,SLIGRO,NL-ZH,2026-08-01,2026-08-31,Monthly,,KG,2.92,2.92,2655.695556640625,xgboost_feat
Blueberry_SekoyaPop,SLIGRO,NL-ZH,2026-09-01,2026-09-30,Monthly,,KG,2.92,2.92,2655.06005859375,xgboost_feat
Blueberry_SekoyaPop,SLIGRO,NL-ZH,2026-10-01,2026-10-31,Monthly,,KG,2.92,2.92,2868.1826171875,xgboost_feat
Blueberry_SekoyaPop,SLIGRO,NL-ZH,2026-11-01,2026-11-30,Monthly,,KG,2.92,2.92,2953.596435546875,xgboost_feat
Blueberry_SekoyaPop,SLIGRO,NL-ZH,2026-12-01,2026-12-31,Monthly,,KG,2.92,2.92,3040.6396484375,xgboost_feat
Blueberry_SekoyaPop,SLIGRO,NL-ZH,2027-01-01,2027-01-31,Monthly,,KG,2.92,2.92,3011.289794921875,xgboost_feat
Blueberry_Ventura,AH,NL-GE,2026-02-01,2026-02-28,Monthly,,KG,2.735,2.735,3104.238525390625,xgboost_feat
Blueberry_Ventura,AH,NL-GE,2026-03-01,2026-03-31,Monthly,,KG,2.735,2.735,3128.816650390625,xgboost_feat
Blueberry_Ventura,AH,NL-GE,2026-04-01,2026-04-30,Monthly,,KG,2.735,2.735,2980.78759765625,xgboost_feat
Blueberry_Ventura,AH,NL-GE,2026-05-01,2026-05-31,Monthly,,KG,2.735,2.735,2746.22998046875,xgboost_feat
Blueberry_Ventura,AH,NL-GE,2026-06-01,2026-06-30,Monthly,,KG,2.735,2.735,2710.57958984375,xgboost_feat
Blueberry_Ventura,AH,NL-GE,2026-07-01,2026-07-31,Monthly,,KG,2.735,2.735,2732.444091796875,xgboost_feat
Blueberry_Ventura,AH,NL-GE,2026-08-01,2026-08-31,Monthly,,KG,2.735,2.735,2742.500244140625,xgboost_feat
Blueberry_Ventura,AH,NL-GE,2026-09-01,2026-09-30,Monthly,,KG,2.735,2.735,2743.39990234375,xgboost_feat
Blueberry_Ventura,AH,NL-GE,2026-10-01,2026-10-31,Monthly,,KG,2.735,2.735,2913.050048828125,xgboost_feat
Blueberry_Ventura,AH,NL-GE,2026-11-01,2026-11-30,Monthly,,KG,2.735,2.735,3137.24951171875,xgboost_feat
Blueberry_Ventura,AH,NL-GE,2026-12-01,2026-12-31,Monthly,,KG,2.735,2.735,3138.747314453125,xgboost_feat
Blueberry_Ventura,AH,NL-GE,2027-01-01,2027-01-31,Monthly,,KG,2.735,2.735,3059.69287109375,xgboost_feat
Blueberry_Ventura,AH,NL-NB,2026-02-01,2026-02-28,Monthly,,KG,2.741,2.741,3126.70654296875,xgboost_feat
Blueberry_Ventura,AH,NL-NB,2026-03-01,2026-03-31,Monthly,,KG,2.741,2.741,3063.003662109375,xgboost_feat
Blueberry_Ventura,AH,NL-NB,2026-04-01,2026-04-30,Monthly,,KG,2.741,2.741,3034.666748046875,xgboost_feat
Blueberry_Ventura,AH,NL-NB,2026-05-01,2026-05-31,Monthly,,KG,2.741,2.741,2739.6826171875,xgboost_feat
Blueberry_Ventura,AH,NL-NB,2026-06-01,2026-06-30,Monthly,,KG,2.741,2.741,2711.6943359375,xgboost_feat
Blueberry_Ventura,AH,NL-NB,2026-07-01,2026-07-31,Monthly,,KG,2.741,2.741,2744.412841796875,xgboost_feat
Blueberry_Ventura,AH,NL-NB,2026-08-01,2026-08-31,Monthly,,KG,2.741,2.741,2767.91748046875,xgboost_feat
Blueberry_Ventura,AH,NL-NB,2026-09-01,2026-09-30,Monthly,,KG,2.741,2.741,2743.68212890625,xgboost_feat
Blueberry_Ventura,AH,NL-NB,2026-10-01,2026-10-31,Monthly,,KG,2.741,2.741,2937.275634765625,xgboost_feat
Blueberry_Ventura,AH,NL-NB,2026-11-01,2026-11-30,Monthly,,KG,2.741,2.741,3140.371337890625,xgboost_feat
Blueberry_Ventura,AH,NL-NB,2026-12-01,2026-12-31,Monthly,,KG,2.741,2.741,3167.52587890625,xgboost_feat
Blueberry_Ventura,AH,NL-NB,2027-01-01,2027-01-31,Monthly,,KG,2.741,2.741,3143.5908203125,xgboost_feat
Blueberry_Ventura,AH,NL-NH,2026-02-01,2026-02-28,Monthly,,KG,2.841,2.841,3000.10546875,xgboost_feat
Blueberry_Ventura,AH,NL-NH,2026-03-01,2026-03-31,Monthly,,KG,2.841,2.841,3035.43359375,xgboost_feat
Blueberry_Ventura,AH,NL-NH,2026-04-01,2026-04-30,Monthly,,KG,2.841,2.841,3002.44482421875,xgboost_feat
Blueberry_Ventura,AH,NL-NH,2026-05-01,2026-05-31,Monthly,,KG,2.841,2.841,2890.880126953125,xgboost_feat
Blueberry_Ventura,AH,NL-NH,2026-06-01,2026-06-30,Monthly,,KG,2.841,2.841,2666.2744140625,xgboost_feat
Blueberry_Ventura,AH,NL-NH,2026-07-01,2026-07-31,Monthly,,KG,2.841,2.841,2725.0107421875,xgboost_feat
Blueberry_Ventura,AH,NL-NH,2026-08-01,2026-08-31,Monthly,,KG,2.841,2.841,2774.6767578125,xgboost_feat
Blueberry_Ventura,AH,NL-NH,2026-09-01,2026-09-30,Monthly,,KG,2.841,2.841,2742.05712890625,xgboost_feat
Blueberry_Ventura,AH,NL-NH,2026-10-01,2026-10-31,Monthly,,KG,2.841,2.841,2907.484619140625,xgboost_feat
Blueberry_Ventura,AH,NL-NH,2026-11-01,2026-11-30,Monthly,,KG,2.841,2.841,2956.709228515625,xgboost_feat
Blueberry_Ventura,AH,NL-NH,2026-12-01,2026-12-31,Monthly,,KG,2.841,2.841,3137.0087890625,xgboost_feat
Blueberry_Ventura,AH,NL-NH,2027-01-01,2027-01-31,Monthly,,KG,2.841,2.841,3137.582763671875,xgboost_feat
Blueberry_Ventura,AH,NL-ZH,2026-02-01,2026-02-28,Monthly,,KG,2.903,2.903,2953.879150390625,xgboost_feat
Blueberry_Ventura,AH,NL-ZH,2026-03-01,2026-03-31,Monthly,,KG,2.903,2.903,2964.52783203125,xgboost_feat
Blueberry_Ventura,AH,NL-ZH,2026-04-01,2026-04-30,Monthly,,KG,2.903,2.903,2907.72607421875,xgboost_feat
Blueberry_Ventura,AH,NL-ZH,2026-05-01,2026-05-31,Monthly,,KG,2.903,2.903,2763.002197265625,xgboost_feat
Blueberry_Ventura,AH,NL-ZH,2026-06-01,2026-06-30,Monthly,,KG,2.903,2.903,2715.058349609375,xgboost_feat
Blueberry_Ventura,AH,NL-ZH,2026-07-01,2026-07-31,Monthly,,KG,2.903,2.903,2677.86767578125,xgboost_feat
Blueberry_Ventura,AH,NL-ZH,2026-08-01,2026-08-31,Monthly,,KG,2.903,2.903,2747.022705078125,xgboost_feat
Blueberry_Ventura,AH,NL-ZH,2026-09-01,2026-09-30,Monthly,,KG,2.903,2.903,2744.946044921875,xgboost_feat
Blueberry_Ventura,AH,NL-ZH,2026-10-01,2026-10-31,Monthly,,KG,2.903,2.903,2913.705322265625,xgboost_feat
Blueberry_Ventura,AH,NL-ZH,2026-11-01,2026-11-30,Monthly,,KG,2.903,2.903,3010.872802734375,xgboost_feat
Blueberry_Ventura,AH,NL-ZH,2026-12-01,2026-12-31,Monthly,,KG,2.903,2.903,3137.170166015625,xgboost_feat
Blueberry_Ventura,AH,NL-ZH,2027-01-01,2027-01-31,Monthly,,KG,2.903,2.903,3137.009765625,xgboost_feat
Blueberry_Ventura,FLINK,NL-GE,2026-02-01,2026-02-28,Monthly,,KG,2.648,2.648,3060.521484375,xgboost_feat
Blueberry_Ventura,FLINK,NL-GE,2026-03-01,2026-03-31,Monthly,,KG,2.648,2.648,3040.069091796875,xgboost_feat
Blueberry_Ventura,FLINK,NL-GE,2026-04-01,2026-04-30,Monthly,,KG,2.648,2.648,2966.186279296875,xgboost_feat
Blueberry_Ventura,FLINK,NL-GE,2026-05-01,2026-05-31,Monthly,,KG,2.648,2.648,2618.807861328125,xgboost_feat
Blueberry_Ventura,FLINK,NL-GE,2026-06-01,2026-06-30,Monthly,,KG,2.648,2.648,2478.49755859375,xgboost_feat
Blueberry_Ventura,FLINK,NL-GE,2026-07-01,2026-07-31,Monthly,,KG,2.648,2.648,2475.910400390625,xgboost_feat
Blueberry_Ventura,FLINK,NL-GE,2026-08-01,2026-08-31,Monthly,,KG,2.648,2.648,2538.486572265625,xgboost_feat
Blueberry_Ventura,FLINK,NL-GE,2026-09-01,2026-09-30,Monthly,,KG,2.648,2.648,2538.47265625,xgboost_feat
Blueberry_Ventura,FLINK,NL-GE,2026-10-01,2026-10-31,Monthly,,KG,2.648,2.648,2846.912109375,xgboost_feat
Blueberry_Ventura,FLINK,NL-GE,2026-11-01,2026-11-30,Monthly,,KG,2.648,2.648,3012.173095703125,xgboost_feat
Blueberry_Ventura,FLINK,NL-GE,2026-12-01,2026-12-31,Monthly,,KG,2.648,2.648,2991.559326171875,xgboost_feat
Blueberry_Ventura,FLINK,NL-GE,2027-01-01,2027-01-31,Monthly,,KG,2.648,2.648,2996.4990234375,xgboost_feat
Blueberry_Ventura,FLINK,NL-NB,2026-02-01,2026-02-28,Monthly,,KG,2.82,2.82,3072.935546875,xgboost_feat
Blueberry_Ventura,FLINK,NL-NB,2026-03-01,2026-03-31,Monthly,,KG,2.82,2.82,2988.093505859375,xgboost_feat
Blueberry_Ventura,FLINK,NL-NB,2026-04-01,2026-04-30,Monthly,,KG,2.82,2.82,2978.120849609375,xgboost_feat
Blueberry_Ventura,FLINK,NL-NB,2026-05-01,2026-05-31,Monthly,,KG,2.82,2.82,2704.87060546875,xgboost_feat
Blueberry_Ventura,FLINK,NL-NB,2026-06-01,2026-06-30,Monthly,,KG,2.82,2.82,2689.720947265625,xgboost_feat
Blueberry_Ventura,FLINK,NL-NB,2026-07-01,2026-07-31,Monthly,,KG,2.82,2.82,2674.389404296875,xgboost_feat
Blueberry_Ventura,FLINK,NL-NB,2026-08-01,2026-08-31,Monthly,,KG,2.82,2.82,2670.38232421875,xgboost_feat
Blueberry_Ventura,FLINK,NL-NB,2026-09-01,2026-09-30,Monthly,,KG,2.82,2.82,2655.32568359375,xgboost_feat
Blueberry_Ventura,FLINK,NL-NB,2026-10-01,2026-10-31,Monthly,,KG,2.82,2.82,2900.9384765625,xgboost_feat
Blueberry_Ventura,FLINK,NL-NB,2026-11-01,2026-11-30,Monthly,,KG,2.82,2.82,3048.975830078125,xgboost_feat
Blueberry_Ventura,FLINK,NL-NB,2026-12-01,2026-12-31,Monthly,,KG,2.82,2.82,3068.5859375,xgboost_feat
Blueberry_Ventura,FLINK,NL-NB,2027-01-01,2027-01-31,Monthly,,KG,2.82,2.82,3012.968505859375,xgboost_feat
Blueberry_Ventura,FLINK,NL-NH,2026-02-01,2026-02-28,Monthly,,KG,2.867,2.867,3105.52099609375,xgboost_feat
Blueberry_Ventura,FLINK,NL-NH,2026-03-01,2026-03-31,Monthly,,KG,2.867,2.867,3059.0634765625,xgboost_feat
Blueberry_Ventura,FLINK,NL-NH,2026-04-01,2026-04-30,Monthly,,KG,2.867,2.867,2978.597900390625,xgboost_feat
Blueberry_Ventura,FLINK,NL-NH,2026-05-01,2026-05-31,Monthly,,KG,2.867,2.867,2952.318115234375,xgboost_feat
Blueberry_Ventura,FLINK,NL-NH,2026-06-01,2026-06-30,Monthly,,KG,2.867,2.867,2674.252197265625,xgboost_feat
Blueberry_Ventura,FLINK,NL-NH,2026-07-01,2026-07-31,Monthly,,KG,2.867,2.867,2672.5283203125,xgboost_feat
Blueberry_Ventura,FLINK,NL-NH,2026-08-01,2026-08-31,Monthly,,KG,2.867,2.867,2682.517578125,xgboost_feat
Blueberry_Ventura,FLINK,NL-NH,2026-09-01,2026-09-30,Monthly,,KG,2.867,2.867,2655.04296875,xgboost_feat
Blueberry_Ventura,FLINK,NL-NH,2026-10-01,2026-10-31,Monthly,,KG,2.867,2.867,2868.1826171875,xgboost_feat
Blueberry_Ventura,FLINK,NL-NH,2026-11-01,2026-11-30,Monthly,,KG,2.867,2.867,2944.93505859375,xgboost_feat
Blueberry_Ventura,FLINK,NL-NH,2026-12-01,2026-12-31,Monthly,,KG,2.867,2.867,3040.63427734375,xgboost_feat
Blueberry_Ventura,FLINK,NL-NH,2027-01-01,2027-01-31,Monthly,,KG,2.867,2.867,3011.289794921875,xgboost_feat
Blueberry_Ventura,FLINK,NL-ZH,2026-02-01,2026-02-28,Monthly,,KG,2.934,2.934,3105.671875,xgboost_feat
Blueberry_Ventura,FLINK,NL-ZH,2026-03-01,2026-03-31,Monthly,,KG,2.934,2.934,3052.083984375,xgboost_feat
Blueberry_Ventura,FLINK,NL-ZH,2026-04-01,2026-04-30,Monthly,,KG,2.934,2.934,2978.597900390625,xgboost_feat
Blueberry_Ventura,FLINK,NL-ZH,2026-05-01,2026-05-31,Monthly,,KG,2.934,2.934,2725.401611328125,xgboost_feat
Blueberry_Ventura,FLINK,NL-ZH,2026-06-01,2026-06-30,Monthly,,KG,2.934,2.934,2686.9482421875,xgboost_feat
Blueberry_Ventura,FLINK,NL-ZH,2026-07-01,2026-07-31,Monthly,,KG,2.934,2.934,2672.189453125,xgboost_feat
Blueberry_Ventura,FLINK,NL-ZH,2026-08-01,2026-08-31,Monthly,,KG,2.934,2.934,2655.695556640625,xgboost_feat
Blueberry_Ventura,FLINK,NL-ZH,2026-09-01,2026-09-30,Monthly,,KG,2.934,2.934,2655.06005859375,xgboost_feat
Blueberry_Ventura,FLINK,NL-ZH,2026-10-01,2026-10-31,Monthly,,KG,2.934,2.934,2868.1826171875,xgboost_feat
Blueberry_Ventura,FLINK,NL-ZH,2026-11-01,2026-11-30,Monthly,,KG,2.934,2.934,2953.596435546875,xgboost_feat
Blueberry_Ventura,FLINK,NL-ZH,2026-12-01,2026-12-31,Monthly,,KG,2.934,2.934,3040.6396484375,xgboost_feat
Blueberry_Ventura,FLINK,NL-ZH,2027-01-01,2027-01-31,Monthly,,KG,2.934,2.934,3012.706787109375,xgboost_feat
Blueberry_Ventura,GREENACRES,NL-GE,2026-02-01,2026-02-28,Monthly,,KG,2.642,2.642,3130.84375,xgboost_feat
Blueberry_Ventura,GREENACRES,NL-GE,2026-03-01,2026-03-31,Monthly,,KG,2.642,2.642,3074.974365234375,xgboost_feat
Blueberry_Ventura,GREENACRES,NL-GE,2026-04-01,2026-04-30,Monthly,,KG,2.642,2.642,2998.25244140625,xgboost_feat
Blueberry_Ventura,GREENACRES,NL-GE,2026-05-01,2026-05-31,Monthly,,KG,2.642,2.642,2625.074951171875,xgboost_feat
Blueberry_Ventura,GREENACRES,NL-GE,2026-06-01,2026-06-30,Monthly,,KG,2.642,2.642,2479.14697265625,xgboost_feat
Blueberry_Ventura,GREENACRES,NL-GE,2026-07-01,2026-07-31,Monthly,,KG,2.642,2.642,2477.715087890625,xgboost_feat
Blueberry_Ventura,GREENACRES,NL-GE,2026-08-01,2026-08-31,Monthly,,KG,2.642,2.642,2539.270751953125,xgboost_feat
Blueberry_Ventura,GREENACRES,NL-GE,2026-09-01,2026-09-30,Monthly,,KG,2.642,2.642,2539.255859375,xgboost_feat
Blueberry_Ventura,GREENACRES,NL-GE,2026-10-01,2026-10-31,Monthly,,KG,2.642,2.642,2870.381591796875,xgboost_feat
Blueberry_Ventura,GREENACRES,NL-GE,2026-11-01,2026-11-30,Monthly,,KG,2.642,2.642,3048.85546875,xgboost_feat
Blueberry_Ventura,GREENACRES,NL-GE,2026-12-01,2026-12-31,Monthly,,KG,2.642,2.642,3028.68896484375,xgboost_feat
Blueberry_Ventura,GREENACRES,NL-GE,2027-01-01,2027-01-31,Monthly,,KG,2.642,2.642,3066.59765625,xgboost_feat
Blueberry_Ventura,GREENACRES,NL-NB,2026-02-01,2026-02-28,Monthly,,KG,2.747,2.747,3072.935546875,xgboost_feat
Blueberry_Ventura,GREENACRES,NL-NB,2026-03-01,2026-03-31,Monthly,,KG,2.747,2.747,2988.093505859375,xgboost_feat
Blueberry_Ventura,GREENACRES,NL-NB,2026-04-01,2026-04-30,Monthly,,KG,2.747,2.747,2978.12060546875,xgboost_feat
Blueberry_Ventura,GREENACRES,NL-NB,2026-05-01,2026-05-31,Monthly,,KG,2.747,2.747,2704.87060546875,xgboost_feat
Blueberry_Ventura,GREENACRES,NL-NB,2026-06-01,2026-06-30,Monthly,,KG,2.747,2.747,2689.720947265625,xgboost_feat
Blueberry_Ventura,GREENACRES,NL-NB,2026-07-01,2026-07-31,Monthly,,KG,2.747,2.747,2674.3916015625,xgboost_feat
Blueberry_Ventura,GREENACRES,NL-NB,2026-08-01,2026-08-31,Monthly,,KG,2.747,2.747,2670.38232421875,xgboost_feat
Blueberry_Ventura,GREENACRES,NL-NB,2026-09-01,2026-09-30,Monthly,,KG,2.747,2.747,2655.32568359375,xgboost_feat
Blueberry_Ventura,GREENACRES,NL-NB,2026-10-01,2026-10-31,Monthly,,KG,2.747,2.747,2900.9384765625,xgboost_feat
Blueberry_Ventura,GREENACRES,NL-NB,2026-11-01,2026-11-30,Monthly,,KG,2.747,2.747,3048.975830078125,xgboost_feat
Blueberry_Ventura,GREENACRES,NL-NB,2026-12-01,2026-12-31,Monthly,,KG,2.747,2.747,3068.5859375,xgboost_feat
Blueberry_Ventura,GREENACRES,NL-NB,2027-01-01,2027-01-31,Monthly,,KG,2.747,2.747,3011.591796875,xgboost_feat
Blueberry_Ventura,GREENACRES,NL-NH,2026-02-01,2026-02-28,Monthly,,KG,2.876,2.876,3105.52099609375,xgboost_feat
Blueberry_Ventura,GREENACRES,NL-NH,2026-03-01,2026-03-31,Monthly,,KG,2.876,2.876,3059.0634765625,xgboost_feat
Blueberry_Ventura,GREENACRES,NL-NH,2026-04-01,2026-04-30,Monthly,,KG,2.876,2.876,2978.597900390625,xgboost_feat
Blueberry_Ventura,GREENACRES,NL-NH,2026-05-01,2026-05-31,Monthly,,KG,2.876,2.876,2952.318115234375,xgboost_feat
Blueberry_Ventura,GREENACRES,NL-NH,2026-06-01,2026-06-30,Monthly,,KG,2.876,2.876,2674.2548828125,xgboost_feat
Blueberry_Ventura,GREENACRES,NL-NH,2026-07-01,2026-07-31,Monthly,,KG,2.876,2.876,2672.5283203125,xgboost_feat
Blueberry_Ventura,GREENACRES,NL-NH,2026-08-01,2026-08-31,Monthly,,KG,2.876,2.876,2682.517578125,xgboost_feat
Blueberry_Ventura,GREENACRES,NL-NH,2026-09-01,2026-09-30,Monthly,,KG,2.876,2.876,2655.04296875,xgboost_feat
Blueberry_Ventura,GREENACRES,NL-NH,2026-10-01,2026-10-31,Monthly,,KG,2.876,2.876,2868.1826171875,xgboost_feat
Blueberry_Ventura,GREENACRES,NL-NH,2026-11-01,2026-11-30,Monthly,,KG,2.876,2.876,2944.93505859375,xgboost_feat
Blueberry_Ventura,GREENACRES,NL-NH,2026-12-01,2026-12-31,Monthly,,KG,2.876,2.876,3040.63427734375,xgboost_feat
Blueberry_Ventura,GREENACRES,NL-NH,2027-01-01,2027-01-31,Monthly,,KG,2.876,2.876,3011.289794921875,xgboost_feat
Blueberry_Ventura,GREENACRES,NL-ZH,2026-02-01,2026-02-28,Monthly,,KG,2.896,2.896,3100.54150390625,xgboost_feat
Blueberry_Ventura,GREENACRES,NL-ZH,2026-03-01,2026-03-31,Monthly,,KG,2.896,2.896,3052.083984375,xgboost_feat
Blueberry_Ventura,GREENACRES,NL-ZH,2026-04-01,2026-04-30,Monthly,,KG,2.896,2.896,2978.597900390625,xgboost_feat
Blueberry_Ventura,GREENACRES,NL-ZH,2026-05-01,2026-05-31,Monthly,,KG,2.896,2.896,2725.472900390625,xgboost_feat
Blueberry_Ventura,GREENACRES,NL-ZH,2026-06-01,2026-06-30,Monthly,,KG,2.896,2.896,2686.9482421875,xgboost_feat
Blueberry_Ventura,GREENACRES,NL-ZH,2026-07-01,2026-07-31,Monthly,,KG,2.896,2.896,2672.189453125,xgboost_feat
Blueberry_Ventura,GREENACRES,NL-ZH,2026-08-01,2026-08-31,Monthly,,KG,2.896,2.896,2655.695556640625,xgboost_feat
Blueberry_Ventura,GREENACRES,NL-ZH,2026-09-01,2026-09-30,Monthly,,KG,2.896,2.896,2655.06005859375,xgboost_feat
Blueberry_Ventura,GREENACRES,NL-ZH,2026-10-01,2026-10-31,Monthly,,KG,2.896,2.896,2868.1826171875,xgboost_feat
Blueberry_Ventura,GREENACRES,NL-ZH,2026-11-01,2026-11-30,Monthly,,KG,2.896,2.896,2953.596435546875,xgboost_feat
Blueberry_Ventura,GREENACRES,NL-ZH,2026-12-01,2026-12-31,Monthly,,KG,2.896,2.896,3040.6396484375,xgboost_feat
Blueberry_Ventura,GREENACRES,NL-ZH,2027-01-01,2027-01-31,Monthly,,KG,2.896,2.896,3011.349609375,xgboost_feat
Blueberry_Ventura,HELLOFRESH,NL-GE,2026-02-01,2026-02-28,Monthly,,KG,2.674,2.674,3060.20263671875,xgboost_feat
Blueberry_Ventura,HELLOFRESH,NL-GE,2026-03-01,2026-03-31,Monthly,,KG,2.674,2.674,3039.753173828125,xgboost_feat
Blueberry_Ventura,HELLOFRESH,NL-GE,2026-04-01,2026-04-30,Monthly,,KG,2.674,2.674,2965.87060546875,xgboost_feat
Blueberry_Ventura,HELLOFRESH,NL-GE,2026-05-01,2026-05-31,Monthly,,KG,2.674,2.674,2618.4404296875,xgboost_feat
Blueberry_Ventura,HELLOFRESH,NL-GE,2026-06-01,2026-06-30,Monthly,,KG,2.674,2.674,2478.14599609375,xgboost_feat
Blueberry_Ventura,HELLOFRESH,NL-GE,2026-07-01,2026-07-31,Monthly,,KG,2.674,2.674,2475.587158203125,xgboost_feat
Blueberry_Ventura,HELLOFRESH,NL-GE,2026-08-01,2026-08-31,Monthly,,KG,2.674,2.674,2538.156982421875,xgboost_feat
Blueberry_Ventura,HELLOFRESH,NL-GE,2026-09-01,2026-09-30,Monthly,,KG,2.674,2.674,2538.142578125,xgboost_feat
Blueberry_Ventura,HELLOFRESH,NL-GE,2026-10-01,2026-10-31,Monthly,,KG,2.674,2.674,2846.576416015625,xgboost_feat
Blueberry_Ventura,HELLOFRESH,NL-GE,2026-11-01,2026-11-30,Monthly,,KG,2.674,2.674,3011.84423828125,xgboost_feat
Blueberry_Ventura,HELLOFRESH,NL-GE,2026-12-01,2026-12-31,Monthly,,KG,2.674,2.674,2991.2216796875,xgboost_feat
Blueberry_Ventura,HELLOFRESH,NL-GE,2027-01-01,2027-01-31,Monthly,,KG,2.674,2.674,2996.155029296875,xgboost_feat
Blueberry_Ventura,HELLOFRESH,NL-NB,2026-02-01,2026-02-28,Monthly,,KG,2.712,2.712,3072.935546875,xgboost_feat
Blueberry_Ventura,HELLOFRESH,NL-NB,2026-03-01,2026-03-31,Monthly,,KG,2.712,2.712,2988.093505859375,xgboost_feat
Blueberry_Ventura,HELLOFRESH,NL-NB,2026-04-01,2026-04-30,Monthly,,KG,2.712,2.712,2978.120849609375,xgboost_feat
Blueberry_Ventura,HELLOFRESH,NL-NB,2026-05-01,2026-05-31,Monthly,,KG,2.712,2.712,2704.87060546875,xgboost_feat
Blueberry_Ventura,HELLOFRESH,NL-NB,2026-06-01,2026-06-30,Monthly,,KG,2.712,2.712,2689.720947265625,xgboost_feat
Blueberry_Ventura,HELLOFRESH,NL-NB,2026-07-01,2026-07-31,Monthly,,KG,2.712,2.712,2674.389404296875,xgboost_feat
Blueberry_Ventura,HELLOFRESH,NL-NB,2026-08-01,2026-08-31,Monthly,,KG,2.712,2.712,2670.38232421875,xgboost_feat
Blueberry_Ventura,HELLOFRESH,NL-NB,2026-09-01,2026-09-30,Monthly,,KG,2.712,2.712,2655.32568359375,xgboost_feat
Blueberry_Ventura,HELLOFRESH,NL-NB,2026-10-01,2026-10-31,Monthly,,KG,2.712,2.712,2900.9384765625,xgboost_feat
Blueberry_Ventura,HELLOFRESH,NL-NB,2026-11-01,2026-11-30,Monthly,,KG,2.712,2.712,3048.975830078125,xgboost_feat
Blueberry_Ventura,HELLOFRESH,NL-NB,2026-12-01,2026-12-31,Monthly,,KG,2.712,2.712,3068.5859375,xgboost_feat
Blueberry_Ventura,HELLOFRESH,NL-NB,2027-01-01,2027-01-31,Monthly,,KG,2.712,2.712,3012.968505859375,xgboost_feat
Blueberry_Ventura,HELLOFRESH,NL-NH,2026-02-01,2026-02-28,Monthly,,KG,2.916,2.916,3072.935546875,xgboost_feat
Blueberry_Ventura,HELLOFRESH,NL-NH,2026-03-01,2026-03-31,Monthly,,KG,2.916,2.916,3059.0634765625,xgboost_feat
Blueberry_Ventura,HELLOFRESH,NL-NH,2026-04-01,2026-04-30,Monthly,,KG,2.916,2.916,2978.597900390625,xgboost_feat
Blueberry_Ventura,HELLOFRESH,NL-NH,2026-05-01,2026-05-31,Monthly,,KG,2.916,2.916,2952.389404296875,xgboost_feat
Blueberry_Ventura,HELLOFRESH,NL-NH,2026-06-01,2026-06-30,Monthly,,KG,2.916,2.916,2674.252197265625,xgboost_feat
Blueberry_Ventura,HELLOFRESH,NL-NH,2026-07-01,2026-07-31,Monthly,,KG,2.916,2.916,2672.5283203125,xgboost_feat
Blueberry_Ventura,HELLOFRESH,NL-NH,2026-08-01,2026-08-31,Monthly,,KG,2.916,2.916,2682.517578125,xgboost_feat
Blueberry_Ventura,HELLOFRESH,NL-NH,2026-09-01,2026-09-30,Monthly,,KG,2.916,2.916,2655.04296875,xgboost_feat
Blueberry_Ventura,HELLOFRESH,NL-NH,2026-10-01,2026-10-31,Monthly,,KG,2.916,2.916,2868.1826171875,xgboost_feat
Blueberry_Ventura,HELLOFRESH,NL-NH,2026-11-01,2026-11-30,Monthly,,KG,2.916,2.916,2944.93505859375,xgboost_feat
Blueberry_Ventura,HELLOFRESH,NL-NH,2026-12-01,2026-12-31,Monthly,,KG,2.916,2.916,3040.63427734375,xgboost_feat
Blueberry_Ventura,HELLOFRESH,NL-NH,2027-01-01,2027-01-31,Monthly,,KG,2.916,2.916,3011.177978515625,xgboost_feat
Blueberry_Ventura,HELLOFRESH,NL-ZH,2026-02-01,2026-02-28,Monthly,,KG,2.861,2.861,3072.935546875,xgboost_feat
Blueberry_Ventura,HELLOFRESH,NL-ZH,2026-03-01,2026-03-31,Monthly,,KG,2.861,2.861,3052.083984375,xgboost_feat
Blueberry_Ventura,HELLOFRESH,NL-ZH,2026-04-01,2026-04-30,Monthly,,KG,2.861,2.861,2978.597900390625,xgboost_feat
Blueberry_Ventura,HELLOFRESH,NL-ZH,2026-05-01,2026-05-31,Monthly,,KG,2.861,2.861,2725.472900390625,xgboost_feat
Blueberry_Ventura,HELLOFRESH,NL-ZH,2026-06-01,2026-06-30,Monthly,,KG,2.861,2.861,2686.9482421875,xgboost_feat
Blueberry_Ventura,HELLOFRESH,NL-ZH,2026-07-01,2026-07-31,Monthly,,KG,2.861,2.861,2672.189453125,xgboost_feat
Blueberry_Ventura,HELLOFRESH,NL-ZH,2026-08-01,2026-08-31,Monthly,,KG,2.861,2.861,2655.695556640625,xgboost_feat
Blueberry_Ventura,HELLOFRESH,NL-ZH,2026-09-01,2026-09-30,Monthly,,KG,2.861,2.861,2655.06005859375,xgboost_feat
Blueberry_Ventura,HELLOFRESH,NL-ZH,2026-10-01,2026-10-31,Monthly,,KG,2.861,2.861,2868.1826171875,xgboost_feat
Blueberry_Ventura,HELLOFRESH,NL-ZH,2026-11-01,2026-11-30,Monthly,,KG,2.861,2.861,2953.596435546875,xgboost_feat
Blueberry_Ventura,HELLOFRESH,NL-ZH,2026-12-01,2026-12-31,Monthly,,KG,2.861,2.861,3040.6396484375,xgboost_feat
Blueberry_Ventura,HELLOFRESH,NL-ZH,2027-01-01,2027-01-31,Monthly,,KG,2.861,2.861,3012.706787109375,xgboost_feat
Blueberry_Ventura,HOLLANDFOODSERVICE,NL-GE,2026-02-01,2026-02-28,Monthly,,KG,2.641,2.641,3126.1904296875,xgboost_feat
Blueberry_Ventura,HOLLANDFOODSERVICE,NL-GE,2026-03-01,2026-03-31,Monthly,,KG,2.641,2.641,3074.974365234375,xgboost_feat
Blueberry_Ventura,HOLLANDFOODSERVICE,NL-GE,2026-04-01,2026-04-30,Monthly,,KG,2.641,2.641,2998.25244140625,xgboost_feat
Blueberry_Ventura,HOLLANDFOODSERVICE,NL-GE,2026-05-01,2026-05-31,Monthly,,KG,2.641,2.641,2625.074951171875,xgboost_feat
Blueberry_Ventura,HOLLANDFOODSERVICE,NL-GE,2026-06-01,2026-06-30,Monthly,,KG,2.641,2.641,2479.14697265625,xgboost_feat
Blueberry_Ventura,HOLLANDFOODSERVICE,NL-GE,2026-07-01,2026-07-31,Monthly,,KG,2.641,2.641,2477.715087890625,xgboost_feat
Blueberry_Ventura,HOLLANDFOODSERVICE,NL-GE,2026-08-01,2026-08-31,Monthly,,KG,2.641,2.641,2539.270751953125,xgboost_feat
Blueberry_Ventura,HOLLANDFOODSERVICE,NL-GE,2026-09-01,2026-09-30,Monthly,,KG,2.641,2.641,2539.255859375,xgboost_feat
Blueberry_Ventura,HOLLANDFOODSERVICE,NL-GE,2026-10-01,2026-10-31,Monthly,,KG,2.641,2.641,2870.381591796875,xgboost_feat
Blueberry_Ventura,HOLLANDFOODSERVICE,NL-GE,2026-11-01,2026-11-30,Monthly,,KG,2.641,2.641,3048.85546875,xgboost_feat
Blueberry_Ventura,HOLLANDFOODSERVICE,NL-GE,2026-12-01,2026-12-31,Monthly,,KG,2.641,2.641,3028.68896484375,xgboost_feat
Blueberry_Ventura,HOLLANDFOODSERVICE,NL-GE,2027-01-01,2027-01-31,Monthly,,KG,2.641,2.641,3066.59765625,xgboost_feat
Blueberry_Ventura,HOLLANDFOODSERVICE,NL-NB,2026-02-01,2026-02-28,Monthly,,KG,2.765,2.765,3072.935546875,xgboost_feat
Blueberry_Ventura,HOLLANDFOODSERVICE,NL-NB,2026-03-01,2026-03-31,Monthly,,KG,2.765,2.765,2988.093505859375,xgboost_feat
Blueberry_Ventura,HOLLANDFOODSERVICE,NL-NB,2026-04-01,2026-04-30,Monthly,,KG,2.765,2.765,2978.12060546875,xgboost_feat
Blueberry_Ventura,HOLLANDFOODSERVICE,NL-NB,2026-05-01,2026-05-31,Monthly,,KG,2.765,2.765,2704.87060546875,xgboost_feat
Blueberry_Ventura,HOLLANDFOODSERVICE,NL-NB,2026-06-01,2026-06-30,Monthly,,KG,2.765,2.765,2689.720947265625,xgboost_feat
Blueberry_Ventura,HOLLANDFOODSERVICE,NL-NB,2026-07-01,2026-07-31,Monthly,,KG,2.765,2.765,2674.3916015625,xgboost_feat
Blueberry_Ventura,HOLLANDFOODSERVICE,NL-NB,2026-08-01,2026-08-31,Monthly,,KG,2.765,2.765,2670.38232421875,xgboost_feat
Blueberry_Ventura,HOLLANDFOODSERVICE,NL-NB,2026-09-01,2026-09-30,Monthly,,KG,2.765,2.765,2655.32568359375,xgboost_feat
Blueberry_Ventura,HOLLANDFOODSERVICE,NL-NB,2026-10-01,2026-10-31,Monthly,,KG,2.765,2.765,2900.9384765625,xgboost_feat
Blueberry_Ventura,HOLLANDFOODSERVICE,NL-NB,2026-11-01,2026-11-30,Monthly,,KG,2.765,2.765,3048.975830078125,xgboost_feat
Blueberry_Ventura,HOLLANDFOODSERVICE,NL-NB,2026-12-01,2026-12-31,Monthly,,KG,2.765,2.765,3068.5859375,xgboost_feat
Blueberry_Ventura,HOLLANDFOODSERVICE,NL-NB,2027-01-01,2027-01-31,Monthly,,KG,2.765,2.765,3011.591796875,xgboost_feat
Blueberry_Ventura,HOLLANDFOODSERVICE,NL-NH,2026-02-01,2026-02-28,Monthly,,KG,2.766,2.766,3100.8681640625,xgboost_feat
Blueberry_Ventura,HOLLANDFOODSERVICE,NL-NH,2026-03-01,2026-03-31,Monthly,,KG,2.766,2.766,3059.0634765625,xgboost_feat
Blueberry_Ventura,HOLLANDFOODSERVICE,NL-NH,2026-04-01,2026-04-30,Monthly,,KG,2.766,2.766,2978.597900390625,xgboost_feat
Blueberry_Ventura,HOLLANDFOODSERVICE,NL-NH,2026-05-01,2026-05-31,Monthly,,KG,2.766,2.766,2952.318115234375,xgboost_feat
Blueberry_Ventura,HOLLANDFOODSERVICE,NL-NH,2026-06-01,2026-06-30,Monthly,,KG,2.766,2.766,2674.2548828125,xgboost_feat
Blueberry_Ventura,HOLLANDFOODSERVICE,NL-NH,2026-07-01,2026-07-31,Monthly,,KG,2.766,2.766,2672.5283203125,xgboost_feat
Blueberry_Ventura,HOLLANDFOODSERVICE,NL-NH,2026-08-01,2026-08-31,Monthly,,KG,2.766,2.766,2682.517578125,xgboost_feat
Blueberry_Ventura,HOLLANDFOODSERVICE,NL-NH,2026-09-01,2026-09-30,Monthly,,KG,2.766,2.766,2655.04296875,xgboost_feat
Blueberry_Ventura,HOLLANDFOODSERVICE,NL-NH,2026-10-01,2026-10-31,Monthly,,KG,2.766,2.766,2868.1826171875,xgboost_feat
Blueberry_Ventura,HOLLANDFOODSERVICE,NL-NH,2026-11-01,2026-11-30,Monthly,,KG,2.766,2.766,2944.93505859375,xgboost_feat
Blueberry_Ventura,HOLLANDFOODSERVICE,NL-NH,2026-12-01,2026-12-31,Monthly,,KG,2.766,2.766,3040.63427734375,xgboost_feat
Blueberry_Ventura,HOLLANDFOODSERVICE,NL-NH,2027-01-01,2027-01-31,Monthly,,KG,2.766,2.766,3011.289794921875,xgboost_feat
Blueberry_Ventura,HOLLANDFOODSERVICE,NL-ZH,2026-02-01,2026-02-28,Monthly,,KG,2.99,2.99,3100.8681640625,xgboost_feat
Blueberry_Ventura,HOLLANDFOODSERVICE,NL-ZH,2026-03-01,2026-03-31,Monthly,,KG,2.99,2.99,3052.083984375,xgboost_feat
Blueberry_Ventura,HOLLANDFOODSERVICE,NL-ZH,2026-04-01,2026-04-30,Monthly,,KG,2.99,2.99,2978.597900390625,xgboost_feat
Blueberry_Ventura,HOLLANDFOODSERVICE,NL-ZH,2026-05-01,2026-05-31,Monthly,,KG,2.99,2.99,2725.472900390625,xgboost_feat
Blueberry_Ventura,HOLLANDFOODSERVICE,NL-ZH,2026-06-01,2026-06-30,Monthly,,KG,2.99,2.99,2686.951171875,xgboost_feat
Blueberry_Ventura,HOLLANDFOODSERVICE,NL-ZH,2026-07-01,2026-07-31,Monthly,,KG,2.99,2.99,2672.189453125,xgboost_feat
Blueberry_Ventura,HOLLANDFOODSERVICE,NL-ZH,2026-08-01,2026-08-31,Monthly,,KG,2.99,2.99,2655.695556640625,xgboost_feat
Blueberry_Ventura,HOLLANDFOODSERVICE,NL-ZH,2026-09-01,2026-09-30,Monthly,,KG,2.99,2.99,2655.06005859375,xgboost_feat
Blueberry_Ventura,HOLLANDFOODSERVICE,NL-ZH,2026-10-01,2026-10-31,Monthly,,KG,2.99,2.99,2868.1826171875,xgboost_feat
Blueberry_Ventura,HOLLANDFOODSERVICE,NL-ZH,2026-11-01,2026-11-30,Monthly,,KG,2.99,2.99,2953.596435546875,xgboost_feat
Blueberry_Ventura,HOLLANDFOODSERVICE,NL-ZH,2026-12-01,2026-12-31,Monthly,,KG,2.99,2.99,3040.6396484375,xgboost_feat
Blueberry_Ventura,HOLLANDFOODSERVICE,NL-ZH,2027-01-01,2027-01-31,Monthly,,KG,2.99,2.99,3011.289794921875,xgboost_feat
Blueberry_Ventura,JUMBO,NL-GE,2026-02-01,2026-02-28,Monthly,,KG,2.636,2.636,3152.779052734375,xgboost_feat
Blueberry_Ventura,JUMBO,NL-GE,2026-03-01,2026-03-31,Monthly,,KG,2.636,2.636,3182.580810546875,xgboost_feat
Blueberry_Ventura,JUMBO,NL-GE,2026-04-01,2026-04-30,Monthly,,KG,2.636,2.636,3044.10302734375,xgboost_feat
Blueberry_Ventura,JUMBO,NL-GE,2026-05-01,2026-05-31,Monthly,,KG,2.636,2.636,2615.609375,xgboost_feat
Blueberry_Ventura,JUMBO,NL-GE,2026-06-01,2026-06-30,Monthly,,KG,2.636,2.636,2427.42041015625,xgboost_feat
Blueberry_Ventura,JUMBO,NL-GE,2026-07-01,2026-07-31,Monthly,,KG,2.636,2.636,2437.414794921875,xgboost_feat
Blueberry_Ventura,JUMBO,NL-GE,2026-08-01,2026-08-31,Monthly,,KG,2.636,2.636,2639.666259765625,xgboost_feat
Blueberry_Ventura,JUMBO,NL-GE,2026-09-01,2026-09-30,Monthly,,KG,2.636,2.636,2718.661865234375,xgboost_feat
Blueberry_Ventura,JUMBO,NL-GE,2026-10-01,2026-10-31,Monthly,,KG,2.636,2.636,2935.78466796875,xgboost_feat
Blueberry_Ventura,JUMBO,NL-GE,2026-11-01,2026-11-30,Monthly,,KG,2.636,2.636,3161.180419921875,xgboost_feat
Blueberry_Ventura,JUMBO,NL-GE,2026-12-01,2026-12-31,Monthly,,KG,2.636,2.636,3179.843994140625,xgboost_feat
Blueberry_Ventura,JUMBO,NL-GE,2027-01-01,2027-01-31,Monthly,,KG,2.636,2.636,3182.7158203125,xgboost_feat
Blueberry_Ventura,JUMBO,NL-NB,2026-02-01,2026-02-28,Monthly,,KG,2.792,2.792,3092.794677734375,xgboost_feat
Blueberry_Ventura,JUMBO,NL-NB,2026-03-01,2026-03-31,Monthly,,KG,2.792,2.792,3073.25927734375,xgboost_feat
Blueberry_Ventura,JUMBO,NL-NB,2026-04-01,2026-04-30,Monthly,,KG,2.792,2.792,3044.416748046875,xgboost_feat
Blueberry_Ventura,JUMBO,NL-NB,2026-05-01,2026-05-31,Monthly,,KG,2.792,2.792,2741.086669921875,xgboost_feat
Blueberry_Ventura,JUMBO,NL-NB,2026-06-01,2026-06-30,Monthly,,KG,2.792,2.792,2709.58984375,xgboost_feat
Blueberry_Ventura,JUMBO,NL-NB,2026-07-01,2026-07-31,Monthly,,KG,2.792,2.792,2729.751220703125,xgboost_feat
Blueberry_Ventura,JUMBO,NL-NB,2026-08-01,2026-08-31,Monthly,,KG,2.792,2.792,2767.91748046875,xgboost_feat
Blueberry_Ventura,JUMBO,NL-NB,2026-09-01,2026-09-30,Monthly,,KG,2.792,2.792,2743.68212890625,xgboost_feat
Blueberry_Ventura,JUMBO,NL-NB,2026-10-01,2026-10-31,Monthly,,KG,2.792,2.792,2937.275634765625,xgboost_feat
Blueberry_Ventura,JUMBO,NL-NB,2026-11-01,2026-11-30,Monthly,,KG,2.792,2.792,3140.355712890625,xgboost_feat
Blueberry_Ventura,JUMBO,NL-NB,2026-12-01,2026-12-31,Monthly,,KG,2.792,2.792,3167.52587890625,xgboost_feat
Blueberry_Ventura,JUMBO,NL-NB,2027-01-01,2027-01-31,Monthly,,KG,2.792,2.792,3143.5908203125,xgboost_feat
Blueberry_Ventura,JUMBO,NL-NH,2026-02-01,2026-02-28,Monthly,,KG,2.835,2.835,3065.203369140625,xgboost_feat
Blueberry_Ventura,JUMBO,NL-NH,2026-03-01,2026-03-31,Monthly,,KG,2.835,2.835,3139.14892578125,xgboost_feat
Blueberry_Ventura,JUMBO,NL-NH,2026-04-01,2026-04-30,Monthly,,KG,2.835,2.835,3062.761962890625,xgboost_feat
Blueberry_Ventura,JUMBO,NL-NH,2026-05-01,2026-05-31,Monthly,,KG,2.835,2.835,3008.77490234375,xgboost_feat
Blueberry_Ventura,JUMBO,NL-NH,2026-06-01,2026-06-30,Monthly,,KG,2.835,2.835,2695.5458984375,xgboost_feat
Blueberry_Ventura,JUMBO,NL-NH,2026-07-01,2026-07-31,Monthly,,KG,2.835,2.835,2730.902099609375,xgboost_feat
Blueberry_Ventura,JUMBO,NL-NH,2026-08-01,2026-08-31,Monthly,,KG,2.835,2.835,2784.54248046875,xgboost_feat
Blueberry_Ventura,JUMBO,NL-NH,2026-09-01,2026-09-30,Monthly,,KG,2.835,2.835,2742.145263671875,xgboost_feat
Blueberry_Ventura,JUMBO,NL-NH,2026-10-01,2026-10-31,Monthly,,KG,2.835,2.835,2907.572998046875,xgboost_feat
Blueberry_Ventura,JUMBO,NL-NH,2026-11-01,2026-11-30,Monthly,,KG,2.835,2.835,2951.3515625,xgboost_feat
Blueberry_Ventura,JUMBO,NL-NH,2026-12-01,2026-12-31,Monthly,,KG,2.835,2.835,3137.28369140625,xgboost_feat
Blueberry_Ventura,JUMBO,NL-NH,2027-01-01,2027-01-31,Monthly,,KG,2.835,2.835,3134.90771484375,xgboost_feat
Blueberry_Ventura,JUMBO,NL-ZH,2026-02-01,2026-02-28,Monthly,,KG,2.948,2.948,3075.3974609375,xgboost_feat
Blueberry_Ventura,JUMBO,NL-ZH,2026-03-01,2026-03-31,Monthly,,KG,2.948,2.948,2986.0185546875,xgboost_feat
Blueberry_Ventura,JUMBO,NL-ZH,2026-04-01,2026-04-30,Monthly,,KG,2.948,2.948,2991.176513671875,xgboost_feat
Blueberry_Ventura,JUMBO,NL-ZH,2026-05-01,2026-05-31,Monthly,,KG,2.948,2.948,2755.9580078125,xgboost_feat
Blueberry_Ventura,JUMBO,NL-ZH,2026-06-01,2026-06-30,Monthly,,KG,2.948,2.948,2678.683837890625,xgboost_feat
Blueberry_Ventura,JUMBO,NL-ZH,2026-07-01,2026-07-31,Monthly,,KG,2.948,2.948,2759.9384765625,xgboost_feat
Blueberry_Ventura,JUMBO,NL-ZH,2026-08-01,2026-08-31,Monthly,,KG,2.948,2.948,2744.09521484375,xgboost_feat
Blueberry_Ventura,JUMBO,NL-ZH,2026-09-01,2026-09-30,Monthly,,KG,2.948,2.948,2744.145751953125,xgboost_feat
Blueberry_Ventura,JUMBO,NL-ZH,2026-10-01,2026-10-31,Monthly,,KG,2.948,2.948,2913.4248046875,xgboost_feat
Blueberry_Ventura,JUMBO,NL-ZH,2026-11-01,2026-11-30,Monthly,,KG,2.948,2.948,3010.37939453125,xgboost_feat
Blueberry_Ventura,JUMBO,NL-ZH,2026-12-01,2026-12-31,Monthly,,KG,2.948,2.948,3137.206298828125,xgboost_feat
Blueberry_Ventura,JUMBO,NL-ZH,2027-01-01,2027-01-31,Monthly,,KG,2.948,2.948,3137.692138671875,xgboost_feat
Blueberry_Ventura,MELEDI,NL-GE,2026-02-01,2026-02-28,Monthly,,KG,2.632,2.632,3125.3232421875,xgboost_feat
Blueberry_Ventura,MELEDI,NL-GE,2026-03-01,2026-03-31,Monthly,,KG,2.632,2.632,3074.518310546875,xgboost_feat
Blueberry_Ventura,MELEDI,NL-GE,2026-04-01,2026-04-30,Monthly,,KG,2.632,2.632,2997.792236328125,xgboost_feat
Blueberry_Ventura,MELEDI,NL-GE,2026-05-01,2026-05-31,Monthly,,KG,2.632,2.632,2624.585205078125,xgboost_feat
Blueberry_Ventura,MELEDI,NL-GE,2026-06-01,2026-06-30,Monthly,,KG,2.632,2.632,2478.552490234375,xgboost_feat
Blueberry_Ventura,MELEDI,NL-GE,2026-07-01,2026-07-31,Monthly,,KG,2.632,2.632,2477.128173828125,xgboost_feat
Blueberry_Ventura,MELEDI,NL-GE,2026-08-01,2026-08-31,Monthly,,KG,2.632,2.632,2538.641357421875,xgboost_feat
Blueberry_Ventura,MELEDI,NL-GE,2026-09-01,2026-09-30,Monthly,,KG,2.632,2.632,2538.62646484375,xgboost_feat
Blueberry_Ventura,MELEDI,NL-GE,2026-10-01,2026-10-31,Monthly,,KG,2.632,2.632,2869.51513671875,xgboost_feat
Blueberry_Ventura,MELEDI,NL-GE,2026-11-01,2026-11-30,Monthly,,KG,2.632,2.632,3048.046875,xgboost_feat
Blueberry_Ventura,MELEDI,NL-GE,2026-12-01,2026-12-31,Monthly,,KG,2.632,2.632,3027.95654296875,xgboost_feat
Blueberry_Ventura,MELEDI,NL-GE,2027-01-01,2027-01-31,Monthly,,KG,2.632,2.632,3065.85546875,xgboost_feat
Blueberry_Ventura,MELEDI,NL-NB,2026-02-01,2026-02-28,Monthly,,KG,2.724,2.724,3105.67138671875,xgboost_feat
Blueberry_Ventura,MELEDI,NL-NB,2026-03-01,2026-03-31,Monthly,,KG,2.724,2.724,2988.093505859375,xgboost_feat
Blueberry_Ventura,MELEDI,NL-NB,2026-04-01,2026-04-30,Monthly,,KG,2.724,2.724,2978.12060546875,xgboost_feat
Blueberry_Ventura,MELEDI,NL-NB,2026-05-01,2026-05-31,Monthly,,KG,2.724,2.724,2704.87060546875,xgboost_feat
Blueberry_Ventura,MELEDI,NL-NB,2026-06-01,2026-06-30,Monthly,,KG,2.724,2.724,2689.720947265625,xgboost_feat
Blueberry_Ventura,MELEDI,NL-NB,2026-07-01,2026-07-31,Monthly,,KG,2.724,2.724,2674.3916015625,xgboost_feat
Blueberry_Ventura,MELEDI,NL-NB,2026-08-01,2026-08-31,Monthly,,KG,2.724,2.724,2670.38232421875,xgboost_feat
Blueberry_Ventura,MELEDI,NL-NB,2026-09-01,2026-09-30,Monthly,,KG,2.724,2.724,2655.32568359375,xgboost_feat
Blueberry_Ventura,MELEDI,NL-NB,2026-10-01,2026-10-31,Monthly,,KG,2.724,2.724,2900.9384765625,xgboost_feat
Blueberry_Ventura,MELEDI,NL-NB,2026-11-01,2026-11-30,Monthly,,KG,2.724,2.724,3048.975830078125,xgboost_feat
Blueberry_Ventura,MELEDI,NL-NB,2026-12-01,2026-12-31,Monthly,,KG,2.724,2.724,3068.5859375,xgboost_feat
Blueberry_Ventura,MELEDI,NL-NB,2027-01-01,2027-01-31,Monthly,,KG,2.724,2.724,3011.532470703125,xgboost_feat
Blueberry_Ventura,MELEDI,NL-NH,2026-02-01,2026-02-28,Monthly,,KG,2.821,2.821,3105.52099609375,xgboost_feat
Blueberry_Ventura,MELEDI,NL-NH,2026-03-01,2026-03-31,Monthly,,KG,2.821,2.821,3059.0634765625,xgboost_feat
Blueberry_Ventura,MELEDI,NL-NH,2026-04-01,2026-04-30,Monthly,,KG,2.821,2.821,2978.597900390625,xgboost_feat
Blueberry_Ventura,MELEDI,NL-NH,2026-05-01,2026-05-31,Monthly,,KG,2.821,2.821,2952.318115234375,xgboost_feat
Blueberry_Ventura,MELEDI,NL-NH,2026-06-01,2026-06-30,Monthly,,KG,2.821,2.821,2674.2548828125,xgboost_feat
Blueberry_Ventura,MELEDI,NL-NH,2026-07-01,2026-07-31,Monthly,,KG,2.821,2.821,2672.5283203125,xgboost_feat
Blueberry_Ventura,MELEDI,NL-NH,2026-08-01,2026-08-31,Monthly,,KG,2.821,2.821,2682.517578125,xgboost_feat
Blueberry_Ventura,MELEDI,NL-NH,2026-09-01,2026-09-30,Monthly,,KG,2.821,2.821,2655.04296875,xgboost_feat
Blueberry_Ventura,MELEDI,NL-NH,2026-10-01,2026-10-31,Monthly,,KG,2.821,2.821,2868.1826171875,xgboost_feat
Blueberry_Ventura,MELEDI,NL-NH,2026-11-01,2026-11-30,Monthly,,KG,2.821,2.821,2944.93505859375,xgboost_feat
Blueberry_Ventura,MELEDI,NL-NH,2026-12-01,2026-12-31,Monthly,,KG,2.821,2.821,3040.63427734375,xgboost_feat
Blueberry_Ventura,MELEDI,NL-NH,2027-01-01,2027-01-31,Monthly,,KG,2.821,2.821,3011.279541015625,xgboost_feat
Blueberry_Ventura,MELEDI,NL-ZH,2026-02-01,2026-02-28,Monthly,,KG,2.854,2.854,3100.8681640625,xgboost_feat
Blueberry_Ventura,MELEDI,NL-ZH,2026-03-01,2026-03-31,Monthly,,KG,2.854,2.854,3052.083984375,xgboost_feat
Blueberry_Ventura,MELEDI,NL-ZH,2026-04-01,2026-04-30,Monthly,,KG,2.854,2.854,2978.597900390625,xgboost_feat
Blueberry_Ventura,MELEDI,NL-ZH,2026-05-01,2026-05-31,Monthly,,KG,2.854,2.854,2725.472900390625,xgboost_feat
Blueberry_Ventura,MELEDI,NL-ZH,2026-06-01,2026-06-30,Monthly,,KG,2.854,2.854,2686.9482421875,xgboost_feat
Blueberry_Ventura,MELEDI,NL-ZH,2026-07-01,2026-07-31,Monthly,,KG,2.854,2.854,2672.189453125,xgboost_feat
Blueberry_Ventura,MELEDI,NL-ZH,2026-08-01,2026-08-31,Monthly,,KG,2.854,2.854,2655.695556640625,xgboost_feat
Blueberry_Ventura,MELEDI,NL-ZH,2026-09-01,2026-09-30,Monthly,,KG,2.854,2.854,2655.06005859375,xgboost_feat
Blueberry_Ventura,MELEDI,NL-ZH,2026-10-01,2026-10-31,Monthly,,KG,2.854,2.854,2868.1826171875,xgboost_feat
Blueberry_Ventura,MELEDI,NL-ZH,2026-11-01,2026-11-30,Monthly,,KG,2.854,2.854,2953.596435546875,xgboost_feat
Blueberry_Ventura,MELEDI,NL-ZH,2026-12-01,2026-12-31,Monthly,,KG,2.854,2.854,3040.6396484375,xgboost_feat
Blueberry_Ventura,MELEDI,NL-ZH,2027-01-01,2027-01-31,Monthly,,KG,2.854,2.854,3011.289794921875,xgboost_feat
Blueberry_Ventura,PICNIC,NL-GE,2026-02-01,2026-02-28,Monthly,,KG,2.659,2.659,3093.10693359375,xgboost_feat
Blueberry_Ventura,PICNIC,NL-GE,2026-03-01,2026-03-31,Monthly,,KG,2.659,2.659,3040.069091796875,xgboost_feat
Blueberry_Ventura,PICNIC,NL-GE,2026-04-01,2026-04-30,Monthly,,KG,2.659,2.659,2966.186279296875,xgboost_feat
Blueberry_Ventura,PICNIC,NL-GE,2026-05-01,2026-05-31,Monthly,,KG,2.659,2.659,2618.807861328125,xgboost_feat
Blueberry_Ventura,PICNIC,NL-GE,2026-06-01,2026-06-30,Monthly,,KG,2.659,2.659,2478.49755859375,xgboost_feat
Blueberry_Ventura,PICNIC,NL-GE,2026-07-01,2026-07-31,Monthly,,KG,2.659,2.659,2475.910400390625,xgboost_feat
Blueberry_Ventura,PICNIC,NL-GE,2026-08-01,2026-08-31,Monthly,,KG,2.659,2.659,2538.486572265625,xgboost_feat
Blueberry_Ventura,PICNIC,NL-GE,2026-09-01,2026-09-30,Monthly,,KG,2.659,2.659,2538.47265625,xgboost_feat
Blueberry_Ventura,PICNIC,NL-GE,2026-10-01,2026-10-31,Monthly,,KG,2.659,2.659,2846.912109375,xgboost_feat
Blueberry_Ventura,PICNIC,NL-GE,2026-11-01,2026-11-30,Monthly,,KG,2.659,2.659,3012.173095703125,xgboost_feat
Blueberry_Ventura,PICNIC,NL-GE,2026-12-01,2026-12-31,Monthly,,KG,2.659,2.659,2991.559326171875,xgboost_feat
Blueberry_Ventura,PICNIC,NL-GE,2027-01-01,2027-01-31,Monthly,,KG,2.659,2.659,2996.4990234375,xgboost_feat
Blueberry_Ventura,PICNIC,NL-NB,2026-02-01,2026-02-28,Monthly,,KG,2.77,2.77,3072.935546875,xgboost_feat
Blueberry_Ventura,PICNIC,NL-NB,2026-03-01,2026-03-31,Monthly,,KG,2.77,2.77,2988.093505859375,xgboost_feat
Blueberry_Ventura,PICNIC,NL-NB,2026-04-01,2026-04-30,Monthly,,KG,2.77,2.77,2978.12060546875,xgboost_feat
Blueberry_Ventura,PICNIC,NL-NB,2026-05-01,2026-05-31,Monthly,,KG,2.77,2.77,2704.87060546875,xgboost_feat
Blueberry_Ventura,PICNIC,NL-NB,2026-06-01,2026-06-30,Monthly,,KG,2.77,2.77,2689.720947265625,xgboost_feat
Blueberry_Ventura,PICNIC,NL-NB,2026-07-01,2026-07-31,Monthly,,KG,2.77,2.77,2674.3916015625,xgboost_feat
Blueberry_Ventura,PICNIC,NL-NB,2026-08-01,2026-08-31,Monthly,,KG,2.77,2.77,2670.38232421875,xgboost_feat
Blueberry_Ventura,PICNIC,NL-NB,2026-09-01,2026-09-30,Monthly,,KG,2.77,2.77,2655.32568359375,xgboost_feat
Blueberry_Ventura,PICNIC,NL-NB,2026-10-01,2026-10-31,Monthly,,KG,2.77,2.77,2900.9384765625,xgboost_feat
Blueberry_Ventura,PICNIC,NL-NB,2026-11-01,2026-11-30,Monthly,,KG,2.77,2.77,3048.975830078125,xgboost_feat
Blueberry_Ventura,PICNIC,NL-NB,2026-12-01,2026-12-31,Monthly,,KG,2.77,2.77,3068.5859375,xgboost_feat
Blueberry_Ventura,PICNIC,NL-NB,2027-01-01,2027-01-31,Monthly,,KG,2.77,2.77,3012.968505859375,xgboost_feat
Blueberry_Ventura,PICNIC,NL-NH,2026-02-01,2026-02-28,Monthly,,KG,2.847,2.847,3100.54150390625,xgboost_feat
Blueberry_Ventura,PICNIC,NL-NH,2026-03-01,2026-03-31,Monthly,,KG,2.847,2.847,3059.0634765625,xgboost_feat
Blueberry_Ventura,PICNIC,NL-NH,2026-04-01,2026-04-30,Monthly,,KG,2.847,2.847,2978.597900390625,xgboost_feat
Blueberry_Ventura,PICNIC,NL-NH,2026-05-01,2026-05-31,Monthly,,KG,2.847,2.847,2952.318115234375,xgboost_feat
Blueberry_Ventura,PICNIC,NL-NH,2026-06-01,2026-06-30,Monthly,,KG,2.847,2.847,2674.252197265625,xgboost_feat
Blueberry_Ventura,PICNIC,NL-NH,2026-07-01,2026-07-31,Monthly,,KG,2.847,2.847,2672.5283203125,xgboost_feat
Blueberry_Ventura,PICNIC,NL-NH,2026-08-01,2026-08-31,Monthly,,KG,2.847,2.847,2682.517578125,xgboost_feat
Blueberry_Ventura,PICNIC,NL-NH,2026-09-01,2026-09-30,Monthly,,KG,2.847,2.847,2655.04296875,xgboost_feat
Blueberry_Ventura,PICNIC,NL-NH,2026-10-01,2026-10-31,Monthly,,KG,2.847,2.847,2868.1826171875,xgboost_feat
Blueberry_Ventura,PICNIC,NL-NH,2026-11-01,2026-11-30,Monthly,,KG,2.847,2.847,2944.93505859375,xgboost_feat
Blueberry_Ventura,PICNIC,NL-NH,2026-12-01,2026-12-31,Monthly,,KG,2.847,2.847,3040.63427734375,xgboost_feat
Blueberry_Ventura,PICNIC,NL-NH,2027-01-01,2027-01-31,Monthly,,KG,2.847,2.847,3011.289794921875,xgboost_feat
Blueberry_Ventura,PICNIC,NL-ZH,2026-02-01,2026-02-28,Monthly,,KG,2.904,2.904,3072.935546875,xgboost_feat
Blueberry_Ventura,PICNIC,NL-ZH,2026-03-01,2026-03-31,Monthly,,KG,2.904,2.904,3052.083984375,xgboost_feat
Blueberry_Ventura,PICNIC,NL-ZH,2026-04-01,2026-04-30,Monthly,,KG,2.904,2.904,2978.597900390625,xgboost_feat
Blueberry_Ventura,PICNIC,NL-ZH,2026-05-01,2026-05-31,Monthly,,KG,2.904,2.904,2725.472900390625,xgboost_feat
Blueberry_Ventura,PICNIC,NL-ZH,2026-06-01,2026-06-30,Monthly,,KG,2.904,2.904,2686.9482421875,xgboost_feat
Blueberry_Ventura,PICNIC,NL-ZH,2026-07-01,2026-07-31,Monthly,,KG,2.904,2.904,2672.189453125,xgboost_feat
Blueberry_Ventura,PICNIC,NL-ZH,2026-08-01,2026-08-31,Monthly,,KG,2.904,2.904,2655.695556640625,xgboost_feat
Blueberry_Ventura,PICNIC,NL-ZH,2026-09-01,2026-09-30,Monthly,,KG,2.904,2.904,2655.06005859375,xgboost_feat
Blueberry_Ventura,PICNIC,NL-ZH,2026-10-01,2026-10-31,Monthly,,KG,2.904,2.904,2868.1826171875,xgboost_feat
Blueberry_Ventura,PICNIC,NL-ZH,2026-11-01,2026-11-30,Monthly,,KG,2.904,2.904,2953.596435546875,xgboost_feat
Blueberry_Ventura,PICNIC,NL-ZH,2026-12-01,2026-12-31,Monthly,,KG,2.904,2.904,3040.6396484375,xgboost_feat
Blueberry_Ventura,PICNIC,NL-ZH,2027-01-01,2027-01-31,Monthly,,KG,2.904,2.904,3012.706787109375,xgboost_feat
Blueberry_Ventura,PLUS,NL-GE,2026-02-01,2026-02-28,Monthly,,KG,2.607,2.607,3116.702392578125,xgboost_feat
Blueberry_Ventura,PLUS,NL-GE,2026-03-01,2026-03-31,Monthly,,KG,2.607,2.607,3204.576904296875,xgboost_feat
Blueberry_Ventura,PLUS,NL-GE,2026-04-01,2026-04-30,Monthly,,KG,2.607,2.607,2961.65234375,xgboost_feat
Blueberry_Ventura,PLUS,NL-GE,2026-05-01,2026-05-31,Monthly,,KG,2.607,2.607,2650.425048828125,xgboost_feat
Blueberry_Ventura,PLUS,NL-GE,2026-06-01,2026-06-30,Monthly,,KG,2.607,2.607,2477.96484375,xgboost_feat
Blueberry_Ventura,PLUS,NL-GE,2026-07-01,2026-07-31,Monthly,,KG,2.607,2.607,2520.80615234375,xgboost_feat
Blueberry_Ventura,PLUS,NL-GE,2026-08-01,2026-08-31,Monthly,,KG,2.607,2.607,2621.31494140625,xgboost_feat
Blueberry_Ventura,PLUS,NL-GE,2026-09-01,2026-09-30,Monthly,,KG,2.607,2.607,2726.02294921875,xgboost_feat
Blueberry_Ventura,PLUS,NL-GE,2026-10-01,2026-10-31,Monthly,,KG,2.607,2.607,2937.98876953125,xgboost_feat
Blueberry_Ventura,PLUS,NL-GE,2026-11-01,2026-11-30,Monthly,,KG,2.607,2.607,3120.15185546875,xgboost_feat
Blueberry_Ventura,PLUS,NL-GE,2026-12-01,2026-12-31,Monthly,,KG,2.607,2.607,3143.462158203125,xgboost_feat
Blueberry_Ventura,PLUS,NL-GE,2027-01-01,2027-01-31,Monthly,,KG,2.607,2.607,3135.639404296875,xgboost_feat
Blueberry_Ventura,PLUS,NL-NB,2026-02-01,2026-02-28,Monthly,,KG,2.708,2.708,3126.527587890625,xgboost_feat
Blueberry_Ventura,PLUS,NL-NB,2026-03-01,2026-03-31,Monthly,,KG,2.708,2.708,3047.6796875,xgboost_feat
Blueberry_Ventura,PLUS,NL-NB,2026-04-01,2026-04-30,Monthly,,KG,2.708,2.708,3033.869384765625,xgboost_feat
Blueberry_Ventura,PLUS,NL-NB,2026-05-01,2026-05-31,Monthly,,KG,2.708,2.708,2740.47021484375,xgboost_feat
Blueberry_Ventura,PLUS,NL-NB,2026-06-01,2026-06-30,Monthly,,KG,2.708,2.708,2711.6630859375,xgboost_feat
Blueberry_Ventura,PLUS,NL-NB,2026-07-01,2026-07-31,Monthly,,KG,2.708,2.708,2729.764892578125,xgboost_feat
Blueberry_Ventura,PLUS,NL-NB,2026-08-01,2026-08-31,Monthly,,KG,2.708,2.708,2767.91748046875,xgboost_feat
Blueberry_Ventura,PLUS,NL-NB,2026-09-01,2026-09-30,Monthly,,KG,2.708,2.708,2743.68212890625,xgboost_feat
Blueberry_Ventura,PLUS,NL-NB,2026-10-01,2026-10-31,Monthly,,KG,2.708,2.708,2937.275634765625,xgboost_feat
Blueberry_Ventura,PLUS,NL-NB,2026-11-01,2026-11-30,Monthly,,KG,2.708,2.708,3140.371337890625,xgboost_feat
Blueberry_Ventura,PLUS,NL-NB,2026-12-01,2026-12-31,Monthly,,KG,2.708,2.708,3167.52587890625,xgboost_feat
Blueberry_Ventura,PLUS,NL-NB,2027-01-01,2027-01-31,Monthly,,KG,2.708,2.708,3143.5908203125,xgboost_feat
Blueberry_Ventura,PLUS,NL-NH,2026-02-01,2026-02-28,Monthly,,KG,2.849,2.849,3053.632080078125,xgboost_feat
Blueberry_Ventura,PLUS,NL-NH,2026-03-01,2026-03-31,Monthly,,KG,2.849,2.849,3197.861572265625,xgboost_feat
Blueberry_Ventura,PLUS,NL-NH,2026-04-01,2026-04-30,Monthly,,KG,2.849,2.849,3052.50244140625,xgboost_feat
Blueberry_Ventura,PLUS,NL-NH,2026-05-01,2026-05-31,Monthly,,KG,2.849,2.849,2927.674072265625,xgboost_feat
Blueberry_Ventura,PLUS,NL-NH,2026-06-01,2026-06-30,Monthly,,KG,2.849,2.849,2711.10986328125,xgboost_feat
Blueberry_Ventura,PLUS,NL-NH,2026-07-01,2026-07-31,Monthly,,KG,2.849,2.849,2725.0654296875,xgboost_feat
Blueberry_Ventura,PLUS,NL-NH,2026-08-01,2026-08-31,Monthly,,KG,2.849,2.849,2770.01416015625,xgboost_feat
Blueberry_Ventura,PLUS,NL-NH,2026-09-01,2026-09-30,Monthly,,KG,2.849,2.849,2751.341064453125,xgboost_feat
Blueberry_Ventura,PLUS,NL-NH,2026-10-01,2026-10-31,Monthly,,KG,2.849,2.849,2907.572998046875,xgboost_feat
Blueberry_Ventura,PLUS,NL-NH,2026-11-01,2026-11-30,Monthly,,KG,2.849,2.849,2956.806640625,xgboost_feat
Blueberry_Ventura,PLUS,NL-NH,2026-12-01,2026-12-31,Monthly,,KG,2.849,2.849,3137.24755859375,xgboost_feat
Blueberry_Ventura,PLUS,NL-NH,2027-01-01,2027-01-31,Monthly,,KG,2.849,2.849,3137.582763671875,xgboost_feat
Blueberry_Ventura,PLUS,NL-ZH,2026-02-01,2026-02-28,Monthly,,KG,2.982,2.982,2993.727783203125,xgboost_feat
Blueberry_Ventura,PLUS,NL-ZH,2026-03-01,2026-03-31,Monthly,,KG,2.982,2.982,2968.3974609375,xgboost_feat
Blueberry_Ventura,PLUS,NL-ZH,2026-04-01,2026-04-30,Monthly,,KG,2.982,2.982,2975.19970703125,xgboost_feat
Blueberry_Ventura,PLUS,NL-ZH,2026-05-01,2026-05-31,Monthly,,KG,2.982,2.982,2724.32275390625,xgboost_feat
Blueberry_Ventura,PLUS,NL-ZH,2026-06-01,2026-06-30,Monthly,,KG,2.982,2.982,2678.953125,xgboost_feat
Blueberry_Ventura,PLUS,NL-ZH,2026-07-01,2026-07-31,Monthly,,KG,2.982,2.982,2721.292236328125,xgboost_feat
Blueberry_Ventura,PLUS,NL-ZH,2026-08-01,2026-08-31,Monthly,,KG,2.982,2.982,2746.145263671875,xgboost_feat
Blueberry_Ventura,PLUS,NL-ZH,2026-09-01,2026-09-30,Monthly,,KG,2.982,2.982,2744.946044921875,xgboost_feat
Blueberry_Ventura,PLUS,NL-ZH,2026-10-01,2026-10-31,Monthly,,KG,2.982,2.982,2913.705322265625,xgboost_feat
Blueberry_Ventura,PLUS,NL-ZH,2026-11-01,2026-11-30,Monthly,,KG,2.982,2.982,3010.37939453125,xgboost_feat
Blueberry_Ventura,PLUS,NL-ZH,2026-12-01,2026-12-31,Monthly,,KG,2.982,2.982,3137.206298828125,xgboost_feat
Blueberry_Ventura,PLUS,NL-ZH,2027-01-01,2027-01-31,Monthly,,KG,2.982,2.982,3137.201171875,xgboost_feat
Blueberry_Ventura,SLIGRO,NL-GE,2026-02-01,2026-02-28,Monthly,,KG,2.69,2.69,3072.935546875,xgboost_feat
Blueberry_Ventura,SLIGRO,NL-GE,2026-03-01,2026-03-31,Monthly,,KG,2.69,2.69,3052.48046875,xgboost_feat
Blueberry_Ventura,SLIGRO,NL-GE,2026-04-01,2026-04-30,Monthly,,KG,2.69,2.69,2978.597900390625,xgboost_feat
Blueberry_Ventura,SLIGRO,NL-GE,2026-05-01,2026-05-31,Monthly,,KG,2.69,2.69,2724.8037109375,xgboost_feat
Blueberry_Ventura,SLIGRO,NL-GE,2026-06-01,2026-06-30,Monthly,,KG,2.69,2.69,2672.9208984375,xgboost_feat
Blueberry_Ventura,SLIGRO,NL-GE,2026-07-01,2026-07-31,Monthly,,KG,2.69,2.69,2672.5625,xgboost_feat
Blueberry_Ventura,SLIGRO,NL-GE,2026-08-01,2026-08-31,Monthly,,KG,2.69,2.69,2655.02587890625,xgboost_feat
Blueberry_Ventura,SLIGRO,NL-GE,2026-09-01,2026-09-30,Monthly,,KG,2.69,2.69,2655.026611328125,xgboost_feat
Blueberry_Ventura,SLIGRO,NL-GE,2026-10-01,2026-10-31,Monthly,,KG,2.69,2.69,2868.22900390625,xgboost_feat
Blueberry_Ventura,SLIGRO,NL-GE,2026-11-01,2026-11-30,Monthly,,KG,2.69,2.69,3047.528564453125,xgboost_feat
Blueberry_Ventura,SLIGRO,NL-GE,2026-12-01,2026-12-31,Monthly,,KG,2.69,2.69,3040.7568359375,xgboost_feat
Blueberry_Ventura,SLIGRO,NL-GE,2027-01-01,2027-01-31,Monthly,,KG,2.69,2.69,3043.910888671875,xgboost_feat
Blueberry_Ventura,SLIGRO,NL-NB,2026-02-01,2026-02-28,Monthly,,KG,2.739,2.739,3072.935546875,xgboost_feat
Blueberry_Ventura,SLIGRO,NL-NB,2026-03-01,2026-03-31,Monthly,,KG,2.739,2.739,2988.093505859375,xgboost_feat
Blueberry_Ventura,SLIGRO,NL-NB,2026-04-01,2026-04-30,Monthly,,KG,2.739,2.739,2978.12060546875,xgboost_feat
Blueberry_Ventura,SLIGRO,NL-NB,2026-05-01,2026-05-31,Monthly,,KG,2.739,2.739,2704.87060546875,xgboost_feat
Blueberry_Ventura,SLIGRO,NL-NB,2026-06-01,2026-06-30,Monthly,,KG,2.739,2.739,2689.720947265625,xgboost_feat
Blueberry_Ventura,SLIGRO,NL-NB,2026-07-01,2026-07-31,Monthly,,KG,2.739,2.739,2674.3916015625,xgboost_feat
Blueberry_Ventura,SLIGRO,NL-NB,2026-08-01,2026-08-31,Monthly,,KG,2.739,2.739,2670.38232421875,xgboost_feat
Blueberry_Ventura,SLIGRO,NL-NB,2026-09-01,2026-09-30,Monthly,,KG,2.739,2.739,2655.32568359375,xgboost_feat
Blueberry_Ventura,SLIGRO,NL-NB,2026-10-01,2026-10-31,Monthly,,KG,2.739,2.739,2900.9384765625,xgboost_feat
Blueberry_Ventura,SLIGRO,NL-NB,2026-11-01,2026-11-30,Monthly,,KG,2.739,2.739,3048.975830078125,xgboost_feat
Blueberry_Ventura,SLIGRO,NL-NB,2026-12-01,2026-12-31,Monthly,,KG,2.739,2.739,3068.5859375,xgboost_feat
Blueberry_Ventura,SLIGRO,NL-NB,2027-01-01,2027-01-31,Monthly,,KG,2.739,2.739,3011.532470703125,xgboost_feat
Blueberry_Ventura,SLIGRO,NL-NH,2026-02-01,2026-02-28,Monthly,,KG,2.807,2.807,3100.8681640625,xgboost_feat
Blueberry_Ventura,SLIGRO,NL-NH,2026-03-01,2026-03-31,Monthly,,KG,2.807,2.807,3059.0634765625,xgboost_feat
Blueberry_Ventura,SLIGRO,NL-NH,2026-04-01,2026-04-30,Monthly,,KG,2.807,2.807,2978.597900390625,xgboost_feat
Blueberry_Ventura,SLIGRO,NL-NH,2026-05-01,2026-05-31,Monthly,,KG,2.807,2.807,2952.318115234375,xgboost_feat
Blueberry_Ventura,SLIGRO,NL-NH,2026-06-01,2026-06-30,Monthly,,KG,2.807,2.807,2674.2548828125,xgboost_feat
Blueberry_Ventura,SLIGRO,NL-NH,2026-07-01,2026-07-31,Monthly,,KG,2.807,2.807,2672.5283203125,xgboost_feat
Blueberry_Ventura,SLIGRO,NL-NH,2026-08-01,2026-08-31,Monthly,,KG,2.807,2.807,2682.517578125,xgboost_feat
Blueberry_Ventura,SLIGRO,NL-NH,2026-09-01,2026-09-30,Monthly,,KG,2.807,2.807,2655.04296875,xgboost_feat
Blueberry_Ventura,SLIGRO,NL-NH,2026-10-01,2026-10-31,Monthly,,KG,2.807,2.807,2868.1826171875,xgboost_feat
Blueberry_Ventura,SLIGRO,NL-NH,2026-11-01,2026-11-30,Monthly,,KG,2.807,2.807,2944.93505859375,xgboost_feat
Blueberry_Ventura,SLIGRO,NL-NH,2026-12-01,2026-12-31,Monthly,,KG,2.807,2.807,3040.63427734375,xgboost_feat
Blueberry_Ventura,SLIGRO,NL-NH,2027-01-01,2027-01-31,Monthly,,KG,2.807,2.807,3011.289794921875,xgboost_feat
Blueberry_Ventura,SLIGRO,NL-ZH,2026-02-01,2026-02-28,Monthly,,KG,2.944,2.944,3100.8681640625,xgboost_feat
Blueberry_Ventura,SLIGRO,NL-ZH,2026-03-01,2026-03-31,Monthly,,KG,2.944,2.944,3052.083984375,xgboost_feat
Blueberry_Ventura,SLIGRO,NL-ZH,2026-04-01,2026-04-30,Monthly,,KG,2.944,2.944,2978.597900390625,xgboost_feat
Blueberry_Ventura,SLIGRO,NL-ZH,2026-05-01,2026-05-31,Monthly,,KG,2.944,2.944,2725.472900390625,xgboost_feat
Blueberry_Ventura,SLIGRO,NL-ZH,2026-06-01,2026-06-30,Monthly,,KG,2.944,2.944,2686.9482421875,xgboost_feat
Blueberry_Ventura,SLIGRO,NL-ZH,2026-07-01,2026-07-31,Monthly,,KG,2.944,2.944,2672.189453125,xgboost_feat
Blueberry_Ventura,SLIGRO,NL-ZH,2026-08-01,2026-08-31,Monthly,,KG,2.944,2.944,2655.695556640625,xgboost_feat
Blueberry_Ventura,SLIGRO,NL-ZH,2026-09-01,2026-09-30,Monthly,,KG,2.944,2.944,2655.06005859375,xgboost_feat
Blueberry_Ventura,SLIGRO,NL-ZH,2026-10-01,2026-10-31,Monthly,,KG,2.944,2.944,2868.1826171875,xgboost_feat
Blueberry_Ventura,SLIGRO,NL-ZH,2026-11-01,2026-11-30,Monthly,,KG,2.944,2.944,2953.596435546875,xgboost_feat
Blueberry_Ventura,SLIGRO,NL-ZH,2026-12-01,2026-12-31,Monthly,,KG,2.944,2.944,3040.6396484375,xgboost_feat
Blueberry_Ventura,SLIGRO,NL-ZH,2027-01-01,2027-01-31,Monthly,,KG,2.944,2.944,3011.289794921875,xgboost_feat
PEAR_ABATE,AH,NL-GE,2026-02-01,2026-02-28,Monthly,,KG,3.049,3.049,3103.1396484375,xgboost_feat
PEAR_ABATE,AH,NL-GE,2026-03-01,2026-03-31,Monthly,,KG,3.049,3.049,3056.2802734375,xgboost_feat
PEAR_ABATE,AH,NL-GE,2026-04-01,2026-04-30,Monthly,,KG,3.049,3.049,2978.561767578125,xgboost_feat
PEAR_ABATE,AH,NL-GE,2026-05-01,2026-05-31,Monthly,,KG,3.049,3.049,2724.734619140625,xgboost_feat
PEAR_ABATE,AH,NL-GE,2026-06-01,2026-06-30,Monthly,,KG,3.049,3.049,2672.890380859375,xgboost_feat
PEAR_ABATE,AH,NL-GE,2026-07-01,2026-07-31,Monthly,,KG,3.049,3.049,2671.9208984375,xgboost_feat
PEAR_ABATE,AH,NL-GE,2026-08-01,2026-08-31,Monthly,,KG,3.049,3.049,2712.339599609375,xgboost_feat
PEAR_ABATE,AH,NL-GE,2026-09-01,2026-09-30,Monthly,,KG,3.049,3.049,2676.331298828125,xgboost_feat
PEAR_ABATE,AH,NL-GE,2026-10-01,2026-10-31,Monthly,,KG,3.049,3.049,2870.977783203125,xgboost_feat
PEAR_ABATE,AH,NL-GE,2026-11-01,2026-11-30,Monthly,,KG,3.049,3.049,3049.331298828125,xgboost_feat
PEAR_ABATE,AH,NL-GE,2026-12-01,2026-12-31,Monthly,,KG,3.049,3.049,3041.38330078125,xgboost_feat
PEAR_ABATE,AH,NL-GE,2027-01-01,2027-01-31,Monthly,,KG,3.049,3.049,3046.521240234375,xgboost_feat
PEAR_ABATE,AH,NL-NB,2026-02-01,2026-02-28,Monthly,,KG,3.165,3.165,3102.607421875,xgboost_feat
PEAR_ABATE,AH,NL-NB,2026-03-01,2026-03-31,Monthly,,KG,3.165,3.165,2988.06298828125,xgboost_feat
PEAR_ABATE,AH,NL-NB,2026-04-01,2026-04-30,Monthly,,KG,3.165,3.165,2982.37548828125,xgboost_feat
PEAR_ABATE,AH,NL-NB,2026-05-01,2026-05-31,Monthly,,KG,3.165,3.165,2704.013916015625,xgboost_feat
PEAR_ABATE,AH,NL-NB,2026-06-01,2026-06-30,Monthly,,KG,3.165,3.165,2689.191162109375,xgboost_feat
PEAR_ABATE,AH,NL-NB,2026-07-01,2026-07-31,Monthly,,KG,3.165,3.165,2674.09228515625,xgboost_feat
PEAR_ABATE,AH,NL-NB,2026-08-01,2026-08-31,Monthly,,KG,3.165,3.165,2693.34375,xgboost_feat
PEAR_ABATE,AH,NL-NB,2026-09-01,2026-09-30,Monthly,,KG,3.165,3.165,2655.895263671875,xgboost_feat
PEAR_ABATE,AH,NL-NB,2026-10-01,2026-10-31,Monthly,,KG,3.165,3.165,2948.068115234375,xgboost_feat
PEAR_ABATE,AH,NL-NB,2026-11-01,2026-11-30,Monthly,,KG,3.165,3.165,3064.38330078125,xgboost_feat
PEAR_ABATE,AH,NL-NB,2026-12-01,2026-12-31,Monthly,,KG,3.165,3.165,3074.749755859375,xgboost_feat
PEAR_ABATE,AH,NL-NB,2027-01-01,2027-01-31,Monthly,,KG,3.165,3.165,3014.1748046875,xgboost_feat
PEAR_ABATE,AH,NL-NH,2026-02-01,2026-02-28,Monthly,,KG,3.29,3.29,3104.5556640625,xgboost_feat
PEAR_ABATE,AH,NL-NH,2026-03-01,2026-03-31,Monthly,,KG,3.29,3.29,3104.708984375,xgboost_feat
PEAR_ABATE,AH,NL-NH,2026-04-01,2026-04-30,Monthly,,KG,3.29,3.29,2982.401123046875,xgboost_feat
PEAR_ABATE,AH,NL-NH,2026-05-01,2026-05-31,Monthly,,KG,3.29,3.29,2955.29150390625,xgboost_feat
PEAR_ABATE,AH,NL-NH,2026-06-01,2026-06-30,Monthly,,KG,3.29,3.29,2673.251953125,xgboost_feat
PEAR_ABATE,AH,NL-NH,2026-07-01,2026-07-31,Monthly,,KG,3.29,3.29,2672.2060546875,xgboost_feat
PEAR_ABATE,AH,NL-NH,2026-08-01,2026-08-31,Monthly,,KG,3.29,3.29,2731.536865234375,xgboost_feat
PEAR_ABATE,AH,NL-NH,2026-09-01,2026-09-30,Monthly,,KG,3.29,3.29,2677.594970703125,xgboost_feat
PEAR_ABATE,AH,NL-NH,2026-10-01,2026-10-31,Monthly,,KG,3.29,3.29,2879.494384765625,xgboost_feat
PEAR_ABATE,AH,NL-NH,2026-11-01,2026-11-30,Monthly,,KG,3.29,3.29,2958.505615234375,xgboost_feat
PEAR_ABATE,AH,NL-NH,2026-12-01,2026-12-31,Monthly,,KG,3.29,3.29,3060.55908203125,xgboost_feat
PEAR_ABATE,AH,NL-NH,2027-01-01,2027-01-31,Monthly,,KG,3.0268,3.29,3012.378173828125,xgboost_feat
PEAR_ABATE,AH,NL-ZH,2026-02-01,2026-02-28,Monthly,,KG,3.343,3.343,3104.671875,xgboost_feat
PEAR_ABATE,AH,NL-ZH,2026-03-01,2026-03-31,Monthly,,KG,3.343,3.343,3059.364501953125,xgboost_feat
PEAR_ABATE,AH,NL-ZH,2026-04-01,2026-04-30,Monthly,,KG,3.343,3.343,2986.035400390625,xgboost_feat
PEAR_ABATE,AH,NL-ZH,2026-05-01,2026-05-31,Monthly,,KG,3.343,3.343,2720.453369140625,xgboost_feat
PEAR_ABATE,AH,NL-ZH,2026-06-01,2026-06-30,Monthly,,KG,3.343,3.343,2686.669921875,xgboost_feat
PEAR_ABATE,AH,NL-ZH,2026-07-01,2026-07-31,Monthly,,KG,3.343,3.343,2671.03173828125,xgboost_feat
PEAR_ABATE,AH,NL-ZH,2026-08-01,2026-08-31,Monthly,,KG,2.94184,3.343,2673.412109375,xgboost_feat
PEAR_ABATE,AH,NL-ZH,2026-09-01,2026-09-30,Monthly,,KG,3.343,3.343,2709.435546875,xgboost_feat
PEAR_ABATE,AH,NL-ZH,2026-10-01,2026-10-31,Monthly,,KG,3.343,3.343,2912.75830078125,xgboost_feat
PEAR_ABATE,AH,NL-ZH,2026-11-01,2026-11-30,Monthly,,KG,3.343,3.343,3010.97021484375,xgboost_feat
PEAR_ABATE,AH,NL-ZH,2026-12-01,2026-12-31,Monthly,,KG,3.343,3.343,3137.415283203125,xgboost_feat
PEAR_ABATE,AH,NL-ZH,2027-01-01,2027-01-31,Monthly,,KG,3.343,3.343,3046.291015625,xgboost_feat
PEAR_ABATE,FLINK,NL-GE,2026-02-01,2026-02-28,Monthly,,KG,3.044,3.044,3105.52099609375,xgboost_feat
PEAR_ABATE,FLINK,NL-GE,2026-03-01,2026-03-31,Monthly,,KG,3.044,3.044,3052.48046875,xgboost_feat
PEAR_ABATE,FLINK,NL-GE,2026-04-01,2026-04-30,Monthly,,KG,3.044,3.044,2978.597900390625,xgboost_feat
PEAR_ABATE,FLINK,NL-GE,2026-05-01,2026-05-31,Monthly,,KG,3.044,3.044,2724.732421875,xgboost_feat
PEAR_ABATE,FLINK,NL-GE,2026-06-01,2026-06-30,Monthly,,KG,3.044,3.044,2672.9208984375,xgboost_feat
PEAR_ABATE,FLINK,NL-GE,2026-07-01,2026-07-31,Monthly,,KG,3.044,3.044,2672.560302734375,xgboost_feat
PEAR_ABATE,FLINK,NL-GE,2026-08-01,2026-08-31,Monthly,,KG,3.044,3.044,2655.02587890625,xgboost_feat
PEAR_ABATE,FLINK,NL-GE,2026-09-01,2026-09-30,Monthly,,KG,3.044,3.044,2655.026611328125,xgboost_feat
PEAR_ABATE,FLINK,NL-GE,2026-10-01,2026-10-31,Monthly,,KG,3.044,3.044,2868.22900390625,xgboost_feat
PEAR_ABATE,FLINK,NL-GE,2026-11-01,2026-11-30,Monthly,,KG,3.044,3.044,3047.528564453125,xgboost_feat
PEAR_ABATE,FLINK,NL-GE,2026-12-01,2026-12-31,Monthly,,KG,3.044,3.044,3040.7568359375,xgboost_feat
PEAR_ABATE,FLINK,NL-GE,2027-01-01,2027-01-31,Monthly,,KG,3.044,3.044,3045.297119140625,xgboost_feat
PEAR_ABATE,FLINK,NL-NB,2026-02-01,2026-02-28,Monthly,,KG,3.184,3.184,3072.935546875,xgboost_feat
PEAR_ABATE,FLINK,NL-NB,2026-03-01,2026-03-31,Monthly,,KG,3.184,3.184,2988.093505859375,xgboost_feat
PEAR_ABATE,FLINK,NL-NB,2026-04-01,2026-04-30,Monthly,,KG,3.184,3.184,2978.120849609375,xgboost_feat
PEAR_ABATE,FLINK,NL-NB,2026-05-01,2026-05-31,Monthly,,KG,3.184,3.184,2704.87060546875,xgboost_feat
PEAR_ABATE,FLINK,NL-NB,2026-06-01,2026-06-30,Monthly,,KG,3.184,3.184,2689.720947265625,xgboost_feat
PEAR_ABATE,FLINK,NL-NB,2026-07-01,2026-07-31,Monthly,,KG,3.184,3.184,2674.389404296875,xgboost_feat
PEAR_ABATE,FLINK,NL-NB,2026-08-01,2026-08-31,Monthly,,KG,3.184,3.184,2670.38232421875,xgboost_feat
PEAR_ABATE,FLINK,NL-NB,2026-09-01,2026-09-30,Monthly,,KG,3.184,3.184,2655.32568359375,xgboost_feat
PEAR_ABATE,FLINK,NL-NB,2026-10-01,2026-10-31,Monthly,,KG,3.184,3.184,2900.9384765625,xgboost_feat
PEAR_ABATE,FLINK,NL-NB,2026-11-01,2026-11-30,Monthly,,KG,3.184,3.184,3048.975830078125,xgboost_feat
PEAR_ABATE,FLINK,NL-NB,2026-12-01,2026-12-31,Monthly,,KG,3.184,3.184,3068.5859375,xgboost_feat
PEAR_ABATE,FLINK,NL-NB,2027-01-01,2027-01-31,Monthly,,KG,3.184,3.184,3012.968505859375,xgboost_feat
PEAR_ABATE,FLINK,NL-NH,2026-02-01,2026-02-28,Monthly,,KG,3.275,3.275,3100.54150390625,xgboost_feat
PEAR_ABATE,FLINK,NL-NH,2026-03-01,2026-03-31,Monthly,,KG,3.275,3.275,3059.0634765625,xgboost_feat
PEAR_ABATE,FLINK,NL-NH,2026-04-01,2026-04-30,Monthly,,KG,3.275,3.275,2978.597900390625,xgboost_feat
PEAR_ABATE,FLINK,NL-NH,2026-05-01,2026-05-31,Monthly,,KG,3.275,3.275,2952.318115234375,xgboost_feat
PEAR_ABATE,FLINK,NL-NH,2026-06-01,2026-06-30,Monthly,,KG,3.275,3.275,2674.252197265625,xgboost_feat
PEAR_ABATE,FLINK,NL-NH,2026-07-01,2026-07-31,Monthly,,KG,3.275,3.275,2672.526123046875,xgboost_feat
PEAR_ABATE,FLINK,NL-NH,2026-08-01,2026-08-31,Monthly,,KG,3.275,3.275,2682.517578125,xgboost_feat
PEAR_ABATE,FLINK,NL-NH,2026-09-01,2026-09-30,Monthly,,KG,3.275,3.275,2655.04296875,xgboost_feat
PEAR_ABATE,FLINK,NL-NH,2026-10-01,2026-10-31,Monthly,,KG,3.275,3.275,2868.1826171875,xgboost_feat
PEAR_ABATE,FLINK,NL-NH,2026-11-01,2026-11-30,Monthly,,KG,3.275,3.275,2944.93505859375,xgboost_feat
PEAR_ABATE,FLINK,NL-NH,2026-12-01,2026-12-31,Monthly,,KG,3.275,3.275,3040.63427734375,xgboost_feat
PEAR_ABATE,FLINK,NL-NH,2027-01-01,2027-01-31,Monthly,,KG,3.275,3.275,3012.706787109375,xgboost_feat
PEAR_ABATE,FLINK,NL-ZH,2026-02-01,2026-02-28,Monthly,,KG,3.409,3.409,3100.8681640625,xgboost_feat
PEAR_ABATE,FLINK,NL-ZH,2026-03-01,2026-03-31,Monthly,,KG,3.409,3.409,3052.083984375,xgboost_feat
PEAR_ABATE,FLINK,NL-ZH,2026-04-01,2026-04-30,Monthly,,KG,3.409,3.409,2978.597900390625,xgboost_feat
PEAR_ABATE,FLINK,NL-ZH,2026-05-01,2026-05-31,Monthly,,KG,3.409,3.409,2725.472900390625,xgboost_feat
PEAR_ABATE,FLINK,NL-ZH,2026-06-01,2026-06-30,Monthly,,KG,3.409,3.409,2686.9482421875,xgboost_feat
PEAR_ABATE,FLINK,NL-ZH,2026-07-01,2026-07-31,Monthly,,KG,3.409,3.409,2672.187255859375,xgboost_feat
PEAR_ABATE,FLINK,NL-ZH,2026-08-01,2026-08-31,Monthly,,KG,3.409,3.409,2655.695556640625,xgboost_feat
PEAR_ABATE,FLINK,NL-ZH,2026-09-01,2026-09-30,Monthly,,KG,3.409,3.409,2655.06005859375,xgboost_feat
PEAR_ABATE,FLINK,NL-ZH,2026-10-01,2026-10-31,Monthly,,KG,3.409,3.409,2868.1826171875,xgboost_feat
PEAR_ABATE,FLINK,NL-ZH,2026-11-01,2026-11-30,Monthly,,KG,3.409,3.409,2953.596435546875,xgboost_feat
PEAR_ABATE,FLINK,NL-ZH,2026-12-01,2026-12-31,Monthly,,KG,3.409,3.409,3040.6396484375,xgboost_feat
PEAR_ABATE,FLINK,NL-ZH,2027-01-01,2027-01-31,Monthly,,KG,3.409,3.409,3012.706787109375,xgboost_feat
PEAR_ABATE,GREENACRES,NL-GE,2026-02-01,2026-02-28,Monthly,,KG,3.097,3.097,3105.67138671875,xgboost_feat
PEAR_ABATE,GREENACRES,NL-GE,2026-03-01,2026-03-31,Monthly,,KG,3.097,3.097,3052.48046875,xgboost_feat
PEAR_ABATE,GREENACRES,NL-GE,2026-04-01,2026-04-30,Monthly,,KG,3.097,3.097,2978.597900390625,xgboost_feat
PEAR_ABATE,GREENACRES,NL-GE,2026-05-01,2026-05-31,Monthly,,KG,3.097,3.097,2724.732421875,xgboost_feat
PEAR_ABATE,GREENACRES,NL-GE,2026-06-01,2026-06-30,Monthly,,KG,3.097,3.097,2672.9208984375,xgboost_feat
PEAR_ABATE,GREENACRES,NL-GE,2026-07-01,2026-07-31,Monthly,,KG,3.097,3.097,2672.5625,xgboost_feat
PEAR_ABATE,GREENACRES,NL-GE,2026-08-01,2026-08-31,Monthly,,KG,3.097,3.097,2655.02587890625,xgboost_feat
PEAR_ABATE,GREENACRES,NL-GE,2026-09-01,2026-09-30,Monthly,,KG,3.097,3.097,2655.026611328125,xgboost_feat
PEAR_ABATE,GREENACRES,NL-GE,2026-10-01,2026-10-31,Monthly,,KG,3.097,3.097,2868.22900390625,xgboost_feat
PEAR_ABATE,GREENACRES,NL-GE,2026-11-01,2026-11-30,Monthly,,KG,3.097,3.097,3047.528564453125,xgboost_feat
PEAR_ABATE,GREENACRES,NL-GE,2026-12-01,2026-12-31,Monthly,,KG,3.097,3.097,3040.7568359375,xgboost_feat
PEAR_ABATE,GREENACRES,NL-GE,2027-01-01,2027-01-31,Monthly,,KG,3.097,3.097,3045.297119140625,xgboost_feat
PEAR_ABATE,GREENACRES,NL-NB,2026-02-01,2026-02-28,Monthly,,KG,3.157,3.157,3105.671875,xgboost_feat
PEAR_ABATE,GREENACRES,NL-NB,2026-03-01,2026-03-31,Monthly,,KG,3.157,3.157,2988.093505859375,xgboost_feat
PEAR_ABATE,GREENACRES,NL-NB,2026-04-01,2026-04-30,Monthly,,KG,3.157,3.157,2978.120849609375,xgboost_feat
PEAR_ABATE,GREENACRES,NL-NB,2026-05-01,2026-05-31,Monthly,,KG,3.157,3.157,2704.87060546875,xgboost_feat
PEAR_ABATE,GREENACRES,NL-NB,2026-06-01,2026-06-30,Monthly,,KG,3.157,3.157,2689.720947265625,xgboost_feat
PEAR_ABATE,GREENACRES,NL-NB,2026-07-01,2026-07-31,Monthly,,KG,3.157,3.157,2674.389404296875,xgboost_feat
PEAR_ABATE,GREENACRES,NL-NB,2026-08-01,2026-08-31,Monthly,,KG,3.157,3.157,2670.38232421875,xgboost_feat
PEAR_ABATE,GREENACRES,NL-NB,2026-09-01,2026-09-30,Monthly,,KG,3.157,3.157,2655.32568359375,xgboost_feat
PEAR_ABATE,GREENACRES,NL-NB,2026-10-01,2026-10-31,Monthly,,KG,3.157,3.157,2900.9384765625,xgboost_feat
PEAR_ABATE,GREENACRES,NL-NB,2026-11-01,2026-11-30,Monthly,,KG,3.157,3.157,3048.975830078125,xgboost_feat
PEAR_ABATE,GREENACRES,NL-NB,2026-12-01,2026-12-31,Monthly,,KG,3.157,3.157,3068.5859375,xgboost_feat
PEAR_ABATE,GREENACRES,NL-NB,2027-01-01,2027-01-31,Monthly,,KG,3.157,3.157,3012.968505859375,xgboost_feat
PEAR_ABATE,GREENACRES,NL-NH,2026-02-01,2026-02-28,Monthly,,KG,3.234,3.234,3105.671875,xgboost_feat
PEAR_ABATE,GREENACRES,NL-NH,2026-03-01,2026-03-31,Monthly,,KG,3.234,3.234,3059.0634765625,xgboost_feat
PEAR_ABATE,GREENACRES,NL-NH,2026-04-01,2026-04-30,Monthly,,KG,3.234,3.234,2978.597900390625,xgboost_feat
PEAR_ABATE,GREENACRES,NL-NH,2026-05-01,2026-05-31,Monthly,,KG,3.234,3.234,2952.318115234375,xgboost_feat
PEAR_ABATE,GREENACRES,NL-NH,2026-06-01,2026-06-30,Monthly,,KG,3.234,3.234,2674.252197265625,xgboost_feat
PEAR_ABATE,GREENACRES,NL-NH,2026-07-01,2026-07-31,Monthly,,KG,3.234,3.234,2672.5283203125,xgboost_feat
PEAR_ABATE,GREENACRES,NL-NH,2026-08-01,2026-08-31,Monthly,,KG,3.234,3.234,2682.517578125,xgboost_feat
PEAR_ABATE,GREENACRES,NL-NH,2026-09-01,2026-09-30,Monthly,,KG,3.234,3.234,2655.04296875,xgboost_feat
PEAR_ABATE,GREENACRES,NL-NH,2026-10-01,2026-10-31,Monthly,,KG,3.234,3.234,2868.1826171875,xgboost_feat
PEAR_ABATE,GREENACRES,NL-NH,2026-11-01,2026-11-30,Monthly,,KG,3.234,3.234,2944.93505859375,xgboost_feat
PEAR_ABATE,GREENACRES,NL-NH,2026-12-01,2026-12-31,Monthly,,KG,3.234,3.234,3040.63427734375,xgboost_feat
PEAR_ABATE,GREENACRES,NL-NH,2027-01-01,2027-01-31,Monthly,,KG,3.234,3.234,3011.289794921875,xgboost_feat
PEAR_ABATE,GREENACRES,NL-ZH,2026-02-01,2026-02-28,Monthly,,KG,3.365,3.365,3105.671875,xgboost_feat
PEAR_ABATE,GREENACRES,NL-ZH,2026-03-01,2026-03-31,Monthly,,KG,3.365,3.365,3052.083984375,xgboost_feat
PEAR_ABATE,GREENACRES,NL-ZH,2026-04-01,2026-04-30,Monthly,,KG,3.365,3.365,2978.597900390625,xgboost_feat
PEAR_ABATE,GREENACRES,NL-ZH,2026-05-01,2026-05-31,Monthly,,KG,3.365,3.365,2725.401611328125,xgboost_feat
PEAR_ABATE,GREENACRES,NL-ZH,2026-06-01,2026-06-30,Monthly,,KG,3.365,3.365,2686.9482421875,xgboost_feat
PEAR_ABATE,GREENACRES,NL-ZH,2026-07-01,2026-07-31,Monthly,,KG,3.365,3.365,2672.189453125,xgboost_feat
PEAR_ABATE,GREENACRES,NL-ZH,2026-08-01,2026-08-31,Monthly,,KG,3.365,3.365,2655.695556640625,xgboost_feat
PEAR_ABATE,GREENACRES,NL-ZH,2026-09-01,2026-09-30,Monthly,,KG,3.365,3.365,2655.06005859375,xgboost_feat
PEAR_ABATE,GREENACRES,NL-ZH,2026-10-01,2026-10-31,Monthly,,KG,3.365,3.365,2868.1826171875,xgboost_feat
PEAR_ABATE,GREENACRES,NL-ZH,2026-11-01,2026-11-30,Monthly,,KG,3.365,3.365,2953.596435546875,xgboost_feat
PEAR_ABATE,GREENACRES,NL-ZH,2026-12-01,2026-12-31,Monthly,,KG,3.365,3.365,3040.6396484375,xgboost_feat
PEAR_ABATE,GREENACRES,NL-ZH,2027-01-01,2027-01-31,Monthly,,KG,3.365,3.365,3012.706787109375,xgboost_feat
PEAR_ABATE,HELLOFRESH,NL-GE,2026-02-01,2026-02-28,Monthly,,KG,3.05,3.05,3072.935546875,xgboost_feat
PEAR_ABATE,HELLOFRESH,NL-GE,2026-03-01,2026-03-31,Monthly,,KG,3.05,3.05,3052.48046875,xgboost_feat
PEAR_ABATE,HELLOFRESH,NL-GE,2026-04-01,2026-04-30,Monthly,,KG,3.05,3.05,2978.597900390625,xgboost_feat
PEAR_ABATE,HELLOFRESH,NL-GE,2026-05-01,2026-05-31,Monthly,,KG,3.05,3.05,2724.8037109375,xgboost_feat
PEAR_ABATE,HELLOFRESH,NL-GE,2026-06-01,2026-06-30,Monthly,,KG,3.05,3.05,2672.9208984375,xgboost_feat
PEAR_ABATE,HELLOFRESH,NL-GE,2026-07-01,2026-07-31,Monthly,,KG,3.05,3.05,2672.560302734375,xgboost_feat
PEAR_ABATE,HELLOFRESH,NL-GE,2026-08-01,2026-08-31,Monthly,,KG,3.05,3.05,2655.02587890625,xgboost_feat
PEAR_ABATE,HELLOFRESH,NL-GE,2026-09-01,2026-09-30,Monthly,,KG,3.05,3.05,2655.026611328125,xgboost_feat
PEAR_ABATE,HELLOFRESH,NL-GE,2026-10-01,2026-10-31,Monthly,,KG,3.05,3.05,2868.22900390625,xgboost_feat
PEAR_ABATE,HELLOFRESH,NL-GE,2026-11-01,2026-11-30,Monthly,,KG,3.05,3.05,3047.528564453125,xgboost_feat
PEAR_ABATE,HELLOFRESH,NL-GE,2026-12-01,2026-12-31,Monthly,,KG,3.05,3.05,3040.7568359375,xgboost_feat
PEAR_ABATE,HELLOFRESH,NL-GE,2027-01-01,2027-01-31,Monthly,,KG,3.05,3.05,3045.297119140625,xgboost_feat
PEAR_ABATE,HELLOFRESH,NL-NB,2026-02-01,2026-02-28,Monthly,,KG,3.171,3.171,3072.935546875,xgboost_feat
PEAR_ABATE,HELLOFRESH,NL-NB,2026-03-01,2026-03-31,Monthly,,KG,3.171,3.171,2988.093505859375,xgboost_feat
PEAR_ABATE,HELLOFRESH,NL-NB,2026-04-01,2026-04-30,Monthly,,KG,3.171,3.171,2978.120849609375,xgboost_feat
PEAR_ABATE,HELLOFRESH,NL-NB,2026-05-01,2026-05-31,Monthly,,KG,3.171,3.171,2704.87060546875,xgboost_feat
PEAR_ABATE,HELLOFRESH,NL-NB,2026-06-01,2026-06-30,Monthly,,KG,3.171,3.171,2689.720947265625,xgboost_feat
PEAR_ABATE,HELLOFRESH,NL-NB,2026-07-01,2026-07-31,Monthly,,KG,3.171,3.171,2674.389404296875,xgboost_feat
PEAR_ABATE,HELLOFRESH,NL-NB,2026-08-01,2026-08-31,Monthly,,KG,3.171,3.171,2670.38232421875,xgboost_feat
PEAR_ABATE,HELLOFRESH,NL-NB,2026-09-01,2026-09-30,Monthly,,KG,3.171,3.171,2655.32568359375,xgboost_feat
PEAR_ABATE,HELLOFRESH,NL-NB,2026-10-01,2026-10-31,Monthly,,KG,3.171,3.171,2900.9384765625,xgboost_feat
PEAR_ABATE,HELLOFRESH,NL-NB,2026-11-01,2026-11-30,Monthly,,KG,3.171,3.171,3048.975830078125,xgboost_feat
PEAR_ABATE,HELLOFRESH,NL-NB,2026-12-01,2026-12-31,Monthly,,KG,3.171,3.171,3068.5859375,xgboost_feat
PEAR_ABATE,HELLOFRESH,NL-NB,2027-01-01,2027-01-31,Monthly,,KG,3.171,3.171,3012.968505859375,xgboost_feat
PEAR_ABATE,HELLOFRESH,NL-NH,2026-02-01,2026-02-28,Monthly,,KG,3.171,3.171,3100.54150390625,xgboost_feat
PEAR_ABATE,HELLOFRESH,NL-NH,2026-03-01,2026-03-31,Monthly,,KG,3.171,3.171,3059.0634765625,xgboost_feat
PEAR_ABATE,HELLOFRESH,NL-NH,2026-04-01,2026-04-30,Monthly,,KG,3.171,3.171,2978.597900390625,xgboost_feat
PEAR_ABATE,HELLOFRESH,NL-NH,2026-05-01,2026-05-31,Monthly,,KG,3.171,3.171,2952.318115234375,xgboost_feat
PEAR_ABATE,HELLOFRESH,NL-NH,2026-06-01,2026-06-30,Monthly,,KG,3.171,3.171,2674.252197265625,xgboost_feat
PEAR_ABATE,HELLOFRESH,NL-NH,2026-07-01,2026-07-31,Monthly,,KG,3.171,3.171,2672.526123046875,xgboost_feat
PEAR_ABATE,HELLOFRESH,NL-NH,2026-08-01,2026-08-31,Monthly,,KG,3.171,3.171,2682.517578125,xgboost_feat
PEAR_ABATE,HELLOFRESH,NL-NH,2026-09-01,2026-09-30,Monthly,,KG,3.171,3.171,2655.04296875,xgboost_feat
PEAR_ABATE,HELLOFRESH,NL-NH,2026-10-01,2026-10-31,Monthly,,KG,3.171,3.171,2868.1826171875,xgboost_feat
PEAR_ABATE,HELLOFRESH,NL-NH,2026-11-01,2026-11-30,Monthly,,KG,3.171,3.171,2944.93505859375,xgboost_feat
PEAR_ABATE,HELLOFRESH,NL-NH,2026-12-01,2026-12-31,Monthly,,KG,3.171,3.171,3040.63427734375,xgboost_feat
PEAR_ABATE,HELLOFRESH,NL-NH,2027-01-01,2027-01-31,Monthly,,KG,3.171,3.171,3012.706787109375,xgboost_feat
PEAR_ABATE,HELLOFRESH,NL-ZH,2026-02-01,2026-02-28,Monthly,,KG,3.361,3.361,3105.671875,xgboost_feat
PEAR_ABATE,HELLOFRESH,NL-ZH,2026-03-01,2026-03-31,Monthly,,KG,3.361,3.361,3052.083984375,xgboost_feat
PEAR_ABATE,HELLOFRESH,NL-ZH,2026-04-01,2026-04-30,Monthly,,KG,3.361,3.361,2978.597900390625,xgboost_feat
PEAR_ABATE,HELLOFRESH,NL-ZH,2026-05-01,2026-05-31,Monthly,,KG,3.361,3.361,2725.401611328125,xgboost_feat
PEAR_ABATE,HELLOFRESH,NL-ZH,2026-06-01,2026-06-30,Monthly,,KG,3.361,3.361,2686.9482421875,xgboost_feat
PEAR_ABATE,HELLOFRESH,NL-ZH,2026-07-01,2026-07-31,Monthly,,KG,3.361,3.361,2672.187255859375,xgboost_feat
PEAR_ABATE,HELLOFRESH,NL-ZH,2026-08-01,2026-08-31,Monthly,,KG,3.361,3.361,2655.695556640625,xgboost_feat
PEAR_ABATE,HELLOFRESH,NL-ZH,2026-09-01,2026-09-30,Monthly,,KG,3.361,3.361,2655.06005859375,xgboost_feat
PEAR_ABATE,HELLOFRESH,NL-ZH,2026-10-01,2026-10-31,Monthly,,KG,3.361,3.361,2868.1826171875,xgboost_feat
PEAR_ABATE,HELLOFRESH,NL-ZH,2026-11-01,2026-11-30,Monthly,,KG,3.361,3.361,2953.596435546875,xgboost_feat
PEAR_ABATE,HELLOFRESH,NL-ZH,2026-12-01,2026-12-31,Monthly,,KG,3.361,3.361,3040.6396484375,xgboost_feat
PEAR_ABATE,HELLOFRESH,NL-ZH,2027-01-01,2027-01-31,Monthly,,KG,3.361,3.361,3012.706787109375,xgboost_feat
PEAR_ABATE,HOLLANDFOODSERVICE,NL-GE,2026-02-01,2026-02-28,Monthly,,KG,3.032,3.032,3072.935546875,xgboost_feat
PEAR_ABATE,HOLLANDFOODSERVICE,NL-GE,2026-03-01,2026-03-31,Monthly,,KG,3.032,3.032,3052.48046875,xgboost_feat
PEAR_ABATE,HOLLANDFOODSERVICE,NL-GE,2026-04-01,2026-04-30,Monthly,,KG,3.032,3.032,2978.597900390625,xgboost_feat
PEAR_ABATE,HOLLANDFOODSERVICE,NL-GE,2026-05-01,2026-05-31,Monthly,,KG,3.032,3.032,2724.8037109375,xgboost_feat
PEAR_ABATE,HOLLANDFOODSERVICE,NL-GE,2026-06-01,2026-06-30,Monthly,,KG,3.032,3.032,2672.9208984375,xgboost_feat
PEAR_ABATE,HOLLANDFOODSERVICE,NL-GE,2026-07-01,2026-07-31,Monthly,,KG,3.032,3.032,2672.5625,xgboost_feat
PEAR_ABATE,HOLLANDFOODSERVICE,NL-GE,2026-08-01,2026-08-31,Monthly,,KG,3.032,3.032,2655.02587890625,xgboost_feat
PEAR_ABATE,HOLLANDFOODSERVICE,NL-GE,2026-09-01,2026-09-30,Monthly,,KG,3.032,3.032,2655.026611328125,xgboost_feat
PEAR_ABATE,HOLLANDFOODSERVICE,NL-GE,2026-10-01,2026-10-31,Monthly,,KG,3.032,3.032,2868.22900390625,xgboost_feat
PEAR_ABATE,HOLLANDFOODSERVICE,NL-GE,2026-11-01,2026-11-30,Monthly,,KG,3.032,3.032,3047.528564453125,xgboost_feat
PEAR_ABATE,HOLLANDFOODSERVICE,NL-GE,2026-12-01,2026-12-31,Monthly,,KG,3.032,3.032,3040.7568359375,xgboost_feat
PEAR_ABATE,HOLLANDFOODSERVICE,NL-GE,2027-01-01,2027-01-31,Monthly,,KG,3.032,3.032,3045.297119140625,xgboost_feat
PEAR_ABATE,HOLLANDFOODSERVICE,NL-NB,2026-02-01,2026-02-28,Monthly,,KG,3.164,3.164,3072.935546875,xgboost_feat
PEAR_ABATE,HOLLANDFOODSERVICE,NL-NB,2026-03-01,2026-03-31,Monthly,,KG,3.164,3.164,2988.093505859375,xgboost_feat
PEAR_ABATE,HOLLANDFOODSERVICE,NL-NB,2026-04-01,2026-04-30,Monthly,,KG,3.164,3.164,2978.12060546875,xgboost_feat
PEAR_ABATE,HOLLANDFOODSERVICE,NL-NB,2026-05-01,2026-05-31,Monthly,,KG,3.164,3.164,2704.87060546875,xgboost_feat
PEAR_ABATE,HOLLANDFOODSERVICE,NL-NB,2026-06-01,2026-06-30,Monthly,,KG,3.164,3.164,2689.720947265625,xgboost_feat
PEAR_ABATE,HOLLANDFOODSERVICE,NL-NB,2026-07-01,2026-07-31,Monthly,,KG,3.164,3.164,2674.3916015625,xgboost_feat
PEAR_ABATE,HOLLANDFOODSERVICE,NL-NB,2026-08-01,2026-08-31,Monthly,,KG,3.164,3.164,2670.38232421875,xgboost_feat
PEAR_ABATE,HOLLANDFOODSERVICE,NL-NB,2026-09-01,2026-09-30,Monthly,,KG,3.164,3.164,2655.32568359375,xgboost_feat
PEAR_ABATE,HOLLANDFOODSERVICE,NL-NB,2026-10-01,2026-10-31,Monthly,,KG,3.164,3.164,2900.9384765625,xgboost_feat
PEAR_ABATE,HOLLANDFOODSERVICE,NL-NB,2026-11-01,2026-11-30,Monthly,,KG,3.164,3.164,3048.975830078125,xgboost_feat
PEAR_ABATE,HOLLANDFOODSERVICE,NL-NB,2026-12-01,2026-12-31,Monthly,,KG,3.164,3.164,3068.5859375,xgboost_feat
PEAR_ABATE,HOLLANDFOODSERVICE,NL-NB,2027-01-01,2027-01-31,Monthly,,KG,3.164,3.164,3012.968505859375,xgboost_feat
PEAR_ABATE,HOLLANDFOODSERVICE,NL-NH,2026-02-01,2026-02-28,Monthly,,KG,3.205,3.205,3105.671875,xgboost_feat
PEAR_ABATE,HOLLANDFOODSERVICE,NL-NH,2026-03-01,2026-03-31,Monthly,,KG,3.205,3.205,3059.0634765625,xgboost_feat
PEAR_ABATE,HOLLANDFOODSERVICE,NL-NH,2026-04-01,2026-04-30,Monthly,,KG,3.205,3.205,2978.597900390625,xgboost_feat
PEAR_ABATE,HOLLANDFOODSERVICE,NL-NH,2026-05-01,2026-05-31,Monthly,,KG,3.205,3.205,2952.318115234375,xgboost_feat
PEAR_ABATE,HOLLANDFOODSERVICE,NL-NH,2026-06-01,2026-06-30,Monthly,,KG,3.205,3.205,2674.252197265625,xgboost_feat
PEAR_ABATE,HOLLANDFOODSERVICE,NL-NH,2026-07-01,2026-07-31,Monthly,,KG,2.72425,3.205,2672.42919921875,xgboost_feat
PEAR_ABATE,HOLLANDFOODSERVICE,NL-NH,2026-08-01,2026-08-31,Monthly,,KG,3.205,3.205,2682.517578125,xgboost_feat
PEAR_ABATE,HOLLANDFOODSERVICE,NL-NH,2026-09-01,2026-09-30,Monthly,,KG,3.205,3.205,2655.04296875,xgboost_feat
PEAR_ABATE,HOLLANDFOODSERVICE,NL-NH,2026-10-01,2026-10-31,Monthly,,KG,3.205,3.205,2868.1826171875,xgboost_feat
PEAR_ABATE,HOLLANDFOODSERVICE,NL-NH,2026-11-01,2026-11-30,Monthly,,KG,3.205,3.205,2944.93505859375,xgboost_feat
PEAR_ABATE,HOLLANDFOODSERVICE,NL-NH,2026-12-01,2026-12-31,Monthly,,KG,3.205,3.205,3040.63427734375,xgboost_feat
PEAR_ABATE,HOLLANDFOODSERVICE,NL-NH,2027-01-01,2027-01-31,Monthly,,KG,3.205,3.205,3011.289794921875,xgboost_feat
PEAR_ABATE,HOLLANDFOODSERVICE,NL-ZH,2026-02-01,2026-02-28,Monthly,,KG,3.321,3.321,3105.671875,xgboost_feat
PEAR_ABATE,HOLLANDFOODSERVICE,NL-ZH,2026-03-01,2026-03-31,Monthly,,KG,3.321,3.321,3052.083984375,xgboost_feat
PEAR_ABATE,HOLLANDFOODSERVICE,NL-ZH,2026-04-01,2026-04-30,Monthly,,KG,3.321,3.321,2978.597900390625,xgboost_feat
PEAR_ABATE,HOLLANDFOODSERVICE,NL-ZH,2026-05-01,2026-05-31,Monthly,,KG,3.321,3.321,2725.401611328125,xgboost_feat
PEAR_ABATE,HOLLANDFOODSERVICE,NL-ZH,2026-06-01,2026-06-30,Monthly,,KG,3.321,3.321,2686.9482421875,xgboost_feat
PEAR_ABATE,HOLLANDFOODSERVICE,NL-ZH,2026-07-01,2026-07-31,Monthly,,KG,3.321,3.321,2672.189453125,xgboost_feat
PEAR_ABATE,HOLLANDFOODSERVICE,NL-ZH,2026-08-01,2026-08-31,Monthly,,KG,3.321,3.321,2655.695556640625,xgboost_feat
PEAR_ABATE,HOLLANDFOODSERVICE,NL-ZH,2026-09-01,2026-09-30,Monthly,,KG,3.321,3.321,2655.06005859375,xgboost_feat
PEAR_ABATE,HOLLANDFOODSERVICE,NL-ZH,2026-10-01,2026-10-31,Monthly,,KG,3.321,3.321,2868.1826171875,xgboost_feat
PEAR_ABATE,HOLLANDFOODSERVICE,NL-ZH,2026-11-01,2026-11-30,Monthly,,KG,3.321,3.321,2953.596435546875,xgboost_feat
PEAR_ABATE,HOLLANDFOODSERVICE,NL-ZH,2026-12-01,2026-12-31,Monthly,,KG,3.321,3.321,3040.6396484375,xgboost_feat
PEAR_ABATE,HOLLANDFOODSERVICE,NL-ZH,2027-01-01,2027-01-31,Monthly,,KG,3.321,3.321,3012.706787109375,xgboost_feat
PEAR_ABATE,JUMBO,NL-GE,2026-02-01,2026-02-28,Monthly,,KG,3.055,3.055,3104.21484375,xgboost_feat
PEAR_ABATE,JUMBO,NL-GE,2026-03-01,2026-03-31,Monthly,,KG,3.055,3.055,3056.2802734375,xgboost_feat
PEAR_ABATE,JUMBO,NL-GE,2026-04-01,2026-04-30,Monthly,,KG,3.055,3.055,2978.561767578125,xgboost_feat
PEAR_ABATE,JUMBO,NL-GE,2026-05-01,2026-05-31,Monthly,,KG,3.055,3.055,2723.875244140625,xgboost_feat
PEAR_ABATE,JUMBO,NL-GE,2026-06-01,2026-06-30,Monthly,,KG,3.055,3.055,2672.063720703125,xgboost_feat
PEAR_ABATE,JUMBO,NL-GE,2026-07-01,2026-07-31,Monthly,,KG,3.055,3.055,2672.1396484375,xgboost_feat
PEAR_ABATE,JUMBO,NL-GE,2026-08-01,2026-08-31,Monthly,,KG,3.055,3.055,2676.48388671875,xgboost_feat
PEAR_ABATE,JUMBO,NL-GE,2026-09-01,2026-09-30,Monthly,,KG,3.055,3.055,2676.4833984375,xgboost_feat
PEAR_ABATE,JUMBO,NL-GE,2026-10-01,2026-10-31,Monthly,,KG,3.055,3.055,2870.593994140625,xgboost_feat
PEAR_ABATE,JUMBO,NL-GE,2026-11-01,2026-11-30,Monthly,,KG,3.055,3.055,3056.9267578125,xgboost_feat
PEAR_ABATE,JUMBO,NL-GE,2026-12-01,2026-12-31,Monthly,,KG,3.055,3.055,3041.79736328125,xgboost_feat
PEAR_ABATE,JUMBO,NL-GE,2027-01-01,2027-01-31,Monthly,,KG,3.055,3.055,3046.553955078125,xgboost_feat
PEAR_ABATE,JUMBO,NL-NB,2026-02-01,2026-02-28,Monthly,,KG,3.189,3.189,3104.6728515625,xgboost_feat
PEAR_ABATE,JUMBO,NL-NB,2026-03-01,2026-03-31,Monthly,,KG,3.189,3.189,2991.89306640625,xgboost_feat
PEAR_ABATE,JUMBO,NL-NB,2026-04-01,2026-04-30,Monthly,,KG,3.189,3.189,2981.917236328125,xgboost_feat
PEAR_ABATE,JUMBO,NL-NB,2026-05-01,2026-05-31,Monthly,,KG,3.189,3.189,2704.013427734375,xgboost_feat
PEAR_ABATE,JUMBO,NL-NB,2026-06-01,2026-06-30,Monthly,,KG,3.189,3.189,2689.37255859375,xgboost_feat
PEAR_ABATE,JUMBO,NL-NB,2026-07-01,2026-07-31,Monthly,,KG,3.189,3.189,2674.09228515625,xgboost_feat
PEAR_ABATE,JUMBO,NL-NB,2026-08-01,2026-08-31,Monthly,,KG,3.189,3.189,2693.34375,xgboost_feat
PEAR_ABATE,JUMBO,NL-NB,2026-09-01,2026-09-30,Monthly,,KG,3.189,3.189,2679.105712890625,xgboost_feat
PEAR_ABATE,JUMBO,NL-NB,2026-10-01,2026-10-31,Monthly,,KG,3.189,3.189,2915.2236328125,xgboost_feat
PEAR_ABATE,JUMBO,NL-NB,2026-11-01,2026-11-30,Monthly,,KG,3.189,3.189,3064.38330078125,xgboost_feat
PEAR_ABATE,JUMBO,NL-NB,2026-12-01,2026-12-31,Monthly,,KG,3.189,3.189,3069.626708984375,xgboost_feat
PEAR_ABATE,JUMBO,NL-NB,2027-01-01,2027-01-31,Monthly,,KG,3.189,3.189,3014.1748046875,xgboost_feat
PEAR_ABATE,JUMBO,NL-NH,2026-02-01,2026-02-28,Monthly,,KG,3.212,3.212,3086.23095703125,xgboost_feat
PEAR_ABATE,JUMBO,NL-NH,2026-03-01,2026-03-31,Monthly,,KG,3.212,3.212,3093.767578125,xgboost_feat
PEAR_ABATE,JUMBO,NL-NH,2026-04-01,2026-04-30,Monthly,,KG,3.212,3.212,2982.39404296875,xgboost_feat
PEAR_ABATE,JUMBO,NL-NH,2026-05-01,2026-05-31,Monthly,,KG,3.212,3.212,2955.29150390625,xgboost_feat
PEAR_ABATE,JUMBO,NL-NH,2026-06-01,2026-06-30,Monthly,,KG,3.212,3.212,2673.26904296875,xgboost_feat
PEAR_ABATE,JUMBO,NL-NH,2026-07-01,2026-07-31,Monthly,,KG,3.212,3.212,2671.88671875,xgboost_feat
PEAR_ABATE,JUMBO,NL-NH,2026-08-01,2026-08-31,Monthly,,KG,3.212,3.212,2754.416259765625,xgboost_feat
PEAR_ABATE,JUMBO,NL-NH,2026-09-01,2026-09-30,Monthly,,KG,3.212,3.212,2709.815185546875,xgboost_feat
PEAR_ABATE,JUMBO,NL-NH,2026-10-01,2026-10-31,Monthly,,KG,3.212,3.212,2894.404541015625,xgboost_feat
PEAR_ABATE,JUMBO,NL-NH,2026-11-01,2026-11-30,Monthly,,KG,3.212,3.212,2924.392822265625,xgboost_feat
PEAR_ABATE,JUMBO,NL-NH,2026-12-01,2026-12-31,Monthly,,KG,3.212,3.212,3060.197265625,xgboost_feat
PEAR_ABATE,JUMBO,NL-NH,2027-01-01,2027-01-31,Monthly,,KG,3.212,3.212,3013.937744140625,xgboost_feat
PEAR_ABATE,JUMBO,NL-ZH,2026-02-01,2026-02-28,Monthly,,KG,3.393,3.393,3132.8623046875,xgboost_feat
PEAR_ABATE,JUMBO,NL-ZH,2026-03-01,2026-03-31,Monthly,,KG,3.393,3.393,3097.5869140625,xgboost_feat
PEAR_ABATE,JUMBO,NL-ZH,2026-04-01,2026-04-30,Monthly,,KG,3.393,3.393,2984.70263671875,xgboost_feat
PEAR_ABATE,JUMBO,NL-ZH,2026-05-01,2026-05-31,Monthly,,KG,3.393,3.393,2724.642822265625,xgboost_feat
PEAR_ABATE,JUMBO,NL-ZH,2026-06-01,2026-06-30,Monthly,,KG,3.393,3.393,2685.96533203125,xgboost_feat
PEAR_ABATE,JUMBO,NL-ZH,2026-07-01,2026-07-31,Monthly,,KG,3.393,3.393,2670.4404296875,xgboost_feat
PEAR_ABATE,JUMBO,NL-ZH,2026-08-01,2026-08-31,Monthly,,KG,3.393,3.393,2712.806396484375,xgboost_feat
PEAR_ABATE,JUMBO,NL-ZH,2026-09-01,2026-09-30,Monthly,,KG,3.393,3.393,2676.79736328125,xgboost_feat
PEAR_ABATE,JUMBO,NL-ZH,2026-10-01,2026-10-31,Monthly,,KG,3.393,3.393,2912.76025390625,xgboost_feat
PEAR_ABATE,JUMBO,NL-ZH,2026-11-01,2026-11-30,Monthly,,KG,3.393,3.393,3010.9580078125,xgboost_feat
PEAR_ABATE,JUMBO,NL-ZH,2026-12-01,2026-12-31,Monthly,,KG,3.393,3.393,3136.03857421875,xgboost_feat
PEAR_ABATE,JUMBO,NL-ZH,2027-01-01,2027-01-31,Monthly,,KG,3.393,3.393,3046.29150390625,xgboost_feat
PEAR_ABATE,MELEDI,NL-GE,2026-02-01,2026-02-28,Monthly,,KG,3.103,3.103,3105.52099609375,xgboost_feat
PEAR_ABATE,MELEDI,NL-GE,2026-03-01,2026-03-31,Monthly,,KG,3.103,3.103,3052.48046875,xgboost_feat
PEAR_ABATE,MELEDI,NL-GE,2026-04-01,2026-04-30,Monthly,,KG,3.103,3.103,2978.597900390625,xgboost_feat
PEAR_ABATE,MELEDI,NL-GE,2026-05-01,2026-05-31,Monthly,,KG,3.103,3.103,2724.732421875,xgboost_feat
PEAR_ABATE,MELEDI,NL-GE,2026-06-01,2026-06-30,Monthly,,KG,3.103,3.103,2672.9208984375,xgboost_feat
PEAR_ABATE,MELEDI,NL-GE,2026-07-01,2026-07-31,Monthly,,KG,3.103,3.103,2672.5625,xgboost_feat
PEAR_ABATE,MELEDI,NL-GE,2026-08-01,2026-08-31,Monthly,,KG,3.103,3.103,2655.02587890625,xgboost_feat
PEAR_ABATE,MELEDI,NL-GE,2026-09-01,2026-09-30,Monthly,,KG,3.103,3.103,2655.026611328125,xgboost_feat
PEAR_ABATE,MELEDI,NL-GE,2026-10-01,2026-10-31,Monthly,,KG,3.103,3.103,2868.22900390625,xgboost_feat
PEAR_ABATE,MELEDI,NL-GE,2026-11-01,2026-11-30,Monthly,,KG,3.103,3.103,3047.528564453125,xgboost_feat
PEAR_ABATE,MELEDI,NL-GE,2026-12-01,2026-12-31,Monthly,,KG,3.103,3.103,3040.7568359375,xgboost_feat
PEAR_ABATE,MELEDI,NL-GE,2027-01-01,2027-01-31,Monthly,,KG,3.103,3.103,3045.297119140625,xgboost_feat
PEAR_ABATE,MELEDI,NL-NB,2026-02-01,2026-02-28,Monthly,,KG,3.214,3.214,3105.671875,xgboost_feat
PEAR_ABATE,MELEDI,NL-NB,2026-03-01,2026-03-31,Monthly,,KG,3.214,3.214,2988.093505859375,xgboost_feat
PEAR_ABATE,MELEDI,NL-NB,2026-04-01,2026-04-30,Monthly,,KG,3.214,3.214,2978.12060546875,xgboost_feat
PEAR_ABATE,MELEDI,NL-NB,2026-05-01,2026-05-31,Monthly,,KG,3.214,3.214,2704.87060546875,xgboost_feat
PEAR_ABATE,MELEDI,NL-NB,2026-06-01,2026-06-30,Monthly,,KG,3.214,3.214,2689.720947265625,xgboost_feat
PEAR_ABATE,MELEDI,NL-NB,2026-07-01,2026-07-31,Monthly,,KG,3.214,3.214,2674.3916015625,xgboost_feat
PEAR_ABATE,MELEDI,NL-NB,2026-08-01,2026-08-31,Monthly,,KG,3.214,3.214,2670.38232421875,xgboost_feat
PEAR_ABATE,MELEDI,NL-NB,2026-09-01,2026-09-30,Monthly,,KG,3.214,3.214,2655.32568359375,xgboost_feat
PEAR_ABATE,MELEDI,NL-NB,2026-10-01,2026-10-31,Monthly,,KG,3.214,3.214,2900.9384765625,xgboost_feat
PEAR_ABATE,MELEDI,NL-NB,2026-11-01,2026-11-30,Monthly,,KG,3.214,3.214,3048.975830078125,xgboost_feat
PEAR_ABATE,MELEDI,NL-NB,2026-12-01,2026-12-31,Monthly,,KG,3.214,3.214,3068.5859375,xgboost_feat
PEAR_ABATE,MELEDI,NL-NB,2027-01-01,2027-01-31,Monthly,,KG,3.214,3.214,3012.968505859375,xgboost_feat
PEAR_ABATE,MELEDI,NL-NH,2026-02-01,2026-02-28,Monthly,,KG,3.263,3.263,3105.671875,xgboost_feat
PEAR_ABATE,MELEDI,NL-NH,2026-03-01,2026-03-31,Monthly,,KG,3.263,3.263,3059.0634765625,xgboost_feat
PEAR_ABATE,MELEDI,NL-NH,2026-04-01,2026-04-30,Monthly,,KG,3.263,3.263,2978.597900390625,xgboost_feat
PEAR_ABATE,MELEDI,NL-NH,2026-05-01,2026-05-31,Monthly,,KG,3.263,3.263,2952.318115234375,xgboost_feat
PEAR_ABATE,MELEDI,NL-NH,2026-06-01,2026-06-30,Monthly,,KG,3.263,3.263,2674.252197265625,xgboost_feat
PEAR_ABATE,MELEDI,NL-NH,2026-07-01,2026-07-31,Monthly,,KG,3.263,3.263,2672.5283203125,xgboost_feat
PEAR_ABATE,MELEDI,NL-NH,2026-08-01,2026-08-31,Monthly,,KG,3.263,3.263,2682.517578125,xgboost_feat
PEAR_ABATE,MELEDI,NL-NH,2026-09-01,2026-09-30,Monthly,,KG,3.263,3.263,2655.04296875,xgboost_feat
PEAR_ABATE,MELEDI,NL-NH,2026-10-01,2026-10-31,Monthly,,KG,3.263,3.263,2868.1826171875,xgboost_feat
PEAR_ABATE,MELEDI,NL-NH,2026-11-01,2026-11-30,Monthly,,KG,3.263,3.263,2944.93505859375,xgboost_feat
PEAR_ABATE,MELEDI,NL-NH,2026-12-01,2026-12-31,Monthly,,KG,3.263,3.263,3040.63427734375,xgboost_feat
PEAR_ABATE,MELEDI,NL-NH,2027-01-01,2027-01-31,Monthly,,KG,3.263,3.263,3011.289794921875,xgboost_feat
PEAR_ABATE,MELEDI,NL-ZH,2026-02-01,2026-02-28,Monthly,,KG,3.339,3.339,3105.671875,xgboost_feat
PEAR_ABATE,MELEDI,NL-ZH,2026-03-01,2026-03-31,Monthly,,KG,3.339,3.339,3052.083984375,xgboost_feat
PEAR_ABATE,MELEDI,NL-ZH,2026-04-01,2026-04-30,Monthly,,KG,3.339,3.339,2978.597900390625,xgboost_feat
PEAR_ABATE,MELEDI,NL-ZH,2026-05-01,2026-05-31,Monthly,,KG,3.339,3.339,2725.401611328125,xgboost_feat
PEAR_ABATE,MELEDI,NL-ZH,2026-06-01,2026-06-30,Monthly,,KG,3.339,3.339,2686.9482421875,xgboost_feat
PEAR_ABATE,MELEDI,NL-ZH,2026-07-01,2026-07-31,Monthly,,KG,3.339,3.339,2672.189453125,xgboost_feat
PEAR_ABATE,MELEDI,NL-ZH,2026-08-01,2026-08-31,Monthly,,KG,3.339,3.339,2655.695556640625,xgboost_feat
PEAR_ABATE,MELEDI,NL-ZH,2026-09-01,2026-09-30,Monthly,,KG,3.339,3.339,2655.06005859375,xgboost_feat
PEAR_ABATE,MELEDI,NL-ZH,2026-10-01,2026-10-31,Monthly,,KG,3.339,3.339,2868.1826171875,xgboost_feat
PEAR_ABATE,MELEDI,NL-ZH,2026-11-01,2026-11-30,Monthly,,KG,3.339,3.339,2953.596435546875,xgboost_feat
PEAR_ABATE,MELEDI,NL-ZH,2026-12-01,2026-12-31,Monthly,,KG,3.339,3.339,3040.6396484375,xgboost_feat
PEAR_ABATE,MELEDI,NL-ZH,2027-01-01,2027-01-31,Monthly,,KG,3.339,3.339,3012.706787109375,xgboost_feat
PEAR_ABATE,PICNIC,NL-GE,2026-02-01,2026-02-28,Monthly,,KG,3.1,3.1,3072.935546875,xgboost_feat
PEAR_ABATE,PICNIC,NL-GE,2026-03-01,2026-03-31,Monthly,,KG,3.1,3.1,3052.48046875,xgboost_feat
PEAR_ABATE,PICNIC,NL-GE,2026-04-01,2026-04-30,Monthly,,KG,3.1,3.1,2978.597900390625,xgboost_feat
PEAR_ABATE,PICNIC,NL-GE,2026-05-01,2026-05-31,Monthly,,KG,3.1,3.1,2724.8037109375,xgboost_feat
PEAR_ABATE,PICNIC,NL-GE,2026-06-01,2026-06-30,Monthly,,KG,3.1,3.1,2672.9208984375,xgboost_feat
PEAR_ABATE,PICNIC,NL-GE,2026-07-01,2026-07-31,Monthly,,KG,3.1,3.1,2672.560302734375,xgboost_feat
PEAR_ABATE,PICNIC,NL-GE,2026-08-01,2026-08-31,Monthly,,KG,3.1,3.1,2655.02587890625,xgboost_feat
PEAR_ABATE,PICNIC,NL-GE,2026-09-01,2026-09-30,Monthly,,KG,3.1,3.1,2655.026611328125,xgboost_feat
PEAR_ABATE,PICNIC,NL-GE,2026-10-01,2026-10-31,Monthly,,KG,3.1,3.1,2868.22900390625,xgboost_feat
PEAR_ABATE,PICNIC,NL-GE,2026-11-01,2026-11-30,Monthly,,KG,3.1,3.1,3047.528564453125,xgboost_feat
PEAR_ABATE,PICNIC,NL-GE,2026-12-01,2026-12-31,Monthly,,KG,3.1,3.1,3040.7568359375,xgboost_feat
PEAR_ABATE,PICNIC,NL-GE,2027-01-01,2027-01-31,Monthly,,KG,3.1,3.1,3045.297119140625,xgboost_feat
PEAR_ABATE,PICNIC,NL-NB,2026-02-01,2026-02-28,Monthly,,KG,3.232,3.232,3072.935546875,xgboost_feat
PEAR_ABATE,PICNIC,NL-NB,2026-03-01,2026-03-31,Monthly,,KG,3.232,3.232,2988.093505859375,xgboost_feat
PEAR_ABATE,PICNIC,NL-NB,2026-04-01,2026-04-30,Monthly,,KG,3.232,3.232,2978.120849609375,xgboost_feat
PEAR_ABATE,PICNIC,NL-NB,2026-05-01,2026-05-31,Monthly,,KG,3.232,3.232,2704.87060546875,xgboost_feat
PEAR_ABATE,PICNIC,NL-NB,2026-06-01,2026-06-30,Monthly,,KG,3.232,3.232,2689.720947265625,xgboost_feat
PEAR_ABATE,PICNIC,NL-NB,2026-07-01,2026-07-31,Monthly,,KG,3.232,3.232,2674.389404296875,xgboost_feat
PEAR_ABATE,PICNIC,NL-NB,2026-08-01,2026-08-31,Monthly,,KG,3.232,3.232,2670.38232421875,xgboost_feat
PEAR_ABATE,PICNIC,NL-NB,2026-09-01,2026-09-30,Monthly,,KG,3.232,3.232,2655.32568359375,xgboost_feat
PEAR_ABATE,PICNIC,NL-NB,2026-10-01,2026-10-31,Monthly,,KG,3.232,3.232,2900.9384765625,xgboost_feat
PEAR_ABATE,PICNIC,NL-NB,2026-11-01,2026-11-30,Monthly,,KG,3.232,3.232,3048.975830078125,xgboost_feat
PEAR_ABATE,PICNIC,NL-NB,2026-12-01,2026-12-31,Monthly,,KG,3.232,3.232,3068.5859375,xgboost_feat
PEAR_ABATE,PICNIC,NL-NB,2027-01-01,2027-01-31,Monthly,,KG,3.232,3.232,3012.968505859375,xgboost_feat
PEAR_ABATE,PICNIC,NL-NH,2026-02-01,2026-02-28,Monthly,,KG,3.282,3.282,3100.54150390625,xgboost_feat
PEAR_ABATE,PICNIC,NL-NH,2026-03-01,2026-03-31,Monthly,,KG,3.282,3.282,3059.0634765625,xgboost_feat
PEAR_ABATE,PICNIC,NL-NH,2026-04-01,2026-04-30,Monthly,,KG,3.282,3.282,2978.597900390625,xgboost_feat
PEAR_ABATE,PICNIC,NL-NH,2026-05-01,2026-05-31,Monthly,,KG,3.282,3.282,2952.318115234375,xgboost_feat
PEAR_ABATE,PICNIC,NL-NH,2026-06-01,2026-06-30,Monthly,,KG,3.282,3.282,2674.252197265625,xgboost_feat
PEAR_ABATE,PICNIC,NL-NH,2026-07-01,2026-07-31,Monthly,,KG,3.282,3.282,2672.526123046875,xgboost_feat
PEAR_ABATE,PICNIC,NL-NH,2026-08-01,2026-08-31,Monthly,,KG,3.282,3.282,2682.517578125,xgboost_feat
PEAR_ABATE,PICNIC,NL-NH,2026-09-01,2026-09-30,Monthly,,KG,3.282,3.282,2655.04296875,xgboost_feat
PEAR_ABATE,PICNIC,NL-NH,2026-10-01,2026-10-31,Monthly,,KG,3.282,3.282,2868.1826171875,xgboost_feat
PEAR_ABATE,PICNIC,NL-NH,2026-11-01,2026-11-30,Monthly,,KG,3.282,3.282,2944.93505859375,xgboost_feat
PEAR_ABATE,PICNIC,NL-NH,2026-12-01,2026-12-31,Monthly,,KG,3.282,3.282,3040.63427734375,xgboost_feat
PEAR_ABATE,PICNIC,NL-NH,2027-01-01,2027-01-31,Monthly,,KG,3.282,3.282,3012.706787109375,xgboost_feat
PEAR_ABATE,PICNIC,NL-ZH,2026-02-01,2026-02-28,Monthly,,KG,3.385,3.385,3105.52099609375,xgboost_feat
PEAR_ABATE,PICNIC,NL-ZH,2026-03-01,2026-03-31,Monthly,,KG,3.385,3.385,3052.083984375,xgboost_feat
PEAR_ABATE,PICNIC,NL-ZH,2026-04-01,2026-04-30,Monthly,,KG,3.385,3.385,2978.597900390625,xgboost_feat
PEAR_ABATE,PICNIC,NL-ZH,2026-05-01,2026-05-31,Monthly,,KG,3.385,3.385,2725.401611328125,xgboost_feat
PEAR_ABATE,PICNIC,NL-ZH,2026-06-01,2026-06-30,Monthly,,KG,3.385,3.385,2686.9482421875,xgboost_feat
PEAR_ABATE,PICNIC,NL-ZH,2026-07-01,2026-07-31,Monthly,,KG,3.385,3.385,2672.187255859375,xgboost_feat
PEAR_ABATE,PICNIC,NL-ZH,2026-08-01,2026-08-31,Monthly,,KG,3.385,3.385,2655.695556640625,xgboost_feat
PEAR_ABATE,PICNIC,NL-ZH,2026-09-01,2026-09-30,Monthly,,KG,3.385,3.385,2655.06005859375,xgboost_feat
PEAR_ABATE,PICNIC,NL-ZH,2026-10-01,2026-10-31,Monthly,,KG,3.385,3.385,2868.1826171875,xgboost_feat
PEAR_ABATE,PICNIC,NL-ZH,2026-11-01,2026-11-30,Monthly,,KG,3.385,3.385,2953.596435546875,xgboost_feat
PEAR_ABATE,PICNIC,NL-ZH,2026-12-01,2026-12-31,Monthly,,KG,3.385,3.385,3040.6396484375,xgboost_feat
PEAR_ABATE,PICNIC,NL-ZH,2027-01-01,2027-01-31,Monthly,,KG,3.385,3.385,3012.706787109375,xgboost_feat
PEAR_ABATE,PLUS,NL-GE,2026-02-01,2026-02-28,Monthly,,KG,3.073,3.073,3102.28076171875,xgboost_feat
PEAR_ABATE,PLUS,NL-GE,2026-03-01,2026-03-31,Monthly,,KG,3.073,3.073,3052.45361328125,xgboost_feat
PEAR_ABATE,PLUS,NL-GE,2026-04-01,2026-04-30,Monthly,,KG,2.30475,3.073,2951.39013671875,xgboost_feat
PEAR_ABATE,PLUS,NL-GE,2026-05-01,2026-05-31,Monthly,,KG,3.073,3.073,2724.238037109375,xgboost_feat
PEAR_ABATE,PLUS,NL-GE,2026-06-01,2026-06-30,Monthly,,KG,3.073,3.073,2672.067626953125,xgboost_feat
PEAR_ABATE,PLUS,NL-GE,2026-07-01,2026-07-31,Monthly,,KG,3.073,3.073,2671.9541015625,xgboost_feat
PEAR_ABATE,PLUS,NL-GE,2026-08-01,2026-08-31,Monthly,,KG,3.073,3.073,2711.798095703125,xgboost_feat
PEAR_ABATE,PLUS,NL-GE,2026-09-01,2026-09-30,Monthly,,KG,3.073,3.073,2655.56396484375,xgboost_feat
PEAR_ABATE,PLUS,NL-GE,2026-10-01,2026-10-31,Monthly,,KG,3.073,3.073,2882.356689453125,xgboost_feat
PEAR_ABATE,PLUS,NL-GE,2026-11-01,2026-11-30,Monthly,,KG,3.073,3.073,3050.01025390625,xgboost_feat
PEAR_ABATE,PLUS,NL-GE,2026-12-01,2026-12-31,Monthly,,KG,3.073,3.073,3041.3779296875,xgboost_feat
PEAR_ABATE,PLUS,NL-GE,2027-01-01,2027-01-31,Monthly,,KG,3.073,3.073,3013.937744140625,xgboost_feat
PEAR_ABATE,PLUS,NL-NB,2026-02-01,2026-02-28,Monthly,,KG,3.114,3.114,3111.71142578125,xgboost_feat
PEAR_ABATE,PLUS,NL-NB,2026-03-01,2026-03-31,Monthly,,KG,3.114,3.114,2991.894775390625,xgboost_feat
PEAR_ABATE,PLUS,NL-NB,2026-04-01,2026-04-30,Monthly,,KG,3.114,3.114,2981.917236328125,xgboost_feat
PEAR_ABATE,PLUS,NL-NB,2026-05-01,2026-05-31,Monthly,,KG,3.114,3.114,2704.013916015625,xgboost_feat
PEAR_ABATE,PLUS,NL-NB,2026-06-01,2026-06-30,Monthly,,KG,3.114,3.114,2689.191162109375,xgboost_feat
PEAR_ABATE,PLUS,NL-NB,2026-07-01,2026-07-31,Monthly,,KG,3.114,3.114,2674.09228515625,xgboost_feat
PEAR_ABATE,PLUS,NL-NB,2026-08-01,2026-08-31,Monthly,,KG,3.114,3.114,2692.55615234375,xgboost_feat
PEAR_ABATE,PLUS,NL-NB,2026-09-01,2026-09-30,Monthly,,KG,3.114,3.114,2694.616455078125,xgboost_feat
PEAR_ABATE,PLUS,NL-NB,2026-10-01,2026-10-31,Monthly,,KG,3.114,3.114,2916.01123046875,xgboost_feat
PEAR_ABATE,PLUS,NL-NB,2026-11-01,2026-11-30,Monthly,,KG,3.114,3.114,3121.59716796875,xgboost_feat
PEAR_ABATE,PLUS,NL-NB,2026-12-01,2026-12-31,Monthly,,KG,3.114,3.114,3084.943115234375,xgboost_feat
PEAR_ABATE,PLUS,NL-NB,2027-01-01,2027-01-31,Monthly,,KG,3.114,3.114,3046.791015625,xgboost_feat
PEAR_ABATE,PLUS,NL-NH,2026-02-01,2026-02-28,Monthly,,KG,3.287,3.287,3112.19921875,xgboost_feat
PEAR_ABATE,PLUS,NL-NH,2026-03-01,2026-03-31,Monthly,,KG,3.287,3.287,3093.295654296875,xgboost_feat
PEAR_ABATE,PLUS,NL-NH,2026-04-01,2026-04-30,Monthly,,KG,3.287,3.287,2982.39404296875,xgboost_feat
PEAR_ABATE,PLUS,NL-NH,2026-05-01,2026-05-31,Monthly,,KG,3.287,3.287,2955.29150390625,xgboost_feat
PEAR_ABATE,PLUS,NL-NH,2026-06-01,2026-06-30,Monthly,,KG,3.287,3.287,2673.26904296875,xgboost_feat
PEAR_ABATE,PLUS,NL-NH,2026-07-01,2026-07-31,Monthly,,KG,3.287,3.287,2670.59814453125,xgboost_feat
PEAR_ABATE,PLUS,NL-NH,2026-08-01,2026-08-31,Monthly,,KG,3.287,3.287,2754.25244140625,xgboost_feat
PEAR_ABATE,PLUS,NL-NH,2026-09-01,2026-09-30,Monthly,,KG,3.287,3.287,2689.58544921875,xgboost_feat
PEAR_ABATE,PLUS,NL-NH,2026-10-01,2026-10-31,Monthly,,KG,3.287,3.287,2910.096923828125,xgboost_feat
PEAR_ABATE,PLUS,NL-NH,2026-11-01,2026-11-30,Monthly,,KG,3.287,3.287,2983.831298828125,xgboost_feat
PEAR_ABATE,PLUS,NL-NH,2026-12-01,2026-12-31,Monthly,,KG,3.287,3.287,3116.91845703125,xgboost_feat
PEAR_ABATE,PLUS,NL-NH,2027-01-01,2027-01-31,Monthly,,KG,3.287,3.287,3046.307373046875,xgboost_feat
PEAR_ABATE,PLUS,NL-ZH,2026-02-01,2026-02-28,Monthly,,KG,3.398,3.398,3104.725341796875,xgboost_feat
PEAR_ABATE,PLUS,NL-ZH,2026-03-01,2026-03-31,Monthly,,KG,3.398,3.398,3097.727294921875,xgboost_feat
PEAR_ABATE,PLUS,NL-ZH,2026-04-01,2026-04-30,Monthly,,KG,3.398,3.398,2982.39404296875,xgboost_feat
PEAR_ABATE,PLUS,NL-ZH,2026-05-01,2026-05-31,Monthly,,KG,3.398,3.398,2720.453369140625,xgboost_feat
PEAR_ABATE,PLUS,NL-ZH,2026-06-01,2026-06-30,Monthly,,KG,3.398,3.398,2686.340576171875,xgboost_feat
PEAR_ABATE,PLUS,NL-ZH,2026-07-01,2026-07-31,Monthly,,KG,3.398,3.398,2672.08203125,xgboost_feat
PEAR_ABATE,PLUS,NL-ZH,2026-08-01,2026-08-31,Monthly,,KG,3.398,3.398,2676.17431640625,xgboost_feat
PEAR_ABATE,PLUS,NL-ZH,2026-09-01,2026-09-30,Monthly,,KG,3.398,3.398,2708.739990234375,xgboost_feat
PEAR_ABATE,PLUS,NL-ZH,2026-10-01,2026-10-31,Monthly,,KG,3.398,3.398,2894.264892578125,xgboost_feat
PEAR_ABATE,PLUS,NL-ZH,2026-11-01,2026-11-30,Monthly,,KG,3.398,3.398,3010.760009765625,xgboost_feat
PEAR_ABATE,PLUS,NL-ZH,2026-12-01,2026-12-31,Monthly,,KG,3.398,3.398,3137.379150390625,xgboost_feat
PEAR_ABATE,PLUS,NL-ZH,2027-01-01,2027-01-31,Monthly,,KG,3.398,3.398,3046.544921875,xgboost_feat
PEAR_ABATE,SLIGRO,NL-GE,2026-02-01,2026-02-28,Monthly,,KG,3.074,3.074,3105.52099609375,xgboost_feat
PEAR_ABATE,SLIGRO,NL-GE,2026-03-01,2026-03-31,Monthly,,KG,3.074,3.074,3052.48046875,xgboost_feat
PEAR_ABATE,SLIGRO,NL-GE,2026-04-01,2026-04-30,Monthly,,KG,3.074,3.074,2978.597900390625,xgboost_feat
PEAR_ABATE,SLIGRO,NL-GE,2026-05-01,2026-05-31,Monthly,,KG,3.074,3.074,2724.732421875,xgboost_feat
PEAR_ABATE,SLIGRO,NL-GE,2026-06-01,2026-06-30,Monthly,,KG,3.074,3.074,2672.9208984375,xgboost_feat
PEAR_ABATE,SLIGRO,NL-GE,2026-07-01,2026-07-31,Monthly,,KG,3.074,3.074,2672.5625,xgboost_feat
PEAR_ABATE,SLIGRO,NL-GE,2026-08-01,2026-08-31,Monthly,,KG,3.074,3.074,2655.02587890625,xgboost_feat
PEAR_ABATE,SLIGRO,NL-GE,2026-09-01,2026-09-30,Monthly,,KG,3.074,3.074,2655.026611328125,xgboost_feat
PEAR_ABATE,SLIGRO,NL-GE,2026-10-01,2026-10-31,Monthly,,KG,3.074,3.074,2868.22900390625,xgboost_feat
PEAR_ABATE,SLIGRO,NL-GE,2026-11-01,2026-11-30,Monthly,,KG,3.074,3.074,3047.528564453125,xgboost_feat
PEAR_ABATE,SLIGRO,NL-GE,2026-12-01,2026-12-31,Monthly,,KG,3.074,3.074,3040.7568359375,xgboost_feat
PEAR_ABATE,SLIGRO,NL-GE,2027-01-01,2027-01-31,Monthly,,KG,3.074,3.074,3045.297119140625,xgboost_feat
PEAR_ABATE,SLIGRO,NL-NB,2026-02-01,2026-02-28,Monthly,,KG,3.128,3.128,3105.67138671875,xgboost_feat
PEAR_ABATE,SLIGRO,NL-NB,2026-03-01,2026-03-31,Monthly,,KG,3.128,3.128,2988.093505859375,xgboost_feat
PEAR_ABATE,SLIGRO,NL-NB,2026-04-01,2026-04-30,Monthly,,KG,3.128,3.128,2978.12060546875,xgboost_feat
PEAR_ABATE,SLIGRO,NL-NB,2026-05-01,2026-05-31,Monthly,,KG,3.128,3.128,2704.87060546875,xgboost_feat
PEAR_ABATE,SLIGRO,NL-NB,2026-06-01,2026-06-30,Monthly,,KG,3.128,3.128,2689.720947265625,xgboost_feat
PEAR_ABATE,SLIGRO,NL-NB,2026-07-01,2026-07-31,Monthly,,KG,3.128,3.128,2674.3916015625,xgboost_feat
PEAR_ABATE,SLIGRO,NL-NB,2026-08-01,2026-08-31,Monthly,,KG,3.128,3.128,2670.38232421875,xgboost_feat
PEAR_ABATE,SLIGRO,NL-NB,2026-09-01,2026-09-30,Monthly,,KG,3.128,3.128,2655.32568359375,xgboost_feat
PEAR_ABATE,SLIGRO,NL-NB,2026-10-01,2026-10-31,Monthly,,KG,3.128,3.128,2900.9384765625,xgboost_feat
PEAR_ABATE,SLIGRO,NL-NB,2026-11-01,2026-11-30,Monthly,,KG,3.128,3.128,3048.975830078125,xgboost_feat
PEAR_ABATE,SLIGRO,NL-NB,2026-12-01,2026-12-31,Monthly,,KG,3.128,3.128,3068.5859375,xgboost_feat
PEAR_ABATE,SLIGRO,NL-NB,2027-01-01,2027-01-31,Monthly,,KG,3.128,3.128,3012.968505859375,xgboost_feat
PEAR_ABATE,SLIGRO,NL-NH,2026-02-01,2026-02-28,Monthly,,KG,3.265,3.265,3105.671875,xgboost_feat
PEAR_ABATE,SLIGRO,NL-NH,2026-03-01,2026-03-31,Monthly,,KG,3.265,3.265,3059.0634765625,xgboost_feat
PEAR_ABATE,SLIGRO,NL-NH,2026-04-01,2026-04-30,Monthly,,KG,3.265,3.265,2978.597900390625,xgboost_feat
PEAR_ABATE,SLIGRO,NL-NH,2026-05-01,2026-05-31,Monthly,,KG,3.265,3.265,2952.318115234375,xgboost_feat
PEAR_ABATE,SLIGRO,NL-NH,2026-06-01,2026-06-30,Monthly,,KG,3.265,3.265,2674.252197265625,xgboost_feat
PEAR_ABATE,SLIGRO,NL-NH,2026-07-01,2026-07-31,Monthly,,KG,3.265,3.265,2672.5283203125,xgboost_feat
PEAR_ABATE,SLIGRO,NL-NH,2026-08-01,2026-08-31,Monthly,,KG,3.265,3.265,2682.517578125,xgboost_feat
PEAR_ABATE,SLIGRO,NL-NH,2026-09-01,2026-09-30,Monthly,,KG,3.265,3.265,2655.04296875,xgboost_feat
PEAR_ABATE,SLIGRO,NL-NH,2026-10-01,2026-10-31,Monthly,,KG,3.265,3.265,2868.1826171875,xgboost_feat
PEAR_ABATE,SLIGRO,NL-NH,2026-11-01,2026-11-30,Monthly,,KG,3.265,3.265,2944.93505859375,xgboost_feat
PEAR_ABATE,SLIGRO,NL-NH,2026-12-01,2026-12-31,Monthly,,KG,3.265,3.265,3040.63427734375,xgboost_feat
PEAR_ABATE,SLIGRO,NL-NH,2027-01-01,2027-01-31,Monthly,,KG,3.265,3.265,3011.177978515625,xgboost_feat
PEAR_ABATE,SLIGRO,NL-ZH,2026-02-01,2026-02-28,Monthly,,KG,3.395,3.395,3100.8681640625,xgboost_feat
PEAR_ABATE,SLIGRO,NL-ZH,2026-03-01,2026-03-31,Monthly,,KG,3.395,3.395,3052.083984375,xgboost_feat
PEAR_ABATE,SLIGRO,NL-ZH,2026-04-01,2026-04-30,Monthly,,KG,3.395,3.395,2978.597900390625,xgboost_feat
PEAR_ABATE,SLIGRO,NL-ZH,2026-05-01,2026-05-31,Monthly,,KG,3.395,3.395,2725.472900390625,xgboost_feat
PEAR_ABATE,SLIGRO,NL-ZH,2026-06-01,2026-06-30,Monthly,,KG,3.395,3.395,2686.9482421875,xgboost_feat
PEAR_ABATE,SLIGRO,NL-ZH,2026-07-01,2026-07-31,Monthly,,KG,3.395,3.395,2672.189453125,xgboost_feat
PEAR_ABATE,SLIGRO,NL-ZH,2026-08-01,2026-08-31,Monthly,,KG,3.395,3.395,2655.695556640625,xgboost_feat
PEAR_ABATE,SLIGRO,NL-ZH,2026-09-01,2026-09-30,Monthly,,KG,3.395,3.395,2655.06005859375,xgboost_feat
PEAR_ABATE,SLIGRO,NL-ZH,2026-10-01,2026-10-31,Monthly,,KG,3.395,3.395,2868.1826171875,xgboost_feat
PEAR_ABATE,SLIGRO,NL-ZH,2026-11-01,2026-11-30,Monthly,,KG,3.395,3.395,2953.596435546875,xgboost_feat
PEAR_ABATE,SLIGRO,NL-ZH,2026-12-01,2026-12-31,Monthly,,KG,3.395,3.395,3040.6396484375,xgboost_feat
PEAR_ABATE,SLIGRO,NL-ZH,2027-01-01,2027-01-31,Monthly,,KG,3.395,3.395,3012.706787109375,xgboost_feat
PEAR_COMICE,AH,NL-GE,2026-02-01,2026-02-28,Monthly,,KG,2.992,2.992,3000.405517578125,xgboost_feat
PEAR_COMICE,AH,NL-GE,2026-03-01,2026-03-31,Monthly,,KG,2.992,2.992,3047.51171875,xgboost_feat
PEAR_COMICE,AH,NL-GE,2026-04-01,2026-04-30,Monthly,,KG,2.992,2.992,2946.923828125,xgboost_feat
PEAR_COMICE,AH,NL-GE,2026-05-01,2026-05-31,Monthly,,KG,2.992,2.992,2747.433837890625,xgboost_feat
PEAR_COMICE,AH,NL-GE,2026-06-01,2026-06-30,Monthly,,KG,2.992,2.992,2695.739990234375,xgboost_feat
PEAR_COMICE,AH,NL-GE,2026-07-01,2026-07-31,Monthly,,KG,2.992,2.992,2716.635498046875,xgboost_feat
PEAR_COMICE,AH,NL-GE,2026-08-01,2026-08-31,Monthly,,KG,2.992,2.992,2745.672607421875,xgboost_feat
PEAR_COMICE,AH,NL-GE,2026-09-01,2026-09-30,Monthly,,KG,2.992,2.992,2743.39990234375,xgboost_feat
PEAR_COMICE,AH,NL-GE,2026-10-01,2026-10-31,Monthly,,KG,2.992,2.992,2913.773681640625,xgboost_feat
PEAR_COMICE,AH,NL-GE,2026-11-01,2026-11-30,Monthly,,KG,2.992,2.992,3137.24365234375,xgboost_feat
PEAR_COMICE,AH,NL-GE,2026-12-01,2026-12-31,Monthly,,KG,2.75264,2.992,3135.055908203125,xgboost_feat
PEAR_COMICE,AH,NL-GE,2027-01-01,2027-01-31,Monthly,,KG,2.992,2.992,3059.6875,xgboost_feat
PEAR_COMICE,AH,NL-NB,2026-02-01,2026-02-28,Monthly,,KG,3.206,3.206,2994.448486328125,xgboost_feat
PEAR_COMICE,AH,NL-NB,2026-03-01,2026-03-31,Monthly,,KG,3.206,3.206,2951.90673828125,xgboost_feat
PEAR_COMICE,AH,NL-NB,2026-04-01,2026-04-30,Monthly,,KG,3.206,3.206,2948.815185546875,xgboost_feat
PEAR_COMICE,AH,NL-NB,2026-05-01,2026-05-31,Monthly,,KG,3.206,3.206,2729.68212890625,xgboost_feat
PEAR_COMICE,AH,NL-NB,2026-06-01,2026-06-30,Monthly,,KG,3.206,3.206,2704.841552734375,xgboost_feat
PEAR_COMICE,AH,NL-NB,2026-07-01,2026-07-31,Monthly,,KG,3.206,3.206,2719.18701171875,xgboost_feat
PEAR_COMICE,AH,NL-NB,2026-08-01,2026-08-31,Monthly,,KG,3.206,3.206,2770.384521484375,xgboost_feat
PEAR_COMICE,AH,NL-NB,2026-09-01,2026-09-30,Monthly,,KG,3.206,3.206,2746.754638671875,xgboost_feat
PEAR_COMICE,AH,NL-NB,2026-10-01,2026-10-31,Monthly,,KG,3.206,3.206,2947.338134765625,xgboost_feat
PEAR_COMICE,AH,NL-NB,2026-11-01,2026-11-30,Monthly,,KG,3.206,3.206,3140.349853515625,xgboost_feat
PEAR_COMICE,AH,NL-NB,2026-12-01,2026-12-31,Monthly,,KG,3.206,3.206,3167.5048828125,xgboost_feat
PEAR_COMICE,AH,NL-NB,2027-01-01,2027-01-31,Monthly,,KG,3.206,3.206,3047.205810546875,xgboost_feat
PEAR_COMICE,AH,NL-NH,2026-02-01,2026-02-28,Monthly,,KG,3.269,3.269,3036.36279296875,xgboost_feat
PEAR_COMICE,AH,NL-NH,2026-03-01,2026-03-31,Monthly,,KG,3.269,3.269,3105.134765625,xgboost_feat
PEAR_COMICE,AH,NL-NH,2026-04-01,2026-04-30,Monthly,,KG,3.269,3.269,2978.60498046875,xgboost_feat
PEAR_COMICE,AH,NL-NH,2026-05-01,2026-05-31,Monthly,,KG,3.269,3.269,2929.510009765625,xgboost_feat
PEAR_COMICE,AH,NL-NH,2026-06-01,2026-06-30,Monthly,,KG,3.269,3.269,2694.462646484375,xgboost_feat
PEAR_COMICE,AH,NL-NH,2026-07-01,2026-07-31,Monthly,,KG,3.269,3.269,2732.477294921875,xgboost_feat
PEAR_COMICE,AH,NL-NH,2026-08-01,2026-08-31,Monthly,,KG,3.269,3.269,2770.01513671875,xgboost_feat
PEAR_COMICE,AH,NL-NH,2026-09-01,2026-09-30,Monthly,,KG,3.269,3.269,2742.145263671875,xgboost_feat
PEAR_COMICE,AH,NL-NH,2026-10-01,2026-10-31,Monthly,,KG,3.269,3.269,2913.026611328125,xgboost_feat
PEAR_COMICE,AH,NL-NH,2026-11-01,2026-11-30,Monthly,,KG,3.269,3.269,2956.806640625,xgboost_feat
PEAR_COMICE,AH,NL-NH,2026-12-01,2026-12-31,Monthly,,KG,3.269,3.269,3137.28369140625,xgboost_feat
PEAR_COMICE,AH,NL-NH,2027-01-01,2027-01-31,Monthly,,KG,2.9421000000000004,3.269,3130.9970703125,xgboost_feat
PEAR_COMICE,AH,NL-ZH,2026-02-01,2026-02-28,Monthly,,KG,3.353,3.353,2970.4423828125,xgboost_feat
PEAR_COMICE,AH,NL-ZH,2026-03-01,2026-03-31,Monthly,,KG,3.353,3.353,2969.9833984375,xgboost_feat
PEAR_COMICE,AH,NL-ZH,2026-04-01,2026-04-30,Monthly,,KG,3.353,3.353,2922.744384765625,xgboost_feat
PEAR_COMICE,AH,NL-ZH,2026-05-01,2026-05-31,Monthly,,KG,3.353,3.353,2727.1767578125,xgboost_feat
PEAR_COMICE,AH,NL-ZH,2026-06-01,2026-06-30,Monthly,,KG,3.353,3.353,2666.294677734375,xgboost_feat
PEAR_COMICE,AH,NL-ZH,2026-07-01,2026-07-31,Monthly,,KG,3.353,3.353,2743.76611328125,xgboost_feat
PEAR_COMICE,AH,NL-ZH,2026-08-01,2026-08-31,Monthly,,KG,3.353,3.353,2746.908935546875,xgboost_feat
PEAR_COMICE,AH,NL-ZH,2026-09-01,2026-09-30,Monthly,,KG,3.353,3.353,2744.90966796875,xgboost_feat
PEAR_COMICE,AH,NL-ZH,2026-10-01,2026-10-31,Monthly,,KG,3.353,3.353,2913.668701171875,xgboost_feat
PEAR_COMICE,AH,NL-ZH,2026-11-01,2026-11-30,Monthly,,KG,3.353,3.353,3010.33251953125,xgboost_feat
PEAR_COMICE,AH,NL-ZH,2026-12-01,2026-12-31,Monthly,,KG,3.353,3.353,3137.221435546875,xgboost_feat
PEAR_COMICE,AH,NL-ZH,2027-01-01,2027-01-31,Monthly,,KG,3.353,3.353,3137.18017578125,xgboost_feat
PEAR_COMICE,FLINK,NL-GE,2026-02-01,2026-02-28,Monthly,,KG,3.055,3.055,3105.671875,xgboost_feat
PEAR_COMICE,FLINK,NL-GE,2026-03-01,2026-03-31,Monthly,,KG,3.055,3.055,3052.48046875,xgboost_feat
PEAR_COMICE,FLINK,NL-GE,2026-04-01,2026-04-30,Monthly,,KG,3.055,3.055,2978.597900390625,xgboost_feat
PEAR_COMICE,FLINK,NL-GE,2026-05-01,2026-05-31,Monthly,,KG,3.055,3.055,2724.732421875,xgboost_feat
PEAR_COMICE,FLINK,NL-GE,2026-06-01,2026-06-30,Monthly,,KG,2.6884,3.055,2672.64990234375,xgboost_feat
PEAR_COMICE,FLINK,NL-GE,2026-07-01,2026-07-31,Monthly,,KG,3.055,3.055,2672.560302734375,xgboost_feat
PEAR_COMICE,FLINK,NL-GE,2026-08-01,2026-08-31,Monthly,,KG,3.055,3.055,2655.02587890625,xgboost_feat
PEAR_COMICE,FLINK,NL-GE,2026-09-01,2026-09-30,Monthly,,KG,3.055,3.055,2655.026611328125,xgboost_feat
PEAR_COMICE,FLINK,NL-GE,2026-10-01,2026-10-31,Monthly,,KG,3.055,3.055,2868.22900390625,xgboost_feat
PEAR_COMICE,FLINK,NL-GE,2026-11-01,2026-11-30,Monthly,,KG,3.055,3.055,3047.528564453125,xgboost_feat
PEAR_COMICE,FLINK,NL-GE,2026-12-01,2026-12-31,Monthly,,KG,3.055,3.055,3040.7568359375,xgboost_feat
PEAR_COMICE,FLINK,NL-GE,2027-01-01,2027-01-31,Monthly,,KG,3.055,3.055,3045.297119140625,xgboost_feat
PEAR_COMICE,FLINK,NL-NB,2026-02-01,2026-02-28,Monthly,,KG,3.164,3.164,3105.671875,xgboost_feat
PEAR_COMICE,FLINK,NL-NB,2026-03-01,2026-03-31,Monthly,,KG,3.164,3.164,2988.093505859375,xgboost_feat
PEAR_COMICE,FLINK,NL-NB,2026-04-01,2026-04-30,Monthly,,KG,3.164,3.164,2978.120849609375,xgboost_feat
PEAR_COMICE,FLINK,NL-NB,2026-05-01,2026-05-31,Monthly,,KG,3.164,3.164,2704.87060546875,xgboost_feat
PEAR_COMICE,FLINK,NL-NB,2026-06-01,2026-06-30,Monthly,,KG,3.164,3.164,2689.720947265625,xgboost_feat
PEAR_COMICE,FLINK,NL-NB,2026-07-01,2026-07-31,Monthly,,KG,3.164,3.164,2674.389404296875,xgboost_feat
PEAR_COMICE,FLINK,NL-NB,2026-08-01,2026-08-31,Monthly,,KG,3.164,3.164,2670.38232421875,xgboost_feat
PEAR_COMICE,FLINK,NL-NB,2026-09-01,2026-09-30,Monthly,,KG,3.164,3.164,2655.32568359375,xgboost_feat
PEAR_COMICE,FLINK,NL-NB,2026-10-01,2026-10-31,Monthly,,KG,3.164,3.164,2900.9384765625,xgboost_feat
PEAR_COMICE,FLINK,NL-NB,2026-11-01,2026-11-30,Monthly,,KG,3.164,3.164,3048.975830078125,xgboost_feat
PEAR_COMICE,FLINK,NL-NB,2026-12-01,2026-12-31,Monthly,,KG,3.164,3.164,3068.5859375,xgboost_feat
PEAR_COMICE,FLINK,NL-NB,2027-01-01,2027-01-31,Monthly,,KG,3.164,3.164,3012.968505859375,xgboost_feat
PEAR_COMICE,FLINK,NL-NH,2026-02-01,2026-02-28,Monthly,,KG,3.285,3.285,3105.52099609375,xgboost_feat
PEAR_COMICE,FLINK,NL-NH,2026-03-01,2026-03-31,Monthly,,KG,3.285,3.285,3059.0634765625,xgboost_feat
PEAR_COMICE,FLINK,NL-NH,2026-04-01,2026-04-30,Monthly,,KG,3.285,3.285,2978.597900390625,xgboost_feat
PEAR_COMICE,FLINK,NL-NH,2026-05-01,2026-05-31,Monthly,,KG,3.285,3.285,2952.318115234375,xgboost_feat
PEAR_COMICE,FLINK,NL-NH,2026-06-01,2026-06-30,Monthly,,KG,3.285,3.285,2674.252197265625,xgboost_feat
PEAR_COMICE,FLINK,NL-NH,2026-07-01,2026-07-31,Monthly,,KG,3.285,3.285,2672.5283203125,xgboost_feat
PEAR_COMICE,FLINK,NL-NH,2026-08-01,2026-08-31,Monthly,,KG,3.285,3.285,2682.517578125,xgboost_feat
PEAR_COMICE,FLINK,NL-NH,2026-09-01,2026-09-30,Monthly,,KG,3.285,3.285,2655.04296875,xgboost_feat
PEAR_COMICE,FLINK,NL-NH,2026-10-01,2026-10-31,Monthly,,KG,3.285,3.285,2868.1826171875,xgboost_feat
PEAR_COMICE,FLINK,NL-NH,2026-11-01,2026-11-30,Monthly,,KG,3.285,3.285,2944.93505859375,xgboost_feat
PEAR_COMICE,FLINK,NL-NH,2026-12-01,2026-12-31,Monthly,,KG,3.285,3.285,3040.63427734375,xgboost_feat
PEAR_COMICE,FLINK,NL-NH,2027-01-01,2027-01-31,Monthly,,KG,3.285,3.285,3012.706787109375,xgboost_feat
PEAR_COMICE,FLINK,NL-ZH,2026-02-01,2026-02-28,Monthly,,KG,3.387,3.387,3105.52099609375,xgboost_feat
PEAR_COMICE,FLINK,NL-ZH,2026-03-01,2026-03-31,Monthly,,KG,3.387,3.387,3052.083984375,xgboost_feat
PEAR_COMICE,FLINK,NL-ZH,2026-04-01,2026-04-30,Monthly,,KG,3.387,3.387,2978.597900390625,xgboost_feat
PEAR_COMICE,FLINK,NL-ZH,2026-05-01,2026-05-31,Monthly,,KG,3.387,3.387,2725.401611328125,xgboost_feat
PEAR_COMICE,FLINK,NL-ZH,2026-06-01,2026-06-30,Monthly,,KG,3.387,3.387,2686.9482421875,xgboost_feat
PEAR_COMICE,FLINK,NL-ZH,2026-07-01,2026-07-31,Monthly,,KG,3.387,3.387,2672.189453125,xgboost_feat
PEAR_COMICE,FLINK,NL-ZH,2026-08-01,2026-08-31,Monthly,,KG,3.387,3.387,2655.695556640625,xgboost_feat
PEAR_COMICE,FLINK,NL-ZH,2026-09-01,2026-09-30,Monthly,,KG,3.387,3.387,2655.06005859375,xgboost_feat
PEAR_COMICE,FLINK,NL-ZH,2026-10-01,2026-10-31,Monthly,,KG,3.387,3.387,2868.1826171875,xgboost_feat
PEAR_COMICE,FLINK,NL-ZH,2026-11-01,2026-11-30,Monthly,,KG,3.387,3.387,2953.596435546875,xgboost_feat
PEAR_COMICE,FLINK,NL-ZH,2026-12-01,2026-12-31,Monthly,,KG,3.387,3.387,3040.6396484375,xgboost_feat
PEAR_COMICE,FLINK,NL-ZH,2027-01-01,2027-01-31,Monthly,,KG,3.387,3.387,3012.706787109375,xgboost_feat
PEAR_COMICE,GREENACRES,NL-GE,2026-02-01,2026-02-28,Monthly,,KG,3.087,3.087,3105.671875,xgboost_feat
PEAR_COMICE,GREENACRES,NL-GE,2026-03-01,2026-03-31,Monthly,,KG,3.087,3.087,3052.48046875,xgboost_feat
PEAR_COMICE,GREENACRES,NL-GE,2026-04-01,2026-04-30,Monthly,,KG,3.087,3.087,2978.597900390625,xgboost_feat
PEAR_COMICE,GREENACRES,NL-GE,2026-05-01,2026-05-31,Monthly,,KG,3.087,3.087,2724.732421875,xgboost_feat
PEAR_COMICE,GREENACRES,NL-GE,2026-06-01,2026-06-30,Monthly,,KG,3.087,3.087,2672.9208984375,xgboost_feat
PEAR_COMICE,GREENACRES,NL-GE,2026-07-01,2026-07-31,Monthly,,KG,3.087,3.087,2672.5625,xgboost_feat
PEAR_COMICE,GREENACRES,NL-GE,2026-08-01,2026-08-31,Monthly,,KG,3.087,3.087,2655.02587890625,xgboost_feat
PEAR_COMICE,GREENACRES,NL-GE,2026-09-01,2026-09-30,Monthly,,KG,3.087,3.087,2655.026611328125,xgboost_feat
PEAR_COMICE,GREENACRES,NL-GE,2026-10-01,2026-10-31,Monthly,,KG,3.087,3.087,2868.22900390625,xgboost_feat
PEAR_COMICE,GREENACRES,NL-GE,2026-11-01,2026-11-30,Monthly,,KG,3.087,3.087,3047.528564453125,xgboost_feat
PEAR_COMICE,GREENACRES,NL-GE,2026-12-01,2026-12-31,Monthly,,KG,3.087,3.087,3040.7568359375,xgboost_feat
PEAR_COMICE,GREENACRES,NL-GE,2027-01-01,2027-01-31,Monthly,,KG,3.087,3.087,3043.768310546875,xgboost_feat
PEAR_COMICE,GREENACRES,NL-NB,2026-02-01,2026-02-28,Monthly,,KG,3.18,3.18,3105.52099609375,xgboost_feat
PEAR_COMICE,GREENACRES,NL-NB,2026-03-01,2026-03-31,Monthly,,KG,3.18,3.18,2988.093505859375,xgboost_feat
PEAR_COMICE,GREENACRES,NL-NB,2026-04-01,2026-04-30,Monthly,,KG,3.18,3.18,2978.12060546875,xgboost_feat
PEAR_COMICE,GREENACRES,NL-NB,2026-05-01,2026-05-31,Monthly,,KG,3.18,3.18,2704.87060546875,xgboost_feat
PEAR_COMICE,GREENACRES,NL-NB,2026-06-01,2026-06-30,Monthly,,KG,3.18,3.18,2689.720947265625,xgboost_feat
PEAR_COMICE,GREENACRES,NL-NB,2026-07-01,2026-07-31,Monthly,,KG,3.18,3.18,2674.3916015625,xgboost_feat
PEAR_COMICE,GREENACRES,NL-NB,2026-08-01,2026-08-31,Monthly,,KG,3.18,3.18,2670.38232421875,xgboost_feat
PEAR_COMICE,GREENACRES,NL-NB,2026-09-01,2026-09-30,Monthly,,KG,3.18,3.18,2655.32568359375,xgboost_feat
PEAR_COMICE,GREENACRES,NL-NB,2026-10-01,2026-10-31,Monthly,,KG,3.18,3.18,2900.9384765625,xgboost_feat
PEAR_COMICE,GREENACRES,NL-NB,2026-11-01,2026-11-30,Monthly,,KG,3.18,3.18,3048.975830078125,xgboost_feat
PEAR_COMICE,GREENACRES,NL-NB,2026-12-01,2026-12-31,Monthly,,KG,3.18,3.18,3068.5859375,xgboost_feat
PEAR_COMICE,GREENACRES,NL-NB,2027-01-01,2027-01-31,Monthly,,KG,3.18,3.18,3011.532470703125,xgboost_feat
PEAR_COMICE,GREENACRES,NL-NH,2026-02-01,2026-02-28,Monthly,,KG,3.23,3.23,3105.671875,xgboost_feat
PEAR_COMICE,GREENACRES,NL-NH,2026-03-01,2026-03-31,Monthly,,KG,3.23,3.23,3059.0634765625,xgboost_feat
PEAR_COMICE,GREENACRES,NL-NH,2026-04-01,2026-04-30,Monthly,,KG,3.23,3.23,2978.597900390625,xgboost_feat
PEAR_COMICE,GREENACRES,NL-NH,2026-05-01,2026-05-31,Monthly,,KG,3.23,3.23,2952.318115234375,xgboost_feat
PEAR_COMICE,GREENACRES,NL-NH,2026-06-01,2026-06-30,Monthly,,KG,3.23,3.23,2674.2548828125,xgboost_feat
PEAR_COMICE,GREENACRES,NL-NH,2026-07-01,2026-07-31,Monthly,,KG,3.23,3.23,2672.5283203125,xgboost_feat
PEAR_COMICE,GREENACRES,NL-NH,2026-08-01,2026-08-31,Monthly,,KG,3.23,3.23,2682.517578125,xgboost_feat
PEAR_COMICE,GREENACRES,NL-NH,2026-09-01,2026-09-30,Monthly,,KG,3.23,3.23,2655.04296875,xgboost_feat
PEAR_COMICE,GREENACRES,NL-NH,2026-10-01,2026-10-31,Monthly,,KG,3.23,3.23,2868.1826171875,xgboost_feat
PEAR_COMICE,GREENACRES,NL-NH,2026-11-01,2026-11-30,Monthly,,KG,3.23,3.23,2944.93505859375,xgboost_feat
PEAR_COMICE,GREENACRES,NL-NH,2026-12-01,2026-12-31,Monthly,,KG,3.23,3.23,3040.63427734375,xgboost_feat
PEAR_COMICE,GREENACRES,NL-NH,2027-01-01,2027-01-31,Monthly,,KG,3.23,3.23,3011.279541015625,xgboost_feat
PEAR_COMICE,GREENACRES,NL-ZH,2026-02-01,2026-02-28,Monthly,,KG,3.322,3.322,3100.54150390625,xgboost_feat
PEAR_COMICE,GREENACRES,NL-ZH,2026-03-01,2026-03-31,Monthly,,KG,3.322,3.322,3052.083984375,xgboost_feat
PEAR_COMICE,GREENACRES,NL-ZH,2026-04-01,2026-04-30,Monthly,,KG,3.322,3.322,2978.597900390625,xgboost_feat
PEAR_COMICE,GREENACRES,NL-ZH,2026-05-01,2026-05-31,Monthly,,KG,3.322,3.322,2725.472900390625,xgboost_feat
PEAR_COMICE,GREENACRES,NL-ZH,2026-06-01,2026-06-30,Monthly,,KG,3.322,3.322,2686.9482421875,xgboost_feat
PEAR_COMICE,GREENACRES,NL-ZH,2026-07-01,2026-07-31,Monthly,,KG,3.322,3.322,2672.189453125,xgboost_feat
PEAR_COMICE,GREENACRES,NL-ZH,2026-08-01,2026-08-31,Monthly,,KG,3.322,3.322,2655.695556640625,xgboost_feat
PEAR_COMICE,GREENACRES,NL-ZH,2026-09-01,2026-09-30,Monthly,,KG,3.322,3.322,2655.06005859375,xgboost_feat
PEAR_COMICE,GREENACRES,NL-ZH,2026-10-01,2026-10-31,Monthly,,KG,3.322,3.322,2868.1826171875,xgboost_feat
PEAR_COMICE,GREENACRES,NL-ZH,2026-11-01,2026-11-30,Monthly,,KG,3.322,3.322,2953.596435546875,xgboost_feat
PEAR_COMICE,GREENACRES,NL-ZH,2026-12-01,2026-12-31,Monthly,,KG,3.322,3.322,3040.6396484375,xgboost_feat
PEAR_COMICE,GREENACRES,NL-ZH,2027-01-01,2027-01-31,Monthly,,KG,3.322,3.322,3011.289794921875,xgboost_feat
PEAR_COMICE,HELLOFRESH,NL-GE,2026-02-01,2026-02-28,Monthly,,KG,2.967,2.967,3105.671875,xgboost_feat
PEAR_COMICE,HELLOFRESH,NL-GE,2026-03-01,2026-03-31,Monthly,,KG,2.967,2.967,3052.48046875,xgboost_feat
PEAR_COMICE,HELLOFRESH,NL-GE,2026-04-01,2026-04-30,Monthly,,KG,2.967,2.967,2978.597900390625,xgboost_feat
PEAR_COMICE,HELLOFRESH,NL-GE,2026-05-01,2026-05-31,Monthly,,KG,2.967,2.967,2724.732421875,xgboost_feat
PEAR_COMICE,HELLOFRESH,NL-GE,2026-06-01,2026-06-30,Monthly,,KG,2.967,2.967,2672.9208984375,xgboost_feat
PEAR_COMICE,HELLOFRESH,NL-GE,2026-07-01,2026-07-31,Monthly,,KG,2.967,2.967,2672.560302734375,xgboost_feat
PEAR_COMICE,HELLOFRESH,NL-GE,2026-08-01,2026-08-31,Monthly,,KG,2.967,2.967,2655.02587890625,xgboost_feat
PEAR_COMICE,HELLOFRESH,NL-GE,2026-09-01,2026-09-30,Monthly,,KG,2.967,2.967,2655.026611328125,xgboost_feat
PEAR_COMICE,HELLOFRESH,NL-GE,2026-10-01,2026-10-31,Monthly,,KG,2.967,2.967,2868.22900390625,xgboost_feat
PEAR_COMICE,HELLOFRESH,NL-GE,2026-11-01,2026-11-30,Monthly,,KG,2.967,2.967,3047.528564453125,xgboost_feat
PEAR_COMICE,HELLOFRESH,NL-GE,2026-12-01,2026-12-31,Monthly,,KG,2.967,2.967,3040.7568359375,xgboost_feat
PEAR_COMICE,HELLOFRESH,NL-GE,2027-01-01,2027-01-31,Monthly,,KG,2.967,2.967,3045.297119140625,xgboost_feat
PEAR_COMICE,HELLOFRESH,NL-NB,2026-02-01,2026-02-28,Monthly,,KG,3.16,3.16,3105.52099609375,xgboost_feat
PEAR_COMICE,HELLOFRESH,NL-NB,2026-03-01,2026-03-31,Monthly,,KG,3.16,3.16,2988.093505859375,xgboost_feat
PEAR_COMICE,HELLOFRESH,NL-NB,2026-04-01,2026-04-30,Monthly,,KG,3.16,3.16,2978.120849609375,xgboost_feat
PEAR_COMICE,HELLOFRESH,NL-NB,2026-05-01,2026-05-31,Monthly,,KG,3.16,3.16,2704.87060546875,xgboost_feat
PEAR_COMICE,HELLOFRESH,NL-NB,2026-06-01,2026-06-30,Monthly,,KG,3.16,3.16,2689.720947265625,xgboost_feat
PEAR_COMICE,HELLOFRESH,NL-NB,2026-07-01,2026-07-31,Monthly,,KG,3.16,3.16,2674.389404296875,xgboost_feat
PEAR_COMICE,HELLOFRESH,NL-NB,2026-08-01,2026-08-31,Monthly,,KG,3.16,3.16,2670.38232421875,xgboost_feat
PEAR_COMICE,HELLOFRESH,NL-NB,2026-09-01,2026-09-30,Monthly,,KG,3.16,3.16,2655.32568359375,xgboost_feat
PEAR_COMICE,HELLOFRESH,NL-NB,2026-10-01,2026-10-31,Monthly,,KG,3.16,3.16,2900.9384765625,xgboost_feat
PEAR_COMICE,HELLOFRESH,NL-NB,2026-11-01,2026-11-30,Monthly,,KG,3.16,3.16,3048.975830078125,xgboost_feat
PEAR_COMICE,HELLOFRESH,NL-NB,2026-12-01,2026-12-31,Monthly,,KG,3.16,3.16,3068.5859375,xgboost_feat
PEAR_COMICE,HELLOFRESH,NL-NB,2027-01-01,2027-01-31,Monthly,,KG,3.16,3.16,3012.968505859375,xgboost_feat
PEAR_COMICE,HELLOFRESH,NL-NH,2026-02-01,2026-02-28,Monthly,,KG,3.249,3.249,3097.2373046875,xgboost_feat
PEAR_COMICE,HELLOFRESH,NL-NH,2026-03-01,2026-03-31,Monthly,,KG,3.249,3.249,3059.0634765625,xgboost_feat
PEAR_COMICE,HELLOFRESH,NL-NH,2026-04-01,2026-04-30,Monthly,,KG,3.249,3.249,2978.597900390625,xgboost_feat
PEAR_COMICE,HELLOFRESH,NL-NH,2026-05-01,2026-05-31,Monthly,,KG,3.249,3.249,2952.318115234375,xgboost_feat
PEAR_COMICE,HELLOFRESH,NL-NH,2026-06-01,2026-06-30,Monthly,,KG,3.249,3.249,2674.252197265625,xgboost_feat
PEAR_COMICE,HELLOFRESH,NL-NH,2026-07-01,2026-07-31,Monthly,,KG,3.249,3.249,2672.5283203125,xgboost_feat
PEAR_COMICE,HELLOFRESH,NL-NH,2026-08-01,2026-08-31,Monthly,,KG,3.249,3.249,2682.517578125,xgboost_feat
PEAR_COMICE,HELLOFRESH,NL-NH,2026-09-01,2026-09-30,Monthly,,KG,3.249,3.249,2655.04296875,xgboost_feat
PEAR_COMICE,HELLOFRESH,NL-NH,2026-10-01,2026-10-31,Monthly,,KG,3.249,3.249,2868.1826171875,xgboost_feat
PEAR_COMICE,HELLOFRESH,NL-NH,2026-11-01,2026-11-30,Monthly,,KG,3.249,3.249,2944.93505859375,xgboost_feat
PEAR_COMICE,HELLOFRESH,NL-NH,2026-12-01,2026-12-31,Monthly,,KG,3.249,3.249,3040.63427734375,xgboost_feat
PEAR_COMICE,HELLOFRESH,NL-NH,2027-01-01,2027-01-31,Monthly,,KG,3.249,3.249,3012.706787109375,xgboost_feat
PEAR_COMICE,HELLOFRESH,NL-ZH,2026-02-01,2026-02-28,Monthly,,KG,3.374,3.374,3105.52099609375,xgboost_feat
PEAR_COMICE,HELLOFRESH,NL-ZH,2026-03-01,2026-03-31,Monthly,,KG,3.374,3.374,3052.083984375,xgboost_feat
PEAR_COMICE,HELLOFRESH,NL-ZH,2026-04-01,2026-04-30,Monthly,,KG,3.374,3.374,2978.597900390625,xgboost_feat
PEAR_COMICE,HELLOFRESH,NL-ZH,2026-05-01,2026-05-31,Monthly,,KG,3.374,3.374,2725.401611328125,xgboost_feat
PEAR_COMICE,HELLOFRESH,NL-ZH,2026-06-01,2026-06-30,Monthly,,KG,3.374,3.374,2686.9482421875,xgboost_feat
PEAR_COMICE,HELLOFRESH,NL-ZH,2026-07-01,2026-07-31,Monthly,,KG,3.374,3.374,2672.189453125,xgboost_feat
PEAR_COMICE,HELLOFRESH,NL-ZH,2026-08-01,2026-08-31,Monthly,,KG,3.374,3.374,2655.695556640625,xgboost_feat
PEAR_COMICE,HELLOFRESH,NL-ZH,2026-09-01,2026-09-30,Monthly,,KG,3.374,3.374,2655.06005859375,xgboost_feat
PEAR_COMICE,HELLOFRESH,NL-ZH,2026-10-01,2026-10-31,Monthly,,KG,3.374,3.374,2868.1826171875,xgboost_feat
PEAR_COMICE,HELLOFRESH,NL-ZH,2026-11-01,2026-11-30,Monthly,,KG,3.374,3.374,2953.596435546875,xgboost_feat
PEAR_COMICE,HELLOFRESH,NL-ZH,2026-12-01,2026-12-31,Monthly,,KG,3.374,3.374,3040.6396484375,xgboost_feat
PEAR_COMICE,HELLOFRESH,NL-ZH,2027-01-01,2027-01-31,Monthly,,KG,3.374,3.374,3012.706787109375,xgboost_feat
PEAR_COMICE,HOLLANDFOODSERVICE,NL-GE,2026-02-01,2026-02-28,Monthly,,KG,3.027,3.027,3072.935546875,xgboost_feat
PEAR_COMICE,HOLLANDFOODSERVICE,NL-GE,2026-03-01,2026-03-31,Monthly,,KG,3.027,3.027,3052.48046875,xgboost_feat
PEAR_COMICE,HOLLANDFOODSERVICE,NL-GE,2026-04-01,2026-04-30,Monthly,,KG,3.027,3.027,2978.597900390625,xgboost_feat
PEAR_COMICE,HOLLANDFOODSERVICE,NL-GE,2026-05-01,2026-05-31,Monthly,,KG,3.027,3.027,2724.8037109375,xgboost_feat
PEAR_COMICE,HOLLANDFOODSERVICE,NL-GE,2026-06-01,2026-06-30,Monthly,,KG,3.027,3.027,2672.9208984375,xgboost_feat
PEAR_COMICE,HOLLANDFOODSERVICE,NL-GE,2026-07-01,2026-07-31,Monthly,,KG,3.027,3.027,2672.5625,xgboost_feat
PEAR_COMICE,HOLLANDFOODSERVICE,NL-GE,2026-08-01,2026-08-31,Monthly,,KG,3.027,3.027,2655.02587890625,xgboost_feat
PEAR_COMICE,HOLLANDFOODSERVICE,NL-GE,2026-09-01,2026-09-30,Monthly,,KG,3.027,3.027,2655.026611328125,xgboost_feat
PEAR_COMICE,HOLLANDFOODSERVICE,NL-GE,2026-10-01,2026-10-31,Monthly,,KG,3.027,3.027,2868.22900390625,xgboost_feat
PEAR_COMICE,HOLLANDFOODSERVICE,NL-GE,2026-11-01,2026-11-30,Monthly,,KG,3.027,3.027,3047.528564453125,xgboost_feat
PEAR_COMICE,HOLLANDFOODSERVICE,NL-GE,2026-12-01,2026-12-31,Monthly,,KG,3.027,3.027,3040.7568359375,xgboost_feat
PEAR_COMICE,HOLLANDFOODSERVICE,NL-GE,2027-01-01,2027-01-31,Monthly,,KG,3.027,3.027,3043.910888671875,xgboost_feat
PEAR_COMICE,HOLLANDFOODSERVICE,NL-NB,2026-02-01,2026-02-28,Monthly,,KG,3.178,3.178,3105.52099609375,xgboost_feat
PEAR_COMICE,HOLLANDFOODSERVICE,NL-NB,2026-03-01,2026-03-31,Monthly,,KG,3.178,3.178,2988.093505859375,xgboost_feat
PEAR_COMICE,HOLLANDFOODSERVICE,NL-NB,2026-04-01,2026-04-30,Monthly,,KG,3.178,3.178,2978.12060546875,xgboost_feat
PEAR_COMICE,HOLLANDFOODSERVICE,NL-NB,2026-05-01,2026-05-31,Monthly,,KG,3.178,3.178,2704.87060546875,xgboost_feat
PEAR_COMICE,HOLLANDFOODSERVICE,NL-NB,2026-06-01,2026-06-30,Monthly,,KG,3.178,3.178,2689.720947265625,xgboost_feat
PEAR_COMICE,HOLLANDFOODSERVICE,NL-NB,2026-07-01,2026-07-31,Monthly,,KG,3.178,3.178,2674.3916015625,xgboost_feat
PEAR_COMICE,HOLLANDFOODSERVICE,NL-NB,2026-08-01,2026-08-31,Monthly,,KG,3.178,3.178,2670.38232421875,xgboost_feat
PEAR_COMICE,HOLLANDFOODSERVICE,NL-NB,2026-09-01,2026-09-30,Monthly,,KG,3.178,3.178,2655.32568359375,xgboost_feat
PEAR_COMICE,HOLLANDFOODSERVICE,NL-NB,2026-10-01,2026-10-31,Monthly,,KG,3.178,3.178,2900.9384765625,xgboost_feat
PEAR_COMICE,HOLLANDFOODSERVICE,NL-NB,2026-11-01,2026-11-30,Monthly,,KG,3.178,3.178,3048.975830078125,xgboost_feat
PEAR_COMICE,HOLLANDFOODSERVICE,NL-NB,2026-12-01,2026-12-31,Monthly,,KG,3.178,3.178,3068.5859375,xgboost_feat
PEAR_COMICE,HOLLANDFOODSERVICE,NL-NB,2027-01-01,2027-01-31,Monthly,,KG,3.178,3.178,3011.532470703125,xgboost_feat
PEAR_COMICE,HOLLANDFOODSERVICE,NL-NH,2026-02-01,2026-02-28,Monthly,,KG,3.254,3.254,3100.8681640625,xgboost_feat
PEAR_COMICE,HOLLANDFOODSERVICE,NL-NH,2026-03-01,2026-03-31,Monthly,,KG,3.254,3.254,3059.0634765625,xgboost_feat
PEAR_COMICE,HOLLANDFOODSERVICE,NL-NH,2026-04-01,2026-04-30,Monthly,,KG,3.254,3.254,2978.597900390625,xgboost_feat
PEAR_COMICE,HOLLANDFOODSERVICE,NL-NH,2026-05-01,2026-05-31,Monthly,,KG,3.254,3.254,2952.318115234375,xgboost_feat
PEAR_COMICE,HOLLANDFOODSERVICE,NL-NH,2026-06-01,2026-06-30,Monthly,,KG,3.254,3.254,2674.252197265625,xgboost_feat
PEAR_COMICE,HOLLANDFOODSERVICE,NL-NH,2026-07-01,2026-07-31,Monthly,,KG,3.254,3.254,2672.5283203125,xgboost_feat
PEAR_COMICE,HOLLANDFOODSERVICE,NL-NH,2026-08-01,2026-08-31,Monthly,,KG,3.254,3.254,2682.517578125,xgboost_feat
PEAR_COMICE,HOLLANDFOODSERVICE,NL-NH,2026-09-01,2026-09-30,Monthly,,KG,3.254,3.254,2655.04296875,xgboost_feat
PEAR_COMICE,HOLLANDFOODSERVICE,NL-NH,2026-10-01,2026-10-31,Monthly,,KG,3.254,3.254,2868.1826171875,xgboost_feat
PEAR_COMICE,HOLLANDFOODSERVICE,NL-NH,2026-11-01,2026-11-30,Monthly,,KG,3.254,3.254,2944.93505859375,xgboost_feat
PEAR_COMICE,HOLLANDFOODSERVICE,NL-NH,2026-12-01,2026-12-31,Monthly,,KG,3.254,3.254,3040.63427734375,xgboost_feat
PEAR_COMICE,HOLLANDFOODSERVICE,NL-NH,2027-01-01,2027-01-31,Monthly,,KG,3.254,3.254,3011.289794921875,xgboost_feat
PEAR_COMICE,HOLLANDFOODSERVICE,NL-ZH,2026-02-01,2026-02-28,Monthly,,KG,3.266,3.266,3100.8681640625,xgboost_feat
PEAR_COMICE,HOLLANDFOODSERVICE,NL-ZH,2026-03-01,2026-03-31,Monthly,,KG,3.266,3.266,3052.083984375,xgboost_feat
PEAR_COMICE,HOLLANDFOODSERVICE,NL-ZH,2026-04-01,2026-04-30,Monthly,,KG,3.266,3.266,2978.597900390625,xgboost_feat
PEAR_COMICE,HOLLANDFOODSERVICE,NL-ZH,2026-05-01,2026-05-31,Monthly,,KG,3.266,3.266,2725.472900390625,xgboost_feat
PEAR_COMICE,HOLLANDFOODSERVICE,NL-ZH,2026-06-01,2026-06-30,Monthly,,KG,3.266,3.266,2686.9482421875,xgboost_feat
PEAR_COMICE,HOLLANDFOODSERVICE,NL-ZH,2026-07-01,2026-07-31,Monthly,,KG,3.266,3.266,2672.189453125,xgboost_feat
PEAR_COMICE,HOLLANDFOODSERVICE,NL-ZH,2026-08-01,2026-08-31,Monthly,,KG,3.266,3.266,2655.695556640625,xgboost_feat
PEAR_COMICE,HOLLANDFOODSERVICE,NL-ZH,2026-09-01,2026-09-30,Monthly,,KG,3.266,3.266,2655.06005859375,xgboost_feat
PEAR_COMICE,HOLLANDFOODSERVICE,NL-ZH,2026-10-01,2026-10-31,Monthly,,KG,3.266,3.266,2868.1826171875,xgboost_feat
PEAR_COMICE,HOLLANDFOODSERVICE,NL-ZH,2026-11-01,2026-11-30,Monthly,,KG,3.266,3.266,2953.596435546875,xgboost_feat
PEAR_COMICE,HOLLANDFOODSERVICE,NL-ZH,2026-12-01,2026-12-31,Monthly,,KG,3.266,3.266,3040.6396484375,xgboost_feat
PEAR_COMICE,HOLLANDFOODSERVICE,NL-ZH,2027-01-01,2027-01-31,Monthly,,KG,3.266,3.266,3011.289794921875,xgboost_feat
PEAR_COMICE,JUMBO,NL-GE,2026-02-01,2026-02-28,Monthly,,KG,3.058,3.058,3003.453857421875,xgboost_feat
PEAR_COMICE,JUMBO,NL-GE,2026-03-01,2026-03-31,Monthly,,KG,3.058,3.058,3062.50048828125,xgboost_feat
PEAR_COMICE,JUMBO,NL-GE,2026-04-01,2026-04-30,Monthly,,KG,3.058,3.058,2955.6435546875,xgboost_feat
PEAR_COMICE,JUMBO,NL-GE,2026-05-01,2026-05-31,Monthly,,KG,3.058,3.058,2735.26025390625,xgboost_feat
PEAR_COMICE,JUMBO,NL-GE,2026-06-01,2026-06-30,Monthly,,KG,3.058,3.058,2696.042236328125,xgboost_feat
PEAR_COMICE,JUMBO,NL-GE,2026-07-01,2026-07-31,Monthly,,KG,3.058,3.058,2717.483642578125,xgboost_feat
PEAR_COMICE,JUMBO,NL-GE,2026-08-01,2026-08-31,Monthly,,KG,3.058,3.058,2743.35009765625,xgboost_feat
PEAR_COMICE,JUMBO,NL-GE,2026-09-01,2026-09-30,Monthly,,KG,3.058,3.058,2743.37890625,xgboost_feat
PEAR_COMICE,JUMBO,NL-GE,2026-10-01,2026-10-31,Monthly,,KG,3.058,3.058,2913.779541015625,xgboost_feat
PEAR_COMICE,JUMBO,NL-GE,2026-11-01,2026-11-30,Monthly,,KG,3.058,3.058,3137.24365234375,xgboost_feat
PEAR_COMICE,JUMBO,NL-GE,2026-12-01,2026-12-31,Monthly,,KG,3.058,3.058,3138.762451171875,xgboost_feat
PEAR_COMICE,JUMBO,NL-GE,2027-01-01,2027-01-31,Monthly,,KG,3.058,3.058,3059.6875,xgboost_feat
PEAR_COMICE,JUMBO,NL-NB,2026-02-01,2026-02-28,Monthly,,KG,3.224,3.224,3105.667724609375,xgboost_feat
PEAR_COMICE,JUMBO,NL-NB,2026-03-01,2026-03-31,Monthly,,KG,3.224,3.224,2988.411865234375,xgboost_feat
PEAR_COMICE,JUMBO,NL-NB,2026-04-01,2026-04-30,Monthly,,KG,3.224,3.224,3025.067138671875,xgboost_feat
PEAR_COMICE,JUMBO,NL-NB,2026-05-01,2026-05-31,Monthly,,KG,3.224,3.224,2727.06201171875,xgboost_feat
PEAR_COMICE,JUMBO,NL-NB,2026-06-01,2026-06-30,Monthly,,KG,3.224,3.224,2713.5712890625,xgboost_feat
PEAR_COMICE,JUMBO,NL-NB,2026-07-01,2026-07-31,Monthly,,KG,3.224,3.224,2733.402587890625,xgboost_feat
PEAR_COMICE,JUMBO,NL-NB,2026-08-01,2026-08-31,Monthly,,KG,3.224,3.224,2768.1123046875,xgboost_feat
PEAR_COMICE,JUMBO,NL-NB,2026-09-01,2026-09-30,Monthly,,KG,3.224,3.224,2746.004638671875,xgboost_feat
PEAR_COMICE,JUMBO,NL-NB,2026-10-01,2026-10-31,Monthly,,KG,3.224,3.224,2937.254638671875,xgboost_feat
PEAR_COMICE,JUMBO,NL-NB,2026-11-01,2026-11-30,Monthly,,KG,3.224,3.224,3140.350341796875,xgboost_feat
PEAR_COMICE,JUMBO,NL-NB,2026-12-01,2026-12-31,Monthly,,KG,3.224,3.224,3167.52587890625,xgboost_feat
PEAR_COMICE,JUMBO,NL-NB,2027-01-01,2027-01-31,Monthly,,KG,3.224,3.224,3060.948974609375,xgboost_feat
PEAR_COMICE,JUMBO,NL-NH,2026-02-01,2026-02-28,Monthly,,KG,3.289,3.289,3035.303466796875,xgboost_feat
PEAR_COMICE,JUMBO,NL-NH,2026-03-01,2026-03-31,Monthly,,KG,3.12455,3.289,3095.66748046875,xgboost_feat
PEAR_COMICE,JUMBO,NL-NH,2026-04-01,2026-04-30,Monthly,,KG,3.12455,3.289,2992.052734375,xgboost_feat
PEAR_COMICE,JUMBO,NL-NH,2026-05-01,2026-05-31,Monthly,,KG,3.289,3.289,2927.659423828125,xgboost_feat
PEAR_COMICE,JUMBO,NL-NH,2026-06-01,2026-06-30,Monthly,,KG,3.289,3.289,2694.379150390625,xgboost_feat
PEAR_COMICE,JUMBO,NL-NH,2026-07-01,2026-07-31,Monthly,,KG,3.289,3.289,2702.341064453125,xgboost_feat
PEAR_COMICE,JUMBO,NL-NH,2026-08-01,2026-08-31,Monthly,,KG,3.289,3.289,2770.00439453125,xgboost_feat
PEAR_COMICE,JUMBO,NL-NH,2026-09-01,2026-09-30,Monthly,,KG,3.289,3.289,2742.145263671875,xgboost_feat
PEAR_COMICE,JUMBO,NL-NH,2026-10-01,2026-10-31,Monthly,,KG,3.289,3.289,2913.021240234375,xgboost_feat
PEAR_COMICE,JUMBO,NL-NH,2026-11-01,2026-11-30,Monthly,,KG,3.289,3.289,2956.806640625,xgboost_feat
PEAR_COMICE,JUMBO,NL-NH,2026-12-01,2026-12-31,Monthly,,KG,3.289,3.289,3137.2783203125,xgboost_feat
PEAR_COMICE,JUMBO,NL-NH,2027-01-01,2027-01-31,Monthly,,KG,3.289,3.289,3059.57763671875,xgboost_feat
PEAR_COMICE,JUMBO,NL-ZH,2026-02-01,2026-02-28,Monthly,,KG,3.289,3.289,2987.719970703125,xgboost_feat
PEAR_COMICE,JUMBO,NL-ZH,2026-03-01,2026-03-31,Monthly,,KG,3.289,3.289,2977.33349609375,xgboost_feat
PEAR_COMICE,JUMBO,NL-ZH,2026-04-01,2026-04-30,Monthly,,KG,3.289,3.289,2925.8232421875,xgboost_feat
PEAR_COMICE,JUMBO,NL-ZH,2026-05-01,2026-05-31,Monthly,,KG,3.289,3.289,2713.905029296875,xgboost_feat
PEAR_COMICE,JUMBO,NL-ZH,2026-06-01,2026-06-30,Monthly,,KG,3.289,3.289,2668.052001953125,xgboost_feat
PEAR_COMICE,JUMBO,NL-ZH,2026-07-01,2026-07-31,Monthly,,KG,3.289,3.289,2712.31396484375,xgboost_feat
PEAR_COMICE,JUMBO,NL-ZH,2026-08-01,2026-08-31,Monthly,,KG,3.289,3.289,2746.1083984375,xgboost_feat
PEAR_COMICE,JUMBO,NL-ZH,2026-09-01,2026-09-30,Monthly,,KG,3.289,3.289,2744.109375,xgboost_feat
PEAR_COMICE,JUMBO,NL-ZH,2026-10-01,2026-10-31,Monthly,,KG,3.289,3.289,2913.668701171875,xgboost_feat
PEAR_COMICE,JUMBO,NL-ZH,2026-11-01,2026-11-30,Monthly,,KG,3.289,3.289,3010.333984375,xgboost_feat
PEAR_COMICE,JUMBO,NL-ZH,2026-12-01,2026-12-31,Monthly,,KG,3.289,3.289,3137.221435546875,xgboost_feat
PEAR_COMICE,JUMBO,NL-ZH,2027-01-01,2027-01-31,Monthly,,KG,3.289,3.289,3137.18017578125,xgboost_feat
PEAR_COMICE,MELEDI,NL-GE,2026-02-01,2026-02-28,Monthly,,KG,3.081,3.081,3100.8681640625,xgboost_feat
PEAR_COMICE,MELEDI,NL-GE,2026-03-01,2026-03-31,Monthly,,KG,3.081,3.081,3052.48046875,xgboost_feat
PEAR_COMICE,MELEDI,NL-GE,2026-04-01,2026-04-30,Monthly,,KG,3.081,3.081,2978.597900390625,xgboost_feat
PEAR_COMICE,MELEDI,NL-GE,2026-05-01,2026-05-31,Monthly,,KG,3.081,3.081,2724.8037109375,xgboost_feat
PEAR_COMICE,MELEDI,NL-GE,2026-06-01,2026-06-30,Monthly,,KG,3.081,3.081,2672.9208984375,xgboost_feat
PEAR_COMICE,MELEDI,NL-GE,2026-07-01,2026-07-31,Monthly,,KG,3.081,3.081,2672.5625,xgboost_feat
PEAR_COMICE,MELEDI,NL-GE,2026-08-01,2026-08-31,Monthly,,KG,3.081,3.081,2655.02587890625,xgboost_feat
PEAR_COMICE,MELEDI,NL-GE,2026-09-01,2026-09-30,Monthly,,KG,3.081,3.081,2655.026611328125,xgboost_feat
PEAR_COMICE,MELEDI,NL-GE,2026-10-01,2026-10-31,Monthly,,KG,3.081,3.081,2868.22900390625,xgboost_feat
PEAR_COMICE,MELEDI,NL-GE,2026-11-01,2026-11-30,Monthly,,KG,3.081,3.081,3047.528564453125,xgboost_feat
PEAR_COMICE,MELEDI,NL-GE,2026-12-01,2026-12-31,Monthly,,KG,3.081,3.081,3040.7568359375,xgboost_feat
PEAR_COMICE,MELEDI,NL-GE,2027-01-01,2027-01-31,Monthly,,KG,3.081,3.081,3043.768310546875,xgboost_feat
PEAR_COMICE,MELEDI,NL-NB,2026-02-01,2026-02-28,Monthly,,KG,3.103,3.103,3100.54150390625,xgboost_feat
PEAR_COMICE,MELEDI,NL-NB,2026-03-01,2026-03-31,Monthly,,KG,3.103,3.103,2988.093505859375,xgboost_feat
PEAR_COMICE,MELEDI,NL-NB,2026-04-01,2026-04-30,Monthly,,KG,3.103,3.103,2978.12060546875,xgboost_feat
PEAR_COMICE,MELEDI,NL-NB,2026-05-01,2026-05-31,Monthly,,KG,3.103,3.103,2704.87060546875,xgboost_feat
PEAR_COMICE,MELEDI,NL-NB,2026-06-01,2026-06-30,Monthly,,KG,3.103,3.103,2689.720947265625,xgboost_feat
PEAR_COMICE,MELEDI,NL-NB,2026-07-01,2026-07-31,Monthly,,KG,3.103,3.103,2674.3916015625,xgboost_feat
PEAR_COMICE,MELEDI,NL-NB,2026-08-01,2026-08-31,Monthly,,KG,3.103,3.103,2670.38232421875,xgboost_feat
PEAR_COMICE,MELEDI,NL-NB,2026-09-01,2026-09-30,Monthly,,KG,3.103,3.103,2655.32568359375,xgboost_feat
PEAR_COMICE,MELEDI,NL-NB,2026-10-01,2026-10-31,Monthly,,KG,3.103,3.103,2900.9384765625,xgboost_feat
PEAR_COMICE,MELEDI,NL-NB,2026-11-01,2026-11-30,Monthly,,KG,3.103,3.103,3048.975830078125,xgboost_feat
PEAR_COMICE,MELEDI,NL-NB,2026-12-01,2026-12-31,Monthly,,KG,3.103,3.103,3068.5859375,xgboost_feat
PEAR_COMICE,MELEDI,NL-NB,2027-01-01,2027-01-31,Monthly,,KG,3.103,3.103,3011.532470703125,xgboost_feat
PEAR_COMICE,MELEDI,NL-NH,2026-02-01,2026-02-28,Monthly,,KG,3.261,3.261,3077.7607421875,xgboost_feat
PEAR_COMICE,MELEDI,NL-NH,2026-03-01,2026-03-31,Monthly,,KG,3.261,3.261,3059.0634765625,xgboost_feat
PEAR_COMICE,MELEDI,NL-NH,2026-04-01,2026-04-30,Monthly,,KG,3.261,3.261,2978.597900390625,xgboost_feat
PEAR_COMICE,MELEDI,NL-NH,2026-05-01,2026-05-31,Monthly,,KG,3.261,3.261,2952.389404296875,xgboost_feat
PEAR_COMICE,MELEDI,NL-NH,2026-06-01,2026-06-30,Monthly,,KG,3.261,3.261,2674.252197265625,xgboost_feat
PEAR_COMICE,MELEDI,NL-NH,2026-07-01,2026-07-31,Monthly,,KG,3.261,3.261,2672.5283203125,xgboost_feat
PEAR_COMICE,MELEDI,NL-NH,2026-08-01,2026-08-31,Monthly,,KG,3.261,3.261,2682.517578125,xgboost_feat
PEAR_COMICE,MELEDI,NL-NH,2026-09-01,2026-09-30,Monthly,,KG,3.261,3.261,2655.04296875,xgboost_feat
PEAR_COMICE,MELEDI,NL-NH,2026-10-01,2026-10-31,Monthly,,KG,3.261,3.261,2868.1826171875,xgboost_feat
PEAR_COMICE,MELEDI,NL-NH,2026-11-01,2026-11-30,Monthly,,KG,3.261,3.261,2944.93505859375,xgboost_feat
PEAR_COMICE,MELEDI,NL-NH,2026-12-01,2026-12-31,Monthly,,KG,3.261,3.261,3040.63427734375,xgboost_feat
PEAR_COMICE,MELEDI,NL-NH,2027-01-01,2027-01-31,Monthly,,KG,3.261,3.261,3011.289794921875,xgboost_feat
PEAR_COMICE,MELEDI,NL-ZH,2026-02-01,2026-02-28,Monthly,,KG,3.331,3.331,3077.7607421875,xgboost_feat
PEAR_COMICE,MELEDI,NL-ZH,2026-03-01,2026-03-31,Monthly,,KG,3.331,3.331,3052.083984375,xgboost_feat
PEAR_COMICE,MELEDI,NL-ZH,2026-04-01,2026-04-30,Monthly,,KG,3.331,3.331,2978.597900390625,xgboost_feat
PEAR_COMICE,MELEDI,NL-ZH,2026-05-01,2026-05-31,Monthly,,KG,3.331,3.331,2725.472900390625,xgboost_feat
PEAR_COMICE,MELEDI,NL-ZH,2026-06-01,2026-06-30,Monthly,,KG,3.331,3.331,2686.9482421875,xgboost_feat
PEAR_COMICE,MELEDI,NL-ZH,2026-07-01,2026-07-31,Monthly,,KG,3.331,3.331,2672.189453125,xgboost_feat
PEAR_COMICE,MELEDI,NL-ZH,2026-08-01,2026-08-31,Monthly,,KG,3.331,3.331,2655.695556640625,xgboost_feat
PEAR_COMICE,MELEDI,NL-ZH,2026-09-01,2026-09-30,Monthly,,KG,3.331,3.331,2655.06005859375,xgboost_feat
PEAR_COMICE,MELEDI,NL-ZH,2026-10-01,2026-10-31,Monthly,,KG,3.331,3.331,2868.1826171875,xgboost_feat
PEAR_COMICE,MELEDI,NL-ZH,2026-11-01,2026-11-30,Monthly,,KG,3.331,3.331,2953.596435546875,xgboost_feat
PEAR_COMICE,MELEDI,NL-ZH,2026-12-01,2026-12-31,Monthly,,KG,3.331,3.331,3040.6396484375,xgboost_feat
PEAR_COMICE,MELEDI,NL-ZH,2027-01-01,2027-01-31,Monthly,,KG,3.331,3.331,3011.289794921875,xgboost_feat
PEAR_COMICE,PICNIC,NL-GE,2026-02-01,2026-02-28,Monthly,,KG,3.106,3.106,3100.8681640625,xgboost_feat
PEAR_COMICE,PICNIC,NL-GE,2026-03-01,2026-03-31,Monthly,,KG,3.106,3.106,3052.48046875,xgboost_feat
PEAR_COMICE,PICNIC,NL-GE,2026-04-01,2026-04-30,Monthly,,KG,3.106,3.106,2978.597900390625,xgboost_feat
PEAR_COMICE,PICNIC,NL-GE,2026-05-01,2026-05-31,Monthly,,KG,3.106,3.106,2724.8037109375,xgboost_feat
PEAR_COMICE,PICNIC,NL-GE,2026-06-01,2026-06-30,Monthly,,KG,3.106,3.106,2672.9208984375,xgboost_feat
PEAR_COMICE,PICNIC,NL-GE,2026-07-01,2026-07-31,Monthly,,KG,3.106,3.106,2672.560302734375,xgboost_feat
PEAR_COMICE,PICNIC,NL-GE,2026-08-01,2026-08-31,Monthly,,KG,3.106,3.106,2655.02587890625,xgboost_feat
PEAR_COMICE,PICNIC,NL-GE,2026-09-01,2026-09-30,Monthly,,KG,3.106,3.106,2655.026611328125,xgboost_feat
PEAR_COMICE,PICNIC,NL-GE,2026-10-01,2026-10-31,Monthly,,KG,3.106,3.106,2868.22900390625,xgboost_feat
PEAR_COMICE,PICNIC,NL-GE,2026-11-01,2026-11-30,Monthly,,KG,3.106,3.106,3047.528564453125,xgboost_feat
PEAR_COMICE,PICNIC,NL-GE,2026-12-01,2026-12-31,Monthly,,KG,3.106,3.106,3040.7568359375,xgboost_feat
PEAR_COMICE,PICNIC,NL-GE,2027-01-01,2027-01-31,Monthly,,KG,3.106,3.106,3045.297119140625,xgboost_feat
PEAR_COMICE,PICNIC,NL-NB,2026-02-01,2026-02-28,Monthly,,KG,3.167,3.167,3072.935546875,xgboost_feat
PEAR_COMICE,PICNIC,NL-NB,2026-03-01,2026-03-31,Monthly,,KG,3.167,3.167,2988.093505859375,xgboost_feat
PEAR_COMICE,PICNIC,NL-NB,2026-04-01,2026-04-30,Monthly,,KG,3.167,3.167,2978.120849609375,xgboost_feat
PEAR_COMICE,PICNIC,NL-NB,2026-05-01,2026-05-31,Monthly,,KG,3.167,3.167,2704.87060546875,xgboost_feat
PEAR_COMICE,PICNIC,NL-NB,2026-06-01,2026-06-30,Monthly,,KG,3.167,3.167,2689.720947265625,xgboost_feat
PEAR_COMICE,PICNIC,NL-NB,2026-07-01,2026-07-31,Monthly,,KG,3.167,3.167,2674.389404296875,xgboost_feat
PEAR_COMICE,PICNIC,NL-NB,2026-08-01,2026-08-31,Monthly,,KG,3.167,3.167,2670.38232421875,xgboost_feat
PEAR_COMICE,PICNIC,NL-NB,2026-09-01,2026-09-30,Monthly,,KG,3.167,3.167,2655.32568359375,xgboost_feat
PEAR_COMICE,PICNIC,NL-NB,2026-10-01,2026-10-31,Monthly,,KG,3.167,3.167,2900.9384765625,xgboost_feat
PEAR_COMICE,PICNIC,NL-NB,2026-11-01,2026-11-30,Monthly,,KG,3.167,3.167,3048.975830078125,xgboost_feat
PEAR_COMICE,PICNIC,NL-NB,2026-12-01,2026-12-31,Monthly,,KG,3.167,3.167,3068.5859375,xgboost_feat
PEAR_COMICE,PICNIC,NL-NB,2027-01-01,2027-01-31,Monthly,,KG,3.167,3.167,3012.968505859375,xgboost_feat
PEAR_COMICE,PICNIC,NL-NH,2026-02-01,2026-02-28,Monthly,,KG,3.265,3.265,3072.935546875,xgboost_feat
PEAR_COMICE,PICNIC,NL-NH,2026-03-01,2026-03-31,Monthly,,KG,3.265,3.265,3059.0634765625,xgboost_feat
PEAR_COMICE,PICNIC,NL-NH,2026-04-01,2026-04-30,Monthly,,KG,3.265,3.265,2978.597900390625,xgboost_feat
PEAR_COMICE,PICNIC,NL-NH,2026-05-01,2026-05-31,Monthly,,KG,3.265,3.265,2952.389404296875,xgboost_feat
PEAR_COMICE,PICNIC,NL-NH,2026-06-01,2026-06-30,Monthly,,KG,3.265,3.265,2674.252197265625,xgboost_feat
PEAR_COMICE,PICNIC,NL-NH,2026-07-01,2026-07-31,Monthly,,KG,3.265,3.265,2672.5283203125,xgboost_feat
PEAR_COMICE,PICNIC,NL-NH,2026-08-01,2026-08-31,Monthly,,KG,3.265,3.265,2682.517578125,xgboost_feat
PEAR_COMICE,PICNIC,NL-NH,2026-09-01,2026-09-30,Monthly,,KG,3.265,3.265,2655.04296875,xgboost_feat
PEAR_COMICE,PICNIC,NL-NH,2026-10-01,2026-10-31,Monthly,,KG,3.265,3.265,2868.1826171875,xgboost_feat
PEAR_COMICE,PICNIC,NL-NH,2026-11-01,2026-11-30,Monthly,,KG,3.265,3.265,2944.93505859375,xgboost_feat
PEAR_COMICE,PICNIC,NL-NH,2026-12-01,2026-12-31,Monthly,,KG,3.265,3.265,3040.63427734375,xgboost_feat
PEAR_COMICE,PICNIC,NL-NH,2027-01-01,2027-01-31,Monthly,,KG,3.265,3.265,3011.177978515625,xgboost_feat
PEAR_COMICE,PICNIC,NL-ZH,2026-02-01,2026-02-28,Monthly,,KG,3.344,3.344,3072.935546875,xgboost_feat
PEAR_COMICE,PICNIC,NL-ZH,2026-03-01,2026-03-31,Monthly,,KG,3.344,3.344,3052.083984375,xgboost_feat
PEAR_COMICE,PICNIC,NL-ZH,2026-04-01,2026-04-30,Monthly,,KG,3.344,3.344,2978.597900390625,xgboost_feat
PEAR_COMICE,PICNIC,NL-ZH,2026-05-01,2026-05-31,Monthly,,KG,3.344,3.344,2725.472900390625,xgboost_feat
PEAR_COMICE,PICNIC,NL-ZH,2026-06-01,2026-06-30,Monthly,,KG,3.344,3.344,2686.9482421875,xgboost_feat
PEAR_COMICE,PICNIC,NL-ZH,2026-07-01,2026-07-31,Monthly,,KG,3.344,3.344,2672.189453125,xgboost_feat
PEAR_COMICE,PICNIC,NL-ZH,2026-08-01,2026-08-31,Monthly,,KG,3.344,3.344,2655.695556640625,xgboost_feat
PEAR_COMICE,PICNIC,NL-ZH,2026-09-01,2026-09-30,Monthly,,KG,3.344,3.344,2655.06005859375,xgboost_feat
PEAR_COMICE,PICNIC,NL-ZH,2026-10-01,2026-10-31,Monthly,,KG,3.344,3.344,2868.1826171875,xgboost_feat
PEAR_COMICE,PICNIC,NL-ZH,2026-11-01,2026-11-30,Monthly,,KG,3.344,3.344,2953.596435546875,xgboost_feat
PEAR_COMICE,PICNIC,NL-ZH,2026-12-01,2026-12-31,Monthly,,KG,3.344,3.344,3040.6396484375,xgboost_feat
PEAR_COMICE,PICNIC,NL-ZH,2027-01-01,2027-01-31,Monthly,,KG,3.344,3.344,3012.706787109375,xgboost_feat
PEAR_COMICE,PLUS,NL-GE,2026-02-01,2026-02-28,Monthly,,KG,2.8139,2.962,3039.793701171875,xgboost_feat
PEAR_COMICE,PLUS,NL-GE,2026-03-01,2026-03-31,Monthly,,KG,2.962,2.962,3079.0751953125,xgboost_feat
PEAR_COMICE,PLUS,NL-GE,2026-04-01,2026-04-30,Monthly,,KG,2.962,2.962,2947.904052734375,xgboost_feat
PEAR_COMICE,PLUS,NL-GE,2026-05-01,2026-05-31,Monthly,,KG,2.962,2.962,2722.7578125,xgboost_feat
PEAR_COMICE,PLUS,NL-GE,2026-06-01,2026-06-30,Monthly,,KG,2.962,2.962,2671.63916015625,xgboost_feat
PEAR_COMICE,PLUS,NL-GE,2026-07-01,2026-07-31,Monthly,,KG,2.962,2.962,2732.62451171875,xgboost_feat
PEAR_COMICE,PLUS,NL-GE,2026-08-01,2026-08-31,Monthly,,KG,2.962,2.962,2743.33447265625,xgboost_feat
PEAR_COMICE,PLUS,NL-GE,2026-09-01,2026-09-30,Monthly,,KG,2.962,2.962,2713.03857421875,xgboost_feat
PEAR_COMICE,PLUS,NL-GE,2026-10-01,2026-10-31,Monthly,,KG,2.962,2.962,2913.52783203125,xgboost_feat
PEAR_COMICE,PLUS,NL-GE,2026-11-01,2026-11-30,Monthly,,KG,2.962,2.962,3137.141357421875,xgboost_feat
PEAR_COMICE,PLUS,NL-GE,2026-12-01,2026-12-31,Monthly,,KG,2.962,2.962,3138.7607421875,xgboost_feat
PEAR_COMICE,PLUS,NL-GE,2027-01-01,2027-01-31,Monthly,,KG,2.962,2.962,3047.00830078125,xgboost_feat
PEAR_COMICE,PLUS,NL-NB,2026-02-01,2026-02-28,Monthly,,KG,3.081,3.081,3106.02001953125,xgboost_feat
PEAR_COMICE,PLUS,NL-NB,2026-03-01,2026-03-31,Monthly,,KG,3.081,3.081,2998.27734375,xgboost_feat
PEAR_COMICE,PLUS,NL-NB,2026-04-01,2026-04-30,Monthly,,KG,3.081,3.081,3012.264892578125,xgboost_feat
PEAR_COMICE,PLUS,NL-NB,2026-05-01,2026-05-31,Monthly,,KG,3.081,3.081,2697.10009765625,xgboost_feat
PEAR_COMICE,PLUS,NL-NB,2026-06-01,2026-06-30,Monthly,,KG,3.081,3.081,2713.500244140625,xgboost_feat
PEAR_COMICE,PLUS,NL-NB,2026-07-01,2026-07-31,Monthly,,KG,3.081,3.081,2733.365966796875,xgboost_feat
PEAR_COMICE,PLUS,NL-NB,2026-08-01,2026-08-31,Monthly,,KG,3.081,3.081,2767.91748046875,xgboost_feat
PEAR_COMICE,PLUS,NL-NB,2026-09-01,2026-09-30,Monthly,,KG,3.081,3.081,2746.004638671875,xgboost_feat
PEAR_COMICE,PLUS,NL-NB,2026-10-01,2026-10-31,Monthly,,KG,3.081,3.081,2937.254638671875,xgboost_feat
PEAR_COMICE,PLUS,NL-NB,2026-11-01,2026-11-30,Monthly,,KG,3.081,3.081,3140.386474609375,xgboost_feat
PEAR_COMICE,PLUS,NL-NB,2026-12-01,2026-12-31,Monthly,,KG,3.081,3.081,3167.5205078125,xgboost_feat
PEAR_COMICE,PLUS,NL-NB,2027-01-01,2027-01-31,Monthly,,KG,3.081,3.081,3060.948974609375,xgboost_feat
PEAR_COMICE,PLUS,NL-NH,2026-02-01,2026-02-28,Monthly,,KG,3.268,3.268,2999.7646484375,xgboost_feat
PEAR_COMICE,PLUS,NL-NH,2026-03-01,2026-03-31,Monthly,,KG,3.268,3.268,3058.70361328125,xgboost_feat
PEAR_COMICE,PLUS,NL-NH,2026-04-01,2026-04-30,Monthly,,KG,3.268,3.268,2968.328857421875,xgboost_feat
PEAR_COMICE,PLUS,NL-NH,2026-05-01,2026-05-31,Monthly,,KG,3.268,3.268,2929.361083984375,xgboost_feat
PEAR_COMICE,PLUS,NL-NH,2026-06-01,2026-06-30,Monthly,,KG,3.268,3.268,2694.305908203125,xgboost_feat
PEAR_COMICE,PLUS,NL-NH,2026-07-01,2026-07-31,Monthly,,KG,3.268,3.268,2702.241455078125,xgboost_feat
PEAR_COMICE,PLUS,NL-NH,2026-08-01,2026-08-31,Monthly,,KG,3.268,3.268,2774.724853515625,xgboost_feat
PEAR_COMICE,PLUS,NL-NH,2026-09-01,2026-09-30,Monthly,,KG,3.268,3.268,2742.145263671875,xgboost_feat
PEAR_COMICE,PLUS,NL-NH,2026-10-01,2026-10-31,Monthly,,KG,3.268,3.268,2913.755615234375,xgboost_feat
PEAR_COMICE,PLUS,NL-NH,2026-11-01,2026-11-30,Monthly,,KG,3.268,3.268,2956.806640625,xgboost_feat
PEAR_COMICE,PLUS,NL-NH,2026-12-01,2026-12-31,Monthly,,KG,3.268,3.268,3137.2783203125,xgboost_feat
PEAR_COMICE,PLUS,NL-NH,2027-01-01,2027-01-31,Monthly,,KG,3.268,3.268,3060.37060546875,xgboost_feat
PEAR_COMICE,PLUS,NL-ZH,2026-02-01,2026-02-28,Monthly,,KG,3.328,3.328,2987.508544921875,xgboost_feat
PEAR_COMICE,PLUS,NL-ZH,2026-03-01,2026-03-31,Monthly,,KG,3.328,3.328,3028.56396484375,xgboost_feat
PEAR_COMICE,PLUS,NL-ZH,2026-04-01,2026-04-30,Monthly,,KG,3.328,3.328,2924.748046875,xgboost_feat
PEAR_COMICE,PLUS,NL-ZH,2026-05-01,2026-05-31,Monthly,,KG,3.328,3.328,2726.193359375,xgboost_feat
PEAR_COMICE,PLUS,NL-ZH,2026-06-01,2026-06-30,Monthly,,KG,3.328,3.328,2678.380126953125,xgboost_feat
PEAR_COMICE,PLUS,NL-ZH,2026-07-01,2026-07-31,Monthly,,KG,3.328,3.328,2750.05810546875,xgboost_feat
PEAR_COMICE,PLUS,NL-ZH,2026-08-01,2026-08-31,Monthly,,KG,3.328,3.328,2746.145263671875,xgboost_feat
PEAR_COMICE,PLUS,NL-ZH,2026-09-01,2026-09-30,Monthly,,KG,3.328,3.328,2741.8232421875,xgboost_feat
PEAR_COMICE,PLUS,NL-ZH,2026-10-01,2026-10-31,Monthly,,KG,3.328,3.328,2913.705322265625,xgboost_feat
PEAR_COMICE,PLUS,NL-ZH,2026-11-01,2026-11-30,Monthly,,KG,3.328,3.328,3010.6298828125,xgboost_feat
PEAR_COMICE,PLUS,NL-ZH,2026-12-01,2026-12-31,Monthly,,KG,3.328,3.328,3137.378662109375,xgboost_feat
PEAR_COMICE,PLUS,NL-ZH,2027-01-01,2027-01-31,Monthly,,KG,3.328,3.328,3137.16796875,xgboost_feat
PEAR_COMICE,SLIGRO,NL-GE,2026-02-01,2026-02-28,Monthly,,KG,3.025,3.025,3100.8681640625,xgboost_feat
PEAR_COMICE,SLIGRO,NL-GE,2026-03-01,2026-03-31,Monthly,,KG,3.025,3.025,3052.48046875,xgboost_feat
PEAR_COMICE,SLIGRO,NL-GE,2026-04-01,2026-04-30,Monthly,,KG,3.025,3.025,2978.597900390625,xgboost_feat
PEAR_COMICE,SLIGRO,NL-GE,2026-05-01,2026-05-31,Monthly,,KG,3.025,3.025,2724.8037109375,xgboost_feat
PEAR_COMICE,SLIGRO,NL-GE,2026-06-01,2026-06-30,Monthly,,KG,3.025,3.025,2672.9208984375,xgboost_feat
PEAR_COMICE,SLIGRO,NL-GE,2026-07-01,2026-07-31,Monthly,,KG,3.025,3.025,2672.5625,xgboost_feat
PEAR_COMICE,SLIGRO,NL-GE,2026-08-01,2026-08-31,Monthly,,KG,3.025,3.025,2655.02587890625,xgboost_feat
PEAR_COMICE,SLIGRO,NL-GE,2026-09-01,2026-09-30,Monthly,,KG,3.025,3.025,2655.026611328125,xgboost_feat
PEAR_COMICE,SLIGRO,NL-GE,2026-10-01,2026-10-31,Monthly,,KG,3.025,3.025,2868.22900390625,xgboost_feat
PEAR_COMICE,SLIGRO,NL-GE,2026-11-01,2026-11-30,Monthly,,KG,3.025,3.025,3047.528564453125,xgboost_feat
PEAR_COMICE,SLIGRO,NL-GE,2026-12-01,2026-12-31,Monthly,,KG,3.025,3.025,3040.7568359375,xgboost_feat
PEAR_COMICE,SLIGRO,NL-GE,2027-01-01,2027-01-31,Monthly,,KG,3.025,3.025,3043.910888671875,xgboost_feat
PEAR_COMICE,SLIGRO,NL-NB,2026-02-01,2026-02-28,Monthly,,KG,3.148,3.148,3100.8681640625,xgboost_feat
PEAR_COMICE,SLIGRO,NL-NB,2026-03-01,2026-03-31,Monthly,,KG,3.148,3.148,2988.093505859375,xgboost_feat
PEAR_COMICE,SLIGRO,NL-NB,2026-04-01,2026-04-30,Monthly,,KG,3.148,3.148,2978.12060546875,xgboost_feat
PEAR_COMICE,SLIGRO,NL-NB,2026-05-01,2026-05-31,Monthly,,KG,3.148,3.148,2704.87060546875,xgboost_feat
PEAR_COMICE,SLIGRO,NL-NB,2026-06-01,2026-06-30,Monthly,,KG,3.148,3.148,2689.720947265625,xgboost_feat
PEAR_COMICE,SLIGRO,NL-NB,2026-07-01,2026-07-31,Monthly,,KG,3.148,3.148,2674.3916015625,xgboost_feat
PEAR_COMICE,SLIGRO,NL-NB,2026-08-01,2026-08-31,Monthly,,KG,3.148,3.148,2670.38232421875,xgboost_feat
PEAR_COMICE,SLIGRO,NL-NB,2026-09-01,2026-09-30,Monthly,,KG,3.148,3.148,2655.32568359375,xgboost_feat
PEAR_COMICE,SLIGRO,NL-NB,2026-10-01,2026-10-31,Monthly,,KG,3.148,3.148,2900.9384765625,xgboost_feat
PEAR_COMICE,SLIGRO,NL-NB,2026-11-01,2026-11-30,Monthly,,KG,3.148,3.148,3048.975830078125,xgboost_feat
PEAR_COMICE,SLIGRO,NL-NB,2026-12-01,2026-12-31,Monthly,,KG,3.148,3.148,3068.5859375,xgboost_feat
PEAR_COMICE,SLIGRO,NL-NB,2027-01-01,2027-01-31,Monthly,,KG,3.148,3.148,3011.532470703125,xgboost_feat
PEAR_COMICE,SLIGRO,NL-NH,2026-02-01,2026-02-28,Monthly,,KG,3.204,3.204,3100.8681640625,xgboost_feat
PEAR_COMICE,SLIGRO,NL-NH,2026-03-01,2026-03-31,Monthly,,KG,3.204,3.204,3059.0634765625,xgboost_feat
PEAR_COMICE,SLIGRO,NL-NH,2026-04-01,2026-04-30,Monthly,,KG,3.204,3.204,2978.597900390625,xgboost_feat
PEAR_COMICE,SLIGRO,NL-NH,2026-05-01,2026-05-31,Monthly,,KG,3.204,3.204,2952.318115234375,xgboost_feat
PEAR_COMICE,SLIGRO,NL-NH,2026-06-01,2026-06-30,Monthly,,KG,3.204,3.204,2674.252197265625,xgboost_feat
PEAR_COMICE,SLIGRO,NL-NH,2026-07-01,2026-07-31,Monthly,,KG,3.204,3.204,2672.5283203125,xgboost_feat
PEAR_COMICE,SLIGRO,NL-NH,2026-08-01,2026-08-31,Monthly,,KG,3.204,3.204,2682.517578125,xgboost_feat
PEAR_COMICE,SLIGRO,NL-NH,2026-09-01,2026-09-30,Monthly,,KG,3.204,3.204,2655.04296875,xgboost_feat
PEAR_COMICE,SLIGRO,NL-NH,2026-10-01,2026-10-31,Monthly,,KG,3.204,3.204,2868.1826171875,xgboost_feat
PEAR_COMICE,SLIGRO,NL-NH,2026-11-01,2026-11-30,Monthly,,KG,3.204,3.204,2944.93505859375,xgboost_feat
PEAR_COMICE,SLIGRO,NL-NH,2026-12-01,2026-12-31,Monthly,,KG,3.204,3.204,3040.63427734375,xgboost_feat
PEAR_COMICE,SLIGRO,NL-NH,2027-01-01,2027-01-31,Monthly,,KG,3.204,3.204,3011.289794921875,xgboost_feat
PEAR_COMICE,SLIGRO,NL-ZH,2026-02-01,2026-02-28,Monthly,,KG,3.272,3.272,3100.8681640625,xgboost_feat
PEAR_COMICE,SLIGRO,NL-ZH,2026-03-01,2026-03-31,Monthly,,KG,3.272,3.272,3052.083984375,xgboost_feat
PEAR_COMICE,SLIGRO,NL-ZH,2026-04-01,2026-04-30,Monthly,,KG,3.272,3.272,2978.597900390625,xgboost_feat
PEAR_COMICE,SLIGRO,NL-ZH,2026-05-01,2026-05-31,Monthly,,KG,3.272,3.272,2725.472900390625,xgboost_feat
PEAR_COMICE,SLIGRO,NL-ZH,2026-06-01,2026-06-30,Monthly,,KG,3.272,3.272,2686.9482421875,xgboost_feat
PEAR_COMICE,SLIGRO,NL-ZH,2026-07-01,2026-07-31,Monthly,,KG,2.7811999999999997,3.272,2672.08984375,xgboost_feat
PEAR_COMICE,SLIGRO,NL-ZH,2026-08-01,2026-08-31,Monthly,,KG,3.272,3.272,2655.695556640625,xgboost_feat
PEAR_COMICE,SLIGRO,NL-ZH,2026-09-01,2026-09-30,Monthly,,KG,3.272,3.272,2655.06005859375,xgboost_feat
PEAR_COMICE,SLIGRO,NL-ZH,2026-10-01,2026-10-31,Monthly,,KG,3.272,3.272,2868.1826171875,xgboost_feat
PEAR_COMICE,SLIGRO,NL-ZH,2026-11-01,2026-11-30,Monthly,,KG,3.272,3.272,2953.596435546875,xgboost_feat
PEAR_COMICE,SLIGRO,NL-ZH,2026-12-01,2026-12-31,Monthly,,KG,3.272,3.272,3040.6396484375,xgboost_feat
PEAR_COMICE,SLIGRO,NL-ZH,2027-01-01,2027-01-31,Monthly,,KG,3.272,3.272,3011.289794921875,xgboost_feat
PEAR_CONFERENCE,AH,NL-GE,2026-02-01,2026-02-28,Monthly,,KG,2.979,2.979,3093.890625,xgboost_feat
PEAR_CONFERENCE,AH,NL-GE,2026-03-01,2026-03-31,Monthly,,KG,2.979,2.979,3067.6826171875,xgboost_feat
PEAR_CONFERENCE,AH,NL-GE,2026-04-01,2026-04-30,Monthly,,KG,2.979,2.979,2982.39404296875,xgboost_feat
PEAR_CONFERENCE,AH,NL-GE,2026-05-01,2026-05-31,Monthly,,KG,2.979,2.979,2723.875732421875,xgboost_feat
PEAR_CONFERENCE,AH,NL-GE,2026-06-01,2026-06-30,Monthly,,KG,2.979,2.979,2672.064208984375,xgboost_feat
PEAR_CONFERENCE,AH,NL-GE,2026-07-01,2026-07-31,Monthly,,KG,2.979,2.979,2672.2529296875,xgboost_feat
PEAR_CONFERENCE,AH,NL-GE,2026-08-01,2026-08-31,Monthly,,KG,2.979,2.979,2712.326171875,xgboost_feat
PEAR_CONFERENCE,AH,NL-GE,2026-09-01,2026-09-30,Monthly,,KG,2.979,2.979,2691.816162109375,xgboost_feat
PEAR_CONFERENCE,AH,NL-GE,2026-10-01,2026-10-31,Monthly,,KG,2.979,2.979,2881.079345703125,xgboost_feat
PEAR_CONFERENCE,AH,NL-GE,2026-11-01,2026-11-30,Monthly,,KG,2.979,2.979,3062.4140625,xgboost_feat
PEAR_CONFERENCE,AH,NL-GE,2026-12-01,2026-12-31,Monthly,,KG,2.979,2.979,3059.91162109375,xgboost_feat
PEAR_CONFERENCE,AH,NL-GE,2027-01-01,2027-01-31,Monthly,,KG,2.979,2.979,3046.306884765625,xgboost_feat
PEAR_CONFERENCE,AH,NL-NB,2026-02-01,2026-02-28,Monthly,,KG,3.138,3.138,3132.908935546875,xgboost_feat
PEAR_CONFERENCE,AH,NL-NB,2026-03-01,2026-03-31,Monthly,,KG,3.138,3.138,3014.031982421875,xgboost_feat
PEAR_CONFERENCE,AH,NL-NB,2026-04-01,2026-04-30,Monthly,,KG,2.9810999999999996,3.138,2993.055908203125,xgboost_feat
PEAR_CONFERENCE,AH,NL-NB,2026-05-01,2026-05-31,Monthly,,KG,3.138,3.138,2704.041015625,xgboost_feat
PEAR_CONFERENCE,AH,NL-NB,2026-06-01,2026-06-30,Monthly,,KG,3.138,3.138,2687.320556640625,xgboost_feat
PEAR_CONFERENCE,AH,NL-NB,2026-07-01,2026-07-31,Monthly,,KG,3.138,3.138,2672.285400390625,xgboost_feat
PEAR_CONFERENCE,AH,NL-NB,2026-08-01,2026-08-31,Monthly,,KG,3.138,3.138,2692.86376953125,xgboost_feat
PEAR_CONFERENCE,AH,NL-NB,2026-09-01,2026-09-30,Monthly,,KG,3.138,3.138,2713.149169921875,xgboost_feat
PEAR_CONFERENCE,AH,NL-NB,2026-10-01,2026-10-31,Monthly,,KG,3.138,3.138,2946.342529296875,xgboost_feat
PEAR_CONFERENCE,AH,NL-NB,2026-11-01,2026-11-30,Monthly,,KG,3.138,3.138,3140.226806640625,xgboost_feat
PEAR_CONFERENCE,AH,NL-NB,2026-12-01,2026-12-31,Monthly,,KG,3.138,3.138,3170.567138671875,xgboost_feat
PEAR_CONFERENCE,AH,NL-NB,2027-01-01,2027-01-31,Monthly,,KG,3.138,3.138,3046.787841796875,xgboost_feat
PEAR_CONFERENCE,AH,NL-NH,2026-02-01,2026-02-28,Monthly,,KG,3.251,3.251,3133.51416015625,xgboost_feat
PEAR_CONFERENCE,AH,NL-NH,2026-03-01,2026-03-31,Monthly,,KG,3.251,3.251,3076.74169921875,xgboost_feat
PEAR_CONFERENCE,AH,NL-NH,2026-04-01,2026-04-30,Monthly,,KG,3.251,3.251,2973.676025390625,xgboost_feat
PEAR_CONFERENCE,AH,NL-NH,2026-05-01,2026-05-31,Monthly,,KG,3.251,3.251,2955.58251953125,xgboost_feat
PEAR_CONFERENCE,AH,NL-NH,2026-06-01,2026-06-30,Monthly,,KG,3.251,3.251,2673.846435546875,xgboost_feat
PEAR_CONFERENCE,AH,NL-NH,2026-07-01,2026-07-31,Monthly,,KG,3.251,3.251,2671.3330078125,xgboost_feat
PEAR_CONFERENCE,AH,NL-NH,2026-08-01,2026-08-31,Monthly,,KG,3.251,3.251,2756.318359375,xgboost_feat
PEAR_CONFERENCE,AH,NL-NH,2026-09-01,2026-09-30,Monthly,,KG,3.251,3.251,2711.715576171875,xgboost_feat
PEAR_CONFERENCE,AH,NL-NH,2026-10-01,2026-10-31,Monthly,,KG,3.251,3.251,2913.50439453125,xgboost_feat
PEAR_CONFERENCE,AH,NL-NH,2026-11-01,2026-11-30,Monthly,,KG,3.251,3.251,2959.282958984375,xgboost_feat
PEAR_CONFERENCE,AH,NL-NH,2026-12-01,2026-12-31,Monthly,,KG,2.9259,3.251,3133.873291015625,xgboost_feat
PEAR_CONFERENCE,AH,NL-NH,2027-01-01,2027-01-31,Monthly,,KG,3.251,3.251,3046.307373046875,xgboost_feat
PEAR_CONFERENCE,AH,NL-ZH,2026-02-01,2026-02-28,Monthly,,KG,3.344,3.344,3105.75732421875,xgboost_feat
PEAR_CONFERENCE,AH,NL-ZH,2026-03-01,2026-03-31,Monthly,,KG,3.344,3.344,3086.93310546875,xgboost_feat
PEAR_CONFERENCE,AH,NL-ZH,2026-04-01,2026-04-30,Monthly,,KG,3.344,3.344,2984.703125,xgboost_feat
PEAR_CONFERENCE,AH,NL-ZH,2026-05-01,2026-05-31,Monthly,,KG,3.344,3.344,2720.450439453125,xgboost_feat
PEAR_CONFERENCE,AH,NL-ZH,2026-06-01,2026-06-30,Monthly,,KG,3.07648,3.344,2677.963134765625,xgboost_feat
PEAR_CONFERENCE,AH,NL-ZH,2026-07-01,2026-07-31,Monthly,,KG,3.344,3.344,2670.756591796875,xgboost_feat
PEAR_CONFERENCE,AH,NL-ZH,2026-08-01,2026-08-31,Monthly,,KG,3.344,3.344,2743.80712890625,xgboost_feat
PEAR_CONFERENCE,AH,NL-ZH,2026-09-01,2026-09-30,Monthly,,KG,3.344,3.344,2711.51171875,xgboost_feat
PEAR_CONFERENCE,AH,NL-ZH,2026-10-01,2026-10-31,Monthly,,KG,3.344,3.344,2912.76025390625,xgboost_feat
PEAR_CONFERENCE,AH,NL-ZH,2026-11-01,2026-11-30,Monthly,,KG,3.344,3.344,3010.617431640625,xgboost_feat
PEAR_CONFERENCE,AH,NL-ZH,2026-12-01,2026-12-31,Monthly,,KG,3.344,3.344,3137.417724609375,xgboost_feat
PEAR_CONFERENCE,AH,NL-ZH,2027-01-01,2027-01-31,Monthly,,KG,3.344,3.344,3046.7099609375,xgboost_feat
PEAR_CONFERENCE,FLINK,NL-GE,2026-02-01,2026-02-28,Monthly,,KG,3.012,3.012,3105.671875,xgboost_feat
PEAR_CONFERENCE,FLINK,NL-GE,2026-03-01,2026-03-31,Monthly,,KG,3.012,3.012,3052.48046875,xgboost_feat
PEAR_CONFERENCE,FLINK,NL-GE,2026-04-01,2026-04-30,Monthly,,KG,3.012,3.012,2978.597900390625,xgboost_feat
PEAR_CONFERENCE,FLINK,NL-GE,2026-05-01,2026-05-31,Monthly,,KG,3.012,3.012,2724.732421875,xgboost_feat
PEAR_CONFERENCE,FLINK,NL-GE,2026-06-01,2026-06-30,Monthly,,KG,3.012,3.012,2672.9208984375,xgboost_feat
PEAR_CONFERENCE,FLINK,NL-GE,2026-07-01,2026-07-31,Monthly,,KG,3.012,3.012,2672.560302734375,xgboost_feat
PEAR_CONFERENCE,FLINK,NL-GE,2026-08-01,2026-08-31,Monthly,,KG,3.012,3.012,2655.02587890625,xgboost_feat
PEAR_CONFERENCE,FLINK,NL-GE,2026-09-01,2026-09-30,Monthly,,KG,3.012,3.012,2655.026611328125,xgboost_feat
PEAR_CONFERENCE,FLINK,NL-GE,2026-10-01,2026-10-31,Monthly,,KG,3.012,3.012,2868.22900390625,xgboost_feat
PEAR_CONFERENCE,FLINK,NL-GE,2026-11-01,2026-11-30,Monthly,,KG,3.012,3.012,3047.528564453125,xgboost_feat
PEAR_CONFERENCE,FLINK,NL-GE,2026-12-01,2026-12-31,Monthly,,KG,3.012,3.012,3040.7568359375,xgboost_feat
PEAR_CONFERENCE,FLINK,NL-GE,2027-01-01,2027-01-31,Monthly,,KG,3.012,3.012,3045.297119140625,xgboost_feat
PEAR_CONFERENCE,FLINK,NL-NB,2026-02-01,2026-02-28,Monthly,,KG,3.149,3.149,3105.67138671875,xgboost_feat
PEAR_CONFERENCE,FLINK,NL-NB,2026-03-01,2026-03-31,Monthly,,KG,3.149,3.149,2988.093505859375,xgboost_feat
PEAR_CONFERENCE,FLINK,NL-NB,2026-04-01,2026-04-30,Monthly,,KG,3.149,3.149,2978.120849609375,xgboost_feat
PEAR_CONFERENCE,FLINK,NL-NB,2026-05-01,2026-05-31,Monthly,,KG,3.149,3.149,2704.87060546875,xgboost_feat
PEAR_CONFERENCE,FLINK,NL-NB,2026-06-01,2026-06-30,Monthly,,KG,3.149,3.149,2689.720947265625,xgboost_feat
PEAR_CONFERENCE,FLINK,NL-NB,2026-07-01,2026-07-31,Monthly,,KG,3.149,3.149,2674.389404296875,xgboost_feat
PEAR_CONFERENCE,FLINK,NL-NB,2026-08-01,2026-08-31,Monthly,,KG,3.149,3.149,2670.38232421875,xgboost_feat
PEAR_CONFERENCE,FLINK,NL-NB,2026-09-01,2026-09-30,Monthly,,KG,3.149,3.149,2655.32568359375,xgboost_feat
PEAR_CONFERENCE,FLINK,NL-NB,2026-10-01,2026-10-31,Monthly,,KG,3.149,3.149,2900.9384765625,xgboost_feat
PEAR_CONFERENCE,FLINK,NL-NB,2026-11-01,2026-11-30,Monthly,,KG,3.149,3.149,3048.975830078125,xgboost_feat
PEAR_CONFERENCE,FLINK,NL-NB,2026-12-01,2026-12-31,Monthly,,KG,3.149,3.149,3068.5859375,xgboost_feat
PEAR_CONFERENCE,FLINK,NL-NB,2027-01-01,2027-01-31,Monthly,,KG,3.149,3.149,3012.968505859375,xgboost_feat
PEAR_CONFERENCE,FLINK,NL-NH,2026-02-01,2026-02-28,Monthly,,KG,3.27,3.27,3105.67138671875,xgboost_feat
PEAR_CONFERENCE,FLINK,NL-NH,2026-03-01,2026-03-31,Monthly,,KG,3.27,3.27,3059.0634765625,xgboost_feat
PEAR_CONFERENCE,FLINK,NL-NH,2026-04-01,2026-04-30,Monthly,,KG,3.27,3.27,2978.597900390625,xgboost_feat
PEAR_CONFERENCE,FLINK,NL-NH,2026-05-01,2026-05-31,Monthly,,KG,3.27,3.27,2952.318115234375,xgboost_feat
PEAR_CONFERENCE,FLINK,NL-NH,2026-06-01,2026-06-30,Monthly,,KG,3.27,3.27,2674.252197265625,xgboost_feat
PEAR_CONFERENCE,FLINK,NL-NH,2026-07-01,2026-07-31,Monthly,,KG,3.27,3.27,2672.5283203125,xgboost_feat
PEAR_CONFERENCE,FLINK,NL-NH,2026-08-01,2026-08-31,Monthly,,KG,3.27,3.27,2682.517578125,xgboost_feat
PEAR_CONFERENCE,FLINK,NL-NH,2026-09-01,2026-09-30,Monthly,,KG,3.27,3.27,2655.04296875,xgboost_feat
PEAR_CONFERENCE,FLINK,NL-NH,2026-10-01,2026-10-31,Monthly,,KG,3.27,3.27,2868.1826171875,xgboost_feat
PEAR_CONFERENCE,FLINK,NL-NH,2026-11-01,2026-11-30,Monthly,,KG,3.27,3.27,2944.93505859375,xgboost_feat
PEAR_CONFERENCE,FLINK,NL-NH,2026-12-01,2026-12-31,Monthly,,KG,3.27,3.27,3040.63427734375,xgboost_feat
PEAR_CONFERENCE,FLINK,NL-NH,2027-01-01,2027-01-31,Monthly,,KG,3.27,3.27,3012.706787109375,xgboost_feat
PEAR_CONFERENCE,FLINK,NL-ZH,2026-02-01,2026-02-28,Monthly,,KG,2.6816,3.352,3099.9345703125,xgboost_feat
PEAR_CONFERENCE,FLINK,NL-ZH,2026-03-01,2026-03-31,Monthly,,KG,3.352,3.352,3052.083984375,xgboost_feat
PEAR_CONFERENCE,FLINK,NL-ZH,2026-04-01,2026-04-30,Monthly,,KG,3.352,3.352,2978.597900390625,xgboost_feat
PEAR_CONFERENCE,FLINK,NL-ZH,2026-05-01,2026-05-31,Monthly,,KG,3.352,3.352,2725.472900390625,xgboost_feat
PEAR_CONFERENCE,FLINK,NL-ZH,2026-06-01,2026-06-30,Monthly,,KG,3.352,3.352,2686.9482421875,xgboost_feat
PEAR_CONFERENCE,FLINK,NL-ZH,2026-07-01,2026-07-31,Monthly,,KG,3.352,3.352,2672.187255859375,xgboost_feat
PEAR_CONFERENCE,FLINK,NL-ZH,2026-08-01,2026-08-31,Monthly,,KG,3.352,3.352,2655.695556640625,xgboost_feat
PEAR_CONFERENCE,FLINK,NL-ZH,2026-09-01,2026-09-30,Monthly,,KG,3.352,3.352,2655.06005859375,xgboost_feat
PEAR_CONFERENCE,FLINK,NL-ZH,2026-10-01,2026-10-31,Monthly,,KG,3.352,3.352,2868.1826171875,xgboost_feat
PEAR_CONFERENCE,FLINK,NL-ZH,2026-11-01,2026-11-30,Monthly,,KG,3.352,3.352,2953.596435546875,xgboost_feat
PEAR_CONFERENCE,FLINK,NL-ZH,2026-12-01,2026-12-31,Monthly,,KG,3.352,3.352,3040.6396484375,xgboost_feat
PEAR_CONFERENCE,FLINK,NL-ZH,2027-01-01,2027-01-31,Monthly,,KG,3.352,3.352,3012.706787109375,xgboost_feat
PEAR_CONFERENCE,GREENACRES,NL-GE,2026-02-01,2026-02-28,Monthly,,KG,3.065,3.065,3105.671875,xgboost_feat
PEAR_CONFERENCE,GREENACRES,NL-GE,2026-03-01,2026-03-31,Monthly,,KG,3.065,3.065,3052.48046875,xgboost_feat
PEAR_CONFERENCE,GREENACRES,NL-GE,2026-04-01,2026-04-30,Monthly,,KG,3.065,3.065,2978.597900390625,xgboost_feat
PEAR_CONFERENCE,GREENACRES,NL-GE,2026-05-01,2026-05-31,Monthly,,KG,3.065,3.065,2724.732421875,xgboost_feat
PEAR_CONFERENCE,GREENACRES,NL-GE,2026-06-01,2026-06-30,Monthly,,KG,3.065,3.065,2672.9208984375,xgboost_feat
PEAR_CONFERENCE,GREENACRES,NL-GE,2026-07-01,2026-07-31,Monthly,,KG,3.065,3.065,2672.5625,xgboost_feat
PEAR_CONFERENCE,GREENACRES,NL-GE,2026-08-01,2026-08-31,Monthly,,KG,3.065,3.065,2655.02587890625,xgboost_feat
PEAR_CONFERENCE,GREENACRES,NL-GE,2026-09-01,2026-09-30,Monthly,,KG,3.065,3.065,2655.026611328125,xgboost_feat
PEAR_CONFERENCE,GREENACRES,NL-GE,2026-10-01,2026-10-31,Monthly,,KG,3.065,3.065,2868.22900390625,xgboost_feat
PEAR_CONFERENCE,GREENACRES,NL-GE,2026-11-01,2026-11-30,Monthly,,KG,3.065,3.065,3047.528564453125,xgboost_feat
PEAR_CONFERENCE,GREENACRES,NL-GE,2026-12-01,2026-12-31,Monthly,,KG,3.065,3.065,3040.7568359375,xgboost_feat
PEAR_CONFERENCE,GREENACRES,NL-GE,2027-01-01,2027-01-31,Monthly,,KG,3.065,3.065,3045.297119140625,xgboost_feat
PEAR_CONFERENCE,GREENACRES,NL-NB,2026-02-01,2026-02-28,Monthly,,KG,3.25,3.25,3100.8681640625,xgboost_feat
PEAR_CONFERENCE,GREENACRES,NL-NB,2026-03-01,2026-03-31,Monthly,,KG,3.25,3.25,2988.093505859375,xgboost_feat
PEAR_CONFERENCE,GREENACRES,NL-NB,2026-04-01,2026-04-30,Monthly,,KG,3.25,3.25,2978.12060546875,xgboost_feat
PEAR_CONFERENCE,GREENACRES,NL-NB,2026-05-01,2026-05-31,Monthly,,KG,3.25,3.25,2704.87060546875,xgboost_feat
PEAR_CONFERENCE,GREENACRES,NL-NB,2026-06-01,2026-06-30,Monthly,,KG,3.25,3.25,2689.720947265625,xgboost_feat
PEAR_CONFERENCE,GREENACRES,NL-NB,2026-07-01,2026-07-31,Monthly,,KG,3.25,3.25,2674.3916015625,xgboost_feat
PEAR_CONFERENCE,GREENACRES,NL-NB,2026-08-01,2026-08-31,Monthly,,KG,3.25,3.25,2670.38232421875,xgboost_feat
PEAR_CONFERENCE,GREENACRES,NL-NB,2026-09-01,2026-09-30,Monthly,,KG,3.25,3.25,2655.32568359375,xgboost_feat
PEAR_CONFERENCE,GREENACRES,NL-NB,2026-10-01,2026-10-31,Monthly,,KG,3.25,3.25,2900.9384765625,xgboost_feat
PEAR_CONFERENCE,GREENACRES,NL-NB,2026-11-01,2026-11-30,Monthly,,KG,3.25,3.25,3048.975830078125,xgboost_feat
PEAR_CONFERENCE,GREENACRES,NL-NB,2026-12-01,2026-12-31,Monthly,,KG,3.25,3.25,3068.5859375,xgboost_feat
PEAR_CONFERENCE,GREENACRES,NL-NB,2027-01-01,2027-01-31,Monthly,,KG,3.25,3.25,3012.968505859375,xgboost_feat
PEAR_CONFERENCE,GREENACRES,NL-NH,2026-02-01,2026-02-28,Monthly,,KG,3.203,3.203,3100.8681640625,xgboost_feat
PEAR_CONFERENCE,GREENACRES,NL-NH,2026-03-01,2026-03-31,Monthly,,KG,3.203,3.203,3059.0634765625,xgboost_feat
PEAR_CONFERENCE,GREENACRES,NL-NH,2026-04-01,2026-04-30,Monthly,,KG,3.203,3.203,2978.597900390625,xgboost_feat
PEAR_CONFERENCE,GREENACRES,NL-NH,2026-05-01,2026-05-31,Monthly,,KG,3.203,3.203,2952.318115234375,xgboost_feat
PEAR_CONFERENCE,GREENACRES,NL-NH,2026-06-01,2026-06-30,Monthly,,KG,3.203,3.203,2674.252197265625,xgboost_feat
PEAR_CONFERENCE,GREENACRES,NL-NH,2026-07-01,2026-07-31,Monthly,,KG,3.203,3.203,2672.5283203125,xgboost_feat
PEAR_CONFERENCE,GREENACRES,NL-NH,2026-08-01,2026-08-31,Monthly,,KG,3.203,3.203,2682.517578125,xgboost_feat
PEAR_CONFERENCE,GREENACRES,NL-NH,2026-09-01,2026-09-30,Monthly,,KG,3.203,3.203,2655.04296875,xgboost_feat
PEAR_CONFERENCE,GREENACRES,NL-NH,2026-10-01,2026-10-31,Monthly,,KG,3.203,3.203,2868.1826171875,xgboost_feat
PEAR_CONFERENCE,GREENACRES,NL-NH,2026-11-01,2026-11-30,Monthly,,KG,3.203,3.203,2944.93505859375,xgboost_feat
PEAR_CONFERENCE,GREENACRES,NL-NH,2026-12-01,2026-12-31,Monthly,,KG,3.203,3.203,3040.63427734375,xgboost_feat
PEAR_CONFERENCE,GREENACRES,NL-NH,2027-01-01,2027-01-31,Monthly,,KG,3.203,3.203,3011.289794921875,xgboost_feat
PEAR_CONFERENCE,GREENACRES,NL-ZH,2026-02-01,2026-02-28,Monthly,,KG,3.44,3.44,3072.935546875,xgboost_feat
PEAR_CONFERENCE,GREENACRES,NL-ZH,2026-03-01,2026-03-31,Monthly,,KG,3.44,3.44,3052.083984375,xgboost_feat
PEAR_CONFERENCE,GREENACRES,NL-ZH,2026-04-01,2026-04-30,Monthly,,KG,3.44,3.44,2978.597900390625,xgboost_feat
PEAR_CONFERENCE,GREENACRES,NL-ZH,2026-05-01,2026-05-31,Monthly,,KG,3.44,3.44,2725.472900390625,xgboost_feat
PEAR_CONFERENCE,GREENACRES,NL-ZH,2026-06-01,2026-06-30,Monthly,,KG,3.44,3.44,2686.9482421875,xgboost_feat
PEAR_CONFERENCE,GREENACRES,NL-ZH,2026-07-01,2026-07-31,Monthly,,KG,3.44,3.44,2672.189453125,xgboost_feat
PEAR_CONFERENCE,GREENACRES,NL-ZH,2026-08-01,2026-08-31,Monthly,,KG,3.44,3.44,2655.695556640625,xgboost_feat
PEAR_CONFERENCE,GREENACRES,NL-ZH,2026-09-01,2026-09-30,Monthly,,KG,3.44,3.44,2655.06005859375,xgboost_feat
PEAR_CONFERENCE,GREENACRES,NL-ZH,2026-10-01,2026-10-31,Monthly,,KG,3.44,3.44,2868.1826171875,xgboost_feat
PEAR_CONFERENCE,GREENACRES,NL-ZH,2026-11-01,2026-11-30,Monthly,,KG,3.44,3.44,2953.596435546875,xgboost_feat
PEAR_CONFERENCE,GREENACRES,NL-ZH,2026-12-01,2026-12-31,Monthly,,KG,3.44,3.44,3040.6396484375,xgboost_feat
PEAR_CONFERENCE,GREENACRES,NL-ZH,2027-01-01,2027-01-31,Monthly,,KG,3.44,3.44,3011.177978515625,xgboost_feat
PEAR_CONFERENCE,HELLOFRESH,NL-GE,2026-02-01,2026-02-28,Monthly,,KG,3.178,3.178,3072.935546875,xgboost_feat
PEAR_CONFERENCE,HELLOFRESH,NL-GE,2026-03-01,2026-03-31,Monthly,,KG,3.178,3.178,3052.48046875,xgboost_feat
PEAR_CONFERENCE,HELLOFRESH,NL-GE,2026-04-01,2026-04-30,Monthly,,KG,3.178,3.178,2978.597900390625,xgboost_feat
PEAR_CONFERENCE,HELLOFRESH,NL-GE,2026-05-01,2026-05-31,Monthly,,KG,3.178,3.178,2724.8037109375,xgboost_feat
PEAR_CONFERENCE,HELLOFRESH,NL-GE,2026-06-01,2026-06-30,Monthly,,KG,3.178,3.178,2672.9208984375,xgboost_feat
PEAR_CONFERENCE,HELLOFRESH,NL-GE,2026-07-01,2026-07-31,Monthly,,KG,3.178,3.178,2672.560302734375,xgboost_feat
PEAR_CONFERENCE,HELLOFRESH,NL-GE,2026-08-01,2026-08-31,Monthly,,KG,3.178,3.178,2655.02587890625,xgboost_feat
PEAR_CONFERENCE,HELLOFRESH,NL-GE,2026-09-01,2026-09-30,Monthly,,KG,3.178,3.178,2655.026611328125,xgboost_feat
PEAR_CONFERENCE,HELLOFRESH,NL-GE,2026-10-01,2026-10-31,Monthly,,KG,3.178,3.178,2868.22900390625,xgboost_feat
PEAR_CONFERENCE,HELLOFRESH,NL-GE,2026-11-01,2026-11-30,Monthly,,KG,3.178,3.178,3047.528564453125,xgboost_feat
PEAR_CONFERENCE,HELLOFRESH,NL-GE,2026-12-01,2026-12-31,Monthly,,KG,3.178,3.178,3040.7568359375,xgboost_feat
PEAR_CONFERENCE,HELLOFRESH,NL-GE,2027-01-01,2027-01-31,Monthly,,KG,3.178,3.178,3045.297119140625,xgboost_feat
PEAR_CONFERENCE,HELLOFRESH,NL-NB,2026-02-01,2026-02-28,Monthly,,KG,3.175,3.175,3072.935546875,xgboost_feat
PEAR_CONFERENCE,HELLOFRESH,NL-NB,2026-03-01,2026-03-31,Monthly,,KG,3.175,3.175,2988.093505859375,xgboost_feat
PEAR_CONFERENCE,HELLOFRESH,NL-NB,2026-04-01,2026-04-30,Monthly,,KG,3.175,3.175,2978.120849609375,xgboost_feat
PEAR_CONFERENCE,HELLOFRESH,NL-NB,2026-05-01,2026-05-31,Monthly,,KG,3.175,3.175,2704.87060546875,xgboost_feat
PEAR_CONFERENCE,HELLOFRESH,NL-NB,2026-06-01,2026-06-30,Monthly,,KG,3.175,3.175,2689.720947265625,xgboost_feat
PEAR_CONFERENCE,HELLOFRESH,NL-NB,2026-07-01,2026-07-31,Monthly,,KG,3.175,3.175,2674.389404296875,xgboost_feat
PEAR_CONFERENCE,HELLOFRESH,NL-NB,2026-08-01,2026-08-31,Monthly,,KG,3.175,3.175,2670.38232421875,xgboost_feat
PEAR_CONFERENCE,HELLOFRESH,NL-NB,2026-09-01,2026-09-30,Monthly,,KG,3.175,3.175,2655.32568359375,xgboost_feat
PEAR_CONFERENCE,HELLOFRESH,NL-NB,2026-10-01,2026-10-31,Monthly,,KG,3.175,3.175,2900.9384765625,xgboost_feat
PEAR_CONFERENCE,HELLOFRESH,NL-NB,2026-11-01,2026-11-30,Monthly,,KG,3.175,3.175,3048.975830078125,xgboost_feat
PEAR_CONFERENCE,HELLOFRESH,NL-NB,2026-12-01,2026-12-31,Monthly,,KG,3.175,3.175,3068.5859375,xgboost_feat
PEAR_CONFERENCE,HELLOFRESH,NL-NB,2027-01-01,2027-01-31,Monthly,,KG,3.175,3.175,3012.968505859375,xgboost_feat
PEAR_CONFERENCE,HELLOFRESH,NL-NH,2026-02-01,2026-02-28,Monthly,,KG,3.348,3.348,3105.52099609375,xgboost_feat
PEAR_CONFERENCE,HELLOFRESH,NL-NH,2026-03-01,2026-03-31,Monthly,,KG,3.348,3.348,3059.0634765625,xgboost_feat
PEAR_CONFERENCE,HELLOFRESH,NL-NH,2026-04-01,2026-04-30,Monthly,,KG,3.348,3.348,2978.597900390625,xgboost_feat
PEAR_CONFERENCE,HELLOFRESH,NL-NH,2026-05-01,2026-05-31,Monthly,,KG,3.348,3.348,2952.318115234375,xgboost_feat
PEAR_CONFERENCE,HELLOFRESH,NL-NH,2026-06-01,2026-06-30,Monthly,,KG,3.348,3.348,2674.252197265625,xgboost_feat
PEAR_CONFERENCE,HELLOFRESH,NL-NH,2026-07-01,2026-07-31,Monthly,,KG,3.348,3.348,2672.5283203125,xgboost_feat
PEAR_CONFERENCE,HELLOFRESH,NL-NH,2026-08-01,2026-08-31,Monthly,,KG,3.348,3.348,2682.517578125,xgboost_feat
PEAR_CONFERENCE,HELLOFRESH,NL-NH,2026-09-01,2026-09-30,Monthly,,KG,3.348,3.348,2655.04296875,xgboost_feat
PEAR_CONFERENCE,HELLOFRESH,NL-NH,2026-10-01,2026-10-31,Monthly,,KG,3.348,3.348,2868.1826171875,xgboost_feat
PEAR_CONFERENCE,HELLOFRESH,NL-NH,2026-11-01,2026-11-30,Monthly,,KG,3.348,3.348,2944.93505859375,xgboost_feat
PEAR_CONFERENCE,HELLOFRESH,NL-NH,2026-12-01,2026-12-31,Monthly,,KG,3.348,3.348,3040.63427734375,xgboost_feat
PEAR_CONFERENCE,HELLOFRESH,NL-NH,2027-01-01,2027-01-31,Monthly,,KG,3.348,3.348,3012.706787109375,xgboost_feat
PEAR_CONFERENCE,HELLOFRESH,NL-ZH,2026-02-01,2026-02-28,Monthly,,KG,3.296,3.296,3072.935546875,xgboost_feat
PEAR_CONFERENCE,HELLOFRESH,NL-ZH,2026-03-01,2026-03-31,Monthly,,KG,3.296,3.296,3052.083984375,xgboost_feat
PEAR_CONFERENCE,HELLOFRESH,NL-ZH,2026-04-01,2026-04-30,Monthly,,KG,3.296,3.296,2978.597900390625,xgboost_feat
PEAR_CONFERENCE,HELLOFRESH,NL-ZH,2026-05-01,2026-05-31,Monthly,,KG,3.296,3.296,2725.472900390625,xgboost_feat
PEAR_CONFERENCE,HELLOFRESH,NL-ZH,2026-06-01,2026-06-30,Monthly,,KG,3.296,3.296,2686.9482421875,xgboost_feat
PEAR_CONFERENCE,HELLOFRESH,NL-ZH,2026-07-01,2026-07-31,Monthly,,KG,3.296,3.296,2672.187255859375,xgboost_feat
PEAR_CONFERENCE,HELLOFRESH,NL-ZH,2026-08-01,2026-08-31,Monthly,,KG,3.296,3.296,2655.695556640625,xgboost_feat
PEAR_CONFERENCE,HELLOFRESH,NL-ZH,2026-09-01,2026-09-30,Monthly,,KG,3.296,3.296,2655.06005859375,xgboost_feat
PEAR_CONFERENCE,HELLOFRESH,NL-ZH,2026-10-01,2026-10-31,Monthly,,KG,3.296,3.296,2868.1826171875,xgboost_feat
PEAR_CONFERENCE,HELLOFRESH,NL-ZH,2026-11-01,2026-11-30,Monthly,,KG,3.296,3.296,2953.596435546875,xgboost_feat
PEAR_CONFERENCE,HELLOFRESH,NL-ZH,2026-12-01,2026-12-31,Monthly,,KG,3.296,3.296,3040.6396484375,xgboost_feat
PEAR_CONFERENCE,HELLOFRESH,NL-ZH,2027-01-01,2027-01-31,Monthly,,KG,3.296,3.296,3012.706787109375,xgboost_feat
PEAR_CONFERENCE,HOLLANDFOODSERVICE,NL-GE,2026-02-01,2026-02-28,Monthly,,KG,3.091,3.091,3105.52099609375,xgboost_feat
PEAR_CONFERENCE,HOLLANDFOODSERVICE,NL-GE,2026-03-01,2026-03-31,Monthly,,KG,3.091,3.091,3052.48046875,xgboost_feat
PEAR_CONFERENCE,HOLLANDFOODSERVICE,NL-GE,2026-04-01,2026-04-30,Monthly,,KG,3.091,3.091,2978.597900390625,xgboost_feat
PEAR_CONFERENCE,HOLLANDFOODSERVICE,NL-GE,2026-05-01,2026-05-31,Monthly,,KG,3.091,3.091,2724.732421875,xgboost_feat
PEAR_CONFERENCE,HOLLANDFOODSERVICE,NL-GE,2026-06-01,2026-06-30,Monthly,,KG,3.091,3.091,2672.9208984375,xgboost_feat
PEAR_CONFERENCE,HOLLANDFOODSERVICE,NL-GE,2026-07-01,2026-07-31,Monthly,,KG,3.091,3.091,2672.5625,xgboost_feat
PEAR_CONFERENCE,HOLLANDFOODSERVICE,NL-GE,2026-08-01,2026-08-31,Monthly,,KG,3.091,3.091,2655.02587890625,xgboost_feat
PEAR_CONFERENCE,HOLLANDFOODSERVICE,NL-GE,2026-09-01,2026-09-30,Monthly,,KG,3.091,3.091,2655.026611328125,xgboost_feat
PEAR_CONFERENCE,HOLLANDFOODSERVICE,NL-GE,2026-10-01,2026-10-31,Monthly,,KG,3.091,3.091,2868.22900390625,xgboost_feat
PEAR_CONFERENCE,HOLLANDFOODSERVICE,NL-GE,2026-11-01,2026-11-30,Monthly,,KG,3.091,3.091,3047.528564453125,xgboost_feat
PEAR_CONFERENCE,HOLLANDFOODSERVICE,NL-GE,2026-12-01,2026-12-31,Monthly,,KG,3.091,3.091,3040.7568359375,xgboost_feat
PEAR_CONFERENCE,HOLLANDFOODSERVICE,NL-GE,2027-01-01,2027-01-31,Monthly,,KG,3.091,3.091,3045.297119140625,xgboost_feat
PEAR_CONFERENCE,HOLLANDFOODSERVICE,NL-NB,2026-02-01,2026-02-28,Monthly,,KG,3.162,3.162,3105.52099609375,xgboost_feat
PEAR_CONFERENCE,HOLLANDFOODSERVICE,NL-NB,2026-03-01,2026-03-31,Monthly,,KG,3.162,3.162,2988.093505859375,xgboost_feat
PEAR_CONFERENCE,HOLLANDFOODSERVICE,NL-NB,2026-04-01,2026-04-30,Monthly,,KG,3.162,3.162,2978.12060546875,xgboost_feat
PEAR_CONFERENCE,HOLLANDFOODSERVICE,NL-NB,2026-05-01,2026-05-31,Monthly,,KG,3.162,3.162,2704.87060546875,xgboost_feat
PEAR_CONFERENCE,HOLLANDFOODSERVICE,NL-NB,2026-06-01,2026-06-30,Monthly,,KG,3.162,3.162,2689.720947265625,xgboost_feat
PEAR_CONFERENCE,HOLLANDFOODSERVICE,NL-NB,2026-07-01,2026-07-31,Monthly,,KG,3.162,3.162,2674.3916015625,xgboost_feat
PEAR_CONFERENCE,HOLLANDFOODSERVICE,NL-NB,2026-08-01,2026-08-31,Monthly,,KG,3.162,3.162,2670.38232421875,xgboost_feat
PEAR_CONFERENCE,HOLLANDFOODSERVICE,NL-NB,2026-09-01,2026-09-30,Monthly,,KG,3.162,3.162,2655.32568359375,xgboost_feat
PEAR_CONFERENCE,HOLLANDFOODSERVICE,NL-NB,2026-10-01,2026-10-31,Monthly,,KG,3.162,3.162,2900.9384765625,xgboost_feat
PEAR_CONFERENCE,HOLLANDFOODSERVICE,NL-NB,2026-11-01,2026-11-30,Monthly,,KG,3.162,3.162,3048.975830078125,xgboost_feat
PEAR_CONFERENCE,HOLLANDFOODSERVICE,NL-NB,2026-12-01,2026-12-31,Monthly,,KG,3.162,3.162,3068.5859375,xgboost_feat
PEAR_CONFERENCE,HOLLANDFOODSERVICE,NL-NB,2027-01-01,2027-01-31,Monthly,,KG,3.162,3.162,3011.420166015625,xgboost_feat
PEAR_CONFERENCE,HOLLANDFOODSERVICE,NL-NH,2026-02-01,2026-02-28,Monthly,,KG,3.291,3.291,3100.8681640625,xgboost_feat
PEAR_CONFERENCE,HOLLANDFOODSERVICE,NL-NH,2026-03-01,2026-03-31,Monthly,,KG,3.291,3.291,3059.0634765625,xgboost_feat
PEAR_CONFERENCE,HOLLANDFOODSERVICE,NL-NH,2026-04-01,2026-04-30,Monthly,,KG,3.291,3.291,2978.597900390625,xgboost_feat
PEAR_CONFERENCE,HOLLANDFOODSERVICE,NL-NH,2026-05-01,2026-05-31,Monthly,,KG,3.291,3.291,2952.318115234375,xgboost_feat
PEAR_CONFERENCE,HOLLANDFOODSERVICE,NL-NH,2026-06-01,2026-06-30,Monthly,,KG,3.291,3.291,2674.252197265625,xgboost_feat
PEAR_CONFERENCE,HOLLANDFOODSERVICE,NL-NH,2026-07-01,2026-07-31,Monthly,,KG,3.291,3.291,2672.5283203125,xgboost_feat
PEAR_CONFERENCE,HOLLANDFOODSERVICE,NL-NH,2026-08-01,2026-08-31,Monthly,,KG,3.291,3.291,2682.517578125,xgboost_feat
PEAR_CONFERENCE,HOLLANDFOODSERVICE,NL-NH,2026-09-01,2026-09-30,Monthly,,KG,3.291,3.291,2655.04296875,xgboost_feat
PEAR_CONFERENCE,HOLLANDFOODSERVICE,NL-NH,2026-10-01,2026-10-31,Monthly,,KG,3.291,3.291,2868.1826171875,xgboost_feat
PEAR_CONFERENCE,HOLLANDFOODSERVICE,NL-NH,2026-11-01,2026-11-30,Monthly,,KG,3.291,3.291,2944.93505859375,xgboost_feat
PEAR_CONFERENCE,HOLLANDFOODSERVICE,NL-NH,2026-12-01,2026-12-31,Monthly,,KG,3.291,3.291,3040.63427734375,xgboost_feat
PEAR_CONFERENCE,HOLLANDFOODSERVICE,NL-NH,2027-01-01,2027-01-31,Monthly,,KG,3.291,3.291,3011.289794921875,xgboost_feat
PEAR_CONFERENCE,HOLLANDFOODSERVICE,NL-ZH,2026-02-01,2026-02-28,Monthly,,KG,3.384,3.384,3100.8681640625,xgboost_feat
PEAR_CONFERENCE,HOLLANDFOODSERVICE,NL-ZH,2026-03-01,2026-03-31,Monthly,,KG,3.384,3.384,3052.083984375,xgboost_feat
PEAR_CONFERENCE,HOLLANDFOODSERVICE,NL-ZH,2026-04-01,2026-04-30,Monthly,,KG,3.384,3.384,2978.597900390625,xgboost_feat
PEAR_CONFERENCE,HOLLANDFOODSERVICE,NL-ZH,2026-05-01,2026-05-31,Monthly,,KG,3.384,3.384,2725.472900390625,xgboost_feat
PEAR_CONFERENCE,HOLLANDFOODSERVICE,NL-ZH,2026-06-01,2026-06-30,Monthly,,KG,3.384,3.384,2686.9482421875,xgboost_feat
PEAR_CONFERENCE,HOLLANDFOODSERVICE,NL-ZH,2026-07-01,2026-07-31,Monthly,,KG,3.384,3.384,2672.189453125,xgboost_feat
PEAR_CONFERENCE,HOLLANDFOODSERVICE,NL-ZH,2026-08-01,2026-08-31,Monthly,,KG,3.384,3.384,2655.695556640625,xgboost_feat
PEAR_CONFERENCE,HOLLANDFOODSERVICE,NL-ZH,2026-09-01,2026-09-30,Monthly,,KG,3.384,3.384,2655.06005859375,xgboost_feat
PEAR_CONFERENCE,HOLLANDFOODSERVICE,NL-ZH,2026-10-01,2026-10-31,Monthly,,KG,3.384,3.384,2868.1826171875,xgboost_feat
PEAR_CONFERENCE,HOLLANDFOODSERVICE,NL-ZH,2026-11-01,2026-11-30,Monthly,,KG,3.384,3.384,2953.596435546875,xgboost_feat
PEAR_CONFERENCE,HOLLANDFOODSERVICE,NL-ZH,2026-12-01,2026-12-31,Monthly,,KG,3.384,3.384,3040.6396484375,xgboost_feat
PEAR_CONFERENCE,HOLLANDFOODSERVICE,NL-ZH,2027-01-01,2027-01-31,Monthly,,KG,3.384,3.384,3012.706787109375,xgboost_feat
PEAR_CONFERENCE,JUMBO,NL-GE,2026-02-01,2026-02-28,Monthly,,KG,2.984,2.984,3111.71142578125,xgboost_feat
PEAR_CONFERENCE,JUMBO,NL-GE,2026-03-01,2026-03-31,Monthly,,KG,2.984,2.984,3043.106689453125,xgboost_feat
PEAR_CONFERENCE,JUMBO,NL-GE,2026-04-01,2026-04-30,Monthly,,KG,2.984,2.984,2978.5634765625,xgboost_feat
PEAR_CONFERENCE,JUMBO,NL-GE,2026-05-01,2026-05-31,Monthly,,KG,2.984,2.984,2723.875244140625,xgboost_feat
PEAR_CONFERENCE,JUMBO,NL-GE,2026-06-01,2026-06-30,Monthly,,KG,2.984,2.984,2672.063720703125,xgboost_feat
PEAR_CONFERENCE,JUMBO,NL-GE,2026-07-01,2026-07-31,Monthly,,KG,2.984,2.984,2672.25244140625,xgboost_feat
PEAR_CONFERENCE,JUMBO,NL-GE,2026-08-01,2026-08-31,Monthly,,KG,2.984,2.984,2691.994384765625,xgboost_feat
PEAR_CONFERENCE,JUMBO,NL-GE,2026-09-01,2026-09-30,Monthly,,KG,2.984,2.984,2712.4912109375,xgboost_feat
PEAR_CONFERENCE,JUMBO,NL-GE,2026-10-01,2026-10-31,Monthly,,KG,2.984,2.984,2870.977783203125,xgboost_feat
PEAR_CONFERENCE,JUMBO,NL-GE,2026-11-01,2026-11-30,Monthly,,KG,2.984,2.984,3063.32666015625,xgboost_feat
PEAR_CONFERENCE,JUMBO,NL-GE,2026-12-01,2026-12-31,Monthly,,KG,2.984,2.984,3041.80419921875,xgboost_feat
PEAR_CONFERENCE,JUMBO,NL-GE,2027-01-01,2027-01-31,Monthly,,KG,2.984,2.984,3046.553955078125,xgboost_feat
PEAR_CONFERENCE,JUMBO,NL-NB,2026-02-01,2026-02-28,Monthly,,KG,3.072,3.072,3104.6796875,xgboost_feat
PEAR_CONFERENCE,JUMBO,NL-NB,2026-03-01,2026-03-31,Monthly,,KG,3.072,3.072,2995.86376953125,xgboost_feat
PEAR_CONFERENCE,JUMBO,NL-NB,2026-04-01,2026-04-30,Monthly,,KG,3.072,3.072,2975.2412109375,xgboost_feat
PEAR_CONFERENCE,JUMBO,NL-NB,2026-05-01,2026-05-31,Monthly,,KG,3.072,3.072,2700.27880859375,xgboost_feat
PEAR_CONFERENCE,JUMBO,NL-NB,2026-06-01,2026-06-30,Monthly,,KG,3.072,3.072,2689.373291015625,xgboost_feat
PEAR_CONFERENCE,JUMBO,NL-NB,2026-07-01,2026-07-31,Monthly,,KG,3.072,3.072,2674.23974609375,xgboost_feat
PEAR_CONFERENCE,JUMBO,NL-NB,2026-08-01,2026-08-31,Monthly,,KG,3.072,3.072,2690.80078125,xgboost_feat
PEAR_CONFERENCE,JUMBO,NL-NB,2026-09-01,2026-09-30,Monthly,,KG,3.072,3.072,2713.4091796875,xgboost_feat
PEAR_CONFERENCE,JUMBO,NL-NB,2026-10-01,2026-10-31,Monthly,,KG,3.072,3.072,2947.099365234375,xgboost_feat
PEAR_CONFERENCE,JUMBO,NL-NB,2026-11-01,2026-11-30,Monthly,,KG,3.072,3.072,3140.285400390625,xgboost_feat
PEAR_CONFERENCE,JUMBO,NL-NB,2026-12-01,2026-12-31,Monthly,,KG,3.072,3.072,3084.826416015625,xgboost_feat
PEAR_CONFERENCE,JUMBO,NL-NB,2027-01-01,2027-01-31,Monthly,,KG,3.072,3.072,3046.54443359375,xgboost_feat
PEAR_CONFERENCE,JUMBO,NL-NH,2026-02-01,2026-02-28,Monthly,,KG,3.297,3.297,3087.02685546875,xgboost_feat
PEAR_CONFERENCE,JUMBO,NL-NH,2026-03-01,2026-03-31,Monthly,,KG,3.297,3.297,3104.754150390625,xgboost_feat
PEAR_CONFERENCE,JUMBO,NL-NH,2026-04-01,2026-04-30,Monthly,,KG,3.297,3.297,2982.39404296875,xgboost_feat
PEAR_CONFERENCE,JUMBO,NL-NH,2026-05-01,2026-05-31,Monthly,,KG,3.297,3.297,2955.622314453125,xgboost_feat
PEAR_CONFERENCE,JUMBO,NL-NH,2026-06-01,2026-06-30,Monthly,,KG,3.297,3.297,2673.4345703125,xgboost_feat
PEAR_CONFERENCE,JUMBO,NL-NH,2026-07-01,2026-07-31,Monthly,,KG,3.297,3.297,2671.04541015625,xgboost_feat
PEAR_CONFERENCE,JUMBO,NL-NH,2026-08-01,2026-08-31,Monthly,,KG,3.297,3.297,2754.2509765625,xgboost_feat
PEAR_CONFERENCE,JUMBO,NL-NH,2026-09-01,2026-09-30,Monthly,,KG,3.297,3.297,2675.724853515625,xgboost_feat
PEAR_CONFERENCE,JUMBO,NL-NH,2026-10-01,2026-10-31,Monthly,,KG,3.297,3.297,2879.494384765625,xgboost_feat
PEAR_CONFERENCE,JUMBO,NL-NH,2026-11-01,2026-11-30,Monthly,,KG,3.297,3.297,3001.916015625,xgboost_feat
PEAR_CONFERENCE,JUMBO,NL-NH,2026-12-01,2026-12-31,Monthly,,KG,3.297,3.297,3060.72216796875,xgboost_feat
PEAR_CONFERENCE,JUMBO,NL-NH,2027-01-01,2027-01-31,Monthly,,KG,3.297,3.297,3013.818115234375,xgboost_feat
PEAR_CONFERENCE,JUMBO,NL-ZH,2026-02-01,2026-02-28,Monthly,,KG,3.355,3.355,3105.803466796875,xgboost_feat
PEAR_CONFERENCE,JUMBO,NL-ZH,2026-03-01,2026-03-31,Monthly,,KG,3.355,3.355,3070.531005859375,xgboost_feat
PEAR_CONFERENCE,JUMBO,NL-ZH,2026-04-01,2026-04-30,Monthly,,KG,3.355,3.355,2984.70263671875,xgboost_feat
PEAR_CONFERENCE,JUMBO,NL-ZH,2026-05-01,2026-05-31,Monthly,,KG,3.355,3.355,2720.632080078125,xgboost_feat
PEAR_CONFERENCE,JUMBO,NL-ZH,2026-06-01,2026-06-30,Monthly,,KG,3.355,3.355,2678.301513671875,xgboost_feat
PEAR_CONFERENCE,JUMBO,NL-ZH,2026-07-01,2026-07-31,Monthly,,KG,3.355,3.355,2674.559814453125,xgboost_feat
PEAR_CONFERENCE,JUMBO,NL-ZH,2026-08-01,2026-08-31,Monthly,,KG,3.355,3.355,2743.80712890625,xgboost_feat
PEAR_CONFERENCE,JUMBO,NL-ZH,2026-09-01,2026-09-30,Monthly,,KG,3.355,3.355,2711.51171875,xgboost_feat
PEAR_CONFERENCE,JUMBO,NL-ZH,2026-10-01,2026-10-31,Monthly,,KG,3.355,3.355,2912.76025390625,xgboost_feat
PEAR_CONFERENCE,JUMBO,NL-ZH,2026-11-01,2026-11-30,Monthly,,KG,3.355,3.355,3010.617431640625,xgboost_feat
PEAR_CONFERENCE,JUMBO,NL-ZH,2026-12-01,2026-12-31,Monthly,,KG,3.355,3.355,3137.417724609375,xgboost_feat
PEAR_CONFERENCE,JUMBO,NL-ZH,2027-01-01,2027-01-31,Monthly,,KG,3.355,3.355,3046.7099609375,xgboost_feat
PEAR_CONFERENCE,MELEDI,NL-GE,2026-02-01,2026-02-28,Monthly,,KG,3.04,3.04,3100.8681640625,xgboost_feat
PEAR_CONFERENCE,MELEDI,NL-GE,2026-03-01,2026-03-31,Monthly,,KG,3.04,3.04,3052.48046875,xgboost_feat
PEAR_CONFERENCE,MELEDI,NL-GE,2026-04-01,2026-04-30,Monthly,,KG,3.04,3.04,2978.597900390625,xgboost_feat
PEAR_CONFERENCE,MELEDI,NL-GE,2026-05-01,2026-05-31,Monthly,,KG,3.04,3.04,2724.8037109375,xgboost_feat
PEAR_CONFERENCE,MELEDI,NL-GE,2026-06-01,2026-06-30,Monthly,,KG,3.04,3.04,2672.9208984375,xgboost_feat
PEAR_CONFERENCE,MELEDI,NL-GE,2026-07-01,2026-07-31,Monthly,,KG,3.04,3.04,2672.5625,xgboost_feat
PEAR_CONFERENCE,MELEDI,NL-GE,2026-08-01,2026-08-31,Monthly,,KG,3.04,3.04,2655.02587890625,xgboost_feat
PEAR_CONFERENCE,MELEDI,NL-GE,2026-09-01,2026-09-30,Monthly,,KG,3.04,3.04,2655.026611328125,xgboost_feat
PEAR_CONFERENCE,MELEDI,NL-GE,2026-10-01,2026-10-31,Monthly,,KG,3.04,3.04,2868.22900390625,xgboost_feat
PEAR_CONFERENCE,MELEDI,NL-GE,2026-11-01,2026-11-30,Monthly,,KG,3.04,3.04,3047.528564453125,xgboost_feat
PEAR_CONFERENCE,MELEDI,NL-GE,2026-12-01,2026-12-31,Monthly,,KG,3.04,3.04,3040.7568359375,xgboost_feat
PEAR_CONFERENCE,MELEDI,NL-GE,2027-01-01,2027-01-31,Monthly,,KG,3.04,3.04,3045.297119140625,xgboost_feat
PEAR_CONFERENCE,MELEDI,NL-NB,2026-02-01,2026-02-28,Monthly,,KG,3.138,3.138,3105.52099609375,xgboost_feat
PEAR_CONFERENCE,MELEDI,NL-NB,2026-03-01,2026-03-31,Monthly,,KG,3.138,3.138,2988.093505859375,xgboost_feat
PEAR_CONFERENCE,MELEDI,NL-NB,2026-04-01,2026-04-30,Monthly,,KG,3.138,3.138,2978.12060546875,xgboost_feat
PEAR_CONFERENCE,MELEDI,NL-NB,2026-05-01,2026-05-31,Monthly,,KG,3.138,3.138,2704.87060546875,xgboost_feat
PEAR_CONFERENCE,MELEDI,NL-NB,2026-06-01,2026-06-30,Monthly,,KG,3.138,3.138,2689.720947265625,xgboost_feat
PEAR_CONFERENCE,MELEDI,NL-NB,2026-07-01,2026-07-31,Monthly,,KG,3.138,3.138,2674.3916015625,xgboost_feat
PEAR_CONFERENCE,MELEDI,NL-NB,2026-08-01,2026-08-31,Monthly,,KG,3.138,3.138,2670.38232421875,xgboost_feat
PEAR_CONFERENCE,MELEDI,NL-NB,2026-09-01,2026-09-30,Monthly,,KG,3.138,3.138,2655.32568359375,xgboost_feat
PEAR_CONFERENCE,MELEDI,NL-NB,2026-10-01,2026-10-31,Monthly,,KG,3.138,3.138,2900.9384765625,xgboost_feat
PEAR_CONFERENCE,MELEDI,NL-NB,2026-11-01,2026-11-30,Monthly,,KG,3.138,3.138,3048.975830078125,xgboost_feat
PEAR_CONFERENCE,MELEDI,NL-NB,2026-12-01,2026-12-31,Monthly,,KG,3.138,3.138,3068.5859375,xgboost_feat
PEAR_CONFERENCE,MELEDI,NL-NB,2027-01-01,2027-01-31,Monthly,,KG,3.138,3.138,3012.968505859375,xgboost_feat
PEAR_CONFERENCE,MELEDI,NL-NH,2026-02-01,2026-02-28,Monthly,,KG,3.28,3.28,3105.52099609375,xgboost_feat
PEAR_CONFERENCE,MELEDI,NL-NH,2026-03-01,2026-03-31,Monthly,,KG,3.28,3.28,3059.0634765625,xgboost_feat
PEAR_CONFERENCE,MELEDI,NL-NH,2026-04-01,2026-04-30,Monthly,,KG,3.28,3.28,2978.597900390625,xgboost_feat
PEAR_CONFERENCE,MELEDI,NL-NH,2026-05-01,2026-05-31,Monthly,,KG,3.28,3.28,2952.318115234375,xgboost_feat
PEAR_CONFERENCE,MELEDI,NL-NH,2026-06-01,2026-06-30,Monthly,,KG,3.28,3.28,2674.252197265625,xgboost_feat
PEAR_CONFERENCE,MELEDI,NL-NH,2026-07-01,2026-07-31,Monthly,,KG,3.28,3.28,2672.5283203125,xgboost_feat
PEAR_CONFERENCE,MELEDI,NL-NH,2026-08-01,2026-08-31,Monthly,,KG,3.28,3.28,2682.517578125,xgboost_feat
PEAR_CONFERENCE,MELEDI,NL-NH,2026-09-01,2026-09-30,Monthly,,KG,3.28,3.28,2655.04296875,xgboost_feat
PEAR_CONFERENCE,MELEDI,NL-NH,2026-10-01,2026-10-31,Monthly,,KG,3.28,3.28,2868.1826171875,xgboost_feat
PEAR_CONFERENCE,MELEDI,NL-NH,2026-11-01,2026-11-30,Monthly,,KG,3.28,3.28,2944.93505859375,xgboost_feat
PEAR_CONFERENCE,MELEDI,NL-NH,2026-12-01,2026-12-31,Monthly,,KG,3.28,3.28,3040.63427734375,xgboost_feat
PEAR_CONFERENCE,MELEDI,NL-NH,2027-01-01,2027-01-31,Monthly,,KG,3.28,3.28,3011.289794921875,xgboost_feat
PEAR_CONFERENCE,MELEDI,NL-ZH,2026-02-01,2026-02-28,Monthly,,KG,3.345,3.345,3100.54150390625,xgboost_feat
PEAR_CONFERENCE,MELEDI,NL-ZH,2026-03-01,2026-03-31,Monthly,,KG,3.345,3.345,3052.083984375,xgboost_feat
PEAR_CONFERENCE,MELEDI,NL-ZH,2026-04-01,2026-04-30,Monthly,,KG,3.345,3.345,2978.597900390625,xgboost_feat
PEAR_CONFERENCE,MELEDI,NL-ZH,2026-05-01,2026-05-31,Monthly,,KG,3.345,3.345,2725.472900390625,xgboost_feat
PEAR_CONFERENCE,MELEDI,NL-ZH,2026-06-01,2026-06-30,Monthly,,KG,3.345,3.345,2686.9482421875,xgboost_feat
PEAR_CONFERENCE,MELEDI,NL-ZH,2026-07-01,2026-07-31,Monthly,,KG,3.345,3.345,2672.189453125,xgboost_feat
PEAR_CONFERENCE,MELEDI,NL-ZH,2026-08-01,2026-08-31,Monthly,,KG,3.345,3.345,2655.695556640625,xgboost_feat
PEAR_CONFERENCE,MELEDI,NL-ZH,2026-09-01,2026-09-30,Monthly,,KG,3.345,3.345,2655.06005859375,xgboost_feat
PEAR_CONFERENCE,MELEDI,NL-ZH,2026-10-01,2026-10-31,Monthly,,KG,3.345,3.345,2868.1826171875,xgboost_feat
PEAR_CONFERENCE,MELEDI,NL-ZH,2026-11-01,2026-11-30,Monthly,,KG,3.345,3.345,2953.596435546875,xgboost_feat
PEAR_CONFERENCE,MELEDI,NL-ZH,2026-12-01,2026-12-31,Monthly,,KG,3.345,3.345,3040.6396484375,xgboost_feat
PEAR_CONFERENCE,MELEDI,NL-ZH,2027-01-01,2027-01-31,Monthly,,KG,3.345,3.345,3012.706787109375,xgboost_feat
PEAR_CONFERENCE,PICNIC,NL-GE,2026-02-01,2026-02-28,Monthly,,KG,3.02,3.02,3100.54150390625,xgboost_feat
PEAR_CONFERENCE,PICNIC,NL-GE,2026-03-01,2026-03-31,Monthly,,KG,3.02,3.02,3052.48046875,xgboost_feat
PEAR_CONFERENCE,PICNIC,NL-GE,2026-04-01,2026-04-30,Monthly,,KG,3.02,3.02,2978.597900390625,xgboost_feat
PEAR_CONFERENCE,PICNIC,NL-GE,2026-05-01,2026-05-31,Monthly,,KG,3.02,3.02,2724.8037109375,xgboost_feat
PEAR_CONFERENCE,PICNIC,NL-GE,2026-06-01,2026-06-30,Monthly,,KG,3.02,3.02,2672.9208984375,xgboost_feat
PEAR_CONFERENCE,PICNIC,NL-GE,2026-07-01,2026-07-31,Monthly,,KG,3.02,3.02,2672.560302734375,xgboost_feat
PEAR_CONFERENCE,PICNIC,NL-GE,2026-08-01,2026-08-31,Monthly,,KG,3.02,3.02,2655.02587890625,xgboost_feat
PEAR_CONFERENCE,PICNIC,NL-GE,2026-09-01,2026-09-30,Monthly,,KG,3.02,3.02,2655.026611328125,xgboost_feat
PEAR_CONFERENCE,PICNIC,NL-GE,2026-10-01,2026-10-31,Monthly,,KG,3.02,3.02,2868.22900390625,xgboost_feat
PEAR_CONFERENCE,PICNIC,NL-GE,2026-11-01,2026-11-30,Monthly,,KG,3.02,3.02,3047.528564453125,xgboost_feat
PEAR_CONFERENCE,PICNIC,NL-GE,2026-12-01,2026-12-31,Monthly,,KG,3.02,3.02,3040.7568359375,xgboost_feat
PEAR_CONFERENCE,PICNIC,NL-GE,2027-01-01,2027-01-31,Monthly,,KG,3.02,3.02,3045.297119140625,xgboost_feat
PEAR_CONFERENCE,PICNIC,NL-NB,2026-02-01,2026-02-28,Monthly,,KG,3.179,3.179,3072.935546875,xgboost_feat
PEAR_CONFERENCE,PICNIC,NL-NB,2026-03-01,2026-03-31,Monthly,,KG,3.179,3.179,2988.093505859375,xgboost_feat
PEAR_CONFERENCE,PICNIC,NL-NB,2026-04-01,2026-04-30,Monthly,,KG,3.179,3.179,2978.120849609375,xgboost_feat
PEAR_CONFERENCE,PICNIC,NL-NB,2026-05-01,2026-05-31,Monthly,,KG,3.179,3.179,2704.87060546875,xgboost_feat
PEAR_CONFERENCE,PICNIC,NL-NB,2026-06-01,2026-06-30,Monthly,,KG,3.179,3.179,2689.720947265625,xgboost_feat
PEAR_CONFERENCE,PICNIC,NL-NB,2026-07-01,2026-07-31,Monthly,,KG,3.179,3.179,2674.389404296875,xgboost_feat
PEAR_CONFERENCE,PICNIC,NL-NB,2026-08-01,2026-08-31,Monthly,,KG,3.179,3.179,2670.38232421875,xgboost_feat
PEAR_CONFERENCE,PICNIC,NL-NB,2026-09-01,2026-09-30,Monthly,,KG,3.179,3.179,2655.32568359375,xgboost_feat
PEAR_CONFERENCE,PICNIC,NL-NB,2026-10-01,2026-10-31,Monthly,,KG,3.179,3.179,2900.9384765625,xgboost_feat
PEAR_CONFERENCE,PICNIC,NL-NB,2026-11-01,2026-11-30,Monthly,,KG,3.179,3.179,3048.975830078125,xgboost_feat
PEAR_CONFERENCE,PICNIC,NL-NB,2026-12-01,2026-12-31,Monthly,,KG,3.179,3.179,3068.5859375,xgboost_feat
PEAR_CONFERENCE,PICNIC,NL-NB,2027-01-01,2027-01-31,Monthly,,KG,3.179,3.179,3012.968505859375,xgboost_feat
PEAR_CONFERENCE,PICNIC,NL-NH,2026-02-01,2026-02-28,Monthly,,KG,3.243,3.243,3100.8681640625,xgboost_feat
PEAR_CONFERENCE,PICNIC,NL-NH,2026-03-01,2026-03-31,Monthly,,KG,3.243,3.243,3059.0634765625,xgboost_feat
PEAR_CONFERENCE,PICNIC,NL-NH,2026-04-01,2026-04-30,Monthly,,KG,3.243,3.243,2978.597900390625,xgboost_feat
PEAR_CONFERENCE,PICNIC,NL-NH,2026-05-01,2026-05-31,Monthly,,KG,3.243,3.243,2952.318115234375,xgboost_feat
PEAR_CONFERENCE,PICNIC,NL-NH,2026-06-01,2026-06-30,Monthly,,KG,3.243,3.243,2674.252197265625,xgboost_feat
PEAR_CONFERENCE,PICNIC,NL-NH,2026-07-01,2026-07-31,Monthly,,KG,3.243,3.243,2672.526123046875,xgboost_feat
PEAR_CONFERENCE,PICNIC,NL-NH,2026-08-01,2026-08-31,Monthly,,KG,3.243,3.243,2682.517578125,xgboost_feat
PEAR_CONFERENCE,PICNIC,NL-NH,2026-09-01,2026-09-30,Monthly,,KG,3.243,3.243,2655.04296875,xgboost_feat
PEAR_CONFERENCE,PICNIC,NL-NH,2026-10-01,2026-10-31,Monthly,,KG,3.243,3.243,2868.1826171875,xgboost_feat
PEAR_CONFERENCE,PICNIC,NL-NH,2026-11-01,2026-11-30,Monthly,,KG,3.243,3.243,2944.93505859375,xgboost_feat
PEAR_CONFERENCE,PICNIC,NL-NH,2026-12-01,2026-12-31,Monthly,,KG,3.243,3.243,3040.63427734375,xgboost_feat
PEAR_CONFERENCE,PICNIC,NL-NH,2027-01-01,2027-01-31,Monthly,,KG,3.243,3.243,3012.706787109375,xgboost_feat
PEAR_CONFERENCE,PICNIC,NL-ZH,2026-02-01,2026-02-28,Monthly,,KG,3.273,3.273,3100.8681640625,xgboost_feat
PEAR_CONFERENCE,PICNIC,NL-ZH,2026-03-01,2026-03-31,Monthly,,KG,3.273,3.273,3052.083984375,xgboost_feat
PEAR_CONFERENCE,PICNIC,NL-ZH,2026-04-01,2026-04-30,Monthly,,KG,3.273,3.273,2978.597900390625,xgboost_feat
PEAR_CONFERENCE,PICNIC,NL-ZH,2026-05-01,2026-05-31,Monthly,,KG,3.273,3.273,2725.472900390625,xgboost_feat
PEAR_CONFERENCE,PICNIC,NL-ZH,2026-06-01,2026-06-30,Monthly,,KG,3.273,3.273,2686.9482421875,xgboost_feat
PEAR_CONFERENCE,PICNIC,NL-ZH,2026-07-01,2026-07-31,Monthly,,KG,3.273,3.273,2672.187255859375,xgboost_feat
PEAR_CONFERENCE,PICNIC,NL-ZH,2026-08-01,2026-08-31,Monthly,,KG,3.273,3.273,2655.695556640625,xgboost_feat
PEAR_CONFERENCE,PICNIC,NL-ZH,2026-09-01,2026-09-30,Monthly,,KG,3.273,3.273,2655.06005859375,xgboost_feat
PEAR_CONFERENCE,PICNIC,NL-ZH,2026-10-01,2026-10-31,Monthly,,KG,3.273,3.273,2868.1826171875,xgboost_feat
PEAR_CONFERENCE,PICNIC,NL-ZH,2026-11-01,2026-11-30,Monthly,,KG,3.273,3.273,2953.596435546875,xgboost_feat
PEAR_CONFERENCE,PICNIC,NL-ZH,2026-12-01,2026-12-31,Monthly,,KG,3.273,3.273,3040.6396484375,xgboost_feat
PEAR_CONFERENCE,PICNIC,NL-ZH,2027-01-01,2027-01-31,Monthly,,KG,3.273,3.273,3012.706787109375,xgboost_feat
PEAR_CONFERENCE,PLUS,NL-GE,2026-02-01,2026-02-28,Monthly,,KG,2.992,2.992,3093.890625,xgboost_feat
PEAR_CONFERENCE,PLUS,NL-GE,2026-03-01,2026-03-31,Monthly,,KG,2.992,2.992,3067.6826171875,xgboost_feat
PEAR_CONFERENCE,PLUS,NL-GE,2026-04-01,2026-04-30,Monthly,,KG,2.992,2.992,2982.39404296875,xgboost_feat
PEAR_CONFERENCE,PLUS,NL-GE,2026-05-01,2026-05-31,Monthly,,KG,2.992,2.992,2723.875732421875,xgboost_feat
PEAR_CONFERENCE,PLUS,NL-GE,2026-06-01,2026-06-30,Monthly,,KG,2.992,2.992,2672.064208984375,xgboost_feat
PEAR_CONFERENCE,PLUS,NL-GE,2026-07-01,2026-07-31,Monthly,,KG,2.992,2.992,2672.12890625,xgboost_feat
PEAR_CONFERENCE,PLUS,NL-GE,2026-08-01,2026-08-31,Monthly,,KG,2.992,2.992,2712.326171875,xgboost_feat
PEAR_CONFERENCE,PLUS,NL-GE,2026-09-01,2026-09-30,Monthly,,KG,2.992,2.992,2676.3056640625,xgboost_feat
PEAR_CONFERENCE,PLUS,NL-GE,2026-10-01,2026-10-31,Monthly,,KG,2.992,2.992,2881.079345703125,xgboost_feat
PEAR_CONFERENCE,PLUS,NL-GE,2026-11-01,2026-11-30,Monthly,,KG,2.992,2.992,3062.4140625,xgboost_feat
PEAR_CONFERENCE,PLUS,NL-GE,2026-12-01,2026-12-31,Monthly,,KG,2.992,2.992,3049.16943359375,xgboost_feat
PEAR_CONFERENCE,PLUS,NL-GE,2027-01-01,2027-01-31,Monthly,,KG,2.992,2.992,3046.433837890625,xgboost_feat
PEAR_CONFERENCE,PLUS,NL-NB,2026-02-01,2026-02-28,Monthly,,KG,3.186,3.186,3133.029296875,xgboost_feat
PEAR_CONFERENCE,PLUS,NL-NB,2026-03-01,2026-03-31,Monthly,,KG,3.186,3.186,3022.215087890625,xgboost_feat
PEAR_CONFERENCE,PLUS,NL-NB,2026-04-01,2026-04-30,Monthly,,KG,3.186,3.186,2982.3818359375,xgboost_feat
PEAR_CONFERENCE,PLUS,NL-NB,2026-05-01,2026-05-31,Monthly,,KG,3.186,3.186,2703.942138671875,xgboost_feat
PEAR_CONFERENCE,PLUS,NL-NB,2026-06-01,2026-06-30,Monthly,,KG,3.186,3.186,2687.676513671875,xgboost_feat
PEAR_CONFERENCE,PLUS,NL-NB,2026-07-01,2026-07-31,Monthly,,KG,3.186,3.186,2673.92529296875,xgboost_feat
PEAR_CONFERENCE,PLUS,NL-NB,2026-08-01,2026-08-31,Monthly,,KG,3.186,3.186,2693.66162109375,xgboost_feat
PEAR_CONFERENCE,PLUS,NL-NB,2026-09-01,2026-09-30,Monthly,,KG,3.186,3.186,2713.147216796875,xgboost_feat
PEAR_CONFERENCE,PLUS,NL-NB,2026-10-01,2026-10-31,Monthly,,KG,3.186,3.186,2946.342529296875,xgboost_feat
PEAR_CONFERENCE,PLUS,NL-NB,2026-11-01,2026-11-30,Monthly,,KG,3.186,3.186,3120.41357421875,xgboost_feat
PEAR_CONFERENCE,PLUS,NL-NB,2026-12-01,2026-12-31,Monthly,,KG,3.186,3.186,3086.201904296875,xgboost_feat
PEAR_CONFERENCE,PLUS,NL-NB,2027-01-01,2027-01-31,Monthly,,KG,3.186,3.186,3013.9287109375,xgboost_feat
PEAR_CONFERENCE,PLUS,NL-NH,2026-02-01,2026-02-28,Monthly,,KG,3.211,3.211,3048.0556640625,xgboost_feat
PEAR_CONFERENCE,PLUS,NL-NH,2026-03-01,2026-03-31,Monthly,,KG,3.211,3.211,3104.5849609375,xgboost_feat
PEAR_CONFERENCE,PLUS,NL-NH,2026-04-01,2026-04-30,Monthly,,KG,3.211,3.211,2993.76513671875,xgboost_feat
PEAR_CONFERENCE,PLUS,NL-NH,2026-05-01,2026-05-31,Monthly,,KG,3.211,3.211,2947.866943359375,xgboost_feat
PEAR_CONFERENCE,PLUS,NL-NH,2026-06-01,2026-06-30,Monthly,,KG,3.211,3.211,2671.961669921875,xgboost_feat
PEAR_CONFERENCE,PLUS,NL-NH,2026-07-01,2026-07-31,Monthly,,KG,3.211,3.211,2674.573486328125,xgboost_feat
PEAR_CONFERENCE,PLUS,NL-NH,2026-08-01,2026-08-31,Monthly,,KG,3.211,3.211,2755.32080078125,xgboost_feat
PEAR_CONFERENCE,PLUS,NL-NH,2026-09-01,2026-09-30,Monthly,,KG,3.211,3.211,2711.0068359375,xgboost_feat
PEAR_CONFERENCE,PLUS,NL-NH,2026-10-01,2026-10-31,Monthly,,KG,3.211,3.211,2880.271728515625,xgboost_feat
PEAR_CONFERENCE,PLUS,NL-NH,2026-11-01,2026-11-30,Monthly,,KG,3.211,3.211,2956.30224609375,xgboost_feat
PEAR_CONFERENCE,PLUS,NL-NH,2026-12-01,2026-12-31,Monthly,,KG,2.8899,3.211,3113.21826171875,xgboost_feat
PEAR_CONFERENCE,PLUS,NL-NH,2027-01-01,2027-01-31,Monthly,,KG,3.211,3.211,3046.610107421875,xgboost_feat
PEAR_CONFERENCE,PLUS,NL-ZH,2026-02-01,2026-02-28,Monthly,,KG,3.356,3.356,3085.857177734375,xgboost_feat
PEAR_CONFERENCE,PLUS,NL-ZH,2026-03-01,2026-03-31,Monthly,,KG,3.356,3.356,3033.49658203125,xgboost_feat
PEAR_CONFERENCE,PLUS,NL-ZH,2026-04-01,2026-04-30,Monthly,,KG,3.356,3.356,2984.70263671875,xgboost_feat
PEAR_CONFERENCE,PLUS,NL-ZH,2026-05-01,2026-05-31,Monthly,,KG,3.356,3.356,2728.160888671875,xgboost_feat
PEAR_CONFERENCE,PLUS,NL-ZH,2026-06-01,2026-06-30,Monthly,,KG,3.356,3.356,2676.69921875,xgboost_feat
PEAR_CONFERENCE,PLUS,NL-ZH,2026-07-01,2026-07-31,Monthly,,KG,3.356,3.356,2692.4951171875,xgboost_feat
PEAR_CONFERENCE,PLUS,NL-ZH,2026-08-01,2026-08-31,Monthly,,KG,3.356,3.356,2743.85205078125,xgboost_feat
PEAR_CONFERENCE,PLUS,NL-ZH,2026-09-01,2026-09-30,Monthly,,KG,3.356,3.356,2741.85205078125,xgboost_feat
PEAR_CONFERENCE,PLUS,NL-ZH,2026-10-01,2026-10-31,Monthly,,KG,3.356,3.356,2912.803466796875,xgboost_feat
PEAR_CONFERENCE,PLUS,NL-ZH,2026-11-01,2026-11-30,Monthly,,KG,3.356,3.356,3010.66357421875,xgboost_feat
PEAR_CONFERENCE,PLUS,NL-ZH,2026-12-01,2026-12-31,Monthly,,KG,3.356,3.356,3137.428955078125,xgboost_feat
PEAR_CONFERENCE,PLUS,NL-ZH,2027-01-01,2027-01-31,Monthly,,KG,3.356,3.356,3046.707763671875,xgboost_feat
PEAR_CONFERENCE,SLIGRO,NL-GE,2026-02-01,2026-02-28,Monthly,,KG,3.074,3.074,3105.67138671875,xgboost_feat
PEAR_CONFERENCE,SLIGRO,NL-GE,2026-03-01,2026-03-31,Monthly,,KG,3.074,3.074,3052.48046875,xgboost_feat
PEAR_CONFERENCE,SLIGRO,NL-GE,2026-04-01,2026-04-30,Monthly,,KG,3.074,3.074,2978.597900390625,xgboost_feat
PEAR_CONFERENCE,SLIGRO,NL-GE,2026-05-01,2026-05-31,Monthly,,KG,3.074,3.074,2724.732421875,xgboost_feat
PEAR_CONFERENCE,SLIGRO,NL-GE,2026-06-01,2026-06-30,Monthly,,KG,3.074,3.074,2672.9208984375,xgboost_feat
PEAR_CONFERENCE,SLIGRO,NL-GE,2026-07-01,2026-07-31,Monthly,,KG,3.074,3.074,2672.5625,xgboost_feat
PEAR_CONFERENCE,SLIGRO,NL-GE,2026-08-01,2026-08-31,Monthly,,KG,3.074,3.074,2655.02587890625,xgboost_feat
PEAR_CONFERENCE,SLIGRO,NL-GE,2026-09-01,2026-09-30,Monthly,,KG,3.074,3.074,2655.026611328125,xgboost_feat
PEAR_CONFERENCE,SLIGRO,NL-GE,2026-10-01,2026-10-31,Monthly,,KG,3.074,3.074,2868.22900390625,xgboost_feat
PEAR_CONFERENCE,SLIGRO,NL-GE,2026-11-01,2026-11-30,Monthly,,KG,3.074,3.074,3047.528564453125,xgboost_feat
PEAR_CONFERENCE,SLIGRO,NL-GE,2026-12-01,2026-12-31,Monthly,,KG,3.074,3.074,3040.7568359375,xgboost_feat
PEAR_CONFERENCE,SLIGRO,NL-GE,2027-01-01,2027-01-31,Monthly,,KG,3.074,3.074,3045.297119140625,xgboost_feat
PEAR_CONFERENCE,SLIGRO,NL-NB,2026-02-01,2026-02-28,Monthly,,KG,3.127,3.127,3105.52099609375,xgboost_feat
PEAR_CONFERENCE,SLIGRO,NL-NB,2026-03-01,2026-03-31,Monthly,,KG,3.127,3.127,2988.093505859375,xgboost_feat
PEAR_CONFERENCE,SLIGRO,NL-NB,2026-04-01,2026-04-30,Monthly,,KG,3.127,3.127,2978.12060546875,xgboost_feat
PEAR_CONFERENCE,SLIGRO,NL-NB,2026-05-01,2026-05-31,Monthly,,KG,3.127,3.127,2704.87060546875,xgboost_feat
PEAR_CONFERENCE,SLIGRO,NL-NB,2026-06-01,2026-06-30,Monthly,,KG,3.127,3.127,2689.720947265625,xgboost_feat
PEAR_CONFERENCE,SLIGRO,NL-NB,2026-07-01,2026-07-31,Monthly,,KG,3.127,3.127,2674.3916015625,xgboost_feat
PEAR_CONFERENCE,SLIGRO,NL-NB,2026-08-01,2026-08-31,Monthly,,KG,3.127,3.127,2670.38232421875,xgboost_feat
PEAR_CONFERENCE,SLIGRO,NL-NB,2026-09-01,2026-09-30,Monthly,,KG,3.127,3.127,2655.32568359375,xgboost_feat
PEAR_CONFERENCE,SLIGRO,NL-NB,2026-10-01,2026-10-31,Monthly,,KG,3.127,3.127,2900.9384765625,xgboost_feat
PEAR_CONFERENCE,SLIGRO,NL-NB,2026-11-01,2026-11-30,Monthly,,KG,3.127,3.127,3048.975830078125,xgboost_feat
PEAR_CONFERENCE,SLIGRO,NL-NB,2026-12-01,2026-12-31,Monthly,,KG,3.127,3.127,3068.5859375,xgboost_feat
PEAR_CONFERENCE,SLIGRO,NL-NB,2027-01-01,2027-01-31,Monthly,,KG,3.127,3.127,3012.968505859375,xgboost_feat
PEAR_CONFERENCE,SLIGRO,NL-NH,2026-02-01,2026-02-28,Monthly,,KG,3.217,3.217,3100.8681640625,xgboost_feat
PEAR_CONFERENCE,SLIGRO,NL-NH,2026-03-01,2026-03-31,Monthly,,KG,3.217,3.217,3059.0634765625,xgboost_feat
PEAR_CONFERENCE,SLIGRO,NL-NH,2026-04-01,2026-04-30,Monthly,,KG,3.217,3.217,2978.597900390625,xgboost_feat
PEAR_CONFERENCE,SLIGRO,NL-NH,2026-05-01,2026-05-31,Monthly,,KG,3.217,3.217,2952.318115234375,xgboost_feat
PEAR_CONFERENCE,SLIGRO,NL-NH,2026-06-01,2026-06-30,Monthly,,KG,3.217,3.217,2674.252197265625,xgboost_feat
PEAR_CONFERENCE,SLIGRO,NL-NH,2026-07-01,2026-07-31,Monthly,,KG,3.217,3.217,2672.5283203125,xgboost_feat
PEAR_CONFERENCE,SLIGRO,NL-NH,2026-08-01,2026-08-31,Monthly,,KG,3.217,3.217,2682.517578125,xgboost_feat
PEAR_CONFERENCE,SLIGRO,NL-NH,2026-09-01,2026-09-30,Monthly,,KG,3.217,3.217,2655.04296875,xgboost_feat
PEAR_CONFERENCE,SLIGRO,NL-NH,2026-10-01,2026-10-31,Monthly,,KG,3.217,3.217,2868.1826171875,xgboost_feat
PEAR_CONFERENCE,SLIGRO,NL-NH,2026-11-01,2026-11-30,Monthly,,KG,3.217,3.217,2944.93505859375,xgboost_feat
PEAR_CONFERENCE,SLIGRO,NL-NH,2026-12-01,2026-12-31,Monthly,,KG,3.217,3.217,3040.63427734375,xgboost_feat
PEAR_CONFERENCE,SLIGRO,NL-NH,2027-01-01,2027-01-31,Monthly,,KG,3.217,3.217,3011.289794921875,xgboost_feat
PEAR_CONFERENCE,SLIGRO,NL-ZH,2026-02-01,2026-02-28,Monthly,,KG,3.38,3.38,3105.67138671875,xgboost_feat
PEAR_CONFERENCE,SLIGRO,NL-ZH,2026-03-01,2026-03-31,Monthly,,KG,3.38,3.38,3052.083984375,xgboost_feat
PEAR_CONFERENCE,SLIGRO,NL-ZH,2026-04-01,2026-04-30,Monthly,,KG,3.38,3.38,2978.597900390625,xgboost_feat
PEAR_CONFERENCE,SLIGRO,NL-ZH,2026-05-01,2026-05-31,Monthly,,KG,3.38,3.38,2725.401611328125,xgboost_feat
PEAR_CONFERENCE,SLIGRO,NL-ZH,2026-06-01,2026-06-30,Monthly,,KG,3.38,3.38,2686.9482421875,xgboost_feat
PEAR_CONFERENCE,SLIGRO,NL-ZH,2026-07-01,2026-07-31,Monthly,,KG,3.38,3.38,2672.189453125,xgboost_feat
PEAR_CONFERENCE,SLIGRO,NL-ZH,2026-08-01,2026-08-31,Monthly,,KG,3.38,3.38,2655.695556640625,xgboost_feat
PEAR_CONFERENCE,SLIGRO,NL-ZH,2026-09-01,2026-09-30,Monthly,,KG,3.38,3.38,2655.06005859375,xgboost_feat
PEAR_CONFERENCE,SLIGRO,NL-ZH,2026-10-01,2026-10-31,Monthly,,KG,3.38,3.38,2868.1826171875,xgboost_feat
PEAR_CONFERENCE,SLIGRO,NL-ZH,2026-11-01,2026-11-30,Monthly,,KG,3.38,3.38,2953.596435546875,xgboost_feat
PEAR_CONFERENCE,SLIGRO,NL-ZH,2026-12-01,2026-12-31,Monthly,,KG,3.38,3.38,3040.6396484375,xgboost_feat
PEAR_CONFERENCE,SLIGRO,NL-ZH,2027-01-01,2027-01-31,Monthly,,KG,3.38,3.38,3012.706787109375,xgboost_feat
PEAR_WILLIAMS,AH,NL-GE,2026-02-01,2026-02-28,Monthly,,KG,3.089,3.089,3100.83544921875,xgboost_feat
PEAR_WILLIAMS,AH,NL-GE,2026-03-01,2026-03-31,Monthly,,KG,3.089,3.089,3052.48046875,xgboost_feat
PEAR_WILLIAMS,AH,NL-GE,2026-04-01,2026-04-30,Monthly,,KG,3.089,3.089,2978.597900390625,xgboost_feat
PEAR_WILLIAMS,AH,NL-GE,2026-05-01,2026-05-31,Monthly,,KG,3.089,3.089,2724.8037109375,xgboost_feat
PEAR_WILLIAMS,AH,NL-GE,2026-06-01,2026-06-30,Monthly,,KG,3.089,3.089,2672.923095703125,xgboost_feat
PEAR_WILLIAMS,AH,NL-GE,2026-07-01,2026-07-31,Monthly,,KG,3.089,3.089,2672.5625,xgboost_feat
PEAR_WILLIAMS,AH,NL-GE,2026-08-01,2026-08-31,Monthly,,KG,3.089,3.089,2655.02587890625,xgboost_feat
PEAR_WILLIAMS,AH,NL-GE,2026-09-01,2026-09-30,Monthly,,KG,3.089,3.089,2655.026611328125,xgboost_feat
PEAR_WILLIAMS,AH,NL-GE,2026-10-01,2026-10-31,Monthly,,KG,3.089,3.089,2868.22900390625,xgboost_feat
PEAR_WILLIAMS,AH,NL-GE,2026-11-01,2026-11-30,Monthly,,KG,3.089,3.089,3047.528564453125,xgboost_feat
PEAR_WILLIAMS,AH,NL-GE,2026-12-01,2026-12-31,Monthly,,KG,3.089,3.089,3040.7568359375,xgboost_feat
PEAR_WILLIAMS,AH,NL-GE,2027-01-01,2027-01-31,Monthly,,KG,3.089,3.089,3046.38671875,xgboost_feat
PEAR_WILLIAMS,AH,NL-NB,2026-02-01,2026-02-28,Monthly,,KG,3.121,3.121,3100.54150390625,xgboost_feat
PEAR_WILLIAMS,AH,NL-NB,2026-03-01,2026-03-31,Monthly,,KG,3.121,3.121,2988.057373046875,xgboost_feat
PEAR_WILLIAMS,AH,NL-NB,2026-04-01,2026-04-30,Monthly,,KG,3.121,3.121,2978.087890625,xgboost_feat
PEAR_WILLIAMS,AH,NL-NB,2026-05-01,2026-05-31,Monthly,,KG,3.121,3.121,2704.87060546875,xgboost_feat
PEAR_WILLIAMS,AH,NL-NB,2026-06-01,2026-06-30,Monthly,,KG,3.121,3.121,2689.723388671875,xgboost_feat
PEAR_WILLIAMS,AH,NL-NB,2026-07-01,2026-07-31,Monthly,,KG,3.121,3.121,2674.3916015625,xgboost_feat
PEAR_WILLIAMS,AH,NL-NB,2026-08-01,2026-08-31,Monthly,,KG,3.121,3.121,2670.38232421875,xgboost_feat
PEAR_WILLIAMS,AH,NL-NB,2026-09-01,2026-09-30,Monthly,,KG,3.121,3.121,2655.20947265625,xgboost_feat
PEAR_WILLIAMS,AH,NL-NB,2026-10-01,2026-10-31,Monthly,,KG,3.121,3.121,2900.791015625,xgboost_feat
PEAR_WILLIAMS,AH,NL-NB,2026-11-01,2026-11-30,Monthly,,KG,3.121,3.121,3048.975830078125,xgboost_feat
PEAR_WILLIAMS,AH,NL-NB,2026-12-01,2026-12-31,Monthly,,KG,3.121,3.121,3068.633056640625,xgboost_feat
PEAR_WILLIAMS,AH,NL-NB,2027-01-01,2027-01-31,Monthly,,KG,3.121,3.121,3014.0087890625,xgboost_feat
PEAR_WILLIAMS,AH,NL-NH,2026-02-01,2026-02-28,Monthly,,KG,3.295,3.295,3077.60400390625,xgboost_feat
PEAR_WILLIAMS,AH,NL-NH,2026-03-01,2026-03-31,Monthly,,KG,3.295,3.295,3059.031982421875,xgboost_feat
PEAR_WILLIAMS,AH,NL-NH,2026-04-01,2026-04-30,Monthly,,KG,3.295,3.295,2978.561767578125,xgboost_feat
PEAR_WILLIAMS,AH,NL-NH,2026-05-01,2026-05-31,Monthly,,KG,3.295,3.295,2952.35498046875,xgboost_feat
PEAR_WILLIAMS,AH,NL-NH,2026-06-01,2026-06-30,Monthly,,KG,3.295,3.295,2674.21826171875,xgboost_feat
PEAR_WILLIAMS,AH,NL-NH,2026-07-01,2026-07-31,Monthly,,KG,3.295,3.295,2672.5283203125,xgboost_feat
PEAR_WILLIAMS,AH,NL-NH,2026-08-01,2026-08-31,Monthly,,KG,3.295,3.295,2682.8017578125,xgboost_feat
PEAR_WILLIAMS,AH,NL-NH,2026-09-01,2026-09-30,Monthly,,KG,3.295,3.295,2655.324951171875,xgboost_feat
PEAR_WILLIAMS,AH,NL-NH,2026-10-01,2026-10-31,Monthly,,KG,3.295,3.295,2868.43310546875,xgboost_feat
PEAR_WILLIAMS,AH,NL-NH,2026-11-01,2026-11-30,Monthly,,KG,3.295,3.295,2946.93212890625,xgboost_feat
PEAR_WILLIAMS,AH,NL-NH,2026-12-01,2026-12-31,Monthly,,KG,3.1302499999999998,3.295,3041.1572265625,xgboost_feat
PEAR_WILLIAMS,AH,NL-NH,2027-01-01,2027-01-31,Monthly,,KG,3.295,3.295,3013.755859375,xgboost_feat
PEAR_WILLIAMS,AH,NL-ZH,2026-02-01,2026-02-28,Monthly,,KG,3.333,3.333,3077.60400390625,xgboost_feat
PEAR_WILLIAMS,AH,NL-ZH,2026-03-01,2026-03-31,Monthly,,KG,3.333,3.333,3055.883544921875,xgboost_feat
PEAR_WILLIAMS,AH,NL-ZH,2026-04-01,2026-04-30,Monthly,,KG,3.333,3.333,2978.561767578125,xgboost_feat
PEAR_WILLIAMS,AH,NL-ZH,2026-05-01,2026-05-31,Monthly,,KG,3.333,3.333,2724.615234375,xgboost_feat
PEAR_WILLIAMS,AH,NL-ZH,2026-06-01,2026-06-30,Monthly,,KG,3.333,3.333,2686.091796875,xgboost_feat
PEAR_WILLIAMS,AH,NL-ZH,2026-07-01,2026-07-31,Monthly,,KG,3.333,3.333,2671.765625,xgboost_feat
PEAR_WILLIAMS,AH,NL-ZH,2026-08-01,2026-08-31,Monthly,,KG,3.333,3.333,2657.6611328125,xgboost_feat
PEAR_WILLIAMS,AH,NL-ZH,2026-09-01,2026-09-30,Monthly,,KG,3.333,3.333,2710.468994140625,xgboost_feat
PEAR_WILLIAMS,AH,NL-ZH,2026-10-01,2026-10-31,Monthly,,KG,3.333,3.333,2870.547607421875,xgboost_feat
PEAR_WILLIAMS,AH,NL-ZH,2026-11-01,2026-11-30,Monthly,,KG,3.333,3.333,2968.60693359375,xgboost_feat
PEAR_WILLIAMS,AH,NL-ZH,2026-12-01,2026-12-31,Monthly,,KG,3.333,3.333,3059.8994140625,xgboost_feat
PEAR_WILLIAMS,AH,NL-ZH,2027-01-01,2027-01-31,Monthly,,KG,3.333,3.333,3013.905029296875,xgboost_feat
PEAR_WILLIAMS,FLINK,NL-GE,2026-02-01,2026-02-28,Monthly,,KG,3.007,3.007,3105.52099609375,xgboost_feat
PEAR_WILLIAMS,FLINK,NL-GE,2026-03-01,2026-03-31,Monthly,,KG,3.007,3.007,3052.48046875,xgboost_feat
PEAR_WILLIAMS,FLINK,NL-GE,2026-04-01,2026-04-30,Monthly,,KG,3.007,3.007,2978.597900390625,xgboost_feat
PEAR_WILLIAMS,FLINK,NL-GE,2026-05-01,2026-05-31,Monthly,,KG,3.007,3.007,2724.732421875,xgboost_feat
PEAR_WILLIAMS,FLINK,NL-GE,2026-06-01,2026-06-30,Monthly,,KG,3.007,3.007,2672.9208984375,xgboost_feat
PEAR_WILLIAMS,FLINK,NL-GE,2026-07-01,2026-07-31,Monthly,,KG,3.007,3.007,2672.560302734375,xgboost_feat
PEAR_WILLIAMS,FLINK,NL-GE,2026-08-01,2026-08-31,Monthly,,KG,3.007,3.007,2655.02587890625,xgboost_feat
PEAR_WILLIAMS,FLINK,NL-GE,2026-09-01,2026-09-30,Monthly,,KG,3.007,3.007,2655.026611328125,xgboost_feat
PEAR_WILLIAMS,FLINK,NL-GE,2026-10-01,2026-10-31,Monthly,,KG,3.007,3.007,2868.22900390625,xgboost_feat
PEAR_WILLIAMS,FLINK,NL-GE,2026-11-01,2026-11-30,Monthly,,KG,3.007,3.007,3047.528564453125,xgboost_feat
PEAR_WILLIAMS,FLINK,NL-GE,2026-12-01,2026-12-31,Monthly,,KG,3.007,3.007,3040.7568359375,xgboost_feat
PEAR_WILLIAMS,FLINK,NL-GE,2027-01-01,2027-01-31,Monthly,,KG,3.007,3.007,3045.297119140625,xgboost_feat
PEAR_WILLIAMS,FLINK,NL-NB,2026-02-01,2026-02-28,Monthly,,KG,3.104,3.104,3072.935546875,xgboost_feat
PEAR_WILLIAMS,FLINK,NL-NB,2026-03-01,2026-03-31,Monthly,,KG,3.104,3.104,2988.093505859375,xgboost_feat
PEAR_WILLIAMS,FLINK,NL-NB,2026-04-01,2026-04-30,Monthly,,KG,3.104,3.104,2978.120849609375,xgboost_feat
PEAR_WILLIAMS,FLINK,NL-NB,2026-05-01,2026-05-31,Monthly,,KG,3.104,3.104,2704.87060546875,xgboost_feat
PEAR_WILLIAMS,FLINK,NL-NB,2026-06-01,2026-06-30,Monthly,,KG,3.104,3.104,2689.720947265625,xgboost_feat
PEAR_WILLIAMS,FLINK,NL-NB,2026-07-01,2026-07-31,Monthly,,KG,3.104,3.104,2674.389404296875,xgboost_feat
PEAR_WILLIAMS,FLINK,NL-NB,2026-08-01,2026-08-31,Monthly,,KG,3.104,3.104,2670.38232421875,xgboost_feat
PEAR_WILLIAMS,FLINK,NL-NB,2026-09-01,2026-09-30,Monthly,,KG,3.104,3.104,2655.32568359375,xgboost_feat
PEAR_WILLIAMS,FLINK,NL-NB,2026-10-01,2026-10-31,Monthly,,KG,3.104,3.104,2900.9384765625,xgboost_feat
PEAR_WILLIAMS,FLINK,NL-NB,2026-11-01,2026-11-30,Monthly,,KG,3.104,3.104,3048.975830078125,xgboost_feat
PEAR_WILLIAMS,FLINK,NL-NB,2026-12-01,2026-12-31,Monthly,,KG,3.104,3.104,3068.5859375,xgboost_feat
PEAR_WILLIAMS,FLINK,NL-NB,2027-01-01,2027-01-31,Monthly,,KG,3.104,3.104,3012.968505859375,xgboost_feat
PEAR_WILLIAMS,FLINK,NL-NH,2026-02-01,2026-02-28,Monthly,,KG,3.247,3.247,3105.52099609375,xgboost_feat
PEAR_WILLIAMS,FLINK,NL-NH,2026-03-01,2026-03-31,Monthly,,KG,3.247,3.247,3059.0634765625,xgboost_feat
PEAR_WILLIAMS,FLINK,NL-NH,2026-04-01,2026-04-30,Monthly,,KG,3.247,3.247,2978.597900390625,xgboost_feat
PEAR_WILLIAMS,FLINK,NL-NH,2026-05-01,2026-05-31,Monthly,,KG,3.247,3.247,2952.318115234375,xgboost_feat
PEAR_WILLIAMS,FLINK,NL-NH,2026-06-01,2026-06-30,Monthly,,KG,3.247,3.247,2674.252197265625,xgboost_feat
PEAR_WILLIAMS,FLINK,NL-NH,2026-07-01,2026-07-31,Monthly,,KG,3.247,3.247,2672.526123046875,xgboost_feat
PEAR_WILLIAMS,FLINK,NL-NH,2026-08-01,2026-08-31,Monthly,,KG,3.247,3.247,2682.517578125,xgboost_feat
PEAR_WILLIAMS,FLINK,NL-NH,2026-09-01,2026-09-30,Monthly,,KG,3.247,3.247,2655.04296875,xgboost_feat
PEAR_WILLIAMS,FLINK,NL-NH,2026-10-01,2026-10-31,Monthly,,KG,3.247,3.247,2868.1826171875,xgboost_feat
PEAR_WILLIAMS,FLINK,NL-NH,2026-11-01,2026-11-30,Monthly,,KG,3.247,3.247,2944.93505859375,xgboost_feat
PEAR_WILLIAMS,FLINK,NL-NH,2026-12-01,2026-12-31,Monthly,,KG,3.247,3.247,3040.63427734375,xgboost_feat
PEAR_WILLIAMS,FLINK,NL-NH,2027-01-01,2027-01-31,Monthly,,KG,3.247,3.247,3012.706787109375,xgboost_feat
PEAR_WILLIAMS,FLINK,NL-ZH,2026-02-01,2026-02-28,Monthly,,KG,3.333,3.333,3072.935546875,xgboost_feat
PEAR_WILLIAMS,FLINK,NL-ZH,2026-03-01,2026-03-31,Monthly,,KG,3.333,3.333,3052.083984375,xgboost_feat
PEAR_WILLIAMS,FLINK,NL-ZH,2026-04-01,2026-04-30,Monthly,,KG,3.333,3.333,2978.597900390625,xgboost_feat
PEAR_WILLIAMS,FLINK,NL-ZH,2026-05-01,2026-05-31,Monthly,,KG,3.333,3.333,2725.472900390625,xgboost_feat
PEAR_WILLIAMS,FLINK,NL-ZH,2026-06-01,2026-06-30,Monthly,,KG,3.333,3.333,2686.9482421875,xgboost_feat
PEAR_WILLIAMS,FLINK,NL-ZH,2026-07-01,2026-07-31,Monthly,,KG,3.333,3.333,2672.187255859375,xgboost_feat
PEAR_WILLIAMS,FLINK,NL-ZH,2026-08-01,2026-08-31,Monthly,,KG,3.333,3.333,2655.695556640625,xgboost_feat
PEAR_WILLIAMS,FLINK,NL-ZH,2026-09-01,2026-09-30,Monthly,,KG,3.333,3.333,2655.06005859375,xgboost_feat
PEAR_WILLIAMS,FLINK,NL-ZH,2026-10-01,2026-10-31,Monthly,,KG,3.333,3.333,2868.1826171875,xgboost_feat
PEAR_WILLIAMS,FLINK,NL-ZH,2026-11-01,2026-11-30,Monthly,,KG,3.333,3.333,2953.596435546875,xgboost_feat
PEAR_WILLIAMS,FLINK,NL-ZH,2026-12-01,2026-12-31,Monthly,,KG,3.333,3.333,3040.6396484375,xgboost_feat
PEAR_WILLIAMS,FLINK,NL-ZH,2027-01-01,2027-01-31,Monthly,,KG,3.333,3.333,3012.706787109375,xgboost_feat
PEAR_WILLIAMS,GREENACRES,NL-GE,2026-02-01,2026-02-28,Monthly,,KG,3.061,3.061,3105.671875,xgboost_feat
PEAR_WILLIAMS,GREENACRES,NL-GE,2026-03-01,2026-03-31,Monthly,,KG,3.061,3.061,3052.48046875,xgboost_feat
PEAR_WILLIAMS,GREENACRES,NL-GE,2026-04-01,2026-04-30,Monthly,,KG,3.061,3.061,2978.597900390625,xgboost_feat
PEAR_WILLIAMS,GREENACRES,NL-GE,2026-05-01,2026-05-31,Monthly,,KG,3.061,3.061,2724.732421875,xgboost_feat
PEAR_WILLIAMS,GREENACRES,NL-GE,2026-06-01,2026-06-30,Monthly,,KG,3.061,3.061,2672.9208984375,xgboost_feat
PEAR_WILLIAMS,GREENACRES,NL-GE,2026-07-01,2026-07-31,Monthly,,KG,3.061,3.061,2672.560302734375,xgboost_feat
PEAR_WILLIAMS,GREENACRES,NL-GE,2026-08-01,2026-08-31,Monthly,,KG,3.061,3.061,2655.02587890625,xgboost_feat
PEAR_WILLIAMS,GREENACRES,NL-GE,2026-09-01,2026-09-30,Monthly,,KG,3.061,3.061,2655.026611328125,xgboost_feat
PEAR_WILLIAMS,GREENACRES,NL-GE,2026-10-01,2026-10-31,Monthly,,KG,3.061,3.061,2868.22900390625,xgboost_feat
PEAR_WILLIAMS,GREENACRES,NL-GE,2026-11-01,2026-11-30,Monthly,,KG,3.061,3.061,3047.528564453125,xgboost_feat
PEAR_WILLIAMS,GREENACRES,NL-GE,2026-12-01,2026-12-31,Monthly,,KG,3.061,3.061,3040.7568359375,xgboost_feat
PEAR_WILLIAMS,GREENACRES,NL-GE,2027-01-01,2027-01-31,Monthly,,KG,3.061,3.061,3045.297119140625,xgboost_feat
PEAR_WILLIAMS,GREENACRES,NL-NB,2026-02-01,2026-02-28,Monthly,,KG,3.125,3.125,3105.671875,xgboost_feat
PEAR_WILLIAMS,GREENACRES,NL-NB,2026-03-01,2026-03-31,Monthly,,KG,3.125,3.125,2988.093505859375,xgboost_feat
PEAR_WILLIAMS,GREENACRES,NL-NB,2026-04-01,2026-04-30,Monthly,,KG,3.125,3.125,2978.120849609375,xgboost_feat
PEAR_WILLIAMS,GREENACRES,NL-NB,2026-05-01,2026-05-31,Monthly,,KG,3.125,3.125,2704.87060546875,xgboost_feat
PEAR_WILLIAMS,GREENACRES,NL-NB,2026-06-01,2026-06-30,Monthly,,KG,3.125,3.125,2689.720947265625,xgboost_feat
PEAR_WILLIAMS,GREENACRES,NL-NB,2026-07-01,2026-07-31,Monthly,,KG,3.125,3.125,2674.389404296875,xgboost_feat
PEAR_WILLIAMS,GREENACRES,NL-NB,2026-08-01,2026-08-31,Monthly,,KG,3.125,3.125,2670.38232421875,xgboost_feat
PEAR_WILLIAMS,GREENACRES,NL-NB,2026-09-01,2026-09-30,Monthly,,KG,3.125,3.125,2655.32568359375,xgboost_feat
PEAR_WILLIAMS,GREENACRES,NL-NB,2026-10-01,2026-10-31,Monthly,,KG,3.125,3.125,2900.9384765625,xgboost_feat
PEAR_WILLIAMS,GREENACRES,NL-NB,2026-11-01,2026-11-30,Monthly,,KG,3.125,3.125,3048.975830078125,xgboost_feat
PEAR_WILLIAMS,GREENACRES,NL-NB,2026-12-01,2026-12-31,Monthly,,KG,3.125,3.125,3068.5859375,xgboost_feat
PEAR_WILLIAMS,GREENACRES,NL-NB,2027-01-01,2027-01-31,Monthly,,KG,3.125,3.125,3012.968505859375,xgboost_feat
PEAR_WILLIAMS,GREENACRES,NL-NH,2026-02-01,2026-02-28,Monthly,,KG,3.235,3.235,3100.54150390625,xgboost_feat
PEAR_WILLIAMS,GREENACRES,NL-NH,2026-03-01,2026-03-31,Monthly,,KG,3.235,3.235,3059.0634765625,xgboost_feat
PEAR_WILLIAMS,GREENACRES,NL-NH,2026-04-01,2026-04-30,Monthly,,KG,3.235,3.235,2978.597900390625,xgboost_feat
PEAR_WILLIAMS,GREENACRES,NL-NH,2026-05-01,2026-05-31,Monthly,,KG,3.235,3.235,2952.318115234375,xgboost_feat
PEAR_WILLIAMS,GREENACRES,NL-NH,2026-06-01,2026-06-30,Monthly,,KG,3.235,3.235,2674.252197265625,xgboost_feat
PEAR_WILLIAMS,GREENACRES,NL-NH,2026-07-01,2026-07-31,Monthly,,KG,3.235,3.235,2672.5283203125,xgboost_feat
PEAR_WILLIAMS,GREENACRES,NL-NH,2026-08-01,2026-08-31,Monthly,,KG,3.235,3.235,2682.517578125,xgboost_feat
PEAR_WILLIAMS,GREENACRES,NL-NH,2026-09-01,2026-09-30,Monthly,,KG,3.235,3.235,2655.04296875,xgboost_feat
PEAR_WILLIAMS,GREENACRES,NL-NH,2026-10-01,2026-10-31,Monthly,,KG,3.235,3.235,2868.1826171875,xgboost_feat
PEAR_WILLIAMS,GREENACRES,NL-NH,2026-11-01,2026-11-30,Monthly,,KG,3.235,3.235,2944.93505859375,xgboost_feat
PEAR_WILLIAMS,GREENACRES,NL-NH,2026-12-01,2026-12-31,Monthly,,KG,3.235,3.235,3040.63427734375,xgboost_feat
PEAR_WILLIAMS,GREENACRES,NL-NH,2027-01-01,2027-01-31,Monthly,,KG,3.235,3.235,3012.706787109375,xgboost_feat
PEAR_WILLIAMS,GREENACRES,NL-ZH,2026-02-01,2026-02-28,Monthly,,KG,3.259,3.259,3105.671875,xgboost_feat
PEAR_WILLIAMS,GREENACRES,NL-ZH,2026-03-01,2026-03-31,Monthly,,KG,3.259,3.259,3052.083984375,xgboost_feat
PEAR_WILLIAMS,GREENACRES,NL-ZH,2026-04-01,2026-04-30,Monthly,,KG,3.259,3.259,2978.597900390625,xgboost_feat
PEAR_WILLIAMS,GREENACRES,NL-ZH,2026-05-01,2026-05-31,Monthly,,KG,3.259,3.259,2725.401611328125,xgboost_feat
PEAR_WILLIAMS,GREENACRES,NL-ZH,2026-06-01,2026-06-30,Monthly,,KG,3.259,3.259,2686.9482421875,xgboost_feat
PEAR_WILLIAMS,GREENACRES,NL-ZH,2026-07-01,2026-07-31,Monthly,,KG,3.259,3.259,2672.189453125,xgboost_feat
PEAR_WILLIAMS,GREENACRES,NL-ZH,2026-08-01,2026-08-31,Monthly,,KG,3.259,3.259,2655.695556640625,xgboost_feat
PEAR_WILLIAMS,GREENACRES,NL-ZH,2026-09-01,2026-09-30,Monthly,,KG,3.259,3.259,2655.06005859375,xgboost_feat
PEAR_WILLIAMS,GREENACRES,NL-ZH,2026-10-01,2026-10-31,Monthly,,KG,3.259,3.259,2868.1826171875,xgboost_feat
PEAR_WILLIAMS,GREENACRES,NL-ZH,2026-11-01,2026-11-30,Monthly,,KG,3.259,3.259,2953.596435546875,xgboost_feat
PEAR_WILLIAMS,GREENACRES,NL-ZH,2026-12-01,2026-12-31,Monthly,,KG,3.259,3.259,3040.6396484375,xgboost_feat
PEAR_WILLIAMS,GREENACRES,NL-ZH,2027-01-01,2027-01-31,Monthly,,KG,3.259,3.259,3012.706787109375,xgboost_feat
PEAR_WILLIAMS,HELLOFRESH,NL-GE,2026-02-01,2026-02-28,Monthly,,KG,2.995,2.995,3100.54150390625,xgboost_feat
PEAR_WILLIAMS,HELLOFRESH,NL-GE,2026-03-01,2026-03-31,Monthly,,KG,2.995,2.995,3052.48046875,xgboost_feat
PEAR_WILLIAMS,HELLOFRESH,NL-GE,2026-04-01,2026-04-30,Monthly,,KG,2.995,2.995,2978.597900390625,xgboost_feat
PEAR_WILLIAMS,HELLOFRESH,NL-GE,2026-05-01,2026-05-31,Monthly,,KG,2.995,2.995,2724.8037109375,xgboost_feat
PEAR_WILLIAMS,HELLOFRESH,NL-GE,2026-06-01,2026-06-30,Monthly,,KG,2.995,2.995,2672.9208984375,xgboost_feat
PEAR_WILLIAMS,HELLOFRESH,NL-GE,2026-07-01,2026-07-31,Monthly,,KG,2.995,2.995,2672.560302734375,xgboost_feat
PEAR_WILLIAMS,HELLOFRESH,NL-GE,2026-08-01,2026-08-31,Monthly,,KG,2.995,2.995,2655.02587890625,xgboost_feat
PEAR_WILLIAMS,HELLOFRESH,NL-GE,2026-09-01,2026-09-30,Monthly,,KG,2.995,2.995,2655.026611328125,xgboost_feat
PEAR_WILLIAMS,HELLOFRESH,NL-GE,2026-10-01,2026-10-31,Monthly,,KG,2.995,2.995,2868.22900390625,xgboost_feat
PEAR_WILLIAMS,HELLOFRESH,NL-GE,2026-11-01,2026-11-30,Monthly,,KG,2.995,2.995,3047.528564453125,xgboost_feat
PEAR_WILLIAMS,HELLOFRESH,NL-GE,2026-12-01,2026-12-31,Monthly,,KG,2.995,2.995,3040.7568359375,xgboost_feat
PEAR_WILLIAMS,HELLOFRESH,NL-GE,2027-01-01,2027-01-31,Monthly,,KG,2.995,2.995,3045.297119140625,xgboost_feat
PEAR_WILLIAMS,HELLOFRESH,NL-NB,2026-02-01,2026-02-28,Monthly,,KG,3.102,3.102,3072.935546875,xgboost_feat
PEAR_WILLIAMS,HELLOFRESH,NL-NB,2026-03-01,2026-03-31,Monthly,,KG,3.102,3.102,2988.093505859375,xgboost_feat
PEAR_WILLIAMS,HELLOFRESH,NL-NB,2026-04-01,2026-04-30,Monthly,,KG,3.102,3.102,2978.120849609375,xgboost_feat
PEAR_WILLIAMS,HELLOFRESH,NL-NB,2026-05-01,2026-05-31,Monthly,,KG,3.102,3.102,2704.87060546875,xgboost_feat
PEAR_WILLIAMS,HELLOFRESH,NL-NB,2026-06-01,2026-06-30,Monthly,,KG,3.102,3.102,2689.720947265625,xgboost_feat
PEAR_WILLIAMS,HELLOFRESH,NL-NB,2026-07-01,2026-07-31,Monthly,,KG,3.102,3.102,2674.389404296875,xgboost_feat
PEAR_WILLIAMS,HELLOFRESH,NL-NB,2026-08-01,2026-08-31,Monthly,,KG,3.102,3.102,2670.38232421875,xgboost_feat
PEAR_WILLIAMS,HELLOFRESH,NL-NB,2026-09-01,2026-09-30,Monthly,,KG,3.102,3.102,2655.32568359375,xgboost_feat
PEAR_WILLIAMS,HELLOFRESH,NL-NB,2026-10-01,2026-10-31,Monthly,,KG,3.102,3.102,2900.9384765625,xgboost_feat
PEAR_WILLIAMS,HELLOFRESH,NL-NB,2026-11-01,2026-11-30,Monthly,,KG,3.102,3.102,3048.975830078125,xgboost_feat
PEAR_WILLIAMS,HELLOFRESH,NL-NB,2026-12-01,2026-12-31,Monthly,,KG,3.102,3.102,3068.5859375,xgboost_feat
PEAR_WILLIAMS,HELLOFRESH,NL-NB,2027-01-01,2027-01-31,Monthly,,KG,3.102,3.102,3012.968505859375,xgboost_feat
PEAR_WILLIAMS,HELLOFRESH,NL-NH,2026-02-01,2026-02-28,Monthly,,KG,3.237,3.237,3105.52099609375,xgboost_feat
PEAR_WILLIAMS,HELLOFRESH,NL-NH,2026-03-01,2026-03-31,Monthly,,KG,3.237,3.237,3059.0634765625,xgboost_feat
PEAR_WILLIAMS,HELLOFRESH,NL-NH,2026-04-01,2026-04-30,Monthly,,KG,3.237,3.237,2978.597900390625,xgboost_feat
PEAR_WILLIAMS,HELLOFRESH,NL-NH,2026-05-01,2026-05-31,Monthly,,KG,3.237,3.237,2952.318115234375,xgboost_feat
PEAR_WILLIAMS,HELLOFRESH,NL-NH,2026-06-01,2026-06-30,Monthly,,KG,3.237,3.237,2674.252197265625,xgboost_feat
PEAR_WILLIAMS,HELLOFRESH,NL-NH,2026-07-01,2026-07-31,Monthly,,KG,3.237,3.237,2672.526123046875,xgboost_feat
PEAR_WILLIAMS,HELLOFRESH,NL-NH,2026-08-01,2026-08-31,Monthly,,KG,3.237,3.237,2682.517578125,xgboost_feat
PEAR_WILLIAMS,HELLOFRESH,NL-NH,2026-09-01,2026-09-30,Monthly,,KG,3.237,3.237,2655.04296875,xgboost_feat
PEAR_WILLIAMS,HELLOFRESH,NL-NH,2026-10-01,2026-10-31,Monthly,,KG,3.237,3.237,2868.1826171875,xgboost_feat
PEAR_WILLIAMS,HELLOFRESH,NL-NH,2026-11-01,2026-11-30,Monthly,,KG,3.237,3.237,2944.93505859375,xgboost_feat
PEAR_WILLIAMS,HELLOFRESH,NL-NH,2026-12-01,2026-12-31,Monthly,,KG,3.237,3.237,3040.63427734375,xgboost_feat
PEAR_WILLIAMS,HELLOFRESH,NL-NH,2027-01-01,2027-01-31,Monthly,,KG,3.237,3.237,3012.706787109375,xgboost_feat
PEAR_WILLIAMS,HELLOFRESH,NL-ZH,2026-02-01,2026-02-28,Monthly,,KG,3.433,3.433,3105.52099609375,xgboost_feat
PEAR_WILLIAMS,HELLOFRESH,NL-ZH,2026-03-01,2026-03-31,Monthly,,KG,3.433,3.433,3052.083984375,xgboost_feat
PEAR_WILLIAMS,HELLOFRESH,NL-ZH,2026-04-01,2026-04-30,Monthly,,KG,3.433,3.433,2978.597900390625,xgboost_feat
PEAR_WILLIAMS,HELLOFRESH,NL-ZH,2026-05-01,2026-05-31,Monthly,,KG,3.433,3.433,2725.401611328125,xgboost_feat
PEAR_WILLIAMS,HELLOFRESH,NL-ZH,2026-06-01,2026-06-30,Monthly,,KG,3.433,3.433,2686.9482421875,xgboost_feat
PEAR_WILLIAMS,HELLOFRESH,NL-ZH,2026-07-01,2026-07-31,Monthly,,KG,3.433,3.433,2672.187255859375,xgboost_feat
PEAR_WILLIAMS,HELLOFRESH,NL-ZH,2026-08-01,2026-08-31,Monthly,,KG,3.433,3.433,2655.695556640625,xgboost_feat
PEAR_WILLIAMS,HELLOFRESH,NL-ZH,2026-09-01,2026-09-30,Monthly,,KG,3.433,3.433,2655.06005859375,xgboost_feat
PEAR_WILLIAMS,HELLOFRESH,NL-ZH,2026-10-01,2026-10-31,Monthly,,KG,3.433,3.433,2868.1826171875,xgboost_feat
PEAR_WILLIAMS,HELLOFRESH,NL-ZH,2026-11-01,2026-11-30,Monthly,,KG,3.433,3.433,2953.596435546875,xgboost_feat
PEAR_WILLIAMS,HELLOFRESH,NL-ZH,2026-12-01,2026-12-31,Monthly,,KG,3.433,3.433,3040.6396484375,xgboost_feat
PEAR_WILLIAMS,HELLOFRESH,NL-ZH,2027-01-01,2027-01-31,Monthly,,KG,3.433,3.433,3012.706787109375,xgboost_feat
PEAR_WILLIAMS,HOLLANDFOODSERVICE,NL-GE,2026-02-01,2026-02-28,Monthly,,KG,2.999,2.999,3105.67138671875,xgboost_feat
PEAR_WILLIAMS,HOLLANDFOODSERVICE,NL-GE,2026-03-01,2026-03-31,Monthly,,KG,2.999,2.999,3052.48046875,xgboost_feat
PEAR_WILLIAMS,HOLLANDFOODSERVICE,NL-GE,2026-04-01,2026-04-30,Monthly,,KG,2.999,2.999,2978.597900390625,xgboost_feat
PEAR_WILLIAMS,HOLLANDFOODSERVICE,NL-GE,2026-05-01,2026-05-31,Monthly,,KG,2.999,2.999,2724.732421875,xgboost_feat
PEAR_WILLIAMS,HOLLANDFOODSERVICE,NL-GE,2026-06-01,2026-06-30,Monthly,,KG,2.999,2.999,2672.9208984375,xgboost_feat
PEAR_WILLIAMS,HOLLANDFOODSERVICE,NL-GE,2026-07-01,2026-07-31,Monthly,,KG,2.999,2.999,2672.560302734375,xgboost_feat
PEAR_WILLIAMS,HOLLANDFOODSERVICE,NL-GE,2026-08-01,2026-08-31,Monthly,,KG,2.999,2.999,2655.02587890625,xgboost_feat
PEAR_WILLIAMS,HOLLANDFOODSERVICE,NL-GE,2026-09-01,2026-09-30,Monthly,,KG,2.999,2.999,2655.026611328125,xgboost_feat
PEAR_WILLIAMS,HOLLANDFOODSERVICE,NL-GE,2026-10-01,2026-10-31,Monthly,,KG,2.999,2.999,2868.22900390625,xgboost_feat
PEAR_WILLIAMS,HOLLANDFOODSERVICE,NL-GE,2026-11-01,2026-11-30,Monthly,,KG,2.999,2.999,3047.528564453125,xgboost_feat
PEAR_WILLIAMS,HOLLANDFOODSERVICE,NL-GE,2026-12-01,2026-12-31,Monthly,,KG,2.999,2.999,3040.7568359375,xgboost_feat
PEAR_WILLIAMS,HOLLANDFOODSERVICE,NL-GE,2027-01-01,2027-01-31,Monthly,,KG,2.999,2.999,3045.297119140625,xgboost_feat
PEAR_WILLIAMS,HOLLANDFOODSERVICE,NL-NB,2026-02-01,2026-02-28,Monthly,,KG,3.183,3.183,3072.935546875,xgboost_feat
PEAR_WILLIAMS,HOLLANDFOODSERVICE,NL-NB,2026-03-01,2026-03-31,Monthly,,KG,3.183,3.183,2988.093505859375,xgboost_feat
PEAR_WILLIAMS,HOLLANDFOODSERVICE,NL-NB,2026-04-01,2026-04-30,Monthly,,KG,3.183,3.183,2978.120849609375,xgboost_feat
PEAR_WILLIAMS,HOLLANDFOODSERVICE,NL-NB,2026-05-01,2026-05-31,Monthly,,KG,3.183,3.183,2704.87060546875,xgboost_feat
PEAR_WILLIAMS,HOLLANDFOODSERVICE,NL-NB,2026-06-01,2026-06-30,Monthly,,KG,3.183,3.183,2689.720947265625,xgboost_feat
PEAR_WILLIAMS,HOLLANDFOODSERVICE,NL-NB,2026-07-01,2026-07-31,Monthly,,KG,3.183,3.183,2674.389404296875,xgboost_feat
PEAR_WILLIAMS,HOLLANDFOODSERVICE,NL-NB,2026-08-01,2026-08-31,Monthly,,KG,3.183,3.183,2670.38232421875,xgboost_feat
PEAR_WILLIAMS,HOLLANDFOODSERVICE,NL-NB,2026-09-01,2026-09-30,Monthly,,KG,3.183,3.183,2655.32568359375,xgboost_feat
PEAR_WILLIAMS,HOLLANDFOODSERVICE,NL-NB,2026-10-01,2026-10-31,Monthly,,KG,3.183,3.183,2900.9384765625,xgboost_feat
PEAR_WILLIAMS,HOLLANDFOODSERVICE,NL-NB,2026-11-01,2026-11-30,Monthly,,KG,3.183,3.183,3048.975830078125,xgboost_feat
PEAR_WILLIAMS,HOLLANDFOODSERVICE,NL-NB,2026-12-01,2026-12-31,Monthly,,KG,3.183,3.183,3068.5859375,xgboost_feat
PEAR_WILLIAMS,HOLLANDFOODSERVICE,NL-NB,2027-01-01,2027-01-31,Monthly,,KG,3.183,3.183,3012.968505859375,xgboost_feat
PEAR_WILLIAMS,HOLLANDFOODSERVICE,NL-NH,2026-02-01,2026-02-28,Monthly,,KG,3.281,3.281,3100.8681640625,xgboost_feat
PEAR_WILLIAMS,HOLLANDFOODSERVICE,NL-NH,2026-03-01,2026-03-31,Monthly,,KG,3.281,3.281,3059.0634765625,xgboost_feat
PEAR_WILLIAMS,HOLLANDFOODSERVICE,NL-NH,2026-04-01,2026-04-30,Monthly,,KG,3.281,3.281,2978.597900390625,xgboost_feat
PEAR_WILLIAMS,HOLLANDFOODSERVICE,NL-NH,2026-05-01,2026-05-31,Monthly,,KG,3.281,3.281,2952.318115234375,xgboost_feat
PEAR_WILLIAMS,HOLLANDFOODSERVICE,NL-NH,2026-06-01,2026-06-30,Monthly,,KG,3.281,3.281,2674.252197265625,xgboost_feat
PEAR_WILLIAMS,HOLLANDFOODSERVICE,NL-NH,2026-07-01,2026-07-31,Monthly,,KG,3.281,3.281,2672.5283203125,xgboost_feat
PEAR_WILLIAMS,HOLLANDFOODSERVICE,NL-NH,2026-08-01,2026-08-31,Monthly,,KG,3.281,3.281,2682.517578125,xgboost_feat
PEAR_WILLIAMS,HOLLANDFOODSERVICE,NL-NH,2026-09-01,2026-09-30,Monthly,,KG,3.281,3.281,2655.04296875,xgboost_feat
PEAR_WILLIAMS,HOLLANDFOODSERVICE,NL-NH,2026-10-01,2026-10-31,Monthly,,KG,3.281,3.281,2868.1826171875,xgboost_feat
PEAR_WILLIAMS,HOLLANDFOODSERVICE,NL-NH,2026-11-01,2026-11-30,Monthly,,KG,3.281,3.281,2944.93505859375,xgboost_feat
PEAR_WILLIAMS,HOLLANDFOODSERVICE,NL-NH,2026-12-01,2026-12-31,Monthly,,KG,3.281,3.281,3040.63427734375,xgboost_feat
PEAR_WILLIAMS,HOLLANDFOODSERVICE,NL-NH,2027-01-01,2027-01-31,Monthly,,KG,3.281,3.281,3012.706787109375,xgboost_feat
PEAR_WILLIAMS,HOLLANDFOODSERVICE,NL-ZH,2026-02-01,2026-02-28,Monthly,,KG,3.38,3.38,3105.67138671875,xgboost_feat
PEAR_WILLIAMS,HOLLANDFOODSERVICE,NL-ZH,2026-03-01,2026-03-31,Monthly,,KG,3.38,3.38,3052.083984375,xgboost_feat
PEAR_WILLIAMS,HOLLANDFOODSERVICE,NL-ZH,2026-04-01,2026-04-30,Monthly,,KG,3.38,3.38,2978.597900390625,xgboost_feat
PEAR_WILLIAMS,HOLLANDFOODSERVICE,NL-ZH,2026-05-01,2026-05-31,Monthly,,KG,3.38,3.38,2725.401611328125,xgboost_feat
PEAR_WILLIAMS,HOLLANDFOODSERVICE,NL-ZH,2026-06-01,2026-06-30,Monthly,,KG,3.38,3.38,2686.9482421875,xgboost_feat
PEAR_WILLIAMS,HOLLANDFOODSERVICE,NL-ZH,2026-07-01,2026-07-31,Monthly,,KG,3.38,3.38,2672.189453125,xgboost_feat
PEAR_WILLIAMS,HOLLANDFOODSERVICE,NL-ZH,2026-08-01,2026-08-31,Monthly,,KG,3.38,3.38,2655.695556640625,xgboost_feat
PEAR_WILLIAMS,HOLLANDFOODSERVICE,NL-ZH,2026-09-01,2026-09-30,Monthly,,KG,3.38,3.38,2655.06005859375,xgboost_feat
PEAR_WILLIAMS,HOLLANDFOODSERVICE,NL-ZH,2026-10-01,2026-10-31,Monthly,,KG,3.38,3.38,2868.1826171875,xgboost_feat
PEAR_WILLIAMS,HOLLANDFOODSERVICE,NL-ZH,2026-11-01,2026-11-30,Monthly,,KG,3.38,3.38,2953.596435546875,xgboost_feat
PEAR_WILLIAMS,HOLLANDFOODSERVICE,NL-ZH,2026-12-01,2026-12-31,Monthly,,KG,3.38,3.38,3040.6396484375,xgboost_feat
PEAR_WILLIAMS,HOLLANDFOODSERVICE,NL-ZH,2027-01-01,2027-01-31,Monthly,,KG,3.38,3.38,3012.706787109375,xgboost_feat
PEAR_WILLIAMS,JUMBO,NL-GE,2026-02-01,2026-02-28,Monthly,,KG,3.031,3.031,3100.771240234375,xgboost_feat
PEAR_WILLIAMS,JUMBO,NL-GE,2026-03-01,2026-03-31,Monthly,,KG,3.031,3.031,3052.44775390625,xgboost_feat
PEAR_WILLIAMS,JUMBO,NL-GE,2026-04-01,2026-04-30,Monthly,,KG,3.031,3.031,2978.597900390625,xgboost_feat
PEAR_WILLIAMS,JUMBO,NL-GE,2026-05-01,2026-05-31,Monthly,,KG,3.031,3.031,2724.8037109375,xgboost_feat
PEAR_WILLIAMS,JUMBO,NL-GE,2026-06-01,2026-06-30,Monthly,,KG,3.031,3.031,2672.923095703125,xgboost_feat
PEAR_WILLIAMS,JUMBO,NL-GE,2026-07-01,2026-07-31,Monthly,,KG,3.031,3.031,2672.5625,xgboost_feat
PEAR_WILLIAMS,JUMBO,NL-GE,2026-08-01,2026-08-31,Monthly,,KG,3.031,3.031,2675.978515625,xgboost_feat
PEAR_WILLIAMS,JUMBO,NL-GE,2026-09-01,2026-09-30,Monthly,,KG,3.031,3.031,2655.025634765625,xgboost_feat
PEAR_WILLIAMS,JUMBO,NL-GE,2026-10-01,2026-10-31,Monthly,,KG,3.031,3.031,2868.22900390625,xgboost_feat
PEAR_WILLIAMS,JUMBO,NL-GE,2026-11-01,2026-11-30,Monthly,,KG,3.031,3.031,3047.528564453125,xgboost_feat
PEAR_WILLIAMS,JUMBO,NL-GE,2026-12-01,2026-12-31,Monthly,,KG,2.57635,3.031,3025.712890625,xgboost_feat
PEAR_WILLIAMS,JUMBO,NL-GE,2027-01-01,2027-01-31,Monthly,,KG,3.031,3.031,3043.910888671875,xgboost_feat
PEAR_WILLIAMS,JUMBO,NL-NB,2026-02-01,2026-02-28,Monthly,,KG,3.184,3.184,3105.64892578125,xgboost_feat
PEAR_WILLIAMS,JUMBO,NL-NB,2026-03-01,2026-03-31,Monthly,,KG,3.184,3.184,2988.060791015625,xgboost_feat
PEAR_WILLIAMS,JUMBO,NL-NB,2026-04-01,2026-04-30,Monthly,,KG,3.184,3.184,2978.12060546875,xgboost_feat
PEAR_WILLIAMS,JUMBO,NL-NB,2026-05-01,2026-05-31,Monthly,,KG,3.184,3.184,2704.87060546875,xgboost_feat
PEAR_WILLIAMS,JUMBO,NL-NB,2026-06-01,2026-06-30,Monthly,,KG,3.184,3.184,2689.723388671875,xgboost_feat
PEAR_WILLIAMS,JUMBO,NL-NB,2026-07-01,2026-07-31,Monthly,,KG,3.184,3.184,2673.568359375,xgboost_feat
PEAR_WILLIAMS,JUMBO,NL-NB,2026-08-01,2026-08-31,Monthly,,KG,3.184,3.184,2670.6328125,xgboost_feat
PEAR_WILLIAMS,JUMBO,NL-NB,2026-09-01,2026-09-30,Monthly,,KG,3.184,3.184,2655.575927734375,xgboost_feat
PEAR_WILLIAMS,JUMBO,NL-NB,2026-10-01,2026-10-31,Monthly,,KG,3.184,3.184,2901.18798828125,xgboost_feat
PEAR_WILLIAMS,JUMBO,NL-NB,2026-11-01,2026-11-30,Monthly,,KG,3.184,3.184,3050.940673828125,xgboost_feat
PEAR_WILLIAMS,JUMBO,NL-NB,2026-12-01,2026-12-31,Monthly,,KG,3.184,3.184,3068.632568359375,xgboost_feat
PEAR_WILLIAMS,JUMBO,NL-NB,2027-01-01,2027-01-31,Monthly,,KG,3.184,3.184,3014.157958984375,xgboost_feat
PEAR_WILLIAMS,JUMBO,NL-NH,2026-02-01,2026-02-28,Monthly,,KG,3.31,3.31,3077.727294921875,xgboost_feat
PEAR_WILLIAMS,JUMBO,NL-NH,2026-03-01,2026-03-31,Monthly,,KG,3.31,3.31,3062.857421875,xgboost_feat
PEAR_WILLIAMS,JUMBO,NL-NH,2026-04-01,2026-04-30,Monthly,,KG,3.31,3.31,2978.561767578125,xgboost_feat
PEAR_WILLIAMS,JUMBO,NL-NH,2026-05-01,2026-05-31,Monthly,,KG,3.31,3.31,2952.352783203125,xgboost_feat
PEAR_WILLIAMS,JUMBO,NL-NH,2026-06-01,2026-06-30,Monthly,,KG,3.31,3.31,2674.2548828125,xgboost_feat
PEAR_WILLIAMS,JUMBO,NL-NH,2026-07-01,2026-07-31,Monthly,,KG,3.31,3.31,2672.5283203125,xgboost_feat
PEAR_WILLIAMS,JUMBO,NL-NH,2026-08-01,2026-08-31,Monthly,,KG,3.31,3.31,2682.54931640625,xgboost_feat
PEAR_WILLIAMS,JUMBO,NL-NH,2026-09-01,2026-09-30,Monthly,,KG,3.31,3.31,2675.99609375,xgboost_feat
PEAR_WILLIAMS,JUMBO,NL-NH,2026-10-01,2026-10-31,Monthly,,KG,3.31,3.31,2868.18212890625,xgboost_feat
PEAR_WILLIAMS,JUMBO,NL-NH,2026-11-01,2026-11-30,Monthly,,KG,3.31,3.31,2944.93505859375,xgboost_feat
PEAR_WILLIAMS,JUMBO,NL-NH,2026-12-01,2026-12-31,Monthly,,KG,2.8135,3.31,3044.29443359375,xgboost_feat
PEAR_WILLIAMS,JUMBO,NL-NH,2027-01-01,2027-01-31,Monthly,,KG,3.31,3.31,3011.34033203125,xgboost_feat
PEAR_WILLIAMS,JUMBO,NL-ZH,2026-02-01,2026-02-28,Monthly,,KG,3.307,3.307,3109.18310546875,xgboost_feat
PEAR_WILLIAMS,JUMBO,NL-ZH,2026-03-01,2026-03-31,Monthly,,KG,3.307,3.307,3055.883544921875,xgboost_feat
PEAR_WILLIAMS,JUMBO,NL-ZH,2026-04-01,2026-04-30,Monthly,,KG,3.307,3.307,2982.3935546875,xgboost_feat
PEAR_WILLIAMS,JUMBO,NL-ZH,2026-05-01,2026-05-31,Monthly,,KG,3.307,3.307,2724.5439453125,xgboost_feat
PEAR_WILLIAMS,JUMBO,NL-ZH,2026-06-01,2026-06-30,Monthly,,KG,3.307,3.307,2686.095703125,xgboost_feat
PEAR_WILLIAMS,JUMBO,NL-ZH,2026-07-01,2026-07-31,Monthly,,KG,3.307,3.307,2671.5478515625,xgboost_feat
PEAR_WILLIAMS,JUMBO,NL-ZH,2026-08-01,2026-08-31,Monthly,,KG,3.307,3.307,2676.97607421875,xgboost_feat
PEAR_WILLIAMS,JUMBO,NL-ZH,2026-09-01,2026-09-30,Monthly,,KG,3.307,3.307,2676.3232421875,xgboost_feat
PEAR_WILLIAMS,JUMBO,NL-ZH,2026-10-01,2026-10-31,Monthly,,KG,3.307,3.307,2881.032470703125,xgboost_feat
PEAR_WILLIAMS,JUMBO,NL-ZH,2026-11-01,2026-11-30,Monthly,,KG,3.307,3.307,2955.56884765625,xgboost_feat
PEAR_WILLIAMS,JUMBO,NL-ZH,2026-12-01,2026-12-31,Monthly,,KG,3.307,3.307,3041.521484375,xgboost_feat
PEAR_WILLIAMS,JUMBO,NL-ZH,2027-01-01,2027-01-31,Monthly,,KG,3.307,3.307,3013.817626953125,xgboost_feat
PEAR_WILLIAMS,MELEDI,NL-GE,2026-02-01,2026-02-28,Monthly,,KG,3.048,3.048,3100.54150390625,xgboost_feat
PEAR_WILLIAMS,MELEDI,NL-GE,2026-03-01,2026-03-31,Monthly,,KG,3.048,3.048,3052.48046875,xgboost_feat
PEAR_WILLIAMS,MELEDI,NL-GE,2026-04-01,2026-04-30,Monthly,,KG,3.048,3.048,2978.597900390625,xgboost_feat
PEAR_WILLIAMS,MELEDI,NL-GE,2026-05-01,2026-05-31,Monthly,,KG,3.048,3.048,2724.8037109375,xgboost_feat
PEAR_WILLIAMS,MELEDI,NL-GE,2026-06-01,2026-06-30,Monthly,,KG,3.048,3.048,2672.9208984375,xgboost_feat
PEAR_WILLIAMS,MELEDI,NL-GE,2026-07-01,2026-07-31,Monthly,,KG,3.048,3.048,2672.560302734375,xgboost_feat
PEAR_WILLIAMS,MELEDI,NL-GE,2026-08-01,2026-08-31,Monthly,,KG,3.048,3.048,2655.02587890625,xgboost_feat
PEAR_WILLIAMS,MELEDI,NL-GE,2026-09-01,2026-09-30,Monthly,,KG,3.048,3.048,2655.026611328125,xgboost_feat
PEAR_WILLIAMS,MELEDI,NL-GE,2026-10-01,2026-10-31,Monthly,,KG,3.048,3.048,2868.22900390625,xgboost_feat
PEAR_WILLIAMS,MELEDI,NL-GE,2026-11-01,2026-11-30,Monthly,,KG,3.048,3.048,3047.528564453125,xgboost_feat
PEAR_WILLIAMS,MELEDI,NL-GE,2026-12-01,2026-12-31,Monthly,,KG,3.048,3.048,3040.7568359375,xgboost_feat
PEAR_WILLIAMS,MELEDI,NL-GE,2027-01-01,2027-01-31,Monthly,,KG,3.048,3.048,3045.297119140625,xgboost_feat
PEAR_WILLIAMS,MELEDI,NL-NB,2026-02-01,2026-02-28,Monthly,,KG,3.104,3.104,3105.671875,xgboost_feat
PEAR_WILLIAMS,MELEDI,NL-NB,2026-03-01,2026-03-31,Monthly,,KG,3.104,3.104,2988.093505859375,xgboost_feat
PEAR_WILLIAMS,MELEDI,NL-NB,2026-04-01,2026-04-30,Monthly,,KG,3.104,3.104,2978.120849609375,xgboost_feat
PEAR_WILLIAMS,MELEDI,NL-NB,2026-05-01,2026-05-31,Monthly,,KG,3.104,3.104,2704.87060546875,xgboost_feat
PEAR_WILLIAMS,MELEDI,NL-NB,2026-06-01,2026-06-30,Monthly,,KG,3.104,3.104,2689.720947265625,xgboost_feat
PEAR_WILLIAMS,MELEDI,NL-NB,2026-07-01,2026-07-31,Monthly,,KG,3.104,3.104,2674.389404296875,xgboost_feat
PEAR_WILLIAMS,MELEDI,NL-NB,2026-08-01,2026-08-31,Monthly,,KG,3.104,3.104,2670.38232421875,xgboost_feat
PEAR_WILLIAMS,MELEDI,NL-NB,2026-09-01,2026-09-30,Monthly,,KG,3.104,3.104,2655.32568359375,xgboost_feat
PEAR_WILLIAMS,MELEDI,NL-NB,2026-10-01,2026-10-31,Monthly,,KG,3.104,3.104,2900.9384765625,xgboost_feat
PEAR_WILLIAMS,MELEDI,NL-NB,2026-11-01,2026-11-30,Monthly,,KG,3.104,3.104,3048.975830078125,xgboost_feat
PEAR_WILLIAMS,MELEDI,NL-NB,2026-12-01,2026-12-31,Monthly,,KG,3.104,3.104,3068.5859375,xgboost_feat
PEAR_WILLIAMS,MELEDI,NL-NB,2027-01-01,2027-01-31,Monthly,,KG,3.104,3.104,3012.968505859375,xgboost_feat
PEAR_WILLIAMS,MELEDI,NL-NH,2026-02-01,2026-02-28,Monthly,,KG,3.204,3.204,3105.52099609375,xgboost_feat
PEAR_WILLIAMS,MELEDI,NL-NH,2026-03-01,2026-03-31,Monthly,,KG,3.204,3.204,3059.0634765625,xgboost_feat
PEAR_WILLIAMS,MELEDI,NL-NH,2026-04-01,2026-04-30,Monthly,,KG,3.204,3.204,2978.597900390625,xgboost_feat
PEAR_WILLIAMS,MELEDI,NL-NH,2026-05-01,2026-05-31,Monthly,,KG,3.204,3.204,2952.318115234375,xgboost_feat
PEAR_WILLIAMS,MELEDI,NL-NH,2026-06-01,2026-06-30,Monthly,,KG,3.204,3.204,2674.252197265625,xgboost_feat
PEAR_WILLIAMS,MELEDI,NL-NH,2026-07-01,2026-07-31,Monthly,,KG,3.204,3.204,2672.5283203125,xgboost_feat
PEAR_WILLIAMS,MELEDI,NL-NH,2026-08-01,2026-08-31,Monthly,,KG,3.204,3.204,2682.517578125,xgboost_feat
PEAR_WILLIAMS,MELEDI,NL-NH,2026-09-01,2026-09-30,Monthly,,KG,3.204,3.204,2655.04296875,xgboost_feat
PEAR_WILLIAMS,MELEDI,NL-NH,2026-10-01,2026-10-31,Monthly,,KG,3.204,3.204,2868.1826171875,xgboost_feat
PEAR_WILLIAMS,MELEDI,NL-NH,2026-11-01,2026-11-30,Monthly,,KG,3.204,3.204,2944.93505859375,xgboost_feat
PEAR_WILLIAMS,MELEDI,NL-NH,2026-12-01,2026-12-31,Monthly,,KG,3.204,3.204,3040.63427734375,xgboost_feat
PEAR_WILLIAMS,MELEDI,NL-NH,2027-01-01,2027-01-31,Monthly,,KG,3.204,3.204,3011.177978515625,xgboost_feat
PEAR_WILLIAMS,MELEDI,NL-ZH,2026-02-01,2026-02-28,Monthly,,KG,3.327,3.327,3100.8681640625,xgboost_feat
PEAR_WILLIAMS,MELEDI,NL-ZH,2026-03-01,2026-03-31,Monthly,,KG,3.327,3.327,3052.083984375,xgboost_feat
PEAR_WILLIAMS,MELEDI,NL-ZH,2026-04-01,2026-04-30,Monthly,,KG,3.327,3.327,2978.597900390625,xgboost_feat
PEAR_WILLIAMS,MELEDI,NL-ZH,2026-05-01,2026-05-31,Monthly,,KG,3.327,3.327,2725.472900390625,xgboost_feat
PEAR_WILLIAMS,MELEDI,NL-ZH,2026-06-01,2026-06-30,Monthly,,KG,3.327,3.327,2686.9482421875,xgboost_feat
PEAR_WILLIAMS,MELEDI,NL-ZH,2026-07-01,2026-07-31,Monthly,,KG,3.327,3.327,2672.189453125,xgboost_feat
PEAR_WILLIAMS,MELEDI,NL-ZH,2026-08-01,2026-08-31,Monthly,,KG,3.327,3.327,2655.695556640625,xgboost_feat
PEAR_WILLIAMS,MELEDI,NL-ZH,2026-09-01,2026-09-30,Monthly,,KG,3.327,3.327,2655.06005859375,xgboost_feat
PEAR_WILLIAMS,MELEDI,NL-ZH,2026-10-01,2026-10-31,Monthly,,KG,3.327,3.327,2868.1826171875,xgboost_feat
PEAR_WILLIAMS,MELEDI,NL-ZH,2026-11-01,2026-11-30,Monthly,,KG,3.327,3.327,2953.596435546875,xgboost_feat
PEAR_WILLIAMS,MELEDI,NL-ZH,2026-12-01,2026-12-31,Monthly,,KG,3.327,3.327,3040.6396484375,xgboost_feat
PEAR_WILLIAMS,MELEDI,NL-ZH,2027-01-01,2027-01-31,Monthly,,KG,3.327,3.327,3012.706787109375,xgboost_feat
PEAR_WILLIAMS,PICNIC,NL-GE,2026-02-01,2026-02-28,Monthly,,KG,3.028,3.028,3072.935546875,xgboost_feat
PEAR_WILLIAMS,PICNIC,NL-GE,2026-03-01,2026-03-31,Monthly,,KG,3.028,3.028,3052.48046875,xgboost_feat
PEAR_WILLIAMS,PICNIC,NL-GE,2026-04-01,2026-04-30,Monthly,,KG,3.028,3.028,2978.597900390625,xgboost_feat
PEAR_WILLIAMS,PICNIC,NL-GE,2026-05-01,2026-05-31,Monthly,,KG,3.028,3.028,2724.8037109375,xgboost_feat
PEAR_WILLIAMS,PICNIC,NL-GE,2026-06-01,2026-06-30,Monthly,,KG,3.028,3.028,2672.9208984375,xgboost_feat
PEAR_WILLIAMS,PICNIC,NL-GE,2026-07-01,2026-07-31,Monthly,,KG,3.028,3.028,2672.560302734375,xgboost_feat
PEAR_WILLIAMS,PICNIC,NL-GE,2026-08-01,2026-08-31,Monthly,,KG,3.028,3.028,2655.02587890625,xgboost_feat
PEAR_WILLIAMS,PICNIC,NL-GE,2026-09-01,2026-09-30,Monthly,,KG,3.028,3.028,2655.026611328125,xgboost_feat
PEAR_WILLIAMS,PICNIC,NL-GE,2026-10-01,2026-10-31,Monthly,,KG,3.028,3.028,2868.22900390625,xgboost_feat
PEAR_WILLIAMS,PICNIC,NL-GE,2026-11-01,2026-11-30,Monthly,,KG,3.028,3.028,3047.528564453125,xgboost_feat
PEAR_WILLIAMS,PICNIC,NL-GE,2026-12-01,2026-12-31,Monthly,,KG,3.028,3.028,3040.7568359375,xgboost_feat
PEAR_WILLIAMS,PICNIC,NL-GE,2027-01-01,2027-01-31,Monthly,,KG,3.028,3.028,3045.297119140625,xgboost_feat
PEAR_WILLIAMS,PICNIC,NL-NB,2026-02-01,2026-02-28,Monthly,,KG,3.141,3.141,3105.52099609375,xgboost_feat
PEAR_WILLIAMS,PICNIC,NL-NB,2026-03-01,2026-03-31,Monthly,,KG,3.141,3.141,2988.093505859375,xgboost_feat
PEAR_WILLIAMS,PICNIC,NL-NB,2026-04-01,2026-04-30,Monthly,,KG,3.141,3.141,2978.120849609375,xgboost_feat
PEAR_WILLIAMS,PICNIC,NL-NB,2026-05-01,2026-05-31,Monthly,,KG,3.141,3.141,2704.87060546875,xgboost_feat
PEAR_WILLIAMS,PICNIC,NL-NB,2026-06-01,2026-06-30,Monthly,,KG,3.141,3.141,2689.720947265625,xgboost_feat
PEAR_WILLIAMS,PICNIC,NL-NB,2026-07-01,2026-07-31,Monthly,,KG,3.141,3.141,2674.389404296875,xgboost_feat
PEAR_WILLIAMS,PICNIC,NL-NB,2026-08-01,2026-08-31,Monthly,,KG,3.141,3.141,2670.38232421875,xgboost_feat
PEAR_WILLIAMS,PICNIC,NL-NB,2026-09-01,2026-09-30,Monthly,,KG,3.141,3.141,2655.32568359375,xgboost_feat
PEAR_WILLIAMS,PICNIC,NL-NB,2026-10-01,2026-10-31,Monthly,,KG,3.141,3.141,2900.9384765625,xgboost_feat
PEAR_WILLIAMS,PICNIC,NL-NB,2026-11-01,2026-11-30,Monthly,,KG,3.141,3.141,3048.975830078125,xgboost_feat
PEAR_WILLIAMS,PICNIC,NL-NB,2026-12-01,2026-12-31,Monthly,,KG,3.141,3.141,3068.5859375,xgboost_feat
PEAR_WILLIAMS,PICNIC,NL-NB,2027-01-01,2027-01-31,Monthly,,KG,3.141,3.141,3012.968505859375,xgboost_feat
PEAR_WILLIAMS,PICNIC,NL-NH,2026-02-01,2026-02-28,Monthly,,KG,3.289,3.289,3105.52099609375,xgboost_feat
PEAR_WILLIAMS,PICNIC,NL-NH,2026-03-01,2026-03-31,Monthly,,KG,3.289,3.289,3059.0634765625,xgboost_feat
PEAR_WILLIAMS,PICNIC,NL-NH,2026-04-01,2026-04-30,Monthly,,KG,3.289,3.289,2978.597900390625,xgboost_feat
PEAR_WILLIAMS,PICNIC,NL-NH,2026-05-01,2026-05-31,Monthly,,KG,3.289,3.289,2952.318115234375,xgboost_feat
PEAR_WILLIAMS,PICNIC,NL-NH,2026-06-01,2026-06-30,Monthly,,KG,3.289,3.289,2674.252197265625,xgboost_feat
PEAR_WILLIAMS,PICNIC,NL-NH,2026-07-01,2026-07-31,Monthly,,KG,3.289,3.289,2672.526123046875,xgboost_feat
PEAR_WILLIAMS,PICNIC,NL-NH,2026-08-01,2026-08-31,Monthly,,KG,3.289,3.289,2682.517578125,xgboost_feat
PEAR_WILLIAMS,PICNIC,NL-NH,2026-09-01,2026-09-30,Monthly,,KG,3.289,3.289,2655.04296875,xgboost_feat
PEAR_WILLIAMS,PICNIC,NL-NH,2026-10-01,2026-10-31,Monthly,,KG,3.289,3.289,2868.1826171875,xgboost_feat
PEAR_WILLIAMS,PICNIC,NL-NH,2026-11-01,2026-11-30,Monthly,,KG,3.289,3.289,2944.93505859375,xgboost_feat
PEAR_WILLIAMS,PICNIC,NL-NH,2026-12-01,2026-12-31,Monthly,,KG,3.289,3.289,3040.63427734375,xgboost_feat
PEAR_WILLIAMS,PICNIC,NL-NH,2027-01-01,2027-01-31,Monthly,,KG,3.289,3.289,3012.706787109375,xgboost_feat
PEAR_WILLIAMS,PICNIC,NL-ZH,2026-02-01,2026-02-28,Monthly,,KG,3.349,3.349,3100.54150390625,xgboost_feat
PEAR_WILLIAMS,PICNIC,NL-ZH,2026-03-01,2026-03-31,Monthly,,KG,3.349,3.349,3052.083984375,xgboost_feat
PEAR_WILLIAMS,PICNIC,NL-ZH,2026-04-01,2026-04-30,Monthly,,KG,3.349,3.349,2978.597900390625,xgboost_feat
PEAR_WILLIAMS,PICNIC,NL-ZH,2026-05-01,2026-05-31,Monthly,,KG,3.349,3.349,2725.472900390625,xgboost_feat
PEAR_WILLIAMS,PICNIC,NL-ZH,2026-06-01,2026-06-30,Monthly,,KG,3.349,3.349,2686.9482421875,xgboost_feat
PEAR_WILLIAMS,PICNIC,NL-ZH,2026-07-01,2026-07-31,Monthly,,KG,3.349,3.349,2672.187255859375,xgboost_feat
PEAR_WILLIAMS,PICNIC,NL-ZH,2026-08-01,2026-08-31,Monthly,,KG,3.349,3.349,2655.695556640625,xgboost_feat
PEAR_WILLIAMS,PICNIC,NL-ZH,2026-09-01,2026-09-30,Monthly,,KG,3.349,3.349,2655.06005859375,xgboost_feat
PEAR_WILLIAMS,PICNIC,NL-ZH,2026-10-01,2026-10-31,Monthly,,KG,3.349,3.349,2868.1826171875,xgboost_feat
PEAR_WILLIAMS,PICNIC,NL-ZH,2026-11-01,2026-11-30,Monthly,,KG,3.349,3.349,2953.596435546875,xgboost_feat
PEAR_WILLIAMS,PICNIC,NL-ZH,2026-12-01,2026-12-31,Monthly,,KG,3.349,3.349,3040.6396484375,xgboost_feat
PEAR_WILLIAMS,PICNIC,NL-ZH,2027-01-01,2027-01-31,Monthly,,KG,3.349,3.349,3012.706787109375,xgboost_feat
PEAR_WILLIAMS,PLUS,NL-GE,2026-02-01,2026-02-28,Monthly,,KG,3.053,3.053,3100.701171875,xgboost_feat
PEAR_WILLIAMS,PLUS,NL-GE,2026-03-01,2026-03-31,Monthly,,KG,3.053,3.053,3052.48046875,xgboost_feat
PEAR_WILLIAMS,PLUS,NL-GE,2026-04-01,2026-04-30,Monthly,,KG,3.053,3.053,2978.597900390625,xgboost_feat
PEAR_WILLIAMS,PLUS,NL-GE,2026-05-01,2026-05-31,Monthly,,KG,3.053,3.053,2724.8037109375,xgboost_feat
PEAR_WILLIAMS,PLUS,NL-GE,2026-06-01,2026-06-30,Monthly,,KG,3.053,3.053,2672.923095703125,xgboost_feat
PEAR_WILLIAMS,PLUS,NL-GE,2026-07-01,2026-07-31,Monthly,,KG,3.053,3.053,2672.5625,xgboost_feat
PEAR_WILLIAMS,PLUS,NL-GE,2026-08-01,2026-08-31,Monthly,,KG,3.053,3.053,2655.05712890625,xgboost_feat
PEAR_WILLIAMS,PLUS,NL-GE,2026-09-01,2026-09-30,Monthly,,KG,3.053,3.053,2655.026611328125,xgboost_feat
PEAR_WILLIAMS,PLUS,NL-GE,2026-10-01,2026-10-31,Monthly,,KG,3.053,3.053,2868.22900390625,xgboost_feat
PEAR_WILLIAMS,PLUS,NL-GE,2026-11-01,2026-11-30,Monthly,,KG,3.053,3.053,3047.528564453125,xgboost_feat
PEAR_WILLIAMS,PLUS,NL-GE,2026-12-01,2026-12-31,Monthly,,KG,3.053,3.053,3040.8037109375,xgboost_feat
PEAR_WILLIAMS,PLUS,NL-GE,2027-01-01,2027-01-31,Monthly,,KG,3.053,3.053,3046.38671875,xgboost_feat
PEAR_WILLIAMS,PLUS,NL-NB,2026-02-01,2026-02-28,Monthly,,KG,3.198,3.198,3100.4208984375,xgboost_feat
PEAR_WILLIAMS,PLUS,NL-NB,2026-03-01,2026-03-31,Monthly,,KG,3.198,3.198,2991.88720703125,xgboost_feat
PEAR_WILLIAMS,PLUS,NL-NB,2026-04-01,2026-04-30,Monthly,,KG,3.198,3.198,2978.08447265625,xgboost_feat
PEAR_WILLIAMS,PLUS,NL-NB,2026-05-01,2026-05-31,Monthly,,KG,3.198,3.198,2704.87060546875,xgboost_feat
PEAR_WILLIAMS,PLUS,NL-NB,2026-06-01,2026-06-30,Monthly,,KG,2.8782,3.198,2689.778564453125,xgboost_feat
PEAR_WILLIAMS,PLUS,NL-NB,2026-07-01,2026-07-31,Monthly,,KG,3.198,3.198,2673.568359375,xgboost_feat
PEAR_WILLIAMS,PLUS,NL-NB,2026-08-01,2026-08-31,Monthly,,KG,3.198,3.198,2670.76953125,xgboost_feat
PEAR_WILLIAMS,PLUS,NL-NB,2026-09-01,2026-09-30,Monthly,,KG,3.198,3.198,2678.95361328125,xgboost_feat
PEAR_WILLIAMS,PLUS,NL-NB,2026-10-01,2026-10-31,Monthly,,KG,3.198,3.198,2903.180419921875,xgboost_feat
PEAR_WILLIAMS,PLUS,NL-NB,2026-11-01,2026-11-30,Monthly,,KG,3.198,3.198,3050.927978515625,xgboost_feat
PEAR_WILLIAMS,PLUS,NL-NB,2026-12-01,2026-12-31,Monthly,,KG,3.198,3.198,3070.540283203125,xgboost_feat
PEAR_WILLIAMS,PLUS,NL-NB,2027-01-01,2027-01-31,Monthly,,KG,3.198,3.198,3014.157958984375,xgboost_feat
PEAR_WILLIAMS,PLUS,NL-NH,2026-02-01,2026-02-28,Monthly,,KG,3.31,3.31,3104.541015625,xgboost_feat
PEAR_WILLIAMS,PLUS,NL-NH,2026-03-01,2026-03-31,Monthly,,KG,3.31,3.31,3059.032470703125,xgboost_feat
PEAR_WILLIAMS,PLUS,NL-NH,2026-04-01,2026-04-30,Monthly,,KG,3.31,3.31,2978.561767578125,xgboost_feat
PEAR_WILLIAMS,PLUS,NL-NH,2026-05-01,2026-05-31,Monthly,,KG,3.31,3.31,2952.28369140625,xgboost_feat
PEAR_WILLIAMS,PLUS,NL-NH,2026-06-01,2026-06-30,Monthly,,KG,3.31,3.31,2674.2548828125,xgboost_feat
PEAR_WILLIAMS,PLUS,NL-NH,2026-07-01,2026-07-31,Monthly,,KG,3.31,3.31,2671.70556640625,xgboost_feat
PEAR_WILLIAMS,PLUS,NL-NH,2026-08-01,2026-08-31,Monthly,,KG,3.31,3.31,2710.74072265625,xgboost_feat
PEAR_WILLIAMS,PLUS,NL-NH,2026-09-01,2026-09-30,Monthly,,KG,3.31,3.31,2656.7236328125,xgboost_feat
PEAR_WILLIAMS,PLUS,NL-NH,2026-10-01,2026-10-31,Monthly,,KG,3.31,3.31,2870.38232421875,xgboost_feat
PEAR_WILLIAMS,PLUS,NL-NH,2026-11-01,2026-11-30,Monthly,,KG,3.31,3.31,2946.93212890625,xgboost_feat
PEAR_WILLIAMS,PLUS,NL-NH,2026-12-01,2026-12-31,Monthly,,KG,3.31,3.31,3041.093505859375,xgboost_feat
PEAR_WILLIAMS,PLUS,NL-NH,2027-01-01,2027-01-31,Monthly,,KG,3.31,3.31,3013.937744140625,xgboost_feat
PEAR_WILLIAMS,PLUS,NL-ZH,2026-02-01,2026-02-28,Monthly,,KG,3.364,3.364,3100.7822265625,xgboost_feat
PEAR_WILLIAMS,PLUS,NL-ZH,2026-03-01,2026-03-31,Monthly,,KG,3.364,3.364,3055.883544921875,xgboost_feat
PEAR_WILLIAMS,PLUS,NL-ZH,2026-04-01,2026-04-30,Monthly,,KG,3.364,3.364,2982.3935546875,xgboost_feat
PEAR_WILLIAMS,PLUS,NL-ZH,2026-05-01,2026-05-31,Monthly,,KG,3.364,3.364,2725.3671875,xgboost_feat
PEAR_WILLIAMS,PLUS,NL-ZH,2026-06-01,2026-06-30,Monthly,,KG,3.364,3.364,2686.091796875,xgboost_feat
PEAR_WILLIAMS,PLUS,NL-ZH,2026-07-01,2026-07-31,Monthly,,KG,3.364,3.364,2671.54736328125,xgboost_feat
PEAR_WILLIAMS,PLUS,NL-ZH,2026-08-01,2026-08-31,Monthly,,KG,3.364,3.364,2677.15380859375,xgboost_feat
PEAR_WILLIAMS,PLUS,NL-ZH,2026-09-01,2026-09-30,Monthly,,KG,3.364,3.364,2676.5009765625,xgboost_feat
PEAR_WILLIAMS,PLUS,NL-ZH,2026-10-01,2026-10-31,Monthly,,KG,3.364,3.364,2911.750732421875,xgboost_feat
PEAR_WILLIAMS,PLUS,NL-ZH,2026-11-01,2026-11-30,Monthly,,KG,3.364,3.364,2968.757568359375,xgboost_feat
PEAR_WILLIAMS,PLUS,NL-ZH,2026-12-01,2026-12-31,Monthly,,KG,3.364,3.364,3041.34765625,xgboost_feat
PEAR_WILLIAMS,PLUS,NL-ZH,2027-01-01,2027-01-31,Monthly,,KG,3.364,3.364,3013.905029296875,xgboost_feat
PEAR_WILLIAMS,SLIGRO,NL-GE,2026-02-01,2026-02-28,Monthly,,KG,3.042,3.042,3100.54150390625,xgboost_feat
PEAR_WILLIAMS,SLIGRO,NL-GE,2026-03-01,2026-03-31,Monthly,,KG,3.042,3.042,3052.48046875,xgboost_feat
PEAR_WILLIAMS,SLIGRO,NL-GE,2026-04-01,2026-04-30,Monthly,,KG,3.042,3.042,2978.597900390625,xgboost_feat
PEAR_WILLIAMS,SLIGRO,NL-GE,2026-05-01,2026-05-31,Monthly,,KG,3.042,3.042,2724.8037109375,xgboost_feat
PEAR_WILLIAMS,SLIGRO,NL-GE,2026-06-01,2026-06-30,Monthly,,KG,3.042,3.042,2672.9208984375,xgboost_feat
PEAR_WILLIAMS,SLIGRO,NL-GE,2026-07-01,2026-07-31,Monthly,,KG,3.042,3.042,2672.560302734375,xgboost_feat
PEAR_WILLIAMS,SLIGRO,NL-GE,2026-08-01,2026-08-31,Monthly,,KG,3.042,3.042,2655.02587890625,xgboost_feat
PEAR_WILLIAMS,SLIGRO,NL-GE,2026-09-01,2026-09-30,Monthly,,KG,3.042,3.042,2655.026611328125,xgboost_feat
PEAR_WILLIAMS,SLIGRO,NL-GE,2026-10-01,2026-10-31,Monthly,,KG,3.042,3.042,2868.22900390625,xgboost_feat
PEAR_WILLIAMS,SLIGRO,NL-GE,2026-11-01,2026-11-30,Monthly,,KG,3.042,3.042,3047.528564453125,xgboost_feat
PEAR_WILLIAMS,SLIGRO,NL-GE,2026-12-01,2026-12-31,Monthly,,KG,3.042,3.042,3040.7568359375,xgboost_feat
PEAR_WILLIAMS,SLIGRO,NL-GE,2027-01-01,2027-01-31,Monthly,,KG,3.042,3.042,3045.297119140625,xgboost_feat
PEAR_WILLIAMS,SLIGRO,NL-NB,2026-02-01,2026-02-28,Monthly,,KG,3.182,3.182,3105.67138671875,xgboost_feat
PEAR_WILLIAMS,SLIGRO,NL-NB,2026-03-01,2026-03-31,Monthly,,KG,3.182,3.182,2988.093505859375,xgboost_feat
PEAR_WILLIAMS,SLIGRO,NL-NB,2026-04-01,2026-04-30,Monthly,,KG,3.182,3.182,2978.120849609375,xgboost_feat
PEAR_WILLIAMS,SLIGRO,NL-NB,2026-05-01,2026-05-31,Monthly,,KG,3.182,3.182,2704.87060546875,xgboost_feat
PEAR_WILLIAMS,SLIGRO,NL-NB,2026-06-01,2026-06-30,Monthly,,KG,3.182,3.182,2689.720947265625,xgboost_feat
PEAR_WILLIAMS,SLIGRO,NL-NB,2026-07-01,2026-07-31,Monthly,,KG,3.182,3.182,2674.389404296875,xgboost_feat
PEAR_WILLIAMS,SLIGRO,NL-NB,2026-08-01,2026-08-31,Monthly,,KG,3.182,3.182,2670.38232421875,xgboost_feat
PEAR_WILLIAMS,SLIGRO,NL-NB,2026-09-01,2026-09-30,Monthly,,KG,2.5456000000000003,3.182,2532.6279296875,xgboost_feat
PEAR_WILLIAMS,SLIGRO,NL-NB,2026-10-01,2026-10-31,Monthly,,KG,3.182,3.182,2900.769775390625,xgboost_feat
PEAR_WILLIAMS,SLIGRO,NL-NB,2026-11-01,2026-11-30,Monthly,,KG,3.182,3.182,3044.177978515625,xgboost_feat
PEAR_WILLIAMS,SLIGRO,NL-NB,2026-12-01,2026-12-31,Monthly,,KG,3.182,3.182,3016.870361328125,xgboost_feat
PEAR_WILLIAMS,SLIGRO,NL-NB,2027-01-01,2027-01-31,Monthly,,KG,3.182,3.182,3013.095458984375,xgboost_feat
PEAR_WILLIAMS,SLIGRO,NL-NH,2026-02-01,2026-02-28,Monthly,,KG,3.237,3.237,3105.52099609375,xgboost_feat
PEAR_WILLIAMS,SLIGRO,NL-NH,2026-03-01,2026-03-31,Monthly,,KG,3.237,3.237,3059.0634765625,xgboost_feat
PEAR_WILLIAMS,SLIGRO,NL-NH,2026-04-01,2026-04-30,Monthly,,KG,3.237,3.237,2978.597900390625,xgboost_feat
PEAR_WILLIAMS,SLIGRO,NL-NH,2026-05-01,2026-05-31,Monthly,,KG,3.237,3.237,2952.318115234375,xgboost_feat
PEAR_WILLIAMS,SLIGRO,NL-NH,2026-06-01,2026-06-30,Monthly,,KG,3.237,3.237,2674.252197265625,xgboost_feat
PEAR_WILLIAMS,SLIGRO,NL-NH,2026-07-01,2026-07-31,Monthly,,KG,3.237,3.237,2672.5283203125,xgboost_feat
PEAR_WILLIAMS,SLIGRO,NL-NH,2026-08-01,2026-08-31,Monthly,,KG,3.237,3.237,2682.517578125,xgboost_feat
PEAR_WILLIAMS,SLIGRO,NL-NH,2026-09-01,2026-09-30,Monthly,,KG,3.237,3.237,2655.04296875,xgboost_feat
PEAR_WILLIAMS,SLIGRO,NL-NH,2026-10-01,2026-10-31,Monthly,,KG,3.237,3.237,2868.1826171875,xgboost_feat
PEAR_WILLIAMS,SLIGRO,NL-NH,2026-11-01,2026-11-30,Monthly,,KG,3.237,3.237,2944.93505859375,xgboost_feat
PEAR_WILLIAMS,SLIGRO,NL-NH,2026-12-01,2026-12-31,Monthly,,KG,3.237,3.237,3040.63427734375,xgboost_feat
PEAR_WILLIAMS,SLIGRO,NL-NH,2027-01-01,2027-01-31,Monthly,,KG,3.237,3.237,3012.706787109375,xgboost_feat
PEAR_WILLIAMS,SLIGRO,NL-ZH,2026-02-01,2026-02-28,Monthly,,KG,3.344,3.344,3100.54150390625,xgboost_feat
PEAR_WILLIAMS,SLIGRO,NL-ZH,2026-03-01,2026-03-31,Monthly,,KG,3.344,3.344,3052.083984375,xgboost_feat
PEAR_WILLIAMS,SLIGRO,NL-ZH,2026-04-01,2026-04-30,Monthly,,KG,3.344,3.344,2978.597900390625,xgboost_feat
PEAR_WILLIAMS,SLIGRO,NL-ZH,2026-05-01,2026-05-31,Monthly,,KG,3.344,3.344,2725.472900390625,xgboost_feat
PEAR_WILLIAMS,SLIGRO,NL-ZH,2026-06-01,2026-06-30,Monthly,,KG,3.344,3.344,2686.9482421875,xgboost_feat
PEAR_WILLIAMS,SLIGRO,NL-ZH,2026-07-01,2026-07-31,Monthly,,KG,3.344,3.344,2672.189453125,xgboost_feat
PEAR_WILLIAMS,SLIGRO,NL-ZH,2026-08-01,2026-08-31,Monthly,,KG,3.344,3.344,2655.695556640625,xgboost_feat
PEAR_WILLIAMS,SLIGRO,NL-ZH,2026-09-01,2026-09-30,Monthly,,KG,3.344,3.344,2655.06005859375,xgboost_feat
PEAR_WILLIAMS,SLIGRO,NL-ZH,2026-10-01,2026-10-31,Monthly,,KG,3.344,3.344,2868.1826171875,xgboost_feat
PEAR_WILLIAMS,SLIGRO,NL-ZH,2026-11-01,2026-11-30,Monthly,,KG,3.344,3.344,2953.596435546875,xgboost_feat
PEAR_WILLIAMS,SLIGRO,NL-ZH,2026-12-01,2026-12-31,Monthly,,KG,3.344,3.344,3040.6396484375,xgboost_feat
PEAR_WILLIAMS,SLIGRO,NL-ZH,2027-01-01,2027-01-31,Monthly,,KG,3.344,3.344,3012.706787109375,xgboost_feat
