ProductID,ChannelID,LocationID,StartDate,EndDate,Period,Qty,UOM,NetPrice,ListPrice,ForecastQty,Method
APPLE_ELSTAR,ONLINE,NL-GE,2026-02-02,2026-02-02,Daily,,KG,2.569,2.569,151.1444549560547,xgboost_feat
APPLE_ELSTAR,ONLINE,NL-GE,2026-02-03,2026-02-03,Daily,,KG,2.569,2.569,163.68804931640625,xgboost_feat
APPLE_ELSTAR,ONLINE,NL-GE,2026-02-04,2026-02-04,Daily,,KG,2.569,2.569,146.7887420654297,xgboost_feat
APPLE_ELSTAR,ONLINE,NL-GE,2026-02-05,2026-02-05,Daily,,KG,2.569,2.569,156.55821228027344,xgboost_feat
APPLE_ELSTAR,ONLINE,NL-GE,2026-02-06,2026-02-06,Daily,,KG,2.569,2.569,158.00704956054688,xgboost_feat
APPLE_ELSTAR,ONLINE,NL-GE,2026-02-07,2026-02-07,Daily,,KG,2.569,2.569,128.42417907714844,xgboost_feat
APPLE_ELSTAR,ONLINE,NL-GE,2026-02-08,2026-02-08,Daily,,KG,2.569,2.569,115.32007598876953,xgboost_feat
APPLE_ELSTAR,ONLINE,NL-GE,2026-02-09,2026-02-09,Daily,,KG,2.569,2.569,144.5256805419922,xgboost_feat
APPLE_ELSTAR,ONLINE,NL-GE,2026-02-10,2026-02-10,Daily,,KG,2.569,2.569,139.0242919921875,xgboost_feat
APPLE_ELSTAR,ONLINE,NL-GE,2026-02-11,2026-02-11,Daily,,KG,2.569,2.569,127.45587158203125,xgboost_feat
APPLE_ELSTAR,ONLINE,NL-GE,2026-02-12,2026-02-12,Daily,,KG,2.569,2.569,151.65341186523438,xgboost_feat
APPLE_ELSTAR,ONLINE,NL-GE,2026-02-13,2026-02-13,Daily,,KG,2.569,2.569,176.20042419433594,xgboost_feat
APPLE_ELSTAR,ONLINE,NL-GE,2026-02-14,2026-02-14,Daily,,KG,2.569,2.569,145.73365783691406,xgboost_feat
APPLE_ELSTAR,ONLINE,NL-GE,2026-02-15,2026-02-15,Daily,,KG,2.569,2.569,141.7855987548828,xgboost_feat
APPLE_ELSTAR,ONLINE,NL-GE,2026-02-16,2026-02-16,Daily,,KG,2.569,2.569,161.81402587890625,xgboost_feat
APPLE_ELSTAR,ONLINE,NL-GE,2026-02-17,2026-02-17,Daily,,KG,2.569,2.569,165.045654296875,xgboost_feat
APPLE_ELSTAR,ONLINE,NL-GE,2026-02-18,2026-02-18,Daily,,KG,2.569,2.569,128.1551513671875,xgboost_feat
APPLE_ELSTAR,ONLINE,NL-GE,2026-02-19,2026-02-19,Daily,,KG,2.569,2.569,148.3599090576172,xgboost_feat
APPLE_ELSTAR,ONLINE,NL-GE,2026-02-20,2026-02-20,Daily,,KG,2.569,2.569,168.2166290283203,xgboost_feat
APPLE_ELSTAR,ONLINE,NL-GE,2026-02-21,2026-02-21,Daily,,KG,2.569,2.569,140.0513916015625,xgboost_feat
APPLE_ELSTAR,ONLINE,NL-GE,2026-02-22,2026-02-22,Daily,,KG,2.569,2.569,123.30695343017578,xgboost_feat
APPLE_ELSTAR,ONLINE,NL-GE,2026-02-23,2026-02-23,Daily,,KG,2.569,2.569,152.11729431152344,xgboost_feat
APPLE_ELSTAR,ONLINE,NL-GE,2026-02-24,2026-02-24,Daily,,KG,2.569,2.569,153.10629272460938,xgboost_feat
APPLE_ELSTAR,ONLINE,NL-GE,2026-02-25,2026-02-25,Daily,,KG,2.569,2.569,159.33758544921875,xgboost_feat
APPLE_ELSTAR,ONLINE,NL-GE,2026-02-26,2026-02-26,Daily,,KG,2.569,2.569,133.7270050048828,xgboost_feat
APPLE_ELSTAR,ONLINE,NL-GE,2026-02-27,2026-02-27,Daily,,KG,2.569,2.569,150.59188842773438,xgboost_feat
APPLE_ELSTAR,ONLINE,NL-GE,2026-02-28,2026-02-28,Daily,,KG,2.569,2.569,154.01370239257812,xgboost_feat
APPLE_ELSTAR,ONLINE,NL-GE,2026-03-01,2026-03-01,Daily,,KG,2.569,2.569,136.56658935546875,xgboost_feat
APPLE_ELSTAR,ONLINE,NL-NB,2026-02-02,2026-02-02,Daily,,KG,2.652,2.652,156.783935546875,xgboost_feat
APPLE_ELSTAR,ONLINE,NL-NB,2026-02-03,2026-02-03,Daily,,KG,2.652,2.652,163.49310302734375,xgboost_feat
APPLE_ELSTAR,ONLINE,NL-NB,2026-02-04,2026-02-04,Daily,,KG,2.652,2.652,151.72547912597656,xgboost_feat
APPLE_ELSTAR,ONLINE,NL-NB,2026-02-05,2026-02-05,Daily,,KG,2.652,2.652,171.37139892578125,xgboost_feat
APPLE_ELSTAR,ONLINE,NL-NB,2026-02-06,2026-02-06,Daily,,KG,2.652,2.652,168.7993927001953,xgboost_feat
APPLE_ELSTAR,ONLINE,NL-NB,2026-02-07,2026-02-07,Daily,,KG,2.652,2.652,119.79068756103516,xgboost_feat
APPLE_ELSTAR,ONLINE,NL-NB,2026-02-08,2026-02-08,Daily,,KG,2.652,2.652,124.17095947265625,xgboost_feat
APPLE_ELSTAR,ONLINE,NL-NB,2026-02-09,2026-02-09,Daily,,KG,2.652,2.652,155.42889404296875,xgboost_feat
APPLE_ELSTAR,ONLINE,NL-NB,2026-02-10,2026-02-10,Daily,,KG,2.652,2.652,150.78367614746094,xgboost_feat
APPLE_ELSTAR,ONLINE,NL-NB,2026-02-11,2026-02-11,Daily,,KG,2.652,2.652,152.39944458007812,xgboost_feat
APPLE_ELSTAR,ONLINE,NL-NB,2026-02-12,2026-02-12,Daily,,KG,2.652,2.652,165.98959350585938,xgboost_feat
APPLE_ELSTAR,ONLINE,NL-NB,2026-02-13,2026-02-13,Daily,,KG,2.652,2.652,166.55545043945312,xgboost_feat
APPLE_ELSTAR,ONLINE,NL-NB,2026-02-14,2026-02-14,Daily,,KG,2.652,2.652,138.3345184326172,xgboost_feat
APPLE_ELSTAR,ONLINE,NL-NB,2026-02-15,2026-02-15,Daily,,KG,2.652,2.652,139.04420471191406,xgboost_feat
APPLE_ELSTAR,ONLINE,NL-NB,2026-02-16,2026-02-16,Daily,,KG,2.652,2.652,151.2243194580078,xgboost_feat
APPLE_ELSTAR,ONLINE,NL-NB,2026-02-17,2026-02-17,Daily,,KG,2.652,2.652,174.85630798339844,xgboost_feat
APPLE_ELSTAR,ONLINE,NL-NB,2026-02-18,2026-02-18,Daily,,KG,2.652,2.652,136.432861328125,xgboost_feat
APPLE_ELSTAR,ONLINE,NL-NB,2026-02-19,2026-02-19,Daily,,KG,2.652,2.652,154.68380737304688,xgboost_feat
APPLE_ELSTAR,ONLINE,NL-NB,2026-02-20,2026-02-20,Daily,,KG,2.652,2.652,172.11160278320312,xgboost_feat
APPLE_ELSTAR,ONLINE,NL-NB,2026-02-21,2026-02-21,Daily,,KG,2.652,2.652,138.8695068359375,xgboost_feat
APPLE_ELSTAR,ONLINE,NL-NB,2026-02-22,2026-02-22,Daily,,KG,2.652,2.652,131.62869262695312,xgboost_feat
APPLE_ELSTAR,ONLINE,NL-NB,2026-02-23,2026-02-23,Daily,,KG,2.652,2.652,151.845458984375,xgboost_feat
APPLE_ELSTAR,ONLINE,NL-NB,2026-02-24,2026-02-24,Daily,,KG,2.652,2.652,163.3850860595703,xgboost_feat
APPLE_ELSTAR,ONLINE,NL-NB,2026-02-25,2026-02-25,Daily,,KG,2.652,2.652,156.07785034179688,xgboost_feat
APPLE_ELSTAR,ONLINE,NL-NB,2026-02-26,2026-02-26,Daily,,KG,2.652,2.652,123.21465301513672,xgboost_feat
APPLE_ELSTAR,ONLINE,NL-NB,2026-02-27,2026-02-27,Daily,,KG,2.652,2.652,157.80599975585938,xgboost_feat
APPLE_ELSTAR,ONLINE,NL-NB,2026-02-28,2026-02-28,Daily,,KG,2.652,2.652,151.4088134765625,xgboost_feat
APPLE_ELSTAR,ONLINE,NL-NB,2026-03-01,2026-03-01,Daily,,KG,2.652,2.652,142.4476776123047,xgboost_feat
APPLE_ELSTAR,ONLINE,NL-NH,2026-02-02,2026-02-02,Daily,,KG,2.933,2.933,161.7255096435547,xgboost_feat
APPLE_ELSTAR,ONLINE,NL-NH,2026-02-03,2026-02-03,Daily,,KG,2.933,2.933,165.63905334472656,xgboost_feat
APPLE_ELSTAR,ONLINE,NL-NH,2026-02-04,2026-02-04,Daily,,KG,2.933,2.933,150.95672607421875,xgboost_feat
APPLE_ELSTAR,ONLINE,NL-NH,2026-02-05,2026-02-05,Daily,,KG,2.933,2.933,197.07150268554688,xgboost_feat
APPLE_ELSTAR,ONLINE,NL-NH,2026-02-06,2026-02-06,Daily,,KG,2.933,2.933,146.06259155273438,xgboost_feat
APPLE_ELSTAR,ONLINE,NL-NH,2026-02-07,2026-02-07,Daily,,KG,2.933,2.933,152.60446166992188,xgboost_feat
APPLE_ELSTAR,ONLINE,NL-NH,2026-02-08,2026-02-08,Daily,,KG,2.933,2.933,125.816162109375,xgboost_feat
APPLE_ELSTAR,ONLINE,NL-NH,2026-02-09,2026-02-09,Daily,,KG,2.933,2.933,149.45774841308594,xgboost_feat
APPLE_ELSTAR,ONLINE,NL-NH,2026-02-10,2026-02-10,Daily,,KG,2.933,2.933,160.05075073242188,xgboost_feat
APPLE_ELSTAR,ONLINE,NL-NH,2026-02-11,2026-02-11,Daily,,KG,2.933,2.933,125.29183197021484,xgboost_feat
APPLE_ELSTAR,ONLINE,NL-NH,2026-02-12,2026-02-12,Daily,,KG,2.933,2.933,146.51283264160156,xgboost_feat
APPLE_ELSTAR,ONLINE,NL-NH,2026-02-13,2026-02-13,Daily,,KG,2.933,2.933,161.00738525390625,xgboost_feat
APPLE_ELSTAR,ONLINE,NL-NH,2026-02-14,2026-02-14,Daily,,KG,2.933,2.933,139.21986389160156,xgboost_feat
APPLE_ELSTAR,ONLINE,NL-NH,2026-02-15,2026-02-15,Daily,,KG,2.933,2.933,145.475830078125,xgboost_feat
APPLE_ELSTAR,ONLINE,NL-NH,2026-02-16,2026-02-16,Daily,,KG,2.933,2.933,167.48577880859375,xgboost_feat
APPLE_ELSTAR,ONLINE,NL-NH,2026-02-17,2026-02-17,Daily,,KG,2.933,2.933,182.58709716796875,xgboost_feat
APPLE_ELSTAR,ONLINE,NL-NH,2026-02-18,2026-02-18,Daily,,KG,2.933,2.933,122.57321166992188,xgboost_feat
APPLE_ELSTAR,ONLINE,NL-NH,2026-02-19,2026-02-19,Daily,,KG,2.933,2.933,152.41246032714844,xgboost_feat
APPLE_ELSTAR,ONLINE,NL-NH,2026-02-20,2026-02-20,Daily,,KG,2.933,2.933,175.9507293701172,xgboost_feat
APPLE_ELSTAR,ONLINE,NL-NH,2026-02-21,2026-02-21,Daily,,KG,2.933,2.933,148.250732421875,xgboost_feat
APPLE_ELSTAR,ONLINE,NL-NH,2026-02-22,2026-02-22,Daily,,KG,2.933,2.933,127.07160949707031,xgboost_feat
APPLE_ELSTAR,ONLINE,NL-NH,2026-02-23,2026-02-23,Daily,,KG,2.933,2.933,160.02804565429688,xgboost_feat
APPLE_ELSTAR,ONLINE,NL-NH,2026-02-24,2026-02-24,Daily,,KG,2.933,2.933,143.36962890625,xgboost_feat
APPLE_ELSTAR,ONLINE,NL-NH,2026-02-25,2026-02-25,Daily,,KG,2.933,2.933,180.5102081298828,xgboost_feat
APPLE_ELSTAR,ONLINE,NL-NH,2026-02-26,2026-02-26,Daily,,KG,2.933,2.933,169.7270965576172,xgboost_feat
APPLE_ELSTAR,ONLINE,NL-NH,2026-02-27,2026-02-27,Daily,,KG,2.933,2.933,174.7823486328125,xgboost_feat
APPLE_ELSTAR,ONLINE,NL-NH,2026-02-28,2026-02-28,Daily,,KG,2.933,2.933,160.14608764648438,xgboost_feat
APPLE_ELSTAR,ONLINE,NL-NH,2026-03-01,2026-03-01,Daily,,KG,2.933,2.933,145.14398193359375,xgboost_feat
APPLE_ELSTAR,ONLINE,NL-ZH,2026-02-02,2026-02-02,Daily,,KG,2.803,2.803,171.09336853027344,xgboost_feat
APPLE_ELSTAR,ONLINE,NL-ZH,2026-02-03,2026-02-03,Daily,,KG,2.803,2.803,170.54962158203125,xgboost_feat
APPLE_ELSTAR,ONLINE,NL-ZH,2026-02-04,2026-02-04,Daily,,KG,2.803,2.803,167.70785522460938,xgboost_feat
APPLE_ELSTAR,ONLINE,NL-ZH,2026-02-05,2026-02-05,Daily,,KG,2.803,2.803,199.839599609375,xgboost_feat
APPLE_ELSTAR,ONLINE,NL-ZH,2026-02-06,2026-02-06,Daily,,KG,2.803,2.803,158.24038696289062,xgboost_feat
APPLE_ELSTAR,ONLINE,NL-ZH,2026-02-07,2026-02-07,Daily,,KG,2.803,2.803,137.61981201171875,xgboost_feat
APPLE_ELSTAR,ONLINE,NL-ZH,2026-02-08,2026-02-08,Daily,,KG,2.803,2.803,127.62953186035156,xgboost_feat
APPLE_ELSTAR,ONLINE,NL-ZH,2026-02-09,2026-02-09,Daily,,KG,2.803,2.803,153.58306884765625,xgboost_feat
APPLE_ELSTAR,ONLINE,NL-ZH,2026-02-10,2026-02-10,Daily,,KG,2.803,2.803,168.20452880859375,xgboost_feat
APPLE_ELSTAR,ONLINE,NL-ZH,2026-02-11,2026-02-11,Daily,,KG,2.803,2.803,142.05877685546875,xgboost_feat
APPLE_ELSTAR,ONLINE,NL-ZH,2026-02-12,2026-02-12,Daily,,KG,2.803,2.803,166.51748657226562,xgboost_feat
APPLE_ELSTAR,ONLINE,NL-ZH,2026-02-13,2026-02-13,Daily,,KG,2.803,2.803,174.2395782470703,xgboost_feat
APPLE_ELSTAR,ONLINE,NL-ZH,2026-02-14,2026-02-14,Daily,,KG,2.803,2.803,143.26187133789062,xgboost_feat
APPLE_ELSTAR,ONLINE,NL-ZH,2026-02-15,2026-02-15,Daily,,KG,2.803,2.803,149.29869079589844,xgboost_feat
APPLE_ELSTAR,ONLINE,NL-ZH,2026-02-16,2026-02-16,Daily,,KG,2.803,2.803,169.28854370117188,xgboost_feat
APPLE_ELSTAR,ONLINE,NL-ZH,2026-02-17,2026-02-17,Daily,,KG,2.803,2.803,184.99122619628906,xgboost_feat
APPLE_ELSTAR,ONLINE,NL-ZH,2026-02-18,2026-02-18,Daily,,KG,2.803,2.803,138.15911865234375,xgboost_feat
APPLE_ELSTAR,ONLINE,NL-ZH,2026-02-19,2026-02-19,Daily,,KG,2.803,2.803,164.0645751953125,xgboost_feat
APPLE_ELSTAR,ONLINE,NL-ZH,2026-02-20,2026-02-20,Daily,,KG,2.803,2.803,180.71469116210938,xgboost_feat
APPLE_ELSTAR,ONLINE,NL-ZH,2026-02-21,2026-02-21,Daily,,KG,2.803,2.803,145.9434814453125,xgboost_feat
APPLE_ELSTAR,ONLINE,NL-ZH,2026-02-22,2026-02-22,Daily,,KG,2.803,2.803,118.06826782226562,xgboost_feat
APPLE_ELSTAR,ONLINE,NL-ZH,2026-02-23,2026-02-23,Daily,,KG,2.803,2.803,160.2479248046875,xgboost_feat
APPLE_ELSTAR,ONLINE,NL-ZH,2026-02-24,2026-02-24,Daily,,KG,2.803,2.803,156.19961547851562,xgboost_feat
APPLE_ELSTAR,ONLINE,NL-ZH,2026-02-25,2026-02-25,Daily,,KG,2.803,2.803,186.84791564941406,xgboost_feat
APPLE_ELSTAR,ONLINE,NL-ZH,2026-02-26,2026-02-26,Daily,,KG,2.803,2.803,147.93833923339844,xgboost_feat
APPLE_ELSTAR,ONLINE,NL-ZH,2026-02-27,2026-02-27,Daily,,KG,2.803,2.803,172.3073272705078,xgboost_feat
APPLE_ELSTAR,ONLINE,NL-ZH,2026-02-28,2026-02-28,Daily,,KG,2.803,2.803,158.2932891845703,xgboost_feat
APPLE_ELSTAR,ONLINE,NL-ZH,2026-03-01,2026-03-01,Daily,,KG,2.803,2.803,146.14476013183594,xgboost_feat
APPLE_ELSTAR,RETAIL,NL-GE,2026-02-02,2026-02-02,Daily,,KG,2.633,2.633,154.11062622070312,xgboost_feat
APPLE_ELSTAR,RETAIL,NL-GE,2026-02-03,2026-02-03,Daily,,KG,2.633,2.633,168.4737548828125,xgboost_feat
APPLE_ELSTAR,RETAIL,NL-GE,2026-02-04,2026-02-04,Daily,,KG,2.633,2.633,155.05413818359375,xgboost_feat
APPLE_ELSTAR,RETAIL,NL-GE,2026-02-05,2026-02-05,Daily,,KG,2.633,2.633,165.26242065429688,xgboost_feat
APPLE_ELSTAR,RETAIL,NL-GE,2026-02-06,2026-02-06,Daily,,KG,2.633,2.633,155.47415161132812,xgboost_feat
APPLE_ELSTAR,RETAIL,NL-GE,2026-02-07,2026-02-07,Daily,,KG,2.633,2.633,140.03955078125,xgboost_feat
APPLE_ELSTAR,RETAIL,NL-GE,2026-02-08,2026-02-08,Daily,,KG,2.633,2.633,134.15042114257812,xgboost_feat
APPLE_ELSTAR,RETAIL,NL-GE,2026-02-09,2026-02-09,Daily,,KG,2.633,2.633,144.13662719726562,xgboost_feat
APPLE_ELSTAR,RETAIL,NL-GE,2026-02-10,2026-02-10,Daily,,KG,2.633,2.633,141.77354431152344,xgboost_feat
APPLE_ELSTAR,RETAIL,NL-GE,2026-02-11,2026-02-11,Daily,,KG,2.633,2.633,125.94413757324219,xgboost_feat
APPLE_ELSTAR,RETAIL,NL-GE,2026-02-12,2026-02-12,Daily,,KG,2.633,2.633,145.96588134765625,xgboost_feat
APPLE_ELSTAR,RETAIL,NL-GE,2026-02-13,2026-02-13,Daily,,KG,2.633,2.633,165.07981872558594,xgboost_feat
APPLE_ELSTAR,RETAIL,NL-GE,2026-02-14,2026-02-14,Daily,,KG,2.633,2.633,140.19195556640625,xgboost_feat
APPLE_ELSTAR,RETAIL,NL-GE,2026-02-15,2026-02-15,Daily,,KG,2.633,2.633,133.3985595703125,xgboost_feat
APPLE_ELSTAR,RETAIL,NL-GE,2026-02-16,2026-02-16,Daily,,KG,2.633,2.633,160.4447479248047,xgboost_feat
APPLE_ELSTAR,RETAIL,NL-GE,2026-02-17,2026-02-17,Daily,,KG,2.633,2.633,162.9239501953125,xgboost_feat
APPLE_ELSTAR,RETAIL,NL-GE,2026-02-18,2026-02-18,Daily,,KG,2.633,2.633,127.37686157226562,xgboost_feat
APPLE_ELSTAR,RETAIL,NL-GE,2026-02-19,2026-02-19,Daily,,KG,2.633,2.633,148.68199157714844,xgboost_feat
APPLE_ELSTAR,RETAIL,NL-GE,2026-02-20,2026-02-20,Daily,,KG,2.633,2.633,162.21400451660156,xgboost_feat
APPLE_ELSTAR,RETAIL,NL-GE,2026-02-21,2026-02-21,Daily,,KG,2.633,2.633,138.35110473632812,xgboost_feat
APPLE_ELSTAR,RETAIL,NL-GE,2026-02-22,2026-02-22,Daily,,KG,2.633,2.633,129.3797149658203,xgboost_feat
APPLE_ELSTAR,RETAIL,NL-GE,2026-02-23,2026-02-23,Daily,,KG,2.633,2.633,149.8577117919922,xgboost_feat
APPLE_ELSTAR,RETAIL,NL-GE,2026-02-24,2026-02-24,Daily,,KG,2.633,2.633,147.40338134765625,xgboost_feat
APPLE_ELSTAR,RETAIL,NL-GE,2026-02-25,2026-02-25,Daily,,KG,2.633,2.633,156.1455535888672,xgboost_feat
APPLE_ELSTAR,RETAIL,NL-GE,2026-02-26,2026-02-26,Daily,,KG,2.633,2.633,135.73179626464844,xgboost_feat
APPLE_ELSTAR,RETAIL,NL-GE,2026-02-27,2026-02-27,Daily,,KG,2.633,2.633,153.27618408203125,xgboost_feat
APPLE_ELSTAR,RETAIL,NL-GE,2026-02-28,2026-02-28,Daily,,KG,2.633,2.633,158.75779724121094,xgboost_feat
APPLE_ELSTAR,RETAIL,NL-GE,2026-03-01,2026-03-01,Daily,,KG,2.633,2.633,136.3632354736328,xgboost_feat
APPLE_ELSTAR,RETAIL,NL-NB,2026-02-02,2026-02-02,Daily,,KG,2.755,2.755,164.91905212402344,xgboost_feat
APPLE_ELSTAR,RETAIL,NL-NB,2026-02-03,2026-02-03,Daily,,KG,2.755,2.755,168.3575897216797,xgboost_feat
APPLE_ELSTAR,RETAIL,NL-NB,2026-02-04,2026-02-04,Daily,,KG,2.755,2.755,157.1043243408203,xgboost_feat
APPLE_ELSTAR,RETAIL,NL-NB,2026-02-05,2026-02-05,Daily,,KG,2.755,2.755,175.3158416748047,xgboost_feat
APPLE_ELSTAR,RETAIL,NL-NB,2026-02-06,2026-02-06,Daily,,KG,2.755,2.755,164.97683715820312,xgboost_feat
APPLE_ELSTAR,RETAIL,NL-NB,2026-02-07,2026-02-07,Daily,,KG,2.755,2.755,135.74258422851562,xgboost_feat
APPLE_ELSTAR,RETAIL,NL-NB,2026-02-08,2026-02-08,Daily,,KG,2.755,2.755,137.1854705810547,xgboost_feat
APPLE_ELSTAR,RETAIL,NL-NB,2026-02-09,2026-02-09,Daily,,KG,2.755,2.755,153.76890563964844,xgboost_feat
APPLE_ELSTAR,RETAIL,NL-NB,2026-02-10,2026-02-10,Daily,,KG,2.755,2.755,148.77394104003906,xgboost_feat
APPLE_ELSTAR,RETAIL,NL-NB,2026-02-11,2026-02-11,Daily,,KG,2.755,2.755,149.44483947753906,xgboost_feat
APPLE_ELSTAR,RETAIL,NL-NB,2026-02-12,2026-02-12,Daily,,KG,2.755,2.755,159.69253540039062,xgboost_feat
APPLE_ELSTAR,RETAIL,NL-NB,2026-02-13,2026-02-13,Daily,,KG,2.755,2.755,159.2523956298828,xgboost_feat
APPLE_ELSTAR,RETAIL,NL-NB,2026-02-14,2026-02-14,Daily,,KG,2.755,2.755,138.99740600585938,xgboost_feat
APPLE_ELSTAR,RETAIL,NL-NB,2026-02-15,2026-02-15,Daily,,KG,2.755,2.755,145.75279235839844,xgboost_feat
APPLE_ELSTAR,RETAIL,NL-NB,2026-02-16,2026-02-16,Daily,,KG,2.755,2.755,164.36241149902344,xgboost_feat
APPLE_ELSTAR,RETAIL,NL-NB,2026-02-17,2026-02-17,Daily,,KG,2.755,2.755,178.70181274414062,xgboost_feat
APPLE_ELSTAR,RETAIL,NL-NB,2026-02-18,2026-02-18,Daily,,KG,2.755,2.755,144.3729705810547,xgboost_feat
APPLE_ELSTAR,RETAIL,NL-NB,2026-02-19,2026-02-19,Daily,,KG,2.755,2.755,158.12667846679688,xgboost_feat
APPLE_ELSTAR,RETAIL,NL-NB,2026-02-20,2026-02-20,Daily,,KG,2.755,2.755,171.19679260253906,xgboost_feat
APPLE_ELSTAR,RETAIL,NL-NB,2026-02-21,2026-02-21,Daily,,KG,2.755,2.755,145.9887237548828,xgboost_feat
APPLE_ELSTAR,RETAIL,NL-NB,2026-02-22,2026-02-22,Daily,,KG,2.755,2.755,144.27279663085938,xgboost_feat
APPLE_ELSTAR,RETAIL,NL-NB,2026-02-23,2026-02-23,Daily,,KG,2.755,2.755,167.21469116210938,xgboost_feat
APPLE_ELSTAR,RETAIL,NL-NB,2026-02-24,2026-02-24,Daily,,KG,2.755,2.755,174.92811584472656,xgboost_feat
APPLE_ELSTAR,RETAIL,NL-NB,2026-02-25,2026-02-25,Daily,,KG,2.755,2.755,168.01632690429688,xgboost_feat
APPLE_ELSTAR,RETAIL,NL-NB,2026-02-26,2026-02-26,Daily,,KG,2.755,2.755,130.79898071289062,xgboost_feat
APPLE_ELSTAR,RETAIL,NL-NB,2026-02-27,2026-02-27,Daily,,KG,2.755,2.755,165.7561798095703,xgboost_feat
APPLE_ELSTAR,RETAIL,NL-NB,2026-02-28,2026-02-28,Daily,,KG,2.755,2.755,156.35154724121094,xgboost_feat
APPLE_ELSTAR,RETAIL,NL-NB,2026-03-01,2026-03-01,Daily,,KG,2.755,2.755,144.93386840820312,xgboost_feat
APPLE_ELSTAR,RETAIL,NL-NH,2026-02-02,2026-02-02,Daily,,KG,2.687,2.687,156.76612854003906,xgboost_feat
APPLE_ELSTAR,RETAIL,NL-NH,2026-02-03,2026-02-03,Daily,,KG,2.687,2.687,158.9949951171875,xgboost_feat
APPLE_ELSTAR,RETAIL,NL-NH,2026-02-04,2026-02-04,Daily,,KG,2.687,2.687,153.3976593017578,xgboost_feat
APPLE_ELSTAR,RETAIL,NL-NH,2026-02-05,2026-02-05,Daily,,KG,2.687,2.687,182.78109741210938,xgboost_feat
APPLE_ELSTAR,RETAIL,NL-NH,2026-02-06,2026-02-06,Daily,,KG,2.687,2.687,153.2144012451172,xgboost_feat
APPLE_ELSTAR,RETAIL,NL-NH,2026-02-07,2026-02-07,Daily,,KG,2.687,2.687,149.900390625,xgboost_feat
APPLE_ELSTAR,RETAIL,NL-NH,2026-02-08,2026-02-08,Daily,,KG,2.687,2.687,135.80953979492188,xgboost_feat
APPLE_ELSTAR,RETAIL,NL-NH,2026-02-09,2026-02-09,Daily,,KG,2.687,2.687,142.60348510742188,xgboost_feat
APPLE_ELSTAR,RETAIL,NL-NH,2026-02-10,2026-02-10,Daily,,KG,2.687,2.687,146.65432739257812,xgboost_feat
APPLE_ELSTAR,RETAIL,NL-NH,2026-02-11,2026-02-11,Daily,,KG,2.687,2.687,128.15814208984375,xgboost_feat
APPLE_ELSTAR,RETAIL,NL-NH,2026-02-12,2026-02-12,Daily,,KG,2.687,2.687,137.8336944580078,xgboost_feat
APPLE_ELSTAR,RETAIL,NL-NH,2026-02-13,2026-02-13,Daily,,KG,2.687,2.687,145.2571563720703,xgboost_feat
APPLE_ELSTAR,RETAIL,NL-NH,2026-02-14,2026-02-14,Daily,,KG,2.687,2.687,131.60958862304688,xgboost_feat
APPLE_ELSTAR,RETAIL,NL-NH,2026-02-15,2026-02-15,Daily,,KG,2.687,2.687,124.84381866455078,xgboost_feat
APPLE_ELSTAR,RETAIL,NL-NH,2026-02-16,2026-02-16,Daily,,KG,2.687,2.687,154.47994995117188,xgboost_feat
APPLE_ELSTAR,RETAIL,NL-NH,2026-02-17,2026-02-17,Daily,,KG,2.687,2.687,172.4656982421875,xgboost_feat
APPLE_ELSTAR,RETAIL,NL-NH,2026-02-18,2026-02-18,Daily,,KG,2.687,2.687,124.63958740234375,xgboost_feat
APPLE_ELSTAR,RETAIL,NL-NH,2026-02-19,2026-02-19,Daily,,KG,2.687,2.687,144.33062744140625,xgboost_feat
APPLE_ELSTAR,RETAIL,NL-NH,2026-02-20,2026-02-20,Daily,,KG,2.687,2.687,166.91357421875,xgboost_feat
APPLE_ELSTAR,RETAIL,NL-NH,2026-02-21,2026-02-21,Daily,,KG,2.687,2.687,136.64279174804688,xgboost_feat
APPLE_ELSTAR,RETAIL,NL-NH,2026-02-22,2026-02-22,Daily,,KG,2.687,2.687,117.78119659423828,xgboost_feat
APPLE_ELSTAR,RETAIL,NL-NH,2026-02-23,2026-02-23,Daily,,KG,2.687,2.687,148.31333923339844,xgboost_feat
APPLE_ELSTAR,RETAIL,NL-NH,2026-02-24,2026-02-24,Daily,,KG,2.687,2.687,136.9387664794922,xgboost_feat
APPLE_ELSTAR,RETAIL,NL-NH,2026-02-25,2026-02-25,Daily,,KG,2.687,2.687,171.90716552734375,xgboost_feat
APPLE_ELSTAR,RETAIL,NL-NH,2026-02-26,2026-02-26,Daily,,KG,2.687,2.687,157.96791076660156,xgboost_feat
APPLE_ELSTAR,RETAIL,NL-NH,2026-02-27,2026-02-27,Daily,,KG,2.687,2.687,165.1278533935547,xgboost_feat
APPLE_ELSTAR,RETAIL,NL-NH,2026-02-28,2026-02-28,Daily,,KG,2.687,2.687,146.53909301757812,xgboost_feat
APPLE_ELSTAR,RETAIL,NL-NH,2026-03-01,2026-03-01,Daily,,KG,2.687,2.687,131.6448211669922,xgboost_feat
APPLE_ELSTAR,RETAIL,NL-ZH,2026-02-02,2026-02-02,Daily,,KG,2.812,2.812,170.55950927734375,xgboost_feat
APPLE_ELSTAR,RETAIL,NL-ZH,2026-02-03,2026-02-03,Daily,,KG,2.812,2.812,172.7598419189453,xgboost_feat
APPLE_ELSTAR,RETAIL,NL-ZH,2026-02-04,2026-02-04,Daily,,KG,2.812,2.812,167.51011657714844,xgboost_feat
APPLE_ELSTAR,RETAIL,NL-ZH,2026-02-05,2026-02-05,Daily,,KG,2.812,2.812,187.7396697998047,xgboost_feat
APPLE_ELSTAR,RETAIL,NL-ZH,2026-02-06,2026-02-06,Daily,,KG,2.812,2.812,165.3103485107422,xgboost_feat
APPLE_ELSTAR,RETAIL,NL-ZH,2026-02-07,2026-02-07,Daily,,KG,2.812,2.812,141.13906860351562,xgboost_feat
APPLE_ELSTAR,RETAIL,NL-ZH,2026-02-08,2026-02-08,Daily,,KG,2.812,2.812,134.17022705078125,xgboost_feat
APPLE_ELSTAR,RETAIL,NL-ZH,2026-02-09,2026-02-09,Daily,,KG,2.812,2.812,155.2782745361328,xgboost_feat
APPLE_ELSTAR,RETAIL,NL-ZH,2026-02-10,2026-02-10,Daily,,KG,2.812,2.812,161.69947814941406,xgboost_feat
APPLE_ELSTAR,RETAIL,NL-ZH,2026-02-11,2026-02-11,Daily,,KG,2.812,2.812,138.45175170898438,xgboost_feat
APPLE_ELSTAR,RETAIL,NL-ZH,2026-02-12,2026-02-12,Daily,,KG,2.812,2.812,160.3544464111328,xgboost_feat
APPLE_ELSTAR,RETAIL,NL-ZH,2026-02-13,2026-02-13,Daily,,KG,2.812,2.812,167.12413024902344,xgboost_feat
APPLE_ELSTAR,RETAIL,NL-ZH,2026-02-14,2026-02-14,Daily,,KG,2.812,2.812,137.74264526367188,xgboost_feat
APPLE_ELSTAR,RETAIL,NL-ZH,2026-02-15,2026-02-15,Daily,,KG,2.812,2.812,136.62344360351562,xgboost_feat
APPLE_ELSTAR,RETAIL,NL-ZH,2026-02-16,2026-02-16,Daily,,KG,2.812,2.812,165.84738159179688,xgboost_feat
APPLE_ELSTAR,RETAIL,NL-ZH,2026-02-17,2026-02-17,Daily,,KG,2.812,2.812,183.134765625,xgboost_feat
APPLE_ELSTAR,RETAIL,NL-ZH,2026-02-18,2026-02-18,Daily,,KG,2.812,2.812,136.68116760253906,xgboost_feat
APPLE_ELSTAR,RETAIL,NL-ZH,2026-02-19,2026-02-19,Daily,,KG,2.812,2.812,160.61485290527344,xgboost_feat
APPLE_ELSTAR,RETAIL,NL-ZH,2026-02-20,2026-02-20,Daily,,KG,2.812,2.812,172.37750244140625,xgboost_feat
APPLE_ELSTAR,RETAIL,NL-ZH,2026-02-21,2026-02-21,Daily,,KG,2.812,2.812,142.65310668945312,xgboost_feat
APPLE_ELSTAR,RETAIL,NL-ZH,2026-02-22,2026-02-22,Daily,,KG,2.812,2.812,124.12303924560547,xgboost_feat
APPLE_ELSTAR,RETAIL,NL-ZH,2026-02-23,2026-02-23,Daily,,KG,2.812,2.812,155.9260711669922,xgboost_feat
APPLE_ELSTAR,RETAIL,NL-ZH,2026-02-24,2026-02-24,Daily,,KG,2.812,2.812,157.04905700683594,xgboost_feat
APPLE_ELSTAR,RETAIL,NL-ZH,2026-02-25,2026-02-25,Daily,,KG,2.812,2.812,182.638671875,xgboost_feat
APPLE_ELSTAR,RETAIL,NL-ZH,2026-02-26,2026-02-26,Daily,,KG,2.812,2.812,149.25967407226562,xgboost_feat
APPLE_ELSTAR,RETAIL,NL-ZH,2026-02-27,2026-02-27,Daily,,KG,2.812,2.812,176.7402801513672,xgboost_feat
APPLE_ELSTAR,RETAIL,NL-ZH,2026-02-28,2026-02-28,Daily,,KG,2.812,2.812,160.46084594726562,xgboost_feat
APPLE_ELSTAR,RETAIL,NL-ZH,2026-03-01,2026-03-01,Daily,,KG,2.812,2.812,149.2032928466797,xgboost_feat
APPLE_ELSTAR,WHOLESALE,NL-GE,2026-02-02,2026-02-02,Daily,,KG,2.489,2.489,155.83944702148438,xgboost_feat
APPLE_ELSTAR,WHOLESALE,NL-GE,2026-02-03,2026-02-03,Daily,,KG,2.489,2.489,165.82131958007812,xgboost_feat
APPLE_ELSTAR,WHOLESALE,NL-GE,2026-02-04,2026-02-04,Daily,,KG,2.489,2.489,153.68063354492188,xgboost_feat
APPLE_ELSTAR,WHOLESALE,NL-GE,2026-02-05,2026-02-05,Daily,,KG,2.489,2.489,167.1039581298828,xgboost_feat
APPLE_ELSTAR,WHOLESALE,NL-GE,2026-02-06,2026-02-06,Daily,,KG,2.489,2.489,156.39295959472656,xgboost_feat
APPLE_ELSTAR,WHOLESALE,NL-GE,2026-02-07,2026-02-07,Daily,,KG,2.489,2.489,138.8734130859375,xgboost_feat
APPLE_ELSTAR,WHOLESALE,NL-GE,2026-02-08,2026-02-08,Daily,,KG,2.489,2.489,133.48667907714844,xgboost_feat
APPLE_ELSTAR,WHOLESALE,NL-GE,2026-02-09,2026-02-09,Daily,,KG,2.489,2.489,143.7186737060547,xgboost_feat
APPLE_ELSTAR,WHOLESALE,NL-GE,2026-02-10,2026-02-10,Daily,,KG,2.489,2.489,141.0388641357422,xgboost_feat
APPLE_ELSTAR,WHOLESALE,NL-GE,2026-02-11,2026-02-11,Daily,,KG,2.489,2.489,125.0712661743164,xgboost_feat
APPLE_ELSTAR,WHOLESALE,NL-GE,2026-02-12,2026-02-12,Daily,,KG,2.489,2.489,147.54171752929688,xgboost_feat
APPLE_ELSTAR,WHOLESALE,NL-GE,2026-02-13,2026-02-13,Daily,,KG,2.489,2.489,165.6623992919922,xgboost_feat
APPLE_ELSTAR,WHOLESALE,NL-GE,2026-02-14,2026-02-14,Daily,,KG,2.489,2.489,143.89035034179688,xgboost_feat
APPLE_ELSTAR,WHOLESALE,NL-GE,2026-02-15,2026-02-15,Daily,,KG,2.489,2.489,134.40122985839844,xgboost_feat
APPLE_ELSTAR,WHOLESALE,NL-GE,2026-02-16,2026-02-16,Daily,,KG,2.489,2.489,157.31478881835938,xgboost_feat
APPLE_ELSTAR,WHOLESALE,NL-GE,2026-02-17,2026-02-17,Daily,,KG,2.489,2.489,161.2916717529297,xgboost_feat
APPLE_ELSTAR,WHOLESALE,NL-GE,2026-02-18,2026-02-18,Daily,,KG,2.489,2.489,126.22740936279297,xgboost_feat
APPLE_ELSTAR,WHOLESALE,NL-GE,2026-02-19,2026-02-19,Daily,,KG,2.489,2.489,146.74978637695312,xgboost_feat
APPLE_ELSTAR,WHOLESALE,NL-GE,2026-02-20,2026-02-20,Daily,,KG,2.489,2.489,158.61383056640625,xgboost_feat
APPLE_ELSTAR,WHOLESALE,NL-GE,2026-02-21,2026-02-21,Daily,,KG,2.489,2.489,140.50650024414062,xgboost_feat
APPLE_ELSTAR,WHOLESALE,NL-GE,2026-02-22,2026-02-22,Daily,,KG,2.489,2.489,131.67718505859375,xgboost_feat
APPLE_ELSTAR,WHOLESALE,NL-GE,2026-02-23,2026-02-23,Daily,,KG,2.489,2.489,151.6645965576172,xgboost_feat
APPLE_ELSTAR,WHOLESALE,NL-GE,2026-02-24,2026-02-24,Daily,,KG,2.489,2.489,149.23501586914062,xgboost_feat
APPLE_ELSTAR,WHOLESALE,NL-GE,2026-02-25,2026-02-25,Daily,,KG,2.489,2.489,159.28237915039062,xgboost_feat
APPLE_ELSTAR,WHOLESALE,NL-GE,2026-02-26,2026-02-26,Daily,,KG,2.489,2.489,138.90870666503906,xgboost_feat
APPLE_ELSTAR,WHOLESALE,NL-GE,2026-02-27,2026-02-27,Daily,,KG,2.489,2.489,157.0774688720703,xgboost_feat
APPLE_ELSTAR,WHOLESALE,NL-GE,2026-02-28,2026-02-28,Daily,,KG,2.489,2.489,159.01785278320312,xgboost_feat
APPLE_ELSTAR,WHOLESALE,NL-GE,2026-03-01,2026-03-01,Daily,,KG,2.489,2.489,134.8399200439453,xgboost_feat
APPLE_ELSTAR,WHOLESALE,NL-NB,2026-02-02,2026-02-02,Daily,,KG,2.717,2.717,164.1149139404297,xgboost_feat
APPLE_ELSTAR,WHOLESALE,NL-NB,2026-02-03,2026-02-03,Daily,,KG,2.717,2.717,165.88262939453125,xgboost_feat
APPLE_ELSTAR,WHOLESALE,NL-NB,2026-02-04,2026-02-04,Daily,,KG,2.717,2.717,155.29884338378906,xgboost_feat
APPLE_ELSTAR,WHOLESALE,NL-NB,2026-02-05,2026-02-05,Daily,,KG,2.717,2.717,174.29945373535156,xgboost_feat
APPLE_ELSTAR,WHOLESALE,NL-NB,2026-02-06,2026-02-06,Daily,,KG,2.717,2.717,164.34201049804688,xgboost_feat
APPLE_ELSTAR,WHOLESALE,NL-NB,2026-02-07,2026-02-07,Daily,,KG,2.717,2.717,135.47702026367188,xgboost_feat
APPLE_ELSTAR,WHOLESALE,NL-NB,2026-02-08,2026-02-08,Daily,,KG,2.717,2.717,132.72503662109375,xgboost_feat
APPLE_ELSTAR,WHOLESALE,NL-NB,2026-02-09,2026-02-09,Daily,,KG,2.717,2.717,148.23568725585938,xgboost_feat
APPLE_ELSTAR,WHOLESALE,NL-NB,2026-02-10,2026-02-10,Daily,,KG,2.717,2.717,145.64266967773438,xgboost_feat
APPLE_ELSTAR,WHOLESALE,NL-NB,2026-02-11,2026-02-11,Daily,,KG,2.717,2.717,147.68035888671875,xgboost_feat
APPLE_ELSTAR,WHOLESALE,NL-NB,2026-02-12,2026-02-12,Daily,,KG,2.717,2.717,154.81138610839844,xgboost_feat
APPLE_ELSTAR,WHOLESALE,NL-NB,2026-02-13,2026-02-13,Daily,,KG,2.717,2.717,154.007568359375,xgboost_feat
APPLE_ELSTAR,WHOLESALE,NL-NB,2026-02-14,2026-02-14,Daily,,KG,2.717,2.717,139.14935302734375,xgboost_feat
APPLE_ELSTAR,WHOLESALE,NL-NB,2026-02-15,2026-02-15,Daily,,KG,2.717,2.717,144.55477905273438,xgboost_feat
APPLE_ELSTAR,WHOLESALE,NL-NB,2026-02-16,2026-02-16,Daily,,KG,2.717,2.717,155.0319366455078,xgboost_feat
APPLE_ELSTAR,WHOLESALE,NL-NB,2026-02-17,2026-02-17,Daily,,KG,2.717,2.717,171.96961975097656,xgboost_feat
APPLE_ELSTAR,WHOLESALE,NL-NB,2026-02-18,2026-02-18,Daily,,KG,2.717,2.717,139.88148498535156,xgboost_feat
APPLE_ELSTAR,WHOLESALE,NL-NB,2026-02-19,2026-02-19,Daily,,KG,2.717,2.717,155.51202392578125,xgboost_feat
APPLE_ELSTAR,WHOLESALE,NL-NB,2026-02-20,2026-02-20,Daily,,KG,2.717,2.717,165.31594848632812,xgboost_feat
APPLE_ELSTAR,WHOLESALE,NL-NB,2026-02-21,2026-02-21,Daily,,KG,2.717,2.717,138.52880859375,xgboost_feat
APPLE_ELSTAR,WHOLESALE,NL-NB,2026-02-22,2026-02-22,Daily,,KG,2.717,2.717,134.7773895263672,xgboost_feat
APPLE_ELSTAR,WHOLESALE,NL-NB,2026-02-23,2026-02-23,Daily,,KG,2.717,2.717,155.5306396484375,xgboost_feat
APPLE_ELSTAR,WHOLESALE,NL-NB,2026-02-24,2026-02-24,Daily,,KG,2.717,2.717,160.4199676513672,xgboost_feat
APPLE_ELSTAR,WHOLESALE,NL-NB,2026-02-25,2026-02-25,Daily,,KG,2.717,2.717,161.23825073242188,xgboost_feat
APPLE_ELSTAR,WHOLESALE,NL-NB,2026-02-26,2026-02-26,Daily,,KG,2.717,2.717,131.3318634033203,xgboost_feat
APPLE_ELSTAR,WHOLESALE,NL-NB,2026-02-27,2026-02-27,Daily,,KG,2.717,2.717,163.85057067871094,xgboost_feat
APPLE_ELSTAR,WHOLESALE,NL-NB,2026-02-28,2026-02-28,Daily,,KG,2.717,2.717,154.63104248046875,xgboost_feat
APPLE_ELSTAR,WHOLESALE,NL-NB,2026-03-01,2026-03-01,Daily,,KG,2.717,2.717,144.97515869140625,xgboost_feat
APPLE_ELSTAR,WHOLESALE,NL-NH,2026-02-02,2026-02-02,Daily,,KG,2.853,2.853,165.47731018066406,xgboost_feat
APPLE_ELSTAR,WHOLESALE,NL-NH,2026-02-03,2026-02-03,Daily,,KG,2.853,2.853,165.6455535888672,xgboost_feat
APPLE_ELSTAR,WHOLESALE,NL-NH,2026-02-04,2026-02-04,Daily,,KG,2.853,2.853,158.35464477539062,xgboost_feat
APPLE_ELSTAR,WHOLESALE,NL-NH,2026-02-05,2026-02-05,Daily,,KG,2.853,2.853,185.24110412597656,xgboost_feat
APPLE_ELSTAR,WHOLESALE,NL-NH,2026-02-06,2026-02-06,Daily,,KG,2.853,2.853,156.37989807128906,xgboost_feat
APPLE_ELSTAR,WHOLESALE,NL-NH,2026-02-07,2026-02-07,Daily,,KG,2.853,2.853,154.40658569335938,xgboost_feat
APPLE_ELSTAR,WHOLESALE,NL-NH,2026-02-08,2026-02-08,Daily,,KG,2.853,2.853,139.6855010986328,xgboost_feat
APPLE_ELSTAR,WHOLESALE,NL-NH,2026-02-09,2026-02-09,Daily,,KG,2.853,2.853,151.28421020507812,xgboost_feat
APPLE_ELSTAR,WHOLESALE,NL-NH,2026-02-10,2026-02-10,Daily,,KG,2.853,2.853,157.58566284179688,xgboost_feat
APPLE_ELSTAR,WHOLESALE,NL-NH,2026-02-11,2026-02-11,Daily,,KG,2.853,2.853,129.4624481201172,xgboost_feat
APPLE_ELSTAR,WHOLESALE,NL-NH,2026-02-12,2026-02-12,Daily,,KG,2.853,2.853,142.6419219970703,xgboost_feat
APPLE_ELSTAR,WHOLESALE,NL-NH,2026-02-13,2026-02-13,Daily,,KG,2.853,2.853,147.86546325683594,xgboost_feat
APPLE_ELSTAR,WHOLESALE,NL-NH,2026-02-14,2026-02-14,Daily,,KG,2.853,2.853,133.7036590576172,xgboost_feat
APPLE_ELSTAR,WHOLESALE,NL-NH,2026-02-15,2026-02-15,Daily,,KG,2.853,2.853,132.19610595703125,xgboost_feat
APPLE_ELSTAR,WHOLESALE,NL-NH,2026-02-16,2026-02-16,Daily,,KG,2.853,2.853,163.10655212402344,xgboost_feat
APPLE_ELSTAR,WHOLESALE,NL-NH,2026-02-17,2026-02-17,Daily,,KG,2.853,2.853,177.2580108642578,xgboost_feat
APPLE_ELSTAR,WHOLESALE,NL-NH,2026-02-18,2026-02-18,Daily,,KG,2.853,2.853,128.31964111328125,xgboost_feat
APPLE_ELSTAR,WHOLESALE,NL-NH,2026-02-19,2026-02-19,Daily,,KG,2.853,2.853,152.5546112060547,xgboost_feat
APPLE_ELSTAR,WHOLESALE,NL-NH,2026-02-20,2026-02-20,Daily,,KG,2.853,2.853,175.71812438964844,xgboost_feat
APPLE_ELSTAR,WHOLESALE,NL-NH,2026-02-21,2026-02-21,Daily,,KG,2.853,2.853,147.79611206054688,xgboost_feat
APPLE_ELSTAR,WHOLESALE,NL-NH,2026-02-22,2026-02-22,Daily,,KG,2.853,2.853,128.6904754638672,xgboost_feat
APPLE_ELSTAR,WHOLESALE,NL-NH,2026-02-23,2026-02-23,Daily,,KG,2.853,2.853,160.81881713867188,xgboost_feat
APPLE_ELSTAR,WHOLESALE,NL-NH,2026-02-24,2026-02-24,Daily,,KG,2.853,2.853,143.2525634765625,xgboost_feat
APPLE_ELSTAR,WHOLESALE,NL-NH,2026-02-25,2026-02-25,Daily,,KG,2.853,2.853,177.38143920898438,xgboost_feat
APPLE_ELSTAR,WHOLESALE,NL-NH,2026-02-26,2026-02-26,Daily,,KG,2.853,2.853,168.0330810546875,xgboost_feat
APPLE_ELSTAR,WHOLESALE,NL-NH,2026-02-27,2026-02-27,Daily,,KG,2.853,2.853,179.91871643066406,xgboost_feat
APPLE_ELSTAR,WHOLESALE,NL-NH,2026-02-28,2026-02-28,Daily,,KG,2.853,2.853,157.20445251464844,xgboost_feat
APPLE_ELSTAR,WHOLESALE,NL-NH,2026-03-01,2026-03-01,Daily,,KG,2.853,2.853,145.74679565429688,xgboost_feat
APPLE_ELSTAR,WHOLESALE,NL-ZH,2026-02-02,2026-02-02,Daily,,KG,2.816,2.816,170.84938049316406,xgboost_feat
APPLE_ELSTAR,WHOLESALE,NL-ZH,2026-02-03,2026-02-03,Daily,,KG,2.816,2.816,173.17054748535156,xgboost_feat
APPLE_ELSTAR,WHOLESALE,NL-ZH,2026-02-04,2026-02-04,Daily,,KG,2.816,2.816,167.51011657714844,xgboost_feat
APPLE_ELSTAR,WHOLESALE,NL-ZH,2026-02-05,2026-02-05,Daily,,KG,2.816,2.816,187.7396697998047,xgboost_feat
APPLE_ELSTAR,WHOLESALE,NL-ZH,2026-02-06,2026-02-06,Daily,,KG,2.816,2.816,165.3878173828125,xgboost_feat
APPLE_ELSTAR,WHOLESALE,NL-ZH,2026-02-07,2026-02-07,Daily,,KG,2.816,2.816,141.13906860351562,xgboost_feat
APPLE_ELSTAR,WHOLESALE,NL-ZH,2026-02-08,2026-02-08,Daily,,KG,2.816,2.816,133.81202697753906,xgboost_feat
APPLE_ELSTAR,WHOLESALE,NL-ZH,2026-02-09,2026-02-09,Daily,,KG,2.816,2.816,154.97706604003906,xgboost_feat
APPLE_ELSTAR,WHOLESALE,NL-ZH,2026-02-10,2026-02-10,Daily,,KG,2.816,2.816,161.6958770751953,xgboost_feat
APPLE_ELSTAR,WHOLESALE,NL-ZH,2026-02-11,2026-02-11,Daily,,KG,2.816,2.816,138.4683074951172,xgboost_feat
APPLE_ELSTAR,WHOLESALE,NL-ZH,2026-02-12,2026-02-12,Daily,,KG,2.816,2.816,161.13356018066406,xgboost_feat
APPLE_ELSTAR,WHOLESALE,NL-ZH,2026-02-13,2026-02-13,Daily,,KG,2.816,2.816,167.04037475585938,xgboost_feat
APPLE_ELSTAR,WHOLESALE,NL-ZH,2026-02-14,2026-02-14,Daily,,KG,2.816,2.816,137.74264526367188,xgboost_feat
APPLE_ELSTAR,WHOLESALE,NL-ZH,2026-02-15,2026-02-15,Daily,,KG,2.816,2.816,138.15167236328125,xgboost_feat
APPLE_ELSTAR,WHOLESALE,NL-ZH,2026-02-16,2026-02-16,Daily,,KG,2.816,2.816,165.5072479248047,xgboost_feat
APPLE_ELSTAR,WHOLESALE,NL-ZH,2026-02-17,2026-02-17,Daily,,KG,2.816,2.816,183.0489044189453,xgboost_feat
APPLE_ELSTAR,WHOLESALE,NL-ZH,2026-02-18,2026-02-18,Daily,,KG,2.816,2.816,136.62806701660156,xgboost_feat
APPLE_ELSTAR,WHOLESALE,NL-ZH,2026-02-19,2026-02-19,Daily,,KG,2.816,2.816,160.61485290527344,xgboost_feat
APPLE_ELSTAR,WHOLESALE,NL-ZH,2026-02-20,2026-02-20,Daily,,KG,2.816,2.816,172.37750244140625,xgboost_feat
APPLE_ELSTAR,WHOLESALE,NL-ZH,2026-02-21,2026-02-21,Daily,,KG,2.816,2.816,142.6199493408203,xgboost_feat
APPLE_ELSTAR,WHOLESALE,NL-ZH,2026-02-22,2026-02-22,Daily,,KG,2.816,2.816,124.19983673095703,xgboost_feat
APPLE_ELSTAR,WHOLESALE,NL-ZH,2026-02-23,2026-02-23,Daily,,KG,2.816,2.816,155.61585998535156,xgboost_feat
APPLE_ELSTAR,WHOLESALE,NL-ZH,2026-02-24,2026-02-24,Daily,,KG,2.816,2.816,157.04905700683594,xgboost_feat
APPLE_ELSTAR,WHOLESALE,NL-ZH,2026-02-25,2026-02-25,Daily,,KG,2.816,2.816,183.1472930908203,xgboost_feat
APPLE_ELSTAR,WHOLESALE,NL-ZH,2026-02-26,2026-02-26,Daily,,KG,2.816,2.816,148.8749237060547,xgboost_feat
APPLE_ELSTAR,WHOLESALE,NL-ZH,2026-02-27,2026-02-27,Daily,,KG,2.816,2.816,176.09664916992188,xgboost_feat
APPLE_ELSTAR,WHOLESALE,NL-ZH,2026-02-28,2026-02-28,Daily,,KG,2.816,2.816,161.55987548828125,xgboost_feat
APPLE_ELSTAR,WHOLESALE,NL-ZH,2026-03-01,2026-03-01,Daily,,KG,2.816,2.816,150.15640258789062,xgboost_feat
APPLE_GALA,ONLINE,NL-GE,2026-02-02,2026-02-02,Daily,,KG,2.662,2.662,153.3998260498047,xgboost_feat
APPLE_GALA,ONLINE,NL-GE,2026-02-03,2026-02-03,Daily,,KG,2.662,2.662,166.31239318847656,xgboost_feat
APPLE_GALA,ONLINE,NL-GE,2026-02-04,2026-02-04,Daily,,KG,2.662,2.662,151.73228454589844,xgboost_feat
APPLE_GALA,ONLINE,NL-GE,2026-02-05,2026-02-05,Daily,,KG,2.662,2.662,163.960693359375,xgboost_feat
APPLE_GALA,ONLINE,NL-GE,2026-02-06,2026-02-06,Daily,,KG,2.662,2.662,150.5866241455078,xgboost_feat
APPLE_GALA,ONLINE,NL-GE,2026-02-07,2026-02-07,Daily,,KG,2.662,2.662,126.85887908935547,xgboost_feat
APPLE_GALA,ONLINE,NL-GE,2026-02-08,2026-02-08,Daily,,KG,2.662,2.662,117.66405487060547,xgboost_feat
APPLE_GALA,ONLINE,NL-GE,2026-02-09,2026-02-09,Daily,,KG,2.662,2.662,145.47393798828125,xgboost_feat
APPLE_GALA,ONLINE,NL-GE,2026-02-10,2026-02-10,Daily,,KG,2.662,2.662,145.70008850097656,xgboost_feat
APPLE_GALA,ONLINE,NL-GE,2026-02-11,2026-02-11,Daily,,KG,2.662,2.662,129.0254364013672,xgboost_feat
APPLE_GALA,ONLINE,NL-GE,2026-02-12,2026-02-12,Daily,,KG,2.662,2.662,160.04420471191406,xgboost_feat
APPLE_GALA,ONLINE,NL-GE,2026-02-13,2026-02-13,Daily,,KG,2.662,2.662,175.10069274902344,xgboost_feat
APPLE_GALA,ONLINE,NL-GE,2026-02-14,2026-02-14,Daily,,KG,2.662,2.662,152.28717041015625,xgboost_feat
APPLE_GALA,ONLINE,NL-GE,2026-02-15,2026-02-15,Daily,,KG,2.662,2.662,144.0840606689453,xgboost_feat
APPLE_GALA,ONLINE,NL-GE,2026-02-16,2026-02-16,Daily,,KG,2.662,2.662,162.17282104492188,xgboost_feat
APPLE_GALA,ONLINE,NL-GE,2026-02-17,2026-02-17,Daily,,KG,2.662,2.662,164.21377563476562,xgboost_feat
APPLE_GALA,ONLINE,NL-GE,2026-02-18,2026-02-18,Daily,,KG,2.662,2.662,127.60887908935547,xgboost_feat
APPLE_GALA,ONLINE,NL-GE,2026-02-19,2026-02-19,Daily,,KG,2.662,2.662,150.5421905517578,xgboost_feat
APPLE_GALA,ONLINE,NL-GE,2026-02-20,2026-02-20,Daily,,KG,2.662,2.662,167.972412109375,xgboost_feat
APPLE_GALA,ONLINE,NL-GE,2026-02-21,2026-02-21,Daily,,KG,2.662,2.662,138.16647338867188,xgboost_feat
APPLE_GALA,ONLINE,NL-GE,2026-02-22,2026-02-22,Daily,,KG,2.662,2.662,119.74982452392578,xgboost_feat
APPLE_GALA,ONLINE,NL-GE,2026-02-23,2026-02-23,Daily,,KG,2.662,2.662,153.6367950439453,xgboost_feat
APPLE_GALA,ONLINE,NL-GE,2026-02-24,2026-02-24,Daily,,KG,2.662,2.662,154.11485290527344,xgboost_feat
APPLE_GALA,ONLINE,NL-GE,2026-02-25,2026-02-25,Daily,,KG,2.662,2.662,156.1555633544922,xgboost_feat
APPLE_GALA,ONLINE,NL-GE,2026-02-26,2026-02-26,Daily,,KG,2.662,2.662,135.82571411132812,xgboost_feat
APPLE_GALA,ONLINE,NL-GE,2026-02-27,2026-02-27,Daily,,KG,2.662,2.662,145.74136352539062,xgboost_feat
APPLE_GALA,ONLINE,NL-GE,2026-02-28,2026-02-28,Daily,,KG,2.662,2.662,147.5111083984375,xgboost_feat
APPLE_GALA,ONLINE,NL-GE,2026-03-01,2026-03-01,Daily,,KG,2.662,2.662,134.05921936035156,xgboost_feat
APPLE_GALA,ONLINE,NL-NB,2026-02-02,2026-02-02,Daily,,KG,2.66,2.66,171.62408447265625,xgboost_feat
APPLE_GALA,ONLINE,NL-NB,2026-02-03,2026-02-03,Daily,,KG,2.66,2.66,170.95394897460938,xgboost_feat
APPLE_GALA,ONLINE,NL-NB,2026-02-04,2026-02-04,Daily,,KG,2.66,2.66,156.237060546875,xgboost_feat
APPLE_GALA,ONLINE,NL-NB,2026-02-05,2026-02-05,Daily,,KG,2.66,2.66,184.7086181640625,xgboost_feat
APPLE_GALA,ONLINE,NL-NB,2026-02-06,2026-02-06,Daily,,KG,2.66,2.66,167.34666442871094,xgboost_feat
APPLE_GALA,ONLINE,NL-NB,2026-02-07,2026-02-07,Daily,,KG,2.66,2.66,122.90626525878906,xgboost_feat
APPLE_GALA,ONLINE,NL-NB,2026-02-08,2026-02-08,Daily,,KG,2.66,2.66,126.86222076416016,xgboost_feat
APPLE_GALA,ONLINE,NL-NB,2026-02-09,2026-02-09,Daily,,KG,2.66,2.66,153.08956909179688,xgboost_feat
APPLE_GALA,ONLINE,NL-NB,2026-02-10,2026-02-10,Daily,,KG,2.66,2.66,147.0955810546875,xgboost_feat
APPLE_GALA,ONLINE,NL-NB,2026-02-11,2026-02-11,Daily,,KG,2.66,2.66,150.94093322753906,xgboost_feat
APPLE_GALA,ONLINE,NL-NB,2026-02-12,2026-02-12,Daily,,KG,2.66,2.66,172.09066772460938,xgboost_feat
APPLE_GALA,ONLINE,NL-NB,2026-02-13,2026-02-13,Daily,,KG,2.66,2.66,169.29522705078125,xgboost_feat
APPLE_GALA,ONLINE,NL-NB,2026-02-14,2026-02-14,Daily,,KG,2.66,2.66,139.2115936279297,xgboost_feat
APPLE_GALA,ONLINE,NL-NB,2026-02-15,2026-02-15,Daily,,KG,2.66,2.66,150.41957092285156,xgboost_feat
APPLE_GALA,ONLINE,NL-NB,2026-02-16,2026-02-16,Daily,,KG,2.66,2.66,158.1563720703125,xgboost_feat
APPLE_GALA,ONLINE,NL-NB,2026-02-17,2026-02-17,Daily,,KG,2.66,2.66,174.46444702148438,xgboost_feat
APPLE_GALA,ONLINE,NL-NB,2026-02-18,2026-02-18,Daily,,KG,2.66,2.66,139.6947021484375,xgboost_feat
APPLE_GALA,ONLINE,NL-NB,2026-02-19,2026-02-19,Daily,,KG,2.66,2.66,159.03102111816406,xgboost_feat
APPLE_GALA,ONLINE,NL-NB,2026-02-20,2026-02-20,Daily,,KG,2.66,2.66,166.365234375,xgboost_feat
APPLE_GALA,ONLINE,NL-NB,2026-02-21,2026-02-21,Daily,,KG,2.66,2.66,137.96151733398438,xgboost_feat
APPLE_GALA,ONLINE,NL-NB,2026-02-22,2026-02-22,Daily,,KG,2.66,2.66,131.4006805419922,xgboost_feat
APPLE_GALA,ONLINE,NL-NB,2026-02-23,2026-02-23,Daily,,KG,2.66,2.66,151.94569396972656,xgboost_feat
APPLE_GALA,ONLINE,NL-NB,2026-02-24,2026-02-24,Daily,,KG,2.66,2.66,163.5077362060547,xgboost_feat
APPLE_GALA,ONLINE,NL-NB,2026-02-25,2026-02-25,Daily,,KG,2.66,2.66,156.12222290039062,xgboost_feat
APPLE_GALA,ONLINE,NL-NB,2026-02-26,2026-02-26,Daily,,KG,2.66,2.66,123.5509262084961,xgboost_feat
APPLE_GALA,ONLINE,NL-NB,2026-02-27,2026-02-27,Daily,,KG,2.66,2.66,153.98751831054688,xgboost_feat
APPLE_GALA,ONLINE,NL-NB,2026-02-28,2026-02-28,Daily,,KG,2.66,2.66,147.69627380371094,xgboost_feat
APPLE_GALA,ONLINE,NL-NB,2026-03-01,2026-03-01,Daily,,KG,2.66,2.66,138.76669311523438,xgboost_feat
APPLE_GALA,ONLINE,NL-NH,2026-02-02,2026-02-02,Daily,,KG,2.745,2.745,158.94448852539062,xgboost_feat
APPLE_GALA,ONLINE,NL-NH,2026-02-03,2026-02-03,Daily,,KG,2.745,2.745,156.3351287841797,xgboost_feat
APPLE_GALA,ONLINE,NL-NH,2026-02-04,2026-02-04,Daily,,KG,2.745,2.745,148.85145568847656,xgboost_feat
APPLE_GALA,ONLINE,NL-NH,2026-02-05,2026-02-05,Daily,,KG,2.745,2.745,173.57778930664062,xgboost_feat
APPLE_GALA,ONLINE,NL-NH,2026-02-06,2026-02-06,Daily,,KG,2.745,2.745,150.66796875,xgboost_feat
APPLE_GALA,ONLINE,NL-NH,2026-02-07,2026-02-07,Daily,,KG,2.745,2.745,159.44650268554688,xgboost_feat
APPLE_GALA,ONLINE,NL-NH,2026-02-08,2026-02-08,Daily,,KG,2.745,2.745,122.10551452636719,xgboost_feat
APPLE_GALA,ONLINE,NL-NH,2026-02-09,2026-02-09,Daily,,KG,2.745,2.745,152.7373504638672,xgboost_feat
APPLE_GALA,ONLINE,NL-NH,2026-02-10,2026-02-10,Daily,,KG,2.745,2.745,157.9100341796875,xgboost_feat
APPLE_GALA,ONLINE,NL-NH,2026-02-11,2026-02-11,Daily,,KG,2.745,2.745,126.67023468017578,xgboost_feat
APPLE_GALA,ONLINE,NL-NH,2026-02-12,2026-02-12,Daily,,KG,2.745,2.745,143.15919494628906,xgboost_feat
APPLE_GALA,ONLINE,NL-NH,2026-02-13,2026-02-13,Daily,,KG,2.745,2.745,155.84475708007812,xgboost_feat
APPLE_GALA,ONLINE,NL-NH,2026-02-14,2026-02-14,Daily,,KG,2.745,2.745,132.24461364746094,xgboost_feat
APPLE_GALA,ONLINE,NL-NH,2026-02-15,2026-02-15,Daily,,KG,2.745,2.745,131.8649139404297,xgboost_feat
APPLE_GALA,ONLINE,NL-NH,2026-02-16,2026-02-16,Daily,,KG,2.745,2.745,160.63943481445312,xgboost_feat
APPLE_GALA,ONLINE,NL-NH,2026-02-17,2026-02-17,Daily,,KG,2.745,2.745,175.50335693359375,xgboost_feat
APPLE_GALA,ONLINE,NL-NH,2026-02-18,2026-02-18,Daily,,KG,2.745,2.745,125.84974670410156,xgboost_feat
APPLE_GALA,ONLINE,NL-NH,2026-02-19,2026-02-19,Daily,,KG,2.745,2.745,152.30853271484375,xgboost_feat
APPLE_GALA,ONLINE,NL-NH,2026-02-20,2026-02-20,Daily,,KG,2.745,2.745,169.0985565185547,xgboost_feat
APPLE_GALA,ONLINE,NL-NH,2026-02-21,2026-02-21,Daily,,KG,2.745,2.745,142.41482543945312,xgboost_feat
APPLE_GALA,ONLINE,NL-NH,2026-02-22,2026-02-22,Daily,,KG,2.745,2.745,119.27068328857422,xgboost_feat
APPLE_GALA,ONLINE,NL-NH,2026-02-23,2026-02-23,Daily,,KG,2.745,2.745,156.7661590576172,xgboost_feat
APPLE_GALA,ONLINE,NL-NH,2026-02-24,2026-02-24,Daily,,KG,2.745,2.745,137.72421264648438,xgboost_feat
APPLE_GALA,ONLINE,NL-NH,2026-02-25,2026-02-25,Daily,,KG,2.745,2.745,168.88502502441406,xgboost_feat
APPLE_GALA,ONLINE,NL-NH,2026-02-26,2026-02-26,Daily,,KG,2.745,2.745,161.08863830566406,xgboost_feat
APPLE_GALA,ONLINE,NL-NH,2026-02-27,2026-02-27,Daily,,KG,2.745,2.745,161.09988403320312,xgboost_feat
APPLE_GALA,ONLINE,NL-NH,2026-02-28,2026-02-28,Daily,,KG,2.745,2.745,153.45751953125,xgboost_feat
APPLE_GALA,ONLINE,NL-NH,2026-03-01,2026-03-01,Daily,,KG,2.745,2.745,140.60928344726562,xgboost_feat
APPLE_GALA,ONLINE,NL-ZH,2026-02-02,2026-02-02,Daily,,KG,2.905,2.905,170.21397399902344,xgboost_feat
APPLE_GALA,ONLINE,NL-ZH,2026-02-03,2026-02-03,Daily,,KG,2.905,2.905,169.29502868652344,xgboost_feat
APPLE_GALA,ONLINE,NL-ZH,2026-02-04,2026-02-04,Daily,,KG,2.905,2.905,176.1700897216797,xgboost_feat
APPLE_GALA,ONLINE,NL-ZH,2026-02-05,2026-02-05,Daily,,KG,2.905,2.905,186.78765869140625,xgboost_feat
APPLE_GALA,ONLINE,NL-ZH,2026-02-06,2026-02-06,Daily,,KG,2.905,2.905,170.49301147460938,xgboost_feat
APPLE_GALA,ONLINE,NL-ZH,2026-02-07,2026-02-07,Daily,,KG,2.905,2.905,131.5481719970703,xgboost_feat
APPLE_GALA,ONLINE,NL-ZH,2026-02-08,2026-02-08,Daily,,KG,2.905,2.905,127.45582580566406,xgboost_feat
APPLE_GALA,ONLINE,NL-ZH,2026-02-09,2026-02-09,Daily,,KG,2.905,2.905,158.1072235107422,xgboost_feat
APPLE_GALA,ONLINE,NL-ZH,2026-02-10,2026-02-10,Daily,,KG,2.905,2.905,165.219970703125,xgboost_feat
APPLE_GALA,ONLINE,NL-ZH,2026-02-11,2026-02-11,Daily,,KG,2.905,2.905,139.82273864746094,xgboost_feat
APPLE_GALA,ONLINE,NL-ZH,2026-02-12,2026-02-12,Daily,,KG,2.905,2.905,170.63803100585938,xgboost_feat
APPLE_GALA,ONLINE,NL-ZH,2026-02-13,2026-02-13,Daily,,KG,2.905,2.905,177.08128356933594,xgboost_feat
APPLE_GALA,ONLINE,NL-ZH,2026-02-14,2026-02-14,Daily,,KG,2.905,2.905,146.9456024169922,xgboost_feat
APPLE_GALA,ONLINE,NL-ZH,2026-02-15,2026-02-15,Daily,,KG,2.905,2.905,148.75953674316406,xgboost_feat
APPLE_GALA,ONLINE,NL-ZH,2026-02-16,2026-02-16,Daily,,KG,2.905,2.905,168.61865234375,xgboost_feat
APPLE_GALA,ONLINE,NL-ZH,2026-02-17,2026-02-17,Daily,,KG,2.905,2.905,185.60862731933594,xgboost_feat
APPLE_GALA,ONLINE,NL-ZH,2026-02-18,2026-02-18,Daily,,KG,2.905,2.905,135.22955322265625,xgboost_feat
APPLE_GALA,ONLINE,NL-ZH,2026-02-19,2026-02-19,Daily,,KG,2.905,2.905,164.3599395751953,xgboost_feat
APPLE_GALA,ONLINE,NL-ZH,2026-02-20,2026-02-20,Daily,,KG,2.905,2.905,174.82052612304688,xgboost_feat
APPLE_GALA,ONLINE,NL-ZH,2026-02-21,2026-02-21,Daily,,KG,2.905,2.905,145.2041473388672,xgboost_feat
APPLE_GALA,ONLINE,NL-ZH,2026-02-22,2026-02-22,Daily,,KG,2.905,2.905,119.31009674072266,xgboost_feat
APPLE_GALA,ONLINE,NL-ZH,2026-02-23,2026-02-23,Daily,,KG,2.905,2.905,157.70896911621094,xgboost_feat
APPLE_GALA,ONLINE,NL-ZH,2026-02-24,2026-02-24,Daily,,KG,2.905,2.905,153.47213745117188,xgboost_feat
APPLE_GALA,ONLINE,NL-ZH,2026-02-25,2026-02-25,Daily,,KG,2.905,2.905,181.90145874023438,xgboost_feat
APPLE_GALA,ONLINE,NL-ZH,2026-02-26,2026-02-26,Daily,,KG,2.905,2.905,146.19863891601562,xgboost_feat
APPLE_GALA,ONLINE,NL-ZH,2026-02-27,2026-02-27,Daily,,KG,2.905,2.905,165.51651000976562,xgboost_feat
APPLE_GALA,ONLINE,NL-ZH,2026-02-28,2026-02-28,Daily,,KG,2.905,2.905,160.0771026611328,xgboost_feat
APPLE_GALA,ONLINE,NL-ZH,2026-03-01,2026-03-01,Daily,,KG,2.905,2.905,149.65672302246094,xgboost_feat
APPLE_GALA,RETAIL,NL-GE,2026-02-02,2026-02-02,Daily,,KG,2.478,2.478,154.4570770263672,xgboost_feat
APPLE_GALA,RETAIL,NL-GE,2026-02-03,2026-02-03,Daily,,KG,2.478,2.478,167.65036010742188,xgboost_feat
APPLE_GALA,RETAIL,NL-GE,2026-02-04,2026-02-04,Daily,,KG,2.478,2.478,154.9642333984375,xgboost_feat
APPLE_GALA,RETAIL,NL-GE,2026-02-05,2026-02-05,Daily,,KG,2.478,2.478,165.63790893554688,xgboost_feat
APPLE_GALA,RETAIL,NL-GE,2026-02-06,2026-02-06,Daily,,KG,2.478,2.478,156.00924682617188,xgboost_feat
APPLE_GALA,RETAIL,NL-GE,2026-02-07,2026-02-07,Daily,,KG,2.478,2.478,138.86447143554688,xgboost_feat
APPLE_GALA,RETAIL,NL-GE,2026-02-08,2026-02-08,Daily,,KG,2.478,2.478,134.7250213623047,xgboost_feat
APPLE_GALA,RETAIL,NL-GE,2026-02-09,2026-02-09,Daily,,KG,2.478,2.478,142.6332244873047,xgboost_feat
APPLE_GALA,RETAIL,NL-GE,2026-02-10,2026-02-10,Daily,,KG,2.478,2.478,141.5160675048828,xgboost_feat
APPLE_GALA,RETAIL,NL-GE,2026-02-11,2026-02-11,Daily,,KG,2.478,2.478,125.44770812988281,xgboost_feat
APPLE_GALA,RETAIL,NL-GE,2026-02-12,2026-02-12,Daily,,KG,2.478,2.478,146.89242553710938,xgboost_feat
APPLE_GALA,RETAIL,NL-GE,2026-02-13,2026-02-13,Daily,,KG,2.478,2.478,165.6319580078125,xgboost_feat
APPLE_GALA,RETAIL,NL-GE,2026-02-14,2026-02-14,Daily,,KG,2.478,2.478,142.8224639892578,xgboost_feat
APPLE_GALA,RETAIL,NL-GE,2026-02-15,2026-02-15,Daily,,KG,2.478,2.478,135.01856994628906,xgboost_feat
APPLE_GALA,RETAIL,NL-GE,2026-02-16,2026-02-16,Daily,,KG,2.478,2.478,156.11090087890625,xgboost_feat
APPLE_GALA,RETAIL,NL-GE,2026-02-17,2026-02-17,Daily,,KG,2.478,2.478,160.9351348876953,xgboost_feat
APPLE_GALA,RETAIL,NL-GE,2026-02-18,2026-02-18,Daily,,KG,2.478,2.478,126.2147445678711,xgboost_feat
APPLE_GALA,RETAIL,NL-GE,2026-02-19,2026-02-19,Daily,,KG,2.478,2.478,149.34991455078125,xgboost_feat
APPLE_GALA,RETAIL,NL-GE,2026-02-20,2026-02-20,Daily,,KG,2.478,2.478,160.74464416503906,xgboost_feat
APPLE_GALA,RETAIL,NL-GE,2026-02-21,2026-02-21,Daily,,KG,2.478,2.478,140.0616912841797,xgboost_feat
APPLE_GALA,RETAIL,NL-GE,2026-02-22,2026-02-22,Daily,,KG,2.478,2.478,132.28945922851562,xgboost_feat
APPLE_GALA,RETAIL,NL-GE,2026-02-23,2026-02-23,Daily,,KG,2.478,2.478,152.07647705078125,xgboost_feat
APPLE_GALA,RETAIL,NL-GE,2026-02-24,2026-02-24,Daily,,KG,2.478,2.478,149.49917602539062,xgboost_feat
APPLE_GALA,RETAIL,NL-GE,2026-02-25,2026-02-25,Daily,,KG,2.478,2.478,158.92909240722656,xgboost_feat
APPLE_GALA,RETAIL,NL-GE,2026-02-26,2026-02-26,Daily,,KG,2.478,2.478,136.71119689941406,xgboost_feat
APPLE_GALA,RETAIL,NL-GE,2026-02-27,2026-02-27,Daily,,KG,2.478,2.478,154.72877502441406,xgboost_feat
APPLE_GALA,RETAIL,NL-GE,2026-02-28,2026-02-28,Daily,,KG,2.478,2.478,160.56280517578125,xgboost_feat
APPLE_GALA,RETAIL,NL-GE,2026-03-01,2026-03-01,Daily,,KG,2.478,2.478,135.4065704345703,xgboost_feat
APPLE_GALA,RETAIL,NL-NB,2026-02-02,2026-02-02,Daily,,KG,2.933,2.933,169.40956115722656,xgboost_feat
APPLE_GALA,RETAIL,NL-NB,2026-02-03,2026-02-03,Daily,,KG,2.933,2.933,172.92063903808594,xgboost_feat
APPLE_GALA,RETAIL,NL-NB,2026-02-04,2026-02-04,Daily,,KG,2.933,2.933,161.9871826171875,xgboost_feat
APPLE_GALA,RETAIL,NL-NB,2026-02-05,2026-02-05,Daily,,KG,2.933,2.933,179.56289672851562,xgboost_feat
APPLE_GALA,RETAIL,NL-NB,2026-02-06,2026-02-06,Daily,,KG,2.933,2.933,168.9300994873047,xgboost_feat
APPLE_GALA,RETAIL,NL-NB,2026-02-07,2026-02-07,Daily,,KG,2.933,2.933,137.98577880859375,xgboost_feat
APPLE_GALA,RETAIL,NL-NB,2026-02-08,2026-02-08,Daily,,KG,2.933,2.933,138.2346649169922,xgboost_feat
APPLE_GALA,RETAIL,NL-NB,2026-02-09,2026-02-09,Daily,,KG,2.933,2.933,155.46971130371094,xgboost_feat
APPLE_GALA,RETAIL,NL-NB,2026-02-10,2026-02-10,Daily,,KG,2.933,2.933,151.92140197753906,xgboost_feat
APPLE_GALA,RETAIL,NL-NB,2026-02-11,2026-02-11,Daily,,KG,2.933,2.933,151.23406982421875,xgboost_feat
APPLE_GALA,RETAIL,NL-NB,2026-02-12,2026-02-12,Daily,,KG,2.933,2.933,164.148681640625,xgboost_feat
APPLE_GALA,RETAIL,NL-NB,2026-02-13,2026-02-13,Daily,,KG,2.933,2.933,164.3335723876953,xgboost_feat
APPLE_GALA,RETAIL,NL-NB,2026-02-14,2026-02-14,Daily,,KG,2.933,2.933,138.2976837158203,xgboost_feat
APPLE_GALA,RETAIL,NL-NB,2026-02-15,2026-02-15,Daily,,KG,2.933,2.933,148.21170043945312,xgboost_feat
APPLE_GALA,RETAIL,NL-NB,2026-02-16,2026-02-16,Daily,,KG,2.933,2.933,167.70904541015625,xgboost_feat
APPLE_GALA,RETAIL,NL-NB,2026-02-17,2026-02-17,Daily,,KG,2.933,2.933,184.4980926513672,xgboost_feat
APPLE_GALA,RETAIL,NL-NB,2026-02-18,2026-02-18,Daily,,KG,2.933,2.933,145.3601837158203,xgboost_feat
APPLE_GALA,RETAIL,NL-NB,2026-02-19,2026-02-19,Daily,,KG,2.933,2.933,164.82838439941406,xgboost_feat
APPLE_GALA,RETAIL,NL-NB,2026-02-20,2026-02-20,Daily,,KG,2.933,2.933,174.97682189941406,xgboost_feat
APPLE_GALA,RETAIL,NL-NB,2026-02-21,2026-02-21,Daily,,KG,2.933,2.933,144.29962158203125,xgboost_feat
APPLE_GALA,RETAIL,NL-NB,2026-02-22,2026-02-22,Daily,,KG,2.933,2.933,146.8275146484375,xgboost_feat
APPLE_GALA,RETAIL,NL-NB,2026-02-23,2026-02-23,Daily,,KG,2.933,2.933,171.33546447753906,xgboost_feat
APPLE_GALA,RETAIL,NL-NB,2026-02-24,2026-02-24,Daily,,KG,2.933,2.933,174.0988311767578,xgboost_feat
APPLE_GALA,RETAIL,NL-NB,2026-02-25,2026-02-25,Daily,,KG,2.933,2.933,170.78158569335938,xgboost_feat
APPLE_GALA,RETAIL,NL-NB,2026-02-26,2026-02-26,Daily,,KG,2.933,2.933,129.0533905029297,xgboost_feat
APPLE_GALA,RETAIL,NL-NB,2026-02-27,2026-02-27,Daily,,KG,2.933,2.933,172.5677490234375,xgboost_feat
APPLE_GALA,RETAIL,NL-NB,2026-02-28,2026-02-28,Daily,,KG,2.933,2.933,157.95291137695312,xgboost_feat
APPLE_GALA,RETAIL,NL-NB,2026-03-01,2026-03-01,Daily,,KG,2.933,2.933,148.00009155273438,xgboost_feat
APPLE_GALA,RETAIL,NL-NH,2026-02-02,2026-02-02,Daily,,KG,2.908,2.908,163.93310546875,xgboost_feat
APPLE_GALA,RETAIL,NL-NH,2026-02-03,2026-02-03,Daily,,KG,2.908,2.908,165.97592163085938,xgboost_feat
APPLE_GALA,RETAIL,NL-NH,2026-02-04,2026-02-04,Daily,,KG,2.908,2.908,158.7860565185547,xgboost_feat
APPLE_GALA,RETAIL,NL-NH,2026-02-05,2026-02-05,Daily,,KG,2.908,2.908,185.24110412597656,xgboost_feat
APPLE_GALA,RETAIL,NL-NH,2026-02-06,2026-02-06,Daily,,KG,2.908,2.908,156.45736694335938,xgboost_feat
APPLE_GALA,RETAIL,NL-NH,2026-02-07,2026-02-07,Daily,,KG,2.908,2.908,154.40658569335938,xgboost_feat
APPLE_GALA,RETAIL,NL-NH,2026-02-08,2026-02-08,Daily,,KG,2.908,2.908,140.02377319335938,xgboost_feat
APPLE_GALA,RETAIL,NL-NH,2026-02-09,2026-02-09,Daily,,KG,2.908,2.908,151.33815002441406,xgboost_feat
APPLE_GALA,RETAIL,NL-NH,2026-02-10,2026-02-10,Daily,,KG,2.908,2.908,158.35951232910156,xgboost_feat
APPLE_GALA,RETAIL,NL-NH,2026-02-11,2026-02-11,Daily,,KG,2.908,2.908,129.52198791503906,xgboost_feat
APPLE_GALA,RETAIL,NL-NH,2026-02-12,2026-02-12,Daily,,KG,2.908,2.908,142.6419219970703,xgboost_feat
APPLE_GALA,RETAIL,NL-NH,2026-02-13,2026-02-13,Daily,,KG,2.908,2.908,147.86546325683594,xgboost_feat
APPLE_GALA,RETAIL,NL-NH,2026-02-14,2026-02-14,Daily,,KG,2.908,2.908,133.7036590576172,xgboost_feat
APPLE_GALA,RETAIL,NL-NH,2026-02-15,2026-02-15,Daily,,KG,2.908,2.908,132.6531524658203,xgboost_feat
APPLE_GALA,RETAIL,NL-NH,2026-02-16,2026-02-16,Daily,,KG,2.908,2.908,161.7717742919922,xgboost_feat
APPLE_GALA,RETAIL,NL-NH,2026-02-17,2026-02-17,Daily,,KG,2.908,2.908,177.39479064941406,xgboost_feat
APPLE_GALA,RETAIL,NL-NH,2026-02-18,2026-02-18,Daily,,KG,2.908,2.908,128.1935272216797,xgboost_feat
APPLE_GALA,RETAIL,NL-NH,2026-02-19,2026-02-19,Daily,,KG,2.908,2.908,152.5546112060547,xgboost_feat
APPLE_GALA,RETAIL,NL-NH,2026-02-20,2026-02-20,Daily,,KG,2.908,2.908,175.71812438964844,xgboost_feat
APPLE_GALA,RETAIL,NL-NH,2026-02-21,2026-02-21,Daily,,KG,2.908,2.908,146.8267364501953,xgboost_feat
APPLE_GALA,RETAIL,NL-NH,2026-02-22,2026-02-22,Daily,,KG,2.908,2.908,128.66221618652344,xgboost_feat
APPLE_GALA,RETAIL,NL-NH,2026-02-23,2026-02-23,Daily,,KG,2.908,2.908,160.90420532226562,xgboost_feat
APPLE_GALA,RETAIL,NL-NH,2026-02-24,2026-02-24,Daily,,KG,2.908,2.908,143.81431579589844,xgboost_feat
APPLE_GALA,RETAIL,NL-NH,2026-02-25,2026-02-25,Daily,,KG,2.908,2.908,177.2757568359375,xgboost_feat
APPLE_GALA,RETAIL,NL-NH,2026-02-26,2026-02-26,Daily,,KG,2.908,2.908,167.3938446044922,xgboost_feat
APPLE_GALA,RETAIL,NL-NH,2026-02-27,2026-02-27,Daily,,KG,2.908,2.908,178.89736938476562,xgboost_feat
APPLE_GALA,RETAIL,NL-NH,2026-02-28,2026-02-28,Daily,,KG,2.908,2.908,155.3810272216797,xgboost_feat
APPLE_GALA,RETAIL,NL-NH,2026-03-01,2026-03-01,Daily,,KG,2.908,2.908,145.01583862304688,xgboost_feat
APPLE_GALA,RETAIL,NL-ZH,2026-02-02,2026-02-02,Daily,,KG,3.142,3.142,170.6641387939453,xgboost_feat
APPLE_GALA,RETAIL,NL-ZH,2026-02-03,2026-02-03,Daily,,KG,3.142,3.142,169.44052124023438,xgboost_feat
APPLE_GALA,RETAIL,NL-ZH,2026-02-04,2026-02-04,Daily,,KG,3.142,3.142,167.6770477294922,xgboost_feat
APPLE_GALA,RETAIL,NL-ZH,2026-02-05,2026-02-05,Daily,,KG,3.142,3.142,187.27923583984375,xgboost_feat
APPLE_GALA,RETAIL,NL-ZH,2026-02-06,2026-02-06,Daily,,KG,3.142,3.142,165.0243377685547,xgboost_feat
APPLE_GALA,RETAIL,NL-ZH,2026-02-07,2026-02-07,Daily,,KG,3.142,3.142,140.85305786132812,xgboost_feat
APPLE_GALA,RETAIL,NL-ZH,2026-02-08,2026-02-08,Daily,,KG,3.142,3.142,133.98989868164062,xgboost_feat
APPLE_GALA,RETAIL,NL-ZH,2026-02-09,2026-02-09,Daily,,KG,3.142,3.142,154.8055419921875,xgboost_feat
APPLE_GALA,RETAIL,NL-ZH,2026-02-10,2026-02-10,Daily,,KG,3.142,3.142,162.55799865722656,xgboost_feat
APPLE_GALA,RETAIL,NL-ZH,2026-02-11,2026-02-11,Daily,,KG,3.142,3.142,138.1802215576172,xgboost_feat
APPLE_GALA,RETAIL,NL-ZH,2026-02-12,2026-02-12,Daily,,KG,3.142,3.142,160.248291015625,xgboost_feat
APPLE_GALA,RETAIL,NL-ZH,2026-02-13,2026-02-13,Daily,,KG,3.142,3.142,166.8285369873047,xgboost_feat
APPLE_GALA,RETAIL,NL-ZH,2026-02-14,2026-02-14,Daily,,KG,3.142,3.142,137.56344604492188,xgboost_feat
APPLE_GALA,RETAIL,NL-ZH,2026-02-15,2026-02-15,Daily,,KG,3.142,3.142,136.8128662109375,xgboost_feat
APPLE_GALA,RETAIL,NL-ZH,2026-02-16,2026-02-16,Daily,,KG,3.142,3.142,165.90452575683594,xgboost_feat
APPLE_GALA,RETAIL,NL-ZH,2026-02-17,2026-02-17,Daily,,KG,3.142,3.142,181.25621032714844,xgboost_feat
APPLE_GALA,RETAIL,NL-ZH,2026-02-18,2026-02-18,Daily,,KG,3.142,3.142,136.2269287109375,xgboost_feat
APPLE_GALA,RETAIL,NL-ZH,2026-02-19,2026-02-19,Daily,,KG,3.142,3.142,159.89283752441406,xgboost_feat
APPLE_GALA,RETAIL,NL-ZH,2026-02-20,2026-02-20,Daily,,KG,3.142,3.142,172.5789031982422,xgboost_feat
APPLE_GALA,RETAIL,NL-ZH,2026-02-21,2026-02-21,Daily,,KG,3.142,3.142,143.17724609375,xgboost_feat
APPLE_GALA,RETAIL,NL-ZH,2026-02-22,2026-02-22,Daily,,KG,3.142,3.142,122.79441833496094,xgboost_feat
APPLE_GALA,RETAIL,NL-ZH,2026-02-23,2026-02-23,Daily,,KG,3.142,3.142,157.04347229003906,xgboost_feat
APPLE_GALA,RETAIL,NL-ZH,2026-02-24,2026-02-24,Daily,,KG,3.142,3.142,156.2787322998047,xgboost_feat
APPLE_GALA,RETAIL,NL-ZH,2026-02-25,2026-02-25,Daily,,KG,3.142,3.142,182.98707580566406,xgboost_feat
APPLE_GALA,RETAIL,NL-ZH,2026-02-26,2026-02-26,Daily,,KG,3.142,3.142,148.95266723632812,xgboost_feat
APPLE_GALA,RETAIL,NL-ZH,2026-02-27,2026-02-27,Daily,,KG,3.142,3.142,176.7316436767578,xgboost_feat
APPLE_GALA,RETAIL,NL-ZH,2026-02-28,2026-02-28,Daily,,KG,3.142,3.142,157.70529174804688,xgboost_feat
APPLE_GALA,RETAIL,NL-ZH,2026-03-01,2026-03-01,Daily,,KG,3.142,3.142,148.6796417236328,xgboost_feat
APPLE_GALA,WHOLESALE,NL-GE,2026-02-02,2026-02-02,Daily,,KG,2.483,2.483,154.94615173339844,xgboost_feat
APPLE_GALA,WHOLESALE,NL-GE,2026-02-03,2026-02-03,Daily,,KG,2.483,2.483,166.32315063476562,xgboost_feat
APPLE_GALA,WHOLESALE,NL-GE,2026-02-04,2026-02-04,Daily,,KG,2.483,2.483,154.9642333984375,xgboost_feat
APPLE_GALA,WHOLESALE,NL-GE,2026-02-05,2026-02-05,Daily,,KG,2.483,2.483,164.3919677734375,xgboost_feat
APPLE_GALA,WHOLESALE,NL-GE,2026-02-06,2026-02-06,Daily,,KG,2.483,2.483,155.82862854003906,xgboost_feat
APPLE_GALA,WHOLESALE,NL-GE,2026-02-07,2026-02-07,Daily,,KG,2.483,2.483,138.7255096435547,xgboost_feat
APPLE_GALA,WHOLESALE,NL-GE,2026-02-08,2026-02-08,Daily,,KG,2.483,2.483,134.15731811523438,xgboost_feat
APPLE_GALA,WHOLESALE,NL-GE,2026-02-09,2026-02-09,Daily,,KG,2.483,2.483,143.8186798095703,xgboost_feat
APPLE_GALA,WHOLESALE,NL-GE,2026-02-10,2026-02-10,Daily,,KG,2.483,2.483,141.30137634277344,xgboost_feat
APPLE_GALA,WHOLESALE,NL-GE,2026-02-11,2026-02-11,Daily,,KG,2.483,2.483,124.92511749267578,xgboost_feat
APPLE_GALA,WHOLESALE,NL-GE,2026-02-12,2026-02-12,Daily,,KG,2.483,2.483,146.2679901123047,xgboost_feat
APPLE_GALA,WHOLESALE,NL-GE,2026-02-13,2026-02-13,Daily,,KG,2.483,2.483,165.4385986328125,xgboost_feat
APPLE_GALA,WHOLESALE,NL-GE,2026-02-14,2026-02-14,Daily,,KG,2.483,2.483,143.9875946044922,xgboost_feat
APPLE_GALA,WHOLESALE,NL-GE,2026-02-15,2026-02-15,Daily,,KG,2.483,2.483,135.59017944335938,xgboost_feat
APPLE_GALA,WHOLESALE,NL-GE,2026-02-16,2026-02-16,Daily,,KG,2.483,2.483,156.19412231445312,xgboost_feat
APPLE_GALA,WHOLESALE,NL-GE,2026-02-17,2026-02-17,Daily,,KG,2.483,2.483,161.13316345214844,xgboost_feat
APPLE_GALA,WHOLESALE,NL-GE,2026-02-18,2026-02-18,Daily,,KG,2.483,2.483,126.28385925292969,xgboost_feat
APPLE_GALA,WHOLESALE,NL-GE,2026-02-19,2026-02-19,Daily,,KG,2.483,2.483,149.07510375976562,xgboost_feat
APPLE_GALA,WHOLESALE,NL-GE,2026-02-20,2026-02-20,Daily,,KG,2.483,2.483,160.82821655273438,xgboost_feat
APPLE_GALA,WHOLESALE,NL-GE,2026-02-21,2026-02-21,Daily,,KG,2.483,2.483,139.88031005859375,xgboost_feat
APPLE_GALA,WHOLESALE,NL-GE,2026-02-22,2026-02-22,Daily,,KG,2.483,2.483,131.73162841796875,xgboost_feat
APPLE_GALA,WHOLESALE,NL-GE,2026-02-23,2026-02-23,Daily,,KG,2.483,2.483,151.6784210205078,xgboost_feat
APPLE_GALA,WHOLESALE,NL-GE,2026-02-24,2026-02-24,Daily,,KG,2.483,2.483,151.18246459960938,xgboost_feat
APPLE_GALA,WHOLESALE,NL-GE,2026-02-25,2026-02-25,Daily,,KG,2.483,2.483,159.56185913085938,xgboost_feat
APPLE_GALA,WHOLESALE,NL-GE,2026-02-26,2026-02-26,Daily,,KG,2.483,2.483,136.300537109375,xgboost_feat
APPLE_GALA,WHOLESALE,NL-GE,2026-02-27,2026-02-27,Daily,,KG,2.483,2.483,156.3714141845703,xgboost_feat
APPLE_GALA,WHOLESALE,NL-GE,2026-02-28,2026-02-28,Daily,,KG,2.483,2.483,159.8338623046875,xgboost_feat
APPLE_GALA,WHOLESALE,NL-GE,2026-03-01,2026-03-01,Daily,,KG,2.483,2.483,136.0949249267578,xgboost_feat
APPLE_GALA,WHOLESALE,NL-NB,2026-02-02,2026-02-02,Daily,,KG,2.849,2.849,171.29574584960938,xgboost_feat
APPLE_GALA,WHOLESALE,NL-NB,2026-02-03,2026-02-03,Daily,,KG,2.849,2.849,173.3599395751953,xgboost_feat
APPLE_GALA,WHOLESALE,NL-NB,2026-02-04,2026-02-04,Daily,,KG,2.849,2.849,161.9097137451172,xgboost_feat
APPLE_GALA,WHOLESALE,NL-NB,2026-02-05,2026-02-05,Daily,,KG,2.849,2.849,179.43658447265625,xgboost_feat
APPLE_GALA,WHOLESALE,NL-NB,2026-02-06,2026-02-06,Daily,,KG,2.849,2.849,168.85263061523438,xgboost_feat
APPLE_GALA,WHOLESALE,NL-NB,2026-02-07,2026-02-07,Daily,,KG,2.849,2.849,137.75961303710938,xgboost_feat
APPLE_GALA,WHOLESALE,NL-NB,2026-02-08,2026-02-08,Daily,,KG,2.849,2.849,135.1024932861328,xgboost_feat
APPLE_GALA,WHOLESALE,NL-NB,2026-02-09,2026-02-09,Daily,,KG,2.849,2.849,156.02072143554688,xgboost_feat
APPLE_GALA,WHOLESALE,NL-NB,2026-02-10,2026-02-10,Daily,,KG,2.849,2.849,150.92111206054688,xgboost_feat
APPLE_GALA,WHOLESALE,NL-NB,2026-02-11,2026-02-11,Daily,,KG,2.849,2.849,150.73406982421875,xgboost_feat
APPLE_GALA,WHOLESALE,NL-NB,2026-02-12,2026-02-12,Daily,,KG,2.849,2.849,163.731201171875,xgboost_feat
APPLE_GALA,WHOLESALE,NL-NB,2026-02-13,2026-02-13,Daily,,KG,2.849,2.849,163.0720672607422,xgboost_feat
APPLE_GALA,WHOLESALE,NL-NB,2026-02-14,2026-02-14,Daily,,KG,2.849,2.849,139.90419006347656,xgboost_feat
APPLE_GALA,WHOLESALE,NL-NB,2026-02-15,2026-02-15,Daily,,KG,2.849,2.849,155.03054809570312,xgboost_feat
APPLE_GALA,WHOLESALE,NL-NB,2026-02-16,2026-02-16,Daily,,KG,2.849,2.849,167.1229705810547,xgboost_feat
APPLE_GALA,WHOLESALE,NL-NB,2026-02-17,2026-02-17,Daily,,KG,2.849,2.849,185.4652557373047,xgboost_feat
APPLE_GALA,WHOLESALE,NL-NB,2026-02-18,2026-02-18,Daily,,KG,2.849,2.849,144.80287170410156,xgboost_feat
APPLE_GALA,WHOLESALE,NL-NB,2026-02-19,2026-02-19,Daily,,KG,2.849,2.849,165.5514373779297,xgboost_feat
APPLE_GALA,WHOLESALE,NL-NB,2026-02-20,2026-02-20,Daily,,KG,2.849,2.849,174.94480895996094,xgboost_feat
APPLE_GALA,WHOLESALE,NL-NB,2026-02-21,2026-02-21,Daily,,KG,2.849,2.849,146.6554718017578,xgboost_feat
APPLE_GALA,WHOLESALE,NL-NB,2026-02-22,2026-02-22,Daily,,KG,2.849,2.849,147.68374633789062,xgboost_feat
APPLE_GALA,WHOLESALE,NL-NB,2026-02-23,2026-02-23,Daily,,KG,2.849,2.849,170.43101501464844,xgboost_feat
APPLE_GALA,WHOLESALE,NL-NB,2026-02-24,2026-02-24,Daily,,KG,2.849,2.849,176.75869750976562,xgboost_feat
APPLE_GALA,WHOLESALE,NL-NB,2026-02-25,2026-02-25,Daily,,KG,2.849,2.849,171.3369903564453,xgboost_feat
APPLE_GALA,WHOLESALE,NL-NB,2026-02-26,2026-02-26,Daily,,KG,2.849,2.849,131.3140411376953,xgboost_feat
APPLE_GALA,WHOLESALE,NL-NB,2026-02-27,2026-02-27,Daily,,KG,2.849,2.849,172.35317993164062,xgboost_feat
APPLE_GALA,WHOLESALE,NL-NB,2026-02-28,2026-02-28,Daily,,KG,2.849,2.849,162.07754516601562,xgboost_feat
APPLE_GALA,WHOLESALE,NL-NB,2026-03-01,2026-03-01,Daily,,KG,2.849,2.849,151.6933135986328,xgboost_feat
APPLE_GALA,WHOLESALE,NL-NH,2026-02-02,2026-02-02,Daily,,KG,2.833,2.833,165.4725799560547,xgboost_feat
APPLE_GALA,WHOLESALE,NL-NH,2026-02-03,2026-02-03,Daily,,KG,2.833,2.833,165.71975708007812,xgboost_feat
APPLE_GALA,WHOLESALE,NL-NH,2026-02-04,2026-02-04,Daily,,KG,2.833,2.833,158.6586151123047,xgboost_feat
APPLE_GALA,WHOLESALE,NL-NH,2026-02-05,2026-02-05,Daily,,KG,2.833,2.833,185.52711486816406,xgboost_feat
APPLE_GALA,WHOLESALE,NL-NH,2026-02-06,2026-02-06,Daily,,KG,2.833,2.833,156.74337768554688,xgboost_feat
APPLE_GALA,WHOLESALE,NL-NH,2026-02-07,2026-02-07,Daily,,KG,2.833,2.833,154.69259643554688,xgboost_feat
APPLE_GALA,WHOLESALE,NL-NH,2026-02-08,2026-02-08,Daily,,KG,2.833,2.833,139.97393798828125,xgboost_feat
APPLE_GALA,WHOLESALE,NL-NH,2026-02-09,2026-02-09,Daily,,KG,2.833,2.833,151.39036560058594,xgboost_feat
APPLE_GALA,WHOLESALE,NL-NH,2026-02-10,2026-02-10,Daily,,KG,2.833,2.833,157.79750061035156,xgboost_feat
APPLE_GALA,WHOLESALE,NL-NH,2026-02-11,2026-02-11,Daily,,KG,2.833,2.833,129.65707397460938,xgboost_feat
APPLE_GALA,WHOLESALE,NL-NH,2026-02-12,2026-02-12,Daily,,KG,2.833,2.833,142.74807739257812,xgboost_feat
APPLE_GALA,WHOLESALE,NL-NH,2026-02-13,2026-02-13,Daily,,KG,2.833,2.833,147.93898010253906,xgboost_feat
APPLE_GALA,WHOLESALE,NL-NH,2026-02-14,2026-02-14,Daily,,KG,2.833,2.833,134.3551025390625,xgboost_feat
APPLE_GALA,WHOLESALE,NL-NH,2026-02-15,2026-02-15,Daily,,KG,2.833,2.833,134.8956298828125,xgboost_feat
APPLE_GALA,WHOLESALE,NL-NH,2026-02-16,2026-02-16,Daily,,KG,2.833,2.833,162.74026489257812,xgboost_feat
APPLE_GALA,WHOLESALE,NL-NH,2026-02-17,2026-02-17,Daily,,KG,2.833,2.833,177.20169067382812,xgboost_feat
APPLE_GALA,WHOLESALE,NL-NH,2026-02-18,2026-02-18,Daily,,KG,2.833,2.833,127.9754867553711,xgboost_feat
APPLE_GALA,WHOLESALE,NL-NH,2026-02-19,2026-02-19,Daily,,KG,2.833,2.833,151.63694763183594,xgboost_feat
APPLE_GALA,WHOLESALE,NL-NH,2026-02-20,2026-02-20,Daily,,KG,2.833,2.833,175.9154510498047,xgboost_feat
APPLE_GALA,WHOLESALE,NL-NH,2026-02-21,2026-02-21,Daily,,KG,2.833,2.833,146.9110107421875,xgboost_feat
APPLE_GALA,WHOLESALE,NL-NH,2026-02-22,2026-02-22,Daily,,KG,2.833,2.833,128.7923126220703,xgboost_feat
APPLE_GALA,WHOLESALE,NL-NH,2026-02-23,2026-02-23,Daily,,KG,2.833,2.833,160.71192932128906,xgboost_feat
APPLE_GALA,WHOLESALE,NL-NH,2026-02-24,2026-02-24,Daily,,KG,2.833,2.833,143.64707946777344,xgboost_feat
APPLE_GALA,WHOLESALE,NL-NH,2026-02-25,2026-02-25,Daily,,KG,2.833,2.833,177.95274353027344,xgboost_feat
APPLE_GALA,WHOLESALE,NL-NH,2026-02-26,2026-02-26,Daily,,KG,2.833,2.833,168.2015838623047,xgboost_feat
APPLE_GALA,WHOLESALE,NL-NH,2026-02-27,2026-02-27,Daily,,KG,2.833,2.833,179.19876098632812,xgboost_feat
APPLE_GALA,WHOLESALE,NL-NH,2026-02-28,2026-02-28,Daily,,KG,2.833,2.833,157.52859497070312,xgboost_feat
APPLE_GALA,WHOLESALE,NL-NH,2026-03-01,2026-03-01,Daily,,KG,2.833,2.833,145.4178924560547,xgboost_feat
APPLE_GALA,WHOLESALE,NL-ZH,2026-02-02,2026-02-02,Daily,,KG,2.715,2.715,162.96725463867188,xgboost_feat
APPLE_GALA,WHOLESALE,NL-ZH,2026-02-03,2026-02-03,Daily,,KG,2.715,2.715,165.68434143066406,xgboost_feat
APPLE_GALA,WHOLESALE,NL-ZH,2026-02-04,2026-02-04,Daily,,KG,2.715,2.715,162.53475952148438,xgboost_feat
APPLE_GALA,WHOLESALE,NL-ZH,2026-02-05,2026-02-05,Daily,,KG,2.715,2.715,181.40325927734375,xgboost_feat
APPLE_GALA,WHOLESALE,NL-ZH,2026-02-06,2026-02-06,Daily,,KG,2.715,2.715,158.27816772460938,xgboost_feat
APPLE_GALA,WHOLESALE,NL-ZH,2026-02-07,2026-02-07,Daily,,KG,2.715,2.715,137.82521057128906,xgboost_feat
APPLE_GALA,WHOLESALE,NL-ZH,2026-02-08,2026-02-08,Daily,,KG,2.715,2.715,129.3923797607422,xgboost_feat
APPLE_GALA,WHOLESALE,NL-ZH,2026-02-09,2026-02-09,Daily,,KG,2.715,2.715,145.91505432128906,xgboost_feat
APPLE_GALA,WHOLESALE,NL-ZH,2026-02-10,2026-02-10,Daily,,KG,2.715,2.715,152.69175720214844,xgboost_feat
APPLE_GALA,WHOLESALE,NL-ZH,2026-02-11,2026-02-11,Daily,,KG,2.715,2.715,135.777587890625,xgboost_feat
APPLE_GALA,WHOLESALE,NL-ZH,2026-02-12,2026-02-12,Daily,,KG,2.715,2.715,152.92666625976562,xgboost_feat
APPLE_GALA,WHOLESALE,NL-ZH,2026-02-13,2026-02-13,Daily,,KG,2.715,2.715,157.963623046875,xgboost_feat
APPLE_GALA,WHOLESALE,NL-ZH,2026-02-14,2026-02-14,Daily,,KG,2.715,2.715,136.52499389648438,xgboost_feat
APPLE_GALA,WHOLESALE,NL-ZH,2026-02-15,2026-02-15,Daily,,KG,2.715,2.715,132.9296112060547,xgboost_feat
APPLE_GALA,WHOLESALE,NL-ZH,2026-02-16,2026-02-16,Daily,,KG,2.715,2.715,156.40020751953125,xgboost_feat
APPLE_GALA,WHOLESALE,NL-ZH,2026-02-17,2026-02-17,Daily,,KG,2.715,2.715,166.30226135253906,xgboost_feat
APPLE_GALA,WHOLESALE,NL-ZH,2026-02-18,2026-02-18,Daily,,KG,2.715,2.715,134.21701049804688,xgboost_feat
APPLE_GALA,WHOLESALE,NL-ZH,2026-02-19,2026-02-19,Daily,,KG,2.715,2.715,152.21644592285156,xgboost_feat
APPLE_GALA,WHOLESALE,NL-ZH,2026-02-20,2026-02-20,Daily,,KG,2.715,2.715,169.78076171875,xgboost_feat
APPLE_GALA,WHOLESALE,NL-ZH,2026-02-21,2026-02-21,Daily,,KG,2.715,2.715,138.6562042236328,xgboost_feat
APPLE_GALA,WHOLESALE,NL-ZH,2026-02-22,2026-02-22,Daily,,KG,2.715,2.715,117.10148620605469,xgboost_feat
APPLE_GALA,WHOLESALE,NL-ZH,2026-02-23,2026-02-23,Daily,,KG,2.715,2.715,152.7320098876953,xgboost_feat
APPLE_GALA,WHOLESALE,NL-ZH,2026-02-24,2026-02-24,Daily,,KG,2.715,2.715,151.97601318359375,xgboost_feat
APPLE_GALA,WHOLESALE,NL-ZH,2026-02-25,2026-02-25,Daily,,KG,2.715,2.715,170.16744995117188,xgboost_feat
APPLE_GALA,WHOLESALE,NL-ZH,2026-02-26,2026-02-26,Daily,,KG,2.715,2.715,139.9019775390625,xgboost_feat
APPLE_GALA,WHOLESALE,NL-ZH,2026-02-27,2026-02-27,Daily,,KG,2.715,2.715,163.02590942382812,xgboost_feat
APPLE_GALA,WHOLESALE,NL-ZH,2026-02-28,2026-02-28,Daily,,KG,2.715,2.715,148.1527557373047,xgboost_feat
APPLE_GALA,WHOLESALE,NL-ZH,2026-03-01,2026-03-01,Daily,,KG,2.715,2.715,134.85096740722656,xgboost_feat
APPLE_GRANNY_SMITH,ONLINE,NL-GE,2026-02-02,2026-02-02,Daily,,KG,2.71,2.71,144.65191650390625,xgboost_feat
APPLE_GRANNY_SMITH,ONLINE,NL-GE,2026-02-03,2026-02-03,Daily,,KG,2.71,2.71,159.4396514892578,xgboost_feat
APPLE_GRANNY_SMITH,ONLINE,NL-GE,2026-02-04,2026-02-04,Daily,,KG,2.71,2.71,154.6305694580078,xgboost_feat
APPLE_GRANNY_SMITH,ONLINE,NL-GE,2026-02-05,2026-02-05,Daily,,KG,2.71,2.71,158.05357360839844,xgboost_feat
APPLE_GRANNY_SMITH,ONLINE,NL-GE,2026-02-06,2026-02-06,Daily,,KG,2.71,2.71,156.35536193847656,xgboost_feat
APPLE_GRANNY_SMITH,ONLINE,NL-GE,2026-02-07,2026-02-07,Daily,,KG,2.71,2.71,127.82992553710938,xgboost_feat
APPLE_GRANNY_SMITH,ONLINE,NL-GE,2026-02-08,2026-02-08,Daily,,KG,2.71,2.71,118.32776641845703,xgboost_feat
APPLE_GRANNY_SMITH,ONLINE,NL-GE,2026-02-09,2026-02-09,Daily,,KG,2.71,2.71,143.67181396484375,xgboost_feat
APPLE_GRANNY_SMITH,ONLINE,NL-GE,2026-02-10,2026-02-10,Daily,,KG,2.71,2.71,144.6360321044922,xgboost_feat
APPLE_GRANNY_SMITH,ONLINE,NL-GE,2026-02-11,2026-02-11,Daily,,KG,2.71,2.71,127.12442016601562,xgboost_feat
APPLE_GRANNY_SMITH,ONLINE,NL-GE,2026-02-12,2026-02-12,Daily,,KG,2.71,2.71,153.69400024414062,xgboost_feat
APPLE_GRANNY_SMITH,ONLINE,NL-GE,2026-02-13,2026-02-13,Daily,,KG,2.71,2.71,178.8053436279297,xgboost_feat
APPLE_GRANNY_SMITH,ONLINE,NL-GE,2026-02-14,2026-02-14,Daily,,KG,2.71,2.71,152.1671142578125,xgboost_feat
APPLE_GRANNY_SMITH,ONLINE,NL-GE,2026-02-15,2026-02-15,Daily,,KG,2.71,2.71,147.9290313720703,xgboost_feat
APPLE_GRANNY_SMITH,ONLINE,NL-GE,2026-02-16,2026-02-16,Daily,,KG,2.71,2.71,161.13890075683594,xgboost_feat
APPLE_GRANNY_SMITH,ONLINE,NL-GE,2026-02-17,2026-02-17,Daily,,KG,2.71,2.71,163.97254943847656,xgboost_feat
APPLE_GRANNY_SMITH,ONLINE,NL-GE,2026-02-18,2026-02-18,Daily,,KG,2.71,2.71,129.8731689453125,xgboost_feat
APPLE_GRANNY_SMITH,ONLINE,NL-GE,2026-02-19,2026-02-19,Daily,,KG,2.71,2.71,151.79808044433594,xgboost_feat
APPLE_GRANNY_SMITH,ONLINE,NL-GE,2026-02-20,2026-02-20,Daily,,KG,2.71,2.71,166.89840698242188,xgboost_feat
APPLE_GRANNY_SMITH,ONLINE,NL-GE,2026-02-21,2026-02-21,Daily,,KG,2.71,2.71,140.242431640625,xgboost_feat
APPLE_GRANNY_SMITH,ONLINE,NL-GE,2026-02-22,2026-02-22,Daily,,KG,2.71,2.71,126.34332275390625,xgboost_feat
APPLE_GRANNY_SMITH,ONLINE,NL-GE,2026-02-23,2026-02-23,Daily,,KG,2.71,2.71,154.67306518554688,xgboost_feat
APPLE_GRANNY_SMITH,ONLINE,NL-GE,2026-02-24,2026-02-24,Daily,,KG,2.71,2.71,154.2168426513672,xgboost_feat
APPLE_GRANNY_SMITH,ONLINE,NL-GE,2026-02-25,2026-02-25,Daily,,KG,2.71,2.71,157.72547912597656,xgboost_feat
APPLE_GRANNY_SMITH,ONLINE,NL-GE,2026-02-26,2026-02-26,Daily,,KG,2.71,2.71,140.50311279296875,xgboost_feat
APPLE_GRANNY_SMITH,ONLINE,NL-GE,2026-02-27,2026-02-27,Daily,,KG,2.71,2.71,148.49571228027344,xgboost_feat
APPLE_GRANNY_SMITH,ONLINE,NL-GE,2026-02-28,2026-02-28,Daily,,KG,2.71,2.71,157.97561645507812,xgboost_feat
APPLE_GRANNY_SMITH,ONLINE,NL-GE,2026-03-01,2026-03-01,Daily,,KG,2.71,2.71,142.1219024658203,xgboost_feat
APPLE_GRANNY_SMITH,ONLINE,NL-NB,2026-02-02,2026-02-02,Daily,,KG,2.665,2.665,161.48849487304688,xgboost_feat
APPLE_GRANNY_SMITH,ONLINE,NL-NB,2026-02-03,2026-02-03,Daily,,KG,2.665,2.665,167.19358825683594,xgboost_feat
APPLE_GRANNY_SMITH,ONLINE,NL-NB,2026-02-04,2026-02-04,Daily,,KG,2.665,2.665,151.91885375976562,xgboost_feat
APPLE_GRANNY_SMITH,ONLINE,NL-NB,2026-02-05,2026-02-05,Daily,,KG,2.665,2.665,169.89468383789062,xgboost_feat
APPLE_GRANNY_SMITH,ONLINE,NL-NB,2026-02-06,2026-02-06,Daily,,KG,2.665,2.665,159.632568359375,xgboost_feat
APPLE_GRANNY_SMITH,ONLINE,NL-NB,2026-02-07,2026-02-07,Daily,,KG,2.665,2.665,118.82628631591797,xgboost_feat
APPLE_GRANNY_SMITH,ONLINE,NL-NB,2026-02-08,2026-02-08,Daily,,KG,2.665,2.665,119.45085144042969,xgboost_feat
APPLE_GRANNY_SMITH,ONLINE,NL-NB,2026-02-09,2026-02-09,Daily,,KG,2.665,2.665,151.692138671875,xgboost_feat
APPLE_GRANNY_SMITH,ONLINE,NL-NB,2026-02-10,2026-02-10,Daily,,KG,2.665,2.665,153.53070068359375,xgboost_feat
APPLE_GRANNY_SMITH,ONLINE,NL-NB,2026-02-11,2026-02-11,Daily,,KG,2.665,2.665,155.4569091796875,xgboost_feat
APPLE_GRANNY_SMITH,ONLINE,NL-NB,2026-02-12,2026-02-12,Daily,,KG,2.665,2.665,166.04122924804688,xgboost_feat
APPLE_GRANNY_SMITH,ONLINE,NL-NB,2026-02-13,2026-02-13,Daily,,KG,2.665,2.665,163.78854370117188,xgboost_feat
APPLE_GRANNY_SMITH,ONLINE,NL-NB,2026-02-14,2026-02-14,Daily,,KG,2.665,2.665,137.49081420898438,xgboost_feat
APPLE_GRANNY_SMITH,ONLINE,NL-NB,2026-02-15,2026-02-15,Daily,,KG,2.665,2.665,147.0364990234375,xgboost_feat
APPLE_GRANNY_SMITH,ONLINE,NL-NB,2026-02-16,2026-02-16,Daily,,KG,2.665,2.665,161.46395874023438,xgboost_feat
APPLE_GRANNY_SMITH,ONLINE,NL-NB,2026-02-17,2026-02-17,Daily,,KG,2.665,2.665,174.30963134765625,xgboost_feat
APPLE_GRANNY_SMITH,ONLINE,NL-NB,2026-02-18,2026-02-18,Daily,,KG,2.665,2.665,141.33499145507812,xgboost_feat
APPLE_GRANNY_SMITH,ONLINE,NL-NB,2026-02-19,2026-02-19,Daily,,KG,2.665,2.665,160.2381591796875,xgboost_feat
APPLE_GRANNY_SMITH,ONLINE,NL-NB,2026-02-20,2026-02-20,Daily,,KG,2.665,2.665,164.78041076660156,xgboost_feat
APPLE_GRANNY_SMITH,ONLINE,NL-NB,2026-02-21,2026-02-21,Daily,,KG,2.665,2.665,136.68435668945312,xgboost_feat
APPLE_GRANNY_SMITH,ONLINE,NL-NB,2026-02-22,2026-02-22,Daily,,KG,2.665,2.665,135.5854034423828,xgboost_feat
APPLE_GRANNY_SMITH,ONLINE,NL-NB,2026-02-23,2026-02-23,Daily,,KG,2.665,2.665,157.57904052734375,xgboost_feat
APPLE_GRANNY_SMITH,ONLINE,NL-NB,2026-02-24,2026-02-24,Daily,,KG,2.665,2.665,166.96868896484375,xgboost_feat
APPLE_GRANNY_SMITH,ONLINE,NL-NB,2026-02-25,2026-02-25,Daily,,KG,2.665,2.665,160.6168975830078,xgboost_feat
APPLE_GRANNY_SMITH,ONLINE,NL-NB,2026-02-26,2026-02-26,Daily,,KG,2.665,2.665,124.3365249633789,xgboost_feat
APPLE_GRANNY_SMITH,ONLINE,NL-NB,2026-02-27,2026-02-27,Daily,,KG,2.665,2.665,153.9981689453125,xgboost_feat
APPLE_GRANNY_SMITH,ONLINE,NL-NB,2026-02-28,2026-02-28,Daily,,KG,2.665,2.665,152.51263427734375,xgboost_feat
APPLE_GRANNY_SMITH,ONLINE,NL-NB,2026-03-01,2026-03-01,Daily,,KG,2.665,2.665,145.47613525390625,xgboost_feat
APPLE_GRANNY_SMITH,ONLINE,NL-NH,2026-02-02,2026-02-02,Daily,,KG,2.735,2.735,161.32400512695312,xgboost_feat
APPLE_GRANNY_SMITH,ONLINE,NL-NH,2026-02-03,2026-02-03,Daily,,KG,2.735,2.735,163.84576416015625,xgboost_feat
APPLE_GRANNY_SMITH,ONLINE,NL-NH,2026-02-04,2026-02-04,Daily,,KG,2.735,2.735,154.8560791015625,xgboost_feat
APPLE_GRANNY_SMITH,ONLINE,NL-NH,2026-02-05,2026-02-05,Daily,,KG,2.735,2.735,181.06251525878906,xgboost_feat
APPLE_GRANNY_SMITH,ONLINE,NL-NH,2026-02-06,2026-02-06,Daily,,KG,2.735,2.735,143.10667419433594,xgboost_feat
APPLE_GRANNY_SMITH,ONLINE,NL-NH,2026-02-07,2026-02-07,Daily,,KG,2.735,2.735,150.77366638183594,xgboost_feat
APPLE_GRANNY_SMITH,ONLINE,NL-NH,2026-02-08,2026-02-08,Daily,,KG,2.735,2.735,127.98686981201172,xgboost_feat
APPLE_GRANNY_SMITH,ONLINE,NL-NH,2026-02-09,2026-02-09,Daily,,KG,2.735,2.735,152.3402862548828,xgboost_feat
APPLE_GRANNY_SMITH,ONLINE,NL-NH,2026-02-10,2026-02-10,Daily,,KG,2.735,2.735,157.2444610595703,xgboost_feat
APPLE_GRANNY_SMITH,ONLINE,NL-NH,2026-02-11,2026-02-11,Daily,,KG,2.735,2.735,127.98522186279297,xgboost_feat
APPLE_GRANNY_SMITH,ONLINE,NL-NH,2026-02-12,2026-02-12,Daily,,KG,2.735,2.735,141.3888702392578,xgboost_feat
APPLE_GRANNY_SMITH,ONLINE,NL-NH,2026-02-13,2026-02-13,Daily,,KG,2.735,2.735,156.47286987304688,xgboost_feat
APPLE_GRANNY_SMITH,ONLINE,NL-NH,2026-02-14,2026-02-14,Daily,,KG,2.735,2.735,129.68093872070312,xgboost_feat
APPLE_GRANNY_SMITH,ONLINE,NL-NH,2026-02-15,2026-02-15,Daily,,KG,2.735,2.735,134.8045196533203,xgboost_feat
APPLE_GRANNY_SMITH,ONLINE,NL-NH,2026-02-16,2026-02-16,Daily,,KG,2.735,2.735,161.7616424560547,xgboost_feat
APPLE_GRANNY_SMITH,ONLINE,NL-NH,2026-02-17,2026-02-17,Daily,,KG,2.735,2.735,169.34593200683594,xgboost_feat
APPLE_GRANNY_SMITH,ONLINE,NL-NH,2026-02-18,2026-02-18,Daily,,KG,2.735,2.735,123.41874694824219,xgboost_feat
APPLE_GRANNY_SMITH,ONLINE,NL-NH,2026-02-19,2026-02-19,Daily,,KG,2.735,2.735,150.5414581298828,xgboost_feat
APPLE_GRANNY_SMITH,ONLINE,NL-NH,2026-02-20,2026-02-20,Daily,,KG,2.735,2.735,168.8805694580078,xgboost_feat
APPLE_GRANNY_SMITH,ONLINE,NL-NH,2026-02-21,2026-02-21,Daily,,KG,2.735,2.735,143.39378356933594,xgboost_feat
APPLE_GRANNY_SMITH,ONLINE,NL-NH,2026-02-22,2026-02-22,Daily,,KG,2.735,2.735,120.06055450439453,xgboost_feat
APPLE_GRANNY_SMITH,ONLINE,NL-NH,2026-02-23,2026-02-23,Daily,,KG,2.735,2.735,151.16136169433594,xgboost_feat
APPLE_GRANNY_SMITH,ONLINE,NL-NH,2026-02-24,2026-02-24,Daily,,KG,2.735,2.735,135.41250610351562,xgboost_feat
APPLE_GRANNY_SMITH,ONLINE,NL-NH,2026-02-25,2026-02-25,Daily,,KG,2.735,2.735,168.1337890625,xgboost_feat
APPLE_GRANNY_SMITH,ONLINE,NL-NH,2026-02-26,2026-02-26,Daily,,KG,2.735,2.735,157.87445068359375,xgboost_feat
APPLE_GRANNY_SMITH,ONLINE,NL-NH,2026-02-27,2026-02-27,Daily,,KG,2.735,2.735,157.15200805664062,xgboost_feat
APPLE_GRANNY_SMITH,ONLINE,NL-NH,2026-02-28,2026-02-28,Daily,,KG,2.735,2.735,150.8500518798828,xgboost_feat
APPLE_GRANNY_SMITH,ONLINE,NL-NH,2026-03-01,2026-03-01,Daily,,KG,2.735,2.735,139.78018188476562,xgboost_feat
APPLE_GRANNY_SMITH,ONLINE,NL-ZH,2026-02-02,2026-02-02,Daily,,KG,2.861,2.861,175.1424560546875,xgboost_feat
APPLE_GRANNY_SMITH,ONLINE,NL-ZH,2026-02-03,2026-02-03,Daily,,KG,2.861,2.861,170.82594299316406,xgboost_feat
APPLE_GRANNY_SMITH,ONLINE,NL-ZH,2026-02-04,2026-02-04,Daily,,KG,2.861,2.861,167.76303100585938,xgboost_feat
APPLE_GRANNY_SMITH,ONLINE,NL-ZH,2026-02-05,2026-02-05,Daily,,KG,2.861,2.861,182.95034790039062,xgboost_feat
APPLE_GRANNY_SMITH,ONLINE,NL-ZH,2026-02-06,2026-02-06,Daily,,KG,2.861,2.861,164.0490264892578,xgboost_feat
APPLE_GRANNY_SMITH,ONLINE,NL-ZH,2026-02-07,2026-02-07,Daily,,KG,2.861,2.861,132.29942321777344,xgboost_feat
APPLE_GRANNY_SMITH,ONLINE,NL-ZH,2026-02-08,2026-02-08,Daily,,KG,2.861,2.861,126.97301483154297,xgboost_feat
APPLE_GRANNY_SMITH,ONLINE,NL-ZH,2026-02-09,2026-02-09,Daily,,KG,2.861,2.861,159.2750701904297,xgboost_feat
APPLE_GRANNY_SMITH,ONLINE,NL-ZH,2026-02-10,2026-02-10,Daily,,KG,2.861,2.861,168.0469207763672,xgboost_feat
APPLE_GRANNY_SMITH,ONLINE,NL-ZH,2026-02-11,2026-02-11,Daily,,KG,2.861,2.861,135.5444793701172,xgboost_feat
APPLE_GRANNY_SMITH,ONLINE,NL-ZH,2026-02-12,2026-02-12,Daily,,KG,2.861,2.861,171.63116455078125,xgboost_feat
APPLE_GRANNY_SMITH,ONLINE,NL-ZH,2026-02-13,2026-02-13,Daily,,KG,2.861,2.861,165.88050842285156,xgboost_feat
APPLE_GRANNY_SMITH,ONLINE,NL-ZH,2026-02-14,2026-02-14,Daily,,KG,2.861,2.861,139.9894561767578,xgboost_feat
APPLE_GRANNY_SMITH,ONLINE,NL-ZH,2026-02-15,2026-02-15,Daily,,KG,2.861,2.861,148.59002685546875,xgboost_feat
APPLE_GRANNY_SMITH,ONLINE,NL-ZH,2026-02-16,2026-02-16,Daily,,KG,2.861,2.861,163.3650360107422,xgboost_feat
APPLE_GRANNY_SMITH,ONLINE,NL-ZH,2026-02-17,2026-02-17,Daily,,KG,2.861,2.861,178.79507446289062,xgboost_feat
APPLE_GRANNY_SMITH,ONLINE,NL-ZH,2026-02-18,2026-02-18,Daily,,KG,2.861,2.861,134.19606018066406,xgboost_feat
APPLE_GRANNY_SMITH,ONLINE,NL-ZH,2026-02-19,2026-02-19,Daily,,KG,2.861,2.861,166.3158721923828,xgboost_feat
APPLE_GRANNY_SMITH,ONLINE,NL-ZH,2026-02-20,2026-02-20,Daily,,KG,2.861,2.861,173.3159942626953,xgboost_feat
APPLE_GRANNY_SMITH,ONLINE,NL-ZH,2026-02-21,2026-02-21,Daily,,KG,2.861,2.861,141.2498779296875,xgboost_feat
APPLE_GRANNY_SMITH,ONLINE,NL-ZH,2026-02-22,2026-02-22,Daily,,KG,2.861,2.861,119.8095703125,xgboost_feat
APPLE_GRANNY_SMITH,ONLINE,NL-ZH,2026-02-23,2026-02-23,Daily,,KG,2.861,2.861,159.5780029296875,xgboost_feat
APPLE_GRANNY_SMITH,ONLINE,NL-ZH,2026-02-24,2026-02-24,Daily,,KG,2.861,2.861,156.28492736816406,xgboost_feat
APPLE_GRANNY_SMITH,ONLINE,NL-ZH,2026-02-25,2026-02-25,Daily,,KG,2.861,2.861,177.11935424804688,xgboost_feat
APPLE_GRANNY_SMITH,ONLINE,NL-ZH,2026-02-26,2026-02-26,Daily,,KG,2.861,2.861,141.1136474609375,xgboost_feat
APPLE_GRANNY_SMITH,ONLINE,NL-ZH,2026-02-27,2026-02-27,Daily,,KG,2.861,2.861,171.25640869140625,xgboost_feat
APPLE_GRANNY_SMITH,ONLINE,NL-ZH,2026-02-28,2026-02-28,Daily,,KG,2.861,2.861,157.5496826171875,xgboost_feat
APPLE_GRANNY_SMITH,ONLINE,NL-ZH,2026-03-01,2026-03-01,Daily,,KG,2.861,2.861,145.51779174804688,xgboost_feat
APPLE_GRANNY_SMITH,RETAIL,NL-GE,2026-02-02,2026-02-02,Daily,,KG,2.557,2.557,154.16647338867188,xgboost_feat
APPLE_GRANNY_SMITH,RETAIL,NL-GE,2026-02-03,2026-02-03,Daily,,KG,2.557,2.557,167.60157775878906,xgboost_feat
APPLE_GRANNY_SMITH,RETAIL,NL-GE,2026-02-04,2026-02-04,Daily,,KG,2.557,2.557,154.65066528320312,xgboost_feat
APPLE_GRANNY_SMITH,RETAIL,NL-GE,2026-02-05,2026-02-05,Daily,,KG,2.557,2.557,164.5243682861328,xgboost_feat
APPLE_GRANNY_SMITH,RETAIL,NL-GE,2026-02-06,2026-02-06,Daily,,KG,2.557,2.557,155.42401123046875,xgboost_feat
APPLE_GRANNY_SMITH,RETAIL,NL-GE,2026-02-07,2026-02-07,Daily,,KG,2.557,2.557,140.31591796875,xgboost_feat
APPLE_GRANNY_SMITH,RETAIL,NL-GE,2026-02-08,2026-02-08,Daily,,KG,2.557,2.557,134.27548217773438,xgboost_feat
APPLE_GRANNY_SMITH,RETAIL,NL-GE,2026-02-09,2026-02-09,Daily,,KG,2.557,2.557,142.4624786376953,xgboost_feat
APPLE_GRANNY_SMITH,RETAIL,NL-GE,2026-02-10,2026-02-10,Daily,,KG,2.557,2.557,139.89926147460938,xgboost_feat
APPLE_GRANNY_SMITH,RETAIL,NL-GE,2026-02-11,2026-02-11,Daily,,KG,2.557,2.557,122.67717742919922,xgboost_feat
APPLE_GRANNY_SMITH,RETAIL,NL-GE,2026-02-12,2026-02-12,Daily,,KG,2.557,2.557,144.0960693359375,xgboost_feat
APPLE_GRANNY_SMITH,RETAIL,NL-GE,2026-02-13,2026-02-13,Daily,,KG,2.557,2.557,163.075439453125,xgboost_feat
APPLE_GRANNY_SMITH,RETAIL,NL-GE,2026-02-14,2026-02-14,Daily,,KG,2.557,2.557,139.4486846923828,xgboost_feat
APPLE_GRANNY_SMITH,RETAIL,NL-GE,2026-02-15,2026-02-15,Daily,,KG,2.557,2.557,134.29208374023438,xgboost_feat
APPLE_GRANNY_SMITH,RETAIL,NL-GE,2026-02-16,2026-02-16,Daily,,KG,2.557,2.557,156.47569274902344,xgboost_feat
APPLE_GRANNY_SMITH,RETAIL,NL-GE,2026-02-17,2026-02-17,Daily,,KG,2.557,2.557,157.4093017578125,xgboost_feat
APPLE_GRANNY_SMITH,RETAIL,NL-GE,2026-02-18,2026-02-18,Daily,,KG,2.557,2.557,126.60013580322266,xgboost_feat
APPLE_GRANNY_SMITH,RETAIL,NL-GE,2026-02-19,2026-02-19,Daily,,KG,2.557,2.557,147.05226135253906,xgboost_feat
APPLE_GRANNY_SMITH,RETAIL,NL-GE,2026-02-20,2026-02-20,Daily,,KG,2.557,2.557,155.33050537109375,xgboost_feat
APPLE_GRANNY_SMITH,RETAIL,NL-GE,2026-02-21,2026-02-21,Daily,,KG,2.557,2.557,139.5978546142578,xgboost_feat
APPLE_GRANNY_SMITH,RETAIL,NL-GE,2026-02-22,2026-02-22,Daily,,KG,2.557,2.557,130.81712341308594,xgboost_feat
APPLE_GRANNY_SMITH,RETAIL,NL-GE,2026-02-23,2026-02-23,Daily,,KG,2.557,2.557,151.44627380371094,xgboost_feat
APPLE_GRANNY_SMITH,RETAIL,NL-GE,2026-02-24,2026-02-24,Daily,,KG,2.557,2.557,149.30398559570312,xgboost_feat
APPLE_GRANNY_SMITH,RETAIL,NL-GE,2026-02-25,2026-02-25,Daily,,KG,2.557,2.557,158.3873291015625,xgboost_feat
APPLE_GRANNY_SMITH,RETAIL,NL-GE,2026-02-26,2026-02-26,Daily,,KG,2.557,2.557,138.5096893310547,xgboost_feat
APPLE_GRANNY_SMITH,RETAIL,NL-GE,2026-02-27,2026-02-27,Daily,,KG,2.557,2.557,157.4720916748047,xgboost_feat
APPLE_GRANNY_SMITH,RETAIL,NL-GE,2026-02-28,2026-02-28,Daily,,KG,2.557,2.557,156.55014038085938,xgboost_feat
APPLE_GRANNY_SMITH,RETAIL,NL-GE,2026-03-01,2026-03-01,Daily,,KG,2.557,2.557,135.6459197998047,xgboost_feat
APPLE_GRANNY_SMITH,RETAIL,NL-NB,2026-02-02,2026-02-02,Daily,,KG,2.684,2.684,163.78598022460938,xgboost_feat
APPLE_GRANNY_SMITH,RETAIL,NL-NB,2026-02-03,2026-02-03,Daily,,KG,2.684,2.684,167.63258361816406,xgboost_feat
APPLE_GRANNY_SMITH,RETAIL,NL-NB,2026-02-04,2026-02-04,Daily,,KG,2.684,2.684,156.3776397705078,xgboost_feat
APPLE_GRANNY_SMITH,RETAIL,NL-NB,2026-02-05,2026-02-05,Daily,,KG,2.684,2.684,175.47308349609375,xgboost_feat
APPLE_GRANNY_SMITH,RETAIL,NL-NB,2026-02-06,2026-02-06,Daily,,KG,2.684,2.684,165.385986328125,xgboost_feat
APPLE_GRANNY_SMITH,RETAIL,NL-NB,2026-02-07,2026-02-07,Daily,,KG,2.684,2.684,135.75030517578125,xgboost_feat
APPLE_GRANNY_SMITH,RETAIL,NL-NB,2026-02-08,2026-02-08,Daily,,KG,2.684,2.684,135.63694763183594,xgboost_feat
APPLE_GRANNY_SMITH,RETAIL,NL-NB,2026-02-09,2026-02-09,Daily,,KG,2.684,2.684,147.95420837402344,xgboost_feat
APPLE_GRANNY_SMITH,RETAIL,NL-NB,2026-02-10,2026-02-10,Daily,,KG,2.684,2.684,144.3373565673828,xgboost_feat
APPLE_GRANNY_SMITH,RETAIL,NL-NB,2026-02-11,2026-02-11,Daily,,KG,2.684,2.684,146.4853515625,xgboost_feat
APPLE_GRANNY_SMITH,RETAIL,NL-NB,2026-02-12,2026-02-12,Daily,,KG,2.684,2.684,158.7946014404297,xgboost_feat
APPLE_GRANNY_SMITH,RETAIL,NL-NB,2026-02-13,2026-02-13,Daily,,KG,2.684,2.684,159.80686950683594,xgboost_feat
APPLE_GRANNY_SMITH,RETAIL,NL-NB,2026-02-14,2026-02-14,Daily,,KG,2.684,2.684,135.8276824951172,xgboost_feat
APPLE_GRANNY_SMITH,RETAIL,NL-NB,2026-02-15,2026-02-15,Daily,,KG,2.684,2.684,140.62362670898438,xgboost_feat
APPLE_GRANNY_SMITH,RETAIL,NL-NB,2026-02-16,2026-02-16,Daily,,KG,2.684,2.684,157.8256378173828,xgboost_feat
APPLE_GRANNY_SMITH,RETAIL,NL-NB,2026-02-17,2026-02-17,Daily,,KG,2.684,2.684,174.46096801757812,xgboost_feat
APPLE_GRANNY_SMITH,RETAIL,NL-NB,2026-02-18,2026-02-18,Daily,,KG,2.684,2.684,137.3776092529297,xgboost_feat
APPLE_GRANNY_SMITH,RETAIL,NL-NB,2026-02-19,2026-02-19,Daily,,KG,2.684,2.684,153.49147033691406,xgboost_feat
APPLE_GRANNY_SMITH,RETAIL,NL-NB,2026-02-20,2026-02-20,Daily,,KG,2.684,2.684,168.77322387695312,xgboost_feat
APPLE_GRANNY_SMITH,RETAIL,NL-NB,2026-02-21,2026-02-21,Daily,,KG,2.684,2.684,137.4855499267578,xgboost_feat
APPLE_GRANNY_SMITH,RETAIL,NL-NB,2026-02-22,2026-02-22,Daily,,KG,2.684,2.684,131.25448608398438,xgboost_feat
APPLE_GRANNY_SMITH,RETAIL,NL-NB,2026-02-23,2026-02-23,Daily,,KG,2.684,2.684,156.28684997558594,xgboost_feat
APPLE_GRANNY_SMITH,RETAIL,NL-NB,2026-02-24,2026-02-24,Daily,,KG,2.684,2.684,167.12586975097656,xgboost_feat
APPLE_GRANNY_SMITH,RETAIL,NL-NB,2026-02-25,2026-02-25,Daily,,KG,2.684,2.684,158.29286193847656,xgboost_feat
APPLE_GRANNY_SMITH,RETAIL,NL-NB,2026-02-26,2026-02-26,Daily,,KG,2.684,2.684,127.93782806396484,xgboost_feat
APPLE_GRANNY_SMITH,RETAIL,NL-NB,2026-02-27,2026-02-27,Daily,,KG,2.684,2.684,159.2591094970703,xgboost_feat
APPLE_GRANNY_SMITH,RETAIL,NL-NB,2026-02-28,2026-02-28,Daily,,KG,2.684,2.684,150.56991577148438,xgboost_feat
APPLE_GRANNY_SMITH,RETAIL,NL-NB,2026-03-01,2026-03-01,Daily,,KG,2.684,2.684,137.56143188476562,xgboost_feat
APPLE_GRANNY_SMITH,RETAIL,NL-NH,2026-02-02,2026-02-02,Daily,,KG,2.933,2.933,163.93310546875,xgboost_feat
APPLE_GRANNY_SMITH,RETAIL,NL-NH,2026-02-03,2026-02-03,Daily,,KG,2.933,2.933,164.96319580078125,xgboost_feat
APPLE_GRANNY_SMITH,RETAIL,NL-NH,2026-02-04,2026-02-04,Daily,,KG,2.933,2.933,158.13194274902344,xgboost_feat
APPLE_GRANNY_SMITH,RETAIL,NL-NH,2026-02-05,2026-02-05,Daily,,KG,2.933,2.933,185.24110412597656,xgboost_feat
APPLE_GRANNY_SMITH,RETAIL,NL-NH,2026-02-06,2026-02-06,Daily,,KG,2.933,2.933,156.37989807128906,xgboost_feat
APPLE_GRANNY_SMITH,RETAIL,NL-NH,2026-02-07,2026-02-07,Daily,,KG,2.933,2.933,154.40658569335938,xgboost_feat
APPLE_GRANNY_SMITH,RETAIL,NL-NH,2026-02-08,2026-02-08,Daily,,KG,2.933,2.933,140.02377319335938,xgboost_feat
APPLE_GRANNY_SMITH,RETAIL,NL-NH,2026-02-09,2026-02-09,Daily,,KG,2.933,2.933,151.54037475585938,xgboost_feat
APPLE_GRANNY_SMITH,RETAIL,NL-NH,2026-02-10,2026-02-10,Daily,,KG,2.933,2.933,158.2739715576172,xgboost_feat
APPLE_GRANNY_SMITH,RETAIL,NL-NH,2026-02-11,2026-02-11,Daily,,KG,2.933,2.933,129.20318603515625,xgboost_feat
APPLE_GRANNY_SMITH,RETAIL,NL-NH,2026-02-12,2026-02-12,Daily,,KG,2.933,2.933,142.6419219970703,xgboost_feat
APPLE_GRANNY_SMITH,RETAIL,NL-NH,2026-02-13,2026-02-13,Daily,,KG,2.933,2.933,147.86546325683594,xgboost_feat
APPLE_GRANNY_SMITH,RETAIL,NL-NH,2026-02-14,2026-02-14,Daily,,KG,2.933,2.933,133.7036590576172,xgboost_feat
APPLE_GRANNY_SMITH,RETAIL,NL-NH,2026-02-15,2026-02-15,Daily,,KG,2.933,2.933,132.6531524658203,xgboost_feat
APPLE_GRANNY_SMITH,RETAIL,NL-NH,2026-02-16,2026-02-16,Daily,,KG,2.933,2.933,161.6215362548828,xgboost_feat
APPLE_GRANNY_SMITH,RETAIL,NL-NH,2026-02-17,2026-02-17,Daily,,KG,2.933,2.933,177.53204345703125,xgboost_feat
APPLE_GRANNY_SMITH,RETAIL,NL-NH,2026-02-18,2026-02-18,Daily,,KG,2.933,2.933,127.66181182861328,xgboost_feat
APPLE_GRANNY_SMITH,RETAIL,NL-NH,2026-02-19,2026-02-19,Daily,,KG,2.933,2.933,151.71372985839844,xgboost_feat
APPLE_GRANNY_SMITH,RETAIL,NL-NH,2026-02-20,2026-02-20,Daily,,KG,2.933,2.933,175.6985321044922,xgboost_feat
APPLE_GRANNY_SMITH,RETAIL,NL-NH,2026-02-21,2026-02-21,Daily,,KG,2.933,2.933,147.64596557617188,xgboost_feat
APPLE_GRANNY_SMITH,RETAIL,NL-NH,2026-02-22,2026-02-22,Daily,,KG,2.933,2.933,128.6904754638672,xgboost_feat
APPLE_GRANNY_SMITH,RETAIL,NL-NH,2026-02-23,2026-02-23,Daily,,KG,2.933,2.933,160.29269409179688,xgboost_feat
APPLE_GRANNY_SMITH,RETAIL,NL-NH,2026-02-24,2026-02-24,Daily,,KG,2.933,2.933,143.67947387695312,xgboost_feat
APPLE_GRANNY_SMITH,RETAIL,NL-NH,2026-02-25,2026-02-25,Daily,,KG,2.933,2.933,177.30445861816406,xgboost_feat
APPLE_GRANNY_SMITH,RETAIL,NL-NH,2026-02-26,2026-02-26,Daily,,KG,2.933,2.933,167.3448944091797,xgboost_feat
APPLE_GRANNY_SMITH,RETAIL,NL-NH,2026-02-27,2026-02-27,Daily,,KG,2.933,2.933,178.89736938476562,xgboost_feat
APPLE_GRANNY_SMITH,RETAIL,NL-NH,2026-02-28,2026-02-28,Daily,,KG,2.933,2.933,155.342041015625,xgboost_feat
APPLE_GRANNY_SMITH,RETAIL,NL-NH,2026-03-01,2026-03-01,Daily,,KG,2.933,2.933,145.01583862304688,xgboost_feat
APPLE_GRANNY_SMITH,RETAIL,NL-ZH,2026-02-02,2026-02-02,Daily,,KG,2.861,2.861,170.6641387939453,xgboost_feat
APPLE_GRANNY_SMITH,RETAIL,NL-ZH,2026-02-03,2026-02-03,Daily,,KG,2.861,2.861,169.32278442382812,xgboost_feat
APPLE_GRANNY_SMITH,RETAIL,NL-ZH,2026-02-04,2026-02-04,Daily,,KG,2.861,2.861,167.6770477294922,xgboost_feat
APPLE_GRANNY_SMITH,RETAIL,NL-ZH,2026-02-05,2026-02-05,Daily,,KG,2.861,2.861,189.11936950683594,xgboost_feat
APPLE_GRANNY_SMITH,RETAIL,NL-ZH,2026-02-06,2026-02-06,Daily,,KG,2.861,2.861,165.0243377685547,xgboost_feat
APPLE_GRANNY_SMITH,RETAIL,NL-ZH,2026-02-07,2026-02-07,Daily,,KG,2.861,2.861,140.85305786132812,xgboost_feat
APPLE_GRANNY_SMITH,RETAIL,NL-ZH,2026-02-08,2026-02-08,Daily,,KG,2.861,2.861,133.98989868164062,xgboost_feat
APPLE_GRANNY_SMITH,RETAIL,NL-ZH,2026-02-09,2026-02-09,Daily,,KG,2.861,2.861,154.74417114257812,xgboost_feat
APPLE_GRANNY_SMITH,RETAIL,NL-ZH,2026-02-10,2026-02-10,Daily,,KG,2.861,2.861,162.7833251953125,xgboost_feat
APPLE_GRANNY_SMITH,RETAIL,NL-ZH,2026-02-11,2026-02-11,Daily,,KG,2.861,2.861,138.15821838378906,xgboost_feat
APPLE_GRANNY_SMITH,RETAIL,NL-ZH,2026-02-12,2026-02-12,Daily,,KG,2.861,2.861,161.02740478515625,xgboost_feat
APPLE_GRANNY_SMITH,RETAIL,NL-ZH,2026-02-13,2026-02-13,Daily,,KG,2.861,2.861,166.8285369873047,xgboost_feat
APPLE_GRANNY_SMITH,RETAIL,NL-ZH,2026-02-14,2026-02-14,Daily,,KG,2.861,2.861,137.5703125,xgboost_feat
APPLE_GRANNY_SMITH,RETAIL,NL-ZH,2026-02-15,2026-02-15,Daily,,KG,2.861,2.861,137.13958740234375,xgboost_feat
APPLE_GRANNY_SMITH,RETAIL,NL-ZH,2026-02-16,2026-02-16,Daily,,KG,2.861,2.861,165.1288299560547,xgboost_feat
APPLE_GRANNY_SMITH,RETAIL,NL-ZH,2026-02-17,2026-02-17,Daily,,KG,2.861,2.861,183.5907440185547,xgboost_feat
APPLE_GRANNY_SMITH,RETAIL,NL-ZH,2026-02-18,2026-02-18,Daily,,KG,2.861,2.861,136.21292114257812,xgboost_feat
APPLE_GRANNY_SMITH,RETAIL,NL-ZH,2026-02-19,2026-02-19,Daily,,KG,2.861,2.861,161.28196716308594,xgboost_feat
APPLE_GRANNY_SMITH,RETAIL,NL-ZH,2026-02-20,2026-02-20,Daily,,KG,2.861,2.861,172.1042022705078,xgboost_feat
APPLE_GRANNY_SMITH,RETAIL,NL-ZH,2026-02-21,2026-02-21,Daily,,KG,2.861,2.861,142.38314819335938,xgboost_feat
APPLE_GRANNY_SMITH,RETAIL,NL-ZH,2026-02-22,2026-02-22,Daily,,KG,2.861,2.861,123.48097229003906,xgboost_feat
APPLE_GRANNY_SMITH,RETAIL,NL-ZH,2026-02-23,2026-02-23,Daily,,KG,2.861,2.861,155.92747497558594,xgboost_feat
APPLE_GRANNY_SMITH,RETAIL,NL-ZH,2026-02-24,2026-02-24,Daily,,KG,2.861,2.861,155.6498260498047,xgboost_feat
APPLE_GRANNY_SMITH,RETAIL,NL-ZH,2026-02-25,2026-02-25,Daily,,KG,2.861,2.861,182.86932373046875,xgboost_feat
APPLE_GRANNY_SMITH,RETAIL,NL-ZH,2026-02-26,2026-02-26,Daily,,KG,2.861,2.861,148.95266723632812,xgboost_feat
APPLE_GRANNY_SMITH,RETAIL,NL-ZH,2026-02-27,2026-02-27,Daily,,KG,2.861,2.861,176.72666931152344,xgboost_feat
APPLE_GRANNY_SMITH,RETAIL,NL-ZH,2026-02-28,2026-02-28,Daily,,KG,2.861,2.861,157.1696319580078,xgboost_feat
APPLE_GRANNY_SMITH,RETAIL,NL-ZH,2026-03-01,2026-03-01,Daily,,KG,2.861,2.861,149.80067443847656,xgboost_feat
APPLE_GRANNY_SMITH,WHOLESALE,NL-GE,2026-02-02,2026-02-02,Daily,,KG,2.544,2.544,155.28585815429688,xgboost_feat
APPLE_GRANNY_SMITH,WHOLESALE,NL-GE,2026-02-03,2026-02-03,Daily,,KG,2.544,2.544,165.9315185546875,xgboost_feat
APPLE_GRANNY_SMITH,WHOLESALE,NL-GE,2026-02-04,2026-02-04,Daily,,KG,2.544,2.544,154.5730743408203,xgboost_feat
APPLE_GRANNY_SMITH,WHOLESALE,NL-GE,2026-02-05,2026-02-05,Daily,,KG,2.544,2.544,165.65625,xgboost_feat
APPLE_GRANNY_SMITH,WHOLESALE,NL-GE,2026-02-06,2026-02-06,Daily,,KG,2.544,2.544,155.27468872070312,xgboost_feat
APPLE_GRANNY_SMITH,WHOLESALE,NL-GE,2026-02-07,2026-02-07,Daily,,KG,2.544,2.544,139.26377868652344,xgboost_feat
APPLE_GRANNY_SMITH,WHOLESALE,NL-GE,2026-02-08,2026-02-08,Daily,,KG,2.544,2.544,127.72968292236328,xgboost_feat
APPLE_GRANNY_SMITH,WHOLESALE,NL-GE,2026-02-09,2026-02-09,Daily,,KG,2.544,2.544,142.3628692626953,xgboost_feat
APPLE_GRANNY_SMITH,WHOLESALE,NL-GE,2026-02-10,2026-02-10,Daily,,KG,2.544,2.544,138.5936737060547,xgboost_feat
APPLE_GRANNY_SMITH,WHOLESALE,NL-GE,2026-02-11,2026-02-11,Daily,,KG,2.544,2.544,121.69163513183594,xgboost_feat
APPLE_GRANNY_SMITH,WHOLESALE,NL-GE,2026-02-12,2026-02-12,Daily,,KG,2.544,2.544,145.7203826904297,xgboost_feat
APPLE_GRANNY_SMITH,WHOLESALE,NL-GE,2026-02-13,2026-02-13,Daily,,KG,2.544,2.544,162.45223999023438,xgboost_feat
APPLE_GRANNY_SMITH,WHOLESALE,NL-GE,2026-02-14,2026-02-14,Daily,,KG,2.544,2.544,140.740478515625,xgboost_feat
APPLE_GRANNY_SMITH,WHOLESALE,NL-GE,2026-02-15,2026-02-15,Daily,,KG,2.544,2.544,134.357666015625,xgboost_feat
APPLE_GRANNY_SMITH,WHOLESALE,NL-GE,2026-02-16,2026-02-16,Daily,,KG,2.544,2.544,154.0249786376953,xgboost_feat
APPLE_GRANNY_SMITH,WHOLESALE,NL-GE,2026-02-17,2026-02-17,Daily,,KG,2.544,2.544,154.84683227539062,xgboost_feat
APPLE_GRANNY_SMITH,WHOLESALE,NL-GE,2026-02-18,2026-02-18,Daily,,KG,2.544,2.544,126.70409393310547,xgboost_feat
APPLE_GRANNY_SMITH,WHOLESALE,NL-GE,2026-02-19,2026-02-19,Daily,,KG,2.544,2.544,145.04798889160156,xgboost_feat
APPLE_GRANNY_SMITH,WHOLESALE,NL-GE,2026-02-20,2026-02-20,Daily,,KG,2.544,2.544,152.39816284179688,xgboost_feat
APPLE_GRANNY_SMITH,WHOLESALE,NL-GE,2026-02-21,2026-02-21,Daily,,KG,2.544,2.544,138.51918029785156,xgboost_feat
APPLE_GRANNY_SMITH,WHOLESALE,NL-GE,2026-02-22,2026-02-22,Daily,,KG,2.544,2.544,128.83230590820312,xgboost_feat
APPLE_GRANNY_SMITH,WHOLESALE,NL-GE,2026-02-23,2026-02-23,Daily,,KG,2.544,2.544,150.72457885742188,xgboost_feat
APPLE_GRANNY_SMITH,WHOLESALE,NL-GE,2026-02-24,2026-02-24,Daily,,KG,2.544,2.544,148.00213623046875,xgboost_feat
APPLE_GRANNY_SMITH,WHOLESALE,NL-GE,2026-02-25,2026-02-25,Daily,,KG,2.544,2.544,160.33343505859375,xgboost_feat
APPLE_GRANNY_SMITH,WHOLESALE,NL-GE,2026-02-26,2026-02-26,Daily,,KG,2.544,2.544,137.45237731933594,xgboost_feat
APPLE_GRANNY_SMITH,WHOLESALE,NL-GE,2026-02-27,2026-02-27,Daily,,KG,2.544,2.544,152.88465881347656,xgboost_feat
APPLE_GRANNY_SMITH,WHOLESALE,NL-GE,2026-02-28,2026-02-28,Daily,,KG,2.544,2.544,158.90428161621094,xgboost_feat
APPLE_GRANNY_SMITH,WHOLESALE,NL-GE,2026-03-01,2026-03-01,Daily,,KG,2.544,2.544,137.64340209960938,xgboost_feat
APPLE_GRANNY_SMITH,WHOLESALE,NL-NB,2026-02-02,2026-02-02,Daily,,KG,2.608,2.608,162.76231384277344,xgboost_feat
APPLE_GRANNY_SMITH,WHOLESALE,NL-NB,2026-02-03,2026-02-03,Daily,,KG,2.608,2.608,164.78099060058594,xgboost_feat
APPLE_GRANNY_SMITH,WHOLESALE,NL-NB,2026-02-04,2026-02-04,Daily,,KG,2.608,2.608,155.47271728515625,xgboost_feat
APPLE_GRANNY_SMITH,WHOLESALE,NL-NB,2026-02-05,2026-02-05,Daily,,KG,2.608,2.608,174.4619140625,xgboost_feat
APPLE_GRANNY_SMITH,WHOLESALE,NL-NB,2026-02-06,2026-02-06,Daily,,KG,2.608,2.608,164.04409790039062,xgboost_feat
APPLE_GRANNY_SMITH,WHOLESALE,NL-NB,2026-02-07,2026-02-07,Daily,,KG,2.608,2.608,136.16839599609375,xgboost_feat
APPLE_GRANNY_SMITH,WHOLESALE,NL-NB,2026-02-08,2026-02-08,Daily,,KG,2.608,2.608,131.92440795898438,xgboost_feat
APPLE_GRANNY_SMITH,WHOLESALE,NL-NB,2026-02-09,2026-02-09,Daily,,KG,2.608,2.608,145.28204345703125,xgboost_feat
APPLE_GRANNY_SMITH,WHOLESALE,NL-NB,2026-02-10,2026-02-10,Daily,,KG,2.608,2.608,141.72238159179688,xgboost_feat
APPLE_GRANNY_SMITH,WHOLESALE,NL-NB,2026-02-11,2026-02-11,Daily,,KG,2.608,2.608,142.42442321777344,xgboost_feat
APPLE_GRANNY_SMITH,WHOLESALE,NL-NB,2026-02-12,2026-02-12,Daily,,KG,2.608,2.608,154.05503845214844,xgboost_feat
APPLE_GRANNY_SMITH,WHOLESALE,NL-NB,2026-02-13,2026-02-13,Daily,,KG,2.608,2.608,154.5389862060547,xgboost_feat
APPLE_GRANNY_SMITH,WHOLESALE,NL-NB,2026-02-14,2026-02-14,Daily,,KG,2.608,2.608,138.43109130859375,xgboost_feat
APPLE_GRANNY_SMITH,WHOLESALE,NL-NB,2026-02-15,2026-02-15,Daily,,KG,2.608,2.608,143.8421173095703,xgboost_feat
APPLE_GRANNY_SMITH,WHOLESALE,NL-NB,2026-02-16,2026-02-16,Daily,,KG,2.608,2.608,154.52154541015625,xgboost_feat
APPLE_GRANNY_SMITH,WHOLESALE,NL-NB,2026-02-17,2026-02-17,Daily,,KG,2.608,2.608,171.7477569580078,xgboost_feat
APPLE_GRANNY_SMITH,WHOLESALE,NL-NB,2026-02-18,2026-02-18,Daily,,KG,2.608,2.608,137.831298828125,xgboost_feat
APPLE_GRANNY_SMITH,WHOLESALE,NL-NB,2026-02-19,2026-02-19,Daily,,KG,2.608,2.608,156.866455078125,xgboost_feat
APPLE_GRANNY_SMITH,WHOLESALE,NL-NB,2026-02-20,2026-02-20,Daily,,KG,2.608,2.608,165.12921142578125,xgboost_feat
APPLE_GRANNY_SMITH,WHOLESALE,NL-NB,2026-02-21,2026-02-21,Daily,,KG,2.608,2.608,135.71722412109375,xgboost_feat
APPLE_GRANNY_SMITH,WHOLESALE,NL-NB,2026-02-22,2026-02-22,Daily,,KG,2.608,2.608,130.3543701171875,xgboost_feat
APPLE_GRANNY_SMITH,WHOLESALE,NL-NB,2026-02-23,2026-02-23,Daily,,KG,2.608,2.608,155.21969604492188,xgboost_feat
APPLE_GRANNY_SMITH,WHOLESALE,NL-NB,2026-02-24,2026-02-24,Daily,,KG,2.608,2.608,162.3949432373047,xgboost_feat
APPLE_GRANNY_SMITH,WHOLESALE,NL-NB,2026-02-25,2026-02-25,Daily,,KG,2.608,2.608,161.0821990966797,xgboost_feat
APPLE_GRANNY_SMITH,WHOLESALE,NL-NB,2026-02-26,2026-02-26,Daily,,KG,2.608,2.608,128.64682006835938,xgboost_feat
APPLE_GRANNY_SMITH,WHOLESALE,NL-NB,2026-02-27,2026-02-27,Daily,,KG,2.608,2.608,161.2156219482422,xgboost_feat
APPLE_GRANNY_SMITH,WHOLESALE,NL-NB,2026-02-28,2026-02-28,Daily,,KG,2.608,2.608,154.77487182617188,xgboost_feat
APPLE_GRANNY_SMITH,WHOLESALE,NL-NB,2026-03-01,2026-03-01,Daily,,KG,2.608,2.608,142.98919677734375,xgboost_feat
APPLE_GRANNY_SMITH,WHOLESALE,NL-NH,2026-02-02,2026-02-02,Daily,,KG,2.752,2.752,160.54244995117188,xgboost_feat
APPLE_GRANNY_SMITH,WHOLESALE,NL-NH,2026-02-03,2026-02-03,Daily,,KG,2.752,2.752,162.12069702148438,xgboost_feat
APPLE_GRANNY_SMITH,WHOLESALE,NL-NH,2026-02-04,2026-02-04,Daily,,KG,2.752,2.752,153.42465209960938,xgboost_feat
APPLE_GRANNY_SMITH,WHOLESALE,NL-NH,2026-02-05,2026-02-05,Daily,,KG,2.752,2.752,183.3626708984375,xgboost_feat
APPLE_GRANNY_SMITH,WHOLESALE,NL-NH,2026-02-06,2026-02-06,Daily,,KG,2.752,2.752,154.78713989257812,xgboost_feat
APPLE_GRANNY_SMITH,WHOLESALE,NL-NH,2026-02-07,2026-02-07,Daily,,KG,2.752,2.752,151.70233154296875,xgboost_feat
APPLE_GRANNY_SMITH,WHOLESALE,NL-NH,2026-02-08,2026-02-08,Daily,,KG,2.752,2.752,135.3785858154297,xgboost_feat
APPLE_GRANNY_SMITH,WHOLESALE,NL-NH,2026-02-09,2026-02-09,Daily,,KG,2.752,2.752,147.69482421875,xgboost_feat
APPLE_GRANNY_SMITH,WHOLESALE,NL-NH,2026-02-10,2026-02-10,Daily,,KG,2.752,2.752,150.3749237060547,xgboost_feat
APPLE_GRANNY_SMITH,WHOLESALE,NL-NH,2026-02-11,2026-02-11,Daily,,KG,2.752,2.752,128.61033630371094,xgboost_feat
APPLE_GRANNY_SMITH,WHOLESALE,NL-NH,2026-02-12,2026-02-12,Daily,,KG,2.752,2.752,140.80557250976562,xgboost_feat
APPLE_GRANNY_SMITH,WHOLESALE,NL-NH,2026-02-13,2026-02-13,Daily,,KG,2.752,2.752,147.78834533691406,xgboost_feat
APPLE_GRANNY_SMITH,WHOLESALE,NL-NH,2026-02-14,2026-02-14,Daily,,KG,2.752,2.752,134.27737426757812,xgboost_feat
APPLE_GRANNY_SMITH,WHOLESALE,NL-NH,2026-02-15,2026-02-15,Daily,,KG,2.752,2.752,133.05789184570312,xgboost_feat
APPLE_GRANNY_SMITH,WHOLESALE,NL-NH,2026-02-16,2026-02-16,Daily,,KG,2.752,2.752,161.4889373779297,xgboost_feat
APPLE_GRANNY_SMITH,WHOLESALE,NL-NH,2026-02-17,2026-02-17,Daily,,KG,2.752,2.752,178.7992706298828,xgboost_feat
APPLE_GRANNY_SMITH,WHOLESALE,NL-NH,2026-02-18,2026-02-18,Daily,,KG,2.752,2.752,124.43344116210938,xgboost_feat
APPLE_GRANNY_SMITH,WHOLESALE,NL-NH,2026-02-19,2026-02-19,Daily,,KG,2.752,2.752,149.4217529296875,xgboost_feat
APPLE_GRANNY_SMITH,WHOLESALE,NL-NH,2026-02-20,2026-02-20,Daily,,KG,2.752,2.752,170.35557556152344,xgboost_feat
APPLE_GRANNY_SMITH,WHOLESALE,NL-NH,2026-02-21,2026-02-21,Daily,,KG,2.752,2.752,143.7391357421875,xgboost_feat
APPLE_GRANNY_SMITH,WHOLESALE,NL-NH,2026-02-22,2026-02-22,Daily,,KG,2.752,2.752,126.21150207519531,xgboost_feat
APPLE_GRANNY_SMITH,WHOLESALE,NL-NH,2026-02-23,2026-02-23,Daily,,KG,2.752,2.752,153.51002502441406,xgboost_feat
APPLE_GRANNY_SMITH,WHOLESALE,NL-NH,2026-02-24,2026-02-24,Daily,,KG,2.752,2.752,143.15322875976562,xgboost_feat
APPLE_GRANNY_SMITH,WHOLESALE,NL-NH,2026-02-25,2026-02-25,Daily,,KG,2.752,2.752,174.69749450683594,xgboost_feat
APPLE_GRANNY_SMITH,WHOLESALE,NL-NH,2026-02-26,2026-02-26,Daily,,KG,2.752,2.752,166.3800048828125,xgboost_feat
APPLE_GRANNY_SMITH,WHOLESALE,NL-NH,2026-02-27,2026-02-27,Daily,,KG,2.752,2.752,171.07232666015625,xgboost_feat
APPLE_GRANNY_SMITH,WHOLESALE,NL-NH,2026-02-28,2026-02-28,Daily,,KG,2.752,2.752,155.4842987060547,xgboost_feat
APPLE_GRANNY_SMITH,WHOLESALE,NL-NH,2026-03-01,2026-03-01,Daily,,KG,2.752,2.752,142.35626220703125,xgboost_feat
APPLE_GRANNY_SMITH,WHOLESALE,NL-ZH,2026-02-02,2026-02-02,Daily,,KG,2.848,2.848,173.3115997314453,xgboost_feat
APPLE_GRANNY_SMITH,WHOLESALE,NL-ZH,2026-02-03,2026-02-03,Daily,,KG,2.848,2.848,171.97271728515625,xgboost_feat
APPLE_GRANNY_SMITH,WHOLESALE,NL-ZH,2026-02-04,2026-02-04,Daily,,KG,2.848,2.848,167.51011657714844,xgboost_feat
APPLE_GRANNY_SMITH,WHOLESALE,NL-ZH,2026-02-05,2026-02-05,Daily,,KG,2.848,2.848,187.7396697998047,xgboost_feat
APPLE_GRANNY_SMITH,WHOLESALE,NL-ZH,2026-02-06,2026-02-06,Daily,,KG,2.848,2.848,163.44740295410156,xgboost_feat
APPLE_GRANNY_SMITH,WHOLESALE,NL-ZH,2026-02-07,2026-02-07,Daily,,KG,2.848,2.848,141.55870056152344,xgboost_feat
APPLE_GRANNY_SMITH,WHOLESALE,NL-ZH,2026-02-08,2026-02-08,Daily,,KG,2.848,2.848,134.21868896484375,xgboost_feat
APPLE_GRANNY_SMITH,WHOLESALE,NL-ZH,2026-02-09,2026-02-09,Daily,,KG,2.848,2.848,155.56861877441406,xgboost_feat
APPLE_GRANNY_SMITH,WHOLESALE,NL-ZH,2026-02-10,2026-02-10,Daily,,KG,2.848,2.848,161.6694793701172,xgboost_feat
APPLE_GRANNY_SMITH,WHOLESALE,NL-ZH,2026-02-11,2026-02-11,Daily,,KG,2.848,2.848,138.4124755859375,xgboost_feat
APPLE_GRANNY_SMITH,WHOLESALE,NL-ZH,2026-02-12,2026-02-12,Daily,,KG,2.848,2.848,160.3544464111328,xgboost_feat
APPLE_GRANNY_SMITH,WHOLESALE,NL-ZH,2026-02-13,2026-02-13,Daily,,KG,2.848,2.848,165.1777801513672,xgboost_feat
APPLE_GRANNY_SMITH,WHOLESALE,NL-ZH,2026-02-14,2026-02-14,Daily,,KG,2.848,2.848,139.75645446777344,xgboost_feat
APPLE_GRANNY_SMITH,WHOLESALE,NL-ZH,2026-02-15,2026-02-15,Daily,,KG,2.848,2.848,139.41526794433594,xgboost_feat
APPLE_GRANNY_SMITH,WHOLESALE,NL-ZH,2026-02-16,2026-02-16,Daily,,KG,2.848,2.848,163.73342895507812,xgboost_feat
APPLE_GRANNY_SMITH,WHOLESALE,NL-ZH,2026-02-17,2026-02-17,Daily,,KG,2.848,2.848,180.96728515625,xgboost_feat
APPLE_GRANNY_SMITH,WHOLESALE,NL-ZH,2026-02-18,2026-02-18,Daily,,KG,2.848,2.848,138.27574157714844,xgboost_feat
APPLE_GRANNY_SMITH,WHOLESALE,NL-ZH,2026-02-19,2026-02-19,Daily,,KG,2.848,2.848,160.63446044921875,xgboost_feat
APPLE_GRANNY_SMITH,WHOLESALE,NL-ZH,2026-02-20,2026-02-20,Daily,,KG,2.848,2.848,175.1324005126953,xgboost_feat
APPLE_GRANNY_SMITH,WHOLESALE,NL-ZH,2026-02-21,2026-02-21,Daily,,KG,2.848,2.848,144.62855529785156,xgboost_feat
APPLE_GRANNY_SMITH,WHOLESALE,NL-ZH,2026-02-22,2026-02-22,Daily,,KG,2.848,2.848,123.85579681396484,xgboost_feat
APPLE_GRANNY_SMITH,WHOLESALE,NL-ZH,2026-02-23,2026-02-23,Daily,,KG,2.848,2.848,158.18838500976562,xgboost_feat
APPLE_GRANNY_SMITH,WHOLESALE,NL-ZH,2026-02-24,2026-02-24,Daily,,KG,2.848,2.848,155.75372314453125,xgboost_feat
APPLE_GRANNY_SMITH,WHOLESALE,NL-ZH,2026-02-25,2026-02-25,Daily,,KG,2.848,2.848,182.9904327392578,xgboost_feat
APPLE_GRANNY_SMITH,WHOLESALE,NL-ZH,2026-02-26,2026-02-26,Daily,,KG,2.848,2.848,149.00550842285156,xgboost_feat
APPLE_GRANNY_SMITH,WHOLESALE,NL-ZH,2026-02-27,2026-02-27,Daily,,KG,2.848,2.848,179.42877197265625,xgboost_feat
APPLE_GRANNY_SMITH,WHOLESALE,NL-ZH,2026-02-28,2026-02-28,Daily,,KG,2.848,2.848,161.24301147460938,xgboost_feat
APPLE_GRANNY_SMITH,WHOLESALE,NL-ZH,2026-03-01,2026-03-01,Daily,,KG,2.848,2.848,149.17356872558594,xgboost_feat
APPLE_JONAGOLD,ONLINE,NL-GE,2026-02-02,2026-02-02,Daily,,KG,2.523,2.523,150.02439880371094,xgboost_feat
APPLE_JONAGOLD,ONLINE,NL-GE,2026-02-03,2026-02-03,Daily,,KG,2.523,2.523,161.32562255859375,xgboost_feat
APPLE_JONAGOLD,ONLINE,NL-GE,2026-02-04,2026-02-04,Daily,,KG,2.523,2.523,154.9366455078125,xgboost_feat
APPLE_JONAGOLD,ONLINE,NL-GE,2026-02-05,2026-02-05,Daily,,KG,2.523,2.523,164.73683166503906,xgboost_feat
APPLE_JONAGOLD,ONLINE,NL-GE,2026-02-06,2026-02-06,Daily,,KG,2.523,2.523,160.40110778808594,xgboost_feat
APPLE_JONAGOLD,ONLINE,NL-GE,2026-02-07,2026-02-07,Daily,,KG,2.523,2.523,128.25709533691406,xgboost_feat
APPLE_JONAGOLD,ONLINE,NL-GE,2026-02-08,2026-02-08,Daily,,KG,2.523,2.523,116.55419921875,xgboost_feat
APPLE_JONAGOLD,ONLINE,NL-GE,2026-02-09,2026-02-09,Daily,,KG,2.523,2.523,145.6674041748047,xgboost_feat
APPLE_JONAGOLD,ONLINE,NL-GE,2026-02-10,2026-02-10,Daily,,KG,2.523,2.523,141.94471740722656,xgboost_feat
APPLE_JONAGOLD,ONLINE,NL-GE,2026-02-11,2026-02-11,Daily,,KG,2.523,2.523,132.37208557128906,xgboost_feat
APPLE_JONAGOLD,ONLINE,NL-GE,2026-02-12,2026-02-12,Daily,,KG,2.523,2.523,154.27183532714844,xgboost_feat
APPLE_JONAGOLD,ONLINE,NL-GE,2026-02-13,2026-02-13,Daily,,KG,2.523,2.523,174.33839416503906,xgboost_feat
APPLE_JONAGOLD,ONLINE,NL-GE,2026-02-14,2026-02-14,Daily,,KG,2.523,2.523,148.35206604003906,xgboost_feat
APPLE_JONAGOLD,ONLINE,NL-GE,2026-02-15,2026-02-15,Daily,,KG,2.523,2.523,142.45982360839844,xgboost_feat
APPLE_JONAGOLD,ONLINE,NL-GE,2026-02-16,2026-02-16,Daily,,KG,2.523,2.523,156.15887451171875,xgboost_feat
APPLE_JONAGOLD,ONLINE,NL-GE,2026-02-17,2026-02-17,Daily,,KG,2.523,2.523,162.2787322998047,xgboost_feat
APPLE_JONAGOLD,ONLINE,NL-GE,2026-02-18,2026-02-18,Daily,,KG,2.523,2.523,122.18069458007812,xgboost_feat
APPLE_JONAGOLD,ONLINE,NL-GE,2026-02-19,2026-02-19,Daily,,KG,2.523,2.523,147.54037475585938,xgboost_feat
APPLE_JONAGOLD,ONLINE,NL-GE,2026-02-20,2026-02-20,Daily,,KG,2.523,2.523,164.9152374267578,xgboost_feat
APPLE_JONAGOLD,ONLINE,NL-GE,2026-02-21,2026-02-21,Daily,,KG,2.523,2.523,136.0050811767578,xgboost_feat
APPLE_JONAGOLD,ONLINE,NL-GE,2026-02-22,2026-02-22,Daily,,KG,2.523,2.523,121.20035552978516,xgboost_feat
APPLE_JONAGOLD,ONLINE,NL-GE,2026-02-23,2026-02-23,Daily,,KG,2.523,2.523,151.36700439453125,xgboost_feat
APPLE_JONAGOLD,ONLINE,NL-GE,2026-02-24,2026-02-24,Daily,,KG,2.523,2.523,153.4813232421875,xgboost_feat
APPLE_JONAGOLD,ONLINE,NL-GE,2026-02-25,2026-02-25,Daily,,KG,2.523,2.523,159.52651977539062,xgboost_feat
APPLE_JONAGOLD,ONLINE,NL-GE,2026-02-26,2026-02-26,Daily,,KG,2.523,2.523,131.66409301757812,xgboost_feat
APPLE_JONAGOLD,ONLINE,NL-GE,2026-02-27,2026-02-27,Daily,,KG,2.523,2.523,148.60791015625,xgboost_feat
APPLE_JONAGOLD,ONLINE,NL-GE,2026-02-28,2026-02-28,Daily,,KG,2.523,2.523,152.02142333984375,xgboost_feat
APPLE_JONAGOLD,ONLINE,NL-GE,2026-03-01,2026-03-01,Daily,,KG,2.523,2.523,136.5940399169922,xgboost_feat
APPLE_JONAGOLD,ONLINE,NL-NB,2026-02-02,2026-02-02,Daily,,KG,2.723,2.723,149.68055725097656,xgboost_feat
APPLE_JONAGOLD,ONLINE,NL-NB,2026-02-03,2026-02-03,Daily,,KG,2.723,2.723,156.9173583984375,xgboost_feat
APPLE_JONAGOLD,ONLINE,NL-NB,2026-02-04,2026-02-04,Daily,,KG,2.723,2.723,148.80502319335938,xgboost_feat
APPLE_JONAGOLD,ONLINE,NL-NB,2026-02-05,2026-02-05,Daily,,KG,2.723,2.723,171.2195587158203,xgboost_feat
APPLE_JONAGOLD,ONLINE,NL-NB,2026-02-06,2026-02-06,Daily,,KG,2.723,2.723,167.64418029785156,xgboost_feat
APPLE_JONAGOLD,ONLINE,NL-NB,2026-02-07,2026-02-07,Daily,,KG,2.723,2.723,122.82119750976562,xgboost_feat
APPLE_JONAGOLD,ONLINE,NL-NB,2026-02-08,2026-02-08,Daily,,KG,2.723,2.723,124.87251281738281,xgboost_feat
APPLE_JONAGOLD,ONLINE,NL-NB,2026-02-09,2026-02-09,Daily,,KG,2.723,2.723,146.57586669921875,xgboost_feat
APPLE_JONAGOLD,ONLINE,NL-NB,2026-02-10,2026-02-10,Daily,,KG,2.723,2.723,147.12371826171875,xgboost_feat
APPLE_JONAGOLD,ONLINE,NL-NB,2026-02-11,2026-02-11,Daily,,KG,2.723,2.723,147.5321807861328,xgboost_feat
APPLE_JONAGOLD,ONLINE,NL-NB,2026-02-12,2026-02-12,Daily,,KG,2.723,2.723,161.36965942382812,xgboost_feat
APPLE_JONAGOLD,ONLINE,NL-NB,2026-02-13,2026-02-13,Daily,,KG,2.723,2.723,164.18701171875,xgboost_feat
APPLE_JONAGOLD,ONLINE,NL-NB,2026-02-14,2026-02-14,Daily,,KG,2.723,2.723,139.0264892578125,xgboost_feat
APPLE_JONAGOLD,ONLINE,NL-NB,2026-02-15,2026-02-15,Daily,,KG,2.723,2.723,140.4026641845703,xgboost_feat
APPLE_JONAGOLD,ONLINE,NL-NB,2026-02-16,2026-02-16,Daily,,KG,2.723,2.723,155.1031951904297,xgboost_feat
APPLE_JONAGOLD,ONLINE,NL-NB,2026-02-17,2026-02-17,Daily,,KG,2.723,2.723,172.2168426513672,xgboost_feat
APPLE_JONAGOLD,ONLINE,NL-NB,2026-02-18,2026-02-18,Daily,,KG,2.723,2.723,137.8903045654297,xgboost_feat
APPLE_JONAGOLD,ONLINE,NL-NB,2026-02-19,2026-02-19,Daily,,KG,2.723,2.723,149.3768768310547,xgboost_feat
APPLE_JONAGOLD,ONLINE,NL-NB,2026-02-20,2026-02-20,Daily,,KG,2.723,2.723,163.66761779785156,xgboost_feat
APPLE_JONAGOLD,ONLINE,NL-NB,2026-02-21,2026-02-21,Daily,,KG,2.723,2.723,136.3987274169922,xgboost_feat
APPLE_JONAGOLD,ONLINE,NL-NB,2026-02-22,2026-02-22,Daily,,KG,2.723,2.723,135.3276824951172,xgboost_feat
APPLE_JONAGOLD,ONLINE,NL-NB,2026-02-23,2026-02-23,Daily,,KG,2.723,2.723,155.23495483398438,xgboost_feat
APPLE_JONAGOLD,ONLINE,NL-NB,2026-02-24,2026-02-24,Daily,,KG,2.723,2.723,162.0977783203125,xgboost_feat
APPLE_JONAGOLD,ONLINE,NL-NB,2026-02-25,2026-02-25,Daily,,KG,2.723,2.723,157.44161987304688,xgboost_feat
APPLE_JONAGOLD,ONLINE,NL-NB,2026-02-26,2026-02-26,Daily,,KG,2.723,2.723,126.733642578125,xgboost_feat
APPLE_JONAGOLD,ONLINE,NL-NB,2026-02-27,2026-02-27,Daily,,KG,2.723,2.723,154.7465057373047,xgboost_feat
APPLE_JONAGOLD,ONLINE,NL-NB,2026-02-28,2026-02-28,Daily,,KG,2.723,2.723,154.86358642578125,xgboost_feat
APPLE_JONAGOLD,ONLINE,NL-NB,2026-03-01,2026-03-01,Daily,,KG,2.723,2.723,144.8705291748047,xgboost_feat
APPLE_JONAGOLD,ONLINE,NL-NH,2026-02-02,2026-02-02,Daily,,KG,2.837,2.837,154.19052124023438,xgboost_feat
APPLE_JONAGOLD,ONLINE,NL-NH,2026-02-03,2026-02-03,Daily,,KG,2.837,2.837,151.17942810058594,xgboost_feat
APPLE_JONAGOLD,ONLINE,NL-NH,2026-02-04,2026-02-04,Daily,,KG,2.837,2.837,151.71005249023438,xgboost_feat
APPLE_JONAGOLD,ONLINE,NL-NH,2026-02-05,2026-02-05,Daily,,KG,2.837,2.837,176.22021484375,xgboost_feat
APPLE_JONAGOLD,ONLINE,NL-NH,2026-02-06,2026-02-06,Daily,,KG,2.837,2.837,145.92831420898438,xgboost_feat
APPLE_JONAGOLD,ONLINE,NL-NH,2026-02-07,2026-02-07,Daily,,KG,2.837,2.837,147.30494689941406,xgboost_feat
APPLE_JONAGOLD,ONLINE,NL-NH,2026-02-08,2026-02-08,Daily,,KG,2.837,2.837,127.54443359375,xgboost_feat
APPLE_JONAGOLD,ONLINE,NL-NH,2026-02-09,2026-02-09,Daily,,KG,2.837,2.837,146.02523803710938,xgboost_feat
APPLE_JONAGOLD,ONLINE,NL-NH,2026-02-10,2026-02-10,Daily,,KG,2.837,2.837,159.47877502441406,xgboost_feat
APPLE_JONAGOLD,ONLINE,NL-NH,2026-02-11,2026-02-11,Daily,,KG,2.837,2.837,127.83013153076172,xgboost_feat
APPLE_JONAGOLD,ONLINE,NL-NH,2026-02-12,2026-02-12,Daily,,KG,2.837,2.837,145.20721435546875,xgboost_feat
APPLE_JONAGOLD,ONLINE,NL-NH,2026-02-13,2026-02-13,Daily,,KG,2.837,2.837,154.9446258544922,xgboost_feat
APPLE_JONAGOLD,ONLINE,NL-NH,2026-02-14,2026-02-14,Daily,,KG,2.837,2.837,137.55239868164062,xgboost_feat
APPLE_JONAGOLD,ONLINE,NL-NH,2026-02-15,2026-02-15,Daily,,KG,2.837,2.837,145.66860961914062,xgboost_feat
APPLE_JONAGOLD,ONLINE,NL-NH,2026-02-16,2026-02-16,Daily,,KG,2.837,2.837,171.0966339111328,xgboost_feat
APPLE_JONAGOLD,ONLINE,NL-NH,2026-02-17,2026-02-17,Daily,,KG,2.837,2.837,188.86134338378906,xgboost_feat
APPLE_JONAGOLD,ONLINE,NL-NH,2026-02-18,2026-02-18,Daily,,KG,2.837,2.837,124.72441864013672,xgboost_feat
APPLE_JONAGOLD,ONLINE,NL-NH,2026-02-19,2026-02-19,Daily,,KG,2.837,2.837,145.7867889404297,xgboost_feat
APPLE_JONAGOLD,ONLINE,NL-NH,2026-02-20,2026-02-20,Daily,,KG,2.837,2.837,172.6777801513672,xgboost_feat
APPLE_JONAGOLD,ONLINE,NL-NH,2026-02-21,2026-02-21,Daily,,KG,2.837,2.837,147.6279296875,xgboost_feat
APPLE_JONAGOLD,ONLINE,NL-NH,2026-02-22,2026-02-22,Daily,,KG,2.837,2.837,129.553466796875,xgboost_feat
APPLE_JONAGOLD,ONLINE,NL-NH,2026-02-23,2026-02-23,Daily,,KG,2.837,2.837,160.07574462890625,xgboost_feat
APPLE_JONAGOLD,ONLINE,NL-NH,2026-02-24,2026-02-24,Daily,,KG,2.837,2.837,145.22195434570312,xgboost_feat
APPLE_JONAGOLD,ONLINE,NL-NH,2026-02-25,2026-02-25,Daily,,KG,2.837,2.837,184.06356811523438,xgboost_feat
APPLE_JONAGOLD,ONLINE,NL-NH,2026-02-26,2026-02-26,Daily,,KG,2.837,2.837,167.90335083007812,xgboost_feat
APPLE_JONAGOLD,ONLINE,NL-NH,2026-02-27,2026-02-27,Daily,,KG,2.837,2.837,176.02647399902344,xgboost_feat
APPLE_JONAGOLD,ONLINE,NL-NH,2026-02-28,2026-02-28,Daily,,KG,2.837,2.837,158.88510131835938,xgboost_feat
APPLE_JONAGOLD,ONLINE,NL-NH,2026-03-01,2026-03-01,Daily,,KG,2.837,2.837,145.00299072265625,xgboost_feat
APPLE_JONAGOLD,ONLINE,NL-ZH,2026-02-02,2026-02-02,Daily,,KG,2.982,2.982,167.62713623046875,xgboost_feat
APPLE_JONAGOLD,ONLINE,NL-ZH,2026-02-03,2026-02-03,Daily,,KG,2.982,2.982,168.111572265625,xgboost_feat
APPLE_JONAGOLD,ONLINE,NL-ZH,2026-02-04,2026-02-04,Daily,,KG,2.982,2.982,162.3453369140625,xgboost_feat
APPLE_JONAGOLD,ONLINE,NL-ZH,2026-02-05,2026-02-05,Daily,,KG,2.982,2.982,187.97315979003906,xgboost_feat
APPLE_JONAGOLD,ONLINE,NL-ZH,2026-02-06,2026-02-06,Daily,,KG,2.982,2.982,162.84280395507812,xgboost_feat
APPLE_JONAGOLD,ONLINE,NL-ZH,2026-02-07,2026-02-07,Daily,,KG,2.982,2.982,134.68251037597656,xgboost_feat
APPLE_JONAGOLD,ONLINE,NL-ZH,2026-02-08,2026-02-08,Daily,,KG,2.982,2.982,124.26992797851562,xgboost_feat
APPLE_JONAGOLD,ONLINE,NL-ZH,2026-02-09,2026-02-09,Daily,,KG,2.982,2.982,147.60006713867188,xgboost_feat
APPLE_JONAGOLD,ONLINE,NL-ZH,2026-02-10,2026-02-10,Daily,,KG,2.982,2.982,158.57891845703125,xgboost_feat
APPLE_JONAGOLD,ONLINE,NL-ZH,2026-02-11,2026-02-11,Daily,,KG,2.982,2.982,139.72705078125,xgboost_feat
APPLE_JONAGOLD,ONLINE,NL-ZH,2026-02-12,2026-02-12,Daily,,KG,2.982,2.982,158.4949493408203,xgboost_feat
APPLE_JONAGOLD,ONLINE,NL-ZH,2026-02-13,2026-02-13,Daily,,KG,2.982,2.982,161.9197998046875,xgboost_feat
APPLE_JONAGOLD,ONLINE,NL-ZH,2026-02-14,2026-02-14,Daily,,KG,2.982,2.982,139.53570556640625,xgboost_feat
APPLE_JONAGOLD,ONLINE,NL-ZH,2026-02-15,2026-02-15,Daily,,KG,2.982,2.982,147.074951171875,xgboost_feat
APPLE_JONAGOLD,ONLINE,NL-ZH,2026-02-16,2026-02-16,Daily,,KG,2.982,2.982,166.40518188476562,xgboost_feat
APPLE_JONAGOLD,ONLINE,NL-ZH,2026-02-17,2026-02-17,Daily,,KG,2.982,2.982,179.20933532714844,xgboost_feat
APPLE_JONAGOLD,ONLINE,NL-ZH,2026-02-18,2026-02-18,Daily,,KG,2.982,2.982,138.00465393066406,xgboost_feat
APPLE_JONAGOLD,ONLINE,NL-ZH,2026-02-19,2026-02-19,Daily,,KG,2.982,2.982,160.84963989257812,xgboost_feat
APPLE_JONAGOLD,ONLINE,NL-ZH,2026-02-20,2026-02-20,Daily,,KG,2.982,2.982,178.42730712890625,xgboost_feat
APPLE_JONAGOLD,ONLINE,NL-ZH,2026-02-21,2026-02-21,Daily,,KG,2.982,2.982,140.21893310546875,xgboost_feat
APPLE_JONAGOLD,ONLINE,NL-ZH,2026-02-22,2026-02-22,Daily,,KG,2.982,2.982,118.77696990966797,xgboost_feat
APPLE_JONAGOLD,ONLINE,NL-ZH,2026-02-23,2026-02-23,Daily,,KG,2.982,2.982,158.7509765625,xgboost_feat
APPLE_JONAGOLD,ONLINE,NL-ZH,2026-02-24,2026-02-24,Daily,,KG,2.982,2.982,152.94187927246094,xgboost_feat
APPLE_JONAGOLD,ONLINE,NL-ZH,2026-02-25,2026-02-25,Daily,,KG,2.982,2.982,187.72088623046875,xgboost_feat
APPLE_JONAGOLD,ONLINE,NL-ZH,2026-02-26,2026-02-26,Daily,,KG,2.982,2.982,148.8333740234375,xgboost_feat
APPLE_JONAGOLD,ONLINE,NL-ZH,2026-02-27,2026-02-27,Daily,,KG,2.982,2.982,176.39076232910156,xgboost_feat
APPLE_JONAGOLD,ONLINE,NL-ZH,2026-02-28,2026-02-28,Daily,,KG,2.982,2.982,156.2694854736328,xgboost_feat
APPLE_JONAGOLD,ONLINE,NL-ZH,2026-03-01,2026-03-01,Daily,,KG,2.982,2.982,145.56231689453125,xgboost_feat
APPLE_JONAGOLD,RETAIL,NL-GE,2026-02-02,2026-02-02,Daily,,KG,2.447,2.447,154.4925079345703,xgboost_feat
APPLE_JONAGOLD,RETAIL,NL-GE,2026-02-03,2026-02-03,Daily,,KG,2.447,2.447,167.72996520996094,xgboost_feat
APPLE_JONAGOLD,RETAIL,NL-GE,2026-02-04,2026-02-04,Daily,,KG,2.447,2.447,154.5577850341797,xgboost_feat
APPLE_JONAGOLD,RETAIL,NL-GE,2026-02-05,2026-02-05,Daily,,KG,2.447,2.447,167.01377868652344,xgboost_feat
APPLE_JONAGOLD,RETAIL,NL-GE,2026-02-06,2026-02-06,Daily,,KG,2.447,2.447,156.4464874267578,xgboost_feat
APPLE_JONAGOLD,RETAIL,NL-GE,2026-02-07,2026-02-07,Daily,,KG,2.447,2.447,138.92694091796875,xgboost_feat
APPLE_JONAGOLD,RETAIL,NL-GE,2026-02-08,2026-02-08,Daily,,KG,2.447,2.447,134.7283477783203,xgboost_feat
APPLE_JONAGOLD,RETAIL,NL-GE,2026-02-09,2026-02-09,Daily,,KG,2.447,2.447,142.0708465576172,xgboost_feat
APPLE_JONAGOLD,RETAIL,NL-GE,2026-02-10,2026-02-10,Daily,,KG,2.447,2.447,139.9469757080078,xgboost_feat
APPLE_JONAGOLD,RETAIL,NL-GE,2026-02-11,2026-02-11,Daily,,KG,2.447,2.447,124.78093719482422,xgboost_feat
APPLE_JONAGOLD,RETAIL,NL-GE,2026-02-12,2026-02-12,Daily,,KG,2.447,2.447,147.56964111328125,xgboost_feat
APPLE_JONAGOLD,RETAIL,NL-GE,2026-02-13,2026-02-13,Daily,,KG,2.447,2.447,165.7548065185547,xgboost_feat
APPLE_JONAGOLD,RETAIL,NL-GE,2026-02-14,2026-02-14,Daily,,KG,2.447,2.447,142.66928100585938,xgboost_feat
APPLE_JONAGOLD,RETAIL,NL-GE,2026-02-15,2026-02-15,Daily,,KG,2.447,2.447,134.91795349121094,xgboost_feat
APPLE_JONAGOLD,RETAIL,NL-GE,2026-02-16,2026-02-16,Daily,,KG,2.447,2.447,156.4172821044922,xgboost_feat
APPLE_JONAGOLD,RETAIL,NL-GE,2026-02-17,2026-02-17,Daily,,KG,2.447,2.447,161.24693298339844,xgboost_feat
APPLE_JONAGOLD,RETAIL,NL-GE,2026-02-18,2026-02-18,Daily,,KG,2.447,2.447,125.15693664550781,xgboost_feat
APPLE_JONAGOLD,RETAIL,NL-GE,2026-02-19,2026-02-19,Daily,,KG,2.447,2.447,146.67405700683594,xgboost_feat
APPLE_JONAGOLD,RETAIL,NL-GE,2026-02-20,2026-02-20,Daily,,KG,2.447,2.447,158.124755859375,xgboost_feat
APPLE_JONAGOLD,RETAIL,NL-GE,2026-02-21,2026-02-21,Daily,,KG,2.447,2.447,141.1360321044922,xgboost_feat
APPLE_JONAGOLD,RETAIL,NL-GE,2026-02-22,2026-02-22,Daily,,KG,2.447,2.447,131.69308471679688,xgboost_feat
APPLE_JONAGOLD,RETAIL,NL-GE,2026-02-23,2026-02-23,Daily,,KG,2.447,2.447,152.1876983642578,xgboost_feat
APPLE_JONAGOLD,RETAIL,NL-GE,2026-02-24,2026-02-24,Daily,,KG,2.447,2.447,149.4365234375,xgboost_feat
APPLE_JONAGOLD,RETAIL,NL-GE,2026-02-25,2026-02-25,Daily,,KG,2.447,2.447,159.14874267578125,xgboost_feat
APPLE_JONAGOLD,RETAIL,NL-GE,2026-02-26,2026-02-26,Daily,,KG,2.447,2.447,137.7139892578125,xgboost_feat
APPLE_JONAGOLD,RETAIL,NL-GE,2026-02-27,2026-02-27,Daily,,KG,2.447,2.447,154.4023895263672,xgboost_feat
APPLE_JONAGOLD,RETAIL,NL-GE,2026-02-28,2026-02-28,Daily,,KG,2.447,2.447,160.20152282714844,xgboost_feat
APPLE_JONAGOLD,RETAIL,NL-GE,2026-03-01,2026-03-01,Daily,,KG,2.447,2.447,135.39698791503906,xgboost_feat
APPLE_JONAGOLD,RETAIL,NL-NB,2026-02-02,2026-02-02,Daily,,KG,2.672,2.672,163.59933471679688,xgboost_feat
APPLE_JONAGOLD,RETAIL,NL-NB,2026-02-03,2026-02-03,Daily,,KG,2.672,2.672,167.49020385742188,xgboost_feat
APPLE_JONAGOLD,RETAIL,NL-NB,2026-02-04,2026-02-04,Daily,,KG,2.672,2.672,156.23526000976562,xgboost_feat
APPLE_JONAGOLD,RETAIL,NL-NB,2026-02-05,2026-02-05,Daily,,KG,2.672,2.672,175.3207550048828,xgboost_feat
APPLE_JONAGOLD,RETAIL,NL-NB,2026-02-06,2026-02-06,Daily,,KG,2.672,2.672,165.2436065673828,xgboost_feat
APPLE_JONAGOLD,RETAIL,NL-NB,2026-02-07,2026-02-07,Daily,,KG,2.672,2.672,135.60792541503906,xgboost_feat
APPLE_JONAGOLD,RETAIL,NL-NB,2026-02-08,2026-02-08,Daily,,KG,2.672,2.672,134.0609893798828,xgboost_feat
APPLE_JONAGOLD,RETAIL,NL-NB,2026-02-09,2026-02-09,Daily,,KG,2.672,2.672,148.68222045898438,xgboost_feat
APPLE_JONAGOLD,RETAIL,NL-NB,2026-02-10,2026-02-10,Daily,,KG,2.672,2.672,143.6783905029297,xgboost_feat
APPLE_JONAGOLD,RETAIL,NL-NB,2026-02-11,2026-02-11,Daily,,KG,2.672,2.672,145.44708251953125,xgboost_feat
APPLE_JONAGOLD,RETAIL,NL-NB,2026-02-12,2026-02-12,Daily,,KG,2.672,2.672,157.21192932128906,xgboost_feat
APPLE_JONAGOLD,RETAIL,NL-NB,2026-02-13,2026-02-13,Daily,,KG,2.672,2.672,159.1096954345703,xgboost_feat
APPLE_JONAGOLD,RETAIL,NL-NB,2026-02-14,2026-02-14,Daily,,KG,2.672,2.672,135.2570343017578,xgboost_feat
APPLE_JONAGOLD,RETAIL,NL-NB,2026-02-15,2026-02-15,Daily,,KG,2.672,2.672,132.24623107910156,xgboost_feat
APPLE_JONAGOLD,RETAIL,NL-NB,2026-02-16,2026-02-16,Daily,,KG,2.672,2.672,153.8286895751953,xgboost_feat
APPLE_JONAGOLD,RETAIL,NL-NB,2026-02-17,2026-02-17,Daily,,KG,2.672,2.672,171.19033813476562,xgboost_feat
APPLE_JONAGOLD,RETAIL,NL-NB,2026-02-18,2026-02-18,Daily,,KG,2.672,2.672,137.12124633789062,xgboost_feat
APPLE_JONAGOLD,RETAIL,NL-NB,2026-02-19,2026-02-19,Daily,,KG,2.672,2.672,151.12481689453125,xgboost_feat
APPLE_JONAGOLD,RETAIL,NL-NB,2026-02-20,2026-02-20,Daily,,KG,2.672,2.672,166.38119506835938,xgboost_feat
APPLE_JONAGOLD,RETAIL,NL-NB,2026-02-21,2026-02-21,Daily,,KG,2.672,2.672,136.4885711669922,xgboost_feat
APPLE_JONAGOLD,RETAIL,NL-NB,2026-02-22,2026-02-22,Daily,,KG,2.672,2.672,129.78851318359375,xgboost_feat
APPLE_JONAGOLD,RETAIL,NL-NB,2026-02-23,2026-02-23,Daily,,KG,2.672,2.672,156.5978240966797,xgboost_feat
APPLE_JONAGOLD,RETAIL,NL-NB,2026-02-24,2026-02-24,Daily,,KG,2.672,2.672,161.87423706054688,xgboost_feat
APPLE_JONAGOLD,RETAIL,NL-NB,2026-02-25,2026-02-25,Daily,,KG,2.672,2.672,158.30093383789062,xgboost_feat
APPLE_JONAGOLD,RETAIL,NL-NB,2026-02-26,2026-02-26,Daily,,KG,2.672,2.672,126.32316589355469,xgboost_feat
APPLE_JONAGOLD,RETAIL,NL-NB,2026-02-27,2026-02-27,Daily,,KG,2.672,2.672,159.80340576171875,xgboost_feat
APPLE_JONAGOLD,RETAIL,NL-NB,2026-02-28,2026-02-28,Daily,,KG,2.672,2.672,151.16722106933594,xgboost_feat
APPLE_JONAGOLD,RETAIL,NL-NB,2026-03-01,2026-03-01,Daily,,KG,2.672,2.672,135.15773010253906,xgboost_feat
APPLE_JONAGOLD,RETAIL,NL-NH,2026-02-02,2026-02-02,Daily,,KG,2.821,2.821,164.1747589111328,xgboost_feat
APPLE_JONAGOLD,RETAIL,NL-NH,2026-02-03,2026-02-03,Daily,,KG,2.821,2.821,166.02557373046875,xgboost_feat
APPLE_JONAGOLD,RETAIL,NL-NH,2026-02-04,2026-02-04,Daily,,KG,2.821,2.821,158.93508911132812,xgboost_feat
APPLE_JONAGOLD,RETAIL,NL-NH,2026-02-05,2026-02-05,Daily,,KG,2.821,2.821,185.52711486816406,xgboost_feat
APPLE_JONAGOLD,RETAIL,NL-NH,2026-02-06,2026-02-06,Daily,,KG,2.821,2.821,156.66590881347656,xgboost_feat
APPLE_JONAGOLD,RETAIL,NL-NH,2026-02-07,2026-02-07,Daily,,KG,2.821,2.821,154.69259643554688,xgboost_feat
APPLE_JONAGOLD,RETAIL,NL-NH,2026-02-08,2026-02-08,Daily,,KG,2.821,2.821,140.30978393554688,xgboost_feat
APPLE_JONAGOLD,RETAIL,NL-NH,2026-02-09,2026-02-09,Daily,,KG,2.821,2.821,151.5953369140625,xgboost_feat
APPLE_JONAGOLD,RETAIL,NL-NH,2026-02-10,2026-02-10,Daily,,KG,2.821,2.821,158.18553161621094,xgboost_feat
APPLE_JONAGOLD,RETAIL,NL-NH,2026-02-11,2026-02-11,Daily,,KG,2.821,2.821,129.85220336914062,xgboost_feat
APPLE_JONAGOLD,RETAIL,NL-NH,2026-02-12,2026-02-12,Daily,,KG,2.821,2.821,144.1885528564453,xgboost_feat
APPLE_JONAGOLD,RETAIL,NL-NH,2026-02-13,2026-02-13,Daily,,KG,2.821,2.821,149.62474060058594,xgboost_feat
APPLE_JONAGOLD,RETAIL,NL-NH,2026-02-14,2026-02-14,Daily,,KG,2.821,2.821,136.337890625,xgboost_feat
APPLE_JONAGOLD,RETAIL,NL-NH,2026-02-15,2026-02-15,Daily,,KG,2.821,2.821,140.08544921875,xgboost_feat
APPLE_JONAGOLD,RETAIL,NL-NH,2026-02-16,2026-02-16,Daily,,KG,2.821,2.821,168.38577270507812,xgboost_feat
APPLE_JONAGOLD,RETAIL,NL-NH,2026-02-17,2026-02-17,Daily,,KG,2.821,2.821,185.89976501464844,xgboost_feat
APPLE_JONAGOLD,RETAIL,NL-NH,2026-02-18,2026-02-18,Daily,,KG,2.821,2.821,125.79022216796875,xgboost_feat
APPLE_JONAGOLD,RETAIL,NL-NH,2026-02-19,2026-02-19,Daily,,KG,2.821,2.821,150.84764099121094,xgboost_feat
APPLE_JONAGOLD,RETAIL,NL-NH,2026-02-20,2026-02-20,Daily,,KG,2.821,2.821,173.5108184814453,xgboost_feat
APPLE_JONAGOLD,RETAIL,NL-NH,2026-02-21,2026-02-21,Daily,,KG,2.821,2.821,143.9765625,xgboost_feat
APPLE_JONAGOLD,RETAIL,NL-NH,2026-02-22,2026-02-22,Daily,,KG,2.821,2.821,127.35662841796875,xgboost_feat
APPLE_JONAGOLD,RETAIL,NL-NH,2026-02-23,2026-02-23,Daily,,KG,2.821,2.821,157.6674041748047,xgboost_feat
APPLE_JONAGOLD,RETAIL,NL-NH,2026-02-24,2026-02-24,Daily,,KG,2.821,2.821,143.5338592529297,xgboost_feat
APPLE_JONAGOLD,RETAIL,NL-NH,2026-02-25,2026-02-25,Daily,,KG,2.821,2.821,179.43727111816406,xgboost_feat
APPLE_JONAGOLD,RETAIL,NL-NH,2026-02-26,2026-02-26,Daily,,KG,2.821,2.821,168.02371215820312,xgboost_feat
APPLE_JONAGOLD,RETAIL,NL-NH,2026-02-27,2026-02-27,Daily,,KG,2.821,2.821,172.909912109375,xgboost_feat
APPLE_JONAGOLD,RETAIL,NL-NH,2026-02-28,2026-02-28,Daily,,KG,2.821,2.821,156.60633850097656,xgboost_feat
APPLE_JONAGOLD,RETAIL,NL-NH,2026-03-01,2026-03-01,Daily,,KG,2.821,2.821,143.3243865966797,xgboost_feat
APPLE_JONAGOLD,RETAIL,NL-ZH,2026-02-02,2026-02-02,Daily,,KG,2.677,2.677,164.86126708984375,xgboost_feat
APPLE_JONAGOLD,RETAIL,NL-ZH,2026-02-03,2026-02-03,Daily,,KG,2.677,2.677,165.52647399902344,xgboost_feat
APPLE_JONAGOLD,RETAIL,NL-ZH,2026-02-04,2026-02-04,Daily,,KG,2.677,2.677,163.8866424560547,xgboost_feat
APPLE_JONAGOLD,RETAIL,NL-ZH,2026-02-05,2026-02-05,Daily,,KG,2.677,2.677,182.6285400390625,xgboost_feat
APPLE_JONAGOLD,RETAIL,NL-ZH,2026-02-06,2026-02-06,Daily,,KG,2.677,2.677,159.5988006591797,xgboost_feat
APPLE_JONAGOLD,RETAIL,NL-ZH,2026-02-07,2026-02-07,Daily,,KG,2.677,2.677,138.67745971679688,xgboost_feat
APPLE_JONAGOLD,RETAIL,NL-ZH,2026-02-08,2026-02-08,Daily,,KG,2.677,2.677,130.08245849609375,xgboost_feat
APPLE_JONAGOLD,RETAIL,NL-ZH,2026-02-09,2026-02-09,Daily,,KG,2.677,2.677,145.60665893554688,xgboost_feat
APPLE_JONAGOLD,RETAIL,NL-ZH,2026-02-10,2026-02-10,Daily,,KG,2.677,2.677,154.2447509765625,xgboost_feat
APPLE_JONAGOLD,RETAIL,NL-ZH,2026-02-11,2026-02-11,Daily,,KG,2.677,2.677,133.30831909179688,xgboost_feat
APPLE_JONAGOLD,RETAIL,NL-ZH,2026-02-12,2026-02-12,Daily,,KG,2.677,2.677,156.2382354736328,xgboost_feat
APPLE_JONAGOLD,RETAIL,NL-ZH,2026-02-13,2026-02-13,Daily,,KG,2.677,2.677,159.6000518798828,xgboost_feat
APPLE_JONAGOLD,RETAIL,NL-ZH,2026-02-14,2026-02-14,Daily,,KG,2.677,2.677,133.82257080078125,xgboost_feat
APPLE_JONAGOLD,RETAIL,NL-ZH,2026-02-15,2026-02-15,Daily,,KG,2.677,2.677,123.82508087158203,xgboost_feat
APPLE_JONAGOLD,RETAIL,NL-ZH,2026-02-16,2026-02-16,Daily,,KG,2.677,2.677,152.31190490722656,xgboost_feat
APPLE_JONAGOLD,RETAIL,NL-ZH,2026-02-17,2026-02-17,Daily,,KG,2.677,2.677,170.39781188964844,xgboost_feat
APPLE_JONAGOLD,RETAIL,NL-ZH,2026-02-18,2026-02-18,Daily,,KG,2.677,2.677,132.7660369873047,xgboost_feat
APPLE_JONAGOLD,RETAIL,NL-ZH,2026-02-19,2026-02-19,Daily,,KG,2.677,2.677,150.70994567871094,xgboost_feat
APPLE_JONAGOLD,RETAIL,NL-ZH,2026-02-20,2026-02-20,Daily,,KG,2.677,2.677,167.91513061523438,xgboost_feat
APPLE_JONAGOLD,RETAIL,NL-ZH,2026-02-21,2026-02-21,Daily,,KG,2.677,2.677,135.0711669921875,xgboost_feat
APPLE_JONAGOLD,RETAIL,NL-ZH,2026-02-22,2026-02-22,Daily,,KG,2.677,2.677,113.6654052734375,xgboost_feat
APPLE_JONAGOLD,RETAIL,NL-ZH,2026-02-23,2026-02-23,Daily,,KG,2.677,2.677,151.1672821044922,xgboost_feat
APPLE_JONAGOLD,RETAIL,NL-ZH,2026-02-24,2026-02-24,Daily,,KG,2.677,2.677,149.94476318359375,xgboost_feat
APPLE_JONAGOLD,RETAIL,NL-ZH,2026-02-25,2026-02-25,Daily,,KG,2.677,2.677,171.7119903564453,xgboost_feat
APPLE_JONAGOLD,RETAIL,NL-ZH,2026-02-26,2026-02-26,Daily,,KG,2.677,2.677,139.11122131347656,xgboost_feat
APPLE_JONAGOLD,RETAIL,NL-ZH,2026-02-27,2026-02-27,Daily,,KG,2.677,2.677,162.6873016357422,xgboost_feat
APPLE_JONAGOLD,RETAIL,NL-ZH,2026-02-28,2026-02-28,Daily,,KG,2.677,2.677,143.05294799804688,xgboost_feat
APPLE_JONAGOLD,RETAIL,NL-ZH,2026-03-01,2026-03-01,Daily,,KG,2.677,2.677,132.3083953857422,xgboost_feat
APPLE_JONAGOLD,WHOLESALE,NL-GE,2026-02-02,2026-02-02,Daily,,KG,2.6,2.6,154.78016662597656,xgboost_feat
APPLE_JONAGOLD,WHOLESALE,NL-GE,2026-02-03,2026-02-03,Daily,,KG,2.6,2.6,166.07376098632812,xgboost_feat
APPLE_JONAGOLD,WHOLESALE,NL-GE,2026-02-04,2026-02-04,Daily,,KG,2.6,2.6,154.30581665039062,xgboost_feat
APPLE_JONAGOLD,WHOLESALE,NL-GE,2026-02-05,2026-02-05,Daily,,KG,2.6,2.6,164.82395935058594,xgboost_feat
APPLE_JONAGOLD,WHOLESALE,NL-GE,2026-02-06,2026-02-06,Daily,,KG,2.6,2.6,154.40267944335938,xgboost_feat
APPLE_JONAGOLD,WHOLESALE,NL-GE,2026-02-07,2026-02-07,Daily,,KG,2.6,2.6,140.8710174560547,xgboost_feat
APPLE_JONAGOLD,WHOLESALE,NL-GE,2026-02-08,2026-02-08,Daily,,KG,2.6,2.6,133.1495361328125,xgboost_feat
APPLE_JONAGOLD,WHOLESALE,NL-GE,2026-02-09,2026-02-09,Daily,,KG,2.6,2.6,142.53773498535156,xgboost_feat
APPLE_JONAGOLD,WHOLESALE,NL-GE,2026-02-10,2026-02-10,Daily,,KG,2.6,2.6,139.75689697265625,xgboost_feat
APPLE_JONAGOLD,WHOLESALE,NL-GE,2026-02-11,2026-02-11,Daily,,KG,2.6,2.6,124.47653198242188,xgboost_feat
APPLE_JONAGOLD,WHOLESALE,NL-GE,2026-02-12,2026-02-12,Daily,,KG,2.6,2.6,143.9476776123047,xgboost_feat
APPLE_JONAGOLD,WHOLESALE,NL-GE,2026-02-13,2026-02-13,Daily,,KG,2.6,2.6,162.8739013671875,xgboost_feat
APPLE_JONAGOLD,WHOLESALE,NL-GE,2026-02-14,2026-02-14,Daily,,KG,2.6,2.6,141.30186462402344,xgboost_feat
APPLE_JONAGOLD,WHOLESALE,NL-GE,2026-02-15,2026-02-15,Daily,,KG,2.6,2.6,134.32806396484375,xgboost_feat
APPLE_JONAGOLD,WHOLESALE,NL-GE,2026-02-16,2026-02-16,Daily,,KG,2.6,2.6,155.95004272460938,xgboost_feat
APPLE_JONAGOLD,WHOLESALE,NL-GE,2026-02-17,2026-02-17,Daily,,KG,2.6,2.6,157.1185760498047,xgboost_feat
APPLE_JONAGOLD,WHOLESALE,NL-GE,2026-02-18,2026-02-18,Daily,,KG,2.6,2.6,126.46552276611328,xgboost_feat
APPLE_JONAGOLD,WHOLESALE,NL-GE,2026-02-19,2026-02-19,Daily,,KG,2.6,2.6,146.98764038085938,xgboost_feat
APPLE_JONAGOLD,WHOLESALE,NL-GE,2026-02-20,2026-02-20,Daily,,KG,2.6,2.6,154.8049774169922,xgboost_feat
APPLE_JONAGOLD,WHOLESALE,NL-GE,2026-02-21,2026-02-21,Daily,,KG,2.6,2.6,139.5377197265625,xgboost_feat
APPLE_JONAGOLD,WHOLESALE,NL-GE,2026-02-22,2026-02-22,Daily,,KG,2.6,2.6,131.00503540039062,xgboost_feat
APPLE_JONAGOLD,WHOLESALE,NL-GE,2026-02-23,2026-02-23,Daily,,KG,2.6,2.6,149.78643798828125,xgboost_feat
APPLE_JONAGOLD,WHOLESALE,NL-GE,2026-02-24,2026-02-24,Daily,,KG,2.6,2.6,150.92718505859375,xgboost_feat
APPLE_JONAGOLD,WHOLESALE,NL-GE,2026-02-25,2026-02-25,Daily,,KG,2.6,2.6,158.42111206054688,xgboost_feat
APPLE_JONAGOLD,WHOLESALE,NL-GE,2026-02-26,2026-02-26,Daily,,KG,2.6,2.6,138.04261779785156,xgboost_feat
APPLE_JONAGOLD,WHOLESALE,NL-GE,2026-02-27,2026-02-27,Daily,,KG,2.6,2.6,155.71539306640625,xgboost_feat
APPLE_JONAGOLD,WHOLESALE,NL-GE,2026-02-28,2026-02-28,Daily,,KG,2.6,2.6,156.29440307617188,xgboost_feat
APPLE_JONAGOLD,WHOLESALE,NL-GE,2026-03-01,2026-03-01,Daily,,KG,2.6,2.6,137.55580139160156,xgboost_feat
APPLE_JONAGOLD,WHOLESALE,NL-NB,2026-02-02,2026-02-02,Daily,,KG,2.711,2.711,164.6685028076172,xgboost_feat
APPLE_JONAGOLD,WHOLESALE,NL-NB,2026-02-03,2026-02-03,Daily,,KG,2.711,2.711,168.1222381591797,xgboost_feat
APPLE_JONAGOLD,WHOLESALE,NL-NB,2026-02-04,2026-02-04,Daily,,KG,2.711,2.711,156.9261016845703,xgboost_feat
APPLE_JONAGOLD,WHOLESALE,NL-NB,2026-02-05,2026-02-05,Daily,,KG,2.711,2.711,175.83267211914062,xgboost_feat
APPLE_JONAGOLD,WHOLESALE,NL-NB,2026-02-06,2026-02-06,Daily,,KG,2.711,2.711,166.2603759765625,xgboost_feat
APPLE_JONAGOLD,WHOLESALE,NL-NB,2026-02-07,2026-02-07,Daily,,KG,2.711,2.711,135.91688537597656,xgboost_feat
APPLE_JONAGOLD,WHOLESALE,NL-NB,2026-02-08,2026-02-08,Daily,,KG,2.711,2.711,136.02963256835938,xgboost_feat
APPLE_JONAGOLD,WHOLESALE,NL-NB,2026-02-09,2026-02-09,Daily,,KG,2.711,2.711,151.395751953125,xgboost_feat
APPLE_JONAGOLD,WHOLESALE,NL-NB,2026-02-10,2026-02-10,Daily,,KG,2.711,2.711,145.96002197265625,xgboost_feat
APPLE_JONAGOLD,WHOLESALE,NL-NB,2026-02-11,2026-02-11,Daily,,KG,2.711,2.711,148.62393188476562,xgboost_feat
APPLE_JONAGOLD,WHOLESALE,NL-NB,2026-02-12,2026-02-12,Daily,,KG,2.711,2.711,160.67916870117188,xgboost_feat
APPLE_JONAGOLD,WHOLESALE,NL-NB,2026-02-13,2026-02-13,Daily,,KG,2.711,2.711,161.51365661621094,xgboost_feat
APPLE_JONAGOLD,WHOLESALE,NL-NB,2026-02-14,2026-02-14,Daily,,KG,2.711,2.711,138.54022216796875,xgboost_feat
APPLE_JONAGOLD,WHOLESALE,NL-NB,2026-02-15,2026-02-15,Daily,,KG,2.711,2.711,144.1150665283203,xgboost_feat
APPLE_JONAGOLD,WHOLESALE,NL-NB,2026-02-16,2026-02-16,Daily,,KG,2.711,2.711,159.74661254882812,xgboost_feat
APPLE_JONAGOLD,WHOLESALE,NL-NB,2026-02-17,2026-02-17,Daily,,KG,2.711,2.711,176.37596130371094,xgboost_feat
APPLE_JONAGOLD,WHOLESALE,NL-NB,2026-02-18,2026-02-18,Daily,,KG,2.711,2.711,142.57579040527344,xgboost_feat
APPLE_JONAGOLD,WHOLESALE,NL-NB,2026-02-19,2026-02-19,Daily,,KG,2.711,2.711,155.2937774658203,xgboost_feat
APPLE_JONAGOLD,WHOLESALE,NL-NB,2026-02-20,2026-02-20,Daily,,KG,2.711,2.711,170.20281982421875,xgboost_feat
APPLE_JONAGOLD,WHOLESALE,NL-NB,2026-02-21,2026-02-21,Daily,,KG,2.711,2.711,142.49758911132812,xgboost_feat
APPLE_JONAGOLD,WHOLESALE,NL-NB,2026-02-22,2026-02-22,Daily,,KG,2.711,2.711,139.3740234375,xgboost_feat
APPLE_JONAGOLD,WHOLESALE,NL-NB,2026-02-23,2026-02-23,Daily,,KG,2.711,2.711,158.0669403076172,xgboost_feat
APPLE_JONAGOLD,WHOLESALE,NL-NB,2026-02-24,2026-02-24,Daily,,KG,2.711,2.711,166.6616973876953,xgboost_feat
APPLE_JONAGOLD,WHOLESALE,NL-NB,2026-02-25,2026-02-25,Daily,,KG,2.711,2.711,166.599365234375,xgboost_feat
APPLE_JONAGOLD,WHOLESALE,NL-NB,2026-02-26,2026-02-26,Daily,,KG,2.711,2.711,130.84278869628906,xgboost_feat
APPLE_JONAGOLD,WHOLESALE,NL-NB,2026-02-27,2026-02-27,Daily,,KG,2.711,2.711,164.30099487304688,xgboost_feat
APPLE_JONAGOLD,WHOLESALE,NL-NB,2026-02-28,2026-02-28,Daily,,KG,2.711,2.711,155.29002380371094,xgboost_feat
APPLE_JONAGOLD,WHOLESALE,NL-NB,2026-03-01,2026-03-01,Daily,,KG,2.711,2.711,143.98191833496094,xgboost_feat
APPLE_JONAGOLD,WHOLESALE,NL-NH,2026-02-02,2026-02-02,Daily,,KG,2.814,2.814,163.9629669189453,xgboost_feat
APPLE_JONAGOLD,WHOLESALE,NL-NH,2026-02-03,2026-02-03,Daily,,KG,2.814,2.814,166.27371215820312,xgboost_feat
APPLE_JONAGOLD,WHOLESALE,NL-NH,2026-02-04,2026-02-04,Daily,,KG,2.814,2.814,158.93508911132812,xgboost_feat
APPLE_JONAGOLD,WHOLESALE,NL-NH,2026-02-05,2026-02-05,Daily,,KG,2.814,2.814,185.52711486816406,xgboost_feat
APPLE_JONAGOLD,WHOLESALE,NL-NH,2026-02-06,2026-02-06,Daily,,KG,2.814,2.814,156.66590881347656,xgboost_feat
APPLE_JONAGOLD,WHOLESALE,NL-NH,2026-02-07,2026-02-07,Daily,,KG,2.814,2.814,154.69259643554688,xgboost_feat
APPLE_JONAGOLD,WHOLESALE,NL-NH,2026-02-08,2026-02-08,Daily,,KG,2.814,2.814,139.87591552734375,xgboost_feat
APPLE_JONAGOLD,WHOLESALE,NL-NH,2026-02-09,2026-02-09,Daily,,KG,2.814,2.814,151.44430541992188,xgboost_feat
APPLE_JONAGOLD,WHOLESALE,NL-NH,2026-02-10,2026-02-10,Daily,,KG,2.814,2.814,158.0421142578125,xgboost_feat
APPLE_JONAGOLD,WHOLESALE,NL-NH,2026-02-11,2026-02-11,Daily,,KG,2.814,2.814,129.70118713378906,xgboost_feat
APPLE_JONAGOLD,WHOLESALE,NL-NH,2026-02-12,2026-02-12,Daily,,KG,2.814,2.814,142.74807739257812,xgboost_feat
APPLE_JONAGOLD,WHOLESALE,NL-NH,2026-02-13,2026-02-13,Daily,,KG,2.814,2.814,147.93898010253906,xgboost_feat
APPLE_JONAGOLD,WHOLESALE,NL-NH,2026-02-14,2026-02-14,Daily,,KG,2.814,2.814,134.3551025390625,xgboost_feat
APPLE_JONAGOLD,WHOLESALE,NL-NH,2026-02-15,2026-02-15,Daily,,KG,2.814,2.814,134.40975952148438,xgboost_feat
APPLE_JONAGOLD,WHOLESALE,NL-NH,2026-02-16,2026-02-16,Daily,,KG,2.814,2.814,163.97915649414062,xgboost_feat
APPLE_JONAGOLD,WHOLESALE,NL-NH,2026-02-17,2026-02-17,Daily,,KG,2.814,2.814,177.20831298828125,xgboost_feat
APPLE_JONAGOLD,WHOLESALE,NL-NH,2026-02-18,2026-02-18,Daily,,KG,2.814,2.814,128.09994506835938,xgboost_feat
APPLE_JONAGOLD,WHOLESALE,NL-NH,2026-02-19,2026-02-19,Daily,,KG,2.814,2.814,151.6401824951172,xgboost_feat
APPLE_JONAGOLD,WHOLESALE,NL-NH,2026-02-20,2026-02-20,Daily,,KG,2.814,2.814,175.8494415283203,xgboost_feat
APPLE_JONAGOLD,WHOLESALE,NL-NH,2026-02-21,2026-02-21,Daily,,KG,2.814,2.814,146.9110107421875,xgboost_feat
APPLE_JONAGOLD,WHOLESALE,NL-NH,2026-02-22,2026-02-22,Daily,,KG,2.814,2.814,128.75889587402344,xgboost_feat
APPLE_JONAGOLD,WHOLESALE,NL-NH,2026-02-23,2026-02-23,Daily,,KG,2.814,2.814,160.68368530273438,xgboost_feat
APPLE_JONAGOLD,WHOLESALE,NL-NH,2026-02-24,2026-02-24,Daily,,KG,2.814,2.814,143.65159606933594,xgboost_feat
APPLE_JONAGOLD,WHOLESALE,NL-NH,2026-02-25,2026-02-25,Daily,,KG,2.814,2.814,177.95274353027344,xgboost_feat
APPLE_JONAGOLD,WHOLESALE,NL-NH,2026-02-26,2026-02-26,Daily,,KG,2.814,2.814,168.2015838623047,xgboost_feat
APPLE_JONAGOLD,WHOLESALE,NL-NH,2026-02-27,2026-02-27,Daily,,KG,2.814,2.814,179.19876098632812,xgboost_feat
APPLE_JONAGOLD,WHOLESALE,NL-NH,2026-02-28,2026-02-28,Daily,,KG,2.814,2.814,157.8282012939453,xgboost_feat
APPLE_JONAGOLD,WHOLESALE,NL-NH,2026-03-01,2026-03-01,Daily,,KG,2.814,2.814,145.3371124267578,xgboost_feat
APPLE_JONAGOLD,WHOLESALE,NL-ZH,2026-02-02,2026-02-02,Daily,,KG,2.787,2.787,170.90579223632812,xgboost_feat
APPLE_JONAGOLD,WHOLESALE,NL-ZH,2026-02-03,2026-02-03,Daily,,KG,2.787,2.787,173.17054748535156,xgboost_feat
APPLE_JONAGOLD,WHOLESALE,NL-ZH,2026-02-04,2026-02-04,Daily,,KG,2.787,2.787,167.51011657714844,xgboost_feat
APPLE_JONAGOLD,WHOLESALE,NL-ZH,2026-02-05,2026-02-05,Daily,,KG,2.787,2.787,187.7396697998047,xgboost_feat
APPLE_JONAGOLD,WHOLESALE,NL-ZH,2026-02-06,2026-02-06,Daily,,KG,2.787,2.787,165.3103485107422,xgboost_feat
APPLE_JONAGOLD,WHOLESALE,NL-ZH,2026-02-07,2026-02-07,Daily,,KG,2.787,2.787,141.13906860351562,xgboost_feat
APPLE_JONAGOLD,WHOLESALE,NL-ZH,2026-02-08,2026-02-08,Daily,,KG,2.787,2.787,134.17022705078125,xgboost_feat
APPLE_JONAGOLD,WHOLESALE,NL-ZH,2026-02-09,2026-02-09,Daily,,KG,2.787,2.787,154.97706604003906,xgboost_feat
APPLE_JONAGOLD,WHOLESALE,NL-ZH,2026-02-10,2026-02-10,Daily,,KG,2.787,2.787,161.6958770751953,xgboost_feat
APPLE_JONAGOLD,WHOLESALE,NL-ZH,2026-02-11,2026-02-11,Daily,,KG,2.787,2.787,138.45175170898438,xgboost_feat
APPLE_JONAGOLD,WHOLESALE,NL-ZH,2026-02-12,2026-02-12,Daily,,KG,2.787,2.787,160.3544464111328,xgboost_feat
APPLE_JONAGOLD,WHOLESALE,NL-ZH,2026-02-13,2026-02-13,Daily,,KG,2.787,2.787,167.12413024902344,xgboost_feat
APPLE_JONAGOLD,WHOLESALE,NL-ZH,2026-02-14,2026-02-14,Daily,,KG,2.787,2.787,137.74264526367188,xgboost_feat
APPLE_JONAGOLD,WHOLESALE,NL-ZH,2026-02-15,2026-02-15,Daily,,KG,2.787,2.787,137.20370483398438,xgboost_feat
APPLE_JONAGOLD,WHOLESALE,NL-ZH,2026-02-16,2026-02-16,Daily,,KG,2.787,2.787,165.30006408691406,xgboost_feat
APPLE_JONAGOLD,WHOLESALE,NL-ZH,2026-02-17,2026-02-17,Daily,,KG,2.787,2.787,183.1769561767578,xgboost_feat
APPLE_JONAGOLD,WHOLESALE,NL-ZH,2026-02-18,2026-02-18,Daily,,KG,2.787,2.787,136.62806701660156,xgboost_feat
APPLE_JONAGOLD,WHOLESALE,NL-ZH,2026-02-19,2026-02-19,Daily,,KG,2.787,2.787,160.61485290527344,xgboost_feat
APPLE_JONAGOLD,WHOLESALE,NL-ZH,2026-02-20,2026-02-20,Daily,,KG,2.787,2.787,172.37750244140625,xgboost_feat
APPLE_JONAGOLD,WHOLESALE,NL-ZH,2026-02-21,2026-02-21,Daily,,KG,2.787,2.787,142.65310668945312,xgboost_feat
APPLE_JONAGOLD,WHOLESALE,NL-ZH,2026-02-22,2026-02-22,Daily,,KG,2.787,2.787,124.12303924560547,xgboost_feat
APPLE_JONAGOLD,WHOLESALE,NL-ZH,2026-02-23,2026-02-23,Daily,,KG,2.787,2.787,155.5585479736328,xgboost_feat
APPLE_JONAGOLD,WHOLESALE,NL-ZH,2026-02-24,2026-02-24,Daily,,KG,2.787,2.787,157.04905700683594,xgboost_feat
APPLE_JONAGOLD,WHOLESALE,NL-ZH,2026-02-25,2026-02-25,Daily,,KG,2.787,2.787,182.21641540527344,xgboost_feat
APPLE_JONAGOLD,WHOLESALE,NL-ZH,2026-02-26,2026-02-26,Daily,,KG,2.787,2.787,148.93663024902344,xgboost_feat
APPLE_JONAGOLD,WHOLESALE,NL-ZH,2026-02-27,2026-02-27,Daily,,KG,2.787,2.787,176.12493896484375,xgboost_feat
APPLE_JONAGOLD,WHOLESALE,NL-ZH,2026-02-28,2026-02-28,Daily,,KG,2.787,2.787,161.90284729003906,xgboost_feat
APPLE_JONAGOLD,WHOLESALE,NL-ZH,2026-03-01,2026-03-01,Daily,,KG,2.787,2.787,149.71495056152344,xgboost_feat
Blueberry_AtlasBlue,ONLINE,NL-GE,2026-02-02,2026-02-02,Daily,,KG,2.659,2.659,156.4849090576172,xgboost_feat
Blueberry_AtlasBlue,ONLINE,NL-GE,2026-02-03,2026-02-03,Daily,,KG,2.659,2.659,168.18603515625,xgboost_feat
Blueberry_AtlasBlue,ONLINE,NL-GE,2026-02-04,2026-02-04,Daily,,KG,2.659,2.659,156.61264038085938,xgboost_feat
Blueberry_AtlasBlue,ONLINE,NL-GE,2026-02-05,2026-02-05,Daily,,KG,2.659,2.659,166.2262420654297,xgboost_feat
Blueberry_AtlasBlue,ONLINE,NL-GE,2026-02-06,2026-02-06,Daily,,KG,2.659,2.659,156.02044677734375,xgboost_feat
Blueberry_AtlasBlue,ONLINE,NL-GE,2026-02-07,2026-02-07,Daily,,KG,2.659,2.659,124.96920013427734,xgboost_feat
Blueberry_AtlasBlue,ONLINE,NL-GE,2026-02-08,2026-02-08,Daily,,KG,2.659,2.659,119.1535415649414,xgboost_feat
Blueberry_AtlasBlue,ONLINE,NL-GE,2026-02-09,2026-02-09,Daily,,KG,2.659,2.659,142.99253845214844,xgboost_feat
Blueberry_AtlasBlue,ONLINE,NL-GE,2026-02-10,2026-02-10,Daily,,KG,2.659,2.659,141.2477264404297,xgboost_feat
Blueberry_AtlasBlue,ONLINE,NL-GE,2026-02-11,2026-02-11,Daily,,KG,2.659,2.659,132.6309051513672,xgboost_feat
Blueberry_AtlasBlue,ONLINE,NL-GE,2026-02-12,2026-02-12,Daily,,KG,2.659,2.659,160.4403533935547,xgboost_feat
Blueberry_AtlasBlue,ONLINE,NL-GE,2026-02-13,2026-02-13,Daily,,KG,2.659,2.659,173.4773712158203,xgboost_feat
Blueberry_AtlasBlue,ONLINE,NL-GE,2026-02-14,2026-02-14,Daily,,KG,2.659,2.659,150.04295349121094,xgboost_feat
Blueberry_AtlasBlue,ONLINE,NL-GE,2026-02-15,2026-02-15,Daily,,KG,2.659,2.659,147.24606323242188,xgboost_feat
Blueberry_AtlasBlue,ONLINE,NL-GE,2026-02-16,2026-02-16,Daily,,KG,2.659,2.659,165.2664337158203,xgboost_feat
Blueberry_AtlasBlue,ONLINE,NL-GE,2026-02-17,2026-02-17,Daily,,KG,2.659,2.659,165.65716552734375,xgboost_feat
Blueberry_AtlasBlue,ONLINE,NL-GE,2026-02-18,2026-02-18,Daily,,KG,2.659,2.659,129.5745391845703,xgboost_feat
Blueberry_AtlasBlue,ONLINE,NL-GE,2026-02-19,2026-02-19,Daily,,KG,2.659,2.659,152.96136474609375,xgboost_feat
Blueberry_AtlasBlue,ONLINE,NL-GE,2026-02-20,2026-02-20,Daily,,KG,2.659,2.659,167.1868133544922,xgboost_feat
Blueberry_AtlasBlue,ONLINE,NL-GE,2026-02-21,2026-02-21,Daily,,KG,2.659,2.659,139.0937042236328,xgboost_feat
Blueberry_AtlasBlue,ONLINE,NL-GE,2026-02-22,2026-02-22,Daily,,KG,2.659,2.659,122.34483337402344,xgboost_feat
Blueberry_AtlasBlue,ONLINE,NL-GE,2026-02-23,2026-02-23,Daily,,KG,2.659,2.659,154.47703552246094,xgboost_feat
Blueberry_AtlasBlue,ONLINE,NL-GE,2026-02-24,2026-02-24,Daily,,KG,2.659,2.659,153.8948211669922,xgboost_feat
Blueberry_AtlasBlue,ONLINE,NL-GE,2026-02-25,2026-02-25,Daily,,KG,2.659,2.659,156.30807495117188,xgboost_feat
Blueberry_AtlasBlue,ONLINE,NL-GE,2026-02-26,2026-02-26,Daily,,KG,2.659,2.659,137.35142517089844,xgboost_feat
Blueberry_AtlasBlue,ONLINE,NL-GE,2026-02-27,2026-02-27,Daily,,KG,2.659,2.659,145.3464813232422,xgboost_feat
Blueberry_AtlasBlue,ONLINE,NL-GE,2026-02-28,2026-02-28,Daily,,KG,2.659,2.659,153.4891357421875,xgboost_feat
Blueberry_AtlasBlue,ONLINE,NL-GE,2026-03-01,2026-03-01,Daily,,KG,2.659,2.659,139.3246612548828,xgboost_feat
Blueberry_AtlasBlue,ONLINE,NL-NB,2026-02-02,2026-02-02,Daily,,KG,2.714,2.714,159.41827392578125,xgboost_feat
Blueberry_AtlasBlue,ONLINE,NL-NB,2026-02-03,2026-02-03,Daily,,KG,2.714,2.714,170.9226531982422,xgboost_feat
Blueberry_AtlasBlue,ONLINE,NL-NB,2026-02-04,2026-02-04,Daily,,KG,2.714,2.714,154.2749481201172,xgboost_feat
Blueberry_AtlasBlue,ONLINE,NL-NB,2026-02-05,2026-02-05,Daily,,KG,2.714,2.714,171.41893005371094,xgboost_feat
Blueberry_AtlasBlue,ONLINE,NL-NB,2026-02-06,2026-02-06,Daily,,KG,2.714,2.714,162.19248962402344,xgboost_feat
Blueberry_AtlasBlue,ONLINE,NL-NB,2026-02-07,2026-02-07,Daily,,KG,2.714,2.714,120.99981689453125,xgboost_feat
Blueberry_AtlasBlue,ONLINE,NL-NB,2026-02-08,2026-02-08,Daily,,KG,2.714,2.714,119.95317840576172,xgboost_feat
Blueberry_AtlasBlue,ONLINE,NL-NB,2026-02-09,2026-02-09,Daily,,KG,2.714,2.714,152.42587280273438,xgboost_feat
Blueberry_AtlasBlue,ONLINE,NL-NB,2026-02-10,2026-02-10,Daily,,KG,2.714,2.714,155.08035278320312,xgboost_feat
Blueberry_AtlasBlue,ONLINE,NL-NB,2026-02-11,2026-02-11,Daily,,KG,2.714,2.714,155.86929321289062,xgboost_feat
Blueberry_AtlasBlue,ONLINE,NL-NB,2026-02-12,2026-02-12,Daily,,KG,2.714,2.714,166.6464385986328,xgboost_feat
Blueberry_AtlasBlue,ONLINE,NL-NB,2026-02-13,2026-02-13,Daily,,KG,2.714,2.714,166.2432403564453,xgboost_feat
Blueberry_AtlasBlue,ONLINE,NL-NB,2026-02-14,2026-02-14,Daily,,KG,2.714,2.714,142.56643676757812,xgboost_feat
Blueberry_AtlasBlue,ONLINE,NL-NB,2026-02-15,2026-02-15,Daily,,KG,2.714,2.714,151.6876983642578,xgboost_feat
Blueberry_AtlasBlue,ONLINE,NL-NB,2026-02-16,2026-02-16,Daily,,KG,2.714,2.714,163.421630859375,xgboost_feat
Blueberry_AtlasBlue,ONLINE,NL-NB,2026-02-17,2026-02-17,Daily,,KG,2.714,2.714,173.5773162841797,xgboost_feat
Blueberry_AtlasBlue,ONLINE,NL-NB,2026-02-18,2026-02-18,Daily,,KG,2.714,2.714,144.38955688476562,xgboost_feat
Blueberry_AtlasBlue,ONLINE,NL-NB,2026-02-19,2026-02-19,Daily,,KG,2.714,2.714,162.29379272460938,xgboost_feat
Blueberry_AtlasBlue,ONLINE,NL-NB,2026-02-20,2026-02-20,Daily,,KG,2.714,2.714,162.2847900390625,xgboost_feat
Blueberry_AtlasBlue,ONLINE,NL-NB,2026-02-21,2026-02-21,Daily,,KG,2.714,2.714,138.5049285888672,xgboost_feat
Blueberry_AtlasBlue,ONLINE,NL-NB,2026-02-22,2026-02-22,Daily,,KG,2.714,2.714,138.9925994873047,xgboost_feat
Blueberry_AtlasBlue,ONLINE,NL-NB,2026-02-23,2026-02-23,Daily,,KG,2.714,2.714,159.316650390625,xgboost_feat
Blueberry_AtlasBlue,ONLINE,NL-NB,2026-02-24,2026-02-24,Daily,,KG,2.714,2.714,167.81085205078125,xgboost_feat
Blueberry_AtlasBlue,ONLINE,NL-NB,2026-02-25,2026-02-25,Daily,,KG,2.714,2.714,163.0092315673828,xgboost_feat
Blueberry_AtlasBlue,ONLINE,NL-NB,2026-02-26,2026-02-26,Daily,,KG,2.714,2.714,125.41314697265625,xgboost_feat
Blueberry_AtlasBlue,ONLINE,NL-NB,2026-02-27,2026-02-27,Daily,,KG,2.714,2.714,155.6038818359375,xgboost_feat
Blueberry_AtlasBlue,ONLINE,NL-NB,2026-02-28,2026-02-28,Daily,,KG,2.714,2.714,152.16287231445312,xgboost_feat
Blueberry_AtlasBlue,ONLINE,NL-NB,2026-03-01,2026-03-01,Daily,,KG,2.714,2.714,150.9658660888672,xgboost_feat
Blueberry_AtlasBlue,ONLINE,NL-NH,2026-02-02,2026-02-02,Daily,,KG,2.819,2.819,157.9927978515625,xgboost_feat
Blueberry_AtlasBlue,ONLINE,NL-NH,2026-02-03,2026-02-03,Daily,,KG,2.819,2.819,163.02444458007812,xgboost_feat
Blueberry_AtlasBlue,ONLINE,NL-NH,2026-02-04,2026-02-04,Daily,,KG,2.819,2.819,155.4775848388672,xgboost_feat
Blueberry_AtlasBlue,ONLINE,NL-NH,2026-02-05,2026-02-05,Daily,,KG,2.819,2.819,182.8402099609375,xgboost_feat
Blueberry_AtlasBlue,ONLINE,NL-NH,2026-02-06,2026-02-06,Daily,,KG,2.819,2.819,144.4293212890625,xgboost_feat
Blueberry_AtlasBlue,ONLINE,NL-NH,2026-02-07,2026-02-07,Daily,,KG,2.819,2.819,159.93618774414062,xgboost_feat
Blueberry_AtlasBlue,ONLINE,NL-NH,2026-02-08,2026-02-08,Daily,,KG,2.819,2.819,126.4585189819336,xgboost_feat
Blueberry_AtlasBlue,ONLINE,NL-NH,2026-02-09,2026-02-09,Daily,,KG,2.819,2.819,149.42527770996094,xgboost_feat
Blueberry_AtlasBlue,ONLINE,NL-NH,2026-02-10,2026-02-10,Daily,,KG,2.819,2.819,157.7495880126953,xgboost_feat
Blueberry_AtlasBlue,ONLINE,NL-NH,2026-02-11,2026-02-11,Daily,,KG,2.819,2.819,125.86492919921875,xgboost_feat
Blueberry_AtlasBlue,ONLINE,NL-NH,2026-02-12,2026-02-12,Daily,,KG,2.819,2.819,145.79348754882812,xgboost_feat
Blueberry_AtlasBlue,ONLINE,NL-NH,2026-02-13,2026-02-13,Daily,,KG,2.819,2.819,154.95591735839844,xgboost_feat
Blueberry_AtlasBlue,ONLINE,NL-NH,2026-02-14,2026-02-14,Daily,,KG,2.819,2.819,134.7201690673828,xgboost_feat
Blueberry_AtlasBlue,ONLINE,NL-NH,2026-02-15,2026-02-15,Daily,,KG,2.819,2.819,139.06161499023438,xgboost_feat
Blueberry_AtlasBlue,ONLINE,NL-NH,2026-02-16,2026-02-16,Daily,,KG,2.819,2.819,168.9830780029297,xgboost_feat
Blueberry_AtlasBlue,ONLINE,NL-NH,2026-02-17,2026-02-17,Daily,,KG,2.819,2.819,186.13726806640625,xgboost_feat
Blueberry_AtlasBlue,ONLINE,NL-NH,2026-02-18,2026-02-18,Daily,,KG,2.819,2.819,126.56522369384766,xgboost_feat
Blueberry_AtlasBlue,ONLINE,NL-NH,2026-02-19,2026-02-19,Daily,,KG,2.819,2.819,150.61996459960938,xgboost_feat
Blueberry_AtlasBlue,ONLINE,NL-NH,2026-02-20,2026-02-20,Daily,,KG,2.819,2.819,178.30831909179688,xgboost_feat
Blueberry_AtlasBlue,ONLINE,NL-NH,2026-02-21,2026-02-21,Daily,,KG,2.819,2.819,146.0823211669922,xgboost_feat
Blueberry_AtlasBlue,ONLINE,NL-NH,2026-02-22,2026-02-22,Daily,,KG,2.819,2.819,126.30644226074219,xgboost_feat
Blueberry_AtlasBlue,ONLINE,NL-NH,2026-02-23,2026-02-23,Daily,,KG,2.819,2.819,156.46255493164062,xgboost_feat
Blueberry_AtlasBlue,ONLINE,NL-NH,2026-02-24,2026-02-24,Daily,,KG,2.819,2.819,145.70828247070312,xgboost_feat
Blueberry_AtlasBlue,ONLINE,NL-NH,2026-02-25,2026-02-25,Daily,,KG,2.819,2.819,175.89361572265625,xgboost_feat
Blueberry_AtlasBlue,ONLINE,NL-NH,2026-02-26,2026-02-26,Daily,,KG,2.819,2.819,165.70681762695312,xgboost_feat
Blueberry_AtlasBlue,ONLINE,NL-NH,2026-02-27,2026-02-27,Daily,,KG,2.819,2.819,171.3656005859375,xgboost_feat
Blueberry_AtlasBlue,ONLINE,NL-NH,2026-02-28,2026-02-28,Daily,,KG,2.819,2.819,159.1445770263672,xgboost_feat
Blueberry_AtlasBlue,ONLINE,NL-NH,2026-03-01,2026-03-01,Daily,,KG,2.819,2.819,145.81874084472656,xgboost_feat
Blueberry_AtlasBlue,ONLINE,NL-ZH,2026-02-02,2026-02-02,Daily,,KG,3.091,3.091,157.77745056152344,xgboost_feat
Blueberry_AtlasBlue,ONLINE,NL-ZH,2026-02-03,2026-02-03,Daily,,KG,3.091,3.091,164.30101013183594,xgboost_feat
Blueberry_AtlasBlue,ONLINE,NL-ZH,2026-02-04,2026-02-04,Daily,,KG,3.091,3.091,170.71499633789062,xgboost_feat
Blueberry_AtlasBlue,ONLINE,NL-ZH,2026-02-05,2026-02-05,Daily,,KG,3.091,3.091,184.25729370117188,xgboost_feat
Blueberry_AtlasBlue,ONLINE,NL-ZH,2026-02-06,2026-02-06,Daily,,KG,3.091,3.091,167.7819366455078,xgboost_feat
Blueberry_AtlasBlue,ONLINE,NL-ZH,2026-02-07,2026-02-07,Daily,,KG,3.091,3.091,131.0418243408203,xgboost_feat
Blueberry_AtlasBlue,ONLINE,NL-ZH,2026-02-08,2026-02-08,Daily,,KG,3.091,3.091,125.26739501953125,xgboost_feat
Blueberry_AtlasBlue,ONLINE,NL-ZH,2026-02-09,2026-02-09,Daily,,KG,3.091,3.091,155.56451416015625,xgboost_feat
Blueberry_AtlasBlue,ONLINE,NL-ZH,2026-02-10,2026-02-10,Daily,,KG,3.091,3.091,167.75750732421875,xgboost_feat
Blueberry_AtlasBlue,ONLINE,NL-ZH,2026-02-11,2026-02-11,Daily,,KG,3.091,3.091,140.50230407714844,xgboost_feat
Blueberry_AtlasBlue,ONLINE,NL-ZH,2026-02-12,2026-02-12,Daily,,KG,3.091,3.091,165.69029235839844,xgboost_feat
Blueberry_AtlasBlue,ONLINE,NL-ZH,2026-02-13,2026-02-13,Daily,,KG,3.091,3.091,175.94456481933594,xgboost_feat
Blueberry_AtlasBlue,ONLINE,NL-ZH,2026-02-14,2026-02-14,Daily,,KG,3.091,3.091,144.32403564453125,xgboost_feat
Blueberry_AtlasBlue,ONLINE,NL-ZH,2026-02-15,2026-02-15,Daily,,KG,3.091,3.091,151.4319305419922,xgboost_feat
Blueberry_AtlasBlue,ONLINE,NL-ZH,2026-02-16,2026-02-16,Daily,,KG,3.091,3.091,172.51673889160156,xgboost_feat
Blueberry_AtlasBlue,ONLINE,NL-ZH,2026-02-17,2026-02-17,Daily,,KG,3.091,3.091,187.4735565185547,xgboost_feat
Blueberry_AtlasBlue,ONLINE,NL-ZH,2026-02-18,2026-02-18,Daily,,KG,3.091,3.091,135.8903350830078,xgboost_feat
Blueberry_AtlasBlue,ONLINE,NL-ZH,2026-02-19,2026-02-19,Daily,,KG,3.091,3.091,166.0459747314453,xgboost_feat
Blueberry_AtlasBlue,ONLINE,NL-ZH,2026-02-20,2026-02-20,Daily,,KG,3.091,3.091,175.39247131347656,xgboost_feat
Blueberry_AtlasBlue,ONLINE,NL-ZH,2026-02-21,2026-02-21,Daily,,KG,3.091,3.091,142.44528198242188,xgboost_feat
Blueberry_AtlasBlue,ONLINE,NL-ZH,2026-02-22,2026-02-22,Daily,,KG,3.091,3.091,121.05470275878906,xgboost_feat
Blueberry_AtlasBlue,ONLINE,NL-ZH,2026-02-23,2026-02-23,Daily,,KG,3.091,3.091,155.78688049316406,xgboost_feat
Blueberry_AtlasBlue,ONLINE,NL-ZH,2026-02-24,2026-02-24,Daily,,KG,3.091,3.091,155.0520782470703,xgboost_feat
Blueberry_AtlasBlue,ONLINE,NL-ZH,2026-02-25,2026-02-25,Daily,,KG,3.091,3.091,180.16363525390625,xgboost_feat
Blueberry_AtlasBlue,ONLINE,NL-ZH,2026-02-26,2026-02-26,Daily,,KG,3.091,3.091,148.47555541992188,xgboost_feat
Blueberry_AtlasBlue,ONLINE,NL-ZH,2026-02-27,2026-02-27,Daily,,KG,3.091,3.091,169.26795959472656,xgboost_feat
Blueberry_AtlasBlue,ONLINE,NL-ZH,2026-02-28,2026-02-28,Daily,,KG,3.091,3.091,157.47012329101562,xgboost_feat
Blueberry_AtlasBlue,ONLINE,NL-ZH,2026-03-01,2026-03-01,Daily,,KG,3.091,3.091,148.4460906982422,xgboost_feat
Blueberry_AtlasBlue,RETAIL,NL-GE,2026-02-02,2026-02-02,Daily,,KG,2.663,2.663,154.44564819335938,xgboost_feat
Blueberry_AtlasBlue,RETAIL,NL-GE,2026-02-03,2026-02-03,Daily,,KG,2.663,2.663,168.7871856689453,xgboost_feat
Blueberry_AtlasBlue,RETAIL,NL-GE,2026-02-04,2026-02-04,Daily,,KG,2.663,2.663,155.3867645263672,xgboost_feat
Blueberry_AtlasBlue,RETAIL,NL-GE,2026-02-05,2026-02-05,Daily,,KG,2.663,2.663,165.2708740234375,xgboost_feat
Blueberry_AtlasBlue,RETAIL,NL-GE,2026-02-06,2026-02-06,Daily,,KG,2.663,2.663,155.58737182617188,xgboost_feat
Blueberry_AtlasBlue,RETAIL,NL-GE,2026-02-07,2026-02-07,Daily,,KG,2.663,2.663,140.13092041015625,xgboost_feat
Blueberry_AtlasBlue,RETAIL,NL-GE,2026-02-08,2026-02-08,Daily,,KG,2.663,2.663,134.1724853515625,xgboost_feat
Blueberry_AtlasBlue,RETAIL,NL-GE,2026-02-09,2026-02-09,Daily,,KG,2.663,2.663,144.50997924804688,xgboost_feat
Blueberry_AtlasBlue,RETAIL,NL-GE,2026-02-10,2026-02-10,Daily,,KG,2.663,2.663,142.55935668945312,xgboost_feat
Blueberry_AtlasBlue,RETAIL,NL-GE,2026-02-11,2026-02-11,Daily,,KG,2.663,2.663,126.2465591430664,xgboost_feat
Blueberry_AtlasBlue,RETAIL,NL-GE,2026-02-12,2026-02-12,Daily,,KG,2.663,2.663,146.0481719970703,xgboost_feat
Blueberry_AtlasBlue,RETAIL,NL-GE,2026-02-13,2026-02-13,Daily,,KG,2.663,2.663,165.05958557128906,xgboost_feat
Blueberry_AtlasBlue,RETAIL,NL-GE,2026-02-14,2026-02-14,Daily,,KG,2.663,2.663,140.18858337402344,xgboost_feat
Blueberry_AtlasBlue,RETAIL,NL-GE,2026-02-15,2026-02-15,Daily,,KG,2.663,2.663,133.41500854492188,xgboost_feat
Blueberry_AtlasBlue,RETAIL,NL-GE,2026-02-16,2026-02-16,Daily,,KG,2.663,2.663,159.94940185546875,xgboost_feat
Blueberry_AtlasBlue,RETAIL,NL-GE,2026-02-17,2026-02-17,Daily,,KG,2.663,2.663,161.88955688476562,xgboost_feat
Blueberry_AtlasBlue,RETAIL,NL-GE,2026-02-18,2026-02-18,Daily,,KG,2.663,2.663,127.47926330566406,xgboost_feat
Blueberry_AtlasBlue,RETAIL,NL-GE,2026-02-19,2026-02-19,Daily,,KG,2.663,2.663,149.1138153076172,xgboost_feat
Blueberry_AtlasBlue,RETAIL,NL-GE,2026-02-20,2026-02-20,Daily,,KG,2.663,2.663,162.06838989257812,xgboost_feat
Blueberry_AtlasBlue,RETAIL,NL-GE,2026-02-21,2026-02-21,Daily,,KG,2.663,2.663,138.2627716064453,xgboost_feat
Blueberry_AtlasBlue,RETAIL,NL-GE,2026-02-22,2026-02-22,Daily,,KG,2.663,2.663,129.4835968017578,xgboost_feat
Blueberry_AtlasBlue,RETAIL,NL-GE,2026-02-23,2026-02-23,Daily,,KG,2.663,2.663,151.99569702148438,xgboost_feat
Blueberry_AtlasBlue,RETAIL,NL-GE,2026-02-24,2026-02-24,Daily,,KG,2.663,2.663,147.91070556640625,xgboost_feat
Blueberry_AtlasBlue,RETAIL,NL-GE,2026-02-25,2026-02-25,Daily,,KG,2.663,2.663,157.07957458496094,xgboost_feat
Blueberry_AtlasBlue,RETAIL,NL-GE,2026-02-26,2026-02-26,Daily,,KG,2.663,2.663,136.1919403076172,xgboost_feat
Blueberry_AtlasBlue,RETAIL,NL-GE,2026-02-27,2026-02-27,Daily,,KG,2.663,2.663,155.4695587158203,xgboost_feat
Blueberry_AtlasBlue,RETAIL,NL-GE,2026-02-28,2026-02-28,Daily,,KG,2.663,2.663,156.25929260253906,xgboost_feat
Blueberry_AtlasBlue,RETAIL,NL-GE,2026-03-01,2026-03-01,Daily,,KG,2.663,2.663,135.5722198486328,xgboost_feat
Blueberry_AtlasBlue,RETAIL,NL-NB,2026-02-02,2026-02-02,Daily,,KG,2.719,2.719,162.19529724121094,xgboost_feat
Blueberry_AtlasBlue,RETAIL,NL-NB,2026-02-03,2026-02-03,Daily,,KG,2.719,2.719,165.89718627929688,xgboost_feat
Blueberry_AtlasBlue,RETAIL,NL-NB,2026-02-04,2026-02-04,Daily,,KG,2.719,2.719,155.06524658203125,xgboost_feat
Blueberry_AtlasBlue,RETAIL,NL-NB,2026-02-05,2026-02-05,Daily,,KG,2.719,2.719,174.06585693359375,xgboost_feat
Blueberry_AtlasBlue,RETAIL,NL-NB,2026-02-06,2026-02-06,Daily,,KG,2.719,2.719,164.10841369628906,xgboost_feat
Blueberry_AtlasBlue,RETAIL,NL-NB,2026-02-07,2026-02-07,Daily,,KG,2.719,2.719,135.4205322265625,xgboost_feat
Blueberry_AtlasBlue,RETAIL,NL-NB,2026-02-08,2026-02-08,Daily,,KG,2.719,2.719,133.268798828125,xgboost_feat
Blueberry_AtlasBlue,RETAIL,NL-NB,2026-02-09,2026-02-09,Daily,,KG,2.719,2.719,148.0702667236328,xgboost_feat
Blueberry_AtlasBlue,RETAIL,NL-NB,2026-02-10,2026-02-10,Daily,,KG,2.719,2.719,145.17042541503906,xgboost_feat
Blueberry_AtlasBlue,RETAIL,NL-NB,2026-02-11,2026-02-11,Daily,,KG,2.719,2.719,147.26724243164062,xgboost_feat
Blueberry_AtlasBlue,RETAIL,NL-NB,2026-02-12,2026-02-12,Daily,,KG,2.719,2.719,154.49264526367188,xgboost_feat
Blueberry_AtlasBlue,RETAIL,NL-NB,2026-02-13,2026-02-13,Daily,,KG,2.719,2.719,154.77154541015625,xgboost_feat
Blueberry_AtlasBlue,RETAIL,NL-NB,2026-02-14,2026-02-14,Daily,,KG,2.719,2.719,139.1365203857422,xgboost_feat
Blueberry_AtlasBlue,RETAIL,NL-NB,2026-02-15,2026-02-15,Daily,,KG,2.719,2.719,143.71578979492188,xgboost_feat
Blueberry_AtlasBlue,RETAIL,NL-NB,2026-02-16,2026-02-16,Daily,,KG,2.719,2.719,156.25765991210938,xgboost_feat
Blueberry_AtlasBlue,RETAIL,NL-NB,2026-02-17,2026-02-17,Daily,,KG,2.719,2.719,172.316162109375,xgboost_feat
Blueberry_AtlasBlue,RETAIL,NL-NB,2026-02-18,2026-02-18,Daily,,KG,2.719,2.719,138.5904541015625,xgboost_feat
Blueberry_AtlasBlue,RETAIL,NL-NB,2026-02-19,2026-02-19,Daily,,KG,2.719,2.719,154.96554565429688,xgboost_feat
Blueberry_AtlasBlue,RETAIL,NL-NB,2026-02-20,2026-02-20,Daily,,KG,2.719,2.719,164.87030029296875,xgboost_feat
Blueberry_AtlasBlue,RETAIL,NL-NB,2026-02-21,2026-02-21,Daily,,KG,2.719,2.719,137.02044677734375,xgboost_feat
Blueberry_AtlasBlue,RETAIL,NL-NB,2026-02-22,2026-02-22,Daily,,KG,2.719,2.719,133.84463500976562,xgboost_feat
Blueberry_AtlasBlue,RETAIL,NL-NB,2026-02-23,2026-02-23,Daily,,KG,2.719,2.719,156.6217803955078,xgboost_feat
Blueberry_AtlasBlue,RETAIL,NL-NB,2026-02-24,2026-02-24,Daily,,KG,2.719,2.719,159.93907165527344,xgboost_feat
Blueberry_AtlasBlue,RETAIL,NL-NB,2026-02-25,2026-02-25,Daily,,KG,2.719,2.719,161.03053283691406,xgboost_feat
Blueberry_AtlasBlue,RETAIL,NL-NB,2026-02-26,2026-02-26,Daily,,KG,2.719,2.719,129.35243225097656,xgboost_feat
Blueberry_AtlasBlue,RETAIL,NL-NB,2026-02-27,2026-02-27,Daily,,KG,2.719,2.719,162.31210327148438,xgboost_feat
Blueberry_AtlasBlue,RETAIL,NL-NB,2026-02-28,2026-02-28,Daily,,KG,2.719,2.719,154.07298278808594,xgboost_feat
Blueberry_AtlasBlue,RETAIL,NL-NB,2026-03-01,2026-03-01,Daily,,KG,2.719,2.719,142.36199951171875,xgboost_feat
Blueberry_AtlasBlue,RETAIL,NL-NH,2026-02-02,2026-02-02,Daily,,KG,3.106,3.106,163.93310546875,xgboost_feat
Blueberry_AtlasBlue,RETAIL,NL-NH,2026-02-03,2026-02-03,Daily,,KG,3.106,3.106,165.98770141601562,xgboost_feat
Blueberry_AtlasBlue,RETAIL,NL-NH,2026-02-04,2026-02-04,Daily,,KG,3.106,3.106,158.70858764648438,xgboost_feat
Blueberry_AtlasBlue,RETAIL,NL-NH,2026-02-05,2026-02-05,Daily,,KG,3.106,3.106,185.24110412597656,xgboost_feat
Blueberry_AtlasBlue,RETAIL,NL-NH,2026-02-06,2026-02-06,Daily,,KG,3.106,3.106,156.37989807128906,xgboost_feat
Blueberry_AtlasBlue,RETAIL,NL-NH,2026-02-07,2026-02-07,Daily,,KG,3.106,3.106,154.40658569335938,xgboost_feat
Blueberry_AtlasBlue,RETAIL,NL-NH,2026-02-08,2026-02-08,Daily,,KG,3.106,3.106,140.02377319335938,xgboost_feat
Blueberry_AtlasBlue,RETAIL,NL-NH,2026-02-09,2026-02-09,Daily,,KG,3.106,3.106,151.33815002441406,xgboost_feat
Blueberry_AtlasBlue,RETAIL,NL-NH,2026-02-10,2026-02-10,Daily,,KG,3.106,3.106,157.8302764892578,xgboost_feat
Blueberry_AtlasBlue,RETAIL,NL-NH,2026-02-11,2026-02-11,Daily,,KG,3.106,3.106,129.47787475585938,xgboost_feat
Blueberry_AtlasBlue,RETAIL,NL-NH,2026-02-12,2026-02-12,Daily,,KG,3.106,3.106,142.6419219970703,xgboost_feat
Blueberry_AtlasBlue,RETAIL,NL-NH,2026-02-13,2026-02-13,Daily,,KG,3.106,3.106,147.86546325683594,xgboost_feat
Blueberry_AtlasBlue,RETAIL,NL-NH,2026-02-14,2026-02-14,Daily,,KG,3.106,3.106,133.7036590576172,xgboost_feat
Blueberry_AtlasBlue,RETAIL,NL-NH,2026-02-15,2026-02-15,Daily,,KG,3.106,3.106,133.28636169433594,xgboost_feat
Blueberry_AtlasBlue,RETAIL,NL-NH,2026-02-16,2026-02-16,Daily,,KG,3.106,3.106,163.10655212402344,xgboost_feat
Blueberry_AtlasBlue,RETAIL,NL-NH,2026-02-17,2026-02-17,Daily,,KG,3.106,3.106,177.2580108642578,xgboost_feat
Blueberry_AtlasBlue,RETAIL,NL-NH,2026-02-18,2026-02-18,Daily,,KG,3.106,3.106,128.31640625,xgboost_feat
Blueberry_AtlasBlue,RETAIL,NL-NH,2026-02-19,2026-02-19,Daily,,KG,3.106,3.106,152.5546112060547,xgboost_feat
Blueberry_AtlasBlue,RETAIL,NL-NH,2026-02-20,2026-02-20,Daily,,KG,3.106,3.106,175.69297790527344,xgboost_feat
Blueberry_AtlasBlue,RETAIL,NL-NH,2026-02-21,2026-02-21,Daily,,KG,3.106,3.106,146.81585693359375,xgboost_feat
Blueberry_AtlasBlue,RETAIL,NL-NH,2026-02-22,2026-02-22,Daily,,KG,3.106,3.106,128.4725341796875,xgboost_feat
Blueberry_AtlasBlue,RETAIL,NL-NH,2026-02-23,2026-02-23,Daily,,KG,3.106,3.106,160.7292938232422,xgboost_feat
Blueberry_AtlasBlue,RETAIL,NL-NH,2026-02-24,2026-02-24,Daily,,KG,3.106,3.106,143.81466674804688,xgboost_feat
Blueberry_AtlasBlue,RETAIL,NL-NH,2026-02-25,2026-02-25,Daily,,KG,3.106,3.106,177.33139038085938,xgboost_feat
Blueberry_AtlasBlue,RETAIL,NL-NH,2026-02-26,2026-02-26,Daily,,KG,3.106,3.106,166.9061737060547,xgboost_feat
Blueberry_AtlasBlue,RETAIL,NL-NH,2026-02-27,2026-02-27,Daily,,KG,3.106,3.106,178.89736938476562,xgboost_feat
Blueberry_AtlasBlue,RETAIL,NL-NH,2026-02-28,2026-02-28,Daily,,KG,3.106,3.106,156.3831329345703,xgboost_feat
Blueberry_AtlasBlue,RETAIL,NL-NH,2026-03-01,2026-03-01,Daily,,KG,3.106,3.106,145.29632568359375,xgboost_feat
Blueberry_AtlasBlue,RETAIL,NL-ZH,2026-02-02,2026-02-02,Daily,,KG,2.767,2.767,174.1647491455078,xgboost_feat
Blueberry_AtlasBlue,RETAIL,NL-ZH,2026-02-03,2026-02-03,Daily,,KG,2.767,2.767,175.79090881347656,xgboost_feat
Blueberry_AtlasBlue,RETAIL,NL-ZH,2026-02-04,2026-02-04,Daily,,KG,2.767,2.767,169.7711944580078,xgboost_feat
Blueberry_AtlasBlue,RETAIL,NL-ZH,2026-02-05,2026-02-05,Daily,,KG,2.767,2.767,189.9248046875,xgboost_feat
Blueberry_AtlasBlue,RETAIL,NL-ZH,2026-02-06,2026-02-06,Daily,,KG,2.767,2.767,167.6413116455078,xgboost_feat
Blueberry_AtlasBlue,RETAIL,NL-ZH,2026-02-07,2026-02-07,Daily,,KG,2.767,2.767,143.33848571777344,xgboost_feat
Blueberry_AtlasBlue,RETAIL,NL-ZH,2026-02-08,2026-02-08,Daily,,KG,2.767,2.767,135.8599853515625,xgboost_feat
Blueberry_AtlasBlue,RETAIL,NL-ZH,2026-02-09,2026-02-09,Daily,,KG,2.767,2.767,161.4335479736328,xgboost_feat
Blueberry_AtlasBlue,RETAIL,NL-ZH,2026-02-10,2026-02-10,Daily,,KG,2.767,2.767,167.8912811279297,xgboost_feat
Blueberry_AtlasBlue,RETAIL,NL-ZH,2026-02-11,2026-02-11,Daily,,KG,2.767,2.767,140.2947998046875,xgboost_feat
Blueberry_AtlasBlue,RETAIL,NL-ZH,2026-02-12,2026-02-12,Daily,,KG,2.767,2.767,167.7206573486328,xgboost_feat
Blueberry_AtlasBlue,RETAIL,NL-ZH,2026-02-13,2026-02-13,Daily,,KG,2.767,2.767,168.59994506835938,xgboost_feat
Blueberry_AtlasBlue,RETAIL,NL-ZH,2026-02-14,2026-02-14,Daily,,KG,2.767,2.767,137.90969848632812,xgboost_feat
Blueberry_AtlasBlue,RETAIL,NL-ZH,2026-02-15,2026-02-15,Daily,,KG,2.767,2.767,139.55686950683594,xgboost_feat
Blueberry_AtlasBlue,RETAIL,NL-ZH,2026-02-16,2026-02-16,Daily,,KG,2.767,2.767,166.21258544921875,xgboost_feat
Blueberry_AtlasBlue,RETAIL,NL-ZH,2026-02-17,2026-02-17,Daily,,KG,2.767,2.767,185.18421936035156,xgboost_feat
Blueberry_AtlasBlue,RETAIL,NL-ZH,2026-02-18,2026-02-18,Daily,,KG,2.767,2.767,136.22500610351562,xgboost_feat
Blueberry_AtlasBlue,RETAIL,NL-ZH,2026-02-19,2026-02-19,Daily,,KG,2.767,2.767,167.95359802246094,xgboost_feat
Blueberry_AtlasBlue,RETAIL,NL-ZH,2026-02-20,2026-02-20,Daily,,KG,2.767,2.767,179.40748596191406,xgboost_feat
Blueberry_AtlasBlue,RETAIL,NL-ZH,2026-02-21,2026-02-21,Daily,,KG,2.767,2.767,145.56967163085938,xgboost_feat
Blueberry_AtlasBlue,RETAIL,NL-ZH,2026-02-22,2026-02-22,Daily,,KG,2.767,2.767,124.49604797363281,xgboost_feat
Blueberry_AtlasBlue,RETAIL,NL-ZH,2026-02-23,2026-02-23,Daily,,KG,2.767,2.767,159.45965576171875,xgboost_feat
Blueberry_AtlasBlue,RETAIL,NL-ZH,2026-02-24,2026-02-24,Daily,,KG,2.767,2.767,156.50384521484375,xgboost_feat
Blueberry_AtlasBlue,RETAIL,NL-ZH,2026-02-25,2026-02-25,Daily,,KG,2.767,2.767,182.38027954101562,xgboost_feat
Blueberry_AtlasBlue,RETAIL,NL-ZH,2026-02-26,2026-02-26,Daily,,KG,2.767,2.767,147.55014038085938,xgboost_feat
Blueberry_AtlasBlue,RETAIL,NL-ZH,2026-02-27,2026-02-27,Daily,,KG,2.767,2.767,173.7518768310547,xgboost_feat
Blueberry_AtlasBlue,RETAIL,NL-ZH,2026-02-28,2026-02-28,Daily,,KG,2.767,2.767,156.76722717285156,xgboost_feat
Blueberry_AtlasBlue,RETAIL,NL-ZH,2026-03-01,2026-03-01,Daily,,KG,2.767,2.767,150.13893127441406,xgboost_feat
Blueberry_AtlasBlue,WHOLESALE,NL-GE,2026-02-02,2026-02-02,Daily,,KG,2.853,2.853,161.54396057128906,xgboost_feat
Blueberry_AtlasBlue,WHOLESALE,NL-GE,2026-02-03,2026-02-03,Daily,,KG,2.853,2.853,172.23170471191406,xgboost_feat
Blueberry_AtlasBlue,WHOLESALE,NL-GE,2026-02-04,2026-02-04,Daily,,KG,2.853,2.853,158.8589630126953,xgboost_feat
Blueberry_AtlasBlue,WHOLESALE,NL-GE,2026-02-05,2026-02-05,Daily,,KG,2.853,2.853,168.37481689453125,xgboost_feat
Blueberry_AtlasBlue,WHOLESALE,NL-GE,2026-02-06,2026-02-06,Daily,,KG,2.853,2.853,159.58502197265625,xgboost_feat
Blueberry_AtlasBlue,WHOLESALE,NL-GE,2026-02-07,2026-02-07,Daily,,KG,2.853,2.853,141.94638061523438,xgboost_feat
Blueberry_AtlasBlue,WHOLESALE,NL-GE,2026-02-08,2026-02-08,Daily,,KG,2.853,2.853,137.63671875,xgboost_feat
Blueberry_AtlasBlue,WHOLESALE,NL-GE,2026-02-09,2026-02-09,Daily,,KG,2.853,2.853,151.29461669921875,xgboost_feat
Blueberry_AtlasBlue,WHOLESALE,NL-GE,2026-02-10,2026-02-10,Daily,,KG,2.853,2.853,148.98826599121094,xgboost_feat
Blueberry_AtlasBlue,WHOLESALE,NL-GE,2026-02-11,2026-02-11,Daily,,KG,2.853,2.853,132.98851013183594,xgboost_feat
Blueberry_AtlasBlue,WHOLESALE,NL-GE,2026-02-12,2026-02-12,Daily,,KG,2.853,2.853,156.89852905273438,xgboost_feat
Blueberry_AtlasBlue,WHOLESALE,NL-GE,2026-02-13,2026-02-13,Daily,,KG,2.853,2.853,170.0880584716797,xgboost_feat
Blueberry_AtlasBlue,WHOLESALE,NL-GE,2026-02-14,2026-02-14,Daily,,KG,2.853,2.853,144.19090270996094,xgboost_feat
Blueberry_AtlasBlue,WHOLESALE,NL-GE,2026-02-15,2026-02-15,Daily,,KG,2.853,2.853,143.68690490722656,xgboost_feat
Blueberry_AtlasBlue,WHOLESALE,NL-GE,2026-02-16,2026-02-16,Daily,,KG,2.853,2.853,168.2271728515625,xgboost_feat
Blueberry_AtlasBlue,WHOLESALE,NL-GE,2026-02-17,2026-02-17,Daily,,KG,2.853,2.853,170.13059997558594,xgboost_feat
Blueberry_AtlasBlue,WHOLESALE,NL-GE,2026-02-18,2026-02-18,Daily,,KG,2.853,2.853,128.78758239746094,xgboost_feat
Blueberry_AtlasBlue,WHOLESALE,NL-GE,2026-02-19,2026-02-19,Daily,,KG,2.853,2.853,155.20611572265625,xgboost_feat
Blueberry_AtlasBlue,WHOLESALE,NL-GE,2026-02-20,2026-02-20,Daily,,KG,2.853,2.853,169.01119995117188,xgboost_feat
Blueberry_AtlasBlue,WHOLESALE,NL-GE,2026-02-21,2026-02-21,Daily,,KG,2.853,2.853,140.7385711669922,xgboost_feat
Blueberry_AtlasBlue,WHOLESALE,NL-GE,2026-02-22,2026-02-22,Daily,,KG,2.853,2.853,134.36346435546875,xgboost_feat
Blueberry_AtlasBlue,WHOLESALE,NL-GE,2026-02-23,2026-02-23,Daily,,KG,2.853,2.853,158.75180053710938,xgboost_feat
Blueberry_AtlasBlue,WHOLESALE,NL-GE,2026-02-24,2026-02-24,Daily,,KG,2.853,2.853,156.58131408691406,xgboost_feat
Blueberry_AtlasBlue,WHOLESALE,NL-GE,2026-02-25,2026-02-25,Daily,,KG,2.853,2.853,166.6349334716797,xgboost_feat
Blueberry_AtlasBlue,WHOLESALE,NL-GE,2026-02-26,2026-02-26,Daily,,KG,2.853,2.853,145.41343688964844,xgboost_feat
Blueberry_AtlasBlue,WHOLESALE,NL-GE,2026-02-27,2026-02-27,Daily,,KG,2.853,2.853,165.67893981933594,xgboost_feat
Blueberry_AtlasBlue,WHOLESALE,NL-GE,2026-02-28,2026-02-28,Daily,,KG,2.853,2.853,164.4838104248047,xgboost_feat
Blueberry_AtlasBlue,WHOLESALE,NL-GE,2026-03-01,2026-03-01,Daily,,KG,2.853,2.853,144.0773468017578,xgboost_feat
Blueberry_AtlasBlue,WHOLESALE,NL-NB,2026-02-02,2026-02-02,Daily,,KG,2.81,2.81,170.85012817382812,xgboost_feat
Blueberry_AtlasBlue,WHOLESALE,NL-NB,2026-02-03,2026-02-03,Daily,,KG,2.81,2.81,173.3206787109375,xgboost_feat
Blueberry_AtlasBlue,WHOLESALE,NL-NB,2026-02-04,2026-02-04,Daily,,KG,2.81,2.81,162.1957244873047,xgboost_feat
Blueberry_AtlasBlue,WHOLESALE,NL-NB,2026-02-05,2026-02-05,Daily,,KG,2.81,2.81,179.84890747070312,xgboost_feat
Blueberry_AtlasBlue,WHOLESALE,NL-NB,2026-02-06,2026-02-06,Daily,,KG,2.81,2.81,169.13864135742188,xgboost_feat
Blueberry_AtlasBlue,WHOLESALE,NL-NB,2026-02-07,2026-02-07,Daily,,KG,2.81,2.81,137.91358947753906,xgboost_feat
Blueberry_AtlasBlue,WHOLESALE,NL-NB,2026-02-08,2026-02-08,Daily,,KG,2.81,2.81,138.50332641601562,xgboost_feat
Blueberry_AtlasBlue,WHOLESALE,NL-NB,2026-02-09,2026-02-09,Daily,,KG,2.81,2.81,155.93533325195312,xgboost_feat
Blueberry_AtlasBlue,WHOLESALE,NL-NB,2026-02-10,2026-02-10,Daily,,KG,2.81,2.81,153.28744506835938,xgboost_feat
Blueberry_AtlasBlue,WHOLESALE,NL-NB,2026-02-11,2026-02-11,Daily,,KG,2.81,2.81,151.4491729736328,xgboost_feat
Blueberry_AtlasBlue,WHOLESALE,NL-NB,2026-02-12,2026-02-12,Daily,,KG,2.81,2.81,164.83090209960938,xgboost_feat
Blueberry_AtlasBlue,WHOLESALE,NL-NB,2026-02-13,2026-02-13,Daily,,KG,2.81,2.81,164.72964477539062,xgboost_feat
Blueberry_AtlasBlue,WHOLESALE,NL-NB,2026-02-14,2026-02-14,Daily,,KG,2.81,2.81,138.18748474121094,xgboost_feat
Blueberry_AtlasBlue,WHOLESALE,NL-NB,2026-02-15,2026-02-15,Daily,,KG,2.81,2.81,148.90200805664062,xgboost_feat
Blueberry_AtlasBlue,WHOLESALE,NL-NB,2026-02-16,2026-02-16,Daily,,KG,2.81,2.81,168.36366271972656,xgboost_feat
Blueberry_AtlasBlue,WHOLESALE,NL-NB,2026-02-17,2026-02-17,Daily,,KG,2.81,2.81,180.71646118164062,xgboost_feat
Blueberry_AtlasBlue,WHOLESALE,NL-NB,2026-02-18,2026-02-18,Daily,,KG,2.81,2.81,146.240966796875,xgboost_feat
Blueberry_AtlasBlue,WHOLESALE,NL-NB,2026-02-19,2026-02-19,Daily,,KG,2.81,2.81,166.8917999267578,xgboost_feat
Blueberry_AtlasBlue,WHOLESALE,NL-NB,2026-02-20,2026-02-20,Daily,,KG,2.81,2.81,178.16415405273438,xgboost_feat
Blueberry_AtlasBlue,WHOLESALE,NL-NB,2026-02-21,2026-02-21,Daily,,KG,2.81,2.81,147.20285034179688,xgboost_feat
Blueberry_AtlasBlue,WHOLESALE,NL-NB,2026-02-22,2026-02-22,Daily,,KG,2.81,2.81,148.85589599609375,xgboost_feat
Blueberry_AtlasBlue,WHOLESALE,NL-NB,2026-02-23,2026-02-23,Daily,,KG,2.81,2.81,170.44061279296875,xgboost_feat
Blueberry_AtlasBlue,WHOLESALE,NL-NB,2026-02-24,2026-02-24,Daily,,KG,2.81,2.81,176.33209228515625,xgboost_feat
Blueberry_AtlasBlue,WHOLESALE,NL-NB,2026-02-25,2026-02-25,Daily,,KG,2.81,2.81,171.27059936523438,xgboost_feat
Blueberry_AtlasBlue,WHOLESALE,NL-NB,2026-02-26,2026-02-26,Daily,,KG,2.81,2.81,130.03152465820312,xgboost_feat
Blueberry_AtlasBlue,WHOLESALE,NL-NB,2026-02-27,2026-02-27,Daily,,KG,2.81,2.81,172.7025604248047,xgboost_feat
Blueberry_AtlasBlue,WHOLESALE,NL-NB,2026-02-28,2026-02-28,Daily,,KG,2.81,2.81,161.47280883789062,xgboost_feat
Blueberry_AtlasBlue,WHOLESALE,NL-NB,2026-03-01,2026-03-01,Daily,,KG,2.81,2.81,152.4084930419922,xgboost_feat
Blueberry_AtlasBlue,WHOLESALE,NL-NH,2026-02-02,2026-02-02,Daily,,KG,2.788,2.788,165.71719360351562,xgboost_feat
Blueberry_AtlasBlue,WHOLESALE,NL-NH,2026-02-03,2026-02-03,Daily,,KG,2.788,2.788,165.71975708007812,xgboost_feat
Blueberry_AtlasBlue,WHOLESALE,NL-NH,2026-02-04,2026-02-04,Daily,,KG,2.788,2.788,158.6586151123047,xgboost_feat
Blueberry_AtlasBlue,WHOLESALE,NL-NH,2026-02-05,2026-02-05,Daily,,KG,2.788,2.788,185.52711486816406,xgboost_feat
Blueberry_AtlasBlue,WHOLESALE,NL-NH,2026-02-06,2026-02-06,Daily,,KG,2.788,2.788,156.66590881347656,xgboost_feat
Blueberry_AtlasBlue,WHOLESALE,NL-NH,2026-02-07,2026-02-07,Daily,,KG,2.788,2.788,154.6206512451172,xgboost_feat
Blueberry_AtlasBlue,WHOLESALE,NL-NH,2026-02-08,2026-02-08,Daily,,KG,2.788,2.788,139.90330505371094,xgboost_feat
Blueberry_AtlasBlue,WHOLESALE,NL-NH,2026-02-09,2026-02-09,Daily,,KG,2.788,2.788,151.39036560058594,xgboost_feat
Blueberry_AtlasBlue,WHOLESALE,NL-NH,2026-02-10,2026-02-10,Daily,,KG,2.788,2.788,157.79750061035156,xgboost_feat
Blueberry_AtlasBlue,WHOLESALE,NL-NH,2026-02-11,2026-02-11,Daily,,KG,2.788,2.788,129.65707397460938,xgboost_feat
Blueberry_AtlasBlue,WHOLESALE,NL-NH,2026-02-12,2026-02-12,Daily,,KG,2.788,2.788,142.74807739257812,xgboost_feat
Blueberry_AtlasBlue,WHOLESALE,NL-NH,2026-02-13,2026-02-13,Daily,,KG,2.788,2.788,147.93898010253906,xgboost_feat
Blueberry_AtlasBlue,WHOLESALE,NL-NH,2026-02-14,2026-02-14,Daily,,KG,2.788,2.788,135.56298828125,xgboost_feat
Blueberry_AtlasBlue,WHOLESALE,NL-NH,2026-02-15,2026-02-15,Daily,,KG,2.788,2.788,133.5915985107422,xgboost_feat
Blueberry_AtlasBlue,WHOLESALE,NL-NH,2026-02-16,2026-02-16,Daily,,KG,2.788,2.788,162.62925720214844,xgboost_feat
Blueberry_AtlasBlue,WHOLESALE,NL-NH,2026-02-17,2026-02-17,Daily,,KG,2.788,2.788,177.20169067382812,xgboost_feat
Blueberry_AtlasBlue,WHOLESALE,NL-NH,2026-02-18,2026-02-18,Daily,,KG,2.788,2.788,127.9754867553711,xgboost_feat
Blueberry_AtlasBlue,WHOLESALE,NL-NH,2026-02-19,2026-02-19,Daily,,KG,2.788,2.788,151.8911895751953,xgboost_feat
Blueberry_AtlasBlue,WHOLESALE,NL-NH,2026-02-20,2026-02-20,Daily,,KG,2.788,2.788,175.9154510498047,xgboost_feat
Blueberry_AtlasBlue,WHOLESALE,NL-NH,2026-02-21,2026-02-21,Daily,,KG,2.788,2.788,146.87351989746094,xgboost_feat
Blueberry_AtlasBlue,WHOLESALE,NL-NH,2026-02-22,2026-02-22,Daily,,KG,2.788,2.788,128.77537536621094,xgboost_feat
Blueberry_AtlasBlue,WHOLESALE,NL-NH,2026-02-23,2026-02-23,Daily,,KG,2.788,2.788,160.71192932128906,xgboost_feat
Blueberry_AtlasBlue,WHOLESALE,NL-NH,2026-02-24,2026-02-24,Daily,,KG,2.788,2.788,143.64707946777344,xgboost_feat
Blueberry_AtlasBlue,WHOLESALE,NL-NH,2026-02-25,2026-02-25,Daily,,KG,2.788,2.788,177.95274353027344,xgboost_feat
Blueberry_AtlasBlue,WHOLESALE,NL-NH,2026-02-26,2026-02-26,Daily,,KG,2.788,2.788,168.1936798095703,xgboost_feat
Blueberry_AtlasBlue,WHOLESALE,NL-NH,2026-02-27,2026-02-27,Daily,,KG,2.788,2.788,179.19876098632812,xgboost_feat
Blueberry_AtlasBlue,WHOLESALE,NL-NH,2026-02-28,2026-02-28,Daily,,KG,2.788,2.788,156.5745086669922,xgboost_feat
Blueberry_AtlasBlue,WHOLESALE,NL-NH,2026-03-01,2026-03-01,Daily,,KG,2.788,2.788,147.3316650390625,xgboost_feat
Blueberry_AtlasBlue,WHOLESALE,NL-ZH,2026-02-02,2026-02-02,Daily,,KG,2.971,2.971,170.60772705078125,xgboost_feat
Blueberry_AtlasBlue,WHOLESALE,NL-ZH,2026-02-03,2026-02-03,Daily,,KG,2.971,2.971,172.4738311767578,xgboost_feat
Blueberry_AtlasBlue,WHOLESALE,NL-ZH,2026-02-04,2026-02-04,Daily,,KG,2.971,2.971,167.2666778564453,xgboost_feat
Blueberry_AtlasBlue,WHOLESALE,NL-ZH,2026-02-05,2026-02-05,Daily,,KG,2.971,2.971,187.4536590576172,xgboost_feat
Blueberry_AtlasBlue,WHOLESALE,NL-ZH,2026-02-06,2026-02-06,Daily,,KG,2.971,2.971,165.0243377685547,xgboost_feat
Blueberry_AtlasBlue,WHOLESALE,NL-ZH,2026-02-07,2026-02-07,Daily,,KG,2.971,2.971,140.85305786132812,xgboost_feat
Blueberry_AtlasBlue,WHOLESALE,NL-ZH,2026-02-08,2026-02-08,Daily,,KG,2.971,2.971,133.98989868164062,xgboost_feat
Blueberry_AtlasBlue,WHOLESALE,NL-ZH,2026-02-09,2026-02-09,Daily,,KG,2.971,2.971,155.172119140625,xgboost_feat
Blueberry_AtlasBlue,WHOLESALE,NL-ZH,2026-02-10,2026-02-10,Daily,,KG,2.971,2.971,161.48764038085938,xgboost_feat
Blueberry_AtlasBlue,WHOLESALE,NL-ZH,2026-02-11,2026-02-11,Daily,,KG,2.971,2.971,138.2399139404297,xgboost_feat
Blueberry_AtlasBlue,WHOLESALE,NL-ZH,2026-02-12,2026-02-12,Daily,,KG,2.971,2.971,160.248291015625,xgboost_feat
Blueberry_AtlasBlue,WHOLESALE,NL-ZH,2026-02-13,2026-02-13,Daily,,KG,2.971,2.971,166.91229248046875,xgboost_feat
Blueberry_AtlasBlue,WHOLESALE,NL-ZH,2026-02-14,2026-02-14,Daily,,KG,2.971,2.971,137.56344604492188,xgboost_feat
Blueberry_AtlasBlue,WHOLESALE,NL-ZH,2026-02-15,2026-02-15,Daily,,KG,2.971,2.971,137.68765258789062,xgboost_feat
Blueberry_AtlasBlue,WHOLESALE,NL-ZH,2026-02-16,2026-02-16,Daily,,KG,2.971,2.971,165.5126495361328,xgboost_feat
Blueberry_AtlasBlue,WHOLESALE,NL-ZH,2026-02-17,2026-02-17,Daily,,KG,2.971,2.971,183.0338897705078,xgboost_feat
Blueberry_AtlasBlue,WHOLESALE,NL-ZH,2026-02-18,2026-02-18,Daily,,KG,2.971,2.971,136.3827667236328,xgboost_feat
Blueberry_AtlasBlue,WHOLESALE,NL-ZH,2026-02-19,2026-02-19,Daily,,KG,2.971,2.971,160.47523498535156,xgboost_feat
Blueberry_AtlasBlue,WHOLESALE,NL-ZH,2026-02-20,2026-02-20,Daily,,KG,2.971,2.971,172.0993194580078,xgboost_feat
Blueberry_AtlasBlue,WHOLESALE,NL-ZH,2026-02-21,2026-02-21,Daily,,KG,2.971,2.971,142.34999084472656,xgboost_feat
Blueberry_AtlasBlue,WHOLESALE,NL-ZH,2026-02-22,2026-02-22,Daily,,KG,2.971,2.971,123.86868286132812,xgboost_feat
Blueberry_AtlasBlue,WHOLESALE,NL-ZH,2026-02-23,2026-02-23,Daily,,KG,2.971,2.971,155.63153076171875,xgboost_feat
Blueberry_AtlasBlue,WHOLESALE,NL-ZH,2026-02-24,2026-02-24,Daily,,KG,2.971,2.971,156.7711181640625,xgboost_feat
Blueberry_AtlasBlue,WHOLESALE,NL-ZH,2026-02-25,2026-02-25,Daily,,KG,2.971,2.971,182.10028076171875,xgboost_feat
Blueberry_AtlasBlue,WHOLESALE,NL-ZH,2026-02-26,2026-02-26,Daily,,KG,2.971,2.971,148.6913299560547,xgboost_feat
Blueberry_AtlasBlue,WHOLESALE,NL-ZH,2026-02-27,2026-02-27,Daily,,KG,2.971,2.971,176.0647735595703,xgboost_feat
Blueberry_AtlasBlue,WHOLESALE,NL-ZH,2026-02-28,2026-02-28,Daily,,KG,2.971,2.971,161.6328887939453,xgboost_feat
Blueberry_AtlasBlue,WHOLESALE,NL-ZH,2026-03-01,2026-03-01,Daily,,KG,2.971,2.971,149.05177307128906,xgboost_feat
Blueberry_Duke,ONLINE,NL-GE,2026-02-02,2026-02-02,Daily,,KG,2.657,2.657,121.74203491210938,xgboost_feat
Blueberry_Duke,ONLINE,NL-GE,2026-02-03,2026-02-03,Daily,,KG,2.657,2.657,127.42770385742188,xgboost_feat
Blueberry_Duke,ONLINE,NL-GE,2026-02-04,2026-02-04,Daily,,KG,2.657,2.657,125.77738189697266,xgboost_feat
Blueberry_Duke,ONLINE,NL-GE,2026-02-05,2026-02-05,Daily,,KG,2.657,2.657,131.50462341308594,xgboost_feat
Blueberry_Duke,ONLINE,NL-GE,2026-02-06,2026-02-06,Daily,,KG,2.657,2.657,139.0308074951172,xgboost_feat
Blueberry_Duke,ONLINE,NL-GE,2026-02-07,2026-02-07,Daily,,KG,2.657,2.657,114.11219787597656,xgboost_feat
Blueberry_Duke,ONLINE,NL-GE,2026-02-08,2026-02-08,Daily,,KG,2.657,2.657,115.38178253173828,xgboost_feat
Blueberry_Duke,ONLINE,NL-GE,2026-02-09,2026-02-09,Daily,,KG,2.657,2.657,137.19911193847656,xgboost_feat
Blueberry_Duke,ONLINE,NL-GE,2026-02-10,2026-02-10,Daily,,KG,2.657,2.657,134.71481323242188,xgboost_feat
Blueberry_Duke,ONLINE,NL-GE,2026-02-11,2026-02-11,Daily,,KG,2.657,2.657,134.30055236816406,xgboost_feat
Blueberry_Duke,ONLINE,NL-GE,2026-02-12,2026-02-12,Daily,,KG,2.657,2.657,152.7576446533203,xgboost_feat
Blueberry_Duke,ONLINE,NL-GE,2026-02-13,2026-02-13,Daily,,KG,2.657,2.657,166.5766143798828,xgboost_feat
Blueberry_Duke,ONLINE,NL-GE,2026-02-14,2026-02-14,Daily,,KG,2.657,2.657,138.0421905517578,xgboost_feat
Blueberry_Duke,ONLINE,NL-GE,2026-02-15,2026-02-15,Daily,,KG,2.657,2.657,137.55775451660156,xgboost_feat
Blueberry_Duke,ONLINE,NL-GE,2026-02-16,2026-02-16,Daily,,KG,2.657,2.657,154.07717895507812,xgboost_feat
Blueberry_Duke,ONLINE,NL-GE,2026-02-17,2026-02-17,Daily,,KG,2.657,2.657,155.45880126953125,xgboost_feat
Blueberry_Duke,ONLINE,NL-GE,2026-02-18,2026-02-18,Daily,,KG,2.657,2.657,122.04923248291016,xgboost_feat
Blueberry_Duke,ONLINE,NL-GE,2026-02-19,2026-02-19,Daily,,KG,2.657,2.657,145.822998046875,xgboost_feat
Blueberry_Duke,ONLINE,NL-GE,2026-02-20,2026-02-20,Daily,,KG,2.657,2.657,148.02684020996094,xgboost_feat
Blueberry_Duke,ONLINE,NL-GE,2026-02-21,2026-02-21,Daily,,KG,2.657,2.657,128.00169372558594,xgboost_feat
Blueberry_Duke,ONLINE,NL-GE,2026-02-22,2026-02-22,Daily,,KG,2.657,2.657,116.78945922851562,xgboost_feat
Blueberry_Duke,ONLINE,NL-GE,2026-02-23,2026-02-23,Daily,,KG,2.657,2.657,142.1604766845703,xgboost_feat
Blueberry_Duke,ONLINE,NL-GE,2026-02-24,2026-02-24,Daily,,KG,2.657,2.657,144.03428649902344,xgboost_feat
Blueberry_Duke,ONLINE,NL-GE,2026-02-25,2026-02-25,Daily,,KG,2.657,2.657,148.8555145263672,xgboost_feat
Blueberry_Duke,ONLINE,NL-GE,2026-02-26,2026-02-26,Daily,,KG,2.657,2.657,131.0785675048828,xgboost_feat
Blueberry_Duke,ONLINE,NL-GE,2026-02-27,2026-02-27,Daily,,KG,2.657,2.657,148.29652404785156,xgboost_feat
Blueberry_Duke,ONLINE,NL-GE,2026-02-28,2026-02-28,Daily,,KG,2.657,2.657,148.96197509765625,xgboost_feat
Blueberry_Duke,ONLINE,NL-GE,2026-03-01,2026-03-01,Daily,,KG,2.657,2.657,135.67568969726562,xgboost_feat
Blueberry_Duke,ONLINE,NL-NB,2026-02-02,2026-02-02,Daily,,KG,2.769,2.769,143.2644805908203,xgboost_feat
Blueberry_Duke,ONLINE,NL-NB,2026-02-03,2026-02-03,Daily,,KG,2.769,2.769,138.68280029296875,xgboost_feat
Blueberry_Duke,ONLINE,NL-NB,2026-02-04,2026-02-04,Daily,,KG,2.769,2.769,133.43801879882812,xgboost_feat
Blueberry_Duke,ONLINE,NL-NB,2026-02-05,2026-02-05,Daily,,KG,2.769,2.769,139.32315063476562,xgboost_feat
Blueberry_Duke,ONLINE,NL-NB,2026-02-06,2026-02-06,Daily,,KG,2.769,2.769,153.45425415039062,xgboost_feat
Blueberry_Duke,ONLINE,NL-NB,2026-02-07,2026-02-07,Daily,,KG,2.769,2.769,114.24140167236328,xgboost_feat
Blueberry_Duke,ONLINE,NL-NB,2026-02-08,2026-02-08,Daily,,KG,2.769,2.769,119.54528045654297,xgboost_feat
Blueberry_Duke,ONLINE,NL-NB,2026-02-09,2026-02-09,Daily,,KG,2.769,2.769,149.0813751220703,xgboost_feat
Blueberry_Duke,ONLINE,NL-NB,2026-02-10,2026-02-10,Daily,,KG,2.769,2.769,150.19259643554688,xgboost_feat
Blueberry_Duke,ONLINE,NL-NB,2026-02-11,2026-02-11,Daily,,KG,2.769,2.769,148.78024291992188,xgboost_feat
Blueberry_Duke,ONLINE,NL-NB,2026-02-12,2026-02-12,Daily,,KG,2.769,2.769,155.25669860839844,xgboost_feat
Blueberry_Duke,ONLINE,NL-NB,2026-02-13,2026-02-13,Daily,,KG,2.769,2.769,160.73681640625,xgboost_feat
Blueberry_Duke,ONLINE,NL-NB,2026-02-14,2026-02-14,Daily,,KG,2.769,2.769,130.6461944580078,xgboost_feat
Blueberry_Duke,ONLINE,NL-NB,2026-02-15,2026-02-15,Daily,,KG,2.769,2.769,135.1626434326172,xgboost_feat
Blueberry_Duke,ONLINE,NL-NB,2026-02-16,2026-02-16,Daily,,KG,2.769,2.769,160.91510009765625,xgboost_feat
Blueberry_Duke,ONLINE,NL-NB,2026-02-17,2026-02-17,Daily,,KG,2.769,2.769,157.70297241210938,xgboost_feat
Blueberry_Duke,ONLINE,NL-NB,2026-02-18,2026-02-18,Daily,,KG,2.769,2.769,131.942626953125,xgboost_feat
Blueberry_Duke,ONLINE,NL-NB,2026-02-19,2026-02-19,Daily,,KG,2.769,2.769,148.47601318359375,xgboost_feat
Blueberry_Duke,ONLINE,NL-NB,2026-02-20,2026-02-20,Daily,,KG,2.769,2.769,150.8817138671875,xgboost_feat
Blueberry_Duke,ONLINE,NL-NB,2026-02-21,2026-02-21,Daily,,KG,2.769,2.769,125.95335388183594,xgboost_feat
Blueberry_Duke,ONLINE,NL-NB,2026-02-22,2026-02-22,Daily,,KG,2.769,2.769,126.88322448730469,xgboost_feat
Blueberry_Duke,ONLINE,NL-NB,2026-02-23,2026-02-23,Daily,,KG,2.769,2.769,150.5743408203125,xgboost_feat
Blueberry_Duke,ONLINE,NL-NB,2026-02-24,2026-02-24,Daily,,KG,2.769,2.769,156.3914337158203,xgboost_feat
Blueberry_Duke,ONLINE,NL-NB,2026-02-25,2026-02-25,Daily,,KG,2.769,2.769,159.5709228515625,xgboost_feat
Blueberry_Duke,ONLINE,NL-NB,2026-02-26,2026-02-26,Daily,,KG,2.769,2.769,125.28380584716797,xgboost_feat
Blueberry_Duke,ONLINE,NL-NB,2026-02-27,2026-02-27,Daily,,KG,2.769,2.769,154.20712280273438,xgboost_feat
Blueberry_Duke,ONLINE,NL-NB,2026-02-28,2026-02-28,Daily,,KG,2.769,2.769,148.19398498535156,xgboost_feat
Blueberry_Duke,ONLINE,NL-NB,2026-03-01,2026-03-01,Daily,,KG,2.769,2.769,149.6171875,xgboost_feat
Blueberry_Duke,ONLINE,NL-NH,2026-02-02,2026-02-02,Daily,,KG,3.113,3.113,134.85391235351562,xgboost_feat
Blueberry_Duke,ONLINE,NL-NH,2026-02-03,2026-02-03,Daily,,KG,3.113,3.113,133.9505157470703,xgboost_feat
Blueberry_Duke,ONLINE,NL-NH,2026-02-04,2026-02-04,Daily,,KG,3.113,3.113,136.7928924560547,xgboost_feat
Blueberry_Duke,ONLINE,NL-NH,2026-02-05,2026-02-05,Daily,,KG,3.113,3.113,143.33912658691406,xgboost_feat
Blueberry_Duke,ONLINE,NL-NH,2026-02-06,2026-02-06,Daily,,KG,3.113,3.113,135.47987365722656,xgboost_feat
Blueberry_Duke,ONLINE,NL-NH,2026-02-07,2026-02-07,Daily,,KG,3.113,3.113,133.38282775878906,xgboost_feat
Blueberry_Duke,ONLINE,NL-NH,2026-02-08,2026-02-08,Daily,,KG,3.113,3.113,120.35913848876953,xgboost_feat
Blueberry_Duke,ONLINE,NL-NH,2026-02-09,2026-02-09,Daily,,KG,3.113,3.113,151.6262664794922,xgboost_feat
Blueberry_Duke,ONLINE,NL-NH,2026-02-10,2026-02-10,Daily,,KG,3.113,3.113,156.81015014648438,xgboost_feat
Blueberry_Duke,ONLINE,NL-NH,2026-02-11,2026-02-11,Daily,,KG,3.113,3.113,121.39802551269531,xgboost_feat
Blueberry_Duke,ONLINE,NL-NH,2026-02-12,2026-02-12,Daily,,KG,3.113,3.113,133.80288696289062,xgboost_feat
Blueberry_Duke,ONLINE,NL-NH,2026-02-13,2026-02-13,Daily,,KG,3.113,3.113,151.21490478515625,xgboost_feat
Blueberry_Duke,ONLINE,NL-NH,2026-02-14,2026-02-14,Daily,,KG,3.113,3.113,134.04489135742188,xgboost_feat
Blueberry_Duke,ONLINE,NL-NH,2026-02-15,2026-02-15,Daily,,KG,3.113,3.113,140.275390625,xgboost_feat
Blueberry_Duke,ONLINE,NL-NH,2026-02-16,2026-02-16,Daily,,KG,3.113,3.113,157.95535278320312,xgboost_feat
Blueberry_Duke,ONLINE,NL-NH,2026-02-17,2026-02-17,Daily,,KG,3.113,3.113,160.3468475341797,xgboost_feat
Blueberry_Duke,ONLINE,NL-NH,2026-02-18,2026-02-18,Daily,,KG,3.113,3.113,128.66030883789062,xgboost_feat
Blueberry_Duke,ONLINE,NL-NH,2026-02-19,2026-02-19,Daily,,KG,3.113,3.113,150.34217834472656,xgboost_feat
Blueberry_Duke,ONLINE,NL-NH,2026-02-20,2026-02-20,Daily,,KG,3.113,3.113,153.1083221435547,xgboost_feat
Blueberry_Duke,ONLINE,NL-NH,2026-02-21,2026-02-21,Daily,,KG,3.113,3.113,128.7308807373047,xgboost_feat
Blueberry_Duke,ONLINE,NL-NH,2026-02-22,2026-02-22,Daily,,KG,3.113,3.113,116.3028335571289,xgboost_feat
Blueberry_Duke,ONLINE,NL-NH,2026-02-23,2026-02-23,Daily,,KG,3.113,3.113,142.07827758789062,xgboost_feat
Blueberry_Duke,ONLINE,NL-NH,2026-02-24,2026-02-24,Daily,,KG,3.113,3.113,134.21572875976562,xgboost_feat
Blueberry_Duke,ONLINE,NL-NH,2026-02-25,2026-02-25,Daily,,KG,3.113,3.113,156.9353485107422,xgboost_feat
Blueberry_Duke,ONLINE,NL-NH,2026-02-26,2026-02-26,Daily,,KG,3.113,3.113,152.6424102783203,xgboost_feat
Blueberry_Duke,ONLINE,NL-NH,2026-02-27,2026-02-27,Daily,,KG,3.113,3.113,165.08238220214844,xgboost_feat
Blueberry_Duke,ONLINE,NL-NH,2026-02-28,2026-02-28,Daily,,KG,3.113,3.113,147.2816925048828,xgboost_feat
Blueberry_Duke,ONLINE,NL-NH,2026-03-01,2026-03-01,Daily,,KG,3.113,3.113,138.51907348632812,xgboost_feat
Blueberry_Duke,ONLINE,NL-ZH,2026-02-02,2026-02-02,Daily,,KG,2.997,2.997,137.55194091796875,xgboost_feat
Blueberry_Duke,ONLINE,NL-ZH,2026-02-03,2026-02-03,Daily,,KG,2.997,2.997,148.2899627685547,xgboost_feat
Blueberry_Duke,ONLINE,NL-ZH,2026-02-04,2026-02-04,Daily,,KG,2.997,2.997,139.73683166503906,xgboost_feat
Blueberry_Duke,ONLINE,NL-ZH,2026-02-05,2026-02-05,Daily,,KG,2.997,2.997,157.0734405517578,xgboost_feat
Blueberry_Duke,ONLINE,NL-ZH,2026-02-06,2026-02-06,Daily,,KG,2.997,2.997,144.34947204589844,xgboost_feat
Blueberry_Duke,ONLINE,NL-ZH,2026-02-07,2026-02-07,Daily,,KG,2.997,2.997,117.26663970947266,xgboost_feat
Blueberry_Duke,ONLINE,NL-ZH,2026-02-08,2026-02-08,Daily,,KG,2.997,2.997,118.31719207763672,xgboost_feat
Blueberry_Duke,ONLINE,NL-ZH,2026-02-09,2026-02-09,Daily,,KG,2.997,2.997,149.8348388671875,xgboost_feat
Blueberry_Duke,ONLINE,NL-ZH,2026-02-10,2026-02-10,Daily,,KG,2.997,2.997,152.79563903808594,xgboost_feat
Blueberry_Duke,ONLINE,NL-ZH,2026-02-11,2026-02-11,Daily,,KG,2.997,2.997,131.4853973388672,xgboost_feat
Blueberry_Duke,ONLINE,NL-ZH,2026-02-12,2026-02-12,Daily,,KG,2.997,2.997,154.9823760986328,xgboost_feat
Blueberry_Duke,ONLINE,NL-ZH,2026-02-13,2026-02-13,Daily,,KG,2.997,2.997,161.9654541015625,xgboost_feat
Blueberry_Duke,ONLINE,NL-ZH,2026-02-14,2026-02-14,Daily,,KG,2.997,2.997,131.83694458007812,xgboost_feat
Blueberry_Duke,ONLINE,NL-ZH,2026-02-15,2026-02-15,Daily,,KG,2.997,2.997,135.99978637695312,xgboost_feat
Blueberry_Duke,ONLINE,NL-ZH,2026-02-16,2026-02-16,Daily,,KG,2.997,2.997,157.69200134277344,xgboost_feat
Blueberry_Duke,ONLINE,NL-ZH,2026-02-17,2026-02-17,Daily,,KG,2.997,2.997,156.94825744628906,xgboost_feat
Blueberry_Duke,ONLINE,NL-ZH,2026-02-18,2026-02-18,Daily,,KG,2.997,2.997,127.53772735595703,xgboost_feat
Blueberry_Duke,ONLINE,NL-ZH,2026-02-19,2026-02-19,Daily,,KG,2.997,2.997,146.73545837402344,xgboost_feat
Blueberry_Duke,ONLINE,NL-ZH,2026-02-20,2026-02-20,Daily,,KG,2.997,2.997,149.094970703125,xgboost_feat
Blueberry_Duke,ONLINE,NL-ZH,2026-02-21,2026-02-21,Daily,,KG,2.997,2.997,126.77186584472656,xgboost_feat
Blueberry_Duke,ONLINE,NL-ZH,2026-02-22,2026-02-22,Daily,,KG,2.997,2.997,112.46881103515625,xgboost_feat
Blueberry_Duke,ONLINE,NL-ZH,2026-02-23,2026-02-23,Daily,,KG,2.997,2.997,143.894775390625,xgboost_feat
Blueberry_Duke,ONLINE,NL-ZH,2026-02-24,2026-02-24,Daily,,KG,2.997,2.997,148.65110778808594,xgboost_feat
Blueberry_Duke,ONLINE,NL-ZH,2026-02-25,2026-02-25,Daily,,KG,2.997,2.997,167.34567260742188,xgboost_feat
Blueberry_Duke,ONLINE,NL-ZH,2026-02-26,2026-02-26,Daily,,KG,2.997,2.997,135.88973999023438,xgboost_feat
Blueberry_Duke,ONLINE,NL-ZH,2026-02-27,2026-02-27,Daily,,KG,2.997,2.997,160.04103088378906,xgboost_feat
Blueberry_Duke,ONLINE,NL-ZH,2026-02-28,2026-02-28,Daily,,KG,2.997,2.997,150.0194091796875,xgboost_feat
Blueberry_Duke,ONLINE,NL-ZH,2026-03-01,2026-03-01,Daily,,KG,2.997,2.997,146.27427673339844,xgboost_feat
Blueberry_Duke,RETAIL,NL-GE,2026-02-02,2026-02-02,Daily,,KG,2.865,2.865,161.06504821777344,xgboost_feat
Blueberry_Duke,RETAIL,NL-GE,2026-02-03,2026-02-03,Daily,,KG,2.865,2.865,172.4630126953125,xgboost_feat
Blueberry_Duke,RETAIL,NL-GE,2026-02-04,2026-02-04,Daily,,KG,2.865,2.865,157.22402954101562,xgboost_feat
Blueberry_Duke,RETAIL,NL-GE,2026-02-05,2026-02-05,Daily,,KG,2.865,2.865,168.4558868408203,xgboost_feat
Blueberry_Duke,RETAIL,NL-GE,2026-02-06,2026-02-06,Daily,,KG,2.865,2.865,159.60604858398438,xgboost_feat
Blueberry_Duke,RETAIL,NL-GE,2026-02-07,2026-02-07,Daily,,KG,2.865,2.865,141.86891174316406,xgboost_feat
Blueberry_Duke,RETAIL,NL-GE,2026-02-08,2026-02-08,Daily,,KG,2.865,2.865,138.50064086914062,xgboost_feat
Blueberry_Duke,RETAIL,NL-GE,2026-02-09,2026-02-09,Daily,,KG,2.865,2.865,148.8046875,xgboost_feat
Blueberry_Duke,RETAIL,NL-GE,2026-02-10,2026-02-10,Daily,,KG,2.865,2.865,149.50498962402344,xgboost_feat
Blueberry_Duke,RETAIL,NL-GE,2026-02-11,2026-02-11,Daily,,KG,2.865,2.865,133.78077697753906,xgboost_feat
Blueberry_Duke,RETAIL,NL-GE,2026-02-12,2026-02-12,Daily,,KG,2.865,2.865,157.02743530273438,xgboost_feat
Blueberry_Duke,RETAIL,NL-GE,2026-02-13,2026-02-13,Daily,,KG,2.865,2.865,170.3402862548828,xgboost_feat
Blueberry_Duke,RETAIL,NL-GE,2026-02-14,2026-02-14,Daily,,KG,2.865,2.865,144.0889892578125,xgboost_feat
Blueberry_Duke,RETAIL,NL-GE,2026-02-15,2026-02-15,Daily,,KG,2.865,2.865,145.01773071289062,xgboost_feat
Blueberry_Duke,RETAIL,NL-GE,2026-02-16,2026-02-16,Daily,,KG,2.865,2.865,168.91983032226562,xgboost_feat
Blueberry_Duke,RETAIL,NL-GE,2026-02-17,2026-02-17,Daily,,KG,2.865,2.865,169.69239807128906,xgboost_feat
Blueberry_Duke,RETAIL,NL-GE,2026-02-18,2026-02-18,Daily,,KG,2.865,2.865,128.3606719970703,xgboost_feat
Blueberry_Duke,RETAIL,NL-GE,2026-02-19,2026-02-19,Daily,,KG,2.865,2.865,155.28358459472656,xgboost_feat
Blueberry_Duke,RETAIL,NL-GE,2026-02-20,2026-02-20,Daily,,KG,2.865,2.865,169.27069091796875,xgboost_feat
Blueberry_Duke,RETAIL,NL-GE,2026-02-21,2026-02-21,Daily,,KG,2.865,2.865,141.04876708984375,xgboost_feat
Blueberry_Duke,RETAIL,NL-GE,2026-02-22,2026-02-22,Daily,,KG,2.865,2.865,134.48448181152344,xgboost_feat
Blueberry_Duke,RETAIL,NL-GE,2026-02-23,2026-02-23,Daily,,KG,2.865,2.865,158.65231323242188,xgboost_feat
Blueberry_Duke,RETAIL,NL-GE,2026-02-24,2026-02-24,Daily,,KG,2.865,2.865,157.19142150878906,xgboost_feat
Blueberry_Duke,RETAIL,NL-GE,2026-02-25,2026-02-25,Daily,,KG,2.865,2.865,170.9241180419922,xgboost_feat
Blueberry_Duke,RETAIL,NL-GE,2026-02-26,2026-02-26,Daily,,KG,2.865,2.865,145.35751342773438,xgboost_feat
Blueberry_Duke,RETAIL,NL-GE,2026-02-27,2026-02-27,Daily,,KG,2.865,2.865,165.07666015625,xgboost_feat
Blueberry_Duke,RETAIL,NL-GE,2026-02-28,2026-02-28,Daily,,KG,2.865,2.865,163.0059051513672,xgboost_feat
Blueberry_Duke,RETAIL,NL-GE,2026-03-01,2026-03-01,Daily,,KG,2.865,2.865,145.7919158935547,xgboost_feat
Blueberry_Duke,RETAIL,NL-NB,2026-02-02,2026-02-02,Daily,,KG,2.848,2.848,169.37631225585938,xgboost_feat
Blueberry_Duke,RETAIL,NL-NB,2026-02-03,2026-02-03,Daily,,KG,2.848,2.848,171.79571533203125,xgboost_feat
Blueberry_Duke,RETAIL,NL-NB,2026-02-04,2026-02-04,Daily,,KG,2.848,2.848,160.0439910888672,xgboost_feat
Blueberry_Duke,RETAIL,NL-NB,2026-02-05,2026-02-05,Daily,,KG,2.848,2.848,180.3455810546875,xgboost_feat
Blueberry_Duke,RETAIL,NL-NB,2026-02-06,2026-02-06,Daily,,KG,2.848,2.848,168.81057739257812,xgboost_feat
Blueberry_Duke,RETAIL,NL-NB,2026-02-07,2026-02-07,Daily,,KG,2.848,2.848,138.34925842285156,xgboost_feat
Blueberry_Duke,RETAIL,NL-NB,2026-02-08,2026-02-08,Daily,,KG,2.848,2.848,138.4149932861328,xgboost_feat
Blueberry_Duke,RETAIL,NL-NB,2026-02-09,2026-02-09,Daily,,KG,2.848,2.848,153.34873962402344,xgboost_feat
Blueberry_Duke,RETAIL,NL-NB,2026-02-10,2026-02-10,Daily,,KG,2.848,2.848,153.3640899658203,xgboost_feat
Blueberry_Duke,RETAIL,NL-NB,2026-02-11,2026-02-11,Daily,,KG,2.848,2.848,152.1123809814453,xgboost_feat
Blueberry_Duke,RETAIL,NL-NB,2026-02-12,2026-02-12,Daily,,KG,2.848,2.848,165.29859924316406,xgboost_feat
Blueberry_Duke,RETAIL,NL-NB,2026-02-13,2026-02-13,Daily,,KG,2.848,2.848,164.5911102294922,xgboost_feat
Blueberry_Duke,RETAIL,NL-NB,2026-02-14,2026-02-14,Daily,,KG,2.848,2.848,138.42405700683594,xgboost_feat
Blueberry_Duke,RETAIL,NL-NB,2026-02-15,2026-02-15,Daily,,KG,2.848,2.848,148.53271484375,xgboost_feat
Blueberry_Duke,RETAIL,NL-NB,2026-02-16,2026-02-16,Daily,,KG,2.848,2.848,170.56227111816406,xgboost_feat
Blueberry_Duke,RETAIL,NL-NB,2026-02-17,2026-02-17,Daily,,KG,2.848,2.848,181.7534942626953,xgboost_feat
Blueberry_Duke,RETAIL,NL-NB,2026-02-18,2026-02-18,Daily,,KG,2.848,2.848,145.8309326171875,xgboost_feat
Blueberry_Duke,RETAIL,NL-NB,2026-02-19,2026-02-19,Daily,,KG,2.848,2.848,166.42440795898438,xgboost_feat
Blueberry_Duke,RETAIL,NL-NB,2026-02-20,2026-02-20,Daily,,KG,2.848,2.848,175.7397003173828,xgboost_feat
Blueberry_Duke,RETAIL,NL-NB,2026-02-21,2026-02-21,Daily,,KG,2.848,2.848,146.9825897216797,xgboost_feat
Blueberry_Duke,RETAIL,NL-NB,2026-02-22,2026-02-22,Daily,,KG,2.848,2.848,147.27223205566406,xgboost_feat
Blueberry_Duke,RETAIL,NL-NB,2026-02-23,2026-02-23,Daily,,KG,2.848,2.848,170.5125732421875,xgboost_feat
Blueberry_Duke,RETAIL,NL-NB,2026-02-24,2026-02-24,Daily,,KG,2.848,2.848,177.2809600830078,xgboost_feat
Blueberry_Duke,RETAIL,NL-NB,2026-02-25,2026-02-25,Daily,,KG,2.848,2.848,173.7401123046875,xgboost_feat
Blueberry_Duke,RETAIL,NL-NB,2026-02-26,2026-02-26,Daily,,KG,2.848,2.848,131.3170928955078,xgboost_feat
Blueberry_Duke,RETAIL,NL-NB,2026-02-27,2026-02-27,Daily,,KG,2.848,2.848,173.63327026367188,xgboost_feat
Blueberry_Duke,RETAIL,NL-NB,2026-02-28,2026-02-28,Daily,,KG,2.848,2.848,161.49998474121094,xgboost_feat
Blueberry_Duke,RETAIL,NL-NB,2026-03-01,2026-03-01,Daily,,KG,2.848,2.848,151.52406311035156,xgboost_feat
Blueberry_Duke,RETAIL,NL-NH,2026-02-02,2026-02-02,Daily,,KG,2.865,2.865,163.59231567382812,xgboost_feat
Blueberry_Duke,RETAIL,NL-NH,2026-02-03,2026-02-03,Daily,,KG,2.865,2.865,162.3892059326172,xgboost_feat
Blueberry_Duke,RETAIL,NL-NH,2026-02-04,2026-02-04,Daily,,KG,2.865,2.865,156.07737731933594,xgboost_feat
Blueberry_Duke,RETAIL,NL-NH,2026-02-05,2026-02-05,Daily,,KG,2.865,2.865,184.3046875,xgboost_feat
Blueberry_Duke,RETAIL,NL-NH,2026-02-06,2026-02-06,Daily,,KG,2.865,2.865,154.90780639648438,xgboost_feat
Blueberry_Duke,RETAIL,NL-NH,2026-02-07,2026-02-07,Daily,,KG,2.865,2.865,156.14755249023438,xgboost_feat
Blueberry_Duke,RETAIL,NL-NH,2026-02-08,2026-02-08,Daily,,KG,2.865,2.865,138.7935791015625,xgboost_feat
Blueberry_Duke,RETAIL,NL-NH,2026-02-09,2026-02-09,Daily,,KG,2.865,2.865,150.7004852294922,xgboost_feat
Blueberry_Duke,RETAIL,NL-NH,2026-02-10,2026-02-10,Daily,,KG,2.865,2.865,158.68658447265625,xgboost_feat
Blueberry_Duke,RETAIL,NL-NH,2026-02-11,2026-02-11,Daily,,KG,2.865,2.865,129.2164764404297,xgboost_feat
Blueberry_Duke,RETAIL,NL-NH,2026-02-12,2026-02-12,Daily,,KG,2.865,2.865,143.25881958007812,xgboost_feat
Blueberry_Duke,RETAIL,NL-NH,2026-02-13,2026-02-13,Daily,,KG,2.865,2.865,147.58612060546875,xgboost_feat
Blueberry_Duke,RETAIL,NL-NH,2026-02-14,2026-02-14,Daily,,KG,2.865,2.865,133.6553497314453,xgboost_feat
Blueberry_Duke,RETAIL,NL-NH,2026-02-15,2026-02-15,Daily,,KG,2.865,2.865,133.6305389404297,xgboost_feat
Blueberry_Duke,RETAIL,NL-NH,2026-02-16,2026-02-16,Daily,,KG,2.865,2.865,163.58677673339844,xgboost_feat
Blueberry_Duke,RETAIL,NL-NH,2026-02-17,2026-02-17,Daily,,KG,2.865,2.865,181.5655059814453,xgboost_feat
Blueberry_Duke,RETAIL,NL-NH,2026-02-18,2026-02-18,Daily,,KG,2.865,2.865,126.925537109375,xgboost_feat
Blueberry_Duke,RETAIL,NL-NH,2026-02-19,2026-02-19,Daily,,KG,2.865,2.865,151.7391815185547,xgboost_feat
Blueberry_Duke,RETAIL,NL-NH,2026-02-20,2026-02-20,Daily,,KG,2.865,2.865,174.74652099609375,xgboost_feat
Blueberry_Duke,RETAIL,NL-NH,2026-02-21,2026-02-21,Daily,,KG,2.865,2.865,144.46066284179688,xgboost_feat
Blueberry_Duke,RETAIL,NL-NH,2026-02-22,2026-02-22,Daily,,KG,2.865,2.865,128.92066955566406,xgboost_feat
Blueberry_Duke,RETAIL,NL-NH,2026-02-23,2026-02-23,Daily,,KG,2.865,2.865,159.9136962890625,xgboost_feat
Blueberry_Duke,RETAIL,NL-NH,2026-02-24,2026-02-24,Daily,,KG,2.865,2.865,142.78817749023438,xgboost_feat
Blueberry_Duke,RETAIL,NL-NH,2026-02-25,2026-02-25,Daily,,KG,2.865,2.865,183.2393798828125,xgboost_feat
Blueberry_Duke,RETAIL,NL-NH,2026-02-26,2026-02-26,Daily,,KG,2.865,2.865,169.7957000732422,xgboost_feat
Blueberry_Duke,RETAIL,NL-NH,2026-02-27,2026-02-27,Daily,,KG,2.865,2.865,180.0660858154297,xgboost_feat
Blueberry_Duke,RETAIL,NL-NH,2026-02-28,2026-02-28,Daily,,KG,2.865,2.865,157.47726440429688,xgboost_feat
Blueberry_Duke,RETAIL,NL-NH,2026-03-01,2026-03-01,Daily,,KG,2.865,2.865,141.80577087402344,xgboost_feat
Blueberry_Duke,RETAIL,NL-ZH,2026-02-02,2026-02-02,Daily,,KG,3.115,3.115,167.95359802246094,xgboost_feat
Blueberry_Duke,RETAIL,NL-ZH,2026-02-03,2026-02-03,Daily,,KG,3.115,3.115,168.80963134765625,xgboost_feat
Blueberry_Duke,RETAIL,NL-ZH,2026-02-04,2026-02-04,Daily,,KG,3.115,3.115,167.5205841064453,xgboost_feat
Blueberry_Duke,RETAIL,NL-ZH,2026-02-05,2026-02-05,Daily,,KG,3.115,3.115,187.22335815429688,xgboost_feat
Blueberry_Duke,RETAIL,NL-ZH,2026-02-06,2026-02-06,Daily,,KG,3.115,3.115,164.66879272460938,xgboost_feat
Blueberry_Duke,RETAIL,NL-ZH,2026-02-07,2026-02-07,Daily,,KG,3.115,3.115,140.9470672607422,xgboost_feat
Blueberry_Duke,RETAIL,NL-ZH,2026-02-08,2026-02-08,Daily,,KG,3.115,3.115,133.98989868164062,xgboost_feat
Blueberry_Duke,RETAIL,NL-ZH,2026-02-09,2026-02-09,Daily,,KG,3.115,3.115,155.18421936035156,xgboost_feat
Blueberry_Duke,RETAIL,NL-ZH,2026-02-10,2026-02-10,Daily,,KG,3.115,3.115,162.77639770507812,xgboost_feat
Blueberry_Duke,RETAIL,NL-ZH,2026-02-11,2026-02-11,Daily,,KG,3.115,3.115,138.1802215576172,xgboost_feat
Blueberry_Duke,RETAIL,NL-ZH,2026-02-12,2026-02-12,Daily,,KG,3.115,3.115,160.248291015625,xgboost_feat
Blueberry_Duke,RETAIL,NL-ZH,2026-02-13,2026-02-13,Daily,,KG,3.115,3.115,163.49253845214844,xgboost_feat
Blueberry_Duke,RETAIL,NL-ZH,2026-02-14,2026-02-14,Daily,,KG,3.115,3.115,139.82359313964844,xgboost_feat
Blueberry_Duke,RETAIL,NL-ZH,2026-02-15,2026-02-15,Daily,,KG,3.115,3.115,140.04420471191406,xgboost_feat
Blueberry_Duke,RETAIL,NL-ZH,2026-02-16,2026-02-16,Daily,,KG,3.115,3.115,162.74432373046875,xgboost_feat
Blueberry_Duke,RETAIL,NL-ZH,2026-02-17,2026-02-17,Daily,,KG,3.115,3.115,178.5640411376953,xgboost_feat
Blueberry_Duke,RETAIL,NL-ZH,2026-02-18,2026-02-18,Daily,,KG,3.115,3.115,136.80108642578125,xgboost_feat
Blueberry_Duke,RETAIL,NL-ZH,2026-02-19,2026-02-19,Daily,,KG,3.115,3.115,159.92465209960938,xgboost_feat
Blueberry_Duke,RETAIL,NL-ZH,2026-02-20,2026-02-20,Daily,,KG,3.115,3.115,174.84811401367188,xgboost_feat
Blueberry_Duke,RETAIL,NL-ZH,2026-02-21,2026-02-21,Daily,,KG,3.115,3.115,143.29269409179688,xgboost_feat
Blueberry_Duke,RETAIL,NL-ZH,2026-02-22,2026-02-22,Daily,,KG,3.115,3.115,119.9909896850586,xgboost_feat
Blueberry_Duke,RETAIL,NL-ZH,2026-02-23,2026-02-23,Daily,,KG,3.115,3.115,158.78265380859375,xgboost_feat
Blueberry_Duke,RETAIL,NL-ZH,2026-02-24,2026-02-24,Daily,,KG,3.115,3.115,155.87220764160156,xgboost_feat
Blueberry_Duke,RETAIL,NL-ZH,2026-02-25,2026-02-25,Daily,,KG,3.115,3.115,181.51194763183594,xgboost_feat
Blueberry_Duke,RETAIL,NL-ZH,2026-02-26,2026-02-26,Daily,,KG,3.115,3.115,148.57981872558594,xgboost_feat
Blueberry_Duke,RETAIL,NL-ZH,2026-02-27,2026-02-27,Daily,,KG,3.115,3.115,179.01368713378906,xgboost_feat
Blueberry_Duke,RETAIL,NL-ZH,2026-02-28,2026-02-28,Daily,,KG,3.115,3.115,159.74388122558594,xgboost_feat
Blueberry_Duke,RETAIL,NL-ZH,2026-03-01,2026-03-01,Daily,,KG,3.115,3.115,148.78436279296875,xgboost_feat
Blueberry_Duke,WHOLESALE,NL-GE,2026-02-02,2026-02-02,Daily,,KG,2.597,2.597,148.9695587158203,xgboost_feat
Blueberry_Duke,WHOLESALE,NL-GE,2026-02-03,2026-02-03,Daily,,KG,2.597,2.597,160.46438598632812,xgboost_feat
Blueberry_Duke,WHOLESALE,NL-GE,2026-02-04,2026-02-04,Daily,,KG,2.597,2.597,148.24867248535156,xgboost_feat
Blueberry_Duke,WHOLESALE,NL-GE,2026-02-05,2026-02-05,Daily,,KG,2.597,2.597,156.40647888183594,xgboost_feat
Blueberry_Duke,WHOLESALE,NL-GE,2026-02-06,2026-02-06,Daily,,KG,2.597,2.597,153.3245086669922,xgboost_feat
Blueberry_Duke,WHOLESALE,NL-GE,2026-02-07,2026-02-07,Daily,,KG,2.597,2.597,128.6296844482422,xgboost_feat
Blueberry_Duke,WHOLESALE,NL-GE,2026-02-08,2026-02-08,Daily,,KG,2.597,2.597,113.75325775146484,xgboost_feat
Blueberry_Duke,WHOLESALE,NL-GE,2026-02-09,2026-02-09,Daily,,KG,2.597,2.597,137.39723205566406,xgboost_feat
Blueberry_Duke,WHOLESALE,NL-GE,2026-02-10,2026-02-10,Daily,,KG,2.597,2.597,140.56961059570312,xgboost_feat
Blueberry_Duke,WHOLESALE,NL-GE,2026-02-11,2026-02-11,Daily,,KG,2.597,2.597,127.4312973022461,xgboost_feat
Blueberry_Duke,WHOLESALE,NL-GE,2026-02-12,2026-02-12,Daily,,KG,2.597,2.597,146.01165771484375,xgboost_feat
Blueberry_Duke,WHOLESALE,NL-GE,2026-02-13,2026-02-13,Daily,,KG,2.597,2.597,158.7407684326172,xgboost_feat
Blueberry_Duke,WHOLESALE,NL-GE,2026-02-14,2026-02-14,Daily,,KG,2.597,2.597,145.01535034179688,xgboost_feat
Blueberry_Duke,WHOLESALE,NL-GE,2026-02-15,2026-02-15,Daily,,KG,2.597,2.597,138.91383361816406,xgboost_feat
Blueberry_Duke,WHOLESALE,NL-GE,2026-02-16,2026-02-16,Daily,,KG,2.597,2.597,157.88380432128906,xgboost_feat
Blueberry_Duke,WHOLESALE,NL-GE,2026-02-17,2026-02-17,Daily,,KG,2.597,2.597,152.40118408203125,xgboost_feat
Blueberry_Duke,WHOLESALE,NL-GE,2026-02-18,2026-02-18,Daily,,KG,2.597,2.597,129.054931640625,xgboost_feat
Blueberry_Duke,WHOLESALE,NL-GE,2026-02-19,2026-02-19,Daily,,KG,2.597,2.597,146.49118041992188,xgboost_feat
Blueberry_Duke,WHOLESALE,NL-GE,2026-02-20,2026-02-20,Daily,,KG,2.597,2.597,155.69342041015625,xgboost_feat
Blueberry_Duke,WHOLESALE,NL-GE,2026-02-21,2026-02-21,Daily,,KG,2.597,2.597,137.63856506347656,xgboost_feat
Blueberry_Duke,WHOLESALE,NL-GE,2026-02-22,2026-02-22,Daily,,KG,2.597,2.597,126.75829315185547,xgboost_feat
Blueberry_Duke,WHOLESALE,NL-GE,2026-02-23,2026-02-23,Daily,,KG,2.597,2.597,148.69802856445312,xgboost_feat
Blueberry_Duke,WHOLESALE,NL-GE,2026-02-24,2026-02-24,Daily,,KG,2.597,2.597,151.16354370117188,xgboost_feat
Blueberry_Duke,WHOLESALE,NL-GE,2026-02-25,2026-02-25,Daily,,KG,2.597,2.597,159.84576416015625,xgboost_feat
Blueberry_Duke,WHOLESALE,NL-GE,2026-02-26,2026-02-26,Daily,,KG,2.597,2.597,134.72531127929688,xgboost_feat
Blueberry_Duke,WHOLESALE,NL-GE,2026-02-27,2026-02-27,Daily,,KG,2.597,2.597,152.4115753173828,xgboost_feat
Blueberry_Duke,WHOLESALE,NL-GE,2026-02-28,2026-02-28,Daily,,KG,2.597,2.597,160.800048828125,xgboost_feat
Blueberry_Duke,WHOLESALE,NL-GE,2026-03-01,2026-03-01,Daily,,KG,2.597,2.597,142.0787353515625,xgboost_feat
Blueberry_Duke,WHOLESALE,NL-NB,2026-02-02,2026-02-02,Daily,,KG,2.775,2.775,170.5625457763672,xgboost_feat
Blueberry_Duke,WHOLESALE,NL-NB,2026-02-03,2026-02-03,Daily,,KG,2.775,2.775,168.32362365722656,xgboost_feat
Blueberry_Duke,WHOLESALE,NL-NB,2026-02-04,2026-02-04,Daily,,KG,2.775,2.775,160.58619689941406,xgboost_feat
Blueberry_Duke,WHOLESALE,NL-NB,2026-02-05,2026-02-05,Daily,,KG,2.775,2.775,177.07736206054688,xgboost_feat
Blueberry_Duke,WHOLESALE,NL-NB,2026-02-06,2026-02-06,Daily,,KG,2.775,2.775,167.39443969726562,xgboost_feat
Blueberry_Duke,WHOLESALE,NL-NB,2026-02-07,2026-02-07,Daily,,KG,2.775,2.775,134.3926239013672,xgboost_feat
Blueberry_Duke,WHOLESALE,NL-NB,2026-02-08,2026-02-08,Daily,,KG,2.775,2.775,132.88113403320312,xgboost_feat
Blueberry_Duke,WHOLESALE,NL-NB,2026-02-09,2026-02-09,Daily,,KG,2.775,2.775,150.65538024902344,xgboost_feat
Blueberry_Duke,WHOLESALE,NL-NB,2026-02-10,2026-02-10,Daily,,KG,2.775,2.775,151.40794372558594,xgboost_feat
Blueberry_Duke,WHOLESALE,NL-NB,2026-02-11,2026-02-11,Daily,,KG,2.775,2.775,151.10679626464844,xgboost_feat
Blueberry_Duke,WHOLESALE,NL-NB,2026-02-12,2026-02-12,Daily,,KG,2.775,2.775,167.55694580078125,xgboost_feat
Blueberry_Duke,WHOLESALE,NL-NB,2026-02-13,2026-02-13,Daily,,KG,2.775,2.775,161.21002197265625,xgboost_feat
Blueberry_Duke,WHOLESALE,NL-NB,2026-02-14,2026-02-14,Daily,,KG,2.775,2.775,143.2893829345703,xgboost_feat
Blueberry_Duke,WHOLESALE,NL-NB,2026-02-15,2026-02-15,Daily,,KG,2.775,2.775,160.6702880859375,xgboost_feat
Blueberry_Duke,WHOLESALE,NL-NB,2026-02-16,2026-02-16,Daily,,KG,2.775,2.775,167.71092224121094,xgboost_feat
Blueberry_Duke,WHOLESALE,NL-NB,2026-02-17,2026-02-17,Daily,,KG,2.775,2.775,186.76548767089844,xgboost_feat
Blueberry_Duke,WHOLESALE,NL-NB,2026-02-18,2026-02-18,Daily,,KG,2.775,2.775,144.66864013671875,xgboost_feat
Blueberry_Duke,WHOLESALE,NL-NB,2026-02-19,2026-02-19,Daily,,KG,2.775,2.775,165.75120544433594,xgboost_feat
Blueberry_Duke,WHOLESALE,NL-NB,2026-02-20,2026-02-20,Daily,,KG,2.775,2.775,173.68386840820312,xgboost_feat
Blueberry_Duke,WHOLESALE,NL-NB,2026-02-21,2026-02-21,Daily,,KG,2.775,2.775,145.9395751953125,xgboost_feat
Blueberry_Duke,WHOLESALE,NL-NB,2026-02-22,2026-02-22,Daily,,KG,2.775,2.775,148.521240234375,xgboost_feat
Blueberry_Duke,WHOLESALE,NL-NB,2026-02-23,2026-02-23,Daily,,KG,2.775,2.775,171.9248046875,xgboost_feat
Blueberry_Duke,WHOLESALE,NL-NB,2026-02-24,2026-02-24,Daily,,KG,2.775,2.775,177.0943603515625,xgboost_feat
Blueberry_Duke,WHOLESALE,NL-NB,2026-02-25,2026-02-25,Daily,,KG,2.775,2.775,174.3329620361328,xgboost_feat
Blueberry_Duke,WHOLESALE,NL-NB,2026-02-26,2026-02-26,Daily,,KG,2.775,2.775,129.6214141845703,xgboost_feat
Blueberry_Duke,WHOLESALE,NL-NB,2026-02-27,2026-02-27,Daily,,KG,2.775,2.775,173.75836181640625,xgboost_feat
Blueberry_Duke,WHOLESALE,NL-NB,2026-02-28,2026-02-28,Daily,,KG,2.775,2.775,164.38385009765625,xgboost_feat
Blueberry_Duke,WHOLESALE,NL-NB,2026-03-01,2026-03-01,Daily,,KG,2.775,2.775,150.12911987304688,xgboost_feat
Blueberry_Duke,WHOLESALE,NL-NH,2026-02-02,2026-02-02,Daily,,KG,2.839,2.839,163.61981201171875,xgboost_feat
Blueberry_Duke,WHOLESALE,NL-NH,2026-02-03,2026-02-03,Daily,,KG,2.839,2.839,164.66395568847656,xgboost_feat
Blueberry_Duke,WHOLESALE,NL-NH,2026-02-04,2026-02-04,Daily,,KG,2.839,2.839,159.9404296875,xgboost_feat
Blueberry_Duke,WHOLESALE,NL-NH,2026-02-05,2026-02-05,Daily,,KG,2.839,2.839,178.40133666992188,xgboost_feat
Blueberry_Duke,WHOLESALE,NL-NH,2026-02-06,2026-02-06,Daily,,KG,2.839,2.839,152.25160217285156,xgboost_feat
Blueberry_Duke,WHOLESALE,NL-NH,2026-02-07,2026-02-07,Daily,,KG,2.839,2.839,159.39987182617188,xgboost_feat
Blueberry_Duke,WHOLESALE,NL-NH,2026-02-08,2026-02-08,Daily,,KG,2.839,2.839,138.84703063964844,xgboost_feat
Blueberry_Duke,WHOLESALE,NL-NH,2026-02-09,2026-02-09,Daily,,KG,2.839,2.839,153.95263671875,xgboost_feat
Blueberry_Duke,WHOLESALE,NL-NH,2026-02-10,2026-02-10,Daily,,KG,2.839,2.839,159.38368225097656,xgboost_feat
Blueberry_Duke,WHOLESALE,NL-NH,2026-02-11,2026-02-11,Daily,,KG,2.839,2.839,130.40980529785156,xgboost_feat
Blueberry_Duke,WHOLESALE,NL-NH,2026-02-12,2026-02-12,Daily,,KG,2.839,2.839,148.29559326171875,xgboost_feat
Blueberry_Duke,WHOLESALE,NL-NH,2026-02-13,2026-02-13,Daily,,KG,2.839,2.839,156.76968383789062,xgboost_feat
Blueberry_Duke,WHOLESALE,NL-NH,2026-02-14,2026-02-14,Daily,,KG,2.839,2.839,140.29660034179688,xgboost_feat
Blueberry_Duke,WHOLESALE,NL-NH,2026-02-15,2026-02-15,Daily,,KG,2.839,2.839,147.25425720214844,xgboost_feat
Blueberry_Duke,WHOLESALE,NL-NH,2026-02-16,2026-02-16,Daily,,KG,2.839,2.839,170.2097930908203,xgboost_feat
Blueberry_Duke,WHOLESALE,NL-NH,2026-02-17,2026-02-17,Daily,,KG,2.839,2.839,188.79400634765625,xgboost_feat
Blueberry_Duke,WHOLESALE,NL-NH,2026-02-18,2026-02-18,Daily,,KG,2.839,2.839,124.20413208007812,xgboost_feat
Blueberry_Duke,WHOLESALE,NL-NH,2026-02-19,2026-02-19,Daily,,KG,2.839,2.839,148.12747192382812,xgboost_feat
Blueberry_Duke,WHOLESALE,NL-NH,2026-02-20,2026-02-20,Daily,,KG,2.839,2.839,171.9356231689453,xgboost_feat
Blueberry_Duke,WHOLESALE,NL-NH,2026-02-21,2026-02-21,Daily,,KG,2.839,2.839,144.88084411621094,xgboost_feat
Blueberry_Duke,WHOLESALE,NL-NH,2026-02-22,2026-02-22,Daily,,KG,2.839,2.839,130.1016845703125,xgboost_feat
Blueberry_Duke,WHOLESALE,NL-NH,2026-02-23,2026-02-23,Daily,,KG,2.839,2.839,157.19166564941406,xgboost_feat
Blueberry_Duke,WHOLESALE,NL-NH,2026-02-24,2026-02-24,Daily,,KG,2.839,2.839,144.37940979003906,xgboost_feat
Blueberry_Duke,WHOLESALE,NL-NH,2026-02-25,2026-02-25,Daily,,KG,2.839,2.839,182.5475311279297,xgboost_feat
Blueberry_Duke,WHOLESALE,NL-NH,2026-02-26,2026-02-26,Daily,,KG,2.839,2.839,169.73095703125,xgboost_feat
Blueberry_Duke,WHOLESALE,NL-NH,2026-02-27,2026-02-27,Daily,,KG,2.839,2.839,176.59164428710938,xgboost_feat
Blueberry_Duke,WHOLESALE,NL-NH,2026-02-28,2026-02-28,Daily,,KG,2.839,2.839,159.20059204101562,xgboost_feat
Blueberry_Duke,WHOLESALE,NL-NH,2026-03-01,2026-03-01,Daily,,KG,2.839,2.839,146.16653442382812,xgboost_feat
Blueberry_Duke,WHOLESALE,NL-ZH,2026-02-02,2026-02-02,Daily,,KG,2.82,2.82,169.02871704101562,xgboost_feat
Blueberry_Duke,WHOLESALE,NL-ZH,2026-02-03,2026-02-03,Daily,,KG,2.82,2.82,172.99282836914062,xgboost_feat
Blueberry_Duke,WHOLESALE,NL-ZH,2026-02-04,2026-02-04,Daily,,KG,2.82,2.82,166.2215118408203,xgboost_feat
Blueberry_Duke,WHOLESALE,NL-ZH,2026-02-05,2026-02-05,Daily,,KG,2.82,2.82,188.1457977294922,xgboost_feat
Blueberry_Duke,WHOLESALE,NL-ZH,2026-02-06,2026-02-06,Daily,,KG,2.82,2.82,166.3917236328125,xgboost_feat
Blueberry_Duke,WHOLESALE,NL-ZH,2026-02-07,2026-02-07,Daily,,KG,2.82,2.82,141.03118896484375,xgboost_feat
Blueberry_Duke,WHOLESALE,NL-ZH,2026-02-08,2026-02-08,Daily,,KG,2.82,2.82,134.59500122070312,xgboost_feat
Blueberry_Duke,WHOLESALE,NL-ZH,2026-02-09,2026-02-09,Daily,,KG,2.82,2.82,157.26165771484375,xgboost_feat
Blueberry_Duke,WHOLESALE,NL-ZH,2026-02-10,2026-02-10,Daily,,KG,2.82,2.82,165.9392852783203,xgboost_feat
Blueberry_Duke,WHOLESALE,NL-ZH,2026-02-11,2026-02-11,Daily,,KG,2.82,2.82,139.88168334960938,xgboost_feat
Blueberry_Duke,WHOLESALE,NL-ZH,2026-02-12,2026-02-12,Daily,,KG,2.82,2.82,165.51393127441406,xgboost_feat
Blueberry_Duke,WHOLESALE,NL-ZH,2026-02-13,2026-02-13,Daily,,KG,2.82,2.82,171.16091918945312,xgboost_feat
Blueberry_Duke,WHOLESALE,NL-ZH,2026-02-14,2026-02-14,Daily,,KG,2.82,2.82,141.42291259765625,xgboost_feat
Blueberry_Duke,WHOLESALE,NL-ZH,2026-02-15,2026-02-15,Daily,,KG,2.82,2.82,142.3248748779297,xgboost_feat
Blueberry_Duke,WHOLESALE,NL-ZH,2026-02-16,2026-02-16,Daily,,KG,2.82,2.82,162.33547973632812,xgboost_feat
Blueberry_Duke,WHOLESALE,NL-ZH,2026-02-17,2026-02-17,Daily,,KG,2.82,2.82,180.5217742919922,xgboost_feat
Blueberry_Duke,WHOLESALE,NL-ZH,2026-02-18,2026-02-18,Daily,,KG,2.82,2.82,138.17543029785156,xgboost_feat
Blueberry_Duke,WHOLESALE,NL-ZH,2026-02-19,2026-02-19,Daily,,KG,2.82,2.82,163.76817321777344,xgboost_feat
Blueberry_Duke,WHOLESALE,NL-ZH,2026-02-20,2026-02-20,Daily,,KG,2.82,2.82,178.91342163085938,xgboost_feat
Blueberry_Duke,WHOLESALE,NL-ZH,2026-02-21,2026-02-21,Daily,,KG,2.82,2.82,145.85536193847656,xgboost_feat
Blueberry_Duke,WHOLESALE,NL-ZH,2026-02-22,2026-02-22,Daily,,KG,2.82,2.82,126.05738830566406,xgboost_feat
Blueberry_Duke,WHOLESALE,NL-ZH,2026-02-23,2026-02-23,Daily,,KG,2.82,2.82,159.56031799316406,xgboost_feat
Blueberry_Duke,WHOLESALE,NL-ZH,2026-02-24,2026-02-24,Daily,,KG,2.82,2.82,156.79261779785156,xgboost_feat
Blueberry_Duke,WHOLESALE,NL-ZH,2026-02-25,2026-02-25,Daily,,KG,2.82,2.82,186.42233276367188,xgboost_feat
Blueberry_Duke,WHOLESALE,NL-ZH,2026-02-26,2026-02-26,Daily,,KG,2.82,2.82,150.2897186279297,xgboost_feat
Blueberry_Duke,WHOLESALE,NL-ZH,2026-02-27,2026-02-27,Daily,,KG,2.82,2.82,181.6641082763672,xgboost_feat
Blueberry_Duke,WHOLESALE,NL-ZH,2026-02-28,2026-02-28,Daily,,KG,2.82,2.82,162.66549682617188,xgboost_feat
Blueberry_Duke,WHOLESALE,NL-ZH,2026-03-01,2026-03-01,Daily,,KG,2.82,2.82,150.84693908691406,xgboost_feat
Blueberry_SekoyaPop,ONLINE,NL-GE,2026-02-02,2026-02-02,Daily,,KG,2.698,2.698,140.65501403808594,xgboost_feat
Blueberry_SekoyaPop,ONLINE,NL-GE,2026-02-03,2026-02-03,Daily,,KG,2.698,2.698,149.51705932617188,xgboost_feat
Blueberry_SekoyaPop,ONLINE,NL-GE,2026-02-04,2026-02-04,Daily,,KG,2.698,2.698,152.19053649902344,xgboost_feat
Blueberry_SekoyaPop,ONLINE,NL-GE,2026-02-05,2026-02-05,Daily,,KG,2.698,2.698,155.28659057617188,xgboost_feat
Blueberry_SekoyaPop,ONLINE,NL-GE,2026-02-06,2026-02-06,Daily,,KG,2.698,2.698,155.11309814453125,xgboost_feat
Blueberry_SekoyaPop,ONLINE,NL-GE,2026-02-07,2026-02-07,Daily,,KG,2.698,2.698,130.40565490722656,xgboost_feat
Blueberry_SekoyaPop,ONLINE,NL-GE,2026-02-08,2026-02-08,Daily,,KG,2.698,2.698,116.89044952392578,xgboost_feat
Blueberry_SekoyaPop,ONLINE,NL-GE,2026-02-09,2026-02-09,Daily,,KG,2.698,2.698,141.08984375,xgboost_feat
Blueberry_SekoyaPop,ONLINE,NL-GE,2026-02-10,2026-02-10,Daily,,KG,2.698,2.698,141.8620147705078,xgboost_feat
Blueberry_SekoyaPop,ONLINE,NL-GE,2026-02-11,2026-02-11,Daily,,KG,2.698,2.698,130.87777709960938,xgboost_feat
Blueberry_SekoyaPop,ONLINE,NL-GE,2026-02-12,2026-02-12,Daily,,KG,2.698,2.698,151.92764282226562,xgboost_feat
Blueberry_SekoyaPop,ONLINE,NL-GE,2026-02-13,2026-02-13,Daily,,KG,2.698,2.698,171.58297729492188,xgboost_feat
Blueberry_SekoyaPop,ONLINE,NL-GE,2026-02-14,2026-02-14,Daily,,KG,2.698,2.698,144.80572509765625,xgboost_feat
Blueberry_SekoyaPop,ONLINE,NL-GE,2026-02-15,2026-02-15,Daily,,KG,2.698,2.698,138.99005126953125,xgboost_feat
Blueberry_SekoyaPop,ONLINE,NL-GE,2026-02-16,2026-02-16,Daily,,KG,2.698,2.698,160.31690979003906,xgboost_feat
Blueberry_SekoyaPop,ONLINE,NL-GE,2026-02-17,2026-02-17,Daily,,KG,2.698,2.698,163.10777282714844,xgboost_feat
Blueberry_SekoyaPop,ONLINE,NL-GE,2026-02-18,2026-02-18,Daily,,KG,2.698,2.698,125.9686279296875,xgboost_feat
Blueberry_SekoyaPop,ONLINE,NL-GE,2026-02-19,2026-02-19,Daily,,KG,2.698,2.698,146.85585021972656,xgboost_feat
Blueberry_SekoyaPop,ONLINE,NL-GE,2026-02-20,2026-02-20,Daily,,KG,2.698,2.698,156.07293701171875,xgboost_feat
Blueberry_SekoyaPop,ONLINE,NL-GE,2026-02-21,2026-02-21,Daily,,KG,2.698,2.698,134.74447631835938,xgboost_feat
Blueberry_SekoyaPop,ONLINE,NL-GE,2026-02-22,2026-02-22,Daily,,KG,2.698,2.698,116.73104095458984,xgboost_feat
Blueberry_SekoyaPop,ONLINE,NL-GE,2026-02-23,2026-02-23,Daily,,KG,2.698,2.698,145.30123901367188,xgboost_feat
Blueberry_SekoyaPop,ONLINE,NL-GE,2026-02-24,2026-02-24,Daily,,KG,2.698,2.698,148.3535919189453,xgboost_feat
Blueberry_SekoyaPop,ONLINE,NL-GE,2026-02-25,2026-02-25,Daily,,KG,2.698,2.698,156.59878540039062,xgboost_feat
Blueberry_SekoyaPop,ONLINE,NL-GE,2026-02-26,2026-02-26,Daily,,KG,2.698,2.698,133.37014770507812,xgboost_feat
Blueberry_SekoyaPop,ONLINE,NL-GE,2026-02-27,2026-02-27,Daily,,KG,2.698,2.698,147.7506561279297,xgboost_feat
Blueberry_SekoyaPop,ONLINE,NL-GE,2026-02-28,2026-02-28,Daily,,KG,2.698,2.698,152.90115356445312,xgboost_feat
Blueberry_SekoyaPop,ONLINE,NL-GE,2026-03-01,2026-03-01,Daily,,KG,2.698,2.698,136.36572265625,xgboost_feat
Blueberry_SekoyaPop,ONLINE,NL-NB,2026-02-02,2026-02-02,Daily,,KG,2.719,2.719,158.15606689453125,xgboost_feat
Blueberry_SekoyaPop,ONLINE,NL-NB,2026-02-03,2026-02-03,Daily,,KG,2.719,2.719,165.67076110839844,xgboost_feat
Blueberry_SekoyaPop,ONLINE,NL-NB,2026-02-04,2026-02-04,Daily,,KG,2.719,2.719,153.867919921875,xgboost_feat
Blueberry_SekoyaPop,ONLINE,NL-NB,2026-02-05,2026-02-05,Daily,,KG,2.719,2.719,166.76376342773438,xgboost_feat
Blueberry_SekoyaPop,ONLINE,NL-NB,2026-02-06,2026-02-06,Daily,,KG,2.719,2.719,156.6957244873047,xgboost_feat
Blueberry_SekoyaPop,ONLINE,NL-NB,2026-02-07,2026-02-07,Daily,,KG,2.719,2.719,118.93766784667969,xgboost_feat
Blueberry_SekoyaPop,ONLINE,NL-NB,2026-02-08,2026-02-08,Daily,,KG,2.719,2.719,123.85308837890625,xgboost_feat
Blueberry_SekoyaPop,ONLINE,NL-NB,2026-02-09,2026-02-09,Daily,,KG,2.719,2.719,152.93234252929688,xgboost_feat
Blueberry_SekoyaPop,ONLINE,NL-NB,2026-02-10,2026-02-10,Daily,,KG,2.719,2.719,153.90570068359375,xgboost_feat
Blueberry_SekoyaPop,ONLINE,NL-NB,2026-02-11,2026-02-11,Daily,,KG,2.719,2.719,152.68023681640625,xgboost_feat
Blueberry_SekoyaPop,ONLINE,NL-NB,2026-02-12,2026-02-12,Daily,,KG,2.719,2.719,160.88804626464844,xgboost_feat
Blueberry_SekoyaPop,ONLINE,NL-NB,2026-02-13,2026-02-13,Daily,,KG,2.719,2.719,158.9012908935547,xgboost_feat
Blueberry_SekoyaPop,ONLINE,NL-NB,2026-02-14,2026-02-14,Daily,,KG,2.719,2.719,136.83139038085938,xgboost_feat
Blueberry_SekoyaPop,ONLINE,NL-NB,2026-02-15,2026-02-15,Daily,,KG,2.719,2.719,144.5034942626953,xgboost_feat
Blueberry_SekoyaPop,ONLINE,NL-NB,2026-02-16,2026-02-16,Daily,,KG,2.719,2.719,162.4541015625,xgboost_feat
Blueberry_SekoyaPop,ONLINE,NL-NB,2026-02-17,2026-02-17,Daily,,KG,2.719,2.719,167.3004150390625,xgboost_feat
Blueberry_SekoyaPop,ONLINE,NL-NB,2026-02-18,2026-02-18,Daily,,KG,2.719,2.719,139.41668701171875,xgboost_feat
Blueberry_SekoyaPop,ONLINE,NL-NB,2026-02-19,2026-02-19,Daily,,KG,2.719,2.719,155.1422576904297,xgboost_feat
Blueberry_SekoyaPop,ONLINE,NL-NB,2026-02-20,2026-02-20,Daily,,KG,2.719,2.719,165.9374237060547,xgboost_feat
Blueberry_SekoyaPop,ONLINE,NL-NB,2026-02-21,2026-02-21,Daily,,KG,2.719,2.719,135.86959838867188,xgboost_feat
Blueberry_SekoyaPop,ONLINE,NL-NB,2026-02-22,2026-02-22,Daily,,KG,2.719,2.719,137.69677734375,xgboost_feat
Blueberry_SekoyaPop,ONLINE,NL-NB,2026-02-23,2026-02-23,Daily,,KG,2.719,2.719,158.52191162109375,xgboost_feat
Blueberry_SekoyaPop,ONLINE,NL-NB,2026-02-24,2026-02-24,Daily,,KG,2.719,2.719,164.91429138183594,xgboost_feat
Blueberry_SekoyaPop,ONLINE,NL-NB,2026-02-25,2026-02-25,Daily,,KG,2.719,2.719,159.6937255859375,xgboost_feat
Blueberry_SekoyaPop,ONLINE,NL-NB,2026-02-26,2026-02-26,Daily,,KG,2.719,2.719,125.79674530029297,xgboost_feat
Blueberry_SekoyaPop,ONLINE,NL-NB,2026-02-27,2026-02-27,Daily,,KG,2.719,2.719,155.80982971191406,xgboost_feat
Blueberry_SekoyaPop,ONLINE,NL-NB,2026-02-28,2026-02-28,Daily,,KG,2.719,2.719,149.22523498535156,xgboost_feat
Blueberry_SekoyaPop,ONLINE,NL-NB,2026-03-01,2026-03-01,Daily,,KG,2.719,2.719,145.96063232421875,xgboost_feat
Blueberry_SekoyaPop,ONLINE,NL-NH,2026-02-02,2026-02-02,Daily,,KG,2.836,2.836,143.21295166015625,xgboost_feat
Blueberry_SekoyaPop,ONLINE,NL-NH,2026-02-03,2026-02-03,Daily,,KG,2.836,2.836,145.8212432861328,xgboost_feat
Blueberry_SekoyaPop,ONLINE,NL-NH,2026-02-04,2026-02-04,Daily,,KG,2.836,2.836,140.5555877685547,xgboost_feat
Blueberry_SekoyaPop,ONLINE,NL-NH,2026-02-05,2026-02-05,Daily,,KG,2.836,2.836,172.3731689453125,xgboost_feat
Blueberry_SekoyaPop,ONLINE,NL-NH,2026-02-06,2026-02-06,Daily,,KG,2.836,2.836,147.47549438476562,xgboost_feat
Blueberry_SekoyaPop,ONLINE,NL-NH,2026-02-07,2026-02-07,Daily,,KG,2.836,2.836,154.0549774169922,xgboost_feat
Blueberry_SekoyaPop,ONLINE,NL-NH,2026-02-08,2026-02-08,Daily,,KG,2.836,2.836,136.1611785888672,xgboost_feat
Blueberry_SekoyaPop,ONLINE,NL-NH,2026-02-09,2026-02-09,Daily,,KG,2.836,2.836,158.5750732421875,xgboost_feat
Blueberry_SekoyaPop,ONLINE,NL-NH,2026-02-10,2026-02-10,Daily,,KG,2.836,2.836,158.17247009277344,xgboost_feat
Blueberry_SekoyaPop,ONLINE,NL-NH,2026-02-11,2026-02-11,Daily,,KG,2.836,2.836,125.96907806396484,xgboost_feat
Blueberry_SekoyaPop,ONLINE,NL-NH,2026-02-12,2026-02-12,Daily,,KG,2.836,2.836,145.81002807617188,xgboost_feat
Blueberry_SekoyaPop,ONLINE,NL-NH,2026-02-13,2026-02-13,Daily,,KG,2.836,2.836,156.8064727783203,xgboost_feat
Blueberry_SekoyaPop,ONLINE,NL-NH,2026-02-14,2026-02-14,Daily,,KG,2.836,2.836,131.54136657714844,xgboost_feat
Blueberry_SekoyaPop,ONLINE,NL-NH,2026-02-15,2026-02-15,Daily,,KG,2.836,2.836,137.6517791748047,xgboost_feat
Blueberry_SekoyaPop,ONLINE,NL-NH,2026-02-16,2026-02-16,Daily,,KG,2.836,2.836,167.30487060546875,xgboost_feat
Blueberry_SekoyaPop,ONLINE,NL-NH,2026-02-17,2026-02-17,Daily,,KG,2.836,2.836,179.48756408691406,xgboost_feat
Blueberry_SekoyaPop,ONLINE,NL-NH,2026-02-18,2026-02-18,Daily,,KG,2.836,2.836,127.36492919921875,xgboost_feat
Blueberry_SekoyaPop,ONLINE,NL-NH,2026-02-19,2026-02-19,Daily,,KG,2.836,2.836,156.45095825195312,xgboost_feat
Blueberry_SekoyaPop,ONLINE,NL-NH,2026-02-20,2026-02-20,Daily,,KG,2.836,2.836,173.4660186767578,xgboost_feat
Blueberry_SekoyaPop,ONLINE,NL-NH,2026-02-21,2026-02-21,Daily,,KG,2.836,2.836,148.19686889648438,xgboost_feat
Blueberry_SekoyaPop,ONLINE,NL-NH,2026-02-22,2026-02-22,Daily,,KG,2.836,2.836,127.19043731689453,xgboost_feat
Blueberry_SekoyaPop,ONLINE,NL-NH,2026-02-23,2026-02-23,Daily,,KG,2.836,2.836,161.4960479736328,xgboost_feat
Blueberry_SekoyaPop,ONLINE,NL-NH,2026-02-24,2026-02-24,Daily,,KG,2.836,2.836,141.86073303222656,xgboost_feat
Blueberry_SekoyaPop,ONLINE,NL-NH,2026-02-25,2026-02-25,Daily,,KG,2.836,2.836,176.94725036621094,xgboost_feat
Blueberry_SekoyaPop,ONLINE,NL-NH,2026-02-26,2026-02-26,Daily,,KG,2.836,2.836,168.80126953125,xgboost_feat
Blueberry_SekoyaPop,ONLINE,NL-NH,2026-02-27,2026-02-27,Daily,,KG,2.836,2.836,171.37152099609375,xgboost_feat
Blueberry_SekoyaPop,ONLINE,NL-NH,2026-02-28,2026-02-28,Daily,,KG,2.836,2.836,158.03109741210938,xgboost_feat
Blueberry_SekoyaPop,ONLINE,NL-NH,2026-03-01,2026-03-01,Daily,,KG,2.836,2.836,146.80938720703125,xgboost_feat
Blueberry_SekoyaPop,ONLINE,NL-ZH,2026-02-02,2026-02-02,Daily,,KG,3.04,3.04,165.1995086669922,xgboost_feat
Blueberry_SekoyaPop,ONLINE,NL-ZH,2026-02-03,2026-02-03,Daily,,KG,3.04,3.04,171.3175811767578,xgboost_feat
Blueberry_SekoyaPop,ONLINE,NL-ZH,2026-02-04,2026-02-04,Daily,,KG,3.04,3.04,165.67697143554688,xgboost_feat
Blueberry_SekoyaPop,ONLINE,NL-ZH,2026-02-05,2026-02-05,Daily,,KG,3.04,3.04,184.61561584472656,xgboost_feat
Blueberry_SekoyaPop,ONLINE,NL-ZH,2026-02-06,2026-02-06,Daily,,KG,3.04,3.04,165.16281127929688,xgboost_feat
Blueberry_SekoyaPop,ONLINE,NL-ZH,2026-02-07,2026-02-07,Daily,,KG,3.04,3.04,134.70465087890625,xgboost_feat
Blueberry_SekoyaPop,ONLINE,NL-ZH,2026-02-08,2026-02-08,Daily,,KG,3.04,3.04,128.27426147460938,xgboost_feat
Blueberry_SekoyaPop,ONLINE,NL-ZH,2026-02-09,2026-02-09,Daily,,KG,3.04,3.04,161.12181091308594,xgboost_feat
Blueberry_SekoyaPop,ONLINE,NL-ZH,2026-02-10,2026-02-10,Daily,,KG,3.04,3.04,168.91127014160156,xgboost_feat
Blueberry_SekoyaPop,ONLINE,NL-ZH,2026-02-11,2026-02-11,Daily,,KG,3.04,3.04,142.64149475097656,xgboost_feat
Blueberry_SekoyaPop,ONLINE,NL-ZH,2026-02-12,2026-02-12,Daily,,KG,3.04,3.04,174.03408813476562,xgboost_feat
Blueberry_SekoyaPop,ONLINE,NL-ZH,2026-02-13,2026-02-13,Daily,,KG,3.04,3.04,174.2758026123047,xgboost_feat
Blueberry_SekoyaPop,ONLINE,NL-ZH,2026-02-14,2026-02-14,Daily,,KG,3.04,3.04,138.87777709960938,xgboost_feat
Blueberry_SekoyaPop,ONLINE,NL-ZH,2026-02-15,2026-02-15,Daily,,KG,3.04,3.04,144.97515869140625,xgboost_feat
Blueberry_SekoyaPop,ONLINE,NL-ZH,2026-02-16,2026-02-16,Daily,,KG,3.04,3.04,164.5924072265625,xgboost_feat
Blueberry_SekoyaPop,ONLINE,NL-ZH,2026-02-17,2026-02-17,Daily,,KG,3.04,3.04,176.5774688720703,xgboost_feat
Blueberry_SekoyaPop,ONLINE,NL-ZH,2026-02-18,2026-02-18,Daily,,KG,3.04,3.04,135.4998779296875,xgboost_feat
Blueberry_SekoyaPop,ONLINE,NL-ZH,2026-02-19,2026-02-19,Daily,,KG,3.04,3.04,166.36599731445312,xgboost_feat
Blueberry_SekoyaPop,ONLINE,NL-ZH,2026-02-20,2026-02-20,Daily,,KG,3.04,3.04,177.86044311523438,xgboost_feat
Blueberry_SekoyaPop,ONLINE,NL-ZH,2026-02-21,2026-02-21,Daily,,KG,3.04,3.04,141.37075805664062,xgboost_feat
Blueberry_SekoyaPop,ONLINE,NL-ZH,2026-02-22,2026-02-22,Daily,,KG,3.04,3.04,119.69676971435547,xgboost_feat
Blueberry_SekoyaPop,ONLINE,NL-ZH,2026-02-23,2026-02-23,Daily,,KG,3.04,3.04,160.77586364746094,xgboost_feat
Blueberry_SekoyaPop,ONLINE,NL-ZH,2026-02-24,2026-02-24,Daily,,KG,3.04,3.04,157.0709686279297,xgboost_feat
Blueberry_SekoyaPop,ONLINE,NL-ZH,2026-02-25,2026-02-25,Daily,,KG,3.04,3.04,179.15882873535156,xgboost_feat
Blueberry_SekoyaPop,ONLINE,NL-ZH,2026-02-26,2026-02-26,Daily,,KG,3.04,3.04,139.29930114746094,xgboost_feat
Blueberry_SekoyaPop,ONLINE,NL-ZH,2026-02-27,2026-02-27,Daily,,KG,3.04,3.04,165.19496154785156,xgboost_feat
Blueberry_SekoyaPop,ONLINE,NL-ZH,2026-02-28,2026-02-28,Daily,,KG,3.04,3.04,158.16087341308594,xgboost_feat
Blueberry_SekoyaPop,ONLINE,NL-ZH,2026-03-01,2026-03-01,Daily,,KG,3.04,3.04,147.29736328125,xgboost_feat
Blueberry_SekoyaPop,RETAIL,NL-GE,2026-02-02,2026-02-02,Daily,,KG,2.597,2.597,153.5659637451172,xgboost_feat
Blueberry_SekoyaPop,RETAIL,NL-GE,2026-02-03,2026-02-03,Daily,,KG,2.597,2.597,165.8343048095703,xgboost_feat
Blueberry_SekoyaPop,RETAIL,NL-GE,2026-02-04,2026-02-04,Daily,,KG,2.597,2.597,154.43084716796875,xgboost_feat
Blueberry_SekoyaPop,RETAIL,NL-GE,2026-02-05,2026-02-05,Daily,,KG,2.597,2.597,164.92355346679688,xgboost_feat
Blueberry_SekoyaPop,RETAIL,NL-GE,2026-02-06,2026-02-06,Daily,,KG,2.597,2.597,154.58937072753906,xgboost_feat
Blueberry_SekoyaPop,RETAIL,NL-GE,2026-02-07,2026-02-07,Daily,,KG,2.597,2.597,140.88807678222656,xgboost_feat
Blueberry_SekoyaPop,RETAIL,NL-GE,2026-02-08,2026-02-08,Daily,,KG,2.597,2.597,133.43081665039062,xgboost_feat
Blueberry_SekoyaPop,RETAIL,NL-GE,2026-02-09,2026-02-09,Daily,,KG,2.597,2.597,142.58839416503906,xgboost_feat
Blueberry_SekoyaPop,RETAIL,NL-GE,2026-02-10,2026-02-10,Daily,,KG,2.597,2.597,140.5160369873047,xgboost_feat
Blueberry_SekoyaPop,RETAIL,NL-GE,2026-02-11,2026-02-11,Daily,,KG,2.597,2.597,124.96654510498047,xgboost_feat
Blueberry_SekoyaPop,RETAIL,NL-GE,2026-02-12,2026-02-12,Daily,,KG,2.597,2.597,143.90765380859375,xgboost_feat
Blueberry_SekoyaPop,RETAIL,NL-GE,2026-02-13,2026-02-13,Daily,,KG,2.597,2.597,162.33319091796875,xgboost_feat
Blueberry_SekoyaPop,RETAIL,NL-GE,2026-02-14,2026-02-14,Daily,,KG,2.597,2.597,139.03326416015625,xgboost_feat
Blueberry_SekoyaPop,RETAIL,NL-GE,2026-02-15,2026-02-15,Daily,,KG,2.597,2.597,132.0371551513672,xgboost_feat
Blueberry_SekoyaPop,RETAIL,NL-GE,2026-02-16,2026-02-16,Daily,,KG,2.597,2.597,154.69174194335938,xgboost_feat
Blueberry_SekoyaPop,RETAIL,NL-GE,2026-02-17,2026-02-17,Daily,,KG,2.597,2.597,156.99163818359375,xgboost_feat
Blueberry_SekoyaPop,RETAIL,NL-GE,2026-02-18,2026-02-18,Daily,,KG,2.597,2.597,126.47435760498047,xgboost_feat
Blueberry_SekoyaPop,RETAIL,NL-GE,2026-02-19,2026-02-19,Daily,,KG,2.597,2.597,147.02114868164062,xgboost_feat
Blueberry_SekoyaPop,RETAIL,NL-GE,2026-02-20,2026-02-20,Daily,,KG,2.597,2.597,152.21337890625,xgboost_feat
Blueberry_SekoyaPop,RETAIL,NL-GE,2026-02-21,2026-02-21,Daily,,KG,2.597,2.597,138.3931121826172,xgboost_feat
Blueberry_SekoyaPop,RETAIL,NL-GE,2026-02-22,2026-02-22,Daily,,KG,2.597,2.597,129.10321044921875,xgboost_feat
Blueberry_SekoyaPop,RETAIL,NL-GE,2026-02-23,2026-02-23,Daily,,KG,2.597,2.597,149.17567443847656,xgboost_feat
Blueberry_SekoyaPop,RETAIL,NL-GE,2026-02-24,2026-02-24,Daily,,KG,2.597,2.597,147.6786346435547,xgboost_feat
Blueberry_SekoyaPop,RETAIL,NL-GE,2026-02-25,2026-02-25,Daily,,KG,2.597,2.597,159.30841064453125,xgboost_feat
Blueberry_SekoyaPop,RETAIL,NL-GE,2026-02-26,2026-02-26,Daily,,KG,2.597,2.597,139.15672302246094,xgboost_feat
Blueberry_SekoyaPop,RETAIL,NL-GE,2026-02-27,2026-02-27,Daily,,KG,2.597,2.597,158.30467224121094,xgboost_feat
Blueberry_SekoyaPop,RETAIL,NL-GE,2026-02-28,2026-02-28,Daily,,KG,2.597,2.597,157.13613891601562,xgboost_feat
Blueberry_SekoyaPop,RETAIL,NL-GE,2026-03-01,2026-03-01,Daily,,KG,2.597,2.597,135.20704650878906,xgboost_feat
Blueberry_SekoyaPop,RETAIL,NL-NB,2026-02-02,2026-02-02,Daily,,KG,2.739,2.739,162.43368530273438,xgboost_feat
Blueberry_SekoyaPop,RETAIL,NL-NB,2026-02-03,2026-02-03,Daily,,KG,2.739,2.739,166.2144012451172,xgboost_feat
Blueberry_SekoyaPop,RETAIL,NL-NB,2026-02-04,2026-02-04,Daily,,KG,2.739,2.739,155.38246154785156,xgboost_feat
Blueberry_SekoyaPop,RETAIL,NL-NB,2026-02-05,2026-02-05,Daily,,KG,2.739,2.739,173.835693359375,xgboost_feat
Blueberry_SekoyaPop,RETAIL,NL-NB,2026-02-06,2026-02-06,Daily,,KG,2.739,2.739,164.42562866210938,xgboost_feat
Blueberry_SekoyaPop,RETAIL,NL-NB,2026-02-07,2026-02-07,Daily,,KG,2.739,2.739,135.5244903564453,xgboost_feat
Blueberry_SekoyaPop,RETAIL,NL-NB,2026-02-08,2026-02-08,Daily,,KG,2.739,2.739,133.741455078125,xgboost_feat
Blueberry_SekoyaPop,RETAIL,NL-NB,2026-02-09,2026-02-09,Daily,,KG,2.739,2.739,147.72882080078125,xgboost_feat
Blueberry_SekoyaPop,RETAIL,NL-NB,2026-02-10,2026-02-10,Daily,,KG,2.739,2.739,145.86758422851562,xgboost_feat
Blueberry_SekoyaPop,RETAIL,NL-NB,2026-02-11,2026-02-11,Daily,,KG,2.739,2.739,147.62249755859375,xgboost_feat
Blueberry_SekoyaPop,RETAIL,NL-NB,2026-02-12,2026-02-12,Daily,,KG,2.739,2.739,154.75352478027344,xgboost_feat
Blueberry_SekoyaPop,RETAIL,NL-NB,2026-02-13,2026-02-13,Daily,,KG,2.739,2.739,154.5542449951172,xgboost_feat
Blueberry_SekoyaPop,RETAIL,NL-NB,2026-02-14,2026-02-14,Daily,,KG,2.739,2.739,139.63902282714844,xgboost_feat
Blueberry_SekoyaPop,RETAIL,NL-NB,2026-02-15,2026-02-15,Daily,,KG,2.739,2.739,145.7050323486328,xgboost_feat
Blueberry_SekoyaPop,RETAIL,NL-NB,2026-02-16,2026-02-16,Daily,,KG,2.739,2.739,157.1131591796875,xgboost_feat
Blueberry_SekoyaPop,RETAIL,NL-NB,2026-02-17,2026-02-17,Daily,,KG,2.739,2.739,173.64227294921875,xgboost_feat
Blueberry_SekoyaPop,RETAIL,NL-NB,2026-02-18,2026-02-18,Daily,,KG,2.739,2.739,138.60000610351562,xgboost_feat
Blueberry_SekoyaPop,RETAIL,NL-NB,2026-02-19,2026-02-19,Daily,,KG,2.739,2.739,157.2097625732422,xgboost_feat
Blueberry_SekoyaPop,RETAIL,NL-NB,2026-02-20,2026-02-20,Daily,,KG,2.739,2.739,167.86212158203125,xgboost_feat
Blueberry_SekoyaPop,RETAIL,NL-NB,2026-02-21,2026-02-21,Daily,,KG,2.739,2.739,139.15838623046875,xgboost_feat
Blueberry_SekoyaPop,RETAIL,NL-NB,2026-02-22,2026-02-22,Daily,,KG,2.739,2.739,138.52745056152344,xgboost_feat
Blueberry_SekoyaPop,RETAIL,NL-NB,2026-02-23,2026-02-23,Daily,,KG,2.739,2.739,156.41310119628906,xgboost_feat
Blueberry_SekoyaPop,RETAIL,NL-NB,2026-02-24,2026-02-24,Daily,,KG,2.739,2.739,163.2227020263672,xgboost_feat
Blueberry_SekoyaPop,RETAIL,NL-NB,2026-02-25,2026-02-25,Daily,,KG,2.739,2.739,163.55374145507812,xgboost_feat
Blueberry_SekoyaPop,RETAIL,NL-NB,2026-02-26,2026-02-26,Daily,,KG,2.739,2.739,127.43267822265625,xgboost_feat
Blueberry_SekoyaPop,RETAIL,NL-NB,2026-02-27,2026-02-27,Daily,,KG,2.739,2.739,160.20611572265625,xgboost_feat
Blueberry_SekoyaPop,RETAIL,NL-NB,2026-02-28,2026-02-28,Daily,,KG,2.739,2.739,156.0541534423828,xgboost_feat
Blueberry_SekoyaPop,RETAIL,NL-NB,2026-03-01,2026-03-01,Daily,,KG,2.739,2.739,147.1614532470703,xgboost_feat
Blueberry_SekoyaPop,RETAIL,NL-NH,2026-02-02,2026-02-02,Daily,,KG,2.651,2.651,157.09030151367188,xgboost_feat
Blueberry_SekoyaPop,RETAIL,NL-NH,2026-02-03,2026-02-03,Daily,,KG,2.651,2.651,159.3086700439453,xgboost_feat
Blueberry_SekoyaPop,RETAIL,NL-NH,2026-02-04,2026-02-04,Daily,,KG,2.651,2.651,153.6564178466797,xgboost_feat
Blueberry_SekoyaPop,RETAIL,NL-NH,2026-02-05,2026-02-05,Daily,,KG,2.651,2.651,183.21603393554688,xgboost_feat
Blueberry_SekoyaPop,RETAIL,NL-NH,2026-02-06,2026-02-06,Daily,,KG,2.651,2.651,153.63949584960938,xgboost_feat
Blueberry_SekoyaPop,RETAIL,NL-NH,2026-02-07,2026-02-07,Daily,,KG,2.651,2.651,151.51080322265625,xgboost_feat
Blueberry_SekoyaPop,RETAIL,NL-NH,2026-02-08,2026-02-08,Daily,,KG,2.651,2.651,137.65585327148438,xgboost_feat
Blueberry_SekoyaPop,RETAIL,NL-NH,2026-02-09,2026-02-09,Daily,,KG,2.651,2.651,142.2135772705078,xgboost_feat
Blueberry_SekoyaPop,RETAIL,NL-NH,2026-02-10,2026-02-10,Daily,,KG,2.651,2.651,145.28517150878906,xgboost_feat
Blueberry_SekoyaPop,RETAIL,NL-NH,2026-02-11,2026-02-11,Daily,,KG,2.651,2.651,127.69402313232422,xgboost_feat
Blueberry_SekoyaPop,RETAIL,NL-NH,2026-02-12,2026-02-12,Daily,,KG,2.651,2.651,137.5048065185547,xgboost_feat
Blueberry_SekoyaPop,RETAIL,NL-NH,2026-02-13,2026-02-13,Daily,,KG,2.651,2.651,144.4171142578125,xgboost_feat
Blueberry_SekoyaPop,RETAIL,NL-NH,2026-02-14,2026-02-14,Daily,,KG,2.651,2.651,132.59619140625,xgboost_feat
Blueberry_SekoyaPop,RETAIL,NL-NH,2026-02-15,2026-02-15,Daily,,KG,2.651,2.651,124.44124603271484,xgboost_feat
Blueberry_SekoyaPop,RETAIL,NL-NH,2026-02-16,2026-02-16,Daily,,KG,2.651,2.651,156.03150939941406,xgboost_feat
Blueberry_SekoyaPop,RETAIL,NL-NH,2026-02-17,2026-02-17,Daily,,KG,2.651,2.651,173.92555236816406,xgboost_feat
Blueberry_SekoyaPop,RETAIL,NL-NH,2026-02-18,2026-02-18,Daily,,KG,2.651,2.651,123.80052947998047,xgboost_feat
Blueberry_SekoyaPop,RETAIL,NL-NH,2026-02-19,2026-02-19,Daily,,KG,2.651,2.651,145.06588745117188,xgboost_feat
Blueberry_SekoyaPop,RETAIL,NL-NH,2026-02-20,2026-02-20,Daily,,KG,2.651,2.651,164.01873779296875,xgboost_feat
Blueberry_SekoyaPop,RETAIL,NL-NH,2026-02-21,2026-02-21,Daily,,KG,2.651,2.651,137.3953094482422,xgboost_feat
Blueberry_SekoyaPop,RETAIL,NL-NH,2026-02-22,2026-02-22,Daily,,KG,2.651,2.651,116.4682388305664,xgboost_feat
Blueberry_SekoyaPop,RETAIL,NL-NH,2026-02-23,2026-02-23,Daily,,KG,2.651,2.651,147.8558807373047,xgboost_feat
Blueberry_SekoyaPop,RETAIL,NL-NH,2026-02-24,2026-02-24,Daily,,KG,2.651,2.651,136.87533569335938,xgboost_feat
Blueberry_SekoyaPop,RETAIL,NL-NH,2026-02-25,2026-02-25,Daily,,KG,2.651,2.651,168.01515197753906,xgboost_feat
Blueberry_SekoyaPop,RETAIL,NL-NH,2026-02-26,2026-02-26,Daily,,KG,2.651,2.651,160.69873046875,xgboost_feat
Blueberry_SekoyaPop,RETAIL,NL-NH,2026-02-27,2026-02-27,Daily,,KG,2.651,2.651,165.4441680908203,xgboost_feat
Blueberry_SekoyaPop,RETAIL,NL-NH,2026-02-28,2026-02-28,Daily,,KG,2.651,2.651,147.99395751953125,xgboost_feat
Blueberry_SekoyaPop,RETAIL,NL-NH,2026-03-01,2026-03-01,Daily,,KG,2.651,2.651,131.36305236816406,xgboost_feat
Blueberry_SekoyaPop,RETAIL,NL-ZH,2026-02-02,2026-02-02,Daily,,KG,2.858,2.858,170.6641387939453,xgboost_feat
Blueberry_SekoyaPop,RETAIL,NL-ZH,2026-02-03,2026-02-03,Daily,,KG,2.858,2.858,172.4738311767578,xgboost_feat
Blueberry_SekoyaPop,RETAIL,NL-ZH,2026-02-04,2026-02-04,Daily,,KG,2.858,2.858,167.2666778564453,xgboost_feat
Blueberry_SekoyaPop,RETAIL,NL-ZH,2026-02-05,2026-02-05,Daily,,KG,2.858,2.858,187.4536590576172,xgboost_feat
Blueberry_SekoyaPop,RETAIL,NL-ZH,2026-02-06,2026-02-06,Daily,,KG,2.858,2.858,165.0243377685547,xgboost_feat
Blueberry_SekoyaPop,RETAIL,NL-ZH,2026-02-07,2026-02-07,Daily,,KG,2.858,2.858,140.85305786132812,xgboost_feat
Blueberry_SekoyaPop,RETAIL,NL-ZH,2026-02-08,2026-02-08,Daily,,KG,2.858,2.858,133.98989868164062,xgboost_feat
Blueberry_SekoyaPop,RETAIL,NL-ZH,2026-02-09,2026-02-09,Daily,,KG,2.858,2.858,154.87091064453125,xgboost_feat
Blueberry_SekoyaPop,RETAIL,NL-ZH,2026-02-10,2026-02-10,Daily,,KG,2.858,2.858,161.48764038085938,xgboost_feat
Blueberry_SekoyaPop,RETAIL,NL-ZH,2026-02-11,2026-02-11,Daily,,KG,2.858,2.858,138.2399139404297,xgboost_feat
Blueberry_SekoyaPop,RETAIL,NL-ZH,2026-02-12,2026-02-12,Daily,,KG,2.858,2.858,160.248291015625,xgboost_feat
Blueberry_SekoyaPop,RETAIL,NL-ZH,2026-02-13,2026-02-13,Daily,,KG,2.858,2.858,166.91229248046875,xgboost_feat
Blueberry_SekoyaPop,RETAIL,NL-ZH,2026-02-14,2026-02-14,Daily,,KG,2.858,2.858,137.56344604492188,xgboost_feat
Blueberry_SekoyaPop,RETAIL,NL-ZH,2026-02-15,2026-02-15,Daily,,KG,2.858,2.858,137.13958740234375,xgboost_feat
Blueberry_SekoyaPop,RETAIL,NL-ZH,2026-02-16,2026-02-16,Daily,,KG,2.858,2.858,165.48023986816406,xgboost_feat
Blueberry_SekoyaPop,RETAIL,NL-ZH,2026-02-17,2026-02-17,Daily,,KG,2.858,2.858,183.0338897705078,xgboost_feat
Blueberry_SekoyaPop,RETAIL,NL-ZH,2026-02-18,2026-02-18,Daily,,KG,2.858,2.858,136.3827667236328,xgboost_feat
Blueberry_SekoyaPop,RETAIL,NL-ZH,2026-02-19,2026-02-19,Daily,,KG,2.858,2.858,160.47523498535156,xgboost_feat
Blueberry_SekoyaPop,RETAIL,NL-ZH,2026-02-20,2026-02-20,Daily,,KG,2.858,2.858,172.0993194580078,xgboost_feat
Blueberry_SekoyaPop,RETAIL,NL-ZH,2026-02-21,2026-02-21,Daily,,KG,2.858,2.858,142.38314819335938,xgboost_feat
Blueberry_SekoyaPop,RETAIL,NL-ZH,2026-02-22,2026-02-22,Daily,,KG,2.858,2.858,122.93461608886719,xgboost_feat
Blueberry_SekoyaPop,RETAIL,NL-ZH,2026-02-23,2026-02-23,Daily,,KG,2.858,2.858,155.9459686279297,xgboost_feat
Blueberry_SekoyaPop,RETAIL,NL-ZH,2026-02-24,2026-02-24,Daily,,KG,2.858,2.858,157.71287536621094,xgboost_feat
Blueberry_SekoyaPop,RETAIL,NL-ZH,2026-02-25,2026-02-25,Daily,,KG,2.858,2.858,182.7101593017578,xgboost_feat
Blueberry_SekoyaPop,RETAIL,NL-ZH,2026-02-26,2026-02-26,Daily,,KG,2.858,2.858,148.95266723632812,xgboost_feat
Blueberry_SekoyaPop,RETAIL,NL-ZH,2026-02-27,2026-02-27,Daily,,KG,2.858,2.858,176.7549285888672,xgboost_feat
Blueberry_SekoyaPop,RETAIL,NL-ZH,2026-02-28,2026-02-28,Daily,,KG,2.858,2.858,157.08294677734375,xgboost_feat
Blueberry_SekoyaPop,RETAIL,NL-ZH,2026-03-01,2026-03-01,Daily,,KG,2.858,2.858,149.49940490722656,xgboost_feat
Blueberry_SekoyaPop,WHOLESALE,NL-GE,2026-02-02,2026-02-02,Daily,,KG,2.719,2.719,153.5814971923828,xgboost_feat
Blueberry_SekoyaPop,WHOLESALE,NL-GE,2026-02-03,2026-02-03,Daily,,KG,2.719,2.719,167.4954833984375,xgboost_feat
Blueberry_SekoyaPop,WHOLESALE,NL-GE,2026-02-04,2026-02-04,Daily,,KG,2.719,2.719,154.4977264404297,xgboost_feat
Blueberry_SekoyaPop,WHOLESALE,NL-GE,2026-02-05,2026-02-05,Daily,,KG,2.719,2.719,162.5458984375,xgboost_feat
Blueberry_SekoyaPop,WHOLESALE,NL-GE,2026-02-06,2026-02-06,Daily,,KG,2.719,2.719,154.99383544921875,xgboost_feat
Blueberry_SekoyaPop,WHOLESALE,NL-GE,2026-02-07,2026-02-07,Daily,,KG,2.719,2.719,138.15231323242188,xgboost_feat
Blueberry_SekoyaPop,WHOLESALE,NL-GE,2026-02-08,2026-02-08,Daily,,KG,2.719,2.719,132.27224731445312,xgboost_feat
Blueberry_SekoyaPop,WHOLESALE,NL-GE,2026-02-09,2026-02-09,Daily,,KG,2.719,2.719,144.9451446533203,xgboost_feat
Blueberry_SekoyaPop,WHOLESALE,NL-GE,2026-02-10,2026-02-10,Daily,,KG,2.719,2.719,143.22525024414062,xgboost_feat
Blueberry_SekoyaPop,WHOLESALE,NL-GE,2026-02-11,2026-02-11,Daily,,KG,2.719,2.719,128.4235382080078,xgboost_feat
Blueberry_SekoyaPop,WHOLESALE,NL-GE,2026-02-12,2026-02-12,Daily,,KG,2.719,2.719,147.36842346191406,xgboost_feat
Blueberry_SekoyaPop,WHOLESALE,NL-GE,2026-02-13,2026-02-13,Daily,,KG,2.719,2.719,165.84649658203125,xgboost_feat
Blueberry_SekoyaPop,WHOLESALE,NL-GE,2026-02-14,2026-02-14,Daily,,KG,2.719,2.719,141.19427490234375,xgboost_feat
Blueberry_SekoyaPop,WHOLESALE,NL-GE,2026-02-15,2026-02-15,Daily,,KG,2.719,2.719,134.7778778076172,xgboost_feat
Blueberry_SekoyaPop,WHOLESALE,NL-GE,2026-02-16,2026-02-16,Daily,,KG,2.719,2.719,156.62319946289062,xgboost_feat
Blueberry_SekoyaPop,WHOLESALE,NL-GE,2026-02-17,2026-02-17,Daily,,KG,2.719,2.719,160.18893432617188,xgboost_feat
Blueberry_SekoyaPop,WHOLESALE,NL-GE,2026-02-18,2026-02-18,Daily,,KG,2.719,2.719,127.86071014404297,xgboost_feat
Blueberry_SekoyaPop,WHOLESALE,NL-GE,2026-02-19,2026-02-19,Daily,,KG,2.719,2.719,151.5369873046875,xgboost_feat
Blueberry_SekoyaPop,WHOLESALE,NL-GE,2026-02-20,2026-02-20,Daily,,KG,2.719,2.719,161.12342834472656,xgboost_feat
Blueberry_SekoyaPop,WHOLESALE,NL-GE,2026-02-21,2026-02-21,Daily,,KG,2.719,2.719,139.27597045898438,xgboost_feat
Blueberry_SekoyaPop,WHOLESALE,NL-GE,2026-02-22,2026-02-22,Daily,,KG,2.719,2.719,133.48965454101562,xgboost_feat
Blueberry_SekoyaPop,WHOLESALE,NL-GE,2026-02-23,2026-02-23,Daily,,KG,2.719,2.719,152.71441650390625,xgboost_feat
Blueberry_SekoyaPop,WHOLESALE,NL-GE,2026-02-24,2026-02-24,Daily,,KG,2.719,2.719,151.0408477783203,xgboost_feat
Blueberry_SekoyaPop,WHOLESALE,NL-GE,2026-02-25,2026-02-25,Daily,,KG,2.719,2.719,161.1040802001953,xgboost_feat
Blueberry_SekoyaPop,WHOLESALE,NL-GE,2026-02-26,2026-02-26,Daily,,KG,2.719,2.719,139.71669006347656,xgboost_feat
Blueberry_SekoyaPop,WHOLESALE,NL-GE,2026-02-27,2026-02-27,Daily,,KG,2.719,2.719,153.9064178466797,xgboost_feat
Blueberry_SekoyaPop,WHOLESALE,NL-GE,2026-02-28,2026-02-28,Daily,,KG,2.719,2.719,156.14244079589844,xgboost_feat
Blueberry_SekoyaPop,WHOLESALE,NL-GE,2026-03-01,2026-03-01,Daily,,KG,2.719,2.719,136.8384552001953,xgboost_feat
Blueberry_SekoyaPop,WHOLESALE,NL-NB,2026-02-02,2026-02-02,Daily,,KG,2.791,2.791,170.65821838378906,xgboost_feat
Blueberry_SekoyaPop,WHOLESALE,NL-NB,2026-02-03,2026-02-03,Daily,,KG,2.791,2.791,172.53085327148438,xgboost_feat
Blueberry_SekoyaPop,WHOLESALE,NL-NB,2026-02-04,2026-02-04,Daily,,KG,2.791,2.791,161.70327758789062,xgboost_feat
Blueberry_SekoyaPop,WHOLESALE,NL-NB,2026-02-05,2026-02-05,Daily,,KG,2.791,2.791,179.8372039794922,xgboost_feat
Blueberry_SekoyaPop,WHOLESALE,NL-NB,2026-02-06,2026-02-06,Daily,,KG,2.791,2.791,167.66709899902344,xgboost_feat
Blueberry_SekoyaPop,WHOLESALE,NL-NB,2026-02-07,2026-02-07,Daily,,KG,2.791,2.791,137.12094116210938,xgboost_feat
Blueberry_SekoyaPop,WHOLESALE,NL-NB,2026-02-08,2026-02-08,Daily,,KG,2.791,2.791,138.469482421875,xgboost_feat
Blueberry_SekoyaPop,WHOLESALE,NL-NB,2026-02-09,2026-02-09,Daily,,KG,2.791,2.791,156.14312744140625,xgboost_feat
Blueberry_SekoyaPop,WHOLESALE,NL-NB,2026-02-10,2026-02-10,Daily,,KG,2.791,2.791,152.0523223876953,xgboost_feat
Blueberry_SekoyaPop,WHOLESALE,NL-NB,2026-02-11,2026-02-11,Daily,,KG,2.791,2.791,151.4491729736328,xgboost_feat
Blueberry_SekoyaPop,WHOLESALE,NL-NB,2026-02-12,2026-02-12,Daily,,KG,2.791,2.791,165.17437744140625,xgboost_feat
Blueberry_SekoyaPop,WHOLESALE,NL-NB,2026-02-13,2026-02-13,Daily,,KG,2.791,2.791,164.8519744873047,xgboost_feat
Blueberry_SekoyaPop,WHOLESALE,NL-NB,2026-02-14,2026-02-14,Daily,,KG,2.791,2.791,142.0341796875,xgboost_feat
Blueberry_SekoyaPop,WHOLESALE,NL-NB,2026-02-15,2026-02-15,Daily,,KG,2.791,2.791,149.89453125,xgboost_feat
Blueberry_SekoyaPop,WHOLESALE,NL-NB,2026-02-16,2026-02-16,Daily,,KG,2.791,2.791,170.2209930419922,xgboost_feat
Blueberry_SekoyaPop,WHOLESALE,NL-NB,2026-02-17,2026-02-17,Daily,,KG,2.791,2.791,184.74246215820312,xgboost_feat
Blueberry_SekoyaPop,WHOLESALE,NL-NB,2026-02-18,2026-02-18,Daily,,KG,2.791,2.791,145.16766357421875,xgboost_feat
Blueberry_SekoyaPop,WHOLESALE,NL-NB,2026-02-19,2026-02-19,Daily,,KG,2.791,2.791,165.9862060546875,xgboost_feat
Blueberry_SekoyaPop,WHOLESALE,NL-NB,2026-02-20,2026-02-20,Daily,,KG,2.791,2.791,175.75262451171875,xgboost_feat
Blueberry_SekoyaPop,WHOLESALE,NL-NB,2026-02-21,2026-02-21,Daily,,KG,2.791,2.791,146.87576293945312,xgboost_feat
Blueberry_SekoyaPop,WHOLESALE,NL-NB,2026-02-22,2026-02-22,Daily,,KG,2.791,2.791,147.6480712890625,xgboost_feat
Blueberry_SekoyaPop,WHOLESALE,NL-NB,2026-02-23,2026-02-23,Daily,,KG,2.791,2.791,170.89230346679688,xgboost_feat
Blueberry_SekoyaPop,WHOLESALE,NL-NB,2026-02-24,2026-02-24,Daily,,KG,2.791,2.791,176.7809295654297,xgboost_feat
Blueberry_SekoyaPop,WHOLESALE,NL-NB,2026-02-25,2026-02-25,Daily,,KG,2.791,2.791,171.4459228515625,xgboost_feat
Blueberry_SekoyaPop,WHOLESALE,NL-NB,2026-02-26,2026-02-26,Daily,,KG,2.791,2.791,131.59716796875,xgboost_feat
Blueberry_SekoyaPop,WHOLESALE,NL-NB,2026-02-27,2026-02-27,Daily,,KG,2.791,2.791,172.5254364013672,xgboost_feat
Blueberry_SekoyaPop,WHOLESALE,NL-NB,2026-02-28,2026-02-28,Daily,,KG,2.791,2.791,162.77508544921875,xgboost_feat
Blueberry_SekoyaPop,WHOLESALE,NL-NB,2026-03-01,2026-03-01,Daily,,KG,2.791,2.791,150.70159912109375,xgboost_feat
Blueberry_SekoyaPop,WHOLESALE,NL-NH,2026-02-02,2026-02-02,Daily,,KG,2.81,2.81,166.1150665283203,xgboost_feat
Blueberry_SekoyaPop,WHOLESALE,NL-NH,2026-02-03,2026-02-03,Daily,,KG,2.81,2.81,168.28048706054688,xgboost_feat
Blueberry_SekoyaPop,WHOLESALE,NL-NH,2026-02-04,2026-02-04,Daily,,KG,2.81,2.81,160.1254425048828,xgboost_feat
Blueberry_SekoyaPop,WHOLESALE,NL-NH,2026-02-05,2026-02-05,Daily,,KG,2.81,2.81,185.71286010742188,xgboost_feat
Blueberry_SekoyaPop,WHOLESALE,NL-NH,2026-02-06,2026-02-06,Daily,,KG,2.81,2.81,156.19940185546875,xgboost_feat
Blueberry_SekoyaPop,WHOLESALE,NL-NH,2026-02-07,2026-02-07,Daily,,KG,2.81,2.81,156.592041015625,xgboost_feat
Blueberry_SekoyaPop,WHOLESALE,NL-NH,2026-02-08,2026-02-08,Daily,,KG,2.81,2.81,138.43141174316406,xgboost_feat
Blueberry_SekoyaPop,WHOLESALE,NL-NH,2026-02-09,2026-02-09,Daily,,KG,2.81,2.81,151.14492797851562,xgboost_feat
Blueberry_SekoyaPop,WHOLESALE,NL-NH,2026-02-10,2026-02-10,Daily,,KG,2.81,2.81,158.8506317138672,xgboost_feat
Blueberry_SekoyaPop,WHOLESALE,NL-NH,2026-02-11,2026-02-11,Daily,,KG,2.81,2.81,128.81275939941406,xgboost_feat
Blueberry_SekoyaPop,WHOLESALE,NL-NH,2026-02-12,2026-02-12,Daily,,KG,2.81,2.81,143.2545928955078,xgboost_feat
Blueberry_SekoyaPop,WHOLESALE,NL-NH,2026-02-13,2026-02-13,Daily,,KG,2.81,2.81,148.27682495117188,xgboost_feat
Blueberry_SekoyaPop,WHOLESALE,NL-NH,2026-02-14,2026-02-14,Daily,,KG,2.81,2.81,135.85379028320312,xgboost_feat
Blueberry_SekoyaPop,WHOLESALE,NL-NH,2026-02-15,2026-02-15,Daily,,KG,2.81,2.81,138.89479064941406,xgboost_feat
Blueberry_SekoyaPop,WHOLESALE,NL-NH,2026-02-16,2026-02-16,Daily,,KG,2.81,2.81,164.96231079101562,xgboost_feat
Blueberry_SekoyaPop,WHOLESALE,NL-NH,2026-02-17,2026-02-17,Daily,,KG,2.81,2.81,181.98748779296875,xgboost_feat
Blueberry_SekoyaPop,WHOLESALE,NL-NH,2026-02-18,2026-02-18,Daily,,KG,2.81,2.81,125.83081817626953,xgboost_feat
Blueberry_SekoyaPop,WHOLESALE,NL-NH,2026-02-19,2026-02-19,Daily,,KG,2.81,2.81,150.8355712890625,xgboost_feat
Blueberry_SekoyaPop,WHOLESALE,NL-NH,2026-02-20,2026-02-20,Daily,,KG,2.81,2.81,174.41197204589844,xgboost_feat
Blueberry_SekoyaPop,WHOLESALE,NL-NH,2026-02-21,2026-02-21,Daily,,KG,2.81,2.81,144.32015991210938,xgboost_feat
Blueberry_SekoyaPop,WHOLESALE,NL-NH,2026-02-22,2026-02-22,Daily,,KG,2.81,2.81,128.5425567626953,xgboost_feat
Blueberry_SekoyaPop,WHOLESALE,NL-NH,2026-02-23,2026-02-23,Daily,,KG,2.81,2.81,157.5261688232422,xgboost_feat
Blueberry_SekoyaPop,WHOLESALE,NL-NH,2026-02-24,2026-02-24,Daily,,KG,2.81,2.81,144.25283813476562,xgboost_feat
Blueberry_SekoyaPop,WHOLESALE,NL-NH,2026-02-25,2026-02-25,Daily,,KG,2.81,2.81,179.8280487060547,xgboost_feat
Blueberry_SekoyaPop,WHOLESALE,NL-NH,2026-02-26,2026-02-26,Daily,,KG,2.81,2.81,169.9158172607422,xgboost_feat
Blueberry_SekoyaPop,WHOLESALE,NL-NH,2026-02-27,2026-02-27,Daily,,KG,2.81,2.81,180.76751708984375,xgboost_feat
Blueberry_SekoyaPop,WHOLESALE,NL-NH,2026-02-28,2026-02-28,Daily,,KG,2.81,2.81,156.41160583496094,xgboost_feat
Blueberry_SekoyaPop,WHOLESALE,NL-NH,2026-03-01,2026-03-01,Daily,,KG,2.81,2.81,144.12606811523438,xgboost_feat
Blueberry_SekoyaPop,WHOLESALE,NL-ZH,2026-02-02,2026-02-02,Daily,,KG,3.056,3.056,170.74160766601562,xgboost_feat
Blueberry_SekoyaPop,WHOLESALE,NL-ZH,2026-02-03,2026-02-03,Daily,,KG,3.056,3.056,169.32278442382812,xgboost_feat
Blueberry_SekoyaPop,WHOLESALE,NL-ZH,2026-02-04,2026-02-04,Daily,,KG,3.056,3.056,167.6770477294922,xgboost_feat
Blueberry_SekoyaPop,WHOLESALE,NL-ZH,2026-02-05,2026-02-05,Daily,,KG,3.056,3.056,187.27923583984375,xgboost_feat
Blueberry_SekoyaPop,WHOLESALE,NL-ZH,2026-02-06,2026-02-06,Daily,,KG,3.056,3.056,165.04269409179688,xgboost_feat
Blueberry_SekoyaPop,WHOLESALE,NL-ZH,2026-02-07,2026-02-07,Daily,,KG,3.056,3.056,140.85305786132812,xgboost_feat
Blueberry_SekoyaPop,WHOLESALE,NL-ZH,2026-02-08,2026-02-08,Daily,,KG,3.056,3.056,133.98989868164062,xgboost_feat
Blueberry_SekoyaPop,WHOLESALE,NL-ZH,2026-02-09,2026-02-09,Daily,,KG,3.056,3.056,154.8055419921875,xgboost_feat
Blueberry_SekoyaPop,WHOLESALE,NL-ZH,2026-02-10,2026-02-10,Daily,,KG,3.056,3.056,162.86439514160156,xgboost_feat
Blueberry_SekoyaPop,WHOLESALE,NL-ZH,2026-02-11,2026-02-11,Daily,,KG,3.056,3.056,138.1802215576172,xgboost_feat
Blueberry_SekoyaPop,WHOLESALE,NL-ZH,2026-02-12,2026-02-12,Daily,,KG,3.056,3.056,160.248291015625,xgboost_feat
Blueberry_SekoyaPop,WHOLESALE,NL-ZH,2026-02-13,2026-02-13,Daily,,KG,3.056,3.056,167.17202758789062,xgboost_feat
Blueberry_SekoyaPop,WHOLESALE,NL-ZH,2026-02-14,2026-02-14,Daily,,KG,3.056,3.056,137.5703125,xgboost_feat
Blueberry_SekoyaPop,WHOLESALE,NL-ZH,2026-02-15,2026-02-15,Daily,,KG,3.056,3.056,137.97805786132812,xgboost_feat
Blueberry_SekoyaPop,WHOLESALE,NL-ZH,2026-02-16,2026-02-16,Daily,,KG,3.056,3.056,165.3360137939453,xgboost_feat
Blueberry_SekoyaPop,WHOLESALE,NL-ZH,2026-02-17,2026-02-17,Daily,,KG,3.056,3.056,181.400634765625,xgboost_feat
Blueberry_SekoyaPop,WHOLESALE,NL-ZH,2026-02-18,2026-02-18,Daily,,KG,3.056,3.056,135.89430236816406,xgboost_feat
Blueberry_SekoyaPop,WHOLESALE,NL-ZH,2026-02-19,2026-02-19,Daily,,KG,3.056,3.056,160.45350646972656,xgboost_feat
Blueberry_SekoyaPop,WHOLESALE,NL-ZH,2026-02-20,2026-02-20,Daily,,KG,3.056,3.056,172.59774780273438,xgboost_feat
Blueberry_SekoyaPop,WHOLESALE,NL-ZH,2026-02-21,2026-02-21,Daily,,KG,3.056,3.056,143.08656311035156,xgboost_feat
Blueberry_SekoyaPop,WHOLESALE,NL-ZH,2026-02-22,2026-02-22,Daily,,KG,3.056,3.056,122.79441833496094,xgboost_feat
Blueberry_SekoyaPop,WHOLESALE,NL-ZH,2026-02-23,2026-02-23,Daily,,KG,3.056,3.056,156.8644561767578,xgboost_feat
Blueberry_SekoyaPop,WHOLESALE,NL-ZH,2026-02-24,2026-02-24,Daily,,KG,3.056,3.056,156.4941864013672,xgboost_feat
Blueberry_SekoyaPop,WHOLESALE,NL-ZH,2026-02-25,2026-02-25,Daily,,KG,3.056,3.056,180.95016479492188,xgboost_feat
Blueberry_SekoyaPop,WHOLESALE,NL-ZH,2026-02-26,2026-02-26,Daily,,KG,3.056,3.056,148.6913299560547,xgboost_feat
Blueberry_SekoyaPop,WHOLESALE,NL-ZH,2026-02-27,2026-02-27,Daily,,KG,3.056,3.056,179.4999237060547,xgboost_feat
Blueberry_SekoyaPop,WHOLESALE,NL-ZH,2026-02-28,2026-02-28,Daily,,KG,3.056,3.056,158.908203125,xgboost_feat
Blueberry_SekoyaPop,WHOLESALE,NL-ZH,2026-03-01,2026-03-01,Daily,,KG,3.056,3.056,147.95631408691406,xgboost_feat
Blueberry_Ventura,ONLINE,NL-GE,2026-02-02,2026-02-02,Daily,,KG,2.717,2.717,153.0579071044922,xgboost_feat
Blueberry_Ventura,ONLINE,NL-GE,2026-02-03,2026-02-03,Daily,,KG,2.717,2.717,159.60910034179688,xgboost_feat
Blueberry_Ventura,ONLINE,NL-GE,2026-02-04,2026-02-04,Daily,,KG,2.717,2.717,152.0105743408203,xgboost_feat
Blueberry_Ventura,ONLINE,NL-GE,2026-02-05,2026-02-05,Daily,,KG,2.717,2.717,159.5215301513672,xgboost_feat
Blueberry_Ventura,ONLINE,NL-GE,2026-02-06,2026-02-06,Daily,,KG,2.717,2.717,153.83291625976562,xgboost_feat
Blueberry_Ventura,ONLINE,NL-GE,2026-02-07,2026-02-07,Daily,,KG,2.717,2.717,124.61567687988281,xgboost_feat
Blueberry_Ventura,ONLINE,NL-GE,2026-02-08,2026-02-08,Daily,,KG,2.717,2.717,116.14775848388672,xgboost_feat
Blueberry_Ventura,ONLINE,NL-GE,2026-02-09,2026-02-09,Daily,,KG,2.717,2.717,139.44287109375,xgboost_feat
Blueberry_Ventura,ONLINE,NL-GE,2026-02-10,2026-02-10,Daily,,KG,2.717,2.717,141.08694458007812,xgboost_feat
Blueberry_Ventura,ONLINE,NL-GE,2026-02-11,2026-02-11,Daily,,KG,2.717,2.717,133.07054138183594,xgboost_feat
Blueberry_Ventura,ONLINE,NL-GE,2026-02-12,2026-02-12,Daily,,KG,2.717,2.717,152.09620666503906,xgboost_feat
Blueberry_Ventura,ONLINE,NL-GE,2026-02-13,2026-02-13,Daily,,KG,2.717,2.717,169.28475952148438,xgboost_feat
Blueberry_Ventura,ONLINE,NL-GE,2026-02-14,2026-02-14,Daily,,KG,2.717,2.717,150.3304443359375,xgboost_feat
Blueberry_Ventura,ONLINE,NL-GE,2026-02-15,2026-02-15,Daily,,KG,2.717,2.717,144.63214111328125,xgboost_feat
Blueberry_Ventura,ONLINE,NL-GE,2026-02-16,2026-02-16,Daily,,KG,2.717,2.717,161.16140747070312,xgboost_feat
Blueberry_Ventura,ONLINE,NL-GE,2026-02-17,2026-02-17,Daily,,KG,2.717,2.717,162.07302856445312,xgboost_feat
Blueberry_Ventura,ONLINE,NL-GE,2026-02-18,2026-02-18,Daily,,KG,2.717,2.717,124.01835632324219,xgboost_feat
Blueberry_Ventura,ONLINE,NL-GE,2026-02-19,2026-02-19,Daily,,KG,2.717,2.717,150.2427215576172,xgboost_feat
Blueberry_Ventura,ONLINE,NL-GE,2026-02-20,2026-02-20,Daily,,KG,2.717,2.717,160.022216796875,xgboost_feat
Blueberry_Ventura,ONLINE,NL-GE,2026-02-21,2026-02-21,Daily,,KG,2.717,2.717,135.53883361816406,xgboost_feat
Blueberry_Ventura,ONLINE,NL-GE,2026-02-22,2026-02-22,Daily,,KG,2.717,2.717,117.8654556274414,xgboost_feat
Blueberry_Ventura,ONLINE,NL-GE,2026-02-23,2026-02-23,Daily,,KG,2.717,2.717,150.82325744628906,xgboost_feat
Blueberry_Ventura,ONLINE,NL-GE,2026-02-24,2026-02-24,Daily,,KG,2.717,2.717,153.438232421875,xgboost_feat
Blueberry_Ventura,ONLINE,NL-GE,2026-02-25,2026-02-25,Daily,,KG,2.717,2.717,154.3568115234375,xgboost_feat
Blueberry_Ventura,ONLINE,NL-GE,2026-02-26,2026-02-26,Daily,,KG,2.717,2.717,135.09609985351562,xgboost_feat
Blueberry_Ventura,ONLINE,NL-GE,2026-02-27,2026-02-27,Daily,,KG,2.717,2.717,146.4071502685547,xgboost_feat
Blueberry_Ventura,ONLINE,NL-GE,2026-02-28,2026-02-28,Daily,,KG,2.717,2.717,144.05227661132812,xgboost_feat
Blueberry_Ventura,ONLINE,NL-GE,2026-03-01,2026-03-01,Daily,,KG,2.717,2.717,132.70114135742188,xgboost_feat
Blueberry_Ventura,ONLINE,NL-NB,2026-02-02,2026-02-02,Daily,,KG,2.901,2.901,161.26449584960938,xgboost_feat
Blueberry_Ventura,ONLINE,NL-NB,2026-02-03,2026-02-03,Daily,,KG,2.901,2.901,166.24586486816406,xgboost_feat
Blueberry_Ventura,ONLINE,NL-NB,2026-02-04,2026-02-04,Daily,,KG,2.901,2.901,155.89259338378906,xgboost_feat
Blueberry_Ventura,ONLINE,NL-NB,2026-02-05,2026-02-05,Daily,,KG,2.901,2.901,173.0189208984375,xgboost_feat
Blueberry_Ventura,ONLINE,NL-NB,2026-02-06,2026-02-06,Daily,,KG,2.901,2.901,165.18228149414062,xgboost_feat
Blueberry_Ventura,ONLINE,NL-NB,2026-02-07,2026-02-07,Daily,,KG,2.901,2.901,121.65886688232422,xgboost_feat
Blueberry_Ventura,ONLINE,NL-NB,2026-02-08,2026-02-08,Daily,,KG,2.901,2.901,129.86642456054688,xgboost_feat
Blueberry_Ventura,ONLINE,NL-NB,2026-02-09,2026-02-09,Daily,,KG,2.901,2.901,157.2310791015625,xgboost_feat
Blueberry_Ventura,ONLINE,NL-NB,2026-02-10,2026-02-10,Daily,,KG,2.901,2.901,158.14364624023438,xgboost_feat
Blueberry_Ventura,ONLINE,NL-NB,2026-02-11,2026-02-11,Daily,,KG,2.901,2.901,158.21852111816406,xgboost_feat
Blueberry_Ventura,ONLINE,NL-NB,2026-02-12,2026-02-12,Daily,,KG,2.901,2.901,167.10247802734375,xgboost_feat
Blueberry_Ventura,ONLINE,NL-NB,2026-02-13,2026-02-13,Daily,,KG,2.901,2.901,167.6053009033203,xgboost_feat
Blueberry_Ventura,ONLINE,NL-NB,2026-02-14,2026-02-14,Daily,,KG,2.901,2.901,144.04739379882812,xgboost_feat
Blueberry_Ventura,ONLINE,NL-NB,2026-02-15,2026-02-15,Daily,,KG,2.901,2.901,166.16603088378906,xgboost_feat
Blueberry_Ventura,ONLINE,NL-NB,2026-02-16,2026-02-16,Daily,,KG,2.901,2.901,169.58578491210938,xgboost_feat
Blueberry_Ventura,ONLINE,NL-NB,2026-02-17,2026-02-17,Daily,,KG,2.901,2.901,180.1793975830078,xgboost_feat
Blueberry_Ventura,ONLINE,NL-NB,2026-02-18,2026-02-18,Daily,,KG,2.901,2.901,146.55787658691406,xgboost_feat
Blueberry_Ventura,ONLINE,NL-NB,2026-02-19,2026-02-19,Daily,,KG,2.901,2.901,167.43658447265625,xgboost_feat
Blueberry_Ventura,ONLINE,NL-NB,2026-02-20,2026-02-20,Daily,,KG,2.901,2.901,176.27810668945312,xgboost_feat
Blueberry_Ventura,ONLINE,NL-NB,2026-02-21,2026-02-21,Daily,,KG,2.901,2.901,150.78085327148438,xgboost_feat
Blueberry_Ventura,ONLINE,NL-NB,2026-02-22,2026-02-22,Daily,,KG,2.901,2.901,154.5732421875,xgboost_feat
Blueberry_Ventura,ONLINE,NL-NB,2026-02-23,2026-02-23,Daily,,KG,2.901,2.901,170.342041015625,xgboost_feat
Blueberry_Ventura,ONLINE,NL-NB,2026-02-24,2026-02-24,Daily,,KG,2.901,2.901,175.40887451171875,xgboost_feat
Blueberry_Ventura,ONLINE,NL-NB,2026-02-25,2026-02-25,Daily,,KG,2.901,2.901,166.56346130371094,xgboost_feat
Blueberry_Ventura,ONLINE,NL-NB,2026-02-26,2026-02-26,Daily,,KG,2.901,2.901,132.18540954589844,xgboost_feat
Blueberry_Ventura,ONLINE,NL-NB,2026-02-27,2026-02-27,Daily,,KG,2.901,2.901,164.54066467285156,xgboost_feat
Blueberry_Ventura,ONLINE,NL-NB,2026-02-28,2026-02-28,Daily,,KG,2.901,2.901,156.1714630126953,xgboost_feat
Blueberry_Ventura,ONLINE,NL-NB,2026-03-01,2026-03-01,Daily,,KG,2.901,2.901,151.01052856445312,xgboost_feat
Blueberry_Ventura,ONLINE,NL-NH,2026-02-02,2026-02-02,Daily,,KG,2.962,2.962,166.74102783203125,xgboost_feat
Blueberry_Ventura,ONLINE,NL-NH,2026-02-03,2026-02-03,Daily,,KG,2.962,2.962,159.6914520263672,xgboost_feat
Blueberry_Ventura,ONLINE,NL-NH,2026-02-04,2026-02-04,Daily,,KG,2.962,2.962,154.56060791015625,xgboost_feat
Blueberry_Ventura,ONLINE,NL-NH,2026-02-05,2026-02-05,Daily,,KG,2.962,2.962,179.11148071289062,xgboost_feat
Blueberry_Ventura,ONLINE,NL-NH,2026-02-06,2026-02-06,Daily,,KG,2.962,2.962,145.24374389648438,xgboost_feat
Blueberry_Ventura,ONLINE,NL-NH,2026-02-07,2026-02-07,Daily,,KG,2.962,2.962,161.07801818847656,xgboost_feat
Blueberry_Ventura,ONLINE,NL-NH,2026-02-08,2026-02-08,Daily,,KG,2.962,2.962,132.448486328125,xgboost_feat
Blueberry_Ventura,ONLINE,NL-NH,2026-02-09,2026-02-09,Daily,,KG,2.962,2.962,161.53933715820312,xgboost_feat
Blueberry_Ventura,ONLINE,NL-NH,2026-02-10,2026-02-10,Daily,,KG,2.962,2.962,165.8789520263672,xgboost_feat
Blueberry_Ventura,ONLINE,NL-NH,2026-02-11,2026-02-11,Daily,,KG,2.962,2.962,129.88876342773438,xgboost_feat
Blueberry_Ventura,ONLINE,NL-NH,2026-02-12,2026-02-12,Daily,,KG,2.962,2.962,148.63641357421875,xgboost_feat
Blueberry_Ventura,ONLINE,NL-NH,2026-02-13,2026-02-13,Daily,,KG,2.962,2.962,162.4188690185547,xgboost_feat
Blueberry_Ventura,ONLINE,NL-NH,2026-02-14,2026-02-14,Daily,,KG,2.962,2.962,135.62606811523438,xgboost_feat
Blueberry_Ventura,ONLINE,NL-NH,2026-02-15,2026-02-15,Daily,,KG,2.962,2.962,151.58941650390625,xgboost_feat
Blueberry_Ventura,ONLINE,NL-NH,2026-02-16,2026-02-16,Daily,,KG,2.962,2.962,171.21971130371094,xgboost_feat
Blueberry_Ventura,ONLINE,NL-NH,2026-02-17,2026-02-17,Daily,,KG,2.962,2.962,180.08006286621094,xgboost_feat
Blueberry_Ventura,ONLINE,NL-NH,2026-02-18,2026-02-18,Daily,,KG,2.962,2.962,127.58982849121094,xgboost_feat
Blueberry_Ventura,ONLINE,NL-NH,2026-02-19,2026-02-19,Daily,,KG,2.962,2.962,151.220703125,xgboost_feat
Blueberry_Ventura,ONLINE,NL-NH,2026-02-20,2026-02-20,Daily,,KG,2.962,2.962,176.77203369140625,xgboost_feat
Blueberry_Ventura,ONLINE,NL-NH,2026-02-21,2026-02-21,Daily,,KG,2.962,2.962,149.4135284423828,xgboost_feat
Blueberry_Ventura,ONLINE,NL-NH,2026-02-22,2026-02-22,Daily,,KG,2.962,2.962,126.14640808105469,xgboost_feat
Blueberry_Ventura,ONLINE,NL-NH,2026-02-23,2026-02-23,Daily,,KG,2.962,2.962,159.75238037109375,xgboost_feat
Blueberry_Ventura,ONLINE,NL-NH,2026-02-24,2026-02-24,Daily,,KG,2.962,2.962,142.57408142089844,xgboost_feat
Blueberry_Ventura,ONLINE,NL-NH,2026-02-25,2026-02-25,Daily,,KG,2.962,2.962,174.76382446289062,xgboost_feat
Blueberry_Ventura,ONLINE,NL-NH,2026-02-26,2026-02-26,Daily,,KG,2.962,2.962,167.19924926757812,xgboost_feat
Blueberry_Ventura,ONLINE,NL-NH,2026-02-27,2026-02-27,Daily,,KG,2.962,2.962,166.07626342773438,xgboost_feat
Blueberry_Ventura,ONLINE,NL-NH,2026-02-28,2026-02-28,Daily,,KG,2.962,2.962,158.32363891601562,xgboost_feat
Blueberry_Ventura,ONLINE,NL-NH,2026-03-01,2026-03-01,Daily,,KG,2.962,2.962,142.54673767089844,xgboost_feat
Blueberry_Ventura,ONLINE,NL-ZH,2026-02-02,2026-02-02,Daily,,KG,3.036,3.036,165.39239501953125,xgboost_feat
Blueberry_Ventura,ONLINE,NL-ZH,2026-02-03,2026-02-03,Daily,,KG,3.036,3.036,168.43795776367188,xgboost_feat
Blueberry_Ventura,ONLINE,NL-ZH,2026-02-04,2026-02-04,Daily,,KG,3.036,3.036,163.2876434326172,xgboost_feat
Blueberry_Ventura,ONLINE,NL-ZH,2026-02-05,2026-02-05,Daily,,KG,3.036,3.036,173.16433715820312,xgboost_feat
Blueberry_Ventura,ONLINE,NL-ZH,2026-02-06,2026-02-06,Daily,,KG,3.036,3.036,158.69256591796875,xgboost_feat
Blueberry_Ventura,ONLINE,NL-ZH,2026-02-07,2026-02-07,Daily,,KG,3.036,3.036,129.85601806640625,xgboost_feat
Blueberry_Ventura,ONLINE,NL-ZH,2026-02-08,2026-02-08,Daily,,KG,3.036,3.036,123.91985321044922,xgboost_feat
Blueberry_Ventura,ONLINE,NL-ZH,2026-02-09,2026-02-09,Daily,,KG,3.036,3.036,157.4776611328125,xgboost_feat
Blueberry_Ventura,ONLINE,NL-ZH,2026-02-10,2026-02-10,Daily,,KG,3.036,3.036,170.02496337890625,xgboost_feat
Blueberry_Ventura,ONLINE,NL-ZH,2026-02-11,2026-02-11,Daily,,KG,3.036,3.036,137.5731964111328,xgboost_feat
Blueberry_Ventura,ONLINE,NL-ZH,2026-02-12,2026-02-12,Daily,,KG,3.036,3.036,172.4776153564453,xgboost_feat
Blueberry_Ventura,ONLINE,NL-ZH,2026-02-13,2026-02-13,Daily,,KG,3.036,3.036,172.1458740234375,xgboost_feat
Blueberry_Ventura,ONLINE,NL-ZH,2026-02-14,2026-02-14,Daily,,KG,3.036,3.036,141.1544647216797,xgboost_feat
Blueberry_Ventura,ONLINE,NL-ZH,2026-02-15,2026-02-15,Daily,,KG,3.036,3.036,149.31690979003906,xgboost_feat
Blueberry_Ventura,ONLINE,NL-ZH,2026-02-16,2026-02-16,Daily,,KG,3.036,3.036,169.2335205078125,xgboost_feat
Blueberry_Ventura,ONLINE,NL-ZH,2026-02-17,2026-02-17,Daily,,KG,3.036,3.036,178.4524383544922,xgboost_feat
Blueberry_Ventura,ONLINE,NL-ZH,2026-02-18,2026-02-18,Daily,,KG,3.036,3.036,138.99407958984375,xgboost_feat
Blueberry_Ventura,ONLINE,NL-ZH,2026-02-19,2026-02-19,Daily,,KG,3.036,3.036,168.96678161621094,xgboost_feat
Blueberry_Ventura,ONLINE,NL-ZH,2026-02-20,2026-02-20,Daily,,KG,3.036,3.036,175.6349639892578,xgboost_feat
Blueberry_Ventura,ONLINE,NL-ZH,2026-02-21,2026-02-21,Daily,,KG,3.036,3.036,147.382568359375,xgboost_feat
Blueberry_Ventura,ONLINE,NL-ZH,2026-02-22,2026-02-22,Daily,,KG,3.036,3.036,116.86902618408203,xgboost_feat
Blueberry_Ventura,ONLINE,NL-ZH,2026-02-23,2026-02-23,Daily,,KG,3.036,3.036,162.1220245361328,xgboost_feat
Blueberry_Ventura,ONLINE,NL-ZH,2026-02-24,2026-02-24,Daily,,KG,3.036,3.036,160.17428588867188,xgboost_feat
Blueberry_Ventura,ONLINE,NL-ZH,2026-02-25,2026-02-25,Daily,,KG,3.036,3.036,177.44369506835938,xgboost_feat
Blueberry_Ventura,ONLINE,NL-ZH,2026-02-26,2026-02-26,Daily,,KG,3.036,3.036,145.1257781982422,xgboost_feat
Blueberry_Ventura,ONLINE,NL-ZH,2026-02-27,2026-02-27,Daily,,KG,3.036,3.036,168.91656494140625,xgboost_feat
Blueberry_Ventura,ONLINE,NL-ZH,2026-02-28,2026-02-28,Daily,,KG,3.036,3.036,158.33029174804688,xgboost_feat
Blueberry_Ventura,ONLINE,NL-ZH,2026-03-01,2026-03-01,Daily,,KG,3.036,3.036,146.88316345214844,xgboost_feat
Blueberry_Ventura,RETAIL,NL-GE,2026-02-02,2026-02-02,Daily,,KG,2.835,2.835,161.20370483398438,xgboost_feat
Blueberry_Ventura,RETAIL,NL-GE,2026-02-03,2026-02-03,Daily,,KG,2.835,2.835,172.51771545410156,xgboost_feat
Blueberry_Ventura,RETAIL,NL-GE,2026-02-04,2026-02-04,Daily,,KG,2.835,2.835,159.17987060546875,xgboost_feat
Blueberry_Ventura,RETAIL,NL-GE,2026-02-05,2026-02-05,Daily,,KG,2.835,2.835,169.96475219726562,xgboost_feat
Blueberry_Ventura,RETAIL,NL-GE,2026-02-06,2026-02-06,Daily,,KG,2.835,2.835,160.45118713378906,xgboost_feat
Blueberry_Ventura,RETAIL,NL-GE,2026-02-07,2026-02-07,Daily,,KG,2.835,2.835,142.15492248535156,xgboost_feat
Blueberry_Ventura,RETAIL,NL-GE,2026-02-08,2026-02-08,Daily,,KG,2.835,2.835,138.33656311035156,xgboost_feat
Blueberry_Ventura,RETAIL,NL-GE,2026-02-09,2026-02-09,Daily,,KG,2.835,2.835,151.36813354492188,xgboost_feat
Blueberry_Ventura,RETAIL,NL-GE,2026-02-10,2026-02-10,Daily,,KG,2.835,2.835,148.75709533691406,xgboost_feat
Blueberry_Ventura,RETAIL,NL-GE,2026-02-11,2026-02-11,Daily,,KG,2.835,2.835,133.04913330078125,xgboost_feat
Blueberry_Ventura,RETAIL,NL-GE,2026-02-12,2026-02-12,Daily,,KG,2.835,2.835,156.40809631347656,xgboost_feat
Blueberry_Ventura,RETAIL,NL-GE,2026-02-13,2026-02-13,Daily,,KG,2.835,2.835,170.34933471679688,xgboost_feat
Blueberry_Ventura,RETAIL,NL-GE,2026-02-14,2026-02-14,Daily,,KG,2.835,2.835,143.880126953125,xgboost_feat
Blueberry_Ventura,RETAIL,NL-GE,2026-02-15,2026-02-15,Daily,,KG,2.835,2.835,143.81951904296875,xgboost_feat
Blueberry_Ventura,RETAIL,NL-GE,2026-02-16,2026-02-16,Daily,,KG,2.835,2.835,168.47247314453125,xgboost_feat
Blueberry_Ventura,RETAIL,NL-GE,2026-02-17,2026-02-17,Daily,,KG,2.835,2.835,170.3759002685547,xgboost_feat
Blueberry_Ventura,RETAIL,NL-GE,2026-02-18,2026-02-18,Daily,,KG,2.835,2.835,128.47732543945312,xgboost_feat
Blueberry_Ventura,RETAIL,NL-GE,2026-02-19,2026-02-19,Daily,,KG,2.835,2.835,154.6786651611328,xgboost_feat
Blueberry_Ventura,RETAIL,NL-GE,2026-02-20,2026-02-20,Daily,,KG,2.835,2.835,166.7925567626953,xgboost_feat
Blueberry_Ventura,RETAIL,NL-GE,2026-02-21,2026-02-21,Daily,,KG,2.835,2.835,141.00852966308594,xgboost_feat
Blueberry_Ventura,RETAIL,NL-GE,2026-02-22,2026-02-22,Daily,,KG,2.835,2.835,134.65960693359375,xgboost_feat
Blueberry_Ventura,RETAIL,NL-GE,2026-02-23,2026-02-23,Daily,,KG,2.835,2.835,158.78768920898438,xgboost_feat
Blueberry_Ventura,RETAIL,NL-GE,2026-02-24,2026-02-24,Daily,,KG,2.835,2.835,156.00784301757812,xgboost_feat
Blueberry_Ventura,RETAIL,NL-GE,2026-02-25,2026-02-25,Daily,,KG,2.835,2.835,166.7296142578125,xgboost_feat
Blueberry_Ventura,RETAIL,NL-GE,2026-02-26,2026-02-26,Daily,,KG,2.835,2.835,145.263916015625,xgboost_feat
Blueberry_Ventura,RETAIL,NL-GE,2026-02-27,2026-02-27,Daily,,KG,2.835,2.835,164.083251953125,xgboost_feat
Blueberry_Ventura,RETAIL,NL-GE,2026-02-28,2026-02-28,Daily,,KG,2.835,2.835,165.4849853515625,xgboost_feat
Blueberry_Ventura,RETAIL,NL-GE,2026-03-01,2026-03-01,Daily,,KG,2.835,2.835,144.80892944335938,xgboost_feat
Blueberry_Ventura,RETAIL,NL-NB,2026-02-02,2026-02-02,Daily,,KG,2.725,2.725,162.19529724121094,xgboost_feat
Blueberry_Ventura,RETAIL,NL-NB,2026-02-03,2026-02-03,Daily,,KG,2.725,2.725,165.88539123535156,xgboost_feat
Blueberry_Ventura,RETAIL,NL-NB,2026-02-04,2026-02-04,Daily,,KG,2.725,2.725,155.14271545410156,xgboost_feat
Blueberry_Ventura,RETAIL,NL-NB,2026-02-05,2026-02-05,Daily,,KG,2.725,2.725,174.06585693359375,xgboost_feat
Blueberry_Ventura,RETAIL,NL-NB,2026-02-06,2026-02-06,Daily,,KG,2.725,2.725,163.7803497314453,xgboost_feat
Blueberry_Ventura,RETAIL,NL-NB,2026-02-07,2026-02-07,Daily,,KG,2.725,2.725,135.66868591308594,xgboost_feat
Blueberry_Ventura,RETAIL,NL-NB,2026-02-08,2026-02-08,Daily,,KG,2.725,2.725,134.702392578125,xgboost_feat
Blueberry_Ventura,RETAIL,NL-NB,2026-02-09,2026-02-09,Daily,,KG,2.725,2.725,147.86334228515625,xgboost_feat
Blueberry_Ventura,RETAIL,NL-NB,2026-02-10,2026-02-10,Daily,,KG,2.725,2.725,145.9853515625,xgboost_feat
Blueberry_Ventura,RETAIL,NL-NB,2026-02-11,2026-02-11,Daily,,KG,2.725,2.725,147.447021484375,xgboost_feat
Blueberry_Ventura,RETAIL,NL-NB,2026-02-12,2026-02-12,Daily,,KG,2.725,2.725,154.52781677246094,xgboost_feat
Blueberry_Ventura,RETAIL,NL-NB,2026-02-13,2026-02-13,Daily,,KG,2.725,2.725,154.5293731689453,xgboost_feat
Blueberry_Ventura,RETAIL,NL-NB,2026-02-14,2026-02-14,Daily,,KG,2.725,2.725,139.1365203857422,xgboost_feat
Blueberry_Ventura,RETAIL,NL-NB,2026-02-15,2026-02-15,Daily,,KG,2.725,2.725,143.76986694335938,xgboost_feat
Blueberry_Ventura,RETAIL,NL-NB,2026-02-16,2026-02-16,Daily,,KG,2.725,2.725,156.29110717773438,xgboost_feat
Blueberry_Ventura,RETAIL,NL-NB,2026-02-17,2026-02-17,Daily,,KG,2.725,2.725,172.316162109375,xgboost_feat
Blueberry_Ventura,RETAIL,NL-NB,2026-02-18,2026-02-18,Daily,,KG,2.725,2.725,138.5904541015625,xgboost_feat
Blueberry_Ventura,RETAIL,NL-NB,2026-02-19,2026-02-19,Daily,,KG,2.725,2.725,154.96554565429688,xgboost_feat
Blueberry_Ventura,RETAIL,NL-NB,2026-02-20,2026-02-20,Daily,,KG,2.725,2.725,164.87030029296875,xgboost_feat
Blueberry_Ventura,RETAIL,NL-NB,2026-02-21,2026-02-21,Daily,,KG,2.725,2.725,137.02044677734375,xgboost_feat
Blueberry_Ventura,RETAIL,NL-NB,2026-02-22,2026-02-22,Daily,,KG,2.725,2.725,133.95089721679688,xgboost_feat
Blueberry_Ventura,RETAIL,NL-NB,2026-02-23,2026-02-23,Daily,,KG,2.725,2.725,156.40042114257812,xgboost_feat
Blueberry_Ventura,RETAIL,NL-NB,2026-02-24,2026-02-24,Daily,,KG,2.725,2.725,159.938720703125,xgboost_feat
Blueberry_Ventura,RETAIL,NL-NB,2026-02-25,2026-02-25,Daily,,KG,2.725,2.725,161.03053283691406,xgboost_feat
Blueberry_Ventura,RETAIL,NL-NB,2026-02-26,2026-02-26,Daily,,KG,2.725,2.725,129.35243225097656,xgboost_feat
Blueberry_Ventura,RETAIL,NL-NB,2026-02-27,2026-02-27,Daily,,KG,2.725,2.725,162.2715301513672,xgboost_feat
Blueberry_Ventura,RETAIL,NL-NB,2026-02-28,2026-02-28,Daily,,KG,2.725,2.725,154.8093719482422,xgboost_feat
Blueberry_Ventura,RETAIL,NL-NB,2026-03-01,2026-03-01,Daily,,KG,2.725,2.725,142.03228759765625,xgboost_feat
Blueberry_Ventura,RETAIL,NL-NH,2026-02-02,2026-02-02,Daily,,KG,2.64,2.64,156.8262939453125,xgboost_feat
Blueberry_Ventura,RETAIL,NL-NH,2026-02-03,2026-02-03,Daily,,KG,2.64,2.64,158.24256896972656,xgboost_feat
Blueberry_Ventura,RETAIL,NL-NH,2026-02-04,2026-02-04,Daily,,KG,2.64,2.64,153.6256103515625,xgboost_feat
Blueberry_Ventura,RETAIL,NL-NH,2026-02-05,2026-02-05,Daily,,KG,2.64,2.64,183.22193908691406,xgboost_feat
Blueberry_Ventura,RETAIL,NL-NH,2026-02-06,2026-02-06,Daily,,KG,2.64,2.64,153.42564392089844,xgboost_feat
Blueberry_Ventura,RETAIL,NL-NH,2026-02-07,2026-02-07,Daily,,KG,2.64,2.64,151.49827575683594,xgboost_feat
Blueberry_Ventura,RETAIL,NL-NH,2026-02-08,2026-02-08,Daily,,KG,2.64,2.64,137.5535888671875,xgboost_feat
Blueberry_Ventura,RETAIL,NL-NH,2026-02-09,2026-02-09,Daily,,KG,2.64,2.64,143.2410125732422,xgboost_feat
Blueberry_Ventura,RETAIL,NL-NH,2026-02-10,2026-02-10,Daily,,KG,2.64,2.64,145.90817260742188,xgboost_feat
Blueberry_Ventura,RETAIL,NL-NH,2026-02-11,2026-02-11,Daily,,KG,2.64,2.64,127.43276977539062,xgboost_feat
Blueberry_Ventura,RETAIL,NL-NH,2026-02-12,2026-02-12,Daily,,KG,2.64,2.64,136.9053497314453,xgboost_feat
Blueberry_Ventura,RETAIL,NL-NH,2026-02-13,2026-02-13,Daily,,KG,2.64,2.64,144.3704833984375,xgboost_feat
Blueberry_Ventura,RETAIL,NL-NH,2026-02-14,2026-02-14,Daily,,KG,2.64,2.64,132.31430053710938,xgboost_feat
Blueberry_Ventura,RETAIL,NL-NH,2026-02-15,2026-02-15,Daily,,KG,2.64,2.64,124.39459991455078,xgboost_feat
Blueberry_Ventura,RETAIL,NL-NH,2026-02-16,2026-02-16,Daily,,KG,2.64,2.64,154.76467895507812,xgboost_feat
Blueberry_Ventura,RETAIL,NL-NH,2026-02-17,2026-02-17,Daily,,KG,2.64,2.64,172.16827392578125,xgboost_feat
Blueberry_Ventura,RETAIL,NL-NH,2026-02-18,2026-02-18,Daily,,KG,2.64,2.64,123.27335357666016,xgboost_feat
Blueberry_Ventura,RETAIL,NL-NH,2026-02-19,2026-02-19,Daily,,KG,2.64,2.64,144.83949279785156,xgboost_feat
Blueberry_Ventura,RETAIL,NL-NH,2026-02-20,2026-02-20,Daily,,KG,2.64,2.64,167.9761199951172,xgboost_feat
Blueberry_Ventura,RETAIL,NL-NH,2026-02-21,2026-02-21,Daily,,KG,2.64,2.64,137.12179565429688,xgboost_feat
Blueberry_Ventura,RETAIL,NL-NH,2026-02-22,2026-02-22,Daily,,KG,2.64,2.64,116.0771255493164,xgboost_feat
Blueberry_Ventura,RETAIL,NL-NH,2026-02-23,2026-02-23,Daily,,KG,2.64,2.64,147.92564392089844,xgboost_feat
Blueberry_Ventura,RETAIL,NL-NH,2026-02-24,2026-02-24,Daily,,KG,2.64,2.64,136.7769317626953,xgboost_feat
Blueberry_Ventura,RETAIL,NL-NH,2026-02-25,2026-02-25,Daily,,KG,2.64,2.64,170.9861602783203,xgboost_feat
Blueberry_Ventura,RETAIL,NL-NH,2026-02-26,2026-02-26,Daily,,KG,2.64,2.64,157.98550415039062,xgboost_feat
Blueberry_Ventura,RETAIL,NL-NH,2026-02-27,2026-02-27,Daily,,KG,2.64,2.64,165.538818359375,xgboost_feat
Blueberry_Ventura,RETAIL,NL-NH,2026-02-28,2026-02-28,Daily,,KG,2.64,2.64,147.43475341796875,xgboost_feat
Blueberry_Ventura,RETAIL,NL-NH,2026-03-01,2026-03-01,Daily,,KG,2.64,2.64,130.658447265625,xgboost_feat
Blueberry_Ventura,RETAIL,NL-ZH,2026-02-02,2026-02-02,Daily,,KG,2.934,2.934,170.74160766601562,xgboost_feat
Blueberry_Ventura,RETAIL,NL-ZH,2026-02-03,2026-02-03,Daily,,KG,2.934,2.934,172.4738311767578,xgboost_feat
Blueberry_Ventura,RETAIL,NL-ZH,2026-02-04,2026-02-04,Daily,,KG,2.934,2.934,167.2666778564453,xgboost_feat
Blueberry_Ventura,RETAIL,NL-ZH,2026-02-05,2026-02-05,Daily,,KG,2.934,2.934,187.4536590576172,xgboost_feat
Blueberry_Ventura,RETAIL,NL-ZH,2026-02-06,2026-02-06,Daily,,KG,2.934,2.934,165.0243377685547,xgboost_feat
Blueberry_Ventura,RETAIL,NL-ZH,2026-02-07,2026-02-07,Daily,,KG,2.934,2.934,140.85305786132812,xgboost_feat
Blueberry_Ventura,RETAIL,NL-ZH,2026-02-08,2026-02-08,Daily,,KG,2.934,2.934,133.98989868164062,xgboost_feat
Blueberry_Ventura,RETAIL,NL-ZH,2026-02-09,2026-02-09,Daily,,KG,2.934,2.934,154.87091064453125,xgboost_feat
Blueberry_Ventura,RETAIL,NL-ZH,2026-02-10,2026-02-10,Daily,,KG,2.934,2.934,161.48764038085938,xgboost_feat
Blueberry_Ventura,RETAIL,NL-ZH,2026-02-11,2026-02-11,Daily,,KG,2.934,2.934,138.2399139404297,xgboost_feat
Blueberry_Ventura,RETAIL,NL-ZH,2026-02-12,2026-02-12,Daily,,KG,2.934,2.934,160.248291015625,xgboost_feat
Blueberry_Ventura,RETAIL,NL-ZH,2026-02-13,2026-02-13,Daily,,KG,2.934,2.934,166.91229248046875,xgboost_feat
Blueberry_Ventura,RETAIL,NL-ZH,2026-02-14,2026-02-14,Daily,,KG,2.934,2.934,137.56344604492188,xgboost_feat
Blueberry_Ventura,RETAIL,NL-ZH,2026-02-15,2026-02-15,Daily,,KG,2.934,2.934,137.13958740234375,xgboost_feat
Blueberry_Ventura,RETAIL,NL-ZH,2026-02-16,2026-02-16,Daily,,KG,2.934,2.934,165.48023986816406,xgboost_feat
Blueberry_Ventura,RETAIL,NL-ZH,2026-02-17,2026-02-17,Daily,,KG,2.934,2.934,183.0338897705078,xgboost_feat
Blueberry_Ventura,RETAIL,NL-ZH,2026-02-18,2026-02-18,Daily,,KG,2.934,2.934,136.3827667236328,xgboost_feat
Blueberry_Ventura,RETAIL,NL-ZH,2026-02-19,2026-02-19,Daily,,KG,2.934,2.934,160.47523498535156,xgboost_feat
Blueberry_Ventura,RETAIL,NL-ZH,2026-02-20,2026-02-20,Daily,,KG,2.934,2.934,172.0993194580078,xgboost_feat
Blueberry_Ventura,RETAIL,NL-ZH,2026-02-21,2026-02-21,Daily,,KG,2.934,2.934,142.38314819335938,xgboost_feat
Blueberry_Ventura,RETAIL,NL-ZH,2026-02-22,2026-02-22,Daily,,KG,2.934,2.934,122.93461608886719,xgboost_feat
Blueberry_Ventura,RETAIL,NL-ZH,2026-02-23,2026-02-23,Daily,,KG,2.934,2.934,155.96092224121094,xgboost_feat
Blueberry_Ventura,RETAIL,NL-ZH,2026-02-24,2026-02-24,Daily,,KG,2.934,2.934,157.71287536621094,xgboost_feat
Blueberry_Ventura,RETAIL,NL-ZH,2026-02-25,2026-02-25,Daily,,KG,2.934,2.934,182.7101593017578,xgboost_feat
Blueberry_Ventura,RETAIL,NL-ZH,2026-02-26,2026-02-26,Daily,,KG,2.934,2.934,148.95266723632812,xgboost_feat
Blueberry_Ventura,RETAIL,NL-ZH,2026-02-27,2026-02-27,Daily,,KG,2.934,2.934,176.7549285888672,xgboost_feat
Blueberry_Ventura,RETAIL,NL-ZH,2026-02-28,2026-02-28,Daily,,KG,2.934,2.934,157.08294677734375,xgboost_feat
Blueberry_Ventura,RETAIL,NL-ZH,2026-03-01,2026-03-01,Daily,,KG,2.934,2.934,149.49940490722656,xgboost_feat
Blueberry_Ventura,WHOLESALE,NL-GE,2026-02-02,2026-02-02,Daily,,KG,2.767,2.767,165.0395965576172,xgboost_feat
Blueberry_Ventura,WHOLESALE,NL-GE,2026-02-03,2026-02-03,Daily,,KG,2.767,2.767,174.74795532226562,xgboost_feat
Blueberry_Ventura,WHOLESALE,NL-GE,2026-02-04,2026-02-04,Daily,,KG,2.767,2.767,159.84371948242188,xgboost_feat
Blueberry_Ventura,WHOLESALE,NL-GE,2026-02-05,2026-02-05,Daily,,KG,2.767,2.767,172.54080200195312,xgboost_feat
Blueberry_Ventura,WHOLESALE,NL-GE,2026-02-06,2026-02-06,Daily,,KG,2.767,2.767,163.21034240722656,xgboost_feat
Blueberry_Ventura,WHOLESALE,NL-GE,2026-02-07,2026-02-07,Daily,,KG,2.767,2.767,144.2771759033203,xgboost_feat
Blueberry_Ventura,WHOLESALE,NL-GE,2026-02-08,2026-02-08,Daily,,KG,2.767,2.767,137.75865173339844,xgboost_feat
Blueberry_Ventura,WHOLESALE,NL-GE,2026-02-09,2026-02-09,Daily,,KG,2.767,2.767,151.62164306640625,xgboost_feat
Blueberry_Ventura,WHOLESALE,NL-GE,2026-02-10,2026-02-10,Daily,,KG,2.767,2.767,152.3158721923828,xgboost_feat
Blueberry_Ventura,WHOLESALE,NL-GE,2026-02-11,2026-02-11,Daily,,KG,2.767,2.767,133.7563018798828,xgboost_feat
Blueberry_Ventura,WHOLESALE,NL-GE,2026-02-12,2026-02-12,Daily,,KG,2.767,2.767,158.3109893798828,xgboost_feat
Blueberry_Ventura,WHOLESALE,NL-GE,2026-02-13,2026-02-13,Daily,,KG,2.767,2.767,172.7554473876953,xgboost_feat
Blueberry_Ventura,WHOLESALE,NL-GE,2026-02-14,2026-02-14,Daily,,KG,2.767,2.767,145.7664031982422,xgboost_feat
Blueberry_Ventura,WHOLESALE,NL-GE,2026-02-15,2026-02-15,Daily,,KG,2.767,2.767,147.8809814453125,xgboost_feat
Blueberry_Ventura,WHOLESALE,NL-GE,2026-02-16,2026-02-16,Daily,,KG,2.767,2.767,172.60479736328125,xgboost_feat
Blueberry_Ventura,WHOLESALE,NL-GE,2026-02-17,2026-02-17,Daily,,KG,2.767,2.767,169.22589111328125,xgboost_feat
Blueberry_Ventura,WHOLESALE,NL-GE,2026-02-18,2026-02-18,Daily,,KG,2.767,2.767,129.82748413085938,xgboost_feat
Blueberry_Ventura,WHOLESALE,NL-GE,2026-02-19,2026-02-19,Daily,,KG,2.767,2.767,156.51519775390625,xgboost_feat
Blueberry_Ventura,WHOLESALE,NL-GE,2026-02-20,2026-02-20,Daily,,KG,2.767,2.767,168.9664764404297,xgboost_feat
Blueberry_Ventura,WHOLESALE,NL-GE,2026-02-21,2026-02-21,Daily,,KG,2.767,2.767,143.5934600830078,xgboost_feat
Blueberry_Ventura,WHOLESALE,NL-GE,2026-02-22,2026-02-22,Daily,,KG,2.767,2.767,135.56082153320312,xgboost_feat
Blueberry_Ventura,WHOLESALE,NL-GE,2026-02-23,2026-02-23,Daily,,KG,2.767,2.767,161.01303100585938,xgboost_feat
Blueberry_Ventura,WHOLESALE,NL-GE,2026-02-24,2026-02-24,Daily,,KG,2.767,2.767,159.38072204589844,xgboost_feat
Blueberry_Ventura,WHOLESALE,NL-GE,2026-02-25,2026-02-25,Daily,,KG,2.767,2.767,169.61599731445312,xgboost_feat
Blueberry_Ventura,WHOLESALE,NL-GE,2026-02-26,2026-02-26,Daily,,KG,2.767,2.767,146.38934326171875,xgboost_feat
Blueberry_Ventura,WHOLESALE,NL-GE,2026-02-27,2026-02-27,Daily,,KG,2.767,2.767,166.4593963623047,xgboost_feat
Blueberry_Ventura,WHOLESALE,NL-GE,2026-02-28,2026-02-28,Daily,,KG,2.767,2.767,165.0103302001953,xgboost_feat
Blueberry_Ventura,WHOLESALE,NL-GE,2026-03-01,2026-03-01,Daily,,KG,2.767,2.767,148.4598846435547,xgboost_feat
Blueberry_Ventura,WHOLESALE,NL-NB,2026-02-02,2026-02-02,Daily,,KG,2.694,2.694,166.59796142578125,xgboost_feat
Blueberry_Ventura,WHOLESALE,NL-NB,2026-02-03,2026-02-03,Daily,,KG,2.694,2.694,168.97300720214844,xgboost_feat
Blueberry_Ventura,WHOLESALE,NL-NB,2026-02-04,2026-02-04,Daily,,KG,2.694,2.694,156.58314514160156,xgboost_feat
Blueberry_Ventura,WHOLESALE,NL-NB,2026-02-05,2026-02-05,Daily,,KG,2.694,2.694,175.40721130371094,xgboost_feat
Blueberry_Ventura,WHOLESALE,NL-NB,2026-02-06,2026-02-06,Daily,,KG,2.694,2.694,162.17404174804688,xgboost_feat
Blueberry_Ventura,WHOLESALE,NL-NB,2026-02-07,2026-02-07,Daily,,KG,2.694,2.694,136.26107788085938,xgboost_feat
Blueberry_Ventura,WHOLESALE,NL-NB,2026-02-08,2026-02-08,Daily,,KG,2.694,2.694,135.76473999023438,xgboost_feat
Blueberry_Ventura,WHOLESALE,NL-NB,2026-02-09,2026-02-09,Daily,,KG,2.694,2.694,149.27154541015625,xgboost_feat
Blueberry_Ventura,WHOLESALE,NL-NB,2026-02-10,2026-02-10,Daily,,KG,2.694,2.694,145.14329528808594,xgboost_feat
Blueberry_Ventura,WHOLESALE,NL-NB,2026-02-11,2026-02-11,Daily,,KG,2.694,2.694,146.8983154296875,xgboost_feat
Blueberry_Ventura,WHOLESALE,NL-NB,2026-02-12,2026-02-12,Daily,,KG,2.694,2.694,158.95819091796875,xgboost_feat
Blueberry_Ventura,WHOLESALE,NL-NB,2026-02-13,2026-02-13,Daily,,KG,2.694,2.694,157.55426025390625,xgboost_feat
Blueberry_Ventura,WHOLESALE,NL-NB,2026-02-14,2026-02-14,Daily,,KG,2.694,2.694,138.0143585205078,xgboost_feat
Blueberry_Ventura,WHOLESALE,NL-NB,2026-02-15,2026-02-15,Daily,,KG,2.694,2.694,144.1400604248047,xgboost_feat
Blueberry_Ventura,WHOLESALE,NL-NB,2026-02-16,2026-02-16,Daily,,KG,2.694,2.694,157.65667724609375,xgboost_feat
Blueberry_Ventura,WHOLESALE,NL-NB,2026-02-17,2026-02-17,Daily,,KG,2.694,2.694,176.8974609375,xgboost_feat
Blueberry_Ventura,WHOLESALE,NL-NB,2026-02-18,2026-02-18,Daily,,KG,2.694,2.694,141.11521911621094,xgboost_feat
Blueberry_Ventura,WHOLESALE,NL-NB,2026-02-19,2026-02-19,Daily,,KG,2.694,2.694,157.411865234375,xgboost_feat
Blueberry_Ventura,WHOLESALE,NL-NB,2026-02-20,2026-02-20,Daily,,KG,2.694,2.694,170.91665649414062,xgboost_feat
Blueberry_Ventura,WHOLESALE,NL-NB,2026-02-21,2026-02-21,Daily,,KG,2.694,2.694,139.93136596679688,xgboost_feat
Blueberry_Ventura,WHOLESALE,NL-NB,2026-02-22,2026-02-22,Daily,,KG,2.694,2.694,134.8897247314453,xgboost_feat
Blueberry_Ventura,WHOLESALE,NL-NB,2026-02-23,2026-02-23,Daily,,KG,2.694,2.694,156.1363983154297,xgboost_feat
Blueberry_Ventura,WHOLESALE,NL-NB,2026-02-24,2026-02-24,Daily,,KG,2.694,2.694,167.61839294433594,xgboost_feat
Blueberry_Ventura,WHOLESALE,NL-NB,2026-02-25,2026-02-25,Daily,,KG,2.694,2.694,163.20169067382812,xgboost_feat
Blueberry_Ventura,WHOLESALE,NL-NB,2026-02-26,2026-02-26,Daily,,KG,2.694,2.694,130.8424530029297,xgboost_feat
Blueberry_Ventura,WHOLESALE,NL-NB,2026-02-27,2026-02-27,Daily,,KG,2.694,2.694,165.23683166503906,xgboost_feat
Blueberry_Ventura,WHOLESALE,NL-NB,2026-02-28,2026-02-28,Daily,,KG,2.694,2.694,151.96099853515625,xgboost_feat
Blueberry_Ventura,WHOLESALE,NL-NB,2026-03-01,2026-03-01,Daily,,KG,2.694,2.694,140.59812927246094,xgboost_feat
Blueberry_Ventura,WHOLESALE,NL-NH,2026-02-02,2026-02-02,Daily,,KG,2.788,2.788,165.71896362304688,xgboost_feat
Blueberry_Ventura,WHOLESALE,NL-NH,2026-02-03,2026-02-03,Daily,,KG,2.788,2.788,164.69525146484375,xgboost_feat
Blueberry_Ventura,WHOLESALE,NL-NH,2026-02-04,2026-02-04,Daily,,KG,2.788,2.788,158.4971466064453,xgboost_feat
Blueberry_Ventura,WHOLESALE,NL-NH,2026-02-05,2026-02-05,Daily,,KG,2.788,2.788,185.52711486816406,xgboost_feat
Blueberry_Ventura,WHOLESALE,NL-NH,2026-02-06,2026-02-06,Daily,,KG,2.788,2.788,156.74337768554688,xgboost_feat
Blueberry_Ventura,WHOLESALE,NL-NH,2026-02-07,2026-02-07,Daily,,KG,2.788,2.788,156.13731384277344,xgboost_feat
Blueberry_Ventura,WHOLESALE,NL-NH,2026-02-08,2026-02-08,Daily,,KG,2.788,2.788,138.37889099121094,xgboost_feat
Blueberry_Ventura,WHOLESALE,NL-NH,2026-02-09,2026-02-09,Daily,,KG,2.788,2.788,150.79556274414062,xgboost_feat
Blueberry_Ventura,WHOLESALE,NL-NH,2026-02-10,2026-02-10,Daily,,KG,2.788,2.788,157.60223388671875,xgboost_feat
Blueberry_Ventura,WHOLESALE,NL-NH,2026-02-11,2026-02-11,Daily,,KG,2.788,2.788,129.12387084960938,xgboost_feat
Blueberry_Ventura,WHOLESALE,NL-NH,2026-02-12,2026-02-12,Daily,,KG,2.788,2.788,143.25042724609375,xgboost_feat
Blueberry_Ventura,WHOLESALE,NL-NH,2026-02-13,2026-02-13,Daily,,KG,2.788,2.788,147.28988647460938,xgboost_feat
Blueberry_Ventura,WHOLESALE,NL-NH,2026-02-14,2026-02-14,Daily,,KG,2.788,2.788,135.48924255371094,xgboost_feat
Blueberry_Ventura,WHOLESALE,NL-NH,2026-02-15,2026-02-15,Daily,,KG,2.788,2.788,132.69871520996094,xgboost_feat
Blueberry_Ventura,WHOLESALE,NL-NH,2026-02-16,2026-02-16,Daily,,KG,2.788,2.788,162.8135528564453,xgboost_feat
Blueberry_Ventura,WHOLESALE,NL-NH,2026-02-17,2026-02-17,Daily,,KG,2.788,2.788,177.5317840576172,xgboost_feat
Blueberry_Ventura,WHOLESALE,NL-NH,2026-02-18,2026-02-18,Daily,,KG,2.788,2.788,127.6528549194336,xgboost_feat
Blueberry_Ventura,WHOLESALE,NL-NH,2026-02-19,2026-02-19,Daily,,KG,2.788,2.788,151.8533477783203,xgboost_feat
Blueberry_Ventura,WHOLESALE,NL-NH,2026-02-20,2026-02-20,Daily,,KG,2.788,2.788,175.94383239746094,xgboost_feat
Blueberry_Ventura,WHOLESALE,NL-NH,2026-02-21,2026-02-21,Daily,,KG,2.788,2.788,147.04774475097656,xgboost_feat
Blueberry_Ventura,WHOLESALE,NL-NH,2026-02-22,2026-02-22,Daily,,KG,2.788,2.788,129.1350860595703,xgboost_feat
Blueberry_Ventura,WHOLESALE,NL-NH,2026-02-23,2026-02-23,Daily,,KG,2.788,2.788,160.79953002929688,xgboost_feat
Blueberry_Ventura,WHOLESALE,NL-NH,2026-02-24,2026-02-24,Daily,,KG,2.788,2.788,143.63792419433594,xgboost_feat
Blueberry_Ventura,WHOLESALE,NL-NH,2026-02-25,2026-02-25,Daily,,KG,2.788,2.788,178.39735412597656,xgboost_feat
Blueberry_Ventura,WHOLESALE,NL-NH,2026-02-26,2026-02-26,Daily,,KG,2.788,2.788,170.96961975097656,xgboost_feat
Blueberry_Ventura,WHOLESALE,NL-NH,2026-02-27,2026-02-27,Daily,,KG,2.788,2.788,180.63809204101562,xgboost_feat
Blueberry_Ventura,WHOLESALE,NL-NH,2026-02-28,2026-02-28,Daily,,KG,2.788,2.788,156.26101684570312,xgboost_feat
Blueberry_Ventura,WHOLESALE,NL-NH,2026-03-01,2026-03-01,Daily,,KG,2.788,2.788,147.94305419921875,xgboost_feat
Blueberry_Ventura,WHOLESALE,NL-ZH,2026-02-02,2026-02-02,Daily,,KG,3.062,3.062,172.1177215576172,xgboost_feat
Blueberry_Ventura,WHOLESALE,NL-ZH,2026-02-03,2026-02-03,Daily,,KG,3.062,3.062,171.68670654296875,xgboost_feat
Blueberry_Ventura,WHOLESALE,NL-ZH,2026-02-04,2026-02-04,Daily,,KG,3.062,3.062,167.2666778564453,xgboost_feat
Blueberry_Ventura,WHOLESALE,NL-ZH,2026-02-05,2026-02-05,Daily,,KG,3.062,3.062,187.4536590576172,xgboost_feat
Blueberry_Ventura,WHOLESALE,NL-ZH,2026-02-06,2026-02-06,Daily,,KG,3.062,3.062,164.66879272460938,xgboost_feat
Blueberry_Ventura,WHOLESALE,NL-ZH,2026-02-07,2026-02-07,Daily,,KG,3.062,3.062,140.528076171875,xgboost_feat
Blueberry_Ventura,WHOLESALE,NL-ZH,2026-02-08,2026-02-08,Daily,,KG,3.062,3.062,133.74330139160156,xgboost_feat
Blueberry_Ventura,WHOLESALE,NL-ZH,2026-02-09,2026-02-09,Daily,,KG,3.062,3.062,155.333984375,xgboost_feat
Blueberry_Ventura,WHOLESALE,NL-ZH,2026-02-10,2026-02-10,Daily,,KG,3.062,3.062,161.48764038085938,xgboost_feat
Blueberry_Ventura,WHOLESALE,NL-ZH,2026-02-11,2026-02-11,Daily,,KG,3.062,3.062,138.2564697265625,xgboost_feat
Blueberry_Ventura,WHOLESALE,NL-ZH,2026-02-12,2026-02-12,Daily,,KG,3.062,3.062,160.49139404296875,xgboost_feat
Blueberry_Ventura,WHOLESALE,NL-ZH,2026-02-13,2026-02-13,Daily,,KG,3.062,3.062,163.49253845214844,xgboost_feat
Blueberry_Ventura,WHOLESALE,NL-ZH,2026-02-14,2026-02-14,Daily,,KG,3.062,3.062,140.0242156982422,xgboost_feat
Blueberry_Ventura,WHOLESALE,NL-ZH,2026-02-15,2026-02-15,Daily,,KG,3.062,3.062,141.6628875732422,xgboost_feat
Blueberry_Ventura,WHOLESALE,NL-ZH,2026-02-16,2026-02-16,Daily,,KG,3.062,3.062,162.62530517578125,xgboost_feat
Blueberry_Ventura,WHOLESALE,NL-ZH,2026-02-17,2026-02-17,Daily,,KG,3.062,3.062,178.12010192871094,xgboost_feat
Blueberry_Ventura,WHOLESALE,NL-ZH,2026-02-18,2026-02-18,Daily,,KG,3.062,3.062,136.70880126953125,xgboost_feat
Blueberry_Ventura,WHOLESALE,NL-ZH,2026-02-19,2026-02-19,Daily,,KG,3.062,3.062,160.59298706054688,xgboost_feat
Blueberry_Ventura,WHOLESALE,NL-ZH,2026-02-20,2026-02-20,Daily,,KG,3.062,3.062,175.41839599609375,xgboost_feat
Blueberry_Ventura,WHOLESALE,NL-ZH,2026-02-21,2026-02-21,Daily,,KG,3.062,3.062,143.48533630371094,xgboost_feat
Blueberry_Ventura,WHOLESALE,NL-ZH,2026-02-22,2026-02-22,Daily,,KG,3.062,3.062,123.98118591308594,xgboost_feat
Blueberry_Ventura,WHOLESALE,NL-ZH,2026-02-23,2026-02-23,Daily,,KG,3.062,3.062,158.12437438964844,xgboost_feat
Blueberry_Ventura,WHOLESALE,NL-ZH,2026-02-24,2026-02-24,Daily,,KG,3.062,3.062,156.59512329101562,xgboost_feat
Blueberry_Ventura,WHOLESALE,NL-ZH,2026-02-25,2026-02-25,Daily,,KG,3.062,3.062,180.02272033691406,xgboost_feat
Blueberry_Ventura,WHOLESALE,NL-ZH,2026-02-26,2026-02-26,Daily,,KG,3.062,3.062,147.5976104736328,xgboost_feat
Blueberry_Ventura,WHOLESALE,NL-ZH,2026-02-27,2026-02-27,Daily,,KG,3.062,3.062,177.5860137939453,xgboost_feat
Blueberry_Ventura,WHOLESALE,NL-ZH,2026-02-28,2026-02-28,Daily,,KG,3.062,3.062,160.40528869628906,xgboost_feat
Blueberry_Ventura,WHOLESALE,NL-ZH,2026-03-01,2026-03-01,Daily,,KG,3.062,3.062,148.78550720214844,xgboost_feat
PEAR_ABATE,ONLINE,NL-GE,2026-02-02,2026-02-02,Daily,,KG,3.166,3.166,126.5036392211914,xgboost_feat
PEAR_ABATE,ONLINE,NL-GE,2026-02-03,2026-02-03,Daily,,KG,3.166,3.166,126.56517791748047,xgboost_feat
PEAR_ABATE,ONLINE,NL-GE,2026-02-04,2026-02-04,Daily,,KG,3.166,3.166,128.0085906982422,xgboost_feat
PEAR_ABATE,ONLINE,NL-GE,2026-02-05,2026-02-05,Daily,,KG,3.166,3.166,130.807373046875,xgboost_feat
PEAR_ABATE,ONLINE,NL-GE,2026-02-06,2026-02-06,Daily,,KG,3.166,3.166,133.9561767578125,xgboost_feat
PEAR_ABATE,ONLINE,NL-GE,2026-02-07,2026-02-07,Daily,,KG,3.166,3.166,117.16998291015625,xgboost_feat
PEAR_ABATE,ONLINE,NL-GE,2026-02-08,2026-02-08,Daily,,KG,3.166,3.166,115.30426788330078,xgboost_feat
PEAR_ABATE,ONLINE,NL-GE,2026-02-09,2026-02-09,Daily,,KG,3.166,3.166,137.49903869628906,xgboost_feat
PEAR_ABATE,ONLINE,NL-GE,2026-02-10,2026-02-10,Daily,,KG,3.166,3.166,136.25205993652344,xgboost_feat
PEAR_ABATE,ONLINE,NL-GE,2026-02-11,2026-02-11,Daily,,KG,3.166,3.166,135.37445068359375,xgboost_feat
PEAR_ABATE,ONLINE,NL-GE,2026-02-12,2026-02-12,Daily,,KG,3.166,3.166,154.13381958007812,xgboost_feat
PEAR_ABATE,ONLINE,NL-GE,2026-02-13,2026-02-13,Daily,,KG,3.166,3.166,158.7318878173828,xgboost_feat
PEAR_ABATE,ONLINE,NL-GE,2026-02-14,2026-02-14,Daily,,KG,3.166,3.166,135.48928833007812,xgboost_feat
PEAR_ABATE,ONLINE,NL-GE,2026-02-15,2026-02-15,Daily,,KG,3.166,3.166,138.46090698242188,xgboost_feat
PEAR_ABATE,ONLINE,NL-GE,2026-02-16,2026-02-16,Daily,,KG,3.166,3.166,164.7376251220703,xgboost_feat
PEAR_ABATE,ONLINE,NL-GE,2026-02-17,2026-02-17,Daily,,KG,3.166,3.166,154.71009826660156,xgboost_feat
PEAR_ABATE,ONLINE,NL-GE,2026-02-18,2026-02-18,Daily,,KG,3.166,3.166,119.0809097290039,xgboost_feat
PEAR_ABATE,ONLINE,NL-GE,2026-02-19,2026-02-19,Daily,,KG,3.166,3.166,142.53463745117188,xgboost_feat
PEAR_ABATE,ONLINE,NL-GE,2026-02-20,2026-02-20,Daily,,KG,3.166,3.166,145.6038818359375,xgboost_feat
PEAR_ABATE,ONLINE,NL-GE,2026-02-21,2026-02-21,Daily,,KG,3.166,3.166,124.8401107788086,xgboost_feat
PEAR_ABATE,ONLINE,NL-GE,2026-02-22,2026-02-22,Daily,,KG,3.166,3.166,121.09236145019531,xgboost_feat
PEAR_ABATE,ONLINE,NL-GE,2026-02-23,2026-02-23,Daily,,KG,3.166,3.166,143.498291015625,xgboost_feat
PEAR_ABATE,ONLINE,NL-GE,2026-02-24,2026-02-24,Daily,,KG,3.166,3.166,146.62371826171875,xgboost_feat
PEAR_ABATE,ONLINE,NL-GE,2026-02-25,2026-02-25,Daily,,KG,3.166,3.166,147.6702117919922,xgboost_feat
PEAR_ABATE,ONLINE,NL-GE,2026-02-26,2026-02-26,Daily,,KG,3.166,3.166,131.44979858398438,xgboost_feat
PEAR_ABATE,ONLINE,NL-GE,2026-02-27,2026-02-27,Daily,,KG,3.166,3.166,146.89987182617188,xgboost_feat
PEAR_ABATE,ONLINE,NL-GE,2026-02-28,2026-02-28,Daily,,KG,3.166,3.166,140.44146728515625,xgboost_feat
PEAR_ABATE,ONLINE,NL-GE,2026-03-01,2026-03-01,Daily,,KG,3.166,3.166,144.69985961914062,xgboost_feat
PEAR_ABATE,ONLINE,NL-NB,2026-02-02,2026-02-02,Daily,,KG,3.143,3.143,131.40939331054688,xgboost_feat
PEAR_ABATE,ONLINE,NL-NB,2026-02-03,2026-02-03,Daily,,KG,3.143,3.143,131.80238342285156,xgboost_feat
PEAR_ABATE,ONLINE,NL-NB,2026-02-04,2026-02-04,Daily,,KG,3.143,3.143,131.81944274902344,xgboost_feat
PEAR_ABATE,ONLINE,NL-NB,2026-02-05,2026-02-05,Daily,,KG,3.143,3.143,138.53826904296875,xgboost_feat
PEAR_ABATE,ONLINE,NL-NB,2026-02-06,2026-02-06,Daily,,KG,3.143,3.143,143.1518096923828,xgboost_feat
PEAR_ABATE,ONLINE,NL-NB,2026-02-07,2026-02-07,Daily,,KG,3.143,3.143,111.81355285644531,xgboost_feat
PEAR_ABATE,ONLINE,NL-NB,2026-02-08,2026-02-08,Daily,,KG,3.143,3.143,117.26368713378906,xgboost_feat
PEAR_ABATE,ONLINE,NL-NB,2026-02-09,2026-02-09,Daily,,KG,3.143,3.143,143.60321044921875,xgboost_feat
PEAR_ABATE,ONLINE,NL-NB,2026-02-10,2026-02-10,Daily,,KG,3.143,3.143,140.7938995361328,xgboost_feat
PEAR_ABATE,ONLINE,NL-NB,2026-02-11,2026-02-11,Daily,,KG,3.143,3.143,147.04461669921875,xgboost_feat
PEAR_ABATE,ONLINE,NL-NB,2026-02-12,2026-02-12,Daily,,KG,3.143,3.143,146.004150390625,xgboost_feat
PEAR_ABATE,ONLINE,NL-NB,2026-02-13,2026-02-13,Daily,,KG,3.143,3.143,160.54367065429688,xgboost_feat
PEAR_ABATE,ONLINE,NL-NB,2026-02-14,2026-02-14,Daily,,KG,3.143,3.143,130.91429138183594,xgboost_feat
PEAR_ABATE,ONLINE,NL-NB,2026-02-15,2026-02-15,Daily,,KG,3.143,3.143,143.90127563476562,xgboost_feat
PEAR_ABATE,ONLINE,NL-NB,2026-02-16,2026-02-16,Daily,,KG,3.143,3.143,166.98133850097656,xgboost_feat
PEAR_ABATE,ONLINE,NL-NB,2026-02-17,2026-02-17,Daily,,KG,3.143,3.143,156.3452606201172,xgboost_feat
PEAR_ABATE,ONLINE,NL-NB,2026-02-18,2026-02-18,Daily,,KG,3.143,3.143,132.8057098388672,xgboost_feat
PEAR_ABATE,ONLINE,NL-NB,2026-02-19,2026-02-19,Daily,,KG,3.143,3.143,152.82345581054688,xgboost_feat
PEAR_ABATE,ONLINE,NL-NB,2026-02-20,2026-02-20,Daily,,KG,3.143,3.143,148.71156311035156,xgboost_feat
PEAR_ABATE,ONLINE,NL-NB,2026-02-21,2026-02-21,Daily,,KG,3.143,3.143,131.1503448486328,xgboost_feat
PEAR_ABATE,ONLINE,NL-NB,2026-02-22,2026-02-22,Daily,,KG,3.143,3.143,134.34469604492188,xgboost_feat
PEAR_ABATE,ONLINE,NL-NB,2026-02-23,2026-02-23,Daily,,KG,3.143,3.143,154.7953338623047,xgboost_feat
PEAR_ABATE,ONLINE,NL-NB,2026-02-24,2026-02-24,Daily,,KG,3.143,3.143,159.4871368408203,xgboost_feat
PEAR_ABATE,ONLINE,NL-NB,2026-02-25,2026-02-25,Daily,,KG,3.143,3.143,162.58489990234375,xgboost_feat
PEAR_ABATE,ONLINE,NL-NB,2026-02-26,2026-02-26,Daily,,KG,3.143,3.143,126.91926574707031,xgboost_feat
PEAR_ABATE,ONLINE,NL-NB,2026-02-27,2026-02-27,Daily,,KG,3.143,3.143,154.7317352294922,xgboost_feat
PEAR_ABATE,ONLINE,NL-NB,2026-02-28,2026-02-28,Daily,,KG,3.143,3.143,151.3073272705078,xgboost_feat
PEAR_ABATE,ONLINE,NL-NB,2026-03-01,2026-03-01,Daily,,KG,3.143,3.143,155.7754364013672,xgboost_feat
PEAR_ABATE,ONLINE,NL-NH,2026-02-02,2026-02-02,Daily,,KG,3.139,3.139,128.1710662841797,xgboost_feat
PEAR_ABATE,ONLINE,NL-NH,2026-02-03,2026-02-03,Daily,,KG,3.139,3.139,127.4321060180664,xgboost_feat
PEAR_ABATE,ONLINE,NL-NH,2026-02-04,2026-02-04,Daily,,KG,3.139,3.139,129.002685546875,xgboost_feat
PEAR_ABATE,ONLINE,NL-NH,2026-02-05,2026-02-05,Daily,,KG,3.139,3.139,139.3613739013672,xgboost_feat
PEAR_ABATE,ONLINE,NL-NH,2026-02-06,2026-02-06,Daily,,KG,3.139,3.139,130.29620361328125,xgboost_feat
PEAR_ABATE,ONLINE,NL-NH,2026-02-07,2026-02-07,Daily,,KG,3.139,3.139,130.66574096679688,xgboost_feat
PEAR_ABATE,ONLINE,NL-NH,2026-02-08,2026-02-08,Daily,,KG,3.139,3.139,113.87367248535156,xgboost_feat
PEAR_ABATE,ONLINE,NL-NH,2026-02-09,2026-02-09,Daily,,KG,3.139,3.139,148.4374237060547,xgboost_feat
PEAR_ABATE,ONLINE,NL-NH,2026-02-10,2026-02-10,Daily,,KG,3.139,3.139,148.09542846679688,xgboost_feat
PEAR_ABATE,ONLINE,NL-NH,2026-02-11,2026-02-11,Daily,,KG,3.139,3.139,110.97298431396484,xgboost_feat
PEAR_ABATE,ONLINE,NL-NH,2026-02-12,2026-02-12,Daily,,KG,3.139,3.139,122.16027069091797,xgboost_feat
PEAR_ABATE,ONLINE,NL-NH,2026-02-13,2026-02-13,Daily,,KG,3.139,3.139,145.829833984375,xgboost_feat
PEAR_ABATE,ONLINE,NL-NH,2026-02-14,2026-02-14,Daily,,KG,3.139,3.139,121.82181549072266,xgboost_feat
PEAR_ABATE,ONLINE,NL-NH,2026-02-15,2026-02-15,Daily,,KG,3.139,3.139,137.22381591796875,xgboost_feat
PEAR_ABATE,ONLINE,NL-NH,2026-02-16,2026-02-16,Daily,,KG,3.139,3.139,155.8879852294922,xgboost_feat
PEAR_ABATE,ONLINE,NL-NH,2026-02-17,2026-02-17,Daily,,KG,3.139,3.139,157.80889892578125,xgboost_feat
PEAR_ABATE,ONLINE,NL-NH,2026-02-18,2026-02-18,Daily,,KG,3.139,3.139,122.9447021484375,xgboost_feat
PEAR_ABATE,ONLINE,NL-NH,2026-02-19,2026-02-19,Daily,,KG,3.139,3.139,144.34326171875,xgboost_feat
PEAR_ABATE,ONLINE,NL-NH,2026-02-20,2026-02-20,Daily,,KG,3.139,3.139,149.93360900878906,xgboost_feat
PEAR_ABATE,ONLINE,NL-NH,2026-02-21,2026-02-21,Daily,,KG,3.139,3.139,129.15859985351562,xgboost_feat
PEAR_ABATE,ONLINE,NL-NH,2026-02-22,2026-02-22,Daily,,KG,3.139,3.139,119.46761322021484,xgboost_feat
PEAR_ABATE,ONLINE,NL-NH,2026-02-23,2026-02-23,Daily,,KG,3.139,3.139,147.1215362548828,xgboost_feat
PEAR_ABATE,ONLINE,NL-NH,2026-02-24,2026-02-24,Daily,,KG,3.139,3.139,134.76792907714844,xgboost_feat
PEAR_ABATE,ONLINE,NL-NH,2026-02-25,2026-02-25,Daily,,KG,3.139,3.139,154.66644287109375,xgboost_feat
PEAR_ABATE,ONLINE,NL-NH,2026-02-26,2026-02-26,Daily,,KG,3.139,3.139,151.06739807128906,xgboost_feat
PEAR_ABATE,ONLINE,NL-NH,2026-02-27,2026-02-27,Daily,,KG,3.139,3.139,156.77003479003906,xgboost_feat
PEAR_ABATE,ONLINE,NL-NH,2026-02-28,2026-02-28,Daily,,KG,3.139,3.139,134.87339782714844,xgboost_feat
PEAR_ABATE,ONLINE,NL-NH,2026-03-01,2026-03-01,Daily,,KG,3.139,3.139,128.41656494140625,xgboost_feat
PEAR_ABATE,ONLINE,NL-ZH,2026-02-02,2026-02-02,Daily,,KG,3.391,3.391,135.96493530273438,xgboost_feat
PEAR_ABATE,ONLINE,NL-ZH,2026-02-03,2026-02-03,Daily,,KG,3.391,3.391,141.3022003173828,xgboost_feat
PEAR_ABATE,ONLINE,NL-ZH,2026-02-04,2026-02-04,Daily,,KG,3.391,3.391,144.10934448242188,xgboost_feat
PEAR_ABATE,ONLINE,NL-ZH,2026-02-05,2026-02-05,Daily,,KG,3.391,3.391,156.49166870117188,xgboost_feat
PEAR_ABATE,ONLINE,NL-ZH,2026-02-06,2026-02-06,Daily,,KG,3.391,3.391,151.26756286621094,xgboost_feat
PEAR_ABATE,ONLINE,NL-ZH,2026-02-07,2026-02-07,Daily,,KG,3.391,3.391,117.51890563964844,xgboost_feat
PEAR_ABATE,ONLINE,NL-ZH,2026-02-08,2026-02-08,Daily,,KG,3.391,3.391,119.77030944824219,xgboost_feat
PEAR_ABATE,ONLINE,NL-ZH,2026-02-09,2026-02-09,Daily,,KG,3.391,3.391,149.6500701904297,xgboost_feat
PEAR_ABATE,ONLINE,NL-ZH,2026-02-10,2026-02-10,Daily,,KG,3.391,3.391,151.66908264160156,xgboost_feat
PEAR_ABATE,ONLINE,NL-ZH,2026-02-11,2026-02-11,Daily,,KG,3.391,3.391,132.78387451171875,xgboost_feat
PEAR_ABATE,ONLINE,NL-ZH,2026-02-12,2026-02-12,Daily,,KG,3.391,3.391,154.61827087402344,xgboost_feat
PEAR_ABATE,ONLINE,NL-ZH,2026-02-13,2026-02-13,Daily,,KG,3.391,3.391,161.54397583007812,xgboost_feat
PEAR_ABATE,ONLINE,NL-ZH,2026-02-14,2026-02-14,Daily,,KG,3.391,3.391,132.50474548339844,xgboost_feat
PEAR_ABATE,ONLINE,NL-ZH,2026-02-15,2026-02-15,Daily,,KG,3.391,3.391,137.08303833007812,xgboost_feat
PEAR_ABATE,ONLINE,NL-ZH,2026-02-16,2026-02-16,Daily,,KG,3.391,3.391,158.88699340820312,xgboost_feat
PEAR_ABATE,ONLINE,NL-ZH,2026-02-17,2026-02-17,Daily,,KG,3.391,3.391,156.3007049560547,xgboost_feat
PEAR_ABATE,ONLINE,NL-ZH,2026-02-18,2026-02-18,Daily,,KG,3.391,3.391,127.83451080322266,xgboost_feat
PEAR_ABATE,ONLINE,NL-ZH,2026-02-19,2026-02-19,Daily,,KG,3.391,3.391,147.18051147460938,xgboost_feat
PEAR_ABATE,ONLINE,NL-ZH,2026-02-20,2026-02-20,Daily,,KG,3.391,3.391,149.611572265625,xgboost_feat
PEAR_ABATE,ONLINE,NL-ZH,2026-02-21,2026-02-21,Daily,,KG,3.391,3.391,129.74154663085938,xgboost_feat
PEAR_ABATE,ONLINE,NL-ZH,2026-02-22,2026-02-22,Daily,,KG,3.391,3.391,114.84956359863281,xgboost_feat
PEAR_ABATE,ONLINE,NL-ZH,2026-02-23,2026-02-23,Daily,,KG,3.391,3.391,145.2569122314453,xgboost_feat
PEAR_ABATE,ONLINE,NL-ZH,2026-02-24,2026-02-24,Daily,,KG,3.391,3.391,150.12353515625,xgboost_feat
PEAR_ABATE,ONLINE,NL-ZH,2026-02-25,2026-02-25,Daily,,KG,3.391,3.391,168.13186645507812,xgboost_feat
PEAR_ABATE,ONLINE,NL-ZH,2026-02-26,2026-02-26,Daily,,KG,3.391,3.391,133.46080017089844,xgboost_feat
PEAR_ABATE,ONLINE,NL-ZH,2026-02-27,2026-02-27,Daily,,KG,3.391,3.391,159.58131408691406,xgboost_feat
PEAR_ABATE,ONLINE,NL-ZH,2026-02-28,2026-02-28,Daily,,KG,3.391,3.391,151.6961212158203,xgboost_feat
PEAR_ABATE,ONLINE,NL-ZH,2026-03-01,2026-03-01,Daily,,KG,3.391,3.391,144.82791137695312,xgboost_feat
PEAR_ABATE,RETAIL,NL-GE,2026-02-02,2026-02-02,Daily,,KG,2.897,2.897,155.20309448242188,xgboost_feat
PEAR_ABATE,RETAIL,NL-GE,2026-02-03,2026-02-03,Daily,,KG,2.897,2.897,170.51727294921875,xgboost_feat
PEAR_ABATE,RETAIL,NL-GE,2026-02-04,2026-02-04,Daily,,KG,2.897,2.897,157.13223266601562,xgboost_feat
PEAR_ABATE,RETAIL,NL-GE,2026-02-05,2026-02-05,Daily,,KG,2.897,2.897,168.6068572998047,xgboost_feat
PEAR_ABATE,RETAIL,NL-GE,2026-02-06,2026-02-06,Daily,,KG,2.897,2.897,158.82278442382812,xgboost_feat
PEAR_ABATE,RETAIL,NL-GE,2026-02-07,2026-02-07,Daily,,KG,2.897,2.897,141.94386291503906,xgboost_feat
PEAR_ABATE,RETAIL,NL-GE,2026-02-08,2026-02-08,Daily,,KG,2.897,2.897,138.15623474121094,xgboost_feat
PEAR_ABATE,RETAIL,NL-GE,2026-02-09,2026-02-09,Daily,,KG,2.897,2.897,152.72142028808594,xgboost_feat
PEAR_ABATE,RETAIL,NL-GE,2026-02-10,2026-02-10,Daily,,KG,2.897,2.897,149.7775421142578,xgboost_feat
PEAR_ABATE,RETAIL,NL-GE,2026-02-11,2026-02-11,Daily,,KG,2.897,2.897,133.267333984375,xgboost_feat
PEAR_ABATE,RETAIL,NL-GE,2026-02-12,2026-02-12,Daily,,KG,2.897,2.897,157.50384521484375,xgboost_feat
PEAR_ABATE,RETAIL,NL-GE,2026-02-13,2026-02-13,Daily,,KG,2.897,2.897,170.73020935058594,xgboost_feat
PEAR_ABATE,RETAIL,NL-GE,2026-02-14,2026-02-14,Daily,,KG,2.897,2.897,143.7671661376953,xgboost_feat
PEAR_ABATE,RETAIL,NL-GE,2026-02-15,2026-02-15,Daily,,KG,2.897,2.897,143.48580932617188,xgboost_feat
PEAR_ABATE,RETAIL,NL-GE,2026-02-16,2026-02-16,Daily,,KG,2.897,2.897,168.47515869140625,xgboost_feat
PEAR_ABATE,RETAIL,NL-GE,2026-02-17,2026-02-17,Daily,,KG,2.897,2.897,169.57484436035156,xgboost_feat
PEAR_ABATE,RETAIL,NL-GE,2026-02-18,2026-02-18,Daily,,KG,2.897,2.897,128.63450622558594,xgboost_feat
PEAR_ABATE,RETAIL,NL-GE,2026-02-19,2026-02-19,Daily,,KG,2.897,2.897,155.19229125976562,xgboost_feat
PEAR_ABATE,RETAIL,NL-GE,2026-02-20,2026-02-20,Daily,,KG,2.897,2.897,170.11380004882812,xgboost_feat
PEAR_ABATE,RETAIL,NL-GE,2026-02-21,2026-02-21,Daily,,KG,2.897,2.897,141.07736206054688,xgboost_feat
PEAR_ABATE,RETAIL,NL-GE,2026-02-22,2026-02-22,Daily,,KG,2.897,2.897,133.66502380371094,xgboost_feat
PEAR_ABATE,RETAIL,NL-GE,2026-02-23,2026-02-23,Daily,,KG,2.897,2.897,159.61856079101562,xgboost_feat
PEAR_ABATE,RETAIL,NL-GE,2026-02-24,2026-02-24,Daily,,KG,2.897,2.897,155.59823608398438,xgboost_feat
PEAR_ABATE,RETAIL,NL-GE,2026-02-25,2026-02-25,Daily,,KG,2.897,2.897,169.55223083496094,xgboost_feat
PEAR_ABATE,RETAIL,NL-GE,2026-02-26,2026-02-26,Daily,,KG,2.897,2.897,144.408203125,xgboost_feat
PEAR_ABATE,RETAIL,NL-GE,2026-02-27,2026-02-27,Daily,,KG,2.897,2.897,164.48580932617188,xgboost_feat
PEAR_ABATE,RETAIL,NL-GE,2026-02-28,2026-02-28,Daily,,KG,2.897,2.897,162.88711547851562,xgboost_feat
PEAR_ABATE,RETAIL,NL-GE,2026-03-01,2026-03-01,Daily,,KG,2.897,2.897,144.01744079589844,xgboost_feat
PEAR_ABATE,RETAIL,NL-NB,2026-02-02,2026-02-02,Daily,,KG,3.246,3.246,162.8876495361328,xgboost_feat
PEAR_ABATE,RETAIL,NL-NB,2026-02-03,2026-02-03,Daily,,KG,3.246,3.246,167.32936096191406,xgboost_feat
PEAR_ABATE,RETAIL,NL-NB,2026-02-04,2026-02-04,Daily,,KG,3.246,3.246,161.60264587402344,xgboost_feat
PEAR_ABATE,RETAIL,NL-NB,2026-02-05,2026-02-05,Daily,,KG,3.246,3.246,178.21482849121094,xgboost_feat
PEAR_ABATE,RETAIL,NL-NB,2026-02-06,2026-02-06,Daily,,KG,3.246,3.246,168.72190856933594,xgboost_feat
PEAR_ABATE,RETAIL,NL-NB,2026-02-07,2026-02-07,Daily,,KG,3.246,3.246,137.98577880859375,xgboost_feat
PEAR_ABATE,RETAIL,NL-NB,2026-02-08,2026-02-08,Daily,,KG,3.246,3.246,138.31211853027344,xgboost_feat
PEAR_ABATE,RETAIL,NL-NB,2026-02-09,2026-02-09,Daily,,KG,3.246,3.246,156.4990234375,xgboost_feat
PEAR_ABATE,RETAIL,NL-NB,2026-02-10,2026-02-10,Daily,,KG,3.246,3.246,153.6473846435547,xgboost_feat
PEAR_ABATE,RETAIL,NL-NB,2026-02-11,2026-02-11,Daily,,KG,3.246,3.246,151.14358520507812,xgboost_feat
PEAR_ABATE,RETAIL,NL-NB,2026-02-12,2026-02-12,Daily,,KG,3.246,3.246,165.20860290527344,xgboost_feat
PEAR_ABATE,RETAIL,NL-NB,2026-02-13,2026-02-13,Daily,,KG,3.246,3.246,164.3792724609375,xgboost_feat
PEAR_ABATE,RETAIL,NL-NB,2026-02-14,2026-02-14,Daily,,KG,3.246,3.246,138.0901336669922,xgboost_feat
PEAR_ABATE,RETAIL,NL-NB,2026-02-15,2026-02-15,Daily,,KG,3.246,3.246,148.67742919921875,xgboost_feat
PEAR_ABATE,RETAIL,NL-NB,2026-02-16,2026-02-16,Daily,,KG,3.246,3.246,171.51344299316406,xgboost_feat
PEAR_ABATE,RETAIL,NL-NB,2026-02-17,2026-02-17,Daily,,KG,3.246,3.246,184.9172821044922,xgboost_feat
PEAR_ABATE,RETAIL,NL-NB,2026-02-18,2026-02-18,Daily,,KG,3.246,3.246,144.94879150390625,xgboost_feat
PEAR_ABATE,RETAIL,NL-NB,2026-02-19,2026-02-19,Daily,,KG,3.246,3.246,164.91073608398438,xgboost_feat
PEAR_ABATE,RETAIL,NL-NB,2026-02-20,2026-02-20,Daily,,KG,3.246,3.246,174.53504943847656,xgboost_feat
PEAR_ABATE,RETAIL,NL-NB,2026-02-21,2026-02-21,Daily,,KG,3.246,3.246,144.2254180908203,xgboost_feat
PEAR_ABATE,RETAIL,NL-NB,2026-02-22,2026-02-22,Daily,,KG,3.246,3.246,146.90940856933594,xgboost_feat
PEAR_ABATE,RETAIL,NL-NB,2026-02-23,2026-02-23,Daily,,KG,3.246,3.246,172.50465393066406,xgboost_feat
PEAR_ABATE,RETAIL,NL-NB,2026-02-24,2026-02-24,Daily,,KG,3.246,3.246,174.0716094970703,xgboost_feat
PEAR_ABATE,RETAIL,NL-NB,2026-02-25,2026-02-25,Daily,,KG,3.246,3.246,170.28831481933594,xgboost_feat
PEAR_ABATE,RETAIL,NL-NB,2026-02-26,2026-02-26,Daily,,KG,3.246,3.246,129.0760955810547,xgboost_feat
PEAR_ABATE,RETAIL,NL-NB,2026-02-27,2026-02-27,Daily,,KG,3.246,3.246,173.41441345214844,xgboost_feat
PEAR_ABATE,RETAIL,NL-NB,2026-02-28,2026-02-28,Daily,,KG,3.246,3.246,158.87911987304688,xgboost_feat
PEAR_ABATE,RETAIL,NL-NB,2026-03-01,2026-03-01,Daily,,KG,3.246,3.246,148.62217712402344,xgboost_feat
PEAR_ABATE,RETAIL,NL-NH,2026-02-02,2026-02-02,Daily,,KG,3.167,3.167,164.5929718017578,xgboost_feat
PEAR_ABATE,RETAIL,NL-NH,2026-02-03,2026-02-03,Daily,,KG,3.167,3.167,165.225830078125,xgboost_feat
PEAR_ABATE,RETAIL,NL-NH,2026-02-04,2026-02-04,Daily,,KG,3.167,3.167,157.5582275390625,xgboost_feat
PEAR_ABATE,RETAIL,NL-NH,2026-02-05,2026-02-05,Daily,,KG,3.167,3.167,184.02725219726562,xgboost_feat
PEAR_ABATE,RETAIL,NL-NH,2026-02-06,2026-02-06,Daily,,KG,3.167,3.167,153.64645385742188,xgboost_feat
PEAR_ABATE,RETAIL,NL-NH,2026-02-07,2026-02-07,Daily,,KG,3.167,3.167,156.65524291992188,xgboost_feat
PEAR_ABATE,RETAIL,NL-NH,2026-02-08,2026-02-08,Daily,,KG,3.167,3.167,138.7935791015625,xgboost_feat
PEAR_ABATE,RETAIL,NL-NH,2026-02-09,2026-02-09,Daily,,KG,3.167,3.167,150.3223419189453,xgboost_feat
PEAR_ABATE,RETAIL,NL-NH,2026-02-10,2026-02-10,Daily,,KG,3.167,3.167,156.38340759277344,xgboost_feat
PEAR_ABATE,RETAIL,NL-NH,2026-02-11,2026-02-11,Daily,,KG,3.167,3.167,130.0199737548828,xgboost_feat
PEAR_ABATE,RETAIL,NL-NH,2026-02-12,2026-02-12,Daily,,KG,3.167,3.167,146.51580810546875,xgboost_feat
PEAR_ABATE,RETAIL,NL-NH,2026-02-13,2026-02-13,Daily,,KG,3.167,3.167,152.0148468017578,xgboost_feat
PEAR_ABATE,RETAIL,NL-NH,2026-02-14,2026-02-14,Daily,,KG,3.167,3.167,136.2919464111328,xgboost_feat
PEAR_ABATE,RETAIL,NL-NH,2026-02-15,2026-02-15,Daily,,KG,3.167,3.167,140.00686645507812,xgboost_feat
PEAR_ABATE,RETAIL,NL-NH,2026-02-16,2026-02-16,Daily,,KG,3.167,3.167,168.38531494140625,xgboost_feat
PEAR_ABATE,RETAIL,NL-NH,2026-02-17,2026-02-17,Daily,,KG,3.167,3.167,185.06813049316406,xgboost_feat
PEAR_ABATE,RETAIL,NL-NH,2026-02-18,2026-02-18,Daily,,KG,3.167,3.167,125.70951843261719,xgboost_feat
PEAR_ABATE,RETAIL,NL-NH,2026-02-19,2026-02-19,Daily,,KG,3.167,3.167,149.7200164794922,xgboost_feat
PEAR_ABATE,RETAIL,NL-NH,2026-02-20,2026-02-20,Daily,,KG,3.167,3.167,173.20111083984375,xgboost_feat
PEAR_ABATE,RETAIL,NL-NH,2026-02-21,2026-02-21,Daily,,KG,3.167,3.167,143.3697967529297,xgboost_feat
PEAR_ABATE,RETAIL,NL-NH,2026-02-22,2026-02-22,Daily,,KG,3.167,3.167,126.2721176147461,xgboost_feat
PEAR_ABATE,RETAIL,NL-NH,2026-02-23,2026-02-23,Daily,,KG,3.167,3.167,156.02940368652344,xgboost_feat
PEAR_ABATE,RETAIL,NL-NH,2026-02-24,2026-02-24,Daily,,KG,3.167,3.167,143.43064880371094,xgboost_feat
PEAR_ABATE,RETAIL,NL-NH,2026-02-25,2026-02-25,Daily,,KG,3.167,3.167,181.8489990234375,xgboost_feat
PEAR_ABATE,RETAIL,NL-NH,2026-02-26,2026-02-26,Daily,,KG,3.167,3.167,168.45225524902344,xgboost_feat
PEAR_ABATE,RETAIL,NL-NH,2026-02-27,2026-02-27,Daily,,KG,3.167,3.167,176.8999786376953,xgboost_feat
PEAR_ABATE,RETAIL,NL-NH,2026-02-28,2026-02-28,Daily,,KG,3.167,3.167,156.97364807128906,xgboost_feat
PEAR_ABATE,RETAIL,NL-NH,2026-03-01,2026-03-01,Daily,,KG,3.167,3.167,142.01873779296875,xgboost_feat
PEAR_ABATE,RETAIL,NL-ZH,2026-02-02,2026-02-02,Daily,,KG,3.274,3.274,168.52561950683594,xgboost_feat
PEAR_ABATE,RETAIL,NL-ZH,2026-02-03,2026-02-03,Daily,,KG,3.274,3.274,166.20669555664062,xgboost_feat
PEAR_ABATE,RETAIL,NL-ZH,2026-02-04,2026-02-04,Daily,,KG,3.274,3.274,162.78224182128906,xgboost_feat
PEAR_ABATE,RETAIL,NL-ZH,2026-02-05,2026-02-05,Daily,,KG,3.274,3.274,187.44186401367188,xgboost_feat
PEAR_ABATE,RETAIL,NL-ZH,2026-02-06,2026-02-06,Daily,,KG,3.274,3.274,161.7895050048828,xgboost_feat
PEAR_ABATE,RETAIL,NL-ZH,2026-02-07,2026-02-07,Daily,,KG,3.274,3.274,141.21981811523438,xgboost_feat
PEAR_ABATE,RETAIL,NL-ZH,2026-02-08,2026-02-08,Daily,,KG,3.274,3.274,133.98989868164062,xgboost_feat
PEAR_ABATE,RETAIL,NL-ZH,2026-02-09,2026-02-09,Daily,,KG,3.274,3.274,155.7610321044922,xgboost_feat
PEAR_ABATE,RETAIL,NL-ZH,2026-02-10,2026-02-10,Daily,,KG,3.274,3.274,164.07412719726562,xgboost_feat
PEAR_ABATE,RETAIL,NL-ZH,2026-02-11,2026-02-11,Daily,,KG,3.274,3.274,138.64930725097656,xgboost_feat
PEAR_ABATE,RETAIL,NL-ZH,2026-02-12,2026-02-12,Daily,,KG,3.274,3.274,160.248291015625,xgboost_feat
PEAR_ABATE,RETAIL,NL-ZH,2026-02-13,2026-02-13,Daily,,KG,3.274,3.274,164.0478973388672,xgboost_feat
PEAR_ABATE,RETAIL,NL-ZH,2026-02-14,2026-02-14,Daily,,KG,3.274,3.274,138.61737060546875,xgboost_feat
PEAR_ABATE,RETAIL,NL-ZH,2026-02-15,2026-02-15,Daily,,KG,3.274,3.274,137.732421875,xgboost_feat
PEAR_ABATE,RETAIL,NL-ZH,2026-02-16,2026-02-16,Daily,,KG,3.274,3.274,162.39981079101562,xgboost_feat
PEAR_ABATE,RETAIL,NL-ZH,2026-02-17,2026-02-17,Daily,,KG,3.274,3.274,178.99388122558594,xgboost_feat
PEAR_ABATE,RETAIL,NL-ZH,2026-02-18,2026-02-18,Daily,,KG,3.274,3.274,137.3418731689453,xgboost_feat
PEAR_ABATE,RETAIL,NL-ZH,2026-02-19,2026-02-19,Daily,,KG,3.274,3.274,161.289306640625,xgboost_feat
PEAR_ABATE,RETAIL,NL-ZH,2026-02-20,2026-02-20,Daily,,KG,3.274,3.274,175.92941284179688,xgboost_feat
PEAR_ABATE,RETAIL,NL-ZH,2026-02-21,2026-02-21,Daily,,KG,3.274,3.274,142.96481323242188,xgboost_feat
PEAR_ABATE,RETAIL,NL-ZH,2026-02-22,2026-02-22,Daily,,KG,3.274,3.274,121.92453002929688,xgboost_feat
PEAR_ABATE,RETAIL,NL-ZH,2026-02-23,2026-02-23,Daily,,KG,3.274,3.274,157.1331787109375,xgboost_feat
PEAR_ABATE,RETAIL,NL-ZH,2026-02-24,2026-02-24,Daily,,KG,3.274,3.274,156.60203552246094,xgboost_feat
PEAR_ABATE,RETAIL,NL-ZH,2026-02-25,2026-02-25,Daily,,KG,3.274,3.274,184.7870635986328,xgboost_feat
PEAR_ABATE,RETAIL,NL-ZH,2026-02-26,2026-02-26,Daily,,KG,3.274,3.274,149.8174591064453,xgboost_feat
PEAR_ABATE,RETAIL,NL-ZH,2026-02-27,2026-02-27,Daily,,KG,3.274,3.274,180.53338623046875,xgboost_feat
PEAR_ABATE,RETAIL,NL-ZH,2026-02-28,2026-02-28,Daily,,KG,3.274,3.274,156.62940979003906,xgboost_feat
PEAR_ABATE,RETAIL,NL-ZH,2026-03-01,2026-03-01,Daily,,KG,3.274,3.274,149.46746826171875,xgboost_feat
PEAR_ABATE,WHOLESALE,NL-GE,2026-02-02,2026-02-02,Daily,,KG,3.024,3.024,158.99095153808594,xgboost_feat
PEAR_ABATE,WHOLESALE,NL-GE,2026-02-03,2026-02-03,Daily,,KG,3.024,3.024,169.57272338867188,xgboost_feat
PEAR_ABATE,WHOLESALE,NL-GE,2026-02-04,2026-02-04,Daily,,KG,3.024,3.024,158.2991180419922,xgboost_feat
PEAR_ABATE,WHOLESALE,NL-GE,2026-02-05,2026-02-05,Daily,,KG,3.024,3.024,166.54791259765625,xgboost_feat
PEAR_ABATE,WHOLESALE,NL-GE,2026-02-06,2026-02-06,Daily,,KG,3.024,3.024,160.39686584472656,xgboost_feat
PEAR_ABATE,WHOLESALE,NL-GE,2026-02-07,2026-02-07,Daily,,KG,3.024,3.024,134.81785583496094,xgboost_feat
PEAR_ABATE,WHOLESALE,NL-GE,2026-02-08,2026-02-08,Daily,,KG,3.024,3.024,122.9752426147461,xgboost_feat
PEAR_ABATE,WHOLESALE,NL-GE,2026-02-09,2026-02-09,Daily,,KG,3.024,3.024,145.7034454345703,xgboost_feat
PEAR_ABATE,WHOLESALE,NL-GE,2026-02-10,2026-02-10,Daily,,KG,3.024,3.024,147.40980529785156,xgboost_feat
PEAR_ABATE,WHOLESALE,NL-GE,2026-02-11,2026-02-11,Daily,,KG,3.024,3.024,134.165771484375,xgboost_feat
PEAR_ABATE,WHOLESALE,NL-GE,2026-02-12,2026-02-12,Daily,,KG,3.024,3.024,158.56271362304688,xgboost_feat
PEAR_ABATE,WHOLESALE,NL-GE,2026-02-13,2026-02-13,Daily,,KG,3.024,3.024,165.7400665283203,xgboost_feat
PEAR_ABATE,WHOLESALE,NL-GE,2026-02-14,2026-02-14,Daily,,KG,3.024,3.024,154.62139892578125,xgboost_feat
PEAR_ABATE,WHOLESALE,NL-GE,2026-02-15,2026-02-15,Daily,,KG,3.024,3.024,146.0966033935547,xgboost_feat
PEAR_ABATE,WHOLESALE,NL-GE,2026-02-16,2026-02-16,Daily,,KG,3.024,3.024,168.61337280273438,xgboost_feat
PEAR_ABATE,WHOLESALE,NL-GE,2026-02-17,2026-02-17,Daily,,KG,3.024,3.024,167.2207794189453,xgboost_feat
PEAR_ABATE,WHOLESALE,NL-GE,2026-02-18,2026-02-18,Daily,,KG,3.024,3.024,127.03986358642578,xgboost_feat
PEAR_ABATE,WHOLESALE,NL-GE,2026-02-19,2026-02-19,Daily,,KG,3.024,3.024,156.72186279296875,xgboost_feat
PEAR_ABATE,WHOLESALE,NL-GE,2026-02-20,2026-02-20,Daily,,KG,3.024,3.024,166.90318298339844,xgboost_feat
PEAR_ABATE,WHOLESALE,NL-GE,2026-02-21,2026-02-21,Daily,,KG,3.024,3.024,140.92202758789062,xgboost_feat
PEAR_ABATE,WHOLESALE,NL-GE,2026-02-22,2026-02-22,Daily,,KG,3.024,3.024,132.9264373779297,xgboost_feat
PEAR_ABATE,WHOLESALE,NL-GE,2026-02-23,2026-02-23,Daily,,KG,3.024,3.024,160.07472229003906,xgboost_feat
PEAR_ABATE,WHOLESALE,NL-GE,2026-02-24,2026-02-24,Daily,,KG,3.024,3.024,156.29261779785156,xgboost_feat
PEAR_ABATE,WHOLESALE,NL-GE,2026-02-25,2026-02-25,Daily,,KG,3.024,3.024,164.8058624267578,xgboost_feat
PEAR_ABATE,WHOLESALE,NL-GE,2026-02-26,2026-02-26,Daily,,KG,3.024,3.024,142.60694885253906,xgboost_feat
PEAR_ABATE,WHOLESALE,NL-GE,2026-02-27,2026-02-27,Daily,,KG,3.024,3.024,161.46527099609375,xgboost_feat
PEAR_ABATE,WHOLESALE,NL-GE,2026-02-28,2026-02-28,Daily,,KG,3.024,3.024,163.934814453125,xgboost_feat
PEAR_ABATE,WHOLESALE,NL-GE,2026-03-01,2026-03-01,Daily,,KG,3.024,3.024,146.59373474121094,xgboost_feat
PEAR_ABATE,WHOLESALE,NL-NB,2026-02-02,2026-02-02,Daily,,KG,3.198,3.198,161.8668975830078,xgboost_feat
PEAR_ABATE,WHOLESALE,NL-NB,2026-02-03,2026-02-03,Daily,,KG,3.198,3.198,166.95689392089844,xgboost_feat
PEAR_ABATE,WHOLESALE,NL-NB,2026-02-04,2026-02-04,Daily,,KG,3.198,3.198,159.41476440429688,xgboost_feat
PEAR_ABATE,WHOLESALE,NL-NB,2026-02-05,2026-02-05,Daily,,KG,3.198,3.198,179.10105895996094,xgboost_feat
PEAR_ABATE,WHOLESALE,NL-NB,2026-02-06,2026-02-06,Daily,,KG,3.198,3.198,169.44537353515625,xgboost_feat
PEAR_ABATE,WHOLESALE,NL-NB,2026-02-07,2026-02-07,Daily,,KG,3.198,3.198,128.957763671875,xgboost_feat
PEAR_ABATE,WHOLESALE,NL-NB,2026-02-08,2026-02-08,Daily,,KG,3.198,3.198,132.1049041748047,xgboost_feat
PEAR_ABATE,WHOLESALE,NL-NB,2026-02-09,2026-02-09,Daily,,KG,3.198,3.198,156.98446655273438,xgboost_feat
PEAR_ABATE,WHOLESALE,NL-NB,2026-02-10,2026-02-10,Daily,,KG,3.198,3.198,152.0618896484375,xgboost_feat
PEAR_ABATE,WHOLESALE,NL-NB,2026-02-11,2026-02-11,Daily,,KG,3.198,3.198,152.66261291503906,xgboost_feat
PEAR_ABATE,WHOLESALE,NL-NB,2026-02-12,2026-02-12,Daily,,KG,3.198,3.198,171.22401428222656,xgboost_feat
PEAR_ABATE,WHOLESALE,NL-NB,2026-02-13,2026-02-13,Daily,,KG,3.198,3.198,169.11465454101562,xgboost_feat
PEAR_ABATE,WHOLESALE,NL-NB,2026-02-14,2026-02-14,Daily,,KG,3.198,3.198,144.6844940185547,xgboost_feat
PEAR_ABATE,WHOLESALE,NL-NB,2026-02-15,2026-02-15,Daily,,KG,3.198,3.198,156.55361938476562,xgboost_feat
PEAR_ABATE,WHOLESALE,NL-NB,2026-02-16,2026-02-16,Daily,,KG,3.198,3.198,167.84617614746094,xgboost_feat
PEAR_ABATE,WHOLESALE,NL-NB,2026-02-17,2026-02-17,Daily,,KG,3.198,3.198,182.05679321289062,xgboost_feat
PEAR_ABATE,WHOLESALE,NL-NB,2026-02-18,2026-02-18,Daily,,KG,3.198,3.198,143.7740020751953,xgboost_feat
PEAR_ABATE,WHOLESALE,NL-NB,2026-02-19,2026-02-19,Daily,,KG,3.198,3.198,165.8856201171875,xgboost_feat
PEAR_ABATE,WHOLESALE,NL-NB,2026-02-20,2026-02-20,Daily,,KG,3.198,3.198,175.61692810058594,xgboost_feat
PEAR_ABATE,WHOLESALE,NL-NB,2026-02-21,2026-02-21,Daily,,KG,3.198,3.198,147.18661499023438,xgboost_feat
PEAR_ABATE,WHOLESALE,NL-NB,2026-02-22,2026-02-22,Daily,,KG,3.198,3.198,145.5653076171875,xgboost_feat
PEAR_ABATE,WHOLESALE,NL-NB,2026-02-23,2026-02-23,Daily,,KG,3.198,3.198,167.81312561035156,xgboost_feat
PEAR_ABATE,WHOLESALE,NL-NB,2026-02-24,2026-02-24,Daily,,KG,3.198,3.198,173.6817626953125,xgboost_feat
PEAR_ABATE,WHOLESALE,NL-NB,2026-02-25,2026-02-25,Daily,,KG,3.198,3.198,173.03366088867188,xgboost_feat
PEAR_ABATE,WHOLESALE,NL-NB,2026-02-26,2026-02-26,Daily,,KG,3.198,3.198,129.83554077148438,xgboost_feat
PEAR_ABATE,WHOLESALE,NL-NB,2026-02-27,2026-02-27,Daily,,KG,3.198,3.198,170.57456970214844,xgboost_feat
PEAR_ABATE,WHOLESALE,NL-NB,2026-02-28,2026-02-28,Daily,,KG,3.198,3.198,159.14794921875,xgboost_feat
PEAR_ABATE,WHOLESALE,NL-NB,2026-03-01,2026-03-01,Daily,,KG,3.198,3.198,149.27247619628906,xgboost_feat
PEAR_ABATE,WHOLESALE,NL-NH,2026-02-02,2026-02-02,Daily,,KG,3.213,3.213,162.2366943359375,xgboost_feat
PEAR_ABATE,WHOLESALE,NL-NH,2026-02-03,2026-02-03,Daily,,KG,3.213,3.213,160.07232666015625,xgboost_feat
PEAR_ABATE,WHOLESALE,NL-NH,2026-02-04,2026-02-04,Daily,,KG,3.213,3.213,156.27923583984375,xgboost_feat
PEAR_ABATE,WHOLESALE,NL-NH,2026-02-05,2026-02-05,Daily,,KG,3.213,3.213,190.33209228515625,xgboost_feat
PEAR_ABATE,WHOLESALE,NL-NH,2026-02-06,2026-02-06,Daily,,KG,3.213,3.213,152.70462036132812,xgboost_feat
PEAR_ABATE,WHOLESALE,NL-NH,2026-02-07,2026-02-07,Daily,,KG,3.213,3.213,160.46279907226562,xgboost_feat
PEAR_ABATE,WHOLESALE,NL-NH,2026-02-08,2026-02-08,Daily,,KG,3.213,3.213,131.34214782714844,xgboost_feat
PEAR_ABATE,WHOLESALE,NL-NH,2026-02-09,2026-02-09,Daily,,KG,3.213,3.213,150.41015625,xgboost_feat
PEAR_ABATE,WHOLESALE,NL-NH,2026-02-10,2026-02-10,Daily,,KG,3.213,3.213,161.31820678710938,xgboost_feat
PEAR_ABATE,WHOLESALE,NL-NH,2026-02-11,2026-02-11,Daily,,KG,3.213,3.213,127.9561767578125,xgboost_feat
PEAR_ABATE,WHOLESALE,NL-NH,2026-02-12,2026-02-12,Daily,,KG,3.213,3.213,146.48687744140625,xgboost_feat
PEAR_ABATE,WHOLESALE,NL-NH,2026-02-13,2026-02-13,Daily,,KG,3.213,3.213,153.4403533935547,xgboost_feat
PEAR_ABATE,WHOLESALE,NL-NH,2026-02-14,2026-02-14,Daily,,KG,3.213,3.213,137.7765350341797,xgboost_feat
PEAR_ABATE,WHOLESALE,NL-NH,2026-02-15,2026-02-15,Daily,,KG,3.213,3.213,142.2252197265625,xgboost_feat
PEAR_ABATE,WHOLESALE,NL-NH,2026-02-16,2026-02-16,Daily,,KG,3.213,3.213,163.33428955078125,xgboost_feat
PEAR_ABATE,WHOLESALE,NL-NH,2026-02-17,2026-02-17,Daily,,KG,3.213,3.213,179.03114318847656,xgboost_feat
PEAR_ABATE,WHOLESALE,NL-NH,2026-02-18,2026-02-18,Daily,,KG,3.213,3.213,126.08551788330078,xgboost_feat
PEAR_ABATE,WHOLESALE,NL-NH,2026-02-19,2026-02-19,Daily,,KG,3.213,3.213,153.97128295898438,xgboost_feat
PEAR_ABATE,WHOLESALE,NL-NH,2026-02-20,2026-02-20,Daily,,KG,3.213,3.213,176.20777893066406,xgboost_feat
PEAR_ABATE,WHOLESALE,NL-NH,2026-02-21,2026-02-21,Daily,,KG,3.213,3.213,147.09410095214844,xgboost_feat
PEAR_ABATE,WHOLESALE,NL-NH,2026-02-22,2026-02-22,Daily,,KG,3.213,3.213,128.24432373046875,xgboost_feat
PEAR_ABATE,WHOLESALE,NL-NH,2026-02-23,2026-02-23,Daily,,KG,3.213,3.213,158.6506805419922,xgboost_feat
PEAR_ABATE,WHOLESALE,NL-NH,2026-02-24,2026-02-24,Daily,,KG,3.213,3.213,140.2664337158203,xgboost_feat
PEAR_ABATE,WHOLESALE,NL-NH,2026-02-25,2026-02-25,Daily,,KG,3.213,3.213,179.8502197265625,xgboost_feat
PEAR_ABATE,WHOLESALE,NL-NH,2026-02-26,2026-02-26,Daily,,KG,3.213,3.213,169.59645080566406,xgboost_feat
PEAR_ABATE,WHOLESALE,NL-NH,2026-02-27,2026-02-27,Daily,,KG,3.213,3.213,175.24835205078125,xgboost_feat
PEAR_ABATE,WHOLESALE,NL-NH,2026-02-28,2026-02-28,Daily,,KG,3.213,3.213,157.73464965820312,xgboost_feat
PEAR_ABATE,WHOLESALE,NL-NH,2026-03-01,2026-03-01,Daily,,KG,3.213,3.213,149.58412170410156,xgboost_feat
PEAR_ABATE,WHOLESALE,NL-ZH,2026-02-02,2026-02-02,Daily,,KG,3.28,3.28,163.5783233642578,xgboost_feat
PEAR_ABATE,WHOLESALE,NL-ZH,2026-02-03,2026-02-03,Daily,,KG,3.28,3.28,169.62696838378906,xgboost_feat
PEAR_ABATE,WHOLESALE,NL-ZH,2026-02-04,2026-02-04,Daily,,KG,3.28,3.28,166.90475463867188,xgboost_feat
PEAR_ABATE,WHOLESALE,NL-ZH,2026-02-05,2026-02-05,Daily,,KG,3.28,3.28,190.04501342773438,xgboost_feat
PEAR_ABATE,WHOLESALE,NL-ZH,2026-02-06,2026-02-06,Daily,,KG,3.28,3.28,163.35220336914062,xgboost_feat
PEAR_ABATE,WHOLESALE,NL-ZH,2026-02-07,2026-02-07,Daily,,KG,3.28,3.28,139.6142120361328,xgboost_feat
PEAR_ABATE,WHOLESALE,NL-ZH,2026-02-08,2026-02-08,Daily,,KG,3.28,3.28,132.0540313720703,xgboost_feat
PEAR_ABATE,WHOLESALE,NL-ZH,2026-02-09,2026-02-09,Daily,,KG,3.28,3.28,154.602294921875,xgboost_feat
PEAR_ABATE,WHOLESALE,NL-ZH,2026-02-10,2026-02-10,Daily,,KG,3.28,3.28,164.47906494140625,xgboost_feat
PEAR_ABATE,WHOLESALE,NL-ZH,2026-02-11,2026-02-11,Daily,,KG,3.28,3.28,138.4687957763672,xgboost_feat
PEAR_ABATE,WHOLESALE,NL-ZH,2026-02-12,2026-02-12,Daily,,KG,3.28,3.28,159.6377716064453,xgboost_feat
PEAR_ABATE,WHOLESALE,NL-ZH,2026-02-13,2026-02-13,Daily,,KG,3.28,3.28,163.0755157470703,xgboost_feat
PEAR_ABATE,WHOLESALE,NL-ZH,2026-02-14,2026-02-14,Daily,,KG,3.28,3.28,144.06625366210938,xgboost_feat
PEAR_ABATE,WHOLESALE,NL-ZH,2026-02-15,2026-02-15,Daily,,KG,3.28,3.28,143.9154815673828,xgboost_feat
PEAR_ABATE,WHOLESALE,NL-ZH,2026-02-16,2026-02-16,Daily,,KG,3.28,3.28,164.7357940673828,xgboost_feat
PEAR_ABATE,WHOLESALE,NL-ZH,2026-02-17,2026-02-17,Daily,,KG,3.28,3.28,178.7821502685547,xgboost_feat
PEAR_ABATE,WHOLESALE,NL-ZH,2026-02-18,2026-02-18,Daily,,KG,3.28,3.28,137.13844299316406,xgboost_feat
PEAR_ABATE,WHOLESALE,NL-ZH,2026-02-19,2026-02-19,Daily,,KG,3.28,3.28,160.50949096679688,xgboost_feat
PEAR_ABATE,WHOLESALE,NL-ZH,2026-02-20,2026-02-20,Daily,,KG,3.28,3.28,175.7181854248047,xgboost_feat
PEAR_ABATE,WHOLESALE,NL-ZH,2026-02-21,2026-02-21,Daily,,KG,3.28,3.28,145.29005432128906,xgboost_feat
PEAR_ABATE,WHOLESALE,NL-ZH,2026-02-22,2026-02-22,Daily,,KG,3.28,3.28,119.89061737060547,xgboost_feat
PEAR_ABATE,WHOLESALE,NL-ZH,2026-02-23,2026-02-23,Daily,,KG,3.28,3.28,157.23851013183594,xgboost_feat
PEAR_ABATE,WHOLESALE,NL-ZH,2026-02-24,2026-02-24,Daily,,KG,3.28,3.28,154.2914581298828,xgboost_feat
PEAR_ABATE,WHOLESALE,NL-ZH,2026-02-25,2026-02-25,Daily,,KG,3.28,3.28,185.73841857910156,xgboost_feat
PEAR_ABATE,WHOLESALE,NL-ZH,2026-02-26,2026-02-26,Daily,,KG,3.28,3.28,146.5900421142578,xgboost_feat
PEAR_ABATE,WHOLESALE,NL-ZH,2026-02-27,2026-02-27,Daily,,KG,3.28,3.28,176.09014892578125,xgboost_feat
PEAR_ABATE,WHOLESALE,NL-ZH,2026-02-28,2026-02-28,Daily,,KG,3.28,3.28,159.77244567871094,xgboost_feat
PEAR_ABATE,WHOLESALE,NL-ZH,2026-03-01,2026-03-01,Daily,,KG,3.28,3.28,149.0423583984375,xgboost_feat
PEAR_COMICE,ONLINE,NL-GE,2026-02-02,2026-02-02,Daily,,KG,2.808,2.808,134.7041778564453,xgboost_feat
PEAR_COMICE,ONLINE,NL-GE,2026-02-03,2026-02-03,Daily,,KG,2.808,2.808,143.86744689941406,xgboost_feat
PEAR_COMICE,ONLINE,NL-GE,2026-02-04,2026-02-04,Daily,,KG,2.808,2.808,135.73574829101562,xgboost_feat
PEAR_COMICE,ONLINE,NL-GE,2026-02-05,2026-02-05,Daily,,KG,2.808,2.808,143.7626953125,xgboost_feat
PEAR_COMICE,ONLINE,NL-GE,2026-02-06,2026-02-06,Daily,,KG,2.808,2.808,148.2215576171875,xgboost_feat
PEAR_COMICE,ONLINE,NL-GE,2026-02-07,2026-02-07,Daily,,KG,2.808,2.808,119.93563842773438,xgboost_feat
PEAR_COMICE,ONLINE,NL-GE,2026-02-08,2026-02-08,Daily,,KG,2.808,2.808,118.33321380615234,xgboost_feat
PEAR_COMICE,ONLINE,NL-GE,2026-02-09,2026-02-09,Daily,,KG,2.808,2.808,135.1896209716797,xgboost_feat
PEAR_COMICE,ONLINE,NL-GE,2026-02-10,2026-02-10,Daily,,KG,2.808,2.808,135.17684936523438,xgboost_feat
PEAR_COMICE,ONLINE,NL-GE,2026-02-11,2026-02-11,Daily,,KG,2.808,2.808,132.38616943359375,xgboost_feat
PEAR_COMICE,ONLINE,NL-GE,2026-02-12,2026-02-12,Daily,,KG,2.808,2.808,151.72470092773438,xgboost_feat
PEAR_COMICE,ONLINE,NL-GE,2026-02-13,2026-02-13,Daily,,KG,2.808,2.808,172.9121856689453,xgboost_feat
PEAR_COMICE,ONLINE,NL-GE,2026-02-14,2026-02-14,Daily,,KG,2.808,2.808,138.80032348632812,xgboost_feat
PEAR_COMICE,ONLINE,NL-GE,2026-02-15,2026-02-15,Daily,,KG,2.808,2.808,139.2804412841797,xgboost_feat
PEAR_COMICE,ONLINE,NL-GE,2026-02-16,2026-02-16,Daily,,KG,2.808,2.808,159.08895874023438,xgboost_feat
PEAR_COMICE,ONLINE,NL-GE,2026-02-17,2026-02-17,Daily,,KG,2.808,2.808,159.29541015625,xgboost_feat
PEAR_COMICE,ONLINE,NL-GE,2026-02-18,2026-02-18,Daily,,KG,2.808,2.808,123.98748016357422,xgboost_feat
PEAR_COMICE,ONLINE,NL-GE,2026-02-19,2026-02-19,Daily,,KG,2.808,2.808,147.2255859375,xgboost_feat
PEAR_COMICE,ONLINE,NL-GE,2026-02-20,2026-02-20,Daily,,KG,2.808,2.808,153.82676696777344,xgboost_feat
PEAR_COMICE,ONLINE,NL-GE,2026-02-21,2026-02-21,Daily,,KG,2.808,2.808,130.06820678710938,xgboost_feat
PEAR_COMICE,ONLINE,NL-GE,2026-02-22,2026-02-22,Daily,,KG,2.808,2.808,119.402099609375,xgboost_feat
PEAR_COMICE,ONLINE,NL-GE,2026-02-23,2026-02-23,Daily,,KG,2.808,2.808,142.74212646484375,xgboost_feat
PEAR_COMICE,ONLINE,NL-GE,2026-02-24,2026-02-24,Daily,,KG,2.808,2.808,149.21139526367188,xgboost_feat
PEAR_COMICE,ONLINE,NL-GE,2026-02-25,2026-02-25,Daily,,KG,2.808,2.808,155.381591796875,xgboost_feat
PEAR_COMICE,ONLINE,NL-GE,2026-02-26,2026-02-26,Daily,,KG,2.808,2.808,135.7936553955078,xgboost_feat
PEAR_COMICE,ONLINE,NL-GE,2026-02-27,2026-02-27,Daily,,KG,2.808,2.808,149.96109008789062,xgboost_feat
PEAR_COMICE,ONLINE,NL-GE,2026-02-28,2026-02-28,Daily,,KG,2.808,2.808,153.26779174804688,xgboost_feat
PEAR_COMICE,ONLINE,NL-GE,2026-03-01,2026-03-01,Daily,,KG,2.808,2.808,142.13009643554688,xgboost_feat
PEAR_COMICE,ONLINE,NL-NB,2026-02-02,2026-02-02,Daily,,KG,3.133,3.133,161.76602172851562,xgboost_feat
PEAR_COMICE,ONLINE,NL-NB,2026-02-03,2026-02-03,Daily,,KG,3.133,3.133,167.7411346435547,xgboost_feat
PEAR_COMICE,ONLINE,NL-NB,2026-02-04,2026-02-04,Daily,,KG,3.133,3.133,161.2969512939453,xgboost_feat
PEAR_COMICE,ONLINE,NL-NB,2026-02-05,2026-02-05,Daily,,KG,3.133,3.133,175.07379150390625,xgboost_feat
PEAR_COMICE,ONLINE,NL-NB,2026-02-06,2026-02-06,Daily,,KG,3.133,3.133,169.1985626220703,xgboost_feat
PEAR_COMICE,ONLINE,NL-NB,2026-02-07,2026-02-07,Daily,,KG,3.133,3.133,127.31521606445312,xgboost_feat
PEAR_COMICE,ONLINE,NL-NB,2026-02-08,2026-02-08,Daily,,KG,3.133,3.133,135.5959930419922,xgboost_feat
PEAR_COMICE,ONLINE,NL-NB,2026-02-09,2026-02-09,Daily,,KG,3.133,3.133,154.50880432128906,xgboost_feat
PEAR_COMICE,ONLINE,NL-NB,2026-02-10,2026-02-10,Daily,,KG,3.133,3.133,156.96083068847656,xgboost_feat
PEAR_COMICE,ONLINE,NL-NB,2026-02-11,2026-02-11,Daily,,KG,3.133,3.133,155.108642578125,xgboost_feat
PEAR_COMICE,ONLINE,NL-NB,2026-02-12,2026-02-12,Daily,,KG,3.133,3.133,172.22296142578125,xgboost_feat
PEAR_COMICE,ONLINE,NL-NB,2026-02-13,2026-02-13,Daily,,KG,3.133,3.133,165.21035766601562,xgboost_feat
PEAR_COMICE,ONLINE,NL-NB,2026-02-14,2026-02-14,Daily,,KG,3.133,3.133,144.826171875,xgboost_feat
PEAR_COMICE,ONLINE,NL-NB,2026-02-15,2026-02-15,Daily,,KG,3.133,3.133,162.9198760986328,xgboost_feat
PEAR_COMICE,ONLINE,NL-NB,2026-02-16,2026-02-16,Daily,,KG,3.133,3.133,168.67701721191406,xgboost_feat
PEAR_COMICE,ONLINE,NL-NB,2026-02-17,2026-02-17,Daily,,KG,3.133,3.133,182.11363220214844,xgboost_feat
PEAR_COMICE,ONLINE,NL-NB,2026-02-18,2026-02-18,Daily,,KG,3.133,3.133,143.05032348632812,xgboost_feat
PEAR_COMICE,ONLINE,NL-NB,2026-02-19,2026-02-19,Daily,,KG,3.133,3.133,166.25523376464844,xgboost_feat
PEAR_COMICE,ONLINE,NL-NB,2026-02-20,2026-02-20,Daily,,KG,3.133,3.133,173.27439880371094,xgboost_feat
PEAR_COMICE,ONLINE,NL-NB,2026-02-21,2026-02-21,Daily,,KG,3.133,3.133,143.92408752441406,xgboost_feat
PEAR_COMICE,ONLINE,NL-NB,2026-02-22,2026-02-22,Daily,,KG,3.133,3.133,148.9304656982422,xgboost_feat
PEAR_COMICE,ONLINE,NL-NB,2026-02-23,2026-02-23,Daily,,KG,3.133,3.133,169.4726104736328,xgboost_feat
PEAR_COMICE,ONLINE,NL-NB,2026-02-24,2026-02-24,Daily,,KG,3.133,3.133,174.11285400390625,xgboost_feat
PEAR_COMICE,ONLINE,NL-NB,2026-02-25,2026-02-25,Daily,,KG,3.133,3.133,169.58795166015625,xgboost_feat
PEAR_COMICE,ONLINE,NL-NB,2026-02-26,2026-02-26,Daily,,KG,3.133,3.133,125.20062255859375,xgboost_feat
PEAR_COMICE,ONLINE,NL-NB,2026-02-27,2026-02-27,Daily,,KG,3.133,3.133,163.3489227294922,xgboost_feat
PEAR_COMICE,ONLINE,NL-NB,2026-02-28,2026-02-28,Daily,,KG,3.133,3.133,150.91253662109375,xgboost_feat
PEAR_COMICE,ONLINE,NL-NB,2026-03-01,2026-03-01,Daily,,KG,3.133,3.133,145.73556518554688,xgboost_feat
PEAR_COMICE,ONLINE,NL-NH,2026-02-02,2026-02-02,Daily,,KG,3.399,3.399,149.14236450195312,xgboost_feat
PEAR_COMICE,ONLINE,NL-NH,2026-02-03,2026-02-03,Daily,,KG,3.399,3.399,153.7291259765625,xgboost_feat
PEAR_COMICE,ONLINE,NL-NH,2026-02-04,2026-02-04,Daily,,KG,3.399,3.399,153.06741333007812,xgboost_feat
PEAR_COMICE,ONLINE,NL-NH,2026-02-05,2026-02-05,Daily,,KG,3.399,3.399,167.6915283203125,xgboost_feat
PEAR_COMICE,ONLINE,NL-NH,2026-02-06,2026-02-06,Daily,,KG,3.399,3.399,146.40835571289062,xgboost_feat
PEAR_COMICE,ONLINE,NL-NH,2026-02-07,2026-02-07,Daily,,KG,3.399,3.399,149.06227111816406,xgboost_feat
PEAR_COMICE,ONLINE,NL-NH,2026-02-08,2026-02-08,Daily,,KG,3.399,3.399,133.0492401123047,xgboost_feat
PEAR_COMICE,ONLINE,NL-NH,2026-02-09,2026-02-09,Daily,,KG,3.399,3.399,167.2447052001953,xgboost_feat
PEAR_COMICE,ONLINE,NL-NH,2026-02-10,2026-02-10,Daily,,KG,3.399,3.399,160.82701110839844,xgboost_feat
PEAR_COMICE,ONLINE,NL-NH,2026-02-11,2026-02-11,Daily,,KG,3.399,3.399,125.54153442382812,xgboost_feat
PEAR_COMICE,ONLINE,NL-NH,2026-02-12,2026-02-12,Daily,,KG,3.399,3.399,139.52879333496094,xgboost_feat
PEAR_COMICE,ONLINE,NL-NH,2026-02-13,2026-02-13,Daily,,KG,3.399,3.399,159.9316864013672,xgboost_feat
PEAR_COMICE,ONLINE,NL-NH,2026-02-14,2026-02-14,Daily,,KG,3.399,3.399,132.0908966064453,xgboost_feat
PEAR_COMICE,ONLINE,NL-NH,2026-02-15,2026-02-15,Daily,,KG,3.399,3.399,143.8164520263672,xgboost_feat
PEAR_COMICE,ONLINE,NL-NH,2026-02-16,2026-02-16,Daily,,KG,3.399,3.399,170.0089569091797,xgboost_feat
PEAR_COMICE,ONLINE,NL-NH,2026-02-17,2026-02-17,Daily,,KG,3.399,3.399,175.68556213378906,xgboost_feat
PEAR_COMICE,ONLINE,NL-NH,2026-02-18,2026-02-18,Daily,,KG,3.399,3.399,124.95430755615234,xgboost_feat
PEAR_COMICE,ONLINE,NL-NH,2026-02-19,2026-02-19,Daily,,KG,3.399,3.399,153.9438018798828,xgboost_feat
PEAR_COMICE,ONLINE,NL-NH,2026-02-20,2026-02-20,Daily,,KG,3.399,3.399,171.08433532714844,xgboost_feat
PEAR_COMICE,ONLINE,NL-NH,2026-02-21,2026-02-21,Daily,,KG,3.399,3.399,148.1566619873047,xgboost_feat
PEAR_COMICE,ONLINE,NL-NH,2026-02-22,2026-02-22,Daily,,KG,3.399,3.399,119.64624786376953,xgboost_feat
PEAR_COMICE,ONLINE,NL-NH,2026-02-23,2026-02-23,Daily,,KG,3.399,3.399,153.2145538330078,xgboost_feat
PEAR_COMICE,ONLINE,NL-NH,2026-02-24,2026-02-24,Daily,,KG,3.399,3.399,142.01150512695312,xgboost_feat
PEAR_COMICE,ONLINE,NL-NH,2026-02-25,2026-02-25,Daily,,KG,3.399,3.399,170.2052459716797,xgboost_feat
PEAR_COMICE,ONLINE,NL-NH,2026-02-26,2026-02-26,Daily,,KG,3.399,3.399,164.6205596923828,xgboost_feat
PEAR_COMICE,ONLINE,NL-NH,2026-02-27,2026-02-27,Daily,,KG,3.399,3.399,163.4441680908203,xgboost_feat
PEAR_COMICE,ONLINE,NL-NH,2026-02-28,2026-02-28,Daily,,KG,3.399,3.399,157.04246520996094,xgboost_feat
PEAR_COMICE,ONLINE,NL-NH,2026-03-01,2026-03-01,Daily,,KG,3.399,3.399,142.91943359375,xgboost_feat
PEAR_COMICE,ONLINE,NL-ZH,2026-02-02,2026-02-02,Daily,,KG,3.239,3.239,163.4493865966797,xgboost_feat
PEAR_COMICE,ONLINE,NL-ZH,2026-02-03,2026-02-03,Daily,,KG,3.239,3.239,166.2889404296875,xgboost_feat
PEAR_COMICE,ONLINE,NL-ZH,2026-02-04,2026-02-04,Daily,,KG,3.239,3.239,168.12515258789062,xgboost_feat
PEAR_COMICE,ONLINE,NL-ZH,2026-02-05,2026-02-05,Daily,,KG,3.239,3.239,183.1978302001953,xgboost_feat
PEAR_COMICE,ONLINE,NL-ZH,2026-02-06,2026-02-06,Daily,,KG,3.239,3.239,167.93423461914062,xgboost_feat
PEAR_COMICE,ONLINE,NL-ZH,2026-02-07,2026-02-07,Daily,,KG,3.239,3.239,132.43875122070312,xgboost_feat
PEAR_COMICE,ONLINE,NL-ZH,2026-02-08,2026-02-08,Daily,,KG,3.239,3.239,129.42576599121094,xgboost_feat
PEAR_COMICE,ONLINE,NL-ZH,2026-02-09,2026-02-09,Daily,,KG,3.239,3.239,162.8174591064453,xgboost_feat
PEAR_COMICE,ONLINE,NL-ZH,2026-02-10,2026-02-10,Daily,,KG,3.239,3.239,171.54701232910156,xgboost_feat
PEAR_COMICE,ONLINE,NL-ZH,2026-02-11,2026-02-11,Daily,,KG,3.239,3.239,143.1779327392578,xgboost_feat
PEAR_COMICE,ONLINE,NL-ZH,2026-02-12,2026-02-12,Daily,,KG,3.239,3.239,178.7410430908203,xgboost_feat
PEAR_COMICE,ONLINE,NL-ZH,2026-02-13,2026-02-13,Daily,,KG,3.239,3.239,178.81338500976562,xgboost_feat
PEAR_COMICE,ONLINE,NL-ZH,2026-02-14,2026-02-14,Daily,,KG,3.239,3.239,145.3713836669922,xgboost_feat
PEAR_COMICE,ONLINE,NL-ZH,2026-02-15,2026-02-15,Daily,,KG,3.239,3.239,152.81568908691406,xgboost_feat
PEAR_COMICE,ONLINE,NL-ZH,2026-02-16,2026-02-16,Daily,,KG,3.239,3.239,171.8928680419922,xgboost_feat
PEAR_COMICE,ONLINE,NL-ZH,2026-02-17,2026-02-17,Daily,,KG,3.239,3.239,184.16893005371094,xgboost_feat
PEAR_COMICE,ONLINE,NL-ZH,2026-02-18,2026-02-18,Daily,,KG,3.239,3.239,138.39877319335938,xgboost_feat
PEAR_COMICE,ONLINE,NL-ZH,2026-02-19,2026-02-19,Daily,,KG,3.239,3.239,170.23965454101562,xgboost_feat
PEAR_COMICE,ONLINE,NL-ZH,2026-02-20,2026-02-20,Daily,,KG,3.239,3.239,178.48985290527344,xgboost_feat
PEAR_COMICE,ONLINE,NL-ZH,2026-02-21,2026-02-21,Daily,,KG,3.239,3.239,141.57415771484375,xgboost_feat
PEAR_COMICE,ONLINE,NL-ZH,2026-02-22,2026-02-22,Daily,,KG,3.239,3.239,121.24060821533203,xgboost_feat
PEAR_COMICE,ONLINE,NL-ZH,2026-02-23,2026-02-23,Daily,,KG,3.239,3.239,157.8990478515625,xgboost_feat
PEAR_COMICE,ONLINE,NL-ZH,2026-02-24,2026-02-24,Daily,,KG,3.239,3.239,156.90908813476562,xgboost_feat
PEAR_COMICE,ONLINE,NL-ZH,2026-02-25,2026-02-25,Daily,,KG,3.239,3.239,173.8109130859375,xgboost_feat
PEAR_COMICE,ONLINE,NL-ZH,2026-02-26,2026-02-26,Daily,,KG,3.239,3.239,142.95120239257812,xgboost_feat
PEAR_COMICE,ONLINE,NL-ZH,2026-02-27,2026-02-27,Daily,,KG,3.239,3.239,167.82830810546875,xgboost_feat
PEAR_COMICE,ONLINE,NL-ZH,2026-02-28,2026-02-28,Daily,,KG,3.239,3.239,154.03189086914062,xgboost_feat
PEAR_COMICE,ONLINE,NL-ZH,2026-03-01,2026-03-01,Daily,,KG,3.239,3.239,147.0461883544922,xgboost_feat
PEAR_COMICE,RETAIL,NL-GE,2026-02-02,2026-02-02,Daily,,KG,2.823,2.823,159.50978088378906,xgboost_feat
PEAR_COMICE,RETAIL,NL-GE,2026-02-03,2026-02-03,Daily,,KG,2.823,2.823,172.50592041015625,xgboost_feat
PEAR_COMICE,RETAIL,NL-GE,2026-02-04,2026-02-04,Daily,,KG,2.823,2.823,158.59510803222656,xgboost_feat
PEAR_COMICE,RETAIL,NL-GE,2026-02-05,2026-02-05,Daily,,KG,2.823,2.823,168.63865661621094,xgboost_feat
PEAR_COMICE,RETAIL,NL-GE,2026-02-06,2026-02-06,Daily,,KG,2.823,2.823,160.42259216308594,xgboost_feat
PEAR_COMICE,RETAIL,NL-GE,2026-02-07,2026-02-07,Daily,,KG,2.823,2.823,142.15492248535156,xgboost_feat
PEAR_COMICE,RETAIL,NL-GE,2026-02-08,2026-02-08,Daily,,KG,2.823,2.823,138.33656311035156,xgboost_feat
PEAR_COMICE,RETAIL,NL-GE,2026-02-09,2026-02-09,Daily,,KG,2.823,2.823,152.1846466064453,xgboost_feat
PEAR_COMICE,RETAIL,NL-GE,2026-02-10,2026-02-10,Daily,,KG,2.823,2.823,149.03904724121094,xgboost_feat
PEAR_COMICE,RETAIL,NL-GE,2026-02-11,2026-02-11,Daily,,KG,2.823,2.823,133.73915100097656,xgboost_feat
PEAR_COMICE,RETAIL,NL-GE,2026-02-12,2026-02-12,Daily,,KG,2.823,2.823,156.8346405029297,xgboost_feat
PEAR_COMICE,RETAIL,NL-GE,2026-02-13,2026-02-13,Daily,,KG,2.823,2.823,170.2672576904297,xgboost_feat
PEAR_COMICE,RETAIL,NL-GE,2026-02-14,2026-02-14,Daily,,KG,2.823,2.823,144.0956573486328,xgboost_feat
PEAR_COMICE,RETAIL,NL-GE,2026-02-15,2026-02-15,Daily,,KG,2.823,2.823,143.2505340576172,xgboost_feat
PEAR_COMICE,RETAIL,NL-GE,2026-02-16,2026-02-16,Daily,,KG,2.823,2.823,168.16526794433594,xgboost_feat
PEAR_COMICE,RETAIL,NL-GE,2026-02-17,2026-02-17,Daily,,KG,2.823,2.823,170.3759002685547,xgboost_feat
PEAR_COMICE,RETAIL,NL-GE,2026-02-18,2026-02-18,Daily,,KG,2.823,2.823,128.9084014892578,xgboost_feat
PEAR_COMICE,RETAIL,NL-GE,2026-02-19,2026-02-19,Daily,,KG,2.823,2.823,155.34573364257812,xgboost_feat
PEAR_COMICE,RETAIL,NL-GE,2026-02-20,2026-02-20,Daily,,KG,2.823,2.823,169.4792938232422,xgboost_feat
PEAR_COMICE,RETAIL,NL-GE,2026-02-21,2026-02-21,Daily,,KG,2.823,2.823,141.3187255859375,xgboost_feat
PEAR_COMICE,RETAIL,NL-GE,2026-02-22,2026-02-22,Daily,,KG,2.823,2.823,134.34744262695312,xgboost_feat
PEAR_COMICE,RETAIL,NL-GE,2026-02-23,2026-02-23,Daily,,KG,2.823,2.823,158.47518920898438,xgboost_feat
PEAR_COMICE,RETAIL,NL-GE,2026-02-24,2026-02-24,Daily,,KG,2.823,2.823,156.8592529296875,xgboost_feat
PEAR_COMICE,RETAIL,NL-GE,2026-02-25,2026-02-25,Daily,,KG,2.823,2.823,169.32769775390625,xgboost_feat
PEAR_COMICE,RETAIL,NL-GE,2026-02-26,2026-02-26,Daily,,KG,2.823,2.823,144.76795959472656,xgboost_feat
PEAR_COMICE,RETAIL,NL-GE,2026-02-27,2026-02-27,Daily,,KG,2.823,2.823,163.57107543945312,xgboost_feat
PEAR_COMICE,RETAIL,NL-GE,2026-02-28,2026-02-28,Daily,,KG,2.823,2.823,162.5718994140625,xgboost_feat
PEAR_COMICE,RETAIL,NL-GE,2026-03-01,2026-03-01,Daily,,KG,2.823,2.823,145.1161651611328,xgboost_feat
PEAR_COMICE,RETAIL,NL-NB,2026-02-02,2026-02-02,Daily,,KG,3.337,3.337,169.40956115722656,xgboost_feat
PEAR_COMICE,RETAIL,NL-NB,2026-02-03,2026-02-03,Daily,,KG,3.337,3.337,169.54989624023438,xgboost_feat
PEAR_COMICE,RETAIL,NL-NB,2026-02-04,2026-02-04,Daily,,KG,3.337,3.337,161.6453094482422,xgboost_feat
PEAR_COMICE,RETAIL,NL-NB,2026-02-05,2026-02-05,Daily,,KG,3.337,3.337,179.4036865234375,xgboost_feat
PEAR_COMICE,RETAIL,NL-NB,2026-02-06,2026-02-06,Daily,,KG,3.337,3.337,167.38108825683594,xgboost_feat
PEAR_COMICE,RETAIL,NL-NB,2026-02-07,2026-02-07,Daily,,KG,3.337,3.337,138.1602020263672,xgboost_feat
PEAR_COMICE,RETAIL,NL-NB,2026-02-08,2026-02-08,Daily,,KG,3.337,3.337,138.2346649169922,xgboost_feat
PEAR_COMICE,RETAIL,NL-NB,2026-02-09,2026-02-09,Daily,,KG,3.337,3.337,152.84820556640625,xgboost_feat
PEAR_COMICE,RETAIL,NL-NB,2026-02-10,2026-02-10,Daily,,KG,3.337,3.337,152.61407470703125,xgboost_feat
PEAR_COMICE,RETAIL,NL-NB,2026-02-11,2026-02-11,Daily,,KG,3.337,3.337,151.23406982421875,xgboost_feat
PEAR_COMICE,RETAIL,NL-NB,2026-02-12,2026-02-12,Daily,,KG,3.337,3.337,165.26318359375,xgboost_feat
PEAR_COMICE,RETAIL,NL-NB,2026-02-13,2026-02-13,Daily,,KG,3.337,3.337,164.86781311035156,xgboost_feat
PEAR_COMICE,RETAIL,NL-NB,2026-02-14,2026-02-14,Daily,,KG,3.337,3.337,138.3480987548828,xgboost_feat
PEAR_COMICE,RETAIL,NL-NB,2026-02-15,2026-02-15,Daily,,KG,3.337,3.337,149.2193603515625,xgboost_feat
PEAR_COMICE,RETAIL,NL-NB,2026-02-16,2026-02-16,Daily,,KG,3.337,3.337,170.16336059570312,xgboost_feat
PEAR_COMICE,RETAIL,NL-NB,2026-02-17,2026-02-17,Daily,,KG,3.337,3.337,184.45298767089844,xgboost_feat
PEAR_COMICE,RETAIL,NL-NB,2026-02-18,2026-02-18,Daily,,KG,3.337,3.337,145.23228454589844,xgboost_feat
PEAR_COMICE,RETAIL,NL-NB,2026-02-19,2026-02-19,Daily,,KG,3.337,3.337,165.15052795410156,xgboost_feat
PEAR_COMICE,RETAIL,NL-NB,2026-02-20,2026-02-20,Daily,,KG,3.337,3.337,175.77786254882812,xgboost_feat
PEAR_COMICE,RETAIL,NL-NB,2026-02-21,2026-02-21,Daily,,KG,3.337,3.337,144.15817260742188,xgboost_feat
PEAR_COMICE,RETAIL,NL-NB,2026-02-22,2026-02-22,Daily,,KG,3.337,3.337,146.90940856933594,xgboost_feat
PEAR_COMICE,RETAIL,NL-NB,2026-02-23,2026-02-23,Daily,,KG,3.337,3.337,170.68853759765625,xgboost_feat
PEAR_COMICE,RETAIL,NL-NB,2026-02-24,2026-02-24,Daily,,KG,3.337,3.337,174.36598205566406,xgboost_feat
PEAR_COMICE,RETAIL,NL-NB,2026-02-25,2026-02-25,Daily,,KG,3.337,3.337,170.28831481933594,xgboost_feat
PEAR_COMICE,RETAIL,NL-NB,2026-02-26,2026-02-26,Daily,,KG,3.337,3.337,130.14573669433594,xgboost_feat
PEAR_COMICE,RETAIL,NL-NB,2026-02-27,2026-02-27,Daily,,KG,3.337,3.337,173.56907653808594,xgboost_feat
PEAR_COMICE,RETAIL,NL-NB,2026-02-28,2026-02-28,Daily,,KG,3.337,3.337,158.2476806640625,xgboost_feat
PEAR_COMICE,RETAIL,NL-NB,2026-03-01,2026-03-01,Daily,,KG,3.337,3.337,152.24537658691406,xgboost_feat
PEAR_COMICE,RETAIL,NL-NH,2026-02-02,2026-02-02,Daily,,KG,3.504,3.504,163.7213134765625,xgboost_feat
PEAR_COMICE,RETAIL,NL-NH,2026-02-03,2026-02-03,Daily,,KG,3.504,3.504,164.23687744140625,xgboost_feat
PEAR_COMICE,RETAIL,NL-NH,2026-02-04,2026-02-04,Daily,,KG,3.504,3.504,158.4486541748047,xgboost_feat
PEAR_COMICE,RETAIL,NL-NH,2026-02-05,2026-02-05,Daily,,KG,3.504,3.504,184.0277862548828,xgboost_feat
PEAR_COMICE,RETAIL,NL-NH,2026-02-06,2026-02-06,Daily,,KG,3.504,3.504,156.37989807128906,xgboost_feat
PEAR_COMICE,RETAIL,NL-NH,2026-02-07,2026-02-07,Daily,,KG,3.504,3.504,154.40658569335938,xgboost_feat
PEAR_COMICE,RETAIL,NL-NH,2026-02-08,2026-02-08,Daily,,KG,3.504,3.504,140.02377319335938,xgboost_feat
PEAR_COMICE,RETAIL,NL-NH,2026-02-09,2026-02-09,Daily,,KG,3.504,3.504,151.80609130859375,xgboost_feat
PEAR_COMICE,RETAIL,NL-NH,2026-02-10,2026-02-10,Daily,,KG,3.504,3.504,158.3457489013672,xgboost_feat
PEAR_COMICE,RETAIL,NL-NH,2026-02-11,2026-02-11,Daily,,KG,3.504,3.504,129.209716796875,xgboost_feat
PEAR_COMICE,RETAIL,NL-NH,2026-02-12,2026-02-12,Daily,,KG,3.504,3.504,142.03843688964844,xgboost_feat
PEAR_COMICE,RETAIL,NL-NH,2026-02-13,2026-02-13,Daily,,KG,3.504,3.504,149.6062774658203,xgboost_feat
PEAR_COMICE,RETAIL,NL-NH,2026-02-14,2026-02-14,Daily,,KG,3.504,3.504,135.19076538085938,xgboost_feat
PEAR_COMICE,RETAIL,NL-NH,2026-02-15,2026-02-15,Daily,,KG,3.504,3.504,133.54684448242188,xgboost_feat
PEAR_COMICE,RETAIL,NL-NH,2026-02-16,2026-02-16,Daily,,KG,3.504,3.504,161.00259399414062,xgboost_feat
PEAR_COMICE,RETAIL,NL-NH,2026-02-17,2026-02-17,Daily,,KG,3.504,3.504,178.11483764648438,xgboost_feat
PEAR_COMICE,RETAIL,NL-NH,2026-02-18,2026-02-18,Daily,,KG,3.504,3.504,127.0998764038086,xgboost_feat
PEAR_COMICE,RETAIL,NL-NH,2026-02-19,2026-02-19,Daily,,KG,3.504,3.504,151.71372985839844,xgboost_feat
PEAR_COMICE,RETAIL,NL-NH,2026-02-20,2026-02-20,Daily,,KG,3.504,3.504,175.6852264404297,xgboost_feat
PEAR_COMICE,RETAIL,NL-NH,2026-02-21,2026-02-21,Daily,,KG,3.504,3.504,146.66571044921875,xgboost_feat
PEAR_COMICE,RETAIL,NL-NH,2026-02-22,2026-02-22,Daily,,KG,3.504,3.504,128.50079345703125,xgboost_feat
PEAR_COMICE,RETAIL,NL-NH,2026-02-23,2026-02-23,Daily,,KG,3.504,3.504,160.26754760742188,xgboost_feat
PEAR_COMICE,RETAIL,NL-NH,2026-02-24,2026-02-24,Daily,,KG,3.504,3.504,144.42416381835938,xgboost_feat
PEAR_COMICE,RETAIL,NL-NH,2026-02-25,2026-02-25,Daily,,KG,3.504,3.504,178.0457763671875,xgboost_feat
PEAR_COMICE,RETAIL,NL-NH,2026-02-26,2026-02-26,Daily,,KG,3.504,3.504,171.7784881591797,xgboost_feat
PEAR_COMICE,RETAIL,NL-NH,2026-02-27,2026-02-27,Daily,,KG,3.504,3.504,179.88711547851562,xgboost_feat
PEAR_COMICE,RETAIL,NL-NH,2026-02-28,2026-02-28,Daily,,KG,3.504,3.504,157.91429138183594,xgboost_feat
PEAR_COMICE,RETAIL,NL-NH,2026-03-01,2026-03-01,Daily,,KG,3.504,3.504,144.4364776611328,xgboost_feat
PEAR_COMICE,RETAIL,NL-ZH,2026-02-02,2026-02-02,Daily,,KG,3.299,3.299,169.13941955566406,xgboost_feat
PEAR_COMICE,RETAIL,NL-ZH,2026-02-03,2026-02-03,Daily,,KG,3.299,3.299,172.24232482910156,xgboost_feat
PEAR_COMICE,RETAIL,NL-ZH,2026-02-04,2026-02-04,Daily,,KG,3.299,3.299,167.2666778564453,xgboost_feat
PEAR_COMICE,RETAIL,NL-ZH,2026-02-05,2026-02-05,Daily,,KG,3.299,3.299,187.4536590576172,xgboost_feat
PEAR_COMICE,RETAIL,NL-ZH,2026-02-06,2026-02-06,Daily,,KG,3.299,3.299,165.0243377685547,xgboost_feat
PEAR_COMICE,RETAIL,NL-ZH,2026-02-07,2026-02-07,Daily,,KG,3.299,3.299,140.85305786132812,xgboost_feat
PEAR_COMICE,RETAIL,NL-ZH,2026-02-08,2026-02-08,Daily,,KG,3.299,3.299,133.98989868164062,xgboost_feat
PEAR_COMICE,RETAIL,NL-ZH,2026-02-09,2026-02-09,Daily,,KG,3.299,3.299,155.1031494140625,xgboost_feat
PEAR_COMICE,RETAIL,NL-ZH,2026-02-10,2026-02-10,Daily,,KG,3.299,3.299,162.13645935058594,xgboost_feat
PEAR_COMICE,RETAIL,NL-ZH,2026-02-11,2026-02-11,Daily,,KG,3.299,3.299,138.20680236816406,xgboost_feat
PEAR_COMICE,RETAIL,NL-ZH,2026-02-12,2026-02-12,Daily,,KG,3.299,3.299,160.248291015625,xgboost_feat
PEAR_COMICE,RETAIL,NL-ZH,2026-02-13,2026-02-13,Daily,,KG,3.299,3.299,166.8285369873047,xgboost_feat
PEAR_COMICE,RETAIL,NL-ZH,2026-02-14,2026-02-14,Daily,,KG,3.299,3.299,137.56344604492188,xgboost_feat
PEAR_COMICE,RETAIL,NL-ZH,2026-02-15,2026-02-15,Daily,,KG,3.299,3.299,136.559326171875,xgboost_feat
PEAR_COMICE,RETAIL,NL-ZH,2026-02-16,2026-02-16,Daily,,KG,3.299,3.299,166.08114624023438,xgboost_feat
PEAR_COMICE,RETAIL,NL-ZH,2026-02-17,2026-02-17,Daily,,KG,3.299,3.299,183.5607147216797,xgboost_feat
PEAR_COMICE,RETAIL,NL-ZH,2026-02-18,2026-02-18,Daily,,KG,3.299,3.299,136.4358673095703,xgboost_feat
PEAR_COMICE,RETAIL,NL-ZH,2026-02-19,2026-02-19,Daily,,KG,3.299,3.299,160.48011779785156,xgboost_feat
PEAR_COMICE,RETAIL,NL-ZH,2026-02-20,2026-02-20,Daily,,KG,3.299,3.299,172.1042022705078,xgboost_feat
PEAR_COMICE,RETAIL,NL-ZH,2026-02-21,2026-02-21,Daily,,KG,3.299,3.299,142.38314819335938,xgboost_feat
PEAR_COMICE,RETAIL,NL-ZH,2026-02-22,2026-02-22,Daily,,KG,3.299,3.299,123.48097229003906,xgboost_feat
PEAR_COMICE,RETAIL,NL-ZH,2026-02-23,2026-02-23,Daily,,KG,3.299,3.299,156.20553588867188,xgboost_feat
PEAR_COMICE,RETAIL,NL-ZH,2026-02-24,2026-02-24,Daily,,KG,3.299,3.299,157.86642456054688,xgboost_feat
PEAR_COMICE,RETAIL,NL-ZH,2026-02-25,2026-02-25,Daily,,KG,3.299,3.299,182.7101593017578,xgboost_feat
PEAR_COMICE,RETAIL,NL-ZH,2026-02-26,2026-02-26,Daily,,KG,3.299,3.299,148.95266723632812,xgboost_feat
PEAR_COMICE,RETAIL,NL-ZH,2026-02-27,2026-02-27,Daily,,KG,3.299,3.299,176.72666931152344,xgboost_feat
PEAR_COMICE,RETAIL,NL-ZH,2026-02-28,2026-02-28,Daily,,KG,3.299,3.299,157.1696319580078,xgboost_feat
PEAR_COMICE,RETAIL,NL-ZH,2026-03-01,2026-03-01,Daily,,KG,3.299,3.299,149.947509765625,xgboost_feat
PEAR_COMICE,WHOLESALE,NL-GE,2026-02-02,2026-02-02,Daily,,KG,3.166,3.166,159.95477294921875,xgboost_feat
PEAR_COMICE,WHOLESALE,NL-GE,2026-02-03,2026-02-03,Daily,,KG,3.166,3.166,171.17027282714844,xgboost_feat
PEAR_COMICE,WHOLESALE,NL-GE,2026-02-04,2026-02-04,Daily,,KG,3.166,3.166,159.53506469726562,xgboost_feat
PEAR_COMICE,WHOLESALE,NL-GE,2026-02-05,2026-02-05,Daily,,KG,3.166,3.166,171.1293182373047,xgboost_feat
PEAR_COMICE,WHOLESALE,NL-GE,2026-02-06,2026-02-06,Daily,,KG,3.166,3.166,161.18003845214844,xgboost_feat
PEAR_COMICE,WHOLESALE,NL-GE,2026-02-07,2026-02-07,Daily,,KG,3.166,3.166,138.42892456054688,xgboost_feat
PEAR_COMICE,WHOLESALE,NL-GE,2026-02-08,2026-02-08,Daily,,KG,3.166,3.166,133.14805603027344,xgboost_feat
PEAR_COMICE,WHOLESALE,NL-GE,2026-02-09,2026-02-09,Daily,,KG,3.166,3.166,149.78501892089844,xgboost_feat
PEAR_COMICE,WHOLESALE,NL-GE,2026-02-10,2026-02-10,Daily,,KG,3.166,3.166,148.8872833251953,xgboost_feat
PEAR_COMICE,WHOLESALE,NL-GE,2026-02-11,2026-02-11,Daily,,KG,3.166,3.166,132.50437927246094,xgboost_feat
PEAR_COMICE,WHOLESALE,NL-GE,2026-02-12,2026-02-12,Daily,,KG,3.166,3.166,156.88516235351562,xgboost_feat
PEAR_COMICE,WHOLESALE,NL-GE,2026-02-13,2026-02-13,Daily,,KG,3.166,3.166,170.86280822753906,xgboost_feat
PEAR_COMICE,WHOLESALE,NL-GE,2026-02-14,2026-02-14,Daily,,KG,3.166,3.166,154.4709930419922,xgboost_feat
PEAR_COMICE,WHOLESALE,NL-GE,2026-02-15,2026-02-15,Daily,,KG,3.166,3.166,151.18943786621094,xgboost_feat
PEAR_COMICE,WHOLESALE,NL-GE,2026-02-16,2026-02-16,Daily,,KG,3.166,3.166,170.28146362304688,xgboost_feat
PEAR_COMICE,WHOLESALE,NL-GE,2026-02-17,2026-02-17,Daily,,KG,3.166,3.166,166.0422821044922,xgboost_feat
PEAR_COMICE,WHOLESALE,NL-GE,2026-02-18,2026-02-18,Daily,,KG,3.166,3.166,128.78189086914062,xgboost_feat
PEAR_COMICE,WHOLESALE,NL-GE,2026-02-19,2026-02-19,Daily,,KG,3.166,3.166,155.4405517578125,xgboost_feat
PEAR_COMICE,WHOLESALE,NL-GE,2026-02-20,2026-02-20,Daily,,KG,3.166,3.166,167.6806182861328,xgboost_feat
PEAR_COMICE,WHOLESALE,NL-GE,2026-02-21,2026-02-21,Daily,,KG,3.166,3.166,140.6043243408203,xgboost_feat
PEAR_COMICE,WHOLESALE,NL-GE,2026-02-22,2026-02-22,Daily,,KG,3.166,3.166,134.92408752441406,xgboost_feat
PEAR_COMICE,WHOLESALE,NL-GE,2026-02-23,2026-02-23,Daily,,KG,3.166,3.166,158.00685119628906,xgboost_feat
PEAR_COMICE,WHOLESALE,NL-GE,2026-02-24,2026-02-24,Daily,,KG,3.166,3.166,157.00213623046875,xgboost_feat
PEAR_COMICE,WHOLESALE,NL-GE,2026-02-25,2026-02-25,Daily,,KG,3.166,3.166,167.91041564941406,xgboost_feat
PEAR_COMICE,WHOLESALE,NL-GE,2026-02-26,2026-02-26,Daily,,KG,3.166,3.166,146.75100708007812,xgboost_feat
PEAR_COMICE,WHOLESALE,NL-GE,2026-02-27,2026-02-27,Daily,,KG,3.166,3.166,164.56671142578125,xgboost_feat
PEAR_COMICE,WHOLESALE,NL-GE,2026-02-28,2026-02-28,Daily,,KG,3.166,3.166,164.75997924804688,xgboost_feat
PEAR_COMICE,WHOLESALE,NL-GE,2026-03-01,2026-03-01,Daily,,KG,3.166,3.166,147.4806671142578,xgboost_feat
PEAR_COMICE,WHOLESALE,NL-NB,2026-02-02,2026-02-02,Daily,,KG,3.012,3.012,171.3018035888672,xgboost_feat
PEAR_COMICE,WHOLESALE,NL-NB,2026-02-03,2026-02-03,Daily,,KG,3.012,3.012,174.64759826660156,xgboost_feat
PEAR_COMICE,WHOLESALE,NL-NB,2026-02-04,2026-02-04,Daily,,KG,3.012,3.012,161.0976104736328,xgboost_feat
PEAR_COMICE,WHOLESALE,NL-NB,2026-02-05,2026-02-05,Daily,,KG,3.012,3.012,177.96270751953125,xgboost_feat
PEAR_COMICE,WHOLESALE,NL-NB,2026-02-06,2026-02-06,Daily,,KG,3.012,3.012,168.39663696289062,xgboost_feat
PEAR_COMICE,WHOLESALE,NL-NB,2026-02-07,2026-02-07,Daily,,KG,3.012,3.012,135.43484497070312,xgboost_feat
PEAR_COMICE,WHOLESALE,NL-NB,2026-02-08,2026-02-08,Daily,,KG,3.012,3.012,132.8280029296875,xgboost_feat
PEAR_COMICE,WHOLESALE,NL-NB,2026-02-09,2026-02-09,Daily,,KG,3.012,3.012,155.80624389648438,xgboost_feat
PEAR_COMICE,WHOLESALE,NL-NB,2026-02-10,2026-02-10,Daily,,KG,3.012,3.012,150.90118408203125,xgboost_feat
PEAR_COMICE,WHOLESALE,NL-NB,2026-02-11,2026-02-11,Daily,,KG,3.012,3.012,151.48171997070312,xgboost_feat
PEAR_COMICE,WHOLESALE,NL-NB,2026-02-12,2026-02-12,Daily,,KG,3.012,3.012,165.33164978027344,xgboost_feat
PEAR_COMICE,WHOLESALE,NL-NB,2026-02-13,2026-02-13,Daily,,KG,3.012,3.012,163.53602600097656,xgboost_feat
PEAR_COMICE,WHOLESALE,NL-NB,2026-02-14,2026-02-14,Daily,,KG,3.012,3.012,143.5821533203125,xgboost_feat
PEAR_COMICE,WHOLESALE,NL-NB,2026-02-15,2026-02-15,Daily,,KG,3.012,3.012,161.18516540527344,xgboost_feat
PEAR_COMICE,WHOLESALE,NL-NB,2026-02-16,2026-02-16,Daily,,KG,3.012,3.012,168.23606872558594,xgboost_feat
PEAR_COMICE,WHOLESALE,NL-NB,2026-02-17,2026-02-17,Daily,,KG,3.012,3.012,183.48902893066406,xgboost_feat
PEAR_COMICE,WHOLESALE,NL-NB,2026-02-18,2026-02-18,Daily,,KG,3.012,3.012,145.22494506835938,xgboost_feat
PEAR_COMICE,WHOLESALE,NL-NB,2026-02-19,2026-02-19,Daily,,KG,3.012,3.012,165.03506469726562,xgboost_feat
PEAR_COMICE,WHOLESALE,NL-NB,2026-02-20,2026-02-20,Daily,,KG,3.012,3.012,174.95355224609375,xgboost_feat
PEAR_COMICE,WHOLESALE,NL-NB,2026-02-21,2026-02-21,Daily,,KG,3.012,3.012,145.82955932617188,xgboost_feat
PEAR_COMICE,WHOLESALE,NL-NB,2026-02-22,2026-02-22,Daily,,KG,3.012,3.012,147.85748291015625,xgboost_feat
PEAR_COMICE,WHOLESALE,NL-NB,2026-02-23,2026-02-23,Daily,,KG,3.012,3.012,170.7395782470703,xgboost_feat
PEAR_COMICE,WHOLESALE,NL-NB,2026-02-24,2026-02-24,Daily,,KG,3.012,3.012,174.53256225585938,xgboost_feat
PEAR_COMICE,WHOLESALE,NL-NB,2026-02-25,2026-02-25,Daily,,KG,3.012,3.012,174.68955993652344,xgboost_feat
PEAR_COMICE,WHOLESALE,NL-NB,2026-02-26,2026-02-26,Daily,,KG,3.012,3.012,132.50033569335938,xgboost_feat
PEAR_COMICE,WHOLESALE,NL-NB,2026-02-27,2026-02-27,Daily,,KG,3.012,3.012,172.92013549804688,xgboost_feat
PEAR_COMICE,WHOLESALE,NL-NB,2026-02-28,2026-02-28,Daily,,KG,3.012,3.012,163.329833984375,xgboost_feat
PEAR_COMICE,WHOLESALE,NL-NB,2026-03-01,2026-03-01,Daily,,KG,3.012,3.012,148.841552734375,xgboost_feat
PEAR_COMICE,WHOLESALE,NL-NH,2026-02-02,2026-02-02,Daily,,KG,3.391,3.391,164.46438598632812,xgboost_feat
PEAR_COMICE,WHOLESALE,NL-NH,2026-02-03,2026-02-03,Daily,,KG,3.391,3.391,164.33908081054688,xgboost_feat
PEAR_COMICE,WHOLESALE,NL-NH,2026-02-04,2026-02-04,Daily,,KG,3.391,3.391,157.2948760986328,xgboost_feat
PEAR_COMICE,WHOLESALE,NL-NH,2026-02-05,2026-02-05,Daily,,KG,3.391,3.391,184.4783477783203,xgboost_feat
PEAR_COMICE,WHOLESALE,NL-NH,2026-02-06,2026-02-06,Daily,,KG,3.391,3.391,155.9407958984375,xgboost_feat
PEAR_COMICE,WHOLESALE,NL-NH,2026-02-07,2026-02-07,Daily,,KG,3.391,3.391,156.1353302001953,xgboost_feat
PEAR_COMICE,WHOLESALE,NL-NH,2026-02-08,2026-02-08,Daily,,KG,3.391,3.391,135.2512969970703,xgboost_feat
PEAR_COMICE,WHOLESALE,NL-NH,2026-02-09,2026-02-09,Daily,,KG,3.391,3.391,150.1924591064453,xgboost_feat
PEAR_COMICE,WHOLESALE,NL-NH,2026-02-10,2026-02-10,Daily,,KG,3.391,3.391,156.57235717773438,xgboost_feat
PEAR_COMICE,WHOLESALE,NL-NH,2026-02-11,2026-02-11,Daily,,KG,3.391,3.391,128.26409912109375,xgboost_feat
PEAR_COMICE,WHOLESALE,NL-NH,2026-02-12,2026-02-12,Daily,,KG,3.391,3.391,145.5768280029297,xgboost_feat
PEAR_COMICE,WHOLESALE,NL-NH,2026-02-13,2026-02-13,Daily,,KG,3.391,3.391,149.84425354003906,xgboost_feat
PEAR_COMICE,WHOLESALE,NL-NH,2026-02-14,2026-02-14,Daily,,KG,3.391,3.391,134.65530395507812,xgboost_feat
PEAR_COMICE,WHOLESALE,NL-NH,2026-02-15,2026-02-15,Daily,,KG,3.391,3.391,142.70285034179688,xgboost_feat
PEAR_COMICE,WHOLESALE,NL-NH,2026-02-16,2026-02-16,Daily,,KG,3.391,3.391,164.3705596923828,xgboost_feat
PEAR_COMICE,WHOLESALE,NL-NH,2026-02-17,2026-02-17,Daily,,KG,3.391,3.391,179.53123474121094,xgboost_feat
PEAR_COMICE,WHOLESALE,NL-NH,2026-02-18,2026-02-18,Daily,,KG,3.391,3.391,126.25704193115234,xgboost_feat
PEAR_COMICE,WHOLESALE,NL-NH,2026-02-19,2026-02-19,Daily,,KG,3.391,3.391,150.04994201660156,xgboost_feat
PEAR_COMICE,WHOLESALE,NL-NH,2026-02-20,2026-02-20,Daily,,KG,3.391,3.391,174.3446044921875,xgboost_feat
PEAR_COMICE,WHOLESALE,NL-NH,2026-02-21,2026-02-21,Daily,,KG,3.391,3.391,145.95590209960938,xgboost_feat
PEAR_COMICE,WHOLESALE,NL-NH,2026-02-22,2026-02-22,Daily,,KG,3.391,3.391,127.68453216552734,xgboost_feat
PEAR_COMICE,WHOLESALE,NL-NH,2026-02-23,2026-02-23,Daily,,KG,3.391,3.391,159.6161651611328,xgboost_feat
PEAR_COMICE,WHOLESALE,NL-NH,2026-02-24,2026-02-24,Daily,,KG,3.391,3.391,144.43020629882812,xgboost_feat
PEAR_COMICE,WHOLESALE,NL-NH,2026-02-25,2026-02-25,Daily,,KG,3.391,3.391,177.57839965820312,xgboost_feat
PEAR_COMICE,WHOLESALE,NL-NH,2026-02-26,2026-02-26,Daily,,KG,3.391,3.391,167.43251037597656,xgboost_feat
PEAR_COMICE,WHOLESALE,NL-NH,2026-02-27,2026-02-27,Daily,,KG,3.391,3.391,177.5237274169922,xgboost_feat
PEAR_COMICE,WHOLESALE,NL-NH,2026-02-28,2026-02-28,Daily,,KG,3.391,3.391,154.50990295410156,xgboost_feat
PEAR_COMICE,WHOLESALE,NL-NH,2026-03-01,2026-03-01,Daily,,KG,3.391,3.391,147.55929565429688,xgboost_feat
PEAR_COMICE,WHOLESALE,NL-ZH,2026-02-02,2026-02-02,Daily,,KG,3.491,3.491,172.77711486816406,xgboost_feat
PEAR_COMICE,WHOLESALE,NL-ZH,2026-02-03,2026-02-03,Daily,,KG,3.491,3.491,169.91934204101562,xgboost_feat
PEAR_COMICE,WHOLESALE,NL-ZH,2026-02-04,2026-02-04,Daily,,KG,3.491,3.491,167.0259246826172,xgboost_feat
PEAR_COMICE,WHOLESALE,NL-ZH,2026-02-05,2026-02-05,Daily,,KG,3.491,3.491,188.76528930664062,xgboost_feat
PEAR_COMICE,WHOLESALE,NL-ZH,2026-02-06,2026-02-06,Daily,,KG,3.491,3.491,165.0404815673828,xgboost_feat
PEAR_COMICE,WHOLESALE,NL-ZH,2026-02-07,2026-02-07,Daily,,KG,3.491,3.491,140.8714141845703,xgboost_feat
PEAR_COMICE,WHOLESALE,NL-ZH,2026-02-08,2026-02-08,Daily,,KG,3.491,3.491,133.46218872070312,xgboost_feat
PEAR_COMICE,WHOLESALE,NL-ZH,2026-02-09,2026-02-09,Daily,,KG,3.491,3.491,154.71078491210938,xgboost_feat
PEAR_COMICE,WHOLESALE,NL-ZH,2026-02-10,2026-02-10,Daily,,KG,3.491,3.491,162.73226928710938,xgboost_feat
PEAR_COMICE,WHOLESALE,NL-ZH,2026-02-11,2026-02-11,Daily,,KG,3.491,3.491,138.16722106933594,xgboost_feat
PEAR_COMICE,WHOLESALE,NL-ZH,2026-02-12,2026-02-12,Daily,,KG,3.491,3.491,161.1048583984375,xgboost_feat
PEAR_COMICE,WHOLESALE,NL-ZH,2026-02-13,2026-02-13,Daily,,KG,3.491,3.491,166.8285369873047,xgboost_feat
PEAR_COMICE,WHOLESALE,NL-ZH,2026-02-14,2026-02-14,Daily,,KG,3.491,3.491,137.5703125,xgboost_feat
PEAR_COMICE,WHOLESALE,NL-ZH,2026-02-15,2026-02-15,Daily,,KG,3.491,3.491,137.0340576171875,xgboost_feat
PEAR_COMICE,WHOLESALE,NL-ZH,2026-02-16,2026-02-16,Daily,,KG,3.491,3.491,164.9161834716797,xgboost_feat
PEAR_COMICE,WHOLESALE,NL-ZH,2026-02-17,2026-02-17,Daily,,KG,3.491,3.491,183.5907440185547,xgboost_feat
PEAR_COMICE,WHOLESALE,NL-ZH,2026-02-18,2026-02-18,Daily,,KG,3.491,3.491,136.36875915527344,xgboost_feat
PEAR_COMICE,WHOLESALE,NL-ZH,2026-02-19,2026-02-19,Daily,,KG,3.491,3.491,161.28196716308594,xgboost_feat
PEAR_COMICE,WHOLESALE,NL-ZH,2026-02-20,2026-02-20,Daily,,KG,3.491,3.491,172.1042022705078,xgboost_feat
PEAR_COMICE,WHOLESALE,NL-ZH,2026-02-21,2026-02-21,Daily,,KG,3.491,3.491,142.38314819335938,xgboost_feat
PEAR_COMICE,WHOLESALE,NL-ZH,2026-02-22,2026-02-22,Daily,,KG,3.491,3.491,123.48097229003906,xgboost_feat
PEAR_COMICE,WHOLESALE,NL-ZH,2026-02-23,2026-02-23,Daily,,KG,3.491,3.491,155.9424285888672,xgboost_feat
PEAR_COMICE,WHOLESALE,NL-ZH,2026-02-24,2026-02-24,Daily,,KG,3.491,3.491,155.704345703125,xgboost_feat
PEAR_COMICE,WHOLESALE,NL-ZH,2026-02-25,2026-02-25,Daily,,KG,3.491,3.491,182.86932373046875,xgboost_feat
PEAR_COMICE,WHOLESALE,NL-ZH,2026-02-26,2026-02-26,Daily,,KG,3.491,3.491,148.95266723632812,xgboost_feat
PEAR_COMICE,WHOLESALE,NL-ZH,2026-02-27,2026-02-27,Daily,,KG,3.491,3.491,178.5569305419922,xgboost_feat
PEAR_COMICE,WHOLESALE,NL-ZH,2026-02-28,2026-02-28,Daily,,KG,3.491,3.491,158.81581115722656,xgboost_feat
PEAR_COMICE,WHOLESALE,NL-ZH,2026-03-01,2026-03-01,Daily,,KG,3.491,3.491,149.70120239257812,xgboost_feat
PEAR_CONFERENCE,ONLINE,NL-GE,2026-02-02,2026-02-02,Daily,,KG,2.933,2.933,139.70343017578125,xgboost_feat
PEAR_CONFERENCE,ONLINE,NL-GE,2026-02-03,2026-02-03,Daily,,KG,2.933,2.933,129.84376525878906,xgboost_feat
PEAR_CONFERENCE,ONLINE,NL-GE,2026-02-04,2026-02-04,Daily,,KG,2.933,2.933,126.6479721069336,xgboost_feat
PEAR_CONFERENCE,ONLINE,NL-GE,2026-02-05,2026-02-05,Daily,,KG,2.933,2.933,130.58399963378906,xgboost_feat
PEAR_CONFERENCE,ONLINE,NL-GE,2026-02-06,2026-02-06,Daily,,KG,2.933,2.933,131.2639617919922,xgboost_feat
PEAR_CONFERENCE,ONLINE,NL-GE,2026-02-07,2026-02-07,Daily,,KG,2.933,2.933,115.93511199951172,xgboost_feat
PEAR_CONFERENCE,ONLINE,NL-GE,2026-02-08,2026-02-08,Daily,,KG,2.933,2.933,111.95105743408203,xgboost_feat
PEAR_CONFERENCE,ONLINE,NL-GE,2026-02-09,2026-02-09,Daily,,KG,2.933,2.933,138.18377685546875,xgboost_feat
PEAR_CONFERENCE,ONLINE,NL-GE,2026-02-10,2026-02-10,Daily,,KG,2.933,2.933,142.06825256347656,xgboost_feat
PEAR_CONFERENCE,ONLINE,NL-GE,2026-02-11,2026-02-11,Daily,,KG,2.933,2.933,131.294677734375,xgboost_feat
PEAR_CONFERENCE,ONLINE,NL-GE,2026-02-12,2026-02-12,Daily,,KG,2.933,2.933,144.92218017578125,xgboost_feat
PEAR_CONFERENCE,ONLINE,NL-GE,2026-02-13,2026-02-13,Daily,,KG,2.933,2.933,162.16624450683594,xgboost_feat
PEAR_CONFERENCE,ONLINE,NL-GE,2026-02-14,2026-02-14,Daily,,KG,2.933,2.933,136.50482177734375,xgboost_feat
PEAR_CONFERENCE,ONLINE,NL-GE,2026-02-15,2026-02-15,Daily,,KG,2.933,2.933,137.77587890625,xgboost_feat
PEAR_CONFERENCE,ONLINE,NL-GE,2026-02-16,2026-02-16,Daily,,KG,2.933,2.933,165.78382873535156,xgboost_feat
PEAR_CONFERENCE,ONLINE,NL-GE,2026-02-17,2026-02-17,Daily,,KG,2.933,2.933,153.9152374267578,xgboost_feat
PEAR_CONFERENCE,ONLINE,NL-GE,2026-02-18,2026-02-18,Daily,,KG,2.933,2.933,122.548095703125,xgboost_feat
PEAR_CONFERENCE,ONLINE,NL-GE,2026-02-19,2026-02-19,Daily,,KG,2.933,2.933,144.15098571777344,xgboost_feat
PEAR_CONFERENCE,ONLINE,NL-GE,2026-02-20,2026-02-20,Daily,,KG,2.933,2.933,147.30661010742188,xgboost_feat
PEAR_CONFERENCE,ONLINE,NL-GE,2026-02-21,2026-02-21,Daily,,KG,2.933,2.933,127.68692016601562,xgboost_feat
PEAR_CONFERENCE,ONLINE,NL-GE,2026-02-22,2026-02-22,Daily,,KG,2.933,2.933,126.26058959960938,xgboost_feat
PEAR_CONFERENCE,ONLINE,NL-GE,2026-02-23,2026-02-23,Daily,,KG,2.933,2.933,153.0996551513672,xgboost_feat
PEAR_CONFERENCE,ONLINE,NL-GE,2026-02-24,2026-02-24,Daily,,KG,2.933,2.933,151.2560577392578,xgboost_feat
PEAR_CONFERENCE,ONLINE,NL-GE,2026-02-25,2026-02-25,Daily,,KG,2.933,2.933,153.2002716064453,xgboost_feat
PEAR_CONFERENCE,ONLINE,NL-GE,2026-02-26,2026-02-26,Daily,,KG,2.933,2.933,133.5117645263672,xgboost_feat
PEAR_CONFERENCE,ONLINE,NL-GE,2026-02-27,2026-02-27,Daily,,KG,2.933,2.933,150.3595428466797,xgboost_feat
PEAR_CONFERENCE,ONLINE,NL-GE,2026-02-28,2026-02-28,Daily,,KG,2.933,2.933,153.7240753173828,xgboost_feat
PEAR_CONFERENCE,ONLINE,NL-GE,2026-03-01,2026-03-01,Daily,,KG,2.933,2.933,147.14820861816406,xgboost_feat
PEAR_CONFERENCE,ONLINE,NL-NB,2026-02-02,2026-02-02,Daily,,KG,3.161,3.161,131.34304809570312,xgboost_feat
PEAR_CONFERENCE,ONLINE,NL-NB,2026-02-03,2026-02-03,Daily,,KG,3.161,3.161,130.4163360595703,xgboost_feat
PEAR_CONFERENCE,ONLINE,NL-NB,2026-02-04,2026-02-04,Daily,,KG,3.161,3.161,134.0969696044922,xgboost_feat
PEAR_CONFERENCE,ONLINE,NL-NB,2026-02-05,2026-02-05,Daily,,KG,3.161,3.161,141.77413940429688,xgboost_feat
PEAR_CONFERENCE,ONLINE,NL-NB,2026-02-06,2026-02-06,Daily,,KG,3.161,3.161,143.72430419921875,xgboost_feat
PEAR_CONFERENCE,ONLINE,NL-NB,2026-02-07,2026-02-07,Daily,,KG,3.161,3.161,111.49773406982422,xgboost_feat
PEAR_CONFERENCE,ONLINE,NL-NB,2026-02-08,2026-02-08,Daily,,KG,3.161,3.161,118.12452697753906,xgboost_feat
PEAR_CONFERENCE,ONLINE,NL-NB,2026-02-09,2026-02-09,Daily,,KG,3.161,3.161,144.72830200195312,xgboost_feat
PEAR_CONFERENCE,ONLINE,NL-NB,2026-02-10,2026-02-10,Daily,,KG,3.161,3.161,143.37863159179688,xgboost_feat
PEAR_CONFERENCE,ONLINE,NL-NB,2026-02-11,2026-02-11,Daily,,KG,3.161,3.161,145.3203887939453,xgboost_feat
PEAR_CONFERENCE,ONLINE,NL-NB,2026-02-12,2026-02-12,Daily,,KG,3.161,3.161,148.5128631591797,xgboost_feat
PEAR_CONFERENCE,ONLINE,NL-NB,2026-02-13,2026-02-13,Daily,,KG,3.161,3.161,163.94454956054688,xgboost_feat
PEAR_CONFERENCE,ONLINE,NL-NB,2026-02-14,2026-02-14,Daily,,KG,3.161,3.161,135.7790985107422,xgboost_feat
PEAR_CONFERENCE,ONLINE,NL-NB,2026-02-15,2026-02-15,Daily,,KG,3.161,3.161,146.6642303466797,xgboost_feat
PEAR_CONFERENCE,ONLINE,NL-NB,2026-02-16,2026-02-16,Daily,,KG,3.161,3.161,165.74044799804688,xgboost_feat
PEAR_CONFERENCE,ONLINE,NL-NB,2026-02-17,2026-02-17,Daily,,KG,3.161,3.161,158.48583984375,xgboost_feat
PEAR_CONFERENCE,ONLINE,NL-NB,2026-02-18,2026-02-18,Daily,,KG,3.161,3.161,132.61016845703125,xgboost_feat
PEAR_CONFERENCE,ONLINE,NL-NB,2026-02-19,2026-02-19,Daily,,KG,3.161,3.161,153.05307006835938,xgboost_feat
PEAR_CONFERENCE,ONLINE,NL-NB,2026-02-20,2026-02-20,Daily,,KG,3.161,3.161,149.47247314453125,xgboost_feat
PEAR_CONFERENCE,ONLINE,NL-NB,2026-02-21,2026-02-21,Daily,,KG,3.161,3.161,131.11570739746094,xgboost_feat
PEAR_CONFERENCE,ONLINE,NL-NB,2026-02-22,2026-02-22,Daily,,KG,3.161,3.161,133.20468139648438,xgboost_feat
PEAR_CONFERENCE,ONLINE,NL-NB,2026-02-23,2026-02-23,Daily,,KG,3.161,3.161,155.0721893310547,xgboost_feat
PEAR_CONFERENCE,ONLINE,NL-NB,2026-02-24,2026-02-24,Daily,,KG,3.161,3.161,161.39112854003906,xgboost_feat
PEAR_CONFERENCE,ONLINE,NL-NB,2026-02-25,2026-02-25,Daily,,KG,3.161,3.161,162.81414794921875,xgboost_feat
PEAR_CONFERENCE,ONLINE,NL-NB,2026-02-26,2026-02-26,Daily,,KG,3.161,3.161,127.11683654785156,xgboost_feat
PEAR_CONFERENCE,ONLINE,NL-NB,2026-02-27,2026-02-27,Daily,,KG,3.161,3.161,155.5959930419922,xgboost_feat
PEAR_CONFERENCE,ONLINE,NL-NB,2026-02-28,2026-02-28,Daily,,KG,3.161,3.161,161.23048400878906,xgboost_feat
PEAR_CONFERENCE,ONLINE,NL-NB,2026-03-01,2026-03-01,Daily,,KG,3.161,3.161,152.29714965820312,xgboost_feat
PEAR_CONFERENCE,ONLINE,NL-NH,2026-02-02,2026-02-02,Daily,,KG,3.343,3.343,130.01907348632812,xgboost_feat
PEAR_CONFERENCE,ONLINE,NL-NH,2026-02-03,2026-02-03,Daily,,KG,3.343,3.343,129.34054565429688,xgboost_feat
PEAR_CONFERENCE,ONLINE,NL-NH,2026-02-04,2026-02-04,Daily,,KG,3.343,3.343,127.24407958984375,xgboost_feat
PEAR_CONFERENCE,ONLINE,NL-NH,2026-02-05,2026-02-05,Daily,,KG,3.343,3.343,139.0930938720703,xgboost_feat
PEAR_CONFERENCE,ONLINE,NL-NH,2026-02-06,2026-02-06,Daily,,KG,3.343,3.343,130.810791015625,xgboost_feat
PEAR_CONFERENCE,ONLINE,NL-NH,2026-02-07,2026-02-07,Daily,,KG,3.343,3.343,129.70526123046875,xgboost_feat
PEAR_CONFERENCE,ONLINE,NL-NH,2026-02-08,2026-02-08,Daily,,KG,3.343,3.343,116.48616027832031,xgboost_feat
PEAR_CONFERENCE,ONLINE,NL-NH,2026-02-09,2026-02-09,Daily,,KG,3.343,3.343,147.27713012695312,xgboost_feat
PEAR_CONFERENCE,ONLINE,NL-NH,2026-02-10,2026-02-10,Daily,,KG,3.343,3.343,150.49334716796875,xgboost_feat
PEAR_CONFERENCE,ONLINE,NL-NH,2026-02-11,2026-02-11,Daily,,KG,3.343,3.343,110.2121810913086,xgboost_feat
PEAR_CONFERENCE,ONLINE,NL-NH,2026-02-12,2026-02-12,Daily,,KG,3.343,3.343,123.68672180175781,xgboost_feat
PEAR_CONFERENCE,ONLINE,NL-NH,2026-02-13,2026-02-13,Daily,,KG,3.343,3.343,146.67127990722656,xgboost_feat
PEAR_CONFERENCE,ONLINE,NL-NH,2026-02-14,2026-02-14,Daily,,KG,3.343,3.343,122.39414978027344,xgboost_feat
PEAR_CONFERENCE,ONLINE,NL-NH,2026-02-15,2026-02-15,Daily,,KG,3.343,3.343,140.44842529296875,xgboost_feat
PEAR_CONFERENCE,ONLINE,NL-NH,2026-02-16,2026-02-16,Daily,,KG,3.343,3.343,156.4270477294922,xgboost_feat
PEAR_CONFERENCE,ONLINE,NL-NH,2026-02-17,2026-02-17,Daily,,KG,3.343,3.343,161.43556213378906,xgboost_feat
PEAR_CONFERENCE,ONLINE,NL-NH,2026-02-18,2026-02-18,Daily,,KG,3.343,3.343,118.87049102783203,xgboost_feat
PEAR_CONFERENCE,ONLINE,NL-NH,2026-02-19,2026-02-19,Daily,,KG,3.343,3.343,148.47705078125,xgboost_feat
PEAR_CONFERENCE,ONLINE,NL-NH,2026-02-20,2026-02-20,Daily,,KG,3.343,3.343,154.98504638671875,xgboost_feat
PEAR_CONFERENCE,ONLINE,NL-NH,2026-02-21,2026-02-21,Daily,,KG,3.343,3.343,129.00991821289062,xgboost_feat
PEAR_CONFERENCE,ONLINE,NL-NH,2026-02-22,2026-02-22,Daily,,KG,3.343,3.343,118.22818756103516,xgboost_feat
PEAR_CONFERENCE,ONLINE,NL-NH,2026-02-23,2026-02-23,Daily,,KG,3.343,3.343,146.89547729492188,xgboost_feat
PEAR_CONFERENCE,ONLINE,NL-NH,2026-02-24,2026-02-24,Daily,,KG,3.343,3.343,132.26075744628906,xgboost_feat
PEAR_CONFERENCE,ONLINE,NL-NH,2026-02-25,2026-02-25,Daily,,KG,3.343,3.343,156.69970703125,xgboost_feat
PEAR_CONFERENCE,ONLINE,NL-NH,2026-02-26,2026-02-26,Daily,,KG,3.343,3.343,146.48333740234375,xgboost_feat
PEAR_CONFERENCE,ONLINE,NL-NH,2026-02-27,2026-02-27,Daily,,KG,3.343,3.343,149.09146118164062,xgboost_feat
PEAR_CONFERENCE,ONLINE,NL-NH,2026-02-28,2026-02-28,Daily,,KG,3.343,3.343,135.19822692871094,xgboost_feat
PEAR_CONFERENCE,ONLINE,NL-NH,2026-03-01,2026-03-01,Daily,,KG,3.343,3.343,127.18251037597656,xgboost_feat
PEAR_CONFERENCE,ONLINE,NL-ZH,2026-02-02,2026-02-02,Daily,,KG,3.336,3.336,131.8078155517578,xgboost_feat
PEAR_CONFERENCE,ONLINE,NL-ZH,2026-02-03,2026-02-03,Daily,,KG,3.336,3.336,135.7804718017578,xgboost_feat
PEAR_CONFERENCE,ONLINE,NL-ZH,2026-02-04,2026-02-04,Daily,,KG,3.336,3.336,132.7474365234375,xgboost_feat
PEAR_CONFERENCE,ONLINE,NL-ZH,2026-02-05,2026-02-05,Daily,,KG,3.336,3.336,145.42660522460938,xgboost_feat
PEAR_CONFERENCE,ONLINE,NL-ZH,2026-02-06,2026-02-06,Daily,,KG,3.336,3.336,142.82931518554688,xgboost_feat
PEAR_CONFERENCE,ONLINE,NL-ZH,2026-02-07,2026-02-07,Daily,,KG,3.336,3.336,115.82228088378906,xgboost_feat
PEAR_CONFERENCE,ONLINE,NL-ZH,2026-02-08,2026-02-08,Daily,,KG,3.336,3.336,118.95474243164062,xgboost_feat
PEAR_CONFERENCE,ONLINE,NL-ZH,2026-02-09,2026-02-09,Daily,,KG,3.336,3.336,147.66143798828125,xgboost_feat
PEAR_CONFERENCE,ONLINE,NL-ZH,2026-02-10,2026-02-10,Daily,,KG,3.336,3.336,149.68089294433594,xgboost_feat
PEAR_CONFERENCE,ONLINE,NL-ZH,2026-02-11,2026-02-11,Daily,,KG,3.336,3.336,130.23411560058594,xgboost_feat
PEAR_CONFERENCE,ONLINE,NL-ZH,2026-02-12,2026-02-12,Daily,,KG,3.336,3.336,152.71128845214844,xgboost_feat
PEAR_CONFERENCE,ONLINE,NL-ZH,2026-02-13,2026-02-13,Daily,,KG,3.336,3.336,156.67381286621094,xgboost_feat
PEAR_CONFERENCE,ONLINE,NL-ZH,2026-02-14,2026-02-14,Daily,,KG,3.336,3.336,138.5599365234375,xgboost_feat
PEAR_CONFERENCE,ONLINE,NL-ZH,2026-02-15,2026-02-15,Daily,,KG,3.336,3.336,139.89801025390625,xgboost_feat
PEAR_CONFERENCE,ONLINE,NL-ZH,2026-02-16,2026-02-16,Daily,,KG,3.336,3.336,165.41754150390625,xgboost_feat
PEAR_CONFERENCE,ONLINE,NL-ZH,2026-02-17,2026-02-17,Daily,,KG,3.336,3.336,157.05015563964844,xgboost_feat
PEAR_CONFERENCE,ONLINE,NL-ZH,2026-02-18,2026-02-18,Daily,,KG,3.336,3.336,127.88987731933594,xgboost_feat
PEAR_CONFERENCE,ONLINE,NL-ZH,2026-02-19,2026-02-19,Daily,,KG,3.336,3.336,151.88096618652344,xgboost_feat
PEAR_CONFERENCE,ONLINE,NL-ZH,2026-02-20,2026-02-20,Daily,,KG,3.336,3.336,150.3517303466797,xgboost_feat
PEAR_CONFERENCE,ONLINE,NL-ZH,2026-02-21,2026-02-21,Daily,,KG,3.336,3.336,130.07398986816406,xgboost_feat
PEAR_CONFERENCE,ONLINE,NL-ZH,2026-02-22,2026-02-22,Daily,,KG,3.336,3.336,113.70278930664062,xgboost_feat
PEAR_CONFERENCE,ONLINE,NL-ZH,2026-02-23,2026-02-23,Daily,,KG,3.336,3.336,150.52809143066406,xgboost_feat
PEAR_CONFERENCE,ONLINE,NL-ZH,2026-02-24,2026-02-24,Daily,,KG,3.336,3.336,147.5272979736328,xgboost_feat
PEAR_CONFERENCE,ONLINE,NL-ZH,2026-02-25,2026-02-25,Daily,,KG,3.336,3.336,167.01077270507812,xgboost_feat
PEAR_CONFERENCE,ONLINE,NL-ZH,2026-02-26,2026-02-26,Daily,,KG,3.336,3.336,135.63369750976562,xgboost_feat
PEAR_CONFERENCE,ONLINE,NL-ZH,2026-02-27,2026-02-27,Daily,,KG,3.336,3.336,161.517822265625,xgboost_feat
PEAR_CONFERENCE,ONLINE,NL-ZH,2026-02-28,2026-02-28,Daily,,KG,3.336,3.336,156.62612915039062,xgboost_feat
PEAR_CONFERENCE,ONLINE,NL-ZH,2026-03-01,2026-03-01,Daily,,KG,3.336,3.336,144.51866149902344,xgboost_feat
PEAR_CONFERENCE,RETAIL,NL-GE,2026-02-02,2026-02-02,Daily,,KG,3.206,3.206,159.05096435546875,xgboost_feat
PEAR_CONFERENCE,RETAIL,NL-GE,2026-02-03,2026-02-03,Daily,,KG,3.206,3.206,172.1375732421875,xgboost_feat
PEAR_CONFERENCE,RETAIL,NL-GE,2026-02-04,2026-02-04,Daily,,KG,3.206,3.206,158.49000549316406,xgboost_feat
PEAR_CONFERENCE,RETAIL,NL-GE,2026-02-05,2026-02-05,Daily,,KG,3.206,3.206,167.8662872314453,xgboost_feat
PEAR_CONFERENCE,RETAIL,NL-GE,2026-02-06,2026-02-06,Daily,,KG,3.206,3.206,160.1742401123047,xgboost_feat
PEAR_CONFERENCE,RETAIL,NL-GE,2026-02-07,2026-02-07,Daily,,KG,3.206,3.206,141.6493682861328,xgboost_feat
PEAR_CONFERENCE,RETAIL,NL-GE,2026-02-08,2026-02-08,Daily,,KG,3.206,3.206,138.06333923339844,xgboost_feat
PEAR_CONFERENCE,RETAIL,NL-GE,2026-02-09,2026-02-09,Daily,,KG,3.206,3.206,152.31008911132812,xgboost_feat
PEAR_CONFERENCE,RETAIL,NL-GE,2026-02-10,2026-02-10,Daily,,KG,3.206,3.206,150.06564331054688,xgboost_feat
PEAR_CONFERENCE,RETAIL,NL-GE,2026-02-11,2026-02-11,Daily,,KG,3.206,3.206,133.68112182617188,xgboost_feat
PEAR_CONFERENCE,RETAIL,NL-GE,2026-02-12,2026-02-12,Daily,,KG,3.206,3.206,157.080078125,xgboost_feat
PEAR_CONFERENCE,RETAIL,NL-GE,2026-02-13,2026-02-13,Daily,,KG,3.206,3.206,170.0880584716797,xgboost_feat
PEAR_CONFERENCE,RETAIL,NL-GE,2026-02-14,2026-02-14,Daily,,KG,3.206,3.206,145.09530639648438,xgboost_feat
PEAR_CONFERENCE,RETAIL,NL-GE,2026-02-15,2026-02-15,Daily,,KG,3.206,3.206,145.25900268554688,xgboost_feat
PEAR_CONFERENCE,RETAIL,NL-GE,2026-02-16,2026-02-16,Daily,,KG,3.206,3.206,169.13333129882812,xgboost_feat
PEAR_CONFERENCE,RETAIL,NL-GE,2026-02-17,2026-02-17,Daily,,KG,3.206,3.206,169.677734375,xgboost_feat
PEAR_CONFERENCE,RETAIL,NL-GE,2026-02-18,2026-02-18,Daily,,KG,3.206,3.206,128.07626342773438,xgboost_feat
PEAR_CONFERENCE,RETAIL,NL-GE,2026-02-19,2026-02-19,Daily,,KG,3.206,3.206,154.8577423095703,xgboost_feat
PEAR_CONFERENCE,RETAIL,NL-GE,2026-02-20,2026-02-20,Daily,,KG,3.206,3.206,169.09933471679688,xgboost_feat
PEAR_CONFERENCE,RETAIL,NL-GE,2026-02-21,2026-02-21,Daily,,KG,3.206,3.206,141.09231567382812,xgboost_feat
PEAR_CONFERENCE,RETAIL,NL-GE,2026-02-22,2026-02-22,Daily,,KG,3.206,3.206,134.254638671875,xgboost_feat
PEAR_CONFERENCE,RETAIL,NL-GE,2026-02-23,2026-02-23,Daily,,KG,3.206,3.206,159.9038848876953,xgboost_feat
PEAR_CONFERENCE,RETAIL,NL-GE,2026-02-24,2026-02-24,Daily,,KG,3.206,3.206,156.77789306640625,xgboost_feat
PEAR_CONFERENCE,RETAIL,NL-GE,2026-02-25,2026-02-25,Daily,,KG,3.206,3.206,168.25228881835938,xgboost_feat
PEAR_CONFERENCE,RETAIL,NL-GE,2026-02-26,2026-02-26,Daily,,KG,3.206,3.206,145.13124084472656,xgboost_feat
PEAR_CONFERENCE,RETAIL,NL-GE,2026-02-27,2026-02-27,Daily,,KG,3.206,3.206,165.02407836914062,xgboost_feat
PEAR_CONFERENCE,RETAIL,NL-GE,2026-02-28,2026-02-28,Daily,,KG,3.206,3.206,161.64784240722656,xgboost_feat
PEAR_CONFERENCE,RETAIL,NL-GE,2026-03-01,2026-03-01,Daily,,KG,3.206,3.206,145.74656677246094,xgboost_feat
PEAR_CONFERENCE,RETAIL,NL-NB,2026-02-02,2026-02-02,Daily,,KG,3.194,3.194,169.02340698242188,xgboost_feat
PEAR_CONFERENCE,RETAIL,NL-NB,2026-02-03,2026-02-03,Daily,,KG,3.194,3.194,172.67697143554688,xgboost_feat
PEAR_CONFERENCE,RETAIL,NL-NB,2026-02-04,2026-02-04,Daily,,KG,3.194,3.194,159.09457397460938,xgboost_feat
PEAR_CONFERENCE,RETAIL,NL-NB,2026-02-05,2026-02-05,Daily,,KG,3.194,3.194,179.14279174804688,xgboost_feat
PEAR_CONFERENCE,RETAIL,NL-NB,2026-02-06,2026-02-06,Daily,,KG,3.194,3.194,168.87098693847656,xgboost_feat
PEAR_CONFERENCE,RETAIL,NL-NB,2026-02-07,2026-02-07,Daily,,KG,3.194,3.194,137.98577880859375,xgboost_feat
PEAR_CONFERENCE,RETAIL,NL-NB,2026-02-08,2026-02-08,Daily,,KG,3.194,3.194,138.2530059814453,xgboost_feat
PEAR_CONFERENCE,RETAIL,NL-NB,2026-02-09,2026-02-09,Daily,,KG,3.194,3.194,154.73594665527344,xgboost_feat
PEAR_CONFERENCE,RETAIL,NL-NB,2026-02-10,2026-02-10,Daily,,KG,3.194,3.194,152.30621337890625,xgboost_feat
PEAR_CONFERENCE,RETAIL,NL-NB,2026-02-11,2026-02-11,Daily,,KG,3.194,3.194,152.62179565429688,xgboost_feat
PEAR_CONFERENCE,RETAIL,NL-NB,2026-02-12,2026-02-12,Daily,,KG,3.194,3.194,164.08192443847656,xgboost_feat
PEAR_CONFERENCE,RETAIL,NL-NB,2026-02-13,2026-02-13,Daily,,KG,3.194,3.194,164.3043212890625,xgboost_feat
PEAR_CONFERENCE,RETAIL,NL-NB,2026-02-14,2026-02-14,Daily,,KG,3.194,3.194,138.36497497558594,xgboost_feat
PEAR_CONFERENCE,RETAIL,NL-NB,2026-02-15,2026-02-15,Daily,,KG,3.194,3.194,148.818359375,xgboost_feat
PEAR_CONFERENCE,RETAIL,NL-NB,2026-02-16,2026-02-16,Daily,,KG,3.194,3.194,169.3589324951172,xgboost_feat
PEAR_CONFERENCE,RETAIL,NL-NB,2026-02-17,2026-02-17,Daily,,KG,3.194,3.194,183.38668823242188,xgboost_feat
PEAR_CONFERENCE,RETAIL,NL-NB,2026-02-18,2026-02-18,Daily,,KG,3.194,3.194,145.56163024902344,xgboost_feat
PEAR_CONFERENCE,RETAIL,NL-NB,2026-02-19,2026-02-19,Daily,,KG,3.194,3.194,164.7467041015625,xgboost_feat
PEAR_CONFERENCE,RETAIL,NL-NB,2026-02-20,2026-02-20,Daily,,KG,3.194,3.194,175.01202392578125,xgboost_feat
PEAR_CONFERENCE,RETAIL,NL-NB,2026-02-21,2026-02-21,Daily,,KG,3.194,3.194,146.88470458984375,xgboost_feat
PEAR_CONFERENCE,RETAIL,NL-NB,2026-02-22,2026-02-22,Daily,,KG,3.194,3.194,147.0022735595703,xgboost_feat
PEAR_CONFERENCE,RETAIL,NL-NB,2026-02-23,2026-02-23,Daily,,KG,3.194,3.194,170.4327850341797,xgboost_feat
PEAR_CONFERENCE,RETAIL,NL-NB,2026-02-24,2026-02-24,Daily,,KG,3.194,3.194,176.6334991455078,xgboost_feat
PEAR_CONFERENCE,RETAIL,NL-NB,2026-02-25,2026-02-25,Daily,,KG,3.194,3.194,172.3985137939453,xgboost_feat
PEAR_CONFERENCE,RETAIL,NL-NB,2026-02-26,2026-02-26,Daily,,KG,3.194,3.194,129.53695678710938,xgboost_feat
PEAR_CONFERENCE,RETAIL,NL-NB,2026-02-27,2026-02-27,Daily,,KG,3.194,3.194,172.7930908203125,xgboost_feat
PEAR_CONFERENCE,RETAIL,NL-NB,2026-02-28,2026-02-28,Daily,,KG,3.194,3.194,160.15869140625,xgboost_feat
PEAR_CONFERENCE,RETAIL,NL-NB,2026-03-01,2026-03-01,Daily,,KG,3.194,3.194,150.8097381591797,xgboost_feat
PEAR_CONFERENCE,RETAIL,NL-NH,2026-02-02,2026-02-02,Daily,,KG,3.128,3.128,162.1485137939453,xgboost_feat
PEAR_CONFERENCE,RETAIL,NL-NH,2026-02-03,2026-02-03,Daily,,KG,3.128,3.128,161.16110229492188,xgboost_feat
PEAR_CONFERENCE,RETAIL,NL-NH,2026-02-04,2026-02-04,Daily,,KG,3.128,3.128,157.38958740234375,xgboost_feat
PEAR_CONFERENCE,RETAIL,NL-NH,2026-02-05,2026-02-05,Daily,,KG,3.128,3.128,185.7099151611328,xgboost_feat
PEAR_CONFERENCE,RETAIL,NL-NH,2026-02-06,2026-02-06,Daily,,KG,3.128,3.128,155.2320098876953,xgboost_feat
PEAR_CONFERENCE,RETAIL,NL-NH,2026-02-07,2026-02-07,Daily,,KG,3.128,3.128,154.9173583984375,xgboost_feat
PEAR_CONFERENCE,RETAIL,NL-NH,2026-02-08,2026-02-08,Daily,,KG,3.128,3.128,140.02377319335938,xgboost_feat
PEAR_CONFERENCE,RETAIL,NL-NH,2026-02-09,2026-02-09,Daily,,KG,3.128,3.128,151.6314697265625,xgboost_feat
PEAR_CONFERENCE,RETAIL,NL-NH,2026-02-10,2026-02-10,Daily,,KG,3.128,3.128,159.20462036132812,xgboost_feat
PEAR_CONFERENCE,RETAIL,NL-NH,2026-02-11,2026-02-11,Daily,,KG,3.128,3.128,129.42730712890625,xgboost_feat
PEAR_CONFERENCE,RETAIL,NL-NH,2026-02-12,2026-02-12,Daily,,KG,3.128,3.128,144.54295349121094,xgboost_feat
PEAR_CONFERENCE,RETAIL,NL-NH,2026-02-13,2026-02-13,Daily,,KG,3.128,3.128,148.47767639160156,xgboost_feat
PEAR_CONFERENCE,RETAIL,NL-NH,2026-02-14,2026-02-14,Daily,,KG,3.128,3.128,134.79132080078125,xgboost_feat
PEAR_CONFERENCE,RETAIL,NL-NH,2026-02-15,2026-02-15,Daily,,KG,3.128,3.128,133.94921875,xgboost_feat
PEAR_CONFERENCE,RETAIL,NL-NH,2026-02-16,2026-02-16,Daily,,KG,3.128,3.128,162.79214477539062,xgboost_feat
PEAR_CONFERENCE,RETAIL,NL-NH,2026-02-17,2026-02-17,Daily,,KG,3.128,3.128,178.43397521972656,xgboost_feat
PEAR_CONFERENCE,RETAIL,NL-NH,2026-02-18,2026-02-18,Daily,,KG,3.128,3.128,127.48274993896484,xgboost_feat
PEAR_CONFERENCE,RETAIL,NL-NH,2026-02-19,2026-02-19,Daily,,KG,3.128,3.128,151.05502319335938,xgboost_feat
PEAR_CONFERENCE,RETAIL,NL-NH,2026-02-20,2026-02-20,Daily,,KG,3.128,3.128,175.55503845214844,xgboost_feat
PEAR_CONFERENCE,RETAIL,NL-NH,2026-02-21,2026-02-21,Daily,,KG,3.128,3.128,147.71469116210938,xgboost_feat
PEAR_CONFERENCE,RETAIL,NL-NH,2026-02-22,2026-02-22,Daily,,KG,3.128,3.128,128.6072998046875,xgboost_feat
PEAR_CONFERENCE,RETAIL,NL-NH,2026-02-23,2026-02-23,Daily,,KG,3.128,3.128,160.2320098876953,xgboost_feat
PEAR_CONFERENCE,RETAIL,NL-NH,2026-02-24,2026-02-24,Daily,,KG,3.128,3.128,143.22531127929688,xgboost_feat
PEAR_CONFERENCE,RETAIL,NL-NH,2026-02-25,2026-02-25,Daily,,KG,3.128,3.128,180.26502990722656,xgboost_feat
PEAR_CONFERENCE,RETAIL,NL-NH,2026-02-26,2026-02-26,Daily,,KG,3.128,3.128,170.11143493652344,xgboost_feat
PEAR_CONFERENCE,RETAIL,NL-NH,2026-02-27,2026-02-27,Daily,,KG,3.128,3.128,179.8081817626953,xgboost_feat
PEAR_CONFERENCE,RETAIL,NL-NH,2026-02-28,2026-02-28,Daily,,KG,3.128,3.128,157.8402557373047,xgboost_feat
PEAR_CONFERENCE,RETAIL,NL-NH,2026-03-01,2026-03-01,Daily,,KG,3.128,3.128,141.85450744628906,xgboost_feat
PEAR_CONFERENCE,RETAIL,NL-ZH,2026-02-02,2026-02-02,Daily,,KG,3.191,3.191,168.5400848388672,xgboost_feat
PEAR_CONFERENCE,RETAIL,NL-ZH,2026-02-03,2026-02-03,Daily,,KG,3.191,3.191,166.2743377685547,xgboost_feat
PEAR_CONFERENCE,RETAIL,NL-ZH,2026-02-04,2026-02-04,Daily,,KG,3.191,3.191,165.5135040283203,xgboost_feat
PEAR_CONFERENCE,RETAIL,NL-ZH,2026-02-05,2026-02-05,Daily,,KG,3.191,3.191,189.14694213867188,xgboost_feat
PEAR_CONFERENCE,RETAIL,NL-ZH,2026-02-06,2026-02-06,Daily,,KG,3.191,3.191,165.0243377685547,xgboost_feat
PEAR_CONFERENCE,RETAIL,NL-ZH,2026-02-07,2026-02-07,Daily,,KG,3.191,3.191,140.85305786132812,xgboost_feat
PEAR_CONFERENCE,RETAIL,NL-ZH,2026-02-08,2026-02-08,Daily,,KG,3.191,3.191,133.98989868164062,xgboost_feat
PEAR_CONFERENCE,RETAIL,NL-ZH,2026-02-09,2026-02-09,Daily,,KG,3.191,3.191,154.6595458984375,xgboost_feat
PEAR_CONFERENCE,RETAIL,NL-ZH,2026-02-10,2026-02-10,Daily,,KG,3.191,3.191,165.81021118164062,xgboost_feat
PEAR_CONFERENCE,RETAIL,NL-ZH,2026-02-11,2026-02-11,Daily,,KG,3.191,3.191,138.9292449951172,xgboost_feat
PEAR_CONFERENCE,RETAIL,NL-ZH,2026-02-12,2026-02-12,Daily,,KG,3.191,3.191,161.24667358398438,xgboost_feat
PEAR_CONFERENCE,RETAIL,NL-ZH,2026-02-13,2026-02-13,Daily,,KG,3.191,3.191,166.92044067382812,xgboost_feat
PEAR_CONFERENCE,RETAIL,NL-ZH,2026-02-14,2026-02-14,Daily,,KG,3.191,3.191,137.53025817871094,xgboost_feat
PEAR_CONFERENCE,RETAIL,NL-ZH,2026-02-15,2026-02-15,Daily,,KG,3.191,3.191,136.559326171875,xgboost_feat
PEAR_CONFERENCE,RETAIL,NL-ZH,2026-02-16,2026-02-16,Daily,,KG,3.191,3.191,166.49661254882812,xgboost_feat
PEAR_CONFERENCE,RETAIL,NL-ZH,2026-02-17,2026-02-17,Daily,,KG,3.191,3.191,183.59716796875,xgboost_feat
PEAR_CONFERENCE,RETAIL,NL-ZH,2026-02-18,2026-02-18,Daily,,KG,3.191,3.191,136.4121856689453,xgboost_feat
PEAR_CONFERENCE,RETAIL,NL-ZH,2026-02-19,2026-02-19,Daily,,KG,3.191,3.191,161.2373504638672,xgboost_feat
PEAR_CONFERENCE,RETAIL,NL-ZH,2026-02-20,2026-02-20,Daily,,KG,3.191,3.191,172.1042022705078,xgboost_feat
PEAR_CONFERENCE,RETAIL,NL-ZH,2026-02-21,2026-02-21,Daily,,KG,3.191,3.191,142.7531280517578,xgboost_feat
PEAR_CONFERENCE,RETAIL,NL-ZH,2026-02-22,2026-02-22,Daily,,KG,3.191,3.191,123.78865051269531,xgboost_feat
PEAR_CONFERENCE,RETAIL,NL-ZH,2026-02-23,2026-02-23,Daily,,KG,3.191,3.191,156.18704223632812,xgboost_feat
PEAR_CONFERENCE,RETAIL,NL-ZH,2026-02-24,2026-02-24,Daily,,KG,3.191,3.191,157.060302734375,xgboost_feat
PEAR_CONFERENCE,RETAIL,NL-ZH,2026-02-25,2026-02-25,Daily,,KG,3.191,3.191,187.13919067382812,xgboost_feat
PEAR_CONFERENCE,RETAIL,NL-ZH,2026-02-26,2026-02-26,Daily,,KG,3.191,3.191,148.3190155029297,xgboost_feat
PEAR_CONFERENCE,RETAIL,NL-ZH,2026-02-27,2026-02-27,Daily,,KG,3.191,3.191,173.85231018066406,xgboost_feat
PEAR_CONFERENCE,RETAIL,NL-ZH,2026-02-28,2026-02-28,Daily,,KG,3.191,3.191,157.0706024169922,xgboost_feat
PEAR_CONFERENCE,RETAIL,NL-ZH,2026-03-01,2026-03-01,Daily,,KG,3.191,3.191,149.82850646972656,xgboost_feat
PEAR_CONFERENCE,WHOLESALE,NL-GE,2026-02-02,2026-02-02,Daily,,KG,2.992,2.992,154.1359100341797,xgboost_feat
PEAR_CONFERENCE,WHOLESALE,NL-GE,2026-02-03,2026-02-03,Daily,,KG,2.992,2.992,162.2362060546875,xgboost_feat
PEAR_CONFERENCE,WHOLESALE,NL-GE,2026-02-04,2026-02-04,Daily,,KG,2.992,2.992,151.73355102539062,xgboost_feat
PEAR_CONFERENCE,WHOLESALE,NL-GE,2026-02-05,2026-02-05,Daily,,KG,2.992,2.992,163.5789031982422,xgboost_feat
PEAR_CONFERENCE,WHOLESALE,NL-GE,2026-02-06,2026-02-06,Daily,,KG,2.992,2.992,160.0587921142578,xgboost_feat
PEAR_CONFERENCE,WHOLESALE,NL-GE,2026-02-07,2026-02-07,Daily,,KG,2.992,2.992,142.13108825683594,xgboost_feat
PEAR_CONFERENCE,WHOLESALE,NL-GE,2026-02-08,2026-02-08,Daily,,KG,2.992,2.992,126.47454071044922,xgboost_feat
PEAR_CONFERENCE,WHOLESALE,NL-GE,2026-02-09,2026-02-09,Daily,,KG,2.992,2.992,146.3797149658203,xgboost_feat
PEAR_CONFERENCE,WHOLESALE,NL-GE,2026-02-10,2026-02-10,Daily,,KG,2.992,2.992,147.55581665039062,xgboost_feat
PEAR_CONFERENCE,WHOLESALE,NL-GE,2026-02-11,2026-02-11,Daily,,KG,2.992,2.992,129.6670379638672,xgboost_feat
PEAR_CONFERENCE,WHOLESALE,NL-GE,2026-02-12,2026-02-12,Daily,,KG,2.992,2.992,154.65850830078125,xgboost_feat
PEAR_CONFERENCE,WHOLESALE,NL-GE,2026-02-13,2026-02-13,Daily,,KG,2.992,2.992,170.0005645751953,xgboost_feat
PEAR_CONFERENCE,WHOLESALE,NL-GE,2026-02-14,2026-02-14,Daily,,KG,2.992,2.992,148.75064086914062,xgboost_feat
PEAR_CONFERENCE,WHOLESALE,NL-GE,2026-02-15,2026-02-15,Daily,,KG,2.992,2.992,148.89732360839844,xgboost_feat
PEAR_CONFERENCE,WHOLESALE,NL-GE,2026-02-16,2026-02-16,Daily,,KG,2.992,2.992,168.0760040283203,xgboost_feat
PEAR_CONFERENCE,WHOLESALE,NL-GE,2026-02-17,2026-02-17,Daily,,KG,2.992,2.992,167.99806213378906,xgboost_feat
PEAR_CONFERENCE,WHOLESALE,NL-GE,2026-02-18,2026-02-18,Daily,,KG,2.992,2.992,127.6877212524414,xgboost_feat
PEAR_CONFERENCE,WHOLESALE,NL-GE,2026-02-19,2026-02-19,Daily,,KG,2.992,2.992,156.5267333984375,xgboost_feat
PEAR_CONFERENCE,WHOLESALE,NL-GE,2026-02-20,2026-02-20,Daily,,KG,2.992,2.992,167.86447143554688,xgboost_feat
PEAR_CONFERENCE,WHOLESALE,NL-GE,2026-02-21,2026-02-21,Daily,,KG,2.992,2.992,140.09205627441406,xgboost_feat
PEAR_CONFERENCE,WHOLESALE,NL-GE,2026-02-22,2026-02-22,Daily,,KG,2.992,2.992,130.25445556640625,xgboost_feat
PEAR_CONFERENCE,WHOLESALE,NL-GE,2026-02-23,2026-02-23,Daily,,KG,2.992,2.992,157.02322387695312,xgboost_feat
PEAR_CONFERENCE,WHOLESALE,NL-GE,2026-02-24,2026-02-24,Daily,,KG,2.992,2.992,153.96548461914062,xgboost_feat
PEAR_CONFERENCE,WHOLESALE,NL-GE,2026-02-25,2026-02-25,Daily,,KG,2.992,2.992,167.5904998779297,xgboost_feat
PEAR_CONFERENCE,WHOLESALE,NL-GE,2026-02-26,2026-02-26,Daily,,KG,2.992,2.992,139.84898376464844,xgboost_feat
PEAR_CONFERENCE,WHOLESALE,NL-GE,2026-02-27,2026-02-27,Daily,,KG,2.992,2.992,163.2789764404297,xgboost_feat
PEAR_CONFERENCE,WHOLESALE,NL-GE,2026-02-28,2026-02-28,Daily,,KG,2.992,2.992,163.79608154296875,xgboost_feat
PEAR_CONFERENCE,WHOLESALE,NL-GE,2026-03-01,2026-03-01,Daily,,KG,2.992,2.992,146.74937438964844,xgboost_feat
PEAR_CONFERENCE,WHOLESALE,NL-NB,2026-02-02,2026-02-02,Daily,,KG,3.299,3.299,169.5839385986328,xgboost_feat
PEAR_CONFERENCE,WHOLESALE,NL-NB,2026-02-03,2026-02-03,Daily,,KG,3.299,3.299,165.9688262939453,xgboost_feat
PEAR_CONFERENCE,WHOLESALE,NL-NB,2026-02-04,2026-02-04,Daily,,KG,3.299,3.299,161.87767028808594,xgboost_feat
PEAR_CONFERENCE,WHOLESALE,NL-NB,2026-02-05,2026-02-05,Daily,,KG,3.299,3.299,179.4513397216797,xgboost_feat
PEAR_CONFERENCE,WHOLESALE,NL-NB,2026-02-06,2026-02-06,Daily,,KG,3.299,3.299,169.38343811035156,xgboost_feat
PEAR_CONFERENCE,WHOLESALE,NL-NB,2026-02-07,2026-02-07,Daily,,KG,3.299,3.299,132.18228149414062,xgboost_feat
PEAR_CONFERENCE,WHOLESALE,NL-NB,2026-02-08,2026-02-08,Daily,,KG,3.299,3.299,128.5613250732422,xgboost_feat
PEAR_CONFERENCE,WHOLESALE,NL-NB,2026-02-09,2026-02-09,Daily,,KG,3.299,3.299,154.93325805664062,xgboost_feat
PEAR_CONFERENCE,WHOLESALE,NL-NB,2026-02-10,2026-02-10,Daily,,KG,3.299,3.299,150.82411193847656,xgboost_feat
PEAR_CONFERENCE,WHOLESALE,NL-NB,2026-02-11,2026-02-11,Daily,,KG,3.299,3.299,153.76608276367188,xgboost_feat
PEAR_CONFERENCE,WHOLESALE,NL-NB,2026-02-12,2026-02-12,Daily,,KG,3.299,3.299,172.27532958984375,xgboost_feat
PEAR_CONFERENCE,WHOLESALE,NL-NB,2026-02-13,2026-02-13,Daily,,KG,3.299,3.299,169.1136016845703,xgboost_feat
PEAR_CONFERENCE,WHOLESALE,NL-NB,2026-02-14,2026-02-14,Daily,,KG,3.299,3.299,145.06385803222656,xgboost_feat
PEAR_CONFERENCE,WHOLESALE,NL-NB,2026-02-15,2026-02-15,Daily,,KG,3.299,3.299,157.69129943847656,xgboost_feat
PEAR_CONFERENCE,WHOLESALE,NL-NB,2026-02-16,2026-02-16,Daily,,KG,3.299,3.299,165.40518188476562,xgboost_feat
PEAR_CONFERENCE,WHOLESALE,NL-NB,2026-02-17,2026-02-17,Daily,,KG,3.299,3.299,184.5350799560547,xgboost_feat
PEAR_CONFERENCE,WHOLESALE,NL-NB,2026-02-18,2026-02-18,Daily,,KG,3.299,3.299,144.56539916992188,xgboost_feat
PEAR_CONFERENCE,WHOLESALE,NL-NB,2026-02-19,2026-02-19,Daily,,KG,3.299,3.299,167.046630859375,xgboost_feat
PEAR_CONFERENCE,WHOLESALE,NL-NB,2026-02-20,2026-02-20,Daily,,KG,3.299,3.299,173.1068572998047,xgboost_feat
PEAR_CONFERENCE,WHOLESALE,NL-NB,2026-02-21,2026-02-21,Daily,,KG,3.299,3.299,144.16744995117188,xgboost_feat
PEAR_CONFERENCE,WHOLESALE,NL-NB,2026-02-22,2026-02-22,Daily,,KG,3.299,3.299,148.22496032714844,xgboost_feat
PEAR_CONFERENCE,WHOLESALE,NL-NB,2026-02-23,2026-02-23,Daily,,KG,3.299,3.299,169.7117919921875,xgboost_feat
PEAR_CONFERENCE,WHOLESALE,NL-NB,2026-02-24,2026-02-24,Daily,,KG,3.299,3.299,175.7010498046875,xgboost_feat
PEAR_CONFERENCE,WHOLESALE,NL-NB,2026-02-25,2026-02-25,Daily,,KG,3.299,3.299,173.3857421875,xgboost_feat
PEAR_CONFERENCE,WHOLESALE,NL-NB,2026-02-26,2026-02-26,Daily,,KG,3.299,3.299,129.7342987060547,xgboost_feat
PEAR_CONFERENCE,WHOLESALE,NL-NB,2026-02-27,2026-02-27,Daily,,KG,3.299,3.299,172.28453063964844,xgboost_feat
PEAR_CONFERENCE,WHOLESALE,NL-NB,2026-02-28,2026-02-28,Daily,,KG,3.299,3.299,160.23458862304688,xgboost_feat
PEAR_CONFERENCE,WHOLESALE,NL-NB,2026-03-01,2026-03-01,Daily,,KG,3.299,3.299,147.184814453125,xgboost_feat
PEAR_CONFERENCE,WHOLESALE,NL-NH,2026-02-02,2026-02-02,Daily,,KG,3.145,3.145,160.6980438232422,xgboost_feat
PEAR_CONFERENCE,WHOLESALE,NL-NH,2026-02-03,2026-02-03,Daily,,KG,3.145,3.145,161.29681396484375,xgboost_feat
PEAR_CONFERENCE,WHOLESALE,NL-NH,2026-02-04,2026-02-04,Daily,,KG,3.145,3.145,158.493408203125,xgboost_feat
PEAR_CONFERENCE,WHOLESALE,NL-NH,2026-02-05,2026-02-05,Daily,,KG,3.145,3.145,188.08750915527344,xgboost_feat
PEAR_CONFERENCE,WHOLESALE,NL-NH,2026-02-06,2026-02-06,Daily,,KG,3.145,3.145,153.80003356933594,xgboost_feat
PEAR_CONFERENCE,WHOLESALE,NL-NH,2026-02-07,2026-02-07,Daily,,KG,3.145,3.145,151.19297790527344,xgboost_feat
PEAR_CONFERENCE,WHOLESALE,NL-NH,2026-02-08,2026-02-08,Daily,,KG,3.145,3.145,126.4930419921875,xgboost_feat
PEAR_CONFERENCE,WHOLESALE,NL-NH,2026-02-09,2026-02-09,Daily,,KG,3.145,3.145,145.19064331054688,xgboost_feat
PEAR_CONFERENCE,WHOLESALE,NL-NH,2026-02-10,2026-02-10,Daily,,KG,3.145,3.145,154.43617248535156,xgboost_feat
PEAR_CONFERENCE,WHOLESALE,NL-NH,2026-02-11,2026-02-11,Daily,,KG,3.145,3.145,127.66588592529297,xgboost_feat
PEAR_CONFERENCE,WHOLESALE,NL-NH,2026-02-12,2026-02-12,Daily,,KG,3.145,3.145,145.56973266601562,xgboost_feat
PEAR_CONFERENCE,WHOLESALE,NL-NH,2026-02-13,2026-02-13,Daily,,KG,3.145,3.145,148.3998565673828,xgboost_feat
PEAR_CONFERENCE,WHOLESALE,NL-NH,2026-02-14,2026-02-14,Daily,,KG,3.145,3.145,139.58067321777344,xgboost_feat
PEAR_CONFERENCE,WHOLESALE,NL-NH,2026-02-15,2026-02-15,Daily,,KG,3.145,3.145,145.79026794433594,xgboost_feat
PEAR_CONFERENCE,WHOLESALE,NL-NH,2026-02-16,2026-02-16,Daily,,KG,3.145,3.145,167.64617919921875,xgboost_feat
PEAR_CONFERENCE,WHOLESALE,NL-NH,2026-02-17,2026-02-17,Daily,,KG,3.145,3.145,182.12332153320312,xgboost_feat
PEAR_CONFERENCE,WHOLESALE,NL-NH,2026-02-18,2026-02-18,Daily,,KG,3.145,3.145,126.23921966552734,xgboost_feat
PEAR_CONFERENCE,WHOLESALE,NL-NH,2026-02-19,2026-02-19,Daily,,KG,3.145,3.145,149.14627075195312,xgboost_feat
PEAR_CONFERENCE,WHOLESALE,NL-NH,2026-02-20,2026-02-20,Daily,,KG,3.145,3.145,174.04232788085938,xgboost_feat
PEAR_CONFERENCE,WHOLESALE,NL-NH,2026-02-21,2026-02-21,Daily,,KG,3.145,3.145,146.09886169433594,xgboost_feat
PEAR_CONFERENCE,WHOLESALE,NL-NH,2026-02-22,2026-02-22,Daily,,KG,3.145,3.145,128.94117736816406,xgboost_feat
PEAR_CONFERENCE,WHOLESALE,NL-NH,2026-02-23,2026-02-23,Daily,,KG,3.145,3.145,157.787109375,xgboost_feat
PEAR_CONFERENCE,WHOLESALE,NL-NH,2026-02-24,2026-02-24,Daily,,KG,3.145,3.145,140.6035614013672,xgboost_feat
PEAR_CONFERENCE,WHOLESALE,NL-NH,2026-02-25,2026-02-25,Daily,,KG,3.145,3.145,178.85740661621094,xgboost_feat
PEAR_CONFERENCE,WHOLESALE,NL-NH,2026-02-26,2026-02-26,Daily,,KG,3.145,3.145,167.52796936035156,xgboost_feat
PEAR_CONFERENCE,WHOLESALE,NL-NH,2026-02-27,2026-02-27,Daily,,KG,3.145,3.145,174.4207000732422,xgboost_feat
PEAR_CONFERENCE,WHOLESALE,NL-NH,2026-02-28,2026-02-28,Daily,,KG,3.145,3.145,160.96299743652344,xgboost_feat
PEAR_CONFERENCE,WHOLESALE,NL-NH,2026-03-01,2026-03-01,Daily,,KG,3.145,3.145,146.73812866210938,xgboost_feat
PEAR_CONFERENCE,WHOLESALE,NL-ZH,2026-02-02,2026-02-02,Daily,,KG,3.368,3.368,176.7176513671875,xgboost_feat
PEAR_CONFERENCE,WHOLESALE,NL-ZH,2026-02-03,2026-02-03,Daily,,KG,3.368,3.368,178.87611389160156,xgboost_feat
PEAR_CONFERENCE,WHOLESALE,NL-ZH,2026-02-04,2026-02-04,Daily,,KG,3.368,3.368,171.14373779296875,xgboost_feat
PEAR_CONFERENCE,WHOLESALE,NL-ZH,2026-02-05,2026-02-05,Daily,,KG,3.368,3.368,197.33074951171875,xgboost_feat
PEAR_CONFERENCE,WHOLESALE,NL-ZH,2026-02-06,2026-02-06,Daily,,KG,3.368,3.368,168.8382568359375,xgboost_feat
PEAR_CONFERENCE,WHOLESALE,NL-ZH,2026-02-07,2026-02-07,Daily,,KG,3.368,3.368,142.96475219726562,xgboost_feat
PEAR_CONFERENCE,WHOLESALE,NL-ZH,2026-02-08,2026-02-08,Daily,,KG,3.368,3.368,132.6989288330078,xgboost_feat
PEAR_CONFERENCE,WHOLESALE,NL-ZH,2026-02-09,2026-02-09,Daily,,KG,3.368,3.368,154.1356201171875,xgboost_feat
PEAR_CONFERENCE,WHOLESALE,NL-ZH,2026-02-10,2026-02-10,Daily,,KG,3.368,3.368,162.32571411132812,xgboost_feat
PEAR_CONFERENCE,WHOLESALE,NL-ZH,2026-02-11,2026-02-11,Daily,,KG,3.368,3.368,137.905517578125,xgboost_feat
PEAR_CONFERENCE,WHOLESALE,NL-ZH,2026-02-12,2026-02-12,Daily,,KG,3.368,3.368,159.4282684326172,xgboost_feat
PEAR_CONFERENCE,WHOLESALE,NL-ZH,2026-02-13,2026-02-13,Daily,,KG,3.368,3.368,165.85235595703125,xgboost_feat
PEAR_CONFERENCE,WHOLESALE,NL-ZH,2026-02-14,2026-02-14,Daily,,KG,3.368,3.368,140.0152587890625,xgboost_feat
PEAR_CONFERENCE,WHOLESALE,NL-ZH,2026-02-15,2026-02-15,Daily,,KG,3.368,3.368,144.81072998046875,xgboost_feat
PEAR_CONFERENCE,WHOLESALE,NL-ZH,2026-02-16,2026-02-16,Daily,,KG,3.368,3.368,165.6913604736328,xgboost_feat
PEAR_CONFERENCE,WHOLESALE,NL-ZH,2026-02-17,2026-02-17,Daily,,KG,3.368,3.368,182.8234405517578,xgboost_feat
PEAR_CONFERENCE,WHOLESALE,NL-ZH,2026-02-18,2026-02-18,Daily,,KG,3.368,3.368,137.02264404296875,xgboost_feat
PEAR_CONFERENCE,WHOLESALE,NL-ZH,2026-02-19,2026-02-19,Daily,,KG,3.368,3.368,160.59693908691406,xgboost_feat
PEAR_CONFERENCE,WHOLESALE,NL-ZH,2026-02-20,2026-02-20,Daily,,KG,3.368,3.368,175.0586395263672,xgboost_feat
PEAR_CONFERENCE,WHOLESALE,NL-ZH,2026-02-21,2026-02-21,Daily,,KG,3.368,3.368,141.64370727539062,xgboost_feat
PEAR_CONFERENCE,WHOLESALE,NL-ZH,2026-02-22,2026-02-22,Daily,,KG,3.368,3.368,123.73053741455078,xgboost_feat
PEAR_CONFERENCE,WHOLESALE,NL-ZH,2026-02-23,2026-02-23,Daily,,KG,3.368,3.368,155.5924072265625,xgboost_feat
PEAR_CONFERENCE,WHOLESALE,NL-ZH,2026-02-24,2026-02-24,Daily,,KG,3.368,3.368,153.66641235351562,xgboost_feat
PEAR_CONFERENCE,WHOLESALE,NL-ZH,2026-02-25,2026-02-25,Daily,,KG,3.368,3.368,185.4146270751953,xgboost_feat
PEAR_CONFERENCE,WHOLESALE,NL-ZH,2026-02-26,2026-02-26,Daily,,KG,3.368,3.368,147.45375061035156,xgboost_feat
PEAR_CONFERENCE,WHOLESALE,NL-ZH,2026-02-27,2026-02-27,Daily,,KG,3.368,3.368,178.42117309570312,xgboost_feat
PEAR_CONFERENCE,WHOLESALE,NL-ZH,2026-02-28,2026-02-28,Daily,,KG,3.368,3.368,157.5902557373047,xgboost_feat
PEAR_CONFERENCE,WHOLESALE,NL-ZH,2026-03-01,2026-03-01,Daily,,KG,3.368,3.368,152.96795654296875,xgboost_feat
PEAR_WILLIAMS,ONLINE,NL-GE,2026-02-02,2026-02-02,Daily,,KG,3.16,3.16,134.29324340820312,xgboost_feat
PEAR_WILLIAMS,ONLINE,NL-GE,2026-02-03,2026-02-03,Daily,,KG,3.16,3.16,126.46405029296875,xgboost_feat
PEAR_WILLIAMS,ONLINE,NL-GE,2026-02-04,2026-02-04,Daily,,KG,3.16,3.16,124.60069274902344,xgboost_feat
PEAR_WILLIAMS,ONLINE,NL-GE,2026-02-05,2026-02-05,Daily,,KG,3.16,3.16,123.78765106201172,xgboost_feat
PEAR_WILLIAMS,ONLINE,NL-GE,2026-02-06,2026-02-06,Daily,,KG,3.16,3.16,129.70709228515625,xgboost_feat
PEAR_WILLIAMS,ONLINE,NL-GE,2026-02-07,2026-02-07,Daily,,KG,3.16,3.16,119.29882049560547,xgboost_feat
PEAR_WILLIAMS,ONLINE,NL-GE,2026-02-08,2026-02-08,Daily,,KG,3.16,3.16,118.95645141601562,xgboost_feat
PEAR_WILLIAMS,ONLINE,NL-GE,2026-02-09,2026-02-09,Daily,,KG,3.16,3.16,137.4377899169922,xgboost_feat
PEAR_WILLIAMS,ONLINE,NL-GE,2026-02-10,2026-02-10,Daily,,KG,3.16,3.16,134.7014923095703,xgboost_feat
PEAR_WILLIAMS,ONLINE,NL-GE,2026-02-11,2026-02-11,Daily,,KG,3.16,3.16,136.74972534179688,xgboost_feat
PEAR_WILLIAMS,ONLINE,NL-GE,2026-02-12,2026-02-12,Daily,,KG,3.16,3.16,150.1534423828125,xgboost_feat
PEAR_WILLIAMS,ONLINE,NL-GE,2026-02-13,2026-02-13,Daily,,KG,3.16,3.16,157.98876953125,xgboost_feat
PEAR_WILLIAMS,ONLINE,NL-GE,2026-02-14,2026-02-14,Daily,,KG,3.16,3.16,135.25990295410156,xgboost_feat
PEAR_WILLIAMS,ONLINE,NL-GE,2026-02-15,2026-02-15,Daily,,KG,3.16,3.16,140.31398010253906,xgboost_feat
PEAR_WILLIAMS,ONLINE,NL-GE,2026-02-16,2026-02-16,Daily,,KG,3.16,3.16,166.5358123779297,xgboost_feat
PEAR_WILLIAMS,ONLINE,NL-GE,2026-02-17,2026-02-17,Daily,,KG,3.16,3.16,157.59368896484375,xgboost_feat
PEAR_WILLIAMS,ONLINE,NL-GE,2026-02-18,2026-02-18,Daily,,KG,3.16,3.16,121.87952423095703,xgboost_feat
PEAR_WILLIAMS,ONLINE,NL-GE,2026-02-19,2026-02-19,Daily,,KG,3.16,3.16,144.25094604492188,xgboost_feat
PEAR_WILLIAMS,ONLINE,NL-GE,2026-02-20,2026-02-20,Daily,,KG,3.16,3.16,144.1653594970703,xgboost_feat
PEAR_WILLIAMS,ONLINE,NL-GE,2026-02-21,2026-02-21,Daily,,KG,3.16,3.16,128.49700927734375,xgboost_feat
PEAR_WILLIAMS,ONLINE,NL-GE,2026-02-22,2026-02-22,Daily,,KG,3.16,3.16,128.7382354736328,xgboost_feat
PEAR_WILLIAMS,ONLINE,NL-GE,2026-02-23,2026-02-23,Daily,,KG,3.16,3.16,150.8238067626953,xgboost_feat
PEAR_WILLIAMS,ONLINE,NL-GE,2026-02-24,2026-02-24,Daily,,KG,3.16,3.16,150.0761260986328,xgboost_feat
PEAR_WILLIAMS,ONLINE,NL-GE,2026-02-25,2026-02-25,Daily,,KG,3.16,3.16,150.77012634277344,xgboost_feat
PEAR_WILLIAMS,ONLINE,NL-GE,2026-02-26,2026-02-26,Daily,,KG,3.16,3.16,142.59603881835938,xgboost_feat
PEAR_WILLIAMS,ONLINE,NL-GE,2026-02-27,2026-02-27,Daily,,KG,3.16,3.16,153.1590118408203,xgboost_feat
PEAR_WILLIAMS,ONLINE,NL-GE,2026-02-28,2026-02-28,Daily,,KG,3.16,3.16,152.46922302246094,xgboost_feat
PEAR_WILLIAMS,ONLINE,NL-GE,2026-03-01,2026-03-01,Daily,,KG,3.16,3.16,149.123291015625,xgboost_feat
PEAR_WILLIAMS,ONLINE,NL-NB,2026-02-02,2026-02-02,Daily,,KG,2.894,2.894,130.20272827148438,xgboost_feat
PEAR_WILLIAMS,ONLINE,NL-NB,2026-02-03,2026-02-03,Daily,,KG,2.894,2.894,128.90087890625,xgboost_feat
PEAR_WILLIAMS,ONLINE,NL-NB,2026-02-04,2026-02-04,Daily,,KG,2.894,2.894,130.80711364746094,xgboost_feat
PEAR_WILLIAMS,ONLINE,NL-NB,2026-02-05,2026-02-05,Daily,,KG,2.894,2.894,139.00709533691406,xgboost_feat
PEAR_WILLIAMS,ONLINE,NL-NB,2026-02-06,2026-02-06,Daily,,KG,2.894,2.894,132.29310607910156,xgboost_feat
PEAR_WILLIAMS,ONLINE,NL-NB,2026-02-07,2026-02-07,Daily,,KG,2.894,2.894,109.37393188476562,xgboost_feat
PEAR_WILLIAMS,ONLINE,NL-NB,2026-02-08,2026-02-08,Daily,,KG,2.894,2.894,116.55122375488281,xgboost_feat
PEAR_WILLIAMS,ONLINE,NL-NB,2026-02-09,2026-02-09,Daily,,KG,2.894,2.894,139.56692504882812,xgboost_feat
PEAR_WILLIAMS,ONLINE,NL-NB,2026-02-10,2026-02-10,Daily,,KG,2.894,2.894,137.8546905517578,xgboost_feat
PEAR_WILLIAMS,ONLINE,NL-NB,2026-02-11,2026-02-11,Daily,,KG,2.894,2.894,143.75314331054688,xgboost_feat
PEAR_WILLIAMS,ONLINE,NL-NB,2026-02-12,2026-02-12,Daily,,KG,2.894,2.894,144.14353942871094,xgboost_feat
PEAR_WILLIAMS,ONLINE,NL-NB,2026-02-13,2026-02-13,Daily,,KG,2.894,2.894,150.89144897460938,xgboost_feat
PEAR_WILLIAMS,ONLINE,NL-NB,2026-02-14,2026-02-14,Daily,,KG,2.894,2.894,131.56402587890625,xgboost_feat
PEAR_WILLIAMS,ONLINE,NL-NB,2026-02-15,2026-02-15,Daily,,KG,2.894,2.894,143.6270751953125,xgboost_feat
PEAR_WILLIAMS,ONLINE,NL-NB,2026-02-16,2026-02-16,Daily,,KG,2.894,2.894,162.32740783691406,xgboost_feat
PEAR_WILLIAMS,ONLINE,NL-NB,2026-02-17,2026-02-17,Daily,,KG,2.894,2.894,167.7389678955078,xgboost_feat
PEAR_WILLIAMS,ONLINE,NL-NB,2026-02-18,2026-02-18,Daily,,KG,2.894,2.894,130.67782592773438,xgboost_feat
PEAR_WILLIAMS,ONLINE,NL-NB,2026-02-19,2026-02-19,Daily,,KG,2.894,2.894,149.32752990722656,xgboost_feat
PEAR_WILLIAMS,ONLINE,NL-NB,2026-02-20,2026-02-20,Daily,,KG,2.894,2.894,149.1986846923828,xgboost_feat
PEAR_WILLIAMS,ONLINE,NL-NB,2026-02-21,2026-02-21,Daily,,KG,2.894,2.894,129.8029022216797,xgboost_feat
PEAR_WILLIAMS,ONLINE,NL-NB,2026-02-22,2026-02-22,Daily,,KG,2.894,2.894,132.14552307128906,xgboost_feat
PEAR_WILLIAMS,ONLINE,NL-NB,2026-02-23,2026-02-23,Daily,,KG,2.894,2.894,152.06509399414062,xgboost_feat
PEAR_WILLIAMS,ONLINE,NL-NB,2026-02-24,2026-02-24,Daily,,KG,2.894,2.894,157.60482788085938,xgboost_feat
PEAR_WILLIAMS,ONLINE,NL-NB,2026-02-25,2026-02-25,Daily,,KG,2.894,2.894,156.22938537597656,xgboost_feat
PEAR_WILLIAMS,ONLINE,NL-NB,2026-02-26,2026-02-26,Daily,,KG,2.894,2.894,126.75506591796875,xgboost_feat
PEAR_WILLIAMS,ONLINE,NL-NB,2026-02-27,2026-02-27,Daily,,KG,2.894,2.894,159.2427520751953,xgboost_feat
PEAR_WILLIAMS,ONLINE,NL-NB,2026-02-28,2026-02-28,Daily,,KG,2.894,2.894,146.87855529785156,xgboost_feat
PEAR_WILLIAMS,ONLINE,NL-NB,2026-03-01,2026-03-01,Daily,,KG,2.894,2.894,151.65904235839844,xgboost_feat
PEAR_WILLIAMS,ONLINE,NL-NH,2026-02-02,2026-02-02,Daily,,KG,3.214,3.214,126.2204818725586,xgboost_feat
PEAR_WILLIAMS,ONLINE,NL-NH,2026-02-03,2026-02-03,Daily,,KG,3.214,3.214,125.54959106445312,xgboost_feat
PEAR_WILLIAMS,ONLINE,NL-NH,2026-02-04,2026-02-04,Daily,,KG,3.214,3.214,124.34516906738281,xgboost_feat
PEAR_WILLIAMS,ONLINE,NL-NH,2026-02-05,2026-02-05,Daily,,KG,3.214,3.214,135.52284240722656,xgboost_feat
PEAR_WILLIAMS,ONLINE,NL-NH,2026-02-06,2026-02-06,Daily,,KG,3.214,3.214,129.43576049804688,xgboost_feat
PEAR_WILLIAMS,ONLINE,NL-NH,2026-02-07,2026-02-07,Daily,,KG,3.214,3.214,121.8604965209961,xgboost_feat
PEAR_WILLIAMS,ONLINE,NL-NH,2026-02-08,2026-02-08,Daily,,KG,3.214,3.214,115.16487121582031,xgboost_feat
PEAR_WILLIAMS,ONLINE,NL-NH,2026-02-09,2026-02-09,Daily,,KG,3.214,3.214,139.3678436279297,xgboost_feat
PEAR_WILLIAMS,ONLINE,NL-NH,2026-02-10,2026-02-10,Daily,,KG,3.214,3.214,145.55447387695312,xgboost_feat
PEAR_WILLIAMS,ONLINE,NL-NH,2026-02-11,2026-02-11,Daily,,KG,3.214,3.214,114.6865234375,xgboost_feat
PEAR_WILLIAMS,ONLINE,NL-NH,2026-02-12,2026-02-12,Daily,,KG,3.214,3.214,121.46965026855469,xgboost_feat
PEAR_WILLIAMS,ONLINE,NL-NH,2026-02-13,2026-02-13,Daily,,KG,3.214,3.214,135.94638061523438,xgboost_feat
PEAR_WILLIAMS,ONLINE,NL-NH,2026-02-14,2026-02-14,Daily,,KG,3.214,3.214,123.8799819946289,xgboost_feat
PEAR_WILLIAMS,ONLINE,NL-NH,2026-02-15,2026-02-15,Daily,,KG,3.214,3.214,140.12356567382812,xgboost_feat
PEAR_WILLIAMS,ONLINE,NL-NH,2026-02-16,2026-02-16,Daily,,KG,3.214,3.214,152.64993286132812,xgboost_feat
PEAR_WILLIAMS,ONLINE,NL-NH,2026-02-17,2026-02-17,Daily,,KG,3.214,3.214,161.2137908935547,xgboost_feat
PEAR_WILLIAMS,ONLINE,NL-NH,2026-02-18,2026-02-18,Daily,,KG,3.214,3.214,124.10707092285156,xgboost_feat
PEAR_WILLIAMS,ONLINE,NL-NH,2026-02-19,2026-02-19,Daily,,KG,3.214,3.214,147.1013946533203,xgboost_feat
PEAR_WILLIAMS,ONLINE,NL-NH,2026-02-20,2026-02-20,Daily,,KG,3.214,3.214,149.87969970703125,xgboost_feat
PEAR_WILLIAMS,ONLINE,NL-NH,2026-02-21,2026-02-21,Daily,,KG,3.214,3.214,130.16610717773438,xgboost_feat
PEAR_WILLIAMS,ONLINE,NL-NH,2026-02-22,2026-02-22,Daily,,KG,3.214,3.214,117.68640899658203,xgboost_feat
PEAR_WILLIAMS,ONLINE,NL-NH,2026-02-23,2026-02-23,Daily,,KG,3.214,3.214,144.95046997070312,xgboost_feat
PEAR_WILLIAMS,ONLINE,NL-NH,2026-02-24,2026-02-24,Daily,,KG,3.214,3.214,132.77676391601562,xgboost_feat
PEAR_WILLIAMS,ONLINE,NL-NH,2026-02-25,2026-02-25,Daily,,KG,3.214,3.214,154.56387329101562,xgboost_feat
PEAR_WILLIAMS,ONLINE,NL-NH,2026-02-26,2026-02-26,Daily,,KG,3.214,3.214,150.00099182128906,xgboost_feat
PEAR_WILLIAMS,ONLINE,NL-NH,2026-02-27,2026-02-27,Daily,,KG,3.214,3.214,156.8180694580078,xgboost_feat
PEAR_WILLIAMS,ONLINE,NL-NH,2026-02-28,2026-02-28,Daily,,KG,3.214,3.214,137.90869140625,xgboost_feat
PEAR_WILLIAMS,ONLINE,NL-NH,2026-03-01,2026-03-01,Daily,,KG,3.214,3.214,128.3236083984375,xgboost_feat
PEAR_WILLIAMS,ONLINE,NL-ZH,2026-02-02,2026-02-02,Daily,,KG,3.404,3.404,129.8524627685547,xgboost_feat
PEAR_WILLIAMS,ONLINE,NL-ZH,2026-02-03,2026-02-03,Daily,,KG,3.404,3.404,132.2830047607422,xgboost_feat
PEAR_WILLIAMS,ONLINE,NL-ZH,2026-02-04,2026-02-04,Daily,,KG,3.404,3.404,135.14834594726562,xgboost_feat
PEAR_WILLIAMS,ONLINE,NL-ZH,2026-02-05,2026-02-05,Daily,,KG,3.404,3.404,139.98974609375,xgboost_feat
PEAR_WILLIAMS,ONLINE,NL-ZH,2026-02-06,2026-02-06,Daily,,KG,3.404,3.404,130.53407287597656,xgboost_feat
PEAR_WILLIAMS,ONLINE,NL-ZH,2026-02-07,2026-02-07,Daily,,KG,3.404,3.404,113.85418701171875,xgboost_feat
PEAR_WILLIAMS,ONLINE,NL-ZH,2026-02-08,2026-02-08,Daily,,KG,3.404,3.404,116.76802825927734,xgboost_feat
PEAR_WILLIAMS,ONLINE,NL-ZH,2026-02-09,2026-02-09,Daily,,KG,3.404,3.404,151.9916534423828,xgboost_feat
PEAR_WILLIAMS,ONLINE,NL-ZH,2026-02-10,2026-02-10,Daily,,KG,3.404,3.404,147.67872619628906,xgboost_feat
PEAR_WILLIAMS,ONLINE,NL-ZH,2026-02-11,2026-02-11,Daily,,KG,3.404,3.404,125.02869415283203,xgboost_feat
PEAR_WILLIAMS,ONLINE,NL-ZH,2026-02-12,2026-02-12,Daily,,KG,3.404,3.404,146.2290802001953,xgboost_feat
PEAR_WILLIAMS,ONLINE,NL-ZH,2026-02-13,2026-02-13,Daily,,KG,3.404,3.404,152.63262939453125,xgboost_feat
PEAR_WILLIAMS,ONLINE,NL-ZH,2026-02-14,2026-02-14,Daily,,KG,3.404,3.404,127.19078826904297,xgboost_feat
PEAR_WILLIAMS,ONLINE,NL-ZH,2026-02-15,2026-02-15,Daily,,KG,3.404,3.404,136.4334716796875,xgboost_feat
PEAR_WILLIAMS,ONLINE,NL-ZH,2026-02-16,2026-02-16,Daily,,KG,3.404,3.404,154.93333435058594,xgboost_feat
PEAR_WILLIAMS,ONLINE,NL-ZH,2026-02-17,2026-02-17,Daily,,KG,3.404,3.404,159.9402313232422,xgboost_feat
PEAR_WILLIAMS,ONLINE,NL-ZH,2026-02-18,2026-02-18,Daily,,KG,3.404,3.404,126.60625457763672,xgboost_feat
PEAR_WILLIAMS,ONLINE,NL-ZH,2026-02-19,2026-02-19,Daily,,KG,3.404,3.404,149.2142791748047,xgboost_feat
PEAR_WILLIAMS,ONLINE,NL-ZH,2026-02-20,2026-02-20,Daily,,KG,3.404,3.404,150.186279296875,xgboost_feat
PEAR_WILLIAMS,ONLINE,NL-ZH,2026-02-21,2026-02-21,Daily,,KG,3.404,3.404,126.4794692993164,xgboost_feat
PEAR_WILLIAMS,ONLINE,NL-ZH,2026-02-22,2026-02-22,Daily,,KG,3.404,3.404,110.02078247070312,xgboost_feat
PEAR_WILLIAMS,ONLINE,NL-ZH,2026-02-23,2026-02-23,Daily,,KG,3.404,3.404,144.76602172851562,xgboost_feat
PEAR_WILLIAMS,ONLINE,NL-ZH,2026-02-24,2026-02-24,Daily,,KG,3.404,3.404,146.49391174316406,xgboost_feat
PEAR_WILLIAMS,ONLINE,NL-ZH,2026-02-25,2026-02-25,Daily,,KG,3.404,3.404,154.38572692871094,xgboost_feat
PEAR_WILLIAMS,ONLINE,NL-ZH,2026-02-26,2026-02-26,Daily,,KG,3.404,3.404,131.68894958496094,xgboost_feat
PEAR_WILLIAMS,ONLINE,NL-ZH,2026-02-27,2026-02-27,Daily,,KG,3.404,3.404,148.79415893554688,xgboost_feat
PEAR_WILLIAMS,ONLINE,NL-ZH,2026-02-28,2026-02-28,Daily,,KG,3.404,3.404,135.16409301757812,xgboost_feat
PEAR_WILLIAMS,ONLINE,NL-ZH,2026-03-01,2026-03-01,Daily,,KG,3.404,3.404,132.07626342773438,xgboost_feat
PEAR_WILLIAMS,RETAIL,NL-GE,2026-02-02,2026-02-02,Daily,,KG,3.122,3.122,153.50848388671875,xgboost_feat
PEAR_WILLIAMS,RETAIL,NL-GE,2026-02-03,2026-02-03,Daily,,KG,3.122,3.122,168.03890991210938,xgboost_feat
PEAR_WILLIAMS,RETAIL,NL-GE,2026-02-04,2026-02-04,Daily,,KG,3.122,3.122,151.0575408935547,xgboost_feat
PEAR_WILLIAMS,RETAIL,NL-GE,2026-02-05,2026-02-05,Daily,,KG,3.122,3.122,162.65591430664062,xgboost_feat
PEAR_WILLIAMS,RETAIL,NL-GE,2026-02-06,2026-02-06,Daily,,KG,3.122,3.122,160.06585693359375,xgboost_feat
PEAR_WILLIAMS,RETAIL,NL-GE,2026-02-07,2026-02-07,Daily,,KG,3.122,3.122,142.4571533203125,xgboost_feat
PEAR_WILLIAMS,RETAIL,NL-GE,2026-02-08,2026-02-08,Daily,,KG,3.122,3.122,136.9258575439453,xgboost_feat
PEAR_WILLIAMS,RETAIL,NL-GE,2026-02-09,2026-02-09,Daily,,KG,3.122,3.122,150.6042938232422,xgboost_feat
PEAR_WILLIAMS,RETAIL,NL-GE,2026-02-10,2026-02-10,Daily,,KG,3.122,3.122,150.73561096191406,xgboost_feat
PEAR_WILLIAMS,RETAIL,NL-GE,2026-02-11,2026-02-11,Daily,,KG,3.122,3.122,137.1008758544922,xgboost_feat
PEAR_WILLIAMS,RETAIL,NL-GE,2026-02-12,2026-02-12,Daily,,KG,3.122,3.122,159.1457061767578,xgboost_feat
PEAR_WILLIAMS,RETAIL,NL-GE,2026-02-13,2026-02-13,Daily,,KG,3.122,3.122,171.2892303466797,xgboost_feat
PEAR_WILLIAMS,RETAIL,NL-GE,2026-02-14,2026-02-14,Daily,,KG,3.122,3.122,145.69300842285156,xgboost_feat
PEAR_WILLIAMS,RETAIL,NL-GE,2026-02-15,2026-02-15,Daily,,KG,3.122,3.122,143.12037658691406,xgboost_feat
PEAR_WILLIAMS,RETAIL,NL-GE,2026-02-16,2026-02-16,Daily,,KG,3.122,3.122,170.82017517089844,xgboost_feat
PEAR_WILLIAMS,RETAIL,NL-GE,2026-02-17,2026-02-17,Daily,,KG,3.122,3.122,170.40296936035156,xgboost_feat
PEAR_WILLIAMS,RETAIL,NL-GE,2026-02-18,2026-02-18,Daily,,KG,3.122,3.122,128.90170288085938,xgboost_feat
PEAR_WILLIAMS,RETAIL,NL-GE,2026-02-19,2026-02-19,Daily,,KG,3.122,3.122,157.9346923828125,xgboost_feat
PEAR_WILLIAMS,RETAIL,NL-GE,2026-02-20,2026-02-20,Daily,,KG,3.122,3.122,168.60122680664062,xgboost_feat
PEAR_WILLIAMS,RETAIL,NL-GE,2026-02-21,2026-02-21,Daily,,KG,3.122,3.122,142.2128143310547,xgboost_feat
PEAR_WILLIAMS,RETAIL,NL-GE,2026-02-22,2026-02-22,Daily,,KG,3.122,3.122,133.06301879882812,xgboost_feat
PEAR_WILLIAMS,RETAIL,NL-GE,2026-02-23,2026-02-23,Daily,,KG,3.122,3.122,161.0882110595703,xgboost_feat
PEAR_WILLIAMS,RETAIL,NL-GE,2026-02-24,2026-02-24,Daily,,KG,3.122,3.122,155.44468688964844,xgboost_feat
PEAR_WILLIAMS,RETAIL,NL-GE,2026-02-25,2026-02-25,Daily,,KG,3.122,3.122,171.56173706054688,xgboost_feat
PEAR_WILLIAMS,RETAIL,NL-GE,2026-02-26,2026-02-26,Daily,,KG,3.122,3.122,142.7088165283203,xgboost_feat
PEAR_WILLIAMS,RETAIL,NL-GE,2026-02-27,2026-02-27,Daily,,KG,3.122,3.122,166.56781005859375,xgboost_feat
PEAR_WILLIAMS,RETAIL,NL-GE,2026-02-28,2026-02-28,Daily,,KG,3.122,3.122,160.8357696533203,xgboost_feat
PEAR_WILLIAMS,RETAIL,NL-GE,2026-03-01,2026-03-01,Daily,,KG,3.122,3.122,142.20799255371094,xgboost_feat
PEAR_WILLIAMS,RETAIL,NL-NB,2026-02-02,2026-02-02,Daily,,KG,3.057,3.057,167.31967163085938,xgboost_feat
PEAR_WILLIAMS,RETAIL,NL-NB,2026-02-03,2026-02-03,Daily,,KG,3.057,3.057,166.66343688964844,xgboost_feat
PEAR_WILLIAMS,RETAIL,NL-NB,2026-02-04,2026-02-04,Daily,,KG,3.057,3.057,158.3267059326172,xgboost_feat
PEAR_WILLIAMS,RETAIL,NL-NB,2026-02-05,2026-02-05,Daily,,KG,3.057,3.057,175.79051208496094,xgboost_feat
PEAR_WILLIAMS,RETAIL,NL-NB,2026-02-06,2026-02-06,Daily,,KG,3.057,3.057,167.4161834716797,xgboost_feat
PEAR_WILLIAMS,RETAIL,NL-NB,2026-02-07,2026-02-07,Daily,,KG,3.057,3.057,138.1602020263672,xgboost_feat
PEAR_WILLIAMS,RETAIL,NL-NB,2026-02-08,2026-02-08,Daily,,KG,3.057,3.057,138.42539978027344,xgboost_feat
PEAR_WILLIAMS,RETAIL,NL-NB,2026-02-09,2026-02-09,Daily,,KG,3.057,3.057,154.9954833984375,xgboost_feat
PEAR_WILLIAMS,RETAIL,NL-NB,2026-02-10,2026-02-10,Daily,,KG,3.057,3.057,153.58181762695312,xgboost_feat
PEAR_WILLIAMS,RETAIL,NL-NB,2026-02-11,2026-02-11,Daily,,KG,3.057,3.057,150.14117431640625,xgboost_feat
PEAR_WILLIAMS,RETAIL,NL-NB,2026-02-12,2026-02-12,Daily,,KG,3.057,3.057,165.23609924316406,xgboost_feat
PEAR_WILLIAMS,RETAIL,NL-NB,2026-02-13,2026-02-13,Daily,,KG,3.057,3.057,165.1754608154297,xgboost_feat
PEAR_WILLIAMS,RETAIL,NL-NB,2026-02-14,2026-02-14,Daily,,KG,3.057,3.057,138.41209411621094,xgboost_feat
PEAR_WILLIAMS,RETAIL,NL-NB,2026-02-15,2026-02-15,Daily,,KG,3.057,3.057,149.10946655273438,xgboost_feat
PEAR_WILLIAMS,RETAIL,NL-NB,2026-02-16,2026-02-16,Daily,,KG,3.057,3.057,170.53419494628906,xgboost_feat
PEAR_WILLIAMS,RETAIL,NL-NB,2026-02-17,2026-02-17,Daily,,KG,3.057,3.057,184.4444122314453,xgboost_feat
PEAR_WILLIAMS,RETAIL,NL-NB,2026-02-18,2026-02-18,Daily,,KG,3.057,3.057,144.26852416992188,xgboost_feat
PEAR_WILLIAMS,RETAIL,NL-NB,2026-02-19,2026-02-19,Daily,,KG,3.057,3.057,164.67637634277344,xgboost_feat
PEAR_WILLIAMS,RETAIL,NL-NB,2026-02-20,2026-02-20,Daily,,KG,3.057,3.057,175.7274627685547,xgboost_feat
PEAR_WILLIAMS,RETAIL,NL-NB,2026-02-21,2026-02-21,Daily,,KG,3.057,3.057,144.3004608154297,xgboost_feat
PEAR_WILLIAMS,RETAIL,NL-NB,2026-02-22,2026-02-22,Daily,,KG,3.057,3.057,147.07420349121094,xgboost_feat
PEAR_WILLIAMS,RETAIL,NL-NB,2026-02-23,2026-02-23,Daily,,KG,3.057,3.057,170.0270538330078,xgboost_feat
PEAR_WILLIAMS,RETAIL,NL-NB,2026-02-24,2026-02-24,Daily,,KG,3.057,3.057,174.0716094970703,xgboost_feat
PEAR_WILLIAMS,RETAIL,NL-NB,2026-02-25,2026-02-25,Daily,,KG,3.057,3.057,172.55323791503906,xgboost_feat
PEAR_WILLIAMS,RETAIL,NL-NB,2026-02-26,2026-02-26,Daily,,KG,3.057,3.057,130.15223693847656,xgboost_feat
PEAR_WILLIAMS,RETAIL,NL-NB,2026-02-27,2026-02-27,Daily,,KG,3.057,3.057,175.6689453125,xgboost_feat
PEAR_WILLIAMS,RETAIL,NL-NB,2026-02-28,2026-02-28,Daily,,KG,3.057,3.057,161.79464721679688,xgboost_feat
PEAR_WILLIAMS,RETAIL,NL-NB,2026-03-01,2026-03-01,Daily,,KG,3.057,3.057,150.66510009765625,xgboost_feat
PEAR_WILLIAMS,RETAIL,NL-NH,2026-02-02,2026-02-02,Daily,,KG,3.327,3.327,155.1042938232422,xgboost_feat
PEAR_WILLIAMS,RETAIL,NL-NH,2026-02-03,2026-02-03,Daily,,KG,3.327,3.327,158.29598999023438,xgboost_feat
PEAR_WILLIAMS,RETAIL,NL-NH,2026-02-04,2026-02-04,Daily,,KG,3.327,3.327,152.8909912109375,xgboost_feat
PEAR_WILLIAMS,RETAIL,NL-NH,2026-02-05,2026-02-05,Daily,,KG,3.327,3.327,188.12167358398438,xgboost_feat
PEAR_WILLIAMS,RETAIL,NL-NH,2026-02-06,2026-02-06,Daily,,KG,3.327,3.327,154.11305236816406,xgboost_feat
PEAR_WILLIAMS,RETAIL,NL-NH,2026-02-07,2026-02-07,Daily,,KG,3.327,3.327,158.0469970703125,xgboost_feat
PEAR_WILLIAMS,RETAIL,NL-NH,2026-02-08,2026-02-08,Daily,,KG,3.327,3.327,136.38185119628906,xgboost_feat
PEAR_WILLIAMS,RETAIL,NL-NH,2026-02-09,2026-02-09,Daily,,KG,3.327,3.327,150.72579956054688,xgboost_feat
PEAR_WILLIAMS,RETAIL,NL-NH,2026-02-10,2026-02-10,Daily,,KG,3.327,3.327,156.49969482421875,xgboost_feat
PEAR_WILLIAMS,RETAIL,NL-NH,2026-02-11,2026-02-11,Daily,,KG,3.327,3.327,129.16526794433594,xgboost_feat
PEAR_WILLIAMS,RETAIL,NL-NH,2026-02-12,2026-02-12,Daily,,KG,3.327,3.327,144.7227325439453,xgboost_feat
PEAR_WILLIAMS,RETAIL,NL-NH,2026-02-13,2026-02-13,Daily,,KG,3.327,3.327,149.66049194335938,xgboost_feat
PEAR_WILLIAMS,RETAIL,NL-NH,2026-02-14,2026-02-14,Daily,,KG,3.327,3.327,135.27130126953125,xgboost_feat
PEAR_WILLIAMS,RETAIL,NL-NH,2026-02-15,2026-02-15,Daily,,KG,3.327,3.327,136.40902709960938,xgboost_feat
PEAR_WILLIAMS,RETAIL,NL-NH,2026-02-16,2026-02-16,Daily,,KG,3.327,3.327,167.06674194335938,xgboost_feat
PEAR_WILLIAMS,RETAIL,NL-NH,2026-02-17,2026-02-17,Daily,,KG,3.327,3.327,184.47885131835938,xgboost_feat
PEAR_WILLIAMS,RETAIL,NL-NH,2026-02-18,2026-02-18,Daily,,KG,3.327,3.327,126.83100128173828,xgboost_feat
PEAR_WILLIAMS,RETAIL,NL-NH,2026-02-19,2026-02-19,Daily,,KG,3.327,3.327,149.40977478027344,xgboost_feat
PEAR_WILLIAMS,RETAIL,NL-NH,2026-02-20,2026-02-20,Daily,,KG,3.327,3.327,173.39378356933594,xgboost_feat
PEAR_WILLIAMS,RETAIL,NL-NH,2026-02-21,2026-02-21,Daily,,KG,3.327,3.327,144.05677795410156,xgboost_feat
PEAR_WILLIAMS,RETAIL,NL-NH,2026-02-22,2026-02-22,Daily,,KG,3.327,3.327,127.80638122558594,xgboost_feat
PEAR_WILLIAMS,RETAIL,NL-NH,2026-02-23,2026-02-23,Daily,,KG,3.327,3.327,156.7842559814453,xgboost_feat
PEAR_WILLIAMS,RETAIL,NL-NH,2026-02-24,2026-02-24,Daily,,KG,3.327,3.327,138.66432189941406,xgboost_feat
PEAR_WILLIAMS,RETAIL,NL-NH,2026-02-25,2026-02-25,Daily,,KG,3.327,3.327,182.44332885742188,xgboost_feat
PEAR_WILLIAMS,RETAIL,NL-NH,2026-02-26,2026-02-26,Daily,,KG,3.327,3.327,166.34690856933594,xgboost_feat
PEAR_WILLIAMS,RETAIL,NL-NH,2026-02-27,2026-02-27,Daily,,KG,3.327,3.327,173.5945587158203,xgboost_feat
PEAR_WILLIAMS,RETAIL,NL-NH,2026-02-28,2026-02-28,Daily,,KG,3.327,3.327,155.21739196777344,xgboost_feat
PEAR_WILLIAMS,RETAIL,NL-NH,2026-03-01,2026-03-01,Daily,,KG,3.327,3.327,146.57765197753906,xgboost_feat
PEAR_WILLIAMS,RETAIL,NL-ZH,2026-02-02,2026-02-02,Daily,,KG,3.483,3.483,160.93251037597656,xgboost_feat
PEAR_WILLIAMS,RETAIL,NL-ZH,2026-02-03,2026-02-03,Daily,,KG,3.483,3.483,167.0640106201172,xgboost_feat
PEAR_WILLIAMS,RETAIL,NL-ZH,2026-02-04,2026-02-04,Daily,,KG,3.483,3.483,163.92347717285156,xgboost_feat
PEAR_WILLIAMS,RETAIL,NL-ZH,2026-02-05,2026-02-05,Daily,,KG,3.483,3.483,187.2902374267578,xgboost_feat
PEAR_WILLIAMS,RETAIL,NL-ZH,2026-02-06,2026-02-06,Daily,,KG,3.483,3.483,162.75112915039062,xgboost_feat
PEAR_WILLIAMS,RETAIL,NL-ZH,2026-02-07,2026-02-07,Daily,,KG,3.483,3.483,140.7628631591797,xgboost_feat
PEAR_WILLIAMS,RETAIL,NL-ZH,2026-02-08,2026-02-08,Daily,,KG,3.483,3.483,133.7835235595703,xgboost_feat
PEAR_WILLIAMS,RETAIL,NL-ZH,2026-02-09,2026-02-09,Daily,,KG,3.483,3.483,155.47964477539062,xgboost_feat
PEAR_WILLIAMS,RETAIL,NL-ZH,2026-02-10,2026-02-10,Daily,,KG,3.483,3.483,161.48829650878906,xgboost_feat
PEAR_WILLIAMS,RETAIL,NL-ZH,2026-02-11,2026-02-11,Daily,,KG,3.483,3.483,138.8056182861328,xgboost_feat
PEAR_WILLIAMS,RETAIL,NL-ZH,2026-02-12,2026-02-12,Daily,,KG,3.483,3.483,161.01739501953125,xgboost_feat
PEAR_WILLIAMS,RETAIL,NL-ZH,2026-02-13,2026-02-13,Daily,,KG,3.483,3.483,164.0550537109375,xgboost_feat
PEAR_WILLIAMS,RETAIL,NL-ZH,2026-02-14,2026-02-14,Daily,,KG,3.483,3.483,139.8839569091797,xgboost_feat
PEAR_WILLIAMS,RETAIL,NL-ZH,2026-02-15,2026-02-15,Daily,,KG,3.483,3.483,140.00088500976562,xgboost_feat
PEAR_WILLIAMS,RETAIL,NL-ZH,2026-02-16,2026-02-16,Daily,,KG,3.483,3.483,165.00550842285156,xgboost_feat
PEAR_WILLIAMS,RETAIL,NL-ZH,2026-02-17,2026-02-17,Daily,,KG,3.483,3.483,180.75482177734375,xgboost_feat
PEAR_WILLIAMS,RETAIL,NL-ZH,2026-02-18,2026-02-18,Daily,,KG,3.483,3.483,137.97271728515625,xgboost_feat
PEAR_WILLIAMS,RETAIL,NL-ZH,2026-02-19,2026-02-19,Daily,,KG,3.483,3.483,160.07257080078125,xgboost_feat
PEAR_WILLIAMS,RETAIL,NL-ZH,2026-02-20,2026-02-20,Daily,,KG,3.483,3.483,174.85421752929688,xgboost_feat
PEAR_WILLIAMS,RETAIL,NL-ZH,2026-02-21,2026-02-21,Daily,,KG,3.483,3.483,144.31761169433594,xgboost_feat
PEAR_WILLIAMS,RETAIL,NL-ZH,2026-02-22,2026-02-22,Daily,,KG,3.483,3.483,123.44644927978516,xgboost_feat
PEAR_WILLIAMS,RETAIL,NL-ZH,2026-02-23,2026-02-23,Daily,,KG,3.483,3.483,160.214111328125,xgboost_feat
PEAR_WILLIAMS,RETAIL,NL-ZH,2026-02-24,2026-02-24,Daily,,KG,3.483,3.483,154.45852661132812,xgboost_feat
PEAR_WILLIAMS,RETAIL,NL-ZH,2026-02-25,2026-02-25,Daily,,KG,3.483,3.483,185.0787353515625,xgboost_feat
PEAR_WILLIAMS,RETAIL,NL-ZH,2026-02-26,2026-02-26,Daily,,KG,3.483,3.483,150.28761291503906,xgboost_feat
PEAR_WILLIAMS,RETAIL,NL-ZH,2026-02-27,2026-02-27,Daily,,KG,3.483,3.483,180.44129943847656,xgboost_feat
PEAR_WILLIAMS,RETAIL,NL-ZH,2026-02-28,2026-02-28,Daily,,KG,3.483,3.483,158.1282501220703,xgboost_feat
PEAR_WILLIAMS,RETAIL,NL-ZH,2026-03-01,2026-03-01,Daily,,KG,3.483,3.483,150.41302490234375,xgboost_feat
PEAR_WILLIAMS,WHOLESALE,NL-GE,2026-02-02,2026-02-02,Daily,,KG,3.186,3.186,158.1144561767578,xgboost_feat
PEAR_WILLIAMS,WHOLESALE,NL-GE,2026-02-03,2026-02-03,Daily,,KG,3.186,3.186,163.83201599121094,xgboost_feat
PEAR_WILLIAMS,WHOLESALE,NL-GE,2026-02-04,2026-02-04,Daily,,KG,3.186,3.186,156.1537628173828,xgboost_feat
PEAR_WILLIAMS,WHOLESALE,NL-GE,2026-02-05,2026-02-05,Daily,,KG,3.186,3.186,168.6521759033203,xgboost_feat
PEAR_WILLIAMS,WHOLESALE,NL-GE,2026-02-06,2026-02-06,Daily,,KG,3.186,3.186,159.85777282714844,xgboost_feat
PEAR_WILLIAMS,WHOLESALE,NL-GE,2026-02-07,2026-02-07,Daily,,KG,3.186,3.186,133.403076171875,xgboost_feat
PEAR_WILLIAMS,WHOLESALE,NL-GE,2026-02-08,2026-02-08,Daily,,KG,3.186,3.186,126.80013275146484,xgboost_feat
PEAR_WILLIAMS,WHOLESALE,NL-GE,2026-02-09,2026-02-09,Daily,,KG,3.186,3.186,151.69476318359375,xgboost_feat
PEAR_WILLIAMS,WHOLESALE,NL-GE,2026-02-10,2026-02-10,Daily,,KG,3.186,3.186,152.87698364257812,xgboost_feat
PEAR_WILLIAMS,WHOLESALE,NL-GE,2026-02-11,2026-02-11,Daily,,KG,3.186,3.186,134.05926513671875,xgboost_feat
PEAR_WILLIAMS,WHOLESALE,NL-GE,2026-02-12,2026-02-12,Daily,,KG,3.186,3.186,162.38580322265625,xgboost_feat
PEAR_WILLIAMS,WHOLESALE,NL-GE,2026-02-13,2026-02-13,Daily,,KG,3.186,3.186,176.5857696533203,xgboost_feat
PEAR_WILLIAMS,WHOLESALE,NL-GE,2026-02-14,2026-02-14,Daily,,KG,3.186,3.186,151.37652587890625,xgboost_feat
PEAR_WILLIAMS,WHOLESALE,NL-GE,2026-02-15,2026-02-15,Daily,,KG,3.186,3.186,148.2698974609375,xgboost_feat
PEAR_WILLIAMS,WHOLESALE,NL-GE,2026-02-16,2026-02-16,Daily,,KG,3.186,3.186,167.45777893066406,xgboost_feat
PEAR_WILLIAMS,WHOLESALE,NL-GE,2026-02-17,2026-02-17,Daily,,KG,3.186,3.186,168.81863403320312,xgboost_feat
PEAR_WILLIAMS,WHOLESALE,NL-GE,2026-02-18,2026-02-18,Daily,,KG,3.186,3.186,127.76697540283203,xgboost_feat
PEAR_WILLIAMS,WHOLESALE,NL-GE,2026-02-19,2026-02-19,Daily,,KG,3.186,3.186,155.6453857421875,xgboost_feat
PEAR_WILLIAMS,WHOLESALE,NL-GE,2026-02-20,2026-02-20,Daily,,KG,3.186,3.186,173.29727172851562,xgboost_feat
PEAR_WILLIAMS,WHOLESALE,NL-GE,2026-02-21,2026-02-21,Daily,,KG,3.186,3.186,141.31153869628906,xgboost_feat
PEAR_WILLIAMS,WHOLESALE,NL-GE,2026-02-22,2026-02-22,Daily,,KG,3.186,3.186,130.73512268066406,xgboost_feat
PEAR_WILLIAMS,WHOLESALE,NL-GE,2026-02-23,2026-02-23,Daily,,KG,3.186,3.186,160.10922241210938,xgboost_feat
PEAR_WILLIAMS,WHOLESALE,NL-GE,2026-02-24,2026-02-24,Daily,,KG,3.186,3.186,156.67262268066406,xgboost_feat
PEAR_WILLIAMS,WHOLESALE,NL-GE,2026-02-25,2026-02-25,Daily,,KG,3.186,3.186,163.54530334472656,xgboost_feat
PEAR_WILLIAMS,WHOLESALE,NL-GE,2026-02-26,2026-02-26,Daily,,KG,3.186,3.186,143.1205291748047,xgboost_feat
PEAR_WILLIAMS,WHOLESALE,NL-GE,2026-02-27,2026-02-27,Daily,,KG,3.186,3.186,160.04600524902344,xgboost_feat
PEAR_WILLIAMS,WHOLESALE,NL-GE,2026-02-28,2026-02-28,Daily,,KG,3.186,3.186,155.88534545898438,xgboost_feat
PEAR_WILLIAMS,WHOLESALE,NL-GE,2026-03-01,2026-03-01,Daily,,KG,3.186,3.186,147.78024291992188,xgboost_feat
PEAR_WILLIAMS,WHOLESALE,NL-NB,2026-02-02,2026-02-02,Daily,,KG,3.044,3.044,165.84796142578125,xgboost_feat
PEAR_WILLIAMS,WHOLESALE,NL-NB,2026-02-03,2026-02-03,Daily,,KG,3.044,3.044,161.3827667236328,xgboost_feat
PEAR_WILLIAMS,WHOLESALE,NL-NB,2026-02-04,2026-02-04,Daily,,KG,3.044,3.044,149.18157958984375,xgboost_feat
PEAR_WILLIAMS,WHOLESALE,NL-NB,2026-02-05,2026-02-05,Daily,,KG,3.044,3.044,170.21958923339844,xgboost_feat
PEAR_WILLIAMS,WHOLESALE,NL-NB,2026-02-06,2026-02-06,Daily,,KG,3.044,3.044,167.2908172607422,xgboost_feat
PEAR_WILLIAMS,WHOLESALE,NL-NB,2026-02-07,2026-02-07,Daily,,KG,3.044,3.044,127.15157318115234,xgboost_feat
PEAR_WILLIAMS,WHOLESALE,NL-NB,2026-02-08,2026-02-08,Daily,,KG,3.044,3.044,131.65521240234375,xgboost_feat
PEAR_WILLIAMS,WHOLESALE,NL-NB,2026-02-09,2026-02-09,Daily,,KG,3.044,3.044,154.91017150878906,xgboost_feat
PEAR_WILLIAMS,WHOLESALE,NL-NB,2026-02-10,2026-02-10,Daily,,KG,3.044,3.044,153.67698669433594,xgboost_feat
PEAR_WILLIAMS,WHOLESALE,NL-NB,2026-02-11,2026-02-11,Daily,,KG,3.044,3.044,156.84703063964844,xgboost_feat
PEAR_WILLIAMS,WHOLESALE,NL-NB,2026-02-12,2026-02-12,Daily,,KG,3.044,3.044,167.0956573486328,xgboost_feat
PEAR_WILLIAMS,WHOLESALE,NL-NB,2026-02-13,2026-02-13,Daily,,KG,3.044,3.044,169.62786865234375,xgboost_feat
PEAR_WILLIAMS,WHOLESALE,NL-NB,2026-02-14,2026-02-14,Daily,,KG,3.044,3.044,145.54100036621094,xgboost_feat
PEAR_WILLIAMS,WHOLESALE,NL-NB,2026-02-15,2026-02-15,Daily,,KG,3.044,3.044,163.48983764648438,xgboost_feat
PEAR_WILLIAMS,WHOLESALE,NL-NB,2026-02-16,2026-02-16,Daily,,KG,3.044,3.044,171.04991149902344,xgboost_feat
PEAR_WILLIAMS,WHOLESALE,NL-NB,2026-02-17,2026-02-17,Daily,,KG,3.044,3.044,184.21055603027344,xgboost_feat
PEAR_WILLIAMS,WHOLESALE,NL-NB,2026-02-18,2026-02-18,Daily,,KG,3.044,3.044,144.77236938476562,xgboost_feat
PEAR_WILLIAMS,WHOLESALE,NL-NB,2026-02-19,2026-02-19,Daily,,KG,3.044,3.044,166.8794403076172,xgboost_feat
PEAR_WILLIAMS,WHOLESALE,NL-NB,2026-02-20,2026-02-20,Daily,,KG,3.044,3.044,176.97035217285156,xgboost_feat
PEAR_WILLIAMS,WHOLESALE,NL-NB,2026-02-21,2026-02-21,Daily,,KG,3.044,3.044,143.98446655273438,xgboost_feat
PEAR_WILLIAMS,WHOLESALE,NL-NB,2026-02-22,2026-02-22,Daily,,KG,3.044,3.044,147.10061645507812,xgboost_feat
PEAR_WILLIAMS,WHOLESALE,NL-NB,2026-02-23,2026-02-23,Daily,,KG,3.044,3.044,168.99331665039062,xgboost_feat
PEAR_WILLIAMS,WHOLESALE,NL-NB,2026-02-24,2026-02-24,Daily,,KG,3.044,3.044,176.9630889892578,xgboost_feat
PEAR_WILLIAMS,WHOLESALE,NL-NB,2026-02-25,2026-02-25,Daily,,KG,3.044,3.044,170.6846160888672,xgboost_feat
PEAR_WILLIAMS,WHOLESALE,NL-NB,2026-02-26,2026-02-26,Daily,,KG,3.044,3.044,126.42450714111328,xgboost_feat
PEAR_WILLIAMS,WHOLESALE,NL-NB,2026-02-27,2026-02-27,Daily,,KG,3.044,3.044,170.4551544189453,xgboost_feat
PEAR_WILLIAMS,WHOLESALE,NL-NB,2026-02-28,2026-02-28,Daily,,KG,3.044,3.044,156.2464599609375,xgboost_feat
PEAR_WILLIAMS,WHOLESALE,NL-NB,2026-03-01,2026-03-01,Daily,,KG,3.044,3.044,147.31204223632812,xgboost_feat
PEAR_WILLIAMS,WHOLESALE,NL-NH,2026-02-02,2026-02-02,Daily,,KG,3.184,3.184,161.06768798828125,xgboost_feat
PEAR_WILLIAMS,WHOLESALE,NL-NH,2026-02-03,2026-02-03,Daily,,KG,3.184,3.184,155.91990661621094,xgboost_feat
PEAR_WILLIAMS,WHOLESALE,NL-NH,2026-02-04,2026-02-04,Daily,,KG,3.184,3.184,149.6341552734375,xgboost_feat
PEAR_WILLIAMS,WHOLESALE,NL-NH,2026-02-05,2026-02-05,Daily,,KG,3.184,3.184,178.29446411132812,xgboost_feat
PEAR_WILLIAMS,WHOLESALE,NL-NH,2026-02-06,2026-02-06,Daily,,KG,3.184,3.184,144.37562561035156,xgboost_feat
PEAR_WILLIAMS,WHOLESALE,NL-NH,2026-02-07,2026-02-07,Daily,,KG,3.184,3.184,147.00315856933594,xgboost_feat
PEAR_WILLIAMS,WHOLESALE,NL-NH,2026-02-08,2026-02-08,Daily,,KG,3.184,3.184,134.1549530029297,xgboost_feat
PEAR_WILLIAMS,WHOLESALE,NL-NH,2026-02-09,2026-02-09,Daily,,KG,3.184,3.184,153.00070190429688,xgboost_feat
PEAR_WILLIAMS,WHOLESALE,NL-NH,2026-02-10,2026-02-10,Daily,,KG,3.184,3.184,160.37884521484375,xgboost_feat
PEAR_WILLIAMS,WHOLESALE,NL-NH,2026-02-11,2026-02-11,Daily,,KG,3.184,3.184,129.52236938476562,xgboost_feat
PEAR_WILLIAMS,WHOLESALE,NL-NH,2026-02-12,2026-02-12,Daily,,KG,3.184,3.184,148.38909912109375,xgboost_feat
PEAR_WILLIAMS,WHOLESALE,NL-NH,2026-02-13,2026-02-13,Daily,,KG,3.184,3.184,153.97482299804688,xgboost_feat
PEAR_WILLIAMS,WHOLESALE,NL-NH,2026-02-14,2026-02-14,Daily,,KG,3.184,3.184,140.85791015625,xgboost_feat
PEAR_WILLIAMS,WHOLESALE,NL-NH,2026-02-15,2026-02-15,Daily,,KG,3.184,3.184,140.89439392089844,xgboost_feat
PEAR_WILLIAMS,WHOLESALE,NL-NH,2026-02-16,2026-02-16,Daily,,KG,3.184,3.184,171.92189025878906,xgboost_feat
PEAR_WILLIAMS,WHOLESALE,NL-NH,2026-02-17,2026-02-17,Daily,,KG,3.184,3.184,189.61611938476562,xgboost_feat
PEAR_WILLIAMS,WHOLESALE,NL-NH,2026-02-18,2026-02-18,Daily,,KG,3.184,3.184,124.4937515258789,xgboost_feat
PEAR_WILLIAMS,WHOLESALE,NL-NH,2026-02-19,2026-02-19,Daily,,KG,3.184,3.184,148.06442260742188,xgboost_feat
PEAR_WILLIAMS,WHOLESALE,NL-NH,2026-02-20,2026-02-20,Daily,,KG,3.184,3.184,172.2043914794922,xgboost_feat
PEAR_WILLIAMS,WHOLESALE,NL-NH,2026-02-21,2026-02-21,Daily,,KG,3.184,3.184,147.82676696777344,xgboost_feat
PEAR_WILLIAMS,WHOLESALE,NL-NH,2026-02-22,2026-02-22,Daily,,KG,3.184,3.184,123.23956298828125,xgboost_feat
PEAR_WILLIAMS,WHOLESALE,NL-NH,2026-02-23,2026-02-23,Daily,,KG,3.184,3.184,154.20492553710938,xgboost_feat
PEAR_WILLIAMS,WHOLESALE,NL-NH,2026-02-24,2026-02-24,Daily,,KG,3.184,3.184,142.68312072753906,xgboost_feat
PEAR_WILLIAMS,WHOLESALE,NL-NH,2026-02-25,2026-02-25,Daily,,KG,3.184,3.184,181.96237182617188,xgboost_feat
PEAR_WILLIAMS,WHOLESALE,NL-NH,2026-02-26,2026-02-26,Daily,,KG,3.184,3.184,167.6730194091797,xgboost_feat
PEAR_WILLIAMS,WHOLESALE,NL-NH,2026-02-27,2026-02-27,Daily,,KG,3.184,3.184,171.6218719482422,xgboost_feat
PEAR_WILLIAMS,WHOLESALE,NL-NH,2026-02-28,2026-02-28,Daily,,KG,3.184,3.184,158.31471252441406,xgboost_feat
PEAR_WILLIAMS,WHOLESALE,NL-NH,2026-03-01,2026-03-01,Daily,,KG,3.184,3.184,146.06085205078125,xgboost_feat
PEAR_WILLIAMS,WHOLESALE,NL-ZH,2026-02-02,2026-02-02,Daily,,KG,3.332,3.332,165.55897521972656,xgboost_feat
PEAR_WILLIAMS,WHOLESALE,NL-ZH,2026-02-03,2026-02-03,Daily,,KG,3.332,3.332,166.83056640625,xgboost_feat
PEAR_WILLIAMS,WHOLESALE,NL-ZH,2026-02-04,2026-02-04,Daily,,KG,3.332,3.332,167.88153076171875,xgboost_feat
PEAR_WILLIAMS,WHOLESALE,NL-ZH,2026-02-05,2026-02-05,Daily,,KG,3.332,3.332,183.9296875,xgboost_feat
PEAR_WILLIAMS,WHOLESALE,NL-ZH,2026-02-06,2026-02-06,Daily,,KG,3.332,3.332,165.37159729003906,xgboost_feat
PEAR_WILLIAMS,WHOLESALE,NL-ZH,2026-02-07,2026-02-07,Daily,,KG,3.332,3.332,138.3153533935547,xgboost_feat
PEAR_WILLIAMS,WHOLESALE,NL-ZH,2026-02-08,2026-02-08,Daily,,KG,3.332,3.332,125.662109375,xgboost_feat
PEAR_WILLIAMS,WHOLESALE,NL-ZH,2026-02-09,2026-02-09,Daily,,KG,3.332,3.332,154.4645233154297,xgboost_feat
PEAR_WILLIAMS,WHOLESALE,NL-ZH,2026-02-10,2026-02-10,Daily,,KG,3.332,3.332,161.22865295410156,xgboost_feat
PEAR_WILLIAMS,WHOLESALE,NL-ZH,2026-02-11,2026-02-11,Daily,,KG,3.332,3.332,136.20736694335938,xgboost_feat
PEAR_WILLIAMS,WHOLESALE,NL-ZH,2026-02-12,2026-02-12,Daily,,KG,3.332,3.332,170.11895751953125,xgboost_feat
PEAR_WILLIAMS,WHOLESALE,NL-ZH,2026-02-13,2026-02-13,Daily,,KG,3.332,3.332,172.8765411376953,xgboost_feat
PEAR_WILLIAMS,WHOLESALE,NL-ZH,2026-02-14,2026-02-14,Daily,,KG,3.332,3.332,144.01931762695312,xgboost_feat
PEAR_WILLIAMS,WHOLESALE,NL-ZH,2026-02-15,2026-02-15,Daily,,KG,3.332,3.332,146.39645385742188,xgboost_feat
PEAR_WILLIAMS,WHOLESALE,NL-ZH,2026-02-16,2026-02-16,Daily,,KG,3.332,3.332,165.42138671875,xgboost_feat
PEAR_WILLIAMS,WHOLESALE,NL-ZH,2026-02-17,2026-02-17,Daily,,KG,3.332,3.332,181.32093811035156,xgboost_feat
PEAR_WILLIAMS,WHOLESALE,NL-ZH,2026-02-18,2026-02-18,Daily,,KG,3.332,3.332,136.15721130371094,xgboost_feat
PEAR_WILLIAMS,WHOLESALE,NL-ZH,2026-02-19,2026-02-19,Daily,,KG,3.332,3.332,167.10748291015625,xgboost_feat
PEAR_WILLIAMS,WHOLESALE,NL-ZH,2026-02-20,2026-02-20,Daily,,KG,3.332,3.332,179.88230895996094,xgboost_feat
PEAR_WILLIAMS,WHOLESALE,NL-ZH,2026-02-21,2026-02-21,Daily,,KG,3.332,3.332,146.49032592773438,xgboost_feat
PEAR_WILLIAMS,WHOLESALE,NL-ZH,2026-02-22,2026-02-22,Daily,,KG,3.332,3.332,122.48530578613281,xgboost_feat
PEAR_WILLIAMS,WHOLESALE,NL-ZH,2026-02-23,2026-02-23,Daily,,KG,3.332,3.332,157.1910400390625,xgboost_feat
PEAR_WILLIAMS,WHOLESALE,NL-ZH,2026-02-24,2026-02-24,Daily,,KG,3.332,3.332,152.5910186767578,xgboost_feat
PEAR_WILLIAMS,WHOLESALE,NL-ZH,2026-02-25,2026-02-25,Daily,,KG,3.332,3.332,188.86399841308594,xgboost_feat
PEAR_WILLIAMS,WHOLESALE,NL-ZH,2026-02-26,2026-02-26,Daily,,KG,3.332,3.332,145.44866943359375,xgboost_feat
PEAR_WILLIAMS,WHOLESALE,NL-ZH,2026-02-27,2026-02-27,Daily,,KG,3.332,3.332,173.896240234375,xgboost_feat
PEAR_WILLIAMS,WHOLESALE,NL-ZH,2026-02-28,2026-02-28,Daily,,KG,3.332,3.332,158.4060516357422,xgboost_feat
PEAR_WILLIAMS,WHOLESALE,NL-ZH,2026-03-01,2026-03-01,Daily,,KG,3.332,3.332,145.9891357421875,xgboost_feat
