ProductID,ChannelID,LocationID,StartDate,EndDate,Period,Qty,UOM,NetPrice,ListPrice,ForecastQty,Method
APPLE_ELSTAR,AH,NL-GE,2026-02-02,2026-02-08,Weekly,,KG,2.732,2.732,696.7857055664062,xgboost_feat
APPLE_ELSTAR,AH,NL-GE,2026-02-09,2026-02-15,Weekly,,KG,2.40416,2.732,779.7910766601562,xgboost_feat
APPLE_ELSTAR,AH,NL-GE,2026-02-16,2026-02-22,Weekly,,KG,2.40416,2.732,791.125732421875,xgboost_feat
APPLE_ELSTAR,AH,NL-GE,2026-02-23,2026-03-01,Weekly,,KG,2.40416,2.732,761.3086547851562,xgboost_feat
APPLE_ELSTAR,AH,NL-GE,2026-03-02,2026-03-08,Weekly,,KG,2.732,2.732,691.7684326171875,xgboost_feat
APPLE_ELSTAR,AH,NL-GE,2026-03-09,2026-03-15,Weekly,,KG,2.732,2.732,665.3501586914062,xgboost_feat
APPLE_ELSTAR,AH,NL-GE,2026-03-16,2026-03-22,Weekly,,KG,2.732,2.732,670.7665405273438,xgboost_feat
APPLE_ELSTAR,AH,NL-GE,2026-03-23,2026-03-29,Weekly,,KG,2.732,2.732,662.5067749023438,xgboost_feat
APPLE_ELSTAR,AH,NL-GE,2026-03-30,2026-04-05,Weekly,,KG,2.732,2.732,644.3270263671875,xgboost_feat
APPLE_ELSTAR,AH,NL-GE,2026-04-06,2026-04-12,Weekly,,KG,2.732,2.732,632.9815673828125,xgboost_feat
APPLE_ELSTAR,AH,NL-GE,2026-04-13,2026-04-19,Weekly,,KG,2.732,2.732,600.6133422851562,xgboost_feat
APPLE_ELSTAR,AH,NL-GE,2026-04-20,2026-04-26,Weekly,,KG,2.732,2.732,609.1594848632812,xgboost_feat
APPLE_ELSTAR,AH,NL-GE,2026-04-27,2026-05-03,Weekly,,KG,2.732,2.732,592.5307006835938,xgboost_feat
APPLE_ELSTAR,AH,NL-NB,2026-02-02,2026-02-08,Weekly,,KG,2.718,2.718,645.3363037109375,xgboost_feat
APPLE_ELSTAR,AH,NL-NB,2026-02-09,2026-02-15,Weekly,,KG,2.718,2.718,654.7529296875,xgboost_feat
APPLE_ELSTAR,AH,NL-NB,2026-02-16,2026-02-22,Weekly,,KG,2.718,2.718,663.0875244140625,xgboost_feat
APPLE_ELSTAR,AH,NL-NB,2026-02-23,2026-03-01,Weekly,,KG,2.718,2.718,641.9263305664062,xgboost_feat
APPLE_ELSTAR,AH,NL-NB,2026-03-02,2026-03-08,Weekly,,KG,2.718,2.718,620.564208984375,xgboost_feat
APPLE_ELSTAR,AH,NL-NB,2026-03-09,2026-03-15,Weekly,,KG,2.718,2.718,624.2509765625,xgboost_feat
APPLE_ELSTAR,AH,NL-NB,2026-03-16,2026-03-22,Weekly,,KG,2.718,2.718,617.4389038085938,xgboost_feat
APPLE_ELSTAR,AH,NL-NB,2026-03-23,2026-03-29,Weekly,,KG,2.718,2.718,618.8517456054688,xgboost_feat
APPLE_ELSTAR,AH,NL-NB,2026-03-30,2026-04-05,Weekly,,KG,2.718,2.718,620.8544311523438,xgboost_feat
APPLE_ELSTAR,AH,NL-NB,2026-04-06,2026-04-12,Weekly,,KG,2.718,2.718,587.0950317382812,xgboost_feat
APPLE_ELSTAR,AH,NL-NB,2026-04-13,2026-04-19,Weekly,,KG,2.718,2.718,555.7066040039062,xgboost_feat
APPLE_ELSTAR,AH,NL-NB,2026-04-20,2026-04-26,Weekly,,KG,2.718,2.718,581.7916870117188,xgboost_feat
APPLE_ELSTAR,AH,NL-NB,2026-04-27,2026-05-03,Weekly,,KG,2.718,2.718,576.8114013671875,xgboost_feat
APPLE_ELSTAR,AH,NL-NH,2026-02-02,2026-02-08,Weekly,,KG,2.752,2.752,663.7435913085938,xgboost_feat
APPLE_ELSTAR,AH,NL-NH,2026-02-09,2026-02-15,Weekly,,KG,2.752,2.752,632.3853149414062,xgboost_feat
APPLE_ELSTAR,AH,NL-NH,2026-02-16,2026-02-22,Weekly,,KG,2.752,2.752,671.9505615234375,xgboost_feat
APPLE_ELSTAR,AH,NL-NH,2026-02-23,2026-03-01,Weekly,,KG,2.752,2.752,647.7041015625,xgboost_feat
APPLE_ELSTAR,AH,NL-NH,2026-03-02,2026-03-08,Weekly,,KG,2.752,2.752,665.2704467773438,xgboost_feat
APPLE_ELSTAR,AH,NL-NH,2026-03-09,2026-03-15,Weekly,,KG,2.752,2.752,647.1237182617188,xgboost_feat
APPLE_ELSTAR,AH,NL-NH,2026-03-16,2026-03-22,Weekly,,KG,2.752,2.752,644.1214599609375,xgboost_feat
APPLE_ELSTAR,AH,NL-NH,2026-03-23,2026-03-29,Weekly,,KG,2.752,2.752,638.3616943359375,xgboost_feat
APPLE_ELSTAR,AH,NL-NH,2026-03-30,2026-04-05,Weekly,,KG,2.752,2.752,630.5426025390625,xgboost_feat
APPLE_ELSTAR,AH,NL-NH,2026-04-06,2026-04-12,Weekly,,KG,2.752,2.752,617.69677734375,xgboost_feat
APPLE_ELSTAR,AH,NL-NH,2026-04-13,2026-04-19,Weekly,,KG,2.752,2.752,590.9011840820312,xgboost_feat
APPLE_ELSTAR,AH,NL-NH,2026-04-20,2026-04-26,Weekly,,KG,2.752,2.752,627.1387939453125,xgboost_feat
APPLE_ELSTAR,AH,NL-NH,2026-04-27,2026-05-03,Weekly,,KG,2.752,2.752,588.4342651367188,xgboost_feat
APPLE_ELSTAR,AH,NL-ZH,2026-02-02,2026-02-08,Weekly,,KG,2.822,2.822,663.1882934570312,xgboost_feat
APPLE_ELSTAR,AH,NL-ZH,2026-02-09,2026-02-15,Weekly,,KG,2.822,2.822,658.8778686523438,xgboost_feat
APPLE_ELSTAR,AH,NL-ZH,2026-02-16,2026-02-22,Weekly,,KG,2.822,2.822,674.16259765625,xgboost_feat
APPLE_ELSTAR,AH,NL-ZH,2026-02-23,2026-03-01,Weekly,,KG,2.822,2.822,665.78369140625,xgboost_feat
APPLE_ELSTAR,AH,NL-ZH,2026-03-02,2026-03-08,Weekly,,KG,2.822,2.822,645.275390625,xgboost_feat
APPLE_ELSTAR,AH,NL-ZH,2026-03-09,2026-03-15,Weekly,,KG,2.822,2.822,631.9505004882812,xgboost_feat
APPLE_ELSTAR,AH,NL-ZH,2026-03-16,2026-03-22,Weekly,,KG,2.822,2.822,645.1207885742188,xgboost_feat
APPLE_ELSTAR,AH,NL-ZH,2026-03-23,2026-03-29,Weekly,,KG,2.822,2.822,638.312255859375,xgboost_feat
APPLE_ELSTAR,AH,NL-ZH,2026-03-30,2026-04-05,Weekly,,KG,2.822,2.822,637.9202270507812,xgboost_feat
APPLE_ELSTAR,AH,NL-ZH,2026-04-06,2026-04-12,Weekly,,KG,2.822,2.822,620.6458129882812,xgboost_feat
APPLE_ELSTAR,AH,NL-ZH,2026-04-13,2026-04-19,Weekly,,KG,2.822,2.822,610.3850708007812,xgboost_feat
APPLE_ELSTAR,AH,NL-ZH,2026-04-20,2026-04-26,Weekly,,KG,2.822,2.822,602.5911254882812,xgboost_feat
APPLE_ELSTAR,AH,NL-ZH,2026-04-27,2026-05-03,Weekly,,KG,2.822,2.822,589.3078002929688,xgboost_feat
APPLE_ELSTAR,FLINK,NL-GE,2026-02-02,2026-02-08,Weekly,,KG,2.582,2.582,586.2103271484375,xgboost_feat
APPLE_ELSTAR,FLINK,NL-GE,2026-02-09,2026-02-15,Weekly,,KG,2.582,2.582,592.17724609375,xgboost_feat
APPLE_ELSTAR,FLINK,NL-GE,2026-02-16,2026-02-22,Weekly,,KG,2.582,2.582,602.6150512695312,xgboost_feat
APPLE_ELSTAR,FLINK,NL-GE,2026-02-23,2026-03-01,Weekly,,KG,2.582,2.582,612.399658203125,xgboost_feat
APPLE_ELSTAR,FLINK,NL-GE,2026-03-02,2026-03-08,Weekly,,KG,2.582,2.582,627.6544799804688,xgboost_feat
APPLE_ELSTAR,FLINK,NL-GE,2026-03-09,2026-03-15,Weekly,,KG,2.582,2.582,649.787109375,xgboost_feat
APPLE_ELSTAR,FLINK,NL-GE,2026-03-16,2026-03-22,Weekly,,KG,2.582,2.582,598.7526245117188,xgboost_feat
APPLE_ELSTAR,FLINK,NL-GE,2026-03-23,2026-03-29,Weekly,,KG,2.582,2.582,601.3151245117188,xgboost_feat
APPLE_ELSTAR,FLINK,NL-GE,2026-03-30,2026-04-05,Weekly,,KG,2.582,2.582,617.8140869140625,xgboost_feat
APPLE_ELSTAR,FLINK,NL-GE,2026-04-06,2026-04-12,Weekly,,KG,2.582,2.582,619.1995239257812,xgboost_feat
APPLE_ELSTAR,FLINK,NL-GE,2026-04-13,2026-04-19,Weekly,,KG,2.582,2.582,579.6744995117188,xgboost_feat
APPLE_ELSTAR,FLINK,NL-GE,2026-04-20,2026-04-26,Weekly,,KG,2.582,2.582,599.3566284179688,xgboost_feat
APPLE_ELSTAR,FLINK,NL-GE,2026-04-27,2026-05-03,Weekly,,KG,2.582,2.582,592.9967651367188,xgboost_feat
APPLE_ELSTAR,FLINK,NL-NB,2026-02-02,2026-02-08,Weekly,,KG,2.8,2.8,592.9201049804688,xgboost_feat
APPLE_ELSTAR,FLINK,NL-NB,2026-02-09,2026-02-15,Weekly,,KG,2.8,2.8,598.9675903320312,xgboost_feat
APPLE_ELSTAR,FLINK,NL-NB,2026-02-16,2026-02-22,Weekly,,KG,2.8,2.8,615.9552612304688,xgboost_feat
APPLE_ELSTAR,FLINK,NL-NB,2026-02-23,2026-03-01,Weekly,,KG,2.8,2.8,614.199951171875,xgboost_feat
APPLE_ELSTAR,FLINK,NL-NB,2026-03-02,2026-03-08,Weekly,,KG,2.8,2.8,626.1813354492188,xgboost_feat
APPLE_ELSTAR,FLINK,NL-NB,2026-03-09,2026-03-15,Weekly,,KG,2.8,2.8,622.7363891601562,xgboost_feat
APPLE_ELSTAR,FLINK,NL-NB,2026-03-16,2026-03-22,Weekly,,KG,2.8,2.8,605.0580444335938,xgboost_feat
APPLE_ELSTAR,FLINK,NL-NB,2026-03-23,2026-03-29,Weekly,,KG,2.8,2.8,604.8917236328125,xgboost_feat
APPLE_ELSTAR,FLINK,NL-NB,2026-03-30,2026-04-05,Weekly,,KG,2.8,2.8,631.4196166992188,xgboost_feat
APPLE_ELSTAR,FLINK,NL-NB,2026-04-06,2026-04-12,Weekly,,KG,2.8,2.8,608.1527709960938,xgboost_feat
APPLE_ELSTAR,FLINK,NL-NB,2026-04-13,2026-04-19,Weekly,,KG,2.8,2.8,573.3711547851562,xgboost_feat
APPLE_ELSTAR,FLINK,NL-NB,2026-04-20,2026-04-26,Weekly,,KG,2.8,2.8,599.4281005859375,xgboost_feat
APPLE_ELSTAR,FLINK,NL-NB,2026-04-27,2026-05-03,Weekly,,KG,2.8,2.8,583.2401123046875,xgboost_feat
APPLE_ELSTAR,FLINK,NL-NH,2026-02-02,2026-02-08,Weekly,,KG,2.91,2.91,589.1643676757812,xgboost_feat
APPLE_ELSTAR,FLINK,NL-NH,2026-02-09,2026-02-15,Weekly,,KG,2.91,2.91,563.43603515625,xgboost_feat
APPLE_ELSTAR,FLINK,NL-NH,2026-02-16,2026-02-22,Weekly,,KG,2.91,2.91,594.2207641601562,xgboost_feat
APPLE_ELSTAR,FLINK,NL-NH,2026-02-23,2026-03-01,Weekly,,KG,2.91,2.91,615.3862915039062,xgboost_feat
APPLE_ELSTAR,FLINK,NL-NH,2026-03-02,2026-03-08,Weekly,,KG,2.91,2.91,634.347412109375,xgboost_feat
APPLE_ELSTAR,FLINK,NL-NH,2026-03-09,2026-03-15,Weekly,,KG,2.91,2.91,623.9893798828125,xgboost_feat
APPLE_ELSTAR,FLINK,NL-NH,2026-03-16,2026-03-22,Weekly,,KG,2.91,2.91,606.021240234375,xgboost_feat
APPLE_ELSTAR,FLINK,NL-NH,2026-03-23,2026-03-29,Weekly,,KG,2.91,2.91,611.9360961914062,xgboost_feat
APPLE_ELSTAR,FLINK,NL-NH,2026-03-30,2026-04-05,Weekly,,KG,2.91,2.91,611.0276489257812,xgboost_feat
APPLE_ELSTAR,FLINK,NL-NH,2026-04-06,2026-04-12,Weekly,,KG,2.91,2.91,602.88232421875,xgboost_feat
APPLE_ELSTAR,FLINK,NL-NH,2026-04-13,2026-04-19,Weekly,,KG,2.91,2.91,561.5740356445312,xgboost_feat
APPLE_ELSTAR,FLINK,NL-NH,2026-04-20,2026-04-26,Weekly,,KG,2.91,2.91,603.0540161132812,xgboost_feat
APPLE_ELSTAR,FLINK,NL-NH,2026-04-27,2026-05-03,Weekly,,KG,2.91,2.91,588.2761840820312,xgboost_feat
APPLE_ELSTAR,FLINK,NL-ZH,2026-02-02,2026-02-08,Weekly,,KG,2.672,2.672,582.4378051757812,xgboost_feat
APPLE_ELSTAR,FLINK,NL-ZH,2026-02-09,2026-02-15,Weekly,,KG,2.672,2.672,588.1259765625,xgboost_feat
APPLE_ELSTAR,FLINK,NL-ZH,2026-02-16,2026-02-22,Weekly,,KG,2.672,2.672,594.0091552734375,xgboost_feat
APPLE_ELSTAR,FLINK,NL-ZH,2026-02-23,2026-03-01,Weekly,,KG,2.672,2.672,598.2024536132812,xgboost_feat
APPLE_ELSTAR,FLINK,NL-ZH,2026-03-02,2026-03-08,Weekly,,KG,2.672,2.672,617.883056640625,xgboost_feat
APPLE_ELSTAR,FLINK,NL-ZH,2026-03-09,2026-03-15,Weekly,,KG,2.672,2.672,620.4049682617188,xgboost_feat
APPLE_ELSTAR,FLINK,NL-ZH,2026-03-16,2026-03-22,Weekly,,KG,2.672,2.672,605.773681640625,xgboost_feat
APPLE_ELSTAR,FLINK,NL-ZH,2026-03-23,2026-03-29,Weekly,,KG,2.672,2.672,613.4005126953125,xgboost_feat
APPLE_ELSTAR,FLINK,NL-ZH,2026-03-30,2026-04-05,Weekly,,KG,2.672,2.672,624.2206420898438,xgboost_feat
APPLE_ELSTAR,FLINK,NL-ZH,2026-04-06,2026-04-12,Weekly,,KG,2.672,2.672,604.83837890625,xgboost_feat
APPLE_ELSTAR,FLINK,NL-ZH,2026-04-13,2026-04-19,Weekly,,KG,2.672,2.672,585.5006713867188,xgboost_feat
APPLE_ELSTAR,FLINK,NL-ZH,2026-04-20,2026-04-26,Weekly,,KG,2.672,2.672,592.8327026367188,xgboost_feat
APPLE_ELSTAR,FLINK,NL-ZH,2026-04-27,2026-05-03,Weekly,,KG,2.672,2.672,589.074951171875,xgboost_feat
APPLE_ELSTAR,GREENACRES,NL-GE,2026-02-02,2026-02-08,Weekly,,KG,2.49,2.49,587.4238891601562,xgboost_feat
APPLE_ELSTAR,GREENACRES,NL-GE,2026-02-09,2026-02-15,Weekly,,KG,2.49,2.49,585.7379760742188,xgboost_feat
APPLE_ELSTAR,GREENACRES,NL-GE,2026-02-16,2026-02-22,Weekly,,KG,2.49,2.49,595.6779174804688,xgboost_feat
APPLE_ELSTAR,GREENACRES,NL-GE,2026-02-23,2026-03-01,Weekly,,KG,2.49,2.49,601.8629760742188,xgboost_feat
APPLE_ELSTAR,GREENACRES,NL-GE,2026-03-02,2026-03-08,Weekly,,KG,2.49,2.49,620.3040771484375,xgboost_feat
APPLE_ELSTAR,GREENACRES,NL-GE,2026-03-09,2026-03-15,Weekly,,KG,2.49,2.49,651.2508544921875,xgboost_feat
APPLE_ELSTAR,GREENACRES,NL-GE,2026-03-16,2026-03-22,Weekly,,KG,2.49,2.49,599.8544311523438,xgboost_feat
APPLE_ELSTAR,GREENACRES,NL-GE,2026-03-23,2026-03-29,Weekly,,KG,2.49,2.49,602.6338500976562,xgboost_feat
APPLE_ELSTAR,GREENACRES,NL-GE,2026-03-30,2026-04-05,Weekly,,KG,2.49,2.49,624.4400634765625,xgboost_feat
APPLE_ELSTAR,GREENACRES,NL-GE,2026-04-06,2026-04-12,Weekly,,KG,2.49,2.49,622.4321899414062,xgboost_feat
APPLE_ELSTAR,GREENACRES,NL-GE,2026-04-13,2026-04-19,Weekly,,KG,2.49,2.49,575.1111450195312,xgboost_feat
APPLE_ELSTAR,GREENACRES,NL-GE,2026-04-20,2026-04-26,Weekly,,KG,2.49,2.49,600.779052734375,xgboost_feat
APPLE_ELSTAR,GREENACRES,NL-GE,2026-04-27,2026-05-03,Weekly,,KG,2.49,2.49,599.365966796875,xgboost_feat
APPLE_ELSTAR,GREENACRES,NL-NB,2026-02-02,2026-02-08,Weekly,,KG,2.667,2.667,594.0068969726562,xgboost_feat
APPLE_ELSTAR,GREENACRES,NL-NB,2026-02-09,2026-02-15,Weekly,,KG,2.667,2.667,599.4617919921875,xgboost_feat
APPLE_ELSTAR,GREENACRES,NL-NB,2026-02-16,2026-02-22,Weekly,,KG,2.667,2.667,614.8282470703125,xgboost_feat
APPLE_ELSTAR,GREENACRES,NL-NB,2026-02-23,2026-03-01,Weekly,,KG,2.667,2.667,611.1126098632812,xgboost_feat
APPLE_ELSTAR,GREENACRES,NL-NB,2026-03-02,2026-03-08,Weekly,,KG,2.667,2.667,623.937255859375,xgboost_feat
APPLE_ELSTAR,GREENACRES,NL-NB,2026-03-09,2026-03-15,Weekly,,KG,2.667,2.667,624.2144775390625,xgboost_feat
APPLE_ELSTAR,GREENACRES,NL-NB,2026-03-16,2026-03-22,Weekly,,KG,2.667,2.667,605.73486328125,xgboost_feat
APPLE_ELSTAR,GREENACRES,NL-NB,2026-03-23,2026-03-29,Weekly,,KG,2.667,2.667,611.8843994140625,xgboost_feat
APPLE_ELSTAR,GREENACRES,NL-NB,2026-03-30,2026-04-05,Weekly,,KG,2.667,2.667,631.1102905273438,xgboost_feat
APPLE_ELSTAR,GREENACRES,NL-NB,2026-04-06,2026-04-12,Weekly,,KG,2.667,2.667,609.2555541992188,xgboost_feat
APPLE_ELSTAR,GREENACRES,NL-NB,2026-04-13,2026-04-19,Weekly,,KG,2.667,2.667,571.5963745117188,xgboost_feat
APPLE_ELSTAR,GREENACRES,NL-NB,2026-04-20,2026-04-26,Weekly,,KG,2.667,2.667,592.9884643554688,xgboost_feat
APPLE_ELSTAR,GREENACRES,NL-NB,2026-04-27,2026-05-03,Weekly,,KG,2.667,2.667,580.45068359375,xgboost_feat
APPLE_ELSTAR,GREENACRES,NL-NH,2026-02-02,2026-02-08,Weekly,,KG,2.767,2.767,589.2564086914062,xgboost_feat
APPLE_ELSTAR,GREENACRES,NL-NH,2026-02-09,2026-02-15,Weekly,,KG,2.767,2.767,562.8794555664062,xgboost_feat
APPLE_ELSTAR,GREENACRES,NL-NH,2026-02-16,2026-02-22,Weekly,,KG,2.767,2.767,591.1605224609375,xgboost_feat
APPLE_ELSTAR,GREENACRES,NL-NH,2026-02-23,2026-03-01,Weekly,,KG,2.767,2.767,612.4070434570312,xgboost_feat
APPLE_ELSTAR,GREENACRES,NL-NH,2026-03-02,2026-03-08,Weekly,,KG,2.767,2.767,628.8720703125,xgboost_feat
APPLE_ELSTAR,GREENACRES,NL-NH,2026-03-09,2026-03-15,Weekly,,KG,2.767,2.767,621.9058837890625,xgboost_feat
APPLE_ELSTAR,GREENACRES,NL-NH,2026-03-16,2026-03-22,Weekly,,KG,2.767,2.767,600.9942626953125,xgboost_feat
APPLE_ELSTAR,GREENACRES,NL-NH,2026-03-23,2026-03-29,Weekly,,KG,2.767,2.767,608.3986206054688,xgboost_feat
APPLE_ELSTAR,GREENACRES,NL-NH,2026-03-30,2026-04-05,Weekly,,KG,2.767,2.767,608.5010375976562,xgboost_feat
APPLE_ELSTAR,GREENACRES,NL-NH,2026-04-06,2026-04-12,Weekly,,KG,2.767,2.767,598.92041015625,xgboost_feat
APPLE_ELSTAR,GREENACRES,NL-NH,2026-04-13,2026-04-19,Weekly,,KG,2.767,2.767,549.34716796875,xgboost_feat
APPLE_ELSTAR,GREENACRES,NL-NH,2026-04-20,2026-04-26,Weekly,,KG,2.767,2.767,585.3055419921875,xgboost_feat
APPLE_ELSTAR,GREENACRES,NL-NH,2026-04-27,2026-05-03,Weekly,,KG,2.767,2.767,581.477294921875,xgboost_feat
APPLE_ELSTAR,GREENACRES,NL-ZH,2026-02-02,2026-02-08,Weekly,,KG,2.909,2.909,599.1575927734375,xgboost_feat
APPLE_ELSTAR,GREENACRES,NL-ZH,2026-02-09,2026-02-15,Weekly,,KG,2.909,2.909,588.1638793945312,xgboost_feat
APPLE_ELSTAR,GREENACRES,NL-ZH,2026-02-16,2026-02-22,Weekly,,KG,2.909,2.909,588.8883666992188,xgboost_feat
APPLE_ELSTAR,GREENACRES,NL-ZH,2026-02-23,2026-03-01,Weekly,,KG,2.909,2.909,594.0546875,xgboost_feat
APPLE_ELSTAR,GREENACRES,NL-ZH,2026-03-02,2026-03-08,Weekly,,KG,2.909,2.909,617.5233764648438,xgboost_feat
APPLE_ELSTAR,GREENACRES,NL-ZH,2026-03-09,2026-03-15,Weekly,,KG,2.909,2.909,621.75927734375,xgboost_feat
APPLE_ELSTAR,GREENACRES,NL-ZH,2026-03-16,2026-03-22,Weekly,,KG,2.909,2.909,606.1787719726562,xgboost_feat
APPLE_ELSTAR,GREENACRES,NL-ZH,2026-03-23,2026-03-29,Weekly,,KG,2.909,2.909,618.098876953125,xgboost_feat
APPLE_ELSTAR,GREENACRES,NL-ZH,2026-03-30,2026-04-05,Weekly,,KG,2.909,2.909,624.015380859375,xgboost_feat
APPLE_ELSTAR,GREENACRES,NL-ZH,2026-04-06,2026-04-12,Weekly,,KG,2.909,2.909,603.98681640625,xgboost_feat
APPLE_ELSTAR,GREENACRES,NL-ZH,2026-04-13,2026-04-19,Weekly,,KG,2.909,2.909,580.6846923828125,xgboost_feat
APPLE_ELSTAR,GREENACRES,NL-ZH,2026-04-20,2026-04-26,Weekly,,KG,2.909,2.909,590.6287841796875,xgboost_feat
APPLE_ELSTAR,GREENACRES,NL-ZH,2026-04-27,2026-05-03,Weekly,,KG,2.909,2.909,589.9285888671875,xgboost_feat
APPLE_ELSTAR,HELLOFRESH,NL-GE,2026-02-02,2026-02-08,Weekly,,KG,2.659,2.659,585.64794921875,xgboost_feat
APPLE_ELSTAR,HELLOFRESH,NL-GE,2026-02-09,2026-02-15,Weekly,,KG,2.659,2.659,592.4598388671875,xgboost_feat
APPLE_ELSTAR,HELLOFRESH,NL-GE,2026-02-16,2026-02-22,Weekly,,KG,2.659,2.659,596.1568603515625,xgboost_feat
APPLE_ELSTAR,HELLOFRESH,NL-GE,2026-02-23,2026-03-01,Weekly,,KG,2.659,2.659,599.7261352539062,xgboost_feat
APPLE_ELSTAR,HELLOFRESH,NL-GE,2026-03-02,2026-03-08,Weekly,,KG,2.659,2.659,618.2282104492188,xgboost_feat
APPLE_ELSTAR,HELLOFRESH,NL-GE,2026-03-09,2026-03-15,Weekly,,KG,2.659,2.659,643.8583374023438,xgboost_feat
APPLE_ELSTAR,HELLOFRESH,NL-GE,2026-03-16,2026-03-22,Weekly,,KG,2.659,2.659,598.8419799804688,xgboost_feat
APPLE_ELSTAR,HELLOFRESH,NL-GE,2026-03-23,2026-03-29,Weekly,,KG,2.659,2.659,603.4144897460938,xgboost_feat
APPLE_ELSTAR,HELLOFRESH,NL-GE,2026-03-30,2026-04-05,Weekly,,KG,2.659,2.659,613.680908203125,xgboost_feat
APPLE_ELSTAR,HELLOFRESH,NL-GE,2026-04-06,2026-04-12,Weekly,,KG,2.659,2.659,612.689697265625,xgboost_feat
APPLE_ELSTAR,HELLOFRESH,NL-GE,2026-04-13,2026-04-19,Weekly,,KG,2.659,2.659,581.0573120117188,xgboost_feat
APPLE_ELSTAR,HELLOFRESH,NL-GE,2026-04-20,2026-04-26,Weekly,,KG,2.659,2.659,600.186767578125,xgboost_feat
APPLE_ELSTAR,HELLOFRESH,NL-GE,2026-04-27,2026-05-03,Weekly,,KG,2.659,2.659,589.8935546875,xgboost_feat
APPLE_ELSTAR,HELLOFRESH,NL-NB,2026-02-02,2026-02-08,Weekly,,KG,2.52,2.52,588.805908203125,xgboost_feat
APPLE_ELSTAR,HELLOFRESH,NL-NB,2026-02-09,2026-02-15,Weekly,,KG,2.52,2.52,604.7171020507812,xgboost_feat
APPLE_ELSTAR,HELLOFRESH,NL-NB,2026-02-16,2026-02-22,Weekly,,KG,2.52,2.52,629.484130859375,xgboost_feat
APPLE_ELSTAR,HELLOFRESH,NL-NB,2026-02-23,2026-03-01,Weekly,,KG,2.52,2.52,623.3914184570312,xgboost_feat
APPLE_ELSTAR,HELLOFRESH,NL-NB,2026-03-02,2026-03-08,Weekly,,KG,2.52,2.52,628.5352172851562,xgboost_feat
APPLE_ELSTAR,HELLOFRESH,NL-NB,2026-03-09,2026-03-15,Weekly,,KG,2.52,2.52,624.9287719726562,xgboost_feat
APPLE_ELSTAR,HELLOFRESH,NL-NB,2026-03-16,2026-03-22,Weekly,,KG,2.52,2.52,605.643310546875,xgboost_feat
APPLE_ELSTAR,HELLOFRESH,NL-NB,2026-03-23,2026-03-29,Weekly,,KG,2.52,2.52,609.0271606445312,xgboost_feat
APPLE_ELSTAR,HELLOFRESH,NL-NB,2026-03-30,2026-04-05,Weekly,,KG,2.52,2.52,642.8558349609375,xgboost_feat
APPLE_ELSTAR,HELLOFRESH,NL-NB,2026-04-06,2026-04-12,Weekly,,KG,2.52,2.52,616.8499145507812,xgboost_feat
APPLE_ELSTAR,HELLOFRESH,NL-NB,2026-04-13,2026-04-19,Weekly,,KG,2.52,2.52,572.08447265625,xgboost_feat
APPLE_ELSTAR,HELLOFRESH,NL-NB,2026-04-20,2026-04-26,Weekly,,KG,2.52,2.52,594.4468383789062,xgboost_feat
APPLE_ELSTAR,HELLOFRESH,NL-NB,2026-04-27,2026-05-03,Weekly,,KG,2.52,2.52,574.7418823242188,xgboost_feat
APPLE_ELSTAR,HELLOFRESH,NL-NH,2026-02-02,2026-02-08,Weekly,,KG,2.796,2.796,585.5210571289062,xgboost_feat
APPLE_ELSTAR,HELLOFRESH,NL-NH,2026-02-09,2026-02-15,Weekly,,KG,2.796,2.796,562.5519409179688,xgboost_feat
APPLE_ELSTAR,HELLOFRESH,NL-NH,2026-02-16,2026-02-22,Weekly,,KG,2.796,2.796,594.6970825195312,xgboost_feat
APPLE_ELSTAR,HELLOFRESH,NL-NH,2026-02-23,2026-03-01,Weekly,,KG,2.796,2.796,615.98046875,xgboost_feat
APPLE_ELSTAR,HELLOFRESH,NL-NH,2026-03-02,2026-03-08,Weekly,,KG,2.796,2.796,639.079345703125,xgboost_feat
APPLE_ELSTAR,HELLOFRESH,NL-NH,2026-03-09,2026-03-15,Weekly,,KG,2.796,2.796,623.9815063476562,xgboost_feat
APPLE_ELSTAR,HELLOFRESH,NL-NH,2026-03-16,2026-03-22,Weekly,,KG,2.796,2.796,606.020263671875,xgboost_feat
APPLE_ELSTAR,HELLOFRESH,NL-NH,2026-03-23,2026-03-29,Weekly,,KG,2.796,2.796,612.6331176757812,xgboost_feat
APPLE_ELSTAR,HELLOFRESH,NL-NH,2026-03-30,2026-04-05,Weekly,,KG,2.796,2.796,611.8450927734375,xgboost_feat
APPLE_ELSTAR,HELLOFRESH,NL-NH,2026-04-06,2026-04-12,Weekly,,KG,2.796,2.796,602.88232421875,xgboost_feat
APPLE_ELSTAR,HELLOFRESH,NL-NH,2026-04-13,2026-04-19,Weekly,,KG,2.796,2.796,561.5740356445312,xgboost_feat
APPLE_ELSTAR,HELLOFRESH,NL-NH,2026-04-20,2026-04-26,Weekly,,KG,2.796,2.796,603.8326416015625,xgboost_feat
APPLE_ELSTAR,HELLOFRESH,NL-NH,2026-04-27,2026-05-03,Weekly,,KG,2.796,2.796,585.689697265625,xgboost_feat
APPLE_ELSTAR,HELLOFRESH,NL-ZH,2026-02-02,2026-02-08,Weekly,,KG,2.904,2.904,589.6937255859375,xgboost_feat
APPLE_ELSTAR,HELLOFRESH,NL-ZH,2026-02-09,2026-02-15,Weekly,,KG,2.904,2.904,590.6693115234375,xgboost_feat
APPLE_ELSTAR,HELLOFRESH,NL-ZH,2026-02-16,2026-02-22,Weekly,,KG,2.904,2.904,589.2855834960938,xgboost_feat
APPLE_ELSTAR,HELLOFRESH,NL-ZH,2026-02-23,2026-03-01,Weekly,,KG,2.904,2.904,598.1524658203125,xgboost_feat
APPLE_ELSTAR,HELLOFRESH,NL-ZH,2026-03-02,2026-03-08,Weekly,,KG,2.904,2.904,616.5527954101562,xgboost_feat
APPLE_ELSTAR,HELLOFRESH,NL-ZH,2026-03-09,2026-03-15,Weekly,,KG,2.904,2.904,619.7774658203125,xgboost_feat
APPLE_ELSTAR,HELLOFRESH,NL-ZH,2026-03-16,2026-03-22,Weekly,,KG,2.904,2.904,607.0234985351562,xgboost_feat
APPLE_ELSTAR,HELLOFRESH,NL-ZH,2026-03-23,2026-03-29,Weekly,,KG,2.904,2.904,613.713134765625,xgboost_feat
APPLE_ELSTAR,HELLOFRESH,NL-ZH,2026-03-30,2026-04-05,Weekly,,KG,2.904,2.904,624.3910522460938,xgboost_feat
APPLE_ELSTAR,HELLOFRESH,NL-ZH,2026-04-06,2026-04-12,Weekly,,KG,2.904,2.904,604.8597412109375,xgboost_feat
APPLE_ELSTAR,HELLOFRESH,NL-ZH,2026-04-13,2026-04-19,Weekly,,KG,2.904,2.904,584.559814453125,xgboost_feat
APPLE_ELSTAR,HELLOFRESH,NL-ZH,2026-04-20,2026-04-26,Weekly,,KG,2.904,2.904,597.387451171875,xgboost_feat
APPLE_ELSTAR,HELLOFRESH,NL-ZH,2026-04-27,2026-05-03,Weekly,,KG,2.904,2.904,589.2373657226562,xgboost_feat
APPLE_ELSTAR,HOLLANDFOODSERVICE,NL-GE,2026-02-02,2026-02-08,Weekly,,KG,2.519,2.519,579.287353515625,xgboost_feat
APPLE_ELSTAR,HOLLANDFOODSERVICE,NL-GE,2026-02-09,2026-02-15,Weekly,,KG,2.519,2.519,592.5902709960938,xgboost_feat
APPLE_ELSTAR,HOLLANDFOODSERVICE,NL-GE,2026-02-16,2026-02-22,Weekly,,KG,2.519,2.519,597.6866455078125,xgboost_feat
APPLE_ELSTAR,HOLLANDFOODSERVICE,NL-GE,2026-02-23,2026-03-01,Weekly,,KG,2.519,2.519,601.6250610351562,xgboost_feat
APPLE_ELSTAR,HOLLANDFOODSERVICE,NL-GE,2026-03-02,2026-03-08,Weekly,,KG,2.519,2.519,619.749755859375,xgboost_feat
APPLE_ELSTAR,HOLLANDFOODSERVICE,NL-GE,2026-03-09,2026-03-15,Weekly,,KG,2.519,2.519,650.072998046875,xgboost_feat
APPLE_ELSTAR,HOLLANDFOODSERVICE,NL-GE,2026-03-16,2026-03-22,Weekly,,KG,2.519,2.519,600.0484008789062,xgboost_feat
APPLE_ELSTAR,HOLLANDFOODSERVICE,NL-GE,2026-03-23,2026-03-29,Weekly,,KG,2.519,2.519,603.0977172851562,xgboost_feat
APPLE_ELSTAR,HOLLANDFOODSERVICE,NL-GE,2026-03-30,2026-04-05,Weekly,,KG,2.519,2.519,621.6924438476562,xgboost_feat
APPLE_ELSTAR,HOLLANDFOODSERVICE,NL-GE,2026-04-06,2026-04-12,Weekly,,KG,2.519,2.519,620.480712890625,xgboost_feat
APPLE_ELSTAR,HOLLANDFOODSERVICE,NL-GE,2026-04-13,2026-04-19,Weekly,,KG,2.519,2.519,570.8109741210938,xgboost_feat
APPLE_ELSTAR,HOLLANDFOODSERVICE,NL-GE,2026-04-20,2026-04-26,Weekly,,KG,2.519,2.519,592.7882690429688,xgboost_feat
APPLE_ELSTAR,HOLLANDFOODSERVICE,NL-GE,2026-04-27,2026-05-03,Weekly,,KG,2.519,2.519,598.3101806640625,xgboost_feat
APPLE_ELSTAR,HOLLANDFOODSERVICE,NL-NB,2026-02-02,2026-02-08,Weekly,,KG,2.632,2.632,587.9189453125,xgboost_feat
APPLE_ELSTAR,HOLLANDFOODSERVICE,NL-NB,2026-02-09,2026-02-15,Weekly,,KG,2.632,2.632,595.9862670898438,xgboost_feat
APPLE_ELSTAR,HOLLANDFOODSERVICE,NL-NB,2026-02-16,2026-02-22,Weekly,,KG,2.632,2.632,616.7860717773438,xgboost_feat
APPLE_ELSTAR,HOLLANDFOODSERVICE,NL-NB,2026-02-23,2026-03-01,Weekly,,KG,2.632,2.632,610.3788452148438,xgboost_feat
APPLE_ELSTAR,HOLLANDFOODSERVICE,NL-NB,2026-03-02,2026-03-08,Weekly,,KG,2.632,2.632,623.4844360351562,xgboost_feat
APPLE_ELSTAR,HOLLANDFOODSERVICE,NL-NB,2026-03-09,2026-03-15,Weekly,,KG,2.632,2.632,620.9154663085938,xgboost_feat
APPLE_ELSTAR,HOLLANDFOODSERVICE,NL-NB,2026-03-16,2026-03-22,Weekly,,KG,2.632,2.632,603.3057861328125,xgboost_feat
APPLE_ELSTAR,HOLLANDFOODSERVICE,NL-NB,2026-03-23,2026-03-29,Weekly,,KG,2.632,2.632,604.8414916992188,xgboost_feat
APPLE_ELSTAR,HOLLANDFOODSERVICE,NL-NB,2026-03-30,2026-04-05,Weekly,,KG,2.632,2.632,633.0897216796875,xgboost_feat
APPLE_ELSTAR,HOLLANDFOODSERVICE,NL-NB,2026-04-06,2026-04-12,Weekly,,KG,2.632,2.632,606.8611450195312,xgboost_feat
APPLE_ELSTAR,HOLLANDFOODSERVICE,NL-NB,2026-04-13,2026-04-19,Weekly,,KG,2.632,2.632,562.2857055664062,xgboost_feat
APPLE_ELSTAR,HOLLANDFOODSERVICE,NL-NB,2026-04-20,2026-04-26,Weekly,,KG,2.632,2.632,586.9203491210938,xgboost_feat
APPLE_ELSTAR,HOLLANDFOODSERVICE,NL-NB,2026-04-27,2026-05-03,Weekly,,KG,2.632,2.632,572.0325317382812,xgboost_feat
APPLE_ELSTAR,HOLLANDFOODSERVICE,NL-NH,2026-02-02,2026-02-08,Weekly,,KG,2.681,2.681,587.4838256835938,xgboost_feat
APPLE_ELSTAR,HOLLANDFOODSERVICE,NL-NH,2026-02-09,2026-02-15,Weekly,,KG,2.681,2.681,556.4515991210938,xgboost_feat
APPLE_ELSTAR,HOLLANDFOODSERVICE,NL-NH,2026-02-16,2026-02-22,Weekly,,KG,2.681,2.681,584.9403076171875,xgboost_feat
APPLE_ELSTAR,HOLLANDFOODSERVICE,NL-NH,2026-02-23,2026-03-01,Weekly,,KG,2.681,2.681,611.1537475585938,xgboost_feat
APPLE_ELSTAR,HOLLANDFOODSERVICE,NL-NH,2026-03-02,2026-03-08,Weekly,,KG,2.681,2.681,630.3567504882812,xgboost_feat
APPLE_ELSTAR,HOLLANDFOODSERVICE,NL-NH,2026-03-09,2026-03-15,Weekly,,KG,2.681,2.681,622.8241577148438,xgboost_feat
APPLE_ELSTAR,HOLLANDFOODSERVICE,NL-NH,2026-03-16,2026-03-22,Weekly,,KG,2.681,2.681,602.2340087890625,xgboost_feat
APPLE_ELSTAR,HOLLANDFOODSERVICE,NL-NH,2026-03-23,2026-03-29,Weekly,,KG,2.681,2.681,604.722900390625,xgboost_feat
APPLE_ELSTAR,HOLLANDFOODSERVICE,NL-NH,2026-03-30,2026-04-05,Weekly,,KG,2.681,2.681,608.3512573242188,xgboost_feat
APPLE_ELSTAR,HOLLANDFOODSERVICE,NL-NH,2026-04-06,2026-04-12,Weekly,,KG,2.681,2.681,596.7344970703125,xgboost_feat
APPLE_ELSTAR,HOLLANDFOODSERVICE,NL-NH,2026-04-13,2026-04-19,Weekly,,KG,2.681,2.681,548.7940673828125,xgboost_feat
APPLE_ELSTAR,HOLLANDFOODSERVICE,NL-NH,2026-04-20,2026-04-26,Weekly,,KG,2.681,2.681,596.2257080078125,xgboost_feat
APPLE_ELSTAR,HOLLANDFOODSERVICE,NL-NH,2026-04-27,2026-05-03,Weekly,,KG,2.681,2.681,579.1124267578125,xgboost_feat
APPLE_ELSTAR,HOLLANDFOODSERVICE,NL-ZH,2026-02-02,2026-02-08,Weekly,,KG,2.893,2.893,584.7972412109375,xgboost_feat
APPLE_ELSTAR,HOLLANDFOODSERVICE,NL-ZH,2026-02-09,2026-02-15,Weekly,,KG,2.893,2.893,591.1175537109375,xgboost_feat
APPLE_ELSTAR,HOLLANDFOODSERVICE,NL-ZH,2026-02-16,2026-02-22,Weekly,,KG,2.893,2.893,597.1622314453125,xgboost_feat
APPLE_ELSTAR,HOLLANDFOODSERVICE,NL-ZH,2026-02-23,2026-03-01,Weekly,,KG,2.893,2.893,612.7537231445312,xgboost_feat
APPLE_ELSTAR,HOLLANDFOODSERVICE,NL-ZH,2026-03-02,2026-03-08,Weekly,,KG,2.893,2.893,620.8733520507812,xgboost_feat
APPLE_ELSTAR,HOLLANDFOODSERVICE,NL-ZH,2026-03-09,2026-03-15,Weekly,,KG,2.893,2.893,614.9368896484375,xgboost_feat
APPLE_ELSTAR,HOLLANDFOODSERVICE,NL-ZH,2026-03-16,2026-03-22,Weekly,,KG,2.893,2.893,595.0549926757812,xgboost_feat
APPLE_ELSTAR,HOLLANDFOODSERVICE,NL-ZH,2026-03-23,2026-03-29,Weekly,,KG,2.893,2.893,595.7025756835938,xgboost_feat
APPLE_ELSTAR,HOLLANDFOODSERVICE,NL-ZH,2026-03-30,2026-04-05,Weekly,,KG,2.893,2.893,611.7888793945312,xgboost_feat
APPLE_ELSTAR,HOLLANDFOODSERVICE,NL-ZH,2026-04-06,2026-04-12,Weekly,,KG,2.893,2.893,601.4895629882812,xgboost_feat
APPLE_ELSTAR,HOLLANDFOODSERVICE,NL-ZH,2026-04-13,2026-04-19,Weekly,,KG,2.893,2.893,581.1902465820312,xgboost_feat
APPLE_ELSTAR,HOLLANDFOODSERVICE,NL-ZH,2026-04-20,2026-04-26,Weekly,,KG,2.893,2.893,594.7315063476562,xgboost_feat
APPLE_ELSTAR,HOLLANDFOODSERVICE,NL-ZH,2026-04-27,2026-05-03,Weekly,,KG,2.893,2.893,589.4815063476562,xgboost_feat
APPLE_ELSTAR,JUMBO,NL-GE,2026-02-02,2026-02-08,Weekly,,KG,2.62,2.62,722.9672241210938,xgboost_feat
APPLE_ELSTAR,JUMBO,NL-GE,2026-02-09,2026-02-15,Weekly,,KG,2.62,2.62,698.885498046875,xgboost_feat
APPLE_ELSTAR,JUMBO,NL-GE,2026-02-16,2026-02-22,Weekly,,KG,2.62,2.62,723.7286987304688,xgboost_feat
APPLE_ELSTAR,JUMBO,NL-GE,2026-02-23,2026-03-01,Weekly,,KG,2.62,2.62,718.3875732421875,xgboost_feat
APPLE_ELSTAR,JUMBO,NL-GE,2026-03-02,2026-03-08,Weekly,,KG,2.62,2.62,711.6261596679688,xgboost_feat
APPLE_ELSTAR,JUMBO,NL-GE,2026-03-09,2026-03-15,Weekly,,KG,2.62,2.62,717.1533203125,xgboost_feat
APPLE_ELSTAR,JUMBO,NL-GE,2026-03-16,2026-03-22,Weekly,,KG,2.62,2.62,689.91748046875,xgboost_feat
APPLE_ELSTAR,JUMBO,NL-GE,2026-03-23,2026-03-29,Weekly,,KG,2.62,2.62,699.8665771484375,xgboost_feat
APPLE_ELSTAR,JUMBO,NL-GE,2026-03-30,2026-04-05,Weekly,,KG,2.62,2.62,703.1536254882812,xgboost_feat
APPLE_ELSTAR,JUMBO,NL-GE,2026-04-06,2026-04-12,Weekly,,KG,2.62,2.62,671.805908203125,xgboost_feat
APPLE_ELSTAR,JUMBO,NL-GE,2026-04-13,2026-04-19,Weekly,,KG,2.62,2.62,644.807861328125,xgboost_feat
APPLE_ELSTAR,JUMBO,NL-GE,2026-04-20,2026-04-26,Weekly,,KG,2.62,2.62,659.2587280273438,xgboost_feat
APPLE_ELSTAR,JUMBO,NL-GE,2026-04-27,2026-05-03,Weekly,,KG,2.62,2.62,652.3231811523438,xgboost_feat
APPLE_ELSTAR,JUMBO,NL-NB,2026-02-02,2026-02-08,Weekly,,KG,2.643,2.643,675.4295654296875,xgboost_feat
APPLE_ELSTAR,JUMBO,NL-NB,2026-02-09,2026-02-15,Weekly,,KG,2.643,2.643,675.8359375,xgboost_feat
APPLE_ELSTAR,JUMBO,NL-NB,2026-02-16,2026-02-22,Weekly,,KG,2.643,2.643,688.1470336914062,xgboost_feat
APPLE_ELSTAR,JUMBO,NL-NB,2026-02-23,2026-03-01,Weekly,,KG,2.643,2.643,666.7254638671875,xgboost_feat
APPLE_ELSTAR,JUMBO,NL-NB,2026-03-02,2026-03-08,Weekly,,KG,2.643,2.643,660.4501342773438,xgboost_feat
APPLE_ELSTAR,JUMBO,NL-NB,2026-03-09,2026-03-15,Weekly,,KG,2.643,2.643,635.0419921875,xgboost_feat
APPLE_ELSTAR,JUMBO,NL-NB,2026-03-16,2026-03-22,Weekly,,KG,2.643,2.643,634.7560424804688,xgboost_feat
APPLE_ELSTAR,JUMBO,NL-NB,2026-03-23,2026-03-29,Weekly,,KG,2.643,2.643,619.8685913085938,xgboost_feat
APPLE_ELSTAR,JUMBO,NL-NB,2026-03-30,2026-04-05,Weekly,,KG,2.643,2.643,638.9515991210938,xgboost_feat
APPLE_ELSTAR,JUMBO,NL-NB,2026-04-06,2026-04-12,Weekly,,KG,2.643,2.643,614.3601684570312,xgboost_feat
APPLE_ELSTAR,JUMBO,NL-NB,2026-04-13,2026-04-19,Weekly,,KG,2.643,2.643,617.417236328125,xgboost_feat
APPLE_ELSTAR,JUMBO,NL-NB,2026-04-20,2026-04-26,Weekly,,KG,2.643,2.643,612.9058837890625,xgboost_feat
APPLE_ELSTAR,JUMBO,NL-NB,2026-04-27,2026-05-03,Weekly,,KG,2.643,2.643,586.5831909179688,xgboost_feat
APPLE_ELSTAR,JUMBO,NL-NH,2026-02-02,2026-02-08,Weekly,,KG,2.752,2.752,640.5477294921875,xgboost_feat
APPLE_ELSTAR,JUMBO,NL-NH,2026-02-09,2026-02-15,Weekly,,KG,2.752,2.752,637.6119995117188,xgboost_feat
APPLE_ELSTAR,JUMBO,NL-NH,2026-02-16,2026-02-22,Weekly,,KG,2.752,2.752,677.456787109375,xgboost_feat
APPLE_ELSTAR,JUMBO,NL-NH,2026-02-23,2026-03-01,Weekly,,KG,2.752,2.752,633.2138671875,xgboost_feat
APPLE_ELSTAR,JUMBO,NL-NH,2026-03-02,2026-03-08,Weekly,,KG,2.752,2.752,647.7570190429688,xgboost_feat
APPLE_ELSTAR,JUMBO,NL-NH,2026-03-09,2026-03-15,Weekly,,KG,2.752,2.752,639.2942504882812,xgboost_feat
APPLE_ELSTAR,JUMBO,NL-NH,2026-03-16,2026-03-22,Weekly,,KG,2.752,2.752,620.06298828125,xgboost_feat
APPLE_ELSTAR,JUMBO,NL-NH,2026-03-23,2026-03-29,Weekly,,KG,2.752,2.752,608.178955078125,xgboost_feat
APPLE_ELSTAR,JUMBO,NL-NH,2026-03-30,2026-04-05,Weekly,,KG,2.752,2.752,628.5462036132812,xgboost_feat
APPLE_ELSTAR,JUMBO,NL-NH,2026-04-06,2026-04-12,Weekly,,KG,2.752,2.752,618.8096313476562,xgboost_feat
APPLE_ELSTAR,JUMBO,NL-NH,2026-04-13,2026-04-19,Weekly,,KG,2.752,2.752,592.5283813476562,xgboost_feat
APPLE_ELSTAR,JUMBO,NL-NH,2026-04-20,2026-04-26,Weekly,,KG,2.752,2.752,596.5692138671875,xgboost_feat
APPLE_ELSTAR,JUMBO,NL-NH,2026-04-27,2026-05-03,Weekly,,KG,2.752,2.752,577.6582641601562,xgboost_feat
APPLE_ELSTAR,JUMBO,NL-ZH,2026-02-02,2026-02-08,Weekly,,KG,2.77,2.77,672.0899047851562,xgboost_feat
APPLE_ELSTAR,JUMBO,NL-ZH,2026-02-09,2026-02-15,Weekly,,KG,2.77,2.77,659.6426391601562,xgboost_feat
APPLE_ELSTAR,JUMBO,NL-ZH,2026-02-16,2026-02-22,Weekly,,KG,2.77,2.77,669.572998046875,xgboost_feat
APPLE_ELSTAR,JUMBO,NL-ZH,2026-02-23,2026-03-01,Weekly,,KG,2.77,2.77,658.0498046875,xgboost_feat
APPLE_ELSTAR,JUMBO,NL-ZH,2026-03-02,2026-03-08,Weekly,,KG,2.77,2.77,639.1917114257812,xgboost_feat
APPLE_ELSTAR,JUMBO,NL-ZH,2026-03-09,2026-03-15,Weekly,,KG,2.77,2.77,643.759033203125,xgboost_feat
APPLE_ELSTAR,JUMBO,NL-ZH,2026-03-16,2026-03-22,Weekly,,KG,2.77,2.77,644.1166381835938,xgboost_feat
APPLE_ELSTAR,JUMBO,NL-ZH,2026-03-23,2026-03-29,Weekly,,KG,2.77,2.77,636.5064086914062,xgboost_feat
APPLE_ELSTAR,JUMBO,NL-ZH,2026-03-30,2026-04-05,Weekly,,KG,2.77,2.77,635.2379760742188,xgboost_feat
APPLE_ELSTAR,JUMBO,NL-ZH,2026-04-06,2026-04-12,Weekly,,KG,2.77,2.77,618.419921875,xgboost_feat
APPLE_ELSTAR,JUMBO,NL-ZH,2026-04-13,2026-04-19,Weekly,,KG,2.77,2.77,594.6952514648438,xgboost_feat
APPLE_ELSTAR,JUMBO,NL-ZH,2026-04-20,2026-04-26,Weekly,,KG,2.77,2.77,632.578125,xgboost_feat
APPLE_ELSTAR,JUMBO,NL-ZH,2026-04-27,2026-05-03,Weekly,,KG,2.77,2.77,596.2985229492188,xgboost_feat
APPLE_ELSTAR,MELEDI,NL-GE,2026-02-02,2026-02-08,Weekly,,KG,2.647,2.647,579.0667114257812,xgboost_feat
APPLE_ELSTAR,MELEDI,NL-GE,2026-02-09,2026-02-15,Weekly,,KG,2.647,2.647,584.4231567382812,xgboost_feat
APPLE_ELSTAR,MELEDI,NL-GE,2026-02-16,2026-02-22,Weekly,,KG,2.647,2.647,593.0559692382812,xgboost_feat
APPLE_ELSTAR,MELEDI,NL-GE,2026-02-23,2026-03-01,Weekly,,KG,2.647,2.647,597.2523803710938,xgboost_feat
APPLE_ELSTAR,MELEDI,NL-GE,2026-03-02,2026-03-08,Weekly,,KG,2.647,2.647,617.6229858398438,xgboost_feat
APPLE_ELSTAR,MELEDI,NL-GE,2026-03-09,2026-03-15,Weekly,,KG,2.647,2.647,653.9664916992188,xgboost_feat
APPLE_ELSTAR,MELEDI,NL-GE,2026-03-16,2026-03-22,Weekly,,KG,2.647,2.647,599.7067260742188,xgboost_feat
APPLE_ELSTAR,MELEDI,NL-GE,2026-03-23,2026-03-29,Weekly,,KG,2.647,2.647,603.8422241210938,xgboost_feat
APPLE_ELSTAR,MELEDI,NL-GE,2026-03-30,2026-04-05,Weekly,,KG,2.647,2.647,617.9628295898438,xgboost_feat
APPLE_ELSTAR,MELEDI,NL-GE,2026-04-06,2026-04-12,Weekly,,KG,2.647,2.647,615.3428344726562,xgboost_feat
APPLE_ELSTAR,MELEDI,NL-GE,2026-04-13,2026-04-19,Weekly,,KG,2.647,2.647,571.1502075195312,xgboost_feat
APPLE_ELSTAR,MELEDI,NL-GE,2026-04-20,2026-04-26,Weekly,,KG,2.647,2.647,593.966064453125,xgboost_feat
APPLE_ELSTAR,MELEDI,NL-GE,2026-04-27,2026-05-03,Weekly,,KG,2.647,2.647,587.1607666015625,xgboost_feat
APPLE_ELSTAR,MELEDI,NL-NB,2026-02-02,2026-02-08,Weekly,,KG,2.517,2.517,587.1923828125,xgboost_feat
APPLE_ELSTAR,MELEDI,NL-NB,2026-02-09,2026-02-15,Weekly,,KG,2.517,2.517,602.20947265625,xgboost_feat
APPLE_ELSTAR,MELEDI,NL-NB,2026-02-16,2026-02-22,Weekly,,KG,2.517,2.517,626.483642578125,xgboost_feat
APPLE_ELSTAR,MELEDI,NL-NB,2026-02-23,2026-03-01,Weekly,,KG,2.517,2.517,616.0628051757812,xgboost_feat
APPLE_ELSTAR,MELEDI,NL-NB,2026-03-02,2026-03-08,Weekly,,KG,2.517,2.517,627.6723022460938,xgboost_feat
APPLE_ELSTAR,MELEDI,NL-NB,2026-03-09,2026-03-15,Weekly,,KG,2.517,2.517,623.7188110351562,xgboost_feat
APPLE_ELSTAR,MELEDI,NL-NB,2026-03-16,2026-03-22,Weekly,,KG,2.517,2.517,607.6821899414062,xgboost_feat
APPLE_ELSTAR,MELEDI,NL-NB,2026-03-23,2026-03-29,Weekly,,KG,2.517,2.517,610.0784301757812,xgboost_feat
APPLE_ELSTAR,MELEDI,NL-NB,2026-03-30,2026-04-05,Weekly,,KG,2.517,2.517,641.9464721679688,xgboost_feat
APPLE_ELSTAR,MELEDI,NL-NB,2026-04-06,2026-04-12,Weekly,,KG,2.517,2.517,615.7324829101562,xgboost_feat
APPLE_ELSTAR,MELEDI,NL-NB,2026-04-13,2026-04-19,Weekly,,KG,2.517,2.517,563.0712890625,xgboost_feat
APPLE_ELSTAR,MELEDI,NL-NB,2026-04-20,2026-04-26,Weekly,,KG,2.517,2.517,587.0931396484375,xgboost_feat
APPLE_ELSTAR,MELEDI,NL-NB,2026-04-27,2026-05-03,Weekly,,KG,2.517,2.517,579.302490234375,xgboost_feat
APPLE_ELSTAR,MELEDI,NL-NH,2026-02-02,2026-02-08,Weekly,,KG,2.827,2.827,584.9570922851562,xgboost_feat
APPLE_ELSTAR,MELEDI,NL-NH,2026-02-09,2026-02-15,Weekly,,KG,2.827,2.827,559.1427612304688,xgboost_feat
APPLE_ELSTAR,MELEDI,NL-NH,2026-02-16,2026-02-22,Weekly,,KG,2.827,2.827,586.0068359375,xgboost_feat
APPLE_ELSTAR,MELEDI,NL-NH,2026-02-23,2026-03-01,Weekly,,KG,2.827,2.827,615.5586547851562,xgboost_feat
APPLE_ELSTAR,MELEDI,NL-NH,2026-03-02,2026-03-08,Weekly,,KG,2.827,2.827,635.7803955078125,xgboost_feat
APPLE_ELSTAR,MELEDI,NL-NH,2026-03-09,2026-03-15,Weekly,,KG,2.827,2.827,625.3797607421875,xgboost_feat
APPLE_ELSTAR,MELEDI,NL-NH,2026-03-16,2026-03-22,Weekly,,KG,2.827,2.827,601.0629272460938,xgboost_feat
APPLE_ELSTAR,MELEDI,NL-NH,2026-03-23,2026-03-29,Weekly,,KG,2.827,2.827,605.7252197265625,xgboost_feat
APPLE_ELSTAR,MELEDI,NL-NH,2026-03-30,2026-04-05,Weekly,,KG,2.827,2.827,606.6925659179688,xgboost_feat
APPLE_ELSTAR,MELEDI,NL-NH,2026-04-06,2026-04-12,Weekly,,KG,2.827,2.827,596.2990112304688,xgboost_feat
APPLE_ELSTAR,MELEDI,NL-NH,2026-04-13,2026-04-19,Weekly,,KG,2.827,2.827,547.989013671875,xgboost_feat
APPLE_ELSTAR,MELEDI,NL-NH,2026-04-20,2026-04-26,Weekly,,KG,2.827,2.827,593.2054443359375,xgboost_feat
APPLE_ELSTAR,MELEDI,NL-NH,2026-04-27,2026-05-03,Weekly,,KG,2.827,2.827,580.4821166992188,xgboost_feat
APPLE_ELSTAR,MELEDI,NL-ZH,2026-02-02,2026-02-08,Weekly,,KG,2.856,2.856,587.4208374023438,xgboost_feat
APPLE_ELSTAR,MELEDI,NL-ZH,2026-02-09,2026-02-15,Weekly,,KG,2.856,2.856,583.8322143554688,xgboost_feat
APPLE_ELSTAR,MELEDI,NL-ZH,2026-02-16,2026-02-22,Weekly,,KG,2.856,2.856,585.7239379882812,xgboost_feat
APPLE_ELSTAR,MELEDI,NL-ZH,2026-02-23,2026-03-01,Weekly,,KG,2.856,2.856,611.87255859375,xgboost_feat
APPLE_ELSTAR,MELEDI,NL-ZH,2026-03-02,2026-03-08,Weekly,,KG,2.856,2.856,622.865234375,xgboost_feat
APPLE_ELSTAR,MELEDI,NL-ZH,2026-03-09,2026-03-15,Weekly,,KG,2.856,2.856,613.762451171875,xgboost_feat
APPLE_ELSTAR,MELEDI,NL-ZH,2026-03-16,2026-03-22,Weekly,,KG,2.856,2.856,602.1810913085938,xgboost_feat
APPLE_ELSTAR,MELEDI,NL-ZH,2026-03-23,2026-03-29,Weekly,,KG,2.856,2.856,604.8941040039062,xgboost_feat
APPLE_ELSTAR,MELEDI,NL-ZH,2026-03-30,2026-04-05,Weekly,,KG,2.856,2.856,615.6505126953125,xgboost_feat
APPLE_ELSTAR,MELEDI,NL-ZH,2026-04-06,2026-04-12,Weekly,,KG,2.856,2.856,598.5064697265625,xgboost_feat
APPLE_ELSTAR,MELEDI,NL-ZH,2026-04-13,2026-04-19,Weekly,,KG,2.856,2.856,575.0369873046875,xgboost_feat
APPLE_ELSTAR,MELEDI,NL-ZH,2026-04-20,2026-04-26,Weekly,,KG,2.856,2.856,593.4122924804688,xgboost_feat
APPLE_ELSTAR,MELEDI,NL-ZH,2026-04-27,2026-05-03,Weekly,,KG,2.856,2.856,588.7369384765625,xgboost_feat
APPLE_ELSTAR,PICNIC,NL-GE,2026-02-02,2026-02-08,Weekly,,KG,2.558,2.558,579.1959228515625,xgboost_feat
APPLE_ELSTAR,PICNIC,NL-GE,2026-02-09,2026-02-15,Weekly,,KG,2.558,2.558,592.9122924804688,xgboost_feat
APPLE_ELSTAR,PICNIC,NL-GE,2026-02-16,2026-02-22,Weekly,,KG,2.558,2.558,602.3966674804688,xgboost_feat
APPLE_ELSTAR,PICNIC,NL-GE,2026-02-23,2026-03-01,Weekly,,KG,2.558,2.558,612.3118896484375,xgboost_feat
APPLE_ELSTAR,PICNIC,NL-GE,2026-03-02,2026-03-08,Weekly,,KG,2.558,2.558,628.0257568359375,xgboost_feat
APPLE_ELSTAR,PICNIC,NL-GE,2026-03-09,2026-03-15,Weekly,,KG,2.558,2.558,651.7091674804688,xgboost_feat
APPLE_ELSTAR,PICNIC,NL-GE,2026-03-16,2026-03-22,Weekly,,KG,2.558,2.558,599.556884765625,xgboost_feat
APPLE_ELSTAR,PICNIC,NL-GE,2026-03-23,2026-03-29,Weekly,,KG,2.558,2.558,601.6381225585938,xgboost_feat
APPLE_ELSTAR,PICNIC,NL-GE,2026-03-30,2026-04-05,Weekly,,KG,2.558,2.558,619.2462768554688,xgboost_feat
APPLE_ELSTAR,PICNIC,NL-GE,2026-04-06,2026-04-12,Weekly,,KG,2.558,2.558,620.8035888671875,xgboost_feat
APPLE_ELSTAR,PICNIC,NL-GE,2026-04-13,2026-04-19,Weekly,,KG,2.558,2.558,579.6484375,xgboost_feat
APPLE_ELSTAR,PICNIC,NL-GE,2026-04-20,2026-04-26,Weekly,,KG,2.558,2.558,598.6375122070312,xgboost_feat
APPLE_ELSTAR,PICNIC,NL-GE,2026-04-27,2026-05-03,Weekly,,KG,2.558,2.558,594.0991821289062,xgboost_feat
APPLE_ELSTAR,PICNIC,NL-NB,2026-02-02,2026-02-08,Weekly,,KG,2.613,2.613,595.1798095703125,xgboost_feat
APPLE_ELSTAR,PICNIC,NL-NB,2026-02-09,2026-02-15,Weekly,,KG,2.613,2.613,605.1399536132812,xgboost_feat
APPLE_ELSTAR,PICNIC,NL-NB,2026-02-16,2026-02-22,Weekly,,KG,2.613,2.613,626.04638671875,xgboost_feat
APPLE_ELSTAR,PICNIC,NL-NB,2026-02-23,2026-03-01,Weekly,,KG,2.613,2.613,620.06103515625,xgboost_feat
APPLE_ELSTAR,PICNIC,NL-NB,2026-03-02,2026-03-08,Weekly,,KG,2.613,2.613,628.484619140625,xgboost_feat
APPLE_ELSTAR,PICNIC,NL-NB,2026-03-09,2026-03-15,Weekly,,KG,2.613,2.613,625.59228515625,xgboost_feat
APPLE_ELSTAR,PICNIC,NL-NB,2026-03-16,2026-03-22,Weekly,,KG,2.613,2.613,607.6932983398438,xgboost_feat
APPLE_ELSTAR,PICNIC,NL-NB,2026-03-23,2026-03-29,Weekly,,KG,2.613,2.613,611.119384765625,xgboost_feat
APPLE_ELSTAR,PICNIC,NL-NB,2026-03-30,2026-04-05,Weekly,,KG,2.613,2.613,639.9841918945312,xgboost_feat
APPLE_ELSTAR,PICNIC,NL-NB,2026-04-06,2026-04-12,Weekly,,KG,2.613,2.613,614.4406127929688,xgboost_feat
APPLE_ELSTAR,PICNIC,NL-NB,2026-04-13,2026-04-19,Weekly,,KG,2.613,2.613,573.5880737304688,xgboost_feat
APPLE_ELSTAR,PICNIC,NL-NB,2026-04-20,2026-04-26,Weekly,,KG,2.613,2.613,601.8815307617188,xgboost_feat
APPLE_ELSTAR,PICNIC,NL-NB,2026-04-27,2026-05-03,Weekly,,KG,2.613,2.613,589.7957763671875,xgboost_feat
APPLE_ELSTAR,PICNIC,NL-NH,2026-02-02,2026-02-08,Weekly,,KG,2.789,2.789,584.5912475585938,xgboost_feat
APPLE_ELSTAR,PICNIC,NL-NH,2026-02-09,2026-02-15,Weekly,,KG,2.789,2.789,563.6892700195312,xgboost_feat
APPLE_ELSTAR,PICNIC,NL-NH,2026-02-16,2026-02-22,Weekly,,KG,2.789,2.789,594.2177124023438,xgboost_feat
APPLE_ELSTAR,PICNIC,NL-NH,2026-02-23,2026-03-01,Weekly,,KG,2.789,2.789,615.98046875,xgboost_feat
APPLE_ELSTAR,PICNIC,NL-NH,2026-03-02,2026-03-08,Weekly,,KG,2.789,2.789,639.079345703125,xgboost_feat
APPLE_ELSTAR,PICNIC,NL-NH,2026-03-09,2026-03-15,Weekly,,KG,2.789,2.789,623.9954223632812,xgboost_feat
APPLE_ELSTAR,PICNIC,NL-NH,2026-03-16,2026-03-22,Weekly,,KG,2.789,2.789,606.020263671875,xgboost_feat
APPLE_ELSTAR,PICNIC,NL-NH,2026-03-23,2026-03-29,Weekly,,KG,2.789,2.789,612.6331176757812,xgboost_feat
APPLE_ELSTAR,PICNIC,NL-NH,2026-03-30,2026-04-05,Weekly,,KG,2.789,2.789,611.8450927734375,xgboost_feat
APPLE_ELSTAR,PICNIC,NL-NH,2026-04-06,2026-04-12,Weekly,,KG,2.789,2.789,602.88232421875,xgboost_feat
APPLE_ELSTAR,PICNIC,NL-NH,2026-04-13,2026-04-19,Weekly,,KG,2.789,2.789,561.7916870117188,xgboost_feat
APPLE_ELSTAR,PICNIC,NL-NH,2026-04-20,2026-04-26,Weekly,,KG,2.789,2.789,603.3511962890625,xgboost_feat
APPLE_ELSTAR,PICNIC,NL-NH,2026-04-27,2026-05-03,Weekly,,KG,2.789,2.789,585.7274169921875,xgboost_feat
APPLE_ELSTAR,PICNIC,NL-ZH,2026-02-02,2026-02-08,Weekly,,KG,3.055,3.055,582.7836303710938,xgboost_feat
APPLE_ELSTAR,PICNIC,NL-ZH,2026-02-09,2026-02-15,Weekly,,KG,3.055,3.055,589.2401733398438,xgboost_feat
APPLE_ELSTAR,PICNIC,NL-ZH,2026-02-16,2026-02-22,Weekly,,KG,3.055,3.055,594.005126953125,xgboost_feat
APPLE_ELSTAR,PICNIC,NL-ZH,2026-02-23,2026-03-01,Weekly,,KG,3.055,3.055,597.6992797851562,xgboost_feat
APPLE_ELSTAR,PICNIC,NL-ZH,2026-03-02,2026-03-08,Weekly,,KG,3.055,3.055,617.9049072265625,xgboost_feat
APPLE_ELSTAR,PICNIC,NL-ZH,2026-03-09,2026-03-15,Weekly,,KG,3.055,3.055,620.5767211914062,xgboost_feat
APPLE_ELSTAR,PICNIC,NL-ZH,2026-03-16,2026-03-22,Weekly,,KG,3.055,3.055,606.10205078125,xgboost_feat
APPLE_ELSTAR,PICNIC,NL-ZH,2026-03-23,2026-03-29,Weekly,,KG,3.055,3.055,613.713134765625,xgboost_feat
APPLE_ELSTAR,PICNIC,NL-ZH,2026-03-30,2026-04-05,Weekly,,KG,3.055,3.055,624.3910522460938,xgboost_feat
APPLE_ELSTAR,PICNIC,NL-ZH,2026-04-06,2026-04-12,Weekly,,KG,3.055,3.055,604.8592529296875,xgboost_feat
APPLE_ELSTAR,PICNIC,NL-ZH,2026-04-13,2026-04-19,Weekly,,KG,3.055,3.055,585.4746704101562,xgboost_feat
APPLE_ELSTAR,PICNIC,NL-ZH,2026-04-20,2026-04-26,Weekly,,KG,3.055,3.055,593.7508544921875,xgboost_feat
APPLE_ELSTAR,PICNIC,NL-ZH,2026-04-27,2026-05-03,Weekly,,KG,3.055,3.055,588.7518920898438,xgboost_feat
APPLE_ELSTAR,PLUS,NL-GE,2026-02-02,2026-02-08,Weekly,,KG,2.517,2.517,733.7654418945312,xgboost_feat
APPLE_ELSTAR,PLUS,NL-GE,2026-02-09,2026-02-15,Weekly,,KG,2.517,2.517,711.9380493164062,xgboost_feat
APPLE_ELSTAR,PLUS,NL-GE,2026-02-16,2026-02-22,Weekly,,KG,2.517,2.517,741.7494506835938,xgboost_feat
APPLE_ELSTAR,PLUS,NL-GE,2026-02-23,2026-03-01,Weekly,,KG,2.517,2.517,738.5755004882812,xgboost_feat
APPLE_ELSTAR,PLUS,NL-GE,2026-03-02,2026-03-08,Weekly,,KG,2.517,2.517,725.2703247070312,xgboost_feat
APPLE_ELSTAR,PLUS,NL-GE,2026-03-09,2026-03-15,Weekly,,KG,2.517,2.517,735.4584350585938,xgboost_feat
APPLE_ELSTAR,PLUS,NL-GE,2026-03-16,2026-03-22,Weekly,,KG,2.517,2.517,709.1829833984375,xgboost_feat
APPLE_ELSTAR,PLUS,NL-GE,2026-03-23,2026-03-29,Weekly,,KG,2.517,2.517,722.2503662109375,xgboost_feat
APPLE_ELSTAR,PLUS,NL-GE,2026-03-30,2026-04-05,Weekly,,KG,2.517,2.517,732.908447265625,xgboost_feat
APPLE_ELSTAR,PLUS,NL-GE,2026-04-06,2026-04-12,Weekly,,KG,2.517,2.517,710.3451538085938,xgboost_feat
APPLE_ELSTAR,PLUS,NL-GE,2026-04-13,2026-04-19,Weekly,,KG,2.517,2.517,667.31982421875,xgboost_feat
APPLE_ELSTAR,PLUS,NL-GE,2026-04-20,2026-04-26,Weekly,,KG,2.517,2.517,674.2222290039062,xgboost_feat
APPLE_ELSTAR,PLUS,NL-GE,2026-04-27,2026-05-03,Weekly,,KG,2.517,2.517,673.03466796875,xgboost_feat
APPLE_ELSTAR,PLUS,NL-NB,2026-02-02,2026-02-08,Weekly,,KG,2.823,2.823,649.307861328125,xgboost_feat
APPLE_ELSTAR,PLUS,NL-NB,2026-02-09,2026-02-15,Weekly,,KG,2.823,2.823,644.9336547851562,xgboost_feat
APPLE_ELSTAR,PLUS,NL-NB,2026-02-16,2026-02-22,Weekly,,KG,2.823,2.823,653.386962890625,xgboost_feat
APPLE_ELSTAR,PLUS,NL-NB,2026-02-23,2026-03-01,Weekly,,KG,2.823,2.823,650.2312622070312,xgboost_feat
APPLE_ELSTAR,PLUS,NL-NB,2026-03-02,2026-03-08,Weekly,,KG,2.823,2.823,622.6558837890625,xgboost_feat
APPLE_ELSTAR,PLUS,NL-NB,2026-03-09,2026-03-15,Weekly,,KG,2.823,2.823,616.64404296875,xgboost_feat
APPLE_ELSTAR,PLUS,NL-NB,2026-03-16,2026-03-22,Weekly,,KG,2.823,2.823,618.5653686523438,xgboost_feat
APPLE_ELSTAR,PLUS,NL-NB,2026-03-23,2026-03-29,Weekly,,KG,2.823,2.823,619.0994262695312,xgboost_feat
APPLE_ELSTAR,PLUS,NL-NB,2026-03-30,2026-04-05,Weekly,,KG,2.823,2.823,633.5731811523438,xgboost_feat
APPLE_ELSTAR,PLUS,NL-NB,2026-04-06,2026-04-12,Weekly,,KG,2.823,2.823,613.4964599609375,xgboost_feat
APPLE_ELSTAR,PLUS,NL-NB,2026-04-13,2026-04-19,Weekly,,KG,2.823,2.823,615.2973022460938,xgboost_feat
APPLE_ELSTAR,PLUS,NL-NB,2026-04-20,2026-04-26,Weekly,,KG,2.823,2.823,620.2117309570312,xgboost_feat
APPLE_ELSTAR,PLUS,NL-NB,2026-04-27,2026-05-03,Weekly,,KG,2.823,2.823,585.9609375,xgboost_feat
APPLE_ELSTAR,PLUS,NL-NH,2026-02-02,2026-02-08,Weekly,,KG,2.787,2.787,638.6504516601562,xgboost_feat
APPLE_ELSTAR,PLUS,NL-NH,2026-02-09,2026-02-15,Weekly,,KG,2.787,2.787,630.4760131835938,xgboost_feat
APPLE_ELSTAR,PLUS,NL-NH,2026-02-16,2026-02-22,Weekly,,KG,2.787,2.787,666.3499755859375,xgboost_feat
APPLE_ELSTAR,PLUS,NL-NH,2026-02-23,2026-03-01,Weekly,,KG,2.787,2.787,634.3986206054688,xgboost_feat
APPLE_ELSTAR,PLUS,NL-NH,2026-03-02,2026-03-08,Weekly,,KG,2.787,2.787,634.9501953125,xgboost_feat
APPLE_ELSTAR,PLUS,NL-NH,2026-03-09,2026-03-15,Weekly,,KG,2.787,2.787,626.6050415039062,xgboost_feat
APPLE_ELSTAR,PLUS,NL-NH,2026-03-16,2026-03-22,Weekly,,KG,2.787,2.787,609.0740966796875,xgboost_feat
APPLE_ELSTAR,PLUS,NL-NH,2026-03-23,2026-03-29,Weekly,,KG,2.787,2.787,638.3629150390625,xgboost_feat
APPLE_ELSTAR,PLUS,NL-NH,2026-03-30,2026-04-05,Weekly,,KG,2.787,2.787,604.1309814453125,xgboost_feat
APPLE_ELSTAR,PLUS,NL-NH,2026-04-06,2026-04-12,Weekly,,KG,2.787,2.787,596.8648681640625,xgboost_feat
APPLE_ELSTAR,PLUS,NL-NH,2026-04-13,2026-04-19,Weekly,,KG,2.787,2.787,555.0748901367188,xgboost_feat
APPLE_ELSTAR,PLUS,NL-NH,2026-04-20,2026-04-26,Weekly,,KG,2.787,2.787,598.3087768554688,xgboost_feat
APPLE_ELSTAR,PLUS,NL-NH,2026-04-27,2026-05-03,Weekly,,KG,2.787,2.787,579.741943359375,xgboost_feat
APPLE_ELSTAR,PLUS,NL-ZH,2026-02-02,2026-02-08,Weekly,,KG,2.978,2.978,643.8439331054688,xgboost_feat
APPLE_ELSTAR,PLUS,NL-ZH,2026-02-09,2026-02-15,Weekly,,KG,2.978,2.978,646.5932006835938,xgboost_feat
APPLE_ELSTAR,PLUS,NL-ZH,2026-02-16,2026-02-22,Weekly,,KG,2.978,2.978,648.101806640625,xgboost_feat
APPLE_ELSTAR,PLUS,NL-ZH,2026-02-23,2026-03-01,Weekly,,KG,2.978,2.978,646.2763671875,xgboost_feat
APPLE_ELSTAR,PLUS,NL-ZH,2026-03-02,2026-03-08,Weekly,,KG,2.978,2.978,618.4417724609375,xgboost_feat
APPLE_ELSTAR,PLUS,NL-ZH,2026-03-09,2026-03-15,Weekly,,KG,2.978,2.978,613.1428833007812,xgboost_feat
APPLE_ELSTAR,PLUS,NL-ZH,2026-03-16,2026-03-22,Weekly,,KG,2.978,2.978,615.0001831054688,xgboost_feat
APPLE_ELSTAR,PLUS,NL-ZH,2026-03-23,2026-03-29,Weekly,,KG,2.978,2.978,623.8345336914062,xgboost_feat
APPLE_ELSTAR,PLUS,NL-ZH,2026-03-30,2026-04-05,Weekly,,KG,2.978,2.978,627.259033203125,xgboost_feat
APPLE_ELSTAR,PLUS,NL-ZH,2026-04-06,2026-04-12,Weekly,,KG,2.978,2.978,611.1014404296875,xgboost_feat
APPLE_ELSTAR,PLUS,NL-ZH,2026-04-13,2026-04-19,Weekly,,KG,2.978,2.978,622.3267822265625,xgboost_feat
APPLE_ELSTAR,PLUS,NL-ZH,2026-04-20,2026-04-26,Weekly,,KG,2.978,2.978,634.376953125,xgboost_feat
APPLE_ELSTAR,PLUS,NL-ZH,2026-04-27,2026-05-03,Weekly,,KG,2.978,2.978,596.5835571289062,xgboost_feat
APPLE_ELSTAR,SLIGRO,NL-GE,2026-02-02,2026-02-08,Weekly,,KG,2.574,2.574,577.661865234375,xgboost_feat
APPLE_ELSTAR,SLIGRO,NL-GE,2026-02-09,2026-02-15,Weekly,,KG,2.574,2.574,589.745849609375,xgboost_feat
APPLE_ELSTAR,SLIGRO,NL-GE,2026-02-16,2026-02-22,Weekly,,KG,2.574,2.574,597.3458251953125,xgboost_feat
APPLE_ELSTAR,SLIGRO,NL-GE,2026-02-23,2026-03-01,Weekly,,KG,2.574,2.574,602.962158203125,xgboost_feat
APPLE_ELSTAR,SLIGRO,NL-GE,2026-03-02,2026-03-08,Weekly,,KG,2.574,2.574,619.9410400390625,xgboost_feat
APPLE_ELSTAR,SLIGRO,NL-GE,2026-03-09,2026-03-15,Weekly,,KG,2.574,2.574,650.4469604492188,xgboost_feat
APPLE_ELSTAR,SLIGRO,NL-GE,2026-03-16,2026-03-22,Weekly,,KG,2.574,2.574,599.406005859375,xgboost_feat
APPLE_ELSTAR,SLIGRO,NL-GE,2026-03-23,2026-03-29,Weekly,,KG,2.574,2.574,602.2728881835938,xgboost_feat
APPLE_ELSTAR,SLIGRO,NL-GE,2026-03-30,2026-04-05,Weekly,,KG,2.574,2.574,621.3797607421875,xgboost_feat
APPLE_ELSTAR,SLIGRO,NL-GE,2026-04-06,2026-04-12,Weekly,,KG,2.574,2.574,620.4196166992188,xgboost_feat
APPLE_ELSTAR,SLIGRO,NL-GE,2026-04-13,2026-04-19,Weekly,,KG,2.574,2.574,572.8535766601562,xgboost_feat
APPLE_ELSTAR,SLIGRO,NL-GE,2026-04-20,2026-04-26,Weekly,,KG,2.574,2.574,592.5897827148438,xgboost_feat
APPLE_ELSTAR,SLIGRO,NL-GE,2026-04-27,2026-05-03,Weekly,,KG,2.574,2.574,597.2604370117188,xgboost_feat
APPLE_ELSTAR,SLIGRO,NL-NB,2026-02-02,2026-02-08,Weekly,,KG,2.679,2.679,590.9335327148438,xgboost_feat
APPLE_ELSTAR,SLIGRO,NL-NB,2026-02-09,2026-02-15,Weekly,,KG,2.679,2.679,595.6467895507812,xgboost_feat
APPLE_ELSTAR,SLIGRO,NL-NB,2026-02-16,2026-02-22,Weekly,,KG,2.679,2.679,613.3057250976562,xgboost_feat
APPLE_ELSTAR,SLIGRO,NL-NB,2026-02-23,2026-03-01,Weekly,,KG,2.679,2.679,611.0562744140625,xgboost_feat
APPLE_ELSTAR,SLIGRO,NL-NB,2026-03-02,2026-03-08,Weekly,,KG,2.679,2.679,623.4707641601562,xgboost_feat
APPLE_ELSTAR,SLIGRO,NL-NB,2026-03-09,2026-03-15,Weekly,,KG,2.679,2.679,623.3080444335938,xgboost_feat
APPLE_ELSTAR,SLIGRO,NL-NB,2026-03-16,2026-03-22,Weekly,,KG,2.679,2.679,606.1053466796875,xgboost_feat
APPLE_ELSTAR,SLIGRO,NL-NB,2026-03-23,2026-03-29,Weekly,,KG,2.679,2.679,614.6351928710938,xgboost_feat
APPLE_ELSTAR,SLIGRO,NL-NB,2026-03-30,2026-04-05,Weekly,,KG,2.679,2.679,632.0490112304688,xgboost_feat
APPLE_ELSTAR,SLIGRO,NL-NB,2026-04-06,2026-04-12,Weekly,,KG,2.679,2.679,608.9147338867188,xgboost_feat
APPLE_ELSTAR,SLIGRO,NL-NB,2026-04-13,2026-04-19,Weekly,,KG,2.679,2.679,570.2669677734375,xgboost_feat
APPLE_ELSTAR,SLIGRO,NL-NB,2026-04-20,2026-04-26,Weekly,,KG,2.679,2.679,592.1961669921875,xgboost_feat
APPLE_ELSTAR,SLIGRO,NL-NB,2026-04-27,2026-05-03,Weekly,,KG,2.679,2.679,580.26025390625,xgboost_feat
APPLE_ELSTAR,SLIGRO,NL-NH,2026-02-02,2026-02-08,Weekly,,KG,2.833,2.833,582.722412109375,xgboost_feat
APPLE_ELSTAR,SLIGRO,NL-NH,2026-02-09,2026-02-15,Weekly,,KG,2.833,2.833,556.2699584960938,xgboost_feat
APPLE_ELSTAR,SLIGRO,NL-NH,2026-02-16,2026-02-22,Weekly,,KG,2.833,2.833,585.0037841796875,xgboost_feat
APPLE_ELSTAR,SLIGRO,NL-NH,2026-02-23,2026-03-01,Weekly,,KG,2.833,2.833,611.0106201171875,xgboost_feat
APPLE_ELSTAR,SLIGRO,NL-NH,2026-03-02,2026-03-08,Weekly,,KG,2.833,2.833,635.25341796875,xgboost_feat
APPLE_ELSTAR,SLIGRO,NL-NH,2026-03-09,2026-03-15,Weekly,,KG,2.833,2.833,622.9683227539062,xgboost_feat
APPLE_ELSTAR,SLIGRO,NL-NH,2026-03-16,2026-03-22,Weekly,,KG,2.833,2.833,604.0665283203125,xgboost_feat
APPLE_ELSTAR,SLIGRO,NL-NH,2026-03-23,2026-03-29,Weekly,,KG,2.833,2.833,608.4608154296875,xgboost_feat
APPLE_ELSTAR,SLIGRO,NL-NH,2026-03-30,2026-04-05,Weekly,,KG,2.833,2.833,607.545654296875,xgboost_feat
APPLE_ELSTAR,SLIGRO,NL-NH,2026-04-06,2026-04-12,Weekly,,KG,2.833,2.833,596.19970703125,xgboost_feat
APPLE_ELSTAR,SLIGRO,NL-NH,2026-04-13,2026-04-19,Weekly,,KG,2.833,2.833,549.227783203125,xgboost_feat
APPLE_ELSTAR,SLIGRO,NL-NH,2026-04-20,2026-04-26,Weekly,,KG,2.833,2.833,593.209228515625,xgboost_feat
APPLE_ELSTAR,SLIGRO,NL-NH,2026-04-27,2026-05-03,Weekly,,KG,2.833,2.833,581.8281860351562,xgboost_feat
APPLE_ELSTAR,SLIGRO,NL-ZH,2026-02-02,2026-02-08,Weekly,,KG,2.882,2.882,585.150146484375,xgboost_feat
APPLE_ELSTAR,SLIGRO,NL-ZH,2026-02-09,2026-02-15,Weekly,,KG,2.882,2.882,589.9804077148438,xgboost_feat
APPLE_ELSTAR,SLIGRO,NL-ZH,2026-02-16,2026-02-22,Weekly,,KG,2.882,2.882,588.0414428710938,xgboost_feat
APPLE_ELSTAR,SLIGRO,NL-ZH,2026-02-23,2026-03-01,Weekly,,KG,2.882,2.882,595.9696655273438,xgboost_feat
APPLE_ELSTAR,SLIGRO,NL-ZH,2026-03-02,2026-03-08,Weekly,,KG,2.882,2.882,618.3275146484375,xgboost_feat
APPLE_ELSTAR,SLIGRO,NL-ZH,2026-03-09,2026-03-15,Weekly,,KG,2.882,2.882,612.4744873046875,xgboost_feat
APPLE_ELSTAR,SLIGRO,NL-ZH,2026-03-16,2026-03-22,Weekly,,KG,2.882,2.882,601.499755859375,xgboost_feat
APPLE_ELSTAR,SLIGRO,NL-ZH,2026-03-23,2026-03-29,Weekly,,KG,2.882,2.882,606.3475952148438,xgboost_feat
APPLE_ELSTAR,SLIGRO,NL-ZH,2026-03-30,2026-04-05,Weekly,,KG,2.882,2.882,618.4157104492188,xgboost_feat
APPLE_ELSTAR,SLIGRO,NL-ZH,2026-04-06,2026-04-12,Weekly,,KG,2.882,2.882,599.0469970703125,xgboost_feat
APPLE_ELSTAR,SLIGRO,NL-ZH,2026-04-13,2026-04-19,Weekly,,KG,2.882,2.882,575.9786376953125,xgboost_feat
APPLE_ELSTAR,SLIGRO,NL-ZH,2026-04-20,2026-04-26,Weekly,,KG,2.882,2.882,594.4789428710938,xgboost_feat
APPLE_ELSTAR,SLIGRO,NL-ZH,2026-04-27,2026-05-03,Weekly,,KG,2.882,2.882,588.7588500976562,xgboost_feat
APPLE_GALA,AH,NL-GE,2026-02-02,2026-02-08,Weekly,,KG,2.643,2.643,726.7492065429688,xgboost_feat
APPLE_GALA,AH,NL-GE,2026-02-09,2026-02-15,Weekly,,KG,2.643,2.643,699.2388916015625,xgboost_feat
APPLE_GALA,AH,NL-GE,2026-02-16,2026-02-22,Weekly,,KG,2.643,2.643,719.9811401367188,xgboost_feat
APPLE_GALA,AH,NL-GE,2026-02-23,2026-03-01,Weekly,,KG,2.32584,2.643,805.5197143554688,xgboost_feat
APPLE_GALA,AH,NL-GE,2026-03-02,2026-03-08,Weekly,,KG,2.32584,2.643,773.63037109375,xgboost_feat
APPLE_GALA,AH,NL-GE,2026-03-09,2026-03-15,Weekly,,KG,2.643,2.643,718.9376831054688,xgboost_feat
APPLE_GALA,AH,NL-GE,2026-03-16,2026-03-22,Weekly,,KG,2.643,2.643,675.8527221679688,xgboost_feat
APPLE_GALA,AH,NL-GE,2026-03-23,2026-03-29,Weekly,,KG,2.643,2.643,689.2461547851562,xgboost_feat
APPLE_GALA,AH,NL-GE,2026-03-30,2026-04-05,Weekly,,KG,2.643,2.643,697.2550048828125,xgboost_feat
APPLE_GALA,AH,NL-GE,2026-04-06,2026-04-12,Weekly,,KG,2.643,2.643,665.7346801757812,xgboost_feat
APPLE_GALA,AH,NL-GE,2026-04-13,2026-04-19,Weekly,,KG,2.643,2.643,620.9441528320312,xgboost_feat
APPLE_GALA,AH,NL-GE,2026-04-20,2026-04-26,Weekly,,KG,2.643,2.643,645.2510986328125,xgboost_feat
APPLE_GALA,AH,NL-GE,2026-04-27,2026-05-03,Weekly,,KG,2.643,2.643,626.1349487304688,xgboost_feat
APPLE_GALA,AH,NL-NB,2026-02-02,2026-02-08,Weekly,,KG,2.605,2.605,740.2576904296875,xgboost_feat
APPLE_GALA,AH,NL-NB,2026-02-09,2026-02-15,Weekly,,KG,2.605,2.605,713.5308227539062,xgboost_feat
APPLE_GALA,AH,NL-NB,2026-02-16,2026-02-22,Weekly,,KG,2.605,2.605,717.9271240234375,xgboost_feat
APPLE_GALA,AH,NL-NB,2026-02-23,2026-03-01,Weekly,,KG,2.605,2.605,702.5938110351562,xgboost_feat
APPLE_GALA,AH,NL-NB,2026-03-02,2026-03-08,Weekly,,KG,2.605,2.605,695.9420166015625,xgboost_feat
APPLE_GALA,AH,NL-NB,2026-03-09,2026-03-15,Weekly,,KG,2.605,2.605,680.8639526367188,xgboost_feat
APPLE_GALA,AH,NL-NB,2026-03-16,2026-03-22,Weekly,,KG,2.605,2.605,672.5833740234375,xgboost_feat
APPLE_GALA,AH,NL-NB,2026-03-23,2026-03-29,Weekly,,KG,2.605,2.605,679.399169921875,xgboost_feat
APPLE_GALA,AH,NL-NB,2026-03-30,2026-04-05,Weekly,,KG,2.605,2.605,725.4354248046875,xgboost_feat
APPLE_GALA,AH,NL-NB,2026-04-06,2026-04-12,Weekly,,KG,2.605,2.605,696.9688720703125,xgboost_feat
APPLE_GALA,AH,NL-NB,2026-04-13,2026-04-19,Weekly,,KG,2.605,2.605,640.4999389648438,xgboost_feat
APPLE_GALA,AH,NL-NB,2026-04-20,2026-04-26,Weekly,,KG,2.605,2.605,674.8333129882812,xgboost_feat
APPLE_GALA,AH,NL-NB,2026-04-27,2026-05-03,Weekly,,KG,2.605,2.605,654.7008056640625,xgboost_feat
APPLE_GALA,AH,NL-NH,2026-02-02,2026-02-08,Weekly,,KG,2.772,2.772,711.1957397460938,xgboost_feat
APPLE_GALA,AH,NL-NH,2026-02-09,2026-02-15,Weekly,,KG,2.772,2.772,642.3453369140625,xgboost_feat
APPLE_GALA,AH,NL-NH,2026-02-16,2026-02-22,Weekly,,KG,2.772,2.772,691.1097412109375,xgboost_feat
APPLE_GALA,AH,NL-NH,2026-02-23,2026-03-01,Weekly,,KG,2.772,2.772,682.70849609375,xgboost_feat
APPLE_GALA,AH,NL-NH,2026-03-02,2026-03-08,Weekly,,KG,2.772,2.772,687.9336547851562,xgboost_feat
APPLE_GALA,AH,NL-NH,2026-03-09,2026-03-15,Weekly,,KG,2.772,2.772,659.3192749023438,xgboost_feat
APPLE_GALA,AH,NL-NH,2026-03-16,2026-03-22,Weekly,,KG,2.772,2.772,646.950439453125,xgboost_feat
APPLE_GALA,AH,NL-NH,2026-03-23,2026-03-29,Weekly,,KG,2.772,2.772,645.1073608398438,xgboost_feat
APPLE_GALA,AH,NL-NH,2026-03-30,2026-04-05,Weekly,,KG,2.772,2.772,655.1206665039062,xgboost_feat
APPLE_GALA,AH,NL-NH,2026-04-06,2026-04-12,Weekly,,KG,2.772,2.772,629.3575439453125,xgboost_feat
APPLE_GALA,AH,NL-NH,2026-04-13,2026-04-19,Weekly,,KG,2.772,2.772,598.789306640625,xgboost_feat
APPLE_GALA,AH,NL-NH,2026-04-20,2026-04-26,Weekly,,KG,2.772,2.772,597.4562377929688,xgboost_feat
APPLE_GALA,AH,NL-NH,2026-04-27,2026-05-03,Weekly,,KG,2.772,2.772,582.3496704101562,xgboost_feat
APPLE_GALA,AH,NL-ZH,2026-02-02,2026-02-08,Weekly,,KG,2.903,2.903,678.0473022460938,xgboost_feat
APPLE_GALA,AH,NL-ZH,2026-02-09,2026-02-15,Weekly,,KG,2.903,2.903,663.7299194335938,xgboost_feat
APPLE_GALA,AH,NL-ZH,2026-02-16,2026-02-22,Weekly,,KG,2.903,2.903,686.6386108398438,xgboost_feat
APPLE_GALA,AH,NL-ZH,2026-02-23,2026-03-01,Weekly,,KG,2.903,2.903,675.7152709960938,xgboost_feat
APPLE_GALA,AH,NL-ZH,2026-03-02,2026-03-08,Weekly,,KG,2.903,2.903,675.5911254882812,xgboost_feat
APPLE_GALA,AH,NL-ZH,2026-03-09,2026-03-15,Weekly,,KG,2.903,2.903,660.6097412109375,xgboost_feat
APPLE_GALA,AH,NL-ZH,2026-03-16,2026-03-22,Weekly,,KG,2.903,2.903,677.0235595703125,xgboost_feat
APPLE_GALA,AH,NL-ZH,2026-03-23,2026-03-29,Weekly,,KG,2.903,2.903,688.7919921875,xgboost_feat
APPLE_GALA,AH,NL-ZH,2026-03-30,2026-04-05,Weekly,,KG,2.903,2.903,685.5799560546875,xgboost_feat
APPLE_GALA,AH,NL-ZH,2026-04-06,2026-04-12,Weekly,,KG,2.903,2.903,646.2841796875,xgboost_feat
APPLE_GALA,AH,NL-ZH,2026-04-13,2026-04-19,Weekly,,KG,2.903,2.903,632.8300170898438,xgboost_feat
APPLE_GALA,AH,NL-ZH,2026-04-20,2026-04-26,Weekly,,KG,2.903,2.903,652.9774169921875,xgboost_feat
APPLE_GALA,AH,NL-ZH,2026-04-27,2026-05-03,Weekly,,KG,2.903,2.903,635.4378662109375,xgboost_feat
APPLE_GALA,FLINK,NL-GE,2026-02-02,2026-02-08,Weekly,,KG,2.565,2.565,579.2049560546875,xgboost_feat
APPLE_GALA,FLINK,NL-GE,2026-02-09,2026-02-15,Weekly,,KG,2.565,2.565,596.4666137695312,xgboost_feat
APPLE_GALA,FLINK,NL-GE,2026-02-16,2026-02-22,Weekly,,KG,2.565,2.565,602.2091064453125,xgboost_feat
APPLE_GALA,FLINK,NL-GE,2026-02-23,2026-03-01,Weekly,,KG,2.565,2.565,611.9674682617188,xgboost_feat
APPLE_GALA,FLINK,NL-GE,2026-03-02,2026-03-08,Weekly,,KG,2.565,2.565,628.1923217773438,xgboost_feat
APPLE_GALA,FLINK,NL-GE,2026-03-09,2026-03-15,Weekly,,KG,2.565,2.565,651.6778564453125,xgboost_feat
APPLE_GALA,FLINK,NL-GE,2026-03-16,2026-03-22,Weekly,,KG,2.565,2.565,599.734619140625,xgboost_feat
APPLE_GALA,FLINK,NL-GE,2026-03-23,2026-03-29,Weekly,,KG,2.565,2.565,601.8159790039062,xgboost_feat
APPLE_GALA,FLINK,NL-GE,2026-03-30,2026-04-05,Weekly,,KG,2.565,2.565,619.41748046875,xgboost_feat
APPLE_GALA,FLINK,NL-GE,2026-04-06,2026-04-12,Weekly,,KG,2.565,2.565,620.9713134765625,xgboost_feat
APPLE_GALA,FLINK,NL-GE,2026-04-13,2026-04-19,Weekly,,KG,2.565,2.565,579.816650390625,xgboost_feat
APPLE_GALA,FLINK,NL-GE,2026-04-20,2026-04-26,Weekly,,KG,2.565,2.565,598.5523681640625,xgboost_feat
APPLE_GALA,FLINK,NL-GE,2026-04-27,2026-05-03,Weekly,,KG,2.565,2.565,597.7100219726562,xgboost_feat
APPLE_GALA,FLINK,NL-NB,2026-02-02,2026-02-08,Weekly,,KG,2.7,2.7,589.4445190429688,xgboost_feat
APPLE_GALA,FLINK,NL-NB,2026-02-09,2026-02-15,Weekly,,KG,2.7,2.7,598.6898803710938,xgboost_feat
APPLE_GALA,FLINK,NL-NB,2026-02-16,2026-02-22,Weekly,,KG,2.7,2.7,615.01416015625,xgboost_feat
APPLE_GALA,FLINK,NL-NB,2026-02-23,2026-03-01,Weekly,,KG,2.7,2.7,613.5938110351562,xgboost_feat
APPLE_GALA,FLINK,NL-NB,2026-03-02,2026-03-08,Weekly,,KG,2.7,2.7,625.8927001953125,xgboost_feat
APPLE_GALA,FLINK,NL-NB,2026-03-09,2026-03-15,Weekly,,KG,2.7,2.7,622.6036987304688,xgboost_feat
APPLE_GALA,FLINK,NL-NB,2026-03-16,2026-03-22,Weekly,,KG,2.7,2.7,604.9525756835938,xgboost_feat
APPLE_GALA,FLINK,NL-NB,2026-03-23,2026-03-29,Weekly,,KG,2.7,2.7,604.79541015625,xgboost_feat
APPLE_GALA,FLINK,NL-NB,2026-03-30,2026-04-05,Weekly,,KG,2.7,2.7,631.3141479492188,xgboost_feat
APPLE_GALA,FLINK,NL-NB,2026-04-06,2026-04-12,Weekly,,KG,2.7,2.7,608.0298461914062,xgboost_feat
APPLE_GALA,FLINK,NL-NB,2026-04-13,2026-04-19,Weekly,,KG,2.7,2.7,573.3040161132812,xgboost_feat
APPLE_GALA,FLINK,NL-NB,2026-04-20,2026-04-26,Weekly,,KG,2.7,2.7,599.3431396484375,xgboost_feat
APPLE_GALA,FLINK,NL-NB,2026-04-27,2026-05-03,Weekly,,KG,2.7,2.7,585.9911499023438,xgboost_feat
APPLE_GALA,FLINK,NL-NH,2026-02-02,2026-02-08,Weekly,,KG,2.788,2.788,592.4265747070312,xgboost_feat
APPLE_GALA,FLINK,NL-NH,2026-02-09,2026-02-15,Weekly,,KG,2.788,2.788,563.1575317382812,xgboost_feat
APPLE_GALA,FLINK,NL-NH,2026-02-16,2026-02-22,Weekly,,KG,2.788,2.788,594.2183227539062,xgboost_feat
APPLE_GALA,FLINK,NL-NH,2026-02-23,2026-03-01,Weekly,,KG,2.788,2.788,616.0237426757812,xgboost_feat
APPLE_GALA,FLINK,NL-NH,2026-03-02,2026-03-08,Weekly,,KG,2.788,2.788,633.1226806640625,xgboost_feat
APPLE_GALA,FLINK,NL-NH,2026-03-09,2026-03-15,Weekly,,KG,2.788,2.788,623.9884643554688,xgboost_feat
APPLE_GALA,FLINK,NL-NH,2026-03-16,2026-03-22,Weekly,,KG,2.788,2.788,606.021240234375,xgboost_feat
APPLE_GALA,FLINK,NL-NH,2026-03-23,2026-03-29,Weekly,,KG,2.788,2.788,611.9360961914062,xgboost_feat
APPLE_GALA,FLINK,NL-NH,2026-03-30,2026-04-05,Weekly,,KG,2.788,2.788,610.9163208007812,xgboost_feat
APPLE_GALA,FLINK,NL-NH,2026-04-06,2026-04-12,Weekly,,KG,2.788,2.788,602.8768310546875,xgboost_feat
APPLE_GALA,FLINK,NL-NH,2026-04-13,2026-04-19,Weekly,,KG,2.788,2.788,561.2979125976562,xgboost_feat
APPLE_GALA,FLINK,NL-NH,2026-04-20,2026-04-26,Weekly,,KG,2.788,2.788,603.1969604492188,xgboost_feat
APPLE_GALA,FLINK,NL-NH,2026-04-27,2026-05-03,Weekly,,KG,2.788,2.788,585.7900390625,xgboost_feat
APPLE_GALA,FLINK,NL-ZH,2026-02-02,2026-02-08,Weekly,,KG,2.874,2.874,582.7596435546875,xgboost_feat
APPLE_GALA,FLINK,NL-ZH,2026-02-09,2026-02-15,Weekly,,KG,2.874,2.874,592.0140380859375,xgboost_feat
APPLE_GALA,FLINK,NL-ZH,2026-02-16,2026-02-22,Weekly,,KG,2.874,2.874,592.4561157226562,xgboost_feat
APPLE_GALA,FLINK,NL-ZH,2026-02-23,2026-03-01,Weekly,,KG,2.874,2.874,597.110107421875,xgboost_feat
APPLE_GALA,FLINK,NL-ZH,2026-03-02,2026-03-08,Weekly,,KG,2.874,2.874,617.7596435546875,xgboost_feat
APPLE_GALA,FLINK,NL-ZH,2026-03-09,2026-03-15,Weekly,,KG,2.874,2.874,619.67919921875,xgboost_feat
APPLE_GALA,FLINK,NL-ZH,2026-03-16,2026-03-22,Weekly,,KG,2.874,2.874,606.10205078125,xgboost_feat
APPLE_GALA,FLINK,NL-ZH,2026-03-23,2026-03-29,Weekly,,KG,2.874,2.874,613.713134765625,xgboost_feat
APPLE_GALA,FLINK,NL-ZH,2026-03-30,2026-04-05,Weekly,,KG,2.874,2.874,624.3910522460938,xgboost_feat
APPLE_GALA,FLINK,NL-ZH,2026-04-06,2026-04-12,Weekly,,KG,2.874,2.874,604.8597412109375,xgboost_feat
APPLE_GALA,FLINK,NL-ZH,2026-04-13,2026-04-19,Weekly,,KG,2.874,2.874,584.4381103515625,xgboost_feat
APPLE_GALA,FLINK,NL-ZH,2026-04-20,2026-04-26,Weekly,,KG,2.874,2.874,596.3902587890625,xgboost_feat
APPLE_GALA,FLINK,NL-ZH,2026-04-27,2026-05-03,Weekly,,KG,2.874,2.874,593.162841796875,xgboost_feat
APPLE_GALA,GREENACRES,NL-GE,2026-02-02,2026-02-08,Weekly,,KG,2.688,2.688,586.8013305664062,xgboost_feat
APPLE_GALA,GREENACRES,NL-GE,2026-02-09,2026-02-15,Weekly,,KG,2.688,2.688,588.0462036132812,xgboost_feat
APPLE_GALA,GREENACRES,NL-GE,2026-02-16,2026-02-22,Weekly,,KG,2.688,2.688,592.6272583007812,xgboost_feat
APPLE_GALA,GREENACRES,NL-GE,2026-02-23,2026-03-01,Weekly,,KG,2.688,2.688,597.3587646484375,xgboost_feat
APPLE_GALA,GREENACRES,NL-GE,2026-03-02,2026-03-08,Weekly,,KG,2.688,2.688,618.0415649414062,xgboost_feat
APPLE_GALA,GREENACRES,NL-GE,2026-03-09,2026-03-15,Weekly,,KG,2.688,2.688,644.211181640625,xgboost_feat
APPLE_GALA,GREENACRES,NL-GE,2026-03-16,2026-03-22,Weekly,,KG,2.688,2.688,598.5355834960938,xgboost_feat
APPLE_GALA,GREENACRES,NL-GE,2026-03-23,2026-03-29,Weekly,,KG,2.688,2.688,603.0978393554688,xgboost_feat
APPLE_GALA,GREENACRES,NL-GE,2026-03-30,2026-04-05,Weekly,,KG,2.688,2.688,613.356201171875,xgboost_feat
APPLE_GALA,GREENACRES,NL-GE,2026-04-06,2026-04-12,Weekly,,KG,2.688,2.688,612.3506469726562,xgboost_feat
APPLE_GALA,GREENACRES,NL-GE,2026-04-13,2026-04-19,Weekly,,KG,2.688,2.688,578.212890625,xgboost_feat
APPLE_GALA,GREENACRES,NL-GE,2026-04-20,2026-04-26,Weekly,,KG,2.688,2.688,593.638427734375,xgboost_feat
APPLE_GALA,GREENACRES,NL-GE,2026-04-27,2026-05-03,Weekly,,KG,2.688,2.688,587.4937744140625,xgboost_feat
APPLE_GALA,GREENACRES,NL-NB,2026-02-02,2026-02-08,Weekly,,KG,2.779,2.779,588.5208129882812,xgboost_feat
APPLE_GALA,GREENACRES,NL-NB,2026-02-09,2026-02-15,Weekly,,KG,2.779,2.779,592.2818603515625,xgboost_feat
APPLE_GALA,GREENACRES,NL-NB,2026-02-16,2026-02-22,Weekly,,KG,2.779,2.779,612.9560546875,xgboost_feat
APPLE_GALA,GREENACRES,NL-NB,2026-02-23,2026-03-01,Weekly,,KG,2.779,2.779,611.4500732421875,xgboost_feat
APPLE_GALA,GREENACRES,NL-NB,2026-03-02,2026-03-08,Weekly,,KG,2.779,2.779,628.0930786132812,xgboost_feat
APPLE_GALA,GREENACRES,NL-NB,2026-03-09,2026-03-15,Weekly,,KG,2.779,2.779,622.9135131835938,xgboost_feat
APPLE_GALA,GREENACRES,NL-NB,2026-03-16,2026-03-22,Weekly,,KG,2.779,2.779,604.96875,xgboost_feat
APPLE_GALA,GREENACRES,NL-NB,2026-03-23,2026-03-29,Weekly,,KG,2.779,2.779,605.9790649414062,xgboost_feat
APPLE_GALA,GREENACRES,NL-NB,2026-03-30,2026-04-05,Weekly,,KG,2.779,2.779,631.8458862304688,xgboost_feat
APPLE_GALA,GREENACRES,NL-NB,2026-04-06,2026-04-12,Weekly,,KG,2.779,2.779,608.8601684570312,xgboost_feat
APPLE_GALA,GREENACRES,NL-NB,2026-04-13,2026-04-19,Weekly,,KG,2.779,2.779,569.005859375,xgboost_feat
APPLE_GALA,GREENACRES,NL-NB,2026-04-20,2026-04-26,Weekly,,KG,2.779,2.779,593.201904296875,xgboost_feat
APPLE_GALA,GREENACRES,NL-NB,2026-04-27,2026-05-03,Weekly,,KG,2.779,2.779,578.91845703125,xgboost_feat
APPLE_GALA,GREENACRES,NL-NH,2026-02-02,2026-02-08,Weekly,,KG,2.706,2.706,588.8914184570312,xgboost_feat
APPLE_GALA,GREENACRES,NL-NH,2026-02-09,2026-02-15,Weekly,,KG,2.706,2.706,559.2835693359375,xgboost_feat
APPLE_GALA,GREENACRES,NL-NH,2026-02-16,2026-02-22,Weekly,,KG,2.706,2.706,586.6651000976562,xgboost_feat
APPLE_GALA,GREENACRES,NL-NH,2026-02-23,2026-03-01,Weekly,,KG,2.706,2.706,612.0570678710938,xgboost_feat
APPLE_GALA,GREENACRES,NL-NH,2026-03-02,2026-03-08,Weekly,,KG,2.706,2.706,633.6328125,xgboost_feat
APPLE_GALA,GREENACRES,NL-NH,2026-03-09,2026-03-15,Weekly,,KG,2.706,2.706,627.0115966796875,xgboost_feat
APPLE_GALA,GREENACRES,NL-NH,2026-03-16,2026-03-22,Weekly,,KG,2.706,2.706,607.8250122070312,xgboost_feat
APPLE_GALA,GREENACRES,NL-NH,2026-03-23,2026-03-29,Weekly,,KG,2.706,2.706,612.3955688476562,xgboost_feat
APPLE_GALA,GREENACRES,NL-NH,2026-03-30,2026-04-05,Weekly,,KG,2.706,2.706,611.6111450195312,xgboost_feat
APPLE_GALA,GREENACRES,NL-NH,2026-04-06,2026-04-12,Weekly,,KG,2.706,2.706,602.6056518554688,xgboost_feat
APPLE_GALA,GREENACRES,NL-NH,2026-04-13,2026-04-19,Weekly,,KG,2.706,2.706,558.957275390625,xgboost_feat
APPLE_GALA,GREENACRES,NL-NH,2026-04-20,2026-04-26,Weekly,,KG,2.706,2.706,595.4896850585938,xgboost_feat
APPLE_GALA,GREENACRES,NL-NH,2026-04-27,2026-05-03,Weekly,,KG,2.706,2.706,580.4627685546875,xgboost_feat
APPLE_GALA,GREENACRES,NL-ZH,2026-02-02,2026-02-08,Weekly,,KG,2.807,2.807,583.2207641601562,xgboost_feat
APPLE_GALA,GREENACRES,NL-ZH,2026-02-09,2026-02-15,Weekly,,KG,2.807,2.807,585.8756713867188,xgboost_feat
APPLE_GALA,GREENACRES,NL-ZH,2026-02-16,2026-02-22,Weekly,,KG,2.807,2.807,589.1859741210938,xgboost_feat
APPLE_GALA,GREENACRES,NL-ZH,2026-02-23,2026-03-01,Weekly,,KG,2.807,2.807,610.74169921875,xgboost_feat
APPLE_GALA,GREENACRES,NL-ZH,2026-03-02,2026-03-08,Weekly,,KG,2.807,2.807,620.189453125,xgboost_feat
APPLE_GALA,GREENACRES,NL-ZH,2026-03-09,2026-03-15,Weekly,,KG,2.807,2.807,617.187255859375,xgboost_feat
APPLE_GALA,GREENACRES,NL-ZH,2026-03-16,2026-03-22,Weekly,,KG,2.807,2.807,602.4036865234375,xgboost_feat
APPLE_GALA,GREENACRES,NL-ZH,2026-03-23,2026-03-29,Weekly,,KG,2.807,2.807,605.9185791015625,xgboost_feat
APPLE_GALA,GREENACRES,NL-ZH,2026-03-30,2026-04-05,Weekly,,KG,2.807,2.807,619.0484619140625,xgboost_feat
APPLE_GALA,GREENACRES,NL-ZH,2026-04-06,2026-04-12,Weekly,,KG,2.807,2.807,599.0437622070312,xgboost_feat
APPLE_GALA,GREENACRES,NL-ZH,2026-04-13,2026-04-19,Weekly,,KG,2.807,2.807,575.0369873046875,xgboost_feat
APPLE_GALA,GREENACRES,NL-ZH,2026-04-20,2026-04-26,Weekly,,KG,2.807,2.807,593.3684692382812,xgboost_feat
APPLE_GALA,GREENACRES,NL-ZH,2026-04-27,2026-05-03,Weekly,,KG,2.807,2.807,588.6981201171875,xgboost_feat
APPLE_GALA,HELLOFRESH,NL-GE,2026-02-02,2026-02-08,Weekly,,KG,2.499,2.499,580.9441528320312,xgboost_feat
APPLE_GALA,HELLOFRESH,NL-GE,2026-02-09,2026-02-15,Weekly,,KG,2.499,2.499,593.8649291992188,xgboost_feat
APPLE_GALA,HELLOFRESH,NL-GE,2026-02-16,2026-02-22,Weekly,,KG,2.499,2.499,603.3787841796875,xgboost_feat
APPLE_GALA,HELLOFRESH,NL-GE,2026-02-23,2026-03-01,Weekly,,KG,2.499,2.499,612.7229614257812,xgboost_feat
APPLE_GALA,HELLOFRESH,NL-GE,2026-03-02,2026-03-08,Weekly,,KG,2.499,2.499,629.1203002929688,xgboost_feat
APPLE_GALA,HELLOFRESH,NL-GE,2026-03-09,2026-03-15,Weekly,,KG,2.499,2.499,652.2958374023438,xgboost_feat
APPLE_GALA,HELLOFRESH,NL-GE,2026-03-16,2026-03-22,Weekly,,KG,2.499,2.499,600.3234252929688,xgboost_feat
APPLE_GALA,HELLOFRESH,NL-GE,2026-03-23,2026-03-29,Weekly,,KG,2.499,2.499,602.1646728515625,xgboost_feat
APPLE_GALA,HELLOFRESH,NL-GE,2026-03-30,2026-04-05,Weekly,,KG,2.499,2.499,623.3274536132812,xgboost_feat
APPLE_GALA,HELLOFRESH,NL-GE,2026-04-06,2026-04-12,Weekly,,KG,2.499,2.499,626.075927734375,xgboost_feat
APPLE_GALA,HELLOFRESH,NL-GE,2026-04-13,2026-04-19,Weekly,,KG,2.499,2.499,584.5744018554688,xgboost_feat
APPLE_GALA,HELLOFRESH,NL-GE,2026-04-20,2026-04-26,Weekly,,KG,2.499,2.499,601.88623046875,xgboost_feat
APPLE_GALA,HELLOFRESH,NL-GE,2026-04-27,2026-05-03,Weekly,,KG,2.499,2.499,602.5711059570312,xgboost_feat
APPLE_GALA,HELLOFRESH,NL-NB,2026-02-02,2026-02-08,Weekly,,KG,2.685,2.685,589.3362426757812,xgboost_feat
APPLE_GALA,HELLOFRESH,NL-NB,2026-02-09,2026-02-15,Weekly,,KG,2.685,2.685,598.7675170898438,xgboost_feat
APPLE_GALA,HELLOFRESH,NL-NB,2026-02-16,2026-02-22,Weekly,,KG,2.685,2.685,615.1099243164062,xgboost_feat
APPLE_GALA,HELLOFRESH,NL-NB,2026-02-23,2026-03-01,Weekly,,KG,2.685,2.685,613.5409545898438,xgboost_feat
APPLE_GALA,HELLOFRESH,NL-NB,2026-03-02,2026-03-08,Weekly,,KG,2.685,2.685,627.2088012695312,xgboost_feat
APPLE_GALA,HELLOFRESH,NL-NB,2026-03-09,2026-03-15,Weekly,,KG,2.685,2.685,622.6924438476562,xgboost_feat
APPLE_GALA,HELLOFRESH,NL-NB,2026-03-16,2026-03-22,Weekly,,KG,2.685,2.685,605.0413208007812,xgboost_feat
APPLE_GALA,HELLOFRESH,NL-NB,2026-03-23,2026-03-29,Weekly,,KG,2.685,2.685,604.88427734375,xgboost_feat
APPLE_GALA,HELLOFRESH,NL-NB,2026-03-30,2026-04-05,Weekly,,KG,2.685,2.685,631.2985229492188,xgboost_feat
APPLE_GALA,HELLOFRESH,NL-NB,2026-04-06,2026-04-12,Weekly,,KG,2.685,2.685,608.0143432617188,xgboost_feat
APPLE_GALA,HELLOFRESH,NL-NB,2026-04-13,2026-04-19,Weekly,,KG,2.685,2.685,573.2265014648438,xgboost_feat
APPLE_GALA,HELLOFRESH,NL-NB,2026-04-20,2026-04-26,Weekly,,KG,2.685,2.685,599.6217041015625,xgboost_feat
APPLE_GALA,HELLOFRESH,NL-NB,2026-04-27,2026-05-03,Weekly,,KG,2.685,2.685,582.9384155273438,xgboost_feat
APPLE_GALA,HELLOFRESH,NL-NH,2026-02-02,2026-02-08,Weekly,,KG,2.777,2.777,585.5758666992188,xgboost_feat
APPLE_GALA,HELLOFRESH,NL-NH,2026-02-09,2026-02-15,Weekly,,KG,2.777,2.777,563.708740234375,xgboost_feat
APPLE_GALA,HELLOFRESH,NL-NH,2026-02-16,2026-02-22,Weekly,,KG,2.777,2.777,593.7389526367188,xgboost_feat
APPLE_GALA,HELLOFRESH,NL-NH,2026-02-23,2026-03-01,Weekly,,KG,2.777,2.777,616.2079467773438,xgboost_feat
APPLE_GALA,HELLOFRESH,NL-NH,2026-03-02,2026-03-08,Weekly,,KG,2.777,2.777,639.079345703125,xgboost_feat
APPLE_GALA,HELLOFRESH,NL-NH,2026-03-09,2026-03-15,Weekly,,KG,2.777,2.777,623.9844970703125,xgboost_feat
APPLE_GALA,HELLOFRESH,NL-NH,2026-03-16,2026-03-22,Weekly,,KG,2.777,2.777,606.020263671875,xgboost_feat
APPLE_GALA,HELLOFRESH,NL-NH,2026-03-23,2026-03-29,Weekly,,KG,2.777,2.777,612.6331176757812,xgboost_feat
APPLE_GALA,HELLOFRESH,NL-NH,2026-03-30,2026-04-05,Weekly,,KG,2.777,2.777,611.8450927734375,xgboost_feat
APPLE_GALA,HELLOFRESH,NL-NH,2026-04-06,2026-04-12,Weekly,,KG,2.777,2.777,602.88232421875,xgboost_feat
APPLE_GALA,HELLOFRESH,NL-NH,2026-04-13,2026-04-19,Weekly,,KG,2.777,2.777,561.5740356445312,xgboost_feat
APPLE_GALA,HELLOFRESH,NL-NH,2026-04-20,2026-04-26,Weekly,,KG,2.777,2.777,602.8594970703125,xgboost_feat
APPLE_GALA,HELLOFRESH,NL-NH,2026-04-27,2026-05-03,Weekly,,KG,2.777,2.777,588.5447998046875,xgboost_feat
APPLE_GALA,HELLOFRESH,NL-ZH,2026-02-02,2026-02-08,Weekly,,KG,2.798,2.798,582.7507934570312,xgboost_feat
APPLE_GALA,HELLOFRESH,NL-ZH,2026-02-09,2026-02-15,Weekly,,KG,2.798,2.798,590.9674072265625,xgboost_feat
APPLE_GALA,HELLOFRESH,NL-ZH,2026-02-16,2026-02-22,Weekly,,KG,2.798,2.798,592.3324584960938,xgboost_feat
APPLE_GALA,HELLOFRESH,NL-ZH,2026-02-23,2026-03-01,Weekly,,KG,2.798,2.798,597.7203369140625,xgboost_feat
APPLE_GALA,HELLOFRESH,NL-ZH,2026-03-02,2026-03-08,Weekly,,KG,2.798,2.798,617.7596435546875,xgboost_feat
APPLE_GALA,HELLOFRESH,NL-ZH,2026-03-09,2026-03-15,Weekly,,KG,2.798,2.798,619.67919921875,xgboost_feat
APPLE_GALA,HELLOFRESH,NL-ZH,2026-03-16,2026-03-22,Weekly,,KG,2.798,2.798,606.10205078125,xgboost_feat
APPLE_GALA,HELLOFRESH,NL-ZH,2026-03-23,2026-03-29,Weekly,,KG,2.798,2.798,613.713134765625,xgboost_feat
APPLE_GALA,HELLOFRESH,NL-ZH,2026-03-30,2026-04-05,Weekly,,KG,2.798,2.798,624.3910522460938,xgboost_feat
APPLE_GALA,HELLOFRESH,NL-ZH,2026-04-06,2026-04-12,Weekly,,KG,2.798,2.798,604.8597412109375,xgboost_feat
APPLE_GALA,HELLOFRESH,NL-ZH,2026-04-13,2026-04-19,Weekly,,KG,2.798,2.798,584.4381103515625,xgboost_feat
APPLE_GALA,HELLOFRESH,NL-ZH,2026-04-20,2026-04-26,Weekly,,KG,2.798,2.798,596.6531982421875,xgboost_feat
APPLE_GALA,HELLOFRESH,NL-ZH,2026-04-27,2026-05-03,Weekly,,KG,2.798,2.798,588.7337036132812,xgboost_feat
APPLE_GALA,HOLLANDFOODSERVICE,NL-GE,2026-02-02,2026-02-08,Weekly,,KG,2.583,2.583,578.1422729492188,xgboost_feat
APPLE_GALA,HOLLANDFOODSERVICE,NL-GE,2026-02-09,2026-02-15,Weekly,,KG,2.583,2.583,589.3460693359375,xgboost_feat
APPLE_GALA,HOLLANDFOODSERVICE,NL-GE,2026-02-16,2026-02-22,Weekly,,KG,2.583,2.583,598.014892578125,xgboost_feat
APPLE_GALA,HOLLANDFOODSERVICE,NL-GE,2026-02-23,2026-03-01,Weekly,,KG,2.583,2.583,604.8980102539062,xgboost_feat
APPLE_GALA,HOLLANDFOODSERVICE,NL-GE,2026-03-02,2026-03-08,Weekly,,KG,2.583,2.583,623.2962036132812,xgboost_feat
APPLE_GALA,HOLLANDFOODSERVICE,NL-GE,2026-03-09,2026-03-15,Weekly,,KG,2.583,2.583,650.6649169921875,xgboost_feat
APPLE_GALA,HOLLANDFOODSERVICE,NL-GE,2026-03-16,2026-03-22,Weekly,,KG,2.583,2.583,598.3480834960938,xgboost_feat
APPLE_GALA,HOLLANDFOODSERVICE,NL-GE,2026-03-23,2026-03-29,Weekly,,KG,2.583,2.583,601.8017578125,xgboost_feat
APPLE_GALA,HOLLANDFOODSERVICE,NL-GE,2026-03-30,2026-04-05,Weekly,,KG,2.583,2.583,617.9443969726562,xgboost_feat
APPLE_GALA,HOLLANDFOODSERVICE,NL-GE,2026-04-06,2026-04-12,Weekly,,KG,2.583,2.583,619.4986572265625,xgboost_feat
APPLE_GALA,HOLLANDFOODSERVICE,NL-GE,2026-04-13,2026-04-19,Weekly,,KG,2.583,2.583,576.5986328125,xgboost_feat
APPLE_GALA,HOLLANDFOODSERVICE,NL-GE,2026-04-20,2026-04-26,Weekly,,KG,2.583,2.583,592.2463989257812,xgboost_feat
APPLE_GALA,HOLLANDFOODSERVICE,NL-GE,2026-04-27,2026-05-03,Weekly,,KG,2.583,2.583,596.2117919921875,xgboost_feat
APPLE_GALA,HOLLANDFOODSERVICE,NL-NB,2026-02-02,2026-02-08,Weekly,,KG,2.622,2.622,593.5300903320312,xgboost_feat
APPLE_GALA,HOLLANDFOODSERVICE,NL-NB,2026-02-09,2026-02-15,Weekly,,KG,2.622,2.622,597.5628662109375,xgboost_feat
APPLE_GALA,HOLLANDFOODSERVICE,NL-NB,2026-02-16,2026-02-22,Weekly,,KG,2.622,2.622,616.3414306640625,xgboost_feat
APPLE_GALA,HOLLANDFOODSERVICE,NL-NB,2026-02-23,2026-03-01,Weekly,,KG,2.622,2.622,618.8726196289062,xgboost_feat
APPLE_GALA,HOLLANDFOODSERVICE,NL-NB,2026-03-02,2026-03-08,Weekly,,KG,2.622,2.622,625.8771362304688,xgboost_feat
APPLE_GALA,HOLLANDFOODSERVICE,NL-NB,2026-03-09,2026-03-15,Weekly,,KG,2.622,2.622,622.6215209960938,xgboost_feat
APPLE_GALA,HOLLANDFOODSERVICE,NL-NB,2026-03-16,2026-03-22,Weekly,,KG,2.622,2.622,603.4651489257812,xgboost_feat
APPLE_GALA,HOLLANDFOODSERVICE,NL-NB,2026-03-23,2026-03-29,Weekly,,KG,2.622,2.622,603.8568725585938,xgboost_feat
APPLE_GALA,HOLLANDFOODSERVICE,NL-NB,2026-03-30,2026-04-05,Weekly,,KG,2.622,2.622,636.3306274414062,xgboost_feat
APPLE_GALA,HOLLANDFOODSERVICE,NL-NB,2026-04-06,2026-04-12,Weekly,,KG,2.622,2.622,610.6948852539062,xgboost_feat
APPLE_GALA,HOLLANDFOODSERVICE,NL-NB,2026-04-13,2026-04-19,Weekly,,KG,2.622,2.622,572.9241333007812,xgboost_feat
APPLE_GALA,HOLLANDFOODSERVICE,NL-NB,2026-04-20,2026-04-26,Weekly,,KG,2.622,2.622,592.177490234375,xgboost_feat
APPLE_GALA,HOLLANDFOODSERVICE,NL-NB,2026-04-27,2026-05-03,Weekly,,KG,2.622,2.622,580.6387329101562,xgboost_feat
APPLE_GALA,HOLLANDFOODSERVICE,NL-NH,2026-02-02,2026-02-08,Weekly,,KG,2.744,2.744,588.9224853515625,xgboost_feat
APPLE_GALA,HOLLANDFOODSERVICE,NL-NH,2026-02-09,2026-02-15,Weekly,,KG,2.744,2.744,558.6450805664062,xgboost_feat
APPLE_GALA,HOLLANDFOODSERVICE,NL-NH,2026-02-16,2026-02-22,Weekly,,KG,2.744,2.744,592.3033447265625,xgboost_feat
APPLE_GALA,HOLLANDFOODSERVICE,NL-NH,2026-02-23,2026-03-01,Weekly,,KG,2.744,2.744,615.9974975585938,xgboost_feat
APPLE_GALA,HOLLANDFOODSERVICE,NL-NH,2026-03-02,2026-03-08,Weekly,,KG,2.744,2.744,634.400390625,xgboost_feat
APPLE_GALA,HOLLANDFOODSERVICE,NL-NH,2026-03-09,2026-03-15,Weekly,,KG,2.744,2.744,625.017822265625,xgboost_feat
APPLE_GALA,HOLLANDFOODSERVICE,NL-NH,2026-03-16,2026-03-22,Weekly,,KG,2.744,2.744,606.0963134765625,xgboost_feat
APPLE_GALA,HOLLANDFOODSERVICE,NL-NH,2026-03-23,2026-03-29,Weekly,,KG,2.744,2.744,615.0039672851562,xgboost_feat
APPLE_GALA,HOLLANDFOODSERVICE,NL-NH,2026-03-30,2026-04-05,Weekly,,KG,2.744,2.744,611.85791015625,xgboost_feat
APPLE_GALA,HOLLANDFOODSERVICE,NL-NH,2026-04-06,2026-04-12,Weekly,,KG,2.744,2.744,603.0313110351562,xgboost_feat
APPLE_GALA,HOLLANDFOODSERVICE,NL-NH,2026-04-13,2026-04-19,Weekly,,KG,2.744,2.744,558.03662109375,xgboost_feat
APPLE_GALA,HOLLANDFOODSERVICE,NL-NH,2026-04-20,2026-04-26,Weekly,,KG,2.744,2.744,598.2774047851562,xgboost_feat
APPLE_GALA,HOLLANDFOODSERVICE,NL-NH,2026-04-27,2026-05-03,Weekly,,KG,2.744,2.744,580.7578125,xgboost_feat
APPLE_GALA,HOLLANDFOODSERVICE,NL-ZH,2026-02-02,2026-02-08,Weekly,,KG,2.935,2.935,575.8970947265625,xgboost_feat
APPLE_GALA,HOLLANDFOODSERVICE,NL-ZH,2026-02-09,2026-02-15,Weekly,,KG,2.935,2.935,582.3792724609375,xgboost_feat
APPLE_GALA,HOLLANDFOODSERVICE,NL-ZH,2026-02-16,2026-02-22,Weekly,,KG,2.935,2.935,582.509765625,xgboost_feat
APPLE_GALA,HOLLANDFOODSERVICE,NL-ZH,2026-02-23,2026-03-01,Weekly,,KG,2.935,2.935,592.583984375,xgboost_feat
APPLE_GALA,HOLLANDFOODSERVICE,NL-ZH,2026-03-02,2026-03-08,Weekly,,KG,2.935,2.935,612.832275390625,xgboost_feat
APPLE_GALA,HOLLANDFOODSERVICE,NL-ZH,2026-03-09,2026-03-15,Weekly,,KG,2.935,2.935,618.0638427734375,xgboost_feat
APPLE_GALA,HOLLANDFOODSERVICE,NL-ZH,2026-03-16,2026-03-22,Weekly,,KG,2.935,2.935,602.8023681640625,xgboost_feat
APPLE_GALA,HOLLANDFOODSERVICE,NL-ZH,2026-03-23,2026-03-29,Weekly,,KG,2.935,2.935,603.4837646484375,xgboost_feat
APPLE_GALA,HOLLANDFOODSERVICE,NL-ZH,2026-03-30,2026-04-05,Weekly,,KG,2.935,2.935,617.86865234375,xgboost_feat
APPLE_GALA,HOLLANDFOODSERVICE,NL-ZH,2026-04-06,2026-04-12,Weekly,,KG,2.935,2.935,599.0271606445312,xgboost_feat
APPLE_GALA,HOLLANDFOODSERVICE,NL-ZH,2026-04-13,2026-04-19,Weekly,,KG,2.935,2.935,574.9053955078125,xgboost_feat
APPLE_GALA,HOLLANDFOODSERVICE,NL-ZH,2026-04-20,2026-04-26,Weekly,,KG,2.935,2.935,593.5375366210938,xgboost_feat
APPLE_GALA,HOLLANDFOODSERVICE,NL-ZH,2026-04-27,2026-05-03,Weekly,,KG,2.935,2.935,590.6893310546875,xgboost_feat
APPLE_GALA,JUMBO,NL-GE,2026-02-02,2026-02-08,Weekly,,KG,2.566,2.566,653.2682495117188,xgboost_feat
APPLE_GALA,JUMBO,NL-GE,2026-02-09,2026-02-15,Weekly,,KG,2.566,2.566,727.6146850585938,xgboost_feat
APPLE_GALA,JUMBO,NL-GE,2026-02-16,2026-02-22,Weekly,,KG,2.566,2.566,769.7525634765625,xgboost_feat
APPLE_GALA,JUMBO,NL-GE,2026-02-23,2026-03-01,Weekly,,KG,2.566,2.566,765.9379272460938,xgboost_feat
APPLE_GALA,JUMBO,NL-GE,2026-03-02,2026-03-08,Weekly,,KG,2.566,2.566,753.9557495117188,xgboost_feat
APPLE_GALA,JUMBO,NL-GE,2026-03-09,2026-03-15,Weekly,,KG,2.566,2.566,750.6287231445312,xgboost_feat
APPLE_GALA,JUMBO,NL-GE,2026-03-16,2026-03-22,Weekly,,KG,2.566,2.566,718.5474853515625,xgboost_feat
APPLE_GALA,JUMBO,NL-GE,2026-03-23,2026-03-29,Weekly,,KG,2.566,2.566,717.0704345703125,xgboost_feat
APPLE_GALA,JUMBO,NL-GE,2026-03-30,2026-04-05,Weekly,,KG,2.566,2.566,730.6475830078125,xgboost_feat
APPLE_GALA,JUMBO,NL-GE,2026-04-06,2026-04-12,Weekly,,KG,2.566,2.566,712.4915771484375,xgboost_feat
APPLE_GALA,JUMBO,NL-GE,2026-04-13,2026-04-19,Weekly,,KG,2.566,2.566,674.9346313476562,xgboost_feat
APPLE_GALA,JUMBO,NL-GE,2026-04-20,2026-04-26,Weekly,,KG,2.566,2.566,676.518310546875,xgboost_feat
APPLE_GALA,JUMBO,NL-GE,2026-04-27,2026-05-03,Weekly,,KG,2.566,2.566,675.8838500976562,xgboost_feat
APPLE_GALA,JUMBO,NL-NB,2026-02-02,2026-02-08,Weekly,,KG,2.37745,2.797,781.6781616210938,xgboost_feat
APPLE_GALA,JUMBO,NL-NB,2026-02-09,2026-02-15,Weekly,,KG,2.37745,2.797,764.2740478515625,xgboost_feat
APPLE_GALA,JUMBO,NL-NB,2026-02-16,2026-02-22,Weekly,,KG,2.797,2.797,688.316162109375,xgboost_feat
APPLE_GALA,JUMBO,NL-NB,2026-02-23,2026-03-01,Weekly,,KG,2.797,2.797,678.7028198242188,xgboost_feat
APPLE_GALA,JUMBO,NL-NB,2026-03-02,2026-03-08,Weekly,,KG,2.797,2.797,688.3047485351562,xgboost_feat
APPLE_GALA,JUMBO,NL-NB,2026-03-09,2026-03-15,Weekly,,KG,2.797,2.797,664.4558715820312,xgboost_feat
APPLE_GALA,JUMBO,NL-NB,2026-03-16,2026-03-22,Weekly,,KG,2.797,2.797,651.9479370117188,xgboost_feat
APPLE_GALA,JUMBO,NL-NB,2026-03-23,2026-03-29,Weekly,,KG,2.797,2.797,648.9561157226562,xgboost_feat
APPLE_GALA,JUMBO,NL-NB,2026-03-30,2026-04-05,Weekly,,KG,2.797,2.797,689.792236328125,xgboost_feat
APPLE_GALA,JUMBO,NL-NB,2026-04-06,2026-04-12,Weekly,,KG,2.797,2.797,657.2821044921875,xgboost_feat
APPLE_GALA,JUMBO,NL-NB,2026-04-13,2026-04-19,Weekly,,KG,2.797,2.797,623.1136474609375,xgboost_feat
APPLE_GALA,JUMBO,NL-NB,2026-04-20,2026-04-26,Weekly,,KG,2.797,2.797,652.8234252929688,xgboost_feat
APPLE_GALA,JUMBO,NL-NB,2026-04-27,2026-05-03,Weekly,,KG,2.797,2.797,631.489501953125,xgboost_feat
APPLE_GALA,JUMBO,NL-NH,2026-02-02,2026-02-08,Weekly,,KG,2.792,2.792,671.9087524414062,xgboost_feat
APPLE_GALA,JUMBO,NL-NH,2026-02-09,2026-02-15,Weekly,,KG,2.792,2.792,628.5548095703125,xgboost_feat
APPLE_GALA,JUMBO,NL-NH,2026-02-16,2026-02-22,Weekly,,KG,2.792,2.792,689.4937133789062,xgboost_feat
APPLE_GALA,JUMBO,NL-NH,2026-02-23,2026-03-01,Weekly,,KG,2.792,2.792,659.4251708984375,xgboost_feat
APPLE_GALA,JUMBO,NL-NH,2026-03-02,2026-03-08,Weekly,,KG,2.792,2.792,656.8203735351562,xgboost_feat
APPLE_GALA,JUMBO,NL-NH,2026-03-09,2026-03-15,Weekly,,KG,2.792,2.792,635.9907836914062,xgboost_feat
APPLE_GALA,JUMBO,NL-NH,2026-03-16,2026-03-22,Weekly,,KG,2.792,2.792,666.2640380859375,xgboost_feat
APPLE_GALA,JUMBO,NL-NH,2026-03-23,2026-03-29,Weekly,,KG,2.792,2.792,662.8856201171875,xgboost_feat
APPLE_GALA,JUMBO,NL-NH,2026-03-30,2026-04-05,Weekly,,KG,2.792,2.792,659.2210693359375,xgboost_feat
APPLE_GALA,JUMBO,NL-NH,2026-04-06,2026-04-12,Weekly,,KG,2.792,2.792,637.6478881835938,xgboost_feat
APPLE_GALA,JUMBO,NL-NH,2026-04-13,2026-04-19,Weekly,,KG,2.792,2.792,620.1253051757812,xgboost_feat
APPLE_GALA,JUMBO,NL-NH,2026-04-20,2026-04-26,Weekly,,KG,2.792,2.792,597.5776977539062,xgboost_feat
APPLE_GALA,JUMBO,NL-NH,2026-04-27,2026-05-03,Weekly,,KG,2.792,2.792,581.7877197265625,xgboost_feat
APPLE_GALA,JUMBO,NL-ZH,2026-02-02,2026-02-08,Weekly,,KG,2.78,2.78,679.4630737304688,xgboost_feat
APPLE_GALA,JUMBO,NL-ZH,2026-02-09,2026-02-15,Weekly,,KG,2.78,2.78,660.466552734375,xgboost_feat
APPLE_GALA,JUMBO,NL-ZH,2026-02-16,2026-02-22,Weekly,,KG,2.78,2.78,693.842041015625,xgboost_feat
APPLE_GALA,JUMBO,NL-ZH,2026-02-23,2026-03-01,Weekly,,KG,2.78,2.78,658.2537231445312,xgboost_feat
APPLE_GALA,JUMBO,NL-ZH,2026-03-02,2026-03-08,Weekly,,KG,2.78,2.78,648.2322387695312,xgboost_feat
APPLE_GALA,JUMBO,NL-ZH,2026-03-09,2026-03-15,Weekly,,KG,2.78,2.78,631.376953125,xgboost_feat
APPLE_GALA,JUMBO,NL-ZH,2026-03-16,2026-03-22,Weekly,,KG,2.78,2.78,626.3429565429688,xgboost_feat
APPLE_GALA,JUMBO,NL-ZH,2026-03-23,2026-03-29,Weekly,,KG,2.78,2.78,591.683349609375,xgboost_feat
APPLE_GALA,JUMBO,NL-ZH,2026-03-30,2026-04-05,Weekly,,KG,2.78,2.78,618.5515747070312,xgboost_feat
APPLE_GALA,JUMBO,NL-ZH,2026-04-06,2026-04-12,Weekly,,KG,2.78,2.78,598.3265991210938,xgboost_feat
APPLE_GALA,JUMBO,NL-ZH,2026-04-13,2026-04-19,Weekly,,KG,2.78,2.78,589.3062133789062,xgboost_feat
APPLE_GALA,JUMBO,NL-ZH,2026-04-20,2026-04-26,Weekly,,KG,2.78,2.78,603.3001098632812,xgboost_feat
APPLE_GALA,JUMBO,NL-ZH,2026-04-27,2026-05-03,Weekly,,KG,2.78,2.78,589.1250610351562,xgboost_feat
APPLE_GALA,MELEDI,NL-GE,2026-02-02,2026-02-08,Weekly,,KG,2.477,2.477,579.25390625,xgboost_feat
APPLE_GALA,MELEDI,NL-GE,2026-02-09,2026-02-15,Weekly,,KG,2.477,2.477,589.3353881835938,xgboost_feat
APPLE_GALA,MELEDI,NL-GE,2026-02-16,2026-02-22,Weekly,,KG,2.477,2.477,600.8807373046875,xgboost_feat
APPLE_GALA,MELEDI,NL-GE,2026-02-23,2026-03-01,Weekly,,KG,2.477,2.477,613.3257446289062,xgboost_feat
APPLE_GALA,MELEDI,NL-GE,2026-03-02,2026-03-08,Weekly,,KG,2.477,2.477,629.0680541992188,xgboost_feat
APPLE_GALA,MELEDI,NL-GE,2026-03-09,2026-03-15,Weekly,,KG,2.477,2.477,653.2865600585938,xgboost_feat
APPLE_GALA,MELEDI,NL-GE,2026-03-16,2026-03-22,Weekly,,KG,2.477,2.477,599.8292846679688,xgboost_feat
APPLE_GALA,MELEDI,NL-GE,2026-03-23,2026-03-29,Weekly,,KG,2.477,2.477,601.627197265625,xgboost_feat
APPLE_GALA,MELEDI,NL-GE,2026-03-30,2026-04-05,Weekly,,KG,2.477,2.477,622.9708251953125,xgboost_feat
APPLE_GALA,MELEDI,NL-GE,2026-04-06,2026-04-12,Weekly,,KG,2.477,2.477,625.5068969726562,xgboost_feat
APPLE_GALA,MELEDI,NL-GE,2026-04-13,2026-04-19,Weekly,,KG,2.477,2.477,585.2447509765625,xgboost_feat
APPLE_GALA,MELEDI,NL-GE,2026-04-20,2026-04-26,Weekly,,KG,2.477,2.477,599.1713256835938,xgboost_feat
APPLE_GALA,MELEDI,NL-GE,2026-04-27,2026-05-03,Weekly,,KG,2.477,2.477,594.069091796875,xgboost_feat
APPLE_GALA,MELEDI,NL-NB,2026-02-02,2026-02-08,Weekly,,KG,2.679,2.679,589.4202880859375,xgboost_feat
APPLE_GALA,MELEDI,NL-NB,2026-02-09,2026-02-15,Weekly,,KG,2.679,2.679,592.6917724609375,xgboost_feat
APPLE_GALA,MELEDI,NL-NB,2026-02-16,2026-02-22,Weekly,,KG,2.679,2.679,614.2149047851562,xgboost_feat
APPLE_GALA,MELEDI,NL-NB,2026-02-23,2026-03-01,Weekly,,KG,2.679,2.679,607.203857421875,xgboost_feat
APPLE_GALA,MELEDI,NL-NB,2026-03-02,2026-03-08,Weekly,,KG,2.679,2.679,625.270751953125,xgboost_feat
APPLE_GALA,MELEDI,NL-NB,2026-03-09,2026-03-15,Weekly,,KG,2.679,2.679,623.9124755859375,xgboost_feat
APPLE_GALA,MELEDI,NL-NB,2026-03-16,2026-03-22,Weekly,,KG,2.679,2.679,605.9503173828125,xgboost_feat
APPLE_GALA,MELEDI,NL-NB,2026-03-23,2026-03-29,Weekly,,KG,2.679,2.679,611.0595092773438,xgboost_feat
APPLE_GALA,MELEDI,NL-NB,2026-03-30,2026-04-05,Weekly,,KG,2.679,2.679,632.2964477539062,xgboost_feat
APPLE_GALA,MELEDI,NL-NB,2026-04-06,2026-04-12,Weekly,,KG,2.679,2.679,608.8970336914062,xgboost_feat
APPLE_GALA,MELEDI,NL-NB,2026-04-13,2026-04-19,Weekly,,KG,2.679,2.679,568.5400390625,xgboost_feat
APPLE_GALA,MELEDI,NL-NB,2026-04-20,2026-04-26,Weekly,,KG,2.679,2.679,594.1060180664062,xgboost_feat
APPLE_GALA,MELEDI,NL-NB,2026-04-27,2026-05-03,Weekly,,KG,2.679,2.679,580.243896484375,xgboost_feat
APPLE_GALA,MELEDI,NL-NH,2026-02-02,2026-02-08,Weekly,,KG,2.735,2.735,580.7717895507812,xgboost_feat
APPLE_GALA,MELEDI,NL-NH,2026-02-09,2026-02-15,Weekly,,KG,2.735,2.735,558.9749755859375,xgboost_feat
APPLE_GALA,MELEDI,NL-NH,2026-02-16,2026-02-22,Weekly,,KG,2.735,2.735,583.7481079101562,xgboost_feat
APPLE_GALA,MELEDI,NL-NH,2026-02-23,2026-03-01,Weekly,,KG,2.735,2.735,612.1312255859375,xgboost_feat
APPLE_GALA,MELEDI,NL-NH,2026-03-02,2026-03-08,Weekly,,KG,2.735,2.735,638.4019775390625,xgboost_feat
APPLE_GALA,MELEDI,NL-NH,2026-03-09,2026-03-15,Weekly,,KG,2.735,2.735,624.0430297851562,xgboost_feat
APPLE_GALA,MELEDI,NL-NH,2026-03-16,2026-03-22,Weekly,,KG,2.735,2.735,607.9015502929688,xgboost_feat
APPLE_GALA,MELEDI,NL-NH,2026-03-23,2026-03-29,Weekly,,KG,2.735,2.735,612.8577270507812,xgboost_feat
APPLE_GALA,MELEDI,NL-NH,2026-03-30,2026-04-05,Weekly,,KG,2.735,2.735,611.0985107421875,xgboost_feat
APPLE_GALA,MELEDI,NL-NH,2026-04-06,2026-04-12,Weekly,,KG,2.735,2.735,602.2025756835938,xgboost_feat
APPLE_GALA,MELEDI,NL-NH,2026-04-13,2026-04-19,Weekly,,KG,2.735,2.735,555.7202758789062,xgboost_feat
APPLE_GALA,MELEDI,NL-NH,2026-04-20,2026-04-26,Weekly,,KG,2.735,2.735,600.0203857421875,xgboost_feat
APPLE_GALA,MELEDI,NL-NH,2026-04-27,2026-05-03,Weekly,,KG,2.735,2.735,582.2590942382812,xgboost_feat
APPLE_GALA,MELEDI,NL-ZH,2026-02-02,2026-02-08,Weekly,,KG,2.855,2.855,577.8631591796875,xgboost_feat
APPLE_GALA,MELEDI,NL-ZH,2026-02-09,2026-02-15,Weekly,,KG,2.855,2.855,587.1513671875,xgboost_feat
APPLE_GALA,MELEDI,NL-ZH,2026-02-16,2026-02-22,Weekly,,KG,2.855,2.855,582.6256103515625,xgboost_feat
APPLE_GALA,MELEDI,NL-ZH,2026-02-23,2026-03-01,Weekly,,KG,2.855,2.855,592.407958984375,xgboost_feat
APPLE_GALA,MELEDI,NL-ZH,2026-03-02,2026-03-08,Weekly,,KG,2.855,2.855,613.9956665039062,xgboost_feat
APPLE_GALA,MELEDI,NL-ZH,2026-03-09,2026-03-15,Weekly,,KG,2.855,2.855,624.8231811523438,xgboost_feat
APPLE_GALA,MELEDI,NL-ZH,2026-03-16,2026-03-22,Weekly,,KG,2.855,2.855,607.0750122070312,xgboost_feat
APPLE_GALA,MELEDI,NL-ZH,2026-03-23,2026-03-29,Weekly,,KG,2.855,2.855,613.91064453125,xgboost_feat
APPLE_GALA,MELEDI,NL-ZH,2026-03-30,2026-04-05,Weekly,,KG,2.855,2.855,624.8212280273438,xgboost_feat
APPLE_GALA,MELEDI,NL-ZH,2026-04-06,2026-04-12,Weekly,,KG,2.855,2.855,603.4793701171875,xgboost_feat
APPLE_GALA,MELEDI,NL-ZH,2026-04-13,2026-04-19,Weekly,,KG,2.855,2.855,577.2359008789062,xgboost_feat
APPLE_GALA,MELEDI,NL-ZH,2026-04-20,2026-04-26,Weekly,,KG,2.855,2.855,592.809326171875,xgboost_feat
APPLE_GALA,MELEDI,NL-ZH,2026-04-27,2026-05-03,Weekly,,KG,2.855,2.855,590.4315795898438,xgboost_feat
APPLE_GALA,PICNIC,NL-GE,2026-02-02,2026-02-08,Weekly,,KG,2.727,2.727,584.8935546875,xgboost_feat
APPLE_GALA,PICNIC,NL-GE,2026-02-09,2026-02-15,Weekly,,KG,2.727,2.727,591.6047973632812,xgboost_feat
APPLE_GALA,PICNIC,NL-GE,2026-02-16,2026-02-22,Weekly,,KG,2.727,2.727,594.7091674804688,xgboost_feat
APPLE_GALA,PICNIC,NL-GE,2026-02-23,2026-03-01,Weekly,,KG,2.727,2.727,598.7116088867188,xgboost_feat
APPLE_GALA,PICNIC,NL-GE,2026-03-02,2026-03-08,Weekly,,KG,2.727,2.727,617.7484741210938,xgboost_feat
APPLE_GALA,PICNIC,NL-GE,2026-03-09,2026-03-15,Weekly,,KG,2.727,2.727,643.5722045898438,xgboost_feat
APPLE_GALA,PICNIC,NL-GE,2026-03-16,2026-03-22,Weekly,,KG,2.727,2.727,598.4489135742188,xgboost_feat
APPLE_GALA,PICNIC,NL-GE,2026-03-23,2026-03-29,Weekly,,KG,2.727,2.727,603.0111694335938,xgboost_feat
APPLE_GALA,PICNIC,NL-GE,2026-03-30,2026-04-05,Weekly,,KG,2.727,2.727,613.27392578125,xgboost_feat
APPLE_GALA,PICNIC,NL-GE,2026-04-06,2026-04-12,Weekly,,KG,2.727,2.727,612.074462890625,xgboost_feat
APPLE_GALA,PICNIC,NL-GE,2026-04-13,2026-04-19,Weekly,,KG,2.727,2.727,581.1073608398438,xgboost_feat
APPLE_GALA,PICNIC,NL-GE,2026-04-20,2026-04-26,Weekly,,KG,2.727,2.727,599.4910888671875,xgboost_feat
APPLE_GALA,PICNIC,NL-GE,2026-04-27,2026-05-03,Weekly,,KG,2.727,2.727,591.9371337890625,xgboost_feat
APPLE_GALA,PICNIC,NL-NB,2026-02-02,2026-02-08,Weekly,,KG,2.628,2.628,593.4642944335938,xgboost_feat
APPLE_GALA,PICNIC,NL-NB,2026-02-09,2026-02-15,Weekly,,KG,2.628,2.628,601.2464599609375,xgboost_feat
APPLE_GALA,PICNIC,NL-NB,2026-02-16,2026-02-22,Weekly,,KG,2.628,2.628,622.8113403320312,xgboost_feat
APPLE_GALA,PICNIC,NL-NB,2026-02-23,2026-03-01,Weekly,,KG,2.628,2.628,616.6812744140625,xgboost_feat
APPLE_GALA,PICNIC,NL-NB,2026-03-02,2026-03-08,Weekly,,KG,2.628,2.628,625.1907348632812,xgboost_feat
APPLE_GALA,PICNIC,NL-NB,2026-03-09,2026-03-15,Weekly,,KG,2.628,2.628,621.1754760742188,xgboost_feat
APPLE_GALA,PICNIC,NL-NB,2026-03-16,2026-03-22,Weekly,,KG,2.628,2.628,604.5150146484375,xgboost_feat
APPLE_GALA,PICNIC,NL-NB,2026-03-23,2026-03-29,Weekly,,KG,2.628,2.628,603.6416015625,xgboost_feat
APPLE_GALA,PICNIC,NL-NB,2026-03-30,2026-04-05,Weekly,,KG,2.628,2.628,636.0641479492188,xgboost_feat
APPLE_GALA,PICNIC,NL-NB,2026-04-06,2026-04-12,Weekly,,KG,2.628,2.628,610.5538940429688,xgboost_feat
APPLE_GALA,PICNIC,NL-NB,2026-04-13,2026-04-19,Weekly,,KG,2.628,2.628,572.0161743164062,xgboost_feat
APPLE_GALA,PICNIC,NL-NB,2026-04-20,2026-04-26,Weekly,,KG,2.628,2.628,598.09228515625,xgboost_feat
APPLE_GALA,PICNIC,NL-NB,2026-04-27,2026-05-03,Weekly,,KG,2.628,2.628,587.7356567382812,xgboost_feat
APPLE_GALA,PICNIC,NL-NH,2026-02-02,2026-02-08,Weekly,,KG,2.686,2.686,588.684814453125,xgboost_feat
APPLE_GALA,PICNIC,NL-NH,2026-02-09,2026-02-15,Weekly,,KG,2.686,2.686,563.3474731445312,xgboost_feat
APPLE_GALA,PICNIC,NL-NH,2026-02-16,2026-02-22,Weekly,,KG,2.686,2.686,594.7125854492188,xgboost_feat
APPLE_GALA,PICNIC,NL-NH,2026-02-23,2026-03-01,Weekly,,KG,2.686,2.686,616.0385131835938,xgboost_feat
APPLE_GALA,PICNIC,NL-NH,2026-03-02,2026-03-08,Weekly,,KG,2.686,2.686,634.198974609375,xgboost_feat
APPLE_GALA,PICNIC,NL-NH,2026-03-09,2026-03-15,Weekly,,KG,2.686,2.686,623.841064453125,xgboost_feat
APPLE_GALA,PICNIC,NL-NH,2026-03-16,2026-03-22,Weekly,,KG,2.686,2.686,605.8660888671875,xgboost_feat
APPLE_GALA,PICNIC,NL-NH,2026-03-23,2026-03-29,Weekly,,KG,2.686,2.686,611.8217163085938,xgboost_feat
APPLE_GALA,PICNIC,NL-NH,2026-03-30,2026-04-05,Weekly,,KG,2.686,2.686,610.9066772460938,xgboost_feat
APPLE_GALA,PICNIC,NL-NH,2026-04-06,2026-04-12,Weekly,,KG,2.686,2.686,602.73828125,xgboost_feat
APPLE_GALA,PICNIC,NL-NH,2026-04-13,2026-04-19,Weekly,,KG,2.686,2.686,561.7964477539062,xgboost_feat
APPLE_GALA,PICNIC,NL-NH,2026-04-20,2026-04-26,Weekly,,KG,2.686,2.686,604.1702270507812,xgboost_feat
APPLE_GALA,PICNIC,NL-NH,2026-04-27,2026-05-03,Weekly,,KG,2.686,2.686,585.42138671875,xgboost_feat
APPLE_GALA,PICNIC,NL-ZH,2026-02-02,2026-02-08,Weekly,,KG,2.952,2.952,583.0958862304688,xgboost_feat
APPLE_GALA,PICNIC,NL-ZH,2026-02-09,2026-02-15,Weekly,,KG,2.952,2.952,592.4400634765625,xgboost_feat
APPLE_GALA,PICNIC,NL-ZH,2026-02-16,2026-02-22,Weekly,,KG,2.952,2.952,592.9733276367188,xgboost_feat
APPLE_GALA,PICNIC,NL-ZH,2026-02-23,2026-03-01,Weekly,,KG,2.952,2.952,597.6219482421875,xgboost_feat
APPLE_GALA,PICNIC,NL-ZH,2026-03-02,2026-03-08,Weekly,,KG,2.952,2.952,617.7596435546875,xgboost_feat
APPLE_GALA,PICNIC,NL-ZH,2026-03-09,2026-03-15,Weekly,,KG,2.952,2.952,620.15869140625,xgboost_feat
APPLE_GALA,PICNIC,NL-ZH,2026-03-16,2026-03-22,Weekly,,KG,2.952,2.952,606.10205078125,xgboost_feat
APPLE_GALA,PICNIC,NL-ZH,2026-03-23,2026-03-29,Weekly,,KG,2.952,2.952,613.713134765625,xgboost_feat
APPLE_GALA,PICNIC,NL-ZH,2026-03-30,2026-04-05,Weekly,,KG,2.952,2.952,624.3910522460938,xgboost_feat
APPLE_GALA,PICNIC,NL-ZH,2026-04-06,2026-04-12,Weekly,,KG,2.952,2.952,604.8597412109375,xgboost_feat
APPLE_GALA,PICNIC,NL-ZH,2026-04-13,2026-04-19,Weekly,,KG,2.952,2.952,584.39013671875,xgboost_feat
APPLE_GALA,PICNIC,NL-ZH,2026-04-20,2026-04-26,Weekly,,KG,2.952,2.952,597.0643310546875,xgboost_feat
APPLE_GALA,PICNIC,NL-ZH,2026-04-27,2026-05-03,Weekly,,KG,2.952,2.952,591.4485473632812,xgboost_feat
APPLE_GALA,PLUS,NL-GE,2026-02-02,2026-02-08,Weekly,,KG,2.498,2.498,728.8134765625,xgboost_feat
APPLE_GALA,PLUS,NL-GE,2026-02-09,2026-02-15,Weekly,,KG,2.498,2.498,735.6257934570312,xgboost_feat
APPLE_GALA,PLUS,NL-GE,2026-02-16,2026-02-22,Weekly,,KG,2.498,2.498,763.0181884765625,xgboost_feat
APPLE_GALA,PLUS,NL-GE,2026-02-23,2026-03-01,Weekly,,KG,2.498,2.498,756.8170776367188,xgboost_feat
APPLE_GALA,PLUS,NL-GE,2026-03-02,2026-03-08,Weekly,,KG,2.498,2.498,741.4027099609375,xgboost_feat
APPLE_GALA,PLUS,NL-GE,2026-03-09,2026-03-15,Weekly,,KG,2.498,2.498,757.39697265625,xgboost_feat
APPLE_GALA,PLUS,NL-GE,2026-03-16,2026-03-22,Weekly,,KG,2.498,2.498,725.44482421875,xgboost_feat
APPLE_GALA,PLUS,NL-GE,2026-03-23,2026-03-29,Weekly,,KG,2.498,2.498,724.6204833984375,xgboost_feat
APPLE_GALA,PLUS,NL-GE,2026-03-30,2026-04-05,Weekly,,KG,2.498,2.498,740.2666625976562,xgboost_feat
APPLE_GALA,PLUS,NL-GE,2026-04-06,2026-04-12,Weekly,,KG,2.498,2.498,719.0792236328125,xgboost_feat
APPLE_GALA,PLUS,NL-GE,2026-04-13,2026-04-19,Weekly,,KG,2.498,2.498,678.5794677734375,xgboost_feat
APPLE_GALA,PLUS,NL-GE,2026-04-20,2026-04-26,Weekly,,KG,2.498,2.498,691.281982421875,xgboost_feat
APPLE_GALA,PLUS,NL-GE,2026-04-27,2026-05-03,Weekly,,KG,2.498,2.498,676.2619018554688,xgboost_feat
APPLE_GALA,PLUS,NL-NB,2026-02-02,2026-02-08,Weekly,,KG,2.722,2.722,711.5922241210938,xgboost_feat
APPLE_GALA,PLUS,NL-NB,2026-02-09,2026-02-15,Weekly,,KG,2.722,2.722,690.1547241210938,xgboost_feat
APPLE_GALA,PLUS,NL-NB,2026-02-16,2026-02-22,Weekly,,KG,2.722,2.722,701.6943359375,xgboost_feat
APPLE_GALA,PLUS,NL-NB,2026-02-23,2026-03-01,Weekly,,KG,2.722,2.722,678.4298095703125,xgboost_feat
APPLE_GALA,PLUS,NL-NB,2026-03-02,2026-03-08,Weekly,,KG,2.722,2.722,673.7313842773438,xgboost_feat
APPLE_GALA,PLUS,NL-NB,2026-03-09,2026-03-15,Weekly,,KG,2.722,2.722,668.9912719726562,xgboost_feat
APPLE_GALA,PLUS,NL-NB,2026-03-16,2026-03-22,Weekly,,KG,2.722,2.722,653.24267578125,xgboost_feat
APPLE_GALA,PLUS,NL-NB,2026-03-23,2026-03-29,Weekly,,KG,2.722,2.722,648.87841796875,xgboost_feat
APPLE_GALA,PLUS,NL-NB,2026-03-30,2026-04-05,Weekly,,KG,2.722,2.722,687.0384521484375,xgboost_feat
APPLE_GALA,PLUS,NL-NB,2026-04-06,2026-04-12,Weekly,,KG,2.722,2.722,658.4022827148438,xgboost_feat
APPLE_GALA,PLUS,NL-NB,2026-04-13,2026-04-19,Weekly,,KG,2.722,2.722,622.8544311523438,xgboost_feat
APPLE_GALA,PLUS,NL-NB,2026-04-20,2026-04-26,Weekly,,KG,2.722,2.722,653.100830078125,xgboost_feat
APPLE_GALA,PLUS,NL-NB,2026-04-27,2026-05-03,Weekly,,KG,2.722,2.722,635.1746215820312,xgboost_feat
APPLE_GALA,PLUS,NL-NH,2026-02-02,2026-02-08,Weekly,,KG,2.707,2.707,707.6087646484375,xgboost_feat
APPLE_GALA,PLUS,NL-NH,2026-02-09,2026-02-15,Weekly,,KG,2.707,2.707,637.9450073242188,xgboost_feat
APPLE_GALA,PLUS,NL-NH,2026-02-16,2026-02-22,Weekly,,KG,2.707,2.707,719.406494140625,xgboost_feat
APPLE_GALA,PLUS,NL-NH,2026-02-23,2026-03-01,Weekly,,KG,2.707,2.707,697.1174926757812,xgboost_feat
APPLE_GALA,PLUS,NL-NH,2026-03-02,2026-03-08,Weekly,,KG,2.707,2.707,705.57421875,xgboost_feat
APPLE_GALA,PLUS,NL-NH,2026-03-09,2026-03-15,Weekly,,KG,2.707,2.707,665.8331298828125,xgboost_feat
APPLE_GALA,PLUS,NL-NH,2026-03-16,2026-03-22,Weekly,,KG,2.707,2.707,656.593017578125,xgboost_feat
APPLE_GALA,PLUS,NL-NH,2026-03-23,2026-03-29,Weekly,,KG,2.707,2.707,664.7958984375,xgboost_feat
APPLE_GALA,PLUS,NL-NH,2026-03-30,2026-04-05,Weekly,,KG,2.707,2.707,668.7195434570312,xgboost_feat
APPLE_GALA,PLUS,NL-NH,2026-04-06,2026-04-12,Weekly,,KG,2.707,2.707,648.7423706054688,xgboost_feat
APPLE_GALA,PLUS,NL-NH,2026-04-13,2026-04-19,Weekly,,KG,2.707,2.707,602.0928344726562,xgboost_feat
APPLE_GALA,PLUS,NL-NH,2026-04-20,2026-04-26,Weekly,,KG,2.707,2.707,624.673828125,xgboost_feat
APPLE_GALA,PLUS,NL-NH,2026-04-27,2026-05-03,Weekly,,KG,2.707,2.707,597.8696899414062,xgboost_feat
APPLE_GALA,PLUS,NL-ZH,2026-02-02,2026-02-08,Weekly,,KG,2.854,2.854,712.5679931640625,xgboost_feat
APPLE_GALA,PLUS,NL-ZH,2026-02-09,2026-02-15,Weekly,,KG,2.854,2.854,689.9205932617188,xgboost_feat
APPLE_GALA,PLUS,NL-ZH,2026-02-16,2026-02-22,Weekly,,KG,2.854,2.854,700.83642578125,xgboost_feat
APPLE_GALA,PLUS,NL-ZH,2026-02-23,2026-03-01,Weekly,,KG,2.854,2.854,683.1111450195312,xgboost_feat
APPLE_GALA,PLUS,NL-ZH,2026-03-02,2026-03-08,Weekly,,KG,2.854,2.854,682.5423583984375,xgboost_feat
APPLE_GALA,PLUS,NL-ZH,2026-03-09,2026-03-15,Weekly,,KG,2.854,2.854,673.846923828125,xgboost_feat
APPLE_GALA,PLUS,NL-ZH,2026-03-16,2026-03-22,Weekly,,KG,2.854,2.854,676.8958129882812,xgboost_feat
APPLE_GALA,PLUS,NL-ZH,2026-03-23,2026-03-29,Weekly,,KG,2.854,2.854,682.43701171875,xgboost_feat
APPLE_GALA,PLUS,NL-ZH,2026-03-30,2026-04-05,Weekly,,KG,2.854,2.854,690.4014282226562,xgboost_feat
APPLE_GALA,PLUS,NL-ZH,2026-04-06,2026-04-12,Weekly,,KG,2.854,2.854,662.7857055664062,xgboost_feat
APPLE_GALA,PLUS,NL-ZH,2026-04-13,2026-04-19,Weekly,,KG,2.854,2.854,634.5693359375,xgboost_feat
APPLE_GALA,PLUS,NL-ZH,2026-04-20,2026-04-26,Weekly,,KG,2.854,2.854,649.0663452148438,xgboost_feat
APPLE_GALA,PLUS,NL-ZH,2026-04-27,2026-05-03,Weekly,,KG,2.854,2.854,636.7742309570312,xgboost_feat
APPLE_GALA,SLIGRO,NL-GE,2026-02-02,2026-02-08,Weekly,,KG,2.465,2.465,582.51025390625,xgboost_feat
APPLE_GALA,SLIGRO,NL-GE,2026-02-09,2026-02-15,Weekly,,KG,2.465,2.465,589.1264038085938,xgboost_feat
APPLE_GALA,SLIGRO,NL-GE,2026-02-16,2026-02-22,Weekly,,KG,2.465,2.465,601.9550170898438,xgboost_feat
APPLE_GALA,SLIGRO,NL-GE,2026-02-23,2026-03-01,Weekly,,KG,2.465,2.465,613.26318359375,xgboost_feat
APPLE_GALA,SLIGRO,NL-GE,2026-03-02,2026-03-08,Weekly,,KG,2.465,2.465,628.6492919921875,xgboost_feat
APPLE_GALA,SLIGRO,NL-GE,2026-03-09,2026-03-15,Weekly,,KG,2.465,2.465,653.0271606445312,xgboost_feat
APPLE_GALA,SLIGRO,NL-GE,2026-03-16,2026-03-22,Weekly,,KG,2.465,2.465,599.3654174804688,xgboost_feat
APPLE_GALA,SLIGRO,NL-GE,2026-03-23,2026-03-29,Weekly,,KG,2.465,2.465,601.0731811523438,xgboost_feat
APPLE_GALA,SLIGRO,NL-GE,2026-03-30,2026-04-05,Weekly,,KG,2.465,2.465,622.8085327148438,xgboost_feat
APPLE_GALA,SLIGRO,NL-GE,2026-04-06,2026-04-12,Weekly,,KG,2.465,2.465,624.231689453125,xgboost_feat
APPLE_GALA,SLIGRO,NL-GE,2026-04-13,2026-04-19,Weekly,,KG,2.465,2.465,584.1057739257812,xgboost_feat
APPLE_GALA,SLIGRO,NL-GE,2026-04-20,2026-04-26,Weekly,,KG,2.465,2.465,597.6244506835938,xgboost_feat
APPLE_GALA,SLIGRO,NL-GE,2026-04-27,2026-05-03,Weekly,,KG,2.465,2.465,593.4095458984375,xgboost_feat
APPLE_GALA,SLIGRO,NL-NB,2026-02-02,2026-02-08,Weekly,,KG,2.69,2.69,581.6599731445312,xgboost_feat
APPLE_GALA,SLIGRO,NL-NB,2026-02-09,2026-02-15,Weekly,,KG,2.69,2.69,595.0293579101562,xgboost_feat
APPLE_GALA,SLIGRO,NL-NB,2026-02-16,2026-02-22,Weekly,,KG,2.69,2.69,613.25439453125,xgboost_feat
APPLE_GALA,SLIGRO,NL-NB,2026-02-23,2026-03-01,Weekly,,KG,2.69,2.69,611.5703125,xgboost_feat
APPLE_GALA,SLIGRO,NL-NB,2026-03-02,2026-03-08,Weekly,,KG,2.69,2.69,628.0969848632812,xgboost_feat
APPLE_GALA,SLIGRO,NL-NB,2026-03-09,2026-03-15,Weekly,,KG,2.69,2.69,623.2294311523438,xgboost_feat
APPLE_GALA,SLIGRO,NL-NB,2026-03-16,2026-03-22,Weekly,,KG,2.69,2.69,605.0914306640625,xgboost_feat
APPLE_GALA,SLIGRO,NL-NB,2026-03-23,2026-03-29,Weekly,,KG,2.69,2.69,605.9066772460938,xgboost_feat
APPLE_GALA,SLIGRO,NL-NB,2026-03-30,2026-04-05,Weekly,,KG,2.69,2.69,631.6574096679688,xgboost_feat
APPLE_GALA,SLIGRO,NL-NB,2026-04-06,2026-04-12,Weekly,,KG,2.69,2.69,608.0541381835938,xgboost_feat
APPLE_GALA,SLIGRO,NL-NB,2026-04-13,2026-04-19,Weekly,,KG,2.69,2.69,563.5835571289062,xgboost_feat
APPLE_GALA,SLIGRO,NL-NB,2026-04-20,2026-04-26,Weekly,,KG,2.69,2.69,588.0919799804688,xgboost_feat
APPLE_GALA,SLIGRO,NL-NB,2026-04-27,2026-05-03,Weekly,,KG,2.69,2.69,570.2896728515625,xgboost_feat
APPLE_GALA,SLIGRO,NL-NH,2026-02-02,2026-02-08,Weekly,,KG,2.82,2.82,592.0826416015625,xgboost_feat
APPLE_GALA,SLIGRO,NL-NH,2026-02-09,2026-02-15,Weekly,,KG,2.82,2.82,559.5025024414062,xgboost_feat
APPLE_GALA,SLIGRO,NL-NH,2026-02-16,2026-02-22,Weekly,,KG,2.82,2.82,587.03857421875,xgboost_feat
APPLE_GALA,SLIGRO,NL-NH,2026-02-23,2026-03-01,Weekly,,KG,2.82,2.82,612.5938110351562,xgboost_feat
APPLE_GALA,SLIGRO,NL-NH,2026-03-02,2026-03-08,Weekly,,KG,2.82,2.82,632.1491088867188,xgboost_feat
APPLE_GALA,SLIGRO,NL-NH,2026-03-09,2026-03-15,Weekly,,KG,2.82,2.82,623.751220703125,xgboost_feat
APPLE_GALA,SLIGRO,NL-NH,2026-03-16,2026-03-22,Weekly,,KG,2.82,2.82,606.2431030273438,xgboost_feat
APPLE_GALA,SLIGRO,NL-NH,2026-03-23,2026-03-29,Weekly,,KG,2.82,2.82,612.373779296875,xgboost_feat
APPLE_GALA,SLIGRO,NL-NH,2026-03-30,2026-04-05,Weekly,,KG,2.82,2.82,611.7374267578125,xgboost_feat
APPLE_GALA,SLIGRO,NL-NH,2026-04-06,2026-04-12,Weekly,,KG,2.82,2.82,602.6607055664062,xgboost_feat
APPLE_GALA,SLIGRO,NL-NH,2026-04-13,2026-04-19,Weekly,,KG,2.82,2.82,558.6990966796875,xgboost_feat
APPLE_GALA,SLIGRO,NL-NH,2026-04-20,2026-04-26,Weekly,,KG,2.82,2.82,596.1139526367188,xgboost_feat
APPLE_GALA,SLIGRO,NL-NH,2026-04-27,2026-05-03,Weekly,,KG,2.82,2.82,580.2308349609375,xgboost_feat
APPLE_GALA,SLIGRO,NL-ZH,2026-02-02,2026-02-08,Weekly,,KG,2.802,2.802,581.7262573242188,xgboost_feat
APPLE_GALA,SLIGRO,NL-ZH,2026-02-09,2026-02-15,Weekly,,KG,2.802,2.802,585.6587524414062,xgboost_feat
APPLE_GALA,SLIGRO,NL-ZH,2026-02-16,2026-02-22,Weekly,,KG,2.802,2.802,583.4071044921875,xgboost_feat
APPLE_GALA,SLIGRO,NL-ZH,2026-02-23,2026-03-01,Weekly,,KG,2.802,2.802,593.0303955078125,xgboost_feat
APPLE_GALA,SLIGRO,NL-ZH,2026-03-02,2026-03-08,Weekly,,KG,2.802,2.802,612.7861938476562,xgboost_feat
APPLE_GALA,SLIGRO,NL-ZH,2026-03-09,2026-03-15,Weekly,,KG,2.802,2.802,615.9116821289062,xgboost_feat
APPLE_GALA,SLIGRO,NL-ZH,2026-03-16,2026-03-22,Weekly,,KG,2.802,2.802,602.602783203125,xgboost_feat
APPLE_GALA,SLIGRO,NL-ZH,2026-03-23,2026-03-29,Weekly,,KG,2.802,2.802,606.1013793945312,xgboost_feat
APPLE_GALA,SLIGRO,NL-ZH,2026-03-30,2026-04-05,Weekly,,KG,2.802,2.802,621.691650390625,xgboost_feat
APPLE_GALA,SLIGRO,NL-ZH,2026-04-06,2026-04-12,Weekly,,KG,2.802,2.802,601.2833251953125,xgboost_feat
APPLE_GALA,SLIGRO,NL-ZH,2026-04-13,2026-04-19,Weekly,,KG,2.802,2.802,577.5115356445312,xgboost_feat
APPLE_GALA,SLIGRO,NL-ZH,2026-04-20,2026-04-26,Weekly,,KG,2.802,2.802,593.50537109375,xgboost_feat
APPLE_GALA,SLIGRO,NL-ZH,2026-04-27,2026-05-03,Weekly,,KG,2.802,2.802,590.6887817382812,xgboost_feat
APPLE_GRANNY_SMITH,AH,NL-GE,2026-02-02,2026-02-08,Weekly,,KG,2.629,2.629,725.1257934570312,xgboost_feat
APPLE_GRANNY_SMITH,AH,NL-GE,2026-02-09,2026-02-15,Weekly,,KG,2.629,2.629,716.8836059570312,xgboost_feat
APPLE_GRANNY_SMITH,AH,NL-GE,2026-02-16,2026-02-22,Weekly,,KG,2.629,2.629,729.0947265625,xgboost_feat
APPLE_GRANNY_SMITH,AH,NL-GE,2026-02-23,2026-03-01,Weekly,,KG,2.629,2.629,721.9550170898438,xgboost_feat
APPLE_GRANNY_SMITH,AH,NL-GE,2026-03-02,2026-03-08,Weekly,,KG,2.629,2.629,707.8345336914062,xgboost_feat
APPLE_GRANNY_SMITH,AH,NL-GE,2026-03-09,2026-03-15,Weekly,,KG,2.629,2.629,714.466796875,xgboost_feat
APPLE_GRANNY_SMITH,AH,NL-GE,2026-03-16,2026-03-22,Weekly,,KG,2.629,2.629,683.9783325195312,xgboost_feat
APPLE_GRANNY_SMITH,AH,NL-GE,2026-03-23,2026-03-29,Weekly,,KG,2.629,2.629,689.0031127929688,xgboost_feat
APPLE_GRANNY_SMITH,AH,NL-GE,2026-03-30,2026-04-05,Weekly,,KG,2.629,2.629,680.0665283203125,xgboost_feat
APPLE_GRANNY_SMITH,AH,NL-GE,2026-04-06,2026-04-12,Weekly,,KG,2.629,2.629,676.181884765625,xgboost_feat
APPLE_GRANNY_SMITH,AH,NL-GE,2026-04-13,2026-04-19,Weekly,,KG,2.629,2.629,641.1761474609375,xgboost_feat
APPLE_GRANNY_SMITH,AH,NL-GE,2026-04-20,2026-04-26,Weekly,,KG,2.629,2.629,641.6456909179688,xgboost_feat
APPLE_GRANNY_SMITH,AH,NL-GE,2026-04-27,2026-05-03,Weekly,,KG,2.629,2.629,653.463134765625,xgboost_feat
APPLE_GRANNY_SMITH,AH,NL-NB,2026-02-02,2026-02-08,Weekly,,KG,2.73,2.73,678.128173828125,xgboost_feat
APPLE_GRANNY_SMITH,AH,NL-NB,2026-02-09,2026-02-15,Weekly,,KG,2.73,2.73,697.8218383789062,xgboost_feat
APPLE_GRANNY_SMITH,AH,NL-NB,2026-02-16,2026-02-22,Weekly,,KG,2.73,2.73,709.0265502929688,xgboost_feat
APPLE_GRANNY_SMITH,AH,NL-NB,2026-02-23,2026-03-01,Weekly,,KG,2.73,2.73,680.8130493164062,xgboost_feat
APPLE_GRANNY_SMITH,AH,NL-NB,2026-03-02,2026-03-08,Weekly,,KG,2.73,2.73,678.3863525390625,xgboost_feat
APPLE_GRANNY_SMITH,AH,NL-NB,2026-03-09,2026-03-15,Weekly,,KG,2.73,2.73,678.5369873046875,xgboost_feat
APPLE_GRANNY_SMITH,AH,NL-NB,2026-03-16,2026-03-22,Weekly,,KG,2.73,2.73,654.3056640625,xgboost_feat
APPLE_GRANNY_SMITH,AH,NL-NB,2026-03-23,2026-03-29,Weekly,,KG,2.73,2.73,650.6788330078125,xgboost_feat
APPLE_GRANNY_SMITH,AH,NL-NB,2026-03-30,2026-04-05,Weekly,,KG,2.73,2.73,688.0210571289062,xgboost_feat
APPLE_GRANNY_SMITH,AH,NL-NB,2026-04-06,2026-04-12,Weekly,,KG,2.73,2.73,662.7330932617188,xgboost_feat
APPLE_GRANNY_SMITH,AH,NL-NB,2026-04-13,2026-04-19,Weekly,,KG,2.73,2.73,625.3822021484375,xgboost_feat
APPLE_GRANNY_SMITH,AH,NL-NB,2026-04-20,2026-04-26,Weekly,,KG,2.73,2.73,670.1521606445312,xgboost_feat
APPLE_GRANNY_SMITH,AH,NL-NB,2026-04-27,2026-05-03,Weekly,,KG,2.73,2.73,629.229248046875,xgboost_feat
APPLE_GRANNY_SMITH,AH,NL-NH,2026-02-02,2026-02-08,Weekly,,KG,2.737,2.737,721.4268798828125,xgboost_feat
APPLE_GRANNY_SMITH,AH,NL-NH,2026-02-09,2026-02-15,Weekly,,KG,2.737,2.737,681.2904663085938,xgboost_feat
APPLE_GRANNY_SMITH,AH,NL-NH,2026-02-16,2026-02-22,Weekly,,KG,2.737,2.737,725.0202026367188,xgboost_feat
APPLE_GRANNY_SMITH,AH,NL-NH,2026-02-23,2026-03-01,Weekly,,KG,2.737,2.737,720.7874755859375,xgboost_feat
APPLE_GRANNY_SMITH,AH,NL-NH,2026-03-02,2026-03-08,Weekly,,KG,2.737,2.737,712.7146606445312,xgboost_feat
APPLE_GRANNY_SMITH,AH,NL-NH,2026-03-09,2026-03-15,Weekly,,KG,2.737,2.737,695.4436645507812,xgboost_feat
APPLE_GRANNY_SMITH,AH,NL-NH,2026-03-16,2026-03-22,Weekly,,KG,2.737,2.737,677.3163452148438,xgboost_feat
APPLE_GRANNY_SMITH,AH,NL-NH,2026-03-23,2026-03-29,Weekly,,KG,2.737,2.737,691.5732421875,xgboost_feat
APPLE_GRANNY_SMITH,AH,NL-NH,2026-03-30,2026-04-05,Weekly,,KG,2.737,2.737,682.4237670898438,xgboost_feat
APPLE_GRANNY_SMITH,AH,NL-NH,2026-04-06,2026-04-12,Weekly,,KG,2.737,2.737,667.3211059570312,xgboost_feat
APPLE_GRANNY_SMITH,AH,NL-NH,2026-04-13,2026-04-19,Weekly,,KG,2.737,2.737,635.8512573242188,xgboost_feat
APPLE_GRANNY_SMITH,AH,NL-NH,2026-04-20,2026-04-26,Weekly,,KG,2.737,2.737,651.0126342773438,xgboost_feat
APPLE_GRANNY_SMITH,AH,NL-NH,2026-04-27,2026-05-03,Weekly,,KG,2.737,2.737,635.1233520507812,xgboost_feat
APPLE_GRANNY_SMITH,AH,NL-ZH,2026-02-02,2026-02-08,Weekly,,KG,2.839,2.839,735.4850463867188,xgboost_feat
APPLE_GRANNY_SMITH,AH,NL-ZH,2026-02-09,2026-02-15,Weekly,,KG,2.839,2.839,722.1790161132812,xgboost_feat
APPLE_GRANNY_SMITH,AH,NL-ZH,2026-02-16,2026-02-22,Weekly,,KG,2.839,2.839,732.7876586914062,xgboost_feat
APPLE_GRANNY_SMITH,AH,NL-ZH,2026-02-23,2026-03-01,Weekly,,KG,2.839,2.839,736.6085815429688,xgboost_feat
APPLE_GRANNY_SMITH,AH,NL-ZH,2026-03-02,2026-03-08,Weekly,,KG,2.839,2.839,712.55712890625,xgboost_feat
APPLE_GRANNY_SMITH,AH,NL-ZH,2026-03-09,2026-03-15,Weekly,,KG,2.839,2.839,697.6964111328125,xgboost_feat
APPLE_GRANNY_SMITH,AH,NL-ZH,2026-03-16,2026-03-22,Weekly,,KG,2.839,2.839,679.7498168945312,xgboost_feat
APPLE_GRANNY_SMITH,AH,NL-ZH,2026-03-23,2026-03-29,Weekly,,KG,2.839,2.839,696.441650390625,xgboost_feat
APPLE_GRANNY_SMITH,AH,NL-ZH,2026-03-30,2026-04-05,Weekly,,KG,2.839,2.839,690.5119018554688,xgboost_feat
APPLE_GRANNY_SMITH,AH,NL-ZH,2026-04-06,2026-04-12,Weekly,,KG,2.839,2.839,663.455810546875,xgboost_feat
APPLE_GRANNY_SMITH,AH,NL-ZH,2026-04-13,2026-04-19,Weekly,,KG,2.839,2.839,639.4667358398438,xgboost_feat
APPLE_GRANNY_SMITH,AH,NL-ZH,2026-04-20,2026-04-26,Weekly,,KG,2.839,2.839,644.7993774414062,xgboost_feat
APPLE_GRANNY_SMITH,AH,NL-ZH,2026-04-27,2026-05-03,Weekly,,KG,2.839,2.839,641.559326171875,xgboost_feat
APPLE_GRANNY_SMITH,FLINK,NL-GE,2026-02-02,2026-02-08,Weekly,,KG,2.563,2.563,580.925048828125,xgboost_feat
APPLE_GRANNY_SMITH,FLINK,NL-GE,2026-02-09,2026-02-15,Weekly,,KG,2.563,2.563,597.5195922851562,xgboost_feat
APPLE_GRANNY_SMITH,FLINK,NL-GE,2026-02-16,2026-02-22,Weekly,,KG,2.563,2.563,602.3919677734375,xgboost_feat
APPLE_GRANNY_SMITH,FLINK,NL-GE,2026-02-23,2026-03-01,Weekly,,KG,2.563,2.563,611.9674682617188,xgboost_feat
APPLE_GRANNY_SMITH,FLINK,NL-GE,2026-03-02,2026-03-08,Weekly,,KG,2.563,2.563,628.1923217773438,xgboost_feat
APPLE_GRANNY_SMITH,FLINK,NL-GE,2026-03-09,2026-03-15,Weekly,,KG,2.563,2.563,648.972900390625,xgboost_feat
APPLE_GRANNY_SMITH,FLINK,NL-GE,2026-03-16,2026-03-22,Weekly,,KG,2.563,2.563,599.34033203125,xgboost_feat
APPLE_GRANNY_SMITH,FLINK,NL-GE,2026-03-23,2026-03-29,Weekly,,KG,2.563,2.563,601.7306518554688,xgboost_feat
APPLE_GRANNY_SMITH,FLINK,NL-GE,2026-03-30,2026-04-05,Weekly,,KG,2.563,2.563,619.3321533203125,xgboost_feat
APPLE_GRANNY_SMITH,FLINK,NL-GE,2026-04-06,2026-04-12,Weekly,,KG,2.563,2.563,620.290283203125,xgboost_feat
APPLE_GRANNY_SMITH,FLINK,NL-GE,2026-04-13,2026-04-19,Weekly,,KG,2.563,2.563,580.1962890625,xgboost_feat
APPLE_GRANNY_SMITH,FLINK,NL-GE,2026-04-20,2026-04-26,Weekly,,KG,2.563,2.563,598.467041015625,xgboost_feat
APPLE_GRANNY_SMITH,FLINK,NL-GE,2026-04-27,2026-05-03,Weekly,,KG,2.563,2.563,597.599853515625,xgboost_feat
APPLE_GRANNY_SMITH,FLINK,NL-NB,2026-02-02,2026-02-08,Weekly,,KG,2.672,2.672,592.956298828125,xgboost_feat
APPLE_GRANNY_SMITH,FLINK,NL-NB,2026-02-09,2026-02-15,Weekly,,KG,2.672,2.672,601.7394409179688,xgboost_feat
APPLE_GRANNY_SMITH,FLINK,NL-NB,2026-02-16,2026-02-22,Weekly,,KG,2.672,2.672,620.0211181640625,xgboost_feat
APPLE_GRANNY_SMITH,FLINK,NL-NB,2026-02-23,2026-03-01,Weekly,,KG,2.672,2.672,614.1632690429688,xgboost_feat
APPLE_GRANNY_SMITH,FLINK,NL-NB,2026-03-02,2026-03-08,Weekly,,KG,2.672,2.672,625.9943237304688,xgboost_feat
APPLE_GRANNY_SMITH,FLINK,NL-NB,2026-03-09,2026-03-15,Weekly,,KG,2.672,2.672,623.7277221679688,xgboost_feat
APPLE_GRANNY_SMITH,FLINK,NL-NB,2026-03-16,2026-03-22,Weekly,,KG,2.672,2.672,604.544189453125,xgboost_feat
APPLE_GRANNY_SMITH,FLINK,NL-NB,2026-03-23,2026-03-29,Weekly,,KG,2.672,2.672,604.82275390625,xgboost_feat
APPLE_GRANNY_SMITH,FLINK,NL-NB,2026-03-30,2026-04-05,Weekly,,KG,2.672,2.672,631.2492065429688,xgboost_feat
APPLE_GRANNY_SMITH,FLINK,NL-NB,2026-04-06,2026-04-12,Weekly,,KG,2.672,2.672,607.9822387695312,xgboost_feat
APPLE_GRANNY_SMITH,FLINK,NL-NB,2026-04-13,2026-04-19,Weekly,,KG,2.672,2.672,573.0033569335938,xgboost_feat
APPLE_GRANNY_SMITH,FLINK,NL-NB,2026-04-20,2026-04-26,Weekly,,KG,2.672,2.672,599.3759765625,xgboost_feat
APPLE_GRANNY_SMITH,FLINK,NL-NB,2026-04-27,2026-05-03,Weekly,,KG,2.672,2.672,584.3325805664062,xgboost_feat
APPLE_GRANNY_SMITH,FLINK,NL-NH,2026-02-02,2026-02-08,Weekly,,KG,2.74,2.74,592.4279174804688,xgboost_feat
APPLE_GRANNY_SMITH,FLINK,NL-NH,2026-02-09,2026-02-15,Weekly,,KG,2.74,2.74,565.0336303710938,xgboost_feat
APPLE_GRANNY_SMITH,FLINK,NL-NH,2026-02-16,2026-02-22,Weekly,,KG,2.74,2.74,593.6355590820312,xgboost_feat
APPLE_GRANNY_SMITH,FLINK,NL-NH,2026-02-23,2026-03-01,Weekly,,KG,2.74,2.74,615.9035034179688,xgboost_feat
APPLE_GRANNY_SMITH,FLINK,NL-NH,2026-03-02,2026-03-08,Weekly,,KG,2.74,2.74,633.1226806640625,xgboost_feat
APPLE_GRANNY_SMITH,FLINK,NL-NH,2026-03-09,2026-03-15,Weekly,,KG,2.74,2.74,623.9884643554688,xgboost_feat
APPLE_GRANNY_SMITH,FLINK,NL-NH,2026-03-16,2026-03-22,Weekly,,KG,2.74,2.74,606.021240234375,xgboost_feat
APPLE_GRANNY_SMITH,FLINK,NL-NH,2026-03-23,2026-03-29,Weekly,,KG,2.74,2.74,611.9360961914062,xgboost_feat
APPLE_GRANNY_SMITH,FLINK,NL-NH,2026-03-30,2026-04-05,Weekly,,KG,2.74,2.74,610.9163208007812,xgboost_feat
APPLE_GRANNY_SMITH,FLINK,NL-NH,2026-04-06,2026-04-12,Weekly,,KG,2.74,2.74,602.8768310546875,xgboost_feat
APPLE_GRANNY_SMITH,FLINK,NL-NH,2026-04-13,2026-04-19,Weekly,,KG,2.74,2.74,561.5740356445312,xgboost_feat
APPLE_GRANNY_SMITH,FLINK,NL-NH,2026-04-20,2026-04-26,Weekly,,KG,2.74,2.74,603.1969604492188,xgboost_feat
APPLE_GRANNY_SMITH,FLINK,NL-NH,2026-04-27,2026-05-03,Weekly,,KG,2.74,2.74,585.7537841796875,xgboost_feat
APPLE_GRANNY_SMITH,FLINK,NL-ZH,2026-02-02,2026-02-08,Weekly,,KG,2.924,2.924,584.4583740234375,xgboost_feat
APPLE_GRANNY_SMITH,FLINK,NL-ZH,2026-02-09,2026-02-15,Weekly,,KG,2.924,2.924,591.8973999023438,xgboost_feat
APPLE_GRANNY_SMITH,FLINK,NL-ZH,2026-02-16,2026-02-22,Weekly,,KG,2.924,2.924,592.4564208984375,xgboost_feat
APPLE_GRANNY_SMITH,FLINK,NL-ZH,2026-02-23,2026-03-01,Weekly,,KG,2.924,2.924,597.110107421875,xgboost_feat
APPLE_GRANNY_SMITH,FLINK,NL-ZH,2026-03-02,2026-03-08,Weekly,,KG,2.924,2.924,617.7596435546875,xgboost_feat
APPLE_GRANNY_SMITH,FLINK,NL-ZH,2026-03-09,2026-03-15,Weekly,,KG,2.924,2.924,619.67919921875,xgboost_feat
APPLE_GRANNY_SMITH,FLINK,NL-ZH,2026-03-16,2026-03-22,Weekly,,KG,2.924,2.924,606.10205078125,xgboost_feat
APPLE_GRANNY_SMITH,FLINK,NL-ZH,2026-03-23,2026-03-29,Weekly,,KG,2.924,2.924,613.713134765625,xgboost_feat
APPLE_GRANNY_SMITH,FLINK,NL-ZH,2026-03-30,2026-04-05,Weekly,,KG,2.924,2.924,624.3910522460938,xgboost_feat
APPLE_GRANNY_SMITH,FLINK,NL-ZH,2026-04-06,2026-04-12,Weekly,,KG,2.924,2.924,604.8597412109375,xgboost_feat
APPLE_GRANNY_SMITH,FLINK,NL-ZH,2026-04-13,2026-04-19,Weekly,,KG,2.924,2.924,584.89697265625,xgboost_feat
APPLE_GRANNY_SMITH,FLINK,NL-ZH,2026-04-20,2026-04-26,Weekly,,KG,2.924,2.924,596.324462890625,xgboost_feat
APPLE_GRANNY_SMITH,FLINK,NL-ZH,2026-04-27,2026-05-03,Weekly,,KG,2.924,2.924,593.162841796875,xgboost_feat
APPLE_GRANNY_SMITH,GREENACRES,NL-GE,2026-02-02,2026-02-08,Weekly,,KG,2.591,2.591,583.2544555664062,xgboost_feat
APPLE_GRANNY_SMITH,GREENACRES,NL-GE,2026-02-09,2026-02-15,Weekly,,KG,2.591,2.591,586.3370971679688,xgboost_feat
APPLE_GRANNY_SMITH,GREENACRES,NL-GE,2026-02-16,2026-02-22,Weekly,,KG,2.591,2.591,597.8779907226562,xgboost_feat
APPLE_GRANNY_SMITH,GREENACRES,NL-GE,2026-02-23,2026-03-01,Weekly,,KG,2.591,2.591,604.4876708984375,xgboost_feat
APPLE_GRANNY_SMITH,GREENACRES,NL-GE,2026-03-02,2026-03-08,Weekly,,KG,2.591,2.591,622.1287231445312,xgboost_feat
APPLE_GRANNY_SMITH,GREENACRES,NL-GE,2026-03-09,2026-03-15,Weekly,,KG,2.591,2.591,647.2583618164062,xgboost_feat
APPLE_GRANNY_SMITH,GREENACRES,NL-GE,2026-03-16,2026-03-22,Weekly,,KG,2.591,2.591,597.6972045898438,xgboost_feat
APPLE_GRANNY_SMITH,GREENACRES,NL-GE,2026-03-23,2026-03-29,Weekly,,KG,2.591,2.591,601.441650390625,xgboost_feat
APPLE_GRANNY_SMITH,GREENACRES,NL-GE,2026-03-30,2026-04-05,Weekly,,KG,2.591,2.591,614.9237060546875,xgboost_feat
APPLE_GRANNY_SMITH,GREENACRES,NL-GE,2026-04-06,2026-04-12,Weekly,,KG,2.591,2.591,614.9501342773438,xgboost_feat
APPLE_GRANNY_SMITH,GREENACRES,NL-GE,2026-04-13,2026-04-19,Weekly,,KG,2.591,2.591,578.7374877929688,xgboost_feat
APPLE_GRANNY_SMITH,GREENACRES,NL-GE,2026-04-20,2026-04-26,Weekly,,KG,2.591,2.591,595.2827758789062,xgboost_feat
APPLE_GRANNY_SMITH,GREENACRES,NL-GE,2026-04-27,2026-05-03,Weekly,,KG,2.591,2.591,590.1843872070312,xgboost_feat
APPLE_GRANNY_SMITH,GREENACRES,NL-NB,2026-02-02,2026-02-08,Weekly,,KG,2.649,2.649,593.7796630859375,xgboost_feat
APPLE_GRANNY_SMITH,GREENACRES,NL-NB,2026-02-09,2026-02-15,Weekly,,KG,2.649,2.649,597.7682495117188,xgboost_feat
APPLE_GRANNY_SMITH,GREENACRES,NL-NB,2026-02-16,2026-02-22,Weekly,,KG,2.649,2.649,616.3665161132812,xgboost_feat
APPLE_GRANNY_SMITH,GREENACRES,NL-NB,2026-02-23,2026-03-01,Weekly,,KG,2.649,2.649,615.8117065429688,xgboost_feat
APPLE_GRANNY_SMITH,GREENACRES,NL-NB,2026-03-02,2026-03-08,Weekly,,KG,2.649,2.649,627.2389526367188,xgboost_feat
APPLE_GRANNY_SMITH,GREENACRES,NL-NB,2026-03-09,2026-03-15,Weekly,,KG,2.649,2.649,622.9320678710938,xgboost_feat
APPLE_GRANNY_SMITH,GREENACRES,NL-NB,2026-03-16,2026-03-22,Weekly,,KG,2.649,2.649,605.1817016601562,xgboost_feat
APPLE_GRANNY_SMITH,GREENACRES,NL-NB,2026-03-23,2026-03-29,Weekly,,KG,2.649,2.649,605.1695556640625,xgboost_feat
APPLE_GRANNY_SMITH,GREENACRES,NL-NB,2026-03-30,2026-04-05,Weekly,,KG,2.649,2.649,637.7340698242188,xgboost_feat
APPLE_GRANNY_SMITH,GREENACRES,NL-NB,2026-04-06,2026-04-12,Weekly,,KG,2.649,2.649,612.5165405273438,xgboost_feat
APPLE_GRANNY_SMITH,GREENACRES,NL-NB,2026-04-13,2026-04-19,Weekly,,KG,2.649,2.649,571.1497802734375,xgboost_feat
APPLE_GRANNY_SMITH,GREENACRES,NL-NB,2026-04-20,2026-04-26,Weekly,,KG,2.649,2.649,593.7259521484375,xgboost_feat
APPLE_GRANNY_SMITH,GREENACRES,NL-NB,2026-04-27,2026-05-03,Weekly,,KG,2.649,2.649,573.8687744140625,xgboost_feat
APPLE_GRANNY_SMITH,GREENACRES,NL-NH,2026-02-02,2026-02-08,Weekly,,KG,2.637,2.637,591.5372314453125,xgboost_feat
APPLE_GRANNY_SMITH,GREENACRES,NL-NH,2026-02-09,2026-02-15,Weekly,,KG,2.637,2.637,562.5731811523438,xgboost_feat
APPLE_GRANNY_SMITH,GREENACRES,NL-NH,2026-02-16,2026-02-22,Weekly,,KG,2.637,2.637,594.9769287109375,xgboost_feat
APPLE_GRANNY_SMITH,GREENACRES,NL-NH,2026-02-23,2026-03-01,Weekly,,KG,2.637,2.637,618.3148803710938,xgboost_feat
APPLE_GRANNY_SMITH,GREENACRES,NL-NH,2026-03-02,2026-03-08,Weekly,,KG,2.637,2.637,636.8255615234375,xgboost_feat
APPLE_GRANNY_SMITH,GREENACRES,NL-NH,2026-03-09,2026-03-15,Weekly,,KG,2.637,2.637,627.5624389648438,xgboost_feat
APPLE_GRANNY_SMITH,GREENACRES,NL-NH,2026-03-16,2026-03-22,Weekly,,KG,2.637,2.637,604.4451904296875,xgboost_feat
APPLE_GRANNY_SMITH,GREENACRES,NL-NH,2026-03-23,2026-03-29,Weekly,,KG,2.637,2.637,611.8607788085938,xgboost_feat
APPLE_GRANNY_SMITH,GREENACRES,NL-NH,2026-03-30,2026-04-05,Weekly,,KG,2.637,2.637,616.77685546875,xgboost_feat
APPLE_GRANNY_SMITH,GREENACRES,NL-NH,2026-04-06,2026-04-12,Weekly,,KG,2.637,2.637,609.6884155273438,xgboost_feat
APPLE_GRANNY_SMITH,GREENACRES,NL-NH,2026-04-13,2026-04-19,Weekly,,KG,2.637,2.637,567.2321166992188,xgboost_feat
APPLE_GRANNY_SMITH,GREENACRES,NL-NH,2026-04-20,2026-04-26,Weekly,,KG,2.637,2.637,604.2968139648438,xgboost_feat
APPLE_GRANNY_SMITH,GREENACRES,NL-NH,2026-04-27,2026-05-03,Weekly,,KG,2.637,2.637,585.64013671875,xgboost_feat
APPLE_GRANNY_SMITH,GREENACRES,NL-ZH,2026-02-02,2026-02-08,Weekly,,KG,2.946,2.946,580.046142578125,xgboost_feat
APPLE_GRANNY_SMITH,GREENACRES,NL-ZH,2026-02-09,2026-02-15,Weekly,,KG,2.946,2.946,590.6421508789062,xgboost_feat
APPLE_GRANNY_SMITH,GREENACRES,NL-ZH,2026-02-16,2026-02-22,Weekly,,KG,2.946,2.946,582.692626953125,xgboost_feat
APPLE_GRANNY_SMITH,GREENACRES,NL-ZH,2026-02-23,2026-03-01,Weekly,,KG,2.946,2.946,592.2537841796875,xgboost_feat
APPLE_GRANNY_SMITH,GREENACRES,NL-ZH,2026-03-02,2026-03-08,Weekly,,KG,2.946,2.946,613.9956665039062,xgboost_feat
APPLE_GRANNY_SMITH,GREENACRES,NL-ZH,2026-03-09,2026-03-15,Weekly,,KG,2.946,2.946,616.2560424804688,xgboost_feat
APPLE_GRANNY_SMITH,GREENACRES,NL-ZH,2026-03-16,2026-03-22,Weekly,,KG,2.946,2.946,606.8036499023438,xgboost_feat
APPLE_GRANNY_SMITH,GREENACRES,NL-ZH,2026-03-23,2026-03-29,Weekly,,KG,2.946,2.946,613.7379150390625,xgboost_feat
APPLE_GRANNY_SMITH,GREENACRES,NL-ZH,2026-03-30,2026-04-05,Weekly,,KG,2.946,2.946,623.7904052734375,xgboost_feat
APPLE_GRANNY_SMITH,GREENACRES,NL-ZH,2026-04-06,2026-04-12,Weekly,,KG,2.946,2.946,604.404296875,xgboost_feat
APPLE_GRANNY_SMITH,GREENACRES,NL-ZH,2026-04-13,2026-04-19,Weekly,,KG,2.946,2.946,577.2359008789062,xgboost_feat
APPLE_GRANNY_SMITH,GREENACRES,NL-ZH,2026-04-20,2026-04-26,Weekly,,KG,2.946,2.946,590.7823486328125,xgboost_feat
APPLE_GRANNY_SMITH,GREENACRES,NL-ZH,2026-04-27,2026-05-03,Weekly,,KG,2.946,2.946,590.4315795898438,xgboost_feat
APPLE_GRANNY_SMITH,HELLOFRESH,NL-GE,2026-02-02,2026-02-08,Weekly,,KG,2.549,2.549,579.6878051757812,xgboost_feat
APPLE_GRANNY_SMITH,HELLOFRESH,NL-GE,2026-02-09,2026-02-15,Weekly,,KG,2.549,2.549,597.7408447265625,xgboost_feat
APPLE_GRANNY_SMITH,HELLOFRESH,NL-GE,2026-02-16,2026-02-22,Weekly,,KG,2.549,2.549,602.6199951171875,xgboost_feat
APPLE_GRANNY_SMITH,HELLOFRESH,NL-GE,2026-02-23,2026-03-01,Weekly,,KG,2.549,2.549,612.190185546875,xgboost_feat
APPLE_GRANNY_SMITH,HELLOFRESH,NL-GE,2026-03-02,2026-03-08,Weekly,,KG,2.549,2.549,628.42529296875,xgboost_feat
APPLE_GRANNY_SMITH,HELLOFRESH,NL-GE,2026-03-09,2026-03-15,Weekly,,KG,2.549,2.549,650.0195922851562,xgboost_feat
APPLE_GRANNY_SMITH,HELLOFRESH,NL-GE,2026-03-16,2026-03-22,Weekly,,KG,2.549,2.549,599.5621337890625,xgboost_feat
APPLE_GRANNY_SMITH,HELLOFRESH,NL-GE,2026-03-23,2026-03-29,Weekly,,KG,2.549,2.549,601.9495239257812,xgboost_feat
APPLE_GRANNY_SMITH,HELLOFRESH,NL-GE,2026-03-30,2026-04-05,Weekly,,KG,2.549,2.549,619.562744140625,xgboost_feat
APPLE_GRANNY_SMITH,HELLOFRESH,NL-GE,2026-04-06,2026-04-12,Weekly,,KG,2.549,2.549,621.12646484375,xgboost_feat
APPLE_GRANNY_SMITH,HELLOFRESH,NL-GE,2026-04-13,2026-04-19,Weekly,,KG,2.549,2.549,579.847900390625,xgboost_feat
APPLE_GRANNY_SMITH,HELLOFRESH,NL-GE,2026-04-20,2026-04-26,Weekly,,KG,2.549,2.549,598.6874389648438,xgboost_feat
APPLE_GRANNY_SMITH,HELLOFRESH,NL-GE,2026-04-27,2026-05-03,Weekly,,KG,2.549,2.549,597.5482788085938,xgboost_feat
APPLE_GRANNY_SMITH,HELLOFRESH,NL-NB,2026-02-02,2026-02-08,Weekly,,KG,2.681,2.681,589.4183349609375,xgboost_feat
APPLE_GRANNY_SMITH,HELLOFRESH,NL-NB,2026-02-09,2026-02-15,Weekly,,KG,2.681,2.681,601.7688598632812,xgboost_feat
APPLE_GRANNY_SMITH,HELLOFRESH,NL-NB,2026-02-16,2026-02-22,Weekly,,KG,2.681,2.681,620.1943359375,xgboost_feat
APPLE_GRANNY_SMITH,HELLOFRESH,NL-NB,2026-02-23,2026-03-01,Weekly,,KG,2.681,2.681,614.3417358398438,xgboost_feat
APPLE_GRANNY_SMITH,HELLOFRESH,NL-NB,2026-03-02,2026-03-08,Weekly,,KG,2.681,2.681,626.1375122070312,xgboost_feat
APPLE_GRANNY_SMITH,HELLOFRESH,NL-NB,2026-03-09,2026-03-15,Weekly,,KG,2.681,2.681,623.7640991210938,xgboost_feat
APPLE_GRANNY_SMITH,HELLOFRESH,NL-NB,2026-03-16,2026-03-22,Weekly,,KG,2.681,2.681,605.7459716796875,xgboost_feat
APPLE_GRANNY_SMITH,HELLOFRESH,NL-NB,2026-03-23,2026-03-29,Weekly,,KG,2.681,2.681,609.1121826171875,xgboost_feat
APPLE_GRANNY_SMITH,HELLOFRESH,NL-NB,2026-03-30,2026-04-05,Weekly,,KG,2.681,2.681,631.5078735351562,xgboost_feat
APPLE_GRANNY_SMITH,HELLOFRESH,NL-NB,2026-04-06,2026-04-12,Weekly,,KG,2.681,2.681,607.8073120117188,xgboost_feat
APPLE_GRANNY_SMITH,HELLOFRESH,NL-NB,2026-04-13,2026-04-19,Weekly,,KG,2.681,2.681,573.3865356445312,xgboost_feat
APPLE_GRANNY_SMITH,HELLOFRESH,NL-NB,2026-04-20,2026-04-26,Weekly,,KG,2.681,2.681,599.3095703125,xgboost_feat
APPLE_GRANNY_SMITH,HELLOFRESH,NL-NB,2026-04-27,2026-05-03,Weekly,,KG,2.681,2.681,586.2838745117188,xgboost_feat
APPLE_GRANNY_SMITH,HELLOFRESH,NL-NH,2026-02-02,2026-02-08,Weekly,,KG,2.753,2.753,587.1875610351562,xgboost_feat
APPLE_GRANNY_SMITH,HELLOFRESH,NL-NH,2026-02-09,2026-02-15,Weekly,,KG,2.753,2.753,563.8283081054688,xgboost_feat
APPLE_GRANNY_SMITH,HELLOFRESH,NL-NH,2026-02-16,2026-02-22,Weekly,,KG,2.753,2.753,594.6323852539062,xgboost_feat
APPLE_GRANNY_SMITH,HELLOFRESH,NL-NH,2026-02-23,2026-03-01,Weekly,,KG,2.753,2.753,615.2847290039062,xgboost_feat
APPLE_GRANNY_SMITH,HELLOFRESH,NL-NH,2026-03-02,2026-03-08,Weekly,,KG,2.753,2.753,633.7321166992188,xgboost_feat
APPLE_GRANNY_SMITH,HELLOFRESH,NL-NH,2026-03-09,2026-03-15,Weekly,,KG,2.753,2.753,623.9893798828125,xgboost_feat
APPLE_GRANNY_SMITH,HELLOFRESH,NL-NH,2026-03-16,2026-03-22,Weekly,,KG,2.753,2.753,606.021240234375,xgboost_feat
APPLE_GRANNY_SMITH,HELLOFRESH,NL-NH,2026-03-23,2026-03-29,Weekly,,KG,2.753,2.753,611.9360961914062,xgboost_feat
APPLE_GRANNY_SMITH,HELLOFRESH,NL-NH,2026-03-30,2026-04-05,Weekly,,KG,2.753,2.753,611.0276489257812,xgboost_feat
APPLE_GRANNY_SMITH,HELLOFRESH,NL-NH,2026-04-06,2026-04-12,Weekly,,KG,2.753,2.753,602.88232421875,xgboost_feat
APPLE_GRANNY_SMITH,HELLOFRESH,NL-NH,2026-04-13,2026-04-19,Weekly,,KG,2.753,2.753,561.9411010742188,xgboost_feat
APPLE_GRANNY_SMITH,HELLOFRESH,NL-NH,2026-04-20,2026-04-26,Weekly,,KG,2.753,2.753,603.3701782226562,xgboost_feat
APPLE_GRANNY_SMITH,HELLOFRESH,NL-NH,2026-04-27,2026-05-03,Weekly,,KG,2.753,2.753,586.6890869140625,xgboost_feat
APPLE_GRANNY_SMITH,HELLOFRESH,NL-ZH,2026-02-02,2026-02-08,Weekly,,KG,2.807,2.807,586.43505859375,xgboost_feat
APPLE_GRANNY_SMITH,HELLOFRESH,NL-ZH,2026-02-09,2026-02-15,Weekly,,KG,2.807,2.807,591.7409057617188,xgboost_feat
APPLE_GRANNY_SMITH,HELLOFRESH,NL-ZH,2026-02-16,2026-02-22,Weekly,,KG,2.807,2.807,592.4561157226562,xgboost_feat
APPLE_GRANNY_SMITH,HELLOFRESH,NL-ZH,2026-02-23,2026-03-01,Weekly,,KG,2.807,2.807,597.0067138671875,xgboost_feat
APPLE_GRANNY_SMITH,HELLOFRESH,NL-ZH,2026-03-02,2026-03-08,Weekly,,KG,2.807,2.807,617.7034912109375,xgboost_feat
APPLE_GRANNY_SMITH,HELLOFRESH,NL-ZH,2026-03-09,2026-03-15,Weekly,,KG,2.807,2.807,619.67919921875,xgboost_feat
APPLE_GRANNY_SMITH,HELLOFRESH,NL-ZH,2026-03-16,2026-03-22,Weekly,,KG,2.807,2.807,606.10205078125,xgboost_feat
APPLE_GRANNY_SMITH,HELLOFRESH,NL-ZH,2026-03-23,2026-03-29,Weekly,,KG,2.807,2.807,613.713134765625,xgboost_feat
APPLE_GRANNY_SMITH,HELLOFRESH,NL-ZH,2026-03-30,2026-04-05,Weekly,,KG,2.807,2.807,624.3910522460938,xgboost_feat
APPLE_GRANNY_SMITH,HELLOFRESH,NL-ZH,2026-04-06,2026-04-12,Weekly,,KG,2.807,2.807,604.8597412109375,xgboost_feat
APPLE_GRANNY_SMITH,HELLOFRESH,NL-ZH,2026-04-13,2026-04-19,Weekly,,KG,2.807,2.807,584.5379638671875,xgboost_feat
APPLE_GRANNY_SMITH,HELLOFRESH,NL-ZH,2026-04-20,2026-04-26,Weekly,,KG,2.807,2.807,596.255615234375,xgboost_feat
APPLE_GRANNY_SMITH,HELLOFRESH,NL-ZH,2026-04-27,2026-05-03,Weekly,,KG,2.807,2.807,590.8432006835938,xgboost_feat
APPLE_GRANNY_SMITH,HOLLANDFOODSERVICE,NL-GE,2026-02-02,2026-02-08,Weekly,,KG,2.519,2.519,585.6845703125,xgboost_feat
APPLE_GRANNY_SMITH,HOLLANDFOODSERVICE,NL-GE,2026-02-09,2026-02-15,Weekly,,KG,2.519,2.519,591.96337890625,xgboost_feat
APPLE_GRANNY_SMITH,HOLLANDFOODSERVICE,NL-GE,2026-02-16,2026-02-22,Weekly,,KG,2.519,2.519,601.276123046875,xgboost_feat
APPLE_GRANNY_SMITH,HOLLANDFOODSERVICE,NL-GE,2026-02-23,2026-03-01,Weekly,,KG,2.519,2.519,613.3690185546875,xgboost_feat
APPLE_GRANNY_SMITH,HOLLANDFOODSERVICE,NL-GE,2026-03-02,2026-03-08,Weekly,,KG,2.519,2.519,628.4595947265625,xgboost_feat
APPLE_GRANNY_SMITH,HOLLANDFOODSERVICE,NL-GE,2026-03-09,2026-03-15,Weekly,,KG,2.519,2.519,651.8975219726562,xgboost_feat
APPLE_GRANNY_SMITH,HOLLANDFOODSERVICE,NL-GE,2026-03-16,2026-03-22,Weekly,,KG,2.519,2.519,599.6095581054688,xgboost_feat
APPLE_GRANNY_SMITH,HOLLANDFOODSERVICE,NL-GE,2026-03-23,2026-03-29,Weekly,,KG,2.519,2.519,601.7404174804688,xgboost_feat
APPLE_GRANNY_SMITH,HOLLANDFOODSERVICE,NL-GE,2026-03-30,2026-04-05,Weekly,,KG,2.519,2.519,619.6504516601562,xgboost_feat
APPLE_GRANNY_SMITH,HOLLANDFOODSERVICE,NL-GE,2026-04-06,2026-04-12,Weekly,,KG,2.519,2.519,621.2023315429688,xgboost_feat
APPLE_GRANNY_SMITH,HOLLANDFOODSERVICE,NL-GE,2026-04-13,2026-04-19,Weekly,,KG,2.519,2.519,580.3988037109375,xgboost_feat
APPLE_GRANNY_SMITH,HOLLANDFOODSERVICE,NL-GE,2026-04-20,2026-04-26,Weekly,,KG,2.519,2.519,599.7239379882812,xgboost_feat
APPLE_GRANNY_SMITH,HOLLANDFOODSERVICE,NL-GE,2026-04-27,2026-05-03,Weekly,,KG,2.519,2.519,592.081298828125,xgboost_feat
APPLE_GRANNY_SMITH,HOLLANDFOODSERVICE,NL-NB,2026-02-02,2026-02-08,Weekly,,KG,2.622,2.622,591.8515625,xgboost_feat
APPLE_GRANNY_SMITH,HOLLANDFOODSERVICE,NL-NB,2026-02-09,2026-02-15,Weekly,,KG,2.622,2.622,597.5867919921875,xgboost_feat
APPLE_GRANNY_SMITH,HOLLANDFOODSERVICE,NL-NB,2026-02-16,2026-02-22,Weekly,,KG,2.622,2.622,617.6900634765625,xgboost_feat
APPLE_GRANNY_SMITH,HOLLANDFOODSERVICE,NL-NB,2026-02-23,2026-03-01,Weekly,,KG,2.622,2.622,618.817626953125,xgboost_feat
APPLE_GRANNY_SMITH,HOLLANDFOODSERVICE,NL-NB,2026-03-02,2026-03-08,Weekly,,KG,2.622,2.622,625.7140502929688,xgboost_feat
APPLE_GRANNY_SMITH,HOLLANDFOODSERVICE,NL-NB,2026-03-09,2026-03-15,Weekly,,KG,2.622,2.622,621.5189819335938,xgboost_feat
APPLE_GRANNY_SMITH,HOLLANDFOODSERVICE,NL-NB,2026-03-16,2026-03-22,Weekly,,KG,2.622,2.622,603.4011840820312,xgboost_feat
APPLE_GRANNY_SMITH,HOLLANDFOODSERVICE,NL-NB,2026-03-23,2026-03-29,Weekly,,KG,2.622,2.622,603.7490844726562,xgboost_feat
APPLE_GRANNY_SMITH,HOLLANDFOODSERVICE,NL-NB,2026-03-30,2026-04-05,Weekly,,KG,2.622,2.622,636.2666625976562,xgboost_feat
APPLE_GRANNY_SMITH,HOLLANDFOODSERVICE,NL-NB,2026-04-06,2026-04-12,Weekly,,KG,2.622,2.622,611.2791137695312,xgboost_feat
APPLE_GRANNY_SMITH,HOLLANDFOODSERVICE,NL-NB,2026-04-13,2026-04-19,Weekly,,KG,2.622,2.622,569.3245849609375,xgboost_feat
APPLE_GRANNY_SMITH,HOLLANDFOODSERVICE,NL-NB,2026-04-20,2026-04-26,Weekly,,KG,2.622,2.622,592.2639770507812,xgboost_feat
APPLE_GRANNY_SMITH,HOLLANDFOODSERVICE,NL-NB,2026-04-27,2026-05-03,Weekly,,KG,2.622,2.622,574.5941772460938,xgboost_feat
APPLE_GRANNY_SMITH,HOLLANDFOODSERVICE,NL-NH,2026-02-02,2026-02-08,Weekly,,KG,2.782,2.782,585.6436767578125,xgboost_feat
APPLE_GRANNY_SMITH,HOLLANDFOODSERVICE,NL-NH,2026-02-09,2026-02-15,Weekly,,KG,2.782,2.782,559.8658447265625,xgboost_feat
APPLE_GRANNY_SMITH,HOLLANDFOODSERVICE,NL-NH,2026-02-16,2026-02-22,Weekly,,KG,2.782,2.782,591.1603393554688,xgboost_feat
APPLE_GRANNY_SMITH,HOLLANDFOODSERVICE,NL-NH,2026-02-23,2026-03-01,Weekly,,KG,2.782,2.782,613.7130126953125,xgboost_feat
APPLE_GRANNY_SMITH,HOLLANDFOODSERVICE,NL-NH,2026-03-02,2026-03-08,Weekly,,KG,2.782,2.782,633.7567138671875,xgboost_feat
APPLE_GRANNY_SMITH,HOLLANDFOODSERVICE,NL-NH,2026-03-09,2026-03-15,Weekly,,KG,2.782,2.782,623.5848388671875,xgboost_feat
APPLE_GRANNY_SMITH,HOLLANDFOODSERVICE,NL-NH,2026-03-16,2026-03-22,Weekly,,KG,2.782,2.782,606.227294921875,xgboost_feat
APPLE_GRANNY_SMITH,HOLLANDFOODSERVICE,NL-NH,2026-03-23,2026-03-29,Weekly,,KG,2.782,2.782,611.998291015625,xgboost_feat
APPLE_GRANNY_SMITH,HOLLANDFOODSERVICE,NL-NH,2026-03-30,2026-04-05,Weekly,,KG,2.782,2.782,611.1260375976562,xgboost_feat
APPLE_GRANNY_SMITH,HOLLANDFOODSERVICE,NL-NH,2026-04-06,2026-04-12,Weekly,,KG,2.782,2.782,602.6410522460938,xgboost_feat
APPLE_GRANNY_SMITH,HOLLANDFOODSERVICE,NL-NH,2026-04-13,2026-04-19,Weekly,,KG,2.782,2.782,559.9857177734375,xgboost_feat
APPLE_GRANNY_SMITH,HOLLANDFOODSERVICE,NL-NH,2026-04-20,2026-04-26,Weekly,,KG,2.782,2.782,596.0794067382812,xgboost_feat
APPLE_GRANNY_SMITH,HOLLANDFOODSERVICE,NL-NH,2026-04-27,2026-05-03,Weekly,,KG,2.782,2.782,580.3749389648438,xgboost_feat
APPLE_GRANNY_SMITH,HOLLANDFOODSERVICE,NL-ZH,2026-02-02,2026-02-08,Weekly,,KG,2.951,2.951,582.8435668945312,xgboost_feat
APPLE_GRANNY_SMITH,HOLLANDFOODSERVICE,NL-ZH,2026-02-09,2026-02-15,Weekly,,KG,2.951,2.951,588.1385498046875,xgboost_feat
APPLE_GRANNY_SMITH,HOLLANDFOODSERVICE,NL-ZH,2026-02-16,2026-02-22,Weekly,,KG,2.951,2.951,583.3453979492188,xgboost_feat
APPLE_GRANNY_SMITH,HOLLANDFOODSERVICE,NL-ZH,2026-02-23,2026-03-01,Weekly,,KG,2.951,2.951,593.0197143554688,xgboost_feat
APPLE_GRANNY_SMITH,HOLLANDFOODSERVICE,NL-ZH,2026-03-02,2026-03-08,Weekly,,KG,2.951,2.951,612.9008178710938,xgboost_feat
APPLE_GRANNY_SMITH,HOLLANDFOODSERVICE,NL-ZH,2026-03-09,2026-03-15,Weekly,,KG,2.951,2.951,617.8994750976562,xgboost_feat
APPLE_GRANNY_SMITH,HOLLANDFOODSERVICE,NL-ZH,2026-03-16,2026-03-22,Weekly,,KG,2.951,2.951,605.4921264648438,xgboost_feat
APPLE_GRANNY_SMITH,HOLLANDFOODSERVICE,NL-ZH,2026-03-23,2026-03-29,Weekly,,KG,2.951,2.951,613.7379150390625,xgboost_feat
APPLE_GRANNY_SMITH,HOLLANDFOODSERVICE,NL-ZH,2026-03-30,2026-04-05,Weekly,,KG,2.951,2.951,622.3370361328125,xgboost_feat
APPLE_GRANNY_SMITH,HOLLANDFOODSERVICE,NL-ZH,2026-04-06,2026-04-12,Weekly,,KG,2.951,2.951,602.5262451171875,xgboost_feat
APPLE_GRANNY_SMITH,HOLLANDFOODSERVICE,NL-ZH,2026-04-13,2026-04-19,Weekly,,KG,2.951,2.951,578.1152954101562,xgboost_feat
APPLE_GRANNY_SMITH,HOLLANDFOODSERVICE,NL-ZH,2026-04-20,2026-04-26,Weekly,,KG,2.951,2.951,590.9299926757812,xgboost_feat
APPLE_GRANNY_SMITH,HOLLANDFOODSERVICE,NL-ZH,2026-04-27,2026-05-03,Weekly,,KG,2.951,2.951,589.9292602539062,xgboost_feat
APPLE_GRANNY_SMITH,JUMBO,NL-GE,2026-02-02,2026-02-08,Weekly,,KG,2.698,2.698,629.9572143554688,xgboost_feat
APPLE_GRANNY_SMITH,JUMBO,NL-GE,2026-02-09,2026-02-15,Weekly,,KG,2.698,2.698,628.8056030273438,xgboost_feat
APPLE_GRANNY_SMITH,JUMBO,NL-GE,2026-02-16,2026-02-22,Weekly,,KG,2.698,2.698,636.492431640625,xgboost_feat
APPLE_GRANNY_SMITH,JUMBO,NL-GE,2026-02-23,2026-03-01,Weekly,,KG,2.698,2.698,626.20947265625,xgboost_feat
APPLE_GRANNY_SMITH,JUMBO,NL-GE,2026-03-02,2026-03-08,Weekly,,KG,2.698,2.698,621.7786865234375,xgboost_feat
APPLE_GRANNY_SMITH,JUMBO,NL-GE,2026-03-09,2026-03-15,Weekly,,KG,2.698,2.698,652.3095092773438,xgboost_feat
APPLE_GRANNY_SMITH,JUMBO,NL-GE,2026-03-16,2026-03-22,Weekly,,KG,2.698,2.698,590.3463134765625,xgboost_feat
APPLE_GRANNY_SMITH,JUMBO,NL-GE,2026-03-23,2026-03-29,Weekly,,KG,2.698,2.698,605.1550903320312,xgboost_feat
APPLE_GRANNY_SMITH,JUMBO,NL-GE,2026-03-30,2026-04-05,Weekly,,KG,2.698,2.698,607.1025390625,xgboost_feat
APPLE_GRANNY_SMITH,JUMBO,NL-GE,2026-04-06,2026-04-12,Weekly,,KG,2.698,2.698,606.8264770507812,xgboost_feat
APPLE_GRANNY_SMITH,JUMBO,NL-GE,2026-04-13,2026-04-19,Weekly,,KG,2.698,2.698,576.8827514648438,xgboost_feat
APPLE_GRANNY_SMITH,JUMBO,NL-GE,2026-04-20,2026-04-26,Weekly,,KG,2.698,2.698,595.791015625,xgboost_feat
APPLE_GRANNY_SMITH,JUMBO,NL-GE,2026-04-27,2026-05-03,Weekly,,KG,2.698,2.698,584.1542358398438,xgboost_feat
APPLE_GRANNY_SMITH,JUMBO,NL-NB,2026-02-02,2026-02-08,Weekly,,KG,2.657,2.657,666.5057983398438,xgboost_feat
APPLE_GRANNY_SMITH,JUMBO,NL-NB,2026-02-09,2026-02-15,Weekly,,KG,2.657,2.657,725.1851806640625,xgboost_feat
APPLE_GRANNY_SMITH,JUMBO,NL-NB,2026-02-16,2026-02-22,Weekly,,KG,2.657,2.657,729.014404296875,xgboost_feat
APPLE_GRANNY_SMITH,JUMBO,NL-NB,2026-02-23,2026-03-01,Weekly,,KG,2.657,2.657,736.890869140625,xgboost_feat
APPLE_GRANNY_SMITH,JUMBO,NL-NB,2026-03-02,2026-03-08,Weekly,,KG,2.657,2.657,692.22021484375,xgboost_feat
APPLE_GRANNY_SMITH,JUMBO,NL-NB,2026-03-09,2026-03-15,Weekly,,KG,2.657,2.657,681.789794921875,xgboost_feat
APPLE_GRANNY_SMITH,JUMBO,NL-NB,2026-03-16,2026-03-22,Weekly,,KG,2.657,2.657,665.4468994140625,xgboost_feat
APPLE_GRANNY_SMITH,JUMBO,NL-NB,2026-03-23,2026-03-29,Weekly,,KG,2.657,2.657,669.4930419921875,xgboost_feat
APPLE_GRANNY_SMITH,JUMBO,NL-NB,2026-03-30,2026-04-05,Weekly,,KG,2.657,2.657,698.6649780273438,xgboost_feat
APPLE_GRANNY_SMITH,JUMBO,NL-NB,2026-04-06,2026-04-12,Weekly,,KG,2.657,2.657,673.1453247070312,xgboost_feat
APPLE_GRANNY_SMITH,JUMBO,NL-NB,2026-04-13,2026-04-19,Weekly,,KG,2.657,2.657,631.9129638671875,xgboost_feat
APPLE_GRANNY_SMITH,JUMBO,NL-NB,2026-04-20,2026-04-26,Weekly,,KG,2.657,2.657,685.0303955078125,xgboost_feat
APPLE_GRANNY_SMITH,JUMBO,NL-NB,2026-04-27,2026-05-03,Weekly,,KG,2.657,2.657,647.0979614257812,xgboost_feat
APPLE_GRANNY_SMITH,JUMBO,NL-NH,2026-02-02,2026-02-08,Weekly,,KG,2.812,2.812,701.3362426757812,xgboost_feat
APPLE_GRANNY_SMITH,JUMBO,NL-NH,2026-02-09,2026-02-15,Weekly,,KG,2.812,2.812,640.1258544921875,xgboost_feat
APPLE_GRANNY_SMITH,JUMBO,NL-NH,2026-02-16,2026-02-22,Weekly,,KG,2.812,2.812,715.5538330078125,xgboost_feat
APPLE_GRANNY_SMITH,JUMBO,NL-NH,2026-02-23,2026-03-01,Weekly,,KG,2.812,2.812,688.1453857421875,xgboost_feat
APPLE_GRANNY_SMITH,JUMBO,NL-NH,2026-03-02,2026-03-08,Weekly,,KG,2.812,2.812,698.117919921875,xgboost_feat
APPLE_GRANNY_SMITH,JUMBO,NL-NH,2026-03-09,2026-03-15,Weekly,,KG,2.812,2.812,675.9747314453125,xgboost_feat
APPLE_GRANNY_SMITH,JUMBO,NL-NH,2026-03-16,2026-03-22,Weekly,,KG,2.812,2.812,643.3084716796875,xgboost_feat
APPLE_GRANNY_SMITH,JUMBO,NL-NH,2026-03-23,2026-03-29,Weekly,,KG,2.812,2.812,668.2368774414062,xgboost_feat
APPLE_GRANNY_SMITH,JUMBO,NL-NH,2026-03-30,2026-04-05,Weekly,,KG,2.812,2.812,657.6348266601562,xgboost_feat
APPLE_GRANNY_SMITH,JUMBO,NL-NH,2026-04-06,2026-04-12,Weekly,,KG,2.812,2.812,641.2620239257812,xgboost_feat
APPLE_GRANNY_SMITH,JUMBO,NL-NH,2026-04-13,2026-04-19,Weekly,,KG,2.812,2.812,598.8804931640625,xgboost_feat
APPLE_GRANNY_SMITH,JUMBO,NL-NH,2026-04-20,2026-04-26,Weekly,,KG,2.812,2.812,634.6324462890625,xgboost_feat
APPLE_GRANNY_SMITH,JUMBO,NL-NH,2026-04-27,2026-05-03,Weekly,,KG,2.812,2.812,588.89111328125,xgboost_feat
APPLE_GRANNY_SMITH,JUMBO,NL-ZH,2026-02-02,2026-02-08,Weekly,,KG,2.82,2.82,708.9369506835938,xgboost_feat
APPLE_GRANNY_SMITH,JUMBO,NL-ZH,2026-02-09,2026-02-15,Weekly,,KG,2.82,2.82,729.3148803710938,xgboost_feat
APPLE_GRANNY_SMITH,JUMBO,NL-ZH,2026-02-16,2026-02-22,Weekly,,KG,2.82,2.82,741.0482177734375,xgboost_feat
APPLE_GRANNY_SMITH,JUMBO,NL-ZH,2026-02-23,2026-03-01,Weekly,,KG,2.82,2.82,741.2593994140625,xgboost_feat
APPLE_GRANNY_SMITH,JUMBO,NL-ZH,2026-03-02,2026-03-08,Weekly,,KG,2.82,2.82,717.2438354492188,xgboost_feat
APPLE_GRANNY_SMITH,JUMBO,NL-ZH,2026-03-09,2026-03-15,Weekly,,KG,2.82,2.82,707.4149169921875,xgboost_feat
APPLE_GRANNY_SMITH,JUMBO,NL-ZH,2026-03-16,2026-03-22,Weekly,,KG,2.82,2.82,689.8306884765625,xgboost_feat
APPLE_GRANNY_SMITH,JUMBO,NL-ZH,2026-03-23,2026-03-29,Weekly,,KG,2.82,2.82,696.7855224609375,xgboost_feat
APPLE_GRANNY_SMITH,JUMBO,NL-ZH,2026-03-30,2026-04-05,Weekly,,KG,2.82,2.82,689.68505859375,xgboost_feat
APPLE_GRANNY_SMITH,JUMBO,NL-ZH,2026-04-06,2026-04-12,Weekly,,KG,2.82,2.82,664.4505615234375,xgboost_feat
APPLE_GRANNY_SMITH,JUMBO,NL-ZH,2026-04-13,2026-04-19,Weekly,,KG,2.82,2.82,653.6058959960938,xgboost_feat
APPLE_GRANNY_SMITH,JUMBO,NL-ZH,2026-04-20,2026-04-26,Weekly,,KG,2.82,2.82,663.2656860351562,xgboost_feat
APPLE_GRANNY_SMITH,JUMBO,NL-ZH,2026-04-27,2026-05-03,Weekly,,KG,2.82,2.82,648.7337036132812,xgboost_feat
APPLE_GRANNY_SMITH,MELEDI,NL-GE,2026-02-02,2026-02-08,Weekly,,KG,2.7,2.7,586.8692626953125,xgboost_feat
APPLE_GRANNY_SMITH,MELEDI,NL-GE,2026-02-09,2026-02-15,Weekly,,KG,2.7,2.7,588.2362670898438,xgboost_feat
APPLE_GRANNY_SMITH,MELEDI,NL-GE,2026-02-16,2026-02-22,Weekly,,KG,2.7,2.7,594.0880126953125,xgboost_feat
APPLE_GRANNY_SMITH,MELEDI,NL-GE,2026-02-23,2026-03-01,Weekly,,KG,2.7,2.7,597.376953125,xgboost_feat
APPLE_GRANNY_SMITH,MELEDI,NL-GE,2026-03-02,2026-03-08,Weekly,,KG,2.7,2.7,618.0415649414062,xgboost_feat
APPLE_GRANNY_SMITH,MELEDI,NL-GE,2026-03-09,2026-03-15,Weekly,,KG,2.7,2.7,644.27978515625,xgboost_feat
APPLE_GRANNY_SMITH,MELEDI,NL-GE,2026-03-16,2026-03-22,Weekly,,KG,2.7,2.7,598.5355834960938,xgboost_feat
APPLE_GRANNY_SMITH,MELEDI,NL-GE,2026-03-23,2026-03-29,Weekly,,KG,2.7,2.7,603.0978393554688,xgboost_feat
APPLE_GRANNY_SMITH,MELEDI,NL-GE,2026-03-30,2026-04-05,Weekly,,KG,2.7,2.7,613.356201171875,xgboost_feat
APPLE_GRANNY_SMITH,MELEDI,NL-GE,2026-04-06,2026-04-12,Weekly,,KG,2.7,2.7,612.3455810546875,xgboost_feat
APPLE_GRANNY_SMITH,MELEDI,NL-GE,2026-04-13,2026-04-19,Weekly,,KG,2.7,2.7,581.5508422851562,xgboost_feat
APPLE_GRANNY_SMITH,MELEDI,NL-GE,2026-04-20,2026-04-26,Weekly,,KG,2.7,2.7,593.7152709960938,xgboost_feat
APPLE_GRANNY_SMITH,MELEDI,NL-GE,2026-04-27,2026-05-03,Weekly,,KG,2.7,2.7,587.973388671875,xgboost_feat
APPLE_GRANNY_SMITH,MELEDI,NL-NB,2026-02-02,2026-02-08,Weekly,,KG,2.689,2.689,589.5279541015625,xgboost_feat
APPLE_GRANNY_SMITH,MELEDI,NL-NB,2026-02-09,2026-02-15,Weekly,,KG,2.689,2.689,595.385009765625,xgboost_feat
APPLE_GRANNY_SMITH,MELEDI,NL-NB,2026-02-16,2026-02-22,Weekly,,KG,2.689,2.689,614.6627807617188,xgboost_feat
APPLE_GRANNY_SMITH,MELEDI,NL-NB,2026-02-23,2026-03-01,Weekly,,KG,2.689,2.689,615.4833984375,xgboost_feat
APPLE_GRANNY_SMITH,MELEDI,NL-NB,2026-03-02,2026-03-08,Weekly,,KG,2.689,2.689,626.7201538085938,xgboost_feat
APPLE_GRANNY_SMITH,MELEDI,NL-NB,2026-03-09,2026-03-15,Weekly,,KG,2.689,2.689,622.7161254882812,xgboost_feat
APPLE_GRANNY_SMITH,MELEDI,NL-NB,2026-03-16,2026-03-22,Weekly,,KG,2.689,2.689,604.7902221679688,xgboost_feat
APPLE_GRANNY_SMITH,MELEDI,NL-NB,2026-03-23,2026-03-29,Weekly,,KG,2.689,2.689,604.7542724609375,xgboost_feat
APPLE_GRANNY_SMITH,MELEDI,NL-NB,2026-03-30,2026-04-05,Weekly,,KG,2.689,2.689,631.3141479492188,xgboost_feat
APPLE_GRANNY_SMITH,MELEDI,NL-NB,2026-04-06,2026-04-12,Weekly,,KG,2.689,2.689,608.3884887695312,xgboost_feat
APPLE_GRANNY_SMITH,MELEDI,NL-NB,2026-04-13,2026-04-19,Weekly,,KG,2.689,2.689,574.2545776367188,xgboost_feat
APPLE_GRANNY_SMITH,MELEDI,NL-NB,2026-04-20,2026-04-26,Weekly,,KG,2.689,2.689,595.9008178710938,xgboost_feat
APPLE_GRANNY_SMITH,MELEDI,NL-NB,2026-04-27,2026-05-03,Weekly,,KG,2.689,2.689,579.2484741210938,xgboost_feat
APPLE_GRANNY_SMITH,MELEDI,NL-NH,2026-02-02,2026-02-08,Weekly,,KG,2.761,2.761,588.9453735351562,xgboost_feat
APPLE_GRANNY_SMITH,MELEDI,NL-NH,2026-02-09,2026-02-15,Weekly,,KG,2.761,2.761,559.65869140625,xgboost_feat
APPLE_GRANNY_SMITH,MELEDI,NL-NH,2026-02-16,2026-02-22,Weekly,,KG,2.761,2.761,588.8130493164062,xgboost_feat
APPLE_GRANNY_SMITH,MELEDI,NL-NH,2026-02-23,2026-03-01,Weekly,,KG,2.761,2.761,611.866455078125,xgboost_feat
APPLE_GRANNY_SMITH,MELEDI,NL-NH,2026-03-02,2026-03-08,Weekly,,KG,2.761,2.761,633.7139892578125,xgboost_feat
APPLE_GRANNY_SMITH,MELEDI,NL-NH,2026-03-09,2026-03-15,Weekly,,KG,2.761,2.761,624.0965576171875,xgboost_feat
APPLE_GRANNY_SMITH,MELEDI,NL-NH,2026-03-16,2026-03-22,Weekly,,KG,2.761,2.761,607.3782348632812,xgboost_feat
APPLE_GRANNY_SMITH,MELEDI,NL-NH,2026-03-23,2026-03-29,Weekly,,KG,2.761,2.761,612.4202270507812,xgboost_feat
APPLE_GRANNY_SMITH,MELEDI,NL-NH,2026-03-30,2026-04-05,Weekly,,KG,2.761,2.761,611.7339477539062,xgboost_feat
APPLE_GRANNY_SMITH,MELEDI,NL-NH,2026-04-06,2026-04-12,Weekly,,KG,2.761,2.761,602.8046875,xgboost_feat
APPLE_GRANNY_SMITH,MELEDI,NL-NH,2026-04-13,2026-04-19,Weekly,,KG,2.761,2.761,559.21435546875,xgboost_feat
APPLE_GRANNY_SMITH,MELEDI,NL-NH,2026-04-20,2026-04-26,Weekly,,KG,2.761,2.761,595.3510131835938,xgboost_feat
APPLE_GRANNY_SMITH,MELEDI,NL-NH,2026-04-27,2026-05-03,Weekly,,KG,2.761,2.761,581.004150390625,xgboost_feat
APPLE_GRANNY_SMITH,MELEDI,NL-ZH,2026-02-02,2026-02-08,Weekly,,KG,2.802,2.802,578.8278198242188,xgboost_feat
APPLE_GRANNY_SMITH,MELEDI,NL-ZH,2026-02-09,2026-02-15,Weekly,,KG,2.802,2.802,583.3098754882812,xgboost_feat
APPLE_GRANNY_SMITH,MELEDI,NL-ZH,2026-02-16,2026-02-22,Weekly,,KG,2.802,2.802,582.0155639648438,xgboost_feat
APPLE_GRANNY_SMITH,MELEDI,NL-ZH,2026-02-23,2026-03-01,Weekly,,KG,2.802,2.802,592.2689208984375,xgboost_feat
APPLE_GRANNY_SMITH,MELEDI,NL-ZH,2026-03-02,2026-03-08,Weekly,,KG,2.802,2.802,614.7525024414062,xgboost_feat
APPLE_GRANNY_SMITH,MELEDI,NL-ZH,2026-03-09,2026-03-15,Weekly,,KG,2.802,2.802,618.06689453125,xgboost_feat
APPLE_GRANNY_SMITH,MELEDI,NL-ZH,2026-03-16,2026-03-22,Weekly,,KG,2.802,2.802,607.8567504882812,xgboost_feat
APPLE_GRANNY_SMITH,MELEDI,NL-ZH,2026-03-23,2026-03-29,Weekly,,KG,2.802,2.802,613.7379150390625,xgboost_feat
APPLE_GRANNY_SMITH,MELEDI,NL-ZH,2026-03-30,2026-04-05,Weekly,,KG,2.802,2.802,623.1138916015625,xgboost_feat
APPLE_GRANNY_SMITH,MELEDI,NL-ZH,2026-04-06,2026-04-12,Weekly,,KG,2.802,2.802,601.5834350585938,xgboost_feat
APPLE_GRANNY_SMITH,MELEDI,NL-ZH,2026-04-13,2026-04-19,Weekly,,KG,2.802,2.802,579.816162109375,xgboost_feat
APPLE_GRANNY_SMITH,MELEDI,NL-ZH,2026-04-20,2026-04-26,Weekly,,KG,2.802,2.802,594.3068237304688,xgboost_feat
APPLE_GRANNY_SMITH,MELEDI,NL-ZH,2026-04-27,2026-05-03,Weekly,,KG,2.802,2.802,590.6946411132812,xgboost_feat
APPLE_GRANNY_SMITH,PICNIC,NL-GE,2026-02-02,2026-02-08,Weekly,,KG,2.597,2.597,585.8091430664062,xgboost_feat
APPLE_GRANNY_SMITH,PICNIC,NL-GE,2026-02-09,2026-02-15,Weekly,,KG,2.597,2.597,597.0131225585938,xgboost_feat
APPLE_GRANNY_SMITH,PICNIC,NL-GE,2026-02-16,2026-02-22,Weekly,,KG,2.597,2.597,598.93896484375,xgboost_feat
APPLE_GRANNY_SMITH,PICNIC,NL-GE,2026-02-23,2026-03-01,Weekly,,KG,2.597,2.597,603.2706298828125,xgboost_feat
APPLE_GRANNY_SMITH,PICNIC,NL-GE,2026-03-02,2026-03-08,Weekly,,KG,2.597,2.597,621.7498168945312,xgboost_feat
APPLE_GRANNY_SMITH,PICNIC,NL-GE,2026-03-09,2026-03-15,Weekly,,KG,2.597,2.597,644.35302734375,xgboost_feat
APPLE_GRANNY_SMITH,PICNIC,NL-GE,2026-03-16,2026-03-22,Weekly,,KG,2.597,2.597,597.7784423828125,xgboost_feat
APPLE_GRANNY_SMITH,PICNIC,NL-GE,2026-03-23,2026-03-29,Weekly,,KG,2.597,2.597,601.3570556640625,xgboost_feat
APPLE_GRANNY_SMITH,PICNIC,NL-GE,2026-03-30,2026-04-05,Weekly,,KG,2.597,2.597,617.9371337890625,xgboost_feat
APPLE_GRANNY_SMITH,PICNIC,NL-GE,2026-04-06,2026-04-12,Weekly,,KG,2.597,2.597,617.2925415039062,xgboost_feat
APPLE_GRANNY_SMITH,PICNIC,NL-GE,2026-04-13,2026-04-19,Weekly,,KG,2.597,2.597,580.0310668945312,xgboost_feat
APPLE_GRANNY_SMITH,PICNIC,NL-GE,2026-04-20,2026-04-26,Weekly,,KG,2.597,2.597,598.7069702148438,xgboost_feat
APPLE_GRANNY_SMITH,PICNIC,NL-GE,2026-04-27,2026-05-03,Weekly,,KG,2.597,2.597,596.1661376953125,xgboost_feat
APPLE_GRANNY_SMITH,PICNIC,NL-NB,2026-02-02,2026-02-08,Weekly,,KG,2.591,2.591,592.4260864257812,xgboost_feat
APPLE_GRANNY_SMITH,PICNIC,NL-NB,2026-02-09,2026-02-15,Weekly,,KG,2.591,2.591,605.6253662109375,xgboost_feat
APPLE_GRANNY_SMITH,PICNIC,NL-NB,2026-02-16,2026-02-22,Weekly,,KG,2.591,2.591,625.6649169921875,xgboost_feat
APPLE_GRANNY_SMITH,PICNIC,NL-NB,2026-02-23,2026-03-01,Weekly,,KG,2.591,2.591,618.9921875,xgboost_feat
APPLE_GRANNY_SMITH,PICNIC,NL-NB,2026-03-02,2026-03-08,Weekly,,KG,2.591,2.591,625.9611206054688,xgboost_feat
APPLE_GRANNY_SMITH,PICNIC,NL-NB,2026-03-09,2026-03-15,Weekly,,KG,2.591,2.591,623.1312255859375,xgboost_feat
APPLE_GRANNY_SMITH,PICNIC,NL-NB,2026-03-16,2026-03-22,Weekly,,KG,2.591,2.591,605.2015991210938,xgboost_feat
APPLE_GRANNY_SMITH,PICNIC,NL-NB,2026-03-23,2026-03-29,Weekly,,KG,2.591,2.591,603.34716796875,xgboost_feat
APPLE_GRANNY_SMITH,PICNIC,NL-NB,2026-03-30,2026-04-05,Weekly,,KG,2.591,2.591,638.3855590820312,xgboost_feat
APPLE_GRANNY_SMITH,PICNIC,NL-NB,2026-04-06,2026-04-12,Weekly,,KG,2.591,2.591,612.3749389648438,xgboost_feat
APPLE_GRANNY_SMITH,PICNIC,NL-NB,2026-04-13,2026-04-19,Weekly,,KG,2.591,2.591,571.3822631835938,xgboost_feat
APPLE_GRANNY_SMITH,PICNIC,NL-NB,2026-04-20,2026-04-26,Weekly,,KG,2.591,2.591,598.0828247070312,xgboost_feat
APPLE_GRANNY_SMITH,PICNIC,NL-NB,2026-04-27,2026-05-03,Weekly,,KG,2.591,2.591,583.9486694335938,xgboost_feat
APPLE_GRANNY_SMITH,PICNIC,NL-NH,2026-02-02,2026-02-08,Weekly,,KG,2.881,2.881,588.8695068359375,xgboost_feat
APPLE_GRANNY_SMITH,PICNIC,NL-NH,2026-02-09,2026-02-15,Weekly,,KG,2.881,2.881,566.1065673828125,xgboost_feat
APPLE_GRANNY_SMITH,PICNIC,NL-NH,2026-02-16,2026-02-22,Weekly,,KG,2.881,2.881,593.7598876953125,xgboost_feat
APPLE_GRANNY_SMITH,PICNIC,NL-NH,2026-02-23,2026-03-01,Weekly,,KG,2.881,2.881,616.2044067382812,xgboost_feat
APPLE_GRANNY_SMITH,PICNIC,NL-NH,2026-03-02,2026-03-08,Weekly,,KG,2.881,2.881,634.347412109375,xgboost_feat
APPLE_GRANNY_SMITH,PICNIC,NL-NH,2026-03-09,2026-03-15,Weekly,,KG,2.881,2.881,623.9893798828125,xgboost_feat
APPLE_GRANNY_SMITH,PICNIC,NL-NH,2026-03-16,2026-03-22,Weekly,,KG,2.881,2.881,606.021240234375,xgboost_feat
APPLE_GRANNY_SMITH,PICNIC,NL-NH,2026-03-23,2026-03-29,Weekly,,KG,2.881,2.881,611.9360961914062,xgboost_feat
APPLE_GRANNY_SMITH,PICNIC,NL-NH,2026-03-30,2026-04-05,Weekly,,KG,2.881,2.881,611.0276489257812,xgboost_feat
APPLE_GRANNY_SMITH,PICNIC,NL-NH,2026-04-06,2026-04-12,Weekly,,KG,2.881,2.881,602.88232421875,xgboost_feat
APPLE_GRANNY_SMITH,PICNIC,NL-NH,2026-04-13,2026-04-19,Weekly,,KG,2.881,2.881,561.6740112304688,xgboost_feat
APPLE_GRANNY_SMITH,PICNIC,NL-NH,2026-04-20,2026-04-26,Weekly,,KG,2.881,2.881,603.3143920898438,xgboost_feat
APPLE_GRANNY_SMITH,PICNIC,NL-NH,2026-04-27,2026-05-03,Weekly,,KG,2.881,2.881,588.5408935546875,xgboost_feat
APPLE_GRANNY_SMITH,PICNIC,NL-ZH,2026-02-02,2026-02-08,Weekly,,KG,3.008,3.008,582.7506103515625,xgboost_feat
APPLE_GRANNY_SMITH,PICNIC,NL-ZH,2026-02-09,2026-02-15,Weekly,,KG,3.008,3.008,592.0140380859375,xgboost_feat
APPLE_GRANNY_SMITH,PICNIC,NL-ZH,2026-02-16,2026-02-22,Weekly,,KG,3.008,3.008,592.3526000976562,xgboost_feat
APPLE_GRANNY_SMITH,PICNIC,NL-ZH,2026-02-23,2026-03-01,Weekly,,KG,3.008,3.008,597.6219482421875,xgboost_feat
APPLE_GRANNY_SMITH,PICNIC,NL-ZH,2026-03-02,2026-03-08,Weekly,,KG,3.008,3.008,617.7596435546875,xgboost_feat
APPLE_GRANNY_SMITH,PICNIC,NL-ZH,2026-03-09,2026-03-15,Weekly,,KG,3.008,3.008,620.15869140625,xgboost_feat
APPLE_GRANNY_SMITH,PICNIC,NL-ZH,2026-03-16,2026-03-22,Weekly,,KG,3.008,3.008,606.10205078125,xgboost_feat
APPLE_GRANNY_SMITH,PICNIC,NL-ZH,2026-03-23,2026-03-29,Weekly,,KG,3.008,3.008,613.713134765625,xgboost_feat
APPLE_GRANNY_SMITH,PICNIC,NL-ZH,2026-03-30,2026-04-05,Weekly,,KG,3.008,3.008,624.3910522460938,xgboost_feat
APPLE_GRANNY_SMITH,PICNIC,NL-ZH,2026-04-06,2026-04-12,Weekly,,KG,3.008,3.008,604.8597412109375,xgboost_feat
APPLE_GRANNY_SMITH,PICNIC,NL-ZH,2026-04-13,2026-04-19,Weekly,,KG,3.008,3.008,584.4381103515625,xgboost_feat
APPLE_GRANNY_SMITH,PICNIC,NL-ZH,2026-04-20,2026-04-26,Weekly,,KG,3.008,3.008,597.387451171875,xgboost_feat
APPLE_GRANNY_SMITH,PICNIC,NL-ZH,2026-04-27,2026-05-03,Weekly,,KG,3.008,3.008,589.3152465820312,xgboost_feat
APPLE_GRANNY_SMITH,PLUS,NL-GE,2026-02-02,2026-02-08,Weekly,,KG,2.683,2.683,642.2294921875,xgboost_feat
APPLE_GRANNY_SMITH,PLUS,NL-GE,2026-02-09,2026-02-15,Weekly,,KG,2.683,2.683,706.2047729492188,xgboost_feat
APPLE_GRANNY_SMITH,PLUS,NL-GE,2026-02-16,2026-02-22,Weekly,,KG,2.683,2.683,723.7921752929688,xgboost_feat
APPLE_GRANNY_SMITH,PLUS,NL-GE,2026-02-23,2026-03-01,Weekly,,KG,2.683,2.683,732.7469482421875,xgboost_feat
APPLE_GRANNY_SMITH,PLUS,NL-GE,2026-03-02,2026-03-08,Weekly,,KG,2.683,2.683,706.3930053710938,xgboost_feat
APPLE_GRANNY_SMITH,PLUS,NL-GE,2026-03-09,2026-03-15,Weekly,,KG,2.683,2.683,697.9795532226562,xgboost_feat
APPLE_GRANNY_SMITH,PLUS,NL-GE,2026-03-16,2026-03-22,Weekly,,KG,2.683,2.683,665.9747924804688,xgboost_feat
APPLE_GRANNY_SMITH,PLUS,NL-GE,2026-03-23,2026-03-29,Weekly,,KG,2.683,2.683,687.1475219726562,xgboost_feat
APPLE_GRANNY_SMITH,PLUS,NL-GE,2026-03-30,2026-04-05,Weekly,,KG,2.683,2.683,685.5260620117188,xgboost_feat
APPLE_GRANNY_SMITH,PLUS,NL-GE,2026-04-06,2026-04-12,Weekly,,KG,2.683,2.683,660.4271240234375,xgboost_feat
APPLE_GRANNY_SMITH,PLUS,NL-GE,2026-04-13,2026-04-19,Weekly,,KG,2.683,2.683,648.6431274414062,xgboost_feat
APPLE_GRANNY_SMITH,PLUS,NL-GE,2026-04-20,2026-04-26,Weekly,,KG,2.683,2.683,647.42578125,xgboost_feat
APPLE_GRANNY_SMITH,PLUS,NL-GE,2026-04-27,2026-05-03,Weekly,,KG,2.683,2.683,646.0724487304688,xgboost_feat
APPLE_GRANNY_SMITH,PLUS,NL-NB,2026-02-02,2026-02-08,Weekly,,KG,2.829,2.829,702.5068359375,xgboost_feat
APPLE_GRANNY_SMITH,PLUS,NL-NB,2026-02-09,2026-02-15,Weekly,,KG,2.829,2.829,693.50048828125,xgboost_feat
APPLE_GRANNY_SMITH,PLUS,NL-NB,2026-02-16,2026-02-22,Weekly,,KG,2.829,2.829,705.8839111328125,xgboost_feat
APPLE_GRANNY_SMITH,PLUS,NL-NB,2026-02-23,2026-03-01,Weekly,,KG,2.829,2.829,680.8820190429688,xgboost_feat
APPLE_GRANNY_SMITH,PLUS,NL-NB,2026-03-02,2026-03-08,Weekly,,KG,2.829,2.829,673.830810546875,xgboost_feat
APPLE_GRANNY_SMITH,PLUS,NL-NB,2026-03-09,2026-03-15,Weekly,,KG,2.829,2.829,655.8484497070312,xgboost_feat
APPLE_GRANNY_SMITH,PLUS,NL-NB,2026-03-16,2026-03-22,Weekly,,KG,2.829,2.829,654.042724609375,xgboost_feat
APPLE_GRANNY_SMITH,PLUS,NL-NB,2026-03-23,2026-03-29,Weekly,,KG,2.829,2.829,646.8978881835938,xgboost_feat
APPLE_GRANNY_SMITH,PLUS,NL-NB,2026-03-30,2026-04-05,Weekly,,KG,2.829,2.829,689.1771850585938,xgboost_feat
APPLE_GRANNY_SMITH,PLUS,NL-NB,2026-04-06,2026-04-12,Weekly,,KG,2.829,2.829,659.0202026367188,xgboost_feat
APPLE_GRANNY_SMITH,PLUS,NL-NB,2026-04-13,2026-04-19,Weekly,,KG,2.829,2.829,625.23583984375,xgboost_feat
APPLE_GRANNY_SMITH,PLUS,NL-NB,2026-04-20,2026-04-26,Weekly,,KG,2.829,2.829,654.6912841796875,xgboost_feat
APPLE_GRANNY_SMITH,PLUS,NL-NB,2026-04-27,2026-05-03,Weekly,,KG,2.829,2.829,637.2919311523438,xgboost_feat
APPLE_GRANNY_SMITH,PLUS,NL-NH,2026-02-02,2026-02-08,Weekly,,KG,2.722,2.722,700.1104736328125,xgboost_feat
APPLE_GRANNY_SMITH,PLUS,NL-NH,2026-02-09,2026-02-15,Weekly,,KG,2.722,2.722,644.74853515625,xgboost_feat
APPLE_GRANNY_SMITH,PLUS,NL-NH,2026-02-16,2026-02-22,Weekly,,KG,2.722,2.722,709.5604248046875,xgboost_feat
APPLE_GRANNY_SMITH,PLUS,NL-NH,2026-02-23,2026-03-01,Weekly,,KG,2.722,2.722,694.9920043945312,xgboost_feat
APPLE_GRANNY_SMITH,PLUS,NL-NH,2026-03-02,2026-03-08,Weekly,,KG,2.722,2.722,694.66552734375,xgboost_feat
APPLE_GRANNY_SMITH,PLUS,NL-NH,2026-03-09,2026-03-15,Weekly,,KG,2.722,2.722,662.009033203125,xgboost_feat
APPLE_GRANNY_SMITH,PLUS,NL-NH,2026-03-16,2026-03-22,Weekly,,KG,2.722,2.722,656.9693603515625,xgboost_feat
APPLE_GRANNY_SMITH,PLUS,NL-NH,2026-03-23,2026-03-29,Weekly,,KG,2.722,2.722,645.2977294921875,xgboost_feat
APPLE_GRANNY_SMITH,PLUS,NL-NH,2026-03-30,2026-04-05,Weekly,,KG,2.722,2.722,654.33203125,xgboost_feat
APPLE_GRANNY_SMITH,PLUS,NL-NH,2026-04-06,2026-04-12,Weekly,,KG,2.722,2.722,630.9207763671875,xgboost_feat
APPLE_GRANNY_SMITH,PLUS,NL-NH,2026-04-13,2026-04-19,Weekly,,KG,2.722,2.722,596.0789184570312,xgboost_feat
APPLE_GRANNY_SMITH,PLUS,NL-NH,2026-04-20,2026-04-26,Weekly,,KG,2.722,2.722,595.609619140625,xgboost_feat
APPLE_GRANNY_SMITH,PLUS,NL-NH,2026-04-27,2026-05-03,Weekly,,KG,2.722,2.722,570.5676879882812,xgboost_feat
APPLE_GRANNY_SMITH,PLUS,NL-ZH,2026-02-02,2026-02-08,Weekly,,KG,2.872,2.872,728.5765991210938,xgboost_feat
APPLE_GRANNY_SMITH,PLUS,NL-ZH,2026-02-09,2026-02-15,Weekly,,KG,2.872,2.872,698.2410278320312,xgboost_feat
APPLE_GRANNY_SMITH,PLUS,NL-ZH,2026-02-16,2026-02-22,Weekly,,KG,2.872,2.872,710.3694458007812,xgboost_feat
APPLE_GRANNY_SMITH,PLUS,NL-ZH,2026-02-23,2026-03-01,Weekly,,KG,2.872,2.872,710.8092651367188,xgboost_feat
APPLE_GRANNY_SMITH,PLUS,NL-ZH,2026-03-02,2026-03-08,Weekly,,KG,2.872,2.872,707.5079345703125,xgboost_feat
APPLE_GRANNY_SMITH,PLUS,NL-ZH,2026-03-09,2026-03-15,Weekly,,KG,2.872,2.872,685.6361694335938,xgboost_feat
APPLE_GRANNY_SMITH,PLUS,NL-ZH,2026-03-16,2026-03-22,Weekly,,KG,2.872,2.872,673.9072875976562,xgboost_feat
APPLE_GRANNY_SMITH,PLUS,NL-ZH,2026-03-23,2026-03-29,Weekly,,KG,2.872,2.872,689.3052368164062,xgboost_feat
APPLE_GRANNY_SMITH,PLUS,NL-ZH,2026-03-30,2026-04-05,Weekly,,KG,2.872,2.872,688.9104614257812,xgboost_feat
APPLE_GRANNY_SMITH,PLUS,NL-ZH,2026-04-06,2026-04-12,Weekly,,KG,2.872,2.872,661.2767944335938,xgboost_feat
APPLE_GRANNY_SMITH,PLUS,NL-ZH,2026-04-13,2026-04-19,Weekly,,KG,2.872,2.872,631.177734375,xgboost_feat
APPLE_GRANNY_SMITH,PLUS,NL-ZH,2026-04-20,2026-04-26,Weekly,,KG,2.872,2.872,650.3671875,xgboost_feat
APPLE_GRANNY_SMITH,PLUS,NL-ZH,2026-04-27,2026-05-03,Weekly,,KG,2.872,2.872,634.6535034179688,xgboost_feat
APPLE_GRANNY_SMITH,SLIGRO,NL-GE,2026-02-02,2026-02-08,Weekly,,KG,2.678,2.678,583.3377075195312,xgboost_feat
APPLE_GRANNY_SMITH,SLIGRO,NL-GE,2026-02-09,2026-02-15,Weekly,,KG,2.678,2.678,588.4955444335938,xgboost_feat
APPLE_GRANNY_SMITH,SLIGRO,NL-GE,2026-02-16,2026-02-22,Weekly,,KG,2.678,2.678,595.9713745117188,xgboost_feat
APPLE_GRANNY_SMITH,SLIGRO,NL-GE,2026-02-23,2026-03-01,Weekly,,KG,2.678,2.678,600.2898559570312,xgboost_feat
APPLE_GRANNY_SMITH,SLIGRO,NL-GE,2026-03-02,2026-03-08,Weekly,,KG,2.678,2.678,618.3192749023438,xgboost_feat
APPLE_GRANNY_SMITH,SLIGRO,NL-GE,2026-03-09,2026-03-15,Weekly,,KG,2.678,2.678,644.699951171875,xgboost_feat
APPLE_GRANNY_SMITH,SLIGRO,NL-GE,2026-03-16,2026-03-22,Weekly,,KG,2.678,2.678,598.6227416992188,xgboost_feat
APPLE_GRANNY_SMITH,SLIGRO,NL-GE,2026-03-23,2026-03-29,Weekly,,KG,2.678,2.678,603.1848754882812,xgboost_feat
APPLE_GRANNY_SMITH,SLIGRO,NL-GE,2026-03-30,2026-04-05,Weekly,,KG,2.678,2.678,613.340576171875,xgboost_feat
APPLE_GRANNY_SMITH,SLIGRO,NL-GE,2026-04-06,2026-04-12,Weekly,,KG,2.678,2.678,612.290283203125,xgboost_feat
APPLE_GRANNY_SMITH,SLIGRO,NL-GE,2026-04-13,2026-04-19,Weekly,,KG,2.678,2.678,581.9553833007812,xgboost_feat
APPLE_GRANNY_SMITH,SLIGRO,NL-GE,2026-04-20,2026-04-26,Weekly,,KG,2.678,2.678,596.4789428710938,xgboost_feat
APPLE_GRANNY_SMITH,SLIGRO,NL-GE,2026-04-27,2026-05-03,Weekly,,KG,2.678,2.678,586.1882934570312,xgboost_feat
APPLE_GRANNY_SMITH,SLIGRO,NL-NB,2026-02-02,2026-02-08,Weekly,,KG,2.661,2.661,589.6400146484375,xgboost_feat
APPLE_GRANNY_SMITH,SLIGRO,NL-NB,2026-02-09,2026-02-15,Weekly,,KG,2.661,2.661,593.0938720703125,xgboost_feat
APPLE_GRANNY_SMITH,SLIGRO,NL-NB,2026-02-16,2026-02-22,Weekly,,KG,2.661,2.661,615.1823120117188,xgboost_feat
APPLE_GRANNY_SMITH,SLIGRO,NL-NB,2026-02-23,2026-03-01,Weekly,,KG,2.661,2.661,612.4454345703125,xgboost_feat
APPLE_GRANNY_SMITH,SLIGRO,NL-NB,2026-03-02,2026-03-08,Weekly,,KG,2.661,2.661,627.0848388671875,xgboost_feat
APPLE_GRANNY_SMITH,SLIGRO,NL-NB,2026-03-09,2026-03-15,Weekly,,KG,2.661,2.661,623.0740356445312,xgboost_feat
APPLE_GRANNY_SMITH,SLIGRO,NL-NB,2026-03-16,2026-03-22,Weekly,,KG,2.661,2.661,605.1987915039062,xgboost_feat
APPLE_GRANNY_SMITH,SLIGRO,NL-NB,2026-03-23,2026-03-29,Weekly,,KG,2.661,2.661,605.18017578125,xgboost_feat
APPLE_GRANNY_SMITH,SLIGRO,NL-NB,2026-03-30,2026-04-05,Weekly,,KG,2.661,2.661,631.8413696289062,xgboost_feat
APPLE_GRANNY_SMITH,SLIGRO,NL-NB,2026-04-06,2026-04-12,Weekly,,KG,2.661,2.661,608.8888549804688,xgboost_feat
APPLE_GRANNY_SMITH,SLIGRO,NL-NB,2026-04-13,2026-04-19,Weekly,,KG,2.661,2.661,569.4750366210938,xgboost_feat
APPLE_GRANNY_SMITH,SLIGRO,NL-NB,2026-04-20,2026-04-26,Weekly,,KG,2.661,2.661,593.8103637695312,xgboost_feat
APPLE_GRANNY_SMITH,SLIGRO,NL-NB,2026-04-27,2026-05-03,Weekly,,KG,2.661,2.661,581.0938720703125,xgboost_feat
APPLE_GRANNY_SMITH,SLIGRO,NL-NH,2026-02-02,2026-02-08,Weekly,,KG,2.738,2.738,592.8399047851562,xgboost_feat
APPLE_GRANNY_SMITH,SLIGRO,NL-NH,2026-02-09,2026-02-15,Weekly,,KG,2.738,2.738,559.8135986328125,xgboost_feat
APPLE_GRANNY_SMITH,SLIGRO,NL-NH,2026-02-16,2026-02-22,Weekly,,KG,2.738,2.738,591.2357177734375,xgboost_feat
APPLE_GRANNY_SMITH,SLIGRO,NL-NH,2026-02-23,2026-03-01,Weekly,,KG,2.738,2.738,614.6787719726562,xgboost_feat
APPLE_GRANNY_SMITH,SLIGRO,NL-NH,2026-03-02,2026-03-08,Weekly,,KG,2.738,2.738,632.5609741210938,xgboost_feat
APPLE_GRANNY_SMITH,SLIGRO,NL-NH,2026-03-09,2026-03-15,Weekly,,KG,2.738,2.738,624.0288696289062,xgboost_feat
APPLE_GRANNY_SMITH,SLIGRO,NL-NH,2026-03-16,2026-03-22,Weekly,,KG,2.738,2.738,606.32568359375,xgboost_feat
APPLE_GRANNY_SMITH,SLIGRO,NL-NH,2026-03-23,2026-03-29,Weekly,,KG,2.738,2.738,612.0338745117188,xgboost_feat
APPLE_GRANNY_SMITH,SLIGRO,NL-NH,2026-03-30,2026-04-05,Weekly,,KG,2.738,2.738,611.0521850585938,xgboost_feat
APPLE_GRANNY_SMITH,SLIGRO,NL-NH,2026-04-06,2026-04-12,Weekly,,KG,2.738,2.738,603.0880126953125,xgboost_feat
APPLE_GRANNY_SMITH,SLIGRO,NL-NH,2026-04-13,2026-04-19,Weekly,,KG,2.738,2.738,562.8484497070312,xgboost_feat
APPLE_GRANNY_SMITH,SLIGRO,NL-NH,2026-04-20,2026-04-26,Weekly,,KG,2.738,2.738,600.7990112304688,xgboost_feat
APPLE_GRANNY_SMITH,SLIGRO,NL-NH,2026-04-27,2026-05-03,Weekly,,KG,2.738,2.738,580.8218994140625,xgboost_feat
APPLE_GRANNY_SMITH,SLIGRO,NL-ZH,2026-02-02,2026-02-08,Weekly,,KG,2.826,2.826,585.306396484375,xgboost_feat
APPLE_GRANNY_SMITH,SLIGRO,NL-ZH,2026-02-09,2026-02-15,Weekly,,KG,2.826,2.826,587.5943603515625,xgboost_feat
APPLE_GRANNY_SMITH,SLIGRO,NL-ZH,2026-02-16,2026-02-22,Weekly,,KG,2.826,2.826,586.1961059570312,xgboost_feat
APPLE_GRANNY_SMITH,SLIGRO,NL-ZH,2026-02-23,2026-03-01,Weekly,,KG,2.826,2.826,594.5557250976562,xgboost_feat
APPLE_GRANNY_SMITH,SLIGRO,NL-ZH,2026-03-02,2026-03-08,Weekly,,KG,2.826,2.826,614.7506713867188,xgboost_feat
APPLE_GRANNY_SMITH,SLIGRO,NL-ZH,2026-03-09,2026-03-15,Weekly,,KG,2.826,2.826,619.9730834960938,xgboost_feat
APPLE_GRANNY_SMITH,SLIGRO,NL-ZH,2026-03-16,2026-03-22,Weekly,,KG,2.826,2.826,607.8016357421875,xgboost_feat
APPLE_GRANNY_SMITH,SLIGRO,NL-ZH,2026-03-23,2026-03-29,Weekly,,KG,2.826,2.826,613.7379150390625,xgboost_feat
APPLE_GRANNY_SMITH,SLIGRO,NL-ZH,2026-03-30,2026-04-05,Weekly,,KG,2.826,2.826,621.9086303710938,xgboost_feat
APPLE_GRANNY_SMITH,SLIGRO,NL-ZH,2026-04-06,2026-04-12,Weekly,,KG,2.826,2.826,601.7794189453125,xgboost_feat
APPLE_GRANNY_SMITH,SLIGRO,NL-ZH,2026-04-13,2026-04-19,Weekly,,KG,2.826,2.826,580.90673828125,xgboost_feat
APPLE_GRANNY_SMITH,SLIGRO,NL-ZH,2026-04-20,2026-04-26,Weekly,,KG,2.826,2.826,593.9972534179688,xgboost_feat
APPLE_GRANNY_SMITH,SLIGRO,NL-ZH,2026-04-27,2026-05-03,Weekly,,KG,2.826,2.826,589.2567138671875,xgboost_feat
APPLE_JONAGOLD,AH,NL-GE,2026-02-02,2026-02-08,Weekly,,KG,2.3598,2.622,753.5460815429688,xgboost_feat
APPLE_JONAGOLD,AH,NL-GE,2026-02-09,2026-02-15,Weekly,,KG,2.3598,2.622,742.3236694335938,xgboost_feat
APPLE_JONAGOLD,AH,NL-GE,2026-02-16,2026-02-22,Weekly,,KG,2.622,2.622,670.1587524414062,xgboost_feat
APPLE_JONAGOLD,AH,NL-GE,2026-02-23,2026-03-01,Weekly,,KG,2.622,2.622,666.8728637695312,xgboost_feat
APPLE_JONAGOLD,AH,NL-GE,2026-03-02,2026-03-08,Weekly,,KG,2.622,2.622,671.10791015625,xgboost_feat
APPLE_JONAGOLD,AH,NL-GE,2026-03-09,2026-03-15,Weekly,,KG,2.622,2.622,659.9630737304688,xgboost_feat
APPLE_JONAGOLD,AH,NL-GE,2026-03-16,2026-03-22,Weekly,,KG,2.622,2.622,633.9453735351562,xgboost_feat
APPLE_JONAGOLD,AH,NL-GE,2026-03-23,2026-03-29,Weekly,,KG,2.622,2.622,630.5779418945312,xgboost_feat
APPLE_JONAGOLD,AH,NL-GE,2026-03-30,2026-04-05,Weekly,,KG,2.622,2.622,633.2330932617188,xgboost_feat
APPLE_JONAGOLD,AH,NL-GE,2026-04-06,2026-04-12,Weekly,,KG,2.622,2.622,614.7545166015625,xgboost_feat
APPLE_JONAGOLD,AH,NL-GE,2026-04-13,2026-04-19,Weekly,,KG,2.622,2.622,598.9757690429688,xgboost_feat
APPLE_JONAGOLD,AH,NL-GE,2026-04-20,2026-04-26,Weekly,,KG,2.622,2.622,632.6557006835938,xgboost_feat
APPLE_JONAGOLD,AH,NL-GE,2026-04-27,2026-05-03,Weekly,,KG,2.622,2.622,595.3222045898438,xgboost_feat
APPLE_JONAGOLD,AH,NL-NB,2026-02-02,2026-02-08,Weekly,,KG,2.841,2.841,646.8995971679688,xgboost_feat
APPLE_JONAGOLD,AH,NL-NB,2026-02-09,2026-02-15,Weekly,,KG,2.841,2.841,643.3785400390625,xgboost_feat
APPLE_JONAGOLD,AH,NL-NB,2026-02-16,2026-02-22,Weekly,,KG,2.841,2.841,652.5870361328125,xgboost_feat
APPLE_JONAGOLD,AH,NL-NB,2026-02-23,2026-03-01,Weekly,,KG,2.841,2.841,649.1331787109375,xgboost_feat
APPLE_JONAGOLD,AH,NL-NB,2026-03-02,2026-03-08,Weekly,,KG,2.841,2.841,615.9358520507812,xgboost_feat
APPLE_JONAGOLD,AH,NL-NB,2026-03-09,2026-03-15,Weekly,,KG,2.841,2.841,613.665283203125,xgboost_feat
APPLE_JONAGOLD,AH,NL-NB,2026-03-16,2026-03-22,Weekly,,KG,2.841,2.841,615.3003540039062,xgboost_feat
APPLE_JONAGOLD,AH,NL-NB,2026-03-23,2026-03-29,Weekly,,KG,2.841,2.841,616.8977661132812,xgboost_feat
APPLE_JONAGOLD,AH,NL-NB,2026-03-30,2026-04-05,Weekly,,KG,2.841,2.841,632.2659912109375,xgboost_feat
APPLE_JONAGOLD,AH,NL-NB,2026-04-06,2026-04-12,Weekly,,KG,2.841,2.841,611.2382202148438,xgboost_feat
APPLE_JONAGOLD,AH,NL-NB,2026-04-13,2026-04-19,Weekly,,KG,2.841,2.841,609.4118041992188,xgboost_feat
APPLE_JONAGOLD,AH,NL-NB,2026-04-20,2026-04-26,Weekly,,KG,2.841,2.841,637.2645263671875,xgboost_feat
APPLE_JONAGOLD,AH,NL-NB,2026-04-27,2026-05-03,Weekly,,KG,2.841,2.841,589.4135131835938,xgboost_feat
APPLE_JONAGOLD,AH,NL-NH,2026-02-02,2026-02-08,Weekly,,KG,2.726,2.726,646.6165161132812,xgboost_feat
APPLE_JONAGOLD,AH,NL-NH,2026-02-09,2026-02-15,Weekly,,KG,2.726,2.726,637.2636108398438,xgboost_feat
APPLE_JONAGOLD,AH,NL-NH,2026-02-16,2026-02-22,Weekly,,KG,2.726,2.726,656.7748413085938,xgboost_feat
APPLE_JONAGOLD,AH,NL-NH,2026-02-23,2026-03-01,Weekly,,KG,2.726,2.726,638.33349609375,xgboost_feat
APPLE_JONAGOLD,AH,NL-NH,2026-03-02,2026-03-08,Weekly,,KG,2.50792,2.726,651.6887817382812,xgboost_feat
APPLE_JONAGOLD,AH,NL-NH,2026-03-09,2026-03-15,Weekly,,KG,2.50792,2.726,648.1368408203125,xgboost_feat
APPLE_JONAGOLD,AH,NL-NH,2026-03-16,2026-03-22,Weekly,,KG,2.726,2.726,614.7335815429688,xgboost_feat
APPLE_JONAGOLD,AH,NL-NH,2026-03-23,2026-03-29,Weekly,,KG,2.726,2.726,622.3908081054688,xgboost_feat
APPLE_JONAGOLD,AH,NL-NH,2026-03-30,2026-04-05,Weekly,,KG,2.726,2.726,621.0631713867188,xgboost_feat
APPLE_JONAGOLD,AH,NL-NH,2026-04-06,2026-04-12,Weekly,,KG,2.726,2.726,611.5338745117188,xgboost_feat
APPLE_JONAGOLD,AH,NL-NH,2026-04-13,2026-04-19,Weekly,,KG,2.726,2.726,605.2677001953125,xgboost_feat
APPLE_JONAGOLD,AH,NL-NH,2026-04-20,2026-04-26,Weekly,,KG,2.726,2.726,635.41845703125,xgboost_feat
APPLE_JONAGOLD,AH,NL-NH,2026-04-27,2026-05-03,Weekly,,KG,2.726,2.726,584.1810913085938,xgboost_feat
APPLE_JONAGOLD,AH,NL-ZH,2026-02-02,2026-02-08,Weekly,,KG,2.751,2.751,635.8125,xgboost_feat
APPLE_JONAGOLD,AH,NL-ZH,2026-02-09,2026-02-15,Weekly,,KG,2.751,2.751,647.2393188476562,xgboost_feat
APPLE_JONAGOLD,AH,NL-ZH,2026-02-16,2026-02-22,Weekly,,KG,2.751,2.751,656.74072265625,xgboost_feat
APPLE_JONAGOLD,AH,NL-ZH,2026-02-23,2026-03-01,Weekly,,KG,2.751,2.751,648.91943359375,xgboost_feat
APPLE_JONAGOLD,AH,NL-ZH,2026-03-02,2026-03-08,Weekly,,KG,2.751,2.751,619.4884643554688,xgboost_feat
APPLE_JONAGOLD,AH,NL-ZH,2026-03-09,2026-03-15,Weekly,,KG,2.751,2.751,612.4834594726562,xgboost_feat
APPLE_JONAGOLD,AH,NL-ZH,2026-03-16,2026-03-22,Weekly,,KG,2.751,2.751,620.9628295898438,xgboost_feat
APPLE_JONAGOLD,AH,NL-ZH,2026-03-23,2026-03-29,Weekly,,KG,2.751,2.751,620.3947143554688,xgboost_feat
APPLE_JONAGOLD,AH,NL-ZH,2026-03-30,2026-04-05,Weekly,,KG,2.751,2.751,625.2220458984375,xgboost_feat
APPLE_JONAGOLD,AH,NL-ZH,2026-04-06,2026-04-12,Weekly,,KG,2.751,2.751,614.635009765625,xgboost_feat
APPLE_JONAGOLD,AH,NL-ZH,2026-04-13,2026-04-19,Weekly,,KG,2.751,2.751,609.0791625976562,xgboost_feat
APPLE_JONAGOLD,AH,NL-ZH,2026-04-20,2026-04-26,Weekly,,KG,2.751,2.751,632.0813598632812,xgboost_feat
APPLE_JONAGOLD,AH,NL-ZH,2026-04-27,2026-05-03,Weekly,,KG,2.751,2.751,592.6163940429688,xgboost_feat
APPLE_JONAGOLD,FLINK,NL-GE,2026-02-02,2026-02-08,Weekly,,KG,2.459,2.459,585.4237670898438,xgboost_feat
APPLE_JONAGOLD,FLINK,NL-GE,2026-02-09,2026-02-15,Weekly,,KG,2.459,2.459,592.1141357421875,xgboost_feat
APPLE_JONAGOLD,FLINK,NL-GE,2026-02-16,2026-02-22,Weekly,,KG,2.459,2.459,603.455810546875,xgboost_feat
APPLE_JONAGOLD,FLINK,NL-GE,2026-02-23,2026-03-01,Weekly,,KG,2.459,2.459,613.1766967773438,xgboost_feat
APPLE_JONAGOLD,FLINK,NL-GE,2026-03-02,2026-03-08,Weekly,,KG,2.459,2.459,628.259765625,xgboost_feat
APPLE_JONAGOLD,FLINK,NL-GE,2026-03-09,2026-03-15,Weekly,,KG,2.459,2.459,651.1972045898438,xgboost_feat
APPLE_JONAGOLD,FLINK,NL-GE,2026-03-16,2026-03-22,Weekly,,KG,2.459,2.459,599.18798828125,xgboost_feat
APPLE_JONAGOLD,FLINK,NL-GE,2026-03-23,2026-03-29,Weekly,,KG,2.459,2.459,600.9622192382812,xgboost_feat
APPLE_JONAGOLD,FLINK,NL-GE,2026-03-30,2026-04-05,Weekly,,KG,2.459,2.459,622.6587524414062,xgboost_feat
APPLE_JONAGOLD,FLINK,NL-GE,2026-04-06,2026-04-12,Weekly,,KG,2.459,2.459,624.2960815429688,xgboost_feat
APPLE_JONAGOLD,FLINK,NL-GE,2026-04-13,2026-04-19,Weekly,,KG,2.459,2.459,583.4879150390625,xgboost_feat
APPLE_JONAGOLD,FLINK,NL-GE,2026-04-20,2026-04-26,Weekly,,KG,2.459,2.459,602.250244140625,xgboost_feat
APPLE_JONAGOLD,FLINK,NL-GE,2026-04-27,2026-05-03,Weekly,,KG,2.459,2.459,595.9776611328125,xgboost_feat
APPLE_JONAGOLD,FLINK,NL-NB,2026-02-02,2026-02-08,Weekly,,KG,2.767,2.767,593.3709716796875,xgboost_feat
APPLE_JONAGOLD,FLINK,NL-NB,2026-02-09,2026-02-15,Weekly,,KG,2.767,2.767,597.9174194335938,xgboost_feat
APPLE_JONAGOLD,FLINK,NL-NB,2026-02-16,2026-02-22,Weekly,,KG,2.767,2.767,615.8448486328125,xgboost_feat
APPLE_JONAGOLD,FLINK,NL-NB,2026-02-23,2026-03-01,Weekly,,KG,2.767,2.767,614.8981323242188,xgboost_feat
APPLE_JONAGOLD,FLINK,NL-NB,2026-03-02,2026-03-08,Weekly,,KG,2.767,2.767,626.2828979492188,xgboost_feat
APPLE_JONAGOLD,FLINK,NL-NB,2026-03-09,2026-03-15,Weekly,,KG,2.767,2.767,622.7363891601562,xgboost_feat
APPLE_JONAGOLD,FLINK,NL-NB,2026-03-16,2026-03-22,Weekly,,KG,2.767,2.767,604.8956909179688,xgboost_feat
APPLE_JONAGOLD,FLINK,NL-NB,2026-03-23,2026-03-29,Weekly,,KG,2.767,2.767,604.85302734375,xgboost_feat
APPLE_JONAGOLD,FLINK,NL-NB,2026-03-30,2026-04-05,Weekly,,KG,2.767,2.767,631.4196166992188,xgboost_feat
APPLE_JONAGOLD,FLINK,NL-NB,2026-04-06,2026-04-12,Weekly,,KG,2.767,2.767,608.1881103515625,xgboost_feat
APPLE_JONAGOLD,FLINK,NL-NB,2026-04-13,2026-04-19,Weekly,,KG,2.767,2.767,573.8880004882812,xgboost_feat
APPLE_JONAGOLD,FLINK,NL-NB,2026-04-20,2026-04-26,Weekly,,KG,2.767,2.767,600.2730712890625,xgboost_feat
APPLE_JONAGOLD,FLINK,NL-NB,2026-04-27,2026-05-03,Weekly,,KG,2.767,2.767,580.3495483398438,xgboost_feat
APPLE_JONAGOLD,FLINK,NL-NH,2026-02-02,2026-02-08,Weekly,,KG,2.791,2.791,589.1643676757812,xgboost_feat
APPLE_JONAGOLD,FLINK,NL-NH,2026-02-09,2026-02-15,Weekly,,KG,2.791,2.791,559.8575439453125,xgboost_feat
APPLE_JONAGOLD,FLINK,NL-NH,2026-02-16,2026-02-22,Weekly,,KG,2.791,2.791,590.054931640625,xgboost_feat
APPLE_JONAGOLD,FLINK,NL-NH,2026-02-23,2026-03-01,Weekly,,KG,2.791,2.791,615.9974975585938,xgboost_feat
APPLE_JONAGOLD,FLINK,NL-NH,2026-03-02,2026-03-08,Weekly,,KG,2.791,2.791,634.5584716796875,xgboost_feat
APPLE_JONAGOLD,FLINK,NL-NH,2026-03-09,2026-03-15,Weekly,,KG,2.791,2.791,624.091064453125,xgboost_feat
APPLE_JONAGOLD,FLINK,NL-NH,2026-03-16,2026-03-22,Weekly,,KG,2.791,2.791,606.227294921875,xgboost_feat
APPLE_JONAGOLD,FLINK,NL-NH,2026-03-23,2026-03-29,Weekly,,KG,2.791,2.791,611.8972778320312,xgboost_feat
APPLE_JONAGOLD,FLINK,NL-NH,2026-03-30,2026-04-05,Weekly,,KG,2.791,2.791,611.0276489257812,xgboost_feat
APPLE_JONAGOLD,FLINK,NL-NH,2026-04-06,2026-04-12,Weekly,,KG,2.791,2.791,602.944580078125,xgboost_feat
APPLE_JONAGOLD,FLINK,NL-NH,2026-04-13,2026-04-19,Weekly,,KG,2.791,2.791,562.8754272460938,xgboost_feat
APPLE_JONAGOLD,FLINK,NL-NH,2026-04-20,2026-04-26,Weekly,,KG,2.791,2.791,599.9686279296875,xgboost_feat
APPLE_JONAGOLD,FLINK,NL-NH,2026-04-27,2026-05-03,Weekly,,KG,2.791,2.791,580.828125,xgboost_feat
APPLE_JONAGOLD,FLINK,NL-ZH,2026-02-02,2026-02-08,Weekly,,KG,2.9,2.9,582.8001708984375,xgboost_feat
APPLE_JONAGOLD,FLINK,NL-ZH,2026-02-09,2026-02-15,Weekly,,KG,2.9,2.9,588.1253051757812,xgboost_feat
APPLE_JONAGOLD,FLINK,NL-ZH,2026-02-16,2026-02-22,Weekly,,KG,2.9,2.9,586.772216796875,xgboost_feat
APPLE_JONAGOLD,FLINK,NL-ZH,2026-02-23,2026-03-01,Weekly,,KG,2.9,2.9,594.4227294921875,xgboost_feat
APPLE_JONAGOLD,FLINK,NL-ZH,2026-03-02,2026-03-08,Weekly,,KG,2.9,2.9,617.747314453125,xgboost_feat
APPLE_JONAGOLD,FLINK,NL-ZH,2026-03-09,2026-03-15,Weekly,,KG,2.9,2.9,621.0608520507812,xgboost_feat
APPLE_JONAGOLD,FLINK,NL-ZH,2026-03-16,2026-03-22,Weekly,,KG,2.9,2.9,607.2313842773438,xgboost_feat
APPLE_JONAGOLD,FLINK,NL-ZH,2026-03-23,2026-03-29,Weekly,,KG,2.9,2.9,613.6734619140625,xgboost_feat
APPLE_JONAGOLD,FLINK,NL-ZH,2026-03-30,2026-04-05,Weekly,,KG,2.9,2.9,624.5331420898438,xgboost_feat
APPLE_JONAGOLD,FLINK,NL-ZH,2026-04-06,2026-04-12,Weekly,,KG,2.9,2.9,604.7254638671875,xgboost_feat
APPLE_JONAGOLD,FLINK,NL-ZH,2026-04-13,2026-04-19,Weekly,,KG,2.9,2.9,584.0598754882812,xgboost_feat
APPLE_JONAGOLD,FLINK,NL-ZH,2026-04-20,2026-04-26,Weekly,,KG,2.9,2.9,590.0154418945312,xgboost_feat
APPLE_JONAGOLD,FLINK,NL-ZH,2026-04-27,2026-05-03,Weekly,,KG,2.9,2.9,590.4071044921875,xgboost_feat
APPLE_JONAGOLD,GREENACRES,NL-GE,2026-02-02,2026-02-08,Weekly,,KG,2.467,2.467,587.8446044921875,xgboost_feat
APPLE_JONAGOLD,GREENACRES,NL-GE,2026-02-09,2026-02-15,Weekly,,KG,2.467,2.467,586.0914916992188,xgboost_feat
APPLE_JONAGOLD,GREENACRES,NL-GE,2026-02-16,2026-02-22,Weekly,,KG,2.467,2.467,597.9871826171875,xgboost_feat
APPLE_JONAGOLD,GREENACRES,NL-GE,2026-02-23,2026-03-01,Weekly,,KG,2.467,2.467,604.2294311523438,xgboost_feat
APPLE_JONAGOLD,GREENACRES,NL-GE,2026-03-02,2026-03-08,Weekly,,KG,2.467,2.467,617.993896484375,xgboost_feat
APPLE_JONAGOLD,GREENACRES,NL-GE,2026-03-09,2026-03-15,Weekly,,KG,2.467,2.467,657.647705078125,xgboost_feat
APPLE_JONAGOLD,GREENACRES,NL-GE,2026-03-16,2026-03-22,Weekly,,KG,2.467,2.467,601.97314453125,xgboost_feat
APPLE_JONAGOLD,GREENACRES,NL-GE,2026-03-23,2026-03-29,Weekly,,KG,2.467,2.467,603.3294067382812,xgboost_feat
APPLE_JONAGOLD,GREENACRES,NL-GE,2026-03-30,2026-04-05,Weekly,,KG,2.467,2.467,623.8514404296875,xgboost_feat
APPLE_JONAGOLD,GREENACRES,NL-GE,2026-04-06,2026-04-12,Weekly,,KG,2.467,2.467,621.6212768554688,xgboost_feat
APPLE_JONAGOLD,GREENACRES,NL-GE,2026-04-13,2026-04-19,Weekly,,KG,2.467,2.467,578.0160522460938,xgboost_feat
APPLE_JONAGOLD,GREENACRES,NL-GE,2026-04-20,2026-04-26,Weekly,,KG,2.467,2.467,595.5143432617188,xgboost_feat
APPLE_JONAGOLD,GREENACRES,NL-GE,2026-04-27,2026-05-03,Weekly,,KG,2.467,2.467,592.1257934570312,xgboost_feat
APPLE_JONAGOLD,GREENACRES,NL-NB,2026-02-02,2026-02-08,Weekly,,KG,2.639,2.639,598.3804321289062,xgboost_feat
APPLE_JONAGOLD,GREENACRES,NL-NB,2026-02-09,2026-02-15,Weekly,,KG,2.639,2.639,608.361328125,xgboost_feat
APPLE_JONAGOLD,GREENACRES,NL-NB,2026-02-16,2026-02-22,Weekly,,KG,2.639,2.639,639.9660034179688,xgboost_feat
APPLE_JONAGOLD,GREENACRES,NL-NB,2026-02-23,2026-03-01,Weekly,,KG,2.639,2.639,615.331787109375,xgboost_feat
APPLE_JONAGOLD,GREENACRES,NL-NB,2026-03-02,2026-03-08,Weekly,,KG,2.639,2.639,617.03857421875,xgboost_feat
APPLE_JONAGOLD,GREENACRES,NL-NB,2026-03-09,2026-03-15,Weekly,,KG,2.639,2.639,617.5052490234375,xgboost_feat
APPLE_JONAGOLD,GREENACRES,NL-NB,2026-03-16,2026-03-22,Weekly,,KG,2.639,2.639,598.533447265625,xgboost_feat
APPLE_JONAGOLD,GREENACRES,NL-NB,2026-03-23,2026-03-29,Weekly,,KG,2.639,2.639,598.214111328125,xgboost_feat
APPLE_JONAGOLD,GREENACRES,NL-NB,2026-03-30,2026-04-05,Weekly,,KG,2.639,2.639,627.533447265625,xgboost_feat
APPLE_JONAGOLD,GREENACRES,NL-NB,2026-04-06,2026-04-12,Weekly,,KG,2.639,2.639,604.4573364257812,xgboost_feat
APPLE_JONAGOLD,GREENACRES,NL-NB,2026-04-13,2026-04-19,Weekly,,KG,2.639,2.639,564.277099609375,xgboost_feat
APPLE_JONAGOLD,GREENACRES,NL-NB,2026-04-20,2026-04-26,Weekly,,KG,2.639,2.639,597.5492553710938,xgboost_feat
APPLE_JONAGOLD,GREENACRES,NL-NB,2026-04-27,2026-05-03,Weekly,,KG,2.639,2.639,577.2191162109375,xgboost_feat
APPLE_JONAGOLD,GREENACRES,NL-NH,2026-02-02,2026-02-08,Weekly,,KG,2.74,2.74,580.248779296875,xgboost_feat
APPLE_JONAGOLD,GREENACRES,NL-NH,2026-02-09,2026-02-15,Weekly,,KG,2.74,2.74,557.815185546875,xgboost_feat
APPLE_JONAGOLD,GREENACRES,NL-NH,2026-02-16,2026-02-22,Weekly,,KG,2.74,2.74,584.7613525390625,xgboost_feat
APPLE_JONAGOLD,GREENACRES,NL-NH,2026-02-23,2026-03-01,Weekly,,KG,2.74,2.74,604.0958862304688,xgboost_feat
APPLE_JONAGOLD,GREENACRES,NL-NH,2026-03-02,2026-03-08,Weekly,,KG,2.74,2.74,639.0684204101562,xgboost_feat
APPLE_JONAGOLD,GREENACRES,NL-NH,2026-03-09,2026-03-15,Weekly,,KG,2.74,2.74,625.57568359375,xgboost_feat
APPLE_JONAGOLD,GREENACRES,NL-NH,2026-03-16,2026-03-22,Weekly,,KG,2.74,2.74,599.71142578125,xgboost_feat
APPLE_JONAGOLD,GREENACRES,NL-NH,2026-03-23,2026-03-29,Weekly,,KG,2.74,2.74,601.1780395507812,xgboost_feat
APPLE_JONAGOLD,GREENACRES,NL-NH,2026-03-30,2026-04-05,Weekly,,KG,2.74,2.74,605.6693115234375,xgboost_feat
APPLE_JONAGOLD,GREENACRES,NL-NH,2026-04-06,2026-04-12,Weekly,,KG,2.74,2.74,597.0994262695312,xgboost_feat
APPLE_JONAGOLD,GREENACRES,NL-NH,2026-04-13,2026-04-19,Weekly,,KG,2.74,2.74,550.1798706054688,xgboost_feat
APPLE_JONAGOLD,GREENACRES,NL-NH,2026-04-20,2026-04-26,Weekly,,KG,2.74,2.74,598.5831298828125,xgboost_feat
APPLE_JONAGOLD,GREENACRES,NL-NH,2026-04-27,2026-05-03,Weekly,,KG,2.74,2.74,580.9927368164062,xgboost_feat
APPLE_JONAGOLD,GREENACRES,NL-ZH,2026-02-02,2026-02-08,Weekly,,KG,2.916,2.916,585.5052490234375,xgboost_feat
APPLE_JONAGOLD,GREENACRES,NL-ZH,2026-02-09,2026-02-15,Weekly,,KG,2.916,2.916,592.7427978515625,xgboost_feat
APPLE_JONAGOLD,GREENACRES,NL-ZH,2026-02-16,2026-02-22,Weekly,,KG,2.916,2.916,599.3040161132812,xgboost_feat
APPLE_JONAGOLD,GREENACRES,NL-ZH,2026-02-23,2026-03-01,Weekly,,KG,2.916,2.916,626.3857421875,xgboost_feat
APPLE_JONAGOLD,GREENACRES,NL-ZH,2026-03-02,2026-03-08,Weekly,,KG,2.916,2.916,620.2427368164062,xgboost_feat
APPLE_JONAGOLD,GREENACRES,NL-ZH,2026-03-09,2026-03-15,Weekly,,KG,2.916,2.916,614.99951171875,xgboost_feat
APPLE_JONAGOLD,GREENACRES,NL-ZH,2026-03-16,2026-03-22,Weekly,,KG,2.916,2.916,600.2810668945312,xgboost_feat
APPLE_JONAGOLD,GREENACRES,NL-ZH,2026-03-23,2026-03-29,Weekly,,KG,2.916,2.916,599.6470336914062,xgboost_feat
APPLE_JONAGOLD,GREENACRES,NL-ZH,2026-03-30,2026-04-05,Weekly,,KG,2.916,2.916,611.8466186523438,xgboost_feat
APPLE_JONAGOLD,GREENACRES,NL-ZH,2026-04-06,2026-04-12,Weekly,,KG,2.916,2.916,602.0022583007812,xgboost_feat
APPLE_JONAGOLD,GREENACRES,NL-ZH,2026-04-13,2026-04-19,Weekly,,KG,2.916,2.916,581.0822143554688,xgboost_feat
APPLE_JONAGOLD,GREENACRES,NL-ZH,2026-04-20,2026-04-26,Weekly,,KG,2.916,2.916,594.03857421875,xgboost_feat
APPLE_JONAGOLD,GREENACRES,NL-ZH,2026-04-27,2026-05-03,Weekly,,KG,2.916,2.916,588.4781494140625,xgboost_feat
APPLE_JONAGOLD,HELLOFRESH,NL-GE,2026-02-02,2026-02-08,Weekly,,KG,2.531,2.531,579.14404296875,xgboost_feat
APPLE_JONAGOLD,HELLOFRESH,NL-GE,2026-02-09,2026-02-15,Weekly,,KG,2.531,2.531,592.2554321289062,xgboost_feat
APPLE_JONAGOLD,HELLOFRESH,NL-GE,2026-02-16,2026-02-22,Weekly,,KG,2.531,2.531,602.8084106445312,xgboost_feat
APPLE_JONAGOLD,HELLOFRESH,NL-GE,2026-02-23,2026-03-01,Weekly,,KG,2.531,2.531,612.1888427734375,xgboost_feat
APPLE_JONAGOLD,HELLOFRESH,NL-GE,2026-03-02,2026-03-08,Weekly,,KG,2.531,2.531,628.42529296875,xgboost_feat
APPLE_JONAGOLD,HELLOFRESH,NL-GE,2026-03-09,2026-03-15,Weekly,,KG,2.531,2.531,652.1102905273438,xgboost_feat
APPLE_JONAGOLD,HELLOFRESH,NL-GE,2026-03-16,2026-03-22,Weekly,,KG,2.531,2.531,599.8968505859375,xgboost_feat
APPLE_JONAGOLD,HELLOFRESH,NL-GE,2026-03-23,2026-03-29,Weekly,,KG,2.531,2.531,602.0349731445312,xgboost_feat
APPLE_JONAGOLD,HELLOFRESH,NL-GE,2026-03-30,2026-04-05,Weekly,,KG,2.531,2.531,619.6480712890625,xgboost_feat
APPLE_JONAGOLD,HELLOFRESH,NL-GE,2026-04-06,2026-04-12,Weekly,,KG,2.531,2.531,621.200439453125,xgboost_feat
APPLE_JONAGOLD,HELLOFRESH,NL-GE,2026-04-13,2026-04-19,Weekly,,KG,2.531,2.531,580.178466796875,xgboost_feat
APPLE_JONAGOLD,HELLOFRESH,NL-GE,2026-04-20,2026-04-26,Weekly,,KG,2.531,2.531,599.5891723632812,xgboost_feat
APPLE_JONAGOLD,HELLOFRESH,NL-GE,2026-04-27,2026-05-03,Weekly,,KG,2.531,2.531,597.9888916015625,xgboost_feat
APPLE_JONAGOLD,HELLOFRESH,NL-NB,2026-02-02,2026-02-08,Weekly,,KG,2.602,2.602,592.4260864257812,xgboost_feat
APPLE_JONAGOLD,HELLOFRESH,NL-NB,2026-02-09,2026-02-15,Weekly,,KG,2.602,2.602,601.44482421875,xgboost_feat
APPLE_JONAGOLD,HELLOFRESH,NL-NB,2026-02-16,2026-02-22,Weekly,,KG,2.602,2.602,625.2869262695312,xgboost_feat
APPLE_JONAGOLD,HELLOFRESH,NL-NB,2026-02-23,2026-03-01,Weekly,,KG,2.602,2.602,619.1243896484375,xgboost_feat
APPLE_JONAGOLD,HELLOFRESH,NL-NB,2026-03-02,2026-03-08,Weekly,,KG,2.602,2.602,625.9611206054688,xgboost_feat
APPLE_JONAGOLD,HELLOFRESH,NL-NB,2026-03-09,2026-03-15,Weekly,,KG,2.602,2.602,621.83984375,xgboost_feat
APPLE_JONAGOLD,HELLOFRESH,NL-NB,2026-03-16,2026-03-22,Weekly,,KG,2.602,2.602,605.2299194335938,xgboost_feat
APPLE_JONAGOLD,HELLOFRESH,NL-NB,2026-03-23,2026-03-29,Weekly,,KG,2.602,2.602,603.375,xgboost_feat
APPLE_JONAGOLD,HELLOFRESH,NL-NB,2026-03-30,2026-04-05,Weekly,,KG,2.602,2.602,638.5813598632812,xgboost_feat
APPLE_JONAGOLD,HELLOFRESH,NL-NB,2026-04-06,2026-04-12,Weekly,,KG,2.602,2.602,612.4024047851562,xgboost_feat
APPLE_JONAGOLD,HELLOFRESH,NL-NB,2026-04-13,2026-04-19,Weekly,,KG,2.602,2.602,571.3887329101562,xgboost_feat
APPLE_JONAGOLD,HELLOFRESH,NL-NB,2026-04-20,2026-04-26,Weekly,,KG,2.602,2.602,599.2799682617188,xgboost_feat
APPLE_JONAGOLD,HELLOFRESH,NL-NB,2026-04-27,2026-05-03,Weekly,,KG,2.602,2.602,582.9898071289062,xgboost_feat
APPLE_JONAGOLD,HELLOFRESH,NL-NH,2026-02-02,2026-02-08,Weekly,,KG,2.771,2.771,588.8695068359375,xgboost_feat
APPLE_JONAGOLD,HELLOFRESH,NL-NH,2026-02-09,2026-02-15,Weekly,,KG,2.771,2.771,562.2949829101562,xgboost_feat
APPLE_JONAGOLD,HELLOFRESH,NL-NH,2026-02-16,2026-02-22,Weekly,,KG,2.771,2.771,593.7377319335938,xgboost_feat
APPLE_JONAGOLD,HELLOFRESH,NL-NH,2026-02-23,2026-03-01,Weekly,,KG,2.771,2.771,616.5142822265625,xgboost_feat
APPLE_JONAGOLD,HELLOFRESH,NL-NH,2026-03-02,2026-03-08,Weekly,,KG,2.771,2.771,634.5584716796875,xgboost_feat
APPLE_JONAGOLD,HELLOFRESH,NL-NH,2026-03-09,2026-03-15,Weekly,,KG,2.771,2.771,624.08935546875,xgboost_feat
APPLE_JONAGOLD,HELLOFRESH,NL-NH,2026-03-16,2026-03-22,Weekly,,KG,2.771,2.771,606.021240234375,xgboost_feat
APPLE_JONAGOLD,HELLOFRESH,NL-NH,2026-03-23,2026-03-29,Weekly,,KG,2.771,2.771,611.8972778320312,xgboost_feat
APPLE_JONAGOLD,HELLOFRESH,NL-NH,2026-03-30,2026-04-05,Weekly,,KG,2.771,2.771,611.0276489257812,xgboost_feat
APPLE_JONAGOLD,HELLOFRESH,NL-NH,2026-04-06,2026-04-12,Weekly,,KG,2.771,2.771,602.87109375,xgboost_feat
APPLE_JONAGOLD,HELLOFRESH,NL-NH,2026-04-13,2026-04-19,Weekly,,KG,2.771,2.771,561.9262084960938,xgboost_feat
APPLE_JONAGOLD,HELLOFRESH,NL-NH,2026-04-20,2026-04-26,Weekly,,KG,2.771,2.771,604.0531616210938,xgboost_feat
APPLE_JONAGOLD,HELLOFRESH,NL-NH,2026-04-27,2026-05-03,Weekly,,KG,2.771,2.771,583.475830078125,xgboost_feat
APPLE_JONAGOLD,HELLOFRESH,NL-ZH,2026-02-02,2026-02-08,Weekly,,KG,2.879,2.879,582.8672485351562,xgboost_feat
APPLE_JONAGOLD,HELLOFRESH,NL-ZH,2026-02-09,2026-02-15,Weekly,,KG,2.879,2.879,585.7442016601562,xgboost_feat
APPLE_JONAGOLD,HELLOFRESH,NL-ZH,2026-02-16,2026-02-22,Weekly,,KG,2.879,2.879,593.907958984375,xgboost_feat
APPLE_JONAGOLD,HELLOFRESH,NL-ZH,2026-02-23,2026-03-01,Weekly,,KG,2.879,2.879,595.9605102539062,xgboost_feat
APPLE_JONAGOLD,HELLOFRESH,NL-ZH,2026-03-02,2026-03-08,Weekly,,KG,2.879,2.879,617.45556640625,xgboost_feat
APPLE_JONAGOLD,HELLOFRESH,NL-ZH,2026-03-09,2026-03-15,Weekly,,KG,2.879,2.879,620.6509399414062,xgboost_feat
APPLE_JONAGOLD,HELLOFRESH,NL-ZH,2026-03-16,2026-03-22,Weekly,,KG,2.879,2.879,606.244140625,xgboost_feat
APPLE_JONAGOLD,HELLOFRESH,NL-ZH,2026-03-23,2026-03-29,Weekly,,KG,2.879,2.879,613.7860107421875,xgboost_feat
APPLE_JONAGOLD,HELLOFRESH,NL-ZH,2026-03-30,2026-04-05,Weekly,,KG,2.879,2.879,624.4893188476562,xgboost_feat
APPLE_JONAGOLD,HELLOFRESH,NL-ZH,2026-04-06,2026-04-12,Weekly,,KG,2.879,2.879,604.6292114257812,xgboost_feat
APPLE_JONAGOLD,HELLOFRESH,NL-ZH,2026-04-13,2026-04-19,Weekly,,KG,2.879,2.879,580.9093017578125,xgboost_feat
APPLE_JONAGOLD,HELLOFRESH,NL-ZH,2026-04-20,2026-04-26,Weekly,,KG,2.879,2.879,592.2589721679688,xgboost_feat
APPLE_JONAGOLD,HELLOFRESH,NL-ZH,2026-04-27,2026-05-03,Weekly,,KG,2.879,2.879,590.4044189453125,xgboost_feat
APPLE_JONAGOLD,HOLLANDFOODSERVICE,NL-GE,2026-02-02,2026-02-08,Weekly,,KG,2.698,2.698,576.2489013671875,xgboost_feat
APPLE_JONAGOLD,HOLLANDFOODSERVICE,NL-GE,2026-02-09,2026-02-15,Weekly,,KG,2.698,2.698,584.3956298828125,xgboost_feat
APPLE_JONAGOLD,HOLLANDFOODSERVICE,NL-GE,2026-02-16,2026-02-22,Weekly,,KG,2.698,2.698,591.7632446289062,xgboost_feat
APPLE_JONAGOLD,HOLLANDFOODSERVICE,NL-GE,2026-02-23,2026-03-01,Weekly,,KG,2.698,2.698,598.587890625,xgboost_feat
APPLE_JONAGOLD,HOLLANDFOODSERVICE,NL-GE,2026-03-02,2026-03-08,Weekly,,KG,2.698,2.698,614.0347290039062,xgboost_feat
APPLE_JONAGOLD,HOLLANDFOODSERVICE,NL-GE,2026-03-09,2026-03-15,Weekly,,KG,2.698,2.698,648.9158325195312,xgboost_feat
APPLE_JONAGOLD,HOLLANDFOODSERVICE,NL-GE,2026-03-16,2026-03-22,Weekly,,KG,2.698,2.698,598.496337890625,xgboost_feat
APPLE_JONAGOLD,HOLLANDFOODSERVICE,NL-GE,2026-03-23,2026-03-29,Weekly,,KG,2.698,2.698,603.5252075195312,xgboost_feat
APPLE_JONAGOLD,HOLLANDFOODSERVICE,NL-GE,2026-03-30,2026-04-05,Weekly,,KG,2.698,2.698,611.6189575195312,xgboost_feat
APPLE_JONAGOLD,HOLLANDFOODSERVICE,NL-GE,2026-04-06,2026-04-12,Weekly,,KG,2.698,2.698,603.184814453125,xgboost_feat
APPLE_JONAGOLD,HOLLANDFOODSERVICE,NL-GE,2026-04-13,2026-04-19,Weekly,,KG,2.698,2.698,568.9258422851562,xgboost_feat
APPLE_JONAGOLD,HOLLANDFOODSERVICE,NL-GE,2026-04-20,2026-04-26,Weekly,,KG,2.698,2.698,594.4807739257812,xgboost_feat
APPLE_JONAGOLD,HOLLANDFOODSERVICE,NL-GE,2026-04-27,2026-05-03,Weekly,,KG,2.698,2.698,586.5308837890625,xgboost_feat
APPLE_JONAGOLD,HOLLANDFOODSERVICE,NL-NB,2026-02-02,2026-02-08,Weekly,,KG,2.597,2.597,592.2332153320312,xgboost_feat
APPLE_JONAGOLD,HOLLANDFOODSERVICE,NL-NB,2026-02-09,2026-02-15,Weekly,,KG,2.597,2.597,598.2889404296875,xgboost_feat
APPLE_JONAGOLD,HOLLANDFOODSERVICE,NL-NB,2026-02-16,2026-02-22,Weekly,,KG,2.597,2.597,621.2403564453125,xgboost_feat
APPLE_JONAGOLD,HOLLANDFOODSERVICE,NL-NB,2026-02-23,2026-03-01,Weekly,,KG,2.597,2.597,608.5914306640625,xgboost_feat
APPLE_JONAGOLD,HOLLANDFOODSERVICE,NL-NB,2026-03-02,2026-03-08,Weekly,,KG,2.597,2.597,616.928466796875,xgboost_feat
APPLE_JONAGOLD,HOLLANDFOODSERVICE,NL-NB,2026-03-09,2026-03-15,Weekly,,KG,2.597,2.597,616.4315795898438,xgboost_feat
APPLE_JONAGOLD,HOLLANDFOODSERVICE,NL-NB,2026-03-16,2026-03-22,Weekly,,KG,2.597,2.597,602.6388549804688,xgboost_feat
APPLE_JONAGOLD,HOLLANDFOODSERVICE,NL-NB,2026-03-23,2026-03-29,Weekly,,KG,2.597,2.597,602.9031372070312,xgboost_feat
APPLE_JONAGOLD,HOLLANDFOODSERVICE,NL-NB,2026-03-30,2026-04-05,Weekly,,KG,2.597,2.597,633.7774658203125,xgboost_feat
APPLE_JONAGOLD,HOLLANDFOODSERVICE,NL-NB,2026-04-06,2026-04-12,Weekly,,KG,2.597,2.597,602.6116333007812,xgboost_feat
APPLE_JONAGOLD,HOLLANDFOODSERVICE,NL-NB,2026-04-13,2026-04-19,Weekly,,KG,2.597,2.597,559.3079833984375,xgboost_feat
APPLE_JONAGOLD,HOLLANDFOODSERVICE,NL-NB,2026-04-20,2026-04-26,Weekly,,KG,2.597,2.597,585.757080078125,xgboost_feat
APPLE_JONAGOLD,HOLLANDFOODSERVICE,NL-NB,2026-04-27,2026-05-03,Weekly,,KG,2.597,2.597,569.1019287109375,xgboost_feat
APPLE_JONAGOLD,HOLLANDFOODSERVICE,NL-NH,2026-02-02,2026-02-08,Weekly,,KG,2.789,2.789,587.3905639648438,xgboost_feat
APPLE_JONAGOLD,HOLLANDFOODSERVICE,NL-NH,2026-02-09,2026-02-15,Weekly,,KG,2.789,2.789,558.19384765625,xgboost_feat
APPLE_JONAGOLD,HOLLANDFOODSERVICE,NL-NH,2026-02-16,2026-02-22,Weekly,,KG,2.789,2.789,586.9036865234375,xgboost_feat
APPLE_JONAGOLD,HOLLANDFOODSERVICE,NL-NH,2026-02-23,2026-03-01,Weekly,,KG,2.789,2.789,615.609130859375,xgboost_feat
APPLE_JONAGOLD,HOLLANDFOODSERVICE,NL-NH,2026-03-02,2026-03-08,Weekly,,KG,2.789,2.789,631.2244873046875,xgboost_feat
APPLE_JONAGOLD,HOLLANDFOODSERVICE,NL-NH,2026-03-09,2026-03-15,Weekly,,KG,2.789,2.789,622.6990966796875,xgboost_feat
APPLE_JONAGOLD,HOLLANDFOODSERVICE,NL-NH,2026-03-16,2026-03-22,Weekly,,KG,2.789,2.789,606.4984741210938,xgboost_feat
APPLE_JONAGOLD,HOLLANDFOODSERVICE,NL-NH,2026-03-23,2026-03-29,Weekly,,KG,2.789,2.789,608.2376098632812,xgboost_feat
APPLE_JONAGOLD,HOLLANDFOODSERVICE,NL-NH,2026-03-30,2026-04-05,Weekly,,KG,2.789,2.789,605.1617431640625,xgboost_feat
APPLE_JONAGOLD,HOLLANDFOODSERVICE,NL-NH,2026-04-06,2026-04-12,Weekly,,KG,2.789,2.789,596.6881103515625,xgboost_feat
APPLE_JONAGOLD,HOLLANDFOODSERVICE,NL-NH,2026-04-13,2026-04-19,Weekly,,KG,2.789,2.789,547.667236328125,xgboost_feat
APPLE_JONAGOLD,HOLLANDFOODSERVICE,NL-NH,2026-04-20,2026-04-26,Weekly,,KG,2.789,2.789,585.2594604492188,xgboost_feat
APPLE_JONAGOLD,HOLLANDFOODSERVICE,NL-NH,2026-04-27,2026-05-03,Weekly,,KG,2.789,2.789,580.6832885742188,xgboost_feat
APPLE_JONAGOLD,HOLLANDFOODSERVICE,NL-ZH,2026-02-02,2026-02-08,Weekly,,KG,2.823,2.823,581.7262573242188,xgboost_feat
APPLE_JONAGOLD,HOLLANDFOODSERVICE,NL-ZH,2026-02-09,2026-02-15,Weekly,,KG,2.823,2.823,592.4166259765625,xgboost_feat
APPLE_JONAGOLD,HOLLANDFOODSERVICE,NL-ZH,2026-02-16,2026-02-22,Weekly,,KG,2.823,2.823,592.0048217773438,xgboost_feat
APPLE_JONAGOLD,HOLLANDFOODSERVICE,NL-ZH,2026-02-23,2026-03-01,Weekly,,KG,2.823,2.823,618.6909790039062,xgboost_feat
APPLE_JONAGOLD,HOLLANDFOODSERVICE,NL-ZH,2026-03-02,2026-03-08,Weekly,,KG,2.823,2.823,629.373291015625,xgboost_feat
APPLE_JONAGOLD,HOLLANDFOODSERVICE,NL-ZH,2026-03-09,2026-03-15,Weekly,,KG,2.823,2.823,616.8153076171875,xgboost_feat
APPLE_JONAGOLD,HOLLANDFOODSERVICE,NL-ZH,2026-03-16,2026-03-22,Weekly,,KG,2.823,2.823,602.19970703125,xgboost_feat
APPLE_JONAGOLD,HOLLANDFOODSERVICE,NL-ZH,2026-03-23,2026-03-29,Weekly,,KG,2.823,2.823,608.2726440429688,xgboost_feat
APPLE_JONAGOLD,HOLLANDFOODSERVICE,NL-ZH,2026-03-30,2026-04-05,Weekly,,KG,2.823,2.823,626.8696899414062,xgboost_feat
APPLE_JONAGOLD,HOLLANDFOODSERVICE,NL-ZH,2026-04-06,2026-04-12,Weekly,,KG,2.823,2.823,603.7321166992188,xgboost_feat
APPLE_JONAGOLD,HOLLANDFOODSERVICE,NL-ZH,2026-04-13,2026-04-19,Weekly,,KG,2.823,2.823,583.34326171875,xgboost_feat
APPLE_JONAGOLD,HOLLANDFOODSERVICE,NL-ZH,2026-04-20,2026-04-26,Weekly,,KG,2.823,2.823,594.173583984375,xgboost_feat
APPLE_JONAGOLD,HOLLANDFOODSERVICE,NL-ZH,2026-04-27,2026-05-03,Weekly,,KG,2.823,2.823,586.9932861328125,xgboost_feat
APPLE_JONAGOLD,JUMBO,NL-GE,2026-02-02,2026-02-08,Weekly,,KG,2.515,2.515,710.3900756835938,xgboost_feat
APPLE_JONAGOLD,JUMBO,NL-GE,2026-02-09,2026-02-15,Weekly,,KG,2.515,2.515,714.8934326171875,xgboost_feat
APPLE_JONAGOLD,JUMBO,NL-GE,2026-02-16,2026-02-22,Weekly,,KG,2.515,2.515,752.1744995117188,xgboost_feat
APPLE_JONAGOLD,JUMBO,NL-GE,2026-02-23,2026-03-01,Weekly,,KG,2.515,2.515,747.7296752929688,xgboost_feat
APPLE_JONAGOLD,JUMBO,NL-GE,2026-03-02,2026-03-08,Weekly,,KG,2.515,2.515,732.3615112304688,xgboost_feat
APPLE_JONAGOLD,JUMBO,NL-GE,2026-03-09,2026-03-15,Weekly,,KG,2.515,2.515,720.2517700195312,xgboost_feat
APPLE_JONAGOLD,JUMBO,NL-GE,2026-03-16,2026-03-22,Weekly,,KG,2.515,2.515,695.724609375,xgboost_feat
APPLE_JONAGOLD,JUMBO,NL-GE,2026-03-23,2026-03-29,Weekly,,KG,2.515,2.515,691.3394165039062,xgboost_feat
APPLE_JONAGOLD,JUMBO,NL-GE,2026-03-30,2026-04-05,Weekly,,KG,2.515,2.515,695.4900512695312,xgboost_feat
APPLE_JONAGOLD,JUMBO,NL-GE,2026-04-06,2026-04-12,Weekly,,KG,2.515,2.515,676.9320068359375,xgboost_feat
APPLE_JONAGOLD,JUMBO,NL-GE,2026-04-13,2026-04-19,Weekly,,KG,2.515,2.515,661.228515625,xgboost_feat
APPLE_JONAGOLD,JUMBO,NL-GE,2026-04-20,2026-04-26,Weekly,,KG,2.515,2.515,674.5035400390625,xgboost_feat
APPLE_JONAGOLD,JUMBO,NL-GE,2026-04-27,2026-05-03,Weekly,,KG,2.515,2.515,665.9852905273438,xgboost_feat
APPLE_JONAGOLD,JUMBO,NL-NB,2026-02-02,2026-02-08,Weekly,,KG,2.172,2.715,702.678955078125,xgboost_feat
APPLE_JONAGOLD,JUMBO,NL-NB,2026-02-09,2026-02-15,Weekly,,KG,2.715,2.715,646.72216796875,xgboost_feat
APPLE_JONAGOLD,JUMBO,NL-NB,2026-02-16,2026-02-22,Weekly,,KG,2.715,2.715,652.876708984375,xgboost_feat
APPLE_JONAGOLD,JUMBO,NL-NB,2026-02-23,2026-03-01,Weekly,,KG,2.715,2.715,629.859130859375,xgboost_feat
APPLE_JONAGOLD,JUMBO,NL-NB,2026-03-02,2026-03-08,Weekly,,KG,2.715,2.715,633.8712158203125,xgboost_feat
APPLE_JONAGOLD,JUMBO,NL-NB,2026-03-09,2026-03-15,Weekly,,KG,2.715,2.715,615.6986083984375,xgboost_feat
APPLE_JONAGOLD,JUMBO,NL-NB,2026-03-16,2026-03-22,Weekly,,KG,2.715,2.715,611.8389282226562,xgboost_feat
APPLE_JONAGOLD,JUMBO,NL-NB,2026-03-23,2026-03-29,Weekly,,KG,2.715,2.715,622.8289184570312,xgboost_feat
APPLE_JONAGOLD,JUMBO,NL-NB,2026-03-30,2026-04-05,Weekly,,KG,2.715,2.715,629.5517578125,xgboost_feat
APPLE_JONAGOLD,JUMBO,NL-NB,2026-04-06,2026-04-12,Weekly,,KG,2.715,2.715,612.5846557617188,xgboost_feat
APPLE_JONAGOLD,JUMBO,NL-NB,2026-04-13,2026-04-19,Weekly,,KG,2.715,2.715,604.565185546875,xgboost_feat
APPLE_JONAGOLD,JUMBO,NL-NB,2026-04-20,2026-04-26,Weekly,,KG,2.715,2.715,637.505615234375,xgboost_feat
APPLE_JONAGOLD,JUMBO,NL-NB,2026-04-27,2026-05-03,Weekly,,KG,2.715,2.715,583.0514526367188,xgboost_feat
APPLE_JONAGOLD,JUMBO,NL-NH,2026-02-02,2026-02-08,Weekly,,KG,2.824,2.824,649.0011596679688,xgboost_feat
APPLE_JONAGOLD,JUMBO,NL-NH,2026-02-09,2026-02-15,Weekly,,KG,2.824,2.824,639.5973510742188,xgboost_feat
APPLE_JONAGOLD,JUMBO,NL-NH,2026-02-16,2026-02-22,Weekly,,KG,2.824,2.824,658.1516723632812,xgboost_feat
APPLE_JONAGOLD,JUMBO,NL-NH,2026-02-23,2026-03-01,Weekly,,KG,2.824,2.824,640.1517944335938,xgboost_feat
APPLE_JONAGOLD,JUMBO,NL-NH,2026-03-02,2026-03-08,Weekly,,KG,2.824,2.824,619.9555053710938,xgboost_feat
APPLE_JONAGOLD,JUMBO,NL-NH,2026-03-09,2026-03-15,Weekly,,KG,2.824,2.824,616.9098510742188,xgboost_feat
APPLE_JONAGOLD,JUMBO,NL-NH,2026-03-16,2026-03-22,Weekly,,KG,2.824,2.824,617.0510864257812,xgboost_feat
APPLE_JONAGOLD,JUMBO,NL-NH,2026-03-23,2026-03-29,Weekly,,KG,2.824,2.824,618.9153442382812,xgboost_feat
APPLE_JONAGOLD,JUMBO,NL-NH,2026-03-30,2026-04-05,Weekly,,KG,2.824,2.824,615.8102416992188,xgboost_feat
APPLE_JONAGOLD,JUMBO,NL-NH,2026-04-06,2026-04-12,Weekly,,KG,2.824,2.824,612.9647827148438,xgboost_feat
APPLE_JONAGOLD,JUMBO,NL-NH,2026-04-13,2026-04-19,Weekly,,KG,2.824,2.824,605.411865234375,xgboost_feat
APPLE_JONAGOLD,JUMBO,NL-NH,2026-04-20,2026-04-26,Weekly,,KG,2.824,2.824,633.2422485351562,xgboost_feat
APPLE_JONAGOLD,JUMBO,NL-NH,2026-04-27,2026-05-03,Weekly,,KG,2.824,2.824,585.2074584960938,xgboost_feat
APPLE_JONAGOLD,JUMBO,NL-ZH,2026-02-02,2026-02-08,Weekly,,KG,2.939,2.939,646.0814208984375,xgboost_feat
APPLE_JONAGOLD,JUMBO,NL-ZH,2026-02-09,2026-02-15,Weekly,,KG,2.939,2.939,644.9957275390625,xgboost_feat
APPLE_JONAGOLD,JUMBO,NL-ZH,2026-02-16,2026-02-22,Weekly,,KG,2.939,2.939,650.5408935546875,xgboost_feat
APPLE_JONAGOLD,JUMBO,NL-ZH,2026-02-23,2026-03-01,Weekly,,KG,2.939,2.939,649.810302734375,xgboost_feat
APPLE_JONAGOLD,JUMBO,NL-ZH,2026-03-02,2026-03-08,Weekly,,KG,2.939,2.939,620.1197509765625,xgboost_feat
APPLE_JONAGOLD,JUMBO,NL-ZH,2026-03-09,2026-03-15,Weekly,,KG,2.939,2.939,613.0800170898438,xgboost_feat
APPLE_JONAGOLD,JUMBO,NL-ZH,2026-03-16,2026-03-22,Weekly,,KG,2.939,2.939,613.74462890625,xgboost_feat
APPLE_JONAGOLD,JUMBO,NL-ZH,2026-03-23,2026-03-29,Weekly,,KG,2.939,2.939,624.1087646484375,xgboost_feat
APPLE_JONAGOLD,JUMBO,NL-ZH,2026-03-30,2026-04-05,Weekly,,KG,2.939,2.939,627.3190307617188,xgboost_feat
APPLE_JONAGOLD,JUMBO,NL-ZH,2026-04-06,2026-04-12,Weekly,,KG,2.939,2.939,608.3086547851562,xgboost_feat
APPLE_JONAGOLD,JUMBO,NL-ZH,2026-04-13,2026-04-19,Weekly,,KG,2.939,2.939,623.4965209960938,xgboost_feat
APPLE_JONAGOLD,JUMBO,NL-ZH,2026-04-20,2026-04-26,Weekly,,KG,2.939,2.939,601.9459838867188,xgboost_feat
APPLE_JONAGOLD,JUMBO,NL-ZH,2026-04-27,2026-05-03,Weekly,,KG,2.939,2.939,589.42431640625,xgboost_feat
APPLE_JONAGOLD,MELEDI,NL-GE,2026-02-02,2026-02-08,Weekly,,KG,2.686,2.686,578.8754272460938,xgboost_feat
APPLE_JONAGOLD,MELEDI,NL-GE,2026-02-09,2026-02-15,Weekly,,KG,2.686,2.686,587.6212158203125,xgboost_feat
APPLE_JONAGOLD,MELEDI,NL-GE,2026-02-16,2026-02-22,Weekly,,KG,2.686,2.686,589.7184448242188,xgboost_feat
APPLE_JONAGOLD,MELEDI,NL-GE,2026-02-23,2026-03-01,Weekly,,KG,2.686,2.686,601.1259765625,xgboost_feat
APPLE_JONAGOLD,MELEDI,NL-GE,2026-03-02,2026-03-08,Weekly,,KG,2.686,2.686,618.7005004882812,xgboost_feat
APPLE_JONAGOLD,MELEDI,NL-GE,2026-03-09,2026-03-15,Weekly,,KG,2.686,2.686,641.3374633789062,xgboost_feat
APPLE_JONAGOLD,MELEDI,NL-GE,2026-03-16,2026-03-22,Weekly,,KG,2.686,2.686,595.2168579101562,xgboost_feat
APPLE_JONAGOLD,MELEDI,NL-GE,2026-03-23,2026-03-29,Weekly,,KG,2.686,2.686,600.0447387695312,xgboost_feat
APPLE_JONAGOLD,MELEDI,NL-GE,2026-03-30,2026-04-05,Weekly,,KG,2.686,2.686,605.0599365234375,xgboost_feat
APPLE_JONAGOLD,MELEDI,NL-GE,2026-04-06,2026-04-12,Weekly,,KG,2.686,2.686,605.2728881835938,xgboost_feat
APPLE_JONAGOLD,MELEDI,NL-GE,2026-04-13,2026-04-19,Weekly,,KG,2.686,2.686,570.978759765625,xgboost_feat
APPLE_JONAGOLD,MELEDI,NL-GE,2026-04-20,2026-04-26,Weekly,,KG,2.686,2.686,596.8667602539062,xgboost_feat
APPLE_JONAGOLD,MELEDI,NL-GE,2026-04-27,2026-05-03,Weekly,,KG,2.686,2.686,586.7151489257812,xgboost_feat
APPLE_JONAGOLD,MELEDI,NL-NB,2026-02-02,2026-02-08,Weekly,,KG,2.612,2.612,595.2890625,xgboost_feat
APPLE_JONAGOLD,MELEDI,NL-NB,2026-02-09,2026-02-15,Weekly,,KG,2.612,2.612,598.3406372070312,xgboost_feat
APPLE_JONAGOLD,MELEDI,NL-NB,2026-02-16,2026-02-22,Weekly,,KG,2.612,2.612,618.7308959960938,xgboost_feat
APPLE_JONAGOLD,MELEDI,NL-NB,2026-02-23,2026-03-01,Weekly,,KG,2.612,2.612,612.9780883789062,xgboost_feat
APPLE_JONAGOLD,MELEDI,NL-NB,2026-03-02,2026-03-08,Weekly,,KG,2.612,2.612,624.8388061523438,xgboost_feat
APPLE_JONAGOLD,MELEDI,NL-NB,2026-03-09,2026-03-15,Weekly,,KG,2.612,2.612,621.83984375,xgboost_feat
APPLE_JONAGOLD,MELEDI,NL-NB,2026-03-16,2026-03-22,Weekly,,KG,2.612,2.612,603.80810546875,xgboost_feat
APPLE_JONAGOLD,MELEDI,NL-NB,2026-03-23,2026-03-29,Weekly,,KG,2.612,2.612,605.3550415039062,xgboost_feat
APPLE_JONAGOLD,MELEDI,NL-NB,2026-03-30,2026-04-05,Weekly,,KG,2.612,2.612,635.8282470703125,xgboost_feat
APPLE_JONAGOLD,MELEDI,NL-NB,2026-04-06,2026-04-12,Weekly,,KG,2.612,2.612,603.7108764648438,xgboost_feat
APPLE_JONAGOLD,MELEDI,NL-NB,2026-04-13,2026-04-19,Weekly,,KG,2.612,2.612,564.3483276367188,xgboost_feat
APPLE_JONAGOLD,MELEDI,NL-NB,2026-04-20,2026-04-26,Weekly,,KG,2.612,2.612,592.4968872070312,xgboost_feat
APPLE_JONAGOLD,MELEDI,NL-NB,2026-04-27,2026-05-03,Weekly,,KG,2.612,2.612,576.5341796875,xgboost_feat
APPLE_JONAGOLD,MELEDI,NL-NH,2026-02-02,2026-02-08,Weekly,,KG,2.687,2.687,586.5923461914062,xgboost_feat
APPLE_JONAGOLD,MELEDI,NL-NH,2026-02-09,2026-02-15,Weekly,,KG,2.687,2.687,565.892578125,xgboost_feat
APPLE_JONAGOLD,MELEDI,NL-NH,2026-02-16,2026-02-22,Weekly,,KG,2.687,2.687,608.5343627929688,xgboost_feat
APPLE_JONAGOLD,MELEDI,NL-NH,2026-02-23,2026-03-01,Weekly,,KG,2.687,2.687,638.5237426757812,xgboost_feat
APPLE_JONAGOLD,MELEDI,NL-NH,2026-03-02,2026-03-08,Weekly,,KG,2.687,2.687,627.1302490234375,xgboost_feat
APPLE_JONAGOLD,MELEDI,NL-NH,2026-03-09,2026-03-15,Weekly,,KG,2.687,2.687,621.317626953125,xgboost_feat
APPLE_JONAGOLD,MELEDI,NL-NH,2026-03-16,2026-03-22,Weekly,,KG,2.687,2.687,598.8592529296875,xgboost_feat
APPLE_JONAGOLD,MELEDI,NL-NH,2026-03-23,2026-03-29,Weekly,,KG,2.687,2.687,595.2814331054688,xgboost_feat
APPLE_JONAGOLD,MELEDI,NL-NH,2026-03-30,2026-04-05,Weekly,,KG,2.687,2.687,599.992431640625,xgboost_feat
APPLE_JONAGOLD,MELEDI,NL-NH,2026-04-06,2026-04-12,Weekly,,KG,2.687,2.687,595.9645385742188,xgboost_feat
APPLE_JONAGOLD,MELEDI,NL-NH,2026-04-13,2026-04-19,Weekly,,KG,2.687,2.687,551.6502685546875,xgboost_feat
APPLE_JONAGOLD,MELEDI,NL-NH,2026-04-20,2026-04-26,Weekly,,KG,2.687,2.687,600.502685546875,xgboost_feat
APPLE_JONAGOLD,MELEDI,NL-NH,2026-04-27,2026-05-03,Weekly,,KG,2.687,2.687,579.5271606445312,xgboost_feat
APPLE_JONAGOLD,MELEDI,NL-ZH,2026-02-02,2026-02-08,Weekly,,KG,2.893,2.893,584.732421875,xgboost_feat
APPLE_JONAGOLD,MELEDI,NL-ZH,2026-02-09,2026-02-15,Weekly,,KG,2.893,2.893,588.8671264648438,xgboost_feat
APPLE_JONAGOLD,MELEDI,NL-ZH,2026-02-16,2026-02-22,Weekly,,KG,2.893,2.893,592.146240234375,xgboost_feat
APPLE_JONAGOLD,MELEDI,NL-ZH,2026-02-23,2026-03-01,Weekly,,KG,2.893,2.893,610.7239379882812,xgboost_feat
APPLE_JONAGOLD,MELEDI,NL-ZH,2026-03-02,2026-03-08,Weekly,,KG,2.893,2.893,628.5132446289062,xgboost_feat
APPLE_JONAGOLD,MELEDI,NL-ZH,2026-03-09,2026-03-15,Weekly,,KG,2.893,2.893,616.857177734375,xgboost_feat
APPLE_JONAGOLD,MELEDI,NL-ZH,2026-03-16,2026-03-22,Weekly,,KG,2.893,2.893,601.122802734375,xgboost_feat
APPLE_JONAGOLD,MELEDI,NL-ZH,2026-03-23,2026-03-29,Weekly,,KG,2.893,2.893,608.0802612304688,xgboost_feat
APPLE_JONAGOLD,MELEDI,NL-ZH,2026-03-30,2026-04-05,Weekly,,KG,2.893,2.893,616.357177734375,xgboost_feat
APPLE_JONAGOLD,MELEDI,NL-ZH,2026-04-06,2026-04-12,Weekly,,KG,2.893,2.893,598.3587036132812,xgboost_feat
APPLE_JONAGOLD,MELEDI,NL-ZH,2026-04-13,2026-04-19,Weekly,,KG,2.893,2.893,575.7408447265625,xgboost_feat
APPLE_JONAGOLD,MELEDI,NL-ZH,2026-04-20,2026-04-26,Weekly,,KG,2.893,2.893,594.9179077148438,xgboost_feat
APPLE_JONAGOLD,MELEDI,NL-ZH,2026-04-27,2026-05-03,Weekly,,KG,2.893,2.893,588.6992797851562,xgboost_feat
APPLE_JONAGOLD,PICNIC,NL-GE,2026-02-02,2026-02-08,Weekly,,KG,2.648,2.648,581.26806640625,xgboost_feat
APPLE_JONAGOLD,PICNIC,NL-GE,2026-02-09,2026-02-15,Weekly,,KG,2.648,2.648,593.413818359375,xgboost_feat
APPLE_JONAGOLD,PICNIC,NL-GE,2026-02-16,2026-02-22,Weekly,,KG,2.648,2.648,599.0245361328125,xgboost_feat
APPLE_JONAGOLD,PICNIC,NL-GE,2026-02-23,2026-03-01,Weekly,,KG,2.648,2.648,602.4724731445312,xgboost_feat
APPLE_JONAGOLD,PICNIC,NL-GE,2026-03-02,2026-03-08,Weekly,,KG,2.648,2.648,623.3378295898438,xgboost_feat
APPLE_JONAGOLD,PICNIC,NL-GE,2026-03-09,2026-03-15,Weekly,,KG,2.648,2.648,646.638671875,xgboost_feat
APPLE_JONAGOLD,PICNIC,NL-GE,2026-03-16,2026-03-22,Weekly,,KG,2.648,2.648,598.3154907226562,xgboost_feat
APPLE_JONAGOLD,PICNIC,NL-GE,2026-03-23,2026-03-29,Weekly,,KG,2.648,2.648,602.8220825195312,xgboost_feat
APPLE_JONAGOLD,PICNIC,NL-GE,2026-03-30,2026-04-05,Weekly,,KG,2.648,2.648,615.4808959960938,xgboost_feat
APPLE_JONAGOLD,PICNIC,NL-GE,2026-04-06,2026-04-12,Weekly,,KG,2.648,2.648,617.1383666992188,xgboost_feat
APPLE_JONAGOLD,PICNIC,NL-GE,2026-04-13,2026-04-19,Weekly,,KG,2.648,2.648,582.5364990234375,xgboost_feat
APPLE_JONAGOLD,PICNIC,NL-GE,2026-04-20,2026-04-26,Weekly,,KG,2.648,2.648,597.6100463867188,xgboost_feat
APPLE_JONAGOLD,PICNIC,NL-GE,2026-04-27,2026-05-03,Weekly,,KG,2.648,2.648,588.5176391601562,xgboost_feat
APPLE_JONAGOLD,PICNIC,NL-NB,2026-02-02,2026-02-08,Weekly,,KG,2.607,2.607,599.0430297851562,xgboost_feat
APPLE_JONAGOLD,PICNIC,NL-NB,2026-02-09,2026-02-15,Weekly,,KG,2.607,2.607,604.2493896484375,xgboost_feat
APPLE_JONAGOLD,PICNIC,NL-NB,2026-02-16,2026-02-22,Weekly,,KG,2.607,2.607,626.2221069335938,xgboost_feat
APPLE_JONAGOLD,PICNIC,NL-NB,2026-02-23,2026-03-01,Weekly,,KG,2.607,2.607,620.1930541992188,xgboost_feat
APPLE_JONAGOLD,PICNIC,NL-NB,2026-03-02,2026-03-08,Weekly,,KG,2.607,2.607,628.772216796875,xgboost_feat
APPLE_JONAGOLD,PICNIC,NL-NB,2026-03-09,2026-03-15,Weekly,,KG,2.607,2.607,625.6370849609375,xgboost_feat
APPLE_JONAGOLD,PICNIC,NL-NB,2026-03-16,2026-03-22,Weekly,,KG,2.607,2.607,607.7380981445312,xgboost_feat
APPLE_JONAGOLD,PICNIC,NL-NB,2026-03-23,2026-03-29,Weekly,,KG,2.607,2.607,611.1641845703125,xgboost_feat
APPLE_JONAGOLD,PICNIC,NL-NB,2026-03-30,2026-04-05,Weekly,,KG,2.607,2.607,640.1548461914062,xgboost_feat
APPLE_JONAGOLD,PICNIC,NL-NB,2026-04-06,2026-04-12,Weekly,,KG,2.607,2.607,614.3719482421875,xgboost_feat
APPLE_JONAGOLD,PICNIC,NL-NB,2026-04-13,2026-04-19,Weekly,,KG,2.607,2.607,573.5880737304688,xgboost_feat
APPLE_JONAGOLD,PICNIC,NL-NB,2026-04-20,2026-04-26,Weekly,,KG,2.607,2.607,601.9259033203125,xgboost_feat
APPLE_JONAGOLD,PICNIC,NL-NB,2026-04-27,2026-05-03,Weekly,,KG,2.607,2.607,590.0740966796875,xgboost_feat
APPLE_JONAGOLD,PICNIC,NL-NH,2026-02-02,2026-02-08,Weekly,,KG,2.902,2.902,585.5210571289062,xgboost_feat
APPLE_JONAGOLD,PICNIC,NL-NH,2026-02-09,2026-02-15,Weekly,,KG,2.902,2.902,559.668212890625,xgboost_feat
APPLE_JONAGOLD,PICNIC,NL-NH,2026-02-16,2026-02-22,Weekly,,KG,2.902,2.902,591.65625,xgboost_feat
APPLE_JONAGOLD,PICNIC,NL-NH,2026-02-23,2026-03-01,Weekly,,KG,2.902,2.902,613.77978515625,xgboost_feat
APPLE_JONAGOLD,PICNIC,NL-NH,2026-03-02,2026-03-08,Weekly,,KG,2.902,2.902,638.4891357421875,xgboost_feat
APPLE_JONAGOLD,PICNIC,NL-NH,2026-03-09,2026-03-15,Weekly,,KG,2.902,2.902,623.9815063476562,xgboost_feat
APPLE_JONAGOLD,PICNIC,NL-NH,2026-03-16,2026-03-22,Weekly,,KG,2.902,2.902,606.020263671875,xgboost_feat
APPLE_JONAGOLD,PICNIC,NL-NH,2026-03-23,2026-03-29,Weekly,,KG,2.902,2.902,611.9388427734375,xgboost_feat
APPLE_JONAGOLD,PICNIC,NL-NH,2026-03-30,2026-04-05,Weekly,,KG,2.902,2.902,611.281005859375,xgboost_feat
APPLE_JONAGOLD,PICNIC,NL-NH,2026-04-06,2026-04-12,Weekly,,KG,2.902,2.902,602.99169921875,xgboost_feat
APPLE_JONAGOLD,PICNIC,NL-NH,2026-04-13,2026-04-19,Weekly,,KG,2.902,2.902,562.8546752929688,xgboost_feat
APPLE_JONAGOLD,PICNIC,NL-NH,2026-04-20,2026-04-26,Weekly,,KG,2.902,2.902,599.9609375,xgboost_feat
APPLE_JONAGOLD,PICNIC,NL-NH,2026-04-27,2026-05-03,Weekly,,KG,2.902,2.902,580.7481689453125,xgboost_feat
APPLE_JONAGOLD,PICNIC,NL-ZH,2026-02-02,2026-02-08,Weekly,,KG,2.877,2.877,581.9368286132812,xgboost_feat
APPLE_JONAGOLD,PICNIC,NL-ZH,2026-02-09,2026-02-15,Weekly,,KG,2.877,2.877,588.1253051757812,xgboost_feat
APPLE_JONAGOLD,PICNIC,NL-ZH,2026-02-16,2026-02-22,Weekly,,KG,2.877,2.877,587.9415283203125,xgboost_feat
APPLE_JONAGOLD,PICNIC,NL-ZH,2026-02-23,2026-03-01,Weekly,,KG,2.877,2.877,595.5489501953125,xgboost_feat
APPLE_JONAGOLD,PICNIC,NL-ZH,2026-03-02,2026-03-08,Weekly,,KG,2.877,2.877,618.0797119140625,xgboost_feat
APPLE_JONAGOLD,PICNIC,NL-ZH,2026-03-09,2026-03-15,Weekly,,KG,2.877,2.877,620.9130249023438,xgboost_feat
APPLE_JONAGOLD,PICNIC,NL-ZH,2026-03-16,2026-03-22,Weekly,,KG,2.877,2.877,607.1655883789062,xgboost_feat
APPLE_JONAGOLD,PICNIC,NL-ZH,2026-03-23,2026-03-29,Weekly,,KG,2.877,2.877,613.7423095703125,xgboost_feat
APPLE_JONAGOLD,PICNIC,NL-ZH,2026-03-30,2026-04-05,Weekly,,KG,2.877,2.877,624.4893188476562,xgboost_feat
APPLE_JONAGOLD,PICNIC,NL-ZH,2026-04-06,2026-04-12,Weekly,,KG,2.877,2.877,604.75048828125,xgboost_feat
APPLE_JONAGOLD,PICNIC,NL-ZH,2026-04-13,2026-04-19,Weekly,,KG,2.877,2.877,585.1128540039062,xgboost_feat
APPLE_JONAGOLD,PICNIC,NL-ZH,2026-04-20,2026-04-26,Weekly,,KG,2.877,2.877,590.0049438476562,xgboost_feat
APPLE_JONAGOLD,PICNIC,NL-ZH,2026-04-27,2026-05-03,Weekly,,KG,2.877,2.877,590.4087524414062,xgboost_feat
APPLE_JONAGOLD,PLUS,NL-GE,2026-02-02,2026-02-08,Weekly,,KG,2.598,2.598,676.892578125,xgboost_feat
APPLE_JONAGOLD,PLUS,NL-GE,2026-02-09,2026-02-15,Weekly,,KG,2.598,2.598,657.8094482421875,xgboost_feat
APPLE_JONAGOLD,PLUS,NL-GE,2026-02-16,2026-02-22,Weekly,,KG,2.598,2.598,668.2974853515625,xgboost_feat
APPLE_JONAGOLD,PLUS,NL-GE,2026-02-23,2026-03-01,Weekly,,KG,2.598,2.598,676.069580078125,xgboost_feat
APPLE_JONAGOLD,PLUS,NL-GE,2026-03-02,2026-03-08,Weekly,,KG,2.598,2.598,676.6787109375,xgboost_feat
APPLE_JONAGOLD,PLUS,NL-GE,2026-03-09,2026-03-15,Weekly,,KG,2.598,2.598,655.5563354492188,xgboost_feat
APPLE_JONAGOLD,PLUS,NL-GE,2026-03-16,2026-03-22,Weekly,,KG,2.598,2.598,650.1865234375,xgboost_feat
APPLE_JONAGOLD,PLUS,NL-GE,2026-03-23,2026-03-29,Weekly,,KG,2.598,2.598,636.8469848632812,xgboost_feat
APPLE_JONAGOLD,PLUS,NL-GE,2026-03-30,2026-04-05,Weekly,,KG,2.598,2.598,652.19287109375,xgboost_feat
APPLE_JONAGOLD,PLUS,NL-GE,2026-04-06,2026-04-12,Weekly,,KG,2.598,2.598,613.4140625,xgboost_feat
APPLE_JONAGOLD,PLUS,NL-GE,2026-04-13,2026-04-19,Weekly,,KG,2.598,2.598,603.6319580078125,xgboost_feat
APPLE_JONAGOLD,PLUS,NL-GE,2026-04-20,2026-04-26,Weekly,,KG,2.598,2.598,630.7999877929688,xgboost_feat
APPLE_JONAGOLD,PLUS,NL-GE,2026-04-27,2026-05-03,Weekly,,KG,2.598,2.598,606.0890502929688,xgboost_feat
APPLE_JONAGOLD,PLUS,NL-NB,2026-02-02,2026-02-08,Weekly,,KG,2.625,2.625,666.5239868164062,xgboost_feat
APPLE_JONAGOLD,PLUS,NL-NB,2026-02-09,2026-02-15,Weekly,,KG,2.625,2.625,666.2835693359375,xgboost_feat
APPLE_JONAGOLD,PLUS,NL-NB,2026-02-16,2026-02-22,Weekly,,KG,2.625,2.625,674.5218505859375,xgboost_feat
APPLE_JONAGOLD,PLUS,NL-NB,2026-02-23,2026-03-01,Weekly,,KG,2.625,2.625,664.9082641601562,xgboost_feat
APPLE_JONAGOLD,PLUS,NL-NB,2026-03-02,2026-03-08,Weekly,,KG,2.625,2.625,646.8843994140625,xgboost_feat
APPLE_JONAGOLD,PLUS,NL-NB,2026-03-09,2026-03-15,Weekly,,KG,2.625,2.625,635.4570922851562,xgboost_feat
APPLE_JONAGOLD,PLUS,NL-NB,2026-03-16,2026-03-22,Weekly,,KG,2.625,2.625,634.2671508789062,xgboost_feat
APPLE_JONAGOLD,PLUS,NL-NB,2026-03-23,2026-03-29,Weekly,,KG,2.625,2.625,618.3944702148438,xgboost_feat
APPLE_JONAGOLD,PLUS,NL-NB,2026-03-30,2026-04-05,Weekly,,KG,2.625,2.625,633.762939453125,xgboost_feat
APPLE_JONAGOLD,PLUS,NL-NB,2026-04-06,2026-04-12,Weekly,,KG,2.625,2.625,609.6123657226562,xgboost_feat
APPLE_JONAGOLD,PLUS,NL-NB,2026-04-13,2026-04-19,Weekly,,KG,2.625,2.625,614.355224609375,xgboost_feat
APPLE_JONAGOLD,PLUS,NL-NB,2026-04-20,2026-04-26,Weekly,,KG,2.625,2.625,629.2796630859375,xgboost_feat
APPLE_JONAGOLD,PLUS,NL-NB,2026-04-27,2026-05-03,Weekly,,KG,2.625,2.625,588.6265869140625,xgboost_feat
APPLE_JONAGOLD,PLUS,NL-NH,2026-02-02,2026-02-08,Weekly,,KG,2.778,2.778,646.59033203125,xgboost_feat
APPLE_JONAGOLD,PLUS,NL-NH,2026-02-09,2026-02-15,Weekly,,KG,2.778,2.778,639.1965942382812,xgboost_feat
APPLE_JONAGOLD,PLUS,NL-NH,2026-02-16,2026-02-22,Weekly,,KG,2.778,2.778,658.0107421875,xgboost_feat
APPLE_JONAGOLD,PLUS,NL-NH,2026-02-23,2026-03-01,Weekly,,KG,2.778,2.778,658.702392578125,xgboost_feat
APPLE_JONAGOLD,PLUS,NL-NH,2026-03-02,2026-03-08,Weekly,,KG,2.778,2.778,621.2683715820312,xgboost_feat
APPLE_JONAGOLD,PLUS,NL-NH,2026-03-09,2026-03-15,Weekly,,KG,2.778,2.778,616.1795654296875,xgboost_feat
APPLE_JONAGOLD,PLUS,NL-NH,2026-03-16,2026-03-22,Weekly,,KG,2.778,2.778,615.2144775390625,xgboost_feat
APPLE_JONAGOLD,PLUS,NL-NH,2026-03-23,2026-03-29,Weekly,,KG,2.778,2.778,624.5023803710938,xgboost_feat
APPLE_JONAGOLD,PLUS,NL-NH,2026-03-30,2026-04-05,Weekly,,KG,2.778,2.778,615.8267822265625,xgboost_feat
APPLE_JONAGOLD,PLUS,NL-NH,2026-04-06,2026-04-12,Weekly,,KG,2.778,2.778,613.1257934570312,xgboost_feat
APPLE_JONAGOLD,PLUS,NL-NH,2026-04-13,2026-04-19,Weekly,,KG,2.778,2.778,606.6798706054688,xgboost_feat
APPLE_JONAGOLD,PLUS,NL-NH,2026-04-20,2026-04-26,Weekly,,KG,2.778,2.778,630.1073608398438,xgboost_feat
APPLE_JONAGOLD,PLUS,NL-NH,2026-04-27,2026-05-03,Weekly,,KG,2.778,2.778,585.49853515625,xgboost_feat
APPLE_JONAGOLD,PLUS,NL-ZH,2026-02-02,2026-02-08,Weekly,,KG,2.847,2.847,646.5465087890625,xgboost_feat
APPLE_JONAGOLD,PLUS,NL-ZH,2026-02-09,2026-02-15,Weekly,,KG,2.847,2.847,640.3528442382812,xgboost_feat
APPLE_JONAGOLD,PLUS,NL-ZH,2026-02-16,2026-02-22,Weekly,,KG,2.847,2.847,655.9263916015625,xgboost_feat
APPLE_JONAGOLD,PLUS,NL-ZH,2026-02-23,2026-03-01,Weekly,,KG,2.847,2.847,658.44580078125,xgboost_feat
APPLE_JONAGOLD,PLUS,NL-ZH,2026-03-02,2026-03-08,Weekly,,KG,2.847,2.847,632.8439331054688,xgboost_feat
APPLE_JONAGOLD,PLUS,NL-ZH,2026-03-09,2026-03-15,Weekly,,KG,2.847,2.847,609.9652099609375,xgboost_feat
APPLE_JONAGOLD,PLUS,NL-ZH,2026-03-16,2026-03-22,Weekly,,KG,2.847,2.847,619.7875366210938,xgboost_feat
APPLE_JONAGOLD,PLUS,NL-ZH,2026-03-23,2026-03-29,Weekly,,KG,2.847,2.847,637.5811157226562,xgboost_feat
APPLE_JONAGOLD,PLUS,NL-ZH,2026-03-30,2026-04-05,Weekly,,KG,2.847,2.847,638.4973754882812,xgboost_feat
APPLE_JONAGOLD,PLUS,NL-ZH,2026-04-06,2026-04-12,Weekly,,KG,2.847,2.847,624.2275390625,xgboost_feat
APPLE_JONAGOLD,PLUS,NL-ZH,2026-04-13,2026-04-19,Weekly,,KG,2.847,2.847,620.5236206054688,xgboost_feat
APPLE_JONAGOLD,PLUS,NL-ZH,2026-04-20,2026-04-26,Weekly,,KG,2.847,2.847,633.3687133789062,xgboost_feat
APPLE_JONAGOLD,PLUS,NL-ZH,2026-04-27,2026-05-03,Weekly,,KG,2.847,2.847,594.6454467773438,xgboost_feat
APPLE_JONAGOLD,SLIGRO,NL-GE,2026-02-02,2026-02-08,Weekly,,KG,2.505,2.505,585.2379760742188,xgboost_feat
APPLE_JONAGOLD,SLIGRO,NL-GE,2026-02-09,2026-02-15,Weekly,,KG,2.505,2.505,586.123291015625,xgboost_feat
APPLE_JONAGOLD,SLIGRO,NL-GE,2026-02-16,2026-02-22,Weekly,,KG,2.505,2.505,597.0047607421875,xgboost_feat
APPLE_JONAGOLD,SLIGRO,NL-GE,2026-02-23,2026-03-01,Weekly,,KG,2.505,2.505,600.5692749023438,xgboost_feat
APPLE_JONAGOLD,SLIGRO,NL-GE,2026-03-02,2026-03-08,Weekly,,KG,2.505,2.505,616.3794555664062,xgboost_feat
APPLE_JONAGOLD,SLIGRO,NL-GE,2026-03-09,2026-03-15,Weekly,,KG,2.505,2.505,648.667236328125,xgboost_feat
APPLE_JONAGOLD,SLIGRO,NL-GE,2026-03-16,2026-03-22,Weekly,,KG,2.505,2.505,594.21484375,xgboost_feat
APPLE_JONAGOLD,SLIGRO,NL-GE,2026-03-23,2026-03-29,Weekly,,KG,2.505,2.505,597.7340087890625,xgboost_feat
APPLE_JONAGOLD,SLIGRO,NL-GE,2026-03-30,2026-04-05,Weekly,,KG,2.505,2.505,611.9317626953125,xgboost_feat
APPLE_JONAGOLD,SLIGRO,NL-GE,2026-04-06,2026-04-12,Weekly,,KG,2.505,2.505,611.6837768554688,xgboost_feat
APPLE_JONAGOLD,SLIGRO,NL-GE,2026-04-13,2026-04-19,Weekly,,KG,2.505,2.505,569.4695434570312,xgboost_feat
APPLE_JONAGOLD,SLIGRO,NL-GE,2026-04-20,2026-04-26,Weekly,,KG,2.505,2.505,591.491943359375,xgboost_feat
APPLE_JONAGOLD,SLIGRO,NL-GE,2026-04-27,2026-05-03,Weekly,,KG,2.505,2.505,597.7444458007812,xgboost_feat
APPLE_JONAGOLD,SLIGRO,NL-NB,2026-02-02,2026-02-08,Weekly,,KG,2.702,2.702,597.9544067382812,xgboost_feat
APPLE_JONAGOLD,SLIGRO,NL-NB,2026-02-09,2026-02-15,Weekly,,KG,2.702,2.702,597.1007690429688,xgboost_feat
APPLE_JONAGOLD,SLIGRO,NL-NB,2026-02-16,2026-02-22,Weekly,,KG,2.702,2.702,620.7478637695312,xgboost_feat
APPLE_JONAGOLD,SLIGRO,NL-NB,2026-02-23,2026-03-01,Weekly,,KG,2.702,2.702,606.8203735351562,xgboost_feat
APPLE_JONAGOLD,SLIGRO,NL-NB,2026-03-02,2026-03-08,Weekly,,KG,2.702,2.702,621.1878051757812,xgboost_feat
APPLE_JONAGOLD,SLIGRO,NL-NB,2026-03-09,2026-03-15,Weekly,,KG,2.702,2.702,614.1172485351562,xgboost_feat
APPLE_JONAGOLD,SLIGRO,NL-NB,2026-03-16,2026-03-22,Weekly,,KG,2.702,2.702,595.0115356445312,xgboost_feat
APPLE_JONAGOLD,SLIGRO,NL-NB,2026-03-23,2026-03-29,Weekly,,KG,2.702,2.702,596.4500732421875,xgboost_feat
APPLE_JONAGOLD,SLIGRO,NL-NB,2026-03-30,2026-04-05,Weekly,,KG,2.702,2.702,623.1822509765625,xgboost_feat
APPLE_JONAGOLD,SLIGRO,NL-NB,2026-04-06,2026-04-12,Weekly,,KG,2.702,2.702,599.5396728515625,xgboost_feat
APPLE_JONAGOLD,SLIGRO,NL-NB,2026-04-13,2026-04-19,Weekly,,KG,2.702,2.702,556.6360473632812,xgboost_feat
APPLE_JONAGOLD,SLIGRO,NL-NB,2026-04-20,2026-04-26,Weekly,,KG,2.702,2.702,596.2080078125,xgboost_feat
APPLE_JONAGOLD,SLIGRO,NL-NB,2026-04-27,2026-05-03,Weekly,,KG,2.702,2.702,576.4500122070312,xgboost_feat
APPLE_JONAGOLD,SLIGRO,NL-NH,2026-02-02,2026-02-08,Weekly,,KG,2.708,2.708,591.0953979492188,xgboost_feat
APPLE_JONAGOLD,SLIGRO,NL-NH,2026-02-09,2026-02-15,Weekly,,KG,2.708,2.708,561.22314453125,xgboost_feat
APPLE_JONAGOLD,SLIGRO,NL-NH,2026-02-16,2026-02-22,Weekly,,KG,2.708,2.708,595.5506591796875,xgboost_feat
APPLE_JONAGOLD,SLIGRO,NL-NH,2026-02-23,2026-03-01,Weekly,,KG,2.708,2.708,628.1937255859375,xgboost_feat
APPLE_JONAGOLD,SLIGRO,NL-NH,2026-03-02,2026-03-08,Weekly,,KG,2.708,2.708,629.7167358398438,xgboost_feat
APPLE_JONAGOLD,SLIGRO,NL-NH,2026-03-09,2026-03-15,Weekly,,KG,2.708,2.708,619.5278930664062,xgboost_feat
APPLE_JONAGOLD,SLIGRO,NL-NH,2026-03-16,2026-03-22,Weekly,,KG,2.708,2.708,602.2526245117188,xgboost_feat
APPLE_JONAGOLD,SLIGRO,NL-NH,2026-03-23,2026-03-29,Weekly,,KG,2.708,2.708,599.02587890625,xgboost_feat
APPLE_JONAGOLD,SLIGRO,NL-NH,2026-03-30,2026-04-05,Weekly,,KG,2.708,2.708,598.0643920898438,xgboost_feat
APPLE_JONAGOLD,SLIGRO,NL-NH,2026-04-06,2026-04-12,Weekly,,KG,2.708,2.708,596.8104248046875,xgboost_feat
APPLE_JONAGOLD,SLIGRO,NL-NH,2026-04-13,2026-04-19,Weekly,,KG,2.708,2.708,550.3946533203125,xgboost_feat
APPLE_JONAGOLD,SLIGRO,NL-NH,2026-04-20,2026-04-26,Weekly,,KG,2.708,2.708,602.0374755859375,xgboost_feat
APPLE_JONAGOLD,SLIGRO,NL-NH,2026-04-27,2026-05-03,Weekly,,KG,2.708,2.708,582.085205078125,xgboost_feat
APPLE_JONAGOLD,SLIGRO,NL-ZH,2026-02-02,2026-02-08,Weekly,,KG,2.866,2.866,590.983154296875,xgboost_feat
APPLE_JONAGOLD,SLIGRO,NL-ZH,2026-02-09,2026-02-15,Weekly,,KG,2.866,2.866,586.268798828125,xgboost_feat
APPLE_JONAGOLD,SLIGRO,NL-ZH,2026-02-16,2026-02-22,Weekly,,KG,2.866,2.866,592.6983032226562,xgboost_feat
APPLE_JONAGOLD,SLIGRO,NL-ZH,2026-02-23,2026-03-01,Weekly,,KG,2.866,2.866,612.4616088867188,xgboost_feat
APPLE_JONAGOLD,SLIGRO,NL-ZH,2026-03-02,2026-03-08,Weekly,,KG,2.866,2.866,618.45703125,xgboost_feat
APPLE_JONAGOLD,SLIGRO,NL-ZH,2026-03-09,2026-03-15,Weekly,,KG,2.866,2.866,617.2659301757812,xgboost_feat
APPLE_JONAGOLD,SLIGRO,NL-ZH,2026-03-16,2026-03-22,Weekly,,KG,2.866,2.866,600.3112182617188,xgboost_feat
APPLE_JONAGOLD,SLIGRO,NL-ZH,2026-03-23,2026-03-29,Weekly,,KG,2.866,2.866,596.1297607421875,xgboost_feat
APPLE_JONAGOLD,SLIGRO,NL-ZH,2026-03-30,2026-04-05,Weekly,,KG,2.866,2.866,611.86376953125,xgboost_feat
APPLE_JONAGOLD,SLIGRO,NL-ZH,2026-04-06,2026-04-12,Weekly,,KG,2.866,2.866,597.6609497070312,xgboost_feat
APPLE_JONAGOLD,SLIGRO,NL-ZH,2026-04-13,2026-04-19,Weekly,,KG,2.866,2.866,576.2615966796875,xgboost_feat
APPLE_JONAGOLD,SLIGRO,NL-ZH,2026-04-20,2026-04-26,Weekly,,KG,2.866,2.866,594.671875,xgboost_feat
APPLE_JONAGOLD,SLIGRO,NL-ZH,2026-04-27,2026-05-03,Weekly,,KG,2.866,2.866,589.2843627929688,xgboost_feat
Blueberry_AtlasBlue,AH,NL-GE,2026-02-02,2026-02-08,Weekly,,KG,2.711,2.711,677.9324951171875,xgboost_feat
Blueberry_AtlasBlue,AH,NL-GE,2026-02-09,2026-02-15,Weekly,,KG,2.711,2.711,696.0814819335938,xgboost_feat
Blueberry_AtlasBlue,AH,NL-GE,2026-02-16,2026-02-22,Weekly,,KG,2.711,2.711,709.2669677734375,xgboost_feat
Blueberry_AtlasBlue,AH,NL-GE,2026-02-23,2026-03-01,Weekly,,KG,2.711,2.711,692.2766723632812,xgboost_feat
Blueberry_AtlasBlue,AH,NL-GE,2026-03-02,2026-03-08,Weekly,,KG,2.711,2.711,681.1557006835938,xgboost_feat
Blueberry_AtlasBlue,AH,NL-GE,2026-03-09,2026-03-15,Weekly,,KG,2.711,2.711,688.0747680664062,xgboost_feat
Blueberry_AtlasBlue,AH,NL-GE,2026-03-16,2026-03-22,Weekly,,KG,2.711,2.711,669.501220703125,xgboost_feat
Blueberry_AtlasBlue,AH,NL-GE,2026-03-23,2026-03-29,Weekly,,KG,2.711,2.711,679.4353637695312,xgboost_feat
Blueberry_AtlasBlue,AH,NL-GE,2026-03-30,2026-04-05,Weekly,,KG,2.711,2.711,677.7186889648438,xgboost_feat
Blueberry_AtlasBlue,AH,NL-GE,2026-04-06,2026-04-12,Weekly,,KG,2.711,2.711,654.7373657226562,xgboost_feat
Blueberry_AtlasBlue,AH,NL-GE,2026-04-13,2026-04-19,Weekly,,KG,2.711,2.711,631.9589233398438,xgboost_feat
Blueberry_AtlasBlue,AH,NL-GE,2026-04-20,2026-04-26,Weekly,,KG,2.711,2.711,647.822509765625,xgboost_feat
Blueberry_AtlasBlue,AH,NL-GE,2026-04-27,2026-05-03,Weekly,,KG,2.711,2.711,629.3443603515625,xgboost_feat
Blueberry_AtlasBlue,AH,NL-NB,2026-02-02,2026-02-08,Weekly,,KG,2.75,2.75,651.904052734375,xgboost_feat
Blueberry_AtlasBlue,AH,NL-NB,2026-02-09,2026-02-15,Weekly,,KG,2.75,2.75,680.6757202148438,xgboost_feat
Blueberry_AtlasBlue,AH,NL-NB,2026-02-16,2026-02-22,Weekly,,KG,2.75,2.75,684.433349609375,xgboost_feat
Blueberry_AtlasBlue,AH,NL-NB,2026-02-23,2026-03-01,Weekly,,KG,2.75,2.75,679.2604370117188,xgboost_feat
Blueberry_AtlasBlue,AH,NL-NB,2026-03-02,2026-03-08,Weekly,,KG,2.75,2.75,679.130859375,xgboost_feat
Blueberry_AtlasBlue,AH,NL-NB,2026-03-09,2026-03-15,Weekly,,KG,2.75,2.75,672.4617309570312,xgboost_feat
Blueberry_AtlasBlue,AH,NL-NB,2026-03-16,2026-03-22,Weekly,,KG,2.75,2.75,665.44189453125,xgboost_feat
Blueberry_AtlasBlue,AH,NL-NB,2026-03-23,2026-03-29,Weekly,,KG,2.75,2.75,661.2518920898438,xgboost_feat
Blueberry_AtlasBlue,AH,NL-NB,2026-03-30,2026-04-05,Weekly,,KG,2.75,2.75,667.274169921875,xgboost_feat
Blueberry_AtlasBlue,AH,NL-NB,2026-04-06,2026-04-12,Weekly,,KG,2.75,2.75,632.77490234375,xgboost_feat
Blueberry_AtlasBlue,AH,NL-NB,2026-04-13,2026-04-19,Weekly,,KG,2.75,2.75,622.0980224609375,xgboost_feat
Blueberry_AtlasBlue,AH,NL-NB,2026-04-20,2026-04-26,Weekly,,KG,2.75,2.75,592.69287109375,xgboost_feat
Blueberry_AtlasBlue,AH,NL-NB,2026-04-27,2026-05-03,Weekly,,KG,2.75,2.75,587.4800415039062,xgboost_feat
Blueberry_AtlasBlue,AH,NL-NH,2026-02-02,2026-02-08,Weekly,,KG,2.877,2.877,674.6312255859375,xgboost_feat
Blueberry_AtlasBlue,AH,NL-NH,2026-02-09,2026-02-15,Weekly,,KG,2.877,2.877,638.446533203125,xgboost_feat
Blueberry_AtlasBlue,AH,NL-NH,2026-02-16,2026-02-22,Weekly,,KG,2.877,2.877,690.4769897460938,xgboost_feat
Blueberry_AtlasBlue,AH,NL-NH,2026-02-23,2026-03-01,Weekly,,KG,2.877,2.877,649.9651489257812,xgboost_feat
Blueberry_AtlasBlue,AH,NL-NH,2026-03-02,2026-03-08,Weekly,,KG,2.877,2.877,656.7561645507812,xgboost_feat
Blueberry_AtlasBlue,AH,NL-NH,2026-03-09,2026-03-15,Weekly,,KG,2.877,2.877,633.6697998046875,xgboost_feat
Blueberry_AtlasBlue,AH,NL-NH,2026-03-16,2026-03-22,Weekly,,KG,2.877,2.877,663.2362060546875,xgboost_feat
Blueberry_AtlasBlue,AH,NL-NH,2026-03-23,2026-03-29,Weekly,,KG,2.877,2.877,650.6654663085938,xgboost_feat
Blueberry_AtlasBlue,AH,NL-NH,2026-03-30,2026-04-05,Weekly,,KG,2.877,2.877,644.531982421875,xgboost_feat
Blueberry_AtlasBlue,AH,NL-NH,2026-04-06,2026-04-12,Weekly,,KG,2.877,2.877,595.057861328125,xgboost_feat
Blueberry_AtlasBlue,AH,NL-NH,2026-04-13,2026-04-19,Weekly,,KG,2.877,2.877,565.2796020507812,xgboost_feat
Blueberry_AtlasBlue,AH,NL-NH,2026-04-20,2026-04-26,Weekly,,KG,2.877,2.877,594.5821533203125,xgboost_feat
Blueberry_AtlasBlue,AH,NL-NH,2026-04-27,2026-05-03,Weekly,,KG,2.877,2.877,571.1336059570312,xgboost_feat
Blueberry_AtlasBlue,AH,NL-ZH,2026-02-02,2026-02-08,Weekly,,KG,2.846,2.846,677.7103271484375,xgboost_feat
Blueberry_AtlasBlue,AH,NL-ZH,2026-02-09,2026-02-15,Weekly,,KG,2.846,2.846,652.161376953125,xgboost_feat
Blueberry_AtlasBlue,AH,NL-ZH,2026-02-16,2026-02-22,Weekly,,KG,2.846,2.846,667.8023071289062,xgboost_feat
Blueberry_AtlasBlue,AH,NL-ZH,2026-02-23,2026-03-01,Weekly,,KG,2.846,2.846,645.7124633789062,xgboost_feat
Blueberry_AtlasBlue,AH,NL-ZH,2026-03-02,2026-03-08,Weekly,,KG,2.846,2.846,664.389404296875,xgboost_feat
Blueberry_AtlasBlue,AH,NL-ZH,2026-03-09,2026-03-15,Weekly,,KG,2.846,2.846,649.4518432617188,xgboost_feat
Blueberry_AtlasBlue,AH,NL-ZH,2026-03-16,2026-03-22,Weekly,,KG,2.846,2.846,642.8176879882812,xgboost_feat
Blueberry_AtlasBlue,AH,NL-ZH,2026-03-23,2026-03-29,Weekly,,KG,2.846,2.846,636.0956420898438,xgboost_feat
Blueberry_AtlasBlue,AH,NL-ZH,2026-03-30,2026-04-05,Weekly,,KG,2.846,2.846,643.5060424804688,xgboost_feat
Blueberry_AtlasBlue,AH,NL-ZH,2026-04-06,2026-04-12,Weekly,,KG,2.846,2.846,601.0429077148438,xgboost_feat
Blueberry_AtlasBlue,AH,NL-ZH,2026-04-13,2026-04-19,Weekly,,KG,2.846,2.846,576.8134765625,xgboost_feat
Blueberry_AtlasBlue,AH,NL-ZH,2026-04-20,2026-04-26,Weekly,,KG,2.846,2.846,598.35498046875,xgboost_feat
Blueberry_AtlasBlue,AH,NL-ZH,2026-04-27,2026-05-03,Weekly,,KG,2.846,2.846,588.7323608398438,xgboost_feat
Blueberry_AtlasBlue,FLINK,NL-GE,2026-02-02,2026-02-08,Weekly,,KG,2.673,2.673,589.27099609375,xgboost_feat
Blueberry_AtlasBlue,FLINK,NL-GE,2026-02-09,2026-02-15,Weekly,,KG,2.673,2.673,594.70751953125,xgboost_feat
Blueberry_AtlasBlue,FLINK,NL-GE,2026-02-16,2026-02-22,Weekly,,KG,2.673,2.673,594.8779907226562,xgboost_feat
Blueberry_AtlasBlue,FLINK,NL-GE,2026-02-23,2026-03-01,Weekly,,KG,2.673,2.673,598.8246459960938,xgboost_feat
Blueberry_AtlasBlue,FLINK,NL-GE,2026-03-02,2026-03-08,Weekly,,KG,2.673,2.673,617.8384399414062,xgboost_feat
Blueberry_AtlasBlue,FLINK,NL-GE,2026-03-09,2026-03-15,Weekly,,KG,2.673,2.673,643.4700317382812,xgboost_feat
Blueberry_AtlasBlue,FLINK,NL-GE,2026-03-16,2026-03-22,Weekly,,KG,2.673,2.673,598.4495239257812,xgboost_feat
Blueberry_AtlasBlue,FLINK,NL-GE,2026-03-23,2026-03-29,Weekly,,KG,2.673,2.673,603.0206909179688,xgboost_feat
Blueberry_AtlasBlue,FLINK,NL-GE,2026-03-30,2026-04-05,Weekly,,KG,2.673,2.673,613.2911376953125,xgboost_feat
Blueberry_AtlasBlue,FLINK,NL-GE,2026-04-06,2026-04-12,Weekly,,KG,2.673,2.673,612.30126953125,xgboost_feat
Blueberry_AtlasBlue,FLINK,NL-GE,2026-04-13,2026-04-19,Weekly,,KG,2.673,2.673,580.7055053710938,xgboost_feat
Blueberry_AtlasBlue,FLINK,NL-GE,2026-04-20,2026-04-26,Weekly,,KG,2.673,2.673,600.0037841796875,xgboost_feat
Blueberry_AtlasBlue,FLINK,NL-GE,2026-04-27,2026-05-03,Weekly,,KG,2.673,2.673,592.867919921875,xgboost_feat
Blueberry_AtlasBlue,FLINK,NL-NB,2026-02-02,2026-02-08,Weekly,,KG,2.689,2.689,592.7853393554688,xgboost_feat
Blueberry_AtlasBlue,FLINK,NL-NB,2026-02-09,2026-02-15,Weekly,,KG,2.689,2.689,597.8977661132812,xgboost_feat
Blueberry_AtlasBlue,FLINK,NL-NB,2026-02-16,2026-02-22,Weekly,,KG,2.689,2.689,615.3087768554688,xgboost_feat
Blueberry_AtlasBlue,FLINK,NL-NB,2026-02-23,2026-03-01,Weekly,,KG,2.689,2.689,613.4448852539062,xgboost_feat
Blueberry_AtlasBlue,FLINK,NL-NB,2026-03-02,2026-03-08,Weekly,,KG,2.689,2.689,625.8927001953125,xgboost_feat
Blueberry_AtlasBlue,FLINK,NL-NB,2026-03-09,2026-03-15,Weekly,,KG,2.689,2.689,622.6036987304688,xgboost_feat
Blueberry_AtlasBlue,FLINK,NL-NB,2026-03-16,2026-03-22,Weekly,,KG,2.689,2.689,604.9525756835938,xgboost_feat
Blueberry_AtlasBlue,FLINK,NL-NB,2026-03-23,2026-03-29,Weekly,,KG,2.689,2.689,604.79541015625,xgboost_feat
Blueberry_AtlasBlue,FLINK,NL-NB,2026-03-30,2026-04-05,Weekly,,KG,2.689,2.689,631.3141479492188,xgboost_feat
Blueberry_AtlasBlue,FLINK,NL-NB,2026-04-06,2026-04-12,Weekly,,KG,2.689,2.689,608.0298461914062,xgboost_feat
Blueberry_AtlasBlue,FLINK,NL-NB,2026-04-13,2026-04-19,Weekly,,KG,2.689,2.689,573.1660766601562,xgboost_feat
Blueberry_AtlasBlue,FLINK,NL-NB,2026-04-20,2026-04-26,Weekly,,KG,2.689,2.689,599.8349609375,xgboost_feat
Blueberry_AtlasBlue,FLINK,NL-NB,2026-04-27,2026-05-03,Weekly,,KG,2.689,2.689,582.6675415039062,xgboost_feat
Blueberry_AtlasBlue,FLINK,NL-NH,2026-02-02,2026-02-08,Weekly,,KG,2.864,2.864,581.3756713867188,xgboost_feat
Blueberry_AtlasBlue,FLINK,NL-NH,2026-02-09,2026-02-15,Weekly,,KG,2.864,2.864,566.2000732421875,xgboost_feat
Blueberry_AtlasBlue,FLINK,NL-NH,2026-02-16,2026-02-22,Weekly,,KG,2.864,2.864,593.6355590820312,xgboost_feat
Blueberry_AtlasBlue,FLINK,NL-NH,2026-02-23,2026-03-01,Weekly,,KG,2.864,2.864,616.4796752929688,xgboost_feat
Blueberry_AtlasBlue,FLINK,NL-NH,2026-03-02,2026-03-08,Weekly,,KG,2.864,2.864,639.079345703125,xgboost_feat
Blueberry_AtlasBlue,FLINK,NL-NH,2026-03-09,2026-03-15,Weekly,,KG,2.864,2.864,623.9797973632812,xgboost_feat
Blueberry_AtlasBlue,FLINK,NL-NH,2026-03-16,2026-03-22,Weekly,,KG,2.864,2.864,606.020263671875,xgboost_feat
Blueberry_AtlasBlue,FLINK,NL-NH,2026-03-23,2026-03-29,Weekly,,KG,2.864,2.864,612.6331176757812,xgboost_feat
Blueberry_AtlasBlue,FLINK,NL-NH,2026-03-30,2026-04-05,Weekly,,KG,2.864,2.864,611.8450927734375,xgboost_feat
Blueberry_AtlasBlue,FLINK,NL-NH,2026-04-06,2026-04-12,Weekly,,KG,2.864,2.864,602.88232421875,xgboost_feat
Blueberry_AtlasBlue,FLINK,NL-NH,2026-04-13,2026-04-19,Weekly,,KG,2.864,2.864,561.5794067382812,xgboost_feat
Blueberry_AtlasBlue,FLINK,NL-NH,2026-04-20,2026-04-26,Weekly,,KG,2.864,2.864,602.7906494140625,xgboost_feat
Blueberry_AtlasBlue,FLINK,NL-NH,2026-04-27,2026-05-03,Weekly,,KG,2.864,2.864,588.3265380859375,xgboost_feat
Blueberry_AtlasBlue,FLINK,NL-ZH,2026-02-02,2026-02-08,Weekly,,KG,2.926,2.926,581.8500366210938,xgboost_feat
Blueberry_AtlasBlue,FLINK,NL-ZH,2026-02-09,2026-02-15,Weekly,,KG,2.926,2.926,592.01953125,xgboost_feat
Blueberry_AtlasBlue,FLINK,NL-ZH,2026-02-16,2026-02-22,Weekly,,KG,2.926,2.926,592.3324584960938,xgboost_feat
Blueberry_AtlasBlue,FLINK,NL-ZH,2026-02-23,2026-03-01,Weekly,,KG,2.926,2.926,597.1051025390625,xgboost_feat
Blueberry_AtlasBlue,FLINK,NL-ZH,2026-03-02,2026-03-08,Weekly,,KG,2.926,2.926,617.7596435546875,xgboost_feat
Blueberry_AtlasBlue,FLINK,NL-ZH,2026-03-09,2026-03-15,Weekly,,KG,2.926,2.926,619.67919921875,xgboost_feat
Blueberry_AtlasBlue,FLINK,NL-ZH,2026-03-16,2026-03-22,Weekly,,KG,2.926,2.926,606.10205078125,xgboost_feat
Blueberry_AtlasBlue,FLINK,NL-ZH,2026-03-23,2026-03-29,Weekly,,KG,2.926,2.926,613.713134765625,xgboost_feat
Blueberry_AtlasBlue,FLINK,NL-ZH,2026-03-30,2026-04-05,Weekly,,KG,2.926,2.926,624.3910522460938,xgboost_feat
Blueberry_AtlasBlue,FLINK,NL-ZH,2026-04-06,2026-04-12,Weekly,,KG,2.926,2.926,604.8597412109375,xgboost_feat
Blueberry_AtlasBlue,FLINK,NL-ZH,2026-04-13,2026-04-19,Weekly,,KG,2.926,2.926,584.432861328125,xgboost_feat
Blueberry_AtlasBlue,FLINK,NL-ZH,2026-04-20,2026-04-26,Weekly,,KG,2.926,2.926,597.3878173828125,xgboost_feat
Blueberry_AtlasBlue,FLINK,NL-ZH,2026-04-27,2026-05-03,Weekly,,KG,2.926,2.926,591.3519897460938,xgboost_feat
Blueberry_AtlasBlue,GREENACRES,NL-GE,2026-02-02,2026-02-08,Weekly,,KG,2.928,2.928,587.0210571289062,xgboost_feat
Blueberry_AtlasBlue,GREENACRES,NL-GE,2026-02-09,2026-02-15,Weekly,,KG,2.928,2.928,588.2098999023438,xgboost_feat
Blueberry_AtlasBlue,GREENACRES,NL-GE,2026-02-16,2026-02-22,Weekly,,KG,2.928,2.928,593.4768676757812,xgboost_feat
Blueberry_AtlasBlue,GREENACRES,NL-GE,2026-02-23,2026-03-01,Weekly,,KG,2.928,2.928,598.0347290039062,xgboost_feat
Blueberry_AtlasBlue,GREENACRES,NL-GE,2026-03-02,2026-03-08,Weekly,,KG,2.928,2.928,615.5065307617188,xgboost_feat
Blueberry_AtlasBlue,GREENACRES,NL-GE,2026-03-09,2026-03-15,Weekly,,KG,2.928,2.928,644.3532104492188,xgboost_feat
Blueberry_AtlasBlue,GREENACRES,NL-GE,2026-03-16,2026-03-22,Weekly,,KG,2.928,2.928,599.7269897460938,xgboost_feat
Blueberry_AtlasBlue,GREENACRES,NL-GE,2026-03-23,2026-03-29,Weekly,,KG,2.928,2.928,603.4384155273438,xgboost_feat
Blueberry_AtlasBlue,GREENACRES,NL-GE,2026-03-30,2026-04-05,Weekly,,KG,2.928,2.928,613.6695556640625,xgboost_feat
Blueberry_AtlasBlue,GREENACRES,NL-GE,2026-04-06,2026-04-12,Weekly,,KG,2.928,2.928,612.2954711914062,xgboost_feat
Blueberry_AtlasBlue,GREENACRES,NL-GE,2026-04-13,2026-04-19,Weekly,,KG,2.928,2.928,581.7384643554688,xgboost_feat
Blueberry_AtlasBlue,GREENACRES,NL-GE,2026-04-20,2026-04-26,Weekly,,KG,2.928,2.928,596.627197265625,xgboost_feat
Blueberry_AtlasBlue,GREENACRES,NL-GE,2026-04-27,2026-05-03,Weekly,,KG,2.928,2.928,586.7493286132812,xgboost_feat
Blueberry_AtlasBlue,GREENACRES,NL-NB,2026-02-02,2026-02-08,Weekly,,KG,2.76,2.76,597.80615234375,xgboost_feat
Blueberry_AtlasBlue,GREENACRES,NL-NB,2026-02-09,2026-02-15,Weekly,,KG,2.76,2.76,595.775634765625,xgboost_feat
Blueberry_AtlasBlue,GREENACRES,NL-NB,2026-02-16,2026-02-22,Weekly,,KG,2.76,2.76,613.3124389648438,xgboost_feat
Blueberry_AtlasBlue,GREENACRES,NL-NB,2026-02-23,2026-03-01,Weekly,,KG,2.76,2.76,607.5083618164062,xgboost_feat
Blueberry_AtlasBlue,GREENACRES,NL-NB,2026-03-02,2026-03-08,Weekly,,KG,2.76,2.76,626.3148193359375,xgboost_feat
Blueberry_AtlasBlue,GREENACRES,NL-NB,2026-03-09,2026-03-15,Weekly,,KG,2.76,2.76,626.8573608398438,xgboost_feat
Blueberry_AtlasBlue,GREENACRES,NL-NB,2026-03-16,2026-03-22,Weekly,,KG,2.76,2.76,605.9730224609375,xgboost_feat
Blueberry_AtlasBlue,GREENACRES,NL-NB,2026-03-23,2026-03-29,Weekly,,KG,2.76,2.76,610.3456420898438,xgboost_feat
Blueberry_AtlasBlue,GREENACRES,NL-NB,2026-03-30,2026-04-05,Weekly,,KG,2.76,2.76,631.8506469726562,xgboost_feat
Blueberry_AtlasBlue,GREENACRES,NL-NB,2026-04-06,2026-04-12,Weekly,,KG,2.76,2.76,608.8766479492188,xgboost_feat
Blueberry_AtlasBlue,GREENACRES,NL-NB,2026-04-13,2026-04-19,Weekly,,KG,2.76,2.76,572.9970092773438,xgboost_feat
Blueberry_AtlasBlue,GREENACRES,NL-NB,2026-04-20,2026-04-26,Weekly,,KG,2.76,2.76,593.3878784179688,xgboost_feat
Blueberry_AtlasBlue,GREENACRES,NL-NB,2026-04-27,2026-05-03,Weekly,,KG,2.76,2.76,580.59375,xgboost_feat
Blueberry_AtlasBlue,GREENACRES,NL-NH,2026-02-02,2026-02-08,Weekly,,KG,2.97,2.97,589.0909423828125,xgboost_feat
Blueberry_AtlasBlue,GREENACRES,NL-NH,2026-02-09,2026-02-15,Weekly,,KG,2.97,2.97,558.6093139648438,xgboost_feat
Blueberry_AtlasBlue,GREENACRES,NL-NH,2026-02-16,2026-02-22,Weekly,,KG,2.97,2.97,586.76025390625,xgboost_feat
Blueberry_AtlasBlue,GREENACRES,NL-NH,2026-02-23,2026-03-01,Weekly,,KG,2.97,2.97,611.4253540039062,xgboost_feat
Blueberry_AtlasBlue,GREENACRES,NL-NH,2026-03-02,2026-03-08,Weekly,,KG,2.97,2.97,631.2279052734375,xgboost_feat
Blueberry_AtlasBlue,GREENACRES,NL-NH,2026-03-09,2026-03-15,Weekly,,KG,2.97,2.97,626.0523071289062,xgboost_feat
Blueberry_AtlasBlue,GREENACRES,NL-NH,2026-03-16,2026-03-22,Weekly,,KG,2.97,2.97,607.0713500976562,xgboost_feat
Blueberry_AtlasBlue,GREENACRES,NL-NH,2026-03-23,2026-03-29,Weekly,,KG,2.97,2.97,612.8257446289062,xgboost_feat
Blueberry_AtlasBlue,GREENACRES,NL-NH,2026-03-30,2026-04-05,Weekly,,KG,2.97,2.97,612.0361328125,xgboost_feat
Blueberry_AtlasBlue,GREENACRES,NL-NH,2026-04-06,2026-04-12,Weekly,,KG,2.97,2.97,602.2245483398438,xgboost_feat
Blueberry_AtlasBlue,GREENACRES,NL-NH,2026-04-13,2026-04-19,Weekly,,KG,2.97,2.97,556.4207153320312,xgboost_feat
Blueberry_AtlasBlue,GREENACRES,NL-NH,2026-04-20,2026-04-26,Weekly,,KG,2.97,2.97,595.6668701171875,xgboost_feat
Blueberry_AtlasBlue,GREENACRES,NL-NH,2026-04-27,2026-05-03,Weekly,,KG,2.97,2.97,580.9844360351562,xgboost_feat
Blueberry_AtlasBlue,GREENACRES,NL-ZH,2026-02-02,2026-02-08,Weekly,,KG,2.98,2.98,588.188232421875,xgboost_feat
Blueberry_AtlasBlue,GREENACRES,NL-ZH,2026-02-09,2026-02-15,Weekly,,KG,2.98,2.98,583.1449584960938,xgboost_feat
Blueberry_AtlasBlue,GREENACRES,NL-ZH,2026-02-16,2026-02-22,Weekly,,KG,2.98,2.98,583.4789428710938,xgboost_feat
Blueberry_AtlasBlue,GREENACRES,NL-ZH,2026-02-23,2026-03-01,Weekly,,KG,2.98,2.98,600.6231689453125,xgboost_feat
Blueberry_AtlasBlue,GREENACRES,NL-ZH,2026-03-02,2026-03-08,Weekly,,KG,2.98,2.98,613.2822265625,xgboost_feat
Blueberry_AtlasBlue,GREENACRES,NL-ZH,2026-03-09,2026-03-15,Weekly,,KG,2.98,2.98,618.1968994140625,xgboost_feat
Blueberry_AtlasBlue,GREENACRES,NL-ZH,2026-03-16,2026-03-22,Weekly,,KG,2.98,2.98,603.5429077148438,xgboost_feat
Blueberry_AtlasBlue,GREENACRES,NL-ZH,2026-03-23,2026-03-29,Weekly,,KG,2.98,2.98,607.830078125,xgboost_feat
Blueberry_AtlasBlue,GREENACRES,NL-ZH,2026-03-30,2026-04-05,Weekly,,KG,2.98,2.98,619.2413330078125,xgboost_feat
Blueberry_AtlasBlue,GREENACRES,NL-ZH,2026-04-06,2026-04-12,Weekly,,KG,2.98,2.98,598.5717163085938,xgboost_feat
Blueberry_AtlasBlue,GREENACRES,NL-ZH,2026-04-13,2026-04-19,Weekly,,KG,2.98,2.98,573.5614624023438,xgboost_feat
Blueberry_AtlasBlue,GREENACRES,NL-ZH,2026-04-20,2026-04-26,Weekly,,KG,2.98,2.98,593.329833984375,xgboost_feat
Blueberry_AtlasBlue,GREENACRES,NL-ZH,2026-04-27,2026-05-03,Weekly,,KG,2.98,2.98,590.6897583007812,xgboost_feat
Blueberry_AtlasBlue,HELLOFRESH,NL-GE,2026-02-02,2026-02-08,Weekly,,KG,2.654,2.654,590.64306640625,xgboost_feat
Blueberry_AtlasBlue,HELLOFRESH,NL-GE,2026-02-09,2026-02-15,Weekly,,KG,2.654,2.654,591.4985961914062,xgboost_feat
Blueberry_AtlasBlue,HELLOFRESH,NL-GE,2026-02-16,2026-02-22,Weekly,,KG,2.654,2.654,595.8558349609375,xgboost_feat
Blueberry_AtlasBlue,HELLOFRESH,NL-GE,2026-02-23,2026-03-01,Weekly,,KG,2.654,2.654,599.1110229492188,xgboost_feat
Blueberry_AtlasBlue,HELLOFRESH,NL-GE,2026-03-02,2026-03-08,Weekly,,KG,2.654,2.654,617.0009765625,xgboost_feat
Blueberry_AtlasBlue,HELLOFRESH,NL-GE,2026-03-09,2026-03-15,Weekly,,KG,2.654,2.654,643.8583374023438,xgboost_feat
Blueberry_AtlasBlue,HELLOFRESH,NL-GE,2026-03-16,2026-03-22,Weekly,,KG,2.654,2.654,598.8419799804688,xgboost_feat
Blueberry_AtlasBlue,HELLOFRESH,NL-GE,2026-03-23,2026-03-29,Weekly,,KG,2.654,2.654,603.4144897460938,xgboost_feat
Blueberry_AtlasBlue,HELLOFRESH,NL-GE,2026-03-30,2026-04-05,Weekly,,KG,2.654,2.654,613.680908203125,xgboost_feat
Blueberry_AtlasBlue,HELLOFRESH,NL-GE,2026-04-06,2026-04-12,Weekly,,KG,2.654,2.654,612.689697265625,xgboost_feat
Blueberry_AtlasBlue,HELLOFRESH,NL-GE,2026-04-13,2026-04-19,Weekly,,KG,2.654,2.654,580.9940795898438,xgboost_feat
Blueberry_AtlasBlue,HELLOFRESH,NL-GE,2026-04-20,2026-04-26,Weekly,,KG,2.654,2.654,600.46435546875,xgboost_feat
Blueberry_AtlasBlue,HELLOFRESH,NL-GE,2026-04-27,2026-05-03,Weekly,,KG,2.654,2.654,591.242431640625,xgboost_feat
Blueberry_AtlasBlue,HELLOFRESH,NL-NB,2026-02-02,2026-02-08,Weekly,,KG,2.801,2.801,592.9201049804688,xgboost_feat
Blueberry_AtlasBlue,HELLOFRESH,NL-NB,2026-02-09,2026-02-15,Weekly,,KG,2.801,2.801,598.9398803710938,xgboost_feat
Blueberry_AtlasBlue,HELLOFRESH,NL-NB,2026-02-16,2026-02-22,Weekly,,KG,2.801,2.801,615.1383056640625,xgboost_feat
Blueberry_AtlasBlue,HELLOFRESH,NL-NB,2026-02-23,2026-03-01,Weekly,,KG,2.801,2.801,613.7265014648438,xgboost_feat
Blueberry_AtlasBlue,HELLOFRESH,NL-NB,2026-03-02,2026-03-08,Weekly,,KG,2.801,2.801,626.1051025390625,xgboost_feat
Blueberry_AtlasBlue,HELLOFRESH,NL-NB,2026-03-09,2026-03-15,Weekly,,KG,2.801,2.801,622.7363891601562,xgboost_feat
Blueberry_AtlasBlue,HELLOFRESH,NL-NB,2026-03-16,2026-03-22,Weekly,,KG,2.801,2.801,605.0580444335938,xgboost_feat
Blueberry_AtlasBlue,HELLOFRESH,NL-NB,2026-03-23,2026-03-29,Weekly,,KG,2.801,2.801,604.8941650390625,xgboost_feat
Blueberry_AtlasBlue,HELLOFRESH,NL-NB,2026-03-30,2026-04-05,Weekly,,KG,2.801,2.801,631.4196166992188,xgboost_feat
Blueberry_AtlasBlue,HELLOFRESH,NL-NB,2026-04-06,2026-04-12,Weekly,,KG,2.801,2.801,608.1527709960938,xgboost_feat
Blueberry_AtlasBlue,HELLOFRESH,NL-NB,2026-04-13,2026-04-19,Weekly,,KG,2.801,2.801,573.6008911132812,xgboost_feat
Blueberry_AtlasBlue,HELLOFRESH,NL-NB,2026-04-20,2026-04-26,Weekly,,KG,2.801,2.801,599.475341796875,xgboost_feat
Blueberry_AtlasBlue,HELLOFRESH,NL-NB,2026-04-27,2026-05-03,Weekly,,KG,2.801,2.801,586.8924560546875,xgboost_feat
Blueberry_AtlasBlue,HELLOFRESH,NL-NH,2026-02-02,2026-02-08,Weekly,,KG,2.826,2.826,589.1643676757812,xgboost_feat
Blueberry_AtlasBlue,HELLOFRESH,NL-NH,2026-02-09,2026-02-15,Weekly,,KG,2.826,2.826,563.415771484375,xgboost_feat
Blueberry_AtlasBlue,HELLOFRESH,NL-NH,2026-02-16,2026-02-22,Weekly,,KG,2.826,2.826,594.6997680664062,xgboost_feat
Blueberry_AtlasBlue,HELLOFRESH,NL-NH,2026-02-23,2026-03-01,Weekly,,KG,2.826,2.826,615.9807739257812,xgboost_feat
Blueberry_AtlasBlue,HELLOFRESH,NL-NH,2026-03-02,2026-03-08,Weekly,,KG,2.826,2.826,634.347412109375,xgboost_feat
Blueberry_AtlasBlue,HELLOFRESH,NL-NH,2026-03-09,2026-03-15,Weekly,,KG,2.826,2.826,623.9893798828125,xgboost_feat
Blueberry_AtlasBlue,HELLOFRESH,NL-NH,2026-03-16,2026-03-22,Weekly,,KG,2.826,2.826,606.021240234375,xgboost_feat
Blueberry_AtlasBlue,HELLOFRESH,NL-NH,2026-03-23,2026-03-29,Weekly,,KG,2.826,2.826,611.9360961914062,xgboost_feat
Blueberry_AtlasBlue,HELLOFRESH,NL-NH,2026-03-30,2026-04-05,Weekly,,KG,2.826,2.826,611.0276489257812,xgboost_feat
Blueberry_AtlasBlue,HELLOFRESH,NL-NH,2026-04-06,2026-04-12,Weekly,,KG,2.826,2.826,602.88232421875,xgboost_feat
Blueberry_AtlasBlue,HELLOFRESH,NL-NH,2026-04-13,2026-04-19,Weekly,,KG,2.826,2.826,561.9188842773438,xgboost_feat
Blueberry_AtlasBlue,HELLOFRESH,NL-NH,2026-04-20,2026-04-26,Weekly,,KG,2.826,2.826,604.10400390625,xgboost_feat
Blueberry_AtlasBlue,HELLOFRESH,NL-NH,2026-04-27,2026-05-03,Weekly,,KG,2.826,2.826,585.753173828125,xgboost_feat
Blueberry_AtlasBlue,HELLOFRESH,NL-ZH,2026-02-02,2026-02-08,Weekly,,KG,3.054,3.054,581.8591918945312,xgboost_feat
Blueberry_AtlasBlue,HELLOFRESH,NL-ZH,2026-02-09,2026-02-15,Weekly,,KG,3.054,3.054,591.3090209960938,xgboost_feat
Blueberry_AtlasBlue,HELLOFRESH,NL-ZH,2026-02-16,2026-02-22,Weekly,,KG,3.054,3.054,593.0195922851562,xgboost_feat
Blueberry_AtlasBlue,HELLOFRESH,NL-ZH,2026-02-23,2026-03-01,Weekly,,KG,3.054,3.054,598.280517578125,xgboost_feat
Blueberry_AtlasBlue,HELLOFRESH,NL-ZH,2026-03-02,2026-03-08,Weekly,,KG,3.054,3.054,617.7596435546875,xgboost_feat
Blueberry_AtlasBlue,HELLOFRESH,NL-ZH,2026-03-09,2026-03-15,Weekly,,KG,3.054,3.054,620.15869140625,xgboost_feat
Blueberry_AtlasBlue,HELLOFRESH,NL-ZH,2026-03-16,2026-03-22,Weekly,,KG,3.054,3.054,606.10205078125,xgboost_feat
Blueberry_AtlasBlue,HELLOFRESH,NL-ZH,2026-03-23,2026-03-29,Weekly,,KG,3.054,3.054,613.713134765625,xgboost_feat
Blueberry_AtlasBlue,HELLOFRESH,NL-ZH,2026-03-30,2026-04-05,Weekly,,KG,3.054,3.054,624.3910522460938,xgboost_feat
Blueberry_AtlasBlue,HELLOFRESH,NL-ZH,2026-04-06,2026-04-12,Weekly,,KG,3.054,3.054,604.8597412109375,xgboost_feat
Blueberry_AtlasBlue,HELLOFRESH,NL-ZH,2026-04-13,2026-04-19,Weekly,,KG,3.054,3.054,584.524658203125,xgboost_feat
Blueberry_AtlasBlue,HELLOFRESH,NL-ZH,2026-04-20,2026-04-26,Weekly,,KG,3.054,3.054,597.387451171875,xgboost_feat
Blueberry_AtlasBlue,HELLOFRESH,NL-ZH,2026-04-27,2026-05-03,Weekly,,KG,3.054,3.054,589.2373657226562,xgboost_feat
Blueberry_AtlasBlue,HOLLANDFOODSERVICE,NL-GE,2026-02-02,2026-02-08,Weekly,,KG,2.633,2.633,587.6922607421875,xgboost_feat
Blueberry_AtlasBlue,HOLLANDFOODSERVICE,NL-GE,2026-02-09,2026-02-15,Weekly,,KG,2.633,2.633,585.718994140625,xgboost_feat
Blueberry_AtlasBlue,HOLLANDFOODSERVICE,NL-GE,2026-02-16,2026-02-22,Weekly,,KG,2.633,2.633,596.56005859375,xgboost_feat
Blueberry_AtlasBlue,HOLLANDFOODSERVICE,NL-GE,2026-02-23,2026-03-01,Weekly,,KG,2.633,2.633,600.189453125,xgboost_feat
Blueberry_AtlasBlue,HOLLANDFOODSERVICE,NL-GE,2026-03-02,2026-03-08,Weekly,,KG,2.633,2.633,617.1597900390625,xgboost_feat
Blueberry_AtlasBlue,HOLLANDFOODSERVICE,NL-GE,2026-03-09,2026-03-15,Weekly,,KG,2.633,2.633,647.0359497070312,xgboost_feat
Blueberry_AtlasBlue,HOLLANDFOODSERVICE,NL-GE,2026-03-16,2026-03-22,Weekly,,KG,2.633,2.633,597.25537109375,xgboost_feat
Blueberry_AtlasBlue,HOLLANDFOODSERVICE,NL-GE,2026-03-23,2026-03-29,Weekly,,KG,2.633,2.633,601.9931030273438,xgboost_feat
Blueberry_AtlasBlue,HOLLANDFOODSERVICE,NL-GE,2026-03-30,2026-04-05,Weekly,,KG,2.633,2.633,616.5042114257812,xgboost_feat
Blueberry_AtlasBlue,HOLLANDFOODSERVICE,NL-GE,2026-04-06,2026-04-12,Weekly,,KG,2.633,2.633,615.5902709960938,xgboost_feat
Blueberry_AtlasBlue,HOLLANDFOODSERVICE,NL-GE,2026-04-13,2026-04-19,Weekly,,KG,2.633,2.633,575.9482421875,xgboost_feat
Blueberry_AtlasBlue,HOLLANDFOODSERVICE,NL-GE,2026-04-20,2026-04-26,Weekly,,KG,2.633,2.633,592.9019165039062,xgboost_feat
Blueberry_AtlasBlue,HOLLANDFOODSERVICE,NL-GE,2026-04-27,2026-05-03,Weekly,,KG,2.633,2.633,588.6372680664062,xgboost_feat
Blueberry_AtlasBlue,HOLLANDFOODSERVICE,NL-NB,2026-02-02,2026-02-08,Weekly,,KG,2.717,2.717,588.1427001953125,xgboost_feat
Blueberry_AtlasBlue,HOLLANDFOODSERVICE,NL-NB,2026-02-09,2026-02-15,Weekly,,KG,2.717,2.717,595.3906860351562,xgboost_feat
Blueberry_AtlasBlue,HOLLANDFOODSERVICE,NL-NB,2026-02-16,2026-02-22,Weekly,,KG,2.717,2.717,613.0632934570312,xgboost_feat
Blueberry_AtlasBlue,HOLLANDFOODSERVICE,NL-NB,2026-02-23,2026-03-01,Weekly,,KG,2.717,2.717,603.1835327148438,xgboost_feat
Blueberry_AtlasBlue,HOLLANDFOODSERVICE,NL-NB,2026-03-02,2026-03-08,Weekly,,KG,2.717,2.717,617.8151245117188,xgboost_feat
Blueberry_AtlasBlue,HOLLANDFOODSERVICE,NL-NB,2026-03-09,2026-03-15,Weekly,,KG,2.717,2.717,618.4844970703125,xgboost_feat
Blueberry_AtlasBlue,HOLLANDFOODSERVICE,NL-NB,2026-03-16,2026-03-22,Weekly,,KG,2.717,2.717,603.9058227539062,xgboost_feat
Blueberry_AtlasBlue,HOLLANDFOODSERVICE,NL-NB,2026-03-23,2026-03-29,Weekly,,KG,2.717,2.717,603.0341796875,xgboost_feat
Blueberry_AtlasBlue,HOLLANDFOODSERVICE,NL-NB,2026-03-30,2026-04-05,Weekly,,KG,2.717,2.717,630.087158203125,xgboost_feat
Blueberry_AtlasBlue,HOLLANDFOODSERVICE,NL-NB,2026-04-06,2026-04-12,Weekly,,KG,2.717,2.717,604.0235595703125,xgboost_feat
Blueberry_AtlasBlue,HOLLANDFOODSERVICE,NL-NB,2026-04-13,2026-04-19,Weekly,,KG,2.717,2.717,561.5949096679688,xgboost_feat
Blueberry_AtlasBlue,HOLLANDFOODSERVICE,NL-NB,2026-04-20,2026-04-26,Weekly,,KG,2.717,2.717,587.7316284179688,xgboost_feat
Blueberry_AtlasBlue,HOLLANDFOODSERVICE,NL-NB,2026-04-27,2026-05-03,Weekly,,KG,2.717,2.717,569.3504638671875,xgboost_feat
Blueberry_AtlasBlue,HOLLANDFOODSERVICE,NL-NH,2026-02-02,2026-02-08,Weekly,,KG,2.941,2.941,584.2167358398438,xgboost_feat
Blueberry_AtlasBlue,HOLLANDFOODSERVICE,NL-NH,2026-02-09,2026-02-15,Weekly,,KG,2.941,2.941,557.0363159179688,xgboost_feat
Blueberry_AtlasBlue,HOLLANDFOODSERVICE,NL-NH,2026-02-16,2026-02-22,Weekly,,KG,2.941,2.941,586.5319213867188,xgboost_feat
Blueberry_AtlasBlue,HOLLANDFOODSERVICE,NL-NH,2026-02-23,2026-03-01,Weekly,,KG,2.941,2.941,613.0647583007812,xgboost_feat
Blueberry_AtlasBlue,HOLLANDFOODSERVICE,NL-NH,2026-03-02,2026-03-08,Weekly,,KG,2.941,2.941,634.9995727539062,xgboost_feat
Blueberry_AtlasBlue,HOLLANDFOODSERVICE,NL-NH,2026-03-09,2026-03-15,Weekly,,KG,2.941,2.941,622.09619140625,xgboost_feat
Blueberry_AtlasBlue,HOLLANDFOODSERVICE,NL-NH,2026-03-16,2026-03-22,Weekly,,KG,2.941,2.941,606.350341796875,xgboost_feat
Blueberry_AtlasBlue,HOLLANDFOODSERVICE,NL-NH,2026-03-23,2026-03-29,Weekly,,KG,2.941,2.941,612.2194213867188,xgboost_feat
Blueberry_AtlasBlue,HOLLANDFOODSERVICE,NL-NH,2026-03-30,2026-04-05,Weekly,,KG,2.941,2.941,610.6838989257812,xgboost_feat
Blueberry_AtlasBlue,HOLLANDFOODSERVICE,NL-NH,2026-04-06,2026-04-12,Weekly,,KG,2.941,2.941,599.12646484375,xgboost_feat
Blueberry_AtlasBlue,HOLLANDFOODSERVICE,NL-NH,2026-04-13,2026-04-19,Weekly,,KG,2.941,2.941,550.8609619140625,xgboost_feat
Blueberry_AtlasBlue,HOLLANDFOODSERVICE,NL-NH,2026-04-20,2026-04-26,Weekly,,KG,2.941,2.941,590.5414428710938,xgboost_feat
Blueberry_AtlasBlue,HOLLANDFOODSERVICE,NL-NH,2026-04-27,2026-05-03,Weekly,,KG,2.941,2.941,580.4683227539062,xgboost_feat
Blueberry_AtlasBlue,HOLLANDFOODSERVICE,NL-ZH,2026-02-02,2026-02-08,Weekly,,KG,2.881,2.881,589.5709228515625,xgboost_feat
Blueberry_AtlasBlue,HOLLANDFOODSERVICE,NL-ZH,2026-02-09,2026-02-15,Weekly,,KG,2.881,2.881,588.1388549804688,xgboost_feat
Blueberry_AtlasBlue,HOLLANDFOODSERVICE,NL-ZH,2026-02-16,2026-02-22,Weekly,,KG,2.881,2.881,583.754638671875,xgboost_feat
Blueberry_AtlasBlue,HOLLANDFOODSERVICE,NL-ZH,2026-02-23,2026-03-01,Weekly,,KG,2.881,2.881,595.7479248046875,xgboost_feat
Blueberry_AtlasBlue,HOLLANDFOODSERVICE,NL-ZH,2026-03-02,2026-03-08,Weekly,,KG,2.881,2.881,612.8434448242188,xgboost_feat
Blueberry_AtlasBlue,HOLLANDFOODSERVICE,NL-ZH,2026-03-09,2026-03-15,Weekly,,KG,2.881,2.881,622.7195434570312,xgboost_feat
Blueberry_AtlasBlue,HOLLANDFOODSERVICE,NL-ZH,2026-03-16,2026-03-22,Weekly,,KG,2.881,2.881,610.9046020507812,xgboost_feat
Blueberry_AtlasBlue,HOLLANDFOODSERVICE,NL-ZH,2026-03-23,2026-03-29,Weekly,,KG,2.881,2.881,614.1023559570312,xgboost_feat
Blueberry_AtlasBlue,HOLLANDFOODSERVICE,NL-ZH,2026-03-30,2026-04-05,Weekly,,KG,2.881,2.881,624.01220703125,xgboost_feat
Blueberry_AtlasBlue,HOLLANDFOODSERVICE,NL-ZH,2026-04-06,2026-04-12,Weekly,,KG,2.881,2.881,603.333984375,xgboost_feat
Blueberry_AtlasBlue,HOLLANDFOODSERVICE,NL-ZH,2026-04-13,2026-04-19,Weekly,,KG,2.881,2.881,580.8892822265625,xgboost_feat
Blueberry_AtlasBlue,HOLLANDFOODSERVICE,NL-ZH,2026-04-20,2026-04-26,Weekly,,KG,2.881,2.881,590.145263671875,xgboost_feat
Blueberry_AtlasBlue,HOLLANDFOODSERVICE,NL-ZH,2026-04-27,2026-05-03,Weekly,,KG,2.881,2.881,588.2355346679688,xgboost_feat
Blueberry_AtlasBlue,JUMBO,NL-GE,2026-02-02,2026-02-08,Weekly,,KG,2.714,2.714,700.1353759765625,xgboost_feat
Blueberry_AtlasBlue,JUMBO,NL-GE,2026-02-09,2026-02-15,Weekly,,KG,2.714,2.714,710.7353515625,xgboost_feat
Blueberry_AtlasBlue,JUMBO,NL-GE,2026-02-16,2026-02-22,Weekly,,KG,2.714,2.714,719.88916015625,xgboost_feat
Blueberry_AtlasBlue,JUMBO,NL-GE,2026-02-23,2026-03-01,Weekly,,KG,2.714,2.714,702.8585815429688,xgboost_feat
Blueberry_AtlasBlue,JUMBO,NL-GE,2026-03-02,2026-03-08,Weekly,,KG,2.714,2.714,702.0982055664062,xgboost_feat
Blueberry_AtlasBlue,JUMBO,NL-GE,2026-03-09,2026-03-15,Weekly,,KG,2.714,2.714,705.3450927734375,xgboost_feat
Blueberry_AtlasBlue,JUMBO,NL-GE,2026-03-16,2026-03-22,Weekly,,KG,2.714,2.714,680.0653076171875,xgboost_feat
Blueberry_AtlasBlue,JUMBO,NL-GE,2026-03-23,2026-03-29,Weekly,,KG,2.714,2.714,687.3372802734375,xgboost_feat
Blueberry_AtlasBlue,JUMBO,NL-GE,2026-03-30,2026-04-05,Weekly,,KG,2.714,2.714,686.08154296875,xgboost_feat
Blueberry_AtlasBlue,JUMBO,NL-GE,2026-04-06,2026-04-12,Weekly,,KG,2.714,2.714,665.4143676757812,xgboost_feat
Blueberry_AtlasBlue,JUMBO,NL-GE,2026-04-13,2026-04-19,Weekly,,KG,2.714,2.714,652.6962280273438,xgboost_feat
Blueberry_AtlasBlue,JUMBO,NL-GE,2026-04-20,2026-04-26,Weekly,,KG,2.714,2.714,644.9495849609375,xgboost_feat
Blueberry_AtlasBlue,JUMBO,NL-GE,2026-04-27,2026-05-03,Weekly,,KG,2.714,2.714,639.948486328125,xgboost_feat
Blueberry_AtlasBlue,JUMBO,NL-NB,2026-02-02,2026-02-08,Weekly,,KG,2.808,2.808,654.5195922851562,xgboost_feat
Blueberry_AtlasBlue,JUMBO,NL-NB,2026-02-09,2026-02-15,Weekly,,KG,2.808,2.808,695.9055786132812,xgboost_feat
Blueberry_AtlasBlue,JUMBO,NL-NB,2026-02-16,2026-02-22,Weekly,,KG,2.808,2.808,695.656494140625,xgboost_feat
Blueberry_AtlasBlue,JUMBO,NL-NB,2026-02-23,2026-03-01,Weekly,,KG,2.808,2.808,672.2706909179688,xgboost_feat
Blueberry_AtlasBlue,JUMBO,NL-NB,2026-03-02,2026-03-08,Weekly,,KG,2.808,2.808,681.45361328125,xgboost_feat
Blueberry_AtlasBlue,JUMBO,NL-NB,2026-03-09,2026-03-15,Weekly,,KG,2.808,2.808,637.2975463867188,xgboost_feat
Blueberry_AtlasBlue,JUMBO,NL-NB,2026-03-16,2026-03-22,Weekly,,KG,2.808,2.808,631.4655151367188,xgboost_feat
Blueberry_AtlasBlue,JUMBO,NL-NB,2026-03-23,2026-03-29,Weekly,,KG,2.808,2.808,645.4895629882812,xgboost_feat
Blueberry_AtlasBlue,JUMBO,NL-NB,2026-03-30,2026-04-05,Weekly,,KG,2.808,2.808,638.8217163085938,xgboost_feat
Blueberry_AtlasBlue,JUMBO,NL-NB,2026-04-06,2026-04-12,Weekly,,KG,2.808,2.808,598.64794921875,xgboost_feat
Blueberry_AtlasBlue,JUMBO,NL-NB,2026-04-13,2026-04-19,Weekly,,KG,2.808,2.808,610.4426879882812,xgboost_feat
Blueberry_AtlasBlue,JUMBO,NL-NB,2026-04-20,2026-04-26,Weekly,,KG,2.808,2.808,596.5423583984375,xgboost_feat
Blueberry_AtlasBlue,JUMBO,NL-NB,2026-04-27,2026-05-03,Weekly,,KG,2.808,2.808,577.9495849609375,xgboost_feat
Blueberry_AtlasBlue,JUMBO,NL-NH,2026-02-02,2026-02-08,Weekly,,KG,2.889,2.889,641.58349609375,xgboost_feat
Blueberry_AtlasBlue,JUMBO,NL-NH,2026-02-09,2026-02-15,Weekly,,KG,2.889,2.889,639.4765014648438,xgboost_feat
Blueberry_AtlasBlue,JUMBO,NL-NH,2026-02-16,2026-02-22,Weekly,,KG,2.889,2.889,689.786376953125,xgboost_feat
Blueberry_AtlasBlue,JUMBO,NL-NH,2026-02-23,2026-03-01,Weekly,,KG,2.889,2.889,649.85498046875,xgboost_feat
Blueberry_AtlasBlue,JUMBO,NL-NH,2026-03-02,2026-03-08,Weekly,,KG,2.889,2.889,651.55322265625,xgboost_feat
Blueberry_AtlasBlue,JUMBO,NL-NH,2026-03-09,2026-03-15,Weekly,,KG,2.889,2.889,638.7394409179688,xgboost_feat
Blueberry_AtlasBlue,JUMBO,NL-NH,2026-03-16,2026-03-22,Weekly,,KG,2.889,2.889,634.7545776367188,xgboost_feat
Blueberry_AtlasBlue,JUMBO,NL-NH,2026-03-23,2026-03-29,Weekly,,KG,2.889,2.889,609.096923828125,xgboost_feat
Blueberry_AtlasBlue,JUMBO,NL-NH,2026-03-30,2026-04-05,Weekly,,KG,2.889,2.889,634.0393676757812,xgboost_feat
Blueberry_AtlasBlue,JUMBO,NL-NH,2026-04-06,2026-04-12,Weekly,,KG,2.889,2.889,620.2847290039062,xgboost_feat
Blueberry_AtlasBlue,JUMBO,NL-NH,2026-04-13,2026-04-19,Weekly,,KG,2.889,2.889,596.343505859375,xgboost_feat
Blueberry_AtlasBlue,JUMBO,NL-NH,2026-04-20,2026-04-26,Weekly,,KG,2.889,2.889,634.43505859375,xgboost_feat
Blueberry_AtlasBlue,JUMBO,NL-NH,2026-04-27,2026-05-03,Weekly,,KG,2.889,2.889,587.34326171875,xgboost_feat
Blueberry_AtlasBlue,JUMBO,NL-ZH,2026-02-02,2026-02-08,Weekly,,KG,2.919,2.919,644.5767211914062,xgboost_feat
Blueberry_AtlasBlue,JUMBO,NL-ZH,2026-02-09,2026-02-15,Weekly,,KG,2.919,2.919,642.2067260742188,xgboost_feat
Blueberry_AtlasBlue,JUMBO,NL-ZH,2026-02-16,2026-02-22,Weekly,,KG,2.919,2.919,656.5321655273438,xgboost_feat
Blueberry_AtlasBlue,JUMBO,NL-ZH,2026-02-23,2026-03-01,Weekly,,KG,2.919,2.919,627.751708984375,xgboost_feat
Blueberry_AtlasBlue,JUMBO,NL-ZH,2026-03-02,2026-03-08,Weekly,,KG,2.919,2.919,623.8704833984375,xgboost_feat
Blueberry_AtlasBlue,JUMBO,NL-ZH,2026-03-09,2026-03-15,Weekly,,KG,2.919,2.919,621.6676025390625,xgboost_feat
Blueberry_AtlasBlue,JUMBO,NL-ZH,2026-03-16,2026-03-22,Weekly,,KG,2.919,2.919,616.9175415039062,xgboost_feat
Blueberry_AtlasBlue,JUMBO,NL-ZH,2026-03-23,2026-03-29,Weekly,,KG,2.919,2.919,618.5729370117188,xgboost_feat
Blueberry_AtlasBlue,JUMBO,NL-ZH,2026-03-30,2026-04-05,Weekly,,KG,2.919,2.919,617.7815551757812,xgboost_feat
Blueberry_AtlasBlue,JUMBO,NL-ZH,2026-04-06,2026-04-12,Weekly,,KG,2.919,2.919,589.56494140625,xgboost_feat
Blueberry_AtlasBlue,JUMBO,NL-ZH,2026-04-13,2026-04-19,Weekly,,KG,2.919,2.919,572.430908203125,xgboost_feat
Blueberry_AtlasBlue,JUMBO,NL-ZH,2026-04-20,2026-04-26,Weekly,,KG,2.919,2.919,606.3095092773438,xgboost_feat
Blueberry_AtlasBlue,JUMBO,NL-ZH,2026-04-27,2026-05-03,Weekly,,KG,2.919,2.919,594.1807250976562,xgboost_feat
Blueberry_AtlasBlue,MELEDI,NL-GE,2026-02-02,2026-02-08,Weekly,,KG,2.751,2.751,592.6092529296875,xgboost_feat
Blueberry_AtlasBlue,MELEDI,NL-GE,2026-02-09,2026-02-15,Weekly,,KG,2.751,2.751,591.4501953125,xgboost_feat
Blueberry_AtlasBlue,MELEDI,NL-GE,2026-02-16,2026-02-22,Weekly,,KG,2.751,2.751,590.4517211914062,xgboost_feat
Blueberry_AtlasBlue,MELEDI,NL-GE,2026-02-23,2026-03-01,Weekly,,KG,2.751,2.751,595.3436279296875,xgboost_feat
Blueberry_AtlasBlue,MELEDI,NL-GE,2026-03-02,2026-03-08,Weekly,,KG,2.751,2.751,616.6722412109375,xgboost_feat
Blueberry_AtlasBlue,MELEDI,NL-GE,2026-03-09,2026-03-15,Weekly,,KG,2.751,2.751,643.317138671875,xgboost_feat
Blueberry_AtlasBlue,MELEDI,NL-GE,2026-03-16,2026-03-22,Weekly,,KG,2.751,2.751,599.7699584960938,xgboost_feat
Blueberry_AtlasBlue,MELEDI,NL-GE,2026-03-23,2026-03-29,Weekly,,KG,2.751,2.751,603.7454833984375,xgboost_feat
Blueberry_AtlasBlue,MELEDI,NL-GE,2026-03-30,2026-04-05,Weekly,,KG,2.751,2.751,614.046875,xgboost_feat
Blueberry_AtlasBlue,MELEDI,NL-GE,2026-04-06,2026-04-12,Weekly,,KG,2.751,2.751,612.3285522460938,xgboost_feat
Blueberry_AtlasBlue,MELEDI,NL-GE,2026-04-13,2026-04-19,Weekly,,KG,2.751,2.751,577.521728515625,xgboost_feat
Blueberry_AtlasBlue,MELEDI,NL-GE,2026-04-20,2026-04-26,Weekly,,KG,2.751,2.751,593.8406982421875,xgboost_feat
Blueberry_AtlasBlue,MELEDI,NL-GE,2026-04-27,2026-05-03,Weekly,,KG,2.751,2.751,586.7384643554688,xgboost_feat
Blueberry_AtlasBlue,MELEDI,NL-NB,2026-02-02,2026-02-08,Weekly,,KG,2.711,2.711,593.4290161132812,xgboost_feat
Blueberry_AtlasBlue,MELEDI,NL-NB,2026-02-09,2026-02-15,Weekly,,KG,2.711,2.711,593.1486206054688,xgboost_feat
Blueberry_AtlasBlue,MELEDI,NL-NB,2026-02-16,2026-02-22,Weekly,,KG,2.711,2.711,615.4028930664062,xgboost_feat
Blueberry_AtlasBlue,MELEDI,NL-NB,2026-02-23,2026-03-01,Weekly,,KG,2.711,2.711,615.364990234375,xgboost_feat
Blueberry_AtlasBlue,MELEDI,NL-NB,2026-03-02,2026-03-08,Weekly,,KG,2.711,2.711,626.6580200195312,xgboost_feat
Blueberry_AtlasBlue,MELEDI,NL-NB,2026-03-09,2026-03-15,Weekly,,KG,2.711,2.711,622.9032592773438,xgboost_feat
Blueberry_AtlasBlue,MELEDI,NL-NB,2026-03-16,2026-03-22,Weekly,,KG,2.711,2.711,604.874755859375,xgboost_feat
Blueberry_AtlasBlue,MELEDI,NL-NB,2026-03-23,2026-03-29,Weekly,,KG,2.711,2.711,604.5374755859375,xgboost_feat
Blueberry_AtlasBlue,MELEDI,NL-NB,2026-03-30,2026-04-05,Weekly,,KG,2.711,2.711,631.3768920898438,xgboost_feat
Blueberry_AtlasBlue,MELEDI,NL-NB,2026-04-06,2026-04-12,Weekly,,KG,2.711,2.711,607.9415893554688,xgboost_feat
Blueberry_AtlasBlue,MELEDI,NL-NB,2026-04-13,2026-04-19,Weekly,,KG,2.711,2.711,568.996826171875,xgboost_feat
Blueberry_AtlasBlue,MELEDI,NL-NB,2026-04-20,2026-04-26,Weekly,,KG,2.711,2.711,594.032470703125,xgboost_feat
Blueberry_AtlasBlue,MELEDI,NL-NB,2026-04-27,2026-05-03,Weekly,,KG,2.711,2.711,579.0869750976562,xgboost_feat
Blueberry_AtlasBlue,MELEDI,NL-NH,2026-02-02,2026-02-08,Weekly,,KG,2.968,2.968,585.9559326171875,xgboost_feat
Blueberry_AtlasBlue,MELEDI,NL-NH,2026-02-09,2026-02-15,Weekly,,KG,2.968,2.968,559.1460571289062,xgboost_feat
Blueberry_AtlasBlue,MELEDI,NL-NH,2026-02-16,2026-02-22,Weekly,,KG,2.968,2.968,589.6536865234375,xgboost_feat
Blueberry_AtlasBlue,MELEDI,NL-NH,2026-02-23,2026-03-01,Weekly,,KG,2.968,2.968,618.0399169921875,xgboost_feat
Blueberry_AtlasBlue,MELEDI,NL-NH,2026-03-02,2026-03-08,Weekly,,KG,2.968,2.968,632.1864013671875,xgboost_feat
Blueberry_AtlasBlue,MELEDI,NL-NH,2026-03-09,2026-03-15,Weekly,,KG,2.968,2.968,623.7560424804688,xgboost_feat
Blueberry_AtlasBlue,MELEDI,NL-NH,2026-03-16,2026-03-22,Weekly,,KG,2.968,2.968,605.1654052734375,xgboost_feat
Blueberry_AtlasBlue,MELEDI,NL-NH,2026-03-23,2026-03-29,Weekly,,KG,2.968,2.968,608.1948852539062,xgboost_feat
Blueberry_AtlasBlue,MELEDI,NL-NH,2026-03-30,2026-04-05,Weekly,,KG,2.968,2.968,611.5201416015625,xgboost_feat
Blueberry_AtlasBlue,MELEDI,NL-NH,2026-04-06,2026-04-12,Weekly,,KG,2.968,2.968,602.6607055664062,xgboost_feat
Blueberry_AtlasBlue,MELEDI,NL-NH,2026-04-13,2026-04-19,Weekly,,KG,2.968,2.968,556.52685546875,xgboost_feat
Blueberry_AtlasBlue,MELEDI,NL-NH,2026-04-20,2026-04-26,Weekly,,KG,2.968,2.968,596.2135009765625,xgboost_feat
Blueberry_AtlasBlue,MELEDI,NL-NH,2026-04-27,2026-05-03,Weekly,,KG,2.968,2.968,580.2537841796875,xgboost_feat
Blueberry_AtlasBlue,MELEDI,NL-ZH,2026-02-02,2026-02-08,Weekly,,KG,2.812,2.812,588.349365234375,xgboost_feat
Blueberry_AtlasBlue,MELEDI,NL-ZH,2026-02-09,2026-02-15,Weekly,,KG,2.812,2.812,591.4690551757812,xgboost_feat
Blueberry_AtlasBlue,MELEDI,NL-ZH,2026-02-16,2026-02-22,Weekly,,KG,2.812,2.812,587.541748046875,xgboost_feat
Blueberry_AtlasBlue,MELEDI,NL-ZH,2026-02-23,2026-03-01,Weekly,,KG,2.812,2.812,597.5772094726562,xgboost_feat
Blueberry_AtlasBlue,MELEDI,NL-ZH,2026-03-02,2026-03-08,Weekly,,KG,2.812,2.812,617.6637573242188,xgboost_feat
Blueberry_AtlasBlue,MELEDI,NL-ZH,2026-03-09,2026-03-15,Weekly,,KG,2.812,2.812,615.29248046875,xgboost_feat
Blueberry_AtlasBlue,MELEDI,NL-ZH,2026-03-16,2026-03-22,Weekly,,KG,2.812,2.812,598.3097534179688,xgboost_feat
Blueberry_AtlasBlue,MELEDI,NL-ZH,2026-03-23,2026-03-29,Weekly,,KG,2.812,2.812,598.2973022460938,xgboost_feat
Blueberry_AtlasBlue,MELEDI,NL-ZH,2026-03-30,2026-04-05,Weekly,,KG,2.812,2.812,614.2694091796875,xgboost_feat
Blueberry_AtlasBlue,MELEDI,NL-ZH,2026-04-06,2026-04-12,Weekly,,KG,2.812,2.812,598.2936401367188,xgboost_feat
Blueberry_AtlasBlue,MELEDI,NL-ZH,2026-04-13,2026-04-19,Weekly,,KG,2.812,2.812,576.2117919921875,xgboost_feat
Blueberry_AtlasBlue,MELEDI,NL-ZH,2026-04-20,2026-04-26,Weekly,,KG,2.812,2.812,594.6217651367188,xgboost_feat
Blueberry_AtlasBlue,MELEDI,NL-ZH,2026-04-27,2026-05-03,Weekly,,KG,2.812,2.812,588.7588500976562,xgboost_feat
Blueberry_AtlasBlue,PICNIC,NL-GE,2026-02-02,2026-02-08,Weekly,,KG,2.789,2.789,586.9291381835938,xgboost_feat
Blueberry_AtlasBlue,PICNIC,NL-GE,2026-02-09,2026-02-15,Weekly,,KG,2.789,2.789,591.9730834960938,xgboost_feat
Blueberry_AtlasBlue,PICNIC,NL-GE,2026-02-16,2026-02-22,Weekly,,KG,2.789,2.789,595.015380859375,xgboost_feat
Blueberry_AtlasBlue,PICNIC,NL-GE,2026-02-23,2026-03-01,Weekly,,KG,2.789,2.789,598.9308471679688,xgboost_feat
Blueberry_AtlasBlue,PICNIC,NL-GE,2026-03-02,2026-03-08,Weekly,,KG,2.789,2.789,617.9116821289062,xgboost_feat
Blueberry_AtlasBlue,PICNIC,NL-GE,2026-03-09,2026-03-15,Weekly,,KG,2.789,2.789,643.7915649414062,xgboost_feat
Blueberry_AtlasBlue,PICNIC,NL-GE,2026-03-16,2026-03-22,Weekly,,KG,2.789,2.789,598.6749877929688,xgboost_feat
Blueberry_AtlasBlue,PICNIC,NL-GE,2026-03-23,2026-03-29,Weekly,,KG,2.789,2.789,603.2304077148438,xgboost_feat
Blueberry_AtlasBlue,PICNIC,NL-GE,2026-03-30,2026-04-05,Weekly,,KG,2.789,2.789,613.461669921875,xgboost_feat
Blueberry_AtlasBlue,PICNIC,NL-GE,2026-04-06,2026-04-12,Weekly,,KG,2.789,2.789,612.275634765625,xgboost_feat
Blueberry_AtlasBlue,PICNIC,NL-GE,2026-04-13,2026-04-19,Weekly,,KG,2.789,2.789,581.3508911132812,xgboost_feat
Blueberry_AtlasBlue,PICNIC,NL-GE,2026-04-20,2026-04-26,Weekly,,KG,2.789,2.789,600.1383056640625,xgboost_feat
Blueberry_AtlasBlue,PICNIC,NL-GE,2026-04-27,2026-05-03,Weekly,,KG,2.789,2.789,590.7781372070312,xgboost_feat
Blueberry_AtlasBlue,PICNIC,NL-NB,2026-02-02,2026-02-08,Weekly,,KG,2.672,2.672,592.956298828125,xgboost_feat
Blueberry_AtlasBlue,PICNIC,NL-NB,2026-02-09,2026-02-15,Weekly,,KG,2.672,2.672,598.5217895507812,xgboost_feat
Blueberry_AtlasBlue,PICNIC,NL-NB,2026-02-16,2026-02-22,Weekly,,KG,2.672,2.672,614.9367065429688,xgboost_feat
Blueberry_AtlasBlue,PICNIC,NL-NB,2026-02-23,2026-03-01,Weekly,,KG,2.672,2.672,613.6604614257812,xgboost_feat
Blueberry_AtlasBlue,PICNIC,NL-NB,2026-03-02,2026-03-08,Weekly,,KG,2.672,2.672,625.9180908203125,xgboost_feat
Blueberry_AtlasBlue,PICNIC,NL-NB,2026-03-09,2026-03-15,Weekly,,KG,2.672,2.672,622.5477905273438,xgboost_feat
Blueberry_AtlasBlue,PICNIC,NL-NB,2026-03-16,2026-03-22,Weekly,,KG,2.672,2.672,604.9732055664062,xgboost_feat
Blueberry_AtlasBlue,PICNIC,NL-NB,2026-03-23,2026-03-29,Weekly,,KG,2.672,2.672,604.8251953125,xgboost_feat
Blueberry_AtlasBlue,PICNIC,NL-NB,2026-03-30,2026-04-05,Weekly,,KG,2.672,2.672,631.2492065429688,xgboost_feat
Blueberry_AtlasBlue,PICNIC,NL-NB,2026-04-06,2026-04-12,Weekly,,KG,2.672,2.672,607.9822387695312,xgboost_feat
Blueberry_AtlasBlue,PICNIC,NL-NB,2026-04-13,2026-04-19,Weekly,,KG,2.672,2.672,573.0033569335938,xgboost_feat
Blueberry_AtlasBlue,PICNIC,NL-NB,2026-04-20,2026-04-26,Weekly,,KG,2.672,2.672,599.2279052734375,xgboost_feat
Blueberry_AtlasBlue,PICNIC,NL-NB,2026-04-27,2026-05-03,Weekly,,KG,2.672,2.672,587.2555541992188,xgboost_feat
Blueberry_AtlasBlue,PICNIC,NL-NH,2026-02-02,2026-02-08,Weekly,,KG,2.902,2.902,584.3696899414062,xgboost_feat
Blueberry_AtlasBlue,PICNIC,NL-NH,2026-02-09,2026-02-15,Weekly,,KG,2.902,2.902,563.9027709960938,xgboost_feat
Blueberry_AtlasBlue,PICNIC,NL-NH,2026-02-16,2026-02-22,Weekly,,KG,2.902,2.902,594.0127563476562,xgboost_feat
Blueberry_AtlasBlue,PICNIC,NL-NH,2026-02-23,2026-03-01,Weekly,,KG,2.902,2.902,615.2847290039062,xgboost_feat
Blueberry_AtlasBlue,PICNIC,NL-NH,2026-03-02,2026-03-08,Weekly,,KG,2.902,2.902,638.4639282226562,xgboost_feat
Blueberry_AtlasBlue,PICNIC,NL-NH,2026-03-09,2026-03-15,Weekly,,KG,2.902,2.902,623.9797973632812,xgboost_feat
Blueberry_AtlasBlue,PICNIC,NL-NH,2026-03-16,2026-03-22,Weekly,,KG,2.902,2.902,606.020263671875,xgboost_feat
Blueberry_AtlasBlue,PICNIC,NL-NH,2026-03-23,2026-03-29,Weekly,,KG,2.902,2.902,611.4978637695312,xgboost_feat
Blueberry_AtlasBlue,PICNIC,NL-NH,2026-03-30,2026-04-05,Weekly,,KG,2.902,2.902,611.281005859375,xgboost_feat
Blueberry_AtlasBlue,PICNIC,NL-NH,2026-04-06,2026-04-12,Weekly,,KG,2.902,2.902,602.88232421875,xgboost_feat
Blueberry_AtlasBlue,PICNIC,NL-NH,2026-04-13,2026-04-19,Weekly,,KG,2.902,2.902,561.5740356445312,xgboost_feat
Blueberry_AtlasBlue,PICNIC,NL-NH,2026-04-20,2026-04-26,Weekly,,KG,2.902,2.902,603.2033081054688,xgboost_feat
Blueberry_AtlasBlue,PICNIC,NL-NH,2026-04-27,2026-05-03,Weekly,,KG,2.902,2.902,588.2144165039062,xgboost_feat
Blueberry_AtlasBlue,PICNIC,NL-ZH,2026-02-02,2026-02-08,Weekly,,KG,2.959,2.959,582.8435668945312,xgboost_feat
Blueberry_AtlasBlue,PICNIC,NL-ZH,2026-02-09,2026-02-15,Weekly,,KG,2.959,2.959,588.3213500976562,xgboost_feat
Blueberry_AtlasBlue,PICNIC,NL-ZH,2026-02-16,2026-02-22,Weekly,,KG,2.959,2.959,593.988525390625,xgboost_feat
Blueberry_AtlasBlue,PICNIC,NL-ZH,2026-02-23,2026-03-01,Weekly,,KG,2.959,2.959,598.2283935546875,xgboost_feat
Blueberry_AtlasBlue,PICNIC,NL-ZH,2026-03-02,2026-03-08,Weekly,,KG,2.959,2.959,617.7596435546875,xgboost_feat
Blueberry_AtlasBlue,PICNIC,NL-ZH,2026-03-09,2026-03-15,Weekly,,KG,2.959,2.959,620.5767211914062,xgboost_feat
Blueberry_AtlasBlue,PICNIC,NL-ZH,2026-03-16,2026-03-22,Weekly,,KG,2.959,2.959,606.10205078125,xgboost_feat
Blueberry_AtlasBlue,PICNIC,NL-ZH,2026-03-23,2026-03-29,Weekly,,KG,2.959,2.959,613.713134765625,xgboost_feat
Blueberry_AtlasBlue,PICNIC,NL-ZH,2026-03-30,2026-04-05,Weekly,,KG,2.959,2.959,624.3910522460938,xgboost_feat
Blueberry_AtlasBlue,PICNIC,NL-ZH,2026-04-06,2026-04-12,Weekly,,KG,2.959,2.959,604.8592529296875,xgboost_feat
Blueberry_AtlasBlue,PICNIC,NL-ZH,2026-04-13,2026-04-19,Weekly,,KG,2.959,2.959,585.4746704101562,xgboost_feat
Blueberry_AtlasBlue,PICNIC,NL-ZH,2026-04-20,2026-04-26,Weekly,,KG,2.959,2.959,591.7886352539062,xgboost_feat
Blueberry_AtlasBlue,PICNIC,NL-ZH,2026-04-27,2026-05-03,Weekly,,KG,2.959,2.959,588.7150268554688,xgboost_feat
Blueberry_AtlasBlue,PLUS,NL-GE,2026-02-02,2026-02-08,Weekly,,KG,2.667,2.667,667.2080688476562,xgboost_feat
Blueberry_AtlasBlue,PLUS,NL-GE,2026-02-09,2026-02-15,Weekly,,KG,2.667,2.667,708.52587890625,xgboost_feat
Blueberry_AtlasBlue,PLUS,NL-GE,2026-02-16,2026-02-22,Weekly,,KG,2.667,2.667,700.6309814453125,xgboost_feat
Blueberry_AtlasBlue,PLUS,NL-GE,2026-02-23,2026-03-01,Weekly,,KG,2.667,2.667,702.765625,xgboost_feat
Blueberry_AtlasBlue,PLUS,NL-GE,2026-03-02,2026-03-08,Weekly,,KG,2.667,2.667,698.0130004882812,xgboost_feat
Blueberry_AtlasBlue,PLUS,NL-GE,2026-03-09,2026-03-15,Weekly,,KG,2.667,2.667,691.7487182617188,xgboost_feat
Blueberry_AtlasBlue,PLUS,NL-GE,2026-03-16,2026-03-22,Weekly,,KG,2.667,2.667,673.2777099609375,xgboost_feat
Blueberry_AtlasBlue,PLUS,NL-GE,2026-03-23,2026-03-29,Weekly,,KG,2.667,2.667,696.4451293945312,xgboost_feat
Blueberry_AtlasBlue,PLUS,NL-GE,2026-03-30,2026-04-05,Weekly,,KG,2.667,2.667,697.1845092773438,xgboost_feat
Blueberry_AtlasBlue,PLUS,NL-GE,2026-04-06,2026-04-12,Weekly,,KG,2.667,2.667,674.0838012695312,xgboost_feat
Blueberry_AtlasBlue,PLUS,NL-GE,2026-04-13,2026-04-19,Weekly,,KG,2.667,2.667,643.0352172851562,xgboost_feat
Blueberry_AtlasBlue,PLUS,NL-GE,2026-04-20,2026-04-26,Weekly,,KG,2.667,2.667,664.1470336914062,xgboost_feat
Blueberry_AtlasBlue,PLUS,NL-GE,2026-04-27,2026-05-03,Weekly,,KG,2.667,2.667,649.2238159179688,xgboost_feat
Blueberry_AtlasBlue,PLUS,NL-NB,2026-02-02,2026-02-08,Weekly,,KG,2.697,2.697,653.9221801757812,xgboost_feat
Blueberry_AtlasBlue,PLUS,NL-NB,2026-02-09,2026-02-15,Weekly,,KG,2.697,2.697,686.5498046875,xgboost_feat
Blueberry_AtlasBlue,PLUS,NL-NB,2026-02-16,2026-02-22,Weekly,,KG,2.697,2.697,692.3533325195312,xgboost_feat
Blueberry_AtlasBlue,PLUS,NL-NB,2026-02-23,2026-03-01,Weekly,,KG,2.697,2.697,677.3491821289062,xgboost_feat
Blueberry_AtlasBlue,PLUS,NL-NB,2026-03-02,2026-03-08,Weekly,,KG,2.697,2.697,648.21533203125,xgboost_feat
Blueberry_AtlasBlue,PLUS,NL-NB,2026-03-09,2026-03-15,Weekly,,KG,2.697,2.697,636.9686279296875,xgboost_feat
Blueberry_AtlasBlue,PLUS,NL-NB,2026-03-16,2026-03-22,Weekly,,KG,2.697,2.697,629.8322143554688,xgboost_feat
Blueberry_AtlasBlue,PLUS,NL-NB,2026-03-23,2026-03-29,Weekly,,KG,2.697,2.697,622.5051879882812,xgboost_feat
Blueberry_AtlasBlue,PLUS,NL-NB,2026-03-30,2026-04-05,Weekly,,KG,2.697,2.697,631.520263671875,xgboost_feat
Blueberry_AtlasBlue,PLUS,NL-NB,2026-04-06,2026-04-12,Weekly,,KG,2.697,2.697,605.15283203125,xgboost_feat
Blueberry_AtlasBlue,PLUS,NL-NB,2026-04-13,2026-04-19,Weekly,,KG,2.697,2.697,609.6268920898438,xgboost_feat
Blueberry_AtlasBlue,PLUS,NL-NB,2026-04-20,2026-04-26,Weekly,,KG,2.697,2.697,596.6063232421875,xgboost_feat
Blueberry_AtlasBlue,PLUS,NL-NB,2026-04-27,2026-05-03,Weekly,,KG,2.697,2.697,575.336669921875,xgboost_feat
Blueberry_AtlasBlue,PLUS,NL-NH,2026-02-02,2026-02-08,Weekly,,KG,2.964,2.964,673.910888671875,xgboost_feat
Blueberry_AtlasBlue,PLUS,NL-NH,2026-02-09,2026-02-15,Weekly,,KG,2.964,2.964,638.3867797851562,xgboost_feat
Blueberry_AtlasBlue,PLUS,NL-NH,2026-02-16,2026-02-22,Weekly,,KG,2.964,2.964,702.8513793945312,xgboost_feat
Blueberry_AtlasBlue,PLUS,NL-NH,2026-02-23,2026-03-01,Weekly,,KG,2.964,2.964,657.0492553710938,xgboost_feat
Blueberry_AtlasBlue,PLUS,NL-NH,2026-03-02,2026-03-08,Weekly,,KG,2.964,2.964,658.176025390625,xgboost_feat
Blueberry_AtlasBlue,PLUS,NL-NH,2026-03-09,2026-03-15,Weekly,,KG,2.964,2.964,638.2526245117188,xgboost_feat
Blueberry_AtlasBlue,PLUS,NL-NH,2026-03-16,2026-03-22,Weekly,,KG,2.964,2.964,626.173095703125,xgboost_feat
Blueberry_AtlasBlue,PLUS,NL-NH,2026-03-23,2026-03-29,Weekly,,KG,2.964,2.964,595.0540771484375,xgboost_feat
Blueberry_AtlasBlue,PLUS,NL-NH,2026-03-30,2026-04-05,Weekly,,KG,2.964,2.964,604.0325927734375,xgboost_feat
Blueberry_AtlasBlue,PLUS,NL-NH,2026-04-06,2026-04-12,Weekly,,KG,2.964,2.964,600.2054443359375,xgboost_feat
Blueberry_AtlasBlue,PLUS,NL-NH,2026-04-13,2026-04-19,Weekly,,KG,2.964,2.964,561.6366577148438,xgboost_feat
Blueberry_AtlasBlue,PLUS,NL-NH,2026-04-20,2026-04-26,Weekly,,KG,2.964,2.964,593.2877197265625,xgboost_feat
Blueberry_AtlasBlue,PLUS,NL-NH,2026-04-27,2026-05-03,Weekly,,KG,2.964,2.964,578.9523315429688,xgboost_feat
Blueberry_AtlasBlue,PLUS,NL-ZH,2026-02-02,2026-02-08,Weekly,,KG,2.873,2.873,655.3234252929688,xgboost_feat
Blueberry_AtlasBlue,PLUS,NL-ZH,2026-02-09,2026-02-15,Weekly,,KG,2.873,2.873,633.9920654296875,xgboost_feat
Blueberry_AtlasBlue,PLUS,NL-ZH,2026-02-16,2026-02-22,Weekly,,KG,2.873,2.873,673.06298828125,xgboost_feat
Blueberry_AtlasBlue,PLUS,NL-ZH,2026-02-23,2026-03-01,Weekly,,KG,2.873,2.873,651.7689208984375,xgboost_feat
Blueberry_AtlasBlue,PLUS,NL-ZH,2026-03-02,2026-03-08,Weekly,,KG,2.873,2.873,642.7471923828125,xgboost_feat
Blueberry_AtlasBlue,PLUS,NL-ZH,2026-03-09,2026-03-15,Weekly,,KG,2.873,2.873,629.1787109375,xgboost_feat
Blueberry_AtlasBlue,PLUS,NL-ZH,2026-03-16,2026-03-22,Weekly,,KG,2.873,2.873,607.8633422851562,xgboost_feat
Blueberry_AtlasBlue,PLUS,NL-ZH,2026-03-23,2026-03-29,Weekly,,KG,2.873,2.873,606.2886962890625,xgboost_feat
Blueberry_AtlasBlue,PLUS,NL-ZH,2026-03-30,2026-04-05,Weekly,,KG,2.873,2.873,622.3435668945312,xgboost_feat
Blueberry_AtlasBlue,PLUS,NL-ZH,2026-04-06,2026-04-12,Weekly,,KG,2.873,2.873,597.9513549804688,xgboost_feat
Blueberry_AtlasBlue,PLUS,NL-ZH,2026-04-13,2026-04-19,Weekly,,KG,2.873,2.873,573.6866455078125,xgboost_feat
Blueberry_AtlasBlue,PLUS,NL-ZH,2026-04-20,2026-04-26,Weekly,,KG,2.873,2.873,587.0836181640625,xgboost_feat
Blueberry_AtlasBlue,PLUS,NL-ZH,2026-04-27,2026-05-03,Weekly,,KG,2.873,2.873,585.3258056640625,xgboost_feat
Blueberry_AtlasBlue,SLIGRO,NL-GE,2026-02-02,2026-02-08,Weekly,,KG,2.649,2.649,591.08349609375,xgboost_feat
Blueberry_AtlasBlue,SLIGRO,NL-GE,2026-02-09,2026-02-15,Weekly,,KG,2.649,2.649,591.6654663085938,xgboost_feat
Blueberry_AtlasBlue,SLIGRO,NL-GE,2026-02-16,2026-02-22,Weekly,,KG,2.649,2.649,593.181884765625,xgboost_feat
Blueberry_AtlasBlue,SLIGRO,NL-GE,2026-02-23,2026-03-01,Weekly,,KG,2.649,2.649,597.5309448242188,xgboost_feat
Blueberry_AtlasBlue,SLIGRO,NL-GE,2026-03-02,2026-03-08,Weekly,,KG,2.649,2.649,614.4339599609375,xgboost_feat
Blueberry_AtlasBlue,SLIGRO,NL-GE,2026-03-09,2026-03-15,Weekly,,KG,2.649,2.649,646.276123046875,xgboost_feat
Blueberry_AtlasBlue,SLIGRO,NL-GE,2026-03-16,2026-03-22,Weekly,,KG,2.649,2.649,599.2495727539062,xgboost_feat
Blueberry_AtlasBlue,SLIGRO,NL-GE,2026-03-23,2026-03-29,Weekly,,KG,2.649,2.649,603.7985229492188,xgboost_feat
Blueberry_AtlasBlue,SLIGRO,NL-GE,2026-03-30,2026-04-05,Weekly,,KG,2.649,2.649,618.15380859375,xgboost_feat
Blueberry_AtlasBlue,SLIGRO,NL-GE,2026-04-06,2026-04-12,Weekly,,KG,2.649,2.649,617.2432250976562,xgboost_feat
Blueberry_AtlasBlue,SLIGRO,NL-GE,2026-04-13,2026-04-19,Weekly,,KG,2.649,2.649,581.16015625,xgboost_feat
Blueberry_AtlasBlue,SLIGRO,NL-GE,2026-04-20,2026-04-26,Weekly,,KG,2.649,2.649,593.9539794921875,xgboost_feat
Blueberry_AtlasBlue,SLIGRO,NL-GE,2026-04-27,2026-05-03,Weekly,,KG,2.649,2.649,589.4871826171875,xgboost_feat
Blueberry_AtlasBlue,SLIGRO,NL-NB,2026-02-02,2026-02-08,Weekly,,KG,2.652,2.652,592.210205078125,xgboost_feat
Blueberry_AtlasBlue,SLIGRO,NL-NB,2026-02-09,2026-02-15,Weekly,,KG,2.652,2.652,594.9290161132812,xgboost_feat
Blueberry_AtlasBlue,SLIGRO,NL-NB,2026-02-16,2026-02-22,Weekly,,KG,2.652,2.652,616.6231689453125,xgboost_feat
Blueberry_AtlasBlue,SLIGRO,NL-NB,2026-02-23,2026-03-01,Weekly,,KG,2.652,2.652,609.654052734375,xgboost_feat
Blueberry_AtlasBlue,SLIGRO,NL-NB,2026-03-02,2026-03-08,Weekly,,KG,2.652,2.652,622.710205078125,xgboost_feat
Blueberry_AtlasBlue,SLIGRO,NL-NB,2026-03-09,2026-03-15,Weekly,,KG,2.652,2.652,621.7705688476562,xgboost_feat
Blueberry_AtlasBlue,SLIGRO,NL-NB,2026-03-16,2026-03-22,Weekly,,KG,2.652,2.652,604.488037109375,xgboost_feat
Blueberry_AtlasBlue,SLIGRO,NL-NB,2026-03-23,2026-03-29,Weekly,,KG,2.652,2.652,602.8661499023438,xgboost_feat
Blueberry_AtlasBlue,SLIGRO,NL-NB,2026-03-30,2026-04-05,Weekly,,KG,2.652,2.652,631.4991455078125,xgboost_feat
Blueberry_AtlasBlue,SLIGRO,NL-NB,2026-04-06,2026-04-12,Weekly,,KG,2.652,2.652,602.4928588867188,xgboost_feat
Blueberry_AtlasBlue,SLIGRO,NL-NB,2026-04-13,2026-04-19,Weekly,,KG,2.652,2.652,563.654296875,xgboost_feat
Blueberry_AtlasBlue,SLIGRO,NL-NB,2026-04-20,2026-04-26,Weekly,,KG,2.652,2.652,596.4324340820312,xgboost_feat
Blueberry_AtlasBlue,SLIGRO,NL-NB,2026-04-27,2026-05-03,Weekly,,KG,2.652,2.652,579.444091796875,xgboost_feat
Blueberry_AtlasBlue,SLIGRO,NL-NH,2026-02-02,2026-02-08,Weekly,,KG,2.698,2.698,588.2916870117188,xgboost_feat
Blueberry_AtlasBlue,SLIGRO,NL-NH,2026-02-09,2026-02-15,Weekly,,KG,2.698,2.698,558.91455078125,xgboost_feat
Blueberry_AtlasBlue,SLIGRO,NL-NH,2026-02-16,2026-02-22,Weekly,,KG,2.698,2.698,586.8993530273438,xgboost_feat
Blueberry_AtlasBlue,SLIGRO,NL-NH,2026-02-23,2026-03-01,Weekly,,KG,2.698,2.698,615.8916625976562,xgboost_feat
Blueberry_AtlasBlue,SLIGRO,NL-NH,2026-03-02,2026-03-08,Weekly,,KG,2.698,2.698,630.8347778320312,xgboost_feat
Blueberry_AtlasBlue,SLIGRO,NL-NH,2026-03-09,2026-03-15,Weekly,,KG,2.698,2.698,624.771728515625,xgboost_feat
Blueberry_AtlasBlue,SLIGRO,NL-NH,2026-03-16,2026-03-22,Weekly,,KG,2.698,2.698,606.4182739257812,xgboost_feat
Blueberry_AtlasBlue,SLIGRO,NL-NH,2026-03-23,2026-03-29,Weekly,,KG,2.698,2.698,616.6909790039062,xgboost_feat
Blueberry_AtlasBlue,SLIGRO,NL-NH,2026-03-30,2026-04-05,Weekly,,KG,2.698,2.698,612.45556640625,xgboost_feat
Blueberry_AtlasBlue,SLIGRO,NL-NH,2026-04-06,2026-04-12,Weekly,,KG,2.698,2.698,600.074951171875,xgboost_feat
Blueberry_AtlasBlue,SLIGRO,NL-NH,2026-04-13,2026-04-19,Weekly,,KG,2.698,2.698,549.7960205078125,xgboost_feat
Blueberry_AtlasBlue,SLIGRO,NL-NH,2026-04-20,2026-04-26,Weekly,,KG,2.698,2.698,584.0721435546875,xgboost_feat
Blueberry_AtlasBlue,SLIGRO,NL-NH,2026-04-27,2026-05-03,Weekly,,KG,2.698,2.698,580.5396728515625,xgboost_feat
Blueberry_AtlasBlue,SLIGRO,NL-ZH,2026-02-02,2026-02-08,Weekly,,KG,2.812,2.812,584.8341064453125,xgboost_feat
Blueberry_AtlasBlue,SLIGRO,NL-ZH,2026-02-09,2026-02-15,Weekly,,KG,2.812,2.812,585.3115234375,xgboost_feat
Blueberry_AtlasBlue,SLIGRO,NL-ZH,2026-02-16,2026-02-22,Weekly,,KG,2.812,2.812,583.5601196289062,xgboost_feat
Blueberry_AtlasBlue,SLIGRO,NL-ZH,2026-02-23,2026-03-01,Weekly,,KG,2.812,2.812,594.844482421875,xgboost_feat
Blueberry_AtlasBlue,SLIGRO,NL-ZH,2026-03-02,2026-03-08,Weekly,,KG,2.812,2.812,612.8663940429688,xgboost_feat
Blueberry_AtlasBlue,SLIGRO,NL-ZH,2026-03-09,2026-03-15,Weekly,,KG,2.812,2.812,619.9165649414062,xgboost_feat
Blueberry_AtlasBlue,SLIGRO,NL-ZH,2026-03-16,2026-03-22,Weekly,,KG,2.812,2.812,604.9053344726562,xgboost_feat
Blueberry_AtlasBlue,SLIGRO,NL-ZH,2026-03-23,2026-03-29,Weekly,,KG,2.812,2.812,607.0233154296875,xgboost_feat
Blueberry_AtlasBlue,SLIGRO,NL-ZH,2026-03-30,2026-04-05,Weekly,,KG,2.812,2.812,623.5751342773438,xgboost_feat
Blueberry_AtlasBlue,SLIGRO,NL-ZH,2026-04-06,2026-04-12,Weekly,,KG,2.812,2.812,604.2608032226562,xgboost_feat
Blueberry_AtlasBlue,SLIGRO,NL-ZH,2026-04-13,2026-04-19,Weekly,,KG,2.812,2.812,577.1332397460938,xgboost_feat
Blueberry_AtlasBlue,SLIGRO,NL-ZH,2026-04-20,2026-04-26,Weekly,,KG,2.812,2.812,590.690673828125,xgboost_feat
Blueberry_AtlasBlue,SLIGRO,NL-ZH,2026-04-27,2026-05-03,Weekly,,KG,2.812,2.812,590.4290161132812,xgboost_feat
Blueberry_Duke,AH,NL-GE,2026-02-02,2026-02-08,Weekly,,KG,2.63,2.63,575.9312744140625,xgboost_feat
Blueberry_Duke,AH,NL-GE,2026-02-09,2026-02-15,Weekly,,KG,2.63,2.63,588.2714233398438,xgboost_feat
Blueberry_Duke,AH,NL-GE,2026-02-16,2026-02-22,Weekly,,KG,2.63,2.63,594.1590576171875,xgboost_feat
Blueberry_Duke,AH,NL-GE,2026-02-23,2026-03-01,Weekly,,KG,2.63,2.63,598.1815185546875,xgboost_feat
Blueberry_Duke,AH,NL-GE,2026-03-02,2026-03-08,Weekly,,KG,2.63,2.63,615.98486328125,xgboost_feat
Blueberry_Duke,AH,NL-GE,2026-03-09,2026-03-15,Weekly,,KG,2.63,2.63,648.7952880859375,xgboost_feat
Blueberry_Duke,AH,NL-GE,2026-03-16,2026-03-22,Weekly,,KG,2.63,2.63,597.2416381835938,xgboost_feat
Blueberry_Duke,AH,NL-GE,2026-03-23,2026-03-29,Weekly,,KG,2.63,2.63,594.5822143554688,xgboost_feat
Blueberry_Duke,AH,NL-GE,2026-03-30,2026-04-05,Weekly,,KG,2.63,2.63,603.6488647460938,xgboost_feat
Blueberry_Duke,AH,NL-GE,2026-04-06,2026-04-12,Weekly,,KG,2.63,2.63,607.3732299804688,xgboost_feat
Blueberry_Duke,AH,NL-GE,2026-04-13,2026-04-19,Weekly,,KG,2.63,2.63,573.1708984375,xgboost_feat
Blueberry_Duke,AH,NL-GE,2026-04-20,2026-04-26,Weekly,,KG,2.63,2.63,595.0922241210938,xgboost_feat
Blueberry_Duke,AH,NL-GE,2026-04-27,2026-05-03,Weekly,,KG,2.63,2.63,588.4237670898438,xgboost_feat
Blueberry_Duke,AH,NL-NB,2026-02-02,2026-02-08,Weekly,,KG,2.749,2.749,593.4939575195312,xgboost_feat
Blueberry_Duke,AH,NL-NB,2026-02-09,2026-02-15,Weekly,,KG,2.749,2.749,602.8936157226562,xgboost_feat
Blueberry_Duke,AH,NL-NB,2026-02-16,2026-02-22,Weekly,,KG,2.749,2.749,637.593994140625,xgboost_feat
Blueberry_Duke,AH,NL-NB,2026-02-23,2026-03-01,Weekly,,KG,2.749,2.749,615.8409423828125,xgboost_feat
Blueberry_Duke,AH,NL-NB,2026-03-02,2026-03-08,Weekly,,KG,2.749,2.749,617.305908203125,xgboost_feat
Blueberry_Duke,AH,NL-NB,2026-03-09,2026-03-15,Weekly,,KG,2.749,2.749,618.558349609375,xgboost_feat
Blueberry_Duke,AH,NL-NB,2026-03-16,2026-03-22,Weekly,,KG,2.749,2.749,599.2930908203125,xgboost_feat
Blueberry_Duke,AH,NL-NB,2026-03-23,2026-03-29,Weekly,,KG,2.749,2.749,597.4562377929688,xgboost_feat
Blueberry_Duke,AH,NL-NB,2026-03-30,2026-04-05,Weekly,,KG,2.749,2.749,621.4063110351562,xgboost_feat
Blueberry_Duke,AH,NL-NB,2026-04-06,2026-04-12,Weekly,,KG,2.749,2.749,600.730712890625,xgboost_feat
Blueberry_Duke,AH,NL-NB,2026-04-13,2026-04-19,Weekly,,KG,2.749,2.749,560.659912109375,xgboost_feat
Blueberry_Duke,AH,NL-NB,2026-04-20,2026-04-26,Weekly,,KG,2.749,2.749,596.892578125,xgboost_feat
Blueberry_Duke,AH,NL-NB,2026-04-27,2026-05-03,Weekly,,KG,2.749,2.749,577.1323852539062,xgboost_feat
Blueberry_Duke,AH,NL-NH,2026-02-02,2026-02-08,Weekly,,KG,2.821,2.821,576.86083984375,xgboost_feat
Blueberry_Duke,AH,NL-NH,2026-02-09,2026-02-15,Weekly,,KG,2.821,2.821,568.4745483398438,xgboost_feat
Blueberry_Duke,AH,NL-NH,2026-02-16,2026-02-22,Weekly,,KG,2.821,2.821,612.0194091796875,xgboost_feat
Blueberry_Duke,AH,NL-NH,2026-02-23,2026-03-01,Weekly,,KG,2.821,2.821,653.0274658203125,xgboost_feat
Blueberry_Duke,AH,NL-NH,2026-03-02,2026-03-08,Weekly,,KG,2.821,2.821,634.8585815429688,xgboost_feat
Blueberry_Duke,AH,NL-NH,2026-03-09,2026-03-15,Weekly,,KG,2.821,2.821,627.6205444335938,xgboost_feat
Blueberry_Duke,AH,NL-NH,2026-03-16,2026-03-22,Weekly,,KG,2.821,2.821,602.8009643554688,xgboost_feat
Blueberry_Duke,AH,NL-NH,2026-03-23,2026-03-29,Weekly,,KG,2.821,2.821,607.8594970703125,xgboost_feat
Blueberry_Duke,AH,NL-NH,2026-03-30,2026-04-05,Weekly,,KG,2.821,2.821,605.586181640625,xgboost_feat
Blueberry_Duke,AH,NL-NH,2026-04-06,2026-04-12,Weekly,,KG,2.821,2.821,597.7371215820312,xgboost_feat
Blueberry_Duke,AH,NL-NH,2026-04-13,2026-04-19,Weekly,,KG,2.821,2.821,551.9298095703125,xgboost_feat
Blueberry_Duke,AH,NL-NH,2026-04-20,2026-04-26,Weekly,,KG,2.821,2.821,601.8357543945312,xgboost_feat
Blueberry_Duke,AH,NL-NH,2026-04-27,2026-05-03,Weekly,,KG,2.821,2.821,580.9912109375,xgboost_feat
Blueberry_Duke,AH,NL-ZH,2026-02-02,2026-02-08,Weekly,,KG,2.958,2.958,578.05859375,xgboost_feat
Blueberry_Duke,AH,NL-ZH,2026-02-09,2026-02-15,Weekly,,KG,2.958,2.958,599.8931884765625,xgboost_feat
Blueberry_Duke,AH,NL-ZH,2026-02-16,2026-02-22,Weekly,,KG,2.958,2.958,592.920166015625,xgboost_feat
Blueberry_Duke,AH,NL-ZH,2026-02-23,2026-03-01,Weekly,,KG,2.958,2.958,614.961669921875,xgboost_feat
Blueberry_Duke,AH,NL-ZH,2026-03-02,2026-03-08,Weekly,,KG,2.958,2.958,624.9755859375,xgboost_feat
Blueberry_Duke,AH,NL-ZH,2026-03-09,2026-03-15,Weekly,,KG,2.958,2.958,617.8888549804688,xgboost_feat
Blueberry_Duke,AH,NL-ZH,2026-03-16,2026-03-22,Weekly,,KG,2.958,2.958,602.06640625,xgboost_feat
Blueberry_Duke,AH,NL-ZH,2026-03-23,2026-03-29,Weekly,,KG,2.958,2.958,608.4926147460938,xgboost_feat
Blueberry_Duke,AH,NL-ZH,2026-03-30,2026-04-05,Weekly,,KG,2.958,2.958,619.2705688476562,xgboost_feat
Blueberry_Duke,AH,NL-ZH,2026-04-06,2026-04-12,Weekly,,KG,2.958,2.958,602.78466796875,xgboost_feat
Blueberry_Duke,AH,NL-ZH,2026-04-13,2026-04-19,Weekly,,KG,2.958,2.958,581.6090698242188,xgboost_feat
Blueberry_Duke,AH,NL-ZH,2026-04-20,2026-04-26,Weekly,,KG,2.958,2.958,593.71435546875,xgboost_feat
Blueberry_Duke,AH,NL-ZH,2026-04-27,2026-05-03,Weekly,,KG,2.958,2.958,587.4441528320312,xgboost_feat
Blueberry_Duke,FLINK,NL-GE,2026-02-02,2026-02-08,Weekly,,KG,2.683,2.683,587.190185546875,xgboost_feat
Blueberry_Duke,FLINK,NL-GE,2026-02-09,2026-02-15,Weekly,,KG,2.683,2.683,595.3330078125,xgboost_feat
Blueberry_Duke,FLINK,NL-GE,2026-02-16,2026-02-22,Weekly,,KG,2.683,2.683,594.9014282226562,xgboost_feat
Blueberry_Duke,FLINK,NL-GE,2026-02-23,2026-03-01,Weekly,,KG,2.683,2.683,599.7153930664062,xgboost_feat
Blueberry_Duke,FLINK,NL-GE,2026-03-02,2026-03-08,Weekly,,KG,2.683,2.683,617.8678588867188,xgboost_feat
Blueberry_Duke,FLINK,NL-GE,2026-03-09,2026-03-15,Weekly,,KG,2.683,2.683,643.6432495117188,xgboost_feat
Blueberry_Duke,FLINK,NL-GE,2026-03-16,2026-03-22,Weekly,,KG,2.683,2.683,598.6227416992188,xgboost_feat
Blueberry_Duke,FLINK,NL-GE,2026-03-23,2026-03-29,Weekly,,KG,2.683,2.683,603.1848754882812,xgboost_feat
Blueberry_Duke,FLINK,NL-GE,2026-03-30,2026-04-05,Weekly,,KG,2.683,2.683,613.340576171875,xgboost_feat
Blueberry_Duke,FLINK,NL-GE,2026-04-06,2026-04-12,Weekly,,KG,2.683,2.683,612.14111328125,xgboost_feat
Blueberry_Duke,FLINK,NL-GE,2026-04-13,2026-04-19,Weekly,,KG,2.683,2.683,580.8446655273438,xgboost_feat
Blueberry_Duke,FLINK,NL-GE,2026-04-20,2026-04-26,Weekly,,KG,2.683,2.683,600.501220703125,xgboost_feat
Blueberry_Duke,FLINK,NL-GE,2026-04-27,2026-05-03,Weekly,,KG,2.683,2.683,592.0144653320312,xgboost_feat
Blueberry_Duke,FLINK,NL-NB,2026-02-02,2026-02-08,Weekly,,KG,2.737,2.737,589.5423583984375,xgboost_feat
Blueberry_Duke,FLINK,NL-NB,2026-02-09,2026-02-15,Weekly,,KG,2.737,2.737,602.4413452148438,xgboost_feat
Blueberry_Duke,FLINK,NL-NB,2026-02-16,2026-02-22,Weekly,,KG,2.737,2.737,620.18701171875,xgboost_feat
Blueberry_Duke,FLINK,NL-NB,2026-02-23,2026-03-01,Weekly,,KG,2.737,2.737,614.3344116210938,xgboost_feat
Blueberry_Duke,FLINK,NL-NB,2026-03-02,2026-03-08,Weekly,,KG,2.737,2.737,626.1373901367188,xgboost_feat
Blueberry_Duke,FLINK,NL-NB,2026-03-09,2026-03-15,Weekly,,KG,2.737,2.737,623.7702026367188,xgboost_feat
Blueberry_Duke,FLINK,NL-NB,2026-03-16,2026-03-22,Weekly,,KG,2.737,2.737,605.7581787109375,xgboost_feat
Blueberry_Duke,FLINK,NL-NB,2026-03-23,2026-03-29,Weekly,,KG,2.737,2.737,609.118408203125,xgboost_feat
Blueberry_Duke,FLINK,NL-NB,2026-03-30,2026-04-05,Weekly,,KG,2.737,2.737,631.6228637695312,xgboost_feat
Blueberry_Duke,FLINK,NL-NB,2026-04-06,2026-04-12,Weekly,,KG,2.737,2.737,607.9395141601562,xgboost_feat
Blueberry_Duke,FLINK,NL-NB,2026-04-13,2026-04-19,Weekly,,KG,2.737,2.737,573.2356567382812,xgboost_feat
Blueberry_Duke,FLINK,NL-NB,2026-04-20,2026-04-26,Weekly,,KG,2.737,2.737,599.5606689453125,xgboost_feat
Blueberry_Duke,FLINK,NL-NB,2026-04-27,2026-05-03,Weekly,,KG,2.737,2.737,586.7940063476562,xgboost_feat
Blueberry_Duke,FLINK,NL-NH,2026-02-02,2026-02-08,Weekly,,KG,2.795,2.795,585.5625610351562,xgboost_feat
Blueberry_Duke,FLINK,NL-NH,2026-02-09,2026-02-15,Weekly,,KG,2.795,2.795,565.7576904296875,xgboost_feat
Blueberry_Duke,FLINK,NL-NH,2026-02-16,2026-02-22,Weekly,,KG,2.795,2.795,593.66162109375,xgboost_feat
Blueberry_Duke,FLINK,NL-NH,2026-02-23,2026-03-01,Weekly,,KG,2.795,2.795,616.0794067382812,xgboost_feat
Blueberry_Duke,FLINK,NL-NH,2026-03-02,2026-03-08,Weekly,,KG,2.795,2.795,639.079345703125,xgboost_feat
Blueberry_Duke,FLINK,NL-NH,2026-03-09,2026-03-15,Weekly,,KG,2.795,2.795,623.9797973632812,xgboost_feat
Blueberry_Duke,FLINK,NL-NH,2026-03-16,2026-03-22,Weekly,,KG,2.795,2.795,606.020263671875,xgboost_feat
Blueberry_Duke,FLINK,NL-NH,2026-03-23,2026-03-29,Weekly,,KG,2.795,2.795,612.6331176757812,xgboost_feat
Blueberry_Duke,FLINK,NL-NH,2026-03-30,2026-04-05,Weekly,,KG,2.795,2.795,611.8450927734375,xgboost_feat
Blueberry_Duke,FLINK,NL-NH,2026-04-06,2026-04-12,Weekly,,KG,2.795,2.795,602.88232421875,xgboost_feat
Blueberry_Duke,FLINK,NL-NH,2026-04-13,2026-04-19,Weekly,,KG,2.795,2.795,561.6744995117188,xgboost_feat
Blueberry_Duke,FLINK,NL-NH,2026-04-20,2026-04-26,Weekly,,KG,2.795,2.795,603.1879272460938,xgboost_feat
Blueberry_Duke,FLINK,NL-NH,2026-04-27,2026-05-03,Weekly,,KG,2.795,2.795,588.205322265625,xgboost_feat
Blueberry_Duke,FLINK,NL-ZH,2026-02-02,2026-02-08,Weekly,,KG,2.934,2.934,589.6973876953125,xgboost_feat
Blueberry_Duke,FLINK,NL-ZH,2026-02-09,2026-02-15,Weekly,,KG,2.934,2.934,595.8179321289062,xgboost_feat
Blueberry_Duke,FLINK,NL-ZH,2026-02-16,2026-02-22,Weekly,,KG,2.934,2.934,592.37890625,xgboost_feat
Blueberry_Duke,FLINK,NL-ZH,2026-02-23,2026-03-01,Weekly,,KG,2.934,2.934,597.110107421875,xgboost_feat
Blueberry_Duke,FLINK,NL-ZH,2026-03-02,2026-03-08,Weekly,,KG,2.934,2.934,616.4762573242188,xgboost_feat
Blueberry_Duke,FLINK,NL-ZH,2026-03-09,2026-03-15,Weekly,,KG,2.934,2.934,620.15869140625,xgboost_feat
Blueberry_Duke,FLINK,NL-ZH,2026-03-16,2026-03-22,Weekly,,KG,2.934,2.934,606.10205078125,xgboost_feat
Blueberry_Duke,FLINK,NL-ZH,2026-03-23,2026-03-29,Weekly,,KG,2.934,2.934,613.713134765625,xgboost_feat
Blueberry_Duke,FLINK,NL-ZH,2026-03-30,2026-04-05,Weekly,,KG,2.934,2.934,624.3910522460938,xgboost_feat
Blueberry_Duke,FLINK,NL-ZH,2026-04-06,2026-04-12,Weekly,,KG,2.934,2.934,604.8597412109375,xgboost_feat
Blueberry_Duke,FLINK,NL-ZH,2026-04-13,2026-04-19,Weekly,,KG,2.934,2.934,584.5384521484375,xgboost_feat
Blueberry_Duke,FLINK,NL-ZH,2026-04-20,2026-04-26,Weekly,,KG,2.934,2.934,596.2962646484375,xgboost_feat
Blueberry_Duke,FLINK,NL-ZH,2026-04-27,2026-05-03,Weekly,,KG,2.934,2.934,593.4140625,xgboost_feat
Blueberry_Duke,GREENACRES,NL-GE,2026-02-02,2026-02-08,Weekly,,KG,2.657,2.657,584.1787109375,xgboost_feat
Blueberry_Duke,GREENACRES,NL-GE,2026-02-09,2026-02-15,Weekly,,KG,2.657,2.657,595.3598022460938,xgboost_feat
Blueberry_Duke,GREENACRES,NL-GE,2026-02-16,2026-02-22,Weekly,,KG,2.657,2.657,595.2677612304688,xgboost_feat
Blueberry_Duke,GREENACRES,NL-GE,2026-02-23,2026-03-01,Weekly,,KG,2.657,2.657,599.2144165039062,xgboost_feat
Blueberry_Duke,GREENACRES,NL-GE,2026-03-02,2026-03-08,Weekly,,KG,2.657,2.657,618.2842407226562,xgboost_feat
Blueberry_Duke,GREENACRES,NL-GE,2026-03-09,2026-03-15,Weekly,,KG,2.657,2.657,643.8583374023438,xgboost_feat
Blueberry_Duke,GREENACRES,NL-GE,2026-03-16,2026-03-22,Weekly,,KG,2.657,2.657,598.8419799804688,xgboost_feat
Blueberry_Duke,GREENACRES,NL-GE,2026-03-23,2026-03-29,Weekly,,KG,2.657,2.657,603.4144897460938,xgboost_feat
Blueberry_Duke,GREENACRES,NL-GE,2026-03-30,2026-04-05,Weekly,,KG,2.657,2.657,613.680908203125,xgboost_feat
Blueberry_Duke,GREENACRES,NL-GE,2026-04-06,2026-04-12,Weekly,,KG,2.657,2.657,612.689697265625,xgboost_feat
Blueberry_Duke,GREENACRES,NL-GE,2026-04-13,2026-04-19,Weekly,,KG,2.657,2.657,581.0939331054688,xgboost_feat
Blueberry_Duke,GREENACRES,NL-GE,2026-04-20,2026-04-26,Weekly,,KG,2.657,2.657,600.397705078125,xgboost_feat
Blueberry_Duke,GREENACRES,NL-GE,2026-04-27,2026-05-03,Weekly,,KG,2.657,2.657,593.2567749023438,xgboost_feat
Blueberry_Duke,GREENACRES,NL-NB,2026-02-02,2026-02-08,Weekly,,KG,2.757,2.757,596.4785766601562,xgboost_feat
Blueberry_Duke,GREENACRES,NL-NB,2026-02-09,2026-02-15,Weekly,,KG,2.757,2.757,598.6727905273438,xgboost_feat
Blueberry_Duke,GREENACRES,NL-NB,2026-02-16,2026-02-22,Weekly,,KG,2.757,2.757,615.0953369140625,xgboost_feat
Blueberry_Duke,GREENACRES,NL-NB,2026-02-23,2026-03-01,Weekly,,KG,2.757,2.757,613.5774536132812,xgboost_feat
Blueberry_Duke,GREENACRES,NL-NB,2026-03-02,2026-03-08,Weekly,,KG,2.757,2.757,626.1051025390625,xgboost_feat
Blueberry_Duke,GREENACRES,NL-NB,2026-03-09,2026-03-15,Weekly,,KG,2.757,2.757,622.7363891601562,xgboost_feat
Blueberry_Duke,GREENACRES,NL-NB,2026-03-16,2026-03-22,Weekly,,KG,2.757,2.757,605.0580444335938,xgboost_feat
Blueberry_Duke,GREENACRES,NL-NB,2026-03-23,2026-03-29,Weekly,,KG,2.757,2.757,604.8941650390625,xgboost_feat
Blueberry_Duke,GREENACRES,NL-NB,2026-03-30,2026-04-05,Weekly,,KG,2.757,2.757,631.4196166992188,xgboost_feat
Blueberry_Duke,GREENACRES,NL-NB,2026-04-06,2026-04-12,Weekly,,KG,2.757,2.757,608.1527709960938,xgboost_feat
Blueberry_Duke,GREENACRES,NL-NB,2026-04-13,2026-04-19,Weekly,,KG,2.757,2.757,573.1420288085938,xgboost_feat
Blueberry_Duke,GREENACRES,NL-NB,2026-04-20,2026-04-26,Weekly,,KG,2.757,2.757,599.453125,xgboost_feat
Blueberry_Duke,GREENACRES,NL-NB,2026-04-27,2026-05-03,Weekly,,KG,2.757,2.757,584.1971435546875,xgboost_feat
Blueberry_Duke,GREENACRES,NL-NH,2026-02-02,2026-02-08,Weekly,,KG,2.88,2.88,587.24462890625,xgboost_feat
Blueberry_Duke,GREENACRES,NL-NH,2026-02-09,2026-02-15,Weekly,,KG,2.88,2.88,563.8252563476562,xgboost_feat
Blueberry_Duke,GREENACRES,NL-NH,2026-02-16,2026-02-22,Weekly,,KG,2.88,2.88,594.2183227539062,xgboost_feat
Blueberry_Duke,GREENACRES,NL-NH,2026-02-23,2026-03-01,Weekly,,KG,2.88,2.88,615.3655395507812,xgboost_feat
Blueberry_Duke,GREENACRES,NL-NH,2026-03-02,2026-03-08,Weekly,,KG,2.88,2.88,634.347412109375,xgboost_feat
Blueberry_Duke,GREENACRES,NL-NH,2026-03-09,2026-03-15,Weekly,,KG,2.88,2.88,623.9893798828125,xgboost_feat
Blueberry_Duke,GREENACRES,NL-NH,2026-03-16,2026-03-22,Weekly,,KG,2.88,2.88,606.021240234375,xgboost_feat
Blueberry_Duke,GREENACRES,NL-NH,2026-03-23,2026-03-29,Weekly,,KG,2.88,2.88,611.9360961914062,xgboost_feat
Blueberry_Duke,GREENACRES,NL-NH,2026-03-30,2026-04-05,Weekly,,KG,2.88,2.88,611.0276489257812,xgboost_feat
Blueberry_Duke,GREENACRES,NL-NH,2026-04-06,2026-04-12,Weekly,,KG,2.88,2.88,602.88232421875,xgboost_feat
Blueberry_Duke,GREENACRES,NL-NH,2026-04-13,2026-04-19,Weekly,,KG,2.88,2.88,561.5740356445312,xgboost_feat
Blueberry_Duke,GREENACRES,NL-NH,2026-04-20,2026-04-26,Weekly,,KG,2.88,2.88,603.1969604492188,xgboost_feat
Blueberry_Duke,GREENACRES,NL-NH,2026-04-27,2026-05-03,Weekly,,KG,2.88,2.88,588.2761840820312,xgboost_feat
Blueberry_Duke,GREENACRES,NL-ZH,2026-02-02,2026-02-08,Weekly,,KG,2.882,2.882,589.6986083984375,xgboost_feat
Blueberry_Duke,GREENACRES,NL-ZH,2026-02-09,2026-02-15,Weekly,,KG,2.882,2.882,591.3487548828125,xgboost_feat
Blueberry_Duke,GREENACRES,NL-ZH,2026-02-16,2026-02-22,Weekly,,KG,2.882,2.882,592.4359741210938,xgboost_feat
Blueberry_Duke,GREENACRES,NL-ZH,2026-02-23,2026-03-01,Weekly,,KG,2.882,2.882,597.1051025390625,xgboost_feat
Blueberry_Duke,GREENACRES,NL-ZH,2026-03-02,2026-03-08,Weekly,,KG,2.882,2.882,616.4762573242188,xgboost_feat
Blueberry_Duke,GREENACRES,NL-ZH,2026-03-09,2026-03-15,Weekly,,KG,2.882,2.882,619.67919921875,xgboost_feat
Blueberry_Duke,GREENACRES,NL-ZH,2026-03-16,2026-03-22,Weekly,,KG,2.882,2.882,606.10205078125,xgboost_feat
Blueberry_Duke,GREENACRES,NL-ZH,2026-03-23,2026-03-29,Weekly,,KG,2.882,2.882,613.713134765625,xgboost_feat
Blueberry_Duke,GREENACRES,NL-ZH,2026-03-30,2026-04-05,Weekly,,KG,2.882,2.882,624.3910522460938,xgboost_feat
Blueberry_Duke,GREENACRES,NL-ZH,2026-04-06,2026-04-12,Weekly,,KG,2.882,2.882,604.8597412109375,xgboost_feat
Blueberry_Duke,GREENACRES,NL-ZH,2026-04-13,2026-04-19,Weekly,,KG,2.882,2.882,584.89697265625,xgboost_feat
Blueberry_Duke,GREENACRES,NL-ZH,2026-04-20,2026-04-26,Weekly,,KG,2.882,2.882,596.2806396484375,xgboost_feat
Blueberry_Duke,GREENACRES,NL-ZH,2026-04-27,2026-05-03,Weekly,,KG,2.882,2.882,591.900390625,xgboost_feat
Blueberry_Duke,HELLOFRESH,NL-GE,2026-02-02,2026-02-08,Weekly,,KG,2.688,2.688,586.8013305664062,xgboost_feat
Blueberry_Duke,HELLOFRESH,NL-GE,2026-02-09,2026-02-15,Weekly,,KG,2.688,2.688,595.5066528320312,xgboost_feat
Blueberry_Duke,HELLOFRESH,NL-GE,2026-02-16,2026-02-22,Weekly,,KG,2.688,2.688,594.8053588867188,xgboost_feat
Blueberry_Duke,HELLOFRESH,NL-GE,2026-02-23,2026-03-01,Weekly,,KG,2.688,2.688,599.9895629882812,xgboost_feat
Blueberry_Duke,HELLOFRESH,NL-GE,2026-03-02,2026-03-08,Weekly,,KG,2.688,2.688,617.7791137695312,xgboost_feat
Blueberry_Duke,HELLOFRESH,NL-GE,2026-03-09,2026-03-15,Weekly,,KG,2.688,2.688,643.6588745117188,xgboost_feat
Blueberry_Duke,HELLOFRESH,NL-GE,2026-03-16,2026-03-22,Weekly,,KG,2.688,2.688,598.5355834960938,xgboost_feat
Blueberry_Duke,HELLOFRESH,NL-GE,2026-03-23,2026-03-29,Weekly,,KG,2.688,2.688,603.0978393554688,xgboost_feat
Blueberry_Duke,HELLOFRESH,NL-GE,2026-03-30,2026-04-05,Weekly,,KG,2.688,2.688,613.356201171875,xgboost_feat
Blueberry_Duke,HELLOFRESH,NL-GE,2026-04-06,2026-04-12,Weekly,,KG,2.688,2.688,612.1566162109375,xgboost_feat
Blueberry_Duke,HELLOFRESH,NL-GE,2026-04-13,2026-04-19,Weekly,,KG,2.688,2.688,580.7532348632812,xgboost_feat
Blueberry_Duke,HELLOFRESH,NL-GE,2026-04-20,2026-04-26,Weekly,,KG,2.688,2.688,599.813720703125,xgboost_feat
Blueberry_Duke,HELLOFRESH,NL-GE,2026-04-27,2026-05-03,Weekly,,KG,2.688,2.688,592.2931518554688,xgboost_feat
Blueberry_Duke,HELLOFRESH,NL-NB,2026-02-02,2026-02-08,Weekly,,KG,2.655,2.655,596.6095581054688,xgboost_feat
Blueberry_Duke,HELLOFRESH,NL-NB,2026-02-09,2026-02-15,Weekly,,KG,2.655,2.655,601.8082885742188,xgboost_feat
Blueberry_Duke,HELLOFRESH,NL-NB,2026-02-16,2026-02-22,Weekly,,KG,2.655,2.655,620.410888671875,xgboost_feat
Blueberry_Duke,HELLOFRESH,NL-NB,2026-02-23,2026-03-01,Weekly,,KG,2.655,2.655,614.7007446289062,xgboost_feat
Blueberry_Duke,HELLOFRESH,NL-NB,2026-03-02,2026-03-08,Weekly,,KG,2.655,2.655,626.3811645507812,xgboost_feat
Blueberry_Duke,HELLOFRESH,NL-NB,2026-03-09,2026-03-15,Weekly,,KG,2.655,2.655,624.1201782226562,xgboost_feat
Blueberry_Duke,HELLOFRESH,NL-NB,2026-03-16,2026-03-22,Weekly,,KG,2.655,2.655,606.06787109375,xgboost_feat
Blueberry_Duke,HELLOFRESH,NL-NB,2026-03-23,2026-03-29,Weekly,,KG,2.655,2.655,609.4471435546875,xgboost_feat
Blueberry_Duke,HELLOFRESH,NL-NB,2026-03-30,2026-04-05,Weekly,,KG,2.655,2.655,631.6399536132812,xgboost_feat
Blueberry_Duke,HELLOFRESH,NL-NB,2026-04-06,2026-04-12,Weekly,,KG,2.655,2.655,608.1636352539062,xgboost_feat
Blueberry_Duke,HELLOFRESH,NL-NB,2026-04-13,2026-04-19,Weekly,,KG,2.655,2.655,573.4866333007812,xgboost_feat
Blueberry_Duke,HELLOFRESH,NL-NB,2026-04-20,2026-04-26,Weekly,,KG,2.655,2.655,599.828125,xgboost_feat
Blueberry_Duke,HELLOFRESH,NL-NB,2026-04-27,2026-05-03,Weekly,,KG,2.655,2.655,587.4481811523438,xgboost_feat
Blueberry_Duke,HELLOFRESH,NL-NH,2026-02-02,2026-02-08,Weekly,,KG,2.928,2.928,589.3208618164062,xgboost_feat
Blueberry_Duke,HELLOFRESH,NL-NH,2026-02-09,2026-02-15,Weekly,,KG,2.928,2.928,565.7083129882812,xgboost_feat
Blueberry_Duke,HELLOFRESH,NL-NH,2026-02-16,2026-02-22,Weekly,,KG,2.928,2.928,593.66162109375,xgboost_feat
Blueberry_Duke,HELLOFRESH,NL-NH,2026-02-23,2026-03-01,Weekly,,KG,2.928,2.928,616.1091918945312,xgboost_feat
Blueberry_Duke,HELLOFRESH,NL-NH,2026-03-02,2026-03-08,Weekly,,KG,2.928,2.928,634.347412109375,xgboost_feat
Blueberry_Duke,HELLOFRESH,NL-NH,2026-03-09,2026-03-15,Weekly,,KG,2.928,2.928,623.9893798828125,xgboost_feat
Blueberry_Duke,HELLOFRESH,NL-NH,2026-03-16,2026-03-22,Weekly,,KG,2.928,2.928,606.021240234375,xgboost_feat
Blueberry_Duke,HELLOFRESH,NL-NH,2026-03-23,2026-03-29,Weekly,,KG,2.928,2.928,611.9360961914062,xgboost_feat
Blueberry_Duke,HELLOFRESH,NL-NH,2026-03-30,2026-04-05,Weekly,,KG,2.928,2.928,611.0276489257812,xgboost_feat
Blueberry_Duke,HELLOFRESH,NL-NH,2026-04-06,2026-04-12,Weekly,,KG,2.928,2.928,602.88232421875,xgboost_feat
Blueberry_Duke,HELLOFRESH,NL-NH,2026-04-13,2026-04-19,Weekly,,KG,2.928,2.928,561.6744995117188,xgboost_feat
Blueberry_Duke,HELLOFRESH,NL-NH,2026-04-20,2026-04-26,Weekly,,KG,2.928,2.928,603.44970703125,xgboost_feat
Blueberry_Duke,HELLOFRESH,NL-NH,2026-04-27,2026-05-03,Weekly,,KG,2.928,2.928,588.412109375,xgboost_feat
Blueberry_Duke,HELLOFRESH,NL-ZH,2026-02-02,2026-02-08,Weekly,,KG,2.973,2.973,589.6983642578125,xgboost_feat
Blueberry_Duke,HELLOFRESH,NL-ZH,2026-02-09,2026-02-15,Weekly,,KG,2.973,2.973,595.8206176757812,xgboost_feat
Blueberry_Duke,HELLOFRESH,NL-ZH,2026-02-16,2026-02-22,Weekly,,KG,2.973,2.973,592.37890625,xgboost_feat
Blueberry_Duke,HELLOFRESH,NL-ZH,2026-02-23,2026-03-01,Weekly,,KG,2.973,2.973,598.197998046875,xgboost_feat
Blueberry_Duke,HELLOFRESH,NL-ZH,2026-03-02,2026-03-08,Weekly,,KG,2.973,2.973,616.4762573242188,xgboost_feat
Blueberry_Duke,HELLOFRESH,NL-ZH,2026-03-09,2026-03-15,Weekly,,KG,2.973,2.973,620.15869140625,xgboost_feat
Blueberry_Duke,HELLOFRESH,NL-ZH,2026-03-16,2026-03-22,Weekly,,KG,2.973,2.973,606.10205078125,xgboost_feat
Blueberry_Duke,HELLOFRESH,NL-ZH,2026-03-23,2026-03-29,Weekly,,KG,2.973,2.973,613.713134765625,xgboost_feat
Blueberry_Duke,HELLOFRESH,NL-ZH,2026-03-30,2026-04-05,Weekly,,KG,2.973,2.973,624.3910522460938,xgboost_feat
Blueberry_Duke,HELLOFRESH,NL-ZH,2026-04-06,2026-04-12,Weekly,,KG,2.973,2.973,604.8597412109375,xgboost_feat
Blueberry_Duke,HELLOFRESH,NL-ZH,2026-04-13,2026-04-19,Weekly,,KG,2.973,2.973,584.5384521484375,xgboost_feat
Blueberry_Duke,HELLOFRESH,NL-ZH,2026-04-20,2026-04-26,Weekly,,KG,2.973,2.973,596.2962646484375,xgboost_feat
Blueberry_Duke,HELLOFRESH,NL-ZH,2026-04-27,2026-05-03,Weekly,,KG,2.973,2.973,593.546630859375,xgboost_feat
Blueberry_Duke,HOLLANDFOODSERVICE,NL-GE,2026-02-02,2026-02-08,Weekly,,KG,2.734,2.734,585.9266967773438,xgboost_feat
Blueberry_Duke,HOLLANDFOODSERVICE,NL-GE,2026-02-09,2026-02-15,Weekly,,KG,2.734,2.734,596.2683715820312,xgboost_feat
Blueberry_Duke,HOLLANDFOODSERVICE,NL-GE,2026-02-16,2026-02-22,Weekly,,KG,2.734,2.734,594.8941040039062,xgboost_feat
Blueberry_Duke,HOLLANDFOODSERVICE,NL-GE,2026-02-23,2026-03-01,Weekly,,KG,2.734,2.734,598.9904174804688,xgboost_feat
Blueberry_Duke,HOLLANDFOODSERVICE,NL-GE,2026-03-02,2026-03-08,Weekly,,KG,2.734,2.734,617.8677368164062,xgboost_feat
Blueberry_Duke,HOLLANDFOODSERVICE,NL-GE,2026-03-09,2026-03-15,Weekly,,KG,2.734,2.734,643.7476196289062,xgboost_feat
Blueberry_Duke,HOLLANDFOODSERVICE,NL-GE,2026-03-16,2026-03-22,Weekly,,KG,2.734,2.734,598.6303100585938,xgboost_feat
Blueberry_Duke,HOLLANDFOODSERVICE,NL-GE,2026-03-23,2026-03-29,Weekly,,KG,2.734,2.734,603.1864624023438,xgboost_feat
Blueberry_Duke,HOLLANDFOODSERVICE,NL-GE,2026-03-30,2026-04-05,Weekly,,KG,2.734,2.734,613.4554443359375,xgboost_feat
Blueberry_Duke,HOLLANDFOODSERVICE,NL-GE,2026-04-06,2026-04-12,Weekly,,KG,2.734,2.734,612.2694091796875,xgboost_feat
Blueberry_Duke,HOLLANDFOODSERVICE,NL-GE,2026-04-13,2026-04-19,Weekly,,KG,2.734,2.734,580.9472045898438,xgboost_feat
Blueberry_Duke,HOLLANDFOODSERVICE,NL-GE,2026-04-20,2026-04-26,Weekly,,KG,2.734,2.734,600.0133056640625,xgboost_feat
Blueberry_Duke,HOLLANDFOODSERVICE,NL-GE,2026-04-27,2026-05-03,Weekly,,KG,2.734,2.734,592.7185668945312,xgboost_feat
Blueberry_Duke,HOLLANDFOODSERVICE,NL-NB,2026-02-02,2026-02-08,Weekly,,KG,2.759,2.759,589.8717041015625,xgboost_feat
Blueberry_Duke,HOLLANDFOODSERVICE,NL-NB,2026-02-09,2026-02-15,Weekly,,KG,2.759,2.759,598.9542846679688,xgboost_feat
Blueberry_Duke,HOLLANDFOODSERVICE,NL-NB,2026-02-16,2026-02-22,Weekly,,KG,2.759,2.759,614.9926147460938,xgboost_feat
Blueberry_Duke,HOLLANDFOODSERVICE,NL-NB,2026-02-23,2026-03-01,Weekly,,KG,2.759,2.759,613.5774536132812,xgboost_feat
Blueberry_Duke,HOLLANDFOODSERVICE,NL-NB,2026-03-02,2026-03-08,Weekly,,KG,2.759,2.759,626.025390625,xgboost_feat
Blueberry_Duke,HOLLANDFOODSERVICE,NL-NB,2026-03-09,2026-03-15,Weekly,,KG,2.759,2.759,622.7363891601562,xgboost_feat
Blueberry_Duke,HOLLANDFOODSERVICE,NL-NB,2026-03-16,2026-03-22,Weekly,,KG,2.759,2.759,605.0580444335938,xgboost_feat
Blueberry_Duke,HOLLANDFOODSERVICE,NL-NB,2026-03-23,2026-03-29,Weekly,,KG,2.759,2.759,604.8941650390625,xgboost_feat
Blueberry_Duke,HOLLANDFOODSERVICE,NL-NB,2026-03-30,2026-04-05,Weekly,,KG,2.759,2.759,631.4196166992188,xgboost_feat
Blueberry_Duke,HOLLANDFOODSERVICE,NL-NB,2026-04-06,2026-04-12,Weekly,,KG,2.759,2.759,608.1527709960938,xgboost_feat
Blueberry_Duke,HOLLANDFOODSERVICE,NL-NB,2026-04-13,2026-04-19,Weekly,,KG,2.759,2.759,573.3489379882812,xgboost_feat
Blueberry_Duke,HOLLANDFOODSERVICE,NL-NB,2026-04-20,2026-04-26,Weekly,,KG,2.759,2.759,600.5611572265625,xgboost_feat
Blueberry_Duke,HOLLANDFOODSERVICE,NL-NB,2026-04-27,2026-05-03,Weekly,,KG,2.759,2.759,583.246826171875,xgboost_feat
Blueberry_Duke,HOLLANDFOODSERVICE,NL-NH,2026-02-02,2026-02-08,Weekly,,KG,2.893,2.893,592.4275512695312,xgboost_feat
Blueberry_Duke,HOLLANDFOODSERVICE,NL-NH,2026-02-09,2026-02-15,Weekly,,KG,2.893,2.893,563.2327270507812,xgboost_feat
Blueberry_Duke,HOLLANDFOODSERVICE,NL-NH,2026-02-16,2026-02-22,Weekly,,KG,2.893,2.893,593.7389526367188,xgboost_feat
Blueberry_Duke,HOLLANDFOODSERVICE,NL-NH,2026-02-23,2026-03-01,Weekly,,KG,2.893,2.893,615.3917846679688,xgboost_feat
Blueberry_Duke,HOLLANDFOODSERVICE,NL-NH,2026-03-02,2026-03-08,Weekly,,KG,2.893,2.893,633.1226806640625,xgboost_feat
Blueberry_Duke,HOLLANDFOODSERVICE,NL-NH,2026-03-09,2026-03-15,Weekly,,KG,2.893,2.893,623.9884643554688,xgboost_feat
Blueberry_Duke,HOLLANDFOODSERVICE,NL-NH,2026-03-16,2026-03-22,Weekly,,KG,2.893,2.893,606.021240234375,xgboost_feat
Blueberry_Duke,HOLLANDFOODSERVICE,NL-NH,2026-03-23,2026-03-29,Weekly,,KG,2.893,2.893,611.9360961914062,xgboost_feat
Blueberry_Duke,HOLLANDFOODSERVICE,NL-NH,2026-03-30,2026-04-05,Weekly,,KG,2.893,2.893,610.9163208007812,xgboost_feat
Blueberry_Duke,HOLLANDFOODSERVICE,NL-NH,2026-04-06,2026-04-12,Weekly,,KG,2.893,2.893,602.8768310546875,xgboost_feat
Blueberry_Duke,HOLLANDFOODSERVICE,NL-NH,2026-04-13,2026-04-19,Weekly,,KG,2.893,2.893,561.6740112304688,xgboost_feat
Blueberry_Duke,HOLLANDFOODSERVICE,NL-NH,2026-04-20,2026-04-26,Weekly,,KG,2.893,2.893,603.3143920898438,xgboost_feat
Blueberry_Duke,HOLLANDFOODSERVICE,NL-NH,2026-04-27,2026-05-03,Weekly,,KG,2.893,2.893,588.3944702148438,xgboost_feat
Blueberry_Duke,HOLLANDFOODSERVICE,NL-ZH,2026-02-02,2026-02-08,Weekly,,KG,2.851,2.851,582.7507934570312,xgboost_feat
Blueberry_Duke,HOLLANDFOODSERVICE,NL-ZH,2026-02-09,2026-02-15,Weekly,,KG,2.851,2.851,590.84619140625,xgboost_feat
Blueberry_Duke,HOLLANDFOODSERVICE,NL-ZH,2026-02-16,2026-02-22,Weekly,,KG,2.851,2.851,592.6702270507812,xgboost_feat
Blueberry_Duke,HOLLANDFOODSERVICE,NL-ZH,2026-02-23,2026-03-01,Weekly,,KG,2.851,2.851,597.20849609375,xgboost_feat
Blueberry_Duke,HOLLANDFOODSERVICE,NL-ZH,2026-03-02,2026-03-08,Weekly,,KG,2.851,2.851,617.7596435546875,xgboost_feat
Blueberry_Duke,HOLLANDFOODSERVICE,NL-ZH,2026-03-09,2026-03-15,Weekly,,KG,2.851,2.851,619.67919921875,xgboost_feat
Blueberry_Duke,HOLLANDFOODSERVICE,NL-ZH,2026-03-16,2026-03-22,Weekly,,KG,2.851,2.851,606.10205078125,xgboost_feat
Blueberry_Duke,HOLLANDFOODSERVICE,NL-ZH,2026-03-23,2026-03-29,Weekly,,KG,2.851,2.851,613.713134765625,xgboost_feat
Blueberry_Duke,HOLLANDFOODSERVICE,NL-ZH,2026-03-30,2026-04-05,Weekly,,KG,2.851,2.851,624.3910522460938,xgboost_feat
Blueberry_Duke,HOLLANDFOODSERVICE,NL-ZH,2026-04-06,2026-04-12,Weekly,,KG,2.851,2.851,604.8597412109375,xgboost_feat
Blueberry_Duke,HOLLANDFOODSERVICE,NL-ZH,2026-04-13,2026-04-19,Weekly,,KG,2.851,2.851,584.4381103515625,xgboost_feat
Blueberry_Duke,HOLLANDFOODSERVICE,NL-ZH,2026-04-20,2026-04-26,Weekly,,KG,2.851,2.851,596.3902587890625,xgboost_feat
Blueberry_Duke,HOLLANDFOODSERVICE,NL-ZH,2026-04-27,2026-05-03,Weekly,,KG,2.851,2.851,593.162841796875,xgboost_feat
Blueberry_Duke,JUMBO,NL-GE,2026-02-02,2026-02-08,Weekly,,KG,2.662,2.662,596.5941162109375,xgboost_feat
Blueberry_Duke,JUMBO,NL-GE,2026-02-09,2026-02-15,Weekly,,KG,2.662,2.662,583.2200317382812,xgboost_feat
Blueberry_Duke,JUMBO,NL-GE,2026-02-16,2026-02-22,Weekly,,KG,2.662,2.662,590.5396728515625,xgboost_feat
Blueberry_Duke,JUMBO,NL-GE,2026-02-23,2026-03-01,Weekly,,KG,2.662,2.662,623.5001831054688,xgboost_feat
Blueberry_Duke,JUMBO,NL-GE,2026-03-02,2026-03-08,Weekly,,KG,2.662,2.662,618.537841796875,xgboost_feat
Blueberry_Duke,JUMBO,NL-GE,2026-03-09,2026-03-15,Weekly,,KG,2.662,2.662,651.76171875,xgboost_feat
Blueberry_Duke,JUMBO,NL-GE,2026-03-16,2026-03-22,Weekly,,KG,2.662,2.662,595.1279296875,xgboost_feat
Blueberry_Duke,JUMBO,NL-GE,2026-03-23,2026-03-29,Weekly,,KG,2.662,2.662,600.4288330078125,xgboost_feat
Blueberry_Duke,JUMBO,NL-GE,2026-03-30,2026-04-05,Weekly,,KG,2.662,2.662,602.635986328125,xgboost_feat
Blueberry_Duke,JUMBO,NL-GE,2026-04-06,2026-04-12,Weekly,,KG,2.662,2.662,606.01953125,xgboost_feat
Blueberry_Duke,JUMBO,NL-GE,2026-04-13,2026-04-19,Weekly,,KG,2.662,2.662,575.1113891601562,xgboost_feat
Blueberry_Duke,JUMBO,NL-GE,2026-04-20,2026-04-26,Weekly,,KG,2.662,2.662,597.191650390625,xgboost_feat
Blueberry_Duke,JUMBO,NL-GE,2026-04-27,2026-05-03,Weekly,,KG,2.662,2.662,586.7640380859375,xgboost_feat
Blueberry_Duke,JUMBO,NL-NB,2026-02-02,2026-02-08,Weekly,,KG,2.754,2.754,581.3005981445312,xgboost_feat
Blueberry_Duke,JUMBO,NL-NB,2026-02-09,2026-02-15,Weekly,,KG,2.754,2.754,604.8297119140625,xgboost_feat
Blueberry_Duke,JUMBO,NL-NB,2026-02-16,2026-02-22,Weekly,,KG,2.754,2.754,642.726318359375,xgboost_feat
Blueberry_Duke,JUMBO,NL-NB,2026-02-23,2026-03-01,Weekly,,KG,2.754,2.754,618.3682861328125,xgboost_feat
Blueberry_Duke,JUMBO,NL-NB,2026-03-02,2026-03-08,Weekly,,KG,2.754,2.754,623.0208129882812,xgboost_feat
Blueberry_Duke,JUMBO,NL-NB,2026-03-09,2026-03-15,Weekly,,KG,2.754,2.754,619.76171875,xgboost_feat
Blueberry_Duke,JUMBO,NL-NB,2026-03-16,2026-03-22,Weekly,,KG,2.754,2.754,601.1937255859375,xgboost_feat
Blueberry_Duke,JUMBO,NL-NB,2026-03-23,2026-03-29,Weekly,,KG,2.754,2.754,605.5355224609375,xgboost_feat
Blueberry_Duke,JUMBO,NL-NB,2026-03-30,2026-04-05,Weekly,,KG,2.754,2.754,627.244140625,xgboost_feat
Blueberry_Duke,JUMBO,NL-NB,2026-04-06,2026-04-12,Weekly,,KG,2.754,2.754,602.9170532226562,xgboost_feat
Blueberry_Duke,JUMBO,NL-NB,2026-04-13,2026-04-19,Weekly,,KG,2.754,2.754,564.810791015625,xgboost_feat
Blueberry_Duke,JUMBO,NL-NB,2026-04-20,2026-04-26,Weekly,,KG,2.754,2.754,597.1076049804688,xgboost_feat
Blueberry_Duke,JUMBO,NL-NB,2026-04-27,2026-05-03,Weekly,,KG,2.754,2.754,576.85302734375,xgboost_feat
Blueberry_Duke,JUMBO,NL-NH,2026-02-02,2026-02-08,Weekly,,KG,2.851,2.851,571.8937377929688,xgboost_feat
Blueberry_Duke,JUMBO,NL-NH,2026-02-09,2026-02-15,Weekly,,KG,2.851,2.851,556.8464965820312,xgboost_feat
Blueberry_Duke,JUMBO,NL-NH,2026-02-16,2026-02-22,Weekly,,KG,2.851,2.851,577.0911254882812,xgboost_feat
Blueberry_Duke,JUMBO,NL-NH,2026-02-23,2026-03-01,Weekly,,KG,2.851,2.851,612.3043823242188,xgboost_feat
Blueberry_Duke,JUMBO,NL-NH,2026-03-02,2026-03-08,Weekly,,KG,2.851,2.851,638.5518798828125,xgboost_feat
Blueberry_Duke,JUMBO,NL-NH,2026-03-09,2026-03-15,Weekly,,KG,2.851,2.851,622.1051635742188,xgboost_feat
Blueberry_Duke,JUMBO,NL-NH,2026-03-16,2026-03-22,Weekly,,KG,2.851,2.851,602.8407592773438,xgboost_feat
Blueberry_Duke,JUMBO,NL-NH,2026-03-23,2026-03-29,Weekly,,KG,2.851,2.851,607.6581420898438,xgboost_feat
Blueberry_Duke,JUMBO,NL-NH,2026-03-30,2026-04-05,Weekly,,KG,2.851,2.851,603.9122314453125,xgboost_feat
Blueberry_Duke,JUMBO,NL-NH,2026-04-06,2026-04-12,Weekly,,KG,2.851,2.851,597.7741088867188,xgboost_feat
Blueberry_Duke,JUMBO,NL-NH,2026-04-13,2026-04-19,Weekly,,KG,2.851,2.851,550.9987182617188,xgboost_feat
Blueberry_Duke,JUMBO,NL-NH,2026-04-20,2026-04-26,Weekly,,KG,2.851,2.851,598.3433837890625,xgboost_feat
Blueberry_Duke,JUMBO,NL-NH,2026-04-27,2026-05-03,Weekly,,KG,2.851,2.851,582.3388061523438,xgboost_feat
Blueberry_Duke,JUMBO,NL-ZH,2026-02-02,2026-02-08,Weekly,,KG,3.004,3.004,591.5150146484375,xgboost_feat
Blueberry_Duke,JUMBO,NL-ZH,2026-02-09,2026-02-15,Weekly,,KG,3.004,3.004,613.5174560546875,xgboost_feat
Blueberry_Duke,JUMBO,NL-ZH,2026-02-16,2026-02-22,Weekly,,KG,3.004,3.004,618.5877685546875,xgboost_feat
Blueberry_Duke,JUMBO,NL-ZH,2026-02-23,2026-03-01,Weekly,,KG,3.004,3.004,635.7222290039062,xgboost_feat
Blueberry_Duke,JUMBO,NL-ZH,2026-03-02,2026-03-08,Weekly,,KG,3.004,3.004,624.2537841796875,xgboost_feat
Blueberry_Duke,JUMBO,NL-ZH,2026-03-09,2026-03-15,Weekly,,KG,3.004,3.004,617.8330688476562,xgboost_feat
Blueberry_Duke,JUMBO,NL-ZH,2026-03-16,2026-03-22,Weekly,,KG,3.004,3.004,607.3505859375,xgboost_feat
Blueberry_Duke,JUMBO,NL-ZH,2026-03-23,2026-03-29,Weekly,,KG,3.004,3.004,610.744140625,xgboost_feat
Blueberry_Duke,JUMBO,NL-ZH,2026-03-30,2026-04-05,Weekly,,KG,3.004,3.004,628.6653442382812,xgboost_feat
Blueberry_Duke,JUMBO,NL-ZH,2026-04-06,2026-04-12,Weekly,,KG,3.004,3.004,603.4100341796875,xgboost_feat
Blueberry_Duke,JUMBO,NL-ZH,2026-04-13,2026-04-19,Weekly,,KG,3.004,3.004,581.3160400390625,xgboost_feat
Blueberry_Duke,JUMBO,NL-ZH,2026-04-20,2026-04-26,Weekly,,KG,3.004,3.004,593.734619140625,xgboost_feat
Blueberry_Duke,JUMBO,NL-ZH,2026-04-27,2026-05-03,Weekly,,KG,3.004,3.004,587.4160766601562,xgboost_feat
Blueberry_Duke,MELEDI,NL-GE,2026-02-02,2026-02-08,Weekly,,KG,2.535,2.535,586.1417236328125,xgboost_feat
Blueberry_Duke,MELEDI,NL-GE,2026-02-09,2026-02-15,Weekly,,KG,2.535,2.535,593.1834716796875,xgboost_feat
Blueberry_Duke,MELEDI,NL-GE,2026-02-16,2026-02-22,Weekly,,KG,2.535,2.535,602.3983154296875,xgboost_feat
Blueberry_Duke,MELEDI,NL-GE,2026-02-23,2026-03-01,Weekly,,KG,2.535,2.535,612.056396484375,xgboost_feat
Blueberry_Duke,MELEDI,NL-GE,2026-03-02,2026-03-08,Weekly,,KG,2.535,2.535,628.416748046875,xgboost_feat
Blueberry_Duke,MELEDI,NL-GE,2026-03-09,2026-03-15,Weekly,,KG,2.535,2.535,652.1102905273438,xgboost_feat
Blueberry_Duke,MELEDI,NL-GE,2026-03-16,2026-03-22,Weekly,,KG,2.535,2.535,599.956298828125,xgboost_feat
Blueberry_Duke,MELEDI,NL-GE,2026-03-23,2026-03-29,Weekly,,KG,2.535,2.535,602.0349731445312,xgboost_feat
Blueberry_Duke,MELEDI,NL-GE,2026-03-30,2026-04-05,Weekly,,KG,2.535,2.535,619.6480712890625,xgboost_feat
Blueberry_Duke,MELEDI,NL-GE,2026-04-06,2026-04-12,Weekly,,KG,2.535,2.535,621.200439453125,xgboost_feat
Blueberry_Duke,MELEDI,NL-GE,2026-04-13,2026-04-19,Weekly,,KG,2.535,2.535,580.203369140625,xgboost_feat
Blueberry_Duke,MELEDI,NL-GE,2026-04-20,2026-04-26,Weekly,,KG,2.535,2.535,598.7727661132812,xgboost_feat
Blueberry_Duke,MELEDI,NL-GE,2026-04-27,2026-05-03,Weekly,,KG,2.535,2.535,597.9888916015625,xgboost_feat
Blueberry_Duke,MELEDI,NL-NB,2026-02-02,2026-02-08,Weekly,,KG,2.753,2.753,591.23828125,xgboost_feat
Blueberry_Duke,MELEDI,NL-NB,2026-02-09,2026-02-15,Weekly,,KG,2.753,2.753,598.6897583007812,xgboost_feat
Blueberry_Duke,MELEDI,NL-NB,2026-02-16,2026-02-22,Weekly,,KG,2.753,2.753,615.0950317382812,xgboost_feat
Blueberry_Duke,MELEDI,NL-NB,2026-02-23,2026-03-01,Weekly,,KG,2.753,2.753,613.7265014648438,xgboost_feat
Blueberry_Duke,MELEDI,NL-NB,2026-03-02,2026-03-08,Weekly,,KG,2.753,2.753,626.025390625,xgboost_feat
Blueberry_Duke,MELEDI,NL-NB,2026-03-09,2026-03-15,Weekly,,KG,2.753,2.753,622.7363891601562,xgboost_feat
Blueberry_Duke,MELEDI,NL-NB,2026-03-16,2026-03-22,Weekly,,KG,2.753,2.753,605.0580444335938,xgboost_feat
Blueberry_Duke,MELEDI,NL-NB,2026-03-23,2026-03-29,Weekly,,KG,2.753,2.753,604.8941650390625,xgboost_feat
Blueberry_Duke,MELEDI,NL-NB,2026-03-30,2026-04-05,Weekly,,KG,2.753,2.753,631.4196166992188,xgboost_feat
Blueberry_Duke,MELEDI,NL-NB,2026-04-06,2026-04-12,Weekly,,KG,2.753,2.753,608.1527709960938,xgboost_feat
Blueberry_Duke,MELEDI,NL-NB,2026-04-13,2026-04-19,Weekly,,KG,2.753,2.753,573.3711547851562,xgboost_feat
Blueberry_Duke,MELEDI,NL-NB,2026-04-20,2026-04-26,Weekly,,KG,2.753,2.753,599.453125,xgboost_feat
Blueberry_Duke,MELEDI,NL-NB,2026-04-27,2026-05-03,Weekly,,KG,2.753,2.753,586.5194091796875,xgboost_feat
Blueberry_Duke,MELEDI,NL-NH,2026-02-02,2026-02-08,Weekly,,KG,2.881,2.881,592.4265747070312,xgboost_feat
Blueberry_Duke,MELEDI,NL-NH,2026-02-09,2026-02-15,Weekly,,KG,2.881,2.881,563.2874145507812,xgboost_feat
Blueberry_Duke,MELEDI,NL-NH,2026-02-16,2026-02-22,Weekly,,KG,2.881,2.881,594.2562866210938,xgboost_feat
Blueberry_Duke,MELEDI,NL-NH,2026-02-23,2026-03-01,Weekly,,KG,2.881,2.881,616.4784545898438,xgboost_feat
Blueberry_Duke,MELEDI,NL-NH,2026-03-02,2026-03-08,Weekly,,KG,2.881,2.881,633.1226806640625,xgboost_feat
Blueberry_Duke,MELEDI,NL-NH,2026-03-09,2026-03-15,Weekly,,KG,2.881,2.881,623.9884643554688,xgboost_feat
Blueberry_Duke,MELEDI,NL-NH,2026-03-16,2026-03-22,Weekly,,KG,2.881,2.881,606.021240234375,xgboost_feat
Blueberry_Duke,MELEDI,NL-NH,2026-03-23,2026-03-29,Weekly,,KG,2.881,2.881,611.9360961914062,xgboost_feat
Blueberry_Duke,MELEDI,NL-NH,2026-03-30,2026-04-05,Weekly,,KG,2.881,2.881,610.9163208007812,xgboost_feat
Blueberry_Duke,MELEDI,NL-NH,2026-04-06,2026-04-12,Weekly,,KG,2.881,2.881,602.8768310546875,xgboost_feat
Blueberry_Duke,MELEDI,NL-NH,2026-04-13,2026-04-19,Weekly,,KG,2.881,2.881,561.6740112304688,xgboost_feat
Blueberry_Duke,MELEDI,NL-NH,2026-04-20,2026-04-26,Weekly,,KG,2.881,2.881,603.3143920898438,xgboost_feat
Blueberry_Duke,MELEDI,NL-NH,2026-04-27,2026-05-03,Weekly,,KG,2.881,2.881,588.54150390625,xgboost_feat
Blueberry_Duke,MELEDI,NL-ZH,2026-02-02,2026-02-08,Weekly,,KG,3.031,3.031,581.8500366210938,xgboost_feat
Blueberry_Duke,MELEDI,NL-ZH,2026-02-09,2026-02-15,Weekly,,KG,3.031,3.031,592.4385986328125,xgboost_feat
Blueberry_Duke,MELEDI,NL-ZH,2026-02-16,2026-02-22,Weekly,,KG,3.031,3.031,592.3324584960938,xgboost_feat
Blueberry_Duke,MELEDI,NL-ZH,2026-02-23,2026-03-01,Weekly,,KG,3.031,3.031,597.08447265625,xgboost_feat
Blueberry_Duke,MELEDI,NL-ZH,2026-03-02,2026-03-08,Weekly,,KG,3.031,3.031,617.7596435546875,xgboost_feat
Blueberry_Duke,MELEDI,NL-ZH,2026-03-09,2026-03-15,Weekly,,KG,3.031,3.031,620.15869140625,xgboost_feat
Blueberry_Duke,MELEDI,NL-ZH,2026-03-16,2026-03-22,Weekly,,KG,3.031,3.031,606.10205078125,xgboost_feat
Blueberry_Duke,MELEDI,NL-ZH,2026-03-23,2026-03-29,Weekly,,KG,3.031,3.031,613.713134765625,xgboost_feat
Blueberry_Duke,MELEDI,NL-ZH,2026-03-30,2026-04-05,Weekly,,KG,3.031,3.031,624.3910522460938,xgboost_feat
Blueberry_Duke,MELEDI,NL-ZH,2026-04-06,2026-04-12,Weekly,,KG,3.031,3.031,604.8597412109375,xgboost_feat
Blueberry_Duke,MELEDI,NL-ZH,2026-04-13,2026-04-19,Weekly,,KG,3.031,3.031,584.4588623046875,xgboost_feat
Blueberry_Duke,MELEDI,NL-ZH,2026-04-20,2026-04-26,Weekly,,KG,3.031,3.031,597.3870239257812,xgboost_feat
Blueberry_Duke,MELEDI,NL-ZH,2026-04-27,2026-05-03,Weekly,,KG,3.031,3.031,592.2973022460938,xgboost_feat
Blueberry_Duke,PICNIC,NL-GE,2026-02-02,2026-02-08,Weekly,,KG,2.711,2.711,590.1474609375,xgboost_feat
Blueberry_Duke,PICNIC,NL-GE,2026-02-09,2026-02-15,Weekly,,KG,2.711,2.711,594.511962890625,xgboost_feat
Blueberry_Duke,PICNIC,NL-GE,2026-02-16,2026-02-22,Weekly,,KG,2.711,2.711,594.7186889648438,xgboost_feat
Blueberry_Duke,PICNIC,NL-GE,2026-02-23,2026-03-01,Weekly,,KG,2.711,2.711,599.9053344726562,xgboost_feat
Blueberry_Duke,PICNIC,NL-GE,2026-03-02,2026-03-08,Weekly,,KG,2.711,2.711,616.4652099609375,xgboost_feat
Blueberry_Duke,PICNIC,NL-GE,2026-03-09,2026-03-15,Weekly,,KG,2.711,2.711,643.5722045898438,xgboost_feat
Blueberry_Duke,PICNIC,NL-GE,2026-03-16,2026-03-22,Weekly,,KG,2.711,2.711,598.4489135742188,xgboost_feat
Blueberry_Duke,PICNIC,NL-GE,2026-03-23,2026-03-29,Weekly,,KG,2.711,2.711,603.0111694335938,xgboost_feat
Blueberry_Duke,PICNIC,NL-GE,2026-03-30,2026-04-05,Weekly,,KG,2.711,2.711,613.27392578125,xgboost_feat
Blueberry_Duke,PICNIC,NL-GE,2026-04-06,2026-04-12,Weekly,,KG,2.711,2.711,612.074462890625,xgboost_feat
Blueberry_Duke,PICNIC,NL-GE,2026-04-13,2026-04-19,Weekly,,KG,2.711,2.711,580.7488403320312,xgboost_feat
Blueberry_Duke,PICNIC,NL-GE,2026-04-20,2026-04-26,Weekly,,KG,2.711,2.711,599.9498291015625,xgboost_feat
Blueberry_Duke,PICNIC,NL-GE,2026-04-27,2026-05-03,Weekly,,KG,2.711,2.711,592.0885620117188,xgboost_feat
Blueberry_Duke,PICNIC,NL-NB,2026-02-02,2026-02-08,Weekly,,KG,2.835,2.835,591.1328735351562,xgboost_feat
Blueberry_Duke,PICNIC,NL-NB,2026-02-09,2026-02-15,Weekly,,KG,2.835,2.835,601.6250610351562,xgboost_feat
Blueberry_Duke,PICNIC,NL-NB,2026-02-16,2026-02-22,Weekly,,KG,2.835,2.835,620.233642578125,xgboost_feat
Blueberry_Duke,PICNIC,NL-NB,2026-02-23,2026-03-01,Weekly,,KG,2.835,2.835,614.3783569335938,xgboost_feat
Blueberry_Duke,PICNIC,NL-NB,2026-03-02,2026-03-08,Weekly,,KG,2.835,2.835,626.1813354492188,xgboost_feat
Blueberry_Duke,PICNIC,NL-NB,2026-03-09,2026-03-15,Weekly,,KG,2.835,2.835,622.5957641601562,xgboost_feat
Blueberry_Duke,PICNIC,NL-NB,2026-03-16,2026-03-22,Weekly,,KG,2.835,2.835,604.629638671875,xgboost_feat
Blueberry_Duke,PICNIC,NL-NB,2026-03-23,2026-03-29,Weekly,,KG,2.835,2.835,604.8917236328125,xgboost_feat
Blueberry_Duke,PICNIC,NL-NB,2026-03-30,2026-04-05,Weekly,,KG,2.835,2.835,631.4196166992188,xgboost_feat
Blueberry_Duke,PICNIC,NL-NB,2026-04-06,2026-04-12,Weekly,,KG,2.835,2.835,608.1527709960938,xgboost_feat
Blueberry_Duke,PICNIC,NL-NB,2026-04-13,2026-04-19,Weekly,,KG,2.835,2.835,573.2423706054688,xgboost_feat
Blueberry_Duke,PICNIC,NL-NB,2026-04-20,2026-04-26,Weekly,,KG,2.835,2.835,599.487060546875,xgboost_feat
Blueberry_Duke,PICNIC,NL-NB,2026-04-27,2026-05-03,Weekly,,KG,2.835,2.835,586.8276977539062,xgboost_feat
Blueberry_Duke,PICNIC,NL-NH,2026-02-02,2026-02-08,Weekly,,KG,2.919,2.919,592.4275512695312,xgboost_feat
Blueberry_Duke,PICNIC,NL-NH,2026-02-09,2026-02-15,Weekly,,KG,2.919,2.919,565.3455200195312,xgboost_feat
Blueberry_Duke,PICNIC,NL-NH,2026-02-16,2026-02-22,Weekly,,KG,2.919,2.919,593.66162109375,xgboost_feat
Blueberry_Duke,PICNIC,NL-NH,2026-02-23,2026-03-01,Weekly,,KG,2.919,2.919,616.1091918945312,xgboost_feat
Blueberry_Duke,PICNIC,NL-NH,2026-03-02,2026-03-08,Weekly,,KG,2.919,2.919,633.1226806640625,xgboost_feat
Blueberry_Duke,PICNIC,NL-NH,2026-03-09,2026-03-15,Weekly,,KG,2.919,2.919,623.9884643554688,xgboost_feat
Blueberry_Duke,PICNIC,NL-NH,2026-03-16,2026-03-22,Weekly,,KG,2.919,2.919,606.021240234375,xgboost_feat
Blueberry_Duke,PICNIC,NL-NH,2026-03-23,2026-03-29,Weekly,,KG,2.919,2.919,611.9360961914062,xgboost_feat
Blueberry_Duke,PICNIC,NL-NH,2026-03-30,2026-04-05,Weekly,,KG,2.919,2.919,610.9163208007812,xgboost_feat
Blueberry_Duke,PICNIC,NL-NH,2026-04-06,2026-04-12,Weekly,,KG,2.919,2.919,602.8768310546875,xgboost_feat
Blueberry_Duke,PICNIC,NL-NH,2026-04-13,2026-04-19,Weekly,,KG,2.919,2.919,561.6744995117188,xgboost_feat
Blueberry_Duke,PICNIC,NL-NH,2026-04-20,2026-04-26,Weekly,,KG,2.919,2.919,603.4549560546875,xgboost_feat
Blueberry_Duke,PICNIC,NL-NH,2026-04-27,2026-05-03,Weekly,,KG,2.919,2.919,588.3441162109375,xgboost_feat
Blueberry_Duke,PICNIC,NL-ZH,2026-02-02,2026-02-08,Weekly,,KG,2.846,2.846,582.7507934570312,xgboost_feat
Blueberry_Duke,PICNIC,NL-ZH,2026-02-09,2026-02-15,Weekly,,KG,2.846,2.846,596.212646484375,xgboost_feat
Blueberry_Duke,PICNIC,NL-ZH,2026-02-16,2026-02-22,Weekly,,KG,2.846,2.846,592.37890625,xgboost_feat
Blueberry_Duke,PICNIC,NL-ZH,2026-02-23,2026-03-01,Weekly,,KG,2.846,2.846,597.7857666015625,xgboost_feat
Blueberry_Duke,PICNIC,NL-ZH,2026-03-02,2026-03-08,Weekly,,KG,2.846,2.846,617.7596435546875,xgboost_feat
Blueberry_Duke,PICNIC,NL-ZH,2026-03-09,2026-03-15,Weekly,,KG,2.846,2.846,620.15869140625,xgboost_feat
Blueberry_Duke,PICNIC,NL-ZH,2026-03-16,2026-03-22,Weekly,,KG,2.846,2.846,606.10205078125,xgboost_feat
Blueberry_Duke,PICNIC,NL-ZH,2026-03-23,2026-03-29,Weekly,,KG,2.846,2.846,613.713134765625,xgboost_feat
Blueberry_Duke,PICNIC,NL-ZH,2026-03-30,2026-04-05,Weekly,,KG,2.846,2.846,624.3910522460938,xgboost_feat
Blueberry_Duke,PICNIC,NL-ZH,2026-04-06,2026-04-12,Weekly,,KG,2.846,2.846,604.8597412109375,xgboost_feat
Blueberry_Duke,PICNIC,NL-ZH,2026-04-13,2026-04-19,Weekly,,KG,2.846,2.846,584.5384521484375,xgboost_feat
Blueberry_Duke,PICNIC,NL-ZH,2026-04-20,2026-04-26,Weekly,,KG,2.846,2.846,596.43408203125,xgboost_feat
Blueberry_Duke,PICNIC,NL-ZH,2026-04-27,2026-05-03,Weekly,,KG,2.846,2.846,593.43701171875,xgboost_feat
Blueberry_Duke,PLUS,NL-GE,2026-02-02,2026-02-08,Weekly,,KG,2.823,2.823,577.5794677734375,xgboost_feat
Blueberry_Duke,PLUS,NL-GE,2026-02-09,2026-02-15,Weekly,,KG,2.823,2.823,588.8378295898438,xgboost_feat
Blueberry_Duke,PLUS,NL-GE,2026-02-16,2026-02-22,Weekly,,KG,2.823,2.823,589.8823852539062,xgboost_feat
Blueberry_Duke,PLUS,NL-GE,2026-02-23,2026-03-01,Weekly,,KG,2.823,2.823,595.7664184570312,xgboost_feat
Blueberry_Duke,PLUS,NL-GE,2026-03-02,2026-03-08,Weekly,,KG,2.823,2.823,619.31787109375,xgboost_feat
Blueberry_Duke,PLUS,NL-GE,2026-03-09,2026-03-15,Weekly,,KG,2.823,2.823,658.8880004882812,xgboost_feat
Blueberry_Duke,PLUS,NL-GE,2026-03-16,2026-03-22,Weekly,,KG,2.823,2.823,594.2869262695312,xgboost_feat
Blueberry_Duke,PLUS,NL-GE,2026-03-23,2026-03-29,Weekly,,KG,2.823,2.823,602.9108276367188,xgboost_feat
Blueberry_Duke,PLUS,NL-GE,2026-03-30,2026-04-05,Weekly,,KG,2.823,2.823,605.87548828125,xgboost_feat
Blueberry_Duke,PLUS,NL-GE,2026-04-06,2026-04-12,Weekly,,KG,2.823,2.823,603.6982421875,xgboost_feat
Blueberry_Duke,PLUS,NL-GE,2026-04-13,2026-04-19,Weekly,,KG,2.823,2.823,575.3850708007812,xgboost_feat
Blueberry_Duke,PLUS,NL-GE,2026-04-20,2026-04-26,Weekly,,KG,2.823,2.823,597.6738891601562,xgboost_feat
Blueberry_Duke,PLUS,NL-GE,2026-04-27,2026-05-03,Weekly,,KG,2.823,2.823,587.0444946289062,xgboost_feat
Blueberry_Duke,PLUS,NL-NB,2026-02-02,2026-02-08,Weekly,,KG,2.719,2.719,595.1375732421875,xgboost_feat
Blueberry_Duke,PLUS,NL-NB,2026-02-09,2026-02-15,Weekly,,KG,2.719,2.719,615.6941528320312,xgboost_feat
Blueberry_Duke,PLUS,NL-NB,2026-02-16,2026-02-22,Weekly,,KG,2.719,2.719,643.40771484375,xgboost_feat
Blueberry_Duke,PLUS,NL-NB,2026-02-23,2026-03-01,Weekly,,KG,2.719,2.719,615.4596557617188,xgboost_feat
Blueberry_Duke,PLUS,NL-NB,2026-03-02,2026-03-08,Weekly,,KG,2.719,2.719,621.2369384765625,xgboost_feat
Blueberry_Duke,PLUS,NL-NB,2026-03-09,2026-03-15,Weekly,,KG,2.719,2.719,617.8298950195312,xgboost_feat
Blueberry_Duke,PLUS,NL-NB,2026-03-16,2026-03-22,Weekly,,KG,2.719,2.719,606.0697631835938,xgboost_feat
Blueberry_Duke,PLUS,NL-NB,2026-03-23,2026-03-29,Weekly,,KG,2.719,2.719,608.7093505859375,xgboost_feat
Blueberry_Duke,PLUS,NL-NB,2026-03-30,2026-04-05,Weekly,,KG,2.719,2.719,629.97021484375,xgboost_feat
Blueberry_Duke,PLUS,NL-NB,2026-04-06,2026-04-12,Weekly,,KG,2.719,2.719,601.16064453125,xgboost_feat
Blueberry_Duke,PLUS,NL-NB,2026-04-13,2026-04-19,Weekly,,KG,2.719,2.719,564.653076171875,xgboost_feat
Blueberry_Duke,PLUS,NL-NB,2026-04-20,2026-04-26,Weekly,,KG,2.719,2.719,596.6541748046875,xgboost_feat
Blueberry_Duke,PLUS,NL-NB,2026-04-27,2026-05-03,Weekly,,KG,2.719,2.719,576.1649169921875,xgboost_feat
Blueberry_Duke,PLUS,NL-NH,2026-02-02,2026-02-08,Weekly,,KG,2.834,2.834,572.1576538085938,xgboost_feat
Blueberry_Duke,PLUS,NL-NH,2026-02-09,2026-02-15,Weekly,,KG,2.834,2.834,555.2199096679688,xgboost_feat
Blueberry_Duke,PLUS,NL-NH,2026-02-16,2026-02-22,Weekly,,KG,2.834,2.834,586.1213989257812,xgboost_feat
Blueberry_Duke,PLUS,NL-NH,2026-02-23,2026-03-01,Weekly,,KG,2.834,2.834,613.01416015625,xgboost_feat
Blueberry_Duke,PLUS,NL-NH,2026-03-02,2026-03-08,Weekly,,KG,2.834,2.834,643.089599609375,xgboost_feat
Blueberry_Duke,PLUS,NL-NH,2026-03-09,2026-03-15,Weekly,,KG,2.834,2.834,627.2527465820312,xgboost_feat
Blueberry_Duke,PLUS,NL-NH,2026-03-16,2026-03-22,Weekly,,KG,2.834,2.834,603.9688110351562,xgboost_feat
Blueberry_Duke,PLUS,NL-NH,2026-03-23,2026-03-29,Weekly,,KG,2.834,2.834,600.1887817382812,xgboost_feat
Blueberry_Duke,PLUS,NL-NH,2026-03-30,2026-04-05,Weekly,,KG,2.834,2.834,601.2759399414062,xgboost_feat
Blueberry_Duke,PLUS,NL-NH,2026-04-06,2026-04-12,Weekly,,KG,2.834,2.834,598.0639038085938,xgboost_feat
Blueberry_Duke,PLUS,NL-NH,2026-04-13,2026-04-19,Weekly,,KG,2.834,2.834,550.9541015625,xgboost_feat
Blueberry_Duke,PLUS,NL-NH,2026-04-20,2026-04-26,Weekly,,KG,2.834,2.834,596.6165161132812,xgboost_feat
Blueberry_Duke,PLUS,NL-NH,2026-04-27,2026-05-03,Weekly,,KG,2.834,2.834,580.4657592773438,xgboost_feat
Blueberry_Duke,PLUS,NL-ZH,2026-02-02,2026-02-08,Weekly,,KG,2.982,2.982,591.6329956054688,xgboost_feat
Blueberry_Duke,PLUS,NL-ZH,2026-02-09,2026-02-15,Weekly,,KG,2.982,2.982,606.551025390625,xgboost_feat
Blueberry_Duke,PLUS,NL-ZH,2026-02-16,2026-02-22,Weekly,,KG,2.982,2.982,607.8780517578125,xgboost_feat
Blueberry_Duke,PLUS,NL-ZH,2026-02-23,2026-03-01,Weekly,,KG,2.982,2.982,631.2952880859375,xgboost_feat
Blueberry_Duke,PLUS,NL-ZH,2026-03-02,2026-03-08,Weekly,,KG,2.982,2.982,617.9274291992188,xgboost_feat
Blueberry_Duke,PLUS,NL-ZH,2026-03-09,2026-03-15,Weekly,,KG,2.982,2.982,613.5136108398438,xgboost_feat
Blueberry_Duke,PLUS,NL-ZH,2026-03-16,2026-03-22,Weekly,,KG,2.982,2.982,599.8932495117188,xgboost_feat
Blueberry_Duke,PLUS,NL-ZH,2026-03-23,2026-03-29,Weekly,,KG,2.982,2.982,597.82080078125,xgboost_feat
Blueberry_Duke,PLUS,NL-ZH,2026-03-30,2026-04-05,Weekly,,KG,2.982,2.982,622.4424438476562,xgboost_feat
Blueberry_Duke,PLUS,NL-ZH,2026-04-06,2026-04-12,Weekly,,KG,2.982,2.982,602.4453125,xgboost_feat
Blueberry_Duke,PLUS,NL-ZH,2026-04-13,2026-04-19,Weekly,,KG,2.982,2.982,583.2650756835938,xgboost_feat
Blueberry_Duke,PLUS,NL-ZH,2026-04-20,2026-04-26,Weekly,,KG,2.982,2.982,593.1942749023438,xgboost_feat
Blueberry_Duke,PLUS,NL-ZH,2026-04-27,2026-05-03,Weekly,,KG,2.982,2.982,588.0433959960938,xgboost_feat
Blueberry_Duke,SLIGRO,NL-GE,2026-02-02,2026-02-08,Weekly,,KG,2.621,2.621,582.4015502929688,xgboost_feat
Blueberry_Duke,SLIGRO,NL-GE,2026-02-09,2026-02-15,Weekly,,KG,2.621,2.621,596.2456665039062,xgboost_feat
Blueberry_Duke,SLIGRO,NL-GE,2026-02-16,2026-02-22,Weekly,,KG,2.621,2.621,597.3245849609375,xgboost_feat
Blueberry_Duke,SLIGRO,NL-GE,2026-02-23,2026-03-01,Weekly,,KG,2.621,2.621,602.777587890625,xgboost_feat
Blueberry_Duke,SLIGRO,NL-GE,2026-03-02,2026-03-08,Weekly,,KG,2.621,2.621,622.0044555664062,xgboost_feat
Blueberry_Duke,SLIGRO,NL-GE,2026-03-09,2026-03-15,Weekly,,KG,2.621,2.621,645.5469970703125,xgboost_feat
Blueberry_Duke,SLIGRO,NL-GE,2026-03-16,2026-03-22,Weekly,,KG,2.621,2.621,596.9910888671875,xgboost_feat
Blueberry_Duke,SLIGRO,NL-GE,2026-03-23,2026-03-29,Weekly,,KG,2.621,2.621,601.4512939453125,xgboost_feat
Blueberry_Duke,SLIGRO,NL-GE,2026-03-30,2026-04-05,Weekly,,KG,2.621,2.621,616.27978515625,xgboost_feat
Blueberry_Duke,SLIGRO,NL-GE,2026-04-06,2026-04-12,Weekly,,KG,2.621,2.621,616.2005004882812,xgboost_feat
Blueberry_Duke,SLIGRO,NL-GE,2026-04-13,2026-04-19,Weekly,,KG,2.621,2.621,580.2122192382812,xgboost_feat
Blueberry_Duke,SLIGRO,NL-GE,2026-04-20,2026-04-26,Weekly,,KG,2.621,2.621,599.2205200195312,xgboost_feat
Blueberry_Duke,SLIGRO,NL-GE,2026-04-27,2026-05-03,Weekly,,KG,2.621,2.621,597.6917724609375,xgboost_feat
Blueberry_Duke,SLIGRO,NL-NB,2026-02-02,2026-02-08,Weekly,,KG,2.732,2.732,591.208984375,xgboost_feat
Blueberry_Duke,SLIGRO,NL-NB,2026-02-09,2026-02-15,Weekly,,KG,2.732,2.732,598.6458129882812,xgboost_feat
Blueberry_Duke,SLIGRO,NL-NB,2026-02-16,2026-02-22,Weekly,,KG,2.732,2.732,615.0510864257812,xgboost_feat
Blueberry_Duke,SLIGRO,NL-NB,2026-02-23,2026-03-01,Weekly,,KG,2.732,2.732,613.6825561523438,xgboost_feat
Blueberry_Duke,SLIGRO,NL-NB,2026-03-02,2026-03-08,Weekly,,KG,2.732,2.732,625.9814453125,xgboost_feat
Blueberry_Duke,SLIGRO,NL-NB,2026-03-09,2026-03-15,Weekly,,KG,2.732,2.732,622.6924438476562,xgboost_feat
Blueberry_Duke,SLIGRO,NL-NB,2026-03-16,2026-03-22,Weekly,,KG,2.732,2.732,605.0518188476562,xgboost_feat
Blueberry_Duke,SLIGRO,NL-NB,2026-03-23,2026-03-29,Weekly,,KG,2.732,2.732,604.888671875,xgboost_feat
Blueberry_Duke,SLIGRO,NL-NB,2026-03-30,2026-04-05,Weekly,,KG,2.732,2.732,631.4133911132812,xgboost_feat
Blueberry_Duke,SLIGRO,NL-NB,2026-04-06,2026-04-12,Weekly,,KG,2.732,2.732,608.1465454101562,xgboost_feat
Blueberry_Duke,SLIGRO,NL-NB,2026-04-13,2026-04-19,Weekly,,KG,2.732,2.732,573.1358032226562,xgboost_feat
Blueberry_Duke,SLIGRO,NL-NB,2026-04-20,2026-04-26,Weekly,,KG,2.732,2.732,599.4468994140625,xgboost_feat
Blueberry_Duke,SLIGRO,NL-NB,2026-04-27,2026-05-03,Weekly,,KG,2.732,2.732,586.8836669921875,xgboost_feat
Blueberry_Duke,SLIGRO,NL-NH,2026-02-02,2026-02-08,Weekly,,KG,2.969,2.969,587.1875610351562,xgboost_feat
Blueberry_Duke,SLIGRO,NL-NH,2026-02-09,2026-02-15,Weekly,,KG,2.969,2.969,563.8080444335938,xgboost_feat
Blueberry_Duke,SLIGRO,NL-NH,2026-02-16,2026-02-22,Weekly,,KG,2.969,2.969,594.6997680664062,xgboost_feat
Blueberry_Duke,SLIGRO,NL-NH,2026-02-23,2026-03-01,Weekly,,KG,2.969,2.969,615.3655395507812,xgboost_feat
Blueberry_Duke,SLIGRO,NL-NH,2026-03-02,2026-03-08,Weekly,,KG,2.969,2.969,634.347412109375,xgboost_feat
Blueberry_Duke,SLIGRO,NL-NH,2026-03-09,2026-03-15,Weekly,,KG,2.969,2.969,623.9893798828125,xgboost_feat
Blueberry_Duke,SLIGRO,NL-NH,2026-03-16,2026-03-22,Weekly,,KG,2.969,2.969,606.021240234375,xgboost_feat
Blueberry_Duke,SLIGRO,NL-NH,2026-03-23,2026-03-29,Weekly,,KG,2.969,2.969,611.9360961914062,xgboost_feat
Blueberry_Duke,SLIGRO,NL-NH,2026-03-30,2026-04-05,Weekly,,KG,2.969,2.969,611.0276489257812,xgboost_feat
Blueberry_Duke,SLIGRO,NL-NH,2026-04-06,2026-04-12,Weekly,,KG,2.969,2.969,602.88232421875,xgboost_feat
Blueberry_Duke,SLIGRO,NL-NH,2026-04-13,2026-04-19,Weekly,,KG,2.969,2.969,561.5740356445312,xgboost_feat
Blueberry_Duke,SLIGRO,NL-NH,2026-04-20,2026-04-26,Weekly,,KG,2.969,2.969,604.1047973632812,xgboost_feat
Blueberry_Duke,SLIGRO,NL-NH,2026-04-27,2026-05-03,Weekly,,KG,2.969,2.969,586.6785888671875,xgboost_feat
Blueberry_Duke,SLIGRO,NL-ZH,2026-02-02,2026-02-08,Weekly,,KG,2.86,2.86,586.43505859375,xgboost_feat
Blueberry_Duke,SLIGRO,NL-ZH,2026-02-09,2026-02-15,Weekly,,KG,2.86,2.86,590.60595703125,xgboost_feat
Blueberry_Duke,SLIGRO,NL-ZH,2026-02-16,2026-02-22,Weekly,,KG,2.86,2.86,592.6698608398438,xgboost_feat
Blueberry_Duke,SLIGRO,NL-ZH,2026-02-23,2026-03-01,Weekly,,KG,2.86,2.86,597.1878662109375,xgboost_feat
Blueberry_Duke,SLIGRO,NL-ZH,2026-03-02,2026-03-08,Weekly,,KG,2.86,2.86,617.7034912109375,xgboost_feat
Blueberry_Duke,SLIGRO,NL-ZH,2026-03-09,2026-03-15,Weekly,,KG,2.86,2.86,619.67919921875,xgboost_feat
Blueberry_Duke,SLIGRO,NL-ZH,2026-03-16,2026-03-22,Weekly,,KG,2.86,2.86,606.10205078125,xgboost_feat
Blueberry_Duke,SLIGRO,NL-ZH,2026-03-23,2026-03-29,Weekly,,KG,2.86,2.86,613.713134765625,xgboost_feat
Blueberry_Duke,SLIGRO,NL-ZH,2026-03-30,2026-04-05,Weekly,,KG,2.86,2.86,624.3910522460938,xgboost_feat
Blueberry_Duke,SLIGRO,NL-ZH,2026-04-06,2026-04-12,Weekly,,KG,2.86,2.86,604.8597412109375,xgboost_feat
Blueberry_Duke,SLIGRO,NL-ZH,2026-04-13,2026-04-19,Weekly,,KG,2.86,2.86,584.1619873046875,xgboost_feat
Blueberry_Duke,SLIGRO,NL-ZH,2026-04-20,2026-04-26,Weekly,,KG,2.86,2.86,596.324462890625,xgboost_feat
Blueberry_Duke,SLIGRO,NL-ZH,2026-04-27,2026-05-03,Weekly,,KG,2.86,2.86,593.4140625,xgboost_feat
Blueberry_SekoyaPop,AH,NL-GE,2026-02-02,2026-02-08,Weekly,,KG,2.717,2.717,725.730224609375,xgboost_feat
Blueberry_SekoyaPop,AH,NL-GE,2026-02-09,2026-02-15,Weekly,,KG,2.717,2.717,719.5030517578125,xgboost_feat
Blueberry_SekoyaPop,AH,NL-GE,2026-02-16,2026-02-22,Weekly,,KG,2.717,2.717,730.2301025390625,xgboost_feat
Blueberry_SekoyaPop,AH,NL-GE,2026-02-23,2026-03-01,Weekly,,KG,2.717,2.717,733.064208984375,xgboost_feat
Blueberry_SekoyaPop,AH,NL-GE,2026-03-02,2026-03-08,Weekly,,KG,2.717,2.717,703.1312866210938,xgboost_feat
Blueberry_SekoyaPop,AH,NL-GE,2026-03-09,2026-03-15,Weekly,,KG,2.717,2.717,703.7869262695312,xgboost_feat
Blueberry_SekoyaPop,AH,NL-GE,2026-03-16,2026-03-22,Weekly,,KG,2.717,2.717,688.4050903320312,xgboost_feat
Blueberry_SekoyaPop,AH,NL-GE,2026-03-23,2026-03-29,Weekly,,KG,2.717,2.717,694.395751953125,xgboost_feat
Blueberry_SekoyaPop,AH,NL-GE,2026-03-30,2026-04-05,Weekly,,KG,2.717,2.717,688.829345703125,xgboost_feat
Blueberry_SekoyaPop,AH,NL-GE,2026-04-06,2026-04-12,Weekly,,KG,2.717,2.717,665.5601196289062,xgboost_feat
Blueberry_SekoyaPop,AH,NL-GE,2026-04-13,2026-04-19,Weekly,,KG,2.717,2.717,634.5267944335938,xgboost_feat
Blueberry_SekoyaPop,AH,NL-GE,2026-04-20,2026-04-26,Weekly,,KG,2.717,2.717,648.9261474609375,xgboost_feat
Blueberry_SekoyaPop,AH,NL-GE,2026-04-27,2026-05-03,Weekly,,KG,2.717,2.717,639.3317260742188,xgboost_feat
Blueberry_SekoyaPop,AH,NL-NB,2026-02-02,2026-02-08,Weekly,,KG,2.679,2.679,665.1304321289062,xgboost_feat
Blueberry_SekoyaPop,AH,NL-NB,2026-02-09,2026-02-15,Weekly,,KG,2.679,2.679,690.4190673828125,xgboost_feat
Blueberry_SekoyaPop,AH,NL-NB,2026-02-16,2026-02-22,Weekly,,KG,2.679,2.679,668.9805908203125,xgboost_feat
Blueberry_SekoyaPop,AH,NL-NB,2026-02-23,2026-03-01,Weekly,,KG,2.679,2.679,718.72900390625,xgboost_feat
Blueberry_SekoyaPop,AH,NL-NB,2026-03-02,2026-03-08,Weekly,,KG,2.679,2.679,713.9630126953125,xgboost_feat
Blueberry_SekoyaPop,AH,NL-NB,2026-03-09,2026-03-15,Weekly,,KG,2.679,2.679,708.9578857421875,xgboost_feat
Blueberry_SekoyaPop,AH,NL-NB,2026-03-16,2026-03-22,Weekly,,KG,2.679,2.679,692.094482421875,xgboost_feat
Blueberry_SekoyaPop,AH,NL-NB,2026-03-23,2026-03-29,Weekly,,KG,2.679,2.679,694.2245483398438,xgboost_feat
Blueberry_SekoyaPop,AH,NL-NB,2026-03-30,2026-04-05,Weekly,,KG,2.679,2.679,695.5366821289062,xgboost_feat
Blueberry_SekoyaPop,AH,NL-NB,2026-04-06,2026-04-12,Weekly,,KG,2.679,2.679,664.5306396484375,xgboost_feat
Blueberry_SekoyaPop,AH,NL-NB,2026-04-13,2026-04-19,Weekly,,KG,2.679,2.679,631.9513549804688,xgboost_feat
Blueberry_SekoyaPop,AH,NL-NB,2026-04-20,2026-04-26,Weekly,,KG,2.679,2.679,691.261962890625,xgboost_feat
Blueberry_SekoyaPop,AH,NL-NB,2026-04-27,2026-05-03,Weekly,,KG,2.679,2.679,644.7421875,xgboost_feat
Blueberry_SekoyaPop,AH,NL-NH,2026-02-02,2026-02-08,Weekly,,KG,2.794,2.794,664.7523803710938,xgboost_feat
Blueberry_SekoyaPop,AH,NL-NH,2026-02-09,2026-02-15,Weekly,,KG,2.794,2.794,634.4539184570312,xgboost_feat
Blueberry_SekoyaPop,AH,NL-NH,2026-02-16,2026-02-22,Weekly,,KG,2.794,2.794,694.042724609375,xgboost_feat
Blueberry_SekoyaPop,AH,NL-NH,2026-02-23,2026-03-01,Weekly,,KG,2.794,2.794,690.3819580078125,xgboost_feat
Blueberry_SekoyaPop,AH,NL-NH,2026-03-02,2026-03-08,Weekly,,KG,2.794,2.794,694.8485107421875,xgboost_feat
Blueberry_SekoyaPop,AH,NL-NH,2026-03-09,2026-03-15,Weekly,,KG,2.794,2.794,654.087646484375,xgboost_feat
Blueberry_SekoyaPop,AH,NL-NH,2026-03-16,2026-03-22,Weekly,,KG,2.794,2.794,691.7481079101562,xgboost_feat
Blueberry_SekoyaPop,AH,NL-NH,2026-03-23,2026-03-29,Weekly,,KG,2.794,2.794,683.8736572265625,xgboost_feat
Blueberry_SekoyaPop,AH,NL-NH,2026-03-30,2026-04-05,Weekly,,KG,2.794,2.794,690.2869262695312,xgboost_feat
Blueberry_SekoyaPop,AH,NL-NH,2026-04-06,2026-04-12,Weekly,,KG,2.794,2.794,671.7001953125,xgboost_feat
Blueberry_SekoyaPop,AH,NL-NH,2026-04-13,2026-04-19,Weekly,,KG,2.794,2.794,635.8968505859375,xgboost_feat
Blueberry_SekoyaPop,AH,NL-NH,2026-04-20,2026-04-26,Weekly,,KG,2.794,2.794,673.2987670898438,xgboost_feat
Blueberry_SekoyaPop,AH,NL-NH,2026-04-27,2026-05-03,Weekly,,KG,2.794,2.794,644.532470703125,xgboost_feat
Blueberry_SekoyaPop,AH,NL-ZH,2026-02-02,2026-02-08,Weekly,,KG,2.922,2.922,665.1089477539062,xgboost_feat
Blueberry_SekoyaPop,AH,NL-ZH,2026-02-09,2026-02-15,Weekly,,KG,2.922,2.922,698.0918579101562,xgboost_feat
Blueberry_SekoyaPop,AH,NL-ZH,2026-02-16,2026-02-22,Weekly,,KG,2.922,2.922,692.2145385742188,xgboost_feat
Blueberry_SekoyaPop,AH,NL-ZH,2026-02-23,2026-03-01,Weekly,,KG,2.922,2.922,706.0932006835938,xgboost_feat
Blueberry_SekoyaPop,AH,NL-ZH,2026-03-02,2026-03-08,Weekly,,KG,2.922,2.922,679.1495361328125,xgboost_feat
Blueberry_SekoyaPop,AH,NL-ZH,2026-03-09,2026-03-15,Weekly,,KG,2.922,2.922,665.9822387695312,xgboost_feat
Blueberry_SekoyaPop,AH,NL-ZH,2026-03-16,2026-03-22,Weekly,,KG,2.922,2.922,661.556396484375,xgboost_feat
Blueberry_SekoyaPop,AH,NL-ZH,2026-03-23,2026-03-29,Weekly,,KG,2.922,2.922,696.3436279296875,xgboost_feat
Blueberry_SekoyaPop,AH,NL-ZH,2026-03-30,2026-04-05,Weekly,,KG,2.922,2.922,684.936279296875,xgboost_feat
Blueberry_SekoyaPop,AH,NL-ZH,2026-04-06,2026-04-12,Weekly,,KG,2.922,2.922,662.2620239257812,xgboost_feat
Blueberry_SekoyaPop,AH,NL-ZH,2026-04-13,2026-04-19,Weekly,,KG,2.922,2.922,654.5139770507812,xgboost_feat
Blueberry_SekoyaPop,AH,NL-ZH,2026-04-20,2026-04-26,Weekly,,KG,2.922,2.922,670.6882934570312,xgboost_feat
Blueberry_SekoyaPop,AH,NL-ZH,2026-04-27,2026-05-03,Weekly,,KG,2.922,2.922,649.0243530273438,xgboost_feat
Blueberry_SekoyaPop,FLINK,NL-GE,2026-02-02,2026-02-08,Weekly,,KG,2.707,2.707,590.3734130859375,xgboost_feat
Blueberry_SekoyaPop,FLINK,NL-GE,2026-02-09,2026-02-15,Weekly,,KG,2.707,2.707,591.5106201171875,xgboost_feat
Blueberry_SekoyaPop,FLINK,NL-GE,2026-02-16,2026-02-22,Weekly,,KG,2.707,2.707,594.9343872070312,xgboost_feat
Blueberry_SekoyaPop,FLINK,NL-GE,2026-02-23,2026-03-01,Weekly,,KG,2.707,2.707,598.7982788085938,xgboost_feat
Blueberry_SekoyaPop,FLINK,NL-GE,2026-03-02,2026-03-08,Weekly,,KG,2.707,2.707,616.5518798828125,xgboost_feat
Blueberry_SekoyaPop,FLINK,NL-GE,2026-03-09,2026-03-15,Weekly,,KG,2.707,2.707,643.6588745117188,xgboost_feat
Blueberry_SekoyaPop,FLINK,NL-GE,2026-03-16,2026-03-22,Weekly,,KG,2.707,2.707,598.5355834960938,xgboost_feat
Blueberry_SekoyaPop,FLINK,NL-GE,2026-03-23,2026-03-29,Weekly,,KG,2.707,2.707,603.0978393554688,xgboost_feat
Blueberry_SekoyaPop,FLINK,NL-GE,2026-03-30,2026-04-05,Weekly,,KG,2.707,2.707,613.356201171875,xgboost_feat
Blueberry_SekoyaPop,FLINK,NL-GE,2026-04-06,2026-04-12,Weekly,,KG,2.707,2.707,612.1566162109375,xgboost_feat
Blueberry_SekoyaPop,FLINK,NL-GE,2026-04-13,2026-04-19,Weekly,,KG,2.707,2.707,581.1118774414062,xgboost_feat
Blueberry_SekoyaPop,FLINK,NL-GE,2026-04-20,2026-04-26,Weekly,,KG,2.707,2.707,599.681884765625,xgboost_feat
Blueberry_SekoyaPop,FLINK,NL-GE,2026-04-27,2026-05-03,Weekly,,KG,2.707,2.707,589.8743286132812,xgboost_feat
Blueberry_SekoyaPop,FLINK,NL-NB,2026-02-02,2026-02-08,Weekly,,KG,2.69,2.69,593.2373046875,xgboost_feat
Blueberry_SekoyaPop,FLINK,NL-NB,2026-02-09,2026-02-15,Weekly,,KG,2.69,2.69,601.8988647460938,xgboost_feat
Blueberry_SekoyaPop,FLINK,NL-NB,2026-02-16,2026-02-22,Weekly,,KG,2.69,2.69,620.09814453125,xgboost_feat
Blueberry_SekoyaPop,FLINK,NL-NB,2026-02-23,2026-03-01,Weekly,,KG,2.69,2.69,614.2456665039062,xgboost_feat
Blueberry_SekoyaPop,FLINK,NL-NB,2026-03-02,2026-03-08,Weekly,,KG,2.69,2.69,626.0486450195312,xgboost_feat
Blueberry_SekoyaPop,FLINK,NL-NB,2026-03-09,2026-03-15,Weekly,,KG,2.69,2.69,623.6769409179688,xgboost_feat
Blueberry_SekoyaPop,FLINK,NL-NB,2026-03-16,2026-03-22,Weekly,,KG,2.69,2.69,604.523681640625,xgboost_feat
Blueberry_SekoyaPop,FLINK,NL-NB,2026-03-23,2026-03-29,Weekly,,KG,2.69,2.69,604.79296875,xgboost_feat
Blueberry_SekoyaPop,FLINK,NL-NB,2026-03-30,2026-04-05,Weekly,,KG,2.69,2.69,631.3141479492188,xgboost_feat
Blueberry_SekoyaPop,FLINK,NL-NB,2026-04-06,2026-04-12,Weekly,,KG,2.69,2.69,608.0298461914062,xgboost_feat
Blueberry_SekoyaPop,FLINK,NL-NB,2026-04-13,2026-04-19,Weekly,,KG,2.69,2.69,572.9423217773438,xgboost_feat
Blueberry_SekoyaPop,FLINK,NL-NB,2026-04-20,2026-04-26,Weekly,,KG,2.69,2.69,599.1513671875,xgboost_feat
Blueberry_SekoyaPop,FLINK,NL-NB,2026-04-27,2026-05-03,Weekly,,KG,2.69,2.69,586.3635864257812,xgboost_feat
Blueberry_SekoyaPop,FLINK,NL-NH,2026-02-02,2026-02-08,Weekly,,KG,2.773,2.773,584.9746704101562,xgboost_feat
Blueberry_SekoyaPop,FLINK,NL-NH,2026-02-09,2026-02-15,Weekly,,KG,2.773,2.773,566.3299560546875,xgboost_feat
Blueberry_SekoyaPop,FLINK,NL-NH,2026-02-16,2026-02-22,Weekly,,KG,2.773,2.773,593.7392578125,xgboost_feat
Blueberry_SekoyaPop,FLINK,NL-NH,2026-02-23,2026-03-01,Weekly,,KG,2.773,2.773,615.2882690429688,xgboost_feat
Blueberry_SekoyaPop,FLINK,NL-NH,2026-03-02,2026-03-08,Weekly,,KG,2.773,2.773,638.4639282226562,xgboost_feat
Blueberry_SekoyaPop,FLINK,NL-NH,2026-03-09,2026-03-15,Weekly,,KG,2.773,2.773,623.9797973632812,xgboost_feat
Blueberry_SekoyaPop,FLINK,NL-NH,2026-03-16,2026-03-22,Weekly,,KG,2.773,2.773,606.020263671875,xgboost_feat
Blueberry_SekoyaPop,FLINK,NL-NH,2026-03-23,2026-03-29,Weekly,,KG,2.773,2.773,611.4978637695312,xgboost_feat
Blueberry_SekoyaPop,FLINK,NL-NH,2026-03-30,2026-04-05,Weekly,,KG,2.773,2.773,611.281005859375,xgboost_feat
Blueberry_SekoyaPop,FLINK,NL-NH,2026-04-06,2026-04-12,Weekly,,KG,2.773,2.773,602.88232421875,xgboost_feat
Blueberry_SekoyaPop,FLINK,NL-NH,2026-04-13,2026-04-19,Weekly,,KG,2.773,2.773,561.6740112304688,xgboost_feat
Blueberry_SekoyaPop,FLINK,NL-NH,2026-04-20,2026-04-26,Weekly,,KG,2.773,2.773,603.3207397460938,xgboost_feat
Blueberry_SekoyaPop,FLINK,NL-NH,2026-04-27,2026-05-03,Weekly,,KG,2.773,2.773,588.2144165039062,xgboost_feat
Blueberry_SekoyaPop,FLINK,NL-ZH,2026-02-02,2026-02-08,Weekly,,KG,3.01,3.01,581.8591918945312,xgboost_feat
Blueberry_SekoyaPop,FLINK,NL-ZH,2026-02-09,2026-02-15,Weekly,,KG,3.01,3.01,592.1273193359375,xgboost_feat
Blueberry_SekoyaPop,FLINK,NL-ZH,2026-02-16,2026-02-22,Weekly,,KG,3.01,3.01,592.4564208984375,xgboost_feat
Blueberry_SekoyaPop,FLINK,NL-ZH,2026-02-23,2026-03-01,Weekly,,KG,3.01,3.01,597.0067138671875,xgboost_feat
Blueberry_SekoyaPop,FLINK,NL-ZH,2026-03-02,2026-03-08,Weekly,,KG,3.01,3.01,617.7596435546875,xgboost_feat
Blueberry_SekoyaPop,FLINK,NL-ZH,2026-03-09,2026-03-15,Weekly,,KG,3.01,3.01,619.67919921875,xgboost_feat
Blueberry_SekoyaPop,FLINK,NL-ZH,2026-03-16,2026-03-22,Weekly,,KG,3.01,3.01,606.10205078125,xgboost_feat
Blueberry_SekoyaPop,FLINK,NL-ZH,2026-03-23,2026-03-29,Weekly,,KG,3.01,3.01,613.713134765625,xgboost_feat
Blueberry_SekoyaPop,FLINK,NL-ZH,2026-03-30,2026-04-05,Weekly,,KG,3.01,3.01,624.3910522460938,xgboost_feat
Blueberry_SekoyaPop,FLINK,NL-ZH,2026-04-06,2026-04-12,Weekly,,KG,3.01,3.01,604.8597412109375,xgboost_feat
Blueberry_SekoyaPop,FLINK,NL-ZH,2026-04-13,2026-04-19,Weekly,,KG,3.01,3.01,584.1619873046875,xgboost_feat
Blueberry_SekoyaPop,FLINK,NL-ZH,2026-04-20,2026-04-26,Weekly,,KG,3.01,3.01,596.255615234375,xgboost_feat
Blueberry_SekoyaPop,FLINK,NL-ZH,2026-04-27,2026-05-03,Weekly,,KG,3.01,3.01,593.162841796875,xgboost_feat
Blueberry_SekoyaPop,GREENACRES,NL-GE,2026-02-02,2026-02-08,Weekly,,KG,2.613,2.613,587.9841918945312,xgboost_feat
Blueberry_SekoyaPop,GREENACRES,NL-GE,2026-02-09,2026-02-15,Weekly,,KG,2.613,2.613,591.9677734375,xgboost_feat
Blueberry_SekoyaPop,GREENACRES,NL-GE,2026-02-16,2026-02-22,Weekly,,KG,2.613,2.613,601.3423461914062,xgboost_feat
Blueberry_SekoyaPop,GREENACRES,NL-GE,2026-02-23,2026-03-01,Weekly,,KG,2.613,2.613,610.814697265625,xgboost_feat
Blueberry_SekoyaPop,GREENACRES,NL-GE,2026-03-02,2026-03-08,Weekly,,KG,2.613,2.613,629.7914428710938,xgboost_feat
Blueberry_SekoyaPop,GREENACRES,NL-GE,2026-03-09,2026-03-15,Weekly,,KG,2.613,2.613,648.5347290039062,xgboost_feat
Blueberry_SekoyaPop,GREENACRES,NL-GE,2026-03-16,2026-03-22,Weekly,,KG,2.613,2.613,600.8226928710938,xgboost_feat
Blueberry_SekoyaPop,GREENACRES,NL-GE,2026-03-23,2026-03-29,Weekly,,KG,2.613,2.613,610.70166015625,xgboost_feat
Blueberry_SekoyaPop,GREENACRES,NL-GE,2026-03-30,2026-04-05,Weekly,,KG,2.613,2.613,619.4717407226562,xgboost_feat
Blueberry_SekoyaPop,GREENACRES,NL-GE,2026-04-06,2026-04-12,Weekly,,KG,2.613,2.613,618.188720703125,xgboost_feat
Blueberry_SekoyaPop,GREENACRES,NL-GE,2026-04-13,2026-04-19,Weekly,,KG,2.613,2.613,582.4591674804688,xgboost_feat
Blueberry_SekoyaPop,GREENACRES,NL-GE,2026-04-20,2026-04-26,Weekly,,KG,2.613,2.613,602.3530883789062,xgboost_feat
Blueberry_SekoyaPop,GREENACRES,NL-GE,2026-04-27,2026-05-03,Weekly,,KG,2.613,2.613,595.3680419921875,xgboost_feat
Blueberry_SekoyaPop,GREENACRES,NL-NB,2026-02-02,2026-02-08,Weekly,,KG,2.738,2.738,593.282958984375,xgboost_feat
Blueberry_SekoyaPop,GREENACRES,NL-NB,2026-02-09,2026-02-15,Weekly,,KG,2.738,2.738,594.9169921875,xgboost_feat
Blueberry_SekoyaPop,GREENACRES,NL-NB,2026-02-16,2026-02-22,Weekly,,KG,2.738,2.738,615.5133666992188,xgboost_feat
Blueberry_SekoyaPop,GREENACRES,NL-NB,2026-02-23,2026-03-01,Weekly,,KG,2.738,2.738,616.140869140625,xgboost_feat
Blueberry_SekoyaPop,GREENACRES,NL-NB,2026-03-02,2026-03-08,Weekly,,KG,2.738,2.738,627.0004272460938,xgboost_feat
Blueberry_SekoyaPop,GREENACRES,NL-NB,2026-03-09,2026-03-15,Weekly,,KG,2.738,2.738,622.8021240234375,xgboost_feat
Blueberry_SekoyaPop,GREENACRES,NL-NB,2026-03-16,2026-03-22,Weekly,,KG,2.738,2.738,604.9884643554688,xgboost_feat
Blueberry_SekoyaPop,GREENACRES,NL-NB,2026-03-23,2026-03-29,Weekly,,KG,2.738,2.738,604.9775390625,xgboost_feat
Blueberry_SekoyaPop,GREENACRES,NL-NB,2026-03-30,2026-04-05,Weekly,,KG,2.738,2.738,631.5211791992188,xgboost_feat
Blueberry_SekoyaPop,GREENACRES,NL-NB,2026-04-06,2026-04-12,Weekly,,KG,2.738,2.738,608.2603759765625,xgboost_feat
Blueberry_SekoyaPop,GREENACRES,NL-NB,2026-04-13,2026-04-19,Weekly,,KG,2.738,2.738,574.0432739257812,xgboost_feat
Blueberry_SekoyaPop,GREENACRES,NL-NB,2026-04-20,2026-04-26,Weekly,,KG,2.738,2.738,596.0940551757812,xgboost_feat
Blueberry_SekoyaPop,GREENACRES,NL-NB,2026-04-27,2026-05-03,Weekly,,KG,2.738,2.738,579.8119506835938,xgboost_feat
Blueberry_SekoyaPop,GREENACRES,NL-NH,2026-02-02,2026-02-08,Weekly,,KG,2.957,2.957,592.8994750976562,xgboost_feat
Blueberry_SekoyaPop,GREENACRES,NL-NH,2026-02-09,2026-02-15,Weekly,,KG,2.957,2.957,562.733154296875,xgboost_feat
Blueberry_SekoyaPop,GREENACRES,NL-NH,2026-02-16,2026-02-22,Weekly,,KG,2.957,2.957,591.7691040039062,xgboost_feat
Blueberry_SekoyaPop,GREENACRES,NL-NH,2026-02-23,2026-03-01,Weekly,,KG,2.957,2.957,614.8081665039062,xgboost_feat
Blueberry_SekoyaPop,GREENACRES,NL-NH,2026-03-02,2026-03-08,Weekly,,KG,2.957,2.957,632.2421264648438,xgboost_feat
Blueberry_SekoyaPop,GREENACRES,NL-NH,2026-03-09,2026-03-15,Weekly,,KG,2.957,2.957,624.5735473632812,xgboost_feat
Blueberry_SekoyaPop,GREENACRES,NL-NH,2026-03-16,2026-03-22,Weekly,,KG,2.957,2.957,606.301513671875,xgboost_feat
Blueberry_SekoyaPop,GREENACRES,NL-NH,2026-03-23,2026-03-29,Weekly,,KG,2.957,2.957,612.0393676757812,xgboost_feat
Blueberry_SekoyaPop,GREENACRES,NL-NH,2026-03-30,2026-04-05,Weekly,,KG,2.957,2.957,611.2510986328125,xgboost_feat
Blueberry_SekoyaPop,GREENACRES,NL-NH,2026-04-06,2026-04-12,Weekly,,KG,2.957,2.957,602.944580078125,xgboost_feat
Blueberry_SekoyaPop,GREENACRES,NL-NH,2026-04-13,2026-04-19,Weekly,,KG,2.957,2.957,562.3035278320312,xgboost_feat
Blueberry_SekoyaPop,GREENACRES,NL-NH,2026-04-20,2026-04-26,Weekly,,KG,2.957,2.957,604.1044311523438,xgboost_feat
Blueberry_SekoyaPop,GREENACRES,NL-NH,2026-04-27,2026-05-03,Weekly,,KG,2.957,2.957,583.304443359375,xgboost_feat
Blueberry_SekoyaPop,GREENACRES,NL-ZH,2026-02-02,2026-02-08,Weekly,,KG,3.027,3.027,588.8866577148438,xgboost_feat
Blueberry_SekoyaPop,GREENACRES,NL-ZH,2026-02-09,2026-02-15,Weekly,,KG,3.027,3.027,585.4600219726562,xgboost_feat
Blueberry_SekoyaPop,GREENACRES,NL-ZH,2026-02-16,2026-02-22,Weekly,,KG,3.027,3.027,589.0684814453125,xgboost_feat
Blueberry_SekoyaPop,GREENACRES,NL-ZH,2026-02-23,2026-03-01,Weekly,,KG,3.027,3.027,596.928466796875,xgboost_feat
Blueberry_SekoyaPop,GREENACRES,NL-ZH,2026-03-02,2026-03-08,Weekly,,KG,3.027,3.027,618.5386962890625,xgboost_feat
Blueberry_SekoyaPop,GREENACRES,NL-ZH,2026-03-09,2026-03-15,Weekly,,KG,3.027,3.027,620.9970092773438,xgboost_feat
Blueberry_SekoyaPop,GREENACRES,NL-ZH,2026-03-16,2026-03-22,Weekly,,KG,3.027,3.027,606.1256713867188,xgboost_feat
Blueberry_SekoyaPop,GREENACRES,NL-ZH,2026-03-23,2026-03-29,Weekly,,KG,3.027,3.027,617.779541015625,xgboost_feat
Blueberry_SekoyaPop,GREENACRES,NL-ZH,2026-03-30,2026-04-05,Weekly,,KG,3.027,3.027,625.296142578125,xgboost_feat
Blueberry_SekoyaPop,GREENACRES,NL-ZH,2026-04-06,2026-04-12,Weekly,,KG,3.027,3.027,604.65478515625,xgboost_feat
Blueberry_SekoyaPop,GREENACRES,NL-ZH,2026-04-13,2026-04-19,Weekly,,KG,3.027,3.027,580.941650390625,xgboost_feat
Blueberry_SekoyaPop,GREENACRES,NL-ZH,2026-04-20,2026-04-26,Weekly,,KG,3.027,3.027,589.96533203125,xgboost_feat
Blueberry_SekoyaPop,GREENACRES,NL-ZH,2026-04-27,2026-05-03,Weekly,,KG,3.027,3.027,589.0603637695312,xgboost_feat
Blueberry_SekoyaPop,HELLOFRESH,NL-GE,2026-02-02,2026-02-08,Weekly,,KG,2.649,2.649,583.65185546875,xgboost_feat
Blueberry_SekoyaPop,HELLOFRESH,NL-GE,2026-02-09,2026-02-15,Weekly,,KG,2.649,2.649,596.7783813476562,xgboost_feat
Blueberry_SekoyaPop,HELLOFRESH,NL-GE,2026-02-16,2026-02-22,Weekly,,KG,2.649,2.649,597.4528198242188,xgboost_feat
Blueberry_SekoyaPop,HELLOFRESH,NL-GE,2026-02-23,2026-03-01,Weekly,,KG,2.649,2.649,602.0062866210938,xgboost_feat
Blueberry_SekoyaPop,HELLOFRESH,NL-GE,2026-03-02,2026-03-08,Weekly,,KG,2.649,2.649,623.3378295898438,xgboost_feat
Blueberry_SekoyaPop,HELLOFRESH,NL-GE,2026-03-09,2026-03-15,Weekly,,KG,2.649,2.649,647.4095458984375,xgboost_feat
Blueberry_SekoyaPop,HELLOFRESH,NL-GE,2026-03-16,2026-03-22,Weekly,,KG,2.649,2.649,598.2623901367188,xgboost_feat
Blueberry_SekoyaPop,HELLOFRESH,NL-GE,2026-03-23,2026-03-29,Weekly,,KG,2.649,2.649,602.9592895507812,xgboost_feat
Blueberry_SekoyaPop,HELLOFRESH,NL-GE,2026-03-30,2026-04-05,Weekly,,KG,2.649,2.649,615.6229248046875,xgboost_feat
Blueberry_SekoyaPop,HELLOFRESH,NL-GE,2026-04-06,2026-04-12,Weekly,,KG,2.649,2.649,616.9029541015625,xgboost_feat
Blueberry_SekoyaPop,HELLOFRESH,NL-GE,2026-04-13,2026-04-19,Weekly,,KG,2.649,2.649,581.3552856445312,xgboost_feat
Blueberry_SekoyaPop,HELLOFRESH,NL-GE,2026-04-20,2026-04-26,Weekly,,KG,2.649,2.649,600.13232421875,xgboost_feat
Blueberry_SekoyaPop,HELLOFRESH,NL-GE,2026-04-27,2026-05-03,Weekly,,KG,2.649,2.649,593.86328125,xgboost_feat
Blueberry_SekoyaPop,HELLOFRESH,NL-NB,2026-02-02,2026-02-08,Weekly,,KG,2.763,2.763,596.4776000976562,xgboost_feat
Blueberry_SekoyaPop,HELLOFRESH,NL-NB,2026-02-09,2026-02-15,Weekly,,KG,2.763,2.763,601.9765014648438,xgboost_feat
Blueberry_SekoyaPop,HELLOFRESH,NL-NB,2026-02-16,2026-02-22,Weekly,,KG,2.763,2.763,620.23095703125,xgboost_feat
Blueberry_SekoyaPop,HELLOFRESH,NL-NB,2026-02-23,2026-03-01,Weekly,,KG,2.763,2.763,614.3783569335938,xgboost_feat
Blueberry_SekoyaPop,HELLOFRESH,NL-NB,2026-03-02,2026-03-08,Weekly,,KG,2.763,2.763,626.1813354492188,xgboost_feat
Blueberry_SekoyaPop,HELLOFRESH,NL-NB,2026-03-09,2026-03-15,Weekly,,KG,2.763,2.763,623.7756958007812,xgboost_feat
Blueberry_SekoyaPop,HELLOFRESH,NL-NB,2026-03-16,2026-03-22,Weekly,,KG,2.763,2.763,605.764404296875,xgboost_feat
Blueberry_SekoyaPop,HELLOFRESH,NL-NB,2026-03-23,2026-03-29,Weekly,,KG,2.763,2.763,609.1239013671875,xgboost_feat
Blueberry_SekoyaPop,HELLOFRESH,NL-NB,2026-03-30,2026-04-05,Weekly,,KG,2.763,2.763,631.6290893554688,xgboost_feat
Blueberry_SekoyaPop,HELLOFRESH,NL-NB,2026-04-06,2026-04-12,Weekly,,KG,2.763,2.763,607.9457397460938,xgboost_feat
Blueberry_SekoyaPop,HELLOFRESH,NL-NB,2026-04-13,2026-04-19,Weekly,,KG,2.763,2.763,573.6008911132812,xgboost_feat
Blueberry_SekoyaPop,HELLOFRESH,NL-NB,2026-04-20,2026-04-26,Weekly,,KG,2.763,2.763,599.436279296875,xgboost_feat
Blueberry_SekoyaPop,HELLOFRESH,NL-NB,2026-04-27,2026-05-03,Weekly,,KG,2.763,2.763,586.8915405273438,xgboost_feat
Blueberry_SekoyaPop,HELLOFRESH,NL-NH,2026-02-02,2026-02-08,Weekly,,KG,2.832,2.832,584.8816528320312,xgboost_feat
Blueberry_SekoyaPop,HELLOFRESH,NL-NH,2026-02-09,2026-02-15,Weekly,,KG,2.832,2.832,566.3299560546875,xgboost_feat
Blueberry_SekoyaPop,HELLOFRESH,NL-NH,2026-02-16,2026-02-22,Weekly,,KG,2.832,2.832,593.7392578125,xgboost_feat
Blueberry_SekoyaPop,HELLOFRESH,NL-NH,2026-02-23,2026-03-01,Weekly,,KG,2.832,2.832,616.4796752929688,xgboost_feat
Blueberry_SekoyaPop,HELLOFRESH,NL-NH,2026-03-02,2026-03-08,Weekly,,KG,2.832,2.832,639.079345703125,xgboost_feat
Blueberry_SekoyaPop,HELLOFRESH,NL-NH,2026-03-09,2026-03-15,Weekly,,KG,2.832,2.832,623.9797973632812,xgboost_feat
Blueberry_SekoyaPop,HELLOFRESH,NL-NH,2026-03-16,2026-03-22,Weekly,,KG,2.832,2.832,606.020263671875,xgboost_feat
Blueberry_SekoyaPop,HELLOFRESH,NL-NH,2026-03-23,2026-03-29,Weekly,,KG,2.832,2.832,612.6331176757812,xgboost_feat
Blueberry_SekoyaPop,HELLOFRESH,NL-NH,2026-03-30,2026-04-05,Weekly,,KG,2.832,2.832,611.8450927734375,xgboost_feat
Blueberry_SekoyaPop,HELLOFRESH,NL-NH,2026-04-06,2026-04-12,Weekly,,KG,2.832,2.832,602.88232421875,xgboost_feat
Blueberry_SekoyaPop,HELLOFRESH,NL-NH,2026-04-13,2026-04-19,Weekly,,KG,2.832,2.832,561.6740112304688,xgboost_feat
Blueberry_SekoyaPop,HELLOFRESH,NL-NH,2026-04-20,2026-04-26,Weekly,,KG,2.832,2.832,602.8594970703125,xgboost_feat
Blueberry_SekoyaPop,HELLOFRESH,NL-NH,2026-04-27,2026-05-03,Weekly,,KG,2.832,2.832,588.3265380859375,xgboost_feat
Blueberry_SekoyaPop,HELLOFRESH,NL-ZH,2026-02-02,2026-02-08,Weekly,,KG,2.908,2.908,581.7573852539062,xgboost_feat
Blueberry_SekoyaPop,HELLOFRESH,NL-ZH,2026-02-09,2026-02-15,Weekly,,KG,2.908,2.908,592.1751708984375,xgboost_feat
Blueberry_SekoyaPop,HELLOFRESH,NL-ZH,2026-02-16,2026-02-22,Weekly,,KG,2.908,2.908,592.3526000976562,xgboost_feat
Blueberry_SekoyaPop,HELLOFRESH,NL-ZH,2026-02-23,2026-03-01,Weekly,,KG,2.908,2.908,597.6219482421875,xgboost_feat
Blueberry_SekoyaPop,HELLOFRESH,NL-ZH,2026-03-02,2026-03-08,Weekly,,KG,2.908,2.908,617.7596435546875,xgboost_feat
Blueberry_SekoyaPop,HELLOFRESH,NL-ZH,2026-03-09,2026-03-15,Weekly,,KG,2.908,2.908,620.15869140625,xgboost_feat
Blueberry_SekoyaPop,HELLOFRESH,NL-ZH,2026-03-16,2026-03-22,Weekly,,KG,2.908,2.908,606.10205078125,xgboost_feat
Blueberry_SekoyaPop,HELLOFRESH,NL-ZH,2026-03-23,2026-03-29,Weekly,,KG,2.908,2.908,613.713134765625,xgboost_feat
Blueberry_SekoyaPop,HELLOFRESH,NL-ZH,2026-03-30,2026-04-05,Weekly,,KG,2.908,2.908,624.3910522460938,xgboost_feat
Blueberry_SekoyaPop,HELLOFRESH,NL-ZH,2026-04-06,2026-04-12,Weekly,,KG,2.908,2.908,604.8597412109375,xgboost_feat
Blueberry_SekoyaPop,HELLOFRESH,NL-ZH,2026-04-13,2026-04-19,Weekly,,KG,2.908,2.908,584.4381103515625,xgboost_feat
Blueberry_SekoyaPop,HELLOFRESH,NL-ZH,2026-04-20,2026-04-26,Weekly,,KG,2.908,2.908,597.387451171875,xgboost_feat
Blueberry_SekoyaPop,HELLOFRESH,NL-ZH,2026-04-27,2026-05-03,Weekly,,KG,2.908,2.908,589.3152465820312,xgboost_feat
Blueberry_SekoyaPop,HOLLANDFOODSERVICE,NL-GE,2026-02-02,2026-02-08,Weekly,,KG,2.811,2.811,585.2471923828125,xgboost_feat
Blueberry_SekoyaPop,HOLLANDFOODSERVICE,NL-GE,2026-02-09,2026-02-15,Weekly,,KG,2.811,2.811,591.333984375,xgboost_feat
Blueberry_SekoyaPop,HOLLANDFOODSERVICE,NL-GE,2026-02-16,2026-02-22,Weekly,,KG,2.811,2.811,595.584228515625,xgboost_feat
Blueberry_SekoyaPop,HOLLANDFOODSERVICE,NL-GE,2026-02-23,2026-03-01,Weekly,,KG,2.811,2.811,599.6272583007812,xgboost_feat
Blueberry_SekoyaPop,HOLLANDFOODSERVICE,NL-GE,2026-03-02,2026-03-08,Weekly,,KG,2.811,2.811,618.1790161132812,xgboost_feat
Blueberry_SekoyaPop,HOLLANDFOODSERVICE,NL-GE,2026-03-09,2026-03-15,Weekly,,KG,2.811,2.811,644.0767211914062,xgboost_feat
Blueberry_SekoyaPop,HOLLANDFOODSERVICE,NL-GE,2026-03-16,2026-03-22,Weekly,,KG,2.811,2.811,598.6749877929688,xgboost_feat
Blueberry_SekoyaPop,HOLLANDFOODSERVICE,NL-GE,2026-03-23,2026-03-29,Weekly,,KG,2.811,2.811,603.2304077148438,xgboost_feat
Blueberry_SekoyaPop,HOLLANDFOODSERVICE,NL-GE,2026-03-30,2026-04-05,Weekly,,KG,2.811,2.811,613.461669921875,xgboost_feat
Blueberry_SekoyaPop,HOLLANDFOODSERVICE,NL-GE,2026-04-06,2026-04-12,Weekly,,KG,2.811,2.811,612.3734130859375,xgboost_feat
Blueberry_SekoyaPop,HOLLANDFOODSERVICE,NL-GE,2026-04-13,2026-04-19,Weekly,,KG,2.811,2.811,581.3556518554688,xgboost_feat
Blueberry_SekoyaPop,HOLLANDFOODSERVICE,NL-GE,2026-04-20,2026-04-26,Weekly,,KG,2.811,2.811,599.756591796875,xgboost_feat
Blueberry_SekoyaPop,HOLLANDFOODSERVICE,NL-GE,2026-04-27,2026-05-03,Weekly,,KG,2.811,2.811,587.327392578125,xgboost_feat
Blueberry_SekoyaPop,HOLLANDFOODSERVICE,NL-NB,2026-02-02,2026-02-08,Weekly,,KG,2.725,2.725,590.3312377929688,xgboost_feat
Blueberry_SekoyaPop,HOLLANDFOODSERVICE,NL-NB,2026-02-09,2026-02-15,Weekly,,KG,2.725,2.725,599.0197143554688,xgboost_feat
Blueberry_SekoyaPop,HOLLANDFOODSERVICE,NL-NB,2026-02-16,2026-02-22,Weekly,,KG,2.725,2.725,615.538330078125,xgboost_feat
Blueberry_SekoyaPop,HOLLANDFOODSERVICE,NL-NB,2026-02-23,2026-03-01,Weekly,,KG,2.725,2.725,614.5819702148438,xgboost_feat
Blueberry_SekoyaPop,HOLLANDFOODSERVICE,NL-NB,2026-03-02,2026-03-08,Weekly,,KG,2.725,2.725,625.9619750976562,xgboost_feat
Blueberry_SekoyaPop,HOLLANDFOODSERVICE,NL-NB,2026-03-09,2026-03-15,Weekly,,KG,2.725,2.725,622.5170288085938,xgboost_feat
Blueberry_SekoyaPop,HOLLANDFOODSERVICE,NL-NB,2026-03-16,2026-03-22,Weekly,,KG,2.725,2.725,604.8703002929688,xgboost_feat
Blueberry_SekoyaPop,HOLLANDFOODSERVICE,NL-NB,2026-03-23,2026-03-29,Weekly,,KG,2.725,2.725,604.7108154296875,xgboost_feat
Blueberry_SekoyaPop,HOLLANDFOODSERVICE,NL-NB,2026-03-30,2026-04-05,Weekly,,KG,2.725,2.725,631.2319946289062,xgboost_feat
Blueberry_SekoyaPop,HOLLANDFOODSERVICE,NL-NB,2026-04-06,2026-04-12,Weekly,,KG,2.725,2.725,607.9472045898438,xgboost_feat
Blueberry_SekoyaPop,HOLLANDFOODSERVICE,NL-NB,2026-04-13,2026-04-19,Weekly,,KG,2.725,2.725,573.1552124023438,xgboost_feat
Blueberry_SekoyaPop,HOLLANDFOODSERVICE,NL-NB,2026-04-20,2026-04-26,Weekly,,KG,2.725,2.725,600.267578125,xgboost_feat
Blueberry_SekoyaPop,HOLLANDFOODSERVICE,NL-NB,2026-04-27,2026-05-03,Weekly,,KG,2.725,2.725,579.6314086914062,xgboost_feat
Blueberry_SekoyaPop,HOLLANDFOODSERVICE,NL-NH,2026-02-02,2026-02-08,Weekly,,KG,2.893,2.893,587.9967041015625,xgboost_feat
Blueberry_SekoyaPop,HOLLANDFOODSERVICE,NL-NH,2026-02-09,2026-02-15,Weekly,,KG,2.893,2.893,563.831298828125,xgboost_feat
Blueberry_SekoyaPop,HOLLANDFOODSERVICE,NL-NH,2026-02-16,2026-02-22,Weekly,,KG,2.893,2.893,595.2151489257812,xgboost_feat
Blueberry_SekoyaPop,HOLLANDFOODSERVICE,NL-NH,2026-02-23,2026-03-01,Weekly,,KG,2.893,2.893,616.677490234375,xgboost_feat
Blueberry_SekoyaPop,HOLLANDFOODSERVICE,NL-NH,2026-03-02,2026-03-08,Weekly,,KG,2.893,2.893,634.423828125,xgboost_feat
Blueberry_SekoyaPop,HOLLANDFOODSERVICE,NL-NH,2026-03-09,2026-03-15,Weekly,,KG,2.893,2.893,627.5800170898438,xgboost_feat
Blueberry_SekoyaPop,HOLLANDFOODSERVICE,NL-NH,2026-03-16,2026-03-22,Weekly,,KG,2.893,2.893,606.0240478515625,xgboost_feat
Blueberry_SekoyaPop,HOLLANDFOODSERVICE,NL-NH,2026-03-23,2026-03-29,Weekly,,KG,2.893,2.893,612.3844604492188,xgboost_feat
Blueberry_SekoyaPop,HOLLANDFOODSERVICE,NL-NH,2026-03-30,2026-04-05,Weekly,,KG,2.893,2.893,611.5917358398438,xgboost_feat
Blueberry_SekoyaPop,HOLLANDFOODSERVICE,NL-NH,2026-04-06,2026-04-12,Weekly,,KG,2.893,2.893,602.8875732421875,xgboost_feat
Blueberry_SekoyaPop,HOLLANDFOODSERVICE,NL-NH,2026-04-13,2026-04-19,Weekly,,KG,2.893,2.893,561.9262084960938,xgboost_feat
Blueberry_SekoyaPop,HOLLANDFOODSERVICE,NL-NH,2026-04-20,2026-04-26,Weekly,,KG,2.893,2.893,603.719970703125,xgboost_feat
Blueberry_SekoyaPop,HOLLANDFOODSERVICE,NL-NH,2026-04-27,2026-05-03,Weekly,,KG,2.893,2.893,583.4140625,xgboost_feat
Blueberry_SekoyaPop,HOLLANDFOODSERVICE,NL-ZH,2026-02-02,2026-02-08,Weekly,,KG,2.966,2.966,584.8433837890625,xgboost_feat
Blueberry_SekoyaPop,HOLLANDFOODSERVICE,NL-ZH,2026-02-09,2026-02-15,Weekly,,KG,2.966,2.966,588.53125,xgboost_feat
Blueberry_SekoyaPop,HOLLANDFOODSERVICE,NL-ZH,2026-02-16,2026-02-22,Weekly,,KG,2.966,2.966,583.7223510742188,xgboost_feat
Blueberry_SekoyaPop,HOLLANDFOODSERVICE,NL-ZH,2026-02-23,2026-03-01,Weekly,,KG,2.966,2.966,597.0219116210938,xgboost_feat
Blueberry_SekoyaPop,HOLLANDFOODSERVICE,NL-ZH,2026-03-02,2026-03-08,Weekly,,KG,2.966,2.966,618.262451171875,xgboost_feat
Blueberry_SekoyaPop,HOLLANDFOODSERVICE,NL-ZH,2026-03-09,2026-03-15,Weekly,,KG,2.966,2.966,624.8136596679688,xgboost_feat
Blueberry_SekoyaPop,HOLLANDFOODSERVICE,NL-ZH,2026-03-16,2026-03-22,Weekly,,KG,2.966,2.966,605.7477416992188,xgboost_feat
Blueberry_SekoyaPop,HOLLANDFOODSERVICE,NL-ZH,2026-03-23,2026-03-29,Weekly,,KG,2.966,2.966,613.6532592773438,xgboost_feat
Blueberry_SekoyaPop,HOLLANDFOODSERVICE,NL-ZH,2026-03-30,2026-04-05,Weekly,,KG,2.966,2.966,624.3093872070312,xgboost_feat
Blueberry_SekoyaPop,HOLLANDFOODSERVICE,NL-ZH,2026-04-06,2026-04-12,Weekly,,KG,2.966,2.966,603.5867919921875,xgboost_feat
Blueberry_SekoyaPop,HOLLANDFOODSERVICE,NL-ZH,2026-04-13,2026-04-19,Weekly,,KG,2.966,2.966,585.1128540039062,xgboost_feat
Blueberry_SekoyaPop,HOLLANDFOODSERVICE,NL-ZH,2026-04-20,2026-04-26,Weekly,,KG,2.966,2.966,589.976806640625,xgboost_feat
Blueberry_SekoyaPop,HOLLANDFOODSERVICE,NL-ZH,2026-04-27,2026-05-03,Weekly,,KG,2.966,2.966,588.7150268554688,xgboost_feat
Blueberry_SekoyaPop,JUMBO,NL-GE,2026-02-02,2026-02-08,Weekly,,KG,2.572,2.572,610.0113525390625,xgboost_feat
Blueberry_SekoyaPop,JUMBO,NL-GE,2026-02-09,2026-02-15,Weekly,,KG,2.572,2.572,613.334228515625,xgboost_feat
Blueberry_SekoyaPop,JUMBO,NL-GE,2026-02-16,2026-02-22,Weekly,,KG,2.572,2.572,631.0247802734375,xgboost_feat
Blueberry_SekoyaPop,JUMBO,NL-GE,2026-02-23,2026-03-01,Weekly,,KG,2.572,2.572,642.845947265625,xgboost_feat
Blueberry_SekoyaPop,JUMBO,NL-GE,2026-03-02,2026-03-08,Weekly,,KG,2.572,2.572,630.7447509765625,xgboost_feat
Blueberry_SekoyaPop,JUMBO,NL-GE,2026-03-09,2026-03-15,Weekly,,KG,2.572,2.572,673.1312255859375,xgboost_feat
Blueberry_SekoyaPop,JUMBO,NL-GE,2026-03-16,2026-03-22,Weekly,,KG,2.572,2.572,617.7034301757812,xgboost_feat
Blueberry_SekoyaPop,JUMBO,NL-GE,2026-03-23,2026-03-29,Weekly,,KG,2.572,2.572,625.9677124023438,xgboost_feat
Blueberry_SekoyaPop,JUMBO,NL-GE,2026-03-30,2026-04-05,Weekly,,KG,2.572,2.572,632.5892944335938,xgboost_feat
Blueberry_SekoyaPop,JUMBO,NL-GE,2026-04-06,2026-04-12,Weekly,,KG,2.572,2.572,633.7040405273438,xgboost_feat
Blueberry_SekoyaPop,JUMBO,NL-GE,2026-04-13,2026-04-19,Weekly,,KG,2.572,2.572,578.4252319335938,xgboost_feat
Blueberry_SekoyaPop,JUMBO,NL-GE,2026-04-20,2026-04-26,Weekly,,KG,2.572,2.572,594.3094482421875,xgboost_feat
Blueberry_SekoyaPop,JUMBO,NL-GE,2026-04-27,2026-05-03,Weekly,,KG,2.572,2.572,594.8125610351562,xgboost_feat
Blueberry_SekoyaPop,JUMBO,NL-NB,2026-02-02,2026-02-08,Weekly,,KG,2.802,2.802,646.6917724609375,xgboost_feat
Blueberry_SekoyaPop,JUMBO,NL-NB,2026-02-09,2026-02-15,Weekly,,KG,2.802,2.802,653.591552734375,xgboost_feat
Blueberry_SekoyaPop,JUMBO,NL-NB,2026-02-16,2026-02-22,Weekly,,KG,2.802,2.802,674.2413330078125,xgboost_feat
Blueberry_SekoyaPop,JUMBO,NL-NB,2026-02-23,2026-03-01,Weekly,,KG,2.802,2.802,709.5738525390625,xgboost_feat
Blueberry_SekoyaPop,JUMBO,NL-NB,2026-03-02,2026-03-08,Weekly,,KG,2.802,2.802,703.0491943359375,xgboost_feat
Blueberry_SekoyaPop,JUMBO,NL-NB,2026-03-09,2026-03-15,Weekly,,KG,2.802,2.802,696.6119384765625,xgboost_feat
Blueberry_SekoyaPop,JUMBO,NL-NB,2026-03-16,2026-03-22,Weekly,,KG,2.802,2.802,690.0364990234375,xgboost_feat
Blueberry_SekoyaPop,JUMBO,NL-NB,2026-03-23,2026-03-29,Weekly,,KG,2.802,2.802,683.7589721679688,xgboost_feat
Blueberry_SekoyaPop,JUMBO,NL-NB,2026-03-30,2026-04-05,Weekly,,KG,2.802,2.802,691.992431640625,xgboost_feat
Blueberry_SekoyaPop,JUMBO,NL-NB,2026-04-06,2026-04-12,Weekly,,KG,2.802,2.802,667.338134765625,xgboost_feat
Blueberry_SekoyaPop,JUMBO,NL-NB,2026-04-13,2026-04-19,Weekly,,KG,2.802,2.802,638.6226806640625,xgboost_feat
Blueberry_SekoyaPop,JUMBO,NL-NB,2026-04-20,2026-04-26,Weekly,,KG,2.802,2.802,682.7119140625,xgboost_feat
Blueberry_SekoyaPop,JUMBO,NL-NB,2026-04-27,2026-05-03,Weekly,,KG,2.802,2.802,636.0311279296875,xgboost_feat
Blueberry_SekoyaPop,JUMBO,NL-NH,2026-02-02,2026-02-08,Weekly,,KG,2.73,2.73,638.63134765625,xgboost_feat
Blueberry_SekoyaPop,JUMBO,NL-NH,2026-02-09,2026-02-15,Weekly,,KG,2.73,2.73,613.5328369140625,xgboost_feat
Blueberry_SekoyaPop,JUMBO,NL-NH,2026-02-16,2026-02-22,Weekly,,KG,2.73,2.73,641.16357421875,xgboost_feat
Blueberry_SekoyaPop,JUMBO,NL-NH,2026-02-23,2026-03-01,Weekly,,KG,2.73,2.73,649.1554565429688,xgboost_feat
Blueberry_SekoyaPop,JUMBO,NL-NH,2026-03-02,2026-03-08,Weekly,,KG,2.73,2.73,628.4735107421875,xgboost_feat
Blueberry_SekoyaPop,JUMBO,NL-NH,2026-03-09,2026-03-15,Weekly,,KG,2.73,2.73,620.1741333007812,xgboost_feat
Blueberry_SekoyaPop,JUMBO,NL-NH,2026-03-16,2026-03-22,Weekly,,KG,2.73,2.73,598.958251953125,xgboost_feat
Blueberry_SekoyaPop,JUMBO,NL-NH,2026-03-23,2026-03-29,Weekly,,KG,2.73,2.73,603.0877685546875,xgboost_feat
Blueberry_SekoyaPop,JUMBO,NL-NH,2026-03-30,2026-04-05,Weekly,,KG,2.73,2.73,606.43310546875,xgboost_feat
Blueberry_SekoyaPop,JUMBO,NL-NH,2026-04-06,2026-04-12,Weekly,,KG,2.73,2.73,601.414306640625,xgboost_feat
Blueberry_SekoyaPop,JUMBO,NL-NH,2026-04-13,2026-04-19,Weekly,,KG,2.73,2.73,561.905029296875,xgboost_feat
Blueberry_SekoyaPop,JUMBO,NL-NH,2026-04-20,2026-04-26,Weekly,,KG,2.73,2.73,599.5263061523438,xgboost_feat
Blueberry_SekoyaPop,JUMBO,NL-NH,2026-04-27,2026-05-03,Weekly,,KG,2.73,2.73,578.3931884765625,xgboost_feat
Blueberry_SekoyaPop,JUMBO,NL-ZH,2026-02-02,2026-02-08,Weekly,,KG,2.887,2.887,705.7196044921875,xgboost_feat
Blueberry_SekoyaPop,JUMBO,NL-ZH,2026-02-09,2026-02-15,Weekly,,KG,2.887,2.887,699.3641967773438,xgboost_feat
Blueberry_SekoyaPop,JUMBO,NL-ZH,2026-02-16,2026-02-22,Weekly,,KG,2.887,2.887,694.058349609375,xgboost_feat
Blueberry_SekoyaPop,JUMBO,NL-ZH,2026-02-23,2026-03-01,Weekly,,KG,2.887,2.887,688.270263671875,xgboost_feat
Blueberry_SekoyaPop,JUMBO,NL-ZH,2026-03-02,2026-03-08,Weekly,,KG,2.887,2.887,673.4769897460938,xgboost_feat
Blueberry_SekoyaPop,JUMBO,NL-ZH,2026-03-09,2026-03-15,Weekly,,KG,2.887,2.887,665.7710571289062,xgboost_feat
Blueberry_SekoyaPop,JUMBO,NL-ZH,2026-03-16,2026-03-22,Weekly,,KG,2.887,2.887,672.9691772460938,xgboost_feat
Blueberry_SekoyaPop,JUMBO,NL-ZH,2026-03-23,2026-03-29,Weekly,,KG,2.887,2.887,670.9711303710938,xgboost_feat
Blueberry_SekoyaPop,JUMBO,NL-ZH,2026-03-30,2026-04-05,Weekly,,KG,2.887,2.887,662.6158447265625,xgboost_feat
Blueberry_SekoyaPop,JUMBO,NL-ZH,2026-04-06,2026-04-12,Weekly,,KG,2.887,2.887,647.7810668945312,xgboost_feat
Blueberry_SekoyaPop,JUMBO,NL-ZH,2026-04-13,2026-04-19,Weekly,,KG,2.887,2.887,631.0573120117188,xgboost_feat
Blueberry_SekoyaPop,JUMBO,NL-ZH,2026-04-20,2026-04-26,Weekly,,KG,2.887,2.887,658.5254516601562,xgboost_feat
Blueberry_SekoyaPop,JUMBO,NL-ZH,2026-04-27,2026-05-03,Weekly,,KG,2.887,2.887,631.6852416992188,xgboost_feat
Blueberry_SekoyaPop,MELEDI,NL-GE,2026-02-02,2026-02-08,Weekly,,KG,2.716,2.716,582.2825927734375,xgboost_feat
Blueberry_SekoyaPop,MELEDI,NL-GE,2026-02-09,2026-02-15,Weekly,,KG,2.716,2.716,591.1304931640625,xgboost_feat
Blueberry_SekoyaPop,MELEDI,NL-GE,2026-02-16,2026-02-22,Weekly,,KG,2.716,2.716,595.139892578125,xgboost_feat
Blueberry_SekoyaPop,MELEDI,NL-GE,2026-02-23,2026-03-01,Weekly,,KG,2.716,2.716,598.704833984375,xgboost_feat
Blueberry_SekoyaPop,MELEDI,NL-GE,2026-03-02,2026-03-08,Weekly,,KG,2.716,2.716,617.8065795898438,xgboost_feat
Blueberry_SekoyaPop,MELEDI,NL-GE,2026-03-09,2026-03-15,Weekly,,KG,2.716,2.716,643.5722045898438,xgboost_feat
Blueberry_SekoyaPop,MELEDI,NL-GE,2026-03-16,2026-03-22,Weekly,,KG,2.716,2.716,598.4489135742188,xgboost_feat
Blueberry_SekoyaPop,MELEDI,NL-GE,2026-03-23,2026-03-29,Weekly,,KG,2.716,2.716,603.0111694335938,xgboost_feat
Blueberry_SekoyaPop,MELEDI,NL-GE,2026-03-30,2026-04-05,Weekly,,KG,2.716,2.716,613.27392578125,xgboost_feat
Blueberry_SekoyaPop,MELEDI,NL-GE,2026-04-06,2026-04-12,Weekly,,KG,2.716,2.716,612.073974609375,xgboost_feat
Blueberry_SekoyaPop,MELEDI,NL-GE,2026-04-13,2026-04-19,Weekly,,KG,2.716,2.716,581.0451049804688,xgboost_feat
Blueberry_SekoyaPop,MELEDI,NL-GE,2026-04-20,2026-04-26,Weekly,,KG,2.716,2.716,600.606201171875,xgboost_feat
Blueberry_SekoyaPop,MELEDI,NL-GE,2026-04-27,2026-05-03,Weekly,,KG,2.716,2.716,588.7787475585938,xgboost_feat
Blueberry_SekoyaPop,MELEDI,NL-NB,2026-02-02,2026-02-08,Weekly,,KG,2.826,2.826,600.0537719726562,xgboost_feat
Blueberry_SekoyaPop,MELEDI,NL-NB,2026-02-09,2026-02-15,Weekly,,KG,2.826,2.826,595.6295776367188,xgboost_feat
Blueberry_SekoyaPop,MELEDI,NL-NB,2026-02-16,2026-02-22,Weekly,,KG,2.826,2.826,615.0932006835938,xgboost_feat
Blueberry_SekoyaPop,MELEDI,NL-NB,2026-02-23,2026-03-01,Weekly,,KG,2.826,2.826,611.937255859375,xgboost_feat
Blueberry_SekoyaPop,MELEDI,NL-NB,2026-03-02,2026-03-08,Weekly,,KG,2.826,2.826,626.3485107421875,xgboost_feat
Blueberry_SekoyaPop,MELEDI,NL-NB,2026-03-09,2026-03-15,Weekly,,KG,2.826,2.826,625.912353515625,xgboost_feat
Blueberry_SekoyaPop,MELEDI,NL-NB,2026-03-16,2026-03-22,Weekly,,KG,2.826,2.826,605.048583984375,xgboost_feat
Blueberry_SekoyaPop,MELEDI,NL-NB,2026-03-23,2026-03-29,Weekly,,KG,2.826,2.826,605.3113403320312,xgboost_feat
Blueberry_SekoyaPop,MELEDI,NL-NB,2026-03-30,2026-04-05,Weekly,,KG,2.826,2.826,631.5274047851562,xgboost_feat
Blueberry_SekoyaPop,MELEDI,NL-NB,2026-04-06,2026-04-12,Weekly,,KG,2.826,2.826,607.9412841796875,xgboost_feat
Blueberry_SekoyaPop,MELEDI,NL-NB,2026-04-13,2026-04-19,Weekly,,KG,2.826,2.826,574.5977172851562,xgboost_feat
Blueberry_SekoyaPop,MELEDI,NL-NB,2026-04-20,2026-04-26,Weekly,,KG,2.826,2.826,596.1002807617188,xgboost_feat
Blueberry_SekoyaPop,MELEDI,NL-NB,2026-04-27,2026-05-03,Weekly,,KG,2.826,2.826,580.5741577148438,xgboost_feat
Blueberry_SekoyaPop,MELEDI,NL-NH,2026-02-02,2026-02-08,Weekly,,KG,2.891,2.891,585.9616088867188,xgboost_feat
Blueberry_SekoyaPop,MELEDI,NL-NH,2026-02-09,2026-02-15,Weekly,,KG,2.891,2.891,559.0955200195312,xgboost_feat
Blueberry_SekoyaPop,MELEDI,NL-NH,2026-02-16,2026-02-22,Weekly,,KG,2.891,2.891,592.1294555664062,xgboost_feat
Blueberry_SekoyaPop,MELEDI,NL-NH,2026-02-23,2026-03-01,Weekly,,KG,2.891,2.891,614.6619262695312,xgboost_feat
Blueberry_SekoyaPop,MELEDI,NL-NH,2026-03-02,2026-03-08,Weekly,,KG,2.891,2.891,633.7849731445312,xgboost_feat
Blueberry_SekoyaPop,MELEDI,NL-NH,2026-03-09,2026-03-15,Weekly,,KG,2.891,2.891,624.6119384765625,xgboost_feat
Blueberry_SekoyaPop,MELEDI,NL-NH,2026-03-16,2026-03-22,Weekly,,KG,2.891,2.891,606.301513671875,xgboost_feat
Blueberry_SekoyaPop,MELEDI,NL-NH,2026-03-23,2026-03-29,Weekly,,KG,2.891,2.891,612.0393676757812,xgboost_feat
Blueberry_SekoyaPop,MELEDI,NL-NH,2026-03-30,2026-04-05,Weekly,,KG,2.891,2.891,611.1010131835938,xgboost_feat
Blueberry_SekoyaPop,MELEDI,NL-NH,2026-04-06,2026-04-12,Weekly,,KG,2.891,2.891,602.6607055664062,xgboost_feat
Blueberry_SekoyaPop,MELEDI,NL-NH,2026-04-13,2026-04-19,Weekly,,KG,2.891,2.891,559.0943603515625,xgboost_feat
Blueberry_SekoyaPop,MELEDI,NL-NH,2026-04-20,2026-04-26,Weekly,,KG,2.891,2.891,596.3031616210938,xgboost_feat
Blueberry_SekoyaPop,MELEDI,NL-NH,2026-04-27,2026-05-03,Weekly,,KG,2.891,2.891,580.2769775390625,xgboost_feat
Blueberry_SekoyaPop,MELEDI,NL-ZH,2026-02-02,2026-02-08,Weekly,,KG,2.89,2.89,581.8343505859375,xgboost_feat
Blueberry_SekoyaPop,MELEDI,NL-ZH,2026-02-09,2026-02-15,Weekly,,KG,2.89,2.89,587.9777221679688,xgboost_feat
Blueberry_SekoyaPop,MELEDI,NL-ZH,2026-02-16,2026-02-22,Weekly,,KG,2.89,2.89,583.9488525390625,xgboost_feat
Blueberry_SekoyaPop,MELEDI,NL-ZH,2026-02-23,2026-03-01,Weekly,,KG,2.89,2.89,594.7832641601562,xgboost_feat
Blueberry_SekoyaPop,MELEDI,NL-ZH,2026-03-02,2026-03-08,Weekly,,KG,2.89,2.89,613.9939575195312,xgboost_feat
Blueberry_SekoyaPop,MELEDI,NL-ZH,2026-03-09,2026-03-15,Weekly,,KG,2.89,2.89,618.0552978515625,xgboost_feat
Blueberry_SekoyaPop,MELEDI,NL-ZH,2026-03-16,2026-03-22,Weekly,,KG,2.89,2.89,609.3505249023438,xgboost_feat
Blueberry_SekoyaPop,MELEDI,NL-ZH,2026-03-23,2026-03-29,Weekly,,KG,2.89,2.89,614.068115234375,xgboost_feat
Blueberry_SekoyaPop,MELEDI,NL-ZH,2026-03-30,2026-04-05,Weekly,,KG,2.89,2.89,624.1345825195312,xgboost_feat
Blueberry_SekoyaPop,MELEDI,NL-ZH,2026-04-06,2026-04-12,Weekly,,KG,2.89,2.89,604.0534057617188,xgboost_feat
Blueberry_SekoyaPop,MELEDI,NL-ZH,2026-04-13,2026-04-19,Weekly,,KG,2.89,2.89,581.8067626953125,xgboost_feat
Blueberry_SekoyaPop,MELEDI,NL-ZH,2026-04-20,2026-04-26,Weekly,,KG,2.89,2.89,589.9683227539062,xgboost_feat
Blueberry_SekoyaPop,MELEDI,NL-ZH,2026-04-27,2026-05-03,Weekly,,KG,2.89,2.89,590.5120239257812,xgboost_feat
Blueberry_SekoyaPop,PICNIC,NL-GE,2026-02-02,2026-02-08,Weekly,,KG,2.599,2.599,585.8091430664062,xgboost_feat
Blueberry_SekoyaPop,PICNIC,NL-GE,2026-02-09,2026-02-15,Weekly,,KG,2.599,2.599,595.9719848632812,xgboost_feat
Blueberry_SekoyaPop,PICNIC,NL-GE,2026-02-16,2026-02-22,Weekly,,KG,2.599,2.599,598.775634765625,xgboost_feat
Blueberry_SekoyaPop,PICNIC,NL-GE,2026-02-23,2026-03-01,Weekly,,KG,2.599,2.599,604.3399658203125,xgboost_feat
Blueberry_SekoyaPop,PICNIC,NL-GE,2026-03-02,2026-03-08,Weekly,,KG,2.599,2.599,621.7498168945312,xgboost_feat
Blueberry_SekoyaPop,PICNIC,NL-GE,2026-03-09,2026-03-15,Weekly,,KG,2.599,2.599,647.0579833984375,xgboost_feat
Blueberry_SekoyaPop,PICNIC,NL-GE,2026-03-16,2026-03-22,Weekly,,KG,2.599,2.599,597.5046997070312,xgboost_feat
Blueberry_SekoyaPop,PICNIC,NL-GE,2026-03-23,2026-03-29,Weekly,,KG,2.599,2.599,601.276123046875,xgboost_feat
Blueberry_SekoyaPop,PICNIC,NL-GE,2026-03-30,2026-04-05,Weekly,,KG,2.599,2.599,616.4761962890625,xgboost_feat
Blueberry_SekoyaPop,PICNIC,NL-GE,2026-04-06,2026-04-12,Weekly,,KG,2.599,2.599,615.8422241210938,xgboost_feat
Blueberry_SekoyaPop,PICNIC,NL-GE,2026-04-13,2026-04-19,Weekly,,KG,2.599,2.599,579.7625122070312,xgboost_feat
Blueberry_SekoyaPop,PICNIC,NL-GE,2026-04-20,2026-04-26,Weekly,,KG,2.599,2.599,598.6184692382812,xgboost_feat
Blueberry_SekoyaPop,PICNIC,NL-GE,2026-04-27,2026-05-03,Weekly,,KG,2.599,2.599,596.169677734375,xgboost_feat
Blueberry_SekoyaPop,PICNIC,NL-NB,2026-02-02,2026-02-08,Weekly,,KG,2.781,2.781,589.5281372070312,xgboost_feat
Blueberry_SekoyaPop,PICNIC,NL-NB,2026-02-09,2026-02-15,Weekly,,KG,2.781,2.781,598.7850952148438,xgboost_feat
Blueberry_SekoyaPop,PICNIC,NL-NB,2026-02-16,2026-02-22,Weekly,,KG,2.781,2.781,615.0953369140625,xgboost_feat
Blueberry_SekoyaPop,PICNIC,NL-NB,2026-02-23,2026-03-01,Weekly,,KG,2.781,2.781,613.7265014648438,xgboost_feat
Blueberry_SekoyaPop,PICNIC,NL-NB,2026-03-02,2026-03-08,Weekly,,KG,2.781,2.781,626.025390625,xgboost_feat
Blueberry_SekoyaPop,PICNIC,NL-NB,2026-03-09,2026-03-15,Weekly,,KG,2.781,2.781,622.7363891601562,xgboost_feat
Blueberry_SekoyaPop,PICNIC,NL-NB,2026-03-16,2026-03-22,Weekly,,KG,2.781,2.781,605.0580444335938,xgboost_feat
Blueberry_SekoyaPop,PICNIC,NL-NB,2026-03-23,2026-03-29,Weekly,,KG,2.781,2.781,604.8941650390625,xgboost_feat
Blueberry_SekoyaPop,PICNIC,NL-NB,2026-03-30,2026-04-05,Weekly,,KG,2.781,2.781,631.4196166992188,xgboost_feat
Blueberry_SekoyaPop,PICNIC,NL-NB,2026-04-06,2026-04-12,Weekly,,KG,2.781,2.781,608.1527709960938,xgboost_feat
Blueberry_SekoyaPop,PICNIC,NL-NB,2026-04-13,2026-04-19,Weekly,,KG,2.781,2.781,573.1420288085938,xgboost_feat
Blueberry_SekoyaPop,PICNIC,NL-NB,2026-04-20,2026-04-26,Weekly,,KG,2.781,2.781,599.475341796875,xgboost_feat
Blueberry_SekoyaPop,PICNIC,NL-NB,2026-04-27,2026-05-03,Weekly,,KG,2.781,2.781,586.8924560546875,xgboost_feat
Blueberry_SekoyaPop,PICNIC,NL-NH,2026-02-02,2026-02-08,Weekly,,KG,2.791,2.791,592.4275512695312,xgboost_feat
Blueberry_SekoyaPop,PICNIC,NL-NH,2026-02-09,2026-02-15,Weekly,,KG,2.791,2.791,565.9376831054688,xgboost_feat
Blueberry_SekoyaPop,PICNIC,NL-NH,2026-02-16,2026-02-22,Weekly,,KG,2.791,2.791,593.7392578125,xgboost_feat
Blueberry_SekoyaPop,PICNIC,NL-NH,2026-02-23,2026-03-01,Weekly,,KG,2.791,2.791,615.2882690429688,xgboost_feat
Blueberry_SekoyaPop,PICNIC,NL-NH,2026-03-02,2026-03-08,Weekly,,KG,2.791,2.791,632.5048828125,xgboost_feat
Blueberry_SekoyaPop,PICNIC,NL-NH,2026-03-09,2026-03-15,Weekly,,KG,2.791,2.791,624.0355834960938,xgboost_feat
Blueberry_SekoyaPop,PICNIC,NL-NH,2026-03-16,2026-03-22,Weekly,,KG,2.791,2.791,606.021240234375,xgboost_feat
Blueberry_SekoyaPop,PICNIC,NL-NH,2026-03-23,2026-03-29,Weekly,,KG,2.791,2.791,611.9360961914062,xgboost_feat
Blueberry_SekoyaPop,PICNIC,NL-NH,2026-03-30,2026-04-05,Weekly,,KG,2.791,2.791,610.9163208007812,xgboost_feat
Blueberry_SekoyaPop,PICNIC,NL-NH,2026-04-06,2026-04-12,Weekly,,KG,2.791,2.791,602.8768310546875,xgboost_feat
Blueberry_SekoyaPop,PICNIC,NL-NH,2026-04-13,2026-04-19,Weekly,,KG,2.791,2.791,561.6740112304688,xgboost_feat
Blueberry_SekoyaPop,PICNIC,NL-NH,2026-04-20,2026-04-26,Weekly,,KG,2.791,2.791,603.3143920898438,xgboost_feat
Blueberry_SekoyaPop,PICNIC,NL-NH,2026-04-27,2026-05-03,Weekly,,KG,2.791,2.791,588.2767944335938,xgboost_feat
Blueberry_SekoyaPop,PICNIC,NL-ZH,2026-02-02,2026-02-08,Weekly,,KG,2.836,2.836,582.7596435546875,xgboost_feat
Blueberry_SekoyaPop,PICNIC,NL-ZH,2026-02-09,2026-02-15,Weekly,,KG,2.836,2.836,591.8973999023438,xgboost_feat
Blueberry_SekoyaPop,PICNIC,NL-ZH,2026-02-16,2026-02-22,Weekly,,KG,2.836,2.836,592.4564208984375,xgboost_feat
Blueberry_SekoyaPop,PICNIC,NL-ZH,2026-02-23,2026-03-01,Weekly,,KG,2.836,2.836,597.110107421875,xgboost_feat
Blueberry_SekoyaPop,PICNIC,NL-ZH,2026-03-02,2026-03-08,Weekly,,KG,2.836,2.836,617.7596435546875,xgboost_feat
Blueberry_SekoyaPop,PICNIC,NL-ZH,2026-03-09,2026-03-15,Weekly,,KG,2.836,2.836,619.67919921875,xgboost_feat
Blueberry_SekoyaPop,PICNIC,NL-ZH,2026-03-16,2026-03-22,Weekly,,KG,2.836,2.836,606.10205078125,xgboost_feat
Blueberry_SekoyaPop,PICNIC,NL-ZH,2026-03-23,2026-03-29,Weekly,,KG,2.836,2.836,613.713134765625,xgboost_feat
Blueberry_SekoyaPop,PICNIC,NL-ZH,2026-03-30,2026-04-05,Weekly,,KG,2.836,2.836,624.3910522460938,xgboost_feat
Blueberry_SekoyaPop,PICNIC,NL-ZH,2026-04-06,2026-04-12,Weekly,,KG,2.836,2.836,604.8597412109375,xgboost_feat
Blueberry_SekoyaPop,PICNIC,NL-ZH,2026-04-13,2026-04-19,Weekly,,KG,2.836,2.836,584.89697265625,xgboost_feat
Blueberry_SekoyaPop,PICNIC,NL-ZH,2026-04-20,2026-04-26,Weekly,,KG,2.836,2.836,596.324462890625,xgboost_feat
Blueberry_SekoyaPop,PICNIC,NL-ZH,2026-04-27,2026-05-03,Weekly,,KG,2.836,2.836,593.4140625,xgboost_feat
Blueberry_SekoyaPop,PLUS,NL-GE,2026-02-02,2026-02-08,Weekly,,KG,2.698,2.698,619.3901977539062,xgboost_feat
Blueberry_SekoyaPop,PLUS,NL-GE,2026-02-09,2026-02-15,Weekly,,KG,2.698,2.698,625.7962036132812,xgboost_feat
Blueberry_SekoyaPop,PLUS,NL-GE,2026-02-16,2026-02-22,Weekly,,KG,2.698,2.698,619.5353393554688,xgboost_feat
Blueberry_SekoyaPop,PLUS,NL-GE,2026-02-23,2026-03-01,Weekly,,KG,2.698,2.698,634.5787963867188,xgboost_feat
Blueberry_SekoyaPop,PLUS,NL-GE,2026-03-02,2026-03-08,Weekly,,KG,2.698,2.698,620.1693115234375,xgboost_feat
Blueberry_SekoyaPop,PLUS,NL-GE,2026-03-09,2026-03-15,Weekly,,KG,2.698,2.698,651.2252197265625,xgboost_feat
Blueberry_SekoyaPop,PLUS,NL-GE,2026-03-16,2026-03-22,Weekly,,KG,2.698,2.698,594.8462524414062,xgboost_feat
Blueberry_SekoyaPop,PLUS,NL-GE,2026-03-23,2026-03-29,Weekly,,KG,2.698,2.698,606.9107666015625,xgboost_feat
Blueberry_SekoyaPop,PLUS,NL-GE,2026-03-30,2026-04-05,Weekly,,KG,2.698,2.698,608.9259643554688,xgboost_feat
Blueberry_SekoyaPop,PLUS,NL-GE,2026-04-06,2026-04-12,Weekly,,KG,2.698,2.698,606.2119750976562,xgboost_feat
Blueberry_SekoyaPop,PLUS,NL-GE,2026-04-13,2026-04-19,Weekly,,KG,2.698,2.698,572.513427734375,xgboost_feat
Blueberry_SekoyaPop,PLUS,NL-GE,2026-04-20,2026-04-26,Weekly,,KG,2.698,2.698,596.2430419921875,xgboost_feat
Blueberry_SekoyaPop,PLUS,NL-GE,2026-04-27,2026-05-03,Weekly,,KG,2.698,2.698,585.3541259765625,xgboost_feat
Blueberry_SekoyaPop,PLUS,NL-NB,2026-02-02,2026-02-08,Weekly,,KG,2.875,2.875,642.667236328125,xgboost_feat
Blueberry_SekoyaPop,PLUS,NL-NB,2026-02-09,2026-02-15,Weekly,,KG,2.875,2.875,656.0490112304688,xgboost_feat
Blueberry_SekoyaPop,PLUS,NL-NB,2026-02-16,2026-02-22,Weekly,,KG,2.875,2.875,654.0249633789062,xgboost_feat
Blueberry_SekoyaPop,PLUS,NL-NB,2026-02-23,2026-03-01,Weekly,,KG,2.875,2.875,620.8792724609375,xgboost_feat
Blueberry_SekoyaPop,PLUS,NL-NB,2026-03-02,2026-03-08,Weekly,,KG,2.875,2.875,631.5243530273438,xgboost_feat
Blueberry_SekoyaPop,PLUS,NL-NB,2026-03-09,2026-03-15,Weekly,,KG,2.875,2.875,617.6588745117188,xgboost_feat
Blueberry_SekoyaPop,PLUS,NL-NB,2026-03-16,2026-03-22,Weekly,,KG,2.875,2.875,601.0856323242188,xgboost_feat
Blueberry_SekoyaPop,PLUS,NL-NB,2026-03-23,2026-03-29,Weekly,,KG,2.875,2.875,605.4215698242188,xgboost_feat
Blueberry_SekoyaPop,PLUS,NL-NB,2026-03-30,2026-04-05,Weekly,,KG,2.875,2.875,638.9603881835938,xgboost_feat
Blueberry_SekoyaPop,PLUS,NL-NB,2026-04-06,2026-04-12,Weekly,,KG,2.875,2.875,603.9102783203125,xgboost_feat
Blueberry_SekoyaPop,PLUS,NL-NB,2026-04-13,2026-04-19,Weekly,,KG,2.875,2.875,568.3223876953125,xgboost_feat
Blueberry_SekoyaPop,PLUS,NL-NB,2026-04-20,2026-04-26,Weekly,,KG,2.875,2.875,592.1113891601562,xgboost_feat
Blueberry_SekoyaPop,PLUS,NL-NB,2026-04-27,2026-05-03,Weekly,,KG,2.875,2.875,566.595947265625,xgboost_feat
Blueberry_SekoyaPop,PLUS,NL-NH,2026-02-02,2026-02-08,Weekly,,KG,2.794,2.794,699.3431396484375,xgboost_feat
Blueberry_SekoyaPop,PLUS,NL-NH,2026-02-09,2026-02-15,Weekly,,KG,2.794,2.794,665.0484008789062,xgboost_feat
Blueberry_SekoyaPop,PLUS,NL-NH,2026-02-16,2026-02-22,Weekly,,KG,2.794,2.794,715.5932006835938,xgboost_feat
Blueberry_SekoyaPop,PLUS,NL-NH,2026-02-23,2026-03-01,Weekly,,KG,2.794,2.794,718.08447265625,xgboost_feat
Blueberry_SekoyaPop,PLUS,NL-NH,2026-03-02,2026-03-08,Weekly,,KG,2.794,2.794,717.2838745117188,xgboost_feat
Blueberry_SekoyaPop,PLUS,NL-NH,2026-03-09,2026-03-15,Weekly,,KG,2.794,2.794,687.1904907226562,xgboost_feat
Blueberry_SekoyaPop,PLUS,NL-NH,2026-03-16,2026-03-22,Weekly,,KG,2.794,2.794,681.5873413085938,xgboost_feat
Blueberry_SekoyaPop,PLUS,NL-NH,2026-03-23,2026-03-29,Weekly,,KG,2.794,2.794,685.3026123046875,xgboost_feat
Blueberry_SekoyaPop,PLUS,NL-NH,2026-03-30,2026-04-05,Weekly,,KG,2.794,2.794,685.0623779296875,xgboost_feat
Blueberry_SekoyaPop,PLUS,NL-NH,2026-04-06,2026-04-12,Weekly,,KG,2.794,2.794,653.7415161132812,xgboost_feat
Blueberry_SekoyaPop,PLUS,NL-NH,2026-04-13,2026-04-19,Weekly,,KG,2.794,2.794,628.0623779296875,xgboost_feat
Blueberry_SekoyaPop,PLUS,NL-NH,2026-04-20,2026-04-26,Weekly,,KG,2.794,2.794,654.0971069335938,xgboost_feat
Blueberry_SekoyaPop,PLUS,NL-NH,2026-04-27,2026-05-03,Weekly,,KG,2.794,2.794,635.1114501953125,xgboost_feat
Blueberry_SekoyaPop,PLUS,NL-ZH,2026-02-02,2026-02-08,Weekly,,KG,2.701,2.701,676.9401245117188,xgboost_feat
Blueberry_SekoyaPop,PLUS,NL-ZH,2026-02-09,2026-02-15,Weekly,,KG,2.701,2.701,649.3128662109375,xgboost_feat
Blueberry_SekoyaPop,PLUS,NL-ZH,2026-02-16,2026-02-22,Weekly,,KG,2.701,2.701,681.5753784179688,xgboost_feat
Blueberry_SekoyaPop,PLUS,NL-ZH,2026-02-23,2026-03-01,Weekly,,KG,2.701,2.701,661.3740844726562,xgboost_feat
Blueberry_SekoyaPop,PLUS,NL-ZH,2026-03-02,2026-03-08,Weekly,,KG,2.701,2.701,656.241455078125,xgboost_feat
Blueberry_SekoyaPop,PLUS,NL-ZH,2026-03-09,2026-03-15,Weekly,,KG,2.701,2.701,639.0813598632812,xgboost_feat
Blueberry_SekoyaPop,PLUS,NL-ZH,2026-03-16,2026-03-22,Weekly,,KG,2.701,2.701,635.1632690429688,xgboost_feat
Blueberry_SekoyaPop,PLUS,NL-ZH,2026-03-23,2026-03-29,Weekly,,KG,2.701,2.701,599.4834594726562,xgboost_feat
Blueberry_SekoyaPop,PLUS,NL-ZH,2026-03-30,2026-04-05,Weekly,,KG,2.701,2.701,623.726806640625,xgboost_feat
Blueberry_SekoyaPop,PLUS,NL-ZH,2026-04-06,2026-04-12,Weekly,,KG,2.701,2.701,604.8278198242188,xgboost_feat
Blueberry_SekoyaPop,PLUS,NL-ZH,2026-04-13,2026-04-19,Weekly,,KG,2.701,2.701,579.33544921875,xgboost_feat
Blueberry_SekoyaPop,PLUS,NL-ZH,2026-04-20,2026-04-26,Weekly,,KG,2.701,2.701,589.3473510742188,xgboost_feat
Blueberry_SekoyaPop,PLUS,NL-ZH,2026-04-27,2026-05-03,Weekly,,KG,2.701,2.701,587.237060546875,xgboost_feat
Blueberry_SekoyaPop,SLIGRO,NL-GE,2026-02-02,2026-02-08,Weekly,,KG,2.636,2.636,582.3360595703125,xgboost_feat
Blueberry_SekoyaPop,SLIGRO,NL-GE,2026-02-09,2026-02-15,Weekly,,KG,2.636,2.636,588.846435546875,xgboost_feat
Blueberry_SekoyaPop,SLIGRO,NL-GE,2026-02-16,2026-02-22,Weekly,,KG,2.636,2.636,598.3632202148438,xgboost_feat
Blueberry_SekoyaPop,SLIGRO,NL-GE,2026-02-23,2026-03-01,Weekly,,KG,2.636,2.636,602.2959594726562,xgboost_feat
Blueberry_SekoyaPop,SLIGRO,NL-GE,2026-03-02,2026-03-08,Weekly,,KG,2.636,2.636,622.0691528320312,xgboost_feat
Blueberry_SekoyaPop,SLIGRO,NL-GE,2026-03-09,2026-03-15,Weekly,,KG,2.636,2.636,646.1150512695312,xgboost_feat
Blueberry_SekoyaPop,SLIGRO,NL-GE,2026-03-16,2026-03-22,Weekly,,KG,2.636,2.636,596.8980102539062,xgboost_feat
Blueberry_SekoyaPop,SLIGRO,NL-GE,2026-03-23,2026-03-29,Weekly,,KG,2.636,2.636,601.3832397460938,xgboost_feat
Blueberry_SekoyaPop,SLIGRO,NL-GE,2026-03-30,2026-04-05,Weekly,,KG,2.636,2.636,614.0465087890625,xgboost_feat
Blueberry_SekoyaPop,SLIGRO,NL-GE,2026-04-06,2026-04-12,Weekly,,KG,2.636,2.636,615.0809936523438,xgboost_feat
Blueberry_SekoyaPop,SLIGRO,NL-GE,2026-04-13,2026-04-19,Weekly,,KG,2.636,2.636,579.730224609375,xgboost_feat
Blueberry_SekoyaPop,SLIGRO,NL-GE,2026-04-20,2026-04-26,Weekly,,KG,2.636,2.636,596.6502685546875,xgboost_feat
Blueberry_SekoyaPop,SLIGRO,NL-GE,2026-04-27,2026-05-03,Weekly,,KG,2.636,2.636,587.880615234375,xgboost_feat
Blueberry_SekoyaPop,SLIGRO,NL-NB,2026-02-02,2026-02-08,Weekly,,KG,2.628,2.628,591.9344482421875,xgboost_feat
Blueberry_SekoyaPop,SLIGRO,NL-NB,2026-02-09,2026-02-15,Weekly,,KG,2.628,2.628,594.885986328125,xgboost_feat
Blueberry_SekoyaPop,SLIGRO,NL-NB,2026-02-16,2026-02-22,Weekly,,KG,2.628,2.628,617.0142211914062,xgboost_feat
Blueberry_SekoyaPop,SLIGRO,NL-NB,2026-02-23,2026-03-01,Weekly,,KG,2.628,2.628,618.8753051757812,xgboost_feat
Blueberry_SekoyaPop,SLIGRO,NL-NB,2026-03-02,2026-03-08,Weekly,,KG,2.628,2.628,625.8485717773438,xgboost_feat
Blueberry_SekoyaPop,SLIGRO,NL-NB,2026-03-09,2026-03-15,Weekly,,KG,2.628,2.628,621.4725952148438,xgboost_feat
Blueberry_SekoyaPop,SLIGRO,NL-NB,2026-03-16,2026-03-22,Weekly,,KG,2.628,2.628,603.2075805664062,xgboost_feat
Blueberry_SekoyaPop,SLIGRO,NL-NB,2026-03-23,2026-03-29,Weekly,,KG,2.628,2.628,603.6127319335938,xgboost_feat
Blueberry_SekoyaPop,SLIGRO,NL-NB,2026-03-30,2026-04-05,Weekly,,KG,2.628,2.628,636.0641479492188,xgboost_feat
Blueberry_SekoyaPop,SLIGRO,NL-NB,2026-04-06,2026-04-12,Weekly,,KG,2.628,2.628,610.8497314453125,xgboost_feat
Blueberry_SekoyaPop,SLIGRO,NL-NB,2026-04-13,2026-04-19,Weekly,,KG,2.628,2.628,572.9236450195312,xgboost_feat
Blueberry_SekoyaPop,SLIGRO,NL-NB,2026-04-20,2026-04-26,Weekly,,KG,2.628,2.628,595.813232421875,xgboost_feat
Blueberry_SekoyaPop,SLIGRO,NL-NB,2026-04-27,2026-05-03,Weekly,,KG,2.628,2.628,580.6387329101562,xgboost_feat
Blueberry_SekoyaPop,SLIGRO,NL-NH,2026-02-02,2026-02-08,Weekly,,KG,2.87,2.87,584.6233520507812,xgboost_feat
Blueberry_SekoyaPop,SLIGRO,NL-NH,2026-02-09,2026-02-15,Weekly,,KG,2.87,2.87,559.893798828125,xgboost_feat
Blueberry_SekoyaPop,SLIGRO,NL-NH,2026-02-16,2026-02-22,Weekly,,KG,2.87,2.87,588.73193359375,xgboost_feat
Blueberry_SekoyaPop,SLIGRO,NL-NH,2026-02-23,2026-03-01,Weekly,,KG,2.87,2.87,612.0536499023438,xgboost_feat
Blueberry_SekoyaPop,SLIGRO,NL-NH,2026-03-02,2026-03-08,Weekly,,KG,2.87,2.87,638.113525390625,xgboost_feat
Blueberry_SekoyaPop,SLIGRO,NL-NH,2026-03-09,2026-03-15,Weekly,,KG,2.87,2.87,623.9156494140625,xgboost_feat
Blueberry_SekoyaPop,SLIGRO,NL-NH,2026-03-16,2026-03-22,Weekly,,KG,2.87,2.87,609.15087890625,xgboost_feat
Blueberry_SekoyaPop,SLIGRO,NL-NH,2026-03-23,2026-03-29,Weekly,,KG,2.87,2.87,611.9131469726562,xgboost_feat
Blueberry_SekoyaPop,SLIGRO,NL-NH,2026-03-30,2026-04-05,Weekly,,KG,2.87,2.87,610.9119873046875,xgboost_feat
Blueberry_SekoyaPop,SLIGRO,NL-NH,2026-04-06,2026-04-12,Weekly,,KG,2.87,2.87,603.4957885742188,xgboost_feat
Blueberry_SekoyaPop,SLIGRO,NL-NH,2026-04-13,2026-04-19,Weekly,,KG,2.87,2.87,559.9649658203125,xgboost_feat
Blueberry_SekoyaPop,SLIGRO,NL-NH,2026-04-20,2026-04-26,Weekly,,KG,2.87,2.87,595.974609375,xgboost_feat
Blueberry_SekoyaPop,SLIGRO,NL-NH,2026-04-27,2026-05-03,Weekly,,KG,2.87,2.87,580.3017578125,xgboost_feat
Blueberry_SekoyaPop,SLIGRO,NL-ZH,2026-02-02,2026-02-08,Weekly,,KG,2.919,2.919,581.7337036132812,xgboost_feat
Blueberry_SekoyaPop,SLIGRO,NL-ZH,2026-02-09,2026-02-15,Weekly,,KG,2.919,2.919,591.4965209960938,xgboost_feat
Blueberry_SekoyaPop,SLIGRO,NL-ZH,2026-02-16,2026-02-22,Weekly,,KG,2.919,2.919,585.6210327148438,xgboost_feat
Blueberry_SekoyaPop,SLIGRO,NL-ZH,2026-02-23,2026-03-01,Weekly,,KG,2.919,2.919,592.9392700195312,xgboost_feat
Blueberry_SekoyaPop,SLIGRO,NL-ZH,2026-03-02,2026-03-08,Weekly,,KG,2.919,2.919,614.7420043945312,xgboost_feat
Blueberry_SekoyaPop,SLIGRO,NL-ZH,2026-03-09,2026-03-15,Weekly,,KG,2.919,2.919,619.39013671875,xgboost_feat
Blueberry_SekoyaPop,SLIGRO,NL-ZH,2026-03-16,2026-03-22,Weekly,,KG,2.919,2.919,607.4061889648438,xgboost_feat
Blueberry_SekoyaPop,SLIGRO,NL-ZH,2026-03-23,2026-03-29,Weekly,,KG,2.919,2.919,614.2291259765625,xgboost_feat
Blueberry_SekoyaPop,SLIGRO,NL-ZH,2026-03-30,2026-04-05,Weekly,,KG,2.919,2.919,625.0523681640625,xgboost_feat
Blueberry_SekoyaPop,SLIGRO,NL-ZH,2026-04-06,2026-04-12,Weekly,,KG,2.919,2.919,604.6392211914062,xgboost_feat
Blueberry_SekoyaPop,SLIGRO,NL-ZH,2026-04-13,2026-04-19,Weekly,,KG,2.919,2.919,580.02783203125,xgboost_feat
Blueberry_SekoyaPop,SLIGRO,NL-ZH,2026-04-20,2026-04-26,Weekly,,KG,2.919,2.919,589.71142578125,xgboost_feat
Blueberry_SekoyaPop,SLIGRO,NL-ZH,2026-04-27,2026-05-03,Weekly,,KG,2.919,2.919,590.7114868164062,xgboost_feat
Blueberry_Ventura,AH,NL-GE,2026-02-02,2026-02-08,Weekly,,KG,2.712,2.712,653.4531860351562,xgboost_feat
Blueberry_Ventura,AH,NL-GE,2026-02-09,2026-02-15,Weekly,,KG,2.712,2.712,645.3677368164062,xgboost_feat
Blueberry_Ventura,AH,NL-GE,2026-02-16,2026-02-22,Weekly,,KG,2.712,2.712,642.5911865234375,xgboost_feat
Blueberry_Ventura,AH,NL-GE,2026-02-23,2026-03-01,Weekly,,KG,2.712,2.712,650.1167602539062,xgboost_feat
Blueberry_Ventura,AH,NL-GE,2026-03-02,2026-03-08,Weekly,,KG,2.712,2.712,649.2559204101562,xgboost_feat
Blueberry_Ventura,AH,NL-GE,2026-03-09,2026-03-15,Weekly,,KG,2.712,2.712,658.1204833984375,xgboost_feat
Blueberry_Ventura,AH,NL-GE,2026-03-16,2026-03-22,Weekly,,KG,2.712,2.712,655.6282348632812,xgboost_feat
Blueberry_Ventura,AH,NL-GE,2026-03-23,2026-03-29,Weekly,,KG,2.712,2.712,674.71923828125,xgboost_feat
Blueberry_Ventura,AH,NL-GE,2026-03-30,2026-04-05,Weekly,,KG,2.712,2.712,684.3328247070312,xgboost_feat
Blueberry_Ventura,AH,NL-GE,2026-04-06,2026-04-12,Weekly,,KG,2.712,2.712,664.805419921875,xgboost_feat
Blueberry_Ventura,AH,NL-GE,2026-04-13,2026-04-19,Weekly,,KG,2.712,2.712,657.6243286132812,xgboost_feat
Blueberry_Ventura,AH,NL-GE,2026-04-20,2026-04-26,Weekly,,KG,2.712,2.712,679.50537109375,xgboost_feat
Blueberry_Ventura,AH,NL-GE,2026-04-27,2026-05-03,Weekly,,KG,2.712,2.712,648.8140258789062,xgboost_feat
Blueberry_Ventura,AH,NL-NB,2026-02-02,2026-02-08,Weekly,,KG,2.707,2.707,667.025146484375,xgboost_feat
Blueberry_Ventura,AH,NL-NB,2026-02-09,2026-02-15,Weekly,,KG,2.707,2.707,709.9998168945312,xgboost_feat
Blueberry_Ventura,AH,NL-NB,2026-02-16,2026-02-22,Weekly,,KG,2.707,2.707,708.186767578125,xgboost_feat
Blueberry_Ventura,AH,NL-NB,2026-02-23,2026-03-01,Weekly,,KG,2.707,2.707,712.1917724609375,xgboost_feat
Blueberry_Ventura,AH,NL-NB,2026-03-02,2026-03-08,Weekly,,KG,2.707,2.707,708.3065795898438,xgboost_feat
Blueberry_Ventura,AH,NL-NB,2026-03-09,2026-03-15,Weekly,,KG,2.707,2.707,693.00146484375,xgboost_feat
Blueberry_Ventura,AH,NL-NB,2026-03-16,2026-03-22,Weekly,,KG,2.707,2.707,685.9542236328125,xgboost_feat
Blueberry_Ventura,AH,NL-NB,2026-03-23,2026-03-29,Weekly,,KG,2.707,2.707,683.898193359375,xgboost_feat
Blueberry_Ventura,AH,NL-NB,2026-03-30,2026-04-05,Weekly,,KG,2.707,2.707,689.9495239257812,xgboost_feat
Blueberry_Ventura,AH,NL-NB,2026-04-06,2026-04-12,Weekly,,KG,2.707,2.707,666.1069946289062,xgboost_feat
Blueberry_Ventura,AH,NL-NB,2026-04-13,2026-04-19,Weekly,,KG,2.707,2.707,633.0809326171875,xgboost_feat
Blueberry_Ventura,AH,NL-NB,2026-04-20,2026-04-26,Weekly,,KG,2.707,2.707,664.1030883789062,xgboost_feat
Blueberry_Ventura,AH,NL-NB,2026-04-27,2026-05-03,Weekly,,KG,2.707,2.707,632.949462890625,xgboost_feat
Blueberry_Ventura,AH,NL-NH,2026-02-02,2026-02-08,Weekly,,KG,2.696,2.696,704.7844848632812,xgboost_feat
Blueberry_Ventura,AH,NL-NH,2026-02-09,2026-02-15,Weekly,,KG,2.696,2.696,642.9720458984375,xgboost_feat
Blueberry_Ventura,AH,NL-NH,2026-02-16,2026-02-22,Weekly,,KG,2.696,2.696,692.263916015625,xgboost_feat
Blueberry_Ventura,AH,NL-NH,2026-02-23,2026-03-01,Weekly,,KG,2.696,2.696,713.5579223632812,xgboost_feat
Blueberry_Ventura,AH,NL-NH,2026-03-02,2026-03-08,Weekly,,KG,2.696,2.696,689.3432006835938,xgboost_feat
Blueberry_Ventura,AH,NL-NH,2026-03-09,2026-03-15,Weekly,,KG,2.696,2.696,664.8239135742188,xgboost_feat
Blueberry_Ventura,AH,NL-NH,2026-03-16,2026-03-22,Weekly,,KG,2.696,2.696,645.629150390625,xgboost_feat
Blueberry_Ventura,AH,NL-NH,2026-03-23,2026-03-29,Weekly,,KG,2.696,2.696,676.432861328125,xgboost_feat
Blueberry_Ventura,AH,NL-NH,2026-03-30,2026-04-05,Weekly,,KG,2.696,2.696,677.731689453125,xgboost_feat
Blueberry_Ventura,AH,NL-NH,2026-04-06,2026-04-12,Weekly,,KG,2.696,2.696,660.4583129882812,xgboost_feat
Blueberry_Ventura,AH,NL-NH,2026-04-13,2026-04-19,Weekly,,KG,2.696,2.696,624.4459228515625,xgboost_feat
Blueberry_Ventura,AH,NL-NH,2026-04-20,2026-04-26,Weekly,,KG,2.696,2.696,676.91015625,xgboost_feat
Blueberry_Ventura,AH,NL-NH,2026-04-27,2026-05-03,Weekly,,KG,2.696,2.696,639.4225463867188,xgboost_feat
Blueberry_Ventura,AH,NL-ZH,2026-02-02,2026-02-08,Weekly,,KG,2.996,2.996,648.9520874023438,xgboost_feat
Blueberry_Ventura,AH,NL-ZH,2026-02-09,2026-02-15,Weekly,,KG,2.996,2.996,651.092529296875,xgboost_feat
Blueberry_Ventura,AH,NL-ZH,2026-02-16,2026-02-22,Weekly,,KG,2.996,2.996,674.1184692382812,xgboost_feat
Blueberry_Ventura,AH,NL-ZH,2026-02-23,2026-03-01,Weekly,,KG,2.996,2.996,655.634765625,xgboost_feat
Blueberry_Ventura,AH,NL-ZH,2026-03-02,2026-03-08,Weekly,,KG,2.996,2.996,637.1061401367188,xgboost_feat
Blueberry_Ventura,AH,NL-ZH,2026-03-09,2026-03-15,Weekly,,KG,2.996,2.996,635.8150024414062,xgboost_feat
Blueberry_Ventura,AH,NL-ZH,2026-03-16,2026-03-22,Weekly,,KG,2.996,2.996,625.9118041992188,xgboost_feat
Blueberry_Ventura,AH,NL-ZH,2026-03-23,2026-03-29,Weekly,,KG,2.996,2.996,612.01806640625,xgboost_feat
Blueberry_Ventura,AH,NL-ZH,2026-03-30,2026-04-05,Weekly,,KG,2.996,2.996,627.73583984375,xgboost_feat
Blueberry_Ventura,AH,NL-ZH,2026-04-06,2026-04-12,Weekly,,KG,2.996,2.996,608.583740234375,xgboost_feat
Blueberry_Ventura,AH,NL-ZH,2026-04-13,2026-04-19,Weekly,,KG,2.996,2.996,620.65771484375,xgboost_feat
Blueberry_Ventura,AH,NL-ZH,2026-04-20,2026-04-26,Weekly,,KG,2.996,2.996,592.4743041992188,xgboost_feat
Blueberry_Ventura,AH,NL-ZH,2026-04-27,2026-05-03,Weekly,,KG,2.996,2.996,586.3549194335938,xgboost_feat
Blueberry_Ventura,FLINK,NL-GE,2026-02-02,2026-02-08,Weekly,,KG,2.589,2.589,582.2689208984375,xgboost_feat
Blueberry_Ventura,FLINK,NL-GE,2026-02-09,2026-02-15,Weekly,,KG,2.589,2.589,597.115478515625,xgboost_feat
Blueberry_Ventura,FLINK,NL-GE,2026-02-16,2026-02-22,Weekly,,KG,2.589,2.589,598.9114379882812,xgboost_feat
Blueberry_Ventura,FLINK,NL-GE,2026-02-23,2026-03-01,Weekly,,KG,2.589,2.589,603.2429809570312,xgboost_feat
Blueberry_Ventura,FLINK,NL-GE,2026-03-02,2026-03-08,Weekly,,KG,2.589,2.589,621.8056030273438,xgboost_feat
Blueberry_Ventura,FLINK,NL-GE,2026-03-09,2026-03-15,Weekly,,KG,2.589,2.589,644.253173828125,xgboost_feat
Blueberry_Ventura,FLINK,NL-GE,2026-03-16,2026-03-22,Weekly,,KG,2.589,2.589,597.75048828125,xgboost_feat
Blueberry_Ventura,FLINK,NL-GE,2026-03-23,2026-03-29,Weekly,,KG,2.589,2.589,601.3291015625,xgboost_feat
Blueberry_Ventura,FLINK,NL-GE,2026-03-30,2026-04-05,Weekly,,KG,2.589,2.589,617.9091796875,xgboost_feat
Blueberry_Ventura,FLINK,NL-GE,2026-04-06,2026-04-12,Weekly,,KG,2.589,2.589,617.2645874023438,xgboost_feat
Blueberry_Ventura,FLINK,NL-GE,2026-04-13,2026-04-19,Weekly,,KG,2.589,2.589,580.0032348632812,xgboost_feat
Blueberry_Ventura,FLINK,NL-GE,2026-04-20,2026-04-26,Weekly,,KG,2.589,2.589,598.7062377929688,xgboost_feat
Blueberry_Ventura,FLINK,NL-GE,2026-04-27,2026-05-03,Weekly,,KG,2.589,2.589,596.4312744140625,xgboost_feat
Blueberry_Ventura,FLINK,NL-NB,2026-02-02,2026-02-08,Weekly,,KG,2.765,2.765,593.215576171875,xgboost_feat
Blueberry_Ventura,FLINK,NL-NB,2026-02-09,2026-02-15,Weekly,,KG,2.765,2.765,601.9801635742188,xgboost_feat
Blueberry_Ventura,FLINK,NL-NB,2026-02-16,2026-02-22,Weekly,,KG,2.765,2.765,620.23095703125,xgboost_feat
Blueberry_Ventura,FLINK,NL-NB,2026-02-23,2026-03-01,Weekly,,KG,2.765,2.765,614.3328247070312,xgboost_feat
Blueberry_Ventura,FLINK,NL-NB,2026-03-02,2026-03-08,Weekly,,KG,2.765,2.765,626.1813354492188,xgboost_feat
Blueberry_Ventura,FLINK,NL-NB,2026-03-09,2026-03-15,Weekly,,KG,2.765,2.765,623.7756958007812,xgboost_feat
Blueberry_Ventura,FLINK,NL-NB,2026-03-16,2026-03-22,Weekly,,KG,2.765,2.765,605.764404296875,xgboost_feat
Blueberry_Ventura,FLINK,NL-NB,2026-03-23,2026-03-29,Weekly,,KG,2.765,2.765,609.1239013671875,xgboost_feat
Blueberry_Ventura,FLINK,NL-NB,2026-03-30,2026-04-05,Weekly,,KG,2.765,2.765,631.6290893554688,xgboost_feat
Blueberry_Ventura,FLINK,NL-NB,2026-04-06,2026-04-12,Weekly,,KG,2.765,2.765,607.9457397460938,xgboost_feat
Blueberry_Ventura,FLINK,NL-NB,2026-04-13,2026-04-19,Weekly,,KG,2.765,2.765,572.8659057617188,xgboost_feat
Blueberry_Ventura,FLINK,NL-NB,2026-04-20,2026-04-26,Weekly,,KG,2.765,2.765,599.436279296875,xgboost_feat
Blueberry_Ventura,FLINK,NL-NB,2026-04-27,2026-05-03,Weekly,,KG,2.765,2.765,586.5194091796875,xgboost_feat
Blueberry_Ventura,FLINK,NL-NH,2026-02-02,2026-02-08,Weekly,,KG,2.867,2.867,587.1875610351562,xgboost_feat
Blueberry_Ventura,FLINK,NL-NH,2026-02-09,2026-02-15,Weekly,,KG,2.867,2.867,563.5467529296875,xgboost_feat
Blueberry_Ventura,FLINK,NL-NH,2026-02-16,2026-02-22,Weekly,,KG,2.867,2.867,594.5991821289062,xgboost_feat
Blueberry_Ventura,FLINK,NL-NH,2026-02-23,2026-03-01,Weekly,,KG,2.867,2.867,616.4760131835938,xgboost_feat
Blueberry_Ventura,FLINK,NL-NH,2026-03-02,2026-03-08,Weekly,,KG,2.867,2.867,634.347412109375,xgboost_feat
Blueberry_Ventura,FLINK,NL-NH,2026-03-09,2026-03-15,Weekly,,KG,2.867,2.867,623.9910888671875,xgboost_feat
Blueberry_Ventura,FLINK,NL-NH,2026-03-16,2026-03-22,Weekly,,KG,2.867,2.867,606.021240234375,xgboost_feat
Blueberry_Ventura,FLINK,NL-NH,2026-03-23,2026-03-29,Weekly,,KG,2.867,2.867,611.9360961914062,xgboost_feat
Blueberry_Ventura,FLINK,NL-NH,2026-03-30,2026-04-05,Weekly,,KG,2.867,2.867,611.0276489257812,xgboost_feat
Blueberry_Ventura,FLINK,NL-NH,2026-04-06,2026-04-12,Weekly,,KG,2.867,2.867,602.88232421875,xgboost_feat
Blueberry_Ventura,FLINK,NL-NH,2026-04-13,2026-04-19,Weekly,,KG,2.867,2.867,562.0328979492188,xgboost_feat
Blueberry_Ventura,FLINK,NL-NH,2026-04-20,2026-04-26,Weekly,,KG,2.867,2.867,603.4109497070312,xgboost_feat
Blueberry_Ventura,FLINK,NL-NH,2026-04-27,2026-05-03,Weekly,,KG,2.867,2.867,588.3929443359375,xgboost_feat
Blueberry_Ventura,FLINK,NL-ZH,2026-02-02,2026-02-08,Weekly,,KG,2.876,2.876,589.6983642578125,xgboost_feat
Blueberry_Ventura,FLINK,NL-ZH,2026-02-09,2026-02-15,Weekly,,KG,2.876,2.876,591.3284912109375,xgboost_feat
Blueberry_Ventura,FLINK,NL-ZH,2026-02-16,2026-02-22,Weekly,,KG,2.876,2.876,592.9190063476562,xgboost_feat
Blueberry_Ventura,FLINK,NL-ZH,2026-02-23,2026-03-01,Weekly,,KG,2.876,2.876,597.20849609375,xgboost_feat
Blueberry_Ventura,FLINK,NL-ZH,2026-03-02,2026-03-08,Weekly,,KG,2.876,2.876,616.4762573242188,xgboost_feat
Blueberry_Ventura,FLINK,NL-ZH,2026-03-09,2026-03-15,Weekly,,KG,2.876,2.876,619.67919921875,xgboost_feat
Blueberry_Ventura,FLINK,NL-ZH,2026-03-16,2026-03-22,Weekly,,KG,2.876,2.876,606.10205078125,xgboost_feat
Blueberry_Ventura,FLINK,NL-ZH,2026-03-23,2026-03-29,Weekly,,KG,2.876,2.876,613.713134765625,xgboost_feat
Blueberry_Ventura,FLINK,NL-ZH,2026-03-30,2026-04-05,Weekly,,KG,2.876,2.876,624.3910522460938,xgboost_feat
Blueberry_Ventura,FLINK,NL-ZH,2026-04-06,2026-04-12,Weekly,,KG,2.876,2.876,604.8597412109375,xgboost_feat
Blueberry_Ventura,FLINK,NL-ZH,2026-04-13,2026-04-19,Weekly,,KG,2.876,2.876,584.5379638671875,xgboost_feat
Blueberry_Ventura,FLINK,NL-ZH,2026-04-20,2026-04-26,Weekly,,KG,2.876,2.876,596.324462890625,xgboost_feat
Blueberry_Ventura,FLINK,NL-ZH,2026-04-27,2026-05-03,Weekly,,KG,2.876,2.876,593.162841796875,xgboost_feat
Blueberry_Ventura,GREENACRES,NL-GE,2026-02-02,2026-02-08,Weekly,,KG,2.707,2.707,585.1873168945312,xgboost_feat
Blueberry_Ventura,GREENACRES,NL-GE,2026-02-09,2026-02-15,Weekly,,KG,2.707,2.707,588.2574462890625,xgboost_feat
Blueberry_Ventura,GREENACRES,NL-GE,2026-02-16,2026-02-22,Weekly,,KG,2.707,2.707,593.8858642578125,xgboost_feat
Blueberry_Ventura,GREENACRES,NL-GE,2026-02-23,2026-03-01,Weekly,,KG,2.707,2.707,599.5694580078125,xgboost_feat
Blueberry_Ventura,GREENACRES,NL-GE,2026-03-02,2026-03-08,Weekly,,KG,2.707,2.707,618.7217407226562,xgboost_feat
Blueberry_Ventura,GREENACRES,NL-GE,2026-03-09,2026-03-15,Weekly,,KG,2.707,2.707,644.8251953125,xgboost_feat
Blueberry_Ventura,GREENACRES,NL-GE,2026-03-16,2026-03-22,Weekly,,KG,2.707,2.707,598.5076293945312,xgboost_feat
Blueberry_Ventura,GREENACRES,NL-GE,2026-03-23,2026-03-29,Weekly,,KG,2.707,2.707,603.2697143554688,xgboost_feat
Blueberry_Ventura,GREENACRES,NL-GE,2026-03-30,2026-04-05,Weekly,,KG,2.707,2.707,613.5066528320312,xgboost_feat
Blueberry_Ventura,GREENACRES,NL-GE,2026-04-06,2026-04-12,Weekly,,KG,2.707,2.707,612.4266357421875,xgboost_feat
Blueberry_Ventura,GREENACRES,NL-GE,2026-04-13,2026-04-19,Weekly,,KG,2.707,2.707,581.739501953125,xgboost_feat
Blueberry_Ventura,GREENACRES,NL-GE,2026-04-20,2026-04-26,Weekly,,KG,2.707,2.707,600.744873046875,xgboost_feat
Blueberry_Ventura,GREENACRES,NL-GE,2026-04-27,2026-05-03,Weekly,,KG,2.707,2.707,586.7152709960938,xgboost_feat
Blueberry_Ventura,GREENACRES,NL-NB,2026-02-02,2026-02-08,Weekly,,KG,2.772,2.772,593.7709350585938,xgboost_feat
Blueberry_Ventura,GREENACRES,NL-NB,2026-02-09,2026-02-15,Weekly,,KG,2.772,2.772,595.3786010742188,xgboost_feat
Blueberry_Ventura,GREENACRES,NL-NB,2026-02-16,2026-02-22,Weekly,,KG,2.772,2.772,615.9034423828125,xgboost_feat
Blueberry_Ventura,GREENACRES,NL-NB,2026-02-23,2026-03-01,Weekly,,KG,2.772,2.772,615.667724609375,xgboost_feat
Blueberry_Ventura,GREENACRES,NL-NB,2026-03-02,2026-03-08,Weekly,,KG,2.772,2.772,626.9434204101562,xgboost_feat
Blueberry_Ventura,GREENACRES,NL-NB,2026-03-09,2026-03-15,Weekly,,KG,2.772,2.772,622.8460693359375,xgboost_feat
Blueberry_Ventura,GREENACRES,NL-NB,2026-03-16,2026-03-22,Weekly,,KG,2.772,2.772,605.0379028320312,xgboost_feat
Blueberry_Ventura,GREENACRES,NL-NB,2026-03-23,2026-03-29,Weekly,,KG,2.772,2.772,604.9608154296875,xgboost_feat
Blueberry_Ventura,GREENACRES,NL-NB,2026-03-30,2026-04-05,Weekly,,KG,2.772,2.772,631.5020141601562,xgboost_feat
Blueberry_Ventura,GREENACRES,NL-NB,2026-04-06,2026-04-12,Weekly,,KG,2.772,2.772,608.1183471679688,xgboost_feat
Blueberry_Ventura,GREENACRES,NL-NB,2026-04-13,2026-04-19,Weekly,,KG,2.772,2.772,571.67236328125,xgboost_feat
Blueberry_Ventura,GREENACRES,NL-NB,2026-04-20,2026-04-26,Weekly,,KG,2.772,2.772,593.673583984375,xgboost_feat
Blueberry_Ventura,GREENACRES,NL-NB,2026-04-27,2026-05-03,Weekly,,KG,2.772,2.772,579.8075561523438,xgboost_feat
Blueberry_Ventura,GREENACRES,NL-NH,2026-02-02,2026-02-08,Weekly,,KG,2.831,2.831,589.0314331054688,xgboost_feat
Blueberry_Ventura,GREENACRES,NL-NH,2026-02-09,2026-02-15,Weekly,,KG,2.831,2.831,558.6672973632812,xgboost_feat
Blueberry_Ventura,GREENACRES,NL-NH,2026-02-16,2026-02-22,Weekly,,KG,2.831,2.831,591.1730346679688,xgboost_feat
Blueberry_Ventura,GREENACRES,NL-NH,2026-02-23,2026-03-01,Weekly,,KG,2.831,2.831,611.8235473632812,xgboost_feat
Blueberry_Ventura,GREENACRES,NL-NH,2026-03-02,2026-03-08,Weekly,,KG,2.831,2.831,633.7139892578125,xgboost_feat
Blueberry_Ventura,GREENACRES,NL-NH,2026-03-09,2026-03-15,Weekly,,KG,2.831,2.831,624.03271484375,xgboost_feat
Blueberry_Ventura,GREENACRES,NL-NH,2026-03-16,2026-03-22,Weekly,,KG,2.831,2.831,604.8856201171875,xgboost_feat
Blueberry_Ventura,GREENACRES,NL-NH,2026-03-23,2026-03-29,Weekly,,KG,2.831,2.831,607.4944458007812,xgboost_feat
Blueberry_Ventura,GREENACRES,NL-NH,2026-03-30,2026-04-05,Weekly,,KG,2.831,2.831,610.8411254882812,xgboost_feat
Blueberry_Ventura,GREENACRES,NL-NH,2026-04-06,2026-04-12,Weekly,,KG,2.831,2.831,603.0128784179688,xgboost_feat
Blueberry_Ventura,GREENACRES,NL-NH,2026-04-13,2026-04-19,Weekly,,KG,2.831,2.831,559.8526611328125,xgboost_feat
Blueberry_Ventura,GREENACRES,NL-NH,2026-04-20,2026-04-26,Weekly,,KG,2.831,2.831,598.6060791015625,xgboost_feat
Blueberry_Ventura,GREENACRES,NL-NH,2026-04-27,2026-05-03,Weekly,,KG,2.831,2.831,581.5799560546875,xgboost_feat
Blueberry_Ventura,GREENACRES,NL-ZH,2026-02-02,2026-02-08,Weekly,,KG,2.978,2.978,587.75732421875,xgboost_feat
Blueberry_Ventura,GREENACRES,NL-ZH,2026-02-09,2026-02-15,Weekly,,KG,2.978,2.978,587.5919799804688,xgboost_feat
Blueberry_Ventura,GREENACRES,NL-ZH,2026-02-16,2026-02-22,Weekly,,KG,2.978,2.978,584.6055908203125,xgboost_feat
Blueberry_Ventura,GREENACRES,NL-ZH,2026-02-23,2026-03-01,Weekly,,KG,2.978,2.978,602.293212890625,xgboost_feat
Blueberry_Ventura,GREENACRES,NL-ZH,2026-03-02,2026-03-08,Weekly,,KG,2.978,2.978,622.3783569335938,xgboost_feat
Blueberry_Ventura,GREENACRES,NL-ZH,2026-03-09,2026-03-15,Weekly,,KG,2.978,2.978,620.9053955078125,xgboost_feat
Blueberry_Ventura,GREENACRES,NL-ZH,2026-03-16,2026-03-22,Weekly,,KG,2.978,2.978,605.9664916992188,xgboost_feat
Blueberry_Ventura,GREENACRES,NL-ZH,2026-03-23,2026-03-29,Weekly,,KG,2.978,2.978,613.5125122070312,xgboost_feat
Blueberry_Ventura,GREENACRES,NL-ZH,2026-03-30,2026-04-05,Weekly,,KG,2.978,2.978,623.155517578125,xgboost_feat
Blueberry_Ventura,GREENACRES,NL-ZH,2026-04-06,2026-04-12,Weekly,,KG,2.978,2.978,604.9003295898438,xgboost_feat
Blueberry_Ventura,GREENACRES,NL-ZH,2026-04-13,2026-04-19,Weekly,,KG,2.978,2.978,580.8892822265625,xgboost_feat
Blueberry_Ventura,GREENACRES,NL-ZH,2026-04-20,2026-04-26,Weekly,,KG,2.978,2.978,589.9736328125,xgboost_feat
Blueberry_Ventura,GREENACRES,NL-ZH,2026-04-27,2026-05-03,Weekly,,KG,2.978,2.978,590.0325317382812,xgboost_feat
Blueberry_Ventura,HELLOFRESH,NL-GE,2026-02-02,2026-02-08,Weekly,,KG,2.712,2.712,584.8935546875,xgboost_feat
Blueberry_Ventura,HELLOFRESH,NL-GE,2026-02-09,2026-02-15,Weekly,,KG,2.712,2.712,592.0390625,xgboost_feat
Blueberry_Ventura,HELLOFRESH,NL-GE,2026-02-16,2026-02-22,Weekly,,KG,2.712,2.712,594.6055297851562,xgboost_feat
Blueberry_Ventura,HELLOFRESH,NL-GE,2026-02-23,2026-03-01,Weekly,,KG,2.712,2.712,599.2811889648438,xgboost_feat
Blueberry_Ventura,HELLOFRESH,NL-GE,2026-03-02,2026-03-08,Weekly,,KG,2.712,2.712,617.7484741210938,xgboost_feat
Blueberry_Ventura,HELLOFRESH,NL-GE,2026-03-09,2026-03-15,Weekly,,KG,2.712,2.712,643.5722045898438,xgboost_feat
Blueberry_Ventura,HELLOFRESH,NL-GE,2026-03-16,2026-03-22,Weekly,,KG,2.712,2.712,598.4489135742188,xgboost_feat
Blueberry_Ventura,HELLOFRESH,NL-GE,2026-03-23,2026-03-29,Weekly,,KG,2.712,2.712,603.0111694335938,xgboost_feat
Blueberry_Ventura,HELLOFRESH,NL-GE,2026-03-30,2026-04-05,Weekly,,KG,2.712,2.712,613.27392578125,xgboost_feat
Blueberry_Ventura,HELLOFRESH,NL-GE,2026-04-06,2026-04-12,Weekly,,KG,2.712,2.712,612.074462890625,xgboost_feat
Blueberry_Ventura,HELLOFRESH,NL-GE,2026-04-13,2026-04-19,Weekly,,KG,2.712,2.712,580.6484985351562,xgboost_feat
Blueberry_Ventura,HELLOFRESH,NL-GE,2026-04-20,2026-04-26,Weekly,,KG,2.712,2.712,600.6065673828125,xgboost_feat
Blueberry_Ventura,HELLOFRESH,NL-GE,2026-04-27,2026-05-03,Weekly,,KG,2.712,2.712,586.6005249023438,xgboost_feat
Blueberry_Ventura,HELLOFRESH,NL-NB,2026-02-02,2026-02-08,Weekly,,KG,2.649,2.649,595.8684692382812,xgboost_feat
Blueberry_Ventura,HELLOFRESH,NL-NB,2026-02-09,2026-02-15,Weekly,,KG,2.649,2.649,604.6438598632812,xgboost_feat
Blueberry_Ventura,HELLOFRESH,NL-NB,2026-02-16,2026-02-22,Weekly,,KG,2.649,2.649,623.0439453125,xgboost_feat
Blueberry_Ventura,HELLOFRESH,NL-NB,2026-02-23,2026-03-01,Weekly,,KG,2.649,2.649,617.1575317382812,xgboost_feat
Blueberry_Ventura,HELLOFRESH,NL-NB,2026-03-02,2026-03-08,Weekly,,KG,2.649,2.649,626.5811157226562,xgboost_feat
Blueberry_Ventura,HELLOFRESH,NL-NB,2026-03-09,2026-03-15,Weekly,,KG,2.649,2.649,623.7457885742188,xgboost_feat
Blueberry_Ventura,HELLOFRESH,NL-NB,2026-03-16,2026-03-22,Weekly,,KG,2.649,2.649,605.9005126953125,xgboost_feat
Blueberry_Ventura,HELLOFRESH,NL-NB,2026-03-23,2026-03-29,Weekly,,KG,2.649,2.649,609.27978515625,xgboost_feat
Blueberry_Ventura,HELLOFRESH,NL-NB,2026-03-30,2026-04-05,Weekly,,KG,2.649,2.649,637.4685668945312,xgboost_feat
Blueberry_Ventura,HELLOFRESH,NL-NB,2026-04-06,2026-04-12,Weekly,,KG,2.649,2.649,612.3932495117188,xgboost_feat
Blueberry_Ventura,HELLOFRESH,NL-NB,2026-04-13,2026-04-19,Weekly,,KG,2.649,2.649,573.835693359375,xgboost_feat
Blueberry_Ventura,HELLOFRESH,NL-NB,2026-04-20,2026-04-26,Weekly,,KG,2.649,2.649,599.5301513671875,xgboost_feat
Blueberry_Ventura,HELLOFRESH,NL-NB,2026-04-27,2026-05-03,Weekly,,KG,2.649,2.649,585.824462890625,xgboost_feat
Blueberry_Ventura,HELLOFRESH,NL-NH,2026-02-02,2026-02-08,Weekly,,KG,2.889,2.889,588.8695068359375,xgboost_feat
Blueberry_Ventura,HELLOFRESH,NL-NH,2026-02-09,2026-02-15,Weekly,,KG,2.889,2.889,563.283935546875,xgboost_feat
Blueberry_Ventura,HELLOFRESH,NL-NH,2026-02-16,2026-02-22,Weekly,,KG,2.889,2.889,593.7389526367188,xgboost_feat
Blueberry_Ventura,HELLOFRESH,NL-NH,2026-02-23,2026-03-01,Weekly,,KG,2.889,2.889,615.3917846679688,xgboost_feat
Blueberry_Ventura,HELLOFRESH,NL-NH,2026-03-02,2026-03-08,Weekly,,KG,2.889,2.889,634.347412109375,xgboost_feat
Blueberry_Ventura,HELLOFRESH,NL-NH,2026-03-09,2026-03-15,Weekly,,KG,2.889,2.889,623.9910888671875,xgboost_feat
Blueberry_Ventura,HELLOFRESH,NL-NH,2026-03-16,2026-03-22,Weekly,,KG,2.889,2.889,606.021240234375,xgboost_feat
Blueberry_Ventura,HELLOFRESH,NL-NH,2026-03-23,2026-03-29,Weekly,,KG,2.889,2.889,611.9360961914062,xgboost_feat
Blueberry_Ventura,HELLOFRESH,NL-NH,2026-03-30,2026-04-05,Weekly,,KG,2.889,2.889,611.0276489257812,xgboost_feat
Blueberry_Ventura,HELLOFRESH,NL-NH,2026-04-06,2026-04-12,Weekly,,KG,2.889,2.889,602.88232421875,xgboost_feat
Blueberry_Ventura,HELLOFRESH,NL-NH,2026-04-13,2026-04-19,Weekly,,KG,2.889,2.889,561.6740112304688,xgboost_feat
Blueberry_Ventura,HELLOFRESH,NL-NH,2026-04-20,2026-04-26,Weekly,,KG,2.889,2.889,603.3143920898438,xgboost_feat
Blueberry_Ventura,HELLOFRESH,NL-NH,2026-04-27,2026-05-03,Weekly,,KG,2.889,2.889,588.3938598632812,xgboost_feat
Blueberry_Ventura,HELLOFRESH,NL-ZH,2026-02-02,2026-02-08,Weekly,,KG,2.866,2.866,584.4583740234375,xgboost_feat
Blueberry_Ventura,HELLOFRESH,NL-ZH,2026-02-09,2026-02-15,Weekly,,KG,2.866,2.866,591.582275390625,xgboost_feat
Blueberry_Ventura,HELLOFRESH,NL-ZH,2026-02-16,2026-02-22,Weekly,,KG,2.866,2.866,592.8153686523438,xgboost_feat
Blueberry_Ventura,HELLOFRESH,NL-ZH,2026-02-23,2026-03-01,Weekly,,KG,2.866,2.866,597.7203369140625,xgboost_feat
Blueberry_Ventura,HELLOFRESH,NL-ZH,2026-03-02,2026-03-08,Weekly,,KG,2.866,2.866,617.7596435546875,xgboost_feat
Blueberry_Ventura,HELLOFRESH,NL-ZH,2026-03-09,2026-03-15,Weekly,,KG,2.866,2.866,620.15869140625,xgboost_feat
Blueberry_Ventura,HELLOFRESH,NL-ZH,2026-03-16,2026-03-22,Weekly,,KG,2.866,2.866,606.10205078125,xgboost_feat
Blueberry_Ventura,HELLOFRESH,NL-ZH,2026-03-23,2026-03-29,Weekly,,KG,2.866,2.866,613.713134765625,xgboost_feat
Blueberry_Ventura,HELLOFRESH,NL-ZH,2026-03-30,2026-04-05,Weekly,,KG,2.866,2.866,624.3910522460938,xgboost_feat
Blueberry_Ventura,HELLOFRESH,NL-ZH,2026-04-06,2026-04-12,Weekly,,KG,2.866,2.866,604.8597412109375,xgboost_feat
Blueberry_Ventura,HELLOFRESH,NL-ZH,2026-04-13,2026-04-19,Weekly,,KG,2.866,2.866,584.580322265625,xgboost_feat
Blueberry_Ventura,HELLOFRESH,NL-ZH,2026-04-20,2026-04-26,Weekly,,KG,2.866,2.866,597.3878173828125,xgboost_feat
Blueberry_Ventura,HELLOFRESH,NL-ZH,2026-04-27,2026-05-03,Weekly,,KG,2.866,2.866,591.4485473632812,xgboost_feat
Blueberry_Ventura,HOLLANDFOODSERVICE,NL-GE,2026-02-02,2026-02-08,Weekly,,KG,2.619,2.619,580.2023315429688,xgboost_feat
Blueberry_Ventura,HOLLANDFOODSERVICE,NL-GE,2026-02-09,2026-02-15,Weekly,,KG,2.619,2.619,589.528564453125,xgboost_feat
Blueberry_Ventura,HOLLANDFOODSERVICE,NL-GE,2026-02-16,2026-02-22,Weekly,,KG,2.619,2.619,598.3431396484375,xgboost_feat
Blueberry_Ventura,HOLLANDFOODSERVICE,NL-GE,2026-02-23,2026-03-01,Weekly,,KG,2.619,2.619,601.1612548828125,xgboost_feat
Blueberry_Ventura,HOLLANDFOODSERVICE,NL-GE,2026-03-02,2026-03-08,Weekly,,KG,2.619,2.619,622.2008666992188,xgboost_feat
Blueberry_Ventura,HOLLANDFOODSERVICE,NL-GE,2026-03-09,2026-03-15,Weekly,,KG,2.619,2.619,648.2974243164062,xgboost_feat
Blueberry_Ventura,HOLLANDFOODSERVICE,NL-GE,2026-03-16,2026-03-22,Weekly,,KG,2.619,2.619,596.9402465820312,xgboost_feat
Blueberry_Ventura,HOLLANDFOODSERVICE,NL-GE,2026-03-23,2026-03-29,Weekly,,KG,2.619,2.619,601.5965576171875,xgboost_feat
Blueberry_Ventura,HOLLANDFOODSERVICE,NL-GE,2026-03-30,2026-04-05,Weekly,,KG,2.619,2.619,614.703369140625,xgboost_feat
Blueberry_Ventura,HOLLANDFOODSERVICE,NL-GE,2026-04-06,2026-04-12,Weekly,,KG,2.619,2.619,615.345947265625,xgboost_feat
Blueberry_Ventura,HOLLANDFOODSERVICE,NL-GE,2026-04-13,2026-04-19,Weekly,,KG,2.619,2.619,580.6356201171875,xgboost_feat
Blueberry_Ventura,HOLLANDFOODSERVICE,NL-GE,2026-04-20,2026-04-26,Weekly,,KG,2.619,2.619,596.0145263671875,xgboost_feat
Blueberry_Ventura,HOLLANDFOODSERVICE,NL-GE,2026-04-27,2026-05-03,Weekly,,KG,2.619,2.619,593.5661010742188,xgboost_feat
Blueberry_Ventura,HOLLANDFOODSERVICE,NL-NB,2026-02-02,2026-02-08,Weekly,,KG,2.732,2.732,599.7913818359375,xgboost_feat
Blueberry_Ventura,HOLLANDFOODSERVICE,NL-NB,2026-02-09,2026-02-15,Weekly,,KG,2.732,2.732,595.432373046875,xgboost_feat
Blueberry_Ventura,HOLLANDFOODSERVICE,NL-NB,2026-02-16,2026-02-22,Weekly,,KG,2.732,2.732,614.4595336914062,xgboost_feat
Blueberry_Ventura,HOLLANDFOODSERVICE,NL-NB,2026-02-23,2026-03-01,Weekly,,KG,2.732,2.732,611.1294555664062,xgboost_feat
Blueberry_Ventura,HOLLANDFOODSERVICE,NL-NB,2026-03-02,2026-03-08,Weekly,,KG,2.732,2.732,626.900146484375,xgboost_feat
Blueberry_Ventura,HOLLANDFOODSERVICE,NL-NB,2026-03-09,2026-03-15,Weekly,,KG,2.732,2.732,622.9957275390625,xgboost_feat
Blueberry_Ventura,HOLLANDFOODSERVICE,NL-NB,2026-03-16,2026-03-22,Weekly,,KG,2.732,2.732,604.8443603515625,xgboost_feat
Blueberry_Ventura,HOLLANDFOODSERVICE,NL-NB,2026-03-23,2026-03-29,Weekly,,KG,2.732,2.732,606.1080932617188,xgboost_feat
Blueberry_Ventura,HOLLANDFOODSERVICE,NL-NB,2026-03-30,2026-04-05,Weekly,,KG,2.732,2.732,631.7051391601562,xgboost_feat
Blueberry_Ventura,HOLLANDFOODSERVICE,NL-NB,2026-04-06,2026-04-12,Weekly,,KG,2.732,2.732,607.9050903320312,xgboost_feat
Blueberry_Ventura,HOLLANDFOODSERVICE,NL-NB,2026-04-13,2026-04-19,Weekly,,KG,2.732,2.732,574.0432739257812,xgboost_feat
Blueberry_Ventura,HOLLANDFOODSERVICE,NL-NB,2026-04-20,2026-04-26,Weekly,,KG,2.732,2.732,596.1737670898438,xgboost_feat
Blueberry_Ventura,HOLLANDFOODSERVICE,NL-NB,2026-04-27,2026-05-03,Weekly,,KG,2.732,2.732,579.8119506835938,xgboost_feat
Blueberry_Ventura,HOLLANDFOODSERVICE,NL-NH,2026-02-02,2026-02-08,Weekly,,KG,2.826,2.826,585.6592407226562,xgboost_feat
Blueberry_Ventura,HOLLANDFOODSERVICE,NL-NH,2026-02-09,2026-02-15,Weekly,,KG,2.826,2.826,563.0010375976562,xgboost_feat
Blueberry_Ventura,HOLLANDFOODSERVICE,NL-NH,2026-02-16,2026-02-22,Weekly,,KG,2.826,2.826,593.220458984375,xgboost_feat
Blueberry_Ventura,HOLLANDFOODSERVICE,NL-NH,2026-02-23,2026-03-01,Weekly,,KG,2.826,2.826,614.8081665039062,xgboost_feat
Blueberry_Ventura,HOLLANDFOODSERVICE,NL-NH,2026-03-02,2026-03-08,Weekly,,KG,2.826,2.826,633.4695434570312,xgboost_feat
Blueberry_Ventura,HOLLANDFOODSERVICE,NL-NH,2026-03-09,2026-03-15,Weekly,,KG,2.826,2.826,624.4525146484375,xgboost_feat
Blueberry_Ventura,HOLLANDFOODSERVICE,NL-NH,2026-03-16,2026-03-22,Weekly,,KG,2.826,2.826,604.745361328125,xgboost_feat
Blueberry_Ventura,HOLLANDFOODSERVICE,NL-NH,2026-03-23,2026-03-29,Weekly,,KG,2.826,2.826,607.2001342773438,xgboost_feat
Blueberry_Ventura,HOLLANDFOODSERVICE,NL-NH,2026-03-30,2026-04-05,Weekly,,KG,2.826,2.826,610.7723999023438,xgboost_feat
Blueberry_Ventura,HOLLANDFOODSERVICE,NL-NH,2026-04-06,2026-04-12,Weekly,,KG,2.826,2.826,602.6355590820312,xgboost_feat
Blueberry_Ventura,HOLLANDFOODSERVICE,NL-NH,2026-04-13,2026-04-19,Weekly,,KG,2.826,2.826,562.8754272460938,xgboost_feat
Blueberry_Ventura,HOLLANDFOODSERVICE,NL-NH,2026-04-20,2026-04-26,Weekly,,KG,2.826,2.826,597.692138671875,xgboost_feat
Blueberry_Ventura,HOLLANDFOODSERVICE,NL-NH,2026-04-27,2026-05-03,Weekly,,KG,2.826,2.826,580.8287353515625,xgboost_feat
Blueberry_Ventura,HOLLANDFOODSERVICE,NL-ZH,2026-02-02,2026-02-08,Weekly,,KG,3.068,3.068,587.817138671875,xgboost_feat
Blueberry_Ventura,HOLLANDFOODSERVICE,NL-ZH,2026-02-09,2026-02-15,Weekly,,KG,3.068,3.068,587.7594604492188,xgboost_feat
Blueberry_Ventura,HOLLANDFOODSERVICE,NL-ZH,2026-02-16,2026-02-22,Weekly,,KG,3.068,3.068,590.27099609375,xgboost_feat
Blueberry_Ventura,HOLLANDFOODSERVICE,NL-ZH,2026-02-23,2026-03-01,Weekly,,KG,3.068,3.068,596.6278686523438,xgboost_feat
Blueberry_Ventura,HOLLANDFOODSERVICE,NL-ZH,2026-03-02,2026-03-08,Weekly,,KG,3.068,3.068,617.6406860351562,xgboost_feat
Blueberry_Ventura,HOLLANDFOODSERVICE,NL-ZH,2026-03-09,2026-03-15,Weekly,,KG,3.068,3.068,621.0422973632812,xgboost_feat
Blueberry_Ventura,HOLLANDFOODSERVICE,NL-ZH,2026-03-16,2026-03-22,Weekly,,KG,3.068,3.068,610.9268188476562,xgboost_feat
Blueberry_Ventura,HOLLANDFOODSERVICE,NL-ZH,2026-03-23,2026-03-29,Weekly,,KG,3.068,3.068,614.0191650390625,xgboost_feat
Blueberry_Ventura,HOLLANDFOODSERVICE,NL-ZH,2026-03-30,2026-04-05,Weekly,,KG,3.068,3.068,624.539794921875,xgboost_feat
Blueberry_Ventura,HOLLANDFOODSERVICE,NL-ZH,2026-04-06,2026-04-12,Weekly,,KG,3.068,3.068,604.0044555664062,xgboost_feat
Blueberry_Ventura,HOLLANDFOODSERVICE,NL-ZH,2026-04-13,2026-04-19,Weekly,,KG,3.068,3.068,581.8193359375,xgboost_feat
Blueberry_Ventura,HOLLANDFOODSERVICE,NL-ZH,2026-04-20,2026-04-26,Weekly,,KG,3.068,3.068,590.1124877929688,xgboost_feat
Blueberry_Ventura,HOLLANDFOODSERVICE,NL-ZH,2026-04-27,2026-05-03,Weekly,,KG,3.068,3.068,588.7150268554688,xgboost_feat
Blueberry_Ventura,JUMBO,NL-GE,2026-02-02,2026-02-08,Weekly,,KG,2.703,2.703,715.961669921875,xgboost_feat
Blueberry_Ventura,JUMBO,NL-GE,2026-02-09,2026-02-15,Weekly,,KG,2.703,2.703,725.916015625,xgboost_feat
Blueberry_Ventura,JUMBO,NL-GE,2026-02-16,2026-02-22,Weekly,,KG,2.703,2.703,728.8587646484375,xgboost_feat
Blueberry_Ventura,JUMBO,NL-GE,2026-02-23,2026-03-01,Weekly,,KG,2.703,2.703,733.5518188476562,xgboost_feat
Blueberry_Ventura,JUMBO,NL-GE,2026-03-02,2026-03-08,Weekly,,KG,2.703,2.703,698.7959594726562,xgboost_feat
Blueberry_Ventura,JUMBO,NL-GE,2026-03-09,2026-03-15,Weekly,,KG,2.703,2.703,714.8971557617188,xgboost_feat
Blueberry_Ventura,JUMBO,NL-GE,2026-03-16,2026-03-22,Weekly,,KG,2.703,2.703,687.1207275390625,xgboost_feat
Blueberry_Ventura,JUMBO,NL-GE,2026-03-23,2026-03-29,Weekly,,KG,2.703,2.703,691.160888671875,xgboost_feat
Blueberry_Ventura,JUMBO,NL-GE,2026-03-30,2026-04-05,Weekly,,KG,2.703,2.703,688.7992553710938,xgboost_feat
Blueberry_Ventura,JUMBO,NL-GE,2026-04-06,2026-04-12,Weekly,,KG,2.703,2.703,668.932373046875,xgboost_feat
Blueberry_Ventura,JUMBO,NL-GE,2026-04-13,2026-04-19,Weekly,,KG,2.703,2.703,659.810302734375,xgboost_feat
Blueberry_Ventura,JUMBO,NL-GE,2026-04-20,2026-04-26,Weekly,,KG,2.703,2.703,660.2506103515625,xgboost_feat
Blueberry_Ventura,JUMBO,NL-GE,2026-04-27,2026-05-03,Weekly,,KG,2.703,2.703,646.688720703125,xgboost_feat
Blueberry_Ventura,JUMBO,NL-NB,2026-02-02,2026-02-08,Weekly,,KG,2.731,2.731,731.321044921875,xgboost_feat
Blueberry_Ventura,JUMBO,NL-NB,2026-02-09,2026-02-15,Weekly,,KG,2.731,2.731,731.8983154296875,xgboost_feat
Blueberry_Ventura,JUMBO,NL-NB,2026-02-16,2026-02-22,Weekly,,KG,2.731,2.731,737.72802734375,xgboost_feat
Blueberry_Ventura,JUMBO,NL-NB,2026-02-23,2026-03-01,Weekly,,KG,2.731,2.731,720.9815063476562,xgboost_feat
Blueberry_Ventura,JUMBO,NL-NB,2026-03-02,2026-03-08,Weekly,,KG,2.731,2.731,704.2227783203125,xgboost_feat
Blueberry_Ventura,JUMBO,NL-NB,2026-03-09,2026-03-15,Weekly,,KG,2.731,2.731,698.6771240234375,xgboost_feat
Blueberry_Ventura,JUMBO,NL-NB,2026-03-16,2026-03-22,Weekly,,KG,2.731,2.731,683.2133178710938,xgboost_feat
Blueberry_Ventura,JUMBO,NL-NB,2026-03-23,2026-03-29,Weekly,,KG,2.731,2.731,690.79931640625,xgboost_feat
Blueberry_Ventura,JUMBO,NL-NB,2026-03-30,2026-04-05,Weekly,,KG,2.731,2.731,696.3651123046875,xgboost_feat
Blueberry_Ventura,JUMBO,NL-NB,2026-04-06,2026-04-12,Weekly,,KG,2.731,2.731,664.6226196289062,xgboost_feat
Blueberry_Ventura,JUMBO,NL-NB,2026-04-13,2026-04-19,Weekly,,KG,2.731,2.731,633.66748046875,xgboost_feat
Blueberry_Ventura,JUMBO,NL-NB,2026-04-20,2026-04-26,Weekly,,KG,2.731,2.731,655.5376586914062,xgboost_feat
Blueberry_Ventura,JUMBO,NL-NB,2026-04-27,2026-05-03,Weekly,,KG,2.731,2.731,635.482177734375,xgboost_feat
Blueberry_Ventura,JUMBO,NL-NH,2026-02-02,2026-02-08,Weekly,,KG,2.857,2.857,630.8023071289062,xgboost_feat
Blueberry_Ventura,JUMBO,NL-NH,2026-02-09,2026-02-15,Weekly,,KG,2.857,2.857,638.5448608398438,xgboost_feat
Blueberry_Ventura,JUMBO,NL-NH,2026-02-16,2026-02-22,Weekly,,KG,2.857,2.857,682.90478515625,xgboost_feat
Blueberry_Ventura,JUMBO,NL-NH,2026-02-23,2026-03-01,Weekly,,KG,2.857,2.857,696.6922607421875,xgboost_feat
Blueberry_Ventura,JUMBO,NL-NH,2026-03-02,2026-03-08,Weekly,,KG,2.857,2.857,704.3960571289062,xgboost_feat
Blueberry_Ventura,JUMBO,NL-NH,2026-03-09,2026-03-15,Weekly,,KG,2.857,2.857,696.2330322265625,xgboost_feat
Blueberry_Ventura,JUMBO,NL-NH,2026-03-16,2026-03-22,Weekly,,KG,2.857,2.857,675.2904663085938,xgboost_feat
Blueberry_Ventura,JUMBO,NL-NH,2026-03-23,2026-03-29,Weekly,,KG,2.857,2.857,682.4169921875,xgboost_feat
Blueberry_Ventura,JUMBO,NL-NH,2026-03-30,2026-04-05,Weekly,,KG,2.857,2.857,686.6084594726562,xgboost_feat
Blueberry_Ventura,JUMBO,NL-NH,2026-04-06,2026-04-12,Weekly,,KG,2.857,2.857,667.8201293945312,xgboost_feat
Blueberry_Ventura,JUMBO,NL-NH,2026-04-13,2026-04-19,Weekly,,KG,2.857,2.857,630.1444091796875,xgboost_feat
Blueberry_Ventura,JUMBO,NL-NH,2026-04-20,2026-04-26,Weekly,,KG,2.857,2.857,661.7454223632812,xgboost_feat
Blueberry_Ventura,JUMBO,NL-NH,2026-04-27,2026-05-03,Weekly,,KG,2.857,2.857,634.5148315429688,xgboost_feat
Blueberry_Ventura,JUMBO,NL-ZH,2026-02-02,2026-02-08,Weekly,,KG,2.885,2.885,712.362548828125,xgboost_feat
Blueberry_Ventura,JUMBO,NL-ZH,2026-02-09,2026-02-15,Weekly,,KG,2.885,2.885,696.1126098632812,xgboost_feat
Blueberry_Ventura,JUMBO,NL-ZH,2026-02-16,2026-02-22,Weekly,,KG,2.885,2.885,710.30712890625,xgboost_feat
Blueberry_Ventura,JUMBO,NL-ZH,2026-02-23,2026-03-01,Weekly,,KG,2.885,2.885,673.9447021484375,xgboost_feat
Blueberry_Ventura,JUMBO,NL-ZH,2026-03-02,2026-03-08,Weekly,,KG,2.885,2.885,674.8693237304688,xgboost_feat
Blueberry_Ventura,JUMBO,NL-ZH,2026-03-09,2026-03-15,Weekly,,KG,2.885,2.885,665.6507568359375,xgboost_feat
Blueberry_Ventura,JUMBO,NL-ZH,2026-03-16,2026-03-22,Weekly,,KG,2.885,2.885,677.94775390625,xgboost_feat
Blueberry_Ventura,JUMBO,NL-ZH,2026-03-23,2026-03-29,Weekly,,KG,2.885,2.885,677.8187866210938,xgboost_feat
Blueberry_Ventura,JUMBO,NL-ZH,2026-03-30,2026-04-05,Weekly,,KG,2.885,2.885,684.4300537109375,xgboost_feat
Blueberry_Ventura,JUMBO,NL-ZH,2026-04-06,2026-04-12,Weekly,,KG,2.885,2.885,660.1097412109375,xgboost_feat
Blueberry_Ventura,JUMBO,NL-ZH,2026-04-13,2026-04-19,Weekly,,KG,2.885,2.885,643.6705322265625,xgboost_feat
Blueberry_Ventura,JUMBO,NL-ZH,2026-04-20,2026-04-26,Weekly,,KG,2.885,2.885,639.4840087890625,xgboost_feat
Blueberry_Ventura,JUMBO,NL-ZH,2026-04-27,2026-05-03,Weekly,,KG,2.885,2.885,641.7147216796875,xgboost_feat
Blueberry_Ventura,MELEDI,NL-GE,2026-02-02,2026-02-08,Weekly,,KG,2.683,2.683,593.9972534179688,xgboost_feat
Blueberry_Ventura,MELEDI,NL-GE,2026-02-09,2026-02-15,Weekly,,KG,2.683,2.683,588.1613159179688,xgboost_feat
Blueberry_Ventura,MELEDI,NL-GE,2026-02-16,2026-02-22,Weekly,,KG,2.683,2.683,593.4342041015625,xgboost_feat
Blueberry_Ventura,MELEDI,NL-GE,2026-02-23,2026-03-01,Weekly,,KG,2.683,2.683,597.850830078125,xgboost_feat
Blueberry_Ventura,MELEDI,NL-GE,2026-03-02,2026-03-08,Weekly,,KG,2.683,2.683,616.1417236328125,xgboost_feat
Blueberry_Ventura,MELEDI,NL-GE,2026-03-09,2026-03-15,Weekly,,KG,2.683,2.683,644.3888549804688,xgboost_feat
Blueberry_Ventura,MELEDI,NL-GE,2026-03-16,2026-03-22,Weekly,,KG,2.683,2.683,599.4390258789062,xgboost_feat
Blueberry_Ventura,MELEDI,NL-GE,2026-03-23,2026-03-29,Weekly,,KG,2.683,2.683,603.5338745117188,xgboost_feat
Blueberry_Ventura,MELEDI,NL-GE,2026-03-30,2026-04-05,Weekly,,KG,2.683,2.683,613.5980224609375,xgboost_feat
Blueberry_Ventura,MELEDI,NL-GE,2026-04-06,2026-04-12,Weekly,,KG,2.683,2.683,611.808837890625,xgboost_feat
Blueberry_Ventura,MELEDI,NL-GE,2026-04-13,2026-04-19,Weekly,,KG,2.683,2.683,581.9713745117188,xgboost_feat
Blueberry_Ventura,MELEDI,NL-GE,2026-04-20,2026-04-26,Weekly,,KG,2.683,2.683,596.4866333007812,xgboost_feat
Blueberry_Ventura,MELEDI,NL-GE,2026-04-27,2026-05-03,Weekly,,KG,2.683,2.683,586.3057861328125,xgboost_feat
Blueberry_Ventura,MELEDI,NL-NB,2026-02-02,2026-02-08,Weekly,,KG,2.775,2.775,590.3042602539062,xgboost_feat
Blueberry_Ventura,MELEDI,NL-NB,2026-02-09,2026-02-15,Weekly,,KG,2.775,2.775,598.0850219726562,xgboost_feat
Blueberry_Ventura,MELEDI,NL-NB,2026-02-16,2026-02-22,Weekly,,KG,2.775,2.775,614.0841064453125,xgboost_feat
Blueberry_Ventura,MELEDI,NL-NB,2026-02-23,2026-03-01,Weekly,,KG,2.775,2.775,615.0513916015625,xgboost_feat
Blueberry_Ventura,MELEDI,NL-NB,2026-03-02,2026-03-08,Weekly,,KG,2.775,2.775,626.3126831054688,xgboost_feat
Blueberry_Ventura,MELEDI,NL-NB,2026-03-09,2026-03-15,Weekly,,KG,2.775,2.775,622.6401977539062,xgboost_feat
Blueberry_Ventura,MELEDI,NL-NB,2026-03-16,2026-03-22,Weekly,,KG,2.775,2.775,604.8956909179688,xgboost_feat
Blueberry_Ventura,MELEDI,NL-NB,2026-03-23,2026-03-29,Weekly,,KG,2.775,2.775,604.85302734375,xgboost_feat
Blueberry_Ventura,MELEDI,NL-NB,2026-03-30,2026-04-05,Weekly,,KG,2.775,2.775,631.4196166992188,xgboost_feat
Blueberry_Ventura,MELEDI,NL-NB,2026-04-06,2026-04-12,Weekly,,KG,2.775,2.775,607.7763061523438,xgboost_feat
Blueberry_Ventura,MELEDI,NL-NB,2026-04-13,2026-04-19,Weekly,,KG,2.775,2.775,574.4591674804688,xgboost_feat
Blueberry_Ventura,MELEDI,NL-NB,2026-04-20,2026-04-26,Weekly,,KG,2.775,2.775,600.2730712890625,xgboost_feat
Blueberry_Ventura,MELEDI,NL-NB,2026-04-27,2026-05-03,Weekly,,KG,2.775,2.775,580.579833984375,xgboost_feat
Blueberry_Ventura,MELEDI,NL-NH,2026-02-02,2026-02-08,Weekly,,KG,2.806,2.806,586.3409423828125,xgboost_feat
Blueberry_Ventura,MELEDI,NL-NH,2026-02-09,2026-02-15,Weekly,,KG,2.806,2.806,560.0563354492188,xgboost_feat
Blueberry_Ventura,MELEDI,NL-NH,2026-02-16,2026-02-22,Weekly,,KG,2.806,2.806,589.4940795898438,xgboost_feat
Blueberry_Ventura,MELEDI,NL-NH,2026-02-23,2026-03-01,Weekly,,KG,2.806,2.806,611.041748046875,xgboost_feat
Blueberry_Ventura,MELEDI,NL-NH,2026-03-02,2026-03-08,Weekly,,KG,2.806,2.806,633.381591796875,xgboost_feat
Blueberry_Ventura,MELEDI,NL-NH,2026-03-09,2026-03-15,Weekly,,KG,2.806,2.806,623.8453979492188,xgboost_feat
Blueberry_Ventura,MELEDI,NL-NH,2026-03-16,2026-03-22,Weekly,,KG,2.806,2.806,606.4351806640625,xgboost_feat
Blueberry_Ventura,MELEDI,NL-NH,2026-03-23,2026-03-29,Weekly,,KG,2.806,2.806,612.3378295898438,xgboost_feat
Blueberry_Ventura,MELEDI,NL-NH,2026-03-30,2026-04-05,Weekly,,KG,2.806,2.806,611.1010131835938,xgboost_feat
Blueberry_Ventura,MELEDI,NL-NH,2026-04-06,2026-04-12,Weekly,,KG,2.806,2.806,602.8500366210938,xgboost_feat
Blueberry_Ventura,MELEDI,NL-NH,2026-04-13,2026-04-19,Weekly,,KG,2.806,2.806,556.63916015625,xgboost_feat
Blueberry_Ventura,MELEDI,NL-NH,2026-04-20,2026-04-26,Weekly,,KG,2.806,2.806,595.8276977539062,xgboost_feat
Blueberry_Ventura,MELEDI,NL-NH,2026-04-27,2026-05-03,Weekly,,KG,2.806,2.806,581.0087890625,xgboost_feat
Blueberry_Ventura,MELEDI,NL-ZH,2026-02-02,2026-02-08,Weekly,,KG,2.815,2.815,586.6177368164062,xgboost_feat
Blueberry_Ventura,MELEDI,NL-ZH,2026-02-09,2026-02-15,Weekly,,KG,2.815,2.815,588.5449829101562,xgboost_feat
Blueberry_Ventura,MELEDI,NL-ZH,2026-02-16,2026-02-22,Weekly,,KG,2.815,2.815,585.6478271484375,xgboost_feat
Blueberry_Ventura,MELEDI,NL-ZH,2026-02-23,2026-03-01,Weekly,,KG,2.815,2.815,592.694580078125,xgboost_feat
Blueberry_Ventura,MELEDI,NL-ZH,2026-03-02,2026-03-08,Weekly,,KG,2.815,2.815,615.0486450195312,xgboost_feat
Blueberry_Ventura,MELEDI,NL-ZH,2026-03-09,2026-03-15,Weekly,,KG,2.815,2.815,620.4161987304688,xgboost_feat
Blueberry_Ventura,MELEDI,NL-ZH,2026-03-16,2026-03-22,Weekly,,KG,2.815,2.815,607.5288696289062,xgboost_feat
Blueberry_Ventura,MELEDI,NL-ZH,2026-03-23,2026-03-29,Weekly,,KG,2.815,2.815,614.0633544921875,xgboost_feat
Blueberry_Ventura,MELEDI,NL-ZH,2026-03-30,2026-04-05,Weekly,,KG,2.815,2.815,625.535400390625,xgboost_feat
Blueberry_Ventura,MELEDI,NL-ZH,2026-04-06,2026-04-12,Weekly,,KG,2.815,2.815,604.1431884765625,xgboost_feat
Blueberry_Ventura,MELEDI,NL-ZH,2026-04-13,2026-04-19,Weekly,,KG,2.815,2.815,585.4746704101562,xgboost_feat
Blueberry_Ventura,MELEDI,NL-ZH,2026-04-20,2026-04-26,Weekly,,KG,2.815,2.815,590.0130004882812,xgboost_feat
Blueberry_Ventura,MELEDI,NL-ZH,2026-04-27,2026-05-03,Weekly,,KG,2.815,2.815,589.3966674804688,xgboost_feat
Blueberry_Ventura,PICNIC,NL-GE,2026-02-02,2026-02-08,Weekly,,KG,2.764,2.764,585.2471923828125,xgboost_feat
Blueberry_Ventura,PICNIC,NL-GE,2026-02-09,2026-02-15,Weekly,,KG,2.764,2.764,596.3002319335938,xgboost_feat
Blueberry_Ventura,PICNIC,NL-GE,2026-02-16,2026-02-22,Weekly,,KG,2.764,2.764,594.9380493164062,xgboost_feat
Blueberry_Ventura,PICNIC,NL-GE,2026-02-23,2026-03-01,Weekly,,KG,2.764,2.764,599.0343627929688,xgboost_feat
Blueberry_Ventura,PICNIC,NL-GE,2026-03-02,2026-03-08,Weekly,,KG,2.764,2.764,617.9678344726562,xgboost_feat
Blueberry_Ventura,PICNIC,NL-GE,2026-03-09,2026-03-15,Weekly,,KG,2.764,2.764,643.7915649414062,xgboost_feat
Blueberry_Ventura,PICNIC,NL-GE,2026-03-16,2026-03-22,Weekly,,KG,2.764,2.764,598.6749877929688,xgboost_feat
Blueberry_Ventura,PICNIC,NL-GE,2026-03-23,2026-03-29,Weekly,,KG,2.764,2.764,603.2304077148438,xgboost_feat
Blueberry_Ventura,PICNIC,NL-GE,2026-03-30,2026-04-05,Weekly,,KG,2.764,2.764,613.461669921875,xgboost_feat
Blueberry_Ventura,PICNIC,NL-GE,2026-04-06,2026-04-12,Weekly,,KG,2.764,2.764,612.275634765625,xgboost_feat
Blueberry_Ventura,PICNIC,NL-GE,2026-04-13,2026-04-19,Weekly,,KG,2.764,2.764,580.9918823242188,xgboost_feat
Blueberry_Ventura,PICNIC,NL-GE,2026-04-20,2026-04-26,Weekly,,KG,2.764,2.764,600.01953125,xgboost_feat
Blueberry_Ventura,PICNIC,NL-GE,2026-04-27,2026-05-03,Weekly,,KG,2.764,2.764,592.7247924804688,xgboost_feat
Blueberry_Ventura,PICNIC,NL-NB,2026-02-02,2026-02-08,Weekly,,KG,2.864,2.864,591.23828125,xgboost_feat
Blueberry_Ventura,PICNIC,NL-NB,2026-02-09,2026-02-15,Weekly,,KG,2.864,2.864,598.9398803710938,xgboost_feat
Blueberry_Ventura,PICNIC,NL-NB,2026-02-16,2026-02-22,Weekly,,KG,2.864,2.864,615.1160888671875,xgboost_feat
Blueberry_Ventura,PICNIC,NL-NB,2026-02-23,2026-03-01,Weekly,,KG,2.864,2.864,613.7265014648438,xgboost_feat
Blueberry_Ventura,PICNIC,NL-NB,2026-03-02,2026-03-08,Weekly,,KG,2.864,2.864,626.025390625,xgboost_feat
Blueberry_Ventura,PICNIC,NL-NB,2026-03-09,2026-03-15,Weekly,,KG,2.864,2.864,622.7363891601562,xgboost_feat
Blueberry_Ventura,PICNIC,NL-NB,2026-03-16,2026-03-22,Weekly,,KG,2.864,2.864,605.0580444335938,xgboost_feat
Blueberry_Ventura,PICNIC,NL-NB,2026-03-23,2026-03-29,Weekly,,KG,2.864,2.864,604.8941650390625,xgboost_feat
Blueberry_Ventura,PICNIC,NL-NB,2026-03-30,2026-04-05,Weekly,,KG,2.864,2.864,631.4196166992188,xgboost_feat
Blueberry_Ventura,PICNIC,NL-NB,2026-04-06,2026-04-12,Weekly,,KG,2.864,2.864,608.1527709960938,xgboost_feat
Blueberry_Ventura,PICNIC,NL-NB,2026-04-13,2026-04-19,Weekly,,KG,2.864,2.864,572.8659057617188,xgboost_feat
Blueberry_Ventura,PICNIC,NL-NB,2026-04-20,2026-04-26,Weekly,,KG,2.864,2.864,599.3564453125,xgboost_feat
Blueberry_Ventura,PICNIC,NL-NB,2026-04-27,2026-05-03,Weekly,,KG,2.864,2.864,587.0394897460938,xgboost_feat
Blueberry_Ventura,PICNIC,NL-NH,2026-02-02,2026-02-08,Weekly,,KG,2.786,2.786,589.1643676757812,xgboost_feat
Blueberry_Ventura,PICNIC,NL-NH,2026-02-09,2026-02-15,Weekly,,KG,2.786,2.786,562.5979614257812,xgboost_feat
Blueberry_Ventura,PICNIC,NL-NH,2026-02-16,2026-02-22,Weekly,,KG,2.786,2.786,594.3500366210938,xgboost_feat
Blueberry_Ventura,PICNIC,NL-NH,2026-02-23,2026-03-01,Weekly,,KG,2.786,2.786,616.5776977539062,xgboost_feat
Blueberry_Ventura,PICNIC,NL-NH,2026-03-02,2026-03-08,Weekly,,KG,2.786,2.786,634.347412109375,xgboost_feat
Blueberry_Ventura,PICNIC,NL-NH,2026-03-09,2026-03-15,Weekly,,KG,2.786,2.786,623.9910888671875,xgboost_feat
Blueberry_Ventura,PICNIC,NL-NH,2026-03-16,2026-03-22,Weekly,,KG,2.786,2.786,606.021240234375,xgboost_feat
Blueberry_Ventura,PICNIC,NL-NH,2026-03-23,2026-03-29,Weekly,,KG,2.786,2.786,611.9360961914062,xgboost_feat
Blueberry_Ventura,PICNIC,NL-NH,2026-03-30,2026-04-05,Weekly,,KG,2.786,2.786,611.0276489257812,xgboost_feat
Blueberry_Ventura,PICNIC,NL-NH,2026-04-06,2026-04-12,Weekly,,KG,2.786,2.786,602.88232421875,xgboost_feat
Blueberry_Ventura,PICNIC,NL-NH,2026-04-13,2026-04-19,Weekly,,KG,2.786,2.786,561.6740112304688,xgboost_feat
Blueberry_Ventura,PICNIC,NL-NH,2026-04-20,2026-04-26,Weekly,,KG,2.786,2.786,603.3143920898438,xgboost_feat
Blueberry_Ventura,PICNIC,NL-NH,2026-04-27,2026-05-03,Weekly,,KG,2.786,2.786,588.3929443359375,xgboost_feat
Blueberry_Ventura,PICNIC,NL-ZH,2026-02-02,2026-02-08,Weekly,,KG,3.118,3.118,581.908447265625,xgboost_feat
Blueberry_Ventura,PICNIC,NL-ZH,2026-02-09,2026-02-15,Weekly,,KG,3.118,3.118,591.999267578125,xgboost_feat
Blueberry_Ventura,PICNIC,NL-ZH,2026-02-16,2026-02-22,Weekly,,KG,3.118,3.118,592.4359741210938,xgboost_feat
Blueberry_Ventura,PICNIC,NL-ZH,2026-02-23,2026-03-01,Weekly,,KG,3.118,3.118,597.20849609375,xgboost_feat
Blueberry_Ventura,PICNIC,NL-ZH,2026-03-02,2026-03-08,Weekly,,KG,3.118,3.118,617.7596435546875,xgboost_feat
Blueberry_Ventura,PICNIC,NL-ZH,2026-03-09,2026-03-15,Weekly,,KG,3.118,3.118,619.67919921875,xgboost_feat
Blueberry_Ventura,PICNIC,NL-ZH,2026-03-16,2026-03-22,Weekly,,KG,3.118,3.118,606.10205078125,xgboost_feat
Blueberry_Ventura,PICNIC,NL-ZH,2026-03-23,2026-03-29,Weekly,,KG,3.118,3.118,613.713134765625,xgboost_feat
Blueberry_Ventura,PICNIC,NL-ZH,2026-03-30,2026-04-05,Weekly,,KG,3.118,3.118,624.3910522460938,xgboost_feat
Blueberry_Ventura,PICNIC,NL-ZH,2026-04-06,2026-04-12,Weekly,,KG,3.118,3.118,604.8597412109375,xgboost_feat
Blueberry_Ventura,PICNIC,NL-ZH,2026-04-13,2026-04-19,Weekly,,KG,3.118,3.118,584.4381103515625,xgboost_feat
Blueberry_Ventura,PICNIC,NL-ZH,2026-04-20,2026-04-26,Weekly,,KG,3.118,3.118,596.255615234375,xgboost_feat
Blueberry_Ventura,PICNIC,NL-ZH,2026-04-27,2026-05-03,Weekly,,KG,3.118,3.118,593.4140625,xgboost_feat
Blueberry_Ventura,PLUS,NL-GE,2026-02-02,2026-02-08,Weekly,,KG,2.62,2.62,618.0042114257812,xgboost_feat
Blueberry_Ventura,PLUS,NL-GE,2026-02-09,2026-02-15,Weekly,,KG,2.62,2.62,628.510986328125,xgboost_feat
Blueberry_Ventura,PLUS,NL-GE,2026-02-16,2026-02-22,Weekly,,KG,2.62,2.62,623.4712524414062,xgboost_feat
Blueberry_Ventura,PLUS,NL-GE,2026-02-23,2026-03-01,Weekly,,KG,2.62,2.62,626.8179321289062,xgboost_feat
Blueberry_Ventura,PLUS,NL-GE,2026-03-02,2026-03-08,Weekly,,KG,2.62,2.62,616.5492553710938,xgboost_feat
Blueberry_Ventura,PLUS,NL-GE,2026-03-09,2026-03-15,Weekly,,KG,2.62,2.62,646.080322265625,xgboost_feat
Blueberry_Ventura,PLUS,NL-GE,2026-03-16,2026-03-22,Weekly,,KG,2.62,2.62,593.2470703125,xgboost_feat
Blueberry_Ventura,PLUS,NL-GE,2026-03-23,2026-03-29,Weekly,,KG,2.62,2.62,604.3766479492188,xgboost_feat
Blueberry_Ventura,PLUS,NL-GE,2026-03-30,2026-04-05,Weekly,,KG,2.62,2.62,614.8571166992188,xgboost_feat
Blueberry_Ventura,PLUS,NL-GE,2026-04-06,2026-04-12,Weekly,,KG,2.62,2.62,612.0053100585938,xgboost_feat
Blueberry_Ventura,PLUS,NL-GE,2026-04-13,2026-04-19,Weekly,,KG,2.62,2.62,574.7453002929688,xgboost_feat
Blueberry_Ventura,PLUS,NL-GE,2026-04-20,2026-04-26,Weekly,,KG,2.62,2.62,595.5636596679688,xgboost_feat
Blueberry_Ventura,PLUS,NL-GE,2026-04-27,2026-05-03,Weekly,,KG,2.62,2.62,590.0026245117188,xgboost_feat
Blueberry_Ventura,PLUS,NL-NB,2026-02-02,2026-02-08,Weekly,,KG,2.68,2.68,708.775390625,xgboost_feat
Blueberry_Ventura,PLUS,NL-NB,2026-02-09,2026-02-15,Weekly,,KG,2.68,2.68,715.8447265625,xgboost_feat
Blueberry_Ventura,PLUS,NL-NB,2026-02-16,2026-02-22,Weekly,,KG,2.68,2.68,725.08642578125,xgboost_feat
Blueberry_Ventura,PLUS,NL-NB,2026-02-23,2026-03-01,Weekly,,KG,2.68,2.68,739.7706909179688,xgboost_feat
Blueberry_Ventura,PLUS,NL-NB,2026-03-02,2026-03-08,Weekly,,KG,2.68,2.68,696.9072875976562,xgboost_feat
Blueberry_Ventura,PLUS,NL-NB,2026-03-09,2026-03-15,Weekly,,KG,2.68,2.68,675.6461181640625,xgboost_feat
Blueberry_Ventura,PLUS,NL-NB,2026-03-16,2026-03-22,Weekly,,KG,2.68,2.68,689.1036376953125,xgboost_feat
Blueberry_Ventura,PLUS,NL-NB,2026-03-23,2026-03-29,Weekly,,KG,2.68,2.68,686.735107421875,xgboost_feat
Blueberry_Ventura,PLUS,NL-NB,2026-03-30,2026-04-05,Weekly,,KG,2.68,2.68,694.0919189453125,xgboost_feat
Blueberry_Ventura,PLUS,NL-NB,2026-04-06,2026-04-12,Weekly,,KG,2.68,2.68,663.272705078125,xgboost_feat
Blueberry_Ventura,PLUS,NL-NB,2026-04-13,2026-04-19,Weekly,,KG,2.68,2.68,633.9163818359375,xgboost_feat
Blueberry_Ventura,PLUS,NL-NB,2026-04-20,2026-04-26,Weekly,,KG,2.68,2.68,679.768798828125,xgboost_feat
Blueberry_Ventura,PLUS,NL-NB,2026-04-27,2026-05-03,Weekly,,KG,2.68,2.68,643.5960083007812,xgboost_feat
Blueberry_Ventura,PLUS,NL-NH,2026-02-02,2026-02-08,Weekly,,KG,2.781,2.781,656.4367065429688,xgboost_feat
Blueberry_Ventura,PLUS,NL-NH,2026-02-09,2026-02-15,Weekly,,KG,2.781,2.781,618.9059448242188,xgboost_feat
Blueberry_Ventura,PLUS,NL-NH,2026-02-16,2026-02-22,Weekly,,KG,2.781,2.781,685.41064453125,xgboost_feat
Blueberry_Ventura,PLUS,NL-NH,2026-02-23,2026-03-01,Weekly,,KG,2.781,2.781,673.5296020507812,xgboost_feat
Blueberry_Ventura,PLUS,NL-NH,2026-03-02,2026-03-08,Weekly,,KG,2.781,2.781,687.1949462890625,xgboost_feat
Blueberry_Ventura,PLUS,NL-NH,2026-03-09,2026-03-15,Weekly,,KG,2.781,2.781,656.7804565429688,xgboost_feat
Blueberry_Ventura,PLUS,NL-NH,2026-03-16,2026-03-22,Weekly,,KG,2.781,2.781,681.8024291992188,xgboost_feat
Blueberry_Ventura,PLUS,NL-NH,2026-03-23,2026-03-29,Weekly,,KG,2.781,2.781,683.3753051757812,xgboost_feat
Blueberry_Ventura,PLUS,NL-NH,2026-03-30,2026-04-05,Weekly,,KG,2.781,2.781,681.6824340820312,xgboost_feat
Blueberry_Ventura,PLUS,NL-NH,2026-04-06,2026-04-12,Weekly,,KG,2.781,2.781,649.1322631835938,xgboost_feat
Blueberry_Ventura,PLUS,NL-NH,2026-04-13,2026-04-19,Weekly,,KG,2.781,2.781,631.4832153320312,xgboost_feat
Blueberry_Ventura,PLUS,NL-NH,2026-04-20,2026-04-26,Weekly,,KG,2.781,2.781,655.9595947265625,xgboost_feat
Blueberry_Ventura,PLUS,NL-NH,2026-04-27,2026-05-03,Weekly,,KG,2.781,2.781,635.127197265625,xgboost_feat
Blueberry_Ventura,PLUS,NL-ZH,2026-02-02,2026-02-08,Weekly,,KG,2.985,2.985,700.7946166992188,xgboost_feat
Blueberry_Ventura,PLUS,NL-ZH,2026-02-09,2026-02-15,Weekly,,KG,2.985,2.985,697.6323852539062,xgboost_feat
Blueberry_Ventura,PLUS,NL-ZH,2026-02-16,2026-02-22,Weekly,,KG,2.985,2.985,721.3825073242188,xgboost_feat
Blueberry_Ventura,PLUS,NL-ZH,2026-02-23,2026-03-01,Weekly,,KG,2.985,2.985,706.5400390625,xgboost_feat
Blueberry_Ventura,PLUS,NL-ZH,2026-03-02,2026-03-08,Weekly,,KG,2.985,2.985,670.6742553710938,xgboost_feat
Blueberry_Ventura,PLUS,NL-ZH,2026-03-09,2026-03-15,Weekly,,KG,2.985,2.985,662.9412231445312,xgboost_feat
Blueberry_Ventura,PLUS,NL-ZH,2026-03-16,2026-03-22,Weekly,,KG,2.985,2.985,648.2255249023438,xgboost_feat
Blueberry_Ventura,PLUS,NL-ZH,2026-03-23,2026-03-29,Weekly,,KG,2.985,2.985,652.5934448242188,xgboost_feat
Blueberry_Ventura,PLUS,NL-ZH,2026-03-30,2026-04-05,Weekly,,KG,2.985,2.985,652.3310546875,xgboost_feat
Blueberry_Ventura,PLUS,NL-ZH,2026-04-06,2026-04-12,Weekly,,KG,2.985,2.985,624.2958984375,xgboost_feat
Blueberry_Ventura,PLUS,NL-ZH,2026-04-13,2026-04-19,Weekly,,KG,2.985,2.985,612.3778686523438,xgboost_feat
Blueberry_Ventura,PLUS,NL-ZH,2026-04-20,2026-04-26,Weekly,,KG,2.985,2.985,593.9796752929688,xgboost_feat
Blueberry_Ventura,PLUS,NL-ZH,2026-04-27,2026-05-03,Weekly,,KG,2.985,2.985,591.106689453125,xgboost_feat
Blueberry_Ventura,SLIGRO,NL-GE,2026-02-02,2026-02-08,Weekly,,KG,2.678,2.678,585.0374145507812,xgboost_feat
Blueberry_Ventura,SLIGRO,NL-GE,2026-02-09,2026-02-15,Weekly,,KG,2.678,2.678,588.2860107421875,xgboost_feat
Blueberry_Ventura,SLIGRO,NL-GE,2026-02-16,2026-02-22,Weekly,,KG,2.678,2.678,594.1195678710938,xgboost_feat
Blueberry_Ventura,SLIGRO,NL-GE,2026-02-23,2026-03-01,Weekly,,KG,2.678,2.678,599.5692138671875,xgboost_feat
Blueberry_Ventura,SLIGRO,NL-GE,2026-03-02,2026-03-08,Weekly,,KG,2.678,2.678,618.9432983398438,xgboost_feat
Blueberry_Ventura,SLIGRO,NL-GE,2026-03-09,2026-03-15,Weekly,,KG,2.678,2.678,644.9422607421875,xgboost_feat
Blueberry_Ventura,SLIGRO,NL-GE,2026-03-16,2026-03-22,Weekly,,KG,2.678,2.678,598.7561645507812,xgboost_feat
Blueberry_Ventura,SLIGRO,NL-GE,2026-03-23,2026-03-29,Weekly,,KG,2.678,2.678,603.1848754882812,xgboost_feat
Blueberry_Ventura,SLIGRO,NL-GE,2026-03-30,2026-04-05,Weekly,,KG,2.678,2.678,613.2838745117188,xgboost_feat
Blueberry_Ventura,SLIGRO,NL-GE,2026-04-06,2026-04-12,Weekly,,KG,2.678,2.678,612.0906372070312,xgboost_feat
Blueberry_Ventura,SLIGRO,NL-GE,2026-04-13,2026-04-19,Weekly,,KG,2.678,2.678,581.6334838867188,xgboost_feat
Blueberry_Ventura,SLIGRO,NL-GE,2026-04-20,2026-04-26,Weekly,,KG,2.678,2.678,593.8765869140625,xgboost_feat
Blueberry_Ventura,SLIGRO,NL-GE,2026-04-27,2026-05-03,Weekly,,KG,2.678,2.678,586.1882934570312,xgboost_feat
Blueberry_Ventura,SLIGRO,NL-NB,2026-02-02,2026-02-08,Weekly,,KG,2.816,2.816,593.3994140625,xgboost_feat
Blueberry_Ventura,SLIGRO,NL-NB,2026-02-09,2026-02-15,Weekly,,KG,2.816,2.816,595.1651000976562,xgboost_feat
Blueberry_Ventura,SLIGRO,NL-NB,2026-02-16,2026-02-22,Weekly,,KG,2.816,2.816,613.3775634765625,xgboost_feat
Blueberry_Ventura,SLIGRO,NL-NB,2026-02-23,2026-03-01,Weekly,,KG,2.816,2.816,611.4500732421875,xgboost_feat
Blueberry_Ventura,SLIGRO,NL-NB,2026-03-02,2026-03-08,Weekly,,KG,2.816,2.816,626.8658447265625,xgboost_feat
Blueberry_Ventura,SLIGRO,NL-NB,2026-03-09,2026-03-15,Weekly,,KG,2.816,2.816,623.3106079101562,xgboost_feat
Blueberry_Ventura,SLIGRO,NL-NB,2026-03-16,2026-03-22,Weekly,,KG,2.816,2.816,604.8995361328125,xgboost_feat
Blueberry_Ventura,SLIGRO,NL-NB,2026-03-23,2026-03-29,Weekly,,KG,2.816,2.816,605.9790649414062,xgboost_feat
Blueberry_Ventura,SLIGRO,NL-NB,2026-03-30,2026-04-05,Weekly,,KG,2.816,2.816,631.8458862304688,xgboost_feat
Blueberry_Ventura,SLIGRO,NL-NB,2026-04-06,2026-04-12,Weekly,,KG,2.816,2.816,608.2886352539062,xgboost_feat
Blueberry_Ventura,SLIGRO,NL-NB,2026-04-13,2026-04-19,Weekly,,KG,2.816,2.816,570.4926147460938,xgboost_feat
Blueberry_Ventura,SLIGRO,NL-NB,2026-04-20,2026-04-26,Weekly,,KG,2.816,2.816,592.489013671875,xgboost_feat
Blueberry_Ventura,SLIGRO,NL-NB,2026-04-27,2026-05-03,Weekly,,KG,2.816,2.816,578.91845703125,xgboost_feat
Blueberry_Ventura,SLIGRO,NL-NH,2026-02-02,2026-02-08,Weekly,,KG,2.765,2.765,585.406005859375,xgboost_feat
Blueberry_Ventura,SLIGRO,NL-NH,2026-02-09,2026-02-15,Weekly,,KG,2.765,2.765,563.034912109375,xgboost_feat
Blueberry_Ventura,SLIGRO,NL-NH,2026-02-16,2026-02-22,Weekly,,KG,2.765,2.765,594.3582153320312,xgboost_feat
Blueberry_Ventura,SLIGRO,NL-NH,2026-02-23,2026-03-01,Weekly,,KG,2.765,2.765,615.6565551757812,xgboost_feat
Blueberry_Ventura,SLIGRO,NL-NH,2026-03-02,2026-03-08,Weekly,,KG,2.765,2.765,639.3894653320312,xgboost_feat
Blueberry_Ventura,SLIGRO,NL-NH,2026-03-09,2026-03-15,Weekly,,KG,2.765,2.765,624.0548706054688,xgboost_feat
Blueberry_Ventura,SLIGRO,NL-NH,2026-03-16,2026-03-22,Weekly,,KG,2.765,2.765,604.5357055664062,xgboost_feat
Blueberry_Ventura,SLIGRO,NL-NH,2026-03-23,2026-03-29,Weekly,,KG,2.765,2.765,606.6885375976562,xgboost_feat
Blueberry_Ventura,SLIGRO,NL-NH,2026-03-30,2026-04-05,Weekly,,KG,2.765,2.765,610.9522705078125,xgboost_feat
Blueberry_Ventura,SLIGRO,NL-NH,2026-04-06,2026-04-12,Weekly,,KG,2.765,2.765,602.9598388671875,xgboost_feat
Blueberry_Ventura,SLIGRO,NL-NH,2026-04-13,2026-04-19,Weekly,,KG,2.765,2.765,562.8914184570312,xgboost_feat
Blueberry_Ventura,SLIGRO,NL-NH,2026-04-20,2026-04-26,Weekly,,KG,2.765,2.765,600.7860717773438,xgboost_feat
Blueberry_Ventura,SLIGRO,NL-NH,2026-04-27,2026-05-03,Weekly,,KG,2.765,2.765,582.77783203125,xgboost_feat
Blueberry_Ventura,SLIGRO,NL-ZH,2026-02-02,2026-02-08,Weekly,,KG,2.964,2.964,590.8263549804688,xgboost_feat
Blueberry_Ventura,SLIGRO,NL-ZH,2026-02-09,2026-02-15,Weekly,,KG,2.964,2.964,588.0068969726562,xgboost_feat
Blueberry_Ventura,SLIGRO,NL-ZH,2026-02-16,2026-02-22,Weekly,,KG,2.964,2.964,589.1445922851562,xgboost_feat
Blueberry_Ventura,SLIGRO,NL-ZH,2026-02-23,2026-03-01,Weekly,,KG,2.964,2.964,596.1719970703125,xgboost_feat
Blueberry_Ventura,SLIGRO,NL-ZH,2026-03-02,2026-03-08,Weekly,,KG,2.964,2.964,616.42529296875,xgboost_feat
Blueberry_Ventura,SLIGRO,NL-ZH,2026-03-09,2026-03-15,Weekly,,KG,2.964,2.964,621.1817016601562,xgboost_feat
Blueberry_Ventura,SLIGRO,NL-ZH,2026-03-16,2026-03-22,Weekly,,KG,2.964,2.964,605.7483520507812,xgboost_feat
Blueberry_Ventura,SLIGRO,NL-ZH,2026-03-23,2026-03-29,Weekly,,KG,2.964,2.964,613.71728515625,xgboost_feat
Blueberry_Ventura,SLIGRO,NL-ZH,2026-03-30,2026-04-05,Weekly,,KG,2.964,2.964,624.5331420898438,xgboost_feat
Blueberry_Ventura,SLIGRO,NL-ZH,2026-04-06,2026-04-12,Weekly,,KG,2.964,2.964,604.9478759765625,xgboost_feat
Blueberry_Ventura,SLIGRO,NL-ZH,2026-04-13,2026-04-19,Weekly,,KG,2.964,2.964,585.4746704101562,xgboost_feat
Blueberry_Ventura,SLIGRO,NL-ZH,2026-04-20,2026-04-26,Weekly,,KG,2.964,2.964,593.7391357421875,xgboost_feat
Blueberry_Ventura,SLIGRO,NL-ZH,2026-04-27,2026-05-03,Weekly,,KG,2.964,2.964,588.7207641601562,xgboost_feat
PEAR_ABATE,AH,NL-GE,2026-02-02,2026-02-08,Weekly,,KG,3.063,3.063,587.3430786132812,xgboost_feat
PEAR_ABATE,AH,NL-GE,2026-02-09,2026-02-15,Weekly,,KG,3.063,3.063,586.475341796875,xgboost_feat
PEAR_ABATE,AH,NL-GE,2026-02-16,2026-02-22,Weekly,,KG,3.063,3.063,611.7779541015625,xgboost_feat
PEAR_ABATE,AH,NL-GE,2026-02-23,2026-03-01,Weekly,,KG,3.063,3.063,621.0897827148438,xgboost_feat
PEAR_ABATE,AH,NL-GE,2026-03-02,2026-03-08,Weekly,,KG,3.063,3.063,625.0203857421875,xgboost_feat
PEAR_ABATE,AH,NL-GE,2026-03-09,2026-03-15,Weekly,,KG,3.063,3.063,645.1918334960938,xgboost_feat
PEAR_ABATE,AH,NL-GE,2026-03-16,2026-03-22,Weekly,,KG,3.063,3.063,599.9901733398438,xgboost_feat
PEAR_ABATE,AH,NL-GE,2026-03-23,2026-03-29,Weekly,,KG,3.063,3.063,598.9754028320312,xgboost_feat
PEAR_ABATE,AH,NL-GE,2026-03-30,2026-04-05,Weekly,,KG,3.063,3.063,600.2581787109375,xgboost_feat
PEAR_ABATE,AH,NL-GE,2026-04-06,2026-04-12,Weekly,,KG,3.063,3.063,600.1857299804688,xgboost_feat
PEAR_ABATE,AH,NL-GE,2026-04-13,2026-04-19,Weekly,,KG,3.063,3.063,565.5798950195312,xgboost_feat
PEAR_ABATE,AH,NL-GE,2026-04-20,2026-04-26,Weekly,,KG,3.063,3.063,597.7514038085938,xgboost_feat
PEAR_ABATE,AH,NL-GE,2026-04-27,2026-05-03,Weekly,,KG,3.063,3.063,585.9273681640625,xgboost_feat
PEAR_ABATE,AH,NL-NB,2026-02-02,2026-02-08,Weekly,,KG,3.222,3.222,577.7191162109375,xgboost_feat
PEAR_ABATE,AH,NL-NB,2026-02-09,2026-02-15,Weekly,,KG,3.222,3.222,595.2023315429688,xgboost_feat
PEAR_ABATE,AH,NL-NB,2026-02-16,2026-02-22,Weekly,,KG,3.222,3.222,605.067626953125,xgboost_feat
PEAR_ABATE,AH,NL-NB,2026-02-23,2026-03-01,Weekly,,KG,3.222,3.222,605.40625,xgboost_feat
PEAR_ABATE,AH,NL-NB,2026-03-02,2026-03-08,Weekly,,KG,3.222,3.222,626.6985473632812,xgboost_feat
PEAR_ABATE,AH,NL-NB,2026-03-09,2026-03-15,Weekly,,KG,3.222,3.222,618.386962890625,xgboost_feat
PEAR_ABATE,AH,NL-NB,2026-03-16,2026-03-22,Weekly,,KG,3.222,3.222,602.3872680664062,xgboost_feat
PEAR_ABATE,AH,NL-NB,2026-03-23,2026-03-29,Weekly,,KG,3.222,3.222,599.0901489257812,xgboost_feat
PEAR_ABATE,AH,NL-NB,2026-03-30,2026-04-05,Weekly,,KG,3.222,3.222,621.7066040039062,xgboost_feat
PEAR_ABATE,AH,NL-NB,2026-04-06,2026-04-12,Weekly,,KG,3.222,3.222,602.96923828125,xgboost_feat
PEAR_ABATE,AH,NL-NB,2026-04-13,2026-04-19,Weekly,,KG,3.222,3.222,563.7744750976562,xgboost_feat
PEAR_ABATE,AH,NL-NB,2026-04-20,2026-04-26,Weekly,,KG,3.222,3.222,597.0381469726562,xgboost_feat
PEAR_ABATE,AH,NL-NB,2026-04-27,2026-05-03,Weekly,,KG,3.222,3.222,580.2984008789062,xgboost_feat
PEAR_ABATE,AH,NL-NH,2026-02-02,2026-02-08,Weekly,,KG,3.297,3.297,600.3671875,xgboost_feat
PEAR_ABATE,AH,NL-NH,2026-02-09,2026-02-15,Weekly,,KG,3.297,3.297,566.3494873046875,xgboost_feat
PEAR_ABATE,AH,NL-NH,2026-02-16,2026-02-22,Weekly,,KG,3.297,3.297,607.3943481445312,xgboost_feat
PEAR_ABATE,AH,NL-NH,2026-02-23,2026-03-01,Weekly,,KG,3.297,3.297,650.2833862304688,xgboost_feat
PEAR_ABATE,AH,NL-NH,2026-03-02,2026-03-08,Weekly,,KG,3.297,3.297,630.3287353515625,xgboost_feat
PEAR_ABATE,AH,NL-NH,2026-03-09,2026-03-15,Weekly,,KG,3.297,3.297,628.904541015625,xgboost_feat
PEAR_ABATE,AH,NL-NH,2026-03-16,2026-03-22,Weekly,,KG,3.297,3.297,607.141357421875,xgboost_feat
PEAR_ABATE,AH,NL-NH,2026-03-23,2026-03-29,Weekly,,KG,3.297,3.297,611.1656494140625,xgboost_feat
PEAR_ABATE,AH,NL-NH,2026-03-30,2026-04-05,Weekly,,KG,3.297,3.297,608.24365234375,xgboost_feat
PEAR_ABATE,AH,NL-NH,2026-04-06,2026-04-12,Weekly,,KG,3.297,3.297,599.3533325195312,xgboost_feat
PEAR_ABATE,AH,NL-NH,2026-04-13,2026-04-19,Weekly,,KG,3.297,3.297,552.2869873046875,xgboost_feat
PEAR_ABATE,AH,NL-NH,2026-04-20,2026-04-26,Weekly,,KG,3.297,3.297,601.2120361328125,xgboost_feat
PEAR_ABATE,AH,NL-NH,2026-04-27,2026-05-03,Weekly,,KG,3.297,3.297,580.943603515625,xgboost_feat
PEAR_ABATE,AH,NL-ZH,2026-02-02,2026-02-08,Weekly,,KG,3.41,3.41,584.2391967773438,xgboost_feat
PEAR_ABATE,AH,NL-ZH,2026-02-09,2026-02-15,Weekly,,KG,3.41,3.41,594.2600708007812,xgboost_feat
PEAR_ABATE,AH,NL-ZH,2026-02-16,2026-02-22,Weekly,,KG,3.41,3.41,589.9150390625,xgboost_feat
PEAR_ABATE,AH,NL-ZH,2026-02-23,2026-03-01,Weekly,,KG,3.41,3.41,598.6709594726562,xgboost_feat
PEAR_ABATE,AH,NL-ZH,2026-03-02,2026-03-08,Weekly,,KG,3.41,3.41,619.861083984375,xgboost_feat
PEAR_ABATE,AH,NL-ZH,2026-03-09,2026-03-15,Weekly,,KG,3.41,3.41,621.4472045898438,xgboost_feat
PEAR_ABATE,AH,NL-ZH,2026-03-16,2026-03-22,Weekly,,KG,3.41,3.41,607.1488647460938,xgboost_feat
PEAR_ABATE,AH,NL-ZH,2026-03-23,2026-03-29,Weekly,,KG,3.41,3.41,612.7723999023438,xgboost_feat
PEAR_ABATE,AH,NL-ZH,2026-03-30,2026-04-05,Weekly,,KG,3.41,3.41,619.2151489257812,xgboost_feat
PEAR_ABATE,AH,NL-ZH,2026-04-06,2026-04-12,Weekly,,KG,3.41,3.41,599.0275268554688,xgboost_feat
PEAR_ABATE,AH,NL-ZH,2026-04-13,2026-04-19,Weekly,,KG,3.41,3.41,577.2359619140625,xgboost_feat
PEAR_ABATE,AH,NL-ZH,2026-04-20,2026-04-26,Weekly,,KG,3.41,3.41,594.1852416992188,xgboost_feat
PEAR_ABATE,AH,NL-ZH,2026-04-27,2026-05-03,Weekly,,KG,3.41,3.41,588.75927734375,xgboost_feat
PEAR_ABATE,FLINK,NL-GE,2026-02-02,2026-02-08,Weekly,,KG,3.059,3.059,590.5010986328125,xgboost_feat
PEAR_ABATE,FLINK,NL-GE,2026-02-09,2026-02-15,Weekly,,KG,3.059,3.059,594.8184814453125,xgboost_feat
PEAR_ABATE,FLINK,NL-GE,2026-02-16,2026-02-22,Weekly,,KG,3.059,3.059,594.9380493164062,xgboost_feat
PEAR_ABATE,FLINK,NL-GE,2026-02-23,2026-03-01,Weekly,,KG,3.059,3.059,599.7518920898438,xgboost_feat
PEAR_ABATE,FLINK,NL-GE,2026-03-02,2026-03-08,Weekly,,KG,3.059,3.059,616.6844482421875,xgboost_feat
PEAR_ABATE,FLINK,NL-GE,2026-03-09,2026-03-15,Weekly,,KG,3.059,3.059,643.7915649414062,xgboost_feat
PEAR_ABATE,FLINK,NL-GE,2026-03-16,2026-03-22,Weekly,,KG,3.059,3.059,598.6749877929688,xgboost_feat
PEAR_ABATE,FLINK,NL-GE,2026-03-23,2026-03-29,Weekly,,KG,3.059,3.059,603.2304077148438,xgboost_feat
PEAR_ABATE,FLINK,NL-GE,2026-03-30,2026-04-05,Weekly,,KG,3.059,3.059,613.461669921875,xgboost_feat
PEAR_ABATE,FLINK,NL-GE,2026-04-06,2026-04-12,Weekly,,KG,3.059,3.059,612.275634765625,xgboost_feat
PEAR_ABATE,FLINK,NL-GE,2026-04-13,2026-04-19,Weekly,,KG,3.059,3.059,580.9923706054688,xgboost_feat
PEAR_ABATE,FLINK,NL-GE,2026-04-20,2026-04-26,Weekly,,KG,3.059,3.059,600.16015625,xgboost_feat
PEAR_ABATE,FLINK,NL-GE,2026-04-27,2026-05-03,Weekly,,KG,3.059,3.059,592.7001342773438,xgboost_feat
PEAR_ABATE,FLINK,NL-NB,2026-02-02,2026-02-08,Weekly,,KG,3.357,3.357,593.215576171875,xgboost_feat
PEAR_ABATE,FLINK,NL-NB,2026-02-09,2026-02-15,Weekly,,KG,3.357,3.357,601.6250610351562,xgboost_feat
PEAR_ABATE,FLINK,NL-NB,2026-02-16,2026-02-22,Weekly,,KG,3.357,3.357,620.233642578125,xgboost_feat
PEAR_ABATE,FLINK,NL-NB,2026-02-23,2026-03-01,Weekly,,KG,3.357,3.357,614.3783569335938,xgboost_feat
PEAR_ABATE,FLINK,NL-NB,2026-03-02,2026-03-08,Weekly,,KG,3.357,3.357,626.1813354492188,xgboost_feat
PEAR_ABATE,FLINK,NL-NB,2026-03-09,2026-03-15,Weekly,,KG,3.357,3.357,622.5957641601562,xgboost_feat
PEAR_ABATE,FLINK,NL-NB,2026-03-16,2026-03-22,Weekly,,KG,3.357,3.357,604.629638671875,xgboost_feat
PEAR_ABATE,FLINK,NL-NB,2026-03-23,2026-03-29,Weekly,,KG,3.357,3.357,604.8917236328125,xgboost_feat
PEAR_ABATE,FLINK,NL-NB,2026-03-30,2026-04-05,Weekly,,KG,3.357,3.357,631.4196166992188,xgboost_feat
PEAR_ABATE,FLINK,NL-NB,2026-04-06,2026-04-12,Weekly,,KG,3.357,3.357,608.1527709960938,xgboost_feat
PEAR_ABATE,FLINK,NL-NB,2026-04-13,2026-04-19,Weekly,,KG,3.357,3.357,573.2423706054688,xgboost_feat
PEAR_ABATE,FLINK,NL-NB,2026-04-20,2026-04-26,Weekly,,KG,3.357,3.357,599.487060546875,xgboost_feat
PEAR_ABATE,FLINK,NL-NB,2026-04-27,2026-05-03,Weekly,,KG,3.357,3.357,586.8027954101562,xgboost_feat
PEAR_ABATE,FLINK,NL-NH,2026-02-02,2026-02-08,Weekly,,KG,3.263,3.263,592.4275512695312,xgboost_feat
PEAR_ABATE,FLINK,NL-NH,2026-02-09,2026-02-15,Weekly,,KG,3.263,3.263,564.8480834960938,xgboost_feat
PEAR_ABATE,FLINK,NL-NH,2026-02-16,2026-02-22,Weekly,,KG,3.263,3.263,593.66162109375,xgboost_feat
PEAR_ABATE,FLINK,NL-NH,2026-02-23,2026-03-01,Weekly,,KG,3.263,3.263,616.0794067382812,xgboost_feat
PEAR_ABATE,FLINK,NL-NH,2026-03-02,2026-03-08,Weekly,,KG,3.263,3.263,633.1226806640625,xgboost_feat
PEAR_ABATE,FLINK,NL-NH,2026-03-09,2026-03-15,Weekly,,KG,3.263,3.263,623.9884643554688,xgboost_feat
PEAR_ABATE,FLINK,NL-NH,2026-03-16,2026-03-22,Weekly,,KG,3.263,3.263,606.021240234375,xgboost_feat
PEAR_ABATE,FLINK,NL-NH,2026-03-23,2026-03-29,Weekly,,KG,3.263,3.263,611.9360961914062,xgboost_feat
PEAR_ABATE,FLINK,NL-NH,2026-03-30,2026-04-05,Weekly,,KG,3.263,3.263,610.9163208007812,xgboost_feat
PEAR_ABATE,FLINK,NL-NH,2026-04-06,2026-04-12,Weekly,,KG,3.263,3.263,602.8768310546875,xgboost_feat
PEAR_ABATE,FLINK,NL-NH,2026-04-13,2026-04-19,Weekly,,KG,3.263,3.263,561.6744995117188,xgboost_feat
PEAR_ABATE,FLINK,NL-NH,2026-04-20,2026-04-26,Weekly,,KG,3.263,3.263,603.4603271484375,xgboost_feat
PEAR_ABATE,FLINK,NL-NH,2026-04-27,2026-05-03,Weekly,,KG,3.263,3.263,588.3690185546875,xgboost_feat
PEAR_ABATE,FLINK,NL-ZH,2026-02-02,2026-02-08,Weekly,,KG,3.4,3.4,589.6973876953125,xgboost_feat
PEAR_ABATE,FLINK,NL-ZH,2026-02-09,2026-02-15,Weekly,,KG,3.4,3.4,595.0863647460938,xgboost_feat
PEAR_ABATE,FLINK,NL-ZH,2026-02-16,2026-02-22,Weekly,,KG,3.4,3.4,592.37890625,xgboost_feat
PEAR_ABATE,FLINK,NL-ZH,2026-02-23,2026-03-01,Weekly,,KG,3.4,3.4,598.197998046875,xgboost_feat
PEAR_ABATE,FLINK,NL-ZH,2026-03-02,2026-03-08,Weekly,,KG,3.4,3.4,616.4762573242188,xgboost_feat
PEAR_ABATE,FLINK,NL-ZH,2026-03-09,2026-03-15,Weekly,,KG,3.4,3.4,620.15869140625,xgboost_feat
PEAR_ABATE,FLINK,NL-ZH,2026-03-16,2026-03-22,Weekly,,KG,3.4,3.4,606.10205078125,xgboost_feat
PEAR_ABATE,FLINK,NL-ZH,2026-03-23,2026-03-29,Weekly,,KG,3.4,3.4,613.713134765625,xgboost_feat
PEAR_ABATE,FLINK,NL-ZH,2026-03-30,2026-04-05,Weekly,,KG,3.4,3.4,624.3910522460938,xgboost_feat
PEAR_ABATE,FLINK,NL-ZH,2026-04-06,2026-04-12,Weekly,,KG,3.4,3.4,604.8597412109375,xgboost_feat
PEAR_ABATE,FLINK,NL-ZH,2026-04-13,2026-04-19,Weekly,,KG,3.4,3.4,584.5384521484375,xgboost_feat
PEAR_ABATE,FLINK,NL-ZH,2026-04-20,2026-04-26,Weekly,,KG,3.4,3.4,596.43408203125,xgboost_feat
PEAR_ABATE,FLINK,NL-ZH,2026-04-27,2026-05-03,Weekly,,KG,3.4,3.4,593.412109375,xgboost_feat
PEAR_ABATE,GREENACRES,NL-GE,2026-02-02,2026-02-08,Weekly,,KG,3.084,3.084,587.2239990234375,xgboost_feat
PEAR_ABATE,GREENACRES,NL-GE,2026-02-09,2026-02-15,Weekly,,KG,3.084,3.084,596.1705932617188,xgboost_feat
PEAR_ABATE,GREENACRES,NL-GE,2026-02-16,2026-02-22,Weekly,,KG,3.084,3.084,594.9380493164062,xgboost_feat
PEAR_ABATE,GREENACRES,NL-GE,2026-02-23,2026-03-01,Weekly,,KG,3.084,3.084,599.0343627929688,xgboost_feat
PEAR_ABATE,GREENACRES,NL-GE,2026-03-02,2026-03-08,Weekly,,KG,3.084,3.084,617.9116821289062,xgboost_feat
PEAR_ABATE,GREENACRES,NL-GE,2026-03-09,2026-03-15,Weekly,,KG,3.084,3.084,643.7915649414062,xgboost_feat
PEAR_ABATE,GREENACRES,NL-GE,2026-03-16,2026-03-22,Weekly,,KG,3.084,3.084,598.6749877929688,xgboost_feat
PEAR_ABATE,GREENACRES,NL-GE,2026-03-23,2026-03-29,Weekly,,KG,3.084,3.084,603.2304077148438,xgboost_feat
PEAR_ABATE,GREENACRES,NL-GE,2026-03-30,2026-04-05,Weekly,,KG,3.084,3.084,613.461669921875,xgboost_feat
PEAR_ABATE,GREENACRES,NL-GE,2026-04-06,2026-04-12,Weekly,,KG,3.084,3.084,612.275634765625,xgboost_feat
PEAR_ABATE,GREENACRES,NL-GE,2026-04-13,2026-04-19,Weekly,,KG,3.084,3.084,580.9918823242188,xgboost_feat
PEAR_ABATE,GREENACRES,NL-GE,2026-04-20,2026-04-26,Weekly,,KG,3.084,3.084,600.01953125,xgboost_feat
PEAR_ABATE,GREENACRES,NL-GE,2026-04-27,2026-05-03,Weekly,,KG,3.084,3.084,592.6334838867188,xgboost_feat
PEAR_ABATE,GREENACRES,NL-NB,2026-02-02,2026-02-08,Weekly,,KG,3.198,3.198,590.25390625,xgboost_feat
PEAR_ABATE,GREENACRES,NL-NB,2026-02-09,2026-02-15,Weekly,,KG,3.198,3.198,601.9801635742188,xgboost_feat
PEAR_ABATE,GREENACRES,NL-NB,2026-02-16,2026-02-22,Weekly,,KG,3.198,3.198,620.23095703125,xgboost_feat
PEAR_ABATE,GREENACRES,NL-NB,2026-02-23,2026-03-01,Weekly,,KG,3.198,3.198,614.3783569335938,xgboost_feat
PEAR_ABATE,GREENACRES,NL-NB,2026-03-02,2026-03-08,Weekly,,KG,3.198,3.198,626.1813354492188,xgboost_feat
PEAR_ABATE,GREENACRES,NL-NB,2026-03-09,2026-03-15,Weekly,,KG,3.198,3.198,623.7756958007812,xgboost_feat
PEAR_ABATE,GREENACRES,NL-NB,2026-03-16,2026-03-22,Weekly,,KG,3.198,3.198,605.764404296875,xgboost_feat
PEAR_ABATE,GREENACRES,NL-NB,2026-03-23,2026-03-29,Weekly,,KG,3.198,3.198,609.1239013671875,xgboost_feat
PEAR_ABATE,GREENACRES,NL-NB,2026-03-30,2026-04-05,Weekly,,KG,3.198,3.198,631.6290893554688,xgboost_feat
PEAR_ABATE,GREENACRES,NL-NB,2026-04-06,2026-04-12,Weekly,,KG,3.198,3.198,607.9457397460938,xgboost_feat
PEAR_ABATE,GREENACRES,NL-NB,2026-04-13,2026-04-19,Weekly,,KG,3.198,3.198,572.8659057617188,xgboost_feat
PEAR_ABATE,GREENACRES,NL-NB,2026-04-20,2026-04-26,Weekly,,KG,3.198,3.198,599.4278564453125,xgboost_feat
PEAR_ABATE,GREENACRES,NL-NB,2026-04-27,2026-05-03,Weekly,,KG,3.198,3.198,586.8924560546875,xgboost_feat
PEAR_ABATE,GREENACRES,NL-NH,2026-02-02,2026-02-08,Weekly,,KG,3.166,3.166,592.4279174804688,xgboost_feat
PEAR_ABATE,GREENACRES,NL-NH,2026-02-09,2026-02-15,Weekly,,KG,3.166,3.166,563.1575317382812,xgboost_feat
PEAR_ABATE,GREENACRES,NL-NH,2026-02-16,2026-02-22,Weekly,,KG,3.166,3.166,594.3479614257812,xgboost_feat
PEAR_ABATE,GREENACRES,NL-NH,2026-02-23,2026-03-01,Weekly,,KG,3.166,3.166,616.4760131835938,xgboost_feat
PEAR_ABATE,GREENACRES,NL-NH,2026-03-02,2026-03-08,Weekly,,KG,3.166,3.166,633.1226806640625,xgboost_feat
PEAR_ABATE,GREENACRES,NL-NH,2026-03-09,2026-03-15,Weekly,,KG,3.166,3.166,623.9884643554688,xgboost_feat
PEAR_ABATE,GREENACRES,NL-NH,2026-03-16,2026-03-22,Weekly,,KG,3.166,3.166,606.021240234375,xgboost_feat
PEAR_ABATE,GREENACRES,NL-NH,2026-03-23,2026-03-29,Weekly,,KG,3.166,3.166,611.9360961914062,xgboost_feat
PEAR_ABATE,GREENACRES,NL-NH,2026-03-30,2026-04-05,Weekly,,KG,3.166,3.166,610.9163208007812,xgboost_feat
PEAR_ABATE,GREENACRES,NL-NH,2026-04-06,2026-04-12,Weekly,,KG,3.166,3.166,602.8768310546875,xgboost_feat
PEAR_ABATE,GREENACRES,NL-NH,2026-04-13,2026-04-19,Weekly,,KG,3.166,3.166,561.6740112304688,xgboost_feat
PEAR_ABATE,GREENACRES,NL-NH,2026-04-20,2026-04-26,Weekly,,KG,3.166,3.166,603.3143920898438,xgboost_feat
PEAR_ABATE,GREENACRES,NL-NH,2026-04-27,2026-05-03,Weekly,,KG,3.166,3.166,588.3935546875,xgboost_feat
PEAR_ABATE,GREENACRES,NL-ZH,2026-02-02,2026-02-08,Weekly,,KG,3.357,3.357,584.5151977539062,xgboost_feat
PEAR_ABATE,GREENACRES,NL-ZH,2026-02-09,2026-02-15,Weekly,,KG,3.357,3.357,592.01953125,xgboost_feat
PEAR_ABATE,GREENACRES,NL-ZH,2026-02-16,2026-02-22,Weekly,,KG,3.357,3.357,592.8153686523438,xgboost_feat
PEAR_ABATE,GREENACRES,NL-ZH,2026-02-23,2026-03-01,Weekly,,KG,3.357,3.357,597.1051025390625,xgboost_feat
PEAR_ABATE,GREENACRES,NL-ZH,2026-03-02,2026-03-08,Weekly,,KG,3.357,3.357,617.7596435546875,xgboost_feat
PEAR_ABATE,GREENACRES,NL-ZH,2026-03-09,2026-03-15,Weekly,,KG,3.357,3.357,620.15869140625,xgboost_feat
PEAR_ABATE,GREENACRES,NL-ZH,2026-03-16,2026-03-22,Weekly,,KG,3.357,3.357,606.10205078125,xgboost_feat
PEAR_ABATE,GREENACRES,NL-ZH,2026-03-23,2026-03-29,Weekly,,KG,3.357,3.357,613.713134765625,xgboost_feat
PEAR_ABATE,GREENACRES,NL-ZH,2026-03-30,2026-04-05,Weekly,,KG,3.357,3.357,624.3910522460938,xgboost_feat
PEAR_ABATE,GREENACRES,NL-ZH,2026-04-06,2026-04-12,Weekly,,KG,3.357,3.357,604.8597412109375,xgboost_feat
PEAR_ABATE,GREENACRES,NL-ZH,2026-04-13,2026-04-19,Weekly,,KG,3.357,3.357,584.4381103515625,xgboost_feat
PEAR_ABATE,GREENACRES,NL-ZH,2026-04-20,2026-04-26,Weekly,,KG,3.357,3.357,597.3870239257812,xgboost_feat
PEAR_ABATE,GREENACRES,NL-ZH,2026-04-27,2026-05-03,Weekly,,KG,3.357,3.357,591.4485473632812,xgboost_feat
PEAR_ABATE,HELLOFRESH,NL-GE,2026-02-02,2026-02-08,Weekly,,KG,3.135,3.135,587.2239990234375,xgboost_feat
PEAR_ABATE,HELLOFRESH,NL-GE,2026-02-09,2026-02-15,Weekly,,KG,3.135,3.135,595.2106323242188,xgboost_feat
PEAR_ABATE,HELLOFRESH,NL-GE,2026-02-16,2026-02-22,Weekly,,KG,3.135,3.135,594.9380493164062,xgboost_feat
PEAR_ABATE,HELLOFRESH,NL-GE,2026-02-23,2026-03-01,Weekly,,KG,3.135,3.135,599.7219848632812,xgboost_feat
PEAR_ABATE,HELLOFRESH,NL-GE,2026-03-02,2026-03-08,Weekly,,KG,3.135,3.135,617.9116821289062,xgboost_feat
PEAR_ABATE,HELLOFRESH,NL-GE,2026-03-09,2026-03-15,Weekly,,KG,3.135,3.135,643.7915649414062,xgboost_feat
PEAR_ABATE,HELLOFRESH,NL-GE,2026-03-16,2026-03-22,Weekly,,KG,3.135,3.135,598.6749877929688,xgboost_feat
PEAR_ABATE,HELLOFRESH,NL-GE,2026-03-23,2026-03-29,Weekly,,KG,3.135,3.135,603.2304077148438,xgboost_feat
PEAR_ABATE,HELLOFRESH,NL-GE,2026-03-30,2026-04-05,Weekly,,KG,3.135,3.135,613.461669921875,xgboost_feat
PEAR_ABATE,HELLOFRESH,NL-GE,2026-04-06,2026-04-12,Weekly,,KG,3.135,3.135,612.275634765625,xgboost_feat
PEAR_ABATE,HELLOFRESH,NL-GE,2026-04-13,2026-04-19,Weekly,,KG,3.135,3.135,580.9923706054688,xgboost_feat
PEAR_ABATE,HELLOFRESH,NL-GE,2026-04-20,2026-04-26,Weekly,,KG,3.135,3.135,600.16015625,xgboost_feat
PEAR_ABATE,HELLOFRESH,NL-GE,2026-04-27,2026-05-03,Weekly,,KG,3.135,3.135,592.6035766601562,xgboost_feat
PEAR_ABATE,HELLOFRESH,NL-NB,2026-02-02,2026-02-08,Weekly,,KG,3.19,3.19,593.215576171875,xgboost_feat
PEAR_ABATE,HELLOFRESH,NL-NB,2026-02-09,2026-02-15,Weekly,,KG,3.19,3.19,602.4852905273438,xgboost_feat
PEAR_ABATE,HELLOFRESH,NL-NB,2026-02-16,2026-02-22,Weekly,,KG,3.19,3.19,620.23095703125,xgboost_feat
PEAR_ABATE,HELLOFRESH,NL-NB,2026-02-23,2026-03-01,Weekly,,KG,3.19,3.19,614.3783569335938,xgboost_feat
PEAR_ABATE,HELLOFRESH,NL-NB,2026-03-02,2026-03-08,Weekly,,KG,3.19,3.19,626.1813354492188,xgboost_feat
PEAR_ABATE,HELLOFRESH,NL-NB,2026-03-09,2026-03-15,Weekly,,KG,3.19,3.19,623.7756958007812,xgboost_feat
PEAR_ABATE,HELLOFRESH,NL-NB,2026-03-16,2026-03-22,Weekly,,KG,3.19,3.19,605.764404296875,xgboost_feat
PEAR_ABATE,HELLOFRESH,NL-NB,2026-03-23,2026-03-29,Weekly,,KG,3.19,3.19,609.1239013671875,xgboost_feat
PEAR_ABATE,HELLOFRESH,NL-NB,2026-03-30,2026-04-05,Weekly,,KG,3.19,3.19,631.6290893554688,xgboost_feat
PEAR_ABATE,HELLOFRESH,NL-NB,2026-04-06,2026-04-12,Weekly,,KG,3.19,3.19,607.9457397460938,xgboost_feat
PEAR_ABATE,HELLOFRESH,NL-NB,2026-04-13,2026-04-19,Weekly,,KG,3.19,3.19,573.2423706054688,xgboost_feat
PEAR_ABATE,HELLOFRESH,NL-NB,2026-04-20,2026-04-26,Weekly,,KG,3.19,3.19,599.56689453125,xgboost_feat
PEAR_ABATE,HELLOFRESH,NL-NB,2026-04-27,2026-05-03,Weekly,,KG,3.19,3.19,586.8499145507812,xgboost_feat
PEAR_ABATE,HELLOFRESH,NL-NH,2026-02-02,2026-02-08,Weekly,,KG,3.21,3.21,592.4275512695312,xgboost_feat
PEAR_ABATE,HELLOFRESH,NL-NH,2026-02-09,2026-02-15,Weekly,,KG,3.21,3.21,564.8480834960938,xgboost_feat
PEAR_ABATE,HELLOFRESH,NL-NH,2026-02-16,2026-02-22,Weekly,,KG,3.21,3.21,593.66162109375,xgboost_feat
PEAR_ABATE,HELLOFRESH,NL-NH,2026-02-23,2026-03-01,Weekly,,KG,3.21,3.21,616.0794067382812,xgboost_feat
PEAR_ABATE,HELLOFRESH,NL-NH,2026-03-02,2026-03-08,Weekly,,KG,3.21,3.21,633.1226806640625,xgboost_feat
PEAR_ABATE,HELLOFRESH,NL-NH,2026-03-09,2026-03-15,Weekly,,KG,3.21,3.21,623.9884643554688,xgboost_feat
PEAR_ABATE,HELLOFRESH,NL-NH,2026-03-16,2026-03-22,Weekly,,KG,3.21,3.21,606.021240234375,xgboost_feat
PEAR_ABATE,HELLOFRESH,NL-NH,2026-03-23,2026-03-29,Weekly,,KG,3.21,3.21,611.9360961914062,xgboost_feat
PEAR_ABATE,HELLOFRESH,NL-NH,2026-03-30,2026-04-05,Weekly,,KG,3.21,3.21,610.9163208007812,xgboost_feat
PEAR_ABATE,HELLOFRESH,NL-NH,2026-04-06,2026-04-12,Weekly,,KG,3.21,3.21,602.8768310546875,xgboost_feat
PEAR_ABATE,HELLOFRESH,NL-NH,2026-04-13,2026-04-19,Weekly,,KG,3.21,3.21,561.6744995117188,xgboost_feat
PEAR_ABATE,HELLOFRESH,NL-NH,2026-04-20,2026-04-26,Weekly,,KG,3.21,3.21,603.5548095703125,xgboost_feat
PEAR_ABATE,HELLOFRESH,NL-NH,2026-04-27,2026-05-03,Weekly,,KG,3.21,3.21,588.2723388671875,xgboost_feat
PEAR_ABATE,HELLOFRESH,NL-ZH,2026-02-02,2026-02-08,Weekly,,KG,3.25,3.25,589.7276611328125,xgboost_feat
PEAR_ABATE,HELLOFRESH,NL-ZH,2026-02-09,2026-02-15,Weekly,,KG,3.25,3.25,595.0839233398438,xgboost_feat
PEAR_ABATE,HELLOFRESH,NL-ZH,2026-02-16,2026-02-22,Weekly,,KG,3.25,3.25,592.37890625,xgboost_feat
PEAR_ABATE,HELLOFRESH,NL-ZH,2026-02-23,2026-03-01,Weekly,,KG,3.25,3.25,597.9239501953125,xgboost_feat
PEAR_ABATE,HELLOFRESH,NL-ZH,2026-03-02,2026-03-08,Weekly,,KG,3.25,3.25,616.4762573242188,xgboost_feat
PEAR_ABATE,HELLOFRESH,NL-ZH,2026-03-09,2026-03-15,Weekly,,KG,3.25,3.25,620.15869140625,xgboost_feat
PEAR_ABATE,HELLOFRESH,NL-ZH,2026-03-16,2026-03-22,Weekly,,KG,3.25,3.25,606.10205078125,xgboost_feat
PEAR_ABATE,HELLOFRESH,NL-ZH,2026-03-23,2026-03-29,Weekly,,KG,3.25,3.25,613.713134765625,xgboost_feat
PEAR_ABATE,HELLOFRESH,NL-ZH,2026-03-30,2026-04-05,Weekly,,KG,3.25,3.25,624.3910522460938,xgboost_feat
PEAR_ABATE,HELLOFRESH,NL-ZH,2026-04-06,2026-04-12,Weekly,,KG,3.25,3.25,604.8597412109375,xgboost_feat
PEAR_ABATE,HELLOFRESH,NL-ZH,2026-04-13,2026-04-19,Weekly,,KG,3.25,3.25,584.5384521484375,xgboost_feat
PEAR_ABATE,HELLOFRESH,NL-ZH,2026-04-20,2026-04-26,Weekly,,KG,3.25,3.25,596.43408203125,xgboost_feat
PEAR_ABATE,HELLOFRESH,NL-ZH,2026-04-27,2026-05-03,Weekly,,KG,3.25,3.25,593.480712890625,xgboost_feat
PEAR_ABATE,HOLLANDFOODSERVICE,NL-GE,2026-02-02,2026-02-08,Weekly,,KG,2.869,2.869,581.3677978515625,xgboost_feat
PEAR_ABATE,HOLLANDFOODSERVICE,NL-GE,2026-02-09,2026-02-15,Weekly,,KG,2.869,2.869,596.3002319335938,xgboost_feat
PEAR_ABATE,HOLLANDFOODSERVICE,NL-GE,2026-02-16,2026-02-22,Weekly,,KG,2.869,2.869,595.0363159179688,xgboost_feat
PEAR_ABATE,HOLLANDFOODSERVICE,NL-GE,2026-02-23,2026-03-01,Weekly,,KG,2.869,2.869,599.0343627929688,xgboost_feat
PEAR_ABATE,HOLLANDFOODSERVICE,NL-GE,2026-03-02,2026-03-08,Weekly,,KG,2.869,2.869,617.9678344726562,xgboost_feat
PEAR_ABATE,HOLLANDFOODSERVICE,NL-GE,2026-03-09,2026-03-15,Weekly,,KG,2.869,2.869,643.7915649414062,xgboost_feat
PEAR_ABATE,HOLLANDFOODSERVICE,NL-GE,2026-03-16,2026-03-22,Weekly,,KG,2.869,2.869,598.6749877929688,xgboost_feat
PEAR_ABATE,HOLLANDFOODSERVICE,NL-GE,2026-03-23,2026-03-29,Weekly,,KG,2.869,2.869,603.2304077148438,xgboost_feat
PEAR_ABATE,HOLLANDFOODSERVICE,NL-GE,2026-03-30,2026-04-05,Weekly,,KG,2.869,2.869,613.461669921875,xgboost_feat
PEAR_ABATE,HOLLANDFOODSERVICE,NL-GE,2026-04-06,2026-04-12,Weekly,,KG,2.869,2.869,612.275634765625,xgboost_feat
PEAR_ABATE,HOLLANDFOODSERVICE,NL-GE,2026-04-13,2026-04-19,Weekly,,KG,2.869,2.869,581.3508911132812,xgboost_feat
PEAR_ABATE,HOLLANDFOODSERVICE,NL-GE,2026-04-20,2026-04-26,Weekly,,KG,2.869,2.869,600.3272705078125,xgboost_feat
PEAR_ABATE,HOLLANDFOODSERVICE,NL-GE,2026-04-27,2026-05-03,Weekly,,KG,2.869,2.869,592.6194458007812,xgboost_feat
PEAR_ABATE,HOLLANDFOODSERVICE,NL-NB,2026-02-02,2026-02-08,Weekly,,KG,3.143,3.143,592.9201049804688,xgboost_feat
PEAR_ABATE,HOLLANDFOODSERVICE,NL-NB,2026-02-09,2026-02-15,Weekly,,KG,3.143,3.143,598.6764526367188,xgboost_feat
PEAR_ABATE,HOLLANDFOODSERVICE,NL-NB,2026-02-16,2026-02-22,Weekly,,KG,3.143,3.143,615.0950317382812,xgboost_feat
PEAR_ABATE,HOLLANDFOODSERVICE,NL-NB,2026-02-23,2026-03-01,Weekly,,KG,3.143,3.143,613.7265014648438,xgboost_feat
PEAR_ABATE,HOLLANDFOODSERVICE,NL-NB,2026-03-02,2026-03-08,Weekly,,KG,3.143,3.143,626.1051025390625,xgboost_feat
PEAR_ABATE,HOLLANDFOODSERVICE,NL-NB,2026-03-09,2026-03-15,Weekly,,KG,3.143,3.143,622.7363891601562,xgboost_feat
PEAR_ABATE,HOLLANDFOODSERVICE,NL-NB,2026-03-16,2026-03-22,Weekly,,KG,3.143,3.143,605.0580444335938,xgboost_feat
PEAR_ABATE,HOLLANDFOODSERVICE,NL-NB,2026-03-23,2026-03-29,Weekly,,KG,3.143,3.143,604.8941650390625,xgboost_feat
PEAR_ABATE,HOLLANDFOODSERVICE,NL-NB,2026-03-30,2026-04-05,Weekly,,KG,3.143,3.143,631.4196166992188,xgboost_feat
PEAR_ABATE,HOLLANDFOODSERVICE,NL-NB,2026-04-06,2026-04-12,Weekly,,KG,3.143,3.143,608.1527709960938,xgboost_feat
PEAR_ABATE,HOLLANDFOODSERVICE,NL-NB,2026-04-13,2026-04-19,Weekly,,KG,3.143,3.143,573.1420288085938,xgboost_feat
PEAR_ABATE,HOLLANDFOODSERVICE,NL-NB,2026-04-20,2026-04-26,Weekly,,KG,3.143,3.143,599.3564453125,xgboost_feat
PEAR_ABATE,HOLLANDFOODSERVICE,NL-NB,2026-04-27,2026-05-03,Weekly,,KG,3.143,3.143,587.0394897460938,xgboost_feat
PEAR_ABATE,HOLLANDFOODSERVICE,NL-NH,2026-02-02,2026-02-08,Weekly,,KG,3.337,3.337,584.5368041992188,xgboost_feat
PEAR_ABATE,HOLLANDFOODSERVICE,NL-NH,2026-02-09,2026-02-15,Weekly,,KG,3.337,3.337,563.8283081054688,xgboost_feat
PEAR_ABATE,HOLLANDFOODSERVICE,NL-NH,2026-02-16,2026-02-22,Weekly,,KG,3.337,3.337,594.3504028320312,xgboost_feat
PEAR_ABATE,HOLLANDFOODSERVICE,NL-NH,2026-02-23,2026-03-01,Weekly,,KG,3.337,3.337,616.5776977539062,xgboost_feat
PEAR_ABATE,HOLLANDFOODSERVICE,NL-NH,2026-03-02,2026-03-08,Weekly,,KG,3.337,3.337,639.079345703125,xgboost_feat
PEAR_ABATE,HOLLANDFOODSERVICE,NL-NH,2026-03-09,2026-03-15,Weekly,,KG,3.337,3.337,623.9954223632812,xgboost_feat
PEAR_ABATE,HOLLANDFOODSERVICE,NL-NH,2026-03-16,2026-03-22,Weekly,,KG,3.337,3.337,606.020263671875,xgboost_feat
PEAR_ABATE,HOLLANDFOODSERVICE,NL-NH,2026-03-23,2026-03-29,Weekly,,KG,3.337,3.337,612.6331176757812,xgboost_feat
PEAR_ABATE,HOLLANDFOODSERVICE,NL-NH,2026-03-30,2026-04-05,Weekly,,KG,3.337,3.337,611.8450927734375,xgboost_feat
PEAR_ABATE,HOLLANDFOODSERVICE,NL-NH,2026-04-06,2026-04-12,Weekly,,KG,3.337,3.337,602.88232421875,xgboost_feat
PEAR_ABATE,HOLLANDFOODSERVICE,NL-NH,2026-04-13,2026-04-19,Weekly,,KG,3.337,3.337,561.5740356445312,xgboost_feat
PEAR_ABATE,HOLLANDFOODSERVICE,NL-NH,2026-04-20,2026-04-26,Weekly,,KG,3.337,3.337,603.192138671875,xgboost_feat
PEAR_ABATE,HOLLANDFOODSERVICE,NL-NH,2026-04-27,2026-05-03,Weekly,,KG,3.337,3.337,588.3274536132812,xgboost_feat
PEAR_ABATE,HOLLANDFOODSERVICE,NL-ZH,2026-02-02,2026-02-08,Weekly,,KG,3.302,3.302,581.8628540039062,xgboost_feat
PEAR_ABATE,HOLLANDFOODSERVICE,NL-ZH,2026-02-09,2026-02-15,Weekly,,KG,3.302,3.302,592.01953125,xgboost_feat
PEAR_ABATE,HOLLANDFOODSERVICE,NL-ZH,2026-02-16,2026-02-22,Weekly,,KG,3.302,3.302,592.9190063476562,xgboost_feat
PEAR_ABATE,HOLLANDFOODSERVICE,NL-ZH,2026-02-23,2026-03-01,Weekly,,KG,3.302,3.302,597.20849609375,xgboost_feat
PEAR_ABATE,HOLLANDFOODSERVICE,NL-ZH,2026-03-02,2026-03-08,Weekly,,KG,3.302,3.302,617.7596435546875,xgboost_feat
PEAR_ABATE,HOLLANDFOODSERVICE,NL-ZH,2026-03-09,2026-03-15,Weekly,,KG,3.302,3.302,620.15869140625,xgboost_feat
PEAR_ABATE,HOLLANDFOODSERVICE,NL-ZH,2026-03-16,2026-03-22,Weekly,,KG,3.302,3.302,606.10205078125,xgboost_feat
PEAR_ABATE,HOLLANDFOODSERVICE,NL-ZH,2026-03-23,2026-03-29,Weekly,,KG,3.302,3.302,613.713134765625,xgboost_feat
PEAR_ABATE,HOLLANDFOODSERVICE,NL-ZH,2026-03-30,2026-04-05,Weekly,,KG,3.302,3.302,624.3910522460938,xgboost_feat
PEAR_ABATE,HOLLANDFOODSERVICE,NL-ZH,2026-04-06,2026-04-12,Weekly,,KG,3.302,3.302,604.8597412109375,xgboost_feat
PEAR_ABATE,HOLLANDFOODSERVICE,NL-ZH,2026-04-13,2026-04-19,Weekly,,KG,3.302,3.302,584.4381103515625,xgboost_feat
PEAR_ABATE,HOLLANDFOODSERVICE,NL-ZH,2026-04-20,2026-04-26,Weekly,,KG,3.302,3.302,596.3902587890625,xgboost_feat
PEAR_ABATE,HOLLANDFOODSERVICE,NL-ZH,2026-04-27,2026-05-03,Weekly,,KG,3.302,3.302,593.4140625,xgboost_feat
PEAR_ABATE,JUMBO,NL-GE,2026-02-02,2026-02-08,Weekly,,KG,2.93,2.93,582.4683227539062,xgboost_feat
PEAR_ABATE,JUMBO,NL-GE,2026-02-09,2026-02-15,Weekly,,KG,2.93,2.93,595.0079956054688,xgboost_feat
PEAR_ABATE,JUMBO,NL-GE,2026-02-16,2026-02-22,Weekly,,KG,2.93,2.93,598.2761840820312,xgboost_feat
PEAR_ABATE,JUMBO,NL-GE,2026-02-23,2026-03-01,Weekly,,KG,2.93,2.93,599.8946533203125,xgboost_feat
PEAR_ABATE,JUMBO,NL-GE,2026-03-02,2026-03-08,Weekly,,KG,2.93,2.93,616.6697998046875,xgboost_feat
PEAR_ABATE,JUMBO,NL-GE,2026-03-09,2026-03-15,Weekly,,KG,2.93,2.93,643.4019165039062,xgboost_feat
PEAR_ABATE,JUMBO,NL-GE,2026-03-16,2026-03-22,Weekly,,KG,2.93,2.93,592.0311279296875,xgboost_feat
PEAR_ABATE,JUMBO,NL-GE,2026-03-23,2026-03-29,Weekly,,KG,2.93,2.93,601.7364501953125,xgboost_feat
PEAR_ABATE,JUMBO,NL-GE,2026-03-30,2026-04-05,Weekly,,KG,2.93,2.93,606.6242065429688,xgboost_feat
PEAR_ABATE,JUMBO,NL-GE,2026-04-06,2026-04-12,Weekly,,KG,2.93,2.93,606.4182739257812,xgboost_feat
PEAR_ABATE,JUMBO,NL-GE,2026-04-13,2026-04-19,Weekly,,KG,2.93,2.93,574.18994140625,xgboost_feat
PEAR_ABATE,JUMBO,NL-GE,2026-04-20,2026-04-26,Weekly,,KG,2.93,2.93,596.0562133789062,xgboost_feat
PEAR_ABATE,JUMBO,NL-GE,2026-04-27,2026-05-03,Weekly,,KG,2.93,2.93,588.595947265625,xgboost_feat
PEAR_ABATE,JUMBO,NL-NB,2026-02-02,2026-02-08,Weekly,,KG,3.157,3.157,585.3133544921875,xgboost_feat
PEAR_ABATE,JUMBO,NL-NB,2026-02-09,2026-02-15,Weekly,,KG,3.157,3.157,600.45458984375,xgboost_feat
PEAR_ABATE,JUMBO,NL-NB,2026-02-16,2026-02-22,Weekly,,KG,3.157,3.157,619.3682250976562,xgboost_feat
PEAR_ABATE,JUMBO,NL-NB,2026-02-23,2026-03-01,Weekly,,KG,3.157,3.157,602.9547119140625,xgboost_feat
PEAR_ABATE,JUMBO,NL-NB,2026-03-02,2026-03-08,Weekly,,KG,3.157,3.157,621.5279541015625,xgboost_feat
PEAR_ABATE,JUMBO,NL-NB,2026-03-09,2026-03-15,Weekly,,KG,3.157,3.157,618.069580078125,xgboost_feat
PEAR_ABATE,JUMBO,NL-NB,2026-03-16,2026-03-22,Weekly,,KG,3.157,3.157,600.3482666015625,xgboost_feat
PEAR_ABATE,JUMBO,NL-NB,2026-03-23,2026-03-29,Weekly,,KG,3.157,3.157,597.3798217773438,xgboost_feat
PEAR_ABATE,JUMBO,NL-NB,2026-03-30,2026-04-05,Weekly,,KG,3.157,3.157,621.9613647460938,xgboost_feat
PEAR_ABATE,JUMBO,NL-NB,2026-04-06,2026-04-12,Weekly,,KG,3.157,3.157,600.3505859375,xgboost_feat
PEAR_ABATE,JUMBO,NL-NB,2026-04-13,2026-04-19,Weekly,,KG,3.157,3.157,560.99267578125,xgboost_feat
PEAR_ABATE,JUMBO,NL-NB,2026-04-20,2026-04-26,Weekly,,KG,3.157,3.157,598.5546875,xgboost_feat
PEAR_ABATE,JUMBO,NL-NB,2026-04-27,2026-05-03,Weekly,,KG,3.157,3.157,577.8802490234375,xgboost_feat
PEAR_ABATE,JUMBO,NL-NH,2026-02-02,2026-02-08,Weekly,,KG,3.336,3.336,596.3521118164062,xgboost_feat
PEAR_ABATE,JUMBO,NL-NH,2026-02-09,2026-02-15,Weekly,,KG,3.336,3.336,560.9094848632812,xgboost_feat
PEAR_ABATE,JUMBO,NL-NH,2026-02-16,2026-02-22,Weekly,,KG,3.336,3.336,582.0187377929688,xgboost_feat
PEAR_ABATE,JUMBO,NL-NH,2026-02-23,2026-03-01,Weekly,,KG,3.336,3.336,612.798095703125,xgboost_feat
PEAR_ABATE,JUMBO,NL-NH,2026-03-02,2026-03-08,Weekly,,KG,3.336,3.336,626.3799438476562,xgboost_feat
PEAR_ABATE,JUMBO,NL-NH,2026-03-09,2026-03-15,Weekly,,KG,3.336,3.336,627.1705932617188,xgboost_feat
PEAR_ABATE,JUMBO,NL-NH,2026-03-16,2026-03-22,Weekly,,KG,3.336,3.336,603.7124633789062,xgboost_feat
PEAR_ABATE,JUMBO,NL-NH,2026-03-23,2026-03-29,Weekly,,KG,3.336,3.336,604.5582885742188,xgboost_feat
PEAR_ABATE,JUMBO,NL-NH,2026-03-30,2026-04-05,Weekly,,KG,3.336,3.336,604.795166015625,xgboost_feat
PEAR_ABATE,JUMBO,NL-NH,2026-04-06,2026-04-12,Weekly,,KG,3.336,3.336,596.1385498046875,xgboost_feat
PEAR_ABATE,JUMBO,NL-NH,2026-04-13,2026-04-19,Weekly,,KG,3.336,3.336,550.5731811523438,xgboost_feat
PEAR_ABATE,JUMBO,NL-NH,2026-04-20,2026-04-26,Weekly,,KG,3.336,3.336,601.5248413085938,xgboost_feat
PEAR_ABATE,JUMBO,NL-NH,2026-04-27,2026-05-03,Weekly,,KG,3.336,3.336,582.402587890625,xgboost_feat
PEAR_ABATE,JUMBO,NL-ZH,2026-02-02,2026-02-08,Weekly,,KG,3.323,3.323,571.1913452148438,xgboost_feat
PEAR_ABATE,JUMBO,NL-ZH,2026-02-09,2026-02-15,Weekly,,KG,3.323,3.323,585.4444580078125,xgboost_feat
PEAR_ABATE,JUMBO,NL-ZH,2026-02-16,2026-02-22,Weekly,,KG,3.323,3.323,584.9808959960938,xgboost_feat
PEAR_ABATE,JUMBO,NL-ZH,2026-02-23,2026-03-01,Weekly,,KG,3.323,3.323,594.1113891601562,xgboost_feat
PEAR_ABATE,JUMBO,NL-ZH,2026-03-02,2026-03-08,Weekly,,KG,3.323,3.323,622.1150512695312,xgboost_feat
PEAR_ABATE,JUMBO,NL-ZH,2026-03-09,2026-03-15,Weekly,,KG,3.323,3.323,621.263916015625,xgboost_feat
PEAR_ABATE,JUMBO,NL-ZH,2026-03-16,2026-03-22,Weekly,,KG,3.323,3.323,609.8009643554688,xgboost_feat
PEAR_ABATE,JUMBO,NL-ZH,2026-03-23,2026-03-29,Weekly,,KG,3.323,3.323,612.7183227539062,xgboost_feat
PEAR_ABATE,JUMBO,NL-ZH,2026-03-30,2026-04-05,Weekly,,KG,3.323,3.323,627.2783813476562,xgboost_feat
PEAR_ABATE,JUMBO,NL-ZH,2026-04-06,2026-04-12,Weekly,,KG,3.323,3.323,603.2319946289062,xgboost_feat
PEAR_ABATE,JUMBO,NL-ZH,2026-04-13,2026-04-19,Weekly,,KG,3.323,3.323,582.3173828125,xgboost_feat
PEAR_ABATE,JUMBO,NL-ZH,2026-04-20,2026-04-26,Weekly,,KG,3.323,3.323,593.0355224609375,xgboost_feat
PEAR_ABATE,JUMBO,NL-ZH,2026-04-27,2026-05-03,Weekly,,KG,3.323,3.323,588.7955322265625,xgboost_feat
PEAR_ABATE,MELEDI,NL-GE,2026-02-02,2026-02-08,Weekly,,KG,3.07,3.07,583.62060546875,xgboost_feat
PEAR_ABATE,MELEDI,NL-GE,2026-02-09,2026-02-15,Weekly,,KG,3.07,3.07,596.3002319335938,xgboost_feat
PEAR_ABATE,MELEDI,NL-GE,2026-02-16,2026-02-22,Weekly,,KG,3.07,3.07,594.9380493164062,xgboost_feat
PEAR_ABATE,MELEDI,NL-GE,2026-02-23,2026-03-01,Weekly,,KG,3.07,3.07,599.0343627929688,xgboost_feat
PEAR_ABATE,MELEDI,NL-GE,2026-03-02,2026-03-08,Weekly,,KG,3.07,3.07,617.9678344726562,xgboost_feat
PEAR_ABATE,MELEDI,NL-GE,2026-03-09,2026-03-15,Weekly,,KG,3.07,3.07,643.7915649414062,xgboost_feat
PEAR_ABATE,MELEDI,NL-GE,2026-03-16,2026-03-22,Weekly,,KG,3.07,3.07,598.6749877929688,xgboost_feat
PEAR_ABATE,MELEDI,NL-GE,2026-03-23,2026-03-29,Weekly,,KG,3.07,3.07,603.2304077148438,xgboost_feat
PEAR_ABATE,MELEDI,NL-GE,2026-03-30,2026-04-05,Weekly,,KG,3.07,3.07,613.461669921875,xgboost_feat
PEAR_ABATE,MELEDI,NL-GE,2026-04-06,2026-04-12,Weekly,,KG,3.07,3.07,612.275634765625,xgboost_feat
PEAR_ABATE,MELEDI,NL-GE,2026-04-13,2026-04-19,Weekly,,KG,3.07,3.07,580.9918823242188,xgboost_feat
PEAR_ABATE,MELEDI,NL-GE,2026-04-20,2026-04-26,Weekly,,KG,3.07,3.07,599.8355712890625,xgboost_feat
PEAR_ABATE,MELEDI,NL-GE,2026-04-27,2026-05-03,Weekly,,KG,3.07,3.07,592.7247924804688,xgboost_feat
PEAR_ABATE,MELEDI,NL-NB,2026-02-02,2026-02-08,Weekly,,KG,3.106,3.106,586.2550659179688,xgboost_feat
PEAR_ABATE,MELEDI,NL-NB,2026-02-09,2026-02-15,Weekly,,KG,3.106,3.106,599.2023315429688,xgboost_feat
PEAR_ABATE,MELEDI,NL-NB,2026-02-16,2026-02-22,Weekly,,KG,3.106,3.106,615.1160888671875,xgboost_feat
PEAR_ABATE,MELEDI,NL-NB,2026-02-23,2026-03-01,Weekly,,KG,3.106,3.106,613.7265014648438,xgboost_feat
PEAR_ABATE,MELEDI,NL-NB,2026-03-02,2026-03-08,Weekly,,KG,3.106,3.106,627.2526245117188,xgboost_feat
PEAR_ABATE,MELEDI,NL-NB,2026-03-09,2026-03-15,Weekly,,KG,3.106,3.106,622.7363891601562,xgboost_feat
PEAR_ABATE,MELEDI,NL-NB,2026-03-16,2026-03-22,Weekly,,KG,3.106,3.106,605.0580444335938,xgboost_feat
PEAR_ABATE,MELEDI,NL-NB,2026-03-23,2026-03-29,Weekly,,KG,3.106,3.106,604.8941650390625,xgboost_feat
PEAR_ABATE,MELEDI,NL-NB,2026-03-30,2026-04-05,Weekly,,KG,3.106,3.106,631.4196166992188,xgboost_feat
PEAR_ABATE,MELEDI,NL-NB,2026-04-06,2026-04-12,Weekly,,KG,3.106,3.106,608.1527709960938,xgboost_feat
PEAR_ABATE,MELEDI,NL-NB,2026-04-13,2026-04-19,Weekly,,KG,3.106,3.106,573.1420288085938,xgboost_feat
PEAR_ABATE,MELEDI,NL-NB,2026-04-20,2026-04-26,Weekly,,KG,3.106,3.106,599.3564453125,xgboost_feat
PEAR_ABATE,MELEDI,NL-NB,2026-04-27,2026-05-03,Weekly,,KG,3.106,3.106,587.0394897460938,xgboost_feat
PEAR_ABATE,MELEDI,NL-NH,2026-02-02,2026-02-08,Weekly,,KG,3.139,3.139,585.4794311523438,xgboost_feat
PEAR_ABATE,MELEDI,NL-NH,2026-02-09,2026-02-15,Weekly,,KG,3.139,3.139,563.5498046875,xgboost_feat
PEAR_ABATE,MELEDI,NL-NH,2026-02-16,2026-02-22,Weekly,,KG,3.139,3.139,594.2207641601562,xgboost_feat
PEAR_ABATE,MELEDI,NL-NH,2026-02-23,2026-03-01,Weekly,,KG,3.139,3.139,615.5120239257812,xgboost_feat
PEAR_ABATE,MELEDI,NL-NH,2026-03-02,2026-03-08,Weekly,,KG,3.139,3.139,639.079345703125,xgboost_feat
PEAR_ABATE,MELEDI,NL-NH,2026-03-09,2026-03-15,Weekly,,KG,3.139,3.139,623.9954223632812,xgboost_feat
PEAR_ABATE,MELEDI,NL-NH,2026-03-16,2026-03-22,Weekly,,KG,3.139,3.139,606.020263671875,xgboost_feat
PEAR_ABATE,MELEDI,NL-NH,2026-03-23,2026-03-29,Weekly,,KG,3.139,3.139,612.6331176757812,xgboost_feat
PEAR_ABATE,MELEDI,NL-NH,2026-03-30,2026-04-05,Weekly,,KG,3.139,3.139,611.8450927734375,xgboost_feat
PEAR_ABATE,MELEDI,NL-NH,2026-04-06,2026-04-12,Weekly,,KG,3.139,3.139,602.88232421875,xgboost_feat
PEAR_ABATE,MELEDI,NL-NH,2026-04-13,2026-04-19,Weekly,,KG,3.139,3.139,561.2979125976562,xgboost_feat
PEAR_ABATE,MELEDI,NL-NH,2026-04-20,2026-04-26,Weekly,,KG,3.139,3.139,602.92529296875,xgboost_feat
PEAR_ABATE,MELEDI,NL-NH,2026-04-27,2026-05-03,Weekly,,KG,3.139,3.139,588.3236694335938,xgboost_feat
PEAR_ABATE,MELEDI,NL-ZH,2026-02-02,2026-02-08,Weekly,,KG,3.347,3.347,589.6973876953125,xgboost_feat
PEAR_ABATE,MELEDI,NL-ZH,2026-02-09,2026-02-15,Weekly,,KG,3.347,3.347,590.2889404296875,xgboost_feat
PEAR_ABATE,MELEDI,NL-ZH,2026-02-16,2026-02-22,Weekly,,KG,3.347,3.347,592.4359741210938,xgboost_feat
PEAR_ABATE,MELEDI,NL-ZH,2026-02-23,2026-03-01,Weekly,,KG,3.347,3.347,597.110107421875,xgboost_feat
PEAR_ABATE,MELEDI,NL-ZH,2026-03-02,2026-03-08,Weekly,,KG,3.347,3.347,616.4762573242188,xgboost_feat
PEAR_ABATE,MELEDI,NL-ZH,2026-03-09,2026-03-15,Weekly,,KG,3.347,3.347,619.67919921875,xgboost_feat
PEAR_ABATE,MELEDI,NL-ZH,2026-03-16,2026-03-22,Weekly,,KG,3.347,3.347,606.10205078125,xgboost_feat
PEAR_ABATE,MELEDI,NL-ZH,2026-03-23,2026-03-29,Weekly,,KG,3.347,3.347,613.713134765625,xgboost_feat
PEAR_ABATE,MELEDI,NL-ZH,2026-03-30,2026-04-05,Weekly,,KG,3.347,3.347,624.3910522460938,xgboost_feat
PEAR_ABATE,MELEDI,NL-ZH,2026-04-06,2026-04-12,Weekly,,KG,3.347,3.347,604.8597412109375,xgboost_feat
PEAR_ABATE,MELEDI,NL-ZH,2026-04-13,2026-04-19,Weekly,,KG,3.347,3.347,584.5379638671875,xgboost_feat
PEAR_ABATE,MELEDI,NL-ZH,2026-04-20,2026-04-26,Weekly,,KG,3.347,3.347,596.2806396484375,xgboost_feat
PEAR_ABATE,MELEDI,NL-ZH,2026-04-27,2026-05-03,Weekly,,KG,3.347,3.347,593.162841796875,xgboost_feat
PEAR_ABATE,PICNIC,NL-GE,2026-02-02,2026-02-08,Weekly,,KG,3.225,3.225,586.9291381835938,xgboost_feat
PEAR_ABATE,PICNIC,NL-GE,2026-02-09,2026-02-15,Weekly,,KG,3.225,3.225,595.2106323242188,xgboost_feat
PEAR_ABATE,PICNIC,NL-GE,2026-02-16,2026-02-22,Weekly,,KG,3.225,3.225,594.9380493164062,xgboost_feat
PEAR_ABATE,PICNIC,NL-GE,2026-02-23,2026-03-01,Weekly,,KG,3.225,3.225,599.7219848632812,xgboost_feat
PEAR_ABATE,PICNIC,NL-GE,2026-03-02,2026-03-08,Weekly,,KG,3.225,3.225,617.9116821289062,xgboost_feat
PEAR_ABATE,PICNIC,NL-GE,2026-03-09,2026-03-15,Weekly,,KG,3.225,3.225,643.7915649414062,xgboost_feat
PEAR_ABATE,PICNIC,NL-GE,2026-03-16,2026-03-22,Weekly,,KG,3.225,3.225,598.6749877929688,xgboost_feat
PEAR_ABATE,PICNIC,NL-GE,2026-03-23,2026-03-29,Weekly,,KG,3.225,3.225,603.2304077148438,xgboost_feat
PEAR_ABATE,PICNIC,NL-GE,2026-03-30,2026-04-05,Weekly,,KG,3.225,3.225,613.461669921875,xgboost_feat
PEAR_ABATE,PICNIC,NL-GE,2026-04-06,2026-04-12,Weekly,,KG,3.225,3.225,612.275634765625,xgboost_feat
PEAR_ABATE,PICNIC,NL-GE,2026-04-13,2026-04-19,Weekly,,KG,3.225,3.225,580.9923706054688,xgboost_feat
PEAR_ABATE,PICNIC,NL-GE,2026-04-20,2026-04-26,Weekly,,KG,3.225,3.225,600.16015625,xgboost_feat
PEAR_ABATE,PICNIC,NL-GE,2026-04-27,2026-05-03,Weekly,,KG,3.225,3.225,592.6035766601562,xgboost_feat
PEAR_ABATE,PICNIC,NL-NB,2026-02-02,2026-02-08,Weekly,,KG,3.133,3.133,596.4789428710938,xgboost_feat
PEAR_ABATE,PICNIC,NL-NB,2026-02-09,2026-02-15,Weekly,,KG,3.133,3.133,601.6213989257812,xgboost_feat
PEAR_ABATE,PICNIC,NL-NB,2026-02-16,2026-02-22,Weekly,,KG,3.133,3.133,620.233642578125,xgboost_feat
PEAR_ABATE,PICNIC,NL-NB,2026-02-23,2026-03-01,Weekly,,KG,3.133,3.133,615.3714599609375,xgboost_feat
PEAR_ABATE,PICNIC,NL-NB,2026-03-02,2026-03-08,Weekly,,KG,3.133,3.133,626.8046264648438,xgboost_feat
PEAR_ABATE,PICNIC,NL-NB,2026-03-09,2026-03-15,Weekly,,KG,3.133,3.133,622.5957641601562,xgboost_feat
PEAR_ABATE,PICNIC,NL-NB,2026-03-16,2026-03-22,Weekly,,KG,3.133,3.133,605.764892578125,xgboost_feat
PEAR_ABATE,PICNIC,NL-NB,2026-03-23,2026-03-29,Weekly,,KG,3.133,3.133,609.1239013671875,xgboost_feat
PEAR_ABATE,PICNIC,NL-NB,2026-03-30,2026-04-05,Weekly,,KG,3.133,3.133,631.6290893554688,xgboost_feat
PEAR_ABATE,PICNIC,NL-NB,2026-04-06,2026-04-12,Weekly,,KG,3.133,3.133,607.9457397460938,xgboost_feat
PEAR_ABATE,PICNIC,NL-NB,2026-04-13,2026-04-19,Weekly,,KG,3.133,3.133,573.2423706054688,xgboost_feat
PEAR_ABATE,PICNIC,NL-NB,2026-04-20,2026-04-26,Weekly,,KG,3.133,3.133,599.56689453125,xgboost_feat
PEAR_ABATE,PICNIC,NL-NB,2026-04-27,2026-05-03,Weekly,,KG,3.133,3.133,586.7328491210938,xgboost_feat
PEAR_ABATE,PICNIC,NL-NH,2026-02-02,2026-02-08,Weekly,,KG,3.121,3.121,592.4275512695312,xgboost_feat
PEAR_ABATE,PICNIC,NL-NH,2026-02-09,2026-02-15,Weekly,,KG,3.121,3.121,564.8480834960938,xgboost_feat
PEAR_ABATE,PICNIC,NL-NH,2026-02-16,2026-02-22,Weekly,,KG,3.121,3.121,593.66162109375,xgboost_feat
PEAR_ABATE,PICNIC,NL-NH,2026-02-23,2026-03-01,Weekly,,KG,3.121,3.121,616.0794067382812,xgboost_feat
PEAR_ABATE,PICNIC,NL-NH,2026-03-02,2026-03-08,Weekly,,KG,3.121,3.121,633.1226806640625,xgboost_feat
PEAR_ABATE,PICNIC,NL-NH,2026-03-09,2026-03-15,Weekly,,KG,3.121,3.121,623.9884643554688,xgboost_feat
PEAR_ABATE,PICNIC,NL-NH,2026-03-16,2026-03-22,Weekly,,KG,3.121,3.121,606.021240234375,xgboost_feat
PEAR_ABATE,PICNIC,NL-NH,2026-03-23,2026-03-29,Weekly,,KG,3.121,3.121,611.9360961914062,xgboost_feat
PEAR_ABATE,PICNIC,NL-NH,2026-03-30,2026-04-05,Weekly,,KG,3.121,3.121,610.9163208007812,xgboost_feat
PEAR_ABATE,PICNIC,NL-NH,2026-04-06,2026-04-12,Weekly,,KG,3.121,3.121,602.8768310546875,xgboost_feat
PEAR_ABATE,PICNIC,NL-NH,2026-04-13,2026-04-19,Weekly,,KG,3.121,3.121,561.6744995117188,xgboost_feat
PEAR_ABATE,PICNIC,NL-NH,2026-04-20,2026-04-26,Weekly,,KG,3.121,3.121,603.913818359375,xgboost_feat
PEAR_ABATE,PICNIC,NL-NH,2026-04-27,2026-05-03,Weekly,,KG,3.121,3.121,588.3690185546875,xgboost_feat
PEAR_ABATE,PICNIC,NL-ZH,2026-02-02,2026-02-08,Weekly,,KG,3.415,3.415,589.7276611328125,xgboost_feat
PEAR_ABATE,PICNIC,NL-ZH,2026-02-09,2026-02-15,Weekly,,KG,3.415,3.415,595.8201904296875,xgboost_feat
PEAR_ABATE,PICNIC,NL-ZH,2026-02-16,2026-02-22,Weekly,,KG,3.415,3.415,592.37890625,xgboost_feat
PEAR_ABATE,PICNIC,NL-ZH,2026-02-23,2026-03-01,Weekly,,KG,3.415,3.415,598.197998046875,xgboost_feat
PEAR_ABATE,PICNIC,NL-ZH,2026-03-02,2026-03-08,Weekly,,KG,3.415,3.415,616.4762573242188,xgboost_feat
PEAR_ABATE,PICNIC,NL-ZH,2026-03-09,2026-03-15,Weekly,,KG,3.415,3.415,620.15869140625,xgboost_feat
PEAR_ABATE,PICNIC,NL-ZH,2026-03-16,2026-03-22,Weekly,,KG,3.415,3.415,606.10205078125,xgboost_feat
PEAR_ABATE,PICNIC,NL-ZH,2026-03-23,2026-03-29,Weekly,,KG,3.415,3.415,613.713134765625,xgboost_feat
PEAR_ABATE,PICNIC,NL-ZH,2026-03-30,2026-04-05,Weekly,,KG,3.415,3.415,624.3910522460938,xgboost_feat
PEAR_ABATE,PICNIC,NL-ZH,2026-04-06,2026-04-12,Weekly,,KG,3.415,3.415,604.8597412109375,xgboost_feat
PEAR_ABATE,PICNIC,NL-ZH,2026-04-13,2026-04-19,Weekly,,KG,3.415,3.415,584.5384521484375,xgboost_feat
PEAR_ABATE,PICNIC,NL-ZH,2026-04-20,2026-04-26,Weekly,,KG,3.415,3.415,596.2962646484375,xgboost_feat
PEAR_ABATE,PICNIC,NL-ZH,2026-04-27,2026-05-03,Weekly,,KG,3.415,3.415,593.546630859375,xgboost_feat
PEAR_ABATE,PLUS,NL-GE,2026-02-02,2026-02-08,Weekly,,KG,3.027,3.027,583.7722778320312,xgboost_feat
PEAR_ABATE,PLUS,NL-GE,2026-02-09,2026-02-15,Weekly,,KG,3.027,3.027,586.1064453125,xgboost_feat
PEAR_ABATE,PLUS,NL-GE,2026-02-16,2026-02-22,Weekly,,KG,3.027,3.027,597.8937377929688,xgboost_feat
PEAR_ABATE,PLUS,NL-GE,2026-02-23,2026-03-01,Weekly,,KG,3.027,3.027,601.3637084960938,xgboost_feat
PEAR_ABATE,PLUS,NL-GE,2026-03-02,2026-03-08,Weekly,,KG,3.027,3.027,618.715576171875,xgboost_feat
PEAR_ABATE,PLUS,NL-GE,2026-03-09,2026-03-15,Weekly,,KG,3.027,3.027,641.2390747070312,xgboost_feat
PEAR_ABATE,PLUS,NL-GE,2026-03-16,2026-03-22,Weekly,,KG,3.027,3.027,596.917236328125,xgboost_feat
PEAR_ABATE,PLUS,NL-GE,2026-03-23,2026-03-29,Weekly,,KG,3.027,3.027,600.63818359375,xgboost_feat
PEAR_ABATE,PLUS,NL-GE,2026-03-30,2026-04-05,Weekly,,KG,3.027,3.027,601.3991088867188,xgboost_feat
PEAR_ABATE,PLUS,NL-GE,2026-04-06,2026-04-12,Weekly,,KG,2.27025,3.027,624.3370361328125,xgboost_feat
PEAR_ABATE,PLUS,NL-GE,2026-04-13,2026-04-19,Weekly,,KG,2.27025,3.027,592.9984130859375,xgboost_feat
PEAR_ABATE,PLUS,NL-GE,2026-04-20,2026-04-26,Weekly,,KG,3.027,3.027,595.4878540039062,xgboost_feat
PEAR_ABATE,PLUS,NL-GE,2026-04-27,2026-05-03,Weekly,,KG,3.027,3.027,588.8078002929688,xgboost_feat
PEAR_ABATE,PLUS,NL-NB,2026-02-02,2026-02-08,Weekly,,KG,3.155,3.155,601.1663818359375,xgboost_feat
PEAR_ABATE,PLUS,NL-NB,2026-02-09,2026-02-15,Weekly,,KG,3.155,3.155,600.6118774414062,xgboost_feat
PEAR_ABATE,PLUS,NL-NB,2026-02-16,2026-02-22,Weekly,,KG,3.155,3.155,608.4834594726562,xgboost_feat
PEAR_ABATE,PLUS,NL-NB,2026-02-23,2026-03-01,Weekly,,KG,3.155,3.155,606.0615234375,xgboost_feat
PEAR_ABATE,PLUS,NL-NB,2026-03-02,2026-03-08,Weekly,,KG,3.155,3.155,619.5125732421875,xgboost_feat
PEAR_ABATE,PLUS,NL-NB,2026-03-09,2026-03-15,Weekly,,KG,3.155,3.155,621.2803955078125,xgboost_feat
PEAR_ABATE,PLUS,NL-NB,2026-03-16,2026-03-22,Weekly,,KG,3.155,3.155,602.1234130859375,xgboost_feat
PEAR_ABATE,PLUS,NL-NB,2026-03-23,2026-03-29,Weekly,,KG,3.155,3.155,601.748779296875,xgboost_feat
PEAR_ABATE,PLUS,NL-NB,2026-03-30,2026-04-05,Weekly,,KG,3.155,3.155,627.1032104492188,xgboost_feat
PEAR_ABATE,PLUS,NL-NB,2026-04-06,2026-04-12,Weekly,,KG,3.155,3.155,599.7472534179688,xgboost_feat
PEAR_ABATE,PLUS,NL-NB,2026-04-13,2026-04-19,Weekly,,KG,3.155,3.155,558.0208740234375,xgboost_feat
PEAR_ABATE,PLUS,NL-NB,2026-04-20,2026-04-26,Weekly,,KG,3.155,3.155,590.0899047851562,xgboost_feat
PEAR_ABATE,PLUS,NL-NB,2026-04-27,2026-05-03,Weekly,,KG,3.155,3.155,571.5472412109375,xgboost_feat
PEAR_ABATE,PLUS,NL-NH,2026-02-02,2026-02-08,Weekly,,KG,3.185,3.185,601.2652587890625,xgboost_feat
PEAR_ABATE,PLUS,NL-NH,2026-02-09,2026-02-15,Weekly,,KG,3.185,3.185,570.5177612304688,xgboost_feat
PEAR_ABATE,PLUS,NL-NH,2026-02-16,2026-02-22,Weekly,,KG,3.185,3.185,614.6953735351562,xgboost_feat
PEAR_ABATE,PLUS,NL-NH,2026-02-23,2026-03-01,Weekly,,KG,3.185,3.185,651.1476440429688,xgboost_feat
PEAR_ABATE,PLUS,NL-NH,2026-03-02,2026-03-08,Weekly,,KG,3.185,3.185,630.3302612304688,xgboost_feat
PEAR_ABATE,PLUS,NL-NH,2026-03-09,2026-03-15,Weekly,,KG,3.185,3.185,623.724853515625,xgboost_feat
PEAR_ABATE,PLUS,NL-NH,2026-03-16,2026-03-22,Weekly,,KG,3.185,3.185,600.9908447265625,xgboost_feat
PEAR_ABATE,PLUS,NL-NH,2026-03-23,2026-03-29,Weekly,,KG,3.185,3.185,609.8231201171875,xgboost_feat
PEAR_ABATE,PLUS,NL-NH,2026-03-30,2026-04-05,Weekly,,KG,3.185,3.185,605.6336669921875,xgboost_feat
PEAR_ABATE,PLUS,NL-NH,2026-04-06,2026-04-12,Weekly,,KG,3.185,3.185,597.4384155273438,xgboost_feat
PEAR_ABATE,PLUS,NL-NH,2026-04-13,2026-04-19,Weekly,,KG,3.185,3.185,551.9378662109375,xgboost_feat
PEAR_ABATE,PLUS,NL-NH,2026-04-20,2026-04-26,Weekly,,KG,3.185,3.185,600.4730224609375,xgboost_feat
PEAR_ABATE,PLUS,NL-NH,2026-04-27,2026-05-03,Weekly,,KG,3.185,3.185,578.6393432617188,xgboost_feat
PEAR_ABATE,PLUS,NL-ZH,2026-02-02,2026-02-08,Weekly,,KG,3.394,3.394,619.0743408203125,xgboost_feat
PEAR_ABATE,PLUS,NL-ZH,2026-02-09,2026-02-15,Weekly,,KG,3.394,3.394,605.8919677734375,xgboost_feat
PEAR_ABATE,PLUS,NL-ZH,2026-02-16,2026-02-22,Weekly,,KG,3.394,3.394,606.4968872070312,xgboost_feat
PEAR_ABATE,PLUS,NL-ZH,2026-02-23,2026-03-01,Weekly,,KG,3.394,3.394,623.2830200195312,xgboost_feat
PEAR_ABATE,PLUS,NL-ZH,2026-03-02,2026-03-08,Weekly,,KG,3.394,3.394,620.9356689453125,xgboost_feat
PEAR_ABATE,PLUS,NL-ZH,2026-03-09,2026-03-15,Weekly,,KG,3.394,3.394,615.1688842773438,xgboost_feat
PEAR_ABATE,PLUS,NL-ZH,2026-03-16,2026-03-22,Weekly,,KG,3.394,3.394,600.240234375,xgboost_feat
PEAR_ABATE,PLUS,NL-ZH,2026-03-23,2026-03-29,Weekly,,KG,3.394,3.394,602.0433349609375,xgboost_feat
PEAR_ABATE,PLUS,NL-ZH,2026-03-30,2026-04-05,Weekly,,KG,3.394,3.394,619.4185180664062,xgboost_feat
PEAR_ABATE,PLUS,NL-ZH,2026-04-06,2026-04-12,Weekly,,KG,3.394,3.394,602.8011474609375,xgboost_feat
PEAR_ABATE,PLUS,NL-ZH,2026-04-13,2026-04-19,Weekly,,KG,3.394,3.394,581.9805908203125,xgboost_feat
PEAR_ABATE,PLUS,NL-ZH,2026-04-20,2026-04-26,Weekly,,KG,3.394,3.394,594.3458251953125,xgboost_feat
PEAR_ABATE,PLUS,NL-ZH,2026-04-27,2026-05-03,Weekly,,KG,3.394,3.394,587.6620483398438,xgboost_feat
PEAR_ABATE,SLIGRO,NL-GE,2026-02-02,2026-02-08,Weekly,,KG,3.065,3.065,586.9291381835938,xgboost_feat
PEAR_ABATE,SLIGRO,NL-GE,2026-02-09,2026-02-15,Weekly,,KG,3.065,3.065,592.1295776367188,xgboost_feat
PEAR_ABATE,SLIGRO,NL-GE,2026-02-16,2026-02-22,Weekly,,KG,3.065,3.065,595.0156860351562,xgboost_feat
PEAR_ABATE,SLIGRO,NL-GE,2026-02-23,2026-03-01,Weekly,,KG,3.065,3.065,599.0343627929688,xgboost_feat
PEAR_ABATE,SLIGRO,NL-GE,2026-03-02,2026-03-08,Weekly,,KG,3.065,3.065,617.9116821289062,xgboost_feat
PEAR_ABATE,SLIGRO,NL-GE,2026-03-09,2026-03-15,Weekly,,KG,3.065,3.065,643.7915649414062,xgboost_feat
PEAR_ABATE,SLIGRO,NL-GE,2026-03-16,2026-03-22,Weekly,,KG,3.065,3.065,598.6749877929688,xgboost_feat
PEAR_ABATE,SLIGRO,NL-GE,2026-03-23,2026-03-29,Weekly,,KG,3.065,3.065,603.2304077148438,xgboost_feat
PEAR_ABATE,SLIGRO,NL-GE,2026-03-30,2026-04-05,Weekly,,KG,3.065,3.065,613.461669921875,xgboost_feat
PEAR_ABATE,SLIGRO,NL-GE,2026-04-06,2026-04-12,Weekly,,KG,3.065,3.065,612.275634765625,xgboost_feat
PEAR_ABATE,SLIGRO,NL-GE,2026-04-13,2026-04-19,Weekly,,KG,3.065,3.065,580.9918823242188,xgboost_feat
PEAR_ABATE,SLIGRO,NL-GE,2026-04-20,2026-04-26,Weekly,,KG,3.065,3.065,600.018798828125,xgboost_feat
PEAR_ABATE,SLIGRO,NL-GE,2026-04-27,2026-05-03,Weekly,,KG,3.065,3.065,592.7234497070312,xgboost_feat
PEAR_ABATE,SLIGRO,NL-NB,2026-02-02,2026-02-08,Weekly,,KG,3.193,3.193,596.4789428710938,xgboost_feat
PEAR_ABATE,SLIGRO,NL-NB,2026-02-09,2026-02-15,Weekly,,KG,3.193,3.193,601.8468627929688,xgboost_feat
PEAR_ABATE,SLIGRO,NL-NB,2026-02-16,2026-02-22,Weekly,,KG,3.193,3.193,620.3084716796875,xgboost_feat
PEAR_ABATE,SLIGRO,NL-NB,2026-02-23,2026-03-01,Weekly,,KG,3.193,3.193,614.3328247070312,xgboost_feat
PEAR_ABATE,SLIGRO,NL-NB,2026-03-02,2026-03-08,Weekly,,KG,3.193,3.193,626.1813354492188,xgboost_feat
PEAR_ABATE,SLIGRO,NL-NB,2026-03-09,2026-03-15,Weekly,,KG,3.193,3.193,623.7756958007812,xgboost_feat
PEAR_ABATE,SLIGRO,NL-NB,2026-03-16,2026-03-22,Weekly,,KG,3.193,3.193,605.764404296875,xgboost_feat
PEAR_ABATE,SLIGRO,NL-NB,2026-03-23,2026-03-29,Weekly,,KG,3.193,3.193,609.1239013671875,xgboost_feat
PEAR_ABATE,SLIGRO,NL-NB,2026-03-30,2026-04-05,Weekly,,KG,3.193,3.193,631.6290893554688,xgboost_feat
PEAR_ABATE,SLIGRO,NL-NB,2026-04-06,2026-04-12,Weekly,,KG,3.193,3.193,607.9457397460938,xgboost_feat
PEAR_ABATE,SLIGRO,NL-NB,2026-04-13,2026-04-19,Weekly,,KG,3.193,3.193,573.1420288085938,xgboost_feat
PEAR_ABATE,SLIGRO,NL-NB,2026-04-20,2026-04-26,Weekly,,KG,3.193,3.193,599.5328369140625,xgboost_feat
PEAR_ABATE,SLIGRO,NL-NB,2026-04-27,2026-05-03,Weekly,,KG,3.193,3.193,586.5194091796875,xgboost_feat
PEAR_ABATE,SLIGRO,NL-NH,2026-02-02,2026-02-08,Weekly,,KG,3.25,3.25,592.4265747070312,xgboost_feat
PEAR_ABATE,SLIGRO,NL-NH,2026-02-09,2026-02-15,Weekly,,KG,3.25,3.25,563.3164672851562,xgboost_feat
PEAR_ABATE,SLIGRO,NL-NH,2026-02-16,2026-02-22,Weekly,,KG,3.25,3.25,593.7389526367188,xgboost_feat
PEAR_ABATE,SLIGRO,NL-NH,2026-02-23,2026-03-01,Weekly,,KG,3.25,3.25,615.3917846679688,xgboost_feat
PEAR_ABATE,SLIGRO,NL-NH,2026-03-02,2026-03-08,Weekly,,KG,3.25,3.25,633.1226806640625,xgboost_feat
PEAR_ABATE,SLIGRO,NL-NH,2026-03-09,2026-03-15,Weekly,,KG,3.25,3.25,623.9884643554688,xgboost_feat
PEAR_ABATE,SLIGRO,NL-NH,2026-03-16,2026-03-22,Weekly,,KG,3.25,3.25,606.021240234375,xgboost_feat
PEAR_ABATE,SLIGRO,NL-NH,2026-03-23,2026-03-29,Weekly,,KG,3.25,3.25,611.9360961914062,xgboost_feat
PEAR_ABATE,SLIGRO,NL-NH,2026-03-30,2026-04-05,Weekly,,KG,3.25,3.25,610.9163208007812,xgboost_feat
PEAR_ABATE,SLIGRO,NL-NH,2026-04-06,2026-04-12,Weekly,,KG,3.25,3.25,602.8768310546875,xgboost_feat
PEAR_ABATE,SLIGRO,NL-NH,2026-04-13,2026-04-19,Weekly,,KG,3.25,3.25,561.6740112304688,xgboost_feat
PEAR_ABATE,SLIGRO,NL-NH,2026-04-20,2026-04-26,Weekly,,KG,3.25,3.25,603.4109497070312,xgboost_feat
PEAR_ABATE,SLIGRO,NL-NH,2026-04-27,2026-05-03,Weekly,,KG,3.25,3.25,588.2767944335938,xgboost_feat
PEAR_ABATE,SLIGRO,NL-ZH,2026-02-02,2026-02-08,Weekly,,KG,3.354,3.354,585.1593627929688,xgboost_feat
PEAR_ABATE,SLIGRO,NL-ZH,2026-02-09,2026-02-15,Weekly,,KG,3.354,3.354,591.5184936523438,xgboost_feat
PEAR_ABATE,SLIGRO,NL-ZH,2026-02-16,2026-02-22,Weekly,,KG,3.354,3.354,592.6702270507812,xgboost_feat
PEAR_ABATE,SLIGRO,NL-ZH,2026-02-23,2026-03-01,Weekly,,KG,3.354,3.354,597.1875610351562,xgboost_feat
PEAR_ABATE,SLIGRO,NL-ZH,2026-03-02,2026-03-08,Weekly,,KG,3.354,3.354,617.7596435546875,xgboost_feat
PEAR_ABATE,SLIGRO,NL-ZH,2026-03-09,2026-03-15,Weekly,,KG,3.354,3.354,619.67919921875,xgboost_feat
PEAR_ABATE,SLIGRO,NL-ZH,2026-03-16,2026-03-22,Weekly,,KG,3.354,3.354,606.10205078125,xgboost_feat
PEAR_ABATE,SLIGRO,NL-ZH,2026-03-23,2026-03-29,Weekly,,KG,3.354,3.354,613.713134765625,xgboost_feat
PEAR_ABATE,SLIGRO,NL-ZH,2026-03-30,2026-04-05,Weekly,,KG,3.354,3.354,624.3910522460938,xgboost_feat
PEAR_ABATE,SLIGRO,NL-ZH,2026-04-06,2026-04-12,Weekly,,KG,3.354,3.354,604.8597412109375,xgboost_feat
PEAR_ABATE,SLIGRO,NL-ZH,2026-04-13,2026-04-19,Weekly,,KG,3.354,3.354,584.1619873046875,xgboost_feat
PEAR_ABATE,SLIGRO,NL-ZH,2026-04-20,2026-04-26,Weekly,,KG,3.354,3.354,596.324462890625,xgboost_feat
PEAR_ABATE,SLIGRO,NL-ZH,2026-04-27,2026-05-03,Weekly,,KG,3.354,3.354,593.189453125,xgboost_feat
PEAR_COMICE,AH,NL-GE,2026-02-02,2026-02-08,Weekly,,KG,2.823,2.823,628.2197875976562,xgboost_feat
PEAR_COMICE,AH,NL-GE,2026-02-09,2026-02-15,Weekly,,KG,2.823,2.823,624.1476440429688,xgboost_feat
PEAR_COMICE,AH,NL-GE,2026-02-16,2026-02-22,Weekly,,KG,2.823,2.823,620.0121459960938,xgboost_feat
PEAR_COMICE,AH,NL-GE,2026-02-23,2026-03-01,Weekly,,KG,2.823,2.823,627.9332275390625,xgboost_feat
PEAR_COMICE,AH,NL-GE,2026-03-02,2026-03-08,Weekly,,KG,2.823,2.823,626.759521484375,xgboost_feat
PEAR_COMICE,AH,NL-GE,2026-03-09,2026-03-15,Weekly,,KG,2.823,2.823,653.2173461914062,xgboost_feat
PEAR_COMICE,AH,NL-GE,2026-03-16,2026-03-22,Weekly,,KG,2.823,2.823,598.1820678710938,xgboost_feat
PEAR_COMICE,AH,NL-GE,2026-03-23,2026-03-29,Weekly,,KG,2.823,2.823,608.8480834960938,xgboost_feat
PEAR_COMICE,AH,NL-GE,2026-03-30,2026-04-05,Weekly,,KG,2.823,2.823,610.389404296875,xgboost_feat
PEAR_COMICE,AH,NL-GE,2026-04-06,2026-04-12,Weekly,,KG,2.823,2.823,607.4117431640625,xgboost_feat
PEAR_COMICE,AH,NL-GE,2026-04-13,2026-04-19,Weekly,,KG,2.823,2.823,575.3580932617188,xgboost_feat
PEAR_COMICE,AH,NL-GE,2026-04-20,2026-04-26,Weekly,,KG,2.823,2.823,596.7576293945312,xgboost_feat
PEAR_COMICE,AH,NL-GE,2026-04-27,2026-05-03,Weekly,,KG,2.823,2.823,585.28466796875,xgboost_feat
PEAR_COMICE,AH,NL-NB,2026-02-02,2026-02-08,Weekly,,KG,3.181,3.181,645.0189208984375,xgboost_feat
PEAR_COMICE,AH,NL-NB,2026-02-09,2026-02-15,Weekly,,KG,3.181,3.181,650.5533447265625,xgboost_feat
PEAR_COMICE,AH,NL-NB,2026-02-16,2026-02-22,Weekly,,KG,3.181,3.181,662.98388671875,xgboost_feat
PEAR_COMICE,AH,NL-NB,2026-02-23,2026-03-01,Weekly,,KG,3.181,3.181,666.1491088867188,xgboost_feat
PEAR_COMICE,AH,NL-NB,2026-03-02,2026-03-08,Weekly,,KG,3.181,3.181,669.9762573242188,xgboost_feat
PEAR_COMICE,AH,NL-NB,2026-03-09,2026-03-15,Weekly,,KG,3.181,3.181,668.04736328125,xgboost_feat
PEAR_COMICE,AH,NL-NB,2026-03-16,2026-03-22,Weekly,,KG,3.181,3.181,647.4990234375,xgboost_feat
PEAR_COMICE,AH,NL-NB,2026-03-23,2026-03-29,Weekly,,KG,3.181,3.181,676.831787109375,xgboost_feat
PEAR_COMICE,AH,NL-NB,2026-03-30,2026-04-05,Weekly,,KG,3.181,3.181,689.4713745117188,xgboost_feat
PEAR_COMICE,AH,NL-NB,2026-04-06,2026-04-12,Weekly,,KG,3.181,3.181,665.64599609375,xgboost_feat
PEAR_COMICE,AH,NL-NB,2026-04-13,2026-04-19,Weekly,,KG,3.181,3.181,633.9060668945312,xgboost_feat
PEAR_COMICE,AH,NL-NB,2026-04-20,2026-04-26,Weekly,,KG,3.181,3.181,688.8146362304688,xgboost_feat
PEAR_COMICE,AH,NL-NB,2026-04-27,2026-05-03,Weekly,,KG,3.181,3.181,647.2059326171875,xgboost_feat
PEAR_COMICE,AH,NL-NH,2026-02-02,2026-02-08,Weekly,,KG,3.461,3.461,627.5639038085938,xgboost_feat
PEAR_COMICE,AH,NL-NH,2026-02-09,2026-02-15,Weekly,,KG,3.461,3.461,601.9295654296875,xgboost_feat
PEAR_COMICE,AH,NL-NH,2026-02-16,2026-02-22,Weekly,,KG,3.461,3.461,652.0537719726562,xgboost_feat
PEAR_COMICE,AH,NL-NH,2026-02-23,2026-03-01,Weekly,,KG,3.461,3.461,642.7427978515625,xgboost_feat
PEAR_COMICE,AH,NL-NH,2026-03-02,2026-03-08,Weekly,,KG,3.461,3.461,629.2510986328125,xgboost_feat
PEAR_COMICE,AH,NL-NH,2026-03-09,2026-03-15,Weekly,,KG,3.461,3.461,621.888671875,xgboost_feat
PEAR_COMICE,AH,NL-NH,2026-03-16,2026-03-22,Weekly,,KG,3.461,3.461,604.1033935546875,xgboost_feat
PEAR_COMICE,AH,NL-NH,2026-03-23,2026-03-29,Weekly,,KG,3.461,3.461,605.5796508789062,xgboost_feat
PEAR_COMICE,AH,NL-NH,2026-03-30,2026-04-05,Weekly,,KG,3.461,3.461,607.59375,xgboost_feat
PEAR_COMICE,AH,NL-NH,2026-04-06,2026-04-12,Weekly,,KG,3.461,3.461,601.2215576171875,xgboost_feat
PEAR_COMICE,AH,NL-NH,2026-04-13,2026-04-19,Weekly,,KG,3.461,3.461,558.4241333007812,xgboost_feat
PEAR_COMICE,AH,NL-NH,2026-04-20,2026-04-26,Weekly,,KG,3.461,3.461,594.4348754882812,xgboost_feat
PEAR_COMICE,AH,NL-NH,2026-04-27,2026-05-03,Weekly,,KG,3.461,3.461,578.0120849609375,xgboost_feat
PEAR_COMICE,AH,NL-ZH,2026-02-02,2026-02-08,Weekly,,KG,3.36,3.36,713.2273559570312,xgboost_feat
PEAR_COMICE,AH,NL-ZH,2026-02-09,2026-02-15,Weekly,,KG,3.36,3.36,665.9100952148438,xgboost_feat
PEAR_COMICE,AH,NL-ZH,2026-02-16,2026-02-22,Weekly,,KG,3.36,3.36,681.9035034179688,xgboost_feat
PEAR_COMICE,AH,NL-ZH,2026-02-23,2026-03-01,Weekly,,KG,3.36,3.36,679.0541381835938,xgboost_feat
PEAR_COMICE,AH,NL-ZH,2026-03-02,2026-03-08,Weekly,,KG,3.36,3.36,673.425048828125,xgboost_feat
PEAR_COMICE,AH,NL-ZH,2026-03-09,2026-03-15,Weekly,,KG,3.36,3.36,660.9932861328125,xgboost_feat
PEAR_COMICE,AH,NL-ZH,2026-03-16,2026-03-22,Weekly,,KG,3.36,3.36,643.447509765625,xgboost_feat
PEAR_COMICE,AH,NL-ZH,2026-03-23,2026-03-29,Weekly,,KG,3.36,3.36,689.1245727539062,xgboost_feat
PEAR_COMICE,AH,NL-ZH,2026-03-30,2026-04-05,Weekly,,KG,3.36,3.36,684.5687866210938,xgboost_feat
PEAR_COMICE,AH,NL-ZH,2026-04-06,2026-04-12,Weekly,,KG,3.36,3.36,662.0160522460938,xgboost_feat
PEAR_COMICE,AH,NL-ZH,2026-04-13,2026-04-19,Weekly,,KG,3.36,3.36,630.2822875976562,xgboost_feat
PEAR_COMICE,AH,NL-ZH,2026-04-20,2026-04-26,Weekly,,KG,3.36,3.36,656.2921752929688,xgboost_feat
PEAR_COMICE,AH,NL-ZH,2026-04-27,2026-05-03,Weekly,,KG,3.36,3.36,640.1630859375,xgboost_feat
PEAR_COMICE,FLINK,NL-GE,2026-02-02,2026-02-08,Weekly,,KG,3.055,3.055,579.18896484375,xgboost_feat
PEAR_COMICE,FLINK,NL-GE,2026-02-09,2026-02-15,Weekly,,KG,3.055,3.055,596.4447631835938,xgboost_feat
PEAR_COMICE,FLINK,NL-GE,2026-02-16,2026-02-22,Weekly,,KG,3.055,3.055,594.9380493164062,xgboost_feat
PEAR_COMICE,FLINK,NL-GE,2026-02-23,2026-03-01,Weekly,,KG,3.055,3.055,599.0343627929688,xgboost_feat
PEAR_COMICE,FLINK,NL-GE,2026-03-02,2026-03-08,Weekly,,KG,3.055,3.055,617.9678344726562,xgboost_feat
PEAR_COMICE,FLINK,NL-GE,2026-03-09,2026-03-15,Weekly,,KG,3.055,3.055,643.7915649414062,xgboost_feat
PEAR_COMICE,FLINK,NL-GE,2026-03-16,2026-03-22,Weekly,,KG,3.055,3.055,598.6749877929688,xgboost_feat
PEAR_COMICE,FLINK,NL-GE,2026-03-23,2026-03-29,Weekly,,KG,3.055,3.055,603.2304077148438,xgboost_feat
PEAR_COMICE,FLINK,NL-GE,2026-03-30,2026-04-05,Weekly,,KG,3.055,3.055,613.461669921875,xgboost_feat
PEAR_COMICE,FLINK,NL-GE,2026-04-06,2026-04-12,Weekly,,KG,3.055,3.055,612.275634765625,xgboost_feat
PEAR_COMICE,FLINK,NL-GE,2026-04-13,2026-04-19,Weekly,,KG,3.055,3.055,580.9918823242188,xgboost_feat
PEAR_COMICE,FLINK,NL-GE,2026-04-20,2026-04-26,Weekly,,KG,3.055,3.055,600.018798828125,xgboost_feat
PEAR_COMICE,FLINK,NL-GE,2026-04-27,2026-05-03,Weekly,,KG,3.055,3.055,592.723876953125,xgboost_feat
PEAR_COMICE,FLINK,NL-NB,2026-02-02,2026-02-08,Weekly,,KG,3.272,3.272,588.6302490234375,xgboost_feat
PEAR_COMICE,FLINK,NL-NB,2026-02-09,2026-02-15,Weekly,,KG,3.272,3.272,602.1489868164062,xgboost_feat
PEAR_COMICE,FLINK,NL-NB,2026-02-16,2026-02-22,Weekly,,KG,3.272,3.272,620.23095703125,xgboost_feat
PEAR_COMICE,FLINK,NL-NB,2026-02-23,2026-03-01,Weekly,,KG,3.272,3.272,614.3783569335938,xgboost_feat
PEAR_COMICE,FLINK,NL-NB,2026-03-02,2026-03-08,Weekly,,KG,3.272,3.272,627.4085693359375,xgboost_feat
PEAR_COMICE,FLINK,NL-NB,2026-03-09,2026-03-15,Weekly,,KG,3.272,3.272,623.7756958007812,xgboost_feat
PEAR_COMICE,FLINK,NL-NB,2026-03-16,2026-03-22,Weekly,,KG,3.272,3.272,605.764404296875,xgboost_feat
PEAR_COMICE,FLINK,NL-NB,2026-03-23,2026-03-29,Weekly,,KG,3.272,3.272,609.1239013671875,xgboost_feat
PEAR_COMICE,FLINK,NL-NB,2026-03-30,2026-04-05,Weekly,,KG,3.272,3.272,631.4220581054688,xgboost_feat
PEAR_COMICE,FLINK,NL-NB,2026-04-06,2026-04-12,Weekly,,KG,3.272,3.272,607.9457397460938,xgboost_feat
PEAR_COMICE,FLINK,NL-NB,2026-04-13,2026-04-19,Weekly,,KG,3.272,3.272,573.6008911132812,xgboost_feat
PEAR_COMICE,FLINK,NL-NB,2026-04-20,2026-04-26,Weekly,,KG,3.272,3.272,599.436279296875,xgboost_feat
PEAR_COMICE,FLINK,NL-NB,2026-04-27,2026-05-03,Weekly,,KG,3.272,3.272,586.9779663085938,xgboost_feat
PEAR_COMICE,FLINK,NL-NH,2026-02-02,2026-02-08,Weekly,,KG,3.267,3.267,588.8695068359375,xgboost_feat
PEAR_COMICE,FLINK,NL-NH,2026-02-09,2026-02-15,Weekly,,KG,3.267,3.267,563.3895263671875,xgboost_feat
PEAR_COMICE,FLINK,NL-NH,2026-02-16,2026-02-22,Weekly,,KG,3.267,3.267,593.7389526367188,xgboost_feat
PEAR_COMICE,FLINK,NL-NH,2026-02-23,2026-03-01,Weekly,,KG,3.267,3.267,616.2079467773438,xgboost_feat
PEAR_COMICE,FLINK,NL-NH,2026-03-02,2026-03-08,Weekly,,KG,3.267,3.267,634.347412109375,xgboost_feat
PEAR_COMICE,FLINK,NL-NH,2026-03-09,2026-03-15,Weekly,,KG,3.267,3.267,623.9910888671875,xgboost_feat
PEAR_COMICE,FLINK,NL-NH,2026-03-16,2026-03-22,Weekly,,KG,3.267,3.267,606.021240234375,xgboost_feat
PEAR_COMICE,FLINK,NL-NH,2026-03-23,2026-03-29,Weekly,,KG,3.267,3.267,611.9360961914062,xgboost_feat
PEAR_COMICE,FLINK,NL-NH,2026-03-30,2026-04-05,Weekly,,KG,3.267,3.267,611.0276489257812,xgboost_feat
PEAR_COMICE,FLINK,NL-NH,2026-04-06,2026-04-12,Weekly,,KG,3.267,3.267,602.88232421875,xgboost_feat
PEAR_COMICE,FLINK,NL-NH,2026-04-13,2026-04-19,Weekly,,KG,3.267,3.267,561.6740112304688,xgboost_feat
PEAR_COMICE,FLINK,NL-NH,2026-04-20,2026-04-26,Weekly,,KG,3.267,3.267,603.3143920898438,xgboost_feat
PEAR_COMICE,FLINK,NL-NH,2026-04-27,2026-05-03,Weekly,,KG,3.267,3.267,588.4793701171875,xgboost_feat
PEAR_COMICE,FLINK,NL-ZH,2026-02-02,2026-02-08,Weekly,,KG,3.428,3.428,584.4583740234375,xgboost_feat
PEAR_COMICE,FLINK,NL-ZH,2026-02-09,2026-02-15,Weekly,,KG,3.428,3.428,594.8853759765625,xgboost_feat
PEAR_COMICE,FLINK,NL-ZH,2026-02-16,2026-02-22,Weekly,,KG,3.428,3.428,592.4771728515625,xgboost_feat
PEAR_COMICE,FLINK,NL-ZH,2026-02-23,2026-03-01,Weekly,,KG,3.428,3.428,597.110107421875,xgboost_feat
PEAR_COMICE,FLINK,NL-ZH,2026-03-02,2026-03-08,Weekly,,KG,3.428,3.428,617.7596435546875,xgboost_feat
PEAR_COMICE,FLINK,NL-ZH,2026-03-09,2026-03-15,Weekly,,KG,3.428,3.428,620.15869140625,xgboost_feat
PEAR_COMICE,FLINK,NL-ZH,2026-03-16,2026-03-22,Weekly,,KG,3.428,3.428,606.10205078125,xgboost_feat
PEAR_COMICE,FLINK,NL-ZH,2026-03-23,2026-03-29,Weekly,,KG,3.428,3.428,613.713134765625,xgboost_feat
PEAR_COMICE,FLINK,NL-ZH,2026-03-30,2026-04-05,Weekly,,KG,3.428,3.428,624.3910522460938,xgboost_feat
PEAR_COMICE,FLINK,NL-ZH,2026-04-06,2026-04-12,Weekly,,KG,3.428,3.428,604.8597412109375,xgboost_feat
PEAR_COMICE,FLINK,NL-ZH,2026-04-13,2026-04-19,Weekly,,KG,3.428,3.428,584.5379638671875,xgboost_feat
PEAR_COMICE,FLINK,NL-ZH,2026-04-20,2026-04-26,Weekly,,KG,3.428,3.428,596.2557373046875,xgboost_feat
PEAR_COMICE,FLINK,NL-ZH,2026-04-27,2026-05-03,Weekly,,KG,3.428,3.428,593.162841796875,xgboost_feat
PEAR_COMICE,GREENACRES,NL-GE,2026-02-02,2026-02-08,Weekly,,KG,3.184,3.184,590.9252319335938,xgboost_feat
PEAR_COMICE,GREENACRES,NL-GE,2026-02-09,2026-02-15,Weekly,,KG,3.184,3.184,590.7244873046875,xgboost_feat
PEAR_COMICE,GREENACRES,NL-GE,2026-02-16,2026-02-22,Weekly,,KG,3.184,3.184,595.5762939453125,xgboost_feat
PEAR_COMICE,GREENACRES,NL-GE,2026-02-23,2026-03-01,Weekly,,KG,3.184,3.184,599.011474609375,xgboost_feat
PEAR_COMICE,GREENACRES,NL-GE,2026-03-02,2026-03-08,Weekly,,KG,3.184,3.184,616.6844482421875,xgboost_feat
PEAR_COMICE,GREENACRES,NL-GE,2026-03-09,2026-03-15,Weekly,,KG,3.184,3.184,643.7915649414062,xgboost_feat
PEAR_COMICE,GREENACRES,NL-GE,2026-03-16,2026-03-22,Weekly,,KG,3.184,3.184,598.6749877929688,xgboost_feat
PEAR_COMICE,GREENACRES,NL-GE,2026-03-23,2026-03-29,Weekly,,KG,3.184,3.184,603.2304077148438,xgboost_feat
PEAR_COMICE,GREENACRES,NL-GE,2026-03-30,2026-04-05,Weekly,,KG,3.184,3.184,613.461669921875,xgboost_feat
PEAR_COMICE,GREENACRES,NL-GE,2026-04-06,2026-04-12,Weekly,,KG,3.184,3.184,612.275634765625,xgboost_feat
PEAR_COMICE,GREENACRES,NL-GE,2026-04-13,2026-04-19,Weekly,,KG,3.184,3.184,580.8920288085938,xgboost_feat
PEAR_COMICE,GREENACRES,NL-GE,2026-04-20,2026-04-26,Weekly,,KG,3.184,3.184,599.8355712890625,xgboost_feat
PEAR_COMICE,GREENACRES,NL-GE,2026-04-27,2026-05-03,Weekly,,KG,3.184,3.184,592.6334838867188,xgboost_feat
PEAR_COMICE,GREENACRES,NL-NB,2026-02-02,2026-02-08,Weekly,,KG,3.121,3.121,588.6382446289062,xgboost_feat
PEAR_COMICE,GREENACRES,NL-NB,2026-02-09,2026-02-15,Weekly,,KG,3.121,3.121,595.5413208007812,xgboost_feat
PEAR_COMICE,GREENACRES,NL-NB,2026-02-16,2026-02-22,Weekly,,KG,3.121,3.121,614.6102905273438,xgboost_feat
PEAR_COMICE,GREENACRES,NL-NB,2026-02-23,2026-03-01,Weekly,,KG,3.121,3.121,614.2554321289062,xgboost_feat
PEAR_COMICE,GREENACRES,NL-NB,2026-03-02,2026-03-08,Weekly,,KG,3.121,3.121,627.4053955078125,xgboost_feat
PEAR_COMICE,GREENACRES,NL-NB,2026-03-09,2026-03-15,Weekly,,KG,3.121,3.121,622.7973022460938,xgboost_feat
PEAR_COMICE,GREENACRES,NL-NB,2026-03-16,2026-03-22,Weekly,,KG,3.121,3.121,604.8956909179688,xgboost_feat
PEAR_COMICE,GREENACRES,NL-NB,2026-03-23,2026-03-29,Weekly,,KG,3.121,3.121,604.85302734375,xgboost_feat
PEAR_COMICE,GREENACRES,NL-NB,2026-03-30,2026-04-05,Weekly,,KG,3.121,3.121,631.4196166992188,xgboost_feat
PEAR_COMICE,GREENACRES,NL-NB,2026-04-06,2026-04-12,Weekly,,KG,3.121,3.121,608.5112915039062,xgboost_feat
PEAR_COMICE,GREENACRES,NL-NB,2026-04-13,2026-04-19,Weekly,,KG,3.121,3.121,574.4592895507812,xgboost_feat
PEAR_COMICE,GREENACRES,NL-NB,2026-04-20,2026-04-26,Weekly,,KG,3.121,3.121,597.0206298828125,xgboost_feat
PEAR_COMICE,GREENACRES,NL-NB,2026-04-27,2026-05-03,Weekly,,KG,3.121,3.121,580.3495483398438,xgboost_feat
PEAR_COMICE,GREENACRES,NL-NH,2026-02-02,2026-02-08,Weekly,,KG,3.274,3.274,589.1512451171875,xgboost_feat
PEAR_COMICE,GREENACRES,NL-NH,2026-02-09,2026-02-15,Weekly,,KG,3.274,3.274,560.1714477539062,xgboost_feat
PEAR_COMICE,GREENACRES,NL-NH,2026-02-16,2026-02-22,Weekly,,KG,3.274,3.274,588.7276000976562,xgboost_feat
PEAR_COMICE,GREENACRES,NL-NH,2026-02-23,2026-03-01,Weekly,,KG,3.274,3.274,611.622802734375,xgboost_feat
PEAR_COMICE,GREENACRES,NL-NH,2026-03-02,2026-03-08,Weekly,,KG,3.274,3.274,633.381591796875,xgboost_feat
PEAR_COMICE,GREENACRES,NL-NH,2026-03-09,2026-03-15,Weekly,,KG,3.274,3.274,623.9747314453125,xgboost_feat
PEAR_COMICE,GREENACRES,NL-NH,2026-03-16,2026-03-22,Weekly,,KG,3.274,3.274,607.5128784179688,xgboost_feat
PEAR_COMICE,GREENACRES,NL-NH,2026-03-23,2026-03-29,Weekly,,KG,3.274,3.274,612.3146362304688,xgboost_feat
PEAR_COMICE,GREENACRES,NL-NH,2026-03-30,2026-04-05,Weekly,,KG,3.274,3.274,611.1698608398438,xgboost_feat
PEAR_COMICE,GREENACRES,NL-NH,2026-04-06,2026-04-12,Weekly,,KG,3.274,3.274,603.5012817382812,xgboost_feat
PEAR_COMICE,GREENACRES,NL-NH,2026-04-13,2026-04-19,Weekly,,KG,3.274,3.274,559.081298828125,xgboost_feat
PEAR_COMICE,GREENACRES,NL-NH,2026-04-20,2026-04-26,Weekly,,KG,3.274,3.274,595.741943359375,xgboost_feat
PEAR_COMICE,GREENACRES,NL-NH,2026-04-27,2026-05-03,Weekly,,KG,3.274,3.274,581.0087890625,xgboost_feat
PEAR_COMICE,GREENACRES,NL-ZH,2026-02-02,2026-02-08,Weekly,,KG,3.44,3.44,588.963623046875,xgboost_feat
PEAR_COMICE,GREENACRES,NL-ZH,2026-02-09,2026-02-15,Weekly,,KG,3.44,3.44,587.7490234375,xgboost_feat
PEAR_COMICE,GREENACRES,NL-ZH,2026-02-16,2026-02-22,Weekly,,KG,3.44,3.44,585.4908447265625,xgboost_feat
PEAR_COMICE,GREENACRES,NL-ZH,2026-02-23,2026-03-01,Weekly,,KG,3.44,3.44,598.6817016601562,xgboost_feat
PEAR_COMICE,GREENACRES,NL-ZH,2026-03-02,2026-03-08,Weekly,,KG,3.44,3.44,618.5390625,xgboost_feat
PEAR_COMICE,GREENACRES,NL-ZH,2026-03-09,2026-03-15,Weekly,,KG,3.44,3.44,620.7703247070312,xgboost_feat
PEAR_COMICE,GREENACRES,NL-ZH,2026-03-16,2026-03-22,Weekly,,KG,3.44,3.44,607.2216186523438,xgboost_feat
PEAR_COMICE,GREENACRES,NL-ZH,2026-03-23,2026-03-29,Weekly,,KG,3.44,3.44,613.8336181640625,xgboost_feat
PEAR_COMICE,GREENACRES,NL-ZH,2026-03-30,2026-04-05,Weekly,,KG,3.44,3.44,624.3910522460938,xgboost_feat
PEAR_COMICE,GREENACRES,NL-ZH,2026-04-06,2026-04-12,Weekly,,KG,3.44,3.44,604.794189453125,xgboost_feat
PEAR_COMICE,GREENACRES,NL-ZH,2026-04-13,2026-04-19,Weekly,,KG,3.44,3.44,585.1128540039062,xgboost_feat
PEAR_COMICE,GREENACRES,NL-ZH,2026-04-20,2026-04-26,Weekly,,KG,3.44,3.44,590.0047607421875,xgboost_feat
PEAR_COMICE,GREENACRES,NL-ZH,2026-04-27,2026-05-03,Weekly,,KG,3.44,3.44,588.7150268554688,xgboost_feat
PEAR_COMICE,HELLOFRESH,NL-GE,2026-02-02,2026-02-08,Weekly,,KG,2.851,2.851,586.9291381835938,xgboost_feat
PEAR_COMICE,HELLOFRESH,NL-GE,2026-02-09,2026-02-15,Weekly,,KG,2.851,2.851,596.4420776367188,xgboost_feat
PEAR_COMICE,HELLOFRESH,NL-GE,2026-02-16,2026-02-22,Weekly,,KG,2.851,2.851,594.9380493164062,xgboost_feat
PEAR_COMICE,HELLOFRESH,NL-GE,2026-02-23,2026-03-01,Weekly,,KG,2.851,2.851,599.8506469726562,xgboost_feat
PEAR_COMICE,HELLOFRESH,NL-GE,2026-03-02,2026-03-08,Weekly,,KG,2.851,2.851,617.9116821289062,xgboost_feat
PEAR_COMICE,HELLOFRESH,NL-GE,2026-03-09,2026-03-15,Weekly,,KG,2.851,2.851,643.7915649414062,xgboost_feat
PEAR_COMICE,HELLOFRESH,NL-GE,2026-03-16,2026-03-22,Weekly,,KG,2.851,2.851,598.6749877929688,xgboost_feat
PEAR_COMICE,HELLOFRESH,NL-GE,2026-03-23,2026-03-29,Weekly,,KG,2.851,2.851,603.2304077148438,xgboost_feat
PEAR_COMICE,HELLOFRESH,NL-GE,2026-03-30,2026-04-05,Weekly,,KG,2.851,2.851,613.461669921875,xgboost_feat
PEAR_COMICE,HELLOFRESH,NL-GE,2026-04-06,2026-04-12,Weekly,,KG,2.851,2.851,612.275634765625,xgboost_feat
PEAR_COMICE,HELLOFRESH,NL-GE,2026-04-13,2026-04-19,Weekly,,KG,2.851,2.851,580.9923706054688,xgboost_feat
PEAR_COMICE,HELLOFRESH,NL-GE,2026-04-20,2026-04-26,Weekly,,KG,2.851,2.851,600.018798828125,xgboost_feat
PEAR_COMICE,HELLOFRESH,NL-GE,2026-04-27,2026-05-03,Weekly,,KG,2.851,2.851,592.7001342773438,xgboost_feat
PEAR_COMICE,HELLOFRESH,NL-NB,2026-02-02,2026-02-08,Weekly,,KG,3.093,3.093,593.215576171875,xgboost_feat
PEAR_COMICE,HELLOFRESH,NL-NB,2026-02-09,2026-02-15,Weekly,,KG,3.093,3.093,601.9913940429688,xgboost_feat
PEAR_COMICE,HELLOFRESH,NL-NB,2026-02-16,2026-02-22,Weekly,,KG,3.093,3.093,620.3514404296875,xgboost_feat
PEAR_COMICE,HELLOFRESH,NL-NB,2026-02-23,2026-03-01,Weekly,,KG,3.093,3.093,614.3783569335938,xgboost_feat
PEAR_COMICE,HELLOFRESH,NL-NB,2026-03-02,2026-03-08,Weekly,,KG,3.093,3.093,626.1813354492188,xgboost_feat
PEAR_COMICE,HELLOFRESH,NL-NB,2026-03-09,2026-03-15,Weekly,,KG,3.093,3.093,623.7756958007812,xgboost_feat
PEAR_COMICE,HELLOFRESH,NL-NB,2026-03-16,2026-03-22,Weekly,,KG,3.093,3.093,605.764404296875,xgboost_feat
PEAR_COMICE,HELLOFRESH,NL-NB,2026-03-23,2026-03-29,Weekly,,KG,3.093,3.093,609.1239013671875,xgboost_feat
PEAR_COMICE,HELLOFRESH,NL-NB,2026-03-30,2026-04-05,Weekly,,KG,3.093,3.093,631.6290893554688,xgboost_feat
PEAR_COMICE,HELLOFRESH,NL-NB,2026-04-06,2026-04-12,Weekly,,KG,3.093,3.093,607.9457397460938,xgboost_feat
PEAR_COMICE,HELLOFRESH,NL-NB,2026-04-13,2026-04-19,Weekly,,KG,3.093,3.093,573.6008911132812,xgboost_feat
PEAR_COMICE,HELLOFRESH,NL-NB,2026-04-20,2026-04-26,Weekly,,KG,3.093,3.093,599.436279296875,xgboost_feat
PEAR_COMICE,HELLOFRESH,NL-NB,2026-04-27,2026-05-03,Weekly,,KG,3.093,3.093,586.8915405273438,xgboost_feat
PEAR_COMICE,HELLOFRESH,NL-NH,2026-02-02,2026-02-08,Weekly,,KG,3.298,3.298,588.0657348632812,xgboost_feat
PEAR_COMICE,HELLOFRESH,NL-NH,2026-02-09,2026-02-15,Weekly,,KG,3.298,3.298,566.1065673828125,xgboost_feat
PEAR_COMICE,HELLOFRESH,NL-NH,2026-02-16,2026-02-22,Weekly,,KG,3.298,3.298,593.7598876953125,xgboost_feat
PEAR_COMICE,HELLOFRESH,NL-NH,2026-02-23,2026-03-01,Weekly,,KG,3.298,3.298,616.1056518554688,xgboost_feat
PEAR_COMICE,HELLOFRESH,NL-NH,2026-03-02,2026-03-08,Weekly,,KG,3.298,3.298,634.347412109375,xgboost_feat
PEAR_COMICE,HELLOFRESH,NL-NH,2026-03-09,2026-03-15,Weekly,,KG,3.298,3.298,623.9893798828125,xgboost_feat
PEAR_COMICE,HELLOFRESH,NL-NH,2026-03-16,2026-03-22,Weekly,,KG,3.298,3.298,606.021240234375,xgboost_feat
PEAR_COMICE,HELLOFRESH,NL-NH,2026-03-23,2026-03-29,Weekly,,KG,3.298,3.298,611.9360961914062,xgboost_feat
PEAR_COMICE,HELLOFRESH,NL-NH,2026-03-30,2026-04-05,Weekly,,KG,3.298,3.298,611.0276489257812,xgboost_feat
PEAR_COMICE,HELLOFRESH,NL-NH,2026-04-06,2026-04-12,Weekly,,KG,3.298,3.298,602.88232421875,xgboost_feat
PEAR_COMICE,HELLOFRESH,NL-NH,2026-04-13,2026-04-19,Weekly,,KG,3.298,3.298,561.6744995117188,xgboost_feat
PEAR_COMICE,HELLOFRESH,NL-NH,2026-04-20,2026-04-26,Weekly,,KG,3.298,3.298,603.451416015625,xgboost_feat
PEAR_COMICE,HELLOFRESH,NL-NH,2026-04-27,2026-05-03,Weekly,,KG,3.298,3.298,588.343505859375,xgboost_feat
PEAR_COMICE,HELLOFRESH,NL-ZH,2026-02-02,2026-02-08,Weekly,,KG,3.293,3.293,582.7925415039062,xgboost_feat
PEAR_COMICE,HELLOFRESH,NL-ZH,2026-02-09,2026-02-15,Weekly,,KG,3.293,3.293,594.8853759765625,xgboost_feat
PEAR_COMICE,HELLOFRESH,NL-ZH,2026-02-16,2026-02-22,Weekly,,KG,3.293,3.293,592.4771728515625,xgboost_feat
PEAR_COMICE,HELLOFRESH,NL-ZH,2026-02-23,2026-03-01,Weekly,,KG,3.293,3.293,597.110107421875,xgboost_feat
PEAR_COMICE,HELLOFRESH,NL-ZH,2026-03-02,2026-03-08,Weekly,,KG,3.293,3.293,617.7596435546875,xgboost_feat
PEAR_COMICE,HELLOFRESH,NL-ZH,2026-03-09,2026-03-15,Weekly,,KG,3.293,3.293,620.15869140625,xgboost_feat
PEAR_COMICE,HELLOFRESH,NL-ZH,2026-03-16,2026-03-22,Weekly,,KG,3.293,3.293,606.10205078125,xgboost_feat
PEAR_COMICE,HELLOFRESH,NL-ZH,2026-03-23,2026-03-29,Weekly,,KG,3.293,3.293,613.713134765625,xgboost_feat
PEAR_COMICE,HELLOFRESH,NL-ZH,2026-03-30,2026-04-05,Weekly,,KG,3.293,3.293,624.3910522460938,xgboost_feat
PEAR_COMICE,HELLOFRESH,NL-ZH,2026-04-06,2026-04-12,Weekly,,KG,3.293,3.293,604.8597412109375,xgboost_feat
PEAR_COMICE,HELLOFRESH,NL-ZH,2026-04-13,2026-04-19,Weekly,,KG,3.293,3.293,584.5379638671875,xgboost_feat
PEAR_COMICE,HELLOFRESH,NL-ZH,2026-04-20,2026-04-26,Weekly,,KG,3.293,3.293,596.324462890625,xgboost_feat
PEAR_COMICE,HELLOFRESH,NL-ZH,2026-04-27,2026-05-03,Weekly,,KG,3.293,3.293,593.162841796875,xgboost_feat
PEAR_COMICE,HOLLANDFOODSERVICE,NL-GE,2026-02-02,2026-02-08,Weekly,,KG,3.003,3.003,585.3040161132812,xgboost_feat
PEAR_COMICE,HOLLANDFOODSERVICE,NL-GE,2026-02-09,2026-02-15,Weekly,,KG,3.003,3.003,591.4172973632812,xgboost_feat
PEAR_COMICE,HOLLANDFOODSERVICE,NL-GE,2026-02-16,2026-02-22,Weekly,,KG,3.003,3.003,593.7035522460938,xgboost_feat
PEAR_COMICE,HOLLANDFOODSERVICE,NL-GE,2026-02-23,2026-03-01,Weekly,,KG,3.003,3.003,599.6309204101562,xgboost_feat
PEAR_COMICE,HOLLANDFOODSERVICE,NL-GE,2026-03-02,2026-03-08,Weekly,,KG,3.003,3.003,618.1790161132812,xgboost_feat
PEAR_COMICE,HOLLANDFOODSERVICE,NL-GE,2026-03-09,2026-03-15,Weekly,,KG,3.003,3.003,643.8993530273438,xgboost_feat
PEAR_COMICE,HOLLANDFOODSERVICE,NL-GE,2026-03-16,2026-03-22,Weekly,,KG,3.003,3.003,598.6749877929688,xgboost_feat
PEAR_COMICE,HOLLANDFOODSERVICE,NL-GE,2026-03-23,2026-03-29,Weekly,,KG,3.003,3.003,603.2304077148438,xgboost_feat
PEAR_COMICE,HOLLANDFOODSERVICE,NL-GE,2026-03-30,2026-04-05,Weekly,,KG,3.003,3.003,613.461669921875,xgboost_feat
PEAR_COMICE,HOLLANDFOODSERVICE,NL-GE,2026-04-06,2026-04-12,Weekly,,KG,3.003,3.003,612.275146484375,xgboost_feat
PEAR_COMICE,HOLLANDFOODSERVICE,NL-GE,2026-04-13,2026-04-19,Weekly,,KG,3.003,3.003,580.9784545898438,xgboost_feat
PEAR_COMICE,HOLLANDFOODSERVICE,NL-GE,2026-04-20,2026-04-26,Weekly,,KG,3.003,3.003,600.8985595703125,xgboost_feat
PEAR_COMICE,HOLLANDFOODSERVICE,NL-GE,2026-04-27,2026-05-03,Weekly,,KG,3.003,3.003,589.8381958007812,xgboost_feat
PEAR_COMICE,HOLLANDFOODSERVICE,NL-NB,2026-02-02,2026-02-08,Weekly,,KG,3.211,3.211,590.7601318359375,xgboost_feat
PEAR_COMICE,HOLLANDFOODSERVICE,NL-NB,2026-02-09,2026-02-15,Weekly,,KG,3.211,3.211,598.0352783203125,xgboost_feat
PEAR_COMICE,HOLLANDFOODSERVICE,NL-NB,2026-02-16,2026-02-22,Weekly,,KG,3.211,3.211,615.3538818359375,xgboost_feat
PEAR_COMICE,HOLLANDFOODSERVICE,NL-NB,2026-02-23,2026-03-01,Weekly,,KG,3.211,3.211,614.4296264648438,xgboost_feat
PEAR_COMICE,HOLLANDFOODSERVICE,NL-NB,2026-03-02,2026-03-08,Weekly,,KG,3.211,3.211,626.1016235351562,xgboost_feat
PEAR_COMICE,HOLLANDFOODSERVICE,NL-NB,2026-03-09,2026-03-15,Weekly,,KG,3.211,3.211,622.7363891601562,xgboost_feat
PEAR_COMICE,HOLLANDFOODSERVICE,NL-NB,2026-03-16,2026-03-22,Weekly,,KG,3.211,3.211,605.0580444335938,xgboost_feat
PEAR_COMICE,HOLLANDFOODSERVICE,NL-NB,2026-03-23,2026-03-29,Weekly,,KG,3.211,3.211,604.8917236328125,xgboost_feat
PEAR_COMICE,HOLLANDFOODSERVICE,NL-NB,2026-03-30,2026-04-05,Weekly,,KG,3.211,3.211,631.4196166992188,xgboost_feat
PEAR_COMICE,HOLLANDFOODSERVICE,NL-NB,2026-04-06,2026-04-12,Weekly,,KG,3.211,3.211,608.1522827148438,xgboost_feat
PEAR_COMICE,HOLLANDFOODSERVICE,NL-NB,2026-04-13,2026-04-19,Weekly,,KG,3.211,3.211,573.3484497070312,xgboost_feat
PEAR_COMICE,HOLLANDFOODSERVICE,NL-NB,2026-04-20,2026-04-26,Weekly,,KG,3.211,3.211,599.5626220703125,xgboost_feat
PEAR_COMICE,HOLLANDFOODSERVICE,NL-NB,2026-04-27,2026-05-03,Weekly,,KG,3.211,3.211,586.5194091796875,xgboost_feat
PEAR_COMICE,HOLLANDFOODSERVICE,NL-NH,2026-02-02,2026-02-08,Weekly,,KG,3.435,3.435,592.2832641601562,xgboost_feat
PEAR_COMICE,HOLLANDFOODSERVICE,NL-NH,2026-02-09,2026-02-15,Weekly,,KG,3.435,3.435,562.385986328125,xgboost_feat
PEAR_COMICE,HOLLANDFOODSERVICE,NL-NH,2026-02-16,2026-02-22,Weekly,,KG,3.435,3.435,592.7576293945312,xgboost_feat
PEAR_COMICE,HOLLANDFOODSERVICE,NL-NH,2026-02-23,2026-03-01,Weekly,,KG,3.435,3.435,615.9984741210938,xgboost_feat
PEAR_COMICE,HOLLANDFOODSERVICE,NL-NH,2026-03-02,2026-03-08,Weekly,,KG,3.435,3.435,633.333740234375,xgboost_feat
PEAR_COMICE,HOLLANDFOODSERVICE,NL-NH,2026-03-09,2026-03-15,Weekly,,KG,3.435,3.435,624.133056640625,xgboost_feat
PEAR_COMICE,HOLLANDFOODSERVICE,NL-NH,2026-03-16,2026-03-22,Weekly,,KG,3.435,3.435,604.5382080078125,xgboost_feat
PEAR_COMICE,HOLLANDFOODSERVICE,NL-NH,2026-03-23,2026-03-29,Weekly,,KG,3.435,3.435,607.0836791992188,xgboost_feat
PEAR_COMICE,HOLLANDFOODSERVICE,NL-NH,2026-03-30,2026-04-05,Weekly,,KG,3.435,3.435,610.6989135742188,xgboost_feat
PEAR_COMICE,HOLLANDFOODSERVICE,NL-NH,2026-04-06,2026-04-12,Weekly,,KG,3.435,3.435,602.8768310546875,xgboost_feat
PEAR_COMICE,HOLLANDFOODSERVICE,NL-NH,2026-04-13,2026-04-19,Weekly,,KG,3.435,3.435,561.7916870117188,xgboost_feat
PEAR_COMICE,HOLLANDFOODSERVICE,NL-NH,2026-04-20,2026-04-26,Weekly,,KG,3.435,3.435,604.1244506835938,xgboost_feat
PEAR_COMICE,HOLLANDFOODSERVICE,NL-NH,2026-04-27,2026-05-03,Weekly,,KG,3.435,3.435,585.7537841796875,xgboost_feat
PEAR_COMICE,HOLLANDFOODSERVICE,NL-ZH,2026-02-02,2026-02-08,Weekly,,KG,3.195,3.195,591.433837890625,xgboost_feat
PEAR_COMICE,HOLLANDFOODSERVICE,NL-ZH,2026-02-09,2026-02-15,Weekly,,KG,3.195,3.195,590.779052734375,xgboost_feat
PEAR_COMICE,HOLLANDFOODSERVICE,NL-ZH,2026-02-16,2026-02-22,Weekly,,KG,3.195,3.195,590.6142578125,xgboost_feat
PEAR_COMICE,HOLLANDFOODSERVICE,NL-ZH,2026-02-23,2026-03-01,Weekly,,KG,3.195,3.195,596.5075073242188,xgboost_feat
PEAR_COMICE,HOLLANDFOODSERVICE,NL-ZH,2026-03-02,2026-03-08,Weekly,,KG,3.195,3.195,616.6350708007812,xgboost_feat
PEAR_COMICE,HOLLANDFOODSERVICE,NL-ZH,2026-03-09,2026-03-15,Weekly,,KG,3.195,3.195,619.94970703125,xgboost_feat
PEAR_COMICE,HOLLANDFOODSERVICE,NL-ZH,2026-03-16,2026-03-22,Weekly,,KG,3.195,3.195,606.10205078125,xgboost_feat
PEAR_COMICE,HOLLANDFOODSERVICE,NL-ZH,2026-03-23,2026-03-29,Weekly,,KG,3.195,3.195,613.64404296875,xgboost_feat
PEAR_COMICE,HOLLANDFOODSERVICE,NL-ZH,2026-03-30,2026-04-05,Weekly,,KG,3.195,3.195,624.3910522460938,xgboost_feat
PEAR_COMICE,HOLLANDFOODSERVICE,NL-ZH,2026-04-06,2026-04-12,Weekly,,KG,3.195,3.195,604.979736328125,xgboost_feat
PEAR_COMICE,HOLLANDFOODSERVICE,NL-ZH,2026-04-13,2026-04-19,Weekly,,KG,3.195,3.195,585.3848876953125,xgboost_feat
PEAR_COMICE,HOLLANDFOODSERVICE,NL-ZH,2026-04-20,2026-04-26,Weekly,,KG,3.195,3.195,592.2621459960938,xgboost_feat
PEAR_COMICE,HOLLANDFOODSERVICE,NL-ZH,2026-04-27,2026-05-03,Weekly,,KG,3.195,3.195,590.5120239257812,xgboost_feat
PEAR_COMICE,JUMBO,NL-GE,2026-02-02,2026-02-08,Weekly,,KG,2.927,2.927,641.654052734375,xgboost_feat
PEAR_COMICE,JUMBO,NL-GE,2026-02-09,2026-02-15,Weekly,,KG,2.927,2.927,599.5426025390625,xgboost_feat
PEAR_COMICE,JUMBO,NL-GE,2026-02-16,2026-02-22,Weekly,,KG,2.927,2.927,611.1846313476562,xgboost_feat
PEAR_COMICE,JUMBO,NL-GE,2026-02-23,2026-03-01,Weekly,,KG,2.927,2.927,630.3197631835938,xgboost_feat
PEAR_COMICE,JUMBO,NL-GE,2026-03-02,2026-03-08,Weekly,,KG,2.927,2.927,616.1919555664062,xgboost_feat
PEAR_COMICE,JUMBO,NL-GE,2026-03-09,2026-03-15,Weekly,,KG,2.927,2.927,649.4423828125,xgboost_feat
PEAR_COMICE,JUMBO,NL-GE,2026-03-16,2026-03-22,Weekly,,KG,2.927,2.927,598.9151000976562,xgboost_feat
PEAR_COMICE,JUMBO,NL-GE,2026-03-23,2026-03-29,Weekly,,KG,2.927,2.927,607.86669921875,xgboost_feat
PEAR_COMICE,JUMBO,NL-GE,2026-03-30,2026-04-05,Weekly,,KG,2.927,2.927,610.2485961914062,xgboost_feat
PEAR_COMICE,JUMBO,NL-GE,2026-04-06,2026-04-12,Weekly,,KG,2.927,2.927,605.4443969726562,xgboost_feat
PEAR_COMICE,JUMBO,NL-GE,2026-04-13,2026-04-19,Weekly,,KG,2.927,2.927,574.0484619140625,xgboost_feat
PEAR_COMICE,JUMBO,NL-GE,2026-04-20,2026-04-26,Weekly,,KG,2.927,2.927,596.4082641601562,xgboost_feat
PEAR_COMICE,JUMBO,NL-GE,2026-04-27,2026-05-03,Weekly,,KG,2.927,2.927,585.781982421875,xgboost_feat
PEAR_COMICE,JUMBO,NL-NB,2026-02-02,2026-02-08,Weekly,,KG,3.221,3.221,647.0388793945312,xgboost_feat
PEAR_COMICE,JUMBO,NL-NB,2026-02-09,2026-02-15,Weekly,,KG,3.221,3.221,620.7678833007812,xgboost_feat
PEAR_COMICE,JUMBO,NL-NB,2026-02-16,2026-02-22,Weekly,,KG,3.221,3.221,648.1158447265625,xgboost_feat
PEAR_COMICE,JUMBO,NL-NB,2026-02-23,2026-03-01,Weekly,,KG,3.221,3.221,617.7098999023438,xgboost_feat
PEAR_COMICE,JUMBO,NL-NB,2026-03-02,2026-03-08,Weekly,,KG,3.221,3.221,627.9573974609375,xgboost_feat
PEAR_COMICE,JUMBO,NL-NB,2026-03-09,2026-03-15,Weekly,,KG,3.221,3.221,621.7648315429688,xgboost_feat
PEAR_COMICE,JUMBO,NL-NB,2026-03-16,2026-03-22,Weekly,,KG,3.221,3.221,603.20654296875,xgboost_feat
PEAR_COMICE,JUMBO,NL-NB,2026-03-23,2026-03-29,Weekly,,KG,3.221,3.221,606.6694946289062,xgboost_feat
PEAR_COMICE,JUMBO,NL-NB,2026-03-30,2026-04-05,Weekly,,KG,3.221,3.221,637.6826171875,xgboost_feat
PEAR_COMICE,JUMBO,NL-NB,2026-04-06,2026-04-12,Weekly,,KG,3.221,3.221,602.4622192382812,xgboost_feat
PEAR_COMICE,JUMBO,NL-NB,2026-04-13,2026-04-19,Weekly,,KG,3.221,3.221,570.4217529296875,xgboost_feat
PEAR_COMICE,JUMBO,NL-NB,2026-04-20,2026-04-26,Weekly,,KG,3.221,3.221,595.6170043945312,xgboost_feat
PEAR_COMICE,JUMBO,NL-NB,2026-04-27,2026-05-03,Weekly,,KG,3.221,3.221,576.9317016601562,xgboost_feat
PEAR_COMICE,JUMBO,NL-NH,2026-02-02,2026-02-08,Weekly,,KG,3.296,3.296,639.6323852539062,xgboost_feat
PEAR_COMICE,JUMBO,NL-NH,2026-02-09,2026-02-15,Weekly,,KG,3.296,3.296,571.5338745117188,xgboost_feat
PEAR_COMICE,JUMBO,NL-NH,2026-02-16,2026-02-22,Weekly,,KG,3.296,3.296,613.5692749023438,xgboost_feat
PEAR_COMICE,JUMBO,NL-NH,2026-02-23,2026-03-01,Weekly,,KG,3.296,3.296,648.8184204101562,xgboost_feat
PEAR_COMICE,JUMBO,NL-NH,2026-03-02,2026-03-08,Weekly,,KG,3.296,3.296,627.889404296875,xgboost_feat
PEAR_COMICE,JUMBO,NL-NH,2026-03-09,2026-03-15,Weekly,,KG,3.296,3.296,625.8343505859375,xgboost_feat
PEAR_COMICE,JUMBO,NL-NH,2026-03-16,2026-03-22,Weekly,,KG,3.296,3.296,607.1234130859375,xgboost_feat
PEAR_COMICE,JUMBO,NL-NH,2026-03-23,2026-03-29,Weekly,,KG,3.1311999999999998,3.296,629.5267944335938,xgboost_feat
PEAR_COMICE,JUMBO,NL-NH,2026-03-30,2026-04-05,Weekly,,KG,3.1311999999999998,3.296,625.5494384765625,xgboost_feat
PEAR_COMICE,JUMBO,NL-NH,2026-04-06,2026-04-12,Weekly,,KG,3.296,3.296,603.1198120117188,xgboost_feat
PEAR_COMICE,JUMBO,NL-NH,2026-04-13,2026-04-19,Weekly,,KG,3.296,3.296,557.93212890625,xgboost_feat
PEAR_COMICE,JUMBO,NL-NH,2026-04-20,2026-04-26,Weekly,,KG,3.296,3.296,593.2275390625,xgboost_feat
PEAR_COMICE,JUMBO,NL-NH,2026-04-27,2026-05-03,Weekly,,KG,3.296,3.296,566.875,xgboost_feat
PEAR_COMICE,JUMBO,NL-ZH,2026-02-02,2026-02-08,Weekly,,KG,3.273,3.273,706.5285034179688,xgboost_feat
PEAR_COMICE,JUMBO,NL-ZH,2026-02-09,2026-02-15,Weekly,,KG,3.273,3.273,697.2200317382812,xgboost_feat
PEAR_COMICE,JUMBO,NL-ZH,2026-02-16,2026-02-22,Weekly,,KG,3.273,3.273,710.41552734375,xgboost_feat
PEAR_COMICE,JUMBO,NL-ZH,2026-02-23,2026-03-01,Weekly,,KG,3.273,3.273,697.010986328125,xgboost_feat
PEAR_COMICE,JUMBO,NL-ZH,2026-03-02,2026-03-08,Weekly,,KG,3.273,3.273,676.4193115234375,xgboost_feat
PEAR_COMICE,JUMBO,NL-ZH,2026-03-09,2026-03-15,Weekly,,KG,3.273,3.273,669.2677612304688,xgboost_feat
PEAR_COMICE,JUMBO,NL-ZH,2026-03-16,2026-03-22,Weekly,,KG,3.273,3.273,653.7428588867188,xgboost_feat
PEAR_COMICE,JUMBO,NL-ZH,2026-03-23,2026-03-29,Weekly,,KG,3.273,3.273,655.903564453125,xgboost_feat
PEAR_COMICE,JUMBO,NL-ZH,2026-03-30,2026-04-05,Weekly,,KG,3.273,3.273,673.20654296875,xgboost_feat
PEAR_COMICE,JUMBO,NL-ZH,2026-04-06,2026-04-12,Weekly,,KG,3.273,3.273,642.5065307617188,xgboost_feat
PEAR_COMICE,JUMBO,NL-ZH,2026-04-13,2026-04-19,Weekly,,KG,3.273,3.273,618.083251953125,xgboost_feat
PEAR_COMICE,JUMBO,NL-ZH,2026-04-20,2026-04-26,Weekly,,KG,3.273,3.273,595.7740478515625,xgboost_feat
PEAR_COMICE,JUMBO,NL-ZH,2026-04-27,2026-05-03,Weekly,,KG,3.273,3.273,594.8737182617188,xgboost_feat
PEAR_COMICE,MELEDI,NL-GE,2026-02-02,2026-02-08,Weekly,,KG,3.022,3.022,586.3828125,xgboost_feat
PEAR_COMICE,MELEDI,NL-GE,2026-02-09,2026-02-15,Weekly,,KG,3.022,3.022,591.0721435546875,xgboost_feat
PEAR_COMICE,MELEDI,NL-GE,2026-02-16,2026-02-22,Weekly,,KG,3.022,3.022,595.4464111328125,xgboost_feat
PEAR_COMICE,MELEDI,NL-GE,2026-02-23,2026-03-01,Weekly,,KG,3.022,3.022,599.011474609375,xgboost_feat
PEAR_COMICE,MELEDI,NL-GE,2026-03-02,2026-03-08,Weekly,,KG,3.022,3.022,617.9116821289062,xgboost_feat
PEAR_COMICE,MELEDI,NL-GE,2026-03-09,2026-03-15,Weekly,,KG,3.022,3.022,643.7915649414062,xgboost_feat
PEAR_COMICE,MELEDI,NL-GE,2026-03-16,2026-03-22,Weekly,,KG,3.022,3.022,598.6749877929688,xgboost_feat
PEAR_COMICE,MELEDI,NL-GE,2026-03-23,2026-03-29,Weekly,,KG,3.022,3.022,603.2304077148438,xgboost_feat
PEAR_COMICE,MELEDI,NL-GE,2026-03-30,2026-04-05,Weekly,,KG,3.022,3.022,613.461669921875,xgboost_feat
PEAR_COMICE,MELEDI,NL-GE,2026-04-06,2026-04-12,Weekly,,KG,3.022,3.022,612.275634765625,xgboost_feat
PEAR_COMICE,MELEDI,NL-GE,2026-04-13,2026-04-19,Weekly,,KG,3.022,3.022,581.0359497070312,xgboost_feat
PEAR_COMICE,MELEDI,NL-GE,2026-04-20,2026-04-26,Weekly,,KG,3.022,3.022,600.89892578125,xgboost_feat
PEAR_COMICE,MELEDI,NL-GE,2026-04-27,2026-05-03,Weekly,,KG,3.022,3.022,592.0210571289062,xgboost_feat
PEAR_COMICE,MELEDI,NL-NB,2026-02-02,2026-02-08,Weekly,,KG,3.139,3.139,590.371826171875,xgboost_feat
PEAR_COMICE,MELEDI,NL-NB,2026-02-09,2026-02-15,Weekly,,KG,3.139,3.139,598.154541015625,xgboost_feat
PEAR_COMICE,MELEDI,NL-NB,2026-02-16,2026-02-22,Weekly,,KG,3.139,3.139,615.22509765625,xgboost_feat
PEAR_COMICE,MELEDI,NL-NB,2026-02-23,2026-03-01,Weekly,,KG,3.139,3.139,614.120849609375,xgboost_feat
PEAR_COMICE,MELEDI,NL-NB,2026-03-02,2026-03-08,Weekly,,KG,3.139,3.139,626.2031860351562,xgboost_feat
PEAR_COMICE,MELEDI,NL-NB,2026-03-09,2026-03-15,Weekly,,KG,3.139,3.139,622.7363891601562,xgboost_feat
PEAR_COMICE,MELEDI,NL-NB,2026-03-16,2026-03-22,Weekly,,KG,3.139,3.139,605.0580444335938,xgboost_feat
PEAR_COMICE,MELEDI,NL-NB,2026-03-23,2026-03-29,Weekly,,KG,3.139,3.139,604.8917236328125,xgboost_feat
PEAR_COMICE,MELEDI,NL-NB,2026-03-30,2026-04-05,Weekly,,KG,3.139,3.139,631.4196166992188,xgboost_feat
PEAR_COMICE,MELEDI,NL-NB,2026-04-06,2026-04-12,Weekly,,KG,3.139,3.139,608.1522827148438,xgboost_feat
PEAR_COMICE,MELEDI,NL-NB,2026-04-13,2026-04-19,Weekly,,KG,3.139,3.139,573.3598022460938,xgboost_feat
PEAR_COMICE,MELEDI,NL-NB,2026-04-20,2026-04-26,Weekly,,KG,3.139,3.139,599.9886474609375,xgboost_feat
PEAR_COMICE,MELEDI,NL-NB,2026-04-27,2026-05-03,Weekly,,KG,3.139,3.139,583.246826171875,xgboost_feat
PEAR_COMICE,MELEDI,NL-NH,2026-02-02,2026-02-08,Weekly,,KG,3.086,3.086,584.8245849609375,xgboost_feat
PEAR_COMICE,MELEDI,NL-NH,2026-02-09,2026-02-15,Weekly,,KG,3.086,3.086,563.8480224609375,xgboost_feat
PEAR_COMICE,MELEDI,NL-NH,2026-02-16,2026-02-22,Weekly,,KG,3.086,3.086,594.2055053710938,xgboost_feat
PEAR_COMICE,MELEDI,NL-NH,2026-02-23,2026-03-01,Weekly,,KG,3.086,3.086,617.5775146484375,xgboost_feat
PEAR_COMICE,MELEDI,NL-NH,2026-03-02,2026-03-08,Weekly,,KG,3.086,3.086,639.2244873046875,xgboost_feat
PEAR_COMICE,MELEDI,NL-NH,2026-03-09,2026-03-15,Weekly,,KG,3.086,3.086,623.9844970703125,xgboost_feat
PEAR_COMICE,MELEDI,NL-NH,2026-03-16,2026-03-22,Weekly,,KG,3.086,3.086,604.323486328125,xgboost_feat
PEAR_COMICE,MELEDI,NL-NH,2026-03-23,2026-03-29,Weekly,,KG,3.086,3.086,607.8624877929688,xgboost_feat
PEAR_COMICE,MELEDI,NL-NH,2026-03-30,2026-04-05,Weekly,,KG,3.086,3.086,610.9522705078125,xgboost_feat
PEAR_COMICE,MELEDI,NL-NH,2026-04-06,2026-04-12,Weekly,,KG,3.086,3.086,602.88232421875,xgboost_feat
PEAR_COMICE,MELEDI,NL-NH,2026-04-13,2026-04-19,Weekly,,KG,3.086,3.086,561.5794067382812,xgboost_feat
PEAR_COMICE,MELEDI,NL-NH,2026-04-20,2026-04-26,Weekly,,KG,3.086,3.086,603.4747924804688,xgboost_feat
PEAR_COMICE,MELEDI,NL-NH,2026-04-27,2026-05-03,Weekly,,KG,3.086,3.086,588.2761840820312,xgboost_feat
PEAR_COMICE,MELEDI,NL-ZH,2026-02-02,2026-02-08,Weekly,,KG,3.204,3.204,587.6341552734375,xgboost_feat
PEAR_COMICE,MELEDI,NL-ZH,2026-02-09,2026-02-15,Weekly,,KG,3.204,3.204,591.1689453125,xgboost_feat
PEAR_COMICE,MELEDI,NL-ZH,2026-02-16,2026-02-22,Weekly,,KG,3.204,3.204,586.7579345703125,xgboost_feat
PEAR_COMICE,MELEDI,NL-ZH,2026-02-23,2026-03-01,Weekly,,KG,3.204,3.204,596.3514404296875,xgboost_feat
PEAR_COMICE,MELEDI,NL-ZH,2026-03-02,2026-03-08,Weekly,,KG,3.204,3.204,617.4600219726562,xgboost_feat
PEAR_COMICE,MELEDI,NL-ZH,2026-03-09,2026-03-15,Weekly,,KG,3.204,3.204,623.3046875,xgboost_feat
PEAR_COMICE,MELEDI,NL-ZH,2026-03-16,2026-03-22,Weekly,,KG,3.204,3.204,605.6051025390625,xgboost_feat
PEAR_COMICE,MELEDI,NL-ZH,2026-03-23,2026-03-29,Weekly,,KG,3.204,3.204,613.5109252929688,xgboost_feat
PEAR_COMICE,MELEDI,NL-ZH,2026-03-30,2026-04-05,Weekly,,KG,3.204,3.204,624.2360229492188,xgboost_feat
PEAR_COMICE,MELEDI,NL-ZH,2026-04-06,2026-04-12,Weekly,,KG,3.204,3.204,603.596435546875,xgboost_feat
PEAR_COMICE,MELEDI,NL-ZH,2026-04-13,2026-04-19,Weekly,,KG,3.204,3.204,585.4746704101562,xgboost_feat
PEAR_COMICE,MELEDI,NL-ZH,2026-04-20,2026-04-26,Weekly,,KG,3.204,3.204,590.0154418945312,xgboost_feat
PEAR_COMICE,MELEDI,NL-ZH,2026-04-27,2026-05-03,Weekly,,KG,3.204,3.204,590.4080810546875,xgboost_feat
PEAR_COMICE,PICNIC,NL-GE,2026-02-02,2026-02-08,Weekly,,KG,3.064,3.064,584.2628173828125,xgboost_feat
PEAR_COMICE,PICNIC,NL-GE,2026-02-09,2026-02-15,Weekly,,KG,3.064,3.064,595.7105102539062,xgboost_feat
PEAR_COMICE,PICNIC,NL-GE,2026-02-16,2026-02-22,Weekly,,KG,3.064,3.064,594.9380493164062,xgboost_feat
PEAR_COMICE,PICNIC,NL-GE,2026-02-23,2026-03-01,Weekly,,KG,3.064,3.064,600.1221313476562,xgboost_feat
PEAR_COMICE,PICNIC,NL-GE,2026-03-02,2026-03-08,Weekly,,KG,3.064,3.064,617.9678344726562,xgboost_feat
PEAR_COMICE,PICNIC,NL-GE,2026-03-09,2026-03-15,Weekly,,KG,3.064,3.064,643.7915649414062,xgboost_feat
PEAR_COMICE,PICNIC,NL-GE,2026-03-16,2026-03-22,Weekly,,KG,3.064,3.064,598.6749877929688,xgboost_feat
PEAR_COMICE,PICNIC,NL-GE,2026-03-23,2026-03-29,Weekly,,KG,3.064,3.064,603.2304077148438,xgboost_feat
PEAR_COMICE,PICNIC,NL-GE,2026-03-30,2026-04-05,Weekly,,KG,3.064,3.064,613.461669921875,xgboost_feat
PEAR_COMICE,PICNIC,NL-GE,2026-04-06,2026-04-12,Weekly,,KG,3.064,3.064,612.275634765625,xgboost_feat
PEAR_COMICE,PICNIC,NL-GE,2026-04-13,2026-04-19,Weekly,,KG,3.064,3.064,580.9923706054688,xgboost_feat
PEAR_COMICE,PICNIC,NL-GE,2026-04-20,2026-04-26,Weekly,,KG,3.064,3.064,600.018798828125,xgboost_feat
PEAR_COMICE,PICNIC,NL-GE,2026-04-27,2026-05-03,Weekly,,KG,3.064,3.064,592.8098754882812,xgboost_feat
PEAR_COMICE,PICNIC,NL-NB,2026-02-02,2026-02-08,Weekly,,KG,3.134,3.134,596.4785766601562,xgboost_feat
PEAR_COMICE,PICNIC,NL-NB,2026-02-09,2026-02-15,Weekly,,KG,3.134,3.134,598.9363403320312,xgboost_feat
PEAR_COMICE,PICNIC,NL-NB,2026-02-16,2026-02-22,Weekly,,KG,3.134,3.134,615.1383056640625,xgboost_feat
PEAR_COMICE,PICNIC,NL-NB,2026-02-23,2026-03-01,Weekly,,KG,3.134,3.134,613.7265014648438,xgboost_feat
PEAR_COMICE,PICNIC,NL-NB,2026-03-02,2026-03-08,Weekly,,KG,3.134,3.134,626.1051025390625,xgboost_feat
PEAR_COMICE,PICNIC,NL-NB,2026-03-09,2026-03-15,Weekly,,KG,3.134,3.134,622.7363891601562,xgboost_feat
PEAR_COMICE,PICNIC,NL-NB,2026-03-16,2026-03-22,Weekly,,KG,3.134,3.134,605.0580444335938,xgboost_feat
PEAR_COMICE,PICNIC,NL-NB,2026-03-23,2026-03-29,Weekly,,KG,3.134,3.134,604.8941650390625,xgboost_feat
PEAR_COMICE,PICNIC,NL-NB,2026-03-30,2026-04-05,Weekly,,KG,3.134,3.134,631.4196166992188,xgboost_feat
PEAR_COMICE,PICNIC,NL-NB,2026-04-06,2026-04-12,Weekly,,KG,3.134,3.134,608.1527709960938,xgboost_feat
PEAR_COMICE,PICNIC,NL-NB,2026-04-13,2026-04-19,Weekly,,KG,3.134,3.134,573.6008911132812,xgboost_feat
PEAR_COMICE,PICNIC,NL-NB,2026-04-20,2026-04-26,Weekly,,KG,3.134,3.134,599.3564453125,xgboost_feat
PEAR_COMICE,PICNIC,NL-NB,2026-04-27,2026-05-03,Weekly,,KG,3.134,3.134,586.8915405273438,xgboost_feat
PEAR_COMICE,PICNIC,NL-NH,2026-02-02,2026-02-08,Weekly,,KG,3.29,3.29,592.4265747070312,xgboost_feat
PEAR_COMICE,PICNIC,NL-NH,2026-02-09,2026-02-15,Weekly,,KG,3.29,3.29,564.8847045898438,xgboost_feat
PEAR_COMICE,PICNIC,NL-NH,2026-02-16,2026-02-22,Weekly,,KG,3.29,3.29,593.7392578125,xgboost_feat
PEAR_COMICE,PICNIC,NL-NH,2026-02-23,2026-03-01,Weekly,,KG,3.29,3.29,616.4796752929688,xgboost_feat
PEAR_COMICE,PICNIC,NL-NH,2026-03-02,2026-03-08,Weekly,,KG,3.29,3.29,633.1226806640625,xgboost_feat
PEAR_COMICE,PICNIC,NL-NH,2026-03-09,2026-03-15,Weekly,,KG,3.29,3.29,623.9884643554688,xgboost_feat
PEAR_COMICE,PICNIC,NL-NH,2026-03-16,2026-03-22,Weekly,,KG,3.29,3.29,606.021240234375,xgboost_feat
PEAR_COMICE,PICNIC,NL-NH,2026-03-23,2026-03-29,Weekly,,KG,3.29,3.29,611.9360961914062,xgboost_feat
PEAR_COMICE,PICNIC,NL-NH,2026-03-30,2026-04-05,Weekly,,KG,3.29,3.29,610.9163208007812,xgboost_feat
PEAR_COMICE,PICNIC,NL-NH,2026-04-06,2026-04-12,Weekly,,KG,3.29,3.29,602.8768310546875,xgboost_feat
PEAR_COMICE,PICNIC,NL-NH,2026-04-13,2026-04-19,Weekly,,KG,3.29,3.29,561.6740112304688,xgboost_feat
PEAR_COMICE,PICNIC,NL-NH,2026-04-20,2026-04-26,Weekly,,KG,3.29,3.29,603.3143920898438,xgboost_feat
PEAR_COMICE,PICNIC,NL-NH,2026-04-27,2026-05-03,Weekly,,KG,3.29,3.29,588.3935546875,xgboost_feat
PEAR_COMICE,PICNIC,NL-ZH,2026-02-02,2026-02-08,Weekly,,KG,3.271,3.271,582.8472290039062,xgboost_feat
PEAR_COMICE,PICNIC,NL-ZH,2026-02-09,2026-02-15,Weekly,,KG,3.271,3.271,592.0914916992188,xgboost_feat
PEAR_COMICE,PICNIC,NL-ZH,2026-02-16,2026-02-22,Weekly,,KG,3.271,3.271,592.4564208984375,xgboost_feat
PEAR_COMICE,PICNIC,NL-ZH,2026-02-23,2026-03-01,Weekly,,KG,3.271,3.271,597.110107421875,xgboost_feat
PEAR_COMICE,PICNIC,NL-ZH,2026-03-02,2026-03-08,Weekly,,KG,3.271,3.271,617.7596435546875,xgboost_feat
PEAR_COMICE,PICNIC,NL-ZH,2026-03-09,2026-03-15,Weekly,,KG,3.271,3.271,619.67919921875,xgboost_feat
PEAR_COMICE,PICNIC,NL-ZH,2026-03-16,2026-03-22,Weekly,,KG,3.271,3.271,606.10205078125,xgboost_feat
PEAR_COMICE,PICNIC,NL-ZH,2026-03-23,2026-03-29,Weekly,,KG,3.271,3.271,613.713134765625,xgboost_feat
PEAR_COMICE,PICNIC,NL-ZH,2026-03-30,2026-04-05,Weekly,,KG,3.271,3.271,624.3910522460938,xgboost_feat
PEAR_COMICE,PICNIC,NL-ZH,2026-04-06,2026-04-12,Weekly,,KG,3.271,3.271,604.8597412109375,xgboost_feat
PEAR_COMICE,PICNIC,NL-ZH,2026-04-13,2026-04-19,Weekly,,KG,3.271,3.271,584.4434814453125,xgboost_feat
PEAR_COMICE,PICNIC,NL-ZH,2026-04-20,2026-04-26,Weekly,,KG,3.271,3.271,596.3902587890625,xgboost_feat
PEAR_COMICE,PICNIC,NL-ZH,2026-04-27,2026-05-03,Weekly,,KG,3.271,3.271,593.162841796875,xgboost_feat
PEAR_COMICE,PLUS,NL-GE,2026-02-02,2026-02-08,Weekly,,KG,2.908,2.908,602.5592041015625,xgboost_feat
PEAR_COMICE,PLUS,NL-GE,2026-02-09,2026-02-15,Weekly,,KG,2.7626,2.908,636.5836791992188,xgboost_feat
PEAR_COMICE,PLUS,NL-GE,2026-02-16,2026-02-22,Weekly,,KG,2.7626,2.908,659.7816162109375,xgboost_feat
PEAR_COMICE,PLUS,NL-GE,2026-02-23,2026-03-01,Weekly,,KG,2.908,2.908,602.2667846679688,xgboost_feat
PEAR_COMICE,PLUS,NL-GE,2026-03-02,2026-03-08,Weekly,,KG,2.908,2.908,621.39111328125,xgboost_feat
PEAR_COMICE,PLUS,NL-GE,2026-03-09,2026-03-15,Weekly,,KG,2.908,2.908,646.6062622070312,xgboost_feat
PEAR_COMICE,PLUS,NL-GE,2026-03-16,2026-03-22,Weekly,,KG,2.908,2.908,594.5202026367188,xgboost_feat
PEAR_COMICE,PLUS,NL-GE,2026-03-23,2026-03-29,Weekly,,KG,2.908,2.908,602.9707641601562,xgboost_feat
PEAR_COMICE,PLUS,NL-GE,2026-03-30,2026-04-05,Weekly,,KG,2.908,2.908,607.2176513671875,xgboost_feat
PEAR_COMICE,PLUS,NL-GE,2026-04-06,2026-04-12,Weekly,,KG,2.908,2.908,604.4603271484375,xgboost_feat
PEAR_COMICE,PLUS,NL-GE,2026-04-13,2026-04-19,Weekly,,KG,2.908,2.908,572.0809326171875,xgboost_feat
PEAR_COMICE,PLUS,NL-GE,2026-04-20,2026-04-26,Weekly,,KG,2.908,2.908,593.4339599609375,xgboost_feat
PEAR_COMICE,PLUS,NL-GE,2026-04-27,2026-05-03,Weekly,,KG,2.908,2.908,585.5245971679688,xgboost_feat
PEAR_COMICE,PLUS,NL-NB,2026-02-02,2026-02-08,Weekly,,KG,3.154,3.154,660.6389770507812,xgboost_feat
PEAR_COMICE,PLUS,NL-NB,2026-02-09,2026-02-15,Weekly,,KG,3.154,3.154,650.992431640625,xgboost_feat
PEAR_COMICE,PLUS,NL-NB,2026-02-16,2026-02-22,Weekly,,KG,3.154,3.154,638.285888671875,xgboost_feat
PEAR_COMICE,PLUS,NL-NB,2026-02-23,2026-03-01,Weekly,,KG,3.154,3.154,619.8439331054688,xgboost_feat
PEAR_COMICE,PLUS,NL-NB,2026-03-02,2026-03-08,Weekly,,KG,3.154,3.154,635.8837890625,xgboost_feat
PEAR_COMICE,PLUS,NL-NB,2026-03-09,2026-03-15,Weekly,,KG,3.154,3.154,616.9879760742188,xgboost_feat
PEAR_COMICE,PLUS,NL-NB,2026-03-16,2026-03-22,Weekly,,KG,3.154,3.154,600.2438354492188,xgboost_feat
PEAR_COMICE,PLUS,NL-NB,2026-03-23,2026-03-29,Weekly,,KG,3.154,3.154,595.581298828125,xgboost_feat
PEAR_COMICE,PLUS,NL-NB,2026-03-30,2026-04-05,Weekly,,KG,3.154,3.154,630.3688354492188,xgboost_feat
PEAR_COMICE,PLUS,NL-NB,2026-04-06,2026-04-12,Weekly,,KG,3.154,3.154,600.566162109375,xgboost_feat
PEAR_COMICE,PLUS,NL-NB,2026-04-13,2026-04-19,Weekly,,KG,3.154,3.154,563.128173828125,xgboost_feat
PEAR_COMICE,PLUS,NL-NB,2026-04-20,2026-04-26,Weekly,,KG,3.154,3.154,596.8233032226562,xgboost_feat
PEAR_COMICE,PLUS,NL-NB,2026-04-27,2026-05-03,Weekly,,KG,3.154,3.154,577.1744995117188,xgboost_feat
PEAR_COMICE,PLUS,NL-NH,2026-02-02,2026-02-08,Weekly,,KG,3.162,3.162,632.6676635742188,xgboost_feat
PEAR_COMICE,PLUS,NL-NH,2026-02-09,2026-02-15,Weekly,,KG,3.162,3.162,607.5073852539062,xgboost_feat
PEAR_COMICE,PLUS,NL-NH,2026-02-16,2026-02-22,Weekly,,KG,3.162,3.162,648.5535278320312,xgboost_feat
PEAR_COMICE,PLUS,NL-NH,2026-02-23,2026-03-01,Weekly,,KG,3.162,3.162,651.4035034179688,xgboost_feat
PEAR_COMICE,PLUS,NL-NH,2026-03-02,2026-03-08,Weekly,,KG,3.162,3.162,627.91064453125,xgboost_feat
PEAR_COMICE,PLUS,NL-NH,2026-03-09,2026-03-15,Weekly,,KG,3.162,3.162,617.4290771484375,xgboost_feat
PEAR_COMICE,PLUS,NL-NH,2026-03-16,2026-03-22,Weekly,,KG,3.162,3.162,601.5432739257812,xgboost_feat
PEAR_COMICE,PLUS,NL-NH,2026-03-23,2026-03-29,Weekly,,KG,3.162,3.162,611.4591674804688,xgboost_feat
PEAR_COMICE,PLUS,NL-NH,2026-03-30,2026-04-05,Weekly,,KG,3.162,3.162,609.4388427734375,xgboost_feat
PEAR_COMICE,PLUS,NL-NH,2026-04-06,2026-04-12,Weekly,,KG,3.162,3.162,601.95849609375,xgboost_feat
PEAR_COMICE,PLUS,NL-NH,2026-04-13,2026-04-19,Weekly,,KG,3.162,3.162,562.9427490234375,xgboost_feat
PEAR_COMICE,PLUS,NL-NH,2026-04-20,2026-04-26,Weekly,,KG,3.162,3.162,599.899658203125,xgboost_feat
PEAR_COMICE,PLUS,NL-NH,2026-04-27,2026-05-03,Weekly,,KG,3.162,3.162,578.596435546875,xgboost_feat
PEAR_COMICE,PLUS,NL-ZH,2026-02-02,2026-02-08,Weekly,,KG,3.36,3.36,664.4265747070312,xgboost_feat
PEAR_COMICE,PLUS,NL-ZH,2026-02-09,2026-02-15,Weekly,,KG,3.36,3.36,650.1943969726562,xgboost_feat
PEAR_COMICE,PLUS,NL-ZH,2026-02-16,2026-02-22,Weekly,,KG,3.36,3.36,656.2826538085938,xgboost_feat
PEAR_COMICE,PLUS,NL-ZH,2026-02-23,2026-03-01,Weekly,,KG,3.36,3.36,659.6592407226562,xgboost_feat
PEAR_COMICE,PLUS,NL-ZH,2026-03-02,2026-03-08,Weekly,,KG,3.36,3.36,667.6121826171875,xgboost_feat
PEAR_COMICE,PLUS,NL-ZH,2026-03-09,2026-03-15,Weekly,,KG,3.36,3.36,649.2954711914062,xgboost_feat
PEAR_COMICE,PLUS,NL-ZH,2026-03-16,2026-03-22,Weekly,,KG,3.36,3.36,639.4188232421875,xgboost_feat
PEAR_COMICE,PLUS,NL-ZH,2026-03-23,2026-03-29,Weekly,,KG,3.36,3.36,674.616943359375,xgboost_feat
PEAR_COMICE,PLUS,NL-ZH,2026-03-30,2026-04-05,Weekly,,KG,3.36,3.36,679.9658813476562,xgboost_feat
PEAR_COMICE,PLUS,NL-ZH,2026-04-06,2026-04-12,Weekly,,KG,3.36,3.36,664.0985717773438,xgboost_feat
PEAR_COMICE,PLUS,NL-ZH,2026-04-13,2026-04-19,Weekly,,KG,3.36,3.36,662.6192016601562,xgboost_feat
PEAR_COMICE,PLUS,NL-ZH,2026-04-20,2026-04-26,Weekly,,KG,3.36,3.36,673.2197875976562,xgboost_feat
PEAR_COMICE,PLUS,NL-ZH,2026-04-27,2026-05-03,Weekly,,KG,3.36,3.36,650.04296875,xgboost_feat
PEAR_COMICE,SLIGRO,NL-GE,2026-02-02,2026-02-08,Weekly,,KG,3.013,3.013,584.2628173828125,xgboost_feat
PEAR_COMICE,SLIGRO,NL-GE,2026-02-09,2026-02-15,Weekly,,KG,3.013,3.013,591.1166381835938,xgboost_feat
PEAR_COMICE,SLIGRO,NL-GE,2026-02-16,2026-02-22,Weekly,,KG,3.013,3.013,595.3045654296875,xgboost_feat
PEAR_COMICE,SLIGRO,NL-GE,2026-02-23,2026-03-01,Weekly,,KG,3.013,3.013,598.9913330078125,xgboost_feat
PEAR_COMICE,SLIGRO,NL-GE,2026-03-02,2026-03-08,Weekly,,KG,3.013,3.013,618.1132202148438,xgboost_feat
PEAR_COMICE,SLIGRO,NL-GE,2026-03-09,2026-03-15,Weekly,,KG,3.013,3.013,643.7529907226562,xgboost_feat
PEAR_COMICE,SLIGRO,NL-GE,2026-03-16,2026-03-22,Weekly,,KG,3.013,3.013,598.6749877929688,xgboost_feat
PEAR_COMICE,SLIGRO,NL-GE,2026-03-23,2026-03-29,Weekly,,KG,3.013,3.013,603.2304077148438,xgboost_feat
PEAR_COMICE,SLIGRO,NL-GE,2026-03-30,2026-04-05,Weekly,,KG,3.013,3.013,613.461669921875,xgboost_feat
PEAR_COMICE,SLIGRO,NL-GE,2026-04-06,2026-04-12,Weekly,,KG,3.013,3.013,612.275634765625,xgboost_feat
PEAR_COMICE,SLIGRO,NL-GE,2026-04-13,2026-04-19,Weekly,,KG,3.013,3.013,580.8688354492188,xgboost_feat
PEAR_COMICE,SLIGRO,NL-GE,2026-04-20,2026-04-26,Weekly,,KG,3.013,3.013,600.3272705078125,xgboost_feat
PEAR_COMICE,SLIGRO,NL-GE,2026-04-27,2026-05-03,Weekly,,KG,3.013,3.013,592.5928344726562,xgboost_feat
PEAR_COMICE,SLIGRO,NL-NB,2026-02-02,2026-02-08,Weekly,,KG,3.252,3.252,600.4376831054688,xgboost_feat
PEAR_COMICE,SLIGRO,NL-NB,2026-02-09,2026-02-15,Weekly,,KG,3.252,3.252,598.370361328125,xgboost_feat
PEAR_COMICE,SLIGRO,NL-NB,2026-02-16,2026-02-22,Weekly,,KG,3.252,3.252,615.22509765625,xgboost_feat
PEAR_COMICE,SLIGRO,NL-NB,2026-02-23,2026-03-01,Weekly,,KG,3.252,3.252,614.0798950195312,xgboost_feat
PEAR_COMICE,SLIGRO,NL-NB,2026-03-02,2026-03-08,Weekly,,KG,3.252,3.252,626.3505249023438,xgboost_feat
PEAR_COMICE,SLIGRO,NL-NB,2026-03-09,2026-03-15,Weekly,,KG,3.252,3.252,622.7363891601562,xgboost_feat
PEAR_COMICE,SLIGRO,NL-NB,2026-03-16,2026-03-22,Weekly,,KG,3.252,3.252,605.0580444335938,xgboost_feat
PEAR_COMICE,SLIGRO,NL-NB,2026-03-23,2026-03-29,Weekly,,KG,3.252,3.252,604.8917236328125,xgboost_feat
PEAR_COMICE,SLIGRO,NL-NB,2026-03-30,2026-04-05,Weekly,,KG,3.252,3.252,631.4196166992188,xgboost_feat
PEAR_COMICE,SLIGRO,NL-NB,2026-04-06,2026-04-12,Weekly,,KG,3.252,3.252,608.1522827148438,xgboost_feat
PEAR_COMICE,SLIGRO,NL-NB,2026-04-13,2026-04-19,Weekly,,KG,3.252,3.252,573.3489379882812,xgboost_feat
PEAR_COMICE,SLIGRO,NL-NB,2026-04-20,2026-04-26,Weekly,,KG,3.252,3.252,599.9886474609375,xgboost_feat
PEAR_COMICE,SLIGRO,NL-NB,2026-04-27,2026-05-03,Weekly,,KG,3.252,3.252,583.23876953125,xgboost_feat
PEAR_COMICE,SLIGRO,NL-NH,2026-02-02,2026-02-08,Weekly,,KG,3.192,3.192,589.0191040039062,xgboost_feat
PEAR_COMICE,SLIGRO,NL-NH,2026-02-09,2026-02-15,Weekly,,KG,3.192,3.192,562.394775390625,xgboost_feat
PEAR_COMICE,SLIGRO,NL-NH,2026-02-16,2026-02-22,Weekly,,KG,3.192,3.192,592.252197265625,xgboost_feat
PEAR_COMICE,SLIGRO,NL-NH,2026-02-23,2026-03-01,Weekly,,KG,3.192,3.192,615.5233764648438,xgboost_feat
PEAR_COMICE,SLIGRO,NL-NH,2026-03-02,2026-03-08,Weekly,,KG,3.192,3.192,634.5584716796875,xgboost_feat
PEAR_COMICE,SLIGRO,NL-NH,2026-03-09,2026-03-15,Weekly,,KG,3.192,3.192,623.9910888671875,xgboost_feat
PEAR_COMICE,SLIGRO,NL-NH,2026-03-16,2026-03-22,Weekly,,KG,3.192,3.192,606.020263671875,xgboost_feat
PEAR_COMICE,SLIGRO,NL-NH,2026-03-23,2026-03-29,Weekly,,KG,3.192,3.192,611.9360961914062,xgboost_feat
PEAR_COMICE,SLIGRO,NL-NH,2026-03-30,2026-04-05,Weekly,,KG,3.192,3.192,611.0276489257812,xgboost_feat
PEAR_COMICE,SLIGRO,NL-NH,2026-04-06,2026-04-12,Weekly,,KG,3.192,3.192,602.88232421875,xgboost_feat
PEAR_COMICE,SLIGRO,NL-NH,2026-04-13,2026-04-19,Weekly,,KG,3.192,3.192,561.7810668945312,xgboost_feat
PEAR_COMICE,SLIGRO,NL-NH,2026-04-20,2026-04-26,Weekly,,KG,3.192,3.192,603.4104614257812,xgboost_feat
PEAR_COMICE,SLIGRO,NL-NH,2026-04-27,2026-05-03,Weekly,,KG,3.192,3.192,586.6890869140625,xgboost_feat
PEAR_COMICE,SLIGRO,NL-ZH,2026-02-02,2026-02-08,Weekly,,KG,3.382,3.382,587.84765625,xgboost_feat
PEAR_COMICE,SLIGRO,NL-ZH,2026-02-09,2026-02-15,Weekly,,KG,3.382,3.382,590.6386108398438,xgboost_feat
PEAR_COMICE,SLIGRO,NL-ZH,2026-02-16,2026-02-22,Weekly,,KG,3.382,3.382,593.5650634765625,xgboost_feat
PEAR_COMICE,SLIGRO,NL-ZH,2026-02-23,2026-03-01,Weekly,,KG,3.382,3.382,598.6322021484375,xgboost_feat
PEAR_COMICE,SLIGRO,NL-ZH,2026-03-02,2026-03-08,Weekly,,KG,3.382,3.382,618.0480346679688,xgboost_feat
PEAR_COMICE,SLIGRO,NL-ZH,2026-03-09,2026-03-15,Weekly,,KG,3.382,3.382,620.2791748046875,xgboost_feat
PEAR_COMICE,SLIGRO,NL-ZH,2026-03-16,2026-03-22,Weekly,,KG,3.382,3.382,606.10205078125,xgboost_feat
PEAR_COMICE,SLIGRO,NL-ZH,2026-03-23,2026-03-29,Weekly,,KG,3.382,3.382,613.713134765625,xgboost_feat
PEAR_COMICE,SLIGRO,NL-ZH,2026-03-30,2026-04-05,Weekly,,KG,3.382,3.382,624.3910522460938,xgboost_feat
PEAR_COMICE,SLIGRO,NL-ZH,2026-04-06,2026-04-12,Weekly,,KG,3.382,3.382,604.8597412109375,xgboost_feat
PEAR_COMICE,SLIGRO,NL-ZH,2026-04-13,2026-04-19,Weekly,,KG,3.382,3.382,585.3848876953125,xgboost_feat
PEAR_COMICE,SLIGRO,NL-ZH,2026-04-20,2026-04-26,Weekly,,KG,3.382,3.382,592.8015747070312,xgboost_feat
PEAR_COMICE,SLIGRO,NL-ZH,2026-04-27,2026-05-03,Weekly,,KG,3.382,3.382,588.7150268554688,xgboost_feat
PEAR_CONFERENCE,AH,NL-GE,2026-02-02,2026-02-08,Weekly,,KG,3.075,3.075,576.1134643554688,xgboost_feat
PEAR_CONFERENCE,AH,NL-GE,2026-02-09,2026-02-15,Weekly,,KG,3.075,3.075,598.2376098632812,xgboost_feat
PEAR_CONFERENCE,AH,NL-GE,2026-02-16,2026-02-22,Weekly,,KG,3.075,3.075,614.5578002929688,xgboost_feat
PEAR_CONFERENCE,AH,NL-GE,2026-02-23,2026-03-01,Weekly,,KG,3.075,3.075,626.1856689453125,xgboost_feat
PEAR_CONFERENCE,AH,NL-GE,2026-03-02,2026-03-08,Weekly,,KG,3.075,3.075,629.158203125,xgboost_feat
PEAR_CONFERENCE,AH,NL-GE,2026-03-09,2026-03-15,Weekly,,KG,3.075,3.075,642.1925659179688,xgboost_feat
PEAR_CONFERENCE,AH,NL-GE,2026-03-16,2026-03-22,Weekly,,KG,3.075,3.075,592.4022216796875,xgboost_feat
PEAR_CONFERENCE,AH,NL-GE,2026-03-23,2026-03-29,Weekly,,KG,3.075,3.075,600.310302734375,xgboost_feat
PEAR_CONFERENCE,AH,NL-GE,2026-03-30,2026-04-05,Weekly,,KG,3.075,3.075,602.2970581054688,xgboost_feat
PEAR_CONFERENCE,AH,NL-GE,2026-04-06,2026-04-12,Weekly,,KG,3.075,3.075,606.3353881835938,xgboost_feat
PEAR_CONFERENCE,AH,NL-GE,2026-04-13,2026-04-19,Weekly,,KG,3.075,3.075,574.4397583007812,xgboost_feat
PEAR_CONFERENCE,AH,NL-GE,2026-04-20,2026-04-26,Weekly,,KG,3.075,3.075,597.5894165039062,xgboost_feat
PEAR_CONFERENCE,AH,NL-GE,2026-04-27,2026-05-03,Weekly,,KG,3.075,3.075,585.7571411132812,xgboost_feat
PEAR_CONFERENCE,AH,NL-NB,2026-02-02,2026-02-08,Weekly,,KG,3.186,3.186,595.1258544921875,xgboost_feat
PEAR_CONFERENCE,AH,NL-NB,2026-02-09,2026-02-15,Weekly,,KG,3.186,3.186,617.1182861328125,xgboost_feat
PEAR_CONFERENCE,AH,NL-NB,2026-02-16,2026-02-22,Weekly,,KG,3.186,3.186,642.765380859375,xgboost_feat
PEAR_CONFERENCE,AH,NL-NB,2026-02-23,2026-03-01,Weekly,,KG,3.186,3.186,618.1547241210938,xgboost_feat
PEAR_CONFERENCE,AH,NL-NB,2026-03-02,2026-03-08,Weekly,,KG,3.186,3.186,620.8214721679688,xgboost_feat
PEAR_CONFERENCE,AH,NL-NB,2026-03-09,2026-03-15,Weekly,,KG,3.186,3.186,617.7769165039062,xgboost_feat
PEAR_CONFERENCE,AH,NL-NB,2026-03-16,2026-03-22,Weekly,,KG,3.186,3.186,601.2153930664062,xgboost_feat
PEAR_CONFERENCE,AH,NL-NB,2026-03-23,2026-03-29,Weekly,,KG,3.186,3.186,607.7714233398438,xgboost_feat
PEAR_CONFERENCE,AH,NL-NB,2026-03-30,2026-04-05,Weekly,,KG,3.0267,3.186,642.6521606445312,xgboost_feat
PEAR_CONFERENCE,AH,NL-NB,2026-04-06,2026-04-12,Weekly,,KG,3.0267,3.186,618.6795043945312,xgboost_feat
PEAR_CONFERENCE,AH,NL-NB,2026-04-13,2026-04-19,Weekly,,KG,3.0267,3.186,580.8953247070312,xgboost_feat
PEAR_CONFERENCE,AH,NL-NB,2026-04-20,2026-04-26,Weekly,,KG,3.186,3.186,596.2857055664062,xgboost_feat
PEAR_CONFERENCE,AH,NL-NB,2026-04-27,2026-05-03,Weekly,,KG,3.186,3.186,578.7554321289062,xgboost_feat
PEAR_CONFERENCE,AH,NL-NH,2026-02-02,2026-02-08,Weekly,,KG,3.23,3.23,591.8425903320312,xgboost_feat
PEAR_CONFERENCE,AH,NL-NH,2026-02-09,2026-02-15,Weekly,,KG,3.23,3.23,558.3843383789062,xgboost_feat
PEAR_CONFERENCE,AH,NL-NH,2026-02-16,2026-02-22,Weekly,,KG,3.23,3.23,608.5236206054688,xgboost_feat
PEAR_CONFERENCE,AH,NL-NH,2026-02-23,2026-03-01,Weekly,,KG,3.23,3.23,647.7627563476562,xgboost_feat
PEAR_CONFERENCE,AH,NL-NH,2026-03-02,2026-03-08,Weekly,,KG,3.23,3.23,627.6224365234375,xgboost_feat
PEAR_CONFERENCE,AH,NL-NH,2026-03-09,2026-03-15,Weekly,,KG,3.23,3.23,627.8683471679688,xgboost_feat
PEAR_CONFERENCE,AH,NL-NH,2026-03-16,2026-03-22,Weekly,,KG,3.23,3.23,604.698974609375,xgboost_feat
PEAR_CONFERENCE,AH,NL-NH,2026-03-23,2026-03-29,Weekly,,KG,3.23,3.23,610.0238037109375,xgboost_feat
PEAR_CONFERENCE,AH,NL-NH,2026-03-30,2026-04-05,Weekly,,KG,3.23,3.23,606.421142578125,xgboost_feat
PEAR_CONFERENCE,AH,NL-NH,2026-04-06,2026-04-12,Weekly,,KG,3.23,3.23,598.7948608398438,xgboost_feat
PEAR_CONFERENCE,AH,NL-NH,2026-04-13,2026-04-19,Weekly,,KG,3.23,3.23,555.2357177734375,xgboost_feat
PEAR_CONFERENCE,AH,NL-NH,2026-04-20,2026-04-26,Weekly,,KG,3.23,3.23,601.8116455078125,xgboost_feat
PEAR_CONFERENCE,AH,NL-NH,2026-04-27,2026-05-03,Weekly,,KG,3.23,3.23,582.2423706054688,xgboost_feat
PEAR_CONFERENCE,AH,NL-ZH,2026-02-02,2026-02-08,Weekly,,KG,3.315,3.315,603.0222778320312,xgboost_feat
PEAR_CONFERENCE,AH,NL-ZH,2026-02-09,2026-02-15,Weekly,,KG,3.315,3.315,609.060302734375,xgboost_feat
PEAR_CONFERENCE,AH,NL-ZH,2026-02-16,2026-02-22,Weekly,,KG,3.315,3.315,602.875244140625,xgboost_feat
PEAR_CONFERENCE,AH,NL-ZH,2026-02-23,2026-03-01,Weekly,,KG,3.315,3.315,625.6624755859375,xgboost_feat
PEAR_CONFERENCE,AH,NL-ZH,2026-03-02,2026-03-08,Weekly,,KG,3.315,3.315,624.4268798828125,xgboost_feat
PEAR_CONFERENCE,AH,NL-ZH,2026-03-09,2026-03-15,Weekly,,KG,3.315,3.315,617.086669921875,xgboost_feat
PEAR_CONFERENCE,AH,NL-ZH,2026-03-16,2026-03-22,Weekly,,KG,3.315,3.315,608.755126953125,xgboost_feat
PEAR_CONFERENCE,AH,NL-ZH,2026-03-23,2026-03-29,Weekly,,KG,3.315,3.315,609.53564453125,xgboost_feat
PEAR_CONFERENCE,AH,NL-ZH,2026-03-30,2026-04-05,Weekly,,KG,3.315,3.315,628.5830688476562,xgboost_feat
PEAR_CONFERENCE,AH,NL-ZH,2026-04-06,2026-04-12,Weekly,,KG,3.315,3.315,602.4298095703125,xgboost_feat
PEAR_CONFERENCE,AH,NL-ZH,2026-04-13,2026-04-19,Weekly,,KG,3.315,3.315,582.18408203125,xgboost_feat
PEAR_CONFERENCE,AH,NL-ZH,2026-04-20,2026-04-26,Weekly,,KG,3.315,3.315,593.566162109375,xgboost_feat
PEAR_CONFERENCE,AH,NL-ZH,2026-04-27,2026-05-03,Weekly,,KG,3.315,3.315,586.8823852539062,xgboost_feat
PEAR_CONFERENCE,FLINK,NL-GE,2026-02-02,2026-02-08,Weekly,,KG,3.017,3.017,587.2239990234375,xgboost_feat
PEAR_CONFERENCE,FLINK,NL-GE,2026-02-09,2026-02-15,Weekly,,KG,3.017,3.017,595.2106323242188,xgboost_feat
PEAR_CONFERENCE,FLINK,NL-GE,2026-02-16,2026-02-22,Weekly,,KG,3.017,3.017,594.9380493164062,xgboost_feat
PEAR_CONFERENCE,FLINK,NL-GE,2026-02-23,2026-03-01,Weekly,,KG,3.017,3.017,599.8506469726562,xgboost_feat
PEAR_CONFERENCE,FLINK,NL-GE,2026-03-02,2026-03-08,Weekly,,KG,3.017,3.017,617.9116821289062,xgboost_feat
PEAR_CONFERENCE,FLINK,NL-GE,2026-03-09,2026-03-15,Weekly,,KG,3.017,3.017,643.7915649414062,xgboost_feat
PEAR_CONFERENCE,FLINK,NL-GE,2026-03-16,2026-03-22,Weekly,,KG,3.017,3.017,598.6749877929688,xgboost_feat
PEAR_CONFERENCE,FLINK,NL-GE,2026-03-23,2026-03-29,Weekly,,KG,3.017,3.017,603.2304077148438,xgboost_feat
PEAR_CONFERENCE,FLINK,NL-GE,2026-03-30,2026-04-05,Weekly,,KG,3.017,3.017,613.461669921875,xgboost_feat
PEAR_CONFERENCE,FLINK,NL-GE,2026-04-06,2026-04-12,Weekly,,KG,3.017,3.017,612.275634765625,xgboost_feat
PEAR_CONFERENCE,FLINK,NL-GE,2026-04-13,2026-04-19,Weekly,,KG,3.017,3.017,580.9923706054688,xgboost_feat
PEAR_CONFERENCE,FLINK,NL-GE,2026-04-20,2026-04-26,Weekly,,KG,3.017,3.017,600.16015625,xgboost_feat
PEAR_CONFERENCE,FLINK,NL-GE,2026-04-27,2026-05-03,Weekly,,KG,3.017,3.017,592.7439575195312,xgboost_feat
PEAR_CONFERENCE,FLINK,NL-NB,2026-02-02,2026-02-08,Weekly,,KG,3.076,3.076,591.23828125,xgboost_feat
PEAR_CONFERENCE,FLINK,NL-NB,2026-02-09,2026-02-15,Weekly,,KG,3.076,3.076,602.0025024414062,xgboost_feat
PEAR_CONFERENCE,FLINK,NL-NB,2026-02-16,2026-02-22,Weekly,,KG,3.076,3.076,620.23095703125,xgboost_feat
PEAR_CONFERENCE,FLINK,NL-NB,2026-02-23,2026-03-01,Weekly,,KG,3.076,3.076,615.3714599609375,xgboost_feat
PEAR_CONFERENCE,FLINK,NL-NB,2026-03-02,2026-03-08,Weekly,,KG,3.076,3.076,626.8046264648438,xgboost_feat
PEAR_CONFERENCE,FLINK,NL-NB,2026-03-09,2026-03-15,Weekly,,KG,3.076,3.076,623.7756958007812,xgboost_feat
PEAR_CONFERENCE,FLINK,NL-NB,2026-03-16,2026-03-22,Weekly,,KG,3.076,3.076,605.764404296875,xgboost_feat
PEAR_CONFERENCE,FLINK,NL-NB,2026-03-23,2026-03-29,Weekly,,KG,3.076,3.076,609.1239013671875,xgboost_feat
PEAR_CONFERENCE,FLINK,NL-NB,2026-03-30,2026-04-05,Weekly,,KG,3.076,3.076,631.4220581054688,xgboost_feat
PEAR_CONFERENCE,FLINK,NL-NB,2026-04-06,2026-04-12,Weekly,,KG,3.076,3.076,607.9457397460938,xgboost_feat
PEAR_CONFERENCE,FLINK,NL-NB,2026-04-13,2026-04-19,Weekly,,KG,3.076,3.076,573.2423706054688,xgboost_feat
PEAR_CONFERENCE,FLINK,NL-NB,2026-04-20,2026-04-26,Weekly,,KG,3.076,3.076,599.56689453125,xgboost_feat
PEAR_CONFERENCE,FLINK,NL-NB,2026-04-27,2026-05-03,Weekly,,KG,3.076,3.076,586.7328491210938,xgboost_feat
PEAR_CONFERENCE,FLINK,NL-NH,2026-02-02,2026-02-08,Weekly,,KG,3.269,3.269,592.4275512695312,xgboost_feat
PEAR_CONFERENCE,FLINK,NL-NH,2026-02-09,2026-02-15,Weekly,,KG,3.269,3.269,565.2252807617188,xgboost_feat
PEAR_CONFERENCE,FLINK,NL-NH,2026-02-16,2026-02-22,Weekly,,KG,3.269,3.269,593.66162109375,xgboost_feat
PEAR_CONFERENCE,FLINK,NL-NH,2026-02-23,2026-03-01,Weekly,,KG,3.269,3.269,616.1091918945312,xgboost_feat
PEAR_CONFERENCE,FLINK,NL-NH,2026-03-02,2026-03-08,Weekly,,KG,3.269,3.269,633.1226806640625,xgboost_feat
PEAR_CONFERENCE,FLINK,NL-NH,2026-03-09,2026-03-15,Weekly,,KG,3.269,3.269,623.9884643554688,xgboost_feat
PEAR_CONFERENCE,FLINK,NL-NH,2026-03-16,2026-03-22,Weekly,,KG,3.269,3.269,606.021240234375,xgboost_feat
PEAR_CONFERENCE,FLINK,NL-NH,2026-03-23,2026-03-29,Weekly,,KG,3.269,3.269,611.9360961914062,xgboost_feat
PEAR_CONFERENCE,FLINK,NL-NH,2026-03-30,2026-04-05,Weekly,,KG,3.269,3.269,610.9163208007812,xgboost_feat
PEAR_CONFERENCE,FLINK,NL-NH,2026-04-06,2026-04-12,Weekly,,KG,3.269,3.269,602.8768310546875,xgboost_feat
PEAR_CONFERENCE,FLINK,NL-NH,2026-04-13,2026-04-19,Weekly,,KG,3.269,3.269,561.6744995117188,xgboost_feat
PEAR_CONFERENCE,FLINK,NL-NH,2026-04-20,2026-04-26,Weekly,,KG,3.269,3.269,603.4549560546875,xgboost_feat
PEAR_CONFERENCE,FLINK,NL-NH,2026-04-27,2026-05-03,Weekly,,KG,3.269,3.269,588.3441162109375,xgboost_feat
PEAR_CONFERENCE,FLINK,NL-ZH,2026-02-02,2026-02-08,Weekly,,KG,2.58,3.225,586.9173583984375,xgboost_feat
PEAR_CONFERENCE,FLINK,NL-ZH,2026-02-09,2026-02-15,Weekly,,KG,3.225,3.225,596.212646484375,xgboost_feat
PEAR_CONFERENCE,FLINK,NL-ZH,2026-02-16,2026-02-22,Weekly,,KG,3.225,3.225,592.37890625,xgboost_feat
PEAR_CONFERENCE,FLINK,NL-ZH,2026-02-23,2026-03-01,Weekly,,KG,3.225,3.225,598.197998046875,xgboost_feat
PEAR_CONFERENCE,FLINK,NL-ZH,2026-03-02,2026-03-08,Weekly,,KG,3.225,3.225,617.7034912109375,xgboost_feat
PEAR_CONFERENCE,FLINK,NL-ZH,2026-03-09,2026-03-15,Weekly,,KG,3.225,3.225,620.15869140625,xgboost_feat
PEAR_CONFERENCE,FLINK,NL-ZH,2026-03-16,2026-03-22,Weekly,,KG,3.225,3.225,606.10205078125,xgboost_feat
PEAR_CONFERENCE,FLINK,NL-ZH,2026-03-23,2026-03-29,Weekly,,KG,3.225,3.225,613.713134765625,xgboost_feat
PEAR_CONFERENCE,FLINK,NL-ZH,2026-03-30,2026-04-05,Weekly,,KG,3.225,3.225,624.3910522460938,xgboost_feat
PEAR_CONFERENCE,FLINK,NL-ZH,2026-04-06,2026-04-12,Weekly,,KG,3.225,3.225,604.8597412109375,xgboost_feat
PEAR_CONFERENCE,FLINK,NL-ZH,2026-04-13,2026-04-19,Weekly,,KG,3.225,3.225,584.5384521484375,xgboost_feat
PEAR_CONFERENCE,FLINK,NL-ZH,2026-04-20,2026-04-26,Weekly,,KG,3.225,3.225,596.2962646484375,xgboost_feat
PEAR_CONFERENCE,FLINK,NL-ZH,2026-04-27,2026-05-03,Weekly,,KG,3.225,3.225,593.412109375,xgboost_feat
PEAR_CONFERENCE,GREENACRES,NL-GE,2026-02-02,2026-02-08,Weekly,,KG,3.094,3.094,587.2239990234375,xgboost_feat
PEAR_CONFERENCE,GREENACRES,NL-GE,2026-02-09,2026-02-15,Weekly,,KG,3.094,3.094,591.9730834960938,xgboost_feat
PEAR_CONFERENCE,GREENACRES,NL-GE,2026-02-16,2026-02-22,Weekly,,KG,3.094,3.094,595.015380859375,xgboost_feat
PEAR_CONFERENCE,GREENACRES,NL-GE,2026-02-23,2026-03-01,Weekly,,KG,3.094,3.094,599.0343627929688,xgboost_feat
PEAR_CONFERENCE,GREENACRES,NL-GE,2026-03-02,2026-03-08,Weekly,,KG,3.094,3.094,617.9116821289062,xgboost_feat
PEAR_CONFERENCE,GREENACRES,NL-GE,2026-03-09,2026-03-15,Weekly,,KG,3.094,3.094,643.7915649414062,xgboost_feat
PEAR_CONFERENCE,GREENACRES,NL-GE,2026-03-16,2026-03-22,Weekly,,KG,3.094,3.094,598.6749877929688,xgboost_feat
PEAR_CONFERENCE,GREENACRES,NL-GE,2026-03-23,2026-03-29,Weekly,,KG,3.094,3.094,603.2304077148438,xgboost_feat
PEAR_CONFERENCE,GREENACRES,NL-GE,2026-03-30,2026-04-05,Weekly,,KG,3.094,3.094,613.461669921875,xgboost_feat
PEAR_CONFERENCE,GREENACRES,NL-GE,2026-04-06,2026-04-12,Weekly,,KG,3.094,3.094,612.275634765625,xgboost_feat
PEAR_CONFERENCE,GREENACRES,NL-GE,2026-04-13,2026-04-19,Weekly,,KG,3.094,3.094,580.9918823242188,xgboost_feat
PEAR_CONFERENCE,GREENACRES,NL-GE,2026-04-20,2026-04-26,Weekly,,KG,3.094,3.094,600.1383056640625,xgboost_feat
PEAR_CONFERENCE,GREENACRES,NL-GE,2026-04-27,2026-05-03,Weekly,,KG,3.094,3.094,592.6334838867188,xgboost_feat
PEAR_CONFERENCE,GREENACRES,NL-NB,2026-02-02,2026-02-08,Weekly,,KG,3.221,3.221,587.9227294921875,xgboost_feat
PEAR_CONFERENCE,GREENACRES,NL-NB,2026-02-09,2026-02-15,Weekly,,KG,3.221,3.221,598.7034301757812,xgboost_feat
PEAR_CONFERENCE,GREENACRES,NL-NB,2026-02-16,2026-02-22,Weekly,,KG,3.221,3.221,615.0953369140625,xgboost_feat
PEAR_CONFERENCE,GREENACRES,NL-NB,2026-02-23,2026-03-01,Weekly,,KG,3.221,3.221,613.7265014648438,xgboost_feat
PEAR_CONFERENCE,GREENACRES,NL-NB,2026-03-02,2026-03-08,Weekly,,KG,3.221,3.221,627.2526245117188,xgboost_feat
PEAR_CONFERENCE,GREENACRES,NL-NB,2026-03-09,2026-03-15,Weekly,,KG,3.221,3.221,622.7363891601562,xgboost_feat
PEAR_CONFERENCE,GREENACRES,NL-NB,2026-03-16,2026-03-22,Weekly,,KG,3.221,3.221,605.0580444335938,xgboost_feat
PEAR_CONFERENCE,GREENACRES,NL-NB,2026-03-23,2026-03-29,Weekly,,KG,3.221,3.221,604.8941650390625,xgboost_feat
PEAR_CONFERENCE,GREENACRES,NL-NB,2026-03-30,2026-04-05,Weekly,,KG,3.221,3.221,631.4196166992188,xgboost_feat
PEAR_CONFERENCE,GREENACRES,NL-NB,2026-04-06,2026-04-12,Weekly,,KG,3.221,3.221,608.1527709960938,xgboost_feat
PEAR_CONFERENCE,GREENACRES,NL-NB,2026-04-13,2026-04-19,Weekly,,KG,3.221,3.221,573.1473999023438,xgboost_feat
PEAR_CONFERENCE,GREENACRES,NL-NB,2026-04-20,2026-04-26,Weekly,,KG,3.221,3.221,599.3564453125,xgboost_feat
PEAR_CONFERENCE,GREENACRES,NL-NB,2026-04-27,2026-05-03,Weekly,,KG,3.221,3.221,587.0394897460938,xgboost_feat
PEAR_CONFERENCE,GREENACRES,NL-NH,2026-02-02,2026-02-08,Weekly,,KG,3.184,3.184,584.5440673828125,xgboost_feat
PEAR_CONFERENCE,GREENACRES,NL-NH,2026-02-09,2026-02-15,Weekly,,KG,3.184,3.184,563.5467529296875,xgboost_feat
PEAR_CONFERENCE,GREENACRES,NL-NH,2026-02-16,2026-02-22,Weekly,,KG,3.184,3.184,594.3504028320312,xgboost_feat
PEAR_CONFERENCE,GREENACRES,NL-NH,2026-02-23,2026-03-01,Weekly,,KG,3.184,3.184,616.5569458007812,xgboost_feat
PEAR_CONFERENCE,GREENACRES,NL-NH,2026-03-02,2026-03-08,Weekly,,KG,3.184,3.184,639.079345703125,xgboost_feat
PEAR_CONFERENCE,GREENACRES,NL-NH,2026-03-09,2026-03-15,Weekly,,KG,3.184,3.184,623.9844970703125,xgboost_feat
PEAR_CONFERENCE,GREENACRES,NL-NH,2026-03-16,2026-03-22,Weekly,,KG,3.184,3.184,606.020263671875,xgboost_feat
PEAR_CONFERENCE,GREENACRES,NL-NH,2026-03-23,2026-03-29,Weekly,,KG,3.184,3.184,612.6331176757812,xgboost_feat
PEAR_CONFERENCE,GREENACRES,NL-NH,2026-03-30,2026-04-05,Weekly,,KG,3.184,3.184,611.8450927734375,xgboost_feat
PEAR_CONFERENCE,GREENACRES,NL-NH,2026-04-06,2026-04-12,Weekly,,KG,3.184,3.184,602.88232421875,xgboost_feat
PEAR_CONFERENCE,GREENACRES,NL-NH,2026-04-13,2026-04-19,Weekly,,KG,3.184,3.184,561.6740112304688,xgboost_feat
PEAR_CONFERENCE,GREENACRES,NL-NH,2026-04-20,2026-04-26,Weekly,,KG,3.184,3.184,603.1697998046875,xgboost_feat
PEAR_CONFERENCE,GREENACRES,NL-NH,2026-04-27,2026-05-03,Weekly,,KG,3.184,3.184,588.3265380859375,xgboost_feat
PEAR_CONFERENCE,GREENACRES,NL-ZH,2026-02-02,2026-02-08,Weekly,,KG,3.57,3.57,589.7651977539062,xgboost_feat
PEAR_CONFERENCE,GREENACRES,NL-ZH,2026-02-09,2026-02-15,Weekly,,KG,3.57,3.57,590.6693115234375,xgboost_feat
PEAR_CONFERENCE,GREENACRES,NL-ZH,2026-02-16,2026-02-22,Weekly,,KG,3.57,3.57,592.3947143554688,xgboost_feat
PEAR_CONFERENCE,GREENACRES,NL-ZH,2026-02-23,2026-03-01,Weekly,,KG,3.57,3.57,598.5595092773438,xgboost_feat
PEAR_CONFERENCE,GREENACRES,NL-ZH,2026-03-02,2026-03-08,Weekly,,KG,3.57,3.57,616.6216430664062,xgboost_feat
PEAR_CONFERENCE,GREENACRES,NL-ZH,2026-03-09,2026-03-15,Weekly,,KG,3.57,3.57,619.67919921875,xgboost_feat
PEAR_CONFERENCE,GREENACRES,NL-ZH,2026-03-16,2026-03-22,Weekly,,KG,3.57,3.57,606.10205078125,xgboost_feat
PEAR_CONFERENCE,GREENACRES,NL-ZH,2026-03-23,2026-03-29,Weekly,,KG,3.57,3.57,613.713134765625,xgboost_feat
PEAR_CONFERENCE,GREENACRES,NL-ZH,2026-03-30,2026-04-05,Weekly,,KG,3.57,3.57,624.3910522460938,xgboost_feat
PEAR_CONFERENCE,GREENACRES,NL-ZH,2026-04-06,2026-04-12,Weekly,,KG,3.57,3.57,604.8597412109375,xgboost_feat
PEAR_CONFERENCE,GREENACRES,NL-ZH,2026-04-13,2026-04-19,Weekly,,KG,3.57,3.57,584.559814453125,xgboost_feat
PEAR_CONFERENCE,GREENACRES,NL-ZH,2026-04-20,2026-04-26,Weekly,,KG,3.57,3.57,596.8162841796875,xgboost_feat
PEAR_CONFERENCE,GREENACRES,NL-ZH,2026-04-27,2026-05-03,Weekly,,KG,3.57,3.57,588.7882690429688,xgboost_feat
PEAR_CONFERENCE,HELLOFRESH,NL-GE,2026-02-02,2026-02-08,Weekly,,KG,3.227,3.227,590.5020751953125,xgboost_feat
PEAR_CONFERENCE,HELLOFRESH,NL-GE,2026-02-09,2026-02-15,Weekly,,KG,3.227,3.227,595.6787109375,xgboost_feat
PEAR_CONFERENCE,HELLOFRESH,NL-GE,2026-02-16,2026-02-22,Weekly,,KG,3.227,3.227,594.9380493164062,xgboost_feat
PEAR_CONFERENCE,HELLOFRESH,NL-GE,2026-02-23,2026-03-01,Weekly,,KG,3.227,3.227,600.1245727539062,xgboost_feat
PEAR_CONFERENCE,HELLOFRESH,NL-GE,2026-03-02,2026-03-08,Weekly,,KG,3.227,3.227,616.6844482421875,xgboost_feat
PEAR_CONFERENCE,HELLOFRESH,NL-GE,2026-03-09,2026-03-15,Weekly,,KG,3.227,3.227,643.7915649414062,xgboost_feat
PEAR_CONFERENCE,HELLOFRESH,NL-GE,2026-03-16,2026-03-22,Weekly,,KG,3.227,3.227,598.6749877929688,xgboost_feat
PEAR_CONFERENCE,HELLOFRESH,NL-GE,2026-03-23,2026-03-29,Weekly,,KG,3.227,3.227,603.2304077148438,xgboost_feat
PEAR_CONFERENCE,HELLOFRESH,NL-GE,2026-03-30,2026-04-05,Weekly,,KG,3.227,3.227,613.461669921875,xgboost_feat
PEAR_CONFERENCE,HELLOFRESH,NL-GE,2026-04-06,2026-04-12,Weekly,,KG,3.227,3.227,612.275634765625,xgboost_feat
PEAR_CONFERENCE,HELLOFRESH,NL-GE,2026-04-13,2026-04-19,Weekly,,KG,3.227,3.227,580.9923706054688,xgboost_feat
PEAR_CONFERENCE,HELLOFRESH,NL-GE,2026-04-20,2026-04-26,Weekly,,KG,3.227,3.227,600.1566162109375,xgboost_feat
PEAR_CONFERENCE,HELLOFRESH,NL-GE,2026-04-27,2026-05-03,Weekly,,KG,3.227,3.227,592.7439575195312,xgboost_feat
PEAR_CONFERENCE,HELLOFRESH,NL-NB,2026-02-02,2026-02-08,Weekly,,KG,3.179,3.179,593.215576171875,xgboost_feat
PEAR_CONFERENCE,HELLOFRESH,NL-NB,2026-02-09,2026-02-15,Weekly,,KG,3.179,3.179,602.1250610351562,xgboost_feat
PEAR_CONFERENCE,HELLOFRESH,NL-NB,2026-02-16,2026-02-22,Weekly,,KG,3.179,3.179,620.23095703125,xgboost_feat
PEAR_CONFERENCE,HELLOFRESH,NL-NB,2026-02-23,2026-03-01,Weekly,,KG,3.179,3.179,614.3783569335938,xgboost_feat
PEAR_CONFERENCE,HELLOFRESH,NL-NB,2026-03-02,2026-03-08,Weekly,,KG,3.179,3.179,626.1813354492188,xgboost_feat
PEAR_CONFERENCE,HELLOFRESH,NL-NB,2026-03-09,2026-03-15,Weekly,,KG,3.179,3.179,623.7756958007812,xgboost_feat
PEAR_CONFERENCE,HELLOFRESH,NL-NB,2026-03-16,2026-03-22,Weekly,,KG,3.179,3.179,605.764404296875,xgboost_feat
PEAR_CONFERENCE,HELLOFRESH,NL-NB,2026-03-23,2026-03-29,Weekly,,KG,3.179,3.179,609.1239013671875,xgboost_feat
PEAR_CONFERENCE,HELLOFRESH,NL-NB,2026-03-30,2026-04-05,Weekly,,KG,3.179,3.179,631.6290893554688,xgboost_feat
PEAR_CONFERENCE,HELLOFRESH,NL-NB,2026-04-06,2026-04-12,Weekly,,KG,3.179,3.179,607.9457397460938,xgboost_feat
PEAR_CONFERENCE,HELLOFRESH,NL-NB,2026-04-13,2026-04-19,Weekly,,KG,3.179,3.179,573.2423706054688,xgboost_feat
PEAR_CONFERENCE,HELLOFRESH,NL-NB,2026-04-20,2026-04-26,Weekly,,KG,3.179,3.179,599.56689453125,xgboost_feat
PEAR_CONFERENCE,HELLOFRESH,NL-NB,2026-04-27,2026-05-03,Weekly,,KG,3.179,3.179,586.8433227539062,xgboost_feat
PEAR_CONFERENCE,HELLOFRESH,NL-NH,2026-02-02,2026-02-08,Weekly,,KG,3.294,3.294,589.1643676757812,xgboost_feat
PEAR_CONFERENCE,HELLOFRESH,NL-NH,2026-02-09,2026-02-15,Weekly,,KG,3.294,3.294,565.3479614257812,xgboost_feat
PEAR_CONFERENCE,HELLOFRESH,NL-NH,2026-02-16,2026-02-22,Weekly,,KG,3.294,3.294,593.66162109375,xgboost_feat
PEAR_CONFERENCE,HELLOFRESH,NL-NH,2026-02-23,2026-03-01,Weekly,,KG,3.294,3.294,616.1091918945312,xgboost_feat
PEAR_CONFERENCE,HELLOFRESH,NL-NH,2026-03-02,2026-03-08,Weekly,,KG,3.294,3.294,634.347412109375,xgboost_feat
PEAR_CONFERENCE,HELLOFRESH,NL-NH,2026-03-09,2026-03-15,Weekly,,KG,3.294,3.294,623.9893798828125,xgboost_feat
PEAR_CONFERENCE,HELLOFRESH,NL-NH,2026-03-16,2026-03-22,Weekly,,KG,3.294,3.294,606.021240234375,xgboost_feat
PEAR_CONFERENCE,HELLOFRESH,NL-NH,2026-03-23,2026-03-29,Weekly,,KG,3.294,3.294,611.9360961914062,xgboost_feat
PEAR_CONFERENCE,HELLOFRESH,NL-NH,2026-03-30,2026-04-05,Weekly,,KG,3.294,3.294,611.0276489257812,xgboost_feat
PEAR_CONFERENCE,HELLOFRESH,NL-NH,2026-04-06,2026-04-12,Weekly,,KG,3.294,3.294,602.88232421875,xgboost_feat
PEAR_CONFERENCE,HELLOFRESH,NL-NH,2026-04-13,2026-04-19,Weekly,,KG,3.294,3.294,561.6744995117188,xgboost_feat
PEAR_CONFERENCE,HELLOFRESH,NL-NH,2026-04-20,2026-04-26,Weekly,,KG,3.294,3.294,603.451416015625,xgboost_feat
PEAR_CONFERENCE,HELLOFRESH,NL-NH,2026-04-27,2026-05-03,Weekly,,KG,3.294,3.294,588.343505859375,xgboost_feat
PEAR_CONFERENCE,HELLOFRESH,NL-ZH,2026-02-02,2026-02-08,Weekly,,KG,3.246,3.246,589.6973876953125,xgboost_feat
PEAR_CONFERENCE,HELLOFRESH,NL-ZH,2026-02-09,2026-02-15,Weekly,,KG,3.246,3.246,595.8206176757812,xgboost_feat
PEAR_CONFERENCE,HELLOFRESH,NL-ZH,2026-02-16,2026-02-22,Weekly,,KG,3.246,3.246,592.37890625,xgboost_feat
PEAR_CONFERENCE,HELLOFRESH,NL-ZH,2026-02-23,2026-03-01,Weekly,,KG,3.246,3.246,597.110107421875,xgboost_feat
PEAR_CONFERENCE,HELLOFRESH,NL-ZH,2026-03-02,2026-03-08,Weekly,,KG,3.246,3.246,616.4762573242188,xgboost_feat
PEAR_CONFERENCE,HELLOFRESH,NL-ZH,2026-03-09,2026-03-15,Weekly,,KG,3.246,3.246,620.15869140625,xgboost_feat
PEAR_CONFERENCE,HELLOFRESH,NL-ZH,2026-03-16,2026-03-22,Weekly,,KG,3.246,3.246,606.10205078125,xgboost_feat
PEAR_CONFERENCE,HELLOFRESH,NL-ZH,2026-03-23,2026-03-29,Weekly,,KG,3.246,3.246,613.713134765625,xgboost_feat
PEAR_CONFERENCE,HELLOFRESH,NL-ZH,2026-03-30,2026-04-05,Weekly,,KG,3.246,3.246,624.3910522460938,xgboost_feat
PEAR_CONFERENCE,HELLOFRESH,NL-ZH,2026-04-06,2026-04-12,Weekly,,KG,3.246,3.246,604.8597412109375,xgboost_feat
PEAR_CONFERENCE,HELLOFRESH,NL-ZH,2026-04-13,2026-04-19,Weekly,,KG,3.246,3.246,584.5384521484375,xgboost_feat
PEAR_CONFERENCE,HELLOFRESH,NL-ZH,2026-04-20,2026-04-26,Weekly,,KG,3.246,3.246,596.2962646484375,xgboost_feat
PEAR_CONFERENCE,HELLOFRESH,NL-ZH,2026-04-27,2026-05-03,Weekly,,KG,3.246,3.246,593.50732421875,xgboost_feat
PEAR_CONFERENCE,HOLLANDFOODSERVICE,NL-GE,2026-02-02,2026-02-08,Weekly,,KG,3.106,3.106,579.1231079101562,xgboost_feat
PEAR_CONFERENCE,HOLLANDFOODSERVICE,NL-GE,2026-02-09,2026-02-15,Weekly,,KG,3.106,3.106,592.0459594726562,xgboost_feat
PEAR_CONFERENCE,HOLLANDFOODSERVICE,NL-GE,2026-02-16,2026-02-22,Weekly,,KG,3.106,3.106,595.015380859375,xgboost_feat
PEAR_CONFERENCE,HOLLANDFOODSERVICE,NL-GE,2026-02-23,2026-03-01,Weekly,,KG,3.106,3.106,600.1221313476562,xgboost_feat
PEAR_CONFERENCE,HOLLANDFOODSERVICE,NL-GE,2026-03-02,2026-03-08,Weekly,,KG,3.106,3.106,617.9678344726562,xgboost_feat
PEAR_CONFERENCE,HOLLANDFOODSERVICE,NL-GE,2026-03-09,2026-03-15,Weekly,,KG,3.106,3.106,643.7915649414062,xgboost_feat
PEAR_CONFERENCE,HOLLANDFOODSERVICE,NL-GE,2026-03-16,2026-03-22,Weekly,,KG,3.106,3.106,598.6749877929688,xgboost_feat
PEAR_CONFERENCE,HOLLANDFOODSERVICE,NL-GE,2026-03-23,2026-03-29,Weekly,,KG,3.106,3.106,603.2304077148438,xgboost_feat
PEAR_CONFERENCE,HOLLANDFOODSERVICE,NL-GE,2026-03-30,2026-04-05,Weekly,,KG,3.106,3.106,613.461669921875,xgboost_feat
PEAR_CONFERENCE,HOLLANDFOODSERVICE,NL-GE,2026-04-06,2026-04-12,Weekly,,KG,3.106,3.106,612.275634765625,xgboost_feat
PEAR_CONFERENCE,HOLLANDFOODSERVICE,NL-GE,2026-04-13,2026-04-19,Weekly,,KG,3.106,3.106,580.9918823242188,xgboost_feat
PEAR_CONFERENCE,HOLLANDFOODSERVICE,NL-GE,2026-04-20,2026-04-26,Weekly,,KG,3.106,3.106,600.01953125,xgboost_feat
PEAR_CONFERENCE,HOLLANDFOODSERVICE,NL-GE,2026-04-27,2026-05-03,Weekly,,KG,3.106,3.106,592.8713989257812,xgboost_feat
PEAR_CONFERENCE,HOLLANDFOODSERVICE,NL-NB,2026-02-02,2026-02-08,Weekly,,KG,3.285,3.285,588.7266845703125,xgboost_feat
PEAR_CONFERENCE,HOLLANDFOODSERVICE,NL-NB,2026-02-09,2026-02-15,Weekly,,KG,3.285,3.285,597.9531860351562,xgboost_feat
PEAR_CONFERENCE,HOLLANDFOODSERVICE,NL-NB,2026-02-16,2026-02-22,Weekly,,KG,3.285,3.285,615.7041625976562,xgboost_feat
PEAR_CONFERENCE,HOLLANDFOODSERVICE,NL-NB,2026-02-23,2026-03-01,Weekly,,KG,3.285,3.285,614.348876953125,xgboost_feat
PEAR_CONFERENCE,HOLLANDFOODSERVICE,NL-NB,2026-03-02,2026-03-08,Weekly,,KG,3.285,3.285,627.328857421875,xgboost_feat
PEAR_CONFERENCE,HOLLANDFOODSERVICE,NL-NB,2026-03-09,2026-03-15,Weekly,,KG,3.285,3.285,622.7363891601562,xgboost_feat
PEAR_CONFERENCE,HOLLANDFOODSERVICE,NL-NB,2026-03-16,2026-03-22,Weekly,,KG,3.285,3.285,605.0580444335938,xgboost_feat
PEAR_CONFERENCE,HOLLANDFOODSERVICE,NL-NB,2026-03-23,2026-03-29,Weekly,,KG,3.285,3.285,604.8917236328125,xgboost_feat
PEAR_CONFERENCE,HOLLANDFOODSERVICE,NL-NB,2026-03-30,2026-04-05,Weekly,,KG,3.285,3.285,631.4196166992188,xgboost_feat
PEAR_CONFERENCE,HOLLANDFOODSERVICE,NL-NB,2026-04-06,2026-04-12,Weekly,,KG,3.285,3.285,608.1527709960938,xgboost_feat
PEAR_CONFERENCE,HOLLANDFOODSERVICE,NL-NB,2026-04-13,2026-04-19,Weekly,,KG,3.285,3.285,573.3711547851562,xgboost_feat
PEAR_CONFERENCE,HOLLANDFOODSERVICE,NL-NB,2026-04-20,2026-04-26,Weekly,,KG,3.285,3.285,599.496826171875,xgboost_feat
PEAR_CONFERENCE,HOLLANDFOODSERVICE,NL-NB,2026-04-27,2026-05-03,Weekly,,KG,3.285,3.285,586.5194091796875,xgboost_feat
PEAR_CONFERENCE,HOLLANDFOODSERVICE,NL-NH,2026-02-02,2026-02-08,Weekly,,KG,3.291,3.291,584.5786743164062,xgboost_feat
PEAR_CONFERENCE,HOLLANDFOODSERVICE,NL-NH,2026-02-09,2026-02-15,Weekly,,KG,3.291,3.291,563.9863891601562,xgboost_feat
PEAR_CONFERENCE,HOLLANDFOODSERVICE,NL-NH,2026-02-16,2026-02-22,Weekly,,KG,3.291,3.291,594.2183227539062,xgboost_feat
PEAR_CONFERENCE,HOLLANDFOODSERVICE,NL-NH,2026-02-23,2026-03-01,Weekly,,KG,3.291,3.291,615.3655395507812,xgboost_feat
PEAR_CONFERENCE,HOLLANDFOODSERVICE,NL-NH,2026-03-02,2026-03-08,Weekly,,KG,3.291,3.291,639.079345703125,xgboost_feat
PEAR_CONFERENCE,HOLLANDFOODSERVICE,NL-NH,2026-03-09,2026-03-15,Weekly,,KG,3.291,3.291,623.9797973632812,xgboost_feat
PEAR_CONFERENCE,HOLLANDFOODSERVICE,NL-NH,2026-03-16,2026-03-22,Weekly,,KG,3.291,3.291,606.020263671875,xgboost_feat
PEAR_CONFERENCE,HOLLANDFOODSERVICE,NL-NH,2026-03-23,2026-03-29,Weekly,,KG,3.291,3.291,612.6331176757812,xgboost_feat
PEAR_CONFERENCE,HOLLANDFOODSERVICE,NL-NH,2026-03-30,2026-04-05,Weekly,,KG,3.291,3.291,611.8450927734375,xgboost_feat
PEAR_CONFERENCE,HOLLANDFOODSERVICE,NL-NH,2026-04-06,2026-04-12,Weekly,,KG,3.291,3.291,602.88232421875,xgboost_feat
PEAR_CONFERENCE,HOLLANDFOODSERVICE,NL-NH,2026-04-13,2026-04-19,Weekly,,KG,3.291,3.291,561.5740356445312,xgboost_feat
PEAR_CONFERENCE,HOLLANDFOODSERVICE,NL-NH,2026-04-20,2026-04-26,Weekly,,KG,3.291,3.291,602.92529296875,xgboost_feat
PEAR_CONFERENCE,HOLLANDFOODSERVICE,NL-NH,2026-04-27,2026-05-03,Weekly,,KG,3.291,3.291,588.2097778320312,xgboost_feat
PEAR_CONFERENCE,HOLLANDFOODSERVICE,NL-ZH,2026-02-02,2026-02-08,Weekly,,KG,3.437,3.437,588.7174072265625,xgboost_feat
PEAR_CONFERENCE,HOLLANDFOODSERVICE,NL-ZH,2026-02-09,2026-02-15,Weekly,,KG,3.437,3.437,591.3757934570312,xgboost_feat
PEAR_CONFERENCE,HOLLANDFOODSERVICE,NL-ZH,2026-02-16,2026-02-22,Weekly,,KG,3.437,3.437,592.6702270507812,xgboost_feat
PEAR_CONFERENCE,HOLLANDFOODSERVICE,NL-ZH,2026-02-23,2026-03-01,Weekly,,KG,3.437,3.437,597.08447265625,xgboost_feat
PEAR_CONFERENCE,HOLLANDFOODSERVICE,NL-ZH,2026-03-02,2026-03-08,Weekly,,KG,3.437,3.437,617.7034912109375,xgboost_feat
PEAR_CONFERENCE,HOLLANDFOODSERVICE,NL-ZH,2026-03-09,2026-03-15,Weekly,,KG,3.437,3.437,619.67919921875,xgboost_feat
PEAR_CONFERENCE,HOLLANDFOODSERVICE,NL-ZH,2026-03-16,2026-03-22,Weekly,,KG,3.437,3.437,606.10205078125,xgboost_feat
PEAR_CONFERENCE,HOLLANDFOODSERVICE,NL-ZH,2026-03-23,2026-03-29,Weekly,,KG,3.437,3.437,613.713134765625,xgboost_feat
PEAR_CONFERENCE,HOLLANDFOODSERVICE,NL-ZH,2026-03-30,2026-04-05,Weekly,,KG,3.437,3.437,624.3910522460938,xgboost_feat
PEAR_CONFERENCE,HOLLANDFOODSERVICE,NL-ZH,2026-04-06,2026-04-12,Weekly,,KG,3.437,3.437,604.8597412109375,xgboost_feat
PEAR_CONFERENCE,HOLLANDFOODSERVICE,NL-ZH,2026-04-13,2026-04-19,Weekly,,KG,3.437,3.437,584.89697265625,xgboost_feat
PEAR_CONFERENCE,HOLLANDFOODSERVICE,NL-ZH,2026-04-20,2026-04-26,Weekly,,KG,3.437,3.437,596.324462890625,xgboost_feat
PEAR_CONFERENCE,HOLLANDFOODSERVICE,NL-ZH,2026-04-27,2026-05-03,Weekly,,KG,3.437,3.437,591.9620361328125,xgboost_feat
PEAR_CONFERENCE,JUMBO,NL-GE,2026-02-02,2026-02-08,Weekly,,KG,2.967,2.967,585.5007934570312,xgboost_feat
PEAR_CONFERENCE,JUMBO,NL-GE,2026-02-09,2026-02-15,Weekly,,KG,2.967,2.967,591.7953491210938,xgboost_feat
PEAR_CONFERENCE,JUMBO,NL-GE,2026-02-16,2026-02-22,Weekly,,KG,2.967,2.967,590.7174682617188,xgboost_feat
PEAR_CONFERENCE,JUMBO,NL-GE,2026-02-23,2026-03-01,Weekly,,KG,2.967,2.967,601.9591674804688,xgboost_feat
PEAR_CONFERENCE,JUMBO,NL-GE,2026-03-02,2026-03-08,Weekly,,KG,2.967,2.967,618.5877075195312,xgboost_feat
PEAR_CONFERENCE,JUMBO,NL-GE,2026-03-09,2026-03-15,Weekly,,KG,2.967,2.967,643.8607177734375,xgboost_feat
PEAR_CONFERENCE,JUMBO,NL-GE,2026-03-16,2026-03-22,Weekly,,KG,2.967,2.967,589.5098266601562,xgboost_feat
PEAR_CONFERENCE,JUMBO,NL-GE,2026-03-23,2026-03-29,Weekly,,KG,2.967,2.967,601.9822998046875,xgboost_feat
PEAR_CONFERENCE,JUMBO,NL-GE,2026-03-30,2026-04-05,Weekly,,KG,2.967,2.967,607.5094604492188,xgboost_feat
PEAR_CONFERENCE,JUMBO,NL-GE,2026-04-06,2026-04-12,Weekly,,KG,2.967,2.967,605.6133422851562,xgboost_feat
PEAR_CONFERENCE,JUMBO,NL-GE,2026-04-13,2026-04-19,Weekly,,KG,2.967,2.967,572.0919189453125,xgboost_feat
PEAR_CONFERENCE,JUMBO,NL-GE,2026-04-20,2026-04-26,Weekly,,KG,2.967,2.967,594.1748657226562,xgboost_feat
PEAR_CONFERENCE,JUMBO,NL-GE,2026-04-27,2026-05-03,Weekly,,KG,2.967,2.967,588.561279296875,xgboost_feat
PEAR_CONFERENCE,JUMBO,NL-NB,2026-02-02,2026-02-08,Weekly,,KG,3.0,3.0,612.6290283203125,xgboost_feat
PEAR_CONFERENCE,JUMBO,NL-NB,2026-02-09,2026-02-15,Weekly,,KG,3.0,3.0,615.5685424804688,xgboost_feat
PEAR_CONFERENCE,JUMBO,NL-NB,2026-02-16,2026-02-22,Weekly,,KG,3.0,3.0,655.116943359375,xgboost_feat
PEAR_CONFERENCE,JUMBO,NL-NB,2026-02-23,2026-03-01,Weekly,,KG,3.0,3.0,618.7799682617188,xgboost_feat
PEAR_CONFERENCE,JUMBO,NL-NB,2026-03-02,2026-03-08,Weekly,,KG,3.0,3.0,616.9060668945312,xgboost_feat
PEAR_CONFERENCE,JUMBO,NL-NB,2026-03-09,2026-03-15,Weekly,,KG,3.0,3.0,617.77880859375,xgboost_feat
PEAR_CONFERENCE,JUMBO,NL-NB,2026-03-16,2026-03-22,Weekly,,KG,3.0,3.0,599.2628173828125,xgboost_feat
PEAR_CONFERENCE,JUMBO,NL-NB,2026-03-23,2026-03-29,Weekly,,KG,3.0,3.0,598.0824584960938,xgboost_feat
PEAR_CONFERENCE,JUMBO,NL-NB,2026-03-30,2026-04-05,Weekly,,KG,3.0,3.0,632.0481567382812,xgboost_feat
PEAR_CONFERENCE,JUMBO,NL-NB,2026-04-06,2026-04-12,Weekly,,KG,3.0,3.0,601.2896728515625,xgboost_feat
PEAR_CONFERENCE,JUMBO,NL-NB,2026-04-13,2026-04-19,Weekly,,KG,3.0,3.0,563.4730224609375,xgboost_feat
PEAR_CONFERENCE,JUMBO,NL-NB,2026-04-20,2026-04-26,Weekly,,KG,3.0,3.0,590.693359375,xgboost_feat
PEAR_CONFERENCE,JUMBO,NL-NB,2026-04-27,2026-05-03,Weekly,,KG,3.0,3.0,567.1588745117188,xgboost_feat
PEAR_CONFERENCE,JUMBO,NL-NH,2026-02-02,2026-02-08,Weekly,,KG,3.356,3.356,572.57275390625,xgboost_feat
PEAR_CONFERENCE,JUMBO,NL-NH,2026-02-09,2026-02-15,Weekly,,KG,3.356,3.356,557.3491821289062,xgboost_feat
PEAR_CONFERENCE,JUMBO,NL-NH,2026-02-16,2026-02-22,Weekly,,KG,3.356,3.356,583.2018432617188,xgboost_feat
PEAR_CONFERENCE,JUMBO,NL-NH,2026-02-23,2026-03-01,Weekly,,KG,3.356,3.356,611.9046630859375,xgboost_feat
PEAR_CONFERENCE,JUMBO,NL-NH,2026-03-02,2026-03-08,Weekly,,KG,3.356,3.356,637.4683837890625,xgboost_feat
PEAR_CONFERENCE,JUMBO,NL-NH,2026-03-09,2026-03-15,Weekly,,KG,3.356,3.356,626.6943969726562,xgboost_feat
PEAR_CONFERENCE,JUMBO,NL-NH,2026-03-16,2026-03-22,Weekly,,KG,3.356,3.356,604.8801879882812,xgboost_feat
PEAR_CONFERENCE,JUMBO,NL-NH,2026-03-23,2026-03-29,Weekly,,KG,3.356,3.356,606.25732421875,xgboost_feat
PEAR_CONFERENCE,JUMBO,NL-NH,2026-03-30,2026-04-05,Weekly,,KG,3.356,3.356,606.798095703125,xgboost_feat
PEAR_CONFERENCE,JUMBO,NL-NH,2026-04-06,2026-04-12,Weekly,,KG,3.356,3.356,596.4506225585938,xgboost_feat
PEAR_CONFERENCE,JUMBO,NL-NH,2026-04-13,2026-04-19,Weekly,,KG,3.356,3.356,549.5103149414062,xgboost_feat
PEAR_CONFERENCE,JUMBO,NL-NH,2026-04-20,2026-04-26,Weekly,,KG,3.356,3.356,594.9224243164062,xgboost_feat
PEAR_CONFERENCE,JUMBO,NL-NH,2026-04-27,2026-05-03,Weekly,,KG,3.356,3.356,581.8300170898438,xgboost_feat
PEAR_CONFERENCE,JUMBO,NL-ZH,2026-02-02,2026-02-08,Weekly,,KG,3.408,3.408,631.0211181640625,xgboost_feat
PEAR_CONFERENCE,JUMBO,NL-ZH,2026-02-09,2026-02-15,Weekly,,KG,3.408,3.408,632.33349609375,xgboost_feat
PEAR_CONFERENCE,JUMBO,NL-ZH,2026-02-16,2026-02-22,Weekly,,KG,3.408,3.408,605.7085571289062,xgboost_feat
PEAR_CONFERENCE,JUMBO,NL-ZH,2026-02-23,2026-03-01,Weekly,,KG,3.408,3.408,622.8967895507812,xgboost_feat
PEAR_CONFERENCE,JUMBO,NL-ZH,2026-03-02,2026-03-08,Weekly,,KG,3.408,3.408,622.4271850585938,xgboost_feat
PEAR_CONFERENCE,JUMBO,NL-ZH,2026-03-09,2026-03-15,Weekly,,KG,3.408,3.408,610.7072143554688,xgboost_feat
PEAR_CONFERENCE,JUMBO,NL-ZH,2026-03-16,2026-03-22,Weekly,,KG,3.408,3.408,598.9188842773438,xgboost_feat
PEAR_CONFERENCE,JUMBO,NL-ZH,2026-03-23,2026-03-29,Weekly,,KG,3.408,3.408,598.1359252929688,xgboost_feat
PEAR_CONFERENCE,JUMBO,NL-ZH,2026-03-30,2026-04-05,Weekly,,KG,3.408,3.408,620.6381225585938,xgboost_feat
PEAR_CONFERENCE,JUMBO,NL-ZH,2026-04-06,2026-04-12,Weekly,,KG,3.408,3.408,601.4550170898438,xgboost_feat
PEAR_CONFERENCE,JUMBO,NL-ZH,2026-04-13,2026-04-19,Weekly,,KG,3.408,3.408,581.3311767578125,xgboost_feat
PEAR_CONFERENCE,JUMBO,NL-ZH,2026-04-20,2026-04-26,Weekly,,KG,3.408,3.408,594.5086669921875,xgboost_feat
PEAR_CONFERENCE,JUMBO,NL-ZH,2026-04-27,2026-05-03,Weekly,,KG,3.408,3.408,587.4071655273438,xgboost_feat
PEAR_CONFERENCE,MELEDI,NL-GE,2026-02-02,2026-02-08,Weekly,,KG,3.004,3.004,585.9481811523438,xgboost_feat
PEAR_CONFERENCE,MELEDI,NL-GE,2026-02-09,2026-02-15,Weekly,,KG,3.004,3.004,592.0700073242188,xgboost_feat
PEAR_CONFERENCE,MELEDI,NL-GE,2026-02-16,2026-02-22,Weekly,,KG,3.004,3.004,595.0156860351562,xgboost_feat
PEAR_CONFERENCE,MELEDI,NL-GE,2026-02-23,2026-03-01,Weekly,,KG,3.004,3.004,599.0343627929688,xgboost_feat
PEAR_CONFERENCE,MELEDI,NL-GE,2026-03-02,2026-03-08,Weekly,,KG,3.004,3.004,617.9116821289062,xgboost_feat
PEAR_CONFERENCE,MELEDI,NL-GE,2026-03-09,2026-03-15,Weekly,,KG,3.004,3.004,643.7915649414062,xgboost_feat
PEAR_CONFERENCE,MELEDI,NL-GE,2026-03-16,2026-03-22,Weekly,,KG,3.004,3.004,598.6749877929688,xgboost_feat
PEAR_CONFERENCE,MELEDI,NL-GE,2026-03-23,2026-03-29,Weekly,,KG,3.004,3.004,603.2304077148438,xgboost_feat
PEAR_CONFERENCE,MELEDI,NL-GE,2026-03-30,2026-04-05,Weekly,,KG,3.004,3.004,613.461669921875,xgboost_feat
PEAR_CONFERENCE,MELEDI,NL-GE,2026-04-06,2026-04-12,Weekly,,KG,3.004,3.004,612.275634765625,xgboost_feat
PEAR_CONFERENCE,MELEDI,NL-GE,2026-04-13,2026-04-19,Weekly,,KG,3.004,3.004,580.9918823242188,xgboost_feat
PEAR_CONFERENCE,MELEDI,NL-GE,2026-04-20,2026-04-26,Weekly,,KG,3.004,3.004,600.018798828125,xgboost_feat
PEAR_CONFERENCE,MELEDI,NL-GE,2026-04-27,2026-05-03,Weekly,,KG,3.004,3.004,592.5928344726562,xgboost_feat
PEAR_CONFERENCE,MELEDI,NL-NB,2026-02-02,2026-02-08,Weekly,,KG,3.126,3.126,589.5281372070312,xgboost_feat
PEAR_CONFERENCE,MELEDI,NL-NB,2026-02-09,2026-02-15,Weekly,,KG,3.126,3.126,598.6897583007812,xgboost_feat
PEAR_CONFERENCE,MELEDI,NL-NB,2026-02-16,2026-02-22,Weekly,,KG,3.126,3.126,615.0950317382812,xgboost_feat
PEAR_CONFERENCE,MELEDI,NL-NB,2026-02-23,2026-03-01,Weekly,,KG,3.126,3.126,613.7265014648438,xgboost_feat
PEAR_CONFERENCE,MELEDI,NL-NB,2026-03-02,2026-03-08,Weekly,,KG,3.126,3.126,626.025390625,xgboost_feat
PEAR_CONFERENCE,MELEDI,NL-NB,2026-03-09,2026-03-15,Weekly,,KG,3.126,3.126,622.7363891601562,xgboost_feat
PEAR_CONFERENCE,MELEDI,NL-NB,2026-03-16,2026-03-22,Weekly,,KG,3.126,3.126,605.0580444335938,xgboost_feat
PEAR_CONFERENCE,MELEDI,NL-NB,2026-03-23,2026-03-29,Weekly,,KG,3.126,3.126,604.8941650390625,xgboost_feat
PEAR_CONFERENCE,MELEDI,NL-NB,2026-03-30,2026-04-05,Weekly,,KG,3.126,3.126,631.4196166992188,xgboost_feat
PEAR_CONFERENCE,MELEDI,NL-NB,2026-04-06,2026-04-12,Weekly,,KG,3.126,3.126,608.1527709960938,xgboost_feat
PEAR_CONFERENCE,MELEDI,NL-NB,2026-04-13,2026-04-19,Weekly,,KG,3.126,3.126,573.5090942382812,xgboost_feat
PEAR_CONFERENCE,MELEDI,NL-NB,2026-04-20,2026-04-26,Weekly,,KG,3.126,3.126,599.3564453125,xgboost_feat
PEAR_CONFERENCE,MELEDI,NL-NB,2026-04-27,2026-05-03,Weekly,,KG,3.126,3.126,586.8924560546875,xgboost_feat
PEAR_CONFERENCE,MELEDI,NL-NH,2026-02-02,2026-02-08,Weekly,,KG,3.207,3.207,585.4881591796875,xgboost_feat
PEAR_CONFERENCE,MELEDI,NL-NH,2026-02-09,2026-02-15,Weekly,,KG,3.207,3.207,563.8283081054688,xgboost_feat
PEAR_CONFERENCE,MELEDI,NL-NH,2026-02-16,2026-02-22,Weekly,,KG,3.207,3.207,594.349609375,xgboost_feat
PEAR_CONFERENCE,MELEDI,NL-NH,2026-02-23,2026-03-01,Weekly,,KG,3.207,3.207,615.4898071289062,xgboost_feat
PEAR_CONFERENCE,MELEDI,NL-NH,2026-03-02,2026-03-08,Weekly,,KG,3.207,3.207,639.079345703125,xgboost_feat
PEAR_CONFERENCE,MELEDI,NL-NH,2026-03-09,2026-03-15,Weekly,,KG,3.207,3.207,623.9954223632812,xgboost_feat
PEAR_CONFERENCE,MELEDI,NL-NH,2026-03-16,2026-03-22,Weekly,,KG,3.207,3.207,606.020263671875,xgboost_feat
PEAR_CONFERENCE,MELEDI,NL-NH,2026-03-23,2026-03-29,Weekly,,KG,3.207,3.207,612.6331176757812,xgboost_feat
PEAR_CONFERENCE,MELEDI,NL-NH,2026-03-30,2026-04-05,Weekly,,KG,3.207,3.207,611.8450927734375,xgboost_feat
PEAR_CONFERENCE,MELEDI,NL-NH,2026-04-06,2026-04-12,Weekly,,KG,3.207,3.207,602.88232421875,xgboost_feat
PEAR_CONFERENCE,MELEDI,NL-NH,2026-04-13,2026-04-19,Weekly,,KG,3.207,3.207,561.5740356445312,xgboost_feat
PEAR_CONFERENCE,MELEDI,NL-NH,2026-04-20,2026-04-26,Weekly,,KG,3.207,3.207,603.192138671875,xgboost_feat
PEAR_CONFERENCE,MELEDI,NL-NH,2026-04-27,2026-05-03,Weekly,,KG,3.207,3.207,588.3274536132812,xgboost_feat
PEAR_CONFERENCE,MELEDI,NL-ZH,2026-02-02,2026-02-08,Weekly,,KG,3.343,3.343,581.8897705078125,xgboost_feat
PEAR_CONFERENCE,MELEDI,NL-ZH,2026-02-09,2026-02-15,Weekly,,KG,3.343,3.343,592.4400634765625,xgboost_feat
PEAR_CONFERENCE,MELEDI,NL-ZH,2026-02-16,2026-02-22,Weekly,,KG,3.343,3.343,592.5404663085938,xgboost_feat
PEAR_CONFERENCE,MELEDI,NL-ZH,2026-02-23,2026-03-01,Weekly,,KG,3.343,3.343,597.212890625,xgboost_feat
PEAR_CONFERENCE,MELEDI,NL-ZH,2026-03-02,2026-03-08,Weekly,,KG,3.343,3.343,617.7596435546875,xgboost_feat
PEAR_CONFERENCE,MELEDI,NL-ZH,2026-03-09,2026-03-15,Weekly,,KG,3.343,3.343,620.115478515625,xgboost_feat
PEAR_CONFERENCE,MELEDI,NL-ZH,2026-03-16,2026-03-22,Weekly,,KG,3.343,3.343,606.10205078125,xgboost_feat
PEAR_CONFERENCE,MELEDI,NL-ZH,2026-03-23,2026-03-29,Weekly,,KG,3.343,3.343,613.713134765625,xgboost_feat
PEAR_CONFERENCE,MELEDI,NL-ZH,2026-03-30,2026-04-05,Weekly,,KG,3.343,3.343,624.3910522460938,xgboost_feat
PEAR_CONFERENCE,MELEDI,NL-ZH,2026-04-06,2026-04-12,Weekly,,KG,3.343,3.343,604.8597412109375,xgboost_feat
PEAR_CONFERENCE,MELEDI,NL-ZH,2026-04-13,2026-04-19,Weekly,,KG,3.343,3.343,584.4588623046875,xgboost_feat
PEAR_CONFERENCE,MELEDI,NL-ZH,2026-04-20,2026-04-26,Weekly,,KG,3.343,3.343,596.7877197265625,xgboost_feat
PEAR_CONFERENCE,MELEDI,NL-ZH,2026-04-27,2026-05-03,Weekly,,KG,3.343,3.343,590.8250122070312,xgboost_feat
PEAR_CONFERENCE,PICNIC,NL-GE,2026-02-02,2026-02-08,Weekly,,KG,3.098,3.098,587.3804931640625,xgboost_feat
PEAR_CONFERENCE,PICNIC,NL-GE,2026-02-09,2026-02-15,Weekly,,KG,3.098,3.098,595.7280883789062,xgboost_feat
PEAR_CONFERENCE,PICNIC,NL-GE,2026-02-16,2026-02-22,Weekly,,KG,3.098,3.098,594.9380493164062,xgboost_feat
PEAR_CONFERENCE,PICNIC,NL-GE,2026-02-23,2026-03-01,Weekly,,KG,3.098,3.098,599.7518920898438,xgboost_feat
PEAR_CONFERENCE,PICNIC,NL-GE,2026-03-02,2026-03-08,Weekly,,KG,3.098,3.098,617.9116821289062,xgboost_feat
PEAR_CONFERENCE,PICNIC,NL-GE,2026-03-09,2026-03-15,Weekly,,KG,3.098,3.098,643.7915649414062,xgboost_feat
PEAR_CONFERENCE,PICNIC,NL-GE,2026-03-16,2026-03-22,Weekly,,KG,3.098,3.098,598.6749877929688,xgboost_feat
PEAR_CONFERENCE,PICNIC,NL-GE,2026-03-23,2026-03-29,Weekly,,KG,3.098,3.098,603.2304077148438,xgboost_feat
PEAR_CONFERENCE,PICNIC,NL-GE,2026-03-30,2026-04-05,Weekly,,KG,3.098,3.098,613.461669921875,xgboost_feat
PEAR_CONFERENCE,PICNIC,NL-GE,2026-04-06,2026-04-12,Weekly,,KG,3.098,3.098,612.275634765625,xgboost_feat
PEAR_CONFERENCE,PICNIC,NL-GE,2026-04-13,2026-04-19,Weekly,,KG,3.098,3.098,580.9923706054688,xgboost_feat
PEAR_CONFERENCE,PICNIC,NL-GE,2026-04-20,2026-04-26,Weekly,,KG,3.098,3.098,600.1566162109375,xgboost_feat
PEAR_CONFERENCE,PICNIC,NL-GE,2026-04-27,2026-05-03,Weekly,,KG,3.098,3.098,592.6035766601562,xgboost_feat
PEAR_CONFERENCE,PICNIC,NL-NB,2026-02-02,2026-02-08,Weekly,,KG,3.204,3.204,589.5716552734375,xgboost_feat
PEAR_CONFERENCE,PICNIC,NL-NB,2026-02-09,2026-02-15,Weekly,,KG,3.204,3.204,602.1250610351562,xgboost_feat
PEAR_CONFERENCE,PICNIC,NL-NB,2026-02-16,2026-02-22,Weekly,,KG,3.204,3.204,620.23095703125,xgboost_feat
PEAR_CONFERENCE,PICNIC,NL-NB,2026-02-23,2026-03-01,Weekly,,KG,3.204,3.204,614.3783569335938,xgboost_feat
PEAR_CONFERENCE,PICNIC,NL-NB,2026-03-02,2026-03-08,Weekly,,KG,3.204,3.204,626.1813354492188,xgboost_feat
PEAR_CONFERENCE,PICNIC,NL-NB,2026-03-09,2026-03-15,Weekly,,KG,3.204,3.204,623.7756958007812,xgboost_feat
PEAR_CONFERENCE,PICNIC,NL-NB,2026-03-16,2026-03-22,Weekly,,KG,3.204,3.204,605.764404296875,xgboost_feat
PEAR_CONFERENCE,PICNIC,NL-NB,2026-03-23,2026-03-29,Weekly,,KG,3.204,3.204,609.1239013671875,xgboost_feat
PEAR_CONFERENCE,PICNIC,NL-NB,2026-03-30,2026-04-05,Weekly,,KG,3.204,3.204,631.6290893554688,xgboost_feat
PEAR_CONFERENCE,PICNIC,NL-NB,2026-04-06,2026-04-12,Weekly,,KG,3.204,3.204,607.9457397460938,xgboost_feat
PEAR_CONFERENCE,PICNIC,NL-NB,2026-04-13,2026-04-19,Weekly,,KG,3.204,3.204,573.2423706054688,xgboost_feat
PEAR_CONFERENCE,PICNIC,NL-NB,2026-04-20,2026-04-26,Weekly,,KG,3.204,3.204,599.56689453125,xgboost_feat
PEAR_CONFERENCE,PICNIC,NL-NB,2026-04-27,2026-05-03,Weekly,,KG,3.204,3.204,586.8276977539062,xgboost_feat
PEAR_CONFERENCE,PICNIC,NL-NH,2026-02-02,2026-02-08,Weekly,,KG,3.207,3.207,592.4265747070312,xgboost_feat
PEAR_CONFERENCE,PICNIC,NL-NH,2026-02-09,2026-02-15,Weekly,,KG,3.207,3.207,564.8480834960938,xgboost_feat
PEAR_CONFERENCE,PICNIC,NL-NH,2026-02-16,2026-02-22,Weekly,,KG,3.207,3.207,593.66162109375,xgboost_feat
PEAR_CONFERENCE,PICNIC,NL-NH,2026-02-23,2026-03-01,Weekly,,KG,3.207,3.207,616.0794067382812,xgboost_feat
PEAR_CONFERENCE,PICNIC,NL-NH,2026-03-02,2026-03-08,Weekly,,KG,3.207,3.207,633.1226806640625,xgboost_feat
PEAR_CONFERENCE,PICNIC,NL-NH,2026-03-09,2026-03-15,Weekly,,KG,3.207,3.207,623.9884643554688,xgboost_feat
PEAR_CONFERENCE,PICNIC,NL-NH,2026-03-16,2026-03-22,Weekly,,KG,3.207,3.207,606.021240234375,xgboost_feat
PEAR_CONFERENCE,PICNIC,NL-NH,2026-03-23,2026-03-29,Weekly,,KG,3.207,3.207,611.9360961914062,xgboost_feat
PEAR_CONFERENCE,PICNIC,NL-NH,2026-03-30,2026-04-05,Weekly,,KG,3.207,3.207,610.9163208007812,xgboost_feat
PEAR_CONFERENCE,PICNIC,NL-NH,2026-04-06,2026-04-12,Weekly,,KG,3.207,3.207,602.8768310546875,xgboost_feat
PEAR_CONFERENCE,PICNIC,NL-NH,2026-04-13,2026-04-19,Weekly,,KG,3.207,3.207,561.6744995117188,xgboost_feat
PEAR_CONFERENCE,PICNIC,NL-NH,2026-04-20,2026-04-26,Weekly,,KG,3.207,3.207,603.913818359375,xgboost_feat
PEAR_CONFERENCE,PICNIC,NL-NH,2026-04-27,2026-05-03,Weekly,,KG,3.207,3.207,588.2723388671875,xgboost_feat
PEAR_CONFERENCE,PICNIC,NL-ZH,2026-02-02,2026-02-08,Weekly,,KG,3.251,3.251,588.7164306640625,xgboost_feat
PEAR_CONFERENCE,PICNIC,NL-ZH,2026-02-09,2026-02-15,Weekly,,KG,3.251,3.251,595.8475341796875,xgboost_feat
PEAR_CONFERENCE,PICNIC,NL-ZH,2026-02-16,2026-02-22,Weekly,,KG,3.251,3.251,592.37890625,xgboost_feat
PEAR_CONFERENCE,PICNIC,NL-ZH,2026-02-23,2026-03-01,Weekly,,KG,3.251,3.251,598.197998046875,xgboost_feat
PEAR_CONFERENCE,PICNIC,NL-ZH,2026-03-02,2026-03-08,Weekly,,KG,3.251,3.251,617.7034912109375,xgboost_feat
PEAR_CONFERENCE,PICNIC,NL-ZH,2026-03-09,2026-03-15,Weekly,,KG,3.251,3.251,620.15869140625,xgboost_feat
PEAR_CONFERENCE,PICNIC,NL-ZH,2026-03-16,2026-03-22,Weekly,,KG,3.251,3.251,606.10205078125,xgboost_feat
PEAR_CONFERENCE,PICNIC,NL-ZH,2026-03-23,2026-03-29,Weekly,,KG,3.251,3.251,613.713134765625,xgboost_feat
PEAR_CONFERENCE,PICNIC,NL-ZH,2026-03-30,2026-04-05,Weekly,,KG,3.251,3.251,624.3910522460938,xgboost_feat
PEAR_CONFERENCE,PICNIC,NL-ZH,2026-04-06,2026-04-12,Weekly,,KG,3.251,3.251,604.8597412109375,xgboost_feat
PEAR_CONFERENCE,PICNIC,NL-ZH,2026-04-13,2026-04-19,Weekly,,KG,3.251,3.251,584.5384521484375,xgboost_feat
PEAR_CONFERENCE,PICNIC,NL-ZH,2026-04-20,2026-04-26,Weekly,,KG,3.251,3.251,596.2962646484375,xgboost_feat
PEAR_CONFERENCE,PICNIC,NL-ZH,2026-04-27,2026-05-03,Weekly,,KG,3.251,3.251,593.412109375,xgboost_feat
PEAR_CONFERENCE,PLUS,NL-GE,2026-02-02,2026-02-08,Weekly,,KG,2.974,2.974,575.7847900390625,xgboost_feat
PEAR_CONFERENCE,PLUS,NL-GE,2026-02-09,2026-02-15,Weekly,,KG,2.974,2.974,597.6029663085938,xgboost_feat
PEAR_CONFERENCE,PLUS,NL-GE,2026-02-16,2026-02-22,Weekly,,KG,2.974,2.974,609.5628051757812,xgboost_feat
PEAR_CONFERENCE,PLUS,NL-GE,2026-02-23,2026-03-01,Weekly,,KG,2.974,2.974,625.4576416015625,xgboost_feat
PEAR_CONFERENCE,PLUS,NL-GE,2026-03-02,2026-03-08,Weekly,,KG,2.974,2.974,624.6723022460938,xgboost_feat
PEAR_CONFERENCE,PLUS,NL-GE,2026-03-09,2026-03-15,Weekly,,KG,2.974,2.974,642.3977661132812,xgboost_feat
PEAR_CONFERENCE,PLUS,NL-GE,2026-03-16,2026-03-22,Weekly,,KG,2.974,2.974,595.28564453125,xgboost_feat
PEAR_CONFERENCE,PLUS,NL-GE,2026-03-23,2026-03-29,Weekly,,KG,2.974,2.974,600.79248046875,xgboost_feat
PEAR_CONFERENCE,PLUS,NL-GE,2026-03-30,2026-04-05,Weekly,,KG,2.974,2.974,602.4738159179688,xgboost_feat
PEAR_CONFERENCE,PLUS,NL-GE,2026-04-06,2026-04-12,Weekly,,KG,2.974,2.974,606.3364868164062,xgboost_feat
PEAR_CONFERENCE,PLUS,NL-GE,2026-04-13,2026-04-19,Weekly,,KG,2.974,2.974,574.8473510742188,xgboost_feat
PEAR_CONFERENCE,PLUS,NL-GE,2026-04-20,2026-04-26,Weekly,,KG,2.974,2.974,596.9304809570312,xgboost_feat
PEAR_CONFERENCE,PLUS,NL-GE,2026-04-27,2026-05-03,Weekly,,KG,2.974,2.974,585.7952880859375,xgboost_feat
PEAR_CONFERENCE,PLUS,NL-NB,2026-02-02,2026-02-08,Weekly,,KG,3.126,3.126,581.2052612304688,xgboost_feat
PEAR_CONFERENCE,PLUS,NL-NB,2026-02-09,2026-02-15,Weekly,,KG,3.126,3.126,609.9698486328125,xgboost_feat
PEAR_CONFERENCE,PLUS,NL-NB,2026-02-16,2026-02-22,Weekly,,KG,3.126,3.126,632.6539916992188,xgboost_feat
PEAR_CONFERENCE,PLUS,NL-NB,2026-02-23,2026-03-01,Weekly,,KG,3.126,3.126,616.3870849609375,xgboost_feat
PEAR_CONFERENCE,PLUS,NL-NB,2026-03-02,2026-03-08,Weekly,,KG,3.126,3.126,623.9932250976562,xgboost_feat
PEAR_CONFERENCE,PLUS,NL-NB,2026-03-09,2026-03-15,Weekly,,KG,3.126,3.126,617.564208984375,xgboost_feat
PEAR_CONFERENCE,PLUS,NL-NB,2026-03-16,2026-03-22,Weekly,,KG,3.126,3.126,600.319091796875,xgboost_feat
PEAR_CONFERENCE,PLUS,NL-NB,2026-03-23,2026-03-29,Weekly,,KG,3.126,3.126,597.2760620117188,xgboost_feat
PEAR_CONFERENCE,PLUS,NL-NB,2026-03-30,2026-04-05,Weekly,,KG,3.126,3.126,621.0811157226562,xgboost_feat
PEAR_CONFERENCE,PLUS,NL-NB,2026-04-06,2026-04-12,Weekly,,KG,3.126,3.126,603.0674438476562,xgboost_feat
PEAR_CONFERENCE,PLUS,NL-NB,2026-04-13,2026-04-19,Weekly,,KG,3.126,3.126,565.2985229492188,xgboost_feat
PEAR_CONFERENCE,PLUS,NL-NB,2026-04-20,2026-04-26,Weekly,,KG,3.126,3.126,597.0286865234375,xgboost_feat
PEAR_CONFERENCE,PLUS,NL-NB,2026-04-27,2026-05-03,Weekly,,KG,3.126,3.126,577.1323852539062,xgboost_feat
PEAR_CONFERENCE,PLUS,NL-NH,2026-02-02,2026-02-08,Weekly,,KG,3.293,3.293,643.6922607421875,xgboost_feat
PEAR_CONFERENCE,PLUS,NL-NH,2026-02-09,2026-02-15,Weekly,,KG,3.293,3.293,573.1483764648438,xgboost_feat
PEAR_CONFERENCE,PLUS,NL-NH,2026-02-16,2026-02-22,Weekly,,KG,3.293,3.293,607.9387817382812,xgboost_feat
PEAR_CONFERENCE,PLUS,NL-NH,2026-02-23,2026-03-01,Weekly,,KG,3.293,3.293,658.1792602539062,xgboost_feat
PEAR_CONFERENCE,PLUS,NL-NH,2026-03-02,2026-03-08,Weekly,,KG,3.293,3.293,635.2554321289062,xgboost_feat
PEAR_CONFERENCE,PLUS,NL-NH,2026-03-09,2026-03-15,Weekly,,KG,3.293,3.293,623.3442993164062,xgboost_feat
PEAR_CONFERENCE,PLUS,NL-NH,2026-03-16,2026-03-22,Weekly,,KG,3.293,3.293,603.37451171875,xgboost_feat
PEAR_CONFERENCE,PLUS,NL-NH,2026-03-23,2026-03-29,Weekly,,KG,3.293,3.293,608.6216430664062,xgboost_feat
PEAR_CONFERENCE,PLUS,NL-NH,2026-03-30,2026-04-05,Weekly,,KG,3.293,3.293,606.3927001953125,xgboost_feat
PEAR_CONFERENCE,PLUS,NL-NH,2026-04-06,2026-04-12,Weekly,,KG,3.293,3.293,598.1270141601562,xgboost_feat
PEAR_CONFERENCE,PLUS,NL-NH,2026-04-13,2026-04-19,Weekly,,KG,3.293,3.293,550.67431640625,xgboost_feat
PEAR_CONFERENCE,PLUS,NL-NH,2026-04-20,2026-04-26,Weekly,,KG,3.293,3.293,600.6483764648438,xgboost_feat
PEAR_CONFERENCE,PLUS,NL-NH,2026-04-27,2026-05-03,Weekly,,KG,3.293,3.293,578.7006225585938,xgboost_feat
PEAR_CONFERENCE,PLUS,NL-ZH,2026-02-02,2026-02-08,Weekly,,KG,3.137,3.137,608.6727294921875,xgboost_feat
PEAR_CONFERENCE,PLUS,NL-ZH,2026-02-09,2026-02-15,Weekly,,KG,3.137,3.137,604.4423217773438,xgboost_feat
PEAR_CONFERENCE,PLUS,NL-ZH,2026-02-16,2026-02-22,Weekly,,KG,3.137,3.137,597.7129516601562,xgboost_feat
PEAR_CONFERENCE,PLUS,NL-ZH,2026-02-23,2026-03-01,Weekly,,KG,3.137,3.137,616.3871459960938,xgboost_feat
PEAR_CONFERENCE,PLUS,NL-ZH,2026-03-02,2026-03-08,Weekly,,KG,3.137,3.137,620.475341796875,xgboost_feat
PEAR_CONFERENCE,PLUS,NL-ZH,2026-03-09,2026-03-15,Weekly,,KG,3.137,3.137,614.4505004882812,xgboost_feat
PEAR_CONFERENCE,PLUS,NL-ZH,2026-03-16,2026-03-22,Weekly,,KG,3.137,3.137,598.2467041015625,xgboost_feat
PEAR_CONFERENCE,PLUS,NL-ZH,2026-03-23,2026-03-29,Weekly,,KG,3.137,3.137,605.2459106445312,xgboost_feat
PEAR_CONFERENCE,PLUS,NL-ZH,2026-03-30,2026-04-05,Weekly,,KG,3.137,3.137,629.419921875,xgboost_feat
PEAR_CONFERENCE,PLUS,NL-ZH,2026-04-06,2026-04-12,Weekly,,KG,3.137,3.137,602.85595703125,xgboost_feat
PEAR_CONFERENCE,PLUS,NL-ZH,2026-04-13,2026-04-19,Weekly,,KG,3.137,3.137,583.0272827148438,xgboost_feat
PEAR_CONFERENCE,PLUS,NL-ZH,2026-04-20,2026-04-26,Weekly,,KG,3.137,3.137,592.9766845703125,xgboost_feat
PEAR_CONFERENCE,PLUS,NL-ZH,2026-04-27,2026-05-03,Weekly,,KG,3.137,3.137,587.0342407226562,xgboost_feat
PEAR_CONFERENCE,SLIGRO,NL-GE,2026-02-02,2026-02-08,Weekly,,KG,3.081,3.081,585.2471923828125,xgboost_feat
PEAR_CONFERENCE,SLIGRO,NL-GE,2026-02-09,2026-02-15,Weekly,,KG,3.081,3.081,592.251708984375,xgboost_feat
PEAR_CONFERENCE,SLIGRO,NL-GE,2026-02-16,2026-02-22,Weekly,,KG,3.081,3.081,595.015380859375,xgboost_feat
PEAR_CONFERENCE,SLIGRO,NL-GE,2026-02-23,2026-03-01,Weekly,,KG,3.081,3.081,598.9308471679688,xgboost_feat
PEAR_CONFERENCE,SLIGRO,NL-GE,2026-03-02,2026-03-08,Weekly,,KG,3.081,3.081,617.9678344726562,xgboost_feat
PEAR_CONFERENCE,SLIGRO,NL-GE,2026-03-09,2026-03-15,Weekly,,KG,3.081,3.081,643.7915649414062,xgboost_feat
PEAR_CONFERENCE,SLIGRO,NL-GE,2026-03-16,2026-03-22,Weekly,,KG,3.081,3.081,598.6749877929688,xgboost_feat
PEAR_CONFERENCE,SLIGRO,NL-GE,2026-03-23,2026-03-29,Weekly,,KG,3.081,3.081,603.2304077148438,xgboost_feat
PEAR_CONFERENCE,SLIGRO,NL-GE,2026-03-30,2026-04-05,Weekly,,KG,3.081,3.081,613.461669921875,xgboost_feat
PEAR_CONFERENCE,SLIGRO,NL-GE,2026-04-06,2026-04-12,Weekly,,KG,3.081,3.081,612.275634765625,xgboost_feat
PEAR_CONFERENCE,SLIGRO,NL-GE,2026-04-13,2026-04-19,Weekly,,KG,3.081,3.081,580.8973999023438,xgboost_feat
PEAR_CONFERENCE,SLIGRO,NL-GE,2026-04-20,2026-04-26,Weekly,,KG,3.081,3.081,599.9013671875,xgboost_feat
PEAR_CONFERENCE,SLIGRO,NL-GE,2026-04-27,2026-05-03,Weekly,,KG,3.081,3.081,590.424072265625,xgboost_feat
PEAR_CONFERENCE,SLIGRO,NL-NB,2026-02-02,2026-02-08,Weekly,,KG,3.125,3.125,592.0436401367188,xgboost_feat
PEAR_CONFERENCE,SLIGRO,NL-NB,2026-02-09,2026-02-15,Weekly,,KG,3.125,3.125,598.6897583007812,xgboost_feat
PEAR_CONFERENCE,SLIGRO,NL-NB,2026-02-16,2026-02-22,Weekly,,KG,3.125,3.125,615.0950317382812,xgboost_feat
PEAR_CONFERENCE,SLIGRO,NL-NB,2026-02-23,2026-03-01,Weekly,,KG,3.125,3.125,613.7265014648438,xgboost_feat
PEAR_CONFERENCE,SLIGRO,NL-NB,2026-03-02,2026-03-08,Weekly,,KG,3.125,3.125,626.1051025390625,xgboost_feat
PEAR_CONFERENCE,SLIGRO,NL-NB,2026-03-09,2026-03-15,Weekly,,KG,3.125,3.125,622.7363891601562,xgboost_feat
PEAR_CONFERENCE,SLIGRO,NL-NB,2026-03-16,2026-03-22,Weekly,,KG,3.125,3.125,605.0580444335938,xgboost_feat
PEAR_CONFERENCE,SLIGRO,NL-NB,2026-03-23,2026-03-29,Weekly,,KG,3.125,3.125,604.8941650390625,xgboost_feat
PEAR_CONFERENCE,SLIGRO,NL-NB,2026-03-30,2026-04-05,Weekly,,KG,3.125,3.125,631.4196166992188,xgboost_feat
PEAR_CONFERENCE,SLIGRO,NL-NB,2026-04-06,2026-04-12,Weekly,,KG,3.125,3.125,608.1527709960938,xgboost_feat
PEAR_CONFERENCE,SLIGRO,NL-NB,2026-04-13,2026-04-19,Weekly,,KG,3.125,3.125,573.5090942382812,xgboost_feat
PEAR_CONFERENCE,SLIGRO,NL-NB,2026-04-20,2026-04-26,Weekly,,KG,3.125,3.125,599.42822265625,xgboost_feat
PEAR_CONFERENCE,SLIGRO,NL-NB,2026-04-27,2026-05-03,Weekly,,KG,3.125,3.125,586.5194091796875,xgboost_feat
PEAR_CONFERENCE,SLIGRO,NL-NH,2026-02-02,2026-02-08,Weekly,,KG,3.243,3.243,582.7808837890625,xgboost_feat
PEAR_CONFERENCE,SLIGRO,NL-NH,2026-02-09,2026-02-15,Weekly,,KG,3.243,3.243,563.5498046875,xgboost_feat
PEAR_CONFERENCE,SLIGRO,NL-NH,2026-02-16,2026-02-22,Weekly,,KG,3.243,3.243,594.3504028320312,xgboost_feat
PEAR_CONFERENCE,SLIGRO,NL-NH,2026-02-23,2026-03-01,Weekly,,KG,3.243,3.243,616.5776977539062,xgboost_feat
PEAR_CONFERENCE,SLIGRO,NL-NH,2026-03-02,2026-03-08,Weekly,,KG,3.243,3.243,639.079345703125,xgboost_feat
PEAR_CONFERENCE,SLIGRO,NL-NH,2026-03-09,2026-03-15,Weekly,,KG,3.243,3.243,623.9844970703125,xgboost_feat
PEAR_CONFERENCE,SLIGRO,NL-NH,2026-03-16,2026-03-22,Weekly,,KG,3.243,3.243,606.020263671875,xgboost_feat
PEAR_CONFERENCE,SLIGRO,NL-NH,2026-03-23,2026-03-29,Weekly,,KG,3.243,3.243,612.6331176757812,xgboost_feat
PEAR_CONFERENCE,SLIGRO,NL-NH,2026-03-30,2026-04-05,Weekly,,KG,3.243,3.243,611.8450927734375,xgboost_feat
PEAR_CONFERENCE,SLIGRO,NL-NH,2026-04-06,2026-04-12,Weekly,,KG,3.243,3.243,602.88232421875,xgboost_feat
PEAR_CONFERENCE,SLIGRO,NL-NH,2026-04-13,2026-04-19,Weekly,,KG,3.243,3.243,562.0328979492188,xgboost_feat
PEAR_CONFERENCE,SLIGRO,NL-NH,2026-04-20,2026-04-26,Weekly,,KG,3.243,3.243,602.8594970703125,xgboost_feat
PEAR_CONFERENCE,SLIGRO,NL-NH,2026-04-27,2026-05-03,Weekly,,KG,3.243,3.243,588.3265380859375,xgboost_feat
PEAR_CONFERENCE,SLIGRO,NL-ZH,2026-02-02,2026-02-08,Weekly,,KG,3.471,3.471,584.4583740234375,xgboost_feat
PEAR_CONFERENCE,SLIGRO,NL-ZH,2026-02-09,2026-02-15,Weekly,,KG,3.471,3.471,591.0520629882812,xgboost_feat
PEAR_CONFERENCE,SLIGRO,NL-ZH,2026-02-16,2026-02-22,Weekly,,KG,3.471,3.471,592.6664428710938,xgboost_feat
PEAR_CONFERENCE,SLIGRO,NL-ZH,2026-02-23,2026-03-01,Weekly,,KG,3.471,3.471,597.0841674804688,xgboost_feat
PEAR_CONFERENCE,SLIGRO,NL-ZH,2026-03-02,2026-03-08,Weekly,,KG,3.471,3.471,617.7596435546875,xgboost_feat
PEAR_CONFERENCE,SLIGRO,NL-ZH,2026-03-09,2026-03-15,Weekly,,KG,3.471,3.471,619.67919921875,xgboost_feat
PEAR_CONFERENCE,SLIGRO,NL-ZH,2026-03-16,2026-03-22,Weekly,,KG,3.471,3.471,606.10205078125,xgboost_feat
PEAR_CONFERENCE,SLIGRO,NL-ZH,2026-03-23,2026-03-29,Weekly,,KG,3.471,3.471,613.713134765625,xgboost_feat
PEAR_CONFERENCE,SLIGRO,NL-ZH,2026-03-30,2026-04-05,Weekly,,KG,3.471,3.471,624.3910522460938,xgboost_feat
PEAR_CONFERENCE,SLIGRO,NL-ZH,2026-04-06,2026-04-12,Weekly,,KG,3.471,3.471,604.8597412109375,xgboost_feat
PEAR_CONFERENCE,SLIGRO,NL-ZH,2026-04-13,2026-04-19,Weekly,,KG,3.471,3.471,584.432861328125,xgboost_feat
PEAR_CONFERENCE,SLIGRO,NL-ZH,2026-04-20,2026-04-26,Weekly,,KG,3.471,3.471,596.255615234375,xgboost_feat
PEAR_CONFERENCE,SLIGRO,NL-ZH,2026-04-27,2026-05-03,Weekly,,KG,3.471,3.471,593.162841796875,xgboost_feat
PEAR_WILLIAMS,AH,NL-GE,2026-02-02,2026-02-08,Weekly,,KG,3.03,3.03,584.6923828125,xgboost_feat
PEAR_WILLIAMS,AH,NL-GE,2026-02-09,2026-02-15,Weekly,,KG,3.03,3.03,587.3650512695312,xgboost_feat
PEAR_WILLIAMS,AH,NL-GE,2026-02-16,2026-02-22,Weekly,,KG,3.03,3.03,597.6657104492188,xgboost_feat
PEAR_WILLIAMS,AH,NL-GE,2026-02-23,2026-03-01,Weekly,,KG,3.03,3.03,597.1019897460938,xgboost_feat
PEAR_WILLIAMS,AH,NL-GE,2026-03-02,2026-03-08,Weekly,,KG,3.03,3.03,613.3683471679688,xgboost_feat
PEAR_WILLIAMS,AH,NL-GE,2026-03-09,2026-03-15,Weekly,,KG,3.03,3.03,640.9778442382812,xgboost_feat
PEAR_WILLIAMS,AH,NL-GE,2026-03-16,2026-03-22,Weekly,,KG,3.03,3.03,596.26953125,xgboost_feat
PEAR_WILLIAMS,AH,NL-GE,2026-03-23,2026-03-29,Weekly,,KG,3.03,3.03,602.1378173828125,xgboost_feat
PEAR_WILLIAMS,AH,NL-GE,2026-03-30,2026-04-05,Weekly,,KG,3.03,3.03,613.4212036132812,xgboost_feat
PEAR_WILLIAMS,AH,NL-GE,2026-04-06,2026-04-12,Weekly,,KG,3.03,3.03,610.1987915039062,xgboost_feat
PEAR_WILLIAMS,AH,NL-GE,2026-04-13,2026-04-19,Weekly,,KG,3.03,3.03,571.0771484375,xgboost_feat
PEAR_WILLIAMS,AH,NL-GE,2026-04-20,2026-04-26,Weekly,,KG,3.03,3.03,595.8710327148438,xgboost_feat
PEAR_WILLIAMS,AH,NL-GE,2026-04-27,2026-05-03,Weekly,,KG,3.03,3.03,585.5426635742188,xgboost_feat
PEAR_WILLIAMS,AH,NL-NB,2026-02-02,2026-02-08,Weekly,,KG,3.186,3.186,602.2394409179688,xgboost_feat
PEAR_WILLIAMS,AH,NL-NB,2026-02-09,2026-02-15,Weekly,,KG,3.186,3.186,603.0930786132812,xgboost_feat
PEAR_WILLIAMS,AH,NL-NB,2026-02-16,2026-02-22,Weekly,,KG,3.186,3.186,620.1547241210938,xgboost_feat
PEAR_WILLIAMS,AH,NL-NB,2026-02-23,2026-03-01,Weekly,,KG,3.186,3.186,612.1444091796875,xgboost_feat
PEAR_WILLIAMS,AH,NL-NB,2026-03-02,2026-03-08,Weekly,,KG,3.186,3.186,626.5582885742188,xgboost_feat
PEAR_WILLIAMS,AH,NL-NB,2026-03-09,2026-03-15,Weekly,,KG,3.186,3.186,629.9058227539062,xgboost_feat
PEAR_WILLIAMS,AH,NL-NB,2026-03-16,2026-03-22,Weekly,,KG,3.186,3.186,605.9666137695312,xgboost_feat
PEAR_WILLIAMS,AH,NL-NB,2026-03-23,2026-03-29,Weekly,,KG,3.186,3.186,615.2212524414062,xgboost_feat
PEAR_WILLIAMS,AH,NL-NB,2026-03-30,2026-04-05,Weekly,,KG,3.186,3.186,632.2764282226562,xgboost_feat
PEAR_WILLIAMS,AH,NL-NB,2026-04-06,2026-04-12,Weekly,,KG,3.186,3.186,606.7348022460938,xgboost_feat
PEAR_WILLIAMS,AH,NL-NB,2026-04-13,2026-04-19,Weekly,,KG,3.186,3.186,564.6608276367188,xgboost_feat
PEAR_WILLIAMS,AH,NL-NB,2026-04-20,2026-04-26,Weekly,,KG,3.186,3.186,587.8031005859375,xgboost_feat
PEAR_WILLIAMS,AH,NL-NB,2026-04-27,2026-05-03,Weekly,,KG,3.186,3.186,573.7721557617188,xgboost_feat
PEAR_WILLIAMS,AH,NL-NH,2026-02-02,2026-02-08,Weekly,,KG,3.315,3.315,596.3391723632812,xgboost_feat
PEAR_WILLIAMS,AH,NL-NH,2026-02-09,2026-02-15,Weekly,,KG,3.315,3.315,564.680908203125,xgboost_feat
PEAR_WILLIAMS,AH,NL-NH,2026-02-16,2026-02-22,Weekly,,KG,3.315,3.315,593.1675415039062,xgboost_feat
PEAR_WILLIAMS,AH,NL-NH,2026-02-23,2026-03-01,Weekly,,KG,3.315,3.315,619.8896484375,xgboost_feat
PEAR_WILLIAMS,AH,NL-NH,2026-03-02,2026-03-08,Weekly,,KG,3.315,3.315,631.6307373046875,xgboost_feat
PEAR_WILLIAMS,AH,NL-NH,2026-03-09,2026-03-15,Weekly,,KG,3.315,3.315,629.6116333007812,xgboost_feat
PEAR_WILLIAMS,AH,NL-NH,2026-03-16,2026-03-22,Weekly,,KG,3.315,3.315,611.7240600585938,xgboost_feat
PEAR_WILLIAMS,AH,NL-NH,2026-03-23,2026-03-29,Weekly,,KG,3.315,3.315,616.8114624023438,xgboost_feat
PEAR_WILLIAMS,AH,NL-NH,2026-03-30,2026-04-05,Weekly,,KG,3.315,3.315,614.3317260742188,xgboost_feat
PEAR_WILLIAMS,AH,NL-NH,2026-04-06,2026-04-12,Weekly,,KG,3.315,3.315,602.5040893554688,xgboost_feat
PEAR_WILLIAMS,AH,NL-NH,2026-04-13,2026-04-19,Weekly,,KG,3.315,3.315,554.5896606445312,xgboost_feat
PEAR_WILLIAMS,AH,NL-NH,2026-04-20,2026-04-26,Weekly,,KG,3.315,3.315,590.3021240234375,xgboost_feat
PEAR_WILLIAMS,AH,NL-NH,2026-04-27,2026-05-03,Weekly,,KG,3.315,3.315,580.6679077148438,xgboost_feat
PEAR_WILLIAMS,AH,NL-ZH,2026-02-02,2026-02-08,Weekly,,KG,3.426,3.426,589.2666015625,xgboost_feat
PEAR_WILLIAMS,AH,NL-ZH,2026-02-09,2026-02-15,Weekly,,KG,3.426,3.426,594.0491943359375,xgboost_feat
PEAR_WILLIAMS,AH,NL-ZH,2026-02-16,2026-02-22,Weekly,,KG,3.426,3.426,583.3172607421875,xgboost_feat
PEAR_WILLIAMS,AH,NL-ZH,2026-02-23,2026-03-01,Weekly,,KG,3.426,3.426,600.611572265625,xgboost_feat
PEAR_WILLIAMS,AH,NL-ZH,2026-03-02,2026-03-08,Weekly,,KG,3.426,3.426,615.9110717773438,xgboost_feat
PEAR_WILLIAMS,AH,NL-ZH,2026-03-09,2026-03-15,Weekly,,KG,3.426,3.426,620.6177978515625,xgboost_feat
PEAR_WILLIAMS,AH,NL-ZH,2026-03-16,2026-03-22,Weekly,,KG,3.426,3.426,607.19873046875,xgboost_feat
PEAR_WILLIAMS,AH,NL-ZH,2026-03-23,2026-03-29,Weekly,,KG,3.426,3.426,615.0431518554688,xgboost_feat
PEAR_WILLIAMS,AH,NL-ZH,2026-03-30,2026-04-05,Weekly,,KG,3.426,3.426,621.2630004882812,xgboost_feat
PEAR_WILLIAMS,AH,NL-ZH,2026-04-06,2026-04-12,Weekly,,KG,3.426,3.426,601.7822875976562,xgboost_feat
PEAR_WILLIAMS,AH,NL-ZH,2026-04-13,2026-04-19,Weekly,,KG,3.426,3.426,578.6970825195312,xgboost_feat
PEAR_WILLIAMS,AH,NL-ZH,2026-04-20,2026-04-26,Weekly,,KG,3.426,3.426,592.094482421875,xgboost_feat
PEAR_WILLIAMS,AH,NL-ZH,2026-04-27,2026-05-03,Weekly,,KG,3.426,3.426,590.1866455078125,xgboost_feat
PEAR_WILLIAMS,FLINK,NL-GE,2026-02-02,2026-02-08,Weekly,,KG,3.04,3.04,590.5020751953125,xgboost_feat
PEAR_WILLIAMS,FLINK,NL-GE,2026-02-09,2026-02-15,Weekly,,KG,3.04,3.04,594.8187866210938,xgboost_feat
PEAR_WILLIAMS,FLINK,NL-GE,2026-02-16,2026-02-22,Weekly,,KG,3.04,3.04,594.9380493164062,xgboost_feat
PEAR_WILLIAMS,FLINK,NL-GE,2026-02-23,2026-03-01,Weekly,,KG,3.04,3.04,599.7219848632812,xgboost_feat
PEAR_WILLIAMS,FLINK,NL-GE,2026-03-02,2026-03-08,Weekly,,KG,3.04,3.04,616.6844482421875,xgboost_feat
PEAR_WILLIAMS,FLINK,NL-GE,2026-03-09,2026-03-15,Weekly,,KG,3.04,3.04,643.7915649414062,xgboost_feat
PEAR_WILLIAMS,FLINK,NL-GE,2026-03-16,2026-03-22,Weekly,,KG,3.04,3.04,598.6749877929688,xgboost_feat
PEAR_WILLIAMS,FLINK,NL-GE,2026-03-23,2026-03-29,Weekly,,KG,3.04,3.04,603.2304077148438,xgboost_feat
PEAR_WILLIAMS,FLINK,NL-GE,2026-03-30,2026-04-05,Weekly,,KG,3.04,3.04,613.461669921875,xgboost_feat
PEAR_WILLIAMS,FLINK,NL-GE,2026-04-06,2026-04-12,Weekly,,KG,3.04,3.04,612.275634765625,xgboost_feat
PEAR_WILLIAMS,FLINK,NL-GE,2026-04-13,2026-04-19,Weekly,,KG,3.04,3.04,580.9923706054688,xgboost_feat
PEAR_WILLIAMS,FLINK,NL-GE,2026-04-20,2026-04-26,Weekly,,KG,3.04,3.04,600.6190185546875,xgboost_feat
PEAR_WILLIAMS,FLINK,NL-GE,2026-04-27,2026-05-03,Weekly,,KG,3.04,3.04,592.6035766601562,xgboost_feat
PEAR_WILLIAMS,FLINK,NL-NB,2026-02-02,2026-02-08,Weekly,,KG,3.08,3.08,591.295166015625,xgboost_feat
PEAR_WILLIAMS,FLINK,NL-NB,2026-02-09,2026-02-15,Weekly,,KG,3.08,3.08,601.6253662109375,xgboost_feat
PEAR_WILLIAMS,FLINK,NL-NB,2026-02-16,2026-02-22,Weekly,,KG,3.08,3.08,620.233642578125,xgboost_feat
PEAR_WILLIAMS,FLINK,NL-NB,2026-02-23,2026-03-01,Weekly,,KG,3.08,3.08,615.1022338867188,xgboost_feat
PEAR_WILLIAMS,FLINK,NL-NB,2026-03-02,2026-03-08,Weekly,,KG,3.08,3.08,626.1813354492188,xgboost_feat
PEAR_WILLIAMS,FLINK,NL-NB,2026-03-09,2026-03-15,Weekly,,KG,3.08,3.08,622.5957641601562,xgboost_feat
PEAR_WILLIAMS,FLINK,NL-NB,2026-03-16,2026-03-22,Weekly,,KG,3.08,3.08,604.629638671875,xgboost_feat
PEAR_WILLIAMS,FLINK,NL-NB,2026-03-23,2026-03-29,Weekly,,KG,3.08,3.08,604.8917236328125,xgboost_feat
PEAR_WILLIAMS,FLINK,NL-NB,2026-03-30,2026-04-05,Weekly,,KG,3.08,3.08,631.4196166992188,xgboost_feat
PEAR_WILLIAMS,FLINK,NL-NB,2026-04-06,2026-04-12,Weekly,,KG,3.08,3.08,608.1527709960938,xgboost_feat
PEAR_WILLIAMS,FLINK,NL-NB,2026-04-13,2026-04-19,Weekly,,KG,3.08,3.08,573.2423706054688,xgboost_feat
PEAR_WILLIAMS,FLINK,NL-NB,2026-04-20,2026-04-26,Weekly,,KG,3.08,3.08,599.487060546875,xgboost_feat
PEAR_WILLIAMS,FLINK,NL-NB,2026-04-27,2026-05-03,Weekly,,KG,3.08,3.08,586.7328491210938,xgboost_feat
PEAR_WILLIAMS,FLINK,NL-NH,2026-02-02,2026-02-08,Weekly,,KG,3.073,3.073,589.1643676757812,xgboost_feat
PEAR_WILLIAMS,FLINK,NL-NH,2026-02-09,2026-02-15,Weekly,,KG,3.073,3.073,564.7689208984375,xgboost_feat
PEAR_WILLIAMS,FLINK,NL-NH,2026-02-16,2026-02-22,Weekly,,KG,3.073,3.073,593.66162109375,xgboost_feat
PEAR_WILLIAMS,FLINK,NL-NH,2026-02-23,2026-03-01,Weekly,,KG,3.073,3.073,616.0794067382812,xgboost_feat
PEAR_WILLIAMS,FLINK,NL-NH,2026-03-02,2026-03-08,Weekly,,KG,3.073,3.073,634.347412109375,xgboost_feat
PEAR_WILLIAMS,FLINK,NL-NH,2026-03-09,2026-03-15,Weekly,,KG,3.073,3.073,623.9893798828125,xgboost_feat
PEAR_WILLIAMS,FLINK,NL-NH,2026-03-16,2026-03-22,Weekly,,KG,3.073,3.073,606.021240234375,xgboost_feat
PEAR_WILLIAMS,FLINK,NL-NH,2026-03-23,2026-03-29,Weekly,,KG,3.073,3.073,611.9360961914062,xgboost_feat
PEAR_WILLIAMS,FLINK,NL-NH,2026-03-30,2026-04-05,Weekly,,KG,3.073,3.073,611.0276489257812,xgboost_feat
PEAR_WILLIAMS,FLINK,NL-NH,2026-04-06,2026-04-12,Weekly,,KG,3.073,3.073,602.88232421875,xgboost_feat
PEAR_WILLIAMS,FLINK,NL-NH,2026-04-13,2026-04-19,Weekly,,KG,3.073,3.073,561.6744995117188,xgboost_feat
PEAR_WILLIAMS,FLINK,NL-NH,2026-04-20,2026-04-26,Weekly,,KG,3.073,3.073,603.5548095703125,xgboost_feat
PEAR_WILLIAMS,FLINK,NL-NH,2026-04-27,2026-05-03,Weekly,,KG,3.073,3.073,588.271728515625,xgboost_feat
PEAR_WILLIAMS,FLINK,NL-ZH,2026-02-02,2026-02-08,Weekly,,KG,3.475,3.475,586.43505859375,xgboost_feat
PEAR_WILLIAMS,FLINK,NL-ZH,2026-02-09,2026-02-15,Weekly,,KG,3.475,3.475,594.978515625,xgboost_feat
PEAR_WILLIAMS,FLINK,NL-ZH,2026-02-16,2026-02-22,Weekly,,KG,3.475,3.475,592.37890625,xgboost_feat
PEAR_WILLIAMS,FLINK,NL-ZH,2026-02-23,2026-03-01,Weekly,,KG,3.475,3.475,597.7857666015625,xgboost_feat
PEAR_WILLIAMS,FLINK,NL-ZH,2026-03-02,2026-03-08,Weekly,,KG,3.475,3.475,617.7034912109375,xgboost_feat
PEAR_WILLIAMS,FLINK,NL-ZH,2026-03-09,2026-03-15,Weekly,,KG,3.475,3.475,620.15869140625,xgboost_feat
PEAR_WILLIAMS,FLINK,NL-ZH,2026-03-16,2026-03-22,Weekly,,KG,3.475,3.475,606.10205078125,xgboost_feat
PEAR_WILLIAMS,FLINK,NL-ZH,2026-03-23,2026-03-29,Weekly,,KG,3.475,3.475,613.713134765625,xgboost_feat
PEAR_WILLIAMS,FLINK,NL-ZH,2026-03-30,2026-04-05,Weekly,,KG,3.475,3.475,624.3910522460938,xgboost_feat
PEAR_WILLIAMS,FLINK,NL-ZH,2026-04-06,2026-04-12,Weekly,,KG,3.475,3.475,604.8597412109375,xgboost_feat
PEAR_WILLIAMS,FLINK,NL-ZH,2026-04-13,2026-04-19,Weekly,,KG,3.475,3.475,584.5384521484375,xgboost_feat
PEAR_WILLIAMS,FLINK,NL-ZH,2026-04-20,2026-04-26,Weekly,,KG,3.475,3.475,596.43408203125,xgboost_feat
PEAR_WILLIAMS,FLINK,NL-ZH,2026-04-27,2026-05-03,Weekly,,KG,3.475,3.475,593.480712890625,xgboost_feat
PEAR_WILLIAMS,GREENACRES,NL-GE,2026-02-02,2026-02-08,Weekly,,KG,3.025,3.025,583.5884399414062,xgboost_feat
PEAR_WILLIAMS,GREENACRES,NL-GE,2026-02-09,2026-02-15,Weekly,,KG,3.025,3.025,596.4447631835938,xgboost_feat
PEAR_WILLIAMS,GREENACRES,NL-GE,2026-02-16,2026-02-22,Weekly,,KG,3.025,3.025,594.9380493164062,xgboost_feat
PEAR_WILLIAMS,GREENACRES,NL-GE,2026-02-23,2026-03-01,Weekly,,KG,3.025,3.025,599.0343627929688,xgboost_feat
PEAR_WILLIAMS,GREENACRES,NL-GE,2026-03-02,2026-03-08,Weekly,,KG,3.025,3.025,617.9678344726562,xgboost_feat
PEAR_WILLIAMS,GREENACRES,NL-GE,2026-03-09,2026-03-15,Weekly,,KG,3.025,3.025,643.7915649414062,xgboost_feat
PEAR_WILLIAMS,GREENACRES,NL-GE,2026-03-16,2026-03-22,Weekly,,KG,3.025,3.025,598.6749877929688,xgboost_feat
PEAR_WILLIAMS,GREENACRES,NL-GE,2026-03-23,2026-03-29,Weekly,,KG,3.025,3.025,603.2304077148438,xgboost_feat
PEAR_WILLIAMS,GREENACRES,NL-GE,2026-03-30,2026-04-05,Weekly,,KG,3.025,3.025,613.461669921875,xgboost_feat
PEAR_WILLIAMS,GREENACRES,NL-GE,2026-04-06,2026-04-12,Weekly,,KG,3.025,3.025,612.275634765625,xgboost_feat
PEAR_WILLIAMS,GREENACRES,NL-GE,2026-04-13,2026-04-19,Weekly,,KG,3.025,3.025,580.9923706054688,xgboost_feat
PEAR_WILLIAMS,GREENACRES,NL-GE,2026-04-20,2026-04-26,Weekly,,KG,3.025,3.025,600.018798828125,xgboost_feat
PEAR_WILLIAMS,GREENACRES,NL-GE,2026-04-27,2026-05-03,Weekly,,KG,3.025,3.025,592.7234497070312,xgboost_feat
PEAR_WILLIAMS,GREENACRES,NL-NB,2026-02-02,2026-02-08,Weekly,,KG,3.025,3.025,593.215576171875,xgboost_feat
PEAR_WILLIAMS,GREENACRES,NL-NB,2026-02-09,2026-02-15,Weekly,,KG,3.025,3.025,602.1220092773438,xgboost_feat
PEAR_WILLIAMS,GREENACRES,NL-NB,2026-02-16,2026-02-22,Weekly,,KG,3.025,3.025,620.23095703125,xgboost_feat
PEAR_WILLIAMS,GREENACRES,NL-NB,2026-02-23,2026-03-01,Weekly,,KG,3.025,3.025,614.3783569335938,xgboost_feat
PEAR_WILLIAMS,GREENACRES,NL-NB,2026-03-02,2026-03-08,Weekly,,KG,3.025,3.025,626.1813354492188,xgboost_feat
PEAR_WILLIAMS,GREENACRES,NL-NB,2026-03-09,2026-03-15,Weekly,,KG,3.025,3.025,623.7756958007812,xgboost_feat
PEAR_WILLIAMS,GREENACRES,NL-NB,2026-03-16,2026-03-22,Weekly,,KG,3.025,3.025,605.764404296875,xgboost_feat
PEAR_WILLIAMS,GREENACRES,NL-NB,2026-03-23,2026-03-29,Weekly,,KG,3.025,3.025,609.1239013671875,xgboost_feat
PEAR_WILLIAMS,GREENACRES,NL-NB,2026-03-30,2026-04-05,Weekly,,KG,3.025,3.025,631.6290893554688,xgboost_feat
PEAR_WILLIAMS,GREENACRES,NL-NB,2026-04-06,2026-04-12,Weekly,,KG,3.025,3.025,607.9457397460938,xgboost_feat
PEAR_WILLIAMS,GREENACRES,NL-NB,2026-04-13,2026-04-19,Weekly,,KG,3.025,3.025,573.2418823242188,xgboost_feat
PEAR_WILLIAMS,GREENACRES,NL-NB,2026-04-20,2026-04-26,Weekly,,KG,3.025,3.025,599.436279296875,xgboost_feat
PEAR_WILLIAMS,GREENACRES,NL-NB,2026-04-27,2026-05-03,Weekly,,KG,3.025,3.025,586.8915405273438,xgboost_feat
PEAR_WILLIAMS,GREENACRES,NL-NH,2026-02-02,2026-02-08,Weekly,,KG,3.24,3.24,592.4265747070312,xgboost_feat
PEAR_WILLIAMS,GREENACRES,NL-NH,2026-02-09,2026-02-15,Weekly,,KG,3.24,3.24,566.0795288085938,xgboost_feat
PEAR_WILLIAMS,GREENACRES,NL-NH,2026-02-16,2026-02-22,Weekly,,KG,3.24,3.24,593.7821044921875,xgboost_feat
PEAR_WILLIAMS,GREENACRES,NL-NH,2026-02-23,2026-03-01,Weekly,,KG,3.24,3.24,616.4760131835938,xgboost_feat
PEAR_WILLIAMS,GREENACRES,NL-NH,2026-03-02,2026-03-08,Weekly,,KG,3.24,3.24,633.1226806640625,xgboost_feat
PEAR_WILLIAMS,GREENACRES,NL-NH,2026-03-09,2026-03-15,Weekly,,KG,3.24,3.24,624.0420532226562,xgboost_feat
PEAR_WILLIAMS,GREENACRES,NL-NH,2026-03-16,2026-03-22,Weekly,,KG,3.24,3.24,606.021240234375,xgboost_feat
PEAR_WILLIAMS,GREENACRES,NL-NH,2026-03-23,2026-03-29,Weekly,,KG,3.24,3.24,611.9360961914062,xgboost_feat
PEAR_WILLIAMS,GREENACRES,NL-NH,2026-03-30,2026-04-05,Weekly,,KG,3.24,3.24,610.9163208007812,xgboost_feat
PEAR_WILLIAMS,GREENACRES,NL-NH,2026-04-06,2026-04-12,Weekly,,KG,3.24,3.24,602.8768310546875,xgboost_feat
PEAR_WILLIAMS,GREENACRES,NL-NH,2026-04-13,2026-04-19,Weekly,,KG,3.24,3.24,561.6744995117188,xgboost_feat
PEAR_WILLIAMS,GREENACRES,NL-NH,2026-04-20,2026-04-26,Weekly,,KG,3.24,3.24,603.3143920898438,xgboost_feat
PEAR_WILLIAMS,GREENACRES,NL-NH,2026-04-27,2026-05-03,Weekly,,KG,3.24,3.24,588.3935546875,xgboost_feat
PEAR_WILLIAMS,GREENACRES,NL-ZH,2026-02-02,2026-02-08,Weekly,,KG,3.343,3.343,581.8500366210938,xgboost_feat
PEAR_WILLIAMS,GREENACRES,NL-ZH,2026-02-09,2026-02-15,Weekly,,KG,3.343,3.343,594.8853759765625,xgboost_feat
PEAR_WILLIAMS,GREENACRES,NL-ZH,2026-02-16,2026-02-22,Weekly,,KG,3.343,3.343,592.4771728515625,xgboost_feat
PEAR_WILLIAMS,GREENACRES,NL-ZH,2026-02-23,2026-03-01,Weekly,,KG,3.343,3.343,597.110107421875,xgboost_feat
PEAR_WILLIAMS,GREENACRES,NL-ZH,2026-03-02,2026-03-08,Weekly,,KG,3.343,3.343,617.7596435546875,xgboost_feat
PEAR_WILLIAMS,GREENACRES,NL-ZH,2026-03-09,2026-03-15,Weekly,,KG,3.343,3.343,620.15869140625,xgboost_feat
PEAR_WILLIAMS,GREENACRES,NL-ZH,2026-03-16,2026-03-22,Weekly,,KG,3.343,3.343,606.10205078125,xgboost_feat
PEAR_WILLIAMS,GREENACRES,NL-ZH,2026-03-23,2026-03-29,Weekly,,KG,3.343,3.343,613.713134765625,xgboost_feat
PEAR_WILLIAMS,GREENACRES,NL-ZH,2026-03-30,2026-04-05,Weekly,,KG,3.343,3.343,624.3910522460938,xgboost_feat
PEAR_WILLIAMS,GREENACRES,NL-ZH,2026-04-06,2026-04-12,Weekly,,KG,3.343,3.343,604.8597412109375,xgboost_feat
PEAR_WILLIAMS,GREENACRES,NL-ZH,2026-04-13,2026-04-19,Weekly,,KG,3.343,3.343,584.89697265625,xgboost_feat
PEAR_WILLIAMS,GREENACRES,NL-ZH,2026-04-20,2026-04-26,Weekly,,KG,3.343,3.343,596.2806396484375,xgboost_feat
PEAR_WILLIAMS,GREENACRES,NL-ZH,2026-04-27,2026-05-03,Weekly,,KG,3.343,3.343,593.4140625,xgboost_feat
PEAR_WILLIAMS,HELLOFRESH,NL-GE,2026-02-02,2026-02-08,Weekly,,KG,2.962,2.962,587.2239990234375,xgboost_feat
PEAR_WILLIAMS,HELLOFRESH,NL-GE,2026-02-09,2026-02-15,Weekly,,KG,2.962,2.962,595.231689453125,xgboost_feat
PEAR_WILLIAMS,HELLOFRESH,NL-GE,2026-02-16,2026-02-22,Weekly,,KG,2.962,2.962,594.9380493164062,xgboost_feat
PEAR_WILLIAMS,HELLOFRESH,NL-GE,2026-02-23,2026-03-01,Weekly,,KG,2.962,2.962,599.7219848632812,xgboost_feat
PEAR_WILLIAMS,HELLOFRESH,NL-GE,2026-03-02,2026-03-08,Weekly,,KG,2.962,2.962,617.9116821289062,xgboost_feat
PEAR_WILLIAMS,HELLOFRESH,NL-GE,2026-03-09,2026-03-15,Weekly,,KG,2.962,2.962,643.7915649414062,xgboost_feat
PEAR_WILLIAMS,HELLOFRESH,NL-GE,2026-03-16,2026-03-22,Weekly,,KG,2.962,2.962,598.6749877929688,xgboost_feat
PEAR_WILLIAMS,HELLOFRESH,NL-GE,2026-03-23,2026-03-29,Weekly,,KG,2.962,2.962,603.2304077148438,xgboost_feat
PEAR_WILLIAMS,HELLOFRESH,NL-GE,2026-03-30,2026-04-05,Weekly,,KG,2.962,2.962,613.461669921875,xgboost_feat
PEAR_WILLIAMS,HELLOFRESH,NL-GE,2026-04-06,2026-04-12,Weekly,,KG,2.962,2.962,612.275634765625,xgboost_feat
PEAR_WILLIAMS,HELLOFRESH,NL-GE,2026-04-13,2026-04-19,Weekly,,KG,2.962,2.962,580.9923706054688,xgboost_feat
PEAR_WILLIAMS,HELLOFRESH,NL-GE,2026-04-20,2026-04-26,Weekly,,KG,2.962,2.962,600.6190185546875,xgboost_feat
PEAR_WILLIAMS,HELLOFRESH,NL-GE,2026-04-27,2026-05-03,Weekly,,KG,2.962,2.962,592.6035766601562,xgboost_feat
PEAR_WILLIAMS,HELLOFRESH,NL-NB,2026-02-02,2026-02-08,Weekly,,KG,3.155,3.155,596.4776000976562,xgboost_feat
PEAR_WILLIAMS,HELLOFRESH,NL-NB,2026-02-09,2026-02-15,Weekly,,KG,3.155,3.155,601.6217041015625,xgboost_feat
PEAR_WILLIAMS,HELLOFRESH,NL-NB,2026-02-16,2026-02-22,Weekly,,KG,3.155,3.155,620.233642578125,xgboost_feat
PEAR_WILLIAMS,HELLOFRESH,NL-NB,2026-02-23,2026-03-01,Weekly,,KG,3.155,3.155,614.3783569335938,xgboost_feat
PEAR_WILLIAMS,HELLOFRESH,NL-NB,2026-03-02,2026-03-08,Weekly,,KG,3.155,3.155,626.1813354492188,xgboost_feat
PEAR_WILLIAMS,HELLOFRESH,NL-NB,2026-03-09,2026-03-15,Weekly,,KG,3.155,3.155,622.5957641601562,xgboost_feat
PEAR_WILLIAMS,HELLOFRESH,NL-NB,2026-03-16,2026-03-22,Weekly,,KG,3.155,3.155,604.629638671875,xgboost_feat
PEAR_WILLIAMS,HELLOFRESH,NL-NB,2026-03-23,2026-03-29,Weekly,,KG,3.155,3.155,604.8917236328125,xgboost_feat
PEAR_WILLIAMS,HELLOFRESH,NL-NB,2026-03-30,2026-04-05,Weekly,,KG,3.155,3.155,631.4196166992188,xgboost_feat
PEAR_WILLIAMS,HELLOFRESH,NL-NB,2026-04-06,2026-04-12,Weekly,,KG,3.155,3.155,608.1527709960938,xgboost_feat
PEAR_WILLIAMS,HELLOFRESH,NL-NB,2026-04-13,2026-04-19,Weekly,,KG,3.155,3.155,573.2423706054688,xgboost_feat
PEAR_WILLIAMS,HELLOFRESH,NL-NB,2026-04-20,2026-04-26,Weekly,,KG,3.155,3.155,599.487060546875,xgboost_feat
PEAR_WILLIAMS,HELLOFRESH,NL-NB,2026-04-27,2026-05-03,Weekly,,KG,3.155,3.155,586.7328491210938,xgboost_feat
PEAR_WILLIAMS,HELLOFRESH,NL-NH,2026-02-02,2026-02-08,Weekly,,KG,3.064,3.064,589.1643676757812,xgboost_feat
PEAR_WILLIAMS,HELLOFRESH,NL-NH,2026-02-09,2026-02-15,Weekly,,KG,3.064,3.064,564.7689208984375,xgboost_feat
PEAR_WILLIAMS,HELLOFRESH,NL-NH,2026-02-16,2026-02-22,Weekly,,KG,3.064,3.064,593.66162109375,xgboost_feat
PEAR_WILLIAMS,HELLOFRESH,NL-NH,2026-02-23,2026-03-01,Weekly,,KG,3.064,3.064,616.0794067382812,xgboost_feat
PEAR_WILLIAMS,HELLOFRESH,NL-NH,2026-03-02,2026-03-08,Weekly,,KG,3.064,3.064,634.347412109375,xgboost_feat
PEAR_WILLIAMS,HELLOFRESH,NL-NH,2026-03-09,2026-03-15,Weekly,,KG,3.064,3.064,623.9893798828125,xgboost_feat
PEAR_WILLIAMS,HELLOFRESH,NL-NH,2026-03-16,2026-03-22,Weekly,,KG,3.064,3.064,606.021240234375,xgboost_feat
PEAR_WILLIAMS,HELLOFRESH,NL-NH,2026-03-23,2026-03-29,Weekly,,KG,3.064,3.064,611.9360961914062,xgboost_feat
PEAR_WILLIAMS,HELLOFRESH,NL-NH,2026-03-30,2026-04-05,Weekly,,KG,3.064,3.064,611.0276489257812,xgboost_feat
PEAR_WILLIAMS,HELLOFRESH,NL-NH,2026-04-06,2026-04-12,Weekly,,KG,3.064,3.064,602.88232421875,xgboost_feat
PEAR_WILLIAMS,HELLOFRESH,NL-NH,2026-04-13,2026-04-19,Weekly,,KG,3.064,3.064,561.6744995117188,xgboost_feat
PEAR_WILLIAMS,HELLOFRESH,NL-NH,2026-04-20,2026-04-26,Weekly,,KG,3.064,3.064,603.913818359375,xgboost_feat
PEAR_WILLIAMS,HELLOFRESH,NL-NH,2026-04-27,2026-05-03,Weekly,,KG,3.064,3.064,588.271728515625,xgboost_feat
PEAR_WILLIAMS,HELLOFRESH,NL-ZH,2026-02-02,2026-02-08,Weekly,,KG,3.44,3.44,589.7276611328125,xgboost_feat
PEAR_WILLIAMS,HELLOFRESH,NL-ZH,2026-02-09,2026-02-15,Weekly,,KG,3.44,3.44,594.5864868164062,xgboost_feat
PEAR_WILLIAMS,HELLOFRESH,NL-ZH,2026-02-16,2026-02-22,Weekly,,KG,3.44,3.44,592.37890625,xgboost_feat
PEAR_WILLIAMS,HELLOFRESH,NL-ZH,2026-02-23,2026-03-01,Weekly,,KG,3.44,3.44,597.7857666015625,xgboost_feat
PEAR_WILLIAMS,HELLOFRESH,NL-ZH,2026-03-02,2026-03-08,Weekly,,KG,3.44,3.44,616.4762573242188,xgboost_feat
PEAR_WILLIAMS,HELLOFRESH,NL-ZH,2026-03-09,2026-03-15,Weekly,,KG,3.44,3.44,620.15869140625,xgboost_feat
PEAR_WILLIAMS,HELLOFRESH,NL-ZH,2026-03-16,2026-03-22,Weekly,,KG,3.44,3.44,606.10205078125,xgboost_feat
PEAR_WILLIAMS,HELLOFRESH,NL-ZH,2026-03-23,2026-03-29,Weekly,,KG,3.44,3.44,613.713134765625,xgboost_feat
PEAR_WILLIAMS,HELLOFRESH,NL-ZH,2026-03-30,2026-04-05,Weekly,,KG,3.44,3.44,624.3910522460938,xgboost_feat
PEAR_WILLIAMS,HELLOFRESH,NL-ZH,2026-04-06,2026-04-12,Weekly,,KG,3.44,3.44,604.8597412109375,xgboost_feat
PEAR_WILLIAMS,HELLOFRESH,NL-ZH,2026-04-13,2026-04-19,Weekly,,KG,3.44,3.44,584.5384521484375,xgboost_feat
PEAR_WILLIAMS,HELLOFRESH,NL-ZH,2026-04-20,2026-04-26,Weekly,,KG,3.44,3.44,596.4376220703125,xgboost_feat
PEAR_WILLIAMS,HELLOFRESH,NL-ZH,2026-04-27,2026-05-03,Weekly,,KG,3.44,3.44,593.34033203125,xgboost_feat
PEAR_WILLIAMS,HOLLANDFOODSERVICE,NL-GE,2026-02-02,2026-02-08,Weekly,,KG,2.989,2.989,587.2239990234375,xgboost_feat
PEAR_WILLIAMS,HOLLANDFOODSERVICE,NL-GE,2026-02-09,2026-02-15,Weekly,,KG,2.989,2.989,596.4420776367188,xgboost_feat
PEAR_WILLIAMS,HOLLANDFOODSERVICE,NL-GE,2026-02-16,2026-02-22,Weekly,,KG,2.989,2.989,594.9380493164062,xgboost_feat
PEAR_WILLIAMS,HOLLANDFOODSERVICE,NL-GE,2026-02-23,2026-03-01,Weekly,,KG,2.989,2.989,599.0343627929688,xgboost_feat
PEAR_WILLIAMS,HOLLANDFOODSERVICE,NL-GE,2026-03-02,2026-03-08,Weekly,,KG,2.989,2.989,617.9116821289062,xgboost_feat
PEAR_WILLIAMS,HOLLANDFOODSERVICE,NL-GE,2026-03-09,2026-03-15,Weekly,,KG,2.989,2.989,643.7915649414062,xgboost_feat
PEAR_WILLIAMS,HOLLANDFOODSERVICE,NL-GE,2026-03-16,2026-03-22,Weekly,,KG,2.989,2.989,598.6749877929688,xgboost_feat
PEAR_WILLIAMS,HOLLANDFOODSERVICE,NL-GE,2026-03-23,2026-03-29,Weekly,,KG,2.989,2.989,603.2304077148438,xgboost_feat
PEAR_WILLIAMS,HOLLANDFOODSERVICE,NL-GE,2026-03-30,2026-04-05,Weekly,,KG,2.989,2.989,613.461669921875,xgboost_feat
PEAR_WILLIAMS,HOLLANDFOODSERVICE,NL-GE,2026-04-06,2026-04-12,Weekly,,KG,2.989,2.989,612.275634765625,xgboost_feat
PEAR_WILLIAMS,HOLLANDFOODSERVICE,NL-GE,2026-04-13,2026-04-19,Weekly,,KG,2.989,2.989,580.9923706054688,xgboost_feat
PEAR_WILLIAMS,HOLLANDFOODSERVICE,NL-GE,2026-04-20,2026-04-26,Weekly,,KG,2.989,2.989,600.018798828125,xgboost_feat
PEAR_WILLIAMS,HOLLANDFOODSERVICE,NL-GE,2026-04-27,2026-05-03,Weekly,,KG,2.989,2.989,592.9415893554688,xgboost_feat
PEAR_WILLIAMS,HOLLANDFOODSERVICE,NL-NB,2026-02-02,2026-02-08,Weekly,,KG,3.156,3.156,589.5361938476562,xgboost_feat
PEAR_WILLIAMS,HOLLANDFOODSERVICE,NL-NB,2026-02-09,2026-02-15,Weekly,,KG,3.156,3.156,601.9801635742188,xgboost_feat
PEAR_WILLIAMS,HOLLANDFOODSERVICE,NL-NB,2026-02-16,2026-02-22,Weekly,,KG,3.156,3.156,620.23095703125,xgboost_feat
PEAR_WILLIAMS,HOLLANDFOODSERVICE,NL-NB,2026-02-23,2026-03-01,Weekly,,KG,3.156,3.156,614.3783569335938,xgboost_feat
PEAR_WILLIAMS,HOLLANDFOODSERVICE,NL-NB,2026-03-02,2026-03-08,Weekly,,KG,3.156,3.156,626.1813354492188,xgboost_feat
PEAR_WILLIAMS,HOLLANDFOODSERVICE,NL-NB,2026-03-09,2026-03-15,Weekly,,KG,3.156,3.156,623.7756958007812,xgboost_feat
PEAR_WILLIAMS,HOLLANDFOODSERVICE,NL-NB,2026-03-16,2026-03-22,Weekly,,KG,3.156,3.156,605.764404296875,xgboost_feat
PEAR_WILLIAMS,HOLLANDFOODSERVICE,NL-NB,2026-03-23,2026-03-29,Weekly,,KG,3.156,3.156,609.1239013671875,xgboost_feat
PEAR_WILLIAMS,HOLLANDFOODSERVICE,NL-NB,2026-03-30,2026-04-05,Weekly,,KG,3.156,3.156,631.6290893554688,xgboost_feat
PEAR_WILLIAMS,HOLLANDFOODSERVICE,NL-NB,2026-04-06,2026-04-12,Weekly,,KG,3.156,3.156,607.9457397460938,xgboost_feat
PEAR_WILLIAMS,HOLLANDFOODSERVICE,NL-NB,2026-04-13,2026-04-19,Weekly,,KG,3.156,3.156,573.2418823242188,xgboost_feat
PEAR_WILLIAMS,HOLLANDFOODSERVICE,NL-NB,2026-04-20,2026-04-26,Weekly,,KG,3.156,3.156,599.567626953125,xgboost_feat
PEAR_WILLIAMS,HOLLANDFOODSERVICE,NL-NB,2026-04-27,2026-05-03,Weekly,,KG,3.156,3.156,586.8276977539062,xgboost_feat
PEAR_WILLIAMS,HOLLANDFOODSERVICE,NL-NH,2026-02-02,2026-02-08,Weekly,,KG,3.192,3.192,587.896484375,xgboost_feat
PEAR_WILLIAMS,HOLLANDFOODSERVICE,NL-NH,2026-02-09,2026-02-15,Weekly,,KG,3.192,3.192,565.9647216796875,xgboost_feat
PEAR_WILLIAMS,HOLLANDFOODSERVICE,NL-NH,2026-02-16,2026-02-22,Weekly,,KG,3.192,3.192,593.7598876953125,xgboost_feat
PEAR_WILLIAMS,HOLLANDFOODSERVICE,NL-NH,2026-02-23,2026-03-01,Weekly,,KG,3.192,3.192,616.1056518554688,xgboost_feat
PEAR_WILLIAMS,HOLLANDFOODSERVICE,NL-NH,2026-03-02,2026-03-08,Weekly,,KG,3.192,3.192,634.347412109375,xgboost_feat
PEAR_WILLIAMS,HOLLANDFOODSERVICE,NL-NH,2026-03-09,2026-03-15,Weekly,,KG,3.192,3.192,623.9893798828125,xgboost_feat
PEAR_WILLIAMS,HOLLANDFOODSERVICE,NL-NH,2026-03-16,2026-03-22,Weekly,,KG,3.192,3.192,606.021240234375,xgboost_feat
PEAR_WILLIAMS,HOLLANDFOODSERVICE,NL-NH,2026-03-23,2026-03-29,Weekly,,KG,3.192,3.192,611.9360961914062,xgboost_feat
PEAR_WILLIAMS,HOLLANDFOODSERVICE,NL-NH,2026-03-30,2026-04-05,Weekly,,KG,3.192,3.192,611.0276489257812,xgboost_feat
PEAR_WILLIAMS,HOLLANDFOODSERVICE,NL-NH,2026-04-06,2026-04-12,Weekly,,KG,3.192,3.192,602.88232421875,xgboost_feat
PEAR_WILLIAMS,HOLLANDFOODSERVICE,NL-NH,2026-04-13,2026-04-19,Weekly,,KG,3.192,3.192,561.6744995117188,xgboost_feat
PEAR_WILLIAMS,HOLLANDFOODSERVICE,NL-NH,2026-04-20,2026-04-26,Weekly,,KG,3.192,3.192,603.451416015625,xgboost_feat
PEAR_WILLIAMS,HOLLANDFOODSERVICE,NL-NH,2026-04-27,2026-05-03,Weekly,,KG,3.192,3.192,588.343505859375,xgboost_feat
PEAR_WILLIAMS,HOLLANDFOODSERVICE,NL-ZH,2026-02-02,2026-02-08,Weekly,,KG,3.245,3.245,587.601806640625,xgboost_feat
PEAR_WILLIAMS,HOLLANDFOODSERVICE,NL-ZH,2026-02-09,2026-02-15,Weekly,,KG,3.245,3.245,596.068115234375,xgboost_feat
PEAR_WILLIAMS,HOLLANDFOODSERVICE,NL-ZH,2026-02-16,2026-02-22,Weekly,,KG,3.245,3.245,592.4771728515625,xgboost_feat
PEAR_WILLIAMS,HOLLANDFOODSERVICE,NL-ZH,2026-02-23,2026-03-01,Weekly,,KG,3.245,3.245,597.110107421875,xgboost_feat
PEAR_WILLIAMS,HOLLANDFOODSERVICE,NL-ZH,2026-03-02,2026-03-08,Weekly,,KG,3.245,3.245,617.7034912109375,xgboost_feat
PEAR_WILLIAMS,HOLLANDFOODSERVICE,NL-ZH,2026-03-09,2026-03-15,Weekly,,KG,3.245,3.245,620.15869140625,xgboost_feat
PEAR_WILLIAMS,HOLLANDFOODSERVICE,NL-ZH,2026-03-16,2026-03-22,Weekly,,KG,3.245,3.245,606.10205078125,xgboost_feat
PEAR_WILLIAMS,HOLLANDFOODSERVICE,NL-ZH,2026-03-23,2026-03-29,Weekly,,KG,3.245,3.245,613.713134765625,xgboost_feat
PEAR_WILLIAMS,HOLLANDFOODSERVICE,NL-ZH,2026-03-30,2026-04-05,Weekly,,KG,3.245,3.245,624.3910522460938,xgboost_feat
PEAR_WILLIAMS,HOLLANDFOODSERVICE,NL-ZH,2026-04-06,2026-04-12,Weekly,,KG,3.245,3.245,604.8597412109375,xgboost_feat
PEAR_WILLIAMS,HOLLANDFOODSERVICE,NL-ZH,2026-04-13,2026-04-19,Weekly,,KG,3.245,3.245,584.5379638671875,xgboost_feat
PEAR_WILLIAMS,HOLLANDFOODSERVICE,NL-ZH,2026-04-20,2026-04-26,Weekly,,KG,3.245,3.245,596.2969970703125,xgboost_feat
PEAR_WILLIAMS,HOLLANDFOODSERVICE,NL-ZH,2026-04-27,2026-05-03,Weekly,,KG,3.245,3.245,593.4140625,xgboost_feat
PEAR_WILLIAMS,JUMBO,NL-GE,2026-02-02,2026-02-08,Weekly,,KG,3.081,3.081,594.3831787109375,xgboost_feat
PEAR_WILLIAMS,JUMBO,NL-GE,2026-02-09,2026-02-15,Weekly,,KG,3.081,3.081,591.1286010742188,xgboost_feat
PEAR_WILLIAMS,JUMBO,NL-GE,2026-02-16,2026-02-22,Weekly,,KG,3.081,3.081,595.57470703125,xgboost_feat
PEAR_WILLIAMS,JUMBO,NL-GE,2026-02-23,2026-03-01,Weekly,,KG,3.081,3.081,600.9010620117188,xgboost_feat
PEAR_WILLIAMS,JUMBO,NL-GE,2026-03-02,2026-03-08,Weekly,,KG,3.081,3.081,622.0004272460938,xgboost_feat
PEAR_WILLIAMS,JUMBO,NL-GE,2026-03-09,2026-03-15,Weekly,,KG,3.081,3.081,647.9906616210938,xgboost_feat
PEAR_WILLIAMS,JUMBO,NL-GE,2026-03-16,2026-03-22,Weekly,,KG,3.081,3.081,598.21826171875,xgboost_feat
PEAR_WILLIAMS,JUMBO,NL-GE,2026-03-23,2026-03-29,Weekly,,KG,3.081,3.081,602.6746826171875,xgboost_feat
PEAR_WILLIAMS,JUMBO,NL-GE,2026-03-30,2026-04-05,Weekly,,KG,3.081,3.081,612.1431884765625,xgboost_feat
PEAR_WILLIAMS,JUMBO,NL-GE,2026-04-06,2026-04-12,Weekly,,KG,3.081,3.081,609.6954345703125,xgboost_feat
PEAR_WILLIAMS,JUMBO,NL-GE,2026-04-13,2026-04-19,Weekly,,KG,3.081,3.081,581.5302124023438,xgboost_feat
PEAR_WILLIAMS,JUMBO,NL-GE,2026-04-20,2026-04-26,Weekly,,KG,3.081,3.081,600.6797485351562,xgboost_feat
PEAR_WILLIAMS,JUMBO,NL-GE,2026-04-27,2026-05-03,Weekly,,KG,3.081,3.081,589.8262329101562,xgboost_feat
PEAR_WILLIAMS,JUMBO,NL-NB,2026-02-02,2026-02-08,Weekly,,KG,3.058,3.058,588.833251953125,xgboost_feat
PEAR_WILLIAMS,JUMBO,NL-NB,2026-02-09,2026-02-15,Weekly,,KG,3.058,3.058,592.6484375,xgboost_feat
PEAR_WILLIAMS,JUMBO,NL-NB,2026-02-16,2026-02-22,Weekly,,KG,3.058,3.058,612.654296875,xgboost_feat
PEAR_WILLIAMS,JUMBO,NL-NB,2026-02-23,2026-03-01,Weekly,,KG,3.058,3.058,603.4765625,xgboost_feat
PEAR_WILLIAMS,JUMBO,NL-NB,2026-03-02,2026-03-08,Weekly,,KG,3.058,3.058,618.22216796875,xgboost_feat
PEAR_WILLIAMS,JUMBO,NL-NB,2026-03-09,2026-03-15,Weekly,,KG,3.058,3.058,617.01953125,xgboost_feat
PEAR_WILLIAMS,JUMBO,NL-NB,2026-03-16,2026-03-22,Weekly,,KG,3.058,3.058,605.96142578125,xgboost_feat
PEAR_WILLIAMS,JUMBO,NL-NB,2026-03-23,2026-03-29,Weekly,,KG,3.058,3.058,607.0708618164062,xgboost_feat
PEAR_WILLIAMS,JUMBO,NL-NB,2026-03-30,2026-04-05,Weekly,,KG,3.058,3.058,630.4549560546875,xgboost_feat
PEAR_WILLIAMS,JUMBO,NL-NB,2026-04-06,2026-04-12,Weekly,,KG,3.058,3.058,598.224365234375,xgboost_feat
PEAR_WILLIAMS,JUMBO,NL-NB,2026-04-13,2026-04-19,Weekly,,KG,3.058,3.058,556.70703125,xgboost_feat
PEAR_WILLIAMS,JUMBO,NL-NB,2026-04-20,2026-04-26,Weekly,,KG,3.058,3.058,586.5875854492188,xgboost_feat
PEAR_WILLIAMS,JUMBO,NL-NB,2026-04-27,2026-05-03,Weekly,,KG,3.058,3.058,572.078857421875,xgboost_feat
PEAR_WILLIAMS,JUMBO,NL-NH,2026-02-02,2026-02-08,Weekly,,KG,3.304,3.304,595.4635009765625,xgboost_feat
PEAR_WILLIAMS,JUMBO,NL-NH,2026-02-09,2026-02-15,Weekly,,KG,3.304,3.304,560.7411499023438,xgboost_feat
PEAR_WILLIAMS,JUMBO,NL-NH,2026-02-16,2026-02-22,Weekly,,KG,3.304,3.304,591.6470336914062,xgboost_feat
PEAR_WILLIAMS,JUMBO,NL-NH,2026-02-23,2026-03-01,Weekly,,KG,3.304,3.304,620.427734375,xgboost_feat
PEAR_WILLIAMS,JUMBO,NL-NH,2026-03-02,2026-03-08,Weekly,,KG,3.304,3.304,637.7892456054688,xgboost_feat
PEAR_WILLIAMS,JUMBO,NL-NH,2026-03-09,2026-03-15,Weekly,,KG,3.304,3.304,624.5028686523438,xgboost_feat
PEAR_WILLIAMS,JUMBO,NL-NH,2026-03-16,2026-03-22,Weekly,,KG,3.304,3.304,605.142578125,xgboost_feat
PEAR_WILLIAMS,JUMBO,NL-NH,2026-03-23,2026-03-29,Weekly,,KG,3.304,3.304,608.0316162109375,xgboost_feat
PEAR_WILLIAMS,JUMBO,NL-NH,2026-03-30,2026-04-05,Weekly,,KG,3.304,3.304,611.1328125,xgboost_feat
PEAR_WILLIAMS,JUMBO,NL-NH,2026-04-06,2026-04-12,Weekly,,KG,3.304,3.304,602.6607055664062,xgboost_feat
PEAR_WILLIAMS,JUMBO,NL-NH,2026-04-13,2026-04-19,Weekly,,KG,3.304,3.304,559.259033203125,xgboost_feat
PEAR_WILLIAMS,JUMBO,NL-NH,2026-04-20,2026-04-26,Weekly,,KG,3.304,3.304,595.971435546875,xgboost_feat
PEAR_WILLIAMS,JUMBO,NL-NH,2026-04-27,2026-05-03,Weekly,,KG,3.304,3.304,580.992431640625,xgboost_feat
PEAR_WILLIAMS,JUMBO,NL-ZH,2026-02-02,2026-02-08,Weekly,,KG,3.383,3.383,581.462158203125,xgboost_feat
PEAR_WILLIAMS,JUMBO,NL-ZH,2026-02-09,2026-02-15,Weekly,,KG,3.383,3.383,591.0984497070312,xgboost_feat
PEAR_WILLIAMS,JUMBO,NL-ZH,2026-02-16,2026-02-22,Weekly,,KG,3.383,3.383,586.778564453125,xgboost_feat
PEAR_WILLIAMS,JUMBO,NL-ZH,2026-02-23,2026-03-01,Weekly,,KG,3.383,3.383,595.7596435546875,xgboost_feat
PEAR_WILLIAMS,JUMBO,NL-ZH,2026-03-02,2026-03-08,Weekly,,KG,3.383,3.383,620.8306884765625,xgboost_feat
PEAR_WILLIAMS,JUMBO,NL-ZH,2026-03-09,2026-03-15,Weekly,,KG,3.383,3.383,618.1392211914062,xgboost_feat
PEAR_WILLIAMS,JUMBO,NL-ZH,2026-03-16,2026-03-22,Weekly,,KG,3.383,3.383,608.218505859375,xgboost_feat
PEAR_WILLIAMS,JUMBO,NL-ZH,2026-03-23,2026-03-29,Weekly,,KG,3.383,3.383,607.0297241210938,xgboost_feat
PEAR_WILLIAMS,JUMBO,NL-ZH,2026-03-30,2026-04-05,Weekly,,KG,3.383,3.383,620.7300415039062,xgboost_feat
PEAR_WILLIAMS,JUMBO,NL-ZH,2026-04-06,2026-04-12,Weekly,,KG,3.383,3.383,601.144287109375,xgboost_feat
PEAR_WILLIAMS,JUMBO,NL-ZH,2026-04-13,2026-04-19,Weekly,,KG,3.383,3.383,581.6668701171875,xgboost_feat
PEAR_WILLIAMS,JUMBO,NL-ZH,2026-04-20,2026-04-26,Weekly,,KG,3.383,3.383,594.6834106445312,xgboost_feat
PEAR_WILLIAMS,JUMBO,NL-ZH,2026-04-27,2026-05-03,Weekly,,KG,3.383,3.383,590.9563598632812,xgboost_feat
PEAR_WILLIAMS,MELEDI,NL-GE,2026-02-02,2026-02-08,Weekly,,KG,3.132,3.132,589.5201416015625,xgboost_feat
PEAR_WILLIAMS,MELEDI,NL-GE,2026-02-09,2026-02-15,Weekly,,KG,3.132,3.132,596.0526123046875,xgboost_feat
PEAR_WILLIAMS,MELEDI,NL-GE,2026-02-16,2026-02-22,Weekly,,KG,3.132,3.132,594.9380493164062,xgboost_feat
PEAR_WILLIAMS,MELEDI,NL-GE,2026-02-23,2026-03-01,Weekly,,KG,3.132,3.132,599.8506469726562,xgboost_feat
PEAR_WILLIAMS,MELEDI,NL-GE,2026-03-02,2026-03-08,Weekly,,KG,3.132,3.132,616.6844482421875,xgboost_feat
PEAR_WILLIAMS,MELEDI,NL-GE,2026-03-09,2026-03-15,Weekly,,KG,3.132,3.132,643.7915649414062,xgboost_feat
PEAR_WILLIAMS,MELEDI,NL-GE,2026-03-16,2026-03-22,Weekly,,KG,3.132,3.132,598.6749877929688,xgboost_feat
PEAR_WILLIAMS,MELEDI,NL-GE,2026-03-23,2026-03-29,Weekly,,KG,3.132,3.132,603.2304077148438,xgboost_feat
PEAR_WILLIAMS,MELEDI,NL-GE,2026-03-30,2026-04-05,Weekly,,KG,3.132,3.132,613.461669921875,xgboost_feat
PEAR_WILLIAMS,MELEDI,NL-GE,2026-04-06,2026-04-12,Weekly,,KG,3.132,3.132,612.275634765625,xgboost_feat
PEAR_WILLIAMS,MELEDI,NL-GE,2026-04-13,2026-04-19,Weekly,,KG,3.132,3.132,580.9923706054688,xgboost_feat
PEAR_WILLIAMS,MELEDI,NL-GE,2026-04-20,2026-04-26,Weekly,,KG,3.132,3.132,600.018798828125,xgboost_feat
PEAR_WILLIAMS,MELEDI,NL-GE,2026-04-27,2026-05-03,Weekly,,KG,3.132,3.132,592.7439575195312,xgboost_feat
PEAR_WILLIAMS,MELEDI,NL-NB,2026-02-02,2026-02-08,Weekly,,KG,3.032,3.032,592.9201049804688,xgboost_feat
PEAR_WILLIAMS,MELEDI,NL-NB,2026-02-09,2026-02-15,Weekly,,KG,3.032,3.032,601.9801635742188,xgboost_feat
PEAR_WILLIAMS,MELEDI,NL-NB,2026-02-16,2026-02-22,Weekly,,KG,3.032,3.032,620.23095703125,xgboost_feat
PEAR_WILLIAMS,MELEDI,NL-NB,2026-02-23,2026-03-01,Weekly,,KG,3.032,3.032,614.3783569335938,xgboost_feat
PEAR_WILLIAMS,MELEDI,NL-NB,2026-03-02,2026-03-08,Weekly,,KG,3.032,3.032,626.1813354492188,xgboost_feat
PEAR_WILLIAMS,MELEDI,NL-NB,2026-03-09,2026-03-15,Weekly,,KG,3.032,3.032,623.7756958007812,xgboost_feat
PEAR_WILLIAMS,MELEDI,NL-NB,2026-03-16,2026-03-22,Weekly,,KG,3.032,3.032,605.764404296875,xgboost_feat
PEAR_WILLIAMS,MELEDI,NL-NB,2026-03-23,2026-03-29,Weekly,,KG,3.032,3.032,609.1239013671875,xgboost_feat
PEAR_WILLIAMS,MELEDI,NL-NB,2026-03-30,2026-04-05,Weekly,,KG,3.032,3.032,631.6290893554688,xgboost_feat
PEAR_WILLIAMS,MELEDI,NL-NB,2026-04-06,2026-04-12,Weekly,,KG,3.032,3.032,607.9457397460938,xgboost_feat
PEAR_WILLIAMS,MELEDI,NL-NB,2026-04-13,2026-04-19,Weekly,,KG,3.032,3.032,573.2418823242188,xgboost_feat
PEAR_WILLIAMS,MELEDI,NL-NB,2026-04-20,2026-04-26,Weekly,,KG,3.032,3.032,599.436279296875,xgboost_feat
PEAR_WILLIAMS,MELEDI,NL-NB,2026-04-27,2026-05-03,Weekly,,KG,3.032,3.032,587.0394897460938,xgboost_feat
PEAR_WILLIAMS,MELEDI,NL-NH,2026-02-02,2026-02-08,Weekly,,KG,3.113,3.113,592.4279174804688,xgboost_feat
PEAR_WILLIAMS,MELEDI,NL-NH,2026-02-09,2026-02-15,Weekly,,KG,3.113,3.113,563.3983764648438,xgboost_feat
PEAR_WILLIAMS,MELEDI,NL-NH,2026-02-16,2026-02-22,Weekly,,KG,3.113,3.113,593.7389526367188,xgboost_feat
PEAR_WILLIAMS,MELEDI,NL-NH,2026-02-23,2026-03-01,Weekly,,KG,3.113,3.113,615.3917846679688,xgboost_feat
PEAR_WILLIAMS,MELEDI,NL-NH,2026-03-02,2026-03-08,Weekly,,KG,3.113,3.113,633.1226806640625,xgboost_feat
PEAR_WILLIAMS,MELEDI,NL-NH,2026-03-09,2026-03-15,Weekly,,KG,3.113,3.113,623.9884643554688,xgboost_feat
PEAR_WILLIAMS,MELEDI,NL-NH,2026-03-16,2026-03-22,Weekly,,KG,3.113,3.113,606.021240234375,xgboost_feat
PEAR_WILLIAMS,MELEDI,NL-NH,2026-03-23,2026-03-29,Weekly,,KG,3.113,3.113,611.9360961914062,xgboost_feat
PEAR_WILLIAMS,MELEDI,NL-NH,2026-03-30,2026-04-05,Weekly,,KG,3.113,3.113,610.9163208007812,xgboost_feat
PEAR_WILLIAMS,MELEDI,NL-NH,2026-04-06,2026-04-12,Weekly,,KG,3.113,3.113,602.8768310546875,xgboost_feat
PEAR_WILLIAMS,MELEDI,NL-NH,2026-04-13,2026-04-19,Weekly,,KG,3.113,3.113,561.6740112304688,xgboost_feat
PEAR_WILLIAMS,MELEDI,NL-NH,2026-04-20,2026-04-26,Weekly,,KG,3.113,3.113,603.4109497070312,xgboost_feat
PEAR_WILLIAMS,MELEDI,NL-NH,2026-04-27,2026-05-03,Weekly,,KG,3.113,3.113,588.2767944335938,xgboost_feat
PEAR_WILLIAMS,MELEDI,NL-ZH,2026-02-02,2026-02-08,Weekly,,KG,3.275,3.275,588.7838134765625,xgboost_feat
PEAR_WILLIAMS,MELEDI,NL-ZH,2026-02-09,2026-02-15,Weekly,,KG,3.275,3.275,591.6621704101562,xgboost_feat
PEAR_WILLIAMS,MELEDI,NL-ZH,2026-02-16,2026-02-22,Weekly,,KG,3.275,3.275,592.4564208984375,xgboost_feat
PEAR_WILLIAMS,MELEDI,NL-ZH,2026-02-23,2026-03-01,Weekly,,KG,3.275,3.275,597.110107421875,xgboost_feat
PEAR_WILLIAMS,MELEDI,NL-ZH,2026-03-02,2026-03-08,Weekly,,KG,3.275,3.275,617.7034912109375,xgboost_feat
PEAR_WILLIAMS,MELEDI,NL-ZH,2026-03-09,2026-03-15,Weekly,,KG,3.275,3.275,619.67919921875,xgboost_feat
PEAR_WILLIAMS,MELEDI,NL-ZH,2026-03-16,2026-03-22,Weekly,,KG,3.275,3.275,606.10205078125,xgboost_feat
PEAR_WILLIAMS,MELEDI,NL-ZH,2026-03-23,2026-03-29,Weekly,,KG,3.275,3.275,613.713134765625,xgboost_feat
PEAR_WILLIAMS,MELEDI,NL-ZH,2026-03-30,2026-04-05,Weekly,,KG,3.275,3.275,624.3910522460938,xgboost_feat
PEAR_WILLIAMS,MELEDI,NL-ZH,2026-04-06,2026-04-12,Weekly,,KG,3.275,3.275,604.8597412109375,xgboost_feat
PEAR_WILLIAMS,MELEDI,NL-ZH,2026-04-13,2026-04-19,Weekly,,KG,3.275,3.275,584.5379638671875,xgboost_feat
PEAR_WILLIAMS,MELEDI,NL-ZH,2026-04-20,2026-04-26,Weekly,,KG,3.275,3.275,596.2962646484375,xgboost_feat
PEAR_WILLIAMS,MELEDI,NL-ZH,2026-04-27,2026-05-03,Weekly,,KG,3.275,3.275,593.4140625,xgboost_feat
PEAR_WILLIAMS,PICNIC,NL-GE,2026-02-02,2026-02-08,Weekly,,KG,3.168,3.168,590.5020751953125,xgboost_feat
PEAR_WILLIAMS,PICNIC,NL-GE,2026-02-09,2026-02-15,Weekly,,KG,3.168,3.168,594.8394165039062,xgboost_feat
PEAR_WILLIAMS,PICNIC,NL-GE,2026-02-16,2026-02-22,Weekly,,KG,3.168,3.168,594.9380493164062,xgboost_feat
PEAR_WILLIAMS,PICNIC,NL-GE,2026-02-23,2026-03-01,Weekly,,KG,3.168,3.168,599.7518920898438,xgboost_feat
PEAR_WILLIAMS,PICNIC,NL-GE,2026-03-02,2026-03-08,Weekly,,KG,3.168,3.168,616.6844482421875,xgboost_feat
PEAR_WILLIAMS,PICNIC,NL-GE,2026-03-09,2026-03-15,Weekly,,KG,3.168,3.168,643.7915649414062,xgboost_feat
PEAR_WILLIAMS,PICNIC,NL-GE,2026-03-16,2026-03-22,Weekly,,KG,3.168,3.168,598.6749877929688,xgboost_feat
PEAR_WILLIAMS,PICNIC,NL-GE,2026-03-23,2026-03-29,Weekly,,KG,3.168,3.168,603.2304077148438,xgboost_feat
PEAR_WILLIAMS,PICNIC,NL-GE,2026-03-30,2026-04-05,Weekly,,KG,3.168,3.168,613.461669921875,xgboost_feat
PEAR_WILLIAMS,PICNIC,NL-GE,2026-04-06,2026-04-12,Weekly,,KG,3.168,3.168,612.275634765625,xgboost_feat
PEAR_WILLIAMS,PICNIC,NL-GE,2026-04-13,2026-04-19,Weekly,,KG,3.168,3.168,580.9923706054688,xgboost_feat
PEAR_WILLIAMS,PICNIC,NL-GE,2026-04-20,2026-04-26,Weekly,,KG,3.168,3.168,599.884033203125,xgboost_feat
PEAR_WILLIAMS,PICNIC,NL-GE,2026-04-27,2026-05-03,Weekly,,KG,3.168,3.168,592.6035766601562,xgboost_feat
PEAR_WILLIAMS,PICNIC,NL-NB,2026-02-02,2026-02-08,Weekly,,KG,3.112,3.112,593.215576171875,xgboost_feat
PEAR_WILLIAMS,PICNIC,NL-NB,2026-02-09,2026-02-15,Weekly,,KG,3.112,3.112,601.6253662109375,xgboost_feat
PEAR_WILLIAMS,PICNIC,NL-NB,2026-02-16,2026-02-22,Weekly,,KG,3.112,3.112,620.233642578125,xgboost_feat
PEAR_WILLIAMS,PICNIC,NL-NB,2026-02-23,2026-03-01,Weekly,,KG,3.112,3.112,615.3714599609375,xgboost_feat
PEAR_WILLIAMS,PICNIC,NL-NB,2026-03-02,2026-03-08,Weekly,,KG,3.112,3.112,626.8046264648438,xgboost_feat
PEAR_WILLIAMS,PICNIC,NL-NB,2026-03-09,2026-03-15,Weekly,,KG,3.112,3.112,622.5957641601562,xgboost_feat
PEAR_WILLIAMS,PICNIC,NL-NB,2026-03-16,2026-03-22,Weekly,,KG,3.112,3.112,605.764892578125,xgboost_feat
PEAR_WILLIAMS,PICNIC,NL-NB,2026-03-23,2026-03-29,Weekly,,KG,3.112,3.112,609.1239013671875,xgboost_feat
PEAR_WILLIAMS,PICNIC,NL-NB,2026-03-30,2026-04-05,Weekly,,KG,3.112,3.112,631.6290893554688,xgboost_feat
PEAR_WILLIAMS,PICNIC,NL-NB,2026-04-06,2026-04-12,Weekly,,KG,3.112,3.112,607.9457397460938,xgboost_feat
PEAR_WILLIAMS,PICNIC,NL-NB,2026-04-13,2026-04-19,Weekly,,KG,3.112,3.112,573.2423706054688,xgboost_feat
PEAR_WILLIAMS,PICNIC,NL-NB,2026-04-20,2026-04-26,Weekly,,KG,3.112,3.112,599.7103271484375,xgboost_feat
PEAR_WILLIAMS,PICNIC,NL-NB,2026-04-27,2026-05-03,Weekly,,KG,3.112,3.112,586.7328491210938,xgboost_feat
PEAR_WILLIAMS,PICNIC,NL-NH,2026-02-02,2026-02-08,Weekly,,KG,3.182,3.182,589.1643676757812,xgboost_feat
PEAR_WILLIAMS,PICNIC,NL-NH,2026-02-09,2026-02-15,Weekly,,KG,3.182,3.182,564.8480834960938,xgboost_feat
PEAR_WILLIAMS,PICNIC,NL-NH,2026-02-16,2026-02-22,Weekly,,KG,3.182,3.182,593.66162109375,xgboost_feat
PEAR_WILLIAMS,PICNIC,NL-NH,2026-02-23,2026-03-01,Weekly,,KG,3.182,3.182,616.0794067382812,xgboost_feat
PEAR_WILLIAMS,PICNIC,NL-NH,2026-03-02,2026-03-08,Weekly,,KG,3.182,3.182,634.347412109375,xgboost_feat
PEAR_WILLIAMS,PICNIC,NL-NH,2026-03-09,2026-03-15,Weekly,,KG,3.182,3.182,623.9893798828125,xgboost_feat
PEAR_WILLIAMS,PICNIC,NL-NH,2026-03-16,2026-03-22,Weekly,,KG,3.182,3.182,606.021240234375,xgboost_feat
PEAR_WILLIAMS,PICNIC,NL-NH,2026-03-23,2026-03-29,Weekly,,KG,3.182,3.182,611.9360961914062,xgboost_feat
PEAR_WILLIAMS,PICNIC,NL-NH,2026-03-30,2026-04-05,Weekly,,KG,3.182,3.182,611.0276489257812,xgboost_feat
PEAR_WILLIAMS,PICNIC,NL-NH,2026-04-06,2026-04-12,Weekly,,KG,3.182,3.182,602.88232421875,xgboost_feat
PEAR_WILLIAMS,PICNIC,NL-NH,2026-04-13,2026-04-19,Weekly,,KG,3.182,3.182,561.6744995117188,xgboost_feat
PEAR_WILLIAMS,PICNIC,NL-NH,2026-04-20,2026-04-26,Weekly,,KG,3.182,3.182,603.1788330078125,xgboost_feat
PEAR_WILLIAMS,PICNIC,NL-NH,2026-04-27,2026-05-03,Weekly,,KG,3.182,3.182,588.271728515625,xgboost_feat
PEAR_WILLIAMS,PICNIC,NL-ZH,2026-02-02,2026-02-08,Weekly,,KG,3.405,3.405,589.6973876953125,xgboost_feat
PEAR_WILLIAMS,PICNIC,NL-ZH,2026-02-09,2026-02-15,Weekly,,KG,3.405,3.405,594.5867919921875,xgboost_feat
PEAR_WILLIAMS,PICNIC,NL-ZH,2026-02-16,2026-02-22,Weekly,,KG,3.405,3.405,592.37890625,xgboost_feat
PEAR_WILLIAMS,PICNIC,NL-ZH,2026-02-23,2026-03-01,Weekly,,KG,3.405,3.405,597.755859375,xgboost_feat
PEAR_WILLIAMS,PICNIC,NL-ZH,2026-03-02,2026-03-08,Weekly,,KG,3.405,3.405,616.4762573242188,xgboost_feat
PEAR_WILLIAMS,PICNIC,NL-ZH,2026-03-09,2026-03-15,Weekly,,KG,3.405,3.405,620.15869140625,xgboost_feat
PEAR_WILLIAMS,PICNIC,NL-ZH,2026-03-16,2026-03-22,Weekly,,KG,3.405,3.405,606.10205078125,xgboost_feat
PEAR_WILLIAMS,PICNIC,NL-ZH,2026-03-23,2026-03-29,Weekly,,KG,3.405,3.405,613.713134765625,xgboost_feat
PEAR_WILLIAMS,PICNIC,NL-ZH,2026-03-30,2026-04-05,Weekly,,KG,3.405,3.405,624.3910522460938,xgboost_feat
PEAR_WILLIAMS,PICNIC,NL-ZH,2026-04-06,2026-04-12,Weekly,,KG,3.405,3.405,604.8597412109375,xgboost_feat
PEAR_WILLIAMS,PICNIC,NL-ZH,2026-04-13,2026-04-19,Weekly,,KG,3.405,3.405,584.5384521484375,xgboost_feat
PEAR_WILLIAMS,PICNIC,NL-ZH,2026-04-20,2026-04-26,Weekly,,KG,3.405,3.405,596.896484375,xgboost_feat
PEAR_WILLIAMS,PICNIC,NL-ZH,2026-04-27,2026-05-03,Weekly,,KG,3.405,3.405,593.84912109375,xgboost_feat
PEAR_WILLIAMS,PLUS,NL-GE,2026-02-02,2026-02-08,Weekly,,KG,3.16,3.16,591.359130859375,xgboost_feat
PEAR_WILLIAMS,PLUS,NL-GE,2026-02-09,2026-02-15,Weekly,,KG,3.16,3.16,588.9827270507812,xgboost_feat
PEAR_WILLIAMS,PLUS,NL-GE,2026-02-16,2026-02-22,Weekly,,KG,3.16,3.16,596.4650268554688,xgboost_feat
PEAR_WILLIAMS,PLUS,NL-GE,2026-02-23,2026-03-01,Weekly,,KG,3.16,3.16,596.73486328125,xgboost_feat
PEAR_WILLIAMS,PLUS,NL-GE,2026-03-02,2026-03-08,Weekly,,KG,3.16,3.16,616.9927978515625,xgboost_feat
PEAR_WILLIAMS,PLUS,NL-GE,2026-03-09,2026-03-15,Weekly,,KG,3.16,3.16,646.7582397460938,xgboost_feat
PEAR_WILLIAMS,PLUS,NL-GE,2026-03-16,2026-03-22,Weekly,,KG,3.16,3.16,605.0645141601562,xgboost_feat
PEAR_WILLIAMS,PLUS,NL-GE,2026-03-23,2026-03-29,Weekly,,KG,3.16,3.16,613.607177734375,xgboost_feat
PEAR_WILLIAMS,PLUS,NL-GE,2026-03-30,2026-04-05,Weekly,,KG,3.16,3.16,613.47509765625,xgboost_feat
PEAR_WILLIAMS,PLUS,NL-GE,2026-04-06,2026-04-12,Weekly,,KG,3.16,3.16,610.7774047851562,xgboost_feat
PEAR_WILLIAMS,PLUS,NL-GE,2026-04-13,2026-04-19,Weekly,,KG,3.16,3.16,577.0640258789062,xgboost_feat
PEAR_WILLIAMS,PLUS,NL-GE,2026-04-20,2026-04-26,Weekly,,KG,3.16,3.16,595.0460205078125,xgboost_feat
PEAR_WILLIAMS,PLUS,NL-GE,2026-04-27,2026-05-03,Weekly,,KG,3.16,3.16,586.1171875,xgboost_feat
PEAR_WILLIAMS,PLUS,NL-NB,2026-02-02,2026-02-08,Weekly,,KG,3.196,3.196,593.4484252929688,xgboost_feat
PEAR_WILLIAMS,PLUS,NL-NB,2026-02-09,2026-02-15,Weekly,,KG,3.196,3.196,598.6347045898438,xgboost_feat
PEAR_WILLIAMS,PLUS,NL-NB,2026-02-16,2026-02-22,Weekly,,KG,3.196,3.196,630.4207153320312,xgboost_feat
PEAR_WILLIAMS,PLUS,NL-NB,2026-02-23,2026-03-01,Weekly,,KG,3.196,3.196,614.1463623046875,xgboost_feat
PEAR_WILLIAMS,PLUS,NL-NB,2026-03-02,2026-03-08,Weekly,,KG,3.196,3.196,622.54150390625,xgboost_feat
PEAR_WILLIAMS,PLUS,NL-NB,2026-03-09,2026-03-15,Weekly,,KG,3.196,3.196,623.8331298828125,xgboost_feat
PEAR_WILLIAMS,PLUS,NL-NB,2026-03-16,2026-03-22,Weekly,,KG,3.196,3.196,602.4149169921875,xgboost_feat
PEAR_WILLIAMS,PLUS,NL-NB,2026-03-23,2026-03-29,Weekly,,KG,3.196,3.196,606.4732666015625,xgboost_feat
PEAR_WILLIAMS,PLUS,NL-NB,2026-03-30,2026-04-05,Weekly,,KG,3.196,3.196,628.900634765625,xgboost_feat
PEAR_WILLIAMS,PLUS,NL-NB,2026-04-06,2026-04-12,Weekly,,KG,3.196,3.196,603.1365966796875,xgboost_feat
PEAR_WILLIAMS,PLUS,NL-NB,2026-04-13,2026-04-19,Weekly,,KG,3.196,3.196,564.3367309570312,xgboost_feat
PEAR_WILLIAMS,PLUS,NL-NB,2026-04-20,2026-04-26,Weekly,,KG,3.196,3.196,596.4988403320312,xgboost_feat
PEAR_WILLIAMS,PLUS,NL-NB,2026-04-27,2026-05-03,Weekly,,KG,3.196,3.196,576.44482421875,xgboost_feat
PEAR_WILLIAMS,PLUS,NL-NH,2026-02-02,2026-02-08,Weekly,,KG,3.303,3.303,589.4932250976562,xgboost_feat
PEAR_WILLIAMS,PLUS,NL-NH,2026-02-09,2026-02-15,Weekly,,KG,3.303,3.303,566.664794921875,xgboost_feat
PEAR_WILLIAMS,PLUS,NL-NH,2026-02-16,2026-02-22,Weekly,,KG,3.303,3.303,592.93115234375,xgboost_feat
PEAR_WILLIAMS,PLUS,NL-NH,2026-02-23,2026-03-01,Weekly,,KG,3.303,3.303,618.3735961914062,xgboost_feat
PEAR_WILLIAMS,PLUS,NL-NH,2026-03-02,2026-03-08,Weekly,,KG,3.303,3.303,631.3794555664062,xgboost_feat
PEAR_WILLIAMS,PLUS,NL-NH,2026-03-09,2026-03-15,Weekly,,KG,3.303,3.303,623.4363403320312,xgboost_feat
PEAR_WILLIAMS,PLUS,NL-NH,2026-03-16,2026-03-22,Weekly,,KG,3.303,3.303,605.8187255859375,xgboost_feat
PEAR_WILLIAMS,PLUS,NL-NH,2026-03-23,2026-03-29,Weekly,,KG,3.303,3.303,608.2258911132812,xgboost_feat
PEAR_WILLIAMS,PLUS,NL-NH,2026-03-30,2026-04-05,Weekly,,KG,3.303,3.303,607.7459106445312,xgboost_feat
PEAR_WILLIAMS,PLUS,NL-NH,2026-04-06,2026-04-12,Weekly,,KG,3.303,3.303,599.4093017578125,xgboost_feat
PEAR_WILLIAMS,PLUS,NL-NH,2026-04-13,2026-04-19,Weekly,,KG,3.303,3.303,551.2052001953125,xgboost_feat
PEAR_WILLIAMS,PLUS,NL-NH,2026-04-20,2026-04-26,Weekly,,KG,3.303,3.303,596.9056396484375,xgboost_feat
PEAR_WILLIAMS,PLUS,NL-NH,2026-04-27,2026-05-03,Weekly,,KG,3.303,3.303,581.577392578125,xgboost_feat
PEAR_WILLIAMS,PLUS,NL-ZH,2026-02-02,2026-02-08,Weekly,,KG,3.478,3.478,611.5103759765625,xgboost_feat
PEAR_WILLIAMS,PLUS,NL-ZH,2026-02-09,2026-02-15,Weekly,,KG,3.478,3.478,598.3286743164062,xgboost_feat
PEAR_WILLIAMS,PLUS,NL-ZH,2026-02-16,2026-02-22,Weekly,,KG,3.478,3.478,585.3346557617188,xgboost_feat
PEAR_WILLIAMS,PLUS,NL-ZH,2026-02-23,2026-03-01,Weekly,,KG,3.478,3.478,601.7468872070312,xgboost_feat
PEAR_WILLIAMS,PLUS,NL-ZH,2026-03-02,2026-03-08,Weekly,,KG,3.478,3.478,620.3734130859375,xgboost_feat
PEAR_WILLIAMS,PLUS,NL-ZH,2026-03-09,2026-03-15,Weekly,,KG,3.478,3.478,616.9862670898438,xgboost_feat
PEAR_WILLIAMS,PLUS,NL-ZH,2026-03-16,2026-03-22,Weekly,,KG,3.478,3.478,603.2088012695312,xgboost_feat
PEAR_WILLIAMS,PLUS,NL-ZH,2026-03-23,2026-03-29,Weekly,,KG,3.478,3.478,602.2091674804688,xgboost_feat
PEAR_WILLIAMS,PLUS,NL-ZH,2026-03-30,2026-04-05,Weekly,,KG,3.478,3.478,617.7158203125,xgboost_feat
PEAR_WILLIAMS,PLUS,NL-ZH,2026-04-06,2026-04-12,Weekly,,KG,3.478,3.478,598.3751831054688,xgboost_feat
PEAR_WILLIAMS,PLUS,NL-ZH,2026-04-13,2026-04-19,Weekly,,KG,3.478,3.478,574.341064453125,xgboost_feat
PEAR_WILLIAMS,PLUS,NL-ZH,2026-04-20,2026-04-26,Weekly,,KG,3.478,3.478,594.4486694335938,xgboost_feat
PEAR_WILLIAMS,PLUS,NL-ZH,2026-04-27,2026-05-03,Weekly,,KG,3.478,3.478,588.7588500976562,xgboost_feat
PEAR_WILLIAMS,SLIGRO,NL-GE,2026-02-02,2026-02-08,Weekly,,KG,3.176,3.176,589.5201416015625,xgboost_feat
PEAR_WILLIAMS,SLIGRO,NL-GE,2026-02-09,2026-02-15,Weekly,,KG,3.176,3.176,595.1956787109375,xgboost_feat
PEAR_WILLIAMS,SLIGRO,NL-GE,2026-02-16,2026-02-22,Weekly,,KG,3.176,3.176,594.9380493164062,xgboost_feat
PEAR_WILLIAMS,SLIGRO,NL-GE,2026-02-23,2026-03-01,Weekly,,KG,3.176,3.176,599.0343627929688,xgboost_feat
PEAR_WILLIAMS,SLIGRO,NL-GE,2026-03-02,2026-03-08,Weekly,,KG,3.176,3.176,616.6844482421875,xgboost_feat
PEAR_WILLIAMS,SLIGRO,NL-GE,2026-03-09,2026-03-15,Weekly,,KG,3.176,3.176,643.7915649414062,xgboost_feat
PEAR_WILLIAMS,SLIGRO,NL-GE,2026-03-16,2026-03-22,Weekly,,KG,3.176,3.176,598.6749877929688,xgboost_feat
PEAR_WILLIAMS,SLIGRO,NL-GE,2026-03-23,2026-03-29,Weekly,,KG,3.176,3.176,603.2304077148438,xgboost_feat
PEAR_WILLIAMS,SLIGRO,NL-GE,2026-03-30,2026-04-05,Weekly,,KG,3.176,3.176,613.461669921875,xgboost_feat
PEAR_WILLIAMS,SLIGRO,NL-GE,2026-04-06,2026-04-12,Weekly,,KG,3.176,3.176,612.275634765625,xgboost_feat
PEAR_WILLIAMS,SLIGRO,NL-GE,2026-04-13,2026-04-19,Weekly,,KG,3.176,3.176,580.9923706054688,xgboost_feat
PEAR_WILLIAMS,SLIGRO,NL-GE,2026-04-20,2026-04-26,Weekly,,KG,3.176,3.176,600.018798828125,xgboost_feat
PEAR_WILLIAMS,SLIGRO,NL-GE,2026-04-27,2026-05-03,Weekly,,KG,3.176,3.176,592.8713989257812,xgboost_feat
PEAR_WILLIAMS,SLIGRO,NL-NB,2026-02-02,2026-02-08,Weekly,,KG,3.338,3.338,592.3900146484375,xgboost_feat
PEAR_WILLIAMS,SLIGRO,NL-NB,2026-02-09,2026-02-15,Weekly,,KG,3.338,3.338,602.1220092773438,xgboost_feat
PEAR_WILLIAMS,SLIGRO,NL-NB,2026-02-16,2026-02-22,Weekly,,KG,3.338,3.338,620.23095703125,xgboost_feat
PEAR_WILLIAMS,SLIGRO,NL-NB,2026-02-23,2026-03-01,Weekly,,KG,3.338,3.338,614.3783569335938,xgboost_feat
PEAR_WILLIAMS,SLIGRO,NL-NB,2026-03-02,2026-03-08,Weekly,,KG,3.338,3.338,626.1813354492188,xgboost_feat
PEAR_WILLIAMS,SLIGRO,NL-NB,2026-03-09,2026-03-15,Weekly,,KG,3.338,3.338,623.7756958007812,xgboost_feat
PEAR_WILLIAMS,SLIGRO,NL-NB,2026-03-16,2026-03-22,Weekly,,KG,3.338,3.338,605.764404296875,xgboost_feat
PEAR_WILLIAMS,SLIGRO,NL-NB,2026-03-23,2026-03-29,Weekly,,KG,3.338,3.338,609.1239013671875,xgboost_feat
PEAR_WILLIAMS,SLIGRO,NL-NB,2026-03-30,2026-04-05,Weekly,,KG,3.338,3.338,631.6290893554688,xgboost_feat
PEAR_WILLIAMS,SLIGRO,NL-NB,2026-04-06,2026-04-12,Weekly,,KG,3.338,3.338,607.9457397460938,xgboost_feat
PEAR_WILLIAMS,SLIGRO,NL-NB,2026-04-13,2026-04-19,Weekly,,KG,3.338,3.338,573.2418823242188,xgboost_feat
PEAR_WILLIAMS,SLIGRO,NL-NB,2026-04-20,2026-04-26,Weekly,,KG,3.338,3.338,599.567626953125,xgboost_feat
PEAR_WILLIAMS,SLIGRO,NL-NB,2026-04-27,2026-05-03,Weekly,,KG,3.338,3.338,586.8433227539062,xgboost_feat
PEAR_WILLIAMS,SLIGRO,NL-NH,2026-02-02,2026-02-08,Weekly,,KG,3.105,3.105,592.4275512695312,xgboost_feat
PEAR_WILLIAMS,SLIGRO,NL-NH,2026-02-09,2026-02-15,Weekly,,KG,3.105,3.105,565.9376831054688,xgboost_feat
PEAR_WILLIAMS,SLIGRO,NL-NH,2026-02-16,2026-02-22,Weekly,,KG,3.105,3.105,593.66162109375,xgboost_feat
PEAR_WILLIAMS,SLIGRO,NL-NH,2026-02-23,2026-03-01,Weekly,,KG,3.105,3.105,615.3917846679688,xgboost_feat
PEAR_WILLIAMS,SLIGRO,NL-NH,2026-03-02,2026-03-08,Weekly,,KG,3.105,3.105,633.1226806640625,xgboost_feat
PEAR_WILLIAMS,SLIGRO,NL-NH,2026-03-09,2026-03-15,Weekly,,KG,3.105,3.105,624.0420532226562,xgboost_feat
PEAR_WILLIAMS,SLIGRO,NL-NH,2026-03-16,2026-03-22,Weekly,,KG,3.105,3.105,606.021240234375,xgboost_feat
PEAR_WILLIAMS,SLIGRO,NL-NH,2026-03-23,2026-03-29,Weekly,,KG,3.105,3.105,611.9360961914062,xgboost_feat
PEAR_WILLIAMS,SLIGRO,NL-NH,2026-03-30,2026-04-05,Weekly,,KG,3.105,3.105,610.9163208007812,xgboost_feat
PEAR_WILLIAMS,SLIGRO,NL-NH,2026-04-06,2026-04-12,Weekly,,KG,3.105,3.105,602.8768310546875,xgboost_feat
PEAR_WILLIAMS,SLIGRO,NL-NH,2026-04-13,2026-04-19,Weekly,,KG,3.105,3.105,561.6744995117188,xgboost_feat
PEAR_WILLIAMS,SLIGRO,NL-NH,2026-04-20,2026-04-26,Weekly,,KG,3.105,3.105,603.3143920898438,xgboost_feat
PEAR_WILLIAMS,SLIGRO,NL-NH,2026-04-27,2026-05-03,Weekly,,KG,3.105,3.105,588.3944702148438,xgboost_feat
PEAR_WILLIAMS,SLIGRO,NL-ZH,2026-02-02,2026-02-08,Weekly,,KG,3.259,3.259,586.590576171875,xgboost_feat
PEAR_WILLIAMS,SLIGRO,NL-ZH,2026-02-09,2026-02-15,Weekly,,KG,3.259,3.259,592.0272827148438,xgboost_feat
PEAR_WILLIAMS,SLIGRO,NL-ZH,2026-02-16,2026-02-22,Weekly,,KG,3.259,3.259,592.4564208984375,xgboost_feat
PEAR_WILLIAMS,SLIGRO,NL-ZH,2026-02-23,2026-03-01,Weekly,,KG,3.259,3.259,598.197998046875,xgboost_feat
PEAR_WILLIAMS,SLIGRO,NL-ZH,2026-03-02,2026-03-08,Weekly,,KG,3.259,3.259,617.7034912109375,xgboost_feat
PEAR_WILLIAMS,SLIGRO,NL-ZH,2026-03-09,2026-03-15,Weekly,,KG,3.259,3.259,620.15869140625,xgboost_feat
PEAR_WILLIAMS,SLIGRO,NL-ZH,2026-03-16,2026-03-22,Weekly,,KG,3.259,3.259,606.10205078125,xgboost_feat
PEAR_WILLIAMS,SLIGRO,NL-ZH,2026-03-23,2026-03-29,Weekly,,KG,3.259,3.259,613.713134765625,xgboost_feat
PEAR_WILLIAMS,SLIGRO,NL-ZH,2026-03-30,2026-04-05,Weekly,,KG,3.259,3.259,624.3910522460938,xgboost_feat
PEAR_WILLIAMS,SLIGRO,NL-ZH,2026-04-06,2026-04-12,Weekly,,KG,3.259,3.259,604.8597412109375,xgboost_feat
PEAR_WILLIAMS,SLIGRO,NL-ZH,2026-04-13,2026-04-19,Weekly,,KG,3.259,3.259,584.5379638671875,xgboost_feat
PEAR_WILLIAMS,SLIGRO,NL-ZH,2026-04-20,2026-04-26,Weekly,,KG,3.259,3.259,596.2962646484375,xgboost_feat
PEAR_WILLIAMS,SLIGRO,NL-ZH,2026-04-27,2026-05-03,Weekly,,KG,3.259,3.259,593.608154296875,xgboost_feat
