ProductID,ChannelID,LocationID,Qty,Period,StartDate,EndDate,UOM,NetPrice,ListPrice
APPLE_ELSTAR,ONLINE,NL-GE,4208.91,Monthly,2023-02-01,2023-02-28,KG,2.606,2.606
APPLE_ELSTAR,ONLINE,NL-GE,4285.53,Monthly,2023-03-01,2023-03-31,KG,2.613,2.613
APPLE_ELSTAR,ONLINE,NL-GE,4023.2,Monthly,2023-04-01,2023-04-30,KG,2.61,2.61
APPLE_ELSTAR,ONLINE,NL-GE,4068.4700000000003,Monthly,2023-05-01,2023-05-31,KG,2.587,2.587
APPLE_ELSTAR,ONLINE,NL-GE,3743.0699999999997,Monthly,2023-06-01,2023-06-30,KG,2.621,2.621
APPLE_ELSTAR,ONLINE,NL-GE,3502.51,Monthly,2023-07-01,2023-07-31,KG,2.576,2.576
APPLE_ELSTAR,ONLINE,NL-GE,3821.55,Monthly,2023-08-01,2023-08-31,KG,2.205,2.205
APPLE_ELSTAR,ONLINE,NL-GE,4277.97,Monthly,2023-09-01,2023-09-30,KG,2.08,2.08
APPLE_ELSTAR,ONLINE,NL-GE,4339.33,Monthly,2023-10-01,2023-10-31,KG,2.109,2.109
APPLE_ELSTAR,ONLINE,NL-GE,4343.05,Monthly,2023-11-01,2023-11-30,KG,2.102,2.102
APPLE_ELSTAR,ONLINE,NL-GE,4240.53,Monthly,2023-12-01,2023-12-31,KG,2.597,2.597
APPLE_ELSTAR,ONLINE,NL-GE,4637.09,Monthly,2024-01-01,2024-01-31,KG,2.602,2.602
APPLE_ELSTAR,ONLINE,NL-GE,4154.72,Monthly,2024-02-01,2024-02-29,KG,2.585,2.585
APPLE_ELSTAR,ONLINE,NL-GE,4667.54,Monthly,2024-03-01,2024-03-31,KG,2.591,2.591
APPLE_ELSTAR,ONLINE,NL-GE,3971.87,Monthly,2024-04-01,2024-04-30,KG,2.601,2.601
APPLE_ELSTAR,ONLINE,NL-GE,3856.73,Monthly,2024-05-01,2024-05-31,KG,2.599,2.599
APPLE_ELSTAR,ONLINE,NL-GE,3296.59,Monthly,2024-06-01,2024-06-30,KG,2.609,2.609
APPLE_ELSTAR,ONLINE,NL-GE,3635.9300000000003,Monthly,2024-07-01,2024-07-31,KG,2.62,2.62
APPLE_ELSTAR,ONLINE,NL-GE,3823.84,Monthly,2024-08-01,2024-08-31,KG,2.208,2.208
APPLE_ELSTAR,ONLINE,NL-GE,4145.26,Monthly,2024-09-01,2024-09-30,KG,2.109,2.109
APPLE_ELSTAR,ONLINE,NL-GE,4668.57,Monthly,2024-10-01,2024-10-31,KG,2.122,2.122
APPLE_ELSTAR,ONLINE,NL-GE,4355.4,Monthly,2024-11-01,2024-11-30,KG,2.133,2.133
APPLE_ELSTAR,ONLINE,NL-GE,4946.47,Monthly,2024-12-01,2024-12-31,KG,2.589,2.589
APPLE_ELSTAR,ONLINE,NL-GE,4703.29,Monthly,2025-01-01,2025-01-31,KG,2.565,2.565
APPLE_ELSTAR,ONLINE,NL-GE,4329.62,Monthly,2025-02-01,2025-02-28,KG,2.612,2.612
APPLE_ELSTAR,ONLINE,NL-GE,5173.45,Monthly,2025-03-01,2025-03-31,KG,2.588,2.588
APPLE_ELSTAR,ONLINE,NL-GE,4478.52,Monthly,2025-04-01,2025-04-30,KG,2.612,2.612
APPLE_ELSTAR,ONLINE,NL-GE,4233.45,Monthly,2025-05-01,2025-05-31,KG,2.598,2.598
APPLE_ELSTAR,ONLINE,NL-GE,3519.71,Monthly,2025-06-01,2025-06-30,KG,2.611,2.611
APPLE_ELSTAR,ONLINE,NL-GE,3867.46,Monthly,2025-07-01,2025-07-31,KG,2.606,2.606
APPLE_ELSTAR,ONLINE,NL-GE,4061.52,Monthly,2025-08-01,2025-08-31,KG,2.202,2.202
APPLE_ELSTAR,ONLINE,NL-GE,4055.23,Monthly,2025-09-01,2025-09-30,KG,2.102,2.102
APPLE_ELSTAR,ONLINE,NL-GE,4439.52,Monthly,2025-10-01,2025-10-31,KG,2.106,2.106
APPLE_ELSTAR,ONLINE,NL-GE,4647.1900000000005,Monthly,2025-11-01,2025-11-30,KG,2.113,2.113
APPLE_ELSTAR,ONLINE,NL-GE,5032.75,Monthly,2025-12-01,2025-12-31,KG,2.604,2.604
APPLE_ELSTAR,ONLINE,NL-GE,4715.82,Monthly,2026-01-01,2026-01-31,KG,2.575,2.575
APPLE_ELSTAR,ONLINE,NL-NB,4318.38,Monthly,2023-02-01,2023-02-28,KG,2.661,2.661
APPLE_ELSTAR,ONLINE,NL-NB,4210.16,Monthly,2023-03-01,2023-03-31,KG,2.695,2.695
APPLE_ELSTAR,ONLINE,NL-NB,4123.03,Monthly,2023-04-01,2023-04-30,KG,2.681,2.681
APPLE_ELSTAR,ONLINE,NL-NB,4063.4,Monthly,2023-05-01,2023-05-31,KG,2.641,2.641
APPLE_ELSTAR,ONLINE,NL-NB,3783.58,Monthly,2023-06-01,2023-06-30,KG,2.677,2.677
APPLE_ELSTAR,ONLINE,NL-NB,3540.55,Monthly,2023-07-01,2023-07-31,KG,2.704,2.704
APPLE_ELSTAR,ONLINE,NL-NB,4010.13,Monthly,2023-08-01,2023-08-31,KG,2.296,2.296
APPLE_ELSTAR,ONLINE,NL-NB,4370.14,Monthly,2023-09-01,2023-09-30,KG,2.182,2.182
APPLE_ELSTAR,ONLINE,NL-NB,4770.5,Monthly,2023-10-01,2023-10-31,KG,2.202,2.202
APPLE_ELSTAR,ONLINE,NL-NB,4472.32,Monthly,2023-11-01,2023-11-30,KG,2.188,2.188
APPLE_ELSTAR,ONLINE,NL-NB,4737.3099999999995,Monthly,2023-12-01,2023-12-31,KG,2.68,2.68
APPLE_ELSTAR,ONLINE,NL-NB,4991.05,Monthly,2024-01-01,2024-01-31,KG,2.675,2.675
APPLE_ELSTAR,ONLINE,NL-NB,4369.76,Monthly,2024-02-01,2024-02-29,KG,2.685,2.685
APPLE_ELSTAR,ONLINE,NL-NB,4794.57,Monthly,2024-03-01,2024-03-31,KG,2.655,2.655
APPLE_ELSTAR,ONLINE,NL-NB,3996.1400000000003,Monthly,2024-04-01,2024-04-30,KG,2.668,2.668
APPLE_ELSTAR,ONLINE,NL-NB,3878.8599999999997,Monthly,2024-05-01,2024-05-31,KG,2.67,2.67
APPLE_ELSTAR,ONLINE,NL-NB,3389.49,Monthly,2024-06-01,2024-06-30,KG,2.674,2.674
APPLE_ELSTAR,ONLINE,NL-NB,3634.5699999999997,Monthly,2024-07-01,2024-07-31,KG,2.68,2.68
APPLE_ELSTAR,ONLINE,NL-NB,4094.24,Monthly,2024-08-01,2024-08-31,KG,2.302,2.302
APPLE_ELSTAR,ONLINE,NL-NB,4170.62,Monthly,2024-09-01,2024-09-30,KG,2.158,2.158
APPLE_ELSTAR,ONLINE,NL-NB,4673.110000000001,Monthly,2024-10-01,2024-10-31,KG,2.178,2.178
APPLE_ELSTAR,ONLINE,NL-NB,4711.67,Monthly,2024-11-01,2024-11-30,KG,2.182,2.182
APPLE_ELSTAR,ONLINE,NL-NB,5028.64,Monthly,2024-12-01,2024-12-31,KG,2.696,2.696
APPLE_ELSTAR,ONLINE,NL-NB,4629.57,Monthly,2025-01-01,2025-01-31,KG,2.679,2.679
APPLE_ELSTAR,ONLINE,NL-NB,4580.55,Monthly,2025-02-01,2025-02-28,KG,2.685,2.685
APPLE_ELSTAR,ONLINE,NL-NB,5330.43,Monthly,2025-03-01,2025-03-31,KG,2.696,2.696
APPLE_ELSTAR,ONLINE,NL-NB,4654.58,Monthly,2025-04-01,2025-04-30,KG,2.686,2.686
APPLE_ELSTAR,ONLINE,NL-NB,4195.61,Monthly,2025-05-01,2025-05-31,KG,2.656,2.656
APPLE_ELSTAR,ONLINE,NL-NB,3820.75,Monthly,2025-06-01,2025-06-30,KG,2.647,2.647
APPLE_ELSTAR,ONLINE,NL-NB,3944.27,Monthly,2025-07-01,2025-07-31,KG,2.671,2.671
APPLE_ELSTAR,ONLINE,NL-NB,4199.09,Monthly,2025-08-01,2025-08-31,KG,2.287,2.287
APPLE_ELSTAR,ONLINE,NL-NB,4412.88,Monthly,2025-09-01,2025-09-30,KG,2.197,2.197
APPLE_ELSTAR,ONLINE,NL-NB,4604.889999999999,Monthly,2025-10-01,2025-10-31,KG,2.177,2.177
APPLE_ELSTAR,ONLINE,NL-NB,4755.47,Monthly,2025-11-01,2025-11-30,KG,2.198,2.198
APPLE_ELSTAR,ONLINE,NL-NB,5112.7,Monthly,2025-12-01,2025-12-31,KG,2.679,2.679
APPLE_ELSTAR,ONLINE,NL-NB,4882.65,Monthly,2026-01-01,2026-01-31,KG,2.672,2.672
APPLE_ELSTAR,ONLINE,NL-NH,4624.2,Monthly,2023-02-01,2023-02-28,KG,2.754,2.754
APPLE_ELSTAR,ONLINE,NL-NH,4580.97,Monthly,2023-03-01,2023-03-31,KG,2.749,2.749
APPLE_ELSTAR,ONLINE,NL-NH,4321.63,Monthly,2023-04-01,2023-04-30,KG,2.779,2.779
APPLE_ELSTAR,ONLINE,NL-NH,4214.97,Monthly,2023-05-01,2023-05-31,KG,2.748,2.748
APPLE_ELSTAR,ONLINE,NL-NH,3998.52,Monthly,2023-06-01,2023-06-30,KG,2.754,2.754
APPLE_ELSTAR,ONLINE,NL-NH,3733.62,Monthly,2023-07-01,2023-07-31,KG,2.743,2.743
APPLE_ELSTAR,ONLINE,NL-NH,4062.77,Monthly,2023-08-01,2023-08-31,KG,2.35,2.35
APPLE_ELSTAR,ONLINE,NL-NH,4532.34,Monthly,2023-09-01,2023-09-30,KG,2.238,2.238
APPLE_ELSTAR,ONLINE,NL-NH,4550.88,Monthly,2023-10-01,2023-10-31,KG,2.254,2.254
APPLE_ELSTAR,ONLINE,NL-NH,4428.19,Monthly,2023-11-01,2023-11-30,KG,2.25,2.25
APPLE_ELSTAR,ONLINE,NL-NH,4833.54,Monthly,2023-12-01,2023-12-31,KG,2.762,2.762
APPLE_ELSTAR,ONLINE,NL-NH,5147.97,Monthly,2024-01-01,2024-01-31,KG,2.77,2.77
APPLE_ELSTAR,ONLINE,NL-NH,4401.1900000000005,Monthly,2024-02-01,2024-02-29,KG,2.76,2.76
APPLE_ELSTAR,ONLINE,NL-NH,4880.2,Monthly,2024-03-01,2024-03-31,KG,2.727,2.727
APPLE_ELSTAR,ONLINE,NL-NH,4168.74,Monthly,2024-04-01,2024-04-30,KG,2.756,2.756
APPLE_ELSTAR,ONLINE,NL-NH,4115.13,Monthly,2024-05-01,2024-05-31,KG,2.752,2.752
APPLE_ELSTAR,ONLINE,NL-NH,3551.95,Monthly,2024-06-01,2024-06-30,KG,2.733,2.733
APPLE_ELSTAR,ONLINE,NL-NH,3482.8199999999997,Monthly,2024-07-01,2024-07-31,KG,2.758,2.758
APPLE_ELSTAR,ONLINE,NL-NH,4268.4400000000005,Monthly,2024-08-01,2024-08-31,KG,2.341,2.341
APPLE_ELSTAR,ONLINE,NL-NH,4364.77,Monthly,2024-09-01,2024-09-30,KG,2.258,2.258
APPLE_ELSTAR,ONLINE,NL-NH,4873.32,Monthly,2024-10-01,2024-10-31,KG,2.264,2.264
APPLE_ELSTAR,ONLINE,NL-NH,4627.41,Monthly,2024-11-01,2024-11-30,KG,2.23,2.23
APPLE_ELSTAR,ONLINE,NL-NH,4978.21,Monthly,2024-12-01,2024-12-31,KG,2.766,2.766
APPLE_ELSTAR,ONLINE,NL-NH,5034.12,Monthly,2025-01-01,2025-01-31,KG,2.741,2.741
APPLE_ELSTAR,ONLINE,NL-NH,4621.13,Monthly,2025-02-01,2025-02-28,KG,2.758,2.758
APPLE_ELSTAR,ONLINE,NL-NH,5450.1,Monthly,2025-03-01,2025-03-31,KG,2.748,2.748
APPLE_ELSTAR,ONLINE,NL-NH,4879.43,Monthly,2025-04-01,2025-04-30,KG,2.746,2.746
APPLE_ELSTAR,ONLINE,NL-NH,4307.88,Monthly,2025-05-01,2025-05-31,KG,2.739,2.739
APPLE_ELSTAR,ONLINE,NL-NH,3824.46,Monthly,2025-06-01,2025-06-30,KG,2.764,2.764
APPLE_ELSTAR,ONLINE,NL-NH,3813.6499999999996,Monthly,2025-07-01,2025-07-31,KG,2.774,2.774
APPLE_ELSTAR,ONLINE,NL-NH,4166.23,Monthly,2025-08-01,2025-08-31,KG,2.37,2.37
APPLE_ELSTAR,ONLINE,NL-NH,4441.15,Monthly,2025-09-01,2025-09-30,KG,2.253,2.253
APPLE_ELSTAR,ONLINE,NL-NH,4583.51,Monthly,2025-10-01,2025-10-31,KG,2.262,2.262
APPLE_ELSTAR,ONLINE,NL-NH,4831.49,Monthly,2025-11-01,2025-11-30,KG,2.237,2.237
APPLE_ELSTAR,ONLINE,NL-NH,5197.05,Monthly,2025-12-01,2025-12-31,KG,2.748,2.748
APPLE_ELSTAR,ONLINE,NL-NH,4802.49,Monthly,2026-01-01,2026-01-31,KG,2.767,2.767
APPLE_ELSTAR,ONLINE,NL-ZH,4605.62,Monthly,2023-02-01,2023-02-28,KG,2.86,2.86
APPLE_ELSTAR,ONLINE,NL-ZH,4720.54,Monthly,2023-03-01,2023-03-31,KG,2.812,2.812
APPLE_ELSTAR,ONLINE,NL-ZH,4329.5599999999995,Monthly,2023-04-01,2023-04-30,KG,2.839,2.839
APPLE_ELSTAR,ONLINE,NL-ZH,4455.7,Monthly,2023-05-01,2023-05-31,KG,2.855,2.855
APPLE_ELSTAR,ONLINE,NL-ZH,4089.04,Monthly,2023-06-01,2023-06-30,KG,2.813,2.813
APPLE_ELSTAR,ONLINE,NL-ZH,3811.25,Monthly,2023-07-01,2023-07-31,KG,2.831,2.831
APPLE_ELSTAR,ONLINE,NL-ZH,4072.3,Monthly,2023-08-01,2023-08-31,KG,2.455,2.455
APPLE_ELSTAR,ONLINE,NL-ZH,4898.13,Monthly,2023-09-01,2023-09-30,KG,2.279,2.279
APPLE_ELSTAR,ONLINE,NL-ZH,4942.13,Monthly,2023-10-01,2023-10-31,KG,2.301,2.301
APPLE_ELSTAR,ONLINE,NL-ZH,4611.860000000001,Monthly,2023-11-01,2023-11-30,KG,2.294,2.294
APPLE_ELSTAR,ONLINE,NL-ZH,5075.86,Monthly,2023-12-01,2023-12-31,KG,2.814,2.814
APPLE_ELSTAR,ONLINE,NL-ZH,5218.3,Monthly,2024-01-01,2024-01-31,KG,2.876,2.876
APPLE_ELSTAR,ONLINE,NL-ZH,4660.66,Monthly,2024-02-01,2024-02-29,KG,2.854,2.854
APPLE_ELSTAR,ONLINE,NL-ZH,5121.03,Monthly,2024-03-01,2024-03-31,KG,2.817,2.817
APPLE_ELSTAR,ONLINE,NL-ZH,4423.08,Monthly,2024-04-01,2024-04-30,KG,2.826,2.826
APPLE_ELSTAR,ONLINE,NL-ZH,4072.51,Monthly,2024-05-01,2024-05-31,KG,2.818,2.818
APPLE_ELSTAR,ONLINE,NL-ZH,3713.79,Monthly,2024-06-01,2024-06-30,KG,2.855,2.855
APPLE_ELSTAR,ONLINE,NL-ZH,3840.46,Monthly,2024-07-01,2024-07-31,KG,2.846,2.846
APPLE_ELSTAR,ONLINE,NL-ZH,4393.8,Monthly,2024-08-01,2024-08-31,KG,2.436,2.436
APPLE_ELSTAR,ONLINE,NL-ZH,4358.860000000001,Monthly,2024-09-01,2024-09-30,KG,2.305,2.305
APPLE_ELSTAR,ONLINE,NL-ZH,5038.52,Monthly,2024-10-01,2024-10-31,KG,2.313,2.313
APPLE_ELSTAR,ONLINE,NL-ZH,4987.81,Monthly,2024-11-01,2024-11-30,KG,2.307,2.307
APPLE_ELSTAR,ONLINE,NL-ZH,5234.61,Monthly,2024-12-01,2024-12-31,KG,2.846,2.846
APPLE_ELSTAR,ONLINE,NL-ZH,5194.9400000000005,Monthly,2025-01-01,2025-01-31,KG,2.842,2.842
APPLE_ELSTAR,ONLINE,NL-ZH,4707.05,Monthly,2025-02-01,2025-02-28,KG,2.851,2.851
APPLE_ELSTAR,ONLINE,NL-ZH,5531.5,Monthly,2025-03-01,2025-03-31,KG,2.832,2.832
APPLE_ELSTAR,ONLINE,NL-ZH,5025.99,Monthly,2025-04-01,2025-04-30,KG,2.831,2.831
APPLE_ELSTAR,ONLINE,NL-ZH,4581.33,Monthly,2025-05-01,2025-05-31,KG,2.813,2.813
APPLE_ELSTAR,ONLINE,NL-ZH,4028.12,Monthly,2025-06-01,2025-06-30,KG,2.841,2.841
APPLE_ELSTAR,ONLINE,NL-ZH,4001.9300000000003,Monthly,2025-07-01,2025-07-31,KG,2.839,2.839
APPLE_ELSTAR,ONLINE,NL-ZH,4455.61,Monthly,2025-08-01,2025-08-31,KG,2.433,2.433
APPLE_ELSTAR,ONLINE,NL-ZH,4604.67,Monthly,2025-09-01,2025-09-30,KG,2.306,2.306
APPLE_ELSTAR,ONLINE,NL-ZH,4797.36,Monthly,2025-10-01,2025-10-31,KG,2.311,2.311
APPLE_ELSTAR,ONLINE,NL-ZH,5000.11,Monthly,2025-11-01,2025-11-30,KG,2.301,2.326
APPLE_ELSTAR,ONLINE,NL-ZH,5591.4,Monthly,2025-12-01,2025-12-31,KG,2.838,2.838
APPLE_ELSTAR,ONLINE,NL-ZH,5158.24,Monthly,2026-01-01,2026-01-31,KG,2.876,2.876
APPLE_ELSTAR,RETAIL,NL-GE,8316.74,Monthly,2023-02-01,2023-02-28,KG,2.622,2.622
APPLE_ELSTAR,RETAIL,NL-GE,8085.95,Monthly,2023-03-01,2023-03-31,KG,2.595,2.595
APPLE_ELSTAR,RETAIL,NL-GE,8074.469999999999,Monthly,2023-04-01,2023-04-30,KG,2.608,2.608
APPLE_ELSTAR,RETAIL,NL-GE,7702.389999999999,Monthly,2023-05-01,2023-05-31,KG,2.601,2.601
APPLE_ELSTAR,RETAIL,NL-GE,7300.92,Monthly,2023-06-01,2023-06-30,KG,2.595,2.595
APPLE_ELSTAR,RETAIL,NL-GE,6700.62,Monthly,2023-07-01,2023-07-31,KG,2.577,2.577
APPLE_ELSTAR,RETAIL,NL-GE,7514.32,Monthly,2023-08-01,2023-08-31,KG,2.204,2.204
APPLE_ELSTAR,RETAIL,NL-GE,8803.61,Monthly,2023-09-01,2023-09-30,KG,2.082,2.082
APPLE_ELSTAR,RETAIL,NL-GE,9385.01,Monthly,2023-10-01,2023-10-31,KG,2.04,2.123
APPLE_ELSTAR,RETAIL,NL-GE,8179.0,Monthly,2023-11-01,2023-11-30,KG,2.107,2.107
APPLE_ELSTAR,RETAIL,NL-GE,8740.07,Monthly,2023-12-01,2023-12-31,KG,2.578,2.578
APPLE_ELSTAR,RETAIL,NL-GE,9377.119999999999,Monthly,2024-01-01,2024-01-31,KG,2.593,2.593
APPLE_ELSTAR,RETAIL,NL-GE,8270.79,Monthly,2024-02-01,2024-02-29,KG,2.537,2.598
APPLE_ELSTAR,RETAIL,NL-GE,9614.79,Monthly,2024-03-01,2024-03-31,KG,2.613,2.613
APPLE_ELSTAR,RETAIL,NL-GE,7845.02,Monthly,2024-04-01,2024-04-30,KG,2.578,2.578
APPLE_ELSTAR,RETAIL,NL-GE,7479.46,Monthly,2024-05-01,2024-05-31,KG,2.665,2.665
APPLE_ELSTAR,RETAIL,NL-GE,6765.9,Monthly,2024-06-01,2024-06-30,KG,2.624,2.624
APPLE_ELSTAR,RETAIL,NL-GE,7253.9800000000005,Monthly,2024-07-01,2024-07-31,KG,2.563,2.563
APPLE_ELSTAR,RETAIL,NL-GE,7652.95,Monthly,2024-08-01,2024-08-31,KG,2.2,2.2
APPLE_ELSTAR,RETAIL,NL-GE,8082.219999999999,Monthly,2024-09-01,2024-09-30,KG,2.111,2.111
APPLE_ELSTAR,RETAIL,NL-GE,9063.36,Monthly,2024-10-01,2024-10-31,KG,2.108,2.108
APPLE_ELSTAR,RETAIL,NL-GE,8923.92,Monthly,2024-11-01,2024-11-30,KG,2.137,2.137
APPLE_ELSTAR,RETAIL,NL-GE,9437.13,Monthly,2024-12-01,2024-12-31,KG,2.596,2.596
APPLE_ELSTAR,RETAIL,NL-GE,8852.26,Monthly,2025-01-01,2025-01-31,KG,2.584,2.584
APPLE_ELSTAR,RETAIL,NL-GE,9482.57,Monthly,2025-02-01,2025-02-28,KG,2.496,2.576
APPLE_ELSTAR,RETAIL,NL-GE,10228.42,Monthly,2025-03-01,2025-03-31,KG,2.596,2.596
APPLE_ELSTAR,RETAIL,NL-GE,8913.71,Monthly,2025-04-01,2025-04-30,KG,2.565,2.565
APPLE_ELSTAR,RETAIL,NL-GE,7870.97,Monthly,2025-05-01,2025-05-31,KG,2.608,2.608
APPLE_ELSTAR,RETAIL,NL-GE,7203.1,Monthly,2025-06-01,2025-06-30,KG,2.553,2.553
APPLE_ELSTAR,RETAIL,NL-GE,7291.460000000001,Monthly,2025-07-01,2025-07-31,KG,2.586,2.586
APPLE_ELSTAR,RETAIL,NL-GE,8051.93,Monthly,2025-08-01,2025-08-31,KG,2.234,2.234
APPLE_ELSTAR,RETAIL,NL-GE,8173.06,Monthly,2025-09-01,2025-09-30,KG,2.088,2.088
APPLE_ELSTAR,RETAIL,NL-GE,8795.98,Monthly,2025-10-01,2025-10-31,KG,2.11,2.11
APPLE_ELSTAR,RETAIL,NL-GE,9075.16,Monthly,2025-11-01,2025-11-30,KG,2.097,2.097
APPLE_ELSTAR,RETAIL,NL-GE,9503.14,Monthly,2025-12-01,2025-12-31,KG,2.604,2.604
APPLE_ELSTAR,RETAIL,NL-GE,9131.880000000001,Monthly,2026-01-01,2026-01-31,KG,2.629,2.629
APPLE_ELSTAR,RETAIL,NL-NB,8667.76,Monthly,2023-02-01,2023-02-28,KG,2.652,2.652
APPLE_ELSTAR,RETAIL,NL-NB,8537.07,Monthly,2023-03-01,2023-03-31,KG,2.702,2.702
APPLE_ELSTAR,RETAIL,NL-NB,8176.17,Monthly,2023-04-01,2023-04-30,KG,2.659,2.659
APPLE_ELSTAR,RETAIL,NL-NB,8367.95,Monthly,2023-05-01,2023-05-31,KG,2.681,2.681
APPLE_ELSTAR,RETAIL,NL-NB,7477.16,Monthly,2023-06-01,2023-06-30,KG,2.67,2.67
APPLE_ELSTAR,RETAIL,NL-NB,7206.030000000001,Monthly,2023-07-01,2023-07-31,KG,2.676,2.676
APPLE_ELSTAR,RETAIL,NL-NB,8502.369999999999,Monthly,2023-08-01,2023-08-31,KG,2.097,2.273
APPLE_ELSTAR,RETAIL,NL-NB,9115.87,Monthly,2023-09-01,2023-09-30,KG,2.165,2.165
APPLE_ELSTAR,RETAIL,NL-NB,9291.57,Monthly,2023-10-01,2023-10-31,KG,2.191,2.191
APPLE_ELSTAR,RETAIL,NL-NB,8751.91,Monthly,2023-11-01,2023-11-30,KG,2.191,2.191
APPLE_ELSTAR,RETAIL,NL-NB,9338.25,Monthly,2023-12-01,2023-12-31,KG,2.68,2.68
APPLE_ELSTAR,RETAIL,NL-NB,9639.83,Monthly,2024-01-01,2024-01-31,KG,2.686,2.686
APPLE_ELSTAR,RETAIL,NL-NB,8604.279999999999,Monthly,2024-02-01,2024-02-29,KG,2.699,2.699
APPLE_ELSTAR,RETAIL,NL-NB,9194.43,Monthly,2024-03-01,2024-03-31,KG,2.661,2.661
APPLE_ELSTAR,RETAIL,NL-NB,8102.6,Monthly,2024-04-01,2024-04-30,KG,2.679,2.679
APPLE_ELSTAR,RETAIL,NL-NB,7523.81,Monthly,2024-05-01,2024-05-31,KG,2.696,2.696
APPLE_ELSTAR,RETAIL,NL-NB,6877.4,Monthly,2024-06-01,2024-06-30,KG,2.649,2.649
APPLE_ELSTAR,RETAIL,NL-NB,7355.82,Monthly,2024-07-01,2024-07-31,KG,2.66,2.66
APPLE_ELSTAR,RETAIL,NL-NB,8309.16,Monthly,2024-08-01,2024-08-31,KG,2.279,2.279
APPLE_ELSTAR,RETAIL,NL-NB,8569.0,Monthly,2024-09-01,2024-09-30,KG,2.164,2.164
APPLE_ELSTAR,RETAIL,NL-NB,9285.9,Monthly,2024-10-01,2024-10-31,KG,2.172,2.175
APPLE_ELSTAR,RETAIL,NL-NB,9109.87,Monthly,2024-11-01,2024-11-30,KG,2.158,2.182
APPLE_ELSTAR,RETAIL,NL-NB,9689.23,Monthly,2024-12-01,2024-12-31,KG,2.626,2.626
APPLE_ELSTAR,RETAIL,NL-NB,9109.45,Monthly,2025-01-01,2025-01-31,KG,2.678,2.678
APPLE_ELSTAR,RETAIL,NL-NB,9205.88,Monthly,2025-02-01,2025-02-28,KG,2.687,2.687
APPLE_ELSTAR,RETAIL,NL-NB,10663.67,Monthly,2025-03-01,2025-03-31,KG,2.681,2.681
APPLE_ELSTAR,RETAIL,NL-NB,9174.99,Monthly,2025-04-01,2025-04-30,KG,2.658,2.658
APPLE_ELSTAR,RETAIL,NL-NB,8551.380000000001,Monthly,2025-05-01,2025-05-31,KG,2.629,2.629
APPLE_ELSTAR,RETAIL,NL-NB,7602.66,Monthly,2025-06-01,2025-06-30,KG,2.657,2.657
APPLE_ELSTAR,RETAIL,NL-NB,7248.05,Monthly,2025-07-01,2025-07-31,KG,2.659,2.659
APPLE_ELSTAR,RETAIL,NL-NB,8469.54,Monthly,2025-08-01,2025-08-31,KG,2.261,2.261
APPLE_ELSTAR,RETAIL,NL-NB,8966.029999999999,Monthly,2025-09-01,2025-09-30,KG,2.193,2.193
APPLE_ELSTAR,RETAIL,NL-NB,8863.52,Monthly,2025-10-01,2025-10-31,KG,2.178,2.178
APPLE_ELSTAR,RETAIL,NL-NB,9774.43,Monthly,2025-11-01,2025-11-30,KG,2.164,2.164
APPLE_ELSTAR,RETAIL,NL-NB,10932.94,Monthly,2025-12-01,2025-12-31,KG,2.517,2.717
APPLE_ELSTAR,RETAIL,NL-NB,9995.23,Monthly,2026-01-01,2026-01-31,KG,2.654,2.654
APPLE_ELSTAR,RETAIL,NL-NH,8867.41,Monthly,2023-02-01,2023-02-28,KG,2.735,2.735
APPLE_ELSTAR,RETAIL,NL-NH,9145.53,Monthly,2023-03-01,2023-03-31,KG,2.74,2.74
APPLE_ELSTAR,RETAIL,NL-NH,8166.44,Monthly,2023-04-01,2023-04-30,KG,2.728,2.728
APPLE_ELSTAR,RETAIL,NL-NH,8452.76,Monthly,2023-05-01,2023-05-31,KG,2.775,2.775
APPLE_ELSTAR,RETAIL,NL-NH,7658.66,Monthly,2023-06-01,2023-06-30,KG,2.74,2.74
APPLE_ELSTAR,RETAIL,NL-NH,7278.26,Monthly,2023-07-01,2023-07-31,KG,2.746,2.746
APPLE_ELSTAR,RETAIL,NL-NH,7970.71,Monthly,2023-08-01,2023-08-31,KG,2.328,2.328
APPLE_ELSTAR,RETAIL,NL-NH,9195.380000000001,Monthly,2023-09-01,2023-09-30,KG,2.224,2.224
APPLE_ELSTAR,RETAIL,NL-NH,8882.09,Monthly,2023-10-01,2023-10-31,KG,2.229,2.229
APPLE_ELSTAR,RETAIL,NL-NH,8658.69,Monthly,2023-11-01,2023-11-30,KG,2.231,2.231
APPLE_ELSTAR,RETAIL,NL-NH,9472.939999999999,Monthly,2023-12-01,2023-12-31,KG,2.728,2.728
APPLE_ELSTAR,RETAIL,NL-NH,10178.67,Monthly,2024-01-01,2024-01-31,KG,2.741,2.741
APPLE_ELSTAR,RETAIL,NL-NH,8861.66,Monthly,2024-02-01,2024-02-29,KG,2.767,2.767
APPLE_ELSTAR,RETAIL,NL-NH,9930.43,Monthly,2024-03-01,2024-03-31,KG,2.761,2.761
APPLE_ELSTAR,RETAIL,NL-NH,8189.6,Monthly,2024-04-01,2024-04-30,KG,2.788,2.788
APPLE_ELSTAR,RETAIL,NL-NH,7855.639999999999,Monthly,2024-05-01,2024-05-31,KG,2.713,2.713
APPLE_ELSTAR,RETAIL,NL-NH,7239.789999999999,Monthly,2024-06-01,2024-06-30,KG,2.752,2.752
APPLE_ELSTAR,RETAIL,NL-NH,6899.88,Monthly,2024-07-01,2024-07-31,KG,2.756,2.756
APPLE_ELSTAR,RETAIL,NL-NH,8420.96,Monthly,2024-08-01,2024-08-31,KG,2.344,2.344
APPLE_ELSTAR,RETAIL,NL-NH,8736.14,Monthly,2024-09-01,2024-09-30,KG,2.257,2.257
APPLE_ELSTAR,RETAIL,NL-NH,10151.05,Monthly,2024-10-01,2024-10-31,KG,2.231,2.231
APPLE_ELSTAR,RETAIL,NL-NH,9415.36,Monthly,2024-11-01,2024-11-30,KG,2.251,2.251
APPLE_ELSTAR,RETAIL,NL-NH,10032.85,Monthly,2024-12-01,2024-12-31,KG,2.769,2.769
APPLE_ELSTAR,RETAIL,NL-NH,10016.18,Monthly,2025-01-01,2025-01-31,KG,2.748,2.748
APPLE_ELSTAR,RETAIL,NL-NH,9093.48,Monthly,2025-02-01,2025-02-28,KG,2.758,2.758
APPLE_ELSTAR,RETAIL,NL-NH,11095.029999999999,Monthly,2025-03-01,2025-03-31,KG,2.782,2.782
APPLE_ELSTAR,RETAIL,NL-NH,9361.18,Monthly,2025-04-01,2025-04-30,KG,2.743,2.743
APPLE_ELSTAR,RETAIL,NL-NH,8779.4,Monthly,2025-05-01,2025-05-31,KG,2.771,2.771
APPLE_ELSTAR,RETAIL,NL-NH,7811.860000000001,Monthly,2025-06-01,2025-06-30,KG,2.75,2.75
APPLE_ELSTAR,RETAIL,NL-NH,7647.39,Monthly,2025-07-01,2025-07-31,KG,2.745,2.745
APPLE_ELSTAR,RETAIL,NL-NH,8644.07,Monthly,2025-08-01,2025-08-31,KG,2.338,2.338
APPLE_ELSTAR,RETAIL,NL-NH,8769.25,Monthly,2025-09-01,2025-09-30,KG,2.251,2.251
APPLE_ELSTAR,RETAIL,NL-NH,9219.85,Monthly,2025-10-01,2025-10-31,KG,2.256,2.256
APPLE_ELSTAR,RETAIL,NL-NH,9561.41,Monthly,2025-11-01,2025-11-30,KG,2.27,2.27
APPLE_ELSTAR,RETAIL,NL-NH,10767.720000000001,Monthly,2025-12-01,2025-12-31,KG,2.787,2.787
APPLE_ELSTAR,RETAIL,NL-NH,9511.17,Monthly,2026-01-01,2026-01-31,KG,2.767,2.767
APPLE_ELSTAR,RETAIL,NL-ZH,9598.6,Monthly,2023-02-01,2023-02-28,KG,2.831,2.831
APPLE_ELSTAR,RETAIL,NL-ZH,9167.49,Monthly,2023-03-01,2023-03-31,KG,2.84,2.84
APPLE_ELSTAR,RETAIL,NL-ZH,8667.61,Monthly,2023-04-01,2023-04-30,KG,2.841,2.841
APPLE_ELSTAR,RETAIL,NL-ZH,8726.92,Monthly,2023-05-01,2023-05-31,KG,2.849,2.849
APPLE_ELSTAR,RETAIL,NL-ZH,8095.1900000000005,Monthly,2023-06-01,2023-06-30,KG,2.858,2.858
APPLE_ELSTAR,RETAIL,NL-ZH,7471.22,Monthly,2023-07-01,2023-07-31,KG,2.803,2.803
APPLE_ELSTAR,RETAIL,NL-ZH,8055.530000000001,Monthly,2023-08-01,2023-08-31,KG,2.435,2.435
APPLE_ELSTAR,RETAIL,NL-ZH,9386.720000000001,Monthly,2023-09-01,2023-09-30,KG,2.322,2.322
APPLE_ELSTAR,RETAIL,NL-ZH,9752.0,Monthly,2023-10-01,2023-10-31,KG,2.295,2.295
APPLE_ELSTAR,RETAIL,NL-ZH,9451.4,Monthly,2023-11-01,2023-11-30,KG,2.316,2.316
APPLE_ELSTAR,RETAIL,NL-ZH,10338.289999999999,Monthly,2023-12-01,2023-12-31,KG,2.871,2.871
APPLE_ELSTAR,RETAIL,NL-ZH,10779.529999999999,Monthly,2024-01-01,2024-01-31,KG,2.84,2.84
APPLE_ELSTAR,RETAIL,NL-ZH,9288.68,Monthly,2024-02-01,2024-02-29,KG,2.856,2.856
APPLE_ELSTAR,RETAIL,NL-ZH,10195.27,Monthly,2024-03-01,2024-03-31,KG,2.862,2.862
APPLE_ELSTAR,RETAIL,NL-ZH,8737.66,Monthly,2024-04-01,2024-04-30,KG,2.843,2.843
APPLE_ELSTAR,RETAIL,NL-ZH,8182.49,Monthly,2024-05-01,2024-05-31,KG,2.798,2.798
APPLE_ELSTAR,RETAIL,NL-ZH,7572.299999999999,Monthly,2024-06-01,2024-06-30,KG,2.844,2.844
APPLE_ELSTAR,RETAIL,NL-ZH,7288.290000000001,Monthly,2024-07-01,2024-07-31,KG,2.864,2.864
APPLE_ELSTAR,RETAIL,NL-ZH,8650.79,Monthly,2024-08-01,2024-08-31,KG,2.429,2.429
APPLE_ELSTAR,RETAIL,NL-ZH,8340.73,Monthly,2024-09-01,2024-09-30,KG,2.338,2.338
APPLE_ELSTAR,RETAIL,NL-ZH,10448.06,Monthly,2024-10-01,2024-10-31,KG,2.294,2.294
APPLE_ELSTAR,RETAIL,NL-ZH,9773.619999999999,Monthly,2024-11-01,2024-11-30,KG,2.28,2.28
APPLE_ELSTAR,RETAIL,NL-ZH,10394.189999999999,Monthly,2024-12-01,2024-12-31,KG,2.846,2.846
APPLE_ELSTAR,RETAIL,NL-ZH,9761.01,Monthly,2025-01-01,2025-01-31,KG,2.836,2.836
APPLE_ELSTAR,RETAIL,NL-ZH,9334.32,Monthly,2025-02-01,2025-02-28,KG,2.837,2.837
APPLE_ELSTAR,RETAIL,NL-ZH,10966.34,Monthly,2025-03-01,2025-03-31,KG,2.875,2.875
APPLE_ELSTAR,RETAIL,NL-ZH,10252.23,Monthly,2025-04-01,2025-04-30,KG,2.857,2.857
APPLE_ELSTAR,RETAIL,NL-ZH,8793.42,Monthly,2025-05-01,2025-05-31,KG,2.817,2.817
APPLE_ELSTAR,RETAIL,NL-ZH,9028.23,Monthly,2025-06-01,2025-06-30,KG,2.56,2.856
APPLE_ELSTAR,RETAIL,NL-ZH,8001.48,Monthly,2025-07-01,2025-07-31,KG,2.815,2.829
APPLE_ELSTAR,RETAIL,NL-ZH,9172.41,Monthly,2025-08-01,2025-08-31,KG,2.373,2.401
APPLE_ELSTAR,RETAIL,NL-ZH,9353.119999999999,Monthly,2025-09-01,2025-09-30,KG,2.311,2.311
APPLE_ELSTAR,RETAIL,NL-ZH,9648.61,Monthly,2025-10-01,2025-10-31,KG,2.285,2.285
APPLE_ELSTAR,RETAIL,NL-ZH,10138.720000000001,Monthly,2025-11-01,2025-11-30,KG,2.318,2.318
APPLE_ELSTAR,RETAIL,NL-ZH,10845.85,Monthly,2025-12-01,2025-12-31,KG,2.828,2.828
APPLE_ELSTAR,RETAIL,NL-ZH,10013.55,Monthly,2026-01-01,2026-01-31,KG,2.821,2.821
APPLE_ELSTAR,WHOLESALE,NL-GE,7162.219999999999,Monthly,2023-02-01,2023-02-28,KG,2.585,2.585
APPLE_ELSTAR,WHOLESALE,NL-GE,7049.68,Monthly,2023-03-01,2023-03-31,KG,2.611,2.611
APPLE_ELSTAR,WHOLESALE,NL-GE,6752.15,Monthly,2023-04-01,2023-04-30,KG,2.577,2.577
APPLE_ELSTAR,WHOLESALE,NL-GE,6836.42,Monthly,2023-05-01,2023-05-31,KG,2.571,2.571
APPLE_ELSTAR,WHOLESALE,NL-GE,6290.66,Monthly,2023-06-01,2023-06-30,KG,2.579,2.579
APPLE_ELSTAR,WHOLESALE,NL-GE,5898.21,Monthly,2023-07-01,2023-07-31,KG,2.555,2.555
APPLE_ELSTAR,WHOLESALE,NL-GE,6473.62,Monthly,2023-08-01,2023-08-31,KG,2.221,2.221
APPLE_ELSTAR,WHOLESALE,NL-GE,7329.57,Monthly,2023-09-01,2023-09-30,KG,2.101,2.101
APPLE_ELSTAR,WHOLESALE,NL-GE,7261.0599999999995,Monthly,2023-10-01,2023-10-31,KG,2.12,2.12
APPLE_ELSTAR,WHOLESALE,NL-GE,7206.110000000001,Monthly,2023-11-01,2023-11-30,KG,2.071,2.071
APPLE_ELSTAR,WHOLESALE,NL-GE,7315.58,Monthly,2023-12-01,2023-12-31,KG,2.606,2.606
APPLE_ELSTAR,WHOLESALE,NL-GE,7902.1,Monthly,2024-01-01,2024-01-31,KG,2.613,2.613
APPLE_ELSTAR,WHOLESALE,NL-GE,7083.98,Monthly,2024-02-01,2024-02-29,KG,2.592,2.592
APPLE_ELSTAR,WHOLESALE,NL-GE,7957.18,Monthly,2024-03-01,2024-03-31,KG,2.606,2.606
APPLE_ELSTAR,WHOLESALE,NL-GE,6676.76,Monthly,2024-04-01,2024-04-30,KG,2.608,2.608
APPLE_ELSTAR,WHOLESALE,NL-GE,6458.3,Monthly,2024-05-01,2024-05-31,KG,2.592,2.592
APPLE_ELSTAR,WHOLESALE,NL-GE,5685.4400000000005,Monthly,2024-06-01,2024-06-30,KG,2.589,2.589
APPLE_ELSTAR,WHOLESALE,NL-GE,6035.93,Monthly,2024-07-01,2024-07-31,KG,2.604,2.604
APPLE_ELSTAR,WHOLESALE,NL-GE,6647.83,Monthly,2024-08-01,2024-08-31,KG,2.24,2.24
APPLE_ELSTAR,WHOLESALE,NL-GE,6914.86,Monthly,2024-09-01,2024-09-30,KG,2.112,2.112
APPLE_ELSTAR,WHOLESALE,NL-GE,7738.19,Monthly,2024-10-01,2024-10-31,KG,2.133,2.133
APPLE_ELSTAR,WHOLESALE,NL-GE,7452.74,Monthly,2024-11-01,2024-11-30,KG,2.124,2.124
APPLE_ELSTAR,WHOLESALE,NL-GE,8214.220000000001,Monthly,2024-12-01,2024-12-31,KG,2.581,2.581
APPLE_ELSTAR,WHOLESALE,NL-GE,7850.92,Monthly,2025-01-01,2025-01-31,KG,2.587,2.587
APPLE_ELSTAR,WHOLESALE,NL-GE,7531.86,Monthly,2025-02-01,2025-02-28,KG,2.605,2.605
APPLE_ELSTAR,WHOLESALE,NL-GE,8680.24,Monthly,2025-03-01,2025-03-31,KG,2.554,2.554
APPLE_ELSTAR,WHOLESALE,NL-GE,7618.139999999999,Monthly,2025-04-01,2025-04-30,KG,2.6,2.6
APPLE_ELSTAR,WHOLESALE,NL-GE,7241.26,Monthly,2025-05-01,2025-05-31,KG,2.623,2.623
APPLE_ELSTAR,WHOLESALE,NL-GE,5933.22,Monthly,2025-06-01,2025-06-30,KG,2.585,2.585
APPLE_ELSTAR,WHOLESALE,NL-GE,6158.33,Monthly,2025-07-01,2025-07-31,KG,2.594,2.594
APPLE_ELSTAR,WHOLESALE,NL-GE,6632.37,Monthly,2025-08-01,2025-08-31,KG,2.221,2.221
APPLE_ELSTAR,WHOLESALE,NL-GE,7126.6,Monthly,2025-09-01,2025-09-30,KG,2.098,2.098
APPLE_ELSTAR,WHOLESALE,NL-GE,7368.18,Monthly,2025-10-01,2025-10-31,KG,2.106,2.106
APPLE_ELSTAR,WHOLESALE,NL-GE,7739.29,Monthly,2025-11-01,2025-11-30,KG,2.106,2.106
APPLE_ELSTAR,WHOLESALE,NL-GE,8251.66,Monthly,2025-12-01,2025-12-31,KG,2.581,2.581
APPLE_ELSTAR,WHOLESALE,NL-GE,7976.02,Monthly,2026-01-01,2026-01-31,KG,2.618,2.618
APPLE_ELSTAR,WHOLESALE,NL-NB,7434.8,Monthly,2023-02-01,2023-02-28,KG,2.657,2.657
APPLE_ELSTAR,WHOLESALE,NL-NB,7305.66,Monthly,2023-03-01,2023-03-31,KG,2.685,2.685
APPLE_ELSTAR,WHOLESALE,NL-NB,6733.52,Monthly,2023-04-01,2023-04-30,KG,2.673,2.673
APPLE_ELSTAR,WHOLESALE,NL-NB,6987.04,Monthly,2023-05-01,2023-05-31,KG,2.667,2.667
APPLE_ELSTAR,WHOLESALE,NL-NB,6485.72,Monthly,2023-06-01,2023-06-30,KG,2.681,2.681
APPLE_ELSTAR,WHOLESALE,NL-NB,6060.15,Monthly,2023-07-01,2023-07-31,KG,2.654,2.654
APPLE_ELSTAR,WHOLESALE,NL-NB,6739.07,Monthly,2023-08-01,2023-08-31,KG,2.29,2.29
APPLE_ELSTAR,WHOLESALE,NL-NB,7780.98,Monthly,2023-09-01,2023-09-30,KG,2.16,2.16
APPLE_ELSTAR,WHOLESALE,NL-NB,7584.07,Monthly,2023-10-01,2023-10-31,KG,2.195,2.195
APPLE_ELSTAR,WHOLESALE,NL-NB,7596.92,Monthly,2023-11-01,2023-11-30,KG,2.181,2.181
APPLE_ELSTAR,WHOLESALE,NL-NB,7995.85,Monthly,2023-12-01,2023-12-31,KG,2.663,2.663
APPLE_ELSTAR,WHOLESALE,NL-NB,8230.54,Monthly,2024-01-01,2024-01-31,KG,2.654,2.654
APPLE_ELSTAR,WHOLESALE,NL-NB,7672.57,Monthly,2024-02-01,2024-02-29,KG,2.69,2.69
APPLE_ELSTAR,WHOLESALE,NL-NB,8268.01,Monthly,2024-03-01,2024-03-31,KG,2.673,2.673
APPLE_ELSTAR,WHOLESALE,NL-NB,6784.97,Monthly,2024-04-01,2024-04-30,KG,2.685,2.685
APPLE_ELSTAR,WHOLESALE,NL-NB,6501.11,Monthly,2024-05-01,2024-05-31,KG,2.684,2.684
APPLE_ELSTAR,WHOLESALE,NL-NB,5903.92,Monthly,2024-06-01,2024-06-30,KG,2.669,2.669
APPLE_ELSTAR,WHOLESALE,NL-NB,6217.34,Monthly,2024-07-01,2024-07-31,KG,2.67,2.67
APPLE_ELSTAR,WHOLESALE,NL-NB,6917.030000000001,Monthly,2024-08-01,2024-08-31,KG,2.285,2.285
APPLE_ELSTAR,WHOLESALE,NL-NB,7156.19,Monthly,2024-09-01,2024-09-30,KG,2.175,2.175
APPLE_ELSTAR,WHOLESALE,NL-NB,7870.56,Monthly,2024-10-01,2024-10-31,KG,2.173,2.173
APPLE_ELSTAR,WHOLESALE,NL-NB,7734.6900000000005,Monthly,2024-11-01,2024-11-30,KG,2.179,2.179
APPLE_ELSTAR,WHOLESALE,NL-NB,8180.71,Monthly,2024-12-01,2024-12-31,KG,2.677,2.677
APPLE_ELSTAR,WHOLESALE,NL-NB,7723.12,Monthly,2025-01-01,2025-01-31,KG,2.684,2.684
APPLE_ELSTAR,WHOLESALE,NL-NB,7478.59,Monthly,2025-02-01,2025-02-28,KG,2.656,2.656
APPLE_ELSTAR,WHOLESALE,NL-NB,9157.35,Monthly,2025-03-01,2025-03-31,KG,2.637,2.637
APPLE_ELSTAR,WHOLESALE,NL-NB,7700.049999999999,Monthly,2025-04-01,2025-04-30,KG,2.669,2.669
APPLE_ELSTAR,WHOLESALE,NL-NB,7384.56,Monthly,2025-05-01,2025-05-31,KG,2.648,2.648
APPLE_ELSTAR,WHOLESALE,NL-NB,6275.05,Monthly,2025-06-01,2025-06-30,KG,2.681,2.681
APPLE_ELSTAR,WHOLESALE,NL-NB,6440.43,Monthly,2025-07-01,2025-07-31,KG,2.66,2.66
APPLE_ELSTAR,WHOLESALE,NL-NB,7102.95,Monthly,2025-08-01,2025-08-31,KG,2.27,2.27
APPLE_ELSTAR,WHOLESALE,NL-NB,7406.4,Monthly,2025-09-01,2025-09-30,KG,2.172,2.172
APPLE_ELSTAR,WHOLESALE,NL-NB,7835.84,Monthly,2025-10-01,2025-10-31,KG,2.17,2.17
APPLE_ELSTAR,WHOLESALE,NL-NB,8094.07,Monthly,2025-11-01,2025-11-30,KG,2.163,2.163
APPLE_ELSTAR,WHOLESALE,NL-NB,8484.41,Monthly,2025-12-01,2025-12-31,KG,2.655,2.655
APPLE_ELSTAR,WHOLESALE,NL-NB,8017.67,Monthly,2026-01-01,2026-01-31,KG,2.672,2.672
APPLE_ELSTAR,WHOLESALE,NL-NH,7764.5599999999995,Monthly,2023-02-01,2023-02-28,KG,2.747,2.747
APPLE_ELSTAR,WHOLESALE,NL-NH,7758.46,Monthly,2023-03-01,2023-03-31,KG,2.765,2.765
APPLE_ELSTAR,WHOLESALE,NL-NH,7042.32,Monthly,2023-04-01,2023-04-30,KG,2.776,2.776
APPLE_ELSTAR,WHOLESALE,NL-NH,7172.18,Monthly,2023-05-01,2023-05-31,KG,2.747,2.747
APPLE_ELSTAR,WHOLESALE,NL-NH,6544.23,Monthly,2023-06-01,2023-06-30,KG,2.775,2.775
APPLE_ELSTAR,WHOLESALE,NL-NH,6219.48,Monthly,2023-07-01,2023-07-31,KG,2.746,2.746
APPLE_ELSTAR,WHOLESALE,NL-NH,7028.3,Monthly,2023-08-01,2023-08-31,KG,2.352,2.352
APPLE_ELSTAR,WHOLESALE,NL-NH,7770.08,Monthly,2023-09-01,2023-09-30,KG,2.253,2.253
APPLE_ELSTAR,WHOLESALE,NL-NH,7773.3099999999995,Monthly,2023-10-01,2023-10-31,KG,2.236,2.236
APPLE_ELSTAR,WHOLESALE,NL-NH,7477.48,Monthly,2023-11-01,2023-11-30,KG,2.239,2.239
APPLE_ELSTAR,WHOLESALE,NL-NH,8238.98,Monthly,2023-12-01,2023-12-31,KG,2.736,2.736
APPLE_ELSTAR,WHOLESALE,NL-NH,8833.1,Monthly,2024-01-01,2024-01-31,KG,2.734,2.734
APPLE_ELSTAR,WHOLESALE,NL-NH,7604.97,Monthly,2024-02-01,2024-02-29,KG,2.753,2.753
APPLE_ELSTAR,WHOLESALE,NL-NH,8448.58,Monthly,2024-03-01,2024-03-31,KG,2.755,2.755
APPLE_ELSTAR,WHOLESALE,NL-NH,7204.38,Monthly,2024-04-01,2024-04-30,KG,2.74,2.74
APPLE_ELSTAR,WHOLESALE,NL-NH,6836.98,Monthly,2024-05-01,2024-05-31,KG,2.762,2.762
APPLE_ELSTAR,WHOLESALE,NL-NH,6138.17,Monthly,2024-06-01,2024-06-30,KG,2.743,2.743
APPLE_ELSTAR,WHOLESALE,NL-NH,6090.8,Monthly,2024-07-01,2024-07-31,KG,2.768,2.768
APPLE_ELSTAR,WHOLESALE,NL-NH,7172.77,Monthly,2024-08-01,2024-08-31,KG,2.373,2.373
APPLE_ELSTAR,WHOLESALE,NL-NH,7293.8099999999995,Monthly,2024-09-01,2024-09-30,KG,2.257,2.257
APPLE_ELSTAR,WHOLESALE,NL-NH,8720.89,Monthly,2024-10-01,2024-10-31,KG,2.253,2.253
APPLE_ELSTAR,WHOLESALE,NL-NH,8143.6900000000005,Monthly,2024-11-01,2024-11-30,KG,2.229,2.229
APPLE_ELSTAR,WHOLESALE,NL-NH,8587.67,Monthly,2024-12-01,2024-12-31,KG,2.734,2.734
APPLE_ELSTAR,WHOLESALE,NL-NH,8615.279999999999,Monthly,2025-01-01,2025-01-31,KG,2.788,2.788
APPLE_ELSTAR,WHOLESALE,NL-NH,8007.18,Monthly,2025-02-01,2025-02-28,KG,2.717,2.717
APPLE_ELSTAR,WHOLESALE,NL-NH,9182.85,Monthly,2025-03-01,2025-03-31,KG,2.74,2.74
APPLE_ELSTAR,WHOLESALE,NL-NH,8123.92,Monthly,2025-04-01,2025-04-30,KG,2.785,2.785
APPLE_ELSTAR,WHOLESALE,NL-NH,7559.35,Monthly,2025-05-01,2025-05-31,KG,2.757,2.757
APPLE_ELSTAR,WHOLESALE,NL-NH,6356.71,Monthly,2025-06-01,2025-06-30,KG,2.73,2.73
APPLE_ELSTAR,WHOLESALE,NL-NH,6474.8099999999995,Monthly,2025-07-01,2025-07-31,KG,2.748,2.748
APPLE_ELSTAR,WHOLESALE,NL-NH,7202.0,Monthly,2025-08-01,2025-08-31,KG,2.35,2.35
APPLE_ELSTAR,WHOLESALE,NL-NH,7467.87,Monthly,2025-09-01,2025-09-30,KG,2.212,2.212
APPLE_ELSTAR,WHOLESALE,NL-NH,7691.95,Monthly,2025-10-01,2025-10-31,KG,2.244,2.244
APPLE_ELSTAR,WHOLESALE,NL-NH,8205.79,Monthly,2025-11-01,2025-11-30,KG,2.23,2.23
APPLE_ELSTAR,WHOLESALE,NL-NH,9223.2,Monthly,2025-12-01,2025-12-31,KG,2.786,2.786
APPLE_ELSTAR,WHOLESALE,NL-NH,8292.33,Monthly,2026-01-01,2026-01-31,KG,2.784,2.784
APPLE_ELSTAR,WHOLESALE,NL-ZH,8022.530000000001,Monthly,2023-02-01,2023-02-28,KG,2.828,2.828
APPLE_ELSTAR,WHOLESALE,NL-ZH,7766.48,Monthly,2023-03-01,2023-03-31,KG,2.845,2.845
APPLE_ELSTAR,WHOLESALE,NL-ZH,7366.4,Monthly,2023-04-01,2023-04-30,KG,2.856,2.856
APPLE_ELSTAR,WHOLESALE,NL-ZH,7576.0599999999995,Monthly,2023-05-01,2023-05-31,KG,2.834,2.834
APPLE_ELSTAR,WHOLESALE,NL-ZH,7227.79,Monthly,2023-06-01,2023-06-30,KG,2.824,2.824
APPLE_ELSTAR,WHOLESALE,NL-ZH,6333.75,Monthly,2023-07-01,2023-07-31,KG,2.851,2.851
APPLE_ELSTAR,WHOLESALE,NL-ZH,7073.37,Monthly,2023-08-01,2023-08-31,KG,2.401,2.401
APPLE_ELSTAR,WHOLESALE,NL-ZH,7659.62,Monthly,2023-09-01,2023-09-30,KG,2.272,2.272
APPLE_ELSTAR,WHOLESALE,NL-ZH,8044.18,Monthly,2023-10-01,2023-10-31,KG,2.3,2.3
APPLE_ELSTAR,WHOLESALE,NL-ZH,7721.57,Monthly,2023-11-01,2023-11-30,KG,2.311,2.311
APPLE_ELSTAR,WHOLESALE,NL-ZH,8487.7,Monthly,2023-12-01,2023-12-31,KG,2.834,2.834
APPLE_ELSTAR,WHOLESALE,NL-ZH,9020.01,Monthly,2024-01-01,2024-01-31,KG,2.843,2.843
APPLE_ELSTAR,WHOLESALE,NL-ZH,7860.66,Monthly,2024-02-01,2024-02-29,KG,2.858,2.858
APPLE_ELSTAR,WHOLESALE,NL-ZH,8530.92,Monthly,2024-03-01,2024-03-31,KG,2.855,2.855
APPLE_ELSTAR,WHOLESALE,NL-ZH,7461.61,Monthly,2024-04-01,2024-04-30,KG,2.834,2.834
APPLE_ELSTAR,WHOLESALE,NL-ZH,7150.77,Monthly,2024-05-01,2024-05-31,KG,2.8,2.8
APPLE_ELSTAR,WHOLESALE,NL-ZH,6356.44,Monthly,2024-06-01,2024-06-30,KG,2.823,2.823
APPLE_ELSTAR,WHOLESALE,NL-ZH,6300.35,Monthly,2024-07-01,2024-07-31,KG,2.833,2.833
APPLE_ELSTAR,WHOLESALE,NL-ZH,7377.48,Monthly,2024-08-01,2024-08-31,KG,2.414,2.414
APPLE_ELSTAR,WHOLESALE,NL-ZH,7420.15,Monthly,2024-09-01,2024-09-30,KG,2.312,2.312
APPLE_ELSTAR,WHOLESALE,NL-ZH,8283.65,Monthly,2024-10-01,2024-10-31,KG,2.303,2.303
APPLE_ELSTAR,WHOLESALE,NL-ZH,8218.619999999999,Monthly,2024-11-01,2024-11-30,KG,2.304,2.304
APPLE_ELSTAR,WHOLESALE,NL-ZH,8658.27,Monthly,2024-12-01,2024-12-31,KG,2.823,2.823
APPLE_ELSTAR,WHOLESALE,NL-ZH,8542.55,Monthly,2025-01-01,2025-01-31,KG,2.828,2.828
APPLE_ELSTAR,WHOLESALE,NL-ZH,7944.81,Monthly,2025-02-01,2025-02-28,KG,2.838,2.838
APPLE_ELSTAR,WHOLESALE,NL-ZH,9375.86,Monthly,2025-03-01,2025-03-31,KG,2.84,2.84
APPLE_ELSTAR,WHOLESALE,NL-ZH,8811.05,Monthly,2025-04-01,2025-04-30,KG,2.839,2.839
APPLE_ELSTAR,WHOLESALE,NL-ZH,7981.28,Monthly,2025-05-01,2025-05-31,KG,2.849,2.849
APPLE_ELSTAR,WHOLESALE,NL-ZH,6776.75,Monthly,2025-06-01,2025-06-30,KG,2.823,2.823
APPLE_ELSTAR,WHOLESALE,NL-ZH,6692.18,Monthly,2025-07-01,2025-07-31,KG,2.846,2.846
APPLE_ELSTAR,WHOLESALE,NL-ZH,7598.76,Monthly,2025-08-01,2025-08-31,KG,2.42,2.42
APPLE_ELSTAR,WHOLESALE,NL-ZH,7858.88,Monthly,2025-09-01,2025-09-30,KG,2.306,2.306
APPLE_ELSTAR,WHOLESALE,NL-ZH,8114.95,Monthly,2025-10-01,2025-10-31,KG,2.3,2.3
APPLE_ELSTAR,WHOLESALE,NL-ZH,8469.95,Monthly,2025-11-01,2025-11-30,KG,2.307,2.307
APPLE_ELSTAR,WHOLESALE,NL-ZH,9300.45,Monthly,2025-12-01,2025-12-31,KG,2.849,2.849
APPLE_ELSTAR,WHOLESALE,NL-ZH,8613.880000000001,Monthly,2026-01-01,2026-01-31,KG,2.848,2.848
APPLE_GALA,ONLINE,NL-GE,3784.26,Monthly,2023-02-01,2023-02-28,KG,2.62,2.62
APPLE_GALA,ONLINE,NL-GE,3931.2599999999998,Monthly,2023-03-01,2023-03-31,KG,2.6,2.6
APPLE_GALA,ONLINE,NL-GE,3517.36,Monthly,2023-04-01,2023-04-30,KG,2.604,2.604
APPLE_GALA,ONLINE,NL-GE,3724.34,Monthly,2023-05-01,2023-05-31,KG,2.571,2.571
APPLE_GALA,ONLINE,NL-GE,3491.08,Monthly,2023-06-01,2023-06-30,KG,2.612,2.612
APPLE_GALA,ONLINE,NL-GE,3124.22,Monthly,2023-07-01,2023-07-31,KG,2.579,2.579
APPLE_GALA,ONLINE,NL-GE,3618.63,Monthly,2023-08-01,2023-08-31,KG,2.212,2.212
APPLE_GALA,ONLINE,NL-GE,4096.780000000001,Monthly,2023-09-01,2023-09-30,KG,2.114,2.114
APPLE_GALA,ONLINE,NL-GE,3970.6099999999997,Monthly,2023-10-01,2023-10-31,KG,2.108,2.108
APPLE_GALA,ONLINE,NL-GE,4017.99,Monthly,2023-11-01,2023-11-30,KG,2.089,2.089
APPLE_GALA,ONLINE,NL-GE,4061.75,Monthly,2023-12-01,2023-12-31,KG,2.609,2.609
APPLE_GALA,ONLINE,NL-GE,4471.12,Monthly,2024-01-01,2024-01-31,KG,2.571,2.571
APPLE_GALA,ONLINE,NL-GE,3724.4700000000003,Monthly,2024-02-01,2024-02-29,KG,2.605,2.605
APPLE_GALA,ONLINE,NL-GE,4295.28,Monthly,2024-03-01,2024-03-31,KG,2.612,2.612
APPLE_GALA,ONLINE,NL-GE,3698.13,Monthly,2024-04-01,2024-04-30,KG,2.569,2.569
APPLE_GALA,ONLINE,NL-GE,3623.2,Monthly,2024-05-01,2024-05-31,KG,2.58,2.58
APPLE_GALA,ONLINE,NL-GE,3203.34,Monthly,2024-06-01,2024-06-30,KG,2.586,2.586
APPLE_GALA,ONLINE,NL-GE,3214.62,Monthly,2024-07-01,2024-07-31,KG,2.592,2.592
APPLE_GALA,ONLINE,NL-GE,3615.87,Monthly,2024-08-01,2024-08-31,KG,2.197,2.197
APPLE_GALA,ONLINE,NL-GE,3733.7,Monthly,2024-09-01,2024-09-30,KG,2.092,2.092
APPLE_GALA,ONLINE,NL-GE,4124.889999999999,Monthly,2024-10-01,2024-10-31,KG,2.139,2.139
APPLE_GALA,ONLINE,NL-GE,4053.75,Monthly,2024-11-01,2024-11-30,KG,2.104,2.104
APPLE_GALA,ONLINE,NL-GE,4340.2300000000005,Monthly,2024-12-01,2024-12-31,KG,2.597,2.597
APPLE_GALA,ONLINE,NL-GE,4295.7699999999995,Monthly,2025-01-01,2025-01-31,KG,2.588,2.588
APPLE_GALA,ONLINE,NL-GE,4091.37,Monthly,2025-02-01,2025-02-28,KG,2.561,2.561
APPLE_GALA,ONLINE,NL-GE,4795.0,Monthly,2025-03-01,2025-03-31,KG,2.602,2.602
APPLE_GALA,ONLINE,NL-GE,4093.0,Monthly,2025-04-01,2025-04-30,KG,2.624,2.624
APPLE_GALA,ONLINE,NL-GE,3778.04,Monthly,2025-05-01,2025-05-31,KG,2.613,2.613
APPLE_GALA,ONLINE,NL-GE,3298.2799999999997,Monthly,2025-06-01,2025-06-30,KG,2.606,2.606
APPLE_GALA,ONLINE,NL-GE,3368.56,Monthly,2025-07-01,2025-07-31,KG,2.566,2.566
APPLE_GALA,ONLINE,NL-GE,3578.79,Monthly,2025-08-01,2025-08-31,KG,2.209,2.209
APPLE_GALA,ONLINE,NL-GE,3842.13,Monthly,2025-09-01,2025-09-30,KG,2.112,2.112
APPLE_GALA,ONLINE,NL-GE,4005.15,Monthly,2025-10-01,2025-10-31,KG,2.111,2.111
APPLE_GALA,ONLINE,NL-GE,4330.05,Monthly,2025-11-01,2025-11-30,KG,2.117,2.117
APPLE_GALA,ONLINE,NL-GE,4764.2,Monthly,2025-12-01,2025-12-31,KG,2.584,2.584
APPLE_GALA,ONLINE,NL-GE,4231.43,Monthly,2026-01-01,2026-01-31,KG,2.609,2.609
APPLE_GALA,ONLINE,NL-NB,3941.04,Monthly,2023-02-01,2023-02-28,KG,2.686,2.686
APPLE_GALA,ONLINE,NL-NB,4159.56,Monthly,2023-03-01,2023-03-31,KG,2.718,2.718
APPLE_GALA,ONLINE,NL-NB,3670.26,Monthly,2023-04-01,2023-04-30,KG,2.691,2.691
APPLE_GALA,ONLINE,NL-NB,3864.4,Monthly,2023-05-01,2023-05-31,KG,2.642,2.642
APPLE_GALA,ONLINE,NL-NB,3569.24,Monthly,2023-06-01,2023-06-30,KG,2.662,2.662
APPLE_GALA,ONLINE,NL-NB,3411.08,Monthly,2023-07-01,2023-07-31,KG,2.661,2.661
APPLE_GALA,ONLINE,NL-NB,3565.16,Monthly,2023-08-01,2023-08-31,KG,2.282,2.282
APPLE_GALA,ONLINE,NL-NB,4085.7200000000003,Monthly,2023-09-01,2023-09-30,KG,2.171,2.171
APPLE_GALA,ONLINE,NL-NB,4202.97,Monthly,2023-10-01,2023-10-31,KG,2.176,2.176
APPLE_GALA,ONLINE,NL-NB,4144.04,Monthly,2023-11-01,2023-11-30,KG,2.187,2.187
APPLE_GALA,ONLINE,NL-NB,4198.55,Monthly,2023-12-01,2023-12-31,KG,2.668,2.668
APPLE_GALA,ONLINE,NL-NB,4610.77,Monthly,2024-01-01,2024-01-31,KG,2.694,2.694
APPLE_GALA,ONLINE,NL-NB,4135.15,Monthly,2024-02-01,2024-02-29,KG,2.65,2.65
APPLE_GALA,ONLINE,NL-NB,4406.24,Monthly,2024-03-01,2024-03-31,KG,2.632,2.632
APPLE_GALA,ONLINE,NL-NB,3850.4700000000003,Monthly,2024-04-01,2024-04-30,KG,2.684,2.684
APPLE_GALA,ONLINE,NL-NB,3523.46,Monthly,2024-05-01,2024-05-31,KG,2.721,2.721
APPLE_GALA,ONLINE,NL-NB,3232.2,Monthly,2024-06-01,2024-06-30,KG,2.674,2.674
APPLE_GALA,ONLINE,NL-NB,3384.7799999999997,Monthly,2024-07-01,2024-07-31,KG,2.668,2.668
APPLE_GALA,ONLINE,NL-NB,3770.97,Monthly,2024-08-01,2024-08-31,KG,2.284,2.284
APPLE_GALA,ONLINE,NL-NB,3932.61,Monthly,2024-09-01,2024-09-30,KG,2.169,2.169
APPLE_GALA,ONLINE,NL-NB,4425.3,Monthly,2024-10-01,2024-10-31,KG,2.205,2.205
APPLE_GALA,ONLINE,NL-NB,4273.27,Monthly,2024-11-01,2024-11-30,KG,2.136,2.136
APPLE_GALA,ONLINE,NL-NB,4499.85,Monthly,2024-12-01,2024-12-31,KG,2.676,2.676
APPLE_GALA,ONLINE,NL-NB,4439.24,Monthly,2025-01-01,2025-01-31,KG,2.681,2.681
APPLE_GALA,ONLINE,NL-NB,4269.18,Monthly,2025-02-01,2025-02-28,KG,2.668,2.668
APPLE_GALA,ONLINE,NL-NB,4825.6900000000005,Monthly,2025-03-01,2025-03-31,KG,2.678,2.678
APPLE_GALA,ONLINE,NL-NB,4142.54,Monthly,2025-04-01,2025-04-30,KG,2.635,2.635
APPLE_GALA,ONLINE,NL-NB,3926.66,Monthly,2025-05-01,2025-05-31,KG,2.681,2.681
APPLE_GALA,ONLINE,NL-NB,3449.7,Monthly,2025-06-01,2025-06-30,KG,2.682,2.682
APPLE_GALA,ONLINE,NL-NB,3475.63,Monthly,2025-07-01,2025-07-31,KG,2.675,2.675
APPLE_GALA,ONLINE,NL-NB,3783.01,Monthly,2025-08-01,2025-08-31,KG,2.276,2.276
APPLE_GALA,ONLINE,NL-NB,4024.5699999999997,Monthly,2025-09-01,2025-09-30,KG,2.176,2.176
APPLE_GALA,ONLINE,NL-NB,4157.87,Monthly,2025-10-01,2025-10-31,KG,2.172,2.172
APPLE_GALA,ONLINE,NL-NB,4353.25,Monthly,2025-11-01,2025-11-30,KG,2.181,2.181
APPLE_GALA,ONLINE,NL-NB,4809.43,Monthly,2025-12-01,2025-12-31,KG,2.706,2.706
APPLE_GALA,ONLINE,NL-NB,4526.23,Monthly,2026-01-01,2026-01-31,KG,2.662,2.662
APPLE_GALA,ONLINE,NL-NH,4308.63,Monthly,2023-02-01,2023-02-28,KG,2.756,2.756
APPLE_GALA,ONLINE,NL-NH,4130.08,Monthly,2023-03-01,2023-03-31,KG,2.783,2.783
APPLE_GALA,ONLINE,NL-NH,3895.91,Monthly,2023-04-01,2023-04-30,KG,2.786,2.786
APPLE_GALA,ONLINE,NL-NH,3907.24,Monthly,2023-05-01,2023-05-31,KG,2.747,2.747
APPLE_GALA,ONLINE,NL-NH,3716.79,Monthly,2023-06-01,2023-06-30,KG,2.731,2.731
APPLE_GALA,ONLINE,NL-NH,3487.33,Monthly,2023-07-01,2023-07-31,KG,2.752,2.752
APPLE_GALA,ONLINE,NL-NH,3852.69,Monthly,2023-08-01,2023-08-31,KG,2.316,2.316
APPLE_GALA,ONLINE,NL-NH,4358.82,Monthly,2023-09-01,2023-09-30,KG,2.262,2.262
APPLE_GALA,ONLINE,NL-NH,4144.75,Monthly,2023-10-01,2023-10-31,KG,2.25,2.25
APPLE_GALA,ONLINE,NL-NH,4117.28,Monthly,2023-11-01,2023-11-30,KG,2.228,2.228
APPLE_GALA,ONLINE,NL-NH,4316.04,Monthly,2023-12-01,2023-12-31,KG,2.767,2.767
APPLE_GALA,ONLINE,NL-NH,4678.71,Monthly,2024-01-01,2024-01-31,KG,2.752,2.752
APPLE_GALA,ONLINE,NL-NH,4006.4,Monthly,2024-02-01,2024-02-29,KG,2.752,2.752
APPLE_GALA,ONLINE,NL-NH,4492.42,Monthly,2024-03-01,2024-03-31,KG,2.73,2.73
APPLE_GALA,ONLINE,NL-NH,4037.91,Monthly,2024-04-01,2024-04-30,KG,2.717,2.717
APPLE_GALA,ONLINE,NL-NH,3818.44,Monthly,2024-05-01,2024-05-31,KG,2.766,2.766
APPLE_GALA,ONLINE,NL-NH,3375.01,Monthly,2024-06-01,2024-06-30,KG,2.791,2.791
APPLE_GALA,ONLINE,NL-NH,3248.64,Monthly,2024-07-01,2024-07-31,KG,2.783,2.783
APPLE_GALA,ONLINE,NL-NH,3902.93,Monthly,2024-08-01,2024-08-31,KG,2.345,2.345
APPLE_GALA,ONLINE,NL-NH,4005.7300000000005,Monthly,2024-09-01,2024-09-30,KG,2.238,2.238
APPLE_GALA,ONLINE,NL-NH,4729.61,Monthly,2024-10-01,2024-10-31,KG,2.239,2.239
APPLE_GALA,ONLINE,NL-NH,4311.73,Monthly,2024-11-01,2024-11-30,KG,2.246,2.246
APPLE_GALA,ONLINE,NL-NH,4520.860000000001,Monthly,2024-12-01,2024-12-31,KG,2.736,2.736
APPLE_GALA,ONLINE,NL-NH,4558.77,Monthly,2025-01-01,2025-01-31,KG,2.749,2.749
APPLE_GALA,ONLINE,NL-NH,4227.08,Monthly,2025-02-01,2025-02-28,KG,2.794,2.794
APPLE_GALA,ONLINE,NL-NH,4986.12,Monthly,2025-03-01,2025-03-31,KG,2.737,2.737
APPLE_GALA,ONLINE,NL-NH,4335.6900000000005,Monthly,2025-04-01,2025-04-30,KG,2.77,2.77
APPLE_GALA,ONLINE,NL-NH,4034.9,Monthly,2025-05-01,2025-05-31,KG,2.781,2.781
APPLE_GALA,ONLINE,NL-NH,3546.65,Monthly,2025-06-01,2025-06-30,KG,2.744,2.744
APPLE_GALA,ONLINE,NL-NH,3654.38,Monthly,2025-07-01,2025-07-31,KG,2.776,2.776
APPLE_GALA,ONLINE,NL-NH,3760.84,Monthly,2025-08-01,2025-08-31,KG,2.363,2.363
APPLE_GALA,ONLINE,NL-NH,4013.26,Monthly,2025-09-01,2025-09-30,KG,2.24,2.24
APPLE_GALA,ONLINE,NL-NH,4177.8099999999995,Monthly,2025-10-01,2025-10-31,KG,2.225,2.225
APPLE_GALA,ONLINE,NL-NH,4294.84,Monthly,2025-11-01,2025-11-30,KG,2.25,2.25
APPLE_GALA,ONLINE,NL-NH,4872.92,Monthly,2025-12-01,2025-12-31,KG,2.748,2.748
APPLE_GALA,ONLINE,NL-NH,4610.99,Monthly,2026-01-01,2026-01-31,KG,2.779,2.779
APPLE_GALA,ONLINE,NL-ZH,4200.34,Monthly,2023-02-01,2023-02-28,KG,2.851,2.851
APPLE_GALA,ONLINE,NL-ZH,4483.52,Monthly,2023-03-01,2023-03-31,KG,2.828,2.828
APPLE_GALA,ONLINE,NL-ZH,4043.46,Monthly,2023-04-01,2023-04-30,KG,2.847,2.847
APPLE_GALA,ONLINE,NL-ZH,4017.13,Monthly,2023-05-01,2023-05-31,KG,2.812,2.812
APPLE_GALA,ONLINE,NL-ZH,3967.86,Monthly,2023-06-01,2023-06-30,KG,2.839,2.839
APPLE_GALA,ONLINE,NL-ZH,3308.73,Monthly,2023-07-01,2023-07-31,KG,2.837,2.837
APPLE_GALA,ONLINE,NL-ZH,3922.99,Monthly,2023-08-01,2023-08-31,KG,2.428,2.428
APPLE_GALA,ONLINE,NL-ZH,4437.45,Monthly,2023-09-01,2023-09-30,KG,2.3,2.3
APPLE_GALA,ONLINE,NL-ZH,4245.1,Monthly,2023-10-01,2023-10-31,KG,2.308,2.308
APPLE_GALA,ONLINE,NL-ZH,4445.55,Monthly,2023-11-01,2023-11-30,KG,2.341,2.341
APPLE_GALA,ONLINE,NL-ZH,4494.25,Monthly,2023-12-01,2023-12-31,KG,2.826,2.826
APPLE_GALA,ONLINE,NL-ZH,4993.41,Monthly,2024-01-01,2024-01-31,KG,2.853,2.853
APPLE_GALA,ONLINE,NL-ZH,4262.96,Monthly,2024-02-01,2024-02-29,KG,2.856,2.856
APPLE_GALA,ONLINE,NL-ZH,4674.1900000000005,Monthly,2024-03-01,2024-03-31,KG,2.828,2.828
APPLE_GALA,ONLINE,NL-ZH,4051.0200000000004,Monthly,2024-04-01,2024-04-30,KG,2.861,2.861
APPLE_GALA,ONLINE,NL-ZH,3963.79,Monthly,2024-05-01,2024-05-31,KG,2.831,2.831
APPLE_GALA,ONLINE,NL-ZH,3541.96,Monthly,2024-06-01,2024-06-30,KG,2.846,2.846
APPLE_GALA,ONLINE,NL-ZH,3211.3199999999997,Monthly,2024-07-01,2024-07-31,KG,2.83,2.83
APPLE_GALA,ONLINE,NL-ZH,4091.65,Monthly,2024-08-01,2024-08-31,KG,2.413,2.413
APPLE_GALA,ONLINE,NL-ZH,4121.79,Monthly,2024-09-01,2024-09-30,KG,2.306,2.306
APPLE_GALA,ONLINE,NL-ZH,4740.6900000000005,Monthly,2024-10-01,2024-10-31,KG,2.312,2.312
APPLE_GALA,ONLINE,NL-ZH,4587.58,Monthly,2024-11-01,2024-11-30,KG,2.319,2.319
APPLE_GALA,ONLINE,NL-ZH,4707.34,Monthly,2024-12-01,2024-12-31,KG,2.867,2.867
APPLE_GALA,ONLINE,NL-ZH,4727.82,Monthly,2025-01-01,2025-01-31,KG,2.847,2.847
APPLE_GALA,ONLINE,NL-ZH,4197.33,Monthly,2025-02-01,2025-02-28,KG,2.84,2.84
APPLE_GALA,ONLINE,NL-ZH,5183.34,Monthly,2025-03-01,2025-03-31,KG,2.866,2.866
APPLE_GALA,ONLINE,NL-ZH,4850.11,Monthly,2025-04-01,2025-04-30,KG,2.84,2.84
APPLE_GALA,ONLINE,NL-ZH,4067.2300000000005,Monthly,2025-05-01,2025-05-31,KG,2.841,2.841
APPLE_GALA,ONLINE,NL-ZH,3703.65,Monthly,2025-06-01,2025-06-30,KG,2.873,2.873
APPLE_GALA,ONLINE,NL-ZH,3726.76,Monthly,2025-07-01,2025-07-31,KG,2.844,2.844
APPLE_GALA,ONLINE,NL-ZH,4111.88,Monthly,2025-08-01,2025-08-31,KG,2.427,2.427
APPLE_GALA,ONLINE,NL-ZH,4154.219999999999,Monthly,2025-09-01,2025-09-30,KG,2.291,2.291
APPLE_GALA,ONLINE,NL-ZH,4513.3,Monthly,2025-10-01,2025-10-31,KG,2.304,2.304
APPLE_GALA,ONLINE,NL-ZH,4643.1,Monthly,2025-11-01,2025-11-30,KG,2.315,2.315
APPLE_GALA,ONLINE,NL-ZH,5226.7,Monthly,2025-12-01,2025-12-31,KG,2.85,2.85
APPLE_GALA,ONLINE,NL-ZH,4612.82,Monthly,2026-01-01,2026-01-31,KG,2.861,2.861
APPLE_GALA,RETAIL,NL-GE,7775.15,Monthly,2023-02-01,2023-02-28,KG,2.58,2.58
APPLE_GALA,RETAIL,NL-GE,8245.48,Monthly,2023-03-01,2023-03-31,KG,2.543,2.582
APPLE_GALA,RETAIL,NL-GE,7469.49,Monthly,2023-04-01,2023-04-30,KG,2.589,2.589
APPLE_GALA,RETAIL,NL-GE,7622.84,Monthly,2023-05-01,2023-05-31,KG,2.572,2.572
APPLE_GALA,RETAIL,NL-GE,6942.33,Monthly,2023-06-01,2023-06-30,KG,2.575,2.575
APPLE_GALA,RETAIL,NL-GE,6454.89,Monthly,2023-07-01,2023-07-31,KG,2.597,2.597
APPLE_GALA,RETAIL,NL-GE,6716.67,Monthly,2023-08-01,2023-08-31,KG,2.217,2.217
APPLE_GALA,RETAIL,NL-GE,8164.59,Monthly,2023-09-01,2023-09-30,KG,2.124,2.124
APPLE_GALA,RETAIL,NL-GE,8489.12,Monthly,2023-10-01,2023-10-31,KG,2.02,2.103
APPLE_GALA,RETAIL,NL-GE,7910.98,Monthly,2023-11-01,2023-11-30,KG,2.126,2.126
APPLE_GALA,RETAIL,NL-GE,8115.41,Monthly,2023-12-01,2023-12-31,KG,2.6,2.6
APPLE_GALA,RETAIL,NL-GE,8524.36,Monthly,2024-01-01,2024-01-31,KG,2.554,2.554
APPLE_GALA,RETAIL,NL-GE,7726.2,Monthly,2024-02-01,2024-02-29,KG,2.582,2.582
APPLE_GALA,RETAIL,NL-GE,8879.58,Monthly,2024-03-01,2024-03-31,KG,2.631,2.631
APPLE_GALA,RETAIL,NL-GE,7322.14,Monthly,2024-04-01,2024-04-30,KG,2.601,2.601
APPLE_GALA,RETAIL,NL-GE,7325.32,Monthly,2024-05-01,2024-05-31,KG,2.629,2.629
APPLE_GALA,RETAIL,NL-GE,5964.18,Monthly,2024-06-01,2024-06-30,KG,2.594,2.594
APPLE_GALA,RETAIL,NL-GE,6379.78,Monthly,2024-07-01,2024-07-31,KG,2.584,2.584
APPLE_GALA,RETAIL,NL-GE,7138.41,Monthly,2024-08-01,2024-08-31,KG,2.233,2.233
APPLE_GALA,RETAIL,NL-GE,7601.719999999999,Monthly,2024-09-01,2024-09-30,KG,2.078,2.078
APPLE_GALA,RETAIL,NL-GE,8338.24,Monthly,2024-10-01,2024-10-31,KG,2.104,2.104
APPLE_GALA,RETAIL,NL-GE,8174.25,Monthly,2024-11-01,2024-11-30,KG,2.098,2.098
APPLE_GALA,RETAIL,NL-GE,8641.18,Monthly,2024-12-01,2024-12-31,KG,2.592,2.592
APPLE_GALA,RETAIL,NL-GE,8405.69,Monthly,2025-01-01,2025-01-31,KG,2.581,2.581
APPLE_GALA,RETAIL,NL-GE,8391.91,Monthly,2025-02-01,2025-02-28,KG,2.504,2.583
APPLE_GALA,RETAIL,NL-GE,9648.66,Monthly,2025-03-01,2025-03-31,KG,2.575,2.575
APPLE_GALA,RETAIL,NL-GE,8431.28,Monthly,2025-04-01,2025-04-30,KG,2.627,2.627
APPLE_GALA,RETAIL,NL-GE,7606.8099999999995,Monthly,2025-05-01,2025-05-31,KG,2.601,2.601
APPLE_GALA,RETAIL,NL-GE,6526.33,Monthly,2025-06-01,2025-06-30,KG,2.576,2.576
APPLE_GALA,RETAIL,NL-GE,6698.08,Monthly,2025-07-01,2025-07-31,KG,2.6,2.6
APPLE_GALA,RETAIL,NL-GE,7540.62,Monthly,2025-08-01,2025-08-31,KG,2.175,2.205
APPLE_GALA,RETAIL,NL-GE,7576.29,Monthly,2025-09-01,2025-09-30,KG,2.12,2.129
APPLE_GALA,RETAIL,NL-GE,7816.860000000001,Monthly,2025-10-01,2025-10-31,KG,2.1,2.1
APPLE_GALA,RETAIL,NL-GE,8152.23,Monthly,2025-11-01,2025-11-30,KG,2.098,2.098
APPLE_GALA,RETAIL,NL-GE,9084.27,Monthly,2025-12-01,2025-12-31,KG,2.617,2.617
APPLE_GALA,RETAIL,NL-GE,8423.01,Monthly,2026-01-01,2026-01-31,KG,2.584,2.584
APPLE_GALA,RETAIL,NL-NB,8012.91,Monthly,2023-02-01,2023-02-28,KG,2.666,2.666
APPLE_GALA,RETAIL,NL-NB,8168.47,Monthly,2023-03-01,2023-03-31,KG,2.683,2.683
APPLE_GALA,RETAIL,NL-NB,7242.24,Monthly,2023-04-01,2023-04-30,KG,2.67,2.67
APPLE_GALA,RETAIL,NL-NB,7459.26,Monthly,2023-05-01,2023-05-31,KG,2.647,2.647
APPLE_GALA,RETAIL,NL-NB,7212.91,Monthly,2023-06-01,2023-06-30,KG,2.692,2.692
APPLE_GALA,RETAIL,NL-NB,6814.18,Monthly,2023-07-01,2023-07-31,KG,2.694,2.694
APPLE_GALA,RETAIL,NL-NB,8136.23,Monthly,2023-08-01,2023-08-31,KG,2.089,2.269
APPLE_GALA,RETAIL,NL-NB,8431.06,Monthly,2023-09-01,2023-09-30,KG,2.193,2.193
APPLE_GALA,RETAIL,NL-NB,8560.82,Monthly,2023-10-01,2023-10-31,KG,2.181,2.181
APPLE_GALA,RETAIL,NL-NB,8292.1,Monthly,2023-11-01,2023-11-30,KG,2.201,2.201
APPLE_GALA,RETAIL,NL-NB,8651.96,Monthly,2023-12-01,2023-12-31,KG,2.65,2.65
APPLE_GALA,RETAIL,NL-NB,8812.65,Monthly,2024-01-01,2024-01-31,KG,2.653,2.653
APPLE_GALA,RETAIL,NL-NB,8419.67,Monthly,2024-02-01,2024-02-29,KG,2.656,2.656
APPLE_GALA,RETAIL,NL-NB,8990.07,Monthly,2024-03-01,2024-03-31,KG,2.697,2.697
APPLE_GALA,RETAIL,NL-NB,7534.91,Monthly,2024-04-01,2024-04-30,KG,2.66,2.66
APPLE_GALA,RETAIL,NL-NB,6914.05,Monthly,2024-05-01,2024-05-31,KG,2.681,2.681
APPLE_GALA,RETAIL,NL-NB,6663.71,Monthly,2024-06-01,2024-06-30,KG,2.655,2.655
APPLE_GALA,RETAIL,NL-NB,6651.36,Monthly,2024-07-01,2024-07-31,KG,2.696,2.696
APPLE_GALA,RETAIL,NL-NB,7392.46,Monthly,2024-08-01,2024-08-31,KG,2.276,2.276
APPLE_GALA,RETAIL,NL-NB,7982.92,Monthly,2024-09-01,2024-09-30,KG,2.185,2.185
APPLE_GALA,RETAIL,NL-NB,8466.66,Monthly,2024-10-01,2024-10-31,KG,2.178,2.178
APPLE_GALA,RETAIL,NL-NB,8375.24,Monthly,2024-11-01,2024-11-30,KG,2.155,2.155
APPLE_GALA,RETAIL,NL-NB,8651.66,Monthly,2024-12-01,2024-12-31,KG,2.681,2.681
APPLE_GALA,RETAIL,NL-NB,8472.93,Monthly,2025-01-01,2025-01-31,KG,2.687,2.687
APPLE_GALA,RETAIL,NL-NB,8711.61,Monthly,2025-02-01,2025-02-28,KG,2.62,2.659
APPLE_GALA,RETAIL,NL-NB,9916.460000000001,Monthly,2025-03-01,2025-03-31,KG,2.641,2.641
APPLE_GALA,RETAIL,NL-NB,8100.25,Monthly,2025-04-01,2025-04-30,KG,2.68,2.68
APPLE_GALA,RETAIL,NL-NB,7697.950000000001,Monthly,2025-05-01,2025-05-31,KG,2.639,2.702
APPLE_GALA,RETAIL,NL-NB,6859.83,Monthly,2025-06-01,2025-06-30,KG,2.655,2.655
APPLE_GALA,RETAIL,NL-NB,6686.91,Monthly,2025-07-01,2025-07-31,KG,2.7,2.7
APPLE_GALA,RETAIL,NL-NB,7609.110000000001,Monthly,2025-08-01,2025-08-31,KG,2.28,2.28
APPLE_GALA,RETAIL,NL-NB,7902.02,Monthly,2025-09-01,2025-09-30,KG,2.16,2.16
APPLE_GALA,RETAIL,NL-NB,8143.530000000001,Monthly,2025-10-01,2025-10-31,KG,2.199,2.199
APPLE_GALA,RETAIL,NL-NB,9148.04,Monthly,2025-11-01,2025-11-30,KG,2.19,2.19
APPLE_GALA,RETAIL,NL-NB,10107.94,Monthly,2025-12-01,2025-12-31,KG,2.469,2.667
APPLE_GALA,RETAIL,NL-NB,8789.3,Monthly,2026-01-01,2026-01-31,KG,2.664,2.664
APPLE_GALA,RETAIL,NL-NH,8501.4,Monthly,2023-02-01,2023-02-28,KG,2.747,2.747
APPLE_GALA,RETAIL,NL-NH,8372.02,Monthly,2023-03-01,2023-03-31,KG,2.769,2.769
APPLE_GALA,RETAIL,NL-NH,7754.82,Monthly,2023-04-01,2023-04-30,KG,2.765,2.765
APPLE_GALA,RETAIL,NL-NH,7640.43,Monthly,2023-05-01,2023-05-31,KG,2.743,2.743
APPLE_GALA,RETAIL,NL-NH,7333.360000000001,Monthly,2023-06-01,2023-06-30,KG,2.797,2.797
APPLE_GALA,RETAIL,NL-NH,6815.2,Monthly,2023-07-01,2023-07-31,KG,2.749,2.749
APPLE_GALA,RETAIL,NL-NH,7257.04,Monthly,2023-08-01,2023-08-31,KG,2.302,2.356
APPLE_GALA,RETAIL,NL-NH,8749.9,Monthly,2023-09-01,2023-09-30,KG,2.212,2.226
APPLE_GALA,RETAIL,NL-NH,8178.68,Monthly,2023-10-01,2023-10-31,KG,2.233,2.233
APPLE_GALA,RETAIL,NL-NH,8077.98,Monthly,2023-11-01,2023-11-30,KG,2.221,2.221
APPLE_GALA,RETAIL,NL-NH,9114.3,Monthly,2023-12-01,2023-12-31,KG,2.745,2.745
APPLE_GALA,RETAIL,NL-NH,9195.05,Monthly,2024-01-01,2024-01-31,KG,2.715,2.715
APPLE_GALA,RETAIL,NL-NH,8188.99,Monthly,2024-02-01,2024-02-29,KG,2.81,2.81
APPLE_GALA,RETAIL,NL-NH,9198.15,Monthly,2024-03-01,2024-03-31,KG,2.781,2.781
APPLE_GALA,RETAIL,NL-NH,7847.88,Monthly,2024-04-01,2024-04-30,KG,2.758,2.758
APPLE_GALA,RETAIL,NL-NH,7299.780000000001,Monthly,2024-05-01,2024-05-31,KG,2.765,2.765
APPLE_GALA,RETAIL,NL-NH,6581.790000000001,Monthly,2024-06-01,2024-06-30,KG,2.766,2.766
APPLE_GALA,RETAIL,NL-NH,6567.07,Monthly,2024-07-01,2024-07-31,KG,2.743,2.743
APPLE_GALA,RETAIL,NL-NH,8089.860000000001,Monthly,2024-08-01,2024-08-31,KG,2.343,2.357
APPLE_GALA,RETAIL,NL-NH,8174.25,Monthly,2024-09-01,2024-09-30,KG,2.271,2.271
APPLE_GALA,RETAIL,NL-NH,9207.91,Monthly,2024-10-01,2024-10-31,KG,2.238,2.238
APPLE_GALA,RETAIL,NL-NH,8774.02,Monthly,2024-11-01,2024-11-30,KG,2.261,2.261
APPLE_GALA,RETAIL,NL-NH,9353.75,Monthly,2024-12-01,2024-12-31,KG,2.791,2.791
APPLE_GALA,RETAIL,NL-NH,9041.18,Monthly,2025-01-01,2025-01-31,KG,2.777,2.777
APPLE_GALA,RETAIL,NL-NH,8543.85,Monthly,2025-02-01,2025-02-28,KG,2.751,2.751
APPLE_GALA,RETAIL,NL-NH,10359.04,Monthly,2025-03-01,2025-03-31,KG,2.766,2.766
APPLE_GALA,RETAIL,NL-NH,8708.720000000001,Monthly,2025-04-01,2025-04-30,KG,2.759,2.759
APPLE_GALA,RETAIL,NL-NH,8659.48,Monthly,2025-05-01,2025-05-31,KG,2.667,2.771
APPLE_GALA,RETAIL,NL-NH,6954.6900000000005,Monthly,2025-06-01,2025-06-30,KG,2.762,2.762
APPLE_GALA,RETAIL,NL-NH,6664.27,Monthly,2025-07-01,2025-07-31,KG,2.772,2.772
APPLE_GALA,RETAIL,NL-NH,7774.85,Monthly,2025-08-01,2025-08-31,KG,2.364,2.364
APPLE_GALA,RETAIL,NL-NH,7941.58,Monthly,2025-09-01,2025-09-30,KG,2.247,2.247
APPLE_GALA,RETAIL,NL-NH,8180.719999999999,Monthly,2025-10-01,2025-10-31,KG,2.252,2.252
APPLE_GALA,RETAIL,NL-NH,8944.1,Monthly,2025-11-01,2025-11-30,KG,2.235,2.235
APPLE_GALA,RETAIL,NL-NH,9547.93,Monthly,2025-12-01,2025-12-31,KG,2.758,2.758
APPLE_GALA,RETAIL,NL-NH,9061.810000000001,Monthly,2026-01-01,2026-01-31,KG,2.763,2.763
APPLE_GALA,RETAIL,NL-ZH,8633.69,Monthly,2023-02-01,2023-02-28,KG,2.829,2.829
APPLE_GALA,RETAIL,NL-ZH,8497.23,Monthly,2023-03-01,2023-03-31,KG,2.809,2.809
APPLE_GALA,RETAIL,NL-ZH,7955.2,Monthly,2023-04-01,2023-04-30,KG,2.82,2.82
APPLE_GALA,RETAIL,NL-ZH,7916.0599999999995,Monthly,2023-05-01,2023-05-31,KG,2.855,2.855
APPLE_GALA,RETAIL,NL-ZH,7730.15,Monthly,2023-06-01,2023-06-30,KG,2.824,2.824
APPLE_GALA,RETAIL,NL-ZH,6861.24,Monthly,2023-07-01,2023-07-31,KG,2.812,2.812
APPLE_GALA,RETAIL,NL-ZH,7380.16,Monthly,2023-08-01,2023-08-31,KG,2.413,2.413
APPLE_GALA,RETAIL,NL-ZH,8576.66,Monthly,2023-09-01,2023-09-30,KG,2.306,2.306
APPLE_GALA,RETAIL,NL-ZH,8691.21,Monthly,2023-10-01,2023-10-31,KG,2.35,2.35
APPLE_GALA,RETAIL,NL-ZH,8668.19,Monthly,2023-11-01,2023-11-30,KG,2.318,2.318
APPLE_GALA,RETAIL,NL-ZH,9361.03,Monthly,2023-12-01,2023-12-31,KG,2.835,2.835
APPLE_GALA,RETAIL,NL-ZH,9701.94,Monthly,2024-01-01,2024-01-31,KG,2.826,2.826
APPLE_GALA,RETAIL,NL-ZH,8649.68,Monthly,2024-02-01,2024-02-29,KG,2.873,2.873
APPLE_GALA,RETAIL,NL-ZH,9506.869999999999,Monthly,2024-03-01,2024-03-31,KG,2.863,2.863
APPLE_GALA,RETAIL,NL-ZH,8212.5,Monthly,2024-04-01,2024-04-30,KG,2.859,2.859
APPLE_GALA,RETAIL,NL-ZH,7656.42,Monthly,2024-05-01,2024-05-31,KG,2.842,2.842
APPLE_GALA,RETAIL,NL-ZH,7139.9,Monthly,2024-06-01,2024-06-30,KG,2.846,2.846
APPLE_GALA,RETAIL,NL-ZH,6853.15,Monthly,2024-07-01,2024-07-31,KG,2.797,2.797
APPLE_GALA,RETAIL,NL-ZH,8048.25,Monthly,2024-08-01,2024-08-31,KG,2.398,2.398
APPLE_GALA,RETAIL,NL-ZH,7979.59,Monthly,2024-09-01,2024-09-30,KG,2.287,2.287
APPLE_GALA,RETAIL,NL-ZH,9293.46,Monthly,2024-10-01,2024-10-31,KG,2.319,2.319
APPLE_GALA,RETAIL,NL-ZH,9092.75,Monthly,2024-11-01,2024-11-30,KG,2.328,2.328
APPLE_GALA,RETAIL,NL-ZH,9511.08,Monthly,2024-12-01,2024-12-31,KG,2.852,2.852
APPLE_GALA,RETAIL,NL-ZH,9620.65,Monthly,2025-01-01,2025-01-31,KG,2.848,2.848
APPLE_GALA,RETAIL,NL-ZH,8649.68,Monthly,2025-02-01,2025-02-28,KG,2.89,2.89
APPLE_GALA,RETAIL,NL-ZH,10383.05,Monthly,2025-03-01,2025-03-31,KG,2.831,2.831
APPLE_GALA,RETAIL,NL-ZH,9350.06,Monthly,2025-04-01,2025-04-30,KG,2.848,2.848
APPLE_GALA,RETAIL,NL-ZH,8611.960000000001,Monthly,2025-05-01,2025-05-31,KG,2.845,2.845
APPLE_GALA,RETAIL,NL-ZH,8409.04,Monthly,2025-06-01,2025-06-30,KG,2.501,2.806
APPLE_GALA,RETAIL,NL-ZH,7409.24,Monthly,2025-07-01,2025-07-31,KG,2.838,2.852
APPLE_GALA,RETAIL,NL-ZH,8724.17,Monthly,2025-08-01,2025-08-31,KG,2.4,2.428
APPLE_GALA,RETAIL,NL-ZH,8557.79,Monthly,2025-09-01,2025-09-30,KG,2.325,2.325
APPLE_GALA,RETAIL,NL-ZH,8686.279999999999,Monthly,2025-10-01,2025-10-31,KG,2.313,2.313
APPLE_GALA,RETAIL,NL-ZH,9259.75,Monthly,2025-11-01,2025-11-30,KG,2.342,2.342
APPLE_GALA,RETAIL,NL-ZH,9939.24,Monthly,2025-12-01,2025-12-31,KG,2.839,2.839
APPLE_GALA,RETAIL,NL-ZH,9291.060000000001,Monthly,2026-01-01,2026-01-31,KG,2.813,2.813
APPLE_GALA,WHOLESALE,NL-GE,6551.4,Monthly,2023-02-01,2023-02-28,KG,2.57,2.57
APPLE_GALA,WHOLESALE,NL-GE,6555.780000000001,Monthly,2023-03-01,2023-03-31,KG,2.571,2.571
APPLE_GALA,WHOLESALE,NL-GE,6174.84,Monthly,2023-04-01,2023-04-30,KG,2.604,2.604
APPLE_GALA,WHOLESALE,NL-GE,6147.77,Monthly,2023-05-01,2023-05-31,KG,2.593,2.593
APPLE_GALA,WHOLESALE,NL-GE,5730.78,Monthly,2023-06-01,2023-06-30,KG,2.577,2.577
APPLE_GALA,WHOLESALE,NL-GE,5321.28,Monthly,2023-07-01,2023-07-31,KG,2.619,2.619
APPLE_GALA,WHOLESALE,NL-GE,6122.75,Monthly,2023-08-01,2023-08-31,KG,2.223,2.223
APPLE_GALA,WHOLESALE,NL-GE,6985.5,Monthly,2023-09-01,2023-09-30,KG,2.081,2.081
APPLE_GALA,WHOLESALE,NL-GE,6733.38,Monthly,2023-10-01,2023-10-31,KG,2.13,2.13
APPLE_GALA,WHOLESALE,NL-GE,6761.49,Monthly,2023-11-01,2023-11-30,KG,2.087,2.087
APPLE_GALA,WHOLESALE,NL-GE,6754.48,Monthly,2023-12-01,2023-12-31,KG,2.559,2.559
APPLE_GALA,WHOLESALE,NL-GE,7918.56,Monthly,2024-01-01,2024-01-31,KG,2.607,2.607
APPLE_GALA,WHOLESALE,NL-GE,6513.56,Monthly,2024-02-01,2024-02-29,KG,2.594,2.594
APPLE_GALA,WHOLESALE,NL-GE,7342.42,Monthly,2024-03-01,2024-03-31,KG,2.591,2.591
APPLE_GALA,WHOLESALE,NL-GE,6260.48,Monthly,2024-04-01,2024-04-30,KG,2.609,2.609
APPLE_GALA,WHOLESALE,NL-GE,6174.01,Monthly,2024-05-01,2024-05-31,KG,2.596,2.596
APPLE_GALA,WHOLESALE,NL-GE,5402.24,Monthly,2024-06-01,2024-06-30,KG,2.557,2.557
APPLE_GALA,WHOLESALE,NL-GE,5516.36,Monthly,2024-07-01,2024-07-31,KG,2.573,2.573
APPLE_GALA,WHOLESALE,NL-GE,6032.29,Monthly,2024-08-01,2024-08-31,KG,2.211,2.211
APPLE_GALA,WHOLESALE,NL-GE,6415.76,Monthly,2024-09-01,2024-09-30,KG,2.114,2.114
APPLE_GALA,WHOLESALE,NL-GE,7167.98,Monthly,2024-10-01,2024-10-31,KG,2.126,2.126
APPLE_GALA,WHOLESALE,NL-GE,7118.43,Monthly,2024-11-01,2024-11-30,KG,2.124,2.124
APPLE_GALA,WHOLESALE,NL-GE,7290.28,Monthly,2024-12-01,2024-12-31,KG,2.6,2.6
APPLE_GALA,WHOLESALE,NL-GE,7247.05,Monthly,2025-01-01,2025-01-31,KG,2.581,2.581
APPLE_GALA,WHOLESALE,NL-GE,6768.02,Monthly,2025-02-01,2025-02-28,KG,2.575,2.575
APPLE_GALA,WHOLESALE,NL-GE,8005.28,Monthly,2025-03-01,2025-03-31,KG,2.612,2.612
APPLE_GALA,WHOLESALE,NL-GE,6939.55,Monthly,2025-04-01,2025-04-30,KG,2.572,2.572
APPLE_GALA,WHOLESALE,NL-GE,6583.02,Monthly,2025-05-01,2025-05-31,KG,2.599,2.599
APPLE_GALA,WHOLESALE,NL-GE,5584.17,Monthly,2025-06-01,2025-06-30,KG,2.587,2.587
APPLE_GALA,WHOLESALE,NL-GE,5747.35,Monthly,2025-07-01,2025-07-31,KG,2.58,2.58
APPLE_GALA,WHOLESALE,NL-GE,6441.63,Monthly,2025-08-01,2025-08-31,KG,2.208,2.208
APPLE_GALA,WHOLESALE,NL-GE,6648.29,Monthly,2025-09-01,2025-09-30,KG,2.139,2.139
APPLE_GALA,WHOLESALE,NL-GE,6809.52,Monthly,2025-10-01,2025-10-31,KG,2.115,2.115
APPLE_GALA,WHOLESALE,NL-GE,7175.28,Monthly,2025-11-01,2025-11-30,KG,2.1,2.1
APPLE_GALA,WHOLESALE,NL-GE,7762.96,Monthly,2025-12-01,2025-12-31,KG,2.592,2.592
APPLE_GALA,WHOLESALE,NL-GE,7236.22,Monthly,2026-01-01,2026-01-31,KG,2.601,2.601
APPLE_GALA,WHOLESALE,NL-NB,6744.33,Monthly,2023-02-01,2023-02-28,KG,2.674,2.674
APPLE_GALA,WHOLESALE,NL-NB,6662.51,Monthly,2023-03-01,2023-03-31,KG,2.682,2.682
APPLE_GALA,WHOLESALE,NL-NB,6400.73,Monthly,2023-04-01,2023-04-30,KG,2.682,2.682
APPLE_GALA,WHOLESALE,NL-NB,6527.360000000001,Monthly,2023-05-01,2023-05-31,KG,2.688,2.688
APPLE_GALA,WHOLESALE,NL-NB,6147.04,Monthly,2023-06-01,2023-06-30,KG,2.666,2.666
APPLE_GALA,WHOLESALE,NL-NB,5540.68,Monthly,2023-07-01,2023-07-31,KG,2.679,2.679
APPLE_GALA,WHOLESALE,NL-NB,6078.51,Monthly,2023-08-01,2023-08-31,KG,2.268,2.268
APPLE_GALA,WHOLESALE,NL-NB,7200.08,Monthly,2023-09-01,2023-09-30,KG,2.175,2.175
APPLE_GALA,WHOLESALE,NL-NB,7147.33,Monthly,2023-10-01,2023-10-31,KG,2.183,2.183
APPLE_GALA,WHOLESALE,NL-NB,7038.08,Monthly,2023-11-01,2023-11-30,KG,2.155,2.155
APPLE_GALA,WHOLESALE,NL-NB,7433.58,Monthly,2023-12-01,2023-12-31,KG,2.679,2.679
APPLE_GALA,WHOLESALE,NL-NB,7831.77,Monthly,2024-01-01,2024-01-31,KG,2.706,2.706
APPLE_GALA,WHOLESALE,NL-NB,6752.05,Monthly,2024-02-01,2024-02-29,KG,2.682,2.682
APPLE_GALA,WHOLESALE,NL-NB,7597.66,Monthly,2024-03-01,2024-03-31,KG,2.665,2.665
APPLE_GALA,WHOLESALE,NL-NB,6337.58,Monthly,2024-04-01,2024-04-30,KG,2.667,2.667
APPLE_GALA,WHOLESALE,NL-NB,5807.4,Monthly,2024-05-01,2024-05-31,KG,2.674,2.674
APPLE_GALA,WHOLESALE,NL-NB,5490.98,Monthly,2024-06-01,2024-06-30,KG,2.688,2.688
APPLE_GALA,WHOLESALE,NL-NB,5646.09,Monthly,2024-07-01,2024-07-31,KG,2.679,2.679
APPLE_GALA,WHOLESALE,NL-NB,6547.66,Monthly,2024-08-01,2024-08-31,KG,2.285,2.285
APPLE_GALA,WHOLESALE,NL-NB,6498.58,Monthly,2024-09-01,2024-09-30,KG,2.152,2.152
APPLE_GALA,WHOLESALE,NL-NB,7397.47,Monthly,2024-10-01,2024-10-31,KG,2.193,2.193
APPLE_GALA,WHOLESALE,NL-NB,7093.8099999999995,Monthly,2024-11-01,2024-11-30,KG,2.178,2.178
APPLE_GALA,WHOLESALE,NL-NB,7628.41,Monthly,2024-12-01,2024-12-31,KG,2.662,2.662
APPLE_GALA,WHOLESALE,NL-NB,7207.34,Monthly,2025-01-01,2025-01-31,KG,2.68,2.68
APPLE_GALA,WHOLESALE,NL-NB,6925.96,Monthly,2025-02-01,2025-02-28,KG,2.649,2.649
APPLE_GALA,WHOLESALE,NL-NB,8280.55,Monthly,2025-03-01,2025-03-31,KG,2.68,2.68
APPLE_GALA,WHOLESALE,NL-NB,7233.2,Monthly,2025-04-01,2025-04-30,KG,2.665,2.665
APPLE_GALA,WHOLESALE,NL-NB,6534.54,Monthly,2025-05-01,2025-05-31,KG,2.685,2.685
APPLE_GALA,WHOLESALE,NL-NB,5929.58,Monthly,2025-06-01,2025-06-30,KG,2.686,2.686
APPLE_GALA,WHOLESALE,NL-NB,6052.1900000000005,Monthly,2025-07-01,2025-07-31,KG,2.677,2.677
APPLE_GALA,WHOLESALE,NL-NB,6467.65,Monthly,2025-08-01,2025-08-31,KG,2.302,2.302
APPLE_GALA,WHOLESALE,NL-NB,6986.38,Monthly,2025-09-01,2025-09-30,KG,2.151,2.151
APPLE_GALA,WHOLESALE,NL-NB,7166.92,Monthly,2025-10-01,2025-10-31,KG,2.189,2.189
APPLE_GALA,WHOLESALE,NL-NB,7570.74,Monthly,2025-11-01,2025-11-30,KG,2.169,2.169
APPLE_GALA,WHOLESALE,NL-NB,8007.9,Monthly,2025-12-01,2025-12-31,KG,2.702,2.702
APPLE_GALA,WHOLESALE,NL-NB,7625.29,Monthly,2026-01-01,2026-01-31,KG,2.693,2.693
APPLE_GALA,WHOLESALE,NL-NH,7221.82,Monthly,2023-02-01,2023-02-28,KG,2.738,2.738
APPLE_GALA,WHOLESALE,NL-NH,7297.73,Monthly,2023-03-01,2023-03-31,KG,2.739,2.739
APPLE_GALA,WHOLESALE,NL-NH,6432.04,Monthly,2023-04-01,2023-04-30,KG,2.74,2.74
APPLE_GALA,WHOLESALE,NL-NH,6659.799999999999,Monthly,2023-05-01,2023-05-31,KG,2.76,2.76
APPLE_GALA,WHOLESALE,NL-NH,6197.68,Monthly,2023-06-01,2023-06-30,KG,2.755,2.755
APPLE_GALA,WHOLESALE,NL-NH,5868.87,Monthly,2023-07-01,2023-07-31,KG,2.737,2.737
APPLE_GALA,WHOLESALE,NL-NH,6366.639999999999,Monthly,2023-08-01,2023-08-31,KG,2.353,2.353
APPLE_GALA,WHOLESALE,NL-NH,7164.68,Monthly,2023-09-01,2023-09-30,KG,2.229,2.229
APPLE_GALA,WHOLESALE,NL-NH,6973.54,Monthly,2023-10-01,2023-10-31,KG,2.245,2.245
APPLE_GALA,WHOLESALE,NL-NH,6995.83,Monthly,2023-11-01,2023-11-30,KG,2.237,2.237
APPLE_GALA,WHOLESALE,NL-NH,7502.14,Monthly,2023-12-01,2023-12-31,KG,2.745,2.745
APPLE_GALA,WHOLESALE,NL-NH,8000.71,Monthly,2024-01-01,2024-01-31,KG,2.755,2.755
APPLE_GALA,WHOLESALE,NL-NH,6810.54,Monthly,2024-02-01,2024-02-29,KG,2.785,2.785
APPLE_GALA,WHOLESALE,NL-NH,7706.76,Monthly,2024-03-01,2024-03-31,KG,2.739,2.739
APPLE_GALA,WHOLESALE,NL-NH,6715.83,Monthly,2024-04-01,2024-04-30,KG,2.78,2.78
APPLE_GALA,WHOLESALE,NL-NH,6417.55,Monthly,2024-05-01,2024-05-31,KG,2.734,2.734
APPLE_GALA,WHOLESALE,NL-NH,5572.07,Monthly,2024-06-01,2024-06-30,KG,2.774,2.774
APPLE_GALA,WHOLESALE,NL-NH,5570.75,Monthly,2024-07-01,2024-07-31,KG,2.753,2.753
APPLE_GALA,WHOLESALE,NL-NH,6471.15,Monthly,2024-08-01,2024-08-31,KG,2.374,2.374
APPLE_GALA,WHOLESALE,NL-NH,6569.5599999999995,Monthly,2024-09-01,2024-09-30,KG,2.246,2.246
APPLE_GALA,WHOLESALE,NL-NH,7851.11,Monthly,2024-10-01,2024-10-31,KG,2.252,2.252
APPLE_GALA,WHOLESALE,NL-NH,7430.53,Monthly,2024-11-01,2024-11-30,KG,2.241,2.241
APPLE_GALA,WHOLESALE,NL-NH,7934.76,Monthly,2024-12-01,2024-12-31,KG,2.738,2.738
APPLE_GALA,WHOLESALE,NL-NH,7963.22,Monthly,2025-01-01,2025-01-31,KG,2.798,2.798
APPLE_GALA,WHOLESALE,NL-NH,7111.51,Monthly,2025-02-01,2025-02-28,KG,2.764,2.764
APPLE_GALA,WHOLESALE,NL-NH,8612.93,Monthly,2025-03-01,2025-03-31,KG,2.753,2.753
APPLE_GALA,WHOLESALE,NL-NH,7693.86,Monthly,2025-04-01,2025-04-30,KG,2.766,2.766
APPLE_GALA,WHOLESALE,NL-NH,6957.93,Monthly,2025-05-01,2025-05-31,KG,2.747,2.747
APPLE_GALA,WHOLESALE,NL-NH,5902.950000000001,Monthly,2025-06-01,2025-06-30,KG,2.743,2.743
APPLE_GALA,WHOLESALE,NL-NH,5802.55,Monthly,2025-07-01,2025-07-31,KG,2.751,2.751
APPLE_GALA,WHOLESALE,NL-NH,6777.8099999999995,Monthly,2025-08-01,2025-08-31,KG,2.363,2.363
APPLE_GALA,WHOLESALE,NL-NH,7083.26,Monthly,2025-09-01,2025-09-30,KG,2.239,2.239
APPLE_GALA,WHOLESALE,NL-NH,7209.35,Monthly,2025-10-01,2025-10-31,KG,2.252,2.252
APPLE_GALA,WHOLESALE,NL-NH,7606.78,Monthly,2025-11-01,2025-11-30,KG,2.247,2.247
APPLE_GALA,WHOLESALE,NL-NH,8062.72,Monthly,2025-12-01,2025-12-31,KG,2.759,2.759
APPLE_GALA,WHOLESALE,NL-NH,7721.23,Monthly,2026-01-01,2026-01-31,KG,2.74,2.74
APPLE_GALA,WHOLESALE,NL-ZH,7386.280000000001,Monthly,2023-02-01,2023-02-28,KG,2.809,2.809
APPLE_GALA,WHOLESALE,NL-ZH,7244.35,Monthly,2023-03-01,2023-03-31,KG,2.845,2.845
APPLE_GALA,WHOLESALE,NL-ZH,6673.04,Monthly,2023-04-01,2023-04-30,KG,2.838,2.838
APPLE_GALA,WHOLESALE,NL-ZH,6989.65,Monthly,2023-05-01,2023-05-31,KG,2.838,2.838
APPLE_GALA,WHOLESALE,NL-ZH,6402.43,Monthly,2023-06-01,2023-06-30,KG,2.862,2.862
APPLE_GALA,WHOLESALE,NL-ZH,5892.860000000001,Monthly,2023-07-01,2023-07-31,KG,2.817,2.817
APPLE_GALA,WHOLESALE,NL-ZH,6479.71,Monthly,2023-08-01,2023-08-31,KG,2.41,2.41
APPLE_GALA,WHOLESALE,NL-ZH,7304.3099999999995,Monthly,2023-09-01,2023-09-30,KG,2.281,2.281
APPLE_GALA,WHOLESALE,NL-ZH,7492.139999999999,Monthly,2023-10-01,2023-10-31,KG,2.303,2.303
APPLE_GALA,WHOLESALE,NL-ZH,7360.35,Monthly,2023-11-01,2023-11-30,KG,2.312,2.312
APPLE_GALA,WHOLESALE,NL-ZH,7613.78,Monthly,2023-12-01,2023-12-31,KG,2.847,2.847
APPLE_GALA,WHOLESALE,NL-ZH,8276.59,Monthly,2024-01-01,2024-01-31,KG,2.855,2.855
APPLE_GALA,WHOLESALE,NL-ZH,7117.22,Monthly,2024-02-01,2024-02-29,KG,2.848,2.848
APPLE_GALA,WHOLESALE,NL-ZH,7763.91,Monthly,2024-03-01,2024-03-31,KG,2.832,2.832
APPLE_GALA,WHOLESALE,NL-ZH,6944.03,Monthly,2024-04-01,2024-04-30,KG,2.828,2.828
APPLE_GALA,WHOLESALE,NL-ZH,6298.57,Monthly,2024-05-01,2024-05-31,KG,2.852,2.852
APPLE_GALA,WHOLESALE,NL-ZH,5731.47,Monthly,2024-06-01,2024-06-30,KG,2.83,2.83
APPLE_GALA,WHOLESALE,NL-ZH,5859.74,Monthly,2024-07-01,2024-07-31,KG,2.831,2.831
APPLE_GALA,WHOLESALE,NL-ZH,6974.6,Monthly,2024-08-01,2024-08-31,KG,2.422,2.422
APPLE_GALA,WHOLESALE,NL-ZH,6713.03,Monthly,2024-09-01,2024-09-30,KG,2.317,2.317
APPLE_GALA,WHOLESALE,NL-ZH,8096.22,Monthly,2024-10-01,2024-10-31,KG,2.295,2.295
APPLE_GALA,WHOLESALE,NL-ZH,7445.91,Monthly,2024-11-01,2024-11-30,KG,2.308,2.308
APPLE_GALA,WHOLESALE,NL-ZH,8119.17,Monthly,2024-12-01,2024-12-31,KG,2.845,2.845
APPLE_GALA,WHOLESALE,NL-ZH,8084.18,Monthly,2025-01-01,2025-01-31,KG,2.843,2.843
APPLE_GALA,WHOLESALE,NL-ZH,7614.08,Monthly,2025-02-01,2025-02-28,KG,2.847,2.847
APPLE_GALA,WHOLESALE,NL-ZH,8994.57,Monthly,2025-03-01,2025-03-31,KG,2.841,2.841
APPLE_GALA,WHOLESALE,NL-ZH,7894.93,Monthly,2025-04-01,2025-04-30,KG,2.824,2.824
APPLE_GALA,WHOLESALE,NL-ZH,7311.44,Monthly,2025-05-01,2025-05-31,KG,2.834,2.834
APPLE_GALA,WHOLESALE,NL-ZH,6312.79,Monthly,2025-06-01,2025-06-30,KG,2.855,2.855
APPLE_GALA,WHOLESALE,NL-ZH,6323.99,Monthly,2025-07-01,2025-07-31,KG,2.855,2.855
APPLE_GALA,WHOLESALE,NL-ZH,7061.59,Monthly,2025-08-01,2025-08-31,KG,2.399,2.399
APPLE_GALA,WHOLESALE,NL-ZH,7323.65,Monthly,2025-09-01,2025-09-30,KG,2.319,2.319
APPLE_GALA,WHOLESALE,NL-ZH,7454.13,Monthly,2025-10-01,2025-10-31,KG,2.3,2.3
APPLE_GALA,WHOLESALE,NL-ZH,7755.01,Monthly,2025-11-01,2025-11-30,KG,2.308,2.308
APPLE_GALA,WHOLESALE,NL-ZH,8875.28,Monthly,2025-12-01,2025-12-31,KG,2.809,2.809
APPLE_GALA,WHOLESALE,NL-ZH,8029.1900000000005,Monthly,2026-01-01,2026-01-31,KG,2.848,2.848
APPLE_GRANNY_SMITH,ONLINE,NL-GE,3693.52,Monthly,2023-02-01,2023-02-28,KG,2.601,2.601
APPLE_GRANNY_SMITH,ONLINE,NL-GE,3786.92,Monthly,2023-03-01,2023-03-31,KG,2.579,2.579
APPLE_GRANNY_SMITH,ONLINE,NL-GE,3486.7400000000002,Monthly,2023-04-01,2023-04-30,KG,2.6,2.6
APPLE_GRANNY_SMITH,ONLINE,NL-GE,3513.56,Monthly,2023-05-01,2023-05-31,KG,2.592,2.592
APPLE_GRANNY_SMITH,ONLINE,NL-GE,3411.8100000000004,Monthly,2023-06-01,2023-06-30,KG,2.58,2.58
APPLE_GRANNY_SMITH,ONLINE,NL-GE,3125.51,Monthly,2023-07-01,2023-07-31,KG,2.585,2.585
APPLE_GRANNY_SMITH,ONLINE,NL-GE,3424.3599999999997,Monthly,2023-08-01,2023-08-31,KG,2.233,2.233
APPLE_GRANNY_SMITH,ONLINE,NL-GE,3728.91,Monthly,2023-09-01,2023-09-30,KG,2.117,2.117
APPLE_GRANNY_SMITH,ONLINE,NL-GE,3819.97,Monthly,2023-10-01,2023-10-31,KG,2.11,2.11
APPLE_GRANNY_SMITH,ONLINE,NL-GE,3751.98,Monthly,2023-11-01,2023-11-30,KG,2.107,2.107
APPLE_GRANNY_SMITH,ONLINE,NL-GE,3936.4700000000003,Monthly,2023-12-01,2023-12-31,KG,2.571,2.571
APPLE_GRANNY_SMITH,ONLINE,NL-GE,4247.93,Monthly,2024-01-01,2024-01-31,KG,2.61,2.61
APPLE_GRANNY_SMITH,ONLINE,NL-GE,3806.98,Monthly,2024-02-01,2024-02-29,KG,2.597,2.597
APPLE_GRANNY_SMITH,ONLINE,NL-GE,4163.2300000000005,Monthly,2024-03-01,2024-03-31,KG,2.597,2.597
APPLE_GRANNY_SMITH,ONLINE,NL-GE,3603.7000000000003,Monthly,2024-04-01,2024-04-30,KG,2.583,2.583
APPLE_GRANNY_SMITH,ONLINE,NL-GE,3395.08,Monthly,2024-05-01,2024-05-31,KG,2.583,2.583
APPLE_GRANNY_SMITH,ONLINE,NL-GE,2952.79,Monthly,2024-06-01,2024-06-30,KG,2.595,2.595
APPLE_GRANNY_SMITH,ONLINE,NL-GE,3173.89,Monthly,2024-07-01,2024-07-31,KG,2.604,2.604
APPLE_GRANNY_SMITH,ONLINE,NL-GE,3505.85,Monthly,2024-08-01,2024-08-31,KG,2.198,2.198
APPLE_GRANNY_SMITH,ONLINE,NL-GE,3619.52,Monthly,2024-09-01,2024-09-30,KG,2.13,2.13
APPLE_GRANNY_SMITH,ONLINE,NL-GE,4032.0,Monthly,2024-10-01,2024-10-31,KG,2.103,2.103
APPLE_GRANNY_SMITH,ONLINE,NL-GE,3837.12,Monthly,2024-11-01,2024-11-30,KG,2.111,2.111
APPLE_GRANNY_SMITH,ONLINE,NL-GE,4313.96,Monthly,2024-12-01,2024-12-31,KG,2.573,2.573
APPLE_GRANNY_SMITH,ONLINE,NL-GE,4045.35,Monthly,2025-01-01,2025-01-31,KG,2.58,2.58
APPLE_GRANNY_SMITH,ONLINE,NL-GE,3904.04,Monthly,2025-02-01,2025-02-28,KG,2.58,2.58
APPLE_GRANNY_SMITH,ONLINE,NL-GE,4633.12,Monthly,2025-03-01,2025-03-31,KG,2.596,2.596
APPLE_GRANNY_SMITH,ONLINE,NL-GE,4009.68,Monthly,2025-04-01,2025-04-30,KG,2.566,2.566
APPLE_GRANNY_SMITH,ONLINE,NL-GE,3718.8199999999997,Monthly,2025-05-01,2025-05-31,KG,2.612,2.612
APPLE_GRANNY_SMITH,ONLINE,NL-GE,3242.11,Monthly,2025-06-01,2025-06-30,KG,2.578,2.578
APPLE_GRANNY_SMITH,ONLINE,NL-GE,3302.7,Monthly,2025-07-01,2025-07-31,KG,2.577,2.577
APPLE_GRANNY_SMITH,ONLINE,NL-GE,3618.2,Monthly,2025-08-01,2025-08-31,KG,2.189,2.189
APPLE_GRANNY_SMITH,ONLINE,NL-GE,3577.46,Monthly,2025-09-01,2025-09-30,KG,2.109,2.109
APPLE_GRANNY_SMITH,ONLINE,NL-GE,3998.84,Monthly,2025-10-01,2025-10-31,KG,2.091,2.091
APPLE_GRANNY_SMITH,ONLINE,NL-GE,3895.8999999999996,Monthly,2025-11-01,2025-11-30,KG,2.117,2.117
APPLE_GRANNY_SMITH,ONLINE,NL-GE,4438.110000000001,Monthly,2025-12-01,2025-12-31,KG,2.588,2.588
APPLE_GRANNY_SMITH,ONLINE,NL-GE,4074.81,Monthly,2026-01-01,2026-01-31,KG,2.572,2.572
APPLE_GRANNY_SMITH,ONLINE,NL-NB,3838.6899999999996,Monthly,2023-02-01,2023-02-28,KG,2.676,2.676
APPLE_GRANNY_SMITH,ONLINE,NL-NB,3922.51,Monthly,2023-03-01,2023-03-31,KG,2.674,2.674
APPLE_GRANNY_SMITH,ONLINE,NL-NB,3590.56,Monthly,2023-04-01,2023-04-30,KG,2.679,2.679
APPLE_GRANNY_SMITH,ONLINE,NL-NB,3684.1800000000003,Monthly,2023-05-01,2023-05-31,KG,2.646,2.646
APPLE_GRANNY_SMITH,ONLINE,NL-NB,3418.04,Monthly,2023-06-01,2023-06-30,KG,2.674,2.674
APPLE_GRANNY_SMITH,ONLINE,NL-NB,3253.6899999999996,Monthly,2023-07-01,2023-07-31,KG,2.695,2.695
APPLE_GRANNY_SMITH,ONLINE,NL-NB,3591.25,Monthly,2023-08-01,2023-08-31,KG,2.298,2.298
APPLE_GRANNY_SMITH,ONLINE,NL-NB,3970.6800000000003,Monthly,2023-09-01,2023-09-30,KG,2.164,2.164
APPLE_GRANNY_SMITH,ONLINE,NL-NB,4100.08,Monthly,2023-10-01,2023-10-31,KG,2.18,2.18
APPLE_GRANNY_SMITH,ONLINE,NL-NB,3921.78,Monthly,2023-11-01,2023-11-30,KG,2.184,2.184
APPLE_GRANNY_SMITH,ONLINE,NL-NB,4305.73,Monthly,2023-12-01,2023-12-31,KG,2.671,2.671
APPLE_GRANNY_SMITH,ONLINE,NL-NB,4501.639999999999,Monthly,2024-01-01,2024-01-31,KG,2.691,2.691
APPLE_GRANNY_SMITH,ONLINE,NL-NB,3832.4399999999996,Monthly,2024-02-01,2024-02-29,KG,2.682,2.682
APPLE_GRANNY_SMITH,ONLINE,NL-NB,4154.7,Monthly,2024-03-01,2024-03-31,KG,2.702,2.702
APPLE_GRANNY_SMITH,ONLINE,NL-NB,3642.4300000000003,Monthly,2024-04-01,2024-04-30,KG,2.717,2.717
APPLE_GRANNY_SMITH,ONLINE,NL-NB,3333.5600000000004,Monthly,2024-05-01,2024-05-31,KG,2.676,2.676
APPLE_GRANNY_SMITH,ONLINE,NL-NB,3219.6,Monthly,2024-06-01,2024-06-30,KG,2.658,2.658
APPLE_GRANNY_SMITH,ONLINE,NL-NB,3288.2200000000003,Monthly,2024-07-01,2024-07-31,KG,2.706,2.706
APPLE_GRANNY_SMITH,ONLINE,NL-NB,3599.55,Monthly,2024-08-01,2024-08-31,KG,2.281,2.281
APPLE_GRANNY_SMITH,ONLINE,NL-NB,3783.51,Monthly,2024-09-01,2024-09-30,KG,2.169,2.169
APPLE_GRANNY_SMITH,ONLINE,NL-NB,4119.5,Monthly,2024-10-01,2024-10-31,KG,2.154,2.154
APPLE_GRANNY_SMITH,ONLINE,NL-NB,4111.9,Monthly,2024-11-01,2024-11-30,KG,2.174,2.174
APPLE_GRANNY_SMITH,ONLINE,NL-NB,4376.49,Monthly,2024-12-01,2024-12-31,KG,2.627,2.627
APPLE_GRANNY_SMITH,ONLINE,NL-NB,4171.22,Monthly,2025-01-01,2025-01-31,KG,2.644,2.644
APPLE_GRANNY_SMITH,ONLINE,NL-NB,3817.25,Monthly,2025-02-01,2025-02-28,KG,2.656,2.656
APPLE_GRANNY_SMITH,ONLINE,NL-NB,4647.33,Monthly,2025-03-01,2025-03-31,KG,2.678,2.678
APPLE_GRANNY_SMITH,ONLINE,NL-NB,4070.48,Monthly,2025-04-01,2025-04-30,KG,2.67,2.67
APPLE_GRANNY_SMITH,ONLINE,NL-NB,3739.21,Monthly,2025-05-01,2025-05-31,KG,2.656,2.656
APPLE_GRANNY_SMITH,ONLINE,NL-NB,3332.94,Monthly,2025-06-01,2025-06-30,KG,2.664,2.664
APPLE_GRANNY_SMITH,ONLINE,NL-NB,3320.4700000000003,Monthly,2025-07-01,2025-07-31,KG,2.638,2.638
APPLE_GRANNY_SMITH,ONLINE,NL-NB,3620.73,Monthly,2025-08-01,2025-08-31,KG,2.302,2.302
APPLE_GRANNY_SMITH,ONLINE,NL-NB,4001.41,Monthly,2025-09-01,2025-09-30,KG,2.194,2.194
APPLE_GRANNY_SMITH,ONLINE,NL-NB,4134.42,Monthly,2025-10-01,2025-10-31,KG,2.196,2.196
APPLE_GRANNY_SMITH,ONLINE,NL-NB,4305.56,Monthly,2025-11-01,2025-11-30,KG,2.166,2.166
APPLE_GRANNY_SMITH,ONLINE,NL-NB,4468.8099999999995,Monthly,2025-12-01,2025-12-31,KG,2.693,2.693
APPLE_GRANNY_SMITH,ONLINE,NL-NB,4223.95,Monthly,2026-01-01,2026-01-31,KG,2.676,2.676
APPLE_GRANNY_SMITH,ONLINE,NL-NH,3996.22,Monthly,2023-02-01,2023-02-28,KG,2.775,2.775
APPLE_GRANNY_SMITH,ONLINE,NL-NH,4063.98,Monthly,2023-03-01,2023-03-31,KG,2.768,2.768
APPLE_GRANNY_SMITH,ONLINE,NL-NH,3744.01,Monthly,2023-04-01,2023-04-30,KG,2.727,2.727
APPLE_GRANNY_SMITH,ONLINE,NL-NH,3834.04,Monthly,2023-05-01,2023-05-31,KG,2.812,2.812
APPLE_GRANNY_SMITH,ONLINE,NL-NH,3552.6800000000003,Monthly,2023-06-01,2023-06-30,KG,2.732,2.732
APPLE_GRANNY_SMITH,ONLINE,NL-NH,3232.1800000000003,Monthly,2023-07-01,2023-07-31,KG,2.75,2.75
APPLE_GRANNY_SMITH,ONLINE,NL-NH,3565.76,Monthly,2023-08-01,2023-08-31,KG,2.352,2.352
APPLE_GRANNY_SMITH,ONLINE,NL-NH,4021.41,Monthly,2023-09-01,2023-09-30,KG,2.229,2.229
APPLE_GRANNY_SMITH,ONLINE,NL-NH,3939.8199999999997,Monthly,2023-10-01,2023-10-31,KG,2.253,2.253
APPLE_GRANNY_SMITH,ONLINE,NL-NH,3940.38,Monthly,2023-11-01,2023-11-30,KG,2.23,2.23
APPLE_GRANNY_SMITH,ONLINE,NL-NH,4310.74,Monthly,2023-12-01,2023-12-31,KG,2.774,2.774
APPLE_GRANNY_SMITH,ONLINE,NL-NH,4522.77,Monthly,2024-01-01,2024-01-31,KG,2.712,2.712
APPLE_GRANNY_SMITH,ONLINE,NL-NH,3950.82,Monthly,2024-02-01,2024-02-29,KG,2.763,2.763
APPLE_GRANNY_SMITH,ONLINE,NL-NH,4327.26,Monthly,2024-03-01,2024-03-31,KG,2.77,2.77
APPLE_GRANNY_SMITH,ONLINE,NL-NH,3720.2,Monthly,2024-04-01,2024-04-30,KG,2.756,2.756
APPLE_GRANNY_SMITH,ONLINE,NL-NH,3518.25,Monthly,2024-05-01,2024-05-31,KG,2.728,2.728
APPLE_GRANNY_SMITH,ONLINE,NL-NH,3206.59,Monthly,2024-06-01,2024-06-30,KG,2.725,2.725
APPLE_GRANNY_SMITH,ONLINE,NL-NH,3197.55,Monthly,2024-07-01,2024-07-31,KG,2.741,2.741
APPLE_GRANNY_SMITH,ONLINE,NL-NH,3939.02,Monthly,2024-08-01,2024-08-31,KG,2.349,2.349
APPLE_GRANNY_SMITH,ONLINE,NL-NH,3830.1800000000003,Monthly,2024-09-01,2024-09-30,KG,2.231,2.231
APPLE_GRANNY_SMITH,ONLINE,NL-NH,4426.43,Monthly,2024-10-01,2024-10-31,KG,2.246,2.246
APPLE_GRANNY_SMITH,ONLINE,NL-NH,4245.139999999999,Monthly,2024-11-01,2024-11-30,KG,2.228,2.228
APPLE_GRANNY_SMITH,ONLINE,NL-NH,4510.6,Monthly,2024-12-01,2024-12-31,KG,2.772,2.772
APPLE_GRANNY_SMITH,ONLINE,NL-NH,4490.87,Monthly,2025-01-01,2025-01-31,KG,2.764,2.764
APPLE_GRANNY_SMITH,ONLINE,NL-NH,4087.9700000000003,Monthly,2025-02-01,2025-02-28,KG,2.736,2.736
APPLE_GRANNY_SMITH,ONLINE,NL-NH,4832.9,Monthly,2025-03-01,2025-03-31,KG,2.762,2.762
APPLE_GRANNY_SMITH,ONLINE,NL-NH,4330.5,Monthly,2025-04-01,2025-04-30,KG,2.782,2.782
APPLE_GRANNY_SMITH,ONLINE,NL-NH,3947.56,Monthly,2025-05-01,2025-05-31,KG,2.774,2.774
APPLE_GRANNY_SMITH,ONLINE,NL-NH,3451.73,Monthly,2025-06-01,2025-06-30,KG,2.745,2.745
APPLE_GRANNY_SMITH,ONLINE,NL-NH,3290.9300000000003,Monthly,2025-07-01,2025-07-31,KG,2.758,2.758
APPLE_GRANNY_SMITH,ONLINE,NL-NH,3833.8,Monthly,2025-08-01,2025-08-31,KG,2.338,2.338
APPLE_GRANNY_SMITH,ONLINE,NL-NH,3800.04,Monthly,2025-09-01,2025-09-30,KG,2.264,2.264
APPLE_GRANNY_SMITH,ONLINE,NL-NH,3977.5299999999997,Monthly,2025-10-01,2025-10-31,KG,2.224,2.224
APPLE_GRANNY_SMITH,ONLINE,NL-NH,4339.85,Monthly,2025-11-01,2025-11-30,KG,2.243,2.243
APPLE_GRANNY_SMITH,ONLINE,NL-NH,4688.49,Monthly,2025-12-01,2025-12-31,KG,2.744,2.744
APPLE_GRANNY_SMITH,ONLINE,NL-NH,4365.24,Monthly,2026-01-01,2026-01-31,KG,2.764,2.764
APPLE_GRANNY_SMITH,ONLINE,NL-ZH,4179.52,Monthly,2023-02-01,2023-02-28,KG,2.846,2.846
APPLE_GRANNY_SMITH,ONLINE,NL-ZH,4167.37,Monthly,2023-03-01,2023-03-31,KG,2.819,2.819
APPLE_GRANNY_SMITH,ONLINE,NL-ZH,3901.08,Monthly,2023-04-01,2023-04-30,KG,2.829,2.829
APPLE_GRANNY_SMITH,ONLINE,NL-ZH,3848.02,Monthly,2023-05-01,2023-05-31,KG,2.818,2.818
APPLE_GRANNY_SMITH,ONLINE,NL-ZH,3637.88,Monthly,2023-06-01,2023-06-30,KG,2.838,2.838
APPLE_GRANNY_SMITH,ONLINE,NL-ZH,3461.21,Monthly,2023-07-01,2023-07-31,KG,2.829,2.848
APPLE_GRANNY_SMITH,ONLINE,NL-ZH,3729.0699999999997,Monthly,2023-08-01,2023-08-31,KG,2.417,2.417
APPLE_GRANNY_SMITH,ONLINE,NL-ZH,4071.23,Monthly,2023-09-01,2023-09-30,KG,2.292,2.292
APPLE_GRANNY_SMITH,ONLINE,NL-ZH,4188.47,Monthly,2023-10-01,2023-10-31,KG,2.332,2.332
APPLE_GRANNY_SMITH,ONLINE,NL-ZH,4166.13,Monthly,2023-11-01,2023-11-30,KG,2.292,2.292
APPLE_GRANNY_SMITH,ONLINE,NL-ZH,4419.52,Monthly,2023-12-01,2023-12-31,KG,2.838,2.838
APPLE_GRANNY_SMITH,ONLINE,NL-ZH,4522.43,Monthly,2024-01-01,2024-01-31,KG,2.846,2.846
APPLE_GRANNY_SMITH,ONLINE,NL-ZH,4188.8,Monthly,2024-02-01,2024-02-29,KG,2.827,2.827
APPLE_GRANNY_SMITH,ONLINE,NL-ZH,4434.77,Monthly,2024-03-01,2024-03-31,KG,2.836,2.836
APPLE_GRANNY_SMITH,ONLINE,NL-ZH,3887.6400000000003,Monthly,2024-04-01,2024-04-30,KG,2.831,2.831
APPLE_GRANNY_SMITH,ONLINE,NL-ZH,3635.6800000000003,Monthly,2024-05-01,2024-05-31,KG,2.876,2.876
APPLE_GRANNY_SMITH,ONLINE,NL-ZH,3355.2799999999997,Monthly,2024-06-01,2024-06-30,KG,2.843,2.843
APPLE_GRANNY_SMITH,ONLINE,NL-ZH,3266.1,Monthly,2024-07-01,2024-07-31,KG,2.886,2.886
APPLE_GRANNY_SMITH,ONLINE,NL-ZH,3961.07,Monthly,2024-08-01,2024-08-31,KG,2.442,2.442
APPLE_GRANNY_SMITH,ONLINE,NL-ZH,3905.38,Monthly,2024-09-01,2024-09-30,KG,2.307,2.307
APPLE_GRANNY_SMITH,ONLINE,NL-ZH,4603.66,Monthly,2024-10-01,2024-10-31,KG,2.336,2.336
APPLE_GRANNY_SMITH,ONLINE,NL-ZH,4217.51,Monthly,2024-11-01,2024-11-30,KG,2.31,2.31
APPLE_GRANNY_SMITH,ONLINE,NL-ZH,4626.84,Monthly,2024-12-01,2024-12-31,KG,2.854,2.854
APPLE_GRANNY_SMITH,ONLINE,NL-ZH,4642.68,Monthly,2025-01-01,2025-01-31,KG,2.86,2.86
APPLE_GRANNY_SMITH,ONLINE,NL-ZH,4082.5699999999997,Monthly,2025-02-01,2025-02-28,KG,2.849,2.849
APPLE_GRANNY_SMITH,ONLINE,NL-ZH,4989.9400000000005,Monthly,2025-03-01,2025-03-31,KG,2.86,2.86
APPLE_GRANNY_SMITH,ONLINE,NL-ZH,4475.1,Monthly,2025-04-01,2025-04-30,KG,2.847,2.847
APPLE_GRANNY_SMITH,ONLINE,NL-ZH,4054.1400000000003,Monthly,2025-05-01,2025-05-31,KG,2.846,2.846
APPLE_GRANNY_SMITH,ONLINE,NL-ZH,3552.25,Monthly,2025-06-01,2025-06-30,KG,2.865,2.865
APPLE_GRANNY_SMITH,ONLINE,NL-ZH,3455.87,Monthly,2025-07-01,2025-07-31,KG,2.85,2.85
APPLE_GRANNY_SMITH,ONLINE,NL-ZH,3797.69,Monthly,2025-08-01,2025-08-31,KG,2.428,2.428
APPLE_GRANNY_SMITH,ONLINE,NL-ZH,4191.77,Monthly,2025-09-01,2025-09-30,KG,2.347,2.347
APPLE_GRANNY_SMITH,ONLINE,NL-ZH,4273.93,Monthly,2025-10-01,2025-10-31,KG,2.314,2.314
APPLE_GRANNY_SMITH,ONLINE,NL-ZH,4450.69,Monthly,2025-11-01,2025-11-30,KG,2.305,2.305
APPLE_GRANNY_SMITH,ONLINE,NL-ZH,4934.62,Monthly,2025-12-01,2025-12-31,KG,2.835,2.835
APPLE_GRANNY_SMITH,ONLINE,NL-ZH,4377.43,Monthly,2026-01-01,2026-01-31,KG,2.864,2.864
APPLE_GRANNY_SMITH,RETAIL,NL-GE,7510.6,Monthly,2023-02-01,2023-02-28,KG,2.569,2.569
APPLE_GRANNY_SMITH,RETAIL,NL-GE,7040.360000000001,Monthly,2023-03-01,2023-03-31,KG,2.592,2.592
APPLE_GRANNY_SMITH,RETAIL,NL-GE,7137.29,Monthly,2023-04-01,2023-04-30,KG,2.575,2.575
APPLE_GRANNY_SMITH,RETAIL,NL-GE,6877.2,Monthly,2023-05-01,2023-05-31,KG,2.597,2.597
APPLE_GRANNY_SMITH,RETAIL,NL-GE,6361.129999999999,Monthly,2023-06-01,2023-06-30,KG,2.574,2.574
APPLE_GRANNY_SMITH,RETAIL,NL-GE,5931.04,Monthly,2023-07-01,2023-07-31,KG,2.589,2.589
APPLE_GRANNY_SMITH,RETAIL,NL-GE,6581.32,Monthly,2023-08-01,2023-08-31,KG,2.206,2.206
APPLE_GRANNY_SMITH,RETAIL,NL-GE,7727.289999999999,Monthly,2023-09-01,2023-09-30,KG,2.084,2.084
APPLE_GRANNY_SMITH,RETAIL,NL-GE,8456.99,Monthly,2023-10-01,2023-10-31,KG,2.0,2.086
APPLE_GRANNY_SMITH,RETAIL,NL-GE,7356.780000000001,Monthly,2023-11-01,2023-11-30,KG,2.126,2.126
APPLE_GRANNY_SMITH,RETAIL,NL-GE,7576.7300000000005,Monthly,2023-12-01,2023-12-31,KG,2.594,2.594
APPLE_GRANNY_SMITH,RETAIL,NL-GE,8151.34,Monthly,2024-01-01,2024-01-31,KG,2.582,2.582
APPLE_GRANNY_SMITH,RETAIL,NL-GE,7187.27,Monthly,2024-02-01,2024-02-29,KG,2.559,2.559
APPLE_GRANNY_SMITH,RETAIL,NL-GE,8304.69,Monthly,2024-03-01,2024-03-31,KG,2.581,2.581
APPLE_GRANNY_SMITH,RETAIL,NL-GE,6764.82,Monthly,2024-04-01,2024-04-30,KG,2.59,2.59
APPLE_GRANNY_SMITH,RETAIL,NL-GE,6793.42,Monthly,2024-05-01,2024-05-31,KG,2.576,2.576
APPLE_GRANNY_SMITH,RETAIL,NL-GE,5919.54,Monthly,2024-06-01,2024-06-30,KG,2.581,2.581
APPLE_GRANNY_SMITH,RETAIL,NL-GE,6108.94,Monthly,2024-07-01,2024-07-31,KG,2.579,2.579
APPLE_GRANNY_SMITH,RETAIL,NL-GE,6833.84,Monthly,2024-08-01,2024-08-31,KG,2.2,2.2
APPLE_GRANNY_SMITH,RETAIL,NL-GE,7088.04,Monthly,2024-09-01,2024-09-30,KG,2.103,2.103
APPLE_GRANNY_SMITH,RETAIL,NL-GE,8183.27,Monthly,2024-10-01,2024-10-31,KG,2.098,2.098
APPLE_GRANNY_SMITH,RETAIL,NL-GE,7676.5,Monthly,2024-11-01,2024-11-30,KG,2.098,2.098
APPLE_GRANNY_SMITH,RETAIL,NL-GE,8161.48,Monthly,2024-12-01,2024-12-31,KG,2.599,2.599
APPLE_GRANNY_SMITH,RETAIL,NL-GE,7988.75,Monthly,2025-01-01,2025-01-31,KG,2.582,2.582
APPLE_GRANNY_SMITH,RETAIL,NL-GE,8119.46,Monthly,2025-02-01,2025-02-28,KG,2.563,2.647
APPLE_GRANNY_SMITH,RETAIL,NL-GE,9028.66,Monthly,2025-03-01,2025-03-31,KG,2.608,2.608
APPLE_GRANNY_SMITH,RETAIL,NL-GE,8069.219999999999,Monthly,2025-04-01,2025-04-30,KG,2.61,2.61
APPLE_GRANNY_SMITH,RETAIL,NL-GE,7331.210000000001,Monthly,2025-05-01,2025-05-31,KG,2.571,2.571
APPLE_GRANNY_SMITH,RETAIL,NL-GE,6247.09,Monthly,2025-06-01,2025-06-30,KG,2.589,2.589
APPLE_GRANNY_SMITH,RETAIL,NL-GE,6162.84,Monthly,2025-07-01,2025-07-31,KG,2.567,2.567
APPLE_GRANNY_SMITH,RETAIL,NL-GE,7086.99,Monthly,2025-08-01,2025-08-31,KG,2.188,2.188
APPLE_GRANNY_SMITH,RETAIL,NL-GE,6984.15,Monthly,2025-09-01,2025-09-30,KG,2.105,2.105
APPLE_GRANNY_SMITH,RETAIL,NL-GE,7614.74,Monthly,2025-10-01,2025-10-31,KG,2.13,2.13
APPLE_GRANNY_SMITH,RETAIL,NL-GE,7971.780000000001,Monthly,2025-11-01,2025-11-30,KG,2.095,2.095
APPLE_GRANNY_SMITH,RETAIL,NL-GE,8661.58,Monthly,2025-12-01,2025-12-31,KG,2.572,2.572
APPLE_GRANNY_SMITH,RETAIL,NL-GE,8534.48,Monthly,2026-01-01,2026-01-31,KG,2.639,2.639
APPLE_GRANNY_SMITH,RETAIL,NL-NB,7859.25,Monthly,2023-02-01,2023-02-28,KG,2.655,2.655
APPLE_GRANNY_SMITH,RETAIL,NL-NB,7643.210000000001,Monthly,2023-03-01,2023-03-31,KG,2.692,2.692
APPLE_GRANNY_SMITH,RETAIL,NL-NB,7081.49,Monthly,2023-04-01,2023-04-30,KG,2.652,2.652
APPLE_GRANNY_SMITH,RETAIL,NL-NB,7518.49,Monthly,2023-05-01,2023-05-31,KG,2.679,2.679
APPLE_GRANNY_SMITH,RETAIL,NL-NB,6783.57,Monthly,2023-06-01,2023-06-30,KG,2.694,2.694
APPLE_GRANNY_SMITH,RETAIL,NL-NB,6309.7,Monthly,2023-07-01,2023-07-31,KG,2.671,2.671
APPLE_GRANNY_SMITH,RETAIL,NL-NB,8012.85,Monthly,2023-08-01,2023-08-31,KG,2.086,2.276
APPLE_GRANNY_SMITH,RETAIL,NL-NB,7996.139999999999,Monthly,2023-09-01,2023-09-30,KG,2.138,2.138
APPLE_GRANNY_SMITH,RETAIL,NL-NB,8067.54,Monthly,2023-10-01,2023-10-31,KG,2.156,2.156
APPLE_GRANNY_SMITH,RETAIL,NL-NB,7595.83,Monthly,2023-11-01,2023-11-30,KG,2.181,2.181
APPLE_GRANNY_SMITH,RETAIL,NL-NB,8272.33,Monthly,2023-12-01,2023-12-31,KG,2.696,2.696
APPLE_GRANNY_SMITH,RETAIL,NL-NB,8408.96,Monthly,2024-01-01,2024-01-31,KG,2.65,2.65
APPLE_GRANNY_SMITH,RETAIL,NL-NB,7790.3,Monthly,2024-02-01,2024-02-29,KG,2.673,2.673
APPLE_GRANNY_SMITH,RETAIL,NL-NB,8514.82,Monthly,2024-03-01,2024-03-31,KG,2.668,2.668
APPLE_GRANNY_SMITH,RETAIL,NL-NB,7133.76,Monthly,2024-04-01,2024-04-30,KG,2.68,2.68
APPLE_GRANNY_SMITH,RETAIL,NL-NB,6612.34,Monthly,2024-05-01,2024-05-31,KG,2.703,2.703
APPLE_GRANNY_SMITH,RETAIL,NL-NB,6452.13,Monthly,2024-06-01,2024-06-30,KG,2.668,2.668
APPLE_GRANNY_SMITH,RETAIL,NL-NB,6171.46,Monthly,2024-07-01,2024-07-31,KG,2.649,2.649
APPLE_GRANNY_SMITH,RETAIL,NL-NB,7181.09,Monthly,2024-08-01,2024-08-31,KG,2.272,2.272
APPLE_GRANNY_SMITH,RETAIL,NL-NB,7752.549999999999,Monthly,2024-09-01,2024-09-30,KG,2.189,2.189
APPLE_GRANNY_SMITH,RETAIL,NL-NB,8090.6900000000005,Monthly,2024-10-01,2024-10-31,KG,2.147,2.147
APPLE_GRANNY_SMITH,RETAIL,NL-NB,8286.29,Monthly,2024-11-01,2024-11-30,KG,2.191,2.191
APPLE_GRANNY_SMITH,RETAIL,NL-NB,8207.01,Monthly,2024-12-01,2024-12-31,KG,2.652,2.652
APPLE_GRANNY_SMITH,RETAIL,NL-NB,8200.51,Monthly,2025-01-01,2025-01-31,KG,2.631,2.631
APPLE_GRANNY_SMITH,RETAIL,NL-NB,7943.74,Monthly,2025-02-01,2025-02-28,KG,2.655,2.655
APPLE_GRANNY_SMITH,RETAIL,NL-NB,9612.11,Monthly,2025-03-01,2025-03-31,KG,2.688,2.688
APPLE_GRANNY_SMITH,RETAIL,NL-NB,7653.54,Monthly,2025-04-01,2025-04-30,KG,2.683,2.683
APPLE_GRANNY_SMITH,RETAIL,NL-NB,7622.4,Monthly,2025-05-01,2025-05-31,KG,2.679,2.679
APPLE_GRANNY_SMITH,RETAIL,NL-NB,6411.54,Monthly,2025-06-01,2025-06-30,KG,2.673,2.673
APPLE_GRANNY_SMITH,RETAIL,NL-NB,6561.56,Monthly,2025-07-01,2025-07-31,KG,2.669,2.669
APPLE_GRANNY_SMITH,RETAIL,NL-NB,7216.849999999999,Monthly,2025-08-01,2025-08-31,KG,2.315,2.315
APPLE_GRANNY_SMITH,RETAIL,NL-NB,7689.969999999999,Monthly,2025-09-01,2025-09-30,KG,2.18,2.18
APPLE_GRANNY_SMITH,RETAIL,NL-NB,8191.03,Monthly,2025-10-01,2025-10-31,KG,2.178,2.189
APPLE_GRANNY_SMITH,RETAIL,NL-NB,8581.94,Monthly,2025-11-01,2025-11-30,KG,2.178,2.178
APPLE_GRANNY_SMITH,RETAIL,NL-NB,10064.11,Monthly,2025-12-01,2025-12-31,KG,2.413,2.621
APPLE_GRANNY_SMITH,RETAIL,NL-NB,8573.41,Monthly,2026-01-01,2026-01-31,KG,2.666,2.666
APPLE_GRANNY_SMITH,RETAIL,NL-NH,7916.5,Monthly,2023-02-01,2023-02-28,KG,2.767,2.767
APPLE_GRANNY_SMITH,RETAIL,NL-NH,8065.97,Monthly,2023-03-01,2023-03-31,KG,2.788,2.788
APPLE_GRANNY_SMITH,RETAIL,NL-NH,7223.04,Monthly,2023-04-01,2023-04-30,KG,2.728,2.728
APPLE_GRANNY_SMITH,RETAIL,NL-NH,7155.959999999999,Monthly,2023-05-01,2023-05-31,KG,2.757,2.757
APPLE_GRANNY_SMITH,RETAIL,NL-NH,6996.639999999999,Monthly,2023-06-01,2023-06-30,KG,2.781,2.781
APPLE_GRANNY_SMITH,RETAIL,NL-NH,6612.2,Monthly,2023-07-01,2023-07-31,KG,2.774,2.774
APPLE_GRANNY_SMITH,RETAIL,NL-NH,7030.51,Monthly,2023-08-01,2023-08-31,KG,2.359,2.359
APPLE_GRANNY_SMITH,RETAIL,NL-NH,8069.1,Monthly,2023-09-01,2023-09-30,KG,2.263,2.263
APPLE_GRANNY_SMITH,RETAIL,NL-NH,7983.1,Monthly,2023-10-01,2023-10-31,KG,2.248,2.248
APPLE_GRANNY_SMITH,RETAIL,NL-NH,7688.27,Monthly,2023-11-01,2023-11-30,KG,2.249,2.249
APPLE_GRANNY_SMITH,RETAIL,NL-NH,8805.92,Monthly,2023-12-01,2023-12-31,KG,2.77,2.77
APPLE_GRANNY_SMITH,RETAIL,NL-NH,8807.65,Monthly,2024-01-01,2024-01-31,KG,2.738,2.738
APPLE_GRANNY_SMITH,RETAIL,NL-NH,7785.950000000001,Monthly,2024-02-01,2024-02-29,KG,2.752,2.752
APPLE_GRANNY_SMITH,RETAIL,NL-NH,8989.21,Monthly,2024-03-01,2024-03-31,KG,2.758,2.758
APPLE_GRANNY_SMITH,RETAIL,NL-NH,7549.59,Monthly,2024-04-01,2024-04-30,KG,2.749,2.749
APPLE_GRANNY_SMITH,RETAIL,NL-NH,7046.17,Monthly,2024-05-01,2024-05-31,KG,2.727,2.727
APPLE_GRANNY_SMITH,RETAIL,NL-NH,6690.25,Monthly,2024-06-01,2024-06-30,KG,2.748,2.748
APPLE_GRANNY_SMITH,RETAIL,NL-NH,6428.63,Monthly,2024-07-01,2024-07-31,KG,2.8,2.8
APPLE_GRANNY_SMITH,RETAIL,NL-NH,7505.74,Monthly,2024-08-01,2024-08-31,KG,2.367,2.367
APPLE_GRANNY_SMITH,RETAIL,NL-NH,7473.63,Monthly,2024-09-01,2024-09-30,KG,2.231,2.231
APPLE_GRANNY_SMITH,RETAIL,NL-NH,8827.99,Monthly,2024-10-01,2024-10-31,KG,2.233,2.233
APPLE_GRANNY_SMITH,RETAIL,NL-NH,8296.89,Monthly,2024-11-01,2024-11-30,KG,2.241,2.241
APPLE_GRANNY_SMITH,RETAIL,NL-NH,8733.15,Monthly,2024-12-01,2024-12-31,KG,2.742,2.742
APPLE_GRANNY_SMITH,RETAIL,NL-NH,9065.96,Monthly,2025-01-01,2025-01-31,KG,2.792,2.792
APPLE_GRANNY_SMITH,RETAIL,NL-NH,8151.07,Monthly,2025-02-01,2025-02-28,KG,2.742,2.742
APPLE_GRANNY_SMITH,RETAIL,NL-NH,9822.28,Monthly,2025-03-01,2025-03-31,KG,2.716,2.716
APPLE_GRANNY_SMITH,RETAIL,NL-NH,8322.27,Monthly,2025-04-01,2025-04-30,KG,2.736,2.736
APPLE_GRANNY_SMITH,RETAIL,NL-NH,7938.120000000001,Monthly,2025-05-01,2025-05-31,KG,2.781,2.781
APPLE_GRANNY_SMITH,RETAIL,NL-NH,6688.04,Monthly,2025-06-01,2025-06-30,KG,2.761,2.761
APPLE_GRANNY_SMITH,RETAIL,NL-NH,6589.62,Monthly,2025-07-01,2025-07-31,KG,2.75,2.75
APPLE_GRANNY_SMITH,RETAIL,NL-NH,7635.27,Monthly,2025-08-01,2025-08-31,KG,2.352,2.352
APPLE_GRANNY_SMITH,RETAIL,NL-NH,7552.360000000001,Monthly,2025-09-01,2025-09-30,KG,2.245,2.245
APPLE_GRANNY_SMITH,RETAIL,NL-NH,7774.3099999999995,Monthly,2025-10-01,2025-10-31,KG,2.231,2.231
APPLE_GRANNY_SMITH,RETAIL,NL-NH,8491.93,Monthly,2025-11-01,2025-11-30,KG,2.261,2.261
APPLE_GRANNY_SMITH,RETAIL,NL-NH,9069.08,Monthly,2025-12-01,2025-12-31,KG,2.785,2.785
APPLE_GRANNY_SMITH,RETAIL,NL-NH,8753.2,Monthly,2026-01-01,2026-01-31,KG,2.734,2.734
APPLE_GRANNY_SMITH,RETAIL,NL-ZH,8421.72,Monthly,2023-02-01,2023-02-28,KG,2.855,2.855
APPLE_GRANNY_SMITH,RETAIL,NL-ZH,8142.41,Monthly,2023-03-01,2023-03-31,KG,2.818,2.818
APPLE_GRANNY_SMITH,RETAIL,NL-ZH,7707.14,Monthly,2023-04-01,2023-04-30,KG,2.852,2.852
APPLE_GRANNY_SMITH,RETAIL,NL-ZH,7955.82,Monthly,2023-05-01,2023-05-31,KG,2.846,2.846
APPLE_GRANNY_SMITH,RETAIL,NL-ZH,7396.4,Monthly,2023-06-01,2023-06-30,KG,2.846,2.846
APPLE_GRANNY_SMITH,RETAIL,NL-ZH,6939.27,Monthly,2023-07-01,2023-07-31,KG,2.851,2.851
APPLE_GRANNY_SMITH,RETAIL,NL-ZH,7137.6,Monthly,2023-08-01,2023-08-31,KG,2.403,2.403
APPLE_GRANNY_SMITH,RETAIL,NL-ZH,8294.61,Monthly,2023-09-01,2023-09-30,KG,2.282,2.282
APPLE_GRANNY_SMITH,RETAIL,NL-ZH,8254.59,Monthly,2023-10-01,2023-10-31,KG,2.32,2.32
APPLE_GRANNY_SMITH,RETAIL,NL-ZH,8163.09,Monthly,2023-11-01,2023-11-30,KG,2.293,2.293
APPLE_GRANNY_SMITH,RETAIL,NL-ZH,9272.8,Monthly,2023-12-01,2023-12-31,KG,2.861,2.861
APPLE_GRANNY_SMITH,RETAIL,NL-ZH,9374.43,Monthly,2024-01-01,2024-01-31,KG,2.82,2.82
APPLE_GRANNY_SMITH,RETAIL,NL-ZH,8155.12,Monthly,2024-02-01,2024-02-29,KG,2.802,2.802
APPLE_GRANNY_SMITH,RETAIL,NL-ZH,8805.29,Monthly,2024-03-01,2024-03-31,KG,2.857,2.857
APPLE_GRANNY_SMITH,RETAIL,NL-ZH,7679.82,Monthly,2024-04-01,2024-04-30,KG,2.871,2.871
APPLE_GRANNY_SMITH,RETAIL,NL-ZH,6951.41,Monthly,2024-05-01,2024-05-31,KG,2.872,2.872
APPLE_GRANNY_SMITH,RETAIL,NL-ZH,6751.38,Monthly,2024-06-01,2024-06-30,KG,2.84,2.84
APPLE_GRANNY_SMITH,RETAIL,NL-ZH,6568.17,Monthly,2024-07-01,2024-07-31,KG,2.861,2.861
APPLE_GRANNY_SMITH,RETAIL,NL-ZH,7554.73,Monthly,2024-08-01,2024-08-31,KG,2.419,2.419
APPLE_GRANNY_SMITH,RETAIL,NL-ZH,7437.76,Monthly,2024-09-01,2024-09-30,KG,2.286,2.286
APPLE_GRANNY_SMITH,RETAIL,NL-ZH,8977.470000000001,Monthly,2024-10-01,2024-10-31,KG,2.272,2.272
APPLE_GRANNY_SMITH,RETAIL,NL-ZH,8735.59,Monthly,2024-11-01,2024-11-30,KG,2.299,2.299
APPLE_GRANNY_SMITH,RETAIL,NL-ZH,9165.05,Monthly,2024-12-01,2024-12-31,KG,2.839,2.839
APPLE_GRANNY_SMITH,RETAIL,NL-ZH,8941.29,Monthly,2025-01-01,2025-01-31,KG,2.824,2.824
APPLE_GRANNY_SMITH,RETAIL,NL-ZH,8443.96,Monthly,2025-02-01,2025-02-28,KG,2.825,2.825
APPLE_GRANNY_SMITH,RETAIL,NL-ZH,10181.36,Monthly,2025-03-01,2025-03-31,KG,2.827,2.827
APPLE_GRANNY_SMITH,RETAIL,NL-ZH,8843.67,Monthly,2025-04-01,2025-04-30,KG,2.853,2.853
APPLE_GRANNY_SMITH,RETAIL,NL-ZH,8108.870000000001,Monthly,2025-05-01,2025-05-31,KG,2.828,2.828
APPLE_GRANNY_SMITH,RETAIL,NL-ZH,7997.21,Monthly,2025-06-01,2025-06-30,KG,2.535,2.824
APPLE_GRANNY_SMITH,RETAIL,NL-ZH,7272.94,Monthly,2025-07-01,2025-07-31,KG,2.797,2.813
APPLE_GRANNY_SMITH,RETAIL,NL-ZH,8042.04,Monthly,2025-08-01,2025-08-31,KG,2.397,2.426
APPLE_GRANNY_SMITH,RETAIL,NL-ZH,7904.540000000001,Monthly,2025-09-01,2025-09-30,KG,2.304,2.304
APPLE_GRANNY_SMITH,RETAIL,NL-ZH,8038.8099999999995,Monthly,2025-10-01,2025-10-31,KG,2.274,2.274
APPLE_GRANNY_SMITH,RETAIL,NL-ZH,8811.51,Monthly,2025-11-01,2025-11-30,KG,2.312,2.312
APPLE_GRANNY_SMITH,RETAIL,NL-ZH,9338.89,Monthly,2025-12-01,2025-12-31,KG,2.805,2.805
APPLE_GRANNY_SMITH,RETAIL,NL-ZH,9097.15,Monthly,2026-01-01,2026-01-31,KG,2.812,2.812
APPLE_GRANNY_SMITH,WHOLESALE,NL-GE,6472.9400000000005,Monthly,2023-02-01,2023-02-28,KG,2.59,2.59
APPLE_GRANNY_SMITH,WHOLESALE,NL-GE,6232.3099999999995,Monthly,2023-03-01,2023-03-31,KG,2.582,2.582
APPLE_GRANNY_SMITH,WHOLESALE,NL-GE,6202.25,Monthly,2023-04-01,2023-04-30,KG,2.633,2.633
APPLE_GRANNY_SMITH,WHOLESALE,NL-GE,5929.1,Monthly,2023-05-01,2023-05-31,KG,2.591,2.591
APPLE_GRANNY_SMITH,WHOLESALE,NL-GE,5470.99,Monthly,2023-06-01,2023-06-30,KG,2.578,2.578
APPLE_GRANNY_SMITH,WHOLESALE,NL-GE,5096.88,Monthly,2023-07-01,2023-07-31,KG,2.595,2.595
APPLE_GRANNY_SMITH,WHOLESALE,NL-GE,5653.3099999999995,Monthly,2023-08-01,2023-08-31,KG,2.236,2.236
APPLE_GRANNY_SMITH,WHOLESALE,NL-GE,6590.98,Monthly,2023-09-01,2023-09-30,KG,2.099,2.099
APPLE_GRANNY_SMITH,WHOLESALE,NL-GE,6552.53,Monthly,2023-10-01,2023-10-31,KG,2.105,2.105
APPLE_GRANNY_SMITH,WHOLESALE,NL-GE,6409.33,Monthly,2023-11-01,2023-11-30,KG,2.101,2.101
APPLE_GRANNY_SMITH,WHOLESALE,NL-GE,6558.360000000001,Monthly,2023-12-01,2023-12-31,KG,2.598,2.598
APPLE_GRANNY_SMITH,WHOLESALE,NL-GE,7155.33,Monthly,2024-01-01,2024-01-31,KG,2.578,2.606
APPLE_GRANNY_SMITH,WHOLESALE,NL-GE,6194.73,Monthly,2024-02-01,2024-02-29,KG,2.569,2.569
APPLE_GRANNY_SMITH,WHOLESALE,NL-GE,7103.5599999999995,Monthly,2024-03-01,2024-03-31,KG,2.572,2.572
APPLE_GRANNY_SMITH,WHOLESALE,NL-GE,6156.57,Monthly,2024-04-01,2024-04-30,KG,2.634,2.634
APPLE_GRANNY_SMITH,WHOLESALE,NL-GE,5954.860000000001,Monthly,2024-05-01,2024-05-31,KG,2.557,2.557
APPLE_GRANNY_SMITH,WHOLESALE,NL-GE,5015.83,Monthly,2024-06-01,2024-06-30,KG,2.588,2.588
APPLE_GRANNY_SMITH,WHOLESALE,NL-GE,5348.39,Monthly,2024-07-01,2024-07-31,KG,2.589,2.589
APPLE_GRANNY_SMITH,WHOLESALE,NL-GE,5876.030000000001,Monthly,2024-08-01,2024-08-31,KG,2.217,2.217
APPLE_GRANNY_SMITH,WHOLESALE,NL-GE,6220.44,Monthly,2024-09-01,2024-09-30,KG,2.109,2.109
APPLE_GRANNY_SMITH,WHOLESALE,NL-GE,6966.48,Monthly,2024-10-01,2024-10-31,KG,2.096,2.096
APPLE_GRANNY_SMITH,WHOLESALE,NL-GE,6575.21,Monthly,2024-11-01,2024-11-30,KG,2.115,2.115
APPLE_GRANNY_SMITH,WHOLESALE,NL-GE,6960.5599999999995,Monthly,2024-12-01,2024-12-31,KG,2.556,2.556
APPLE_GRANNY_SMITH,WHOLESALE,NL-GE,6897.51,Monthly,2025-01-01,2025-01-31,KG,2.559,2.559
APPLE_GRANNY_SMITH,WHOLESALE,NL-GE,6763.26,Monthly,2025-02-01,2025-02-28,KG,2.621,2.621
APPLE_GRANNY_SMITH,WHOLESALE,NL-GE,7418.17,Monthly,2025-03-01,2025-03-31,KG,2.59,2.59
APPLE_GRANNY_SMITH,WHOLESALE,NL-GE,6896.7,Monthly,2025-04-01,2025-04-30,KG,2.573,2.573
APPLE_GRANNY_SMITH,WHOLESALE,NL-GE,6141.0,Monthly,2025-05-01,2025-05-31,KG,2.623,2.623
APPLE_GRANNY_SMITH,WHOLESALE,NL-GE,5479.610000000001,Monthly,2025-06-01,2025-06-30,KG,2.569,2.569
APPLE_GRANNY_SMITH,WHOLESALE,NL-GE,5672.44,Monthly,2025-07-01,2025-07-31,KG,2.577,2.577
APPLE_GRANNY_SMITH,WHOLESALE,NL-GE,5962.15,Monthly,2025-08-01,2025-08-31,KG,2.19,2.19
APPLE_GRANNY_SMITH,WHOLESALE,NL-GE,6183.9400000000005,Monthly,2025-09-01,2025-09-30,KG,2.11,2.11
APPLE_GRANNY_SMITH,WHOLESALE,NL-GE,6540.97,Monthly,2025-10-01,2025-10-31,KG,2.129,2.129
APPLE_GRANNY_SMITH,WHOLESALE,NL-GE,6737.12,Monthly,2025-11-01,2025-11-30,KG,2.143,2.143
APPLE_GRANNY_SMITH,WHOLESALE,NL-GE,7634.98,Monthly,2025-12-01,2025-12-31,KG,2.562,2.562
APPLE_GRANNY_SMITH,WHOLESALE,NL-GE,7059.37,Monthly,2026-01-01,2026-01-31,KG,2.607,2.607
APPLE_GRANNY_SMITH,WHOLESALE,NL-NB,6405.219999999999,Monthly,2023-02-01,2023-02-28,KG,2.687,2.687
APPLE_GRANNY_SMITH,WHOLESALE,NL-NB,6542.610000000001,Monthly,2023-03-01,2023-03-31,KG,2.665,2.665
APPLE_GRANNY_SMITH,WHOLESALE,NL-NB,6008.46,Monthly,2023-04-01,2023-04-30,KG,2.68,2.68
APPLE_GRANNY_SMITH,WHOLESALE,NL-NB,6371.35,Monthly,2023-05-01,2023-05-31,KG,2.669,2.669
APPLE_GRANNY_SMITH,WHOLESALE,NL-NB,5850.02,Monthly,2023-06-01,2023-06-30,KG,2.689,2.689
APPLE_GRANNY_SMITH,WHOLESALE,NL-NB,5600.83,Monthly,2023-07-01,2023-07-31,KG,2.686,2.686
APPLE_GRANNY_SMITH,WHOLESALE,NL-NB,5971.3,Monthly,2023-08-01,2023-08-31,KG,2.295,2.295
APPLE_GRANNY_SMITH,WHOLESALE,NL-NB,6953.889999999999,Monthly,2023-09-01,2023-09-30,KG,2.182,2.182
APPLE_GRANNY_SMITH,WHOLESALE,NL-NB,6997.46,Monthly,2023-10-01,2023-10-31,KG,2.149,2.149
APPLE_GRANNY_SMITH,WHOLESALE,NL-NB,6603.4800000000005,Monthly,2023-11-01,2023-11-30,KG,2.17,2.17
APPLE_GRANNY_SMITH,WHOLESALE,NL-NB,7096.19,Monthly,2023-12-01,2023-12-31,KG,2.677,2.677
APPLE_GRANNY_SMITH,WHOLESALE,NL-NB,7576.43,Monthly,2024-01-01,2024-01-31,KG,2.666,2.666
APPLE_GRANNY_SMITH,WHOLESALE,NL-NB,6640.8099999999995,Monthly,2024-02-01,2024-02-29,KG,2.669,2.669
APPLE_GRANNY_SMITH,WHOLESALE,NL-NB,6993.62,Monthly,2024-03-01,2024-03-31,KG,2.695,2.695
APPLE_GRANNY_SMITH,WHOLESALE,NL-NB,6124.73,Monthly,2024-04-01,2024-04-30,KG,2.678,2.678
APPLE_GRANNY_SMITH,WHOLESALE,NL-NB,5702.29,Monthly,2024-05-01,2024-05-31,KG,2.696,2.696
APPLE_GRANNY_SMITH,WHOLESALE,NL-NB,5352.08,Monthly,2024-06-01,2024-06-30,KG,2.653,2.653
APPLE_GRANNY_SMITH,WHOLESALE,NL-NB,5443.03,Monthly,2024-07-01,2024-07-31,KG,2.665,2.665
APPLE_GRANNY_SMITH,WHOLESALE,NL-NB,6054.13,Monthly,2024-08-01,2024-08-31,KG,2.285,2.285
APPLE_GRANNY_SMITH,WHOLESALE,NL-NB,6429.74,Monthly,2024-09-01,2024-09-30,KG,2.186,2.186
APPLE_GRANNY_SMITH,WHOLESALE,NL-NB,6976.12,Monthly,2024-10-01,2024-10-31,KG,2.168,2.168
APPLE_GRANNY_SMITH,WHOLESALE,NL-NB,6971.55,Monthly,2024-11-01,2024-11-30,KG,2.16,2.16
APPLE_GRANNY_SMITH,WHOLESALE,NL-NB,7157.05,Monthly,2024-12-01,2024-12-31,KG,2.685,2.685
APPLE_GRANNY_SMITH,WHOLESALE,NL-NB,6928.29,Monthly,2025-01-01,2025-01-31,KG,2.668,2.668
APPLE_GRANNY_SMITH,WHOLESALE,NL-NB,6671.349999999999,Monthly,2025-02-01,2025-02-28,KG,2.67,2.67
APPLE_GRANNY_SMITH,WHOLESALE,NL-NB,8000.2,Monthly,2025-03-01,2025-03-31,KG,2.698,2.698
APPLE_GRANNY_SMITH,WHOLESALE,NL-NB,7135.04,Monthly,2025-04-01,2025-04-30,KG,2.666,2.666
APPLE_GRANNY_SMITH,WHOLESALE,NL-NB,6496.32,Monthly,2025-05-01,2025-05-31,KG,2.66,2.66
APPLE_GRANNY_SMITH,WHOLESALE,NL-NB,5660.83,Monthly,2025-06-01,2025-06-30,KG,2.658,2.658
APPLE_GRANNY_SMITH,WHOLESALE,NL-NB,5757.42,Monthly,2025-07-01,2025-07-31,KG,2.677,2.677
APPLE_GRANNY_SMITH,WHOLESALE,NL-NB,6376.6900000000005,Monthly,2025-08-01,2025-08-31,KG,2.282,2.282
APPLE_GRANNY_SMITH,WHOLESALE,NL-NB,6681.6900000000005,Monthly,2025-09-01,2025-09-30,KG,2.186,2.186
APPLE_GRANNY_SMITH,WHOLESALE,NL-NB,6902.7,Monthly,2025-10-01,2025-10-31,KG,2.165,2.165
APPLE_GRANNY_SMITH,WHOLESALE,NL-NB,7220.37,Monthly,2025-11-01,2025-11-30,KG,2.186,2.186
APPLE_GRANNY_SMITH,WHOLESALE,NL-NB,7533.23,Monthly,2025-12-01,2025-12-31,KG,2.653,2.653
APPLE_GRANNY_SMITH,WHOLESALE,NL-NB,7452.23,Monthly,2026-01-01,2026-01-31,KG,2.679,2.679
APPLE_GRANNY_SMITH,WHOLESALE,NL-NH,6698.85,Monthly,2023-02-01,2023-02-28,KG,2.736,2.736
APPLE_GRANNY_SMITH,WHOLESALE,NL-NH,6892.01,Monthly,2023-03-01,2023-03-31,KG,2.741,2.741
APPLE_GRANNY_SMITH,WHOLESALE,NL-NH,6208.57,Monthly,2023-04-01,2023-04-30,KG,2.727,2.727
APPLE_GRANNY_SMITH,WHOLESALE,NL-NH,6346.83,Monthly,2023-05-01,2023-05-31,KG,2.744,2.744
APPLE_GRANNY_SMITH,WHOLESALE,NL-NH,6050.55,Monthly,2023-06-01,2023-06-30,KG,2.76,2.76
APPLE_GRANNY_SMITH,WHOLESALE,NL-NH,5490.7,Monthly,2023-07-01,2023-07-31,KG,2.778,2.778
APPLE_GRANNY_SMITH,WHOLESALE,NL-NH,6191.12,Monthly,2023-08-01,2023-08-31,KG,2.377,2.377
APPLE_GRANNY_SMITH,WHOLESALE,NL-NH,6994.41,Monthly,2023-09-01,2023-09-30,KG,2.24,2.24
APPLE_GRANNY_SMITH,WHOLESALE,NL-NH,6815.22,Monthly,2023-10-01,2023-10-31,KG,2.235,2.235
APPLE_GRANNY_SMITH,WHOLESALE,NL-NH,6494.9400000000005,Monthly,2023-11-01,2023-11-30,KG,2.246,2.246
APPLE_GRANNY_SMITH,WHOLESALE,NL-NH,7358.59,Monthly,2023-12-01,2023-12-31,KG,2.778,2.778
APPLE_GRANNY_SMITH,WHOLESALE,NL-NH,7713.01,Monthly,2024-01-01,2024-01-31,KG,2.757,2.757
APPLE_GRANNY_SMITH,WHOLESALE,NL-NH,6635.5599999999995,Monthly,2024-02-01,2024-02-29,KG,2.754,2.754
APPLE_GRANNY_SMITH,WHOLESALE,NL-NH,7599.66,Monthly,2024-03-01,2024-03-31,KG,2.752,2.752
APPLE_GRANNY_SMITH,WHOLESALE,NL-NH,6496.68,Monthly,2024-04-01,2024-04-30,KG,2.77,2.77
APPLE_GRANNY_SMITH,WHOLESALE,NL-NH,6025.48,Monthly,2024-05-01,2024-05-31,KG,2.757,2.757
APPLE_GRANNY_SMITH,WHOLESALE,NL-NH,5475.82,Monthly,2024-06-01,2024-06-30,KG,2.745,2.745
APPLE_GRANNY_SMITH,WHOLESALE,NL-NH,5573.46,Monthly,2024-07-01,2024-07-31,KG,2.755,2.755
APPLE_GRANNY_SMITH,WHOLESALE,NL-NH,6229.91,Monthly,2024-08-01,2024-08-31,KG,2.343,2.343
APPLE_GRANNY_SMITH,WHOLESALE,NL-NH,6422.8,Monthly,2024-09-01,2024-09-30,KG,2.234,2.234
APPLE_GRANNY_SMITH,WHOLESALE,NL-NH,7534.5,Monthly,2024-10-01,2024-10-31,KG,2.232,2.232
APPLE_GRANNY_SMITH,WHOLESALE,NL-NH,7276.38,Monthly,2024-11-01,2024-11-30,KG,2.24,2.24
APPLE_GRANNY_SMITH,WHOLESALE,NL-NH,7514.2,Monthly,2024-12-01,2024-12-31,KG,2.751,2.751
APPLE_GRANNY_SMITH,WHOLESALE,NL-NH,7597.1,Monthly,2025-01-01,2025-01-31,KG,2.774,2.774
APPLE_GRANNY_SMITH,WHOLESALE,NL-NH,6744.78,Monthly,2025-02-01,2025-02-28,KG,2.754,2.754
APPLE_GRANNY_SMITH,WHOLESALE,NL-NH,7868.42,Monthly,2025-03-01,2025-03-31,KG,2.787,2.787
APPLE_GRANNY_SMITH,WHOLESALE,NL-NH,7348.27,Monthly,2025-04-01,2025-04-30,KG,2.752,2.752
APPLE_GRANNY_SMITH,WHOLESALE,NL-NH,6560.77,Monthly,2025-05-01,2025-05-31,KG,2.744,2.744
APPLE_GRANNY_SMITH,WHOLESALE,NL-NH,5964.33,Monthly,2025-06-01,2025-06-30,KG,2.747,2.747
APPLE_GRANNY_SMITH,WHOLESALE,NL-NH,5877.41,Monthly,2025-07-01,2025-07-31,KG,2.751,2.751
APPLE_GRANNY_SMITH,WHOLESALE,NL-NH,6420.12,Monthly,2025-08-01,2025-08-31,KG,2.364,2.364
APPLE_GRANNY_SMITH,WHOLESALE,NL-NH,6567.35,Monthly,2025-09-01,2025-09-30,KG,2.227,2.227
APPLE_GRANNY_SMITH,WHOLESALE,NL-NH,6754.73,Monthly,2025-10-01,2025-10-31,KG,2.224,2.224
APPLE_GRANNY_SMITH,WHOLESALE,NL-NH,7293.15,Monthly,2025-11-01,2025-11-30,KG,2.229,2.229
APPLE_GRANNY_SMITH,WHOLESALE,NL-NH,7837.639999999999,Monthly,2025-12-01,2025-12-31,KG,2.758,2.758
APPLE_GRANNY_SMITH,WHOLESALE,NL-NH,7256.0,Monthly,2026-01-01,2026-01-31,KG,2.733,2.733
APPLE_GRANNY_SMITH,WHOLESALE,NL-ZH,6944.82,Monthly,2023-02-01,2023-02-28,KG,2.84,2.84
APPLE_GRANNY_SMITH,WHOLESALE,NL-ZH,6867.55,Monthly,2023-03-01,2023-03-31,KG,2.861,2.861
APPLE_GRANNY_SMITH,WHOLESALE,NL-ZH,6473.79,Monthly,2023-04-01,2023-04-30,KG,2.824,2.824
APPLE_GRANNY_SMITH,WHOLESALE,NL-ZH,6581.46,Monthly,2023-05-01,2023-05-31,KG,2.845,2.845
APPLE_GRANNY_SMITH,WHOLESALE,NL-ZH,6209.93,Monthly,2023-06-01,2023-06-30,KG,2.822,2.822
APPLE_GRANNY_SMITH,WHOLESALE,NL-ZH,5819.84,Monthly,2023-07-01,2023-07-31,KG,2.815,2.815
APPLE_GRANNY_SMITH,WHOLESALE,NL-ZH,6367.32,Monthly,2023-08-01,2023-08-31,KG,2.435,2.435
APPLE_GRANNY_SMITH,WHOLESALE,NL-ZH,6935.4,Monthly,2023-09-01,2023-09-30,KG,2.295,2.295
APPLE_GRANNY_SMITH,WHOLESALE,NL-ZH,7125.39,Monthly,2023-10-01,2023-10-31,KG,2.303,2.303
APPLE_GRANNY_SMITH,WHOLESALE,NL-ZH,7042.26,Monthly,2023-11-01,2023-11-30,KG,2.296,2.296
APPLE_GRANNY_SMITH,WHOLESALE,NL-ZH,7632.81,Monthly,2023-12-01,2023-12-31,KG,2.846,2.846
APPLE_GRANNY_SMITH,WHOLESALE,NL-ZH,8118.8099999999995,Monthly,2024-01-01,2024-01-31,KG,2.848,2.848
APPLE_GRANNY_SMITH,WHOLESALE,NL-ZH,6984.69,Monthly,2024-02-01,2024-02-29,KG,2.876,2.876
APPLE_GRANNY_SMITH,WHOLESALE,NL-ZH,7682.3,Monthly,2024-03-01,2024-03-31,KG,2.867,2.867
APPLE_GRANNY_SMITH,WHOLESALE,NL-ZH,6612.18,Monthly,2024-04-01,2024-04-30,KG,2.869,2.869
APPLE_GRANNY_SMITH,WHOLESALE,NL-ZH,6290.72,Monthly,2024-05-01,2024-05-31,KG,2.825,2.825
APPLE_GRANNY_SMITH,WHOLESALE,NL-ZH,5613.0,Monthly,2024-06-01,2024-06-30,KG,2.858,2.858
APPLE_GRANNY_SMITH,WHOLESALE,NL-ZH,5780.57,Monthly,2024-07-01,2024-07-31,KG,2.801,2.801
APPLE_GRANNY_SMITH,WHOLESALE,NL-ZH,6800.17,Monthly,2024-08-01,2024-08-31,KG,2.423,2.423
APPLE_GRANNY_SMITH,WHOLESALE,NL-ZH,6379.79,Monthly,2024-09-01,2024-09-30,KG,2.294,2.294
APPLE_GRANNY_SMITH,WHOLESALE,NL-ZH,7680.03,Monthly,2024-10-01,2024-10-31,KG,2.292,2.292
APPLE_GRANNY_SMITH,WHOLESALE,NL-ZH,7403.49,Monthly,2024-11-01,2024-11-30,KG,2.289,2.289
APPLE_GRANNY_SMITH,WHOLESALE,NL-ZH,8132.95,Monthly,2024-12-01,2024-12-31,KG,2.843,2.843
APPLE_GRANNY_SMITH,WHOLESALE,NL-ZH,8046.18,Monthly,2025-01-01,2025-01-31,KG,2.803,2.803
APPLE_GRANNY_SMITH,WHOLESALE,NL-ZH,7290.83,Monthly,2025-02-01,2025-02-28,KG,2.838,2.838
APPLE_GRANNY_SMITH,WHOLESALE,NL-ZH,8790.35,Monthly,2025-03-01,2025-03-31,KG,2.837,2.837
APPLE_GRANNY_SMITH,WHOLESALE,NL-ZH,7657.110000000001,Monthly,2025-04-01,2025-04-30,KG,2.845,2.845
APPLE_GRANNY_SMITH,WHOLESALE,NL-ZH,6856.99,Monthly,2025-05-01,2025-05-31,KG,2.855,2.855
APPLE_GRANNY_SMITH,WHOLESALE,NL-ZH,6069.25,Monthly,2025-06-01,2025-06-30,KG,2.817,2.817
APPLE_GRANNY_SMITH,WHOLESALE,NL-ZH,6046.23,Monthly,2025-07-01,2025-07-31,KG,2.825,2.825
APPLE_GRANNY_SMITH,WHOLESALE,NL-ZH,6700.26,Monthly,2025-08-01,2025-08-31,KG,2.43,2.43
APPLE_GRANNY_SMITH,WHOLESALE,NL-ZH,6984.21,Monthly,2025-09-01,2025-09-30,KG,2.289,2.289
APPLE_GRANNY_SMITH,WHOLESALE,NL-ZH,7377.38,Monthly,2025-10-01,2025-10-31,KG,2.303,2.303
APPLE_GRANNY_SMITH,WHOLESALE,NL-ZH,7432.870000000001,Monthly,2025-11-01,2025-11-30,KG,2.299,2.299
APPLE_GRANNY_SMITH,WHOLESALE,NL-ZH,8123.4800000000005,Monthly,2025-12-01,2025-12-31,KG,2.84,2.84
APPLE_GRANNY_SMITH,WHOLESALE,NL-ZH,8021.01,Monthly,2026-01-01,2026-01-31,KG,2.856,2.856
APPLE_JONAGOLD,ONLINE,NL-GE,4443.05,Monthly,2023-02-01,2023-02-28,KG,2.567,2.567
APPLE_JONAGOLD,ONLINE,NL-GE,4452.06,Monthly,2023-03-01,2023-03-31,KG,2.618,2.618
APPLE_JONAGOLD,ONLINE,NL-GE,4085.77,Monthly,2023-04-01,2023-04-30,KG,2.602,2.602
APPLE_JONAGOLD,ONLINE,NL-GE,4392.99,Monthly,2023-05-01,2023-05-31,KG,2.579,2.579
APPLE_JONAGOLD,ONLINE,NL-GE,3863.05,Monthly,2023-06-01,2023-06-30,KG,2.608,2.608
APPLE_JONAGOLD,ONLINE,NL-GE,3730.83,Monthly,2023-07-01,2023-07-31,KG,2.616,2.616
APPLE_JONAGOLD,ONLINE,NL-GE,4009.3,Monthly,2023-08-01,2023-08-31,KG,2.224,2.224
APPLE_JONAGOLD,ONLINE,NL-GE,4597.13,Monthly,2023-09-01,2023-09-30,KG,2.091,2.091
APPLE_JONAGOLD,ONLINE,NL-GE,4577.25,Monthly,2023-10-01,2023-10-31,KG,2.097,2.097
APPLE_JONAGOLD,ONLINE,NL-GE,4504.35,Monthly,2023-11-01,2023-11-30,KG,2.102,2.102
APPLE_JONAGOLD,ONLINE,NL-GE,4575.34,Monthly,2023-12-01,2023-12-31,KG,2.592,2.592
APPLE_JONAGOLD,ONLINE,NL-GE,4963.42,Monthly,2024-01-01,2024-01-31,KG,2.637,2.637
APPLE_JONAGOLD,ONLINE,NL-GE,4397.92,Monthly,2024-02-01,2024-02-29,KG,2.607,2.607
APPLE_JONAGOLD,ONLINE,NL-GE,5131.82,Monthly,2024-03-01,2024-03-31,KG,2.587,2.587
APPLE_JONAGOLD,ONLINE,NL-GE,4125.66,Monthly,2024-04-01,2024-04-30,KG,2.588,2.588
APPLE_JONAGOLD,ONLINE,NL-GE,4043.3,Monthly,2024-05-01,2024-05-31,KG,2.582,2.582
APPLE_JONAGOLD,ONLINE,NL-GE,3692.1000000000004,Monthly,2024-06-01,2024-06-30,KG,2.582,2.582
APPLE_JONAGOLD,ONLINE,NL-GE,3753.5600000000004,Monthly,2024-07-01,2024-07-31,KG,2.564,2.564
APPLE_JONAGOLD,ONLINE,NL-GE,4091.4700000000003,Monthly,2024-08-01,2024-08-31,KG,2.203,2.203
APPLE_JONAGOLD,ONLINE,NL-GE,4364.9400000000005,Monthly,2024-09-01,2024-09-30,KG,2.101,2.101
APPLE_JONAGOLD,ONLINE,NL-GE,4972.77,Monthly,2024-10-01,2024-10-31,KG,2.105,2.105
APPLE_JONAGOLD,ONLINE,NL-GE,4841.84,Monthly,2024-11-01,2024-11-30,KG,2.092,2.092
APPLE_JONAGOLD,ONLINE,NL-GE,4890.29,Monthly,2024-12-01,2024-12-31,KG,2.579,2.579
APPLE_JONAGOLD,ONLINE,NL-GE,4926.03,Monthly,2025-01-01,2025-01-31,KG,2.548,2.548
APPLE_JONAGOLD,ONLINE,NL-GE,4556.0599999999995,Monthly,2025-02-01,2025-02-28,KG,2.596,2.596
APPLE_JONAGOLD,ONLINE,NL-GE,5419.13,Monthly,2025-03-01,2025-03-31,KG,2.575,2.575
APPLE_JONAGOLD,ONLINE,NL-GE,4724.99,Monthly,2025-04-01,2025-04-30,KG,2.602,2.602
APPLE_JONAGOLD,ONLINE,NL-GE,4460.68,Monthly,2025-05-01,2025-05-31,KG,2.617,2.617
APPLE_JONAGOLD,ONLINE,NL-GE,3693.62,Monthly,2025-06-01,2025-06-30,KG,2.605,2.605
APPLE_JONAGOLD,ONLINE,NL-GE,3943.3500000000004,Monthly,2025-07-01,2025-07-31,KG,2.584,2.584
APPLE_JONAGOLD,ONLINE,NL-GE,4289.71,Monthly,2025-08-01,2025-08-31,KG,2.191,2.191
APPLE_JONAGOLD,ONLINE,NL-GE,4429.5,Monthly,2025-09-01,2025-09-30,KG,2.124,2.124
APPLE_JONAGOLD,ONLINE,NL-GE,4598.9,Monthly,2025-10-01,2025-10-31,KG,2.126,2.126
APPLE_JONAGOLD,ONLINE,NL-GE,4787.92,Monthly,2025-11-01,2025-11-30,KG,2.114,2.114
APPLE_JONAGOLD,ONLINE,NL-GE,5246.1,Monthly,2025-12-01,2025-12-31,KG,2.57,2.57
APPLE_JONAGOLD,ONLINE,NL-GE,5009.75,Monthly,2026-01-01,2026-01-31,KG,2.545,2.545
APPLE_JONAGOLD,ONLINE,NL-NB,4550.9400000000005,Monthly,2023-02-01,2023-02-28,KG,2.692,2.692
APPLE_JONAGOLD,ONLINE,NL-NB,4750.72,Monthly,2023-03-01,2023-03-31,KG,2.671,2.671
APPLE_JONAGOLD,ONLINE,NL-NB,4264.33,Monthly,2023-04-01,2023-04-30,KG,2.675,2.675
APPLE_JONAGOLD,ONLINE,NL-NB,4292.07,Monthly,2023-05-01,2023-05-31,KG,2.675,2.675
APPLE_JONAGOLD,ONLINE,NL-NB,3938.44,Monthly,2023-06-01,2023-06-30,KG,2.672,2.672
APPLE_JONAGOLD,ONLINE,NL-NB,3738.19,Monthly,2023-07-01,2023-07-31,KG,2.671,2.671
APPLE_JONAGOLD,ONLINE,NL-NB,4157.17,Monthly,2023-08-01,2023-08-31,KG,2.29,2.29
APPLE_JONAGOLD,ONLINE,NL-NB,4811.67,Monthly,2023-09-01,2023-09-30,KG,2.134,2.134
APPLE_JONAGOLD,ONLINE,NL-NB,4656.34,Monthly,2023-10-01,2023-10-31,KG,2.174,2.174
APPLE_JONAGOLD,ONLINE,NL-NB,4639.34,Monthly,2023-11-01,2023-11-30,KG,2.174,2.174
APPLE_JONAGOLD,ONLINE,NL-NB,4976.28,Monthly,2023-12-01,2023-12-31,KG,2.659,2.659
APPLE_JONAGOLD,ONLINE,NL-NB,5237.219999999999,Monthly,2024-01-01,2024-01-31,KG,2.673,2.673
APPLE_JONAGOLD,ONLINE,NL-NB,4727.200000000001,Monthly,2024-02-01,2024-02-29,KG,2.688,2.688
APPLE_JONAGOLD,ONLINE,NL-NB,5119.66,Monthly,2024-03-01,2024-03-31,KG,2.654,2.654
APPLE_JONAGOLD,ONLINE,NL-NB,4271.24,Monthly,2024-04-01,2024-04-30,KG,2.694,2.694
APPLE_JONAGOLD,ONLINE,NL-NB,3978.77,Monthly,2024-05-01,2024-05-31,KG,2.689,2.689
APPLE_JONAGOLD,ONLINE,NL-NB,3706.73,Monthly,2024-06-01,2024-06-30,KG,2.723,2.723
APPLE_JONAGOLD,ONLINE,NL-NB,3828.7799999999997,Monthly,2024-07-01,2024-07-31,KG,2.675,2.675
APPLE_JONAGOLD,ONLINE,NL-NB,4264.92,Monthly,2024-08-01,2024-08-31,KG,2.273,2.273
APPLE_JONAGOLD,ONLINE,NL-NB,4513.5599999999995,Monthly,2024-09-01,2024-09-30,KG,2.196,2.196
APPLE_JONAGOLD,ONLINE,NL-NB,4983.27,Monthly,2024-10-01,2024-10-31,KG,2.174,2.174
APPLE_JONAGOLD,ONLINE,NL-NB,4814.34,Monthly,2024-11-01,2024-11-30,KG,2.205,2.205
APPLE_JONAGOLD,ONLINE,NL-NB,5234.28,Monthly,2024-12-01,2024-12-31,KG,2.665,2.665
APPLE_JONAGOLD,ONLINE,NL-NB,4964.06,Monthly,2025-01-01,2025-01-31,KG,2.651,2.651
APPLE_JONAGOLD,ONLINE,NL-NB,4655.469999999999,Monthly,2025-02-01,2025-02-28,KG,2.653,2.653
APPLE_JONAGOLD,ONLINE,NL-NB,5505.68,Monthly,2025-03-01,2025-03-31,KG,2.663,2.663
APPLE_JONAGOLD,ONLINE,NL-NB,5089.93,Monthly,2025-04-01,2025-04-30,KG,2.632,2.632
APPLE_JONAGOLD,ONLINE,NL-NB,4614.42,Monthly,2025-05-01,2025-05-31,KG,2.663,2.663
APPLE_JONAGOLD,ONLINE,NL-NB,3905.1,Monthly,2025-06-01,2025-06-30,KG,2.682,2.682
APPLE_JONAGOLD,ONLINE,NL-NB,4006.29,Monthly,2025-07-01,2025-07-31,KG,2.656,2.656
APPLE_JONAGOLD,ONLINE,NL-NB,4384.17,Monthly,2025-08-01,2025-08-31,KG,2.303,2.303
APPLE_JONAGOLD,ONLINE,NL-NB,4634.96,Monthly,2025-09-01,2025-09-30,KG,2.145,2.145
APPLE_JONAGOLD,ONLINE,NL-NB,4971.2,Monthly,2025-10-01,2025-10-31,KG,2.185,2.185
APPLE_JONAGOLD,ONLINE,NL-NB,5021.0,Monthly,2025-11-01,2025-11-30,KG,2.171,2.171
APPLE_JONAGOLD,ONLINE,NL-NB,5431.27,Monthly,2025-12-01,2025-12-31,KG,2.656,2.656
APPLE_JONAGOLD,ONLINE,NL-NB,5165.219999999999,Monthly,2026-01-01,2026-01-31,KG,2.684,2.684
APPLE_JONAGOLD,ONLINE,NL-NH,4813.14,Monthly,2023-02-01,2023-02-28,KG,2.739,2.739
APPLE_JONAGOLD,ONLINE,NL-NH,4880.76,Monthly,2023-03-01,2023-03-31,KG,2.734,2.734
APPLE_JONAGOLD,ONLINE,NL-NH,4412.23,Monthly,2023-04-01,2023-04-30,KG,2.759,2.759
APPLE_JONAGOLD,ONLINE,NL-NH,4442.08,Monthly,2023-05-01,2023-05-31,KG,2.759,2.759
APPLE_JONAGOLD,ONLINE,NL-NH,4133.57,Monthly,2023-06-01,2023-06-30,KG,2.765,2.765
APPLE_JONAGOLD,ONLINE,NL-NH,3801.96,Monthly,2023-07-01,2023-07-31,KG,2.821,2.821
APPLE_JONAGOLD,ONLINE,NL-NH,4309.17,Monthly,2023-08-01,2023-08-31,KG,2.353,2.353
APPLE_JONAGOLD,ONLINE,NL-NH,4794.53,Monthly,2023-09-01,2023-09-30,KG,2.206,2.206
APPLE_JONAGOLD,ONLINE,NL-NH,4831.79,Monthly,2023-10-01,2023-10-31,KG,2.249,2.249
APPLE_JONAGOLD,ONLINE,NL-NH,4548.75,Monthly,2023-11-01,2023-11-30,KG,2.247,2.247
APPLE_JONAGOLD,ONLINE,NL-NH,5043.6,Monthly,2023-12-01,2023-12-31,KG,2.773,2.773
APPLE_JONAGOLD,ONLINE,NL-NH,5291.56,Monthly,2024-01-01,2024-01-31,KG,2.739,2.739
APPLE_JONAGOLD,ONLINE,NL-NH,4668.87,Monthly,2024-02-01,2024-02-29,KG,2.762,2.762
APPLE_JONAGOLD,ONLINE,NL-NH,5167.36,Monthly,2024-03-01,2024-03-31,KG,2.802,2.802
APPLE_JONAGOLD,ONLINE,NL-NH,4328.5599999999995,Monthly,2024-04-01,2024-04-30,KG,2.736,2.736
APPLE_JONAGOLD,ONLINE,NL-NH,4416.71,Monthly,2024-05-01,2024-05-31,KG,2.792,2.792
APPLE_JONAGOLD,ONLINE,NL-NH,3862.63,Monthly,2024-06-01,2024-06-30,KG,2.793,2.793
APPLE_JONAGOLD,ONLINE,NL-NH,3871.1800000000003,Monthly,2024-07-01,2024-07-31,KG,2.778,2.778
APPLE_JONAGOLD,ONLINE,NL-NH,4599.9,Monthly,2024-08-01,2024-08-31,KG,2.356,2.356
APPLE_JONAGOLD,ONLINE,NL-NH,4540.2,Monthly,2024-09-01,2024-09-30,KG,2.232,2.232
APPLE_JONAGOLD,ONLINE,NL-NH,5413.21,Monthly,2024-10-01,2024-10-31,KG,2.268,2.268
APPLE_JONAGOLD,ONLINE,NL-NH,4952.96,Monthly,2024-11-01,2024-11-30,KG,2.206,2.206
APPLE_JONAGOLD,ONLINE,NL-NH,5224.38,Monthly,2024-12-01,2024-12-31,KG,2.763,2.763
APPLE_JONAGOLD,ONLINE,NL-NH,5280.16,Monthly,2025-01-01,2025-01-31,KG,2.764,2.764
APPLE_JONAGOLD,ONLINE,NL-NH,4757.02,Monthly,2025-02-01,2025-02-28,KG,2.761,2.761
APPLE_JONAGOLD,ONLINE,NL-NH,5553.02,Monthly,2025-03-01,2025-03-31,KG,2.743,2.743
APPLE_JONAGOLD,ONLINE,NL-NH,5088.43,Monthly,2025-04-01,2025-04-30,KG,2.706,2.706
APPLE_JONAGOLD,ONLINE,NL-NH,4639.47,Monthly,2025-05-01,2025-05-31,KG,2.771,2.771
APPLE_JONAGOLD,ONLINE,NL-NH,3974.95,Monthly,2025-06-01,2025-06-30,KG,2.739,2.739
APPLE_JONAGOLD,ONLINE,NL-NH,4081.96,Monthly,2025-07-01,2025-07-31,KG,2.758,2.758
APPLE_JONAGOLD,ONLINE,NL-NH,4270.01,Monthly,2025-08-01,2025-08-31,KG,2.376,2.376
APPLE_JONAGOLD,ONLINE,NL-NH,4717.9400000000005,Monthly,2025-09-01,2025-09-30,KG,2.242,2.242
APPLE_JONAGOLD,ONLINE,NL-NH,4830.8099999999995,Monthly,2025-10-01,2025-10-31,KG,2.23,2.23
APPLE_JONAGOLD,ONLINE,NL-NH,5029.969999999999,Monthly,2025-11-01,2025-11-30,KG,2.235,2.235
APPLE_JONAGOLD,ONLINE,NL-NH,5533.42,Monthly,2025-12-01,2025-12-31,KG,2.728,2.728
APPLE_JONAGOLD,ONLINE,NL-NH,5156.8099999999995,Monthly,2026-01-01,2026-01-31,KG,2.728,2.728
APPLE_JONAGOLD,ONLINE,NL-ZH,4980.98,Monthly,2023-02-01,2023-02-28,KG,2.817,2.817
APPLE_JONAGOLD,ONLINE,NL-ZH,4791.21,Monthly,2023-03-01,2023-03-31,KG,2.807,2.807
APPLE_JONAGOLD,ONLINE,NL-ZH,4484.98,Monthly,2023-04-01,2023-04-30,KG,2.84,2.84
APPLE_JONAGOLD,ONLINE,NL-ZH,4844.15,Monthly,2023-05-01,2023-05-31,KG,2.832,2.832
APPLE_JONAGOLD,ONLINE,NL-ZH,4362.5599999999995,Monthly,2023-06-01,2023-06-30,KG,2.844,2.844
APPLE_JONAGOLD,ONLINE,NL-ZH,3917.83,Monthly,2023-07-01,2023-07-31,KG,2.819,2.819
APPLE_JONAGOLD,ONLINE,NL-ZH,4322.15,Monthly,2023-08-01,2023-08-31,KG,2.386,2.386
APPLE_JONAGOLD,ONLINE,NL-ZH,4965.73,Monthly,2023-09-01,2023-09-30,KG,2.297,2.297
APPLE_JONAGOLD,ONLINE,NL-ZH,4982.26,Monthly,2023-10-01,2023-10-31,KG,2.262,2.262
APPLE_JONAGOLD,ONLINE,NL-ZH,4804.7,Monthly,2023-11-01,2023-11-30,KG,2.286,2.286
APPLE_JONAGOLD,ONLINE,NL-ZH,5164.23,Monthly,2023-12-01,2023-12-31,KG,2.837,2.837
APPLE_JONAGOLD,ONLINE,NL-ZH,5529.63,Monthly,2024-01-01,2024-01-31,KG,2.841,2.841
APPLE_JONAGOLD,ONLINE,NL-ZH,4916.35,Monthly,2024-02-01,2024-02-29,KG,2.849,2.849
APPLE_JONAGOLD,ONLINE,NL-ZH,5466.86,Monthly,2024-03-01,2024-03-31,KG,2.835,2.835
APPLE_JONAGOLD,ONLINE,NL-ZH,4626.17,Monthly,2024-04-01,2024-04-30,KG,2.801,2.801
APPLE_JONAGOLD,ONLINE,NL-ZH,4477.5599999999995,Monthly,2024-05-01,2024-05-31,KG,2.872,2.872
APPLE_JONAGOLD,ONLINE,NL-ZH,4016.55,Monthly,2024-06-01,2024-06-30,KG,2.848,2.848
APPLE_JONAGOLD,ONLINE,NL-ZH,4041.2699999999995,Monthly,2024-07-01,2024-07-31,KG,2.817,2.817
APPLE_JONAGOLD,ONLINE,NL-ZH,4824.26,Monthly,2024-08-01,2024-08-31,KG,2.417,2.417
APPLE_JONAGOLD,ONLINE,NL-ZH,4598.33,Monthly,2024-09-01,2024-09-30,KG,2.337,2.337
APPLE_JONAGOLD,ONLINE,NL-ZH,5442.049999999999,Monthly,2024-10-01,2024-10-31,KG,2.283,2.283
APPLE_JONAGOLD,ONLINE,NL-ZH,5097.46,Monthly,2024-11-01,2024-11-30,KG,2.33,2.33
APPLE_JONAGOLD,ONLINE,NL-ZH,5642.31,Monthly,2024-12-01,2024-12-31,KG,2.798,2.798
APPLE_JONAGOLD,ONLINE,NL-ZH,5371.0,Monthly,2025-01-01,2025-01-31,KG,2.82,2.82
APPLE_JONAGOLD,ONLINE,NL-ZH,4970.49,Monthly,2025-02-01,2025-02-28,KG,2.855,2.855
APPLE_JONAGOLD,ONLINE,NL-ZH,5934.9400000000005,Monthly,2025-03-01,2025-03-31,KG,2.836,2.836
APPLE_JONAGOLD,ONLINE,NL-ZH,5329.29,Monthly,2025-04-01,2025-04-30,KG,2.837,2.837
APPLE_JONAGOLD,ONLINE,NL-ZH,4835.72,Monthly,2025-05-01,2025-05-31,KG,2.819,2.819
APPLE_JONAGOLD,ONLINE,NL-ZH,4205.389999999999,Monthly,2025-06-01,2025-06-30,KG,2.888,2.888
APPLE_JONAGOLD,ONLINE,NL-ZH,4137.51,Monthly,2025-07-01,2025-07-31,KG,2.851,2.851
APPLE_JONAGOLD,ONLINE,NL-ZH,4562.96,Monthly,2025-08-01,2025-08-31,KG,2.435,2.435
APPLE_JONAGOLD,ONLINE,NL-ZH,5098.08,Monthly,2025-09-01,2025-09-30,KG,2.302,2.302
APPLE_JONAGOLD,ONLINE,NL-ZH,5188.78,Monthly,2025-10-01,2025-10-31,KG,2.272,2.272
APPLE_JONAGOLD,ONLINE,NL-ZH,5219.65,Monthly,2025-11-01,2025-11-30,KG,2.302,2.302
APPLE_JONAGOLD,ONLINE,NL-ZH,5959.18,Monthly,2025-12-01,2025-12-31,KG,2.843,2.843
APPLE_JONAGOLD,ONLINE,NL-ZH,5416.11,Monthly,2026-01-01,2026-01-31,KG,2.835,2.835
APPLE_JONAGOLD,RETAIL,NL-GE,9094.26,Monthly,2023-02-01,2023-02-28,KG,2.618,2.618
APPLE_JONAGOLD,RETAIL,NL-GE,8914.14,Monthly,2023-03-01,2023-03-31,KG,2.584,2.584
APPLE_JONAGOLD,RETAIL,NL-GE,8515.5,Monthly,2023-04-01,2023-04-30,KG,2.619,2.619
APPLE_JONAGOLD,RETAIL,NL-GE,8140.130000000001,Monthly,2023-05-01,2023-05-31,KG,2.585,2.585
APPLE_JONAGOLD,RETAIL,NL-GE,7659.99,Monthly,2023-06-01,2023-06-30,KG,2.586,2.586
APPLE_JONAGOLD,RETAIL,NL-GE,7171.99,Monthly,2023-07-01,2023-07-31,KG,2.573,2.573
APPLE_JONAGOLD,RETAIL,NL-GE,8162.66,Monthly,2023-08-01,2023-08-31,KG,2.159,2.226
APPLE_JONAGOLD,RETAIL,NL-GE,9300.86,Monthly,2023-09-01,2023-09-30,KG,2.095,2.095
APPLE_JONAGOLD,RETAIL,NL-GE,9709.19,Monthly,2023-10-01,2023-10-31,KG,2.002,2.083
APPLE_JONAGOLD,RETAIL,NL-GE,9178.73,Monthly,2023-11-01,2023-11-30,KG,2.131,2.131
APPLE_JONAGOLD,RETAIL,NL-GE,9363.8,Monthly,2023-12-01,2023-12-31,KG,2.596,2.596
APPLE_JONAGOLD,RETAIL,NL-GE,9755.5,Monthly,2024-01-01,2024-01-31,KG,2.58,2.58
APPLE_JONAGOLD,RETAIL,NL-GE,8495.09,Monthly,2024-02-01,2024-02-29,KG,2.578,2.578
APPLE_JONAGOLD,RETAIL,NL-GE,9928.86,Monthly,2024-03-01,2024-03-31,KG,2.582,2.582
APPLE_JONAGOLD,RETAIL,NL-GE,8373.37,Monthly,2024-04-01,2024-04-30,KG,2.627,2.627
APPLE_JONAGOLD,RETAIL,NL-GE,8150.99,Monthly,2024-05-01,2024-05-31,KG,2.577,2.577
APPLE_JONAGOLD,RETAIL,NL-GE,7197.91,Monthly,2024-06-01,2024-06-30,KG,2.597,2.597
APPLE_JONAGOLD,RETAIL,NL-GE,7359.5,Monthly,2024-07-01,2024-07-31,KG,2.6,2.6
APPLE_JONAGOLD,RETAIL,NL-GE,8308.07,Monthly,2024-08-01,2024-08-31,KG,2.212,2.212
APPLE_JONAGOLD,RETAIL,NL-GE,8493.69,Monthly,2024-09-01,2024-09-30,KG,2.112,2.112
APPLE_JONAGOLD,RETAIL,NL-GE,9772.99,Monthly,2024-10-01,2024-10-31,KG,2.122,2.122
APPLE_JONAGOLD,RETAIL,NL-GE,9391.1,Monthly,2024-11-01,2024-11-30,KG,2.111,2.111
APPLE_JONAGOLD,RETAIL,NL-GE,10199.71,Monthly,2024-12-01,2024-12-31,KG,2.566,2.566
APPLE_JONAGOLD,RETAIL,NL-GE,9508.59,Monthly,2025-01-01,2025-01-31,KG,2.591,2.591
APPLE_JONAGOLD,RETAIL,NL-GE,9671.3,Monthly,2025-02-01,2025-02-28,KG,2.478,2.573
APPLE_JONAGOLD,RETAIL,NL-GE,11098.22,Monthly,2025-03-01,2025-03-31,KG,2.588,2.588
APPLE_JONAGOLD,RETAIL,NL-GE,9133.03,Monthly,2025-04-01,2025-04-30,KG,2.604,2.604
APPLE_JONAGOLD,RETAIL,NL-GE,8706.9,Monthly,2025-05-01,2025-05-31,KG,2.618,2.618
APPLE_JONAGOLD,RETAIL,NL-GE,7673.389999999999,Monthly,2025-06-01,2025-06-30,KG,2.586,2.586
APPLE_JONAGOLD,RETAIL,NL-GE,7542.64,Monthly,2025-07-01,2025-07-31,KG,2.597,2.597
APPLE_JONAGOLD,RETAIL,NL-GE,8574.04,Monthly,2025-08-01,2025-08-31,KG,2.218,2.218
APPLE_JONAGOLD,RETAIL,NL-GE,8655.650000000001,Monthly,2025-09-01,2025-09-30,KG,2.109,2.109
APPLE_JONAGOLD,RETAIL,NL-GE,9158.45,Monthly,2025-10-01,2025-10-31,KG,2.11,2.11
APPLE_JONAGOLD,RETAIL,NL-GE,9810.74,Monthly,2025-11-01,2025-11-30,KG,2.107,2.107
APPLE_JONAGOLD,RETAIL,NL-GE,9968.380000000001,Monthly,2025-12-01,2025-12-31,KG,2.592,2.592
APPLE_JONAGOLD,RETAIL,NL-GE,9757.8,Monthly,2026-01-01,2026-01-31,KG,2.583,2.583
APPLE_JONAGOLD,RETAIL,NL-NB,9521.08,Monthly,2023-02-01,2023-02-28,KG,2.614,2.688
APPLE_JONAGOLD,RETAIL,NL-NB,9091.95,Monthly,2023-03-01,2023-03-31,KG,2.666,2.666
APPLE_JONAGOLD,RETAIL,NL-NB,8643.52,Monthly,2023-04-01,2023-04-30,KG,2.68,2.68
APPLE_JONAGOLD,RETAIL,NL-NB,8531.07,Monthly,2023-05-01,2023-05-31,KG,2.686,2.686
APPLE_JONAGOLD,RETAIL,NL-NB,8140.889999999999,Monthly,2023-06-01,2023-06-30,KG,2.622,2.645
APPLE_JONAGOLD,RETAIL,NL-NB,7683.3,Monthly,2023-07-01,2023-07-31,KG,2.655,2.655
APPLE_JONAGOLD,RETAIL,NL-NB,8843.4,Monthly,2023-08-01,2023-08-31,KG,2.123,2.299
APPLE_JONAGOLD,RETAIL,NL-NB,9492.0,Monthly,2023-09-01,2023-09-30,KG,2.19,2.19
APPLE_JONAGOLD,RETAIL,NL-NB,9680.42,Monthly,2023-10-01,2023-10-31,KG,2.194,2.194
APPLE_JONAGOLD,RETAIL,NL-NB,9468.33,Monthly,2023-11-01,2023-11-30,KG,2.152,2.152
APPLE_JONAGOLD,RETAIL,NL-NB,9959.05,Monthly,2023-12-01,2023-12-31,KG,2.687,2.687
APPLE_JONAGOLD,RETAIL,NL-NB,10291.66,Monthly,2024-01-01,2024-01-31,KG,2.689,2.689
APPLE_JONAGOLD,RETAIL,NL-NB,9589.9,Monthly,2024-02-01,2024-02-29,KG,2.646,2.646
APPLE_JONAGOLD,RETAIL,NL-NB,10272.47,Monthly,2024-03-01,2024-03-31,KG,2.693,2.693
APPLE_JONAGOLD,RETAIL,NL-NB,8563.64,Monthly,2024-04-01,2024-04-30,KG,2.701,2.701
APPLE_JONAGOLD,RETAIL,NL-NB,7867.35,Monthly,2024-05-01,2024-05-31,KG,2.653,2.653
APPLE_JONAGOLD,RETAIL,NL-NB,7609.049999999999,Monthly,2024-06-01,2024-06-30,KG,2.659,2.659
APPLE_JONAGOLD,RETAIL,NL-NB,7550.8,Monthly,2024-07-01,2024-07-31,KG,2.652,2.652
APPLE_JONAGOLD,RETAIL,NL-NB,8550.720000000001,Monthly,2024-08-01,2024-08-31,KG,2.304,2.304
APPLE_JONAGOLD,RETAIL,NL-NB,8793.89,Monthly,2024-09-01,2024-09-30,KG,2.161,2.161
APPLE_JONAGOLD,RETAIL,NL-NB,9864.58,Monthly,2024-10-01,2024-10-31,KG,2.185,2.185
APPLE_JONAGOLD,RETAIL,NL-NB,9783.779999999999,Monthly,2024-11-01,2024-11-30,KG,2.17,2.17
APPLE_JONAGOLD,RETAIL,NL-NB,9958.67,Monthly,2024-12-01,2024-12-31,KG,2.686,2.686
APPLE_JONAGOLD,RETAIL,NL-NB,10014.119999999999,Monthly,2025-01-01,2025-01-31,KG,2.689,2.689
APPLE_JONAGOLD,RETAIL,NL-NB,9149.88,Monthly,2025-02-01,2025-02-28,KG,2.689,2.689
APPLE_JONAGOLD,RETAIL,NL-NB,11304.91,Monthly,2025-03-01,2025-03-31,KG,2.677,2.677
APPLE_JONAGOLD,RETAIL,NL-NB,10017.16,Monthly,2025-04-01,2025-04-30,KG,2.684,2.684
APPLE_JONAGOLD,RETAIL,NL-NB,8918.45,Monthly,2025-05-01,2025-05-31,KG,2.649,2.649
APPLE_JONAGOLD,RETAIL,NL-NB,7699.57,Monthly,2025-06-01,2025-06-30,KG,2.671,2.671
APPLE_JONAGOLD,RETAIL,NL-NB,7863.3099999999995,Monthly,2025-07-01,2025-07-31,KG,2.67,2.67
APPLE_JONAGOLD,RETAIL,NL-NB,9000.25,Monthly,2025-08-01,2025-08-31,KG,2.274,2.274
APPLE_JONAGOLD,RETAIL,NL-NB,9073.91,Monthly,2025-09-01,2025-09-30,KG,2.16,2.16
APPLE_JONAGOLD,RETAIL,NL-NB,9396.32,Monthly,2025-10-01,2025-10-31,KG,2.186,2.186
APPLE_JONAGOLD,RETAIL,NL-NB,10046.93,Monthly,2025-11-01,2025-11-30,KG,2.158,2.158
APPLE_JONAGOLD,RETAIL,NL-NB,11768.41,Monthly,2025-12-01,2025-12-31,KG,2.479,2.696
APPLE_JONAGOLD,RETAIL,NL-NB,10457.15,Monthly,2026-01-01,2026-01-31,KG,2.677,2.677
APPLE_JONAGOLD,RETAIL,NL-NH,9470.46,Monthly,2023-02-01,2023-02-28,KG,2.763,2.763
APPLE_JONAGOLD,RETAIL,NL-NH,9941.86,Monthly,2023-03-01,2023-03-31,KG,2.761,2.761
APPLE_JONAGOLD,RETAIL,NL-NH,8980.85,Monthly,2023-04-01,2023-04-30,KG,2.78,2.78
APPLE_JONAGOLD,RETAIL,NL-NH,8718.91,Monthly,2023-05-01,2023-05-31,KG,2.799,2.799
APPLE_JONAGOLD,RETAIL,NL-NH,8237.57,Monthly,2023-06-01,2023-06-30,KG,2.773,2.773
APPLE_JONAGOLD,RETAIL,NL-NH,7570.18,Monthly,2023-07-01,2023-07-31,KG,2.765,2.765
APPLE_JONAGOLD,RETAIL,NL-NH,8388.34,Monthly,2023-08-01,2023-08-31,KG,2.381,2.381
APPLE_JONAGOLD,RETAIL,NL-NH,9784.960000000001,Monthly,2023-09-01,2023-09-30,KG,2.241,2.241
APPLE_JONAGOLD,RETAIL,NL-NH,9615.06,Monthly,2023-10-01,2023-10-31,KG,2.239,2.239
APPLE_JONAGOLD,RETAIL,NL-NH,9402.060000000001,Monthly,2023-11-01,2023-11-30,KG,2.241,2.241
APPLE_JONAGOLD,RETAIL,NL-NH,10264.97,Monthly,2023-12-01,2023-12-31,KG,2.795,2.795
APPLE_JONAGOLD,RETAIL,NL-NH,10533.65,Monthly,2024-01-01,2024-01-31,KG,2.732,2.732
APPLE_JONAGOLD,RETAIL,NL-NH,9244.119999999999,Monthly,2024-02-01,2024-02-29,KG,2.777,2.777
APPLE_JONAGOLD,RETAIL,NL-NH,10423.83,Monthly,2024-03-01,2024-03-31,KG,2.746,2.768
APPLE_JONAGOLD,RETAIL,NL-NH,9053.15,Monthly,2024-04-01,2024-04-30,KG,2.733,2.733
APPLE_JONAGOLD,RETAIL,NL-NH,8156.4400000000005,Monthly,2024-05-01,2024-05-31,KG,2.79,2.79
APPLE_JONAGOLD,RETAIL,NL-NH,7777.139999999999,Monthly,2024-06-01,2024-06-30,KG,2.734,2.734
APPLE_JONAGOLD,RETAIL,NL-NH,7391.57,Monthly,2024-07-01,2024-07-31,KG,2.797,2.797
APPLE_JONAGOLD,RETAIL,NL-NH,8986.78,Monthly,2024-08-01,2024-08-31,KG,2.317,2.317
APPLE_JONAGOLD,RETAIL,NL-NH,9428.130000000001,Monthly,2024-09-01,2024-09-30,KG,2.252,2.252
APPLE_JONAGOLD,RETAIL,NL-NH,10471.710000000001,Monthly,2024-10-01,2024-10-31,KG,2.219,2.219
APPLE_JONAGOLD,RETAIL,NL-NH,9681.08,Monthly,2024-11-01,2024-11-30,KG,2.237,2.237
APPLE_JONAGOLD,RETAIL,NL-NH,10638.39,Monthly,2024-12-01,2024-12-31,KG,2.742,2.742
APPLE_JONAGOLD,RETAIL,NL-NH,10327.56,Monthly,2025-01-01,2025-01-31,KG,2.75,2.75
APPLE_JONAGOLD,RETAIL,NL-NH,9789.27,Monthly,2025-02-01,2025-02-28,KG,2.78,2.78
APPLE_JONAGOLD,RETAIL,NL-NH,11428.79,Monthly,2025-03-01,2025-03-31,KG,2.728,2.728
APPLE_JONAGOLD,RETAIL,NL-NH,10077.51,Monthly,2025-04-01,2025-04-30,KG,2.758,2.758
APPLE_JONAGOLD,RETAIL,NL-NH,9264.83,Monthly,2025-05-01,2025-05-31,KG,2.777,2.777
APPLE_JONAGOLD,RETAIL,NL-NH,8169.29,Monthly,2025-06-01,2025-06-30,KG,2.745,2.745
APPLE_JONAGOLD,RETAIL,NL-NH,7738.1900000000005,Monthly,2025-07-01,2025-07-31,KG,2.771,2.771
APPLE_JONAGOLD,RETAIL,NL-NH,9003.9,Monthly,2025-08-01,2025-08-31,KG,2.338,2.338
APPLE_JONAGOLD,RETAIL,NL-NH,9415.07,Monthly,2025-09-01,2025-09-30,KG,2.2,2.2
APPLE_JONAGOLD,RETAIL,NL-NH,9788.22,Monthly,2025-10-01,2025-10-31,KG,2.239,2.239
APPLE_JONAGOLD,RETAIL,NL-NH,10167.73,Monthly,2025-11-01,2025-11-30,KG,2.264,2.264
APPLE_JONAGOLD,RETAIL,NL-NH,10954.46,Monthly,2025-12-01,2025-12-31,KG,2.762,2.762
APPLE_JONAGOLD,RETAIL,NL-NH,10404.42,Monthly,2026-01-01,2026-01-31,KG,2.763,2.763
APPLE_JONAGOLD,RETAIL,NL-ZH,9669.85,Monthly,2023-02-01,2023-02-28,KG,2.824,2.824
APPLE_JONAGOLD,RETAIL,NL-ZH,9622.69,Monthly,2023-03-01,2023-03-31,KG,2.833,2.833
APPLE_JONAGOLD,RETAIL,NL-ZH,9126.380000000001,Monthly,2023-04-01,2023-04-30,KG,2.854,2.854
APPLE_JONAGOLD,RETAIL,NL-ZH,9075.16,Monthly,2023-05-01,2023-05-31,KG,2.828,2.828
APPLE_JONAGOLD,RETAIL,NL-ZH,8478.56,Monthly,2023-06-01,2023-06-30,KG,2.803,2.803
APPLE_JONAGOLD,RETAIL,NL-ZH,8080.59,Monthly,2023-07-01,2023-07-31,KG,2.811,2.811
APPLE_JONAGOLD,RETAIL,NL-ZH,8949.39,Monthly,2023-08-01,2023-08-31,KG,2.394,2.394
APPLE_JONAGOLD,RETAIL,NL-ZH,9657.79,Monthly,2023-09-01,2023-09-30,KG,2.312,2.312
APPLE_JONAGOLD,RETAIL,NL-ZH,10022.15,Monthly,2023-10-01,2023-10-31,KG,2.326,2.326
APPLE_JONAGOLD,RETAIL,NL-ZH,9423.23,Monthly,2023-11-01,2023-11-30,KG,2.315,2.315
APPLE_JONAGOLD,RETAIL,NL-ZH,10988.98,Monthly,2023-12-01,2023-12-31,KG,2.854,2.854
APPLE_JONAGOLD,RETAIL,NL-ZH,11076.64,Monthly,2024-01-01,2024-01-31,KG,2.852,2.852
APPLE_JONAGOLD,RETAIL,NL-ZH,9427.3,Monthly,2024-02-01,2024-02-29,KG,2.814,2.814
APPLE_JONAGOLD,RETAIL,NL-ZH,10700.48,Monthly,2024-03-01,2024-03-31,KG,2.846,2.846
APPLE_JONAGOLD,RETAIL,NL-ZH,9524.92,Monthly,2024-04-01,2024-04-30,KG,2.822,2.822
APPLE_JONAGOLD,RETAIL,NL-ZH,8681.11,Monthly,2024-05-01,2024-05-31,KG,2.845,2.845
APPLE_JONAGOLD,RETAIL,NL-ZH,7791.209999999999,Monthly,2024-06-01,2024-06-30,KG,2.881,2.881
APPLE_JONAGOLD,RETAIL,NL-ZH,7783.8099999999995,Monthly,2024-07-01,2024-07-31,KG,2.843,2.843
APPLE_JONAGOLD,RETAIL,NL-ZH,9124.369999999999,Monthly,2024-08-01,2024-08-31,KG,2.438,2.438
APPLE_JONAGOLD,RETAIL,NL-ZH,9136.56,Monthly,2024-09-01,2024-09-30,KG,2.304,2.304
APPLE_JONAGOLD,RETAIL,NL-ZH,10771.51,Monthly,2024-10-01,2024-10-31,KG,2.316,2.316
APPLE_JONAGOLD,RETAIL,NL-ZH,10030.83,Monthly,2024-11-01,2024-11-30,KG,2.289,2.289
APPLE_JONAGOLD,RETAIL,NL-ZH,10869.74,Monthly,2024-12-01,2024-12-31,KG,2.842,2.842
APPLE_JONAGOLD,RETAIL,NL-ZH,10798.2,Monthly,2025-01-01,2025-01-31,KG,2.853,2.853
APPLE_JONAGOLD,RETAIL,NL-ZH,10023.31,Monthly,2025-02-01,2025-02-28,KG,2.842,2.842
APPLE_JONAGOLD,RETAIL,NL-ZH,11674.83,Monthly,2025-03-01,2025-03-31,KG,2.836,2.836
APPLE_JONAGOLD,RETAIL,NL-ZH,10282.82,Monthly,2025-04-01,2025-04-30,KG,2.858,2.858
APPLE_JONAGOLD,RETAIL,NL-ZH,9440.29,Monthly,2025-05-01,2025-05-31,KG,2.857,2.857
APPLE_JONAGOLD,RETAIL,NL-ZH,9786.16,Monthly,2025-06-01,2025-06-30,KG,2.558,2.854
APPLE_JONAGOLD,RETAIL,NL-ZH,8440.130000000001,Monthly,2025-07-01,2025-07-31,KG,2.812,2.827
APPLE_JONAGOLD,RETAIL,NL-ZH,9576.82,Monthly,2025-08-01,2025-08-31,KG,2.405,2.431
APPLE_JONAGOLD,RETAIL,NL-ZH,9978.82,Monthly,2025-09-01,2025-09-30,KG,2.304,2.304
APPLE_JONAGOLD,RETAIL,NL-ZH,9612.57,Monthly,2025-10-01,2025-10-31,KG,2.299,2.299
APPLE_JONAGOLD,RETAIL,NL-ZH,10516.04,Monthly,2025-11-01,2025-11-30,KG,2.288,2.288
APPLE_JONAGOLD,RETAIL,NL-ZH,11505.91,Monthly,2025-12-01,2025-12-31,KG,2.882,2.882
APPLE_JONAGOLD,RETAIL,NL-ZH,10592.41,Monthly,2026-01-01,2026-01-31,KG,2.882,2.882
APPLE_JONAGOLD,WHOLESALE,NL-GE,7321.84,Monthly,2023-02-01,2023-02-28,KG,2.596,2.596
APPLE_JONAGOLD,WHOLESALE,NL-GE,7662.1900000000005,Monthly,2023-03-01,2023-03-31,KG,2.605,2.605
APPLE_JONAGOLD,WHOLESALE,NL-GE,7316.96,Monthly,2023-04-01,2023-04-30,KG,2.558,2.558
APPLE_JONAGOLD,WHOLESALE,NL-GE,7257.7,Monthly,2023-05-01,2023-05-31,KG,2.614,2.614
APPLE_JONAGOLD,WHOLESALE,NL-GE,6728.37,Monthly,2023-06-01,2023-06-30,KG,2.605,2.605
APPLE_JONAGOLD,WHOLESALE,NL-GE,6070.17,Monthly,2023-07-01,2023-07-31,KG,2.582,2.582
APPLE_JONAGOLD,WHOLESALE,NL-GE,6819.74,Monthly,2023-08-01,2023-08-31,KG,2.172,2.198
APPLE_JONAGOLD,WHOLESALE,NL-GE,7630.24,Monthly,2023-09-01,2023-09-30,KG,2.098,2.098
APPLE_JONAGOLD,WHOLESALE,NL-GE,7733.09,Monthly,2023-10-01,2023-10-31,KG,2.109,2.109
APPLE_JONAGOLD,WHOLESALE,NL-GE,7808.43,Monthly,2023-11-01,2023-11-30,KG,2.116,2.116
APPLE_JONAGOLD,WHOLESALE,NL-GE,7919.76,Monthly,2023-12-01,2023-12-31,KG,2.621,2.621
APPLE_JONAGOLD,WHOLESALE,NL-GE,8349.42,Monthly,2024-01-01,2024-01-31,KG,2.603,2.603
APPLE_JONAGOLD,WHOLESALE,NL-GE,7475.21,Monthly,2024-02-01,2024-02-29,KG,2.585,2.585
APPLE_JONAGOLD,WHOLESALE,NL-GE,8398.76,Monthly,2024-03-01,2024-03-31,KG,2.588,2.588
APPLE_JONAGOLD,WHOLESALE,NL-GE,7192.43,Monthly,2024-04-01,2024-04-30,KG,2.614,2.614
APPLE_JONAGOLD,WHOLESALE,NL-GE,6884.19,Monthly,2024-05-01,2024-05-31,KG,2.583,2.583
APPLE_JONAGOLD,WHOLESALE,NL-GE,5992.32,Monthly,2024-06-01,2024-06-30,KG,2.603,2.603
APPLE_JONAGOLD,WHOLESALE,NL-GE,6394.66,Monthly,2024-07-01,2024-07-31,KG,2.593,2.593
APPLE_JONAGOLD,WHOLESALE,NL-GE,6859.71,Monthly,2024-08-01,2024-08-31,KG,2.218,2.218
APPLE_JONAGOLD,WHOLESALE,NL-GE,7382.9,Monthly,2024-09-01,2024-09-30,KG,2.114,2.114
APPLE_JONAGOLD,WHOLESALE,NL-GE,8211.2,Monthly,2024-10-01,2024-10-31,KG,2.114,2.114
APPLE_JONAGOLD,WHOLESALE,NL-GE,7895.41,Monthly,2024-11-01,2024-11-30,KG,2.098,2.098
APPLE_JONAGOLD,WHOLESALE,NL-GE,8372.64,Monthly,2024-12-01,2024-12-31,KG,2.588,2.588
APPLE_JONAGOLD,WHOLESALE,NL-GE,8153.2,Monthly,2025-01-01,2025-01-31,KG,2.583,2.583
APPLE_JONAGOLD,WHOLESALE,NL-GE,7453.96,Monthly,2025-02-01,2025-02-28,KG,2.57,2.57
APPLE_JONAGOLD,WHOLESALE,NL-GE,9440.099999999999,Monthly,2025-03-01,2025-03-31,KG,2.605,2.605
APPLE_JONAGOLD,WHOLESALE,NL-GE,8148.57,Monthly,2025-04-01,2025-04-30,KG,2.588,2.588
APPLE_JONAGOLD,WHOLESALE,NL-GE,7402.58,Monthly,2025-05-01,2025-05-31,KG,2.588,2.588
APPLE_JONAGOLD,WHOLESALE,NL-GE,6467.01,Monthly,2025-06-01,2025-06-30,KG,2.604,2.604
APPLE_JONAGOLD,WHOLESALE,NL-GE,6540.99,Monthly,2025-07-01,2025-07-31,KG,2.594,2.594
APPLE_JONAGOLD,WHOLESALE,NL-GE,7224.26,Monthly,2025-08-01,2025-08-31,KG,2.211,2.211
APPLE_JONAGOLD,WHOLESALE,NL-GE,7445.780000000001,Monthly,2025-09-01,2025-09-30,KG,2.098,2.098
APPLE_JONAGOLD,WHOLESALE,NL-GE,7816.21,Monthly,2025-10-01,2025-10-31,KG,2.132,2.132
APPLE_JONAGOLD,WHOLESALE,NL-GE,8173.9800000000005,Monthly,2025-11-01,2025-11-30,KG,2.115,2.115
APPLE_JONAGOLD,WHOLESALE,NL-GE,9014.31,Monthly,2025-12-01,2025-12-31,KG,2.576,2.576
APPLE_JONAGOLD,WHOLESALE,NL-GE,8339.710000000001,Monthly,2026-01-01,2026-01-31,KG,2.588,2.588
APPLE_JONAGOLD,WHOLESALE,NL-NB,8023.24,Monthly,2023-02-01,2023-02-28,KG,2.653,2.653
APPLE_JONAGOLD,WHOLESALE,NL-NB,7593.17,Monthly,2023-03-01,2023-03-31,KG,2.66,2.66
APPLE_JONAGOLD,WHOLESALE,NL-NB,7269.95,Monthly,2023-04-01,2023-04-30,KG,2.682,2.682
APPLE_JONAGOLD,WHOLESALE,NL-NB,7347.87,Monthly,2023-05-01,2023-05-31,KG,2.66,2.66
APPLE_JONAGOLD,WHOLESALE,NL-NB,6950.18,Monthly,2023-06-01,2023-06-30,KG,2.708,2.708
APPLE_JONAGOLD,WHOLESALE,NL-NB,6616.17,Monthly,2023-07-01,2023-07-31,KG,2.682,2.682
APPLE_JONAGOLD,WHOLESALE,NL-NB,6827.23,Monthly,2023-08-01,2023-08-31,KG,2.249,2.249
APPLE_JONAGOLD,WHOLESALE,NL-NB,8010.96,Monthly,2023-09-01,2023-09-30,KG,2.18,2.18
APPLE_JONAGOLD,WHOLESALE,NL-NB,8186.64,Monthly,2023-10-01,2023-10-31,KG,2.165,2.165
APPLE_JONAGOLD,WHOLESALE,NL-NB,7862.49,Monthly,2023-11-01,2023-11-30,KG,2.165,2.165
APPLE_JONAGOLD,WHOLESALE,NL-NB,8553.92,Monthly,2023-12-01,2023-12-31,KG,2.659,2.659
APPLE_JONAGOLD,WHOLESALE,NL-NB,8699.7,Monthly,2024-01-01,2024-01-31,KG,2.673,2.673
APPLE_JONAGOLD,WHOLESALE,NL-NB,7791.21,Monthly,2024-02-01,2024-02-29,KG,2.67,2.67
APPLE_JONAGOLD,WHOLESALE,NL-NB,8837.0,Monthly,2024-03-01,2024-03-31,KG,2.674,2.674
APPLE_JONAGOLD,WHOLESALE,NL-NB,7206.44,Monthly,2024-04-01,2024-04-30,KG,2.678,2.678
APPLE_JONAGOLD,WHOLESALE,NL-NB,6837.5,Monthly,2024-05-01,2024-05-31,KG,2.68,2.68
APPLE_JONAGOLD,WHOLESALE,NL-NB,6333.450000000001,Monthly,2024-06-01,2024-06-30,KG,2.664,2.664
APPLE_JONAGOLD,WHOLESALE,NL-NB,6549.4400000000005,Monthly,2024-07-01,2024-07-31,KG,2.672,2.672
APPLE_JONAGOLD,WHOLESALE,NL-NB,7439.66,Monthly,2024-08-01,2024-08-31,KG,2.281,2.281
APPLE_JONAGOLD,WHOLESALE,NL-NB,7550.889999999999,Monthly,2024-09-01,2024-09-30,KG,2.162,2.162
APPLE_JONAGOLD,WHOLESALE,NL-NB,8218.71,Monthly,2024-10-01,2024-10-31,KG,2.185,2.185
APPLE_JONAGOLD,WHOLESALE,NL-NB,8273.73,Monthly,2024-11-01,2024-11-30,KG,2.185,2.185
APPLE_JONAGOLD,WHOLESALE,NL-NB,8439.12,Monthly,2024-12-01,2024-12-31,KG,2.683,2.683
APPLE_JONAGOLD,WHOLESALE,NL-NB,8450.14,Monthly,2025-01-01,2025-01-31,KG,2.656,2.656
APPLE_JONAGOLD,WHOLESALE,NL-NB,8031.82,Monthly,2025-02-01,2025-02-28,KG,2.653,2.653
APPLE_JONAGOLD,WHOLESALE,NL-NB,9418.36,Monthly,2025-03-01,2025-03-31,KG,2.675,2.675
APPLE_JONAGOLD,WHOLESALE,NL-NB,8285.41,Monthly,2025-04-01,2025-04-30,KG,2.704,2.704
APPLE_JONAGOLD,WHOLESALE,NL-NB,7788.23,Monthly,2025-05-01,2025-05-31,KG,2.659,2.659
APPLE_JONAGOLD,WHOLESALE,NL-NB,6800.1,Monthly,2025-06-01,2025-06-30,KG,2.686,2.686
APPLE_JONAGOLD,WHOLESALE,NL-NB,6766.78,Monthly,2025-07-01,2025-07-31,KG,2.648,2.648
APPLE_JONAGOLD,WHOLESALE,NL-NB,7421.4400000000005,Monthly,2025-08-01,2025-08-31,KG,2.287,2.287
APPLE_JONAGOLD,WHOLESALE,NL-NB,8196.49,Monthly,2025-09-01,2025-09-30,KG,2.17,2.17
APPLE_JONAGOLD,WHOLESALE,NL-NB,8006.4,Monthly,2025-10-01,2025-10-31,KG,2.167,2.167
APPLE_JONAGOLD,WHOLESALE,NL-NB,8326.39,Monthly,2025-11-01,2025-11-30,KG,2.165,2.165
APPLE_JONAGOLD,WHOLESALE,NL-NB,9174.720000000001,Monthly,2025-12-01,2025-12-31,KG,2.662,2.662
APPLE_JONAGOLD,WHOLESALE,NL-NB,8730.69,Monthly,2026-01-01,2026-01-31,KG,2.671,2.671
APPLE_JONAGOLD,WHOLESALE,NL-NH,8425.65,Monthly,2023-02-01,2023-02-28,KG,2.731,2.731
APPLE_JONAGOLD,WHOLESALE,NL-NH,8200.48,Monthly,2023-03-01,2023-03-31,KG,2.749,2.749
APPLE_JONAGOLD,WHOLESALE,NL-NH,7373.87,Monthly,2023-04-01,2023-04-30,KG,2.767,2.767
APPLE_JONAGOLD,WHOLESALE,NL-NH,7689.57,Monthly,2023-05-01,2023-05-31,KG,2.75,2.75
APPLE_JONAGOLD,WHOLESALE,NL-NH,7176.99,Monthly,2023-06-01,2023-06-30,KG,2.741,2.741
APPLE_JONAGOLD,WHOLESALE,NL-NH,6509.77,Monthly,2023-07-01,2023-07-31,KG,2.769,2.769
APPLE_JONAGOLD,WHOLESALE,NL-NH,7194.81,Monthly,2023-08-01,2023-08-31,KG,2.346,2.346
APPLE_JONAGOLD,WHOLESALE,NL-NH,8069.98,Monthly,2023-09-01,2023-09-30,KG,2.233,2.233
APPLE_JONAGOLD,WHOLESALE,NL-NH,8347.21,Monthly,2023-10-01,2023-10-31,KG,2.232,2.232
APPLE_JONAGOLD,WHOLESALE,NL-NH,7998.9800000000005,Monthly,2023-11-01,2023-11-30,KG,2.265,2.265
APPLE_JONAGOLD,WHOLESALE,NL-NH,8714.33,Monthly,2023-12-01,2023-12-31,KG,2.777,2.777
APPLE_JONAGOLD,WHOLESALE,NL-NH,9346.27,Monthly,2024-01-01,2024-01-31,KG,2.761,2.761
APPLE_JONAGOLD,WHOLESALE,NL-NH,8039.0,Monthly,2024-02-01,2024-02-29,KG,2.741,2.741
APPLE_JONAGOLD,WHOLESALE,NL-NH,8696.74,Monthly,2024-03-01,2024-03-31,KG,2.768,2.768
APPLE_JONAGOLD,WHOLESALE,NL-NH,7627.3099999999995,Monthly,2024-04-01,2024-04-30,KG,2.76,2.76
APPLE_JONAGOLD,WHOLESALE,NL-NH,7223.65,Monthly,2024-05-01,2024-05-31,KG,2.747,2.747
APPLE_JONAGOLD,WHOLESALE,NL-NH,6483.59,Monthly,2024-06-01,2024-06-30,KG,2.775,2.775
APPLE_JONAGOLD,WHOLESALE,NL-NH,6468.23,Monthly,2024-07-01,2024-07-31,KG,2.758,2.758
APPLE_JONAGOLD,WHOLESALE,NL-NH,7683.4,Monthly,2024-08-01,2024-08-31,KG,2.355,2.355
APPLE_JONAGOLD,WHOLESALE,NL-NH,7521.1900000000005,Monthly,2024-09-01,2024-09-30,KG,2.229,2.229
APPLE_JONAGOLD,WHOLESALE,NL-NH,9040.93,Monthly,2024-10-01,2024-10-31,KG,2.235,2.235
APPLE_JONAGOLD,WHOLESALE,NL-NH,8335.18,Monthly,2024-11-01,2024-11-30,KG,2.238,2.238
APPLE_JONAGOLD,WHOLESALE,NL-NH,9196.04,Monthly,2024-12-01,2024-12-31,KG,2.762,2.762
APPLE_JONAGOLD,WHOLESALE,NL-NH,8927.86,Monthly,2025-01-01,2025-01-31,KG,2.744,2.744
APPLE_JONAGOLD,WHOLESALE,NL-NH,8121.040000000001,Monthly,2025-02-01,2025-02-28,KG,2.75,2.75
APPLE_JONAGOLD,WHOLESALE,NL-NH,9550.470000000001,Monthly,2025-03-01,2025-03-31,KG,2.76,2.76
APPLE_JONAGOLD,WHOLESALE,NL-NH,8646.529999999999,Monthly,2025-04-01,2025-04-30,KG,2.76,2.76
APPLE_JONAGOLD,WHOLESALE,NL-NH,7701.09,Monthly,2025-05-01,2025-05-31,KG,2.791,2.791
APPLE_JONAGOLD,WHOLESALE,NL-NH,6788.8,Monthly,2025-06-01,2025-06-30,KG,2.782,2.782
APPLE_JONAGOLD,WHOLESALE,NL-NH,6833.47,Monthly,2025-07-01,2025-07-31,KG,2.744,2.744
APPLE_JONAGOLD,WHOLESALE,NL-NH,7652.76,Monthly,2025-08-01,2025-08-31,KG,2.356,2.356
APPLE_JONAGOLD,WHOLESALE,NL-NH,8051.86,Monthly,2025-09-01,2025-09-30,KG,2.227,2.227
APPLE_JONAGOLD,WHOLESALE,NL-NH,8231.54,Monthly,2025-10-01,2025-10-31,KG,2.235,2.235
APPLE_JONAGOLD,WHOLESALE,NL-NH,8821.57,Monthly,2025-11-01,2025-11-30,KG,2.218,2.218
APPLE_JONAGOLD,WHOLESALE,NL-NH,9342.65,Monthly,2025-12-01,2025-12-31,KG,2.746,2.746
APPLE_JONAGOLD,WHOLESALE,NL-NH,8944.71,Monthly,2026-01-01,2026-01-31,KG,2.739,2.739
APPLE_JONAGOLD,WHOLESALE,NL-ZH,8410.07,Monthly,2023-02-01,2023-02-28,KG,2.856,2.856
APPLE_JONAGOLD,WHOLESALE,NL-ZH,8364.9,Monthly,2023-03-01,2023-03-31,KG,2.812,2.812
APPLE_JONAGOLD,WHOLESALE,NL-ZH,7596.21,Monthly,2023-04-01,2023-04-30,KG,2.818,2.818
APPLE_JONAGOLD,WHOLESALE,NL-ZH,7974.92,Monthly,2023-05-01,2023-05-31,KG,2.837,2.837
APPLE_JONAGOLD,WHOLESALE,NL-ZH,7363.33,Monthly,2023-06-01,2023-06-30,KG,2.848,2.848
APPLE_JONAGOLD,WHOLESALE,NL-ZH,6773.85,Monthly,2023-07-01,2023-07-31,KG,2.863,2.863
APPLE_JONAGOLD,WHOLESALE,NL-ZH,7407.9,Monthly,2023-08-01,2023-08-31,KG,2.423,2.423
APPLE_JONAGOLD,WHOLESALE,NL-ZH,8573.720000000001,Monthly,2023-09-01,2023-09-30,KG,2.275,2.275
APPLE_JONAGOLD,WHOLESALE,NL-ZH,8369.96,Monthly,2023-10-01,2023-10-31,KG,2.295,2.295
APPLE_JONAGOLD,WHOLESALE,NL-ZH,8439.5,Monthly,2023-11-01,2023-11-30,KG,2.311,2.311
APPLE_JONAGOLD,WHOLESALE,NL-ZH,8996.59,Monthly,2023-12-01,2023-12-31,KG,2.868,2.868
APPLE_JONAGOLD,WHOLESALE,NL-ZH,9984.36,Monthly,2024-01-01,2024-01-31,KG,2.865,2.865
APPLE_JONAGOLD,WHOLESALE,NL-ZH,8250.26,Monthly,2024-02-01,2024-02-29,KG,2.827,2.827
APPLE_JONAGOLD,WHOLESALE,NL-ZH,8986.62,Monthly,2024-03-01,2024-03-31,KG,2.797,2.797
APPLE_JONAGOLD,WHOLESALE,NL-ZH,7819.56,Monthly,2024-04-01,2024-04-30,KG,2.842,2.842
APPLE_JONAGOLD,WHOLESALE,NL-ZH,7431.02,Monthly,2024-05-01,2024-05-31,KG,2.807,2.807
APPLE_JONAGOLD,WHOLESALE,NL-ZH,6730.13,Monthly,2024-06-01,2024-06-30,KG,2.835,2.835
APPLE_JONAGOLD,WHOLESALE,NL-ZH,6691.3,Monthly,2024-07-01,2024-07-31,KG,2.834,2.834
APPLE_JONAGOLD,WHOLESALE,NL-ZH,7741.25,Monthly,2024-08-01,2024-08-31,KG,2.379,2.379
APPLE_JONAGOLD,WHOLESALE,NL-ZH,7686.61,Monthly,2024-09-01,2024-09-30,KG,2.312,2.312
APPLE_JONAGOLD,WHOLESALE,NL-ZH,9020.25,Monthly,2024-10-01,2024-10-31,KG,2.289,2.289
APPLE_JONAGOLD,WHOLESALE,NL-ZH,8331.75,Monthly,2024-11-01,2024-11-30,KG,2.294,2.294
APPLE_JONAGOLD,WHOLESALE,NL-ZH,9412.93,Monthly,2024-12-01,2024-12-31,KG,2.808,2.808
APPLE_JONAGOLD,WHOLESALE,NL-ZH,9291.19,Monthly,2025-01-01,2025-01-31,KG,2.858,2.858
APPLE_JONAGOLD,WHOLESALE,NL-ZH,8641.69,Monthly,2025-02-01,2025-02-28,KG,2.832,2.832
APPLE_JONAGOLD,WHOLESALE,NL-ZH,10067.06,Monthly,2025-03-01,2025-03-31,KG,2.853,2.853
APPLE_JONAGOLD,WHOLESALE,NL-ZH,9290.880000000001,Monthly,2025-04-01,2025-04-30,KG,2.844,2.844
APPLE_JONAGOLD,WHOLESALE,NL-ZH,8286.34,Monthly,2025-05-01,2025-05-31,KG,2.842,2.842
APPLE_JONAGOLD,WHOLESALE,NL-ZH,6988.48,Monthly,2025-06-01,2025-06-30,KG,2.841,2.841
APPLE_JONAGOLD,WHOLESALE,NL-ZH,7128.0,Monthly,2025-07-01,2025-07-31,KG,2.863,2.863
APPLE_JONAGOLD,WHOLESALE,NL-ZH,7997.9400000000005,Monthly,2025-08-01,2025-08-31,KG,2.423,2.423
APPLE_JONAGOLD,WHOLESALE,NL-ZH,8113.45,Monthly,2025-09-01,2025-09-30,KG,2.314,2.314
APPLE_JONAGOLD,WHOLESALE,NL-ZH,8525.69,Monthly,2025-10-01,2025-10-31,KG,2.281,2.281
APPLE_JONAGOLD,WHOLESALE,NL-ZH,8626.220000000001,Monthly,2025-11-01,2025-11-30,KG,2.319,2.319
APPLE_JONAGOLD,WHOLESALE,NL-ZH,9985.85,Monthly,2025-12-01,2025-12-31,KG,2.835,2.835
APPLE_JONAGOLD,WHOLESALE,NL-ZH,9084.76,Monthly,2026-01-01,2026-01-31,KG,2.865,2.865
Blueberry_AtlasBlue,ONLINE,NL-GE,3953.13,Monthly,2023-02-01,2023-02-28,KG,2.705,2.705
Blueberry_AtlasBlue,ONLINE,NL-GE,3852.31,Monthly,2023-03-01,2023-03-31,KG,2.671,2.671
Blueberry_AtlasBlue,ONLINE,NL-GE,3665.77,Monthly,2023-04-01,2023-04-30,KG,2.695,2.695
Blueberry_AtlasBlue,ONLINE,NL-GE,3986.4,Monthly,2023-05-01,2023-05-31,KG,2.687,2.687
Blueberry_AtlasBlue,ONLINE,NL-GE,3882.65,Monthly,2023-06-01,2023-06-30,KG,2.697,2.697
Blueberry_AtlasBlue,ONLINE,NL-GE,3841.58,Monthly,2023-07-01,2023-07-31,KG,2.673,2.673
Blueberry_AtlasBlue,ONLINE,NL-GE,4154.16,Monthly,2023-08-01,2023-08-31,KG,2.28,2.28
Blueberry_AtlasBlue,ONLINE,NL-GE,4919.3,Monthly,2023-09-01,2023-09-30,KG,2.275,2.275
Blueberry_AtlasBlue,ONLINE,NL-GE,4711.11,Monthly,2023-10-01,2023-10-31,KG,2.29,2.29
Blueberry_AtlasBlue,ONLINE,NL-GE,4466.21,Monthly,2023-11-01,2023-11-30,KG,2.699,2.699
Blueberry_AtlasBlue,ONLINE,NL-GE,4271.64,Monthly,2023-12-01,2023-12-31,KG,2.698,2.698
Blueberry_AtlasBlue,ONLINE,NL-GE,4572.46,Monthly,2024-01-01,2024-01-31,KG,2.69,2.69
Blueberry_AtlasBlue,ONLINE,NL-GE,3826.63,Monthly,2024-02-01,2024-02-29,KG,2.707,2.707
Blueberry_AtlasBlue,ONLINE,NL-GE,4291.29,Monthly,2024-03-01,2024-03-31,KG,2.666,2.666
Blueberry_AtlasBlue,ONLINE,NL-GE,3605.16,Monthly,2024-04-01,2024-04-30,KG,2.654,2.654
Blueberry_AtlasBlue,ONLINE,NL-GE,3735.0,Monthly,2024-05-01,2024-05-31,KG,2.74,2.74
Blueberry_AtlasBlue,ONLINE,NL-GE,3460.52,Monthly,2024-06-01,2024-06-30,KG,2.678,2.678
Blueberry_AtlasBlue,ONLINE,NL-GE,4028.2700000000004,Monthly,2024-07-01,2024-07-31,KG,2.698,2.698
Blueberry_AtlasBlue,ONLINE,NL-GE,4497.8099999999995,Monthly,2024-08-01,2024-08-31,KG,2.292,2.292
Blueberry_AtlasBlue,ONLINE,NL-GE,4660.74,Monthly,2024-09-01,2024-09-30,KG,2.308,2.308
Blueberry_AtlasBlue,ONLINE,NL-GE,4820.01,Monthly,2024-10-01,2024-10-31,KG,2.277,2.277
Blueberry_AtlasBlue,ONLINE,NL-GE,4572.08,Monthly,2024-11-01,2024-11-30,KG,2.67,2.67
Blueberry_AtlasBlue,ONLINE,NL-GE,4870.21,Monthly,2024-12-01,2024-12-31,KG,2.68,2.68
Blueberry_AtlasBlue,ONLINE,NL-GE,4340.5199999999995,Monthly,2025-01-01,2025-01-31,KG,2.704,2.704
Blueberry_AtlasBlue,ONLINE,NL-GE,4040.6099999999997,Monthly,2025-02-01,2025-02-28,KG,2.679,2.679
Blueberry_AtlasBlue,ONLINE,NL-GE,4728.48,Monthly,2025-03-01,2025-03-31,KG,2.68,2.68
Blueberry_AtlasBlue,ONLINE,NL-GE,4262.88,Monthly,2025-04-01,2025-04-30,KG,2.665,2.665
Blueberry_AtlasBlue,ONLINE,NL-GE,4113.28,Monthly,2025-05-01,2025-05-31,KG,2.667,2.667
Blueberry_AtlasBlue,ONLINE,NL-GE,3707.4700000000003,Monthly,2025-06-01,2025-06-30,KG,2.692,2.692
Blueberry_AtlasBlue,ONLINE,NL-GE,4169.14,Monthly,2025-07-01,2025-07-31,KG,2.666,2.666
Blueberry_AtlasBlue,ONLINE,NL-GE,4512.43,Monthly,2025-08-01,2025-08-31,KG,2.297,2.297
Blueberry_AtlasBlue,ONLINE,NL-GE,4621.12,Monthly,2025-09-01,2025-09-30,KG,2.266,2.266
Blueberry_AtlasBlue,ONLINE,NL-GE,4818.4400000000005,Monthly,2025-10-01,2025-10-31,KG,2.267,2.267
Blueberry_AtlasBlue,ONLINE,NL-GE,4727.57,Monthly,2025-11-01,2025-11-30,KG,2.631,2.631
Blueberry_AtlasBlue,ONLINE,NL-GE,5019.38,Monthly,2025-12-01,2025-12-31,KG,2.669,2.669
Blueberry_AtlasBlue,ONLINE,NL-GE,4378.17,Monthly,2026-01-01,2026-01-31,KG,2.685,2.685
Blueberry_AtlasBlue,ONLINE,NL-NB,3955.2,Monthly,2023-02-01,2023-02-28,KG,2.781,2.781
Blueberry_AtlasBlue,ONLINE,NL-NB,4017.3900000000003,Monthly,2023-03-01,2023-03-31,KG,2.768,2.768
Blueberry_AtlasBlue,ONLINE,NL-NB,3887.0,Monthly,2023-04-01,2023-04-30,KG,2.763,2.763
Blueberry_AtlasBlue,ONLINE,NL-NB,3975.83,Monthly,2023-05-01,2023-05-31,KG,2.792,2.792
Blueberry_AtlasBlue,ONLINE,NL-NB,3787.51,Monthly,2023-06-01,2023-06-30,KG,2.736,2.736
Blueberry_AtlasBlue,ONLINE,NL-NB,4088.5299999999997,Monthly,2023-07-01,2023-07-31,KG,2.749,2.749
Blueberry_AtlasBlue,ONLINE,NL-NB,4423.33,Monthly,2023-08-01,2023-08-31,KG,2.355,2.355
Blueberry_AtlasBlue,ONLINE,NL-NB,4987.88,Monthly,2023-09-01,2023-09-30,KG,2.343,2.343
Blueberry_AtlasBlue,ONLINE,NL-NB,4887.85,Monthly,2023-10-01,2023-10-31,KG,2.346,2.346
Blueberry_AtlasBlue,ONLINE,NL-NB,4810.26,Monthly,2023-11-01,2023-11-30,KG,2.794,2.794
Blueberry_AtlasBlue,ONLINE,NL-NB,4719.049999999999,Monthly,2023-12-01,2023-12-31,KG,2.741,2.741
Blueberry_AtlasBlue,ONLINE,NL-NB,4589.55,Monthly,2024-01-01,2024-01-31,KG,2.731,2.731
Blueberry_AtlasBlue,ONLINE,NL-NB,4000.36,Monthly,2024-02-01,2024-02-29,KG,2.722,2.722
Blueberry_AtlasBlue,ONLINE,NL-NB,4362.34,Monthly,2024-03-01,2024-03-31,KG,2.78,2.78
Blueberry_AtlasBlue,ONLINE,NL-NB,3928.4700000000003,Monthly,2024-04-01,2024-04-30,KG,2.756,2.756
Blueberry_AtlasBlue,ONLINE,NL-NB,3683.33,Monthly,2024-05-01,2024-05-31,KG,2.722,2.722
Blueberry_AtlasBlue,ONLINE,NL-NB,3605.42,Monthly,2024-06-01,2024-06-30,KG,2.773,2.773
Blueberry_AtlasBlue,ONLINE,NL-NB,4078.66,Monthly,2024-07-01,2024-07-31,KG,2.756,2.756
Blueberry_AtlasBlue,ONLINE,NL-NB,4743.01,Monthly,2024-08-01,2024-08-31,KG,2.337,2.337
Blueberry_AtlasBlue,ONLINE,NL-NB,4774.66,Monthly,2024-09-01,2024-09-30,KG,2.378,2.378
Blueberry_AtlasBlue,ONLINE,NL-NB,5178.21,Monthly,2024-10-01,2024-10-31,KG,2.356,2.356
Blueberry_AtlasBlue,ONLINE,NL-NB,4506.41,Monthly,2024-11-01,2024-11-30,KG,2.757,2.757
Blueberry_AtlasBlue,ONLINE,NL-NB,4855.63,Monthly,2024-12-01,2024-12-31,KG,2.732,2.732
Blueberry_AtlasBlue,ONLINE,NL-NB,4522.26,Monthly,2025-01-01,2025-01-31,KG,2.787,2.787
Blueberry_AtlasBlue,ONLINE,NL-NB,4086.17,Monthly,2025-02-01,2025-02-28,KG,2.754,2.754
Blueberry_AtlasBlue,ONLINE,NL-NB,4871.43,Monthly,2025-03-01,2025-03-31,KG,2.749,2.749
Blueberry_AtlasBlue,ONLINE,NL-NB,4314.99,Monthly,2025-04-01,2025-04-30,KG,2.766,2.766
Blueberry_AtlasBlue,ONLINE,NL-NB,4269.17,Monthly,2025-05-01,2025-05-31,KG,2.73,2.73
Blueberry_AtlasBlue,ONLINE,NL-NB,3977.6899999999996,Monthly,2025-06-01,2025-06-30,KG,2.767,2.767
Blueberry_AtlasBlue,ONLINE,NL-NB,4209.78,Monthly,2025-07-01,2025-07-31,KG,2.751,2.751
Blueberry_AtlasBlue,ONLINE,NL-NB,4445.25,Monthly,2025-08-01,2025-08-31,KG,2.381,2.381
Blueberry_AtlasBlue,ONLINE,NL-NB,4861.09,Monthly,2025-09-01,2025-09-30,KG,2.373,2.373
Blueberry_AtlasBlue,ONLINE,NL-NB,4860.08,Monthly,2025-10-01,2025-10-31,KG,2.335,2.335
Blueberry_AtlasBlue,ONLINE,NL-NB,4892.15,Monthly,2025-11-01,2025-11-30,KG,2.752,2.752
Blueberry_AtlasBlue,ONLINE,NL-NB,4803.74,Monthly,2025-12-01,2025-12-31,KG,2.744,2.744
Blueberry_AtlasBlue,ONLINE,NL-NB,4478.35,Monthly,2026-01-01,2026-01-31,KG,2.715,2.715
Blueberry_AtlasBlue,ONLINE,NL-NH,4289.4400000000005,Monthly,2023-02-01,2023-02-28,KG,2.859,2.859
Blueberry_AtlasBlue,ONLINE,NL-NH,4252.57,Monthly,2023-03-01,2023-03-31,KG,2.84,2.84
Blueberry_AtlasBlue,ONLINE,NL-NH,3939.69,Monthly,2023-04-01,2023-04-30,KG,2.868,2.868
Blueberry_AtlasBlue,ONLINE,NL-NH,4319.08,Monthly,2023-05-01,2023-05-31,KG,2.851,2.851
Blueberry_AtlasBlue,ONLINE,NL-NH,4139.22,Monthly,2023-06-01,2023-06-30,KG,2.884,2.884
Blueberry_AtlasBlue,ONLINE,NL-NH,4193.21,Monthly,2023-07-01,2023-07-31,KG,2.84,2.84
Blueberry_AtlasBlue,ONLINE,NL-NH,4555.85,Monthly,2023-08-01,2023-08-31,KG,2.413,2.413
Blueberry_AtlasBlue,ONLINE,NL-NH,5017.2300000000005,Monthly,2023-09-01,2023-09-30,KG,2.44,2.44
Blueberry_AtlasBlue,ONLINE,NL-NH,4979.84,Monthly,2023-10-01,2023-10-31,KG,2.448,2.448
Blueberry_AtlasBlue,ONLINE,NL-NH,4675.5,Monthly,2023-11-01,2023-11-30,KG,2.825,2.825
Blueberry_AtlasBlue,ONLINE,NL-NH,4748.88,Monthly,2023-12-01,2023-12-31,KG,2.857,2.857
Blueberry_AtlasBlue,ONLINE,NL-NH,4841.71,Monthly,2024-01-01,2024-01-31,KG,2.803,2.803
Blueberry_AtlasBlue,ONLINE,NL-NH,4101.139999999999,Monthly,2024-02-01,2024-02-29,KG,2.848,2.848
Blueberry_AtlasBlue,ONLINE,NL-NH,4636.83,Monthly,2024-03-01,2024-03-31,KG,2.863,2.863
Blueberry_AtlasBlue,ONLINE,NL-NH,3999.2200000000003,Monthly,2024-04-01,2024-04-30,KG,2.868,2.868
Blueberry_AtlasBlue,ONLINE,NL-NH,3956.79,Monthly,2024-05-01,2024-05-31,KG,2.845,2.845
Blueberry_AtlasBlue,ONLINE,NL-NH,3764.51,Monthly,2024-06-01,2024-06-30,KG,2.858,2.858
Blueberry_AtlasBlue,ONLINE,NL-NH,4012.48,Monthly,2024-07-01,2024-07-31,KG,2.811,2.811
Blueberry_AtlasBlue,ONLINE,NL-NH,4893.78,Monthly,2024-08-01,2024-08-31,KG,2.401,2.401
Blueberry_AtlasBlue,ONLINE,NL-NH,4966.51,Monthly,2024-09-01,2024-09-30,KG,2.397,2.397
Blueberry_AtlasBlue,ONLINE,NL-NH,5654.21,Monthly,2024-10-01,2024-10-31,KG,2.431,2.431
Blueberry_AtlasBlue,ONLINE,NL-NH,4805.610000000001,Monthly,2024-11-01,2024-11-30,KG,2.839,2.839
Blueberry_AtlasBlue,ONLINE,NL-NH,4972.6900000000005,Monthly,2024-12-01,2024-12-31,KG,2.828,2.828
Blueberry_AtlasBlue,ONLINE,NL-NH,4723.58,Monthly,2025-01-01,2025-01-31,KG,2.841,2.841
Blueberry_AtlasBlue,ONLINE,NL-NH,4443.63,Monthly,2025-02-01,2025-02-28,KG,2.858,2.858
Blueberry_AtlasBlue,ONLINE,NL-NH,4832.889999999999,Monthly,2025-03-01,2025-03-31,KG,2.85,2.85
Blueberry_AtlasBlue,ONLINE,NL-NH,4361.91,Monthly,2025-04-01,2025-04-30,KG,2.854,2.854
Blueberry_AtlasBlue,ONLINE,NL-NH,4315.82,Monthly,2025-05-01,2025-05-31,KG,2.845,2.845
Blueberry_AtlasBlue,ONLINE,NL-NH,4037.65,Monthly,2025-06-01,2025-06-30,KG,2.814,2.814
Blueberry_AtlasBlue,ONLINE,NL-NH,4220.18,Monthly,2025-07-01,2025-07-31,KG,2.809,2.809
Blueberry_AtlasBlue,ONLINE,NL-NH,4746.62,Monthly,2025-08-01,2025-08-31,KG,2.414,2.414
Blueberry_AtlasBlue,ONLINE,NL-NH,4875.8099999999995,Monthly,2025-09-01,2025-09-30,KG,2.421,2.421
Blueberry_AtlasBlue,ONLINE,NL-NH,5014.13,Monthly,2025-10-01,2025-10-31,KG,2.414,2.414
Blueberry_AtlasBlue,ONLINE,NL-NH,4930.76,Monthly,2025-11-01,2025-11-30,KG,2.858,2.858
Blueberry_AtlasBlue,ONLINE,NL-NH,5283.860000000001,Monthly,2025-12-01,2025-12-31,KG,2.86,2.86
Blueberry_AtlasBlue,ONLINE,NL-NH,4550.29,Monthly,2026-01-01,2026-01-31,KG,2.819,2.819
Blueberry_AtlasBlue,ONLINE,NL-ZH,4342.2,Monthly,2023-02-01,2023-02-28,KG,2.947,2.947
Blueberry_AtlasBlue,ONLINE,NL-ZH,4195.94,Monthly,2023-03-01,2023-03-31,KG,2.904,2.904
Blueberry_AtlasBlue,ONLINE,NL-ZH,3989.63,Monthly,2023-04-01,2023-04-30,KG,2.981,2.981
Blueberry_AtlasBlue,ONLINE,NL-ZH,4259.02,Monthly,2023-05-01,2023-05-31,KG,2.902,2.902
Blueberry_AtlasBlue,ONLINE,NL-ZH,4363.49,Monthly,2023-06-01,2023-06-30,KG,2.931,2.931
Blueberry_AtlasBlue,ONLINE,NL-ZH,4140.6,Monthly,2023-07-01,2023-07-31,KG,2.94,2.94
Blueberry_AtlasBlue,ONLINE,NL-ZH,4742.07,Monthly,2023-08-01,2023-08-31,KG,2.515,2.515
Blueberry_AtlasBlue,ONLINE,NL-ZH,5324.889999999999,Monthly,2023-09-01,2023-09-30,KG,2.502,2.502
Blueberry_AtlasBlue,ONLINE,NL-ZH,5321.73,Monthly,2023-10-01,2023-10-31,KG,2.522,2.522
Blueberry_AtlasBlue,ONLINE,NL-ZH,4641.76,Monthly,2023-11-01,2023-11-30,KG,2.931,2.931
Blueberry_AtlasBlue,ONLINE,NL-ZH,5000.37,Monthly,2023-12-01,2023-12-31,KG,2.929,2.929
Blueberry_AtlasBlue,ONLINE,NL-ZH,5111.65,Monthly,2024-01-01,2024-01-31,KG,2.907,2.907
Blueberry_AtlasBlue,ONLINE,NL-ZH,4393.64,Monthly,2024-02-01,2024-02-29,KG,2.936,2.936
Blueberry_AtlasBlue,ONLINE,NL-ZH,4628.25,Monthly,2024-03-01,2024-03-31,KG,2.896,2.896
Blueberry_AtlasBlue,ONLINE,NL-ZH,4138.33,Monthly,2024-04-01,2024-04-30,KG,2.901,2.901
Blueberry_AtlasBlue,ONLINE,NL-ZH,3973.74,Monthly,2024-05-01,2024-05-31,KG,2.934,2.934
Blueberry_AtlasBlue,ONLINE,NL-ZH,3963.5699999999997,Monthly,2024-06-01,2024-06-30,KG,2.938,2.938
Blueberry_AtlasBlue,ONLINE,NL-ZH,3984.4399999999996,Monthly,2024-07-01,2024-07-31,KG,2.908,2.908
Blueberry_AtlasBlue,ONLINE,NL-ZH,5004.7,Monthly,2024-08-01,2024-08-31,KG,2.511,2.511
Blueberry_AtlasBlue,ONLINE,NL-ZH,4733.75,Monthly,2024-09-01,2024-09-30,KG,2.517,2.517
Blueberry_AtlasBlue,ONLINE,NL-ZH,5526.75,Monthly,2024-10-01,2024-10-31,KG,2.493,2.493
Blueberry_AtlasBlue,ONLINE,NL-ZH,4953.09,Monthly,2024-11-01,2024-11-30,KG,2.918,2.918
Blueberry_AtlasBlue,ONLINE,NL-ZH,4888.5,Monthly,2024-12-01,2024-12-31,KG,2.943,2.943
Blueberry_AtlasBlue,ONLINE,NL-ZH,4733.1,Monthly,2025-01-01,2025-01-31,KG,2.996,2.996
Blueberry_AtlasBlue,ONLINE,NL-ZH,4459.360000000001,Monthly,2025-02-01,2025-02-28,KG,2.937,2.937
Blueberry_AtlasBlue,ONLINE,NL-ZH,5105.42,Monthly,2025-03-01,2025-03-31,KG,2.933,2.933
Blueberry_AtlasBlue,ONLINE,NL-ZH,4922.26,Monthly,2025-04-01,2025-04-30,KG,2.972,2.972
Blueberry_AtlasBlue,ONLINE,NL-ZH,4413.7,Monthly,2025-05-01,2025-05-31,KG,2.931,2.931
Blueberry_AtlasBlue,ONLINE,NL-ZH,4118.82,Monthly,2025-06-01,2025-06-30,KG,2.936,2.936
Blueberry_AtlasBlue,ONLINE,NL-ZH,4612.77,Monthly,2025-07-01,2025-07-31,KG,2.956,2.956
Blueberry_AtlasBlue,ONLINE,NL-ZH,4860.19,Monthly,2025-08-01,2025-08-31,KG,2.515,2.515
Blueberry_AtlasBlue,ONLINE,NL-ZH,5143.09,Monthly,2025-09-01,2025-09-30,KG,2.488,2.488
Blueberry_AtlasBlue,ONLINE,NL-ZH,5219.8,Monthly,2025-10-01,2025-10-31,KG,2.47,2.47
Blueberry_AtlasBlue,ONLINE,NL-ZH,4985.91,Monthly,2025-11-01,2025-11-30,KG,2.913,2.913
Blueberry_AtlasBlue,ONLINE,NL-ZH,5358.4,Monthly,2025-12-01,2025-12-31,KG,2.952,2.952
Blueberry_AtlasBlue,ONLINE,NL-ZH,4852.59,Monthly,2026-01-01,2026-01-31,KG,2.962,2.962
Blueberry_AtlasBlue,RETAIL,NL-GE,7840.58,Monthly,2023-02-01,2023-02-28,KG,2.665,2.665
Blueberry_AtlasBlue,RETAIL,NL-GE,7928.360000000001,Monthly,2023-03-01,2023-03-31,KG,2.695,2.695
Blueberry_AtlasBlue,RETAIL,NL-GE,7530.05,Monthly,2023-04-01,2023-04-30,KG,2.654,2.654
Blueberry_AtlasBlue,RETAIL,NL-GE,7665.84,Monthly,2023-05-01,2023-05-31,KG,2.677,2.677
Blueberry_AtlasBlue,RETAIL,NL-GE,7692.12,Monthly,2023-06-01,2023-06-30,KG,2.651,2.651
Blueberry_AtlasBlue,RETAIL,NL-GE,7720.2300000000005,Monthly,2023-07-01,2023-07-31,KG,2.659,2.659
Blueberry_AtlasBlue,RETAIL,NL-GE,8826.7,Monthly,2023-08-01,2023-08-31,KG,2.295,2.295
Blueberry_AtlasBlue,RETAIL,NL-GE,9722.25,Monthly,2023-09-01,2023-09-30,KG,2.289,2.289
Blueberry_AtlasBlue,RETAIL,NL-GE,9339.77,Monthly,2023-10-01,2023-10-31,KG,2.234,2.234
Blueberry_AtlasBlue,RETAIL,NL-GE,8403.6,Monthly,2023-11-01,2023-11-30,KG,2.69,2.69
Blueberry_AtlasBlue,RETAIL,NL-GE,8897.31,Monthly,2023-12-01,2023-12-31,KG,2.687,2.687
Blueberry_AtlasBlue,RETAIL,NL-GE,8630.89,Monthly,2024-01-01,2024-01-31,KG,2.697,2.697
Blueberry_AtlasBlue,RETAIL,NL-GE,7444.48,Monthly,2024-02-01,2024-02-29,KG,2.644,2.644
Blueberry_AtlasBlue,RETAIL,NL-GE,8726.869999999999,Monthly,2024-03-01,2024-03-31,KG,2.69,2.69
Blueberry_AtlasBlue,RETAIL,NL-GE,7478.54,Monthly,2024-04-01,2024-04-30,KG,2.691,2.691
Blueberry_AtlasBlue,RETAIL,NL-GE,7802.15,Monthly,2024-05-01,2024-05-31,KG,2.715,2.715
Blueberry_AtlasBlue,RETAIL,NL-GE,7294.05,Monthly,2024-06-01,2024-06-30,KG,2.658,2.658
Blueberry_AtlasBlue,RETAIL,NL-GE,8012.01,Monthly,2024-07-01,2024-07-31,KG,2.671,2.671
Blueberry_AtlasBlue,RETAIL,NL-GE,8834.94,Monthly,2024-08-01,2024-08-31,KG,2.276,2.276
Blueberry_AtlasBlue,RETAIL,NL-GE,9336.98,Monthly,2024-09-01,2024-09-30,KG,2.297,2.297
Blueberry_AtlasBlue,RETAIL,NL-GE,9827.51,Monthly,2024-10-01,2024-10-31,KG,2.267,2.267
Blueberry_AtlasBlue,RETAIL,NL-GE,9257.3,Monthly,2024-11-01,2024-11-30,KG,2.663,2.663
Blueberry_AtlasBlue,RETAIL,NL-GE,9340.78,Monthly,2024-12-01,2024-12-31,KG,2.661,2.661
Blueberry_AtlasBlue,RETAIL,NL-GE,8690.1,Monthly,2025-01-01,2025-01-31,KG,2.669,2.669
Blueberry_AtlasBlue,RETAIL,NL-GE,7913.98,Monthly,2025-02-01,2025-02-28,KG,2.653,2.653
Blueberry_AtlasBlue,RETAIL,NL-GE,9312.89,Monthly,2025-03-01,2025-03-31,KG,2.693,2.693
Blueberry_AtlasBlue,RETAIL,NL-GE,8007.15,Monthly,2025-04-01,2025-04-30,KG,2.644,2.644
Blueberry_AtlasBlue,RETAIL,NL-GE,7818.54,Monthly,2025-05-01,2025-05-31,KG,2.681,2.681
Blueberry_AtlasBlue,RETAIL,NL-GE,7391.77,Monthly,2025-06-01,2025-06-30,KG,2.618,2.618
Blueberry_AtlasBlue,RETAIL,NL-GE,7959.03,Monthly,2025-07-01,2025-07-31,KG,2.685,2.685
Blueberry_AtlasBlue,RETAIL,NL-GE,9074.86,Monthly,2025-08-01,2025-08-31,KG,2.334,2.334
Blueberry_AtlasBlue,RETAIL,NL-GE,9202.57,Monthly,2025-09-01,2025-09-30,KG,2.283,2.283
Blueberry_AtlasBlue,RETAIL,NL-GE,9386.66,Monthly,2025-10-01,2025-10-31,KG,2.269,2.269
Blueberry_AtlasBlue,RETAIL,NL-GE,9212.14,Monthly,2025-11-01,2025-11-30,KG,2.671,2.671
Blueberry_AtlasBlue,RETAIL,NL-GE,9456.04,Monthly,2025-12-01,2025-12-31,KG,2.696,2.696
Blueberry_AtlasBlue,RETAIL,NL-GE,8672.24,Monthly,2026-01-01,2026-01-31,KG,2.687,2.687
Blueberry_AtlasBlue,RETAIL,NL-NB,7958.92,Monthly,2023-02-01,2023-02-28,KG,2.748,2.748
Blueberry_AtlasBlue,RETAIL,NL-NB,7734.16,Monthly,2023-03-01,2023-03-31,KG,2.769,2.769
Blueberry_AtlasBlue,RETAIL,NL-NB,7703.71,Monthly,2023-04-01,2023-04-30,KG,2.782,2.782
Blueberry_AtlasBlue,RETAIL,NL-NB,8035.1900000000005,Monthly,2023-05-01,2023-05-31,KG,2.751,2.751
Blueberry_AtlasBlue,RETAIL,NL-NB,7889.03,Monthly,2023-06-01,2023-06-30,KG,2.778,2.778
Blueberry_AtlasBlue,RETAIL,NL-NB,7894.85,Monthly,2023-07-01,2023-07-31,KG,2.76,2.76
Blueberry_AtlasBlue,RETAIL,NL-NB,8992.55,Monthly,2023-08-01,2023-08-31,KG,2.362,2.362
Blueberry_AtlasBlue,RETAIL,NL-NB,10352.869999999999,Monthly,2023-09-01,2023-09-30,KG,2.36,2.36
Blueberry_AtlasBlue,RETAIL,NL-NB,9929.6,Monthly,2023-10-01,2023-10-31,KG,2.335,2.335
Blueberry_AtlasBlue,RETAIL,NL-NB,9418.86,Monthly,2023-11-01,2023-11-30,KG,2.787,2.787
Blueberry_AtlasBlue,RETAIL,NL-NB,9490.44,Monthly,2023-12-01,2023-12-31,KG,2.759,2.759
Blueberry_AtlasBlue,RETAIL,NL-NB,9339.34,Monthly,2024-01-01,2024-01-31,KG,2.785,2.785
Blueberry_AtlasBlue,RETAIL,NL-NB,7971.96,Monthly,2024-02-01,2024-02-29,KG,2.764,2.764
Blueberry_AtlasBlue,RETAIL,NL-NB,8930.33,Monthly,2024-03-01,2024-03-31,KG,2.776,2.776
Blueberry_AtlasBlue,RETAIL,NL-NB,7311.09,Monthly,2024-04-01,2024-04-30,KG,2.731,2.731
Blueberry_AtlasBlue,RETAIL,NL-NB,7512.790000000001,Monthly,2024-05-01,2024-05-31,KG,2.745,2.745
Blueberry_AtlasBlue,RETAIL,NL-NB,7503.74,Monthly,2024-06-01,2024-06-30,KG,2.788,2.788
Blueberry_AtlasBlue,RETAIL,NL-NB,8096.52,Monthly,2024-07-01,2024-07-31,KG,2.771,2.771
Blueberry_AtlasBlue,RETAIL,NL-NB,8979.96,Monthly,2024-08-01,2024-08-31,KG,2.354,2.354
Blueberry_AtlasBlue,RETAIL,NL-NB,9436.09,Monthly,2024-09-01,2024-09-30,KG,2.354,2.354
Blueberry_AtlasBlue,RETAIL,NL-NB,9907.96,Monthly,2024-10-01,2024-10-31,KG,2.341,2.341
Blueberry_AtlasBlue,RETAIL,NL-NB,9391.95,Monthly,2024-11-01,2024-11-30,KG,2.753,2.753
Blueberry_AtlasBlue,RETAIL,NL-NB,9580.5,Monthly,2024-12-01,2024-12-31,KG,2.758,2.758
Blueberry_AtlasBlue,RETAIL,NL-NB,8516.560000000001,Monthly,2025-01-01,2025-01-31,KG,2.772,2.772
Blueberry_AtlasBlue,RETAIL,NL-NB,8292.84,Monthly,2025-02-01,2025-02-28,KG,2.771,2.771
Blueberry_AtlasBlue,RETAIL,NL-NB,9650.880000000001,Monthly,2025-03-01,2025-03-31,KG,2.759,2.759
Blueberry_AtlasBlue,RETAIL,NL-NB,8561.130000000001,Monthly,2025-04-01,2025-04-30,KG,2.802,2.802
Blueberry_AtlasBlue,RETAIL,NL-NB,8137.07,Monthly,2025-05-01,2025-05-31,KG,2.799,2.799
Blueberry_AtlasBlue,RETAIL,NL-NB,8006.75,Monthly,2025-06-01,2025-06-30,KG,2.752,2.752
Blueberry_AtlasBlue,RETAIL,NL-NB,8200.23,Monthly,2025-07-01,2025-07-31,KG,2.788,2.788
Blueberry_AtlasBlue,RETAIL,NL-NB,9310.07,Monthly,2025-08-01,2025-08-31,KG,2.348,2.348
Blueberry_AtlasBlue,RETAIL,NL-NB,9651.060000000001,Monthly,2025-09-01,2025-09-30,KG,2.348,2.348
Blueberry_AtlasBlue,RETAIL,NL-NB,9436.189999999999,Monthly,2025-10-01,2025-10-31,KG,2.333,2.333
Blueberry_AtlasBlue,RETAIL,NL-NB,10202.65,Monthly,2025-11-01,2025-11-30,KG,2.768,2.768
Blueberry_AtlasBlue,RETAIL,NL-NB,9692.33,Monthly,2025-12-01,2025-12-31,KG,2.734,2.734
Blueberry_AtlasBlue,RETAIL,NL-NB,9482.130000000001,Monthly,2026-01-01,2026-01-31,KG,2.732,2.732
Blueberry_AtlasBlue,RETAIL,NL-NH,8196.61,Monthly,2023-02-01,2023-02-28,KG,2.885,2.885
Blueberry_AtlasBlue,RETAIL,NL-NH,8397.32,Monthly,2023-03-01,2023-03-31,KG,2.864,2.864
Blueberry_AtlasBlue,RETAIL,NL-NH,8055.4,Monthly,2023-04-01,2023-04-30,KG,2.849,2.849
Blueberry_AtlasBlue,RETAIL,NL-NH,8154.4,Monthly,2023-05-01,2023-05-31,KG,2.876,2.876
Blueberry_AtlasBlue,RETAIL,NL-NH,8165.22,Monthly,2023-06-01,2023-06-30,KG,2.86,2.86
Blueberry_AtlasBlue,RETAIL,NL-NH,8372.630000000001,Monthly,2023-07-01,2023-07-31,KG,2.811,2.811
Blueberry_AtlasBlue,RETAIL,NL-NH,9401.65,Monthly,2023-08-01,2023-08-31,KG,2.438,2.438
Blueberry_AtlasBlue,RETAIL,NL-NH,10165.41,Monthly,2023-09-01,2023-09-30,KG,2.441,2.441
Blueberry_AtlasBlue,RETAIL,NL-NH,9788.09,Monthly,2023-10-01,2023-10-31,KG,2.431,2.431
Blueberry_AtlasBlue,RETAIL,NL-NH,9146.72,Monthly,2023-11-01,2023-11-30,KG,2.81,2.81
Blueberry_AtlasBlue,RETAIL,NL-NH,9547.18,Monthly,2023-12-01,2023-12-31,KG,2.815,2.815
Blueberry_AtlasBlue,RETAIL,NL-NH,9237.84,Monthly,2024-01-01,2024-01-31,KG,2.847,2.847
Blueberry_AtlasBlue,RETAIL,NL-NH,8191.08,Monthly,2024-02-01,2024-02-29,KG,2.839,2.839
Blueberry_AtlasBlue,RETAIL,NL-NH,9100.720000000001,Monthly,2024-03-01,2024-03-31,KG,2.853,2.853
Blueberry_AtlasBlue,RETAIL,NL-NH,7778.08,Monthly,2024-04-01,2024-04-30,KG,2.844,2.844
Blueberry_AtlasBlue,RETAIL,NL-NH,7729.049999999999,Monthly,2024-05-01,2024-05-31,KG,2.857,2.857
Blueberry_AtlasBlue,RETAIL,NL-NH,7617.83,Monthly,2024-06-01,2024-06-30,KG,2.856,2.856
Blueberry_AtlasBlue,RETAIL,NL-NH,7885.68,Monthly,2024-07-01,2024-07-31,KG,2.828,2.828
Blueberry_AtlasBlue,RETAIL,NL-NH,9278.1,Monthly,2024-08-01,2024-08-31,KG,2.431,2.431
Blueberry_AtlasBlue,RETAIL,NL-NH,9634.94,Monthly,2024-09-01,2024-09-30,KG,2.426,2.426
Blueberry_AtlasBlue,RETAIL,NL-NH,10305.11,Monthly,2024-10-01,2024-10-31,KG,2.425,2.425
Blueberry_AtlasBlue,RETAIL,NL-NH,9767.869999999999,Monthly,2024-11-01,2024-11-30,KG,2.867,2.867
Blueberry_AtlasBlue,RETAIL,NL-NH,10040.43,Monthly,2024-12-01,2024-12-31,KG,2.849,2.849
Blueberry_AtlasBlue,RETAIL,NL-NH,9202.27,Monthly,2025-01-01,2025-01-31,KG,2.842,2.842
Blueberry_AtlasBlue,RETAIL,NL-NH,8630.81,Monthly,2025-02-01,2025-02-28,KG,2.856,2.856
Blueberry_AtlasBlue,RETAIL,NL-NH,10174.380000000001,Monthly,2025-03-01,2025-03-31,KG,2.821,2.821
Blueberry_AtlasBlue,RETAIL,NL-NH,9076.869999999999,Monthly,2025-04-01,2025-04-30,KG,2.854,2.854
Blueberry_AtlasBlue,RETAIL,NL-NH,8691.0,Monthly,2025-05-01,2025-05-31,KG,2.857,2.857
Blueberry_AtlasBlue,RETAIL,NL-NH,7954.530000000001,Monthly,2025-06-01,2025-06-30,KG,2.822,2.822
Blueberry_AtlasBlue,RETAIL,NL-NH,8611.66,Monthly,2025-07-01,2025-07-31,KG,2.838,2.838
Blueberry_AtlasBlue,RETAIL,NL-NH,9337.84,Monthly,2025-08-01,2025-08-31,KG,2.442,2.442
Blueberry_AtlasBlue,RETAIL,NL-NH,9742.93,Monthly,2025-09-01,2025-09-30,KG,2.412,2.412
Blueberry_AtlasBlue,RETAIL,NL-NH,9575.06,Monthly,2025-10-01,2025-10-31,KG,2.443,2.443
Blueberry_AtlasBlue,RETAIL,NL-NH,9764.96,Monthly,2025-11-01,2025-11-30,KG,2.855,2.855
Blueberry_AtlasBlue,RETAIL,NL-NH,9831.58,Monthly,2025-12-01,2025-12-31,KG,2.818,2.818
Blueberry_AtlasBlue,RETAIL,NL-NH,9507.09,Monthly,2026-01-01,2026-01-31,KG,2.836,2.836
Blueberry_AtlasBlue,RETAIL,NL-ZH,8933.82,Monthly,2023-02-01,2023-02-28,KG,2.922,2.922
Blueberry_AtlasBlue,RETAIL,NL-ZH,8395.08,Monthly,2023-03-01,2023-03-31,KG,2.944,2.944
Blueberry_AtlasBlue,RETAIL,NL-ZH,7914.16,Monthly,2023-04-01,2023-04-30,KG,2.923,2.923
Blueberry_AtlasBlue,RETAIL,NL-ZH,8104.83,Monthly,2023-05-01,2023-05-31,KG,2.966,2.966
Blueberry_AtlasBlue,RETAIL,NL-ZH,8392.630000000001,Monthly,2023-06-01,2023-06-30,KG,2.955,2.955
Blueberry_AtlasBlue,RETAIL,NL-ZH,8252.64,Monthly,2023-07-01,2023-07-31,KG,2.954,2.954
Blueberry_AtlasBlue,RETAIL,NL-ZH,8933.84,Monthly,2023-08-01,2023-08-31,KG,2.528,2.528
Blueberry_AtlasBlue,RETAIL,NL-ZH,10545.82,Monthly,2023-09-01,2023-09-30,KG,2.502,2.502
Blueberry_AtlasBlue,RETAIL,NL-ZH,10182.55,Monthly,2023-10-01,2023-10-31,KG,2.512,2.512
Blueberry_AtlasBlue,RETAIL,NL-ZH,9334.65,Monthly,2023-11-01,2023-11-30,KG,2.905,2.905
Blueberry_AtlasBlue,RETAIL,NL-ZH,9818.77,Monthly,2023-12-01,2023-12-31,KG,2.912,2.912
Blueberry_AtlasBlue,RETAIL,NL-ZH,9818.2,Monthly,2024-01-01,2024-01-31,KG,2.915,2.915
Blueberry_AtlasBlue,RETAIL,NL-ZH,8424.78,Monthly,2024-02-01,2024-02-29,KG,2.917,2.917
Blueberry_AtlasBlue,RETAIL,NL-ZH,9067.89,Monthly,2024-03-01,2024-03-31,KG,2.933,2.933
Blueberry_AtlasBlue,RETAIL,NL-ZH,8127.75,Monthly,2024-04-01,2024-04-30,KG,2.923,2.923
Blueberry_AtlasBlue,RETAIL,NL-ZH,7876.71,Monthly,2024-05-01,2024-05-31,KG,2.925,2.925
Blueberry_AtlasBlue,RETAIL,NL-ZH,8049.959999999999,Monthly,2024-06-01,2024-06-30,KG,2.93,2.93
Blueberry_AtlasBlue,RETAIL,NL-ZH,8337.84,Monthly,2024-07-01,2024-07-31,KG,2.932,2.932
Blueberry_AtlasBlue,RETAIL,NL-ZH,9814.460000000001,Monthly,2024-08-01,2024-08-31,KG,2.457,2.457
Blueberry_AtlasBlue,RETAIL,NL-ZH,9676.56,Monthly,2024-09-01,2024-09-30,KG,2.463,2.463
Blueberry_AtlasBlue,RETAIL,NL-ZH,10996.96,Monthly,2024-10-01,2024-10-31,KG,2.497,2.497
Blueberry_AtlasBlue,RETAIL,NL-ZH,9988.95,Monthly,2024-11-01,2024-11-30,KG,2.928,2.928
Blueberry_AtlasBlue,RETAIL,NL-ZH,9967.12,Monthly,2024-12-01,2024-12-31,KG,2.888,2.888
Blueberry_AtlasBlue,RETAIL,NL-ZH,9217.5,Monthly,2025-01-01,2025-01-31,KG,2.96,2.96
Blueberry_AtlasBlue,RETAIL,NL-ZH,8698.14,Monthly,2025-02-01,2025-02-28,KG,2.918,2.918
Blueberry_AtlasBlue,RETAIL,NL-ZH,10390.039999999999,Monthly,2025-03-01,2025-03-31,KG,2.954,2.954
Blueberry_AtlasBlue,RETAIL,NL-ZH,9467.94,Monthly,2025-04-01,2025-04-30,KG,2.926,2.926
Blueberry_AtlasBlue,RETAIL,NL-ZH,8872.36,Monthly,2025-05-01,2025-05-31,KG,2.943,2.943
Blueberry_AtlasBlue,RETAIL,NL-ZH,8114.17,Monthly,2025-06-01,2025-06-30,KG,2.923,2.923
Blueberry_AtlasBlue,RETAIL,NL-ZH,8711.29,Monthly,2025-07-01,2025-07-31,KG,2.897,2.897
Blueberry_AtlasBlue,RETAIL,NL-ZH,9785.86,Monthly,2025-08-01,2025-08-31,KG,2.487,2.487
Blueberry_AtlasBlue,RETAIL,NL-ZH,10146.18,Monthly,2025-09-01,2025-09-30,KG,2.492,2.492
Blueberry_AtlasBlue,RETAIL,NL-ZH,10308.56,Monthly,2025-10-01,2025-10-31,KG,2.522,2.522
Blueberry_AtlasBlue,RETAIL,NL-ZH,10522.96,Monthly,2025-11-01,2025-11-30,KG,2.935,2.935
Blueberry_AtlasBlue,RETAIL,NL-ZH,10637.72,Monthly,2025-12-01,2025-12-31,KG,2.91,2.91
Blueberry_AtlasBlue,RETAIL,NL-ZH,9449.61,Monthly,2026-01-01,2026-01-31,KG,2.912,2.912
Blueberry_AtlasBlue,WHOLESALE,NL-GE,6478.71,Monthly,2023-02-01,2023-02-28,KG,2.685,2.685
Blueberry_AtlasBlue,WHOLESALE,NL-GE,6623.26,Monthly,2023-03-01,2023-03-31,KG,2.678,2.678
Blueberry_AtlasBlue,WHOLESALE,NL-GE,6398.41,Monthly,2023-04-01,2023-04-30,KG,2.672,2.672
Blueberry_AtlasBlue,WHOLESALE,NL-GE,6681.93,Monthly,2023-05-01,2023-05-31,KG,2.667,2.667
Blueberry_AtlasBlue,WHOLESALE,NL-GE,6465.34,Monthly,2023-06-01,2023-06-30,KG,2.677,2.677
Blueberry_AtlasBlue,WHOLESALE,NL-GE,6432.93,Monthly,2023-07-01,2023-07-31,KG,2.695,2.695
Blueberry_AtlasBlue,WHOLESALE,NL-GE,7305.04,Monthly,2023-08-01,2023-08-31,KG,2.261,2.261
Blueberry_AtlasBlue,WHOLESALE,NL-GE,8050.29,Monthly,2023-09-01,2023-09-30,KG,2.286,2.286
Blueberry_AtlasBlue,WHOLESALE,NL-GE,8015.58,Monthly,2023-10-01,2023-10-31,KG,2.278,2.278
Blueberry_AtlasBlue,WHOLESALE,NL-GE,7615.56,Monthly,2023-11-01,2023-11-30,KG,2.721,2.721
Blueberry_AtlasBlue,WHOLESALE,NL-GE,7430.94,Monthly,2023-12-01,2023-12-31,KG,2.691,2.691
Blueberry_AtlasBlue,WHOLESALE,NL-GE,7939.049999999999,Monthly,2024-01-01,2024-01-31,KG,2.688,2.688
Blueberry_AtlasBlue,WHOLESALE,NL-GE,6466.0599999999995,Monthly,2024-02-01,2024-02-29,KG,2.674,2.674
Blueberry_AtlasBlue,WHOLESALE,NL-GE,7327.72,Monthly,2024-03-01,2024-03-31,KG,2.683,2.683
Blueberry_AtlasBlue,WHOLESALE,NL-GE,6292.139999999999,Monthly,2024-04-01,2024-04-30,KG,2.696,2.696
Blueberry_AtlasBlue,WHOLESALE,NL-GE,6608.89,Monthly,2024-05-01,2024-05-31,KG,2.695,2.695
Blueberry_AtlasBlue,WHOLESALE,NL-GE,6073.22,Monthly,2024-06-01,2024-06-30,KG,2.682,2.682
Blueberry_AtlasBlue,WHOLESALE,NL-GE,6669.8,Monthly,2024-07-01,2024-07-31,KG,2.694,2.694
Blueberry_AtlasBlue,WHOLESALE,NL-GE,7614.83,Monthly,2024-08-01,2024-08-31,KG,2.287,2.287
Blueberry_AtlasBlue,WHOLESALE,NL-GE,7788.13,Monthly,2024-09-01,2024-09-30,KG,2.281,2.281
Blueberry_AtlasBlue,WHOLESALE,NL-GE,8183.0,Monthly,2024-10-01,2024-10-31,KG,2.275,2.275
Blueberry_AtlasBlue,WHOLESALE,NL-GE,7850.5599999999995,Monthly,2024-11-01,2024-11-30,KG,2.69,2.69
Blueberry_AtlasBlue,WHOLESALE,NL-GE,7636.9800000000005,Monthly,2024-12-01,2024-12-31,KG,2.656,2.656
Blueberry_AtlasBlue,WHOLESALE,NL-GE,7436.05,Monthly,2025-01-01,2025-01-31,KG,2.65,2.65
Blueberry_AtlasBlue,WHOLESALE,NL-GE,6534.33,Monthly,2025-02-01,2025-02-28,KG,2.655,2.655
Blueberry_AtlasBlue,WHOLESALE,NL-GE,7773.16,Monthly,2025-03-01,2025-03-31,KG,2.68,2.68
Blueberry_AtlasBlue,WHOLESALE,NL-GE,7229.7699999999995,Monthly,2025-04-01,2025-04-30,KG,2.667,2.667
Blueberry_AtlasBlue,WHOLESALE,NL-GE,6861.37,Monthly,2025-05-01,2025-05-31,KG,2.676,2.676
Blueberry_AtlasBlue,WHOLESALE,NL-GE,6346.82,Monthly,2025-06-01,2025-06-30,KG,2.675,2.675
Blueberry_AtlasBlue,WHOLESALE,NL-GE,6843.1,Monthly,2025-07-01,2025-07-31,KG,2.655,2.655
Blueberry_AtlasBlue,WHOLESALE,NL-GE,7579.45,Monthly,2025-08-01,2025-08-31,KG,2.278,2.278
Blueberry_AtlasBlue,WHOLESALE,NL-GE,8041.08,Monthly,2025-09-01,2025-09-30,KG,2.297,2.297
Blueberry_AtlasBlue,WHOLESALE,NL-GE,8090.3,Monthly,2025-10-01,2025-10-31,KG,2.281,2.281
Blueberry_AtlasBlue,WHOLESALE,NL-GE,7780.06,Monthly,2025-11-01,2025-11-30,KG,2.672,2.672
Blueberry_AtlasBlue,WHOLESALE,NL-GE,8156.59,Monthly,2025-12-01,2025-12-31,KG,2.694,2.694
Blueberry_AtlasBlue,WHOLESALE,NL-GE,7595.3099999999995,Monthly,2026-01-01,2026-01-31,KG,2.71,2.71
Blueberry_AtlasBlue,WHOLESALE,NL-NB,6786.97,Monthly,2023-02-01,2023-02-28,KG,2.758,2.758
Blueberry_AtlasBlue,WHOLESALE,NL-NB,6915.04,Monthly,2023-03-01,2023-03-31,KG,2.753,2.753
Blueberry_AtlasBlue,WHOLESALE,NL-NB,6374.67,Monthly,2023-04-01,2023-04-30,KG,2.74,2.74
Blueberry_AtlasBlue,WHOLESALE,NL-NB,6946.25,Monthly,2023-05-01,2023-05-31,KG,2.785,2.785
Blueberry_AtlasBlue,WHOLESALE,NL-NB,6869.93,Monthly,2023-06-01,2023-06-30,KG,2.762,2.762
Blueberry_AtlasBlue,WHOLESALE,NL-NB,7017.030000000001,Monthly,2023-07-01,2023-07-31,KG,2.766,2.766
Blueberry_AtlasBlue,WHOLESALE,NL-NB,7561.83,Monthly,2023-08-01,2023-08-31,KG,2.356,2.356
Blueberry_AtlasBlue,WHOLESALE,NL-NB,8602.31,Monthly,2023-09-01,2023-09-30,KG,2.376,2.376
Blueberry_AtlasBlue,WHOLESALE,NL-NB,8255.61,Monthly,2023-10-01,2023-10-31,KG,2.35,2.35
Blueberry_AtlasBlue,WHOLESALE,NL-NB,7330.93,Monthly,2023-11-01,2023-11-30,KG,2.767,2.767
Blueberry_AtlasBlue,WHOLESALE,NL-NB,7838.55,Monthly,2023-12-01,2023-12-31,KG,2.718,2.718
Blueberry_AtlasBlue,WHOLESALE,NL-NB,7783.39,Monthly,2024-01-01,2024-01-31,KG,2.734,2.734
Blueberry_AtlasBlue,WHOLESALE,NL-NB,6663.88,Monthly,2024-02-01,2024-02-29,KG,2.77,2.77
Blueberry_AtlasBlue,WHOLESALE,NL-NB,7237.42,Monthly,2024-03-01,2024-03-31,KG,2.772,2.772
Blueberry_AtlasBlue,WHOLESALE,NL-NB,6663.9800000000005,Monthly,2024-04-01,2024-04-30,KG,2.744,2.744
Blueberry_AtlasBlue,WHOLESALE,NL-NB,6371.7699999999995,Monthly,2024-05-01,2024-05-31,KG,2.787,2.787
Blueberry_AtlasBlue,WHOLESALE,NL-NB,6224.870000000001,Monthly,2024-06-01,2024-06-30,KG,2.765,2.765
Blueberry_AtlasBlue,WHOLESALE,NL-NB,7048.860000000001,Monthly,2024-07-01,2024-07-31,KG,2.756,2.756
Blueberry_AtlasBlue,WHOLESALE,NL-NB,8055.620000000001,Monthly,2024-08-01,2024-08-31,KG,2.385,2.385
Blueberry_AtlasBlue,WHOLESALE,NL-NB,8055.86,Monthly,2024-09-01,2024-09-30,KG,2.365,2.365
Blueberry_AtlasBlue,WHOLESALE,NL-NB,8801.02,Monthly,2024-10-01,2024-10-31,KG,2.367,2.367
Blueberry_AtlasBlue,WHOLESALE,NL-NB,7916.55,Monthly,2024-11-01,2024-11-30,KG,2.752,2.752
Blueberry_AtlasBlue,WHOLESALE,NL-NB,8241.83,Monthly,2024-12-01,2024-12-31,KG,2.782,2.782
Blueberry_AtlasBlue,WHOLESALE,NL-NB,7437.98,Monthly,2025-01-01,2025-01-31,KG,2.778,2.778
Blueberry_AtlasBlue,WHOLESALE,NL-NB,6889.55,Monthly,2025-02-01,2025-02-28,KG,2.78,2.78
Blueberry_AtlasBlue,WHOLESALE,NL-NB,8370.630000000001,Monthly,2025-03-01,2025-03-31,KG,2.768,2.768
Blueberry_AtlasBlue,WHOLESALE,NL-NB,7217.55,Monthly,2025-04-01,2025-04-30,KG,2.746,2.746
Blueberry_AtlasBlue,WHOLESALE,NL-NB,7052.45,Monthly,2025-05-01,2025-05-31,KG,2.76,2.76
Blueberry_AtlasBlue,WHOLESALE,NL-NB,6666.68,Monthly,2025-06-01,2025-06-30,KG,2.783,2.783
Blueberry_AtlasBlue,WHOLESALE,NL-NB,7271.139999999999,Monthly,2025-07-01,2025-07-31,KG,2.763,2.763
Blueberry_AtlasBlue,WHOLESALE,NL-NB,8098.23,Monthly,2025-08-01,2025-08-31,KG,2.364,2.364
Blueberry_AtlasBlue,WHOLESALE,NL-NB,8436.39,Monthly,2025-09-01,2025-09-30,KG,2.37,2.37
Blueberry_AtlasBlue,WHOLESALE,NL-NB,8287.89,Monthly,2025-10-01,2025-10-31,KG,2.357,2.357
Blueberry_AtlasBlue,WHOLESALE,NL-NB,8373.939999999999,Monthly,2025-11-01,2025-11-30,KG,2.751,2.751
Blueberry_AtlasBlue,WHOLESALE,NL-NB,8476.3,Monthly,2025-12-01,2025-12-31,KG,2.785,2.785
Blueberry_AtlasBlue,WHOLESALE,NL-NB,8120.150000000001,Monthly,2026-01-01,2026-01-31,KG,2.773,2.773
Blueberry_AtlasBlue,WHOLESALE,NL-NH,7210.09,Monthly,2023-02-01,2023-02-28,KG,2.832,2.832
Blueberry_AtlasBlue,WHOLESALE,NL-NH,7126.99,Monthly,2023-03-01,2023-03-31,KG,2.853,2.853
Blueberry_AtlasBlue,WHOLESALE,NL-NH,6512.05,Monthly,2023-04-01,2023-04-30,KG,2.865,2.865
Blueberry_AtlasBlue,WHOLESALE,NL-NH,7181.32,Monthly,2023-05-01,2023-05-31,KG,2.839,2.839
Blueberry_AtlasBlue,WHOLESALE,NL-NH,7278.53,Monthly,2023-06-01,2023-06-30,KG,2.871,2.871
Blueberry_AtlasBlue,WHOLESALE,NL-NH,7006.969999999999,Monthly,2023-07-01,2023-07-31,KG,2.861,2.861
Blueberry_AtlasBlue,WHOLESALE,NL-NH,7941.54,Monthly,2023-08-01,2023-08-31,KG,2.425,2.425
Blueberry_AtlasBlue,WHOLESALE,NL-NH,8649.3,Monthly,2023-09-01,2023-09-30,KG,2.44,2.44
Blueberry_AtlasBlue,WHOLESALE,NL-NH,8256.66,Monthly,2023-10-01,2023-10-31,KG,2.436,2.436
Blueberry_AtlasBlue,WHOLESALE,NL-NH,7705.5599999999995,Monthly,2023-11-01,2023-11-30,KG,2.822,2.822
Blueberry_AtlasBlue,WHOLESALE,NL-NH,8119.96,Monthly,2023-12-01,2023-12-31,KG,2.846,2.846
Blueberry_AtlasBlue,WHOLESALE,NL-NH,8114.26,Monthly,2024-01-01,2024-01-31,KG,2.863,2.863
Blueberry_AtlasBlue,WHOLESALE,NL-NH,7093.76,Monthly,2024-02-01,2024-02-29,KG,2.865,2.865
Blueberry_AtlasBlue,WHOLESALE,NL-NH,7753.25,Monthly,2024-03-01,2024-03-31,KG,2.849,2.849
Blueberry_AtlasBlue,WHOLESALE,NL-NH,6563.97,Monthly,2024-04-01,2024-04-30,KG,2.856,2.856
Blueberry_AtlasBlue,WHOLESALE,NL-NH,6740.12,Monthly,2024-05-01,2024-05-31,KG,2.828,2.828
Blueberry_AtlasBlue,WHOLESALE,NL-NH,6491.4,Monthly,2024-06-01,2024-06-30,KG,2.838,2.838
Blueberry_AtlasBlue,WHOLESALE,NL-NH,7186.9,Monthly,2024-07-01,2024-07-31,KG,2.81,2.81
Blueberry_AtlasBlue,WHOLESALE,NL-NH,8070.8,Monthly,2024-08-01,2024-08-31,KG,2.447,2.447
Blueberry_AtlasBlue,WHOLESALE,NL-NH,7849.4,Monthly,2024-09-01,2024-09-30,KG,2.406,2.406
Blueberry_AtlasBlue,WHOLESALE,NL-NH,9360.45,Monthly,2024-10-01,2024-10-31,KG,2.423,2.423
Blueberry_AtlasBlue,WHOLESALE,NL-NH,8387.92,Monthly,2024-11-01,2024-11-30,KG,2.846,2.846
Blueberry_AtlasBlue,WHOLESALE,NL-NH,8380.76,Monthly,2024-12-01,2024-12-31,KG,2.854,2.854
Blueberry_AtlasBlue,WHOLESALE,NL-NH,7969.3099999999995,Monthly,2025-01-01,2025-01-31,KG,2.824,2.824
Blueberry_AtlasBlue,WHOLESALE,NL-NH,7425.3,Monthly,2025-02-01,2025-02-28,KG,2.82,2.82
Blueberry_AtlasBlue,WHOLESALE,NL-NH,8479.439999999999,Monthly,2025-03-01,2025-03-31,KG,2.847,2.847
Blueberry_AtlasBlue,WHOLESALE,NL-NH,7483.62,Monthly,2025-04-01,2025-04-30,KG,2.8,2.8
Blueberry_AtlasBlue,WHOLESALE,NL-NH,7395.18,Monthly,2025-05-01,2025-05-31,KG,2.81,2.81
Blueberry_AtlasBlue,WHOLESALE,NL-NH,6907.62,Monthly,2025-06-01,2025-06-30,KG,2.872,2.872
Blueberry_AtlasBlue,WHOLESALE,NL-NH,7357.29,Monthly,2025-07-01,2025-07-31,KG,2.853,2.853
Blueberry_AtlasBlue,WHOLESALE,NL-NH,8168.63,Monthly,2025-08-01,2025-08-31,KG,2.442,2.442
Blueberry_AtlasBlue,WHOLESALE,NL-NH,8075.6900000000005,Monthly,2025-09-01,2025-09-30,KG,2.404,2.404
Blueberry_AtlasBlue,WHOLESALE,NL-NH,8184.46,Monthly,2025-10-01,2025-10-31,KG,2.414,2.414
Blueberry_AtlasBlue,WHOLESALE,NL-NH,8456.86,Monthly,2025-11-01,2025-11-30,KG,2.834,2.834
Blueberry_AtlasBlue,WHOLESALE,NL-NH,8896.119999999999,Monthly,2025-12-01,2025-12-31,KG,2.852,2.852
Blueberry_AtlasBlue,WHOLESALE,NL-NH,7907.33,Monthly,2026-01-01,2026-01-31,KG,2.854,2.854
Blueberry_AtlasBlue,WHOLESALE,NL-ZH,7274.32,Monthly,2023-02-01,2023-02-28,KG,2.954,2.954
Blueberry_AtlasBlue,WHOLESALE,NL-ZH,7306.62,Monthly,2023-03-01,2023-03-31,KG,2.919,2.919
Blueberry_AtlasBlue,WHOLESALE,NL-ZH,6816.599999999999,Monthly,2023-04-01,2023-04-30,KG,2.928,2.928
Blueberry_AtlasBlue,WHOLESALE,NL-ZH,7315.45,Monthly,2023-05-01,2023-05-31,KG,2.922,2.922
Blueberry_AtlasBlue,WHOLESALE,NL-ZH,7349.04,Monthly,2023-06-01,2023-06-30,KG,2.924,2.924
Blueberry_AtlasBlue,WHOLESALE,NL-ZH,7048.82,Monthly,2023-07-01,2023-07-31,KG,2.928,2.928
Blueberry_AtlasBlue,WHOLESALE,NL-ZH,8386.54,Monthly,2023-08-01,2023-08-31,KG,2.521,2.521
Blueberry_AtlasBlue,WHOLESALE,NL-ZH,9050.16,Monthly,2023-09-01,2023-09-30,KG,2.496,2.496
Blueberry_AtlasBlue,WHOLESALE,NL-ZH,8566.09,Monthly,2023-10-01,2023-10-31,KG,2.49,2.49
Blueberry_AtlasBlue,WHOLESALE,NL-ZH,7906.34,Monthly,2023-11-01,2023-11-30,KG,2.939,2.939
Blueberry_AtlasBlue,WHOLESALE,NL-ZH,8284.54,Monthly,2023-12-01,2023-12-31,KG,2.939,2.939
Blueberry_AtlasBlue,WHOLESALE,NL-ZH,8602.44,Monthly,2024-01-01,2024-01-31,KG,2.956,2.956
Blueberry_AtlasBlue,WHOLESALE,NL-ZH,7560.68,Monthly,2024-02-01,2024-02-29,KG,2.92,2.92
Blueberry_AtlasBlue,WHOLESALE,NL-ZH,7854.74,Monthly,2024-03-01,2024-03-31,KG,2.936,2.936
Blueberry_AtlasBlue,WHOLESALE,NL-ZH,7058.28,Monthly,2024-04-01,2024-04-30,KG,2.922,2.922
Blueberry_AtlasBlue,WHOLESALE,NL-ZH,6635.4,Monthly,2024-05-01,2024-05-31,KG,2.913,2.913
Blueberry_AtlasBlue,WHOLESALE,NL-ZH,6729.6,Monthly,2024-06-01,2024-06-30,KG,2.964,2.964
Blueberry_AtlasBlue,WHOLESALE,NL-ZH,7262.5,Monthly,2024-07-01,2024-07-31,KG,2.907,2.907
Blueberry_AtlasBlue,WHOLESALE,NL-ZH,8408.99,Monthly,2024-08-01,2024-08-31,KG,2.48,2.48
Blueberry_AtlasBlue,WHOLESALE,NL-ZH,8432.4,Monthly,2024-09-01,2024-09-30,KG,2.459,2.459
Blueberry_AtlasBlue,WHOLESALE,NL-ZH,9340.9,Monthly,2024-10-01,2024-10-31,KG,2.503,2.503
Blueberry_AtlasBlue,WHOLESALE,NL-ZH,8426.44,Monthly,2024-11-01,2024-11-30,KG,2.924,2.924
Blueberry_AtlasBlue,WHOLESALE,NL-ZH,8623.57,Monthly,2024-12-01,2024-12-31,KG,2.902,2.902
Blueberry_AtlasBlue,WHOLESALE,NL-ZH,8395.61,Monthly,2025-01-01,2025-01-31,KG,2.959,2.959
Blueberry_AtlasBlue,WHOLESALE,NL-ZH,7567.58,Monthly,2025-02-01,2025-02-28,KG,2.932,2.932
Blueberry_AtlasBlue,WHOLESALE,NL-ZH,9022.68,Monthly,2025-03-01,2025-03-31,KG,2.935,2.935
Blueberry_AtlasBlue,WHOLESALE,NL-ZH,8036.25,Monthly,2025-04-01,2025-04-30,KG,2.938,2.938
Blueberry_AtlasBlue,WHOLESALE,NL-ZH,7479.4,Monthly,2025-05-01,2025-05-31,KG,2.941,2.941
Blueberry_AtlasBlue,WHOLESALE,NL-ZH,7044.65,Monthly,2025-06-01,2025-06-30,KG,2.932,2.932
Blueberry_AtlasBlue,WHOLESALE,NL-ZH,7583.77,Monthly,2025-07-01,2025-07-31,KG,2.906,2.906
Blueberry_AtlasBlue,WHOLESALE,NL-ZH,8468.15,Monthly,2025-08-01,2025-08-31,KG,2.478,2.478
Blueberry_AtlasBlue,WHOLESALE,NL-ZH,8983.59,Monthly,2025-09-01,2025-09-30,KG,2.509,2.509
Blueberry_AtlasBlue,WHOLESALE,NL-ZH,8814.21,Monthly,2025-10-01,2025-10-31,KG,2.493,2.493
Blueberry_AtlasBlue,WHOLESALE,NL-ZH,8663.0,Monthly,2025-11-01,2025-11-30,KG,2.91,2.91
Blueberry_AtlasBlue,WHOLESALE,NL-ZH,9207.71,Monthly,2025-12-01,2025-12-31,KG,2.952,2.952
Blueberry_AtlasBlue,WHOLESALE,NL-ZH,8264.68,Monthly,2026-01-01,2026-01-31,KG,2.911,2.911
Blueberry_Duke,ONLINE,NL-GE,2969.25,Monthly,2023-02-01,2023-02-28,KG,2.655,2.655
Blueberry_Duke,ONLINE,NL-GE,2878.36,Monthly,2023-03-01,2023-03-31,KG,2.672,2.672
Blueberry_Duke,ONLINE,NL-GE,2793.21,Monthly,2023-04-01,2023-04-30,KG,2.673,2.673
Blueberry_Duke,ONLINE,NL-GE,2871.37,Monthly,2023-05-01,2023-05-31,KG,2.688,2.688
Blueberry_Duke,ONLINE,NL-GE,2928.7,Monthly,2023-06-01,2023-06-30,KG,2.678,2.678
Blueberry_Duke,ONLINE,NL-GE,2926.05,Monthly,2023-07-01,2023-07-31,KG,2.694,2.694
Blueberry_Duke,ONLINE,NL-GE,3340.92,Monthly,2023-08-01,2023-08-31,KG,2.268,2.268
Blueberry_Duke,ONLINE,NL-GE,3783.01,Monthly,2023-09-01,2023-09-30,KG,2.281,2.281
Blueberry_Duke,ONLINE,NL-GE,3650.11,Monthly,2023-10-01,2023-10-31,KG,2.296,2.296
Blueberry_Duke,ONLINE,NL-GE,3288.05,Monthly,2023-11-01,2023-11-30,KG,2.725,2.725
Blueberry_Duke,ONLINE,NL-GE,3291.26,Monthly,2023-12-01,2023-12-31,KG,2.662,2.662
Blueberry_Duke,ONLINE,NL-GE,3372.6000000000004,Monthly,2024-01-01,2024-01-31,KG,2.672,2.672
Blueberry_Duke,ONLINE,NL-GE,2925.38,Monthly,2024-02-01,2024-02-29,KG,2.694,2.694
Blueberry_Duke,ONLINE,NL-GE,3323.83,Monthly,2024-03-01,2024-03-31,KG,2.711,2.711
Blueberry_Duke,ONLINE,NL-GE,2755.91,Monthly,2024-04-01,2024-04-30,KG,2.699,2.699
Blueberry_Duke,ONLINE,NL-GE,2990.52,Monthly,2024-05-01,2024-05-31,KG,2.636,2.636
Blueberry_Duke,ONLINE,NL-GE,2565.21,Monthly,2024-06-01,2024-06-30,KG,2.681,2.681
Blueberry_Duke,ONLINE,NL-GE,3052.5,Monthly,2024-07-01,2024-07-31,KG,2.7,2.7
Blueberry_Duke,ONLINE,NL-GE,3470.76,Monthly,2024-08-01,2024-08-31,KG,2.225,2.225
Blueberry_Duke,ONLINE,NL-GE,3428.58,Monthly,2024-09-01,2024-09-30,KG,2.319,2.319
Blueberry_Duke,ONLINE,NL-GE,3707.27,Monthly,2024-10-01,2024-10-31,KG,2.258,2.258
Blueberry_Duke,ONLINE,NL-GE,3667.61,Monthly,2024-11-01,2024-11-30,KG,2.669,2.669
Blueberry_Duke,ONLINE,NL-GE,3638.15,Monthly,2024-12-01,2024-12-31,KG,2.646,2.646
Blueberry_Duke,ONLINE,NL-GE,3271.6099999999997,Monthly,2025-01-01,2025-01-31,KG,2.67,2.67
Blueberry_Duke,ONLINE,NL-GE,3066.01,Monthly,2025-02-01,2025-02-28,KG,2.646,2.646
Blueberry_Duke,ONLINE,NL-GE,3649.5199999999995,Monthly,2025-03-01,2025-03-31,KG,2.7,2.7
Blueberry_Duke,ONLINE,NL-GE,3256.23,Monthly,2025-04-01,2025-04-30,KG,2.677,2.677
Blueberry_Duke,ONLINE,NL-GE,3136.59,Monthly,2025-05-01,2025-05-31,KG,2.705,2.705
Blueberry_Duke,ONLINE,NL-GE,2875.61,Monthly,2025-06-01,2025-06-30,KG,2.692,2.692
Blueberry_Duke,ONLINE,NL-GE,3141.21,Monthly,2025-07-01,2025-07-31,KG,2.69,2.69
Blueberry_Duke,ONLINE,NL-GE,3471.26,Monthly,2025-08-01,2025-08-31,KG,2.276,2.276
Blueberry_Duke,ONLINE,NL-GE,3471.2200000000003,Monthly,2025-09-01,2025-09-30,KG,2.261,2.261
Blueberry_Duke,ONLINE,NL-GE,3707.51,Monthly,2025-10-01,2025-10-31,KG,2.303,2.303
Blueberry_Duke,ONLINE,NL-GE,3632.05,Monthly,2025-11-01,2025-11-30,KG,2.669,2.669
Blueberry_Duke,ONLINE,NL-GE,3700.7200000000003,Monthly,2025-12-01,2025-12-31,KG,2.7,2.7
Blueberry_Duke,ONLINE,NL-GE,3272.45,Monthly,2026-01-01,2026-01-31,KG,2.665,2.665
Blueberry_Duke,ONLINE,NL-NB,3125.41,Monthly,2023-02-01,2023-02-28,KG,2.757,2.757
Blueberry_Duke,ONLINE,NL-NB,3095.62,Monthly,2023-03-01,2023-03-31,KG,2.771,2.771
Blueberry_Duke,ONLINE,NL-NB,2869.84,Monthly,2023-04-01,2023-04-30,KG,2.782,2.782
Blueberry_Duke,ONLINE,NL-NB,3074.64,Monthly,2023-05-01,2023-05-31,KG,2.751,2.751
Blueberry_Duke,ONLINE,NL-NB,3124.8500000000004,Monthly,2023-06-01,2023-06-30,KG,2.768,2.768
Blueberry_Duke,ONLINE,NL-NB,3001.1099999999997,Monthly,2023-07-01,2023-07-31,KG,2.787,2.787
Blueberry_Duke,ONLINE,NL-NB,3464.83,Monthly,2023-08-01,2023-08-31,KG,2.378,2.378
Blueberry_Duke,ONLINE,NL-NB,3876.72,Monthly,2023-09-01,2023-09-30,KG,2.347,2.347
Blueberry_Duke,ONLINE,NL-NB,3776.8500000000004,Monthly,2023-10-01,2023-10-31,KG,2.362,2.362
Blueberry_Duke,ONLINE,NL-NB,3490.45,Monthly,2023-11-01,2023-11-30,KG,2.78,2.78
Blueberry_Duke,ONLINE,NL-NB,3587.94,Monthly,2023-12-01,2023-12-31,KG,2.777,2.777
Blueberry_Duke,ONLINE,NL-NB,3558.44,Monthly,2024-01-01,2024-01-31,KG,2.746,2.746
Blueberry_Duke,ONLINE,NL-NB,3116.3,Monthly,2024-02-01,2024-02-29,KG,2.755,2.755
Blueberry_Duke,ONLINE,NL-NB,3440.79,Monthly,2024-03-01,2024-03-31,KG,2.789,2.789
Blueberry_Duke,ONLINE,NL-NB,2909.49,Monthly,2024-04-01,2024-04-30,KG,2.76,2.76
Blueberry_Duke,ONLINE,NL-NB,2803.59,Monthly,2024-05-01,2024-05-31,KG,2.785,2.785
Blueberry_Duke,ONLINE,NL-NB,2797.58,Monthly,2024-06-01,2024-06-30,KG,2.791,2.791
Blueberry_Duke,ONLINE,NL-NB,3135.7,Monthly,2024-07-01,2024-07-31,KG,2.743,2.743
Blueberry_Duke,ONLINE,NL-NB,3574.05,Monthly,2024-08-01,2024-08-31,KG,2.389,2.389
Blueberry_Duke,ONLINE,NL-NB,3611.25,Monthly,2024-09-01,2024-09-30,KG,2.36,2.36
Blueberry_Duke,ONLINE,NL-NB,3937.2700000000004,Monthly,2024-10-01,2024-10-31,KG,2.363,2.363
Blueberry_Duke,ONLINE,NL-NB,3618.3999999999996,Monthly,2024-11-01,2024-11-30,KG,2.758,2.758
Blueberry_Duke,ONLINE,NL-NB,3433.7299999999996,Monthly,2024-12-01,2024-12-31,KG,2.787,2.787
Blueberry_Duke,ONLINE,NL-NB,3409.2,Monthly,2025-01-01,2025-01-31,KG,2.746,2.746
Blueberry_Duke,ONLINE,NL-NB,3095.92,Monthly,2025-02-01,2025-02-28,KG,2.767,2.767
Blueberry_Duke,ONLINE,NL-NB,3779.05,Monthly,2025-03-01,2025-03-31,KG,2.753,2.753
Blueberry_Duke,ONLINE,NL-NB,3305.05,Monthly,2025-04-01,2025-04-30,KG,2.761,2.761
Blueberry_Duke,ONLINE,NL-NB,3341.11,Monthly,2025-05-01,2025-05-31,KG,2.749,2.749
Blueberry_Duke,ONLINE,NL-NB,2906.96,Monthly,2025-06-01,2025-06-30,KG,2.747,2.747
Blueberry_Duke,ONLINE,NL-NB,3323.05,Monthly,2025-07-01,2025-07-31,KG,2.762,2.762
Blueberry_Duke,ONLINE,NL-NB,3647.4700000000003,Monthly,2025-08-01,2025-08-31,KG,2.343,2.343
Blueberry_Duke,ONLINE,NL-NB,3782.9700000000003,Monthly,2025-09-01,2025-09-30,KG,2.346,2.346
Blueberry_Duke,ONLINE,NL-NB,3878.87,Monthly,2025-10-01,2025-10-31,KG,2.344,2.344
Blueberry_Duke,ONLINE,NL-NB,3839.4700000000003,Monthly,2025-11-01,2025-11-30,KG,2.765,2.765
Blueberry_Duke,ONLINE,NL-NB,3803.49,Monthly,2025-12-01,2025-12-31,KG,2.772,2.772
Blueberry_Duke,ONLINE,NL-NB,3535.01,Monthly,2026-01-01,2026-01-31,KG,2.751,2.751
Blueberry_Duke,ONLINE,NL-NH,3157.3,Monthly,2023-02-01,2023-02-28,KG,2.838,2.838
Blueberry_Duke,ONLINE,NL-NH,3144.91,Monthly,2023-03-01,2023-03-31,KG,2.862,2.862
Blueberry_Duke,ONLINE,NL-NH,2911.7,Monthly,2023-04-01,2023-04-30,KG,2.824,2.824
Blueberry_Duke,ONLINE,NL-NH,3127.51,Monthly,2023-05-01,2023-05-31,KG,2.858,2.858
Blueberry_Duke,ONLINE,NL-NH,3144.71,Monthly,2023-06-01,2023-06-30,KG,2.823,2.823
Blueberry_Duke,ONLINE,NL-NH,3095.52,Monthly,2023-07-01,2023-07-31,KG,2.845,2.845
Blueberry_Duke,ONLINE,NL-NH,3561.44,Monthly,2023-08-01,2023-08-31,KG,2.429,2.429
Blueberry_Duke,ONLINE,NL-NH,3947.29,Monthly,2023-09-01,2023-09-30,KG,2.409,2.409
Blueberry_Duke,ONLINE,NL-NH,3678.28,Monthly,2023-10-01,2023-10-31,KG,2.414,2.414
Blueberry_Duke,ONLINE,NL-NH,3468.0,Monthly,2023-11-01,2023-11-30,KG,2.858,2.858
Blueberry_Duke,ONLINE,NL-NH,3609.2,Monthly,2023-12-01,2023-12-31,KG,2.837,2.837
Blueberry_Duke,ONLINE,NL-NH,3698.11,Monthly,2024-01-01,2024-01-31,KG,2.848,2.848
Blueberry_Duke,ONLINE,NL-NH,3201.81,Monthly,2024-02-01,2024-02-29,KG,2.86,2.86
Blueberry_Duke,ONLINE,NL-NH,3455.68,Monthly,2024-03-01,2024-03-31,KG,2.806,2.806
Blueberry_Duke,ONLINE,NL-NH,3045.6400000000003,Monthly,2024-04-01,2024-04-30,KG,2.851,2.851
Blueberry_Duke,ONLINE,NL-NH,3028.33,Monthly,2024-05-01,2024-05-31,KG,2.826,2.826
Blueberry_Duke,ONLINE,NL-NH,2864.44,Monthly,2024-06-01,2024-06-30,KG,2.865,2.865
Blueberry_Duke,ONLINE,NL-NH,3089.3,Monthly,2024-07-01,2024-07-31,KG,2.824,2.824
Blueberry_Duke,ONLINE,NL-NH,3707.9300000000003,Monthly,2024-08-01,2024-08-31,KG,2.445,2.445
Blueberry_Duke,ONLINE,NL-NH,3594.92,Monthly,2024-09-01,2024-09-30,KG,2.453,2.453
Blueberry_Duke,ONLINE,NL-NH,4188.360000000001,Monthly,2024-10-01,2024-10-31,KG,2.42,2.42
Blueberry_Duke,ONLINE,NL-NH,3670.2200000000003,Monthly,2024-11-01,2024-11-30,KG,2.879,2.879
Blueberry_Duke,ONLINE,NL-NH,3862.65,Monthly,2024-12-01,2024-12-31,KG,2.855,2.855
Blueberry_Duke,ONLINE,NL-NH,3501.46,Monthly,2025-01-01,2025-01-31,KG,2.854,2.854
Blueberry_Duke,ONLINE,NL-NH,3146.51,Monthly,2025-02-01,2025-02-28,KG,2.844,2.844
Blueberry_Duke,ONLINE,NL-NH,3864.4399999999996,Monthly,2025-03-01,2025-03-31,KG,2.858,2.858
Blueberry_Duke,ONLINE,NL-NH,3366.04,Monthly,2025-04-01,2025-04-30,KG,2.829,2.829
Blueberry_Duke,ONLINE,NL-NH,3339.03,Monthly,2025-05-01,2025-05-31,KG,2.873,2.873
Blueberry_Duke,ONLINE,NL-NH,2978.48,Monthly,2025-06-01,2025-06-30,KG,2.849,2.849
Blueberry_Duke,ONLINE,NL-NH,3268.93,Monthly,2025-07-01,2025-07-31,KG,2.833,2.833
Blueberry_Duke,ONLINE,NL-NH,3764.1400000000003,Monthly,2025-08-01,2025-08-31,KG,2.414,2.414
Blueberry_Duke,ONLINE,NL-NH,3688.0600000000004,Monthly,2025-09-01,2025-09-30,KG,2.449,2.449
Blueberry_Duke,ONLINE,NL-NH,3802.02,Monthly,2025-10-01,2025-10-31,KG,2.426,2.426
Blueberry_Duke,ONLINE,NL-NH,3854.24,Monthly,2025-11-01,2025-11-30,KG,2.822,2.822
Blueberry_Duke,ONLINE,NL-NH,4060.62,Monthly,2025-12-01,2025-12-31,KG,2.834,2.834
Blueberry_Duke,ONLINE,NL-NH,3488.92,Monthly,2026-01-01,2026-01-31,KG,2.83,2.83
Blueberry_Duke,ONLINE,NL-ZH,3306.62,Monthly,2023-02-01,2023-02-28,KG,2.917,2.917
Blueberry_Duke,ONLINE,NL-ZH,3186.8199999999997,Monthly,2023-03-01,2023-03-31,KG,2.947,2.947
Blueberry_Duke,ONLINE,NL-ZH,2991.43,Monthly,2023-04-01,2023-04-30,KG,2.885,2.885
Blueberry_Duke,ONLINE,NL-ZH,3218.7200000000003,Monthly,2023-05-01,2023-05-31,KG,2.967,2.967
Blueberry_Duke,ONLINE,NL-ZH,3277.4700000000003,Monthly,2023-06-01,2023-06-30,KG,2.942,2.942
Blueberry_Duke,ONLINE,NL-ZH,3228.38,Monthly,2023-07-01,2023-07-31,KG,2.937,2.937
Blueberry_Duke,ONLINE,NL-ZH,3639.8500000000004,Monthly,2023-08-01,2023-08-31,KG,2.511,2.511
Blueberry_Duke,ONLINE,NL-ZH,4022.13,Monthly,2023-09-01,2023-09-30,KG,2.542,2.542
Blueberry_Duke,ONLINE,NL-ZH,3965.1099999999997,Monthly,2023-10-01,2023-10-31,KG,2.497,2.497
Blueberry_Duke,ONLINE,NL-ZH,3525.73,Monthly,2023-11-01,2023-11-30,KG,2.937,2.937
Blueberry_Duke,ONLINE,NL-ZH,3805.62,Monthly,2023-12-01,2023-12-31,KG,2.963,2.963
Blueberry_Duke,ONLINE,NL-ZH,3837.62,Monthly,2024-01-01,2024-01-31,KG,2.927,2.927
Blueberry_Duke,ONLINE,NL-ZH,3266.06,Monthly,2024-02-01,2024-02-29,KG,2.937,2.937
Blueberry_Duke,ONLINE,NL-ZH,3537.49,Monthly,2024-03-01,2024-03-31,KG,2.961,2.961
Blueberry_Duke,ONLINE,NL-ZH,3025.97,Monthly,2024-04-01,2024-04-30,KG,2.884,2.884
Blueberry_Duke,ONLINE,NL-ZH,3168.21,Monthly,2024-05-01,2024-05-31,KG,2.933,2.933
Blueberry_Duke,ONLINE,NL-ZH,3032.48,Monthly,2024-06-01,2024-06-30,KG,2.927,2.927
Blueberry_Duke,ONLINE,NL-ZH,3178.9799999999996,Monthly,2024-07-01,2024-07-31,KG,2.941,2.941
Blueberry_Duke,ONLINE,NL-ZH,3880.43,Monthly,2024-08-01,2024-08-31,KG,2.476,2.476
Blueberry_Duke,ONLINE,NL-ZH,3777.25,Monthly,2024-09-01,2024-09-30,KG,2.478,2.478
Blueberry_Duke,ONLINE,NL-ZH,4160.57,Monthly,2024-10-01,2024-10-31,KG,2.509,2.509
Blueberry_Duke,ONLINE,NL-ZH,3830.04,Monthly,2024-11-01,2024-11-30,KG,2.894,2.894
Blueberry_Duke,ONLINE,NL-ZH,3838.5,Monthly,2024-12-01,2024-12-31,KG,2.969,2.969
Blueberry_Duke,ONLINE,NL-ZH,3687.9700000000003,Monthly,2025-01-01,2025-01-31,KG,2.917,2.917
Blueberry_Duke,ONLINE,NL-ZH,3422.33,Monthly,2025-02-01,2025-02-28,KG,2.946,2.946
Blueberry_Duke,ONLINE,NL-ZH,3904.95,Monthly,2025-03-01,2025-03-31,KG,2.925,2.925
Blueberry_Duke,ONLINE,NL-ZH,3717.34,Monthly,2025-04-01,2025-04-30,KG,2.926,2.926
Blueberry_Duke,ONLINE,NL-ZH,3411.88,Monthly,2025-05-01,2025-05-31,KG,2.931,2.931
Blueberry_Duke,ONLINE,NL-ZH,3131.5,Monthly,2025-06-01,2025-06-30,KG,2.908,2.908
Blueberry_Duke,ONLINE,NL-ZH,3338.3900000000003,Monthly,2025-07-01,2025-07-31,KG,2.938,2.938
Blueberry_Duke,ONLINE,NL-ZH,3721.83,Monthly,2025-08-01,2025-08-31,KG,2.506,2.506
Blueberry_Duke,ONLINE,NL-ZH,4156.12,Monthly,2025-09-01,2025-09-30,KG,2.489,2.489
Blueberry_Duke,ONLINE,NL-ZH,3963.25,Monthly,2025-10-01,2025-10-31,KG,2.493,2.493
Blueberry_Duke,ONLINE,NL-ZH,3980.3599999999997,Monthly,2025-11-01,2025-11-30,KG,2.934,2.934
Blueberry_Duke,ONLINE,NL-ZH,4182.71,Monthly,2025-12-01,2025-12-31,KG,2.9,2.9
Blueberry_Duke,ONLINE,NL-ZH,3763.15,Monthly,2026-01-01,2026-01-31,KG,2.953,2.953
Blueberry_Duke,RETAIL,NL-GE,5994.38,Monthly,2023-02-01,2023-02-28,KG,2.677,2.677
Blueberry_Duke,RETAIL,NL-GE,5876.8099999999995,Monthly,2023-03-01,2023-03-31,KG,2.662,2.662
Blueberry_Duke,RETAIL,NL-GE,5551.87,Monthly,2023-04-01,2023-04-30,KG,2.666,2.666
Blueberry_Duke,RETAIL,NL-GE,5894.96,Monthly,2023-05-01,2023-05-31,KG,2.682,2.682
Blueberry_Duke,RETAIL,NL-GE,5783.02,Monthly,2023-06-01,2023-06-30,KG,2.681,2.681
Blueberry_Duke,RETAIL,NL-GE,5900.8099999999995,Monthly,2023-07-01,2023-07-31,KG,2.674,2.674
Blueberry_Duke,RETAIL,NL-GE,6472.39,Monthly,2023-08-01,2023-08-31,KG,2.257,2.257
Blueberry_Duke,RETAIL,NL-GE,7465.950000000001,Monthly,2023-09-01,2023-09-30,KG,2.285,2.285
Blueberry_Duke,RETAIL,NL-GE,7091.030000000001,Monthly,2023-10-01,2023-10-31,KG,2.272,2.272
Blueberry_Duke,RETAIL,NL-GE,6435.59,Monthly,2023-11-01,2023-11-30,KG,2.687,2.687
Blueberry_Duke,RETAIL,NL-GE,6721.32,Monthly,2023-12-01,2023-12-31,KG,2.657,2.657
Blueberry_Duke,RETAIL,NL-GE,6826.6900000000005,Monthly,2024-01-01,2024-01-31,KG,2.688,2.688
Blueberry_Duke,RETAIL,NL-GE,5678.12,Monthly,2024-02-01,2024-02-29,KG,2.705,2.705
Blueberry_Duke,RETAIL,NL-GE,6564.57,Monthly,2024-03-01,2024-03-31,KG,2.664,2.664
Blueberry_Duke,RETAIL,NL-GE,5779.9,Monthly,2024-04-01,2024-04-30,KG,2.678,2.678
Blueberry_Duke,RETAIL,NL-GE,5570.49,Monthly,2024-05-01,2024-05-31,KG,2.669,2.669
Blueberry_Duke,RETAIL,NL-GE,5483.59,Monthly,2024-06-01,2024-06-30,KG,2.694,2.694
Blueberry_Duke,RETAIL,NL-GE,5962.29,Monthly,2024-07-01,2024-07-31,KG,2.687,2.687
Blueberry_Duke,RETAIL,NL-GE,6915.15,Monthly,2024-08-01,2024-08-31,KG,2.28,2.28
Blueberry_Duke,RETAIL,NL-GE,7099.15,Monthly,2024-09-01,2024-09-30,KG,2.277,2.277
Blueberry_Duke,RETAIL,NL-GE,7321.4400000000005,Monthly,2024-10-01,2024-10-31,KG,2.282,2.282
Blueberry_Duke,RETAIL,NL-GE,6762.63,Monthly,2024-11-01,2024-11-30,KG,2.686,2.686
Blueberry_Duke,RETAIL,NL-GE,6722.62,Monthly,2024-12-01,2024-12-31,KG,2.643,2.643
Blueberry_Duke,RETAIL,NL-GE,6734.98,Monthly,2025-01-01,2025-01-31,KG,2.678,2.678
Blueberry_Duke,RETAIL,NL-GE,6138.59,Monthly,2025-02-01,2025-02-28,KG,2.679,2.679
Blueberry_Duke,RETAIL,NL-GE,7357.83,Monthly,2025-03-01,2025-03-31,KG,2.689,2.689
Blueberry_Duke,RETAIL,NL-GE,6455.84,Monthly,2025-04-01,2025-04-30,KG,2.683,2.683
Blueberry_Duke,RETAIL,NL-GE,6144.42,Monthly,2025-05-01,2025-05-31,KG,2.652,2.652
Blueberry_Duke,RETAIL,NL-GE,5593.85,Monthly,2025-06-01,2025-06-30,KG,2.672,2.672
Blueberry_Duke,RETAIL,NL-GE,6337.72,Monthly,2025-07-01,2025-07-31,KG,2.677,2.677
Blueberry_Duke,RETAIL,NL-GE,7006.83,Monthly,2025-08-01,2025-08-31,KG,2.3,2.3
Blueberry_Duke,RETAIL,NL-GE,6852.48,Monthly,2025-09-01,2025-09-30,KG,2.288,2.288
Blueberry_Duke,RETAIL,NL-GE,7160.610000000001,Monthly,2025-10-01,2025-10-31,KG,2.27,2.27
Blueberry_Duke,RETAIL,NL-GE,7264.57,Monthly,2025-11-01,2025-11-30,KG,2.672,2.672
Blueberry_Duke,RETAIL,NL-GE,7624.7300000000005,Monthly,2025-12-01,2025-12-31,KG,2.632,2.632
Blueberry_Duke,RETAIL,NL-GE,6876.41,Monthly,2026-01-01,2026-01-31,KG,2.668,2.668
Blueberry_Duke,RETAIL,NL-NB,6135.3099999999995,Monthly,2023-02-01,2023-02-28,KG,2.765,2.765
Blueberry_Duke,RETAIL,NL-NB,6297.49,Monthly,2023-03-01,2023-03-31,KG,2.794,2.794
Blueberry_Duke,RETAIL,NL-NB,5821.13,Monthly,2023-04-01,2023-04-30,KG,2.761,2.761
Blueberry_Duke,RETAIL,NL-NB,6141.85,Monthly,2023-05-01,2023-05-31,KG,2.735,2.735
Blueberry_Duke,RETAIL,NL-NB,6213.58,Monthly,2023-06-01,2023-06-30,KG,2.739,2.739
Blueberry_Duke,RETAIL,NL-NB,6046.67,Monthly,2023-07-01,2023-07-31,KG,2.752,2.752
Blueberry_Duke,RETAIL,NL-NB,6742.51,Monthly,2023-08-01,2023-08-31,KG,2.338,2.338
Blueberry_Duke,RETAIL,NL-NB,7637.76,Monthly,2023-09-01,2023-09-30,KG,2.337,2.337
Blueberry_Duke,RETAIL,NL-NB,7353.29,Monthly,2023-10-01,2023-10-31,KG,2.334,2.334
Blueberry_Duke,RETAIL,NL-NB,6817.02,Monthly,2023-11-01,2023-11-30,KG,2.771,2.771
Blueberry_Duke,RETAIL,NL-NB,7146.83,Monthly,2023-12-01,2023-12-31,KG,2.766,2.766
Blueberry_Duke,RETAIL,NL-NB,6891.5,Monthly,2024-01-01,2024-01-31,KG,2.797,2.797
Blueberry_Duke,RETAIL,NL-NB,6042.59,Monthly,2024-02-01,2024-02-29,KG,2.777,2.777
Blueberry_Duke,RETAIL,NL-NB,6763.34,Monthly,2024-03-01,2024-03-31,KG,2.76,2.76
Blueberry_Duke,RETAIL,NL-NB,5703.469999999999,Monthly,2024-04-01,2024-04-30,KG,2.766,2.766
Blueberry_Duke,RETAIL,NL-NB,5663.42,Monthly,2024-05-01,2024-05-31,KG,2.743,2.743
Blueberry_Duke,RETAIL,NL-NB,5801.31,Monthly,2024-06-01,2024-06-30,KG,2.736,2.736
Blueberry_Duke,RETAIL,NL-NB,5961.72,Monthly,2024-07-01,2024-07-31,KG,2.777,2.777
Blueberry_Duke,RETAIL,NL-NB,7175.14,Monthly,2024-08-01,2024-08-31,KG,2.388,2.388
Blueberry_Duke,RETAIL,NL-NB,7282.64,Monthly,2024-09-01,2024-09-30,KG,2.325,2.325
Blueberry_Duke,RETAIL,NL-NB,7551.5599999999995,Monthly,2024-10-01,2024-10-31,KG,2.334,2.334
Blueberry_Duke,RETAIL,NL-NB,7108.76,Monthly,2024-11-01,2024-11-30,KG,2.731,2.731
Blueberry_Duke,RETAIL,NL-NB,7381.41,Monthly,2024-12-01,2024-12-31,KG,2.745,2.745
Blueberry_Duke,RETAIL,NL-NB,6720.8099999999995,Monthly,2025-01-01,2025-01-31,KG,2.763,2.763
Blueberry_Duke,RETAIL,NL-NB,6260.889999999999,Monthly,2025-02-01,2025-02-28,KG,2.781,2.781
Blueberry_Duke,RETAIL,NL-NB,7067.77,Monthly,2025-03-01,2025-03-31,KG,2.772,2.772
Blueberry_Duke,RETAIL,NL-NB,6682.08,Monthly,2025-04-01,2025-04-30,KG,2.788,2.788
Blueberry_Duke,RETAIL,NL-NB,6309.219999999999,Monthly,2025-05-01,2025-05-31,KG,2.78,2.78
Blueberry_Duke,RETAIL,NL-NB,6026.2,Monthly,2025-06-01,2025-06-30,KG,2.737,2.737
Blueberry_Duke,RETAIL,NL-NB,6573.68,Monthly,2025-07-01,2025-07-31,KG,2.742,2.742
Blueberry_Duke,RETAIL,NL-NB,7108.9,Monthly,2025-08-01,2025-08-31,KG,2.307,2.307
Blueberry_Duke,RETAIL,NL-NB,7812.7,Monthly,2025-09-01,2025-09-30,KG,2.352,2.352
Blueberry_Duke,RETAIL,NL-NB,7082.88,Monthly,2025-10-01,2025-10-31,KG,2.362,2.362
Blueberry_Duke,RETAIL,NL-NB,7602.97,Monthly,2025-11-01,2025-11-30,KG,2.797,2.797
Blueberry_Duke,RETAIL,NL-NB,7631.3,Monthly,2025-12-01,2025-12-31,KG,2.716,2.716
Blueberry_Duke,RETAIL,NL-NB,7045.4400000000005,Monthly,2026-01-01,2026-01-31,KG,2.727,2.727
Blueberry_Duke,RETAIL,NL-NH,6417.16,Monthly,2023-02-01,2023-02-28,KG,2.848,2.848
Blueberry_Duke,RETAIL,NL-NH,6276.29,Monthly,2023-03-01,2023-03-31,KG,2.88,2.88
Blueberry_Duke,RETAIL,NL-NH,5977.77,Monthly,2023-04-01,2023-04-30,KG,2.824,2.824
Blueberry_Duke,RETAIL,NL-NH,6062.02,Monthly,2023-05-01,2023-05-31,KG,2.867,2.867
Blueberry_Duke,RETAIL,NL-NH,6477.01,Monthly,2023-06-01,2023-06-30,KG,2.828,2.828
Blueberry_Duke,RETAIL,NL-NH,6169.51,Monthly,2023-07-01,2023-07-31,KG,2.852,2.852
Blueberry_Duke,RETAIL,NL-NH,6921.889999999999,Monthly,2023-08-01,2023-08-31,KG,2.448,2.448
Blueberry_Duke,RETAIL,NL-NH,7712.02,Monthly,2023-09-01,2023-09-30,KG,2.421,2.421
Blueberry_Duke,RETAIL,NL-NH,7423.65,Monthly,2023-10-01,2023-10-31,KG,2.416,2.416
Blueberry_Duke,RETAIL,NL-NH,6752.99,Monthly,2023-11-01,2023-11-30,KG,2.836,2.836
Blueberry_Duke,RETAIL,NL-NH,7203.28,Monthly,2023-12-01,2023-12-31,KG,2.868,2.868
Blueberry_Duke,RETAIL,NL-NH,7239.09,Monthly,2024-01-01,2024-01-31,KG,2.844,2.844
Blueberry_Duke,RETAIL,NL-NH,6312.23,Monthly,2024-02-01,2024-02-29,KG,2.847,2.847
Blueberry_Duke,RETAIL,NL-NH,6853.88,Monthly,2024-03-01,2024-03-31,KG,2.885,2.885
Blueberry_Duke,RETAIL,NL-NH,5909.4400000000005,Monthly,2024-04-01,2024-04-30,KG,2.879,2.879
Blueberry_Duke,RETAIL,NL-NH,6186.83,Monthly,2024-05-01,2024-05-31,KG,2.818,2.818
Blueberry_Duke,RETAIL,NL-NH,6067.139999999999,Monthly,2024-06-01,2024-06-30,KG,2.82,2.82
Blueberry_Duke,RETAIL,NL-NH,5957.99,Monthly,2024-07-01,2024-07-31,KG,2.826,2.826
Blueberry_Duke,RETAIL,NL-NH,7525.42,Monthly,2024-08-01,2024-08-31,KG,2.43,2.43
Blueberry_Duke,RETAIL,NL-NH,7231.35,Monthly,2024-09-01,2024-09-30,KG,2.428,2.428
Blueberry_Duke,RETAIL,NL-NH,8345.34,Monthly,2024-10-01,2024-10-31,KG,2.384,2.384
Blueberry_Duke,RETAIL,NL-NH,7235.41,Monthly,2024-11-01,2024-11-30,KG,2.864,2.864
Blueberry_Duke,RETAIL,NL-NH,7405.17,Monthly,2024-12-01,2024-12-31,KG,2.867,2.867
Blueberry_Duke,RETAIL,NL-NH,7176.4400000000005,Monthly,2025-01-01,2025-01-31,KG,2.841,2.841
Blueberry_Duke,RETAIL,NL-NH,6318.52,Monthly,2025-02-01,2025-02-28,KG,2.85,2.85
Blueberry_Duke,RETAIL,NL-NH,7470.99,Monthly,2025-03-01,2025-03-31,KG,2.838,2.838
Blueberry_Duke,RETAIL,NL-NH,6817.219999999999,Monthly,2025-04-01,2025-04-30,KG,2.856,2.856
Blueberry_Duke,RETAIL,NL-NH,6554.05,Monthly,2025-05-01,2025-05-31,KG,2.844,2.844
Blueberry_Duke,RETAIL,NL-NH,5921.39,Monthly,2025-06-01,2025-06-30,KG,2.867,2.867
Blueberry_Duke,RETAIL,NL-NH,6148.34,Monthly,2025-07-01,2025-07-31,KG,2.812,2.812
Blueberry_Duke,RETAIL,NL-NH,7312.25,Monthly,2025-08-01,2025-08-31,KG,2.425,2.425
Blueberry_Duke,RETAIL,NL-NH,7232.16,Monthly,2025-09-01,2025-09-30,KG,2.411,2.411
Blueberry_Duke,RETAIL,NL-NH,7588.6,Monthly,2025-10-01,2025-10-31,KG,2.437,2.437
Blueberry_Duke,RETAIL,NL-NH,7677.99,Monthly,2025-11-01,2025-11-30,KG,2.837,2.837
Blueberry_Duke,RETAIL,NL-NH,7621.84,Monthly,2025-12-01,2025-12-31,KG,2.853,2.853
Blueberry_Duke,RETAIL,NL-NH,6909.58,Monthly,2026-01-01,2026-01-31,KG,2.818,2.818
Blueberry_Duke,RETAIL,NL-ZH,6526.04,Monthly,2023-02-01,2023-02-28,KG,2.954,2.954
Blueberry_Duke,RETAIL,NL-ZH,6291.05,Monthly,2023-03-01,2023-03-31,KG,2.932,2.932
Blueberry_Duke,RETAIL,NL-ZH,6214.38,Monthly,2023-04-01,2023-04-30,KG,2.948,2.948
Blueberry_Duke,RETAIL,NL-ZH,6182.18,Monthly,2023-05-01,2023-05-31,KG,2.934,2.934
Blueberry_Duke,RETAIL,NL-ZH,6458.82,Monthly,2023-06-01,2023-06-30,KG,2.934,2.934
Blueberry_Duke,RETAIL,NL-ZH,6573.110000000001,Monthly,2023-07-01,2023-07-31,KG,2.949,2.949
Blueberry_Duke,RETAIL,NL-ZH,7033.93,Monthly,2023-08-01,2023-08-31,KG,2.521,2.521
Blueberry_Duke,RETAIL,NL-ZH,8205.14,Monthly,2023-09-01,2023-09-30,KG,2.471,2.471
Blueberry_Duke,RETAIL,NL-ZH,7535.77,Monthly,2023-10-01,2023-10-31,KG,2.453,2.453
Blueberry_Duke,RETAIL,NL-ZH,7249.780000000001,Monthly,2023-11-01,2023-11-30,KG,2.936,2.936
Blueberry_Duke,RETAIL,NL-ZH,7513.9,Monthly,2023-12-01,2023-12-31,KG,2.911,2.911
Blueberry_Duke,RETAIL,NL-ZH,7530.85,Monthly,2024-01-01,2024-01-31,KG,2.957,2.957
Blueberry_Duke,RETAIL,NL-ZH,6593.0599999999995,Monthly,2024-02-01,2024-02-29,KG,2.94,2.94
Blueberry_Duke,RETAIL,NL-ZH,6953.780000000001,Monthly,2024-03-01,2024-03-31,KG,2.922,2.922
Blueberry_Duke,RETAIL,NL-ZH,6213.79,Monthly,2024-04-01,2024-04-30,KG,2.919,2.919
Blueberry_Duke,RETAIL,NL-ZH,6057.51,Monthly,2024-05-01,2024-05-31,KG,2.93,2.93
Blueberry_Duke,RETAIL,NL-ZH,5803.03,Monthly,2024-06-01,2024-06-30,KG,2.907,2.907
Blueberry_Duke,RETAIL,NL-ZH,6346.62,Monthly,2024-07-01,2024-07-31,KG,2.902,2.902
Blueberry_Duke,RETAIL,NL-ZH,7844.4400000000005,Monthly,2024-08-01,2024-08-31,KG,2.496,2.496
Blueberry_Duke,RETAIL,NL-ZH,7353.52,Monthly,2024-09-01,2024-09-30,KG,2.486,2.486
Blueberry_Duke,RETAIL,NL-ZH,8289.05,Monthly,2024-10-01,2024-10-31,KG,2.498,2.498
Blueberry_Duke,RETAIL,NL-ZH,7518.93,Monthly,2024-11-01,2024-11-30,KG,2.935,2.935
Blueberry_Duke,RETAIL,NL-ZH,7555.33,Monthly,2024-12-01,2024-12-31,KG,2.942,2.942
Blueberry_Duke,RETAIL,NL-ZH,7148.4,Monthly,2025-01-01,2025-01-31,KG,2.95,2.95
Blueberry_Duke,RETAIL,NL-ZH,6645.6900000000005,Monthly,2025-02-01,2025-02-28,KG,2.922,2.922
Blueberry_Duke,RETAIL,NL-ZH,7927.8,Monthly,2025-03-01,2025-03-31,KG,2.937,2.937
Blueberry_Duke,RETAIL,NL-ZH,7180.08,Monthly,2025-04-01,2025-04-30,KG,2.904,2.904
Blueberry_Duke,RETAIL,NL-ZH,6889.7300000000005,Monthly,2025-05-01,2025-05-31,KG,2.955,2.955
Blueberry_Duke,RETAIL,NL-ZH,6384.83,Monthly,2025-06-01,2025-06-30,KG,2.922,2.922
Blueberry_Duke,RETAIL,NL-ZH,6691.76,Monthly,2025-07-01,2025-07-31,KG,2.902,2.902
Blueberry_Duke,RETAIL,NL-ZH,7631.22,Monthly,2025-08-01,2025-08-31,KG,2.531,2.531
Blueberry_Duke,RETAIL,NL-ZH,7671.52,Monthly,2025-09-01,2025-09-30,KG,2.485,2.485
Blueberry_Duke,RETAIL,NL-ZH,7954.5599999999995,Monthly,2025-10-01,2025-10-31,KG,2.499,2.499
Blueberry_Duke,RETAIL,NL-ZH,7757.049999999999,Monthly,2025-11-01,2025-11-30,KG,2.951,2.951
Blueberry_Duke,RETAIL,NL-ZH,8209.65,Monthly,2025-12-01,2025-12-31,KG,2.946,2.946
Blueberry_Duke,RETAIL,NL-ZH,7317.46,Monthly,2026-01-01,2026-01-31,KG,2.927,2.927
Blueberry_Duke,WHOLESALE,NL-GE,5058.07,Monthly,2023-02-01,2023-02-28,KG,2.684,2.684
Blueberry_Duke,WHOLESALE,NL-GE,5147.41,Monthly,2023-03-01,2023-03-31,KG,2.684,2.684
Blueberry_Duke,WHOLESALE,NL-GE,4865.95,Monthly,2023-04-01,2023-04-30,KG,2.692,2.692
Blueberry_Duke,WHOLESALE,NL-GE,5097.32,Monthly,2023-05-01,2023-05-31,KG,2.67,2.67
Blueberry_Duke,WHOLESALE,NL-GE,5162.62,Monthly,2023-06-01,2023-06-30,KG,2.701,2.701
Blueberry_Duke,WHOLESALE,NL-GE,5125.79,Monthly,2023-07-01,2023-07-31,KG,2.668,2.668
Blueberry_Duke,WHOLESALE,NL-GE,5585.93,Monthly,2023-08-01,2023-08-31,KG,2.282,2.282
Blueberry_Duke,WHOLESALE,NL-GE,6431.32,Monthly,2023-09-01,2023-09-30,KG,2.276,2.276
Blueberry_Duke,WHOLESALE,NL-GE,6105.73,Monthly,2023-10-01,2023-10-31,KG,2.285,2.285
Blueberry_Duke,WHOLESALE,NL-GE,5726.5,Monthly,2023-11-01,2023-11-30,KG,2.675,2.675
Blueberry_Duke,WHOLESALE,NL-GE,5522.01,Monthly,2023-12-01,2023-12-31,KG,2.682,2.682
Blueberry_Duke,WHOLESALE,NL-GE,5921.6,Monthly,2024-01-01,2024-01-31,KG,2.678,2.678
Blueberry_Duke,WHOLESALE,NL-GE,4804.97,Monthly,2024-02-01,2024-02-29,KG,2.664,2.664
Blueberry_Duke,WHOLESALE,NL-GE,5562.08,Monthly,2024-03-01,2024-03-31,KG,2.714,2.714
Blueberry_Duke,WHOLESALE,NL-GE,4847.09,Monthly,2024-04-01,2024-04-30,KG,2.666,2.666
Blueberry_Duke,WHOLESALE,NL-GE,5018.01,Monthly,2024-05-01,2024-05-31,KG,2.704,2.704
Blueberry_Duke,WHOLESALE,NL-GE,4513.5,Monthly,2024-06-01,2024-06-30,KG,2.679,2.679
Blueberry_Duke,WHOLESALE,NL-GE,5210.37,Monthly,2024-07-01,2024-07-31,KG,2.689,2.689
Blueberry_Duke,WHOLESALE,NL-GE,5955.84,Monthly,2024-08-01,2024-08-31,KG,2.287,2.287
Blueberry_Duke,WHOLESALE,NL-GE,6091.09,Monthly,2024-09-01,2024-09-30,KG,2.27,2.27
Blueberry_Duke,WHOLESALE,NL-GE,6354.27,Monthly,2024-10-01,2024-10-31,KG,2.262,2.262
Blueberry_Duke,WHOLESALE,NL-GE,5957.32,Monthly,2024-11-01,2024-11-30,KG,2.674,2.674
Blueberry_Duke,WHOLESALE,NL-GE,5873.43,Monthly,2024-12-01,2024-12-31,KG,2.68,2.68
Blueberry_Duke,WHOLESALE,NL-GE,5639.4,Monthly,2025-01-01,2025-01-31,KG,2.657,2.657
Blueberry_Duke,WHOLESALE,NL-GE,5035.610000000001,Monthly,2025-02-01,2025-02-28,KG,2.685,2.685
Blueberry_Duke,WHOLESALE,NL-GE,6128.11,Monthly,2025-03-01,2025-03-31,KG,2.694,2.694
Blueberry_Duke,WHOLESALE,NL-GE,5296.610000000001,Monthly,2025-04-01,2025-04-30,KG,2.702,2.702
Blueberry_Duke,WHOLESALE,NL-GE,5208.63,Monthly,2025-05-01,2025-05-31,KG,2.689,2.689
Blueberry_Duke,WHOLESALE,NL-GE,4836.23,Monthly,2025-06-01,2025-06-30,KG,2.695,2.695
Blueberry_Duke,WHOLESALE,NL-GE,5446.030000000001,Monthly,2025-07-01,2025-07-31,KG,2.679,2.679
Blueberry_Duke,WHOLESALE,NL-GE,5881.2,Monthly,2025-08-01,2025-08-31,KG,2.264,2.264
Blueberry_Duke,WHOLESALE,NL-GE,6018.8099999999995,Monthly,2025-09-01,2025-09-30,KG,2.277,2.277
Blueberry_Duke,WHOLESALE,NL-GE,6268.55,Monthly,2025-10-01,2025-10-31,KG,2.281,2.281
Blueberry_Duke,WHOLESALE,NL-GE,6028.34,Monthly,2025-11-01,2025-11-30,KG,2.667,2.667
Blueberry_Duke,WHOLESALE,NL-GE,6430.26,Monthly,2025-12-01,2025-12-31,KG,2.675,2.675
Blueberry_Duke,WHOLESALE,NL-GE,5596.98,Monthly,2026-01-01,2026-01-31,KG,2.677,2.677
Blueberry_Duke,WHOLESALE,NL-NB,5050.27,Monthly,2023-02-01,2023-02-28,KG,2.737,2.737
Blueberry_Duke,WHOLESALE,NL-NB,5264.21,Monthly,2023-03-01,2023-03-31,KG,2.768,2.768
Blueberry_Duke,WHOLESALE,NL-NB,4995.49,Monthly,2023-04-01,2023-04-30,KG,2.731,2.731
Blueberry_Duke,WHOLESALE,NL-NB,5332.87,Monthly,2023-05-01,2023-05-31,KG,2.772,2.772
Blueberry_Duke,WHOLESALE,NL-NB,5249.05,Monthly,2023-06-01,2023-06-30,KG,2.768,2.768
Blueberry_Duke,WHOLESALE,NL-NB,5098.8,Monthly,2023-07-01,2023-07-31,KG,2.752,2.752
Blueberry_Duke,WHOLESALE,NL-NB,5774.37,Monthly,2023-08-01,2023-08-31,KG,2.345,2.345
Blueberry_Duke,WHOLESALE,NL-NB,6541.58,Monthly,2023-09-01,2023-09-30,KG,2.372,2.372
Blueberry_Duke,WHOLESALE,NL-NB,6263.74,Monthly,2023-10-01,2023-10-31,KG,2.348,2.348
Blueberry_Duke,WHOLESALE,NL-NB,5855.52,Monthly,2023-11-01,2023-11-30,KG,2.726,2.726
Blueberry_Duke,WHOLESALE,NL-NB,5918.18,Monthly,2023-12-01,2023-12-31,KG,2.774,2.774
Blueberry_Duke,WHOLESALE,NL-NB,6130.32,Monthly,2024-01-01,2024-01-31,KG,2.749,2.749
Blueberry_Duke,WHOLESALE,NL-NB,5267.3099999999995,Monthly,2024-02-01,2024-02-29,KG,2.762,2.762
Blueberry_Duke,WHOLESALE,NL-NB,5716.4,Monthly,2024-03-01,2024-03-31,KG,2.772,2.772
Blueberry_Duke,WHOLESALE,NL-NB,4839.49,Monthly,2024-04-01,2024-04-30,KG,2.767,2.767
Blueberry_Duke,WHOLESALE,NL-NB,4851.8,Monthly,2024-05-01,2024-05-31,KG,2.779,2.779
Blueberry_Duke,WHOLESALE,NL-NB,4728.5599999999995,Monthly,2024-06-01,2024-06-30,KG,2.737,2.737
Blueberry_Duke,WHOLESALE,NL-NB,5200.33,Monthly,2024-07-01,2024-07-31,KG,2.765,2.765
Blueberry_Duke,WHOLESALE,NL-NB,6102.04,Monthly,2024-08-01,2024-08-31,KG,2.364,2.364
Blueberry_Duke,WHOLESALE,NL-NB,6099.98,Monthly,2024-09-01,2024-09-30,KG,2.359,2.359
Blueberry_Duke,WHOLESALE,NL-NB,6537.01,Monthly,2024-10-01,2024-10-31,KG,2.34,2.34
Blueberry_Duke,WHOLESALE,NL-NB,5952.03,Monthly,2024-11-01,2024-11-30,KG,2.746,2.746
Blueberry_Duke,WHOLESALE,NL-NB,6221.26,Monthly,2024-12-01,2024-12-31,KG,2.745,2.745
Blueberry_Duke,WHOLESALE,NL-NB,5823.7699999999995,Monthly,2025-01-01,2025-01-31,KG,2.753,2.753
Blueberry_Duke,WHOLESALE,NL-NB,5228.6,Monthly,2025-02-01,2025-02-28,KG,2.763,2.763
Blueberry_Duke,WHOLESALE,NL-NB,6292.889999999999,Monthly,2025-03-01,2025-03-31,KG,2.782,2.782
Blueberry_Duke,WHOLESALE,NL-NB,5492.24,Monthly,2025-04-01,2025-04-30,KG,2.729,2.729
Blueberry_Duke,WHOLESALE,NL-NB,5497.55,Monthly,2025-05-01,2025-05-31,KG,2.773,2.773
Blueberry_Duke,WHOLESALE,NL-NB,5130.93,Monthly,2025-06-01,2025-06-30,KG,2.763,2.763
Blueberry_Duke,WHOLESALE,NL-NB,5487.9400000000005,Monthly,2025-07-01,2025-07-31,KG,2.775,2.775
Blueberry_Duke,WHOLESALE,NL-NB,6061.13,Monthly,2025-08-01,2025-08-31,KG,2.358,2.358
Blueberry_Duke,WHOLESALE,NL-NB,6387.34,Monthly,2025-09-01,2025-09-30,KG,2.347,2.347
Blueberry_Duke,WHOLESALE,NL-NB,6410.8099999999995,Monthly,2025-10-01,2025-10-31,KG,2.36,2.36
Blueberry_Duke,WHOLESALE,NL-NB,6336.88,Monthly,2025-11-01,2025-11-30,KG,2.76,2.76
Blueberry_Duke,WHOLESALE,NL-NB,6435.12,Monthly,2025-12-01,2025-12-31,KG,2.804,2.804
Blueberry_Duke,WHOLESALE,NL-NB,6058.47,Monthly,2026-01-01,2026-01-31,KG,2.749,2.749
Blueberry_Duke,WHOLESALE,NL-NH,5457.389999999999,Monthly,2023-02-01,2023-02-28,KG,2.839,2.839
Blueberry_Duke,WHOLESALE,NL-NH,5468.63,Monthly,2023-03-01,2023-03-31,KG,2.798,2.798
Blueberry_Duke,WHOLESALE,NL-NH,5048.63,Monthly,2023-04-01,2023-04-30,KG,2.876,2.876
Blueberry_Duke,WHOLESALE,NL-NH,5252.33,Monthly,2023-05-01,2023-05-31,KG,2.865,2.865
Blueberry_Duke,WHOLESALE,NL-NH,5310.14,Monthly,2023-06-01,2023-06-30,KG,2.837,2.837
Blueberry_Duke,WHOLESALE,NL-NH,5283.22,Monthly,2023-07-01,2023-07-31,KG,2.834,2.834
Blueberry_Duke,WHOLESALE,NL-NH,6072.76,Monthly,2023-08-01,2023-08-31,KG,2.428,2.428
Blueberry_Duke,WHOLESALE,NL-NH,6784.01,Monthly,2023-09-01,2023-09-30,KG,2.419,2.419
Blueberry_Duke,WHOLESALE,NL-NH,6415.07,Monthly,2023-10-01,2023-10-31,KG,2.433,2.433
Blueberry_Duke,WHOLESALE,NL-NH,5871.76,Monthly,2023-11-01,2023-11-30,KG,2.866,2.866
Blueberry_Duke,WHOLESALE,NL-NH,6173.53,Monthly,2023-12-01,2023-12-31,KG,2.84,2.84
Blueberry_Duke,WHOLESALE,NL-NH,6191.96,Monthly,2024-01-01,2024-01-31,KG,2.848,2.848
Blueberry_Duke,WHOLESALE,NL-NH,5562.280000000001,Monthly,2024-02-01,2024-02-29,KG,2.852,2.852
Blueberry_Duke,WHOLESALE,NL-NH,5713.24,Monthly,2024-03-01,2024-03-31,KG,2.833,2.833
Blueberry_Duke,WHOLESALE,NL-NH,5247.2,Monthly,2024-04-01,2024-04-30,KG,2.826,2.826
Blueberry_Duke,WHOLESALE,NL-NH,5082.1,Monthly,2024-05-01,2024-05-31,KG,2.848,2.848
Blueberry_Duke,WHOLESALE,NL-NH,4783.73,Monthly,2024-06-01,2024-06-30,KG,2.854,2.854
Blueberry_Duke,WHOLESALE,NL-NH,5248.11,Monthly,2024-07-01,2024-07-31,KG,2.81,2.81
Blueberry_Duke,WHOLESALE,NL-NH,6349.17,Monthly,2024-08-01,2024-08-31,KG,2.404,2.404
Blueberry_Duke,WHOLESALE,NL-NH,6093.7,Monthly,2024-09-01,2024-09-30,KG,2.421,2.421
Blueberry_Duke,WHOLESALE,NL-NH,6801.52,Monthly,2024-10-01,2024-10-31,KG,2.435,2.435
Blueberry_Duke,WHOLESALE,NL-NH,6109.280000000001,Monthly,2024-11-01,2024-11-30,KG,2.873,2.873
Blueberry_Duke,WHOLESALE,NL-NH,6439.0599999999995,Monthly,2024-12-01,2024-12-31,KG,2.846,2.846
Blueberry_Duke,WHOLESALE,NL-NH,6132.72,Monthly,2025-01-01,2025-01-31,KG,2.842,2.842
Blueberry_Duke,WHOLESALE,NL-NH,5471.32,Monthly,2025-02-01,2025-02-28,KG,2.813,2.813
Blueberry_Duke,WHOLESALE,NL-NH,6431.82,Monthly,2025-03-01,2025-03-31,KG,2.855,2.855
Blueberry_Duke,WHOLESALE,NL-NH,5864.61,Monthly,2025-04-01,2025-04-30,KG,2.843,2.843
Blueberry_Duke,WHOLESALE,NL-NH,5672.33,Monthly,2025-05-01,2025-05-31,KG,2.851,2.851
Blueberry_Duke,WHOLESALE,NL-NH,5297.0199999999995,Monthly,2025-06-01,2025-06-30,KG,2.833,2.833
Blueberry_Duke,WHOLESALE,NL-NH,5482.66,Monthly,2025-07-01,2025-07-31,KG,2.84,2.84
Blueberry_Duke,WHOLESALE,NL-NH,6134.04,Monthly,2025-08-01,2025-08-31,KG,2.407,2.407
Blueberry_Duke,WHOLESALE,NL-NH,6252.99,Monthly,2025-09-01,2025-09-30,KG,2.435,2.435
Blueberry_Duke,WHOLESALE,NL-NH,6375.139999999999,Monthly,2025-10-01,2025-10-31,KG,2.435,2.435
Blueberry_Duke,WHOLESALE,NL-NH,6383.85,Monthly,2025-11-01,2025-11-30,KG,2.807,2.807
Blueberry_Duke,WHOLESALE,NL-NH,6868.03,Monthly,2025-12-01,2025-12-31,KG,2.865,2.865
Blueberry_Duke,WHOLESALE,NL-NH,5954.35,Monthly,2026-01-01,2026-01-31,KG,2.876,2.876
Blueberry_Duke,WHOLESALE,NL-ZH,5547.27,Monthly,2023-02-01,2023-02-28,KG,2.923,2.923
Blueberry_Duke,WHOLESALE,NL-ZH,5691.83,Monthly,2023-03-01,2023-03-31,KG,2.951,2.951
Blueberry_Duke,WHOLESALE,NL-ZH,5072.9400000000005,Monthly,2023-04-01,2023-04-30,KG,2.911,2.911
Blueberry_Duke,WHOLESALE,NL-ZH,5592.5,Monthly,2023-05-01,2023-05-31,KG,2.925,2.925
Blueberry_Duke,WHOLESALE,NL-ZH,5379.610000000001,Monthly,2023-06-01,2023-06-30,KG,2.926,2.926
Blueberry_Duke,WHOLESALE,NL-ZH,5483.74,Monthly,2023-07-01,2023-07-31,KG,2.946,2.946
Blueberry_Duke,WHOLESALE,NL-ZH,6199.3,Monthly,2023-08-01,2023-08-31,KG,2.471,2.471
Blueberry_Duke,WHOLESALE,NL-ZH,6869.57,Monthly,2023-09-01,2023-09-30,KG,2.5,2.5
Blueberry_Duke,WHOLESALE,NL-ZH,6667.94,Monthly,2023-10-01,2023-10-31,KG,2.485,2.485
Blueberry_Duke,WHOLESALE,NL-ZH,6153.26,Monthly,2023-11-01,2023-11-30,KG,2.978,2.978
Blueberry_Duke,WHOLESALE,NL-ZH,6474.41,Monthly,2023-12-01,2023-12-31,KG,2.896,2.896
Blueberry_Duke,WHOLESALE,NL-ZH,6376.7,Monthly,2024-01-01,2024-01-31,KG,2.92,2.92
Blueberry_Duke,WHOLESALE,NL-ZH,5543.4400000000005,Monthly,2024-02-01,2024-02-29,KG,2.923,2.923
Blueberry_Duke,WHOLESALE,NL-ZH,6119.38,Monthly,2024-03-01,2024-03-31,KG,2.914,2.914
Blueberry_Duke,WHOLESALE,NL-ZH,5306.83,Monthly,2024-04-01,2024-04-30,KG,2.91,2.91
Blueberry_Duke,WHOLESALE,NL-ZH,5173.62,Monthly,2024-05-01,2024-05-31,KG,2.944,2.944
Blueberry_Duke,WHOLESALE,NL-ZH,5034.15,Monthly,2024-06-01,2024-06-30,KG,2.932,2.932
Blueberry_Duke,WHOLESALE,NL-ZH,5336.41,Monthly,2024-07-01,2024-07-31,KG,2.91,2.91
Blueberry_Duke,WHOLESALE,NL-ZH,6498.98,Monthly,2024-08-01,2024-08-31,KG,2.466,2.466
Blueberry_Duke,WHOLESALE,NL-ZH,6183.43,Monthly,2024-09-01,2024-09-30,KG,2.491,2.491
Blueberry_Duke,WHOLESALE,NL-ZH,7141.46,Monthly,2024-10-01,2024-10-31,KG,2.512,2.512
Blueberry_Duke,WHOLESALE,NL-ZH,6346.93,Monthly,2024-11-01,2024-11-30,KG,2.941,2.941
Blueberry_Duke,WHOLESALE,NL-ZH,6722.11,Monthly,2024-12-01,2024-12-31,KG,2.922,2.922
Blueberry_Duke,WHOLESALE,NL-ZH,6305.89,Monthly,2025-01-01,2025-01-31,KG,2.905,2.905
Blueberry_Duke,WHOLESALE,NL-ZH,5677.01,Monthly,2025-02-01,2025-02-28,KG,2.927,2.927
Blueberry_Duke,WHOLESALE,NL-ZH,6695.75,Monthly,2025-03-01,2025-03-31,KG,2.921,2.921
Blueberry_Duke,WHOLESALE,NL-ZH,6320.21,Monthly,2025-04-01,2025-04-30,KG,2.927,2.927
Blueberry_Duke,WHOLESALE,NL-ZH,6001.9,Monthly,2025-05-01,2025-05-31,KG,2.959,2.959
Blueberry_Duke,WHOLESALE,NL-ZH,5367.3,Monthly,2025-06-01,2025-06-30,KG,2.914,2.914
Blueberry_Duke,WHOLESALE,NL-ZH,5719.42,Monthly,2025-07-01,2025-07-31,KG,2.926,2.926
Blueberry_Duke,WHOLESALE,NL-ZH,6341.73,Monthly,2025-08-01,2025-08-31,KG,2.471,2.471
Blueberry_Duke,WHOLESALE,NL-ZH,6690.85,Monthly,2025-09-01,2025-09-30,KG,2.497,2.497
Blueberry_Duke,WHOLESALE,NL-ZH,6892.52,Monthly,2025-10-01,2025-10-31,KG,2.491,2.491
Blueberry_Duke,WHOLESALE,NL-ZH,6681.25,Monthly,2025-11-01,2025-11-30,KG,2.935,2.935
Blueberry_Duke,WHOLESALE,NL-ZH,7078.23,Monthly,2025-12-01,2025-12-31,KG,2.972,2.972
Blueberry_Duke,WHOLESALE,NL-ZH,6111.93,Monthly,2026-01-01,2026-01-31,KG,2.939,2.939
Blueberry_SekoyaPop,ONLINE,NL-GE,3478.71,Monthly,2023-02-01,2023-02-28,KG,2.666,2.666
Blueberry_SekoyaPop,ONLINE,NL-GE,3616.96,Monthly,2023-03-01,2023-03-31,KG,2.69,2.69
Blueberry_SekoyaPop,ONLINE,NL-GE,3364.54,Monthly,2023-04-01,2023-04-30,KG,2.694,2.694
Blueberry_SekoyaPop,ONLINE,NL-GE,3579.5,Monthly,2023-05-01,2023-05-31,KG,2.645,2.645
Blueberry_SekoyaPop,ONLINE,NL-GE,3518.18,Monthly,2023-06-01,2023-06-30,KG,2.687,2.687
Blueberry_SekoyaPop,ONLINE,NL-GE,3592.61,Monthly,2023-07-01,2023-07-31,KG,2.667,2.667
Blueberry_SekoyaPop,ONLINE,NL-GE,4029.62,Monthly,2023-08-01,2023-08-31,KG,2.268,2.268
Blueberry_SekoyaPop,ONLINE,NL-GE,4353.32,Monthly,2023-09-01,2023-09-30,KG,2.253,2.253
Blueberry_SekoyaPop,ONLINE,NL-GE,4185.6,Monthly,2023-10-01,2023-10-31,KG,2.285,2.285
Blueberry_SekoyaPop,ONLINE,NL-GE,4007.37,Monthly,2023-11-01,2023-11-30,KG,2.671,2.671
Blueberry_SekoyaPop,ONLINE,NL-GE,3783.01,Monthly,2023-12-01,2023-12-31,KG,2.672,2.672
Blueberry_SekoyaPop,ONLINE,NL-GE,3920.46,Monthly,2024-01-01,2024-01-31,KG,2.683,2.683
Blueberry_SekoyaPop,ONLINE,NL-GE,3445.15,Monthly,2024-02-01,2024-02-29,KG,2.676,2.676
Blueberry_SekoyaPop,ONLINE,NL-GE,3900.03,Monthly,2024-03-01,2024-03-31,KG,2.686,2.686
Blueberry_SekoyaPop,ONLINE,NL-GE,3423.91,Monthly,2024-04-01,2024-04-30,KG,2.662,2.662
Blueberry_SekoyaPop,ONLINE,NL-GE,3399.88,Monthly,2024-05-01,2024-05-31,KG,2.667,2.667
Blueberry_SekoyaPop,ONLINE,NL-GE,3175.12,Monthly,2024-06-01,2024-06-30,KG,2.681,2.681
Blueberry_SekoyaPop,ONLINE,NL-GE,3677.8900000000003,Monthly,2024-07-01,2024-07-31,KG,2.673,2.673
Blueberry_SekoyaPop,ONLINE,NL-GE,4019.6000000000004,Monthly,2024-08-01,2024-08-31,KG,2.258,2.258
Blueberry_SekoyaPop,ONLINE,NL-GE,4205.86,Monthly,2024-09-01,2024-09-30,KG,2.255,2.255
Blueberry_SekoyaPop,ONLINE,NL-GE,4448.860000000001,Monthly,2024-10-01,2024-10-31,KG,2.273,2.273
Blueberry_SekoyaPop,ONLINE,NL-GE,4217.53,Monthly,2024-11-01,2024-11-30,KG,2.692,2.692
Blueberry_SekoyaPop,ONLINE,NL-GE,4312.79,Monthly,2024-12-01,2024-12-31,KG,2.681,2.681
Blueberry_SekoyaPop,ONLINE,NL-GE,4032.01,Monthly,2025-01-01,2025-01-31,KG,2.656,2.656
Blueberry_SekoyaPop,ONLINE,NL-GE,3581.8,Monthly,2025-02-01,2025-02-28,KG,2.692,2.692
Blueberry_SekoyaPop,ONLINE,NL-GE,4371.99,Monthly,2025-03-01,2025-03-31,KG,2.656,2.656
Blueberry_SekoyaPop,ONLINE,NL-GE,3897.52,Monthly,2025-04-01,2025-04-30,KG,2.67,2.67
Blueberry_SekoyaPop,ONLINE,NL-GE,3832.5699999999997,Monthly,2025-05-01,2025-05-31,KG,2.67,2.67
Blueberry_SekoyaPop,ONLINE,NL-GE,3456.85,Monthly,2025-06-01,2025-06-30,KG,2.676,2.676
Blueberry_SekoyaPop,ONLINE,NL-GE,3669.9,Monthly,2025-07-01,2025-07-31,KG,2.659,2.659
Blueberry_SekoyaPop,ONLINE,NL-GE,4185.68,Monthly,2025-08-01,2025-08-31,KG,2.282,2.282
Blueberry_SekoyaPop,ONLINE,NL-GE,4128.0599999999995,Monthly,2025-09-01,2025-09-30,KG,2.267,2.267
Blueberry_SekoyaPop,ONLINE,NL-GE,4295.62,Monthly,2025-10-01,2025-10-31,KG,2.31,2.31
Blueberry_SekoyaPop,ONLINE,NL-GE,4337.48,Monthly,2025-11-01,2025-11-30,KG,2.695,2.695
Blueberry_SekoyaPop,ONLINE,NL-GE,4553.76,Monthly,2025-12-01,2025-12-31,KG,2.712,2.712
Blueberry_SekoyaPop,ONLINE,NL-GE,4057.02,Monthly,2026-01-01,2026-01-31,KG,2.699,2.699
Blueberry_SekoyaPop,ONLINE,NL-NB,3788.45,Monthly,2023-02-01,2023-02-28,KG,2.805,2.805
Blueberry_SekoyaPop,ONLINE,NL-NB,3694.79,Monthly,2023-03-01,2023-03-31,KG,2.757,2.757
Blueberry_SekoyaPop,ONLINE,NL-NB,3461.13,Monthly,2023-04-01,2023-04-30,KG,2.733,2.733
Blueberry_SekoyaPop,ONLINE,NL-NB,3810.24,Monthly,2023-05-01,2023-05-31,KG,2.723,2.723
Blueberry_SekoyaPop,ONLINE,NL-NB,3660.4799999999996,Monthly,2023-06-01,2023-06-30,KG,2.793,2.793
Blueberry_SekoyaPop,ONLINE,NL-NB,3656.0699999999997,Monthly,2023-07-01,2023-07-31,KG,2.74,2.74
Blueberry_SekoyaPop,ONLINE,NL-NB,4096.71,Monthly,2023-08-01,2023-08-31,KG,2.34,2.34
Blueberry_SekoyaPop,ONLINE,NL-NB,4645.87,Monthly,2023-09-01,2023-09-30,KG,2.35,2.35
Blueberry_SekoyaPop,ONLINE,NL-NB,4463.41,Monthly,2023-10-01,2023-10-31,KG,2.354,2.354
Blueberry_SekoyaPop,ONLINE,NL-NB,4092.79,Monthly,2023-11-01,2023-11-30,KG,2.777,2.777
Blueberry_SekoyaPop,ONLINE,NL-NB,4290.27,Monthly,2023-12-01,2023-12-31,KG,2.774,2.774
Blueberry_SekoyaPop,ONLINE,NL-NB,4307.67,Monthly,2024-01-01,2024-01-31,KG,2.732,2.732
Blueberry_SekoyaPop,ONLINE,NL-NB,3662.13,Monthly,2024-02-01,2024-02-29,KG,2.779,2.779
Blueberry_SekoyaPop,ONLINE,NL-NB,4001.66,Monthly,2024-03-01,2024-03-31,KG,2.712,2.712
Blueberry_SekoyaPop,ONLINE,NL-NB,3443.21,Monthly,2024-04-01,2024-04-30,KG,2.78,2.78
Blueberry_SekoyaPop,ONLINE,NL-NB,3381.3199999999997,Monthly,2024-05-01,2024-05-31,KG,2.771,2.771
Blueberry_SekoyaPop,ONLINE,NL-NB,3268.38,Monthly,2024-06-01,2024-06-30,KG,2.761,2.761
Blueberry_SekoyaPop,ONLINE,NL-NB,3801.3,Monthly,2024-07-01,2024-07-31,KG,2.777,2.777
Blueberry_SekoyaPop,ONLINE,NL-NB,4346.37,Monthly,2024-08-01,2024-08-31,KG,2.346,2.346
Blueberry_SekoyaPop,ONLINE,NL-NB,4452.5599999999995,Monthly,2024-09-01,2024-09-30,KG,2.347,2.347
Blueberry_SekoyaPop,ONLINE,NL-NB,4582.27,Monthly,2024-10-01,2024-10-31,KG,2.353,2.353
Blueberry_SekoyaPop,ONLINE,NL-NB,4284.05,Monthly,2024-11-01,2024-11-30,KG,2.716,2.716
Blueberry_SekoyaPop,ONLINE,NL-NB,4360.63,Monthly,2024-12-01,2024-12-31,KG,2.77,2.77
Blueberry_SekoyaPop,ONLINE,NL-NB,4009.9,Monthly,2025-01-01,2025-01-31,KG,2.76,2.76
Blueberry_SekoyaPop,ONLINE,NL-NB,3894.1899999999996,Monthly,2025-02-01,2025-02-28,KG,2.739,2.739
Blueberry_SekoyaPop,ONLINE,NL-NB,4505.08,Monthly,2025-03-01,2025-03-31,KG,2.756,2.756
Blueberry_SekoyaPop,ONLINE,NL-NB,3988.0200000000004,Monthly,2025-04-01,2025-04-30,KG,2.79,2.79
Blueberry_SekoyaPop,ONLINE,NL-NB,3964.48,Monthly,2025-05-01,2025-05-31,KG,2.759,2.759
Blueberry_SekoyaPop,ONLINE,NL-NB,3559.99,Monthly,2025-06-01,2025-06-30,KG,2.779,2.779
Blueberry_SekoyaPop,ONLINE,NL-NB,3899.73,Monthly,2025-07-01,2025-07-31,KG,2.766,2.766
Blueberry_SekoyaPop,ONLINE,NL-NB,4201.43,Monthly,2025-08-01,2025-08-31,KG,2.366,2.366
Blueberry_SekoyaPop,ONLINE,NL-NB,4537.25,Monthly,2025-09-01,2025-09-30,KG,2.36,2.36
Blueberry_SekoyaPop,ONLINE,NL-NB,4512.26,Monthly,2025-10-01,2025-10-31,KG,2.35,2.35
Blueberry_SekoyaPop,ONLINE,NL-NB,4477.92,Monthly,2025-11-01,2025-11-30,KG,2.784,2.784
Blueberry_SekoyaPop,ONLINE,NL-NB,4589.74,Monthly,2025-12-01,2025-12-31,KG,2.758,2.758
Blueberry_SekoyaPop,ONLINE,NL-NB,4179.91,Monthly,2026-01-01,2026-01-31,KG,2.751,2.751
Blueberry_SekoyaPop,ONLINE,NL-NH,3865.29,Monthly,2023-02-01,2023-02-28,KG,2.854,2.854
Blueberry_SekoyaPop,ONLINE,NL-NH,3771.2300000000005,Monthly,2023-03-01,2023-03-31,KG,2.908,2.908
Blueberry_SekoyaPop,ONLINE,NL-NH,3528.56,Monthly,2023-04-01,2023-04-30,KG,2.848,2.848
Blueberry_SekoyaPop,ONLINE,NL-NH,3766.05,Monthly,2023-05-01,2023-05-31,KG,2.827,2.827
Blueberry_SekoyaPop,ONLINE,NL-NH,3773.8599999999997,Monthly,2023-06-01,2023-06-30,KG,2.875,2.875
Blueberry_SekoyaPop,ONLINE,NL-NH,3646.1400000000003,Monthly,2023-07-01,2023-07-31,KG,2.819,2.819
Blueberry_SekoyaPop,ONLINE,NL-NH,4198.32,Monthly,2023-08-01,2023-08-31,KG,2.438,2.438
Blueberry_SekoyaPop,ONLINE,NL-NH,4564.63,Monthly,2023-09-01,2023-09-30,KG,2.421,2.421
Blueberry_SekoyaPop,ONLINE,NL-NH,4509.55,Monthly,2023-10-01,2023-10-31,KG,2.45,2.45
Blueberry_SekoyaPop,ONLINE,NL-NH,4174.17,Monthly,2023-11-01,2023-11-30,KG,2.874,2.874
Blueberry_SekoyaPop,ONLINE,NL-NH,4452.09,Monthly,2023-12-01,2023-12-31,KG,2.829,2.829
Blueberry_SekoyaPop,ONLINE,NL-NH,4269.97,Monthly,2024-01-01,2024-01-31,KG,2.858,2.858
Blueberry_SekoyaPop,ONLINE,NL-NH,3783.71,Monthly,2024-02-01,2024-02-29,KG,2.873,2.873
Blueberry_SekoyaPop,ONLINE,NL-NH,4153.94,Monthly,2024-03-01,2024-03-31,KG,2.842,2.842
Blueberry_SekoyaPop,ONLINE,NL-NH,3565.69,Monthly,2024-04-01,2024-04-30,KG,2.829,2.829
Blueberry_SekoyaPop,ONLINE,NL-NH,3564.23,Monthly,2024-05-01,2024-05-31,KG,2.84,2.84
Blueberry_SekoyaPop,ONLINE,NL-NH,3493.34,Monthly,2024-06-01,2024-06-30,KG,2.86,2.86
Blueberry_SekoyaPop,ONLINE,NL-NH,3659.95,Monthly,2024-07-01,2024-07-31,KG,2.866,2.866
Blueberry_SekoyaPop,ONLINE,NL-NH,4653.24,Monthly,2024-08-01,2024-08-31,KG,2.425,2.425
Blueberry_SekoyaPop,ONLINE,NL-NH,4261.38,Monthly,2024-09-01,2024-09-30,KG,2.436,2.436
Blueberry_SekoyaPop,ONLINE,NL-NH,4872.02,Monthly,2024-10-01,2024-10-31,KG,2.424,2.424
Blueberry_SekoyaPop,ONLINE,NL-NH,4419.78,Monthly,2024-11-01,2024-11-30,KG,2.856,2.856
Blueberry_SekoyaPop,ONLINE,NL-NH,4498.11,Monthly,2024-12-01,2024-12-31,KG,2.828,2.828
Blueberry_SekoyaPop,ONLINE,NL-NH,4303.01,Monthly,2025-01-01,2025-01-31,KG,2.849,2.849
Blueberry_SekoyaPop,ONLINE,NL-NH,3839.4399999999996,Monthly,2025-02-01,2025-02-28,KG,2.828,2.828
Blueberry_SekoyaPop,ONLINE,NL-NH,4709.47,Monthly,2025-03-01,2025-03-31,KG,2.854,2.854
Blueberry_SekoyaPop,ONLINE,NL-NH,4039.2200000000003,Monthly,2025-04-01,2025-04-30,KG,2.835,2.835
Blueberry_SekoyaPop,ONLINE,NL-NH,4018.81,Monthly,2025-05-01,2025-05-31,KG,2.829,2.829
Blueberry_SekoyaPop,ONLINE,NL-NH,3568.9799999999996,Monthly,2025-06-01,2025-06-30,KG,2.843,2.843
Blueberry_SekoyaPop,ONLINE,NL-NH,3821.71,Monthly,2025-07-01,2025-07-31,KG,2.859,2.859
Blueberry_SekoyaPop,ONLINE,NL-NH,4483.0199999999995,Monthly,2025-08-01,2025-08-31,KG,2.443,2.443
Blueberry_SekoyaPop,ONLINE,NL-NH,4429.25,Monthly,2025-09-01,2025-09-30,KG,2.417,2.417
Blueberry_SekoyaPop,ONLINE,NL-NH,4576.85,Monthly,2025-10-01,2025-10-31,KG,2.447,2.447
Blueberry_SekoyaPop,ONLINE,NL-NH,4513.48,Monthly,2025-11-01,2025-11-30,KG,2.83,2.83
Blueberry_SekoyaPop,ONLINE,NL-NH,4697.1900000000005,Monthly,2025-12-01,2025-12-31,KG,2.875,2.875
Blueberry_SekoyaPop,ONLINE,NL-NH,4052.17,Monthly,2026-01-01,2026-01-31,KG,2.875,2.875
Blueberry_SekoyaPop,ONLINE,NL-ZH,3994.5699999999997,Monthly,2023-02-01,2023-02-28,KG,2.941,2.941
Blueberry_SekoyaPop,ONLINE,NL-ZH,4044.58,Monthly,2023-03-01,2023-03-31,KG,2.9,2.9
Blueberry_SekoyaPop,ONLINE,NL-ZH,3519.99,Monthly,2023-04-01,2023-04-30,KG,2.91,2.91
Blueberry_SekoyaPop,ONLINE,NL-ZH,3872.13,Monthly,2023-05-01,2023-05-31,KG,2.962,2.962
Blueberry_SekoyaPop,ONLINE,NL-ZH,3981.18,Monthly,2023-06-01,2023-06-30,KG,2.875,2.875
Blueberry_SekoyaPop,ONLINE,NL-ZH,3778.31,Monthly,2023-07-01,2023-07-31,KG,2.897,2.897
Blueberry_SekoyaPop,ONLINE,NL-ZH,4381.0599999999995,Monthly,2023-08-01,2023-08-31,KG,2.481,2.481
Blueberry_SekoyaPop,ONLINE,NL-ZH,4892.99,Monthly,2023-09-01,2023-09-30,KG,2.508,2.508
Blueberry_SekoyaPop,ONLINE,NL-ZH,4625.82,Monthly,2023-10-01,2023-10-31,KG,2.501,2.501
Blueberry_SekoyaPop,ONLINE,NL-ZH,4351.9400000000005,Monthly,2023-11-01,2023-11-30,KG,2.958,2.958
Blueberry_SekoyaPop,ONLINE,NL-ZH,4570.83,Monthly,2023-12-01,2023-12-31,KG,2.933,2.933
Blueberry_SekoyaPop,ONLINE,NL-ZH,4615.84,Monthly,2024-01-01,2024-01-31,KG,2.931,2.931
Blueberry_SekoyaPop,ONLINE,NL-ZH,3934.54,Monthly,2024-02-01,2024-02-29,KG,2.915,2.915
Blueberry_SekoyaPop,ONLINE,NL-ZH,4278.98,Monthly,2024-03-01,2024-03-31,KG,2.915,2.915
Blueberry_SekoyaPop,ONLINE,NL-ZH,3598.8999999999996,Monthly,2024-04-01,2024-04-30,KG,2.934,2.934
Blueberry_SekoyaPop,ONLINE,NL-ZH,3742.67,Monthly,2024-05-01,2024-05-31,KG,2.94,2.94
Blueberry_SekoyaPop,ONLINE,NL-ZH,3640.9300000000003,Monthly,2024-06-01,2024-06-30,KG,2.895,2.895
Blueberry_SekoyaPop,ONLINE,NL-ZH,3811.44,Monthly,2024-07-01,2024-07-31,KG,2.923,2.923
Blueberry_SekoyaPop,ONLINE,NL-ZH,4618.71,Monthly,2024-08-01,2024-08-31,KG,2.539,2.539
Blueberry_SekoyaPop,ONLINE,NL-ZH,4427.84,Monthly,2024-09-01,2024-09-30,KG,2.492,2.492
Blueberry_SekoyaPop,ONLINE,NL-ZH,5013.97,Monthly,2024-10-01,2024-10-31,KG,2.528,2.528
Blueberry_SekoyaPop,ONLINE,NL-ZH,4550.41,Monthly,2024-11-01,2024-11-30,KG,2.932,2.932
Blueberry_SekoyaPop,ONLINE,NL-ZH,4661.37,Monthly,2024-12-01,2024-12-31,KG,2.93,2.93
Blueberry_SekoyaPop,ONLINE,NL-ZH,4348.03,Monthly,2025-01-01,2025-01-31,KG,2.932,2.932
Blueberry_SekoyaPop,ONLINE,NL-ZH,4030.1099999999997,Monthly,2025-02-01,2025-02-28,KG,2.943,2.943
Blueberry_SekoyaPop,ONLINE,NL-ZH,4651.65,Monthly,2025-03-01,2025-03-31,KG,2.929,2.929
Blueberry_SekoyaPop,ONLINE,NL-ZH,4342.13,Monthly,2025-04-01,2025-04-30,KG,2.974,2.974
Blueberry_SekoyaPop,ONLINE,NL-ZH,4046.76,Monthly,2025-05-01,2025-05-31,KG,2.915,2.915
Blueberry_SekoyaPop,ONLINE,NL-ZH,3757.37,Monthly,2025-06-01,2025-06-30,KG,2.942,2.942
Blueberry_SekoyaPop,ONLINE,NL-ZH,3964.77,Monthly,2025-07-01,2025-07-31,KG,2.906,2.906
Blueberry_SekoyaPop,ONLINE,NL-ZH,4773.2,Monthly,2025-08-01,2025-08-31,KG,2.533,2.533
Blueberry_SekoyaPop,ONLINE,NL-ZH,4852.01,Monthly,2025-09-01,2025-09-30,KG,2.483,2.483
Blueberry_SekoyaPop,ONLINE,NL-ZH,4824.9,Monthly,2025-10-01,2025-10-31,KG,2.477,2.477
Blueberry_SekoyaPop,ONLINE,NL-ZH,4752.98,Monthly,2025-11-01,2025-11-30,KG,2.909,2.909
Blueberry_SekoyaPop,ONLINE,NL-ZH,4848.45,Monthly,2025-12-01,2025-12-31,KG,2.909,2.909
Blueberry_SekoyaPop,ONLINE,NL-ZH,4442.75,Monthly,2026-01-01,2026-01-31,KG,2.919,2.919
Blueberry_SekoyaPop,RETAIL,NL-GE,7050.82,Monthly,2023-02-01,2023-02-28,KG,2.672,2.672
Blueberry_SekoyaPop,RETAIL,NL-GE,7096.19,Monthly,2023-03-01,2023-03-31,KG,2.66,2.66
Blueberry_SekoyaPop,RETAIL,NL-GE,6987.95,Monthly,2023-04-01,2023-04-30,KG,2.661,2.661
Blueberry_SekoyaPop,RETAIL,NL-GE,7254.9,Monthly,2023-05-01,2023-05-31,KG,2.661,2.661
Blueberry_SekoyaPop,RETAIL,NL-GE,7059.950000000001,Monthly,2023-06-01,2023-06-30,KG,2.661,2.661
Blueberry_SekoyaPop,RETAIL,NL-GE,6916.95,Monthly,2023-07-01,2023-07-31,KG,2.706,2.706
Blueberry_SekoyaPop,RETAIL,NL-GE,7864.85,Monthly,2023-08-01,2023-08-31,KG,2.306,2.306
Blueberry_SekoyaPop,RETAIL,NL-GE,8764.62,Monthly,2023-09-01,2023-09-30,KG,2.292,2.292
Blueberry_SekoyaPop,RETAIL,NL-GE,8293.439999999999,Monthly,2023-10-01,2023-10-31,KG,2.319,2.319
Blueberry_SekoyaPop,RETAIL,NL-GE,7706.3099999999995,Monthly,2023-11-01,2023-11-30,KG,2.689,2.689
Blueberry_SekoyaPop,RETAIL,NL-GE,8001.34,Monthly,2023-12-01,2023-12-31,KG,2.688,2.688
Blueberry_SekoyaPop,RETAIL,NL-GE,8134.78,Monthly,2024-01-01,2024-01-31,KG,2.707,2.707
Blueberry_SekoyaPop,RETAIL,NL-GE,7023.09,Monthly,2024-02-01,2024-02-29,KG,2.659,2.659
Blueberry_SekoyaPop,RETAIL,NL-GE,7796.8099999999995,Monthly,2024-03-01,2024-03-31,KG,2.697,2.697
Blueberry_SekoyaPop,RETAIL,NL-GE,6693.02,Monthly,2024-04-01,2024-04-30,KG,2.672,2.672
Blueberry_SekoyaPop,RETAIL,NL-GE,6762.48,Monthly,2024-05-01,2024-05-31,KG,2.686,2.686
Blueberry_SekoyaPop,RETAIL,NL-GE,6525.27,Monthly,2024-06-01,2024-06-30,KG,2.681,2.681
Blueberry_SekoyaPop,RETAIL,NL-GE,7228.299999999999,Monthly,2024-07-01,2024-07-31,KG,2.645,2.645
Blueberry_SekoyaPop,RETAIL,NL-GE,8157.19,Monthly,2024-08-01,2024-08-31,KG,2.293,2.293
Blueberry_SekoyaPop,RETAIL,NL-GE,8403.37,Monthly,2024-09-01,2024-09-30,KG,2.324,2.324
Blueberry_SekoyaPop,RETAIL,NL-GE,8859.86,Monthly,2024-10-01,2024-10-31,KG,2.257,2.257
Blueberry_SekoyaPop,RETAIL,NL-GE,8334.42,Monthly,2024-11-01,2024-11-30,KG,2.677,2.677
Blueberry_SekoyaPop,RETAIL,NL-GE,8485.779999999999,Monthly,2024-12-01,2024-12-31,KG,2.659,2.659
Blueberry_SekoyaPop,RETAIL,NL-GE,7947.73,Monthly,2025-01-01,2025-01-31,KG,2.704,2.704
Blueberry_SekoyaPop,RETAIL,NL-GE,7420.73,Monthly,2025-02-01,2025-02-28,KG,2.65,2.65
Blueberry_SekoyaPop,RETAIL,NL-GE,8801.84,Monthly,2025-03-01,2025-03-31,KG,2.684,2.684
Blueberry_SekoyaPop,RETAIL,NL-GE,7370.33,Monthly,2025-04-01,2025-04-30,KG,2.682,2.682
Blueberry_SekoyaPop,RETAIL,NL-GE,7068.82,Monthly,2025-05-01,2025-05-31,KG,2.669,2.669
Blueberry_SekoyaPop,RETAIL,NL-GE,6772.93,Monthly,2025-06-01,2025-06-30,KG,2.693,2.693
Blueberry_SekoyaPop,RETAIL,NL-GE,7530.1900000000005,Monthly,2025-07-01,2025-07-31,KG,2.674,2.674
Blueberry_SekoyaPop,RETAIL,NL-GE,8251.3,Monthly,2025-08-01,2025-08-31,KG,2.299,2.299
Blueberry_SekoyaPop,RETAIL,NL-GE,8690.77,Monthly,2025-09-01,2025-09-30,KG,2.308,2.308
Blueberry_SekoyaPop,RETAIL,NL-GE,8489.95,Monthly,2025-10-01,2025-10-31,KG,2.284,2.284
Blueberry_SekoyaPop,RETAIL,NL-GE,8433.68,Monthly,2025-11-01,2025-11-30,KG,2.656,2.656
Blueberry_SekoyaPop,RETAIL,NL-GE,8519.27,Monthly,2025-12-01,2025-12-31,KG,2.661,2.661
Blueberry_SekoyaPop,RETAIL,NL-GE,8146.8099999999995,Monthly,2026-01-01,2026-01-31,KG,2.662,2.662
Blueberry_SekoyaPop,RETAIL,NL-NB,7302.120000000001,Monthly,2023-02-01,2023-02-28,KG,2.788,2.788
Blueberry_SekoyaPop,RETAIL,NL-NB,7125.68,Monthly,2023-03-01,2023-03-31,KG,2.751,2.751
Blueberry_SekoyaPop,RETAIL,NL-NB,6948.69,Monthly,2023-04-01,2023-04-30,KG,2.761,2.761
Blueberry_SekoyaPop,RETAIL,NL-NB,7145.3,Monthly,2023-05-01,2023-05-31,KG,2.756,2.756
Blueberry_SekoyaPop,RETAIL,NL-NB,7234.5599999999995,Monthly,2023-06-01,2023-06-30,KG,2.774,2.774
Blueberry_SekoyaPop,RETAIL,NL-NB,7320.84,Monthly,2023-07-01,2023-07-31,KG,2.741,2.741
Blueberry_SekoyaPop,RETAIL,NL-NB,7783.0,Monthly,2023-08-01,2023-08-31,KG,2.342,2.342
Blueberry_SekoyaPop,RETAIL,NL-NB,9083.48,Monthly,2023-09-01,2023-09-30,KG,2.369,2.369
Blueberry_SekoyaPop,RETAIL,NL-NB,8907.48,Monthly,2023-10-01,2023-10-31,KG,2.343,2.343
Blueberry_SekoyaPop,RETAIL,NL-NB,8351.49,Monthly,2023-11-01,2023-11-30,KG,2.74,2.74
Blueberry_SekoyaPop,RETAIL,NL-NB,8508.76,Monthly,2023-12-01,2023-12-31,KG,2.778,2.778
Blueberry_SekoyaPop,RETAIL,NL-NB,8575.84,Monthly,2024-01-01,2024-01-31,KG,2.76,2.76
Blueberry_SekoyaPop,RETAIL,NL-NB,7088.42,Monthly,2024-02-01,2024-02-29,KG,2.772,2.772
Blueberry_SekoyaPop,RETAIL,NL-NB,7926.9400000000005,Monthly,2024-03-01,2024-03-31,KG,2.781,2.781
Blueberry_SekoyaPop,RETAIL,NL-NB,6841.389999999999,Monthly,2024-04-01,2024-04-30,KG,2.78,2.78
Blueberry_SekoyaPop,RETAIL,NL-NB,6403.950000000001,Monthly,2024-05-01,2024-05-31,KG,2.77,2.77
Blueberry_SekoyaPop,RETAIL,NL-NB,6728.35,Monthly,2024-06-01,2024-06-30,KG,2.767,2.767
Blueberry_SekoyaPop,RETAIL,NL-NB,7404.25,Monthly,2024-07-01,2024-07-31,KG,2.765,2.765
Blueberry_SekoyaPop,RETAIL,NL-NB,8532.89,Monthly,2024-08-01,2024-08-31,KG,2.35,2.35
Blueberry_SekoyaPop,RETAIL,NL-NB,8676.02,Monthly,2024-09-01,2024-09-30,KG,2.353,2.353
Blueberry_SekoyaPop,RETAIL,NL-NB,8884.09,Monthly,2024-10-01,2024-10-31,KG,2.35,2.35
Blueberry_SekoyaPop,RETAIL,NL-NB,8550.75,Monthly,2024-11-01,2024-11-30,KG,2.773,2.773
Blueberry_SekoyaPop,RETAIL,NL-NB,8553.630000000001,Monthly,2024-12-01,2024-12-31,KG,2.804,2.804
Blueberry_SekoyaPop,RETAIL,NL-NB,7960.21,Monthly,2025-01-01,2025-01-31,KG,2.766,2.766
Blueberry_SekoyaPop,RETAIL,NL-NB,7529.77,Monthly,2025-02-01,2025-02-28,KG,2.742,2.742
Blueberry_SekoyaPop,RETAIL,NL-NB,9007.6,Monthly,2025-03-01,2025-03-31,KG,2.754,2.754
Blueberry_SekoyaPop,RETAIL,NL-NB,7823.17,Monthly,2025-04-01,2025-04-30,KG,2.788,2.788
Blueberry_SekoyaPop,RETAIL,NL-NB,7467.03,Monthly,2025-05-01,2025-05-31,KG,2.729,2.729
Blueberry_SekoyaPop,RETAIL,NL-NB,7428.389999999999,Monthly,2025-06-01,2025-06-30,KG,2.757,2.757
Blueberry_SekoyaPop,RETAIL,NL-NB,7683.49,Monthly,2025-07-01,2025-07-31,KG,2.788,2.788
Blueberry_SekoyaPop,RETAIL,NL-NB,8588.39,Monthly,2025-08-01,2025-08-31,KG,2.349,2.349
Blueberry_SekoyaPop,RETAIL,NL-NB,8924.58,Monthly,2025-09-01,2025-09-30,KG,2.369,2.369
Blueberry_SekoyaPop,RETAIL,NL-NB,8790.529999999999,Monthly,2025-10-01,2025-10-31,KG,2.367,2.367
Blueberry_SekoyaPop,RETAIL,NL-NB,9021.26,Monthly,2025-11-01,2025-11-30,KG,2.744,2.744
Blueberry_SekoyaPop,RETAIL,NL-NB,8789.04,Monthly,2025-12-01,2025-12-31,KG,2.77,2.77
Blueberry_SekoyaPop,RETAIL,NL-NB,8389.24,Monthly,2026-01-01,2026-01-31,KG,2.775,2.775
Blueberry_SekoyaPop,RETAIL,NL-NH,7561.13,Monthly,2023-02-01,2023-02-28,KG,2.871,2.871
Blueberry_SekoyaPop,RETAIL,NL-NH,7729.9400000000005,Monthly,2023-03-01,2023-03-31,KG,2.861,2.861
Blueberry_SekoyaPop,RETAIL,NL-NH,7114.73,Monthly,2023-04-01,2023-04-30,KG,2.853,2.853
Blueberry_SekoyaPop,RETAIL,NL-NH,7448.860000000001,Monthly,2023-05-01,2023-05-31,KG,2.872,2.872
Blueberry_SekoyaPop,RETAIL,NL-NH,7486.78,Monthly,2023-06-01,2023-06-30,KG,2.856,2.856
Blueberry_SekoyaPop,RETAIL,NL-NH,7230.8,Monthly,2023-07-01,2023-07-31,KG,2.847,2.847
Blueberry_SekoyaPop,RETAIL,NL-NH,8236.17,Monthly,2023-08-01,2023-08-31,KG,2.407,2.407
Blueberry_SekoyaPop,RETAIL,NL-NH,9309.46,Monthly,2023-09-01,2023-09-30,KG,2.427,2.427
Blueberry_SekoyaPop,RETAIL,NL-NH,8864.32,Monthly,2023-10-01,2023-10-31,KG,2.439,2.439
Blueberry_SekoyaPop,RETAIL,NL-NH,8152.27,Monthly,2023-11-01,2023-11-30,KG,2.801,2.801
Blueberry_SekoyaPop,RETAIL,NL-NH,8692.92,Monthly,2023-12-01,2023-12-31,KG,2.821,2.821
Blueberry_SekoyaPop,RETAIL,NL-NH,8752.82,Monthly,2024-01-01,2024-01-31,KG,2.849,2.849
Blueberry_SekoyaPop,RETAIL,NL-NH,7483.75,Monthly,2024-02-01,2024-02-29,KG,2.842,2.842
Blueberry_SekoyaPop,RETAIL,NL-NH,8207.460000000001,Monthly,2024-03-01,2024-03-31,KG,2.847,2.847
Blueberry_SekoyaPop,RETAIL,NL-NH,7244.63,Monthly,2024-04-01,2024-04-30,KG,2.828,2.828
Blueberry_SekoyaPop,RETAIL,NL-NH,7172.629999999999,Monthly,2024-05-01,2024-05-31,KG,2.858,2.858
Blueberry_SekoyaPop,RETAIL,NL-NH,6953.07,Monthly,2024-06-01,2024-06-30,KG,2.83,2.83
Blueberry_SekoyaPop,RETAIL,NL-NH,7142.6,Monthly,2024-07-01,2024-07-31,KG,2.832,2.832
Blueberry_SekoyaPop,RETAIL,NL-NH,8748.66,Monthly,2024-08-01,2024-08-31,KG,2.414,2.414
Blueberry_SekoyaPop,RETAIL,NL-NH,8720.54,Monthly,2024-09-01,2024-09-30,KG,2.399,2.399
Blueberry_SekoyaPop,RETAIL,NL-NH,9790.68,Monthly,2024-10-01,2024-10-31,KG,2.444,2.444
Blueberry_SekoyaPop,RETAIL,NL-NH,8852.64,Monthly,2024-11-01,2024-11-30,KG,2.868,2.868
Blueberry_SekoyaPop,RETAIL,NL-NH,9016.64,Monthly,2024-12-01,2024-12-31,KG,2.836,2.836
Blueberry_SekoyaPop,RETAIL,NL-NH,8405.61,Monthly,2025-01-01,2025-01-31,KG,2.828,2.828
Blueberry_SekoyaPop,RETAIL,NL-NH,7604.45,Monthly,2025-02-01,2025-02-28,KG,2.83,2.83
Blueberry_SekoyaPop,RETAIL,NL-NH,9140.0,Monthly,2025-03-01,2025-03-31,KG,2.856,2.856
Blueberry_SekoyaPop,RETAIL,NL-NH,8066.6,Monthly,2025-04-01,2025-04-30,KG,2.844,2.844
Blueberry_SekoyaPop,RETAIL,NL-NH,7866.93,Monthly,2025-05-01,2025-05-31,KG,2.841,2.841
Blueberry_SekoyaPop,RETAIL,NL-NH,7172.95,Monthly,2025-06-01,2025-06-30,KG,2.85,2.85
Blueberry_SekoyaPop,RETAIL,NL-NH,7542.5599999999995,Monthly,2025-07-01,2025-07-31,KG,2.817,2.817
Blueberry_SekoyaPop,RETAIL,NL-NH,8840.55,Monthly,2025-08-01,2025-08-31,KG,2.448,2.448
Blueberry_SekoyaPop,RETAIL,NL-NH,9159.75,Monthly,2025-09-01,2025-09-30,KG,2.435,2.435
Blueberry_SekoyaPop,RETAIL,NL-NH,8842.08,Monthly,2025-10-01,2025-10-31,KG,2.429,2.429
Blueberry_SekoyaPop,RETAIL,NL-NH,9105.08,Monthly,2025-11-01,2025-11-30,KG,2.87,2.87
Blueberry_SekoyaPop,RETAIL,NL-NH,9174.75,Monthly,2025-12-01,2025-12-31,KG,2.807,2.807
Blueberry_SekoyaPop,RETAIL,NL-NH,8227.65,Monthly,2026-01-01,2026-01-31,KG,2.823,2.823
Blueberry_SekoyaPop,RETAIL,NL-ZH,7996.96,Monthly,2023-02-01,2023-02-28,KG,2.934,2.934
Blueberry_SekoyaPop,RETAIL,NL-ZH,7638.49,Monthly,2023-03-01,2023-03-31,KG,2.92,2.92
Blueberry_SekoyaPop,RETAIL,NL-ZH,7446.110000000001,Monthly,2023-04-01,2023-04-30,KG,2.889,2.889
Blueberry_SekoyaPop,RETAIL,NL-ZH,7612.57,Monthly,2023-05-01,2023-05-31,KG,2.917,2.917
Blueberry_SekoyaPop,RETAIL,NL-ZH,7829.32,Monthly,2023-06-01,2023-06-30,KG,2.894,2.894
Blueberry_SekoyaPop,RETAIL,NL-ZH,7545.98,Monthly,2023-07-01,2023-07-31,KG,2.941,2.941
Blueberry_SekoyaPop,RETAIL,NL-ZH,8627.4,Monthly,2023-08-01,2023-08-31,KG,2.503,2.503
Blueberry_SekoyaPop,RETAIL,NL-ZH,9727.57,Monthly,2023-09-01,2023-09-30,KG,2.471,2.471
Blueberry_SekoyaPop,RETAIL,NL-ZH,8940.89,Monthly,2023-10-01,2023-10-31,KG,2.509,2.509
Blueberry_SekoyaPop,RETAIL,NL-ZH,8587.07,Monthly,2023-11-01,2023-11-30,KG,2.964,2.964
Blueberry_SekoyaPop,RETAIL,NL-ZH,8972.77,Monthly,2023-12-01,2023-12-31,KG,2.911,2.911
Blueberry_SekoyaPop,RETAIL,NL-ZH,9201.65,Monthly,2024-01-01,2024-01-31,KG,2.889,2.889
Blueberry_SekoyaPop,RETAIL,NL-ZH,7965.8099999999995,Monthly,2024-02-01,2024-02-29,KG,2.938,2.938
Blueberry_SekoyaPop,RETAIL,NL-ZH,8574.14,Monthly,2024-03-01,2024-03-31,KG,2.912,2.912
Blueberry_SekoyaPop,RETAIL,NL-ZH,7466.42,Monthly,2024-04-01,2024-04-30,KG,2.897,2.897
Blueberry_SekoyaPop,RETAIL,NL-ZH,7197.849999999999,Monthly,2024-05-01,2024-05-31,KG,2.957,2.957
Blueberry_SekoyaPop,RETAIL,NL-ZH,7280.93,Monthly,2024-06-01,2024-06-30,KG,2.918,2.918
Blueberry_SekoyaPop,RETAIL,NL-ZH,7462.48,Monthly,2024-07-01,2024-07-31,KG,2.945,2.945
Blueberry_SekoyaPop,RETAIL,NL-ZH,9275.0,Monthly,2024-08-01,2024-08-31,KG,2.5,2.5
Blueberry_SekoyaPop,RETAIL,NL-ZH,8697.720000000001,Monthly,2024-09-01,2024-09-30,KG,2.5,2.5
Blueberry_SekoyaPop,RETAIL,NL-ZH,9986.64,Monthly,2024-10-01,2024-10-31,KG,2.532,2.532
Blueberry_SekoyaPop,RETAIL,NL-ZH,8926.16,Monthly,2024-11-01,2024-11-30,KG,2.921,2.921
Blueberry_SekoyaPop,RETAIL,NL-ZH,9269.69,Monthly,2024-12-01,2024-12-31,KG,2.914,2.914
Blueberry_SekoyaPop,RETAIL,NL-ZH,8777.28,Monthly,2025-01-01,2025-01-31,KG,2.949,2.949
Blueberry_SekoyaPop,RETAIL,NL-ZH,7957.51,Monthly,2025-02-01,2025-02-28,KG,2.948,2.948
Blueberry_SekoyaPop,RETAIL,NL-ZH,9305.5,Monthly,2025-03-01,2025-03-31,KG,2.938,2.938
Blueberry_SekoyaPop,RETAIL,NL-ZH,8373.130000000001,Monthly,2025-04-01,2025-04-30,KG,2.928,2.928
Blueberry_SekoyaPop,RETAIL,NL-ZH,8260.6,Monthly,2025-05-01,2025-05-31,KG,2.95,2.95
Blueberry_SekoyaPop,RETAIL,NL-ZH,7491.02,Monthly,2025-06-01,2025-06-30,KG,2.929,2.929
Blueberry_SekoyaPop,RETAIL,NL-ZH,7974.74,Monthly,2025-07-01,2025-07-31,KG,2.959,2.959
Blueberry_SekoyaPop,RETAIL,NL-ZH,9079.4,Monthly,2025-08-01,2025-08-31,KG,2.538,2.538
Blueberry_SekoyaPop,RETAIL,NL-ZH,9272.92,Monthly,2025-09-01,2025-09-30,KG,2.485,2.485
Blueberry_SekoyaPop,RETAIL,NL-ZH,9402.92,Monthly,2025-10-01,2025-10-31,KG,2.516,2.516
Blueberry_SekoyaPop,RETAIL,NL-ZH,9410.11,Monthly,2025-11-01,2025-11-30,KG,2.967,2.967
Blueberry_SekoyaPop,RETAIL,NL-ZH,9960.46,Monthly,2025-12-01,2025-12-31,KG,2.951,2.951
Blueberry_SekoyaPop,RETAIL,NL-ZH,8847.04,Monthly,2026-01-01,2026-01-31,KG,2.889,2.889
Blueberry_SekoyaPop,WHOLESALE,NL-GE,6067.47,Monthly,2023-02-01,2023-02-28,KG,2.68,2.68
Blueberry_SekoyaPop,WHOLESALE,NL-GE,6207.07,Monthly,2023-03-01,2023-03-31,KG,2.692,2.692
Blueberry_SekoyaPop,WHOLESALE,NL-GE,5706.79,Monthly,2023-04-01,2023-04-30,KG,2.666,2.666
Blueberry_SekoyaPop,WHOLESALE,NL-GE,6214.5599999999995,Monthly,2023-05-01,2023-05-31,KG,2.665,2.665
Blueberry_SekoyaPop,WHOLESALE,NL-GE,6033.85,Monthly,2023-06-01,2023-06-30,KG,2.702,2.702
Blueberry_SekoyaPop,WHOLESALE,NL-GE,6126.71,Monthly,2023-07-01,2023-07-31,KG,2.659,2.659
Blueberry_SekoyaPop,WHOLESALE,NL-GE,6892.99,Monthly,2023-08-01,2023-08-31,KG,2.296,2.296
Blueberry_SekoyaPop,WHOLESALE,NL-GE,7414.47,Monthly,2023-09-01,2023-09-30,KG,2.29,2.29
Blueberry_SekoyaPop,WHOLESALE,NL-GE,7031.37,Monthly,2023-10-01,2023-10-31,KG,2.275,2.275
Blueberry_SekoyaPop,WHOLESALE,NL-GE,6917.0599999999995,Monthly,2023-11-01,2023-11-30,KG,2.691,2.691
Blueberry_SekoyaPop,WHOLESALE,NL-GE,6690.7,Monthly,2023-12-01,2023-12-31,KG,2.689,2.689
Blueberry_SekoyaPop,WHOLESALE,NL-GE,7088.92,Monthly,2024-01-01,2024-01-31,KG,2.678,2.678
Blueberry_SekoyaPop,WHOLESALE,NL-GE,6101.07,Monthly,2024-02-01,2024-02-29,KG,2.657,2.657
Blueberry_SekoyaPop,WHOLESALE,NL-GE,6611.379999999999,Monthly,2024-03-01,2024-03-31,KG,2.685,2.685
Blueberry_SekoyaPop,WHOLESALE,NL-GE,5585.74,Monthly,2024-04-01,2024-04-30,KG,2.667,2.667
Blueberry_SekoyaPop,WHOLESALE,NL-GE,5782.39,Monthly,2024-05-01,2024-05-31,KG,2.66,2.66
Blueberry_SekoyaPop,WHOLESALE,NL-GE,5415.110000000001,Monthly,2024-06-01,2024-06-30,KG,2.66,2.66
Blueberry_SekoyaPop,WHOLESALE,NL-GE,6161.24,Monthly,2024-07-01,2024-07-31,KG,2.636,2.636
Blueberry_SekoyaPop,WHOLESALE,NL-GE,7068.26,Monthly,2024-08-01,2024-08-31,KG,2.255,2.255
Blueberry_SekoyaPop,WHOLESALE,NL-GE,7087.6900000000005,Monthly,2024-09-01,2024-09-30,KG,2.288,2.288
Blueberry_SekoyaPop,WHOLESALE,NL-GE,7733.4,Monthly,2024-10-01,2024-10-31,KG,2.268,2.268
Blueberry_SekoyaPop,WHOLESALE,NL-GE,7129.57,Monthly,2024-11-01,2024-11-30,KG,2.655,2.655
Blueberry_SekoyaPop,WHOLESALE,NL-GE,7267.13,Monthly,2024-12-01,2024-12-31,KG,2.692,2.692
Blueberry_SekoyaPop,WHOLESALE,NL-GE,6674.83,Monthly,2025-01-01,2025-01-31,KG,2.668,2.668
Blueberry_SekoyaPop,WHOLESALE,NL-GE,6119.23,Monthly,2025-02-01,2025-02-28,KG,2.648,2.648
Blueberry_SekoyaPop,WHOLESALE,NL-GE,7387.3,Monthly,2025-03-01,2025-03-31,KG,2.695,2.695
Blueberry_SekoyaPop,WHOLESALE,NL-GE,6601.91,Monthly,2025-04-01,2025-04-30,KG,2.662,2.662
Blueberry_SekoyaPop,WHOLESALE,NL-GE,6302.01,Monthly,2025-05-01,2025-05-31,KG,2.686,2.686
Blueberry_SekoyaPop,WHOLESALE,NL-GE,5744.85,Monthly,2025-06-01,2025-06-30,KG,2.684,2.684
Blueberry_SekoyaPop,WHOLESALE,NL-GE,6279.79,Monthly,2025-07-01,2025-07-31,KG,2.641,2.641
Blueberry_SekoyaPop,WHOLESALE,NL-GE,7140.32,Monthly,2025-08-01,2025-08-31,KG,2.263,2.263
Blueberry_SekoyaPop,WHOLESALE,NL-GE,7175.34,Monthly,2025-09-01,2025-09-30,KG,2.273,2.273
Blueberry_SekoyaPop,WHOLESALE,NL-GE,7242.57,Monthly,2025-10-01,2025-10-31,KG,2.275,2.275
Blueberry_SekoyaPop,WHOLESALE,NL-GE,7202.389999999999,Monthly,2025-11-01,2025-11-30,KG,2.676,2.676
Blueberry_SekoyaPop,WHOLESALE,NL-GE,7545.1900000000005,Monthly,2025-12-01,2025-12-31,KG,2.681,2.681
Blueberry_SekoyaPop,WHOLESALE,NL-GE,6875.87,Monthly,2026-01-01,2026-01-31,KG,2.682,2.682
Blueberry_SekoyaPop,WHOLESALE,NL-NB,6372.06,Monthly,2023-02-01,2023-02-28,KG,2.774,2.774
Blueberry_SekoyaPop,WHOLESALE,NL-NB,6172.47,Monthly,2023-03-01,2023-03-31,KG,2.79,2.79
Blueberry_SekoyaPop,WHOLESALE,NL-NB,5888.1,Monthly,2023-04-01,2023-04-30,KG,2.745,2.745
Blueberry_SekoyaPop,WHOLESALE,NL-NB,6311.0599999999995,Monthly,2023-05-01,2023-05-31,KG,2.781,2.781
Blueberry_SekoyaPop,WHOLESALE,NL-NB,6195.11,Monthly,2023-06-01,2023-06-30,KG,2.773,2.773
Blueberry_SekoyaPop,WHOLESALE,NL-NB,6191.93,Monthly,2023-07-01,2023-07-31,KG,2.786,2.786
Blueberry_SekoyaPop,WHOLESALE,NL-NB,6838.13,Monthly,2023-08-01,2023-08-31,KG,2.356,2.356
Blueberry_SekoyaPop,WHOLESALE,NL-NB,7675.68,Monthly,2023-09-01,2023-09-30,KG,2.364,2.364
Blueberry_SekoyaPop,WHOLESALE,NL-NB,7681.469999999999,Monthly,2023-10-01,2023-10-31,KG,2.377,2.377
Blueberry_SekoyaPop,WHOLESALE,NL-NB,7271.51,Monthly,2023-11-01,2023-11-30,KG,2.735,2.735
Blueberry_SekoyaPop,WHOLESALE,NL-NB,7255.4,Monthly,2023-12-01,2023-12-31,KG,2.787,2.787
Blueberry_SekoyaPop,WHOLESALE,NL-NB,7079.7,Monthly,2024-01-01,2024-01-31,KG,2.763,2.763
Blueberry_SekoyaPop,WHOLESALE,NL-NB,6361.0,Monthly,2024-02-01,2024-02-29,KG,2.743,2.743
Blueberry_SekoyaPop,WHOLESALE,NL-NB,6893.6900000000005,Monthly,2024-03-01,2024-03-31,KG,2.744,2.744
Blueberry_SekoyaPop,WHOLESALE,NL-NB,5938.02,Monthly,2024-04-01,2024-04-30,KG,2.722,2.722
Blueberry_SekoyaPop,WHOLESALE,NL-NB,5810.34,Monthly,2024-05-01,2024-05-31,KG,2.746,2.746
Blueberry_SekoyaPop,WHOLESALE,NL-NB,5785.31,Monthly,2024-06-01,2024-06-30,KG,2.767,2.767
Blueberry_SekoyaPop,WHOLESALE,NL-NB,6277.22,Monthly,2024-07-01,2024-07-31,KG,2.794,2.794
Blueberry_SekoyaPop,WHOLESALE,NL-NB,7231.72,Monthly,2024-08-01,2024-08-31,KG,2.343,2.343
Blueberry_SekoyaPop,WHOLESALE,NL-NB,7379.6900000000005,Monthly,2024-09-01,2024-09-30,KG,2.338,2.338
Blueberry_SekoyaPop,WHOLESALE,NL-NB,7659.87,Monthly,2024-10-01,2024-10-31,KG,2.369,2.369
Blueberry_SekoyaPop,WHOLESALE,NL-NB,7461.66,Monthly,2024-11-01,2024-11-30,KG,2.774,2.774
Blueberry_SekoyaPop,WHOLESALE,NL-NB,7263.88,Monthly,2024-12-01,2024-12-31,KG,2.738,2.738
Blueberry_SekoyaPop,WHOLESALE,NL-NB,6876.030000000001,Monthly,2025-01-01,2025-01-31,KG,2.766,2.766
Blueberry_SekoyaPop,WHOLESALE,NL-NB,6507.18,Monthly,2025-02-01,2025-02-28,KG,2.758,2.758
Blueberry_SekoyaPop,WHOLESALE,NL-NB,7378.82,Monthly,2025-03-01,2025-03-31,KG,2.808,2.808
Blueberry_SekoyaPop,WHOLESALE,NL-NB,6873.64,Monthly,2025-04-01,2025-04-30,KG,2.732,2.732
Blueberry_SekoyaPop,WHOLESALE,NL-NB,6385.04,Monthly,2025-05-01,2025-05-31,KG,2.764,2.764
Blueberry_SekoyaPop,WHOLESALE,NL-NB,6108.42,Monthly,2025-06-01,2025-06-30,KG,2.772,2.772
Blueberry_SekoyaPop,WHOLESALE,NL-NB,6538.58,Monthly,2025-07-01,2025-07-31,KG,2.76,2.76
Blueberry_SekoyaPop,WHOLESALE,NL-NB,7283.76,Monthly,2025-08-01,2025-08-31,KG,2.346,2.346
Blueberry_SekoyaPop,WHOLESALE,NL-NB,7738.280000000001,Monthly,2025-09-01,2025-09-30,KG,2.338,2.338
Blueberry_SekoyaPop,WHOLESALE,NL-NB,7480.45,Monthly,2025-10-01,2025-10-31,KG,2.357,2.357
Blueberry_SekoyaPop,WHOLESALE,NL-NB,7778.37,Monthly,2025-11-01,2025-11-30,KG,2.773,2.773
Blueberry_SekoyaPop,WHOLESALE,NL-NB,7972.0,Monthly,2025-12-01,2025-12-31,KG,2.77,2.77
Blueberry_SekoyaPop,WHOLESALE,NL-NB,7055.55,Monthly,2026-01-01,2026-01-31,KG,2.758,2.758
Blueberry_SekoyaPop,WHOLESALE,NL-NH,6567.2699999999995,Monthly,2023-02-01,2023-02-28,KG,2.858,2.858
Blueberry_SekoyaPop,WHOLESALE,NL-NH,6363.84,Monthly,2023-03-01,2023-03-31,KG,2.834,2.834
Blueberry_SekoyaPop,WHOLESALE,NL-NH,6075.42,Monthly,2023-04-01,2023-04-30,KG,2.824,2.824
Blueberry_SekoyaPop,WHOLESALE,NL-NH,6371.71,Monthly,2023-05-01,2023-05-31,KG,2.827,2.827
Blueberry_SekoyaPop,WHOLESALE,NL-NH,6472.66,Monthly,2023-06-01,2023-06-30,KG,2.878,2.878
Blueberry_SekoyaPop,WHOLESALE,NL-NH,6266.4400000000005,Monthly,2023-07-01,2023-07-31,KG,2.833,2.833
Blueberry_SekoyaPop,WHOLESALE,NL-NH,7066.54,Monthly,2023-08-01,2023-08-31,KG,2.433,2.433
Blueberry_SekoyaPop,WHOLESALE,NL-NH,8134.93,Monthly,2023-09-01,2023-09-30,KG,2.424,2.424
Blueberry_SekoyaPop,WHOLESALE,NL-NH,7613.0599999999995,Monthly,2023-10-01,2023-10-31,KG,2.41,2.41
Blueberry_SekoyaPop,WHOLESALE,NL-NH,7219.86,Monthly,2023-11-01,2023-11-30,KG,2.845,2.845
Blueberry_SekoyaPop,WHOLESALE,NL-NH,7486.92,Monthly,2023-12-01,2023-12-31,KG,2.858,2.858
Blueberry_SekoyaPop,WHOLESALE,NL-NH,7617.43,Monthly,2024-01-01,2024-01-31,KG,2.851,2.851
Blueberry_SekoyaPop,WHOLESALE,NL-NH,6308.66,Monthly,2024-02-01,2024-02-29,KG,2.837,2.837
Blueberry_SekoyaPop,WHOLESALE,NL-NH,6954.08,Monthly,2024-03-01,2024-03-31,KG,2.826,2.826
Blueberry_SekoyaPop,WHOLESALE,NL-NH,6298.05,Monthly,2024-04-01,2024-04-30,KG,2.822,2.822
Blueberry_SekoyaPop,WHOLESALE,NL-NH,6181.84,Monthly,2024-05-01,2024-05-31,KG,2.867,2.867
Blueberry_SekoyaPop,WHOLESALE,NL-NH,5922.04,Monthly,2024-06-01,2024-06-30,KG,2.854,2.854
Blueberry_SekoyaPop,WHOLESALE,NL-NH,6101.46,Monthly,2024-07-01,2024-07-31,KG,2.816,2.816
Blueberry_SekoyaPop,WHOLESALE,NL-NH,7806.92,Monthly,2024-08-01,2024-08-31,KG,2.412,2.412
Blueberry_SekoyaPop,WHOLESALE,NL-NH,7509.6,Monthly,2024-09-01,2024-09-30,KG,2.403,2.403
Blueberry_SekoyaPop,WHOLESALE,NL-NH,8616.939999999999,Monthly,2024-10-01,2024-10-31,KG,2.401,2.401
Blueberry_SekoyaPop,WHOLESALE,NL-NH,7586.59,Monthly,2024-11-01,2024-11-30,KG,2.824,2.824
Blueberry_SekoyaPop,WHOLESALE,NL-NH,7756.139999999999,Monthly,2024-12-01,2024-12-31,KG,2.856,2.856
Blueberry_SekoyaPop,WHOLESALE,NL-NH,7310.55,Monthly,2025-01-01,2025-01-31,KG,2.839,2.839
Blueberry_SekoyaPop,WHOLESALE,NL-NH,6703.82,Monthly,2025-02-01,2025-02-28,KG,2.833,2.833
Blueberry_SekoyaPop,WHOLESALE,NL-NH,7624.16,Monthly,2025-03-01,2025-03-31,KG,2.84,2.84
Blueberry_SekoyaPop,WHOLESALE,NL-NH,7046.67,Monthly,2025-04-01,2025-04-30,KG,2.829,2.829
Blueberry_SekoyaPop,WHOLESALE,NL-NH,6589.67,Monthly,2025-05-01,2025-05-31,KG,2.814,2.814
Blueberry_SekoyaPop,WHOLESALE,NL-NH,6254.39,Monthly,2025-06-01,2025-06-30,KG,2.829,2.829
Blueberry_SekoyaPop,WHOLESALE,NL-NH,6472.8,Monthly,2025-07-01,2025-07-31,KG,2.867,2.867
Blueberry_SekoyaPop,WHOLESALE,NL-NH,7674.86,Monthly,2025-08-01,2025-08-31,KG,2.422,2.422
Blueberry_SekoyaPop,WHOLESALE,NL-NH,7736.35,Monthly,2025-09-01,2025-09-30,KG,2.433,2.433
Blueberry_SekoyaPop,WHOLESALE,NL-NH,7507.79,Monthly,2025-10-01,2025-10-31,KG,2.426,2.426
Blueberry_SekoyaPop,WHOLESALE,NL-NH,7621.73,Monthly,2025-11-01,2025-11-30,KG,2.833,2.833
Blueberry_SekoyaPop,WHOLESALE,NL-NH,8239.52,Monthly,2025-12-01,2025-12-31,KG,2.846,2.846
Blueberry_SekoyaPop,WHOLESALE,NL-NH,7240.37,Monthly,2026-01-01,2026-01-31,KG,2.849,2.849
Blueberry_SekoyaPop,WHOLESALE,NL-ZH,6734.88,Monthly,2023-02-01,2023-02-28,KG,2.96,2.96
Blueberry_SekoyaPop,WHOLESALE,NL-ZH,6655.74,Monthly,2023-03-01,2023-03-31,KG,2.932,2.932
Blueberry_SekoyaPop,WHOLESALE,NL-ZH,6182.33,Monthly,2023-04-01,2023-04-30,KG,2.923,2.923
Blueberry_SekoyaPop,WHOLESALE,NL-ZH,6708.71,Monthly,2023-05-01,2023-05-31,KG,2.952,2.952
Blueberry_SekoyaPop,WHOLESALE,NL-ZH,6671.96,Monthly,2023-06-01,2023-06-30,KG,2.942,2.942
Blueberry_SekoyaPop,WHOLESALE,NL-ZH,6448.05,Monthly,2023-07-01,2023-07-31,KG,2.922,2.922
Blueberry_SekoyaPop,WHOLESALE,NL-ZH,7250.9800000000005,Monthly,2023-08-01,2023-08-31,KG,2.491,2.491
Blueberry_SekoyaPop,WHOLESALE,NL-ZH,7973.85,Monthly,2023-09-01,2023-09-30,KG,2.482,2.482
Blueberry_SekoyaPop,WHOLESALE,NL-ZH,7804.52,Monthly,2023-10-01,2023-10-31,KG,2.501,2.501
Blueberry_SekoyaPop,WHOLESALE,NL-ZH,7221.110000000001,Monthly,2023-11-01,2023-11-30,KG,2.953,2.953
Blueberry_SekoyaPop,WHOLESALE,NL-ZH,7840.5,Monthly,2023-12-01,2023-12-31,KG,2.955,2.955
Blueberry_SekoyaPop,WHOLESALE,NL-ZH,8038.219999999999,Monthly,2024-01-01,2024-01-31,KG,2.942,2.942
Blueberry_SekoyaPop,WHOLESALE,NL-ZH,6719.88,Monthly,2024-02-01,2024-02-29,KG,2.916,2.916
Blueberry_SekoyaPop,WHOLESALE,NL-ZH,7262.9400000000005,Monthly,2024-03-01,2024-03-31,KG,2.888,2.888
Blueberry_SekoyaPop,WHOLESALE,NL-ZH,6448.55,Monthly,2024-04-01,2024-04-30,KG,2.964,2.964
Blueberry_SekoyaPop,WHOLESALE,NL-ZH,6273.07,Monthly,2024-05-01,2024-05-31,KG,2.93,2.93
Blueberry_SekoyaPop,WHOLESALE,NL-ZH,5951.74,Monthly,2024-06-01,2024-06-30,KG,2.911,2.911
Blueberry_SekoyaPop,WHOLESALE,NL-ZH,6443.12,Monthly,2024-07-01,2024-07-31,KG,2.938,2.938
Blueberry_SekoyaPop,WHOLESALE,NL-ZH,7390.27,Monthly,2024-08-01,2024-08-31,KG,2.485,2.485
Blueberry_SekoyaPop,WHOLESALE,NL-ZH,7427.17,Monthly,2024-09-01,2024-09-30,KG,2.502,2.502
Blueberry_SekoyaPop,WHOLESALE,NL-ZH,8528.98,Monthly,2024-10-01,2024-10-31,KG,2.485,2.485
Blueberry_SekoyaPop,WHOLESALE,NL-ZH,7966.8,Monthly,2024-11-01,2024-11-30,KG,2.952,2.952
Blueberry_SekoyaPop,WHOLESALE,NL-ZH,7624.59,Monthly,2024-12-01,2024-12-31,KG,2.923,2.923
Blueberry_SekoyaPop,WHOLESALE,NL-ZH,7563.99,Monthly,2025-01-01,2025-01-31,KG,2.923,2.923
Blueberry_SekoyaPop,WHOLESALE,NL-ZH,6621.27,Monthly,2025-02-01,2025-02-28,KG,2.932,2.932
Blueberry_SekoyaPop,WHOLESALE,NL-ZH,7975.78,Monthly,2025-03-01,2025-03-31,KG,2.953,2.953
Blueberry_SekoyaPop,WHOLESALE,NL-ZH,7479.29,Monthly,2025-04-01,2025-04-30,KG,2.928,2.928
Blueberry_SekoyaPop,WHOLESALE,NL-ZH,7011.5599999999995,Monthly,2025-05-01,2025-05-31,KG,2.923,2.923
Blueberry_SekoyaPop,WHOLESALE,NL-ZH,6455.84,Monthly,2025-06-01,2025-06-30,KG,2.953,2.953
Blueberry_SekoyaPop,WHOLESALE,NL-ZH,6844.19,Monthly,2025-07-01,2025-07-31,KG,2.903,2.903
Blueberry_SekoyaPop,WHOLESALE,NL-ZH,7746.13,Monthly,2025-08-01,2025-08-31,KG,2.494,2.494
Blueberry_SekoyaPop,WHOLESALE,NL-ZH,8178.96,Monthly,2025-09-01,2025-09-30,KG,2.509,2.509
Blueberry_SekoyaPop,WHOLESALE,NL-ZH,8258.4,Monthly,2025-10-01,2025-10-31,KG,2.495,2.495
Blueberry_SekoyaPop,WHOLESALE,NL-ZH,7879.04,Monthly,2025-11-01,2025-11-30,KG,2.932,2.932
Blueberry_SekoyaPop,WHOLESALE,NL-ZH,8413.76,Monthly,2025-12-01,2025-12-31,KG,2.924,2.924
Blueberry_SekoyaPop,WHOLESALE,NL-ZH,7562.360000000001,Monthly,2026-01-01,2026-01-31,KG,2.909,2.909
Blueberry_Ventura,ONLINE,NL-GE,3702.2799999999997,Monthly,2023-02-01,2023-02-28,KG,2.678,2.678
Blueberry_Ventura,ONLINE,NL-GE,3816.2200000000003,Monthly,2023-03-01,2023-03-31,KG,2.668,2.668
Blueberry_Ventura,ONLINE,NL-GE,3304.54,Monthly,2023-04-01,2023-04-30,KG,2.702,2.702
Blueberry_Ventura,ONLINE,NL-GE,3835.42,Monthly,2023-05-01,2023-05-31,KG,2.701,2.701
Blueberry_Ventura,ONLINE,NL-GE,3781.54,Monthly,2023-06-01,2023-06-30,KG,2.663,2.663
Blueberry_Ventura,ONLINE,NL-GE,3762.62,Monthly,2023-07-01,2023-07-31,KG,2.673,2.673
Blueberry_Ventura,ONLINE,NL-GE,4107.6,Monthly,2023-08-01,2023-08-31,KG,2.284,2.284
Blueberry_Ventura,ONLINE,NL-GE,4512.0,Monthly,2023-09-01,2023-09-30,KG,2.3,2.3
Blueberry_Ventura,ONLINE,NL-GE,4317.54,Monthly,2023-10-01,2023-10-31,KG,2.278,2.278
Blueberry_Ventura,ONLINE,NL-GE,4166.29,Monthly,2023-11-01,2023-11-30,KG,2.7,2.7
Blueberry_Ventura,ONLINE,NL-GE,4054.5699999999997,Monthly,2023-12-01,2023-12-31,KG,2.712,2.712
Blueberry_Ventura,ONLINE,NL-GE,4174.09,Monthly,2024-01-01,2024-01-31,KG,2.695,2.695
Blueberry_Ventura,ONLINE,NL-GE,3604.21,Monthly,2024-02-01,2024-02-29,KG,2.702,2.702
Blueberry_Ventura,ONLINE,NL-GE,4023.1499999999996,Monthly,2024-03-01,2024-03-31,KG,2.692,2.692
Blueberry_Ventura,ONLINE,NL-GE,3551.01,Monthly,2024-04-01,2024-04-30,KG,2.667,2.667
Blueberry_Ventura,ONLINE,NL-GE,3582.95,Monthly,2024-05-01,2024-05-31,KG,2.669,2.669
Blueberry_Ventura,ONLINE,NL-GE,3467.0199999999995,Monthly,2024-06-01,2024-06-30,KG,2.703,2.703
Blueberry_Ventura,ONLINE,NL-GE,3695.74,Monthly,2024-07-01,2024-07-31,KG,2.682,2.682
Blueberry_Ventura,ONLINE,NL-GE,4275.29,Monthly,2024-08-01,2024-08-31,KG,2.285,2.285
Blueberry_Ventura,ONLINE,NL-GE,4216.15,Monthly,2024-09-01,2024-09-30,KG,2.293,2.293
Blueberry_Ventura,ONLINE,NL-GE,4696.96,Monthly,2024-10-01,2024-10-31,KG,2.289,2.289
Blueberry_Ventura,ONLINE,NL-GE,4342.41,Monthly,2024-11-01,2024-11-30,KG,2.664,2.664
Blueberry_Ventura,ONLINE,NL-GE,4206.83,Monthly,2024-12-01,2024-12-31,KG,2.646,2.646
Blueberry_Ventura,ONLINE,NL-GE,4092.85,Monthly,2025-01-01,2025-01-31,KG,2.691,2.691
Blueberry_Ventura,ONLINE,NL-GE,3625.56,Monthly,2025-02-01,2025-02-28,KG,2.673,2.673
Blueberry_Ventura,ONLINE,NL-GE,4383.7,Monthly,2025-03-01,2025-03-31,KG,2.671,2.671
Blueberry_Ventura,ONLINE,NL-GE,3961.55,Monthly,2025-04-01,2025-04-30,KG,2.704,2.704
Blueberry_Ventura,ONLINE,NL-GE,3828.8599999999997,Monthly,2025-05-01,2025-05-31,KG,2.695,2.695
Blueberry_Ventura,ONLINE,NL-GE,3562.58,Monthly,2025-06-01,2025-06-30,KG,2.692,2.692
Blueberry_Ventura,ONLINE,NL-GE,3810.7200000000003,Monthly,2025-07-01,2025-07-31,KG,2.684,2.684
Blueberry_Ventura,ONLINE,NL-GE,4171.9,Monthly,2025-08-01,2025-08-31,KG,2.305,2.305
Blueberry_Ventura,ONLINE,NL-GE,4329.110000000001,Monthly,2025-09-01,2025-09-30,KG,2.276,2.276
Blueberry_Ventura,ONLINE,NL-GE,4375.66,Monthly,2025-10-01,2025-10-31,KG,2.274,2.274
Blueberry_Ventura,ONLINE,NL-GE,4323.8,Monthly,2025-11-01,2025-11-30,KG,2.669,2.669
Blueberry_Ventura,ONLINE,NL-GE,4604.39,Monthly,2025-12-01,2025-12-31,KG,2.658,2.658
Blueberry_Ventura,ONLINE,NL-GE,4223.26,Monthly,2026-01-01,2026-01-31,KG,2.661,2.661
Blueberry_Ventura,ONLINE,NL-NB,3925.7200000000003,Monthly,2023-02-01,2023-02-28,KG,2.772,2.772
Blueberry_Ventura,ONLINE,NL-NB,3670.05,Monthly,2023-03-01,2023-03-31,KG,2.758,2.758
Blueberry_Ventura,ONLINE,NL-NB,3619.1400000000003,Monthly,2023-04-01,2023-04-30,KG,2.746,2.746
Blueberry_Ventura,ONLINE,NL-NB,3816.8500000000004,Monthly,2023-05-01,2023-05-31,KG,2.79,2.79
Blueberry_Ventura,ONLINE,NL-NB,3680.2200000000003,Monthly,2023-06-01,2023-06-30,KG,2.727,2.727
Blueberry_Ventura,ONLINE,NL-NB,3776.37,Monthly,2023-07-01,2023-07-31,KG,2.766,2.766
Blueberry_Ventura,ONLINE,NL-NB,4228.28,Monthly,2023-08-01,2023-08-31,KG,2.356,2.356
Blueberry_Ventura,ONLINE,NL-NB,4894.08,Monthly,2023-09-01,2023-09-30,KG,2.357,2.357
Blueberry_Ventura,ONLINE,NL-NB,4619.93,Monthly,2023-10-01,2023-10-31,KG,2.37,2.37
Blueberry_Ventura,ONLINE,NL-NB,4164.91,Monthly,2023-11-01,2023-11-30,KG,2.792,2.792
Blueberry_Ventura,ONLINE,NL-NB,4338.0,Monthly,2023-12-01,2023-12-31,KG,2.76,2.76
Blueberry_Ventura,ONLINE,NL-NB,4257.3,Monthly,2024-01-01,2024-01-31,KG,2.738,2.738
Blueberry_Ventura,ONLINE,NL-NB,3821.96,Monthly,2024-02-01,2024-02-29,KG,2.768,2.768
Blueberry_Ventura,ONLINE,NL-NB,4065.4399999999996,Monthly,2024-03-01,2024-03-31,KG,2.764,2.764
Blueberry_Ventura,ONLINE,NL-NB,3567.2799999999997,Monthly,2024-04-01,2024-04-30,KG,2.74,2.74
Blueberry_Ventura,ONLINE,NL-NB,3543.7200000000003,Monthly,2024-05-01,2024-05-31,KG,2.789,2.789
Blueberry_Ventura,ONLINE,NL-NB,3399.75,Monthly,2024-06-01,2024-06-30,KG,2.762,2.762
Blueberry_Ventura,ONLINE,NL-NB,3846.96,Monthly,2024-07-01,2024-07-31,KG,2.744,2.744
Blueberry_Ventura,ONLINE,NL-NB,4434.05,Monthly,2024-08-01,2024-08-31,KG,2.348,2.348
Blueberry_Ventura,ONLINE,NL-NB,4497.110000000001,Monthly,2024-09-01,2024-09-30,KG,2.33,2.33
Blueberry_Ventura,ONLINE,NL-NB,4669.82,Monthly,2024-10-01,2024-10-31,KG,2.338,2.338
Blueberry_Ventura,ONLINE,NL-NB,4395.73,Monthly,2024-11-01,2024-11-30,KG,2.774,2.774
Blueberry_Ventura,ONLINE,NL-NB,4449.26,Monthly,2024-12-01,2024-12-31,KG,2.744,2.744
Blueberry_Ventura,ONLINE,NL-NB,4218.6900000000005,Monthly,2025-01-01,2025-01-31,KG,2.777,2.777
Blueberry_Ventura,ONLINE,NL-NB,3796.86,Monthly,2025-02-01,2025-02-28,KG,2.77,2.77
Blueberry_Ventura,ONLINE,NL-NB,4556.39,Monthly,2025-03-01,2025-03-31,KG,2.762,2.762
Blueberry_Ventura,ONLINE,NL-NB,4027.68,Monthly,2025-04-01,2025-04-30,KG,2.753,2.753
Blueberry_Ventura,ONLINE,NL-NB,4022.8599999999997,Monthly,2025-05-01,2025-05-31,KG,2.77,2.77
Blueberry_Ventura,ONLINE,NL-NB,3633.71,Monthly,2025-06-01,2025-06-30,KG,2.78,2.78
Blueberry_Ventura,ONLINE,NL-NB,3852.16,Monthly,2025-07-01,2025-07-31,KG,2.739,2.739
Blueberry_Ventura,ONLINE,NL-NB,4329.96,Monthly,2025-08-01,2025-08-31,KG,2.361,2.361
Blueberry_Ventura,ONLINE,NL-NB,4683.530000000001,Monthly,2025-09-01,2025-09-30,KG,2.349,2.349
Blueberry_Ventura,ONLINE,NL-NB,4669.08,Monthly,2025-10-01,2025-10-31,KG,2.346,2.346
Blueberry_Ventura,ONLINE,NL-NB,4474.05,Monthly,2025-11-01,2025-11-30,KG,2.77,2.77
Blueberry_Ventura,ONLINE,NL-NB,4601.29,Monthly,2025-12-01,2025-12-31,KG,2.751,2.751
Blueberry_Ventura,ONLINE,NL-NB,4211.42,Monthly,2026-01-01,2026-01-31,KG,2.767,2.767
Blueberry_Ventura,ONLINE,NL-NH,3801.41,Monthly,2023-02-01,2023-02-28,KG,2.859,2.859
Blueberry_Ventura,ONLINE,NL-NH,3961.6400000000003,Monthly,2023-03-01,2023-03-31,KG,2.844,2.844
Blueberry_Ventura,ONLINE,NL-NH,3735.4700000000003,Monthly,2023-04-01,2023-04-30,KG,2.823,2.823
Blueberry_Ventura,ONLINE,NL-NH,3968.35,Monthly,2023-05-01,2023-05-31,KG,2.855,2.855
Blueberry_Ventura,ONLINE,NL-NH,3857.0299999999997,Monthly,2023-06-01,2023-06-30,KG,2.816,2.816
Blueberry_Ventura,ONLINE,NL-NH,3837.49,Monthly,2023-07-01,2023-07-31,KG,2.828,2.828
Blueberry_Ventura,ONLINE,NL-NH,4315.63,Monthly,2023-08-01,2023-08-31,KG,2.443,2.443
Blueberry_Ventura,ONLINE,NL-NH,4866.72,Monthly,2023-09-01,2023-09-30,KG,2.422,2.422
Blueberry_Ventura,ONLINE,NL-NH,4573.7,Monthly,2023-10-01,2023-10-31,KG,2.405,2.405
Blueberry_Ventura,ONLINE,NL-NH,4346.76,Monthly,2023-11-01,2023-11-30,KG,2.82,2.82
Blueberry_Ventura,ONLINE,NL-NH,4526.37,Monthly,2023-12-01,2023-12-31,KG,2.826,2.826
Blueberry_Ventura,ONLINE,NL-NH,4318.42,Monthly,2024-01-01,2024-01-31,KG,2.838,2.838
Blueberry_Ventura,ONLINE,NL-NH,3886.8999999999996,Monthly,2024-02-01,2024-02-29,KG,2.868,2.868
Blueberry_Ventura,ONLINE,NL-NH,4112.98,Monthly,2024-03-01,2024-03-31,KG,2.893,2.893
Blueberry_Ventura,ONLINE,NL-NH,3785.9700000000003,Monthly,2024-04-01,2024-04-30,KG,2.86,2.86
Blueberry_Ventura,ONLINE,NL-NH,3638.41,Monthly,2024-05-01,2024-05-31,KG,2.85,2.85
Blueberry_Ventura,ONLINE,NL-NH,3559.4300000000003,Monthly,2024-06-01,2024-06-30,KG,2.863,2.863
Blueberry_Ventura,ONLINE,NL-NH,3808.7,Monthly,2024-07-01,2024-07-31,KG,2.844,2.844
Blueberry_Ventura,ONLINE,NL-NH,4690.45,Monthly,2024-08-01,2024-08-31,KG,2.392,2.392
Blueberry_Ventura,ONLINE,NL-NH,4506.639999999999,Monthly,2024-09-01,2024-09-30,KG,2.42,2.42
Blueberry_Ventura,ONLINE,NL-NH,5025.95,Monthly,2024-10-01,2024-10-31,KG,2.45,2.45
Blueberry_Ventura,ONLINE,NL-NH,4549.87,Monthly,2024-11-01,2024-11-30,KG,2.856,2.856
Blueberry_Ventura,ONLINE,NL-NH,4823.6,Monthly,2024-12-01,2024-12-31,KG,2.854,2.854
Blueberry_Ventura,ONLINE,NL-NH,4541.530000000001,Monthly,2025-01-01,2025-01-31,KG,2.833,2.833
Blueberry_Ventura,ONLINE,NL-NH,4117.14,Monthly,2025-02-01,2025-02-28,KG,2.845,2.845
Blueberry_Ventura,ONLINE,NL-NH,4689.59,Monthly,2025-03-01,2025-03-31,KG,2.829,2.829
Blueberry_Ventura,ONLINE,NL-NH,4214.85,Monthly,2025-04-01,2025-04-30,KG,2.814,2.814
Blueberry_Ventura,ONLINE,NL-NH,4141.11,Monthly,2025-05-01,2025-05-31,KG,2.867,2.867
Blueberry_Ventura,ONLINE,NL-NH,3713.84,Monthly,2025-06-01,2025-06-30,KG,2.819,2.819
Blueberry_Ventura,ONLINE,NL-NH,3892.36,Monthly,2025-07-01,2025-07-31,KG,2.876,2.876
Blueberry_Ventura,ONLINE,NL-NH,4544.48,Monthly,2025-08-01,2025-08-31,KG,2.444,2.444
Blueberry_Ventura,ONLINE,NL-NH,4645.83,Monthly,2025-09-01,2025-09-30,KG,2.432,2.432
Blueberry_Ventura,ONLINE,NL-NH,4660.75,Monthly,2025-10-01,2025-10-31,KG,2.437,2.437
Blueberry_Ventura,ONLINE,NL-NH,4645.1,Monthly,2025-11-01,2025-11-30,KG,2.828,2.828
Blueberry_Ventura,ONLINE,NL-NH,5012.23,Monthly,2025-12-01,2025-12-31,KG,2.828,2.828
Blueberry_Ventura,ONLINE,NL-NH,4375.37,Monthly,2026-01-01,2026-01-31,KG,2.877,2.877
Blueberry_Ventura,ONLINE,NL-ZH,4063.05,Monthly,2023-02-01,2023-02-28,KG,2.952,2.952
Blueberry_Ventura,ONLINE,NL-ZH,4091.28,Monthly,2023-03-01,2023-03-31,KG,2.949,2.949
Blueberry_Ventura,ONLINE,NL-ZH,3725.1400000000003,Monthly,2023-04-01,2023-04-30,KG,2.906,2.906
Blueberry_Ventura,ONLINE,NL-ZH,4014.88,Monthly,2023-05-01,2023-05-31,KG,2.952,2.952
Blueberry_Ventura,ONLINE,NL-ZH,3898.6400000000003,Monthly,2023-06-01,2023-06-30,KG,2.952,2.952
Blueberry_Ventura,ONLINE,NL-ZH,3943.4700000000003,Monthly,2023-07-01,2023-07-31,KG,2.942,2.942
Blueberry_Ventura,ONLINE,NL-ZH,4471.94,Monthly,2023-08-01,2023-08-31,KG,2.507,2.507
Blueberry_Ventura,ONLINE,NL-ZH,5114.35,Monthly,2023-09-01,2023-09-30,KG,2.474,2.474
Blueberry_Ventura,ONLINE,NL-ZH,4842.93,Monthly,2023-10-01,2023-10-31,KG,2.448,2.448
Blueberry_Ventura,ONLINE,NL-ZH,4548.37,Monthly,2023-11-01,2023-11-30,KG,2.941,2.941
Blueberry_Ventura,ONLINE,NL-ZH,4676.18,Monthly,2023-12-01,2023-12-31,KG,2.911,2.911
Blueberry_Ventura,ONLINE,NL-ZH,4823.0,Monthly,2024-01-01,2024-01-31,KG,2.925,2.925
Blueberry_Ventura,ONLINE,NL-ZH,4112.48,Monthly,2024-02-01,2024-02-29,KG,2.925,2.925
Blueberry_Ventura,ONLINE,NL-ZH,4395.6900000000005,Monthly,2024-03-01,2024-03-31,KG,2.918,2.918
Blueberry_Ventura,ONLINE,NL-ZH,3900.1800000000003,Monthly,2024-04-01,2024-04-30,KG,2.976,2.976
Blueberry_Ventura,ONLINE,NL-ZH,3791.42,Monthly,2024-05-01,2024-05-31,KG,2.921,2.921
Blueberry_Ventura,ONLINE,NL-ZH,3685.67,Monthly,2024-06-01,2024-06-30,KG,2.928,2.928
Blueberry_Ventura,ONLINE,NL-ZH,4025.6000000000004,Monthly,2024-07-01,2024-07-31,KG,2.917,2.917
Blueberry_Ventura,ONLINE,NL-ZH,4648.39,Monthly,2024-08-01,2024-08-31,KG,2.503,2.503
Blueberry_Ventura,ONLINE,NL-ZH,4579.88,Monthly,2024-09-01,2024-09-30,KG,2.499,2.499
Blueberry_Ventura,ONLINE,NL-ZH,5231.58,Monthly,2024-10-01,2024-10-31,KG,2.489,2.489
Blueberry_Ventura,ONLINE,NL-ZH,4563.27,Monthly,2024-11-01,2024-11-30,KG,2.892,2.892
Blueberry_Ventura,ONLINE,NL-ZH,4771.09,Monthly,2024-12-01,2024-12-31,KG,2.946,2.946
Blueberry_Ventura,ONLINE,NL-ZH,4555.94,Monthly,2025-01-01,2025-01-31,KG,2.884,2.884
Blueberry_Ventura,ONLINE,NL-ZH,4145.4400000000005,Monthly,2025-02-01,2025-02-28,KG,2.948,2.948
Blueberry_Ventura,ONLINE,NL-ZH,4648.42,Monthly,2025-03-01,2025-03-31,KG,2.955,2.955
Blueberry_Ventura,ONLINE,NL-ZH,4465.32,Monthly,2025-04-01,2025-04-30,KG,2.957,2.957
Blueberry_Ventura,ONLINE,NL-ZH,4270.84,Monthly,2025-05-01,2025-05-31,KG,2.929,2.929
Blueberry_Ventura,ONLINE,NL-ZH,4069.24,Monthly,2025-06-01,2025-06-30,KG,2.928,2.928
Blueberry_Ventura,ONLINE,NL-ZH,4232.6,Monthly,2025-07-01,2025-07-31,KG,2.957,2.957
Blueberry_Ventura,ONLINE,NL-ZH,4721.83,Monthly,2025-08-01,2025-08-31,KG,2.501,2.501
Blueberry_Ventura,ONLINE,NL-ZH,5008.64,Monthly,2025-09-01,2025-09-30,KG,2.484,2.484
Blueberry_Ventura,ONLINE,NL-ZH,4918.26,Monthly,2025-10-01,2025-10-31,KG,2.482,2.482
Blueberry_Ventura,ONLINE,NL-ZH,4793.75,Monthly,2025-11-01,2025-11-30,KG,2.954,2.954
Blueberry_Ventura,ONLINE,NL-ZH,5166.74,Monthly,2025-12-01,2025-12-31,KG,2.962,2.962
Blueberry_Ventura,ONLINE,NL-ZH,4633.16,Monthly,2026-01-01,2026-01-31,KG,2.899,2.899
Blueberry_Ventura,RETAIL,NL-GE,7397.17,Monthly,2023-02-01,2023-02-28,KG,2.67,2.67
Blueberry_Ventura,RETAIL,NL-GE,7120.6900000000005,Monthly,2023-03-01,2023-03-31,KG,2.669,2.669
Blueberry_Ventura,RETAIL,NL-GE,6975.81,Monthly,2023-04-01,2023-04-30,KG,2.646,2.646
Blueberry_Ventura,RETAIL,NL-GE,7251.290000000001,Monthly,2023-05-01,2023-05-31,KG,2.67,2.67
Blueberry_Ventura,RETAIL,NL-GE,7116.01,Monthly,2023-06-01,2023-06-30,KG,2.669,2.669
Blueberry_Ventura,RETAIL,NL-GE,7004.530000000001,Monthly,2023-07-01,2023-07-31,KG,2.674,2.674
Blueberry_Ventura,RETAIL,NL-GE,7819.4,Monthly,2023-08-01,2023-08-31,KG,2.288,2.288
Blueberry_Ventura,RETAIL,NL-GE,9057.02,Monthly,2023-09-01,2023-09-30,KG,2.27,2.27
Blueberry_Ventura,RETAIL,NL-GE,8741.99,Monthly,2023-10-01,2023-10-31,KG,2.292,2.292
Blueberry_Ventura,RETAIL,NL-GE,8024.12,Monthly,2023-11-01,2023-11-30,KG,2.681,2.681
Blueberry_Ventura,RETAIL,NL-GE,8265.0,Monthly,2023-12-01,2023-12-31,KG,2.654,2.654
Blueberry_Ventura,RETAIL,NL-GE,8090.51,Monthly,2024-01-01,2024-01-31,KG,2.673,2.673
Blueberry_Ventura,RETAIL,NL-GE,7074.99,Monthly,2024-02-01,2024-02-29,KG,2.652,2.652
Blueberry_Ventura,RETAIL,NL-GE,8198.98,Monthly,2024-03-01,2024-03-31,KG,2.637,2.637
Blueberry_Ventura,RETAIL,NL-GE,6954.07,Monthly,2024-04-01,2024-04-30,KG,2.688,2.688
Blueberry_Ventura,RETAIL,NL-GE,7105.12,Monthly,2024-05-01,2024-05-31,KG,2.672,2.672
Blueberry_Ventura,RETAIL,NL-GE,6582.460000000001,Monthly,2024-06-01,2024-06-30,KG,2.714,2.714
Blueberry_Ventura,RETAIL,NL-GE,7357.38,Monthly,2024-07-01,2024-07-31,KG,2.631,2.631
Blueberry_Ventura,RETAIL,NL-GE,8310.88,Monthly,2024-08-01,2024-08-31,KG,2.264,2.264
Blueberry_Ventura,RETAIL,NL-GE,8664.67,Monthly,2024-09-01,2024-09-30,KG,2.307,2.307
Blueberry_Ventura,RETAIL,NL-GE,9485.38,Monthly,2024-10-01,2024-10-31,KG,2.294,2.294
Blueberry_Ventura,RETAIL,NL-GE,8718.380000000001,Monthly,2024-11-01,2024-11-30,KG,2.67,2.67
Blueberry_Ventura,RETAIL,NL-GE,8249.45,Monthly,2024-12-01,2024-12-31,KG,2.68,2.68
Blueberry_Ventura,RETAIL,NL-GE,8215.970000000001,Monthly,2025-01-01,2025-01-31,KG,2.667,2.667
Blueberry_Ventura,RETAIL,NL-GE,7424.62,Monthly,2025-02-01,2025-02-28,KG,2.708,2.708
Blueberry_Ventura,RETAIL,NL-GE,8556.01,Monthly,2025-03-01,2025-03-31,KG,2.676,2.676
Blueberry_Ventura,RETAIL,NL-GE,7562.710000000001,Monthly,2025-04-01,2025-04-30,KG,2.641,2.641
Blueberry_Ventura,RETAIL,NL-GE,7463.4,Monthly,2025-05-01,2025-05-31,KG,2.648,2.648
Blueberry_Ventura,RETAIL,NL-GE,6904.6900000000005,Monthly,2025-06-01,2025-06-30,KG,2.704,2.704
Blueberry_Ventura,RETAIL,NL-GE,7695.02,Monthly,2025-07-01,2025-07-31,KG,2.695,2.695
Blueberry_Ventura,RETAIL,NL-GE,8466.06,Monthly,2025-08-01,2025-08-31,KG,2.305,2.305
Blueberry_Ventura,RETAIL,NL-GE,9084.76,Monthly,2025-09-01,2025-09-30,KG,2.264,2.264
Blueberry_Ventura,RETAIL,NL-GE,8887.880000000001,Monthly,2025-10-01,2025-10-31,KG,2.301,2.301
Blueberry_Ventura,RETAIL,NL-GE,9009.63,Monthly,2025-11-01,2025-11-30,KG,2.682,2.682
Blueberry_Ventura,RETAIL,NL-GE,9104.41,Monthly,2025-12-01,2025-12-31,KG,2.686,2.686
Blueberry_Ventura,RETAIL,NL-GE,8268.09,Monthly,2026-01-01,2026-01-31,KG,2.658,2.658
Blueberry_Ventura,RETAIL,NL-NB,7493.3099999999995,Monthly,2023-02-01,2023-02-28,KG,2.735,2.735
Blueberry_Ventura,RETAIL,NL-NB,7561.92,Monthly,2023-03-01,2023-03-31,KG,2.744,2.744
Blueberry_Ventura,RETAIL,NL-NB,7139.41,Monthly,2023-04-01,2023-04-30,KG,2.735,2.735
Blueberry_Ventura,RETAIL,NL-NB,7633.110000000001,Monthly,2023-05-01,2023-05-31,KG,2.781,2.781
Blueberry_Ventura,RETAIL,NL-NB,7003.15,Monthly,2023-06-01,2023-06-30,KG,2.773,2.773
Blueberry_Ventura,RETAIL,NL-NB,7740.860000000001,Monthly,2023-07-01,2023-07-31,KG,2.755,2.755
Blueberry_Ventura,RETAIL,NL-NB,8198.69,Monthly,2023-08-01,2023-08-31,KG,2.373,2.373
Blueberry_Ventura,RETAIL,NL-NB,9350.119999999999,Monthly,2023-09-01,2023-09-30,KG,2.369,2.369
Blueberry_Ventura,RETAIL,NL-NB,9222.02,Monthly,2023-10-01,2023-10-31,KG,2.372,2.372
Blueberry_Ventura,RETAIL,NL-NB,8452.5,Monthly,2023-11-01,2023-11-30,KG,2.727,2.727
Blueberry_Ventura,RETAIL,NL-NB,8623.0,Monthly,2023-12-01,2023-12-31,KG,2.754,2.754
Blueberry_Ventura,RETAIL,NL-NB,8471.210000000001,Monthly,2024-01-01,2024-01-31,KG,2.752,2.752
Blueberry_Ventura,RETAIL,NL-NB,7521.6,Monthly,2024-02-01,2024-02-29,KG,2.756,2.756
Blueberry_Ventura,RETAIL,NL-NB,8240.57,Monthly,2024-03-01,2024-03-31,KG,2.766,2.766
Blueberry_Ventura,RETAIL,NL-NB,6984.290000000001,Monthly,2024-04-01,2024-04-30,KG,2.778,2.778
Blueberry_Ventura,RETAIL,NL-NB,6896.15,Monthly,2024-05-01,2024-05-31,KG,2.714,2.714
Blueberry_Ventura,RETAIL,NL-NB,7023.629999999999,Monthly,2024-06-01,2024-06-30,KG,2.774,2.774
Blueberry_Ventura,RETAIL,NL-NB,7546.15,Monthly,2024-07-01,2024-07-31,KG,2.764,2.764
Blueberry_Ventura,RETAIL,NL-NB,8471.83,Monthly,2024-08-01,2024-08-31,KG,2.381,2.381
Blueberry_Ventura,RETAIL,NL-NB,8980.58,Monthly,2024-09-01,2024-09-30,KG,2.358,2.358
Blueberry_Ventura,RETAIL,NL-NB,9226.2,Monthly,2024-10-01,2024-10-31,KG,2.395,2.395
Blueberry_Ventura,RETAIL,NL-NB,8730.38,Monthly,2024-11-01,2024-11-30,KG,2.746,2.746
Blueberry_Ventura,RETAIL,NL-NB,8889.81,Monthly,2024-12-01,2024-12-31,KG,2.749,2.749
Blueberry_Ventura,RETAIL,NL-NB,8121.16,Monthly,2025-01-01,2025-01-31,KG,2.769,2.769
Blueberry_Ventura,RETAIL,NL-NB,7743.870000000001,Monthly,2025-02-01,2025-02-28,KG,2.736,2.736
Blueberry_Ventura,RETAIL,NL-NB,9194.01,Monthly,2025-03-01,2025-03-31,KG,2.767,2.767
Blueberry_Ventura,RETAIL,NL-NB,7936.33,Monthly,2025-04-01,2025-04-30,KG,2.774,2.774
Blueberry_Ventura,RETAIL,NL-NB,7875.389999999999,Monthly,2025-05-01,2025-05-31,KG,2.757,2.757
Blueberry_Ventura,RETAIL,NL-NB,7147.389999999999,Monthly,2025-06-01,2025-06-30,KG,2.78,2.78
Blueberry_Ventura,RETAIL,NL-NB,7857.049999999999,Monthly,2025-07-01,2025-07-31,KG,2.773,2.773
Blueberry_Ventura,RETAIL,NL-NB,8697.94,Monthly,2025-08-01,2025-08-31,KG,2.353,2.353
Blueberry_Ventura,RETAIL,NL-NB,9194.67,Monthly,2025-09-01,2025-09-30,KG,2.342,2.342
Blueberry_Ventura,RETAIL,NL-NB,8741.560000000001,Monthly,2025-10-01,2025-10-31,KG,2.357,2.357
Blueberry_Ventura,RETAIL,NL-NB,9182.49,Monthly,2025-11-01,2025-11-30,KG,2.736,2.736
Blueberry_Ventura,RETAIL,NL-NB,9336.130000000001,Monthly,2025-12-01,2025-12-31,KG,2.736,2.736
Blueberry_Ventura,RETAIL,NL-NB,8620.77,Monthly,2026-01-01,2026-01-31,KG,2.747,2.747
Blueberry_Ventura,RETAIL,NL-NH,7644.78,Monthly,2023-02-01,2023-02-28,KG,2.871,2.871
Blueberry_Ventura,RETAIL,NL-NH,7850.66,Monthly,2023-03-01,2023-03-31,KG,2.835,2.835
Blueberry_Ventura,RETAIL,NL-NH,7144.030000000001,Monthly,2023-04-01,2023-04-30,KG,2.806,2.806
Blueberry_Ventura,RETAIL,NL-NH,7836.33,Monthly,2023-05-01,2023-05-31,KG,2.878,2.878
Blueberry_Ventura,RETAIL,NL-NH,7618.49,Monthly,2023-06-01,2023-06-30,KG,2.861,2.861
Blueberry_Ventura,RETAIL,NL-NH,7480.5,Monthly,2023-07-01,2023-07-31,KG,2.867,2.867
Blueberry_Ventura,RETAIL,NL-NH,8317.51,Monthly,2023-08-01,2023-08-31,KG,2.408,2.408
Blueberry_Ventura,RETAIL,NL-NH,9802.33,Monthly,2023-09-01,2023-09-30,KG,2.398,2.398
Blueberry_Ventura,RETAIL,NL-NH,9394.64,Monthly,2023-10-01,2023-10-31,KG,2.43,2.43
Blueberry_Ventura,RETAIL,NL-NH,8331.130000000001,Monthly,2023-11-01,2023-11-30,KG,2.868,2.868
Blueberry_Ventura,RETAIL,NL-NH,8934.02,Monthly,2023-12-01,2023-12-31,KG,2.848,2.848
Blueberry_Ventura,RETAIL,NL-NH,9166.779999999999,Monthly,2024-01-01,2024-01-31,KG,2.873,2.873
Blueberry_Ventura,RETAIL,NL-NH,8004.62,Monthly,2024-02-01,2024-02-29,KG,2.847,2.847
Blueberry_Ventura,RETAIL,NL-NH,8356.77,Monthly,2024-03-01,2024-03-31,KG,2.884,2.884
Blueberry_Ventura,RETAIL,NL-NH,7463.76,Monthly,2024-04-01,2024-04-30,KG,2.881,2.881
Blueberry_Ventura,RETAIL,NL-NH,7234.45,Monthly,2024-05-01,2024-05-31,KG,2.874,2.874
Blueberry_Ventura,RETAIL,NL-NH,7129.449999999999,Monthly,2024-06-01,2024-06-30,KG,2.832,2.832
Blueberry_Ventura,RETAIL,NL-NH,7450.879999999999,Monthly,2024-07-01,2024-07-31,KG,2.819,2.819
Blueberry_Ventura,RETAIL,NL-NH,8909.08,Monthly,2024-08-01,2024-08-31,KG,2.431,2.431
Blueberry_Ventura,RETAIL,NL-NH,8941.27,Monthly,2024-09-01,2024-09-30,KG,2.43,2.43
Blueberry_Ventura,RETAIL,NL-NH,10057.9,Monthly,2024-10-01,2024-10-31,KG,2.441,2.441
Blueberry_Ventura,RETAIL,NL-NH,9089.1,Monthly,2024-11-01,2024-11-30,KG,2.829,2.829
Blueberry_Ventura,RETAIL,NL-NH,9474.64,Monthly,2024-12-01,2024-12-31,KG,2.862,2.862
Blueberry_Ventura,RETAIL,NL-NH,8744.15,Monthly,2025-01-01,2025-01-31,KG,2.863,2.863
Blueberry_Ventura,RETAIL,NL-NH,7841.49,Monthly,2025-02-01,2025-02-28,KG,2.829,2.829
Blueberry_Ventura,RETAIL,NL-NH,9326.01,Monthly,2025-03-01,2025-03-31,KG,2.846,2.846
Blueberry_Ventura,RETAIL,NL-NH,8489.0,Monthly,2025-04-01,2025-04-30,KG,2.84,2.84
Blueberry_Ventura,RETAIL,NL-NH,8040.89,Monthly,2025-05-01,2025-05-31,KG,2.846,2.846
Blueberry_Ventura,RETAIL,NL-NH,7341.67,Monthly,2025-06-01,2025-06-30,KG,2.811,2.811
Blueberry_Ventura,RETAIL,NL-NH,7738.889999999999,Monthly,2025-07-01,2025-07-31,KG,2.849,2.849
Blueberry_Ventura,RETAIL,NL-NH,9128.46,Monthly,2025-08-01,2025-08-31,KG,2.409,2.409
Blueberry_Ventura,RETAIL,NL-NH,8981.63,Monthly,2025-09-01,2025-09-30,KG,2.415,2.415
Blueberry_Ventura,RETAIL,NL-NH,9019.0,Monthly,2025-10-01,2025-10-31,KG,2.394,2.394
Blueberry_Ventura,RETAIL,NL-NH,9002.27,Monthly,2025-11-01,2025-11-30,KG,2.861,2.861
Blueberry_Ventura,RETAIL,NL-NH,9776.43,Monthly,2025-12-01,2025-12-31,KG,2.864,2.864
Blueberry_Ventura,RETAIL,NL-NH,8487.21,Monthly,2026-01-01,2026-01-31,KG,2.842,2.842
Blueberry_Ventura,RETAIL,NL-ZH,7919.33,Monthly,2023-02-01,2023-02-28,KG,2.921,2.921
Blueberry_Ventura,RETAIL,NL-ZH,8136.51,Monthly,2023-03-01,2023-03-31,KG,2.928,2.928
Blueberry_Ventura,RETAIL,NL-ZH,7532.299999999999,Monthly,2023-04-01,2023-04-30,KG,2.917,2.917
Blueberry_Ventura,RETAIL,NL-ZH,8050.21,Monthly,2023-05-01,2023-05-31,KG,2.93,2.93
Blueberry_Ventura,RETAIL,NL-ZH,8304.6,Monthly,2023-06-01,2023-06-30,KG,2.971,2.971
Blueberry_Ventura,RETAIL,NL-ZH,7994.4400000000005,Monthly,2023-07-01,2023-07-31,KG,2.926,2.926
Blueberry_Ventura,RETAIL,NL-ZH,8620.630000000001,Monthly,2023-08-01,2023-08-31,KG,2.504,2.504
Blueberry_Ventura,RETAIL,NL-ZH,9659.62,Monthly,2023-09-01,2023-09-30,KG,2.502,2.502
Blueberry_Ventura,RETAIL,NL-ZH,9651.57,Monthly,2023-10-01,2023-10-31,KG,2.493,2.493
Blueberry_Ventura,RETAIL,NL-ZH,9115.9,Monthly,2023-11-01,2023-11-30,KG,2.914,2.914
Blueberry_Ventura,RETAIL,NL-ZH,9506.119999999999,Monthly,2023-12-01,2023-12-31,KG,2.906,2.906
Blueberry_Ventura,RETAIL,NL-ZH,8755.58,Monthly,2024-01-01,2024-01-31,KG,2.915,2.915
Blueberry_Ventura,RETAIL,NL-ZH,7880.710000000001,Monthly,2024-02-01,2024-02-29,KG,2.936,2.936
Blueberry_Ventura,RETAIL,NL-ZH,8761.029999999999,Monthly,2024-03-01,2024-03-31,KG,2.93,2.93
Blueberry_Ventura,RETAIL,NL-ZH,7542.66,Monthly,2024-04-01,2024-04-30,KG,2.924,2.924
Blueberry_Ventura,RETAIL,NL-ZH,7596.780000000001,Monthly,2024-05-01,2024-05-31,KG,2.945,2.945
Blueberry_Ventura,RETAIL,NL-ZH,7485.18,Monthly,2024-06-01,2024-06-30,KG,2.95,2.95
Blueberry_Ventura,RETAIL,NL-ZH,7351.2,Monthly,2024-07-01,2024-07-31,KG,2.94,2.94
Blueberry_Ventura,RETAIL,NL-ZH,9534.48,Monthly,2024-08-01,2024-08-31,KG,2.498,2.498
Blueberry_Ventura,RETAIL,NL-ZH,8921.22,Monthly,2024-09-01,2024-09-30,KG,2.5,2.5
Blueberry_Ventura,RETAIL,NL-ZH,10118.99,Monthly,2024-10-01,2024-10-31,KG,2.49,2.49
Blueberry_Ventura,RETAIL,NL-ZH,8968.470000000001,Monthly,2024-11-01,2024-11-30,KG,2.963,2.963
Blueberry_Ventura,RETAIL,NL-ZH,9357.33,Monthly,2024-12-01,2024-12-31,KG,2.9,2.9
Blueberry_Ventura,RETAIL,NL-ZH,9194.34,Monthly,2025-01-01,2025-01-31,KG,2.935,2.935
Blueberry_Ventura,RETAIL,NL-ZH,8147.5599999999995,Monthly,2025-02-01,2025-02-28,KG,2.932,2.932
Blueberry_Ventura,RETAIL,NL-ZH,9865.86,Monthly,2025-03-01,2025-03-31,KG,2.917,2.917
Blueberry_Ventura,RETAIL,NL-ZH,8963.41,Monthly,2025-04-01,2025-04-30,KG,2.887,2.887
Blueberry_Ventura,RETAIL,NL-ZH,8471.04,Monthly,2025-05-01,2025-05-31,KG,2.943,2.943
Blueberry_Ventura,RETAIL,NL-ZH,7945.32,Monthly,2025-06-01,2025-06-30,KG,2.915,2.915
Blueberry_Ventura,RETAIL,NL-ZH,8239.09,Monthly,2025-07-01,2025-07-31,KG,2.952,2.952
Blueberry_Ventura,RETAIL,NL-ZH,9502.960000000001,Monthly,2025-08-01,2025-08-31,KG,2.496,2.496
Blueberry_Ventura,RETAIL,NL-ZH,9649.41,Monthly,2025-09-01,2025-09-30,KG,2.493,2.493
Blueberry_Ventura,RETAIL,NL-ZH,9493.1,Monthly,2025-10-01,2025-10-31,KG,2.509,2.509
Blueberry_Ventura,RETAIL,NL-ZH,9363.4,Monthly,2025-11-01,2025-11-30,KG,2.948,2.948
Blueberry_Ventura,RETAIL,NL-ZH,10402.81,Monthly,2025-12-01,2025-12-31,KG,2.875,2.875
Blueberry_Ventura,RETAIL,NL-ZH,9311.68,Monthly,2026-01-01,2026-01-31,KG,2.943,2.943
Blueberry_Ventura,WHOLESALE,NL-GE,6164.11,Monthly,2023-02-01,2023-02-28,KG,2.709,2.709
Blueberry_Ventura,WHOLESALE,NL-GE,6174.18,Monthly,2023-03-01,2023-03-31,KG,2.66,2.66
Blueberry_Ventura,WHOLESALE,NL-GE,5895.45,Monthly,2023-04-01,2023-04-30,KG,2.669,2.669
Blueberry_Ventura,WHOLESALE,NL-GE,6252.4,Monthly,2023-05-01,2023-05-31,KG,2.702,2.702
Blueberry_Ventura,WHOLESALE,NL-GE,6233.88,Monthly,2023-06-01,2023-06-30,KG,2.671,2.671
Blueberry_Ventura,WHOLESALE,NL-GE,6163.68,Monthly,2023-07-01,2023-07-31,KG,2.685,2.685
Blueberry_Ventura,WHOLESALE,NL-GE,7047.38,Monthly,2023-08-01,2023-08-31,KG,2.298,2.298
Blueberry_Ventura,WHOLESALE,NL-GE,7879.06,Monthly,2023-09-01,2023-09-30,KG,2.289,2.289
Blueberry_Ventura,WHOLESALE,NL-GE,7367.24,Monthly,2023-10-01,2023-10-31,KG,2.295,2.295
Blueberry_Ventura,WHOLESALE,NL-GE,7086.9,Monthly,2023-11-01,2023-11-30,KG,2.654,2.654
Blueberry_Ventura,WHOLESALE,NL-GE,7002.19,Monthly,2023-12-01,2023-12-31,KG,2.626,2.626
Blueberry_Ventura,WHOLESALE,NL-GE,7181.030000000001,Monthly,2024-01-01,2024-01-31,KG,2.706,2.706
Blueberry_Ventura,WHOLESALE,NL-GE,6046.52,Monthly,2024-02-01,2024-02-29,KG,2.669,2.669
Blueberry_Ventura,WHOLESALE,NL-GE,6788.01,Monthly,2024-03-01,2024-03-31,KG,2.678,2.678
Blueberry_Ventura,WHOLESALE,NL-GE,5833.5599999999995,Monthly,2024-04-01,2024-04-30,KG,2.659,2.659
Blueberry_Ventura,WHOLESALE,NL-GE,6143.5,Monthly,2024-05-01,2024-05-31,KG,2.673,2.673
Blueberry_Ventura,WHOLESALE,NL-GE,5686.86,Monthly,2024-06-01,2024-06-30,KG,2.693,2.693
Blueberry_Ventura,WHOLESALE,NL-GE,6339.61,Monthly,2024-07-01,2024-07-31,KG,2.681,2.681
Blueberry_Ventura,WHOLESALE,NL-GE,7093.780000000001,Monthly,2024-08-01,2024-08-31,KG,2.278,2.278
Blueberry_Ventura,WHOLESALE,NL-GE,7381.52,Monthly,2024-09-01,2024-09-30,KG,2.288,2.288
Blueberry_Ventura,WHOLESALE,NL-GE,7869.13,Monthly,2024-10-01,2024-10-31,KG,2.262,2.262
Blueberry_Ventura,WHOLESALE,NL-GE,7121.2,Monthly,2024-11-01,2024-11-30,KG,2.667,2.667
Blueberry_Ventura,WHOLESALE,NL-GE,7385.76,Monthly,2024-12-01,2024-12-31,KG,2.645,2.645
Blueberry_Ventura,WHOLESALE,NL-GE,6908.15,Monthly,2025-01-01,2025-01-31,KG,2.652,2.652
Blueberry_Ventura,WHOLESALE,NL-GE,6421.68,Monthly,2025-02-01,2025-02-28,KG,2.673,2.673
Blueberry_Ventura,WHOLESALE,NL-GE,7090.28,Monthly,2025-03-01,2025-03-31,KG,2.664,2.664
Blueberry_Ventura,WHOLESALE,NL-GE,6754.08,Monthly,2025-04-01,2025-04-30,KG,2.667,2.667
Blueberry_Ventura,WHOLESALE,NL-GE,6576.58,Monthly,2025-05-01,2025-05-31,KG,2.683,2.683
Blueberry_Ventura,WHOLESALE,NL-GE,5961.9,Monthly,2025-06-01,2025-06-30,KG,2.676,2.676
Blueberry_Ventura,WHOLESALE,NL-GE,6433.23,Monthly,2025-07-01,2025-07-31,KG,2.675,2.675
Blueberry_Ventura,WHOLESALE,NL-GE,7477.46,Monthly,2025-08-01,2025-08-31,KG,2.296,2.296
Blueberry_Ventura,WHOLESALE,NL-GE,7493.5,Monthly,2025-09-01,2025-09-30,KG,2.291,2.291
Blueberry_Ventura,WHOLESALE,NL-GE,7629.7699999999995,Monthly,2025-10-01,2025-10-31,KG,2.284,2.284
Blueberry_Ventura,WHOLESALE,NL-GE,7472.74,Monthly,2025-11-01,2025-11-30,KG,2.684,2.684
Blueberry_Ventura,WHOLESALE,NL-GE,8206.7,Monthly,2025-12-01,2025-12-31,KG,2.68,2.68
Blueberry_Ventura,WHOLESALE,NL-GE,7118.05,Monthly,2026-01-01,2026-01-31,KG,2.651,2.651
Blueberry_Ventura,WHOLESALE,NL-NB,6300.16,Monthly,2023-02-01,2023-02-28,KG,2.741,2.741
Blueberry_Ventura,WHOLESALE,NL-NB,6374.96,Monthly,2023-03-01,2023-03-31,KG,2.747,2.747
Blueberry_Ventura,WHOLESALE,NL-NB,5939.47,Monthly,2023-04-01,2023-04-30,KG,2.735,2.735
Blueberry_Ventura,WHOLESALE,NL-NB,6406.25,Monthly,2023-05-01,2023-05-31,KG,2.76,2.76
Blueberry_Ventura,WHOLESALE,NL-NB,6493.49,Monthly,2023-06-01,2023-06-30,KG,2.753,2.753
Blueberry_Ventura,WHOLESALE,NL-NB,6262.07,Monthly,2023-07-01,2023-07-31,KG,2.729,2.729
Blueberry_Ventura,WHOLESALE,NL-NB,7152.5599999999995,Monthly,2023-08-01,2023-08-31,KG,2.337,2.337
Blueberry_Ventura,WHOLESALE,NL-NB,7782.08,Monthly,2023-09-01,2023-09-30,KG,2.365,2.365
Blueberry_Ventura,WHOLESALE,NL-NB,7937.42,Monthly,2023-10-01,2023-10-31,KG,2.361,2.361
Blueberry_Ventura,WHOLESALE,NL-NB,7199.92,Monthly,2023-11-01,2023-11-30,KG,2.725,2.725
Blueberry_Ventura,WHOLESALE,NL-NB,7447.62,Monthly,2023-12-01,2023-12-31,KG,2.765,2.765
Blueberry_Ventura,WHOLESALE,NL-NB,7415.42,Monthly,2024-01-01,2024-01-31,KG,2.743,2.743
Blueberry_Ventura,WHOLESALE,NL-NB,6572.32,Monthly,2024-02-01,2024-02-29,KG,2.791,2.791
Blueberry_Ventura,WHOLESALE,NL-NB,6896.28,Monthly,2024-03-01,2024-03-31,KG,2.776,2.776
Blueberry_Ventura,WHOLESALE,NL-NB,6112.1900000000005,Monthly,2024-04-01,2024-04-30,KG,2.754,2.754
Blueberry_Ventura,WHOLESALE,NL-NB,5892.79,Monthly,2024-05-01,2024-05-31,KG,2.748,2.748
Blueberry_Ventura,WHOLESALE,NL-NB,5761.43,Monthly,2024-06-01,2024-06-30,KG,2.753,2.753
Blueberry_Ventura,WHOLESALE,NL-NB,6619.46,Monthly,2024-07-01,2024-07-31,KG,2.768,2.768
Blueberry_Ventura,WHOLESALE,NL-NB,7367.27,Monthly,2024-08-01,2024-08-31,KG,2.338,2.338
Blueberry_Ventura,WHOLESALE,NL-NB,7495.7699999999995,Monthly,2024-09-01,2024-09-30,KG,2.369,2.369
Blueberry_Ventura,WHOLESALE,NL-NB,7829.49,Monthly,2024-10-01,2024-10-31,KG,2.348,2.348
Blueberry_Ventura,WHOLESALE,NL-NB,7732.4400000000005,Monthly,2024-11-01,2024-11-30,KG,2.778,2.778
Blueberry_Ventura,WHOLESALE,NL-NB,7783.2,Monthly,2024-12-01,2024-12-31,KG,2.794,2.794
Blueberry_Ventura,WHOLESALE,NL-NB,6915.349999999999,Monthly,2025-01-01,2025-01-31,KG,2.762,2.762
Blueberry_Ventura,WHOLESALE,NL-NB,6493.030000000001,Monthly,2025-02-01,2025-02-28,KG,2.768,2.768
Blueberry_Ventura,WHOLESALE,NL-NB,7944.38,Monthly,2025-03-01,2025-03-31,KG,2.766,2.766
Blueberry_Ventura,WHOLESALE,NL-NB,6890.32,Monthly,2025-04-01,2025-04-30,KG,2.76,2.76
Blueberry_Ventura,WHOLESALE,NL-NB,6696.18,Monthly,2025-05-01,2025-05-31,KG,2.741,2.741
Blueberry_Ventura,WHOLESALE,NL-NB,6199.07,Monthly,2025-06-01,2025-06-30,KG,2.744,2.744
Blueberry_Ventura,WHOLESALE,NL-NB,6777.5,Monthly,2025-07-01,2025-07-31,KG,2.753,2.753
Blueberry_Ventura,WHOLESALE,NL-NB,7731.6,Monthly,2025-08-01,2025-08-31,KG,2.364,2.364
Blueberry_Ventura,WHOLESALE,NL-NB,8134.24,Monthly,2025-09-01,2025-09-30,KG,2.35,2.35
Blueberry_Ventura,WHOLESALE,NL-NB,7863.27,Monthly,2025-10-01,2025-10-31,KG,2.363,2.363
Blueberry_Ventura,WHOLESALE,NL-NB,7907.469999999999,Monthly,2025-11-01,2025-11-30,KG,2.736,2.736
Blueberry_Ventura,WHOLESALE,NL-NB,8016.8099999999995,Monthly,2025-12-01,2025-12-31,KG,2.739,2.739
Blueberry_Ventura,WHOLESALE,NL-NB,7472.21,Monthly,2026-01-01,2026-01-31,KG,2.744,2.744
Blueberry_Ventura,WHOLESALE,NL-NH,6612.54,Monthly,2023-02-01,2023-02-28,KG,2.873,2.873
Blueberry_Ventura,WHOLESALE,NL-NH,6688.46,Monthly,2023-03-01,2023-03-31,KG,2.838,2.838
Blueberry_Ventura,WHOLESALE,NL-NH,6114.7699999999995,Monthly,2023-04-01,2023-04-30,KG,2.798,2.798
Blueberry_Ventura,WHOLESALE,NL-NH,6768.24,Monthly,2023-05-01,2023-05-31,KG,2.866,2.866
Blueberry_Ventura,WHOLESALE,NL-NH,6785.46,Monthly,2023-06-01,2023-06-30,KG,2.843,2.843
Blueberry_Ventura,WHOLESALE,NL-NH,6389.93,Monthly,2023-07-01,2023-07-31,KG,2.867,2.867
Blueberry_Ventura,WHOLESALE,NL-NH,7402.8099999999995,Monthly,2023-08-01,2023-08-31,KG,2.443,2.443
Blueberry_Ventura,WHOLESALE,NL-NH,8321.25,Monthly,2023-09-01,2023-09-30,KG,2.419,2.419
Blueberry_Ventura,WHOLESALE,NL-NH,7863.25,Monthly,2023-10-01,2023-10-31,KG,2.44,2.44
Blueberry_Ventura,WHOLESALE,NL-NH,7191.33,Monthly,2023-11-01,2023-11-30,KG,2.837,2.837
Blueberry_Ventura,WHOLESALE,NL-NH,7615.18,Monthly,2023-12-01,2023-12-31,KG,2.847,2.847
Blueberry_Ventura,WHOLESALE,NL-NH,7664.17,Monthly,2024-01-01,2024-01-31,KG,2.855,2.855
Blueberry_Ventura,WHOLESALE,NL-NH,6737.68,Monthly,2024-02-01,2024-02-29,KG,2.851,2.851
Blueberry_Ventura,WHOLESALE,NL-NH,7331.93,Monthly,2024-03-01,2024-03-31,KG,2.857,2.857
Blueberry_Ventura,WHOLESALE,NL-NH,6305.21,Monthly,2024-04-01,2024-04-30,KG,2.837,2.837
Blueberry_Ventura,WHOLESALE,NL-NH,6345.87,Monthly,2024-05-01,2024-05-31,KG,2.889,2.889
Blueberry_Ventura,WHOLESALE,NL-NH,5805.79,Monthly,2024-06-01,2024-06-30,KG,2.836,2.836
Blueberry_Ventura,WHOLESALE,NL-NH,6334.3,Monthly,2024-07-01,2024-07-31,KG,2.857,2.857
Blueberry_Ventura,WHOLESALE,NL-NH,7619.51,Monthly,2024-08-01,2024-08-31,KG,2.415,2.415
Blueberry_Ventura,WHOLESALE,NL-NH,7690.889999999999,Monthly,2024-09-01,2024-09-30,KG,2.436,2.436
Blueberry_Ventura,WHOLESALE,NL-NH,8346.03,Monthly,2024-10-01,2024-10-31,KG,2.44,2.44
Blueberry_Ventura,WHOLESALE,NL-NH,7713.26,Monthly,2024-11-01,2024-11-30,KG,2.844,2.844
Blueberry_Ventura,WHOLESALE,NL-NH,7847.68,Monthly,2024-12-01,2024-12-31,KG,2.858,2.858
Blueberry_Ventura,WHOLESALE,NL-NH,7647.530000000001,Monthly,2025-01-01,2025-01-31,KG,2.855,2.855
Blueberry_Ventura,WHOLESALE,NL-NH,6785.63,Monthly,2025-02-01,2025-02-28,KG,2.838,2.838
Blueberry_Ventura,WHOLESALE,NL-NH,8084.0,Monthly,2025-03-01,2025-03-31,KG,2.828,2.828
Blueberry_Ventura,WHOLESALE,NL-NH,7225.16,Monthly,2025-04-01,2025-04-30,KG,2.846,2.846
Blueberry_Ventura,WHOLESALE,NL-NH,6804.48,Monthly,2025-05-01,2025-05-31,KG,2.85,2.85
Blueberry_Ventura,WHOLESALE,NL-NH,6341.71,Monthly,2025-06-01,2025-06-30,KG,2.829,2.829
Blueberry_Ventura,WHOLESALE,NL-NH,6664.79,Monthly,2025-07-01,2025-07-31,KG,2.856,2.856
Blueberry_Ventura,WHOLESALE,NL-NH,7696.13,Monthly,2025-08-01,2025-08-31,KG,2.434,2.434
Blueberry_Ventura,WHOLESALE,NL-NH,7871.01,Monthly,2025-09-01,2025-09-30,KG,2.406,2.406
Blueberry_Ventura,WHOLESALE,NL-NH,7840.55,Monthly,2025-10-01,2025-10-31,KG,2.408,2.408
Blueberry_Ventura,WHOLESALE,NL-NH,7798.35,Monthly,2025-11-01,2025-11-30,KG,2.855,2.855
Blueberry_Ventura,WHOLESALE,NL-NH,8389.81,Monthly,2025-12-01,2025-12-31,KG,2.852,2.852
Blueberry_Ventura,WHOLESALE,NL-NH,7317.97,Monthly,2026-01-01,2026-01-31,KG,2.818,2.818
Blueberry_Ventura,WHOLESALE,NL-ZH,6855.8099999999995,Monthly,2023-02-01,2023-02-28,KG,2.959,2.959
Blueberry_Ventura,WHOLESALE,NL-ZH,6804.3,Monthly,2023-03-01,2023-03-31,KG,2.934,2.934
Blueberry_Ventura,WHOLESALE,NL-ZH,6229.19,Monthly,2023-04-01,2023-04-30,KG,2.922,2.922
Blueberry_Ventura,WHOLESALE,NL-ZH,6756.01,Monthly,2023-05-01,2023-05-31,KG,2.905,2.905
Blueberry_Ventura,WHOLESALE,NL-ZH,6705.53,Monthly,2023-06-01,2023-06-30,KG,2.947,2.947
Blueberry_Ventura,WHOLESALE,NL-ZH,6666.68,Monthly,2023-07-01,2023-07-31,KG,2.929,2.929
Blueberry_Ventura,WHOLESALE,NL-ZH,7536.47,Monthly,2023-08-01,2023-08-31,KG,2.499,2.499
Blueberry_Ventura,WHOLESALE,NL-ZH,8436.68,Monthly,2023-09-01,2023-09-30,KG,2.484,2.484
Blueberry_Ventura,WHOLESALE,NL-ZH,8391.66,Monthly,2023-10-01,2023-10-31,KG,2.525,2.525
Blueberry_Ventura,WHOLESALE,NL-ZH,7652.75,Monthly,2023-11-01,2023-11-30,KG,2.922,2.922
Blueberry_Ventura,WHOLESALE,NL-ZH,8234.14,Monthly,2023-12-01,2023-12-31,KG,2.904,2.904
Blueberry_Ventura,WHOLESALE,NL-ZH,8109.120000000001,Monthly,2024-01-01,2024-01-31,KG,2.9,2.9
Blueberry_Ventura,WHOLESALE,NL-ZH,7019.2,Monthly,2024-02-01,2024-02-29,KG,2.967,2.967
Blueberry_Ventura,WHOLESALE,NL-ZH,7339.79,Monthly,2024-03-01,2024-03-31,KG,2.95,2.95
Blueberry_Ventura,WHOLESALE,NL-ZH,6540.82,Monthly,2024-04-01,2024-04-30,KG,2.931,2.931
Blueberry_Ventura,WHOLESALE,NL-ZH,6534.24,Monthly,2024-05-01,2024-05-31,KG,2.924,2.924
Blueberry_Ventura,WHOLESALE,NL-ZH,6315.860000000001,Monthly,2024-06-01,2024-06-30,KG,2.907,2.907
Blueberry_Ventura,WHOLESALE,NL-ZH,6616.46,Monthly,2024-07-01,2024-07-31,KG,2.947,2.947
Blueberry_Ventura,WHOLESALE,NL-ZH,7825.01,Monthly,2024-08-01,2024-08-31,KG,2.523,2.523
Blueberry_Ventura,WHOLESALE,NL-ZH,7833.4,Monthly,2024-09-01,2024-09-30,KG,2.484,2.484
Blueberry_Ventura,WHOLESALE,NL-ZH,8497.37,Monthly,2024-10-01,2024-10-31,KG,2.484,2.484
Blueberry_Ventura,WHOLESALE,NL-ZH,7946.51,Monthly,2024-11-01,2024-11-30,KG,2.918,2.918
Blueberry_Ventura,WHOLESALE,NL-ZH,8192.58,Monthly,2024-12-01,2024-12-31,KG,2.921,2.921
Blueberry_Ventura,WHOLESALE,NL-ZH,7744.6,Monthly,2025-01-01,2025-01-31,KG,2.926,2.926
Blueberry_Ventura,WHOLESALE,NL-ZH,7116.82,Monthly,2025-02-01,2025-02-28,KG,2.941,2.941
Blueberry_Ventura,WHOLESALE,NL-ZH,8179.58,Monthly,2025-03-01,2025-03-31,KG,2.924,2.924
Blueberry_Ventura,WHOLESALE,NL-ZH,7645.1,Monthly,2025-04-01,2025-04-30,KG,2.932,2.932
Blueberry_Ventura,WHOLESALE,NL-ZH,7090.22,Monthly,2025-05-01,2025-05-31,KG,2.893,2.893
Blueberry_Ventura,WHOLESALE,NL-ZH,6496.09,Monthly,2025-06-01,2025-06-30,KG,2.93,2.93
Blueberry_Ventura,WHOLESALE,NL-ZH,6994.19,Monthly,2025-07-01,2025-07-31,KG,2.917,2.917
Blueberry_Ventura,WHOLESALE,NL-ZH,7956.29,Monthly,2025-08-01,2025-08-31,KG,2.498,2.498
Blueberry_Ventura,WHOLESALE,NL-ZH,8417.14,Monthly,2025-09-01,2025-09-30,KG,2.503,2.503
Blueberry_Ventura,WHOLESALE,NL-ZH,8356.61,Monthly,2025-10-01,2025-10-31,KG,2.487,2.487
Blueberry_Ventura,WHOLESALE,NL-ZH,8314.66,Monthly,2025-11-01,2025-11-30,KG,2.934,2.934
Blueberry_Ventura,WHOLESALE,NL-ZH,8687.5,Monthly,2025-12-01,2025-12-31,KG,2.967,2.967
Blueberry_Ventura,WHOLESALE,NL-ZH,7369.82,Monthly,2026-01-01,2026-01-31,KG,2.921,2.921
PEAR_ABATE,ONLINE,NL-GE,2706.41,Monthly,2023-02-01,2023-02-28,KG,3.07,3.07
PEAR_ABATE,ONLINE,NL-GE,2668.97,Monthly,2023-03-01,2023-03-31,KG,3.022,3.022
PEAR_ABATE,ONLINE,NL-GE,2533.8,Monthly,2023-04-01,2023-04-30,KG,3.092,3.092
PEAR_ABATE,ONLINE,NL-GE,2778.64,Monthly,2023-05-01,2023-05-31,KG,3.08,3.08
PEAR_ABATE,ONLINE,NL-GE,2902.95,Monthly,2023-06-01,2023-06-30,KG,3.054,3.054
PEAR_ABATE,ONLINE,NL-GE,3038.3599999999997,Monthly,2023-07-01,2023-07-31,KG,3.035,3.035
PEAR_ABATE,ONLINE,NL-GE,3557.41,Monthly,2023-08-01,2023-08-31,KG,2.456,2.456
PEAR_ABATE,ONLINE,NL-GE,4032.57,Monthly,2023-09-01,2023-09-30,KG,2.456,2.456
PEAR_ABATE,ONLINE,NL-GE,3925.01,Monthly,2023-10-01,2023-10-31,KG,2.438,2.438
PEAR_ABATE,ONLINE,NL-GE,3549.66,Monthly,2023-11-01,2023-11-30,KG,3.03,3.03
PEAR_ABATE,ONLINE,NL-GE,3165.57,Monthly,2023-12-01,2023-12-31,KG,3.054,3.054
PEAR_ABATE,ONLINE,NL-GE,3344.98,Monthly,2024-01-01,2024-01-31,KG,3.052,3.052
PEAR_ABATE,ONLINE,NL-GE,2689.73,Monthly,2024-02-01,2024-02-29,KG,3.031,3.031
PEAR_ABATE,ONLINE,NL-GE,2851.28,Monthly,2024-03-01,2024-03-31,KG,3.083,3.083
PEAR_ABATE,ONLINE,NL-GE,2536.87,Monthly,2024-04-01,2024-04-30,KG,3.061,3.061
PEAR_ABATE,ONLINE,NL-GE,2659.04,Monthly,2024-05-01,2024-05-31,KG,3.028,3.028
PEAR_ABATE,ONLINE,NL-GE,2593.73,Monthly,2024-06-01,2024-06-30,KG,3.067,3.067
PEAR_ABATE,ONLINE,NL-GE,3130.25,Monthly,2024-07-01,2024-07-31,KG,3.048,3.048
PEAR_ABATE,ONLINE,NL-GE,3694.62,Monthly,2024-08-01,2024-08-31,KG,2.433,2.433
PEAR_ABATE,ONLINE,NL-GE,3779.33,Monthly,2024-09-01,2024-09-30,KG,2.49,2.49
PEAR_ABATE,ONLINE,NL-GE,4021.66,Monthly,2024-10-01,2024-10-31,KG,2.476,2.476
PEAR_ABATE,ONLINE,NL-GE,3703.58,Monthly,2024-11-01,2024-11-30,KG,3.057,3.057
PEAR_ABATE,ONLINE,NL-GE,3576.0699999999997,Monthly,2024-12-01,2024-12-31,KG,3.079,3.079
PEAR_ABATE,ONLINE,NL-GE,3245.1800000000003,Monthly,2025-01-01,2025-01-31,KG,3.053,3.053
PEAR_ABATE,ONLINE,NL-GE,2756.44,Monthly,2025-02-01,2025-02-28,KG,3.032,3.032
PEAR_ABATE,ONLINE,NL-GE,3182.27,Monthly,2025-03-01,2025-03-31,KG,3.072,3.072
PEAR_ABATE,ONLINE,NL-GE,2853.18,Monthly,2025-04-01,2025-04-30,KG,3.041,3.041
PEAR_ABATE,ONLINE,NL-GE,2796.1400000000003,Monthly,2025-05-01,2025-05-31,KG,3.099,3.099
PEAR_ABATE,ONLINE,NL-GE,2768.34,Monthly,2025-06-01,2025-06-30,KG,3.078,3.078
PEAR_ABATE,ONLINE,NL-GE,3296.1000000000004,Monthly,2025-07-01,2025-07-31,KG,3.031,3.031
PEAR_ABATE,ONLINE,NL-GE,3850.8900000000003,Monthly,2025-08-01,2025-08-31,KG,2.451,2.451
PEAR_ABATE,ONLINE,NL-GE,3960.16,Monthly,2025-09-01,2025-09-30,KG,2.463,2.463
PEAR_ABATE,ONLINE,NL-GE,3966.17,Monthly,2025-10-01,2025-10-31,KG,2.478,2.478
PEAR_ABATE,ONLINE,NL-GE,3628.24,Monthly,2025-11-01,2025-11-30,KG,3.051,3.051
PEAR_ABATE,ONLINE,NL-GE,3737.14,Monthly,2025-12-01,2025-12-31,KG,3.034,3.034
PEAR_ABATE,ONLINE,NL-GE,3243.76,Monthly,2026-01-01,2026-01-31,KG,3.065,3.065
PEAR_ABATE,ONLINE,NL-NB,2951.53,Monthly,2023-02-01,2023-02-28,KG,3.177,3.177
PEAR_ABATE,ONLINE,NL-NB,2745.62,Monthly,2023-03-01,2023-03-31,KG,3.164,3.164
PEAR_ABATE,ONLINE,NL-NB,2542.85,Monthly,2023-04-01,2023-04-30,KG,3.133,3.133
PEAR_ABATE,ONLINE,NL-NB,2960.52,Monthly,2023-05-01,2023-05-31,KG,3.182,3.182
PEAR_ABATE,ONLINE,NL-NB,2989.84,Monthly,2023-06-01,2023-06-30,KG,3.152,3.152
PEAR_ABATE,ONLINE,NL-NB,3255.66,Monthly,2023-07-01,2023-07-31,KG,3.186,3.186
PEAR_ABATE,ONLINE,NL-NB,3708.62,Monthly,2023-08-01,2023-08-31,KG,2.549,2.549
PEAR_ABATE,ONLINE,NL-NB,4142.23,Monthly,2023-09-01,2023-09-30,KG,2.519,2.519
PEAR_ABATE,ONLINE,NL-NB,3965.7,Monthly,2023-10-01,2023-10-31,KG,2.524,2.524
PEAR_ABATE,ONLINE,NL-NB,3591.92,Monthly,2023-11-01,2023-11-30,KG,3.154,3.154
PEAR_ABATE,ONLINE,NL-NB,3600.7,Monthly,2023-12-01,2023-12-31,KG,3.134,3.134
PEAR_ABATE,ONLINE,NL-NB,3398.67,Monthly,2024-01-01,2024-01-31,KG,3.142,3.142
PEAR_ABATE,ONLINE,NL-NB,2956.11,Monthly,2024-02-01,2024-02-29,KG,3.162,3.162
PEAR_ABATE,ONLINE,NL-NB,2974.67,Monthly,2024-03-01,2024-03-31,KG,3.139,3.139
PEAR_ABATE,ONLINE,NL-NB,2585.87,Monthly,2024-04-01,2024-04-30,KG,3.166,3.166
PEAR_ABATE,ONLINE,NL-NB,2569.71,Monthly,2024-05-01,2024-05-31,KG,3.164,3.164
PEAR_ABATE,ONLINE,NL-NB,2813.45,Monthly,2024-06-01,2024-06-30,KG,3.179,3.179
PEAR_ABATE,ONLINE,NL-NB,3358.16,Monthly,2024-07-01,2024-07-31,KG,3.161,3.161
PEAR_ABATE,ONLINE,NL-NB,3794.49,Monthly,2024-08-01,2024-08-31,KG,2.563,2.563
PEAR_ABATE,ONLINE,NL-NB,3789.94,Monthly,2024-09-01,2024-09-30,KG,2.512,2.512
PEAR_ABATE,ONLINE,NL-NB,3968.95,Monthly,2024-10-01,2024-10-31,KG,2.517,2.517
PEAR_ABATE,ONLINE,NL-NB,3683.74,Monthly,2024-11-01,2024-11-30,KG,3.157,3.157
PEAR_ABATE,ONLINE,NL-NB,3676.1400000000003,Monthly,2024-12-01,2024-12-31,KG,3.151,3.151
PEAR_ABATE,ONLINE,NL-NB,3194.6499999999996,Monthly,2025-01-01,2025-01-31,KG,3.137,3.137
PEAR_ABATE,ONLINE,NL-NB,2884.15,Monthly,2025-02-01,2025-02-28,KG,3.11,3.11
PEAR_ABATE,ONLINE,NL-NB,3371.6400000000003,Monthly,2025-03-01,2025-03-31,KG,3.127,3.127
PEAR_ABATE,ONLINE,NL-NB,2916.2,Monthly,2025-04-01,2025-04-30,KG,3.153,3.153
PEAR_ABATE,ONLINE,NL-NB,2931.83,Monthly,2025-05-01,2025-05-31,KG,3.177,3.177
PEAR_ABATE,ONLINE,NL-NB,2872.32,Monthly,2025-06-01,2025-06-30,KG,3.18,3.18
PEAR_ABATE,ONLINE,NL-NB,3341.17,Monthly,2025-07-01,2025-07-31,KG,3.175,3.175
PEAR_ABATE,ONLINE,NL-NB,3895.3,Monthly,2025-08-01,2025-08-31,KG,2.537,2.537
PEAR_ABATE,ONLINE,NL-NB,4157.54,Monthly,2025-09-01,2025-09-30,KG,2.559,2.559
PEAR_ABATE,ONLINE,NL-NB,3901.4799999999996,Monthly,2025-10-01,2025-10-31,KG,2.551,2.551
PEAR_ABATE,ONLINE,NL-NB,3895.5,Monthly,2025-11-01,2025-11-30,KG,3.168,3.168
PEAR_ABATE,ONLINE,NL-NB,3803.04,Monthly,2025-12-01,2025-12-31,KG,3.114,3.114
PEAR_ABATE,ONLINE,NL-NB,3435.1499999999996,Monthly,2026-01-01,2026-01-31,KG,3.196,3.196
PEAR_ABATE,ONLINE,NL-NH,2879.28,Monthly,2023-02-01,2023-02-28,KG,3.244,3.244
PEAR_ABATE,ONLINE,NL-NH,2870.34,Monthly,2023-03-01,2023-03-31,KG,3.269,3.269
PEAR_ABATE,ONLINE,NL-NH,2661.56,Monthly,2023-04-01,2023-04-30,KG,3.264,3.264
PEAR_ABATE,ONLINE,NL-NH,2970.34,Monthly,2023-05-01,2023-05-31,KG,3.234,3.234
PEAR_ABATE,ONLINE,NL-NH,3004.05,Monthly,2023-06-01,2023-06-30,KG,3.239,3.239
PEAR_ABATE,ONLINE,NL-NH,3164.71,Monthly,2023-07-01,2023-07-31,KG,3.226,3.226
PEAR_ABATE,ONLINE,NL-NH,3771.88,Monthly,2023-08-01,2023-08-31,KG,2.642,2.642
PEAR_ABATE,ONLINE,NL-NH,4142.12,Monthly,2023-09-01,2023-09-30,KG,2.613,2.613
PEAR_ABATE,ONLINE,NL-NH,4003.3,Monthly,2023-10-01,2023-10-31,KG,2.611,2.611
PEAR_ABATE,ONLINE,NL-NH,3567.2,Monthly,2023-11-01,2023-11-30,KG,3.224,3.224
PEAR_ABATE,ONLINE,NL-NH,3588.63,Monthly,2023-12-01,2023-12-31,KG,3.218,3.218
PEAR_ABATE,ONLINE,NL-NH,3496.29,Monthly,2024-01-01,2024-01-31,KG,3.254,3.254
PEAR_ABATE,ONLINE,NL-NH,2858.73,Monthly,2024-02-01,2024-02-29,KG,3.234,3.234
PEAR_ABATE,ONLINE,NL-NH,3148.7200000000003,Monthly,2024-03-01,2024-03-31,KG,3.254,3.254
PEAR_ABATE,ONLINE,NL-NH,2641.84,Monthly,2024-04-01,2024-04-30,KG,3.228,3.228
PEAR_ABATE,ONLINE,NL-NH,2784.4300000000003,Monthly,2024-05-01,2024-05-31,KG,3.258,3.258
PEAR_ABATE,ONLINE,NL-NH,2862.13,Monthly,2024-06-01,2024-06-30,KG,3.257,3.257
PEAR_ABATE,ONLINE,NL-NH,3157.37,Monthly,2024-07-01,2024-07-31,KG,3.231,3.231
PEAR_ABATE,ONLINE,NL-NH,3879.13,Monthly,2024-08-01,2024-08-31,KG,2.596,2.596
PEAR_ABATE,ONLINE,NL-NH,4032.8900000000003,Monthly,2024-09-01,2024-09-30,KG,2.597,2.597
PEAR_ABATE,ONLINE,NL-NH,4435.85,Monthly,2024-10-01,2024-10-31,KG,2.603,2.603
PEAR_ABATE,ONLINE,NL-NH,3811.41,Monthly,2024-11-01,2024-11-30,KG,3.245,3.245
PEAR_ABATE,ONLINE,NL-NH,3855.27,Monthly,2024-12-01,2024-12-31,KG,3.21,3.21
PEAR_ABATE,ONLINE,NL-NH,3264.7700000000004,Monthly,2025-01-01,2025-01-31,KG,3.218,3.218
PEAR_ABATE,ONLINE,NL-NH,3000.67,Monthly,2025-02-01,2025-02-28,KG,3.277,3.277
PEAR_ABATE,ONLINE,NL-NH,3346.13,Monthly,2025-03-01,2025-03-31,KG,3.238,3.238
PEAR_ABATE,ONLINE,NL-NH,3124.63,Monthly,2025-04-01,2025-04-30,KG,3.245,3.245
PEAR_ABATE,ONLINE,NL-NH,2971.71,Monthly,2025-05-01,2025-05-31,KG,3.246,3.246
PEAR_ABATE,ONLINE,NL-NH,2944.73,Monthly,2025-06-01,2025-06-30,KG,3.233,3.233
PEAR_ABATE,ONLINE,NL-NH,3258.42,Monthly,2025-07-01,2025-07-31,KG,3.195,3.195
PEAR_ABATE,ONLINE,NL-NH,4058.66,Monthly,2025-08-01,2025-08-31,KG,2.603,2.603
PEAR_ABATE,ONLINE,NL-NH,4031.89,Monthly,2025-09-01,2025-09-30,KG,2.618,2.618
PEAR_ABATE,ONLINE,NL-NH,4138.67,Monthly,2025-10-01,2025-10-31,KG,2.61,2.61
PEAR_ABATE,ONLINE,NL-NH,4011.91,Monthly,2025-11-01,2025-11-30,KG,3.252,3.252
PEAR_ABATE,ONLINE,NL-NH,3929.81,Monthly,2025-12-01,2025-12-31,KG,3.268,3.268
PEAR_ABATE,ONLINE,NL-NH,3210.7400000000002,Monthly,2026-01-01,2026-01-31,KG,3.243,3.243
PEAR_ABATE,ONLINE,NL-ZH,3054.3999999999996,Monthly,2023-02-01,2023-02-28,KG,3.343,3.343
PEAR_ABATE,ONLINE,NL-ZH,2940.0699999999997,Monthly,2023-03-01,2023-03-31,KG,3.354,3.354
PEAR_ABATE,ONLINE,NL-ZH,2690.44,Monthly,2023-04-01,2023-04-30,KG,3.346,3.346
PEAR_ABATE,ONLINE,NL-ZH,2921.55,Monthly,2023-05-01,2023-05-31,KG,3.295,3.295
PEAR_ABATE,ONLINE,NL-ZH,3135.15,Monthly,2023-06-01,2023-06-30,KG,3.343,3.343
PEAR_ABATE,ONLINE,NL-ZH,3293.2200000000003,Monthly,2023-07-01,2023-07-31,KG,3.352,3.352
PEAR_ABATE,ONLINE,NL-ZH,3973.23,Monthly,2023-08-01,2023-08-31,KG,2.691,2.691
PEAR_ABATE,ONLINE,NL-ZH,4229.62,Monthly,2023-09-01,2023-09-30,KG,2.683,2.683
PEAR_ABATE,ONLINE,NL-ZH,4224.98,Monthly,2023-10-01,2023-10-31,KG,2.675,2.675
PEAR_ABATE,ONLINE,NL-ZH,3848.28,Monthly,2023-11-01,2023-11-30,KG,3.306,3.306
PEAR_ABATE,ONLINE,NL-ZH,3827.5699999999997,Monthly,2023-12-01,2023-12-31,KG,3.345,3.345
PEAR_ABATE,ONLINE,NL-ZH,3745.8599999999997,Monthly,2024-01-01,2024-01-31,KG,3.377,3.377
PEAR_ABATE,ONLINE,NL-ZH,2967.05,Monthly,2024-02-01,2024-02-29,KG,3.377,3.377
PEAR_ABATE,ONLINE,NL-ZH,3075.91,Monthly,2024-03-01,2024-03-31,KG,3.305,3.305
PEAR_ABATE,ONLINE,NL-ZH,2814.2400000000002,Monthly,2024-04-01,2024-04-30,KG,3.354,3.354
PEAR_ABATE,ONLINE,NL-ZH,2847.77,Monthly,2024-05-01,2024-05-31,KG,3.367,3.367
PEAR_ABATE,ONLINE,NL-ZH,2927.42,Monthly,2024-06-01,2024-06-30,KG,3.361,3.361
PEAR_ABATE,ONLINE,NL-ZH,3202.13,Monthly,2024-07-01,2024-07-31,KG,3.365,3.365
PEAR_ABATE,ONLINE,NL-ZH,4044.33,Monthly,2024-08-01,2024-08-31,KG,2.675,2.675
PEAR_ABATE,ONLINE,NL-ZH,4057.6,Monthly,2024-09-01,2024-09-30,KG,2.701,2.701
PEAR_ABATE,ONLINE,NL-ZH,4551.28,Monthly,2024-10-01,2024-10-31,KG,2.673,2.673
PEAR_ABATE,ONLINE,NL-ZH,4055.1899999999996,Monthly,2024-11-01,2024-11-30,KG,3.349,3.349
PEAR_ABATE,ONLINE,NL-ZH,3812.49,Monthly,2024-12-01,2024-12-31,KG,3.368,3.368
PEAR_ABATE,ONLINE,NL-ZH,3557.37,Monthly,2025-01-01,2025-01-31,KG,3.366,3.366
PEAR_ABATE,ONLINE,NL-ZH,3169.21,Monthly,2025-02-01,2025-02-28,KG,3.364,3.364
PEAR_ABATE,ONLINE,NL-ZH,3559.52,Monthly,2025-03-01,2025-03-31,KG,3.358,3.358
PEAR_ABATE,ONLINE,NL-ZH,3172.17,Monthly,2025-04-01,2025-04-30,KG,3.367,3.367
PEAR_ABATE,ONLINE,NL-ZH,3261.15,Monthly,2025-05-01,2025-05-31,KG,3.344,3.344
PEAR_ABATE,ONLINE,NL-ZH,3155.29,Monthly,2025-06-01,2025-06-30,KG,3.213,3.358
PEAR_ABATE,ONLINE,NL-ZH,3604.3100000000004,Monthly,2025-07-01,2025-07-31,KG,3.336,3.336
PEAR_ABATE,ONLINE,NL-ZH,4047.23,Monthly,2025-08-01,2025-08-31,KG,2.712,2.712
PEAR_ABATE,ONLINE,NL-ZH,4542.24,Monthly,2025-09-01,2025-09-30,KG,2.661,2.661
PEAR_ABATE,ONLINE,NL-ZH,4200.34,Monthly,2025-10-01,2025-10-31,KG,2.731,2.731
PEAR_ABATE,ONLINE,NL-ZH,4158.03,Monthly,2025-11-01,2025-11-30,KG,3.347,3.347
PEAR_ABATE,ONLINE,NL-ZH,4285.33,Monthly,2025-12-01,2025-12-31,KG,3.324,3.324
PEAR_ABATE,ONLINE,NL-ZH,3538.41,Monthly,2026-01-01,2026-01-31,KG,3.385,3.385
PEAR_ABATE,RETAIL,NL-GE,6039.16,Monthly,2023-02-01,2023-02-28,KG,2.892,3.044
PEAR_ABATE,RETAIL,NL-GE,5221.75,Monthly,2023-03-01,2023-03-31,KG,3.045,3.045
PEAR_ABATE,RETAIL,NL-GE,5116.89,Monthly,2023-04-01,2023-04-30,KG,3.038,3.038
PEAR_ABATE,RETAIL,NL-GE,5495.24,Monthly,2023-05-01,2023-05-31,KG,3.076,3.076
PEAR_ABATE,RETAIL,NL-GE,5488.63,Monthly,2023-06-01,2023-06-30,KG,3.054,3.054
PEAR_ABATE,RETAIL,NL-GE,6202.08,Monthly,2023-07-01,2023-07-31,KG,2.983,3.036
PEAR_ABATE,RETAIL,NL-GE,6766.78,Monthly,2023-08-01,2023-08-31,KG,2.433,2.433
PEAR_ABATE,RETAIL,NL-GE,7929.96,Monthly,2023-09-01,2023-09-30,KG,2.449,2.449
PEAR_ABATE,RETAIL,NL-GE,7630.41,Monthly,2023-10-01,2023-10-31,KG,2.437,2.437
PEAR_ABATE,RETAIL,NL-GE,6866.139999999999,Monthly,2023-11-01,2023-11-30,KG,3.04,3.04
PEAR_ABATE,RETAIL,NL-GE,6763.1,Monthly,2023-12-01,2023-12-31,KG,3.047,3.047
PEAR_ABATE,RETAIL,NL-GE,6262.12,Monthly,2024-01-01,2024-01-31,KG,3.087,3.087
PEAR_ABATE,RETAIL,NL-GE,5425.41,Monthly,2024-02-01,2024-02-29,KG,3.067,3.067
PEAR_ABATE,RETAIL,NL-GE,6030.77,Monthly,2024-03-01,2024-03-31,KG,2.993,2.993
PEAR_ABATE,RETAIL,NL-GE,5215.49,Monthly,2024-04-01,2024-04-30,KG,2.936,3.02
PEAR_ABATE,RETAIL,NL-GE,5073.69,Monthly,2024-05-01,2024-05-31,KG,3.109,3.109
PEAR_ABATE,RETAIL,NL-GE,5262.35,Monthly,2024-06-01,2024-06-30,KG,3.034,3.034
PEAR_ABATE,RETAIL,NL-GE,6119.91,Monthly,2024-07-01,2024-07-31,KG,3.072,3.072
PEAR_ABATE,RETAIL,NL-GE,7131.45,Monthly,2024-08-01,2024-08-31,KG,2.441,2.441
PEAR_ABATE,RETAIL,NL-GE,7871.84,Monthly,2024-09-01,2024-09-30,KG,2.467,2.467
PEAR_ABATE,RETAIL,NL-GE,7833.24,Monthly,2024-10-01,2024-10-31,KG,2.449,2.449
PEAR_ABATE,RETAIL,NL-GE,7165.16,Monthly,2024-11-01,2024-11-30,KG,3.077,3.077
PEAR_ABATE,RETAIL,NL-GE,7850.549999999999,Monthly,2024-12-01,2024-12-31,KG,2.817,3.062
PEAR_ABATE,RETAIL,NL-GE,6284.41,Monthly,2025-01-01,2025-01-31,KG,3.052,3.052
PEAR_ABATE,RETAIL,NL-GE,5459.05,Monthly,2025-02-01,2025-02-28,KG,3.061,3.061
PEAR_ABATE,RETAIL,NL-GE,6147.379999999999,Monthly,2025-03-01,2025-03-31,KG,3.082,3.082
PEAR_ABATE,RETAIL,NL-GE,5657.34,Monthly,2025-04-01,2025-04-30,KG,3.044,3.044
PEAR_ABATE,RETAIL,NL-GE,5619.18,Monthly,2025-05-01,2025-05-31,KG,3.072,3.072
PEAR_ABATE,RETAIL,NL-GE,5476.4,Monthly,2025-06-01,2025-06-30,KG,3.042,3.042
PEAR_ABATE,RETAIL,NL-GE,6569.17,Monthly,2025-07-01,2025-07-31,KG,3.009,3.086
PEAR_ABATE,RETAIL,NL-GE,8145.18,Monthly,2025-08-01,2025-08-31,KG,2.275,2.454
PEAR_ABATE,RETAIL,NL-GE,7481.99,Monthly,2025-09-01,2025-09-30,KG,2.434,2.434
PEAR_ABATE,RETAIL,NL-GE,7561.72,Monthly,2025-10-01,2025-10-31,KG,2.462,2.462
PEAR_ABATE,RETAIL,NL-GE,7377.360000000001,Monthly,2025-11-01,2025-11-30,KG,3.043,3.043
PEAR_ABATE,RETAIL,NL-GE,7239.73,Monthly,2025-12-01,2025-12-31,KG,3.063,3.063
PEAR_ABATE,RETAIL,NL-GE,6509.76,Monthly,2026-01-01,2026-01-31,KG,3.059,3.059
PEAR_ABATE,RETAIL,NL-NB,5562.67,Monthly,2023-02-01,2023-02-28,KG,3.127,3.127
PEAR_ABATE,RETAIL,NL-NB,5384.52,Monthly,2023-03-01,2023-03-31,KG,3.134,3.134
PEAR_ABATE,RETAIL,NL-NB,5133.3,Monthly,2023-04-01,2023-04-30,KG,3.187,3.187
PEAR_ABATE,RETAIL,NL-NB,5548.18,Monthly,2023-05-01,2023-05-31,KG,3.148,3.148
PEAR_ABATE,RETAIL,NL-NB,5860.62,Monthly,2023-06-01,2023-06-30,KG,3.165,3.165
PEAR_ABATE,RETAIL,NL-NB,6346.37,Monthly,2023-07-01,2023-07-31,KG,3.156,3.156
PEAR_ABATE,RETAIL,NL-NB,7253.849999999999,Monthly,2023-08-01,2023-08-31,KG,2.527,2.527
PEAR_ABATE,RETAIL,NL-NB,8332.8,Monthly,2023-09-01,2023-09-30,KG,2.536,2.536
PEAR_ABATE,RETAIL,NL-NB,8127.280000000001,Monthly,2023-10-01,2023-10-31,KG,2.491,2.491
PEAR_ABATE,RETAIL,NL-NB,7130.48,Monthly,2023-11-01,2023-11-30,KG,3.15,3.15
PEAR_ABATE,RETAIL,NL-NB,7067.17,Monthly,2023-12-01,2023-12-31,KG,3.14,3.14
PEAR_ABATE,RETAIL,NL-NB,6748.74,Monthly,2024-01-01,2024-01-31,KG,3.15,3.15
PEAR_ABATE,RETAIL,NL-NB,5971.3,Monthly,2024-02-01,2024-02-29,KG,3.079,3.079
PEAR_ABATE,RETAIL,NL-NB,6181.360000000001,Monthly,2024-03-01,2024-03-31,KG,3.189,3.189
PEAR_ABATE,RETAIL,NL-NB,5129.63,Monthly,2024-04-01,2024-04-30,KG,3.169,3.169
PEAR_ABATE,RETAIL,NL-NB,5088.72,Monthly,2024-05-01,2024-05-31,KG,3.147,3.147
PEAR_ABATE,RETAIL,NL-NB,5482.17,Monthly,2024-06-01,2024-06-30,KG,3.182,3.182
PEAR_ABATE,RETAIL,NL-NB,6211.29,Monthly,2024-07-01,2024-07-31,KG,3.15,3.15
PEAR_ABATE,RETAIL,NL-NB,8218.42,Monthly,2024-08-01,2024-08-31,KG,2.392,2.563
PEAR_ABATE,RETAIL,NL-NB,7657.76,Monthly,2024-09-01,2024-09-30,KG,2.515,2.515
PEAR_ABATE,RETAIL,NL-NB,8324.25,Monthly,2024-10-01,2024-10-31,KG,2.543,2.543
PEAR_ABATE,RETAIL,NL-NB,7300.139999999999,Monthly,2024-11-01,2024-11-30,KG,3.129,3.129
PEAR_ABATE,RETAIL,NL-NB,7315.0,Monthly,2024-12-01,2024-12-31,KG,3.181,3.181
PEAR_ABATE,RETAIL,NL-NB,6359.74,Monthly,2025-01-01,2025-01-31,KG,3.123,3.123
PEAR_ABATE,RETAIL,NL-NB,5708.83,Monthly,2025-02-01,2025-02-28,KG,3.168,3.168
PEAR_ABATE,RETAIL,NL-NB,6523.889999999999,Monthly,2025-03-01,2025-03-31,KG,3.15,3.15
PEAR_ABATE,RETAIL,NL-NB,5923.28,Monthly,2025-04-01,2025-04-30,KG,3.153,3.153
PEAR_ABATE,RETAIL,NL-NB,5735.4400000000005,Monthly,2025-05-01,2025-05-31,KG,3.132,3.132
PEAR_ABATE,RETAIL,NL-NB,6141.73,Monthly,2025-06-01,2025-06-30,KG,3.054,3.15
PEAR_ABATE,RETAIL,NL-NB,6493.41,Monthly,2025-07-01,2025-07-31,KG,3.16,3.16
PEAR_ABATE,RETAIL,NL-NB,7884.7,Monthly,2025-08-01,2025-08-31,KG,2.546,2.546
PEAR_ABATE,RETAIL,NL-NB,7803.09,Monthly,2025-09-01,2025-09-30,KG,2.537,2.537
PEAR_ABATE,RETAIL,NL-NB,8094.28,Monthly,2025-10-01,2025-10-31,KG,2.509,2.509
PEAR_ABATE,RETAIL,NL-NB,7875.61,Monthly,2025-11-01,2025-11-30,KG,3.181,3.181
PEAR_ABATE,RETAIL,NL-NB,7507.4400000000005,Monthly,2025-12-01,2025-12-31,KG,3.124,3.124
PEAR_ABATE,RETAIL,NL-NB,6695.26,Monthly,2026-01-01,2026-01-31,KG,3.156,3.156
PEAR_ABATE,RETAIL,NL-NH,6230.72,Monthly,2023-02-01,2023-02-28,KG,3.057,3.276
PEAR_ABATE,RETAIL,NL-NH,5881.45,Monthly,2023-03-01,2023-03-31,KG,3.255,3.255
PEAR_ABATE,RETAIL,NL-NH,5222.08,Monthly,2023-04-01,2023-04-30,KG,3.212,3.212
PEAR_ABATE,RETAIL,NL-NH,5557.58,Monthly,2023-05-01,2023-05-31,KG,3.237,3.237
PEAR_ABATE,RETAIL,NL-NH,6176.869999999999,Monthly,2023-06-01,2023-06-30,KG,3.246,3.246
PEAR_ABATE,RETAIL,NL-NH,6389.26,Monthly,2023-07-01,2023-07-31,KG,3.211,3.211
PEAR_ABATE,RETAIL,NL-NH,7512.93,Monthly,2023-08-01,2023-08-31,KG,2.617,2.617
PEAR_ABATE,RETAIL,NL-NH,8256.7,Monthly,2023-09-01,2023-09-30,KG,2.608,2.608
PEAR_ABATE,RETAIL,NL-NH,8183.05,Monthly,2023-10-01,2023-10-31,KG,2.6,2.6
PEAR_ABATE,RETAIL,NL-NH,7263.610000000001,Monthly,2023-11-01,2023-11-30,KG,3.221,3.221
PEAR_ABATE,RETAIL,NL-NH,7173.96,Monthly,2023-12-01,2023-12-31,KG,3.274,3.274
PEAR_ABATE,RETAIL,NL-NH,7099.21,Monthly,2024-01-01,2024-01-31,KG,3.254,3.254
PEAR_ABATE,RETAIL,NL-NH,5648.04,Monthly,2024-02-01,2024-02-29,KG,3.26,3.26
PEAR_ABATE,RETAIL,NL-NH,5973.06,Monthly,2024-03-01,2024-03-31,KG,3.211,3.211
PEAR_ABATE,RETAIL,NL-NH,5228.1900000000005,Monthly,2024-04-01,2024-04-30,KG,3.239,3.239
PEAR_ABATE,RETAIL,NL-NH,5497.07,Monthly,2024-05-01,2024-05-31,KG,3.247,3.247
PEAR_ABATE,RETAIL,NL-NH,5695.13,Monthly,2024-06-01,2024-06-30,KG,3.25,3.25
PEAR_ABATE,RETAIL,NL-NH,6258.27,Monthly,2024-07-01,2024-07-31,KG,3.248,3.248
PEAR_ABATE,RETAIL,NL-NH,7932.35,Monthly,2024-08-01,2024-08-31,KG,2.59,2.59
PEAR_ABATE,RETAIL,NL-NH,7792.57,Monthly,2024-09-01,2024-09-30,KG,2.619,2.619
PEAR_ABATE,RETAIL,NL-NH,8568.26,Monthly,2024-10-01,2024-10-31,KG,2.597,2.597
PEAR_ABATE,RETAIL,NL-NH,7696.3,Monthly,2024-11-01,2024-11-30,KG,3.235,3.235
PEAR_ABATE,RETAIL,NL-NH,7492.01,Monthly,2024-12-01,2024-12-31,KG,3.256,3.256
PEAR_ABATE,RETAIL,NL-NH,6701.719999999999,Monthly,2025-01-01,2025-01-31,KG,3.208,3.24
PEAR_ABATE,RETAIL,NL-NH,6157.21,Monthly,2025-02-01,2025-02-28,KG,3.248,3.248
PEAR_ABATE,RETAIL,NL-NH,7116.63,Monthly,2025-03-01,2025-03-31,KG,3.197,3.197
PEAR_ABATE,RETAIL,NL-NH,6219.27,Monthly,2025-04-01,2025-04-30,KG,3.274,3.274
PEAR_ABATE,RETAIL,NL-NH,5832.23,Monthly,2025-05-01,2025-05-31,KG,3.263,3.263
PEAR_ABATE,RETAIL,NL-NH,5728.35,Monthly,2025-06-01,2025-06-30,KG,3.279,3.279
PEAR_ABATE,RETAIL,NL-NH,6545.469999999999,Monthly,2025-07-01,2025-07-31,KG,3.266,3.266
PEAR_ABATE,RETAIL,NL-NH,8356.37,Monthly,2025-08-01,2025-08-31,KG,2.631,2.631
PEAR_ABATE,RETAIL,NL-NH,8179.1,Monthly,2025-09-01,2025-09-30,KG,2.633,2.633
PEAR_ABATE,RETAIL,NL-NH,7991.119999999999,Monthly,2025-10-01,2025-10-31,KG,2.617,2.617
PEAR_ABATE,RETAIL,NL-NH,8000.22,Monthly,2025-11-01,2025-11-30,KG,3.24,3.24
PEAR_ABATE,RETAIL,NL-NH,8058.04,Monthly,2025-12-01,2025-12-31,KG,3.257,3.257
PEAR_ABATE,RETAIL,NL-NH,6900.030000000001,Monthly,2026-01-01,2026-01-31,KG,3.264,3.264
PEAR_ABATE,RETAIL,NL-ZH,6060.860000000001,Monthly,2023-02-01,2023-02-28,KG,3.325,3.325
PEAR_ABATE,RETAIL,NL-ZH,5606.16,Monthly,2023-03-01,2023-03-31,KG,3.319,3.319
PEAR_ABATE,RETAIL,NL-ZH,5551.05,Monthly,2023-04-01,2023-04-30,KG,3.353,3.353
PEAR_ABATE,RETAIL,NL-ZH,5823.76,Monthly,2023-05-01,2023-05-31,KG,3.325,3.325
PEAR_ABATE,RETAIL,NL-ZH,6023.47,Monthly,2023-06-01,2023-06-30,KG,3.328,3.328
PEAR_ABATE,RETAIL,NL-ZH,6559.07,Monthly,2023-07-01,2023-07-31,KG,3.327,3.327
PEAR_ABATE,RETAIL,NL-ZH,7997.7699999999995,Monthly,2023-08-01,2023-08-31,KG,2.668,2.698
PEAR_ABATE,RETAIL,NL-ZH,8757.62,Monthly,2023-09-01,2023-09-30,KG,2.674,2.674
PEAR_ABATE,RETAIL,NL-ZH,8198.15,Monthly,2023-10-01,2023-10-31,KG,2.686,2.686
PEAR_ABATE,RETAIL,NL-ZH,7374.27,Monthly,2023-11-01,2023-11-30,KG,3.347,3.347
PEAR_ABATE,RETAIL,NL-ZH,7478.030000000001,Monthly,2023-12-01,2023-12-31,KG,3.378,3.378
PEAR_ABATE,RETAIL,NL-ZH,7437.639999999999,Monthly,2024-01-01,2024-01-31,KG,3.369,3.369
PEAR_ABATE,RETAIL,NL-ZH,6166.6900000000005,Monthly,2024-02-01,2024-02-29,KG,3.313,3.313
PEAR_ABATE,RETAIL,NL-ZH,6497.860000000001,Monthly,2024-03-01,2024-03-31,KG,3.326,3.326
PEAR_ABATE,RETAIL,NL-ZH,5564.29,Monthly,2024-04-01,2024-04-30,KG,3.362,3.362
PEAR_ABATE,RETAIL,NL-ZH,5486.68,Monthly,2024-05-01,2024-05-31,KG,3.34,3.34
PEAR_ABATE,RETAIL,NL-ZH,5750.95,Monthly,2024-06-01,2024-06-30,KG,3.369,3.369
PEAR_ABATE,RETAIL,NL-ZH,6418.460000000001,Monthly,2024-07-01,2024-07-31,KG,3.353,3.353
PEAR_ABATE,RETAIL,NL-ZH,7867.030000000001,Monthly,2024-08-01,2024-08-31,KG,2.672,2.672
PEAR_ABATE,RETAIL,NL-ZH,8156.49,Monthly,2024-09-01,2024-09-30,KG,2.677,2.677
PEAR_ABATE,RETAIL,NL-ZH,8865.23,Monthly,2024-10-01,2024-10-31,KG,2.694,2.694
PEAR_ABATE,RETAIL,NL-ZH,7410.74,Monthly,2024-11-01,2024-11-30,KG,3.303,3.303
PEAR_ABATE,RETAIL,NL-ZH,7918.01,Monthly,2024-12-01,2024-12-31,KG,3.381,3.381
PEAR_ABATE,RETAIL,NL-ZH,7045.29,Monthly,2025-01-01,2025-01-31,KG,3.357,3.357
PEAR_ABATE,RETAIL,NL-ZH,6134.34,Monthly,2025-02-01,2025-02-28,KG,3.324,3.324
PEAR_ABATE,RETAIL,NL-ZH,7156.389999999999,Monthly,2025-03-01,2025-03-31,KG,3.288,3.288
PEAR_ABATE,RETAIL,NL-ZH,6241.45,Monthly,2025-04-01,2025-04-30,KG,3.36,3.36
PEAR_ABATE,RETAIL,NL-ZH,6296.38,Monthly,2025-05-01,2025-05-31,KG,3.401,3.401
PEAR_ABATE,RETAIL,NL-ZH,6112.78,Monthly,2025-06-01,2025-06-30,KG,3.36,3.36
PEAR_ABATE,RETAIL,NL-ZH,6814.0,Monthly,2025-07-01,2025-07-31,KG,3.338,3.338
PEAR_ABATE,RETAIL,NL-ZH,7985.1900000000005,Monthly,2025-08-01,2025-08-31,KG,2.673,2.673
PEAR_ABATE,RETAIL,NL-ZH,8215.23,Monthly,2025-09-01,2025-09-30,KG,2.697,2.697
PEAR_ABATE,RETAIL,NL-ZH,8484.86,Monthly,2025-10-01,2025-10-31,KG,2.67,2.67
PEAR_ABATE,RETAIL,NL-ZH,8616.35,Monthly,2025-11-01,2025-11-30,KG,3.343,3.343
PEAR_ABATE,RETAIL,NL-ZH,8295.9,Monthly,2025-12-01,2025-12-31,KG,3.369,3.369
PEAR_ABATE,RETAIL,NL-ZH,7041.33,Monthly,2026-01-01,2026-01-31,KG,3.378,3.378
PEAR_ABATE,WHOLESALE,NL-GE,4694.4,Monthly,2023-02-01,2023-02-28,KG,3.041,3.041
PEAR_ABATE,WHOLESALE,NL-GE,4396.2,Monthly,2023-03-01,2023-03-31,KG,3.06,3.06
PEAR_ABATE,WHOLESALE,NL-GE,4240.48,Monthly,2023-04-01,2023-04-30,KG,3.077,3.077
PEAR_ABATE,WHOLESALE,NL-GE,4710.33,Monthly,2023-05-01,2023-05-31,KG,3.012,3.012
PEAR_ABATE,WHOLESALE,NL-GE,4972.83,Monthly,2023-06-01,2023-06-30,KG,3.077,3.077
PEAR_ABATE,WHOLESALE,NL-GE,5261.469999999999,Monthly,2023-07-01,2023-07-31,KG,3.072,3.072
PEAR_ABATE,WHOLESALE,NL-GE,5930.62,Monthly,2023-08-01,2023-08-31,KG,2.505,2.505
PEAR_ABATE,WHOLESALE,NL-GE,6772.63,Monthly,2023-09-01,2023-09-30,KG,2.459,2.459
PEAR_ABATE,WHOLESALE,NL-GE,6272.4400000000005,Monthly,2023-10-01,2023-10-31,KG,2.432,2.432
PEAR_ABATE,WHOLESALE,NL-GE,5932.48,Monthly,2023-11-01,2023-11-30,KG,3.027,3.027
PEAR_ABATE,WHOLESALE,NL-GE,5526.32,Monthly,2023-12-01,2023-12-31,KG,3.048,3.048
PEAR_ABATE,WHOLESALE,NL-GE,5574.13,Monthly,2024-01-01,2024-01-31,KG,3.034,3.034
PEAR_ABATE,WHOLESALE,NL-GE,4608.969999999999,Monthly,2024-02-01,2024-02-29,KG,3.055,3.055
PEAR_ABATE,WHOLESALE,NL-GE,4753.74,Monthly,2024-03-01,2024-03-31,KG,3.035,3.035
PEAR_ABATE,WHOLESALE,NL-GE,4410.68,Monthly,2024-04-01,2024-04-30,KG,3.044,3.044
PEAR_ABATE,WHOLESALE,NL-GE,4426.4,Monthly,2024-05-01,2024-05-31,KG,3.056,3.056
PEAR_ABATE,WHOLESALE,NL-GE,4342.83,Monthly,2024-06-01,2024-06-30,KG,3.044,3.044
PEAR_ABATE,WHOLESALE,NL-GE,5365.75,Monthly,2024-07-01,2024-07-31,KG,3.063,3.063
PEAR_ABATE,WHOLESALE,NL-GE,6248.64,Monthly,2024-08-01,2024-08-31,KG,2.475,2.475
PEAR_ABATE,WHOLESALE,NL-GE,6433.1,Monthly,2024-09-01,2024-09-30,KG,2.447,2.447
PEAR_ABATE,WHOLESALE,NL-GE,6959.43,Monthly,2024-10-01,2024-10-31,KG,2.439,2.439
PEAR_ABATE,WHOLESALE,NL-GE,6066.4,Monthly,2024-11-01,2024-11-30,KG,3.068,3.068
PEAR_ABATE,WHOLESALE,NL-GE,5918.139999999999,Monthly,2024-12-01,2024-12-31,KG,3.041,3.041
PEAR_ABATE,WHOLESALE,NL-GE,5368.86,Monthly,2025-01-01,2025-01-31,KG,3.046,3.046
PEAR_ABATE,WHOLESALE,NL-GE,4770.98,Monthly,2025-02-01,2025-02-28,KG,3.074,3.074
PEAR_ABATE,WHOLESALE,NL-GE,5459.51,Monthly,2025-03-01,2025-03-31,KG,3.069,3.069
PEAR_ABATE,WHOLESALE,NL-GE,4823.639999999999,Monthly,2025-04-01,2025-04-30,KG,3.065,3.065
PEAR_ABATE,WHOLESALE,NL-GE,4791.89,Monthly,2025-05-01,2025-05-31,KG,3.035,3.035
PEAR_ABATE,WHOLESALE,NL-GE,4673.610000000001,Monthly,2025-06-01,2025-06-30,KG,3.057,3.057
PEAR_ABATE,WHOLESALE,NL-GE,5399.2,Monthly,2025-07-01,2025-07-31,KG,3.061,3.061
PEAR_ABATE,WHOLESALE,NL-GE,6286.9,Monthly,2025-08-01,2025-08-31,KG,2.476,2.476
PEAR_ABATE,WHOLESALE,NL-GE,6442.360000000001,Monthly,2025-09-01,2025-09-30,KG,2.476,2.476
PEAR_ABATE,WHOLESALE,NL-GE,6629.79,Monthly,2025-10-01,2025-10-31,KG,2.437,2.437
PEAR_ABATE,WHOLESALE,NL-GE,6169.67,Monthly,2025-11-01,2025-11-30,KG,3.057,3.057
PEAR_ABATE,WHOLESALE,NL-GE,6227.7,Monthly,2025-12-01,2025-12-31,KG,3.033,3.033
PEAR_ABATE,WHOLESALE,NL-GE,5557.83,Monthly,2026-01-01,2026-01-31,KG,3.076,3.076
PEAR_ABATE,WHOLESALE,NL-NB,4735.32,Monthly,2023-02-01,2023-02-28,KG,3.169,3.169
PEAR_ABATE,WHOLESALE,NL-NB,4597.76,Monthly,2023-03-01,2023-03-31,KG,3.146,3.146
PEAR_ABATE,WHOLESALE,NL-NB,4248.110000000001,Monthly,2023-04-01,2023-04-30,KG,3.176,3.176
PEAR_ABATE,WHOLESALE,NL-NB,4760.92,Monthly,2023-05-01,2023-05-31,KG,3.132,3.132
PEAR_ABATE,WHOLESALE,NL-NB,5045.99,Monthly,2023-06-01,2023-06-30,KG,3.166,3.166
PEAR_ABATE,WHOLESALE,NL-NB,5306.360000000001,Monthly,2023-07-01,2023-07-31,KG,3.156,3.156
PEAR_ABATE,WHOLESALE,NL-NB,6297.03,Monthly,2023-08-01,2023-08-31,KG,2.542,2.542
PEAR_ABATE,WHOLESALE,NL-NB,7219.21,Monthly,2023-09-01,2023-09-30,KG,2.533,2.533
PEAR_ABATE,WHOLESALE,NL-NB,6699.29,Monthly,2023-10-01,2023-10-31,KG,2.524,2.524
PEAR_ABATE,WHOLESALE,NL-NB,6076.63,Monthly,2023-11-01,2023-11-30,KG,3.126,3.126
PEAR_ABATE,WHOLESALE,NL-NB,6025.81,Monthly,2023-12-01,2023-12-31,KG,3.154,3.154
PEAR_ABATE,WHOLESALE,NL-NB,5834.41,Monthly,2024-01-01,2024-01-31,KG,3.12,3.12
PEAR_ABATE,WHOLESALE,NL-NB,4928.1900000000005,Monthly,2024-02-01,2024-02-29,KG,3.152,3.152
PEAR_ABATE,WHOLESALE,NL-NB,5163.88,Monthly,2024-03-01,2024-03-31,KG,3.196,3.196
PEAR_ABATE,WHOLESALE,NL-NB,4434.79,Monthly,2024-04-01,2024-04-30,KG,3.159,3.159
PEAR_ABATE,WHOLESALE,NL-NB,4387.18,Monthly,2024-05-01,2024-05-31,KG,3.138,3.138
PEAR_ABATE,WHOLESALE,NL-NB,4457.29,Monthly,2024-06-01,2024-06-30,KG,3.123,3.123
PEAR_ABATE,WHOLESALE,NL-NB,5397.52,Monthly,2024-07-01,2024-07-31,KG,3.139,3.139
PEAR_ABATE,WHOLESALE,NL-NB,6454.0599999999995,Monthly,2024-08-01,2024-08-31,KG,2.536,2.536
PEAR_ABATE,WHOLESALE,NL-NB,6426.85,Monthly,2024-09-01,2024-09-30,KG,2.544,2.544
PEAR_ABATE,WHOLESALE,NL-NB,6965.04,Monthly,2024-10-01,2024-10-31,KG,2.529,2.529
PEAR_ABATE,WHOLESALE,NL-NB,6356.4,Monthly,2024-11-01,2024-11-30,KG,3.116,3.116
PEAR_ABATE,WHOLESALE,NL-NB,6267.49,Monthly,2024-12-01,2024-12-31,KG,3.145,3.145
PEAR_ABATE,WHOLESALE,NL-NB,5380.7,Monthly,2025-01-01,2025-01-31,KG,3.166,3.166
PEAR_ABATE,WHOLESALE,NL-NB,4990.17,Monthly,2025-02-01,2025-02-28,KG,3.149,3.149
PEAR_ABATE,WHOLESALE,NL-NB,5570.97,Monthly,2025-03-01,2025-03-31,KG,3.158,3.158
PEAR_ABATE,WHOLESALE,NL-NB,4958.04,Monthly,2025-04-01,2025-04-30,KG,3.169,3.169
PEAR_ABATE,WHOLESALE,NL-NB,4926.3,Monthly,2025-05-01,2025-05-31,KG,3.116,3.116
PEAR_ABATE,WHOLESALE,NL-NB,4961.79,Monthly,2025-06-01,2025-06-30,KG,3.147,3.147
PEAR_ABATE,WHOLESALE,NL-NB,5531.09,Monthly,2025-07-01,2025-07-31,KG,3.16,3.16
PEAR_ABATE,WHOLESALE,NL-NB,6596.0599999999995,Monthly,2025-08-01,2025-08-31,KG,2.536,2.536
PEAR_ABATE,WHOLESALE,NL-NB,7049.51,Monthly,2025-09-01,2025-09-30,KG,2.544,2.544
PEAR_ABATE,WHOLESALE,NL-NB,6685.0599999999995,Monthly,2025-10-01,2025-10-31,KG,2.562,2.562
PEAR_ABATE,WHOLESALE,NL-NB,6645.02,Monthly,2025-11-01,2025-11-30,KG,3.15,3.15
PEAR_ABATE,WHOLESALE,NL-NB,6407.36,Monthly,2025-12-01,2025-12-31,KG,3.129,3.129
PEAR_ABATE,WHOLESALE,NL-NB,5779.21,Monthly,2026-01-01,2026-01-31,KG,3.166,3.166
PEAR_ABATE,WHOLESALE,NL-NH,4960.91,Monthly,2023-02-01,2023-02-28,KG,3.218,3.218
PEAR_ABATE,WHOLESALE,NL-NH,4940.59,Monthly,2023-03-01,2023-03-31,KG,3.257,3.257
PEAR_ABATE,WHOLESALE,NL-NH,4432.49,Monthly,2023-04-01,2023-04-30,KG,3.246,3.246
PEAR_ABATE,WHOLESALE,NL-NH,4928.7,Monthly,2023-05-01,2023-05-31,KG,3.265,3.265
PEAR_ABATE,WHOLESALE,NL-NH,5257.25,Monthly,2023-06-01,2023-06-30,KG,3.235,3.235
PEAR_ABATE,WHOLESALE,NL-NH,5514.03,Monthly,2023-07-01,2023-07-31,KG,3.248,3.248
PEAR_ABATE,WHOLESALE,NL-NH,6312.45,Monthly,2023-08-01,2023-08-31,KG,2.607,2.607
PEAR_ABATE,WHOLESALE,NL-NH,7121.29,Monthly,2023-09-01,2023-09-30,KG,2.617,2.617
PEAR_ABATE,WHOLESALE,NL-NH,7045.17,Monthly,2023-10-01,2023-10-31,KG,2.618,2.618
PEAR_ABATE,WHOLESALE,NL-NH,6162.82,Monthly,2023-11-01,2023-11-30,KG,3.254,3.254
PEAR_ABATE,WHOLESALE,NL-NH,6192.42,Monthly,2023-12-01,2023-12-31,KG,3.248,3.248
PEAR_ABATE,WHOLESALE,NL-NH,5986.18,Monthly,2024-01-01,2024-01-31,KG,3.259,3.259
PEAR_ABATE,WHOLESALE,NL-NH,4853.860000000001,Monthly,2024-02-01,2024-02-29,KG,3.229,3.229
PEAR_ABATE,WHOLESALE,NL-NH,5222.03,Monthly,2024-03-01,2024-03-31,KG,3.219,3.219
PEAR_ABATE,WHOLESALE,NL-NH,4640.91,Monthly,2024-04-01,2024-04-30,KG,3.239,3.239
PEAR_ABATE,WHOLESALE,NL-NH,4635.64,Monthly,2024-05-01,2024-05-31,KG,3.241,3.241
PEAR_ABATE,WHOLESALE,NL-NH,4719.24,Monthly,2024-06-01,2024-06-30,KG,3.269,3.269
PEAR_ABATE,WHOLESALE,NL-NH,5477.57,Monthly,2024-07-01,2024-07-31,KG,3.182,3.22
PEAR_ABATE,WHOLESALE,NL-NH,6632.33,Monthly,2024-08-01,2024-08-31,KG,2.599,2.599
PEAR_ABATE,WHOLESALE,NL-NH,6756.48,Monthly,2024-09-01,2024-09-30,KG,2.615,2.615
PEAR_ABATE,WHOLESALE,NL-NH,7479.2699999999995,Monthly,2024-10-01,2024-10-31,KG,2.627,2.627
PEAR_ABATE,WHOLESALE,NL-NH,6583.24,Monthly,2024-11-01,2024-11-30,KG,3.235,3.235
PEAR_ABATE,WHOLESALE,NL-NH,6238.26,Monthly,2024-12-01,2024-12-31,KG,3.269,3.269
PEAR_ABATE,WHOLESALE,NL-NH,5769.04,Monthly,2025-01-01,2025-01-31,KG,3.278,3.278
PEAR_ABATE,WHOLESALE,NL-NH,5005.38,Monthly,2025-02-01,2025-02-28,KG,3.243,3.243
PEAR_ABATE,WHOLESALE,NL-NH,5810.34,Monthly,2025-03-01,2025-03-31,KG,3.257,3.257
PEAR_ABATE,WHOLESALE,NL-NH,5217.389999999999,Monthly,2025-04-01,2025-04-30,KG,3.269,3.269
PEAR_ABATE,WHOLESALE,NL-NH,5274.08,Monthly,2025-05-01,2025-05-31,KG,3.243,3.243
PEAR_ABATE,WHOLESALE,NL-NH,4979.18,Monthly,2025-06-01,2025-06-30,KG,3.25,3.25
PEAR_ABATE,WHOLESALE,NL-NH,5566.26,Monthly,2025-07-01,2025-07-31,KG,3.27,3.27
PEAR_ABATE,WHOLESALE,NL-NH,6548.8099999999995,Monthly,2025-08-01,2025-08-31,KG,2.604,2.604
PEAR_ABATE,WHOLESALE,NL-NH,6849.17,Monthly,2025-09-01,2025-09-30,KG,2.622,2.622
PEAR_ABATE,WHOLESALE,NL-NH,6749.2,Monthly,2025-10-01,2025-10-31,KG,2.629,2.629
PEAR_ABATE,WHOLESALE,NL-NH,6727.05,Monthly,2025-11-01,2025-11-30,KG,3.244,3.244
PEAR_ABATE,WHOLESALE,NL-NH,6728.37,Monthly,2025-12-01,2025-12-31,KG,3.227,3.227
PEAR_ABATE,WHOLESALE,NL-NH,5866.610000000001,Monthly,2026-01-01,2026-01-31,KG,3.241,3.241
PEAR_ABATE,WHOLESALE,NL-ZH,5407.08,Monthly,2023-02-01,2023-02-28,KG,3.353,3.353
PEAR_ABATE,WHOLESALE,NL-ZH,5129.04,Monthly,2023-03-01,2023-03-31,KG,3.387,3.387
PEAR_ABATE,WHOLESALE,NL-ZH,4527.87,Monthly,2023-04-01,2023-04-30,KG,3.333,3.333
PEAR_ABATE,WHOLESALE,NL-ZH,5074.6900000000005,Monthly,2023-05-01,2023-05-31,KG,3.341,3.341
PEAR_ABATE,WHOLESALE,NL-ZH,5403.9,Monthly,2023-06-01,2023-06-30,KG,3.371,3.371
PEAR_ABATE,WHOLESALE,NL-ZH,5550.57,Monthly,2023-07-01,2023-07-31,KG,3.36,3.36
PEAR_ABATE,WHOLESALE,NL-ZH,6556.7,Monthly,2023-08-01,2023-08-31,KG,2.709,2.709
PEAR_ABATE,WHOLESALE,NL-ZH,7423.79,Monthly,2023-09-01,2023-09-30,KG,2.684,2.684
PEAR_ABATE,WHOLESALE,NL-ZH,7065.55,Monthly,2023-10-01,2023-10-31,KG,2.691,2.691
PEAR_ABATE,WHOLESALE,NL-ZH,6378.610000000001,Monthly,2023-11-01,2023-11-30,KG,3.348,3.348
PEAR_ABATE,WHOLESALE,NL-ZH,6282.85,Monthly,2023-12-01,2023-12-31,KG,3.34,3.34
PEAR_ABATE,WHOLESALE,NL-ZH,6267.42,Monthly,2024-01-01,2024-01-31,KG,3.383,3.383
PEAR_ABATE,WHOLESALE,NL-ZH,5223.65,Monthly,2024-02-01,2024-02-29,KG,3.328,3.328
PEAR_ABATE,WHOLESALE,NL-ZH,5270.28,Monthly,2024-03-01,2024-03-31,KG,3.33,3.33
PEAR_ABATE,WHOLESALE,NL-ZH,4614.2300000000005,Monthly,2024-04-01,2024-04-30,KG,3.337,3.337
PEAR_ABATE,WHOLESALE,NL-ZH,4804.86,Monthly,2024-05-01,2024-05-31,KG,3.336,3.336
PEAR_ABATE,WHOLESALE,NL-ZH,4960.09,Monthly,2024-06-01,2024-06-30,KG,3.343,3.343
PEAR_ABATE,WHOLESALE,NL-ZH,5693.55,Monthly,2024-07-01,2024-07-31,KG,3.338,3.338
PEAR_ABATE,WHOLESALE,NL-ZH,6838.62,Monthly,2024-08-01,2024-08-31,KG,2.664,2.664
PEAR_ABATE,WHOLESALE,NL-ZH,6761.77,Monthly,2024-09-01,2024-09-30,KG,2.682,2.682
PEAR_ABATE,WHOLESALE,NL-ZH,7416.04,Monthly,2024-10-01,2024-10-31,KG,2.717,2.717
PEAR_ABATE,WHOLESALE,NL-ZH,6539.71,Monthly,2024-11-01,2024-11-30,KG,3.34,3.34
PEAR_ABATE,WHOLESALE,NL-ZH,6568.36,Monthly,2024-12-01,2024-12-31,KG,3.353,3.353
PEAR_ABATE,WHOLESALE,NL-ZH,5995.76,Monthly,2025-01-01,2025-01-31,KG,3.363,3.363
PEAR_ABATE,WHOLESALE,NL-ZH,5250.27,Monthly,2025-02-01,2025-02-28,KG,3.341,3.341
PEAR_ABATE,WHOLESALE,NL-ZH,6034.01,Monthly,2025-03-01,2025-03-31,KG,3.326,3.326
PEAR_ABATE,WHOLESALE,NL-ZH,5530.82,Monthly,2025-04-01,2025-04-30,KG,3.356,3.356
PEAR_ABATE,WHOLESALE,NL-ZH,5242.83,Monthly,2025-05-01,2025-05-31,KG,3.379,3.379
PEAR_ABATE,WHOLESALE,NL-ZH,5029.0,Monthly,2025-06-01,2025-06-30,KG,3.344,3.344
PEAR_ABATE,WHOLESALE,NL-ZH,6112.59,Monthly,2025-07-01,2025-07-31,KG,3.328,3.328
PEAR_ABATE,WHOLESALE,NL-ZH,7000.0599999999995,Monthly,2025-08-01,2025-08-31,KG,2.707,2.707
PEAR_ABATE,WHOLESALE,NL-ZH,7424.12,Monthly,2025-09-01,2025-09-30,KG,2.677,2.677
PEAR_ABATE,WHOLESALE,NL-ZH,7368.84,Monthly,2025-10-01,2025-10-31,KG,2.676,2.676
PEAR_ABATE,WHOLESALE,NL-ZH,6761.29,Monthly,2025-11-01,2025-11-30,KG,3.341,3.341
PEAR_ABATE,WHOLESALE,NL-ZH,7172.15,Monthly,2025-12-01,2025-12-31,KG,3.324,3.324
PEAR_ABATE,WHOLESALE,NL-ZH,6044.389999999999,Monthly,2026-01-01,2026-01-31,KG,3.355,3.355
PEAR_COMICE,ONLINE,NL-GE,3200.6,Monthly,2023-02-01,2023-02-28,KG,3.069,3.069
PEAR_COMICE,ONLINE,NL-GE,3078.41,Monthly,2023-03-01,2023-03-31,KG,3.075,3.075
PEAR_COMICE,ONLINE,NL-GE,2957.65,Monthly,2023-04-01,2023-04-30,KG,3.038,3.038
PEAR_COMICE,ONLINE,NL-GE,3237.87,Monthly,2023-05-01,2023-05-31,KG,3.055,3.055
PEAR_COMICE,ONLINE,NL-GE,3463.93,Monthly,2023-06-01,2023-06-30,KG,3.08,3.08
PEAR_COMICE,ONLINE,NL-GE,3574.51,Monthly,2023-07-01,2023-07-31,KG,3.035,3.035
PEAR_COMICE,ONLINE,NL-GE,4247.6,Monthly,2023-08-01,2023-08-31,KG,2.473,2.473
PEAR_COMICE,ONLINE,NL-GE,4697.75,Monthly,2023-09-01,2023-09-30,KG,2.457,2.457
PEAR_COMICE,ONLINE,NL-GE,4457.02,Monthly,2023-10-01,2023-10-31,KG,2.489,2.489
PEAR_COMICE,ONLINE,NL-GE,4231.72,Monthly,2023-11-01,2023-11-30,KG,3.062,3.062
PEAR_COMICE,ONLINE,NL-GE,3980.65,Monthly,2023-12-01,2023-12-31,KG,3.068,3.068
PEAR_COMICE,ONLINE,NL-GE,3933.53,Monthly,2024-01-01,2024-01-31,KG,3.036,3.036
PEAR_COMICE,ONLINE,NL-GE,3206.65,Monthly,2024-02-01,2024-02-29,KG,3.091,3.091
PEAR_COMICE,ONLINE,NL-GE,3511.5699999999997,Monthly,2024-03-01,2024-03-31,KG,3.057,3.057
PEAR_COMICE,ONLINE,NL-GE,2976.88,Monthly,2024-04-01,2024-04-30,KG,3.022,3.022
PEAR_COMICE,ONLINE,NL-GE,3097.9,Monthly,2024-05-01,2024-05-31,KG,3.052,3.052
PEAR_COMICE,ONLINE,NL-GE,3189.68,Monthly,2024-06-01,2024-06-30,KG,2.99,3.065
PEAR_COMICE,ONLINE,NL-GE,3621.58,Monthly,2024-07-01,2024-07-31,KG,3.038,3.038
PEAR_COMICE,ONLINE,NL-GE,4355.87,Monthly,2024-08-01,2024-08-31,KG,2.471,2.471
PEAR_COMICE,ONLINE,NL-GE,4369.99,Monthly,2024-09-01,2024-09-30,KG,2.46,2.46
PEAR_COMICE,ONLINE,NL-GE,4851.35,Monthly,2024-10-01,2024-10-31,KG,2.43,2.43
PEAR_COMICE,ONLINE,NL-GE,4264.51,Monthly,2024-11-01,2024-11-30,KG,3.032,3.032
PEAR_COMICE,ONLINE,NL-GE,4084.62,Monthly,2024-12-01,2024-12-31,KG,3.051,3.051
PEAR_COMICE,ONLINE,NL-GE,3769.1499999999996,Monthly,2025-01-01,2025-01-31,KG,3.05,3.05
PEAR_COMICE,ONLINE,NL-GE,3215.0699999999997,Monthly,2025-02-01,2025-02-28,KG,3.067,3.067
PEAR_COMICE,ONLINE,NL-GE,3713.24,Monthly,2025-03-01,2025-03-31,KG,3.039,3.039
PEAR_COMICE,ONLINE,NL-GE,3341.13,Monthly,2025-04-01,2025-04-30,KG,3.049,3.049
PEAR_COMICE,ONLINE,NL-GE,3339.82,Monthly,2025-05-01,2025-05-31,KG,3.107,3.107
PEAR_COMICE,ONLINE,NL-GE,3294.7799999999997,Monthly,2025-06-01,2025-06-30,KG,3.09,3.09
PEAR_COMICE,ONLINE,NL-GE,3781.6099999999997,Monthly,2025-07-01,2025-07-31,KG,3.055,3.055
PEAR_COMICE,ONLINE,NL-GE,4547.610000000001,Monthly,2025-08-01,2025-08-31,KG,2.461,2.461
PEAR_COMICE,ONLINE,NL-GE,4702.17,Monthly,2025-09-01,2025-09-30,KG,2.455,2.455
PEAR_COMICE,ONLINE,NL-GE,4642.860000000001,Monthly,2025-10-01,2025-10-31,KG,2.46,2.46
PEAR_COMICE,ONLINE,NL-GE,4521.389999999999,Monthly,2025-11-01,2025-11-30,KG,3.043,3.043
PEAR_COMICE,ONLINE,NL-GE,4400.3,Monthly,2025-12-01,2025-12-31,KG,3.056,3.056
PEAR_COMICE,ONLINE,NL-GE,3742.5,Monthly,2026-01-01,2026-01-31,KG,3.043,3.043
PEAR_COMICE,ONLINE,NL-NB,3443.5,Monthly,2023-02-01,2023-02-28,KG,3.154,3.154
PEAR_COMICE,ONLINE,NL-NB,3188.12,Monthly,2023-03-01,2023-03-31,KG,3.121,3.121
PEAR_COMICE,ONLINE,NL-NB,2974.56,Monthly,2023-04-01,2023-04-30,KG,3.117,3.117
PEAR_COMICE,ONLINE,NL-NB,3369.0299999999997,Monthly,2023-05-01,2023-05-31,KG,3.148,3.148
PEAR_COMICE,ONLINE,NL-NB,3509.83,Monthly,2023-06-01,2023-06-30,KG,3.108,3.108
PEAR_COMICE,ONLINE,NL-NB,3683.7700000000004,Monthly,2023-07-01,2023-07-31,KG,3.14,3.14
PEAR_COMICE,ONLINE,NL-NB,4402.09,Monthly,2023-08-01,2023-08-31,KG,2.542,2.542
PEAR_COMICE,ONLINE,NL-NB,4983.77,Monthly,2023-09-01,2023-09-30,KG,2.534,2.534
PEAR_COMICE,ONLINE,NL-NB,4771.45,Monthly,2023-10-01,2023-10-31,KG,2.552,2.552
PEAR_COMICE,ONLINE,NL-NB,4430.07,Monthly,2023-11-01,2023-11-30,KG,3.155,3.155
PEAR_COMICE,ONLINE,NL-NB,4165.24,Monthly,2023-12-01,2023-12-31,KG,3.132,3.132
PEAR_COMICE,ONLINE,NL-NB,4002.96,Monthly,2024-01-01,2024-01-31,KG,3.189,3.189
PEAR_COMICE,ONLINE,NL-NB,3309.3599999999997,Monthly,2024-02-01,2024-02-29,KG,3.11,3.11
PEAR_COMICE,ONLINE,NL-NB,3684.9700000000003,Monthly,2024-03-01,2024-03-31,KG,3.113,3.113
PEAR_COMICE,ONLINE,NL-NB,2993.04,Monthly,2024-04-01,2024-04-30,KG,3.143,3.143
PEAR_COMICE,ONLINE,NL-NB,3074.3,Monthly,2024-05-01,2024-05-31,KG,3.141,3.141
PEAR_COMICE,ONLINE,NL-NB,3355.85,Monthly,2024-06-01,2024-06-30,KG,3.159,3.159
PEAR_COMICE,ONLINE,NL-NB,3808.39,Monthly,2024-07-01,2024-07-31,KG,3.152,3.152
PEAR_COMICE,ONLINE,NL-NB,4500.5,Monthly,2024-08-01,2024-08-31,KG,2.528,2.528
PEAR_COMICE,ONLINE,NL-NB,4546.48,Monthly,2024-09-01,2024-09-30,KG,2.513,2.513
PEAR_COMICE,ONLINE,NL-NB,4824.51,Monthly,2024-10-01,2024-10-31,KG,2.515,2.515
PEAR_COMICE,ONLINE,NL-NB,4409.83,Monthly,2024-11-01,2024-11-30,KG,3.122,3.122
PEAR_COMICE,ONLINE,NL-NB,4333.16,Monthly,2024-12-01,2024-12-31,KG,3.154,3.154
PEAR_COMICE,ONLINE,NL-NB,3783.02,Monthly,2025-01-01,2025-01-31,KG,3.162,3.162
PEAR_COMICE,ONLINE,NL-NB,3574.62,Monthly,2025-02-01,2025-02-28,KG,3.105,3.105
PEAR_COMICE,ONLINE,NL-NB,3794.49,Monthly,2025-03-01,2025-03-31,KG,3.159,3.159
PEAR_COMICE,ONLINE,NL-NB,3464.57,Monthly,2025-04-01,2025-04-30,KG,3.137,3.137
PEAR_COMICE,ONLINE,NL-NB,3494.52,Monthly,2025-05-01,2025-05-31,KG,3.137,3.137
PEAR_COMICE,ONLINE,NL-NB,3394.91,Monthly,2025-06-01,2025-06-30,KG,3.172,3.172
PEAR_COMICE,ONLINE,NL-NB,3696.25,Monthly,2025-07-01,2025-07-31,KG,3.132,3.132
PEAR_COMICE,ONLINE,NL-NB,4682.13,Monthly,2025-08-01,2025-08-31,KG,2.515,2.515
PEAR_COMICE,ONLINE,NL-NB,4867.38,Monthly,2025-09-01,2025-09-30,KG,2.522,2.522
PEAR_COMICE,ONLINE,NL-NB,4679.18,Monthly,2025-10-01,2025-10-31,KG,2.54,2.54
PEAR_COMICE,ONLINE,NL-NB,4719.39,Monthly,2025-11-01,2025-11-30,KG,3.125,3.125
PEAR_COMICE,ONLINE,NL-NB,4572.97,Monthly,2025-12-01,2025-12-31,KG,3.176,3.176
PEAR_COMICE,ONLINE,NL-NB,4137.27,Monthly,2026-01-01,2026-01-31,KG,3.164,3.164
PEAR_COMICE,ONLINE,NL-NH,3394.65,Monthly,2023-02-01,2023-02-28,KG,3.262,3.262
PEAR_COMICE,ONLINE,NL-NH,3404.1899999999996,Monthly,2023-03-01,2023-03-31,KG,3.243,3.243
PEAR_COMICE,ONLINE,NL-NH,3142.03,Monthly,2023-04-01,2023-04-30,KG,3.236,3.236
PEAR_COMICE,ONLINE,NL-NH,3518.62,Monthly,2023-05-01,2023-05-31,KG,3.274,3.274
PEAR_COMICE,ONLINE,NL-NH,3626.3199999999997,Monthly,2023-06-01,2023-06-30,KG,3.247,3.247
PEAR_COMICE,ONLINE,NL-NH,3742.6400000000003,Monthly,2023-07-01,2023-07-31,KG,3.268,3.268
PEAR_COMICE,ONLINE,NL-NH,4378.57,Monthly,2023-08-01,2023-08-31,KG,2.597,2.597
PEAR_COMICE,ONLINE,NL-NH,5179.6,Monthly,2023-09-01,2023-09-30,KG,2.613,2.613
PEAR_COMICE,ONLINE,NL-NH,4656.51,Monthly,2023-10-01,2023-10-31,KG,2.608,2.608
PEAR_COMICE,ONLINE,NL-NH,4238.639999999999,Monthly,2023-11-01,2023-11-30,KG,3.242,3.242
PEAR_COMICE,ONLINE,NL-NH,4392.11,Monthly,2023-12-01,2023-12-31,KG,3.235,3.235
PEAR_COMICE,ONLINE,NL-NH,4182.1,Monthly,2024-01-01,2024-01-31,KG,3.299,3.299
PEAR_COMICE,ONLINE,NL-NH,3496.35,Monthly,2024-02-01,2024-02-29,KG,3.237,3.237
PEAR_COMICE,ONLINE,NL-NH,3654.99,Monthly,2024-03-01,2024-03-31,KG,3.259,3.259
PEAR_COMICE,ONLINE,NL-NH,3184.26,Monthly,2024-04-01,2024-04-30,KG,3.234,3.234
PEAR_COMICE,ONLINE,NL-NH,3181.33,Monthly,2024-05-01,2024-05-31,KG,3.25,3.25
PEAR_COMICE,ONLINE,NL-NH,3305.4,Monthly,2024-06-01,2024-06-30,KG,3.272,3.272
PEAR_COMICE,ONLINE,NL-NH,3791.1800000000003,Monthly,2024-07-01,2024-07-31,KG,3.23,3.23
PEAR_COMICE,ONLINE,NL-NH,4774.72,Monthly,2024-08-01,2024-08-31,KG,2.625,2.625
PEAR_COMICE,ONLINE,NL-NH,4573.41,Monthly,2024-09-01,2024-09-30,KG,2.604,2.604
PEAR_COMICE,ONLINE,NL-NH,5220.0,Monthly,2024-10-01,2024-10-31,KG,2.61,2.61
PEAR_COMICE,ONLINE,NL-NH,4475.89,Monthly,2024-11-01,2024-11-30,KG,3.259,3.259
PEAR_COMICE,ONLINE,NL-NH,4497.33,Monthly,2024-12-01,2024-12-31,KG,3.254,3.254
PEAR_COMICE,ONLINE,NL-NH,4159.68,Monthly,2025-01-01,2025-01-31,KG,3.266,3.266
PEAR_COMICE,ONLINE,NL-NH,3694.9300000000003,Monthly,2025-02-01,2025-02-28,KG,3.24,3.24
PEAR_COMICE,ONLINE,NL-NH,4093.85,Monthly,2025-03-01,2025-03-31,KG,3.257,3.257
PEAR_COMICE,ONLINE,NL-NH,3603.72,Monthly,2025-04-01,2025-04-30,KG,3.267,3.267
PEAR_COMICE,ONLINE,NL-NH,3554.7,Monthly,2025-05-01,2025-05-31,KG,3.199,3.199
PEAR_COMICE,ONLINE,NL-NH,3482.3500000000004,Monthly,2025-06-01,2025-06-30,KG,3.24,3.24
PEAR_COMICE,ONLINE,NL-NH,3978.29,Monthly,2025-07-01,2025-07-31,KG,3.264,3.264
PEAR_COMICE,ONLINE,NL-NH,4642.09,Monthly,2025-08-01,2025-08-31,KG,2.597,2.597
PEAR_COMICE,ONLINE,NL-NH,4865.8,Monthly,2025-09-01,2025-09-30,KG,2.635,2.635
PEAR_COMICE,ONLINE,NL-NH,4781.17,Monthly,2025-10-01,2025-10-31,KG,2.589,2.589
PEAR_COMICE,ONLINE,NL-NH,4704.9,Monthly,2025-11-01,2025-11-30,KG,3.268,3.268
PEAR_COMICE,ONLINE,NL-NH,4760.66,Monthly,2025-12-01,2025-12-31,KG,3.265,3.265
PEAR_COMICE,ONLINE,NL-NH,4084.8,Monthly,2026-01-01,2026-01-31,KG,3.267,3.267
PEAR_COMICE,ONLINE,NL-ZH,3544.3,Monthly,2023-02-01,2023-02-28,KG,3.345,3.345
PEAR_COMICE,ONLINE,NL-ZH,3458.73,Monthly,2023-03-01,2023-03-31,KG,3.316,3.316
PEAR_COMICE,ONLINE,NL-ZH,3232.48,Monthly,2023-04-01,2023-04-30,KG,3.362,3.362
PEAR_COMICE,ONLINE,NL-ZH,3566.6099999999997,Monthly,2023-05-01,2023-05-31,KG,3.366,3.366
PEAR_COMICE,ONLINE,NL-ZH,3846.84,Monthly,2023-06-01,2023-06-30,KG,3.377,3.377
PEAR_COMICE,ONLINE,NL-ZH,3910.2699999999995,Monthly,2023-07-01,2023-07-31,KG,3.369,3.369
PEAR_COMICE,ONLINE,NL-ZH,4649.82,Monthly,2023-08-01,2023-08-31,KG,2.702,2.702
PEAR_COMICE,ONLINE,NL-ZH,5301.58,Monthly,2023-09-01,2023-09-30,KG,2.644,2.644
PEAR_COMICE,ONLINE,NL-ZH,5020.37,Monthly,2023-10-01,2023-10-31,KG,2.692,2.692
PEAR_COMICE,ONLINE,NL-ZH,4532.5599999999995,Monthly,2023-11-01,2023-11-30,KG,3.367,3.367
PEAR_COMICE,ONLINE,NL-ZH,4466.48,Monthly,2023-12-01,2023-12-31,KG,3.328,3.328
PEAR_COMICE,ONLINE,NL-ZH,4336.469999999999,Monthly,2024-01-01,2024-01-31,KG,3.335,3.335
PEAR_COMICE,ONLINE,NL-ZH,3608.1400000000003,Monthly,2024-02-01,2024-02-29,KG,3.387,3.387
PEAR_COMICE,ONLINE,NL-ZH,3751.4399999999996,Monthly,2024-03-01,2024-03-31,KG,3.355,3.355
PEAR_COMICE,ONLINE,NL-ZH,3367.25,Monthly,2024-04-01,2024-04-30,KG,3.397,3.397
PEAR_COMICE,ONLINE,NL-ZH,3401.03,Monthly,2024-05-01,2024-05-31,KG,3.305,3.305
PEAR_COMICE,ONLINE,NL-ZH,3553.24,Monthly,2024-06-01,2024-06-30,KG,3.368,3.368
PEAR_COMICE,ONLINE,NL-ZH,3923.87,Monthly,2024-07-01,2024-07-31,KG,3.345,3.345
PEAR_COMICE,ONLINE,NL-ZH,4666.34,Monthly,2024-08-01,2024-08-31,KG,2.677,2.677
PEAR_COMICE,ONLINE,NL-ZH,4781.59,Monthly,2024-09-01,2024-09-30,KG,2.676,2.676
PEAR_COMICE,ONLINE,NL-ZH,5117.15,Monthly,2024-10-01,2024-10-31,KG,2.676,2.676
PEAR_COMICE,ONLINE,NL-ZH,4584.46,Monthly,2024-11-01,2024-11-30,KG,3.386,3.386
PEAR_COMICE,ONLINE,NL-ZH,4656.07,Monthly,2024-12-01,2024-12-31,KG,3.316,3.316
PEAR_COMICE,ONLINE,NL-ZH,4201.44,Monthly,2025-01-01,2025-01-31,KG,3.389,3.389
PEAR_COMICE,ONLINE,NL-ZH,3619.63,Monthly,2025-02-01,2025-02-28,KG,3.345,3.345
PEAR_COMICE,ONLINE,NL-ZH,4099.71,Monthly,2025-03-01,2025-03-31,KG,3.325,3.325
PEAR_COMICE,ONLINE,NL-ZH,3838.58,Monthly,2025-04-01,2025-04-30,KG,3.326,3.326
PEAR_COMICE,ONLINE,NL-ZH,3691.74,Monthly,2025-05-01,2025-05-31,KG,3.343,3.343
PEAR_COMICE,ONLINE,NL-ZH,3901.9900000000002,Monthly,2025-06-01,2025-06-30,KG,3.168,3.315
PEAR_COMICE,ONLINE,NL-ZH,4083.77,Monthly,2025-07-01,2025-07-31,KG,3.37,3.37
PEAR_COMICE,ONLINE,NL-ZH,4808.5,Monthly,2025-08-01,2025-08-31,KG,2.686,2.686
PEAR_COMICE,ONLINE,NL-ZH,4988.35,Monthly,2025-09-01,2025-09-30,KG,2.668,2.668
PEAR_COMICE,ONLINE,NL-ZH,4854.15,Monthly,2025-10-01,2025-10-31,KG,2.691,2.691
PEAR_COMICE,ONLINE,NL-ZH,4679.32,Monthly,2025-11-01,2025-11-30,KG,3.286,3.286
PEAR_COMICE,ONLINE,NL-ZH,4866.63,Monthly,2025-12-01,2025-12-31,KG,3.347,3.347
PEAR_COMICE,ONLINE,NL-ZH,4276.68,Monthly,2026-01-01,2026-01-31,KG,3.368,3.368
PEAR_COMICE,RETAIL,NL-GE,6877.82,Monthly,2023-02-01,2023-02-28,KG,2.887,3.043
PEAR_COMICE,RETAIL,NL-GE,6109.21,Monthly,2023-03-01,2023-03-31,KG,3.058,3.058
PEAR_COMICE,RETAIL,NL-GE,5938.889999999999,Monthly,2023-04-01,2023-04-30,KG,3.019,3.019
PEAR_COMICE,RETAIL,NL-GE,6249.91,Monthly,2023-05-01,2023-05-31,KG,3.077,3.077
PEAR_COMICE,RETAIL,NL-GE,6544.29,Monthly,2023-06-01,2023-06-30,KG,3.076,3.076
PEAR_COMICE,RETAIL,NL-GE,7440.1,Monthly,2023-07-01,2023-07-31,KG,3.005,3.062
PEAR_COMICE,RETAIL,NL-GE,7975.73,Monthly,2023-08-01,2023-08-31,KG,2.459,2.459
PEAR_COMICE,RETAIL,NL-GE,9687.810000000001,Monthly,2023-09-01,2023-09-30,KG,2.468,2.468
PEAR_COMICE,RETAIL,NL-GE,8655.96,Monthly,2023-10-01,2023-10-31,KG,2.471,2.471
PEAR_COMICE,RETAIL,NL-GE,8172.34,Monthly,2023-11-01,2023-11-30,KG,3.062,3.062
PEAR_COMICE,RETAIL,NL-GE,7933.74,Monthly,2023-12-01,2023-12-31,KG,3.022,3.022
PEAR_COMICE,RETAIL,NL-GE,7759.35,Monthly,2024-01-01,2024-01-31,KG,3.061,3.061
PEAR_COMICE,RETAIL,NL-GE,6211.83,Monthly,2024-02-01,2024-02-29,KG,3.037,3.037
PEAR_COMICE,RETAIL,NL-GE,7028.46,Monthly,2024-03-01,2024-03-31,KG,3.084,3.084
PEAR_COMICE,RETAIL,NL-GE,5872.88,Monthly,2024-04-01,2024-04-30,KG,3.072,3.072
PEAR_COMICE,RETAIL,NL-GE,6300.530000000001,Monthly,2024-05-01,2024-05-31,KG,3.047,3.047
PEAR_COMICE,RETAIL,NL-GE,6295.280000000001,Monthly,2024-06-01,2024-06-30,KG,3.017,3.017
PEAR_COMICE,RETAIL,NL-GE,7070.8099999999995,Monthly,2024-07-01,2024-07-31,KG,3.04,3.04
PEAR_COMICE,RETAIL,NL-GE,8680.68,Monthly,2024-08-01,2024-08-31,KG,2.45,2.45
PEAR_COMICE,RETAIL,NL-GE,9061.1,Monthly,2024-09-01,2024-09-30,KG,2.46,2.46
PEAR_COMICE,RETAIL,NL-GE,9423.89,Monthly,2024-10-01,2024-10-31,KG,2.466,2.466
PEAR_COMICE,RETAIL,NL-GE,8230.03,Monthly,2024-11-01,2024-11-30,KG,3.066,3.066
PEAR_COMICE,RETAIL,NL-GE,9088.880000000001,Monthly,2024-12-01,2024-12-31,KG,2.791,3.041
PEAR_COMICE,RETAIL,NL-GE,7884.67,Monthly,2025-01-01,2025-01-31,KG,3.048,3.048
PEAR_COMICE,RETAIL,NL-GE,6711.36,Monthly,2025-02-01,2025-02-28,KG,3.031,3.031
PEAR_COMICE,RETAIL,NL-GE,7612.139999999999,Monthly,2025-03-01,2025-03-31,KG,3.091,3.091
PEAR_COMICE,RETAIL,NL-GE,6524.9400000000005,Monthly,2025-04-01,2025-04-30,KG,3.035,3.035
PEAR_COMICE,RETAIL,NL-GE,6588.719999999999,Monthly,2025-05-01,2025-05-31,KG,3.031,3.031
PEAR_COMICE,RETAIL,NL-GE,6634.110000000001,Monthly,2025-06-01,2025-06-30,KG,3.089,3.089
PEAR_COMICE,RETAIL,NL-GE,7862.46,Monthly,2025-07-01,2025-07-31,KG,2.957,3.025
PEAR_COMICE,RETAIL,NL-GE,10006.1,Monthly,2025-08-01,2025-08-31,KG,2.282,2.47
PEAR_COMICE,RETAIL,NL-GE,9257.96,Monthly,2025-09-01,2025-09-30,KG,2.446,2.446
PEAR_COMICE,RETAIL,NL-GE,9271.2,Monthly,2025-10-01,2025-10-31,KG,2.469,2.469
PEAR_COMICE,RETAIL,NL-GE,8815.78,Monthly,2025-11-01,2025-11-30,KG,3.039,3.039
PEAR_COMICE,RETAIL,NL-GE,8578.029999999999,Monthly,2025-12-01,2025-12-31,KG,3.071,3.071
PEAR_COMICE,RETAIL,NL-GE,7686.2,Monthly,2026-01-01,2026-01-31,KG,3.004,3.004
PEAR_COMICE,RETAIL,NL-NB,6705.67,Monthly,2023-02-01,2023-02-28,KG,3.154,3.154
PEAR_COMICE,RETAIL,NL-NB,6588.62,Monthly,2023-03-01,2023-03-31,KG,3.156,3.156
PEAR_COMICE,RETAIL,NL-NB,5880.77,Monthly,2023-04-01,2023-04-30,KG,3.179,3.179
PEAR_COMICE,RETAIL,NL-NB,6526.35,Monthly,2023-05-01,2023-05-31,KG,3.124,3.124
PEAR_COMICE,RETAIL,NL-NB,6947.74,Monthly,2023-06-01,2023-06-30,KG,3.158,3.158
PEAR_COMICE,RETAIL,NL-NB,7404.700000000001,Monthly,2023-07-01,2023-07-31,KG,3.17,3.17
PEAR_COMICE,RETAIL,NL-NB,8376.49,Monthly,2023-08-01,2023-08-31,KG,2.571,2.571
PEAR_COMICE,RETAIL,NL-NB,10109.52,Monthly,2023-09-01,2023-09-30,KG,2.53,2.53
PEAR_COMICE,RETAIL,NL-NB,9516.51,Monthly,2023-10-01,2023-10-31,KG,2.523,2.523
PEAR_COMICE,RETAIL,NL-NB,8404.89,Monthly,2023-11-01,2023-11-30,KG,3.145,3.145
PEAR_COMICE,RETAIL,NL-NB,8354.03,Monthly,2023-12-01,2023-12-31,KG,3.144,3.144
PEAR_COMICE,RETAIL,NL-NB,7943.530000000001,Monthly,2024-01-01,2024-01-31,KG,3.123,3.123
PEAR_COMICE,RETAIL,NL-NB,6582.37,Monthly,2024-02-01,2024-02-29,KG,3.138,3.138
PEAR_COMICE,RETAIL,NL-NB,7223.78,Monthly,2024-03-01,2024-03-31,KG,3.136,3.136
PEAR_COMICE,RETAIL,NL-NB,5999.97,Monthly,2024-04-01,2024-04-30,KG,3.146,3.146
PEAR_COMICE,RETAIL,NL-NB,6072.15,Monthly,2024-05-01,2024-05-31,KG,3.127,3.127
PEAR_COMICE,RETAIL,NL-NB,6431.66,Monthly,2024-06-01,2024-06-30,KG,3.141,3.141
PEAR_COMICE,RETAIL,NL-NB,7485.07,Monthly,2024-07-01,2024-07-31,KG,3.143,3.143
PEAR_COMICE,RETAIL,NL-NB,9765.38,Monthly,2024-08-01,2024-08-31,KG,2.363,2.526
PEAR_COMICE,RETAIL,NL-NB,9614.36,Monthly,2024-09-01,2024-09-30,KG,2.541,2.541
PEAR_COMICE,RETAIL,NL-NB,9099.82,Monthly,2024-10-01,2024-10-31,KG,2.549,2.549
PEAR_COMICE,RETAIL,NL-NB,8769.880000000001,Monthly,2024-11-01,2024-11-30,KG,3.13,3.13
PEAR_COMICE,RETAIL,NL-NB,8586.69,Monthly,2024-12-01,2024-12-31,KG,3.177,3.177
PEAR_COMICE,RETAIL,NL-NB,7586.8,Monthly,2025-01-01,2025-01-31,KG,3.122,3.122
PEAR_COMICE,RETAIL,NL-NB,6732.879999999999,Monthly,2025-02-01,2025-02-28,KG,3.174,3.174
PEAR_COMICE,RETAIL,NL-NB,7833.73,Monthly,2025-03-01,2025-03-31,KG,3.159,3.159
PEAR_COMICE,RETAIL,NL-NB,6767.700000000001,Monthly,2025-04-01,2025-04-30,KG,3.131,3.131
PEAR_COMICE,RETAIL,NL-NB,6840.08,Monthly,2025-05-01,2025-05-31,KG,3.143,3.143
PEAR_COMICE,RETAIL,NL-NB,7168.26,Monthly,2025-06-01,2025-06-30,KG,3.054,3.155
PEAR_COMICE,RETAIL,NL-NB,7679.73,Monthly,2025-07-01,2025-07-31,KG,3.139,3.139
PEAR_COMICE,RETAIL,NL-NB,8993.59,Monthly,2025-08-01,2025-08-31,KG,2.532,2.532
PEAR_COMICE,RETAIL,NL-NB,9639.46,Monthly,2025-09-01,2025-09-30,KG,2.55,2.55
PEAR_COMICE,RETAIL,NL-NB,9081.79,Monthly,2025-10-01,2025-10-31,KG,2.496,2.496
PEAR_COMICE,RETAIL,NL-NB,9184.18,Monthly,2025-11-01,2025-11-30,KG,3.109,3.109
PEAR_COMICE,RETAIL,NL-NB,8951.619999999999,Monthly,2025-12-01,2025-12-31,KG,3.151,3.151
PEAR_COMICE,RETAIL,NL-NB,7857.34,Monthly,2026-01-01,2026-01-31,KG,3.17,3.17
PEAR_COMICE,RETAIL,NL-NH,8095.75,Monthly,2023-02-01,2023-02-28,KG,3.029,3.228
PEAR_COMICE,RETAIL,NL-NH,6672.46,Monthly,2023-03-01,2023-03-31,KG,3.256,3.259
PEAR_COMICE,RETAIL,NL-NH,6169.139999999999,Monthly,2023-04-01,2023-04-30,KG,3.275,3.288
PEAR_COMICE,RETAIL,NL-NH,6901.25,Monthly,2023-05-01,2023-05-31,KG,3.238,3.238
PEAR_COMICE,RETAIL,NL-NH,7249.110000000001,Monthly,2023-06-01,2023-06-30,KG,3.25,3.25
PEAR_COMICE,RETAIL,NL-NH,7767.33,Monthly,2023-07-01,2023-07-31,KG,3.233,3.233
PEAR_COMICE,RETAIL,NL-NH,8697.98,Monthly,2023-08-01,2023-08-31,KG,2.61,2.61
PEAR_COMICE,RETAIL,NL-NH,10199.64,Monthly,2023-09-01,2023-09-30,KG,2.631,2.631
PEAR_COMICE,RETAIL,NL-NH,9231.84,Monthly,2023-10-01,2023-10-31,KG,2.609,2.609
PEAR_COMICE,RETAIL,NL-NH,8305.33,Monthly,2023-11-01,2023-11-30,KG,3.26,3.26
PEAR_COMICE,RETAIL,NL-NH,8622.869999999999,Monthly,2023-12-01,2023-12-31,KG,3.259,3.259
PEAR_COMICE,RETAIL,NL-NH,8110.43,Monthly,2024-01-01,2024-01-31,KG,3.228,3.228
PEAR_COMICE,RETAIL,NL-NH,6585.4400000000005,Monthly,2024-02-01,2024-02-29,KG,3.231,3.231
PEAR_COMICE,RETAIL,NL-NH,7205.610000000001,Monthly,2024-03-01,2024-03-31,KG,3.283,3.283
PEAR_COMICE,RETAIL,NL-NH,6141.66,Monthly,2024-04-01,2024-04-30,KG,3.226,3.226
PEAR_COMICE,RETAIL,NL-NH,6259.8099999999995,Monthly,2024-05-01,2024-05-31,KG,3.283,3.283
PEAR_COMICE,RETAIL,NL-NH,6578.139999999999,Monthly,2024-06-01,2024-06-30,KG,3.251,3.251
PEAR_COMICE,RETAIL,NL-NH,7370.99,Monthly,2024-07-01,2024-07-31,KG,3.256,3.256
PEAR_COMICE,RETAIL,NL-NH,9484.85,Monthly,2024-08-01,2024-08-31,KG,2.622,2.622
PEAR_COMICE,RETAIL,NL-NH,9355.83,Monthly,2024-09-01,2024-09-30,KG,2.622,2.622
PEAR_COMICE,RETAIL,NL-NH,10625.14,Monthly,2024-10-01,2024-10-31,KG,2.593,2.593
PEAR_COMICE,RETAIL,NL-NH,8806.68,Monthly,2024-11-01,2024-11-30,KG,3.242,3.242
PEAR_COMICE,RETAIL,NL-NH,8905.72,Monthly,2024-12-01,2024-12-31,KG,3.241,3.241
PEAR_COMICE,RETAIL,NL-NH,8498.27,Monthly,2025-01-01,2025-01-31,KG,3.234,3.265
PEAR_COMICE,RETAIL,NL-NH,6901.29,Monthly,2025-02-01,2025-02-28,KG,3.196,3.196
PEAR_COMICE,RETAIL,NL-NH,8056.6,Monthly,2025-03-01,2025-03-31,KG,3.233,3.233
PEAR_COMICE,RETAIL,NL-NH,7068.05,Monthly,2025-04-01,2025-04-30,KG,3.213,3.213
PEAR_COMICE,RETAIL,NL-NH,7191.04,Monthly,2025-05-01,2025-05-31,KG,3.253,3.253
PEAR_COMICE,RETAIL,NL-NH,6709.200000000001,Monthly,2025-06-01,2025-06-30,KG,3.239,3.239
PEAR_COMICE,RETAIL,NL-NH,7462.73,Monthly,2025-07-01,2025-07-31,KG,3.228,3.228
PEAR_COMICE,RETAIL,NL-NH,9524.02,Monthly,2025-08-01,2025-08-31,KG,2.614,2.614
PEAR_COMICE,RETAIL,NL-NH,9462.82,Monthly,2025-09-01,2025-09-30,KG,2.601,2.601
PEAR_COMICE,RETAIL,NL-NH,9056.65,Monthly,2025-10-01,2025-10-31,KG,2.631,2.631
PEAR_COMICE,RETAIL,NL-NH,9290.52,Monthly,2025-11-01,2025-11-30,KG,3.257,3.257
PEAR_COMICE,RETAIL,NL-NH,9128.49,Monthly,2025-12-01,2025-12-31,KG,3.239,3.239
PEAR_COMICE,RETAIL,NL-NH,8040.32,Monthly,2026-01-01,2026-01-31,KG,3.275,3.275
PEAR_COMICE,RETAIL,NL-ZH,7096.66,Monthly,2023-02-01,2023-02-28,KG,3.319,3.319
PEAR_COMICE,RETAIL,NL-ZH,6827.3099999999995,Monthly,2023-03-01,2023-03-31,KG,3.361,3.361
PEAR_COMICE,RETAIL,NL-ZH,6603.95,Monthly,2023-04-01,2023-04-30,KG,3.353,3.353
PEAR_COMICE,RETAIL,NL-ZH,6959.1,Monthly,2023-05-01,2023-05-31,KG,3.348,3.348
PEAR_COMICE,RETAIL,NL-ZH,7571.2,Monthly,2023-06-01,2023-06-30,KG,3.399,3.399
PEAR_COMICE,RETAIL,NL-ZH,7800.780000000001,Monthly,2023-07-01,2023-07-31,KG,3.351,3.351
PEAR_COMICE,RETAIL,NL-ZH,9095.44,Monthly,2023-08-01,2023-08-31,KG,2.682,2.682
PEAR_COMICE,RETAIL,NL-ZH,10280.33,Monthly,2023-09-01,2023-09-30,KG,2.701,2.701
PEAR_COMICE,RETAIL,NL-ZH,9823.83,Monthly,2023-10-01,2023-10-31,KG,2.712,2.712
PEAR_COMICE,RETAIL,NL-ZH,8623.03,Monthly,2023-11-01,2023-11-30,KG,3.358,3.358
PEAR_COMICE,RETAIL,NL-ZH,8713.25,Monthly,2023-12-01,2023-12-31,KG,3.333,3.333
PEAR_COMICE,RETAIL,NL-ZH,8581.8,Monthly,2024-01-01,2024-01-31,KG,3.33,3.33
PEAR_COMICE,RETAIL,NL-ZH,7163.99,Monthly,2024-02-01,2024-02-29,KG,3.36,3.36
PEAR_COMICE,RETAIL,NL-ZH,7326.789999999999,Monthly,2024-03-01,2024-03-31,KG,3.319,3.319
PEAR_COMICE,RETAIL,NL-ZH,6319.95,Monthly,2024-04-01,2024-04-30,KG,3.346,3.346
PEAR_COMICE,RETAIL,NL-ZH,6683.88,Monthly,2024-05-01,2024-05-31,KG,3.304,3.304
PEAR_COMICE,RETAIL,NL-ZH,6933.48,Monthly,2024-06-01,2024-06-30,KG,3.396,3.396
PEAR_COMICE,RETAIL,NL-ZH,7513.15,Monthly,2024-07-01,2024-07-31,KG,3.348,3.348
PEAR_COMICE,RETAIL,NL-ZH,9560.75,Monthly,2024-08-01,2024-08-31,KG,2.684,2.684
PEAR_COMICE,RETAIL,NL-ZH,9264.81,Monthly,2024-09-01,2024-09-30,KG,2.655,2.655
PEAR_COMICE,RETAIL,NL-ZH,10779.01,Monthly,2024-10-01,2024-10-31,KG,2.695,2.695
PEAR_COMICE,RETAIL,NL-ZH,9265.67,Monthly,2024-11-01,2024-11-30,KG,3.372,3.372
PEAR_COMICE,RETAIL,NL-ZH,9070.720000000001,Monthly,2024-12-01,2024-12-31,KG,3.3,3.3
PEAR_COMICE,RETAIL,NL-ZH,8445.34,Monthly,2025-01-01,2025-01-31,KG,3.323,3.323
PEAR_COMICE,RETAIL,NL-ZH,7349.18,Monthly,2025-02-01,2025-02-28,KG,3.34,3.34
PEAR_COMICE,RETAIL,NL-ZH,8502.34,Monthly,2025-03-01,2025-03-31,KG,3.352,3.352
PEAR_COMICE,RETAIL,NL-ZH,7313.630000000001,Monthly,2025-04-01,2025-04-30,KG,3.336,3.336
PEAR_COMICE,RETAIL,NL-ZH,7325.110000000001,Monthly,2025-05-01,2025-05-31,KG,3.338,3.338
PEAR_COMICE,RETAIL,NL-ZH,7161.49,Monthly,2025-06-01,2025-06-30,KG,3.384,3.384
PEAR_COMICE,RETAIL,NL-ZH,8196.94,Monthly,2025-07-01,2025-07-31,KG,3.359,3.359
PEAR_COMICE,RETAIL,NL-ZH,9720.82,Monthly,2025-08-01,2025-08-31,KG,2.702,2.702
PEAR_COMICE,RETAIL,NL-ZH,9962.84,Monthly,2025-09-01,2025-09-30,KG,2.695,2.695
PEAR_COMICE,RETAIL,NL-ZH,9933.07,Monthly,2025-10-01,2025-10-31,KG,2.702,2.702
PEAR_COMICE,RETAIL,NL-ZH,9436.79,Monthly,2025-11-01,2025-11-30,KG,3.322,3.322
PEAR_COMICE,RETAIL,NL-ZH,9967.75,Monthly,2025-12-01,2025-12-31,KG,3.325,3.325
PEAR_COMICE,RETAIL,NL-ZH,8665.75,Monthly,2026-01-01,2026-01-31,KG,3.323,3.323
PEAR_COMICE,WHOLESALE,NL-GE,5641.3099999999995,Monthly,2023-02-01,2023-02-28,KG,3.071,3.071
PEAR_COMICE,WHOLESALE,NL-GE,5421.12,Monthly,2023-03-01,2023-03-31,KG,3.039,3.039
PEAR_COMICE,WHOLESALE,NL-GE,4971.14,Monthly,2023-04-01,2023-04-30,KG,3.076,3.076
PEAR_COMICE,WHOLESALE,NL-GE,5585.42,Monthly,2023-05-01,2023-05-31,KG,3.062,3.062
PEAR_COMICE,WHOLESALE,NL-GE,5713.33,Monthly,2023-06-01,2023-06-30,KG,3.079,3.079
PEAR_COMICE,WHOLESALE,NL-GE,5936.31,Monthly,2023-07-01,2023-07-31,KG,3.047,3.047
PEAR_COMICE,WHOLESALE,NL-GE,7066.08,Monthly,2023-08-01,2023-08-31,KG,2.456,2.456
PEAR_COMICE,WHOLESALE,NL-GE,8462.34,Monthly,2023-09-01,2023-09-30,KG,2.487,2.487
PEAR_COMICE,WHOLESALE,NL-GE,7612.6,Monthly,2023-10-01,2023-10-31,KG,2.433,2.433
PEAR_COMICE,WHOLESALE,NL-GE,7094.139999999999,Monthly,2023-11-01,2023-11-30,KG,3.042,3.042
PEAR_COMICE,WHOLESALE,NL-GE,6745.68,Monthly,2023-12-01,2023-12-31,KG,3.09,3.09
PEAR_COMICE,WHOLESALE,NL-GE,6549.91,Monthly,2024-01-01,2024-01-31,KG,3.049,3.049
PEAR_COMICE,WHOLESALE,NL-GE,5555.17,Monthly,2024-02-01,2024-02-29,KG,3.069,3.069
PEAR_COMICE,WHOLESALE,NL-GE,5985.12,Monthly,2024-03-01,2024-03-31,KG,3.067,3.067
PEAR_COMICE,WHOLESALE,NL-GE,5006.41,Monthly,2024-04-01,2024-04-30,KG,3.043,3.043
PEAR_COMICE,WHOLESALE,NL-GE,5342.65,Monthly,2024-05-01,2024-05-31,KG,3.075,3.075
PEAR_COMICE,WHOLESALE,NL-GE,5319.29,Monthly,2024-06-01,2024-06-30,KG,3.073,3.073
PEAR_COMICE,WHOLESALE,NL-GE,6239.99,Monthly,2024-07-01,2024-07-31,KG,3.015,3.015
PEAR_COMICE,WHOLESALE,NL-GE,7298.13,Monthly,2024-08-01,2024-08-31,KG,2.464,2.464
PEAR_COMICE,WHOLESALE,NL-GE,7626.63,Monthly,2024-09-01,2024-09-30,KG,2.479,2.479
PEAR_COMICE,WHOLESALE,NL-GE,8050.629999999999,Monthly,2024-10-01,2024-10-31,KG,2.44,2.44
PEAR_COMICE,WHOLESALE,NL-GE,7488.58,Monthly,2024-11-01,2024-11-30,KG,3.054,3.054
PEAR_COMICE,WHOLESALE,NL-GE,7198.5,Monthly,2024-12-01,2024-12-31,KG,3.047,3.047
PEAR_COMICE,WHOLESALE,NL-GE,6505.53,Monthly,2025-01-01,2025-01-31,KG,3.045,3.045
PEAR_COMICE,WHOLESALE,NL-GE,5530.28,Monthly,2025-02-01,2025-02-28,KG,3.067,3.067
PEAR_COMICE,WHOLESALE,NL-GE,6453.07,Monthly,2025-03-01,2025-03-31,KG,3.043,3.043
PEAR_COMICE,WHOLESALE,NL-GE,5673.12,Monthly,2025-04-01,2025-04-30,KG,3.059,3.059
PEAR_COMICE,WHOLESALE,NL-GE,5503.43,Monthly,2025-05-01,2025-05-31,KG,3.054,3.054
PEAR_COMICE,WHOLESALE,NL-GE,5601.25,Monthly,2025-06-01,2025-06-30,KG,3.05,3.05
PEAR_COMICE,WHOLESALE,NL-GE,6406.1900000000005,Monthly,2025-07-01,2025-07-31,KG,3.063,3.063
PEAR_COMICE,WHOLESALE,NL-GE,7505.78,Monthly,2025-08-01,2025-08-31,KG,2.441,2.441
PEAR_COMICE,WHOLESALE,NL-GE,7736.7699999999995,Monthly,2025-09-01,2025-09-30,KG,2.45,2.45
PEAR_COMICE,WHOLESALE,NL-GE,7694.73,Monthly,2025-10-01,2025-10-31,KG,2.45,2.45
PEAR_COMICE,WHOLESALE,NL-GE,7401.56,Monthly,2025-11-01,2025-11-30,KG,3.072,3.072
PEAR_COMICE,WHOLESALE,NL-GE,7580.06,Monthly,2025-12-01,2025-12-31,KG,3.067,3.067
PEAR_COMICE,WHOLESALE,NL-GE,6520.62,Monthly,2026-01-01,2026-01-31,KG,3.054,3.054
PEAR_COMICE,WHOLESALE,NL-NB,5841.84,Monthly,2023-02-01,2023-02-28,KG,3.141,3.141
PEAR_COMICE,WHOLESALE,NL-NB,5491.65,Monthly,2023-03-01,2023-03-31,KG,3.147,3.147
PEAR_COMICE,WHOLESALE,NL-NB,5035.86,Monthly,2023-04-01,2023-04-30,KG,3.156,3.156
PEAR_COMICE,WHOLESALE,NL-NB,5551.610000000001,Monthly,2023-05-01,2023-05-31,KG,3.182,3.182
PEAR_COMICE,WHOLESALE,NL-NB,5917.139999999999,Monthly,2023-06-01,2023-06-30,KG,3.15,3.15
PEAR_COMICE,WHOLESALE,NL-NB,6473.59,Monthly,2023-07-01,2023-07-31,KG,3.113,3.113
PEAR_COMICE,WHOLESALE,NL-NB,7569.67,Monthly,2023-08-01,2023-08-31,KG,2.545,2.545
PEAR_COMICE,WHOLESALE,NL-NB,8316.0,Monthly,2023-09-01,2023-09-30,KG,2.512,2.512
PEAR_COMICE,WHOLESALE,NL-NB,8185.35,Monthly,2023-10-01,2023-10-31,KG,2.531,2.531
PEAR_COMICE,WHOLESALE,NL-NB,7423.6,Monthly,2023-11-01,2023-11-30,KG,3.182,3.182
PEAR_COMICE,WHOLESALE,NL-NB,7173.200000000001,Monthly,2023-12-01,2023-12-31,KG,3.163,3.163
PEAR_COMICE,WHOLESALE,NL-NB,6915.95,Monthly,2024-01-01,2024-01-31,KG,3.115,3.115
PEAR_COMICE,WHOLESALE,NL-NB,5756.8099999999995,Monthly,2024-02-01,2024-02-29,KG,3.126,3.126
PEAR_COMICE,WHOLESALE,NL-NB,5979.68,Monthly,2024-03-01,2024-03-31,KG,3.151,3.151
PEAR_COMICE,WHOLESALE,NL-NB,5300.16,Monthly,2024-04-01,2024-04-30,KG,3.138,3.138
PEAR_COMICE,WHOLESALE,NL-NB,5392.57,Monthly,2024-05-01,2024-05-31,KG,3.16,3.16
PEAR_COMICE,WHOLESALE,NL-NB,5352.62,Monthly,2024-06-01,2024-06-30,KG,3.146,3.146
PEAR_COMICE,WHOLESALE,NL-NB,6418.650000000001,Monthly,2024-07-01,2024-07-31,KG,3.149,3.149
PEAR_COMICE,WHOLESALE,NL-NB,7424.9,Monthly,2024-08-01,2024-08-31,KG,2.538,2.538
PEAR_COMICE,WHOLESALE,NL-NB,7988.450000000001,Monthly,2024-09-01,2024-09-30,KG,2.55,2.55
PEAR_COMICE,WHOLESALE,NL-NB,8307.41,Monthly,2024-10-01,2024-10-31,KG,2.555,2.555
PEAR_COMICE,WHOLESALE,NL-NB,7581.57,Monthly,2024-11-01,2024-11-30,KG,3.112,3.112
PEAR_COMICE,WHOLESALE,NL-NB,7235.23,Monthly,2024-12-01,2024-12-31,KG,3.173,3.173
PEAR_COMICE,WHOLESALE,NL-NB,6622.54,Monthly,2025-01-01,2025-01-31,KG,3.181,3.181
PEAR_COMICE,WHOLESALE,NL-NB,5911.67,Monthly,2025-02-01,2025-02-28,KG,3.142,3.142
PEAR_COMICE,WHOLESALE,NL-NB,6790.36,Monthly,2025-03-01,2025-03-31,KG,3.152,3.152
PEAR_COMICE,WHOLESALE,NL-NB,5873.53,Monthly,2025-04-01,2025-04-30,KG,3.141,3.141
PEAR_COMICE,WHOLESALE,NL-NB,5893.98,Monthly,2025-05-01,2025-05-31,KG,3.162,3.162
PEAR_COMICE,WHOLESALE,NL-NB,5936.54,Monthly,2025-06-01,2025-06-30,KG,3.155,3.155
PEAR_COMICE,WHOLESALE,NL-NB,6465.299999999999,Monthly,2025-07-01,2025-07-31,KG,3.138,3.138
PEAR_COMICE,WHOLESALE,NL-NB,7840.8099999999995,Monthly,2025-08-01,2025-08-31,KG,2.555,2.555
PEAR_COMICE,WHOLESALE,NL-NB,8284.42,Monthly,2025-09-01,2025-09-30,KG,2.537,2.537
PEAR_COMICE,WHOLESALE,NL-NB,7920.58,Monthly,2025-10-01,2025-10-31,KG,2.525,2.525
PEAR_COMICE,WHOLESALE,NL-NB,7750.29,Monthly,2025-11-01,2025-11-30,KG,3.168,3.168
PEAR_COMICE,WHOLESALE,NL-NB,7718.28,Monthly,2025-12-01,2025-12-31,KG,3.157,3.157
PEAR_COMICE,WHOLESALE,NL-NB,6830.57,Monthly,2026-01-01,2026-01-31,KG,3.152,3.152
PEAR_COMICE,WHOLESALE,NL-NH,5902.98,Monthly,2023-02-01,2023-02-28,KG,3.277,3.277
PEAR_COMICE,WHOLESALE,NL-NH,5773.67,Monthly,2023-03-01,2023-03-31,KG,3.203,3.203
PEAR_COMICE,WHOLESALE,NL-NH,5117.34,Monthly,2023-04-01,2023-04-30,KG,3.261,3.261
PEAR_COMICE,WHOLESALE,NL-NH,5976.77,Monthly,2023-05-01,2023-05-31,KG,3.237,3.237
PEAR_COMICE,WHOLESALE,NL-NH,6120.61,Monthly,2023-06-01,2023-06-30,KG,3.276,3.276
PEAR_COMICE,WHOLESALE,NL-NH,6484.46,Monthly,2023-07-01,2023-07-31,KG,3.215,3.215
PEAR_COMICE,WHOLESALE,NL-NH,7573.05,Monthly,2023-08-01,2023-08-31,KG,2.629,2.629
PEAR_COMICE,WHOLESALE,NL-NH,8398.96,Monthly,2023-09-01,2023-09-30,KG,2.621,2.621
PEAR_COMICE,WHOLESALE,NL-NH,8047.9,Monthly,2023-10-01,2023-10-31,KG,2.604,2.604
PEAR_COMICE,WHOLESALE,NL-NH,7491.74,Monthly,2023-11-01,2023-11-30,KG,3.235,3.235
PEAR_COMICE,WHOLESALE,NL-NH,7232.0199999999995,Monthly,2023-12-01,2023-12-31,KG,3.268,3.268
PEAR_COMICE,WHOLESALE,NL-NH,6953.95,Monthly,2024-01-01,2024-01-31,KG,3.247,3.247
PEAR_COMICE,WHOLESALE,NL-NH,5806.41,Monthly,2024-02-01,2024-02-29,KG,3.241,3.241
PEAR_COMICE,WHOLESALE,NL-NH,6459.71,Monthly,2024-03-01,2024-03-31,KG,3.263,3.263
PEAR_COMICE,WHOLESALE,NL-NH,5425.71,Monthly,2024-04-01,2024-04-30,KG,3.247,3.247
PEAR_COMICE,WHOLESALE,NL-NH,5567.79,Monthly,2024-05-01,2024-05-31,KG,3.252,3.252
PEAR_COMICE,WHOLESALE,NL-NH,5679.8,Monthly,2024-06-01,2024-06-30,KG,3.215,3.215
PEAR_COMICE,WHOLESALE,NL-NH,6526.85,Monthly,2024-07-01,2024-07-31,KG,3.213,3.213
PEAR_COMICE,WHOLESALE,NL-NH,7851.76,Monthly,2024-08-01,2024-08-31,KG,2.603,2.603
PEAR_COMICE,WHOLESALE,NL-NH,7841.48,Monthly,2024-09-01,2024-09-30,KG,2.621,2.621
PEAR_COMICE,WHOLESALE,NL-NH,8735.369999999999,Monthly,2024-10-01,2024-10-31,KG,2.602,2.602
PEAR_COMICE,WHOLESALE,NL-NH,7567.8,Monthly,2024-11-01,2024-11-30,KG,3.258,3.258
PEAR_COMICE,WHOLESALE,NL-NH,7744.77,Monthly,2024-12-01,2024-12-31,KG,3.252,3.252
PEAR_COMICE,WHOLESALE,NL-NH,6864.15,Monthly,2025-01-01,2025-01-31,KG,3.256,3.256
PEAR_COMICE,WHOLESALE,NL-NH,6093.03,Monthly,2025-02-01,2025-02-28,KG,3.258,3.258
PEAR_COMICE,WHOLESALE,NL-NH,6969.18,Monthly,2025-03-01,2025-03-31,KG,3.285,3.285
PEAR_COMICE,WHOLESALE,NL-NH,6226.97,Monthly,2025-04-01,2025-04-30,KG,3.262,3.262
PEAR_COMICE,WHOLESALE,NL-NH,5925.8,Monthly,2025-05-01,2025-05-31,KG,3.257,3.257
PEAR_COMICE,WHOLESALE,NL-NH,6117.4,Monthly,2025-06-01,2025-06-30,KG,3.242,3.242
PEAR_COMICE,WHOLESALE,NL-NH,6794.3099999999995,Monthly,2025-07-01,2025-07-31,KG,3.238,3.238
PEAR_COMICE,WHOLESALE,NL-NH,8052.3,Monthly,2025-08-01,2025-08-31,KG,2.596,2.596
PEAR_COMICE,WHOLESALE,NL-NH,8110.330000000001,Monthly,2025-09-01,2025-09-30,KG,2.601,2.601
PEAR_COMICE,WHOLESALE,NL-NH,8033.860000000001,Monthly,2025-10-01,2025-10-31,KG,2.627,2.627
PEAR_COMICE,WHOLESALE,NL-NH,8098.42,Monthly,2025-11-01,2025-11-30,KG,3.226,3.226
PEAR_COMICE,WHOLESALE,NL-NH,8175.129999999999,Monthly,2025-12-01,2025-12-31,KG,3.203,3.203
PEAR_COMICE,WHOLESALE,NL-NH,6807.55,Monthly,2026-01-01,2026-01-31,KG,3.237,3.237
PEAR_COMICE,WHOLESALE,NL-ZH,6194.89,Monthly,2023-02-01,2023-02-28,KG,3.361,3.361
PEAR_COMICE,WHOLESALE,NL-ZH,5934.86,Monthly,2023-03-01,2023-03-31,KG,3.35,3.35
PEAR_COMICE,WHOLESALE,NL-ZH,5389.29,Monthly,2023-04-01,2023-04-30,KG,3.348,3.348
PEAR_COMICE,WHOLESALE,NL-ZH,6068.96,Monthly,2023-05-01,2023-05-31,KG,3.357,3.357
PEAR_COMICE,WHOLESALE,NL-ZH,6104.14,Monthly,2023-06-01,2023-06-30,KG,3.346,3.346
PEAR_COMICE,WHOLESALE,NL-ZH,6547.33,Monthly,2023-07-01,2023-07-31,KG,3.289,3.289
PEAR_COMICE,WHOLESALE,NL-ZH,7868.030000000001,Monthly,2023-08-01,2023-08-31,KG,2.658,2.658
PEAR_COMICE,WHOLESALE,NL-ZH,8916.11,Monthly,2023-09-01,2023-09-30,KG,2.668,2.668
PEAR_COMICE,WHOLESALE,NL-ZH,8578.529999999999,Monthly,2023-10-01,2023-10-31,KG,2.697,2.697
PEAR_COMICE,WHOLESALE,NL-ZH,7655.57,Monthly,2023-11-01,2023-11-30,KG,3.321,3.321
PEAR_COMICE,WHOLESALE,NL-ZH,7535.27,Monthly,2023-12-01,2023-12-31,KG,3.321,3.321
PEAR_COMICE,WHOLESALE,NL-ZH,7513.3099999999995,Monthly,2024-01-01,2024-01-31,KG,3.348,3.348
PEAR_COMICE,WHOLESALE,NL-ZH,6346.71,Monthly,2024-02-01,2024-02-29,KG,3.34,3.34
PEAR_COMICE,WHOLESALE,NL-ZH,6420.01,Monthly,2024-03-01,2024-03-31,KG,3.347,3.347
PEAR_COMICE,WHOLESALE,NL-ZH,5525.91,Monthly,2024-04-01,2024-04-30,KG,3.342,3.342
PEAR_COMICE,WHOLESALE,NL-ZH,5791.34,Monthly,2024-05-01,2024-05-31,KG,3.344,3.344
PEAR_COMICE,WHOLESALE,NL-ZH,5757.99,Monthly,2024-06-01,2024-06-30,KG,3.349,3.349
PEAR_COMICE,WHOLESALE,NL-ZH,6721.110000000001,Monthly,2024-07-01,2024-07-31,KG,3.296,3.346
PEAR_COMICE,WHOLESALE,NL-ZH,8144.92,Monthly,2024-08-01,2024-08-31,KG,2.674,2.674
PEAR_COMICE,WHOLESALE,NL-ZH,7919.21,Monthly,2024-09-01,2024-09-30,KG,2.683,2.683
PEAR_COMICE,WHOLESALE,NL-ZH,9060.57,Monthly,2024-10-01,2024-10-31,KG,2.68,2.68
PEAR_COMICE,WHOLESALE,NL-ZH,7886.93,Monthly,2024-11-01,2024-11-30,KG,3.323,3.323
PEAR_COMICE,WHOLESALE,NL-ZH,7857.37,Monthly,2024-12-01,2024-12-31,KG,3.316,3.316
PEAR_COMICE,WHOLESALE,NL-ZH,7295.05,Monthly,2025-01-01,2025-01-31,KG,3.35,3.35
PEAR_COMICE,WHOLESALE,NL-ZH,6198.87,Monthly,2025-02-01,2025-02-28,KG,3.342,3.342
PEAR_COMICE,WHOLESALE,NL-ZH,7213.5599999999995,Monthly,2025-03-01,2025-03-31,KG,3.376,3.376
PEAR_COMICE,WHOLESALE,NL-ZH,6332.44,Monthly,2025-04-01,2025-04-30,KG,3.335,3.335
PEAR_COMICE,WHOLESALE,NL-ZH,6320.66,Monthly,2025-05-01,2025-05-31,KG,3.351,3.351
PEAR_COMICE,WHOLESALE,NL-ZH,6153.17,Monthly,2025-06-01,2025-06-30,KG,3.36,3.36
PEAR_COMICE,WHOLESALE,NL-ZH,6934.91,Monthly,2025-07-01,2025-07-31,KG,3.338,3.338
PEAR_COMICE,WHOLESALE,NL-ZH,8018.37,Monthly,2025-08-01,2025-08-31,KG,2.696,2.696
PEAR_COMICE,WHOLESALE,NL-ZH,8821.49,Monthly,2025-09-01,2025-09-30,KG,2.714,2.714
PEAR_COMICE,WHOLESALE,NL-ZH,8493.01,Monthly,2025-10-01,2025-10-31,KG,2.695,2.695
PEAR_COMICE,WHOLESALE,NL-ZH,8249.44,Monthly,2025-11-01,2025-11-30,KG,3.352,3.352
PEAR_COMICE,WHOLESALE,NL-ZH,8276.42,Monthly,2025-12-01,2025-12-31,KG,3.347,3.347
PEAR_COMICE,WHOLESALE,NL-ZH,6898.3,Monthly,2026-01-01,2026-01-31,KG,3.298,3.298
PEAR_CONFERENCE,ONLINE,NL-GE,2953.08,Monthly,2023-02-01,2023-02-28,KG,3.043,3.043
PEAR_CONFERENCE,ONLINE,NL-GE,2824.75,Monthly,2023-03-01,2023-03-31,KG,3.041,3.041
PEAR_CONFERENCE,ONLINE,NL-GE,2585.07,Monthly,2023-04-01,2023-04-30,KG,3.057,3.057
PEAR_CONFERENCE,ONLINE,NL-GE,2864.31,Monthly,2023-05-01,2023-05-31,KG,3.066,3.066
PEAR_CONFERENCE,ONLINE,NL-GE,3043.23,Monthly,2023-06-01,2023-06-30,KG,3.051,3.051
PEAR_CONFERENCE,ONLINE,NL-GE,3240.24,Monthly,2023-07-01,2023-07-31,KG,3.079,3.079
PEAR_CONFERENCE,ONLINE,NL-GE,3735.84,Monthly,2023-08-01,2023-08-31,KG,2.471,2.471
PEAR_CONFERENCE,ONLINE,NL-GE,4350.84,Monthly,2023-09-01,2023-09-30,KG,2.47,2.47
PEAR_CONFERENCE,ONLINE,NL-GE,3872.09,Monthly,2023-10-01,2023-10-31,KG,2.477,2.477
PEAR_CONFERENCE,ONLINE,NL-GE,3639.71,Monthly,2023-11-01,2023-11-30,KG,3.032,3.032
PEAR_CONFERENCE,ONLINE,NL-GE,3357.04,Monthly,2023-12-01,2023-12-31,KG,3.046,3.046
PEAR_CONFERENCE,ONLINE,NL-GE,3425.3999999999996,Monthly,2024-01-01,2024-01-31,KG,3.072,3.072
PEAR_CONFERENCE,ONLINE,NL-GE,2806.83,Monthly,2024-02-01,2024-02-29,KG,3.062,3.062
PEAR_CONFERENCE,ONLINE,NL-GE,3159.3500000000004,Monthly,2024-03-01,2024-03-31,KG,3.047,3.047
PEAR_CONFERENCE,ONLINE,NL-GE,2560.91,Monthly,2024-04-01,2024-04-30,KG,3.035,3.035
PEAR_CONFERENCE,ONLINE,NL-GE,2850.5,Monthly,2024-05-01,2024-05-31,KG,3.032,3.032
PEAR_CONFERENCE,ONLINE,NL-GE,2728.38,Monthly,2024-06-01,2024-06-30,KG,3.081,3.081
PEAR_CONFERENCE,ONLINE,NL-GE,3261.74,Monthly,2024-07-01,2024-07-31,KG,3.045,3.045
PEAR_CONFERENCE,ONLINE,NL-GE,3812.44,Monthly,2024-08-01,2024-08-31,KG,2.487,2.487
PEAR_CONFERENCE,ONLINE,NL-GE,4063.69,Monthly,2024-09-01,2024-09-30,KG,2.476,2.476
PEAR_CONFERENCE,ONLINE,NL-GE,4206.93,Monthly,2024-10-01,2024-10-31,KG,2.455,2.455
PEAR_CONFERENCE,ONLINE,NL-GE,3674.6800000000003,Monthly,2024-11-01,2024-11-30,KG,3.045,3.045
PEAR_CONFERENCE,ONLINE,NL-GE,3865.17,Monthly,2024-12-01,2024-12-31,KG,3.072,3.072
PEAR_CONFERENCE,ONLINE,NL-GE,3471.35,Monthly,2025-01-01,2025-01-31,KG,3.032,3.032
PEAR_CONFERENCE,ONLINE,NL-GE,2977.9799999999996,Monthly,2025-02-01,2025-02-28,KG,3.068,3.068
PEAR_CONFERENCE,ONLINE,NL-GE,3370.23,Monthly,2025-03-01,2025-03-31,KG,3.031,3.031
PEAR_CONFERENCE,ONLINE,NL-GE,3028.9,Monthly,2025-04-01,2025-04-30,KG,3.08,3.08
PEAR_CONFERENCE,ONLINE,NL-GE,2910.52,Monthly,2025-05-01,2025-05-31,KG,3.105,3.105
PEAR_CONFERENCE,ONLINE,NL-GE,2916.54,Monthly,2025-06-01,2025-06-30,KG,3.063,3.063
PEAR_CONFERENCE,ONLINE,NL-GE,3567.7200000000003,Monthly,2025-07-01,2025-07-31,KG,3.056,3.056
PEAR_CONFERENCE,ONLINE,NL-GE,3895.58,Monthly,2025-08-01,2025-08-31,KG,2.479,2.479
PEAR_CONFERENCE,ONLINE,NL-GE,3923.29,Monthly,2025-09-01,2025-09-30,KG,2.462,2.462
PEAR_CONFERENCE,ONLINE,NL-GE,4039.25,Monthly,2025-10-01,2025-10-31,KG,2.474,2.474
PEAR_CONFERENCE,ONLINE,NL-GE,3933.37,Monthly,2025-11-01,2025-11-30,KG,3.038,3.038
PEAR_CONFERENCE,ONLINE,NL-GE,4026.25,Monthly,2025-12-01,2025-12-31,KG,3.034,3.034
PEAR_CONFERENCE,ONLINE,NL-GE,3377.88,Monthly,2026-01-01,2026-01-31,KG,3.071,3.071
PEAR_CONFERENCE,ONLINE,NL-NB,3036.6499999999996,Monthly,2023-02-01,2023-02-28,KG,3.176,3.176
PEAR_CONFERENCE,ONLINE,NL-NB,2841.7200000000003,Monthly,2023-03-01,2023-03-31,KG,3.143,3.143
PEAR_CONFERENCE,ONLINE,NL-NB,2744.6,Monthly,2023-04-01,2023-04-30,KG,3.174,3.174
PEAR_CONFERENCE,ONLINE,NL-NB,3011.34,Monthly,2023-05-01,2023-05-31,KG,3.134,3.134
PEAR_CONFERENCE,ONLINE,NL-NB,3114.3900000000003,Monthly,2023-06-01,2023-06-30,KG,3.186,3.186
PEAR_CONFERENCE,ONLINE,NL-NB,3313.99,Monthly,2023-07-01,2023-07-31,KG,3.186,3.186
PEAR_CONFERENCE,ONLINE,NL-NB,3916.58,Monthly,2023-08-01,2023-08-31,KG,2.491,2.491
PEAR_CONFERENCE,ONLINE,NL-NB,4424.04,Monthly,2023-09-01,2023-09-30,KG,2.506,2.506
PEAR_CONFERENCE,ONLINE,NL-NB,4203.3,Monthly,2023-10-01,2023-10-31,KG,2.564,2.564
PEAR_CONFERENCE,ONLINE,NL-NB,3853.94,Monthly,2023-11-01,2023-11-30,KG,3.193,3.193
PEAR_CONFERENCE,ONLINE,NL-NB,3755.92,Monthly,2023-12-01,2023-12-31,KG,3.175,3.175
PEAR_CONFERENCE,ONLINE,NL-NB,3487.33,Monthly,2024-01-01,2024-01-31,KG,3.149,3.149
PEAR_CONFERENCE,ONLINE,NL-NB,3055.26,Monthly,2024-02-01,2024-02-29,KG,3.129,3.129
PEAR_CONFERENCE,ONLINE,NL-NB,3244.21,Monthly,2024-03-01,2024-03-31,KG,3.152,3.152
PEAR_CONFERENCE,ONLINE,NL-NB,2694.36,Monthly,2024-04-01,2024-04-30,KG,3.145,3.145
PEAR_CONFERENCE,ONLINE,NL-NB,2699.39,Monthly,2024-05-01,2024-05-31,KG,3.156,3.156
PEAR_CONFERENCE,ONLINE,NL-NB,2835.23,Monthly,2024-06-01,2024-06-30,KG,3.155,3.155
PEAR_CONFERENCE,ONLINE,NL-NB,3367.45,Monthly,2024-07-01,2024-07-31,KG,3.171,3.171
PEAR_CONFERENCE,ONLINE,NL-NB,3927.2,Monthly,2024-08-01,2024-08-31,KG,2.556,2.556
PEAR_CONFERENCE,ONLINE,NL-NB,4206.87,Monthly,2024-09-01,2024-09-30,KG,2.558,2.558
PEAR_CONFERENCE,ONLINE,NL-NB,4461.9400000000005,Monthly,2024-10-01,2024-10-31,KG,2.516,2.516
PEAR_CONFERENCE,ONLINE,NL-NB,3923.87,Monthly,2024-11-01,2024-11-30,KG,3.176,3.176
PEAR_CONFERENCE,ONLINE,NL-NB,3858.58,Monthly,2024-12-01,2024-12-31,KG,3.136,3.136
PEAR_CONFERENCE,ONLINE,NL-NB,3434.4700000000003,Monthly,2025-01-01,2025-01-31,KG,3.147,3.147
PEAR_CONFERENCE,ONLINE,NL-NB,3078.67,Monthly,2025-02-01,2025-02-28,KG,3.112,3.112
PEAR_CONFERENCE,ONLINE,NL-NB,3366.8900000000003,Monthly,2025-03-01,2025-03-31,KG,3.114,3.114
PEAR_CONFERENCE,ONLINE,NL-NB,3103.37,Monthly,2025-04-01,2025-04-30,KG,3.151,3.151
PEAR_CONFERENCE,ONLINE,NL-NB,3022.11,Monthly,2025-05-01,2025-05-31,KG,3.175,3.175
PEAR_CONFERENCE,ONLINE,NL-NB,3109.8,Monthly,2025-06-01,2025-06-30,KG,3.156,3.156
PEAR_CONFERENCE,ONLINE,NL-NB,3488.8199999999997,Monthly,2025-07-01,2025-07-31,KG,3.161,3.161
PEAR_CONFERENCE,ONLINE,NL-NB,3950.81,Monthly,2025-08-01,2025-08-31,KG,2.513,2.513
PEAR_CONFERENCE,ONLINE,NL-NB,4436.07,Monthly,2025-09-01,2025-09-30,KG,2.522,2.522
PEAR_CONFERENCE,ONLINE,NL-NB,4075.29,Monthly,2025-10-01,2025-10-31,KG,2.509,2.509
PEAR_CONFERENCE,ONLINE,NL-NB,4003.8999999999996,Monthly,2025-11-01,2025-11-30,KG,3.155,3.155
PEAR_CONFERENCE,ONLINE,NL-NB,4096.65,Monthly,2025-12-01,2025-12-31,KG,3.148,3.148
PEAR_CONFERENCE,ONLINE,NL-NB,3551.4700000000003,Monthly,2026-01-01,2026-01-31,KG,3.168,3.168
PEAR_CONFERENCE,ONLINE,NL-NH,3188.79,Monthly,2023-02-01,2023-02-28,KG,3.224,3.224
PEAR_CONFERENCE,ONLINE,NL-NH,2927.05,Monthly,2023-03-01,2023-03-31,KG,3.234,3.234
PEAR_CONFERENCE,ONLINE,NL-NH,2720.33,Monthly,2023-04-01,2023-04-30,KG,3.25,3.25
PEAR_CONFERENCE,ONLINE,NL-NH,3014.86,Monthly,2023-05-01,2023-05-31,KG,3.219,3.219
PEAR_CONFERENCE,ONLINE,NL-NH,3195.36,Monthly,2023-06-01,2023-06-30,KG,3.294,3.294
PEAR_CONFERENCE,ONLINE,NL-NH,3374.3599999999997,Monthly,2023-07-01,2023-07-31,KG,3.24,3.24
PEAR_CONFERENCE,ONLINE,NL-NH,4116.81,Monthly,2023-08-01,2023-08-31,KG,2.601,2.601
PEAR_CONFERENCE,ONLINE,NL-NH,4359.43,Monthly,2023-09-01,2023-09-30,KG,2.597,2.597
PEAR_CONFERENCE,ONLINE,NL-NH,4329.13,Monthly,2023-10-01,2023-10-31,KG,2.592,2.592
PEAR_CONFERENCE,ONLINE,NL-NH,3939.4399999999996,Monthly,2023-11-01,2023-11-30,KG,3.232,3.232
PEAR_CONFERENCE,ONLINE,NL-NH,3725.9900000000002,Monthly,2023-12-01,2023-12-31,KG,3.2,3.2
PEAR_CONFERENCE,ONLINE,NL-NH,3726.23,Monthly,2024-01-01,2024-01-31,KG,3.255,3.255
PEAR_CONFERENCE,ONLINE,NL-NH,3095.71,Monthly,2024-02-01,2024-02-29,KG,3.207,3.207
PEAR_CONFERENCE,ONLINE,NL-NH,3295.2,Monthly,2024-03-01,2024-03-31,KG,3.267,3.267
PEAR_CONFERENCE,ONLINE,NL-NH,2801.67,Monthly,2024-04-01,2024-04-30,KG,3.248,3.248
PEAR_CONFERENCE,ONLINE,NL-NH,2783.51,Monthly,2024-05-01,2024-05-31,KG,3.234,3.234
PEAR_CONFERENCE,ONLINE,NL-NH,2960.27,Monthly,2024-06-01,2024-06-30,KG,3.246,3.246
PEAR_CONFERENCE,ONLINE,NL-NH,3298.6,Monthly,2024-07-01,2024-07-31,KG,3.222,3.222
PEAR_CONFERENCE,ONLINE,NL-NH,4250.54,Monthly,2024-08-01,2024-08-31,KG,2.602,2.602
PEAR_CONFERENCE,ONLINE,NL-NH,4213.719999999999,Monthly,2024-09-01,2024-09-30,KG,2.613,2.613
PEAR_CONFERENCE,ONLINE,NL-NH,4739.15,Monthly,2024-10-01,2024-10-31,KG,2.604,2.604
PEAR_CONFERENCE,ONLINE,NL-NH,4100.33,Monthly,2024-11-01,2024-11-30,KG,3.261,3.261
PEAR_CONFERENCE,ONLINE,NL-NH,4046.94,Monthly,2024-12-01,2024-12-31,KG,3.208,3.208
PEAR_CONFERENCE,ONLINE,NL-NH,3642.37,Monthly,2025-01-01,2025-01-31,KG,3.264,3.264
PEAR_CONFERENCE,ONLINE,NL-NH,3139.51,Monthly,2025-02-01,2025-02-28,KG,3.261,3.261
PEAR_CONFERENCE,ONLINE,NL-NH,3585.87,Monthly,2025-03-01,2025-03-31,KG,3.195,3.195
PEAR_CONFERENCE,ONLINE,NL-NH,3236.77,Monthly,2025-04-01,2025-04-30,KG,3.228,3.228
PEAR_CONFERENCE,ONLINE,NL-NH,3073.05,Monthly,2025-05-01,2025-05-31,KG,3.225,3.225
PEAR_CONFERENCE,ONLINE,NL-NH,3129.84,Monthly,2025-06-01,2025-06-30,KG,3.209,3.209
PEAR_CONFERENCE,ONLINE,NL-NH,3527.1900000000005,Monthly,2025-07-01,2025-07-31,KG,3.24,3.24
PEAR_CONFERENCE,ONLINE,NL-NH,4151.16,Monthly,2025-08-01,2025-08-31,KG,2.614,2.614
PEAR_CONFERENCE,ONLINE,NL-NH,4317.87,Monthly,2025-09-01,2025-09-30,KG,2.64,2.64
PEAR_CONFERENCE,ONLINE,NL-NH,4264.47,Monthly,2025-10-01,2025-10-31,KG,2.632,2.632
PEAR_CONFERENCE,ONLINE,NL-NH,3881.96,Monthly,2025-11-01,2025-11-30,KG,3.265,3.265
PEAR_CONFERENCE,ONLINE,NL-NH,4273.360000000001,Monthly,2025-12-01,2025-12-31,KG,3.255,3.255
PEAR_CONFERENCE,ONLINE,NL-NH,3441.94,Monthly,2026-01-01,2026-01-31,KG,3.288,3.288
PEAR_CONFERENCE,ONLINE,NL-ZH,3291.52,Monthly,2023-02-01,2023-02-28,KG,3.349,3.349
PEAR_CONFERENCE,ONLINE,NL-ZH,3099.7700000000004,Monthly,2023-03-01,2023-03-31,KG,3.367,3.367
PEAR_CONFERENCE,ONLINE,NL-ZH,2824.1,Monthly,2023-04-01,2023-04-30,KG,3.364,3.364
PEAR_CONFERENCE,ONLINE,NL-ZH,3038.94,Monthly,2023-05-01,2023-05-31,KG,3.303,3.303
PEAR_CONFERENCE,ONLINE,NL-ZH,3272.94,Monthly,2023-06-01,2023-06-30,KG,3.348,3.348
PEAR_CONFERENCE,ONLINE,NL-ZH,3363.02,Monthly,2023-07-01,2023-07-31,KG,3.335,3.335
PEAR_CONFERENCE,ONLINE,NL-ZH,4130.87,Monthly,2023-08-01,2023-08-31,KG,2.688,2.688
PEAR_CONFERENCE,ONLINE,NL-ZH,4601.84,Monthly,2023-09-01,2023-09-30,KG,2.671,2.671
PEAR_CONFERENCE,ONLINE,NL-ZH,4454.38,Monthly,2023-10-01,2023-10-31,KG,2.661,2.661
PEAR_CONFERENCE,ONLINE,NL-ZH,4016.3599999999997,Monthly,2023-11-01,2023-11-30,KG,3.353,3.353
PEAR_CONFERENCE,ONLINE,NL-ZH,3980.06,Monthly,2023-12-01,2023-12-31,KG,3.341,3.341
PEAR_CONFERENCE,ONLINE,NL-ZH,3908.35,Monthly,2024-01-01,2024-01-31,KG,3.373,3.373
PEAR_CONFERENCE,ONLINE,NL-ZH,3264.4700000000003,Monthly,2024-02-01,2024-02-29,KG,3.217,3.283
PEAR_CONFERENCE,ONLINE,NL-ZH,3465.6899999999996,Monthly,2024-03-01,2024-03-31,KG,3.332,3.332
PEAR_CONFERENCE,ONLINE,NL-ZH,2939.76,Monthly,2024-04-01,2024-04-30,KG,3.36,3.36
PEAR_CONFERENCE,ONLINE,NL-ZH,2924.62,Monthly,2024-05-01,2024-05-31,KG,3.342,3.342
PEAR_CONFERENCE,ONLINE,NL-ZH,3117.5099999999998,Monthly,2024-06-01,2024-06-30,KG,3.37,3.37
PEAR_CONFERENCE,ONLINE,NL-ZH,3341.9799999999996,Monthly,2024-07-01,2024-07-31,KG,3.328,3.328
PEAR_CONFERENCE,ONLINE,NL-ZH,4252.5,Monthly,2024-08-01,2024-08-31,KG,2.73,2.73
PEAR_CONFERENCE,ONLINE,NL-ZH,4412.48,Monthly,2024-09-01,2024-09-30,KG,2.691,2.691
PEAR_CONFERENCE,ONLINE,NL-ZH,4746.0,Monthly,2024-10-01,2024-10-31,KG,2.661,2.661
PEAR_CONFERENCE,ONLINE,NL-ZH,4039.38,Monthly,2024-11-01,2024-11-30,KG,3.343,3.343
PEAR_CONFERENCE,ONLINE,NL-ZH,4001.96,Monthly,2024-12-01,2024-12-31,KG,3.373,3.373
PEAR_CONFERENCE,ONLINE,NL-ZH,3677.6000000000004,Monthly,2025-01-01,2025-01-31,KG,3.361,3.361
PEAR_CONFERENCE,ONLINE,NL-ZH,3236.29,Monthly,2025-02-01,2025-02-28,KG,3.35,3.35
PEAR_CONFERENCE,ONLINE,NL-ZH,3690.81,Monthly,2025-03-01,2025-03-31,KG,3.332,3.332
PEAR_CONFERENCE,ONLINE,NL-ZH,3386.54,Monthly,2025-04-01,2025-04-30,KG,3.337,3.337
PEAR_CONFERENCE,ONLINE,NL-ZH,3319.38,Monthly,2025-05-01,2025-05-31,KG,3.384,3.384
PEAR_CONFERENCE,ONLINE,NL-ZH,3403.84,Monthly,2025-06-01,2025-06-30,KG,3.191,3.344
PEAR_CONFERENCE,ONLINE,NL-ZH,3614.7700000000004,Monthly,2025-07-01,2025-07-31,KG,3.358,3.358
PEAR_CONFERENCE,ONLINE,NL-ZH,4300.63,Monthly,2025-08-01,2025-08-31,KG,2.716,2.716
PEAR_CONFERENCE,ONLINE,NL-ZH,4813.07,Monthly,2025-09-01,2025-09-30,KG,2.709,2.709
PEAR_CONFERENCE,ONLINE,NL-ZH,4332.05,Monthly,2025-10-01,2025-10-31,KG,2.702,2.702
PEAR_CONFERENCE,ONLINE,NL-ZH,4315.64,Monthly,2025-11-01,2025-11-30,KG,3.383,3.383
PEAR_CONFERENCE,ONLINE,NL-ZH,4378.3099999999995,Monthly,2025-12-01,2025-12-31,KG,3.339,3.339
PEAR_CONFERENCE,ONLINE,NL-ZH,3666.79,Monthly,2026-01-01,2026-01-31,KG,3.307,3.307
PEAR_CONFERENCE,RETAIL,NL-GE,6324.860000000001,Monthly,2023-02-01,2023-02-28,KG,2.91,3.06
PEAR_CONFERENCE,RETAIL,NL-GE,5536.68,Monthly,2023-03-01,2023-03-31,KG,3.048,3.048
PEAR_CONFERENCE,RETAIL,NL-GE,5420.95,Monthly,2023-04-01,2023-04-30,KG,3.071,3.071
PEAR_CONFERENCE,RETAIL,NL-GE,5787.5,Monthly,2023-05-01,2023-05-31,KG,3.06,3.06
PEAR_CONFERENCE,RETAIL,NL-GE,5947.32,Monthly,2023-06-01,2023-06-30,KG,3.04,3.04
PEAR_CONFERENCE,RETAIL,NL-GE,6583.57,Monthly,2023-07-01,2023-07-31,KG,3.002,3.056
PEAR_CONFERENCE,RETAIL,NL-GE,7514.37,Monthly,2023-08-01,2023-08-31,KG,2.46,2.46
PEAR_CONFERENCE,RETAIL,NL-GE,8430.52,Monthly,2023-09-01,2023-09-30,KG,2.433,2.433
PEAR_CONFERENCE,RETAIL,NL-GE,8022.5,Monthly,2023-10-01,2023-10-31,KG,2.486,2.486
PEAR_CONFERENCE,RETAIL,NL-GE,7293.85,Monthly,2023-11-01,2023-11-30,KG,3.049,3.049
PEAR_CONFERENCE,RETAIL,NL-GE,6856.64,Monthly,2023-12-01,2023-12-31,KG,3.056,3.056
PEAR_CONFERENCE,RETAIL,NL-GE,6693.639999999999,Monthly,2024-01-01,2024-01-31,KG,3.06,3.06
PEAR_CONFERENCE,RETAIL,NL-GE,5722.66,Monthly,2024-02-01,2024-02-29,KG,3.085,3.085
PEAR_CONFERENCE,RETAIL,NL-GE,6174.3099999999995,Monthly,2024-03-01,2024-03-31,KG,3.08,3.08
PEAR_CONFERENCE,RETAIL,NL-GE,5318.5599999999995,Monthly,2024-04-01,2024-04-30,KG,3.05,3.05
PEAR_CONFERENCE,RETAIL,NL-GE,5416.11,Monthly,2024-05-01,2024-05-31,KG,3.063,3.063
PEAR_CONFERENCE,RETAIL,NL-GE,5510.07,Monthly,2024-06-01,2024-06-30,KG,3.085,3.085
PEAR_CONFERENCE,RETAIL,NL-GE,6472.22,Monthly,2024-07-01,2024-07-31,KG,3.069,3.069
PEAR_CONFERENCE,RETAIL,NL-GE,7412.47,Monthly,2024-08-01,2024-08-31,KG,2.468,2.468
PEAR_CONFERENCE,RETAIL,NL-GE,8032.63,Monthly,2024-09-01,2024-09-30,KG,2.451,2.451
PEAR_CONFERENCE,RETAIL,NL-GE,8637.44,Monthly,2024-10-01,2024-10-31,KG,2.444,2.444
PEAR_CONFERENCE,RETAIL,NL-GE,7649.2,Monthly,2024-11-01,2024-11-30,KG,3.051,3.051
PEAR_CONFERENCE,RETAIL,NL-GE,8236.279999999999,Monthly,2024-12-01,2024-12-31,KG,2.839,3.068
PEAR_CONFERENCE,RETAIL,NL-GE,6608.620000000001,Monthly,2025-01-01,2025-01-31,KG,3.045,3.045
PEAR_CONFERENCE,RETAIL,NL-GE,5874.66,Monthly,2025-02-01,2025-02-28,KG,3.05,3.05
PEAR_CONFERENCE,RETAIL,NL-GE,6774.0,Monthly,2025-03-01,2025-03-31,KG,3.056,3.056
PEAR_CONFERENCE,RETAIL,NL-GE,6095.87,Monthly,2025-04-01,2025-04-30,KG,3.061,3.061
PEAR_CONFERENCE,RETAIL,NL-GE,5874.66,Monthly,2025-05-01,2025-05-31,KG,3.034,3.034
PEAR_CONFERENCE,RETAIL,NL-GE,5627.49,Monthly,2025-06-01,2025-06-30,KG,3.064,3.064
PEAR_CONFERENCE,RETAIL,NL-GE,6700.03,Monthly,2025-07-01,2025-07-31,KG,3.019,3.093
PEAR_CONFERENCE,RETAIL,NL-GE,8503.3,Monthly,2025-08-01,2025-08-31,KG,2.286,2.477
PEAR_CONFERENCE,RETAIL,NL-GE,8088.29,Monthly,2025-09-01,2025-09-30,KG,2.482,2.482
PEAR_CONFERENCE,RETAIL,NL-GE,7693.969999999999,Monthly,2025-10-01,2025-10-31,KG,2.451,2.451
PEAR_CONFERENCE,RETAIL,NL-GE,7825.41,Monthly,2025-11-01,2025-11-30,KG,3.046,3.046
PEAR_CONFERENCE,RETAIL,NL-GE,7532.65,Monthly,2025-12-01,2025-12-31,KG,3.031,3.031
PEAR_CONFERENCE,RETAIL,NL-GE,6832.14,Monthly,2026-01-01,2026-01-31,KG,2.985,2.985
PEAR_CONFERENCE,RETAIL,NL-NB,5971.07,Monthly,2023-02-01,2023-02-28,KG,3.133,3.133
PEAR_CONFERENCE,RETAIL,NL-NB,5723.95,Monthly,2023-03-01,2023-03-31,KG,3.145,3.145
PEAR_CONFERENCE,RETAIL,NL-NB,5438.2,Monthly,2023-04-01,2023-04-30,KG,3.144,3.144
PEAR_CONFERENCE,RETAIL,NL-NB,5873.8099999999995,Monthly,2023-05-01,2023-05-31,KG,3.139,3.139
PEAR_CONFERENCE,RETAIL,NL-NB,6087.24,Monthly,2023-06-01,2023-06-30,KG,3.111,3.111
PEAR_CONFERENCE,RETAIL,NL-NB,6466.799999999999,Monthly,2023-07-01,2023-07-31,KG,3.195,3.195
PEAR_CONFERENCE,RETAIL,NL-NB,7622.84,Monthly,2023-08-01,2023-08-31,KG,2.517,2.517
PEAR_CONFERENCE,RETAIL,NL-NB,8962.84,Monthly,2023-09-01,2023-09-30,KG,2.534,2.534
PEAR_CONFERENCE,RETAIL,NL-NB,8359.74,Monthly,2023-10-01,2023-10-31,KG,2.511,2.511
PEAR_CONFERENCE,RETAIL,NL-NB,7499.42,Monthly,2023-11-01,2023-11-30,KG,3.114,3.114
PEAR_CONFERENCE,RETAIL,NL-NB,7577.32,Monthly,2023-12-01,2023-12-31,KG,3.131,3.131
PEAR_CONFERENCE,RETAIL,NL-NB,7153.23,Monthly,2024-01-01,2024-01-31,KG,3.132,3.132
PEAR_CONFERENCE,RETAIL,NL-NB,6073.46,Monthly,2024-02-01,2024-02-29,KG,3.157,3.157
PEAR_CONFERENCE,RETAIL,NL-NB,6210.360000000001,Monthly,2024-03-01,2024-03-31,KG,3.178,3.178
PEAR_CONFERENCE,RETAIL,NL-NB,5556.71,Monthly,2024-04-01,2024-04-30,KG,3.168,3.197
PEAR_CONFERENCE,RETAIL,NL-NB,5286.17,Monthly,2024-05-01,2024-05-31,KG,3.15,3.15
PEAR_CONFERENCE,RETAIL,NL-NB,5747.37,Monthly,2024-06-01,2024-06-30,KG,3.123,3.123
PEAR_CONFERENCE,RETAIL,NL-NB,6565.18,Monthly,2024-07-01,2024-07-31,KG,3.121,3.121
PEAR_CONFERENCE,RETAIL,NL-NB,8772.08,Monthly,2024-08-01,2024-08-31,KG,2.366,2.523
PEAR_CONFERENCE,RETAIL,NL-NB,8252.61,Monthly,2024-09-01,2024-09-30,KG,2.535,2.535
PEAR_CONFERENCE,RETAIL,NL-NB,8484.03,Monthly,2024-10-01,2024-10-31,KG,2.539,2.539
PEAR_CONFERENCE,RETAIL,NL-NB,7988.99,Monthly,2024-11-01,2024-11-30,KG,3.157,3.157
PEAR_CONFERENCE,RETAIL,NL-NB,7383.74,Monthly,2024-12-01,2024-12-31,KG,3.133,3.133
PEAR_CONFERENCE,RETAIL,NL-NB,6820.98,Monthly,2025-01-01,2025-01-31,KG,3.172,3.172
PEAR_CONFERENCE,RETAIL,NL-NB,6356.11,Monthly,2025-02-01,2025-02-28,KG,3.19,3.19
PEAR_CONFERENCE,RETAIL,NL-NB,6987.139999999999,Monthly,2025-03-01,2025-03-31,KG,3.157,3.157
PEAR_CONFERENCE,RETAIL,NL-NB,5979.26,Monthly,2025-04-01,2025-04-30,KG,3.169,3.169
PEAR_CONFERENCE,RETAIL,NL-NB,6150.57,Monthly,2025-05-01,2025-05-31,KG,3.166,3.166
PEAR_CONFERENCE,RETAIL,NL-NB,6499.27,Monthly,2025-06-01,2025-06-30,KG,3.063,3.167
PEAR_CONFERENCE,RETAIL,NL-NB,6641.59,Monthly,2025-07-01,2025-07-31,KG,3.174,3.174
PEAR_CONFERENCE,RETAIL,NL-NB,7934.42,Monthly,2025-08-01,2025-08-31,KG,2.5,2.5
PEAR_CONFERENCE,RETAIL,NL-NB,8555.02,Monthly,2025-09-01,2025-09-30,KG,2.533,2.533
PEAR_CONFERENCE,RETAIL,NL-NB,8484.57,Monthly,2025-10-01,2025-10-31,KG,2.563,2.563
PEAR_CONFERENCE,RETAIL,NL-NB,8423.69,Monthly,2025-11-01,2025-11-30,KG,3.157,3.157
PEAR_CONFERENCE,RETAIL,NL-NB,7963.4400000000005,Monthly,2025-12-01,2025-12-31,KG,3.146,3.146
PEAR_CONFERENCE,RETAIL,NL-NB,7115.469999999999,Monthly,2026-01-01,2026-01-31,KG,3.132,3.132
PEAR_CONFERENCE,RETAIL,NL-NH,6959.32,Monthly,2023-02-01,2023-02-28,KG,3.013,3.233
PEAR_CONFERENCE,RETAIL,NL-NH,6117.78,Monthly,2023-03-01,2023-03-31,KG,3.244,3.244
PEAR_CONFERENCE,RETAIL,NL-NH,5455.47,Monthly,2023-04-01,2023-04-30,KG,3.269,3.269
PEAR_CONFERENCE,RETAIL,NL-NH,6142.08,Monthly,2023-05-01,2023-05-31,KG,3.258,3.258
PEAR_CONFERENCE,RETAIL,NL-NH,6248.9800000000005,Monthly,2023-06-01,2023-06-30,KG,3.251,3.251
PEAR_CONFERENCE,RETAIL,NL-NH,6767.09,Monthly,2023-07-01,2023-07-31,KG,3.237,3.237
PEAR_CONFERENCE,RETAIL,NL-NH,7652.59,Monthly,2023-08-01,2023-08-31,KG,2.592,2.592
PEAR_CONFERENCE,RETAIL,NL-NH,8968.21,Monthly,2023-09-01,2023-09-30,KG,2.611,2.611
PEAR_CONFERENCE,RETAIL,NL-NH,8377.369999999999,Monthly,2023-10-01,2023-10-31,KG,2.598,2.598
PEAR_CONFERENCE,RETAIL,NL-NH,7217.05,Monthly,2023-11-01,2023-11-30,KG,3.239,3.239
PEAR_CONFERENCE,RETAIL,NL-NH,7899.68,Monthly,2023-12-01,2023-12-31,KG,3.242,3.271
PEAR_CONFERENCE,RETAIL,NL-NH,7236.79,Monthly,2024-01-01,2024-01-31,KG,3.259,3.259
PEAR_CONFERENCE,RETAIL,NL-NH,5865.129999999999,Monthly,2024-02-01,2024-02-29,KG,3.254,3.254
PEAR_CONFERENCE,RETAIL,NL-NH,6483.51,Monthly,2024-03-01,2024-03-31,KG,3.281,3.281
PEAR_CONFERENCE,RETAIL,NL-NH,5578.67,Monthly,2024-04-01,2024-04-30,KG,3.256,3.256
PEAR_CONFERENCE,RETAIL,NL-NH,5503.85,Monthly,2024-05-01,2024-05-31,KG,3.279,3.279
PEAR_CONFERENCE,RETAIL,NL-NH,5826.48,Monthly,2024-06-01,2024-06-30,KG,3.279,3.279
PEAR_CONFERENCE,RETAIL,NL-NH,6588.96,Monthly,2024-07-01,2024-07-31,KG,3.26,3.26
PEAR_CONFERENCE,RETAIL,NL-NH,8264.8,Monthly,2024-08-01,2024-08-31,KG,2.598,2.598
PEAR_CONFERENCE,RETAIL,NL-NH,8290.59,Monthly,2024-09-01,2024-09-30,KG,2.605,2.605
PEAR_CONFERENCE,RETAIL,NL-NH,9055.779999999999,Monthly,2024-10-01,2024-10-31,KG,2.628,2.628
PEAR_CONFERENCE,RETAIL,NL-NH,8209.16,Monthly,2024-11-01,2024-11-30,KG,3.218,3.218
PEAR_CONFERENCE,RETAIL,NL-NH,8310.83,Monthly,2024-12-01,2024-12-31,KG,3.195,3.251
PEAR_CONFERENCE,RETAIL,NL-NH,7218.0,Monthly,2025-01-01,2025-01-31,KG,3.2,3.2
PEAR_CONFERENCE,RETAIL,NL-NH,6249.82,Monthly,2025-02-01,2025-02-28,KG,3.237,3.237
PEAR_CONFERENCE,RETAIL,NL-NH,7105.39,Monthly,2025-03-01,2025-03-31,KG,3.255,3.255
PEAR_CONFERENCE,RETAIL,NL-NH,6441.92,Monthly,2025-04-01,2025-04-30,KG,3.214,3.214
PEAR_CONFERENCE,RETAIL,NL-NH,6165.59,Monthly,2025-05-01,2025-05-31,KG,3.249,3.249
PEAR_CONFERENCE,RETAIL,NL-NH,6246.75,Monthly,2025-06-01,2025-06-30,KG,3.262,3.262
PEAR_CONFERENCE,RETAIL,NL-NH,7107.74,Monthly,2025-07-01,2025-07-31,KG,3.224,3.224
PEAR_CONFERENCE,RETAIL,NL-NH,8642.17,Monthly,2025-08-01,2025-08-31,KG,2.63,2.63
PEAR_CONFERENCE,RETAIL,NL-NH,8339.67,Monthly,2025-09-01,2025-09-30,KG,2.601,2.601
PEAR_CONFERENCE,RETAIL,NL-NH,8140.51,Monthly,2025-10-01,2025-10-31,KG,2.613,2.613
PEAR_CONFERENCE,RETAIL,NL-NH,8306.41,Monthly,2025-11-01,2025-11-30,KG,3.275,3.275
PEAR_CONFERENCE,RETAIL,NL-NH,8172.780000000001,Monthly,2025-12-01,2025-12-31,KG,3.278,3.278
PEAR_CONFERENCE,RETAIL,NL-NH,7113.6900000000005,Monthly,2026-01-01,2026-01-31,KG,3.252,3.252
PEAR_CONFERENCE,RETAIL,NL-ZH,6524.58,Monthly,2023-02-01,2023-02-28,KG,3.335,3.335
PEAR_CONFERENCE,RETAIL,NL-ZH,6075.49,Monthly,2023-03-01,2023-03-31,KG,3.344,3.344
PEAR_CONFERENCE,RETAIL,NL-ZH,5485.37,Monthly,2023-04-01,2023-04-30,KG,3.34,3.34
PEAR_CONFERENCE,RETAIL,NL-ZH,6234.0,Monthly,2023-05-01,2023-05-31,KG,3.359,3.359
PEAR_CONFERENCE,RETAIL,NL-ZH,6686.860000000001,Monthly,2023-06-01,2023-06-30,KG,3.327,3.352
PEAR_CONFERENCE,RETAIL,NL-ZH,6978.59,Monthly,2023-07-01,2023-07-31,KG,3.385,3.385
PEAR_CONFERENCE,RETAIL,NL-ZH,8109.68,Monthly,2023-08-01,2023-08-31,KG,2.714,2.714
PEAR_CONFERENCE,RETAIL,NL-ZH,9310.56,Monthly,2023-09-01,2023-09-30,KG,2.702,2.702
PEAR_CONFERENCE,RETAIL,NL-ZH,8646.84,Monthly,2023-10-01,2023-10-31,KG,2.698,2.698
PEAR_CONFERENCE,RETAIL,NL-ZH,7943.21,Monthly,2023-11-01,2023-11-30,KG,3.324,3.324
PEAR_CONFERENCE,RETAIL,NL-ZH,8139.280000000001,Monthly,2023-12-01,2023-12-31,KG,3.372,3.372
PEAR_CONFERENCE,RETAIL,NL-ZH,7729.75,Monthly,2024-01-01,2024-01-31,KG,3.342,3.342
PEAR_CONFERENCE,RETAIL,NL-ZH,6410.32,Monthly,2024-02-01,2024-02-29,KG,3.308,3.308
PEAR_CONFERENCE,RETAIL,NL-ZH,6706.4,Monthly,2024-03-01,2024-03-31,KG,3.337,3.337
PEAR_CONFERENCE,RETAIL,NL-ZH,5706.76,Monthly,2024-04-01,2024-04-30,KG,3.37,3.37
PEAR_CONFERENCE,RETAIL,NL-ZH,5749.1900000000005,Monthly,2024-05-01,2024-05-31,KG,3.327,3.327
PEAR_CONFERENCE,RETAIL,NL-ZH,6258.07,Monthly,2024-06-01,2024-06-30,KG,3.351,3.351
PEAR_CONFERENCE,RETAIL,NL-ZH,6505.29,Monthly,2024-07-01,2024-07-31,KG,3.317,3.317
PEAR_CONFERENCE,RETAIL,NL-ZH,8436.86,Monthly,2024-08-01,2024-08-31,KG,2.707,2.707
PEAR_CONFERENCE,RETAIL,NL-ZH,8775.39,Monthly,2024-09-01,2024-09-30,KG,2.688,2.688
PEAR_CONFERENCE,RETAIL,NL-ZH,9069.57,Monthly,2024-10-01,2024-10-31,KG,2.683,2.683
PEAR_CONFERENCE,RETAIL,NL-ZH,8433.65,Monthly,2024-11-01,2024-11-30,KG,3.396,3.396
PEAR_CONFERENCE,RETAIL,NL-ZH,8217.84,Monthly,2024-12-01,2024-12-31,KG,3.336,3.336
PEAR_CONFERENCE,RETAIL,NL-ZH,7459.629999999999,Monthly,2025-01-01,2025-01-31,KG,3.362,3.362
PEAR_CONFERENCE,RETAIL,NL-ZH,6469.12,Monthly,2025-02-01,2025-02-28,KG,3.345,3.345
PEAR_CONFERENCE,RETAIL,NL-ZH,7423.719999999999,Monthly,2025-03-01,2025-03-31,KG,3.305,3.305
PEAR_CONFERENCE,RETAIL,NL-ZH,6903.83,Monthly,2025-04-01,2025-04-30,KG,3.328,3.328
PEAR_CONFERENCE,RETAIL,NL-ZH,6539.42,Monthly,2025-05-01,2025-05-31,KG,3.318,3.318
PEAR_CONFERENCE,RETAIL,NL-ZH,6333.370000000001,Monthly,2025-06-01,2025-06-30,KG,3.324,3.324
PEAR_CONFERENCE,RETAIL,NL-ZH,7257.650000000001,Monthly,2025-07-01,2025-07-31,KG,3.349,3.349
PEAR_CONFERENCE,RETAIL,NL-ZH,8939.34,Monthly,2025-08-01,2025-08-31,KG,2.683,2.683
PEAR_CONFERENCE,RETAIL,NL-ZH,8810.1,Monthly,2025-09-01,2025-09-30,KG,2.685,2.685
PEAR_CONFERENCE,RETAIL,NL-ZH,8655.0,Monthly,2025-10-01,2025-10-31,KG,2.714,2.714
PEAR_CONFERENCE,RETAIL,NL-ZH,8606.2,Monthly,2025-11-01,2025-11-30,KG,3.363,3.363
PEAR_CONFERENCE,RETAIL,NL-ZH,8776.02,Monthly,2025-12-01,2025-12-31,KG,3.325,3.325
PEAR_CONFERENCE,RETAIL,NL-ZH,7505.04,Monthly,2026-01-01,2026-01-31,KG,3.352,3.352
PEAR_CONFERENCE,WHOLESALE,NL-GE,4891.2,Monthly,2023-02-01,2023-02-28,KG,3.081,3.081
PEAR_CONFERENCE,WHOLESALE,NL-GE,4768.07,Monthly,2023-03-01,2023-03-31,KG,3.065,3.065
PEAR_CONFERENCE,WHOLESALE,NL-GE,4461.95,Monthly,2023-04-01,2023-04-30,KG,3.069,3.069
PEAR_CONFERENCE,WHOLESALE,NL-GE,4849.1900000000005,Monthly,2023-05-01,2023-05-31,KG,3.028,3.028
PEAR_CONFERENCE,WHOLESALE,NL-GE,5035.4400000000005,Monthly,2023-06-01,2023-06-30,KG,3.063,3.063
PEAR_CONFERENCE,WHOLESALE,NL-GE,5548.55,Monthly,2023-07-01,2023-07-31,KG,3.069,3.069
PEAR_CONFERENCE,WHOLESALE,NL-GE,6341.73,Monthly,2023-08-01,2023-08-31,KG,2.42,2.42
PEAR_CONFERENCE,WHOLESALE,NL-GE,6889.04,Monthly,2023-09-01,2023-09-30,KG,2.454,2.454
PEAR_CONFERENCE,WHOLESALE,NL-GE,6840.08,Monthly,2023-10-01,2023-10-31,KG,2.448,2.448
PEAR_CONFERENCE,WHOLESALE,NL-GE,6252.29,Monthly,2023-11-01,2023-11-30,KG,3.026,3.026
PEAR_CONFERENCE,WHOLESALE,NL-GE,5787.610000000001,Monthly,2023-12-01,2023-12-31,KG,3.069,3.069
PEAR_CONFERENCE,WHOLESALE,NL-GE,5778.26,Monthly,2024-01-01,2024-01-31,KG,3.052,3.052
PEAR_CONFERENCE,WHOLESALE,NL-GE,5051.4400000000005,Monthly,2024-02-01,2024-02-29,KG,3.053,3.053
PEAR_CONFERENCE,WHOLESALE,NL-GE,5199.03,Monthly,2024-03-01,2024-03-31,KG,3.032,3.032
PEAR_CONFERENCE,WHOLESALE,NL-GE,4506.75,Monthly,2024-04-01,2024-04-30,KG,3.052,3.052
PEAR_CONFERENCE,WHOLESALE,NL-GE,4666.28,Monthly,2024-05-01,2024-05-31,KG,3.055,3.055
PEAR_CONFERENCE,WHOLESALE,NL-GE,4610.27,Monthly,2024-06-01,2024-06-30,KG,3.078,3.078
PEAR_CONFERENCE,WHOLESALE,NL-GE,5516.55,Monthly,2024-07-01,2024-07-31,KG,3.058,3.058
PEAR_CONFERENCE,WHOLESALE,NL-GE,6300.610000000001,Monthly,2024-08-01,2024-08-31,KG,2.468,2.468
PEAR_CONFERENCE,WHOLESALE,NL-GE,6588.99,Monthly,2024-09-01,2024-09-30,KG,2.492,2.492
PEAR_CONFERENCE,WHOLESALE,NL-GE,7288.38,Monthly,2024-10-01,2024-10-31,KG,2.439,2.439
PEAR_CONFERENCE,WHOLESALE,NL-GE,6464.59,Monthly,2024-11-01,2024-11-30,KG,3.057,3.057
PEAR_CONFERENCE,WHOLESALE,NL-GE,6235.5,Monthly,2024-12-01,2024-12-31,KG,3.056,3.056
PEAR_CONFERENCE,WHOLESALE,NL-GE,5575.67,Monthly,2025-01-01,2025-01-31,KG,3.056,3.056
PEAR_CONFERENCE,WHOLESALE,NL-GE,4952.19,Monthly,2025-02-01,2025-02-28,KG,3.064,3.064
PEAR_CONFERENCE,WHOLESALE,NL-GE,5685.51,Monthly,2025-03-01,2025-03-31,KG,3.048,3.048
PEAR_CONFERENCE,WHOLESALE,NL-GE,5178.4,Monthly,2025-04-01,2025-04-30,KG,3.051,3.051
PEAR_CONFERENCE,WHOLESALE,NL-GE,5008.14,Monthly,2025-05-01,2025-05-31,KG,3.044,3.044
PEAR_CONFERENCE,WHOLESALE,NL-GE,4957.6,Monthly,2025-06-01,2025-06-30,KG,3.047,3.047
PEAR_CONFERENCE,WHOLESALE,NL-GE,5636.57,Monthly,2025-07-01,2025-07-31,KG,3.054,3.054
PEAR_CONFERENCE,WHOLESALE,NL-GE,6873.99,Monthly,2025-08-01,2025-08-31,KG,2.448,2.448
PEAR_CONFERENCE,WHOLESALE,NL-GE,6946.0,Monthly,2025-09-01,2025-09-30,KG,2.449,2.449
PEAR_CONFERENCE,WHOLESALE,NL-GE,6777.71,Monthly,2025-10-01,2025-10-31,KG,2.479,2.479
PEAR_CONFERENCE,WHOLESALE,NL-GE,6562.98,Monthly,2025-11-01,2025-11-30,KG,3.084,3.084
PEAR_CONFERENCE,WHOLESALE,NL-GE,6791.72,Monthly,2025-12-01,2025-12-31,KG,3.064,3.064
PEAR_CONFERENCE,WHOLESALE,NL-GE,5772.62,Monthly,2026-01-01,2026-01-31,KG,3.068,3.068
PEAR_CONFERENCE,WHOLESALE,NL-NB,4920.87,Monthly,2023-02-01,2023-02-28,KG,3.14,3.14
PEAR_CONFERENCE,WHOLESALE,NL-NB,4863.56,Monthly,2023-03-01,2023-03-31,KG,3.157,3.157
PEAR_CONFERENCE,WHOLESALE,NL-NB,4545.37,Monthly,2023-04-01,2023-04-30,KG,3.145,3.145
PEAR_CONFERENCE,WHOLESALE,NL-NB,5153.68,Monthly,2023-05-01,2023-05-31,KG,3.164,3.164
PEAR_CONFERENCE,WHOLESALE,NL-NB,5339.51,Monthly,2023-06-01,2023-06-30,KG,3.146,3.146
PEAR_CONFERENCE,WHOLESALE,NL-NB,5496.11,Monthly,2023-07-01,2023-07-31,KG,3.159,3.159
PEAR_CONFERENCE,WHOLESALE,NL-NB,6630.85,Monthly,2023-08-01,2023-08-31,KG,2.536,2.536
PEAR_CONFERENCE,WHOLESALE,NL-NB,7446.13,Monthly,2023-09-01,2023-09-30,KG,2.547,2.547
PEAR_CONFERENCE,WHOLESALE,NL-NB,7284.860000000001,Monthly,2023-10-01,2023-10-31,KG,2.53,2.53
PEAR_CONFERENCE,WHOLESALE,NL-NB,6442.29,Monthly,2023-11-01,2023-11-30,KG,3.185,3.185
PEAR_CONFERENCE,WHOLESALE,NL-NB,6389.92,Monthly,2023-12-01,2023-12-31,KG,3.152,3.152
PEAR_CONFERENCE,WHOLESALE,NL-NB,6132.85,Monthly,2024-01-01,2024-01-31,KG,3.135,3.135
PEAR_CONFERENCE,WHOLESALE,NL-NB,4991.16,Monthly,2024-02-01,2024-02-29,KG,3.171,3.171
PEAR_CONFERENCE,WHOLESALE,NL-NB,5280.5599999999995,Monthly,2024-03-01,2024-03-31,KG,3.146,3.146
PEAR_CONFERENCE,WHOLESALE,NL-NB,4658.71,Monthly,2024-04-01,2024-04-30,KG,3.133,3.133
PEAR_CONFERENCE,WHOLESALE,NL-NB,4588.54,Monthly,2024-05-01,2024-05-31,KG,3.146,3.146
PEAR_CONFERENCE,WHOLESALE,NL-NB,4878.65,Monthly,2024-06-01,2024-06-30,KG,3.153,3.153
PEAR_CONFERENCE,WHOLESALE,NL-NB,5764.22,Monthly,2024-07-01,2024-07-31,KG,3.148,3.148
PEAR_CONFERENCE,WHOLESALE,NL-NB,6587.89,Monthly,2024-08-01,2024-08-31,KG,2.506,2.506
PEAR_CONFERENCE,WHOLESALE,NL-NB,6624.1900000000005,Monthly,2024-09-01,2024-09-30,KG,2.547,2.547
PEAR_CONFERENCE,WHOLESALE,NL-NB,7321.75,Monthly,2024-10-01,2024-10-31,KG,2.549,2.549
PEAR_CONFERENCE,WHOLESALE,NL-NB,6839.84,Monthly,2024-11-01,2024-11-30,KG,3.133,3.133
PEAR_CONFERENCE,WHOLESALE,NL-NB,6343.66,Monthly,2024-12-01,2024-12-31,KG,3.145,3.145
PEAR_CONFERENCE,WHOLESALE,NL-NB,5856.5,Monthly,2025-01-01,2025-01-31,KG,3.134,3.134
PEAR_CONFERENCE,WHOLESALE,NL-NB,5240.5,Monthly,2025-02-01,2025-02-28,KG,3.165,3.165
PEAR_CONFERENCE,WHOLESALE,NL-NB,5656.82,Monthly,2025-03-01,2025-03-31,KG,3.177,3.177
PEAR_CONFERENCE,WHOLESALE,NL-NB,5211.27,Monthly,2025-04-01,2025-04-30,KG,3.155,3.155
PEAR_CONFERENCE,WHOLESALE,NL-NB,5220.01,Monthly,2025-05-01,2025-05-31,KG,3.17,3.17
PEAR_CONFERENCE,WHOLESALE,NL-NB,5390.99,Monthly,2025-06-01,2025-06-30,KG,3.149,3.149
PEAR_CONFERENCE,WHOLESALE,NL-NB,5910.54,Monthly,2025-07-01,2025-07-31,KG,3.155,3.155
PEAR_CONFERENCE,WHOLESALE,NL-NB,6816.66,Monthly,2025-08-01,2025-08-31,KG,2.546,2.546
PEAR_CONFERENCE,WHOLESALE,NL-NB,7458.21,Monthly,2025-09-01,2025-09-30,KG,2.534,2.534
PEAR_CONFERENCE,WHOLESALE,NL-NB,6945.55,Monthly,2025-10-01,2025-10-31,KG,2.544,2.544
PEAR_CONFERENCE,WHOLESALE,NL-NB,6884.42,Monthly,2025-11-01,2025-11-30,KG,3.137,3.137
PEAR_CONFERENCE,WHOLESALE,NL-NB,6707.610000000001,Monthly,2025-12-01,2025-12-31,KG,3.14,3.14
PEAR_CONFERENCE,WHOLESALE,NL-NB,6012.83,Monthly,2026-01-01,2026-01-31,KG,3.168,3.168
PEAR_CONFERENCE,WHOLESALE,NL-NH,5093.45,Monthly,2023-02-01,2023-02-28,KG,3.269,3.269
PEAR_CONFERENCE,WHOLESALE,NL-NH,5224.83,Monthly,2023-03-01,2023-03-31,KG,3.239,3.239
PEAR_CONFERENCE,WHOLESALE,NL-NH,4588.6,Monthly,2023-04-01,2023-04-30,KG,3.23,3.23
PEAR_CONFERENCE,WHOLESALE,NL-NH,5231.65,Monthly,2023-05-01,2023-05-31,KG,3.227,3.227
PEAR_CONFERENCE,WHOLESALE,NL-NH,5407.57,Monthly,2023-06-01,2023-06-30,KG,3.224,3.224
PEAR_CONFERENCE,WHOLESALE,NL-NH,5870.87,Monthly,2023-07-01,2023-07-31,KG,3.224,3.224
PEAR_CONFERENCE,WHOLESALE,NL-NH,6855.32,Monthly,2023-08-01,2023-08-31,KG,2.608,2.608
PEAR_CONFERENCE,WHOLESALE,NL-NH,7521.36,Monthly,2023-09-01,2023-09-30,KG,2.608,2.608
PEAR_CONFERENCE,WHOLESALE,NL-NH,7283.5,Monthly,2023-10-01,2023-10-31,KG,2.61,2.61
PEAR_CONFERENCE,WHOLESALE,NL-NH,6373.56,Monthly,2023-11-01,2023-11-30,KG,3.216,3.216
PEAR_CONFERENCE,WHOLESALE,NL-NH,6655.83,Monthly,2023-12-01,2023-12-31,KG,3.235,3.235
PEAR_CONFERENCE,WHOLESALE,NL-NH,6259.04,Monthly,2024-01-01,2024-01-31,KG,3.233,3.233
PEAR_CONFERENCE,WHOLESALE,NL-NH,5195.49,Monthly,2024-02-01,2024-02-29,KG,3.256,3.256
PEAR_CONFERENCE,WHOLESALE,NL-NH,5649.66,Monthly,2024-03-01,2024-03-31,KG,3.246,3.246
PEAR_CONFERENCE,WHOLESALE,NL-NH,4781.93,Monthly,2024-04-01,2024-04-30,KG,3.262,3.262
PEAR_CONFERENCE,WHOLESALE,NL-NH,4882.68,Monthly,2024-05-01,2024-05-31,KG,3.255,3.255
PEAR_CONFERENCE,WHOLESALE,NL-NH,5109.38,Monthly,2024-06-01,2024-06-30,KG,3.25,3.25
PEAR_CONFERENCE,WHOLESALE,NL-NH,5614.21,Monthly,2024-07-01,2024-07-31,KG,3.26,3.26
PEAR_CONFERENCE,WHOLESALE,NL-NH,7052.03,Monthly,2024-08-01,2024-08-31,KG,2.598,2.598
PEAR_CONFERENCE,WHOLESALE,NL-NH,7120.4400000000005,Monthly,2024-09-01,2024-09-30,KG,2.6,2.6
PEAR_CONFERENCE,WHOLESALE,NL-NH,8019.83,Monthly,2024-10-01,2024-10-31,KG,2.635,2.635
PEAR_CONFERENCE,WHOLESALE,NL-NH,6907.9400000000005,Monthly,2024-11-01,2024-11-30,KG,3.236,3.236
PEAR_CONFERENCE,WHOLESALE,NL-NH,6669.67,Monthly,2024-12-01,2024-12-31,KG,3.25,3.25
PEAR_CONFERENCE,WHOLESALE,NL-NH,6248.889999999999,Monthly,2025-01-01,2025-01-31,KG,3.205,3.205
PEAR_CONFERENCE,WHOLESALE,NL-NH,5496.6,Monthly,2025-02-01,2025-02-28,KG,3.261,3.261
PEAR_CONFERENCE,WHOLESALE,NL-NH,6111.639999999999,Monthly,2025-03-01,2025-03-31,KG,3.267,3.267
PEAR_CONFERENCE,WHOLESALE,NL-NH,5535.42,Monthly,2025-04-01,2025-04-30,KG,3.268,3.268
PEAR_CONFERENCE,WHOLESALE,NL-NH,5336.74,Monthly,2025-05-01,2025-05-31,KG,3.238,3.238
PEAR_CONFERENCE,WHOLESALE,NL-NH,5385.629999999999,Monthly,2025-06-01,2025-06-30,KG,3.237,3.237
PEAR_CONFERENCE,WHOLESALE,NL-NH,5929.12,Monthly,2025-07-01,2025-07-31,KG,3.23,3.23
PEAR_CONFERENCE,WHOLESALE,NL-NH,6914.54,Monthly,2025-08-01,2025-08-31,KG,2.596,2.596
PEAR_CONFERENCE,WHOLESALE,NL-NH,7232.77,Monthly,2025-09-01,2025-09-30,KG,2.582,2.582
PEAR_CONFERENCE,WHOLESALE,NL-NH,7110.85,Monthly,2025-10-01,2025-10-31,KG,2.644,2.644
PEAR_CONFERENCE,WHOLESALE,NL-NH,6953.43,Monthly,2025-11-01,2025-11-30,KG,3.257,3.257
PEAR_CONFERENCE,WHOLESALE,NL-NH,7161.7,Monthly,2025-12-01,2025-12-31,KG,3.27,3.27
PEAR_CONFERENCE,WHOLESALE,NL-NH,5962.06,Monthly,2026-01-01,2026-01-31,KG,3.248,3.248
PEAR_CONFERENCE,WHOLESALE,NL-ZH,5612.57,Monthly,2023-02-01,2023-02-28,KG,3.304,3.304
PEAR_CONFERENCE,WHOLESALE,NL-ZH,5293.1,Monthly,2023-03-01,2023-03-31,KG,3.363,3.363
PEAR_CONFERENCE,WHOLESALE,NL-ZH,4785.46,Monthly,2023-04-01,2023-04-30,KG,3.341,3.341
PEAR_CONFERENCE,WHOLESALE,NL-ZH,5333.49,Monthly,2023-05-01,2023-05-31,KG,3.332,3.332
PEAR_CONFERENCE,WHOLESALE,NL-ZH,5761.83,Monthly,2023-06-01,2023-06-30,KG,3.331,3.331
PEAR_CONFERENCE,WHOLESALE,NL-ZH,5769.85,Monthly,2023-07-01,2023-07-31,KG,3.302,3.302
PEAR_CONFERENCE,WHOLESALE,NL-ZH,6823.28,Monthly,2023-08-01,2023-08-31,KG,2.698,2.698
PEAR_CONFERENCE,WHOLESALE,NL-ZH,7820.88,Monthly,2023-09-01,2023-09-30,KG,2.695,2.695
PEAR_CONFERENCE,WHOLESALE,NL-ZH,7524.99,Monthly,2023-10-01,2023-10-31,KG,2.681,2.681
PEAR_CONFERENCE,WHOLESALE,NL-ZH,6657.75,Monthly,2023-11-01,2023-11-30,KG,3.336,3.336
PEAR_CONFERENCE,WHOLESALE,NL-ZH,6896.82,Monthly,2023-12-01,2023-12-31,KG,3.32,3.32
PEAR_CONFERENCE,WHOLESALE,NL-ZH,6666.67,Monthly,2024-01-01,2024-01-31,KG,3.334,3.334
PEAR_CONFERENCE,WHOLESALE,NL-ZH,5356.65,Monthly,2024-02-01,2024-02-29,KG,3.355,3.355
PEAR_CONFERENCE,WHOLESALE,NL-ZH,5696.96,Monthly,2024-03-01,2024-03-31,KG,3.394,3.394
PEAR_CONFERENCE,WHOLESALE,NL-ZH,4851.74,Monthly,2024-04-01,2024-04-30,KG,3.354,3.354
PEAR_CONFERENCE,WHOLESALE,NL-ZH,5018.23,Monthly,2024-05-01,2024-05-31,KG,3.34,3.34
PEAR_CONFERENCE,WHOLESALE,NL-ZH,5338.26,Monthly,2024-06-01,2024-06-30,KG,3.38,3.38
PEAR_CONFERENCE,WHOLESALE,NL-ZH,5876.79,Monthly,2024-07-01,2024-07-31,KG,3.392,3.392
PEAR_CONFERENCE,WHOLESALE,NL-ZH,7395.67,Monthly,2024-08-01,2024-08-31,KG,2.688,2.688
PEAR_CONFERENCE,WHOLESALE,NL-ZH,7154.59,Monthly,2024-09-01,2024-09-30,KG,2.685,2.685
PEAR_CONFERENCE,WHOLESALE,NL-ZH,7926.1900000000005,Monthly,2024-10-01,2024-10-31,KG,2.682,2.682
PEAR_CONFERENCE,WHOLESALE,NL-ZH,7066.88,Monthly,2024-11-01,2024-11-30,KG,3.328,3.328
PEAR_CONFERENCE,WHOLESALE,NL-ZH,6927.88,Monthly,2024-12-01,2024-12-31,KG,3.353,3.353
PEAR_CONFERENCE,WHOLESALE,NL-ZH,6227.37,Monthly,2025-01-01,2025-01-31,KG,3.36,3.36
PEAR_CONFERENCE,WHOLESALE,NL-ZH,5477.87,Monthly,2025-02-01,2025-02-28,KG,3.327,3.327
PEAR_CONFERENCE,WHOLESALE,NL-ZH,6329.25,Monthly,2025-03-01,2025-03-31,KG,3.376,3.376
PEAR_CONFERENCE,WHOLESALE,NL-ZH,5761.24,Monthly,2025-04-01,2025-04-30,KG,3.355,3.355
PEAR_CONFERENCE,WHOLESALE,NL-ZH,5410.62,Monthly,2025-05-01,2025-05-31,KG,3.355,3.355
PEAR_CONFERENCE,WHOLESALE,NL-ZH,5565.32,Monthly,2025-06-01,2025-06-30,KG,3.355,3.355
PEAR_CONFERENCE,WHOLESALE,NL-ZH,6260.39,Monthly,2025-07-01,2025-07-31,KG,3.376,3.376
PEAR_CONFERENCE,WHOLESALE,NL-ZH,7084.5599999999995,Monthly,2025-08-01,2025-08-31,KG,2.674,2.674
PEAR_CONFERENCE,WHOLESALE,NL-ZH,7525.01,Monthly,2025-09-01,2025-09-30,KG,2.676,2.676
PEAR_CONFERENCE,WHOLESALE,NL-ZH,7469.33,Monthly,2025-10-01,2025-10-31,KG,2.68,2.68
PEAR_CONFERENCE,WHOLESALE,NL-ZH,7154.65,Monthly,2025-11-01,2025-11-30,KG,3.341,3.341
PEAR_CONFERENCE,WHOLESALE,NL-ZH,7498.01,Monthly,2025-12-01,2025-12-31,KG,3.351,3.351
PEAR_CONFERENCE,WHOLESALE,NL-ZH,6406.77,Monthly,2026-01-01,2026-01-31,KG,3.388,3.388
PEAR_WILLIAMS,ONLINE,NL-GE,2497.1,Monthly,2023-02-01,2023-02-28,KG,3.021,3.021
PEAR_WILLIAMS,ONLINE,NL-GE,2517.54,Monthly,2023-03-01,2023-03-31,KG,3.038,3.038
PEAR_WILLIAMS,ONLINE,NL-GE,2277.38,Monthly,2023-04-01,2023-04-30,KG,3.027,3.027
PEAR_WILLIAMS,ONLINE,NL-GE,2501.29,Monthly,2023-05-01,2023-05-31,KG,3.046,3.046
PEAR_WILLIAMS,ONLINE,NL-GE,2550.0299999999997,Monthly,2023-06-01,2023-06-30,KG,3.028,3.028
PEAR_WILLIAMS,ONLINE,NL-GE,2729.69,Monthly,2023-07-01,2023-07-31,KG,3.063,3.063
PEAR_WILLIAMS,ONLINE,NL-GE,3290.2799999999997,Monthly,2023-08-01,2023-08-31,KG,2.434,2.434
PEAR_WILLIAMS,ONLINE,NL-GE,3736.13,Monthly,2023-09-01,2023-09-30,KG,2.487,2.487
PEAR_WILLIAMS,ONLINE,NL-GE,3468.6499999999996,Monthly,2023-10-01,2023-10-31,KG,2.448,2.448
PEAR_WILLIAMS,ONLINE,NL-GE,3167.12,Monthly,2023-11-01,2023-11-30,KG,3.092,3.092
PEAR_WILLIAMS,ONLINE,NL-GE,3026.99,Monthly,2023-12-01,2023-12-31,KG,3.005,3.005
PEAR_WILLIAMS,ONLINE,NL-GE,3032.68,Monthly,2024-01-01,2024-01-31,KG,3.085,3.085
PEAR_WILLIAMS,ONLINE,NL-GE,2494.7200000000003,Monthly,2024-02-01,2024-02-29,KG,3.087,3.087
PEAR_WILLIAMS,ONLINE,NL-GE,2646.17,Monthly,2024-03-01,2024-03-31,KG,3.055,3.055
PEAR_WILLIAMS,ONLINE,NL-GE,2276.71,Monthly,2024-04-01,2024-04-30,KG,3.07,3.07
PEAR_WILLIAMS,ONLINE,NL-GE,2414.79,Monthly,2024-05-01,2024-05-31,KG,3.097,3.097
PEAR_WILLIAMS,ONLINE,NL-GE,2437.4,Monthly,2024-06-01,2024-06-30,KG,3.042,3.042
PEAR_WILLIAMS,ONLINE,NL-GE,2872.14,Monthly,2024-07-01,2024-07-31,KG,3.049,3.049
PEAR_WILLIAMS,ONLINE,NL-GE,3432.4700000000003,Monthly,2024-08-01,2024-08-31,KG,2.476,2.476
PEAR_WILLIAMS,ONLINE,NL-GE,3547.76,Monthly,2024-09-01,2024-09-30,KG,2.447,2.447
PEAR_WILLIAMS,ONLINE,NL-GE,3813.81,Monthly,2024-10-01,2024-10-31,KG,2.449,2.449
PEAR_WILLIAMS,ONLINE,NL-GE,3366.7599999999998,Monthly,2024-11-01,2024-11-30,KG,3.045,3.045
PEAR_WILLIAMS,ONLINE,NL-GE,3338.44,Monthly,2024-12-01,2024-12-31,KG,3.057,3.057
PEAR_WILLIAMS,ONLINE,NL-GE,3010.89,Monthly,2025-01-01,2025-01-31,KG,3.082,3.082
PEAR_WILLIAMS,ONLINE,NL-GE,2577.95,Monthly,2025-02-01,2025-02-28,KG,3.074,3.074
PEAR_WILLIAMS,ONLINE,NL-GE,3019.06,Monthly,2025-03-01,2025-03-31,KG,3.082,3.082
PEAR_WILLIAMS,ONLINE,NL-GE,2612.62,Monthly,2025-04-01,2025-04-30,KG,3.041,3.041
PEAR_WILLIAMS,ONLINE,NL-GE,2593.75,Monthly,2025-05-01,2025-05-31,KG,3.079,3.079
PEAR_WILLIAMS,ONLINE,NL-GE,2488.13,Monthly,2025-06-01,2025-06-30,KG,3.061,3.061
PEAR_WILLIAMS,ONLINE,NL-GE,3058.8,Monthly,2025-07-01,2025-07-31,KG,3.043,3.043
PEAR_WILLIAMS,ONLINE,NL-GE,3441.84,Monthly,2025-08-01,2025-08-31,KG,2.448,2.448
PEAR_WILLIAMS,ONLINE,NL-GE,3525.31,Monthly,2025-09-01,2025-09-30,KG,2.479,2.479
PEAR_WILLIAMS,ONLINE,NL-GE,3612.34,Monthly,2025-10-01,2025-10-31,KG,2.449,2.449
PEAR_WILLIAMS,ONLINE,NL-GE,3312.14,Monthly,2025-11-01,2025-11-30,KG,3.102,3.102
PEAR_WILLIAMS,ONLINE,NL-GE,3487.67,Monthly,2025-12-01,2025-12-31,KG,3.044,3.044
PEAR_WILLIAMS,ONLINE,NL-GE,2885.1,Monthly,2026-01-01,2026-01-31,KG,3.01,3.01
PEAR_WILLIAMS,ONLINE,NL-NB,2652.06,Monthly,2023-02-01,2023-02-28,KG,3.19,3.19
PEAR_WILLIAMS,ONLINE,NL-NB,2563.7,Monthly,2023-03-01,2023-03-31,KG,3.144,3.144
PEAR_WILLIAMS,ONLINE,NL-NB,2399.2,Monthly,2023-04-01,2023-04-30,KG,3.151,3.151
PEAR_WILLIAMS,ONLINE,NL-NB,2622.75,Monthly,2023-05-01,2023-05-31,KG,3.166,3.166
PEAR_WILLIAMS,ONLINE,NL-NB,2817.31,Monthly,2023-06-01,2023-06-30,KG,3.148,3.148
PEAR_WILLIAMS,ONLINE,NL-NB,2887.46,Monthly,2023-07-01,2023-07-31,KG,3.132,3.132
PEAR_WILLIAMS,ONLINE,NL-NB,3455.97,Monthly,2023-08-01,2023-08-31,KG,2.516,2.516
PEAR_WILLIAMS,ONLINE,NL-NB,3920.62,Monthly,2023-09-01,2023-09-30,KG,2.555,2.555
PEAR_WILLIAMS,ONLINE,NL-NB,3741.58,Monthly,2023-10-01,2023-10-31,KG,2.523,2.523
PEAR_WILLIAMS,ONLINE,NL-NB,3229.89,Monthly,2023-11-01,2023-11-30,KG,3.149,3.149
PEAR_WILLIAMS,ONLINE,NL-NB,3217.09,Monthly,2023-12-01,2023-12-31,KG,3.167,3.167
PEAR_WILLIAMS,ONLINE,NL-NB,3240.6,Monthly,2024-01-01,2024-01-31,KG,3.194,3.194
PEAR_WILLIAMS,ONLINE,NL-NB,2671.17,Monthly,2024-02-01,2024-02-29,KG,3.153,3.153
PEAR_WILLIAMS,ONLINE,NL-NB,2719.9700000000003,Monthly,2024-03-01,2024-03-31,KG,3.174,3.174
PEAR_WILLIAMS,ONLINE,NL-NB,2368.6,Monthly,2024-04-01,2024-04-30,KG,3.13,3.13
PEAR_WILLIAMS,ONLINE,NL-NB,2362.4,Monthly,2024-05-01,2024-05-31,KG,3.12,3.12
PEAR_WILLIAMS,ONLINE,NL-NB,2455.41,Monthly,2024-06-01,2024-06-30,KG,3.176,3.176
PEAR_WILLIAMS,ONLINE,NL-NB,2963.29,Monthly,2024-07-01,2024-07-31,KG,3.166,3.166
PEAR_WILLIAMS,ONLINE,NL-NB,3545.17,Monthly,2024-08-01,2024-08-31,KG,2.561,2.561
PEAR_WILLIAMS,ONLINE,NL-NB,3639.05,Monthly,2024-09-01,2024-09-30,KG,2.546,2.546
PEAR_WILLIAMS,ONLINE,NL-NB,3932.83,Monthly,2024-10-01,2024-10-31,KG,2.551,2.551
PEAR_WILLIAMS,ONLINE,NL-NB,3468.58,Monthly,2024-11-01,2024-11-30,KG,3.148,3.148
PEAR_WILLIAMS,ONLINE,NL-NB,3375.18,Monthly,2024-12-01,2024-12-31,KG,3.141,3.141
PEAR_WILLIAMS,ONLINE,NL-NB,3030.63,Monthly,2025-01-01,2025-01-31,KG,3.179,3.179
PEAR_WILLIAMS,ONLINE,NL-NB,2682.25,Monthly,2025-02-01,2025-02-28,KG,3.152,3.152
PEAR_WILLIAMS,ONLINE,NL-NB,3025.13,Monthly,2025-03-01,2025-03-31,KG,3.131,3.131
PEAR_WILLIAMS,ONLINE,NL-NB,2661.51,Monthly,2025-04-01,2025-04-30,KG,3.149,3.149
PEAR_WILLIAMS,ONLINE,NL-NB,2606.98,Monthly,2025-05-01,2025-05-31,KG,3.151,3.151
PEAR_WILLIAMS,ONLINE,NL-NB,2787.35,Monthly,2025-06-01,2025-06-30,KG,3.151,3.151
PEAR_WILLIAMS,ONLINE,NL-NB,3089.1499999999996,Monthly,2025-07-01,2025-07-31,KG,3.152,3.152
PEAR_WILLIAMS,ONLINE,NL-NB,3650.8999999999996,Monthly,2025-08-01,2025-08-31,KG,2.509,2.509
PEAR_WILLIAMS,ONLINE,NL-NB,3864.49,Monthly,2025-09-01,2025-09-30,KG,2.526,2.526
PEAR_WILLIAMS,ONLINE,NL-NB,3619.0,Monthly,2025-10-01,2025-10-31,KG,2.516,2.516
PEAR_WILLIAMS,ONLINE,NL-NB,3581.41,Monthly,2025-11-01,2025-11-30,KG,3.178,3.178
PEAR_WILLIAMS,ONLINE,NL-NB,3500.15,Monthly,2025-12-01,2025-12-31,KG,3.14,3.14
PEAR_WILLIAMS,ONLINE,NL-NB,3166.3199999999997,Monthly,2026-01-01,2026-01-31,KG,3.115,3.115
PEAR_WILLIAMS,ONLINE,NL-NH,2666.94,Monthly,2023-02-01,2023-02-28,KG,3.236,3.236
PEAR_WILLIAMS,ONLINE,NL-NH,2674.39,Monthly,2023-03-01,2023-03-31,KG,3.256,3.256
PEAR_WILLIAMS,ONLINE,NL-NH,2407.19,Monthly,2023-04-01,2023-04-30,KG,3.229,3.229
PEAR_WILLIAMS,ONLINE,NL-NH,2602.0099999999998,Monthly,2023-05-01,2023-05-31,KG,3.275,3.275
PEAR_WILLIAMS,ONLINE,NL-NH,2912.25,Monthly,2023-06-01,2023-06-30,KG,3.262,3.262
PEAR_WILLIAMS,ONLINE,NL-NH,2918.07,Monthly,2023-07-01,2023-07-31,KG,3.231,3.231
PEAR_WILLIAMS,ONLINE,NL-NH,3547.3999999999996,Monthly,2023-08-01,2023-08-31,KG,2.603,2.603
PEAR_WILLIAMS,ONLINE,NL-NH,3730.75,Monthly,2023-09-01,2023-09-30,KG,2.588,2.588
PEAR_WILLIAMS,ONLINE,NL-NH,3563.8100000000004,Monthly,2023-10-01,2023-10-31,KG,2.636,2.636
PEAR_WILLIAMS,ONLINE,NL-NH,3311.16,Monthly,2023-11-01,2023-11-30,KG,3.262,3.262
PEAR_WILLIAMS,ONLINE,NL-NH,3426.45,Monthly,2023-12-01,2023-12-31,KG,3.254,3.254
PEAR_WILLIAMS,ONLINE,NL-NH,3230.58,Monthly,2024-01-01,2024-01-31,KG,3.252,3.252
PEAR_WILLIAMS,ONLINE,NL-NH,2772.96,Monthly,2024-02-01,2024-02-29,KG,3.292,3.292
PEAR_WILLIAMS,ONLINE,NL-NH,2826.09,Monthly,2024-03-01,2024-03-31,KG,3.269,3.269
PEAR_WILLIAMS,ONLINE,NL-NH,2477.82,Monthly,2024-04-01,2024-04-30,KG,3.271,3.271
PEAR_WILLIAMS,ONLINE,NL-NH,2458.81,Monthly,2024-05-01,2024-05-31,KG,3.252,3.252
PEAR_WILLIAMS,ONLINE,NL-NH,2598.86,Monthly,2024-06-01,2024-06-30,KG,3.232,3.232
PEAR_WILLIAMS,ONLINE,NL-NH,2919.54,Monthly,2024-07-01,2024-07-31,KG,3.231,3.231
PEAR_WILLIAMS,ONLINE,NL-NH,3747.05,Monthly,2024-08-01,2024-08-31,KG,2.576,2.576
PEAR_WILLIAMS,ONLINE,NL-NH,3678.9,Monthly,2024-09-01,2024-09-30,KG,2.613,2.613
PEAR_WILLIAMS,ONLINE,NL-NH,4202.32,Monthly,2024-10-01,2024-10-31,KG,2.586,2.586
PEAR_WILLIAMS,ONLINE,NL-NH,3566.61,Monthly,2024-11-01,2024-11-30,KG,3.235,3.235
PEAR_WILLIAMS,ONLINE,NL-NH,3572.6400000000003,Monthly,2024-12-01,2024-12-31,KG,3.263,3.263
PEAR_WILLIAMS,ONLINE,NL-NH,3126.12,Monthly,2025-01-01,2025-01-31,KG,3.254,3.254
PEAR_WILLIAMS,ONLINE,NL-NH,2813.6,Monthly,2025-02-01,2025-02-28,KG,3.283,3.283
PEAR_WILLIAMS,ONLINE,NL-NH,3101.84,Monthly,2025-03-01,2025-03-31,KG,3.233,3.233
PEAR_WILLIAMS,ONLINE,NL-NH,2906.85,Monthly,2025-04-01,2025-04-30,KG,3.222,3.222
PEAR_WILLIAMS,ONLINE,NL-NH,2807.04,Monthly,2025-05-01,2025-05-31,KG,3.244,3.244
PEAR_WILLIAMS,ONLINE,NL-NH,2669.37,Monthly,2025-06-01,2025-06-30,KG,3.307,3.307
PEAR_WILLIAMS,ONLINE,NL-NH,3045.04,Monthly,2025-07-01,2025-07-31,KG,3.251,3.251
PEAR_WILLIAMS,ONLINE,NL-NH,3709.4,Monthly,2025-08-01,2025-08-31,KG,2.604,2.604
PEAR_WILLIAMS,ONLINE,NL-NH,3840.51,Monthly,2025-09-01,2025-09-30,KG,2.626,2.626
PEAR_WILLIAMS,ONLINE,NL-NH,3690.41,Monthly,2025-10-01,2025-10-31,KG,2.634,2.634
PEAR_WILLIAMS,ONLINE,NL-NH,3673.58,Monthly,2025-11-01,2025-11-30,KG,3.206,3.206
PEAR_WILLIAMS,ONLINE,NL-NH,3663.14,Monthly,2025-12-01,2025-12-31,KG,3.265,3.265
PEAR_WILLIAMS,ONLINE,NL-NH,3129.84,Monthly,2026-01-01,2026-01-31,KG,3.258,3.258
PEAR_WILLIAMS,ONLINE,NL-ZH,2814.37,Monthly,2023-02-01,2023-02-28,KG,3.364,3.364
PEAR_WILLIAMS,ONLINE,NL-ZH,2687.39,Monthly,2023-03-01,2023-03-31,KG,3.341,3.341
PEAR_WILLIAMS,ONLINE,NL-ZH,2558.83,Monthly,2023-04-01,2023-04-30,KG,3.296,3.296
PEAR_WILLIAMS,ONLINE,NL-ZH,2756.88,Monthly,2023-05-01,2023-05-31,KG,3.319,3.319
PEAR_WILLIAMS,ONLINE,NL-ZH,2939.5299999999997,Monthly,2023-06-01,2023-06-30,KG,3.381,3.381
PEAR_WILLIAMS,ONLINE,NL-ZH,2999.67,Monthly,2023-07-01,2023-07-31,KG,3.338,3.338
PEAR_WILLIAMS,ONLINE,NL-ZH,3644.03,Monthly,2023-08-01,2023-08-31,KG,2.695,2.695
PEAR_WILLIAMS,ONLINE,NL-ZH,4063.73,Monthly,2023-09-01,2023-09-30,KG,2.724,2.724
PEAR_WILLIAMS,ONLINE,NL-ZH,3848.8500000000004,Monthly,2023-10-01,2023-10-31,KG,2.658,2.658
PEAR_WILLIAMS,ONLINE,NL-ZH,3406.77,Monthly,2023-11-01,2023-11-30,KG,3.308,3.308
PEAR_WILLIAMS,ONLINE,NL-ZH,3362.91,Monthly,2023-12-01,2023-12-31,KG,3.337,3.337
PEAR_WILLIAMS,ONLINE,NL-ZH,3455.76,Monthly,2024-01-01,2024-01-31,KG,3.34,3.34
PEAR_WILLIAMS,ONLINE,NL-ZH,2778.7200000000003,Monthly,2024-02-01,2024-02-29,KG,3.35,3.35
PEAR_WILLIAMS,ONLINE,NL-ZH,2912.62,Monthly,2024-03-01,2024-03-31,KG,3.343,3.343
PEAR_WILLIAMS,ONLINE,NL-ZH,2537.38,Monthly,2024-04-01,2024-04-30,KG,3.356,3.356
PEAR_WILLIAMS,ONLINE,NL-ZH,2636.46,Monthly,2024-05-01,2024-05-31,KG,3.343,3.343
PEAR_WILLIAMS,ONLINE,NL-ZH,2648.64,Monthly,2024-06-01,2024-06-30,KG,3.329,3.329
PEAR_WILLIAMS,ONLINE,NL-ZH,3030.3,Monthly,2024-07-01,2024-07-31,KG,3.329,3.329
PEAR_WILLIAMS,ONLINE,NL-ZH,3856.6400000000003,Monthly,2024-08-01,2024-08-31,KG,2.693,2.693
PEAR_WILLIAMS,ONLINE,NL-ZH,3638.89,Monthly,2024-09-01,2024-09-30,KG,2.692,2.692
PEAR_WILLIAMS,ONLINE,NL-ZH,4334.47,Monthly,2024-10-01,2024-10-31,KG,2.686,2.686
PEAR_WILLIAMS,ONLINE,NL-ZH,3604.17,Monthly,2024-11-01,2024-11-30,KG,3.319,3.319
PEAR_WILLIAMS,ONLINE,NL-ZH,3635.94,Monthly,2024-12-01,2024-12-31,KG,3.361,3.361
PEAR_WILLIAMS,ONLINE,NL-ZH,3310.11,Monthly,2025-01-01,2025-01-31,KG,3.333,3.333
PEAR_WILLIAMS,ONLINE,NL-ZH,2892.85,Monthly,2025-02-01,2025-02-28,KG,3.364,3.364
PEAR_WILLIAMS,ONLINE,NL-ZH,3171.5600000000004,Monthly,2025-03-01,2025-03-31,KG,3.353,3.353
PEAR_WILLIAMS,ONLINE,NL-ZH,3020.93,Monthly,2025-04-01,2025-04-30,KG,3.325,3.325
PEAR_WILLIAMS,ONLINE,NL-ZH,2856.49,Monthly,2025-05-01,2025-05-31,KG,3.359,3.359
PEAR_WILLIAMS,ONLINE,NL-ZH,2954.4300000000003,Monthly,2025-06-01,2025-06-30,KG,3.178,3.319
PEAR_WILLIAMS,ONLINE,NL-ZH,3202.67,Monthly,2025-07-01,2025-07-31,KG,3.342,3.342
PEAR_WILLIAMS,ONLINE,NL-ZH,3762.88,Monthly,2025-08-01,2025-08-31,KG,2.698,2.698
PEAR_WILLIAMS,ONLINE,NL-ZH,3926.11,Monthly,2025-09-01,2025-09-30,KG,2.634,2.634
PEAR_WILLIAMS,ONLINE,NL-ZH,3936.5299999999997,Monthly,2025-10-01,2025-10-31,KG,2.692,2.692
PEAR_WILLIAMS,ONLINE,NL-ZH,3750.24,Monthly,2025-11-01,2025-11-30,KG,3.331,3.331
PEAR_WILLIAMS,ONLINE,NL-ZH,3937.9700000000003,Monthly,2025-12-01,2025-12-31,KG,3.316,3.316
PEAR_WILLIAMS,ONLINE,NL-ZH,3263.12,Monthly,2026-01-01,2026-01-31,KG,3.372,3.372
PEAR_WILLIAMS,RETAIL,NL-GE,5600.29,Monthly,2023-02-01,2023-02-28,KG,2.925,3.069
PEAR_WILLIAMS,RETAIL,NL-GE,4881.3,Monthly,2023-03-01,2023-03-31,KG,3.066,3.066
PEAR_WILLIAMS,RETAIL,NL-GE,4649.6,Monthly,2023-04-01,2023-04-30,KG,3.049,3.049
PEAR_WILLIAMS,RETAIL,NL-GE,5146.66,Monthly,2023-05-01,2023-05-31,KG,3.101,3.101
PEAR_WILLIAMS,RETAIL,NL-GE,5345.05,Monthly,2023-06-01,2023-06-30,KG,3.074,3.074
PEAR_WILLIAMS,RETAIL,NL-GE,5739.6900000000005,Monthly,2023-07-01,2023-07-31,KG,3.003,3.059
PEAR_WILLIAMS,RETAIL,NL-GE,6423.4,Monthly,2023-08-01,2023-08-31,KG,2.481,2.481
PEAR_WILLIAMS,RETAIL,NL-GE,7504.83,Monthly,2023-09-01,2023-09-30,KG,2.471,2.471
PEAR_WILLIAMS,RETAIL,NL-GE,6666.58,Monthly,2023-10-01,2023-10-31,KG,2.438,2.438
PEAR_WILLIAMS,RETAIL,NL-GE,6394.84,Monthly,2023-11-01,2023-11-30,KG,3.048,3.048
PEAR_WILLIAMS,RETAIL,NL-GE,6205.2,Monthly,2023-12-01,2023-12-31,KG,3.044,3.044
PEAR_WILLIAMS,RETAIL,NL-GE,6006.02,Monthly,2024-01-01,2024-01-31,KG,3.034,3.034
PEAR_WILLIAMS,RETAIL,NL-GE,4919.73,Monthly,2024-02-01,2024-02-29,KG,3.048,3.048
PEAR_WILLIAMS,RETAIL,NL-GE,5543.34,Monthly,2024-03-01,2024-03-31,KG,3.093,3.093
PEAR_WILLIAMS,RETAIL,NL-GE,4546.0599999999995,Monthly,2024-04-01,2024-04-30,KG,3.12,3.12
PEAR_WILLIAMS,RETAIL,NL-GE,4717.72,Monthly,2024-05-01,2024-05-31,KG,3.077,3.077
PEAR_WILLIAMS,RETAIL,NL-GE,4872.89,Monthly,2024-06-01,2024-06-30,KG,2.998,2.998
PEAR_WILLIAMS,RETAIL,NL-GE,5609.47,Monthly,2024-07-01,2024-07-31,KG,3.053,3.053
PEAR_WILLIAMS,RETAIL,NL-GE,6743.98,Monthly,2024-08-01,2024-08-31,KG,2.458,2.458
PEAR_WILLIAMS,RETAIL,NL-GE,6839.6900000000005,Monthly,2024-09-01,2024-09-30,KG,2.445,2.445
PEAR_WILLIAMS,RETAIL,NL-GE,7343.81,Monthly,2024-10-01,2024-10-31,KG,2.456,2.456
PEAR_WILLIAMS,RETAIL,NL-GE,6660.18,Monthly,2024-11-01,2024-11-30,KG,3.059,3.059
PEAR_WILLIAMS,RETAIL,NL-GE,7158.280000000001,Monthly,2024-12-01,2024-12-31,KG,2.845,3.054
PEAR_WILLIAMS,RETAIL,NL-GE,5839.73,Monthly,2025-01-01,2025-01-31,KG,3.035,3.035
PEAR_WILLIAMS,RETAIL,NL-GE,5024.32,Monthly,2025-02-01,2025-02-28,KG,3.075,3.075
PEAR_WILLIAMS,RETAIL,NL-GE,5849.2699999999995,Monthly,2025-03-01,2025-03-31,KG,3.104,3.104
PEAR_WILLIAMS,RETAIL,NL-GE,5041.33,Monthly,2025-04-01,2025-04-30,KG,3.041,3.041
PEAR_WILLIAMS,RETAIL,NL-GE,5286.41,Monthly,2025-05-01,2025-05-31,KG,3.047,3.047
PEAR_WILLIAMS,RETAIL,NL-GE,4942.3,Monthly,2025-06-01,2025-06-30,KG,3.071,3.071
PEAR_WILLIAMS,RETAIL,NL-GE,6186.39,Monthly,2025-07-01,2025-07-31,KG,2.98,3.055
PEAR_WILLIAMS,RETAIL,NL-GE,7443.66,Monthly,2025-08-01,2025-08-31,KG,2.272,2.457
PEAR_WILLIAMS,RETAIL,NL-GE,6972.67,Monthly,2025-09-01,2025-09-30,KG,2.447,2.447
PEAR_WILLIAMS,RETAIL,NL-GE,6926.860000000001,Monthly,2025-10-01,2025-10-31,KG,2.45,2.45
PEAR_WILLIAMS,RETAIL,NL-GE,6848.27,Monthly,2025-11-01,2025-11-30,KG,3.056,3.056
PEAR_WILLIAMS,RETAIL,NL-GE,6784.54,Monthly,2025-12-01,2025-12-31,KG,3.06,3.06
PEAR_WILLIAMS,RETAIL,NL-GE,5836.89,Monthly,2026-01-01,2026-01-31,KG,3.058,3.058
PEAR_WILLIAMS,RETAIL,NL-NB,5238.68,Monthly,2023-02-01,2023-02-28,KG,3.179,3.179
PEAR_WILLIAMS,RETAIL,NL-NB,4972.62,Monthly,2023-03-01,2023-03-31,KG,3.186,3.186
PEAR_WILLIAMS,RETAIL,NL-NB,4778.5599999999995,Monthly,2023-04-01,2023-04-30,KG,3.143,3.143
PEAR_WILLIAMS,RETAIL,NL-NB,5244.64,Monthly,2023-05-01,2023-05-31,KG,3.146,3.146
PEAR_WILLIAMS,RETAIL,NL-NB,5274.67,Monthly,2023-06-01,2023-06-30,KG,3.142,3.142
PEAR_WILLIAMS,RETAIL,NL-NB,5859.26,Monthly,2023-07-01,2023-07-31,KG,3.163,3.163
PEAR_WILLIAMS,RETAIL,NL-NB,6685.17,Monthly,2023-08-01,2023-08-31,KG,2.545,2.545
PEAR_WILLIAMS,RETAIL,NL-NB,7621.52,Monthly,2023-09-01,2023-09-30,KG,2.537,2.537
PEAR_WILLIAMS,RETAIL,NL-NB,7052.12,Monthly,2023-10-01,2023-10-31,KG,2.553,2.553
PEAR_WILLIAMS,RETAIL,NL-NB,6786.83,Monthly,2023-11-01,2023-11-30,KG,3.18,3.18
PEAR_WILLIAMS,RETAIL,NL-NB,6625.68,Monthly,2023-12-01,2023-12-31,KG,3.165,3.165
PEAR_WILLIAMS,RETAIL,NL-NB,6387.18,Monthly,2024-01-01,2024-01-31,KG,3.119,3.119
PEAR_WILLIAMS,RETAIL,NL-NB,5205.73,Monthly,2024-02-01,2024-02-29,KG,3.153,3.153
PEAR_WILLIAMS,RETAIL,NL-NB,5523.21,Monthly,2024-03-01,2024-03-31,KG,3.157,3.157
PEAR_WILLIAMS,RETAIL,NL-NB,4673.46,Monthly,2024-04-01,2024-04-30,KG,3.132,3.132
PEAR_WILLIAMS,RETAIL,NL-NB,4664.74,Monthly,2024-05-01,2024-05-31,KG,3.168,3.168
PEAR_WILLIAMS,RETAIL,NL-NB,5029.03,Monthly,2024-06-01,2024-06-30,KG,3.131,3.131
PEAR_WILLIAMS,RETAIL,NL-NB,6083.64,Monthly,2024-07-01,2024-07-31,KG,3.106,3.106
PEAR_WILLIAMS,RETAIL,NL-NB,7480.29,Monthly,2024-08-01,2024-08-31,KG,2.357,2.509
PEAR_WILLIAMS,RETAIL,NL-NB,7176.950000000001,Monthly,2024-09-01,2024-09-30,KG,2.528,2.528
PEAR_WILLIAMS,RETAIL,NL-NB,7481.889999999999,Monthly,2024-10-01,2024-10-31,KG,2.514,2.514
PEAR_WILLIAMS,RETAIL,NL-NB,6727.650000000001,Monthly,2024-11-01,2024-11-30,KG,3.134,3.134
PEAR_WILLIAMS,RETAIL,NL-NB,6573.68,Monthly,2024-12-01,2024-12-31,KG,3.165,3.165
PEAR_WILLIAMS,RETAIL,NL-NB,5861.0,Monthly,2025-01-01,2025-01-31,KG,3.155,3.155
PEAR_WILLIAMS,RETAIL,NL-NB,5410.72,Monthly,2025-02-01,2025-02-28,KG,3.14,3.14
PEAR_WILLIAMS,RETAIL,NL-NB,6160.48,Monthly,2025-03-01,2025-03-31,KG,3.115,3.115
PEAR_WILLIAMS,RETAIL,NL-NB,5469.8,Monthly,2025-04-01,2025-04-30,KG,3.157,3.157
PEAR_WILLIAMS,RETAIL,NL-NB,5308.71,Monthly,2025-05-01,2025-05-31,KG,3.14,3.14
PEAR_WILLIAMS,RETAIL,NL-NB,5705.08,Monthly,2025-06-01,2025-06-30,KG,3.01,3.14
PEAR_WILLIAMS,RETAIL,NL-NB,5973.49,Monthly,2025-07-01,2025-07-31,KG,3.134,3.134
PEAR_WILLIAMS,RETAIL,NL-NB,7075.51,Monthly,2025-08-01,2025-08-31,KG,2.539,2.539
PEAR_WILLIAMS,RETAIL,NL-NB,7431.66,Monthly,2025-09-01,2025-09-30,KG,2.526,2.526
PEAR_WILLIAMS,RETAIL,NL-NB,7208.709999999999,Monthly,2025-10-01,2025-10-31,KG,2.504,2.504
PEAR_WILLIAMS,RETAIL,NL-NB,6998.639999999999,Monthly,2025-11-01,2025-11-30,KG,3.138,3.138
PEAR_WILLIAMS,RETAIL,NL-NB,6792.07,Monthly,2025-12-01,2025-12-31,KG,3.175,3.175
PEAR_WILLIAMS,RETAIL,NL-NB,6209.3,Monthly,2026-01-01,2026-01-31,KG,3.168,3.168
PEAR_WILLIAMS,RETAIL,NL-NH,6321.200000000001,Monthly,2023-02-01,2023-02-28,KG,3.051,3.26
PEAR_WILLIAMS,RETAIL,NL-NH,5404.4400000000005,Monthly,2023-03-01,2023-03-31,KG,3.228,3.228
PEAR_WILLIAMS,RETAIL,NL-NH,4936.92,Monthly,2023-04-01,2023-04-30,KG,3.265,3.265
PEAR_WILLIAMS,RETAIL,NL-NH,5097.67,Monthly,2023-05-01,2023-05-31,KG,3.223,3.223
PEAR_WILLIAMS,RETAIL,NL-NH,5664.27,Monthly,2023-06-01,2023-06-30,KG,3.271,3.271
PEAR_WILLIAMS,RETAIL,NL-NH,5914.19,Monthly,2023-07-01,2023-07-31,KG,3.202,3.202
PEAR_WILLIAMS,RETAIL,NL-NH,6654.25,Monthly,2023-08-01,2023-08-31,KG,2.597,2.597
PEAR_WILLIAMS,RETAIL,NL-NH,7752.43,Monthly,2023-09-01,2023-09-30,KG,2.599,2.599
PEAR_WILLIAMS,RETAIL,NL-NH,7340.6,Monthly,2023-10-01,2023-10-31,KG,2.589,2.589
PEAR_WILLIAMS,RETAIL,NL-NH,6516.68,Monthly,2023-11-01,2023-11-30,KG,3.216,3.216
PEAR_WILLIAMS,RETAIL,NL-NH,6988.35,Monthly,2023-12-01,2023-12-31,KG,3.21,3.266
PEAR_WILLIAMS,RETAIL,NL-NH,6432.92,Monthly,2024-01-01,2024-01-31,KG,3.23,3.23
PEAR_WILLIAMS,RETAIL,NL-NH,5446.27,Monthly,2024-02-01,2024-02-29,KG,3.257,3.257
PEAR_WILLIAMS,RETAIL,NL-NH,5668.6900000000005,Monthly,2024-03-01,2024-03-31,KG,3.218,3.218
PEAR_WILLIAMS,RETAIL,NL-NH,4919.51,Monthly,2024-04-01,2024-04-30,KG,3.23,3.23
PEAR_WILLIAMS,RETAIL,NL-NH,5271.23,Monthly,2024-05-01,2024-05-31,KG,3.282,3.282
PEAR_WILLIAMS,RETAIL,NL-NH,5182.52,Monthly,2024-06-01,2024-06-30,KG,3.232,3.232
PEAR_WILLIAMS,RETAIL,NL-NH,5862.02,Monthly,2024-07-01,2024-07-31,KG,3.227,3.227
PEAR_WILLIAMS,RETAIL,NL-NH,7181.8,Monthly,2024-08-01,2024-08-31,KG,2.59,2.59
PEAR_WILLIAMS,RETAIL,NL-NH,7396.4400000000005,Monthly,2024-09-01,2024-09-30,KG,2.625,2.625
PEAR_WILLIAMS,RETAIL,NL-NH,8090.71,Monthly,2024-10-01,2024-10-31,KG,2.623,2.623
PEAR_WILLIAMS,RETAIL,NL-NH,7080.549999999999,Monthly,2024-11-01,2024-11-30,KG,3.217,3.217
PEAR_WILLIAMS,RETAIL,NL-NH,6838.47,Monthly,2024-12-01,2024-12-31,KG,3.226,3.239
PEAR_WILLIAMS,RETAIL,NL-NH,6121.2300000000005,Monthly,2025-01-01,2025-01-31,KG,3.26,3.26
PEAR_WILLIAMS,RETAIL,NL-NH,5773.9,Monthly,2025-02-01,2025-02-28,KG,3.28,3.28
PEAR_WILLIAMS,RETAIL,NL-NH,6299.58,Monthly,2025-03-01,2025-03-31,KG,3.241,3.241
PEAR_WILLIAMS,RETAIL,NL-NH,5271.26,Monthly,2025-04-01,2025-04-30,KG,3.231,3.231
PEAR_WILLIAMS,RETAIL,NL-NH,5526.25,Monthly,2025-05-01,2025-05-31,KG,3.261,3.261
PEAR_WILLIAMS,RETAIL,NL-NH,5389.93,Monthly,2025-06-01,2025-06-30,KG,3.232,3.232
PEAR_WILLIAMS,RETAIL,NL-NH,5967.49,Monthly,2025-07-01,2025-07-31,KG,3.23,3.23
PEAR_WILLIAMS,RETAIL,NL-NH,7537.55,Monthly,2025-08-01,2025-08-31,KG,2.609,2.609
PEAR_WILLIAMS,RETAIL,NL-NH,7513.6,Monthly,2025-09-01,2025-09-30,KG,2.636,2.636
PEAR_WILLIAMS,RETAIL,NL-NH,7357.38,Monthly,2025-10-01,2025-10-31,KG,2.623,2.623
PEAR_WILLIAMS,RETAIL,NL-NH,7366.66,Monthly,2025-11-01,2025-11-30,KG,3.264,3.264
PEAR_WILLIAMS,RETAIL,NL-NH,7002.45,Monthly,2025-12-01,2025-12-31,KG,3.232,3.232
PEAR_WILLIAMS,RETAIL,NL-NH,5997.92,Monthly,2026-01-01,2026-01-31,KG,3.305,3.305
PEAR_WILLIAMS,RETAIL,NL-ZH,5643.95,Monthly,2023-02-01,2023-02-28,KG,3.34,3.34
PEAR_WILLIAMS,RETAIL,NL-ZH,5506.62,Monthly,2023-03-01,2023-03-31,KG,3.391,3.391
PEAR_WILLIAMS,RETAIL,NL-ZH,5261.71,Monthly,2023-04-01,2023-04-30,KG,3.318,3.318
PEAR_WILLIAMS,RETAIL,NL-ZH,5392.71,Monthly,2023-05-01,2023-05-31,KG,3.36,3.36
PEAR_WILLIAMS,RETAIL,NL-ZH,5903.66,Monthly,2023-06-01,2023-06-30,KG,3.33,3.33
PEAR_WILLIAMS,RETAIL,NL-ZH,6055.54,Monthly,2023-07-01,2023-07-31,KG,3.3,3.3
PEAR_WILLIAMS,RETAIL,NL-ZH,6959.9,Monthly,2023-08-01,2023-08-31,KG,2.701,2.701
PEAR_WILLIAMS,RETAIL,NL-ZH,8041.99,Monthly,2023-09-01,2023-09-30,KG,2.664,2.664
PEAR_WILLIAMS,RETAIL,NL-ZH,7593.55,Monthly,2023-10-01,2023-10-31,KG,2.715,2.715
PEAR_WILLIAMS,RETAIL,NL-ZH,6675.799999999999,Monthly,2023-11-01,2023-11-30,KG,3.353,3.353
PEAR_WILLIAMS,RETAIL,NL-ZH,6972.1900000000005,Monthly,2023-12-01,2023-12-31,KG,3.363,3.363
PEAR_WILLIAMS,RETAIL,NL-ZH,6800.45,Monthly,2024-01-01,2024-01-31,KG,3.398,3.398
PEAR_WILLIAMS,RETAIL,NL-ZH,5326.969999999999,Monthly,2024-02-01,2024-02-29,KG,3.347,3.347
PEAR_WILLIAMS,RETAIL,NL-ZH,5764.77,Monthly,2024-03-01,2024-03-31,KG,3.362,3.362
PEAR_WILLIAMS,RETAIL,NL-ZH,5026.21,Monthly,2024-04-01,2024-04-30,KG,3.346,3.346
PEAR_WILLIAMS,RETAIL,NL-ZH,5223.31,Monthly,2024-05-01,2024-05-31,KG,3.345,3.345
PEAR_WILLIAMS,RETAIL,NL-ZH,5227.79,Monthly,2024-06-01,2024-06-30,KG,3.349,3.349
PEAR_WILLIAMS,RETAIL,NL-ZH,5786.23,Monthly,2024-07-01,2024-07-31,KG,3.357,3.357
PEAR_WILLIAMS,RETAIL,NL-ZH,7703.280000000001,Monthly,2024-08-01,2024-08-31,KG,2.686,2.686
PEAR_WILLIAMS,RETAIL,NL-ZH,7326.2,Monthly,2024-09-01,2024-09-30,KG,2.677,2.677
PEAR_WILLIAMS,RETAIL,NL-ZH,8246.16,Monthly,2024-10-01,2024-10-31,KG,2.682,2.682
PEAR_WILLIAMS,RETAIL,NL-ZH,7331.8,Monthly,2024-11-01,2024-11-30,KG,3.297,3.297
PEAR_WILLIAMS,RETAIL,NL-ZH,7129.32,Monthly,2024-12-01,2024-12-31,KG,3.364,3.364
PEAR_WILLIAMS,RETAIL,NL-ZH,6169.78,Monthly,2025-01-01,2025-01-31,KG,3.357,3.357
PEAR_WILLIAMS,RETAIL,NL-ZH,5453.639999999999,Monthly,2025-02-01,2025-02-28,KG,3.374,3.374
PEAR_WILLIAMS,RETAIL,NL-ZH,6674.4,Monthly,2025-03-01,2025-03-31,KG,3.336,3.336
PEAR_WILLIAMS,RETAIL,NL-ZH,5968.31,Monthly,2025-04-01,2025-04-30,KG,3.361,3.361
PEAR_WILLIAMS,RETAIL,NL-ZH,5702.72,Monthly,2025-05-01,2025-05-31,KG,3.322,3.322
PEAR_WILLIAMS,RETAIL,NL-ZH,5599.95,Monthly,2025-06-01,2025-06-30,KG,3.356,3.356
PEAR_WILLIAMS,RETAIL,NL-ZH,6308.86,Monthly,2025-07-01,2025-07-31,KG,3.333,3.333
PEAR_WILLIAMS,RETAIL,NL-ZH,7612.67,Monthly,2025-08-01,2025-08-31,KG,2.729,2.729
PEAR_WILLIAMS,RETAIL,NL-ZH,7832.01,Monthly,2025-09-01,2025-09-30,KG,2.669,2.669
PEAR_WILLIAMS,RETAIL,NL-ZH,7776.54,Monthly,2025-10-01,2025-10-31,KG,2.697,2.697
PEAR_WILLIAMS,RETAIL,NL-ZH,7531.76,Monthly,2025-11-01,2025-11-30,KG,3.347,3.347
PEAR_WILLIAMS,RETAIL,NL-ZH,7457.610000000001,Monthly,2025-12-01,2025-12-31,KG,3.358,3.358
PEAR_WILLIAMS,RETAIL,NL-ZH,6514.16,Monthly,2026-01-01,2026-01-31,KG,3.334,3.334
PEAR_WILLIAMS,WHOLESALE,NL-GE,4365.13,Monthly,2023-02-01,2023-02-28,KG,3.088,3.088
PEAR_WILLIAMS,WHOLESALE,NL-GE,4245.9400000000005,Monthly,2023-03-01,2023-03-31,KG,3.044,3.044
PEAR_WILLIAMS,WHOLESALE,NL-GE,4012.9500000000003,Monthly,2023-04-01,2023-04-30,KG,3.046,3.046
PEAR_WILLIAMS,WHOLESALE,NL-GE,4190.28,Monthly,2023-05-01,2023-05-31,KG,3.079,3.079
PEAR_WILLIAMS,WHOLESALE,NL-GE,4621.71,Monthly,2023-06-01,2023-06-30,KG,3.037,3.037
PEAR_WILLIAMS,WHOLESALE,NL-GE,4715.63,Monthly,2023-07-01,2023-07-31,KG,3.057,3.057
PEAR_WILLIAMS,WHOLESALE,NL-GE,5505.1,Monthly,2023-08-01,2023-08-31,KG,2.483,2.483
PEAR_WILLIAMS,WHOLESALE,NL-GE,6356.65,Monthly,2023-09-01,2023-09-30,KG,2.451,2.451
PEAR_WILLIAMS,WHOLESALE,NL-GE,5759.89,Monthly,2023-10-01,2023-10-31,KG,2.442,2.442
PEAR_WILLIAMS,WHOLESALE,NL-GE,5486.1900000000005,Monthly,2023-11-01,2023-11-30,KG,3.032,3.032
PEAR_WILLIAMS,WHOLESALE,NL-GE,5217.07,Monthly,2023-12-01,2023-12-31,KG,3.075,3.075
PEAR_WILLIAMS,WHOLESALE,NL-GE,5102.4400000000005,Monthly,2024-01-01,2024-01-31,KG,3.063,3.063
PEAR_WILLIAMS,WHOLESALE,NL-GE,4359.82,Monthly,2024-02-01,2024-02-29,KG,3.056,3.056
PEAR_WILLIAMS,WHOLESALE,NL-GE,4591.9400000000005,Monthly,2024-03-01,2024-03-31,KG,3.056,3.056
PEAR_WILLIAMS,WHOLESALE,NL-GE,3923.31,Monthly,2024-04-01,2024-04-30,KG,3.064,3.064
PEAR_WILLIAMS,WHOLESALE,NL-GE,4147.299999999999,Monthly,2024-05-01,2024-05-31,KG,3.08,3.08
PEAR_WILLIAMS,WHOLESALE,NL-GE,4137.610000000001,Monthly,2024-06-01,2024-06-30,KG,3.059,3.059
PEAR_WILLIAMS,WHOLESALE,NL-GE,4976.13,Monthly,2024-07-01,2024-07-31,KG,3.059,3.059
PEAR_WILLIAMS,WHOLESALE,NL-GE,5497.48,Monthly,2024-08-01,2024-08-31,KG,2.429,2.429
PEAR_WILLIAMS,WHOLESALE,NL-GE,5828.59,Monthly,2024-09-01,2024-09-30,KG,2.436,2.436
PEAR_WILLIAMS,WHOLESALE,NL-GE,6295.38,Monthly,2024-10-01,2024-10-31,KG,2.474,2.474
PEAR_WILLIAMS,WHOLESALE,NL-GE,5630.09,Monthly,2024-11-01,2024-11-30,KG,3.034,3.034
PEAR_WILLIAMS,WHOLESALE,NL-GE,5397.64,Monthly,2024-12-01,2024-12-31,KG,3.057,3.057
PEAR_WILLIAMS,WHOLESALE,NL-GE,4937.7,Monthly,2025-01-01,2025-01-31,KG,3.061,3.061
PEAR_WILLIAMS,WHOLESALE,NL-GE,4334.889999999999,Monthly,2025-02-01,2025-02-28,KG,3.036,3.036
PEAR_WILLIAMS,WHOLESALE,NL-GE,5175.39,Monthly,2025-03-01,2025-03-31,KG,3.06,3.06
PEAR_WILLIAMS,WHOLESALE,NL-GE,4611.3099999999995,Monthly,2025-04-01,2025-04-30,KG,3.021,3.021
PEAR_WILLIAMS,WHOLESALE,NL-GE,4338.78,Monthly,2025-05-01,2025-05-31,KG,3.056,3.056
PEAR_WILLIAMS,WHOLESALE,NL-GE,4236.860000000001,Monthly,2025-06-01,2025-06-30,KG,3.083,3.083
PEAR_WILLIAMS,WHOLESALE,NL-GE,5112.3099999999995,Monthly,2025-07-01,2025-07-31,KG,3.042,3.042
PEAR_WILLIAMS,WHOLESALE,NL-GE,5859.8,Monthly,2025-08-01,2025-08-31,KG,2.429,2.429
PEAR_WILLIAMS,WHOLESALE,NL-GE,6091.93,Monthly,2025-09-01,2025-09-30,KG,2.444,2.444
PEAR_WILLIAMS,WHOLESALE,NL-GE,6065.74,Monthly,2025-10-01,2025-10-31,KG,2.445,2.445
PEAR_WILLIAMS,WHOLESALE,NL-GE,5696.360000000001,Monthly,2025-11-01,2025-11-30,KG,3.072,3.072
PEAR_WILLIAMS,WHOLESALE,NL-GE,6116.610000000001,Monthly,2025-12-01,2025-12-31,KG,3.041,3.041
PEAR_WILLIAMS,WHOLESALE,NL-GE,5006.23,Monthly,2026-01-01,2026-01-31,KG,3.038,3.038
PEAR_WILLIAMS,WHOLESALE,NL-NB,4441.99,Monthly,2023-02-01,2023-02-28,KG,3.141,3.141
PEAR_WILLIAMS,WHOLESALE,NL-NB,4090.25,Monthly,2023-03-01,2023-03-31,KG,3.189,3.189
PEAR_WILLIAMS,WHOLESALE,NL-NB,3958.69,Monthly,2023-04-01,2023-04-30,KG,3.143,3.143
PEAR_WILLIAMS,WHOLESALE,NL-NB,4290.7300000000005,Monthly,2023-05-01,2023-05-31,KG,3.171,3.171
PEAR_WILLIAMS,WHOLESALE,NL-NB,4621.46,Monthly,2023-06-01,2023-06-30,KG,3.138,3.138
PEAR_WILLIAMS,WHOLESALE,NL-NB,4863.22,Monthly,2023-07-01,2023-07-31,KG,3.15,3.15
PEAR_WILLIAMS,WHOLESALE,NL-NB,5730.66,Monthly,2023-08-01,2023-08-31,KG,2.547,2.547
PEAR_WILLIAMS,WHOLESALE,NL-NB,6352.18,Monthly,2023-09-01,2023-09-30,KG,2.53,2.53
PEAR_WILLIAMS,WHOLESALE,NL-NB,6229.82,Monthly,2023-10-01,2023-10-31,KG,2.52,2.52
PEAR_WILLIAMS,WHOLESALE,NL-NB,5874.74,Monthly,2023-11-01,2023-11-30,KG,3.143,3.143
PEAR_WILLIAMS,WHOLESALE,NL-NB,5434.62,Monthly,2023-12-01,2023-12-31,KG,3.144,3.144
PEAR_WILLIAMS,WHOLESALE,NL-NB,5376.37,Monthly,2024-01-01,2024-01-31,KG,3.116,3.116
PEAR_WILLIAMS,WHOLESALE,NL-NB,4466.32,Monthly,2024-02-01,2024-02-29,KG,3.168,3.168
PEAR_WILLIAMS,WHOLESALE,NL-NB,4658.95,Monthly,2024-03-01,2024-03-31,KG,3.185,3.185
PEAR_WILLIAMS,WHOLESALE,NL-NB,3941.1,Monthly,2024-04-01,2024-04-30,KG,3.17,3.17
PEAR_WILLIAMS,WHOLESALE,NL-NB,4027.1899999999996,Monthly,2024-05-01,2024-05-31,KG,3.134,3.134
PEAR_WILLIAMS,WHOLESALE,NL-NB,4219.389999999999,Monthly,2024-06-01,2024-06-30,KG,3.119,3.119
PEAR_WILLIAMS,WHOLESALE,NL-NB,5030.33,Monthly,2024-07-01,2024-07-31,KG,3.162,3.162
PEAR_WILLIAMS,WHOLESALE,NL-NB,6008.77,Monthly,2024-08-01,2024-08-31,KG,2.544,2.544
PEAR_WILLIAMS,WHOLESALE,NL-NB,6185.55,Monthly,2024-09-01,2024-09-30,KG,2.444,2.518
PEAR_WILLIAMS,WHOLESALE,NL-NB,6499.34,Monthly,2024-10-01,2024-10-31,KG,2.551,2.551
PEAR_WILLIAMS,WHOLESALE,NL-NB,5687.110000000001,Monthly,2024-11-01,2024-11-30,KG,3.174,3.174
PEAR_WILLIAMS,WHOLESALE,NL-NB,5796.4,Monthly,2024-12-01,2024-12-31,KG,3.156,3.156
PEAR_WILLIAMS,WHOLESALE,NL-NB,4964.88,Monthly,2025-01-01,2025-01-31,KG,3.135,3.135
PEAR_WILLIAMS,WHOLESALE,NL-NB,4600.33,Monthly,2025-02-01,2025-02-28,KG,3.137,3.137
PEAR_WILLIAMS,WHOLESALE,NL-NB,5310.37,Monthly,2025-03-01,2025-03-31,KG,3.131,3.131
PEAR_WILLIAMS,WHOLESALE,NL-NB,4585.719999999999,Monthly,2025-04-01,2025-04-30,KG,3.162,3.162
PEAR_WILLIAMS,WHOLESALE,NL-NB,4444.73,Monthly,2025-05-01,2025-05-31,KG,3.139,3.139
PEAR_WILLIAMS,WHOLESALE,NL-NB,4483.93,Monthly,2025-06-01,2025-06-30,KG,3.151,3.151
PEAR_WILLIAMS,WHOLESALE,NL-NB,5216.66,Monthly,2025-07-01,2025-07-31,KG,3.148,3.148
PEAR_WILLIAMS,WHOLESALE,NL-NB,6091.36,Monthly,2025-08-01,2025-08-31,KG,2.53,2.53
PEAR_WILLIAMS,WHOLESALE,NL-NB,6493.4400000000005,Monthly,2025-09-01,2025-09-30,KG,2.529,2.529
PEAR_WILLIAMS,WHOLESALE,NL-NB,6298.1,Monthly,2025-10-01,2025-10-31,KG,2.543,2.543
PEAR_WILLIAMS,WHOLESALE,NL-NB,6109.79,Monthly,2025-11-01,2025-11-30,KG,3.139,3.139
PEAR_WILLIAMS,WHOLESALE,NL-NB,6021.05,Monthly,2025-12-01,2025-12-31,KG,3.123,3.123
PEAR_WILLIAMS,WHOLESALE,NL-NB,5286.6,Monthly,2026-01-01,2026-01-31,KG,3.149,3.149
PEAR_WILLIAMS,WHOLESALE,NL-NH,4554.01,Monthly,2023-02-01,2023-02-28,KG,3.248,3.248
PEAR_WILLIAMS,WHOLESALE,NL-NH,4476.13,Monthly,2023-03-01,2023-03-31,KG,3.249,3.249
PEAR_WILLIAMS,WHOLESALE,NL-NH,4157.51,Monthly,2023-04-01,2023-04-30,KG,3.239,3.239
PEAR_WILLIAMS,WHOLESALE,NL-NH,4468.52,Monthly,2023-05-01,2023-05-31,KG,3.244,3.244
PEAR_WILLIAMS,WHOLESALE,NL-NH,4678.09,Monthly,2023-06-01,2023-06-30,KG,3.211,3.211
PEAR_WILLIAMS,WHOLESALE,NL-NH,5083.4,Monthly,2023-07-01,2023-07-31,KG,3.263,3.263
PEAR_WILLIAMS,WHOLESALE,NL-NH,6037.4400000000005,Monthly,2023-08-01,2023-08-31,KG,2.592,2.592
PEAR_WILLIAMS,WHOLESALE,NL-NH,6509.35,Monthly,2023-09-01,2023-09-30,KG,2.614,2.614
PEAR_WILLIAMS,WHOLESALE,NL-NH,6127.27,Monthly,2023-10-01,2023-10-31,KG,2.626,2.626
PEAR_WILLIAMS,WHOLESALE,NL-NH,5832.34,Monthly,2023-11-01,2023-11-30,KG,3.251,3.251
PEAR_WILLIAMS,WHOLESALE,NL-NH,5610.26,Monthly,2023-12-01,2023-12-31,KG,3.263,3.263
PEAR_WILLIAMS,WHOLESALE,NL-NH,5586.72,Monthly,2024-01-01,2024-01-31,KG,3.233,3.233
PEAR_WILLIAMS,WHOLESALE,NL-NH,4407.24,Monthly,2024-02-01,2024-02-29,KG,3.246,3.246
PEAR_WILLIAMS,WHOLESALE,NL-NH,4957.23,Monthly,2024-03-01,2024-03-31,KG,3.267,3.267
PEAR_WILLIAMS,WHOLESALE,NL-NH,4057.48,Monthly,2024-04-01,2024-04-30,KG,3.259,3.259
PEAR_WILLIAMS,WHOLESALE,NL-NH,4445.34,Monthly,2024-05-01,2024-05-31,KG,3.233,3.233
PEAR_WILLIAMS,WHOLESALE,NL-NH,4452.71,Monthly,2024-06-01,2024-06-30,KG,3.236,3.236
PEAR_WILLIAMS,WHOLESALE,NL-NH,5150.12,Monthly,2024-07-01,2024-07-31,KG,3.258,3.258
PEAR_WILLIAMS,WHOLESALE,NL-NH,6278.42,Monthly,2024-08-01,2024-08-31,KG,2.617,2.617
PEAR_WILLIAMS,WHOLESALE,NL-NH,6328.73,Monthly,2024-09-01,2024-09-30,KG,2.65,2.65
PEAR_WILLIAMS,WHOLESALE,NL-NH,6891.35,Monthly,2024-10-01,2024-10-31,KG,2.597,2.597
PEAR_WILLIAMS,WHOLESALE,NL-NH,5813.92,Monthly,2024-11-01,2024-11-30,KG,3.229,3.229
PEAR_WILLIAMS,WHOLESALE,NL-NH,5818.48,Monthly,2024-12-01,2024-12-31,KG,3.262,3.262
PEAR_WILLIAMS,WHOLESALE,NL-NH,5408.43,Monthly,2025-01-01,2025-01-31,KG,3.23,3.23
PEAR_WILLIAMS,WHOLESALE,NL-NH,4720.610000000001,Monthly,2025-02-01,2025-02-28,KG,3.268,3.268
PEAR_WILLIAMS,WHOLESALE,NL-NH,5329.43,Monthly,2025-03-01,2025-03-31,KG,3.242,3.242
PEAR_WILLIAMS,WHOLESALE,NL-NH,4839.7300000000005,Monthly,2025-04-01,2025-04-30,KG,3.239,3.239
PEAR_WILLIAMS,WHOLESALE,NL-NH,4785.3099999999995,Monthly,2025-05-01,2025-05-31,KG,3.27,3.27
PEAR_WILLIAMS,WHOLESALE,NL-NH,4614.93,Monthly,2025-06-01,2025-06-30,KG,3.243,3.243
PEAR_WILLIAMS,WHOLESALE,NL-NH,5286.78,Monthly,2025-07-01,2025-07-31,KG,3.254,3.254
PEAR_WILLIAMS,WHOLESALE,NL-NH,6343.17,Monthly,2025-08-01,2025-08-31,KG,2.615,2.615
PEAR_WILLIAMS,WHOLESALE,NL-NH,6318.14,Monthly,2025-09-01,2025-09-30,KG,2.622,2.622
PEAR_WILLIAMS,WHOLESALE,NL-NH,6248.55,Monthly,2025-10-01,2025-10-31,KG,2.592,2.592
PEAR_WILLIAMS,WHOLESALE,NL-NH,6117.53,Monthly,2025-11-01,2025-11-30,KG,3.243,3.243
PEAR_WILLIAMS,WHOLESALE,NL-NH,6188.65,Monthly,2025-12-01,2025-12-31,KG,3.233,3.233
PEAR_WILLIAMS,WHOLESALE,NL-NH,5276.09,Monthly,2026-01-01,2026-01-31,KG,3.238,3.238
PEAR_WILLIAMS,WHOLESALE,NL-ZH,4759.34,Monthly,2023-02-01,2023-02-28,KG,3.358,3.358
PEAR_WILLIAMS,WHOLESALE,NL-ZH,4578.64,Monthly,2023-03-01,2023-03-31,KG,3.323,3.323
PEAR_WILLIAMS,WHOLESALE,NL-ZH,4304.53,Monthly,2023-04-01,2023-04-30,KG,3.362,3.362
PEAR_WILLIAMS,WHOLESALE,NL-ZH,4640.77,Monthly,2023-05-01,2023-05-31,KG,3.351,3.351
PEAR_WILLIAMS,WHOLESALE,NL-ZH,5095.18,Monthly,2023-06-01,2023-06-30,KG,3.342,3.342
PEAR_WILLIAMS,WHOLESALE,NL-ZH,5148.860000000001,Monthly,2023-07-01,2023-07-31,KG,3.349,3.349
PEAR_WILLIAMS,WHOLESALE,NL-ZH,6026.94,Monthly,2023-08-01,2023-08-31,KG,2.689,2.689
PEAR_WILLIAMS,WHOLESALE,NL-ZH,6864.14,Monthly,2023-09-01,2023-09-30,KG,2.71,2.71
PEAR_WILLIAMS,WHOLESALE,NL-ZH,6511.530000000001,Monthly,2023-10-01,2023-10-31,KG,2.655,2.655
PEAR_WILLIAMS,WHOLESALE,NL-ZH,5793.24,Monthly,2023-11-01,2023-11-30,KG,3.319,3.319
PEAR_WILLIAMS,WHOLESALE,NL-ZH,6016.29,Monthly,2023-12-01,2023-12-31,KG,3.362,3.362
PEAR_WILLIAMS,WHOLESALE,NL-ZH,5736.85,Monthly,2024-01-01,2024-01-31,KG,3.348,3.348
PEAR_WILLIAMS,WHOLESALE,NL-ZH,4833.26,Monthly,2024-02-01,2024-02-29,KG,3.321,3.321
PEAR_WILLIAMS,WHOLESALE,NL-ZH,4893.58,Monthly,2024-03-01,2024-03-31,KG,3.338,3.338
PEAR_WILLIAMS,WHOLESALE,NL-ZH,4354.72,Monthly,2024-04-01,2024-04-30,KG,3.324,3.324
PEAR_WILLIAMS,WHOLESALE,NL-ZH,4356.25,Monthly,2024-05-01,2024-05-31,KG,3.332,3.332
PEAR_WILLIAMS,WHOLESALE,NL-ZH,4526.22,Monthly,2024-06-01,2024-06-30,KG,3.336,3.336
PEAR_WILLIAMS,WHOLESALE,NL-ZH,5131.34,Monthly,2024-07-01,2024-07-31,KG,3.323,3.323
PEAR_WILLIAMS,WHOLESALE,NL-ZH,6345.44,Monthly,2024-08-01,2024-08-31,KG,2.698,2.698
PEAR_WILLIAMS,WHOLESALE,NL-ZH,6317.3099999999995,Monthly,2024-09-01,2024-09-30,KG,2.693,2.693
PEAR_WILLIAMS,WHOLESALE,NL-ZH,7054.97,Monthly,2024-10-01,2024-10-31,KG,2.705,2.705
PEAR_WILLIAMS,WHOLESALE,NL-ZH,6253.87,Monthly,2024-11-01,2024-11-30,KG,3.366,3.366
PEAR_WILLIAMS,WHOLESALE,NL-ZH,6112.65,Monthly,2024-12-01,2024-12-31,KG,3.341,3.341
PEAR_WILLIAMS,WHOLESALE,NL-ZH,5683.29,Monthly,2025-01-01,2025-01-31,KG,3.328,3.328
PEAR_WILLIAMS,WHOLESALE,NL-ZH,4830.27,Monthly,2025-02-01,2025-02-28,KG,3.362,3.362
PEAR_WILLIAMS,WHOLESALE,NL-ZH,5588.92,Monthly,2025-03-01,2025-03-31,KG,3.356,3.356
PEAR_WILLIAMS,WHOLESALE,NL-ZH,4993.33,Monthly,2025-04-01,2025-04-30,KG,3.352,3.352
PEAR_WILLIAMS,WHOLESALE,NL-ZH,4763.530000000001,Monthly,2025-05-01,2025-05-31,KG,3.39,3.39
PEAR_WILLIAMS,WHOLESALE,NL-ZH,4741.29,Monthly,2025-06-01,2025-06-30,KG,3.364,3.364
PEAR_WILLIAMS,WHOLESALE,NL-ZH,5568.49,Monthly,2025-07-01,2025-07-31,KG,3.319,3.319
PEAR_WILLIAMS,WHOLESALE,NL-ZH,6503.91,Monthly,2025-08-01,2025-08-31,KG,2.71,2.71
PEAR_WILLIAMS,WHOLESALE,NL-ZH,6649.49,Monthly,2025-09-01,2025-09-30,KG,2.69,2.69
PEAR_WILLIAMS,WHOLESALE,NL-ZH,6557.21,Monthly,2025-10-01,2025-10-31,KG,2.68,2.68
PEAR_WILLIAMS,WHOLESALE,NL-ZH,6526.16,Monthly,2025-11-01,2025-11-30,KG,3.327,3.327
PEAR_WILLIAMS,WHOLESALE,NL-ZH,6587.71,Monthly,2025-12-01,2025-12-31,KG,3.363,3.363
PEAR_WILLIAMS,WHOLESALE,NL-ZH,5573.0,Monthly,2026-01-01,2026-01-31,KG,3.327,3.327
