ProductID,ChannelID,LocationID,Qty,Period,StartDate,EndDate,UOM,NetPrice,ListPrice
APPLE_FAMILY,ONLINE,NL-GE,2260.93,Weekly,2023-01-30,2023-02-05,KG,2.598,2.598
APPLE_FAMILY,ONLINE,NL-GE,4351.01,Weekly,2023-02-06,2023-02-12,KG,2.605,2.605
APPLE_FAMILY,ONLINE,NL-GE,4177.98,Weekly,2023-02-13,2023-02-19,KG,2.577,2.577
APPLE_FAMILY,ONLINE,NL-GE,4002.65,Weekly,2023-02-20,2023-02-26,KG,2.62,2.62
APPLE_FAMILY,ONLINE,NL-GE,4284.93,Weekly,2023-02-27,2023-03-05,KG,2.625,2.625
APPLE_FAMILY,ONLINE,NL-GE,3331.83,Weekly,2023-03-06,2023-03-12,KG,2.588,2.588
APPLE_FAMILY,ONLINE,NL-GE,4129.83,Weekly,2023-03-13,2023-03-19,KG,2.599,2.599
APPLE_FAMILY,ONLINE,NL-GE,3442.1000000000004,Weekly,2023-03-20,2023-03-26,KG,2.593,2.593
APPLE_FAMILY,ONLINE,NL-GE,3474.2799999999997,Weekly,2023-03-27,2023-04-02,KG,2.591,2.591
APPLE_FAMILY,ONLINE,NL-GE,3790.71,Weekly,2023-04-03,2023-04-09,KG,2.61,2.61
APPLE_FAMILY,ONLINE,NL-GE,3442.46,Weekly,2023-04-10,2023-04-16,KG,2.612,2.612
APPLE_FAMILY,ONLINE,NL-GE,3519.22,Weekly,2023-04-17,2023-04-23,KG,2.59,2.59
APPLE_FAMILY,ONLINE,NL-GE,3490.65,Weekly,2023-04-24,2023-04-30,KG,2.606,2.606
APPLE_FAMILY,ONLINE,NL-GE,3489.77,Weekly,2023-05-01,2023-05-07,KG,2.575,2.575
APPLE_FAMILY,ONLINE,NL-GE,3092.31,Weekly,2023-05-08,2023-05-14,KG,2.565,2.565
APPLE_FAMILY,ONLINE,NL-GE,3828.45,Weekly,2023-05-15,2023-05-21,KG,2.582,2.582
APPLE_FAMILY,ONLINE,NL-GE,3617.84,Weekly,2023-05-22,2023-05-28,KG,2.59,2.59
APPLE_FAMILY,ONLINE,NL-GE,3687.8,Weekly,2023-05-29,2023-06-04,KG,2.599,2.599
APPLE_FAMILY,ONLINE,NL-GE,3434.13,Weekly,2023-06-05,2023-06-11,KG,2.619,2.619
APPLE_FAMILY,ONLINE,NL-GE,3507.58,Weekly,2023-06-12,2023-06-18,KG,2.609,2.609
APPLE_FAMILY,ONLINE,NL-GE,3198.09,Weekly,2023-06-19,2023-06-25,KG,2.582,2.582
APPLE_FAMILY,ONLINE,NL-GE,3105.9700000000003,Weekly,2023-06-26,2023-07-02,KG,2.625,2.625
APPLE_FAMILY,ONLINE,NL-GE,3213.56,Weekly,2023-07-03,2023-07-09,KG,2.602,2.602
APPLE_FAMILY,ONLINE,NL-GE,3432.4,Weekly,2023-07-10,2023-07-16,KG,2.594,2.594
APPLE_FAMILY,ONLINE,NL-GE,3105.29,Weekly,2023-07-17,2023-07-23,KG,2.561,2.561
APPLE_FAMILY,ONLINE,NL-GE,2733.87,Weekly,2023-07-24,2023-07-30,KG,2.596,2.596
APPLE_FAMILY,ONLINE,NL-GE,2507.93,Weekly,2023-07-31,2023-08-06,KG,2.24,2.24
APPLE_FAMILY,ONLINE,NL-GE,3401.83,Weekly,2023-08-07,2023-08-13,KG,2.261,2.261
APPLE_FAMILY,ONLINE,NL-GE,3543.2200000000003,Weekly,2023-08-14,2023-08-20,KG,2.191,2.191
APPLE_FAMILY,ONLINE,NL-GE,3401.67,Weekly,2023-08-21,2023-08-27,KG,2.201,2.201
APPLE_FAMILY,ONLINE,NL-GE,3728.6,Weekly,2023-08-28,2023-09-03,KG,2.18,2.18
APPLE_FAMILY,ONLINE,NL-GE,4075.5,Weekly,2023-09-04,2023-09-10,KG,2.102,2.102
APPLE_FAMILY,ONLINE,NL-GE,3755.18,Weekly,2023-09-11,2023-09-17,KG,2.097,2.097
APPLE_FAMILY,ONLINE,NL-GE,3688.31,Weekly,2023-09-18,2023-09-24,KG,2.115,2.115
APPLE_FAMILY,ONLINE,NL-GE,4316.64,Weekly,2023-09-25,2023-10-01,KG,2.081,2.081
APPLE_FAMILY,ONLINE,NL-GE,4098.21,Weekly,2023-10-02,2023-10-08,KG,2.114,2.114
APPLE_FAMILY,ONLINE,NL-GE,3569.21,Weekly,2023-10-09,2023-10-15,KG,2.11,2.11
APPLE_FAMILY,ONLINE,NL-GE,3915.23,Weekly,2023-10-16,2023-10-22,KG,2.089,2.089
APPLE_FAMILY,ONLINE,NL-GE,3388.7000000000003,Weekly,2023-10-23,2023-10-29,KG,2.114,2.114
APPLE_FAMILY,ONLINE,NL-GE,3830.79,Weekly,2023-10-30,2023-11-05,KG,2.131,2.131
APPLE_FAMILY,ONLINE,NL-GE,3857.66,Weekly,2023-11-06,2023-11-12,KG,2.09,2.09
APPLE_FAMILY,ONLINE,NL-GE,3868.54,Weekly,2023-11-13,2023-11-19,KG,2.093,2.093
APPLE_FAMILY,ONLINE,NL-GE,4048.19,Weekly,2023-11-20,2023-11-26,KG,2.102,2.102
APPLE_FAMILY,ONLINE,NL-GE,3670.01,Weekly,2023-11-27,2023-12-03,KG,2.31,2.31
APPLE_FAMILY,ONLINE,NL-GE,3737.6800000000003,Weekly,2023-12-04,2023-12-10,KG,2.599,2.599
APPLE_FAMILY,ONLINE,NL-GE,4294.36,Weekly,2023-12-11,2023-12-17,KG,2.598,2.598
APPLE_FAMILY,ONLINE,NL-GE,3598.98,Weekly,2023-12-18,2023-12-24,KG,2.592,2.592
APPLE_FAMILY,ONLINE,NL-GE,3661.19,Weekly,2023-12-25,2023-12-31,KG,2.567,2.567
APPLE_FAMILY,ONLINE,NL-GE,3807.37,Weekly,2024-01-01,2024-01-07,KG,2.564,2.564
APPLE_FAMILY,ONLINE,NL-GE,4080.85,Weekly,2024-01-08,2024-01-14,KG,2.628,2.628
APPLE_FAMILY,ONLINE,NL-GE,4247.01,Weekly,2024-01-15,2024-01-21,KG,2.597,2.597
APPLE_FAMILY,ONLINE,NL-GE,4119.45,Weekly,2024-01-22,2024-01-28,KG,2.629,2.629
APPLE_FAMILY,ONLINE,NL-GE,4287.35,Weekly,2024-01-29,2024-02-04,KG,2.599,2.599
APPLE_FAMILY,ONLINE,NL-GE,3643.55,Weekly,2024-02-05,2024-02-11,KG,2.624,2.624
APPLE_FAMILY,ONLINE,NL-GE,4102.1900000000005,Weekly,2024-02-12,2024-02-18,KG,2.577,2.577
APPLE_FAMILY,ONLINE,NL-GE,3906.85,Weekly,2024-02-19,2024-02-25,KG,2.587,2.587
APPLE_FAMILY,ONLINE,NL-GE,4036.86,Weekly,2024-02-26,2024-03-03,KG,2.627,2.627
APPLE_FAMILY,ONLINE,NL-GE,4486.6,Weekly,2024-03-04,2024-03-10,KG,2.612,2.612
APPLE_FAMILY,ONLINE,NL-GE,4098.99,Weekly,2024-03-11,2024-03-17,KG,2.571,2.571
APPLE_FAMILY,ONLINE,NL-GE,3896.0,Weekly,2024-03-18,2024-03-24,KG,2.577,2.577
APPLE_FAMILY,ONLINE,NL-GE,3948.4500000000003,Weekly,2024-03-25,2024-03-31,KG,2.606,2.606
APPLE_FAMILY,ONLINE,NL-GE,3698.91,Weekly,2024-04-01,2024-04-07,KG,2.571,2.571
APPLE_FAMILY,ONLINE,NL-GE,4069.48,Weekly,2024-04-08,2024-04-14,KG,2.579,2.579
APPLE_FAMILY,ONLINE,NL-GE,2973.23,Weekly,2024-04-15,2024-04-21,KG,2.593,2.593
APPLE_FAMILY,ONLINE,NL-GE,3392.29,Weekly,2024-04-22,2024-04-28,KG,2.599,2.599
APPLE_FAMILY,ONLINE,NL-GE,3698.7799999999997,Weekly,2024-04-29,2024-05-05,KG,2.594,2.594
APPLE_FAMILY,ONLINE,NL-GE,3789.31,Weekly,2024-05-06,2024-05-12,KG,2.579,2.579
APPLE_FAMILY,ONLINE,NL-GE,3502.83,Weekly,2024-05-13,2024-05-19,KG,2.574,2.574
APPLE_FAMILY,ONLINE,NL-GE,3017.1,Weekly,2024-05-20,2024-05-26,KG,2.634,2.634
APPLE_FAMILY,ONLINE,NL-GE,2948.13,Weekly,2024-05-27,2024-06-02,KG,2.547,2.547
APPLE_FAMILY,ONLINE,NL-GE,3407.31,Weekly,2024-06-03,2024-06-09,KG,2.607,2.607
APPLE_FAMILY,ONLINE,NL-GE,2803.0899999999997,Weekly,2024-06-10,2024-06-16,KG,2.586,2.586
APPLE_FAMILY,ONLINE,NL-GE,2939.94,Weekly,2024-06-17,2024-06-23,KG,2.589,2.589
APPLE_FAMILY,ONLINE,NL-GE,3222.09,Weekly,2024-06-24,2024-06-30,KG,2.597,2.597
APPLE_FAMILY,ONLINE,NL-GE,2896.58,Weekly,2024-07-01,2024-07-07,KG,2.59,2.59
APPLE_FAMILY,ONLINE,NL-GE,2949.9,Weekly,2024-07-08,2024-07-14,KG,2.59,2.59
APPLE_FAMILY,ONLINE,NL-GE,3158.5699999999997,Weekly,2024-07-15,2024-07-21,KG,2.647,2.647
APPLE_FAMILY,ONLINE,NL-GE,3201.01,Weekly,2024-07-22,2024-07-28,KG,2.559,2.559
APPLE_FAMILY,ONLINE,NL-GE,3283.9,Weekly,2024-07-29,2024-08-04,KG,2.379,2.379
APPLE_FAMILY,ONLINE,NL-GE,3430.91,Weekly,2024-08-05,2024-08-11,KG,2.22,2.22
APPLE_FAMILY,ONLINE,NL-GE,3227.35,Weekly,2024-08-12,2024-08-18,KG,2.189,2.189
APPLE_FAMILY,ONLINE,NL-GE,3400.88,Weekly,2024-08-19,2024-08-25,KG,2.196,2.196
APPLE_FAMILY,ONLINE,NL-GE,3756.61,Weekly,2024-08-26,2024-09-01,KG,2.185,2.185
APPLE_FAMILY,ONLINE,NL-GE,3738.4300000000003,Weekly,2024-09-02,2024-09-08,KG,2.104,2.104
APPLE_FAMILY,ONLINE,NL-GE,3335.1,Weekly,2024-09-09,2024-09-15,KG,2.097,2.097
APPLE_FAMILY,ONLINE,NL-GE,4338.63,Weekly,2024-09-16,2024-09-22,KG,2.12,2.12
APPLE_FAMILY,ONLINE,NL-GE,3545.67,Weekly,2024-09-23,2024-09-29,KG,2.117,2.117
APPLE_FAMILY,ONLINE,NL-GE,3659.4900000000002,Weekly,2024-09-30,2024-10-06,KG,2.125,2.125
APPLE_FAMILY,ONLINE,NL-GE,3677.92,Weekly,2024-10-07,2024-10-13,KG,2.145,2.145
APPLE_FAMILY,ONLINE,NL-GE,4157.07,Weekly,2024-10-14,2024-10-20,KG,2.123,2.123
APPLE_FAMILY,ONLINE,NL-GE,4204.05,Weekly,2024-10-21,2024-10-27,KG,2.1,2.1
APPLE_FAMILY,ONLINE,NL-GE,4249.86,Weekly,2024-10-28,2024-11-03,KG,2.094,2.094
APPLE_FAMILY,ONLINE,NL-GE,4038.3,Weekly,2024-11-04,2024-11-10,KG,2.077,2.077
APPLE_FAMILY,ONLINE,NL-GE,4125.66,Weekly,2024-11-11,2024-11-17,KG,2.114,2.114
APPLE_FAMILY,ONLINE,NL-GE,3572.4,Weekly,2024-11-18,2024-11-24,KG,2.12,2.12
APPLE_FAMILY,ONLINE,NL-GE,4180.61,Weekly,2024-11-25,2024-12-01,KG,2.181,2.181
APPLE_FAMILY,ONLINE,NL-GE,4146.94,Weekly,2024-12-02,2024-12-08,KG,2.606,2.606
APPLE_FAMILY,ONLINE,NL-GE,4250.96,Weekly,2024-12-09,2024-12-15,KG,2.565,2.565
APPLE_FAMILY,ONLINE,NL-GE,4124.34,Weekly,2024-12-16,2024-12-22,KG,2.603,2.603
APPLE_FAMILY,ONLINE,NL-GE,4144.61,Weekly,2024-12-23,2024-12-29,KG,2.582,2.582
APPLE_FAMILY,ONLINE,NL-GE,3905.1,Weekly,2024-12-30,2025-01-05,KG,2.572,2.572
APPLE_FAMILY,ONLINE,NL-GE,4093.95,Weekly,2025-01-06,2025-01-12,KG,2.588,2.588
APPLE_FAMILY,ONLINE,NL-GE,4351.53,Weekly,2025-01-13,2025-01-19,KG,2.559,2.559
APPLE_FAMILY,ONLINE,NL-GE,3819.55,Weekly,2025-01-20,2025-01-26,KG,2.573,2.573
APPLE_FAMILY,ONLINE,NL-GE,4228.86,Weekly,2025-01-27,2025-02-02,KG,2.565,2.565
APPLE_FAMILY,ONLINE,NL-GE,4194.05,Weekly,2025-02-03,2025-02-09,KG,2.594,2.594
APPLE_FAMILY,ONLINE,NL-GE,3992.64,Weekly,2025-02-10,2025-02-16,KG,2.573,2.573
APPLE_FAMILY,ONLINE,NL-GE,4627.34,Weekly,2025-02-17,2025-02-23,KG,2.608,2.608
APPLE_FAMILY,ONLINE,NL-GE,3986.2200000000003,Weekly,2025-02-24,2025-03-02,KG,2.563,2.563
APPLE_FAMILY,ONLINE,NL-GE,4736.21,Weekly,2025-03-03,2025-03-09,KG,2.568,2.568
APPLE_FAMILY,ONLINE,NL-GE,4370.8,Weekly,2025-03-10,2025-03-16,KG,2.623,2.623
APPLE_FAMILY,ONLINE,NL-GE,4700.91,Weekly,2025-03-17,2025-03-23,KG,2.589,2.589
APPLE_FAMILY,ONLINE,NL-GE,4443.42,Weekly,2025-03-24,2025-03-30,KG,2.591,2.591
APPLE_FAMILY,ONLINE,NL-GE,4527.58,Weekly,2025-03-31,2025-04-06,KG,2.587,2.587
APPLE_FAMILY,ONLINE,NL-GE,4421.33,Weekly,2025-04-07,2025-04-13,KG,2.585,2.585
APPLE_FAMILY,ONLINE,NL-GE,3625.34,Weekly,2025-04-14,2025-04-20,KG,2.595,2.595
APPLE_FAMILY,ONLINE,NL-GE,3471.65,Weekly,2025-04-21,2025-04-27,KG,2.607,2.607
APPLE_FAMILY,ONLINE,NL-GE,4219.56,Weekly,2025-04-28,2025-05-04,KG,2.611,2.611
APPLE_FAMILY,ONLINE,NL-GE,3881.63,Weekly,2025-05-05,2025-05-11,KG,2.636,2.636
APPLE_FAMILY,ONLINE,NL-GE,3911.54,Weekly,2025-05-12,2025-05-18,KG,2.582,2.582
APPLE_FAMILY,ONLINE,NL-GE,3504.29,Weekly,2025-05-19,2025-05-25,KG,2.626,2.626
APPLE_FAMILY,ONLINE,NL-GE,3087.56,Weekly,2025-05-26,2025-06-01,KG,2.606,2.606
APPLE_FAMILY,ONLINE,NL-GE,2814.35,Weekly,2025-06-02,2025-06-08,KG,2.626,2.626
APPLE_FAMILY,ONLINE,NL-GE,3386.5,Weekly,2025-06-09,2025-06-15,KG,2.584,2.584
APPLE_FAMILY,ONLINE,NL-GE,3408.07,Weekly,2025-06-16,2025-06-22,KG,2.611,2.611
APPLE_FAMILY,ONLINE,NL-GE,3152.2400000000002,Weekly,2025-06-23,2025-06-29,KG,2.583,2.583
APPLE_FAMILY,ONLINE,NL-GE,3223.54,Weekly,2025-06-30,2025-07-06,KG,2.583,2.583
APPLE_FAMILY,ONLINE,NL-GE,3265.94,Weekly,2025-07-07,2025-07-13,KG,2.576,2.576
APPLE_FAMILY,ONLINE,NL-GE,3281.09,Weekly,2025-07-14,2025-07-20,KG,2.574,2.574
APPLE_FAMILY,ONLINE,NL-GE,3293.3,Weekly,2025-07-21,2025-07-27,KG,2.577,2.577
APPLE_FAMILY,ONLINE,NL-GE,3034.06,Weekly,2025-07-28,2025-08-03,KG,2.473,2.473
APPLE_FAMILY,ONLINE,NL-GE,3432.31,Weekly,2025-08-04,2025-08-10,KG,2.215,2.215
APPLE_FAMILY,ONLINE,NL-GE,3475.5499999999997,Weekly,2025-08-11,2025-08-17,KG,2.194,2.194
APPLE_FAMILY,ONLINE,NL-GE,3774.17,Weekly,2025-08-18,2025-08-24,KG,2.195,2.195
APPLE_FAMILY,ONLINE,NL-GE,3771.23,Weekly,2025-08-25,2025-08-31,KG,2.194,2.194
APPLE_FAMILY,ONLINE,NL-GE,3623.9700000000003,Weekly,2025-09-01,2025-09-07,KG,2.11,2.11
APPLE_FAMILY,ONLINE,NL-GE,3376.53,Weekly,2025-09-08,2025-09-14,KG,2.115,2.115
APPLE_FAMILY,ONLINE,NL-GE,3546.0299999999997,Weekly,2025-09-15,2025-09-21,KG,2.113,2.113
APPLE_FAMILY,ONLINE,NL-GE,4108.86,Weekly,2025-09-22,2025-09-28,KG,2.124,2.124
APPLE_FAMILY,ONLINE,NL-GE,3759.13,Weekly,2025-09-29,2025-10-05,KG,2.106,2.106
APPLE_FAMILY,ONLINE,NL-GE,3901.57,Weekly,2025-10-06,2025-10-12,KG,2.096,2.096
APPLE_FAMILY,ONLINE,NL-GE,4213.53,Weekly,2025-10-13,2025-10-19,KG,2.104,2.104
APPLE_FAMILY,ONLINE,NL-GE,3732.17,Weekly,2025-10-20,2025-10-26,KG,2.137,2.137
APPLE_FAMILY,ONLINE,NL-GE,3623.4,Weekly,2025-10-27,2025-11-02,KG,2.096,2.096
APPLE_FAMILY,ONLINE,NL-GE,4576.27,Weekly,2025-11-03,2025-11-09,KG,2.096,2.096
APPLE_FAMILY,ONLINE,NL-GE,4012.63,Weekly,2025-11-10,2025-11-16,KG,2.116,2.116
APPLE_FAMILY,ONLINE,NL-GE,4084.09,Weekly,2025-11-17,2025-11-23,KG,2.132,2.132
APPLE_FAMILY,ONLINE,NL-GE,4049.61,Weekly,2025-11-24,2025-11-30,KG,2.114,2.114
APPLE_FAMILY,ONLINE,NL-GE,3996.17,Weekly,2025-12-01,2025-12-07,KG,2.582,2.582
APPLE_FAMILY,ONLINE,NL-GE,4447.35,Weekly,2025-12-08,2025-12-14,KG,2.585,2.585
APPLE_FAMILY,ONLINE,NL-GE,4646.47,Weekly,2025-12-15,2025-12-21,KG,2.603,2.603
APPLE_FAMILY,ONLINE,NL-GE,4375.44,Weekly,2025-12-22,2025-12-28,KG,2.586,2.586
APPLE_FAMILY,ONLINE,NL-GE,3964.97,Weekly,2025-12-29,2026-01-04,KG,2.548,2.548
APPLE_FAMILY,ONLINE,NL-GE,3545.87,Weekly,2026-01-05,2026-01-11,KG,2.588,2.588
APPLE_FAMILY,ONLINE,NL-GE,4531.21,Weekly,2026-01-12,2026-01-18,KG,2.571,2.571
APPLE_FAMILY,ONLINE,NL-GE,4601.7300000000005,Weekly,2026-01-19,2026-01-25,KG,2.584,2.584
APPLE_FAMILY,ONLINE,NL-GE,3999.46,Weekly,2026-01-26,2026-02-01,KG,2.579,2.579
APPLE_FAMILY,ONLINE,NL-NB,2360.21,Weekly,2023-01-30,2023-02-05,KG,2.681,2.681
APPLE_FAMILY,ONLINE,NL-NB,4459.17,Weekly,2023-02-06,2023-02-12,KG,2.636,2.636
APPLE_FAMILY,ONLINE,NL-NB,4529.64,Weekly,2023-02-13,2023-02-19,KG,2.69,2.69
APPLE_FAMILY,ONLINE,NL-NB,4088.24,Weekly,2023-02-20,2023-02-26,KG,2.709,2.709
APPLE_FAMILY,ONLINE,NL-NB,4140.61,Weekly,2023-02-27,2023-03-05,KG,2.685,2.685
APPLE_FAMILY,ONLINE,NL-NB,3528.4,Weekly,2023-03-06,2023-03-12,KG,2.694,2.694
APPLE_FAMILY,ONLINE,NL-NB,4500.57,Weekly,2023-03-13,2023-03-19,KG,2.689,2.689
APPLE_FAMILY,ONLINE,NL-NB,3510.34,Weekly,2023-03-20,2023-03-26,KG,2.699,2.699
APPLE_FAMILY,ONLINE,NL-NB,3406.16,Weekly,2023-03-27,2023-04-02,KG,2.67,2.67
APPLE_FAMILY,ONLINE,NL-NB,3918.33,Weekly,2023-04-03,2023-04-09,KG,2.704,2.704
APPLE_FAMILY,ONLINE,NL-NB,3613.2,Weekly,2023-04-10,2023-04-16,KG,2.664,2.664
APPLE_FAMILY,ONLINE,NL-NB,3756.04,Weekly,2023-04-17,2023-04-23,KG,2.681,2.681
APPLE_FAMILY,ONLINE,NL-NB,3529.27,Weekly,2023-04-24,2023-04-30,KG,2.679,2.679
APPLE_FAMILY,ONLINE,NL-NB,3703.1800000000003,Weekly,2023-05-01,2023-05-07,KG,2.659,2.659
APPLE_FAMILY,ONLINE,NL-NB,3235.35,Weekly,2023-05-08,2023-05-14,KG,2.659,2.659
APPLE_FAMILY,ONLINE,NL-NB,3707.85,Weekly,2023-05-15,2023-05-21,KG,2.652,2.652
APPLE_FAMILY,ONLINE,NL-NB,3712.52,Weekly,2023-05-22,2023-05-28,KG,2.652,2.652
APPLE_FAMILY,ONLINE,NL-NB,3564.52,Weekly,2023-05-29,2023-06-04,KG,2.651,2.651
APPLE_FAMILY,ONLINE,NL-NB,3622.86,Weekly,2023-06-05,2023-06-11,KG,2.672,2.672
APPLE_FAMILY,ONLINE,NL-NB,3448.25,Weekly,2023-06-12,2023-06-18,KG,2.671,2.671
APPLE_FAMILY,ONLINE,NL-NB,3240.14,Weekly,2023-06-19,2023-06-25,KG,2.67,2.67
APPLE_FAMILY,ONLINE,NL-NB,3173.79,Weekly,2023-06-26,2023-07-02,KG,2.662,2.662
APPLE_FAMILY,ONLINE,NL-NB,3331.17,Weekly,2023-07-03,2023-07-09,KG,2.678,2.678
APPLE_FAMILY,ONLINE,NL-NB,3435.89,Weekly,2023-07-10,2023-07-16,KG,2.692,2.692
APPLE_FAMILY,ONLINE,NL-NB,3218.24,Weekly,2023-07-17,2023-07-23,KG,2.688,2.688
APPLE_FAMILY,ONLINE,NL-NB,2865.88,Weekly,2023-07-24,2023-07-30,KG,2.683,2.683
APPLE_FAMILY,ONLINE,NL-NB,2581.85,Weekly,2023-07-31,2023-08-06,KG,2.374,2.374
APPLE_FAMILY,ONLINE,NL-NB,3383.2200000000003,Weekly,2023-08-07,2023-08-13,KG,2.29,2.29
APPLE_FAMILY,ONLINE,NL-NB,3831.29,Weekly,2023-08-14,2023-08-20,KG,2.263,2.263
APPLE_FAMILY,ONLINE,NL-NB,3668.76,Weekly,2023-08-21,2023-08-27,KG,2.282,2.282
APPLE_FAMILY,ONLINE,NL-NB,3624.19,Weekly,2023-08-28,2023-09-03,KG,2.246,2.246
APPLE_FAMILY,ONLINE,NL-NB,4066.42,Weekly,2023-09-04,2023-09-10,KG,2.154,2.154
APPLE_FAMILY,ONLINE,NL-NB,3956.33,Weekly,2023-09-11,2023-09-17,KG,2.162,2.162
APPLE_FAMILY,ONLINE,NL-NB,3955.4,Weekly,2023-09-18,2023-09-24,KG,2.179,2.179
APPLE_FAMILY,ONLINE,NL-NB,4357.93,Weekly,2023-09-25,2023-10-01,KG,2.159,2.159
APPLE_FAMILY,ONLINE,NL-NB,4397.93,Weekly,2023-10-02,2023-10-08,KG,2.174,2.174
APPLE_FAMILY,ONLINE,NL-NB,4166.6,Weekly,2023-10-09,2023-10-15,KG,2.161,2.161
APPLE_FAMILY,ONLINE,NL-NB,3903.16,Weekly,2023-10-16,2023-10-22,KG,2.209,2.209
APPLE_FAMILY,ONLINE,NL-NB,3572.42,Weekly,2023-10-23,2023-10-29,KG,2.202,2.202
APPLE_FAMILY,ONLINE,NL-NB,3859.18,Weekly,2023-10-30,2023-11-05,KG,2.195,2.195
APPLE_FAMILY,ONLINE,NL-NB,4127.81,Weekly,2023-11-06,2023-11-12,KG,2.197,2.197
APPLE_FAMILY,ONLINE,NL-NB,3826.9300000000003,Weekly,2023-11-13,2023-11-19,KG,2.173,2.173
APPLE_FAMILY,ONLINE,NL-NB,4203.31,Weekly,2023-11-20,2023-11-26,KG,2.161,2.161
APPLE_FAMILY,ONLINE,NL-NB,4012.2200000000003,Weekly,2023-11-27,2023-12-03,KG,2.388,2.388
APPLE_FAMILY,ONLINE,NL-NB,4006.95,Weekly,2023-12-04,2023-12-10,KG,2.682,2.682
APPLE_FAMILY,ONLINE,NL-NB,4333.79,Weekly,2023-12-11,2023-12-17,KG,2.655,2.655
APPLE_FAMILY,ONLINE,NL-NB,3737.04,Weekly,2023-12-18,2023-12-24,KG,2.674,2.674
APPLE_FAMILY,ONLINE,NL-NB,4411.65,Weekly,2023-12-25,2023-12-31,KG,2.677,2.677
APPLE_FAMILY,ONLINE,NL-NB,3981.24,Weekly,2024-01-01,2024-01-07,KG,2.678,2.678
APPLE_FAMILY,ONLINE,NL-NB,4295.95,Weekly,2024-01-08,2024-01-14,KG,2.676,2.676
APPLE_FAMILY,ONLINE,NL-NB,4340.92,Weekly,2024-01-15,2024-01-21,KG,2.69,2.69
APPLE_FAMILY,ONLINE,NL-NB,4526.48,Weekly,2024-01-22,2024-01-28,KG,2.716,2.716
APPLE_FAMILY,ONLINE,NL-NB,4528.54,Weekly,2024-01-29,2024-02-04,KG,2.643,2.643
APPLE_FAMILY,ONLINE,NL-NB,4050.99,Weekly,2024-02-05,2024-02-11,KG,2.673,2.673
APPLE_FAMILY,ONLINE,NL-NB,4258.7300000000005,Weekly,2024-02-12,2024-02-18,KG,2.672,2.672
APPLE_FAMILY,ONLINE,NL-NB,4049.8,Weekly,2024-02-19,2024-02-25,KG,2.693,2.693
APPLE_FAMILY,ONLINE,NL-NB,4238.6,Weekly,2024-02-26,2024-03-03,KG,2.67,2.67
APPLE_FAMILY,ONLINE,NL-NB,4538.87,Weekly,2024-03-04,2024-03-10,KG,2.66,2.66
APPLE_FAMILY,ONLINE,NL-NB,3984.81,Weekly,2024-03-11,2024-03-17,KG,2.685,2.685
APPLE_FAMILY,ONLINE,NL-NB,4057.04,Weekly,2024-03-18,2024-03-24,KG,2.638,2.638
APPLE_FAMILY,ONLINE,NL-NB,4028.4300000000003,Weekly,2024-03-25,2024-03-31,KG,2.658,2.658
APPLE_FAMILY,ONLINE,NL-NB,3815.86,Weekly,2024-04-01,2024-04-07,KG,2.677,2.677
APPLE_FAMILY,ONLINE,NL-NB,3986.83,Weekly,2024-04-08,2024-04-14,KG,2.691,2.691
APPLE_FAMILY,ONLINE,NL-NB,3160.92,Weekly,2024-04-15,2024-04-21,KG,2.704,2.704
APPLE_FAMILY,ONLINE,NL-NB,3532.83,Weekly,2024-04-22,2024-04-28,KG,2.695,2.695
APPLE_FAMILY,ONLINE,NL-NB,3583.4500000000003,Weekly,2024-04-29,2024-05-05,KG,2.68,2.68
APPLE_FAMILY,ONLINE,NL-NB,3594.31,Weekly,2024-05-06,2024-05-12,KG,2.679,2.679
APPLE_FAMILY,ONLINE,NL-NB,3340.67,Weekly,2024-05-13,2024-05-19,KG,2.68,2.68
APPLE_FAMILY,ONLINE,NL-NB,3130.68,Weekly,2024-05-20,2024-05-26,KG,2.686,2.686
APPLE_FAMILY,ONLINE,NL-NB,3152.15,Weekly,2024-05-27,2024-06-02,KG,2.714,2.714
APPLE_FAMILY,ONLINE,NL-NB,3529.23,Weekly,2024-06-03,2024-06-09,KG,2.695,2.695
APPLE_FAMILY,ONLINE,NL-NB,2764.81,Weekly,2024-06-10,2024-06-16,KG,2.726,2.726
APPLE_FAMILY,ONLINE,NL-NB,3110.4300000000003,Weekly,2024-06-17,2024-06-23,KG,2.652,2.652
APPLE_FAMILY,ONLINE,NL-NB,3320.78,Weekly,2024-06-24,2024-06-30,KG,2.666,2.666
APPLE_FAMILY,ONLINE,NL-NB,3010.63,Weekly,2024-07-01,2024-07-07,KG,2.686,2.686
APPLE_FAMILY,ONLINE,NL-NB,3050.36,Weekly,2024-07-08,2024-07-14,KG,2.688,2.688
APPLE_FAMILY,ONLINE,NL-NB,3402.17,Weekly,2024-07-15,2024-07-21,KG,2.676,2.676
APPLE_FAMILY,ONLINE,NL-NB,3109.12,Weekly,2024-07-22,2024-07-28,KG,2.683,2.683
APPLE_FAMILY,ONLINE,NL-NB,3371.15,Weekly,2024-07-29,2024-08-04,KG,2.453,2.453
APPLE_FAMILY,ONLINE,NL-NB,3595.4900000000002,Weekly,2024-08-05,2024-08-11,KG,2.299,2.299
APPLE_FAMILY,ONLINE,NL-NB,3364.79,Weekly,2024-08-12,2024-08-18,KG,2.285,2.285
APPLE_FAMILY,ONLINE,NL-NB,3545.8,Weekly,2024-08-19,2024-08-25,KG,2.285,2.285
APPLE_FAMILY,ONLINE,NL-NB,3913.37,Weekly,2024-08-26,2024-09-01,KG,2.257,2.257
APPLE_FAMILY,ONLINE,NL-NB,3703.04,Weekly,2024-09-02,2024-09-08,KG,2.157,2.157
APPLE_FAMILY,ONLINE,NL-NB,3750.29,Weekly,2024-09-09,2024-09-15,KG,2.178,2.178
APPLE_FAMILY,ONLINE,NL-NB,4279.3,Weekly,2024-09-16,2024-09-22,KG,2.189,2.189
APPLE_FAMILY,ONLINE,NL-NB,3743.24,Weekly,2024-09-23,2024-09-29,KG,2.171,2.171
APPLE_FAMILY,ONLINE,NL-NB,3963.3900000000003,Weekly,2024-09-30,2024-10-06,KG,2.197,2.197
APPLE_FAMILY,ONLINE,NL-NB,3758.65,Weekly,2024-10-07,2024-10-13,KG,2.174,2.174
APPLE_FAMILY,ONLINE,NL-NB,4125.6,Weekly,2024-10-14,2024-10-20,KG,2.187,2.187
APPLE_FAMILY,ONLINE,NL-NB,4259.27,Weekly,2024-10-21,2024-10-27,KG,2.162,2.162
APPLE_FAMILY,ONLINE,NL-NB,4212.68,Weekly,2024-10-28,2024-11-03,KG,2.18,2.18
APPLE_FAMILY,ONLINE,NL-NB,4200.44,Weekly,2024-11-04,2024-11-10,KG,2.175,2.175
APPLE_FAMILY,ONLINE,NL-NB,4375.42,Weekly,2024-11-11,2024-11-17,KG,2.174,2.174
APPLE_FAMILY,ONLINE,NL-NB,3613.06,Weekly,2024-11-18,2024-11-24,KG,2.181,2.181
APPLE_FAMILY,ONLINE,NL-NB,4641.89,Weekly,2024-11-25,2024-12-01,KG,2.217,2.217
APPLE_FAMILY,ONLINE,NL-NB,4368.76,Weekly,2024-12-02,2024-12-08,KG,2.685,2.685
APPLE_FAMILY,ONLINE,NL-NB,4480.38,Weekly,2024-12-09,2024-12-15,KG,2.693,2.693
APPLE_FAMILY,ONLINE,NL-NB,4173.66,Weekly,2024-12-16,2024-12-22,KG,2.661,2.661
APPLE_FAMILY,ONLINE,NL-NB,4248.4400000000005,Weekly,2024-12-23,2024-12-29,KG,2.669,2.669
APPLE_FAMILY,ONLINE,NL-NB,3819.27,Weekly,2024-12-30,2025-01-05,KG,2.653,2.653
APPLE_FAMILY,ONLINE,NL-NB,3950.4300000000003,Weekly,2025-01-06,2025-01-12,KG,2.677,2.677
APPLE_FAMILY,ONLINE,NL-NB,4436.12,Weekly,2025-01-13,2025-01-19,KG,2.633,2.633
APPLE_FAMILY,ONLINE,NL-NB,3883.35,Weekly,2025-01-20,2025-01-26,KG,2.655,2.655
APPLE_FAMILY,ONLINE,NL-NB,4636.66,Weekly,2025-01-27,2025-02-02,KG,2.674,2.674
APPLE_FAMILY,ONLINE,NL-NB,4472.5199999999995,Weekly,2025-02-03,2025-02-09,KG,2.673,2.673
APPLE_FAMILY,ONLINE,NL-NB,3819.2200000000003,Weekly,2025-02-10,2025-02-16,KG,2.669,2.669
APPLE_FAMILY,ONLINE,NL-NB,4804.05,Weekly,2025-02-17,2025-02-23,KG,2.673,2.673
APPLE_FAMILY,ONLINE,NL-NB,4044.88,Weekly,2025-02-24,2025-03-02,KG,2.656,2.656
APPLE_FAMILY,ONLINE,NL-NB,4955.63,Weekly,2025-03-03,2025-03-09,KG,2.668,2.668
APPLE_FAMILY,ONLINE,NL-NB,4323.4,Weekly,2025-03-10,2025-03-16,KG,2.675,2.675
APPLE_FAMILY,ONLINE,NL-NB,4875.49,Weekly,2025-03-17,2025-03-23,KG,2.678,2.678
APPLE_FAMILY,ONLINE,NL-NB,4453.73,Weekly,2025-03-24,2025-03-30,KG,2.693,2.693
APPLE_FAMILY,ONLINE,NL-NB,4766.54,Weekly,2025-03-31,2025-04-06,KG,2.653,2.653
APPLE_FAMILY,ONLINE,NL-NB,4343.11,Weekly,2025-04-07,2025-04-13,KG,2.655,2.655
APPLE_FAMILY,ONLINE,NL-NB,3660.08,Weekly,2025-04-14,2025-04-20,KG,2.671,2.671
APPLE_FAMILY,ONLINE,NL-NB,3886.61,Weekly,2025-04-21,2025-04-27,KG,2.646,2.646
APPLE_FAMILY,ONLINE,NL-NB,4280.55,Weekly,2025-04-28,2025-05-04,KG,2.671,2.671
APPLE_FAMILY,ONLINE,NL-NB,3894.6400000000003,Weekly,2025-05-05,2025-05-11,KG,2.677,2.677
APPLE_FAMILY,ONLINE,NL-NB,3957.36,Weekly,2025-05-12,2025-05-18,KG,2.658,2.658
APPLE_FAMILY,ONLINE,NL-NB,3492.58,Weekly,2025-05-19,2025-05-25,KG,2.655,2.655
APPLE_FAMILY,ONLINE,NL-NB,3189.2000000000003,Weekly,2025-05-26,2025-06-01,KG,2.658,2.658
APPLE_FAMILY,ONLINE,NL-NB,3325.61,Weekly,2025-06-02,2025-06-08,KG,2.684,2.684
APPLE_FAMILY,ONLINE,NL-NB,3415.04,Weekly,2025-06-09,2025-06-15,KG,2.678,2.678
APPLE_FAMILY,ONLINE,NL-NB,3508.05,Weekly,2025-06-16,2025-06-22,KG,2.638,2.638
APPLE_FAMILY,ONLINE,NL-NB,3353.92,Weekly,2025-06-23,2025-06-29,KG,2.664,2.664
APPLE_FAMILY,ONLINE,NL-NB,3031.62,Weekly,2025-06-30,2025-07-06,KG,2.661,2.661
APPLE_FAMILY,ONLINE,NL-NB,3407.0099999999998,Weekly,2025-07-07,2025-07-13,KG,2.652,2.652
APPLE_FAMILY,ONLINE,NL-NB,3454.36,Weekly,2025-07-14,2025-07-20,KG,2.682,2.682
APPLE_FAMILY,ONLINE,NL-NB,3335.06,Weekly,2025-07-21,2025-07-27,KG,2.648,2.648
APPLE_FAMILY,ONLINE,NL-NB,3248.58,Weekly,2025-07-28,2025-08-03,KG,2.528,2.528
APPLE_FAMILY,ONLINE,NL-NB,3521.2,Weekly,2025-08-04,2025-08-10,KG,2.289,2.289
APPLE_FAMILY,ONLINE,NL-NB,3755.85,Weekly,2025-08-11,2025-08-17,KG,2.29,2.29
APPLE_FAMILY,ONLINE,NL-NB,3687.4900000000002,Weekly,2025-08-18,2025-08-24,KG,2.292,2.292
APPLE_FAMILY,ONLINE,NL-NB,3779.6,Weekly,2025-08-25,2025-08-31,KG,2.295,2.295
APPLE_FAMILY,ONLINE,NL-NB,3971.38,Weekly,2025-09-01,2025-09-07,KG,2.183,2.183
APPLE_FAMILY,ONLINE,NL-NB,3663.84,Weekly,2025-09-08,2025-09-14,KG,2.165,2.165
APPLE_FAMILY,ONLINE,NL-NB,4126.57,Weekly,2025-09-15,2025-09-21,KG,2.159,2.159
APPLE_FAMILY,ONLINE,NL-NB,3959.44,Weekly,2025-09-22,2025-09-28,KG,2.181,2.181
APPLE_FAMILY,ONLINE,NL-NB,3906.1800000000003,Weekly,2025-09-29,2025-10-05,KG,2.181,2.181
APPLE_FAMILY,ONLINE,NL-NB,4143.68,Weekly,2025-10-06,2025-10-12,KG,2.212,2.212
APPLE_FAMILY,ONLINE,NL-NB,4193.68,Weekly,2025-10-13,2025-10-19,KG,2.177,2.177
APPLE_FAMILY,ONLINE,NL-NB,3900.37,Weekly,2025-10-20,2025-10-26,KG,2.18,2.18
APPLE_FAMILY,ONLINE,NL-NB,4100.76,Weekly,2025-10-27,2025-11-02,KG,2.183,2.183
APPLE_FAMILY,ONLINE,NL-NB,4925.34,Weekly,2025-11-03,2025-11-09,KG,2.206,2.206
APPLE_FAMILY,ONLINE,NL-NB,4384.76,Weekly,2025-11-10,2025-11-16,KG,2.198,2.198
APPLE_FAMILY,ONLINE,NL-NB,4168.25,Weekly,2025-11-17,2025-11-23,KG,2.143,2.143
APPLE_FAMILY,ONLINE,NL-NB,3933.23,Weekly,2025-11-24,2025-11-30,KG,2.159,2.159
APPLE_FAMILY,ONLINE,NL-NB,4187.58,Weekly,2025-12-01,2025-12-07,KG,2.688,2.688
APPLE_FAMILY,ONLINE,NL-NB,4444.96,Weekly,2025-12-08,2025-12-14,KG,2.66,2.66
APPLE_FAMILY,ONLINE,NL-NB,4694.29,Weekly,2025-12-15,2025-12-21,KG,2.714,2.714
APPLE_FAMILY,ONLINE,NL-NB,4607.39,Weekly,2025-12-22,2025-12-28,KG,2.672,2.672
APPLE_FAMILY,ONLINE,NL-NB,3931.76,Weekly,2025-12-29,2026-01-04,KG,2.677,2.677
APPLE_FAMILY,ONLINE,NL-NB,3829.51,Weekly,2026-01-05,2026-01-11,KG,2.674,2.674
APPLE_FAMILY,ONLINE,NL-NB,4695.1,Weekly,2026-01-12,2026-01-18,KG,2.674,2.674
APPLE_FAMILY,ONLINE,NL-NB,4627.02,Weekly,2026-01-19,2026-01-25,KG,2.688,2.688
APPLE_FAMILY,ONLINE,NL-NB,4219.51,Weekly,2026-01-26,2026-02-01,KG,2.655,2.655
APPLE_FAMILY,ONLINE,NL-NH,2439.68,Weekly,2023-01-30,2023-02-05,KG,2.763,2.763
APPLE_FAMILY,ONLINE,NL-NH,4758.78,Weekly,2023-02-06,2023-02-12,KG,2.728,2.728
APPLE_FAMILY,ONLINE,NL-NH,4598.4400000000005,Weekly,2023-02-13,2023-02-19,KG,2.749,2.749
APPLE_FAMILY,ONLINE,NL-NH,4623.91,Weekly,2023-02-20,2023-02-26,KG,2.784,2.784
APPLE_FAMILY,ONLINE,NL-NH,4447.21,Weekly,2023-02-27,2023-03-05,KG,2.774,2.774
APPLE_FAMILY,ONLINE,NL-NH,3485.83,Weekly,2023-03-06,2023-03-12,KG,2.741,2.741
APPLE_FAMILY,ONLINE,NL-NH,4304.06,Weekly,2023-03-13,2023-03-19,KG,2.749,2.749
APPLE_FAMILY,ONLINE,NL-NH,3874.52,Weekly,2023-03-20,2023-03-26,KG,2.745,2.745
APPLE_FAMILY,ONLINE,NL-NH,3869.94,Weekly,2023-03-27,2023-04-02,KG,2.768,2.768
APPLE_FAMILY,ONLINE,NL-NH,4204.51,Weekly,2023-04-03,2023-04-09,KG,2.771,2.771
APPLE_FAMILY,ONLINE,NL-NH,3729.0600000000004,Weekly,2023-04-10,2023-04-16,KG,2.776,2.776
APPLE_FAMILY,ONLINE,NL-NH,3785.29,Weekly,2023-04-17,2023-04-23,KG,2.751,2.751
APPLE_FAMILY,ONLINE,NL-NH,3650.53,Weekly,2023-04-24,2023-04-30,KG,2.764,2.764
APPLE_FAMILY,ONLINE,NL-NH,3781.35,Weekly,2023-05-01,2023-05-07,KG,2.77,2.77
APPLE_FAMILY,ONLINE,NL-NH,3443.73,Weekly,2023-05-08,2023-05-14,KG,2.741,2.741
APPLE_FAMILY,ONLINE,NL-NH,3824.0,Weekly,2023-05-15,2023-05-21,KG,2.774,2.774
APPLE_FAMILY,ONLINE,NL-NH,3776.11,Weekly,2023-05-22,2023-05-28,KG,2.757,2.757
APPLE_FAMILY,ONLINE,NL-NH,3580.16,Weekly,2023-05-29,2023-06-04,KG,2.774,2.774
APPLE_FAMILY,ONLINE,NL-NH,3779.7,Weekly,2023-06-05,2023-06-11,KG,2.753,2.753
APPLE_FAMILY,ONLINE,NL-NH,3605.33,Weekly,2023-06-12,2023-06-18,KG,2.745,2.745
APPLE_FAMILY,ONLINE,NL-NH,3560.73,Weekly,2023-06-19,2023-06-25,KG,2.75,2.75
APPLE_FAMILY,ONLINE,NL-NH,3197.13,Weekly,2023-06-26,2023-07-02,KG,2.738,2.738
APPLE_FAMILY,ONLINE,NL-NH,3221.79,Weekly,2023-07-03,2023-07-09,KG,2.797,2.797
APPLE_FAMILY,ONLINE,NL-NH,3586.34,Weekly,2023-07-10,2023-07-16,KG,2.765,2.765
APPLE_FAMILY,ONLINE,NL-NH,3193.9900000000002,Weekly,2023-07-17,2023-07-23,KG,2.769,2.769
APPLE_FAMILY,ONLINE,NL-NH,3231.2,Weekly,2023-07-24,2023-07-30,KG,2.746,2.746
APPLE_FAMILY,ONLINE,NL-NH,2680.5,Weekly,2023-07-31,2023-08-06,KG,2.377,2.377
APPLE_FAMILY,ONLINE,NL-NH,3616.53,Weekly,2023-08-07,2023-08-13,KG,2.359,2.359
APPLE_FAMILY,ONLINE,NL-NH,4004.5,Weekly,2023-08-14,2023-08-20,KG,2.315,2.315
APPLE_FAMILY,ONLINE,NL-NH,3723.57,Weekly,2023-08-21,2023-08-27,KG,2.346,2.346
APPLE_FAMILY,ONLINE,NL-NH,3754.85,Weekly,2023-08-28,2023-09-03,KG,2.31,2.31
APPLE_FAMILY,ONLINE,NL-NH,4222.87,Weekly,2023-09-04,2023-09-10,KG,2.22,2.22
APPLE_FAMILY,ONLINE,NL-NH,4193.24,Weekly,2023-09-11,2023-09-17,KG,2.235,2.235
APPLE_FAMILY,ONLINE,NL-NH,3545.44,Weekly,2023-09-18,2023-09-24,KG,2.256,2.256
APPLE_FAMILY,ONLINE,NL-NH,4690.78,Weekly,2023-09-25,2023-10-01,KG,2.226,2.226
APPLE_FAMILY,ONLINE,NL-NH,4516.15,Weekly,2023-10-02,2023-10-08,KG,2.25,2.25
APPLE_FAMILY,ONLINE,NL-NH,3871.07,Weekly,2023-10-09,2023-10-15,KG,2.266,2.266
APPLE_FAMILY,ONLINE,NL-NH,4006.0,Weekly,2023-10-16,2023-10-22,KG,2.23,2.23
APPLE_FAMILY,ONLINE,NL-NH,3421.86,Weekly,2023-10-23,2023-10-29,KG,2.267,2.267
APPLE_FAMILY,ONLINE,NL-NH,3374.3199999999997,Weekly,2023-10-30,2023-11-05,KG,2.249,2.249
APPLE_FAMILY,ONLINE,NL-NH,3822.0299999999997,Weekly,2023-11-06,2023-11-12,KG,2.244,2.244
APPLE_FAMILY,ONLINE,NL-NH,4049.7799999999997,Weekly,2023-11-13,2023-11-19,KG,2.23,2.23
APPLE_FAMILY,ONLINE,NL-NH,4514.8,Weekly,2023-11-20,2023-11-26,KG,2.241,2.241
APPLE_FAMILY,ONLINE,NL-NH,4113.69,Weekly,2023-11-27,2023-12-03,KG,2.473,2.473
APPLE_FAMILY,ONLINE,NL-NH,4009.0,Weekly,2023-12-04,2023-12-10,KG,2.764,2.764
APPLE_FAMILY,ONLINE,NL-NH,4619.29,Weekly,2023-12-11,2023-12-17,KG,2.754,2.754
APPLE_FAMILY,ONLINE,NL-NH,3983.75,Weekly,2023-12-18,2023-12-24,KG,2.77,2.77
APPLE_FAMILY,ONLINE,NL-NH,4042.65,Weekly,2023-12-25,2023-12-31,KG,2.789,2.789
APPLE_FAMILY,ONLINE,NL-NH,4112.4400000000005,Weekly,2024-01-01,2024-01-07,KG,2.746,2.746
APPLE_FAMILY,ONLINE,NL-NH,4286.43,Weekly,2024-01-08,2024-01-14,KG,2.762,2.762
APPLE_FAMILY,ONLINE,NL-NH,4411.75,Weekly,2024-01-15,2024-01-21,KG,2.713,2.713
APPLE_FAMILY,ONLINE,NL-NH,4644.65,Weekly,2024-01-22,2024-01-28,KG,2.758,2.758
APPLE_FAMILY,ONLINE,NL-NH,4701.9800000000005,Weekly,2024-01-29,2024-02-04,KG,2.753,2.753
APPLE_FAMILY,ONLINE,NL-NH,3796.19,Weekly,2024-02-05,2024-02-11,KG,2.745,2.745
APPLE_FAMILY,ONLINE,NL-NH,4120.92,Weekly,2024-02-12,2024-02-18,KG,2.745,2.745
APPLE_FAMILY,ONLINE,NL-NH,4099.01,Weekly,2024-02-19,2024-02-25,KG,2.775,2.775
APPLE_FAMILY,ONLINE,NL-NH,4241.64,Weekly,2024-02-26,2024-03-03,KG,2.741,2.741
APPLE_FAMILY,ONLINE,NL-NH,4621.06,Weekly,2024-03-04,2024-03-10,KG,2.774,2.774
APPLE_FAMILY,ONLINE,NL-NH,4242.39,Weekly,2024-03-11,2024-03-17,KG,2.75,2.75
APPLE_FAMILY,ONLINE,NL-NH,4146.08,Weekly,2024-03-18,2024-03-24,KG,2.757,2.757
APPLE_FAMILY,ONLINE,NL-NH,4110.99,Weekly,2024-03-25,2024-03-31,KG,2.776,2.776
APPLE_FAMILY,ONLINE,NL-NH,3718.1600000000003,Weekly,2024-04-01,2024-04-07,KG,2.751,2.751
APPLE_FAMILY,ONLINE,NL-NH,4392.55,Weekly,2024-04-08,2024-04-14,KG,2.712,2.712
APPLE_FAMILY,ONLINE,NL-NH,3326.77,Weekly,2024-04-15,2024-04-21,KG,2.761,2.761
APPLE_FAMILY,ONLINE,NL-NH,3564.4500000000003,Weekly,2024-04-22,2024-04-28,KG,2.745,2.745
APPLE_FAMILY,ONLINE,NL-NH,3840.57,Weekly,2024-04-29,2024-05-05,KG,2.754,2.754
APPLE_FAMILY,ONLINE,NL-NH,4288.34,Weekly,2024-05-06,2024-05-12,KG,2.797,2.797
APPLE_FAMILY,ONLINE,NL-NH,3753.75,Weekly,2024-05-13,2024-05-19,KG,2.74,2.74
APPLE_FAMILY,ONLINE,NL-NH,2908.16,Weekly,2024-05-20,2024-05-26,KG,2.767,2.767
APPLE_FAMILY,ONLINE,NL-NH,3137.35,Weekly,2024-05-27,2024-06-02,KG,2.725,2.725
APPLE_FAMILY,ONLINE,NL-NH,3423.55,Weekly,2024-06-03,2024-06-09,KG,2.749,2.749
APPLE_FAMILY,ONLINE,NL-NH,2907.39,Weekly,2024-06-10,2024-06-16,KG,2.765,2.765
APPLE_FAMILY,ONLINE,NL-NH,3259.87,Weekly,2024-06-17,2024-06-23,KG,2.768,2.768
APPLE_FAMILY,ONLINE,NL-NH,3599.21,Weekly,2024-06-24,2024-06-30,KG,2.776,2.776
APPLE_FAMILY,ONLINE,NL-NH,2592.75,Weekly,2024-07-01,2024-07-07,KG,2.751,2.751
APPLE_FAMILY,ONLINE,NL-NH,3036.09,Weekly,2024-07-08,2024-07-14,KG,2.792,2.792
APPLE_FAMILY,ONLINE,NL-NH,3165.48,Weekly,2024-07-15,2024-07-21,KG,2.741,2.741
APPLE_FAMILY,ONLINE,NL-NH,3418.59,Weekly,2024-07-22,2024-07-28,KG,2.788,2.788
APPLE_FAMILY,ONLINE,NL-NH,3533.8,Weekly,2024-07-29,2024-08-04,KG,2.508,2.508
APPLE_FAMILY,ONLINE,NL-NH,3849.32,Weekly,2024-08-05,2024-08-11,KG,2.327,2.327
APPLE_FAMILY,ONLINE,NL-NH,3703.96,Weekly,2024-08-12,2024-08-18,KG,2.359,2.359
APPLE_FAMILY,ONLINE,NL-NH,3511.17,Weekly,2024-08-19,2024-08-25,KG,2.337,2.337
APPLE_FAMILY,ONLINE,NL-NH,4234.87,Weekly,2024-08-26,2024-09-01,KG,2.366,2.366
APPLE_FAMILY,ONLINE,NL-NH,3984.87,Weekly,2024-09-02,2024-09-08,KG,2.257,2.257
APPLE_FAMILY,ONLINE,NL-NH,3612.28,Weekly,2024-09-09,2024-09-15,KG,2.21,2.21
APPLE_FAMILY,ONLINE,NL-NH,4663.900000000001,Weekly,2024-09-16,2024-09-22,KG,2.23,2.23
APPLE_FAMILY,ONLINE,NL-NH,3560.46,Weekly,2024-09-23,2024-09-29,KG,2.263,2.263
APPLE_FAMILY,ONLINE,NL-NH,3988.56,Weekly,2024-09-30,2024-10-06,KG,2.253,2.253
APPLE_FAMILY,ONLINE,NL-NH,4240.05,Weekly,2024-10-07,2024-10-13,KG,2.263,2.263
APPLE_FAMILY,ONLINE,NL-NH,4485.06,Weekly,2024-10-14,2024-10-20,KG,2.263,2.263
APPLE_FAMILY,ONLINE,NL-NH,4523.65,Weekly,2024-10-21,2024-10-27,KG,2.237,2.237
APPLE_FAMILY,ONLINE,NL-NH,4544.4,Weekly,2024-10-28,2024-11-03,KG,2.235,2.235
APPLE_FAMILY,ONLINE,NL-NH,4424.22,Weekly,2024-11-04,2024-11-10,KG,2.225,2.225
APPLE_FAMILY,ONLINE,NL-NH,4472.0,Weekly,2024-11-11,2024-11-17,KG,2.244,2.244
APPLE_FAMILY,ONLINE,NL-NH,3539.58,Weekly,2024-11-18,2024-11-24,KG,2.236,2.236
APPLE_FAMILY,ONLINE,NL-NH,4354.07,Weekly,2024-11-25,2024-12-01,KG,2.291,2.291
APPLE_FAMILY,ONLINE,NL-NH,4062.42,Weekly,2024-12-02,2024-12-08,KG,2.755,2.755
APPLE_FAMILY,ONLINE,NL-NH,4328.05,Weekly,2024-12-09,2024-12-15,KG,2.775,2.775
APPLE_FAMILY,ONLINE,NL-NH,4219.77,Weekly,2024-12-16,2024-12-22,KG,2.758,2.758
APPLE_FAMILY,ONLINE,NL-NH,4585.07,Weekly,2024-12-23,2024-12-29,KG,2.75,2.75
APPLE_FAMILY,ONLINE,NL-NH,4407.73,Weekly,2024-12-30,2025-01-05,KG,2.745,2.745
APPLE_FAMILY,ONLINE,NL-NH,4246.03,Weekly,2025-01-06,2025-01-12,KG,2.753,2.753
APPLE_FAMILY,ONLINE,NL-NH,4480.03,Weekly,2025-01-13,2025-01-19,KG,2.758,2.758
APPLE_FAMILY,ONLINE,NL-NH,4317.41,Weekly,2025-01-20,2025-01-26,KG,2.755,2.755
APPLE_FAMILY,ONLINE,NL-NH,4605.400000000001,Weekly,2025-01-27,2025-02-02,KG,2.75,2.75
APPLE_FAMILY,ONLINE,NL-NH,4647.17,Weekly,2025-02-03,2025-02-09,KG,2.788,2.788
APPLE_FAMILY,ONLINE,NL-NH,3921.99,Weekly,2025-02-10,2025-02-16,KG,2.732,2.732
APPLE_FAMILY,ONLINE,NL-NH,4553.28,Weekly,2025-02-17,2025-02-23,KG,2.782,2.782
APPLE_FAMILY,ONLINE,NL-NH,4472.9400000000005,Weekly,2025-02-24,2025-03-02,KG,2.763,2.763
APPLE_FAMILY,ONLINE,NL-NH,5030.92,Weekly,2025-03-03,2025-03-09,KG,2.748,2.748
APPLE_FAMILY,ONLINE,NL-NH,4509.74,Weekly,2025-03-10,2025-03-16,KG,2.768,2.768
APPLE_FAMILY,ONLINE,NL-NH,4803.39,Weekly,2025-03-17,2025-03-23,KG,2.71,2.71
APPLE_FAMILY,ONLINE,NL-NH,4600.89,Weekly,2025-03-24,2025-03-30,KG,2.747,2.747
APPLE_FAMILY,ONLINE,NL-NH,4831.52,Weekly,2025-03-31,2025-04-06,KG,2.746,2.746
APPLE_FAMILY,ONLINE,NL-NH,4670.39,Weekly,2025-04-07,2025-04-13,KG,2.752,2.752
APPLE_FAMILY,ONLINE,NL-NH,4024.38,Weekly,2025-04-14,2025-04-20,KG,2.737,2.737
APPLE_FAMILY,ONLINE,NL-NH,3663.59,Weekly,2025-04-21,2025-04-27,KG,2.757,2.757
APPLE_FAMILY,ONLINE,NL-NH,4552.83,Weekly,2025-04-28,2025-05-04,KG,2.758,2.758
APPLE_FAMILY,ONLINE,NL-NH,3978.38,Weekly,2025-05-05,2025-05-11,KG,2.785,2.785
APPLE_FAMILY,ONLINE,NL-NH,4226.84,Weekly,2025-05-12,2025-05-18,KG,2.75,2.75
APPLE_FAMILY,ONLINE,NL-NH,3562.01,Weekly,2025-05-19,2025-05-25,KG,2.775,2.775
APPLE_FAMILY,ONLINE,NL-NH,3290.27,Weekly,2025-05-26,2025-06-01,KG,2.787,2.787
APPLE_FAMILY,ONLINE,NL-NH,3013.95,Weekly,2025-06-02,2025-06-08,KG,2.714,2.714
APPLE_FAMILY,ONLINE,NL-NH,3489.9700000000003,Weekly,2025-06-09,2025-06-15,KG,2.742,2.742
APPLE_FAMILY,ONLINE,NL-NH,3763.15,Weekly,2025-06-16,2025-06-22,KG,2.781,2.781
APPLE_FAMILY,ONLINE,NL-NH,3505.97,Weekly,2025-06-23,2025-06-29,KG,2.73,2.73
APPLE_FAMILY,ONLINE,NL-NH,3243.9300000000003,Weekly,2025-06-30,2025-07-06,KG,2.758,2.758
APPLE_FAMILY,ONLINE,NL-NH,3418.63,Weekly,2025-07-07,2025-07-13,KG,2.775,2.775
APPLE_FAMILY,ONLINE,NL-NH,3332.65,Weekly,2025-07-14,2025-07-20,KG,2.735,2.735
APPLE_FAMILY,ONLINE,NL-NH,3307.62,Weekly,2025-07-21,2025-07-27,KG,2.792,2.792
APPLE_FAMILY,ONLINE,NL-NH,3260.62,Weekly,2025-07-28,2025-08-03,KG,2.622,2.622
APPLE_FAMILY,ONLINE,NL-NH,3503.46,Weekly,2025-08-04,2025-08-10,KG,2.385,2.385
APPLE_FAMILY,ONLINE,NL-NH,3582.8900000000003,Weekly,2025-08-11,2025-08-17,KG,2.385,2.385
APPLE_FAMILY,ONLINE,NL-NH,3836.01,Weekly,2025-08-18,2025-08-24,KG,2.344,2.344
APPLE_FAMILY,ONLINE,NL-NH,3887.51,Weekly,2025-08-25,2025-08-31,KG,2.335,2.335
APPLE_FAMILY,ONLINE,NL-NH,4143.95,Weekly,2025-09-01,2025-09-07,KG,2.252,2.252
APPLE_FAMILY,ONLINE,NL-NH,3811.33,Weekly,2025-09-08,2025-09-14,KG,2.229,2.229
APPLE_FAMILY,ONLINE,NL-NH,3400.4,Weekly,2025-09-15,2025-09-21,KG,2.233,2.233
APPLE_FAMILY,ONLINE,NL-NH,4305.3,Weekly,2025-09-22,2025-09-28,KG,2.263,2.263
APPLE_FAMILY,ONLINE,NL-NH,3688.35,Weekly,2025-09-29,2025-10-05,KG,2.228,2.228
APPLE_FAMILY,ONLINE,NL-NH,4381.35,Weekly,2025-10-06,2025-10-12,KG,2.218,2.218
APPLE_FAMILY,ONLINE,NL-NH,4305.82,Weekly,2025-10-13,2025-10-19,KG,2.273,2.273
APPLE_FAMILY,ONLINE,NL-NH,3677.27,Weekly,2025-10-20,2025-10-26,KG,2.245,2.245
APPLE_FAMILY,ONLINE,NL-NH,3731.78,Weekly,2025-10-27,2025-11-02,KG,2.239,2.239
APPLE_FAMILY,ONLINE,NL-NH,4920.84,Weekly,2025-11-03,2025-11-09,KG,2.224,2.224
APPLE_FAMILY,ONLINE,NL-NH,4281.75,Weekly,2025-11-10,2025-11-16,KG,2.217,2.217
APPLE_FAMILY,ONLINE,NL-NH,3910.37,Weekly,2025-11-17,2025-11-23,KG,2.253,2.253
APPLE_FAMILY,ONLINE,NL-NH,4479.69,Weekly,2025-11-24,2025-11-30,KG,2.269,2.269
APPLE_FAMILY,ONLINE,NL-NH,4340.76,Weekly,2025-12-01,2025-12-07,KG,2.764,2.764
APPLE_FAMILY,ONLINE,NL-NH,4694.85,Weekly,2025-12-08,2025-12-14,KG,2.716,2.716
APPLE_FAMILY,ONLINE,NL-NH,4629.93,Weekly,2025-12-15,2025-12-21,KG,2.743,2.743
APPLE_FAMILY,ONLINE,NL-NH,4577.46,Weekly,2025-12-22,2025-12-28,KG,2.753,2.753
APPLE_FAMILY,ONLINE,NL-NH,3941.13,Weekly,2025-12-29,2026-01-04,KG,2.78,2.78
APPLE_FAMILY,ONLINE,NL-NH,4034.37,Weekly,2026-01-05,2026-01-11,KG,2.756,2.756
APPLE_FAMILY,ONLINE,NL-NH,4603.03,Weekly,2026-01-12,2026-01-18,KG,2.735,2.735
APPLE_FAMILY,ONLINE,NL-NH,4829.46,Weekly,2026-01-19,2026-01-25,KG,2.725,2.725
APPLE_FAMILY,ONLINE,NL-NH,4198.78,Weekly,2026-01-26,2026-02-01,KG,2.798,2.798
APPLE_FAMILY,ONLINE,NL-ZH,2692.34,Weekly,2023-01-30,2023-02-05,KG,2.855,2.855
APPLE_FAMILY,ONLINE,NL-ZH,4880.9,Weekly,2023-02-06,2023-02-12,KG,2.894,2.894
APPLE_FAMILY,ONLINE,NL-ZH,4651.32,Weekly,2023-02-13,2023-02-19,KG,2.802,2.802
APPLE_FAMILY,ONLINE,NL-ZH,4465.22,Weekly,2023-02-20,2023-02-26,KG,2.819,2.819
APPLE_FAMILY,ONLINE,NL-ZH,4449.5599999999995,Weekly,2023-02-27,2023-03-05,KG,2.826,2.826
APPLE_FAMILY,ONLINE,NL-ZH,3525.18,Weekly,2023-03-06,2023-03-12,KG,2.833,2.833
APPLE_FAMILY,ONLINE,NL-ZH,4407.96,Weekly,2023-03-13,2023-03-19,KG,2.803,2.803
APPLE_FAMILY,ONLINE,NL-ZH,4060.68,Weekly,2023-03-20,2023-03-26,KG,2.803,2.803
APPLE_FAMILY,ONLINE,NL-ZH,4021.93,Weekly,2023-03-27,2023-04-02,KG,2.836,2.836
APPLE_FAMILY,ONLINE,NL-ZH,4198.53,Weekly,2023-04-03,2023-04-09,KG,2.825,2.825
APPLE_FAMILY,ONLINE,NL-ZH,3971.88,Weekly,2023-04-10,2023-04-16,KG,2.8,2.8
APPLE_FAMILY,ONLINE,NL-ZH,3875.1800000000003,Weekly,2023-04-17,2023-04-23,KG,2.897,2.897
APPLE_FAMILY,ONLINE,NL-ZH,3687.5,Weekly,2023-04-24,2023-04-30,KG,2.834,2.834
APPLE_FAMILY,ONLINE,NL-ZH,4112.65,Weekly,2023-05-01,2023-05-07,KG,2.835,2.835
APPLE_FAMILY,ONLINE,NL-ZH,3376.48,Weekly,2023-05-08,2023-05-14,KG,2.812,2.812
APPLE_FAMILY,ONLINE,NL-ZH,3935.26,Weekly,2023-05-15,2023-05-21,KG,2.836,2.836
APPLE_FAMILY,ONLINE,NL-ZH,4035.24,Weekly,2023-05-22,2023-05-28,KG,2.825,2.825
APPLE_FAMILY,ONLINE,NL-ZH,3817.0,Weekly,2023-05-29,2023-06-04,KG,2.832,2.832
APPLE_FAMILY,ONLINE,NL-ZH,3922.1,Weekly,2023-06-05,2023-06-11,KG,2.83,2.83
APPLE_FAMILY,ONLINE,NL-ZH,3812.78,Weekly,2023-06-12,2023-06-18,KG,2.858,2.858
APPLE_FAMILY,ONLINE,NL-ZH,3606.67,Weekly,2023-06-19,2023-06-25,KG,2.841,2.841
APPLE_FAMILY,ONLINE,NL-ZH,3440.44,Weekly,2023-06-26,2023-07-02,KG,2.818,2.818
APPLE_FAMILY,ONLINE,NL-ZH,3202.2000000000003,Weekly,2023-07-03,2023-07-09,KG,2.848,2.848
APPLE_FAMILY,ONLINE,NL-ZH,3523.6,Weekly,2023-07-10,2023-07-16,KG,2.815,2.823
APPLE_FAMILY,ONLINE,NL-ZH,3512.12,Weekly,2023-07-17,2023-07-23,KG,2.839,2.849
APPLE_FAMILY,ONLINE,NL-ZH,3117.36,Weekly,2023-07-24,2023-07-30,KG,2.808,2.808
APPLE_FAMILY,ONLINE,NL-ZH,2750.86,Weekly,2023-07-31,2023-08-06,KG,2.477,2.477
APPLE_FAMILY,ONLINE,NL-ZH,3747.29,Weekly,2023-08-07,2023-08-13,KG,2.425,2.425
APPLE_FAMILY,ONLINE,NL-ZH,3933.29,Weekly,2023-08-14,2023-08-20,KG,2.426,2.426
APPLE_FAMILY,ONLINE,NL-ZH,3645.43,Weekly,2023-08-21,2023-08-27,KG,2.422,2.422
APPLE_FAMILY,ONLINE,NL-ZH,3767.36,Weekly,2023-08-28,2023-09-03,KG,2.361,2.361
APPLE_FAMILY,ONLINE,NL-ZH,4461.6,Weekly,2023-09-04,2023-09-10,KG,2.269,2.269
APPLE_FAMILY,ONLINE,NL-ZH,4162.64,Weekly,2023-09-11,2023-09-17,KG,2.295,2.295
APPLE_FAMILY,ONLINE,NL-ZH,3867.08,Weekly,2023-09-18,2023-09-24,KG,2.319,2.319
APPLE_FAMILY,ONLINE,NL-ZH,5033.77,Weekly,2023-09-25,2023-10-01,KG,2.282,2.282
APPLE_FAMILY,ONLINE,NL-ZH,4864.49,Weekly,2023-10-02,2023-10-08,KG,2.326,2.326
APPLE_FAMILY,ONLINE,NL-ZH,4034.3,Weekly,2023-10-09,2023-10-15,KG,2.285,2.285
APPLE_FAMILY,ONLINE,NL-ZH,4108.5,Weekly,2023-10-16,2023-10-22,KG,2.283,2.283
APPLE_FAMILY,ONLINE,NL-ZH,3578.67,Weekly,2023-10-23,2023-10-29,KG,2.303,2.303
APPLE_FAMILY,ONLINE,NL-ZH,3636.41,Weekly,2023-10-30,2023-11-05,KG,2.332,2.332
APPLE_FAMILY,ONLINE,NL-ZH,4208.18,Weekly,2023-11-06,2023-11-12,KG,2.292,2.292
APPLE_FAMILY,ONLINE,NL-ZH,4232.44,Weekly,2023-11-13,2023-11-19,KG,2.286,2.286
APPLE_FAMILY,ONLINE,NL-ZH,4598.04,Weekly,2023-11-20,2023-11-26,KG,2.309,2.309
APPLE_FAMILY,ONLINE,NL-ZH,4284.78,Weekly,2023-11-27,2023-12-03,KG,2.502,2.502
APPLE_FAMILY,ONLINE,NL-ZH,4263.77,Weekly,2023-12-04,2023-12-10,KG,2.818,2.818
APPLE_FAMILY,ONLINE,NL-ZH,4582.72,Weekly,2023-12-11,2023-12-17,KG,2.836,2.836
APPLE_FAMILY,ONLINE,NL-ZH,4305.86,Weekly,2023-12-18,2023-12-24,KG,2.828,2.828
APPLE_FAMILY,ONLINE,NL-ZH,4199.09,Weekly,2023-12-25,2023-12-31,KG,2.847,2.847
APPLE_FAMILY,ONLINE,NL-ZH,4173.64,Weekly,2024-01-01,2024-01-07,KG,2.84,2.84
APPLE_FAMILY,ONLINE,NL-ZH,4597.87,Weekly,2024-01-08,2024-01-14,KG,2.885,2.885
APPLE_FAMILY,ONLINE,NL-ZH,4521.36,Weekly,2024-01-15,2024-01-21,KG,2.833,2.833
APPLE_FAMILY,ONLINE,NL-ZH,4858.37,Weekly,2024-01-22,2024-01-28,KG,2.866,2.866
APPLE_FAMILY,ONLINE,NL-ZH,4881.26,Weekly,2024-01-29,2024-02-04,KG,2.827,2.827
APPLE_FAMILY,ONLINE,NL-ZH,4341.45,Weekly,2024-02-05,2024-02-11,KG,2.847,2.847
APPLE_FAMILY,ONLINE,NL-ZH,4526.02,Weekly,2024-02-12,2024-02-18,KG,2.832,2.832
APPLE_FAMILY,ONLINE,NL-ZH,4062.45,Weekly,2024-02-19,2024-02-25,KG,2.87,2.87
APPLE_FAMILY,ONLINE,NL-ZH,4105.49,Weekly,2024-02-26,2024-03-03,KG,2.85,2.85
APPLE_FAMILY,ONLINE,NL-ZH,4820.84,Weekly,2024-03-04,2024-03-10,KG,2.837,2.837
APPLE_FAMILY,ONLINE,NL-ZH,4330.91,Weekly,2024-03-11,2024-03-17,KG,2.806,2.806
APPLE_FAMILY,ONLINE,NL-ZH,4383.49,Weekly,2024-03-18,2024-03-24,KG,2.837,2.837
APPLE_FAMILY,ONLINE,NL-ZH,4386.24,Weekly,2024-03-25,2024-03-31,KG,2.833,2.833
APPLE_FAMILY,ONLINE,NL-ZH,4117.07,Weekly,2024-04-01,2024-04-07,KG,2.807,2.807
APPLE_FAMILY,ONLINE,NL-ZH,4410.95,Weekly,2024-04-08,2024-04-14,KG,2.825,2.825
APPLE_FAMILY,ONLINE,NL-ZH,3427.52,Weekly,2024-04-15,2024-04-21,KG,2.818,2.818
APPLE_FAMILY,ONLINE,NL-ZH,3731.75,Weekly,2024-04-22,2024-04-28,KG,2.856,2.856
APPLE_FAMILY,ONLINE,NL-ZH,4017.7200000000003,Weekly,2024-04-29,2024-05-05,KG,2.875,2.875
APPLE_FAMILY,ONLINE,NL-ZH,4139.26,Weekly,2024-05-06,2024-05-12,KG,2.821,2.821
APPLE_FAMILY,ONLINE,NL-ZH,3812.67,Weekly,2024-05-13,2024-05-19,KG,2.842,2.842
APPLE_FAMILY,ONLINE,NL-ZH,2993.08,Weekly,2024-05-20,2024-05-26,KG,2.861,2.861
APPLE_FAMILY,ONLINE,NL-ZH,3338.45,Weekly,2024-05-27,2024-06-02,KG,2.856,2.856
APPLE_FAMILY,ONLINE,NL-ZH,3507.53,Weekly,2024-06-03,2024-06-09,KG,2.858,2.858
APPLE_FAMILY,ONLINE,NL-ZH,3066.69,Weekly,2024-06-10,2024-06-16,KG,2.856,2.856
APPLE_FAMILY,ONLINE,NL-ZH,3450.6800000000003,Weekly,2024-06-17,2024-06-23,KG,2.858,2.858
APPLE_FAMILY,ONLINE,NL-ZH,3751.66,Weekly,2024-06-24,2024-06-30,KG,2.823,2.823
APPLE_FAMILY,ONLINE,NL-ZH,2555.51,Weekly,2024-07-01,2024-07-07,KG,2.842,2.842
APPLE_FAMILY,ONLINE,NL-ZH,3060.61,Weekly,2024-07-08,2024-07-14,KG,2.852,2.852
APPLE_FAMILY,ONLINE,NL-ZH,3587.09,Weekly,2024-07-15,2024-07-21,KG,2.847,2.847
APPLE_FAMILY,ONLINE,NL-ZH,3377.39,Weekly,2024-07-22,2024-07-28,KG,2.829,2.829
APPLE_FAMILY,ONLINE,NL-ZH,3793.31,Weekly,2024-07-29,2024-08-04,KG,2.627,2.627
APPLE_FAMILY,ONLINE,NL-ZH,3919.36,Weekly,2024-08-05,2024-08-11,KG,2.417,2.417
APPLE_FAMILY,ONLINE,NL-ZH,3740.4500000000003,Weekly,2024-08-12,2024-08-18,KG,2.453,2.453
APPLE_FAMILY,ONLINE,NL-ZH,3753.06,Weekly,2024-08-19,2024-08-25,KG,2.405,2.405
APPLE_FAMILY,ONLINE,NL-ZH,4379.51,Weekly,2024-08-26,2024-09-01,KG,2.415,2.415
APPLE_FAMILY,ONLINE,NL-ZH,4200.37,Weekly,2024-09-02,2024-09-08,KG,2.294,2.294
APPLE_FAMILY,ONLINE,NL-ZH,3849.41,Weekly,2024-09-09,2024-09-15,KG,2.336,2.336
APPLE_FAMILY,ONLINE,NL-ZH,4646.33,Weekly,2024-09-16,2024-09-22,KG,2.32,2.32
APPLE_FAMILY,ONLINE,NL-ZH,3356.41,Weekly,2024-09-23,2024-09-29,KG,2.314,2.314
APPLE_FAMILY,ONLINE,NL-ZH,3969.48,Weekly,2024-09-30,2024-10-06,KG,2.331,2.331
APPLE_FAMILY,ONLINE,NL-ZH,4207.65,Weekly,2024-10-07,2024-10-13,KG,2.334,2.334
APPLE_FAMILY,ONLINE,NL-ZH,4423.47,Weekly,2024-10-14,2024-10-20,KG,2.281,2.281
APPLE_FAMILY,ONLINE,NL-ZH,4905.29,Weekly,2024-10-21,2024-10-27,KG,2.306,2.306
APPLE_FAMILY,ONLINE,NL-ZH,4606.13,Weekly,2024-10-28,2024-11-03,KG,2.303,2.303
APPLE_FAMILY,ONLINE,NL-ZH,4614.82,Weekly,2024-11-04,2024-11-10,KG,2.309,2.309
APPLE_FAMILY,ONLINE,NL-ZH,4617.39,Weekly,2024-11-11,2024-11-17,KG,2.329,2.329
APPLE_FAMILY,ONLINE,NL-ZH,3916.88,Weekly,2024-11-18,2024-11-24,KG,2.32,2.32
APPLE_FAMILY,ONLINE,NL-ZH,4466.35,Weekly,2024-11-25,2024-12-01,KG,2.392,2.392
APPLE_FAMILY,ONLINE,NL-ZH,4339.61,Weekly,2024-12-02,2024-12-08,KG,2.827,2.827
APPLE_FAMILY,ONLINE,NL-ZH,4595.85,Weekly,2024-12-09,2024-12-15,KG,2.85,2.85
APPLE_FAMILY,ONLINE,NL-ZH,4480.86,Weekly,2024-12-16,2024-12-22,KG,2.842,2.842
APPLE_FAMILY,ONLINE,NL-ZH,4735.7,Weekly,2024-12-23,2024-12-29,KG,2.835,2.835
APPLE_FAMILY,ONLINE,NL-ZH,4268.91,Weekly,2024-12-30,2025-01-05,KG,2.809,2.809
APPLE_FAMILY,ONLINE,NL-ZH,4651.66,Weekly,2025-01-06,2025-01-12,KG,2.877,2.877
APPLE_FAMILY,ONLINE,NL-ZH,4717.89,Weekly,2025-01-13,2025-01-19,KG,2.849,2.849
APPLE_FAMILY,ONLINE,NL-ZH,4420.9800000000005,Weekly,2025-01-20,2025-01-26,KG,2.841,2.841
APPLE_FAMILY,ONLINE,NL-ZH,4620.61,Weekly,2025-01-27,2025-02-02,KG,2.843,2.843
APPLE_FAMILY,ONLINE,NL-ZH,4604.48,Weekly,2025-02-03,2025-02-09,KG,2.856,2.856
APPLE_FAMILY,ONLINE,NL-ZH,4120.32,Weekly,2025-02-10,2025-02-16,KG,2.825,2.825
APPLE_FAMILY,ONLINE,NL-ZH,4647.14,Weekly,2025-02-17,2025-02-23,KG,2.852,2.852
APPLE_FAMILY,ONLINE,NL-ZH,4546.38,Weekly,2025-02-24,2025-03-02,KG,2.851,2.851
APPLE_FAMILY,ONLINE,NL-ZH,5221.23,Weekly,2025-03-03,2025-03-09,KG,2.855,2.855
APPLE_FAMILY,ONLINE,NL-ZH,4763.3,Weekly,2025-03-10,2025-03-16,KG,2.831,2.831
APPLE_FAMILY,ONLINE,NL-ZH,5006.89,Weekly,2025-03-17,2025-03-23,KG,2.832,2.832
APPLE_FAMILY,ONLINE,NL-ZH,4673.57,Weekly,2025-03-24,2025-03-30,KG,2.854,2.854
APPLE_FAMILY,ONLINE,NL-ZH,4952.97,Weekly,2025-03-31,2025-04-06,KG,2.841,2.841
APPLE_FAMILY,ONLINE,NL-ZH,4795.97,Weekly,2025-04-07,2025-04-13,KG,2.84,2.84
APPLE_FAMILY,ONLINE,NL-ZH,4508.49,Weekly,2025-04-14,2025-04-20,KG,2.81,2.81
APPLE_FAMILY,ONLINE,NL-ZH,4068.77,Weekly,2025-04-21,2025-04-27,KG,2.865,2.865
APPLE_FAMILY,ONLINE,NL-ZH,4497.92,Weekly,2025-04-28,2025-05-04,KG,2.818,2.818
APPLE_FAMILY,ONLINE,NL-ZH,4166.84,Weekly,2025-05-05,2025-05-11,KG,2.856,2.856
APPLE_FAMILY,ONLINE,NL-ZH,4110.51,Weekly,2025-05-12,2025-05-18,KG,2.792,2.792
APPLE_FAMILY,ONLINE,NL-ZH,3759.64,Weekly,2025-05-19,2025-05-25,KG,2.831,2.831
APPLE_FAMILY,ONLINE,NL-ZH,3609.13,Weekly,2025-05-26,2025-06-01,KG,2.862,2.862
APPLE_FAMILY,ONLINE,NL-ZH,3368.46,Weekly,2025-06-02,2025-06-08,KG,2.842,2.842
APPLE_FAMILY,ONLINE,NL-ZH,3775.17,Weekly,2025-06-09,2025-06-15,KG,2.89,2.89
APPLE_FAMILY,ONLINE,NL-ZH,3774.29,Weekly,2025-06-16,2025-06-22,KG,2.851,2.851
APPLE_FAMILY,ONLINE,NL-ZH,3544.36,Weekly,2025-06-23,2025-06-29,KG,2.893,2.893
APPLE_FAMILY,ONLINE,NL-ZH,3232.2799999999997,Weekly,2025-06-30,2025-07-06,KG,2.852,2.852
APPLE_FAMILY,ONLINE,NL-ZH,3457.9,Weekly,2025-07-07,2025-07-13,KG,2.85,2.85
APPLE_FAMILY,ONLINE,NL-ZH,3531.45,Weekly,2025-07-14,2025-07-20,KG,2.835,2.835
APPLE_FAMILY,ONLINE,NL-ZH,3512.7400000000002,Weekly,2025-07-21,2025-07-27,KG,2.864,2.864
APPLE_FAMILY,ONLINE,NL-ZH,3298.96,Weekly,2025-07-28,2025-08-03,KG,2.699,2.699
APPLE_FAMILY,ONLINE,NL-ZH,3801.83,Weekly,2025-08-04,2025-08-10,KG,2.417,2.417
APPLE_FAMILY,ONLINE,NL-ZH,3847.81,Weekly,2025-08-11,2025-08-17,KG,2.438,2.438
APPLE_FAMILY,ONLINE,NL-ZH,4129.66,Weekly,2025-08-18,2025-08-24,KG,2.407,2.407
APPLE_FAMILY,ONLINE,NL-ZH,3926.0,Weekly,2025-08-25,2025-08-31,KG,2.448,2.448
APPLE_FAMILY,ONLINE,NL-ZH,4202.17,Weekly,2025-09-01,2025-09-07,KG,2.296,2.296
APPLE_FAMILY,ONLINE,NL-ZH,4036.96,Weekly,2025-09-08,2025-09-14,KG,2.311,2.311
APPLE_FAMILY,ONLINE,NL-ZH,4039.0299999999997,Weekly,2025-09-15,2025-09-21,KG,2.317,2.317
APPLE_FAMILY,ONLINE,NL-ZH,4380.82,Weekly,2025-09-22,2025-09-28,KG,2.312,2.312
APPLE_FAMILY,ONLINE,NL-ZH,4084.9500000000003,Weekly,2025-09-29,2025-10-05,KG,2.313,2.313
APPLE_FAMILY,ONLINE,NL-ZH,4579.8,Weekly,2025-10-06,2025-10-12,KG,2.307,2.307
APPLE_FAMILY,ONLINE,NL-ZH,4488.93,Weekly,2025-10-13,2025-10-19,KG,2.293,2.293
APPLE_FAMILY,ONLINE,NL-ZH,3850.69,Weekly,2025-10-20,2025-10-26,KG,2.291,2.291
APPLE_FAMILY,ONLINE,NL-ZH,4187.6,Weekly,2025-10-27,2025-11-02,KG,2.308,2.308
APPLE_FAMILY,ONLINE,NL-ZH,5127.5,Weekly,2025-11-03,2025-11-09,KG,2.296,2.296
APPLE_FAMILY,ONLINE,NL-ZH,4467.45,Weekly,2025-11-10,2025-11-16,KG,2.331,2.331
APPLE_FAMILY,ONLINE,NL-ZH,4264.79,Weekly,2025-11-17,2025-11-23,KG,2.277,2.307
APPLE_FAMILY,ONLINE,NL-ZH,4424.97,Weekly,2025-11-24,2025-11-30,KG,2.313,2.313
APPLE_FAMILY,ONLINE,NL-ZH,4608.97,Weekly,2025-12-01,2025-12-07,KG,2.793,2.793
APPLE_FAMILY,ONLINE,NL-ZH,4981.31,Weekly,2025-12-08,2025-12-14,KG,2.824,2.824
APPLE_FAMILY,ONLINE,NL-ZH,4913.59,Weekly,2025-12-15,2025-12-21,KG,2.897,2.897
APPLE_FAMILY,ONLINE,NL-ZH,4995.03,Weekly,2025-12-22,2025-12-28,KG,2.844,2.844
APPLE_FAMILY,ONLINE,NL-ZH,4427.37,Weekly,2025-12-29,2026-01-04,KG,2.866,2.866
APPLE_FAMILY,ONLINE,NL-ZH,3827.98,Weekly,2026-01-05,2026-01-11,KG,2.836,2.836
APPLE_FAMILY,ONLINE,NL-ZH,4698.92,Weekly,2026-01-12,2026-01-18,KG,2.848,2.848
APPLE_FAMILY,ONLINE,NL-ZH,4938.89,Weekly,2026-01-19,2026-01-25,KG,2.856,2.856
APPLE_FAMILY,ONLINE,NL-ZH,4510.71,Weekly,2026-01-26,2026-02-01,KG,2.886,2.886
APPLE_FAMILY,RETAIL,NL-GE,5029.24,Weekly,2023-01-30,2023-02-05,KG,2.592,2.592
APPLE_FAMILY,RETAIL,NL-GE,8935.91,Weekly,2023-02-06,2023-02-12,KG,2.625,2.625
APPLE_FAMILY,RETAIL,NL-GE,8089.33,Weekly,2023-02-13,2023-02-19,KG,2.578,2.578
APPLE_FAMILY,RETAIL,NL-GE,8257.62,Weekly,2023-02-20,2023-02-26,KG,2.586,2.586
APPLE_FAMILY,RETAIL,NL-GE,8556.23,Weekly,2023-02-27,2023-03-05,KG,2.585,2.604
APPLE_FAMILY,RETAIL,NL-GE,6720.0599999999995,Weekly,2023-03-06,2023-03-12,KG,2.563,2.588
APPLE_FAMILY,RETAIL,NL-GE,8091.389999999999,Weekly,2023-03-13,2023-03-19,KG,2.575,2.575
APPLE_FAMILY,RETAIL,NL-GE,6538.01,Weekly,2023-03-20,2023-03-26,KG,2.617,2.617
APPLE_FAMILY,RETAIL,NL-GE,6954.610000000001,Weekly,2023-03-27,2023-04-02,KG,2.546,2.546
APPLE_FAMILY,RETAIL,NL-GE,7745.07,Weekly,2023-04-03,2023-04-09,KG,2.605,2.605
APPLE_FAMILY,RETAIL,NL-GE,7375.52,Weekly,2023-04-10,2023-04-16,KG,2.627,2.627
APPLE_FAMILY,RETAIL,NL-GE,7126.8099999999995,Weekly,2023-04-17,2023-04-23,KG,2.594,2.594
APPLE_FAMILY,RETAIL,NL-GE,6759.63,Weekly,2023-04-24,2023-04-30,KG,2.595,2.595
APPLE_FAMILY,RETAIL,NL-GE,7074.79,Weekly,2023-05-01,2023-05-07,KG,2.575,2.575
APPLE_FAMILY,RETAIL,NL-GE,6118.360000000001,Weekly,2023-05-08,2023-05-14,KG,2.589,2.589
APPLE_FAMILY,RETAIL,NL-GE,7345.889999999999,Weekly,2023-05-15,2023-05-21,KG,2.609,2.609
APPLE_FAMILY,RETAIL,NL-GE,7007.59,Weekly,2023-05-22,2023-05-28,KG,2.581,2.581
APPLE_FAMILY,RETAIL,NL-GE,6967.93,Weekly,2023-05-29,2023-06-04,KG,2.609,2.609
APPLE_FAMILY,RETAIL,NL-GE,7042.1,Weekly,2023-06-05,2023-06-11,KG,2.604,2.604
APPLE_FAMILY,RETAIL,NL-GE,6803.05,Weekly,2023-06-12,2023-06-18,KG,2.562,2.562
APPLE_FAMILY,RETAIL,NL-GE,6151.26,Weekly,2023-06-19,2023-06-25,KG,2.559,2.559
APPLE_FAMILY,RETAIL,NL-GE,5972.6,Weekly,2023-06-26,2023-07-02,KG,2.576,2.576
APPLE_FAMILY,RETAIL,NL-GE,6198.44,Weekly,2023-07-03,2023-07-09,KG,2.572,2.572
APPLE_FAMILY,RETAIL,NL-GE,6392.62,Weekly,2023-07-10,2023-07-16,KG,2.589,2.589
APPLE_FAMILY,RETAIL,NL-GE,5969.9,Weekly,2023-07-17,2023-07-23,KG,2.597,2.597
APPLE_FAMILY,RETAIL,NL-GE,5351.16,Weekly,2023-07-24,2023-07-30,KG,2.582,2.582
APPLE_FAMILY,RETAIL,NL-GE,4936.57,Weekly,2023-07-31,2023-08-06,KG,2.223,2.223
APPLE_FAMILY,RETAIL,NL-GE,6685.23,Weekly,2023-08-07,2023-08-13,KG,2.206,2.215
APPLE_FAMILY,RETAIL,NL-GE,7031.4800000000005,Weekly,2023-08-14,2023-08-20,KG,2.2,2.242
APPLE_FAMILY,RETAIL,NL-GE,6940.45,Weekly,2023-08-21,2023-08-27,KG,2.188,2.216
APPLE_FAMILY,RETAIL,NL-GE,7279.91,Weekly,2023-08-28,2023-09-03,KG,2.128,2.128
APPLE_FAMILY,RETAIL,NL-GE,8202.77,Weekly,2023-09-04,2023-09-10,KG,2.113,2.113
APPLE_FAMILY,RETAIL,NL-GE,7613.32,Weekly,2023-09-11,2023-09-17,KG,2.103,2.103
APPLE_FAMILY,RETAIL,NL-GE,7594.49,Weekly,2023-09-18,2023-09-24,KG,2.104,2.104
APPLE_FAMILY,RETAIL,NL-GE,8614.08,Weekly,2023-09-25,2023-10-01,KG,2.076,2.076
APPLE_FAMILY,RETAIL,NL-GE,10084.72,Weekly,2023-10-02,2023-10-08,KG,1.919,2.084
APPLE_FAMILY,RETAIL,NL-GE,8712.14,Weekly,2023-10-09,2023-10-15,KG,1.946,2.099
APPLE_FAMILY,RETAIL,NL-GE,7312.2300000000005,Weekly,2023-10-16,2023-10-22,KG,2.09,2.09
APPLE_FAMILY,RETAIL,NL-GE,6555.219999999999,Weekly,2023-10-23,2023-10-29,KG,2.127,2.127
APPLE_FAMILY,RETAIL,NL-GE,7440.54,Weekly,2023-10-30,2023-11-05,KG,2.121,2.121
APPLE_FAMILY,RETAIL,NL-GE,7719.05,Weekly,2023-11-06,2023-11-12,KG,2.115,2.115
APPLE_FAMILY,RETAIL,NL-GE,7528.1,Weekly,2023-11-13,2023-11-19,KG,2.124,2.124
APPLE_FAMILY,RETAIL,NL-GE,7912.88,Weekly,2023-11-20,2023-11-26,KG,2.135,2.135
APPLE_FAMILY,RETAIL,NL-GE,7582.41,Weekly,2023-11-27,2023-12-03,KG,2.334,2.334
APPLE_FAMILY,RETAIL,NL-GE,7248.889999999999,Weekly,2023-12-04,2023-12-10,KG,2.539,2.539
APPLE_FAMILY,RETAIL,NL-GE,8527.09,Weekly,2023-12-11,2023-12-17,KG,2.622,2.622
APPLE_FAMILY,RETAIL,NL-GE,6807.7,Weekly,2023-12-18,2023-12-24,KG,2.609,2.609
APPLE_FAMILY,RETAIL,NL-GE,7573.64,Weekly,2023-12-25,2023-12-31,KG,2.604,2.604
APPLE_FAMILY,RETAIL,NL-GE,7856.61,Weekly,2024-01-01,2024-01-07,KG,2.584,2.584
APPLE_FAMILY,RETAIL,NL-GE,8091.95,Weekly,2024-01-08,2024-01-14,KG,2.584,2.584
APPLE_FAMILY,RETAIL,NL-GE,8045.91,Weekly,2024-01-15,2024-01-21,KG,2.563,2.563
APPLE_FAMILY,RETAIL,NL-GE,8190.41,Weekly,2024-01-22,2024-01-28,KG,2.565,2.565
APPLE_FAMILY,RETAIL,NL-GE,8430.51,Weekly,2024-01-29,2024-02-04,KG,2.597,2.597
APPLE_FAMILY,RETAIL,NL-GE,7092.93,Weekly,2024-02-05,2024-02-11,KG,2.568,2.568
APPLE_FAMILY,RETAIL,NL-GE,8184.13,Weekly,2024-02-12,2024-02-18,KG,2.55,2.571
APPLE_FAMILY,RETAIL,NL-GE,7726.96,Weekly,2024-02-19,2024-02-25,KG,2.569,2.6
APPLE_FAMILY,RETAIL,NL-GE,8301.92,Weekly,2024-02-26,2024-03-03,KG,2.594,2.605
APPLE_FAMILY,RETAIL,NL-GE,8906.66,Weekly,2024-03-04,2024-03-10,KG,2.603,2.603
APPLE_FAMILY,RETAIL,NL-GE,7926.3,Weekly,2024-03-11,2024-03-17,KG,2.612,2.612
APPLE_FAMILY,RETAIL,NL-GE,7723.54,Weekly,2024-03-18,2024-03-24,KG,2.573,2.573
APPLE_FAMILY,RETAIL,NL-GE,7737.76,Weekly,2024-03-25,2024-03-31,KG,2.599,2.599
APPLE_FAMILY,RETAIL,NL-GE,7568.07,Weekly,2024-04-01,2024-04-07,KG,2.596,2.596
APPLE_FAMILY,RETAIL,NL-GE,7780.46,Weekly,2024-04-08,2024-04-14,KG,2.599,2.599
APPLE_FAMILY,RETAIL,NL-GE,5847.13,Weekly,2024-04-15,2024-04-21,KG,2.596,2.596
APPLE_FAMILY,RETAIL,NL-GE,6996.88,Weekly,2024-04-22,2024-04-28,KG,2.594,2.594
APPLE_FAMILY,RETAIL,NL-GE,7135.639999999999,Weekly,2024-04-29,2024-05-05,KG,2.619,2.619
APPLE_FAMILY,RETAIL,NL-GE,7652.2699999999995,Weekly,2024-05-06,2024-05-12,KG,2.602,2.602
APPLE_FAMILY,RETAIL,NL-GE,7062.69,Weekly,2024-05-13,2024-05-19,KG,2.625,2.625
APPLE_FAMILY,RETAIL,NL-GE,5973.3099999999995,Weekly,2024-05-20,2024-05-26,KG,2.625,2.625
APPLE_FAMILY,RETAIL,NL-GE,6014.63,Weekly,2024-05-27,2024-06-02,KG,2.6,2.6
APPLE_FAMILY,RETAIL,NL-GE,6499.45,Weekly,2024-06-03,2024-06-09,KG,2.608,2.608
APPLE_FAMILY,RETAIL,NL-GE,5460.29,Weekly,2024-06-10,2024-06-16,KG,2.608,2.608
APPLE_FAMILY,RETAIL,NL-GE,5747.32,Weekly,2024-06-17,2024-06-23,KG,2.588,2.588
APPLE_FAMILY,RETAIL,NL-GE,6163.929999999999,Weekly,2024-06-24,2024-06-30,KG,2.591,2.591
APPLE_FAMILY,RETAIL,NL-GE,5881.95,Weekly,2024-07-01,2024-07-07,KG,2.581,2.581
APPLE_FAMILY,RETAIL,NL-GE,5715.13,Weekly,2024-07-08,2024-07-14,KG,2.599,2.599
APPLE_FAMILY,RETAIL,NL-GE,6419.349999999999,Weekly,2024-07-15,2024-07-21,KG,2.579,2.579
APPLE_FAMILY,RETAIL,NL-GE,6378.49,Weekly,2024-07-22,2024-07-28,KG,2.559,2.559
APPLE_FAMILY,RETAIL,NL-GE,6387.43,Weekly,2024-07-29,2024-08-04,KG,2.385,2.385
APPLE_FAMILY,RETAIL,NL-GE,6833.08,Weekly,2024-08-05,2024-08-11,KG,2.196,2.196
APPLE_FAMILY,RETAIL,NL-GE,6513.4800000000005,Weekly,2024-08-12,2024-08-18,KG,2.225,2.225
APPLE_FAMILY,RETAIL,NL-GE,6824.900000000001,Weekly,2024-08-19,2024-08-25,KG,2.222,2.222
APPLE_FAMILY,RETAIL,NL-GE,7335.35,Weekly,2024-08-26,2024-09-01,KG,2.184,2.184
APPLE_FAMILY,RETAIL,NL-GE,7254.96,Weekly,2024-09-02,2024-09-08,KG,2.119,2.119
APPLE_FAMILY,RETAIL,NL-GE,6822.25,Weekly,2024-09-09,2024-09-15,KG,2.074,2.074
APPLE_FAMILY,RETAIL,NL-GE,8292.17,Weekly,2024-09-16,2024-09-22,KG,2.112,2.112
APPLE_FAMILY,RETAIL,NL-GE,6812.34,Weekly,2024-09-23,2024-09-29,KG,2.084,2.084
APPLE_FAMILY,RETAIL,NL-GE,7497.88,Weekly,2024-09-30,2024-10-06,KG,2.107,2.107
APPLE_FAMILY,RETAIL,NL-GE,7278.38,Weekly,2024-10-07,2024-10-13,KG,2.104,2.104
APPLE_FAMILY,RETAIL,NL-GE,8283.460000000001,Weekly,2024-10-14,2024-10-20,KG,2.131,2.131
APPLE_FAMILY,RETAIL,NL-GE,8825.54,Weekly,2024-10-21,2024-10-27,KG,2.099,2.099
APPLE_FAMILY,RETAIL,NL-GE,8202.08,Weekly,2024-10-28,2024-11-03,KG,2.105,2.105
APPLE_FAMILY,RETAIL,NL-GE,8293.36,Weekly,2024-11-04,2024-11-10,KG,2.112,2.112
APPLE_FAMILY,RETAIL,NL-GE,7642.65,Weekly,2024-11-11,2024-11-17,KG,2.092,2.092
APPLE_FAMILY,RETAIL,NL-GE,7377.41,Weekly,2024-11-18,2024-11-24,KG,2.117,2.117
APPLE_FAMILY,RETAIL,NL-GE,8436.56,Weekly,2024-11-25,2024-12-01,KG,2.225,2.225
APPLE_FAMILY,RETAIL,NL-GE,7855.5599999999995,Weekly,2024-12-02,2024-12-08,KG,2.595,2.595
APPLE_FAMILY,RETAIL,NL-GE,8239.710000000001,Weekly,2024-12-09,2024-12-15,KG,2.59,2.59
APPLE_FAMILY,RETAIL,NL-GE,8184.47,Weekly,2024-12-16,2024-12-22,KG,2.566,2.566
APPLE_FAMILY,RETAIL,NL-GE,8439.6,Weekly,2024-12-23,2024-12-29,KG,2.586,2.586
APPLE_FAMILY,RETAIL,NL-GE,7617.0,Weekly,2024-12-30,2025-01-05,KG,2.602,2.602
APPLE_FAMILY,RETAIL,NL-GE,8124.15,Weekly,2025-01-06,2025-01-12,KG,2.592,2.592
APPLE_FAMILY,RETAIL,NL-GE,8409.3,Weekly,2025-01-13,2025-01-19,KG,2.575,2.575
APPLE_FAMILY,RETAIL,NL-GE,7434.8,Weekly,2025-01-20,2025-01-26,KG,2.562,2.562
APPLE_FAMILY,RETAIL,NL-GE,8266.960000000001,Weekly,2025-01-27,2025-02-02,KG,2.587,2.587
APPLE_FAMILY,RETAIL,NL-GE,9554.65,Weekly,2025-02-03,2025-02-09,KG,2.46,2.579
APPLE_FAMILY,RETAIL,NL-GE,9063.99,Weekly,2025-02-10,2025-02-16,KG,2.404,2.615
APPLE_FAMILY,RETAIL,NL-GE,9051.76,Weekly,2025-02-17,2025-02-23,KG,2.605,2.605
APPLE_FAMILY,RETAIL,NL-GE,7887.01,Weekly,2025-02-24,2025-03-02,KG,2.581,2.581
APPLE_FAMILY,RETAIL,NL-GE,9414.12,Weekly,2025-03-03,2025-03-09,KG,2.603,2.603
APPLE_FAMILY,RETAIL,NL-GE,8614.0,Weekly,2025-03-10,2025-03-16,KG,2.594,2.594
APPLE_FAMILY,RETAIL,NL-GE,9325.69,Weekly,2025-03-17,2025-03-23,KG,2.583,2.583
APPLE_FAMILY,RETAIL,NL-GE,8733.04,Weekly,2025-03-24,2025-03-30,KG,2.589,2.589
APPLE_FAMILY,RETAIL,NL-GE,9102.76,Weekly,2025-03-31,2025-04-06,KG,2.599,2.599
APPLE_FAMILY,RETAIL,NL-GE,8444.44,Weekly,2025-04-07,2025-04-13,KG,2.614,2.614
APPLE_FAMILY,RETAIL,NL-GE,7347.01,Weekly,2025-04-14,2025-04-20,KG,2.614,2.614
APPLE_FAMILY,RETAIL,NL-GE,7450.08,Weekly,2025-04-21,2025-04-27,KG,2.587,2.587
APPLE_FAMILY,RETAIL,NL-GE,8049.35,Weekly,2025-04-28,2025-05-04,KG,2.585,2.585
APPLE_FAMILY,RETAIL,NL-GE,7462.93,Weekly,2025-05-05,2025-05-11,KG,2.606,2.606
APPLE_FAMILY,RETAIL,NL-GE,7800.28,Weekly,2025-05-12,2025-05-18,KG,2.571,2.571
APPLE_FAMILY,RETAIL,NL-GE,6628.98,Weekly,2025-05-19,2025-05-25,KG,2.625,2.625
APPLE_FAMILY,RETAIL,NL-GE,6097.4,Weekly,2025-05-26,2025-06-01,KG,2.596,2.596
APPLE_FAMILY,RETAIL,NL-GE,5913.84,Weekly,2025-06-02,2025-06-08,KG,2.574,2.574
APPLE_FAMILY,RETAIL,NL-GE,6905.47,Weekly,2025-06-09,2025-06-15,KG,2.598,2.598
APPLE_FAMILY,RETAIL,NL-GE,6623.73,Weekly,2025-06-16,2025-06-22,KG,2.561,2.561
APPLE_FAMILY,RETAIL,NL-GE,6192.13,Weekly,2025-06-23,2025-06-29,KG,2.57,2.57
APPLE_FAMILY,RETAIL,NL-GE,5833.77,Weekly,2025-06-30,2025-07-06,KG,2.619,2.619
APPLE_FAMILY,RETAIL,NL-GE,6571.34,Weekly,2025-07-07,2025-07-13,KG,2.594,2.594
APPLE_FAMILY,RETAIL,NL-GE,6286.55,Weekly,2025-07-14,2025-07-20,KG,2.567,2.567
APPLE_FAMILY,RETAIL,NL-GE,6293.8,Weekly,2025-07-21,2025-07-27,KG,2.585,2.585
APPLE_FAMILY,RETAIL,NL-GE,6260.99,Weekly,2025-07-28,2025-08-03,KG,2.413,2.413
APPLE_FAMILY,RETAIL,NL-GE,6844.43,Weekly,2025-08-04,2025-08-10,KG,2.219,2.219
APPLE_FAMILY,RETAIL,NL-GE,6796.03,Weekly,2025-08-11,2025-08-17,KG,2.201,2.209
APPLE_FAMILY,RETAIL,NL-GE,7372.0,Weekly,2025-08-18,2025-08-24,KG,2.183,2.193
APPLE_FAMILY,RETAIL,NL-GE,7549.08,Weekly,2025-08-25,2025-08-31,KG,2.219,2.234
APPLE_FAMILY,RETAIL,NL-GE,7516.14,Weekly,2025-09-01,2025-09-07,KG,2.088,2.097
APPLE_FAMILY,RETAIL,NL-GE,6835.1900000000005,Weekly,2025-09-08,2025-09-14,KG,2.104,2.104
APPLE_FAMILY,RETAIL,NL-GE,6856.42,Weekly,2025-09-15,2025-09-21,KG,2.125,2.125
APPLE_FAMILY,RETAIL,NL-GE,8065.15,Weekly,2025-09-22,2025-09-28,KG,2.108,2.108
APPLE_FAMILY,RETAIL,NL-GE,7188.63,Weekly,2025-09-29,2025-10-05,KG,2.118,2.118
APPLE_FAMILY,RETAIL,NL-GE,7567.01,Weekly,2025-10-06,2025-10-12,KG,2.115,2.115
APPLE_FAMILY,RETAIL,NL-GE,8386.28,Weekly,2025-10-13,2025-10-19,KG,2.115,2.115
APPLE_FAMILY,RETAIL,NL-GE,7323.95,Weekly,2025-10-20,2025-10-26,KG,2.111,2.111
APPLE_FAMILY,RETAIL,NL-GE,7368.61,Weekly,2025-10-27,2025-11-02,KG,2.099,2.099
APPLE_FAMILY,RETAIL,NL-GE,9113.68,Weekly,2025-11-03,2025-11-09,KG,2.093,2.093
APPLE_FAMILY,RETAIL,NL-GE,7690.33,Weekly,2025-11-10,2025-11-16,KG,2.088,2.088
APPLE_FAMILY,RETAIL,NL-GE,7729.41,Weekly,2025-11-17,2025-11-23,KG,2.121,2.121
APPLE_FAMILY,RETAIL,NL-GE,8144.29,Weekly,2025-11-24,2025-11-30,KG,2.091,2.091
APPLE_FAMILY,RETAIL,NL-GE,7338.62,Weekly,2025-12-01,2025-12-07,KG,2.595,2.595
APPLE_FAMILY,RETAIL,NL-GE,8858.71,Weekly,2025-12-08,2025-12-14,KG,2.609,2.609
APPLE_FAMILY,RETAIL,NL-GE,9178.23,Weekly,2025-12-15,2025-12-21,KG,2.582,2.582
APPLE_FAMILY,RETAIL,NL-GE,8276.78,Weekly,2025-12-22,2025-12-28,KG,2.582,2.582
APPLE_FAMILY,RETAIL,NL-GE,7758.86,Weekly,2025-12-29,2026-01-04,KG,2.621,2.621
APPLE_FAMILY,RETAIL,NL-GE,7176.7,Weekly,2026-01-05,2026-01-11,KG,2.609,2.609
APPLE_FAMILY,RETAIL,NL-GE,8686.89,Weekly,2026-01-12,2026-01-18,KG,2.619,2.619
APPLE_FAMILY,RETAIL,NL-GE,9065.59,Weekly,2026-01-19,2026-01-25,KG,2.587,2.587
APPLE_FAMILY,RETAIL,NL-GE,8189.360000000001,Weekly,2026-01-26,2026-02-01,KG,2.608,2.608
APPLE_FAMILY,RETAIL,NL-NB,5593.25,Weekly,2023-01-30,2023-02-05,KG,2.59,2.665
APPLE_FAMILY,RETAIL,NL-NB,8772.8,Weekly,2023-02-06,2023-02-12,KG,2.615,2.648
APPLE_FAMILY,RETAIL,NL-NB,9134.0,Weekly,2023-02-13,2023-02-19,KG,2.67,2.67
APPLE_FAMILY,RETAIL,NL-NB,8180.93,Weekly,2023-02-20,2023-02-26,KG,2.678,2.678
APPLE_FAMILY,RETAIL,NL-NB,8438.880000000001,Weekly,2023-02-27,2023-03-05,KG,2.694,2.694
APPLE_FAMILY,RETAIL,NL-NB,7002.68,Weekly,2023-03-06,2023-03-12,KG,2.695,2.695
APPLE_FAMILY,RETAIL,NL-NB,8612.2,Weekly,2023-03-13,2023-03-19,KG,2.67,2.67
APPLE_FAMILY,RETAIL,NL-NB,6816.69,Weekly,2023-03-20,2023-03-26,KG,2.697,2.697
APPLE_FAMILY,RETAIL,NL-NB,7081.13,Weekly,2023-03-27,2023-04-02,KG,2.669,2.669
APPLE_FAMILY,RETAIL,NL-NB,7731.24,Weekly,2023-04-03,2023-04-09,KG,2.652,2.652
APPLE_FAMILY,RETAIL,NL-NB,7223.3,Weekly,2023-04-10,2023-04-16,KG,2.683,2.683
APPLE_FAMILY,RETAIL,NL-NB,7162.27,Weekly,2023-04-17,2023-04-23,KG,2.685,2.685
APPLE_FAMILY,RETAIL,NL-NB,6895.75,Weekly,2023-04-24,2023-04-30,KG,2.643,2.643
APPLE_FAMILY,RETAIL,NL-NB,7147.01,Weekly,2023-05-01,2023-05-07,KG,2.682,2.682
APPLE_FAMILY,RETAIL,NL-NB,6603.4,Weekly,2023-05-08,2023-05-14,KG,2.692,2.692
APPLE_FAMILY,RETAIL,NL-NB,7708.89,Weekly,2023-05-15,2023-05-21,KG,2.678,2.678
APPLE_FAMILY,RETAIL,NL-NB,7537.88,Weekly,2023-05-22,2023-05-28,KG,2.66,2.66
APPLE_FAMILY,RETAIL,NL-NB,7268.91,Weekly,2023-05-29,2023-06-04,KG,2.648,2.648
APPLE_FAMILY,RETAIL,NL-NB,7187.66,Weekly,2023-06-05,2023-06-11,KG,2.683,2.683
APPLE_FAMILY,RETAIL,NL-NB,7065.549999999999,Weekly,2023-06-12,2023-06-18,KG,2.665,2.681
APPLE_FAMILY,RETAIL,NL-NB,6423.5,Weekly,2023-06-19,2023-06-25,KG,2.651,2.663
APPLE_FAMILY,RETAIL,NL-NB,6546.889999999999,Weekly,2023-06-26,2023-07-02,KG,2.688,2.688
APPLE_FAMILY,RETAIL,NL-NB,6503.09,Weekly,2023-07-03,2023-07-09,KG,2.645,2.645
APPLE_FAMILY,RETAIL,NL-NB,6564.58,Weekly,2023-07-10,2023-07-16,KG,2.664,2.664
APPLE_FAMILY,RETAIL,NL-NB,6680.72,Weekly,2023-07-17,2023-07-23,KG,2.694,2.694
APPLE_FAMILY,RETAIL,NL-NB,5807.89,Weekly,2023-07-24,2023-07-30,KG,2.689,2.689
APPLE_FAMILY,RETAIL,NL-NB,5267.68,Weekly,2023-07-31,2023-08-06,KG,2.31,2.31
APPLE_FAMILY,RETAIL,NL-NB,7726.76,Weekly,2023-08-07,2023-08-13,KG,2.036,2.277
APPLE_FAMILY,RETAIL,NL-NB,9798.02,Weekly,2023-08-14,2023-08-20,KG,1.854,2.28
APPLE_FAMILY,RETAIL,NL-NB,7347.84,Weekly,2023-08-21,2023-08-27,KG,2.287,2.287
APPLE_FAMILY,RETAIL,NL-NB,7199.73,Weekly,2023-08-28,2023-09-03,KG,2.255,2.255
APPLE_FAMILY,RETAIL,NL-NB,8365.69,Weekly,2023-09-04,2023-09-10,KG,2.158,2.158
APPLE_FAMILY,RETAIL,NL-NB,7931.69,Weekly,2023-09-11,2023-09-17,KG,2.142,2.142
APPLE_FAMILY,RETAIL,NL-NB,7789.6900000000005,Weekly,2023-09-18,2023-09-24,KG,2.172,2.172
APPLE_FAMILY,RETAIL,NL-NB,9139.14,Weekly,2023-09-25,2023-10-01,KG,2.191,2.191
APPLE_FAMILY,RETAIL,NL-NB,8876.06,Weekly,2023-10-02,2023-10-08,KG,2.157,2.157
APPLE_FAMILY,RETAIL,NL-NB,7915.360000000001,Weekly,2023-10-09,2023-10-15,KG,2.195,2.195
APPLE_FAMILY,RETAIL,NL-NB,7805.03,Weekly,2023-10-16,2023-10-22,KG,2.186,2.186
APPLE_FAMILY,RETAIL,NL-NB,7442.76,Weekly,2023-10-23,2023-10-29,KG,2.185,2.185
APPLE_FAMILY,RETAIL,NL-NB,7334.17,Weekly,2023-10-30,2023-11-05,KG,2.179,2.179
APPLE_FAMILY,RETAIL,NL-NB,8241.46,Weekly,2023-11-06,2023-11-12,KG,2.193,2.193
APPLE_FAMILY,RETAIL,NL-NB,7637.31,Weekly,2023-11-13,2023-11-19,KG,2.193,2.193
APPLE_FAMILY,RETAIL,NL-NB,8914.7,Weekly,2023-11-20,2023-11-26,KG,2.178,2.178
APPLE_FAMILY,RETAIL,NL-NB,7588.3,Weekly,2023-11-27,2023-12-03,KG,2.418,2.418
APPLE_FAMILY,RETAIL,NL-NB,8028.45,Weekly,2023-12-04,2023-12-10,KG,2.659,2.659
APPLE_FAMILY,RETAIL,NL-NB,8918.24,Weekly,2023-12-11,2023-12-17,KG,2.678,2.678
APPLE_FAMILY,RETAIL,NL-NB,7413.57,Weekly,2023-12-18,2023-12-24,KG,2.681,2.681
APPLE_FAMILY,RETAIL,NL-NB,8236.92,Weekly,2023-12-25,2023-12-31,KG,2.675,2.675
APPLE_FAMILY,RETAIL,NL-NB,7822.84,Weekly,2024-01-01,2024-01-07,KG,2.688,2.688
APPLE_FAMILY,RETAIL,NL-NB,8219.07,Weekly,2024-01-08,2024-01-14,KG,2.674,2.674
APPLE_FAMILY,RETAIL,NL-NB,8461.76,Weekly,2024-01-15,2024-01-21,KG,2.679,2.679
APPLE_FAMILY,RETAIL,NL-NB,8889.51,Weekly,2024-01-22,2024-01-28,KG,2.657,2.657
APPLE_FAMILY,RETAIL,NL-NB,8917.06,Weekly,2024-01-29,2024-02-04,KG,2.656,2.656
APPLE_FAMILY,RETAIL,NL-NB,8167.43,Weekly,2024-02-05,2024-02-11,KG,2.656,2.656
APPLE_FAMILY,RETAIL,NL-NB,8662.369999999999,Weekly,2024-02-12,2024-02-18,KG,2.668,2.668
APPLE_FAMILY,RETAIL,NL-NB,8353.24,Weekly,2024-02-19,2024-02-25,KG,2.677,2.677
APPLE_FAMILY,RETAIL,NL-NB,8381.3,Weekly,2024-02-26,2024-03-03,KG,2.659,2.659
APPLE_FAMILY,RETAIL,NL-NB,9206.27,Weekly,2024-03-04,2024-03-10,KG,2.687,2.687
APPLE_FAMILY,RETAIL,NL-NB,7824.6,Weekly,2024-03-11,2024-03-17,KG,2.678,2.678
APPLE_FAMILY,RETAIL,NL-NB,7698.7699999999995,Weekly,2024-03-18,2024-03-24,KG,2.694,2.694
APPLE_FAMILY,RETAIL,NL-NB,7924.82,Weekly,2024-03-25,2024-03-31,KG,2.684,2.684
APPLE_FAMILY,RETAIL,NL-NB,7658.21,Weekly,2024-04-01,2024-04-07,KG,2.68,2.68
APPLE_FAMILY,RETAIL,NL-NB,8160.71,Weekly,2024-04-08,2024-04-14,KG,2.678,2.678
APPLE_FAMILY,RETAIL,NL-NB,6211.53,Weekly,2024-04-15,2024-04-21,KG,2.696,2.696
APPLE_FAMILY,RETAIL,NL-NB,7174.95,Weekly,2024-04-22,2024-04-28,KG,2.677,2.677
APPLE_FAMILY,RETAIL,NL-NB,6707.6900000000005,Weekly,2024-04-29,2024-05-05,KG,2.66,2.66
APPLE_FAMILY,RETAIL,NL-NB,7384.79,Weekly,2024-05-06,2024-05-12,KG,2.703,2.703
APPLE_FAMILY,RETAIL,NL-NB,6350.91,Weekly,2024-05-13,2024-05-19,KG,2.663,2.663
APPLE_FAMILY,RETAIL,NL-NB,6141.17,Weekly,2024-05-20,2024-05-26,KG,2.687,2.687
APPLE_FAMILY,RETAIL,NL-NB,6554.66,Weekly,2024-05-27,2024-06-02,KG,2.685,2.685
APPLE_FAMILY,RETAIL,NL-NB,6881.65,Weekly,2024-06-03,2024-06-09,KG,2.676,2.676
APPLE_FAMILY,RETAIL,NL-NB,5757.55,Weekly,2024-06-10,2024-06-16,KG,2.614,2.614
APPLE_FAMILY,RETAIL,NL-NB,6210.41,Weekly,2024-06-17,2024-06-23,KG,2.674,2.674
APPLE_FAMILY,RETAIL,NL-NB,6660.5199999999995,Weekly,2024-06-24,2024-06-30,KG,2.66,2.66
APPLE_FAMILY,RETAIL,NL-NB,5983.45,Weekly,2024-07-01,2024-07-07,KG,2.671,2.671
APPLE_FAMILY,RETAIL,NL-NB,6032.55,Weekly,2024-07-08,2024-07-14,KG,2.671,2.671
APPLE_FAMILY,RETAIL,NL-NB,6878.12,Weekly,2024-07-15,2024-07-21,KG,2.643,2.643
APPLE_FAMILY,RETAIL,NL-NB,6001.36,Weekly,2024-07-22,2024-07-28,KG,2.662,2.662
APPLE_FAMILY,RETAIL,NL-NB,6737.7,Weekly,2024-07-29,2024-08-04,KG,2.461,2.461
APPLE_FAMILY,RETAIL,NL-NB,6919.99,Weekly,2024-08-05,2024-08-11,KG,2.265,2.265
APPLE_FAMILY,RETAIL,NL-NB,6800.68,Weekly,2024-08-12,2024-08-18,KG,2.275,2.275
APPLE_FAMILY,RETAIL,NL-NB,7147.34,Weekly,2024-08-19,2024-08-25,KG,2.293,2.293
APPLE_FAMILY,RETAIL,NL-NB,7884.9400000000005,Weekly,2024-08-26,2024-09-01,KG,2.286,2.286
APPLE_FAMILY,RETAIL,NL-NB,7350.59,Weekly,2024-09-02,2024-09-08,KG,2.164,2.164
APPLE_FAMILY,RETAIL,NL-NB,7110.530000000001,Weekly,2024-09-09,2024-09-15,KG,2.146,2.146
APPLE_FAMILY,RETAIL,NL-NB,9250.83,Weekly,2024-09-16,2024-09-22,KG,2.2,2.2
APPLE_FAMILY,RETAIL,NL-NB,7392.25,Weekly,2024-09-23,2024-09-29,KG,2.169,2.169
APPLE_FAMILY,RETAIL,NL-NB,7888.71,Weekly,2024-09-30,2024-10-06,KG,2.184,2.184
APPLE_FAMILY,RETAIL,NL-NB,7700.06,Weekly,2024-10-07,2024-10-13,KG,2.144,2.144
APPLE_FAMILY,RETAIL,NL-NB,8338.64,Weekly,2024-10-14,2024-10-20,KG,2.193,2.193
APPLE_FAMILY,RETAIL,NL-NB,8262.61,Weekly,2024-10-21,2024-10-27,KG,2.171,2.171
APPLE_FAMILY,RETAIL,NL-NB,8219.19,Weekly,2024-10-28,2024-11-03,KG,2.178,2.201
APPLE_FAMILY,RETAIL,NL-NB,8129.49,Weekly,2024-11-04,2024-11-10,KG,2.168,2.177
APPLE_FAMILY,RETAIL,NL-NB,8612.94,Weekly,2024-11-11,2024-11-17,KG,2.163,2.163
APPLE_FAMILY,RETAIL,NL-NB,7376.45,Weekly,2024-11-18,2024-11-24,KG,2.162,2.162
APPLE_FAMILY,RETAIL,NL-NB,8825.22,Weekly,2024-11-25,2024-12-01,KG,2.226,2.226
APPLE_FAMILY,RETAIL,NL-NB,7991.51,Weekly,2024-12-02,2024-12-08,KG,2.644,2.644
APPLE_FAMILY,RETAIL,NL-NB,8331.44,Weekly,2024-12-09,2024-12-15,KG,2.671,2.671
APPLE_FAMILY,RETAIL,NL-NB,8280.15,Weekly,2024-12-16,2024-12-22,KG,2.683,2.683
APPLE_FAMILY,RETAIL,NL-NB,8431.06,Weekly,2024-12-23,2024-12-29,KG,2.667,2.667
APPLE_FAMILY,RETAIL,NL-NB,7540.15,Weekly,2024-12-30,2025-01-05,KG,2.651,2.651
APPLE_FAMILY,RETAIL,NL-NB,8248.04,Weekly,2025-01-06,2025-01-12,KG,2.68,2.68
APPLE_FAMILY,RETAIL,NL-NB,8842.76,Weekly,2025-01-13,2025-01-19,KG,2.684,2.684
APPLE_FAMILY,RETAIL,NL-NB,7510.02,Weekly,2025-01-20,2025-01-26,KG,2.675,2.675
APPLE_FAMILY,RETAIL,NL-NB,8790.51,Weekly,2025-01-27,2025-02-02,KG,2.662,2.662
APPLE_FAMILY,RETAIL,NL-NB,8662.1,Weekly,2025-02-03,2025-02-09,KG,2.654,2.66
APPLE_FAMILY,RETAIL,NL-NB,8262.85,Weekly,2025-02-10,2025-02-16,KG,2.672,2.707
APPLE_FAMILY,RETAIL,NL-NB,9475.17,Weekly,2025-02-17,2025-02-23,KG,2.669,2.669
APPLE_FAMILY,RETAIL,NL-NB,8488.8,Weekly,2025-02-24,2025-03-02,KG,2.673,2.673
APPLE_FAMILY,RETAIL,NL-NB,10044.0,Weekly,2025-03-03,2025-03-09,KG,2.68,2.68
APPLE_FAMILY,RETAIL,NL-NB,9143.01,Weekly,2025-03-10,2025-03-16,KG,2.677,2.677
APPLE_FAMILY,RETAIL,NL-NB,9439.210000000001,Weekly,2025-03-17,2025-03-23,KG,2.639,2.639
APPLE_FAMILY,RETAIL,NL-NB,8900.22,Weekly,2025-03-24,2025-03-30,KG,2.672,2.672
APPLE_FAMILY,RETAIL,NL-NB,9227.3,Weekly,2025-03-31,2025-04-06,KG,2.67,2.67
APPLE_FAMILY,RETAIL,NL-NB,9053.45,Weekly,2025-04-07,2025-04-13,KG,2.674,2.674
APPLE_FAMILY,RETAIL,NL-NB,6711.01,Weekly,2025-04-14,2025-04-20,KG,2.664,2.664
APPLE_FAMILY,RETAIL,NL-NB,7658.3099999999995,Weekly,2025-04-21,2025-04-27,KG,2.674,2.674
APPLE_FAMILY,RETAIL,NL-NB,8367.55,Weekly,2025-04-28,2025-05-04,KG,2.657,2.657
APPLE_FAMILY,RETAIL,NL-NB,7672.61,Weekly,2025-05-05,2025-05-11,KG,2.656,2.656
APPLE_FAMILY,RETAIL,NL-NB,7844.42,Weekly,2025-05-12,2025-05-18,KG,2.647,2.647
APPLE_FAMILY,RETAIL,NL-NB,6977.860000000001,Weekly,2025-05-19,2025-05-25,KG,2.629,2.689
APPLE_FAMILY,RETAIL,NL-NB,6479.6,Weekly,2025-05-26,2025-06-01,KG,2.703,2.714
APPLE_FAMILY,RETAIL,NL-NB,6451.1,Weekly,2025-06-02,2025-06-08,KG,2.649,2.649
APPLE_FAMILY,RETAIL,NL-NB,6891.27,Weekly,2025-06-09,2025-06-15,KG,2.658,2.658
APPLE_FAMILY,RETAIL,NL-NB,6809.12,Weekly,2025-06-16,2025-06-22,KG,2.64,2.64
APPLE_FAMILY,RETAIL,NL-NB,6401.6900000000005,Weekly,2025-06-23,2025-06-29,KG,2.695,2.695
APPLE_FAMILY,RETAIL,NL-NB,5908.66,Weekly,2025-06-30,2025-07-06,KG,2.674,2.674
APPLE_FAMILY,RETAIL,NL-NB,6506.65,Weekly,2025-07-07,2025-07-13,KG,2.657,2.657
APPLE_FAMILY,RETAIL,NL-NB,6426.74,Weekly,2025-07-14,2025-07-20,KG,2.682,2.682
APPLE_FAMILY,RETAIL,NL-NB,6667.9,Weekly,2025-07-21,2025-07-27,KG,2.69,2.69
APPLE_FAMILY,RETAIL,NL-NB,6761.99,Weekly,2025-07-28,2025-08-03,KG,2.51,2.51
APPLE_FAMILY,RETAIL,NL-NB,7142.81,Weekly,2025-08-04,2025-08-10,KG,2.303,2.303
APPLE_FAMILY,RETAIL,NL-NB,7222.34,Weekly,2025-08-11,2025-08-17,KG,2.271,2.271
APPLE_FAMILY,RETAIL,NL-NB,7394.8,Weekly,2025-08-18,2025-08-24,KG,2.274,2.274
APPLE_FAMILY,RETAIL,NL-NB,7499.56,Weekly,2025-08-25,2025-08-31,KG,2.267,2.267
APPLE_FAMILY,RETAIL,NL-NB,8156.05,Weekly,2025-09-01,2025-09-07,KG,2.175,2.175
APPLE_FAMILY,RETAIL,NL-NB,7226.91,Weekly,2025-09-08,2025-09-14,KG,2.186,2.186
APPLE_FAMILY,RETAIL,NL-NB,7909.59,Weekly,2025-09-15,2025-09-21,KG,2.168,2.168
APPLE_FAMILY,RETAIL,NL-NB,8113.36,Weekly,2025-09-22,2025-09-28,KG,2.164,2.164
APPLE_FAMILY,RETAIL,NL-NB,7585.15,Weekly,2025-09-29,2025-10-05,KG,2.175,2.175
APPLE_FAMILY,RETAIL,NL-NB,7953.69,Weekly,2025-10-06,2025-10-12,KG,2.189,2.189
APPLE_FAMILY,RETAIL,NL-NB,8287.76,Weekly,2025-10-13,2025-10-19,KG,2.185,2.192
APPLE_FAMILY,RETAIL,NL-NB,7703.5599999999995,Weekly,2025-10-20,2025-10-26,KG,2.198,2.201
APPLE_FAMILY,RETAIL,NL-NB,7746.21,Weekly,2025-10-27,2025-11-02,KG,2.17,2.17
APPLE_FAMILY,RETAIL,NL-NB,9926.59,Weekly,2025-11-03,2025-11-09,KG,2.179,2.179
APPLE_FAMILY,RETAIL,NL-NB,8753.43,Weekly,2025-11-10,2025-11-16,KG,2.159,2.159
APPLE_FAMILY,RETAIL,NL-NB,8283.39,Weekly,2025-11-17,2025-11-23,KG,2.159,2.159
APPLE_FAMILY,RETAIL,NL-NB,8131.98,Weekly,2025-11-24,2025-11-30,KG,2.191,2.191
APPLE_FAMILY,RETAIL,NL-NB,7847.47,Weekly,2025-12-01,2025-12-07,KG,2.666,2.666
APPLE_FAMILY,RETAIL,NL-NB,9137.81,Weekly,2025-12-08,2025-12-14,KG,2.67,2.67
APPLE_FAMILY,RETAIL,NL-NB,10634.75,Weekly,2025-12-15,2025-12-21,KG,2.388,2.663
APPLE_FAMILY,RETAIL,NL-NB,11842.06,Weekly,2025-12-22,2025-12-28,KG,2.188,2.688
APPLE_FAMILY,RETAIL,NL-NB,7913.13,Weekly,2025-12-29,2026-01-04,KG,2.674,2.674
APPLE_FAMILY,RETAIL,NL-NB,7414.05,Weekly,2026-01-05,2026-01-11,KG,2.662,2.662
APPLE_FAMILY,RETAIL,NL-NB,9316.73,Weekly,2026-01-12,2026-01-18,KG,2.683,2.683
APPLE_FAMILY,RETAIL,NL-NB,9503.98,Weekly,2026-01-19,2026-01-25,KG,2.625,2.625
APPLE_FAMILY,RETAIL,NL-NB,8532.68,Weekly,2026-01-26,2026-02-01,KG,2.726,2.726
APPLE_FAMILY,RETAIL,NL-NH,5336.28,Weekly,2023-01-30,2023-02-05,KG,2.665,2.665
APPLE_FAMILY,RETAIL,NL-NH,9319.99,Weekly,2023-02-06,2023-02-12,KG,2.78,2.78
APPLE_FAMILY,RETAIL,NL-NH,8823.789999999999,Weekly,2023-02-13,2023-02-19,KG,2.763,2.763
APPLE_FAMILY,RETAIL,NL-NH,9004.02,Weekly,2023-02-20,2023-02-26,KG,2.768,2.768
APPLE_FAMILY,RETAIL,NL-NH,8884.24,Weekly,2023-02-27,2023-03-05,KG,2.766,2.766
APPLE_FAMILY,RETAIL,NL-NH,6919.48,Weekly,2023-03-06,2023-03-12,KG,2.769,2.769
APPLE_FAMILY,RETAIL,NL-NH,8781.19,Weekly,2023-03-13,2023-03-19,KG,2.745,2.745
APPLE_FAMILY,RETAIL,NL-NH,7665.3,Weekly,2023-03-20,2023-03-26,KG,2.771,2.771
APPLE_FAMILY,RETAIL,NL-NH,7718.18,Weekly,2023-03-27,2023-04-02,KG,2.76,2.76
APPLE_FAMILY,RETAIL,NL-NH,8095.54,Weekly,2023-04-03,2023-04-09,KG,2.76,2.76
APPLE_FAMILY,RETAIL,NL-NH,7342.4400000000005,Weekly,2023-04-10,2023-04-16,KG,2.745,2.745
APPLE_FAMILY,RETAIL,NL-NH,7163.66,Weekly,2023-04-17,2023-04-23,KG,2.772,2.772
APPLE_FAMILY,RETAIL,NL-NH,7352.1900000000005,Weekly,2023-04-24,2023-04-30,KG,2.73,2.73
APPLE_FAMILY,RETAIL,NL-NH,7347.07,Weekly,2023-05-01,2023-05-07,KG,2.81,2.81
APPLE_FAMILY,RETAIL,NL-NH,6908.01,Weekly,2023-05-08,2023-05-14,KG,2.739,2.739
APPLE_FAMILY,RETAIL,NL-NH,7747.64,Weekly,2023-05-15,2023-05-21,KG,2.765,2.765
APPLE_FAMILY,RETAIL,NL-NH,7310.53,Weekly,2023-05-22,2023-05-28,KG,2.763,2.763
APPLE_FAMILY,RETAIL,NL-NH,7060.05,Weekly,2023-05-29,2023-06-04,KG,2.762,2.762
APPLE_FAMILY,RETAIL,NL-NH,7435.5599999999995,Weekly,2023-06-05,2023-06-11,KG,2.789,2.789
APPLE_FAMILY,RETAIL,NL-NH,6971.41,Weekly,2023-06-12,2023-06-18,KG,2.777,2.777
APPLE_FAMILY,RETAIL,NL-NH,6960.86,Weekly,2023-06-19,2023-06-25,KG,2.763,2.763
APPLE_FAMILY,RETAIL,NL-NH,6333.14,Weekly,2023-06-26,2023-07-02,KG,2.757,2.757
APPLE_FAMILY,RETAIL,NL-NH,6516.21,Weekly,2023-07-03,2023-07-09,KG,2.799,2.799
APPLE_FAMILY,RETAIL,NL-NH,6863.969999999999,Weekly,2023-07-10,2023-07-16,KG,2.729,2.729
APPLE_FAMILY,RETAIL,NL-NH,6289.24,Weekly,2023-07-17,2023-07-23,KG,2.772,2.772
APPLE_FAMILY,RETAIL,NL-NH,6214.85,Weekly,2023-07-24,2023-07-30,KG,2.74,2.74
APPLE_FAMILY,RETAIL,NL-NH,5342.9,Weekly,2023-07-31,2023-08-06,KG,2.364,2.364
APPLE_FAMILY,RETAIL,NL-NH,7052.8099999999995,Weekly,2023-08-07,2023-08-13,KG,2.346,2.346
APPLE_FAMILY,RETAIL,NL-NH,7645.97,Weekly,2023-08-14,2023-08-20,KG,2.368,2.368
APPLE_FAMILY,RETAIL,NL-NH,7356.78,Weekly,2023-08-21,2023-08-27,KG,2.348,2.383
APPLE_FAMILY,RETAIL,NL-NH,7577.19,Weekly,2023-08-28,2023-09-03,KG,2.27,2.305
APPLE_FAMILY,RETAIL,NL-NH,8755.28,Weekly,2023-09-04,2023-09-10,KG,2.237,2.237
APPLE_FAMILY,RETAIL,NL-NH,8575.02,Weekly,2023-09-11,2023-09-17,KG,2.232,2.232
APPLE_FAMILY,RETAIL,NL-NH,6783.54,Weekly,2023-09-18,2023-09-24,KG,2.234,2.234
APPLE_FAMILY,RETAIL,NL-NH,9327.94,Weekly,2023-09-25,2023-10-01,KG,2.237,2.237
APPLE_FAMILY,RETAIL,NL-NH,8770.26,Weekly,2023-10-02,2023-10-08,KG,2.231,2.231
APPLE_FAMILY,RETAIL,NL-NH,7760.54,Weekly,2023-10-09,2023-10-15,KG,2.238,2.238
APPLE_FAMILY,RETAIL,NL-NH,7879.53,Weekly,2023-10-16,2023-10-22,KG,2.23,2.23
APPLE_FAMILY,RETAIL,NL-NH,7026.16,Weekly,2023-10-23,2023-10-29,KG,2.243,2.243
APPLE_FAMILY,RETAIL,NL-NH,6849.27,Weekly,2023-10-30,2023-11-05,KG,2.259,2.259
APPLE_FAMILY,RETAIL,NL-NH,7706.95,Weekly,2023-11-06,2023-11-12,KG,2.204,2.204
APPLE_FAMILY,RETAIL,NL-NH,7804.35,Weekly,2023-11-13,2023-11-19,KG,2.266,2.266
APPLE_FAMILY,RETAIL,NL-NH,8965.13,Weekly,2023-11-20,2023-11-26,KG,2.243,2.243
APPLE_FAMILY,RETAIL,NL-NH,8010.49,Weekly,2023-11-27,2023-12-03,KG,2.483,2.483
APPLE_FAMILY,RETAIL,NL-NH,7997.12,Weekly,2023-12-04,2023-12-10,KG,2.735,2.735
APPLE_FAMILY,RETAIL,NL-NH,9187.65,Weekly,2023-12-11,2023-12-17,KG,2.787,2.787
APPLE_FAMILY,RETAIL,NL-NH,8113.99,Weekly,2023-12-18,2023-12-24,KG,2.746,2.746
APPLE_FAMILY,RETAIL,NL-NH,8612.72,Weekly,2023-12-25,2023-12-31,KG,2.749,2.749
APPLE_FAMILY,RETAIL,NL-NH,8225.32,Weekly,2024-01-01,2024-01-07,KG,2.748,2.748
APPLE_FAMILY,RETAIL,NL-NH,8656.02,Weekly,2024-01-08,2024-01-14,KG,2.719,2.719
APPLE_FAMILY,RETAIL,NL-NH,9097.79,Weekly,2024-01-15,2024-01-21,KG,2.733,2.733
APPLE_FAMILY,RETAIL,NL-NH,9289.789999999999,Weekly,2024-01-22,2024-01-28,KG,2.734,2.734
APPLE_FAMILY,RETAIL,NL-NH,8782.77,Weekly,2024-01-29,2024-02-04,KG,2.738,2.738
APPLE_FAMILY,RETAIL,NL-NH,7996.89,Weekly,2024-02-05,2024-02-11,KG,2.78,2.78
APPLE_FAMILY,RETAIL,NL-NH,8583.49,Weekly,2024-02-12,2024-02-18,KG,2.786,2.786
APPLE_FAMILY,RETAIL,NL-NH,7890.09,Weekly,2024-02-19,2024-02-25,KG,2.795,2.795
APPLE_FAMILY,RETAIL,NL-NH,8445.66,Weekly,2024-02-26,2024-03-03,KG,2.776,2.776
APPLE_FAMILY,RETAIL,NL-NH,9588.37,Weekly,2024-03-04,2024-03-10,KG,2.73,2.746
APPLE_FAMILY,RETAIL,NL-NH,8345.79,Weekly,2024-03-11,2024-03-17,KG,2.75,2.759
APPLE_FAMILY,RETAIL,NL-NH,8168.26,Weekly,2024-03-18,2024-03-24,KG,2.781,2.781
APPLE_FAMILY,RETAIL,NL-NH,8267.12,Weekly,2024-03-25,2024-03-31,KG,2.766,2.766
APPLE_FAMILY,RETAIL,NL-NH,7714.27,Weekly,2024-04-01,2024-04-07,KG,2.746,2.746
APPLE_FAMILY,RETAIL,NL-NH,8731.11,Weekly,2024-04-08,2024-04-14,KG,2.767,2.767
APPLE_FAMILY,RETAIL,NL-NH,6588.99,Weekly,2024-04-15,2024-04-21,KG,2.778,2.778
APPLE_FAMILY,RETAIL,NL-NH,7245.88,Weekly,2024-04-22,2024-04-28,KG,2.74,2.74
APPLE_FAMILY,RETAIL,NL-NH,7396.48,Weekly,2024-04-29,2024-05-05,KG,2.741,2.741
APPLE_FAMILY,RETAIL,NL-NH,7931.09,Weekly,2024-05-06,2024-05-12,KG,2.75,2.75
APPLE_FAMILY,RETAIL,NL-NH,7483.76,Weekly,2024-05-13,2024-05-19,KG,2.738,2.738
APPLE_FAMILY,RETAIL,NL-NH,5665.53,Weekly,2024-05-20,2024-05-26,KG,2.739,2.739
APPLE_FAMILY,RETAIL,NL-NH,6272.17,Weekly,2024-05-27,2024-06-02,KG,2.774,2.774
APPLE_FAMILY,RETAIL,NL-NH,7074.55,Weekly,2024-06-03,2024-06-09,KG,2.755,2.755
APPLE_FAMILY,RETAIL,NL-NH,5708.66,Weekly,2024-06-10,2024-06-16,KG,2.754,2.754
APPLE_FAMILY,RETAIL,NL-NH,6545.55,Weekly,2024-06-17,2024-06-23,KG,2.755,2.755
APPLE_FAMILY,RETAIL,NL-NH,6929.18,Weekly,2024-06-24,2024-06-30,KG,2.743,2.743
APPLE_FAMILY,RETAIL,NL-NH,5041.2,Weekly,2024-07-01,2024-07-07,KG,2.787,2.787
APPLE_FAMILY,RETAIL,NL-NH,6326.53,Weekly,2024-07-08,2024-07-14,KG,2.769,2.769
APPLE_FAMILY,RETAIL,NL-NH,6419.61,Weekly,2024-07-15,2024-07-21,KG,2.765,2.765
APPLE_FAMILY,RETAIL,NL-NH,6667.08,Weekly,2024-07-22,2024-07-28,KG,2.766,2.766
APPLE_FAMILY,RETAIL,NL-NH,7303.3099999999995,Weekly,2024-07-29,2024-08-04,KG,2.52,2.526
APPLE_FAMILY,RETAIL,NL-NH,7419.17,Weekly,2024-08-05,2024-08-11,KG,2.354,2.363
APPLE_FAMILY,RETAIL,NL-NH,6985.9400000000005,Weekly,2024-08-12,2024-08-18,KG,2.315,2.315
APPLE_FAMILY,RETAIL,NL-NH,7233.31,Weekly,2024-08-19,2024-08-25,KG,2.343,2.343
APPLE_FAMILY,RETAIL,NL-NH,8158.6,Weekly,2024-08-26,2024-09-01,KG,2.34,2.34
APPLE_FAMILY,RETAIL,NL-NH,8170.77,Weekly,2024-09-02,2024-09-08,KG,2.247,2.247
APPLE_FAMILY,RETAIL,NL-NH,7676.46,Weekly,2024-09-09,2024-09-15,KG,2.241,2.241
APPLE_FAMILY,RETAIL,NL-NH,9136.35,Weekly,2024-09-16,2024-09-22,KG,2.261,2.261
APPLE_FAMILY,RETAIL,NL-NH,6919.15,Weekly,2024-09-23,2024-09-29,KG,2.263,2.263
APPLE_FAMILY,RETAIL,NL-NH,7640.83,Weekly,2024-09-30,2024-10-06,KG,2.221,2.221
APPLE_FAMILY,RETAIL,NL-NH,8923.74,Weekly,2024-10-07,2024-10-13,KG,2.211,2.211
APPLE_FAMILY,RETAIL,NL-NH,8840.49,Weekly,2024-10-14,2024-10-20,KG,2.261,2.261
APPLE_FAMILY,RETAIL,NL-NH,9198.15,Weekly,2024-10-21,2024-10-27,KG,2.221,2.221
APPLE_FAMILY,RETAIL,NL-NH,9085.54,Weekly,2024-10-28,2024-11-03,KG,2.237,2.237
APPLE_FAMILY,RETAIL,NL-NH,8795.46,Weekly,2024-11-04,2024-11-10,KG,2.25,2.25
APPLE_FAMILY,RETAIL,NL-NH,8698.41,Weekly,2024-11-11,2024-11-17,KG,2.256,2.256
APPLE_FAMILY,RETAIL,NL-NH,6937.62,Weekly,2024-11-18,2024-11-24,KG,2.224,2.224
APPLE_FAMILY,RETAIL,NL-NH,8868.33,Weekly,2024-11-25,2024-12-01,KG,2.342,2.342
APPLE_FAMILY,RETAIL,NL-NH,8319.49,Weekly,2024-12-02,2024-12-08,KG,2.756,2.756
APPLE_FAMILY,RETAIL,NL-NH,8661.67,Weekly,2024-12-09,2024-12-15,KG,2.759,2.759
APPLE_FAMILY,RETAIL,NL-NH,8730.55,Weekly,2024-12-16,2024-12-22,KG,2.757,2.757
APPLE_FAMILY,RETAIL,NL-NH,9143.19,Weekly,2024-12-23,2024-12-29,KG,2.765,2.765
APPLE_FAMILY,RETAIL,NL-NH,8340.68,Weekly,2024-12-30,2025-01-05,KG,2.77,2.77
APPLE_FAMILY,RETAIL,NL-NH,8724.39,Weekly,2025-01-06,2025-01-12,KG,2.76,2.76
APPLE_FAMILY,RETAIL,NL-NH,9035.55,Weekly,2025-01-13,2025-01-19,KG,2.776,2.776
APPLE_FAMILY,RETAIL,NL-NH,8444.3,Weekly,2025-01-20,2025-01-26,KG,2.751,2.751
APPLE_FAMILY,RETAIL,NL-NH,9285.67,Weekly,2025-01-27,2025-02-02,KG,2.778,2.778
APPLE_FAMILY,RETAIL,NL-NH,9243.76,Weekly,2025-02-03,2025-02-09,KG,2.768,2.768
APPLE_FAMILY,RETAIL,NL-NH,8027.1900000000005,Weekly,2025-02-10,2025-02-16,KG,2.748,2.748
APPLE_FAMILY,RETAIL,NL-NH,9007.48,Weekly,2025-02-17,2025-02-23,KG,2.78,2.78
APPLE_FAMILY,RETAIL,NL-NH,9327.11,Weekly,2025-02-24,2025-03-02,KG,2.712,2.712
APPLE_FAMILY,RETAIL,NL-NH,10310.42,Weekly,2025-03-03,2025-03-09,KG,2.735,2.735
APPLE_FAMILY,RETAIL,NL-NH,9179.34,Weekly,2025-03-10,2025-03-16,KG,2.767,2.767
APPLE_FAMILY,RETAIL,NL-NH,9678.42,Weekly,2025-03-17,2025-03-23,KG,2.745,2.745
APPLE_FAMILY,RETAIL,NL-NH,9310.4,Weekly,2025-03-24,2025-03-30,KG,2.767,2.767
APPLE_FAMILY,RETAIL,NL-NH,9730.83,Weekly,2025-03-31,2025-04-06,KG,2.755,2.755
APPLE_FAMILY,RETAIL,NL-NH,9059.33,Weekly,2025-04-07,2025-04-13,KG,2.737,2.737
APPLE_FAMILY,RETAIL,NL-NH,7949.69,Weekly,2025-04-14,2025-04-20,KG,2.741,2.741
APPLE_FAMILY,RETAIL,NL-NH,7468.4,Weekly,2025-04-21,2025-04-27,KG,2.799,2.799
APPLE_FAMILY,RETAIL,NL-NH,8836.19,Weekly,2025-04-28,2025-05-04,KG,2.721,2.721
APPLE_FAMILY,RETAIL,NL-NH,8015.56,Weekly,2025-05-05,2025-05-11,KG,2.751,2.751
APPLE_FAMILY,RETAIL,NL-NH,8343.69,Weekly,2025-05-12,2025-05-18,KG,2.733,2.798
APPLE_FAMILY,RETAIL,NL-NH,7321.42,Weekly,2025-05-19,2025-05-25,KG,2.745,2.796
APPLE_FAMILY,RETAIL,NL-NH,6844.04,Weekly,2025-05-26,2025-06-01,KG,2.786,2.786
APPLE_FAMILY,RETAIL,NL-NH,6085.33,Weekly,2025-06-02,2025-06-08,KG,2.725,2.725
APPLE_FAMILY,RETAIL,NL-NH,7149.7699999999995,Weekly,2025-06-09,2025-06-15,KG,2.742,2.742
APPLE_FAMILY,RETAIL,NL-NH,7250.45,Weekly,2025-06-16,2025-06-22,KG,2.767,2.767
APPLE_FAMILY,RETAIL,NL-NH,7010.43,Weekly,2025-06-23,2025-06-29,KG,2.769,2.769
APPLE_FAMILY,RETAIL,NL-NH,6297.72,Weekly,2025-06-30,2025-07-06,KG,2.767,2.767
APPLE_FAMILY,RETAIL,NL-NH,6836.25,Weekly,2025-07-07,2025-07-13,KG,2.764,2.764
APPLE_FAMILY,RETAIL,NL-NH,6307.74,Weekly,2025-07-14,2025-07-20,KG,2.797,2.797
APPLE_FAMILY,RETAIL,NL-NH,6355.54,Weekly,2025-07-21,2025-07-27,KG,2.734,2.734
APPLE_FAMILY,RETAIL,NL-NH,6477.79,Weekly,2025-07-28,2025-08-03,KG,2.546,2.546
APPLE_FAMILY,RETAIL,NL-NH,7413.17,Weekly,2025-08-04,2025-08-10,KG,2.342,2.342
APPLE_FAMILY,RETAIL,NL-NH,7294.7,Weekly,2025-08-11,2025-08-17,KG,2.336,2.336
APPLE_FAMILY,RETAIL,NL-NH,7865.599999999999,Weekly,2025-08-18,2025-08-24,KG,2.39,2.39
APPLE_FAMILY,RETAIL,NL-NH,7724.13,Weekly,2025-08-25,2025-08-31,KG,2.334,2.334
APPLE_FAMILY,RETAIL,NL-NH,8063.95,Weekly,2025-09-01,2025-09-07,KG,2.242,2.242
APPLE_FAMILY,RETAIL,NL-NH,7405.05,Weekly,2025-09-08,2025-09-14,KG,2.239,2.239
APPLE_FAMILY,RETAIL,NL-NH,7232.38,Weekly,2025-09-15,2025-09-21,KG,2.206,2.206
APPLE_FAMILY,RETAIL,NL-NH,8712.25,Weekly,2025-09-22,2025-09-28,KG,2.255,2.255
APPLE_FAMILY,RETAIL,NL-NH,7205.86,Weekly,2025-09-29,2025-10-05,KG,2.236,2.236
APPLE_FAMILY,RETAIL,NL-NH,8447.2,Weekly,2025-10-06,2025-10-12,KG,2.241,2.241
APPLE_FAMILY,RETAIL,NL-NH,8775.31,Weekly,2025-10-13,2025-10-19,KG,2.257,2.257
APPLE_FAMILY,RETAIL,NL-NH,7287.68,Weekly,2025-10-20,2025-10-26,KG,2.24,2.24
APPLE_FAMILY,RETAIL,NL-NH,7814.99,Weekly,2025-10-27,2025-11-02,KG,2.243,2.243
APPLE_FAMILY,RETAIL,NL-NH,10114.28,Weekly,2025-11-03,2025-11-09,KG,2.23,2.23
APPLE_FAMILY,RETAIL,NL-NH,8154.62,Weekly,2025-11-10,2025-11-16,KG,2.263,2.263
APPLE_FAMILY,RETAIL,NL-NH,7615.28,Weekly,2025-11-17,2025-11-23,KG,2.265,2.265
APPLE_FAMILY,RETAIL,NL-NH,8977.68,Weekly,2025-11-24,2025-11-30,KG,2.274,2.274
APPLE_FAMILY,RETAIL,NL-NH,8364.04,Weekly,2025-12-01,2025-12-07,KG,2.77,2.77
APPLE_FAMILY,RETAIL,NL-NH,9518.52,Weekly,2025-12-08,2025-12-14,KG,2.762,2.762
APPLE_FAMILY,RETAIL,NL-NH,9385.539999999999,Weekly,2025-12-15,2025-12-21,KG,2.769,2.769
APPLE_FAMILY,RETAIL,NL-NH,9229.56,Weekly,2025-12-22,2025-12-28,KG,2.794,2.794
APPLE_FAMILY,RETAIL,NL-NH,8035.29,Weekly,2025-12-29,2026-01-04,KG,2.761,2.761
APPLE_FAMILY,RETAIL,NL-NH,7881.5599999999995,Weekly,2026-01-05,2026-01-11,KG,2.75,2.75
APPLE_FAMILY,RETAIL,NL-NH,9293.85,Weekly,2026-01-12,2026-01-18,KG,2.753,2.753
APPLE_FAMILY,RETAIL,NL-NH,9586.15,Weekly,2026-01-19,2026-01-25,KG,2.774,2.774
APPLE_FAMILY,RETAIL,NL-NH,8269.61,Weekly,2026-01-26,2026-02-01,KG,2.763,2.763
APPLE_FAMILY,RETAIL,NL-ZH,5833.16,Weekly,2023-01-30,2023-02-05,KG,2.867,2.867
APPLE_FAMILY,RETAIL,NL-ZH,9752.68,Weekly,2023-02-06,2023-02-12,KG,2.803,2.803
APPLE_FAMILY,RETAIL,NL-ZH,9492.56,Weekly,2023-02-13,2023-02-19,KG,2.846,2.846
APPLE_FAMILY,RETAIL,NL-ZH,8950.08,Weekly,2023-02-20,2023-02-26,KG,2.834,2.834
APPLE_FAMILY,RETAIL,NL-ZH,8747.4,Weekly,2023-02-27,2023-03-05,KG,2.818,2.818
APPLE_FAMILY,RETAIL,NL-ZH,7418.55,Weekly,2023-03-06,2023-03-12,KG,2.832,2.832
APPLE_FAMILY,RETAIL,NL-ZH,8427.81,Weekly,2023-03-13,2023-03-19,KG,2.849,2.849
APPLE_FAMILY,RETAIL,NL-ZH,7843.95,Weekly,2023-03-20,2023-03-26,KG,2.778,2.778
APPLE_FAMILY,RETAIL,NL-ZH,7651.54,Weekly,2023-03-27,2023-04-02,KG,2.847,2.847
APPLE_FAMILY,RETAIL,NL-ZH,8498.88,Weekly,2023-04-03,2023-04-09,KG,2.835,2.835
APPLE_FAMILY,RETAIL,NL-ZH,7753.1,Weekly,2023-04-10,2023-04-16,KG,2.852,2.852
APPLE_FAMILY,RETAIL,NL-ZH,7522.59,Weekly,2023-04-17,2023-04-23,KG,2.84,2.84
APPLE_FAMILY,RETAIL,NL-ZH,7317.71,Weekly,2023-04-24,2023-04-30,KG,2.853,2.853
APPLE_FAMILY,RETAIL,NL-ZH,8199.48,Weekly,2023-05-01,2023-05-07,KG,2.831,2.831
APPLE_FAMILY,RETAIL,NL-ZH,6552.96,Weekly,2023-05-08,2023-05-14,KG,2.84,2.84
APPLE_FAMILY,RETAIL,NL-ZH,7810.71,Weekly,2023-05-15,2023-05-21,KG,2.855,2.855
APPLE_FAMILY,RETAIL,NL-ZH,8070.34,Weekly,2023-05-22,2023-05-28,KG,2.855,2.855
APPLE_FAMILY,RETAIL,NL-ZH,7622.97,Weekly,2023-05-29,2023-06-04,KG,2.819,2.819
APPLE_FAMILY,RETAIL,NL-ZH,7653.0,Weekly,2023-06-05,2023-06-11,KG,2.815,2.815
APPLE_FAMILY,RETAIL,NL-ZH,7495.5199999999995,Weekly,2023-06-12,2023-06-18,KG,2.834,2.834
APPLE_FAMILY,RETAIL,NL-ZH,7028.66,Weekly,2023-06-19,2023-06-25,KG,2.867,2.867
APPLE_FAMILY,RETAIL,NL-ZH,7048.7,Weekly,2023-06-26,2023-07-02,KG,2.806,2.806
APPLE_FAMILY,RETAIL,NL-ZH,6375.51,Weekly,2023-07-03,2023-07-09,KG,2.818,2.818
APPLE_FAMILY,RETAIL,NL-ZH,7281.07,Weekly,2023-07-10,2023-07-16,KG,2.823,2.823
APPLE_FAMILY,RETAIL,NL-ZH,6689.09,Weekly,2023-07-17,2023-07-23,KG,2.826,2.826
APPLE_FAMILY,RETAIL,NL-ZH,6380.88,Weekly,2023-07-24,2023-07-30,KG,2.832,2.832
APPLE_FAMILY,RETAIL,NL-ZH,5490.12,Weekly,2023-07-31,2023-08-06,KG,2.469,2.469
APPLE_FAMILY,RETAIL,NL-ZH,7259.47,Weekly,2023-08-07,2023-08-13,KG,2.4,2.4
APPLE_FAMILY,RETAIL,NL-ZH,7738.27,Weekly,2023-08-14,2023-08-20,KG,2.423,2.423
APPLE_FAMILY,RETAIL,NL-ZH,7035.5,Weekly,2023-08-21,2023-08-27,KG,2.403,2.403
APPLE_FAMILY,RETAIL,NL-ZH,7846.0,Weekly,2023-08-28,2023-09-03,KG,2.356,2.356
APPLE_FAMILY,RETAIL,NL-ZH,8511.02,Weekly,2023-09-04,2023-09-10,KG,2.291,2.291
APPLE_FAMILY,RETAIL,NL-ZH,8680.34,Weekly,2023-09-11,2023-09-17,KG,2.289,2.289
APPLE_FAMILY,RETAIL,NL-ZH,7333.88,Weekly,2023-09-18,2023-09-24,KG,2.33,2.33
APPLE_FAMILY,RETAIL,NL-ZH,9845.369999999999,Weekly,2023-09-25,2023-10-01,KG,2.305,2.305
APPLE_FAMILY,RETAIL,NL-ZH,9563.02,Weekly,2023-10-02,2023-10-08,KG,2.333,2.333
APPLE_FAMILY,RETAIL,NL-ZH,8368.17,Weekly,2023-10-09,2023-10-15,KG,2.332,2.332
APPLE_FAMILY,RETAIL,NL-ZH,8031.7300000000005,Weekly,2023-10-16,2023-10-22,KG,2.304,2.304
APPLE_FAMILY,RETAIL,NL-ZH,6979.43,Weekly,2023-10-23,2023-10-29,KG,2.324,2.324
APPLE_FAMILY,RETAIL,NL-ZH,7236.0199999999995,Weekly,2023-10-30,2023-11-05,KG,2.298,2.298
APPLE_FAMILY,RETAIL,NL-ZH,8479.72,Weekly,2023-11-06,2023-11-12,KG,2.312,2.312
APPLE_FAMILY,RETAIL,NL-ZH,8448.23,Weekly,2023-11-13,2023-11-19,KG,2.322,2.322
APPLE_FAMILY,RETAIL,NL-ZH,9008.539999999999,Weekly,2023-11-20,2023-11-26,KG,2.318,2.318
APPLE_FAMILY,RETAIL,NL-ZH,8561.23,Weekly,2023-11-27,2023-12-03,KG,2.597,2.597
APPLE_FAMILY,RETAIL,NL-ZH,8638.789999999999,Weekly,2023-12-04,2023-12-10,KG,2.856,2.856
APPLE_FAMILY,RETAIL,NL-ZH,9762.09,Weekly,2023-12-11,2023-12-17,KG,2.829,2.829
APPLE_FAMILY,RETAIL,NL-ZH,8594.22,Weekly,2023-12-18,2023-12-24,KG,2.844,2.844
APPLE_FAMILY,RETAIL,NL-ZH,8931.95,Weekly,2023-12-25,2023-12-31,KG,2.87,2.87
APPLE_FAMILY,RETAIL,NL-ZH,8748.220000000001,Weekly,2024-01-01,2024-01-07,KG,2.863,2.863
APPLE_FAMILY,RETAIL,NL-ZH,9223.05,Weekly,2024-01-08,2024-01-14,KG,2.785,2.785
APPLE_FAMILY,RETAIL,NL-ZH,9309.19,Weekly,2024-01-15,2024-01-21,KG,2.865,2.865
APPLE_FAMILY,RETAIL,NL-ZH,9734.72,Weekly,2024-01-22,2024-01-28,KG,2.827,2.827
APPLE_FAMILY,RETAIL,NL-ZH,9588.64,Weekly,2024-01-29,2024-02-04,KG,2.847,2.847
APPLE_FAMILY,RETAIL,NL-ZH,8190.44,Weekly,2024-02-05,2024-02-11,KG,2.832,2.832
APPLE_FAMILY,RETAIL,NL-ZH,8934.6,Weekly,2024-02-12,2024-02-18,KG,2.823,2.823
APPLE_FAMILY,RETAIL,NL-ZH,8256.7,Weekly,2024-02-19,2024-02-25,KG,2.828,2.828
APPLE_FAMILY,RETAIL,NL-ZH,8585.89,Weekly,2024-02-26,2024-03-03,KG,2.874,2.874
APPLE_FAMILY,RETAIL,NL-ZH,9677.91,Weekly,2024-03-04,2024-03-10,KG,2.889,2.889
APPLE_FAMILY,RETAIL,NL-ZH,8396.06,Weekly,2024-03-11,2024-03-17,KG,2.838,2.838
APPLE_FAMILY,RETAIL,NL-ZH,8421.71,Weekly,2024-03-18,2024-03-24,KG,2.887,2.887
APPLE_FAMILY,RETAIL,NL-ZH,8594.1,Weekly,2024-03-25,2024-03-31,KG,2.803,2.803
APPLE_FAMILY,RETAIL,NL-ZH,8339.08,Weekly,2024-04-01,2024-04-07,KG,2.872,2.872
APPLE_FAMILY,RETAIL,NL-ZH,9096.59,Weekly,2024-04-08,2024-04-14,KG,2.833,2.833
APPLE_FAMILY,RETAIL,NL-ZH,6887.04,Weekly,2024-04-15,2024-04-21,KG,2.83,2.83
APPLE_FAMILY,RETAIL,NL-ZH,7520.66,Weekly,2024-04-22,2024-04-28,KG,2.835,2.835
APPLE_FAMILY,RETAIL,NL-ZH,7762.9800000000005,Weekly,2024-04-29,2024-05-05,KG,2.861,2.861
APPLE_FAMILY,RETAIL,NL-ZH,8134.34,Weekly,2024-05-06,2024-05-12,KG,2.808,2.808
APPLE_FAMILY,RETAIL,NL-ZH,7393.0,Weekly,2024-05-13,2024-05-19,KG,2.844,2.844
APPLE_FAMILY,RETAIL,NL-ZH,5939.75,Weekly,2024-05-20,2024-05-26,KG,2.85,2.85
APPLE_FAMILY,RETAIL,NL-ZH,6661.66,Weekly,2024-05-27,2024-06-02,KG,2.857,2.857
APPLE_FAMILY,RETAIL,NL-ZH,7335.96,Weekly,2024-06-03,2024-06-09,KG,2.877,2.877
APPLE_FAMILY,RETAIL,NL-ZH,5979.08,Weekly,2024-06-10,2024-06-16,KG,2.855,2.855
APPLE_FAMILY,RETAIL,NL-ZH,6673.26,Weekly,2024-06-17,2024-06-23,KG,2.837,2.837
APPLE_FAMILY,RETAIL,NL-ZH,7157.72,Weekly,2024-06-24,2024-06-30,KG,2.844,2.844
APPLE_FAMILY,RETAIL,NL-ZH,5157.33,Weekly,2024-07-01,2024-07-07,KG,2.823,2.823
APPLE_FAMILY,RETAIL,NL-ZH,6060.02,Weekly,2024-07-08,2024-07-14,KG,2.904,2.904
APPLE_FAMILY,RETAIL,NL-ZH,7259.66,Weekly,2024-07-15,2024-07-21,KG,2.836,2.836
APPLE_FAMILY,RETAIL,NL-ZH,6912.35,Weekly,2024-07-22,2024-07-28,KG,2.809,2.809
APPLE_FAMILY,RETAIL,NL-ZH,7310.85,Weekly,2024-07-29,2024-08-04,KG,2.619,2.619
APPLE_FAMILY,RETAIL,NL-ZH,7692.37,Weekly,2024-08-05,2024-08-11,KG,2.412,2.412
APPLE_FAMILY,RETAIL,NL-ZH,7346.73,Weekly,2024-08-12,2024-08-18,KG,2.412,2.412
APPLE_FAMILY,RETAIL,NL-ZH,7174.31,Weekly,2024-08-19,2024-08-25,KG,2.43,2.43
APPLE_FAMILY,RETAIL,NL-ZH,8420.48,Weekly,2024-08-26,2024-09-01,KG,2.395,2.395
APPLE_FAMILY,RETAIL,NL-ZH,7947.83,Weekly,2024-09-02,2024-09-08,KG,2.297,2.297
APPLE_FAMILY,RETAIL,NL-ZH,7406.12,Weekly,2024-09-09,2024-09-15,KG,2.311,2.311
APPLE_FAMILY,RETAIL,NL-ZH,8891.42,Weekly,2024-09-16,2024-09-22,KG,2.307,2.307
APPLE_FAMILY,RETAIL,NL-ZH,6527.03,Weekly,2024-09-23,2024-09-29,KG,2.289,2.289
APPLE_FAMILY,RETAIL,NL-ZH,8043.54,Weekly,2024-09-30,2024-10-06,KG,2.31,2.31
APPLE_FAMILY,RETAIL,NL-ZH,8245.539999999999,Weekly,2024-10-07,2024-10-13,KG,2.28,2.28
APPLE_FAMILY,RETAIL,NL-ZH,8990.38,Weekly,2024-10-14,2024-10-20,KG,2.311,2.311
APPLE_FAMILY,RETAIL,NL-ZH,9758.84,Weekly,2024-10-21,2024-10-27,KG,2.306,2.306
APPLE_FAMILY,RETAIL,NL-ZH,9410.53,Weekly,2024-10-28,2024-11-03,KG,2.293,2.293
APPLE_FAMILY,RETAIL,NL-ZH,8896.0,Weekly,2024-11-04,2024-11-10,KG,2.305,2.305
APPLE_FAMILY,RETAIL,NL-ZH,9269.5,Weekly,2024-11-11,2024-11-17,KG,2.291,2.291
APPLE_FAMILY,RETAIL,NL-ZH,7991.76,Weekly,2024-11-18,2024-11-24,KG,2.303,2.303
APPLE_FAMILY,RETAIL,NL-ZH,8981.15,Weekly,2024-11-25,2024-12-01,KG,2.427,2.427
APPLE_FAMILY,RETAIL,NL-ZH,8578.06,Weekly,2024-12-02,2024-12-08,KG,2.843,2.843
APPLE_FAMILY,RETAIL,NL-ZH,8766.97,Weekly,2024-12-09,2024-12-15,KG,2.86,2.86
APPLE_FAMILY,RETAIL,NL-ZH,8897.03,Weekly,2024-12-16,2024-12-22,KG,2.836,2.836
APPLE_FAMILY,RETAIL,NL-ZH,9364.01,Weekly,2024-12-23,2024-12-29,KG,2.835,2.835
APPLE_FAMILY,RETAIL,NL-ZH,8603.68,Weekly,2024-12-30,2025-01-05,KG,2.821,2.821
APPLE_FAMILY,RETAIL,NL-ZH,8963.539999999999,Weekly,2025-01-06,2025-01-12,KG,2.853,2.853
APPLE_FAMILY,RETAIL,NL-ZH,9468.97,Weekly,2025-01-13,2025-01-19,KG,2.843,2.843
APPLE_FAMILY,RETAIL,NL-ZH,8409.96,Weekly,2025-01-20,2025-01-26,KG,2.84,2.84
APPLE_FAMILY,RETAIL,NL-ZH,9390.46,Weekly,2025-01-27,2025-02-02,KG,2.829,2.829
APPLE_FAMILY,RETAIL,NL-ZH,9267.03,Weekly,2025-02-03,2025-02-09,KG,2.862,2.862
APPLE_FAMILY,RETAIL,NL-ZH,8519.6,Weekly,2025-02-10,2025-02-16,KG,2.864,2.864
APPLE_FAMILY,RETAIL,NL-ZH,9299.789999999999,Weekly,2025-02-17,2025-02-23,KG,2.84,2.84
APPLE_FAMILY,RETAIL,NL-ZH,9111.73,Weekly,2025-02-24,2025-03-02,KG,2.828,2.828
APPLE_FAMILY,RETAIL,NL-ZH,10385.11,Weekly,2025-03-03,2025-03-09,KG,2.856,2.856
APPLE_FAMILY,RETAIL,NL-ZH,9482.05,Weekly,2025-03-10,2025-03-16,KG,2.837,2.837
APPLE_FAMILY,RETAIL,NL-ZH,9865.97,Weekly,2025-03-17,2025-03-23,KG,2.848,2.848
APPLE_FAMILY,RETAIL,NL-ZH,9310.44,Weekly,2025-03-24,2025-03-30,KG,2.844,2.844
APPLE_FAMILY,RETAIL,NL-ZH,10253.79,Weekly,2025-03-31,2025-04-06,KG,2.864,2.864
APPLE_FAMILY,RETAIL,NL-ZH,9527.53,Weekly,2025-04-07,2025-04-13,KG,2.824,2.824
APPLE_FAMILY,RETAIL,NL-ZH,8540.89,Weekly,2025-04-14,2025-04-20,KG,2.865,2.865
APPLE_FAMILY,RETAIL,NL-ZH,8030.89,Weekly,2025-04-21,2025-04-27,KG,2.857,2.857
APPLE_FAMILY,RETAIL,NL-ZH,8782.08,Weekly,2025-04-28,2025-05-04,KG,2.837,2.837
APPLE_FAMILY,RETAIL,NL-ZH,8226.75,Weekly,2025-05-05,2025-05-11,KG,2.844,2.844
APPLE_FAMILY,RETAIL,NL-ZH,8258.45,Weekly,2025-05-12,2025-05-18,KG,2.856,2.856
APPLE_FAMILY,RETAIL,NL-ZH,7428.56,Weekly,2025-05-19,2025-05-25,KG,2.827,2.827
APPLE_FAMILY,RETAIL,NL-ZH,6980.23,Weekly,2025-05-26,2025-06-01,KG,2.845,2.845
APPLE_FAMILY,RETAIL,NL-ZH,8744.43,Weekly,2025-06-02,2025-06-08,KG,2.264,2.83
APPLE_FAMILY,RETAIL,NL-ZH,9730.63,Weekly,2025-06-09,2025-06-15,KG,2.258,2.823
APPLE_FAMILY,RETAIL,NL-ZH,7595.6900000000005,Weekly,2025-06-16,2025-06-22,KG,2.841,2.841
APPLE_FAMILY,RETAIL,NL-ZH,7099.21,Weekly,2025-06-23,2025-06-29,KG,2.834,2.834
APPLE_FAMILY,RETAIL,NL-ZH,6709.84,Weekly,2025-06-30,2025-07-06,KG,2.819,2.819
APPLE_FAMILY,RETAIL,NL-ZH,7046.84,Weekly,2025-07-07,2025-07-13,KG,2.844,2.844
APPLE_FAMILY,RETAIL,NL-ZH,7131.07,Weekly,2025-07-14,2025-07-20,KG,2.839,2.839
APPLE_FAMILY,RETAIL,NL-ZH,6969.8,Weekly,2025-07-21,2025-07-27,KG,2.841,2.841
APPLE_FAMILY,RETAIL,NL-ZH,7586.9800000000005,Weekly,2025-07-28,2025-08-03,KG,2.518,2.634
APPLE_FAMILY,RETAIL,NL-ZH,8298.42,Weekly,2025-08-04,2025-08-10,KG,2.382,2.45
APPLE_FAMILY,RETAIL,NL-ZH,7545.48,Weekly,2025-08-11,2025-08-17,KG,2.386,2.386
APPLE_FAMILY,RETAIL,NL-ZH,8257.460000000001,Weekly,2025-08-18,2025-08-24,KG,2.419,2.419
APPLE_FAMILY,RETAIL,NL-ZH,8027.58,Weekly,2025-08-25,2025-08-31,KG,2.43,2.43
APPLE_FAMILY,RETAIL,NL-ZH,8364.16,Weekly,2025-09-01,2025-09-07,KG,2.295,2.295
APPLE_FAMILY,RETAIL,NL-ZH,7715.97,Weekly,2025-09-08,2025-09-14,KG,2.301,2.301
APPLE_FAMILY,RETAIL,NL-ZH,8341.12,Weekly,2025-09-15,2025-09-21,KG,2.342,2.342
APPLE_FAMILY,RETAIL,NL-ZH,8701.59,Weekly,2025-09-22,2025-09-28,KG,2.295,2.295
APPLE_FAMILY,RETAIL,NL-ZH,8084.3099999999995,Weekly,2025-09-29,2025-10-05,KG,2.312,2.312
APPLE_FAMILY,RETAIL,NL-ZH,8662.14,Weekly,2025-10-06,2025-10-12,KG,2.27,2.27
APPLE_FAMILY,RETAIL,NL-ZH,9020.43,Weekly,2025-10-13,2025-10-19,KG,2.321,2.321
APPLE_FAMILY,RETAIL,NL-ZH,7367.05,Weekly,2025-10-20,2025-10-26,KG,2.29,2.29
APPLE_FAMILY,RETAIL,NL-ZH,8120.719999999999,Weekly,2025-10-27,2025-11-02,KG,2.302,2.302
APPLE_FAMILY,RETAIL,NL-ZH,10341.71,Weekly,2025-11-03,2025-11-09,KG,2.318,2.318
APPLE_FAMILY,RETAIL,NL-ZH,8153.07,Weekly,2025-11-10,2025-11-16,KG,2.323,2.323
APPLE_FAMILY,RETAIL,NL-ZH,8251.4,Weekly,2025-11-17,2025-11-23,KG,2.33,2.33
APPLE_FAMILY,RETAIL,NL-ZH,9382.89,Weekly,2025-11-24,2025-11-30,KG,2.281,2.281
APPLE_FAMILY,RETAIL,NL-ZH,8889.75,Weekly,2025-12-01,2025-12-07,KG,2.853,2.853
APPLE_FAMILY,RETAIL,NL-ZH,9551.91,Weekly,2025-12-08,2025-12-14,KG,2.878,2.878
APPLE_FAMILY,RETAIL,NL-ZH,9670.72,Weekly,2025-12-15,2025-12-21,KG,2.84,2.84
APPLE_FAMILY,RETAIL,NL-ZH,9639.53,Weekly,2025-12-22,2025-12-28,KG,2.778,2.778
APPLE_FAMILY,RETAIL,NL-ZH,8645.82,Weekly,2025-12-29,2026-01-04,KG,2.84,2.84
APPLE_FAMILY,RETAIL,NL-ZH,7823.11,Weekly,2026-01-05,2026-01-11,KG,2.845,2.845
APPLE_FAMILY,RETAIL,NL-ZH,9607.26,Weekly,2026-01-12,2026-01-18,KG,2.827,2.827
APPLE_FAMILY,RETAIL,NL-ZH,9683.19,Weekly,2026-01-19,2026-01-25,KG,2.83,2.83
APPLE_FAMILY,RETAIL,NL-ZH,8686.82,Weekly,2026-01-26,2026-02-01,KG,2.849,2.849
APPLE_FAMILY,WHOLESALE,NL-GE,3930.03,Weekly,2023-01-30,2023-02-05,KG,2.589,2.589
APPLE_FAMILY,WHOLESALE,NL-GE,7433.46,Weekly,2023-02-06,2023-02-12,KG,2.6,2.6
APPLE_FAMILY,WHOLESALE,NL-GE,6963.21,Weekly,2023-02-13,2023-02-19,KG,2.58,2.58
APPLE_FAMILY,WHOLESALE,NL-GE,6942.95,Weekly,2023-02-20,2023-02-26,KG,2.58,2.58
APPLE_FAMILY,WHOLESALE,NL-GE,7053.11,Weekly,2023-02-27,2023-03-05,KG,2.579,2.579
APPLE_FAMILY,WHOLESALE,NL-GE,5679.45,Weekly,2023-03-06,2023-03-12,KG,2.579,2.579
APPLE_FAMILY,WHOLESALE,NL-GE,6828.17,Weekly,2023-03-13,2023-03-19,KG,2.587,2.587
APPLE_FAMILY,WHOLESALE,NL-GE,5787.68,Weekly,2023-03-20,2023-03-26,KG,2.627,2.627
APPLE_FAMILY,WHOLESALE,NL-GE,5914.26,Weekly,2023-03-27,2023-04-02,KG,2.584,2.584
APPLE_FAMILY,WHOLESALE,NL-GE,6530.56,Weekly,2023-04-03,2023-04-09,KG,2.585,2.585
APPLE_FAMILY,WHOLESALE,NL-GE,6241.14,Weekly,2023-04-10,2023-04-16,KG,2.6,2.6
APPLE_FAMILY,WHOLESALE,NL-GE,6309.24,Weekly,2023-04-17,2023-04-23,KG,2.581,2.581
APPLE_FAMILY,WHOLESALE,NL-GE,5841.3,Weekly,2023-04-24,2023-04-30,KG,2.6,2.6
APPLE_FAMILY,WHOLESALE,NL-GE,5973.43,Weekly,2023-05-01,2023-05-07,KG,2.578,2.578
APPLE_FAMILY,WHOLESALE,NL-GE,5129.1900000000005,Weekly,2023-05-08,2023-05-14,KG,2.586,2.586
APPLE_FAMILY,WHOLESALE,NL-GE,6201.58,Weekly,2023-05-15,2023-05-21,KG,2.627,2.627
APPLE_FAMILY,WHOLESALE,NL-GE,6102.0,Weekly,2023-05-22,2023-05-28,KG,2.59,2.59
APPLE_FAMILY,WHOLESALE,NL-GE,6040.13,Weekly,2023-05-29,2023-06-04,KG,2.579,2.579
APPLE_FAMILY,WHOLESALE,NL-GE,6061.45,Weekly,2023-06-05,2023-06-11,KG,2.58,2.58
APPLE_FAMILY,WHOLESALE,NL-GE,5702.2,Weekly,2023-06-12,2023-06-18,KG,2.558,2.558
APPLE_FAMILY,WHOLESALE,NL-GE,5326.889999999999,Weekly,2023-06-19,2023-06-25,KG,2.61,2.61
APPLE_FAMILY,WHOLESALE,NL-GE,5152.89,Weekly,2023-06-26,2023-07-02,KG,2.6,2.6
APPLE_FAMILY,WHOLESALE,NL-GE,5366.32,Weekly,2023-07-03,2023-07-09,KG,2.581,2.581
APPLE_FAMILY,WHOLESALE,NL-GE,5639.65,Weekly,2023-07-10,2023-07-16,KG,2.605,2.605
APPLE_FAMILY,WHOLESALE,NL-GE,5212.69,Weekly,2023-07-17,2023-07-23,KG,2.556,2.556
APPLE_FAMILY,WHOLESALE,NL-GE,4439.9800000000005,Weekly,2023-07-24,2023-07-30,KG,2.59,2.59
APPLE_FAMILY,WHOLESALE,NL-GE,4384.64,Weekly,2023-07-31,2023-08-06,KG,2.226,2.26
APPLE_FAMILY,WHOLESALE,NL-GE,5531.83,Weekly,2023-08-07,2023-08-13,KG,2.2,2.204
APPLE_FAMILY,WHOLESALE,NL-GE,5995.82,Weekly,2023-08-14,2023-08-20,KG,2.258,2.258
APPLE_FAMILY,WHOLESALE,NL-GE,5895.67,Weekly,2023-08-21,2023-08-27,KG,2.213,2.213
APPLE_FAMILY,WHOLESALE,NL-GE,6129.27,Weekly,2023-08-28,2023-09-03,KG,2.142,2.142
APPLE_FAMILY,WHOLESALE,NL-GE,6998.89,Weekly,2023-09-04,2023-09-10,KG,2.108,2.108
APPLE_FAMILY,WHOLESALE,NL-GE,6302.99,Weekly,2023-09-11,2023-09-17,KG,2.082,2.082
APPLE_FAMILY,WHOLESALE,NL-GE,6311.47,Weekly,2023-09-18,2023-09-24,KG,2.11,2.11
APPLE_FAMILY,WHOLESALE,NL-GE,7462.4,Weekly,2023-09-25,2023-10-01,KG,2.085,2.085
APPLE_FAMILY,WHOLESALE,NL-GE,7367.44,Weekly,2023-10-02,2023-10-08,KG,2.109,2.109
APPLE_FAMILY,WHOLESALE,NL-GE,6132.87,Weekly,2023-10-09,2023-10-15,KG,2.108,2.108
APPLE_FAMILY,WHOLESALE,NL-GE,6312.95,Weekly,2023-10-16,2023-10-22,KG,2.154,2.154
APPLE_FAMILY,WHOLESALE,NL-GE,5690.86,Weekly,2023-10-23,2023-10-29,KG,2.102,2.102
APPLE_FAMILY,WHOLESALE,NL-GE,6268.3099999999995,Weekly,2023-10-30,2023-11-05,KG,2.091,2.091
APPLE_FAMILY,WHOLESALE,NL-GE,6706.66,Weekly,2023-11-06,2023-11-12,KG,2.093,2.093
APPLE_FAMILY,WHOLESALE,NL-GE,6521.4,Weekly,2023-11-13,2023-11-19,KG,2.103,2.103
APPLE_FAMILY,WHOLESALE,NL-GE,6978.05,Weekly,2023-11-20,2023-11-26,KG,2.092,2.092
APPLE_FAMILY,WHOLESALE,NL-GE,6130.38,Weekly,2023-11-27,2023-12-03,KG,2.319,2.319
APPLE_FAMILY,WHOLESALE,NL-GE,6384.3,Weekly,2023-12-04,2023-12-10,KG,2.602,2.602
APPLE_FAMILY,WHOLESALE,NL-GE,7140.88,Weekly,2023-12-11,2023-12-17,KG,2.585,2.585
APPLE_FAMILY,WHOLESALE,NL-GE,5926.110000000001,Weekly,2023-12-18,2023-12-24,KG,2.588,2.588
APPLE_FAMILY,WHOLESALE,NL-GE,6476.05,Weekly,2023-12-25,2023-12-31,KG,2.605,2.605
APPLE_FAMILY,WHOLESALE,NL-GE,6715.69,Weekly,2024-01-01,2024-01-07,KG,2.593,2.601
APPLE_FAMILY,WHOLESALE,NL-GE,7090.77,Weekly,2024-01-08,2024-01-14,KG,2.595,2.615
APPLE_FAMILY,WHOLESALE,NL-GE,7117.97,Weekly,2024-01-15,2024-01-21,KG,2.616,2.616
APPLE_FAMILY,WHOLESALE,NL-GE,6956.05,Weekly,2024-01-22,2024-01-28,KG,2.612,2.612
APPLE_FAMILY,WHOLESALE,NL-GE,7156.45,Weekly,2024-01-29,2024-02-04,KG,2.609,2.609
APPLE_FAMILY,WHOLESALE,NL-GE,6162.21,Weekly,2024-02-05,2024-02-11,KG,2.565,2.565
APPLE_FAMILY,WHOLESALE,NL-GE,6981.69,Weekly,2024-02-12,2024-02-18,KG,2.587,2.587
APPLE_FAMILY,WHOLESALE,NL-GE,6607.5,Weekly,2024-02-19,2024-02-25,KG,2.591,2.591
APPLE_FAMILY,WHOLESALE,NL-GE,7041.67,Weekly,2024-02-26,2024-03-03,KG,2.589,2.589
APPLE_FAMILY,WHOLESALE,NL-GE,7591.52,Weekly,2024-03-04,2024-03-10,KG,2.59,2.59
APPLE_FAMILY,WHOLESALE,NL-GE,6742.05,Weekly,2024-03-11,2024-03-17,KG,2.595,2.595
APPLE_FAMILY,WHOLESALE,NL-GE,6666.59,Weekly,2024-03-18,2024-03-24,KG,2.58,2.58
APPLE_FAMILY,WHOLESALE,NL-GE,6564.65,Weekly,2024-03-25,2024-03-31,KG,2.574,2.574
APPLE_FAMILY,WHOLESALE,NL-GE,6207.75,Weekly,2024-04-01,2024-04-07,KG,2.625,2.625
APPLE_FAMILY,WHOLESALE,NL-GE,6795.77,Weekly,2024-04-08,2024-04-14,KG,2.609,2.609
APPLE_FAMILY,WHOLESALE,NL-GE,5235.1900000000005,Weekly,2024-04-15,2024-04-21,KG,2.604,2.604
APPLE_FAMILY,WHOLESALE,NL-GE,5990.47,Weekly,2024-04-22,2024-04-28,KG,2.614,2.614
APPLE_FAMILY,WHOLESALE,NL-GE,6332.9,Weekly,2024-04-29,2024-05-05,KG,2.615,2.615
APPLE_FAMILY,WHOLESALE,NL-GE,6487.17,Weekly,2024-05-06,2024-05-12,KG,2.606,2.606
APPLE_FAMILY,WHOLESALE,NL-GE,5791.84,Weekly,2024-05-13,2024-05-19,KG,2.557,2.557
APPLE_FAMILY,WHOLESALE,NL-GE,4979.54,Weekly,2024-05-20,2024-05-26,KG,2.561,2.561
APPLE_FAMILY,WHOLESALE,NL-GE,5277.21,Weekly,2024-05-27,2024-06-02,KG,2.579,2.579
APPLE_FAMILY,WHOLESALE,NL-GE,5661.64,Weekly,2024-06-03,2024-06-09,KG,2.559,2.559
APPLE_FAMILY,WHOLESALE,NL-GE,4843.06,Weekly,2024-06-10,2024-06-16,KG,2.619,2.619
APPLE_FAMILY,WHOLESALE,NL-GE,4895.71,Weekly,2024-06-17,2024-06-23,KG,2.555,2.555
APPLE_FAMILY,WHOLESALE,NL-GE,5355.18,Weekly,2024-06-24,2024-06-30,KG,2.613,2.613
APPLE_FAMILY,WHOLESALE,NL-GE,4953.39,Weekly,2024-07-01,2024-07-07,KG,2.599,2.599
APPLE_FAMILY,WHOLESALE,NL-GE,4999.89,Weekly,2024-07-08,2024-07-14,KG,2.605,2.605
APPLE_FAMILY,WHOLESALE,NL-GE,5404.57,Weekly,2024-07-15,2024-07-21,KG,2.575,2.575
APPLE_FAMILY,WHOLESALE,NL-GE,5361.67,Weekly,2024-07-22,2024-07-28,KG,2.577,2.577
APPLE_FAMILY,WHOLESALE,NL-GE,5441.11,Weekly,2024-07-29,2024-08-04,KG,2.401,2.401
APPLE_FAMILY,WHOLESALE,NL-GE,5830.18,Weekly,2024-08-05,2024-08-11,KG,2.227,2.227
APPLE_FAMILY,WHOLESALE,NL-GE,5370.29,Weekly,2024-08-12,2024-08-18,KG,2.22,2.22
APPLE_FAMILY,WHOLESALE,NL-GE,5758.87,Weekly,2024-08-19,2024-08-25,KG,2.213,2.213
APPLE_FAMILY,WHOLESALE,NL-GE,6422.15,Weekly,2024-08-26,2024-09-01,KG,2.219,2.219
APPLE_FAMILY,WHOLESALE,NL-GE,6311.67,Weekly,2024-09-02,2024-09-08,KG,2.095,2.095
APPLE_FAMILY,WHOLESALE,NL-GE,5654.37,Weekly,2024-09-09,2024-09-15,KG,2.147,2.147
APPLE_FAMILY,WHOLESALE,NL-GE,7298.97,Weekly,2024-09-16,2024-09-22,KG,2.111,2.111
APPLE_FAMILY,WHOLESALE,NL-GE,6064.42,Weekly,2024-09-23,2024-09-29,KG,2.098,2.098
APPLE_FAMILY,WHOLESALE,NL-GE,6399.77,Weekly,2024-09-30,2024-10-06,KG,2.103,2.103
APPLE_FAMILY,WHOLESALE,NL-GE,5996.95,Weekly,2024-10-07,2024-10-13,KG,2.145,2.145
APPLE_FAMILY,WHOLESALE,NL-GE,7054.1900000000005,Weekly,2024-10-14,2024-10-20,KG,2.111,2.111
APPLE_FAMILY,WHOLESALE,NL-GE,7243.44,Weekly,2024-10-21,2024-10-27,KG,2.104,2.104
APPLE_FAMILY,WHOLESALE,NL-GE,6934.34,Weekly,2024-10-28,2024-11-03,KG,2.129,2.129
APPLE_FAMILY,WHOLESALE,NL-GE,7103.1,Weekly,2024-11-04,2024-11-10,KG,2.102,2.102
APPLE_FAMILY,WHOLESALE,NL-GE,6794.85,Weekly,2024-11-11,2024-11-17,KG,2.104,2.104
APPLE_FAMILY,WHOLESALE,NL-GE,6249.22,Weekly,2024-11-18,2024-11-24,KG,2.122,2.122
APPLE_FAMILY,WHOLESALE,NL-GE,7062.13,Weekly,2024-11-25,2024-12-01,KG,2.185,2.185
APPLE_FAMILY,WHOLESALE,NL-GE,6581.92,Weekly,2024-12-02,2024-12-08,KG,2.577,2.577
APPLE_FAMILY,WHOLESALE,NL-GE,7148.37,Weekly,2024-12-09,2024-12-15,KG,2.601,2.601
APPLE_FAMILY,WHOLESALE,NL-GE,6997.59,Weekly,2024-12-16,2024-12-22,KG,2.561,2.561
APPLE_FAMILY,WHOLESALE,NL-GE,7087.32,Weekly,2024-12-23,2024-12-29,KG,2.605,2.605
APPLE_FAMILY,WHOLESALE,NL-GE,6796.58,Weekly,2024-12-30,2025-01-05,KG,2.567,2.567
APPLE_FAMILY,WHOLESALE,NL-GE,7078.16,Weekly,2025-01-06,2025-01-12,KG,2.59,2.59
APPLE_FAMILY,WHOLESALE,NL-GE,6968.5199999999995,Weekly,2025-01-13,2025-01-19,KG,2.565,2.565
APPLE_FAMILY,WHOLESALE,NL-GE,6151.05,Weekly,2025-01-20,2025-01-26,KG,2.571,2.571
APPLE_FAMILY,WHOLESALE,NL-GE,7299.44,Weekly,2025-01-27,2025-02-02,KG,2.602,2.602
APPLE_FAMILY,WHOLESALE,NL-GE,7595.09,Weekly,2025-02-03,2025-02-09,KG,2.579,2.579
APPLE_FAMILY,WHOLESALE,NL-GE,6497.8,Weekly,2025-02-10,2025-02-16,KG,2.588,2.588
APPLE_FAMILY,WHOLESALE,NL-GE,7569.13,Weekly,2025-02-17,2025-02-23,KG,2.588,2.588
APPLE_FAMILY,WHOLESALE,NL-GE,6727.02,Weekly,2025-02-24,2025-03-02,KG,2.601,2.601
APPLE_FAMILY,WHOLESALE,NL-GE,8008.4,Weekly,2025-03-03,2025-03-09,KG,2.578,2.578
APPLE_FAMILY,WHOLESALE,NL-GE,7331.78,Weekly,2025-03-10,2025-03-16,KG,2.575,2.575
APPLE_FAMILY,WHOLESALE,NL-GE,7925.55,Weekly,2025-03-17,2025-03-23,KG,2.605,2.605
APPLE_FAMILY,WHOLESALE,NL-GE,7198.06,Weekly,2025-03-24,2025-03-30,KG,2.603,2.603
APPLE_FAMILY,WHOLESALE,NL-GE,7950.32,Weekly,2025-03-31,2025-04-06,KG,2.599,2.599
APPLE_FAMILY,WHOLESALE,NL-GE,7278.93,Weekly,2025-04-07,2025-04-13,KG,2.588,2.588
APPLE_FAMILY,WHOLESALE,NL-GE,6057.92,Weekly,2025-04-14,2025-04-20,KG,2.583,2.583
APPLE_FAMILY,WHOLESALE,NL-GE,6380.29,Weekly,2025-04-21,2025-04-27,KG,2.562,2.562
APPLE_FAMILY,WHOLESALE,NL-GE,6922.64,Weekly,2025-04-28,2025-05-04,KG,2.607,2.607
APPLE_FAMILY,WHOLESALE,NL-GE,6769.58,Weekly,2025-05-05,2025-05-11,KG,2.606,2.606
APPLE_FAMILY,WHOLESALE,NL-GE,6759.34,Weekly,2025-05-12,2025-05-18,KG,2.609,2.609
APPLE_FAMILY,WHOLESALE,NL-GE,5738.91,Weekly,2025-05-19,2025-05-25,KG,2.603,2.603
APPLE_FAMILY,WHOLESALE,NL-GE,4988.64,Weekly,2025-05-26,2025-06-01,KG,2.597,2.597
APPLE_FAMILY,WHOLESALE,NL-GE,5068.29,Weekly,2025-06-02,2025-06-08,KG,2.577,2.577
APPLE_FAMILY,WHOLESALE,NL-GE,5721.61,Weekly,2025-06-09,2025-06-15,KG,2.594,2.594
APPLE_FAMILY,WHOLESALE,NL-GE,5698.3,Weekly,2025-06-16,2025-06-22,KG,2.619,2.619
APPLE_FAMILY,WHOLESALE,NL-GE,5320.06,Weekly,2025-06-23,2025-06-29,KG,2.574,2.574
APPLE_FAMILY,WHOLESALE,NL-GE,5359.18,Weekly,2025-06-30,2025-07-06,KG,2.594,2.594
APPLE_FAMILY,WHOLESALE,NL-GE,5573.5,Weekly,2025-07-07,2025-07-13,KG,2.533,2.533
APPLE_FAMILY,WHOLESALE,NL-GE,5488.12,Weekly,2025-07-14,2025-07-20,KG,2.595,2.595
APPLE_FAMILY,WHOLESALE,NL-GE,5432.74,Weekly,2025-07-21,2025-07-27,KG,2.597,2.597
APPLE_FAMILY,WHOLESALE,NL-GE,5106.07,Weekly,2025-07-28,2025-08-03,KG,2.463,2.463
APPLE_FAMILY,WHOLESALE,NL-GE,5667.55,Weekly,2025-08-04,2025-08-10,KG,2.181,2.181
APPLE_FAMILY,WHOLESALE,NL-GE,5991.81,Weekly,2025-08-11,2025-08-17,KG,2.224,2.224
APPLE_FAMILY,WHOLESALE,NL-GE,6191.16,Weekly,2025-08-18,2025-08-24,KG,2.189,2.189
APPLE_FAMILY,WHOLESALE,NL-GE,6496.14,Weekly,2025-08-25,2025-08-31,KG,2.23,2.23
APPLE_FAMILY,WHOLESALE,NL-GE,6410.5,Weekly,2025-09-01,2025-09-07,KG,2.118,2.118
APPLE_FAMILY,WHOLESALE,NL-GE,5918.7,Weekly,2025-09-08,2025-09-14,KG,2.128,2.128
APPLE_FAMILY,WHOLESALE,NL-GE,6107.6,Weekly,2025-09-15,2025-09-21,KG,2.089,2.089
APPLE_FAMILY,WHOLESALE,NL-GE,6789.9,Weekly,2025-09-22,2025-09-28,KG,2.119,2.119
APPLE_FAMILY,WHOLESALE,NL-GE,6310.99,Weekly,2025-09-29,2025-10-05,KG,2.097,2.097
APPLE_FAMILY,WHOLESALE,NL-GE,6403.96,Weekly,2025-10-06,2025-10-12,KG,2.131,2.131
APPLE_FAMILY,WHOLESALE,NL-GE,7107.74,Weekly,2025-10-13,2025-10-19,KG,2.118,2.118
APPLE_FAMILY,WHOLESALE,NL-GE,6234.22,Weekly,2025-10-20,2025-10-26,KG,2.138,2.138
APPLE_FAMILY,WHOLESALE,NL-GE,6287.83,Weekly,2025-10-27,2025-11-02,KG,2.107,2.107
APPLE_FAMILY,WHOLESALE,NL-GE,8053.360000000001,Weekly,2025-11-03,2025-11-09,KG,2.122,2.122
APPLE_FAMILY,WHOLESALE,NL-GE,6416.88,Weekly,2025-11-10,2025-11-16,KG,2.092,2.092
APPLE_FAMILY,WHOLESALE,NL-GE,6728.85,Weekly,2025-11-17,2025-11-23,KG,2.115,2.115
APPLE_FAMILY,WHOLESALE,NL-GE,6994.63,Weekly,2025-11-24,2025-11-30,KG,2.127,2.127
APPLE_FAMILY,WHOLESALE,NL-GE,6754.71,Weekly,2025-12-01,2025-12-07,KG,2.588,2.588
APPLE_FAMILY,WHOLESALE,NL-GE,7638.24,Weekly,2025-12-08,2025-12-14,KG,2.587,2.587
APPLE_FAMILY,WHOLESALE,NL-GE,7773.29,Weekly,2025-12-15,2025-12-21,KG,2.543,2.543
APPLE_FAMILY,WHOLESALE,NL-GE,7143.8,Weekly,2025-12-22,2025-12-28,KG,2.57,2.57
APPLE_FAMILY,WHOLESALE,NL-GE,6614.6,Weekly,2025-12-29,2026-01-04,KG,2.619,2.619
APPLE_FAMILY,WHOLESALE,NL-GE,6273.3,Weekly,2026-01-05,2026-01-11,KG,2.607,2.607
APPLE_FAMILY,WHOLESALE,NL-GE,7534.6900000000005,Weekly,2026-01-12,2026-01-18,KG,2.608,2.608
APPLE_FAMILY,WHOLESALE,NL-GE,7715.97,Weekly,2026-01-19,2026-01-25,KG,2.603,2.603
APPLE_FAMILY,WHOLESALE,NL-GE,6812.03,Weekly,2026-01-26,2026-02-01,KG,2.583,2.583
APPLE_FAMILY,WHOLESALE,NL-NB,4251.26,Weekly,2023-01-30,2023-02-05,KG,2.667,2.667
APPLE_FAMILY,WHOLESALE,NL-NB,7574.46,Weekly,2023-02-06,2023-02-12,KG,2.676,2.676
APPLE_FAMILY,WHOLESALE,NL-NB,7700.4400000000005,Weekly,2023-02-13,2023-02-19,KG,2.641,2.641
APPLE_FAMILY,WHOLESALE,NL-NB,6851.16,Weekly,2023-02-20,2023-02-26,KG,2.675,2.675
APPLE_FAMILY,WHOLESALE,NL-NB,7150.42,Weekly,2023-02-27,2023-03-05,KG,2.663,2.663
APPLE_FAMILY,WHOLESALE,NL-NB,5601.23,Weekly,2023-03-06,2023-03-12,KG,2.698,2.698
APPLE_FAMILY,WHOLESALE,NL-NB,7294.33,Weekly,2023-03-13,2023-03-19,KG,2.677,2.677
APPLE_FAMILY,WHOLESALE,NL-NB,5791.96,Weekly,2023-03-20,2023-03-26,KG,2.654,2.654
APPLE_FAMILY,WHOLESALE,NL-NB,5951.16,Weekly,2023-03-27,2023-04-02,KG,2.692,2.692
APPLE_FAMILY,WHOLESALE,NL-NB,6640.68,Weekly,2023-04-03,2023-04-09,KG,2.662,2.662
APPLE_FAMILY,WHOLESALE,NL-NB,6218.82,Weekly,2023-04-10,2023-04-16,KG,2.684,2.684
APPLE_FAMILY,WHOLESALE,NL-NB,6332.8,Weekly,2023-04-17,2023-04-23,KG,2.677,2.677
APPLE_FAMILY,WHOLESALE,NL-NB,5765.48,Weekly,2023-04-24,2023-04-30,KG,2.687,2.687
APPLE_FAMILY,WHOLESALE,NL-NB,6247.16,Weekly,2023-05-01,2023-05-07,KG,2.659,2.659
APPLE_FAMILY,WHOLESALE,NL-NB,5398.1,Weekly,2023-05-08,2023-05-14,KG,2.692,2.692
APPLE_FAMILY,WHOLESALE,NL-NB,6566.86,Weekly,2023-05-15,2023-05-21,KG,2.686,2.686
APPLE_FAMILY,WHOLESALE,NL-NB,6233.79,Weekly,2023-05-22,2023-05-28,KG,2.65,2.65
APPLE_FAMILY,WHOLESALE,NL-NB,6403.74,Weekly,2023-05-29,2023-06-04,KG,2.691,2.691
APPLE_FAMILY,WHOLESALE,NL-NB,6001.42,Weekly,2023-06-05,2023-06-11,KG,2.673,2.673
APPLE_FAMILY,WHOLESALE,NL-NB,6014.1900000000005,Weekly,2023-06-12,2023-06-18,KG,2.688,2.688
APPLE_FAMILY,WHOLESALE,NL-NB,5525.42,Weekly,2023-06-19,2023-06-25,KG,2.667,2.667
APPLE_FAMILY,WHOLESALE,NL-NB,5583.38,Weekly,2023-06-26,2023-07-02,KG,2.71,2.71
APPLE_FAMILY,WHOLESALE,NL-NB,5588.67,Weekly,2023-07-03,2023-07-09,KG,2.675,2.675
APPLE_FAMILY,WHOLESALE,NL-NB,5868.78,Weekly,2023-07-10,2023-07-16,KG,2.684,2.684
APPLE_FAMILY,WHOLESALE,NL-NB,5618.9,Weekly,2023-07-17,2023-07-23,KG,2.685,2.685
APPLE_FAMILY,WHOLESALE,NL-NB,4978.31,Weekly,2023-07-24,2023-07-30,KG,2.645,2.645
APPLE_FAMILY,WHOLESALE,NL-NB,4350.5,Weekly,2023-07-31,2023-08-06,KG,2.307,2.307
APPLE_FAMILY,WHOLESALE,NL-NB,5655.56,Weekly,2023-08-07,2023-08-13,KG,2.277,2.277
APPLE_FAMILY,WHOLESALE,NL-NB,6521.08,Weekly,2023-08-14,2023-08-20,KG,2.272,2.272
APPLE_FAMILY,WHOLESALE,NL-NB,6000.76,Weekly,2023-08-21,2023-08-27,KG,2.273,2.273
APPLE_FAMILY,WHOLESALE,NL-NB,5930.09,Weekly,2023-08-28,2023-09-03,KG,2.242,2.242
APPLE_FAMILY,WHOLESALE,NL-NB,7226.16,Weekly,2023-09-04,2023-09-10,KG,2.179,2.179
APPLE_FAMILY,WHOLESALE,NL-NB,6926.69,Weekly,2023-09-11,2023-09-17,KG,2.175,2.175
APPLE_FAMILY,WHOLESALE,NL-NB,6644.11,Weekly,2023-09-18,2023-09-24,KG,2.183,2.183
APPLE_FAMILY,WHOLESALE,NL-NB,7843.45,Weekly,2023-09-25,2023-10-01,KG,2.159,2.159
APPLE_FAMILY,WHOLESALE,NL-NB,7155.28,Weekly,2023-10-02,2023-10-08,KG,2.182,2.182
APPLE_FAMILY,WHOLESALE,NL-NB,6857.02,Weekly,2023-10-09,2023-10-15,KG,2.18,2.18
APPLE_FAMILY,WHOLESALE,NL-NB,6526.82,Weekly,2023-10-16,2023-10-22,KG,2.173,2.173
APPLE_FAMILY,WHOLESALE,NL-NB,6444.08,Weekly,2023-10-23,2023-10-29,KG,2.164,2.164
APPLE_FAMILY,WHOLESALE,NL-NB,6453.85,Weekly,2023-10-30,2023-11-05,KG,2.189,2.189
APPLE_FAMILY,WHOLESALE,NL-NB,7135.72,Weekly,2023-11-06,2023-11-12,KG,2.166,2.166
APPLE_FAMILY,WHOLESALE,NL-NB,6544.7,Weekly,2023-11-13,2023-11-19,KG,2.158,2.158
APPLE_FAMILY,WHOLESALE,NL-NB,7028.33,Weekly,2023-11-20,2023-11-26,KG,2.174,2.174
APPLE_FAMILY,WHOLESALE,NL-NB,6508.78,Weekly,2023-11-27,2023-12-03,KG,2.355,2.355
APPLE_FAMILY,WHOLESALE,NL-NB,6905.72,Weekly,2023-12-04,2023-12-10,KG,2.681,2.681
APPLE_FAMILY,WHOLESALE,NL-NB,7619.26,Weekly,2023-12-11,2023-12-17,KG,2.677,2.677
APPLE_FAMILY,WHOLESALE,NL-NB,6411.48,Weekly,2023-12-18,2023-12-24,KG,2.682,2.682
APPLE_FAMILY,WHOLESALE,NL-NB,7424.28,Weekly,2023-12-25,2023-12-31,KG,2.643,2.643
APPLE_FAMILY,WHOLESALE,NL-NB,6744.8,Weekly,2024-01-01,2024-01-07,KG,2.672,2.672
APPLE_FAMILY,WHOLESALE,NL-NB,7325.7,Weekly,2024-01-08,2024-01-14,KG,2.667,2.667
APPLE_FAMILY,WHOLESALE,NL-NB,7079.5,Weekly,2024-01-15,2024-01-21,KG,2.705,2.705
APPLE_FAMILY,WHOLESALE,NL-NB,7621.02,Weekly,2024-01-22,2024-01-28,KG,2.662,2.662
APPLE_FAMILY,WHOLESALE,NL-NB,7647.19,Weekly,2024-01-29,2024-02-04,KG,2.663,2.663
APPLE_FAMILY,WHOLESALE,NL-NB,6745.85,Weekly,2024-02-05,2024-02-11,KG,2.678,2.678
APPLE_FAMILY,WHOLESALE,NL-NB,7442.85,Weekly,2024-02-12,2024-02-18,KG,2.673,2.673
APPLE_FAMILY,WHOLESALE,NL-NB,6729.02,Weekly,2024-02-19,2024-02-25,KG,2.694,2.694
APPLE_FAMILY,WHOLESALE,NL-NB,7047.31,Weekly,2024-02-26,2024-03-03,KG,2.673,2.673
APPLE_FAMILY,WHOLESALE,NL-NB,7748.01,Weekly,2024-03-04,2024-03-10,KG,2.658,2.658
APPLE_FAMILY,WHOLESALE,NL-NB,6956.62,Weekly,2024-03-11,2024-03-17,KG,2.682,2.682
APPLE_FAMILY,WHOLESALE,NL-NB,6977.96,Weekly,2024-03-18,2024-03-24,KG,2.687,2.687
APPLE_FAMILY,WHOLESALE,NL-NB,6825.54,Weekly,2024-03-25,2024-03-31,KG,2.681,2.681
APPLE_FAMILY,WHOLESALE,NL-NB,6752.01,Weekly,2024-04-01,2024-04-07,KG,2.658,2.658
APPLE_FAMILY,WHOLESALE,NL-NB,6621.81,Weekly,2024-04-08,2024-04-14,KG,2.703,2.703
APPLE_FAMILY,WHOLESALE,NL-NB,5154.24,Weekly,2024-04-15,2024-04-21,KG,2.682,2.682
APPLE_FAMILY,WHOLESALE,NL-NB,5917.72,Weekly,2024-04-22,2024-04-28,KG,2.675,2.675
APPLE_FAMILY,WHOLESALE,NL-NB,5890.0,Weekly,2024-04-29,2024-05-05,KG,2.676,2.676
APPLE_FAMILY,WHOLESALE,NL-NB,6131.89,Weekly,2024-05-06,2024-05-12,KG,2.702,2.702
APPLE_FAMILY,WHOLESALE,NL-NB,5570.94,Weekly,2024-05-13,2024-05-19,KG,2.664,2.664
APPLE_FAMILY,WHOLESALE,NL-NB,5349.35,Weekly,2024-05-20,2024-05-26,KG,2.671,2.671
APPLE_FAMILY,WHOLESALE,NL-NB,5321.36,Weekly,2024-05-27,2024-06-02,KG,2.674,2.674
APPLE_FAMILY,WHOLESALE,NL-NB,5922.85,Weekly,2024-06-03,2024-06-09,KG,2.661,2.661
APPLE_FAMILY,WHOLESALE,NL-NB,4820.95,Weekly,2024-06-10,2024-06-16,KG,2.683,2.683
APPLE_FAMILY,WHOLESALE,NL-NB,5413.57,Weekly,2024-06-17,2024-06-23,KG,2.67,2.67
APPLE_FAMILY,WHOLESALE,NL-NB,5515.76,Weekly,2024-06-24,2024-06-30,KG,2.672,2.672
APPLE_FAMILY,WHOLESALE,NL-NB,4941.22,Weekly,2024-07-01,2024-07-07,KG,2.675,2.675
APPLE_FAMILY,WHOLESALE,NL-NB,4940.17,Weekly,2024-07-08,2024-07-14,KG,2.644,2.644
APPLE_FAMILY,WHOLESALE,NL-NB,6068.05,Weekly,2024-07-15,2024-07-21,KG,2.686,2.686
APPLE_FAMILY,WHOLESALE,NL-NB,5234.05,Weekly,2024-07-22,2024-07-28,KG,2.68,2.68
APPLE_FAMILY,WHOLESALE,NL-NB,5747.57,Weekly,2024-07-29,2024-08-04,KG,2.457,2.457
APPLE_FAMILY,WHOLESALE,NL-NB,6183.41,Weekly,2024-08-05,2024-08-11,KG,2.309,2.309
APPLE_FAMILY,WHOLESALE,NL-NB,5839.84,Weekly,2024-08-12,2024-08-18,KG,2.294,2.294
APPLE_FAMILY,WHOLESALE,NL-NB,6070.33,Weekly,2024-08-19,2024-08-25,KG,2.274,2.274
APPLE_FAMILY,WHOLESALE,NL-NB,6620.42,Weekly,2024-08-26,2024-09-01,KG,2.251,2.251
APPLE_FAMILY,WHOLESALE,NL-NB,6327.84,Weekly,2024-09-02,2024-09-08,KG,2.166,2.166
APPLE_FAMILY,WHOLESALE,NL-NB,5900.0,Weekly,2024-09-09,2024-09-15,KG,2.165,2.165
APPLE_FAMILY,WHOLESALE,NL-NB,7446.65,Weekly,2024-09-16,2024-09-22,KG,2.177,2.177
APPLE_FAMILY,WHOLESALE,NL-NB,6367.9400000000005,Weekly,2024-09-23,2024-09-29,KG,2.172,2.172
APPLE_FAMILY,WHOLESALE,NL-NB,6739.91,Weekly,2024-09-30,2024-10-06,KG,2.161,2.161
APPLE_FAMILY,WHOLESALE,NL-NB,6347.49,Weekly,2024-10-07,2024-10-13,KG,2.172,2.172
APPLE_FAMILY,WHOLESALE,NL-NB,6807.7300000000005,Weekly,2024-10-14,2024-10-20,KG,2.186,2.186
APPLE_FAMILY,WHOLESALE,NL-NB,7166.81,Weekly,2024-10-21,2024-10-27,KG,2.184,2.184
APPLE_FAMILY,WHOLESALE,NL-NB,7103.92,Weekly,2024-10-28,2024-11-03,KG,2.186,2.186
APPLE_FAMILY,WHOLESALE,NL-NB,7132.34,Weekly,2024-11-04,2024-11-10,KG,2.186,2.186
APPLE_FAMILY,WHOLESALE,NL-NB,7265.55,Weekly,2024-11-11,2024-11-17,KG,2.184,2.184
APPLE_FAMILY,WHOLESALE,NL-NB,5937.61,Weekly,2024-11-18,2024-11-24,KG,2.174,2.174
APPLE_FAMILY,WHOLESALE,NL-NB,7801.1,Weekly,2024-11-25,2024-12-01,KG,2.226,2.226
APPLE_FAMILY,WHOLESALE,NL-NB,6897.41,Weekly,2024-12-02,2024-12-08,KG,2.676,2.676
APPLE_FAMILY,WHOLESALE,NL-NB,7055.96,Weekly,2024-12-09,2024-12-15,KG,2.684,2.684
APPLE_FAMILY,WHOLESALE,NL-NB,7159.12,Weekly,2024-12-16,2024-12-22,KG,2.672,2.672
APPLE_FAMILY,WHOLESALE,NL-NB,7161.6900000000005,Weekly,2024-12-23,2024-12-29,KG,2.683,2.683
APPLE_FAMILY,WHOLESALE,NL-NB,6549.62,Weekly,2024-12-30,2025-01-05,KG,2.67,2.67
APPLE_FAMILY,WHOLESALE,NL-NB,6674.87,Weekly,2025-01-06,2025-01-12,KG,2.685,2.685
APPLE_FAMILY,WHOLESALE,NL-NB,7351.150000000001,Weekly,2025-01-13,2025-01-19,KG,2.687,2.687
APPLE_FAMILY,WHOLESALE,NL-NB,6467.610000000001,Weekly,2025-01-20,2025-01-26,KG,2.672,2.672
APPLE_FAMILY,WHOLESALE,NL-NB,7380.25,Weekly,2025-01-27,2025-02-02,KG,2.633,2.633
APPLE_FAMILY,WHOLESALE,NL-NB,7407.78,Weekly,2025-02-03,2025-02-09,KG,2.689,2.689
APPLE_FAMILY,WHOLESALE,NL-NB,6722.37,Weekly,2025-02-10,2025-02-16,KG,2.649,2.649
APPLE_FAMILY,WHOLESALE,NL-NB,7794.2300000000005,Weekly,2025-02-17,2025-02-23,KG,2.647,2.647
APPLE_FAMILY,WHOLESALE,NL-NB,7037.61,Weekly,2025-02-24,2025-03-02,KG,2.652,2.652
APPLE_FAMILY,WHOLESALE,NL-NB,8536.53,Weekly,2025-03-03,2025-03-09,KG,2.699,2.699
APPLE_FAMILY,WHOLESALE,NL-NB,7736.89,Weekly,2025-03-10,2025-03-16,KG,2.655,2.655
APPLE_FAMILY,WHOLESALE,NL-NB,7987.099999999999,Weekly,2025-03-17,2025-03-23,KG,2.682,2.682
APPLE_FAMILY,WHOLESALE,NL-NB,7559.16,Weekly,2025-03-24,2025-03-30,KG,2.641,2.641
APPLE_FAMILY,WHOLESALE,NL-NB,8279.53,Weekly,2025-03-31,2025-04-06,KG,2.668,2.668
APPLE_FAMILY,WHOLESALE,NL-NB,7532.16,Weekly,2025-04-07,2025-04-13,KG,2.699,2.699
APPLE_FAMILY,WHOLESALE,NL-NB,5982.23,Weekly,2025-04-14,2025-04-20,KG,2.677,2.677
APPLE_FAMILY,WHOLESALE,NL-NB,6456.41,Weekly,2025-04-21,2025-04-27,KG,2.675,2.675
APPLE_FAMILY,WHOLESALE,NL-NB,7213.96,Weekly,2025-04-28,2025-05-04,KG,2.659,2.659
APPLE_FAMILY,WHOLESALE,NL-NB,6784.13,Weekly,2025-05-05,2025-05-11,KG,2.65,2.65
APPLE_FAMILY,WHOLESALE,NL-NB,6976.78,Weekly,2025-05-12,2025-05-18,KG,2.679,2.679
APPLE_FAMILY,WHOLESALE,NL-NB,5816.47,Weekly,2025-05-19,2025-05-25,KG,2.681,2.681
APPLE_FAMILY,WHOLESALE,NL-NB,5523.35,Weekly,2025-05-26,2025-06-01,KG,2.65,2.65
APPLE_FAMILY,WHOLESALE,NL-NB,5455.68,Weekly,2025-06-02,2025-06-08,KG,2.684,2.684
APPLE_FAMILY,WHOLESALE,NL-NB,6041.24,Weekly,2025-06-09,2025-06-15,KG,2.675,2.675
APPLE_FAMILY,WHOLESALE,NL-NB,5833.52,Weekly,2025-06-16,2025-06-22,KG,2.673,2.673
APPLE_FAMILY,WHOLESALE,NL-NB,5618.07,Weekly,2025-06-23,2025-06-29,KG,2.664,2.664
APPLE_FAMILY,WHOLESALE,NL-NB,5275.29,Weekly,2025-06-30,2025-07-06,KG,2.702,2.702
APPLE_FAMILY,WHOLESALE,NL-NB,5816.22,Weekly,2025-07-07,2025-07-13,KG,2.65,2.65
APPLE_FAMILY,WHOLESALE,NL-NB,5715.16,Weekly,2025-07-14,2025-07-20,KG,2.646,2.646
APPLE_FAMILY,WHOLESALE,NL-NB,5605.04,Weekly,2025-07-21,2025-07-27,KG,2.676,2.676
APPLE_FAMILY,WHOLESALE,NL-NB,5699.43,Weekly,2025-07-28,2025-08-03,KG,2.519,2.519
APPLE_FAMILY,WHOLESALE,NL-NB,6133.43,Weekly,2025-08-04,2025-08-10,KG,2.296,2.296
APPLE_FAMILY,WHOLESALE,NL-NB,6304.52,Weekly,2025-08-11,2025-08-17,KG,2.267,2.267
APPLE_FAMILY,WHOLESALE,NL-NB,6416.69,Weekly,2025-08-18,2025-08-24,KG,2.293,2.293
APPLE_FAMILY,WHOLESALE,NL-NB,6324.63,Weekly,2025-08-25,2025-08-31,KG,2.287,2.287
APPLE_FAMILY,WHOLESALE,NL-NB,6836.9,Weekly,2025-09-01,2025-09-07,KG,2.186,2.186
APPLE_FAMILY,WHOLESALE,NL-NB,6225.9,Weekly,2025-09-08,2025-09-14,KG,2.159,2.159
APPLE_FAMILY,WHOLESALE,NL-NB,6762.99,Weekly,2025-09-15,2025-09-21,KG,2.16,2.16
APPLE_FAMILY,WHOLESALE,NL-NB,7108.97,Weekly,2025-09-22,2025-09-28,KG,2.181,2.181
APPLE_FAMILY,WHOLESALE,NL-NB,6628.43,Weekly,2025-09-29,2025-10-05,KG,2.155,2.155
APPLE_FAMILY,WHOLESALE,NL-NB,7002.55,Weekly,2025-10-06,2025-10-12,KG,2.18,2.18
APPLE_FAMILY,WHOLESALE,NL-NB,7016.28,Weekly,2025-10-13,2025-10-19,KG,2.187,2.187
APPLE_FAMILY,WHOLESALE,NL-NB,6557.36,Weekly,2025-10-20,2025-10-26,KG,2.177,2.177
APPLE_FAMILY,WHOLESALE,NL-NB,6765.85,Weekly,2025-10-27,2025-11-02,KG,2.159,2.159
APPLE_FAMILY,WHOLESALE,NL-NB,8150.02,Weekly,2025-11-03,2025-11-09,KG,2.175,2.175
APPLE_FAMILY,WHOLESALE,NL-NB,7459.65,Weekly,2025-11-10,2025-11-16,KG,2.172,2.172
APPLE_FAMILY,WHOLESALE,NL-NB,6925.56,Weekly,2025-11-17,2025-11-23,KG,2.167,2.167
APPLE_FAMILY,WHOLESALE,NL-NB,6953.93,Weekly,2025-11-24,2025-11-30,KG,2.161,2.161
APPLE_FAMILY,WHOLESALE,NL-NB,7112.0,Weekly,2025-12-01,2025-12-07,KG,2.632,2.632
APPLE_FAMILY,WHOLESALE,NL-NB,7486.07,Weekly,2025-12-08,2025-12-14,KG,2.68,2.68
APPLE_FAMILY,WHOLESALE,NL-NB,7518.59,Weekly,2025-12-15,2025-12-21,KG,2.661,2.661
APPLE_FAMILY,WHOLESALE,NL-NB,7751.15,Weekly,2025-12-22,2025-12-28,KG,2.691,2.691
APPLE_FAMILY,WHOLESALE,NL-NB,6916.32,Weekly,2025-12-29,2026-01-04,KG,2.676,2.676
APPLE_FAMILY,WHOLESALE,NL-NB,6472.72,Weekly,2026-01-05,2026-01-11,KG,2.669,2.669
APPLE_FAMILY,WHOLESALE,NL-NB,7768.89,Weekly,2026-01-12,2026-01-18,KG,2.665,2.665
APPLE_FAMILY,WHOLESALE,NL-NB,7907.3099999999995,Weekly,2026-01-19,2026-01-25,KG,2.73,2.73
APPLE_FAMILY,WHOLESALE,NL-NB,7037.88,Weekly,2026-01-26,2026-02-01,KG,2.652,2.652
APPLE_FAMILY,WHOLESALE,NL-NH,4459.66,Weekly,2023-01-30,2023-02-05,KG,2.722,2.722
APPLE_FAMILY,WHOLESALE,NL-NH,8115.3,Weekly,2023-02-06,2023-02-12,KG,2.774,2.774
APPLE_FAMILY,WHOLESALE,NL-NH,7718.15,Weekly,2023-02-13,2023-02-19,KG,2.715,2.715
APPLE_FAMILY,WHOLESALE,NL-NH,7587.68,Weekly,2023-02-20,2023-02-26,KG,2.734,2.734
APPLE_FAMILY,WHOLESALE,NL-NH,7750.72,Weekly,2023-02-27,2023-03-05,KG,2.737,2.737
APPLE_FAMILY,WHOLESALE,NL-NH,6047.62,Weekly,2023-03-06,2023-03-12,KG,2.728,2.728
APPLE_FAMILY,WHOLESALE,NL-NH,7424.6,Weekly,2023-03-13,2023-03-19,KG,2.747,2.747
APPLE_FAMILY,WHOLESALE,NL-NH,6345.72,Weekly,2023-03-20,2023-03-26,KG,2.783,2.783
APPLE_FAMILY,WHOLESALE,NL-NH,6372.72,Weekly,2023-03-27,2023-04-02,KG,2.736,2.736
APPLE_FAMILY,WHOLESALE,NL-NH,6847.54,Weekly,2023-04-03,2023-04-09,KG,2.731,2.731
APPLE_FAMILY,WHOLESALE,NL-NH,6322.71,Weekly,2023-04-10,2023-04-16,KG,2.797,2.797
APPLE_FAMILY,WHOLESALE,NL-NH,6054.42,Weekly,2023-04-17,2023-04-23,KG,2.737,2.737
APPLE_FAMILY,WHOLESALE,NL-NH,6269.52,Weekly,2023-04-24,2023-04-30,KG,2.76,2.76
APPLE_FAMILY,WHOLESALE,NL-NH,6398.55,Weekly,2023-05-01,2023-05-07,KG,2.768,2.768
APPLE_FAMILY,WHOLESALE,NL-NH,5976.4,Weekly,2023-05-08,2023-05-14,KG,2.738,2.738
APPLE_FAMILY,WHOLESALE,NL-NH,6695.31,Weekly,2023-05-15,2023-05-21,KG,2.732,2.732
APPLE_FAMILY,WHOLESALE,NL-NH,6239.49,Weekly,2023-05-22,2023-05-28,KG,2.757,2.757
APPLE_FAMILY,WHOLESALE,NL-NH,5934.54,Weekly,2023-05-29,2023-06-04,KG,2.774,2.774
APPLE_FAMILY,WHOLESALE,NL-NH,6301.72,Weekly,2023-06-05,2023-06-11,KG,2.761,2.761
APPLE_FAMILY,WHOLESALE,NL-NH,6089.5,Weekly,2023-06-12,2023-06-18,KG,2.769,2.769
APPLE_FAMILY,WHOLESALE,NL-NH,6002.67,Weekly,2023-06-19,2023-06-25,KG,2.735,2.735
APPLE_FAMILY,WHOLESALE,NL-NH,5453.11,Weekly,2023-06-26,2023-07-02,KG,2.758,2.758
APPLE_FAMILY,WHOLESALE,NL-NH,5528.41,Weekly,2023-07-03,2023-07-09,KG,2.741,2.741
APPLE_FAMILY,WHOLESALE,NL-NH,6012.49,Weekly,2023-07-10,2023-07-16,KG,2.765,2.765
APPLE_FAMILY,WHOLESALE,NL-NH,5343.84,Weekly,2023-07-17,2023-07-23,KG,2.767,2.767
APPLE_FAMILY,WHOLESALE,NL-NH,5514.24,Weekly,2023-07-24,2023-07-30,KG,2.754,2.754
APPLE_FAMILY,WHOLESALE,NL-NH,4482.15,Weekly,2023-07-31,2023-08-06,KG,2.389,2.389
APPLE_FAMILY,WHOLESALE,NL-NH,5990.21,Weekly,2023-08-07,2023-08-13,KG,2.357,2.357
APPLE_FAMILY,WHOLESALE,NL-NH,6567.87,Weekly,2023-08-14,2023-08-20,KG,2.366,2.366
APPLE_FAMILY,WHOLESALE,NL-NH,6467.84,Weekly,2023-08-21,2023-08-27,KG,2.358,2.358
APPLE_FAMILY,WHOLESALE,NL-NH,6563.44,Weekly,2023-08-28,2023-09-03,KG,2.309,2.309
APPLE_FAMILY,WHOLESALE,NL-NH,7323.05,Weekly,2023-09-04,2023-09-10,KG,2.228,2.228
APPLE_FAMILY,WHOLESALE,NL-NH,7056.08,Weekly,2023-09-11,2023-09-17,KG,2.235,2.235
APPLE_FAMILY,WHOLESALE,NL-NH,6092.64,Weekly,2023-09-18,2023-09-24,KG,2.239,2.239
APPLE_FAMILY,WHOLESALE,NL-NH,7675.64,Weekly,2023-09-25,2023-10-01,KG,2.236,2.236
APPLE_FAMILY,WHOLESALE,NL-NH,7952.17,Weekly,2023-10-02,2023-10-08,KG,2.214,2.214
APPLE_FAMILY,WHOLESALE,NL-NH,6868.33,Weekly,2023-10-09,2023-10-15,KG,2.242,2.242
APPLE_FAMILY,WHOLESALE,NL-NH,6647.54,Weekly,2023-10-16,2023-10-22,KG,2.259,2.259
APPLE_FAMILY,WHOLESALE,NL-NH,5767.3,Weekly,2023-10-23,2023-10-29,KG,2.247,2.247
APPLE_FAMILY,WHOLESALE,NL-NH,5841.21,Weekly,2023-10-30,2023-11-05,KG,2.231,2.231
APPLE_FAMILY,WHOLESALE,NL-NH,6745.55,Weekly,2023-11-06,2023-11-12,KG,2.255,2.255
APPLE_FAMILY,WHOLESALE,NL-NH,6775.99,Weekly,2023-11-13,2023-11-19,KG,2.245,2.245
APPLE_FAMILY,WHOLESALE,NL-NH,7501.32,Weekly,2023-11-20,2023-11-26,KG,2.249,2.249
APPLE_FAMILY,WHOLESALE,NL-NH,6636.79,Weekly,2023-11-27,2023-12-03,KG,2.462,2.462
APPLE_FAMILY,WHOLESALE,NL-NH,6717.0,Weekly,2023-12-04,2023-12-10,KG,2.747,2.747
APPLE_FAMILY,WHOLESALE,NL-NH,8009.16,Weekly,2023-12-11,2023-12-17,KG,2.775,2.775
APPLE_FAMILY,WHOLESALE,NL-NH,7010.09,Weekly,2023-12-18,2023-12-24,KG,2.758,2.758
APPLE_FAMILY,WHOLESALE,NL-NH,7215.58,Weekly,2023-12-25,2023-12-31,KG,2.758,2.758
APPLE_FAMILY,WHOLESALE,NL-NH,6900.77,Weekly,2024-01-01,2024-01-07,KG,2.753,2.753
APPLE_FAMILY,WHOLESALE,NL-NH,7469.77,Weekly,2024-01-08,2024-01-14,KG,2.744,2.744
APPLE_FAMILY,WHOLESALE,NL-NH,7585.29,Weekly,2024-01-15,2024-01-21,KG,2.752,2.752
APPLE_FAMILY,WHOLESALE,NL-NH,8384.22,Weekly,2024-01-22,2024-01-28,KG,2.743,2.743
APPLE_FAMILY,WHOLESALE,NL-NH,7792.79,Weekly,2024-01-29,2024-02-04,KG,2.779,2.779
APPLE_FAMILY,WHOLESALE,NL-NH,6758.69,Weekly,2024-02-05,2024-02-11,KG,2.742,2.742
APPLE_FAMILY,WHOLESALE,NL-NH,7137.67,Weekly,2024-02-12,2024-02-18,KG,2.765,2.765
APPLE_FAMILY,WHOLESALE,NL-NH,6689.34,Weekly,2024-02-19,2024-02-25,KG,2.763,2.763
APPLE_FAMILY,WHOLESALE,NL-NH,7277.76,Weekly,2024-02-26,2024-03-03,KG,2.761,2.761
APPLE_FAMILY,WHOLESALE,NL-NH,7983.46,Weekly,2024-03-04,2024-03-10,KG,2.727,2.727
APPLE_FAMILY,WHOLESALE,NL-NH,7179.8,Weekly,2024-03-11,2024-03-17,KG,2.753,2.753
APPLE_FAMILY,WHOLESALE,NL-NH,7073.14,Weekly,2024-03-18,2024-03-24,KG,2.769,2.769
APPLE_FAMILY,WHOLESALE,NL-NH,7202.2,Weekly,2024-03-25,2024-03-31,KG,2.757,2.757
APPLE_FAMILY,WHOLESALE,NL-NH,6634.3,Weekly,2024-04-01,2024-04-07,KG,2.754,2.754
APPLE_FAMILY,WHOLESALE,NL-NH,7210.61,Weekly,2024-04-08,2024-04-14,KG,2.772,2.772
APPLE_FAMILY,WHOLESALE,NL-NH,5610.92,Weekly,2024-04-15,2024-04-21,KG,2.764,2.764
APPLE_FAMILY,WHOLESALE,NL-NH,6253.04,Weekly,2024-04-22,2024-04-28,KG,2.769,2.769
APPLE_FAMILY,WHOLESALE,NL-NH,6665.96,Weekly,2024-04-29,2024-05-05,KG,2.738,2.738
APPLE_FAMILY,WHOLESALE,NL-NH,6876.25,Weekly,2024-05-06,2024-05-12,KG,2.74,2.74
APPLE_FAMILY,WHOLESALE,NL-NH,6382.75,Weekly,2024-05-13,2024-05-19,KG,2.773,2.773
APPLE_FAMILY,WHOLESALE,NL-NH,4946.68,Weekly,2024-05-20,2024-05-26,KG,2.768,2.768
APPLE_FAMILY,WHOLESALE,NL-NH,5311.84,Weekly,2024-05-27,2024-06-02,KG,2.732,2.732
APPLE_FAMILY,WHOLESALE,NL-NH,5692.65,Weekly,2024-06-03,2024-06-09,KG,2.723,2.723
APPLE_FAMILY,WHOLESALE,NL-NH,4955.62,Weekly,2024-06-10,2024-06-16,KG,2.743,2.743
APPLE_FAMILY,WHOLESALE,NL-NH,5426.96,Weekly,2024-06-17,2024-06-23,KG,2.76,2.76
APPLE_FAMILY,WHOLESALE,NL-NH,6249.93,Weekly,2024-06-24,2024-06-30,KG,2.8,2.8
APPLE_FAMILY,WHOLESALE,NL-NH,4366.28,Weekly,2024-07-01,2024-07-07,KG,2.737,2.737
APPLE_FAMILY,WHOLESALE,NL-NH,5249.44,Weekly,2024-07-08,2024-07-14,KG,2.798,2.798
APPLE_FAMILY,WHOLESALE,NL-NH,5455.86,Weekly,2024-07-15,2024-07-21,KG,2.754,2.754
APPLE_FAMILY,WHOLESALE,NL-NH,5837.3,Weekly,2024-07-22,2024-07-28,KG,2.737,2.737
APPLE_FAMILY,WHOLESALE,NL-NH,6281.15,Weekly,2024-07-29,2024-08-04,KG,2.552,2.552
APPLE_FAMILY,WHOLESALE,NL-NH,6189.9400000000005,Weekly,2024-08-05,2024-08-11,KG,2.356,2.356
APPLE_FAMILY,WHOLESALE,NL-NH,5995.2699999999995,Weekly,2024-08-12,2024-08-18,KG,2.35,2.35
APPLE_FAMILY,WHOLESALE,NL-NH,5811.25,Weekly,2024-08-19,2024-08-25,KG,2.373,2.373
APPLE_FAMILY,WHOLESALE,NL-NH,6972.17,Weekly,2024-08-26,2024-09-01,KG,2.341,2.341
APPLE_FAMILY,WHOLESALE,NL-NH,6550.28,Weekly,2024-09-02,2024-09-08,KG,2.243,2.243
APPLE_FAMILY,WHOLESALE,NL-NH,6116.66,Weekly,2024-09-09,2024-09-15,KG,2.236,2.236
APPLE_FAMILY,WHOLESALE,NL-NH,7723.030000000001,Weekly,2024-09-16,2024-09-22,KG,2.246,2.246
APPLE_FAMILY,WHOLESALE,NL-NH,5840.71,Weekly,2024-09-23,2024-09-29,KG,2.248,2.248
APPLE_FAMILY,WHOLESALE,NL-NH,6486.57,Weekly,2024-09-30,2024-10-06,KG,2.238,2.238
APPLE_FAMILY,WHOLESALE,NL-NH,7462.24,Weekly,2024-10-07,2024-10-13,KG,2.246,2.246
APPLE_FAMILY,WHOLESALE,NL-NH,7485.530000000001,Weekly,2024-10-14,2024-10-20,KG,2.266,2.266
APPLE_FAMILY,WHOLESALE,NL-NH,7951.2300000000005,Weekly,2024-10-21,2024-10-27,KG,2.235,2.235
APPLE_FAMILY,WHOLESALE,NL-NH,7670.81,Weekly,2024-10-28,2024-11-03,KG,2.22,2.22
APPLE_FAMILY,WHOLESALE,NL-NH,7615.4800000000005,Weekly,2024-11-04,2024-11-10,KG,2.246,2.246
APPLE_FAMILY,WHOLESALE,NL-NH,7648.39,Weekly,2024-11-11,2024-11-17,KG,2.238,2.238
APPLE_FAMILY,WHOLESALE,NL-NH,6174.88,Weekly,2024-11-18,2024-11-24,KG,2.204,2.204
APPLE_FAMILY,WHOLESALE,NL-NH,7623.54,Weekly,2024-11-25,2024-12-01,KG,2.345,2.345
APPLE_FAMILY,WHOLESALE,NL-NH,6803.34,Weekly,2024-12-02,2024-12-08,KG,2.796,2.796
APPLE_FAMILY,WHOLESALE,NL-NH,7630.07,Weekly,2024-12-09,2024-12-15,KG,2.744,2.744
APPLE_FAMILY,WHOLESALE,NL-NH,7430.23,Weekly,2024-12-16,2024-12-22,KG,2.695,2.695
APPLE_FAMILY,WHOLESALE,NL-NH,7879.47,Weekly,2024-12-23,2024-12-29,KG,2.743,2.743
APPLE_FAMILY,WHOLESALE,NL-NH,7353.05,Weekly,2024-12-30,2025-01-05,KG,2.781,2.781
APPLE_FAMILY,WHOLESALE,NL-NH,7501.85,Weekly,2025-01-06,2025-01-12,KG,2.77,2.77
APPLE_FAMILY,WHOLESALE,NL-NH,7556.68,Weekly,2025-01-13,2025-01-19,KG,2.777,2.777
APPLE_FAMILY,WHOLESALE,NL-NH,7050.5,Weekly,2025-01-20,2025-01-26,KG,2.765,2.765
APPLE_FAMILY,WHOLESALE,NL-NH,8166.8,Weekly,2025-01-27,2025-02-02,KG,2.758,2.758
APPLE_FAMILY,WHOLESALE,NL-NH,7782.030000000001,Weekly,2025-02-03,2025-02-09,KG,2.73,2.73
APPLE_FAMILY,WHOLESALE,NL-NH,6754.37,Weekly,2025-02-10,2025-02-16,KG,2.758,2.758
APPLE_FAMILY,WHOLESALE,NL-NH,7589.53,Weekly,2025-02-17,2025-02-23,KG,2.771,2.771
APPLE_FAMILY,WHOLESALE,NL-NH,7768.16,Weekly,2025-02-24,2025-03-02,KG,2.733,2.733
APPLE_FAMILY,WHOLESALE,NL-NH,8459.33,Weekly,2025-03-03,2025-03-09,KG,2.757,2.757
APPLE_FAMILY,WHOLESALE,NL-NH,7752.599999999999,Weekly,2025-03-10,2025-03-16,KG,2.748,2.748
APPLE_FAMILY,WHOLESALE,NL-NH,8188.14,Weekly,2025-03-17,2025-03-23,KG,2.79,2.79
APPLE_FAMILY,WHOLESALE,NL-NH,7554.45,Weekly,2025-03-24,2025-03-30,KG,2.744,2.744
APPLE_FAMILY,WHOLESALE,NL-NH,8330.78,Weekly,2025-03-31,2025-04-06,KG,2.749,2.749
APPLE_FAMILY,WHOLESALE,NL-NH,7678.1,Weekly,2025-04-07,2025-04-13,KG,2.765,2.765
APPLE_FAMILY,WHOLESALE,NL-NH,7044.01,Weekly,2025-04-14,2025-04-20,KG,2.791,2.791
APPLE_FAMILY,WHOLESALE,NL-NH,6511.01,Weekly,2025-04-21,2025-04-27,KG,2.763,2.763
APPLE_FAMILY,WHOLESALE,NL-NH,7458.72,Weekly,2025-04-28,2025-05-04,KG,2.773,2.773
APPLE_FAMILY,WHOLESALE,NL-NH,6961.22,Weekly,2025-05-05,2025-05-11,KG,2.754,2.754
APPLE_FAMILY,WHOLESALE,NL-NH,6984.3,Weekly,2025-05-12,2025-05-18,KG,2.74,2.74
APPLE_FAMILY,WHOLESALE,NL-NH,6169.39,Weekly,2025-05-19,2025-05-25,KG,2.767,2.767
APPLE_FAMILY,WHOLESALE,NL-NH,5478.85,Weekly,2025-05-26,2025-06-01,KG,2.768,2.768
APPLE_FAMILY,WHOLESALE,NL-NH,5151.21,Weekly,2025-06-02,2025-06-08,KG,2.735,2.735
APPLE_FAMILY,WHOLESALE,NL-NH,5961.14,Weekly,2025-06-09,2025-06-15,KG,2.751,2.751
APPLE_FAMILY,WHOLESALE,NL-NH,6180.43,Weekly,2025-06-16,2025-06-22,KG,2.748,2.748
APPLE_FAMILY,WHOLESALE,NL-NH,5974.61,Weekly,2025-06-23,2025-06-29,KG,2.767,2.767
APPLE_FAMILY,WHOLESALE,NL-NH,5530.81,Weekly,2025-06-30,2025-07-06,KG,2.774,2.774
APPLE_FAMILY,WHOLESALE,NL-NH,5770.3,Weekly,2025-07-07,2025-07-13,KG,2.745,2.745
APPLE_FAMILY,WHOLESALE,NL-NH,5522.66,Weekly,2025-07-14,2025-07-20,KG,2.756,2.756
APPLE_FAMILY,WHOLESALE,NL-NH,5560.01,Weekly,2025-07-21,2025-07-27,KG,2.733,2.733
APPLE_FAMILY,WHOLESALE,NL-NH,5652.99,Weekly,2025-07-28,2025-08-03,KG,2.597,2.597
APPLE_FAMILY,WHOLESALE,NL-NH,6279.72,Weekly,2025-08-04,2025-08-10,KG,2.362,2.362
APPLE_FAMILY,WHOLESALE,NL-NH,6318.48,Weekly,2025-08-11,2025-08-17,KG,2.375,2.375
APPLE_FAMILY,WHOLESALE,NL-NH,6603.85,Weekly,2025-08-18,2025-08-24,KG,2.357,2.357
APPLE_FAMILY,WHOLESALE,NL-NH,6730.59,Weekly,2025-08-25,2025-08-31,KG,2.337,2.337
APPLE_FAMILY,WHOLESALE,NL-NH,6921.76,Weekly,2025-09-01,2025-09-07,KG,2.224,2.224
APPLE_FAMILY,WHOLESALE,NL-NH,6392.57,Weekly,2025-09-08,2025-09-14,KG,2.227,2.227
APPLE_FAMILY,WHOLESALE,NL-NH,6144.5,Weekly,2025-09-15,2025-09-21,KG,2.238,2.238
APPLE_FAMILY,WHOLESALE,NL-NH,7356.67,Weekly,2025-09-22,2025-09-28,KG,2.225,2.225
APPLE_FAMILY,WHOLESALE,NL-NH,6579.67,Weekly,2025-09-29,2025-10-05,KG,2.228,2.228
APPLE_FAMILY,WHOLESALE,NL-NH,7173.62,Weekly,2025-10-06,2025-10-12,KG,2.225,2.225
APPLE_FAMILY,WHOLESALE,NL-NH,7375.03,Weekly,2025-10-13,2025-10-19,KG,2.236,2.236
APPLE_FAMILY,WHOLESALE,NL-NH,6038.32,Weekly,2025-10-20,2025-10-26,KG,2.253,2.253
APPLE_FAMILY,WHOLESALE,NL-NH,6710.16,Weekly,2025-10-27,2025-11-02,KG,2.246,2.246
APPLE_FAMILY,WHOLESALE,NL-NH,8680.13,Weekly,2025-11-03,2025-11-09,KG,2.231,2.231
APPLE_FAMILY,WHOLESALE,NL-NH,7218.26,Weekly,2025-11-10,2025-11-16,KG,2.22,2.22
APPLE_FAMILY,WHOLESALE,NL-NH,6720.55,Weekly,2025-11-17,2025-11-23,KG,2.245,2.245
APPLE_FAMILY,WHOLESALE,NL-NH,7673.96,Weekly,2025-11-24,2025-11-30,KG,2.222,2.222
APPLE_FAMILY,WHOLESALE,NL-NH,7239.61,Weekly,2025-12-01,2025-12-07,KG,2.776,2.776
APPLE_FAMILY,WHOLESALE,NL-NH,8097.64,Weekly,2025-12-08,2025-12-14,KG,2.756,2.756
APPLE_FAMILY,WHOLESALE,NL-NH,7759.139999999999,Weekly,2025-12-15,2025-12-21,KG,2.759,2.759
APPLE_FAMILY,WHOLESALE,NL-NH,7929.85,Weekly,2025-12-22,2025-12-28,KG,2.76,2.76
APPLE_FAMILY,WHOLESALE,NL-NH,6756.7,Weekly,2025-12-29,2026-01-04,KG,2.748,2.748
APPLE_FAMILY,WHOLESALE,NL-NH,6921.35,Weekly,2026-01-05,2026-01-11,KG,2.759,2.759
APPLE_FAMILY,WHOLESALE,NL-NH,7692.5199999999995,Weekly,2026-01-12,2026-01-18,KG,2.768,2.768
APPLE_FAMILY,WHOLESALE,NL-NH,8271.13,Weekly,2026-01-19,2026-01-25,KG,2.74,2.74
APPLE_FAMILY,WHOLESALE,NL-NH,6982.35,Weekly,2026-01-26,2026-02-01,KG,2.747,2.747
APPLE_FAMILY,WHOLESALE,NL-ZH,4424.12,Weekly,2023-01-30,2023-02-05,KG,2.848,2.848
APPLE_FAMILY,WHOLESALE,NL-ZH,8063.37,Weekly,2023-02-06,2023-02-12,KG,2.851,2.851
APPLE_FAMILY,WHOLESALE,NL-ZH,8313.539999999999,Weekly,2023-02-13,2023-02-19,KG,2.808,2.808
APPLE_FAMILY,WHOLESALE,NL-ZH,7651.28,Weekly,2023-02-20,2023-02-26,KG,2.827,2.827
APPLE_FAMILY,WHOLESALE,NL-ZH,7706.55,Weekly,2023-02-27,2023-03-05,KG,2.856,2.856
APPLE_FAMILY,WHOLESALE,NL-ZH,5803.37,Weekly,2023-03-06,2023-03-12,KG,2.849,2.849
APPLE_FAMILY,WHOLESALE,NL-ZH,7450.67,Weekly,2023-03-13,2023-03-19,KG,2.832,2.832
APPLE_FAMILY,WHOLESALE,NL-ZH,6685.9,Weekly,2023-03-20,2023-03-26,KG,2.839,2.839
APPLE_FAMILY,WHOLESALE,NL-ZH,6602.07,Weekly,2023-03-27,2023-04-02,KG,2.824,2.824
APPLE_FAMILY,WHOLESALE,NL-ZH,7101.89,Weekly,2023-04-03,2023-04-09,KG,2.818,2.818
APPLE_FAMILY,WHOLESALE,NL-ZH,6440.610000000001,Weekly,2023-04-10,2023-04-16,KG,2.833,2.833
APPLE_FAMILY,WHOLESALE,NL-ZH,6454.46,Weekly,2023-04-17,2023-04-23,KG,2.847,2.847
APPLE_FAMILY,WHOLESALE,NL-ZH,6418.59,Weekly,2023-04-24,2023-04-30,KG,2.84,2.84
APPLE_FAMILY,WHOLESALE,NL-ZH,6854.09,Weekly,2023-05-01,2023-05-07,KG,2.833,2.833
APPLE_FAMILY,WHOLESALE,NL-ZH,5626.4,Weekly,2023-05-08,2023-05-14,KG,2.847,2.847
APPLE_FAMILY,WHOLESALE,NL-ZH,6930.33,Weekly,2023-05-15,2023-05-21,KG,2.844,2.844
APPLE_FAMILY,WHOLESALE,NL-ZH,6867.08,Weekly,2023-05-22,2023-05-28,KG,2.83,2.83
APPLE_FAMILY,WHOLESALE,NL-ZH,6341.45,Weekly,2023-05-29,2023-06-04,KG,2.819,2.819
APPLE_FAMILY,WHOLESALE,NL-ZH,6755.52,Weekly,2023-06-05,2023-06-11,KG,2.836,2.836
APPLE_FAMILY,WHOLESALE,NL-ZH,6260.46,Weekly,2023-06-12,2023-06-18,KG,2.812,2.812
APPLE_FAMILY,WHOLESALE,NL-ZH,6068.7300000000005,Weekly,2023-06-19,2023-06-25,KG,2.868,2.868
APPLE_FAMILY,WHOLESALE,NL-ZH,6113.82,Weekly,2023-06-26,2023-07-02,KG,2.853,2.853
APPLE_FAMILY,WHOLESALE,NL-ZH,5647.3,Weekly,2023-07-03,2023-07-09,KG,2.836,2.836
APPLE_FAMILY,WHOLESALE,NL-ZH,6091.19,Weekly,2023-07-10,2023-07-16,KG,2.856,2.856
APPLE_FAMILY,WHOLESALE,NL-ZH,5759.48,Weekly,2023-07-17,2023-07-23,KG,2.819,2.819
APPLE_FAMILY,WHOLESALE,NL-ZH,5349.5,Weekly,2023-07-24,2023-07-30,KG,2.845,2.845
APPLE_FAMILY,WHOLESALE,NL-ZH,4761.820000000001,Weekly,2023-07-31,2023-08-06,KG,2.461,2.461
APPLE_FAMILY,WHOLESALE,NL-ZH,6227.63,Weekly,2023-08-07,2023-08-13,KG,2.413,2.413
APPLE_FAMILY,WHOLESALE,NL-ZH,6635.16,Weekly,2023-08-14,2023-08-20,KG,2.404,2.404
APPLE_FAMILY,WHOLESALE,NL-ZH,6167.2,Weekly,2023-08-21,2023-08-27,KG,2.421,2.421
APPLE_FAMILY,WHOLESALE,NL-ZH,6414.46,Weekly,2023-08-28,2023-09-03,KG,2.391,2.391
APPLE_FAMILY,WHOLESALE,NL-ZH,7478.66,Weekly,2023-09-04,2023-09-10,KG,2.281,2.281
APPLE_FAMILY,WHOLESALE,NL-ZH,7228.77,Weekly,2023-09-11,2023-09-17,KG,2.286,2.286
APPLE_FAMILY,WHOLESALE,NL-ZH,6367.3,Weekly,2023-09-18,2023-09-24,KG,2.29,2.29
APPLE_FAMILY,WHOLESALE,NL-ZH,8105.52,Weekly,2023-09-25,2023-10-01,KG,2.262,2.262
APPLE_FAMILY,WHOLESALE,NL-ZH,8105.61,Weekly,2023-10-02,2023-10-08,KG,2.305,2.305
APPLE_FAMILY,WHOLESALE,NL-ZH,6888.74,Weekly,2023-10-09,2023-10-15,KG,2.27,2.27
APPLE_FAMILY,WHOLESALE,NL-ZH,7033.41,Weekly,2023-10-16,2023-10-22,KG,2.334,2.334
APPLE_FAMILY,WHOLESALE,NL-ZH,6061.35,Weekly,2023-10-23,2023-10-29,KG,2.285,2.285
APPLE_FAMILY,WHOLESALE,NL-ZH,6302.43,Weekly,2023-10-30,2023-11-05,KG,2.293,2.293
APPLE_FAMILY,WHOLESALE,NL-ZH,7292.61,Weekly,2023-11-06,2023-11-12,KG,2.294,2.294
APPLE_FAMILY,WHOLESALE,NL-ZH,6877.97,Weekly,2023-11-13,2023-11-19,KG,2.327,2.327
APPLE_FAMILY,WHOLESALE,NL-ZH,7732.92,Weekly,2023-11-20,2023-11-26,KG,2.299,2.299
APPLE_FAMILY,WHOLESALE,NL-ZH,7114.6,Weekly,2023-11-27,2023-12-03,KG,2.559,2.559
APPLE_FAMILY,WHOLESALE,NL-ZH,7409.9,Weekly,2023-12-04,2023-12-10,KG,2.86,2.86
APPLE_FAMILY,WHOLESALE,NL-ZH,7850.96,Weekly,2023-12-11,2023-12-17,KG,2.833,2.833
APPLE_FAMILY,WHOLESALE,NL-ZH,6975.35,Weekly,2023-12-18,2023-12-24,KG,2.845,2.845
APPLE_FAMILY,WHOLESALE,NL-ZH,7575.73,Weekly,2023-12-25,2023-12-31,KG,2.847,2.847
APPLE_FAMILY,WHOLESALE,NL-ZH,7386.29,Weekly,2024-01-01,2024-01-07,KG,2.884,2.884
APPLE_FAMILY,WHOLESALE,NL-ZH,7858.8099999999995,Weekly,2024-01-08,2024-01-14,KG,2.836,2.836
APPLE_FAMILY,WHOLESALE,NL-ZH,8073.39,Weekly,2024-01-15,2024-01-21,KG,2.879,2.879
APPLE_FAMILY,WHOLESALE,NL-ZH,8370.5,Weekly,2024-01-22,2024-01-28,KG,2.822,2.822
APPLE_FAMILY,WHOLESALE,NL-ZH,8204.1,Weekly,2024-01-29,2024-02-04,KG,2.843,2.843
APPLE_FAMILY,WHOLESALE,NL-ZH,6892.64,Weekly,2024-02-05,2024-02-11,KG,2.859,2.859
APPLE_FAMILY,WHOLESALE,NL-ZH,7848.5,Weekly,2024-02-12,2024-02-18,KG,2.847,2.847
APPLE_FAMILY,WHOLESALE,NL-ZH,6931.34,Weekly,2024-02-19,2024-02-25,KG,2.848,2.848
APPLE_FAMILY,WHOLESALE,NL-ZH,6982.73,Weekly,2024-02-26,2024-03-03,KG,2.855,2.855
APPLE_FAMILY,WHOLESALE,NL-ZH,7870.0,Weekly,2024-03-04,2024-03-10,KG,2.85,2.85
APPLE_FAMILY,WHOLESALE,NL-ZH,7394.82,Weekly,2024-03-11,2024-03-17,KG,2.823,2.823
APPLE_FAMILY,WHOLESALE,NL-ZH,7498.54,Weekly,2024-03-18,2024-03-24,KG,2.837,2.837
APPLE_FAMILY,WHOLESALE,NL-ZH,7264.69,Weekly,2024-03-25,2024-03-31,KG,2.83,2.83
APPLE_FAMILY,WHOLESALE,NL-ZH,6911.86,Weekly,2024-04-01,2024-04-07,KG,2.864,2.864
APPLE_FAMILY,WHOLESALE,NL-ZH,7485.54,Weekly,2024-04-08,2024-04-14,KG,2.85,2.85
APPLE_FAMILY,WHOLESALE,NL-ZH,5818.16,Weekly,2024-04-15,2024-04-21,KG,2.843,2.843
APPLE_FAMILY,WHOLESALE,NL-ZH,6522.52,Weekly,2024-04-22,2024-04-28,KG,2.809,2.809
APPLE_FAMILY,WHOLESALE,NL-ZH,6579.96,Weekly,2024-04-29,2024-05-05,KG,2.828,2.828
APPLE_FAMILY,WHOLESALE,NL-ZH,6917.719999999999,Weekly,2024-05-06,2024-05-12,KG,2.822,2.822
APPLE_FAMILY,WHOLESALE,NL-ZH,6472.97,Weekly,2024-05-13,2024-05-19,KG,2.843,2.843
APPLE_FAMILY,WHOLESALE,NL-ZH,5034.1,Weekly,2024-05-20,2024-05-26,KG,2.811,2.811
APPLE_FAMILY,WHOLESALE,NL-ZH,5616.92,Weekly,2024-05-27,2024-06-02,KG,2.797,2.797
APPLE_FAMILY,WHOLESALE,NL-ZH,6063.41,Weekly,2024-06-03,2024-06-09,KG,2.842,2.842
APPLE_FAMILY,WHOLESALE,NL-ZH,5097.79,Weekly,2024-06-10,2024-06-16,KG,2.82,2.82
APPLE_FAMILY,WHOLESALE,NL-ZH,5795.38,Weekly,2024-06-17,2024-06-23,KG,2.864,2.864
APPLE_FAMILY,WHOLESALE,NL-ZH,6123.17,Weekly,2024-06-24,2024-06-30,KG,2.824,2.824
APPLE_FAMILY,WHOLESALE,NL-ZH,4437.58,Weekly,2024-07-01,2024-07-07,KG,2.792,2.792
APPLE_FAMILY,WHOLESALE,NL-ZH,5322.53,Weekly,2024-07-08,2024-07-14,KG,2.853,2.853
APPLE_FAMILY,WHOLESALE,NL-ZH,6088.9800000000005,Weekly,2024-07-15,2024-07-21,KG,2.84,2.84
APPLE_FAMILY,WHOLESALE,NL-ZH,5917.14,Weekly,2024-07-22,2024-07-28,KG,2.822,2.822
APPLE_FAMILY,WHOLESALE,NL-ZH,6083.3,Weekly,2024-07-29,2024-08-04,KG,2.63,2.63
APPLE_FAMILY,WHOLESALE,NL-ZH,6689.78,Weekly,2024-08-05,2024-08-11,KG,2.421,2.421
APPLE_FAMILY,WHOLESALE,NL-ZH,6547.59,Weekly,2024-08-12,2024-08-18,KG,2.4,2.4
APPLE_FAMILY,WHOLESALE,NL-ZH,6070.5,Weekly,2024-08-19,2024-08-25,KG,2.401,2.401
APPLE_FAMILY,WHOLESALE,NL-ZH,7318.79,Weekly,2024-08-26,2024-09-01,KG,2.364,2.364
APPLE_FAMILY,WHOLESALE,NL-ZH,6742.68,Weekly,2024-09-02,2024-09-08,KG,2.309,2.309
APPLE_FAMILY,WHOLESALE,NL-ZH,6174.33,Weekly,2024-09-09,2024-09-15,KG,2.314,2.314
APPLE_FAMILY,WHOLESALE,NL-ZH,7700.1900000000005,Weekly,2024-09-16,2024-09-22,KG,2.321,2.321
APPLE_FAMILY,WHOLESALE,NL-ZH,5987.2300000000005,Weekly,2024-09-23,2024-09-29,KG,2.295,2.295
APPLE_FAMILY,WHOLESALE,NL-ZH,6795.72,Weekly,2024-09-30,2024-10-06,KG,2.299,2.299
APPLE_FAMILY,WHOLESALE,NL-ZH,7092.88,Weekly,2024-10-07,2024-10-13,KG,2.291,2.291
APPLE_FAMILY,WHOLESALE,NL-ZH,7514.7,Weekly,2024-10-14,2024-10-20,KG,2.296,2.296
APPLE_FAMILY,WHOLESALE,NL-ZH,7917.79,Weekly,2024-10-21,2024-10-27,KG,2.285,2.285
APPLE_FAMILY,WHOLESALE,NL-ZH,7684.25,Weekly,2024-10-28,2024-11-03,KG,2.31,2.31
APPLE_FAMILY,WHOLESALE,NL-ZH,7678.87,Weekly,2024-11-04,2024-11-10,KG,2.298,2.298
APPLE_FAMILY,WHOLESALE,NL-ZH,7819.62,Weekly,2024-11-11,2024-11-17,KG,2.297,2.297
APPLE_FAMILY,WHOLESALE,NL-ZH,6392.74,Weekly,2024-11-18,2024-11-24,KG,2.299,2.299
APPLE_FAMILY,WHOLESALE,NL-ZH,7250.28,Weekly,2024-11-25,2024-12-01,KG,2.376,2.376
APPLE_FAMILY,WHOLESALE,NL-ZH,7352.67,Weekly,2024-12-02,2024-12-08,KG,2.807,2.807
APPLE_FAMILY,WHOLESALE,NL-ZH,7820.07,Weekly,2024-12-09,2024-12-15,KG,2.853,2.853
APPLE_FAMILY,WHOLESALE,NL-ZH,7487.95,Weekly,2024-12-16,2024-12-22,KG,2.838,2.838
APPLE_FAMILY,WHOLESALE,NL-ZH,8288.48,Weekly,2024-12-23,2024-12-29,KG,2.825,2.825
APPLE_FAMILY,WHOLESALE,NL-ZH,7204.13,Weekly,2024-12-30,2025-01-05,KG,2.816,2.816
APPLE_FAMILY,WHOLESALE,NL-ZH,7852.67,Weekly,2025-01-06,2025-01-12,KG,2.825,2.825
APPLE_FAMILY,WHOLESALE,NL-ZH,8133.99,Weekly,2025-01-13,2025-01-19,KG,2.836,2.836
APPLE_FAMILY,WHOLESALE,NL-ZH,7288.16,Weekly,2025-01-20,2025-01-26,KG,2.845,2.845
APPLE_FAMILY,WHOLESALE,NL-ZH,8052.8,Weekly,2025-01-27,2025-02-02,KG,2.822,2.822
APPLE_FAMILY,WHOLESALE,NL-ZH,8309.36,Weekly,2025-02-03,2025-02-09,KG,2.838,2.838
APPLE_FAMILY,WHOLESALE,NL-ZH,7254.22,Weekly,2025-02-10,2025-02-16,KG,2.852,2.852
APPLE_FAMILY,WHOLESALE,NL-ZH,8142.83,Weekly,2025-02-17,2025-02-23,KG,2.844,2.844
APPLE_FAMILY,WHOLESALE,NL-ZH,7677.54,Weekly,2025-02-24,2025-03-02,KG,2.83,2.83
APPLE_FAMILY,WHOLESALE,NL-ZH,9240.61,Weekly,2025-03-03,2025-03-09,KG,2.803,2.803
APPLE_FAMILY,WHOLESALE,NL-ZH,8215.75,Weekly,2025-03-10,2025-03-16,KG,2.859,2.859
APPLE_FAMILY,WHOLESALE,NL-ZH,8551.19,Weekly,2025-03-17,2025-03-23,KG,2.848,2.848
APPLE_FAMILY,WHOLESALE,NL-ZH,7826.41,Weekly,2025-03-24,2025-03-30,KG,2.872,2.872
APPLE_FAMILY,WHOLESALE,NL-ZH,8930.22,Weekly,2025-03-31,2025-04-06,KG,2.833,2.833
APPLE_FAMILY,WHOLESALE,NL-ZH,8390.16,Weekly,2025-04-07,2025-04-13,KG,2.829,2.829
APPLE_FAMILY,WHOLESALE,NL-ZH,7231.78,Weekly,2025-04-14,2025-04-20,KG,2.847,2.847
APPLE_FAMILY,WHOLESALE,NL-ZH,6942.150000000001,Weekly,2025-04-21,2025-04-27,KG,2.848,2.848
APPLE_FAMILY,WHOLESALE,NL-ZH,7747.67,Weekly,2025-04-28,2025-05-04,KG,2.833,2.833
APPLE_FAMILY,WHOLESALE,NL-ZH,7118.83,Weekly,2025-05-05,2025-05-11,KG,2.854,2.854
APPLE_FAMILY,WHOLESALE,NL-ZH,7369.6,Weekly,2025-05-12,2025-05-18,KG,2.832,2.832
APPLE_FAMILY,WHOLESALE,NL-ZH,6388.56,Weekly,2025-05-19,2025-05-25,KG,2.874,2.874
APPLE_FAMILY,WHOLESALE,NL-ZH,6170.4,Weekly,2025-05-26,2025-06-01,KG,2.829,2.829
APPLE_FAMILY,WHOLESALE,NL-ZH,5443.02,Weekly,2025-06-02,2025-06-08,KG,2.806,2.806
APPLE_FAMILY,WHOLESALE,NL-ZH,6457.9,Weekly,2025-06-09,2025-06-15,KG,2.838,2.838
APPLE_FAMILY,WHOLESALE,NL-ZH,6306.29,Weekly,2025-06-16,2025-06-22,KG,2.842,2.842
APPLE_FAMILY,WHOLESALE,NL-ZH,6095.21,Weekly,2025-06-23,2025-06-29,KG,2.831,2.831
APPLE_FAMILY,WHOLESALE,NL-ZH,5629.48,Weekly,2025-06-30,2025-07-06,KG,2.891,2.891
APPLE_FAMILY,WHOLESALE,NL-ZH,5928.91,Weekly,2025-07-07,2025-07-13,KG,2.848,2.848
APPLE_FAMILY,WHOLESALE,NL-ZH,5836.15,Weekly,2025-07-14,2025-07-20,KG,2.836,2.836
APPLE_FAMILY,WHOLESALE,NL-ZH,6001.59,Weekly,2025-07-21,2025-07-27,KG,2.837,2.837
APPLE_FAMILY,WHOLESALE,NL-ZH,5950.57,Weekly,2025-07-28,2025-08-03,KG,2.674,2.674
APPLE_FAMILY,WHOLESALE,NL-ZH,6599.650000000001,Weekly,2025-08-04,2025-08-10,KG,2.416,2.416
APPLE_FAMILY,WHOLESALE,NL-ZH,6663.48,Weekly,2025-08-11,2025-08-17,KG,2.435,2.435
APPLE_FAMILY,WHOLESALE,NL-ZH,7058.91,Weekly,2025-08-18,2025-08-24,KG,2.416,2.416
APPLE_FAMILY,WHOLESALE,NL-ZH,6811.04,Weekly,2025-08-25,2025-08-31,KG,2.41,2.41
APPLE_FAMILY,WHOLESALE,NL-ZH,7250.1,Weekly,2025-09-01,2025-09-07,KG,2.323,2.323
APPLE_FAMILY,WHOLESALE,NL-ZH,6778.29,Weekly,2025-09-08,2025-09-14,KG,2.29,2.29
APPLE_FAMILY,WHOLESALE,NL-ZH,6704.29,Weekly,2025-09-15,2025-09-21,KG,2.309,2.309
APPLE_FAMILY,WHOLESALE,NL-ZH,7326.82,Weekly,2025-09-22,2025-09-28,KG,2.304,2.304
APPLE_FAMILY,WHOLESALE,NL-ZH,6805.82,Weekly,2025-09-29,2025-10-05,KG,2.285,2.285
APPLE_FAMILY,WHOLESALE,NL-ZH,7532.92,Weekly,2025-10-06,2025-10-12,KG,2.3,2.3
APPLE_FAMILY,WHOLESALE,NL-ZH,7673.47,Weekly,2025-10-13,2025-10-19,KG,2.299,2.299
APPLE_FAMILY,WHOLESALE,NL-ZH,6447.1900000000005,Weekly,2025-10-20,2025-10-26,KG,2.313,2.313
APPLE_FAMILY,WHOLESALE,NL-ZH,6999.9800000000005,Weekly,2025-10-27,2025-11-02,KG,2.282,2.282
APPLE_FAMILY,WHOLESALE,NL-ZH,8658.22,Weekly,2025-11-03,2025-11-09,KG,2.306,2.306
APPLE_FAMILY,WHOLESALE,NL-ZH,7184.87,Weekly,2025-11-10,2025-11-16,KG,2.315,2.315
APPLE_FAMILY,WHOLESALE,NL-ZH,6835.47,Weekly,2025-11-17,2025-11-23,KG,2.313,2.313
APPLE_FAMILY,WHOLESALE,NL-ZH,7838.95,Weekly,2025-11-24,2025-11-30,KG,2.31,2.31
APPLE_FAMILY,WHOLESALE,NL-ZH,7814.3,Weekly,2025-12-01,2025-12-07,KG,2.81,2.81
APPLE_FAMILY,WHOLESALE,NL-ZH,8232.81,Weekly,2025-12-08,2025-12-14,KG,2.827,2.827
APPLE_FAMILY,WHOLESALE,NL-ZH,8430.04,Weekly,2025-12-15,2025-12-21,KG,2.838,2.838
APPLE_FAMILY,WHOLESALE,NL-ZH,8082.87,Weekly,2025-12-22,2025-12-28,KG,2.848,2.848
APPLE_FAMILY,WHOLESALE,NL-ZH,7459.55,Weekly,2025-12-29,2026-01-04,KG,2.851,2.851
APPLE_FAMILY,WHOLESALE,NL-ZH,6758.26,Weekly,2026-01-05,2026-01-11,KG,2.829,2.829
APPLE_FAMILY,WHOLESALE,NL-ZH,8197.75,Weekly,2026-01-12,2026-01-18,KG,2.877,2.877
APPLE_FAMILY,WHOLESALE,NL-ZH,8439.47,Weekly,2026-01-19,2026-01-25,KG,2.831,2.831
APPLE_FAMILY,WHOLESALE,NL-ZH,7731.2,Weekly,2026-01-26,2026-02-01,KG,2.872,2.872
BlueberryFamily,ONLINE,NL-GE,1994.69,Weekly,2023-01-30,2023-02-05,KG,2.709,2.709
BlueberryFamily,ONLINE,NL-GE,3854.58,Weekly,2023-02-06,2023-02-12,KG,2.675,2.675
BlueberryFamily,ONLINE,NL-GE,3581.61,Weekly,2023-02-13,2023-02-19,KG,2.673,2.673
BlueberryFamily,ONLINE,NL-GE,3499.9300000000003,Weekly,2023-02-20,2023-02-26,KG,2.696,2.696
BlueberryFamily,ONLINE,NL-GE,3665.78,Weekly,2023-02-27,2023-03-05,KG,2.639,2.639
BlueberryFamily,ONLINE,NL-GE,2802.19,Weekly,2023-03-06,2023-03-12,KG,2.682,2.682
BlueberryFamily,ONLINE,NL-GE,3581.3,Weekly,2023-03-13,2023-03-19,KG,2.676,2.676
BlueberryFamily,ONLINE,NL-GE,3032.73,Weekly,2023-03-20,2023-03-26,KG,2.684,2.684
BlueberryFamily,ONLINE,NL-GE,2979.1,Weekly,2023-03-27,2023-04-02,KG,2.675,2.675
BlueberryFamily,ONLINE,NL-GE,3262.03,Weekly,2023-04-03,2023-04-09,KG,2.692,2.692
BlueberryFamily,ONLINE,NL-GE,2997.77,Weekly,2023-04-10,2023-04-16,KG,2.697,2.697
BlueberryFamily,ONLINE,NL-GE,3153.1,Weekly,2023-04-17,2023-04-23,KG,2.66,2.66
BlueberryFamily,ONLINE,NL-GE,2990.47,Weekly,2023-04-24,2023-04-30,KG,2.721,2.721
BlueberryFamily,ONLINE,NL-GE,3173.37,Weekly,2023-05-01,2023-05-07,KG,2.664,2.664
BlueberryFamily,ONLINE,NL-GE,2783.19,Weekly,2023-05-08,2023-05-14,KG,2.684,2.684
BlueberryFamily,ONLINE,NL-GE,3407.59,Weekly,2023-05-15,2023-05-21,KG,2.68,2.68
BlueberryFamily,ONLINE,NL-GE,3326.9,Weekly,2023-05-22,2023-05-28,KG,2.691,2.691
BlueberryFamily,ONLINE,NL-GE,3497.27,Weekly,2023-05-29,2023-06-04,KG,2.684,2.684
BlueberryFamily,ONLINE,NL-GE,3407.98,Weekly,2023-06-05,2023-06-11,KG,2.688,2.688
BlueberryFamily,ONLINE,NL-GE,3291.07,Weekly,2023-06-12,2023-06-18,KG,2.667,2.667
BlueberryFamily,ONLINE,NL-GE,3175.4300000000003,Weekly,2023-06-19,2023-06-25,KG,2.699,2.699
BlueberryFamily,ONLINE,NL-GE,3119.88,Weekly,2023-06-26,2023-07-02,KG,2.668,2.668
BlueberryFamily,ONLINE,NL-GE,3286.2000000000003,Weekly,2023-07-03,2023-07-09,KG,2.686,2.686
BlueberryFamily,ONLINE,NL-GE,3560.7000000000003,Weekly,2023-07-10,2023-07-16,KG,2.664,2.664
BlueberryFamily,ONLINE,NL-GE,3308.64,Weekly,2023-07-17,2023-07-23,KG,2.687,2.687
BlueberryFamily,ONLINE,NL-GE,2899.71,Weekly,2023-07-24,2023-07-30,KG,2.673,2.673
BlueberryFamily,ONLINE,NL-GE,2553.5099999999998,Weekly,2023-07-31,2023-08-06,KG,2.326,2.326
BlueberryFamily,ONLINE,NL-GE,3506.92,Weekly,2023-08-07,2023-08-13,KG,2.242,2.242
BlueberryFamily,ONLINE,NL-GE,3745.22,Weekly,2023-08-14,2023-08-20,KG,2.29,2.29
BlueberryFamily,ONLINE,NL-GE,3688.85,Weekly,2023-08-21,2023-08-27,KG,2.283,2.283
BlueberryFamily,ONLINE,NL-GE,3979.33,Weekly,2023-08-28,2023-09-03,KG,2.267,2.267
BlueberryFamily,ONLINE,NL-GE,4179.38,Weekly,2023-09-04,2023-09-10,KG,2.286,2.286
BlueberryFamily,ONLINE,NL-GE,3951.84,Weekly,2023-09-11,2023-09-17,KG,2.307,2.307
BlueberryFamily,ONLINE,NL-GE,3883.56,Weekly,2023-09-18,2023-09-24,KG,2.291,2.291
BlueberryFamily,ONLINE,NL-GE,4593.07,Weekly,2023-09-25,2023-10-01,KG,2.242,2.242
BlueberryFamily,ONLINE,NL-GE,4309.61,Weekly,2023-10-02,2023-10-08,KG,2.3,2.3
BlueberryFamily,ONLINE,NL-GE,3705.57,Weekly,2023-10-09,2023-10-15,KG,2.3,2.3
BlueberryFamily,ONLINE,NL-GE,3762.08,Weekly,2023-10-16,2023-10-22,KG,2.278,2.278
BlueberryFamily,ONLINE,NL-GE,3446.48,Weekly,2023-10-23,2023-10-29,KG,2.272,2.272
BlueberryFamily,ONLINE,NL-GE,3504.52,Weekly,2023-10-30,2023-11-05,KG,2.58,2.58
BlueberryFamily,ONLINE,NL-GE,3754.0299999999997,Weekly,2023-11-06,2023-11-12,KG,2.673,2.673
BlueberryFamily,ONLINE,NL-GE,3788.06,Weekly,2023-11-13,2023-11-19,KG,2.716,2.716
BlueberryFamily,ONLINE,NL-GE,3951.34,Weekly,2023-11-20,2023-11-26,KG,2.722,2.722
BlueberryFamily,ONLINE,NL-GE,3462.61,Weekly,2023-11-27,2023-12-03,KG,2.667,2.667
BlueberryFamily,ONLINE,NL-GE,3461.76,Weekly,2023-12-04,2023-12-10,KG,2.709,2.709
BlueberryFamily,ONLINE,NL-GE,3826.9,Weekly,2023-12-11,2023-12-17,KG,2.671,2.671
BlueberryFamily,ONLINE,NL-GE,3236.4500000000003,Weekly,2023-12-18,2023-12-24,KG,2.708,2.708
BlueberryFamily,ONLINE,NL-GE,3370.29,Weekly,2023-12-25,2023-12-31,KG,2.667,2.667
BlueberryFamily,ONLINE,NL-GE,3441.39,Weekly,2024-01-01,2024-01-07,KG,2.67,2.67
BlueberryFamily,ONLINE,NL-GE,3724.58,Weekly,2024-01-08,2024-01-14,KG,2.698,2.698
BlueberryFamily,ONLINE,NL-GE,3648.54,Weekly,2024-01-15,2024-01-21,KG,2.681,2.681
BlueberryFamily,ONLINE,NL-GE,3593.74,Weekly,2024-01-22,2024-01-28,KG,2.692,2.692
BlueberryFamily,ONLINE,NL-GE,3579.37,Weekly,2024-01-29,2024-02-04,KG,2.679,2.679
BlueberryFamily,ONLINE,NL-GE,3203.66,Weekly,2024-02-05,2024-02-11,KG,2.73,2.73
BlueberryFamily,ONLINE,NL-GE,3485.2,Weekly,2024-02-12,2024-02-18,KG,2.695,2.695
BlueberryFamily,ONLINE,NL-GE,3251.74,Weekly,2024-02-19,2024-02-25,KG,2.683,2.683
BlueberryFamily,ONLINE,NL-GE,3545.42,Weekly,2024-02-26,2024-03-03,KG,2.662,2.662
BlueberryFamily,ONLINE,NL-GE,3765.35,Weekly,2024-03-04,2024-03-10,KG,2.683,2.683
BlueberryFamily,ONLINE,NL-GE,3443.6,Weekly,2024-03-11,2024-03-17,KG,2.69,2.69
BlueberryFamily,ONLINE,NL-GE,3337.2,Weekly,2024-03-18,2024-03-24,KG,2.709,2.709
BlueberryFamily,ONLINE,NL-GE,3359.49,Weekly,2024-03-25,2024-03-31,KG,2.694,2.694
BlueberryFamily,ONLINE,NL-GE,3112.0,Weekly,2024-04-01,2024-04-07,KG,2.688,2.688
BlueberryFamily,ONLINE,NL-GE,3546.91,Weekly,2024-04-08,2024-04-14,KG,2.645,2.645
BlueberryFamily,ONLINE,NL-GE,2558.75,Weekly,2024-04-15,2024-04-21,KG,2.698,2.698
BlueberryFamily,ONLINE,NL-GE,2990.24,Weekly,2024-04-22,2024-04-28,KG,2.669,2.669
BlueberryFamily,ONLINE,NL-GE,3298.79,Weekly,2024-04-29,2024-05-05,KG,2.658,2.658
BlueberryFamily,ONLINE,NL-GE,3336.61,Weekly,2024-05-06,2024-05-12,KG,2.664,2.664
BlueberryFamily,ONLINE,NL-GE,3142.16,Weekly,2024-05-13,2024-05-19,KG,2.7,2.7
BlueberryFamily,ONLINE,NL-GE,2844.36,Weekly,2024-05-20,2024-05-26,KG,2.675,2.675
BlueberryFamily,ONLINE,NL-GE,2958.98,Weekly,2024-05-27,2024-06-02,KG,2.679,2.679
BlueberryFamily,ONLINE,NL-GE,3044.74,Weekly,2024-06-03,2024-06-09,KG,2.705,2.705
BlueberryFamily,ONLINE,NL-GE,2666.8,Weekly,2024-06-10,2024-06-16,KG,2.67,2.67
BlueberryFamily,ONLINE,NL-GE,2892.35,Weekly,2024-06-17,2024-06-23,KG,2.702,2.702
BlueberryFamily,ONLINE,NL-GE,3319.52,Weekly,2024-06-24,2024-06-30,KG,2.679,2.679
BlueberryFamily,ONLINE,NL-GE,3100.83,Weekly,2024-07-01,2024-07-07,KG,2.687,2.687
BlueberryFamily,ONLINE,NL-GE,3098.0,Weekly,2024-07-08,2024-07-14,KG,2.655,2.655
BlueberryFamily,ONLINE,NL-GE,3329.89,Weekly,2024-07-15,2024-07-21,KG,2.71,2.71
BlueberryFamily,ONLINE,NL-GE,3287.49,Weekly,2024-07-22,2024-07-28,KG,2.698,2.698
BlueberryFamily,ONLINE,NL-GE,3426.24,Weekly,2024-07-29,2024-08-04,KG,2.48,2.48
BlueberryFamily,ONLINE,NL-GE,3722.66,Weekly,2024-08-05,2024-08-11,KG,2.276,2.276
BlueberryFamily,ONLINE,NL-GE,3502.6,Weekly,2024-08-12,2024-08-18,KG,2.271,2.271
BlueberryFamily,ONLINE,NL-GE,3819.53,Weekly,2024-08-19,2024-08-25,KG,2.245,2.245
BlueberryFamily,ONLINE,NL-GE,3925.36,Weekly,2024-08-26,2024-09-01,KG,2.271,2.271
BlueberryFamily,ONLINE,NL-GE,3884.27,Weekly,2024-09-02,2024-09-08,KG,2.296,2.296
BlueberryFamily,ONLINE,NL-GE,3544.19,Weekly,2024-09-09,2024-09-15,KG,2.276,2.276
BlueberryFamily,ONLINE,NL-GE,4502.63,Weekly,2024-09-16,2024-09-22,KG,2.301,2.301
BlueberryFamily,ONLINE,NL-GE,3635.8,Weekly,2024-09-23,2024-09-29,KG,2.299,2.299
BlueberryFamily,ONLINE,NL-GE,3757.27,Weekly,2024-09-30,2024-10-06,KG,2.267,2.267
BlueberryFamily,ONLINE,NL-GE,3581.55,Weekly,2024-10-07,2024-10-13,KG,2.289,2.289
BlueberryFamily,ONLINE,NL-GE,4081.09,Weekly,2024-10-14,2024-10-20,KG,2.27,2.27
BlueberryFamily,ONLINE,NL-GE,4289.639999999999,Weekly,2024-10-21,2024-10-27,KG,2.274,2.274
BlueberryFamily,ONLINE,NL-GE,4151.02,Weekly,2024-10-28,2024-11-03,KG,2.417,2.417
BlueberryFamily,ONLINE,NL-GE,4021.3900000000003,Weekly,2024-11-04,2024-11-10,KG,2.7,2.7
BlueberryFamily,ONLINE,NL-GE,4016.12,Weekly,2024-11-11,2024-11-17,KG,2.63,2.63
BlueberryFamily,ONLINE,NL-GE,3619.4300000000003,Weekly,2024-11-18,2024-11-24,KG,2.683,2.683
BlueberryFamily,ONLINE,NL-GE,4012.23,Weekly,2024-11-25,2024-12-01,KG,2.703,2.703
BlueberryFamily,ONLINE,NL-GE,3647.6,Weekly,2024-12-02,2024-12-08,KG,2.673,2.673
BlueberryFamily,ONLINE,NL-GE,3922.8500000000004,Weekly,2024-12-09,2024-12-15,KG,2.646,2.646
BlueberryFamily,ONLINE,NL-GE,3837.85,Weekly,2024-12-16,2024-12-22,KG,2.687,2.687
BlueberryFamily,ONLINE,NL-GE,3906.49,Weekly,2024-12-23,2024-12-29,KG,2.672,2.672
BlueberryFamily,ONLINE,NL-GE,3494.06,Weekly,2024-12-30,2025-01-05,KG,2.671,2.671
BlueberryFamily,ONLINE,NL-GE,3637.4,Weekly,2025-01-06,2025-01-12,KG,2.669,2.669
BlueberryFamily,ONLINE,NL-GE,3856.69,Weekly,2025-01-13,2025-01-19,KG,2.696,2.696
BlueberryFamily,ONLINE,NL-GE,3307.6,Weekly,2025-01-20,2025-01-26,KG,2.675,2.675
BlueberryFamily,ONLINE,NL-GE,3540.66,Weekly,2025-01-27,2025-02-02,KG,2.675,2.675
BlueberryFamily,ONLINE,NL-GE,3689.51,Weekly,2025-02-03,2025-02-09,KG,2.672,2.672
BlueberryFamily,ONLINE,NL-GE,3379.31,Weekly,2025-02-10,2025-02-16,KG,2.658,2.658
BlueberryFamily,ONLINE,NL-GE,3816.23,Weekly,2025-02-17,2025-02-23,KG,2.665,2.665
BlueberryFamily,ONLINE,NL-GE,3374.2400000000002,Weekly,2025-02-24,2025-03-02,KG,2.692,2.692
BlueberryFamily,ONLINE,NL-GE,4068.9,Weekly,2025-03-03,2025-03-09,KG,2.728,2.728
BlueberryFamily,ONLINE,NL-GE,3640.73,Weekly,2025-03-10,2025-03-16,KG,2.626,2.626
BlueberryFamily,ONLINE,NL-GE,4102.09,Weekly,2025-03-17,2025-03-23,KG,2.648,2.648
BlueberryFamily,ONLINE,NL-GE,3781.19,Weekly,2025-03-24,2025-03-30,KG,2.685,2.685
BlueberryFamily,ONLINE,NL-GE,4161.14,Weekly,2025-03-31,2025-04-06,KG,2.711,2.711
BlueberryFamily,ONLINE,NL-GE,3741.0,Weekly,2025-04-07,2025-04-13,KG,2.681,2.681
BlueberryFamily,ONLINE,NL-GE,3219.62,Weekly,2025-04-14,2025-04-20,KG,2.652,2.652
BlueberryFamily,ONLINE,NL-GE,3151.13,Weekly,2025-04-21,2025-04-27,KG,2.681,2.681
BlueberryFamily,ONLINE,NL-GE,3782.73,Weekly,2025-04-28,2025-05-04,KG,2.688,2.688
BlueberryFamily,ONLINE,NL-GE,3629.78,Weekly,2025-05-05,2025-05-11,KG,2.65,2.65
BlueberryFamily,ONLINE,NL-GE,3560.59,Weekly,2025-05-12,2025-05-18,KG,2.718,2.718
BlueberryFamily,ONLINE,NL-GE,3213.76,Weekly,2025-05-19,2025-05-25,KG,2.693,2.693
BlueberryFamily,ONLINE,NL-GE,2863.21,Weekly,2025-05-26,2025-06-01,KG,2.662,2.662
BlueberryFamily,ONLINE,NL-GE,2907.1,Weekly,2025-06-02,2025-06-08,KG,2.648,2.648
BlueberryFamily,ONLINE,NL-GE,3236.72,Weekly,2025-06-09,2025-06-15,KG,2.707,2.707
BlueberryFamily,ONLINE,NL-GE,3378.7,Weekly,2025-06-16,2025-06-22,KG,2.697,2.697
BlueberryFamily,ONLINE,NL-GE,3140.98,Weekly,2025-06-23,2025-06-29,KG,2.684,2.684
BlueberryFamily,ONLINE,NL-GE,3196.41,Weekly,2025-06-30,2025-07-06,KG,2.696,2.696
BlueberryFamily,ONLINE,NL-GE,3391.51,Weekly,2025-07-07,2025-07-13,KG,2.646,2.646
BlueberryFamily,ONLINE,NL-GE,3283.98,Weekly,2025-07-14,2025-07-20,KG,2.656,2.656
BlueberryFamily,ONLINE,NL-GE,3386.71,Weekly,2025-07-21,2025-07-27,KG,2.686,2.686
BlueberryFamily,ONLINE,NL-GE,3241.13,Weekly,2025-07-28,2025-08-03,KG,2.545,2.545
BlueberryFamily,ONLINE,NL-GE,3509.96,Weekly,2025-08-04,2025-08-10,KG,2.284,2.284
BlueberryFamily,ONLINE,NL-GE,3779.6,Weekly,2025-08-11,2025-08-17,KG,2.315,2.315
BlueberryFamily,ONLINE,NL-GE,3816.92,Weekly,2025-08-18,2025-08-24,KG,2.266,2.266
BlueberryFamily,ONLINE,NL-GE,4033.48,Weekly,2025-08-25,2025-08-31,KG,2.302,2.302
BlueberryFamily,ONLINE,NL-GE,3988.57,Weekly,2025-09-01,2025-09-07,KG,2.278,2.278
BlueberryFamily,ONLINE,NL-GE,3498.7,Weekly,2025-09-08,2025-09-14,KG,2.261,2.261
BlueberryFamily,ONLINE,NL-GE,3611.68,Weekly,2025-09-15,2025-09-21,KG,2.276,2.276
BlueberryFamily,ONLINE,NL-GE,4238.75,Weekly,2025-09-22,2025-09-28,KG,2.253,2.253
BlueberryFamily,ONLINE,NL-GE,3848.56,Weekly,2025-09-29,2025-10-05,KG,2.272,2.272
BlueberryFamily,ONLINE,NL-GE,3932.7400000000002,Weekly,2025-10-06,2025-10-12,KG,2.308,2.308
BlueberryFamily,ONLINE,NL-GE,4341.6,Weekly,2025-10-13,2025-10-19,KG,2.261,2.261
BlueberryFamily,ONLINE,NL-GE,3594.86,Weekly,2025-10-20,2025-10-26,KG,2.309,2.309
BlueberryFamily,ONLINE,NL-GE,3618.07,Weekly,2025-10-27,2025-11-02,KG,2.413,2.413
BlueberryFamily,ONLINE,NL-GE,4634.34,Weekly,2025-11-03,2025-11-09,KG,2.652,2.652
BlueberryFamily,ONLINE,NL-GE,3763.64,Weekly,2025-11-10,2025-11-16,KG,2.653,2.653
BlueberryFamily,ONLINE,NL-GE,3842.23,Weekly,2025-11-17,2025-11-23,KG,2.633,2.633
BlueberryFamily,ONLINE,NL-GE,3853.9,Weekly,2025-11-24,2025-11-30,KG,2.699,2.699
BlueberryFamily,ONLINE,NL-GE,3749.82,Weekly,2025-12-01,2025-12-07,KG,2.683,2.683
BlueberryFamily,ONLINE,NL-GE,4253.71,Weekly,2025-12-08,2025-12-14,KG,2.658,2.658
BlueberryFamily,ONLINE,NL-GE,4202.76,Weekly,2025-12-15,2025-12-21,KG,2.681,2.681
BlueberryFamily,ONLINE,NL-GE,3971.34,Weekly,2025-12-22,2025-12-28,KG,2.711,2.711
BlueberryFamily,ONLINE,NL-GE,3531.85,Weekly,2025-12-29,2026-01-04,KG,2.679,2.679
BlueberryFamily,ONLINE,NL-GE,3179.93,Weekly,2026-01-05,2026-01-11,KG,2.689,2.689
BlueberryFamily,ONLINE,NL-GE,3938.33,Weekly,2026-01-12,2026-01-18,KG,2.639,2.639
BlueberryFamily,ONLINE,NL-GE,3893.26,Weekly,2026-01-19,2026-01-25,KG,2.705,2.705
BlueberryFamily,ONLINE,NL-GE,3632.6,Weekly,2026-01-26,2026-02-01,KG,2.687,2.687
BlueberryFamily,ONLINE,NL-NB,2203.77,Weekly,2023-01-30,2023-02-05,KG,2.751,2.751
BlueberryFamily,ONLINE,NL-NB,3889.6,Weekly,2023-02-06,2023-02-12,KG,2.817,2.817
BlueberryFamily,ONLINE,NL-NB,3922.83,Weekly,2023-02-13,2023-02-19,KG,2.785,2.785
BlueberryFamily,ONLINE,NL-NB,3683.61,Weekly,2023-02-20,2023-02-26,KG,2.756,2.756
BlueberryFamily,ONLINE,NL-NB,3548.96,Weekly,2023-02-27,2023-03-05,KG,2.762,2.762
BlueberryFamily,ONLINE,NL-NB,2895.16,Weekly,2023-03-06,2023-03-12,KG,2.753,2.753
BlueberryFamily,ONLINE,NL-NB,3789.7000000000003,Weekly,2023-03-13,2023-03-19,KG,2.779,2.779
BlueberryFamily,ONLINE,NL-NB,2983.17,Weekly,2023-03-20,2023-03-26,KG,2.79,2.79
BlueberryFamily,ONLINE,NL-NB,3114.48,Weekly,2023-03-27,2023-04-02,KG,2.736,2.736
BlueberryFamily,ONLINE,NL-NB,3570.63,Weekly,2023-04-03,2023-04-09,KG,2.777,2.777
BlueberryFamily,ONLINE,NL-NB,3148.73,Weekly,2023-04-10,2023-04-16,KG,2.748,2.748
BlueberryFamily,ONLINE,NL-NB,3362.64,Weekly,2023-04-17,2023-04-23,KG,2.733,2.733
BlueberryFamily,ONLINE,NL-NB,2996.46,Weekly,2023-04-24,2023-04-30,KG,2.751,2.751
BlueberryFamily,ONLINE,NL-NB,3311.9900000000002,Weekly,2023-05-01,2023-05-07,KG,2.732,2.732
BlueberryFamily,ONLINE,NL-NB,2929.9500000000003,Weekly,2023-05-08,2023-05-14,KG,2.772,2.772
BlueberryFamily,ONLINE,NL-NB,3395.4700000000003,Weekly,2023-05-15,2023-05-21,KG,2.762,2.762
BlueberryFamily,ONLINE,NL-NB,3451.06,Weekly,2023-05-22,2023-05-28,KG,2.812,2.812
BlueberryFamily,ONLINE,NL-NB,3490.02,Weekly,2023-05-29,2023-06-04,KG,2.734,2.734
BlueberryFamily,ONLINE,NL-NB,3549.91,Weekly,2023-06-05,2023-06-11,KG,2.753,2.753
BlueberryFamily,ONLINE,NL-NB,3394.66,Weekly,2023-06-12,2023-06-18,KG,2.749,2.749
BlueberryFamily,ONLINE,NL-NB,3034.11,Weekly,2023-06-19,2023-06-25,KG,2.763,2.763
BlueberryFamily,ONLINE,NL-NB,3184.96,Weekly,2023-06-26,2023-07-02,KG,2.779,2.779
BlueberryFamily,ONLINE,NL-NB,3379.64,Weekly,2023-07-03,2023-07-09,KG,2.741,2.741
BlueberryFamily,ONLINE,NL-NB,3572.44,Weekly,2023-07-10,2023-07-16,KG,2.748,2.748
BlueberryFamily,ONLINE,NL-NB,3469.42,Weekly,2023-07-17,2023-07-23,KG,2.78,2.78
BlueberryFamily,ONLINE,NL-NB,2980.84,Weekly,2023-07-24,2023-07-30,KG,2.753,2.753
BlueberryFamily,ONLINE,NL-NB,2764.9700000000003,Weekly,2023-07-31,2023-08-06,KG,2.391,2.391
BlueberryFamily,ONLINE,NL-NB,3671.86,Weekly,2023-08-07,2023-08-13,KG,2.375,2.375
BlueberryFamily,ONLINE,NL-NB,3997.83,Weekly,2023-08-14,2023-08-20,KG,2.35,2.35
BlueberryFamily,ONLINE,NL-NB,3822.7799999999997,Weekly,2023-08-21,2023-08-27,KG,2.369,2.369
BlueberryFamily,ONLINE,NL-NB,3849.28,Weekly,2023-08-28,2023-09-03,KG,2.319,2.319
BlueberryFamily,ONLINE,NL-NB,4411.82,Weekly,2023-09-04,2023-09-10,KG,2.342,2.342
BlueberryFamily,ONLINE,NL-NB,4103.51,Weekly,2023-09-11,2023-09-17,KG,2.341,2.341
BlueberryFamily,ONLINE,NL-NB,4205.7,Weekly,2023-09-18,2023-09-24,KG,2.346,2.346
BlueberryFamily,ONLINE,NL-NB,4714.93,Weekly,2023-09-25,2023-10-01,KG,2.384,2.384
BlueberryFamily,ONLINE,NL-NB,4383.33,Weekly,2023-10-02,2023-10-08,KG,2.365,2.365
BlueberryFamily,ONLINE,NL-NB,4088.94,Weekly,2023-10-09,2023-10-15,KG,2.332,2.332
BlueberryFamily,ONLINE,NL-NB,3855.19,Weekly,2023-10-16,2023-10-22,KG,2.347,2.347
BlueberryFamily,ONLINE,NL-NB,3692.55,Weekly,2023-10-23,2023-10-29,KG,2.365,2.365
BlueberryFamily,ONLINE,NL-NB,3857.96,Weekly,2023-10-30,2023-11-05,KG,2.685,2.685
BlueberryFamily,ONLINE,NL-NB,4183.84,Weekly,2023-11-06,2023-11-12,KG,2.804,2.804
BlueberryFamily,ONLINE,NL-NB,3546.96,Weekly,2023-11-13,2023-11-19,KG,2.78,2.78
BlueberryFamily,ONLINE,NL-NB,3991.47,Weekly,2023-11-20,2023-11-26,KG,2.773,2.773
BlueberryFamily,ONLINE,NL-NB,3588.6000000000004,Weekly,2023-11-27,2023-12-03,KG,2.767,2.767
BlueberryFamily,ONLINE,NL-NB,3744.9700000000003,Weekly,2023-12-04,2023-12-10,KG,2.759,2.759
BlueberryFamily,ONLINE,NL-NB,4313.24,Weekly,2023-12-11,2023-12-17,KG,2.756,2.756
BlueberryFamily,ONLINE,NL-NB,3518.45,Weekly,2023-12-18,2023-12-24,KG,2.767,2.767
BlueberryFamily,ONLINE,NL-NB,3859.46,Weekly,2023-12-25,2023-12-31,KG,2.774,2.774
BlueberryFamily,ONLINE,NL-NB,3421.85,Weekly,2024-01-01,2024-01-07,KG,2.718,2.718
BlueberryFamily,ONLINE,NL-NB,3697.63,Weekly,2024-01-08,2024-01-14,KG,2.704,2.704
BlueberryFamily,ONLINE,NL-NB,3708.78,Weekly,2024-01-15,2024-01-21,KG,2.764,2.764
BlueberryFamily,ONLINE,NL-NB,4026.54,Weekly,2024-01-22,2024-01-28,KG,2.732,2.732
BlueberryFamily,ONLINE,NL-NB,3876.11,Weekly,2024-01-29,2024-02-04,KG,2.754,2.754
BlueberryFamily,ONLINE,NL-NB,3454.2400000000002,Weekly,2024-02-05,2024-02-11,KG,2.763,2.763
BlueberryFamily,ONLINE,NL-NB,3659.91,Weekly,2024-02-12,2024-02-18,KG,2.765,2.765
BlueberryFamily,ONLINE,NL-NB,3501.95,Weekly,2024-02-19,2024-02-25,KG,2.753,2.753
BlueberryFamily,ONLINE,NL-NB,3531.95,Weekly,2024-02-26,2024-03-03,KG,2.764,2.764
BlueberryFamily,ONLINE,NL-NB,3962.52,Weekly,2024-03-04,2024-03-10,KG,2.757,2.757
BlueberryFamily,ONLINE,NL-NB,3368.74,Weekly,2024-03-11,2024-03-17,KG,2.777,2.777
BlueberryFamily,ONLINE,NL-NB,3516.31,Weekly,2024-03-18,2024-03-24,KG,2.748,2.748
BlueberryFamily,ONLINE,NL-NB,3457.4100000000003,Weekly,2024-03-25,2024-03-31,KG,2.758,2.758
BlueberryFamily,ONLINE,NL-NB,3365.19,Weekly,2024-04-01,2024-04-07,KG,2.771,2.771
BlueberryFamily,ONLINE,NL-NB,3611.77,Weekly,2024-04-08,2024-04-14,KG,2.761,2.761
BlueberryFamily,ONLINE,NL-NB,2684.6,Weekly,2024-04-15,2024-04-21,KG,2.733,2.733
BlueberryFamily,ONLINE,NL-NB,3134.62,Weekly,2024-04-22,2024-04-28,KG,2.747,2.747
BlueberryFamily,ONLINE,NL-NB,3103.42,Weekly,2024-04-29,2024-05-05,KG,2.77,2.77
BlueberryFamily,ONLINE,NL-NB,3356.21,Weekly,2024-05-06,2024-05-12,KG,2.802,2.802
BlueberryFamily,ONLINE,NL-NB,2881.69,Weekly,2024-05-13,2024-05-19,KG,2.745,2.745
BlueberryFamily,ONLINE,NL-NB,2935.75,Weekly,2024-05-20,2024-05-26,KG,2.739,2.739
BlueberryFamily,ONLINE,NL-NB,2969.97,Weekly,2024-05-27,2024-06-02,KG,2.774,2.774
BlueberryFamily,ONLINE,NL-NB,3470.93,Weekly,2024-06-03,2024-06-09,KG,2.794,2.794
BlueberryFamily,ONLINE,NL-NB,2676.2799999999997,Weekly,2024-06-10,2024-06-16,KG,2.776,2.776
BlueberryFamily,ONLINE,NL-NB,2919.04,Weekly,2024-06-17,2024-06-23,KG,2.746,2.746
BlueberryFamily,ONLINE,NL-NB,3222.07,Weekly,2024-06-24,2024-06-30,KG,2.774,2.774
BlueberryFamily,ONLINE,NL-NB,3081.7799999999997,Weekly,2024-07-01,2024-07-07,KG,2.76,2.76
BlueberryFamily,ONLINE,NL-NB,3098.95,Weekly,2024-07-08,2024-07-14,KG,2.765,2.765
BlueberryFamily,ONLINE,NL-NB,3588.25,Weekly,2024-07-15,2024-07-21,KG,2.751,2.751
BlueberryFamily,ONLINE,NL-NB,3358.07,Weekly,2024-07-22,2024-07-28,KG,2.761,2.761
BlueberryFamily,ONLINE,NL-NB,3751.4,Weekly,2024-07-29,2024-08-04,KG,2.509,2.509
BlueberryFamily,ONLINE,NL-NB,3944.7200000000003,Weekly,2024-08-05,2024-08-11,KG,2.396,2.396
BlueberryFamily,ONLINE,NL-NB,3737.34,Weekly,2024-08-12,2024-08-18,KG,2.326,2.326
BlueberryFamily,ONLINE,NL-NB,3824.94,Weekly,2024-08-19,2024-08-25,KG,2.349,2.349
BlueberryFamily,ONLINE,NL-NB,4160.26,Weekly,2024-08-26,2024-09-01,KG,2.363,2.363
BlueberryFamily,ONLINE,NL-NB,3974.34,Weekly,2024-09-02,2024-09-08,KG,2.368,2.368
BlueberryFamily,ONLINE,NL-NB,3880.75,Weekly,2024-09-09,2024-09-15,KG,2.344,2.344
BlueberryFamily,ONLINE,NL-NB,4580.34,Weekly,2024-09-16,2024-09-22,KG,2.354,2.354
BlueberryFamily,ONLINE,NL-NB,3852.02,Weekly,2024-09-23,2024-09-29,KG,2.342,2.342
BlueberryFamily,ONLINE,NL-NB,4086.67,Weekly,2024-09-30,2024-10-06,KG,2.32,2.32
BlueberryFamily,ONLINE,NL-NB,4068.0699999999997,Weekly,2024-10-07,2024-10-13,KG,2.377,2.377
BlueberryFamily,ONLINE,NL-NB,4195.04,Weekly,2024-10-14,2024-10-20,KG,2.365,2.365
BlueberryFamily,ONLINE,NL-NB,4060.51,Weekly,2024-10-21,2024-10-27,KG,2.362,2.362
BlueberryFamily,ONLINE,NL-NB,4134.89,Weekly,2024-10-28,2024-11-03,KG,2.503,2.503
BlueberryFamily,ONLINE,NL-NB,4074.39,Weekly,2024-11-04,2024-11-10,KG,2.784,2.784
BlueberryFamily,ONLINE,NL-NB,4091.27,Weekly,2024-11-11,2024-11-17,KG,2.728,2.728
BlueberryFamily,ONLINE,NL-NB,3384.17,Weekly,2024-11-18,2024-11-24,KG,2.744,2.744
BlueberryFamily,ONLINE,NL-NB,4150.8,Weekly,2024-11-25,2024-12-01,KG,2.734,2.734
BlueberryFamily,ONLINE,NL-NB,3784.96,Weekly,2024-12-02,2024-12-08,KG,2.775,2.775
BlueberryFamily,ONLINE,NL-NB,3855.46,Weekly,2024-12-09,2024-12-15,KG,2.762,2.762
BlueberryFamily,ONLINE,NL-NB,3860.62,Weekly,2024-12-16,2024-12-22,KG,2.749,2.749
BlueberryFamily,ONLINE,NL-NB,3856.58,Weekly,2024-12-23,2024-12-29,KG,2.743,2.743
BlueberryFamily,ONLINE,NL-NB,3466.5099999999998,Weekly,2024-12-30,2025-01-05,KG,2.743,2.743
BlueberryFamily,ONLINE,NL-NB,3654.44,Weekly,2025-01-06,2025-01-12,KG,2.778,2.778
BlueberryFamily,ONLINE,NL-NB,3928.1,Weekly,2025-01-13,2025-01-19,KG,2.768,2.768
BlueberryFamily,ONLINE,NL-NB,3416.31,Weekly,2025-01-20,2025-01-26,KG,2.793,2.793
BlueberryFamily,ONLINE,NL-NB,3850.1800000000003,Weekly,2025-01-27,2025-02-02,KG,2.78,2.78
BlueberryFamily,ONLINE,NL-NB,3840.61,Weekly,2025-02-03,2025-02-09,KG,2.749,2.749
BlueberryFamily,ONLINE,NL-NB,3404.52,Weekly,2025-02-10,2025-02-16,KG,2.809,2.809
BlueberryFamily,ONLINE,NL-NB,4022.53,Weekly,2025-02-17,2025-02-23,KG,2.754,2.754
BlueberryFamily,ONLINE,NL-NB,3596.08,Weekly,2025-02-24,2025-03-02,KG,2.703,2.703
BlueberryFamily,ONLINE,NL-NB,4417.28,Weekly,2025-03-03,2025-03-09,KG,2.788,2.788
BlueberryFamily,ONLINE,NL-NB,3812.37,Weekly,2025-03-10,2025-03-16,KG,2.737,2.737
BlueberryFamily,ONLINE,NL-NB,4130.61,Weekly,2025-03-17,2025-03-23,KG,2.75,2.75
BlueberryFamily,ONLINE,NL-NB,3773.04,Weekly,2025-03-24,2025-03-30,KG,2.739,2.739
BlueberryFamily,ONLINE,NL-NB,4139.14,Weekly,2025-03-31,2025-04-06,KG,2.798,2.798
BlueberryFamily,ONLINE,NL-NB,3810.02,Weekly,2025-04-07,2025-04-13,KG,2.75,2.75
BlueberryFamily,ONLINE,NL-NB,3131.24,Weekly,2025-04-14,2025-04-20,KG,2.78,2.78
BlueberryFamily,ONLINE,NL-NB,3337.87,Weekly,2025-04-21,2025-04-27,KG,2.729,2.729
BlueberryFamily,ONLINE,NL-NB,3941.7400000000002,Weekly,2025-04-28,2025-05-04,KG,2.775,2.775
BlueberryFamily,ONLINE,NL-NB,3613.54,Weekly,2025-05-05,2025-05-11,KG,2.728,2.728
BlueberryFamily,ONLINE,NL-NB,3698.66,Weekly,2025-05-12,2025-05-18,KG,2.737,2.737
BlueberryFamily,ONLINE,NL-NB,3397.95,Weekly,2025-05-19,2025-05-25,KG,2.764,2.764
BlueberryFamily,ONLINE,NL-NB,3152.98,Weekly,2025-05-26,2025-06-01,KG,2.785,2.785
BlueberryFamily,ONLINE,NL-NB,3142.43,Weekly,2025-06-02,2025-06-08,KG,2.76,2.76
BlueberryFamily,ONLINE,NL-NB,3296.45,Weekly,2025-06-09,2025-06-15,KG,2.769,2.769
BlueberryFamily,ONLINE,NL-NB,3486.63,Weekly,2025-06-16,2025-06-22,KG,2.758,2.758
BlueberryFamily,ONLINE,NL-NB,3244.27,Weekly,2025-06-23,2025-06-29,KG,2.793,2.793
BlueberryFamily,ONLINE,NL-NB,3167.7,Weekly,2025-06-30,2025-07-06,KG,2.74,2.74
BlueberryFamily,ONLINE,NL-NB,3499.04,Weekly,2025-07-07,2025-07-13,KG,2.767,2.767
BlueberryFamily,ONLINE,NL-NB,3531.92,Weekly,2025-07-14,2025-07-20,KG,2.739,2.739
BlueberryFamily,ONLINE,NL-NB,3486.65,Weekly,2025-07-21,2025-07-27,KG,2.76,2.76
BlueberryFamily,ONLINE,NL-NB,3399.68,Weekly,2025-07-28,2025-08-03,KG,2.59,2.59
BlueberryFamily,ONLINE,NL-NB,3764.91,Weekly,2025-08-04,2025-08-10,KG,2.348,2.348
BlueberryFamily,ONLINE,NL-NB,3778.2400000000002,Weekly,2025-08-11,2025-08-17,KG,2.36,2.36
BlueberryFamily,ONLINE,NL-NB,3961.89,Weekly,2025-08-18,2025-08-24,KG,2.381,2.381
BlueberryFamily,ONLINE,NL-NB,3800.65,Weekly,2025-08-25,2025-08-31,KG,2.379,2.379
BlueberryFamily,ONLINE,NL-NB,4234.8,Weekly,2025-09-01,2025-09-07,KG,2.352,2.352
BlueberryFamily,ONLINE,NL-NB,3929.03,Weekly,2025-09-08,2025-09-14,KG,2.365,2.365
BlueberryFamily,ONLINE,NL-NB,4183.27,Weekly,2025-09-15,2025-09-21,KG,2.376,2.376
BlueberryFamily,ONLINE,NL-NB,4155.93,Weekly,2025-09-22,2025-09-28,KG,2.33,2.33
BlueberryFamily,ONLINE,NL-NB,4069.04,Weekly,2025-09-29,2025-10-05,KG,2.343,2.343
BlueberryFamily,ONLINE,NL-NB,4187.76,Weekly,2025-10-06,2025-10-12,KG,2.338,2.338
BlueberryFamily,ONLINE,NL-NB,4198.2,Weekly,2025-10-13,2025-10-19,KG,2.335,2.335
BlueberryFamily,ONLINE,NL-NB,3710.38,Weekly,2025-10-20,2025-10-26,KG,2.384,2.384
BlueberryFamily,ONLINE,NL-NB,4167.05,Weekly,2025-10-27,2025-11-02,KG,2.429,2.429
BlueberryFamily,ONLINE,NL-NB,4665.47,Weekly,2025-11-03,2025-11-09,KG,2.783,2.783
BlueberryFamily,ONLINE,NL-NB,4167.24,Weekly,2025-11-10,2025-11-16,KG,2.742,2.742
BlueberryFamily,ONLINE,NL-NB,3916.06,Weekly,2025-11-17,2025-11-23,KG,2.79,2.79
BlueberryFamily,ONLINE,NL-NB,3884.4900000000002,Weekly,2025-11-24,2025-11-30,KG,2.767,2.767
BlueberryFamily,ONLINE,NL-NB,3899.9,Weekly,2025-12-01,2025-12-07,KG,2.781,2.781
BlueberryFamily,ONLINE,NL-NB,3898.13,Weekly,2025-12-08,2025-12-14,KG,2.76,2.76
BlueberryFamily,ONLINE,NL-NB,4112.19,Weekly,2025-12-15,2025-12-21,KG,2.736,2.736
BlueberryFamily,ONLINE,NL-NB,4159.62,Weekly,2025-12-22,2025-12-28,KG,2.739,2.739
BlueberryFamily,ONLINE,NL-NB,3656.55,Weekly,2025-12-29,2026-01-04,KG,2.768,2.768
BlueberryFamily,ONLINE,NL-NB,3311.68,Weekly,2026-01-05,2026-01-11,KG,2.782,2.782
BlueberryFamily,ONLINE,NL-NB,3961.64,Weekly,2026-01-12,2026-01-18,KG,2.724,2.724
BlueberryFamily,ONLINE,NL-NB,4095.98,Weekly,2026-01-19,2026-01-25,KG,2.737,2.737
BlueberryFamily,ONLINE,NL-NB,3612.54,Weekly,2026-01-26,2026-02-01,KG,2.74,2.74
BlueberryFamily,ONLINE,NL-NH,2115.57,Weekly,2023-01-30,2023-02-05,KG,2.819,2.819
BlueberryFamily,ONLINE,NL-NH,4046.48,Weekly,2023-02-06,2023-02-12,KG,2.882,2.882
BlueberryFamily,ONLINE,NL-NH,3904.7799999999997,Weekly,2023-02-13,2023-02-19,KG,2.874,2.874
BlueberryFamily,ONLINE,NL-NH,3926.9,Weekly,2023-02-20,2023-02-26,KG,2.831,2.831
BlueberryFamily,ONLINE,NL-NH,3659.29,Weekly,2023-02-27,2023-03-05,KG,2.858,2.858
BlueberryFamily,ONLINE,NL-NH,3165.91,Weekly,2023-03-06,2023-03-12,KG,2.852,2.852
BlueberryFamily,ONLINE,NL-NH,3647.81,Weekly,2023-03-13,2023-03-19,KG,2.855,2.855
BlueberryFamily,ONLINE,NL-NH,3257.21,Weekly,2023-03-20,2023-03-26,KG,2.872,2.872
BlueberryFamily,ONLINE,NL-NH,3399.4900000000002,Weekly,2023-03-27,2023-04-02,KG,2.843,2.843
BlueberryFamily,ONLINE,NL-NH,3597.52,Weekly,2023-04-03,2023-04-09,KG,2.859,2.859
BlueberryFamily,ONLINE,NL-NH,3267.9900000000002,Weekly,2023-04-10,2023-04-16,KG,2.826,2.826
BlueberryFamily,ONLINE,NL-NH,3118.67,Weekly,2023-04-17,2023-04-23,KG,2.847,2.847
BlueberryFamily,ONLINE,NL-NH,3251.59,Weekly,2023-04-24,2023-04-30,KG,2.853,2.853
BlueberryFamily,ONLINE,NL-NH,3385.86,Weekly,2023-05-01,2023-05-07,KG,2.808,2.808
BlueberryFamily,ONLINE,NL-NH,3216.17,Weekly,2023-05-08,2023-05-14,KG,2.843,2.843
BlueberryFamily,ONLINE,NL-NH,3635.59,Weekly,2023-05-15,2023-05-21,KG,2.823,2.823
BlueberryFamily,ONLINE,NL-NH,3420.83,Weekly,2023-05-22,2023-05-28,KG,2.901,2.901
BlueberryFamily,ONLINE,NL-NH,3517.79,Weekly,2023-05-29,2023-06-04,KG,2.861,2.861
BlueberryFamily,ONLINE,NL-NH,3635.74,Weekly,2023-06-05,2023-06-11,KG,2.855,2.855
BlueberryFamily,ONLINE,NL-NH,3384.98,Weekly,2023-06-12,2023-06-18,KG,2.883,2.883
BlueberryFamily,ONLINE,NL-NH,3450.15,Weekly,2023-06-19,2023-06-25,KG,2.834,2.834
BlueberryFamily,ONLINE,NL-NH,3205.24,Weekly,2023-06-26,2023-07-02,KG,2.821,2.821
BlueberryFamily,ONLINE,NL-NH,3410.57,Weekly,2023-07-03,2023-07-09,KG,2.833,2.833
BlueberryFamily,ONLINE,NL-NH,3685.23,Weekly,2023-07-10,2023-07-16,KG,2.843,2.843
BlueberryFamily,ONLINE,NL-NH,3328.86,Weekly,2023-07-17,2023-07-23,KG,2.838,2.838
BlueberryFamily,ONLINE,NL-NH,3272.43,Weekly,2023-07-24,2023-07-30,KG,2.824,2.824
BlueberryFamily,ONLINE,NL-NH,2857.77,Weekly,2023-07-31,2023-08-06,KG,2.486,2.486
BlueberryFamily,ONLINE,NL-NH,3871.2,Weekly,2023-08-07,2023-08-13,KG,2.44,2.44
BlueberryFamily,ONLINE,NL-NH,3976.2999999999997,Weekly,2023-08-14,2023-08-20,KG,2.43,2.43
BlueberryFamily,ONLINE,NL-NH,4005.57,Weekly,2023-08-21,2023-08-27,KG,2.449,2.449
BlueberryFamily,ONLINE,NL-NH,3938.64,Weekly,2023-08-28,2023-09-03,KG,2.405,2.405
BlueberryFamily,ONLINE,NL-NH,4682.65,Weekly,2023-09-04,2023-09-10,KG,2.411,2.411
BlueberryFamily,ONLINE,NL-NH,4401.71,Weekly,2023-09-11,2023-09-17,KG,2.452,2.452
BlueberryFamily,ONLINE,NL-NH,3615.84,Weekly,2023-09-18,2023-09-24,KG,2.41,2.41
BlueberryFamily,ONLINE,NL-NH,4655.94,Weekly,2023-09-25,2023-10-01,KG,2.408,2.408
BlueberryFamily,ONLINE,NL-NH,4850.3,Weekly,2023-10-02,2023-10-08,KG,2.413,2.413
BlueberryFamily,ONLINE,NL-NH,3941.61,Weekly,2023-10-09,2023-10-15,KG,2.432,2.432
BlueberryFamily,ONLINE,NL-NH,3903.91,Weekly,2023-10-16,2023-10-22,KG,2.44,2.44
BlueberryFamily,ONLINE,NL-NH,3444.64,Weekly,2023-10-23,2023-10-29,KG,2.453,2.453
BlueberryFamily,ONLINE,NL-NH,3275.23,Weekly,2023-10-30,2023-11-05,KG,2.699,2.699
BlueberryFamily,ONLINE,NL-NH,3859.73,Weekly,2023-11-06,2023-11-12,KG,2.825,2.825
BlueberryFamily,ONLINE,NL-NH,3836.9,Weekly,2023-11-13,2023-11-19,KG,2.835,2.835
BlueberryFamily,ONLINE,NL-NH,4440.67,Weekly,2023-11-20,2023-11-26,KG,2.885,2.885
BlueberryFamily,ONLINE,NL-NH,3806.39,Weekly,2023-11-27,2023-12-03,KG,2.842,2.842
BlueberryFamily,ONLINE,NL-NH,3828.63,Weekly,2023-12-04,2023-12-10,KG,2.832,2.832
BlueberryFamily,ONLINE,NL-NH,4254.85,Weekly,2023-12-11,2023-12-17,KG,2.832,2.832
BlueberryFamily,ONLINE,NL-NH,3741.79,Weekly,2023-12-18,2023-12-24,KG,2.851,2.851
BlueberryFamily,ONLINE,NL-NH,3897.91,Weekly,2023-12-25,2023-12-31,KG,2.831,2.831
BlueberryFamily,ONLINE,NL-NH,3656.54,Weekly,2024-01-01,2024-01-07,KG,2.847,2.847
BlueberryFamily,ONLINE,NL-NH,3832.26,Weekly,2024-01-08,2024-01-14,KG,2.872,2.872
BlueberryFamily,ONLINE,NL-NH,3827.81,Weekly,2024-01-15,2024-01-21,KG,2.829,2.829
BlueberryFamily,ONLINE,NL-NH,3999.77,Weekly,2024-01-22,2024-01-28,KG,2.798,2.798
BlueberryFamily,ONLINE,NL-NH,3989.19,Weekly,2024-01-29,2024-02-04,KG,2.868,2.868
BlueberryFamily,ONLINE,NL-NH,3473.7799999999997,Weekly,2024-02-05,2024-02-11,KG,2.866,2.866
BlueberryFamily,ONLINE,NL-NH,3763.57,Weekly,2024-02-12,2024-02-18,KG,2.835,2.835
BlueberryFamily,ONLINE,NL-NH,3423.95,Weekly,2024-02-19,2024-02-25,KG,2.852,2.852
BlueberryFamily,ONLINE,NL-NH,3647.83,Weekly,2024-02-26,2024-03-03,KG,2.849,2.849
BlueberryFamily,ONLINE,NL-NH,4018.08,Weekly,2024-03-04,2024-03-10,KG,2.878,2.878
BlueberryFamily,ONLINE,NL-NH,3538.96,Weekly,2024-03-11,2024-03-17,KG,2.84,2.84
BlueberryFamily,ONLINE,NL-NH,3610.2400000000002,Weekly,2024-03-18,2024-03-24,KG,2.84,2.84
BlueberryFamily,ONLINE,NL-NH,3679.22,Weekly,2024-03-25,2024-03-31,KG,2.873,2.873
BlueberryFamily,ONLINE,NL-NH,3285.37,Weekly,2024-04-01,2024-04-07,KG,2.857,2.857
BlueberryFamily,ONLINE,NL-NH,3974.61,Weekly,2024-04-08,2024-04-14,KG,2.882,2.882
BlueberryFamily,ONLINE,NL-NH,2823.08,Weekly,2024-04-15,2024-04-21,KG,2.817,2.817
BlueberryFamily,ONLINE,NL-NH,3198.2,Weekly,2024-04-22,2024-04-28,KG,2.847,2.847
BlueberryFamily,ONLINE,NL-NH,3331.09,Weekly,2024-04-29,2024-05-05,KG,2.849,2.849
BlueberryFamily,ONLINE,NL-NH,3705.93,Weekly,2024-05-06,2024-05-12,KG,2.813,2.813
BlueberryFamily,ONLINE,NL-NH,3355.71,Weekly,2024-05-13,2024-05-19,KG,2.844,2.844
BlueberryFamily,ONLINE,NL-NH,2736.82,Weekly,2024-05-20,2024-05-26,KG,2.852,2.852
BlueberryFamily,ONLINE,NL-NH,2924.24,Weekly,2024-05-27,2024-06-02,KG,2.86,2.86
BlueberryFamily,ONLINE,NL-NH,3350.93,Weekly,2024-06-03,2024-06-09,KG,2.839,2.839
BlueberryFamily,ONLINE,NL-NH,2856.0699999999997,Weekly,2024-06-10,2024-06-16,KG,2.856,2.856
BlueberryFamily,ONLINE,NL-NH,3171.04,Weekly,2024-06-17,2024-06-23,KG,2.88,2.88
BlueberryFamily,ONLINE,NL-NH,3552.91,Weekly,2024-06-24,2024-06-30,KG,2.87,2.87
BlueberryFamily,ONLINE,NL-NH,2650.05,Weekly,2024-07-01,2024-07-07,KG,2.854,2.854
BlueberryFamily,ONLINE,NL-NH,3178.95,Weekly,2024-07-08,2024-07-14,KG,2.865,2.865
BlueberryFamily,ONLINE,NL-NH,3403.76,Weekly,2024-07-15,2024-07-21,KG,2.838,2.838
BlueberryFamily,ONLINE,NL-NH,3703.49,Weekly,2024-07-22,2024-07-28,KG,2.833,2.833
BlueberryFamily,ONLINE,NL-NH,3856.77,Weekly,2024-07-29,2024-08-04,KG,2.565,2.565
BlueberryFamily,ONLINE,NL-NH,4048.87,Weekly,2024-08-05,2024-08-11,KG,2.397,2.397
BlueberryFamily,ONLINE,NL-NH,3966.41,Weekly,2024-08-12,2024-08-18,KG,2.386,2.386
BlueberryFamily,ONLINE,NL-NH,3787.16,Weekly,2024-08-19,2024-08-25,KG,2.421,2.421
BlueberryFamily,ONLINE,NL-NH,4475.49,Weekly,2024-08-26,2024-09-01,KG,2.44,2.44
BlueberryFamily,ONLINE,NL-NH,4333.82,Weekly,2024-09-02,2024-09-08,KG,2.424,2.424
BlueberryFamily,ONLINE,NL-NH,3783.82,Weekly,2024-09-09,2024-09-15,KG,2.419,2.419
BlueberryFamily,ONLINE,NL-NH,4741.82,Weekly,2024-09-16,2024-09-22,KG,2.449,2.449
BlueberryFamily,ONLINE,NL-NH,3501.32,Weekly,2024-09-23,2024-09-29,KG,2.402,2.402
BlueberryFamily,ONLINE,NL-NH,3928.18,Weekly,2024-09-30,2024-10-06,KG,2.423,2.423
BlueberryFamily,ONLINE,NL-NH,4455.05,Weekly,2024-10-07,2024-10-13,KG,2.443,2.443
BlueberryFamily,ONLINE,NL-NH,4422.34,Weekly,2024-10-14,2024-10-20,KG,2.446,2.446
BlueberryFamily,ONLINE,NL-NH,4732.18,Weekly,2024-10-21,2024-10-27,KG,2.417,2.417
BlueberryFamily,ONLINE,NL-NH,4374.77,Weekly,2024-10-28,2024-11-03,KG,2.583,2.583
BlueberryFamily,ONLINE,NL-NH,4223.57,Weekly,2024-11-04,2024-11-10,KG,2.869,2.869
BlueberryFamily,ONLINE,NL-NH,4311.1900000000005,Weekly,2024-11-11,2024-11-17,KG,2.851,2.851
BlueberryFamily,ONLINE,NL-NH,3396.71,Weekly,2024-11-18,2024-11-24,KG,2.871,2.871
BlueberryFamily,ONLINE,NL-NH,4371.11,Weekly,2024-11-25,2024-12-01,KG,2.854,2.854
BlueberryFamily,ONLINE,NL-NH,3938.2599999999998,Weekly,2024-12-02,2024-12-08,KG,2.848,2.848
BlueberryFamily,ONLINE,NL-NH,4167.83,Weekly,2024-12-09,2024-12-15,KG,2.84,2.84
BlueberryFamily,ONLINE,NL-NH,3944.84,Weekly,2024-12-16,2024-12-22,KG,2.826,2.826
BlueberryFamily,ONLINE,NL-NH,4205.91,Weekly,2024-12-23,2024-12-29,KG,2.851,2.851
BlueberryFamily,ONLINE,NL-NH,3915.46,Weekly,2024-12-30,2025-01-05,KG,2.849,2.849
BlueberryFamily,ONLINE,NL-NH,3891.74,Weekly,2025-01-06,2025-01-12,KG,2.828,2.828
BlueberryFamily,ONLINE,NL-NH,4030.13,Weekly,2025-01-13,2025-01-19,KG,2.871,2.871
BlueberryFamily,ONLINE,NL-NH,3662.68,Weekly,2025-01-20,2025-01-26,KG,2.826,2.826
BlueberryFamily,ONLINE,NL-NH,4012.31,Weekly,2025-01-27,2025-02-02,KG,2.849,2.849
BlueberryFamily,ONLINE,NL-NH,4062.15,Weekly,2025-02-03,2025-02-09,KG,2.846,2.846
BlueberryFamily,ONLINE,NL-NH,3421.5299999999997,Weekly,2025-02-10,2025-02-16,KG,2.833,2.833
BlueberryFamily,ONLINE,NL-NH,4031.73,Weekly,2025-02-17,2025-02-23,KG,2.815,2.815
BlueberryFamily,ONLINE,NL-NH,3824.92,Weekly,2025-02-24,2025-03-02,KG,2.864,2.864
BlueberryFamily,ONLINE,NL-NH,4404.11,Weekly,2025-03-03,2025-03-09,KG,2.864,2.864
BlueberryFamily,ONLINE,NL-NH,3963.35,Weekly,2025-03-10,2025-03-16,KG,2.852,2.852
BlueberryFamily,ONLINE,NL-NH,4177.0,Weekly,2025-03-17,2025-03-23,KG,2.868,2.868
BlueberryFamily,ONLINE,NL-NH,3988.48,Weekly,2025-03-24,2025-03-30,KG,2.797,2.797
BlueberryFamily,ONLINE,NL-NH,4183.6,Weekly,2025-03-31,2025-04-06,KG,2.839,2.839
BlueberryFamily,ONLINE,NL-NH,3946.85,Weekly,2025-04-07,2025-04-13,KG,2.822,2.822
BlueberryFamily,ONLINE,NL-NH,3402.68,Weekly,2025-04-14,2025-04-20,KG,2.867,2.867
BlueberryFamily,ONLINE,NL-NH,3338.59,Weekly,2025-04-21,2025-04-27,KG,2.808,2.808
BlueberryFamily,ONLINE,NL-NH,3887.11,Weekly,2025-04-28,2025-05-04,KG,2.854,2.854
BlueberryFamily,ONLINE,NL-NH,3724.4700000000003,Weekly,2025-05-05,2025-05-11,KG,2.856,2.856
BlueberryFamily,ONLINE,NL-NH,3767.63,Weekly,2025-05-12,2025-05-18,KG,2.856,2.856
BlueberryFamily,ONLINE,NL-NH,3507.4700000000003,Weekly,2025-05-19,2025-05-25,KG,2.863,2.863
BlueberryFamily,ONLINE,NL-NH,3121.86,Weekly,2025-05-26,2025-06-01,KG,2.819,2.819
BlueberryFamily,ONLINE,NL-NH,2836.53,Weekly,2025-06-02,2025-06-08,KG,2.808,2.808
BlueberryFamily,ONLINE,NL-NH,3417.52,Weekly,2025-06-09,2025-06-15,KG,2.819,2.819
BlueberryFamily,ONLINE,NL-NH,3599.78,Weekly,2025-06-16,2025-06-22,KG,2.853,2.853
BlueberryFamily,ONLINE,NL-NH,3481.7200000000003,Weekly,2025-06-23,2025-06-29,KG,2.835,2.835
BlueberryFamily,ONLINE,NL-NH,3380.5299999999997,Weekly,2025-06-30,2025-07-06,KG,2.85,2.85
BlueberryFamily,ONLINE,NL-NH,3476.86,Weekly,2025-07-07,2025-07-13,KG,2.847,2.847
BlueberryFamily,ONLINE,NL-NH,3306.46,Weekly,2025-07-14,2025-07-20,KG,2.886,2.886
BlueberryFamily,ONLINE,NL-NH,3434.2,Weekly,2025-07-21,2025-07-27,KG,2.804,2.804
BlueberryFamily,ONLINE,NL-NH,3401.8,Weekly,2025-07-28,2025-08-03,KG,2.658,2.658
BlueberryFamily,ONLINE,NL-NH,3823.36,Weekly,2025-08-04,2025-08-10,KG,2.448,2.448
BlueberryFamily,ONLINE,NL-NH,3969.8,Weekly,2025-08-11,2025-08-17,KG,2.41,2.41
BlueberryFamily,ONLINE,NL-NH,4186.83,Weekly,2025-08-18,2025-08-24,KG,2.448,2.448
BlueberryFamily,ONLINE,NL-NH,4253.31,Weekly,2025-08-25,2025-08-31,KG,2.429,2.429
BlueberryFamily,ONLINE,NL-NH,4139.3,Weekly,2025-09-01,2025-09-07,KG,2.425,2.425
BlueberryFamily,ONLINE,NL-NH,4007.7400000000002,Weekly,2025-09-08,2025-09-14,KG,2.434,2.434
BlueberryFamily,ONLINE,NL-NH,3571.95,Weekly,2025-09-15,2025-09-21,KG,2.434,2.434
BlueberryFamily,ONLINE,NL-NH,4478.85,Weekly,2025-09-22,2025-09-28,KG,2.418,2.418
BlueberryFamily,ONLINE,NL-NH,3911.48,Weekly,2025-09-29,2025-10-05,KG,2.445,2.445
BlueberryFamily,ONLINE,NL-NH,4460.4,Weekly,2025-10-06,2025-10-12,KG,2.421,2.421
BlueberryFamily,ONLINE,NL-NH,4599.0,Weekly,2025-10-13,2025-10-19,KG,2.458,2.458
BlueberryFamily,ONLINE,NL-NH,3583.38,Weekly,2025-10-20,2025-10-26,KG,2.441,2.441
BlueberryFamily,ONLINE,NL-NH,3889.94,Weekly,2025-10-27,2025-11-02,KG,2.495,2.495
BlueberryFamily,ONLINE,NL-NH,4908.12,Weekly,2025-11-03,2025-11-09,KG,2.834,2.834
BlueberryFamily,ONLINE,NL-NH,4046.8,Weekly,2025-11-10,2025-11-16,KG,2.845,2.845
BlueberryFamily,ONLINE,NL-NH,3846.61,Weekly,2025-11-17,2025-11-23,KG,2.829,2.829
BlueberryFamily,ONLINE,NL-NH,4192.71,Weekly,2025-11-24,2025-11-30,KG,2.831,2.831
BlueberryFamily,ONLINE,NL-NH,3984.83,Weekly,2025-12-01,2025-12-07,KG,2.864,2.864
BlueberryFamily,ONLINE,NL-NH,4469.62,Weekly,2025-12-08,2025-12-14,KG,2.819,2.819
BlueberryFamily,ONLINE,NL-NH,4382.4,Weekly,2025-12-15,2025-12-21,KG,2.851,2.851
BlueberryFamily,ONLINE,NL-NH,4359.18,Weekly,2025-12-22,2025-12-28,KG,2.869,2.869
BlueberryFamily,ONLINE,NL-NH,3648.2,Weekly,2025-12-29,2026-01-04,KG,2.844,2.844
BlueberryFamily,ONLINE,NL-NH,3419.34,Weekly,2026-01-05,2026-01-11,KG,2.835,2.835
BlueberryFamily,ONLINE,NL-NH,3981.33,Weekly,2026-01-12,2026-01-18,KG,2.877,2.877
BlueberryFamily,ONLINE,NL-NH,4257.65,Weekly,2026-01-19,2026-01-25,KG,2.855,2.855
BlueberryFamily,ONLINE,NL-NH,3612.35,Weekly,2026-01-26,2026-02-01,KG,2.846,2.846
BlueberryFamily,ONLINE,NL-ZH,2262.67,Weekly,2023-01-30,2023-02-05,KG,2.949,2.949
BlueberryFamily,ONLINE,NL-ZH,4237.13,Weekly,2023-02-06,2023-02-12,KG,2.918,2.918
BlueberryFamily,ONLINE,NL-ZH,4135.02,Weekly,2023-02-13,2023-02-19,KG,2.937,2.937
BlueberryFamily,ONLINE,NL-ZH,3899.7799999999997,Weekly,2023-02-20,2023-02-26,KG,2.962,2.962
BlueberryFamily,ONLINE,NL-ZH,4001.15,Weekly,2023-02-27,2023-03-05,KG,2.916,2.916
BlueberryFamily,ONLINE,NL-ZH,2923.07,Weekly,2023-03-06,2023-03-12,KG,2.902,2.902
BlueberryFamily,ONLINE,NL-ZH,3760.37,Weekly,2023-03-13,2023-03-19,KG,2.926,2.926
BlueberryFamily,ONLINE,NL-ZH,3481.67,Weekly,2023-03-20,2023-03-26,KG,2.958,2.958
BlueberryFamily,ONLINE,NL-ZH,3378.59,Weekly,2023-03-27,2023-04-02,KG,2.911,2.911
BlueberryFamily,ONLINE,NL-ZH,3530.58,Weekly,2023-04-03,2023-04-09,KG,2.973,2.973
BlueberryFamily,ONLINE,NL-ZH,3353.33,Weekly,2023-04-10,2023-04-16,KG,2.898,2.898
BlueberryFamily,ONLINE,NL-ZH,3335.98,Weekly,2023-04-17,2023-04-23,KG,2.915,2.915
BlueberryFamily,ONLINE,NL-ZH,3151.91,Weekly,2023-04-24,2023-04-30,KG,2.914,2.914
BlueberryFamily,ONLINE,NL-ZH,3637.4,Weekly,2023-05-01,2023-05-07,KG,2.983,2.983
BlueberryFamily,ONLINE,NL-ZH,2842.02,Weekly,2023-05-08,2023-05-14,KG,2.896,2.896
BlueberryFamily,ONLINE,NL-ZH,3585.19,Weekly,2023-05-15,2023-05-21,KG,2.951,2.951
BlueberryFamily,ONLINE,NL-ZH,3681.63,Weekly,2023-05-22,2023-05-28,KG,2.954,2.954
BlueberryFamily,ONLINE,NL-ZH,3611.41,Weekly,2023-05-29,2023-06-04,KG,2.934,2.934
BlueberryFamily,ONLINE,NL-ZH,3634.1800000000003,Weekly,2023-06-05,2023-06-11,KG,2.903,2.903
BlueberryFamily,ONLINE,NL-ZH,3742.96,Weekly,2023-06-12,2023-06-18,KG,2.935,2.935
BlueberryFamily,ONLINE,NL-ZH,3581.9700000000003,Weekly,2023-06-19,2023-06-25,KG,2.93,2.93
BlueberryFamily,ONLINE,NL-ZH,3425.12,Weekly,2023-06-26,2023-07-02,KG,2.911,2.911
BlueberryFamily,ONLINE,NL-ZH,3420.29,Weekly,2023-07-03,2023-07-09,KG,2.928,2.928
BlueberryFamily,ONLINE,NL-ZH,3722.18,Weekly,2023-07-10,2023-07-16,KG,2.919,2.919
BlueberryFamily,ONLINE,NL-ZH,3542.33,Weekly,2023-07-17,2023-07-23,KG,2.928,2.928
BlueberryFamily,ONLINE,NL-ZH,3235.88,Weekly,2023-07-24,2023-07-30,KG,2.939,2.939
BlueberryFamily,ONLINE,NL-ZH,2955.95,Weekly,2023-07-31,2023-08-06,KG,2.562,2.562
BlueberryFamily,ONLINE,NL-ZH,3927.45,Weekly,2023-08-07,2023-08-13,KG,2.486,2.486
BlueberryFamily,ONLINE,NL-ZH,4337.74,Weekly,2023-08-14,2023-08-20,KG,2.501,2.501
BlueberryFamily,ONLINE,NL-ZH,3784.1,Weekly,2023-08-21,2023-08-27,KG,2.511,2.511
BlueberryFamily,ONLINE,NL-ZH,4200.47,Weekly,2023-08-28,2023-09-03,KG,2.505,2.505
BlueberryFamily,ONLINE,NL-ZH,4915.93,Weekly,2023-09-04,2023-09-10,KG,2.505,2.505
BlueberryFamily,ONLINE,NL-ZH,4510.17,Weekly,2023-09-11,2023-09-17,KG,2.514,2.514
BlueberryFamily,ONLINE,NL-ZH,3888.83,Weekly,2023-09-18,2023-09-24,KG,2.486,2.486
BlueberryFamily,ONLINE,NL-ZH,5058.1,Weekly,2023-09-25,2023-10-01,KG,2.504,2.504
BlueberryFamily,ONLINE,NL-ZH,4888.84,Weekly,2023-10-02,2023-10-08,KG,2.518,2.518
BlueberryFamily,ONLINE,NL-ZH,4301.45,Weekly,2023-10-09,2023-10-15,KG,2.491,2.491
BlueberryFamily,ONLINE,NL-ZH,4282.91,Weekly,2023-10-16,2023-10-22,KG,2.497,2.497
BlueberryFamily,ONLINE,NL-ZH,3483.52,Weekly,2023-10-23,2023-10-29,KG,2.467,2.467
BlueberryFamily,ONLINE,NL-ZH,3521.16,Weekly,2023-10-30,2023-11-05,KG,2.801,2.801
BlueberryFamily,ONLINE,NL-ZH,3993.36,Weekly,2023-11-06,2023-11-12,KG,2.957,2.957
BlueberryFamily,ONLINE,NL-ZH,3960.0299999999997,Weekly,2023-11-13,2023-11-19,KG,2.93,2.93
BlueberryFamily,ONLINE,NL-ZH,4421.87,Weekly,2023-11-20,2023-11-26,KG,2.943,2.943
BlueberryFamily,ONLINE,NL-ZH,3896.51,Weekly,2023-11-27,2023-12-03,KG,2.925,2.925
BlueberryFamily,ONLINE,NL-ZH,4047.42,Weekly,2023-12-04,2023-12-10,KG,2.924,2.924
BlueberryFamily,ONLINE,NL-ZH,4489.45,Weekly,2023-12-11,2023-12-17,KG,2.931,2.931
BlueberryFamily,ONLINE,NL-ZH,3868.19,Weekly,2023-12-18,2023-12-24,KG,2.909,2.909
BlueberryFamily,ONLINE,NL-ZH,4045.95,Weekly,2023-12-25,2023-12-31,KG,2.964,2.964
BlueberryFamily,ONLINE,NL-ZH,3819.44,Weekly,2024-01-01,2024-01-07,KG,2.883,2.883
BlueberryFamily,ONLINE,NL-ZH,4171.37,Weekly,2024-01-08,2024-01-14,KG,2.936,2.936
BlueberryFamily,ONLINE,NL-ZH,4130.66,Weekly,2024-01-15,2024-01-21,KG,2.945,2.945
BlueberryFamily,ONLINE,NL-ZH,4336.14,Weekly,2024-01-22,2024-01-28,KG,2.922,2.922
BlueberryFamily,ONLINE,NL-ZH,4367.83,Weekly,2024-01-29,2024-02-04,KG,2.943,2.943
BlueberryFamily,ONLINE,NL-ZH,3751.64,Weekly,2024-02-05,2024-02-11,KG,2.932,2.932
BlueberryFamily,ONLINE,NL-ZH,3836.88,Weekly,2024-02-12,2024-02-18,KG,2.905,2.905
BlueberryFamily,ONLINE,NL-ZH,3587.34,Weekly,2024-02-19,2024-02-25,KG,2.932,2.932
BlueberryFamily,ONLINE,NL-ZH,3541.9900000000002,Weekly,2024-02-26,2024-03-03,KG,2.928,2.928
BlueberryFamily,ONLINE,NL-ZH,4086.37,Weekly,2024-03-04,2024-03-10,KG,2.924,2.924
BlueberryFamily,ONLINE,NL-ZH,3702.25,Weekly,2024-03-11,2024-03-17,KG,2.93,2.93
BlueberryFamily,ONLINE,NL-ZH,3818.87,Weekly,2024-03-18,2024-03-24,KG,2.952,2.952
BlueberryFamily,ONLINE,NL-ZH,3784.46,Weekly,2024-03-25,2024-03-31,KG,2.867,2.867
BlueberryFamily,ONLINE,NL-ZH,3511.62,Weekly,2024-04-01,2024-04-07,KG,2.907,2.907
BlueberryFamily,ONLINE,NL-ZH,3750.5699999999997,Weekly,2024-04-08,2024-04-14,KG,2.926,2.926
BlueberryFamily,ONLINE,NL-ZH,2935.04,Weekly,2024-04-15,2024-04-21,KG,2.921,2.921
BlueberryFamily,ONLINE,NL-ZH,3319.39,Weekly,2024-04-22,2024-04-28,KG,2.942,2.942
BlueberryFamily,ONLINE,NL-ZH,3503.08,Weekly,2024-04-29,2024-05-05,KG,2.928,2.928
BlueberryFamily,ONLINE,NL-ZH,3761.63,Weekly,2024-05-06,2024-05-12,KG,2.946,2.946
BlueberryFamily,ONLINE,NL-ZH,3413.84,Weekly,2024-05-13,2024-05-19,KG,2.898,2.898
BlueberryFamily,ONLINE,NL-ZH,2757.12,Weekly,2024-05-20,2024-05-26,KG,2.985,2.985
BlueberryFamily,ONLINE,NL-ZH,3140.24,Weekly,2024-05-27,2024-06-02,KG,2.918,2.918
BlueberryFamily,ONLINE,NL-ZH,3301.71,Weekly,2024-06-03,2024-06-09,KG,2.944,2.944
BlueberryFamily,ONLINE,NL-ZH,3122.9900000000002,Weekly,2024-06-10,2024-06-16,KG,2.911,2.911
BlueberryFamily,ONLINE,NL-ZH,3411.96,Weekly,2024-06-17,2024-06-23,KG,2.914,2.914
BlueberryFamily,ONLINE,NL-ZH,3732.88,Weekly,2024-06-24,2024-06-30,KG,2.917,2.917
BlueberryFamily,ONLINE,NL-ZH,2753.32,Weekly,2024-07-01,2024-07-07,KG,2.909,2.909
BlueberryFamily,ONLINE,NL-ZH,3242.91,Weekly,2024-07-08,2024-07-14,KG,2.925,2.925
BlueberryFamily,ONLINE,NL-ZH,3663.52,Weekly,2024-07-15,2024-07-21,KG,2.954,2.954
BlueberryFamily,ONLINE,NL-ZH,3615.76,Weekly,2024-07-22,2024-07-28,KG,2.917,2.917
BlueberryFamily,ONLINE,NL-ZH,3708.98,Weekly,2024-07-29,2024-08-04,KG,2.689,2.689
BlueberryFamily,ONLINE,NL-ZH,4295.79,Weekly,2024-08-05,2024-08-11,KG,2.5,2.5
BlueberryFamily,ONLINE,NL-ZH,4040.56,Weekly,2024-08-12,2024-08-18,KG,2.518,2.518
BlueberryFamily,ONLINE,NL-ZH,3912.08,Weekly,2024-08-19,2024-08-25,KG,2.507,2.507
BlueberryFamily,ONLINE,NL-ZH,4521.48,Weekly,2024-08-26,2024-09-01,KG,2.493,2.493
BlueberryFamily,ONLINE,NL-ZH,4322.03,Weekly,2024-09-02,2024-09-08,KG,2.503,2.503
BlueberryFamily,ONLINE,NL-ZH,3935.13,Weekly,2024-09-09,2024-09-15,KG,2.509,2.509
BlueberryFamily,ONLINE,NL-ZH,4698.88,Weekly,2024-09-16,2024-09-22,KG,2.488,2.488
BlueberryFamily,ONLINE,NL-ZH,3535.21,Weekly,2024-09-23,2024-09-29,KG,2.509,2.509
BlueberryFamily,ONLINE,NL-ZH,4181.19,Weekly,2024-09-30,2024-10-06,KG,2.539,2.539
BlueberryFamily,ONLINE,NL-ZH,4334.78,Weekly,2024-10-07,2024-10-13,KG,2.523,2.523
BlueberryFamily,ONLINE,NL-ZH,4406.51,Weekly,2024-10-14,2024-10-20,KG,2.477,2.477
BlueberryFamily,ONLINE,NL-ZH,4765.46,Weekly,2024-10-21,2024-10-27,KG,2.502,2.502
BlueberryFamily,ONLINE,NL-ZH,4576.21,Weekly,2024-10-28,2024-11-03,KG,2.633,2.633
BlueberryFamily,ONLINE,NL-ZH,4488.17,Weekly,2024-11-04,2024-11-10,KG,2.891,2.891
BlueberryFamily,ONLINE,NL-ZH,4381.11,Weekly,2024-11-11,2024-11-17,KG,2.88,2.88
BlueberryFamily,ONLINE,NL-ZH,3631.5,Weekly,2024-11-18,2024-11-24,KG,2.956,2.956
BlueberryFamily,ONLINE,NL-ZH,4092.38,Weekly,2024-11-25,2024-12-01,KG,2.947,2.947
BlueberryFamily,ONLINE,NL-ZH,4007.2,Weekly,2024-12-02,2024-12-08,KG,2.943,2.943
BlueberryFamily,ONLINE,NL-ZH,4131.74,Weekly,2024-12-09,2024-12-15,KG,2.95,2.95
BlueberryFamily,ONLINE,NL-ZH,3969.06,Weekly,2024-12-16,2024-12-22,KG,2.93,2.93
BlueberryFamily,ONLINE,NL-ZH,4153.36,Weekly,2024-12-23,2024-12-29,KG,2.955,2.955
BlueberryFamily,ONLINE,NL-ZH,3943.0,Weekly,2024-12-30,2025-01-05,KG,2.959,2.959
BlueberryFamily,ONLINE,NL-ZH,4083.13,Weekly,2025-01-06,2025-01-12,KG,2.915,2.915
BlueberryFamily,ONLINE,NL-ZH,4101.92,Weekly,2025-01-13,2025-01-19,KG,2.939,2.939
BlueberryFamily,ONLINE,NL-ZH,3653.94,Weekly,2025-01-20,2025-01-26,KG,2.946,2.946
BlueberryFamily,ONLINE,NL-ZH,3972.67,Weekly,2025-01-27,2025-02-02,KG,2.922,2.922
BlueberryFamily,ONLINE,NL-ZH,4176.76,Weekly,2025-02-03,2025-02-09,KG,2.945,2.945
BlueberryFamily,ONLINE,NL-ZH,3679.79,Weekly,2025-02-10,2025-02-16,KG,2.942,2.942
BlueberryFamily,ONLINE,NL-ZH,4126.71,Weekly,2025-02-17,2025-02-23,KG,2.92,2.92
BlueberryFamily,ONLINE,NL-ZH,4018.4,Weekly,2025-02-24,2025-03-02,KG,2.946,2.946
BlueberryFamily,ONLINE,NL-ZH,4456.45,Weekly,2025-03-03,2025-03-09,KG,2.913,2.913
BlueberryFamily,ONLINE,NL-ZH,3924.52,Weekly,2025-03-10,2025-03-16,KG,2.951,2.951
BlueberryFamily,ONLINE,NL-ZH,4210.55,Weekly,2025-03-17,2025-03-23,KG,2.98,2.98
BlueberryFamily,ONLINE,NL-ZH,4047.04,Weekly,2025-03-24,2025-03-30,KG,2.919,2.919
BlueberryFamily,ONLINE,NL-ZH,4472.09,Weekly,2025-03-31,2025-04-06,KG,2.952,2.952
BlueberryFamily,ONLINE,NL-ZH,4193.95,Weekly,2025-04-07,2025-04-13,KG,2.971,2.971
BlueberryFamily,ONLINE,NL-ZH,3950.03,Weekly,2025-04-14,2025-04-20,KG,2.961,2.961
BlueberryFamily,ONLINE,NL-ZH,3610.79,Weekly,2025-04-21,2025-04-27,KG,2.916,2.916
BlueberryFamily,ONLINE,NL-ZH,4056.35,Weekly,2025-04-28,2025-05-04,KG,2.96,2.96
BlueberryFamily,ONLINE,NL-ZH,3771.38,Weekly,2025-05-05,2025-05-11,KG,2.947,2.947
BlueberryFamily,ONLINE,NL-ZH,3857.53,Weekly,2025-05-12,2025-05-18,KG,2.906,2.906
BlueberryFamily,ONLINE,NL-ZH,3501.41,Weekly,2025-05-19,2025-05-25,KG,2.918,2.918
BlueberryFamily,ONLINE,NL-ZH,3245.51,Weekly,2025-05-26,2025-06-01,KG,2.947,2.947
BlueberryFamily,ONLINE,NL-ZH,3085.16,Weekly,2025-06-02,2025-06-08,KG,2.906,2.906
BlueberryFamily,ONLINE,NL-ZH,3668.9700000000003,Weekly,2025-06-09,2025-06-15,KG,2.937,2.937
BlueberryFamily,ONLINE,NL-ZH,3673.05,Weekly,2025-06-16,2025-06-22,KG,2.957,2.957
BlueberryFamily,ONLINE,NL-ZH,3606.43,Weekly,2025-06-23,2025-06-29,KG,2.901,2.901
BlueberryFamily,ONLINE,NL-ZH,3541.75,Weekly,2025-06-30,2025-07-06,KG,2.953,2.953
BlueberryFamily,ONLINE,NL-ZH,3623.03,Weekly,2025-07-07,2025-07-13,KG,2.971,2.971
BlueberryFamily,ONLINE,NL-ZH,3774.84,Weekly,2025-07-14,2025-07-20,KG,2.952,2.952
BlueberryFamily,ONLINE,NL-ZH,3599.12,Weekly,2025-07-21,2025-07-27,KG,2.938,2.938
BlueberryFamily,ONLINE,NL-ZH,3540.46,Weekly,2025-07-28,2025-08-03,KG,2.73,2.73
BlueberryFamily,ONLINE,NL-ZH,4032.65,Weekly,2025-08-04,2025-08-10,KG,2.506,2.506
BlueberryFamily,ONLINE,NL-ZH,4257.92,Weekly,2025-08-11,2025-08-17,KG,2.517,2.517
BlueberryFamily,ONLINE,NL-ZH,4290.43,Weekly,2025-08-18,2025-08-24,KG,2.485,2.485
BlueberryFamily,ONLINE,NL-ZH,4133.96,Weekly,2025-08-25,2025-08-31,KG,2.552,2.552
BlueberryFamily,ONLINE,NL-ZH,4477.86,Weekly,2025-09-01,2025-09-07,KG,2.524,2.524
BlueberryFamily,ONLINE,NL-ZH,4212.06,Weekly,2025-09-08,2025-09-14,KG,2.511,2.511
BlueberryFamily,ONLINE,NL-ZH,4334.71,Weekly,2025-09-15,2025-09-21,KG,2.486,2.486
BlueberryFamily,ONLINE,NL-ZH,4738.65,Weekly,2025-09-22,2025-09-28,KG,2.454,2.454
BlueberryFamily,ONLINE,NL-ZH,4113.57,Weekly,2025-09-29,2025-10-05,KG,2.464,2.464
BlueberryFamily,ONLINE,NL-ZH,4536.89,Weekly,2025-10-06,2025-10-12,KG,2.473,2.473
BlueberryFamily,ONLINE,NL-ZH,4614.64,Weekly,2025-10-13,2025-10-19,KG,2.475,2.475
BlueberryFamily,ONLINE,NL-ZH,3937.27,Weekly,2025-10-20,2025-10-26,KG,2.479,2.479
BlueberryFamily,ONLINE,NL-ZH,4134.56,Weekly,2025-10-27,2025-11-02,KG,2.597,2.597
BlueberryFamily,ONLINE,NL-ZH,5099.25,Weekly,2025-11-03,2025-11-09,KG,2.916,2.916
BlueberryFamily,ONLINE,NL-ZH,4251.87,Weekly,2025-11-10,2025-11-16,KG,2.921,2.921
BlueberryFamily,ONLINE,NL-ZH,3771.54,Weekly,2025-11-17,2025-11-23,KG,2.93,2.93
BlueberryFamily,ONLINE,NL-ZH,4376.2,Weekly,2025-11-24,2025-11-30,KG,2.937,2.937
BlueberryFamily,ONLINE,NL-ZH,4239.22,Weekly,2025-12-01,2025-12-07,KG,2.935,2.935
BlueberryFamily,ONLINE,NL-ZH,4583.96,Weekly,2025-12-08,2025-12-14,KG,2.932,2.932
BlueberryFamily,ONLINE,NL-ZH,4581.59,Weekly,2025-12-15,2025-12-21,KG,2.933,2.933
BlueberryFamily,ONLINE,NL-ZH,4205.83,Weekly,2025-12-22,2025-12-28,KG,2.942,2.942
BlueberryFamily,ONLINE,NL-ZH,3993.51,Weekly,2025-12-29,2026-01-04,KG,2.915,2.915
BlueberryFamily,ONLINE,NL-ZH,3463.86,Weekly,2026-01-05,2026-01-11,KG,2.982,2.982
BlueberryFamily,ONLINE,NL-ZH,4263.62,Weekly,2026-01-12,2026-01-18,KG,2.896,2.896
BlueberryFamily,ONLINE,NL-ZH,4454.29,Weekly,2026-01-19,2026-01-25,KG,2.936,2.936
BlueberryFamily,ONLINE,NL-ZH,3952.4,Weekly,2026-01-26,2026-02-01,KG,2.945,2.945
BlueberryFamily,RETAIL,NL-GE,4237.05,Weekly,2023-01-30,2023-02-05,KG,2.67,2.67
BlueberryFamily,RETAIL,NL-GE,7685.41,Weekly,2023-02-06,2023-02-12,KG,2.679,2.679
BlueberryFamily,RETAIL,NL-GE,7197.96,Weekly,2023-02-13,2023-02-19,KG,2.659,2.659
BlueberryFamily,RETAIL,NL-GE,7107.0,Weekly,2023-02-20,2023-02-26,KG,2.667,2.667
BlueberryFamily,RETAIL,NL-GE,7283.46,Weekly,2023-02-27,2023-03-05,KG,2.658,2.658
BlueberryFamily,RETAIL,NL-GE,5585.89,Weekly,2023-03-06,2023-03-12,KG,2.695,2.695
BlueberryFamily,RETAIL,NL-GE,7158.14,Weekly,2023-03-13,2023-03-19,KG,2.668,2.668
BlueberryFamily,RETAIL,NL-GE,5907.27,Weekly,2023-03-20,2023-03-26,KG,2.657,2.657
BlueberryFamily,RETAIL,NL-GE,6036.28,Weekly,2023-03-27,2023-04-02,KG,2.712,2.712
BlueberryFamily,RETAIL,NL-GE,6599.400000000001,Weekly,2023-04-03,2023-04-09,KG,2.64,2.64
BlueberryFamily,RETAIL,NL-GE,6020.26,Weekly,2023-04-10,2023-04-16,KG,2.64,2.64
BlueberryFamily,RETAIL,NL-GE,6261.09,Weekly,2023-04-17,2023-04-23,KG,2.635,2.635
BlueberryFamily,RETAIL,NL-GE,6271.469999999999,Weekly,2023-04-24,2023-04-30,KG,2.689,2.689
BlueberryFamily,RETAIL,NL-GE,6124.5199999999995,Weekly,2023-05-01,2023-05-07,KG,2.665,2.665
BlueberryFamily,RETAIL,NL-GE,5645.82,Weekly,2023-05-08,2023-05-14,KG,2.644,2.644
BlueberryFamily,RETAIL,NL-GE,6890.28,Weekly,2023-05-15,2023-05-21,KG,2.682,2.682
BlueberryFamily,RETAIL,NL-GE,6670.81,Weekly,2023-05-22,2023-05-28,KG,2.694,2.694
BlueberryFamily,RETAIL,NL-GE,6745.65,Weekly,2023-05-29,2023-06-04,KG,2.664,2.664
BlueberryFamily,RETAIL,NL-GE,6886.42,Weekly,2023-06-05,2023-06-11,KG,2.695,2.695
BlueberryFamily,RETAIL,NL-GE,6504.56,Weekly,2023-06-12,2023-06-18,KG,2.655,2.655
BlueberryFamily,RETAIL,NL-GE,6162.24,Weekly,2023-06-19,2023-06-25,KG,2.673,2.673
BlueberryFamily,RETAIL,NL-GE,6175.31,Weekly,2023-06-26,2023-07-02,KG,2.643,2.643
BlueberryFamily,RETAIL,NL-GE,6480.1,Weekly,2023-07-03,2023-07-09,KG,2.682,2.682
BlueberryFamily,RETAIL,NL-GE,6877.43,Weekly,2023-07-10,2023-07-16,KG,2.695,2.695
BlueberryFamily,RETAIL,NL-GE,6126.8,Weekly,2023-07-17,2023-07-23,KG,2.673,2.673
BlueberryFamily,RETAIL,NL-GE,5492.75,Weekly,2023-07-24,2023-07-30,KG,2.655,2.655
BlueberryFamily,RETAIL,NL-GE,5230.17,Weekly,2023-07-31,2023-08-06,KG,2.324,2.324
BlueberryFamily,RETAIL,NL-GE,7050.139999999999,Weekly,2023-08-07,2023-08-13,KG,2.29,2.29
BlueberryFamily,RETAIL,NL-GE,7592.15,Weekly,2023-08-14,2023-08-20,KG,2.283,2.283
BlueberryFamily,RETAIL,NL-GE,7367.39,Weekly,2023-08-21,2023-08-27,KG,2.304,2.304
BlueberryFamily,RETAIL,NL-GE,7773.9,Weekly,2023-08-28,2023-09-03,KG,2.288,2.288
BlueberryFamily,RETAIL,NL-GE,8619.82,Weekly,2023-09-04,2023-09-10,KG,2.302,2.302
BlueberryFamily,RETAIL,NL-GE,7713.61,Weekly,2023-09-11,2023-09-17,KG,2.256,2.256
BlueberryFamily,RETAIL,NL-GE,7490.89,Weekly,2023-09-18,2023-09-24,KG,2.303,2.303
BlueberryFamily,RETAIL,NL-GE,8914.87,Weekly,2023-09-25,2023-10-01,KG,2.263,2.263
BlueberryFamily,RETAIL,NL-GE,8696.57,Weekly,2023-10-02,2023-10-08,KG,2.293,2.293
BlueberryFamily,RETAIL,NL-GE,7683.23,Weekly,2023-10-09,2023-10-15,KG,2.274,2.274
BlueberryFamily,RETAIL,NL-GE,7008.59,Weekly,2023-10-16,2023-10-22,KG,2.297,2.297
BlueberryFamily,RETAIL,NL-GE,6824.860000000001,Weekly,2023-10-23,2023-10-29,KG,2.258,2.258
BlueberryFamily,RETAIL,NL-GE,7096.2,Weekly,2023-10-30,2023-11-05,KG,2.561,2.561
BlueberryFamily,RETAIL,NL-GE,7407.44,Weekly,2023-11-06,2023-11-12,KG,2.716,2.716
BlueberryFamily,RETAIL,NL-GE,7253.58,Weekly,2023-11-13,2023-11-19,KG,2.666,2.666
BlueberryFamily,RETAIL,NL-GE,7381.26,Weekly,2023-11-20,2023-11-26,KG,2.671,2.671
BlueberryFamily,RETAIL,NL-GE,6691.71,Weekly,2023-11-27,2023-12-03,KG,2.67,2.67
BlueberryFamily,RETAIL,NL-GE,7027.099999999999,Weekly,2023-12-04,2023-12-10,KG,2.687,2.687
BlueberryFamily,RETAIL,NL-GE,7845.81,Weekly,2023-12-11,2023-12-17,KG,2.636,2.636
BlueberryFamily,RETAIL,NL-GE,6680.26,Weekly,2023-12-18,2023-12-24,KG,2.686,2.686
BlueberryFamily,RETAIL,NL-GE,7042.37,Weekly,2023-12-25,2023-12-31,KG,2.705,2.705
BlueberryFamily,RETAIL,NL-GE,6742.48,Weekly,2024-01-01,2024-01-07,KG,2.712,2.712
BlueberryFamily,RETAIL,NL-GE,7077.74,Weekly,2024-01-08,2024-01-14,KG,2.711,2.711
BlueberryFamily,RETAIL,NL-GE,7313.19,Weekly,2024-01-15,2024-01-21,KG,2.67,2.67
BlueberryFamily,RETAIL,NL-GE,7506.35,Weekly,2024-01-22,2024-01-28,KG,2.668,2.668
BlueberryFamily,RETAIL,NL-GE,7459.85,Weekly,2024-01-29,2024-02-04,KG,2.68,2.68
BlueberryFamily,RETAIL,NL-GE,6076.9400000000005,Weekly,2024-02-05,2024-02-11,KG,2.662,2.662
BlueberryFamily,RETAIL,NL-GE,7062.28,Weekly,2024-02-12,2024-02-18,KG,2.66,2.66
BlueberryFamily,RETAIL,NL-GE,6333.52,Weekly,2024-02-19,2024-02-25,KG,2.647,2.647
BlueberryFamily,RETAIL,NL-GE,6895.54,Weekly,2024-02-26,2024-03-03,KG,2.676,2.676
BlueberryFamily,RETAIL,NL-GE,7760.49,Weekly,2024-03-04,2024-03-10,KG,2.703,2.703
BlueberryFamily,RETAIL,NL-GE,6870.1,Weekly,2024-03-11,2024-03-17,KG,2.682,2.682
BlueberryFamily,RETAIL,NL-GE,6615.66,Weekly,2024-03-18,2024-03-24,KG,2.642,2.642
BlueberryFamily,RETAIL,NL-GE,6476.64,Weekly,2024-03-25,2024-03-31,KG,2.666,2.666
BlueberryFamily,RETAIL,NL-GE,6517.2,Weekly,2024-04-01,2024-04-07,KG,2.678,2.678
BlueberryFamily,RETAIL,NL-GE,6772.65,Weekly,2024-04-08,2024-04-14,KG,2.675,2.675
BlueberryFamily,RETAIL,NL-GE,5122.45,Weekly,2024-04-15,2024-04-21,KG,2.681,2.681
BlueberryFamily,RETAIL,NL-GE,6494.47,Weekly,2024-04-22,2024-04-28,KG,2.692,2.692
BlueberryFamily,RETAIL,NL-GE,6637.1,Weekly,2024-04-29,2024-05-05,KG,2.705,2.705
BlueberryFamily,RETAIL,NL-GE,6967.78,Weekly,2024-05-06,2024-05-12,KG,2.689,2.689
BlueberryFamily,RETAIL,NL-GE,6365.83,Weekly,2024-05-13,2024-05-19,KG,2.635,2.635
BlueberryFamily,RETAIL,NL-GE,5519.3,Weekly,2024-05-20,2024-05-26,KG,2.712,2.712
BlueberryFamily,RETAIL,NL-GE,5636.3,Weekly,2024-05-27,2024-06-02,KG,2.729,2.729
BlueberryFamily,RETAIL,NL-GE,6552.25,Weekly,2024-06-03,2024-06-09,KG,2.671,2.671
BlueberryFamily,RETAIL,NL-GE,5437.86,Weekly,2024-06-10,2024-06-16,KG,2.689,2.689
BlueberryFamily,RETAIL,NL-GE,5836.94,Weekly,2024-06-17,2024-06-23,KG,2.662,2.662
BlueberryFamily,RETAIL,NL-GE,6171.01,Weekly,2024-06-24,2024-06-30,KG,2.697,2.697
BlueberryFamily,RETAIL,NL-GE,6102.76,Weekly,2024-07-01,2024-07-07,KG,2.647,2.647
BlueberryFamily,RETAIL,NL-GE,5983.73,Weekly,2024-07-08,2024-07-14,KG,2.642,2.642
BlueberryFamily,RETAIL,NL-GE,6716.07,Weekly,2024-07-15,2024-07-21,KG,2.665,2.665
BlueberryFamily,RETAIL,NL-GE,6709.06,Weekly,2024-07-22,2024-07-28,KG,2.67,2.67
BlueberryFamily,RETAIL,NL-GE,6935.1900000000005,Weekly,2024-07-29,2024-08-04,KG,2.443,2.443
BlueberryFamily,RETAIL,NL-GE,7252.8099999999995,Weekly,2024-08-05,2024-08-11,KG,2.27,2.27
BlueberryFamily,RETAIL,NL-GE,7048.87,Weekly,2024-08-12,2024-08-18,KG,2.269,2.269
BlueberryFamily,RETAIL,NL-GE,7382.92,Weekly,2024-08-19,2024-08-25,KG,2.301,2.301
BlueberryFamily,RETAIL,NL-GE,8033.92,Weekly,2024-08-26,2024-09-01,KG,2.266,2.266
BlueberryFamily,RETAIL,NL-GE,7713.74,Weekly,2024-09-02,2024-09-08,KG,2.306,2.306
BlueberryFamily,RETAIL,NL-GE,6992.0599999999995,Weekly,2024-09-09,2024-09-15,KG,2.312,2.312
BlueberryFamily,RETAIL,NL-GE,9106.59,Weekly,2024-09-16,2024-09-22,KG,2.307,2.307
BlueberryFamily,RETAIL,NL-GE,7497.68,Weekly,2024-09-23,2024-09-29,KG,2.296,2.296
BlueberryFamily,RETAIL,NL-GE,7806.33,Weekly,2024-09-30,2024-10-06,KG,2.264,2.264
BlueberryFamily,RETAIL,NL-GE,7332.900000000001,Weekly,2024-10-07,2024-10-13,KG,2.286,2.286
BlueberryFamily,RETAIL,NL-GE,8309.57,Weekly,2024-10-14,2024-10-20,KG,2.266,2.266
BlueberryFamily,RETAIL,NL-GE,8540.19,Weekly,2024-10-21,2024-10-27,KG,2.293,2.293
BlueberryFamily,RETAIL,NL-GE,7993.05,Weekly,2024-10-28,2024-11-03,KG,2.454,2.454
BlueberryFamily,RETAIL,NL-GE,7836.91,Weekly,2024-11-04,2024-11-10,KG,2.704,2.704
BlueberryFamily,RETAIL,NL-GE,7728.33,Weekly,2024-11-11,2024-11-17,KG,2.66,2.66
BlueberryFamily,RETAIL,NL-GE,7165.35,Weekly,2024-11-18,2024-11-24,KG,2.659,2.659
BlueberryFamily,RETAIL,NL-GE,7952.01,Weekly,2024-11-25,2024-12-01,KG,2.659,2.659
BlueberryFamily,RETAIL,NL-GE,7458.049999999999,Weekly,2024-12-02,2024-12-08,KG,2.656,2.656
BlueberryFamily,RETAIL,NL-GE,7347.94,Weekly,2024-12-09,2024-12-15,KG,2.656,2.656
BlueberryFamily,RETAIL,NL-GE,7345.29,Weekly,2024-12-16,2024-12-22,KG,2.665,2.665
BlueberryFamily,RETAIL,NL-GE,7325.99,Weekly,2024-12-23,2024-12-29,KG,2.662,2.662
BlueberryFamily,RETAIL,NL-GE,7099.39,Weekly,2024-12-30,2025-01-05,KG,2.688,2.688
BlueberryFamily,RETAIL,NL-GE,7432.06,Weekly,2025-01-06,2025-01-12,KG,2.67,2.67
BlueberryFamily,RETAIL,NL-GE,7386.04,Weekly,2025-01-13,2025-01-19,KG,2.7,2.7
BlueberryFamily,RETAIL,NL-GE,6689.58,Weekly,2025-01-20,2025-01-26,KG,2.674,2.674
BlueberryFamily,RETAIL,NL-GE,7477.17,Weekly,2025-01-27,2025-02-02,KG,2.68,2.68
BlueberryFamily,RETAIL,NL-GE,7724.54,Weekly,2025-02-03,2025-02-09,KG,2.643,2.643
BlueberryFamily,RETAIL,NL-GE,6496.01,Weekly,2025-02-10,2025-02-16,KG,2.662,2.662
BlueberryFamily,RETAIL,NL-GE,7691.610000000001,Weekly,2025-02-17,2025-02-23,KG,2.711,2.711
BlueberryFamily,RETAIL,NL-GE,6899.55,Weekly,2025-02-24,2025-03-02,KG,2.648,2.648
BlueberryFamily,RETAIL,NL-GE,8196.54,Weekly,2025-03-03,2025-03-09,KG,2.72,2.72
BlueberryFamily,RETAIL,NL-GE,7247.26,Weekly,2025-03-10,2025-03-16,KG,2.69,2.69
BlueberryFamily,RETAIL,NL-GE,7920.45,Weekly,2025-03-17,2025-03-23,KG,2.665,2.665
BlueberryFamily,RETAIL,NL-GE,7326.21,Weekly,2025-03-24,2025-03-30,KG,2.682,2.682
BlueberryFamily,RETAIL,NL-GE,7733.2,Weekly,2025-03-31,2025-04-06,KG,2.661,2.661
BlueberryFamily,RETAIL,NL-GE,7083.65,Weekly,2025-04-07,2025-04-13,KG,2.62,2.62
BlueberryFamily,RETAIL,NL-GE,6161.92,Weekly,2025-04-14,2025-04-20,KG,2.685,2.685
BlueberryFamily,RETAIL,NL-GE,6477.88,Weekly,2025-04-21,2025-04-27,KG,2.682,2.682
BlueberryFamily,RETAIL,NL-GE,7178.34,Weekly,2025-04-28,2025-05-04,KG,2.657,2.657
BlueberryFamily,RETAIL,NL-GE,6826.1900000000005,Weekly,2025-05-05,2025-05-11,KG,2.679,2.679
BlueberryFamily,RETAIL,NL-GE,6802.65,Weekly,2025-05-12,2025-05-18,KG,2.671,2.671
BlueberryFamily,RETAIL,NL-GE,6106.65,Weekly,2025-05-19,2025-05-25,KG,2.665,2.665
BlueberryFamily,RETAIL,NL-GE,5595.38,Weekly,2025-05-26,2025-06-01,KG,2.646,2.646
BlueberryFamily,RETAIL,NL-GE,5524.46,Weekly,2025-06-02,2025-06-08,KG,2.663,2.663
BlueberryFamily,RETAIL,NL-GE,6319.65,Weekly,2025-06-09,2025-06-15,KG,2.663,2.663
BlueberryFamily,RETAIL,NL-GE,6718.77,Weekly,2025-06-16,2025-06-22,KG,2.671,2.671
BlueberryFamily,RETAIL,NL-GE,6128.43,Weekly,2025-06-23,2025-06-29,KG,2.678,2.678
BlueberryFamily,RETAIL,NL-GE,6284.88,Weekly,2025-06-30,2025-07-06,KG,2.723,2.723
BlueberryFamily,RETAIL,NL-GE,7111.16,Weekly,2025-07-07,2025-07-13,KG,2.663,2.663
BlueberryFamily,RETAIL,NL-GE,6482.5199999999995,Weekly,2025-07-14,2025-07-20,KG,2.694,2.694
BlueberryFamily,RETAIL,NL-GE,6715.68,Weekly,2025-07-21,2025-07-27,KG,2.674,2.674
BlueberryFamily,RETAIL,NL-GE,6601.1,Weekly,2025-07-28,2025-08-03,KG,2.542,2.542
BlueberryFamily,RETAIL,NL-GE,7339.02,Weekly,2025-08-04,2025-08-10,KG,2.305,2.305
BlueberryFamily,RETAIL,NL-GE,7018.42,Weekly,2025-08-11,2025-08-17,KG,2.306,2.306
BlueberryFamily,RETAIL,NL-GE,7681.9,Weekly,2025-08-18,2025-08-24,KG,2.294,2.294
BlueberryFamily,RETAIL,NL-GE,7943.02,Weekly,2025-08-25,2025-08-31,KG,2.308,2.308
BlueberryFamily,RETAIL,NL-GE,8361.99,Weekly,2025-09-01,2025-09-07,KG,2.298,2.298
BlueberryFamily,RETAIL,NL-GE,7229.469999999999,Weekly,2025-09-08,2025-09-14,KG,2.308,2.308
BlueberryFamily,RETAIL,NL-GE,7291.71,Weekly,2025-09-15,2025-09-21,KG,2.274,2.274
BlueberryFamily,RETAIL,NL-GE,8557.96,Weekly,2025-09-22,2025-09-28,KG,2.267,2.267
BlueberryFamily,RETAIL,NL-GE,7486.37,Weekly,2025-09-29,2025-10-05,KG,2.308,2.308
BlueberryFamily,RETAIL,NL-GE,8128.41,Weekly,2025-10-06,2025-10-12,KG,2.307,2.307
BlueberryFamily,RETAIL,NL-GE,8518.7,Weekly,2025-10-13,2025-10-19,KG,2.26,2.26
BlueberryFamily,RETAIL,NL-GE,7347.12,Weekly,2025-10-20,2025-10-26,KG,2.264,2.264
BlueberryFamily,RETAIL,NL-GE,7001.17,Weekly,2025-10-27,2025-11-02,KG,2.374,2.374
BlueberryFamily,RETAIL,NL-GE,9135.32,Weekly,2025-11-03,2025-11-09,KG,2.659,2.659
BlueberryFamily,RETAIL,NL-GE,7274.83,Weekly,2025-11-10,2025-11-16,KG,2.698,2.698
BlueberryFamily,RETAIL,NL-GE,7604.24,Weekly,2025-11-17,2025-11-23,KG,2.673,2.673
BlueberryFamily,RETAIL,NL-GE,7738.41,Weekly,2025-11-24,2025-11-30,KG,2.665,2.665
BlueberryFamily,RETAIL,NL-GE,7126.85,Weekly,2025-12-01,2025-12-07,KG,2.66,2.66
BlueberryFamily,RETAIL,NL-GE,8273.05,Weekly,2025-12-08,2025-12-14,KG,2.663,2.663
BlueberryFamily,RETAIL,NL-GE,8389.289999999999,Weekly,2025-12-15,2025-12-21,KG,2.668,2.668
BlueberryFamily,RETAIL,NL-GE,7726.32,Weekly,2025-12-22,2025-12-28,KG,2.7,2.7
BlueberryFamily,RETAIL,NL-GE,7024.07,Weekly,2025-12-29,2026-01-04,KG,2.663,2.663
BlueberryFamily,RETAIL,NL-GE,6476.88,Weekly,2026-01-05,2026-01-11,KG,2.672,2.672
BlueberryFamily,RETAIL,NL-GE,8066.49,Weekly,2026-01-12,2026-01-18,KG,2.667,2.667
BlueberryFamily,RETAIL,NL-GE,7754.32,Weekly,2026-01-19,2026-01-25,KG,2.66,2.66
BlueberryFamily,RETAIL,NL-GE,7024.87,Weekly,2026-01-26,2026-02-01,KG,2.685,2.685
BlueberryFamily,RETAIL,NL-NB,4882.55,Weekly,2023-01-30,2023-02-05,KG,2.751,2.751
BlueberryFamily,RETAIL,NL-NB,7526.24,Weekly,2023-02-06,2023-02-12,KG,2.759,2.759
BlueberryFamily,RETAIL,NL-NB,7614.58,Weekly,2023-02-13,2023-02-19,KG,2.758,2.758
BlueberryFamily,RETAIL,NL-NB,7076.91,Weekly,2023-02-20,2023-02-26,KG,2.764,2.764
BlueberryFamily,RETAIL,NL-NB,7056.06,Weekly,2023-02-27,2023-03-05,KG,2.778,2.778
BlueberryFamily,RETAIL,NL-NB,6105.66,Weekly,2023-03-06,2023-03-12,KG,2.75,2.75
BlueberryFamily,RETAIL,NL-NB,7338.78,Weekly,2023-03-13,2023-03-19,KG,2.756,2.756
BlueberryFamily,RETAIL,NL-NB,5758.66,Weekly,2023-03-20,2023-03-26,KG,2.775,2.775
BlueberryFamily,RETAIL,NL-NB,6146.55,Weekly,2023-03-27,2023-04-02,KG,2.756,2.756
BlueberryFamily,RETAIL,NL-NB,6884.1,Weekly,2023-04-03,2023-04-09,KG,2.705,2.705
BlueberryFamily,RETAIL,NL-NB,6293.54,Weekly,2023-04-10,2023-04-16,KG,2.766,2.766
BlueberryFamily,RETAIL,NL-NB,6255.61,Weekly,2023-04-17,2023-04-23,KG,2.777,2.777
BlueberryFamily,RETAIL,NL-NB,6282.61,Weekly,2023-04-24,2023-04-30,KG,2.797,2.797
BlueberryFamily,RETAIL,NL-NB,6648.3099999999995,Weekly,2023-05-01,2023-05-07,KG,2.753,2.753
BlueberryFamily,RETAIL,NL-NB,5810.92,Weekly,2023-05-08,2023-05-14,KG,2.738,2.738
BlueberryFamily,RETAIL,NL-NB,6810.19,Weekly,2023-05-15,2023-05-21,KG,2.749,2.749
BlueberryFamily,RETAIL,NL-NB,6915.68,Weekly,2023-05-22,2023-05-28,KG,2.781,2.781
BlueberryFamily,RETAIL,NL-NB,6881.22,Weekly,2023-05-29,2023-06-04,KG,2.736,2.736
BlueberryFamily,RETAIL,NL-NB,6745.51,Weekly,2023-06-05,2023-06-11,KG,2.756,2.756
BlueberryFamily,RETAIL,NL-NB,6773.78,Weekly,2023-06-12,2023-06-18,KG,2.761,2.761
BlueberryFamily,RETAIL,NL-NB,6243.79,Weekly,2023-06-19,2023-06-25,KG,2.82,2.82
BlueberryFamily,RETAIL,NL-NB,6313.7,Weekly,2023-06-26,2023-07-02,KG,2.768,2.768
BlueberryFamily,RETAIL,NL-NB,6874.83,Weekly,2023-07-03,2023-07-09,KG,2.751,2.751
BlueberryFamily,RETAIL,NL-NB,7149.19,Weekly,2023-07-10,2023-07-16,KG,2.739,2.739
BlueberryFamily,RETAIL,NL-NB,6721.38,Weekly,2023-07-17,2023-07-23,KG,2.756,2.756
BlueberryFamily,RETAIL,NL-NB,5887.94,Weekly,2023-07-24,2023-07-30,KG,2.765,2.765
BlueberryFamily,RETAIL,NL-NB,5354.22,Weekly,2023-07-31,2023-08-06,KG,2.417,2.417
BlueberryFamily,RETAIL,NL-NB,7196.24,Weekly,2023-08-07,2023-08-13,KG,2.369,2.369
BlueberryFamily,RETAIL,NL-NB,8058.5,Weekly,2023-08-14,2023-08-20,KG,2.354,2.354
BlueberryFamily,RETAIL,NL-NB,7454.84,Weekly,2023-08-21,2023-08-27,KG,2.353,2.353
BlueberryFamily,RETAIL,NL-NB,7799.97,Weekly,2023-08-28,2023-09-03,KG,2.345,2.345
BlueberryFamily,RETAIL,NL-NB,8705.57,Weekly,2023-09-04,2023-09-10,KG,2.398,2.398
BlueberryFamily,RETAIL,NL-NB,8212.82,Weekly,2023-09-11,2023-09-17,KG,2.345,2.345
BlueberryFamily,RETAIL,NL-NB,8203.44,Weekly,2023-09-18,2023-09-24,KG,2.338,2.338
BlueberryFamily,RETAIL,NL-NB,9023.37,Weekly,2023-09-25,2023-10-01,KG,2.34,2.34
BlueberryFamily,RETAIL,NL-NB,8877.47,Weekly,2023-10-02,2023-10-08,KG,2.339,2.339
BlueberryFamily,RETAIL,NL-NB,7769.58,Weekly,2023-10-09,2023-10-15,KG,2.332,2.332
BlueberryFamily,RETAIL,NL-NB,8064.33,Weekly,2023-10-16,2023-10-22,KG,2.344,2.344
BlueberryFamily,RETAIL,NL-NB,7475.2,Weekly,2023-10-23,2023-10-29,KG,2.36,2.36
BlueberryFamily,RETAIL,NL-NB,7402.02,Weekly,2023-10-30,2023-11-05,KG,2.676,2.676
BlueberryFamily,RETAIL,NL-NB,8338.61,Weekly,2023-11-06,2023-11-12,KG,2.776,2.776
BlueberryFamily,RETAIL,NL-NB,7362.75,Weekly,2023-11-13,2023-11-19,KG,2.734,2.734
BlueberryFamily,RETAIL,NL-NB,7725.62,Weekly,2023-11-20,2023-11-26,KG,2.762,2.762
BlueberryFamily,RETAIL,NL-NB,7418.26,Weekly,2023-11-27,2023-12-03,KG,2.739,2.739
BlueberryFamily,RETAIL,NL-NB,7631.18,Weekly,2023-12-04,2023-12-10,KG,2.798,2.798
BlueberryFamily,RETAIL,NL-NB,8214.65,Weekly,2023-12-11,2023-12-17,KG,2.77,2.77
BlueberryFamily,RETAIL,NL-NB,6811.04,Weekly,2023-12-18,2023-12-24,KG,2.74,2.74
BlueberryFamily,RETAIL,NL-NB,7785.14,Weekly,2023-12-25,2023-12-31,KG,2.748,2.748
BlueberryFamily,RETAIL,NL-NB,7353.59,Weekly,2024-01-01,2024-01-07,KG,2.765,2.765
BlueberryFamily,RETAIL,NL-NB,7299.33,Weekly,2024-01-08,2024-01-14,KG,2.769,2.769
BlueberryFamily,RETAIL,NL-NB,7472.97,Weekly,2024-01-15,2024-01-21,KG,2.758,2.758
BlueberryFamily,RETAIL,NL-NB,7731.37,Weekly,2024-01-22,2024-01-28,KG,2.793,2.793
BlueberryFamily,RETAIL,NL-NB,7972.36,Weekly,2024-01-29,2024-02-04,KG,2.748,2.748
BlueberryFamily,RETAIL,NL-NB,6736.08,Weekly,2024-02-05,2024-02-11,KG,2.759,2.759
BlueberryFamily,RETAIL,NL-NB,6946.21,Weekly,2024-02-12,2024-02-18,KG,2.765,2.765
BlueberryFamily,RETAIL,NL-NB,6911.37,Weekly,2024-02-19,2024-02-25,KG,2.792,2.792
BlueberryFamily,RETAIL,NL-NB,7115.66,Weekly,2024-02-26,2024-03-03,KG,2.804,2.804
BlueberryFamily,RETAIL,NL-NB,7995.88,Weekly,2024-03-04,2024-03-10,KG,2.778,2.778
BlueberryFamily,RETAIL,NL-NB,6787.599999999999,Weekly,2024-03-11,2024-03-17,KG,2.783,2.783
BlueberryFamily,RETAIL,NL-NB,6676.91,Weekly,2024-03-18,2024-03-24,KG,2.739,2.739
BlueberryFamily,RETAIL,NL-NB,6764.31,Weekly,2024-03-25,2024-03-31,KG,2.759,2.759
BlueberryFamily,RETAIL,NL-NB,6644.45,Weekly,2024-04-01,2024-04-07,KG,2.762,2.762
BlueberryFamily,RETAIL,NL-NB,6844.71,Weekly,2024-04-08,2024-04-14,KG,2.768,2.768
BlueberryFamily,RETAIL,NL-NB,5424.09,Weekly,2024-04-15,2024-04-21,KG,2.779,2.779
BlueberryFamily,RETAIL,NL-NB,6085.79,Weekly,2024-04-22,2024-04-28,KG,2.757,2.757
BlueberryFamily,RETAIL,NL-NB,6093.5,Weekly,2024-04-29,2024-05-05,KG,2.759,2.759
BlueberryFamily,RETAIL,NL-NB,6641.64,Weekly,2024-05-06,2024-05-12,KG,2.746,2.746
BlueberryFamily,RETAIL,NL-NB,5744.81,Weekly,2024-05-13,2024-05-19,KG,2.727,2.727
BlueberryFamily,RETAIL,NL-NB,5699.77,Weekly,2024-05-20,2024-05-26,KG,2.724,2.724
BlueberryFamily,RETAIL,NL-NB,6042.63,Weekly,2024-05-27,2024-06-02,KG,2.792,2.792
BlueberryFamily,RETAIL,NL-NB,6655.530000000001,Weekly,2024-06-03,2024-06-09,KG,2.727,2.727
BlueberryFamily,RETAIL,NL-NB,5388.69,Weekly,2024-06-10,2024-06-16,KG,2.779,2.779
BlueberryFamily,RETAIL,NL-NB,6183.58,Weekly,2024-06-17,2024-06-23,KG,2.756,2.756
BlueberryFamily,RETAIL,NL-NB,6924.389999999999,Weekly,2024-06-24,2024-06-30,KG,2.778,2.778
BlueberryFamily,RETAIL,NL-NB,6156.4,Weekly,2024-07-01,2024-07-07,KG,2.79,2.79
BlueberryFamily,RETAIL,NL-NB,6289.639999999999,Weekly,2024-07-08,2024-07-14,KG,2.743,2.743
BlueberryFamily,RETAIL,NL-NB,7420.83,Weekly,2024-07-15,2024-07-21,KG,2.762,2.762
BlueberryFamily,RETAIL,NL-NB,6302.27,Weekly,2024-07-22,2024-07-28,KG,2.78,2.78
BlueberryFamily,RETAIL,NL-NB,6879.75,Weekly,2024-07-29,2024-08-04,KG,2.532,2.532
BlueberryFamily,RETAIL,NL-NB,7533.09,Weekly,2024-08-05,2024-08-11,KG,2.379,2.379
BlueberryFamily,RETAIL,NL-NB,7358.0599999999995,Weekly,2024-08-12,2024-08-18,KG,2.367,2.367
BlueberryFamily,RETAIL,NL-NB,7397.7,Weekly,2024-08-19,2024-08-25,KG,2.371,2.371
BlueberryFamily,RETAIL,NL-NB,8180.81,Weekly,2024-08-26,2024-09-01,KG,2.351,2.351
BlueberryFamily,RETAIL,NL-NB,8056.12,Weekly,2024-09-02,2024-09-08,KG,2.357,2.357
BlueberryFamily,RETAIL,NL-NB,7400.28,Weekly,2024-09-09,2024-09-15,KG,2.352,2.352
BlueberryFamily,RETAIL,NL-NB,9077.130000000001,Weekly,2024-09-16,2024-09-22,KG,2.347,2.347
BlueberryFamily,RETAIL,NL-NB,7680.14,Weekly,2024-09-23,2024-09-29,KG,2.335,2.335
BlueberryFamily,RETAIL,NL-NB,8339.75,Weekly,2024-09-30,2024-10-06,KG,2.373,2.373
BlueberryFamily,RETAIL,NL-NB,7547.94,Weekly,2024-10-07,2024-10-13,KG,2.337,2.337
BlueberryFamily,RETAIL,NL-NB,8097.55,Weekly,2024-10-14,2024-10-20,KG,2.356,2.356
BlueberryFamily,RETAIL,NL-NB,8257.46,Weekly,2024-10-21,2024-10-27,KG,2.354,2.354
BlueberryFamily,RETAIL,NL-NB,8196.71,Weekly,2024-10-28,2024-11-03,KG,2.552,2.552
BlueberryFamily,RETAIL,NL-NB,8019.43,Weekly,2024-11-04,2024-11-10,KG,2.762,2.762
BlueberryFamily,RETAIL,NL-NB,8244.04,Weekly,2024-11-11,2024-11-17,KG,2.744,2.744
BlueberryFamily,RETAIL,NL-NB,6675.09,Weekly,2024-11-18,2024-11-24,KG,2.735,2.735
BlueberryFamily,RETAIL,NL-NB,8108.6900000000005,Weekly,2024-11-25,2024-12-01,KG,2.774,2.774
BlueberryFamily,RETAIL,NL-NB,7490.62,Weekly,2024-12-02,2024-12-08,KG,2.772,2.772
BlueberryFamily,RETAIL,NL-NB,7682.96,Weekly,2024-12-09,2024-12-15,KG,2.78,2.78
BlueberryFamily,RETAIL,NL-NB,7673.0,Weekly,2024-12-16,2024-12-22,KG,2.747,2.747
BlueberryFamily,RETAIL,NL-NB,8090.1,Weekly,2024-12-23,2024-12-29,KG,2.775,2.775
BlueberryFamily,RETAIL,NL-NB,7019.55,Weekly,2024-12-30,2025-01-05,KG,2.753,2.753
BlueberryFamily,RETAIL,NL-NB,7339.03,Weekly,2025-01-06,2025-01-12,KG,2.756,2.756
BlueberryFamily,RETAIL,NL-NB,7524.11,Weekly,2025-01-13,2025-01-19,KG,2.796,2.796
BlueberryFamily,RETAIL,NL-NB,6554.47,Weekly,2025-01-20,2025-01-26,KG,2.783,2.783
BlueberryFamily,RETAIL,NL-NB,7639.03,Weekly,2025-01-27,2025-02-02,KG,2.709,2.709
BlueberryFamily,RETAIL,NL-NB,7659.13,Weekly,2025-02-03,2025-02-09,KG,2.742,2.742
BlueberryFamily,RETAIL,NL-NB,6824.9400000000005,Weekly,2025-02-10,2025-02-16,KG,2.776,2.776
BlueberryFamily,RETAIL,NL-NB,7949.22,Weekly,2025-02-17,2025-02-23,KG,2.777,2.777
BlueberryFamily,RETAIL,NL-NB,7400.84,Weekly,2025-02-24,2025-03-02,KG,2.75,2.75
BlueberryFamily,RETAIL,NL-NB,8336.76,Weekly,2025-03-03,2025-03-09,KG,2.731,2.731
BlueberryFamily,RETAIL,NL-NB,7403.4400000000005,Weekly,2025-03-10,2025-03-16,KG,2.758,2.758
BlueberryFamily,RETAIL,NL-NB,8236.98,Weekly,2025-03-17,2025-03-23,KG,2.764,2.764
BlueberryFamily,RETAIL,NL-NB,7365.04,Weekly,2025-03-24,2025-03-30,KG,2.796,2.796
BlueberryFamily,RETAIL,NL-NB,8169.7699999999995,Weekly,2025-03-31,2025-04-06,KG,2.778,2.778
BlueberryFamily,RETAIL,NL-NB,7733.83,Weekly,2025-04-07,2025-04-13,KG,2.783,2.783
BlueberryFamily,RETAIL,NL-NB,6289.17,Weekly,2025-04-14,2025-04-20,KG,2.808,2.808
BlueberryFamily,RETAIL,NL-NB,6602.87,Weekly,2025-04-21,2025-04-27,KG,2.768,2.768
BlueberryFamily,RETAIL,NL-NB,7581.610000000001,Weekly,2025-04-28,2025-05-04,KG,2.796,2.796
BlueberryFamily,RETAIL,NL-NB,6942.3099999999995,Weekly,2025-05-05,2025-05-11,KG,2.77,2.77
BlueberryFamily,RETAIL,NL-NB,6966.86,Weekly,2025-05-12,2025-05-18,KG,2.787,2.787
BlueberryFamily,RETAIL,NL-NB,6432.1900000000005,Weekly,2025-05-19,2025-05-25,KG,2.743,2.743
BlueberryFamily,RETAIL,NL-NB,6134.59,Weekly,2025-05-26,2025-06-01,KG,2.751,2.751
BlueberryFamily,RETAIL,NL-NB,6196.11,Weekly,2025-06-02,2025-06-08,KG,2.746,2.746
BlueberryFamily,RETAIL,NL-NB,6882.58,Weekly,2025-06-09,2025-06-15,KG,2.761,2.761
BlueberryFamily,RETAIL,NL-NB,6837.2699999999995,Weekly,2025-06-16,2025-06-22,KG,2.78,2.78
BlueberryFamily,RETAIL,NL-NB,6652.889999999999,Weekly,2025-06-23,2025-06-29,KG,2.759,2.759
BlueberryFamily,RETAIL,NL-NB,6289.07,Weekly,2025-06-30,2025-07-06,KG,2.768,2.768
BlueberryFamily,RETAIL,NL-NB,6893.610000000001,Weekly,2025-07-07,2025-07-13,KG,2.758,2.758
BlueberryFamily,RETAIL,NL-NB,7188.3,Weekly,2025-07-14,2025-07-20,KG,2.78,2.78
BlueberryFamily,RETAIL,NL-NB,6930.58,Weekly,2025-07-21,2025-07-27,KG,2.776,2.776
BlueberryFamily,RETAIL,NL-NB,6837.08,Weekly,2025-07-28,2025-08-03,KG,2.584,2.584
BlueberryFamily,RETAIL,NL-NB,7511.7699999999995,Weekly,2025-08-04,2025-08-10,KG,2.342,2.342
BlueberryFamily,RETAIL,NL-NB,7534.37,Weekly,2025-08-11,2025-08-17,KG,2.334,2.334
BlueberryFamily,RETAIL,NL-NB,7929.0,Weekly,2025-08-18,2025-08-24,KG,2.339,2.339
BlueberryFamily,RETAIL,NL-NB,7843.13,Weekly,2025-08-25,2025-08-31,KG,2.357,2.357
BlueberryFamily,RETAIL,NL-NB,8413.32,Weekly,2025-09-01,2025-09-07,KG,2.366,2.366
BlueberryFamily,RETAIL,NL-NB,7545.06,Weekly,2025-09-08,2025-09-14,KG,2.336,2.336
BlueberryFamily,RETAIL,NL-NB,8468.42,Weekly,2025-09-15,2025-09-21,KG,2.358,2.358
BlueberryFamily,RETAIL,NL-NB,8651.81,Weekly,2025-09-22,2025-09-28,KG,2.341,2.341
BlueberryFamily,RETAIL,NL-NB,7682.94,Weekly,2025-09-29,2025-10-05,KG,2.367,2.367
BlueberryFamily,RETAIL,NL-NB,8130.599999999999,Weekly,2025-10-06,2025-10-12,KG,2.338,2.338
BlueberryFamily,RETAIL,NL-NB,7905.04,Weekly,2025-10-13,2025-10-19,KG,2.36,2.36
BlueberryFamily,RETAIL,NL-NB,7309.77,Weekly,2025-10-20,2025-10-26,KG,2.356,2.356
BlueberryFamily,RETAIL,NL-NB,8022.01,Weekly,2025-10-27,2025-11-02,KG,2.481,2.481
BlueberryFamily,RETAIL,NL-NB,9598.47,Weekly,2025-11-03,2025-11-09,KG,2.77,2.77
BlueberryFamily,RETAIL,NL-NB,8249.1,Weekly,2025-11-10,2025-11-16,KG,2.749,2.749
BlueberryFamily,RETAIL,NL-NB,8006.08,Weekly,2025-11-17,2025-11-23,KG,2.757,2.757
BlueberryFamily,RETAIL,NL-NB,7660.92,Weekly,2025-11-24,2025-11-30,KG,2.767,2.767
BlueberryFamily,RETAIL,NL-NB,7424.349999999999,Weekly,2025-12-01,2025-12-07,KG,2.748,2.748
BlueberryFamily,RETAIL,NL-NB,8374.56,Weekly,2025-12-08,2025-12-14,KG,2.707,2.707
BlueberryFamily,RETAIL,NL-NB,8394.02,Weekly,2025-12-15,2025-12-21,KG,2.753,2.753
BlueberryFamily,RETAIL,NL-NB,8093.58,Weekly,2025-12-22,2025-12-28,KG,2.754,2.754
BlueberryFamily,RETAIL,NL-NB,7347.43,Weekly,2025-12-29,2026-01-04,KG,2.73,2.73
BlueberryFamily,RETAIL,NL-NB,6938.65,Weekly,2026-01-05,2026-01-11,KG,2.74,2.74
BlueberryFamily,RETAIL,NL-NB,8407.58,Weekly,2026-01-12,2026-01-18,KG,2.755,2.755
BlueberryFamily,RETAIL,NL-NB,7793.25,Weekly,2026-01-19,2026-01-25,KG,2.751,2.751
BlueberryFamily,RETAIL,NL-NB,7475.53,Weekly,2026-01-26,2026-02-01,KG,2.746,2.746
BlueberryFamily,RETAIL,NL-NH,4690.66,Weekly,2023-01-30,2023-02-05,KG,2.898,2.898
BlueberryFamily,RETAIL,NL-NH,7920.85,Weekly,2023-02-06,2023-02-12,KG,2.866,2.866
BlueberryFamily,RETAIL,NL-NH,7455.91,Weekly,2023-02-13,2023-02-19,KG,2.878,2.878
BlueberryFamily,RETAIL,NL-NH,7837.03,Weekly,2023-02-20,2023-02-26,KG,2.84,2.84
BlueberryFamily,RETAIL,NL-NH,7857.95,Weekly,2023-02-27,2023-03-05,KG,2.884,2.884
BlueberryFamily,RETAIL,NL-NH,6115.89,Weekly,2023-03-06,2023-03-12,KG,2.853,2.853
BlueberryFamily,RETAIL,NL-NH,7143.58,Weekly,2023-03-13,2023-03-19,KG,2.856,2.856
BlueberryFamily,RETAIL,NL-NH,6586.56,Weekly,2023-03-20,2023-03-26,KG,2.835,2.835
BlueberryFamily,RETAIL,NL-NH,6519.59,Weekly,2023-03-27,2023-04-02,KG,2.858,2.858
BlueberryFamily,RETAIL,NL-NH,6972.0,Weekly,2023-04-03,2023-04-09,KG,2.812,2.812
BlueberryFamily,RETAIL,NL-NH,6554.67,Weekly,2023-04-10,2023-04-16,KG,2.809,2.809
BlueberryFamily,RETAIL,NL-NH,6294.89,Weekly,2023-04-17,2023-04-23,KG,2.876,2.876
BlueberryFamily,RETAIL,NL-NH,6416.240000000001,Weekly,2023-04-24,2023-04-30,KG,2.854,2.854
BlueberryFamily,RETAIL,NL-NH,6449.33,Weekly,2023-05-01,2023-05-07,KG,2.874,2.874
BlueberryFamily,RETAIL,NL-NH,6321.87,Weekly,2023-05-08,2023-05-14,KG,2.887,2.887
BlueberryFamily,RETAIL,NL-NH,7384.38,Weekly,2023-05-15,2023-05-21,KG,2.885,2.885
BlueberryFamily,RETAIL,NL-NH,6864.83,Weekly,2023-05-22,2023-05-28,KG,2.859,2.859
BlueberryFamily,RETAIL,NL-NH,6938.89,Weekly,2023-05-29,2023-06-04,KG,2.883,2.883
BlueberryFamily,RETAIL,NL-NH,6913.78,Weekly,2023-06-05,2023-06-11,KG,2.829,2.829
BlueberryFamily,RETAIL,NL-NH,7075.67,Weekly,2023-06-12,2023-06-18,KG,2.866,2.866
BlueberryFamily,RETAIL,NL-NH,6782.96,Weekly,2023-06-19,2023-06-25,KG,2.838,2.838
BlueberryFamily,RETAIL,NL-NH,6331.58,Weekly,2023-06-26,2023-07-02,KG,2.83,2.83
BlueberryFamily,RETAIL,NL-NH,6505.95,Weekly,2023-07-03,2023-07-09,KG,2.843,2.843
BlueberryFamily,RETAIL,NL-NH,6989.52,Weekly,2023-07-10,2023-07-16,KG,2.854,2.854
BlueberryFamily,RETAIL,NL-NH,6416.87,Weekly,2023-07-17,2023-07-23,KG,2.86,2.86
BlueberryFamily,RETAIL,NL-NH,6979.86,Weekly,2023-07-24,2023-07-30,KG,2.823,2.823
BlueberryFamily,RETAIL,NL-NH,5767.8,Weekly,2023-07-31,2023-08-06,KG,2.487,2.487
BlueberryFamily,RETAIL,NL-NH,7651.139999999999,Weekly,2023-08-07,2023-08-13,KG,2.417,2.417
BlueberryFamily,RETAIL,NL-NH,7915.1,Weekly,2023-08-14,2023-08-20,KG,2.437,2.437
BlueberryFamily,RETAIL,NL-NH,8187.21,Weekly,2023-08-21,2023-08-27,KG,2.435,2.435
BlueberryFamily,RETAIL,NL-NH,7712.72,Weekly,2023-08-28,2023-09-03,KG,2.366,2.366
BlueberryFamily,RETAIL,NL-NH,9066.51,Weekly,2023-09-04,2023-09-10,KG,2.425,2.425
BlueberryFamily,RETAIL,NL-NH,8518.82,Weekly,2023-09-11,2023-09-17,KG,2.433,2.433
BlueberryFamily,RETAIL,NL-NH,7690.06,Weekly,2023-09-18,2023-09-24,KG,2.437,2.437
BlueberryFamily,RETAIL,NL-NH,9488.85,Weekly,2023-09-25,2023-10-01,KG,2.422,2.422
BlueberryFamily,RETAIL,NL-NH,9704.86,Weekly,2023-10-02,2023-10-08,KG,2.421,2.421
BlueberryFamily,RETAIL,NL-NH,7918.27,Weekly,2023-10-09,2023-10-15,KG,2.438,2.438
BlueberryFamily,RETAIL,NL-NH,7898.66,Weekly,2023-10-16,2023-10-22,KG,2.431,2.431
BlueberryFamily,RETAIL,NL-NH,6657.0199999999995,Weekly,2023-10-23,2023-10-29,KG,2.413,2.413
BlueberryFamily,RETAIL,NL-NH,6544.57,Weekly,2023-10-30,2023-11-05,KG,2.738,2.738
BlueberryFamily,RETAIL,NL-NH,7637.5,Weekly,2023-11-06,2023-11-12,KG,2.82,2.82
BlueberryFamily,RETAIL,NL-NH,7454.92,Weekly,2023-11-13,2023-11-19,KG,2.837,2.837
BlueberryFamily,RETAIL,NL-NH,8477.14,Weekly,2023-11-20,2023-11-26,KG,2.837,2.837
BlueberryFamily,RETAIL,NL-NH,7373.89,Weekly,2023-11-27,2023-12-03,KG,2.845,2.845
BlueberryFamily,RETAIL,NL-NH,7299.16,Weekly,2023-12-04,2023-12-10,KG,2.824,2.824
BlueberryFamily,RETAIL,NL-NH,8466.08,Weekly,2023-12-11,2023-12-17,KG,2.81,2.81
BlueberryFamily,RETAIL,NL-NH,7548.43,Weekly,2023-12-18,2023-12-24,KG,2.85,2.85
BlueberryFamily,RETAIL,NL-NH,7666.0,Weekly,2023-12-25,2023-12-31,KG,2.842,2.842
BlueberryFamily,RETAIL,NL-NH,7179.09,Weekly,2024-01-01,2024-01-07,KG,2.829,2.829
BlueberryFamily,RETAIL,NL-NH,7932.45,Weekly,2024-01-08,2024-01-14,KG,2.868,2.868
BlueberryFamily,RETAIL,NL-NH,7813.04,Weekly,2024-01-15,2024-01-21,KG,2.85,2.85
BlueberryFamily,RETAIL,NL-NH,8377.64,Weekly,2024-01-22,2024-01-28,KG,2.89,2.89
BlueberryFamily,RETAIL,NL-NH,7748.18,Weekly,2024-01-29,2024-02-04,KG,2.836,2.836
BlueberryFamily,RETAIL,NL-NH,6954.88,Weekly,2024-02-05,2024-02-11,KG,2.852,2.852
BlueberryFamily,RETAIL,NL-NH,7334.7300000000005,Weekly,2024-02-12,2024-02-18,KG,2.853,2.853
BlueberryFamily,RETAIL,NL-NH,7219.28,Weekly,2024-02-19,2024-02-25,KG,2.831,2.831
BlueberryFamily,RETAIL,NL-NH,7341.450000000001,Weekly,2024-02-26,2024-03-03,KG,2.833,2.833
BlueberryFamily,RETAIL,NL-NH,7990.19,Weekly,2024-03-04,2024-03-10,KG,2.901,2.901
BlueberryFamily,RETAIL,NL-NH,7418.71,Weekly,2024-03-11,2024-03-17,KG,2.85,2.85
BlueberryFamily,RETAIL,NL-NH,6813.62,Weekly,2024-03-18,2024-03-24,KG,2.864,2.864
BlueberryFamily,RETAIL,NL-NH,6783.78,Weekly,2024-03-25,2024-03-31,KG,2.845,2.845
BlueberryFamily,RETAIL,NL-NH,6730.25,Weekly,2024-04-01,2024-04-07,KG,2.83,2.83
BlueberryFamily,RETAIL,NL-NH,7527.849999999999,Weekly,2024-04-08,2024-04-14,KG,2.868,2.868
BlueberryFamily,RETAIL,NL-NH,5746.64,Weekly,2024-04-15,2024-04-21,KG,2.864,2.864
BlueberryFamily,RETAIL,NL-NH,6484.54,Weekly,2024-04-22,2024-04-28,KG,2.879,2.879
BlueberryFamily,RETAIL,NL-NH,6627.02,Weekly,2024-04-29,2024-05-05,KG,2.829,2.829
BlueberryFamily,RETAIL,NL-NH,7595.49,Weekly,2024-05-06,2024-05-12,KG,2.835,2.835
BlueberryFamily,RETAIL,NL-NH,6607.7699999999995,Weekly,2024-05-13,2024-05-19,KG,2.878,2.878
BlueberryFamily,RETAIL,NL-NH,5398.25,Weekly,2024-05-20,2024-05-26,KG,2.889,2.889
BlueberryFamily,RETAIL,NL-NH,5904.98,Weekly,2024-05-27,2024-06-02,KG,2.819,2.819
BlueberryFamily,RETAIL,NL-NH,6470.94,Weekly,2024-06-03,2024-06-09,KG,2.825,2.825
BlueberryFamily,RETAIL,NL-NH,5824.91,Weekly,2024-06-10,2024-06-16,KG,2.857,2.857
BlueberryFamily,RETAIL,NL-NH,6558.29,Weekly,2024-06-17,2024-06-23,KG,2.87,2.87
BlueberryFamily,RETAIL,NL-NH,7009.43,Weekly,2024-06-24,2024-06-30,KG,2.797,2.797
BlueberryFamily,RETAIL,NL-NH,5194.1900000000005,Weekly,2024-07-01,2024-07-07,KG,2.805,2.805
BlueberryFamily,RETAIL,NL-NH,6268.1,Weekly,2024-07-08,2024-07-14,KG,2.872,2.872
BlueberryFamily,RETAIL,NL-NH,6744.86,Weekly,2024-07-15,2024-07-21,KG,2.796,2.796
BlueberryFamily,RETAIL,NL-NH,7208.68,Weekly,2024-07-22,2024-07-28,KG,2.849,2.849
BlueberryFamily,RETAIL,NL-NH,7779.6,Weekly,2024-07-29,2024-08-04,KG,2.566,2.566
BlueberryFamily,RETAIL,NL-NH,7604.299999999999,Weekly,2024-08-05,2024-08-11,KG,2.436,2.436
BlueberryFamily,RETAIL,NL-NH,7587.28,Weekly,2024-08-12,2024-08-18,KG,2.394,2.394
BlueberryFamily,RETAIL,NL-NH,7430.57,Weekly,2024-08-19,2024-08-25,KG,2.461,2.461
BlueberryFamily,RETAIL,NL-NH,8417.1,Weekly,2024-08-26,2024-09-01,KG,2.412,2.412
BlueberryFamily,RETAIL,NL-NH,8370.91,Weekly,2024-09-02,2024-09-08,KG,2.411,2.411
BlueberryFamily,RETAIL,NL-NH,7629.0,Weekly,2024-09-09,2024-09-15,KG,2.449,2.449
BlueberryFamily,RETAIL,NL-NH,9271.87,Weekly,2024-09-16,2024-09-22,KG,2.412,2.412
BlueberryFamily,RETAIL,NL-NH,7228.38,Weekly,2024-09-23,2024-09-29,KG,2.417,2.417
BlueberryFamily,RETAIL,NL-NH,8188.43,Weekly,2024-09-30,2024-10-06,KG,2.446,2.446
BlueberryFamily,RETAIL,NL-NH,8766.0,Weekly,2024-10-07,2024-10-13,KG,2.42,2.42
BlueberryFamily,RETAIL,NL-NH,8446.43,Weekly,2024-10-14,2024-10-20,KG,2.431,2.431
BlueberryFamily,RETAIL,NL-NH,8981.99,Weekly,2024-10-21,2024-10-27,KG,2.411,2.411
BlueberryFamily,RETAIL,NL-NH,9119.44,Weekly,2024-10-28,2024-11-03,KG,2.66,2.66
BlueberryFamily,RETAIL,NL-NH,8685.73,Weekly,2024-11-04,2024-11-10,KG,2.812,2.812
BlueberryFamily,RETAIL,NL-NH,8150.72,Weekly,2024-11-11,2024-11-17,KG,2.878,2.878
BlueberryFamily,RETAIL,NL-NH,6797.2,Weekly,2024-11-18,2024-11-24,KG,2.849,2.849
BlueberryFamily,RETAIL,NL-NH,8390.05,Weekly,2024-11-25,2024-12-01,KG,2.847,2.847
BlueberryFamily,RETAIL,NL-NH,7681.16,Weekly,2024-12-02,2024-12-08,KG,2.816,2.816
BlueberryFamily,RETAIL,NL-NH,7966.25,Weekly,2024-12-09,2024-12-15,KG,2.852,2.852
BlueberryFamily,RETAIL,NL-NH,7941.22,Weekly,2024-12-16,2024-12-22,KG,2.857,2.857
BlueberryFamily,RETAIL,NL-NH,8554.34,Weekly,2024-12-23,2024-12-29,KG,2.882,2.882
BlueberryFamily,RETAIL,NL-NH,7687.96,Weekly,2024-12-30,2025-01-05,KG,2.84,2.84
BlueberryFamily,RETAIL,NL-NH,7830.13,Weekly,2025-01-06,2025-01-12,KG,2.846,2.846
BlueberryFamily,RETAIL,NL-NH,7913.34,Weekly,2025-01-13,2025-01-19,KG,2.85,2.85
BlueberryFamily,RETAIL,NL-NH,7087.67,Weekly,2025-01-20,2025-01-26,KG,2.834,2.834
BlueberryFamily,RETAIL,NL-NH,8026.77,Weekly,2025-01-27,2025-02-02,KG,2.83,2.83
BlueberryFamily,RETAIL,NL-NH,8009.66,Weekly,2025-02-03,2025-02-09,KG,2.831,2.831
BlueberryFamily,RETAIL,NL-NH,6618.04,Weekly,2025-02-10,2025-02-16,KG,2.853,2.853
BlueberryFamily,RETAIL,NL-NH,7887.3,Weekly,2025-02-17,2025-02-23,KG,2.869,2.869
BlueberryFamily,RETAIL,NL-NH,7955.13,Weekly,2025-02-24,2025-03-02,KG,2.826,2.826
BlueberryFamily,RETAIL,NL-NH,8489.67,Weekly,2025-03-03,2025-03-09,KG,2.828,2.828
BlueberryFamily,RETAIL,NL-NH,7739.59,Weekly,2025-03-10,2025-03-16,KG,2.842,2.842
BlueberryFamily,RETAIL,NL-NH,8315.19,Weekly,2025-03-17,2025-03-23,KG,2.844,2.844
BlueberryFamily,RETAIL,NL-NH,7797.16,Weekly,2025-03-24,2025-03-30,KG,2.869,2.869
BlueberryFamily,RETAIL,NL-NH,8440.22,Weekly,2025-03-31,2025-04-06,KG,2.832,2.832
BlueberryFamily,RETAIL,NL-NH,8053.19,Weekly,2025-04-07,2025-04-13,KG,2.862,2.862
BlueberryFamily,RETAIL,NL-NH,7158.4800000000005,Weekly,2025-04-14,2025-04-20,KG,2.853,2.853
BlueberryFamily,RETAIL,NL-NH,6711.21,Weekly,2025-04-21,2025-04-27,KG,2.838,2.838
BlueberryFamily,RETAIL,NL-NH,7843.38,Weekly,2025-04-28,2025-05-04,KG,2.868,2.868
BlueberryFamily,RETAIL,NL-NH,7263.83,Weekly,2025-05-05,2025-05-11,KG,2.843,2.843
BlueberryFamily,RETAIL,NL-NH,7587.549999999999,Weekly,2025-05-12,2025-05-18,KG,2.825,2.825
BlueberryFamily,RETAIL,NL-NH,6509.96,Weekly,2025-05-19,2025-05-25,KG,2.852,2.852
BlueberryFamily,RETAIL,NL-NH,6212.4800000000005,Weekly,2025-05-26,2025-06-01,KG,2.842,2.842
BlueberryFamily,RETAIL,NL-NH,5436.58,Weekly,2025-06-02,2025-06-08,KG,2.836,2.836
BlueberryFamily,RETAIL,NL-NH,6608.52,Weekly,2025-06-09,2025-06-15,KG,2.821,2.821
BlueberryFamily,RETAIL,NL-NH,7369.07,Weekly,2025-06-16,2025-06-22,KG,2.84,2.84
BlueberryFamily,RETAIL,NL-NH,6929.97,Weekly,2025-06-23,2025-06-29,KG,2.839,2.839
BlueberryFamily,RETAIL,NL-NH,6611.72,Weekly,2025-06-30,2025-07-06,KG,2.816,2.816
BlueberryFamily,RETAIL,NL-NH,7001.2300000000005,Weekly,2025-07-07,2025-07-13,KG,2.815,2.815
BlueberryFamily,RETAIL,NL-NH,6611.81,Weekly,2025-07-14,2025-07-20,KG,2.811,2.811
BlueberryFamily,RETAIL,NL-NH,6828.27,Weekly,2025-07-21,2025-07-27,KG,2.867,2.867
BlueberryFamily,RETAIL,NL-NH,6843.12,Weekly,2025-07-28,2025-08-03,KG,2.691,2.691
BlueberryFamily,RETAIL,NL-NH,7399.93,Weekly,2025-08-04,2025-08-10,KG,2.428,2.428
BlueberryFamily,RETAIL,NL-NH,7805.38,Weekly,2025-08-11,2025-08-17,KG,2.432,2.432
BlueberryFamily,RETAIL,NL-NH,8144.45,Weekly,2025-08-18,2025-08-24,KG,2.418,2.418
BlueberryFamily,RETAIL,NL-NH,8364.45,Weekly,2025-08-25,2025-08-31,KG,2.431,2.431
BlueberryFamily,RETAIL,NL-NH,8299.93,Weekly,2025-09-01,2025-09-07,KG,2.4,2.4
BlueberryFamily,RETAIL,NL-NH,7886.860000000001,Weekly,2025-09-08,2025-09-14,KG,2.425,2.425
BlueberryFamily,RETAIL,NL-NH,7337.32,Weekly,2025-09-15,2025-09-21,KG,2.43,2.43
BlueberryFamily,RETAIL,NL-NH,9127.2,Weekly,2025-09-22,2025-09-28,KG,2.406,2.406
BlueberryFamily,RETAIL,NL-NH,7562.41,Weekly,2025-09-29,2025-10-05,KG,2.446,2.446
BlueberryFamily,RETAIL,NL-NH,8628.8,Weekly,2025-10-06,2025-10-12,KG,2.435,2.435
BlueberryFamily,RETAIL,NL-NH,9039.2,Weekly,2025-10-13,2025-10-19,KG,2.42,2.42
BlueberryFamily,RETAIL,NL-NH,7004.54,Weekly,2025-10-20,2025-10-26,KG,2.4,2.4
BlueberryFamily,RETAIL,NL-NH,7576.06,Weekly,2025-10-27,2025-11-02,KG,2.584,2.584
BlueberryFamily,RETAIL,NL-NH,9495.85,Weekly,2025-11-03,2025-11-09,KG,2.868,2.868
BlueberryFamily,RETAIL,NL-NH,7726.7,Weekly,2025-11-10,2025-11-16,KG,2.859,2.859
BlueberryFamily,RETAIL,NL-NH,7554.86,Weekly,2025-11-17,2025-11-23,KG,2.866,2.866
BlueberryFamily,RETAIL,NL-NH,8451.78,Weekly,2025-11-24,2025-11-30,KG,2.82,2.82
BlueberryFamily,RETAIL,NL-NH,7679.2699999999995,Weekly,2025-12-01,2025-12-07,KG,2.858,2.858
BlueberryFamily,RETAIL,NL-NH,8878.02,Weekly,2025-12-08,2025-12-14,KG,2.806,2.806
BlueberryFamily,RETAIL,NL-NH,8238.49,Weekly,2025-12-15,2025-12-21,KG,2.839,2.839
BlueberryFamily,RETAIL,NL-NH,8405.720000000001,Weekly,2025-12-22,2025-12-28,KG,2.846,2.846
BlueberryFamily,RETAIL,NL-NH,6777.25,Weekly,2025-12-29,2026-01-04,KG,2.829,2.829
BlueberryFamily,RETAIL,NL-NH,7209.16,Weekly,2026-01-05,2026-01-11,KG,2.829,2.829
BlueberryFamily,RETAIL,NL-NH,8063.57,Weekly,2026-01-12,2026-01-18,KG,2.835,2.835
BlueberryFamily,RETAIL,NL-NH,8336.11,Weekly,2026-01-19,2026-01-25,KG,2.827,2.827
BlueberryFamily,RETAIL,NL-NH,7132.36,Weekly,2026-01-26,2026-02-01,KG,2.827,2.827
BlueberryFamily,RETAIL,NL-ZH,4939.76,Weekly,2023-01-30,2023-02-05,KG,2.905,2.905
BlueberryFamily,RETAIL,NL-ZH,8552.7,Weekly,2023-02-06,2023-02-12,KG,2.904,2.904
BlueberryFamily,RETAIL,NL-ZH,8135.17,Weekly,2023-02-13,2023-02-19,KG,2.96,2.96
BlueberryFamily,RETAIL,NL-ZH,7791.83,Weekly,2023-02-20,2023-02-26,KG,2.941,2.941
BlueberryFamily,RETAIL,NL-ZH,7692.03,Weekly,2023-02-27,2023-03-05,KG,2.894,2.894
BlueberryFamily,RETAIL,NL-ZH,6114.04,Weekly,2023-03-06,2023-03-12,KG,2.935,2.935
BlueberryFamily,RETAIL,NL-ZH,7406.33,Weekly,2023-03-13,2023-03-19,KG,2.944,2.944
BlueberryFamily,RETAIL,NL-ZH,6640.46,Weekly,2023-03-20,2023-03-26,KG,2.941,2.941
BlueberryFamily,RETAIL,NL-ZH,6659.72,Weekly,2023-03-27,2023-04-02,KG,2.959,2.959
BlueberryFamily,RETAIL,NL-ZH,7489.43,Weekly,2023-04-03,2023-04-09,KG,2.902,2.902
BlueberryFamily,RETAIL,NL-ZH,6611.88,Weekly,2023-04-10,2023-04-16,KG,2.918,2.918
BlueberryFamily,RETAIL,NL-ZH,6311.58,Weekly,2023-04-17,2023-04-23,KG,2.919,2.919
BlueberryFamily,RETAIL,NL-ZH,6599.3,Weekly,2023-04-24,2023-04-30,KG,2.929,2.929
BlueberryFamily,RETAIL,NL-ZH,6892.889999999999,Weekly,2023-05-01,2023-05-07,KG,2.908,2.908
BlueberryFamily,RETAIL,NL-ZH,5959.91,Weekly,2023-05-08,2023-05-14,KG,2.956,2.956
BlueberryFamily,RETAIL,NL-ZH,7039.48,Weekly,2023-05-15,2023-05-21,KG,2.946,2.946
BlueberryFamily,RETAIL,NL-ZH,7332.93,Weekly,2023-05-22,2023-05-28,KG,2.928,2.928
BlueberryFamily,RETAIL,NL-ZH,7027.44,Weekly,2023-05-29,2023-06-04,KG,2.933,2.933
BlueberryFamily,RETAIL,NL-ZH,7185.92,Weekly,2023-06-05,2023-06-11,KG,2.941,2.941
BlueberryFamily,RETAIL,NL-ZH,7399.24,Weekly,2023-06-12,2023-06-18,KG,2.91,2.91
BlueberryFamily,RETAIL,NL-ZH,7102.7699999999995,Weekly,2023-06-19,2023-06-25,KG,3.001,3.001
BlueberryFamily,RETAIL,NL-ZH,7188.2699999999995,Weekly,2023-06-26,2023-07-02,KG,2.926,2.926
BlueberryFamily,RETAIL,NL-ZH,6542.25,Weekly,2023-07-03,2023-07-09,KG,2.959,2.959
BlueberryFamily,RETAIL,NL-ZH,7405.64,Weekly,2023-07-10,2023-07-16,KG,2.977,2.977
BlueberryFamily,RETAIL,NL-ZH,6972.55,Weekly,2023-07-17,2023-07-23,KG,2.895,2.895
BlueberryFamily,RETAIL,NL-ZH,6743.85,Weekly,2023-07-24,2023-07-30,KG,2.946,2.946
BlueberryFamily,RETAIL,NL-ZH,5634.87,Weekly,2023-07-31,2023-08-06,KG,2.557,2.557
BlueberryFamily,RETAIL,NL-ZH,7948.28,Weekly,2023-08-07,2023-08-13,KG,2.474,2.474
BlueberryFamily,RETAIL,NL-ZH,8193.74,Weekly,2023-08-14,2023-08-20,KG,2.519,2.519
BlueberryFamily,RETAIL,NL-ZH,7484.26,Weekly,2023-08-21,2023-08-27,KG,2.53,2.53
BlueberryFamily,RETAIL,NL-ZH,8212.369999999999,Weekly,2023-08-28,2023-09-03,KG,2.519,2.519
BlueberryFamily,RETAIL,NL-ZH,9152.41,Weekly,2023-09-04,2023-09-10,KG,2.485,2.485
BlueberryFamily,RETAIL,NL-ZH,8900.87,Weekly,2023-09-11,2023-09-17,KG,2.487,2.487
BlueberryFamily,RETAIL,NL-ZH,7996.16,Weekly,2023-09-18,2023-09-24,KG,2.463,2.463
BlueberryFamily,RETAIL,NL-ZH,9918.47,Weekly,2023-09-25,2023-10-01,KG,2.507,2.507
BlueberryFamily,RETAIL,NL-ZH,9712.41,Weekly,2023-10-02,2023-10-08,KG,2.467,2.467
BlueberryFamily,RETAIL,NL-ZH,8316.48,Weekly,2023-10-09,2023-10-15,KG,2.52,2.52
BlueberryFamily,RETAIL,NL-ZH,8143.45,Weekly,2023-10-16,2023-10-22,KG,2.484,2.484
BlueberryFamily,RETAIL,NL-ZH,6799.16,Weekly,2023-10-23,2023-10-29,KG,2.51,2.51
BlueberryFamily,RETAIL,NL-ZH,6817.5599999999995,Weekly,2023-10-30,2023-11-05,KG,2.818,2.818
BlueberryFamily,RETAIL,NL-ZH,8265.55,Weekly,2023-11-06,2023-11-12,KG,2.921,2.921
BlueberryFamily,RETAIL,NL-ZH,7793.66,Weekly,2023-11-13,2023-11-19,KG,2.937,2.937
BlueberryFamily,RETAIL,NL-ZH,8812.76,Weekly,2023-11-20,2023-11-26,KG,2.921,2.921
BlueberryFamily,RETAIL,NL-ZH,8011.6900000000005,Weekly,2023-11-27,2023-12-03,KG,2.926,2.926
BlueberryFamily,RETAIL,NL-ZH,8203.03,Weekly,2023-12-04,2023-12-10,KG,2.897,2.897
BlueberryFamily,RETAIL,NL-ZH,8459.36,Weekly,2023-12-11,2023-12-17,KG,2.906,2.906
BlueberryFamily,RETAIL,NL-ZH,7584.0,Weekly,2023-12-18,2023-12-24,KG,2.889,2.889
BlueberryFamily,RETAIL,NL-ZH,7911.34,Weekly,2023-12-25,2023-12-31,KG,2.948,2.948
BlueberryFamily,RETAIL,NL-ZH,7631.49,Weekly,2024-01-01,2024-01-07,KG,2.904,2.904
BlueberryFamily,RETAIL,NL-ZH,7963.24,Weekly,2024-01-08,2024-01-14,KG,2.928,2.928
BlueberryFamily,RETAIL,NL-ZH,7902.34,Weekly,2024-01-15,2024-01-21,KG,2.91,2.91
BlueberryFamily,RETAIL,NL-ZH,8371.880000000001,Weekly,2024-01-22,2024-01-28,KG,2.922,2.922
BlueberryFamily,RETAIL,NL-ZH,8572.68,Weekly,2024-01-29,2024-02-04,KG,2.936,2.936
BlueberryFamily,RETAIL,NL-ZH,7334.27,Weekly,2024-02-05,2024-02-11,KG,2.926,2.926
BlueberryFamily,RETAIL,NL-ZH,7459.14,Weekly,2024-02-12,2024-02-18,KG,2.929,2.929
BlueberryFamily,RETAIL,NL-ZH,7307.53,Weekly,2024-02-19,2024-02-25,KG,2.928,2.928
BlueberryFamily,RETAIL,NL-ZH,7175.030000000001,Weekly,2024-02-26,2024-03-03,KG,2.929,2.929
BlueberryFamily,RETAIL,NL-ZH,8038.26,Weekly,2024-03-04,2024-03-10,KG,2.931,2.931
BlueberryFamily,RETAIL,NL-ZH,7141.96,Weekly,2024-03-11,2024-03-17,KG,2.929,2.929
BlueberryFamily,RETAIL,NL-ZH,7246.57,Weekly,2024-03-18,2024-03-24,KG,2.915,2.915
BlueberryFamily,RETAIL,NL-ZH,7383.09,Weekly,2024-03-25,2024-03-31,KG,2.929,2.929
BlueberryFamily,RETAIL,NL-ZH,7231.72,Weekly,2024-04-01,2024-04-07,KG,2.949,2.949
BlueberryFamily,RETAIL,NL-ZH,7392.4,Weekly,2024-04-08,2024-04-14,KG,2.894,2.894
BlueberryFamily,RETAIL,NL-ZH,6141.32,Weekly,2024-04-15,2024-04-21,KG,2.874,2.874
BlueberryFamily,RETAIL,NL-ZH,6623.5199999999995,Weekly,2024-04-22,2024-04-28,KG,2.925,2.925
BlueberryFamily,RETAIL,NL-ZH,6830.04,Weekly,2024-04-29,2024-05-05,KG,2.925,2.925
BlueberryFamily,RETAIL,NL-ZH,7514.57,Weekly,2024-05-06,2024-05-12,KG,2.956,2.956
BlueberryFamily,RETAIL,NL-ZH,6771.86,Weekly,2024-05-13,2024-05-19,KG,2.92,2.92
BlueberryFamily,RETAIL,NL-ZH,5527.87,Weekly,2024-05-20,2024-05-26,KG,2.958,2.958
BlueberryFamily,RETAIL,NL-ZH,5963.5,Weekly,2024-05-27,2024-06-02,KG,2.938,2.938
BlueberryFamily,RETAIL,NL-ZH,7042.65,Weekly,2024-06-03,2024-06-09,KG,2.918,2.918
BlueberryFamily,RETAIL,NL-ZH,5816.2,Weekly,2024-06-10,2024-06-16,KG,2.935,2.935
BlueberryFamily,RETAIL,NL-ZH,6614.66,Weekly,2024-06-17,2024-06-23,KG,2.92,2.92
BlueberryFamily,RETAIL,NL-ZH,7228.26,Weekly,2024-06-24,2024-06-30,KG,2.946,2.946
BlueberryFamily,RETAIL,NL-ZH,5494.99,Weekly,2024-07-01,2024-07-07,KG,2.958,2.958
BlueberryFamily,RETAIL,NL-ZH,6314.24,Weekly,2024-07-08,2024-07-14,KG,2.913,2.913
BlueberryFamily,RETAIL,NL-ZH,7413.87,Weekly,2024-07-15,2024-07-21,KG,2.938,2.938
BlueberryFamily,RETAIL,NL-ZH,7067.33,Weekly,2024-07-22,2024-07-28,KG,2.899,2.899
BlueberryFamily,RETAIL,NL-ZH,7891.76,Weekly,2024-07-29,2024-08-04,KG,2.718,2.718
BlueberryFamily,RETAIL,NL-ZH,8138.45,Weekly,2024-08-05,2024-08-11,KG,2.487,2.487
BlueberryFamily,RETAIL,NL-ZH,7921.15,Weekly,2024-08-12,2024-08-18,KG,2.479,2.479
BlueberryFamily,RETAIL,NL-ZH,7904.11,Weekly,2024-08-19,2024-08-25,KG,2.479,2.479
BlueberryFamily,RETAIL,NL-ZH,9275.75,Weekly,2024-08-26,2024-09-01,KG,2.462,2.462
BlueberryFamily,RETAIL,NL-ZH,8501.55,Weekly,2024-09-02,2024-09-08,KG,2.451,2.451
BlueberryFamily,RETAIL,NL-ZH,7571.81,Weekly,2024-09-09,2024-09-15,KG,2.51,2.51
BlueberryFamily,RETAIL,NL-ZH,9329.53,Weekly,2024-09-16,2024-09-22,KG,2.517,2.517
BlueberryFamily,RETAIL,NL-ZH,7102.6,Weekly,2024-09-23,2024-09-29,KG,2.469,2.469
BlueberryFamily,RETAIL,NL-ZH,8179.21,Weekly,2024-09-30,2024-10-06,KG,2.534,2.534
BlueberryFamily,RETAIL,NL-ZH,8488.25,Weekly,2024-10-07,2024-10-13,KG,2.513,2.513
BlueberryFamily,RETAIL,NL-ZH,8698.06,Weekly,2024-10-14,2024-10-20,KG,2.499,2.499
BlueberryFamily,RETAIL,NL-ZH,9762.52,Weekly,2024-10-21,2024-10-27,KG,2.505,2.505
BlueberryFamily,RETAIL,NL-ZH,9289.99,Weekly,2024-10-28,2024-11-03,KG,2.689,2.689
BlueberryFamily,RETAIL,NL-ZH,8493.62,Weekly,2024-11-04,2024-11-10,KG,2.919,2.919
BlueberryFamily,RETAIL,NL-ZH,8614.47,Weekly,2024-11-11,2024-11-17,KG,2.931,2.931
BlueberryFamily,RETAIL,NL-ZH,7251.77,Weekly,2024-11-18,2024-11-24,KG,2.951,2.951
BlueberryFamily,RETAIL,NL-ZH,8151.64,Weekly,2024-11-25,2024-12-01,KG,2.94,2.94
BlueberryFamily,RETAIL,NL-ZH,8153.41,Weekly,2024-12-02,2024-12-08,KG,2.905,2.905
BlueberryFamily,RETAIL,NL-ZH,8009.889999999999,Weekly,2024-12-09,2024-12-15,KG,2.913,2.913
BlueberryFamily,RETAIL,NL-ZH,7804.53,Weekly,2024-12-16,2024-12-22,KG,2.924,2.924
BlueberryFamily,RETAIL,NL-ZH,8488.61,Weekly,2024-12-23,2024-12-29,KG,2.905,2.905
BlueberryFamily,RETAIL,NL-ZH,7464.51,Weekly,2024-12-30,2025-01-05,KG,2.907,2.907
BlueberryFamily,RETAIL,NL-ZH,8292.35,Weekly,2025-01-06,2025-01-12,KG,2.971,2.971
BlueberryFamily,RETAIL,NL-ZH,7945.24,Weekly,2025-01-13,2025-01-19,KG,2.956,2.956
BlueberryFamily,RETAIL,NL-ZH,7594.71,Weekly,2025-01-20,2025-01-26,KG,2.91,2.91
BlueberryFamily,RETAIL,NL-ZH,8002.08,Weekly,2025-01-27,2025-02-02,KG,2.965,2.965
BlueberryFamily,RETAIL,NL-ZH,7996.49,Weekly,2025-02-03,2025-02-09,KG,2.917,2.917
BlueberryFamily,RETAIL,NL-ZH,7449.28,Weekly,2025-02-10,2025-02-16,KG,2.922,2.922
BlueberryFamily,RETAIL,NL-ZH,7977.07,Weekly,2025-02-17,2025-02-23,KG,2.948,2.948
BlueberryFamily,RETAIL,NL-ZH,7928.26,Weekly,2025-02-24,2025-03-02,KG,2.94,2.94
BlueberryFamily,RETAIL,NL-ZH,9013.18,Weekly,2025-03-03,2025-03-09,KG,2.952,2.952
BlueberryFamily,RETAIL,NL-ZH,7974.4,Weekly,2025-03-10,2025-03-16,KG,2.939,2.939
BlueberryFamily,RETAIL,NL-ZH,8617.33,Weekly,2025-03-17,2025-03-23,KG,2.931,2.931
BlueberryFamily,RETAIL,NL-ZH,8169.95,Weekly,2025-03-24,2025-03-30,KG,2.909,2.909
BlueberryFamily,RETAIL,NL-ZH,8750.37,Weekly,2025-03-31,2025-04-06,KG,2.929,2.929
BlueberryFamily,RETAIL,NL-ZH,8350.74,Weekly,2025-04-07,2025-04-13,KG,2.872,2.872
BlueberryFamily,RETAIL,NL-ZH,7608.61,Weekly,2025-04-14,2025-04-20,KG,2.885,2.885
BlueberryFamily,RETAIL,NL-ZH,7112.48,Weekly,2025-04-21,2025-04-27,KG,2.939,2.939
BlueberryFamily,RETAIL,NL-ZH,7980.17,Weekly,2025-04-28,2025-05-04,KG,2.986,2.986
BlueberryFamily,RETAIL,NL-ZH,7543.71,Weekly,2025-05-05,2025-05-11,KG,2.934,2.934
BlueberryFamily,RETAIL,NL-ZH,7429.93,Weekly,2025-05-12,2025-05-18,KG,2.933,2.933
BlueberryFamily,RETAIL,NL-ZH,7103.4,Weekly,2025-05-19,2025-05-25,KG,2.961,2.961
BlueberryFamily,RETAIL,NL-ZH,6803.3,Weekly,2025-05-26,2025-06-01,KG,2.947,2.947
BlueberryFamily,RETAIL,NL-ZH,6086.0,Weekly,2025-06-02,2025-06-08,KG,2.905,2.905
BlueberryFamily,RETAIL,NL-ZH,6946.9800000000005,Weekly,2025-06-09,2025-06-15,KG,2.907,2.907
BlueberryFamily,RETAIL,NL-ZH,7426.78,Weekly,2025-06-16,2025-06-22,KG,2.948,2.948
BlueberryFamily,RETAIL,NL-ZH,7401.09,Weekly,2025-06-23,2025-06-29,KG,2.91,2.91
BlueberryFamily,RETAIL,NL-ZH,6679.29,Weekly,2025-06-30,2025-07-06,KG,2.942,2.942
BlueberryFamily,RETAIL,NL-ZH,7440.14,Weekly,2025-07-07,2025-07-13,KG,2.959,2.959
BlueberryFamily,RETAIL,NL-ZH,7262.43,Weekly,2025-07-14,2025-07-20,KG,2.904,2.904
BlueberryFamily,RETAIL,NL-ZH,7186.84,Weekly,2025-07-21,2025-07-27,KG,2.889,2.889
BlueberryFamily,RETAIL,NL-ZH,7053.42,Weekly,2025-07-28,2025-08-03,KG,2.781,2.781
BlueberryFamily,RETAIL,NL-ZH,8224.55,Weekly,2025-08-04,2025-08-10,KG,2.491,2.491
BlueberryFamily,RETAIL,NL-ZH,8122.01,Weekly,2025-08-11,2025-08-17,KG,2.529,2.529
BlueberryFamily,RETAIL,NL-ZH,8435.48,Weekly,2025-08-18,2025-08-24,KG,2.51,2.51
BlueberryFamily,RETAIL,NL-ZH,8179.05,Weekly,2025-08-25,2025-08-31,KG,2.504,2.504
BlueberryFamily,RETAIL,NL-ZH,8754.89,Weekly,2025-09-01,2025-09-07,KG,2.487,2.487
BlueberryFamily,RETAIL,NL-ZH,7996.71,Weekly,2025-09-08,2025-09-14,KG,2.502,2.502
BlueberryFamily,RETAIL,NL-ZH,8573.07,Weekly,2025-09-15,2025-09-21,KG,2.481,2.481
BlueberryFamily,RETAIL,NL-ZH,8948.12,Weekly,2025-09-22,2025-09-28,KG,2.484,2.484
BlueberryFamily,RETAIL,NL-ZH,8101.18,Weekly,2025-09-29,2025-10-05,KG,2.475,2.475
BlueberryFamily,RETAIL,NL-ZH,9014.92,Weekly,2025-10-06,2025-10-12,KG,2.521,2.521
BlueberryFamily,RETAIL,NL-ZH,8886.08,Weekly,2025-10-13,2025-10-19,KG,2.513,2.513
BlueberryFamily,RETAIL,NL-ZH,7803.63,Weekly,2025-10-20,2025-10-26,KG,2.527,2.527
BlueberryFamily,RETAIL,NL-ZH,8358.94,Weekly,2025-10-27,2025-11-02,KG,2.653,2.653
BlueberryFamily,RETAIL,NL-ZH,9727.13,Weekly,2025-11-03,2025-11-09,KG,2.955,2.955
BlueberryFamily,RETAIL,NL-ZH,8210.28,Weekly,2025-11-10,2025-11-16,KG,2.968,2.968
BlueberryFamily,RETAIL,NL-ZH,7540.24,Weekly,2025-11-17,2025-11-23,KG,2.959,2.959
BlueberryFamily,RETAIL,NL-ZH,9037.5,Weekly,2025-11-24,2025-11-30,KG,2.919,2.919
BlueberryFamily,RETAIL,NL-ZH,8470.79,Weekly,2025-12-01,2025-12-07,KG,2.903,2.903
BlueberryFamily,RETAIL,NL-ZH,9761.07,Weekly,2025-12-08,2025-12-14,KG,2.906,2.906
BlueberryFamily,RETAIL,NL-ZH,8932.83,Weekly,2025-12-15,2025-12-21,KG,2.952,2.952
BlueberryFamily,RETAIL,NL-ZH,8663.3,Weekly,2025-12-22,2025-12-28,KG,2.911,2.911
BlueberryFamily,RETAIL,NL-ZH,7666.41,Weekly,2025-12-29,2026-01-04,KG,2.928,2.928
BlueberryFamily,RETAIL,NL-ZH,6946.95,Weekly,2026-01-05,2026-01-11,KG,2.907,2.907
BlueberryFamily,RETAIL,NL-ZH,8622.74,Weekly,2026-01-12,2026-01-18,KG,2.932,2.932
BlueberryFamily,RETAIL,NL-ZH,8692.81,Weekly,2026-01-19,2026-01-25,KG,2.913,2.913
BlueberryFamily,RETAIL,NL-ZH,7608.2,Weekly,2026-01-26,2026-02-01,KG,2.91,2.91
BlueberryFamily,WHOLESALE,NL-GE,3285.02,Weekly,2023-01-30,2023-02-05,KG,2.696,2.696
BlueberryFamily,WHOLESALE,NL-GE,6610.08,Weekly,2023-02-06,2023-02-12,KG,2.713,2.713
BlueberryFamily,WHOLESALE,NL-GE,6120.76,Weekly,2023-02-13,2023-02-19,KG,2.703,2.703
BlueberryFamily,WHOLESALE,NL-GE,5952.44,Weekly,2023-02-20,2023-02-26,KG,2.68,2.68
BlueberryFamily,WHOLESALE,NL-GE,5979.35,Weekly,2023-02-27,2023-03-05,KG,2.647,2.647
BlueberryFamily,WHOLESALE,NL-GE,4927.6900000000005,Weekly,2023-03-06,2023-03-12,KG,2.676,2.676
BlueberryFamily,WHOLESALE,NL-GE,6271.45,Weekly,2023-03-13,2023-03-19,KG,2.68,2.68
BlueberryFamily,WHOLESALE,NL-GE,4937.23,Weekly,2023-03-20,2023-03-26,KG,2.664,2.664
BlueberryFamily,WHOLESALE,NL-GE,5116.09,Weekly,2023-03-27,2023-04-02,KG,2.705,2.705
BlueberryFamily,WHOLESALE,NL-GE,5568.77,Weekly,2023-04-03,2023-04-09,KG,2.685,2.685
BlueberryFamily,WHOLESALE,NL-GE,5327.15,Weekly,2023-04-10,2023-04-16,KG,2.673,2.673
BlueberryFamily,WHOLESALE,NL-GE,5598.26,Weekly,2023-04-17,2023-04-23,KG,2.673,2.673
BlueberryFamily,WHOLESALE,NL-GE,5092.59,Weekly,2023-04-24,2023-04-30,KG,2.651,2.651
BlueberryFamily,WHOLESALE,NL-GE,5240.13,Weekly,2023-05-01,2023-05-07,KG,2.678,2.678
BlueberryFamily,WHOLESALE,NL-GE,4776.38,Weekly,2023-05-08,2023-05-14,KG,2.667,2.667
BlueberryFamily,WHOLESALE,NL-GE,5705.31,Weekly,2023-05-15,2023-05-21,KG,2.689,2.689
BlueberryFamily,WHOLESALE,NL-GE,5887.0599999999995,Weekly,2023-05-22,2023-05-28,KG,2.675,2.675
BlueberryFamily,WHOLESALE,NL-GE,5810.74,Weekly,2023-05-29,2023-06-04,KG,2.679,2.679
BlueberryFamily,WHOLESALE,NL-GE,5811.9,Weekly,2023-06-05,2023-06-11,KG,2.692,2.692
BlueberryFamily,WHOLESALE,NL-GE,5604.61,Weekly,2023-06-12,2023-06-18,KG,2.678,2.678
BlueberryFamily,WHOLESALE,NL-GE,5270.35,Weekly,2023-06-19,2023-06-25,KG,2.705,2.705
BlueberryFamily,WHOLESALE,NL-GE,5372.99,Weekly,2023-06-26,2023-07-02,KG,2.67,2.67
BlueberryFamily,WHOLESALE,NL-GE,5538.97,Weekly,2023-07-03,2023-07-09,KG,2.683,2.683
BlueberryFamily,WHOLESALE,NL-GE,5848.08,Weekly,2023-07-10,2023-07-16,KG,2.693,2.693
BlueberryFamily,WHOLESALE,NL-GE,5561.92,Weekly,2023-07-17,2023-07-23,KG,2.655,2.655
BlueberryFamily,WHOLESALE,NL-GE,5100.7,Weekly,2023-07-24,2023-07-30,KG,2.676,2.676
BlueberryFamily,WHOLESALE,NL-GE,4346.49,Weekly,2023-07-31,2023-08-06,KG,2.314,2.314
BlueberryFamily,WHOLESALE,NL-GE,6038.93,Weekly,2023-08-07,2023-08-13,KG,2.298,2.298
BlueberryFamily,WHOLESALE,NL-GE,6755.59,Weekly,2023-08-14,2023-08-20,KG,2.269,2.269
BlueberryFamily,WHOLESALE,NL-GE,6270.6900000000005,Weekly,2023-08-21,2023-08-27,KG,2.295,2.295
BlueberryFamily,WHOLESALE,NL-GE,6588.0,Weekly,2023-08-28,2023-09-03,KG,2.285,2.285
BlueberryFamily,WHOLESALE,NL-GE,7273.57,Weekly,2023-09-04,2023-09-10,KG,2.274,2.274
BlueberryFamily,WHOLESALE,NL-GE,6519.85,Weekly,2023-09-11,2023-09-17,KG,2.283,2.283
BlueberryFamily,WHOLESALE,NL-GE,6596.47,Weekly,2023-09-18,2023-09-24,KG,2.279,2.279
BlueberryFamily,WHOLESALE,NL-GE,7659.72,Weekly,2023-09-25,2023-10-01,KG,2.308,2.308
BlueberryFamily,WHOLESALE,NL-GE,7334.15,Weekly,2023-10-02,2023-10-08,KG,2.285,2.285
BlueberryFamily,WHOLESALE,NL-GE,6279.79,Weekly,2023-10-09,2023-10-15,KG,2.277,2.277
BlueberryFamily,WHOLESALE,NL-GE,6391.56,Weekly,2023-10-16,2023-10-22,KG,2.283,2.283
BlueberryFamily,WHOLESALE,NL-GE,5683.43,Weekly,2023-10-23,2023-10-29,KG,2.28,2.28
BlueberryFamily,WHOLESALE,NL-GE,6244.43,Weekly,2023-10-30,2023-11-05,KG,2.569,2.569
BlueberryFamily,WHOLESALE,NL-GE,6294.21,Weekly,2023-11-06,2023-11-12,KG,2.676,2.676
BlueberryFamily,WHOLESALE,NL-GE,6544.95,Weekly,2023-11-13,2023-11-19,KG,2.701,2.701
BlueberryFamily,WHOLESALE,NL-GE,6641.84,Weekly,2023-11-20,2023-11-26,KG,2.668,2.668
BlueberryFamily,WHOLESALE,NL-GE,6037.72,Weekly,2023-11-27,2023-12-03,KG,2.7,2.7
BlueberryFamily,WHOLESALE,NL-GE,5992.63,Weekly,2023-12-04,2023-12-10,KG,2.688,2.688
BlueberryFamily,WHOLESALE,NL-GE,6667.41,Weekly,2023-12-11,2023-12-17,KG,2.667,2.667
BlueberryFamily,WHOLESALE,NL-GE,5622.6900000000005,Weekly,2023-12-18,2023-12-24,KG,2.67,2.67
BlueberryFamily,WHOLESALE,NL-GE,5796.01,Weekly,2023-12-25,2023-12-31,KG,2.658,2.658
BlueberryFamily,WHOLESALE,NL-GE,6003.05,Weekly,2024-01-01,2024-01-07,KG,2.711,2.711
BlueberryFamily,WHOLESALE,NL-GE,6403.17,Weekly,2024-01-08,2024-01-14,KG,2.671,2.671
BlueberryFamily,WHOLESALE,NL-GE,6430.93,Weekly,2024-01-15,2024-01-21,KG,2.693,2.693
BlueberryFamily,WHOLESALE,NL-GE,6110.8099999999995,Weekly,2024-01-22,2024-01-28,KG,2.668,2.668
BlueberryFamily,WHOLESALE,NL-GE,6459.74,Weekly,2024-01-29,2024-02-04,KG,2.665,2.665
BlueberryFamily,WHOLESALE,NL-GE,5354.48,Weekly,2024-02-05,2024-02-11,KG,2.67,2.67
BlueberryFamily,WHOLESALE,NL-GE,6080.0,Weekly,2024-02-12,2024-02-18,KG,2.672,2.672
BlueberryFamily,WHOLESALE,NL-GE,5523.84,Weekly,2024-02-19,2024-02-25,KG,2.659,2.659
BlueberryFamily,WHOLESALE,NL-GE,5964.99,Weekly,2024-02-26,2024-03-03,KG,2.706,2.706
BlueberryFamily,WHOLESALE,NL-GE,6383.96,Weekly,2024-03-04,2024-03-10,KG,2.703,2.703
BlueberryFamily,WHOLESALE,NL-GE,5992.84,Weekly,2024-03-11,2024-03-17,KG,2.669,2.669
BlueberryFamily,WHOLESALE,NL-GE,5686.56,Weekly,2024-03-18,2024-03-24,KG,2.69,2.69
BlueberryFamily,WHOLESALE,NL-GE,5444.04,Weekly,2024-03-25,2024-03-31,KG,2.681,2.681
BlueberryFamily,WHOLESALE,NL-GE,5475.63,Weekly,2024-04-01,2024-04-07,KG,2.687,2.687
BlueberryFamily,WHOLESALE,NL-GE,5846.9800000000005,Weekly,2024-04-08,2024-04-14,KG,2.666,2.666
BlueberryFamily,WHOLESALE,NL-GE,4202.1,Weekly,2024-04-15,2024-04-21,KG,2.67,2.67
BlueberryFamily,WHOLESALE,NL-GE,5196.67,Weekly,2024-04-22,2024-04-28,KG,2.678,2.678
BlueberryFamily,WHOLESALE,NL-GE,5604.56,Weekly,2024-04-29,2024-05-05,KG,2.66,2.66
BlueberryFamily,WHOLESALE,NL-GE,5827.93,Weekly,2024-05-06,2024-05-12,KG,2.661,2.661
BlueberryFamily,WHOLESALE,NL-GE,5426.63,Weekly,2024-05-13,2024-05-19,KG,2.68,2.68
BlueberryFamily,WHOLESALE,NL-GE,4818.38,Weekly,2024-05-20,2024-05-26,KG,2.689,2.689
BlueberryFamily,WHOLESALE,NL-GE,5028.04,Weekly,2024-05-27,2024-06-02,KG,2.699,2.699
BlueberryFamily,WHOLESALE,NL-GE,5335.02,Weekly,2024-06-03,2024-06-09,KG,2.696,2.696
BlueberryFamily,WHOLESALE,NL-GE,4676.8,Weekly,2024-06-10,2024-06-16,KG,2.702,2.702
BlueberryFamily,WHOLESALE,NL-GE,4930.32,Weekly,2024-06-17,2024-06-23,KG,2.671,2.671
BlueberryFamily,WHOLESALE,NL-GE,5430.95,Weekly,2024-06-24,2024-06-30,KG,2.664,2.664
BlueberryFamily,WHOLESALE,NL-GE,5083.53,Weekly,2024-07-01,2024-07-07,KG,2.671,2.671
BlueberryFamily,WHOLESALE,NL-GE,5208.92,Weekly,2024-07-08,2024-07-14,KG,2.669,2.669
BlueberryFamily,WHOLESALE,NL-GE,5753.18,Weekly,2024-07-15,2024-07-21,KG,2.662,2.662
BlueberryFamily,WHOLESALE,NL-GE,5628.21,Weekly,2024-07-22,2024-07-28,KG,2.709,2.709
BlueberryFamily,WHOLESALE,NL-GE,5861.17,Weekly,2024-07-29,2024-08-04,KG,2.459,2.459
BlueberryFamily,WHOLESALE,NL-GE,6368.39,Weekly,2024-08-05,2024-08-11,KG,2.275,2.275
BlueberryFamily,WHOLESALE,NL-GE,5860.43,Weekly,2024-08-12,2024-08-18,KG,2.286,2.286
BlueberryFamily,WHOLESALE,NL-GE,6420.23,Weekly,2024-08-19,2024-08-25,KG,2.272,2.272
BlueberryFamily,WHOLESALE,NL-GE,6844.85,Weekly,2024-08-26,2024-09-01,KG,2.271,2.271
BlueberryFamily,WHOLESALE,NL-GE,6657.22,Weekly,2024-09-02,2024-09-08,KG,2.276,2.276
BlueberryFamily,WHOLESALE,NL-GE,5867.08,Weekly,2024-09-09,2024-09-15,KG,2.299,2.299
BlueberryFamily,WHOLESALE,NL-GE,7481.04,Weekly,2024-09-16,2024-09-22,KG,2.261,2.261
BlueberryFamily,WHOLESALE,NL-GE,6656.33,Weekly,2024-09-23,2024-09-29,KG,2.298,2.298
BlueberryFamily,WHOLESALE,NL-GE,6493.13,Weekly,2024-09-30,2024-10-06,KG,2.269,2.269
BlueberryFamily,WHOLESALE,NL-GE,6278.24,Weekly,2024-10-07,2024-10-13,KG,2.263,2.263
BlueberryFamily,WHOLESALE,NL-GE,6923.1,Weekly,2024-10-14,2024-10-20,KG,2.276,2.276
BlueberryFamily,WHOLESALE,NL-GE,7315.43,Weekly,2024-10-21,2024-10-27,KG,2.244,2.244
BlueberryFamily,WHOLESALE,NL-GE,6592.23,Weekly,2024-10-28,2024-11-03,KG,2.453,2.453
BlueberryFamily,WHOLESALE,NL-GE,6768.6,Weekly,2024-11-04,2024-11-10,KG,2.697,2.697
BlueberryFamily,WHOLESALE,NL-GE,6686.61,Weekly,2024-11-11,2024-11-17,KG,2.675,2.675
BlueberryFamily,WHOLESALE,NL-GE,5911.9,Weekly,2024-11-18,2024-11-24,KG,2.655,2.655
BlueberryFamily,WHOLESALE,NL-GE,6983.64,Weekly,2024-11-25,2024-12-01,KG,2.661,2.661
BlueberryFamily,WHOLESALE,NL-GE,6088.39,Weekly,2024-12-02,2024-12-08,KG,2.666,2.666
BlueberryFamily,WHOLESALE,NL-GE,6483.85,Weekly,2024-12-09,2024-12-15,KG,2.675,2.675
BlueberryFamily,WHOLESALE,NL-GE,6312.86,Weekly,2024-12-16,2024-12-22,KG,2.662,2.662
BlueberryFamily,WHOLESALE,NL-GE,6452.75,Weekly,2024-12-23,2024-12-29,KG,2.666,2.666
BlueberryFamily,WHOLESALE,NL-GE,5930.32,Weekly,2024-12-30,2025-01-05,KG,2.619,2.619
BlueberryFamily,WHOLESALE,NL-GE,6285.7,Weekly,2025-01-06,2025-01-12,KG,2.683,2.683
BlueberryFamily,WHOLESALE,NL-GE,6338.69,Weekly,2025-01-13,2025-01-19,KG,2.642,2.642
BlueberryFamily,WHOLESALE,NL-GE,5376.66,Weekly,2025-01-20,2025-01-26,KG,2.664,2.664
BlueberryFamily,WHOLESALE,NL-GE,6286.93,Weekly,2025-01-27,2025-02-02,KG,2.656,2.656
BlueberryFamily,WHOLESALE,NL-GE,6342.6900000000005,Weekly,2025-02-03,2025-02-09,KG,2.649,2.649
BlueberryFamily,WHOLESALE,NL-GE,5574.41,Weekly,2025-02-10,2025-02-16,KG,2.675,2.675
BlueberryFamily,WHOLESALE,NL-GE,6345.18,Weekly,2025-02-17,2025-02-23,KG,2.676,2.676
BlueberryFamily,WHOLESALE,NL-GE,5619.29,Weekly,2025-02-24,2025-03-02,KG,2.682,2.682
BlueberryFamily,WHOLESALE,NL-GE,6834.47,Weekly,2025-03-03,2025-03-09,KG,2.679,2.679
BlueberryFamily,WHOLESALE,NL-GE,6010.09,Weekly,2025-03-10,2025-03-16,KG,2.704,2.704
BlueberryFamily,WHOLESALE,NL-GE,6752.96,Weekly,2025-03-17,2025-03-23,KG,2.677,2.677
BlueberryFamily,WHOLESALE,NL-GE,6302.97,Weekly,2025-03-24,2025-03-30,KG,2.67,2.67
BlueberryFamily,WHOLESALE,NL-GE,6868.1900000000005,Weekly,2025-03-31,2025-04-06,KG,2.667,2.667
BlueberryFamily,WHOLESALE,NL-GE,6473.05,Weekly,2025-04-07,2025-04-13,KG,2.679,2.679
BlueberryFamily,WHOLESALE,NL-GE,5176.35,Weekly,2025-04-14,2025-04-20,KG,2.701,2.701
BlueberryFamily,WHOLESALE,NL-GE,5566.03,Weekly,2025-04-21,2025-04-27,KG,2.66,2.66
BlueberryFamily,WHOLESALE,NL-GE,6165.49,Weekly,2025-04-28,2025-05-04,KG,2.668,2.668
BlueberryFamily,WHOLESALE,NL-GE,5839.64,Weekly,2025-05-05,2025-05-11,KG,2.69,2.69
BlueberryFamily,WHOLESALE,NL-GE,6134.110000000001,Weekly,2025-05-12,2025-05-18,KG,2.716,2.716
BlueberryFamily,WHOLESALE,NL-GE,5410.5,Weekly,2025-05-19,2025-05-25,KG,2.672,2.672
BlueberryFamily,WHOLESALE,NL-GE,4928.44,Weekly,2025-05-26,2025-06-01,KG,2.655,2.655
BlueberryFamily,WHOLESALE,NL-GE,4735.08,Weekly,2025-06-02,2025-06-08,KG,2.685,2.685
BlueberryFamily,WHOLESALE,NL-GE,5429.79,Weekly,2025-06-09,2025-06-15,KG,2.692,2.692
BlueberryFamily,WHOLESALE,NL-GE,5632.0,Weekly,2025-06-16,2025-06-22,KG,2.656,2.656
BlueberryFamily,WHOLESALE,NL-GE,5525.46,Weekly,2025-06-23,2025-06-29,KG,2.697,2.697
BlueberryFamily,WHOLESALE,NL-GE,5236.97,Weekly,2025-06-30,2025-07-06,KG,2.677,2.677
BlueberryFamily,WHOLESALE,NL-GE,5736.15,Weekly,2025-07-07,2025-07-13,KG,2.651,2.651
BlueberryFamily,WHOLESALE,NL-GE,5723.62,Weekly,2025-07-14,2025-07-20,KG,2.664,2.664
BlueberryFamily,WHOLESALE,NL-GE,5709.43,Weekly,2025-07-21,2025-07-27,KG,2.658,2.658
BlueberryFamily,WHOLESALE,NL-GE,5496.0199999999995,Weekly,2025-07-28,2025-08-03,KG,2.5,2.5
BlueberryFamily,WHOLESALE,NL-GE,6339.28,Weekly,2025-08-04,2025-08-10,KG,2.257,2.257
BlueberryFamily,WHOLESALE,NL-GE,6429.13,Weekly,2025-08-11,2025-08-17,KG,2.297,2.297
BlueberryFamily,WHOLESALE,NL-GE,6598.83,Weekly,2025-08-18,2025-08-24,KG,2.272,2.272
BlueberryFamily,WHOLESALE,NL-GE,6638.150000000001,Weekly,2025-08-25,2025-08-31,KG,2.29,2.29
BlueberryFamily,WHOLESALE,NL-GE,6907.96,Weekly,2025-09-01,2025-09-07,KG,2.281,2.281
BlueberryFamily,WHOLESALE,NL-GE,5939.71,Weekly,2025-09-08,2025-09-14,KG,2.286,2.286
BlueberryFamily,WHOLESALE,NL-GE,6410.79,Weekly,2025-09-15,2025-09-21,KG,2.284,2.284
BlueberryFamily,WHOLESALE,NL-GE,7194.59,Weekly,2025-09-22,2025-09-28,KG,2.298,2.298
BlueberryFamily,WHOLESALE,NL-GE,6492.86,Weekly,2025-09-29,2025-10-05,KG,2.276,2.276
BlueberryFamily,WHOLESALE,NL-GE,6719.4,Weekly,2025-10-06,2025-10-12,KG,2.279,2.279
BlueberryFamily,WHOLESALE,NL-GE,7132.46,Weekly,2025-10-13,2025-10-19,KG,2.284,2.284
BlueberryFamily,WHOLESALE,NL-GE,6240.39,Weekly,2025-10-20,2025-10-26,KG,2.276,2.276
BlueberryFamily,WHOLESALE,NL-GE,6532.82,Weekly,2025-10-27,2025-11-02,KG,2.383,2.383
BlueberryFamily,WHOLESALE,NL-GE,7629.07,Weekly,2025-11-03,2025-11-09,KG,2.65,2.65
BlueberryFamily,WHOLESALE,NL-GE,6392.83,Weekly,2025-11-10,2025-11-16,KG,2.69,2.69
BlueberryFamily,WHOLESALE,NL-GE,6312.24,Weekly,2025-11-17,2025-11-23,KG,2.677,2.677
BlueberryFamily,WHOLESALE,NL-GE,6538.33,Weekly,2025-11-24,2025-11-30,KG,2.681,2.681
BlueberryFamily,WHOLESALE,NL-GE,6428.38,Weekly,2025-12-01,2025-12-07,KG,2.682,2.682
BlueberryFamily,WHOLESALE,NL-GE,7255.93,Weekly,2025-12-08,2025-12-14,KG,2.715,2.715
BlueberryFamily,WHOLESALE,NL-GE,7222.11,Weekly,2025-12-15,2025-12-21,KG,2.666,2.666
BlueberryFamily,WHOLESALE,NL-GE,6555.06,Weekly,2025-12-22,2025-12-28,KG,2.673,2.673
BlueberryFamily,WHOLESALE,NL-GE,5902.04,Weekly,2025-12-29,2026-01-04,KG,2.678,2.678
BlueberryFamily,WHOLESALE,NL-GE,5677.68,Weekly,2026-01-05,2026-01-11,KG,2.676,2.676
BlueberryFamily,WHOLESALE,NL-GE,6788.78,Weekly,2026-01-12,2026-01-18,KG,2.658,2.658
BlueberryFamily,WHOLESALE,NL-GE,6653.12,Weekly,2026-01-19,2026-01-25,KG,2.708,2.708
BlueberryFamily,WHOLESALE,NL-GE,5916.59,Weekly,2026-01-26,2026-02-01,KG,2.688,2.688
BlueberryFamily,WHOLESALE,NL-NB,3671.42,Weekly,2023-01-30,2023-02-05,KG,2.767,2.767
BlueberryFamily,WHOLESALE,NL-NB,6437.4,Weekly,2023-02-06,2023-02-12,KG,2.766,2.766
BlueberryFamily,WHOLESALE,NL-NB,6576.8099999999995,Weekly,2023-02-13,2023-02-19,KG,2.776,2.776
BlueberryFamily,WHOLESALE,NL-NB,5991.93,Weekly,2023-02-20,2023-02-26,KG,2.727,2.727
BlueberryFamily,WHOLESALE,NL-NB,6179.82,Weekly,2023-02-27,2023-03-05,KG,2.756,2.756
BlueberryFamily,WHOLESALE,NL-NB,4940.89,Weekly,2023-03-06,2023-03-12,KG,2.774,2.774
BlueberryFamily,WHOLESALE,NL-NB,6229.6900000000005,Weekly,2023-03-13,2023-03-19,KG,2.757,2.757
BlueberryFamily,WHOLESALE,NL-NB,5210.5,Weekly,2023-03-20,2023-03-26,KG,2.753,2.753
BlueberryFamily,WHOLESALE,NL-NB,5189.47,Weekly,2023-03-27,2023-04-02,KG,2.76,2.76
BlueberryFamily,WHOLESALE,NL-NB,5917.66,Weekly,2023-04-03,2023-04-09,KG,2.704,2.704
BlueberryFamily,WHOLESALE,NL-NB,5350.93,Weekly,2023-04-10,2023-04-16,KG,2.761,2.761
BlueberryFamily,WHOLESALE,NL-NB,5461.77,Weekly,2023-04-17,2023-04-23,KG,2.755,2.755
BlueberryFamily,WHOLESALE,NL-NB,5275.58,Weekly,2023-04-24,2023-04-30,KG,2.724,2.724
BlueberryFamily,WHOLESALE,NL-NB,5561.78,Weekly,2023-05-01,2023-05-07,KG,2.769,2.769
BlueberryFamily,WHOLESALE,NL-NB,4973.29,Weekly,2023-05-08,2023-05-14,KG,2.762,2.762
BlueberryFamily,WHOLESALE,NL-NB,5995.530000000001,Weekly,2023-05-15,2023-05-21,KG,2.784,2.784
BlueberryFamily,WHOLESALE,NL-NB,5812.78,Weekly,2023-05-22,2023-05-28,KG,2.773,2.773
BlueberryFamily,WHOLESALE,NL-NB,5962.83,Weekly,2023-05-29,2023-06-04,KG,2.765,2.765
BlueberryFamily,WHOLESALE,NL-NB,5904.0,Weekly,2023-06-05,2023-06-11,KG,2.75,2.75
BlueberryFamily,WHOLESALE,NL-NB,5771.5,Weekly,2023-06-12,2023-06-18,KG,2.802,2.802
BlueberryFamily,WHOLESALE,NL-NB,5614.1,Weekly,2023-06-19,2023-06-25,KG,2.766,2.766
BlueberryFamily,WHOLESALE,NL-NB,5581.35,Weekly,2023-06-26,2023-07-02,KG,2.747,2.747
BlueberryFamily,WHOLESALE,NL-NB,5638.42,Weekly,2023-07-03,2023-07-09,KG,2.765,2.765
BlueberryFamily,WHOLESALE,NL-NB,6114.82,Weekly,2023-07-10,2023-07-16,KG,2.769,2.769
BlueberryFamily,WHOLESALE,NL-NB,5773.55,Weekly,2023-07-17,2023-07-23,KG,2.754,2.754
BlueberryFamily,WHOLESALE,NL-NB,5172.95,Weekly,2023-07-24,2023-07-30,KG,2.75,2.75
BlueberryFamily,WHOLESALE,NL-NB,4669.46,Weekly,2023-07-31,2023-08-06,KG,2.389,2.389
BlueberryFamily,WHOLESALE,NL-NB,6045.8,Weekly,2023-08-07,2023-08-13,KG,2.347,2.347
BlueberryFamily,WHOLESALE,NL-NB,6844.47,Weekly,2023-08-14,2023-08-20,KG,2.354,2.354
BlueberryFamily,WHOLESALE,NL-NB,6500.56,Weekly,2023-08-21,2023-08-27,KG,2.344,2.344
BlueberryFamily,WHOLESALE,NL-NB,6414.56,Weekly,2023-08-28,2023-09-03,KG,2.342,2.342
BlueberryFamily,WHOLESALE,NL-NB,7429.59,Weekly,2023-09-04,2023-09-10,KG,2.367,2.367
BlueberryFamily,WHOLESALE,NL-NB,7199.76,Weekly,2023-09-11,2023-09-17,KG,2.374,2.374
BlueberryFamily,WHOLESALE,NL-NB,6738.25,Weekly,2023-09-18,2023-09-24,KG,2.381,2.381
BlueberryFamily,WHOLESALE,NL-NB,7592.16,Weekly,2023-09-25,2023-10-01,KG,2.364,2.364
BlueberryFamily,WHOLESALE,NL-NB,7620.48,Weekly,2023-10-02,2023-10-08,KG,2.352,2.352
BlueberryFamily,WHOLESALE,NL-NB,6755.68,Weekly,2023-10-09,2023-10-15,KG,2.369,2.369
BlueberryFamily,WHOLESALE,NL-NB,6642.59,Weekly,2023-10-16,2023-10-22,KG,2.354,2.354
BlueberryFamily,WHOLESALE,NL-NB,6225.16,Weekly,2023-10-23,2023-10-29,KG,2.379,2.379
BlueberryFamily,WHOLESALE,NL-NB,6166.99,Weekly,2023-10-30,2023-11-05,KG,2.605,2.605
BlueberryFamily,WHOLESALE,NL-NB,6737.57,Weekly,2023-11-06,2023-11-12,KG,2.732,2.732
BlueberryFamily,WHOLESALE,NL-NB,6332.36,Weekly,2023-11-13,2023-11-19,KG,2.755,2.755
BlueberryFamily,WHOLESALE,NL-NB,6765.74,Weekly,2023-11-20,2023-11-26,KG,2.72,2.72
BlueberryFamily,WHOLESALE,NL-NB,6291.55,Weekly,2023-11-27,2023-12-03,KG,2.781,2.781
BlueberryFamily,WHOLESALE,NL-NB,6199.32,Weekly,2023-12-04,2023-12-10,KG,2.733,2.733
BlueberryFamily,WHOLESALE,NL-NB,7061.79,Weekly,2023-12-11,2023-12-17,KG,2.763,2.763
BlueberryFamily,WHOLESALE,NL-NB,5848.35,Weekly,2023-12-18,2023-12-24,KG,2.755,2.755
BlueberryFamily,WHOLESALE,NL-NB,6599.16,Weekly,2023-12-25,2023-12-31,KG,2.772,2.772
BlueberryFamily,WHOLESALE,NL-NB,5885.41,Weekly,2024-01-01,2024-01-07,KG,2.758,2.758
BlueberryFamily,WHOLESALE,NL-NB,6276.82,Weekly,2024-01-08,2024-01-14,KG,2.759,2.759
BlueberryFamily,WHOLESALE,NL-NB,6329.91,Weekly,2024-01-15,2024-01-21,KG,2.742,2.742
BlueberryFamily,WHOLESALE,NL-NB,6767.5599999999995,Weekly,2024-01-22,2024-01-28,KG,2.754,2.754
BlueberryFamily,WHOLESALE,NL-NB,6697.36,Weekly,2024-01-29,2024-02-04,KG,2.736,2.736
BlueberryFamily,WHOLESALE,NL-NB,6098.7,Weekly,2024-02-05,2024-02-11,KG,2.744,2.744
BlueberryFamily,WHOLESALE,NL-NB,6008.87,Weekly,2024-02-12,2024-02-18,KG,2.78,2.78
BlueberryFamily,WHOLESALE,NL-NB,5830.29,Weekly,2024-02-19,2024-02-25,KG,2.776,2.776
BlueberryFamily,WHOLESALE,NL-NB,6168.8,Weekly,2024-02-26,2024-03-03,KG,2.756,2.756
BlueberryFamily,WHOLESALE,NL-NB,6738.25,Weekly,2024-03-04,2024-03-10,KG,2.74,2.74
BlueberryFamily,WHOLESALE,NL-NB,5707.71,Weekly,2024-03-11,2024-03-17,KG,2.79,2.79
BlueberryFamily,WHOLESALE,NL-NB,5726.79,Weekly,2024-03-18,2024-03-24,KG,2.776,2.776
BlueberryFamily,WHOLESALE,NL-NB,5780.66,Weekly,2024-03-25,2024-03-31,KG,2.771,2.771
BlueberryFamily,WHOLESALE,NL-NB,5767.9800000000005,Weekly,2024-04-01,2024-04-07,KG,2.737,2.737
BlueberryFamily,WHOLESALE,NL-NB,5998.41,Weekly,2024-04-08,2024-04-14,KG,2.739,2.739
BlueberryFamily,WHOLESALE,NL-NB,4643.0,Weekly,2024-04-15,2024-04-21,KG,2.739,2.739
BlueberryFamily,WHOLESALE,NL-NB,5300.21,Weekly,2024-04-22,2024-04-28,KG,2.771,2.771
BlueberryFamily,WHOLESALE,NL-NB,5422.09,Weekly,2024-04-29,2024-05-05,KG,2.748,2.748
BlueberryFamily,WHOLESALE,NL-NB,5513.22,Weekly,2024-05-06,2024-05-12,KG,2.776,2.776
BlueberryFamily,WHOLESALE,NL-NB,4982.400000000001,Weekly,2024-05-13,2024-05-19,KG,2.807,2.807
BlueberryFamily,WHOLESALE,NL-NB,4939.4,Weekly,2024-05-20,2024-05-26,KG,2.744,2.744
BlueberryFamily,WHOLESALE,NL-NB,5269.92,Weekly,2024-05-27,2024-06-02,KG,2.736,2.736
BlueberryFamily,WHOLESALE,NL-NB,5695.47,Weekly,2024-06-03,2024-06-09,KG,2.721,2.721
BlueberryFamily,WHOLESALE,NL-NB,4527.02,Weekly,2024-06-10,2024-06-16,KG,2.792,2.792
BlueberryFamily,WHOLESALE,NL-NB,5118.75,Weekly,2024-06-17,2024-06-23,KG,2.74,2.74
BlueberryFamily,WHOLESALE,NL-NB,5802.68,Weekly,2024-06-24,2024-06-30,KG,2.78,2.78
BlueberryFamily,WHOLESALE,NL-NB,5106.69,Weekly,2024-07-01,2024-07-07,KG,2.774,2.774
BlueberryFamily,WHOLESALE,NL-NB,5373.71,Weekly,2024-07-08,2024-07-14,KG,2.762,2.762
BlueberryFamily,WHOLESALE,NL-NB,6175.64,Weekly,2024-07-15,2024-07-21,KG,2.767,2.767
BlueberryFamily,WHOLESALE,NL-NB,5651.72,Weekly,2024-07-22,2024-07-28,KG,2.769,2.769
BlueberryFamily,WHOLESALE,NL-NB,6184.6,Weekly,2024-07-29,2024-08-04,KG,2.572,2.572
BlueberryFamily,WHOLESALE,NL-NB,6607.14,Weekly,2024-08-05,2024-08-11,KG,2.347,2.347
BlueberryFamily,WHOLESALE,NL-NB,6268.99,Weekly,2024-08-12,2024-08-18,KG,2.329,2.329
BlueberryFamily,WHOLESALE,NL-NB,6475.84,Weekly,2024-08-19,2024-08-25,KG,2.356,2.356
BlueberryFamily,WHOLESALE,NL-NB,7048.39,Weekly,2024-08-26,2024-09-01,KG,2.378,2.378
BlueberryFamily,WHOLESALE,NL-NB,6762.57,Weekly,2024-09-02,2024-09-08,KG,2.353,2.353
BlueberryFamily,WHOLESALE,NL-NB,6470.37,Weekly,2024-09-09,2024-09-15,KG,2.383,2.383
BlueberryFamily,WHOLESALE,NL-NB,7638.82,Weekly,2024-09-16,2024-09-22,KG,2.338,2.338
BlueberryFamily,WHOLESALE,NL-NB,6421.6,Weekly,2024-09-23,2024-09-29,KG,2.359,2.359
BlueberryFamily,WHOLESALE,NL-NB,7035.24,Weekly,2024-09-30,2024-10-06,KG,2.373,2.373
BlueberryFamily,WHOLESALE,NL-NB,6697.24,Weekly,2024-10-07,2024-10-13,KG,2.327,2.327
BlueberryFamily,WHOLESALE,NL-NB,6789.86,Weekly,2024-10-14,2024-10-20,KG,2.369,2.369
BlueberryFamily,WHOLESALE,NL-NB,6924.85,Weekly,2024-10-21,2024-10-27,KG,2.37,2.37
BlueberryFamily,WHOLESALE,NL-NB,7168.07,Weekly,2024-10-28,2024-11-03,KG,2.529,2.529
BlueberryFamily,WHOLESALE,NL-NB,6895.2699999999995,Weekly,2024-11-04,2024-11-10,KG,2.732,2.732
BlueberryFamily,WHOLESALE,NL-NB,7224.54,Weekly,2024-11-11,2024-11-17,KG,2.748,2.748
BlueberryFamily,WHOLESALE,NL-NB,5848.75,Weekly,2024-11-18,2024-11-24,KG,2.772,2.772
BlueberryFamily,WHOLESALE,NL-NB,7050.96,Weekly,2024-11-25,2024-12-01,KG,2.796,2.796
BlueberryFamily,WHOLESALE,NL-NB,6777.91,Weekly,2024-12-02,2024-12-08,KG,2.757,2.757
BlueberryFamily,WHOLESALE,NL-NB,6641.49,Weekly,2024-12-09,2024-12-15,KG,2.765,2.765
BlueberryFamily,WHOLESALE,NL-NB,6517.41,Weekly,2024-12-16,2024-12-22,KG,2.766,2.766
BlueberryFamily,WHOLESALE,NL-NB,6603.62,Weekly,2024-12-23,2024-12-29,KG,2.764,2.764
BlueberryFamily,WHOLESALE,NL-NB,5950.26,Weekly,2024-12-30,2025-01-05,KG,2.766,2.766
BlueberryFamily,WHOLESALE,NL-NB,6111.79,Weekly,2025-01-06,2025-01-12,KG,2.778,2.778
BlueberryFamily,WHOLESALE,NL-NB,6530.85,Weekly,2025-01-13,2025-01-19,KG,2.761,2.761
BlueberryFamily,WHOLESALE,NL-NB,5644.84,Weekly,2025-01-20,2025-01-26,KG,2.759,2.759
BlueberryFamily,WHOLESALE,NL-NB,6669.38,Weekly,2025-01-27,2025-02-02,KG,2.784,2.784
BlueberryFamily,WHOLESALE,NL-NB,6454.15,Weekly,2025-02-03,2025-02-09,KG,2.756,2.756
BlueberryFamily,WHOLESALE,NL-NB,5790.86,Weekly,2025-02-10,2025-02-16,KG,2.798,2.798
BlueberryFamily,WHOLESALE,NL-NB,6758.49,Weekly,2025-02-17,2025-02-23,KG,2.752,2.752
BlueberryFamily,WHOLESALE,NL-NB,5846.02,Weekly,2025-02-24,2025-03-02,KG,2.758,2.758
BlueberryFamily,WHOLESALE,NL-NB,7320.65,Weekly,2025-03-03,2025-03-09,KG,2.783,2.783
BlueberryFamily,WHOLESALE,NL-NB,6370.7,Weekly,2025-03-10,2025-03-16,KG,2.769,2.769
BlueberryFamily,WHOLESALE,NL-NB,7119.73,Weekly,2025-03-17,2025-03-23,KG,2.796,2.796
BlueberryFamily,WHOLESALE,NL-NB,6546.51,Weekly,2025-03-24,2025-03-30,KG,2.774,2.774
BlueberryFamily,WHOLESALE,NL-NB,7022.41,Weekly,2025-03-31,2025-04-06,KG,2.753,2.753
BlueberryFamily,WHOLESALE,NL-NB,6676.31,Weekly,2025-04-07,2025-04-13,KG,2.738,2.738
BlueberryFamily,WHOLESALE,NL-NB,5198.22,Weekly,2025-04-14,2025-04-20,KG,2.752,2.752
BlueberryFamily,WHOLESALE,NL-NB,5793.6900000000005,Weekly,2025-04-21,2025-04-27,KG,2.748,2.748
BlueberryFamily,WHOLESALE,NL-NB,6377.2300000000005,Weekly,2025-04-28,2025-05-04,KG,2.754,2.754
BlueberryFamily,WHOLESALE,NL-NB,5876.82,Weekly,2025-05-05,2025-05-11,KG,2.744,2.744
BlueberryFamily,WHOLESALE,NL-NB,6203.66,Weekly,2025-05-12,2025-05-18,KG,2.743,2.743
BlueberryFamily,WHOLESALE,NL-NB,5743.36,Weekly,2025-05-19,2025-05-25,KG,2.783,2.783
BlueberryFamily,WHOLESALE,NL-NB,4938.55,Weekly,2025-05-26,2025-06-01,KG,2.758,2.758
BlueberryFamily,WHOLESALE,NL-NB,5299.4,Weekly,2025-06-02,2025-06-08,KG,2.781,2.781
BlueberryFamily,WHOLESALE,NL-NB,5747.8,Weekly,2025-06-09,2025-06-15,KG,2.777,2.777
BlueberryFamily,WHOLESALE,NL-NB,5945.46,Weekly,2025-06-16,2025-06-22,KG,2.751,2.751
BlueberryFamily,WHOLESALE,NL-NB,5528.05,Weekly,2025-06-23,2025-06-29,KG,2.751,2.751
BlueberryFamily,WHOLESALE,NL-NB,5248.74,Weekly,2025-06-30,2025-07-06,KG,2.758,2.758
BlueberryFamily,WHOLESALE,NL-NB,6051.92,Weekly,2025-07-07,2025-07-13,KG,2.765,2.765
BlueberryFamily,WHOLESALE,NL-NB,5975.25,Weekly,2025-07-14,2025-07-20,KG,2.762,2.762
BlueberryFamily,WHOLESALE,NL-NB,5949.9400000000005,Weekly,2025-07-21,2025-07-27,KG,2.776,2.776
BlueberryFamily,WHOLESALE,NL-NB,6068.25,Weekly,2025-07-28,2025-08-03,KG,2.596,2.596
BlueberryFamily,WHOLESALE,NL-NB,6418.51,Weekly,2025-08-04,2025-08-10,KG,2.338,2.338
BlueberryFamily,WHOLESALE,NL-NB,6675.25,Weekly,2025-08-11,2025-08-17,KG,2.354,2.354
BlueberryFamily,WHOLESALE,NL-NB,6846.54,Weekly,2025-08-18,2025-08-24,KG,2.374,2.374
BlueberryFamily,WHOLESALE,NL-NB,6891.34,Weekly,2025-08-25,2025-08-31,KG,2.363,2.363
BlueberryFamily,WHOLESALE,NL-NB,7292.53,Weekly,2025-09-01,2025-09-07,KG,2.376,2.376
BlueberryFamily,WHOLESALE,NL-NB,6469.3099999999995,Weekly,2025-09-08,2025-09-14,KG,2.332,2.332
BlueberryFamily,WHOLESALE,NL-NB,7201.3,Weekly,2025-09-15,2025-09-21,KG,2.343,2.343
BlueberryFamily,WHOLESALE,NL-NB,7434.89,Weekly,2025-09-22,2025-09-28,KG,2.36,2.36
BlueberryFamily,WHOLESALE,NL-NB,6793.74,Weekly,2025-09-29,2025-10-05,KG,2.349,2.349
BlueberryFamily,WHOLESALE,NL-NB,7430.4,Weekly,2025-10-06,2025-10-12,KG,2.372,2.372
BlueberryFamily,WHOLESALE,NL-NB,7014.19,Weekly,2025-10-13,2025-10-19,KG,2.326,2.326
BlueberryFamily,WHOLESALE,NL-NB,6112.27,Weekly,2025-10-20,2025-10-26,KG,2.382,2.382
BlueberryFamily,WHOLESALE,NL-NB,6721.6,Weekly,2025-10-27,2025-11-02,KG,2.444,2.444
BlueberryFamily,WHOLESALE,NL-NB,8242.78,Weekly,2025-11-03,2025-11-09,KG,2.767,2.767
BlueberryFamily,WHOLESALE,NL-NB,7163.18,Weekly,2025-11-10,2025-11-16,KG,2.754,2.754
BlueberryFamily,WHOLESALE,NL-NB,6758.01,Weekly,2025-11-17,2025-11-23,KG,2.758,2.758
BlueberryFamily,WHOLESALE,NL-NB,6501.13,Weekly,2025-11-24,2025-11-30,KG,2.753,2.753
BlueberryFamily,WHOLESALE,NL-NB,6481.53,Weekly,2025-12-01,2025-12-07,KG,2.76,2.76
BlueberryFamily,WHOLESALE,NL-NB,7327.11,Weekly,2025-12-08,2025-12-14,KG,2.761,2.761
BlueberryFamily,WHOLESALE,NL-NB,7217.12,Weekly,2025-12-15,2025-12-21,KG,2.769,2.769
BlueberryFamily,WHOLESALE,NL-NB,6946.89,Weekly,2025-12-22,2025-12-28,KG,2.81,2.81
BlueberryFamily,WHOLESALE,NL-NB,6256.58,Weekly,2025-12-29,2026-01-04,KG,2.752,2.752
BlueberryFamily,WHOLESALE,NL-NB,5906.83,Weekly,2026-01-05,2026-01-11,KG,2.751,2.751
BlueberryFamily,WHOLESALE,NL-NB,6976.36,Weekly,2026-01-12,2026-01-18,KG,2.776,2.776
BlueberryFamily,WHOLESALE,NL-NB,7135.6900000000005,Weekly,2026-01-19,2026-01-25,KG,2.763,2.763
BlueberryFamily,WHOLESALE,NL-NB,6254.49,Weekly,2026-01-26,2026-02-01,KG,2.741,2.741
BlueberryFamily,WHOLESALE,NL-NH,3732.05,Weekly,2023-01-30,2023-02-05,KG,2.837,2.837
BlueberryFamily,WHOLESALE,NL-NH,7013.2300000000005,Weekly,2023-02-06,2023-02-12,KG,2.864,2.864
BlueberryFamily,WHOLESALE,NL-NH,6624.79,Weekly,2023-02-13,2023-02-19,KG,2.83,2.83
BlueberryFamily,WHOLESALE,NL-NH,6507.67,Weekly,2023-02-20,2023-02-26,KG,2.864,2.864
BlueberryFamily,WHOLESALE,NL-NH,6549.33,Weekly,2023-02-27,2023-03-05,KG,2.834,2.834
BlueberryFamily,WHOLESALE,NL-NH,5190.28,Weekly,2023-03-06,2023-03-12,KG,2.834,2.834
BlueberryFamily,WHOLESALE,NL-NH,6244.32,Weekly,2023-03-13,2023-03-19,KG,2.825,2.825
BlueberryFamily,WHOLESALE,NL-NH,5406.91,Weekly,2023-03-20,2023-03-26,KG,2.851,2.851
BlueberryFamily,WHOLESALE,NL-NH,5585.33,Weekly,2023-03-27,2023-04-02,KG,2.837,2.837
BlueberryFamily,WHOLESALE,NL-NH,6073.26,Weekly,2023-04-03,2023-04-09,KG,2.837,2.837
BlueberryFamily,WHOLESALE,NL-NH,5493.5,Weekly,2023-04-10,2023-04-16,KG,2.871,2.871
BlueberryFamily,WHOLESALE,NL-NH,5331.82,Weekly,2023-04-17,2023-04-23,KG,2.828,2.828
BlueberryFamily,WHOLESALE,NL-NH,5493.59,Weekly,2023-04-24,2023-04-30,KG,2.815,2.815
BlueberryFamily,WHOLESALE,NL-NH,5672.84,Weekly,2023-05-01,2023-05-07,KG,2.862,2.862
BlueberryFamily,WHOLESALE,NL-NH,5336.69,Weekly,2023-05-08,2023-05-14,KG,2.849,2.849
BlueberryFamily,WHOLESALE,NL-NH,6193.97,Weekly,2023-05-15,2023-05-21,KG,2.858,2.858
BlueberryFamily,WHOLESALE,NL-NH,5716.14,Weekly,2023-05-22,2023-05-28,KG,2.839,2.839
BlueberryFamily,WHOLESALE,NL-NH,5994.86,Weekly,2023-05-29,2023-06-04,KG,2.835,2.835
BlueberryFamily,WHOLESALE,NL-NH,6075.95,Weekly,2023-06-05,2023-06-11,KG,2.871,2.871
BlueberryFamily,WHOLESALE,NL-NH,6169.23,Weekly,2023-06-12,2023-06-18,KG,2.866,2.866
BlueberryFamily,WHOLESALE,NL-NH,6068.22,Weekly,2023-06-19,2023-06-25,KG,2.863,2.863
BlueberryFamily,WHOLESALE,NL-NH,5502.93,Weekly,2023-06-26,2023-07-02,KG,2.831,2.831
BlueberryFamily,WHOLESALE,NL-NH,5732.51,Weekly,2023-07-03,2023-07-09,KG,2.866,2.866
BlueberryFamily,WHOLESALE,NL-NH,6261.09,Weekly,2023-07-10,2023-07-16,KG,2.82,2.82
BlueberryFamily,WHOLESALE,NL-NH,5590.17,Weekly,2023-07-17,2023-07-23,KG,2.843,2.843
BlueberryFamily,WHOLESALE,NL-NH,5558.849999999999,Weekly,2023-07-24,2023-07-30,KG,2.872,2.872
BlueberryFamily,WHOLESALE,NL-NH,4769.87,Weekly,2023-07-31,2023-08-06,KG,2.476,2.476
BlueberryFamily,WHOLESALE,NL-NH,6697.81,Weekly,2023-08-07,2023-08-13,KG,2.431,2.431
BlueberryFamily,WHOLESALE,NL-NH,6891.33,Weekly,2023-08-14,2023-08-20,KG,2.422,2.422
BlueberryFamily,WHOLESALE,NL-NH,6750.83,Weekly,2023-08-21,2023-08-27,KG,2.432,2.432
BlueberryFamily,WHOLESALE,NL-NH,6954.43,Weekly,2023-08-28,2023-09-03,KG,2.443,2.443
BlueberryFamily,WHOLESALE,NL-NH,7821.51,Weekly,2023-09-04,2023-09-10,KG,2.423,2.423
BlueberryFamily,WHOLESALE,NL-NH,7521.85,Weekly,2023-09-11,2023-09-17,KG,2.429,2.429
BlueberryFamily,WHOLESALE,NL-NH,6253.7,Weekly,2023-09-18,2023-09-24,KG,2.41,2.41
BlueberryFamily,WHOLESALE,NL-NH,8277.67,Weekly,2023-09-25,2023-10-01,KG,2.437,2.437
BlueberryFamily,WHOLESALE,NL-NH,7916.93,Weekly,2023-10-02,2023-10-08,KG,2.453,2.453
BlueberryFamily,WHOLESALE,NL-NH,6696.39,Weekly,2023-10-09,2023-10-15,KG,2.404,2.404
BlueberryFamily,WHOLESALE,NL-NH,6915.35,Weekly,2023-10-16,2023-10-22,KG,2.413,2.413
BlueberryFamily,WHOLESALE,NL-NH,5822.7,Weekly,2023-10-23,2023-10-29,KG,2.449,2.449
BlueberryFamily,WHOLESALE,NL-NH,5739.5,Weekly,2023-10-30,2023-11-05,KG,2.727,2.727
BlueberryFamily,WHOLESALE,NL-NH,6481.56,Weekly,2023-11-06,2023-11-12,KG,2.876,2.876
BlueberryFamily,WHOLESALE,NL-NH,6591.59,Weekly,2023-11-13,2023-11-19,KG,2.817,2.817
BlueberryFamily,WHOLESALE,NL-NH,7276.16,Weekly,2023-11-20,2023-11-26,KG,2.837,2.837
BlueberryFamily,WHOLESALE,NL-NH,6325.83,Weekly,2023-11-27,2023-12-03,KG,2.829,2.829
BlueberryFamily,WHOLESALE,NL-NH,6197.31,Weekly,2023-12-04,2023-12-10,KG,2.828,2.828
BlueberryFamily,WHOLESALE,NL-NH,7319.29,Weekly,2023-12-11,2023-12-17,KG,2.861,2.861
BlueberryFamily,WHOLESALE,NL-NH,6470.58,Weekly,2023-12-18,2023-12-24,KG,2.846,2.846
BlueberryFamily,WHOLESALE,NL-NH,6706.59,Weekly,2023-12-25,2023-12-31,KG,2.855,2.855
BlueberryFamily,WHOLESALE,NL-NH,6386.39,Weekly,2024-01-01,2024-01-07,KG,2.864,2.864
BlueberryFamily,WHOLESALE,NL-NH,6688.57,Weekly,2024-01-08,2024-01-14,KG,2.848,2.848
BlueberryFamily,WHOLESALE,NL-NH,6725.76,Weekly,2024-01-15,2024-01-21,KG,2.855,2.855
BlueberryFamily,WHOLESALE,NL-NH,6914.76,Weekly,2024-01-22,2024-01-28,KG,2.86,2.86
BlueberryFamily,WHOLESALE,NL-NH,6691.87,Weekly,2024-01-29,2024-02-04,KG,2.837,2.837
BlueberryFamily,WHOLESALE,NL-NH,5780.4400000000005,Weekly,2024-02-05,2024-02-11,KG,2.849,2.849
BlueberryFamily,WHOLESALE,NL-NH,6227.91,Weekly,2024-02-12,2024-02-18,KG,2.845,2.845
BlueberryFamily,WHOLESALE,NL-NH,6151.11,Weekly,2024-02-19,2024-02-25,KG,2.871,2.871
BlueberryFamily,WHOLESALE,NL-NH,6213.9,Weekly,2024-02-26,2024-03-03,KG,2.861,2.861
BlueberryFamily,WHOLESALE,NL-NH,6977.0,Weekly,2024-03-04,2024-03-10,KG,2.852,2.852
BlueberryFamily,WHOLESALE,NL-NH,6108.26,Weekly,2024-03-11,2024-03-17,KG,2.854,2.854
BlueberryFamily,WHOLESALE,NL-NH,5960.59,Weekly,2024-03-18,2024-03-24,KG,2.815,2.815
BlueberryFamily,WHOLESALE,NL-NH,6216.14,Weekly,2024-03-25,2024-03-31,KG,2.832,2.832
BlueberryFamily,WHOLESALE,NL-NH,5717.53,Weekly,2024-04-01,2024-04-07,KG,2.857,2.857
BlueberryFamily,WHOLESALE,NL-NH,6486.38,Weekly,2024-04-08,2024-04-14,KG,2.812,2.812
BlueberryFamily,WHOLESALE,NL-NH,4841.99,Weekly,2024-04-15,2024-04-21,KG,2.84,2.84
BlueberryFamily,WHOLESALE,NL-NH,5506.17,Weekly,2024-04-22,2024-04-28,KG,2.848,2.848
BlueberryFamily,WHOLESALE,NL-NH,5874.05,Weekly,2024-04-29,2024-05-05,KG,2.828,2.828
BlueberryFamily,WHOLESALE,NL-NH,6202.74,Weekly,2024-05-06,2024-05-12,KG,2.846,2.846
BlueberryFamily,WHOLESALE,NL-NH,5878.1900000000005,Weekly,2024-05-13,2024-05-19,KG,2.869,2.869
BlueberryFamily,WHOLESALE,NL-NH,4572.64,Weekly,2024-05-20,2024-05-26,KG,2.869,2.869
BlueberryFamily,WHOLESALE,NL-NH,5004.26,Weekly,2024-05-27,2024-06-02,KG,2.861,2.861
BlueberryFamily,WHOLESALE,NL-NH,5344.97,Weekly,2024-06-03,2024-06-09,KG,2.837,2.837
BlueberryFamily,WHOLESALE,NL-NH,4805.13,Weekly,2024-06-10,2024-06-16,KG,2.812,2.812
BlueberryFamily,WHOLESALE,NL-NH,5411.03,Weekly,2024-06-17,2024-06-23,KG,2.87,2.87
BlueberryFamily,WHOLESALE,NL-NH,6122.24,Weekly,2024-06-24,2024-06-30,KG,2.858,2.858
BlueberryFamily,WHOLESALE,NL-NH,4588.03,Weekly,2024-07-01,2024-07-07,KG,2.854,2.854
BlueberryFamily,WHOLESALE,NL-NH,5311.92,Weekly,2024-07-08,2024-07-14,KG,2.832,2.832
BlueberryFamily,WHOLESALE,NL-NH,5937.43,Weekly,2024-07-15,2024-07-21,KG,2.812,2.812
BlueberryFamily,WHOLESALE,NL-NH,6121.71,Weekly,2024-07-22,2024-07-28,KG,2.81,2.81
BlueberryFamily,WHOLESALE,NL-NH,6562.15,Weekly,2024-07-29,2024-08-04,KG,2.609,2.609
BlueberryFamily,WHOLESALE,NL-NH,6587.4,Weekly,2024-08-05,2024-08-11,KG,2.413,2.413
BlueberryFamily,WHOLESALE,NL-NH,6609.97,Weekly,2024-08-12,2024-08-18,KG,2.395,2.395
BlueberryFamily,WHOLESALE,NL-NH,6351.16,Weekly,2024-08-19,2024-08-25,KG,2.429,2.429
BlueberryFamily,WHOLESALE,NL-NH,7525.28,Weekly,2024-08-26,2024-09-01,KG,2.428,2.428
BlueberryFamily,WHOLESALE,NL-NH,7191.84,Weekly,2024-09-02,2024-09-08,KG,2.432,2.432
BlueberryFamily,WHOLESALE,NL-NH,6431.57,Weekly,2024-09-09,2024-09-15,KG,2.418,2.418
BlueberryFamily,WHOLESALE,NL-NH,7990.64,Weekly,2024-09-16,2024-09-22,KG,2.417,2.417
BlueberryFamily,WHOLESALE,NL-NH,6035.05,Weekly,2024-09-23,2024-09-29,KG,2.402,2.402
BlueberryFamily,WHOLESALE,NL-NH,6688.19,Weekly,2024-09-30,2024-10-06,KG,2.43,2.43
BlueberryFamily,WHOLESALE,NL-NH,7411.12,Weekly,2024-10-07,2024-10-13,KG,2.418,2.418
BlueberryFamily,WHOLESALE,NL-NH,7376.98,Weekly,2024-10-14,2024-10-20,KG,2.417,2.417
BlueberryFamily,WHOLESALE,NL-NH,7633.73,Weekly,2024-10-21,2024-10-27,KG,2.42,2.42
BlueberryFamily,WHOLESALE,NL-NH,7866.6900000000005,Weekly,2024-10-28,2024-11-03,KG,2.592,2.592
BlueberryFamily,WHOLESALE,NL-NH,7245.49,Weekly,2024-11-04,2024-11-10,KG,2.857,2.857
BlueberryFamily,WHOLESALE,NL-NH,7508.52,Weekly,2024-11-11,2024-11-17,KG,2.845,2.845
BlueberryFamily,WHOLESALE,NL-NH,5809.39,Weekly,2024-11-18,2024-11-24,KG,2.828,2.828
BlueberryFamily,WHOLESALE,NL-NH,7026.71,Weekly,2024-11-25,2024-12-01,KG,2.872,2.872
BlueberryFamily,WHOLESALE,NL-NH,6556.86,Weekly,2024-12-02,2024-12-08,KG,2.853,2.853
BlueberryFamily,WHOLESALE,NL-NH,6945.08,Weekly,2024-12-09,2024-12-15,KG,2.841,2.841
BlueberryFamily,WHOLESALE,NL-NH,6746.02,Weekly,2024-12-16,2024-12-22,KG,2.852,2.852
BlueberryFamily,WHOLESALE,NL-NH,7058.7,Weekly,2024-12-23,2024-12-29,KG,2.852,2.852
BlueberryFamily,WHOLESALE,NL-NH,6439.39,Weekly,2024-12-30,2025-01-05,KG,2.846,2.846
BlueberryFamily,WHOLESALE,NL-NH,6535.47,Weekly,2025-01-06,2025-01-12,KG,2.856,2.856
BlueberryFamily,WHOLESALE,NL-NH,6762.18,Weekly,2025-01-13,2025-01-19,KG,2.839,2.839
BlueberryFamily,WHOLESALE,NL-NH,6286.29,Weekly,2025-01-20,2025-01-26,KG,2.84,2.84
BlueberryFamily,WHOLESALE,NL-NH,7003.99,Weekly,2025-01-27,2025-02-02,KG,2.829,2.829
BlueberryFamily,WHOLESALE,NL-NH,6714.57,Weekly,2025-02-03,2025-02-09,KG,2.835,2.835
BlueberryFamily,WHOLESALE,NL-NH,6021.43,Weekly,2025-02-10,2025-02-16,KG,2.815,2.815
BlueberryFamily,WHOLESALE,NL-NH,6758.66,Weekly,2025-02-17,2025-02-23,KG,2.825,2.825
BlueberryFamily,WHOLESALE,NL-NH,6763.26,Weekly,2025-02-24,2025-03-02,KG,2.843,2.843
BlueberryFamily,WHOLESALE,NL-NH,7330.49,Weekly,2025-03-03,2025-03-09,KG,2.844,2.844
BlueberryFamily,WHOLESALE,NL-NH,6715.92,Weekly,2025-03-10,2025-03-16,KG,2.844,2.844
BlueberryFamily,WHOLESALE,NL-NH,7070.6900000000005,Weekly,2025-03-17,2025-03-23,KG,2.821,2.821
BlueberryFamily,WHOLESALE,NL-NH,6748.849999999999,Weekly,2025-03-24,2025-03-30,KG,2.844,2.844
BlueberryFamily,WHOLESALE,NL-NH,7177.26,Weekly,2025-03-31,2025-04-06,KG,2.848,2.848
BlueberryFamily,WHOLESALE,NL-NH,6735.26,Weekly,2025-04-07,2025-04-13,KG,2.831,2.831
BlueberryFamily,WHOLESALE,NL-NH,6016.55,Weekly,2025-04-14,2025-04-20,KG,2.811,2.811
BlueberryFamily,WHOLESALE,NL-NH,5646.24,Weekly,2025-04-21,2025-04-27,KG,2.833,2.833
BlueberryFamily,WHOLESALE,NL-NH,6782.67,Weekly,2025-04-28,2025-05-04,KG,2.836,2.836
BlueberryFamily,WHOLESALE,NL-NH,6063.59,Weekly,2025-05-05,2025-05-11,KG,2.829,2.829
BlueberryFamily,WHOLESALE,NL-NH,6375.41,Weekly,2025-05-12,2025-05-18,KG,2.816,2.816
BlueberryFamily,WHOLESALE,NL-NH,5750.67,Weekly,2025-05-19,2025-05-25,KG,2.817,2.817
BlueberryFamily,WHOLESALE,NL-NH,5315.38,Weekly,2025-05-26,2025-06-01,KG,2.848,2.848
BlueberryFamily,WHOLESALE,NL-NH,5007.57,Weekly,2025-06-02,2025-06-08,KG,2.842,2.842
BlueberryFamily,WHOLESALE,NL-NH,6090.0,Weekly,2025-06-09,2025-06-15,KG,2.842,2.842
BlueberryFamily,WHOLESALE,NL-NH,6004.46,Weekly,2025-06-16,2025-06-22,KG,2.838,2.838
BlueberryFamily,WHOLESALE,NL-NH,6055.84,Weekly,2025-06-23,2025-06-29,KG,2.85,2.85
BlueberryFamily,WHOLESALE,NL-NH,5663.61,Weekly,2025-06-30,2025-07-06,KG,2.828,2.828
BlueberryFamily,WHOLESALE,NL-NH,6120.02,Weekly,2025-07-07,2025-07-13,KG,2.864,2.864
BlueberryFamily,WHOLESALE,NL-NH,5620.78,Weekly,2025-07-14,2025-07-20,KG,2.87,2.87
BlueberryFamily,WHOLESALE,NL-NH,5759.11,Weekly,2025-07-21,2025-07-27,KG,2.837,2.837
BlueberryFamily,WHOLESALE,NL-NH,5964.87,Weekly,2025-07-28,2025-08-03,KG,2.707,2.707
BlueberryFamily,WHOLESALE,NL-NH,6600.03,Weekly,2025-08-04,2025-08-10,KG,2.416,2.416
BlueberryFamily,WHOLESALE,NL-NH,6706.01,Weekly,2025-08-11,2025-08-17,KG,2.413,2.413
BlueberryFamily,WHOLESALE,NL-NH,7005.95,Weekly,2025-08-18,2025-08-24,KG,2.451,2.451
BlueberryFamily,WHOLESALE,NL-NH,7075.55,Weekly,2025-08-25,2025-08-31,KG,2.427,2.427
BlueberryFamily,WHOLESALE,NL-NH,7094.35,Weekly,2025-09-01,2025-09-07,KG,2.412,2.412
BlueberryFamily,WHOLESALE,NL-NH,6622.46,Weekly,2025-09-08,2025-09-14,KG,2.402,2.402
BlueberryFamily,WHOLESALE,NL-NH,6138.93,Weekly,2025-09-15,2025-09-21,KG,2.424,2.424
BlueberryFamily,WHOLESALE,NL-NH,7787.87,Weekly,2025-09-22,2025-09-28,KG,2.43,2.43
BlueberryFamily,WHOLESALE,NL-NH,6571.36,Weekly,2025-09-29,2025-10-05,KG,2.41,2.41
BlueberryFamily,WHOLESALE,NL-NH,7447.38,Weekly,2025-10-06,2025-10-12,KG,2.424,2.424
BlueberryFamily,WHOLESALE,NL-NH,7487.24,Weekly,2025-10-13,2025-10-19,KG,2.434,2.434
BlueberryFamily,WHOLESALE,NL-NH,5940.68,Weekly,2025-10-20,2025-10-26,KG,2.41,2.41
BlueberryFamily,WHOLESALE,NL-NH,6368.09,Weekly,2025-10-27,2025-11-02,KG,2.523,2.523
BlueberryFamily,WHOLESALE,NL-NH,8123.06,Weekly,2025-11-03,2025-11-09,KG,2.859,2.859
BlueberryFamily,WHOLESALE,NL-NH,6980.95,Weekly,2025-11-10,2025-11-16,KG,2.824,2.824
BlueberryFamily,WHOLESALE,NL-NH,6315.57,Weekly,2025-11-17,2025-11-23,KG,2.831,2.831
BlueberryFamily,WHOLESALE,NL-NH,7226.83,Weekly,2025-11-24,2025-11-30,KG,2.822,2.822
BlueberryFamily,WHOLESALE,NL-NH,7017.37,Weekly,2025-12-01,2025-12-07,KG,2.839,2.839
BlueberryFamily,WHOLESALE,NL-NH,7621.48,Weekly,2025-12-08,2025-12-14,KG,2.853,2.853
BlueberryFamily,WHOLESALE,NL-NH,7450.28,Weekly,2025-12-15,2025-12-21,KG,2.85,2.85
BlueberryFamily,WHOLESALE,NL-NH,7220.82,Weekly,2025-12-22,2025-12-28,KG,2.867,2.867
BlueberryFamily,WHOLESALE,NL-NH,5974.57,Weekly,2025-12-29,2026-01-04,KG,2.844,2.844
BlueberryFamily,WHOLESALE,NL-NH,6138.39,Weekly,2026-01-05,2026-01-11,KG,2.809,2.809
BlueberryFamily,WHOLESALE,NL-NH,7037.2,Weekly,2026-01-12,2026-01-18,KG,2.839,2.839
BlueberryFamily,WHOLESALE,NL-NH,7159.4,Weekly,2026-01-19,2026-01-25,KG,2.869,2.869
BlueberryFamily,WHOLESALE,NL-NH,6121.84,Weekly,2026-01-26,2026-02-01,KG,2.877,2.877
BlueberryFamily,WHOLESALE,NL-ZH,3933.91,Weekly,2023-01-30,2023-02-05,KG,2.934,2.934
BlueberryFamily,WHOLESALE,NL-ZH,7153.59,Weekly,2023-02-06,2023-02-12,KG,2.962,2.962
BlueberryFamily,WHOLESALE,NL-ZH,6938.2,Weekly,2023-02-13,2023-02-19,KG,2.932,2.932
BlueberryFamily,WHOLESALE,NL-ZH,6415.94,Weekly,2023-02-20,2023-02-26,KG,2.968,2.968
BlueberryFamily,WHOLESALE,NL-ZH,6482.69,Weekly,2023-02-27,2023-03-05,KG,2.929,2.929
BlueberryFamily,WHOLESALE,NL-ZH,5271.68,Weekly,2023-03-06,2023-03-12,KG,2.962,2.962
BlueberryFamily,WHOLESALE,NL-ZH,6430.67,Weekly,2023-03-13,2023-03-19,KG,2.912,2.912
BlueberryFamily,WHOLESALE,NL-ZH,5977.24,Weekly,2023-03-20,2023-03-26,KG,2.954,2.954
BlueberryFamily,WHOLESALE,NL-ZH,5744.0199999999995,Weekly,2023-03-27,2023-04-02,KG,2.898,2.898
BlueberryFamily,WHOLESALE,NL-ZH,6117.1,Weekly,2023-04-03,2023-04-09,KG,2.936,2.936
BlueberryFamily,WHOLESALE,NL-ZH,5472.67,Weekly,2023-04-10,2023-04-16,KG,2.92,2.92
BlueberryFamily,WHOLESALE,NL-ZH,5939.29,Weekly,2023-04-17,2023-04-23,KG,2.911,2.911
BlueberryFamily,WHOLESALE,NL-ZH,5294.83,Weekly,2023-04-24,2023-04-30,KG,2.938,2.938
BlueberryFamily,WHOLESALE,NL-ZH,6156.07,Weekly,2023-05-01,2023-05-07,KG,2.929,2.929
BlueberryFamily,WHOLESALE,NL-ZH,4938.14,Weekly,2023-05-08,2023-05-14,KG,2.911,2.911
BlueberryFamily,WHOLESALE,NL-ZH,6117.75,Weekly,2023-05-15,2023-05-21,KG,2.929,2.929
BlueberryFamily,WHOLESALE,NL-ZH,6298.66,Weekly,2023-05-22,2023-05-28,KG,2.924,2.924
BlueberryFamily,WHOLESALE,NL-ZH,6261.65,Weekly,2023-05-29,2023-06-04,KG,2.949,2.949
BlueberryFamily,WHOLESALE,NL-ZH,6127.4400000000005,Weekly,2023-06-05,2023-06-11,KG,2.926,2.926
BlueberryFamily,WHOLESALE,NL-ZH,6223.48,Weekly,2023-06-12,2023-06-18,KG,2.928,2.928
BlueberryFamily,WHOLESALE,NL-ZH,5913.36,Weekly,2023-06-19,2023-06-25,KG,2.947,2.947
BlueberryFamily,WHOLESALE,NL-ZH,5958.1,Weekly,2023-06-26,2023-07-02,KG,2.927,2.927
BlueberryFamily,WHOLESALE,NL-ZH,5590.2,Weekly,2023-07-03,2023-07-09,KG,2.903,2.903
BlueberryFamily,WHOLESALE,NL-ZH,6430.28,Weekly,2023-07-10,2023-07-16,KG,2.971,2.971
BlueberryFamily,WHOLESALE,NL-ZH,6028.32,Weekly,2023-07-17,2023-07-23,KG,2.91,2.91
BlueberryFamily,WHOLESALE,NL-ZH,5536.15,Weekly,2023-07-24,2023-07-30,KG,2.932,2.932
BlueberryFamily,WHOLESALE,NL-ZH,5122.75,Weekly,2023-07-31,2023-08-06,KG,2.568,2.568
BlueberryFamily,WHOLESALE,NL-ZH,6949.21,Weekly,2023-08-07,2023-08-13,KG,2.498,2.498
BlueberryFamily,WHOLESALE,NL-ZH,7167.3,Weekly,2023-08-14,2023-08-20,KG,2.481,2.481
BlueberryFamily,WHOLESALE,NL-ZH,6402.5,Weekly,2023-08-21,2023-08-27,KG,2.488,2.488
BlueberryFamily,WHOLESALE,NL-ZH,6925.79,Weekly,2023-08-28,2023-09-03,KG,2.502,2.502
BlueberryFamily,WHOLESALE,NL-ZH,8021.21,Weekly,2023-09-04,2023-09-10,KG,2.487,2.487
BlueberryFamily,WHOLESALE,NL-ZH,7572.91,Weekly,2023-09-11,2023-09-17,KG,2.504,2.504
BlueberryFamily,WHOLESALE,NL-ZH,6664.16,Weekly,2023-09-18,2023-09-24,KG,2.487,2.487
BlueberryFamily,WHOLESALE,NL-ZH,8559.63,Weekly,2023-09-25,2023-10-01,KG,2.489,2.489
BlueberryFamily,WHOLESALE,NL-ZH,8548.82,Weekly,2023-10-02,2023-10-08,KG,2.468,2.468
BlueberryFamily,WHOLESALE,NL-ZH,7128.78,Weekly,2023-10-09,2023-10-15,KG,2.49,2.49
BlueberryFamily,WHOLESALE,NL-ZH,6873.17,Weekly,2023-10-16,2023-10-22,KG,2.506,2.506
BlueberryFamily,WHOLESALE,NL-ZH,5974.12,Weekly,2023-10-23,2023-10-29,KG,2.532,2.532
BlueberryFamily,WHOLESALE,NL-ZH,5871.23,Weekly,2023-10-30,2023-11-05,KG,2.861,2.861
BlueberryFamily,WHOLESALE,NL-ZH,6733.61,Weekly,2023-11-06,2023-11-12,KG,2.963,2.963
BlueberryFamily,WHOLESALE,NL-ZH,6595.0599999999995,Weekly,2023-11-13,2023-11-19,KG,2.929,2.929
BlueberryFamily,WHOLESALE,NL-ZH,7455.72,Weekly,2023-11-20,2023-11-26,KG,2.937,2.937
BlueberryFamily,WHOLESALE,NL-ZH,6868.02,Weekly,2023-11-27,2023-12-03,KG,2.91,2.91
BlueberryFamily,WHOLESALE,NL-ZH,6920.72,Weekly,2023-12-04,2023-12-10,KG,2.925,2.925
BlueberryFamily,WHOLESALE,NL-ZH,7775.01,Weekly,2023-12-11,2023-12-17,KG,2.912,2.912
BlueberryFamily,WHOLESALE,NL-ZH,6630.84,Weekly,2023-12-18,2023-12-24,KG,2.922,2.922
BlueberryFamily,WHOLESALE,NL-ZH,6686.75,Weekly,2023-12-25,2023-12-31,KG,2.952,2.952
BlueberryFamily,WHOLESALE,NL-ZH,6701.97,Weekly,2024-01-01,2024-01-07,KG,2.93,2.93
BlueberryFamily,WHOLESALE,NL-ZH,6938.61,Weekly,2024-01-08,2024-01-14,KG,2.933,2.933
BlueberryFamily,WHOLESALE,NL-ZH,6960.84,Weekly,2024-01-15,2024-01-21,KG,2.948,2.948
BlueberryFamily,WHOLESALE,NL-ZH,7404.22,Weekly,2024-01-22,2024-01-28,KG,2.919,2.919
BlueberryFamily,WHOLESALE,NL-ZH,7126.05,Weekly,2024-01-29,2024-02-04,KG,2.918,2.918
BlueberryFamily,WHOLESALE,NL-ZH,6319.08,Weekly,2024-02-05,2024-02-11,KG,2.932,2.932
BlueberryFamily,WHOLESALE,NL-ZH,6667.21,Weekly,2024-02-12,2024-02-18,KG,2.925,2.925
BlueberryFamily,WHOLESALE,NL-ZH,6204.28,Weekly,2024-02-19,2024-02-25,KG,2.961,2.961
BlueberryFamily,WHOLESALE,NL-ZH,6122.22,Weekly,2024-02-26,2024-03-03,KG,2.91,2.91
BlueberryFamily,WHOLESALE,NL-ZH,7042.32,Weekly,2024-03-04,2024-03-10,KG,2.904,2.904
BlueberryFamily,WHOLESALE,NL-ZH,6322.87,Weekly,2024-03-11,2024-03-17,KG,2.943,2.943
BlueberryFamily,WHOLESALE,NL-ZH,6355.97,Weekly,2024-03-18,2024-03-24,KG,2.949,2.949
BlueberryFamily,WHOLESALE,NL-ZH,6380.89,Weekly,2024-03-25,2024-03-31,KG,2.903,2.903
BlueberryFamily,WHOLESALE,NL-ZH,5994.76,Weekly,2024-04-01,2024-04-07,KG,2.946,2.946
BlueberryFamily,WHOLESALE,NL-ZH,6541.64,Weekly,2024-04-08,2024-04-14,KG,2.939,2.939
BlueberryFamily,WHOLESALE,NL-ZH,5160.68,Weekly,2024-04-15,2024-04-21,KG,2.904,2.904
BlueberryFamily,WHOLESALE,NL-ZH,5753.52,Weekly,2024-04-22,2024-04-28,KG,2.928,2.928
BlueberryFamily,WHOLESALE,NL-ZH,5813.25,Weekly,2024-04-29,2024-05-05,KG,2.913,2.913
BlueberryFamily,WHOLESALE,NL-ZH,6255.15,Weekly,2024-05-06,2024-05-12,KG,2.951,2.951
BlueberryFamily,WHOLESALE,NL-ZH,5787.2,Weekly,2024-05-13,2024-05-19,KG,2.927,2.927
BlueberryFamily,WHOLESALE,NL-ZH,4755.31,Weekly,2024-05-20,2024-05-26,KG,2.913,2.913
BlueberryFamily,WHOLESALE,NL-ZH,5189.42,Weekly,2024-05-27,2024-06-02,KG,2.93,2.93
BlueberryFamily,WHOLESALE,NL-ZH,5899.72,Weekly,2024-06-03,2024-06-09,KG,2.93,2.93
BlueberryFamily,WHOLESALE,NL-ZH,4958.92,Weekly,2024-06-10,2024-06-16,KG,2.939,2.939
BlueberryFamily,WHOLESALE,NL-ZH,5593.72,Weekly,2024-06-17,2024-06-23,KG,2.93,2.93
BlueberryFamily,WHOLESALE,NL-ZH,6298.87,Weekly,2024-06-24,2024-06-30,KG,2.926,2.926
BlueberryFamily,WHOLESALE,NL-ZH,4632.98,Weekly,2024-07-01,2024-07-07,KG,2.942,2.942
BlueberryFamily,WHOLESALE,NL-ZH,5515.07,Weekly,2024-07-08,2024-07-14,KG,2.942,2.942
BlueberryFamily,WHOLESALE,NL-ZH,6495.56,Weekly,2024-07-15,2024-07-21,KG,2.901,2.901
BlueberryFamily,WHOLESALE,NL-ZH,6081.64,Weekly,2024-07-22,2024-07-28,KG,2.92,2.92
BlueberryFamily,WHOLESALE,NL-ZH,6311.65,Weekly,2024-07-29,2024-08-04,KG,2.712,2.712
BlueberryFamily,WHOLESALE,NL-ZH,6922.16,Weekly,2024-08-05,2024-08-11,KG,2.494,2.494
BlueberryFamily,WHOLESALE,NL-ZH,6894.6,Weekly,2024-08-12,2024-08-18,KG,2.482,2.482
BlueberryFamily,WHOLESALE,NL-ZH,6441.79,Weekly,2024-08-19,2024-08-25,KG,2.478,2.478
BlueberryFamily,WHOLESALE,NL-ZH,7478.15,Weekly,2024-08-26,2024-09-01,KG,2.491,2.491
BlueberryFamily,WHOLESALE,NL-ZH,7400.97,Weekly,2024-09-02,2024-09-08,KG,2.494,2.494
BlueberryFamily,WHOLESALE,NL-ZH,6660.46,Weekly,2024-09-09,2024-09-15,KG,2.479,2.479
BlueberryFamily,WHOLESALE,NL-ZH,8126.219999999999,Weekly,2024-09-16,2024-09-22,KG,2.467,2.467
BlueberryFamily,WHOLESALE,NL-ZH,6038.14,Weekly,2024-09-23,2024-09-29,KG,2.486,2.486
BlueberryFamily,WHOLESALE,NL-ZH,6955.16,Weekly,2024-09-30,2024-10-06,KG,2.51,2.51
BlueberryFamily,WHOLESALE,NL-ZH,7274.34,Weekly,2024-10-07,2024-10-13,KG,2.493,2.493
BlueberryFamily,WHOLESALE,NL-ZH,7491.08,Weekly,2024-10-14,2024-10-20,KG,2.503,2.503
BlueberryFamily,WHOLESALE,NL-ZH,8051.7,Weekly,2024-10-21,2024-10-27,KG,2.496,2.496
BlueberryFamily,WHOLESALE,NL-ZH,7614.34,Weekly,2024-10-28,2024-11-03,KG,2.666,2.666
BlueberryFamily,WHOLESALE,NL-ZH,7563.29,Weekly,2024-11-04,2024-11-10,KG,2.949,2.949
BlueberryFamily,WHOLESALE,NL-ZH,7395.67,Weekly,2024-11-11,2024-11-17,KG,2.915,2.915
BlueberryFamily,WHOLESALE,NL-ZH,6295.49,Weekly,2024-11-18,2024-11-24,KG,2.944,2.944
BlueberryFamily,WHOLESALE,NL-ZH,7294.73,Weekly,2024-11-25,2024-12-01,KG,2.908,2.908
BlueberryFamily,WHOLESALE,NL-ZH,6927.24,Weekly,2024-12-02,2024-12-08,KG,2.954,2.954
BlueberryFamily,WHOLESALE,NL-ZH,7033.18,Weekly,2024-12-09,2024-12-15,KG,2.93,2.93
BlueberryFamily,WHOLESALE,NL-ZH,6880.9800000000005,Weekly,2024-12-16,2024-12-22,KG,2.921,2.921
BlueberryFamily,WHOLESALE,NL-ZH,7129.400000000001,Weekly,2024-12-23,2024-12-29,KG,2.903,2.903
BlueberryFamily,WHOLESALE,NL-ZH,6662.92,Weekly,2024-12-30,2025-01-05,KG,2.9,2.9
BlueberryFamily,WHOLESALE,NL-ZH,7044.31,Weekly,2025-01-06,2025-01-12,KG,2.926,2.926
BlueberryFamily,WHOLESALE,NL-ZH,7052.47,Weekly,2025-01-13,2025-01-19,KG,2.927,2.927
BlueberryFamily,WHOLESALE,NL-ZH,6252.32,Weekly,2025-01-20,2025-01-26,KG,2.927,2.927
BlueberryFamily,WHOLESALE,NL-ZH,7024.91,Weekly,2025-01-27,2025-02-02,KG,2.942,2.942
BlueberryFamily,WHOLESALE,NL-ZH,6968.08,Weekly,2025-02-03,2025-02-09,KG,2.946,2.946
BlueberryFamily,WHOLESALE,NL-ZH,6295.29,Weekly,2025-02-10,2025-02-16,KG,2.966,2.966
BlueberryFamily,WHOLESALE,NL-ZH,6960.98,Weekly,2025-02-17,2025-02-23,KG,2.917,2.917
BlueberryFamily,WHOLESALE,NL-ZH,6729.05,Weekly,2025-02-24,2025-03-02,KG,2.89,2.89
BlueberryFamily,WHOLESALE,NL-ZH,7697.51,Weekly,2025-03-03,2025-03-09,KG,2.912,2.912
BlueberryFamily,WHOLESALE,NL-ZH,6908.62,Weekly,2025-03-10,2025-03-16,KG,2.959,2.959
BlueberryFamily,WHOLESALE,NL-ZH,7503.6,Weekly,2025-03-17,2025-03-23,KG,2.958,2.958
BlueberryFamily,WHOLESALE,NL-ZH,6860.58,Weekly,2025-03-24,2025-03-30,KG,2.926,2.926
BlueberryFamily,WHOLESALE,NL-ZH,7592.89,Weekly,2025-03-31,2025-04-06,KG,2.936,2.936
BlueberryFamily,WHOLESALE,NL-ZH,7016.28,Weekly,2025-04-07,2025-04-13,KG,2.925,2.925
BlueberryFamily,WHOLESALE,NL-ZH,6502.37,Weekly,2025-04-14,2025-04-20,KG,2.965,2.965
BlueberryFamily,WHOLESALE,NL-ZH,6217.93,Weekly,2025-04-21,2025-04-27,KG,2.922,2.922
BlueberryFamily,WHOLESALE,NL-ZH,6933.53,Weekly,2025-04-28,2025-05-04,KG,2.922,2.922
BlueberryFamily,WHOLESALE,NL-ZH,6573.5,Weekly,2025-05-05,2025-05-11,KG,2.903,2.903
BlueberryFamily,WHOLESALE,NL-ZH,6448.21,Weekly,2025-05-12,2025-05-18,KG,2.923,2.923
BlueberryFamily,WHOLESALE,NL-ZH,6082.28,Weekly,2025-05-19,2025-05-25,KG,2.952,2.952
BlueberryFamily,WHOLESALE,NL-ZH,5512.05,Weekly,2025-05-26,2025-06-01,KG,2.916,2.916
BlueberryFamily,WHOLESALE,NL-ZH,5450.46,Weekly,2025-06-02,2025-06-08,KG,2.897,2.897
BlueberryFamily,WHOLESALE,NL-ZH,6022.71,Weekly,2025-06-09,2025-06-15,KG,2.94,2.94
BlueberryFamily,WHOLESALE,NL-ZH,6226.03,Weekly,2025-06-16,2025-06-22,KG,2.938,2.938
BlueberryFamily,WHOLESALE,NL-ZH,5982.7,Weekly,2025-06-23,2025-06-29,KG,2.947,2.947
BlueberryFamily,WHOLESALE,NL-ZH,5721.9,Weekly,2025-06-30,2025-07-06,KG,2.937,2.937
BlueberryFamily,WHOLESALE,NL-ZH,6282.27,Weekly,2025-07-07,2025-07-13,KG,2.919,2.919
BlueberryFamily,WHOLESALE,NL-ZH,6275.21,Weekly,2025-07-14,2025-07-20,KG,2.876,2.876
BlueberryFamily,WHOLESALE,NL-ZH,6096.38,Weekly,2025-07-21,2025-07-27,KG,2.929,2.929
BlueberryFamily,WHOLESALE,NL-ZH,6033.22,Weekly,2025-07-28,2025-08-03,KG,2.725,2.725
BlueberryFamily,WHOLESALE,NL-ZH,6788.77,Weekly,2025-08-04,2025-08-10,KG,2.492,2.492
BlueberryFamily,WHOLESALE,NL-ZH,6887.0,Weekly,2025-08-11,2025-08-17,KG,2.486,2.486
BlueberryFamily,WHOLESALE,NL-ZH,7267.05,Weekly,2025-08-18,2025-08-24,KG,2.47,2.47
BlueberryFamily,WHOLESALE,NL-ZH,7185.25,Weekly,2025-08-25,2025-08-31,KG,2.512,2.512
BlueberryFamily,WHOLESALE,NL-ZH,7630.85,Weekly,2025-09-01,2025-09-07,KG,2.509,2.509
BlueberryFamily,WHOLESALE,NL-ZH,7056.67,Weekly,2025-09-08,2025-09-14,KG,2.511,2.511
BlueberryFamily,WHOLESALE,NL-ZH,7357.8099999999995,Weekly,2025-09-15,2025-09-21,KG,2.507,2.507
BlueberryFamily,WHOLESALE,NL-ZH,7805.34,Weekly,2025-09-22,2025-09-28,KG,2.502,2.502
BlueberryFamily,WHOLESALE,NL-ZH,7129.68,Weekly,2025-09-29,2025-10-05,KG,2.489,2.489
BlueberryFamily,WHOLESALE,NL-ZH,7641.57,Weekly,2025-10-06,2025-10-12,KG,2.493,2.493
BlueberryFamily,WHOLESALE,NL-ZH,7817.81,Weekly,2025-10-13,2025-10-19,KG,2.495,2.495
BlueberryFamily,WHOLESALE,NL-ZH,6825.48,Weekly,2025-10-20,2025-10-26,KG,2.485,2.485
BlueberryFamily,WHOLESALE,NL-ZH,7116.9,Weekly,2025-10-27,2025-11-02,KG,2.584,2.584
BlueberryFamily,WHOLESALE,NL-ZH,8520.37,Weekly,2025-11-03,2025-11-09,KG,2.94,2.94
BlueberryFamily,WHOLESALE,NL-ZH,7028.13,Weekly,2025-11-10,2025-11-16,KG,2.949,2.949
BlueberryFamily,WHOLESALE,NL-ZH,6508.74,Weekly,2025-11-17,2025-11-23,KG,2.927,2.927
BlueberryFamily,WHOLESALE,NL-ZH,7690.88,Weekly,2025-11-24,2025-11-30,KG,2.905,2.905
BlueberryFamily,WHOLESALE,NL-ZH,7349.81,Weekly,2025-12-01,2025-12-07,KG,2.935,2.935
BlueberryFamily,WHOLESALE,NL-ZH,7675.110000000001,Weekly,2025-12-08,2025-12-14,KG,2.955,2.955
BlueberryFamily,WHOLESALE,NL-ZH,7651.29,Weekly,2025-12-15,2025-12-21,KG,2.952,2.952
BlueberryFamily,WHOLESALE,NL-ZH,7378.25,Weekly,2025-12-22,2025-12-28,KG,2.948,2.948
BlueberryFamily,WHOLESALE,NL-ZH,6838.64,Weekly,2025-12-29,2026-01-04,KG,2.974,2.974
BlueberryFamily,WHOLESALE,NL-ZH,6051.95,Weekly,2026-01-05,2026-01-11,KG,2.924,2.924
BlueberryFamily,WHOLESALE,NL-ZH,6938.55,Weekly,2026-01-12,2026-01-18,KG,2.911,2.911
BlueberryFamily,WHOLESALE,NL-ZH,7395.21,Weekly,2026-01-19,2026-01-25,KG,2.917,2.917
BlueberryFamily,WHOLESALE,NL-ZH,6406.57,Weekly,2026-01-26,2026-02-01,KG,2.919,2.919
PEAR_FAMILY,ONLINE,NL-GE,1576.98,Weekly,2023-01-30,2023-02-05,KG,3.082,3.082
PEAR_FAMILY,ONLINE,NL-GE,3217.2400000000002,Weekly,2023-02-06,2023-02-12,KG,3.049,3.049
PEAR_FAMILY,ONLINE,NL-GE,2938.99,Weekly,2023-02-13,2023-02-19,KG,3.053,3.053
PEAR_FAMILY,ONLINE,NL-GE,2718.11,Weekly,2023-02-20,2023-02-26,KG,3.039,3.039
PEAR_FAMILY,ONLINE,NL-GE,2870.31,Weekly,2023-02-27,2023-03-05,KG,3.041,3.041
PEAR_FAMILY,ONLINE,NL-GE,2204.55,Weekly,2023-03-06,2023-03-12,KG,3.039,3.039
PEAR_FAMILY,ONLINE,NL-GE,2836.4500000000003,Weekly,2023-03-13,2023-03-19,KG,3.05,3.05
PEAR_FAMILY,ONLINE,NL-GE,2299.44,Weekly,2023-03-20,2023-03-26,KG,3.032,3.032
PEAR_FAMILY,ONLINE,NL-GE,2367.25,Weekly,2023-03-27,2023-04-02,KG,3.071,3.071
PEAR_FAMILY,ONLINE,NL-GE,2563.37,Weekly,2023-04-03,2023-04-09,KG,3.026,3.026
PEAR_FAMILY,ONLINE,NL-GE,2370.48,Weekly,2023-04-10,2023-04-16,KG,3.072,3.072
PEAR_FAMILY,ONLINE,NL-GE,2516.04,Weekly,2023-04-17,2023-04-23,KG,3.056,3.056
PEAR_FAMILY,ONLINE,NL-GE,2321.55,Weekly,2023-04-24,2023-04-30,KG,3.057,3.057
PEAR_FAMILY,ONLINE,NL-GE,2394.57,Weekly,2023-05-01,2023-05-07,KG,3.046,3.046
PEAR_FAMILY,ONLINE,NL-GE,2246.08,Weekly,2023-05-08,2023-05-14,KG,3.091,3.091
PEAR_FAMILY,ONLINE,NL-GE,2735.82,Weekly,2023-05-15,2023-05-21,KG,3.062,3.062
PEAR_FAMILY,ONLINE,NL-GE,2726.44,Weekly,2023-05-22,2023-05-28,KG,3.078,3.078
PEAR_FAMILY,ONLINE,NL-GE,2770.58,Weekly,2023-05-29,2023-06-04,KG,3.021,3.021
PEAR_FAMILY,ONLINE,NL-GE,2842.36,Weekly,2023-06-05,2023-06-11,KG,3.038,3.038
PEAR_FAMILY,ONLINE,NL-GE,2823.64,Weekly,2023-06-12,2023-06-18,KG,3.048,3.048
PEAR_FAMILY,ONLINE,NL-GE,2692.23,Weekly,2023-06-19,2023-06-25,KG,3.104,3.104
PEAR_FAMILY,ONLINE,NL-GE,2773.3,Weekly,2023-06-26,2023-07-02,KG,3.024,3.024
PEAR_FAMILY,ONLINE,NL-GE,2899.52,Weekly,2023-07-03,2023-07-09,KG,3.022,3.022
PEAR_FAMILY,ONLINE,NL-GE,3078.26,Weekly,2023-07-10,2023-07-16,KG,3.076,3.076
PEAR_FAMILY,ONLINE,NL-GE,2900.82,Weekly,2023-07-17,2023-07-23,KG,3.057,3.057
PEAR_FAMILY,ONLINE,NL-GE,2775.89,Weekly,2023-07-24,2023-07-30,KG,3.075,3.075
PEAR_FAMILY,ONLINE,NL-GE,2473.27,Weekly,2023-07-31,2023-08-06,KG,2.494,2.494
PEAR_FAMILY,ONLINE,NL-GE,3308.93,Weekly,2023-08-07,2023-08-13,KG,2.481,2.481
PEAR_FAMILY,ONLINE,NL-GE,3536.13,Weekly,2023-08-14,2023-08-20,KG,2.466,2.466
PEAR_FAMILY,ONLINE,NL-GE,3537.36,Weekly,2023-08-21,2023-08-27,KG,2.453,2.453
PEAR_FAMILY,ONLINE,NL-GE,3734.17,Weekly,2023-08-28,2023-09-03,KG,2.457,2.457
PEAR_FAMILY,ONLINE,NL-GE,4089.89,Weekly,2023-09-04,2023-09-10,KG,2.463,2.463
PEAR_FAMILY,ONLINE,NL-GE,3697.41,Weekly,2023-09-11,2023-09-17,KG,2.451,2.451
PEAR_FAMILY,ONLINE,NL-GE,3789.28,Weekly,2023-09-18,2023-09-24,KG,2.471,2.471
PEAR_FAMILY,ONLINE,NL-GE,4265.8,Weekly,2023-09-25,2023-10-01,KG,2.483,2.483
PEAR_FAMILY,ONLINE,NL-GE,4078.02,Weekly,2023-10-02,2023-10-08,KG,2.443,2.443
PEAR_FAMILY,ONLINE,NL-GE,3593.27,Weekly,2023-10-09,2023-10-15,KG,2.487,2.487
PEAR_FAMILY,ONLINE,NL-GE,3412.76,Weekly,2023-10-16,2023-10-22,KG,2.435,2.435
PEAR_FAMILY,ONLINE,NL-GE,3149.09,Weekly,2023-10-23,2023-10-29,KG,2.493,2.493
PEAR_FAMILY,ONLINE,NL-GE,3494.8,Weekly,2023-10-30,2023-11-05,KG,2.933,2.933
PEAR_FAMILY,ONLINE,NL-GE,3468.37,Weekly,2023-11-06,2023-11-12,KG,3.071,3.071
PEAR_FAMILY,ONLINE,NL-GE,3295.62,Weekly,2023-11-13,2023-11-19,KG,3.023,3.023
PEAR_FAMILY,ONLINE,NL-GE,3528.7000000000003,Weekly,2023-11-20,2023-11-26,KG,3.042,3.042
PEAR_FAMILY,ONLINE,NL-GE,3039.25,Weekly,2023-11-27,2023-12-03,KG,3.043,3.043
PEAR_FAMILY,ONLINE,NL-GE,3076.3,Weekly,2023-12-04,2023-12-10,KG,3.02,3.02
PEAR_FAMILY,ONLINE,NL-GE,3370.02,Weekly,2023-12-11,2023-12-17,KG,3.071,3.071
PEAR_FAMILY,ONLINE,NL-GE,2781.04,Weekly,2023-12-18,2023-12-24,KG,3.06,3.06
PEAR_FAMILY,ONLINE,NL-GE,3035.71,Weekly,2023-12-25,2023-12-31,KG,3.014,3.014
PEAR_FAMILY,ONLINE,NL-GE,3007.23,Weekly,2024-01-01,2024-01-07,KG,3.073,3.073
PEAR_FAMILY,ONLINE,NL-GE,3071.0,Weekly,2024-01-08,2024-01-14,KG,3.068,3.068
PEAR_FAMILY,ONLINE,NL-GE,3233.79,Weekly,2024-01-15,2024-01-21,KG,3.052,3.052
PEAR_FAMILY,ONLINE,NL-GE,2948.09,Weekly,2024-01-22,2024-01-28,KG,3.059,3.059
PEAR_FAMILY,ONLINE,NL-GE,3061.39,Weekly,2024-01-29,2024-02-04,KG,3.052,3.052
PEAR_FAMILY,ONLINE,NL-GE,2657.09,Weekly,2024-02-05,2024-02-11,KG,3.044,3.044
PEAR_FAMILY,ONLINE,NL-GE,2879.27,Weekly,2024-02-12,2024-02-18,KG,3.073,3.073
PEAR_FAMILY,ONLINE,NL-GE,2591.09,Weekly,2024-02-19,2024-02-25,KG,3.093,3.093
PEAR_FAMILY,ONLINE,NL-GE,2779.54,Weekly,2024-02-26,2024-03-03,KG,3.055,3.055
PEAR_FAMILY,ONLINE,NL-GE,3006.59,Weekly,2024-03-04,2024-03-10,KG,3.062,3.062
PEAR_FAMILY,ONLINE,NL-GE,2791.4300000000003,Weekly,2024-03-11,2024-03-17,KG,3.06,3.06
PEAR_FAMILY,ONLINE,NL-GE,2553.35,Weekly,2024-03-18,2024-03-24,KG,3.052,3.052
PEAR_FAMILY,ONLINE,NL-GE,2523.0299999999997,Weekly,2024-03-25,2024-03-31,KG,3.073,3.073
PEAR_FAMILY,ONLINE,NL-GE,2425.6,Weekly,2024-04-01,2024-04-07,KG,3.046,3.046
PEAR_FAMILY,ONLINE,NL-GE,2682.55,Weekly,2024-04-08,2024-04-14,KG,3.032,3.032
PEAR_FAMILY,ONLINE,NL-GE,1995.98,Weekly,2024-04-15,2024-04-21,KG,3.067,3.067
PEAR_FAMILY,ONLINE,NL-GE,2400.8,Weekly,2024-04-22,2024-04-28,KG,3.049,3.049
PEAR_FAMILY,ONLINE,NL-GE,2616.4,Weekly,2024-04-29,2024-05-05,KG,3.058,3.058
PEAR_FAMILY,ONLINE,NL-GE,2632.9300000000003,Weekly,2024-05-06,2024-05-12,KG,3.024,3.024
PEAR_FAMILY,ONLINE,NL-GE,2598.96,Weekly,2024-05-13,2024-05-19,KG,3.056,3.056
PEAR_FAMILY,ONLINE,NL-GE,2265.87,Weekly,2024-05-20,2024-05-26,KG,3.075,3.075
PEAR_FAMILY,ONLINE,NL-GE,2442.31,Weekly,2024-05-27,2024-06-02,KG,3.033,3.033
PEAR_FAMILY,ONLINE,NL-GE,2671.87,Weekly,2024-06-03,2024-06-09,KG,3.054,3.054
PEAR_FAMILY,ONLINE,NL-GE,2268.74,Weekly,2024-06-10,2024-06-16,KG,3.081,3.081
PEAR_FAMILY,ONLINE,NL-GE,2473.53,Weekly,2024-06-17,2024-06-23,KG,3.003,3.044
PEAR_FAMILY,ONLINE,NL-GE,2847.25,Weekly,2024-06-24,2024-06-30,KG,3.036,3.084
PEAR_FAMILY,ONLINE,NL-GE,2601.29,Weekly,2024-07-01,2024-07-07,KG,3.074,3.074
PEAR_FAMILY,ONLINE,NL-GE,2770.96,Weekly,2024-07-08,2024-07-14,KG,3.032,3.032
PEAR_FAMILY,ONLINE,NL-GE,2971.88,Weekly,2024-07-15,2024-07-21,KG,2.995,2.995
PEAR_FAMILY,ONLINE,NL-GE,3048.11,Weekly,2024-07-22,2024-07-28,KG,3.056,3.056
PEAR_FAMILY,ONLINE,NL-GE,3119.31,Weekly,2024-07-29,2024-08-04,KG,2.774,2.774
PEAR_FAMILY,ONLINE,NL-GE,3445.6800000000003,Weekly,2024-08-05,2024-08-11,KG,2.445,2.445
PEAR_FAMILY,ONLINE,NL-GE,3282.56,Weekly,2024-08-12,2024-08-18,KG,2.469,2.469
PEAR_FAMILY,ONLINE,NL-GE,3518.6800000000003,Weekly,2024-08-19,2024-08-25,KG,2.468,2.468
PEAR_FAMILY,ONLINE,NL-GE,3921.32,Weekly,2024-08-26,2024-09-01,KG,2.465,2.465
PEAR_FAMILY,ONLINE,NL-GE,3802.2200000000003,Weekly,2024-09-02,2024-09-08,KG,2.446,2.446
PEAR_FAMILY,ONLINE,NL-GE,3291.87,Weekly,2024-09-09,2024-09-15,KG,2.47,2.47
PEAR_FAMILY,ONLINE,NL-GE,4208.87,Weekly,2024-09-16,2024-09-22,KG,2.503,2.503
PEAR_FAMILY,ONLINE,NL-GE,3513.5,Weekly,2024-09-23,2024-09-29,KG,2.471,2.471
PEAR_FAMILY,ONLINE,NL-GE,3745.81,Weekly,2024-09-30,2024-10-06,KG,2.454,2.454
PEAR_FAMILY,ONLINE,NL-GE,3327.21,Weekly,2024-10-07,2024-10-13,KG,2.465,2.465
PEAR_FAMILY,ONLINE,NL-GE,3921.75,Weekly,2024-10-14,2024-10-20,KG,2.494,2.494
PEAR_FAMILY,ONLINE,NL-GE,4073.6,Weekly,2024-10-21,2024-10-27,KG,2.417,2.417
PEAR_FAMILY,ONLINE,NL-GE,3748.2,Weekly,2024-10-28,2024-11-03,KG,2.66,2.66
PEAR_FAMILY,ONLINE,NL-GE,3688.31,Weekly,2024-11-04,2024-11-10,KG,3.046,3.046
PEAR_FAMILY,ONLINE,NL-GE,3626.83,Weekly,2024-11-11,2024-11-17,KG,3.054,3.054
PEAR_FAMILY,ONLINE,NL-GE,3160.2,Weekly,2024-11-18,2024-11-24,KG,3.047,3.047
PEAR_FAMILY,ONLINE,NL-GE,3523.4,Weekly,2024-11-25,2024-12-01,KG,3.022,3.022
PEAR_FAMILY,ONLINE,NL-GE,3287.44,Weekly,2024-12-02,2024-12-08,KG,3.049,3.049
PEAR_FAMILY,ONLINE,NL-GE,3380.7,Weekly,2024-12-09,2024-12-15,KG,3.046,3.046
PEAR_FAMILY,ONLINE,NL-GE,3401.9700000000003,Weekly,2024-12-16,2024-12-22,KG,3.095,3.095
PEAR_FAMILY,ONLINE,NL-GE,3341.81,Weekly,2024-12-23,2024-12-29,KG,3.049,3.049
PEAR_FAMILY,ONLINE,NL-GE,3078.51,Weekly,2024-12-30,2025-01-05,KG,3.081,3.081
PEAR_FAMILY,ONLINE,NL-GE,3142.35,Weekly,2025-01-06,2025-01-12,KG,3.008,3.008
PEAR_FAMILY,ONLINE,NL-GE,3167.58,Weekly,2025-01-13,2025-01-19,KG,3.054,3.054
PEAR_FAMILY,ONLINE,NL-GE,2890.32,Weekly,2025-01-20,2025-01-26,KG,3.069,3.069
PEAR_FAMILY,ONLINE,NL-GE,2994.48,Weekly,2025-01-27,2025-02-02,KG,3.097,3.097
PEAR_FAMILY,ONLINE,NL-GE,3036.1,Weekly,2025-02-03,2025-02-09,KG,3.044,3.044
PEAR_FAMILY,ONLINE,NL-GE,2704.69,Weekly,2025-02-10,2025-02-16,KG,3.07,3.07
PEAR_FAMILY,ONLINE,NL-GE,3077.01,Weekly,2025-02-17,2025-02-23,KG,3.051,3.051
PEAR_FAMILY,ONLINE,NL-GE,2623.91,Weekly,2025-02-24,2025-03-02,KG,3.058,3.058
PEAR_FAMILY,ONLINE,NL-GE,3243.6200000000003,Weekly,2025-03-03,2025-03-09,KG,3.081,3.081
PEAR_FAMILY,ONLINE,NL-GE,2919.2799999999997,Weekly,2025-03-10,2025-03-16,KG,3.026,3.026
PEAR_FAMILY,ONLINE,NL-GE,3154.44,Weekly,2025-03-17,2025-03-23,KG,3.069,3.069
PEAR_FAMILY,ONLINE,NL-GE,2809.89,Weekly,2025-03-24,2025-03-30,KG,3.053,3.053
PEAR_FAMILY,ONLINE,NL-GE,3024.78,Weekly,2025-03-31,2025-04-06,KG,3.05,3.05
PEAR_FAMILY,ONLINE,NL-GE,3003.27,Weekly,2025-04-07,2025-04-13,KG,3.048,3.048
PEAR_FAMILY,ONLINE,NL-GE,2438.82,Weekly,2025-04-14,2025-04-20,KG,3.08,3.08
PEAR_FAMILY,ONLINE,NL-GE,2525.64,Weekly,2025-04-21,2025-04-27,KG,3.057,3.057
PEAR_FAMILY,ONLINE,NL-GE,2879.36,Weekly,2025-04-28,2025-05-04,KG,3.055,3.055
PEAR_FAMILY,ONLINE,NL-GE,2697.6400000000003,Weekly,2025-05-05,2025-05-11,KG,3.114,3.114
PEAR_FAMILY,ONLINE,NL-GE,2892.0299999999997,Weekly,2025-05-12,2025-05-18,KG,3.114,3.114
PEAR_FAMILY,ONLINE,NL-GE,2501.11,Weekly,2025-05-19,2025-05-25,KG,3.11,3.11
PEAR_FAMILY,ONLINE,NL-GE,2320.23,Weekly,2025-05-26,2025-06-01,KG,3.054,3.054
PEAR_FAMILY,ONLINE,NL-GE,2315.29,Weekly,2025-06-02,2025-06-08,KG,3.064,3.064
PEAR_FAMILY,ONLINE,NL-GE,2762.23,Weekly,2025-06-09,2025-06-15,KG,3.083,3.083
PEAR_FAMILY,ONLINE,NL-GE,2890.28,Weekly,2025-06-16,2025-06-22,KG,3.061,3.061
PEAR_FAMILY,ONLINE,NL-GE,2721.4,Weekly,2025-06-23,2025-06-29,KG,3.084,3.084
PEAR_FAMILY,ONLINE,NL-GE,2855.44,Weekly,2025-06-30,2025-07-06,KG,3.06,3.06
PEAR_FAMILY,ONLINE,NL-GE,3179.09,Weekly,2025-07-07,2025-07-13,KG,3.062,3.062
PEAR_FAMILY,ONLINE,NL-GE,3072.87,Weekly,2025-07-14,2025-07-20,KG,3.044,3.044
PEAR_FAMILY,ONLINE,NL-GE,3129.9,Weekly,2025-07-21,2025-07-27,KG,3.039,3.039
PEAR_FAMILY,ONLINE,NL-GE,3047.96,Weekly,2025-07-28,2025-08-03,KG,2.809,2.809
PEAR_FAMILY,ONLINE,NL-GE,3440.52,Weekly,2025-08-04,2025-08-10,KG,2.44,2.44
PEAR_FAMILY,ONLINE,NL-GE,3613.35,Weekly,2025-08-11,2025-08-17,KG,2.499,2.499
PEAR_FAMILY,ONLINE,NL-GE,3734.32,Weekly,2025-08-18,2025-08-24,KG,2.434,2.434
PEAR_FAMILY,ONLINE,NL-GE,3791.08,Weekly,2025-08-25,2025-08-31,KG,2.465,2.465
PEAR_FAMILY,ONLINE,NL-GE,3838.87,Weekly,2025-09-01,2025-09-07,KG,2.465,2.465
PEAR_FAMILY,ONLINE,NL-GE,3487.95,Weekly,2025-09-08,2025-09-14,KG,2.469,2.469
PEAR_FAMILY,ONLINE,NL-GE,3431.42,Weekly,2025-09-15,2025-09-21,KG,2.459,2.459
PEAR_FAMILY,ONLINE,NL-GE,4027.51,Weekly,2025-09-22,2025-09-28,KG,2.442,2.442
PEAR_FAMILY,ONLINE,NL-GE,3753.52,Weekly,2025-09-29,2025-10-05,KG,2.493,2.493
PEAR_FAMILY,ONLINE,NL-GE,3867.87,Weekly,2025-10-06,2025-10-12,KG,2.448,2.448
PEAR_FAMILY,ONLINE,NL-GE,3856.88,Weekly,2025-10-13,2025-10-19,KG,2.473,2.473
PEAR_FAMILY,ONLINE,NL-GE,3546.23,Weekly,2025-10-20,2025-10-26,KG,2.463,2.463
PEAR_FAMILY,ONLINE,NL-GE,3495.29,Weekly,2025-10-27,2025-11-02,KG,2.648,2.648
PEAR_FAMILY,ONLINE,NL-GE,4137.09,Weekly,2025-11-03,2025-11-09,KG,3.059,3.059
PEAR_FAMILY,ONLINE,NL-GE,3370.96,Weekly,2025-11-10,2025-11-16,KG,3.065,3.065
PEAR_FAMILY,ONLINE,NL-GE,3410.94,Weekly,2025-11-17,2025-11-23,KG,3.058,3.058
PEAR_FAMILY,ONLINE,NL-GE,3542.16,Weekly,2025-11-24,2025-11-30,KG,3.026,3.026
PEAR_FAMILY,ONLINE,NL-GE,3327.0,Weekly,2025-12-01,2025-12-07,KG,3.023,3.023
PEAR_FAMILY,ONLINE,NL-GE,3654.46,Weekly,2025-12-08,2025-12-14,KG,3.061,3.061
PEAR_FAMILY,ONLINE,NL-GE,3725.32,Weekly,2025-12-15,2025-12-21,KG,3.055,3.055
PEAR_FAMILY,ONLINE,NL-GE,3469.29,Weekly,2025-12-22,2025-12-28,KG,3.041,3.041
PEAR_FAMILY,ONLINE,NL-GE,2958.39,Weekly,2025-12-29,2026-01-04,KG,3.029,3.029
PEAR_FAMILY,ONLINE,NL-GE,2728.02,Weekly,2026-01-05,2026-01-11,KG,3.033,3.033
PEAR_FAMILY,ONLINE,NL-GE,3218.43,Weekly,2026-01-12,2026-01-18,KG,3.038,3.038
PEAR_FAMILY,ONLINE,NL-GE,3347.64,Weekly,2026-01-19,2026-01-25,KG,3.043,3.043
PEAR_FAMILY,ONLINE,NL-GE,2884.38,Weekly,2026-01-26,2026-02-01,KG,3.074,3.074
PEAR_FAMILY,ONLINE,NL-NB,1882.07,Weekly,2023-01-30,2023-02-05,KG,3.18,3.18
PEAR_FAMILY,ONLINE,NL-NB,3237.92,Weekly,2023-02-06,2023-02-12,KG,3.173,3.173
PEAR_FAMILY,ONLINE,NL-NB,3139.61,Weekly,2023-02-13,2023-02-19,KG,3.184,3.184
PEAR_FAMILY,ONLINE,NL-NB,2955.4700000000003,Weekly,2023-02-20,2023-02-26,KG,3.156,3.156
PEAR_FAMILY,ONLINE,NL-NB,2815.51,Weekly,2023-02-27,2023-03-05,KG,3.136,3.136
PEAR_FAMILY,ONLINE,NL-NB,2281.14,Weekly,2023-03-06,2023-03-12,KG,3.158,3.158
PEAR_FAMILY,ONLINE,NL-NB,2875.73,Weekly,2023-03-13,2023-03-19,KG,3.173,3.173
PEAR_FAMILY,ONLINE,NL-NB,2409.14,Weekly,2023-03-20,2023-03-26,KG,3.112,3.112
PEAR_FAMILY,ONLINE,NL-NB,2380.57,Weekly,2023-03-27,2023-04-02,KG,3.146,3.146
PEAR_FAMILY,ONLINE,NL-NB,2723.64,Weekly,2023-04-03,2023-04-09,KG,3.155,3.155
PEAR_FAMILY,ONLINE,NL-NB,2522.63,Weekly,2023-04-10,2023-04-16,KG,3.137,3.137
PEAR_FAMILY,ONLINE,NL-NB,2540.0299999999997,Weekly,2023-04-17,2023-04-23,KG,3.128,3.128
PEAR_FAMILY,ONLINE,NL-NB,2320.65,Weekly,2023-04-24,2023-04-30,KG,3.143,3.143
PEAR_FAMILY,ONLINE,NL-NB,2602.93,Weekly,2023-05-01,2023-05-07,KG,3.171,3.171
PEAR_FAMILY,ONLINE,NL-NB,2419.23,Weekly,2023-05-08,2023-05-14,KG,3.165,3.165
PEAR_FAMILY,ONLINE,NL-NB,2852.7799999999997,Weekly,2023-05-15,2023-05-21,KG,3.151,3.151
PEAR_FAMILY,ONLINE,NL-NB,2759.21,Weekly,2023-05-22,2023-05-28,KG,3.144,3.144
PEAR_FAMILY,ONLINE,NL-NB,2926.2200000000003,Weekly,2023-05-29,2023-06-04,KG,3.145,3.145
PEAR_FAMILY,ONLINE,NL-NB,2942.57,Weekly,2023-06-05,2023-06-11,KG,3.181,3.181
PEAR_FAMILY,ONLINE,NL-NB,2973.45,Weekly,2023-06-12,2023-06-18,KG,3.141,3.141
PEAR_FAMILY,ONLINE,NL-NB,2738.01,Weekly,2023-06-19,2023-06-25,KG,3.109,3.109
PEAR_FAMILY,ONLINE,NL-NB,2901.59,Weekly,2023-06-26,2023-07-02,KG,3.164,3.164
PEAR_FAMILY,ONLINE,NL-NB,2980.04,Weekly,2023-07-03,2023-07-09,KG,3.187,3.187
PEAR_FAMILY,ONLINE,NL-NB,3221.69,Weekly,2023-07-10,2023-07-16,KG,3.17,3.17
PEAR_FAMILY,ONLINE,NL-NB,3117.06,Weekly,2023-07-17,2023-07-23,KG,3.129,3.129
PEAR_FAMILY,ONLINE,NL-NB,2814.62,Weekly,2023-07-24,2023-07-30,KG,3.15,3.15
PEAR_FAMILY,ONLINE,NL-NB,2498.53,Weekly,2023-07-31,2023-08-06,KG,2.63,2.63
PEAR_FAMILY,ONLINE,NL-NB,3598.1,Weekly,2023-08-07,2023-08-13,KG,2.519,2.519
PEAR_FAMILY,ONLINE,NL-NB,3869.7799999999997,Weekly,2023-08-14,2023-08-20,KG,2.524,2.524
PEAR_FAMILY,ONLINE,NL-NB,3682.25,Weekly,2023-08-21,2023-08-27,KG,2.54,2.54
PEAR_FAMILY,ONLINE,NL-NB,3666.37,Weekly,2023-08-28,2023-09-03,KG,2.508,2.508
PEAR_FAMILY,ONLINE,NL-NB,4181.92,Weekly,2023-09-04,2023-09-10,KG,2.519,2.519
PEAR_FAMILY,ONLINE,NL-NB,3910.3,Weekly,2023-09-11,2023-09-17,KG,2.551,2.551
PEAR_FAMILY,ONLINE,NL-NB,3954.4700000000003,Weekly,2023-09-18,2023-09-24,KG,2.503,2.503
PEAR_FAMILY,ONLINE,NL-NB,4432.58,Weekly,2023-09-25,2023-10-01,KG,2.543,2.543
PEAR_FAMILY,ONLINE,NL-NB,4183.83,Weekly,2023-10-02,2023-10-08,KG,2.534,2.534
PEAR_FAMILY,ONLINE,NL-NB,3792.74,Weekly,2023-10-09,2023-10-15,KG,2.526,2.526
PEAR_FAMILY,ONLINE,NL-NB,3754.45,Weekly,2023-10-16,2023-10-22,KG,2.545,2.545
PEAR_FAMILY,ONLINE,NL-NB,3398.1800000000003,Weekly,2023-10-23,2023-10-29,KG,2.537,2.537
PEAR_FAMILY,ONLINE,NL-NB,3369.2200000000003,Weekly,2023-10-30,2023-11-05,KG,3.033,3.033
PEAR_FAMILY,ONLINE,NL-NB,3777.72,Weekly,2023-11-06,2023-11-12,KG,3.151,3.151
PEAR_FAMILY,ONLINE,NL-NB,3390.1,Weekly,2023-11-13,2023-11-19,KG,3.137,3.137
PEAR_FAMILY,ONLINE,NL-NB,3715.06,Weekly,2023-11-20,2023-11-26,KG,3.173,3.173
PEAR_FAMILY,ONLINE,NL-NB,3260.12,Weekly,2023-11-27,2023-12-03,KG,3.173,3.173
PEAR_FAMILY,ONLINE,NL-NB,3324.87,Weekly,2023-12-04,2023-12-10,KG,3.128,3.128
PEAR_FAMILY,ONLINE,NL-NB,3595.17,Weekly,2023-12-11,2023-12-17,KG,3.134,3.134
PEAR_FAMILY,ONLINE,NL-NB,3047.39,Weekly,2023-12-18,2023-12-24,KG,3.174,3.174
PEAR_FAMILY,ONLINE,NL-NB,3364.06,Weekly,2023-12-25,2023-12-31,KG,3.153,3.153
PEAR_FAMILY,ONLINE,NL-NB,2954.3,Weekly,2024-01-01,2024-01-07,KG,3.147,3.147
PEAR_FAMILY,ONLINE,NL-NB,3195.64,Weekly,2024-01-08,2024-01-14,KG,3.163,3.163
PEAR_FAMILY,ONLINE,NL-NB,3163.01,Weekly,2024-01-15,2024-01-21,KG,3.182,3.182
PEAR_FAMILY,ONLINE,NL-NB,3321.4700000000003,Weekly,2024-01-22,2024-01-28,KG,3.175,3.175
PEAR_FAMILY,ONLINE,NL-NB,3272.4900000000002,Weekly,2024-01-29,2024-02-04,KG,3.181,3.181
PEAR_FAMILY,ONLINE,NL-NB,2738.6,Weekly,2024-02-05,2024-02-11,KG,3.109,3.109
PEAR_FAMILY,ONLINE,NL-NB,3050.63,Weekly,2024-02-12,2024-02-18,KG,3.124,3.124
PEAR_FAMILY,ONLINE,NL-NB,2827.84,Weekly,2024-02-19,2024-02-25,KG,3.179,3.179
PEAR_FAMILY,ONLINE,NL-NB,2898.9,Weekly,2024-02-26,2024-03-03,KG,3.139,3.139
PEAR_FAMILY,ONLINE,NL-NB,3183.85,Weekly,2024-03-04,2024-03-10,KG,3.164,3.164
PEAR_FAMILY,ONLINE,NL-NB,2759.46,Weekly,2024-03-11,2024-03-17,KG,3.127,3.127
PEAR_FAMILY,ONLINE,NL-NB,2670.17,Weekly,2024-03-18,2024-03-24,KG,3.14,3.14
PEAR_FAMILY,ONLINE,NL-NB,2708.92,Weekly,2024-03-25,2024-03-31,KG,3.111,3.111
PEAR_FAMILY,ONLINE,NL-NB,2614.42,Weekly,2024-04-01,2024-04-07,KG,3.161,3.161
PEAR_FAMILY,ONLINE,NL-NB,2756.73,Weekly,2024-04-08,2024-04-14,KG,3.168,3.168
PEAR_FAMILY,ONLINE,NL-NB,2061.88,Weekly,2024-04-15,2024-04-21,KG,3.146,3.146
PEAR_FAMILY,ONLINE,NL-NB,2369.3,Weekly,2024-04-22,2024-04-28,KG,3.097,3.097
PEAR_FAMILY,ONLINE,NL-NB,2420.06,Weekly,2024-04-29,2024-05-05,KG,3.146,3.146
PEAR_FAMILY,ONLINE,NL-NB,2533.36,Weekly,2024-05-06,2024-05-12,KG,3.166,3.166
PEAR_FAMILY,ONLINE,NL-NB,2378.41,Weekly,2024-05-13,2024-05-19,KG,3.13,3.13
PEAR_FAMILY,ONLINE,NL-NB,2368.85,Weekly,2024-05-20,2024-05-26,KG,3.155,3.155
PEAR_FAMILY,ONLINE,NL-NB,2517.34,Weekly,2024-05-27,2024-06-02,KG,3.115,3.115
PEAR_FAMILY,ONLINE,NL-NB,2929.52,Weekly,2024-06-03,2024-06-09,KG,3.186,3.186
PEAR_FAMILY,ONLINE,NL-NB,2292.61,Weekly,2024-06-10,2024-06-16,KG,3.14,3.14
PEAR_FAMILY,ONLINE,NL-NB,2644.3,Weekly,2024-06-17,2024-06-23,KG,3.173,3.173
PEAR_FAMILY,ONLINE,NL-NB,2920.83,Weekly,2024-06-24,2024-06-30,KG,3.188,3.188
PEAR_FAMILY,ONLINE,NL-NB,2688.36,Weekly,2024-07-01,2024-07-07,KG,3.172,3.172
PEAR_FAMILY,ONLINE,NL-NB,2831.45,Weekly,2024-07-08,2024-07-14,KG,3.174,3.174
PEAR_FAMILY,ONLINE,NL-NB,3313.32,Weekly,2024-07-15,2024-07-21,KG,3.176,3.176
PEAR_FAMILY,ONLINE,NL-NB,3090.15,Weekly,2024-07-22,2024-07-28,KG,3.14,3.14
PEAR_FAMILY,ONLINE,NL-NB,3364.64,Weekly,2024-07-29,2024-08-04,KG,2.81,2.81
PEAR_FAMILY,ONLINE,NL-NB,3512.1400000000003,Weekly,2024-08-05,2024-08-11,KG,2.535,2.535
PEAR_FAMILY,ONLINE,NL-NB,3397.87,Weekly,2024-08-12,2024-08-18,KG,2.579,2.579
PEAR_FAMILY,ONLINE,NL-NB,3651.14,Weekly,2024-08-19,2024-08-25,KG,2.565,2.565
PEAR_FAMILY,ONLINE,NL-NB,3980.62,Weekly,2024-08-26,2024-09-01,KG,2.526,2.526
PEAR_FAMILY,ONLINE,NL-NB,3672.43,Weekly,2024-09-02,2024-09-08,KG,2.512,2.512
PEAR_FAMILY,ONLINE,NL-NB,3653.69,Weekly,2024-09-09,2024-09-15,KG,2.527,2.527
PEAR_FAMILY,ONLINE,NL-NB,4261.1,Weekly,2024-09-16,2024-09-22,KG,2.54,2.54
PEAR_FAMILY,ONLINE,NL-NB,3575.83,Weekly,2024-09-23,2024-09-29,KG,2.55,2.55
PEAR_FAMILY,ONLINE,NL-NB,3828.9500000000003,Weekly,2024-09-30,2024-10-06,KG,2.549,2.549
PEAR_FAMILY,ONLINE,NL-NB,3673.95,Weekly,2024-10-07,2024-10-13,KG,2.519,2.519
PEAR_FAMILY,ONLINE,NL-NB,3864.61,Weekly,2024-10-14,2024-10-20,KG,2.524,2.524
PEAR_FAMILY,ONLINE,NL-NB,4061.27,Weekly,2024-10-21,2024-10-27,KG,2.507,2.507
PEAR_FAMILY,ONLINE,NL-NB,3739.7200000000003,Weekly,2024-10-28,2024-11-03,KG,2.787,2.787
PEAR_FAMILY,ONLINE,NL-NB,3826.6,Weekly,2024-11-04,2024-11-10,KG,3.134,3.134
PEAR_FAMILY,ONLINE,NL-NB,3739.15,Weekly,2024-11-11,2024-11-17,KG,3.111,3.111
PEAR_FAMILY,ONLINE,NL-NB,3101.65,Weekly,2024-11-18,2024-11-24,KG,3.179,3.179
PEAR_FAMILY,ONLINE,NL-NB,3791.96,Weekly,2024-11-25,2024-12-01,KG,3.17,3.17
PEAR_FAMILY,ONLINE,NL-NB,3403.69,Weekly,2024-12-02,2024-12-08,KG,3.13,3.13
PEAR_FAMILY,ONLINE,NL-NB,3497.62,Weekly,2024-12-09,2024-12-15,KG,3.141,3.141
PEAR_FAMILY,ONLINE,NL-NB,3413.46,Weekly,2024-12-16,2024-12-22,KG,3.145,3.145
PEAR_FAMILY,ONLINE,NL-NB,3460.96,Weekly,2024-12-23,2024-12-29,KG,3.169,3.169
PEAR_FAMILY,ONLINE,NL-NB,2988.37,Weekly,2024-12-30,2025-01-05,KG,3.157,3.157
PEAR_FAMILY,ONLINE,NL-NB,3031.16,Weekly,2025-01-06,2025-01-12,KG,3.141,3.141
PEAR_FAMILY,ONLINE,NL-NB,3246.52,Weekly,2025-01-13,2025-01-19,KG,3.146,3.146
PEAR_FAMILY,ONLINE,NL-NB,2821.19,Weekly,2025-01-20,2025-01-26,KG,3.178,3.178
PEAR_FAMILY,ONLINE,NL-NB,3101.57,Weekly,2025-01-27,2025-02-02,KG,3.153,3.153
PEAR_FAMILY,ONLINE,NL-NB,3154.87,Weekly,2025-02-03,2025-02-09,KG,3.087,3.087
PEAR_FAMILY,ONLINE,NL-NB,2887.51,Weekly,2025-02-10,2025-02-16,KG,3.141,3.141
PEAR_FAMILY,ONLINE,NL-NB,3343.51,Weekly,2025-02-17,2025-02-23,KG,3.127,3.127
PEAR_FAMILY,ONLINE,NL-NB,2822.15,Weekly,2025-02-24,2025-03-02,KG,3.128,3.128
PEAR_FAMILY,ONLINE,NL-NB,3306.94,Weekly,2025-03-03,2025-03-09,KG,3.111,3.111
PEAR_FAMILY,ONLINE,NL-NB,2842.17,Weekly,2025-03-10,2025-03-16,KG,3.106,3.106
PEAR_FAMILY,ONLINE,NL-NB,3194.04,Weekly,2025-03-17,2025-03-23,KG,3.157,3.157
PEAR_FAMILY,ONLINE,NL-NB,2972.16,Weekly,2025-03-24,2025-03-30,KG,3.155,3.155
PEAR_FAMILY,ONLINE,NL-NB,3255.2,Weekly,2025-03-31,2025-04-06,KG,3.137,3.137
PEAR_FAMILY,ONLINE,NL-NB,3033.74,Weekly,2025-04-07,2025-04-13,KG,3.146,3.146
PEAR_FAMILY,ONLINE,NL-NB,2413.5,Weekly,2025-04-14,2025-04-20,KG,3.165,3.165
PEAR_FAMILY,ONLINE,NL-NB,2612.46,Weekly,2025-04-21,2025-04-27,KG,3.14,3.14
PEAR_FAMILY,ONLINE,NL-NB,3052.32,Weekly,2025-04-28,2025-05-04,KG,3.163,3.163
PEAR_FAMILY,ONLINE,NL-NB,2678.48,Weekly,2025-05-05,2025-05-11,KG,3.146,3.146
PEAR_FAMILY,ONLINE,NL-NB,2792.32,Weekly,2025-05-12,2025-05-18,KG,3.145,3.145
PEAR_FAMILY,ONLINE,NL-NB,2691.51,Weekly,2025-05-19,2025-05-25,KG,3.168,3.168
PEAR_FAMILY,ONLINE,NL-NB,2530.0,Weekly,2025-05-26,2025-06-01,KG,3.172,3.172
PEAR_FAMILY,ONLINE,NL-NB,2590.17,Weekly,2025-06-02,2025-06-08,KG,3.16,3.16
PEAR_FAMILY,ONLINE,NL-NB,2912.68,Weekly,2025-06-09,2025-06-15,KG,3.172,3.172
PEAR_FAMILY,ONLINE,NL-NB,2939.58,Weekly,2025-06-16,2025-06-22,KG,3.18,3.18
PEAR_FAMILY,ONLINE,NL-NB,2896.99,Weekly,2025-06-23,2025-06-29,KG,3.132,3.132
PEAR_FAMILY,ONLINE,NL-NB,2729.13,Weekly,2025-06-30,2025-07-06,KG,3.151,3.151
PEAR_FAMILY,ONLINE,NL-NB,3164.94,Weekly,2025-07-07,2025-07-13,KG,3.207,3.207
PEAR_FAMILY,ONLINE,NL-NB,3193.91,Weekly,2025-07-14,2025-07-20,KG,3.126,3.126
PEAR_FAMILY,ONLINE,NL-NB,3016.23,Weekly,2025-07-21,2025-07-27,KG,3.154,3.154
PEAR_FAMILY,ONLINE,NL-NB,3197.54,Weekly,2025-07-28,2025-08-03,KG,2.897,2.897
PEAR_FAMILY,ONLINE,NL-NB,3579.51,Weekly,2025-08-04,2025-08-10,KG,2.522,2.522
PEAR_FAMILY,ONLINE,NL-NB,3681.38,Weekly,2025-08-11,2025-08-17,KG,2.515,2.515
PEAR_FAMILY,ONLINE,NL-NB,3951.41,Weekly,2025-08-18,2025-08-24,KG,2.519,2.519
PEAR_FAMILY,ONLINE,NL-NB,3723.42,Weekly,2025-08-25,2025-08-31,KG,2.525,2.525
PEAR_FAMILY,ONLINE,NL-NB,4203.59,Weekly,2025-09-01,2025-09-07,KG,2.507,2.507
PEAR_FAMILY,ONLINE,NL-NB,3786.71,Weekly,2025-09-08,2025-09-14,KG,2.55,2.55
PEAR_FAMILY,ONLINE,NL-NB,4027.83,Weekly,2025-09-15,2025-09-21,KG,2.527,2.527
PEAR_FAMILY,ONLINE,NL-NB,4022.46,Weekly,2025-09-22,2025-09-28,KG,2.542,2.542
PEAR_FAMILY,ONLINE,NL-NB,3739.37,Weekly,2025-09-29,2025-10-05,KG,2.531,2.531
PEAR_FAMILY,ONLINE,NL-NB,3745.03,Weekly,2025-10-06,2025-10-12,KG,2.531,2.531
PEAR_FAMILY,ONLINE,NL-NB,3834.11,Weekly,2025-10-13,2025-10-19,KG,2.531,2.531
PEAR_FAMILY,ONLINE,NL-NB,3537.97,Weekly,2025-10-20,2025-10-26,KG,2.543,2.543
PEAR_FAMILY,ONLINE,NL-NB,3686.0299999999997,Weekly,2025-10-27,2025-11-02,KG,2.702,2.702
PEAR_FAMILY,ONLINE,NL-NB,4299.7,Weekly,2025-11-03,2025-11-09,KG,3.163,3.163
PEAR_FAMILY,ONLINE,NL-NB,3872.27,Weekly,2025-11-10,2025-11-16,KG,3.157,3.157
PEAR_FAMILY,ONLINE,NL-NB,3559.08,Weekly,2025-11-17,2025-11-23,KG,3.137,3.137
PEAR_FAMILY,ONLINE,NL-NB,3486.48,Weekly,2025-11-24,2025-11-30,KG,3.139,3.139
PEAR_FAMILY,ONLINE,NL-NB,3394.51,Weekly,2025-12-01,2025-12-07,KG,3.151,3.151
PEAR_FAMILY,ONLINE,NL-NB,3717.03,Weekly,2025-12-08,2025-12-14,KG,3.11,3.11
PEAR_FAMILY,ONLINE,NL-NB,3686.32,Weekly,2025-12-15,2025-12-21,KG,3.152,3.152
PEAR_FAMILY,ONLINE,NL-NB,3653.58,Weekly,2025-12-22,2025-12-28,KG,3.185,3.185
PEAR_FAMILY,ONLINE,NL-NB,3102.41,Weekly,2025-12-29,2026-01-04,KG,3.135,3.135
PEAR_FAMILY,ONLINE,NL-NB,2987.42,Weekly,2026-01-05,2026-01-11,KG,3.164,3.164
PEAR_FAMILY,ONLINE,NL-NB,3549.69,Weekly,2026-01-12,2026-01-18,KG,3.165,3.165
PEAR_FAMILY,ONLINE,NL-NB,3545.46,Weekly,2026-01-19,2026-01-25,KG,3.144,3.144
PEAR_FAMILY,ONLINE,NL-NB,3083.87,Weekly,2026-01-26,2026-02-01,KG,3.167,3.167
PEAR_FAMILY,ONLINE,NL-NH,1762.81,Weekly,2023-01-30,2023-02-05,KG,3.204,3.204
PEAR_FAMILY,ONLINE,NL-NH,3371.27,Weekly,2023-02-06,2023-02-12,KG,3.247,3.247
PEAR_FAMILY,ONLINE,NL-NH,3059.93,Weekly,2023-02-13,2023-02-19,KG,3.265,3.265
PEAR_FAMILY,ONLINE,NL-NH,3068.11,Weekly,2023-02-20,2023-02-26,KG,3.235,3.235
PEAR_FAMILY,ONLINE,NL-NH,3035.67,Weekly,2023-02-27,2023-03-05,KG,3.226,3.226
PEAR_FAMILY,ONLINE,NL-NH,2393.22,Weekly,2023-03-06,2023-03-12,KG,3.243,3.243
PEAR_FAMILY,ONLINE,NL-NH,2869.76,Weekly,2023-03-13,2023-03-19,KG,3.288,3.288
PEAR_FAMILY,ONLINE,NL-NH,2543.32,Weekly,2023-03-20,2023-03-26,KG,3.228,3.228
PEAR_FAMILY,ONLINE,NL-NH,2508.01,Weekly,2023-03-27,2023-04-02,KG,3.257,3.257
PEAR_FAMILY,ONLINE,NL-NH,2659.44,Weekly,2023-04-03,2023-04-09,KG,3.217,3.217
PEAR_FAMILY,ONLINE,NL-NH,2627.1,Weekly,2023-04-10,2023-04-16,KG,3.241,3.241
PEAR_FAMILY,ONLINE,NL-NH,2550.85,Weekly,2023-04-17,2023-04-23,KG,3.225,3.225
PEAR_FAMILY,ONLINE,NL-NH,2487.25,Weekly,2023-04-24,2023-04-30,KG,3.303,3.303
PEAR_FAMILY,ONLINE,NL-NH,2753.72,Weekly,2023-05-01,2023-05-07,KG,3.259,3.259
PEAR_FAMILY,ONLINE,NL-NH,2545.18,Weekly,2023-05-08,2023-05-14,KG,3.229,3.229
PEAR_FAMILY,ONLINE,NL-NH,2922.94,Weekly,2023-05-15,2023-05-21,KG,3.282,3.282
PEAR_FAMILY,ONLINE,NL-NH,2685.8,Weekly,2023-05-22,2023-05-28,KG,3.221,3.221
PEAR_FAMILY,ONLINE,NL-NH,2778.23,Weekly,2023-05-29,2023-06-04,KG,3.257,3.257
PEAR_FAMILY,ONLINE,NL-NH,2972.1,Weekly,2023-06-05,2023-06-11,KG,3.223,3.223
PEAR_FAMILY,ONLINE,NL-NH,2977.99,Weekly,2023-06-12,2023-06-18,KG,3.266,3.266
PEAR_FAMILY,ONLINE,NL-NH,3015.58,Weekly,2023-06-19,2023-06-25,KG,3.267,3.267
PEAR_FAMILY,ONLINE,NL-NH,2869.31,Weekly,2023-06-26,2023-07-02,KG,3.283,3.283
PEAR_FAMILY,ONLINE,NL-NH,2961.7400000000002,Weekly,2023-07-03,2023-07-09,KG,3.211,3.211
PEAR_FAMILY,ONLINE,NL-NH,3098.51,Weekly,2023-07-10,2023-07-16,KG,3.281,3.281
PEAR_FAMILY,ONLINE,NL-NH,3001.36,Weekly,2023-07-17,2023-07-23,KG,3.224,3.224
PEAR_FAMILY,ONLINE,NL-NH,3194.1000000000004,Weekly,2023-07-24,2023-07-30,KG,3.259,3.259
PEAR_FAMILY,ONLINE,NL-NH,2677.51,Weekly,2023-07-31,2023-08-06,KG,2.654,2.654
PEAR_FAMILY,ONLINE,NL-NH,3640.53,Weekly,2023-08-07,2023-08-13,KG,2.609,2.609
PEAR_FAMILY,ONLINE,NL-NH,3863.43,Weekly,2023-08-14,2023-08-20,KG,2.62,2.62
PEAR_FAMILY,ONLINE,NL-NH,3720.26,Weekly,2023-08-21,2023-08-27,KG,2.613,2.613
PEAR_FAMILY,ONLINE,NL-NH,3823.97,Weekly,2023-08-28,2023-09-03,KG,2.604,2.604
PEAR_FAMILY,ONLINE,NL-NH,4454.13,Weekly,2023-09-04,2023-09-10,KG,2.607,2.607
PEAR_FAMILY,ONLINE,NL-NH,4101.03,Weekly,2023-09-11,2023-09-17,KG,2.598,2.598
PEAR_FAMILY,ONLINE,NL-NH,3429.78,Weekly,2023-09-18,2023-09-24,KG,2.593,2.593
PEAR_FAMILY,ONLINE,NL-NH,4337.28,Weekly,2023-09-25,2023-10-01,KG,2.62,2.62
PEAR_FAMILY,ONLINE,NL-NH,4653.51,Weekly,2023-10-02,2023-10-08,KG,2.569,2.569
PEAR_FAMILY,ONLINE,NL-NH,3715.03,Weekly,2023-10-09,2023-10-15,KG,2.604,2.604
PEAR_FAMILY,ONLINE,NL-NH,3549.26,Weekly,2023-10-16,2023-10-22,KG,2.642,2.642
PEAR_FAMILY,ONLINE,NL-NH,3098.73,Weekly,2023-10-23,2023-10-29,KG,2.627,2.627
PEAR_FAMILY,ONLINE,NL-NH,3079.42,Weekly,2023-10-30,2023-11-05,KG,3.031,3.031
PEAR_FAMILY,ONLINE,NL-NH,3628.1400000000003,Weekly,2023-11-06,2023-11-12,KG,3.239,3.239
PEAR_FAMILY,ONLINE,NL-NH,3513.67,Weekly,2023-11-13,2023-11-19,KG,3.28,3.28
PEAR_FAMILY,ONLINE,NL-NH,3848.03,Weekly,2023-11-20,2023-11-26,KG,3.23,3.23
PEAR_FAMILY,ONLINE,NL-NH,3415.0,Weekly,2023-11-27,2023-12-03,KG,3.201,3.201
PEAR_FAMILY,ONLINE,NL-NH,3372.83,Weekly,2023-12-04,2023-12-10,KG,3.236,3.236
PEAR_FAMILY,ONLINE,NL-NH,3743.1,Weekly,2023-12-11,2023-12-17,KG,3.193,3.193
PEAR_FAMILY,ONLINE,NL-NH,3174.96,Weekly,2023-12-18,2023-12-24,KG,3.271,3.271
PEAR_FAMILY,ONLINE,NL-NH,3396.36,Weekly,2023-12-25,2023-12-31,KG,3.239,3.239
PEAR_FAMILY,ONLINE,NL-NH,3069.7400000000002,Weekly,2024-01-01,2024-01-07,KG,3.278,3.278
PEAR_FAMILY,ONLINE,NL-NH,3308.41,Weekly,2024-01-08,2024-01-14,KG,3.255,3.255
PEAR_FAMILY,ONLINE,NL-NH,3376.62,Weekly,2024-01-15,2024-01-21,KG,3.283,3.283
PEAR_FAMILY,ONLINE,NL-NH,3466.76,Weekly,2024-01-22,2024-01-28,KG,3.246,3.246
PEAR_FAMILY,ONLINE,NL-NH,3329.1,Weekly,2024-01-29,2024-02-04,KG,3.243,3.243
PEAR_FAMILY,ONLINE,NL-NH,2883.36,Weekly,2024-02-05,2024-02-11,KG,3.266,3.266
PEAR_FAMILY,ONLINE,NL-NH,2944.74,Weekly,2024-02-12,2024-02-18,KG,3.218,3.218
PEAR_FAMILY,ONLINE,NL-NH,2784.2799999999997,Weekly,2024-02-19,2024-02-25,KG,3.249,3.249
PEAR_FAMILY,ONLINE,NL-NH,2923.96,Weekly,2024-02-26,2024-03-03,KG,3.257,3.257
PEAR_FAMILY,ONLINE,NL-NH,3155.61,Weekly,2024-03-04,2024-03-10,KG,3.288,3.288
PEAR_FAMILY,ONLINE,NL-NH,2882.98,Weekly,2024-03-11,2024-03-17,KG,3.275,3.275
PEAR_FAMILY,ONLINE,NL-NH,2798.5,Weekly,2024-03-18,2024-03-24,KG,3.257,3.257
PEAR_FAMILY,ONLINE,NL-NH,2859.89,Weekly,2024-03-25,2024-03-31,KG,3.228,3.228
PEAR_FAMILY,ONLINE,NL-NH,2523.83,Weekly,2024-04-01,2024-04-07,KG,3.218,3.218
PEAR_FAMILY,ONLINE,NL-NH,3029.83,Weekly,2024-04-08,2024-04-14,KG,3.231,3.231
PEAR_FAMILY,ONLINE,NL-NH,2187.17,Weekly,2024-04-15,2024-04-21,KG,3.256,3.256
PEAR_FAMILY,ONLINE,NL-NH,2503.34,Weekly,2024-04-22,2024-04-28,KG,3.249,3.249
PEAR_FAMILY,ONLINE,NL-NH,2609.73,Weekly,2024-04-29,2024-05-05,KG,3.287,3.287
PEAR_FAMILY,ONLINE,NL-NH,2817.87,Weekly,2024-05-06,2024-05-12,KG,3.262,3.262
PEAR_FAMILY,ONLINE,NL-NH,2714.09,Weekly,2024-05-13,2024-05-19,KG,3.216,3.216
PEAR_FAMILY,ONLINE,NL-NH,2211.22,Weekly,2024-05-20,2024-05-26,KG,3.254,3.254
PEAR_FAMILY,ONLINE,NL-NH,2381.61,Weekly,2024-05-27,2024-06-02,KG,3.25,3.25
PEAR_FAMILY,ONLINE,NL-NH,2711.4,Weekly,2024-06-03,2024-06-09,KG,3.244,3.244
PEAR_FAMILY,ONLINE,NL-NH,2370.0,Weekly,2024-06-10,2024-06-16,KG,3.251,3.251
PEAR_FAMILY,ONLINE,NL-NH,2810.08,Weekly,2024-06-17,2024-06-23,KG,3.232,3.232
PEAR_FAMILY,ONLINE,NL-NH,3170.16,Weekly,2024-06-24,2024-06-30,KG,3.284,3.284
PEAR_FAMILY,ONLINE,NL-NH,2403.94,Weekly,2024-07-01,2024-07-07,KG,3.233,3.233
PEAR_FAMILY,ONLINE,NL-NH,2837.32,Weekly,2024-07-08,2024-07-14,KG,3.226,3.226
PEAR_FAMILY,ONLINE,NL-NH,2977.43,Weekly,2024-07-15,2024-07-21,KG,3.231,3.231
PEAR_FAMILY,ONLINE,NL-NH,3367.01,Weekly,2024-07-22,2024-07-28,KG,3.234,3.234
PEAR_FAMILY,ONLINE,NL-NH,3553.9,Weekly,2024-07-29,2024-08-04,KG,2.913,2.913
PEAR_FAMILY,ONLINE,NL-NH,3634.1400000000003,Weekly,2024-08-05,2024-08-11,KG,2.612,2.612
PEAR_FAMILY,ONLINE,NL-NH,3653.25,Weekly,2024-08-12,2024-08-18,KG,2.622,2.622
PEAR_FAMILY,ONLINE,NL-NH,3537.53,Weekly,2024-08-19,2024-08-25,KG,2.6,2.6
PEAR_FAMILY,ONLINE,NL-NH,4393.08,Weekly,2024-08-26,2024-09-01,KG,2.54,2.54
PEAR_FAMILY,ONLINE,NL-NH,4034.38,Weekly,2024-09-02,2024-09-08,KG,2.601,2.601
PEAR_FAMILY,ONLINE,NL-NH,3715.6,Weekly,2024-09-09,2024-09-15,KG,2.637,2.637
PEAR_FAMILY,ONLINE,NL-NH,4508.23,Weekly,2024-09-16,2024-09-22,KG,2.607,2.607
PEAR_FAMILY,ONLINE,NL-NH,3330.96,Weekly,2024-09-23,2024-09-29,KG,2.588,2.588
PEAR_FAMILY,ONLINE,NL-NH,3816.9700000000003,Weekly,2024-09-30,2024-10-06,KG,2.624,2.624
PEAR_FAMILY,ONLINE,NL-NH,4117.55,Weekly,2024-10-07,2024-10-13,KG,2.585,2.585
PEAR_FAMILY,ONLINE,NL-NH,4167.83,Weekly,2024-10-14,2024-10-20,KG,2.586,2.586
PEAR_FAMILY,ONLINE,NL-NH,4458.03,Weekly,2024-10-21,2024-10-27,KG,2.604,2.604
PEAR_FAMILY,ONLINE,NL-NH,4182.29,Weekly,2024-10-28,2024-11-03,KG,2.898,2.898
PEAR_FAMILY,ONLINE,NL-NH,3923.33,Weekly,2024-11-04,2024-11-10,KG,3.245,3.245
PEAR_FAMILY,ONLINE,NL-NH,3990.82,Weekly,2024-11-11,2024-11-17,KG,3.251,3.251
PEAR_FAMILY,ONLINE,NL-NH,3068.4700000000003,Weekly,2024-11-18,2024-11-24,KG,3.241,3.241
PEAR_FAMILY,ONLINE,NL-NH,3743.4900000000002,Weekly,2024-11-25,2024-12-01,KG,3.248,3.248
PEAR_FAMILY,ONLINE,NL-NH,3499.5,Weekly,2024-12-02,2024-12-08,KG,3.251,3.251
PEAR_FAMILY,ONLINE,NL-NH,3569.02,Weekly,2024-12-09,2024-12-15,KG,3.197,3.197
PEAR_FAMILY,ONLINE,NL-NH,3492.17,Weekly,2024-12-16,2024-12-22,KG,3.246,3.246
PEAR_FAMILY,ONLINE,NL-NH,3726.33,Weekly,2024-12-23,2024-12-29,KG,3.236,3.236
PEAR_FAMILY,ONLINE,NL-NH,3283.62,Weekly,2024-12-30,2025-01-05,KG,3.263,3.263
PEAR_FAMILY,ONLINE,NL-NH,3223.39,Weekly,2025-01-06,2025-01-12,KG,3.252,3.252
PEAR_FAMILY,ONLINE,NL-NH,3272.89,Weekly,2025-01-13,2025-01-19,KG,3.237,3.237
PEAR_FAMILY,ONLINE,NL-NH,3125.5,Weekly,2025-01-20,2025-01-26,KG,3.265,3.265
PEAR_FAMILY,ONLINE,NL-NH,3364.01,Weekly,2025-01-27,2025-02-02,KG,3.244,3.244
PEAR_FAMILY,ONLINE,NL-NH,3359.98,Weekly,2025-02-03,2025-02-09,KG,3.241,3.241
PEAR_FAMILY,ONLINE,NL-NH,2840.53,Weekly,2025-02-10,2025-02-16,KG,3.254,3.254
PEAR_FAMILY,ONLINE,NL-NH,3238.4900000000002,Weekly,2025-02-17,2025-02-23,KG,3.26,3.26
PEAR_FAMILY,ONLINE,NL-NH,3113.34,Weekly,2025-02-24,2025-03-02,KG,3.302,3.302
PEAR_FAMILY,ONLINE,NL-NH,3351.74,Weekly,2025-03-03,2025-03-09,KG,3.225,3.225
PEAR_FAMILY,ONLINE,NL-NH,2995.68,Weekly,2025-03-10,2025-03-16,KG,3.27,3.27
PEAR_FAMILY,ONLINE,NL-NH,3335.7400000000002,Weekly,2025-03-17,2025-03-23,KG,3.247,3.247
PEAR_FAMILY,ONLINE,NL-NH,3128.05,Weekly,2025-03-24,2025-03-30,KG,3.183,3.183
PEAR_FAMILY,ONLINE,NL-NH,3465.79,Weekly,2025-03-31,2025-04-06,KG,3.243,3.243
PEAR_FAMILY,ONLINE,NL-NH,3088.58,Weekly,2025-04-07,2025-04-13,KG,3.249,3.249
PEAR_FAMILY,ONLINE,NL-NH,2818.21,Weekly,2025-04-14,2025-04-20,KG,3.226,3.226
PEAR_FAMILY,ONLINE,NL-NH,2589.73,Weekly,2025-04-21,2025-04-27,KG,3.27,3.27
PEAR_FAMILY,ONLINE,NL-NH,3072.5099999999998,Weekly,2025-04-28,2025-05-04,KG,3.205,3.205
PEAR_FAMILY,ONLINE,NL-NH,2858.81,Weekly,2025-05-05,2025-05-11,KG,3.207,3.207
PEAR_FAMILY,ONLINE,NL-NH,3005.44,Weekly,2025-05-12,2025-05-18,KG,3.238,3.238
PEAR_FAMILY,ONLINE,NL-NH,2635.37,Weekly,2025-05-19,2025-05-25,KG,3.223,3.223
PEAR_FAMILY,ONLINE,NL-NH,2600.47,Weekly,2025-05-26,2025-06-01,KG,3.231,3.231
PEAR_FAMILY,ONLINE,NL-NH,2447.43,Weekly,2025-06-02,2025-06-08,KG,3.275,3.275
PEAR_FAMILY,ONLINE,NL-NH,2881.46,Weekly,2025-06-09,2025-06-15,KG,3.255,3.255
PEAR_FAMILY,ONLINE,NL-NH,3089.37,Weekly,2025-06-16,2025-06-22,KG,3.249,3.249
PEAR_FAMILY,ONLINE,NL-NH,2942.89,Weekly,2025-06-23,2025-06-29,KG,3.207,3.207
PEAR_FAMILY,ONLINE,NL-NH,2935.18,Weekly,2025-06-30,2025-07-06,KG,3.241,3.241
PEAR_FAMILY,ONLINE,NL-NH,3100.46,Weekly,2025-07-07,2025-07-13,KG,3.198,3.198
PEAR_FAMILY,ONLINE,NL-NH,3089.34,Weekly,2025-07-14,2025-07-20,KG,3.266,3.266
PEAR_FAMILY,ONLINE,NL-NH,3239.3199999999997,Weekly,2025-07-21,2025-07-27,KG,3.234,3.234
PEAR_FAMILY,ONLINE,NL-NH,3179.11,Weekly,2025-07-28,2025-08-03,KG,3.006,3.006
PEAR_FAMILY,ONLINE,NL-NH,3584.37,Weekly,2025-08-04,2025-08-10,KG,2.588,2.588
PEAR_FAMILY,ONLINE,NL-NH,3857.1,Weekly,2025-08-11,2025-08-17,KG,2.61,2.61
PEAR_FAMILY,ONLINE,NL-NH,3995.2400000000002,Weekly,2025-08-18,2025-08-24,KG,2.618,2.618
PEAR_FAMILY,ONLINE,NL-NH,3873.43,Weekly,2025-08-25,2025-08-31,KG,2.603,2.603
PEAR_FAMILY,ONLINE,NL-NH,4119.99,Weekly,2025-09-01,2025-09-07,KG,2.616,2.616
PEAR_FAMILY,ONLINE,NL-NH,3754.61,Weekly,2025-09-08,2025-09-14,KG,2.605,2.605
PEAR_FAMILY,ONLINE,NL-NH,3511.71,Weekly,2025-09-15,2025-09-21,KG,2.662,2.662
PEAR_FAMILY,ONLINE,NL-NH,4399.5,Weekly,2025-09-22,2025-09-28,KG,2.626,2.626
PEAR_FAMILY,ONLINE,NL-NH,3610.03,Weekly,2025-09-29,2025-10-05,KG,2.616,2.616
PEAR_FAMILY,ONLINE,NL-NH,4271.23,Weekly,2025-10-06,2025-10-12,KG,2.622,2.622
PEAR_FAMILY,ONLINE,NL-NH,4138.96,Weekly,2025-10-13,2025-10-19,KG,2.623,2.623
PEAR_FAMILY,ONLINE,NL-NH,3382.61,Weekly,2025-10-20,2025-10-26,KG,2.603,2.603
PEAR_FAMILY,ONLINE,NL-NH,3592.44,Weekly,2025-10-27,2025-11-02,KG,2.779,2.779
PEAR_FAMILY,ONLINE,NL-NH,4417.48,Weekly,2025-11-03,2025-11-09,KG,3.279,3.279
PEAR_FAMILY,ONLINE,NL-NH,3640.8199999999997,Weekly,2025-11-10,2025-11-16,KG,3.231,3.231
PEAR_FAMILY,ONLINE,NL-NH,3412.98,Weekly,2025-11-17,2025-11-23,KG,3.24,3.24
PEAR_FAMILY,ONLINE,NL-NH,3950.78,Weekly,2025-11-24,2025-11-30,KG,3.24,3.24
PEAR_FAMILY,ONLINE,NL-NH,3653.98,Weekly,2025-12-01,2025-12-07,KG,3.268,3.268
PEAR_FAMILY,ONLINE,NL-NH,3924.55,Weekly,2025-12-08,2025-12-14,KG,3.29,3.29
PEAR_FAMILY,ONLINE,NL-NH,3782.2200000000003,Weekly,2025-12-15,2025-12-21,KG,3.257,3.257
PEAR_FAMILY,ONLINE,NL-NH,3681.59,Weekly,2025-12-22,2025-12-28,KG,3.237,3.237
PEAR_FAMILY,ONLINE,NL-NH,3082.61,Weekly,2025-12-29,2026-01-04,KG,3.275,3.275
PEAR_FAMILY,ONLINE,NL-NH,3080.81,Weekly,2026-01-05,2026-01-11,KG,3.272,3.272
PEAR_FAMILY,ONLINE,NL-NH,3330.94,Weekly,2026-01-12,2026-01-18,KG,3.261,3.261
PEAR_FAMILY,ONLINE,NL-NH,3419.1,Weekly,2026-01-19,2026-01-25,KG,3.291,3.291
PEAR_FAMILY,ONLINE,NL-NH,2974.7799999999997,Weekly,2026-01-26,2026-02-01,KG,3.218,3.218
PEAR_FAMILY,ONLINE,NL-ZH,1862.48,Weekly,2023-01-30,2023-02-05,KG,3.402,3.402
PEAR_FAMILY,ONLINE,NL-ZH,3487.87,Weekly,2023-02-06,2023-02-12,KG,3.327,3.327
PEAR_FAMILY,ONLINE,NL-ZH,3319.26,Weekly,2023-02-13,2023-02-19,KG,3.343,3.343
PEAR_FAMILY,ONLINE,NL-ZH,3155.18,Weekly,2023-02-20,2023-02-26,KG,3.34,3.34
PEAR_FAMILY,ONLINE,NL-ZH,3140.55,Weekly,2023-02-27,2023-03-05,KG,3.359,3.359
PEAR_FAMILY,ONLINE,NL-ZH,2415.63,Weekly,2023-03-06,2023-03-12,KG,3.32,3.32
PEAR_FAMILY,ONLINE,NL-ZH,3023.7,Weekly,2023-03-13,2023-03-19,KG,3.312,3.312
PEAR_FAMILY,ONLINE,NL-ZH,2580.7,Weekly,2023-03-20,2023-03-26,KG,3.366,3.366
PEAR_FAMILY,ONLINE,NL-ZH,2576.62,Weekly,2023-03-27,2023-04-02,KG,3.398,3.398
PEAR_FAMILY,ONLINE,NL-ZH,2751.92,Weekly,2023-04-03,2023-04-09,KG,3.363,3.363
PEAR_FAMILY,ONLINE,NL-ZH,2653.88,Weekly,2023-04-10,2023-04-16,KG,3.29,3.29
PEAR_FAMILY,ONLINE,NL-ZH,2624.21,Weekly,2023-04-17,2023-04-23,KG,3.311,3.311
PEAR_FAMILY,ONLINE,NL-ZH,2604.4,Weekly,2023-04-24,2023-04-30,KG,3.389,3.389
PEAR_FAMILY,ONLINE,NL-ZH,2887.99,Weekly,2023-05-01,2023-05-07,KG,3.311,3.311
PEAR_FAMILY,ONLINE,NL-ZH,2280.05,Weekly,2023-05-08,2023-05-14,KG,3.32,3.32
PEAR_FAMILY,ONLINE,NL-ZH,2906.66,Weekly,2023-05-15,2023-05-21,KG,3.333,3.333
PEAR_FAMILY,ONLINE,NL-ZH,3012.62,Weekly,2023-05-22,2023-05-28,KG,3.33,3.33
PEAR_FAMILY,ONLINE,NL-ZH,2837.67,Weekly,2023-05-29,2023-06-04,KG,3.377,3.377
PEAR_FAMILY,ONLINE,NL-ZH,3083.0299999999997,Weekly,2023-06-05,2023-06-11,KG,3.39,3.39
PEAR_FAMILY,ONLINE,NL-ZH,3067.54,Weekly,2023-06-12,2023-06-18,KG,3.354,3.354
PEAR_FAMILY,ONLINE,NL-ZH,2996.9700000000003,Weekly,2023-06-19,2023-06-25,KG,3.359,3.359
PEAR_FAMILY,ONLINE,NL-ZH,3176.4700000000003,Weekly,2023-06-26,2023-07-02,KG,3.316,3.316
PEAR_FAMILY,ONLINE,NL-ZH,2860.75,Weekly,2023-07-03,2023-07-09,KG,3.315,3.315
PEAR_FAMILY,ONLINE,NL-ZH,3307.17,Weekly,2023-07-10,2023-07-16,KG,3.356,3.356
PEAR_FAMILY,ONLINE,NL-ZH,3279.86,Weekly,2023-07-17,2023-07-23,KG,3.352,3.352
PEAR_FAMILY,ONLINE,NL-ZH,3047.55,Weekly,2023-07-24,2023-07-30,KG,3.369,3.369
PEAR_FAMILY,ONLINE,NL-ZH,2695.89,Weekly,2023-07-31,2023-08-06,KG,2.746,2.746
PEAR_FAMILY,ONLINE,NL-ZH,3719.7,Weekly,2023-08-07,2023-08-13,KG,2.746,2.746
PEAR_FAMILY,ONLINE,NL-ZH,4101.12,Weekly,2023-08-14,2023-08-20,KG,2.687,2.687
PEAR_FAMILY,ONLINE,NL-ZH,3773.75,Weekly,2023-08-21,2023-08-27,KG,2.691,2.691
PEAR_FAMILY,ONLINE,NL-ZH,3860.17,Weekly,2023-08-28,2023-09-03,KG,2.665,2.665
PEAR_FAMILY,ONLINE,NL-ZH,4368.0,Weekly,2023-09-04,2023-09-10,KG,2.672,2.672
PEAR_FAMILY,ONLINE,NL-ZH,4300.32,Weekly,2023-09-11,2023-09-17,KG,2.686,2.686
PEAR_FAMILY,ONLINE,NL-ZH,3790.25,Weekly,2023-09-18,2023-09-24,KG,2.688,2.688
PEAR_FAMILY,ONLINE,NL-ZH,4898.43,Weekly,2023-09-25,2023-10-01,KG,2.673,2.673
PEAR_FAMILY,ONLINE,NL-ZH,4725.0599999999995,Weekly,2023-10-02,2023-10-08,KG,2.667,2.667
PEAR_FAMILY,ONLINE,NL-ZH,3906.07,Weekly,2023-10-09,2023-10-15,KG,2.658,2.658
PEAR_FAMILY,ONLINE,NL-ZH,4014.89,Weekly,2023-10-16,2023-10-22,KG,2.68,2.68
PEAR_FAMILY,ONLINE,NL-ZH,3302.48,Weekly,2023-10-23,2023-10-29,KG,2.655,2.655
PEAR_FAMILY,ONLINE,NL-ZH,3201.17,Weekly,2023-10-30,2023-11-05,KG,3.134,3.134
PEAR_FAMILY,ONLINE,NL-ZH,3854.88,Weekly,2023-11-06,2023-11-12,KG,3.346,3.346
PEAR_FAMILY,ONLINE,NL-ZH,3587.68,Weekly,2023-11-13,2023-11-19,KG,3.359,3.359
PEAR_FAMILY,ONLINE,NL-ZH,4022.74,Weekly,2023-11-20,2023-11-26,KG,3.301,3.301
PEAR_FAMILY,ONLINE,NL-ZH,3616.82,Weekly,2023-11-27,2023-12-03,KG,3.357,3.357
PEAR_FAMILY,ONLINE,NL-ZH,3522.71,Weekly,2023-12-04,2023-12-10,KG,3.329,3.329
PEAR_FAMILY,ONLINE,NL-ZH,3830.77,Weekly,2023-12-11,2023-12-17,KG,3.334,3.334
PEAR_FAMILY,ONLINE,NL-ZH,3353.91,Weekly,2023-12-18,2023-12-24,KG,3.369,3.369
PEAR_FAMILY,ONLINE,NL-ZH,3437.77,Weekly,2023-12-25,2023-12-31,KG,3.325,3.325
PEAR_FAMILY,ONLINE,NL-ZH,3304.2000000000003,Weekly,2024-01-01,2024-01-07,KG,3.366,3.366
PEAR_FAMILY,ONLINE,NL-ZH,3504.33,Weekly,2024-01-08,2024-01-14,KG,3.375,3.375
PEAR_FAMILY,ONLINE,NL-ZH,3519.87,Weekly,2024-01-15,2024-01-21,KG,3.317,3.317
PEAR_FAMILY,ONLINE,NL-ZH,3489.51,Weekly,2024-01-22,2024-01-28,KG,3.349,3.349
PEAR_FAMILY,ONLINE,NL-ZH,3515.11,Weekly,2024-01-29,2024-02-04,KG,3.362,3.369
PEAR_FAMILY,ONLINE,NL-ZH,3061.57,Weekly,2024-02-05,2024-02-11,KG,3.291,3.354
PEAR_FAMILY,ONLINE,NL-ZH,3117.16,Weekly,2024-02-12,2024-02-18,KG,3.366,3.366
PEAR_FAMILY,ONLINE,NL-ZH,2919.7200000000003,Weekly,2024-02-19,2024-02-25,KG,3.334,3.334
PEAR_FAMILY,ONLINE,NL-ZH,2810.02,Weekly,2024-02-26,2024-03-03,KG,3.315,3.315
PEAR_FAMILY,ONLINE,NL-ZH,3227.45,Weekly,2024-03-04,2024-03-10,KG,3.294,3.294
PEAR_FAMILY,ONLINE,NL-ZH,2857.83,Weekly,2024-03-11,2024-03-17,KG,3.349,3.349
PEAR_FAMILY,ONLINE,NL-ZH,3057.09,Weekly,2024-03-18,2024-03-24,KG,3.395,3.395
PEAR_FAMILY,ONLINE,NL-ZH,2886.62,Weekly,2024-03-25,2024-03-31,KG,3.325,3.325
PEAR_FAMILY,ONLINE,NL-ZH,2796.69,Weekly,2024-04-01,2024-04-07,KG,3.355,3.355
PEAR_FAMILY,ONLINE,NL-ZH,2954.31,Weekly,2024-04-08,2024-04-14,KG,3.394,3.394
PEAR_FAMILY,ONLINE,NL-ZH,2351.07,Weekly,2024-04-15,2024-04-21,KG,3.371,3.371
PEAR_FAMILY,ONLINE,NL-ZH,2639.07,Weekly,2024-04-22,2024-04-28,KG,3.354,3.354
PEAR_FAMILY,ONLINE,NL-ZH,2773.57,Weekly,2024-04-29,2024-05-05,KG,3.32,3.32
PEAR_FAMILY,ONLINE,NL-ZH,2942.44,Weekly,2024-05-06,2024-05-12,KG,3.363,3.363
PEAR_FAMILY,ONLINE,NL-ZH,2796.51,Weekly,2024-05-13,2024-05-19,KG,3.313,3.313
PEAR_FAMILY,ONLINE,NL-ZH,2267.32,Weekly,2024-05-20,2024-05-26,KG,3.345,3.345
PEAR_FAMILY,ONLINE,NL-ZH,2626.96,Weekly,2024-05-27,2024-06-02,KG,3.361,3.361
PEAR_FAMILY,ONLINE,NL-ZH,2975.63,Weekly,2024-06-03,2024-06-09,KG,3.376,3.376
PEAR_FAMILY,ONLINE,NL-ZH,2458.7599999999998,Weekly,2024-06-10,2024-06-16,KG,3.358,3.358
PEAR_FAMILY,ONLINE,NL-ZH,2811.0,Weekly,2024-06-17,2024-06-23,KG,3.348,3.348
PEAR_FAMILY,ONLINE,NL-ZH,3321.9900000000002,Weekly,2024-06-24,2024-06-30,KG,3.352,3.352
PEAR_FAMILY,ONLINE,NL-ZH,2467.29,Weekly,2024-07-01,2024-07-07,KG,3.332,3.332
PEAR_FAMILY,ONLINE,NL-ZH,2855.9,Weekly,2024-07-08,2024-07-14,KG,3.358,3.358
PEAR_FAMILY,ONLINE,NL-ZH,3404.99,Weekly,2024-07-15,2024-07-21,KG,3.332,3.332
PEAR_FAMILY,ONLINE,NL-ZH,3174.81,Weekly,2024-07-22,2024-07-28,KG,3.331,3.331
PEAR_FAMILY,ONLINE,NL-ZH,3416.13,Weekly,2024-07-29,2024-08-04,KG,2.997,2.997
PEAR_FAMILY,ONLINE,NL-ZH,3748.61,Weekly,2024-08-05,2024-08-11,KG,2.685,2.685
PEAR_FAMILY,ONLINE,NL-ZH,3821.6400000000003,Weekly,2024-08-12,2024-08-18,KG,2.71,2.71
PEAR_FAMILY,ONLINE,NL-ZH,3749.68,Weekly,2024-08-19,2024-08-25,KG,2.709,2.709
PEAR_FAMILY,ONLINE,NL-ZH,4205.09,Weekly,2024-08-26,2024-09-01,KG,2.685,2.685
PEAR_FAMILY,ONLINE,NL-ZH,4235.35,Weekly,2024-09-02,2024-09-08,KG,2.665,2.665
PEAR_FAMILY,ONLINE,NL-ZH,3769.64,Weekly,2024-09-09,2024-09-15,KG,2.69,2.69
PEAR_FAMILY,ONLINE,NL-ZH,4585.4400000000005,Weekly,2024-09-16,2024-09-22,KG,2.682,2.682
PEAR_FAMILY,ONLINE,NL-ZH,3373.03,Weekly,2024-09-23,2024-09-29,KG,2.721,2.721
PEAR_FAMILY,ONLINE,NL-ZH,3900.55,Weekly,2024-09-30,2024-10-06,KG,2.69,2.69
PEAR_FAMILY,ONLINE,NL-ZH,4008.15,Weekly,2024-10-07,2024-10-13,KG,2.657,2.657
PEAR_FAMILY,ONLINE,NL-ZH,4263.54,Weekly,2024-10-14,2024-10-20,KG,2.662,2.662
PEAR_FAMILY,ONLINE,NL-ZH,4518.2,Weekly,2024-10-21,2024-10-27,KG,2.703,2.703
PEAR_FAMILY,ONLINE,NL-ZH,4177.03,Weekly,2024-10-28,2024-11-03,KG,2.944,2.944
PEAR_FAMILY,ONLINE,NL-ZH,4058.08,Weekly,2024-11-04,2024-11-10,KG,3.342,3.342
PEAR_FAMILY,ONLINE,NL-ZH,3980.95,Weekly,2024-11-11,2024-11-17,KG,3.352,3.352
PEAR_FAMILY,ONLINE,NL-ZH,3378.29,Weekly,2024-11-18,2024-11-24,KG,3.347,3.347
PEAR_FAMILY,ONLINE,NL-ZH,3692.36,Weekly,2024-11-25,2024-12-01,KG,3.353,3.353
PEAR_FAMILY,ONLINE,NL-ZH,3480.16,Weekly,2024-12-02,2024-12-08,KG,3.379,3.379
PEAR_FAMILY,ONLINE,NL-ZH,3814.02,Weekly,2024-12-09,2024-12-15,KG,3.306,3.306
PEAR_FAMILY,ONLINE,NL-ZH,3414.83,Weekly,2024-12-16,2024-12-22,KG,3.354,3.354
PEAR_FAMILY,ONLINE,NL-ZH,3802.12,Weekly,2024-12-23,2024-12-29,KG,3.38,3.38
PEAR_FAMILY,ONLINE,NL-ZH,3381.7000000000003,Weekly,2024-12-30,2025-01-05,KG,3.358,3.358
PEAR_FAMILY,ONLINE,NL-ZH,3392.06,Weekly,2025-01-06,2025-01-12,KG,3.344,3.344
PEAR_FAMILY,ONLINE,NL-ZH,3517.54,Weekly,2025-01-13,2025-01-19,KG,3.379,3.379
PEAR_FAMILY,ONLINE,NL-ZH,3032.94,Weekly,2025-01-20,2025-01-26,KG,3.412,3.412
PEAR_FAMILY,ONLINE,NL-ZH,3389.9,Weekly,2025-01-27,2025-02-02,KG,3.33,3.33
PEAR_FAMILY,ONLINE,NL-ZH,3447.8500000000004,Weekly,2025-02-03,2025-02-09,KG,3.342,3.342
PEAR_FAMILY,ONLINE,NL-ZH,3007.18,Weekly,2025-02-10,2025-02-16,KG,3.344,3.344
PEAR_FAMILY,ONLINE,NL-ZH,3284.3,Weekly,2025-02-17,2025-02-23,KG,3.348,3.348
PEAR_FAMILY,ONLINE,NL-ZH,3074.43,Weekly,2025-02-24,2025-03-02,KG,3.384,3.384
PEAR_FAMILY,ONLINE,NL-ZH,3528.41,Weekly,2025-03-03,2025-03-09,KG,3.299,3.299
PEAR_FAMILY,ONLINE,NL-ZH,3249.21,Weekly,2025-03-10,2025-03-16,KG,3.386,3.386
PEAR_FAMILY,ONLINE,NL-ZH,3335.55,Weekly,2025-03-17,2025-03-23,KG,3.317,3.317
PEAR_FAMILY,ONLINE,NL-ZH,3139.27,Weekly,2025-03-24,2025-03-30,KG,3.353,3.353
PEAR_FAMILY,ONLINE,NL-ZH,3341.7,Weekly,2025-03-31,2025-04-06,KG,3.368,3.368
PEAR_FAMILY,ONLINE,NL-ZH,3266.5299999999997,Weekly,2025-04-07,2025-04-13,KG,3.31,3.31
PEAR_FAMILY,ONLINE,NL-ZH,3028.85,Weekly,2025-04-14,2025-04-20,KG,3.332,3.332
PEAR_FAMILY,ONLINE,NL-ZH,2755.76,Weekly,2025-04-21,2025-04-27,KG,3.314,3.314
PEAR_FAMILY,ONLINE,NL-ZH,3251.32,Weekly,2025-04-28,2025-05-04,KG,3.373,3.373
PEAR_FAMILY,ONLINE,NL-ZH,3006.99,Weekly,2025-05-05,2025-05-11,KG,3.349,3.349
PEAR_FAMILY,ONLINE,NL-ZH,3074.4,Weekly,2025-05-12,2025-05-18,KG,3.345,3.345
PEAR_FAMILY,ONLINE,NL-ZH,3005.5099999999998,Weekly,2025-05-19,2025-05-25,KG,3.38,3.38
PEAR_FAMILY,ONLINE,NL-ZH,2665.76,Weekly,2025-05-26,2025-06-01,KG,3.333,3.333
PEAR_FAMILY,ONLINE,NL-ZH,2513.94,Weekly,2025-06-02,2025-06-08,KG,3.322,3.322
PEAR_FAMILY,ONLINE,NL-ZH,3121.86,Weekly,2025-06-09,2025-06-15,KG,3.229,3.315
PEAR_FAMILY,ONLINE,NL-ZH,3766.07,Weekly,2025-06-16,2025-06-22,KG,2.903,3.354
PEAR_FAMILY,ONLINE,NL-ZH,3151.92,Weekly,2025-06-23,2025-06-29,KG,3.349,3.349
PEAR_FAMILY,ONLINE,NL-ZH,3006.12,Weekly,2025-06-30,2025-07-06,KG,3.35,3.35
PEAR_FAMILY,ONLINE,NL-ZH,3310.39,Weekly,2025-07-07,2025-07-13,KG,3.347,3.347
PEAR_FAMILY,ONLINE,NL-ZH,3260.3,Weekly,2025-07-14,2025-07-20,KG,3.399,3.399
PEAR_FAMILY,ONLINE,NL-ZH,3332.17,Weekly,2025-07-21,2025-07-27,KG,3.318,3.318
PEAR_FAMILY,ONLINE,NL-ZH,3392.23,Weekly,2025-07-28,2025-08-03,KG,3.108,3.108
PEAR_FAMILY,ONLINE,NL-ZH,3706.46,Weekly,2025-08-04,2025-08-10,KG,2.713,2.713
PEAR_FAMILY,ONLINE,NL-ZH,3779.7599999999998,Weekly,2025-08-11,2025-08-17,KG,2.716,2.716
PEAR_FAMILY,ONLINE,NL-ZH,4087.17,Weekly,2025-08-18,2025-08-24,KG,2.679,2.679
PEAR_FAMILY,ONLINE,NL-ZH,4019.17,Weekly,2025-08-25,2025-08-31,KG,2.693,2.693
PEAR_FAMILY,ONLINE,NL-ZH,4339.17,Weekly,2025-09-01,2025-09-07,KG,2.682,2.682
PEAR_FAMILY,ONLINE,NL-ZH,3978.33,Weekly,2025-09-08,2025-09-14,KG,2.669,2.669
PEAR_FAMILY,ONLINE,NL-ZH,4189.07,Weekly,2025-09-15,2025-09-21,KG,2.655,2.655
PEAR_FAMILY,ONLINE,NL-ZH,4421.52,Weekly,2025-09-22,2025-09-28,KG,2.661,2.661
PEAR_FAMILY,ONLINE,NL-ZH,3761.59,Weekly,2025-09-29,2025-10-05,KG,2.69,2.69
PEAR_FAMILY,ONLINE,NL-ZH,4240.95,Weekly,2025-10-06,2025-10-12,KG,2.713,2.713
PEAR_FAMILY,ONLINE,NL-ZH,4267.47,Weekly,2025-10-13,2025-10-19,KG,2.713,2.713
PEAR_FAMILY,ONLINE,NL-ZH,3594.17,Weekly,2025-10-20,2025-10-26,KG,2.697,2.697
PEAR_FAMILY,ONLINE,NL-ZH,3773.18,Weekly,2025-10-27,2025-11-02,KG,2.857,2.857
PEAR_FAMILY,ONLINE,NL-ZH,4531.07,Weekly,2025-11-03,2025-11-09,KG,3.32,3.32
PEAR_FAMILY,ONLINE,NL-ZH,3841.4,Weekly,2025-11-10,2025-11-16,KG,3.33,3.33
PEAR_FAMILY,ONLINE,NL-ZH,3495.67,Weekly,2025-11-17,2025-11-23,KG,3.347,3.347
PEAR_FAMILY,ONLINE,NL-ZH,4062.48,Weekly,2025-11-24,2025-11-30,KG,3.358,3.358
PEAR_FAMILY,ONLINE,NL-ZH,3907.83,Weekly,2025-12-01,2025-12-07,KG,3.329,3.329
PEAR_FAMILY,ONLINE,NL-ZH,4002.93,Weekly,2025-12-08,2025-12-14,KG,3.306,3.306
PEAR_FAMILY,ONLINE,NL-ZH,4163.55,Weekly,2025-12-15,2025-12-21,KG,3.339,3.339
PEAR_FAMILY,ONLINE,NL-ZH,3814.0,Weekly,2025-12-22,2025-12-28,KG,3.343,3.343
PEAR_FAMILY,ONLINE,NL-ZH,3300.35,Weekly,2025-12-29,2026-01-04,KG,3.367,3.367
PEAR_FAMILY,ONLINE,NL-ZH,2968.47,Weekly,2026-01-05,2026-01-11,KG,3.38,3.38
PEAR_FAMILY,ONLINE,NL-ZH,3502.19,Weekly,2026-01-12,2026-01-18,KG,3.359,3.359
PEAR_FAMILY,ONLINE,NL-ZH,3770.49,Weekly,2026-01-19,2026-01-25,KG,3.348,3.348
PEAR_FAMILY,ONLINE,NL-ZH,3252.41,Weekly,2026-01-26,2026-02-01,KG,3.338,3.338
PEAR_FAMILY,RETAIL,NL-GE,3706.23,Weekly,2023-01-30,2023-02-05,KG,3.017,3.017
PEAR_FAMILY,RETAIL,NL-GE,7181.4,Weekly,2023-02-06,2023-02-12,KG,2.771,3.068
PEAR_FAMILY,RETAIL,NL-GE,6501.0,Weekly,2023-02-13,2023-02-19,KG,2.802,3.048
PEAR_FAMILY,RETAIL,NL-GE,5786.25,Weekly,2023-02-20,2023-02-26,KG,3.049,3.05
PEAR_FAMILY,RETAIL,NL-GE,5815.14,Weekly,2023-02-27,2023-03-05,KG,3.106,3.106
PEAR_FAMILY,RETAIL,NL-GE,4505.8,Weekly,2023-03-06,2023-03-12,KG,3.024,3.024
PEAR_FAMILY,RETAIL,NL-GE,5610.08,Weekly,2023-03-13,2023-03-19,KG,3.023,3.023
PEAR_FAMILY,RETAIL,NL-GE,4365.26,Weekly,2023-03-20,2023-03-26,KG,3.059,3.059
PEAR_FAMILY,RETAIL,NL-GE,4581.18,Weekly,2023-03-27,2023-04-02,KG,3.063,3.063
PEAR_FAMILY,RETAIL,NL-GE,5087.11,Weekly,2023-04-03,2023-04-09,KG,3.051,3.051
PEAR_FAMILY,RETAIL,NL-GE,4787.78,Weekly,2023-04-10,2023-04-16,KG,3.075,3.075
PEAR_FAMILY,RETAIL,NL-GE,4890.95,Weekly,2023-04-17,2023-04-23,KG,3.038,3.038
PEAR_FAMILY,RETAIL,NL-GE,4899.22,Weekly,2023-04-24,2023-04-30,KG,3.014,3.014
PEAR_FAMILY,RETAIL,NL-GE,4951.98,Weekly,2023-05-01,2023-05-07,KG,3.087,3.087
PEAR_FAMILY,RETAIL,NL-GE,4501.9,Weekly,2023-05-08,2023-05-14,KG,3.045,3.045
PEAR_FAMILY,RETAIL,NL-GE,5390.75,Weekly,2023-05-15,2023-05-21,KG,3.077,3.077
PEAR_FAMILY,RETAIL,NL-GE,5597.26,Weekly,2023-05-22,2023-05-28,KG,3.101,3.101
PEAR_FAMILY,RETAIL,NL-GE,5538.6900000000005,Weekly,2023-05-29,2023-06-04,KG,3.097,3.097
PEAR_FAMILY,RETAIL,NL-GE,5706.74,Weekly,2023-06-05,2023-06-11,KG,3.034,3.034
PEAR_FAMILY,RETAIL,NL-GE,5400.37,Weekly,2023-06-12,2023-06-18,KG,3.056,3.056
PEAR_FAMILY,RETAIL,NL-GE,5386.360000000001,Weekly,2023-06-19,2023-06-25,KG,3.071,3.071
PEAR_FAMILY,RETAIL,NL-GE,5202.75,Weekly,2023-06-26,2023-07-02,KG,3.054,3.054
PEAR_FAMILY,RETAIL,NL-GE,5894.53,Weekly,2023-07-03,2023-07-09,KG,3.053,3.053
PEAR_FAMILY,RETAIL,NL-GE,6755.74,Weekly,2023-07-10,2023-07-16,KG,2.921,3.075
PEAR_FAMILY,RETAIL,NL-GE,5962.96,Weekly,2023-07-17,2023-07-23,KG,2.967,3.033
PEAR_FAMILY,RETAIL,NL-GE,5253.61,Weekly,2023-07-24,2023-07-30,KG,3.048,3.048
PEAR_FAMILY,RETAIL,NL-GE,4725.68,Weekly,2023-07-31,2023-08-06,KG,2.481,2.481
PEAR_FAMILY,RETAIL,NL-GE,6699.96,Weekly,2023-08-07,2023-08-13,KG,2.462,2.462
PEAR_FAMILY,RETAIL,NL-GE,6817.09,Weekly,2023-08-14,2023-08-20,KG,2.441,2.441
PEAR_FAMILY,RETAIL,NL-GE,6942.65,Weekly,2023-08-21,2023-08-27,KG,2.488,2.488
PEAR_FAMILY,RETAIL,NL-GE,7305.150000000001,Weekly,2023-08-28,2023-09-03,KG,2.45,2.45
PEAR_FAMILY,RETAIL,NL-GE,8168.780000000001,Weekly,2023-09-04,2023-09-10,KG,2.475,2.475
PEAR_FAMILY,RETAIL,NL-GE,7556.04,Weekly,2023-09-11,2023-09-17,KG,2.443,2.443
PEAR_FAMILY,RETAIL,NL-GE,7295.349999999999,Weekly,2023-09-18,2023-09-24,KG,2.441,2.441
PEAR_FAMILY,RETAIL,NL-GE,8470.17,Weekly,2023-09-25,2023-10-01,KG,2.476,2.476
PEAR_FAMILY,RETAIL,NL-GE,8186.2300000000005,Weekly,2023-10-02,2023-10-08,KG,2.449,2.449
PEAR_FAMILY,RETAIL,NL-GE,6709.04,Weekly,2023-10-09,2023-10-15,KG,2.477,2.477
PEAR_FAMILY,RETAIL,NL-GE,6729.13,Weekly,2023-10-16,2023-10-22,KG,2.442,2.442
PEAR_FAMILY,RETAIL,NL-GE,6158.68,Weekly,2023-10-23,2023-10-29,KG,2.471,2.471
PEAR_FAMILY,RETAIL,NL-GE,6716.64,Weekly,2023-10-30,2023-11-05,KG,2.84,2.84
PEAR_FAMILY,RETAIL,NL-GE,7043.12,Weekly,2023-11-06,2023-11-12,KG,3.076,3.076
PEAR_FAMILY,RETAIL,NL-GE,6682.99,Weekly,2023-11-13,2023-11-19,KG,3.039,3.039
PEAR_FAMILY,RETAIL,NL-GE,6839.13,Weekly,2023-11-20,2023-11-26,KG,3.068,3.068
PEAR_FAMILY,RETAIL,NL-GE,6288.11,Weekly,2023-11-27,2023-12-03,KG,3.06,3.06
PEAR_FAMILY,RETAIL,NL-GE,6295.6,Weekly,2023-12-04,2023-12-10,KG,3.031,3.031
PEAR_FAMILY,RETAIL,NL-GE,6879.54,Weekly,2023-12-11,2023-12-17,KG,3.005,3.005
PEAR_FAMILY,RETAIL,NL-GE,5629.12,Weekly,2023-12-18,2023-12-24,KG,3.033,3.033
PEAR_FAMILY,RETAIL,NL-GE,5982.9,Weekly,2023-12-25,2023-12-31,KG,3.092,3.092
PEAR_FAMILY,RETAIL,NL-GE,5893.17,Weekly,2024-01-01,2024-01-07,KG,3.061,3.061
PEAR_FAMILY,RETAIL,NL-GE,5976.0599999999995,Weekly,2024-01-08,2024-01-14,KG,3.052,3.052
PEAR_FAMILY,RETAIL,NL-GE,6402.88,Weekly,2024-01-15,2024-01-21,KG,3.076,3.076
PEAR_FAMILY,RETAIL,NL-GE,5847.2699999999995,Weekly,2024-01-22,2024-01-28,KG,3.073,3.073
PEAR_FAMILY,RETAIL,NL-GE,5933.37,Weekly,2024-01-29,2024-02-04,KG,3.015,3.015
PEAR_FAMILY,RETAIL,NL-GE,5113.14,Weekly,2024-02-05,2024-02-11,KG,3.094,3.094
PEAR_FAMILY,RETAIL,NL-GE,5676.94,Weekly,2024-02-12,2024-02-18,KG,3.056,3.056
PEAR_FAMILY,RETAIL,NL-GE,5443.68,Weekly,2024-02-19,2024-02-25,KG,3.05,3.05
PEAR_FAMILY,RETAIL,NL-GE,5702.66,Weekly,2024-02-26,2024-03-03,KG,3.069,3.069
PEAR_FAMILY,RETAIL,NL-GE,6064.02,Weekly,2024-03-04,2024-03-10,KG,3.079,3.079
PEAR_FAMILY,RETAIL,NL-GE,5395.21,Weekly,2024-03-11,2024-03-17,KG,3.01,3.01
PEAR_FAMILY,RETAIL,NL-GE,5035.5,Weekly,2024-03-18,2024-03-24,KG,3.072,3.072
PEAR_FAMILY,RETAIL,NL-GE,5293.74,Weekly,2024-03-25,2024-03-31,KG,3.09,3.09
PEAR_FAMILY,RETAIL,NL-GE,5012.22,Weekly,2024-04-01,2024-04-07,KG,3.037,3.037
PEAR_FAMILY,RETAIL,NL-GE,5477.37,Weekly,2024-04-08,2024-04-14,KG,3.014,3.057
PEAR_FAMILY,RETAIL,NL-GE,4194.73,Weekly,2024-04-15,2024-04-21,KG,3.04,3.088
PEAR_FAMILY,RETAIL,NL-GE,4814.33,Weekly,2024-04-22,2024-04-28,KG,3.076,3.076
PEAR_FAMILY,RETAIL,NL-GE,4932.96,Weekly,2024-04-29,2024-05-05,KG,3.07,3.07
PEAR_FAMILY,RETAIL,NL-GE,5292.85,Weekly,2024-05-06,2024-05-12,KG,3.06,3.06
PEAR_FAMILY,RETAIL,NL-GE,5059.34,Weekly,2024-05-13,2024-05-19,KG,3.098,3.098
PEAR_FAMILY,RETAIL,NL-GE,4525.54,Weekly,2024-05-20,2024-05-26,KG,3.058,3.058
PEAR_FAMILY,RETAIL,NL-GE,4681.72,Weekly,2024-05-27,2024-06-02,KG,3.074,3.074
PEAR_FAMILY,RETAIL,NL-GE,5341.42,Weekly,2024-06-03,2024-06-09,KG,3.041,3.041
PEAR_FAMILY,RETAIL,NL-GE,4486.87,Weekly,2024-06-10,2024-06-16,KG,3.046,3.046
PEAR_FAMILY,RETAIL,NL-GE,5023.29,Weekly,2024-06-17,2024-06-23,KG,3.028,3.028
PEAR_FAMILY,RETAIL,NL-GE,5558.99,Weekly,2024-06-24,2024-06-30,KG,3.014,3.014
PEAR_FAMILY,RETAIL,NL-GE,5248.11,Weekly,2024-07-01,2024-07-07,KG,3.039,3.039
PEAR_FAMILY,RETAIL,NL-GE,5330.74,Weekly,2024-07-08,2024-07-14,KG,3.044,3.044
PEAR_FAMILY,RETAIL,NL-GE,5951.29,Weekly,2024-07-15,2024-07-21,KG,3.056,3.056
PEAR_FAMILY,RETAIL,NL-GE,6082.96,Weekly,2024-07-22,2024-07-28,KG,3.086,3.086
PEAR_FAMILY,RETAIL,NL-GE,6290.54,Weekly,2024-07-29,2024-08-04,KG,2.714,2.714
PEAR_FAMILY,RETAIL,NL-GE,6778.22,Weekly,2024-08-05,2024-08-11,KG,2.463,2.463
PEAR_FAMILY,RETAIL,NL-GE,6405.04,Weekly,2024-08-12,2024-08-18,KG,2.429,2.429
PEAR_FAMILY,RETAIL,NL-GE,6913.23,Weekly,2024-08-19,2024-08-25,KG,2.481,2.481
PEAR_FAMILY,RETAIL,NL-GE,7353.81,Weekly,2024-08-26,2024-09-01,KG,2.457,2.457
PEAR_FAMILY,RETAIL,NL-GE,7318.64,Weekly,2024-09-02,2024-09-08,KG,2.442,2.442
PEAR_FAMILY,RETAIL,NL-GE,6963.85,Weekly,2024-09-09,2024-09-15,KG,2.448,2.448
PEAR_FAMILY,RETAIL,NL-GE,8762.03,Weekly,2024-09-16,2024-09-22,KG,2.456,2.456
PEAR_FAMILY,RETAIL,NL-GE,6960.59,Weekly,2024-09-23,2024-09-29,KG,2.463,2.463
PEAR_FAMILY,RETAIL,NL-GE,7211.360000000001,Weekly,2024-09-30,2024-10-06,KG,2.495,2.495
PEAR_FAMILY,RETAIL,NL-GE,6889.43,Weekly,2024-10-07,2024-10-13,KG,2.446,2.446
PEAR_FAMILY,RETAIL,NL-GE,7809.96,Weekly,2024-10-14,2024-10-20,KG,2.445,2.445
PEAR_FAMILY,RETAIL,NL-GE,7853.92,Weekly,2024-10-21,2024-10-27,KG,2.426,2.426
PEAR_FAMILY,RETAIL,NL-GE,7644.32,Weekly,2024-10-28,2024-11-03,KG,2.734,2.734
PEAR_FAMILY,RETAIL,NL-GE,7316.83,Weekly,2024-11-04,2024-11-10,KG,3.06,3.06
PEAR_FAMILY,RETAIL,NL-GE,7049.67,Weekly,2024-11-11,2024-11-17,KG,3.087,3.087
PEAR_FAMILY,RETAIL,NL-GE,6230.95,Weekly,2024-11-18,2024-11-24,KG,3.065,3.065
PEAR_FAMILY,RETAIL,NL-GE,6880.96,Weekly,2024-11-25,2024-12-01,KG,3.047,3.047
PEAR_FAMILY,RETAIL,NL-GE,6904.29,Weekly,2024-12-02,2024-12-08,KG,2.87,3.046
PEAR_FAMILY,RETAIL,NL-GE,9250.9,Weekly,2024-12-09,2024-12-15,KG,2.388,3.051
PEAR_FAMILY,RETAIL,NL-GE,6764.3099999999995,Weekly,2024-12-16,2024-12-22,KG,3.059,3.086
PEAR_FAMILY,RETAIL,NL-GE,6483.7,Weekly,2024-12-23,2024-12-29,KG,3.035,3.046
PEAR_FAMILY,RETAIL,NL-GE,6022.51,Weekly,2024-12-30,2025-01-05,KG,3.05,3.05
PEAR_FAMILY,RETAIL,NL-GE,6352.64,Weekly,2025-01-06,2025-01-12,KG,3.042,3.042
PEAR_FAMILY,RETAIL,NL-GE,6375.7,Weekly,2025-01-13,2025-01-19,KG,3.035,3.035
PEAR_FAMILY,RETAIL,NL-GE,5545.51,Weekly,2025-01-20,2025-01-26,KG,3.048,3.048
PEAR_FAMILY,RETAIL,NL-GE,6052.78,Weekly,2025-01-27,2025-02-02,KG,3.066,3.066
PEAR_FAMILY,RETAIL,NL-GE,6088.59,Weekly,2025-02-03,2025-02-09,KG,3.035,3.035
PEAR_FAMILY,RETAIL,NL-GE,5316.29,Weekly,2025-02-10,2025-02-16,KG,3.031,3.031
PEAR_FAMILY,RETAIL,NL-GE,6024.639999999999,Weekly,2025-02-17,2025-02-23,KG,3.061,3.061
PEAR_FAMILY,RETAIL,NL-GE,5323.98,Weekly,2025-02-24,2025-03-02,KG,3.082,3.082
PEAR_FAMILY,RETAIL,NL-GE,6545.59,Weekly,2025-03-03,2025-03-09,KG,3.097,3.097
PEAR_FAMILY,RETAIL,NL-GE,5514.57,Weekly,2025-03-10,2025-03-16,KG,3.08,3.08
PEAR_FAMILY,RETAIL,NL-GE,6331.78,Weekly,2025-03-17,2025-03-23,KG,3.065,3.065
PEAR_FAMILY,RETAIL,NL-GE,5549.18,Weekly,2025-03-24,2025-03-30,KG,3.094,3.094
PEAR_FAMILY,RETAIL,NL-GE,5957.95,Weekly,2025-03-31,2025-04-06,KG,3.065,3.065
PEAR_FAMILY,RETAIL,NL-GE,5755.34,Weekly,2025-04-07,2025-04-13,KG,3.044,3.044
PEAR_FAMILY,RETAIL,NL-GE,4893.5,Weekly,2025-04-14,2025-04-20,KG,3.03,3.03
PEAR_FAMILY,RETAIL,NL-GE,5199.63,Weekly,2025-04-21,2025-04-27,KG,3.05,3.05
PEAR_FAMILY,RETAIL,NL-GE,5585.48,Weekly,2025-04-28,2025-05-04,KG,3.029,3.029
PEAR_FAMILY,RETAIL,NL-GE,5406.21,Weekly,2025-05-05,2025-05-11,KG,3.054,3.054
PEAR_FAMILY,RETAIL,NL-GE,5554.69,Weekly,2025-05-12,2025-05-18,KG,3.036,3.036
PEAR_FAMILY,RETAIL,NL-GE,5161.91,Weekly,2025-05-19,2025-05-25,KG,3.097,3.097
PEAR_FAMILY,RETAIL,NL-GE,4726.0,Weekly,2025-05-26,2025-06-01,KG,3.008,3.008
PEAR_FAMILY,RETAIL,NL-GE,4425.97,Weekly,2025-06-02,2025-06-08,KG,3.103,3.103
PEAR_FAMILY,RETAIL,NL-GE,5491.16,Weekly,2025-06-09,2025-06-15,KG,3.067,3.067
PEAR_FAMILY,RETAIL,NL-GE,5871.51,Weekly,2025-06-16,2025-06-22,KG,3.048,3.048
PEAR_FAMILY,RETAIL,NL-GE,5312.21,Weekly,2025-06-23,2025-06-29,KG,3.055,3.055
PEAR_FAMILY,RETAIL,NL-GE,5411.2,Weekly,2025-06-30,2025-07-06,KG,3.089,3.089
PEAR_FAMILY,RETAIL,NL-GE,6088.39,Weekly,2025-07-07,2025-07-13,KG,3.044,3.044
PEAR_FAMILY,RETAIL,NL-GE,5987.12,Weekly,2025-07-14,2025-07-20,KG,3.06,3.06
PEAR_FAMILY,RETAIL,NL-GE,6305.45,Weekly,2025-07-21,2025-07-27,KG,3.048,3.048
PEAR_FAMILY,RETAIL,NL-GE,7980.4400000000005,Weekly,2025-07-28,2025-08-03,KG,2.274,2.818
PEAR_FAMILY,RETAIL,NL-GE,8838.26,Weekly,2025-08-04,2025-08-10,KG,2.003,2.453
PEAR_FAMILY,RETAIL,NL-GE,6950.64,Weekly,2025-08-11,2025-08-17,KG,2.463,2.463
PEAR_FAMILY,RETAIL,NL-GE,7270.63,Weekly,2025-08-18,2025-08-24,KG,2.447,2.447
PEAR_FAMILY,RETAIL,NL-GE,7310.74,Weekly,2025-08-25,2025-08-31,KG,2.472,2.472
PEAR_FAMILY,RETAIL,NL-GE,7443.82,Weekly,2025-09-01,2025-09-07,KG,2.447,2.447
PEAR_FAMILY,RETAIL,NL-GE,6952.0,Weekly,2025-09-08,2025-09-14,KG,2.463,2.463
PEAR_FAMILY,RETAIL,NL-GE,7202.45,Weekly,2025-09-15,2025-09-21,KG,2.453,2.453
PEAR_FAMILY,RETAIL,NL-GE,8054.0599999999995,Weekly,2025-09-22,2025-09-28,KG,2.452,2.452
PEAR_FAMILY,RETAIL,NL-GE,7119.22,Weekly,2025-09-29,2025-10-05,KG,2.456,2.456
PEAR_FAMILY,RETAIL,NL-GE,7514.08,Weekly,2025-10-06,2025-10-12,KG,2.436,2.436
PEAR_FAMILY,RETAIL,NL-GE,7643.52,Weekly,2025-10-13,2025-10-19,KG,2.474,2.474
PEAR_FAMILY,RETAIL,NL-GE,6712.7300000000005,Weekly,2025-10-20,2025-10-26,KG,2.452,2.452
PEAR_FAMILY,RETAIL,NL-GE,6716.93,Weekly,2025-10-27,2025-11-02,KG,2.625,2.625
PEAR_FAMILY,RETAIL,NL-GE,8256.32,Weekly,2025-11-03,2025-11-09,KG,3.04,3.04
PEAR_FAMILY,RETAIL,NL-GE,6749.54,Weekly,2025-11-10,2025-11-16,KG,3.035,3.035
PEAR_FAMILY,RETAIL,NL-GE,6944.47,Weekly,2025-11-17,2025-11-23,KG,3.069,3.069
PEAR_FAMILY,RETAIL,NL-GE,6812.34,Weekly,2025-11-24,2025-11-30,KG,3.068,3.068
PEAR_FAMILY,RETAIL,NL-GE,6325.67,Weekly,2025-12-01,2025-12-07,KG,3.046,3.046
PEAR_FAMILY,RETAIL,NL-GE,7093.29,Weekly,2025-12-08,2025-12-14,KG,3.09,3.09
PEAR_FAMILY,RETAIL,NL-GE,7075.82,Weekly,2025-12-15,2025-12-21,KG,3.059,3.059
PEAR_FAMILY,RETAIL,NL-GE,6901.88,Weekly,2025-12-22,2025-12-28,KG,3.04,3.04
PEAR_FAMILY,RETAIL,NL-GE,6089.29,Weekly,2025-12-29,2026-01-04,KG,3.031,3.031
PEAR_FAMILY,RETAIL,NL-GE,5521.3,Weekly,2026-01-05,2026-01-11,KG,3.032,3.032
PEAR_FAMILY,RETAIL,NL-GE,6819.99,Weekly,2026-01-12,2026-01-18,KG,3.028,3.028
PEAR_FAMILY,RETAIL,NL-GE,6412.93,Weekly,2026-01-19,2026-01-25,KG,3.036,3.036
PEAR_FAMILY,RETAIL,NL-GE,5869.81,Weekly,2026-01-26,2026-02-01,KG,2.991,2.991
PEAR_FAMILY,RETAIL,NL-NB,3808.0299999999997,Weekly,2023-01-30,2023-02-05,KG,3.143,3.143
PEAR_FAMILY,RETAIL,NL-NB,6150.64,Weekly,2023-02-06,2023-02-12,KG,3.118,3.118
PEAR_FAMILY,RETAIL,NL-NB,6259.9800000000005,Weekly,2023-02-13,2023-02-19,KG,3.179,3.179
PEAR_FAMILY,RETAIL,NL-NB,5764.83,Weekly,2023-02-20,2023-02-26,KG,3.159,3.159
PEAR_FAMILY,RETAIL,NL-NB,5550.47,Weekly,2023-02-27,2023-03-05,KG,3.12,3.12
PEAR_FAMILY,RETAIL,NL-NB,4566.71,Weekly,2023-03-06,2023-03-12,KG,3.138,3.138
PEAR_FAMILY,RETAIL,NL-NB,5870.88,Weekly,2023-03-13,2023-03-19,KG,3.193,3.193
PEAR_FAMILY,RETAIL,NL-NB,4796.95,Weekly,2023-03-20,2023-03-26,KG,3.153,3.153
PEAR_FAMILY,RETAIL,NL-NB,4847.21,Weekly,2023-03-27,2023-04-02,KG,3.155,3.155
PEAR_FAMILY,RETAIL,NL-NB,5323.26,Weekly,2023-04-03,2023-04-09,KG,3.193,3.193
PEAR_FAMILY,RETAIL,NL-NB,4792.85,Weekly,2023-04-10,2023-04-16,KG,3.16,3.16
PEAR_FAMILY,RETAIL,NL-NB,4978.94,Weekly,2023-04-17,2023-04-23,KG,3.156,3.156
PEAR_FAMILY,RETAIL,NL-NB,4667.88,Weekly,2023-04-24,2023-04-30,KG,3.143,3.143
PEAR_FAMILY,RETAIL,NL-NB,5104.66,Weekly,2023-05-01,2023-05-07,KG,3.144,3.144
PEAR_FAMILY,RETAIL,NL-NB,4765.22,Weekly,2023-05-08,2023-05-14,KG,3.148,3.148
PEAR_FAMILY,RETAIL,NL-NB,5457.17,Weekly,2023-05-15,2023-05-21,KG,3.149,3.149
PEAR_FAMILY,RETAIL,NL-NB,5621.43,Weekly,2023-05-22,2023-05-28,KG,3.144,3.144
PEAR_FAMILY,RETAIL,NL-NB,5601.08,Weekly,2023-05-29,2023-06-04,KG,3.148,3.148
PEAR_FAMILY,RETAIL,NL-NB,5781.88,Weekly,2023-06-05,2023-06-11,KG,3.117,3.117
PEAR_FAMILY,RETAIL,NL-NB,5752.45,Weekly,2023-06-12,2023-06-18,KG,3.157,3.157
PEAR_FAMILY,RETAIL,NL-NB,5318.07,Weekly,2023-06-19,2023-06-25,KG,3.113,3.113
PEAR_FAMILY,RETAIL,NL-NB,5664.18,Weekly,2023-06-26,2023-07-02,KG,3.17,3.17
PEAR_FAMILY,RETAIL,NL-NB,5721.81,Weekly,2023-07-03,2023-07-09,KG,3.184,3.184
PEAR_FAMILY,RETAIL,NL-NB,6468.26,Weekly,2023-07-10,2023-07-16,KG,3.146,3.146
PEAR_FAMILY,RETAIL,NL-NB,6262.65,Weekly,2023-07-17,2023-07-23,KG,3.183,3.183
PEAR_FAMILY,RETAIL,NL-NB,5486.62,Weekly,2023-07-24,2023-07-30,KG,3.166,3.166
PEAR_FAMILY,RETAIL,NL-NB,4885.92,Weekly,2023-07-31,2023-08-06,KG,2.59,2.59
PEAR_FAMILY,RETAIL,NL-NB,6817.42,Weekly,2023-08-07,2023-08-13,KG,2.546,2.546
PEAR_FAMILY,RETAIL,NL-NB,7615.15,Weekly,2023-08-14,2023-08-20,KG,2.526,2.526
PEAR_FAMILY,RETAIL,NL-NB,7227.35,Weekly,2023-08-21,2023-08-27,KG,2.556,2.556
PEAR_FAMILY,RETAIL,NL-NB,7147.24,Weekly,2023-08-28,2023-09-03,KG,2.548,2.548
PEAR_FAMILY,RETAIL,NL-NB,8646.39,Weekly,2023-09-04,2023-09-10,KG,2.566,2.566
PEAR_FAMILY,RETAIL,NL-NB,7940.39,Weekly,2023-09-11,2023-09-17,KG,2.559,2.559
PEAR_FAMILY,RETAIL,NL-NB,7804.3,Weekly,2023-09-18,2023-09-24,KG,2.486,2.486
PEAR_FAMILY,RETAIL,NL-NB,8650.47,Weekly,2023-09-25,2023-10-01,KG,2.516,2.516
PEAR_FAMILY,RETAIL,NL-NB,8436.46,Weekly,2023-10-02,2023-10-08,KG,2.52,2.52
PEAR_FAMILY,RETAIL,NL-NB,7412.900000000001,Weekly,2023-10-09,2023-10-15,KG,2.486,2.486
PEAR_FAMILY,RETAIL,NL-NB,7147.849999999999,Weekly,2023-10-16,2023-10-22,KG,2.549,2.549
PEAR_FAMILY,RETAIL,NL-NB,7010.95,Weekly,2023-10-23,2023-10-29,KG,2.507,2.507
PEAR_FAMILY,RETAIL,NL-NB,6918.78,Weekly,2023-10-30,2023-11-05,KG,2.982,2.982
PEAR_FAMILY,RETAIL,NL-NB,7320.96,Weekly,2023-11-06,2023-11-12,KG,3.131,3.131
PEAR_FAMILY,RETAIL,NL-NB,6558.74,Weekly,2023-11-13,2023-11-19,KG,3.173,3.173
PEAR_FAMILY,RETAIL,NL-NB,7293.73,Weekly,2023-11-20,2023-11-26,KG,3.152,3.152
PEAR_FAMILY,RETAIL,NL-NB,6501.52,Weekly,2023-11-27,2023-12-03,KG,3.176,3.176
PEAR_FAMILY,RETAIL,NL-NB,6915.38,Weekly,2023-12-04,2023-12-10,KG,3.137,3.137
PEAR_FAMILY,RETAIL,NL-NB,7153.92,Weekly,2023-12-11,2023-12-17,KG,3.155,3.155
PEAR_FAMILY,RETAIL,NL-NB,5856.5,Weekly,2023-12-18,2023-12-24,KG,3.097,3.097
PEAR_FAMILY,RETAIL,NL-NB,6639.08,Weekly,2023-12-25,2023-12-31,KG,3.156,3.156
PEAR_FAMILY,RETAIL,NL-NB,6028.18,Weekly,2024-01-01,2024-01-07,KG,3.103,3.103
PEAR_FAMILY,RETAIL,NL-NB,6547.5,Weekly,2024-01-08,2024-01-14,KG,3.139,3.139
PEAR_FAMILY,RETAIL,NL-NB,6331.94,Weekly,2024-01-15,2024-01-21,KG,3.141,3.141
PEAR_FAMILY,RETAIL,NL-NB,6535.79,Weekly,2024-01-22,2024-01-28,KG,3.136,3.136
PEAR_FAMILY,RETAIL,NL-NB,6461.89,Weekly,2024-01-29,2024-02-04,KG,3.139,3.139
PEAR_FAMILY,RETAIL,NL-NB,5741.0,Weekly,2024-02-05,2024-02-11,KG,3.145,3.145
PEAR_FAMILY,RETAIL,NL-NB,5874.14,Weekly,2024-02-12,2024-02-18,KG,3.106,3.106
PEAR_FAMILY,RETAIL,NL-NB,5767.48,Weekly,2024-02-19,2024-02-25,KG,3.131,3.131
PEAR_FAMILY,RETAIL,NL-NB,5703.92,Weekly,2024-02-26,2024-03-03,KG,3.161,3.161
PEAR_FAMILY,RETAIL,NL-NB,6097.37,Weekly,2024-03-04,2024-03-10,KG,3.156,3.156
PEAR_FAMILY,RETAIL,NL-NB,5347.25,Weekly,2024-03-11,2024-03-17,KG,3.138,3.138
PEAR_FAMILY,RETAIL,NL-NB,5352.02,Weekly,2024-03-18,2024-03-24,KG,3.176,3.176
PEAR_FAMILY,RETAIL,NL-NB,5415.77,Weekly,2024-03-25,2024-03-31,KG,3.179,3.179
PEAR_FAMILY,RETAIL,NL-NB,5115.95,Weekly,2024-04-01,2024-04-07,KG,3.163,3.169
PEAR_FAMILY,RETAIL,NL-NB,5617.78,Weekly,2024-04-08,2024-04-14,KG,3.147,3.163
PEAR_FAMILY,RETAIL,NL-NB,4171.04,Weekly,2024-04-15,2024-04-21,KG,3.155,3.164
PEAR_FAMILY,RETAIL,NL-NB,4816.04,Weekly,2024-04-22,2024-04-28,KG,3.144,3.144
PEAR_FAMILY,RETAIL,NL-NB,5075.23,Weekly,2024-04-29,2024-05-05,KG,3.105,3.105
PEAR_FAMILY,RETAIL,NL-NB,5152.23,Weekly,2024-05-06,2024-05-12,KG,3.191,3.191
PEAR_FAMILY,RETAIL,NL-NB,4764.11,Weekly,2024-05-13,2024-05-19,KG,3.145,3.145
PEAR_FAMILY,RETAIL,NL-NB,4574.76,Weekly,2024-05-20,2024-05-26,KG,3.205,3.205
PEAR_FAMILY,RETAIL,NL-NB,4761.64,Weekly,2024-05-27,2024-06-02,KG,3.123,3.123
PEAR_FAMILY,RETAIL,NL-NB,5462.37,Weekly,2024-06-03,2024-06-09,KG,3.135,3.135
PEAR_FAMILY,RETAIL,NL-NB,4737.5,Weekly,2024-06-10,2024-06-16,KG,3.139,3.139
PEAR_FAMILY,RETAIL,NL-NB,5263.55,Weekly,2024-06-17,2024-06-23,KG,3.144,3.144
PEAR_FAMILY,RETAIL,NL-NB,5649.58,Weekly,2024-06-24,2024-06-30,KG,3.136,3.136
PEAR_FAMILY,RETAIL,NL-NB,5483.68,Weekly,2024-07-01,2024-07-07,KG,3.106,3.106
PEAR_FAMILY,RETAIL,NL-NB,5535.42,Weekly,2024-07-08,2024-07-14,KG,3.15,3.15
PEAR_FAMILY,RETAIL,NL-NB,6601.4400000000005,Weekly,2024-07-15,2024-07-21,KG,3.141,3.141
PEAR_FAMILY,RETAIL,NL-NB,6135.13,Weekly,2024-07-22,2024-07-28,KG,3.14,3.14
PEAR_FAMILY,RETAIL,NL-NB,6409.33,Weekly,2024-07-29,2024-08-04,KG,2.76,2.76
PEAR_FAMILY,RETAIL,NL-NB,7091.14,Weekly,2024-08-05,2024-08-11,KG,2.523,2.523
PEAR_FAMILY,RETAIL,NL-NB,6578.47,Weekly,2024-08-12,2024-08-18,KG,2.536,2.536
PEAR_FAMILY,RETAIL,NL-NB,7626.28,Weekly,2024-08-19,2024-08-25,KG,2.417,2.536
PEAR_FAMILY,RETAIL,NL-NB,10400.26,Weekly,2024-08-26,2024-09-01,KG,2.083,2.527
PEAR_FAMILY,RETAIL,NL-NB,7320.34,Weekly,2024-09-02,2024-09-08,KG,2.541,2.541
PEAR_FAMILY,RETAIL,NL-NB,7286.79,Weekly,2024-09-09,2024-09-15,KG,2.53,2.53
PEAR_FAMILY,RETAIL,NL-NB,8768.77,Weekly,2024-09-16,2024-09-22,KG,2.516,2.516
PEAR_FAMILY,RETAIL,NL-NB,7251.030000000001,Weekly,2024-09-23,2024-09-29,KG,2.532,2.532
PEAR_FAMILY,RETAIL,NL-NB,7758.9,Weekly,2024-09-30,2024-10-06,KG,2.539,2.539
PEAR_FAMILY,RETAIL,NL-NB,7427.59,Weekly,2024-10-07,2024-10-13,KG,2.536,2.536
PEAR_FAMILY,RETAIL,NL-NB,7302.34,Weekly,2024-10-14,2024-10-20,KG,2.533,2.533
PEAR_FAMILY,RETAIL,NL-NB,7729.24,Weekly,2024-10-21,2024-10-27,KG,2.54,2.54
PEAR_FAMILY,RETAIL,NL-NB,7674.4,Weekly,2024-10-28,2024-11-03,KG,2.802,2.802
PEAR_FAMILY,RETAIL,NL-NB,7486.36,Weekly,2024-11-04,2024-11-10,KG,3.151,3.151
PEAR_FAMILY,RETAIL,NL-NB,7324.75,Weekly,2024-11-11,2024-11-17,KG,3.128,3.128
PEAR_FAMILY,RETAIL,NL-NB,6225.77,Weekly,2024-11-18,2024-11-24,KG,3.164,3.164
PEAR_FAMILY,RETAIL,NL-NB,7185.68,Weekly,2024-11-25,2024-12-01,KG,3.156,3.156
PEAR_FAMILY,RETAIL,NL-NB,6704.6900000000005,Weekly,2024-12-02,2024-12-08,KG,3.177,3.177
PEAR_FAMILY,RETAIL,NL-NB,6919.13,Weekly,2024-12-09,2024-12-15,KG,3.137,3.137
PEAR_FAMILY,RETAIL,NL-NB,6553.66,Weekly,2024-12-16,2024-12-22,KG,3.164,3.164
PEAR_FAMILY,RETAIL,NL-NB,6764.53,Weekly,2024-12-23,2024-12-29,KG,3.161,3.161
PEAR_FAMILY,RETAIL,NL-NB,6048.51,Weekly,2024-12-30,2025-01-05,KG,3.18,3.18
PEAR_FAMILY,RETAIL,NL-NB,6259.57,Weekly,2025-01-06,2025-01-12,KG,3.117,3.117
PEAR_FAMILY,RETAIL,NL-NB,6429.13,Weekly,2025-01-13,2025-01-19,KG,3.111,3.111
PEAR_FAMILY,RETAIL,NL-NB,5463.32,Weekly,2025-01-20,2025-01-26,KG,3.176,3.176
PEAR_FAMILY,RETAIL,NL-NB,6296.63,Weekly,2025-01-27,2025-02-02,KG,3.147,3.147
PEAR_FAMILY,RETAIL,NL-NB,6282.49,Weekly,2025-02-03,2025-02-09,KG,3.204,3.204
PEAR_FAMILY,RETAIL,NL-NB,5534.83,Weekly,2025-02-10,2025-02-16,KG,3.128,3.128
PEAR_FAMILY,RETAIL,NL-NB,6559.59,Weekly,2025-02-17,2025-02-23,KG,3.202,3.202
PEAR_FAMILY,RETAIL,NL-NB,5603.57,Weekly,2025-02-24,2025-03-02,KG,3.124,3.124
PEAR_FAMILY,RETAIL,NL-NB,6646.41,Weekly,2025-03-03,2025-03-09,KG,3.19,3.19
PEAR_FAMILY,RETAIL,NL-NB,5822.51,Weekly,2025-03-10,2025-03-16,KG,3.124,3.124
PEAR_FAMILY,RETAIL,NL-NB,6359.860000000001,Weekly,2025-03-17,2025-03-23,KG,3.148,3.148
PEAR_FAMILY,RETAIL,NL-NB,6027.12,Weekly,2025-03-24,2025-03-30,KG,3.138,3.138
PEAR_FAMILY,RETAIL,NL-NB,6422.33,Weekly,2025-03-31,2025-04-06,KG,3.124,3.124
PEAR_FAMILY,RETAIL,NL-NB,5971.49,Weekly,2025-04-07,2025-04-13,KG,3.146,3.146
PEAR_FAMILY,RETAIL,NL-NB,4713.07,Weekly,2025-04-14,2025-04-20,KG,3.142,3.142
PEAR_FAMILY,RETAIL,NL-NB,5377.91,Weekly,2025-04-21,2025-04-27,KG,3.154,3.154
PEAR_FAMILY,RETAIL,NL-NB,5908.98,Weekly,2025-04-28,2025-05-04,KG,3.194,3.194
PEAR_FAMILY,RETAIL,NL-NB,5685.5,Weekly,2025-05-05,2025-05-11,KG,3.139,3.139
PEAR_FAMILY,RETAIL,NL-NB,5640.16,Weekly,2025-05-12,2025-05-18,KG,3.172,3.172
PEAR_FAMILY,RETAIL,NL-NB,5228.41,Weekly,2025-05-19,2025-05-25,KG,3.141,3.141
PEAR_FAMILY,RETAIL,NL-NB,5176.9,Weekly,2025-05-26,2025-06-01,KG,3.028,3.113
PEAR_FAMILY,RETAIL,NL-NB,6275.9800000000005,Weekly,2025-06-02,2025-06-08,KG,2.834,3.167
PEAR_FAMILY,RETAIL,NL-NB,5708.32,Weekly,2025-06-09,2025-06-15,KG,3.133,3.161
PEAR_FAMILY,RETAIL,NL-NB,5886.82,Weekly,2025-06-16,2025-06-22,KG,3.15,3.157
PEAR_FAMILY,RETAIL,NL-NB,5731.01,Weekly,2025-06-23,2025-06-29,KG,3.125,3.125
PEAR_FAMILY,RETAIL,NL-NB,5236.19,Weekly,2025-06-30,2025-07-06,KG,3.175,3.175
PEAR_FAMILY,RETAIL,NL-NB,6076.53,Weekly,2025-07-07,2025-07-13,KG,3.133,3.133
PEAR_FAMILY,RETAIL,NL-NB,6246.78,Weekly,2025-07-14,2025-07-20,KG,3.139,3.139
PEAR_FAMILY,RETAIL,NL-NB,6389.89,Weekly,2025-07-21,2025-07-27,KG,3.15,3.15
PEAR_FAMILY,RETAIL,NL-NB,6431.97,Weekly,2025-07-28,2025-08-03,KG,2.906,2.906
PEAR_FAMILY,RETAIL,NL-NB,7102.93,Weekly,2025-08-04,2025-08-10,KG,2.542,2.542
PEAR_FAMILY,RETAIL,NL-NB,7195.53,Weekly,2025-08-11,2025-08-17,KG,2.503,2.503
PEAR_FAMILY,RETAIL,NL-NB,7493.14,Weekly,2025-08-18,2025-08-24,KG,2.535,2.535
PEAR_FAMILY,RETAIL,NL-NB,7248.21,Weekly,2025-08-25,2025-08-31,KG,2.528,2.528
PEAR_FAMILY,RETAIL,NL-NB,7959.51,Weekly,2025-09-01,2025-09-07,KG,2.544,2.544
PEAR_FAMILY,RETAIL,NL-NB,7194.46,Weekly,2025-09-08,2025-09-14,KG,2.521,2.521
PEAR_FAMILY,RETAIL,NL-NB,7751.57,Weekly,2025-09-15,2025-09-21,KG,2.545,2.545
PEAR_FAMILY,RETAIL,NL-NB,8227.77,Weekly,2025-09-22,2025-09-28,KG,2.524,2.524
PEAR_FAMILY,RETAIL,NL-NB,7281.67,Weekly,2025-09-29,2025-10-05,KG,2.534,2.534
PEAR_FAMILY,RETAIL,NL-NB,8028.86,Weekly,2025-10-06,2025-10-12,KG,2.487,2.487
PEAR_FAMILY,RETAIL,NL-NB,7936.41,Weekly,2025-10-13,2025-10-19,KG,2.534,2.534
PEAR_FAMILY,RETAIL,NL-NB,6723.8099999999995,Weekly,2025-10-20,2025-10-26,KG,2.547,2.547
PEAR_FAMILY,RETAIL,NL-NB,7437.48,Weekly,2025-10-27,2025-11-02,KG,2.693,2.693
PEAR_FAMILY,RETAIL,NL-NB,8849.9,Weekly,2025-11-03,2025-11-09,KG,3.146,3.146
PEAR_FAMILY,RETAIL,NL-NB,7393.16,Weekly,2025-11-10,2025-11-16,KG,3.144,3.144
PEAR_FAMILY,RETAIL,NL-NB,6991.8,Weekly,2025-11-17,2025-11-23,KG,3.136,3.136
PEAR_FAMILY,RETAIL,NL-NB,7004.3,Weekly,2025-11-24,2025-11-30,KG,3.166,3.166
PEAR_FAMILY,RETAIL,NL-NB,6628.0199999999995,Weekly,2025-12-01,2025-12-07,KG,3.127,3.127
PEAR_FAMILY,RETAIL,NL-NB,7337.22,Weekly,2025-12-08,2025-12-14,KG,3.15,3.15
PEAR_FAMILY,RETAIL,NL-NB,7531.72,Weekly,2025-12-15,2025-12-21,KG,3.149,3.149
PEAR_FAMILY,RETAIL,NL-NB,7141.5,Weekly,2025-12-22,2025-12-28,KG,3.166,3.166
PEAR_FAMILY,RETAIL,NL-NB,6098.66,Weekly,2025-12-29,2026-01-04,KG,3.166,3.166
PEAR_FAMILY,RETAIL,NL-NB,5689.7,Weekly,2026-01-05,2026-01-11,KG,3.146,3.146
PEAR_FAMILY,RETAIL,NL-NB,6764.66,Weekly,2026-01-12,2026-01-18,KG,3.152,3.152
PEAR_FAMILY,RETAIL,NL-NB,6893.08,Weekly,2026-01-19,2026-01-25,KG,3.17,3.17
PEAR_FAMILY,RETAIL,NL-NB,6105.25,Weekly,2026-01-26,2026-02-01,KG,3.153,3.153
PEAR_FAMILY,RETAIL,NL-NH,3948.71,Weekly,2023-01-30,2023-02-05,KG,3.266,3.266
PEAR_FAMILY,RETAIL,NL-NH,8272.84,Weekly,2023-02-06,2023-02-12,KG,2.799,3.236
PEAR_FAMILY,RETAIL,NL-NH,7243.03,Weekly,2023-02-13,2023-02-19,KG,2.94,3.246
PEAR_FAMILY,RETAIL,NL-NH,6458.6,Weekly,2023-02-20,2023-02-26,KG,3.259,3.259
PEAR_FAMILY,RETAIL,NL-NH,6185.67,Weekly,2023-02-27,2023-03-05,KG,3.229,3.229
PEAR_FAMILY,RETAIL,NL-NH,4948.95,Weekly,2023-03-06,2023-03-12,KG,3.261,3.261
PEAR_FAMILY,RETAIL,NL-NH,6008.34,Weekly,2023-03-13,2023-03-19,KG,3.237,3.237
PEAR_FAMILY,RETAIL,NL-NH,5138.26,Weekly,2023-03-20,2023-03-26,KG,3.245,3.245
PEAR_FAMILY,RETAIL,NL-NH,5077.9800000000005,Weekly,2023-03-27,2023-04-02,KG,3.283,3.295
PEAR_FAMILY,RETAIL,NL-NH,5296.76,Weekly,2023-04-03,2023-04-09,KG,3.299,3.307
PEAR_FAMILY,RETAIL,NL-NH,5017.6,Weekly,2023-04-10,2023-04-16,KG,3.215,3.215
PEAR_FAMILY,RETAIL,NL-NH,4641.3,Weekly,2023-04-17,2023-04-23,KG,3.23,3.23
PEAR_FAMILY,RETAIL,NL-NH,5228.69,Weekly,2023-04-24,2023-04-30,KG,3.252,3.252
PEAR_FAMILY,RETAIL,NL-NH,5105.34,Weekly,2023-05-01,2023-05-07,KG,3.21,3.21
PEAR_FAMILY,RETAIL,NL-NH,5191.8,Weekly,2023-05-08,2023-05-14,KG,3.253,3.253
PEAR_FAMILY,RETAIL,NL-NH,5685.59,Weekly,2023-05-15,2023-05-21,KG,3.249,3.249
PEAR_FAMILY,RETAIL,NL-NH,5469.23,Weekly,2023-05-22,2023-05-28,KG,3.226,3.226
PEAR_FAMILY,RETAIL,NL-NH,5597.88,Weekly,2023-05-29,2023-06-04,KG,3.232,3.232
PEAR_FAMILY,RETAIL,NL-NH,6015.41,Weekly,2023-06-05,2023-06-11,KG,3.283,3.283
PEAR_FAMILY,RETAIL,NL-NH,6068.9,Weekly,2023-06-12,2023-06-18,KG,3.271,3.271
PEAR_FAMILY,RETAIL,NL-NH,6047.25,Weekly,2023-06-19,2023-06-25,KG,3.251,3.251
PEAR_FAMILY,RETAIL,NL-NH,5499.33,Weekly,2023-06-26,2023-07-02,KG,3.243,3.243
PEAR_FAMILY,RETAIL,NL-NH,5977.75,Weekly,2023-07-03,2023-07-09,KG,3.23,3.23
PEAR_FAMILY,RETAIL,NL-NH,6627.19,Weekly,2023-07-10,2023-07-16,KG,3.207,3.207
PEAR_FAMILY,RETAIL,NL-NH,5899.35,Weekly,2023-07-17,2023-07-23,KG,3.217,3.217
PEAR_FAMILY,RETAIL,NL-NH,6231.94,Weekly,2023-07-24,2023-07-30,KG,3.227,3.227
PEAR_FAMILY,RETAIL,NL-NH,5248.92,Weekly,2023-07-31,2023-08-06,KG,2.67,2.67
PEAR_FAMILY,RETAIL,NL-NH,7196.11,Weekly,2023-08-07,2023-08-13,KG,2.597,2.597
PEAR_FAMILY,RETAIL,NL-NH,7339.9400000000005,Weekly,2023-08-14,2023-08-20,KG,2.598,2.598
PEAR_FAMILY,RETAIL,NL-NH,7404.54,Weekly,2023-08-21,2023-08-27,KG,2.601,2.601
PEAR_FAMILY,RETAIL,NL-NH,7445.38,Weekly,2023-08-28,2023-09-03,KG,2.622,2.622
PEAR_FAMILY,RETAIL,NL-NH,8682.47,Weekly,2023-09-04,2023-09-10,KG,2.585,2.585
PEAR_FAMILY,RETAIL,NL-NH,8090.31,Weekly,2023-09-11,2023-09-17,KG,2.652,2.652
PEAR_FAMILY,RETAIL,NL-NH,7208.43,Weekly,2023-09-18,2023-09-24,KG,2.596,2.596
PEAR_FAMILY,RETAIL,NL-NH,9029.119999999999,Weekly,2023-09-25,2023-10-01,KG,2.613,2.613
PEAR_FAMILY,RETAIL,NL-NH,8963.19,Weekly,2023-10-02,2023-10-08,KG,2.606,2.606
PEAR_FAMILY,RETAIL,NL-NH,7275.34,Weekly,2023-10-09,2023-10-15,KG,2.603,2.603
PEAR_FAMILY,RETAIL,NL-NH,7343.4400000000005,Weekly,2023-10-16,2023-10-22,KG,2.61,2.61
PEAR_FAMILY,RETAIL,NL-NH,6378.49,Weekly,2023-10-23,2023-10-29,KG,2.569,2.569
PEAR_FAMILY,RETAIL,NL-NH,6143.72,Weekly,2023-10-30,2023-11-05,KG,3.081,3.081
PEAR_FAMILY,RETAIL,NL-NH,7075.11,Weekly,2023-11-06,2023-11-12,KG,3.219,3.219
PEAR_FAMILY,RETAIL,NL-NH,6706.3099999999995,Weekly,2023-11-13,2023-11-19,KG,3.202,3.202
PEAR_FAMILY,RETAIL,NL-NH,7636.56,Weekly,2023-11-20,2023-11-26,KG,3.268,3.268
PEAR_FAMILY,RETAIL,NL-NH,6586.4,Weekly,2023-11-27,2023-12-03,KG,3.256,3.256
PEAR_FAMILY,RETAIL,NL-NH,6500.36,Weekly,2023-12-04,2023-12-10,KG,3.251,3.251
PEAR_FAMILY,RETAIL,NL-NH,7599.99,Weekly,2023-12-11,2023-12-17,KG,3.269,3.295
PEAR_FAMILY,RETAIL,NL-NH,6664.93,Weekly,2023-12-18,2023-12-24,KG,3.21,3.258
PEAR_FAMILY,RETAIL,NL-NH,6754.78,Weekly,2023-12-25,2023-12-31,KG,3.244,3.259
PEAR_FAMILY,RETAIL,NL-NH,6325.98,Weekly,2024-01-01,2024-01-07,KG,3.253,3.253
PEAR_FAMILY,RETAIL,NL-NH,6457.75,Weekly,2024-01-08,2024-01-14,KG,3.223,3.223
PEAR_FAMILY,RETAIL,NL-NH,6728.21,Weekly,2024-01-15,2024-01-21,KG,3.242,3.242
PEAR_FAMILY,RETAIL,NL-NH,6791.0,Weekly,2024-01-22,2024-01-28,KG,3.264,3.264
PEAR_FAMILY,RETAIL,NL-NH,6347.46,Weekly,2024-01-29,2024-02-04,KG,3.199,3.199
PEAR_FAMILY,RETAIL,NL-NH,5582.56,Weekly,2024-02-05,2024-02-11,KG,3.258,3.258
PEAR_FAMILY,RETAIL,NL-NH,5720.15,Weekly,2024-02-12,2024-02-18,KG,3.249,3.249
PEAR_FAMILY,RETAIL,NL-NH,5292.4,Weekly,2024-02-19,2024-02-25,KG,3.247,3.247
PEAR_FAMILY,RETAIL,NL-NH,6051.900000000001,Weekly,2024-02-26,2024-03-03,KG,3.286,3.286
PEAR_FAMILY,RETAIL,NL-NH,6208.01,Weekly,2024-03-04,2024-03-10,KG,3.248,3.248
PEAR_FAMILY,RETAIL,NL-NH,5569.82,Weekly,2024-03-11,2024-03-17,KG,3.233,3.233
PEAR_FAMILY,RETAIL,NL-NH,5321.6900000000005,Weekly,2024-03-18,2024-03-24,KG,3.256,3.256
PEAR_FAMILY,RETAIL,NL-NH,5358.17,Weekly,2024-03-25,2024-03-31,KG,3.261,3.261
PEAR_FAMILY,RETAIL,NL-NH,5188.31,Weekly,2024-04-01,2024-04-07,KG,3.226,3.226
PEAR_FAMILY,RETAIL,NL-NH,5753.47,Weekly,2024-04-08,2024-04-14,KG,3.252,3.252
PEAR_FAMILY,RETAIL,NL-NH,4600.05,Weekly,2024-04-15,2024-04-21,KG,3.248,3.248
PEAR_FAMILY,RETAIL,NL-NH,4835.85,Weekly,2024-04-22,2024-04-28,KG,3.228,3.228
PEAR_FAMILY,RETAIL,NL-NH,5181.4,Weekly,2024-04-29,2024-05-05,KG,3.254,3.254
PEAR_FAMILY,RETAIL,NL-NH,5984.4800000000005,Weekly,2024-05-06,2024-05-12,KG,3.257,3.257
PEAR_FAMILY,RETAIL,NL-NH,5533.91,Weekly,2024-05-13,2024-05-19,KG,3.294,3.294
PEAR_FAMILY,RETAIL,NL-NH,4202.57,Weekly,2024-05-20,2024-05-26,KG,3.281,3.281
PEAR_FAMILY,RETAIL,NL-NH,4603.5,Weekly,2024-05-27,2024-06-02,KG,3.265,3.265
PEAR_FAMILY,RETAIL,NL-NH,5286.82,Weekly,2024-06-03,2024-06-09,KG,3.275,3.275
PEAR_FAMILY,RETAIL,NL-NH,4910.23,Weekly,2024-06-10,2024-06-16,KG,3.235,3.235
PEAR_FAMILY,RETAIL,NL-NH,5445.3099999999995,Weekly,2024-06-17,2024-06-23,KG,3.245,3.245
PEAR_FAMILY,RETAIL,NL-NH,6156.36,Weekly,2024-06-24,2024-06-30,KG,3.255,3.255
PEAR_FAMILY,RETAIL,NL-NH,4558.45,Weekly,2024-07-01,2024-07-07,KG,3.237,3.237
PEAR_FAMILY,RETAIL,NL-NH,5751.18,Weekly,2024-07-08,2024-07-14,KG,3.242,3.242
PEAR_FAMILY,RETAIL,NL-NH,6191.41,Weekly,2024-07-15,2024-07-21,KG,3.244,3.244
PEAR_FAMILY,RETAIL,NL-NH,6662.61,Weekly,2024-07-22,2024-07-28,KG,3.245,3.245
PEAR_FAMILY,RETAIL,NL-NH,7180.01,Weekly,2024-07-29,2024-08-04,KG,2.912,2.912
PEAR_FAMILY,RETAIL,NL-NH,7130.46,Weekly,2024-08-05,2024-08-11,KG,2.579,2.579
PEAR_FAMILY,RETAIL,NL-NH,7455.59,Weekly,2024-08-12,2024-08-18,KG,2.627,2.627
PEAR_FAMILY,RETAIL,NL-NH,7126.66,Weekly,2024-08-19,2024-08-25,KG,2.577,2.577
PEAR_FAMILY,RETAIL,NL-NH,8086.08,Weekly,2024-08-26,2024-09-01,KG,2.6,2.6
PEAR_FAMILY,RETAIL,NL-NH,7930.0599999999995,Weekly,2024-09-02,2024-09-08,KG,2.636,2.636
PEAR_FAMILY,RETAIL,NL-NH,7468.66,Weekly,2024-09-09,2024-09-15,KG,2.6,2.6
PEAR_FAMILY,RETAIL,NL-NH,8872.46,Weekly,2024-09-16,2024-09-22,KG,2.62,2.62
PEAR_FAMILY,RETAIL,NL-NH,6719.34,Weekly,2024-09-23,2024-09-29,KG,2.608,2.608
PEAR_FAMILY,RETAIL,NL-NH,7590.5,Weekly,2024-09-30,2024-10-06,KG,2.614,2.614
PEAR_FAMILY,RETAIL,NL-NH,7954.280000000001,Weekly,2024-10-07,2024-10-13,KG,2.594,2.594
PEAR_FAMILY,RETAIL,NL-NH,8507.1,Weekly,2024-10-14,2024-10-20,KG,2.611,2.611
PEAR_FAMILY,RETAIL,NL-NH,8682.07,Weekly,2024-10-21,2024-10-27,KG,2.599,2.599
PEAR_FAMILY,RETAIL,NL-NH,8258.42,Weekly,2024-10-28,2024-11-03,KG,2.925,2.925
PEAR_FAMILY,RETAIL,NL-NH,7795.64,Weekly,2024-11-04,2024-11-10,KG,3.249,3.249
PEAR_FAMILY,RETAIL,NL-NH,7457.32,Weekly,2024-11-11,2024-11-17,KG,3.202,3.202
PEAR_FAMILY,RETAIL,NL-NH,6360.58,Weekly,2024-11-18,2024-11-24,KG,3.186,3.186
PEAR_FAMILY,RETAIL,NL-NH,7519.8,Weekly,2024-11-25,2024-12-01,KG,3.265,3.265
PEAR_FAMILY,RETAIL,NL-NH,7122.77,Weekly,2024-12-02,2024-12-08,KG,3.249,3.249
PEAR_FAMILY,RETAIL,NL-NH,7279.79,Weekly,2024-12-09,2024-12-15,KG,3.224,3.234
PEAR_FAMILY,RETAIL,NL-NH,6679.42,Weekly,2024-12-16,2024-12-22,KG,3.216,3.25
PEAR_FAMILY,RETAIL,NL-NH,7225.3099999999995,Weekly,2024-12-23,2024-12-29,KG,3.215,3.25
PEAR_FAMILY,RETAIL,NL-NH,6419.21,Weekly,2024-12-30,2025-01-05,KG,3.264,3.264
PEAR_FAMILY,RETAIL,NL-NH,6618.0,Weekly,2025-01-06,2025-01-12,KG,3.243,3.278
PEAR_FAMILY,RETAIL,NL-NH,6734.9400000000005,Weekly,2025-01-13,2025-01-19,KG,3.223,3.228
PEAR_FAMILY,RETAIL,NL-NH,6054.48,Weekly,2025-01-20,2025-01-26,KG,3.231,3.253
PEAR_FAMILY,RETAIL,NL-NH,6850.78,Weekly,2025-01-27,2025-02-02,KG,3.185,3.198
PEAR_FAMILY,RETAIL,NL-NH,6934.29,Weekly,2025-02-03,2025-02-09,KG,3.25,3.25
PEAR_FAMILY,RETAIL,NL-NH,5312.88,Weekly,2025-02-10,2025-02-16,KG,3.228,3.228
PEAR_FAMILY,RETAIL,NL-NH,6508.31,Weekly,2025-02-17,2025-02-23,KG,3.228,3.228
PEAR_FAMILY,RETAIL,NL-NH,5972.34,Weekly,2025-02-24,2025-03-02,KG,3.251,3.251
PEAR_FAMILY,RETAIL,NL-NH,6890.27,Weekly,2025-03-03,2025-03-09,KG,3.234,3.234
PEAR_FAMILY,RETAIL,NL-NH,5966.71,Weekly,2025-03-10,2025-03-16,KG,3.204,3.204
PEAR_FAMILY,RETAIL,NL-NH,6805.79,Weekly,2025-03-17,2025-03-23,KG,3.242,3.242
PEAR_FAMILY,RETAIL,NL-NH,6218.3099999999995,Weekly,2025-03-24,2025-03-30,KG,3.243,3.243
PEAR_FAMILY,RETAIL,NL-NH,6338.24,Weekly,2025-03-31,2025-04-06,KG,3.216,3.216
PEAR_FAMILY,RETAIL,NL-NH,6271.400000000001,Weekly,2025-04-07,2025-04-13,KG,3.221,3.221
PEAR_FAMILY,RETAIL,NL-NH,5571.95,Weekly,2025-04-14,2025-04-20,KG,3.25,3.25
PEAR_FAMILY,RETAIL,NL-NH,5180.26,Weekly,2025-04-21,2025-04-27,KG,3.234,3.234
PEAR_FAMILY,RETAIL,NL-NH,5914.41,Weekly,2025-04-28,2025-05-04,KG,3.262,3.262
PEAR_FAMILY,RETAIL,NL-NH,5642.83,Weekly,2025-05-05,2025-05-11,KG,3.242,3.242
PEAR_FAMILY,RETAIL,NL-NH,5988.65,Weekly,2025-05-12,2025-05-18,KG,3.232,3.232
PEAR_FAMILY,RETAIL,NL-NH,5326.56,Weekly,2025-05-19,2025-05-25,KG,3.304,3.304
PEAR_FAMILY,RETAIL,NL-NH,5234.53,Weekly,2025-05-26,2025-06-01,KG,3.249,3.249
PEAR_FAMILY,RETAIL,NL-NH,4632.77,Weekly,2025-06-02,2025-06-08,KG,3.284,3.284
PEAR_FAMILY,RETAIL,NL-NH,5668.89,Weekly,2025-06-09,2025-06-15,KG,3.24,3.24
PEAR_FAMILY,RETAIL,NL-NH,5829.31,Weekly,2025-06-16,2025-06-22,KG,3.25,3.25
PEAR_FAMILY,RETAIL,NL-NH,6179.04,Weekly,2025-06-23,2025-06-29,KG,3.237,3.237
PEAR_FAMILY,RETAIL,NL-NH,5864.27,Weekly,2025-06-30,2025-07-06,KG,3.23,3.23
PEAR_FAMILY,RETAIL,NL-NH,6141.62,Weekly,2025-07-07,2025-07-13,KG,3.236,3.236
PEAR_FAMILY,RETAIL,NL-NH,6113.43,Weekly,2025-07-14,2025-07-20,KG,3.259,3.259
PEAR_FAMILY,RETAIL,NL-NH,6166.52,Weekly,2025-07-21,2025-07-27,KG,3.242,3.242
PEAR_FAMILY,RETAIL,NL-NH,6382.42,Weekly,2025-07-28,2025-08-03,KG,2.951,2.951
PEAR_FAMILY,RETAIL,NL-NH,7328.8099999999995,Weekly,2025-08-04,2025-08-10,KG,2.62,2.62
PEAR_FAMILY,RETAIL,NL-NH,7622.02,Weekly,2025-08-11,2025-08-17,KG,2.612,2.612
PEAR_FAMILY,RETAIL,NL-NH,8315.41,Weekly,2025-08-18,2025-08-24,KG,2.642,2.642
PEAR_FAMILY,RETAIL,NL-NH,8026.4800000000005,Weekly,2025-08-25,2025-08-31,KG,2.61,2.61
PEAR_FAMILY,RETAIL,NL-NH,8286.720000000001,Weekly,2025-09-01,2025-09-07,KG,2.611,2.611
PEAR_FAMILY,RETAIL,NL-NH,7308.51,Weekly,2025-09-08,2025-09-14,KG,2.616,2.616
PEAR_FAMILY,RETAIL,NL-NH,7096.93,Weekly,2025-09-15,2025-09-21,KG,2.616,2.616
PEAR_FAMILY,RETAIL,NL-NH,8475.22,Weekly,2025-09-22,2025-09-28,KG,2.626,2.626
PEAR_FAMILY,RETAIL,NL-NH,6998.639999999999,Weekly,2025-09-29,2025-10-05,KG,2.613,2.613
PEAR_FAMILY,RETAIL,NL-NH,8266.44,Weekly,2025-10-06,2025-10-12,KG,2.603,2.603
PEAR_FAMILY,RETAIL,NL-NH,8161.11,Weekly,2025-10-13,2025-10-19,KG,2.637,2.637
PEAR_FAMILY,RETAIL,NL-NH,6529.63,Weekly,2025-10-20,2025-10-26,KG,2.618,2.618
PEAR_FAMILY,RETAIL,NL-NH,7067.93,Weekly,2025-10-27,2025-11-02,KG,2.809,2.809
PEAR_FAMILY,RETAIL,NL-NH,8861.7,Weekly,2025-11-03,2025-11-09,KG,3.269,3.269
PEAR_FAMILY,RETAIL,NL-NH,7279.75,Weekly,2025-11-10,2025-11-16,KG,3.276,3.276
PEAR_FAMILY,RETAIL,NL-NH,6814.95,Weekly,2025-11-17,2025-11-23,KG,3.243,3.243
PEAR_FAMILY,RETAIL,NL-NH,7857.13,Weekly,2025-11-24,2025-11-30,KG,3.261,3.261
PEAR_FAMILY,RETAIL,NL-NH,6794.09,Weekly,2025-12-01,2025-12-07,KG,3.236,3.236
PEAR_FAMILY,RETAIL,NL-NH,7854.81,Weekly,2025-12-08,2025-12-14,KG,3.265,3.265
PEAR_FAMILY,RETAIL,NL-NH,7628.23,Weekly,2025-12-15,2025-12-21,KG,3.245,3.245
PEAR_FAMILY,RETAIL,NL-NH,7317.5,Weekly,2025-12-22,2025-12-28,KG,3.253,3.253
PEAR_FAMILY,RETAIL,NL-NH,6164.6,Weekly,2025-12-29,2026-01-04,KG,3.275,3.275
PEAR_FAMILY,RETAIL,NL-NH,6214.05,Weekly,2026-01-05,2026-01-11,KG,3.276,3.276
PEAR_FAMILY,RETAIL,NL-NH,6576.67,Weekly,2026-01-12,2026-01-18,KG,3.284,3.284
PEAR_FAMILY,RETAIL,NL-NH,6951.86,Weekly,2026-01-19,2026-01-25,KG,3.24,3.24
PEAR_FAMILY,RETAIL,NL-NH,5938.85,Weekly,2026-01-26,2026-02-01,KG,3.292,3.292
PEAR_FAMILY,RETAIL,NL-ZH,4109.79,Weekly,2023-01-30,2023-02-05,KG,3.364,3.364
PEAR_FAMILY,RETAIL,NL-ZH,6672.04,Weekly,2023-02-06,2023-02-12,KG,3.338,3.338
PEAR_FAMILY,RETAIL,NL-ZH,6551.14,Weekly,2023-02-13,2023-02-19,KG,3.306,3.306
PEAR_FAMILY,RETAIL,NL-ZH,6477.79,Weekly,2023-02-20,2023-02-26,KG,3.333,3.333
PEAR_FAMILY,RETAIL,NL-ZH,6123.81,Weekly,2023-02-27,2023-03-05,KG,3.318,3.318
PEAR_FAMILY,RETAIL,NL-ZH,4717.4800000000005,Weekly,2023-03-06,2023-03-12,KG,3.376,3.376
PEAR_FAMILY,RETAIL,NL-ZH,6035.53,Weekly,2023-03-13,2023-03-19,KG,3.375,3.375
PEAR_FAMILY,RETAIL,NL-ZH,5026.14,Weekly,2023-03-20,2023-03-26,KG,3.331,3.331
PEAR_FAMILY,RETAIL,NL-ZH,5394.349999999999,Weekly,2023-03-27,2023-04-02,KG,3.347,3.347
PEAR_FAMILY,RETAIL,NL-ZH,5802.24,Weekly,2023-04-03,2023-04-09,KG,3.335,3.335
PEAR_FAMILY,RETAIL,NL-ZH,5076.9400000000005,Weekly,2023-04-10,2023-04-16,KG,3.327,3.327
PEAR_FAMILY,RETAIL,NL-ZH,5195.36,Weekly,2023-04-17,2023-04-23,KG,3.37,3.37
PEAR_FAMILY,RETAIL,NL-ZH,5061.1,Weekly,2023-04-24,2023-04-30,KG,3.338,3.338
PEAR_FAMILY,RETAIL,NL-ZH,5677.9800000000005,Weekly,2023-05-01,2023-05-07,KG,3.364,3.364
PEAR_FAMILY,RETAIL,NL-ZH,4628.42,Weekly,2023-05-08,2023-05-14,KG,3.339,3.339
PEAR_FAMILY,RETAIL,NL-ZH,5755.51,Weekly,2023-05-15,2023-05-21,KG,3.366,3.366
PEAR_FAMILY,RETAIL,NL-ZH,5892.32,Weekly,2023-05-22,2023-05-28,KG,3.309,3.309
PEAR_FAMILY,RETAIL,NL-ZH,6048.53,Weekly,2023-05-29,2023-06-04,KG,3.368,3.368
PEAR_FAMILY,RETAIL,NL-ZH,5895.38,Weekly,2023-06-05,2023-06-11,KG,3.376,3.392
PEAR_FAMILY,RETAIL,NL-ZH,6198.7,Weekly,2023-06-12,2023-06-18,KG,3.366,3.377
PEAR_FAMILY,RETAIL,NL-ZH,6158.7,Weekly,2023-06-19,2023-06-25,KG,3.31,3.31
PEAR_FAMILY,RETAIL,NL-ZH,6199.19,Weekly,2023-06-26,2023-07-02,KG,3.332,3.332
PEAR_FAMILY,RETAIL,NL-ZH,5870.3,Weekly,2023-07-03,2023-07-09,KG,3.36,3.36
PEAR_FAMILY,RETAIL,NL-ZH,6651.7300000000005,Weekly,2023-07-10,2023-07-16,KG,3.315,3.315
PEAR_FAMILY,RETAIL,NL-ZH,6313.15,Weekly,2023-07-17,2023-07-23,KG,3.342,3.342
PEAR_FAMILY,RETAIL,NL-ZH,6211.25,Weekly,2023-07-24,2023-07-30,KG,3.368,3.368
PEAR_FAMILY,RETAIL,NL-ZH,5403.139999999999,Weekly,2023-07-31,2023-08-06,KG,2.751,2.751
PEAR_FAMILY,RETAIL,NL-ZH,7582.07,Weekly,2023-08-07,2023-08-13,KG,2.724,2.73
PEAR_FAMILY,RETAIL,NL-ZH,8213.8,Weekly,2023-08-14,2023-08-20,KG,2.662,2.686
PEAR_FAMILY,RETAIL,NL-ZH,7107.91,Weekly,2023-08-21,2023-08-27,KG,2.7,2.7
PEAR_FAMILY,RETAIL,NL-ZH,7941.71,Weekly,2023-08-28,2023-09-03,KG,2.711,2.711
PEAR_FAMILY,RETAIL,NL-ZH,8924.32,Weekly,2023-09-04,2023-09-10,KG,2.652,2.652
PEAR_FAMILY,RETAIL,NL-ZH,8571.82,Weekly,2023-09-11,2023-09-17,KG,2.679,2.679
PEAR_FAMILY,RETAIL,NL-ZH,7439.71,Weekly,2023-09-18,2023-09-24,KG,2.67,2.67
PEAR_FAMILY,RETAIL,NL-ZH,9428.03,Weekly,2023-09-25,2023-10-01,KG,2.718,2.718
PEAR_FAMILY,RETAIL,NL-ZH,9531.6,Weekly,2023-10-02,2023-10-08,KG,2.706,2.706
PEAR_FAMILY,RETAIL,NL-ZH,7645.61,Weekly,2023-10-09,2023-10-15,KG,2.658,2.658
PEAR_FAMILY,RETAIL,NL-ZH,7520.34,Weekly,2023-10-16,2023-10-22,KG,2.725,2.725
PEAR_FAMILY,RETAIL,NL-ZH,6408.16,Weekly,2023-10-23,2023-10-29,KG,2.701,2.701
PEAR_FAMILY,RETAIL,NL-ZH,6238.12,Weekly,2023-10-30,2023-11-05,KG,3.218,3.218
PEAR_FAMILY,RETAIL,NL-ZH,7443.96,Weekly,2023-11-06,2023-11-12,KG,3.329,3.329
PEAR_FAMILY,RETAIL,NL-ZH,7234.75,Weekly,2023-11-13,2023-11-19,KG,3.33,3.33
PEAR_FAMILY,RETAIL,NL-ZH,7455.46,Weekly,2023-11-20,2023-11-26,KG,3.343,3.343
PEAR_FAMILY,RETAIL,NL-ZH,7164.46,Weekly,2023-11-27,2023-12-03,KG,3.353,3.353
PEAR_FAMILY,RETAIL,NL-ZH,7093.38,Weekly,2023-12-04,2023-12-10,KG,3.365,3.365
PEAR_FAMILY,RETAIL,NL-ZH,7464.03,Weekly,2023-12-11,2023-12-17,KG,3.355,3.355
PEAR_FAMILY,RETAIL,NL-ZH,6821.04,Weekly,2023-12-18,2023-12-24,KG,3.347,3.347
PEAR_FAMILY,RETAIL,NL-ZH,6588.88,Weekly,2023-12-25,2023-12-31,KG,3.387,3.387
PEAR_FAMILY,RETAIL,NL-ZH,6671.55,Weekly,2024-01-01,2024-01-07,KG,3.313,3.313
PEAR_FAMILY,RETAIL,NL-ZH,7068.91,Weekly,2024-01-08,2024-01-14,KG,3.34,3.34
PEAR_FAMILY,RETAIL,NL-ZH,6733.66,Weekly,2024-01-15,2024-01-21,KG,3.388,3.388
PEAR_FAMILY,RETAIL,NL-ZH,7290.0599999999995,Weekly,2024-01-22,2024-01-28,KG,3.361,3.361
PEAR_FAMILY,RETAIL,NL-ZH,6808.0,Weekly,2024-01-29,2024-02-04,KG,3.356,3.356
PEAR_FAMILY,RETAIL,NL-ZH,6054.43,Weekly,2024-02-05,2024-02-11,KG,3.336,3.336
PEAR_FAMILY,RETAIL,NL-ZH,6332.01,Weekly,2024-02-12,2024-02-18,KG,3.318,3.318
PEAR_FAMILY,RETAIL,NL-ZH,5655.59,Weekly,2024-02-19,2024-02-25,KG,3.341,3.341
PEAR_FAMILY,RETAIL,NL-ZH,5634.85,Weekly,2024-02-26,2024-03-03,KG,3.371,3.371
PEAR_FAMILY,RETAIL,NL-ZH,6260.8,Weekly,2024-03-04,2024-03-10,KG,3.307,3.307
PEAR_FAMILY,RETAIL,NL-ZH,5699.22,Weekly,2024-03-11,2024-03-17,KG,3.304,3.304
PEAR_FAMILY,RETAIL,NL-ZH,5737.35,Weekly,2024-03-18,2024-03-24,KG,3.351,3.351
PEAR_FAMILY,RETAIL,NL-ZH,5967.0,Weekly,2024-03-25,2024-03-31,KG,3.362,3.362
PEAR_FAMILY,RETAIL,NL-ZH,5364.69,Weekly,2024-04-01,2024-04-07,KG,3.361,3.361
PEAR_FAMILY,RETAIL,NL-ZH,5901.77,Weekly,2024-04-08,2024-04-14,KG,3.333,3.333
PEAR_FAMILY,RETAIL,NL-ZH,4710.3,Weekly,2024-04-15,2024-04-21,KG,3.368,3.368
PEAR_FAMILY,RETAIL,NL-ZH,5050.62,Weekly,2024-04-22,2024-04-28,KG,3.362,3.362
PEAR_FAMILY,RETAIL,NL-ZH,5505.21,Weekly,2024-04-29,2024-05-05,KG,3.352,3.352
PEAR_FAMILY,RETAIL,NL-ZH,5939.98,Weekly,2024-05-06,2024-05-12,KG,3.307,3.307
PEAR_FAMILY,RETAIL,NL-ZH,5467.9,Weekly,2024-05-13,2024-05-19,KG,3.339,3.339
PEAR_FAMILY,RETAIL,NL-ZH,4529.49,Weekly,2024-05-20,2024-05-26,KG,3.342,3.342
PEAR_FAMILY,RETAIL,NL-ZH,5017.98,Weekly,2024-05-27,2024-06-02,KG,3.303,3.303
PEAR_FAMILY,RETAIL,NL-ZH,5531.79,Weekly,2024-06-03,2024-06-09,KG,3.389,3.389
PEAR_FAMILY,RETAIL,NL-ZH,4949.95,Weekly,2024-06-10,2024-06-16,KG,3.392,3.392
PEAR_FAMILY,RETAIL,NL-ZH,5649.34,Weekly,2024-06-17,2024-06-23,KG,3.338,3.338
PEAR_FAMILY,RETAIL,NL-ZH,6311.54,Weekly,2024-06-24,2024-06-30,KG,3.375,3.375
PEAR_FAMILY,RETAIL,NL-ZH,4508.89,Weekly,2024-07-01,2024-07-07,KG,3.31,3.31
PEAR_FAMILY,RETAIL,NL-ZH,5658.61,Weekly,2024-07-08,2024-07-14,KG,3.34,3.34
PEAR_FAMILY,RETAIL,NL-ZH,6596.27,Weekly,2024-07-15,2024-07-21,KG,3.309,3.309
PEAR_FAMILY,RETAIL,NL-ZH,6629.87,Weekly,2024-07-22,2024-07-28,KG,3.398,3.398
PEAR_FAMILY,RETAIL,NL-ZH,6905.67,Weekly,2024-07-29,2024-08-04,KG,2.944,2.944
PEAR_FAMILY,RETAIL,NL-ZH,7844.96,Weekly,2024-08-05,2024-08-11,KG,2.694,2.694
PEAR_FAMILY,RETAIL,NL-ZH,7539.78,Weekly,2024-08-12,2024-08-18,KG,2.685,2.685
PEAR_FAMILY,RETAIL,NL-ZH,7216.42,Weekly,2024-08-19,2024-08-25,KG,2.677,2.677
PEAR_FAMILY,RETAIL,NL-ZH,8197.34,Weekly,2024-08-26,2024-09-01,KG,2.697,2.697
PEAR_FAMILY,RETAIL,NL-ZH,8335.35,Weekly,2024-09-02,2024-09-08,KG,2.663,2.663
PEAR_FAMILY,RETAIL,NL-ZH,7533.360000000001,Weekly,2024-09-09,2024-09-15,KG,2.704,2.704
PEAR_FAMILY,RETAIL,NL-ZH,8784.97,Weekly,2024-09-16,2024-09-22,KG,2.693,2.693
PEAR_FAMILY,RETAIL,NL-ZH,6828.41,Weekly,2024-09-23,2024-09-29,KG,2.639,2.639
PEAR_FAMILY,RETAIL,NL-ZH,7749.23,Weekly,2024-09-30,2024-10-06,KG,2.666,2.666
PEAR_FAMILY,RETAIL,NL-ZH,7865.1,Weekly,2024-10-07,2024-10-13,KG,2.686,2.686
PEAR_FAMILY,RETAIL,NL-ZH,8290.28,Weekly,2024-10-14,2024-10-20,KG,2.7,2.7
PEAR_FAMILY,RETAIL,NL-ZH,9212.62,Weekly,2024-10-21,2024-10-27,KG,2.689,2.689
PEAR_FAMILY,RETAIL,NL-ZH,8461.94,Weekly,2024-10-28,2024-11-03,KG,2.993,2.993
PEAR_FAMILY,RETAIL,NL-ZH,7901.18,Weekly,2024-11-04,2024-11-10,KG,3.364,3.364
PEAR_FAMILY,RETAIL,NL-ZH,7859.75,Weekly,2024-11-11,2024-11-17,KG,3.351,3.351
PEAR_FAMILY,RETAIL,NL-ZH,6670.62,Weekly,2024-11-18,2024-11-24,KG,3.337,3.337
PEAR_FAMILY,RETAIL,NL-ZH,7491.6,Weekly,2024-11-25,2024-12-01,KG,3.345,3.345
PEAR_FAMILY,RETAIL,NL-ZH,6979.41,Weekly,2024-12-02,2024-12-08,KG,3.368,3.368
PEAR_FAMILY,RETAIL,NL-ZH,7586.48,Weekly,2024-12-09,2024-12-15,KG,3.359,3.359
PEAR_FAMILY,RETAIL,NL-ZH,7169.6900000000005,Weekly,2024-12-16,2024-12-22,KG,3.347,3.347
PEAR_FAMILY,RETAIL,NL-ZH,7270.25,Weekly,2024-12-23,2024-12-29,KG,3.308,3.308
PEAR_FAMILY,RETAIL,NL-ZH,6709.33,Weekly,2024-12-30,2025-01-05,KG,3.351,3.351
PEAR_FAMILY,RETAIL,NL-ZH,6851.150000000001,Weekly,2025-01-06,2025-01-12,KG,3.333,3.333
PEAR_FAMILY,RETAIL,NL-ZH,7058.099999999999,Weekly,2025-01-13,2025-01-19,KG,3.338,3.338
PEAR_FAMILY,RETAIL,NL-ZH,5953.48,Weekly,2025-01-20,2025-01-26,KG,3.316,3.316
PEAR_FAMILY,RETAIL,NL-ZH,6722.37,Weekly,2025-01-27,2025-02-02,KG,3.37,3.37
PEAR_FAMILY,RETAIL,NL-ZH,6863.82,Weekly,2025-02-03,2025-02-09,KG,3.345,3.345
PEAR_FAMILY,RETAIL,NL-ZH,5773.7,Weekly,2025-02-10,2025-02-16,KG,3.348,3.348
PEAR_FAMILY,RETAIL,NL-ZH,6429.59,Weekly,2025-02-17,2025-02-23,KG,3.365,3.365
PEAR_FAMILY,RETAIL,NL-ZH,6278.93,Weekly,2025-02-24,2025-03-02,KG,3.309,3.309
PEAR_FAMILY,RETAIL,NL-ZH,7275.84,Weekly,2025-03-03,2025-03-09,KG,3.309,3.309
PEAR_FAMILY,RETAIL,NL-ZH,6381.48,Weekly,2025-03-10,2025-03-16,KG,3.326,3.326
PEAR_FAMILY,RETAIL,NL-ZH,6844.16,Weekly,2025-03-17,2025-03-23,KG,3.33,3.33
PEAR_FAMILY,RETAIL,NL-ZH,6324.99,Weekly,2025-03-24,2025-03-30,KG,3.346,3.346
PEAR_FAMILY,RETAIL,NL-ZH,6590.18,Weekly,2025-03-31,2025-04-06,KG,3.351,3.351
PEAR_FAMILY,RETAIL,NL-ZH,6522.36,Weekly,2025-04-07,2025-04-13,KG,3.339,3.339
PEAR_FAMILY,RETAIL,NL-ZH,5901.52,Weekly,2025-04-14,2025-04-20,KG,3.349,3.349
PEAR_FAMILY,RETAIL,NL-ZH,5598.18,Weekly,2025-04-21,2025-04-27,KG,3.349,3.349
PEAR_FAMILY,RETAIL,NL-ZH,6375.62,Weekly,2025-04-28,2025-05-04,KG,3.311,3.311
PEAR_FAMILY,RETAIL,NL-ZH,5817.32,Weekly,2025-05-05,2025-05-11,KG,3.367,3.367
PEAR_FAMILY,RETAIL,NL-ZH,6127.82,Weekly,2025-05-12,2025-05-18,KG,3.342,3.342
PEAR_FAMILY,RETAIL,NL-ZH,5539.2,Weekly,2025-05-19,2025-05-25,KG,3.346,3.346
PEAR_FAMILY,RETAIL,NL-ZH,5569.76,Weekly,2025-05-26,2025-06-01,KG,3.337,3.337
PEAR_FAMILY,RETAIL,NL-ZH,4912.45,Weekly,2025-06-02,2025-06-08,KG,3.36,3.36
PEAR_FAMILY,RETAIL,NL-ZH,6007.91,Weekly,2025-06-09,2025-06-15,KG,3.384,3.384
PEAR_FAMILY,RETAIL,NL-ZH,6208.74,Weekly,2025-06-16,2025-06-22,KG,3.366,3.366
PEAR_FAMILY,RETAIL,NL-ZH,6356.61,Weekly,2025-06-23,2025-06-29,KG,3.333,3.333
PEAR_FAMILY,RETAIL,NL-ZH,5771.24,Weekly,2025-06-30,2025-07-06,KG,3.401,3.401
PEAR_FAMILY,RETAIL,NL-ZH,6417.63,Weekly,2025-07-07,2025-07-13,KG,3.321,3.321
PEAR_FAMILY,RETAIL,NL-ZH,6648.57,Weekly,2025-07-14,2025-07-20,KG,3.306,3.306
PEAR_FAMILY,RETAIL,NL-ZH,6727.12,Weekly,2025-07-21,2025-07-27,KG,3.33,3.33
PEAR_FAMILY,RETAIL,NL-ZH,6669.06,Weekly,2025-07-28,2025-08-03,KG,3.106,3.106
PEAR_FAMILY,RETAIL,NL-ZH,7495.27,Weekly,2025-08-04,2025-08-10,KG,2.678,2.678
PEAR_FAMILY,RETAIL,NL-ZH,7726.27,Weekly,2025-08-11,2025-08-17,KG,2.678,2.678
PEAR_FAMILY,RETAIL,NL-ZH,8202.18,Weekly,2025-08-18,2025-08-24,KG,2.708,2.708
PEAR_FAMILY,RETAIL,NL-ZH,7928.74,Weekly,2025-08-25,2025-08-31,KG,2.707,2.707
PEAR_FAMILY,RETAIL,NL-ZH,8273.34,Weekly,2025-09-01,2025-09-07,KG,2.674,2.674
PEAR_FAMILY,RETAIL,NL-ZH,7679.71,Weekly,2025-09-08,2025-09-14,KG,2.693,2.693
PEAR_FAMILY,RETAIL,NL-ZH,7826.09,Weekly,2025-09-15,2025-09-21,KG,2.676,2.676
PEAR_FAMILY,RETAIL,NL-ZH,8758.54,Weekly,2025-09-22,2025-09-28,KG,2.703,2.703
PEAR_FAMILY,RETAIL,NL-ZH,7608.84,Weekly,2025-09-29,2025-10-05,KG,2.705,2.705
PEAR_FAMILY,RETAIL,NL-ZH,8646.92,Weekly,2025-10-06,2025-10-12,KG,2.671,2.671
PEAR_FAMILY,RETAIL,NL-ZH,8539.17,Weekly,2025-10-13,2025-10-19,KG,2.703,2.703
PEAR_FAMILY,RETAIL,NL-ZH,7196.56,Weekly,2025-10-20,2025-10-26,KG,2.713,2.713
PEAR_FAMILY,RETAIL,NL-ZH,7390.28,Weekly,2025-10-27,2025-11-02,KG,2.885,2.885
PEAR_FAMILY,RETAIL,NL-ZH,9457.15,Weekly,2025-11-03,2025-11-09,KG,3.363,3.363
PEAR_FAMILY,RETAIL,NL-ZH,7673.14,Weekly,2025-11-10,2025-11-16,KG,3.337,3.337
PEAR_FAMILY,RETAIL,NL-ZH,6984.37,Weekly,2025-11-17,2025-11-23,KG,3.369,3.369
PEAR_FAMILY,RETAIL,NL-ZH,7826.639999999999,Weekly,2025-11-24,2025-11-30,KG,3.306,3.306
PEAR_FAMILY,RETAIL,NL-ZH,7457.38,Weekly,2025-12-01,2025-12-07,KG,3.4,3.4
PEAR_FAMILY,RETAIL,NL-ZH,7999.4400000000005,Weekly,2025-12-08,2025-12-14,KG,3.328,3.328
PEAR_FAMILY,RETAIL,NL-ZH,8255.72,Weekly,2025-12-15,2025-12-21,KG,3.311,3.311
PEAR_FAMILY,RETAIL,NL-ZH,7778.6,Weekly,2025-12-22,2025-12-28,KG,3.336,3.336
PEAR_FAMILY,RETAIL,NL-ZH,6751.8099999999995,Weekly,2025-12-29,2026-01-04,KG,3.364,3.364
PEAR_FAMILY,RETAIL,NL-ZH,5995.81,Weekly,2026-01-05,2026-01-11,KG,3.364,3.364
PEAR_FAMILY,RETAIL,NL-ZH,7249.8,Weekly,2026-01-12,2026-01-18,KG,3.307,3.307
PEAR_FAMILY,RETAIL,NL-ZH,7417.27,Weekly,2026-01-19,2026-01-25,KG,3.341,3.341
PEAR_FAMILY,RETAIL,NL-ZH,6604.97,Weekly,2026-01-26,2026-02-01,KG,3.349,3.349
PEAR_FAMILY,WHOLESALE,NL-GE,2838.96,Weekly,2023-01-30,2023-02-05,KG,3.041,3.041
PEAR_FAMILY,WHOLESALE,NL-GE,5321.72,Weekly,2023-02-06,2023-02-12,KG,3.079,3.079
PEAR_FAMILY,WHOLESALE,NL-GE,5014.04,Weekly,2023-02-13,2023-02-19,KG,3.072,3.072
PEAR_FAMILY,WHOLESALE,NL-GE,4835.86,Weekly,2023-02-20,2023-02-26,KG,3.061,3.061
PEAR_FAMILY,WHOLESALE,NL-GE,4955.29,Weekly,2023-02-27,2023-03-05,KG,3.058,3.058
PEAR_FAMILY,WHOLESALE,NL-GE,3766.15,Weekly,2023-03-06,2023-03-12,KG,3.063,3.063
PEAR_FAMILY,WHOLESALE,NL-GE,4779.67,Weekly,2023-03-13,2023-03-19,KG,3.041,3.041
PEAR_FAMILY,WHOLESALE,NL-GE,3921.55,Weekly,2023-03-20,2023-03-26,KG,3.062,3.062
PEAR_FAMILY,WHOLESALE,NL-GE,3961.89,Weekly,2023-03-27,2023-04-02,KG,3.073,3.073
PEAR_FAMILY,WHOLESALE,NL-GE,4312.03,Weekly,2023-04-03,2023-04-09,KG,3.054,3.054
PEAR_FAMILY,WHOLESALE,NL-GE,3969.25,Weekly,2023-04-10,2023-04-16,KG,3.067,3.067
PEAR_FAMILY,WHOLESALE,NL-GE,4277.900000000001,Weekly,2023-04-17,2023-04-23,KG,3.075,3.075
PEAR_FAMILY,WHOLESALE,NL-GE,4155.58,Weekly,2023-04-24,2023-04-30,KG,3.069,3.069
PEAR_FAMILY,WHOLESALE,NL-GE,4239.21,Weekly,2023-05-01,2023-05-07,KG,3.072,3.072
PEAR_FAMILY,WHOLESALE,NL-GE,3793.16,Weekly,2023-05-08,2023-05-14,KG,3.013,3.013
PEAR_FAMILY,WHOLESALE,NL-GE,4582.04,Weekly,2023-05-15,2023-05-21,KG,3.053,3.053
PEAR_FAMILY,WHOLESALE,NL-GE,4673.3,Weekly,2023-05-22,2023-05-28,KG,3.041,3.041
PEAR_FAMILY,WHOLESALE,NL-GE,4689.38,Weekly,2023-05-29,2023-06-04,KG,3.049,3.049
PEAR_FAMILY,WHOLESALE,NL-GE,4843.41,Weekly,2023-06-05,2023-06-11,KG,3.103,3.103
PEAR_FAMILY,WHOLESALE,NL-GE,4889.22,Weekly,2023-06-12,2023-06-18,KG,3.044,3.044
PEAR_FAMILY,WHOLESALE,NL-GE,4511.37,Weekly,2023-06-19,2023-06-25,KG,3.056,3.056
PEAR_FAMILY,WHOLESALE,NL-GE,4562.92,Weekly,2023-06-26,2023-07-02,KG,3.057,3.057
PEAR_FAMILY,WHOLESALE,NL-GE,4996.26,Weekly,2023-07-03,2023-07-09,KG,3.063,3.063
PEAR_FAMILY,WHOLESALE,NL-GE,5356.34,Weekly,2023-07-10,2023-07-16,KG,3.08,3.08
PEAR_FAMILY,WHOLESALE,NL-GE,5012.12,Weekly,2023-07-17,2023-07-23,KG,3.06,3.06
PEAR_FAMILY,WHOLESALE,NL-GE,4536.5,Weekly,2023-07-24,2023-07-30,KG,3.034,3.034
PEAR_FAMILY,WHOLESALE,NL-GE,4179.63,Weekly,2023-07-31,2023-08-06,KG,2.522,2.522
PEAR_FAMILY,WHOLESALE,NL-GE,5629.72,Weekly,2023-08-07,2023-08-13,KG,2.472,2.472
PEAR_FAMILY,WHOLESALE,NL-GE,5954.1,Weekly,2023-08-14,2023-08-20,KG,2.473,2.473
PEAR_FAMILY,WHOLESALE,NL-GE,5894.48,Weekly,2023-08-21,2023-08-27,KG,2.465,2.465
PEAR_FAMILY,WHOLESALE,NL-GE,6128.53,Weekly,2023-08-28,2023-09-03,KG,2.454,2.454
PEAR_FAMILY,WHOLESALE,NL-GE,7082.78,Weekly,2023-09-04,2023-09-10,KG,2.459,2.459
PEAR_FAMILY,WHOLESALE,NL-GE,6278.75,Weekly,2023-09-11,2023-09-17,KG,2.472,2.472
PEAR_FAMILY,WHOLESALE,NL-GE,6208.47,Weekly,2023-09-18,2023-09-24,KG,2.473,2.473
PEAR_FAMILY,WHOLESALE,NL-GE,7344.23,Weekly,2023-09-25,2023-10-01,KG,2.455,2.455
PEAR_FAMILY,WHOLESALE,NL-GE,7020.68,Weekly,2023-10-02,2023-10-08,KG,2.451,2.451
PEAR_FAMILY,WHOLESALE,NL-GE,5919.92,Weekly,2023-10-09,2023-10-15,KG,2.438,2.438
PEAR_FAMILY,WHOLESALE,NL-GE,5634.3,Weekly,2023-10-16,2023-10-22,KG,2.421,2.421
PEAR_FAMILY,WHOLESALE,NL-GE,5243.98,Weekly,2023-10-23,2023-10-29,KG,2.446,2.446
PEAR_FAMILY,WHOLESALE,NL-GE,5723.16,Weekly,2023-10-30,2023-11-05,KG,2.844,2.844
PEAR_FAMILY,WHOLESALE,NL-GE,6061.99,Weekly,2023-11-06,2023-11-12,KG,3.02,3.02
PEAR_FAMILY,WHOLESALE,NL-GE,5838.41,Weekly,2023-11-13,2023-11-19,KG,3.055,3.055
PEAR_FAMILY,WHOLESALE,NL-GE,5932.45,Weekly,2023-11-20,2023-11-26,KG,3.04,3.04
PEAR_FAMILY,WHOLESALE,NL-GE,5234.86,Weekly,2023-11-27,2023-12-03,KG,3.047,3.047
PEAR_FAMILY,WHOLESALE,NL-GE,5249.71,Weekly,2023-12-04,2023-12-10,KG,3.08,3.08
PEAR_FAMILY,WHOLESALE,NL-GE,5941.58,Weekly,2023-12-11,2023-12-17,KG,3.053,3.053
PEAR_FAMILY,WHOLESALE,NL-GE,4763.93,Weekly,2023-12-18,2023-12-24,KG,3.065,3.065
PEAR_FAMILY,WHOLESALE,NL-GE,5040.58,Weekly,2023-12-25,2023-12-31,KG,3.078,3.078
PEAR_FAMILY,WHOLESALE,NL-GE,5127.52,Weekly,2024-01-01,2024-01-07,KG,3.054,3.054
PEAR_FAMILY,WHOLESALE,NL-GE,5176.87,Weekly,2024-01-08,2024-01-14,KG,3.054,3.054
PEAR_FAMILY,WHOLESALE,NL-GE,5277.77,Weekly,2024-01-15,2024-01-21,KG,3.027,3.027
PEAR_FAMILY,WHOLESALE,NL-GE,5041.99,Weekly,2024-01-22,2024-01-28,KG,3.05,3.05
PEAR_FAMILY,WHOLESALE,NL-GE,5260.96,Weekly,2024-01-29,2024-02-04,KG,3.058,3.058
PEAR_FAMILY,WHOLESALE,NL-GE,4487.92,Weekly,2024-02-05,2024-02-11,KG,3.082,3.082
PEAR_FAMILY,WHOLESALE,NL-GE,5044.79,Weekly,2024-02-12,2024-02-18,KG,3.036,3.036
PEAR_FAMILY,WHOLESALE,NL-GE,4572.6,Weekly,2024-02-19,2024-02-25,KG,3.076,3.076
PEAR_FAMILY,WHOLESALE,NL-GE,4732.8,Weekly,2024-02-26,2024-03-03,KG,3.057,3.057
PEAR_FAMILY,WHOLESALE,NL-GE,4956.9,Weekly,2024-03-04,2024-03-10,KG,3.046,3.046
PEAR_FAMILY,WHOLESALE,NL-GE,4513.46,Weekly,2024-03-11,2024-03-17,KG,3.02,3.02
PEAR_FAMILY,WHOLESALE,NL-GE,4427.26,Weekly,2024-03-18,2024-03-24,KG,3.07,3.07
PEAR_FAMILY,WHOLESALE,NL-GE,4489.13,Weekly,2024-03-25,2024-03-31,KG,3.05,3.05
PEAR_FAMILY,WHOLESALE,NL-GE,4190.83,Weekly,2024-04-01,2024-04-07,KG,3.068,3.068
PEAR_FAMILY,WHOLESALE,NL-GE,4554.0,Weekly,2024-04-08,2024-04-14,KG,3.053,3.053
PEAR_FAMILY,WHOLESALE,NL-GE,3547.11,Weekly,2024-04-15,2024-04-21,KG,3.042,3.042
PEAR_FAMILY,WHOLESALE,NL-GE,4106.34,Weekly,2024-04-22,2024-04-28,KG,3.031,3.031
PEAR_FAMILY,WHOLESALE,NL-GE,4498.9800000000005,Weekly,2024-04-29,2024-05-05,KG,3.042,3.042
PEAR_FAMILY,WHOLESALE,NL-GE,4560.55,Weekly,2024-05-06,2024-05-12,KG,3.103,3.103
PEAR_FAMILY,WHOLESALE,NL-GE,4306.52,Weekly,2024-05-13,2024-05-19,KG,3.092,3.092
PEAR_FAMILY,WHOLESALE,NL-GE,3693.23,Weekly,2024-05-20,2024-05-26,KG,3.025,3.025
PEAR_FAMILY,WHOLESALE,NL-GE,4023.0,Weekly,2024-05-27,2024-06-02,KG,3.07,3.07
PEAR_FAMILY,WHOLESALE,NL-GE,4452.71,Weekly,2024-06-03,2024-06-09,KG,3.068,3.068
PEAR_FAMILY,WHOLESALE,NL-GE,3925.27,Weekly,2024-06-10,2024-06-16,KG,3.071,3.071
PEAR_FAMILY,WHOLESALE,NL-GE,4278.85,Weekly,2024-06-17,2024-06-23,KG,3.061,3.061
PEAR_FAMILY,WHOLESALE,NL-GE,4702.39,Weekly,2024-06-24,2024-06-30,KG,3.052,3.052
PEAR_FAMILY,WHOLESALE,NL-GE,4490.96,Weekly,2024-07-01,2024-07-07,KG,3.036,3.036
PEAR_FAMILY,WHOLESALE,NL-GE,4767.08,Weekly,2024-07-08,2024-07-14,KG,3.029,3.029
PEAR_FAMILY,WHOLESALE,NL-GE,5053.53,Weekly,2024-07-15,2024-07-21,KG,3.036,3.036
PEAR_FAMILY,WHOLESALE,NL-GE,5187.84,Weekly,2024-07-22,2024-07-28,KG,3.061,3.061
PEAR_FAMILY,WHOLESALE,NL-GE,5257.4400000000005,Weekly,2024-07-29,2024-08-04,KG,2.773,2.773
PEAR_FAMILY,WHOLESALE,NL-GE,5841.96,Weekly,2024-08-05,2024-08-11,KG,2.466,2.466
PEAR_FAMILY,WHOLESALE,NL-GE,5540.09,Weekly,2024-08-12,2024-08-18,KG,2.449,2.449
PEAR_FAMILY,WHOLESALE,NL-GE,5829.4400000000005,Weekly,2024-08-19,2024-08-25,KG,2.471,2.471
PEAR_FAMILY,WHOLESALE,NL-GE,6409.24,Weekly,2024-08-26,2024-09-01,KG,2.446,2.446
PEAR_FAMILY,WHOLESALE,NL-GE,6163.99,Weekly,2024-09-02,2024-09-08,KG,2.484,2.484
PEAR_FAMILY,WHOLESALE,NL-GE,5657.74,Weekly,2024-09-09,2024-09-15,KG,2.477,2.477
PEAR_FAMILY,WHOLESALE,NL-GE,7262.69,Weekly,2024-09-16,2024-09-22,KG,2.448,2.448
PEAR_FAMILY,WHOLESALE,NL-GE,5773.67,Weekly,2024-09-23,2024-09-29,KG,2.462,2.462
PEAR_FAMILY,WHOLESALE,NL-GE,6372.81,Weekly,2024-09-30,2024-10-06,KG,2.461,2.461
PEAR_FAMILY,WHOLESALE,NL-GE,5822.84,Weekly,2024-10-07,2024-10-13,KG,2.449,2.449
PEAR_FAMILY,WHOLESALE,NL-GE,6777.01,Weekly,2024-10-14,2024-10-20,KG,2.437,2.437
PEAR_FAMILY,WHOLESALE,NL-GE,6599.08,Weekly,2024-10-21,2024-10-27,KG,2.45,2.45
PEAR_FAMILY,WHOLESALE,NL-GE,6363.6,Weekly,2024-10-28,2024-11-03,KG,2.698,2.698
PEAR_FAMILY,WHOLESALE,NL-GE,6313.03,Weekly,2024-11-04,2024-11-10,KG,3.058,3.058
PEAR_FAMILY,WHOLESALE,NL-GE,6080.86,Weekly,2024-11-11,2024-11-17,KG,3.049,3.049
PEAR_FAMILY,WHOLESALE,NL-GE,5348.96,Weekly,2024-11-18,2024-11-24,KG,3.035,3.035
PEAR_FAMILY,WHOLESALE,NL-GE,6101.99,Weekly,2024-11-25,2024-12-01,KG,3.057,3.057
PEAR_FAMILY,WHOLESALE,NL-GE,5453.92,Weekly,2024-12-02,2024-12-08,KG,3.047,3.047
PEAR_FAMILY,WHOLESALE,NL-GE,5639.99,Weekly,2024-12-09,2024-12-15,KG,3.027,3.027
PEAR_FAMILY,WHOLESALE,NL-GE,5643.85,Weekly,2024-12-16,2024-12-22,KG,3.058,3.058
PEAR_FAMILY,WHOLESALE,NL-GE,5543.4400000000005,Weekly,2024-12-23,2024-12-29,KG,3.088,3.088
PEAR_FAMILY,WHOLESALE,NL-GE,5038.61,Weekly,2024-12-30,2025-01-05,KG,3.051,3.051
PEAR_FAMILY,WHOLESALE,NL-GE,5303.92,Weekly,2025-01-06,2025-01-12,KG,3.03,3.03
PEAR_FAMILY,WHOLESALE,NL-GE,5293.46,Weekly,2025-01-13,2025-01-19,KG,3.043,3.043
PEAR_FAMILY,WHOLESALE,NL-GE,4563.93,Weekly,2025-01-20,2025-01-26,KG,3.081,3.081
PEAR_FAMILY,WHOLESALE,NL-GE,5230.97,Weekly,2025-01-27,2025-02-02,KG,3.042,3.042
PEAR_FAMILY,WHOLESALE,NL-GE,5014.8,Weekly,2025-02-03,2025-02-09,KG,3.078,3.078
PEAR_FAMILY,WHOLESALE,NL-GE,4657.53,Weekly,2025-02-10,2025-02-16,KG,3.039,3.039
PEAR_FAMILY,WHOLESALE,NL-GE,5130.69,Weekly,2025-02-17,2025-02-23,KG,3.048,3.048
PEAR_FAMILY,WHOLESALE,NL-GE,4541.53,Weekly,2025-02-24,2025-03-02,KG,3.085,3.085
PEAR_FAMILY,WHOLESALE,NL-GE,5635.75,Weekly,2025-03-03,2025-03-09,KG,3.027,3.027
PEAR_FAMILY,WHOLESALE,NL-GE,4964.89,Weekly,2025-03-10,2025-03-16,KG,3.049,3.049
PEAR_FAMILY,WHOLESALE,NL-GE,5326.71,Weekly,2025-03-17,2025-03-23,KG,3.079,3.079
PEAR_FAMILY,WHOLESALE,NL-GE,4837.49,Weekly,2025-03-24,2025-03-30,KG,3.077,3.077
PEAR_FAMILY,WHOLESALE,NL-GE,5410.7,Weekly,2025-03-31,2025-04-06,KG,3.038,3.038
PEAR_FAMILY,WHOLESALE,NL-GE,5096.1,Weekly,2025-04-07,2025-04-13,KG,3.028,3.028
PEAR_FAMILY,WHOLESALE,NL-GE,4149.17,Weekly,2025-04-14,2025-04-20,KG,3.043,3.043
PEAR_FAMILY,WHOLESALE,NL-GE,4194.49,Weekly,2025-04-21,2025-04-27,KG,3.094,3.094
PEAR_FAMILY,WHOLESALE,NL-GE,4923.09,Weekly,2025-04-28,2025-05-04,KG,3.036,3.036
PEAR_FAMILY,WHOLESALE,NL-GE,4652.41,Weekly,2025-05-05,2025-05-11,KG,3.057,3.057
PEAR_FAMILY,WHOLESALE,NL-GE,4742.27,Weekly,2025-05-12,2025-05-18,KG,3.039,3.039
PEAR_FAMILY,WHOLESALE,NL-GE,4241.54,Weekly,2025-05-19,2025-05-25,KG,3.045,3.045
PEAR_FAMILY,WHOLESALE,NL-GE,3924.19,Weekly,2025-05-26,2025-06-01,KG,3.047,3.047
PEAR_FAMILY,WHOLESALE,NL-GE,4012.13,Weekly,2025-06-02,2025-06-08,KG,3.058,3.058
PEAR_FAMILY,WHOLESALE,NL-GE,4598.75,Weekly,2025-06-09,2025-06-15,KG,3.051,3.051
PEAR_FAMILY,WHOLESALE,NL-GE,4911.09,Weekly,2025-06-16,2025-06-22,KG,3.072,3.072
PEAR_FAMILY,WHOLESALE,NL-GE,4634.48,Weekly,2025-06-23,2025-06-29,KG,3.054,3.054
PEAR_FAMILY,WHOLESALE,NL-GE,4725.25,Weekly,2025-06-30,2025-07-06,KG,3.051,3.051
PEAR_FAMILY,WHOLESALE,NL-GE,5021.23,Weekly,2025-07-07,2025-07-13,KG,3.09,3.09
PEAR_FAMILY,WHOLESALE,NL-GE,5061.72,Weekly,2025-07-14,2025-07-20,KG,3.047,3.047
PEAR_FAMILY,WHOLESALE,NL-GE,5340.5,Weekly,2025-07-21,2025-07-27,KG,3.072,3.072
PEAR_FAMILY,WHOLESALE,NL-GE,5091.93,Weekly,2025-07-28,2025-08-03,KG,2.804,2.804
PEAR_FAMILY,WHOLESALE,NL-GE,5695.32,Weekly,2025-08-04,2025-08-10,KG,2.443,2.443
PEAR_FAMILY,WHOLESALE,NL-GE,6060.71,Weekly,2025-08-11,2025-08-17,KG,2.454,2.454
PEAR_FAMILY,WHOLESALE,NL-GE,6291.65,Weekly,2025-08-18,2025-08-24,KG,2.451,2.451
PEAR_FAMILY,WHOLESALE,NL-GE,6526.15,Weekly,2025-08-25,2025-08-31,KG,2.436,2.436
PEAR_FAMILY,WHOLESALE,NL-GE,6374.67,Weekly,2025-09-01,2025-09-07,KG,2.446,2.446
PEAR_FAMILY,WHOLESALE,NL-GE,5780.05,Weekly,2025-09-08,2025-09-14,KG,2.464,2.464
PEAR_FAMILY,WHOLESALE,NL-GE,6040.75,Weekly,2025-09-15,2025-09-21,KG,2.44,2.44
PEAR_FAMILY,WHOLESALE,NL-GE,6920.67,Weekly,2025-09-22,2025-09-28,KG,2.475,2.475
PEAR_FAMILY,WHOLESALE,NL-GE,6203.17,Weekly,2025-09-29,2025-10-05,KG,2.433,2.433
PEAR_FAMILY,WHOLESALE,NL-GE,6443.79,Weekly,2025-10-06,2025-10-12,KG,2.455,2.455
PEAR_FAMILY,WHOLESALE,NL-GE,6532.68,Weekly,2025-10-13,2025-10-19,KG,2.446,2.446
PEAR_FAMILY,WHOLESALE,NL-GE,5771.13,Weekly,2025-10-20,2025-10-26,KG,2.462,2.462
PEAR_FAMILY,WHOLESALE,NL-GE,5770.3,Weekly,2025-10-27,2025-11-02,KG,2.613,2.613
PEAR_FAMILY,WHOLESALE,NL-GE,7024.61,Weekly,2025-11-03,2025-11-09,KG,3.082,3.082
PEAR_FAMILY,WHOLESALE,NL-GE,5836.57,Weekly,2025-11-10,2025-11-16,KG,3.084,3.084
PEAR_FAMILY,WHOLESALE,NL-GE,5672.05,Weekly,2025-11-17,2025-11-23,KG,3.042,3.042
PEAR_FAMILY,WHOLESALE,NL-GE,5845.16,Weekly,2025-11-24,2025-11-30,KG,3.08,3.08
PEAR_FAMILY,WHOLESALE,NL-GE,5660.66,Weekly,2025-12-01,2025-12-07,KG,3.104,3.104
PEAR_FAMILY,WHOLESALE,NL-GE,6427.83,Weekly,2025-12-08,2025-12-14,KG,3.021,3.021
PEAR_FAMILY,WHOLESALE,NL-GE,6225.48,Weekly,2025-12-15,2025-12-21,KG,3.036,3.036
PEAR_FAMILY,WHOLESALE,NL-GE,5869.8,Weekly,2025-12-22,2025-12-28,KG,3.047,3.047
PEAR_FAMILY,WHOLESALE,NL-GE,5160.42,Weekly,2025-12-29,2026-01-04,KG,3.098,3.098
PEAR_FAMILY,WHOLESALE,NL-GE,4696.07,Weekly,2026-01-05,2026-01-11,KG,3.044,3.044
PEAR_FAMILY,WHOLESALE,NL-GE,5442.5,Weekly,2026-01-12,2026-01-18,KG,3.047,3.047
PEAR_FAMILY,WHOLESALE,NL-GE,5782.25,Weekly,2026-01-19,2026-01-25,KG,3.06,3.06
PEAR_FAMILY,WHOLESALE,NL-GE,5029.45,Weekly,2026-01-26,2026-02-01,KG,3.056,3.056
PEAR_FAMILY,WHOLESALE,NL-NB,2992.75,Weekly,2023-01-30,2023-02-05,KG,3.123,3.123
PEAR_FAMILY,WHOLESALE,NL-NB,5295.35,Weekly,2023-02-06,2023-02-12,KG,3.135,3.135
PEAR_FAMILY,WHOLESALE,NL-NB,5427.14,Weekly,2023-02-13,2023-02-19,KG,3.203,3.203
PEAR_FAMILY,WHOLESALE,NL-NB,4790.24,Weekly,2023-02-20,2023-02-26,KG,3.131,3.131
PEAR_FAMILY,WHOLESALE,NL-NB,4774.860000000001,Weekly,2023-02-27,2023-03-05,KG,3.122,3.122
PEAR_FAMILY,WHOLESALE,NL-NB,3809.83,Weekly,2023-03-06,2023-03-12,KG,3.167,3.167
PEAR_FAMILY,WHOLESALE,NL-NB,4917.02,Weekly,2023-03-13,2023-03-19,KG,3.153,3.153
PEAR_FAMILY,WHOLESALE,NL-NB,3891.87,Weekly,2023-03-20,2023-03-26,KG,3.152,3.152
PEAR_FAMILY,WHOLESALE,NL-NB,4047.83,Weekly,2023-03-27,2023-04-02,KG,3.185,3.185
PEAR_FAMILY,WHOLESALE,NL-NB,4455.08,Weekly,2023-04-03,2023-04-09,KG,3.169,3.169
PEAR_FAMILY,WHOLESALE,NL-NB,4209.78,Weekly,2023-04-10,2023-04-16,KG,3.148,3.148
PEAR_FAMILY,WHOLESALE,NL-NB,4128.15,Weekly,2023-04-17,2023-04-23,KG,3.162,3.162
PEAR_FAMILY,WHOLESALE,NL-NB,4031.37,Weekly,2023-04-24,2023-04-30,KG,3.137,3.137
PEAR_FAMILY,WHOLESALE,NL-NB,4399.61,Weekly,2023-05-01,2023-05-07,KG,3.176,3.176
PEAR_FAMILY,WHOLESALE,NL-NB,3901.62,Weekly,2023-05-08,2023-05-14,KG,3.133,3.133
PEAR_FAMILY,WHOLESALE,NL-NB,4681.94,Weekly,2023-05-15,2023-05-21,KG,3.165,3.165
PEAR_FAMILY,WHOLESALE,NL-NB,4610.14,Weekly,2023-05-22,2023-05-28,KG,3.169,3.169
PEAR_FAMILY,WHOLESALE,NL-NB,4823.99,Weekly,2023-05-29,2023-06-04,KG,3.162,3.162
PEAR_FAMILY,WHOLESALE,NL-NB,5033.52,Weekly,2023-06-05,2023-06-11,KG,3.173,3.173
PEAR_FAMILY,WHOLESALE,NL-NB,4947.09,Weekly,2023-06-12,2023-06-18,KG,3.115,3.115
PEAR_FAMILY,WHOLESALE,NL-NB,4629.18,Weekly,2023-06-19,2023-06-25,KG,3.14,3.14
PEAR_FAMILY,WHOLESALE,NL-NB,4871.2300000000005,Weekly,2023-06-26,2023-07-02,KG,3.17,3.17
PEAR_FAMILY,WHOLESALE,NL-NB,5011.92,Weekly,2023-07-03,2023-07-09,KG,3.135,3.135
PEAR_FAMILY,WHOLESALE,NL-NB,5349.9,Weekly,2023-07-10,2023-07-16,KG,3.137,3.137
PEAR_FAMILY,WHOLESALE,NL-NB,5429.78,Weekly,2023-07-17,2023-07-23,KG,3.147,3.147
PEAR_FAMILY,WHOLESALE,NL-NB,4703.78,Weekly,2023-07-24,2023-07-30,KG,3.153,3.153
PEAR_FAMILY,WHOLESALE,NL-NB,4471.85,Weekly,2023-07-31,2023-08-06,KG,2.603,2.603
PEAR_FAMILY,WHOLESALE,NL-NB,5781.22,Weekly,2023-08-07,2023-08-13,KG,2.51,2.51
PEAR_FAMILY,WHOLESALE,NL-NB,6311.1,Weekly,2023-08-14,2023-08-20,KG,2.573,2.573
PEAR_FAMILY,WHOLESALE,NL-NB,6341.5199999999995,Weekly,2023-08-21,2023-08-27,KG,2.528,2.528
PEAR_FAMILY,WHOLESALE,NL-NB,6173.7300000000005,Weekly,2023-08-28,2023-09-03,KG,2.535,2.535
PEAR_FAMILY,WHOLESALE,NL-NB,7244.91,Weekly,2023-09-04,2023-09-10,KG,2.557,2.557
PEAR_FAMILY,WHOLESALE,NL-NB,6682.47,Weekly,2023-09-11,2023-09-17,KG,2.538,2.538
PEAR_FAMILY,WHOLESALE,NL-NB,6472.58,Weekly,2023-09-18,2023-09-24,KG,2.503,2.503
PEAR_FAMILY,WHOLESALE,NL-NB,7472.55,Weekly,2023-09-25,2023-10-01,KG,2.535,2.535
PEAR_FAMILY,WHOLESALE,NL-NB,7103.5,Weekly,2023-10-02,2023-10-08,KG,2.509,2.509
PEAR_FAMILY,WHOLESALE,NL-NB,6503.08,Weekly,2023-10-09,2023-10-15,KG,2.525,2.525
PEAR_FAMILY,WHOLESALE,NL-NB,6217.34,Weekly,2023-10-16,2023-10-22,KG,2.529,2.529
PEAR_FAMILY,WHOLESALE,NL-NB,5942.88,Weekly,2023-10-23,2023-10-29,KG,2.534,2.534
PEAR_FAMILY,WHOLESALE,NL-NB,5872.1,Weekly,2023-10-30,2023-11-05,KG,3.008,3.008
PEAR_FAMILY,WHOLESALE,NL-NB,6273.78,Weekly,2023-11-06,2023-11-12,KG,3.157,3.157
PEAR_FAMILY,WHOLESALE,NL-NB,5714.65,Weekly,2023-11-13,2023-11-19,KG,3.16,3.16
PEAR_FAMILY,WHOLESALE,NL-NB,6253.95,Weekly,2023-11-20,2023-11-26,KG,3.153,3.153
PEAR_FAMILY,WHOLESALE,NL-NB,5741.9400000000005,Weekly,2023-11-27,2023-12-03,KG,3.155,3.155
PEAR_FAMILY,WHOLESALE,NL-NB,5667.07,Weekly,2023-12-04,2023-12-10,KG,3.158,3.158
PEAR_FAMILY,WHOLESALE,NL-NB,6249.04,Weekly,2023-12-11,2023-12-17,KG,3.158,3.158
PEAR_FAMILY,WHOLESALE,NL-NB,5137.29,Weekly,2023-12-18,2023-12-24,KG,3.137,3.137
PEAR_FAMILY,WHOLESALE,NL-NB,5599.93,Weekly,2023-12-25,2023-12-31,KG,3.154,3.154
PEAR_FAMILY,WHOLESALE,NL-NB,5174.86,Weekly,2024-01-01,2024-01-07,KG,3.124,3.124
PEAR_FAMILY,WHOLESALE,NL-NB,5382.72,Weekly,2024-01-08,2024-01-14,KG,3.138,3.138
PEAR_FAMILY,WHOLESALE,NL-NB,5355.51,Weekly,2024-01-15,2024-01-21,KG,3.116,3.116
PEAR_FAMILY,WHOLESALE,NL-NB,5699.37,Weekly,2024-01-22,2024-01-28,KG,3.119,3.119
PEAR_FAMILY,WHOLESALE,NL-NB,5569.86,Weekly,2024-01-29,2024-02-04,KG,3.135,3.135
PEAR_FAMILY,WHOLESALE,NL-NB,4764.57,Weekly,2024-02-05,2024-02-11,KG,3.159,3.159
PEAR_FAMILY,WHOLESALE,NL-NB,5067.77,Weekly,2024-02-12,2024-02-18,KG,3.155,3.155
PEAR_FAMILY,WHOLESALE,NL-NB,4713.32,Weekly,2024-02-19,2024-02-25,KG,3.145,3.145
PEAR_FAMILY,WHOLESALE,NL-NB,4914.04,Weekly,2024-02-26,2024-03-03,KG,3.159,3.159
PEAR_FAMILY,WHOLESALE,NL-NB,5196.59,Weekly,2024-03-04,2024-03-10,KG,3.16,3.16
PEAR_FAMILY,WHOLESALE,NL-NB,4510.65,Weekly,2024-03-11,2024-03-17,KG,3.196,3.196
PEAR_FAMILY,WHOLESALE,NL-NB,4711.95,Weekly,2024-03-18,2024-03-24,KG,3.151,3.151
PEAR_FAMILY,WHOLESALE,NL-NB,4423.92,Weekly,2024-03-25,2024-03-31,KG,3.16,3.16
PEAR_FAMILY,WHOLESALE,NL-NB,4432.22,Weekly,2024-04-01,2024-04-07,KG,3.136,3.136
PEAR_FAMILY,WHOLESALE,NL-NB,4818.06,Weekly,2024-04-08,2024-04-14,KG,3.14,3.14
PEAR_FAMILY,WHOLESALE,NL-NB,3542.51,Weekly,2024-04-15,2024-04-21,KG,3.137,3.137
PEAR_FAMILY,WHOLESALE,NL-NB,4085.03,Weekly,2024-04-22,2024-04-28,KG,3.182,3.182
PEAR_FAMILY,WHOLESALE,NL-NB,4263.75,Weekly,2024-04-29,2024-05-05,KG,3.143,3.143
PEAR_FAMILY,WHOLESALE,NL-NB,4389.71,Weekly,2024-05-06,2024-05-12,KG,3.143,3.143
PEAR_FAMILY,WHOLESALE,NL-NB,4143.37,Weekly,2024-05-13,2024-05-19,KG,3.156,3.156
PEAR_FAMILY,WHOLESALE,NL-NB,3988.35,Weekly,2024-05-20,2024-05-26,KG,3.158,3.158
PEAR_FAMILY,WHOLESALE,NL-NB,4161.42,Weekly,2024-05-27,2024-06-02,KG,3.12,3.12
PEAR_FAMILY,WHOLESALE,NL-NB,4653.93,Weekly,2024-06-03,2024-06-09,KG,3.136,3.136
PEAR_FAMILY,WHOLESALE,NL-NB,4079.57,Weekly,2024-06-10,2024-06-16,KG,3.157,3.157
PEAR_FAMILY,WHOLESALE,NL-NB,4338.83,Weekly,2024-06-17,2024-06-23,KG,3.15,3.15
PEAR_FAMILY,WHOLESALE,NL-NB,4741.44,Weekly,2024-06-24,2024-06-30,KG,3.112,3.112
PEAR_FAMILY,WHOLESALE,NL-NB,4486.55,Weekly,2024-07-01,2024-07-07,KG,3.19,3.19
PEAR_FAMILY,WHOLESALE,NL-NB,4784.0,Weekly,2024-07-08,2024-07-14,KG,3.154,3.154
PEAR_FAMILY,WHOLESALE,NL-NB,5615.05,Weekly,2024-07-15,2024-07-21,KG,3.117,3.117
PEAR_FAMILY,WHOLESALE,NL-NB,5078.34,Weekly,2024-07-22,2024-07-28,KG,3.162,3.162
PEAR_FAMILY,WHOLESALE,NL-NB,5680.54,Weekly,2024-07-29,2024-08-04,KG,2.792,2.792
PEAR_FAMILY,WHOLESALE,NL-NB,5971.09,Weekly,2024-08-05,2024-08-11,KG,2.546,2.546
PEAR_FAMILY,WHOLESALE,NL-NB,5691.86,Weekly,2024-08-12,2024-08-18,KG,2.528,2.528
PEAR_FAMILY,WHOLESALE,NL-NB,6213.1,Weekly,2024-08-19,2024-08-25,KG,2.503,2.503
PEAR_FAMILY,WHOLESALE,NL-NB,6409.25,Weekly,2024-08-26,2024-09-01,KG,2.553,2.553
PEAR_FAMILY,WHOLESALE,NL-NB,6079.68,Weekly,2024-09-02,2024-09-08,KG,2.545,2.545
PEAR_FAMILY,WHOLESALE,NL-NB,6227.29,Weekly,2024-09-09,2024-09-15,KG,2.514,2.542
PEAR_FAMILY,WHOLESALE,NL-NB,7242.42,Weekly,2024-09-16,2024-09-22,KG,2.517,2.551
PEAR_FAMILY,WHOLESALE,NL-NB,6149.88,Weekly,2024-09-23,2024-09-29,KG,2.528,2.533
PEAR_FAMILY,WHOLESALE,NL-NB,6497.09,Weekly,2024-09-30,2024-10-06,KG,2.565,2.565
PEAR_FAMILY,WHOLESALE,NL-NB,6091.77,Weekly,2024-10-07,2024-10-13,KG,2.548,2.548
PEAR_FAMILY,WHOLESALE,NL-NB,6498.83,Weekly,2024-10-14,2024-10-20,KG,2.514,2.514
PEAR_FAMILY,WHOLESALE,NL-NB,6835.23,Weekly,2024-10-21,2024-10-27,KG,2.55,2.55
PEAR_FAMILY,WHOLESALE,NL-NB,6587.22,Weekly,2024-10-28,2024-11-03,KG,2.805,2.805
PEAR_FAMILY,WHOLESALE,NL-NB,6530.22,Weekly,2024-11-04,2024-11-10,KG,3.116,3.116
PEAR_FAMILY,WHOLESALE,NL-NB,6219.55,Weekly,2024-11-11,2024-11-17,KG,3.131,3.131
PEAR_FAMILY,WHOLESALE,NL-NB,5392.13,Weekly,2024-11-18,2024-11-24,KG,3.123,3.123
PEAR_FAMILY,WHOLESALE,NL-NB,6474.26,Weekly,2024-11-25,2024-12-01,KG,3.145,3.145
PEAR_FAMILY,WHOLESALE,NL-NB,5857.17,Weekly,2024-12-02,2024-12-08,KG,3.135,3.135
PEAR_FAMILY,WHOLESALE,NL-NB,5796.48,Weekly,2024-12-09,2024-12-15,KG,3.174,3.174
PEAR_FAMILY,WHOLESALE,NL-NB,5616.38,Weekly,2024-12-16,2024-12-22,KG,3.15,3.15
PEAR_FAMILY,WHOLESALE,NL-NB,5790.07,Weekly,2024-12-23,2024-12-29,KG,3.15,3.15
PEAR_FAMILY,WHOLESALE,NL-NB,4968.84,Weekly,2024-12-30,2025-01-05,KG,3.181,3.181
PEAR_FAMILY,WHOLESALE,NL-NB,5324.69,Weekly,2025-01-06,2025-01-12,KG,3.145,3.145
PEAR_FAMILY,WHOLESALE,NL-NB,5506.06,Weekly,2025-01-13,2025-01-19,KG,3.152,3.152
PEAR_FAMILY,WHOLESALE,NL-NB,4696.1,Weekly,2025-01-20,2025-01-26,KG,3.152,3.152
PEAR_FAMILY,WHOLESALE,NL-NB,5474.03,Weekly,2025-01-27,2025-02-02,KG,3.158,3.158
PEAR_FAMILY,WHOLESALE,NL-NB,5510.17,Weekly,2025-02-03,2025-02-09,KG,3.162,3.162
PEAR_FAMILY,WHOLESALE,NL-NB,4750.6,Weekly,2025-02-10,2025-02-16,KG,3.155,3.155
PEAR_FAMILY,WHOLESALE,NL-NB,5582.65,Weekly,2025-02-17,2025-02-23,KG,3.154,3.154
PEAR_FAMILY,WHOLESALE,NL-NB,4767.35,Weekly,2025-02-24,2025-03-02,KG,3.129,3.129
PEAR_FAMILY,WHOLESALE,NL-NB,5742.95,Weekly,2025-03-03,2025-03-09,KG,3.165,3.165
PEAR_FAMILY,WHOLESALE,NL-NB,4996.36,Weekly,2025-03-10,2025-03-16,KG,3.159,3.159
PEAR_FAMILY,WHOLESALE,NL-NB,5475.8,Weekly,2025-03-17,2025-03-23,KG,3.147,3.147
PEAR_FAMILY,WHOLESALE,NL-NB,4976.22,Weekly,2025-03-24,2025-03-30,KG,3.133,3.133
PEAR_FAMILY,WHOLESALE,NL-NB,5449.74,Weekly,2025-03-31,2025-04-06,KG,3.164,3.164
PEAR_FAMILY,WHOLESALE,NL-NB,5167.9,Weekly,2025-04-07,2025-04-13,KG,3.183,3.183
PEAR_FAMILY,WHOLESALE,NL-NB,4096.46,Weekly,2025-04-14,2025-04-20,KG,3.178,3.178
PEAR_FAMILY,WHOLESALE,NL-NB,4423.25,Weekly,2025-04-21,2025-04-27,KG,3.121,3.121
PEAR_FAMILY,WHOLESALE,NL-NB,5079.55,Weekly,2025-04-28,2025-05-04,KG,3.144,3.144
PEAR_FAMILY,WHOLESALE,NL-NB,4681.25,Weekly,2025-05-05,2025-05-11,KG,3.167,3.167
PEAR_FAMILY,WHOLESALE,NL-NB,4921.05,Weekly,2025-05-12,2025-05-18,KG,3.136,3.136
PEAR_FAMILY,WHOLESALE,NL-NB,4467.16,Weekly,2025-05-19,2025-05-25,KG,3.129,3.129
PEAR_FAMILY,WHOLESALE,NL-NB,4263.4400000000005,Weekly,2025-05-26,2025-06-01,KG,3.146,3.146
PEAR_FAMILY,WHOLESALE,NL-NB,4441.24,Weekly,2025-06-02,2025-06-08,KG,3.145,3.145
PEAR_FAMILY,WHOLESALE,NL-NB,4960.33,Weekly,2025-06-09,2025-06-15,KG,3.136,3.136
PEAR_FAMILY,WHOLESALE,NL-NB,5116.18,Weekly,2025-06-16,2025-06-22,KG,3.16,3.16
PEAR_FAMILY,WHOLESALE,NL-NB,4825.8,Weekly,2025-06-23,2025-06-29,KG,3.151,3.151
PEAR_FAMILY,WHOLESALE,NL-NB,4707.34,Weekly,2025-06-30,2025-07-06,KG,3.172,3.172
PEAR_FAMILY,WHOLESALE,NL-NB,5131.82,Weekly,2025-07-07,2025-07-13,KG,3.17,3.17
PEAR_FAMILY,WHOLESALE,NL-NB,5487.14,Weekly,2025-07-14,2025-07-20,KG,3.142,3.142
PEAR_FAMILY,WHOLESALE,NL-NB,5259.74,Weekly,2025-07-21,2025-07-27,KG,3.182,3.182
PEAR_FAMILY,WHOLESALE,NL-NB,5591.95,Weekly,2025-07-28,2025-08-03,KG,2.852,2.852
PEAR_FAMILY,WHOLESALE,NL-NB,6110.7300000000005,Weekly,2025-08-04,2025-08-10,KG,2.542,2.542
PEAR_FAMILY,WHOLESALE,NL-NB,6226.68,Weekly,2025-08-11,2025-08-17,KG,2.537,2.537
PEAR_FAMILY,WHOLESALE,NL-NB,6466.02,Weekly,2025-08-18,2025-08-24,KG,2.558,2.558
PEAR_FAMILY,WHOLESALE,NL-NB,6301.7,Weekly,2025-08-25,2025-08-31,KG,2.535,2.535
PEAR_FAMILY,WHOLESALE,NL-NB,7006.55,Weekly,2025-09-01,2025-09-07,KG,2.534,2.534
PEAR_FAMILY,WHOLESALE,NL-NB,6429.3,Weekly,2025-09-08,2025-09-14,KG,2.545,2.545
PEAR_FAMILY,WHOLESALE,NL-NB,6894.9,Weekly,2025-09-15,2025-09-21,KG,2.531,2.531
PEAR_FAMILY,WHOLESALE,NL-NB,6723.05,Weekly,2025-09-22,2025-09-28,KG,2.541,2.541
PEAR_FAMILY,WHOLESALE,NL-NB,6367.89,Weekly,2025-09-29,2025-10-05,KG,2.526,2.526
PEAR_FAMILY,WHOLESALE,NL-NB,6417.72,Weekly,2025-10-06,2025-10-12,KG,2.545,2.545
PEAR_FAMILY,WHOLESALE,NL-NB,6661.21,Weekly,2025-10-13,2025-10-19,KG,2.549,2.549
PEAR_FAMILY,WHOLESALE,NL-NB,6051.35,Weekly,2025-10-20,2025-10-26,KG,2.55,2.55
PEAR_FAMILY,WHOLESALE,NL-NB,6190.48,Weekly,2025-10-27,2025-11-02,KG,2.688,2.688
PEAR_FAMILY,WHOLESALE,NL-NB,7612.55,Weekly,2025-11-03,2025-11-09,KG,3.114,3.114
PEAR_FAMILY,WHOLESALE,NL-NB,6465.08,Weekly,2025-11-10,2025-11-16,KG,3.163,3.163
PEAR_FAMILY,WHOLESALE,NL-NB,5865.81,Weekly,2025-11-17,2025-11-23,KG,3.145,3.145
PEAR_FAMILY,WHOLESALE,NL-NB,5838.5,Weekly,2025-11-24,2025-11-30,KG,3.193,3.193
PEAR_FAMILY,WHOLESALE,NL-NB,5815.04,Weekly,2025-12-01,2025-12-07,KG,3.117,3.117
PEAR_FAMILY,WHOLESALE,NL-NB,6051.74,Weekly,2025-12-08,2025-12-14,KG,3.138,3.138
PEAR_FAMILY,WHOLESALE,NL-NB,6250.53,Weekly,2025-12-15,2025-12-21,KG,3.131,3.131
PEAR_FAMILY,WHOLESALE,NL-NB,6074.650000000001,Weekly,2025-12-22,2025-12-28,KG,3.154,3.154
PEAR_FAMILY,WHOLESALE,NL-NB,5485.07,Weekly,2025-12-29,2026-01-04,KG,3.157,3.157
PEAR_FAMILY,WHOLESALE,NL-NB,4883.09,Weekly,2026-01-05,2026-01-11,KG,3.146,3.146
PEAR_FAMILY,WHOLESALE,NL-NB,5951.57,Weekly,2026-01-12,2026-01-18,KG,3.155,3.155
PEAR_FAMILY,WHOLESALE,NL-NB,5900.77,Weekly,2026-01-19,2026-01-25,KG,3.17,3.17
PEAR_FAMILY,WHOLESALE,NL-NB,5027.34,Weekly,2026-01-26,2026-02-01,KG,3.167,3.167
PEAR_FAMILY,WHOLESALE,NL-NH,3008.96,Weekly,2023-01-30,2023-02-05,KG,3.297,3.297
PEAR_FAMILY,WHOLESALE,NL-NH,5525.650000000001,Weekly,2023-02-06,2023-02-12,KG,3.228,3.228
PEAR_FAMILY,WHOLESALE,NL-NH,5352.77,Weekly,2023-02-13,2023-02-19,KG,3.28,3.28
PEAR_FAMILY,WHOLESALE,NL-NH,5169.14,Weekly,2023-02-20,2023-02-26,KG,3.232,3.232
PEAR_FAMILY,WHOLESALE,NL-NH,5216.12,Weekly,2023-02-27,2023-03-05,KG,3.246,3.246
PEAR_FAMILY,WHOLESALE,NL-NH,4171.74,Weekly,2023-03-06,2023-03-12,KG,3.224,3.224
PEAR_FAMILY,WHOLESALE,NL-NH,4972.71,Weekly,2023-03-13,2023-03-19,KG,3.267,3.267
PEAR_FAMILY,WHOLESALE,NL-NH,4293.29,Weekly,2023-03-20,2023-03-26,KG,3.215,3.215
PEAR_FAMILY,WHOLESALE,NL-NH,4319.19,Weekly,2023-03-27,2023-04-02,KG,3.201,3.201
PEAR_FAMILY,WHOLESALE,NL-NH,4583.66,Weekly,2023-04-03,2023-04-09,KG,3.23,3.23
PEAR_FAMILY,WHOLESALE,NL-NH,4185.13,Weekly,2023-04-10,2023-04-16,KG,3.259,3.259
PEAR_FAMILY,WHOLESALE,NL-NH,4174.36,Weekly,2023-04-17,2023-04-23,KG,3.241,3.241
PEAR_FAMILY,WHOLESALE,NL-NH,4249.79,Weekly,2023-04-24,2023-04-30,KG,3.273,3.273
PEAR_FAMILY,WHOLESALE,NL-NH,4507.93,Weekly,2023-05-01,2023-05-07,KG,3.267,3.267
PEAR_FAMILY,WHOLESALE,NL-NH,4366.02,Weekly,2023-05-08,2023-05-14,KG,3.236,3.236
PEAR_FAMILY,WHOLESALE,NL-NH,4971.76,Weekly,2023-05-15,2023-05-21,KG,3.251,3.251
PEAR_FAMILY,WHOLESALE,NL-NH,4723.62,Weekly,2023-05-22,2023-05-28,KG,3.232,3.232
PEAR_FAMILY,WHOLESALE,NL-NH,4658.1,Weekly,2023-05-29,2023-06-04,KG,3.235,3.235
PEAR_FAMILY,WHOLESALE,NL-NH,5038.51,Weekly,2023-06-05,2023-06-11,KG,3.232,3.232
PEAR_FAMILY,WHOLESALE,NL-NH,5090.15,Weekly,2023-06-12,2023-06-18,KG,3.236,3.236
PEAR_FAMILY,WHOLESALE,NL-NH,5017.54,Weekly,2023-06-19,2023-06-25,KG,3.225,3.225
PEAR_FAMILY,WHOLESALE,NL-NH,4879.16,Weekly,2023-06-26,2023-07-02,KG,3.245,3.245
PEAR_FAMILY,WHOLESALE,NL-NH,5150.62,Weekly,2023-07-03,2023-07-09,KG,3.216,3.216
PEAR_FAMILY,WHOLESALE,NL-NH,5606.83,Weekly,2023-07-10,2023-07-16,KG,3.257,3.257
PEAR_FAMILY,WHOLESALE,NL-NH,5238.78,Weekly,2023-07-17,2023-07-23,KG,3.236,3.236
PEAR_FAMILY,WHOLESALE,NL-NH,5286.2,Weekly,2023-07-24,2023-07-30,KG,3.238,3.238
PEAR_FAMILY,WHOLESALE,NL-NH,4559.11,Weekly,2023-07-31,2023-08-06,KG,2.685,2.685
PEAR_FAMILY,WHOLESALE,NL-NH,6257.68,Weekly,2023-08-07,2023-08-13,KG,2.621,2.621
PEAR_FAMILY,WHOLESALE,NL-NH,6482.14,Weekly,2023-08-14,2023-08-20,KG,2.598,2.598
PEAR_FAMILY,WHOLESALE,NL-NH,6496.18,Weekly,2023-08-21,2023-08-27,KG,2.595,2.595
PEAR_FAMILY,WHOLESALE,NL-NH,6191.17,Weekly,2023-08-28,2023-09-03,KG,2.617,2.617
PEAR_FAMILY,WHOLESALE,NL-NH,7106.87,Weekly,2023-09-04,2023-09-10,KG,2.602,2.602
PEAR_FAMILY,WHOLESALE,NL-NH,6948.84,Weekly,2023-09-11,2023-09-17,KG,2.623,2.623
PEAR_FAMILY,WHOLESALE,NL-NH,6148.14,Weekly,2023-09-18,2023-09-24,KG,2.623,2.623
PEAR_FAMILY,WHOLESALE,NL-NH,7703.16,Weekly,2023-09-25,2023-10-01,KG,2.61,2.61
PEAR_FAMILY,WHOLESALE,NL-NH,7663.99,Weekly,2023-10-02,2023-10-08,KG,2.626,2.626
PEAR_FAMILY,WHOLESALE,NL-NH,6412.76,Weekly,2023-10-09,2023-10-15,KG,2.606,2.606
PEAR_FAMILY,WHOLESALE,NL-NH,6197.88,Weekly,2023-10-16,2023-10-22,KG,2.616,2.616
PEAR_FAMILY,WHOLESALE,NL-NH,5530.28,Weekly,2023-10-23,2023-10-29,KG,2.604,2.604
PEAR_FAMILY,WHOLESALE,NL-NH,5460.27,Weekly,2023-10-30,2023-11-05,KG,3.071,3.071
PEAR_FAMILY,WHOLESALE,NL-NH,5964.01,Weekly,2023-11-06,2023-11-12,KG,3.279,3.279
PEAR_FAMILY,WHOLESALE,NL-NH,5896.89,Weekly,2023-11-13,2023-11-19,KG,3.224,3.224
PEAR_FAMILY,WHOLESALE,NL-NH,6762.2300000000005,Weekly,2023-11-20,2023-11-26,KG,3.207,3.207
PEAR_FAMILY,WHOLESALE,NL-NH,5815.0,Weekly,2023-11-27,2023-12-03,KG,3.243,3.243
PEAR_FAMILY,WHOLESALE,NL-NH,5705.41,Weekly,2023-12-04,2023-12-10,KG,3.259,3.259
PEAR_FAMILY,WHOLESALE,NL-NH,6438.75,Weekly,2023-12-11,2023-12-17,KG,3.263,3.263
PEAR_FAMILY,WHOLESALE,NL-NH,5624.96,Weekly,2023-12-18,2023-12-24,KG,3.254,3.254
PEAR_FAMILY,WHOLESALE,NL-NH,5505.03,Weekly,2023-12-25,2023-12-31,KG,3.246,3.246
PEAR_FAMILY,WHOLESALE,NL-NH,5487.04,Weekly,2024-01-01,2024-01-07,KG,3.232,3.232
PEAR_FAMILY,WHOLESALE,NL-NH,5697.48,Weekly,2024-01-08,2024-01-14,KG,3.236,3.236
PEAR_FAMILY,WHOLESALE,NL-NH,5493.71,Weekly,2024-01-15,2024-01-21,KG,3.232,3.232
PEAR_FAMILY,WHOLESALE,NL-NH,5711.64,Weekly,2024-01-22,2024-01-28,KG,3.264,3.264
PEAR_FAMILY,WHOLESALE,NL-NH,5403.04,Weekly,2024-01-29,2024-02-04,KG,3.246,3.246
PEAR_FAMILY,WHOLESALE,NL-NH,4690.88,Weekly,2024-02-05,2024-02-11,KG,3.234,3.234
PEAR_FAMILY,WHOLESALE,NL-NH,5094.55,Weekly,2024-02-12,2024-02-18,KG,3.265,3.265
PEAR_FAMILY,WHOLESALE,NL-NH,4572.97,Weekly,2024-02-19,2024-02-25,KG,3.236,3.236
PEAR_FAMILY,WHOLESALE,NL-NH,4992.62,Weekly,2024-02-26,2024-03-03,KG,3.251,3.251
PEAR_FAMILY,WHOLESALE,NL-NH,5452.15,Weekly,2024-03-04,2024-03-10,KG,3.243,3.243
PEAR_FAMILY,WHOLESALE,NL-NH,4860.01,Weekly,2024-03-11,2024-03-17,KG,3.257,3.257
PEAR_FAMILY,WHOLESALE,NL-NH,4964.19,Weekly,2024-03-18,2024-03-24,KG,3.273,3.273
PEAR_FAMILY,WHOLESALE,NL-NH,4917.24,Weekly,2024-03-25,2024-03-31,KG,3.219,3.219
PEAR_FAMILY,WHOLESALE,NL-NH,4404.65,Weekly,2024-04-01,2024-04-07,KG,3.264,3.264
PEAR_FAMILY,WHOLESALE,NL-NH,5044.25,Weekly,2024-04-08,2024-04-14,KG,3.244,3.244
PEAR_FAMILY,WHOLESALE,NL-NH,3717.0099999999998,Weekly,2024-04-15,2024-04-21,KG,3.236,3.236
PEAR_FAMILY,WHOLESALE,NL-NH,4255.6,Weekly,2024-04-22,2024-04-28,KG,3.262,3.262
PEAR_FAMILY,WHOLESALE,NL-NH,4460.27,Weekly,2024-04-29,2024-05-05,KG,3.247,3.247
PEAR_FAMILY,WHOLESALE,NL-NH,4979.74,Weekly,2024-05-06,2024-05-12,KG,3.235,3.235
PEAR_FAMILY,WHOLESALE,NL-NH,4729.3,Weekly,2024-05-13,2024-05-19,KG,3.234,3.234
PEAR_FAMILY,WHOLESALE,NL-NH,3804.6,Weekly,2024-05-20,2024-05-26,KG,3.261,3.261
PEAR_FAMILY,WHOLESALE,NL-NH,4138.25,Weekly,2024-05-27,2024-06-02,KG,3.25,3.25
PEAR_FAMILY,WHOLESALE,NL-NH,4654.88,Weekly,2024-06-03,2024-06-09,KG,3.253,3.253
PEAR_FAMILY,WHOLESALE,NL-NH,4184.78,Weekly,2024-06-10,2024-06-16,KG,3.249,3.249
PEAR_FAMILY,WHOLESALE,NL-NH,4694.92,Weekly,2024-06-17,2024-06-23,KG,3.234,3.234
PEAR_FAMILY,WHOLESALE,NL-NH,5330.36,Weekly,2024-06-24,2024-06-30,KG,3.237,3.237
PEAR_FAMILY,WHOLESALE,NL-NH,3986.75,Weekly,2024-07-01,2024-07-07,KG,3.259,3.259
PEAR_FAMILY,WHOLESALE,NL-NH,4753.07,Weekly,2024-07-08,2024-07-14,KG,3.225,3.225
PEAR_FAMILY,WHOLESALE,NL-NH,5310.68,Weekly,2024-07-15,2024-07-21,KG,3.209,3.224
PEAR_FAMILY,WHOLESALE,NL-NH,5844.41,Weekly,2024-07-22,2024-07-28,KG,3.206,3.228
PEAR_FAMILY,WHOLESALE,NL-NH,6284.74,Weekly,2024-07-29,2024-08-04,KG,2.897,2.897
PEAR_FAMILY,WHOLESALE,NL-NH,6078.49,Weekly,2024-08-05,2024-08-11,KG,2.609,2.609
PEAR_FAMILY,WHOLESALE,NL-NH,6257.87,Weekly,2024-08-12,2024-08-18,KG,2.612,2.612
PEAR_FAMILY,WHOLESALE,NL-NH,5997.61,Weekly,2024-08-19,2024-08-25,KG,2.627,2.627
PEAR_FAMILY,WHOLESALE,NL-NH,6954.21,Weekly,2024-08-26,2024-09-01,KG,2.571,2.571
PEAR_FAMILY,WHOLESALE,NL-NH,6836.48,Weekly,2024-09-02,2024-09-08,KG,2.626,2.626
PEAR_FAMILY,WHOLESALE,NL-NH,6268.16,Weekly,2024-09-09,2024-09-15,KG,2.611,2.611
PEAR_FAMILY,WHOLESALE,NL-NH,7722.51,Weekly,2024-09-16,2024-09-22,KG,2.631,2.631
PEAR_FAMILY,WHOLESALE,NL-NH,5728.13,Weekly,2024-09-23,2024-09-29,KG,2.616,2.616
PEAR_FAMILY,WHOLESALE,NL-NH,6259.3,Weekly,2024-09-30,2024-10-06,KG,2.619,2.619
PEAR_FAMILY,WHOLESALE,NL-NH,6824.62,Weekly,2024-10-07,2024-10-13,KG,2.652,2.652
PEAR_FAMILY,WHOLESALE,NL-NH,6950.99,Weekly,2024-10-14,2024-10-20,KG,2.607,2.607
PEAR_FAMILY,WHOLESALE,NL-NH,7557.18,Weekly,2024-10-21,2024-10-27,KG,2.613,2.613
PEAR_FAMILY,WHOLESALE,NL-NH,7151.4,Weekly,2024-10-28,2024-11-03,KG,2.845,2.845
PEAR_FAMILY,WHOLESALE,NL-NH,6556.8,Weekly,2024-11-04,2024-11-10,KG,3.241,3.241
PEAR_FAMILY,WHOLESALE,NL-NH,6579.37,Weekly,2024-11-11,2024-11-17,KG,3.265,3.265
PEAR_FAMILY,WHOLESALE,NL-NH,5332.22,Weekly,2024-11-18,2024-11-24,KG,3.24,3.24
PEAR_FAMILY,WHOLESALE,NL-NH,6320.63,Weekly,2024-11-25,2024-12-01,KG,3.237,3.237
PEAR_FAMILY,WHOLESALE,NL-NH,5675.96,Weekly,2024-12-02,2024-12-08,KG,3.233,3.233
PEAR_FAMILY,WHOLESALE,NL-NH,6189.35,Weekly,2024-12-09,2024-12-15,KG,3.257,3.257
PEAR_FAMILY,WHOLESALE,NL-NH,5829.3,Weekly,2024-12-16,2024-12-22,KG,3.258,3.258
PEAR_FAMILY,WHOLESALE,NL-NH,6033.1,Weekly,2024-12-23,2024-12-29,KG,3.268,3.268
PEAR_FAMILY,WHOLESALE,NL-NH,5503.81,Weekly,2024-12-30,2025-01-05,KG,3.266,3.266
PEAR_FAMILY,WHOLESALE,NL-NH,5505.2,Weekly,2025-01-06,2025-01-12,KG,3.221,3.221
PEAR_FAMILY,WHOLESALE,NL-NH,5714.21,Weekly,2025-01-13,2025-01-19,KG,3.251,3.251
PEAR_FAMILY,WHOLESALE,NL-NH,5121.26,Weekly,2025-01-20,2025-01-26,KG,3.259,3.259
PEAR_FAMILY,WHOLESALE,NL-NH,5764.0,Weekly,2025-01-27,2025-02-02,KG,3.223,3.223
PEAR_FAMILY,WHOLESALE,NL-NH,5613.65,Weekly,2025-02-03,2025-02-09,KG,3.234,3.234
PEAR_FAMILY,WHOLESALE,NL-NH,4772.91,Weekly,2025-02-10,2025-02-16,KG,3.291,3.291
PEAR_FAMILY,WHOLESALE,NL-NH,5439.16,Weekly,2025-02-17,2025-02-23,KG,3.272,3.272
PEAR_FAMILY,WHOLESALE,NL-NH,5338.11,Weekly,2025-02-24,2025-03-02,KG,3.241,3.241
PEAR_FAMILY,WHOLESALE,NL-NH,5904.84,Weekly,2025-03-03,2025-03-09,KG,3.285,3.285
PEAR_FAMILY,WHOLESALE,NL-NH,5348.8,Weekly,2025-03-10,2025-03-16,KG,3.269,3.269
PEAR_FAMILY,WHOLESALE,NL-NH,5590.21,Weekly,2025-03-17,2025-03-23,KG,3.269,3.269
PEAR_FAMILY,WHOLESALE,NL-NH,5258.46,Weekly,2025-03-24,2025-03-30,KG,3.258,3.258
PEAR_FAMILY,WHOLESALE,NL-NH,5629.21,Weekly,2025-03-31,2025-04-06,KG,3.263,3.263
PEAR_FAMILY,WHOLESALE,NL-NH,5387.76,Weekly,2025-04-07,2025-04-13,KG,3.247,3.247
PEAR_FAMILY,WHOLESALE,NL-NH,4884.4,Weekly,2025-04-14,2025-04-20,KG,3.291,3.291
PEAR_FAMILY,WHOLESALE,NL-NH,4347.02,Weekly,2025-04-21,2025-04-27,KG,3.222,3.222
PEAR_FAMILY,WHOLESALE,NL-NH,5233.37,Weekly,2025-04-28,2025-05-04,KG,3.254,3.254
PEAR_FAMILY,WHOLESALE,NL-NH,4917.62,Weekly,2025-05-05,2025-05-11,KG,3.263,3.263
PEAR_FAMILY,WHOLESALE,NL-NH,5188.18,Weekly,2025-05-12,2025-05-18,KG,3.239,3.239
PEAR_FAMILY,WHOLESALE,NL-NH,4652.03,Weekly,2025-05-19,2025-05-25,KG,3.244,3.244
PEAR_FAMILY,WHOLESALE,NL-NH,4299.63,Weekly,2025-05-26,2025-06-01,KG,3.268,3.268
PEAR_FAMILY,WHOLESALE,NL-NH,4276.86,Weekly,2025-06-02,2025-06-08,KG,3.251,3.251
PEAR_FAMILY,WHOLESALE,NL-NH,5089.42,Weekly,2025-06-09,2025-06-15,KG,3.261,3.261
PEAR_FAMILY,WHOLESALE,NL-NH,5079.17,Weekly,2025-06-16,2025-06-22,KG,3.223,3.223
PEAR_FAMILY,WHOLESALE,NL-NH,5210.57,Weekly,2025-06-23,2025-06-29,KG,3.232,3.232
PEAR_FAMILY,WHOLESALE,NL-NH,5073.41,Weekly,2025-06-30,2025-07-06,KG,3.248,3.248
PEAR_FAMILY,WHOLESALE,NL-NH,5365.79,Weekly,2025-07-07,2025-07-13,KG,3.215,3.215
PEAR_FAMILY,WHOLESALE,NL-NH,5250.49,Weekly,2025-07-14,2025-07-20,KG,3.26,3.26
PEAR_FAMILY,WHOLESALE,NL-NH,5300.08,Weekly,2025-07-21,2025-07-27,KG,3.262,3.262
PEAR_FAMILY,WHOLESALE,NL-NH,5513.97,Weekly,2025-07-28,2025-08-03,KG,3.005,3.005
PEAR_FAMILY,WHOLESALE,NL-NH,6019.49,Weekly,2025-08-04,2025-08-10,KG,2.599,2.599
PEAR_FAMILY,WHOLESALE,NL-NH,6398.18,Weekly,2025-08-11,2025-08-17,KG,2.608,2.608
PEAR_FAMILY,WHOLESALE,NL-NH,6622.2,Weekly,2025-08-18,2025-08-24,KG,2.622,2.622
PEAR_FAMILY,WHOLESALE,NL-NH,6704.11,Weekly,2025-08-25,2025-08-31,KG,2.579,2.579
PEAR_FAMILY,WHOLESALE,NL-NH,6945.15,Weekly,2025-09-01,2025-09-07,KG,2.603,2.603
PEAR_FAMILY,WHOLESALE,NL-NH,6275.73,Weekly,2025-09-08,2025-09-14,KG,2.616,2.616
PEAR_FAMILY,WHOLESALE,NL-NH,5818.03,Weekly,2025-09-15,2025-09-21,KG,2.585,2.585
PEAR_FAMILY,WHOLESALE,NL-NH,7215.89,Weekly,2025-09-22,2025-09-28,KG,2.619,2.619
PEAR_FAMILY,WHOLESALE,NL-NH,6289.47,Weekly,2025-09-29,2025-10-05,KG,2.61,2.61
PEAR_FAMILY,WHOLESALE,NL-NH,6821.49,Weekly,2025-10-06,2025-10-12,KG,2.619,2.619
PEAR_FAMILY,WHOLESALE,NL-NH,6934.19,Weekly,2025-10-13,2025-10-19,KG,2.618,2.618
PEAR_FAMILY,WHOLESALE,NL-NH,5716.59,Weekly,2025-10-20,2025-10-26,KG,2.649,2.649
PEAR_FAMILY,WHOLESALE,NL-NH,6132.1,Weekly,2025-10-27,2025-11-02,KG,2.749,2.749
PEAR_FAMILY,WHOLESALE,NL-NH,7413.23,Weekly,2025-11-03,2025-11-09,KG,3.277,3.277
PEAR_FAMILY,WHOLESALE,NL-NH,6462.63,Weekly,2025-11-10,2025-11-16,KG,3.23,3.23
PEAR_FAMILY,WHOLESALE,NL-NH,5898.4800000000005,Weekly,2025-11-17,2025-11-23,KG,3.229,3.229
PEAR_FAMILY,WHOLESALE,NL-NH,6626.32,Weekly,2025-11-24,2025-11-30,KG,3.242,3.242
PEAR_FAMILY,WHOLESALE,NL-NH,6045.81,Weekly,2025-12-01,2025-12-07,KG,3.244,3.244
PEAR_FAMILY,WHOLESALE,NL-NH,6563.41,Weekly,2025-12-08,2025-12-14,KG,3.199,3.199
PEAR_FAMILY,WHOLESALE,NL-NH,6419.8,Weekly,2025-12-15,2025-12-21,KG,3.248,3.248
PEAR_FAMILY,WHOLESALE,NL-NH,6452.78,Weekly,2025-12-22,2025-12-28,KG,3.221,3.221
PEAR_FAMILY,WHOLESALE,NL-NH,5347.23,Weekly,2025-12-29,2026-01-04,KG,3.267,3.267
PEAR_FAMILY,WHOLESALE,NL-NH,5160.49,Weekly,2026-01-05,2026-01-11,KG,3.255,3.255
PEAR_FAMILY,WHOLESALE,NL-NH,5813.38,Weekly,2026-01-12,2026-01-18,KG,3.215,3.215
PEAR_FAMILY,WHOLESALE,NL-NH,5978.91,Weekly,2026-01-19,2026-01-25,KG,3.267,3.267
PEAR_FAMILY,WHOLESALE,NL-NH,5140.57,Weekly,2026-01-26,2026-02-01,KG,3.219,3.219
PEAR_FAMILY,WHOLESALE,NL-ZH,3324.94,Weekly,2023-01-30,2023-02-05,KG,3.356,3.356
PEAR_FAMILY,WHOLESALE,NL-ZH,5914.63,Weekly,2023-02-06,2023-02-12,KG,3.37,3.37
PEAR_FAMILY,WHOLESALE,NL-ZH,5804.389999999999,Weekly,2023-02-13,2023-02-19,KG,3.317,3.317
PEAR_FAMILY,WHOLESALE,NL-ZH,5388.26,Weekly,2023-02-20,2023-02-26,KG,3.337,3.337
PEAR_FAMILY,WHOLESALE,NL-ZH,5387.17,Weekly,2023-02-27,2023-03-05,KG,3.373,3.373
PEAR_FAMILY,WHOLESALE,NL-ZH,4099.86,Weekly,2023-03-06,2023-03-12,KG,3.354,3.354
PEAR_FAMILY,WHOLESALE,NL-ZH,5037.71,Weekly,2023-03-13,2023-03-19,KG,3.38,3.38
PEAR_FAMILY,WHOLESALE,NL-ZH,4577.43,Weekly,2023-03-20,2023-03-26,KG,3.341,3.341
PEAR_FAMILY,WHOLESALE,NL-ZH,4552.49,Weekly,2023-03-27,2023-04-02,KG,3.329,3.329
PEAR_FAMILY,WHOLESALE,NL-ZH,4750.32,Weekly,2023-04-03,2023-04-09,KG,3.374,3.374
PEAR_FAMILY,WHOLESALE,NL-ZH,4389.49,Weekly,2023-04-10,2023-04-16,KG,3.34,3.34
PEAR_FAMILY,WHOLESALE,NL-ZH,4464.87,Weekly,2023-04-17,2023-04-23,KG,3.317,3.317
PEAR_FAMILY,WHOLESALE,NL-ZH,4225.11,Weekly,2023-04-24,2023-04-30,KG,3.342,3.342
PEAR_FAMILY,WHOLESALE,NL-ZH,5080.38,Weekly,2023-05-01,2023-05-07,KG,3.349,3.349
PEAR_FAMILY,WHOLESALE,NL-ZH,3953.65,Weekly,2023-05-08,2023-05-14,KG,3.338,3.338
PEAR_FAMILY,WHOLESALE,NL-ZH,4792.18,Weekly,2023-05-15,2023-05-21,KG,3.375,3.375
PEAR_FAMILY,WHOLESALE,NL-ZH,5149.92,Weekly,2023-05-22,2023-05-28,KG,3.318,3.318
PEAR_FAMILY,WHOLESALE,NL-ZH,4882.110000000001,Weekly,2023-05-29,2023-06-04,KG,3.36,3.36
PEAR_FAMILY,WHOLESALE,NL-ZH,5248.62,Weekly,2023-06-05,2023-06-11,KG,3.349,3.349
PEAR_FAMILY,WHOLESALE,NL-ZH,5180.68,Weekly,2023-06-12,2023-06-18,KG,3.335,3.335
PEAR_FAMILY,WHOLESALE,NL-ZH,5222.28,Weekly,2023-06-19,2023-06-25,KG,3.352,3.352
PEAR_FAMILY,WHOLESALE,NL-ZH,5272.71,Weekly,2023-06-26,2023-07-02,KG,3.335,3.335
PEAR_FAMILY,WHOLESALE,NL-ZH,4840.96,Weekly,2023-07-03,2023-07-09,KG,3.3,3.3
PEAR_FAMILY,WHOLESALE,NL-ZH,5711.78,Weekly,2023-07-10,2023-07-16,KG,3.327,3.327
PEAR_FAMILY,WHOLESALE,NL-ZH,5466.42,Weekly,2023-07-17,2023-07-23,KG,3.339,3.339
PEAR_FAMILY,WHOLESALE,NL-ZH,5199.4400000000005,Weekly,2023-07-24,2023-07-30,KG,3.326,3.326
PEAR_FAMILY,WHOLESALE,NL-ZH,4539.99,Weekly,2023-07-31,2023-08-06,KG,2.743,2.743
PEAR_FAMILY,WHOLESALE,NL-ZH,6248.25,Weekly,2023-08-07,2023-08-13,KG,2.681,2.681
PEAR_FAMILY,WHOLESALE,NL-ZH,6686.85,Weekly,2023-08-14,2023-08-20,KG,2.694,2.694
PEAR_FAMILY,WHOLESALE,NL-ZH,6218.24,Weekly,2023-08-21,2023-08-27,KG,2.692,2.692
PEAR_FAMILY,WHOLESALE,NL-ZH,6577.03,Weekly,2023-08-28,2023-09-03,KG,2.693,2.693
PEAR_FAMILY,WHOLESALE,NL-ZH,7480.05,Weekly,2023-09-04,2023-09-10,KG,2.682,2.682
PEAR_FAMILY,WHOLESALE,NL-ZH,7295.24,Weekly,2023-09-11,2023-09-17,KG,2.678,2.678
PEAR_FAMILY,WHOLESALE,NL-ZH,6523.7,Weekly,2023-09-18,2023-09-24,KG,2.698,2.698
PEAR_FAMILY,WHOLESALE,NL-ZH,8337.8,Weekly,2023-09-25,2023-10-01,KG,2.696,2.696
PEAR_FAMILY,WHOLESALE,NL-ZH,7840.66,Weekly,2023-10-02,2023-10-08,KG,2.682,2.682
PEAR_FAMILY,WHOLESALE,NL-ZH,6941.12,Weekly,2023-10-09,2023-10-15,KG,2.663,2.663
PEAR_FAMILY,WHOLESALE,NL-ZH,6514.47,Weekly,2023-10-16,2023-10-22,KG,2.689,2.689
PEAR_FAMILY,WHOLESALE,NL-ZH,5577.14,Weekly,2023-10-23,2023-10-29,KG,2.7,2.7
PEAR_FAMILY,WHOLESALE,NL-ZH,5412.47,Weekly,2023-10-30,2023-11-05,KG,3.143,3.143
PEAR_FAMILY,WHOLESALE,NL-ZH,6409.2,Weekly,2023-11-06,2023-11-12,KG,3.327,3.327
PEAR_FAMILY,WHOLESALE,NL-ZH,6164.51,Weekly,2023-11-13,2023-11-19,KG,3.354,3.354
PEAR_FAMILY,WHOLESALE,NL-ZH,6729.37,Weekly,2023-11-20,2023-11-26,KG,3.326,3.326
PEAR_FAMILY,WHOLESALE,NL-ZH,5924.67,Weekly,2023-11-27,2023-12-03,KG,3.279,3.279
PEAR_FAMILY,WHOLESALE,NL-ZH,6202.610000000001,Weekly,2023-12-04,2023-12-10,KG,3.339,3.339
PEAR_FAMILY,WHOLESALE,NL-ZH,6445.09,Weekly,2023-12-11,2023-12-17,KG,3.337,3.337
PEAR_FAMILY,WHOLESALE,NL-ZH,5792.9,Weekly,2023-12-18,2023-12-24,KG,3.349,3.349
PEAR_FAMILY,WHOLESALE,NL-ZH,5833.95,Weekly,2023-12-25,2023-12-31,KG,3.329,3.329
PEAR_FAMILY,WHOLESALE,NL-ZH,5526.07,Weekly,2024-01-01,2024-01-07,KG,3.364,3.364
PEAR_FAMILY,WHOLESALE,NL-ZH,6002.89,Weekly,2024-01-08,2024-01-14,KG,3.357,3.357
PEAR_FAMILY,WHOLESALE,NL-ZH,5754.96,Weekly,2024-01-15,2024-01-21,KG,3.359,3.359
PEAR_FAMILY,WHOLESALE,NL-ZH,6155.94,Weekly,2024-01-22,2024-01-28,KG,3.325,3.325
PEAR_FAMILY,WHOLESALE,NL-ZH,6032.06,Weekly,2024-01-29,2024-02-04,KG,3.334,3.334
PEAR_FAMILY,WHOLESALE,NL-ZH,5113.86,Weekly,2024-02-05,2024-02-11,KG,3.367,3.367
PEAR_FAMILY,WHOLESALE,NL-ZH,5543.64,Weekly,2024-02-12,2024-02-18,KG,3.309,3.309
PEAR_FAMILY,WHOLESALE,NL-ZH,4993.77,Weekly,2024-02-19,2024-02-25,KG,3.335,3.335
PEAR_FAMILY,WHOLESALE,NL-ZH,4734.4800000000005,Weekly,2024-02-26,2024-03-03,KG,3.372,3.372
PEAR_FAMILY,WHOLESALE,NL-ZH,5482.7300000000005,Weekly,2024-03-04,2024-03-10,KG,3.35,3.35
PEAR_FAMILY,WHOLESALE,NL-ZH,4878.58,Weekly,2024-03-11,2024-03-17,KG,3.35,3.35
PEAR_FAMILY,WHOLESALE,NL-ZH,5032.09,Weekly,2024-03-18,2024-03-24,KG,3.346,3.346
PEAR_FAMILY,WHOLESALE,NL-ZH,4974.28,Weekly,2024-03-25,2024-03-31,KG,3.361,3.361
PEAR_FAMILY,WHOLESALE,NL-ZH,4562.280000000001,Weekly,2024-04-01,2024-04-07,KG,3.354,3.354
PEAR_FAMILY,WHOLESALE,NL-ZH,5059.69,Weekly,2024-04-08,2024-04-14,KG,3.35,3.35
PEAR_FAMILY,WHOLESALE,NL-ZH,3885.65,Weekly,2024-04-15,2024-04-21,KG,3.332,3.332
PEAR_FAMILY,WHOLESALE,NL-ZH,4291.72,Weekly,2024-04-22,2024-04-28,KG,3.336,3.336
PEAR_FAMILY,WHOLESALE,NL-ZH,4722.56,Weekly,2024-04-29,2024-05-05,KG,3.35,3.35
PEAR_FAMILY,WHOLESALE,NL-ZH,5098.52,Weekly,2024-05-06,2024-05-12,KG,3.336,3.336
PEAR_FAMILY,WHOLESALE,NL-ZH,4584.8,Weekly,2024-05-13,2024-05-19,KG,3.338,3.338
PEAR_FAMILY,WHOLESALE,NL-ZH,3780.17,Weekly,2024-05-20,2024-05-26,KG,3.313,3.313
PEAR_FAMILY,WHOLESALE,NL-ZH,4481.62,Weekly,2024-05-27,2024-06-02,KG,3.352,3.352
PEAR_FAMILY,WHOLESALE,NL-ZH,4777.38,Weekly,2024-06-03,2024-06-09,KG,3.343,3.343
PEAR_FAMILY,WHOLESALE,NL-ZH,4372.05,Weekly,2024-06-10,2024-06-16,KG,3.359,3.359
PEAR_FAMILY,WHOLESALE,NL-ZH,4942.09,Weekly,2024-06-17,2024-06-23,KG,3.366,3.366
PEAR_FAMILY,WHOLESALE,NL-ZH,5341.31,Weekly,2024-06-24,2024-06-30,KG,3.333,3.333
PEAR_FAMILY,WHOLESALE,NL-ZH,4109.11,Weekly,2024-07-01,2024-07-07,KG,3.377,3.377
PEAR_FAMILY,WHOLESALE,NL-ZH,4899.5,Weekly,2024-07-08,2024-07-14,KG,3.345,3.35
PEAR_FAMILY,WHOLESALE,NL-ZH,5967.72,Weekly,2024-07-15,2024-07-21,KG,3.296,3.337
PEAR_FAMILY,WHOLESALE,NL-ZH,5617.68,Weekly,2024-07-22,2024-07-28,KG,3.332,3.344
PEAR_FAMILY,WHOLESALE,NL-ZH,5949.86,Weekly,2024-07-29,2024-08-04,KG,3.002,3.002
PEAR_FAMILY,WHOLESALE,NL-ZH,6422.0,Weekly,2024-08-05,2024-08-11,KG,2.697,2.697
PEAR_FAMILY,WHOLESALE,NL-ZH,6693.05,Weekly,2024-08-12,2024-08-18,KG,2.673,2.673
PEAR_FAMILY,WHOLESALE,NL-ZH,6130.87,Weekly,2024-08-19,2024-08-25,KG,2.665,2.665
PEAR_FAMILY,WHOLESALE,NL-ZH,7264.33,Weekly,2024-08-26,2024-09-01,KG,2.681,2.681
PEAR_FAMILY,WHOLESALE,NL-ZH,7053.53,Weekly,2024-09-02,2024-09-08,KG,2.719,2.719
PEAR_FAMILY,WHOLESALE,NL-ZH,6278.33,Weekly,2024-09-09,2024-09-15,KG,2.675,2.675
PEAR_FAMILY,WHOLESALE,NL-ZH,7646.34,Weekly,2024-09-16,2024-09-22,KG,2.661,2.661
PEAR_FAMILY,WHOLESALE,NL-ZH,5631.29,Weekly,2024-09-23,2024-09-29,KG,2.683,2.683
PEAR_FAMILY,WHOLESALE,NL-ZH,6696.62,Weekly,2024-09-30,2024-10-06,KG,2.693,2.693
PEAR_FAMILY,WHOLESALE,NL-ZH,6847.74,Weekly,2024-10-07,2024-10-13,KG,2.715,2.715
PEAR_FAMILY,WHOLESALE,NL-ZH,6937.96,Weekly,2024-10-14,2024-10-20,KG,2.684,2.684
PEAR_FAMILY,WHOLESALE,NL-ZH,7466.85,Weekly,2024-10-21,2024-10-27,KG,2.694,2.694
PEAR_FAMILY,WHOLESALE,NL-ZH,7222.64,Weekly,2024-10-28,2024-11-03,KG,2.969,2.969
PEAR_FAMILY,WHOLESALE,NL-ZH,6906.150000000001,Weekly,2024-11-04,2024-11-10,KG,3.299,3.299
PEAR_FAMILY,WHOLESALE,NL-ZH,6630.51,Weekly,2024-11-11,2024-11-17,KG,3.323,3.323
PEAR_FAMILY,WHOLESALE,NL-ZH,5617.47,Weekly,2024-11-18,2024-11-24,KG,3.358,3.358
PEAR_FAMILY,WHOLESALE,NL-ZH,6432.88,Weekly,2024-11-25,2024-12-01,KG,3.373,3.373
PEAR_FAMILY,WHOLESALE,NL-ZH,6048.7,Weekly,2024-12-02,2024-12-08,KG,3.302,3.302
PEAR_FAMILY,WHOLESALE,NL-ZH,6440.68,Weekly,2024-12-09,2024-12-15,KG,3.334,3.334
PEAR_FAMILY,WHOLESALE,NL-ZH,5946.33,Weekly,2024-12-16,2024-12-22,KG,3.355,3.355
PEAR_FAMILY,WHOLESALE,NL-ZH,6249.57,Weekly,2024-12-23,2024-12-29,KG,3.356,3.356
PEAR_FAMILY,WHOLESALE,NL-ZH,5586.39,Weekly,2024-12-30,2025-01-05,KG,3.394,3.394
PEAR_FAMILY,WHOLESALE,NL-ZH,5914.72,Weekly,2025-01-06,2025-01-12,KG,3.382,3.382
PEAR_FAMILY,WHOLESALE,NL-ZH,5820.2,Weekly,2025-01-13,2025-01-19,KG,3.36,3.36
PEAR_FAMILY,WHOLESALE,NL-ZH,5318.17,Weekly,2025-01-20,2025-01-26,KG,3.284,3.284
PEAR_FAMILY,WHOLESALE,NL-ZH,5980.71,Weekly,2025-01-27,2025-02-02,KG,3.332,3.332
PEAR_FAMILY,WHOLESALE,NL-ZH,5785.96,Weekly,2025-02-03,2025-02-09,KG,3.366,3.366
PEAR_FAMILY,WHOLESALE,NL-ZH,5044.13,Weekly,2025-02-10,2025-02-16,KG,3.358,3.358
PEAR_FAMILY,WHOLESALE,NL-ZH,5508.08,Weekly,2025-02-17,2025-02-23,KG,3.315,3.315
PEAR_FAMILY,WHOLESALE,NL-ZH,5332.5599999999995,Weekly,2025-02-24,2025-03-02,KG,3.344,3.344
PEAR_FAMILY,WHOLESALE,NL-ZH,6169.25,Weekly,2025-03-03,2025-03-09,KG,3.379,3.379
PEAR_FAMILY,WHOLESALE,NL-ZH,5560.86,Weekly,2025-03-10,2025-03-16,KG,3.38,3.38
PEAR_FAMILY,WHOLESALE,NL-ZH,5849.83,Weekly,2025-03-17,2025-03-23,KG,3.334,3.334
PEAR_FAMILY,WHOLESALE,NL-ZH,5290.1,Weekly,2025-03-24,2025-03-30,KG,3.347,3.347
PEAR_FAMILY,WHOLESALE,NL-ZH,5847.07,Weekly,2025-03-31,2025-04-06,KG,3.326,3.326
PEAR_FAMILY,WHOLESALE,NL-ZH,5485.72,Weekly,2025-04-07,2025-04-13,KG,3.353,3.353
PEAR_FAMILY,WHOLESALE,NL-ZH,5057.29,Weekly,2025-04-14,2025-04-20,KG,3.338,3.338
PEAR_FAMILY,WHOLESALE,NL-ZH,4754.02,Weekly,2025-04-21,2025-04-27,KG,3.387,3.387
PEAR_FAMILY,WHOLESALE,NL-ZH,5149.2,Weekly,2025-04-28,2025-05-04,KG,3.37,3.37
PEAR_FAMILY,WHOLESALE,NL-ZH,5117.86,Weekly,2025-05-05,2025-05-11,KG,3.369,3.369
PEAR_FAMILY,WHOLESALE,NL-ZH,5176.1,Weekly,2025-05-12,2025-05-18,KG,3.351,3.351
PEAR_FAMILY,WHOLESALE,NL-ZH,4771.15,Weekly,2025-05-19,2025-05-25,KG,3.387,3.387
PEAR_FAMILY,WHOLESALE,NL-ZH,4498.0599999999995,Weekly,2025-05-26,2025-06-01,KG,3.339,3.339
PEAR_FAMILY,WHOLESALE,NL-ZH,4431.68,Weekly,2025-06-02,2025-06-08,KG,3.339,3.339
PEAR_FAMILY,WHOLESALE,NL-ZH,4989.54,Weekly,2025-06-09,2025-06-15,KG,3.39,3.39
PEAR_FAMILY,WHOLESALE,NL-ZH,5378.88,Weekly,2025-06-16,2025-06-22,KG,3.354,3.354
PEAR_FAMILY,WHOLESALE,NL-ZH,5255.84,Weekly,2025-06-23,2025-06-29,KG,3.359,3.359
PEAR_FAMILY,WHOLESALE,NL-ZH,5067.72,Weekly,2025-06-30,2025-07-06,KG,3.337,3.337
PEAR_FAMILY,WHOLESALE,NL-ZH,5667.72,Weekly,2025-07-07,2025-07-13,KG,3.344,3.344
PEAR_FAMILY,WHOLESALE,NL-ZH,5611.51,Weekly,2025-07-14,2025-07-20,KG,3.312,3.312
PEAR_FAMILY,WHOLESALE,NL-ZH,5661.09,Weekly,2025-07-21,2025-07-27,KG,3.331,3.331
PEAR_FAMILY,WHOLESALE,NL-ZH,5684.88,Weekly,2025-07-28,2025-08-03,KG,3.142,3.142
PEAR_FAMILY,WHOLESALE,NL-ZH,6537.26,Weekly,2025-08-04,2025-08-10,KG,2.718,2.718
PEAR_FAMILY,WHOLESALE,NL-ZH,6432.46,Weekly,2025-08-11,2025-08-17,KG,2.69,2.69
PEAR_FAMILY,WHOLESALE,NL-ZH,6962.23,Weekly,2025-08-18,2025-08-24,KG,2.684,2.684
PEAR_FAMILY,WHOLESALE,NL-ZH,6617.81,Weekly,2025-08-25,2025-08-31,KG,2.685,2.685
PEAR_FAMILY,WHOLESALE,NL-ZH,7095.58,Weekly,2025-09-01,2025-09-07,KG,2.696,2.696
PEAR_FAMILY,WHOLESALE,NL-ZH,6789.9400000000005,Weekly,2025-09-08,2025-09-14,KG,2.69,2.69
PEAR_FAMILY,WHOLESALE,NL-ZH,6789.79,Weekly,2025-09-15,2025-09-21,KG,2.689,2.689
PEAR_FAMILY,WHOLESALE,NL-ZH,7487.64,Weekly,2025-09-22,2025-09-28,KG,2.687,2.687
PEAR_FAMILY,WHOLESALE,NL-ZH,6646.21,Weekly,2025-09-29,2025-10-05,KG,2.686,2.686
PEAR_FAMILY,WHOLESALE,NL-ZH,7309.43,Weekly,2025-10-06,2025-10-12,KG,2.689,2.689
PEAR_FAMILY,WHOLESALE,NL-ZH,7286.05,Weekly,2025-10-13,2025-10-19,KG,2.675,2.675
PEAR_FAMILY,WHOLESALE,NL-ZH,6103.94,Weekly,2025-10-20,2025-10-26,KG,2.688,2.688
PEAR_FAMILY,WHOLESALE,NL-ZH,6418.97,Weekly,2025-10-27,2025-11-02,KG,2.846,2.846
PEAR_FAMILY,WHOLESALE,NL-ZH,7803.13,Weekly,2025-11-03,2025-11-09,KG,3.335,3.335
PEAR_FAMILY,WHOLESALE,NL-ZH,6483.16,Weekly,2025-11-10,2025-11-16,KG,3.34,3.34
PEAR_FAMILY,WHOLESALE,NL-ZH,5915.45,Weekly,2025-11-17,2025-11-23,KG,3.315,3.315
PEAR_FAMILY,WHOLESALE,NL-ZH,6870.75,Weekly,2025-11-24,2025-11-30,KG,3.372,3.372
PEAR_FAMILY,WHOLESALE,NL-ZH,6726.71,Weekly,2025-12-01,2025-12-07,KG,3.317,3.317
PEAR_FAMILY,WHOLESALE,NL-ZH,6888.88,Weekly,2025-12-08,2025-12-14,KG,3.357,3.357
PEAR_FAMILY,WHOLESALE,NL-ZH,6731.08,Weekly,2025-12-15,2025-12-21,KG,3.337,3.337
PEAR_FAMILY,WHOLESALE,NL-ZH,6382.24,Weekly,2025-12-22,2025-12-28,KG,3.357,3.357
PEAR_FAMILY,WHOLESALE,NL-ZH,5662.5199999999995,Weekly,2025-12-29,2026-01-04,KG,3.357,3.357
PEAR_FAMILY,WHOLESALE,NL-ZH,5211.78,Weekly,2026-01-05,2026-01-11,KG,3.368,3.368
PEAR_FAMILY,WHOLESALE,NL-ZH,5890.94,Weekly,2026-01-12,2026-01-18,KG,3.355,3.355
PEAR_FAMILY,WHOLESALE,NL-ZH,6282.42,Weekly,2026-01-19,2026-01-25,KG,3.314,3.314
PEAR_FAMILY,WHOLESALE,NL-ZH,5521.86,Weekly,2026-01-26,2026-02-01,KG,3.345,3.345
