LocationID,Date,TavgC,TminC,TmaxC,PrecipMM,WindMaxMS,SunHours
NL-GE,2023-09-09,21.1,16.2,27.8,0.0,8.7,12.590533333333333
NL-GE,2023-09-10,23.1,17.5,30.0,0.0,9.0,12.839063888888887
NL-GE,2023-09-11,22.9,19.2,27.3,0.0,13.6,11.61561111111111
NL-GE,2023-09-12,20.2,17.6,24.1,9.0,8.5,10.703025
NL-GE,2023-09-13,17.3,13.7,19.1,12.2,26.6,9.22353888888889
NL-GE,2023-09-14,15.7,12.2,19.2,0.4,8.8,11.928166666666668
NL-GE,2023-09-15,15.9,10.3,22.1,0.0,11.0,12.108802777777779
NL-GE,2023-09-16,18.4,12.4,24.3,0.0,15.1,10.781455555555555
NL-GE,2023-09-17,18.8,15.2,23.3,3.9,16.6,7.3357722222222215
NL-GE,2023-09-18,19.6,17.1,22.3,0.9,30.4,7.623005555555555
NL-GE,2023-09-19,16.8,14.1,19.6,0.5,38.7,5.431505555555555
NL-GE,2023-09-20,18.8,16.2,21.5,0.0,32.2,7.903044444444444
NL-GE,2023-09-21,17.9,15.2,19.8,13.4,23.9,0.6089222222222221
NL-GE,2023-09-22,14.1,11.7,17.2,4.2,24.2,9.0
NL-GE,2023-09-23,13.1,10.7,16.7,5.0,22.5,9.990058333333334
NL-GE,2023-09-24,13.8,9.3,19.1,0.0,17.2,11.063352777777778
NL-GE,2023-09-25,15.7,12.1,20.7,0.0,17.5,11.0
NL-GE,2023-09-26,15.9,11.4,21.0,0.0,10.4,7.666625
NL-GE,2023-09-27,17.3,12.0,22.9,0.0,14.5,8.58908888888889
NL-GE,2023-09-28,18.1,15.4,19.9,0.0,20.1,7.465891666666667
NL-GE,2023-09-29,17.2,12.4,21.2,1.6,23.8,7.730627777777777
NL-GE,2023-09-30,14.7,11.8,18.6,0.1,13.9,10.855988888888888
NL-GE,2023-10-01,16.7,12.9,22.0,0.0,17.6,9.11893888888889
NL-GE,2023-10-02,18.5,15.1,23.4,0.0,15.3,9.224758333333332
NL-GE,2023-10-03,16.6,13.5,20.6,1.9,30.5,2.132963888888889
NL-GE,2023-10-04,14.2,11.9,16.6,0.3,23.8,6.231547222222222
NL-GE,2023-10-05,14.6,12.7,16.9,0.6,21.2,5.719466666666667
NL-GE,2023-10-06,15.1,11.7,19.2,0.0,29.2,10.156241666666666
NL-GE,2023-10-07,17.1,14.2,20.5,0.0,30.6,9.244497222222224
NL-GE,2023-10-08,16.0,14.0,18.2,0.7,17.7,5.520583333333333
NL-GE,2023-10-09,16.7,13.9,19.9,0.3,17.8,3.910527777777778
NL-GE,2023-10-10,17.1,13.4,21.2,0.0,21.9,9.816011111111111
NL-GE,2023-10-11,17.3,14.8,20.0,0.1,29.8,5.493244444444445
NL-GE,2023-10-12,16.1,15.0,18.0,20.4,21.4,0.0012333333333333335
NL-GE,2023-10-13,18.5,16.5,22.8,10.2,37.8,1.5633638888888888
NL-GE,2023-10-14,12.3,8.2,16.7,8.0,30.6,10.462375000000002
NL-GE,2023-10-15,7.8,5.6,10.0,9.4,18.4,10.237727777777778
NL-GE,2023-10-16,8.4,5.6,12.4,0.1,11.8,6.884955555555556
NL-GE,2023-10-17,8.4,5.9,12.3,0.0,18.7,9.937325000000001
NL-GE,2023-10-18,8.8,4.8,12.9,1.4,21.6,6.248647222222223
NL-GE,2023-10-19,14.4,10.8,18.2,11.4,21.3,3.961786111111111
NL-GE,2023-10-20,12.0,9.1,13.6,11.8,24.9,0.0
NL-GE,2023-10-21,13.3,11.5,15.2,1.5,27.1,7.430258333333334
NL-GE,2023-10-22,12.1,9.4,14.3,5.2,30.8,6.601022222222222
NL-GE,2023-10-23,10.3,6.1,14.0,2.1,20.5,5.333769444444444
NL-GE,2023-10-24,11.4,9.8,12.6,4.5,21.9,3.4833305555555554
NL-GE,2023-10-25,9.8,7.8,11.1,10.5,17.3,0.0
NL-GE,2023-10-26,9.3,6.7,12.0,0.1,13.8,1.8942416666666668
NL-GE,2023-10-27,9.8,8.2,11.2,15.0,18.1,0.0
NL-GE,2023-10-28,10.7,8.5,13.5,2.7,20.8,6.779080555555555
NL-GE,2023-10-29,12.8,11.1,15.4,15.8,32.3,7.4888
NL-GE,2023-10-30,11.7,9.8,14.7,3.8,22.4,4.316352777777778
NL-GE,2023-10-31,10.6,9.3,12.9,7.1,21.8,6.659925
NL-GE,2023-11-01,11.9,9.5,14.8,4.1,27.6,3.208686111111111
NL-GE,2023-11-02,11.3,9.5,14.0,4.9,46.8,6.334322222222222
NL-GE,2023-11-03,9.1,7.7,11.5,6.5,36.3,6.728772222222223
NL-GE,2023-11-04,8.9,6.8,10.6,2.6,27.4,0.5461111111111111
NL-GE,2023-11-05,9.7,8.6,11.3,3.6,32.2,4.2915777777777775
NL-GE,2023-11-06,9.3,8.3,11.2,0.1,35.6,7.969652777777778
NL-GE,2023-11-07,8.7,7.5,11.2,0.2,26.7,5.337083333333333
NL-GE,2023-11-08,8.7,7.1,10.6,9.8,32.4,4.577138888888889
NL-GE,2023-11-09,9.8,7.6,10.8,7.2,27.1,5.069947222222223
NL-GE,2023-11-10,7.3,6.5,8.1,12.4,25.3,1.0401361111111112
NL-GE,2023-11-11,6.6,4.8,9.3,0.4,18.8,8.724361111111111
NL-GE,2023-11-12,5.9,3.1,9.1,0.0,11.8,6.949208333333334
NL-GE,2023-11-13,8.8,2.9,14.2,7.6,33.6,0.2652777777777778
NL-GE,2023-11-14,10.5,9.1,12.1,8.0,33.5,4.123291666666667
NL-GE,2023-11-15,9.4,8.5,10.8,0.7,24.9,8.069883333333333
NL-GE,2023-11-16,7.5,5.3,9.0,0.4,22.9,2.7778416666666668
NL-GE,2023-11-17,4.5,2.3,8.7,0.0,9.4,5.322041666666666
NL-GE,2023-11-18,6.1,3.1,11.8,14.0,26.5,0.0
NL-GE,2023-11-19,11.6,10.6,12.6,4.7,31.5,7.855747222222222
NL-GE,2023-11-20,9.6,6.1,11.3,4.7,27.6,7.337658333333334
NL-GE,2023-11-21,7.1,4.9,9.6,0.5,18.0,0.0
NL-GE,2023-11-22,3.5,-0.1,6.1,0.0,21.7,4.924466666666667
NL-GE,2023-11-23,10.3,6.6,12.4,1.6,32.2,1.8086611111111113
NL-GE,2023-11-24,6.1,4.1,9.6,2.8,29.5,5.959983333333333
NL-GE,2023-11-25,4.4,1.7,6.5,2.6,23.7,5.961366666666666
NL-GE,2023-11-26,4.0,1.3,6.9,1.6,16.3,1.0
NL-GE,2023-11-27,3.8,1.1,5.1,22.2,21.7,0.0
NL-GE,2023-11-28,1.1,-0.7,3.0,0.4,26.6,7.463241666666666
NL-GE,2023-11-29,1.4,-1.5,3.4,6.0,25.5,5.955127777777777
NL-GE,2023-11-30,-0.3,-2.1,1.5,0.1,7.9,0.6912750000000001
NL-GE,2023-12-01,-1.5,-4.7,-0.1,0.0,12.9,4.329694444444445
NL-GE,2023-12-02,-1.8,-5.3,1.3,0.0,15.1,5.871736111111111
NL-GE,2023-12-03,0.1,-2.1,2.2,2.9,20.9,4.626630555555555
NL-GE,2023-12-04,1.5,0.3,2.6,8.1,19.9,0.33620833333333333
NL-GE,2023-12-05,2.2,0.4,3.2,3.1,17.8,0.0
NL-GE,2023-12-06,2.2,-1.1,5.2,0.8,16.1,6.0
NL-GE,2023-12-07,0.3,-2.1,2.9,0.0,20.4,6.6990694444444445
NL-GE,2023-12-08,4.3,1.4,7.4,2.0,20.0,0.0
NL-GE,2023-12-09,7.2,5.4,10.1,6.4,31.8,0.0
NL-GE,2023-12-10,8.8,7.7,10.3,6.0,37.7,3.3307472222222225
NL-GE,2023-12-11,8.5,7.0,9.5,1.8,36.7,1.1973277777777778
NL-GE,2023-12-12,6.8,2.9,9.7,7.3,15.4,2.7443583333333335
NL-GE,2023-12-13,7.3,5.9,8.6,2.3,14.7,2.2282083333333333
NL-GE,2023-12-14,4.8,3.9,5.8,0.0,16.3,0.0
NL-GE,2023-12-15,5.9,4.2,9.2,0.3,15.8,6.409133333333334
NL-GE,2023-12-16,6.3,3.7,9.1,0.0,20.7,0.8472833333333333
NL-GE,2023-12-17,8.0,5.1,9.4,0.0,25.5,2.1308277777777778
NL-GE,2023-12-18,5.7,4.4,6.8,0.0,24.9,0.09759444444444444
NL-GE,2023-12-19,6.8,5.3,8.2,10.1,27.0,0.0
NL-GE,2023-12-20,6.8,5.2,8.5,4.4,30.6,0.08308333333333334
NL-GE,2023-12-21,8.8,6.0,10.8,8.7,41.2,0.5349888888888888
NL-GE,2023-12-22,6.6,5.0,8.2,7.1,30.6,0.0
NL-GE,2023-12-23,8.3,6.4,9.5,4.4,34.2,0.0
NL-GE,2023-12-24,10.2,8.3,11.6,12.8,35.6,0.0
NL-GE,2023-12-25,10.7,10.0,11.5,10.8,31.3,0.28685000000000005
NL-GE,2023-12-26,8.3,3.8,10.8,11.7,33.6,7.0
NL-GE,2023-12-27,6.5,3.2,9.4,3.1,28.5,0.0
NL-GE,2023-12-28,9.6,8.1,10.9,1.3,34.3,1.897347222222222
NL-GE,2023-12-29,9.0,7.5,10.3,14.6,35.1,0.36934722222222227
NL-GE,2023-12-30,7.1,5.7,8.6,0.7,26.2,3.294566666666667
NL-GE,2023-12-31,8.5,7.5,9.9,6.6,31.2,1.8614527777777776
NL-GE,2024-01-01,6.7,5.2,8.2,2.1,31.3,5.778966666666666
NL-GE,2024-01-02,9.4,5.6,11.4,19.8,41.0,0.0
NL-GE,2024-01-03,8.6,7.8,9.8,4.1,37.9,1.9665944444444443
NL-GE,2024-01-04,6.9,5.6,7.7,4.2,20.5,0.0
NL-GE,2024-01-05,6.6,5.6,7.7,9.1,24.5,0.0
NL-GE,2024-01-06,2.9,0.8,5.6,0.2,15.5,0.0
NL-GE,2024-01-07,-0.4,-3.6,0.7,0.0,24.9,3.063911111111111
NL-GE,2024-01-08,-2.5,-4.0,-0.6,0.0,28.3,5.6144694444444445
NL-GE,2024-01-09,-4.3,-6.2,-1.5,0.0,22.2,7.634277777777778
NL-GE,2024-01-10,-3.9,-5.7,-0.5,0.0,18.1,7.616752777777778
NL-GE,2024-01-11,-2.8,-6.2,0.7,0.0,12.4,4.033144444444444
NL-GE,2024-01-12,1.3,-1.6,4.1,0.0,10.5,0.8399944444444445
NL-GE,2024-01-13,3.1,2.0,5.0,0.2,21.8,0.0
NL-GE,2024-01-14,2.3,0.9,4.0,1.8,22.4,0.0
NL-GE,2024-01-15,1.1,0.1,2.7,2.0,23.1,6.394983333333333
NL-GE,2024-01-16,-0.4,-2.5,1.4,0.9,19.2,5.768975
NL-GE,2024-01-17,-2.1,-3.5,0.0,0.0,17.6,0.0
NL-GE,2024-01-18,-0.9,-3.5,3.7,0.0,15.2,7.862433333333333
NL-GE,2024-01-19,-0.2,-3.3,3.9,0.0,19.6,7.890680555555556
NL-GE,2024-01-20,-1.3,-2.2,0.6,0.0,20.4,7.919386111111112
NL-GE,2024-01-21,2.4,-2.5,5.6,0.1,33.1,0.0
NL-GE,2024-01-22,8.5,6.4,10.3,8.9,42.7,4.9779583333333335
NL-GE,2024-01-23,6.5,4.5,10.3,9.1,32.8,4.048616666666667
NL-GE,2024-01-24,9.7,6.7,12.4,3.1,44.0,6.141694444444444
NL-GE,2024-01-25,6.2,3.1,8.5,0.7,19.9,3.681588888888889
NL-GE,2024-01-26,8.0,3.1,10.3,7.8,37.9,5.3794
NL-GE,2024-01-27,3.0,0.9,6.9,0.0,13.9,8.123558333333333
NL-GE,2024-01-28,3.5,-0.4,8.9,0.0,15.4,8.233133333333333
NL-GE,2024-01-29,6.3,3.4,10.3,0.0,15.2,5.749158333333334
NL-GE,2024-01-30,8.0,6.1,11.5,0.6,25.4,2.2846694444444444
NL-GE,2024-01-31,5.8,4.5,7.4,0.1,25.6,0.1711111111111111
NL-GE,2024-02-01,6.4,3.3,8.7,4.5,26.8,8.413372222222222
NL-GE,2024-02-02,6.8,3.6,9.1,0.2,29.4,0.6683083333333333
NL-GE,2024-02-03,9.2,8.5,10.0,1.0,23.4,0.0
NL-GE,2024-02-04,9.5,9.0,10.4,7.9,32.1,0.0
NL-GE,2024-02-05,9.1,7.3,10.4,0.2,37.7,4.246972222222222
NL-GE,2024-02-06,9.6,8.5,11.1,3.3,37.5,1.0
NL-GE,2024-02-07,5.5,2.9,9.8,13.7,32.6,4.0149083333333335
NL-GE,2024-02-08,2.6,0.5,4.7,9.5,22.0,0.0
NL-GE,2024-02-09,10.0,7.2,12.7,12.9,24.8,5.965211111111111
NL-GE,2024-02-10,9.5,6.9,12.7,9.9,14.8,6.414255555555555
NL-GE,2024-02-11,8.4,6.3,9.7,1.7,18.6,0.0
NL-GE,2024-02-12,6.0,3.5,8.5,0.6,17.7,7.852833333333334
NL-GE,2024-02-13,5.3,2.4,9.1,1.2,20.9,7.900288888888889
NL-GE,2024-02-14,10.0,7.3,12.2,4.8,27.0,0.0
NL-GE,2024-02-15,12.2,10.8,15.1,3.8,19.4,1.8424777777777779
NL-GE,2024-02-16,11.1,10.1,12.9,1.3,22.1,0.6908722222222222
NL-GE,2024-02-17,9.0,6.2,12.0,0.3,13.1,5.175755555555556
NL-GE,2024-02-18,8.9,8.0,10.1,16.8,33.0,0.0
NL-GE,2024-02-19,8.4,6.8,10.3,2.1,24.2,2.0
NL-GE,2024-02-20,7.5,5.3,10.9,2.1,28.3,4.0120555555555555
NL-GE,2024-02-21,9.0,8.2,10.5,6.6,28.2,0.0
NL-GE,2024-02-22,10.2,6.8,12.6,6.9,40.8,1.3048777777777778
NL-GE,2024-02-23,5.2,3.2,8.0,3.4,32.4,6.948430555555555
NL-GE,2024-02-24,4.4,2.5,6.8,2.2,22.9,6.605463888888888
NL-GE,2024-02-25,5.3,3.6,8.6,4.4,18.7,9.16398888888889
NL-GE,2024-02-26,4.5,3.4,6.0,6.5,26.6,0.0
NL-GE,2024-02-27,3.6,0.5,7.2,0.2,21.3,10.0
NL-GE,2024-02-28,4.0,-0.2,7.9,0.0,15.8,2.0
NL-GE,2024-02-29,6.9,4.4,8.5,5.5,20.4,0.0
NL-GE,2024-03-01,8.2,5.8,10.3,1.2,26.8,5.979977777777777
NL-GE,2024-03-02,9.3,5.5,12.6,0.2,26.3,9.096494444444446
NL-GE,2024-03-03,10.4,6.0,15.5,0.0,19.8,9.226105555555556
NL-GE,2024-03-04,7.9,6.3,10.7,0.0,17.6,7.772508333333333
NL-GE,2024-03-05,6.4,3.9,8.7,0.8,10.8,3.0932972222222226
NL-GE,2024-03-06,6.2,2.5,10.4,0.3,11.9,7.681808333333333
NL-GE,2024-03-07,5.2,1.8,8.8,0.0,23.5,7.252280555555555
NL-GE,2024-03-08,4.8,0.3,9.7,0.0,25.5,10.832011111111111
NL-GE,2024-03-09,7.2,2.9,13.2,0.0,19.5,8.338497222222223
NL-GE,2024-03-10,9.1,6.0,13.2,0.0,21.5,9.193325
NL-GE,2024-03-11,7.3,6.4,8.7,8.5,13.1,0.0
NL-GE,2024-03-12,7.8,6.5,10.2,1.0,17.7,0.286725
NL-GE,2024-03-13,10.1,6.5,12.5,1.0,24.4,0.0
NL-GE,2024-03-14,11.7,7.7,16.3,0.0,16.2,10.0
NL-GE,2024-03-15,12.1,10.3,15.1,2.5,25.5,7.814438888888889
NL-GE,2024-03-16,8.6,4.4,10.2,1.3,20.6,8.282944444444444
NL-GE,2024-03-17,8.3,2.7,13.1,0.6,15.3,6.0
NL-GE,2024-03-18,10.5,6.5,13.4,2.0,14.8,6.382705555555556
NL-GE,2024-03-19,10.6,6.4,15.6,0.1,16.3,10.221805555555555
NL-GE,2024-03-20,11.7,7.0,17.1,0.0,10.2,9.18961111111111
NL-GE,2024-03-21,9.7,7.7,12.0,0.2,17.3,4.513508333333333
NL-GE,2024-03-22,9.7,7.4,11.2,4.2,26.8,0.0
NL-GE,2024-03-23,6.2,4.1,8.2,5.4,27.8,11.828033333333332
NL-GE,2024-03-24,5.6,3.7,7.9,14.5,36.6,9.143775
NL-GE,2024-03-25,6.7,2.9,11.1,0.0,17.7,11.888230555555555
NL-GE,2024-03-26,8.3,3.6,13.2,0.0,16.7,9.135058333333333
NL-GE,2024-03-27,8.9,6.7,10.5,2.6,16.8,0.08893888888888889
NL-GE,2024-03-28,7.8,5.2,11.1,2.4,28.7,6.714963888888889
NL-GE,2024-03-29,10.4,7.2,14.2,2.3,25.6,8.61961111111111
NL-GE,2024-03-30,10.6,8.3,15.9,6.2,29.4,6.486491666666667
NL-GE,2024-03-31,10.7,6.3,16.0,2.0,16.6,7.040283333333334
NL-GE,2024-04-01,9.6,7.4,12.1,0.9,22.2,5.916172222222222
NL-GE,2024-04-02,9.0,7.0,11.1,2.6,28.4,7.073330555555556
NL-GE,2024-04-03,10.4,8.4,13.4,7.3,24.2,4.208291666666667
NL-GE,2024-04-04,11.1,8.3,14.4,12.7,34.0,5.729161111111111
NL-GE,2024-04-05,13.3,10.8,17.0,4.5,29.8,5.0
NL-GE,2024-04-06,17.4,11.2,24.7,0.0,26.6,12.927633333333334
NL-GE,2024-04-07,16.4,14.1,19.5,0.8,29.3,11.0
NL-GE,2024-04-08,14.9,11.9,18.3,3.2,13.1,10.0
NL-GE,2024-04-09,12.2,9.2,14.5,5.9,38.7,8.374272222222222
NL-GE,2024-04-10,10.5,8.3,13.8,0.1,23.3,11.414738888888888
NL-GE,2024-04-11,12.6,9.4,15.2,2.1,23.7,0.1649888888888889
NL-GE,2024-04-12,15.5,12.1,20.0,0.0,28.8,8.04893611111111
NL-GE,2024-04-13,16.8,11.6,21.8,0.0,22.9,11.584544444444445
NL-GE,2024-04-14,12.0,9.2,14.7,0.0,24.3,6.543
NL-GE,2024-04-15,8.3,6.3,11.2,10.0,40.3,7.561719444444444
NL-GE,2024-04-16,7.4,4.2,11.3,11.9,32.1,7.743266666666666
NL-GE,2024-04-17,6.1,3.7,9.7,6.0,15.8,10.283563888888889
NL-GE,2024-04-18,6.8,2.6,10.9,1.2,19.5,8.643922222222223
NL-GE,2024-04-19,7.7,5.8,10.0,11.9,33.4,5.707883333333333
NL-GE,2024-04-20,6.7,5.0,9.4,4.9,24.5,8.406727777777778
NL-GE,2024-04-21,6.0,2.6,10.1,1.9,23.2,12.432569444444445
NL-GE,2024-04-22,5.3,1.6,8.5,0.5,20.7,11.342008333333334
NL-GE,2024-04-23,5.5,0.9,10.4,2.4,19.3,10.815066666666667
NL-GE,2024-04-24,5.9,3.6,9.3,1.6,27.8,11.862038888888888
NL-GE,2024-04-25,5.8,2.3,9.4,2.7,22.9,8.41821388888889
NL-GE,2024-04-26,7.9,5.7,11.4,5.4,15.3,8.122269444444443
NL-GE,2024-04-27,10.9,4.8,16.5,4.2,18.2,9.0
NL-GE,2024-04-28,13.1,9.0,16.8,0.7,34.8,13.884744444444445
NL-GE,2024-04-29,12.6,7.0,18.0,0.5,17.6,11.887974999999999
NL-GE,2024-04-30,16.2,12.1,21.8,1.3,12.5,11.208874999999999
NL-GE,2024-05-01,18.8,14.0,25.4,0.4,16.3,14.087369444444445
NL-GE,2024-05-02,18.4,13.6,25.3,2.8,19.2,13.272722222222223
NL-GE,2024-05-03,12.0,9.5,12.9,6.3,27.5,2.434811111111111
NL-GE,2024-05-04,11.5,7.5,15.9,5.0,17.6,7.395622222222222
NL-GE,2024-05-05,12.0,8.4,15.4,2.5,16.7,12.97211388888889
NL-GE,2024-05-06,13.6,8.6,17.9,0.0,13.5,6.096988888888889
NL-GE,2024-05-07,13.9,9.5,18.2,0.2,15.5,14.526288888888889
NL-GE,2024-05-08,12.2,8.3,15.8,0.5,13.5,6.410630555555556
NL-GE,2024-05-09,13.2,7.0,18.4,0.1,10.7,11.693058333333333
NL-GE,2024-05-10,14.9,8.8,20.5,0.0,15.1,15.0
NL-GE,2024-05-11,15.7,10.0,21.3,0.0,16.6,14.27451111111111
NL-GE,2024-05-12,18.0,12.5,23.9,0.0,18.6,15.0
NL-GE,2024-05-13,18.6,13.0,23.1,1.2,16.5,15.0
NL-GE,2024-05-14,19.8,15.1,25.0,1.6,22.0,14.853794444444446
NL-GE,2024-05-15,17.1,13.6,20.8,1.0,15.8,13.0
NL-GE,2024-05-16,16.7,14.3,20.0,3.4,17.1,5.221941666666667
NL-GE,2024-05-17,15.7,12.9,20.0,6.3,14.2,4.591944444444445
NL-GE,2024-05-18,17.2,13.3,21.4,0.7,17.4,15.0
NL-GE,2024-05-19,16.0,12.1,21.3,5.8,14.1,12.247963888888888
NL-GE,2024-05-20,15.5,11.2,19.6,1.3,14.9,12.680355555555556
NL-GE,2024-05-21,17.3,12.8,23.5,7.3,16.6,9.844991666666667
NL-GE,2024-05-22,15.7,13.6,18.2,18.5,23.4,6.681916666666667
NL-GE,2024-05-23,15.1,11.2,18.6,0.9,19.8,11.895933333333334
NL-GE,2024-05-24,15.0,11.2,17.9,6.2,13.8,2.046352777777778
NL-GE,2024-05-25,15.3,12.2,17.8,5.4,16.6,11.501727777777779
NL-GE,2024-05-26,16.0,11.4,21.1,1.3,17.3,10.320144444444443
NL-GE,2024-05-27,14.6,12.0,18.4,7.8,14.4,9.972591666666666
NL-GE,2024-05-28,13.8,10.2,17.5,7.0,19.3,10.384591666666667
NL-GE,2024-05-29,15.1,11.6,17.3,8.3,25.7,10.413583333333333
NL-GE,2024-05-30,14.1,10.2,17.8,0.9,16.9,14.169780555555555
NL-GE,2024-05-31,14.9,10.6,18.9,1.3,20.2,13.700719444444443
NL-GE,2024-06-01,16.7,13.8,19.8,1.1,21.3,1.882472222222222
NL-GE,2024-06-02,14.7,12.7,17.9,1.1,20.2,9.526077777777777
NL-GE,2024-06-03,13.9,11.1,16.7,0.2,10.7,1.1165138888888888
NL-GE,2024-06-04,16.0,11.5,19.9,2.6,19.7,8.184947222222222
NL-GE,2024-06-05,13.7,8.9,16.8,1.7,24.0,14.4002
NL-GE,2024-06-06,12.6,8.4,16.6,0.6,15.2,12.580847222222223
NL-GE,2024-06-07,13.5,7.7,18.4,0.7,19.8,14.608377777777779
NL-GE,2024-06-08,13.4,9.4,17.4,1.0,25.6,13.298455555555556
NL-GE,2024-06-09,12.8,8.6,17.0,0.2,22.1,13.395999999999999
NL-GE,2024-06-10,11.3,9.4,14.2,15.6,40.3,3.0671944444444446
NL-GE,2024-06-11,11.6,8.3,15.4,5.1,22.3,15.23815
NL-GE,2024-06-12,11.3,8.7,14.2,1.2,19.7,11.223222222222223
NL-GE,2024-06-13,13.2,8.4,17.3,0.0,19.5,9.130877777777778
NL-GE,2024-06-14,15.0,12.8,17.5,3.6,24.7,2.9956055555555556
NL-GE,2024-06-15,14.5,11.9,17.2,7.1,31.0,9.699841666666666
NL-GE,2024-06-16,14.1,11.9,16.5,4.1,29.4,12.991797222222223
NL-GE,2024-06-17,15.6,11.7,19.5,2.2,21.7,10.927769444444445
NL-GE,2024-06-18,15.4,12.4,17.6,9.9,14.5,0.0
NL-GE,2024-06-19,15.8,12.8,19.6,0.6,15.8,13.726894444444444
NL-GE,2024-06-20,15.2,10.4,20.6,7.1,13.7,8.922922222222223
NL-GE,2024-06-21,16.8,14.1,21.1,4.2,20.5,5.758755555555556
NL-GE,2024-06-22,16.0,12.3,20.3,0.4,20.2,14.601600000000001
NL-GE,2024-06-23,17.5,11.9,23.0,0.5,12.2,15.525038888888888
NL-GE,2024-06-24,19.0,12.9,24.2,0.0,11.5,15.814341666666666
NL-GE,2024-06-25,21.5,15.6,26.9,0.0,13.7,15.847913888888888
NL-GE,2024-06-26,23.0,17.0,28.8,0.0,12.7,15.819969444444444
NL-GE,2024-06-27,23.2,18.2,27.9,0.0,20.4,15.203002777777778
NL-GE,2024-06-28,17.5,14.2,20.3,0.0,23.2,14.564947222222221
NL-GE,2024-06-29,19.3,12.6,25.0,3.5,10.5,13.562452777777779
NL-GE,2024-06-30,18.3,15.7,21.3,12.6,17.9,10.815177777777778
NL-GE,2024-07-01,15.4,12.6,17.7,1.4,18.6,11.460550000000001
NL-GE,2024-07-02,14.7,12.0,17.3,3.6,19.1,4.877869444444445
NL-GE,2024-07-03,13.1,10.8,15.6,5.0,18.7,6.0
NL-GE,2024-07-04,15.5,13.8,18.1,2.3,24.6,11.634580555555555
NL-GE,2024-07-05,15.0,12.4,17.4,1.2,26.6,2.773144444444444
NL-GE,2024-07-06,17.0,13.2,20.3,0.9,38.5,12.458672222222223
NL-GE,2024-07-07,14.5,11.2,18.0,2.7,24.2,11.206888888888889
NL-GE,2024-07-08,16.3,12.0,19.9,0.7,14.8,9.762944444444445
NL-GE,2024-07-09,21.3,15.3,28.1,7.6,15.8,13.274041666666667
NL-GE,2024-07-10,19.5,16.4,22.6,2.4,19.7,11.273544444444445
NL-GE,2024-07-11,17.7,14.8,20.4,0.0,19.0,14.163508333333333
NL-GE,2024-07-12,14.5,13.5,16.3,19.3,26.6,1.3939444444444444
NL-GE,2024-07-13,14.6,13.1,16.4,1.4,25.1,7.717297222222222
NL-GE,2024-07-14,16.1,11.6,20.4,0.4,24.3,12.91056388888889
NL-GE,2024-07-15,18.8,11.1,24.5,0.5,12.6,13.602327777777777
NL-GE,2024-07-16,18.1,15.9,20.9,10.0,27.2,12.740383333333332
NL-GE,2024-07-17,17.9,14.4,21.7,0.9,18.7,14.923663888888889
NL-GE,2024-07-18,20.1,13.8,25.9,0.0,12.3,15.167602777777779
NL-GE,2024-07-19,22.2,16.3,28.3,0.0,11.3,14.588505555555557
NL-GE,2024-07-20,22.9,16.3,29.5,0.0,13.4,13.825947222222224
NL-GE,2024-07-21,21.3,17.7,25.1,10.2,19.5,13.366616666666667
NL-GE,2024-07-22,18.6,14.1,22.9,0.3,18.3,12.827791666666668
NL-GE,2024-07-23,18.7,15.7,21.4,10.2,18.1,8.311677777777778
NL-GE,2024-07-24,17.6,14.0,21.3,0.0,13.9,14.669619444444443
NL-GE,2024-07-25,18.5,12.2,24.4,0.5,18.2,8.71358888888889
NL-GE,2024-07-26,19.6,17.8,22.4,4.2,20.3,8.347761111111112
NL-GE,2024-07-27,18.3,13.7,22.4,0.4,12.4,4.974691666666667
NL-GE,2024-07-28,18.6,15.2,22.9,0.1,14.1,15.0
NL-GE,2024-07-29,19.3,13.1,25.2,0.0,10.0,14.990583333333333
NL-GE,2024-07-30,22.6,16.4,29.0,0.0,11.3,14.796986111111112
NL-GE,2024-07-31,21.2,17.1,25.5,0.0,13.3,10.293841666666667
NL-GE,2024-08-01,19.3,15.9,24.0,6.9,15.7,8.575661111111112
NL-GE,2024-08-02,18.8,14.1,23.5,0.0,11.4,13.0
NL-GE,2024-08-03,19.8,15.8,23.9,1.3,18.9,11.162455555555555
NL-GE,2024-08-04,17.9,14.5,19.9,8.4,14.0,5.1254
NL-GE,2024-08-05,19.4,15.5,22.7,0.0,13.4,13.177197222222222
NL-GE,2024-08-06,21.5,14.1,27.8,0.0,12.3,14.743094444444445
NL-GE,2024-08-07,19.4,16.3,22.5,1.6,19.0,9.800899999999999
NL-GE,2024-08-08,19.1,16.2,22.8,0.4,16.3,12.851522222222224
NL-GE,2024-08-09,20.1,16.4,22.4,3.8,27.7,6.841613888888889
NL-GE,2024-08-10,19.0,14.7,23.3,0.0,18.6,13.309911111111111
NL-GE,2024-08-11,21.3,16.5,25.9,0.0,13.2,14.230947222222223
NL-GE,2024-08-12,22.8,16.4,30.0,0.0,15.0,14.228008333333333
NL-GE,2024-08-13,23.2,20.3,30.6,13.9,24.9,11.594752777777778
NL-GE,2024-08-14,21.5,18.8,27.2,8.8,14.4,7.206172222222222
NL-GE,2024-08-15,21.1,18.1,24.6,0.3,22.8,12.338477777777777
NL-GE,2024-08-16,19.5,18.3,20.8,3.9,22.2,0.5283361111111111
NL-GE,2024-08-17,19.6,17.0,23.2,2.2,12.2,11.229166666666666
NL-GE,2024-08-18,19.1,15.9,23.3,0.4,16.4,11.478030555555556
NL-GE,2024-08-19,17.6,12.5,22.5,0.0,10.1,12.971616666666666
NL-GE,2024-08-20,19.1,15.1,24.5,10.6,18.5,11.0
NL-GE,2024-08-21,16.4,13.7,18.7,0.2,25.3,13.198927777777778
NL-GE,2024-08-22,17.9,13.2,22.5,0.2,27.9,11.705916666666667
NL-GE,2024-08-23,19.7,16.8,21.8,2.7,39.5,8.552077777777777
NL-GE,2024-08-24,21.0,16.6,27.3,9.3,31.0,12.239094444444444
NL-GE,2024-08-25,16.4,13.5,19.2,1.6,26.8,13.0
NL-GE,2024-08-26,16.6,13.1,20.3,0.3,20.5,13.0
NL-GE,2024-08-27,17.9,12.0,24.0,0.0,11.6,13.0
NL-GE,2024-08-28,20.5,13.7,27.7,0.0,14.1,13.0
NL-GE,2024-08-29,21.2,16.8,25.9,0.0,17.3,13.0
NL-GE,2024-08-30,18.0,15.4,21.4,9.9,18.7,9.423744444444445
NL-GE,2024-08-31,18.4,14.5,24.3,1.0,23.6,13.0
NL-GE,2024-09-01,21.6,16.0,28.1,0.0,18.9,13.0
NL-GE,2024-09-02,22.3,17.9,28.5,1.6,10.8,12.346819444444446
NL-GE,2024-09-03,20.5,17.4,24.6,3.2,14.2,8.754869444444443
NL-GE,2024-09-04,18.2,16.1,19.9,8.4,7.9,2.959322222222222
NL-GE,2024-09-05,21.3,15.4,27.6,0.0,25.7,10.0
NL-GE,2024-09-06,21.5,18.6,25.7,8.9,21.9,10.990680555555555
NL-GE,2024-09-07,20.6,17.2,25.9,0.0,14.6,9.349394444444444
NL-GE,2024-09-08,19.5,15.8,21.7,0.1,19.9,12.17623611111111
NL-GE,2024-09-09,16.3,13.6,20.5,1.6,21.7,5.552919444444444
NL-GE,2024-09-10,14.5,11.9,16.9,7.3,33.9,4.372988888888889
NL-GE,2024-09-11,11.8,8.6,14.4,16.4,26.3,12.109072222222224
NL-GE,2024-09-12,10.3,7.6,14.8,4.0,12.1,11.140736111111112
NL-GE,2024-09-13,11.5,7.8,16.2,0.4,20.9,12.577311111111111
NL-GE,2024-09-14,11.8,7.0,16.2,0.0,12.8,10.466583333333332
NL-GE,2024-09-15,13.1,8.3,18.1,0.0,10.9,7.478872222222222
NL-GE,2024-09-16,14.9,10.4,19.3,0.6,19.3,8.598788888888889
NL-GE,2024-09-17,16.2,12.8,20.4,0.0,25.5,11.288833333333335
NL-GE,2024-09-18,16.7,12.7,21.2,0.0,20.1,11.506577777777778
NL-GE,2024-09-19,17.6,14.4,22.4,0.0,19.8,11.436327777777777
NL-GE,2024-09-20,17.4,13.4,21.9,0.0,18.9,11.469683333333334
NL-GE,2024-09-21,17.3,12.5,23.1,0.0,13.7,11.29611388888889
NL-GE,2024-09-22,17.3,12.0,23.3,0.0,7.8,10.92961388888889
NL-GE,2024-09-23,17.0,14.2,20.4,0.9,17.9,10.18236388888889
NL-GE,2024-09-24,14.7,11.7,18.7,0.9,18.0,9.0
NL-GE,2024-09-25,14.4,13.2,17.1,3.3,22.6,2.8880555555555554
NL-GE,2024-09-26,15.5,13.8,18.4,14.2,30.4,8.218727777777778
NL-GE,2024-09-27,12.6,11.4,14.4,11.3,40.4,4.479547222222222
NL-GE,2024-09-28,10.5,8.3,13.2,1.1,19.0,11.0
NL-GE,2024-09-29,10.2,6.2,14.3,0.0,15.5,8.0
NL-GE,2024-09-30,11.6,8.3,14.8,7.2,24.5,5.0
NL-GE,2024-10-01,12.9,11.9,14.2,6.1,23.8,0.0
NL-GE,2024-10-02,11.2,9.7,12.5,0.7,19.1,0.0
NL-GE,2024-10-03,10.0,6.7,13.9,0.0,22.1,11.0
NL-GE,2024-10-04,9.4,5.0,14.4,0.0,11.9,11.0
NL-GE,2024-10-05,9.1,4.0,14.5,0.0,13.7,10.970075
NL-GE,2024-10-06,10.3,6.4,14.9,0.0,21.7,10.931658333333333
NL-GE,2024-10-07,14.7,12.5,18.0,1.3,23.0,9.863669444444444
NL-GE,2024-10-08,15.6,13.4,17.7,11.2,21.2,5.466216666666667
NL-GE,2024-10-09,13.8,12.6,15.6,13.4,23.6,3.662916666666667
NL-GE,2024-10-10,12.1,9.1,13.7,8.6,23.5,9.670291666666667
NL-GE,2024-10-11,9.2,5.7,12.0,0.3,12.8,10.37513888888889
NL-GE,2024-10-12,8.6,5.3,11.8,0.0,20.5,2.3478416666666666
NL-GE,2024-10-13,9.9,7.4,12.5,3.0,25.9,8.632675
NL-GE,2024-10-14,8.0,5.1,10.9,1.1,12.2,3.3199555555555555
NL-GE,2024-10-15,9.0,4.7,14.2,0.0,18.9,9.607633333333334
NL-GE,2024-10-16,14.8,10.2,20.4,0.4,21.3,8.0
NL-GE,2024-10-17,16.1,13.6,19.2,0.7,21.6,2.4138305555555557
NL-GE,2024-10-18,15.9,12.8,19.6,4.9,9.7,6.431513888888889
NL-GE,2024-10-19,14.3,13.5,16.1,2.4,19.1,1.6883361111111113
NL-GE,2024-10-20,15.0,12.0,17.5,0.1,30.7,5.146558333333333
NL-GE,2024-10-21,14.5,12.7,17.4,8.0,26.4,0.0
NL-GE,2024-10-22,11.8,9.2,14.8,4.5,20.8,9.439797222222222
NL-GE,2024-10-23,10.9,8.3,15.3,0.1,10.5,9.345836111111112
NL-GE,2024-10-24,10.3,6.6,14.0,0.0,13.9,9.474633333333333
NL-GE,2024-10-25,13.2,10.1,18.3,1.8,16.1,9.268197222222224
NL-GE,2024-10-26,13.5,10.0,18.8,0.0,12.0,9.0
NL-GE,2024-10-27,12.7,8.4,16.0,0.0,12.4,8.0
NL-GE,2024-10-28,11.4,8.3,13.9,1.3,23.3,3.3979805555555553
NL-GE,2024-10-29,12.8,12.3,13.8,1.4,19.1,0.0
NL-GE,2024-10-30,12.8,11.3,15.0,0.8,9.7,0.43966388888888885
NL-GE,2024-10-31,10.9,9.0,14.7,0.0,10.0,4.529411111111111
NL-GE,2024-11-01,9.5,7.6,11.7,0.1,16.7,0.0
NL-GE,2024-11-02,10.8,7.7,12.4,0.0,13.8,3.246711111111111
NL-GE,2024-11-03,6.6,2.5,12.1,0.0,9.3,8.957427777777779
NL-GE,2024-11-04,6.7,3.6,11.0,0.0,13.1,8.927611111111112
NL-GE,2024-11-05,6.6,4.2,10.8,0.0,11.3,8.898438888888888
NL-GE,2024-11-06,7.0,4.3,9.6,0.0,7.8,0.0
NL-GE,2024-11-07,6.2,5.5,7.1,0.0,12.3,0.0
NL-GE,2024-11-08,4.5,3.5,5.9,0.0,13.6,0.48290833333333333
NL-GE,2024-11-09,6.9,4.8,8.5,0.0,9.2,0.0
NL-GE,2024-11-10,8.2,5.0,11.3,0.1,8.1,7.3400694444444445
NL-GE,2024-11-11,9.0,6.8,11.5,2.4,28.3,7.704297222222222
NL-GE,2024-11-12,8.0,5.2,9.6,1.4,26.8,3.844308333333333
NL-GE,2024-11-13,7.7,4.6,11.1,0.0,10.6,0.042963888888888885
NL-GE,2024-11-14,9.8,9.0,11.3,0.1,13.8,3.0395250000000003
NL-GE,2024-11-15,8.5,7.1,10.5,0.3,12.1,3.1572722222222223
NL-GE,2024-11-16,8.0,7.2,9.1,0.1,19.0,1.0580722222222223
NL-GE,2024-11-17,7.0,4.0,8.6,8.9,23.1,6.147388888888888
NL-GE,2024-11-18,4.4,2.2,7.4,1.9,17.0,6.787219444444445
NL-GE,2024-11-19,3.6,1.6,6.5,16.7,17.2,0.0
NL-GE,2024-11-20,1.8,-1.0,4.0,1.0,21.4,0.036955555555555554
NL-GE,2024-11-21,1.0,-0.8,3.6,1.0,18.8,7.774486111111112
NL-GE,2024-11-22,1.4,-0.9,4.1,6.6,25.7,4.5832194444444445
NL-GE,2024-11-23,3.2,0.6,7.1,6.2,28.7,0.0
NL-GE,2024-11-24,13.4,8.4,16.9,3.8,31.8,5.511041666666666
NL-GE,2024-11-25,13.2,8.4,16.3,5.7,31.4,0.0
NL-GE,2024-11-26,7.4,5.3,9.8,0.5,21.5,6.237247222222222
NL-GE,2024-11-27,7.2,4.0,11.1,8.1,36.3,0.0
NL-GE,2024-11-28,6.8,4.2,9.4,0.0,25.9,7.1029583333333335
NL-GE,2024-11-29,2.8,-0.2,6.1,0.0,13.7,4.026022222222222
NL-GE,2024-11-30,2.8,0.3,5.5,0.0,13.9,7.262680555555556
NL-GE,2024-12-01,4.6,0.7,7.6,0.0,18.4,7.27596388888889
NL-GE,2024-12-02,8.7,6.3,10.8,3.6,20.9,3.9570777777777777
NL-GE,2024-12-03,5.8,2.8,7.2,1.8,20.8,6.022824999999999
NL-GE,2024-12-04,3.8,1.9,5.7,0.3,11.3,1.2775888888888889
NL-GE,2024-12-05,5.4,3.0,9.1,5.3,26.0,0.0
NL-GE,2024-12-06,8.1,4.7,9.9,19.0,35.2,2.8241722222222223
NL-GE,2024-12-07,7.1,3.7,10.3,5.9,27.3,5.842311111111111
NL-GE,2024-12-08,5.9,4.2,7.4,0.5,19.3,4.184486111111111
NL-GE,2024-12-09,5.4,4.6,6.0,1.0,25.3,0.0
NL-GE,2024-12-10,5.0,4.5,5.5,0.0,21.0,0.0
NL-GE,2024-12-11,3.7,2.1,4.4,0.0,12.1,0.0
NL-GE,2024-12-12,3.3,2.8,4.8,0.4,6.6,0.0
NL-GE,2024-12-13,1.9,0.5,3.1,0.0,10.3,4.177136111111111
NL-GE,2024-12-14,2.8,0.8,4.9,0.8,17.7,0.0
NL-GE,2024-12-15,6.1,3.0,9.7,0.0,23.4,0.0
NL-GE,2024-12-16,9.7,8.5,10.4,0.0,24.0,0.0
NL-GE,2024-12-17,7.7,6.2,8.9,0.0,19.4,0.0
NL-GE,2024-12-18,9.9,6.3,12.7,0.2,30.5,0.0
NL-GE,2024-12-19,8.2,3.4,12.3,12.9,33.7,0.0
NL-GE,2024-12-20,4.8,3.3,6.3,0.0,21.5,6.406386111111112
NL-GE,2024-12-21,7.2,6.4,9.0,4.7,27.8,0.0
NL-GE,2024-12-22,4.7,2.4,8.8,6.2,24.8,6.236375
NL-GE,2024-12-23,5.1,1.5,7.9,2.9,23.0,7.0
NL-GE,2024-12-24,4.1,2.5,6.3,1.9,15.9,0.0
NL-GE,2024-12-25,7.8,6.6,8.9,0.0,9.8,0.0
NL-GE,2024-12-26,6.6,3.1,8.4,0.0,7.8,0.0
NL-GE,2024-12-27,2.4,-0.1,4.9,0.0,8.2,5.075783333333333
NL-GE,2024-12-28,-0.1,-0.7,1.1,0.0,8.5,0.0
NL-GE,2024-12-29,2.2,0.6,3.8,0.0,16.6,0.0
NL-GE,2024-12-30,5.1,3.8,6.9,0.0,20.2,0.0
NL-GE,2024-12-31,3.4,1.3,5.8,0.0,28.2,0.0
NL-GE,2025-01-01,6.8,3.2,7.9,10.0,33.9,0.0
NL-GE,2025-01-02,3.3,1.1,5.3,3.9,23.7,7.023536111111111
NL-GE,2025-01-03,1.4,0.3,3.8,1.0,23.8,4.899922222222223
NL-GE,2025-01-04,0.6,-0.7,2.7,0.4,13.2,0.0
NL-GE,2025-01-05,4.1,0.0,10.8,20.9,28.1,0.0
NL-GE,2025-01-06,9.3,5.0,11.8,3.9,38.2,0.0
NL-GE,2025-01-07,3.3,1.6,4.7,0.9,25.5,5.195180555555556
NL-GE,2025-01-08,2.2,0.5,4.1,0.9,20.0,4.392716666666667
NL-GE,2025-01-09,1.3,0.4,3.9,10.7,16.9,3.351672222222222
NL-GE,2025-01-10,1.6,-0.2,4.2,1.1,20.1,7.0
NL-GE,2025-01-11,0.6,-2.4,3.8,0.0,12.1,7.0
NL-GE,2025-01-12,2.5,0.3,5.6,0.0,11.6,1.8400999999999998
NL-GE,2025-01-13,0.3,-2.6,2.8,0.0,10.8,5.8697027777777775
NL-GE,2025-01-14,0.9,-3.1,5.2,0.0,15.2,3.2256583333333335
NL-GE,2025-01-15,6.0,4.7,7.4,0.0,10.3,0.0
NL-GE,2025-01-16,3.9,1.2,5.7,0.0,9.6,0.07204166666666667
NL-GE,2025-01-17,-0.2,-1.0,1.8,0.0,7.5,0.43896111111111114
NL-GE,2025-01-18,-0.8,-1.9,1.2,0.0,9.3,4.751169444444444
NL-GE,2025-01-19,-0.9,-2.6,2.0,0.0,7.0,7.914766666666667
NL-GE,2025-01-20,-1.2,-2.1,0.3,0.0,9.8,0.0
NL-GE,2025-01-21,-0.4,-1.9,2.2,0.0,10.6,2.4741388888888887
NL-GE,2025-01-22,1.4,-1.2,4.1,5.0,12.8,1.0191805555555555
NL-GE,2025-01-23,4.2,1.1,6.2,4.7,25.6,4.799677777777778
NL-GE,2025-01-24,6.8,4.8,8.5,4.6,29.6,0.0
NL-GE,2025-01-25,6.1,3.2,8.4,8.3,14.8,3.0
NL-GE,2025-01-26,3.4,1.7,4.8,2.5,25.4,3.7873083333333333
NL-GE,2025-01-27,8.7,6.2,11.0,5.7,30.1,8.114738888888889
NL-GE,2025-01-28,7.5,6.3,9.0,0.6,27.7,2.9363722222222224
NL-GE,2025-01-29,6.9,5.0,8.7,4.6,28.1,5.281991666666666
NL-GE,2025-01-30,4.9,1.9,6.0,7.8,12.2,0.0
NL-GE,2025-01-31,2.2,-0.3,6.4,0.0,11.4,8.179997222222223
NL-GE,2025-02-01,1.0,-1.6,5.6,0.0,10.0,8.526397222222222
NL-GE,2025-02-02,-0.3,-2.8,3.7,0.0,10.2,8.662777777777778
NL-GE,2025-02-03,0.3,-2.8,5.7,0.0,10.4,8.742366666666667
NL-GE,2025-02-04,1.8,0.1,4.3,0.0,16.2,1.5945555555555555
NL-GE,2025-02-05,3.7,0.0,7.3,0.1,15.3,5.387241666666666
NL-GE,2025-02-06,3.2,1.1,6.4,0.1,17.0,2.7551916666666667
NL-GE,2025-02-07,2.8,0.8,4.6,0.0,32.8,2.9029583333333333
NL-GE,2025-02-08,3.7,1.9,7.3,0.0,19.4,1.6501027777777777
NL-GE,2025-02-09,2.8,-0.1,5.6,0.0,16.5,6.460213888888889
NL-GE,2025-02-10,1.1,-1.1,2.5,1.5,22.3,3.6060944444444445
NL-GE,2025-02-11,3.0,1.0,4.1,11.0,24.6,0.0
NL-GE,2025-02-12,3.3,1.8,5.2,3.2,8.3,1.7380583333333335
NL-GE,2025-02-13,0.4,-1.6,1.8,0.1,14.1,6.4215888888888895
NL-GE,2025-02-14,0.5,-1.5,3.4,0.0,8.5,3.8617472222222227
NL-GE,2025-02-15,0.7,-0.9,2.9,0.2,9.3,2.8368666666666664
NL-GE,2025-02-16,0.3,-2.8,3.3,0.0,20.5,9.061044444444445
NL-GE,2025-02-17,-1.7,-4.4,2.8,0.0,12.4,9.808533333333333
NL-GE,2025-02-18,-1.6,-4.8,2.8,0.0,18.0,9.0
NL-GE,2025-02-19,0.6,-2.3,5.2,0.0,16.5,9.233216666666667
NL-GE,2025-02-20,5.6,0.1,10.7,0.5,16.1,2.2807388888888886
NL-GE,2025-02-21,12.0,8.3,17.2,0.0,18.8,8.804994444444445
NL-GE,2025-02-22,10.4,8.7,12.3,3.8,18.4,1.297322222222222
NL-GE,2025-02-23,9.4,6.3,14.0,0.0,20.2,8.335641666666668
NL-GE,2025-02-24,10.8,9.3,11.9,1.7,22.3,0.0
NL-GE,2025-02-25,7.9,5.1,11.4,3.1,15.8,4.625952777777778
NL-GE,2025-02-26,7.3,4.8,10.2,7.2,20.3,8.0
NL-GE,2025-02-27,5.0,2.5,7.8,9.5,23.8,7.577044444444445
NL-GE,2025-02-28,4.1,2.0,7.1,0.5,15.9,6.0
NL-GE,2025-03-01,3.5,0.9,6.0,0.0,10.7,2.235513888888889
NL-GE,2025-03-02,2.1,-1.4,7.9,0.0,8.1,8.047391666666666
NL-GE,2025-03-03,2.7,-2.8,9.9,0.0,5.3,9.335572222222222
NL-GE,2025-03-04,3.9,-1.1,11.4,0.0,11.0,10.200275
NL-GE,2025-03-05,5.9,-0.1,14.2,0.0,13.6,10.69849722222222
NL-GE,2025-03-06,8.2,2.5,16.3,0.0,14.5,10.735569444444446
NL-GE,2025-03-07,10.3,5.1,17.1,0.0,14.1,10.77255
NL-GE,2025-03-08,10.2,4.2,18.5,0.0,13.3,10.809425000000001
NL-GE,2025-03-09,9.7,4.1,17.2,0.0,11.2,10.846558333333334
NL-GE,2025-03-10,8.8,3.2,16.2,0.0,13.4,10.97393611111111
NL-GE,2025-03-11,5.0,2.3,7.9,0.0,15.3,0.0
NL-GE,2025-03-12,4.0,0.9,8.0,0.6,13.0,10.944683333333334
NL-GE,2025-03-13,2.7,-1.3,7.3,1.3,12.8,9.383616666666665
NL-GE,2025-03-14,2.4,-1.4,6.3,0.9,14.3,10.847005555555556
NL-GE,2025-03-15,2.7,-0.4,6.8,0.1,20.0,9.533458333333332
NL-GE,2025-03-16,3.6,-1.4,8.4,0.0,15.9,11.0
NL-GE,2025-03-17,4.6,1.1,8.6,0.0,20.1,11.504833333333334
NL-GE,2025-03-18,3.7,-1.4,9.4,0.0,16.6,11.68020277777778
NL-GE,2025-03-19,7.0,0.1,15.3,0.0,10.8,11.682502777777778
NL-GE,2025-03-20,10.1,4.4,17.1,0.0,11.4,11.667722222222222
NL-GE,2025-03-21,12.2,5.5,20.7,0.0,21.7,11.75671388888889
NL-GE,2025-03-22,13.4,10.5,17.4,0.0,17.8,10.708791666666666
NL-GE,2025-03-23,11.6,8.3,16.2,2.7,13.3,9.864308333333334
NL-GE,2025-03-24,10.7,5.8,16.0,0.3,13.6,9.72496388888889
NL-GE,2025-03-25,8.1,3.9,13.1,0.4,15.4,9.762452777777778
NL-GE,2025-03-26,8.2,5.3,11.3,0.1,13.2,1.0788777777777778
NL-GE,2025-03-27,7.6,2.1,14.1,0.0,6.9,11.97903611111111
NL-GE,2025-03-28,8.4,3.8,12.7,1.5,14.7,10.83806111111111
NL-GE,2025-03-29,8.8,5.5,13.0,0.0,13.6,11.998211111111111
NL-GE,2025-03-30,9.2,5.5,12.1,0.8,28.7,7.607411111111111
NL-GE,2025-03-31,8.6,5.3,12.3,0.0,18.4,12.381413888888888
NL-GE,2025-04-01,7.6,2.3,13.2,0.0,22.3,12.570741666666667
NL-GE,2025-04-02,10.2,5.1,16.3,0.0,25.2,12.760477777777778
NL-GE,2025-04-03,13.0,8.3,18.8,0.0,17.9,12.805200000000001
NL-GE,2025-04-04,13.2,6.5,20.4,0.0,18.0,12.843455555555556
NL-GE,2025-04-05,10.0,5.3,15.0,0.0,18.9,12.881675
NL-GE,2025-04-06,7.1,3.3,11.0,0.0,18.8,12.919833333333333
NL-GE,2025-04-07,7.0,1.2,12.6,0.0,13.7,12.957891666666667
NL-GE,2025-04-08,8.4,2.0,15.0,0.0,13.9,12.995816666666668
NL-GE,2025-04-09,8.0,3.4,13.5,0.0,15.5,13.0
NL-GE,2025-04-10,9.5,6.4,13.7,0.0,12.8,12.143725000000002
NL-GE,2025-04-11,10.1,3.5,17.7,0.0,12.9,13.0
NL-GE,2025-04-12,13.9,6.7,21.3,0.0,18.5,13.01628611111111
NL-GE,2025-04-13,14.2,10.9,17.0,2.8,23.9,9.205300000000001
NL-GE,2025-04-14,12.3,8.8,16.6,0.2,17.5,11.528572222222222
NL-GE,2025-04-15,14.1,9.2,20.8,3.3,15.7,9.35859722222222
NL-GE,2025-04-16,10.8,9.7,12.1,3.8,13.2,1.4413472222222223
NL-GE,2025-04-17,9.3,8.4,10.9,4.7,14.2,0.0
NL-GE,2025-04-18,9.8,7.4,14.6,2.4,10.4,5.899441666666667
NL-GE,2025-04-19,9.6,4.8,14.5,0.0,14.0,13.029738888888888
NL-GE,2025-04-20,10.3,4.1,17.0,1.3,13.9,11.05626111111111
NL-GE,2025-04-21,12.0,8.8,15.6,5.9,11.2,8.528244444444445
NL-GE,2025-04-22,12.0,8.5,15.8,1.1,13.9,9.181911111111111
NL-GE,2025-04-23,11.9,9.1,16.0,1.8,10.8,6.742447222222222
NL-GE,2025-04-24,10.7,9.2,12.0,20.0,18.7,0.0
NL-GE,2025-04-25,10.5,6.7,15.3,0.0,15.9,13.528619444444445
NL-GE,2025-04-26,11.6,5.8,17.5,0.0,13.0,13.831308333333332
NL-GE,2025-04-27,13.2,7.7,19.0,0.0,11.2,14.136244444444445
NL-GE,2025-04-28,14.1,6.7,20.3,0.0,10.7,14.000719444444444
NL-GE,2025-04-29,15.2,8.8,21.6,0.0,13.1,14.390374999999999
NL-GE,2025-04-30,16.7,10.4,23.4,0.0,12.2,14.40451388888889
NL-GE,2025-05-01,18.7,11.6,25.8,0.0,10.3,14.485169444444445
NL-GE,2025-05-02,18.7,12.3,24.7,0.0,14.3,14.769252777777778
NL-GE,2025-05-03,13.3,8.7,19.1,0.0,19.2,13.879436111111112
NL-GE,2025-05-04,10.4,7.7,13.8,1.4,16.6,11.999880555555556
NL-GE,2025-05-05,9.3,4.2,14.1,0.2,19.0,13.686261111111111
NL-GE,2025-05-06,9.5,4.6,13.8,0.0,17.0,7.151827777777778
NL-GE,2025-05-07,11.3,5.5,16.8,0.1,20.3,13.640336111111111
NL-GE,2025-05-08,12.5,6.5,17.0,0.0,16.8,11.255577777777779
NL-GE,2025-05-09,13.0,6.2,18.7,0.0,17.7,14.948030555555556
NL-GE,2025-05-10,14.8,7.8,21.0,0.0,14.1,15.0
NL-GE,2025-05-11,17.2,10.1,23.3,0.0,16.7,15.0
NL-GE,2025-05-12,17.7,12.5,22.2,0.0,16.4,15.0
NL-GE,2025-05-13,16.5,10.4,21.7,0.0,16.6,15.0
NL-GE,2025-05-14,14.9,9.3,21.2,0.0,18.4,15.0
NL-GE,2025-05-15,13.8,9.3,18.5,0.0,18.3,13.26046388888889
NL-GE,2025-05-16,12.4,6.4,18.4,0.0,19.1,15.0
NL-GE,2025-05-17,13.4,7.8,18.7,0.0,15.9,14.657916666666667
NL-GE,2025-05-18,14.5,11.3,18.0,0.2,13.5,12.836361111111112
NL-GE,2025-05-19,14.9,7.6,20.9,0.0,14.9,14.515138888888888
NL-GE,2025-05-20,16.2,10.0,22.0,0.0,16.0,15.0
NL-GE,2025-05-21,13.2,8.2,18.1,0.1,20.0,13.754272222222221
NL-GE,2025-05-22,11.3,7.6,14.0,0.6,22.2,12.898372222222221
NL-GE,2025-05-23,10.1,6.6,13.4,2.1,23.2,15.0
NL-GE,2025-05-24,10.5,6.6,13.8,6.1,21.7,0.14856666666666668
NL-GE,2025-05-25,15.4,13.1,18.8,3.5,27.0,10.0
NL-GE,2025-05-26,14.5,11.8,17.5,1.1,23.3,14.862133333333333
NL-GE,2025-05-27,14.3,12.1,17.4,10.8,28.8,2.5691444444444445
NL-GE,2025-05-28,14.4,11.2,16.4,14.1,26.8,9.268280555555554
NL-GE,2025-05-29,13.6,8.5,18.4,0.8,25.6,1.8258444444444444
NL-GE,2025-05-30,17.9,13.9,22.1,0.3,19.9,13.698069444444446
NL-GE,2025-05-31,18.7,11.8,25.2,6.3,19.3,12.852205555555557
NL-GE,2025-06-01,17.4,14.8,20.2,0.3,22.1,10.203288888888888
NL-GE,2025-06-02,14.8,10.9,18.3,1.0,16.0,15.15326111111111
NL-GE,2025-06-03,16.6,10.0,22.7,0.0,23.4,14.00868611111111
NL-GE,2025-06-04,16.0,14.0,18.3,0.7,20.3,9.649841666666667
NL-GE,2025-06-05,14.5,11.4,17.6,6.8,22.8,7.747244444444445
NL-GE,2025-06-06,15.4,13.1,19.2,12.4,26.5,13.092836111111112
NL-GE,2025-06-07,13.6,11.6,16.0,11.3,22.7,9.040452777777778
NL-GE,2025-06-08,12.8,10.7,15.4,8.7,30.4,14.383180555555555
NL-GE,2025-06-09,14.0,10.2,17.7,3.4,15.3,14.703866666666666
NL-GE,2025-06-10,14.5,11.9,17.2,2.8,29.7,6.1257777777777775
NL-GE,2025-06-11,14.6,9.0,19.5,0.0,11.8,15.583338888888887
NL-GE,2025-06-12,18.4,11.4,25.6,0.0,20.2,15.577188888888887
NL-GE,2025-06-13,24.1,17.5,30.7,0.0,15.9,15.358833333333335
NL-GE,2025-06-14,24.2,20.8,30.1,2.9,17.2,11.509075
NL-GE,2025-06-15,18.7,15.8,22.3,0.0,17.3,12.480683333333333
NL-GE,2025-06-16,18.5,13.2,23.8,0.5,14.9,15.68878611111111
NL-GE,2025-06-17,19.2,11.9,25.2,0.0,12.5,13.312997222222222
NL-GE,2025-06-18,20.2,14.0,26.0,0.0,16.4,15.601402777777778
NL-GE,2025-06-19,19.1,13.5,24.0,0.0,12.2,15.811991666666666
NL-GE,2025-06-20,19.1,12.1,25.1,0.0,12.9,15.293738888888889
NL-GE,2025-06-21,22.2,14.3,28.2,0.0,12.0,15.966430555555556
NL-GE,2025-06-22,23.2,18.3,29.2,0.9,17.8,13.088980555555557
NL-GE,2025-06-23,18.4,15.7,20.1,1.8,27.5,10.488633333333334
NL-GE,2025-06-24,17.6,13.7,20.7,0.0,28.7,8.624630555555555
NL-GE,2025-06-25,21.4,16.6,25.7,0.3,18.1,14.144211111111112
NL-GE,2025-06-26,20.1,17.9,23.0,7.6,29.4,8.594405555555555
NL-GE,2025-06-27,18.4,15.3,21.6,3.9,19.4,8.366252777777778
NL-GE,2025-06-28,21.2,17.4,25.2,0.1,20.4,12.474086111111111
NL-GE,2025-06-29,22.5,17.8,27.8,0.0,15.0,15.717963888888889
NL-GE,2025-06-30,22.1,14.9,28.8,0.0,13.4,15.873041666666666
NL-GE,2025-07-01,26.2,18.0,33.4,0.0,12.7,15.591119444444445
NL-GE,2025-07-02,24.7,18.0,32.1,5.0,20.4,13.847672222222222
NL-GE,2025-07-03,18.5,14.4,22.6,0.2,16.5,15.599230555555556
NL-GE,2025-07-04,18.3,11.5,23.9,0.0,15.0,15.07496388888889
NL-GE,2025-07-05,18.7,15.4,22.1,0.9,25.0,7.480541666666667
NL-GE,2025-07-06,17.7,15.1,20.3,13.3,20.9,6.0242249999999995
NL-GE,2025-07-07,15.8,13.6,18.1,2.4,22.1,14.728866666666667
NL-GE,2025-07-08,15.1,12.0,19.5,0.4,20.1,10.030675
NL-GE,2025-07-09,17.4,12.8,22.4,0.3,12.4,14.611263888888889
NL-GE,2025-07-10,18.6,12.8,23.7,0.0,13.0,15.363541666666666
NL-GE,2025-07-11,19.1,14.2,23.4,0.1,13.1,13.238166666666666
NL-GE,2025-07-12,19.8,13.9,26.1,0.0,18.2,13.248530555555556
NL-GE,2025-07-13,20.0,15.9,23.8,4.6,8.8,13.703752777777778
NL-GE,2025-07-14,20.3,15.7,25.1,0.7,17.8,12.67865
NL-GE,2025-07-15,19.0,15.9,21.5,1.0,19.3,14.820044444444445
NL-GE,2025-07-16,16.6,13.9,19.2,7.2,22.9,10.050877777777778
NL-GE,2025-07-17,17.9,13.2,22.1,0.0,12.7,13.862344444444446
NL-GE,2025-07-18,19.7,13.7,25.4,0.0,11.8,14.91506388888889
NL-GE,2025-07-19,22.6,16.3,29.0,0.2,15.5,13.230197222222221
NL-GE,2025-07-20,21.1,17.9,27.1,3.9,15.7,8.030911111111111
NL-GE,2025-07-21,19.2,15.8,23.9,9.2,19.0,12.384047222222222
NL-GE,2025-07-22,17.9,14.5,22.3,3.8,20.1,10.07371388888889
NL-GE,2025-07-23,18.5,16.0,21.8,2.5,14.7,11.35563888888889
NL-GE,2025-07-24,19.2,14.9,23.8,0.7,9.9,14.724302777777778
NL-GE,2025-07-25,18.9,15.3,22.4,2.3,14.6,11.200788888888887
NL-GE,2025-07-26,19.1,13.9,24.3,1.3,12.4,12.731297222222222
NL-GE,2025-07-27,18.5,16.4,21.3,0.4,14.7,11.929758333333332
NL-GE,2025-07-28,16.9,13.6,20.6,2.5,19.4,14.35461111111111
NL-GE,2025-07-29,17.2,13.1,22.3,0.8,17.3,13.234097222222223
NL-GE,2025-07-30,17.0,13.1,20.8,0.8,19.7,13.664897222222221
NL-GE,2025-07-31,17.8,14.8,22.0,5.9,16.0,9.725091666666668
NL-GE,2025-08-01,16.2,14.3,19.0,7.8,18.5,10.294588888888889
NL-GE,2025-08-02,16.0,13.6,19.6,3.3,20.5,8.351091666666667
NL-GE,2025-08-03,17.7,13.9,22.6,6.3,21.1,12.026075
NL-GE,2025-08-04,19.6,16.4,23.6,3.9,22.6,4.740741666666666
NL-GE,2025-08-05,17.6,14.7,20.0,3.2,25.3,13.934161111111113
NL-GE,2025-08-06,17.0,12.8,21.0,0.0,19.1,14.513541666666667
NL-GE,2025-08-07,18.8,14.1,24.4,0.1,17.9,11.625283333333332
NL-GE,2025-08-08,20.1,17.3,23.5,0.3,14.8,7.729258333333334
NL-GE,2025-08-09,18.4,13.4,24.5,0.0,17.3,11.812252777777777
NL-GE,2025-08-10,18.9,13.5,24.6,0.0,12.4,14.329691666666667
NL-GE,2025-08-11,20.4,13.4,27.0,0.0,12.5,14.340788888888888
NL-GE,2025-08-12,23.0,15.5,30.1,0.0,14.5,14.233905555555555
NL-GE,2025-08-13,24.9,17.4,31.7,0.0,11.8,14.095225
NL-GE,2025-08-14,24.6,19.6,31.4,0.0,16.7,13.339480555555555
NL-GE,2025-08-15,21.8,16.5,27.7,0.0,14.3,13.949922222222222
NL-GE,2025-08-16,18.8,15.0,21.4,0.5,15.5,7.302361111111111
NL-GE,2025-08-17,16.2,11.5,19.6,0.4,11.9,2.4818805555555556
NL-GE,2025-08-18,19.5,14.9,24.8,0.0,16.3,11.921302777777779
NL-GE,2025-08-19,20.0,14.0,26.7,0.0,18.5,13.48855
NL-GE,2025-08-20,17.9,12.9,22.8,0.0,15.5,12.836102777777779
NL-GE,2025-08-21,16.5,12.4,21.6,0.0,19.3,11.069158333333334
NL-GE,2025-08-22,15.4,12.9,18.1,0.7,15.2,8.198794444444445
NL-GE,2025-08-23,15.3,13.1,18.6,1.6,15.2,13.120752777777778
NL-GE,2025-08-24,14.5,8.7,20.1,0.0,11.2,13.245247222222222
NL-GE,2025-08-25,15.8,9.5,22.4,0.0,5.9,13.04803888888889
NL-GE,2025-08-26,18.1,11.5,25.2,0.8,13.8,10.752769444444445
NL-GE,2025-08-27,19.3,15.4,23.9,0.0,12.2,10.65195
NL-GE,2025-08-28,18.7,15.5,23.3,2.2,17.6,10.300119444444444
NL-GE,2025-08-29,16.9,13.2,22.2,1.7,19.4,10.750947222222223
NL-GE,2025-08-30,17.1,13.3,21.4,0.4,18.6,9.131797222222222
NL-GE,2025-08-31,19.0,16.7,23.4,0.9,16.0,6.491238888888889
NL-GE,2025-09-01,18.0,16.0,21.6,8.6,14.8,8.569650000000001
NL-GE,2025-09-02,17.2,13.8,20.9,0.4,18.4,12.741494444444443
NL-GE,2025-09-03,18.7,15.6,22.3,2.7,29.5,5.206111111111111
NL-GE,2025-09-04,18.4,15.0,22.1,0.7,21.2,10.52751388888889
NL-GE,2025-09-05,16.4,13.1,19.8,1.2,14.1,12.994188888888889
NL-GE,2025-09-06,15.8,10.1,21.8,0.0,14.5,11.300155555555556
NL-GE,2025-09-07,19.3,14.0,25.7,0.0,20.2,12.940594444444445
NL-GE,2025-09-08,19.2,16.8,23.3,6.7,14.1,9.499463888888888
NL-GE,2025-09-09,14.5,11.1,16.0,29.9,12.7,3.191738888888889
NL-GE,2025-09-10,13.6,8.4,18.9,0.3,14.4,8.149302777777779
NL-GE,2025-09-11,15.8,14.2,18.0,5.0,24.4,11.909316666666667
NL-GE,2025-09-12,14.4,12.0,17.8,0.4,27.4,12.608841666666667
NL-GE,2025-09-13,14.3,12.5,17.8,3.1,23.0,10.052908333333333
NL-GE,2025-09-14,14.2,10.4,18.2,1.4,20.5,10.434005555555554
NL-GE,2025-09-15,16.6,14.9,18.4,7.3,34.7,11.919274999999999
NL-GE,2025-09-16,14.1,12.3,16.1,5.6,32.9,11.052402777777779
NL-GE,2025-09-17,14.0,12.0,16.8,4.7,21.4,0.0
NL-GE,2025-09-18,18.1,16.6,21.0,0.4,23.4,1.7767055555555555
NL-GE,2025-09-19,18.7,14.0,24.0,0.0,14.0,11.532886111111111
NL-GE,2025-09-20,19.6,16.7,23.8,3.2,18.0,5.223097222222223
NL-GE,2025-09-21,15.5,11.0,20.1,0.0,24.8,1.3436333333333332
NL-GE,2025-09-22,11.9,9.0,15.7,0.0,18.6,11.07105
NL-GE,2025-09-23,12.0,7.7,16.5,0.2,16.4,11.0
NL-GE,2025-09-24,11.1,7.2,15.1,0.0,23.9,11.070758333333334
NL-GE,2025-09-25,11.3,8.7,14.3,0.3,25.6,8.0
NL-GE,2025-09-26,12.1,9.6,14.7,0.0,17.0,6.298113888888889
NL-GE,2025-09-27,12.2,8.8,16.2,1.4,10.1,10.16991111111111
NL-GE,2025-09-28,12.9,7.9,18.6,0.0,6.4,11.0
NL-GE,2025-09-29,13.9,10.1,18.7,0.0,10.6,11.0
NL-GE,2025-09-30,12.2,8.7,16.3,0.1,7.4,8.584025
NL-GE,2025-10-01,10.9,6.8,15.8,0.0,11.1,11.0
NL-GE,2025-10-02,11.2,7.7,16.1,0.0,15.1,8.428216666666668
NL-GE,2025-10-03,11.5,9.9,13.5,4.5,26.0,0.2241111111111111
NL-GE,2025-10-04,12.4,9.7,16.0,23.4,34.5,6.013075
NL-GE,2025-10-05,11.2,9.5,12.9,1.6,25.6,4.084752777777778
NL-GE,2025-10-06,12.6,9.8,14.7,0.7,20.0,0.0
NL-GE,2025-10-07,14.6,12.1,18.0,0.4,16.0,3.708325
NL-GE,2025-10-08,14.3,12.7,16.2,0.4,11.2,3.5855111111111113
NL-GE,2025-10-09,13.1,10.1,15.5,1.1,12.5,6.038580555555555
NL-GE,2025-10-10,14.3,11.4,17.4,0.0,12.8,5.375330555555555
NL-GE,2025-10-11,14.2,12.7,16.5,0.3,10.7,1.4960666666666667
NL-GE,2025-10-12,13.7,12.2,15.4,0.0,11.4,0.38134999999999997
NL-GE,2025-10-13,13.7,11.3,16.4,0.4,10.4,2.6623916666666667
NL-GE,2025-10-14,12.7,11.0,15.8,0.4,11.5,2.4748444444444444
NL-GE,2025-10-15,12.7,10.9,14.8,0.6,8.0,3.9023472222222226
NL-GE,2025-10-16,12.1,9.0,15.1,0.5,13.3,6.900138888888889
NL-GE,2025-10-17,11.9,9.6,14.7,0.0,12.4,7.430383333333333
NL-GE,2025-10-18,9.8,7.7,12.2,0.0,12.7,8.817458333333333
NL-GE,2025-10-19,9.8,7.0,13.0,0.2,16.7,8.945375
NL-GE,2025-10-20,14.2,12.2,17.2,2.4,20.1,7.1700944444444445
NL-GE,2025-10-21,13.1,12.3,14.4,8.3,27.5,6.597019444444444
NL-GE,2025-10-22,12.2,10.6,14.1,1.1,16.2,6.446908333333333
NL-GE,2025-10-23,11.6,9.7,14.2,11.9,36.7,4.691097222222222
NL-GE,2025-10-24,9.2,8.3,10.8,3.0,30.8,8.9542
NL-GE,2025-10-25,9.1,6.8,11.5,3.8,30.4,3.3255611111111114
NL-GE,2025-10-26,7.5,5.8,10.1,7.6,32.0,7.364808333333333
NL-GE,2025-10-27,8.4,6.8,9.7,8.2,28.6,5.684716666666667
NL-GE,2025-10-28,10.0,6.7,12.8,4.6,26.7,6.0
NL-GE,2025-10-29,11.2,9.0,13.5,2.3,20.0,4.998197222222222
NL-GE,2025-10-30,9.9,8.0,12.2,8.0,27.0,9.008580555555556
NL-GE,2025-10-31,9.8,7.3,12.4,0.2,15.3,0.9305000000000001
NL-GE,2025-11-01,11.6,10.1,13.4,7.1,22.9,0.0
NL-GE,2025-11-02,10.3,8.6,12.9,1.9,20.7,6.3480638888888885
NL-GE,2025-11-03,9.4,6.1,12.5,0.0,26.1,3.6902333333333335
NL-GE,2025-11-04,13.1,11.4,15.7,0.0,20.7,6.687072222222222
NL-GE,2025-11-05,12.4,10.7,15.6,0.0,16.3,8.908430555555555
NL-GE,2025-11-06,10.4,7.2,14.6,0.0,12.2,8.280744444444444
NL-GE,2025-11-07,10.3,7.3,15.0,0.0,9.0,8.85153611111111
NL-GE,2025-11-08,9.0,5.5,13.4,0.3,8.0,8.823661111111111
NL-GE,2025-11-09,10.2,7.8,13.1,1.5,11.6,8.362180555555556
NL-GE,2025-11-10,7.8,5.4,10.6,3.0,17.3,2.7069
NL-GE,2025-11-11,10.1,8.6,12.7,1.7,19.4,2.3497055555555555
NL-GE,2025-11-12,11.5,9.8,14.9,0.0,18.4,8.257052777777778
NL-GE,2025-11-13,12.8,10.4,15.1,0.8,19.4,2.6410833333333334
NL-GE,2025-11-14,11.3,9.8,12.3,11.1,18.3,0.0
NL-GE,2025-11-15,8.2,7.8,9.0,5.9,17.6,0.0
NL-GE,2025-11-16,6.4,2.4,7.7,1.0,14.6,0.0
NL-GE,2025-11-17,4.4,2.4,6.8,0.8,20.4,8.029911111111112
NL-GE,2025-11-18,3.7,2.3,5.8,1.6,18.8,4.798591666666667
NL-GE,2025-11-19,4.3,2.8,5.4,12.9,22.1,0.0
NL-GE,2025-11-20,1.8,-0.9,4.4,0.3,14.0,5.842675
NL-GE,2025-11-21,1.4,-0.8,4.9,0.1,10.8,8.036019444444443
NL-GE,2025-11-22,0.7,-1.1,2.8,0.2,17.7,7.137766666666667
NL-GE,2025-11-23,1.9,-0.3,4.2,1.9,23.9,0.1657111111111111
NL-GE,2025-11-24,4.9,3.3,7.3,1.6,18.7,3.142419444444444
NL-GE,2025-11-25,3.6,1.9,5.8,3.4,12.0,0.6043972222222223
NL-GE,2025-11-26,2.8,0.9,5.4,0.0,12.1,6.415205555555556
NL-GE,2025-11-27,4.0,0.8,7.1,0.6,20.9,0.0
NL-GE,2025-11-28,8.2,7.3,9.1,0.3,19.5,0.0
NL-GE,2025-11-29,8.5,7.1,9.9,1.0,20.6,1.0
NL-GE,2025-11-30,6.8,5.4,9.6,2.1,22.0,4.363861111111111
NL-GE,2025-12-01,4.9,2.0,7.0,0.2,24.2,1.8005472222222223
NL-GE,2025-12-02,7.1,5.8,8.8,0.2,23.7,1.0
NL-GE,2025-12-03,6.9,5.7,8.6,0.8,11.6,0.63585
NL-GE,2025-12-04,5.8,4.7,7.5,0.4,17.2,7.043444444444445
NL-GE,2025-12-05,4.5,3.3,5.5,0.0,15.9,0.5182277777777777
NL-GE,2025-12-06,6.8,4.1,9.1,7.2,23.4,0.0
NL-GE,2025-12-07,9.6,7.7,13.1,11.1,27.5,2.3707194444444446
NL-GE,2025-12-08,11.7,9.7,13.0,1.5,28.3,0.5583305555555556
NL-GE,2025-12-09,11.9,11.0,13.0,1.1,19.9,0.0
NL-GE,2025-12-10,11.9,9.6,12.9,0.9,19.5,1.920113888888889
NL-GE,2025-12-11,7.6,5.4,9.3,0.0,21.4,4.306663888888889
NL-GE,2025-12-12,6.8,3.2,10.2,0.0,14.6,1.700136111111111
NL-GE,2025-12-13,7.8,3.9,9.8,0.1,14.0,4.847844444444445
NL-GE,2025-12-14,5.9,3.8,7.9,0.0,20.3,0.0
NL-GE,2025-12-15,6.1,3.5,8.1,0.0,17.7,6.242105555555556
NL-GE,2025-12-16,8.0,6.3,10.8,0.1,14.4,6.493630555555556
NL-GE,2025-12-17,7.2,4.9,8.7,0.2,17.1,0.0
NL-GE,2025-12-18,9.1,5.8,11.8,0.0,24.4,2.9692861111111113
NL-GE,2025-12-19,10.0,5.6,12.7,4.1,23.8,1.080313888888889
NL-GE,2025-12-20,4.7,2.3,6.3,0.0,13.0,4.073933333333334
NL-GE,2025-12-21,8.1,6.2,10.5,0.0,17.6,6.0
NL-GE,2025-12-22,5.4,3.5,7.0,0.0,17.3,4.465625
NL-GE,2025-12-23,4.0,2.5,5.2,0.0,25.9,0.0
NL-GE,2025-12-24,0.5,-1.5,2.4,0.0,29.0,6.098422222222222
NL-GE,2025-12-25,-3.1,-4.9,-1.0,0.0,26.0,7.0
NL-GE,2025-12-26,-2.1,-5.0,2.2,0.0,17.3,7.083833333333333
NL-GE,2025-12-27,0.0,-3.5,3.7,0.0,15.6,0.8986194444444445
NL-GE,2025-12-28,1.3,-2.6,3.8,0.0,11.0,7.0
NL-GE,2025-12-29,1.1,-3.0,4.1,0.0,13.1,0.7793222222222222
NL-GE,2025-12-30,2.1,-0.1,5.1,0.0,14.3,7.0
NL-GE,2025-12-31,1.1,-1.2,3.4,0.0,18.2,4.0
NL-GE,2026-01-01,2.7,1.6,3.7,3.4,29.3,0.0
NL-GE,2026-01-02,1.1,0.4,1.7,7.8,26.5,3.9629972222222225
NL-GE,2026-01-03,0.1,-0.8,1.2,6.2,22.6,2.403013888888889
NL-GE,2026-01-04,-0.6,-2.3,0.8,1.0,19.5,5.32875
NL-GE,2026-01-05,-2.6,-4.0,-0.7,6.7,16.4,0.27341944444444444
NL-GE,2026-01-06,-2.8,-5.6,-1.1,1.0,16.1,6.900144444444445
NL-GE,2026-01-07,-1.1,-3.8,0.7,4.3,28.9,0.0
NL-GE,2026-01-08,0.8,-0.8,1.4,0.8,18.8,2.8711611111111113
NL-GE,2026-01-09,1.7,-0.2,3.0,18.1,23.5,0.0
NL-GE,2026-01-10,-3.3,-4.6,-0.6,2.5,21.7,3.7948805555555554
NL-GE,2026-01-11,-4.0,-7.4,-0.4,0.0,20.6,5.13625
NL-GE,2026-01-12,2.5,-0.5,4.6,4.7,23.7,0.0
NL-GE,2026-01-13,6.5,3.9,8.8,0.3,17.2,0.11863055555555556
NL-GE,2026-01-14,5.9,2.4,7.4,3.4,16.8,6.735172222222222
NL-GE,2026-01-15,8.1,5.9,9.9,0.3,20.3,0.21853611111111113
NL-GE,2026-01-16,9.2,6.8,10.6,0.4,25.4,6.154075
NL-GE,2026-01-17,7.2,4.4,10.9,0.2,14.1,7.852744444444444
NL-GE,2026-01-18,2.2,0.2,4.6,0.0,10.5,7.874980555555555
NL-GE,2026-01-19,1.6,0.0,4.5,0.0,10.7,7.332133333333333
NL-GE,2026-01-20,1.0,-1.0,4.3,0.0,11.8,7.936586111111111
NL-GE,2026-01-21,2.7,0.5,6.4,0.3,15.5,4.126194444444444
NL-GE,2026-01-22,1.4,-1.0,4.2,0.0,13.9,8.048247222222221
NL-GE,2026-01-23,3.5,1.3,7.2,0.1,16.1,7.043880555555556
NL-GE,2026-01-24,2.2,-0.6,5.9,0.0,13.8,6.4510194444444435
NL-GE,2026-01-25,-0.8,-2.1,1.3,0.0,13.9,3.5696361111111115
NL-GE,2026-01-26,0.3,-1.6,2.2,0.0,12.2,0.0
NL-GE,2026-01-27,0.8,-1.9,3.9,3.0,18.2,0.0
NL-GE,2026-01-28,2.2,-0.4,3.3,0.5,14.7,0.0
NL-GE,2026-01-29,-0.1,-0.9,0.5,4.3,12.9,0.0
NL-GE,2026-01-30,1.9,-0.3,5.0,0.0,15.5,7.5094
NL-GE,2026-01-31,4.9,2.5,8.7,1.1,15.7,5.8011833333333325
NL-GE,2026-02-01,4.9,2.7,8.4,0.2,13.4,6.980005555555556
NL-GE,2026-02-02,3.7,-0.3,7.0,0.2,19.8,8.391916666666667
NL-GE,2026-02-03,-0.7,-2.8,1.7,1.3,22.0,0.14232777777777778
NL-GE,2026-02-04,3.6,1.6,7.8,0.4,21.0,8.47733888888889
NL-GE,2026-02-05,1.1,-0.7,4.2,0.1,20.2,6.547538888888889
NL-GE,2026-02-06,3.3,0.2,6.1,2.0,14.9,0.9374972222222222
NL-GE,2026-02-07,7.0,4.2,11.5,0.1,13.2,8.801325
NL-GE,2026-02-08,4.6,1.9,7.5,0.0,12.8,8.918230555555557
NL-GE,2026-02-09,3.1,0.4,6.9,0.0,16.0,3.926027777777778
NL-GE,2026-02-10,4.5,1.4,7.6,1.1,12.6,0.0
NL-GE,2026-02-11,8.0,5.9,10.4,4.2,18.8,0.4521916666666667
NL-GE,2026-02-12,7.6,6.3,9.9,11.9,18.5,2.593997222222222
NL-GE,2026-02-13,2.8,0.7,5.9,0.0,18.3,0.0
NL-GE,2026-02-14,-0.5,-3.5,1.3,0.0,18.4,6.4558
NL-GE,2026-02-15,-0.7,-4.1,4.2,3.0,21.0,7.0
NL-GE,2026-02-16,2.7,0.3,6.2,5.5,16.8,9.12797222222222
NL-GE,2026-02-17,3.2,1.3,6.4,2.4,24.8,6.721788888888889
NL-GE,2026-02-18,1.2,0.2,2.7,0.0,24.2,4.638947222222222
NL-GE,2026-02-19,1.6,0.7,3.0,7.1,26.5,0.0
NL-GE,2026-02-20,3.9,0.6,7.0,1.8,25.5,0.0
NL-GE,2026-02-21,8.4,6.5,10.9,1.2,25.5,3.5962388888888888
NL-GE,2026-02-22,10.5,9.5,11.3,7.8,24.7,0.0
NL-GE,2026-02-23,8.9,7.8,10.5,3.2,28.2,6.398758333333333
NL-GE,2026-02-24,9.8,7.8,12.2,2.5,14.6,0.0
NL-GE,2026-02-25,11.9,9.5,16.2,0.0,13.9,9.0
NL-GE,2026-02-26,12.2,8.8,16.5,0.0,19.1,9.984966666666667
NL-GE,2026-02-27,11.9,9.2,16.4,4.4,18.1,8.087608333333334
NL-GE,2026-02-28,10.1,5.7,12.6,3.0,34.6,5.975994444444445
NL-GE,2026-03-01,8.4,3.6,13.0,0.3,25.3,8.0
NL-GE,2026-03-02,10.2,5.7,15.6,0.0,15.2,10.244669444444444
NL-GE,2026-03-03,10.0,5.5,16.5,0.0,13.2,10.438502777777778
NL-GE,2026-03-04,8.3,3.0,14.7,0.0,13.6,10.312713888888888
NL-GE,2026-03-05,10.4,6.2,16.3,0.0,16.0,10.686330555555555
NL-GE,2026-03-06,11.0,5.9,17.5,0.0,12.3,10.061780555555556
NL-GE,2026-03-07,10.4,6.0,15.8,0.0,11.3,9.409875000000001
NL-GE,2026-03-08,9.7,5.2,15.9,0.0,12.7,10.81813611111111
NL-GE,2026-03-09,10.1,4.2,17.1,0.0,7.5,10.841116666666666
NL-GE,2026-03-10,10.1,7.1,14.8,0.6,17.2,9.943422222222223
NL-GE,2026-03-11,8.8,6.5,10.1,7.2,23.9,0.09433333333333334
NL-GE,2026-03-12,8.2,4.2,12.2,0.0,30.4,10.532763888888889
NL-GE,2026-03-13,8.0,4.9,10.3,9.7,30.6,0.0
NL-GE,2026-03-14,4.5,2.8,6.7,10.5,10.3,0.00215
NL-GE,2026-03-15,5.7,1.4,10.5,0.0,22.3,11.226541666666668
NL-GE,2026-03-16,6.9,4.3,9.7,4.9,28.1,11.211597222222222
NL-GE,2026-03-17,9.1,5.2,13.4,0.0,13.8,1.268575
NL-GE,2026-03-18,10.1,8.0,14.2,0.0,15.2,11.597044444444444
NL-GE,2026-03-19,9.3,2.9,15.9,0.0,12.5,11.0
NL-GE,2026-03-20,8.3,5.0,12.8,0.0,14.9,11.671169444444445
NL-GE,2026-03-21,6.5,2.1,11.7,0.0,14.9,11.449275
NL-GE,2026-03-22,8.2,3.2,14.1,0.0,15.1,11.788436111111112
NL-GE,2026-03-23,9.1,3.6,15.2,0.0,10.5,11.316933333333333
NL-GE,2026-03-24,10.4,6.1,14.9,0.0,24.5,5.186913888888888
NL-GE,2026-03-25,7.4,3.7,12.3,9.8,33.1,6.135494444444444
NL-GE,2026-03-26,3.5,1.5,6.5,3.5,23.1,11.575680555555556
NL-GE,2026-03-27,4.5,-0.1,9.0,0.0,17.8,6.680275000000001
NL-GE,2026-03-28,6.6,3.6,9.7,3.8,20.8,9.703097222222222
NL-GE,2026-03-29,6.1,2.1,10.1,1.6,27.1,7.3963833333333335
NL-GE,2026-03-30,6.6,4.0,9.4,9.8,27.5,12.196919444444445
NL-GE,2026-03-31,6.9,2.8,11.7,0.3,16.7,11.575277777777778
NL-GE,2026-04-01,7.0,2.3,11.8,0.0,9.2,11.0
NL-GE,2026-04-02,7.2,4.7,11.2,2.4,16.9,3.031794444444444
NL-GE,2026-04-03,7.5,3.2,12.0,0.1,24.9,4.0
NL-GE,2026-04-04,11.8,9.0,14.4,1.0,25.5,6.896202777777778
NL-GE,2026-04-05,11.5,7.2,13.9,1.0,28.8,8.358594444444444
NL-GE,2026-04-06,8.3,4.0,13.1,0.0,10.9,12.912788888888889
NL-GE,2026-04-07,8.6,2.7,14.2,0.0,14.9,12.950630555555554
NL-GE,2026-04-08,11.2,4.8,18.1,0.0,14.5,12.988197222222222
NL-GE,2026-04-09,12.9,6.5,19.6,0.4,11.5,12.1976
NL-GE,2026-04-10,9.5,6.9,13.5,1.5,21.6,8.68726111111111
NL-GE,2026-04-11,10.4,5.6,17.8,4.1,22.0,7.208125
NL-GE,2026-04-12,9.6,5.2,14.2,0.0,16.3,10.131652777777777
NL-GE,2026-04-13,8.7,4.7,12.4,1.3,8.9,3.6374666666666666
NL-GE,2026-04-14,9.7,4.4,14.6,0.2,10.4,13.0
NL-GE,2026-04-15,12.2,6.1,18.2,0.0,14.5,12.99563888888889
NL-GE,2026-04-16,13.6,9.8,16.7,0.0,18.3,12.023030555555556
NL-GE,2026-04-17,13.7,7.8,18.4,0.0,8.4,11.08015
NL-GE,2026-04-18,12.9,9.4,17.3,4.1,16.8,9.566238888888888
NL-GE,2026-04-19,9.8,6.2,13.7,0.9,18.2,13.140583333333334
NL-GE,2026-04-20,8.1,4.9,13.0,0.3,17.4,11.211225
NL-GE,2026-04-21,8.9,4.7,13.5,0.2,17.0,13.33145
NL-GE,2026-04-22,10.1,3.3,16.1,0.0,13.6,13.509166666666667
NL-GE,2026-04-23,9.7,3.4,17.7,0.0,14.2,11.712830555555556
NL-GE,2026-04-24,9.9,4.8,16.5,0.0,12.1,13.671038888888889
NL-GE,2026-04-25,10.1,4.0,17.0,0.0,14.7,12.13893611111111
NL-GE,2026-04-26,10.1,4.5,15.7,0.0,12.6,13.946625
NL-GE,2026-04-27,10.4,3.7,17.0,0.0,15.8,12.677541666666666
NL-GE,2026-04-28,12.5,7.0,18.1,0.0,22.3,13.652225000000001
NL-GE,2026-04-29,12.9,6.8,18.1,0.0,21.6,14.386166666666666
NL-GE,2026-04-30,13.7,7.7,19.1,0.0,20.2,14.622727777777778
NL-GE,2026-05-01,16.4,9.4,22.5,0.0,18.0,14.704780555555555
NL-GE,2026-05-02,17.0,10.9,22.8,3.1,13.8,13.313888888888888
NL-GE,2026-05-03,15.2,13.1,19.2,4.1,15.6,6.272605555555556
NL-GE,2026-05-04,14.6,10.5,19.3,2.0,11.2,3.8974305555555557
NL-GE,2026-05-05,10.7,8.8,12.8,1.6,18.3,0.0
NL-GE,2026-05-06,9.7,8.4,11.0,5.5,19.4,0.0
NL-GE,2026-05-07,11.3,5.8,15.4,0.0,14.4,11.34368611111111
NL-GE,2026-05-08,11.9,6.6,16.6,0.0,10.5,13.746783333333333
NL-GE,2026-05-09,13.3,6.8,18.9,0.0,11.6,13.623766666666667
NL-GE,2026-05-10,12.8,7.7,17.7,0.0,22.1,13.0
NL-GE,2026-05-11,8.2,5.7,11.5,2.0,23.9,7.1533444444444445
NL-GE,2026-05-12,8.5,5.4,11.1,0.8,22.7,7.702172222222222
NL-GE,2026-05-13,8.6,6.1,11.3,7.1,18.2,13.347338888888888
NL-GE,2026-05-14,7.8,5.3,11.2,10.7,13.5,9.904152777777776
NL-GE,2026-05-15,7.7,3.9,11.9,3.2,17.5,11.004675
NL-GE,2026-05-16,8.9,5.0,13.3,2.0,17.6,14.651302777777778
NL-GE,2026-05-17,10.9,7.4,15.4,4.7,16.8,6.530138888888889
NL-GE,2026-05-18,11.6,9.7,14.6,9.0,12.9,10.588866666666666
NL-GE,2026-05-19,11.8,7.4,16.4,5.6,17.4,8.608616666666666
NL-GE,2026-05-20,14.1,12.3,17.0,5.9,22.7,13.007975
NL-GE,2026-05-21,15.8,11.8,20.0,0.3,16.4,14.585544444444444
NL-GE,2026-05-22,18.3,11.3,24.1,0.0,7.7,14.292730555555556
NL-GE,2026-05-23,21.7,14.2,28.1,0.0,15.1,15.009025
NL-GE,2026-05-24,20.5,14.2,26.6,0.0,10.4,15.0
NL-GE,2026-05-25,21.3,13.8,27.4,0.0,10.9,15.113019444444445
NL-GE,2026-05-26,23.5,15.7,29.9,0.0,12.6,15.103458333333332
NL-GE,2026-05-27,19.4,15.3,24.0,2.3,14.5,14.686538888888888
NL-GE,2026-05-28,17.3,10.2,23.3,0.0,13.0,15.23496388888889
NL-GE,2026-05-29,20.1,15.6,27.8,4.9,14.9,8.361452777777778
NL-GE,2026-05-30,19.6,13.4,23.9,0.0,10.8,14.371633333333333
NL-GE,2026-05-31,18.9,16.3,22.8,12.8,21.0,12.07871388888889
NL-GE,2026-06-01,18.4,13.8,22.6,0.4,11.8,14.214458333333335
NL-GE,2026-06-02,17.2,14.8,20.7,9.5,17.6,6.21841388888889
NL-GE,2026-06-03,15.4,12.4,19.1,11.8,24.2,10.890372222222222
NL-GE,2026-06-04,14.7,13.2,17.1,14.0,22.8,10.868591666666667
NL-GE,2026-06-05,14.8,12.3,18.5,7.4,18.4,12.506052777777779
NL-GE,2026-06-06,15.2,11.6,19.8,1.8,17.7,9.865547222222222
NL-GE,2026-06-07,15.3,12.9,18.6,0.3,25.2,1.7094833333333335
NL-GE,2026-06-08,16.3,12.8,20.8,5.3,18.2,8.481177777777779
NL-GE,2026-06-09,13.3,11.2,16.8,8.1,21.6,13.935494444444444
NL-GE,2026-06-10,12.5,9.5,16.1,7.7,16.0,15.088927777777778
NL-GE,2026-06-11,12.5,9.2,16.3,4.1,17.7,8.394497222222222
NL-GE,2026-06-12,15.9,11.5,19.8,7.9,22.6,8.249744444444445
NL-GE,2026-06-13,15.2,13.3,17.3,4.4,26.3,13.474952777777778
NL-GE,2026-06-14,14.3,11.9,17.1,0.7,21.7,15.697691666666667
NL-GE,2026-06-15,14.3,10.8,17.9,0.7,16.6,8.653188888888888
NL-GE,2026-06-16,16.9,11.3,22.7,0.0,12.0,10.665391666666668
NL-GE,2026-06-17,18.9,13.8,23.4,0.9,17.8,12.0151
NL-GE,2026-06-18,22.7,16.4,28.3,0.0,13.3,14.935883333333333
NL-GE,2026-06-19,24.1,18.6,31.2,7.1,19.2,13.035561111111111
NL-GE,2026-06-20,23.3,18.6,28.3,3.2,17.5,14.423688888888888
NL-GE,2026-06-21,23.2,18.6,27.6,7.2,14.1,13.575230555555557
NL-GE,2026-06-22,21.8,16.1,26.8,0.0,15.4,15.940916666666668
NL-GE,2026-06-23,21.6,15.4,27.1,0.0,13.8,14.781083333333333
NL-GE,2026-06-24,26.3,19.2,32.3,0.0,12.4,16.111144444444445
NL-GE,2026-06-25,26.7,21.3,31.7,0.0,16.5,15.98366388888889
NL-GE,2026-06-26,28.0,21.5,35.2,0.0,14.5,14.1008
NL-GE,2026-06-27,27.2,22.0,32.8,2.1,19.5,13.991338888888889
NL-GE,2026-06-28,24.0,19.5,28.8,3.0,19.0,15.717419444444443
NL-GE,2026-06-29,21.6,17.8,26.0,0.0,15.1,14.84625
NL-GE,2026-06-30,19.5,15.5,23.8,0.0,12.8,11.199327777777778
NL-GE,2026-07-01,19.4,14.1,24.3,0.5,13.7,15.991430555555556
NL-GE,2026-07-02,18.0,15.4,21.1,3.1,26.2,11.863430555555555
NL-GE,2026-07-03,17.1,13.0,21.4,0.0,17.4,15.724519444444443
NL-GE,2026-07-04,18.3,12.8,23.7,0.6,22.2,14.443233333333334
NL-GE,2026-07-05,18.8,16.1,21.5,1.0,21.3,14.077633333333335
NL-GE,2026-07-06,21.1,16.0,25.4,0.0,23.8,12.47403888888889
NL-GE,2026-07-07,21.2,17.6,25.5,0.0,24.1,12.613280555555555
NL-GE,2026-07-08,19.5,17.0,22.5,0.6,13.0,9.356783333333333
NL-GE,2026-07-09,19.6,14.9,24.8,0.0,10.8,12.615816666666667
NL-GE,2026-07-10,21.0,14.6,27.1,0.0,14.3,15.740483333333334
NL-GE,2026-07-11,22.5,16.3,28.8,0.0,16.7,15.618727777777778
NL-GE,2026-07-12,22.7,17.0,28.2,0.0,17.3,15.623158333333334
NL-GE,2026-07-13,21.5,14.2,28.3,0.0,16.3,15.627886111111112
NL-GE,2026-07-14,23.5,18.5,28.8,0.3,18.8,15.50835
NL-GE,2026-07-15,23.4,17.8,28.4,0.0,19.5,15.514041666666667
NL-GE,2026-07-16,21.4,17.6,24.6,0.8,14.3,13.620852777777777
NL-GE,2026-07-17,20.1,15.4,24.9,1.3,16.4,15.032261111111112
NL-GE,2026-07-18,17.3,14.7,19.6,0.5,16.6,4.691902777777777
NL-GE,2026-07-19,16.5,13.1,20.4,0.0,20.2,14.76625
NL-GE,2026-07-20,16.7,12.9,20.7,0.5,16.2,13.823297222222223
NL-GE,2026-07-21,16.9,11.5,21.9,0.0,15.4,15.066494444444444
NL-GE,2026-07-22,17.0,14.6,20.8,1.3,23.4,11.830666666666668
NL-GE,2026-07-23,17.2,13.4,21.0,0.0,15.6,14.237152777777778
NL-GE,2026-07-24,18.0,13.8,21.7,0.1,7.7,12.451197222222222
NL-GE,2026-07-25,20.4,14.2,26.0,0.1,17.1,14.477974999999999
NL-GE,2026-07-26,18.9,17.3,21.3,6.9,26.1,8.41713888888889
NL-GE,2026-07-27,18.1,15.0,21.3,2.7,21.3,14.680024999999999
NL-GE,2026-07-28,20.8,14.3,27.3,0.0,13.2,15.0
NL-GE,2026-07-29,25.2,18.1,31.8,0.0,9.4,15.032605555555556
NL-GE,2026-07-30,23.3,19.4,29.0,4.4,18.6,9.978777777777777
NL-GE,2026-07-31,20.8,17.2,25.1,0.9,15.7,12.0
NL-GE,2026-08-01,18.7,13.4,23.7,0.0,10.8,14.925394444444445
NL-GE,2026-08-02,20.7,13.8,26.7,0.0,18.7,14.90305
NL-GE,2026-08-03,24.9,17.8,32.2,0.1,17.9,14.877483333333334
NL-GE,2026-08-04,25.3,20.4,30.8,1.0,20.1,12.479858333333333
NL-GE,2026-08-05,22.7,20.2,25.5,1.4,20.5,14.50153888888889
NL-GE,2026-08-06,19.0,15.7,22.2,0.1,20.0,14.625502777777777
NL-GE,2026-08-07,17.2,13.2,21.2,0.1,9.3,13.062577777777777
NL-GE,2026-08-08,18.8,12.5,24.6,0.0,11.0,14.748497222222221
NL-GE,2026-08-09,21.9,14.5,28.0,0.0,14.3,14.089005555555556
NL-GE,2026-08-10,20.7,16.8,25.1,0.1,16.5,13.55191111111111
NL-GE,2026-08-11,17.6,12.1,22.9,0.0,16.3,14.449916666666667
NL-GE,2026-08-12,20.1,12.4,28.0,0.0,15.6,13.50832777777778
NL-GE,2026-08-13,24.2,16.4,31.4,0.0,13.1,14.331202777777778
NL-GE,2026-08-14,26.7,19.7,34.4,0.0,11.6,14.309505555555555
NL-GE,2026-08-15,21.7,18.4,24.7,0.3,13.9,8.245911111111111
NL-GE,2026-08-16,19.7,15.5,24.3,0.0,12.5,11.933486111111112
NL-GE,2026-08-17,16.9,14.7,20.1,6.2,14.7,7.673733333333333
NL-GE,2026-08-18,17.7,14.6,21.2,9.4,22.9,4.517158333333334
NL-GE,2026-08-19,17.1,14.8,19.1,9.7,20.5,1.5297555555555555
NL-GE,2026-08-20,16.7,14.2,21.0,6.3,22.8,12.805744444444445
NL-GE,2026-08-21,16.1,13.6,19.5,5.0,14.0,13.0
NL-GE,2026-08-22,15.5,12.2,19.3,1.1,16.4,13.424391666666667
NL-GE,2026-08-23,15.5,11.5,20.2,0.2,12.7,13.225177777777777
NL-GE,2026-08-24,15.6,10.5,20.4,0.0,16.2,13.349300000000001
NL-GE,2026-08-25,17.8,12.1,23.3,0.0,17.1,13.151530555555556
NL-GE,2026-08-26,19.1,14.3,24.3,0.0,14.6,13.061719444444446
NL-GE,2026-08-27,21.3,15.9,27.8,6.9,13.8,11.128922222222222
NL-GE,2026-08-28,18.2,16.2,20.5,17.8,20.0,1.9520166666666667
NL-GE,2026-08-29,18.2,16.0,21.8,4.6,22.9,8.404547222222222
NL-GE,2026-08-30,18.6,17.0,22.0,3.8,26.6,5.177630555555556
NL-GE,2026-08-31,16.7,14.9,18.6,13.5,26.2,13.0
NL-GE,2026-09-01,17.0,14.6,20.6,1.4,16.9,9.55456388888889
NL-GE,2026-09-02,16.8,13.7,20.6,1.2,16.1,10.201430555555556
NL-GE,2026-09-03,19.1,16.8,22.0,1.5,26.0,8.819927777777778
NL-GE,2026-09-04,19.1,17.0,21.9,4.0,31.5,2.165977777777778
NL-GE,2026-09-05,16.6,13.9,19.9,0.9,23.8,13.0
NL-GE,2026-09-06,16.2,11.4,21.1,0.0,11.4,12.974105555555555
NL-GE,2026-09-07,20.5,15.7,27.7,0.3,18.9,11.212791666666668
NL-GE,2026-09-08,18.5,15.3,22.3,5.0,24.4,6.739425
NL-NB,2023-09-09,22.0,15.4,28.9,0.0,8.8,12.863916666666666
NL-NB,2023-09-10,24.3,18.1,31.4,0.0,9.7,12.822175
NL-NB,2023-09-11,23.6,19.9,28.3,0.0,11.7,10.487852777777777
NL-NB,2023-09-12,20.3,16.4,25.1,8.2,15.5,9.27145
NL-NB,2023-09-13,17.8,14.1,20.1,1.7,17.9,11.333905555555555
NL-NB,2023-09-14,15.0,9.8,20.5,0.0,8.9,9.656022222222223
NL-NB,2023-09-15,16.5,10.5,22.9,0.0,10.2,11.579127777777778
NL-NB,2023-09-16,18.9,13.1,25.4,1.9,9.2,9.375988888888887
NL-NB,2023-09-17,20.2,16.9,24.4,6.5,15.0,8.962261111111111
NL-NB,2023-09-18,19.9,17.0,22.7,1.7,27.3,8.3422
NL-NB,2023-09-19,17.1,14.4,19.8,0.0,34.7,3.7077722222222222
NL-NB,2023-09-20,19.1,16.3,21.7,0.1,28.7,3.8595055555555553
NL-NB,2023-09-21,18.3,14.6,20.7,11.6,23.0,0.0
NL-NB,2023-09-22,13.9,12.0,17.4,2.5,21.2,8.733683333333333
NL-NB,2023-09-23,13.0,10.5,16.7,1.2,21.2,9.901438888888888
NL-NB,2023-09-24,13.8,8.3,19.6,0.0,14.7,11.154530555555555
NL-NB,2023-09-25,15.8,11.9,21.4,0.0,15.0,11.0
NL-NB,2023-09-26,16.4,11.5,21.9,0.0,10.2,8.238344444444445
NL-NB,2023-09-27,17.7,11.7,23.8,0.0,14.4,9.073377777777777
NL-NB,2023-09-28,18.5,14.2,21.1,0.0,19.9,10.0
NL-NB,2023-09-29,17.7,11.8,21.3,4.6,25.8,6.5216361111111105
NL-NB,2023-09-30,14.5,11.3,19.0,0.0,11.3,9.989297222222223
NL-NB,2023-10-01,17.0,11.9,23.1,0.0,14.6,11.0
NL-NB,2023-10-02,19.3,15.1,25.1,0.0,13.0,10.484575
NL-NB,2023-10-03,17.3,13.7,21.7,10.1,25.8,4.0
NL-NB,2023-10-04,14.2,11.1,17.3,0.1,20.5,7.088291666666667
NL-NB,2023-10-05,14.3,12.1,17.4,0.1,17.9,4.598305555555556
NL-NB,2023-10-06,14.9,11.1,19.2,0.0,20.5,10.997136111111113
NL-NB,2023-10-07,17.1,13.4,21.4,0.0,25.6,7.9601750000000004
NL-NB,2023-10-08,16.8,14.0,21.2,0.0,15.5,6.9545
NL-NB,2023-10-09,16.4,14.0,20.7,0.2,15.2,4.9845500000000005
NL-NB,2023-10-10,16.7,12.0,22.5,0.0,18.9,10.347030555555556
NL-NB,2023-10-11,18.2,14.9,21.5,3.6,24.0,8.0
NL-NB,2023-10-12,16.9,15.3,18.8,6.0,20.2,0.2251138888888889
NL-NB,2023-10-13,19.5,17.2,23.8,9.8,31.8,4.801861111111111
NL-NB,2023-10-14,12.7,7.7,18.0,11.1,28.8,9.896780555555557
NL-NB,2023-10-15,7.9,5.3,10.9,1.3,16.9,10.131719444444444
NL-NB,2023-10-16,7.4,3.1,12.5,0.0,8.8,6.013025
NL-NB,2023-10-17,8.9,6.4,12.9,0.0,17.4,8.453272222222221
NL-NB,2023-10-18,10.2,6.5,14.4,6.3,20.4,7.0
NL-NB,2023-10-19,15.5,12.4,19.8,3.5,19.6,4.492177777777778
NL-NB,2023-10-20,13.9,12.6,15.1,15.4,19.9,0.17919444444444446
NL-NB,2023-10-21,13.7,12.0,15.7,0.4,31.8,7.0774
NL-NB,2023-10-22,12.5,10.3,14.4,5.0,29.2,6.114169444444444
NL-NB,2023-10-23,10.5,6.0,14.1,6.0,18.4,5.5468222222222225
NL-NB,2023-10-24,11.6,9.7,13.5,3.1,18.9,4.0
NL-NB,2023-10-25,10.0,8.3,11.5,12.6,19.2,0.0
NL-NB,2023-10-26,9.7,7.2,12.7,0.0,10.5,3.6818916666666666
NL-NB,2023-10-27,10.2,8.5,12.8,12.3,18.7,0.0
NL-NB,2023-10-28,11.3,8.8,14.4,3.8,24.2,8.0
NL-NB,2023-10-29,13.6,12.3,16.2,3.6,30.8,7.72515
NL-NB,2023-10-30,12.3,10.4,14.9,6.7,22.2,3.231413888888889
NL-NB,2023-10-31,10.4,8.7,13.1,4.2,20.2,6.969247222222222
NL-NB,2023-11-01,12.3,10.5,15.3,6.6,25.9,2.029830555555556
NL-NB,2023-11-02,11.9,9.9,14.3,5.4,46.1,7.322375
NL-NB,2023-11-03,9.0,7.7,11.4,2.5,32.3,4.570977777777778
NL-NB,2023-11-04,9.2,7.1,10.4,3.3,26.2,0.8785888888888889
NL-NB,2023-11-05,10.0,8.6,11.1,4.1,28.7,5.319050000000001
NL-NB,2023-11-06,9.7,8.5,12.0,0.3,31.9,8.950016666666667
NL-NB,2023-11-07,8.7,7.0,11.2,0.5,24.7,6.984158333333333
NL-NB,2023-11-08,9.2,7.2,11.3,3.6,32.4,5.136444444444445
NL-NB,2023-11-09,10.0,7.4,11.7,7.4,26.7,4.4557722222222225
NL-NB,2023-11-10,7.6,6.6,8.7,4.4,25.9,1.0
NL-NB,2023-11-11,6.7,4.6,9.6,0.4,18.9,8.79916388888889
NL-NB,2023-11-12,5.8,2.8,9.1,0.0,13.0,4.122630555555555
NL-NB,2023-11-13,10.2,5.1,14.7,12.6,31.7,0.0
NL-NB,2023-11-14,11.0,9.4,13.2,16.4,29.6,3.1069638888888886
NL-NB,2023-11-15,9.7,8.0,11.3,1.6,23.5,6.979797222222222
NL-NB,2023-11-16,6.9,5.2,8.4,0.8,18.9,0.395275
NL-NB,2023-11-17,5.0,3.0,9.0,0.0,9.0,5.815311111111111
NL-NB,2023-11-18,7.1,3.7,12.3,9.7,24.5,0.0
NL-NB,2023-11-19,11.9,11.0,13.3,4.5,29.3,7.866741666666667
NL-NB,2023-11-20,9.6,4.7,11.4,1.0,25.6,5.838522222222222
NL-NB,2023-11-21,6.4,3.0,10.4,0.8,16.5,1.8436416666666666
NL-NB,2023-11-22,3.2,-0.6,5.8,0.1,18.1,4.445211111111111
NL-NB,2023-11-23,9.8,6.3,12.3,0.9,27.2,0.0
NL-NB,2023-11-24,6.4,4.5,11.1,4.5,27.2,2.6145944444444447
NL-NB,2023-11-25,4.6,2.5,7.3,2.3,20.7,7.163741666666667
NL-NB,2023-11-26,4.3,1.6,6.4,1.7,16.1,0.0
NL-NB,2023-11-27,4.6,3.0,6.0,23.6,24.3,0.0
NL-NB,2023-11-28,1.0,-0.9,3.1,1.8,22.4,6.631094444444444
NL-NB,2023-11-29,1.4,-2.6,4.8,2.5,21.9,4.363675
NL-NB,2023-11-30,-0.6,-3.3,1.5,0.0,7.7,3.2773777777777777
NL-NB,2023-12-01,-0.5,-2.3,0.7,0.0,11.8,0.0
NL-NB,2023-12-02,-2.7,-5.6,0.9,0.0,13.2,7.178169444444444
NL-NB,2023-12-03,0.3,-2.3,2.5,2.7,18.3,2.792397222222222
NL-NB,2023-12-04,2.9,2.3,4.4,4.3,18.6,0.0
NL-NB,2023-12-05,3.3,1.7,4.6,2.1,14.8,0.09251666666666666
NL-NB,2023-12-06,2.9,0.5,6.2,0.2,13.7,6.182338888888888
NL-NB,2023-12-07,0.9,-1.6,4.0,0.0,18.3,6.741547222222223
NL-NB,2023-12-08,5.4,2.4,8.4,2.0,17.9,0.52505
NL-NB,2023-12-09,7.7,5.8,10.8,6.5,28.9,0.0
NL-NB,2023-12-10,9.4,8.0,10.9,3.5,36.1,4.460391666666666
NL-NB,2023-12-11,9.2,6.7,10.4,2.2,32.4,2.0
NL-NB,2023-12-12,7.6,4.3,11.1,3.2,16.0,2.0
NL-NB,2023-12-13,7.2,4.2,8.8,4.1,16.8,0.08019444444444444
NL-NB,2023-12-14,5.2,3.7,6.8,0.0,15.1,0.049633333333333335
NL-NB,2023-12-15,6.0,4.1,9.1,0.0,13.0,7.0
NL-NB,2023-12-16,6.2,3.1,9.1,0.0,18.2,1.97235
NL-NB,2023-12-17,7.9,5.0,9.3,0.0,19.6,4.079730555555556
NL-NB,2023-12-18,4.8,3.8,6.0,0.0,20.5,0.0
NL-NB,2023-12-19,6.6,4.9,7.9,7.8,25.0,0.0
NL-NB,2023-12-20,6.7,5.2,8.4,2.4,26.1,0.0
NL-NB,2023-12-21,9.1,6.6,11.2,8.9,37.9,1.0
NL-NB,2023-12-22,7.7,6.2,9.5,5.2,32.0,0.0
NL-NB,2023-12-23,8.7,7.3,10.1,4.4,30.3,0.0
NL-NB,2023-12-24,10.3,8.1,12.0,9.7,30.4,0.0
NL-NB,2023-12-25,11.1,10.5,11.8,13.8,29.9,0.0
NL-NB,2023-12-26,8.8,4.9,11.1,3.2,31.4,6.627827777777778
NL-NB,2023-12-27,7.7,4.2,10.2,2.0,28.8,0.0
NL-NB,2023-12-28,9.9,9.1,11.0,0.8,29.7,4.171211111111111
NL-NB,2023-12-29,9.7,8.1,10.8,9.2,31.8,1.2137
NL-NB,2023-12-30,7.8,6.1,10.1,0.0,24.0,5.501852777777778
NL-NB,2023-12-31,9.1,8.2,10.9,2.4,31.9,2.831116666666667
NL-NB,2024-01-01,7.1,6.0,8.6,3.2,31.5,5.3932416666666665
NL-NB,2024-01-02,10.0,6.8,11.9,19.3,36.3,0.0
NL-NB,2024-01-03,8.8,7.8,9.8,9.2,35.7,1.4930555555555556
NL-NB,2024-01-04,7.3,5.8,8.1,4.4,22.0,1.6520027777777777
NL-NB,2024-01-05,7.2,6.2,8.6,3.5,30.3,0.0
NL-NB,2024-01-06,4.0,2.1,6.5,0.5,13.8,0.0
NL-NB,2024-01-07,0.2,-3.2,1.9,0.2,20.6,2.2054027777777776
NL-NB,2024-01-08,-2.8,-4.6,-0.4,0.1,23.7,3.458638888888889
NL-NB,2024-01-09,-4.0,-5.8,-1.1,0.0,20.3,7.7079305555555555
NL-NB,2024-01-10,-3.7,-5.7,-0.4,0.0,15.6,7.166322222222222
NL-NB,2024-01-11,-3.2,-6.5,0.3,0.0,10.0,7.168019444444444
NL-NB,2024-01-12,0.8,-1.3,3.5,0.0,7.6,1.4241583333333334
NL-NB,2024-01-13,2.4,1.5,4.2,0.1,17.9,0.0
NL-NB,2024-01-14,1.1,0.1,2.1,2.2,20.8,0.0
NL-NB,2024-01-15,1.1,-0.3,2.7,3.0,23.7,3.343913888888889
NL-NB,2024-01-16,-0.8,-2.9,1.3,0.8,16.0,5.140047222222222
NL-NB,2024-01-17,-2.4,-3.8,-0.2,1.1,12.4,0.0
NL-NB,2024-01-18,-1.1,-4.0,3.5,0.0,15.0,7.931477777777777
NL-NB,2024-01-19,-0.9,-3.4,3.3,0.0,15.6,7.959133333333334
NL-NB,2024-01-20,-2.4,-4.0,-0.6,0.0,17.2,7.987236111111111
NL-NB,2024-01-21,2.9,-1.8,6.5,0.0,32.4,1.0
NL-NB,2024-01-22,9.0,7.1,10.8,6.3,40.9,4.2826305555555555
NL-NB,2024-01-23,6.9,3.9,11.0,3.3,31.1,4.038608333333333
NL-NB,2024-01-24,10.4,7.4,13.0,1.7,38.2,6.462583333333333
NL-NB,2024-01-25,6.4,2.3,9.1,1.0,17.3,0.5234083333333334
NL-NB,2024-01-26,8.3,2.7,10.8,3.6,33.5,4.330894444444445
NL-NB,2024-01-27,2.6,0.1,7.3,0.0,13.4,8.234283333333332
NL-NB,2024-01-28,3.3,-2.0,10.9,0.0,14.0,8.0
NL-NB,2024-01-29,7.4,4.4,11.8,0.0,13.1,6.596763888888889
NL-NB,2024-01-30,8.9,6.8,11.9,0.1,24.0,2.0
NL-NB,2024-01-31,6.2,5.0,8.0,0.0,21.9,2.527238888888889
NL-NB,2024-02-01,6.7,2.8,9.0,4.0,24.0,8.521811111111111
NL-NB,2024-02-02,6.3,2.5,9.3,0.0,23.9,1.2731194444444442
NL-NB,2024-02-03,9.6,8.3,10.9,0.6,21.6,0.0
NL-NB,2024-02-04,10.1,9.7,10.9,4.5,27.6,0.0
NL-NB,2024-02-05,9.2,7.6,11.3,0.3,33.6,5.258652777777778
NL-NB,2024-02-06,9.6,8.6,11.0,1.5,31.9,0.0
NL-NB,2024-02-07,5.6,1.2,10.3,15.8,29.6,0.0
NL-NB,2024-02-08,3.7,-0.1,10.7,13.0,21.3,0.0
NL-NB,2024-02-09,10.9,9.7,13.4,10.8,27.0,7.135716666666667
NL-NB,2024-02-10,9.8,7.2,12.9,2.6,16.4,5.5271027777777775
NL-NB,2024-02-11,8.7,6.6,10.5,3.2,18.3,2.0
NL-NB,2024-02-12,6.1,3.0,9.0,1.9,16.3,7.596991666666666
NL-NB,2024-02-13,5.5,2.3,9.7,0.4,19.5,6.736661111111111
NL-NB,2024-02-14,10.4,8.4,12.2,6.7,23.8,0.06749444444444444
NL-NB,2024-02-15,12.7,10.7,16.3,4.1,16.9,5.2241583333333335
NL-NB,2024-02-16,11.8,8.9,14.4,2.5,23.7,0.8669694444444445
NL-NB,2024-02-17,9.0,6.0,12.3,0.7,12.1,8.24793611111111
NL-NB,2024-02-18,9.0,7.8,10.9,8.8,31.8,0.0
NL-NB,2024-02-19,8.6,6.5,11.3,1.8,22.0,0.0
NL-NB,2024-02-20,7.4,5.2,11.2,1.5,23.3,3.630169444444445
NL-NB,2024-02-21,9.0,8.2,10.9,6.7,28.8,0.0
NL-NB,2024-02-22,10.5,7.2,13.9,5.6,39.8,3.0133305555555556
NL-NB,2024-02-23,5.5,3.3,8.4,2.5,33.3,7.096052777777778
NL-NB,2024-02-24,4.9,2.8,7.1,0.3,22.1,7.8075722222222215
NL-NB,2024-02-25,5.9,3.6,9.6,2.5,17.8,6.2279
NL-NB,2024-02-26,5.0,4.5,5.6,18.2,25.5,0.0
NL-NB,2024-02-27,4.7,1.6,8.9,0.2,20.5,9.785505555555556
NL-NB,2024-02-28,4.1,-1.2,9.5,0.0,15.1,2.135436111111111
NL-NB,2024-02-29,7.5,4.3,9.7,3.2,19.7,0.0
NL-NB,2024-03-01,8.6,5.0,10.6,2.4,29.6,6.0450277777777774
NL-NB,2024-03-02,9.6,4.8,13.1,0.3,26.4,8.12418888888889
NL-NB,2024-03-03,10.2,7.1,15.2,0.8,17.7,7.155975
NL-NB,2024-03-04,7.3,4.2,11.0,0.0,16.9,10.302269444444445
NL-NB,2024-03-05,6.2,2.6,9.6,2.1,7.4,1.0442888888888888
NL-NB,2024-03-06,5.4,-0.3,11.6,0.0,11.4,8.819947222222222
NL-NB,2024-03-07,6.0,2.9,9.6,0.0,21.4,7.711233333333333
NL-NB,2024-03-08,5.6,0.9,10.7,0.0,23.6,10.895861111111111
NL-NB,2024-03-09,8.9,4.5,14.3,0.1,19.7,8.856069444444444
NL-NB,2024-03-10,9.9,6.7,13.7,0.0,16.0,4.302302777777778
NL-NB,2024-03-11,7.6,7.0,8.4,25.8,12.0,0.0
NL-NB,2024-03-12,8.0,6.5,10.5,3.9,18.1,2.085769444444445
NL-NB,2024-03-13,10.7,7.8,13.2,1.4,20.0,0.035519444444444444
NL-NB,2024-03-14,12.1,7.4,17.3,0.0,15.1,9.982108333333333
NL-NB,2024-03-15,12.5,10.4,14.9,7.8,26.7,7.637863888888889
NL-NB,2024-03-16,8.9,5.1,10.4,1.2,18.5,5.932488888888889
NL-NB,2024-03-17,9.6,4.1,14.6,0.0,13.3,4.164816666666667
NL-NB,2024-03-18,11.2,8.6,14.7,0.4,12.8,7.783622222222222
NL-NB,2024-03-19,10.8,5.5,16.8,0.2,14.3,9.769197222222223
NL-NB,2024-03-20,11.4,6.1,18.2,0.0,10.9,6.652880555555555
NL-NB,2024-03-21,9.9,7.7,12.4,0.3,14.1,3.1807694444444445
NL-NB,2024-03-22,10.3,8.5,12.2,7.1,21.5,0.0
NL-NB,2024-03-23,6.3,4.1,8.2,6.8,24.3,11.855936111111111
NL-NB,2024-03-24,5.7,3.6,8.7,3.7,33.4,6.814311111111111
NL-NB,2024-03-25,6.8,1.4,12.0,0.0,15.5,11.43956388888889
NL-NB,2024-03-26,9.5,4.6,14.9,0.0,15.7,9.118841666666667
NL-NB,2024-03-27,9.5,6.8,11.9,2.3,18.7,2.0685777777777776
NL-NB,2024-03-28,8.1,4.8,11.7,3.2,28.2,5.966319444444444
NL-NB,2024-03-29,10.9,7.4,14.7,3.9,24.2,9.14875
NL-NB,2024-03-30,10.2,6.6,15.3,4.2,23.5,4.480488888888889
NL-NB,2024-03-31,10.7,6.0,17.1,5.0,13.4,7.724386111111111
NL-NB,2024-04-01,10.0,7.6,13.5,0.3,21.5,4.630947222222222
NL-NB,2024-04-02,9.4,7.3,11.7,1.8,28.3,3.1448222222222224
NL-NB,2024-04-03,11.0,9.3,14.1,5.4,23.6,5.021086111111111
NL-NB,2024-04-04,12.0,8.7,15.0,10.3,31.1,6.2264083333333335
NL-NB,2024-04-05,14.3,11.0,17.5,4.5,28.1,3.9490333333333334
NL-NB,2024-04-06,18.2,12.3,25.3,0.0,22.5,12.147886111111111
NL-NB,2024-04-07,16.8,14.4,19.9,0.6,29.8,10.0
NL-NB,2024-04-08,15.5,11.2,20.0,8.8,11.8,9.584988888888889
NL-NB,2024-04-09,12.2,9.2,14.7,5.7,37.7,9.13966111111111
NL-NB,2024-04-10,10.3,6.3,14.2,0.0,16.6,13.0
NL-NB,2024-04-11,12.9,9.2,15.8,1.3,19.5,0.024183333333333334
NL-NB,2024-04-12,16.0,12.7,20.3,0.0,22.9,5.656055555555556
NL-NB,2024-04-13,17.4,11.8,22.8,0.0,21.4,12.377369444444444
NL-NB,2024-04-14,12.9,10.2,16.6,0.0,20.3,10.0
NL-NB,2024-04-15,8.2,6.1,11.6,13.4,34.8,8.811644444444443
NL-NB,2024-04-16,7.1,4.1,11.1,11.2,33.1,2.895702777777778
NL-NB,2024-04-17,5.8,2.7,9.8,6.8,15.6,9.543697222222221
NL-NB,2024-04-18,6.6,2.0,11.0,0.2,18.1,11.293016666666666
NL-NB,2024-04-19,8.1,6.1,11.3,13.2,32.8,8.018072222222223
NL-NB,2024-04-20,7.0,5.0,10.3,3.5,24.9,8.784869444444444
NL-NB,2024-04-21,6.1,3.2,9.8,1.8,22.7,12.350077777777777
NL-NB,2024-04-22,5.2,1.2,9.4,1.6,16.9,13.409266666666667
NL-NB,2024-04-23,5.3,-0.4,10.3,0.1,19.0,10.243152777777777
NL-NB,2024-04-24,6.2,3.5,9.6,3.1,24.6,10.179530555555555
NL-NB,2024-04-25,6.1,1.9,9.7,1.6,21.2,7.747052777777777
NL-NB,2024-04-26,8.0,6.6,10.6,3.3,18.2,1.6380472222222222
NL-NB,2024-04-27,11.3,5.8,16.7,6.2,19.1,9.343308333333335
NL-NB,2024-04-28,13.3,9.4,16.9,1.0,35.4,11.887088888888888
NL-NB,2024-04-29,12.9,6.8,18.9,0.3,17.1,12.00885277777778
NL-NB,2024-04-30,16.6,12.3,22.3,2.3,11.6,11.406019444444444
NL-NB,2024-05-01,18.5,12.5,24.7,0.5,15.0,13.398761111111112
NL-NB,2024-05-02,17.7,13.5,23.9,9.6,18.3,12.031391666666668
NL-NB,2024-05-03,11.8,9.4,13.6,7.8,24.4,4.575547222222222
NL-NB,2024-05-04,11.3,7.0,17.9,11.6,17.9,7.846661111111111
NL-NB,2024-05-05,12.1,7.6,16.7,0.7,14.2,10.193338888888889
NL-NB,2024-05-06,13.4,9.6,17.2,6.2,11.7,0.5924444444444444
NL-NB,2024-05-07,14.6,11.6,18.9,9.4,16.3,12.931380555555556
NL-NB,2024-05-08,12.1,9.4,15.1,0.5,13.1,5.096563888888889
NL-NB,2024-05-09,13.3,6.7,19.2,0.1,10.2,11.374797222222222
NL-NB,2024-05-10,15.1,7.6,20.9,0.0,11.9,13.583152777777777
NL-NB,2024-05-11,17.2,11.4,22.8,0.0,13.4,14.868158333333334
NL-NB,2024-05-12,19.0,12.7,25.0,0.0,17.5,14.775197222222221
NL-NB,2024-05-13,18.7,13.7,22.7,1.4,17.3,14.636702777777778
NL-NB,2024-05-14,20.0,14.9,26.3,0.2,22.7,14.324883333333334
NL-NB,2024-05-15,15.8,13.5,18.8,7.5,11.0,3.5906333333333333
NL-NB,2024-05-16,16.0,13.2,19.1,10.3,16.3,9.108622222222223
NL-NB,2024-05-17,15.0,12.2,18.9,6.1,21.1,3.217313888888889
NL-NB,2024-05-18,16.1,11.8,21.5,5.5,16.8,14.367783333333332
NL-NB,2024-05-19,15.9,11.7,21.1,5.1,16.9,10.169255555555555
NL-NB,2024-05-20,15.7,11.3,19.7,2.3,12.9,12.435791666666667
NL-NB,2024-05-21,16.7,12.2,23.1,11.6,13.4,8.064475
NL-NB,2024-05-22,15.6,12.8,18.7,7.3,21.7,8.495722222222222
NL-NB,2024-05-23,15.4,11.3,19.3,0.8,20.1,10.579636111111112
NL-NB,2024-05-24,14.1,10.8,16.4,17.5,17.6,0.19596666666666668
NL-NB,2024-05-25,14.8,12.5,17.9,3.0,15.4,7.780727777777778
NL-NB,2024-05-26,16.1,11.5,21.5,0.9,23.6,11.03878611111111
NL-NB,2024-05-27,14.7,12.3,18.9,4.0,12.7,9.64178888888889
NL-NB,2024-05-28,13.6,9.0,18.2,5.0,21.1,9.978033333333332
NL-NB,2024-05-29,15.7,14.3,18.3,10.5,24.0,9.394394444444444
NL-NB,2024-05-30,14.0,9.5,18.1,0.8,16.3,13.130927777777776
NL-NB,2024-05-31,15.0,10.9,18.7,1.7,16.1,13.123183333333333
NL-NB,2024-06-01,16.0,12.9,19.3,2.1,19.3,2.9378138888888885
NL-NB,2024-06-02,15.2,12.6,17.9,0.5,17.9,9.396166666666666
NL-NB,2024-06-03,13.9,10.9,16.7,0.1,10.0,4.638080555555556
NL-NB,2024-06-04,16.6,12.1,20.5,0.0,16.7,10.616075
NL-NB,2024-06-05,14.5,10.3,17.6,0.7,20.1,12.75311111111111
NL-NB,2024-06-06,12.7,7.1,17.0,0.0,14.8,11.70398611111111
NL-NB,2024-06-07,14.3,7.3,19.7,0.0,15.3,14.639725
NL-NB,2024-06-08,13.8,9.0,18.2,0.4,19.5,12.035805555555555
NL-NB,2024-06-09,13.1,7.2,17.7,0.0,19.0,13.040641666666666
NL-NB,2024-06-10,11.3,9.5,13.6,11.2,40.3,3.533808333333333
NL-NB,2024-06-11,11.5,8.0,15.5,7.0,19.9,15.110952777777777
NL-NB,2024-06-12,11.3,7.9,14.6,1.0,18.1,13.2263
NL-NB,2024-06-13,13.2,6.8,18.4,0.0,18.0,9.518419444444444
NL-NB,2024-06-14,15.6,12.8,18.7,3.1,24.5,3.978841666666667
NL-NB,2024-06-15,14.7,11.9,17.6,2.8,31.6,10.702919444444445
NL-NB,2024-06-16,14.3,11.9,17.6,12.9,24.2,9.92677222222222
NL-NB,2024-06-17,16.2,11.8,20.1,0.5,17.9,11.185930555555554
NL-NB,2024-06-18,15.6,11.8,18.7,14.5,11.8,0.9243194444444445
NL-NB,2024-06-19,16.5,13.2,20.7,3.5,15.0,11.716880555555555
NL-NB,2024-06-20,15.9,11.3,20.0,4.7,16.0,9.181941666666667
NL-NB,2024-06-21,16.9,13.4,21.3,2.7,17.8,5.3825111111111115
NL-NB,2024-06-22,16.0,12.5,20.0,0.4,18.0,11.626875
NL-NB,2024-06-23,17.7,11.7,23.0,0.1,11.1,15.4569
NL-NB,2024-06-24,19.4,12.4,25.3,0.0,8.3,15.01876388888889
NL-NB,2024-06-25,21.9,15.6,27.6,0.0,13.5,15.71056111111111
NL-NB,2024-06-26,23.4,16.8,29.4,0.0,10.1,15.713702777777778
NL-NB,2024-06-27,23.3,17.9,29.0,0.2,17.8,15.085358333333334
NL-NB,2024-06-28,18.0,13.6,21.3,0.0,20.2,15.72188888888889
NL-NB,2024-06-29,19.2,11.6,25.8,0.0,14.3,13.0
NL-NB,2024-06-30,18.5,16.0,21.5,10.6,18.0,8.160805555555555
NL-NB,2024-07-01,15.6,12.0,18.5,0.9,18.9,12.333627777777776
NL-NB,2024-07-02,14.7,12.8,16.3,3.4,16.1,2.8722666666666665
NL-NB,2024-07-03,12.9,9.7,16.3,7.1,16.3,2.1473833333333334
NL-NB,2024-07-04,15.9,13.2,18.8,2.5,23.1,11.829041666666667
NL-NB,2024-07-05,15.6,13.2,19.0,0.4,24.1,1.2118416666666667
NL-NB,2024-07-06,17.9,14.2,20.5,0.3,34.1,12.633511111111112
NL-NB,2024-07-07,15.4,10.8,18.9,0.9,23.2,12.666255555555555
NL-NB,2024-07-08,16.7,12.3,20.7,0.6,13.0,7.655463888888889
NL-NB,2024-07-09,21.5,14.9,30.1,9.7,14.5,13.0
NL-NB,2024-07-10,20.1,16.6,24.0,2.2,19.6,13.0
NL-NB,2024-07-11,18.5,15.2,22.0,0.0,16.9,13.798052777777777
NL-NB,2024-07-12,14.9,13.6,16.5,29.9,26.0,5.180330555555555
NL-NB,2024-07-13,14.3,11.5,17.9,0.9,23.4,4.628383333333334
NL-NB,2024-07-14,16.2,10.9,21.2,0.4,20.5,13.210266666666666
NL-NB,2024-07-15,19.2,11.9,25.0,2.0,15.3,13.0
NL-NB,2024-07-16,18.2,15.8,21.3,1.7,24.7,14.238425000000001
NL-NB,2024-07-17,18.4,15.1,22.5,1.6,16.9,15.111972222222223
NL-NB,2024-07-18,20.4,13.5,26.7,0.0,8.7,15.0
NL-NB,2024-07-19,22.9,16.5,28.9,0.0,9.1,15.054350000000001
NL-NB,2024-07-20,23.0,16.3,30.5,1.8,18.4,12.920316666666666
NL-NB,2024-07-21,21.7,18.8,25.7,0.7,15.0,10.734872222222222
NL-NB,2024-07-22,19.6,15.7,23.1,0.3,16.7,7.895116666666667
NL-NB,2024-07-23,19.1,15.7,22.4,14.1,20.8,9.33145
NL-NB,2024-07-24,17.8,14.1,22.0,0.1,12.9,12.325433333333333
NL-NB,2024-07-25,19.6,12.9,25.4,0.0,15.6,9.371488888888889
NL-NB,2024-07-26,20.1,18.2,23.7,5.6,18.1,7.619980555555555
NL-NB,2024-07-27,18.5,14.4,21.9,3.0,12.9,0.9670833333333333
NL-NB,2024-07-28,18.7,14.3,23.0,0.0,12.4,13.950430555555556
NL-NB,2024-07-29,20.3,13.6,26.5,0.0,11.4,14.926775
NL-NB,2024-07-30,23.2,15.6,29.8,0.0,9.1,14.903041666666667
NL-NB,2024-07-31,21.4,18.1,25.5,2.4,9.8,7.700527777777778
NL-NB,2024-08-01,20.4,17.9,24.9,6.6,12.1,7.3072638888888894
NL-NB,2024-08-02,20.2,14.8,25.8,0.2,8.3,12.744605555555555
NL-NB,2024-08-03,20.1,16.5,23.6,1.6,18.2,12.954683333333334
NL-NB,2024-08-04,18.7,17.2,20.2,2.0,17.1,2.3566694444444445
NL-NB,2024-08-05,19.6,15.2,23.9,0.0,11.5,14.410144444444443
NL-NB,2024-08-06,21.9,14.3,28.6,0.0,12.7,14.329297222222223
NL-NB,2024-08-07,19.5,17.3,22.7,0.7,14.5,7.671291666666667
NL-NB,2024-08-08,19.3,15.9,23.0,0.5,15.5,12.784902777777779
NL-NB,2024-08-09,21.1,18.8,23.7,1.4,28.7,6.104172222222222
NL-NB,2024-08-10,19.6,14.2,24.8,0.0,15.0,10.129163888888888
NL-NB,2024-08-11,21.5,15.8,27.0,0.0,11.2,14.030222222222223
NL-NB,2024-08-12,24.6,17.6,31.9,0.0,12.3,14.138302777777778
NL-NB,2024-08-13,25.1,20.7,32.2,3.2,18.7,12.054197222222223
NL-NB,2024-08-14,20.8,18.6,25.5,5.5,14.0,3.7036805555555556
NL-NB,2024-08-15,20.8,16.6,25.9,0.0,21.1,12.563802777777779
NL-NB,2024-08-16,19.8,18.4,21.7,3.3,19.2,1.6380361111111112
NL-NB,2024-08-17,20.4,18.2,24.2,5.6,10.7,11.0
NL-NB,2024-08-18,19.6,16.7,23.7,5.4,16.3,11.128430555555555
NL-NB,2024-08-19,17.7,11.6,22.9,0.0,10.1,12.648588888888888
NL-NB,2024-08-20,19.3,14.3,25.1,7.9,19.3,10.480169444444444
NL-NB,2024-08-21,16.7,13.5,19.7,0.7,22.7,12.804813888888889
NL-NB,2024-08-22,18.3,13.1,23.2,0.1,24.9,13.0
NL-NB,2024-08-23,20.2,18.5,22.4,0.6,35.9,5.649508333333333
NL-NB,2024-08-24,21.6,17.3,28.2,13.8,31.1,13.0
NL-NB,2024-08-25,16.6,13.2,20.0,0.2,22.4,13.042555555555555
NL-NB,2024-08-26,16.8,12.5,21.2,0.2,18.0,12.773341666666667
NL-NB,2024-08-27,18.1,10.5,24.8,0.0,8.9,13.0
NL-NB,2024-08-28,21.2,13.5,29.2,0.0,12.3,13.0
NL-NB,2024-08-29,21.9,17.6,26.8,0.0,17.8,12.088230555555555
NL-NB,2024-08-30,17.8,15.5,20.8,3.9,15.0,4.210294444444444
NL-NB,2024-08-31,19.3,14.9,24.7,1.0,19.2,12.311216666666667
NL-NB,2024-09-01,23.0,16.7,30.5,0.0,16.0,13.0
NL-NB,2024-09-02,22.5,19.4,29.2,1.5,12.5,12.388675000000001
NL-NB,2024-09-03,20.8,17.9,25.3,2.4,12.5,7.567744444444445
NL-NB,2024-09-04,18.7,16.1,21.7,2.7,8.2,5.6264111111111115
NL-NB,2024-09-05,20.1,14.4,27.1,1.9,23.7,7.835916666666667
NL-NB,2024-09-06,19.8,16.6,23.9,7.8,15.5,5.601036111111111
NL-NB,2024-09-07,20.2,14.6,27.0,0.2,15.2,10.151513888888887
NL-NB,2024-09-08,19.2,15.5,22.1,6.6,20.9,11.594866666666666
NL-NB,2024-09-09,16.6,14.5,19.8,1.0,19.2,9.65606388888889
NL-NB,2024-09-10,14.9,12.1,17.4,3.5,30.5,5.171138888888889
NL-NB,2024-09-11,12.4,8.6,15.1,12.1,25.5,12.19442777777778
NL-NB,2024-09-12,10.1,6.8,14.4,3.9,14.4,12.190266666666666
NL-NB,2024-09-13,11.0,6.5,16.2,0.8,18.6,11.358647222222222
NL-NB,2024-09-14,11.2,6.3,16.4,0.0,11.8,12.034722222222221
NL-NB,2024-09-15,12.6,7.0,18.2,0.0,9.6,7.918427777777778
NL-NB,2024-09-16,14.7,9.1,19.3,0.4,16.2,8.029180555555556
NL-NB,2024-09-17,16.1,12.4,20.2,0.0,22.9,11.258247222222224
NL-NB,2024-09-18,17.4,13.2,22.0,0.0,19.6,11.392980555555557
NL-NB,2024-09-19,18.2,14.4,23.3,0.0,18.1,11.527788888888889
NL-NB,2024-09-20,17.6,13.1,22.9,0.0,16.7,11.356033333333334
NL-NB,2024-09-21,17.8,12.3,24.4,0.0,10.9,11.286547222222222
NL-NB,2024-09-22,17.3,12.6,23.2,0.1,7.7,7.486080555555556
NL-NB,2024-09-23,17.0,14.2,20.8,0.6,17.9,11.0
NL-NB,2024-09-24,14.9,11.9,19.1,2.5,18.6,8.890391666666666
NL-NB,2024-09-25,14.4,13.0,17.9,5.4,17.7,2.856688888888889
NL-NB,2024-09-26,15.9,14.1,19.6,14.0,29.8,7.470291666666666
NL-NB,2024-09-27,13.1,11.3,15.4,4.4,35.7,5.172372222222222
NL-NB,2024-09-28,10.3,7.6,13.0,2.2,18.3,11.0
NL-NB,2024-09-29,9.5,4.3,14.2,0.0,14.8,7.991919444444444
NL-NB,2024-09-30,11.9,7.9,14.9,7.1,22.7,4.0
NL-NB,2024-10-01,13.2,10.6,15.5,1.7,30.9,0.5466194444444444
NL-NB,2024-10-02,10.3,6.2,13.1,0.4,17.1,2.179980555555556
NL-NB,2024-10-03,10.2,6.1,13.9,0.0,19.0,9.561058333333333
NL-NB,2024-10-04,9.7,5.2,14.6,0.1,10.6,11.0
NL-NB,2024-10-05,8.9,3.0,15.3,0.0,11.8,11.0
NL-NB,2024-10-06,10.9,6.4,16.2,0.0,19.1,9.314105555555555
NL-NB,2024-10-07,15.6,13.6,18.6,0.6,17.8,9.299377777777778
NL-NB,2024-10-08,16.1,14.4,18.3,5.0,18.7,5.606694444444444
NL-NB,2024-10-09,14.1,13.0,15.9,18.6,19.3,2.0
NL-NB,2024-10-10,12.6,9.8,14.2,9.3,20.0,9.438294444444445
NL-NB,2024-10-11,9.6,5.4,12.9,0.2,9.9,10.542774999999999
NL-NB,2024-10-12,8.6,4.2,12.5,0.1,18.3,0.606113888888889
NL-NB,2024-10-13,10.0,6.9,11.8,0.9,25.9,5.9413583333333335
NL-NB,2024-10-14,7.3,4.8,9.3,7.5,11.0,1.9918138888888888
NL-NB,2024-10-15,9.3,4.8,14.5,0.0,17.4,5.570705555555556
NL-NB,2024-10-16,16.0,11.3,22.9,0.0,20.4,6.6991555555555555
NL-NB,2024-10-17,17.2,14.8,19.9,1.4,19.8,1.8308083333333334
NL-NB,2024-10-18,15.4,12.5,18.2,4.8,8.0,0.3128694444444444
NL-NB,2024-10-19,14.6,12.8,16.8,3.6,19.7,3.0228666666666664
NL-NB,2024-10-20,15.3,12.6,17.7,0.1,30.0,6.317283333333334
NL-NB,2024-10-21,14.6,12.4,18.1,10.3,23.6,0.0
NL-NB,2024-10-22,11.9,9.1,15.5,1.4,18.8,9.375919444444444
NL-NB,2024-10-23,11.2,7.7,16.2,0.0,9.3,9.229897222222222
NL-NB,2024-10-24,10.8,6.6,15.4,0.0,12.6,8.717155555555555
NL-NB,2024-10-25,14.0,10.3,19.5,24.6,19.1,9.262752777777779
NL-NB,2024-10-26,14.0,10.3,20.6,0.0,11.4,9.0
NL-NB,2024-10-27,13.1,8.0,16.7,0.3,11.4,7.0
NL-NB,2024-10-28,12.1,6.4,15.7,0.9,20.5,6.198580555555555
NL-NB,2024-10-29,12.8,12.0,14.0,6.4,14.8,0.0
NL-NB,2024-10-30,12.7,11.7,14.2,0.6,8.4,0.20592222222222223
NL-NB,2024-10-31,10.4,6.9,14.7,0.0,9.0,5.141575
NL-NB,2024-11-01,9.1,6.2,11.7,0.1,12.5,0.2602277777777778
NL-NB,2024-11-02,10.9,9.2,13.0,0.1,13.0,0.107525
NL-NB,2024-11-03,7.5,3.0,12.7,0.0,9.6,9.0
NL-NB,2024-11-04,7.6,3.8,13.4,0.0,12.5,8.98435
NL-NB,2024-11-05,6.5,1.4,11.4,0.0,10.4,8.955855555555557
NL-NB,2024-11-06,7.8,6.8,9.2,0.0,7.1,0.0
NL-NB,2024-11-07,6.6,4.4,8.1,0.0,11.7,0.035275
NL-NB,2024-11-08,5.0,3.3,6.5,0.0,12.8,0.137575
NL-NB,2024-11-09,7.5,5.6,9.7,0.2,7.2,0.0
NL-NB,2024-11-10,9.1,7.8,10.9,0.0,7.4,0.05467777777777778
NL-NB,2024-11-11,9.1,6.1,12.2,3.2,20.6,7.326819444444444
NL-NB,2024-11-12,8.3,5.5,10.5,0.7,25.8,1.3905611111111111
NL-NB,2024-11-13,7.2,4.4,10.5,0.0,11.6,2.9942222222222226
NL-NB,2024-11-14,9.5,8.1,11.5,0.4,12.1,1.1353416666666667
NL-NB,2024-11-15,8.5,7.1,10.5,0.0,8.2,1.6939333333333333
NL-NB,2024-11-16,7.8,6.8,9.4,0.0,17.1,3.943575
NL-NB,2024-11-17,7.7,5.3,9.5,4.2,20.1,6.538688888888888
NL-NB,2024-11-18,5.6,4.2,7.8,4.5,16.1,5.7425
NL-NB,2024-11-19,6.0,2.3,10.7,18.9,32.3,0.0
NL-NB,2024-11-20,2.3,1.3,3.6,7.1,24.8,0.37848055555555554
NL-NB,2024-11-21,0.3,-1.9,2.0,2.8,17.8,2.495022222222222
NL-NB,2024-11-22,1.3,-1.6,4.2,7.6,25.0,5.362802777777778
NL-NB,2024-11-23,3.6,0.3,8.2,4.4,27.5,0.0
NL-NB,2024-11-24,13.9,8.9,17.4,3.2,29.6,4.456966666666666
NL-NB,2024-11-25,13.3,8.5,16.5,5.4,26.9,0.0
NL-NB,2024-11-26,7.8,5.6,10.3,0.9,20.1,6.720266666666666
NL-NB,2024-11-27,8.0,4.8,11.8,5.3,32.1,0.0
NL-NB,2024-11-28,6.6,3.8,9.4,0.7,21.0,7.243247222222222
NL-NB,2024-11-29,2.5,-0.6,7.7,0.0,12.4,7.133191666666667
NL-NB,2024-11-30,2.6,-0.4,6.8,0.0,11.2,7.152597222222222
NL-NB,2024-12-01,4.7,0.6,8.2,0.1,17.2,7.256761111111111
NL-NB,2024-12-02,9.4,6.9,11.8,0.6,20.0,5.450722222222222
NL-NB,2024-12-03,5.7,2.3,7.3,0.6,15.6,6.433116666666667
NL-NB,2024-12-04,3.7,2.3,5.7,0.2,11.0,1.0819333333333334
NL-NB,2024-12-05,5.6,2.5,9.3,6.5,27.5,0.0
NL-NB,2024-12-06,8.1,4.7,10.7,11.1,35.2,2.3361111111111112
NL-NB,2024-12-07,7.7,4.5,10.5,4.7,28.1,6.369608333333334
NL-NB,2024-12-08,6.2,4.1,7.7,0.9,19.8,1.3902444444444444
NL-NB,2024-12-09,5.5,4.9,6.0,1.1,21.6,0.07265833333333332
NL-NB,2024-12-10,5.2,4.7,5.7,0.0,18.5,0.0
NL-NB,2024-12-11,3.8,1.9,4.6,0.0,13.8,2.110513888888889
NL-NB,2024-12-12,2.9,1.9,4.1,0.0,7.4,0.0
NL-NB,2024-12-13,0.7,-1.9,3.0,0.0,9.0,4.0
NL-NB,2024-12-14,2.6,-0.3,4.9,0.4,16.3,0.0
NL-NB,2024-12-15,6.1,2.6,9.9,0.1,19.8,0.24963055555555555
NL-NB,2024-12-16,10.2,8.8,10.8,0.4,21.5,0.0
NL-NB,2024-12-17,8.2,7.1,9.6,0.3,17.6,0.0
NL-NB,2024-12-18,10.2,6.2,12.8,4.1,27.7,0.0
NL-NB,2024-12-19,8.5,2.6,12.9,13.0,32.2,0.0
NL-NB,2024-12-20,4.1,2.4,6.6,0.2,19.7,5.80831111111111
NL-NB,2024-12-21,7.4,6.5,9.5,5.1,28.0,0.0
NL-NB,2024-12-22,5.0,2.3,9.2,4.3,25.1,5.066213888888889
NL-NB,2024-12-23,5.0,1.0,7.9,4.8,22.3,7.057802777777778
NL-NB,2024-12-24,4.1,1.9,6.6,2.2,14.1,0.0
NL-NB,2024-12-25,7.9,6.9,9.0,0.1,11.8,0.0
NL-NB,2024-12-26,6.8,3.5,9.1,0.0,6.7,1.73555
NL-NB,2024-12-27,1.5,-0.1,3.2,0.0,7.4,2.819316666666667
NL-NB,2024-12-28,-0.2,-1.0,1.2,0.0,8.7,1.5029694444444444
NL-NB,2024-12-29,1.8,0.5,3.3,0.0,13.3,0.0
NL-NB,2024-12-30,4.4,3.0,6.3,0.0,16.9,0.0
NL-NB,2024-12-31,2.7,0.9,5.5,0.0,24.6,0.0
NL-NB,2025-01-01,6.8,4.9,8.7,7.8,33.4,0.0
NL-NB,2025-01-02,3.3,0.5,5.3,9.6,17.9,7.250863888888889
NL-NB,2025-01-03,1.3,0.1,3.3,3.1,18.3,4.0
NL-NB,2025-01-04,0.7,-0.3,2.6,0.8,12.4,0.0
NL-NB,2025-01-05,5.2,0.3,11.5,20.8,28.1,0.0
NL-NB,2025-01-06,9.6,5.1,12.4,6.2,37.0,1.0
NL-NB,2025-01-07,3.2,2.1,5.1,0.7,23.3,4.5300722222222225
NL-NB,2025-01-08,2.1,-0.1,4.0,4.6,18.0,3.8974916666666664
NL-NB,2025-01-09,1.0,0.1,2.6,7.1,17.1,3.703336111111111
NL-NB,2025-01-10,0.7,-1.0,3.8,5.8,18.8,7.7454
NL-NB,2025-01-11,-0.1,-2.9,3.2,0.2,10.9,6.913375
NL-NB,2025-01-12,2.0,0.0,5.1,0.0,10.7,2.333991666666667
NL-NB,2025-01-13,-0.3,-4.3,3.0,0.1,8.2,6.293175
NL-NB,2025-01-14,-0.5,-5.4,3.8,0.0,11.6,5.80555
NL-NB,2025-01-15,5.6,4.1,7.3,0.4,9.3,0.0
NL-NB,2025-01-16,3.1,-1.0,5.4,0.1,9.3,1.8250805555555556
NL-NB,2025-01-17,-1.1,-2.1,0.7,0.0,5.8,0.0
NL-NB,2025-01-18,-0.1,-1.9,3.5,0.0,9.4,6.954625
NL-NB,2025-01-19,-1.0,-2.6,0.1,0.0,5.3,0.23978888888888888
NL-NB,2025-01-20,-1.1,-2.0,0.5,0.0,6.1,0.081825
NL-NB,2025-01-21,-0.2,-2.3,2.5,0.0,8.9,6.660555555555556
NL-NB,2025-01-22,2.1,-0.9,5.6,4.9,11.4,0.6194555555555555
NL-NB,2025-01-23,4.5,1.5,6.6,7.8,23.9,2.779536111111111
NL-NB,2025-01-24,7.2,5.1,8.5,5.4,30.4,0.0
NL-NB,2025-01-25,7.3,4.6,10.0,13.5,25.7,1.3981083333333333
NL-NB,2025-01-26,3.8,1.6,7.6,4.6,23.9,4.668913888888889
NL-NB,2025-01-27,9.5,7.3,11.5,3.3,32.0,8.104408333333334
NL-NB,2025-01-28,7.8,7.0,9.2,0.4,22.9,3.9592972222222222
NL-NB,2025-01-29,7.2,5.9,9.3,3.9,26.3,4.897483333333333
NL-NB,2025-01-30,5.2,2.0,6.2,6.6,13.1,0.0
NL-NB,2025-01-31,2.2,-0.3,6.6,0.0,11.2,6.677180555555555
NL-NB,2025-02-01,0.7,-2.7,5.4,0.0,10.4,8.680655555555555
NL-NB,2025-02-02,-0.4,-3.4,4.6,0.0,8.6,8.667047222222221
NL-NB,2025-02-03,0.3,-3.2,5.8,0.0,8.9,8.829833333333333
NL-NB,2025-02-04,1.6,-0.2,5.1,0.0,15.1,3.8061027777777774
NL-NB,2025-02-05,3.3,0.0,7.2,0.0,14.2,4.750597222222223
NL-NB,2025-02-06,3.3,1.1,6.2,0.0,16.3,3.696713888888889
NL-NB,2025-02-07,3.5,2.2,5.1,0.1,23.5,0.0
NL-NB,2025-02-08,4.9,2.5,9.7,0.0,16.9,6.267244444444445
NL-NB,2025-02-09,2.9,0.4,5.6,0.0,10.5,1.748722222222222
NL-NB,2025-02-10,1.6,-0.2,3.7,2.7,19.6,0.3143416666666667
NL-NB,2025-02-11,3.6,2.1,5.0,6.6,20.1,0.0
NL-NB,2025-02-12,3.7,2.3,6.0,0.8,8.8,5.880613888888889
NL-NB,2025-02-13,1.0,-0.4,2.3,1.1,12.6,0.38021944444444444
NL-NB,2025-02-14,0.3,-2.8,3.4,0.1,8.8,4.096005555555556
NL-NB,2025-02-15,0.9,-0.8,3.3,0.0,9.4,4.208475
NL-NB,2025-02-16,0.4,-1.9,3.5,0.9,18.4,8.53866388888889
NL-NB,2025-02-17,-1.1,-3.9,3.6,0.0,13.0,9.856983333333334
NL-NB,2025-02-18,-0.8,-3.7,3.5,0.0,16.1,9.549497222222223
NL-NB,2025-02-19,1.1,-1.5,5.1,0.0,17.6,7.798688888888889
NL-NB,2025-02-20,6.9,1.1,12.6,0.0,16.1,3.1512694444444445
NL-NB,2025-02-21,13.1,9.8,18.2,0.1,16.9,9.851936111111112
NL-NB,2025-02-22,10.9,8.9,13.4,2.9,19.1,1.9248666666666667
NL-NB,2025-02-23,9.7,5.4,14.4,0.0,18.5,10.0
NL-NB,2025-02-24,11.1,8.9,13.2,0.8,21.4,0.0
NL-NB,2025-02-25,8.5,5.4,12.8,3.9,13.1,4.297813888888888
NL-NB,2025-02-26,7.4,4.4,10.5,8.9,21.5,7.974002777777778
NL-NB,2025-02-27,5.4,3.1,8.4,5.2,22.3,9.0
NL-NB,2025-02-28,4.7,2.6,7.7,0.8,14.4,4.700483333333334
NL-NB,2025-03-01,3.2,0.8,6.5,0.0,10.0,2.5298166666666666
NL-NB,2025-03-02,3.0,-1.8,8.9,0.0,7.5,10.34503611111111
NL-NB,2025-03-03,3.2,-1.9,10.4,0.0,6.8,10.430616666666667
NL-NB,2025-03-04,4.1,-2.0,11.8,0.0,10.0,10.411086111111112
NL-NB,2025-03-05,6.1,-0.5,15.1,0.0,11.3,10.681266666666666
NL-NB,2025-03-06,9.4,4.2,17.1,0.0,12.7,10.742144444444445
NL-NB,2025-03-07,10.9,6.4,17.6,0.0,13.0,10.763722222222222
NL-NB,2025-03-08,10.5,4.7,18.4,0.0,12.6,10.790172222222223
NL-NB,2025-03-09,10.6,4.8,18.2,0.0,10.1,10.910438888888889
NL-NB,2025-03-10,9.5,3.5,17.0,0.0,9.7,11.035733333333333
NL-NB,2025-03-11,5.2,2.6,7.4,0.2,12.2,0.0
NL-NB,2025-03-12,3.4,-0.5,8.1,0.9,10.5,9.893477777777777
NL-NB,2025-03-13,2.7,-1.8,7.5,1.2,10.1,11.00095
NL-NB,2025-03-14,2.9,-1.9,7.1,0.3,12.6,10.804030555555556
NL-NB,2025-03-15,2.7,-1.1,6.9,0.1,19.4,8.487358333333333
NL-NB,2025-03-16,4.1,-1.0,9.3,0.0,16.1,11.39224722222222
NL-NB,2025-03-17,5.2,1.5,9.6,0.1,19.4,11.171644444444444
NL-NB,2025-03-18,4.4,-0.9,10.5,0.0,16.8,11.708727777777778
NL-NB,2025-03-19,7.6,-0.2,17.0,0.0,11.7,11.736977777777778
NL-NB,2025-03-20,11.3,5.4,18.3,0.0,11.1,11.765166666666666
NL-NB,2025-03-21,13.4,5.8,21.1,0.0,20.9,11.422466666666667
NL-NB,2025-03-22,14.2,10.8,17.7,1.3,16.6,7.805083333333333
NL-NB,2025-03-23,12.4,9.0,17.2,0.2,12.4,10.577222222222222
NL-NB,2025-03-24,10.9,6.9,15.6,0.2,14.0,11.877225000000001
NL-NB,2025-03-25,8.7,3.9,14.5,0.8,16.3,9.805522222222221
NL-NB,2025-03-26,8.6,5.3,11.2,0.4,12.4,1.997288888888889
NL-NB,2025-03-27,8.2,1.2,15.4,0.0,6.8,11.960450000000002
NL-NB,2025-03-28,8.7,3.6,13.5,0.6,12.8,11.048577777777776
NL-NB,2025-03-29,8.8,5.3,12.6,0.0,13.3,12.118908333333334
NL-NB,2025-03-30,9.4,5.8,12.8,0.8,26.5,5.2819166666666675
NL-NB,2025-03-31,8.6,5.3,12.6,0.0,16.5,12.0
NL-NB,2025-04-01,8.1,2.8,13.6,0.0,21.8,12.176594444444444
NL-NB,2025-04-02,11.1,5.7,17.3,0.0,24.5,12.53566111111111
NL-NB,2025-04-03,13.8,8.7,20.2,0.0,17.9,12.746619444444445
NL-NB,2025-04-04,14.9,7.8,22.3,0.0,12.8,12.806038888888889
NL-NB,2025-04-05,12.1,6.9,17.1,0.0,18.8,12.843583333333333
NL-NB,2025-04-06,8.6,4.9,12.7,0.0,18.2,12.88106111111111
NL-NB,2025-04-07,8.0,2.0,13.4,0.0,12.1,12.918441666666666
NL-NB,2025-04-08,9.8,2.6,16.7,0.0,11.9,12.955686111111111
NL-NB,2025-04-09,8.8,4.1,14.2,0.0,15.9,11.229966666666666
NL-NB,2025-04-10,9.7,6.7,14.3,0.0,11.0,11.154688888888888
NL-NB,2025-04-11,10.7,3.0,18.7,0.0,9.5,13.0
NL-NB,2025-04-12,15.1,7.1,23.4,0.0,19.7,13.007652777777778
NL-NB,2025-04-13,14.9,11.6,18.5,2.2,23.8,9.0
NL-NB,2025-04-14,13.3,8.8,18.7,0.2,12.9,10.041825
NL-NB,2025-04-15,14.6,10.4,20.6,3.6,14.8,6.262388888888888
NL-NB,2025-04-16,10.9,9.1,12.9,3.9,12.9,0.0
NL-NB,2025-04-17,8.8,7.9,10.4,7.4,12.0,0.0
NL-NB,2025-04-18,10.0,7.2,14.7,1.1,9.5,6.877730555555556
NL-NB,2025-04-19,10.2,4.4,15.7,0.0,11.4,13.0
NL-NB,2025-04-20,11.5,5.1,19.0,10.1,14.6,9.995394444444443
NL-NB,2025-04-21,12.4,7.7,16.2,3.5,9.8,11.887711111111111
NL-NB,2025-04-22,12.8,9.2,17.5,1.4,11.9,9.500294444444444
NL-NB,2025-04-23,11.7,9.4,15.6,4.1,9.0,2.748425
NL-NB,2025-04-24,10.8,9.4,12.5,13.2,13.9,0.0
NL-NB,2025-04-25,10.9,7.6,16.1,0.1,14.0,10.988347222222224
NL-NB,2025-04-26,12.1,5.6,18.0,0.0,12.4,13.72668611111111
NL-NB,2025-04-27,13.9,7.9,19.8,0.0,10.2,14.052030555555556
NL-NB,2025-04-28,14.3,7.0,20.6,0.0,9.3,13.784444444444444
NL-NB,2025-04-29,15.7,8.6,22.3,0.0,10.5,14.296461111111112
NL-NB,2025-04-30,18.0,10.9,25.2,0.0,10.3,14.199944444444446
NL-NB,2025-05-01,20.8,10.4,29.6,0.0,12.0,14.433594444444445
NL-NB,2025-05-02,21.3,15.4,27.5,0.2,18.3,14.558080555555554
NL-NB,2025-05-03,15.0,10.7,20.9,0.0,19.9,11.486744444444444
NL-NB,2025-05-04,10.8,7.2,14.7,0.7,16.6,13.057811111111112
NL-NB,2025-05-05,9.7,4.0,14.5,0.1,17.9,6.8684361111111105
NL-NB,2025-05-06,10.5,5.0,15.5,0.2,17.5,10.182722222222223
NL-NB,2025-05-07,11.4,6.5,16.6,0.2,14.1,10.373722222222222
NL-NB,2025-05-08,13.7,8.3,18.3,0.0,20.4,11.404433333333333
NL-NB,2025-05-09,14.1,6.9,20.2,0.0,19.5,14.971983333333332
NL-NB,2025-05-10,16.2,8.2,22.8,0.0,13.9,14.998672222222222
NL-NB,2025-05-11,18.6,10.5,25.1,0.0,16.9,15.0
NL-NB,2025-05-12,19.2,13.3,24.8,0.0,18.1,15.0
NL-NB,2025-05-13,17.8,11.8,23.2,0.0,14.1,15.0
NL-NB,2025-05-14,16.7,10.3,22.6,0.0,16.8,15.0
NL-NB,2025-05-15,14.8,9.7,20.6,0.0,17.3,11.501583333333333
NL-NB,2025-05-16,12.9,6.5,18.9,0.0,18.1,15.0
NL-NB,2025-05-17,14.0,8.4,19.4,0.0,19.1,13.771277777777778
NL-NB,2025-05-18,14.0,10.4,18.1,0.7,10.9,8.269222222222222
NL-NB,2025-05-19,16.0,8.8,21.7,0.0,11.5,15.0
NL-NB,2025-05-20,17.1,10.7,22.6,0.0,15.5,13.75658611111111
NL-NB,2025-05-21,13.9,8.2,19.5,0.1,17.1,10.723922222222223
NL-NB,2025-05-22,11.6,7.8,15.8,0.3,20.4,15.0
NL-NB,2025-05-23,10.7,5.8,15.1,1.3,19.9,15.0
NL-NB,2025-05-24,11.1,7.4,14.6,9.4,21.3,0.032641666666666666
NL-NB,2025-05-25,16.3,14.4,20.3,2.2,25.3,8.20261111111111
NL-NB,2025-05-26,15.1,11.7,18.3,0.5,20.2,13.100852777777778
NL-NB,2025-05-27,14.5,12.3,18.3,13.4,28.9,2.023588888888889
NL-NB,2025-05-28,15.7,12.3,18.9,3.7,25.2,11.247186111111112
NL-NB,2025-05-29,14.4,9.6,19.3,0.8,23.8,2.176502777777778
NL-NB,2025-05-30,19.1,14.0,25.1,0.0,18.2,14.882772222222224
NL-NB,2025-05-31,20.0,13.9,27.1,9.1,10.7,11.929519444444443
NL-NB,2025-06-01,17.8,15.2,20.6,0.0,19.3,9.820111111111112
NL-NB,2025-06-02,15.2,10.5,19.6,0.9,16.8,15.168252777777777
NL-NB,2025-06-03,17.5,9.9,23.8,0.0,23.4,15.036027777777777
NL-NB,2025-06-04,16.7,15.1,18.7,0.7,16.3,8.072175
NL-NB,2025-06-05,15.3,11.9,19.1,2.8,25.6,5.268363888888889
NL-NB,2025-06-06,16.3,13.1,19.9,6.0,24.0,14.420030555555556
NL-NB,2025-06-07,14.3,12.0,17.7,9.9,25.4,7.313430555555555
NL-NB,2025-06-08,13.4,11.2,15.2,4.3,27.6,15.253861111111112
NL-NB,2025-06-09,14.6,9.7,19.2,0.4,15.0,14.757955555555556
NL-NB,2025-06-10,15.3,12.8,18.3,1.0,24.7,7.674602777777777
NL-NB,2025-06-11,15.1,8.4,20.6,0.0,14.3,15.490938888888888
NL-NB,2025-06-12,20.8,12.4,29.0,0.0,20.1,15.486566666666667
NL-NB,2025-06-13,27.1,19.3,34.0,0.0,14.8,15.355838888888888
NL-NB,2025-06-14,25.9,21.4,33.2,1.6,20.2,10.345730555555555
NL-NB,2025-06-15,19.5,15.7,23.5,3.2,16.4,12.48111388888889
NL-NB,2025-06-16,19.7,13.5,26.1,0.0,15.4,15.481097222222221
NL-NB,2025-06-17,20.9,12.2,28.6,0.0,17.8,14.314230555555556
NL-NB,2025-06-18,21.6,14.4,28.3,0.0,18.7,15.593769444444444
NL-NB,2025-06-19,20.8,14.4,26.1,0.0,13.1,15.22503611111111
NL-NB,2025-06-20,20.7,13.7,26.3,0.0,13.8,14.484419444444445
NL-NB,2025-06-21,24.4,14.9,31.8,0.0,11.5,15.84123611111111
NL-NB,2025-06-22,25.4,20.2,32.2,4.7,20.2,13.0
NL-NB,2025-06-23,19.9,17.9,22.0,1.0,28.8,13.281991666666666
NL-NB,2025-06-24,18.8,13.3,22.7,1.0,27.8,10.115672222222221
NL-NB,2025-06-25,23.7,16.7,29.4,0.0,17.5,15.710436111111111
NL-NB,2025-06-26,21.4,18.8,24.3,9.1,26.1,9.090586111111111
NL-NB,2025-06-27,18.9,14.6,22.7,2.2,16.5,8.439886111111111
NL-NB,2025-06-28,21.9,17.8,26.1,0.0,18.8,13.086997222222223
NL-NB,2025-06-29,23.7,17.6,29.9,0.0,15.3,15.707891666666667
NL-NB,2025-06-30,25.1,17.0,32.1,0.0,11.7,15.708355555555556
NL-NB,2025-07-01,30.0,20.4,38.1,0.0,12.8,15.709119444444445
NL-NB,2025-07-02,27.2,18.9,36.2,10.4,21.8,13.0
NL-NB,2025-07-03,19.1,14.3,23.3,0.8,15.7,15.711616666666666
NL-NB,2025-07-04,19.7,11.4,25.9,0.0,12.3,15.71335
NL-NB,2025-07-05,20.1,15.2,25.3,13.0,20.4,7.9912222222222224
NL-NB,2025-07-06,17.7,15.6,20.1,4.6,18.3,0.8420444444444445
NL-NB,2025-07-07,16.2,13.7,18.8,1.4,21.0,13.609813888888889
NL-NB,2025-07-08,14.9,11.6,19.7,4.9,20.9,11.834988888888889
NL-NB,2025-07-09,17.5,11.9,23.4,0.0,12.4,15.250622222222221
NL-NB,2025-07-10,19.7,11.9,25.4,0.0,15.0,14.749508333333335
NL-NB,2025-07-11,20.4,14.8,25.2,0.0,13.9,13.412244444444445
NL-NB,2025-07-12,21.1,14.6,27.4,0.0,17.1,15.003733333333335
NL-NB,2025-07-13,21.0,16.3,25.6,0.6,10.6,10.63658888888889
NL-NB,2025-07-14,21.3,15.2,26.2,1.1,19.1,13.573919444444444
NL-NB,2025-07-15,20.1,16.1,23.9,1.2,17.9,12.320822222222223
NL-NB,2025-07-16,18.1,15.1,21.4,3.2,23.0,12.238247222222222
NL-NB,2025-07-17,19.1,12.7,25.0,0.0,9.7,15.278619444444445
NL-NB,2025-07-18,22.0,13.8,29.0,0.0,11.4,15.164988888888889
NL-NB,2025-07-19,24.5,17.3,32.5,0.7,18.5,11.312402777777779
NL-NB,2025-07-20,21.8,18.4,28.0,5.1,18.5,8.88213611111111
NL-NB,2025-07-21,19.6,16.1,25.3,10.7,18.3,14.595477777777779
NL-NB,2025-07-22,18.6,14.6,22.6,2.6,17.9,13.0
NL-NB,2025-07-23,18.9,15.1,22.5,2.0,13.9,12.063783333333333
NL-NB,2025-07-24,19.7,14.6,25.2,1.3,8.3,14.883102777777777
NL-NB,2025-07-25,19.7,15.0,23.6,5.7,14.1,12.388458333333332
NL-NB,2025-07-26,20.6,13.9,26.6,0.1,15.9,12.884786111111111
NL-NB,2025-07-27,18.5,16.2,21.4,3.3,15.8,8.495808333333333
NL-NB,2025-07-28,17.5,13.3,21.0,1.0,17.3,14.907922222222222
NL-NB,2025-07-29,17.8,13.9,21.9,1.6,13.9,12.593816666666665
NL-NB,2025-07-30,18.4,13.7,23.3,0.4,18.1,14.910133333333334
NL-NB,2025-07-31,18.8,15.9,23.6,1.4,18.9,6.779280555555555
NL-NB,2025-08-01,17.1,14.0,20.7,6.9,18.5,12.789805555555557
NL-NB,2025-08-02,16.4,13.3,20.3,1.1,18.9,7.551866666666667
NL-NB,2025-08-03,18.6,14.0,24.4,3.4,21.6,12.30775
NL-NB,2025-08-04,20.3,16.7,25.0,3.8,23.5,8.7423
NL-NB,2025-08-05,18.5,15.4,21.0,1.7,24.3,12.53582777777778
NL-NB,2025-08-06,17.7,12.3,22.4,0.0,13.5,13.655483333333333
NL-NB,2025-08-07,20.0,14.3,25.8,0.0,16.0,9.826927777777778
NL-NB,2025-08-08,21.2,17.9,25.0,0.0,14.3,3.995511111111111
NL-NB,2025-08-09,19.3,12.5,25.7,0.0,16.2,11.0
NL-NB,2025-08-10,20.1,13.0,26.9,0.0,13.5,14.237922222222222
NL-NB,2025-08-11,22.2,14.3,29.1,0.0,12.7,14.24908888888889
NL-NB,2025-08-12,24.9,15.9,32.3,0.0,12.5,14.144022222222222
NL-NB,2025-08-13,27.6,20.1,34.5,0.0,10.7,13.876038888888889
NL-NB,2025-08-14,27.3,21.9,34.3,0.0,14.7,13.930955555555556
NL-NB,2025-08-15,23.2,16.5,29.4,0.0,16.1,13.974327777777779
NL-NB,2025-08-16,19.8,16.9,22.6,0.7,14.7,2.1364666666666667
NL-NB,2025-08-17,16.5,11.1,20.2,0.0,13.7,4.0
NL-NB,2025-08-18,20.9,16.5,26.2,0.0,13.8,11.781613888888888
NL-NB,2025-08-19,21.8,14.5,28.9,0.0,17.9,13.581341666666667
NL-NB,2025-08-20,19.3,13.4,25.1,0.0,15.1,12.168563888888889
NL-NB,2025-08-21,17.9,12.4,23.6,0.0,19.8,13.0
NL-NB,2025-08-22,15.8,12.7,18.8,0.4,14.6,4.462208333333334
NL-NB,2025-08-23,16.6,13.8,20.4,0.1,13.0,9.695038888888888
NL-NB,2025-08-24,15.4,7.7,21.3,0.0,8.9,13.233922222222223
NL-NB,2025-08-25,17.0,8.7,23.8,0.0,11.3,13.144977777777777
NL-NB,2025-08-26,21.0,12.0,29.2,0.2,16.1,11.357188888888889
NL-NB,2025-08-27,21.1,16.9,26.5,0.0,12.5,7.15166388888889
NL-NB,2025-08-28,20.4,17.3,25.5,0.5,18.0,10.803186111111112
NL-NB,2025-08-29,17.4,13.8,22.9,5.2,22.0,9.641663888888889
NL-NB,2025-08-30,17.8,13.4,22.5,0.7,19.9,9.934452777777777
NL-NB,2025-08-31,19.9,17.7,24.9,5.1,17.5,5.503966666666666
NL-NB,2025-09-01,18.6,15.8,22.6,6.0,16.1,9.144030555555556
NL-NB,2025-09-02,17.7,13.5,22.0,0.2,19.1,12.0
NL-NB,2025-09-03,19.6,15.8,23.8,0.7,30.2,6.888430555555555
NL-NB,2025-09-04,18.9,15.5,22.9,0.2,20.6,8.392397222222222
NL-NB,2025-09-05,16.4,12.4,20.3,0.7,17.0,12.955147222222221
NL-NB,2025-09-06,17.0,10.3,23.5,0.0,14.2,11.690316666666666
NL-NB,2025-09-07,20.4,14.1,27.6,0.0,17.7,12.902869444444445
NL-NB,2025-09-08,21.3,18.4,26.0,1.4,12.9,8.068619444444444
NL-NB,2025-09-09,15.1,11.8,18.4,43.8,12.4,4.0
NL-NB,2025-09-10,14.7,9.8,20.9,0.3,14.8,9.332733333333332
NL-NB,2025-09-11,16.1,13.9,18.5,4.2,22.1,11.216072222222222
NL-NB,2025-09-12,14.7,12.2,18.7,0.9,25.8,12.530155555555554
NL-NB,2025-09-13,14.6,12.1,19.0,1.5,22.7,8.959183333333334
NL-NB,2025-09-14,14.5,10.3,18.8,0.7,16.6,8.255363888888889
NL-NB,2025-09-15,17.2,14.9,19.6,8.2,32.4,11.80128611111111
NL-NB,2025-09-16,15.2,13.6,18.0,0.0,27.9,11.62868611111111
NL-NB,2025-09-17,14.9,11.5,18.5,0.9,21.3,0.0
NL-NB,2025-09-18,18.9,16.8,22.8,0.0,20.7,9.130055555555554
NL-NB,2025-09-19,19.4,13.8,25.9,0.0,12.5,11.62321388888889
NL-NB,2025-09-20,20.6,17.8,24.5,0.9,18.0,5.374944444444444
NL-NB,2025-09-21,15.7,11.4,20.7,0.1,19.6,1.4659
NL-NB,2025-09-22,12.2,8.6,16.3,0.1,18.6,11.0
NL-NB,2025-09-23,12.3,7.8,16.8,0.0,17.3,11.066711111111113
NL-NB,2025-09-24,11.8,8.1,15.7,0.0,23.4,10.080086111111111
NL-NB,2025-09-25,10.8,9.2,13.2,0.2,21.0,0.0
NL-NB,2025-09-26,12.0,9.2,15.7,0.0,11.6,4.126266666666666
NL-NB,2025-09-27,12.7,8.7,16.6,0.5,9.9,7.649733333333334
NL-NB,2025-09-28,13.1,7.3,19.3,0.0,7.8,11.0
NL-NB,2025-09-29,13.2,8.0,18.8,0.0,10.5,11.0
NL-NB,2025-09-30,13.1,9.3,17.6,0.0,9.0,11.0
NL-NB,2025-10-01,11.2,6.6,16.7,0.0,9.8,10.90855
NL-NB,2025-10-02,11.2,7.2,16.8,0.0,10.4,8.469416666666667
NL-NB,2025-10-03,11.6,9.8,14.5,4.8,21.8,0.0
NL-NB,2025-10-04,13.3,10.8,16.7,16.3,31.2,6.828244444444445
NL-NB,2025-10-05,11.6,9.8,13.9,5.3,24.9,6.74465
NL-NB,2025-10-06,12.9,10.4,15.0,0.2,18.5,0.0
NL-NB,2025-10-07,14.6,11.8,17.8,0.0,12.8,4.026538888888889
NL-NB,2025-10-08,14.5,13.0,16.7,0.5,8.4,2.747933333333333
NL-NB,2025-10-09,13.5,10.4,15.8,0.3,10.9,6.517691666666666
NL-NB,2025-10-10,14.7,12.3,17.8,0.1,10.1,4.4937805555555554
NL-NB,2025-10-11,14.5,13.3,16.1,0.1,6.4,1.3968833333333333
NL-NB,2025-10-12,13.9,12.0,15.7,0.0,9.6,0.7564611111111111
NL-NB,2025-10-13,13.9,11.7,15.6,0.3,10.2,2.125675
NL-NB,2025-10-14,12.3,10.6,14.6,0.2,8.7,0.19081388888888887
NL-NB,2025-10-15,12.7,11.1,14.9,0.7,6.6,1.264038888888889
NL-NB,2025-10-16,12.1,8.4,14.7,0.4,10.1,4.010933333333334
NL-NB,2025-10-17,11.7,9.1,13.8,0.2,9.7,4.584222222222222
NL-NB,2025-10-18,10.6,8.7,13.1,0.0,11.2,4.688616666666666
NL-NB,2025-10-19,11.0,7.4,15.8,0.9,16.2,6.0
NL-NB,2025-10-20,15.0,12.7,18.0,1.9,20.0,5.118902777777778
NL-NB,2025-10-21,13.5,12.6,15.1,5.9,26.8,4.237252777777778
NL-NB,2025-10-22,12.7,11.3,15.1,0.1,15.4,5.883155555555556
NL-NB,2025-10-23,12.0,9.5,15.0,14.0,35.5,4.1104722222222225
NL-NB,2025-10-24,9.0,7.3,11.2,1.2,28.5,9.0
NL-NB,2025-10-25,9.0,7.6,10.9,8.4,29.4,0.1366388888888889
NL-NB,2025-10-26,7.2,5.2,10.5,4.0,26.1,6.024561111111111
NL-NB,2025-10-27,8.8,7.2,10.5,6.2,25.7,7.8099333333333325
NL-NB,2025-10-28,10.6,7.4,13.2,1.6,24.7,3.3536055555555553
NL-NB,2025-10-29,11.6,9.5,14.0,1.3,19.9,2.425211111111111
NL-NB,2025-10-30,10.2,8.2,13.0,4.5,22.7,9.006183333333333
NL-NB,2025-10-31,10.5,7.3,13.8,0.0,14.7,0.9066500000000001
NL-NB,2025-11-01,12.5,10.2,14.3,6.4,21.3,0.0
NL-NB,2025-11-02,10.7,8.7,13.8,1.3,17.7,8.0
NL-NB,2025-11-03,9.5,6.3,13.0,0.0,23.0,6.128744444444444
NL-NB,2025-11-04,13.4,11.7,16.4,0.0,17.7,8.023433333333333
NL-NB,2025-11-05,13.0,10.6,16.9,0.0,16.2,8.965627777777778
NL-NB,2025-11-06,11.1,8.0,15.1,0.0,12.5,8.035716666666668
NL-NB,2025-11-07,10.8,7.1,15.9,0.0,9.5,8.91008888888889
NL-NB,2025-11-08,10.1,6.0,14.9,0.2,8.7,8.155697222222221
NL-NB,2025-11-09,10.7,7.8,13.0,1.3,11.3,8.399477777777777
NL-NB,2025-11-10,8.2,5.4,12.2,1.2,16.5,5.0955111111111115
NL-NB,2025-11-11,10.5,9.2,12.9,0.6,18.6,4.2970749999999995
NL-NB,2025-11-12,12.2,10.5,15.4,0.0,16.3,7.211377777777778
NL-NB,2025-11-13,14.1,12.3,16.0,0.1,18.4,3.0170944444444445
NL-NB,2025-11-14,13.0,12.2,14.1,2.0,11.1,0.0
NL-NB,2025-11-15,11.2,9.7,12.8,4.2,9.3,0.0
NL-NB,2025-11-16,7.6,4.6,9.5,3.4,12.3,0.0
NL-NB,2025-11-17,4.5,2.0,7.0,0.4,19.0,8.334530555555556
NL-NB,2025-11-18,3.3,1.6,5.9,0.4,17.2,5.398297222222222
NL-NB,2025-11-19,4.8,3.2,6.4,4.4,22.6,0.0
NL-NB,2025-11-20,1.8,-0.3,4.0,0.5,14.6,2.7772694444444443
NL-NB,2025-11-21,1.5,-0.7,5.0,0.6,9.9,8.13298611111111
NL-NB,2025-11-22,-0.1,-2.3,2.8,0.0,16.8,7.350430555555556
NL-NB,2025-11-23,2.4,-0.1,4.8,1.8,23.0,0.22740833333333332
NL-NB,2025-11-24,5.2,3.9,6.9,5.8,18.1,2.550663888888889
NL-NB,2025-11-25,4.2,2.5,5.9,4.7,12.6,0.7213361111111111
NL-NB,2025-11-26,3.1,1.1,5.5,0.0,10.8,3.3691805555555554
NL-NB,2025-11-27,4.2,1.0,7.2,0.6,20.0,0.0
NL-NB,2025-11-28,8.2,7.3,9.0,1.1,18.2,0.0
NL-NB,2025-11-29,8.9,7.4,11.0,1.2,22.0,1.497511111111111
NL-NB,2025-11-30,6.7,5.3,9.9,0.5,19.9,3.371816666666667
NL-NB,2025-12-01,4.9,2.1,7.2,0.9,21.9,1.152461111111111
NL-NB,2025-12-02,7.5,6.2,9.3,0.0,21.9,2.0
NL-NB,2025-12-03,7.3,6.3,8.5,1.5,10.3,0.0
NL-NB,2025-12-04,6.4,4.5,8.5,0.4,16.0,6.3086416666666665
NL-NB,2025-12-05,4.5,2.3,6.1,0.0,15.8,1.5646499999999999
NL-NB,2025-12-06,7.5,4.7,9.9,11.7,22.3,1.173161111111111
NL-NB,2025-12-07,10.3,8.1,13.8,8.6,26.6,0.402
NL-NB,2025-12-08,12.3,10.3,14.1,6.7,25.8,0.0
NL-NB,2025-12-09,12.4,11.0,14.0,1.8,18.5,2.7471916666666667
NL-NB,2025-12-10,12.3,9.7,13.4,0.1,19.0,0.0721
NL-NB,2025-12-11,7.5,5.0,9.1,0.0,13.8,3.0
NL-NB,2025-12-12,7.0,3.4,10.5,0.0,13.6,1.5908944444444446
NL-NB,2025-12-13,7.4,3.2,9.7,0.0,11.1,2.3139444444444446
NL-NB,2025-12-14,6.3,2.8,8.3,0.0,16.8,0.0
NL-NB,2025-12-15,6.5,3.4,9.3,0.0,15.1,7.0
NL-NB,2025-12-16,8.9,7.4,11.6,4.9,13.5,5.4929
NL-NB,2025-12-17,7.8,5.7,9.7,0.4,14.6,0.0
NL-NB,2025-12-18,9.8,6.5,12.6,0.0,23.7,3.5156666666666667
NL-NB,2025-12-19,10.2,6.1,13.4,3.2,24.4,0.37852222222222226
NL-NB,2025-12-20,4.7,1.3,7.1,0.0,11.2,3.1713416666666667
NL-NB,2025-12-21,8.3,7.1,11.2,0.0,15.5,6.820311111111111
NL-NB,2025-12-22,5.2,3.0,7.2,0.0,15.1,0.01338611111111111
NL-NB,2025-12-23,4.0,2.1,5.7,0.0,20.9,3.0183555555555555
NL-NB,2025-12-24,0.9,-1.4,3.4,0.0,23.1,5.483641666666667
NL-NB,2025-12-25,-2.4,-4.3,-0.3,0.0,23.3,7.046702777777778
NL-NB,2025-12-26,-1.7,-4.6,2.3,0.0,14.2,7.176227777777777
NL-NB,2025-12-27,0.1,-2.6,3.6,0.0,13.2,6.044716666666667
NL-NB,2025-12-28,2.5,-1.9,5.4,0.0,10.4,7.0264500000000005
NL-NB,2025-12-29,0.5,-2.9,4.3,0.0,11.4,0.0
NL-NB,2025-12-30,2.0,0.0,4.5,0.0,13.2,6.9233666666666664
NL-NB,2025-12-31,0.6,-2.0,3.8,0.1,15.3,1.5018666666666667
NL-NB,2026-01-01,2.5,1.2,3.4,0.9,24.9,0.0
NL-NB,2026-01-02,1.5,0.6,3.0,5.5,24.1,5.30175
NL-NB,2026-01-03,0.1,-1.4,1.4,4.8,20.8,2.43785
NL-NB,2026-01-04,-0.3,-2.0,0.9,4.7,20.6,5.866533333333334
NL-NB,2026-01-05,-2.2,-3.9,-0.2,0.6,17.2,4.08455
NL-NB,2026-01-06,-1.9,-4.0,1.0,0.4,14.5,7.479472222222221
NL-NB,2026-01-07,-0.8,-3.3,0.7,2.9,27.0,0.0
NL-NB,2026-01-08,0.9,-1.0,2.2,3.2,18.2,3.0
NL-NB,2026-01-09,2.6,0.5,4.3,19.7,27.4,0.0
NL-NB,2026-01-10,-2.1,-3.1,0.4,1.1,16.2,0.0
NL-NB,2026-01-11,-2.5,-6.5,0.6,0.0,18.6,0.0
NL-NB,2026-01-12,4.1,0.9,8.1,8.9,21.3,0.0
NL-NB,2026-01-13,8.4,5.9,10.8,0.2,17.2,3.2838000000000003
NL-NB,2026-01-14,8.2,6.8,9.4,3.9,15.8,4.618147222222222
NL-NB,2026-01-15,9.2,7.8,10.5,0.0,19.8,0.0
NL-NB,2026-01-16,9.7,6.8,11.2,0.3,22.9,6.434772222222223
NL-NB,2026-01-17,7.8,5.6,11.9,1.5,12.8,7.922002777777777
NL-NB,2026-01-18,3.5,1.3,7.3,0.0,13.0,7.949194444444444
NL-NB,2026-01-19,1.7,-1.2,5.6,0.0,9.5,6.4700194444444445
NL-NB,2026-01-20,1.4,-1.1,5.0,0.0,12.7,8.0
NL-NB,2026-01-21,4.6,1.2,9.7,1.0,15.7,5.492030555555556
NL-NB,2026-01-22,3.2,-0.1,6.5,0.0,13.9,7.2298583333333335
NL-NB,2026-01-23,5.3,3.7,8.6,0.0,16.1,6.939311111111111
NL-NB,2026-01-24,4.7,2.1,8.5,0.0,14.7,7.323111111111111
NL-NB,2026-01-25,-0.0,-2.1,2.2,0.0,14.2,7.479
NL-NB,2026-01-26,-0.3,-2.2,1.5,0.0,11.3,0.0
NL-NB,2026-01-27,1.8,-1.1,4.5,4.8,14.9,0.0
NL-NB,2026-01-28,4.1,0.6,5.4,0.5,12.0,0.0
NL-NB,2026-01-29,0.7,-0.1,1.7,1.5,10.0,0.0
NL-NB,2026-01-30,2.5,-0.7,6.1,0.3,13.5,6.027083333333334
NL-NB,2026-01-31,5.9,2.9,9.4,1.4,14.9,7.300894444444444
NL-NB,2026-02-01,5.4,2.9,9.2,0.5,15.3,6.420077777777777
NL-NB,2026-02-02,5.1,2.7,7.4,2.1,18.0,6.874061111111111
NL-NB,2026-02-03,2.5,0.3,6.4,4.4,19.9,0.6906749999999999
NL-NB,2026-02-04,6.3,3.8,10.1,0.0,16.8,8.579872222222223
NL-NB,2026-02-05,3.7,1.1,7.2,0.0,16.5,6.545222222222222
NL-NB,2026-02-06,5.3,3.5,7.4,2.1,12.8,2.3820833333333336
NL-NB,2026-02-07,7.9,5.1,12.2,0.0,12.0,9.103208333333335
NL-NB,2026-02-08,5.5,2.5,8.7,0.0,12.7,9.228991666666667
NL-NB,2026-02-09,3.7,-0.1,7.7,0.0,13.4,4.375647222222222
NL-NB,2026-02-10,5.6,2.2,10.0,0.7,12.9,0.0
NL-NB,2026-02-11,9.0,7.3,11.3,7.3,19.6,1.1707305555555556
NL-NB,2026-02-12,8.2,7.4,10.3,11.7,18.4,3.340508333333333
NL-NB,2026-02-13,4.6,1.9,6.6,0.0,16.2,2.5649055555555553
NL-NB,2026-02-14,0.2,-2.9,2.0,0.0,16.0,3.274125
NL-NB,2026-02-15,-0.7,-4.1,3.9,5.7,20.4,7.0
NL-NB,2026-02-16,3.6,0.6,6.4,10.5,17.9,8.002547222222221
NL-NB,2026-02-17,3.4,2.0,6.7,1.8,24.9,6.418325
NL-NB,2026-02-18,2.5,0.1,5.1,0.0,22.0,5.657111111111111
NL-NB,2026-02-19,2.3,1.1,3.9,10.4,25.2,0.6925888888888889
NL-NB,2026-02-20,5.2,2.6,7.6,0.9,23.2,0.0
NL-NB,2026-02-21,9.0,7.8,10.5,1.2,24.1,2.4760777777777774
NL-NB,2026-02-22,11.1,10.5,12.1,7.9,24.8,0.0
NL-NB,2026-02-23,9.6,7.8,12.1,2.7,26.0,7.313663888888889
NL-NB,2026-02-24,10.6,8.8,12.8,1.6,15.7,0.0
NL-NB,2026-02-25,12.7,8.0,18.1,0.0,13.1,10.02023611111111
NL-NB,2026-02-26,12.9,9.5,17.3,0.0,16.8,10.002069444444444
NL-NB,2026-02-27,13.0,10.0,17.2,2.0,17.9,8.103933333333334
NL-NB,2026-02-28,10.3,6.5,12.3,4.0,34.3,4.6519111111111116
NL-NB,2026-03-01,8.3,3.8,13.0,0.1,22.0,7.374741666666667
NL-NB,2026-03-02,10.4,5.8,16.3,0.0,13.1,10.245055555555554
NL-NB,2026-03-03,10.9,6.0,17.3,0.0,10.3,10.331402777777779
NL-NB,2026-03-04,9.7,4.0,16.3,0.0,10.0,10.417269444444443
NL-NB,2026-03-05,10.8,6.0,17.3,0.0,12.4,10.607280555555555
NL-NB,2026-03-06,11.4,5.6,18.7,0.0,9.5,10.378525
NL-NB,2026-03-07,10.4,5.4,15.9,0.0,9.0,10.547069444444444
NL-NB,2026-03-08,10.2,5.5,16.7,0.0,9.1,10.779788888888888
NL-NB,2026-03-09,10.5,3.0,18.1,0.0,6.5,10.817183333333334
NL-NB,2026-03-10,10.7,7.9,15.0,2.3,14.0,10.177266666666668
NL-NB,2026-03-11,9.4,7.0,10.8,3.9,23.7,1.0947
NL-NB,2026-03-12,8.4,4.7,12.4,0.0,27.5,10.413638888888888
NL-NB,2026-03-13,8.2,4.8,10.9,10.2,28.0,0.0
NL-NB,2026-03-14,4.3,2.8,6.8,11.4,10.8,1.5841805555555557
NL-NB,2026-03-15,5.4,-0.1,10.8,0.0,20.6,11.307591666666667
NL-NB,2026-03-16,7.3,4.7,10.1,4.8,24.3,11.087677777777778
NL-NB,2026-03-17,10.0,6.5,14.1,0.0,13.1,0.6883777777777778
NL-NB,2026-03-18,10.1,7.1,14.2,0.0,15.5,11.673894444444443
NL-NB,2026-03-19,9.6,3.4,16.1,0.0,10.7,11.730475
NL-NB,2026-03-20,8.9,4.4,13.9,0.0,12.6,11.030402777777777
NL-NB,2026-03-21,7.5,2.5,12.9,0.0,14.3,11.78655
NL-NB,2026-03-22,8.6,3.3,14.6,0.0,12.6,11.814430555555555
NL-NB,2026-03-23,9.1,3.0,15.4,0.0,10.2,11.64476111111111
NL-NB,2026-03-24,11.0,6.1,16.1,0.0,23.3,6.188722222222222
NL-NB,2026-03-25,8.1,3.9,12.5,3.7,28.4,8.74905
NL-NB,2026-03-26,3.9,2.0,7.2,3.0,20.7,11.918147222222222
NL-NB,2026-03-27,4.3,-0.8,9.1,0.0,16.3,5.164427777777777
NL-NB,2026-03-28,6.8,3.6,10.1,6.6,19.9,9.140699999999999
NL-NB,2026-03-29,6.0,1.3,10.7,1.4,24.7,7.264911111111111
NL-NB,2026-03-30,6.9,4.5,9.8,9.9,26.8,12.002572222222224
NL-NB,2026-03-31,6.9,2.4,11.4,0.0,14.8,11.721327777777777
NL-NB,2026-04-01,7.3,1.4,12.6,0.0,8.7,10.0
NL-NB,2026-04-02,7.4,4.5,11.8,2.4,16.2,2.1569166666666666
NL-NB,2026-04-03,8.0,2.9,13.0,0.0,23.2,5.0
NL-NB,2026-04-04,12.5,9.4,15.3,1.9,22.1,7.766491666666666
NL-NB,2026-04-05,12.0,7.7,14.2,0.8,25.4,6.036111111111111
NL-NB,2026-04-06,8.7,3.4,13.8,0.1,9.9,12.874155555555555
NL-NB,2026-04-07,9.9,3.6,16.2,0.0,13.1,12.911319444444445
NL-NB,2026-04-08,12.7,5.9,20.4,0.0,12.0,12.948213888888889
NL-NB,2026-04-09,15.0,6.9,23.2,7.8,20.5,12.566625
NL-NB,2026-04-10,10.2,7.2,13.7,1.3,20.2,5.355722222222222
NL-NB,2026-04-11,11.3,6.3,22.0,4.4,24.6,7.000944444444444
NL-NB,2026-04-12,9.8,5.3,14.0,0.0,14.4,9.383191666666667
NL-NB,2026-04-13,8.3,4.0,12.5,1.0,7.3,1.3659722222222221
NL-NB,2026-04-14,9.9,3.9,15.8,0.0,8.8,13.0
NL-NB,2026-04-15,13.3,5.9,19.7,0.0,14.8,12.0
NL-NB,2026-04-16,14.7,10.0,19.0,1.2,13.2,12.144758333333332
NL-NB,2026-04-17,15.0,7.4,20.5,0.0,9.3,12.822633333333334
NL-NB,2026-04-18,13.4,9.0,17.4,2.2,14.1,5.9536694444444445
NL-NB,2026-04-19,10.8,6.2,15.5,0.6,16.1,13.0
NL-NB,2026-04-20,8.8,4.2,12.9,0.3,11.7,12.77555
NL-NB,2026-04-21,10.5,6.5,15.3,0.2,17.0,13.319647222222223
NL-NB,2026-04-22,11.6,4.3,17.5,0.0,16.2,13.522013888888889
NL-NB,2026-04-23,11.7,4.2,18.9,0.0,14.5,13.703758333333333
NL-NB,2026-04-24,10.8,4.4,18.4,0.0,12.5,11.589599999999999
NL-NB,2026-04-25,10.4,3.0,18.5,0.0,13.6,13.757933333333332
NL-NB,2026-04-26,11.5,5.0,17.6,0.0,10.2,13.780780555555555
NL-NB,2026-04-27,12.5,4.5,19.3,0.0,13.9,12.754325
NL-NB,2026-04-28,14.2,8.4,20.0,0.0,22.5,13.834830555555556
NL-NB,2026-04-29,14.3,8.1,19.4,0.0,22.3,14.292411111111111
NL-NB,2026-04-30,14.8,8.2,21.0,0.0,20.0,14.415491666666666
NL-NB,2026-05-01,17.8,10.4,24.8,0.0,17.3,14.539294444444444
NL-NB,2026-05-02,18.6,11.5,25.6,1.5,12.8,13.323333333333334
NL-NB,2026-05-03,15.3,12.7,18.8,3.8,16.1,3.3407666666666667
NL-NB,2026-05-04,14.7,11.8,18.3,4.5,11.9,4.882933333333334
NL-NB,2026-05-05,11.6,10.3,13.3,6.2,14.7,0.6805305555555555
NL-NB,2026-05-06,9.8,8.6,11.1,10.2,15.0,0.0
NL-NB,2026-05-07,11.8,7.6,16.0,0.0,8.6,9.360641666666666
NL-NB,2026-05-08,13.0,8.7,17.5,0.2,8.2,8.488925
NL-NB,2026-05-09,13.8,7.2,18.9,0.0,11.3,13.353705555555555
NL-NB,2026-05-10,13.9,8.2,19.2,0.0,17.5,12.004466666666668
NL-NB,2026-05-11,8.7,6.0,11.6,2.7,23.0,5.7730194444444445
NL-NB,2026-05-12,8.7,4.8,12.2,1.3,18.8,7.555608333333333
NL-NB,2026-05-13,9.2,7.0,12.7,5.3,17.1,13.403236111111111
NL-NB,2026-05-14,7.9,5.3,11.2,9.5,16.1,12.548625000000001
NL-NB,2026-05-15,7.9,3.2,11.6,1.8,15.9,11.815094444444444
NL-NB,2026-05-16,9.2,4.1,14.6,0.3,15.7,15.0
NL-NB,2026-05-17,11.4,8.1,16.5,6.8,17.4,7.0014
NL-NB,2026-05-18,12.3,9.4,16.3,4.8,15.7,11.373655555555557
NL-NB,2026-05-19,11.9,7.1,16.8,2.2,19.0,4.207125
NL-NB,2026-05-20,14.6,12.1,18.0,10.0,22.9,13.581347222222222
NL-NB,2026-05-21,16.5,11.5,21.3,0.0,13.7,13.924530555555554
NL-NB,2026-05-22,19.3,11.4,26.0,0.0,9.0,15.02216111111111
NL-NB,2026-05-23,23.0,13.2,30.5,0.0,13.5,15.012077777777778
NL-NB,2026-05-24,22.7,15.8,28.6,0.0,10.4,15.002105555555556
NL-NB,2026-05-25,23.3,14.4,30.1,0.0,11.3,15.114386111111111
NL-NB,2026-05-26,25.1,15.7,32.3,0.0,11.5,15.105016666666666
NL-NB,2026-05-27,22.0,16.8,25.9,0.0,12.8,15.095816666666668
NL-NB,2026-05-28,20.1,12.8,26.2,0.0,12.1,15.209875
NL-NB,2026-05-29,21.4,17.1,30.0,5.0,18.9,7.2713777777777775
NL-NB,2026-05-30,21.1,15.3,27.0,0.6,9.8,13.34803888888889
NL-NB,2026-05-31,19.8,16.4,24.1,1.0,23.1,10.27198888888889
NL-NB,2026-06-01,18.8,13.1,24.0,0.8,12.4,14.523572222222223
NL-NB,2026-06-02,17.8,14.9,22.3,9.3,19.2,6.773002777777778
NL-NB,2026-06-03,15.6,11.9,19.9,4.8,24.6,11.06181111111111
NL-NB,2026-06-04,15.2,13.6,17.4,17.2,22.0,11.183944444444444
NL-NB,2026-06-05,15.0,12.4,18.4,4.5,17.7,11.190380555555556
NL-NB,2026-06-06,15.0,10.5,19.7,4.2,17.2,10.43385
NL-NB,2026-06-07,15.5,13.2,18.4,0.0,21.8,1.3920861111111111
NL-NB,2026-06-08,16.2,11.7,21.7,4.2,18.4,6.107919444444444
NL-NB,2026-06-09,13.8,10.9,16.9,5.7,19.7,13.692380555555555
NL-NB,2026-06-10,12.5,9.2,17.0,7.6,14.6,12.861088888888888
NL-NB,2026-06-11,12.4,8.6,16.8,6.5,18.3,8.732708333333333
NL-NB,2026-06-12,16.0,11.9,20.6,5.1,22.0,5.522180555555555
NL-NB,2026-06-13,15.9,13.3,17.9,0.8,24.2,13.342294444444445
NL-NB,2026-06-14,14.8,11.7,17.6,0.4,18.9,15.607325000000001
NL-NB,2026-06-15,14.8,10.5,19.1,0.2,14.8,8.121583333333334
NL-NB,2026-06-16,18.9,13.4,24.3,0.0,15.0,12.263697222222222
NL-NB,2026-06-17,20.2,14.4,25.4,0.0,15.7,13.021852777777777
NL-NB,2026-06-18,24.3,17.4,31.5,1.7,18.5,14.672777777777778
NL-NB,2026-06-19,25.0,19.2,34.0,1.1,21.9,13.648405555555556
NL-NB,2026-06-20,24.3,19.1,30.4,4.4,21.0,14.117911111111113
NL-NB,2026-06-21,24.5,19.0,30.2,13.8,13.8,14.841288888888888
NL-NB,2026-06-22,24.4,18.6,29.4,0.0,12.2,15.839402777777778
NL-NB,2026-06-23,23.4,17.4,28.8,0.8,11.8,12.919583333333334
NL-NB,2026-06-24,28.5,19.7,35.5,0.0,10.0,15.836377777777777
NL-NB,2026-06-25,29.5,22.9,34.7,0.0,14.4,15.83643611111111
NL-NB,2026-06-26,31.2,24.2,38.9,0.0,12.8,13.970175
NL-NB,2026-06-27,28.8,22.5,34.6,0.2,18.2,14.394477777777778
NL-NB,2026-06-28,26.4,21.4,32.0,0.3,16.1,15.382752777777778
NL-NB,2026-06-29,22.6,18.5,26.7,0.0,14.9,14.707630555555555
NL-NB,2026-06-30,20.3,15.0,25.2,0.1,11.4,12.691447222222221
NL-NB,2026-07-01,20.0,13.6,25.4,2.1,13.9,15.860880555555555
NL-NB,2026-07-02,18.8,15.8,23.4,1.9,21.8,11.057130555555554
NL-NB,2026-07-03,17.8,12.0,23.3,0.0,15.3,14.344786111111112
NL-NB,2026-07-04,19.6,12.4,26.3,0.0,21.3,13.642175
NL-NB,2026-07-05,20.1,17.2,23.2,3.7,19.6,13.243158333333334
NL-NB,2026-07-06,22.7,16.8,28.6,0.0,19.6,12.794205555555555
NL-NB,2026-07-07,23.4,18.8,28.5,0.0,22.0,14.222333333333333
NL-NB,2026-07-08,21.2,19.0,24.3,0.0,12.7,5.534452777777777
NL-NB,2026-07-09,20.9,14.8,25.7,0.0,11.0,15.602469444444445
NL-NB,2026-07-10,22.6,15.7,28.3,0.0,15.0,15.7299
NL-NB,2026-07-11,24.3,17.5,29.8,0.0,13.8,15.610269444444445
NL-NB,2026-07-12,24.9,18.7,30.1,0.0,17.1,15.368475
NL-NB,2026-07-13,23.0,15.3,29.4,0.0,15.0,14.653222222222222
NL-NB,2026-07-14,25.3,19.9,30.5,0.0,17.8,15.379330555555555
NL-NB,2026-07-15,24.6,19.0,28.9,0.0,17.2,15.507311111111111
NL-NB,2026-07-16,23.8,18.9,28.3,0.2,15.4,15.391447222222222
NL-NB,2026-07-17,21.6,16.3,26.5,0.0,16.4,15.276566666666666
NL-NB,2026-07-18,18.7,15.4,22.0,0.0,17.7,6.6195861111111105
NL-NB,2026-07-19,17.4,12.8,22.1,0.0,17.9,13.916047222222222
NL-NB,2026-07-20,17.9,13.5,22.3,0.0,13.9,13.589463888888888
NL-NB,2026-07-21,17.8,11.1,24.0,0.0,14.4,14.999108333333334
NL-NB,2026-07-22,17.7,15.0,21.3,1.3,21.4,8.290530555555556
NL-NB,2026-07-23,18.1,14.2,22.0,0.4,15.0,10.328519444444444
NL-NB,2026-07-24,19.0,13.4,24.3,0.0,8.1,10.689338888888889
NL-NB,2026-07-25,22.2,15.0,28.2,0.0,15.4,13.581544444444443
NL-NB,2026-07-26,20.0,17.2,22.1,3.5,25.1,8.53226388888889
NL-NB,2026-07-27,18.8,14.9,22.7,0.5,20.2,14.90753611111111
NL-NB,2026-07-28,22.0,13.7,29.4,0.0,11.5,14.984808333333334
NL-NB,2026-07-29,27.3,18.2,34.5,0.0,11.8,14.972705555555555
NL-NB,2026-07-30,24.5,20.1,31.3,3.4,22.4,9.915275
NL-NB,2026-07-31,21.6,17.4,27.3,0.7,15.3,12.448666666666666
NL-NB,2026-08-01,20.3,14.0,25.8,0.0,12.4,14.321708333333333
NL-NB,2026-08-02,22.2,14.2,28.4,0.0,16.5,13.681597222222223
NL-NB,2026-08-03,27.3,20.7,34.7,0.4,14.9,14.499552777777778
NL-NB,2026-08-04,25.6,20.6,32.4,3.9,17.2,11.704644444444444
NL-NB,2026-08-05,23.7,20.4,27.1,1.2,21.3,12.977025
NL-NB,2026-08-06,19.6,15.4,23.7,0.0,18.1,13.489383333333333
NL-NB,2026-08-07,17.8,11.7,22.5,0.0,8.0,12.331775
NL-NB,2026-08-08,19.7,11.3,26.2,0.0,9.8,14.548380555555555
NL-NB,2026-08-09,23.1,14.6,30.9,0.1,12.4,12.938149999999998
NL-NB,2026-08-10,22.2,18.0,26.5,0.0,16.2,13.714994444444445
NL-NB,2026-08-11,18.7,12.6,24.1,0.0,14.4,14.356711111111112
NL-NB,2026-08-12,21.8,13.7,29.4,0.0,14.3,13.407230555555556
NL-NB,2026-08-13,26.4,18.5,34.6,0.0,12.1,14.240355555555555
NL-NB,2026-08-14,28.4,19.7,36.0,0.0,11.4,14.10965
NL-NB,2026-08-15,23.3,19.4,29.2,1.2,13.4,9.994991666666667
NL-NB,2026-08-16,20.5,16.1,24.6,0.0,11.3,10.74841111111111
NL-NB,2026-08-17,17.7,14.7,20.8,6.0,12.4,4.800080555555556
NL-NB,2026-08-18,17.9,15.1,20.4,11.6,22.3,0.23719722222222223
NL-NB,2026-08-19,17.3,15.2,19.0,14.3,19.2,0.31951666666666667
NL-NB,2026-08-20,17.4,14.4,21.6,2.0,22.8,13.700397222222222
NL-NB,2026-08-21,16.7,13.7,20.2,3.0,14.5,13.18168611111111
NL-NB,2026-08-22,15.9,12.2,19.7,0.9,15.0,13.410766666666667
NL-NB,2026-08-23,15.2,10.1,19.9,0.0,10.7,12.609675000000001
NL-NB,2026-08-24,16.1,10.2,21.4,0.0,15.9,13.336591666666667
NL-NB,2026-08-25,18.0,12.0,23.7,0.0,14.8,13.247147222222223
NL-NB,2026-08-26,20.1,14.6,25.5,0.1,14.5,12.495425
NL-NB,2026-08-27,23.0,17.8,30.7,2.9,14.6,9.450605555555555
NL-NB,2026-08-28,18.7,17.0,21.0,11.1,23.2,6.2621
NL-NB,2026-08-29,18.4,16.0,22.1,3.5,22.1,8.57755
NL-NB,2026-08-30,19.1,17.0,22.5,0.8,24.5,5.769277777777778
NL-NB,2026-08-31,17.3,14.9,20.1,8.4,26.0,13.0
NL-NB,2026-09-01,17.5,14.5,21.5,2.4,15.0,11.022188888888888
NL-NB,2026-09-02,17.2,12.9,21.4,0.3,15.0,11.625055555555555
NL-NB,2026-09-03,19.7,17.2,23.2,6.8,25.4,7.304975
NL-NB,2026-09-04,19.9,17.2,23.3,5.1,30.0,7.771277777777778
NL-NB,2026-09-05,16.9,13.6,21.0,0.4,21.8,12.961847222222223
NL-NB,2026-09-06,16.9,10.3,23.0,0.0,11.0,12.935563888888888
NL-NB,2026-09-07,21.8,16.4,29.5,0.0,18.8,12.209819444444443
NL-NB,2026-09-08,19.8,16.0,24.3,1.7,27.8,7.637127777777778
NL-NH,2023-09-09,21.5,16.0,27.9,0.0,8.1,12.166327777777777
NL-NH,2023-09-10,23.6,18.3,30.2,0.0,9.9,12.751475
NL-NH,2023-09-11,21.6,19.1,23.9,0.0,15.9,11.344583333333333
NL-NH,2023-09-12,19.8,17.4,23.4,6.6,11.9,11.188505555555556
NL-NH,2023-09-13,16.9,12.3,19.4,2.8,27.0,7.653883333333333
NL-NH,2023-09-14,15.4,10.2,19.8,0.0,10.4,12.169227777777778
NL-NH,2023-09-15,16.3,10.8,21.4,0.0,10.6,11.494961111111111
NL-NH,2023-09-16,17.7,11.5,23.6,0.0,15.2,11.31841388888889
NL-NH,2023-09-17,18.0,16.3,20.9,2.9,18.1,2.7075083333333336
NL-NH,2023-09-18,18.5,15.3,21.5,9.3,36.2,7.137244444444445
NL-NH,2023-09-19,16.4,14.8,18.3,4.8,39.8,4.3400638888888885
NL-NH,2023-09-20,18.4,16.2,20.6,1.6,33.2,5.919911111111111
NL-NH,2023-09-21,16.7,13.7,20.1,20.9,28.5,0.0
NL-NH,2023-09-22,13.3,11.6,15.6,5.2,25.2,7.1160499999999995
NL-NH,2023-09-23,13.4,11.1,16.9,5.5,17.7,10.778661111111111
NL-NH,2023-09-24,14.3,10.3,18.8,0.0,22.0,11.066397222222221
NL-NH,2023-09-25,15.9,12.6,20.2,0.0,21.3,9.178369444444444
NL-NH,2023-09-26,16.8,12.5,21.5,0.0,15.2,9.537297222222222
NL-NH,2023-09-27,17.7,13.6,22.4,0.0,20.1,5.490072222222222
NL-NH,2023-09-28,17.8,14.5,19.8,0.2,24.8,8.130119444444444
NL-NH,2023-09-29,16.6,12.6,20.3,1.6,28.7,7.588577777777778
NL-NH,2023-09-30,15.1,12.1,19.1,0.1,16.5,9.0
NL-NH,2023-10-01,17.2,14.1,21.3,0.0,20.0,10.241530555555556
NL-NH,2023-10-02,18.5,15.8,22.4,0.0,14.0,6.646702777777778
NL-NH,2023-10-03,16.7,14.4,20.4,2.6,33.3,4.5001694444444444
NL-NH,2023-10-04,15.4,13.6,17.0,0.5,27.3,9.920475
NL-NH,2023-10-05,16.0,13.9,17.8,0.3,23.1,7.297991666666666
NL-NH,2023-10-06,16.6,13.7,19.5,0.0,34.0,10.517333333333333
NL-NH,2023-10-07,18.2,17.1,19.5,0.0,30.8,6.194705555555555
NL-NH,2023-10-08,16.1,13.8,19.0,0.0,16.3,4.2547
NL-NH,2023-10-09,17.2,14.0,19.5,0.0,21.6,7.730152777777778
NL-NH,2023-10-10,17.0,13.5,21.4,0.0,23.3,8.22731388888889
NL-NH,2023-10-11,17.7,16.6,19.5,3.5,34.2,2.8648555555555553
NL-NH,2023-10-12,14.6,13.3,16.6,36.0,23.7,0.7428444444444444
NL-NH,2023-10-13,17.8,15.9,21.0,14.0,38.7,0.0
NL-NH,2023-10-14,12.2,8.7,14.8,4.2,28.8,10.568811111111112
NL-NH,2023-10-15,8.6,7.1,10.9,5.3,22.1,9.7805
NL-NH,2023-10-16,9.2,7.0,12.5,1.0,10.1,4.042522222222222
NL-NH,2023-10-17,8.5,5.9,12.3,0.0,19.5,10.220075
NL-NH,2023-10-18,8.7,5.5,12.3,2.7,26.1,5.659522222222222
NL-NH,2023-10-19,14.2,10.6,17.1,8.1,26.1,4.190997222222222
NL-NH,2023-10-20,11.0,8.7,13.4,21.1,32.4,0.0
NL-NH,2023-10-21,12.9,11.8,15.2,5.9,28.9,6.378525
NL-NH,2023-10-22,12.4,9.5,14.4,2.6,26.6,8.699258333333335
NL-NH,2023-10-23,10.1,6.3,13.7,1.6,21.7,3.457333333333333
NL-NH,2023-10-24,11.5,10.3,12.6,8.3,23.9,0.8474333333333334
NL-NH,2023-10-25,9.9,7.8,11.0,9.1,19.4,0.0
NL-NH,2023-10-26,8.7,5.7,11.9,1.1,15.4,1.3204833333333332
NL-NH,2023-10-27,9.9,8.7,11.0,13.3,13.1,0.0
NL-NH,2023-10-28,10.4,8.4,13.3,3.0,23.0,5.014402777777778
NL-NH,2023-10-29,12.2,10.9,14.8,12.9,35.4,7.500205555555556
NL-NH,2023-10-30,11.2,9.6,13.9,3.5,22.7,4.474275
NL-NH,2023-10-31,10.9,9.8,13.1,16.2,12.6,6.800191666666667
NL-NH,2023-11-01,11.4,9.7,14.1,8.0,30.4,0.0
NL-NH,2023-11-02,10.3,8.6,12.3,10.3,46.8,1.8144916666666666
NL-NH,2023-11-03,10.0,8.3,11.4,12.1,36.0,6.468791666666667
NL-NH,2023-11-04,8.6,6.7,10.0,4.4,29.0,3.0
NL-NH,2023-11-05,9.5,7.6,11.6,4.9,34.6,3.583152777777778
NL-NH,2023-11-06,9.7,8.6,11.3,3.0,30.9,5.865022222222223
NL-NH,2023-11-07,9.5,8.1,11.5,4.6,22.9,8.519355555555556
NL-NH,2023-11-08,9.2,8.1,10.5,7.5,32.6,2.0625916666666666
NL-NH,2023-11-09,9.5,7.3,10.9,11.3,27.8,3.8045250000000004
NL-NH,2023-11-10,7.3,6.4,9.4,5.9,22.1,0.02785277777777778
NL-NH,2023-11-11,7.5,5.6,10.3,1.6,16.9,8.100991666666667
NL-NH,2023-11-12,6.2,3.4,9.9,0.0,11.8,6.338158333333333
NL-NH,2023-11-13,9.2,4.8,14.6,9.5,38.9,2.749427777777778
NL-NH,2023-11-14,11.6,9.8,12.8,6.7,40.8,5.677191666666666
NL-NH,2023-11-15,10.2,9.2,11.6,4.1,27.7,7.481858333333333
NL-NH,2023-11-16,7.1,4.3,9.6,0.3,26.1,1.9987055555555555
NL-NH,2023-11-17,5.1,2.5,9.0,1.1,10.7,2.4576194444444446
NL-NH,2023-11-18,7.3,4.3,13.4,10.7,26.7,0.0
NL-NH,2023-11-19,12.5,11.5,13.3,6.0,34.2,7.657338888888888
NL-NH,2023-11-20,10.3,6.8,12.1,2.2,28.5,7.5092944444444445
NL-NH,2023-11-21,8.1,4.4,10.1,0.3,18.2,0.3182416666666667
NL-NH,2023-11-22,4.9,1.8,10.8,0.3,22.7,0.03310833333333333
NL-NH,2023-11-23,11.7,10.5,13.1,0.7,36.8,1.0
NL-NH,2023-11-24,7.2,5.5,10.2,2.8,38.0,7.007230555555555
NL-NH,2023-11-25,6.1,3.9,8.2,0.8,26.7,6.727797222222222
NL-NH,2023-11-26,5.5,3.6,7.5,1.9,16.2,0.0
NL-NH,2023-11-27,4.4,2.9,5.5,17.6,25.3,0.0
NL-NH,2023-11-28,2.5,-0.3,4.4,2.9,26.8,7.0014361111111105
NL-NH,2023-11-29,2.7,0.4,4.2,6.2,26.2,5.248925
NL-NH,2023-11-30,-0.9,-3.7,1.9,1.2,8.4,6.568341666666666
NL-NH,2023-12-01,-1.3,-3.7,0.9,0.0,11.3,6.981416666666666
NL-NH,2023-12-02,-1.3,-4.2,3.3,0.6,10.0,6.965811111111111
NL-NH,2023-12-03,0.1,-1.5,1.3,2.2,23.2,0.7392972222222222
NL-NH,2023-12-04,1.9,0.7,3.6,3.7,22.1,0.07961388888888889
NL-NH,2023-12-05,1.6,1.2,1.9,1.1,18.1,0.0
NL-NH,2023-12-06,3.0,0.8,6.0,0.1,12.8,7.0
NL-NH,2023-12-07,0.2,-1.8,2.7,0.0,21.6,4.793302777777778
NL-NH,2023-12-08,4.5,1.3,8.2,2.0,20.5,0.0
NL-NH,2023-12-09,7.3,5.3,10.7,15.4,32.5,0.0
NL-NH,2023-12-10,9.3,7.9,10.8,9.7,45.9,3.6978083333333336
NL-NH,2023-12-11,8.7,5.0,9.9,4.3,43.4,4.027216666666667
NL-NH,2023-12-12,7.1,3.8,9.4,4.5,16.2,0.0
NL-NH,2023-12-13,7.1,5.9,9.1,1.4,16.6,4.499530555555555
NL-NH,2023-12-14,5.1,3.5,6.5,0.2,17.6,0.4788805555555556
NL-NH,2023-12-15,6.9,5.6,9.5,0.5,15.1,6.1878416666666665
NL-NH,2023-12-16,8.4,5.4,10.6,0.0,23.6,0.0
NL-NH,2023-12-17,9.0,7.0,10.3,0.0,26.5,5.0
NL-NH,2023-12-18,8.8,7.2,10.1,0.0,27.8,0.48878055555555555
NL-NH,2023-12-19,9.6,7.5,10.8,25.0,29.3,0.0
NL-NH,2023-12-20,8.2,6.8,10.0,2.2,34.1,3.1599055555555555
NL-NH,2023-12-21,9.9,7.1,11.5,4.7,45.7,4.902847222222222
NL-NH,2023-12-22,7.8,6.3,9.0,7.1,35.4,0.012305555555555554
NL-NH,2023-12-23,9.3,7.2,10.5,2.5,37.8,0.0
NL-NH,2023-12-24,11.0,9.5,12.2,8.2,39.4,0.0
NL-NH,2023-12-25,10.7,10.0,11.5,9.6,34.4,3.1827388888888892
NL-NH,2023-12-26,8.2,3.6,10.9,7.7,33.2,7.0
NL-NH,2023-12-27,6.3,2.1,9.3,4.6,32.9,0.0
NL-NH,2023-12-28,10.6,9.8,11.2,0.9,40.2,1.1700194444444443
NL-NH,2023-12-29,9.2,7.0,10.5,6.8,39.2,5.1662944444444445
NL-NH,2023-12-30,7.9,6.7,8.8,0.3,28.6,1.1010277777777777
NL-NH,2023-12-31,8.6,8.0,9.7,4.1,31.5,3.4573916666666666
NL-NH,2024-01-01,7.3,5.6,8.4,4.8,32.8,7.028736111111112
NL-NH,2024-01-02,9.7,6.1,11.8,19.8,52.5,0.0
NL-NH,2024-01-03,8.8,7.3,9.7,4.9,47.2,1.3443388888888888
NL-NH,2024-01-04,6.8,6.0,8.5,5.2,15.7,1.91825
NL-NH,2024-01-05,6.5,4.8,7.8,6.3,19.0,0.7740694444444445
NL-NH,2024-01-06,3.8,2.0,5.5,0.0,18.4,0.0
NL-NH,2024-01-07,0.5,-1.4,1.3,0.6,25.8,4.842991666666666
NL-NH,2024-01-08,-1.0,-2.6,0.3,0.2,31.4,2.8134277777777776
NL-NH,2024-01-09,-3.0,-4.8,-1.2,0.0,23.7,7.672127777777778
NL-NH,2024-01-10,-2.9,-4.1,-0.4,0.0,20.1,7.695786111111111
NL-NH,2024-01-11,-1.4,-4.9,3.3,0.0,11.3,4.0
NL-NH,2024-01-12,1.9,-1.9,6.6,0.0,12.0,2.8545027777777774
NL-NH,2024-01-13,3.9,2.1,5.4,0.2,18.9,0.16106666666666666
NL-NH,2024-01-14,3.1,1.0,5.1,3.9,19.1,1.5041055555555556
NL-NH,2024-01-15,2.3,1.1,3.4,2.9,27.5,7.594136111111111
NL-NH,2024-01-16,1.1,-0.5,3.3,3.0,23.2,5.930819444444444
NL-NH,2024-01-17,-1.1,-2.7,0.5,0.0,23.7,0.0
NL-NH,2024-01-18,-1.6,-4.5,4.3,0.0,15.9,7.903875
NL-NH,2024-01-19,1.7,-2.0,5.4,1.7,24.1,7.932586111111111
NL-NH,2024-01-20,1.3,-1.3,3.6,0.0,26.2,4.662236111111111
NL-NH,2024-01-21,3.4,-1.4,7.0,0.2,38.9,0.0
NL-NH,2024-01-22,8.9,6.7,10.9,6.5,49.9,6.0
NL-NH,2024-01-23,7.5,5.7,11.1,6.6,42.4,5.0
NL-NH,2024-01-24,9.8,7.9,11.7,1.2,50.3,6.636872222222222
NL-NH,2024-01-25,6.7,2.8,9.2,0.4,23.5,0.33372500000000005
NL-NH,2024-01-26,8.3,5.1,10.8,4.6,40.4,6.0
NL-NH,2024-01-27,4.4,2.3,7.9,0.0,16.5,7.268286111111111
NL-NH,2024-01-28,3.9,0.2,8.6,0.0,17.7,8.03985
NL-NH,2024-01-29,6.4,3.3,10.5,0.0,16.0,0.82875
NL-NH,2024-01-30,8.0,6.1,10.4,0.8,32.5,0.0
NL-NH,2024-01-31,6.1,3.2,7.7,0.0,31.9,1.8784083333333335
NL-NH,2024-02-01,6.7,4.5,9.1,3.8,31.7,8.22896388888889
NL-NH,2024-02-02,7.9,6.0,9.9,0.1,28.9,2.0
NL-NH,2024-02-03,9.7,8.8,11.2,1.7,27.7,1.9339305555555555
NL-NH,2024-02-04,9.5,8.5,10.6,4.0,34.1,0.47235
NL-NH,2024-02-05,9.2,7.9,10.6,0.1,39.3,4.926072222222222
NL-NH,2024-02-06,9.9,9.1,11.0,7.3,41.9,1.068875
NL-NH,2024-02-07,5.1,1.3,8.6,9.7,18.4,5.406480555555556
NL-NH,2024-02-08,1.7,-0.6,3.6,9.0,22.8,0.0
NL-NH,2024-02-09,9.4,3.7,12.9,9.8,26.6,5.062794444444445
NL-NH,2024-02-10,9.5,7.6,12.4,2.5,15.5,1.7086555555555556
NL-NH,2024-02-11,8.3,6.1,9.9,6.6,16.6,1.5136444444444443
NL-NH,2024-02-12,6.1,4.4,8.4,5.5,20.8,9.214005555555556
NL-NH,2024-02-13,6.1,4.0,9.0,1.9,27.4,5.232255555555556
NL-NH,2024-02-14,10.1,7.5,11.5,12.0,30.6,0.0
NL-NH,2024-02-15,12.5,10.7,15.9,5.5,22.1,2.1619611111111112
NL-NH,2024-02-16,10.6,7.8,12.5,0.5,23.2,5.244602777777778
NL-NH,2024-02-17,8.9,6.2,11.5,0.5,15.8,7.637169444444445
NL-NH,2024-02-18,9.4,8.5,10.7,24.8,33.4,0.0
NL-NH,2024-02-19,8.2,6.7,10.4,0.7,24.1,2.6737833333333336
NL-NH,2024-02-20,8.1,5.7,10.9,0.8,33.6,3.198075
NL-NH,2024-02-21,9.2,8.6,10.3,5.5,29.5,0.0
NL-NH,2024-02-22,10.1,5.3,12.9,10.0,43.8,1.5016333333333334
NL-NH,2024-02-23,5.5,3.5,8.3,5.8,36.0,5.441533333333333
NL-NH,2024-02-24,4.1,2.5,6.3,3.3,22.6,4.123991666666667
NL-NH,2024-02-25,5.5,3.4,8.7,2.8,15.9,9.651883333333332
NL-NH,2024-02-26,5.0,3.4,7.3,0.2,31.3,0.20140277777777776
NL-NH,2024-02-27,4.3,1.0,8.3,0.0,17.4,9.679430555555555
NL-NH,2024-02-28,6.6,3.3,9.4,0.1,20.6,1.9889555555555556
NL-NH,2024-02-29,8.1,7.5,9.1,6.7,23.2,0.0
NL-NH,2024-03-01,7.6,5.0,9.2,6.8,30.0,4.801641666666667
NL-NH,2024-03-02,8.3,3.9,12.1,3.5,30.6,7.631925
NL-NH,2024-03-03,9.8,7.1,14.3,0.3,19.6,6.342230555555555
NL-NH,2024-03-04,6.9,3.4,9.9,0.3,17.6,9.613230555555555
NL-NH,2024-03-05,5.3,1.8,9.0,0.4,10.0,1.0
NL-NH,2024-03-06,6.4,2.6,11.2,0.1,12.0,7.650883333333334
NL-NH,2024-03-07,5.4,2.9,8.6,0.0,24.4,6.398524999999999
NL-NH,2024-03-08,5.0,0.7,9.7,0.0,27.3,10.82658611111111
NL-NH,2024-03-09,7.4,2.7,13.1,0.0,20.8,8.056238888888888
NL-NH,2024-03-10,8.5,5.5,12.1,0.0,22.9,7.4142
NL-NH,2024-03-11,7.3,6.4,8.5,4.7,12.1,0.0
NL-NH,2024-03-12,8.4,6.7,11.1,1.7,19.6,5.133216666666667
NL-NH,2024-03-13,10.5,8.3,11.8,1.2,30.7,0.0
NL-NH,2024-03-14,12.2,8.0,16.7,0.0,22.3,9.807041666666667
NL-NH,2024-03-15,12.0,9.9,13.9,4.1,35.3,7.012286111111111
NL-NH,2024-03-16,8.0,4.0,9.8,0.7,24.0,10.462861111111112
NL-NH,2024-03-17,8.6,3.0,12.9,3.8,19.4,1.2171944444444442
NL-NH,2024-03-18,10.5,7.5,13.4,0.3,16.0,8.039341666666667
NL-NH,2024-03-19,10.4,7.3,15.1,0.0,22.3,7.798375
NL-NH,2024-03-20,10.2,7.4,14.2,1.8,9.5,2.2953472222222224
NL-NH,2024-03-21,8.7,7.5,10.2,0.0,17.2,0.894988888888889
NL-NH,2024-03-22,9.4,7.0,10.5,0.9,23.0,0.0
NL-NH,2024-03-23,6.3,5.1,7.9,3.2,31.9,11.906316666666665
NL-NH,2024-03-24,6.6,5.3,8.4,11.5,37.7,9.263588888888888
NL-NH,2024-03-25,7.2,2.6,11.0,0.2,16.8,11.669166666666667
NL-NH,2024-03-26,8.6,4.0,13.0,0.0,17.6,10.532280555555555
NL-NH,2024-03-27,10.0,7.0,11.9,0.7,20.7,6.479469444444445
NL-NH,2024-03-28,7.9,5.5,11.3,1.7,28.8,6.842983333333334
NL-NH,2024-03-29,10.4,8.1,13.5,0.5,28.3,9.772616666666666
NL-NH,2024-03-30,8.9,4.7,11.0,3.6,17.3,0.5324833333333333
NL-NH,2024-03-31,9.2,3.9,15.8,7.5,22.0,5.167972222222223
NL-NH,2024-04-01,9.3,6.5,11.6,0.0,25.9,2.705375
NL-NH,2024-04-02,9.3,6.9,12.5,0.6,27.9,10.699686111111111
NL-NH,2024-04-03,10.5,9.0,13.9,7.7,28.8,2.444075
NL-NH,2024-04-04,11.0,8.4,13.5,14.0,37.5,7.338986111111111
NL-NH,2024-04-05,12.9,11.1,15.8,7.7,34.7,5.0
NL-NH,2024-04-06,16.9,11.9,23.1,0.0,26.1,10.697469444444444
NL-NH,2024-04-07,15.1,12.1,18.4,2.0,31.6,11.394758333333332
NL-NH,2024-04-08,13.8,9.8,17.3,1.6,14.8,9.301541666666667
NL-NH,2024-04-09,11.6,9.7,14.4,2.2,42.7,6.201672222222222
NL-NH,2024-04-10,10.5,7.5,13.0,0.4,24.8,13.0
NL-NH,2024-04-11,12.9,11.0,14.9,1.3,26.4,0.07504722222222222
NL-NH,2024-04-12,14.0,12.2,16.4,0.0,31.4,10.824638888888888
NL-NH,2024-04-13,15.1,11.5,20.0,0.0,28.5,11.921158333333333
NL-NH,2024-04-14,10.7,8.0,12.9,0.0,21.3,10.816447222222221
NL-NH,2024-04-15,8.2,5.1,10.5,13.9,38.0,7.993222222222222
NL-NH,2024-04-16,7.7,4.9,10.4,11.9,37.2,10.566188888888888
NL-NH,2024-04-17,6.1,3.2,8.5,6.0,15.8,11.468277777777779
NL-NH,2024-04-18,6.8,2.5,10.3,1.9,22.9,9.343277777777779
NL-NH,2024-04-19,8.3,6.2,9.7,12.2,35.5,8.961969444444444
NL-NH,2024-04-20,6.9,4.9,9.8,2.0,30.0,10.749213888888889
NL-NH,2024-04-21,6.3,4.0,9.7,1.8,26.0,13.395627777777777
NL-NH,2024-04-22,5.3,1.6,9.3,0.4,21.9,12.730025
NL-NH,2024-04-23,5.1,-0.5,9.7,1.4,22.9,9.0
NL-NH,2024-04-24,6.4,4.2,9.7,4.8,29.3,13.580352777777778
NL-NH,2024-04-25,5.8,2.5,9.9,3.1,24.7,6.6921388888888895
NL-NH,2024-04-26,7.2,4.1,10.5,0.9,16.6,13.599019444444444
NL-NH,2024-04-27,9.7,3.7,15.7,5.7,15.5,7.2584388888888896
NL-NH,2024-04-28,12.4,8.5,16.1,2.8,37.8,7.891966666666667
NL-NH,2024-04-29,11.5,5.7,17.6,1.5,21.3,12.65638888888889
NL-NH,2024-04-30,15.2,10.0,20.6,0.4,17.6,12.733441666666666
NL-NH,2024-05-01,18.1,12.7,24.5,2.1,15.6,13.706561111111112
NL-NH,2024-05-02,17.2,12.1,24.0,0.4,18.3,14.0
NL-NH,2024-05-03,11.8,9.7,13.0,11.2,28.6,3.38445
NL-NH,2024-05-04,11.4,7.1,15.7,2.5,15.6,7.8638916666666665
NL-NH,2024-05-05,12.3,9.9,15.3,8.6,16.0,13.190372222222221
NL-NH,2024-05-06,13.6,8.3,18.2,0.0,16.0,10.911611111111112
NL-NH,2024-05-07,13.3,9.4,17.9,0.3,17.7,14.935888888888888
NL-NH,2024-05-08,12.3,9.1,15.0,1.2,13.0,5.0391305555555554
NL-NH,2024-05-09,11.5,6.1,16.0,0.0,11.8,9.951208333333334
NL-NH,2024-05-10,13.7,7.2,19.1,0.0,11.8,14.083588888888888
NL-NH,2024-05-11,15.1,10.6,19.9,0.0,15.9,14.351769444444445
NL-NH,2024-05-12,18.1,12.4,24.1,0.0,20.5,15.0
NL-NH,2024-05-13,18.8,14.4,22.3,1.1,19.5,14.295411111111113
NL-NH,2024-05-14,19.7,14.8,25.2,0.4,25.3,14.974011111111112
NL-NH,2024-05-15,15.8,12.3,19.4,5.4,12.1,10.343325
NL-NH,2024-05-16,15.5,12.3,20.1,4.1,17.0,9.1341
NL-NH,2024-05-17,15.1,11.3,19.0,8.7,18.9,11.87976388888889
NL-NH,2024-05-18,17.2,11.8,22.9,2.0,9.4,15.0
NL-NH,2024-05-19,16.3,11.3,21.5,0.6,21.0,15.0
NL-NH,2024-05-20,15.4,12.4,18.5,8.6,16.6,9.857586111111111
NL-NH,2024-05-21,17.3,12.6,22.5,3.8,17.0,8.570658333333332
NL-NH,2024-05-22,15.8,13.8,18.3,20.7,26.0,12.407241666666666
NL-NH,2024-05-23,15.0,12.6,17.6,1.4,24.8,13.077358333333333
NL-NH,2024-05-24,14.7,10.5,20.1,3.3,15.2,6.731030555555555
NL-NH,2024-05-25,15.1,11.1,17.5,17.2,18.0,9.037552777777778
NL-NH,2024-05-26,15.2,10.9,19.3,6.9,21.9,8.658325
NL-NH,2024-05-27,14.0,12.0,16.3,4.3,21.3,13.119100000000001
NL-NH,2024-05-28,13.9,10.4,18.1,6.7,21.7,9.950133333333333
NL-NH,2024-05-29,14.8,12.3,16.7,29.5,23.2,13.147130555555554
NL-NH,2024-05-30,13.6,10.5,16.0,1.8,21.7,12.918688888888889
NL-NH,2024-05-31,15.1,12.6,18.9,3.7,22.5,14.136713888888888
NL-NH,2024-06-01,15.4,13.7,17.5,2.6,24.5,0.040411111111111106
NL-NH,2024-06-02,13.9,11.5,17.6,0.0,21.2,8.390941666666667
NL-NH,2024-06-03,13.4,9.4,16.2,0.1,15.2,7.647027777777778
NL-NH,2024-06-04,15.3,11.3,18.9,2.5,25.0,7.793586111111111
NL-NH,2024-06-05,12.7,10.7,14.2,2.8,27.8,14.982272222222223
NL-NH,2024-06-06,12.5,9.4,16.0,0.2,17.7,12.497283333333334
NL-NH,2024-06-07,13.0,9.0,16.6,3.3,20.7,14.766769444444446
NL-NH,2024-06-08,13.3,8.9,16.2,2.5,26.0,11.757097222222223
NL-NH,2024-06-09,12.3,8.3,15.0,0.2,28.2,12.0
NL-NH,2024-06-10,11.2,9.8,13.9,31.1,34.5,1.9661250000000001
NL-NH,2024-06-11,11.7,9.4,14.2,3.8,23.3,14.177294444444446
NL-NH,2024-06-12,11.1,8.7,13.5,3.1,21.9,13.565430555555556
NL-NH,2024-06-13,13.1,9.0,16.4,1.2,22.2,12.315413888888889
NL-NH,2024-06-14,14.7,12.7,17.1,2.1,26.6,5.056705555555555
NL-NH,2024-06-15,13.8,11.6,16.8,11.7,35.6,11.5695
NL-NH,2024-06-16,14.1,11.3,17.5,6.8,27.1,15.025158333333334
NL-NH,2024-06-17,15.1,11.5,18.2,0.4,21.6,14.977183333333333
NL-NH,2024-06-18,15.2,10.5,18.8,2.4,9.2,3.753883333333333
NL-NH,2024-06-19,14.9,11.5,18.2,2.0,16.9,15.987747222222222
NL-NH,2024-06-20,14.5,9.5,20.1,0.0,15.2,7.616255555555556
NL-NH,2024-06-21,15.5,13.1,18.7,8.0,14.1,0.6771083333333334
NL-NH,2024-06-22,15.9,12.5,18.7,0.0,21.5,15.99643611111111
NL-NH,2024-06-23,17.4,13.0,22.2,0.1,16.6,15.997641666666667
NL-NH,2024-06-24,18.4,12.0,24.3,0.0,8.2,15.930250000000001
NL-NH,2024-06-25,21.0,15.6,26.5,0.0,16.0,15.99756111111111
NL-NH,2024-06-26,22.9,17.8,27.3,0.0,13.3,15.996266666666665
NL-NH,2024-06-27,21.3,17.7,24.9,0.0,20.0,15.41363611111111
NL-NH,2024-06-28,16.7,14.3,18.3,0.1,24.2,15.935044444444445
NL-NH,2024-06-29,17.7,12.0,22.8,0.0,15.9,14.0
NL-NH,2024-06-30,16.9,14.4,19.2,0.9,17.7,10.59755
NL-NH,2024-07-01,15.0,12.6,17.1,0.7,20.7,10.345494444444444
NL-NH,2024-07-02,14.7,11.6,16.4,7.7,21.8,6.786702777777778
NL-NH,2024-07-03,13.2,9.9,16.2,8.0,17.7,5.343452777777778
NL-NH,2024-07-04,15.2,13.6,16.4,6.5,26.7,13.599541666666667
NL-NH,2024-07-05,15.6,13.8,17.4,3.5,27.2,2.2316000000000003
NL-NH,2024-07-06,15.9,13.4,18.6,12.8,41.1,10.476202777777779
NL-NH,2024-07-07,13.6,11.6,16.6,11.1,23.3,8.290330555555554
NL-NH,2024-07-08,15.5,11.8,18.9,0.7,15.7,10.694133333333333
NL-NH,2024-07-09,19.8,14.6,26.0,5.3,15.8,10.277966666666666
NL-NH,2024-07-10,18.1,15.5,20.7,1.2,24.8,12.888663888888889
NL-NH,2024-07-11,16.6,14.5,19.0,0.8,20.6,14.102086111111111
NL-NH,2024-07-12,14.5,13.1,15.9,10.1,18.4,0.10023333333333333
NL-NH,2024-07-13,14.5,13.6,15.6,7.9,25.9,5.5191388888888895
NL-NH,2024-07-14,15.8,12.9,18.8,2.0,27.1,14.90165
NL-NH,2024-07-15,18.2,12.8,24.0,2.1,12.8,11.0
NL-NH,2024-07-16,17.7,16.3,19.4,12.7,26.4,12.050927777777776
NL-NH,2024-07-17,17.1,13.9,20.4,0.0,19.8,15.156463888888888
NL-NH,2024-07-18,18.4,11.1,24.7,0.1,8.3,13.46856388888889
NL-NH,2024-07-19,22.3,16.7,27.1,0.0,11.8,14.375311111111111
NL-NH,2024-07-20,22.9,17.8,28.9,0.0,12.7,14.490458333333335
NL-NH,2024-07-21,19.5,16.7,23.7,15.8,19.1,11.361255555555555
NL-NH,2024-07-22,17.9,12.6,21.8,0.9,22.9,10.94373611111111
NL-NH,2024-07-23,18.6,16.3,21.2,3.6,21.0,12.347497222222222
NL-NH,2024-07-24,17.1,14.0,19.7,0.0,13.7,14.417002777777778
NL-NH,2024-07-25,18.0,13.5,22.4,1.7,22.0,6.2574861111111115
NL-NH,2024-07-26,18.3,14.3,20.4,4.1,19.4,8.887844444444445
NL-NH,2024-07-27,17.3,12.8,22.0,1.3,12.1,14.99441388888889
NL-NH,2024-07-28,17.9,14.5,21.1,0.0,13.7,14.9698
NL-NH,2024-07-29,19.0,12.8,24.8,0.0,11.2,14.945072222222223
NL-NH,2024-07-30,21.9,15.8,27.9,0.0,11.0,14.365594444444444
NL-NH,2024-07-31,20.7,16.6,24.8,0.0,15.0,14.34827777777778
NL-NH,2024-08-01,19.4,16.0,22.9,0.2,16.2,9.369613888888889
NL-NH,2024-08-02,19.1,14.3,23.7,0.6,9.4,14.745775
NL-NH,2024-08-03,19.9,17.7,22.3,1.9,25.1,14.083041666666666
NL-NH,2024-08-04,17.2,13.8,19.2,0.0,14.8,8.676627777777778
NL-NH,2024-08-05,18.2,13.4,22.1,0.0,16.1,14.310544444444444
NL-NH,2024-08-06,20.6,16.0,26.8,0.0,17.9,14.552030555555556
NL-NH,2024-08-07,19.1,16.6,21.1,0.7,20.6,12.17683888888889
NL-NH,2024-08-08,19.6,15.9,22.7,0.3,17.9,13.19543611111111
NL-NH,2024-08-09,19.8,16.9,22.0,5.8,33.1,10.099191666666666
NL-NH,2024-08-10,18.8,16.1,21.2,0.0,22.9,12.224408333333335
NL-NH,2024-08-11,20.6,16.3,25.8,0.0,16.9,14.037130555555555
NL-NH,2024-08-12,22.7,16.3,29.7,0.0,17.1,14.162675
NL-NH,2024-08-13,23.0,20.1,27.3,0.0,20.2,13.664972222222223
NL-NH,2024-08-14,20.2,17.8,25.6,4.0,12.9,6.378544444444444
NL-NH,2024-08-15,20.0,16.4,23.3,0.2,27.0,13.285302777777776
NL-NH,2024-08-16,20.1,16.3,22.7,11.9,23.6,8.79208611111111
NL-NH,2024-08-17,18.2,13.1,23.0,0.0,8.7,13.912069444444443
NL-NH,2024-08-18,17.5,14.0,21.6,0.0,17.7,11.606597222222222
NL-NH,2024-08-19,17.8,13.1,22.4,0.0,17.1,12.760975
NL-NH,2024-08-20,18.3,15.1,23.1,14.6,23.3,6.445808333333333
NL-NH,2024-08-21,16.4,14.3,17.7,0.0,28.3,11.219122222222222
NL-NH,2024-08-22,18.1,15.1,21.9,0.6,30.6,7.81
NL-NH,2024-08-23,19.5,16.2,21.6,1.9,37.8,7.0
NL-NH,2024-08-24,18.4,14.1,24.5,7.2,34.4,7.533947222222222
NL-NH,2024-08-25,16.4,13.6,18.7,1.7,24.2,13.118469444444443
NL-NH,2024-08-26,16.8,14.3,20.1,1.3,23.2,12.758063888888888
NL-NH,2024-08-27,17.7,12.6,23.4,0.0,14.2,13.153927777777778
NL-NH,2024-08-28,19.9,12.2,27.5,0.0,15.1,13.064536111111112
NL-NH,2024-08-29,19.2,14.1,22.3,0.0,15.9,13.0
NL-NH,2024-08-30,16.8,11.7,21.4,0.0,16.2,10.816786111111112
NL-NH,2024-08-31,17.9,15.0,21.7,0.0,27.2,12.0
NL-NH,2024-09-01,21.1,16.0,27.1,1.3,19.9,13.0
NL-NH,2024-09-02,22.0,17.9,26.9,1.3,12.3,12.233802777777779
NL-NH,2024-09-03,19.4,18.0,22.5,4.0,16.1,3.7489305555555554
NL-NH,2024-09-04,18.0,15.1,20.8,3.3,11.8,5.714044444444445
NL-NH,2024-09-05,21.1,14.7,27.0,0.0,27.3,9.915680555555555
NL-NH,2024-09-06,21.9,19.0,26.0,7.0,22.5,10.895569444444446
NL-NH,2024-09-07,20.1,16.4,24.4,0.0,12.3,11.275322222222224
NL-NH,2024-09-08,19.2,16.0,21.0,0.7,21.7,12.735838888888887
NL-NH,2024-09-09,16.3,12.9,20.5,1.8,26.5,10.170458333333334
NL-NH,2024-09-10,15.4,14.1,17.3,10.8,34.6,1.1091805555555556
NL-NH,2024-09-11,11.3,8.7,13.4,19.4,26.0,11.565852777777778
NL-NH,2024-09-12,10.2,7.2,13.5,1.4,13.7,12.307880555555556
NL-NH,2024-09-13,11.5,7.2,15.8,0.0,19.1,11.872516666666666
NL-NH,2024-09-14,12.2,7.6,17.0,0.0,13.7,11.453236111111112
NL-NH,2024-09-15,13.4,8.8,18.8,0.0,15.7,12.042675
NL-NH,2024-09-16,14.9,11.9,18.9,0.5,19.2,9.781899999999998
NL-NH,2024-09-17,15.5,12.7,18.7,0.0,24.1,8.666505555555554
NL-NH,2024-09-18,16.7,13.6,20.6,0.0,20.5,11.724583333333333
NL-NH,2024-09-19,17.3,14.6,21.3,0.0,20.0,11.549286111111112
NL-NH,2024-09-20,17.5,14.6,21.8,0.0,21.7,11.37417222222222
NL-NH,2024-09-21,17.2,12.7,22.8,0.0,12.2,11.303594444444444
NL-NH,2024-09-22,17.5,12.5,22.9,0.6,13.8,10.0
NL-NH,2024-09-23,16.8,14.3,20.5,2.3,17.4,8.210697222222223
NL-NH,2024-09-24,14.5,11.6,18.5,2.2,21.9,7.829686111111111
NL-NH,2024-09-25,13.9,12.7,16.0,7.6,16.1,3.2214416666666668
NL-NH,2024-09-26,15.1,13.1,17.9,17.6,33.4,9.103247222222222
NL-NH,2024-09-27,12.3,11.5,13.9,15.2,34.9,0.4098194444444444
NL-NH,2024-09-28,10.8,8.1,13.3,3.0,22.5,11.0
NL-NH,2024-09-29,10.1,5.9,13.8,0.0,18.6,7.164233333333334
NL-NH,2024-09-30,11.3,8.0,14.4,13.7,28.2,4.0
NL-NH,2024-10-01,13.4,12.0,15.0,20.6,25.8,0.0
NL-NH,2024-10-02,12.0,10.6,14.0,4.9,24.1,6.478563888888889
NL-NH,2024-10-03,10.3,6.1,14.2,0.0,22.7,11.0
NL-NH,2024-10-04,8.9,3.8,14.3,0.0,11.4,11.0
NL-NH,2024-10-05,8.9,3.2,15.2,0.0,12.8,11.0
NL-NH,2024-10-06,10.3,6.3,14.9,0.0,23.0,10.361955555555555
NL-NH,2024-10-07,14.4,12.7,17.6,2.8,26.1,10.0
NL-NH,2024-10-08,14.9,13.0,17.3,1.7,20.9,8.184005555555554
NL-NH,2024-10-09,13.4,12.0,16.2,1.4,27.5,3.9358861111111114
NL-NH,2024-10-10,11.8,8.9,13.8,1.6,25.3,8.098616666666667
NL-NH,2024-10-11,8.9,5.5,12.5,0.0,17.4,9.943536111111111
NL-NH,2024-10-12,8.6,4.7,12.6,1.9,24.3,2.0
NL-NH,2024-10-13,10.6,7.8,12.6,2.1,34.0,8.853216666666667
NL-NH,2024-10-14,8.0,5.5,11.9,0.1,11.5,3.52745
NL-NH,2024-10-15,9.1,5.0,14.3,0.0,20.8,9.904244444444444
NL-NH,2024-10-16,15.2,10.5,20.3,0.0,22.3,8.349941666666666
NL-NH,2024-10-17,15.9,13.0,18.6,0.5,26.4,4.174141666666666
NL-NH,2024-10-18,14.9,13.4,18.2,0.6,11.2,4.960672222222222
NL-NH,2024-10-19,14.3,13.1,16.1,3.2,19.8,2.4603805555555556
NL-NH,2024-10-20,15.2,13.3,17.6,2.2,34.0,2.450538888888889
NL-NH,2024-10-21,14.3,12.2,17.3,4.3,28.4,0.02225
NL-NH,2024-10-22,12.3,9.7,15.1,6.3,22.6,9.17457777777778
NL-NH,2024-10-23,11.1,8.0,15.4,0.3,12.2,8.841430555555556
NL-NH,2024-10-24,10.1,6.8,13.5,0.0,13.3,9.300819444444443
NL-NH,2024-10-25,13.1,9.7,18.4,2.0,13.1,8.628822222222222
NL-NH,2024-10-26,13.3,9.6,18.9,0.0,12.4,9.0
NL-NH,2024-10-27,13.1,9.8,15.0,0.1,15.9,9.0
NL-NH,2024-10-28,12.4,9.1,15.1,2.3,24.5,0.0
NL-NH,2024-10-29,14.0,12.8,16.0,2.4,17.9,5.702669444444445
NL-NH,2024-10-30,12.7,10.1,15.2,0.0,8.7,3.0595777777777777
NL-NH,2024-10-31,11.2,9.2,15.1,0.0,14.0,6.407413888888889
NL-NH,2024-11-01,12.0,9.2,14.1,0.1,18.5,0.3946916666666667
NL-NH,2024-11-02,10.9,8.3,12.3,0.0,14.5,9.0
NL-NH,2024-11-03,6.7,2.2,11.3,0.0,10.5,9.0
NL-NH,2024-11-04,6.9,2.9,11.2,0.0,14.9,8.978597222222222
NL-NH,2024-11-05,6.3,3.2,10.7,0.0,10.7,8.9489
NL-NH,2024-11-06,9.0,6.8,12.3,0.1,7.6,0.028800000000000003
NL-NH,2024-11-07,7.2,5.3,8.8,0.0,14.7,0.6622972222222222
NL-NH,2024-11-08,4.7,3.8,5.8,0.0,15.0,0.4633333333333333
NL-NH,2024-11-09,5.9,3.7,7.7,0.0,11.1,0.4515611111111111
NL-NH,2024-11-10,8.2,6.5,10.5,0.5,11.6,0.0
NL-NH,2024-11-11,9.9,6.9,11.7,2.8,25.3,8.386652777777778
NL-NH,2024-11-12,8.6,5.9,10.4,0.0,23.2,6.779772222222222
NL-NH,2024-11-13,8.9,5.8,12.0,0.0,8.1,0.7770416666666666
NL-NH,2024-11-14,10.6,8.3,12.0,0.1,10.4,1.2842444444444443
NL-NH,2024-11-15,9.4,8.4,11.6,0.0,12.0,1.9016638888888888
NL-NH,2024-11-16,10.2,8.6,11.8,3.1,18.8,0.7647555555555555
NL-NH,2024-11-17,7.5,4.9,10.0,5.2,19.1,6.012408333333333
NL-NH,2024-11-18,5.1,3.1,8.0,8.4,13.9,5.954605555555556
NL-NH,2024-11-19,3.7,2.4,4.6,12.4,20.5,1.3228555555555555
NL-NH,2024-11-20,2.1,-1.5,4.4,10.0,22.1,0.4085361111111111
NL-NH,2024-11-21,1.6,-0.5,3.1,5.9,16.8,7.301897222222223
NL-NH,2024-11-22,2.3,0.1,4.4,11.3,20.6,0.039058333333333334
NL-NH,2024-11-23,3.3,1.2,8.3,12.3,31.0,0.0
NL-NH,2024-11-24,14.2,9.3,17.6,3.3,29.0,5.2875250000000005
NL-NH,2024-11-25,12.9,9.7,16.8,5.7,28.7,0.0
NL-NH,2024-11-26,7.8,5.2,9.7,1.2,17.8,3.065375
NL-NH,2024-11-27,6.9,3.8,10.7,15.7,37.5,0.0
NL-NH,2024-11-28,7.4,5.2,9.4,0.4,19.7,7.026558333333334
NL-NH,2024-11-29,3.7,0.8,7.4,0.0,11.9,7.173811111111111
NL-NH,2024-11-30,3.6,0.9,6.3,0.0,13.0,6.0
NL-NH,2024-12-01,6.0,4.2,7.9,0.0,17.4,7.0
NL-NH,2024-12-02,9.2,6.9,10.7,2.7,19.1,2.0
NL-NH,2024-12-03,6.3,3.9,7.9,0.7,18.2,5.90776111111111
NL-NH,2024-12-04,4.6,3.6,5.7,0.6,10.5,0.09194722222222222
NL-NH,2024-12-05,6.5,4.1,10.1,13.3,23.8,0.0
NL-NH,2024-12-06,8.7,5.4,10.7,15.2,34.5,5.103783333333333
NL-NH,2024-12-07,7.5,4.8,9.7,4.0,25.8,5.181938888888888
NL-NH,2024-12-08,6.3,5.3,7.1,2.7,20.0,4.0
NL-NH,2024-12-09,6.0,5.5,6.7,0.2,25.6,0.0
NL-NH,2024-12-10,5.0,4.3,5.6,0.0,19.0,0.0
NL-NH,2024-12-11,3.6,1.8,4.4,0.0,11.1,1.9398694444444444
NL-NH,2024-12-12,4.4,3.1,6.5,0.3,11.2,0.0
NL-NH,2024-12-13,2.4,0.4,3.5,0.0,8.7,2.1884333333333332
NL-NH,2024-12-14,3.8,0.4,6.9,1.7,14.6,0.0
NL-NH,2024-12-15,8.5,4.9,11.0,0.3,21.4,0.0
NL-NH,2024-12-16,10.2,9.5,10.9,0.3,21.5,0.0
NL-NH,2024-12-17,8.7,7.6,9.7,0.1,18.7,2.284338888888889
NL-NH,2024-12-18,10.3,6.6,13.2,0.9,33.0,0.0
NL-NH,2024-12-19,8.5,4.5,12.3,19.0,31.1,0.0
NL-NH,2024-12-20,6.4,5.5,7.5,0.4,20.4,6.8467472222222225
NL-NH,2024-12-21,8.1,6.4,10.3,5.2,27.9,0.0
NL-NH,2024-12-22,5.6,3.6,9.0,9.0,27.5,4.109858333333333
NL-NH,2024-12-23,6.6,4.9,8.2,2.1,24.7,7.0
NL-NH,2024-12-24,6.0,3.9,9.4,1.0,13.1,0.0
NL-NH,2024-12-25,9.5,8.7,10.4,0.0,10.8,0.0
NL-NH,2024-12-26,8.0,7.1,9.0,0.1,7.4,0.0
NL-NH,2024-12-27,3.6,2.2,6.9,0.0,7.5,1.1197944444444445
NL-NH,2024-12-28,2.2,1.6,3.0,0.0,9.8,0.0
NL-NH,2024-12-29,5.6,2.8,7.4,0.1,15.4,0.0
NL-NH,2024-12-30,7.5,7.0,8.3,0.0,23.9,0.0
NL-NH,2024-12-31,6.0,3.9,8.6,0.0,26.7,0.0
NL-NH,2025-01-01,8.6,4.3,10.3,17.0,41.1,0.0
NL-NH,2025-01-02,4.2,2.1,6.9,1.5,23.6,7.1505277777777785
NL-NH,2025-01-03,2.7,0.5,4.7,3.0,19.7,6.165072222222221
NL-NH,2025-01-04,1.4,0.3,3.6,0.8,14.2,0.0
NL-NH,2025-01-05,4.1,0.1,11.3,20.3,27.4,0.0
NL-NH,2025-01-06,9.5,5.0,12.3,7.3,35.9,0.15554444444444446
NL-NH,2025-01-07,4.0,2.5,5.2,4.9,20.9,5.371677777777778
NL-NH,2025-01-08,3.2,1.8,5.1,0.7,17.8,5.0
NL-NH,2025-01-09,2.2,-0.4,5.2,3.3,15.9,5.0
NL-NH,2025-01-10,2.8,0.0,5.1,3.2,16.8,6.193780555555556
NL-NH,2025-01-11,1.4,-1.1,5.1,0.0,11.5,6.0
NL-NH,2025-01-12,2.2,0.3,5.3,0.0,8.0,0.8115861111111111
NL-NH,2025-01-13,0.7,-1.7,4.1,0.0,10.9,7.788119444444444
NL-NH,2025-01-14,3.6,-1.0,7.2,0.2,17.0,3.0796388888888893
NL-NH,2025-01-15,6.8,4.8,8.7,0.0,8.5,0.0
NL-NH,2025-01-16,4.9,3.1,7.3,0.0,11.4,1.0288694444444444
NL-NH,2025-01-17,2.3,0.9,3.9,0.0,8.8,1.5200722222222223
NL-NH,2025-01-18,-0.7,-1.9,1.5,0.0,6.9,3.2666833333333334
NL-NH,2025-01-19,-1.1,-2.3,-0.2,0.0,6.2,0.0
NL-NH,2025-01-20,0.0,-1.4,1.1,0.0,10.5,0.0
NL-NH,2025-01-21,0.8,-0.4,3.3,0.0,10.0,3.736
NL-NH,2025-01-22,0.8,-1.4,3.3,5.0,10.3,0.0
NL-NH,2025-01-23,4.7,1.0,6.7,4.7,26.6,5.265252777777778
NL-NH,2025-01-24,7.5,4.8,10.1,3.5,29.8,0.0
NL-NH,2025-01-25,5.5,2.5,7.9,2.1,16.0,2.7694444444444444
NL-NH,2025-01-26,3.2,1.6,5.4,2.4,26.5,7.0
NL-NH,2025-01-27,8.4,5.4,10.7,5.9,28.4,8.0
NL-NH,2025-01-28,7.5,6.3,8.9,2.3,22.9,2.2024194444444443
NL-NH,2025-01-29,6.9,5.5,7.7,2.8,27.5,6.36475
NL-NH,2025-01-30,5.3,3.9,7.1,0.8,12.8,2.0
NL-NH,2025-01-31,3.4,1.1,6.7,0.1,9.5,7.524699999999999
NL-NH,2025-02-01,1.1,-1.8,5.6,0.0,7.3,8.096272222222222
NL-NH,2025-02-02,-0.4,-3.2,3.7,0.0,8.1,8.444069444444445
NL-NH,2025-02-03,0.5,-3.0,5.7,0.0,9.4,8.306247222222222
NL-NH,2025-02-04,2.7,0.8,5.0,0.0,16.4,0.0
NL-NH,2025-02-05,5.5,3.4,8.3,0.0,14.5,8.511269444444444
NL-NH,2025-02-06,3.5,0.5,7.1,0.0,16.4,7.116891666666667
NL-NH,2025-02-07,2.6,1.7,4.5,0.0,27.9,4.068330555555556
NL-NH,2025-02-08,3.7,1.6,7.6,0.0,16.1,3.0546249999999997
NL-NH,2025-02-09,3.4,2.1,5.2,0.0,16.2,0.31319166666666665
NL-NH,2025-02-10,2.1,0.9,3.5,2.3,23.5,5.039752777777778
NL-NH,2025-02-11,2.2,0.9,3.4,14.6,19.7,0.0
NL-NH,2025-02-12,3.4,2.2,5.4,5.1,9.3,1.100563888888889
NL-NH,2025-02-13,1.1,-1.1,2.8,0.8,17.6,1.3994194444444443
NL-NH,2025-02-14,0.6,-1.6,3.0,0.1,6.9,1.8738944444444445
NL-NH,2025-02-15,1.1,-0.5,3.3,0.4,8.2,1.6317583333333334
NL-NH,2025-02-16,0.5,-1.4,3.1,0.0,19.5,8.703138888888889
NL-NH,2025-02-17,-1.1,-4.0,3.0,0.0,9.9,9.865908333333332
NL-NH,2025-02-18,-1.2,-4.1,3.1,0.0,14.6,9.679911111111112
NL-NH,2025-02-19,0.6,-1.8,4.5,0.0,14.7,5.497391666666667
NL-NH,2025-02-20,5.6,0.6,11.1,0.8,16.4,0.0
NL-NH,2025-02-21,12.9,9.1,17.2,0.3,17.7,8.428669444444445
NL-NH,2025-02-22,10.3,7.6,11.9,5.4,16.9,0.0
NL-NH,2025-02-23,9.3,5.9,13.8,0.0,18.7,6.203250000000001
NL-NH,2025-02-24,10.3,8.1,11.6,4.4,21.1,0.5429777777777778
NL-NH,2025-02-25,7.8,5.4,11.1,0.0,13.1,9.68861388888889
NL-NH,2025-02-26,7.0,4.1,10.3,3.4,17.8,8.171388888888888
NL-NH,2025-02-27,5.6,3.9,7.8,5.0,15.1,8.996433333333334
NL-NH,2025-02-28,5.2,2.5,7.9,0.5,15.1,9.992805555555556
NL-NH,2025-03-01,3.5,-0.1,7.7,0.0,10.8,6.063336111111111
NL-NH,2025-03-02,2.3,-2.3,8.1,0.0,4.8,9.435344444444445
NL-NH,2025-03-03,1.6,-3.1,8.6,0.0,6.6,9.0
NL-NH,2025-03-04,2.8,-2.4,10.2,0.0,10.3,8.30601388888889
NL-NH,2025-03-05,6.1,1.5,13.0,0.0,13.5,10.576416666666667
NL-NH,2025-03-06,7.8,1.7,15.6,0.0,11.0,10.647491666666667
NL-NH,2025-03-07,10.2,5.7,16.9,0.0,10.8,10.612844444444445
NL-NH,2025-03-08,10.6,4.4,18.6,0.0,11.2,10.819294444444445
NL-NH,2025-03-09,9.7,4.3,16.6,0.0,9.9,10.767288888888888
NL-NH,2025-03-10,8.1,3.9,14.5,0.0,9.9,10.96981388888889
NL-NH,2025-03-11,5.8,4.1,7.9,0.0,16.1,6.058847222222222
NL-NH,2025-03-12,4.6,2.4,7.5,1.6,13.2,10.857083333333334
NL-NH,2025-03-13,3.2,0.4,7.2,1.6,14.1,10.765427777777777
NL-NH,2025-03-14,2.6,-0.5,6.2,0.5,14.6,10.960236111111112
NL-NH,2025-03-15,3.0,-0.3,6.2,0.0,16.9,9.764536111111111
NL-NH,2025-03-16,3.0,-1.3,7.6,0.0,12.3,8.554747222222222
NL-NH,2025-03-17,4.6,1.7,9.0,0.0,16.3,11.68705
NL-NH,2025-03-18,3.9,-1.1,9.9,0.0,14.8,11.752875
NL-NH,2025-03-19,6.7,-0.3,14.7,0.0,10.1,11.782325
NL-NH,2025-03-20,10.1,3.5,17.8,0.0,8.6,11.811711111111112
NL-NH,2025-03-21,12.6,6.1,20.7,0.0,18.4,11.73115
NL-NH,2025-03-22,14.1,10.9,18.2,0.3,15.8,7.8774444444444445
NL-NH,2025-03-23,12.0,8.0,16.5,3.3,13.2,11.013336111111112
NL-NH,2025-03-24,9.3,5.9,12.0,0.0,11.7,10.845516666666667
NL-NH,2025-03-25,7.9,4.7,11.4,0.0,14.8,8.182677777777778
NL-NH,2025-03-26,8.3,4.9,11.9,0.2,14.3,7.460955555555556
NL-NH,2025-03-27,7.5,1.8,13.9,0.0,8.4,11.529480555555555
NL-NH,2025-03-28,7.9,4.9,11.3,0.4,17.2,3.3462083333333332
NL-NH,2025-03-29,7.4,4.7,10.5,0.0,13.0,12.0
NL-NH,2025-03-30,9.5,6.6,11.8,0.8,26.1,9.843747222222222
NL-NH,2025-03-31,7.9,4.9,11.8,0.0,14.7,12.21275
NL-NH,2025-04-01,7.9,2.6,12.9,0.0,19.3,12.403691666666667
NL-NH,2025-04-02,10.3,5.7,16.0,0.0,21.8,12.490025
NL-NH,2025-04-03,13.2,8.4,19.3,0.0,15.7,12.681730555555557
NL-NH,2025-04-04,12.5,6.8,19.5,0.0,15.3,12.7776
NL-NH,2025-04-05,9.1,6.3,13.4,0.0,20.2,12.816341666666666
NL-NH,2025-04-06,7.4,4.0,11.1,0.0,16.3,12.855019444444444
NL-NH,2025-04-07,7.2,2.3,11.8,0.0,11.6,12.8936
NL-NH,2025-04-08,7.7,3.6,13.0,0.0,10.2,12.932044444444445
NL-NH,2025-04-09,7.1,3.0,11.7,0.0,13.9,11.742980555555556
NL-NH,2025-04-10,9.1,6.2,13.0,0.0,12.9,13.0
NL-NH,2025-04-11,9.7,5.1,14.6,0.0,12.5,13.0
NL-NH,2025-04-12,13.6,6.4,21.1,0.0,15.1,13.082541666666668
NL-NH,2025-04-13,13.4,10.9,15.5,3.6,16.5,11.0
NL-NH,2025-04-14,12.2,8.8,15.7,0.5,12.9,12.46658888888889
NL-NH,2025-04-15,13.8,10.1,19.7,5.1,14.1,8.87861388888889
NL-NH,2025-04-16,10.9,9.0,11.9,0.2,13.0,0.3387888888888889
NL-NH,2025-04-17,9.9,8.4,11.8,0.4,7.6,0.06390833333333333
NL-NH,2025-04-18,9.9,6.5,14.6,0.0,10.0,8.32735
NL-NH,2025-04-19,9.0,5.1,13.3,0.0,12.9,12.82548888888889
NL-NH,2025-04-20,9.4,4.1,15.1,0.0,10.2,12.305475
NL-NH,2025-04-21,10.4,8.1,14.0,9.9,7.5,0.35683888888888887
NL-NH,2025-04-22,11.4,7.6,14.6,0.4,13.2,10.211108333333332
NL-NH,2025-04-23,11.4,7.5,15.5,1.9,10.7,7.453213888888889
NL-NH,2025-04-24,10.5,9.2,12.1,10.0,18.3,0.0
NL-NH,2025-04-25,10.3,7.9,14.2,0.0,13.1,12.003691666666667
NL-NH,2025-04-26,11.4,5.3,17.3,0.1,11.9,13.922227777777778
NL-NH,2025-04-27,13.6,8.2,19.4,0.0,6.9,14.158252777777777
NL-NH,2025-04-28,14.0,7.3,20.3,0.0,6.2,14.171530555555556
NL-NH,2025-04-29,14.1,7.9,20.1,0.0,10.6,13.972294444444445
NL-NH,2025-04-30,16.4,10.3,23.2,0.0,8.9,14.31113888888889
NL-NH,2025-05-01,18.4,11.1,26.5,0.0,11.2,13.85465
NL-NH,2025-05-02,17.3,12.3,23.4,0.0,11.6,14.439161111111112
NL-NH,2025-05-03,12.1,8.9,17.2,0.0,16.8,14.477394444444446
NL-NH,2025-05-04,10.0,7.0,12.3,0.7,16.6,14.493722222222223
NL-NH,2025-05-05,8.9,3.9,13.8,0.1,19.2,14.710477777777777
NL-NH,2025-05-06,9.3,4.2,13.8,0.8,17.5,4.080455555555555
NL-NH,2025-05-07,10.5,7.2,14.6,0.0,15.0,9.006133333333334
NL-NH,2025-05-08,12.1,6.6,17.2,0.1,12.5,14.956744444444444
NL-NH,2025-05-09,13.1,7.1,18.2,0.0,15.9,14.984944444444444
NL-NH,2025-05-10,14.5,7.9,20.4,0.0,18.7,15.0
NL-NH,2025-05-11,17.6,10.5,23.9,0.0,15.0,15.0
NL-NH,2025-05-12,18.6,13.2,24.0,0.0,17.7,15.0
NL-NH,2025-05-13,16.6,11.3,21.3,0.0,15.1,15.0
NL-NH,2025-05-14,14.4,10.5,19.6,0.0,14.3,15.0
NL-NH,2025-05-15,13.4,10.3,18.0,0.0,18.0,13.811552777777777
NL-NH,2025-05-16,11.7,7.0,15.9,0.0,16.9,12.16365
NL-NH,2025-05-17,12.8,8.6,18.2,0.0,16.5,14.0
NL-NH,2025-05-18,14.0,9.4,18.5,0.3,11.5,15.0
NL-NH,2025-05-19,14.2,7.9,19.8,0.0,15.2,15.0
NL-NH,2025-05-20,14.7,9.0,20.3,0.0,11.9,15.0
NL-NH,2025-05-21,12.8,9.7,16.1,0.0,16.1,13.088205555555556
NL-NH,2025-05-22,11.0,9.1,13.1,0.3,20.8,14.544955555555555
NL-NH,2025-05-23,10.2,7.9,12.0,1.5,20.4,15.0
NL-NH,2025-05-24,11.9,8.2,15.1,8.7,20.5,0.36542777777777774
NL-NH,2025-05-25,15.1,13.3,18.2,6.2,26.5,10.059966666666666
NL-NH,2025-05-26,14.3,12.0,16.9,0.6,23.0,15.0
NL-NH,2025-05-27,14.1,13.0,16.8,20.6,24.9,4.240277777777778
NL-NH,2025-05-28,14.1,11.4,15.9,9.7,25.5,7.647011111111111
NL-NH,2025-05-29,13.8,9.9,18.1,1.2,21.6,3.7467555555555556
NL-NH,2025-05-30,16.1,14.0,19.1,0.2,19.1,9.925319444444446
NL-NH,2025-05-31,18.1,12.3,24.4,0.2,8.1,14.034022222222223
NL-NH,2025-06-01,16.5,13.8,18.0,0.1,22.7,14.253491666666667
NL-NH,2025-06-02,14.4,12.1,16.4,0.3,16.8,15.502244444444445
NL-NH,2025-06-03,15.3,9.8,21.4,0.3,23.0,11.241997222222222
NL-NH,2025-06-04,15.5,13.4,17.4,5.3,19.6,13.231519444444444
NL-NH,2025-06-05,14.7,12.1,17.3,4.0,23.8,7.4191416666666665
NL-NH,2025-06-06,15.0,13.1,17.7,8.8,26.7,14.815833333333334
NL-NH,2025-06-07,13.3,11.7,15.5,6.4,20.7,7.0
NL-NH,2025-06-08,12.6,11.4,13.9,21.4,26.4,14.309419444444446
NL-NH,2025-06-09,14.4,10.8,17.2,0.9,16.1,14.649741666666667
NL-NH,2025-06-10,14.3,11.7,16.8,5.5,27.4,7.844213888888889
NL-NH,2025-06-11,14.5,9.1,18.7,0.0,12.7,15.922291666666666
NL-NH,2025-06-12,18.5,11.7,25.4,0.0,18.6,16.042691666666666
NL-NH,2025-06-13,23.5,16.7,29.6,0.0,11.5,15.106338888888889
NL-NH,2025-06-14,22.1,16.9,28.4,2.5,15.1,12.33903888888889
NL-NH,2025-06-15,17.1,15.1,19.1,0.0,15.7,15.955869444444444
NL-NH,2025-06-16,17.1,14.1,20.1,0.0,12.2,15.967608333333333
NL-NH,2025-06-17,17.6,12.0,22.8,0.0,15.2,15.776188888888889
NL-NH,2025-06-18,18.5,14.3,22.7,0.0,11.7,15.979788888888889
NL-NH,2025-06-19,17.7,12.4,22.0,0.0,9.4,15.984727777777778
NL-NH,2025-06-20,18.6,12.6,23.2,0.0,11.6,14.0
NL-NH,2025-06-21,22.2,14.5,29.1,0.0,10.8,16.10311666666667
NL-NH,2025-06-22,21.4,18.6,24.5,0.6,20.5,11.089422222222222
NL-NH,2025-06-23,17.7,16.4,18.6,2.7,28.0,13.456586111111111
NL-NH,2025-06-24,17.5,15.0,21.1,0.5,28.4,10.582805555555556
NL-NH,2025-06-25,19.8,17.6,22.3,0.0,18.9,14.229416666666667
NL-NH,2025-06-26,19.4,17.5,22.1,4.6,25.5,10.0
NL-NH,2025-06-27,18.1,14.5,20.8,2.9,18.0,13.494027777777777
NL-NH,2025-06-28,20.6,17.6,24.2,0.1,20.4,13.181347222222222
NL-NH,2025-06-29,21.1,17.7,24.7,0.0,15.5,15.994669444444444
NL-NH,2025-06-30,21.5,14.6,28.2,0.0,9.3,15.99542222222222
NL-NH,2025-07-01,26.9,18.8,34.8,0.0,12.1,15.432191666666666
NL-NH,2025-07-02,22.4,16.8,30.8,1.6,17.6,11.0
NL-NH,2025-07-03,17.3,15.2,19.8,0.4,15.7,15.018427777777777
NL-NH,2025-07-04,18.3,12.5,23.0,0.0,15.8,15.95863611111111
NL-NH,2025-07-05,18.6,17.5,20.4,1.9,23.4,2.6233194444444448
NL-NH,2025-07-06,17.8,15.2,19.8,12.4,17.3,7.367955555555556
NL-NH,2025-07-07,15.5,13.7,18.2,1.6,22.0,14.634436111111112
NL-NH,2025-07-08,14.8,12.0,17.9,8.8,18.3,8.63245
NL-NH,2025-07-09,17.4,14.3,20.8,0.0,9.7,15.821202777777778
NL-NH,2025-07-10,18.6,13.8,23.4,0.0,12.0,15.824655555555555
NL-NH,2025-07-11,19.1,14.1,24.1,0.2,12.7,15.828416666666667
NL-NH,2025-07-12,19.3,14.6,24.9,0.0,12.7,14.811922222222222
NL-NH,2025-07-13,19.7,15.7,23.4,0.8,8.2,14.849263888888888
NL-NH,2025-07-14,19.3,14.9,23.5,0.9,19.7,13.213202777777777
NL-NH,2025-07-15,18.8,17.2,20.5,0.5,19.3,14.416677777777778
NL-NH,2025-07-16,16.9,14.2,18.8,8.8,18.3,13.424280555555557
NL-NH,2025-07-17,17.6,13.1,21.0,0.0,11.3,15.233961111111112
NL-NH,2025-07-18,19.5,13.4,25.4,0.4,8.6,14.284072222222223
NL-NH,2025-07-19,22.4,17.0,28.3,0.1,16.8,11.70773611111111
NL-NH,2025-07-20,20.0,17.1,24.7,17.8,12.0,8.025541666666667
NL-NH,2025-07-21,18.8,15.8,23.1,11.6,16.7,13.876511111111112
NL-NH,2025-07-22,18.0,15.3,20.6,12.1,19.4,14.152716666666667
NL-NH,2025-07-23,18.7,16.3,21.3,3.3,13.8,14.6749
NL-NH,2025-07-24,18.8,14.9,22.2,0.0,10.1,15.0
NL-NH,2025-07-25,19.1,17.0,21.8,0.3,10.9,7.756647222222222
NL-NH,2025-07-26,18.7,15.1,22.7,0.4,12.9,9.544052777777777
NL-NH,2025-07-27,17.8,14.6,20.6,3.7,14.9,14.443522222222223
NL-NH,2025-07-28,17.0,14.8,19.8,2.9,17.0,14.224372222222222
NL-NH,2025-07-29,17.3,14.0,20.5,0.5,12.5,14.152344444444445
NL-NH,2025-07-30,16.9,13.7,19.5,0.4,20.0,14.33729722222222
NL-NH,2025-07-31,17.7,15.3,20.8,8.2,18.4,11.349741666666667
NL-NH,2025-08-01,16.3,14.4,19.0,7.4,18.8,7.935302777777778
NL-NH,2025-08-02,16.2,14.3,19.1,7.4,18.2,8.701088888888888
NL-NH,2025-08-03,17.9,15.6,19.9,1.2,18.9,10.388488888888888
NL-NH,2025-08-04,19.0,15.4,22.1,6.2,31.6,6.001902777777778
NL-NH,2025-08-05,17.0,15.5,18.5,2.9,23.6,14.53986388888889
NL-NH,2025-08-06,17.0,14.2,19.4,0.1,15.3,13.203991666666667
NL-NH,2025-08-07,17.9,13.6,21.5,0.1,16.5,11.627011111111111
NL-NH,2025-08-08,19.3,16.5,22.0,0.8,12.8,12.283458333333332
NL-NH,2025-08-09,17.2,12.2,22.1,0.0,15.4,11.771902777777777
NL-NH,2025-08-10,18.5,14.3,22.4,0.0,8.8,14.25006388888889
NL-NH,2025-08-11,19.5,12.6,26.0,0.0,8.5,14.148188888888889
NL-NH,2025-08-12,22.3,16.4,28.7,0.0,10.5,13.680291666666667
NL-NH,2025-08-13,23.3,17.2,30.5,0.0,13.7,13.059413888888889
NL-NH,2025-08-14,22.5,18.8,29.1,0.5,14.6,13.0
NL-NH,2025-08-15,20.8,16.5,25.4,0.0,13.0,13.989669444444443
NL-NH,2025-08-16,18.7,16.0,21.2,0.7,13.5,7.785944444444445
NL-NH,2025-08-17,16.5,12.2,20.3,0.7,11.7,0.7776972222222223
NL-NH,2025-08-18,18.4,15.6,22.8,0.0,11.8,11.344516666666667
NL-NH,2025-08-19,18.8,15.1,24.5,0.0,14.1,13.852147222222223
NL-NH,2025-08-20,18.0,14.7,22.2,0.1,14.3,12.250933333333334
NL-NH,2025-08-21,16.3,13.7,19.3,0.2,17.1,11.131605555555556
NL-NH,2025-08-22,15.2,13.0,17.9,0.5,15.5,6.558002777777778
NL-NH,2025-08-23,15.1,11.2,18.5,1.2,12.5,13.297391666666666
NL-NH,2025-08-24,14.7,9.2,19.8,0.0,13.2,13.314275
NL-NH,2025-08-25,16.5,10.5,23.0,0.0,7.4,13.223225
NL-NH,2025-08-26,18.8,12.9,26.1,0.0,14.2,13.240641666666667
NL-NH,2025-08-27,19.3,16.1,22.8,0.7,12.8,12.354397222222223
NL-NH,2025-08-28,17.6,15.3,20.4,4.7,13.0,9.736541666666668
NL-NH,2025-08-29,16.7,12.7,21.3,0.4,18.0,11.563741666666667
NL-NH,2025-08-30,17.4,13.6,21.4,0.8,15.5,12.93868611111111
NL-NH,2025-08-31,19.0,16.5,22.8,4.1,18.7,6.0
NL-NH,2025-09-01,18.3,15.4,22.0,0.4,15.1,9.654083333333332
NL-NH,2025-09-02,17.2,14.2,20.6,0.7,17.5,11.225477777777778
NL-NH,2025-09-03,18.3,15.8,22.2,7.0,29.7,5.714588888888889
NL-NH,2025-09-04,17.8,15.3,21.3,0.3,20.7,11.523766666666665
NL-NH,2025-09-05,16.5,13.8,19.3,0.9,13.9,12.929580555555555
NL-NH,2025-09-06,16.3,10.6,21.7,0.0,12.1,11.28658888888889
NL-NH,2025-09-07,19.5,14.2,25.7,0.0,18.4,12.874975000000001
NL-NH,2025-09-08,19.0,15.5,21.0,3.4,13.7,11.0
NL-NH,2025-09-09,13.6,11.1,15.4,8.9,8.1,3.0
NL-NH,2025-09-10,14.0,8.6,19.9,0.0,14.6,10.9224
NL-NH,2025-09-11,15.5,12.9,17.9,3.4,23.3,9.662016666666668
NL-NH,2025-09-12,13.9,11.6,17.8,3.6,22.3,10.461702777777777
NL-NH,2025-09-13,13.9,11.9,17.4,1.7,18.7,8.829505555555556
NL-NH,2025-09-14,14.2,10.7,17.9,3.1,20.3,9.286552777777777
NL-NH,2025-09-15,16.3,14.0,18.2,10.4,35.0,11.513172222222222
NL-NH,2025-09-16,14.4,12.4,16.6,17.0,26.8,8.077169444444445
NL-NH,2025-09-17,14.7,13.1,17.4,7.1,25.1,0.0
NL-NH,2025-09-18,18.2,17.1,20.5,8.1,24.3,4.167716666666667
NL-NH,2025-09-19,19.2,15.0,24.1,0.0,14.4,11.228658333333334
NL-NH,2025-09-20,19.3,17.3,22.2,1.1,16.6,5.181897222222223
NL-NH,2025-09-21,15.1,11.6,19.4,0.3,25.1,8.777372222222223
NL-NH,2025-09-22,11.8,9.0,15.3,0.1,17.8,11.141933333333332
NL-NH,2025-09-23,11.8,7.7,16.0,0.3,13.1,11.032577777777778
NL-NH,2025-09-24,11.9,8.6,15.3,0.0,21.3,11.006191666666666
NL-NH,2025-09-25,12.0,9.7,14.8,0.0,22.8,9.849266666666667
NL-NH,2025-09-26,12.2,9.3,15.1,0.0,13.5,8.024413888888889
NL-NH,2025-09-27,12.0,8.6,15.4,0.1,8.5,5.511730555555555
NL-NH,2025-09-28,12.7,7.6,18.3,0.0,8.3,11.0
NL-NH,2025-09-29,12.5,7.9,17.1,0.4,11.1,11.0
NL-NH,2025-09-30,12.6,8.7,17.2,0.6,7.8,10.295583333333333
NL-NH,2025-10-01,11.1,6.6,16.2,0.0,9.4,11.0
NL-NH,2025-10-02,11.4,8.0,15.6,0.0,12.8,4.128369444444444
NL-NH,2025-10-03,11.2,9.5,13.1,7.3,27.6,0.0
NL-NH,2025-10-04,13.0,10.2,16.7,41.1,30.5,6.588544444444444
NL-NH,2025-10-05,12.4,10.2,13.4,6.9,27.3,2.510238888888889
NL-NH,2025-10-06,14.2,12.8,15.0,0.9,15.5,0.23170277777777779
NL-NH,2025-10-07,15.4,13.8,17.6,0.3,15.4,7.099136111111111
NL-NH,2025-10-08,14.5,13.1,16.7,0.8,12.9,1.0925694444444445
NL-NH,2025-10-09,13.0,10.1,15.5,0.0,14.4,5.350808333333333
NL-NH,2025-10-10,14.6,12.6,17.2,0.1,13.9,7.505472222222222
NL-NH,2025-10-11,14.4,13.3,16.1,0.0,8.4,3.8851527777777775
NL-NH,2025-10-12,14.3,12.4,16.5,0.3,10.9,0.0
NL-NH,2025-10-13,14.2,12.9,15.9,0.4,10.2,2.827586111111111
NL-NH,2025-10-14,13.6,12.2,16.4,0.9,13.3,6.605869444444445
NL-NH,2025-10-15,13.1,11.4,15.0,1.5,10.3,0.03375277777777778
NL-NH,2025-10-16,12.4,9.6,16.0,0.2,12.4,8.171986111111112
NL-NH,2025-10-17,11.9,10.1,14.4,0.2,11.7,4.555977777777778
NL-NH,2025-10-18,10.0,7.8,12.6,0.0,9.8,7.344658333333333
NL-NH,2025-10-19,9.7,6.6,12.9,0.1,17.1,7.89605
NL-NH,2025-10-20,13.8,11.9,16.7,5.3,19.3,7.522327777777778
NL-NH,2025-10-21,13.3,12.1,15.5,6.6,20.7,8.648647222222223
NL-NH,2025-10-22,12.5,10.9,14.8,1.1,14.3,7.799422222222222
NL-NH,2025-10-23,11.8,10.4,14.2,23.0,38.4,5.168302777777778
NL-NH,2025-10-24,9.8,8.2,11.3,11.8,29.6,9.0
NL-NH,2025-10-25,9.5,7.2,12.0,7.5,24.0,4.37885
NL-NH,2025-10-26,8.9,6.8,10.9,11.8,31.9,7.707716666666666
NL-NH,2025-10-27,9.6,8.7,11.2,20.8,28.6,5.465291666666666
NL-NH,2025-10-28,11.5,9.0,13.3,2.6,26.3,6.8880583333333325
NL-NH,2025-10-29,11.5,9.4,13.4,3.3,18.4,2.647694444444445
NL-NH,2025-10-30,10.2,8.4,12.1,6.5,19.0,8.885775
NL-NH,2025-10-31,10.3,8.1,13.1,0.0,15.5,4.883658333333333
NL-NH,2025-11-01,12.0,10.8,13.0,6.6,20.0,1.0
NL-NH,2025-11-02,10.3,8.8,12.4,4.3,19.1,4.265044444444444
NL-NH,2025-11-03,10.2,7.5,13.2,0.0,23.7,0.35539722222222225
NL-NH,2025-11-04,13.7,12.2,15.7,0.2,19.0,6.340486111111111
NL-NH,2025-11-05,13.5,11.8,16.0,0.0,16.2,8.734644444444445
NL-NH,2025-11-06,11.0,8.8,13.4,0.0,12.5,7.493125
NL-NH,2025-11-07,10.8,7.8,15.1,0.0,9.0,8.901119444444443
NL-NH,2025-11-08,9.5,6.1,13.9,0.0,6.7,8.872716666666665
NL-NH,2025-11-09,10.6,8.3,13.5,0.5,10.4,8.84473888888889
NL-NH,2025-11-10,8.5,6.0,10.6,3.5,17.5,1.676522222222222
NL-NH,2025-11-11,10.2,8.9,12.3,0.5,17.7,6.965311111111111
NL-NH,2025-11-12,12.2,10.3,14.9,0.4,17.1,4.986922222222222
NL-NH,2025-11-13,12.9,10.8,15.3,0.7,17.7,6.172436111111111
NL-NH,2025-11-14,10.4,8.0,11.6,13.3,20.5,0.0
NL-NH,2025-11-15,7.7,7.4,8.4,7.6,19.4,0.0
NL-NH,2025-11-16,6.4,3.0,8.3,0.5,14.8,1.6635638888888888
NL-NH,2025-11-17,5.8,3.7,7.7,0.4,17.3,7.949430555555556
NL-NH,2025-11-18,4.7,2.6,7.0,5.9,17.8,7.260936111111111
NL-NH,2025-11-19,4.3,3.1,5.2,10.7,17.7,0.0
NL-NH,2025-11-20,1.8,-0.2,4.9,4.4,10.0,4.070075
NL-NH,2025-11-21,1.9,-0.8,5.4,0.1,10.7,7.6870611111111105
NL-NH,2025-11-22,1.6,0.4,3.3,0.1,18.5,5.093755555555556
NL-NH,2025-11-23,1.7,0.2,3.9,6.2,22.6,0.0
NL-NH,2025-11-24,3.1,1.3,5.5,0.9,14.5,5.999286111111111
NL-NH,2025-11-25,3.0,-1.0,6.9,0.4,13.9,6.792105555555556
NL-NH,2025-11-26,2.5,1.0,4.5,0.0,11.4,6.043197222222222
NL-NH,2025-11-27,6.1,2.4,9.7,1.8,19.9,0.0
NL-NH,2025-11-28,9.8,9.3,10.8,0.7,18.3,0.0
NL-NH,2025-11-29,9.1,8.2,10.0,1.5,20.0,0.3505083333333333
NL-NH,2025-11-30,7.3,6.8,9.2,0.6,22.9,4.6230777777777785
NL-NH,2025-12-01,5.4,3.5,7.0,2.5,24.9,0.33191111111111116
NL-NH,2025-12-02,7.3,6.3,8.5,0.0,23.0,4.472463888888889
NL-NH,2025-12-03,6.5,5.3,8.2,0.0,10.2,0.4141833333333333
NL-NH,2025-12-04,5.8,3.6,7.8,0.3,16.5,6.137755555555555
NL-NH,2025-12-05,4.1,2.2,5.6,0.0,16.8,2.7528
NL-NH,2025-12-06,7.4,4.3,10.0,5.8,23.8,0.19145277777777778
NL-NH,2025-12-07,9.8,8.0,13.2,10.3,27.5,3.085952777777778
NL-NH,2025-12-08,11.8,10.2,13.0,0.5,27.2,1.0528638888888888
NL-NH,2025-12-09,12.1,11.2,13.0,4.3,18.9,0.0
NL-NH,2025-12-10,11.8,10.2,13.7,0.3,21.4,3.9073444444444445
NL-NH,2025-12-11,8.4,6.6,10.0,0.0,15.7,4.141380555555555
NL-NH,2025-12-12,8.1,6.6,10.3,0.0,11.3,0.43969444444444444
NL-NH,2025-12-13,8.1,4.4,10.0,0.2,13.4,6.0
NL-NH,2025-12-14,6.1,4.0,8.2,0.0,20.8,0.0
NL-NH,2025-12-15,6.7,4.6,8.1,0.0,19.0,3.7438694444444445
NL-NH,2025-12-16,7.9,6.1,10.3,1.9,13.6,5.128652777777778
NL-NH,2025-12-17,7.9,5.8,10.0,0.2,14.8,0.9254888888888889
NL-NH,2025-12-18,9.1,6.3,13.2,0.8,24.1,1.0
NL-NH,2025-12-19,10.0,6.9,13.0,4.3,24.4,2.4966166666666667
NL-NH,2025-12-20,5.1,2.9,6.7,0.0,12.1,2.4183555555555554
NL-NH,2025-12-21,7.9,5.8,10.5,0.0,15.0,4.744311111111111
NL-NH,2025-12-22,5.8,4.5,7.0,0.0,16.8,5.025341666666667
NL-NH,2025-12-23,4.5,2.8,5.7,0.0,21.6,0.0
NL-NH,2025-12-24,1.4,0.3,2.7,0.0,23.3,4.823144444444444
NL-NH,2025-12-25,-1.8,-3.3,-0.3,0.0,22.2,7.078233333333333
NL-NH,2025-12-26,-2.0,-4.1,1.0,0.0,14.9,7.071797222222223
NL-NH,2025-12-27,1.4,-1.4,4.7,0.0,14.6,4.849927777777778
NL-NH,2025-12-28,1.7,-1.6,5.0,0.0,9.0,7.0
NL-NH,2025-12-29,3.2,-1.8,6.7,0.0,11.0,0.0
NL-NH,2025-12-30,3.8,1.4,5.9,0.0,10.8,5.869230555555555
NL-NH,2025-12-31,3.6,0.8,6.4,0.0,15.7,2.6157583333333334
NL-NH,2026-01-01,4.3,2.7,5.1,10.2,28.1,2.342519444444444
NL-NH,2026-01-02,2.7,1.3,3.6,6.8,24.3,0.8998361111111111
NL-NH,2026-01-03,1.5,0.9,2.2,8.8,20.0,3.1594972222222224
NL-NH,2026-01-04,1.2,-0.6,2.3,6.9,14.1,5.682775
NL-NH,2026-01-05,-1.2,-3.0,0.7,1.4,12.5,3.1488944444444447
NL-NH,2026-01-06,-1.1,-3.6,1.7,0.2,15.9,7.388102777777777
NL-NH,2026-01-07,0.1,-2.0,1.6,9.1,27.0,0.0
NL-NH,2026-01-08,1.8,-0.4,2.8,1.2,17.4,4.257163888888889
NL-NH,2026-01-09,1.1,-1.5,2.4,13.9,22.7,0.0
NL-NH,2026-01-10,-2.4,-3.2,-1.5,1.0,20.2,2.058891666666667
NL-NH,2026-01-11,-3.5,-6.9,0.5,0.0,20.9,0.0
NL-NH,2026-01-12,3.3,0.8,5.9,3.9,26.8,0.0
NL-NH,2026-01-13,7.6,5.3,9.1,2.0,18.3,0.0
NL-NH,2026-01-14,5.5,2.6,8.3,5.5,14.8,7.408627777777778
NL-NH,2026-01-15,7.9,5.0,9.5,2.2,20.9,0.0
NL-NH,2026-01-16,8.5,6.5,10.3,1.6,23.5,6.177008333333333
NL-NH,2026-01-17,7.3,4.6,11.0,0.5,11.5,7.7740527777777775
NL-NH,2026-01-18,3.0,1.3,6.2,0.0,9.6,5.814016666666666
NL-NH,2026-01-19,2.2,0.0,4.5,0.3,10.6,5.422938888888889
NL-NH,2026-01-20,2.1,0.0,4.9,0.0,11.2,7.979219444444444
NL-NH,2026-01-21,4.7,2.5,7.4,1.7,16.3,3.017444444444444
NL-NH,2026-01-22,2.5,0.4,4.6,0.0,14.3,8.0
NL-NH,2026-01-23,3.8,1.5,6.6,0.0,14.1,5.3198083333333335
NL-NH,2026-01-24,3.0,0.7,6.7,0.0,12.9,7.702269444444444
NL-NH,2026-01-25,-0.7,-1.9,1.1,0.0,12.1,8.0
NL-NH,2026-01-26,0.7,-2.0,3.1,0.0,8.9,0.10247500000000001
NL-NH,2026-01-27,0.6,-1.4,2.9,5.2,18.1,0.0
NL-NH,2026-01-28,2.5,0.2,3.6,0.3,12.9,0.0
NL-NH,2026-01-29,-0.1,-0.6,0.3,3.6,11.6,0.2017861111111111
NL-NH,2026-01-30,1.9,0.2,4.3,0.0,15.7,1.1376583333333334
NL-NH,2026-01-31,5.1,3.1,8.3,1.0,15.4,2.8935166666666667
NL-NH,2026-02-01,4.8,2.5,7.9,0.2,13.8,4.011308333333333
NL-NH,2026-02-02,2.9,-0.2,6.1,0.0,17.8,7.321577777777778
NL-NH,2026-02-03,-0.6,-3.0,1.4,0.2,17.9,3.2644416666666665
NL-NH,2026-02-04,3.6,1.0,8.2,0.4,17.2,8.068061111111112
NL-NH,2026-02-05,0.3,-1.3,2.7,0.0,18.4,4.735830555555556
NL-NH,2026-02-06,3.0,-0.1,6.1,2.0,12.6,0.12274722222222222
NL-NH,2026-02-07,7.3,4.3,11.3,0.0,12.8,8.680275
NL-NH,2026-02-08,5.9,3.3,9.6,0.0,10.8,8.288325
NL-NH,2026-02-09,3.5,2.1,5.4,0.0,14.3,2.427413888888889
NL-NH,2026-02-10,4.3,1.1,7.0,1.9,10.3,1.0
NL-NH,2026-02-11,7.5,6.1,9.5,8.4,15.0,0.0
NL-NH,2026-02-12,7.2,4.8,10.1,3.5,17.5,5.620591666666667
NL-NH,2026-02-13,2.2,0.7,4.2,0.2,17.7,0.5571722222222222
NL-NH,2026-02-14,0.3,-1.9,2.7,0.0,16.2,9.457105555555556
NL-NH,2026-02-15,-0.5,-3.1,2.8,3.0,19.4,5.905041666666667
NL-NH,2026-02-16,3.9,0.4,6.5,4.2,17.9,8.605577777777778
NL-NH,2026-02-17,4.4,3.0,6.7,1.4,26.1,7.707852777777778
NL-NH,2026-02-18,1.5,0.3,2.9,0.0,21.3,7.296480555555556
NL-NH,2026-02-19,2.4,0.9,4.5,1.4,23.6,3.490111111111111
NL-NH,2026-02-20,5.1,1.9,8.0,2.8,25.2,0.7722111111111111
NL-NH,2026-02-21,8.8,7.1,10.7,3.9,23.5,5.0
NL-NH,2026-02-22,10.0,9.0,11.7,9.6,25.6,0.4579861111111111
NL-NH,2026-02-23,9.0,8.0,10.5,2.0,25.3,8.717702777777777
NL-NH,2026-02-24,9.9,7.7,12.2,7.2,17.3,0.0
NL-NH,2026-02-25,12.1,8.4,16.8,0.0,14.9,10.0
NL-NH,2026-02-26,12.0,9.5,15.6,0.0,21.6,8.55076388888889
NL-NH,2026-02-27,11.0,9.2,12.0,5.8,18.2,2.256658333333333
NL-NH,2026-02-28,9.5,5.7,11.5,6.2,27.7,4.930608333333333
NL-NH,2026-03-01,7.8,3.8,12.2,3.3,21.8,6.748291666666666
NL-NH,2026-03-02,10.4,6.5,15.4,0.0,14.5,10.0
NL-NH,2026-03-03,9.4,5.4,15.9,0.0,12.0,10.164005555555555
NL-NH,2026-03-04,7.8,3.2,13.9,0.0,12.2,10.144769444444444
NL-NH,2026-03-05,10.3,5.7,16.4,0.0,10.5,10.446202777777778
NL-NH,2026-03-06,10.9,6.4,17.5,0.0,7.8,10.105799999999999
NL-NH,2026-03-07,8.7,5.8,13.0,0.1,9.1,9.568827777777777
NL-NH,2026-03-08,8.8,6.0,14.4,0.0,9.6,8.093725
NL-NH,2026-03-09,8.3,1.8,15.9,0.0,4.4,8.777816666666666
NL-NH,2026-03-10,8.4,6.2,11.1,0.4,12.9,2.6981416666666664
NL-NH,2026-03-11,8.9,7.1,10.3,5.9,21.7,2.5432750000000004
NL-NH,2026-03-12,8.8,5.6,12.4,0.0,30.9,10.906513888888888
NL-NH,2026-03-13,8.5,5.9,10.7,11.1,28.4,0.0
NL-NH,2026-03-14,5.7,3.3,8.9,2.1,12.5,7.919888888888888
NL-NH,2026-03-15,6.5,2.3,11.2,0.0,21.1,11.504
NL-NH,2026-03-16,6.9,4.8,8.9,8.8,23.9,11.28616388888889
NL-NH,2026-03-17,10.4,6.4,14.7,0.5,15.1,3.405927777777778
NL-NH,2026-03-18,10.5,7.2,14.8,0.0,13.9,11.746183333333335
NL-NH,2026-03-19,8.8,3.1,15.6,0.0,8.9,11.165291666666667
NL-NH,2026-03-20,7.8,4.9,11.1,0.0,12.5,11.804833333333335
NL-NH,2026-03-21,6.0,1.8,9.7,0.0,11.2,11.834
NL-NH,2026-03-22,8.0,3.3,14.1,0.0,12.6,11.863050000000001
NL-NH,2026-03-23,8.2,4.0,13.7,0.0,10.0,11.391350000000001
NL-NH,2026-03-24,9.9,7.3,12.4,0.0,26.8,2.9421083333333335
NL-NH,2026-03-25,7.6,4.0,11.2,15.8,33.5,6.471066666666666
NL-NH,2026-03-26,4.4,2.7,6.5,4.7,20.0,11.50518611111111
NL-NH,2026-03-27,4.6,0.1,9.2,0.9,16.6,1.0341944444444444
NL-NH,2026-03-28,6.9,3.4,8.8,11.1,19.8,10.826708333333334
NL-NH,2026-03-29,6.0,2.0,9.4,3.8,27.8,7.675730555555556
NL-NH,2026-03-30,6.9,5.1,9.1,5.1,29.8,12.026744444444445
NL-NH,2026-03-31,7.4,4.4,11.0,0.6,13.6,12.007366666666666
NL-NH,2026-04-01,8.4,5.1,12.3,0.0,9.6,12.0
NL-NH,2026-04-02,7.9,5.8,9.8,0.7,15.6,2.035147222222222
NL-NH,2026-04-03,7.8,3.2,11.5,0.2,25.0,2.7076527777777777
NL-NH,2026-04-04,11.7,8.0,15.1,0.3,24.4,11.171772222222222
NL-NH,2026-04-05,11.0,7.7,14.7,1.1,30.7,10.17869722222222
NL-NH,2026-04-06,8.4,4.3,11.8,0.0,11.8,12.8416
NL-NH,2026-04-07,9.0,3.3,14.3,0.0,12.8,12.886227777777778
NL-NH,2026-04-08,12.0,5.3,19.6,0.0,11.9,12.92431388888889
NL-NH,2026-04-09,13.6,6.9,20.2,1.5,21.1,11.2
NL-NH,2026-04-10,8.8,6.8,10.8,0.5,23.0,11.773877777777777
NL-NH,2026-04-11,9.9,6.1,16.6,1.6,18.8,3.8343805555555557
NL-NH,2026-04-12,9.6,5.0,13.4,0.5,17.0,12.101022222222221
NL-NH,2026-04-13,9.5,5.0,13.6,0.2,7.5,4.156205555555555
NL-NH,2026-04-14,9.6,5.1,14.3,0.0,9.4,13.059030555555555
NL-NH,2026-04-15,12.2,6.5,18.1,1.5,15.1,11.09201111111111
NL-NH,2026-04-16,12.8,9.4,15.8,0.0,16.5,11.53003611111111
NL-NH,2026-04-17,13.2,8.8,18.3,0.1,12.1,8.597230555555555
NL-NH,2026-04-18,11.4,8.2,14.5,0.0,14.4,10.6783
NL-NH,2026-04-19,9.3,6.6,12.7,1.5,13.7,13.099902777777778
NL-NH,2026-04-20,7.9,3.9,11.2,1.5,15.5,11.563202777777777
NL-NH,2026-04-21,8.7,4.7,12.6,0.3,18.2,13.620402777777777
NL-NH,2026-04-22,9.9,5.1,14.7,0.0,15.8,13.721794444444445
NL-NH,2026-04-23,9.1,3.8,15.4,0.0,10.8,13.181277777777778
NL-NH,2026-04-24,8.7,4.2,13.7,0.0,11.6,13.814247222222223
NL-NH,2026-04-25,8.6,3.7,13.9,0.0,10.8,13.842747222222222
NL-NH,2026-04-26,9.0,4.6,13.6,0.0,9.7,13.918824999999998
NL-NH,2026-04-27,9.6,5.0,14.2,0.0,13.8,9.695413888888888
NL-NH,2026-04-28,11.7,7.7,16.3,0.1,21.8,12.142022222222222
NL-NH,2026-04-29,12.3,7.5,16.7,0.0,21.4,14.405524999999999
NL-NH,2026-04-30,14.0,8.1,19.9,0.0,18.8,14.532177777777777
NL-NH,2026-05-01,16.4,9.6,22.9,0.0,15.3,14.648622222222222
NL-NH,2026-05-02,15.6,10.1,20.0,0.4,12.6,13.546533333333333
NL-NH,2026-05-03,14.9,13.0,17.6,4.1,13.8,2.1225
NL-NH,2026-05-04,13.7,9.9,18.0,3.4,13.1,10.419972222222222
NL-NH,2026-05-05,10.7,8.4,14.4,0.3,16.1,9.726044444444446
NL-NH,2026-05-06,11.1,8.8,13.9,0.1,17.7,3.673722222222222
NL-NH,2026-05-07,10.7,5.8,15.1,0.3,9.6,13.271341666666666
NL-NH,2026-05-08,13.0,9.3,17.4,0.0,10.6,13.300450000000001
NL-NH,2026-05-09,13.2,7.6,17.3,0.0,9.8,14.977441666666667
NL-NH,2026-05-10,11.7,8.9,15.2,0.0,18.4,12.076830555555555
NL-NH,2026-05-11,8.0,5.6,10.8,2.4,23.9,12.641822222222222
NL-NH,2026-05-12,9.0,6.2,12.1,1.1,21.9,8.807058333333334
NL-NH,2026-05-13,9.6,6.4,12.7,2.8,14.6,14.478013888888889
NL-NH,2026-05-14,8.5,5.5,11.7,4.4,14.1,13.032566666666666
NL-NH,2026-05-15,8.3,6.0,10.8,3.3,17.7,11.189955555555555
NL-NH,2026-05-16,9.2,5.8,12.2,1.1,18.0,15.035925
NL-NH,2026-05-17,11.3,7.9,14.1,13.8,16.2,7.820025
NL-NH,2026-05-18,11.6,9.0,14.5,5.8,13.7,13.050988888888888
NL-NH,2026-05-19,11.8,7.7,16.0,5.0,22.2,5.045822222222222
NL-NH,2026-05-20,14.3,12.0,16.6,2.4,22.8,12.88788888888889
NL-NH,2026-05-21,15.8,12.6,18.5,0.0,14.5,14.728961111111111
NL-NH,2026-05-22,19.0,12.9,24.8,0.0,9.7,14.643947222222222
NL-NH,2026-05-23,20.9,15.5,27.8,0.0,12.8,15.051080555555556
NL-NH,2026-05-24,19.1,13.2,24.9,0.0,9.6,15.323241666666666
NL-NH,2026-05-25,21.4,13.9,28.2,0.0,6.9,15.314072222222222
NL-NH,2026-05-26,23.4,16.7,29.7,0.0,11.1,15.430880555555555
NL-NH,2026-05-27,17.1,14.3,19.8,14.9,13.8,13.382347222222222
NL-NH,2026-05-28,17.6,10.6,24.1,0.0,12.5,15.414011111111112
NL-NH,2026-05-29,20.3,16.3,27.4,4.6,17.7,11.0
NL-NH,2026-05-30,19.7,14.5,24.7,0.0,10.8,14.969041666666667
NL-NH,2026-05-31,19.2,16.2,23.5,0.7,16.4,15.135036111111111
NL-NH,2026-06-01,18.7,14.3,22.9,0.0,15.0,15.021352777777778
NL-NH,2026-06-02,17.4,15.2,19.3,10.3,17.0,2.6610500000000004
NL-NH,2026-06-03,15.6,12.2,18.4,16.0,23.3,10.350769444444444
NL-NH,2026-06-04,15.2,13.7,17.6,8.5,25.2,13.681744444444444
NL-NH,2026-06-05,15.3,12.7,17.9,5.6,16.6,13.781080555555555
NL-NH,2026-06-06,15.1,12.3,18.3,2.9,18.2,7.020322222222222
NL-NH,2026-06-07,15.2,13.1,17.8,7.3,23.4,8.111838888888888
NL-NH,2026-06-08,15.5,13.3,20.3,9.1,15.1,3.1962694444444444
NL-NH,2026-06-09,13.5,11.2,16.5,7.3,21.7,15.201319444444444
NL-NH,2026-06-10,12.9,9.8,16.1,3.1,16.2,15.56933888888889
NL-NH,2026-06-11,12.6,9.9,16.1,5.7,19.2,7.975319444444445
NL-NH,2026-06-12,16.4,11.8,18.7,6.9,24.3,10.909891666666667
NL-NH,2026-06-13,15.2,13.9,16.4,2.2,24.0,15.573244444444445
NL-NH,2026-06-14,14.3,13.0,16.0,1.7,20.1,15.284944444444445
NL-NH,2026-06-15,14.2,12.6,16.1,0.7,14.9,9.366272222222223
NL-NH,2026-06-16,16.5,11.9,21.7,0.0,11.6,15.24119722222222
NL-NH,2026-06-17,18.7,14.8,22.5,0.7,19.6,12.815413888888889
NL-NH,2026-06-18,21.1,16.3,26.4,4.4,10.0,14.0
NL-NH,2026-06-19,23.8,18.9,32.1,8.0,19.7,12.161691666666666
NL-NH,2026-06-20,22.2,19.3,25.0,5.7,15.0,15.119775
NL-NH,2026-06-21,22.3,18.7,25.8,1.1,13.4,15.10923611111111
NL-NH,2026-06-22,19.9,16.1,24.2,0.0,14.5,16.108169444444446
NL-NH,2026-06-23,21.1,15.4,27.1,0.0,11.6,15.997080555555556
NL-NH,2026-06-24,26.6,20.7,33.6,0.0,12.5,16.11678611111111
NL-NH,2026-06-25,24.2,19.8,28.7,0.0,14.2,16.120230555555555
NL-NH,2026-06-26,27.3,21.0,35.0,0.0,11.8,15.0
NL-NH,2026-06-27,24.9,21.6,29.4,4.5,15.7,14.552294444444446
NL-NH,2026-06-28,22.8,19.6,26.3,1.7,16.7,15.994172222222222
NL-NH,2026-06-29,19.9,16.4,22.7,0.0,11.7,15.994883333333334
NL-NH,2026-06-30,17.4,13.0,20.9,0.1,9.2,7.907997222222223
NL-NH,2026-07-01,18.6,13.8,22.9,0.2,11.6,15.99485
NL-NH,2026-07-02,18.3,15.8,20.5,2.7,26.5,12.974869444444444
NL-NH,2026-07-03,16.9,14.7,19.1,0.0,15.0,15.992647222222223
NL-NH,2026-07-04,18.6,14.0,21.5,1.5,19.2,14.29371388888889
NL-NH,2026-07-05,18.7,17.5,20.4,1.8,18.6,10.872438888888889
NL-NH,2026-07-06,20.9,16.8,24.4,0.0,21.4,13.042647222222222
NL-NH,2026-07-07,20.3,18.0,23.0,0.0,20.2,11.906272222222222
NL-NH,2026-07-08,19.5,17.7,21.8,0.6,13.6,9.506777777777778
NL-NH,2026-07-09,20.2,14.7,25.1,0.0,11.1,15.907427777777777
NL-NH,2026-07-10,21.2,15.9,26.0,0.0,14.0,15.894536111111112
NL-NH,2026-07-11,21.0,16.9,26.8,0.0,13.2,12.585336111111111
NL-NH,2026-07-12,20.8,17.1,25.8,0.0,16.1,15.866444444444443
NL-NH,2026-07-13,20.8,15.9,25.3,0.0,13.5,13.851272222222223
NL-NH,2026-07-14,22.9,18.5,28.0,0.1,19.1,15.337033333333332
NL-NH,2026-07-15,23.0,18.1,27.4,0.0,19.3,15.719483333333333
NL-NH,2026-07-16,21.7,18.2,25.0,0.0,13.2,15.414527777777778
NL-NH,2026-07-17,19.6,16.3,23.6,0.6,14.0,15.356519444444444
NL-NH,2026-07-18,17.6,15.7,19.2,0.6,15.9,8.149091666666667
NL-NH,2026-07-19,16.8,14.8,19.5,0.3,18.1,15.24715
NL-NH,2026-07-20,16.9,13.7,20.0,0.2,13.2,14.662183333333333
NL-NH,2026-07-21,16.9,12.5,20.9,0.1,13.4,12.485341666666667
NL-NH,2026-07-22,17.1,15.4,19.6,1.5,20.5,12.140736111111112
NL-NH,2026-07-23,17.3,15.1,19.8,0.2,15.0,13.575999999999999
NL-NH,2026-07-24,19.0,15.0,23.3,0.3,9.4,13.310236111111111
NL-NH,2026-07-25,20.0,15.2,23.5,0.0,15.0,15.301280555555556
NL-NH,2026-07-26,19.3,17.9,21.0,8.9,23.7,9.63168888888889
NL-NH,2026-07-27,18.0,15.7,20.2,4.2,19.6,14.631538888888889
NL-NH,2026-07-28,20.9,15.2,26.3,0.0,12.1,14.827430555555555
NL-NH,2026-07-29,25.6,18.7,31.4,0.0,9.1,15.062344444444445
NL-NH,2026-07-30,23.4,20.5,25.7,0.0,12.9,10.360769444444443
NL-NH,2026-07-31,20.4,17.4,23.9,1.1,15.0,13.524769444444445
NL-NH,2026-08-01,18.6,13.9,22.8,0.3,11.9,14.022658333333334
NL-NH,2026-08-02,20.6,15.0,25.4,0.0,15.9,14.741866666666667
NL-NH,2026-08-03,23.9,18.4,31.7,0.0,16.7,13.353025
NL-NH,2026-08-04,25.1,19.6,32.5,0.7,14.3,14.109386111111112
NL-NH,2026-08-05,22.7,20.5,24.6,0.0,22.6,14.653747222222222
NL-NH,2026-08-06,19.0,16.6,20.6,0.2,19.6,14.317158333333332
NL-NH,2026-08-07,17.6,14.3,21.0,1.4,12.8,11.791777777777778
NL-NH,2026-08-08,18.7,12.2,24.4,0.0,9.8,14.568436111111112
NL-NH,2026-08-09,22.1,15.0,28.5,0.0,13.2,13.279841666666666
NL-NH,2026-08-10,20.7,16.3,22.5,0.1,16.2,12.278169444444446
NL-NH,2026-08-11,17.3,12.1,21.6,0.0,15.4,14.25846111111111
NL-NH,2026-08-12,20.0,12.6,27.4,0.0,13.7,13.423758333333334
NL-NH,2026-08-13,24.8,17.0,32.2,0.0,10.6,14.281611111111111
NL-NH,2026-08-14,26.0,19.4,34.7,0.0,10.3,14.180772222222222
NL-NH,2026-08-15,20.5,18.4,23.2,6.4,13.1,6.304858333333334
NL-NH,2026-08-16,18.7,15.9,23.0,0.3,12.4,11.768508333333333
NL-NH,2026-08-17,17.4,14.7,19.7,5.6,13.0,11.597961111111113
NL-NH,2026-08-18,18.0,15.4,21.0,9.7,20.8,8.428177777777778
NL-NH,2026-08-19,17.8,15.6,20.2,6.4,11.7,5.639202777777778
NL-NH,2026-08-20,16.2,14.3,19.4,10.3,21.6,12.692622222222223
NL-NH,2026-08-21,16.3,13.8,19.9,3.6,11.7,12.5477
NL-NH,2026-08-22,15.4,12.2,18.6,1.8,16.3,13.604258333333334
NL-NH,2026-08-23,15.7,13.2,18.6,0.9,14.0,12.748850000000001
NL-NH,2026-08-24,15.7,10.5,20.2,0.0,16.8,13.636041666666667
NL-NH,2026-08-25,18.1,13.1,23.5,0.0,16.0,13.435855555555555
NL-NH,2026-08-26,19.5,14.2,25.1,0.0,13.6,13.236730555555557
NL-NH,2026-08-27,20.5,16.0,27.0,4.2,15.8,10.946555555555555
NL-NH,2026-08-28,18.9,16.9,22.4,6.6,19.2,9.626205555555554
NL-NH,2026-08-29,18.2,16.0,22.0,16.1,22.0,8.431294444444445
NL-NH,2026-08-30,18.7,17.3,20.3,9.4,26.8,9.115672222222221
NL-NH,2026-08-31,16.8,15.1,18.6,11.8,21.4,10.427838888888889
NL-NH,2026-09-01,16.9,14.9,19.3,1.0,16.6,12.021433333333334
NL-NH,2026-09-02,17.1,13.6,20.3,1.9,16.5,10.034783333333333
NL-NH,2026-09-03,19.3,17.4,21.7,7.6,25.2,10.310091666666667
NL-NH,2026-09-04,19.0,17.6,20.9,6.6,30.4,1.229861111111111
NL-NH,2026-09-05,16.9,14.4,18.7,1.9,22.4,12.936575
NL-NH,2026-09-06,16.4,11.9,21.1,0.0,13.3,12.909111111111113
NL-NH,2026-09-07,19.5,15.7,24.7,0.0,18.7,10.744738888888888
NL-NH,2026-09-08,16.8,14.6,19.0,27.2,18.1,0.0
NL-ZH,2023-09-09,21.4,16.5,27.7,0.0,8.7,11.0
NL-ZH,2023-09-10,24.2,18.7,30.8,0.0,10.3,12.65178888888889
NL-ZH,2023-09-11,22.0,19.1,24.7,0.0,14.0,10.249344444444445
NL-ZH,2023-09-12,19.6,17.7,22.9,2.8,11.6,11.024733333333334
NL-ZH,2023-09-13,17.6,13.6,19.7,0.4,28.2,11.173811111111112
NL-ZH,2023-09-14,15.9,11.6,20.9,0.0,10.2,11.910872222222222
NL-ZH,2023-09-15,16.8,12.2,21.6,0.0,11.2,11.404702777777779
NL-ZH,2023-09-16,18.7,12.8,24.4,0.9,14.8,11.31436111111111
NL-ZH,2023-09-17,18.4,15.6,22.3,14.9,15.6,2.6952555555555557
NL-ZH,2023-09-18,18.9,16.1,21.8,10.3,31.4,9.176147222222221
NL-ZH,2023-09-19,16.8,15.2,18.8,1.2,41.3,2.325872222222222
NL-ZH,2023-09-20,18.8,16.6,20.9,0.1,36.0,7.072991666666667
NL-ZH,2023-09-21,17.0,13.7,20.9,19.0,28.8,0.0
NL-ZH,2023-09-22,13.3,12.1,15.5,5.7,24.0,6.111633333333334
NL-ZH,2023-09-23,13.6,11.7,16.3,3.4,20.5,11.029727777777778
NL-ZH,2023-09-24,14.5,10.1,19.1,0.0,20.9,11.049505555555555
NL-ZH,2023-09-25,16.3,12.8,20.5,0.0,20.2,9.131783333333333
NL-ZH,2023-09-26,17.1,13.1,21.8,0.0,14.5,8.760808333333333
NL-ZH,2023-09-27,17.9,13.9,22.4,0.0,20.3,5.272083333333334
NL-ZH,2023-09-28,18.0,15.6,20.0,0.2,23.6,8.544047222222222
NL-ZH,2023-09-29,17.4,14.0,20.3,0.8,25.8,8.143097222222222
NL-ZH,2023-09-30,15.3,12.7,18.8,0.2,15.5,10.30196111111111
NL-ZH,2023-10-01,17.3,13.7,22.4,0.0,16.8,10.625297222222223
NL-ZH,2023-10-02,18.8,15.5,23.3,0.0,18.1,9.358730555555555
NL-ZH,2023-10-03,17.1,14.6,21.1,1.5,34.3,4.0
NL-ZH,2023-10-04,15.4,12.8,17.1,0.4,24.1,9.675855555555556
NL-ZH,2023-10-05,15.6,13.9,18.0,0.7,19.7,5.495561111111111
NL-ZH,2023-10-06,16.0,13.1,19.8,0.0,28.9,10.634472222222222
NL-ZH,2023-10-07,18.0,16.1,19.8,0.0,29.2,7.5046
NL-ZH,2023-10-08,17.4,14.7,19.9,0.0,15.8,7.233327777777777
NL-ZH,2023-10-09,17.2,14.2,20.3,1.3,17.5,5.843952777777778
NL-ZH,2023-10-10,16.9,13.3,21.6,0.0,23.4,9.246119444444444
NL-ZH,2023-10-11,18.0,16.0,20.5,0.3,31.1,4.004236111111111
NL-ZH,2023-10-12,16.7,15.7,18.0,18.1,22.9,3.015686111111111
NL-ZH,2023-10-13,18.2,16.5,22.2,17.8,33.4,1.7096027777777778
NL-ZH,2023-10-14,12.5,9.5,16.0,6.3,25.7,10.594219444444445
NL-ZH,2023-10-15,9.3,7.8,11.2,4.2,21.6,9.641088888888888
NL-ZH,2023-10-16,9.8,6.6,13.2,0.0,10.4,6.223136111111112
NL-ZH,2023-10-17,9.4,7.3,12.8,0.0,21.2,9.651055555555557
NL-ZH,2023-10-18,10.1,6.9,13.8,5.8,25.6,5.821902777777777
NL-ZH,2023-10-19,15.3,12.5,17.8,3.0,24.0,5.32205
NL-ZH,2023-10-20,13.3,10.7,14.3,19.4,23.8,0.0
NL-ZH,2023-10-21,13.2,12.4,14.8,4.5,31.7,5.415658333333333
NL-ZH,2023-10-22,12.3,9.6,14.7,3.7,29.2,7.730644444444445
NL-ZH,2023-10-23,10.7,6.6,13.8,3.0,18.9,4.833786111111111
NL-ZH,2023-10-24,11.5,10.5,13.2,8.9,24.2,3.119955555555556
NL-ZH,2023-10-25,10.0,8.5,11.1,7.9,16.7,0.0
NL-ZH,2023-10-26,9.1,6.5,11.8,0.6,15.9,2.2384138888888887
NL-ZH,2023-10-27,10.7,9.6,12.9,10.4,15.5,1.4282555555555556
NL-ZH,2023-10-28,11.2,9.2,14.2,5.8,28.9,7.7697972222222225
NL-ZH,2023-10-29,12.7,11.4,14.7,16.6,35.3,7.4032583333333335
NL-ZH,2023-10-30,11.3,10.0,13.7,5.7,24.7,1.7825444444444445
NL-ZH,2023-10-31,11.0,9.9,13.1,8.9,18.5,5.8547472222222225
NL-ZH,2023-11-01,11.8,10.0,14.4,5.5,30.7,1.0
NL-ZH,2023-11-02,10.7,8.5,12.7,9.9,50.4,1.475025
NL-ZH,2023-11-03,9.7,8.3,11.5,25.1,38.2,7.729611111111111
NL-ZH,2023-11-04,8.9,7.2,10.3,4.5,29.7,1.983011111111111
NL-ZH,2023-11-05,10.1,8.3,11.8,5.3,33.1,6.0
NL-ZH,2023-11-06,9.7,8.8,11.3,1.6,29.5,7.021477777777777
NL-ZH,2023-11-07,9.4,7.4,11.5,1.3,26.5,8.966908333333333
NL-ZH,2023-11-08,9.3,7.6,10.8,13.7,32.5,0.6468555555555555
NL-ZH,2023-11-09,9.6,7.5,11.2,9.7,28.2,3.5838166666666664
NL-ZH,2023-11-10,7.8,6.8,9.7,4.5,25.4,0.8982277777777777
NL-ZH,2023-11-11,7.7,5.3,9.9,1.9,18.1,8.546572222222222
NL-ZH,2023-11-12,6.6,4.7,9.1,0.0,12.1,5.537886111111111
NL-ZH,2023-11-13,10.2,5.7,15.0,7.4,37.8,2.8067555555555557
NL-ZH,2023-11-14,11.6,9.9,13.1,7.3,38.1,3.9058249999999997
NL-ZH,2023-11-15,10.4,9.3,11.6,3.9,26.4,8.306316666666667
NL-ZH,2023-11-16,8.0,5.4,9.7,2.7,21.8,0.0
NL-ZH,2023-11-17,6.2,4.2,9.3,0.6,10.7,5.190277777777778
NL-ZH,2023-11-18,8.3,5.8,13.4,10.3,28.1,0.0
NL-ZH,2023-11-19,12.5,11.6,13.7,4.0,32.7,7.760988888888889
NL-ZH,2023-11-20,10.1,6.6,12.4,1.5,28.7,6.4567
NL-ZH,2023-11-21,8.4,5.2,10.7,0.1,17.8,2.9226472222222224
NL-ZH,2023-11-22,5.2,2.1,9.9,0.1,20.7,0.8858805555555556
NL-ZH,2023-11-23,11.6,10.3,12.8,0.6,32.4,2.1925222222222223
NL-ZH,2023-11-24,7.6,5.7,10.8,3.3,38.0,4.665547222222223
NL-ZH,2023-11-25,6.5,5.4,8.1,4.5,32.3,6.398155555555555
NL-ZH,2023-11-26,5.7,4.5,7.3,2.4,18.1,0.0
NL-ZH,2023-11-27,5.4,2.7,7.6,18.5,25.8,0.0
NL-ZH,2023-11-28,2.4,-0.2,4.1,0.7,24.7,6.1454305555555555
NL-ZH,2023-11-29,3.2,-0.2,4.6,2.3,26.0,7.019722222222223
NL-ZH,2023-11-30,0.1,-1.4,2.1,2.0,9.9,4.373547222222222
NL-ZH,2023-12-01,-1.2,-3.7,1.4,0.0,13.0,5.285233333333333
NL-ZH,2023-12-02,-1.0,-4.5,3.2,0.7,14.3,7.0
NL-ZH,2023-12-03,0.3,-1.4,1.6,4.1,23.3,0.0
NL-ZH,2023-12-04,2.7,2.0,4.0,4.3,23.3,0.0
NL-ZH,2023-12-05,2.5,2.1,2.9,2.2,18.0,0.0
NL-ZH,2023-12-06,3.3,-0.3,6.9,0.3,10.6,7.057341666666667
NL-ZH,2023-12-07,1.6,-0.4,3.8,0.0,23.0,4.192283333333333
NL-ZH,2023-12-08,5.4,1.8,8.8,2.6,20.1,0.9544111111111111
NL-ZH,2023-12-09,7.5,5.5,11.0,7.1,35.3,0.0
NL-ZH,2023-12-10,9.7,8.5,11.1,1.1,46.4,4.172377777777777
NL-ZH,2023-12-11,9.3,7.9,10.1,3.1,40.3,3.343
NL-ZH,2023-12-12,7.3,4.2,10.0,15.4,17.7,0.21559999999999999
NL-ZH,2023-12-13,7.4,6.2,9.2,1.4,18.0,2.3143694444444445
NL-ZH,2023-12-14,5.5,4.5,6.9,0.1,15.7,0.03979166666666667
NL-ZH,2023-12-15,6.8,5.3,9.6,0.0,14.5,7.0
NL-ZH,2023-12-16,7.9,4.5,10.5,0.0,22.3,0.0
NL-ZH,2023-12-17,8.4,5.8,10.4,0.0,23.6,6.071272222222222
NL-ZH,2023-12-18,7.4,5.4,9.7,0.0,25.4,0.20923055555555556
NL-ZH,2023-12-19,8.9,7.6,9.8,18.7,28.3,0.0
NL-ZH,2023-12-20,8.0,6.5,9.9,3.0,32.2,3.579213888888889
NL-ZH,2023-12-21,10.0,7.3,11.6,6.6,42.9,3.462713888888889
NL-ZH,2023-12-22,8.6,7.2,10.1,3.8,34.4,0.0
NL-ZH,2023-12-23,9.4,7.8,10.8,2.8,36.0,0.20559166666666667
NL-ZH,2023-12-24,10.7,9.2,11.7,9.2,36.5,0.0
NL-ZH,2023-12-25,11.1,10.8,11.9,10.8,33.6,1.5495750000000001
NL-ZH,2023-12-26,8.5,4.5,11.0,5.8,34.5,7.0
NL-ZH,2023-12-27,7.6,4.7,9.9,4.5,32.8,0.0
NL-ZH,2023-12-28,10.5,10.1,11.4,0.7,36.7,3.7155416666666667
NL-ZH,2023-12-29,9.3,8.4,10.7,11.2,36.9,3.731491666666667
NL-ZH,2023-12-30,8.0,6.5,9.4,0.2,28.6,3.8946444444444444
NL-ZH,2023-12-31,8.8,7.7,10.0,4.2,34.0,3.8435222222222225
NL-ZH,2024-01-01,7.4,6.1,8.4,2.5,36.4,7.169997222222222
NL-ZH,2024-01-02,10.2,7.1,12.1,19.5,49.4,0.0
NL-ZH,2024-01-03,9.0,7.7,10.1,7.2,44.6,3.9491972222222222
NL-ZH,2024-01-04,7.7,6.5,8.9,6.4,19.4,2.8125333333333336
NL-ZH,2024-01-05,7.4,6.4,8.5,6.7,25.6,0.27955555555555556
NL-ZH,2024-01-06,4.6,3.2,6.5,0.1,18.9,0.0
NL-ZH,2024-01-07,0.7,-2.0,2.7,0.0,24.0,5.241994444444445
NL-ZH,2024-01-08,-1.6,-3.1,0.2,0.0,28.7,3.7169444444444446
NL-ZH,2024-01-09,-3.5,-5.4,-1.2,0.0,22.1,7.7397638888888896
NL-ZH,2024-01-10,-3.3,-5.1,-0.2,0.0,17.1,7.763019444444444
NL-ZH,2024-01-11,-1.7,-5.3,2.5,0.0,10.5,4.0
NL-ZH,2024-01-12,3.1,0.1,6.3,0.0,9.0,1.927527777777778
NL-ZH,2024-01-13,4.4,3.5,5.5,0.3,19.9,0.0
NL-ZH,2024-01-14,3.9,2.3,5.1,2.6,23.3,4.285308333333333
NL-ZH,2024-01-15,2.4,1.5,3.7,2.8,25.3,6.067686111111111
NL-ZH,2024-01-16,1.2,-1.6,3.2,1.0,22.7,2.1147722222222223
NL-ZH,2024-01-17,-1.5,-2.9,0.1,0.0,17.8,0.0
NL-ZH,2024-01-18,-0.9,-3.6,4.7,0.0,17.1,7.967330555555556
NL-ZH,2024-01-19,1.3,-0.5,5.1,0.4,20.1,7.995505555555556
NL-ZH,2024-01-20,-0.4,-1.5,1.7,0.0,22.2,6.028436111111111
NL-ZH,2024-01-21,3.5,-1.0,6.8,0.3,38.9,0.19409444444444446
NL-ZH,2024-01-22,9.3,7.2,11.2,5.3,46.9,6.0
NL-ZH,2024-01-23,7.6,5.0,11.8,5.1,41.2,4.0
NL-ZH,2024-01-24,10.0,8.1,12.4,0.6,48.5,5.565247222222222
NL-ZH,2024-01-25,6.8,3.3,9.7,0.3,20.6,0.0
NL-ZH,2024-01-26,8.5,4.5,10.8,3.3,35.4,6.767397222222223
NL-ZH,2024-01-27,3.9,1.6,7.5,0.0,13.9,7.02398611111111
NL-ZH,2024-01-28,4.2,0.2,9.7,0.0,18.0,8.033283333333333
NL-ZH,2024-01-29,6.6,4.0,10.7,0.0,16.0,5.283477777777778
NL-ZH,2024-01-30,8.2,5.7,10.4,0.9,32.2,0.0
NL-ZH,2024-01-31,6.1,3.3,7.8,0.0,28.1,3.4864249999999997
NL-ZH,2024-02-01,6.7,4.2,9.2,4.2,30.8,8.220194444444445
NL-ZH,2024-02-02,7.4,4.0,9.8,0.0,29.3,1.0969361111111111
NL-ZH,2024-02-03,9.6,8.7,11.1,0.2,25.0,2.8285222222222224
NL-ZH,2024-02-04,10.0,9.2,11.3,1.7,34.3,0.20666944444444443
NL-ZH,2024-02-05,9.1,7.5,10.4,0.0,47.9,5.8598
NL-ZH,2024-02-06,10.1,9.4,11.5,2.4,41.4,2.390541666666667
NL-ZH,2024-02-07,5.8,2.7,9.8,13.7,36.7,4.061705555555555
NL-ZH,2024-02-08,3.4,0.5,9.9,14.0,22.0,0.0
NL-ZH,2024-02-09,10.7,9.4,13.2,7.7,27.9,7.403361111111111
NL-ZH,2024-02-10,9.9,8.0,12.8,0.6,16.9,1.2480055555555554
NL-ZH,2024-02-11,8.5,6.3,9.9,5.5,17.1,1.1186972222222222
NL-ZH,2024-02-12,6.5,4.6,8.6,0.4,19.6,9.232038888888887
NL-ZH,2024-02-13,6.1,3.5,9.1,2.2,23.5,5.515038888888888
NL-ZH,2024-02-14,10.7,8.1,12.2,8.8,30.2,0.0
NL-ZH,2024-02-15,12.7,11.3,16.0,4.1,20.9,3.112422222222222
NL-ZH,2024-02-16,11.2,8.5,12.8,0.2,21.1,3.403225
NL-ZH,2024-02-17,9.3,5.7,12.3,0.0,14.5,7.584525
NL-ZH,2024-02-18,9.3,8.6,10.6,17.4,27.7,0.0
NL-ZH,2024-02-19,8.5,6.9,10.6,0.6,25.5,3.9729916666666667
NL-ZH,2024-02-20,8.4,6.2,10.9,0.7,32.0,2.685211111111111
NL-ZH,2024-02-21,9.2,8.6,10.5,6.3,32.7,0.0
NL-ZH,2024-02-22,10.0,5.9,13.6,9.5,42.4,2.342063888888889
NL-ZH,2024-02-23,5.5,3.4,8.7,7.0,38.7,5.0
NL-ZH,2024-02-24,4.6,2.5,7.0,2.4,23.7,3.9570444444444446
NL-ZH,2024-02-25,6.0,3.6,9.3,1.9,20.6,8.332036111111112
NL-ZH,2024-02-26,5.1,3.7,6.5,5.5,30.8,0.0
NL-ZH,2024-02-27,4.5,2.0,9.3,0.0,19.5,10.0
NL-ZH,2024-02-28,6.3,2.7,9.4,0.6,21.6,0.0
NL-ZH,2024-02-29,8.1,7.1,9.4,5.7,24.2,0.0
NL-ZH,2024-03-01,7.5,5.1,9.5,4.4,31.3,5.604936111111111
NL-ZH,2024-03-02,7.9,4.2,11.7,5.5,33.6,6.0705833333333326
NL-ZH,2024-03-03,8.9,6.2,13.2,2.4,22.1,5.07473888888889
NL-ZH,2024-03-04,7.3,4.3,10.9,0.1,16.9,9.021838888888889
NL-ZH,2024-03-05,5.2,1.8,8.5,1.2,7.9,0.0
NL-ZH,2024-03-06,5.9,1.6,11.3,0.1,8.5,8.164027777777777
NL-ZH,2024-03-07,5.9,2.9,9.5,0.0,24.2,7.078975000000001
NL-ZH,2024-03-08,5.6,1.2,10.2,0.0,27.7,10.892347222222222
NL-ZH,2024-03-09,8.6,4.3,13.7,0.1,24.6,7.184833333333334
NL-ZH,2024-03-10,9.7,7.0,13.1,0.0,20.8,3.217072222222222
NL-ZH,2024-03-11,7.4,5.9,8.9,8.4,11.4,0.0
NL-ZH,2024-03-12,8.4,6.9,10.8,4.1,19.3,4.104097222222222
NL-ZH,2024-03-13,10.9,8.3,12.4,2.4,31.1,0.0
NL-ZH,2024-03-14,12.0,7.6,16.3,0.0,19.5,9.772430555555555
NL-ZH,2024-03-15,12.4,10.3,14.7,1.9,31.8,8.670427777777778
NL-ZH,2024-03-16,8.5,4.6,10.1,0.9,23.9,8.274941666666667
NL-ZH,2024-03-17,9.5,5.5,13.4,2.6,19.3,2.0335444444444444
NL-ZH,2024-03-18,10.5,6.6,13.7,0.1,17.3,9.013105555555555
NL-ZH,2024-03-19,10.5,7.5,15.6,0.0,20.2,8.196972222222222
NL-ZH,2024-03-20,11.2,7.2,16.7,2.0,8.8,9.582127777777778
NL-ZH,2024-03-21,9.5,7.7,11.6,0.0,15.8,2.3219805555555553
NL-ZH,2024-03-22,9.7,7.8,10.8,4.4,24.4,0.0
NL-ZH,2024-03-23,6.8,5.5,8.5,1.0,32.1,11.930255555555554
NL-ZH,2024-03-24,6.6,4.9,8.1,10.6,32.7,5.667061111111111
NL-ZH,2024-03-25,7.3,2.6,11.5,0.1,16.8,11.541797222222222
NL-ZH,2024-03-26,9.1,4.4,13.3,0.9,18.9,11.270791666666666
NL-ZH,2024-03-27,9.7,7.5,11.6,1.0,22.5,8.538122222222222
NL-ZH,2024-03-28,8.6,6.2,11.5,3.3,32.0,6.003894444444445
NL-ZH,2024-03-29,10.8,8.1,13.6,0.8,30.9,11.017572222222222
NL-ZH,2024-03-30,9.0,5.7,10.5,4.4,18.1,1.0770388888888889
NL-ZH,2024-03-31,9.4,4.6,14.8,3.1,21.3,5.089861111111111
NL-ZH,2024-04-01,9.8,7.2,13.1,0.0,23.7,6.105697222222222
NL-ZH,2024-04-02,9.4,7.2,12.0,1.2,29.8,5.512505555555555
NL-ZH,2024-04-03,10.8,9.4,13.4,8.3,30.3,3.6933499999999997
NL-ZH,2024-04-04,11.5,8.8,13.8,8.7,38.8,8.717513888888888
NL-ZH,2024-04-05,13.4,11.6,16.5,3.5,32.7,5.0
NL-ZH,2024-04-06,17.0,12.5,23.0,0.0,27.6,9.974580555555555
NL-ZH,2024-04-07,15.6,12.9,18.8,4.6,31.2,11.300022222222223
NL-ZH,2024-04-08,14.0,10.2,17.5,6.4,14.2,9.297711111111111
NL-ZH,2024-04-09,11.4,9.6,13.9,1.4,43.7,6.059030555555555
NL-ZH,2024-04-10,11.0,7.2,14.2,0.0,27.8,12.97643888888889
NL-ZH,2024-04-11,13.0,11.1,14.9,2.2,24.7,0.0
NL-ZH,2024-04-12,15.0,11.8,18.5,0.0,29.8,10.902897222222222
NL-ZH,2024-04-13,15.9,12.2,21.3,0.0,28.2,10.876563888888889
NL-ZH,2024-04-14,11.5,9.5,13.4,0.0,20.6,7.234822222222222
NL-ZH,2024-04-15,8.8,7.5,10.7,8.0,43.4,8.019130555555556
NL-ZH,2024-04-16,8.1,6.1,9.9,12.5,35.6,8.772558333333333
NL-ZH,2024-04-17,6.6,4.1,8.8,6.2,20.7,13.089108333333334
NL-ZH,2024-04-18,7.0,2.9,10.7,2.0,18.9,10.096183333333334
NL-ZH,2024-04-19,8.6,6.5,10.8,12.4,35.6,9.0
NL-ZH,2024-04-20,7.1,5.1,9.3,2.0,30.3,10.037233333333333
NL-ZH,2024-04-21,6.7,4.3,10.5,3.0,30.0,13.383030555555557
NL-ZH,2024-04-22,6.0,2.5,9.9,0.9,19.4,12.259919444444444
NL-ZH,2024-04-23,5.6,0.1,10.3,0.9,20.0,10.0
NL-ZH,2024-04-24,6.6,4.5,9.2,3.5,27.1,13.062444444444445
NL-ZH,2024-04-25,6.3,3.3,9.8,3.9,23.2,7.207136111111111
NL-ZH,2024-04-26,8.2,5.0,11.7,3.0,13.8,13.653072222222221
NL-ZH,2024-04-27,10.1,5.2,14.9,8.7,16.6,7.010808333333333
NL-ZH,2024-04-28,12.4,7.9,15.5,0.4,38.5,9.297677777777778
NL-ZH,2024-04-29,11.8,6.3,17.4,0.3,19.8,12.662605555555555
NL-ZH,2024-04-30,15.1,10.6,20.2,3.4,14.7,12.651577777777778
NL-ZH,2024-05-01,17.1,12.3,21.9,0.2,17.5,14.191516666666667
NL-ZH,2024-05-02,16.5,12.4,22.4,0.2,20.8,14.029858333333333
NL-ZH,2024-05-03,11.6,9.0,13.2,10.5,28.5,2.074036111111111
NL-ZH,2024-05-04,11.0,6.9,16.0,6.0,14.9,9.347591666666666
NL-ZH,2024-05-05,12.4,8.8,16.3,3.8,11.5,13.27608888888889
NL-ZH,2024-05-06,14.1,9.7,18.4,0.1,16.4,7.535466666666666
NL-ZH,2024-05-07,13.5,10.2,17.9,0.7,20.4,14.357211111111111
NL-ZH,2024-05-08,12.0,9.7,14.3,0.9,15.9,1.7786805555555556
NL-ZH,2024-05-09,12.2,7.0,16.9,0.0,10.7,12.938677777777777
NL-ZH,2024-05-10,14.6,8.0,20.0,0.0,13.0,14.964630555555555
NL-ZH,2024-05-11,16.2,10.9,21.7,0.0,17.1,14.991272222222223
NL-ZH,2024-05-12,18.5,13.0,24.2,0.0,21.1,14.625119444444444
NL-ZH,2024-05-13,18.6,15.0,22.5,0.4,16.2,13.697908333333334
NL-ZH,2024-05-14,19.1,15.1,24.8,0.9,21.6,14.166230555555556
NL-ZH,2024-05-15,15.7,13.3,19.5,6.1,10.5,5.277911111111111
NL-ZH,2024-05-16,15.2,12.4,18.6,13.3,20.1,6.950166666666666
NL-ZH,2024-05-17,14.1,11.3,17.1,1.1,22.1,10.06573611111111
NL-ZH,2024-05-18,16.4,11.8,21.9,1.4,11.5,15.0
NL-ZH,2024-05-19,16.2,12.2,20.4,3.8,19.5,15.0
NL-ZH,2024-05-20,15.2,12.5,17.7,6.2,16.8,11.368025
NL-ZH,2024-05-21,16.5,12.4,22.4,4.4,12.7,7.637819444444445
NL-ZH,2024-05-22,15.7,13.6,18.7,11.8,26.0,11.28662222222222
NL-ZH,2024-05-23,15.3,12.6,18.4,1.2,23.3,13.675158333333334
NL-ZH,2024-05-24,14.2,11.5,19.0,19.0,17.9,4.71995
NL-ZH,2024-05-25,14.9,12.8,17.7,16.2,18.7,9.838286111111112
NL-ZH,2024-05-26,15.3,11.8,20.0,7.1,18.8,8.114902777777779
NL-ZH,2024-05-27,14.3,11.7,16.8,0.8,20.5,12.074133333333332
NL-ZH,2024-05-28,13.9,10.1,18.6,3.5,22.9,8.9116
NL-ZH,2024-05-29,15.2,12.9,16.8,13.5,24.9,13.146352777777778
NL-ZH,2024-05-30,13.9,11.7,16.1,2.5,19.7,11.52831111111111
NL-ZH,2024-05-31,14.8,12.3,18.4,5.5,25.3,11.510533333333333
NL-ZH,2024-06-01,14.9,13.5,16.0,3.7,28.3,0.18100833333333333
NL-ZH,2024-06-02,13.9,11.9,16.2,0.3,22.0,11.472388888888888
NL-ZH,2024-06-03,13.7,8.1,17.4,0.0,9.4,9.091005555555554
NL-ZH,2024-06-04,16.0,12.9,19.7,3.7,24.0,7.458669444444444
NL-ZH,2024-06-05,13.0,10.0,15.1,1.8,23.6,15.602205555555557
NL-ZH,2024-06-06,13.2,9.7,16.5,0.2,16.2,13.013302777777778
NL-ZH,2024-06-07,13.5,9.4,17.4,2.4,18.4,13.879113888888888
NL-ZH,2024-06-08,13.4,10.1,16.8,1.2,25.1,12.531797222222222
NL-ZH,2024-06-09,12.8,8.7,15.7,0.0,26.0,14.262772222222223
NL-ZH,2024-06-10,11.8,10.4,14.8,18.3,42.7,4.573908333333334
NL-ZH,2024-06-11,11.8,9.4,14.2,1.1,20.0,14.742330555555556
NL-ZH,2024-06-12,11.5,9.1,13.6,1.4,19.9,13.87351111111111
NL-ZH,2024-06-13,13.7,9.8,17.2,0.6,22.2,11.302455555555554
NL-ZH,2024-06-14,14.8,12.6,17.6,3.0,28.5,5.169361111111112
NL-ZH,2024-06-15,13.9,11.6,17.5,16.2,36.8,10.9277
NL-ZH,2024-06-16,14.1,11.5,16.9,5.5,28.0,15.129219444444445
NL-ZH,2024-06-17,15.5,11.7,18.8,0.1,21.1,14.163499999999999
NL-ZH,2024-06-18,15.3,12.0,18.4,4.6,12.3,1.1408444444444443
NL-ZH,2024-06-19,15.1,12.3,18.0,0.6,18.4,15.92956388888889
NL-ZH,2024-06-20,15.1,10.1,20.7,0.8,14.3,9.479772222222222
NL-ZH,2024-06-21,15.6,13.5,19.2,3.5,17.6,1.4084333333333332
NL-ZH,2024-06-22,16.1,13.4,19.0,1.1,20.9,15.977041666666667
NL-ZH,2024-06-23,17.4,13.2,22.7,0.1,15.0,15.978302777777778
NL-ZH,2024-06-24,17.6,11.6,24.8,0.0,15.6,15.489297222222223
NL-ZH,2024-06-25,21.1,15.5,26.7,0.0,16.3,15.978399999999999
NL-ZH,2024-06-26,22.8,17.5,27.9,0.0,12.6,15.977230555555556
NL-ZH,2024-06-27,21.2,17.7,25.5,0.0,21.7,15.408016666666667
NL-ZH,2024-06-28,16.9,13.9,19.1,0.1,24.5,15.972430555555556
NL-ZH,2024-06-29,17.5,11.8,23.0,0.2,16.7,12.698288888888888
NL-ZH,2024-06-30,17.3,14.4,19.8,1.5,17.1,10.296819444444445
NL-ZH,2024-07-01,15.4,12.8,18.2,0.8,20.5,15.804494444444444
NL-ZH,2024-07-02,15.0,12.8,15.9,4.3,20.1,4.235108333333333
NL-ZH,2024-07-03,13.8,11.9,16.7,11.1,18.8,2.1810944444444442
NL-ZH,2024-07-04,15.6,14.1,16.8,12.8,28.2,12.979363888888889
NL-ZH,2024-07-05,15.7,13.7,17.7,5.2,29.4,1.0682694444444445
NL-ZH,2024-07-06,16.0,12.3,18.4,5.8,41.4,11.025472222222222
NL-ZH,2024-07-07,13.9,11.5,16.1,9.4,24.1,7.950786111111111
NL-ZH,2024-07-08,16.0,12.3,19.3,0.3,17.0,10.430716666666667
NL-ZH,2024-07-09,19.2,15.0,26.7,7.4,21.5,7.481902777777777
NL-ZH,2024-07-10,18.1,15.6,20.6,1.4,23.5,12.715155555555555
NL-ZH,2024-07-11,16.8,13.9,19.6,0.4,18.7,14.0
NL-ZH,2024-07-12,14.4,13.1,15.7,12.4,20.9,0.0
NL-ZH,2024-07-13,14.5,13.4,16.2,6.4,23.8,3.989813888888889
NL-ZH,2024-07-14,16.0,12.4,19.7,0.3,22.6,13.416927777777778
NL-ZH,2024-07-15,18.5,12.7,23.8,4.8,14.0,11.754147222222223
NL-ZH,2024-07-16,17.6,16.0,19.3,6.6,25.5,14.332658333333333
NL-ZH,2024-07-17,17.6,14.4,20.9,1.2,18.4,13.503725000000001
NL-ZH,2024-07-18,18.8,12.5,25.4,0.4,12.6,12.503155555555555
NL-ZH,2024-07-19,22.8,17.1,28.3,0.0,11.4,14.939222222222222
NL-ZH,2024-07-20,22.9,18.6,28.8,0.2,13.0,15.256194444444445
NL-ZH,2024-07-21,19.8,16.4,23.8,2.3,17.5,11.6517
NL-ZH,2024-07-22,18.5,13.4,23.0,0.1,21.1,9.489833333333333
NL-ZH,2024-07-23,18.6,16.1,20.6,6.0,20.2,8.258530555555556
NL-ZH,2024-07-24,17.9,15.2,21.0,0.1,12.6,15.052433333333333
NL-ZH,2024-07-25,18.8,15.3,23.3,2.4,20.6,6.244772222222222
NL-ZH,2024-07-26,18.8,16.5,20.8,8.3,19.3,7.691888888888888
NL-ZH,2024-07-27,17.6,13.4,22.0,0.8,12.5,14.084808333333333
NL-ZH,2024-07-28,18.3,14.3,22.0,0.0,10.9,14.591536111111111
NL-ZH,2024-07-29,19.6,14.1,24.9,0.0,12.6,14.88635
NL-ZH,2024-07-30,22.2,16.4,28.0,0.0,11.6,14.863805555555555
NL-ZH,2024-07-31,21.2,17.3,25.6,0.0,14.5,12.132655555555555
NL-ZH,2024-08-01,19.8,17.1,23.5,7.2,13.7,5.627541666666667
NL-ZH,2024-08-02,19.9,15.4,24.9,0.2,10.7,14.298158333333333
NL-ZH,2024-08-03,20.1,17.3,22.9,1.1,24.0,13.185458333333333
NL-ZH,2024-08-04,18.3,16.0,20.4,1.0,15.8,6.651902777777777
NL-ZH,2024-08-05,19.0,15.3,22.5,0.0,14.7,14.215266666666666
NL-ZH,2024-08-06,21.1,16.7,27.3,0.0,16.0,14.340230555555555
NL-ZH,2024-08-07,19.6,17.8,21.6,0.9,20.0,13.281752777777777
NL-ZH,2024-08-08,19.8,16.1,23.1,0.1,18.7,12.481877777777779
NL-ZH,2024-08-09,20.5,17.9,22.8,2.8,27.3,9.0
NL-ZH,2024-08-10,19.3,16.6,22.0,0.0,19.8,9.822775
NL-ZH,2024-08-11,21.2,16.2,26.3,0.0,13.2,14.0
NL-ZH,2024-08-12,23.6,17.7,30.5,0.0,15.5,14.07095
NL-ZH,2024-08-13,23.0,20.2,26.2,0.3,19.7,12.590516666666668
NL-ZH,2024-08-14,20.4,17.7,24.2,3.0,13.0,7.24455
NL-ZH,2024-08-15,20.4,17.5,24.2,0.2,25.7,13.58917222222222
NL-ZH,2024-08-16,20.1,16.9,22.0,8.4,21.7,8.202380555555555
NL-ZH,2024-08-17,18.9,15.1,23.5,0.0,10.9,13.495
NL-ZH,2024-08-18,18.5,16.0,22.4,0.2,16.5,11.625072222222222
NL-ZH,2024-08-19,18.2,13.6,23.0,0.0,15.2,12.142869444444445
NL-ZH,2024-08-20,18.4,15.6,22.6,18.1,20.0,6.917544444444444
NL-ZH,2024-08-21,16.7,14.7,18.5,0.1,24.8,12.734797222222221
NL-ZH,2024-08-22,18.4,14.7,22.5,0.2,29.9,10.568766666666667
NL-ZH,2024-08-23,19.7,16.7,21.6,1.7,37.4,8.9213
NL-ZH,2024-08-24,19.3,15.7,25.1,8.1,34.5,6.388547222222222
NL-ZH,2024-08-25,16.6,13.8,19.4,1.8,24.4,13.215238888888889
NL-ZH,2024-08-26,17.1,14.6,20.7,0.2,23.7,12.689675000000001
NL-ZH,2024-08-27,17.9,13.1,23.4,0.0,11.2,13.14341111111111
NL-ZH,2024-08-28,20.3,13.3,27.5,0.0,12.8,13.055008333333333
NL-ZH,2024-08-29,19.6,15.8,22.9,0.0,15.0,13.0
NL-ZH,2024-08-30,17.6,13.5,22.3,0.0,19.9,11.119530555555555
NL-ZH,2024-08-31,18.7,14.8,23.1,1.4,24.4,12.0
NL-ZH,2024-09-01,22.0,16.3,28.4,0.0,17.8,12.994044444444445
NL-ZH,2024-09-02,22.3,18.2,27.5,3.1,16.1,12.96716111111111
NL-ZH,2024-09-03,19.5,18.1,21.8,2.7,14.7,2.9111305555555553
NL-ZH,2024-09-04,18.2,15.4,20.8,2.7,10.4,5.159891666666667
NL-ZH,2024-09-05,20.6,15.3,26.8,0.2,25.8,9.884174999999999
NL-ZH,2024-09-06,21.2,18.1,24.7,0.9,17.7,8.859841666666666
NL-ZH,2024-09-07,19.6,14.2,25.5,0.1,12.3,11.624608333333333
NL-ZH,2024-09-08,18.7,16.5,20.8,4.9,22.9,11.433444444444445
NL-ZH,2024-09-09,16.9,14.4,20.4,2.0,27.2,9.72792222222222
NL-ZH,2024-09-10,15.3,14.4,16.8,9.9,32.3,2.8311444444444445
NL-ZH,2024-09-11,12.0,9.4,15.2,19.8,29.9,11.369341666666665
NL-ZH,2024-09-12,10.7,8.2,14.3,4.0,14.8,11.827661111111112
NL-ZH,2024-09-13,12.1,8.7,16.2,0.0,19.9,12.103308333333334
NL-ZH,2024-09-14,12.9,8.7,17.3,0.1,11.8,11.45868611111111
NL-ZH,2024-09-15,13.9,9.9,18.2,0.0,13.6,11.558263888888888
NL-ZH,2024-09-16,15.4,12.2,19.1,0.7,20.5,9.35788611111111
NL-ZH,2024-09-17,15.8,12.5,19.3,0.2,25.5,7.687444444444444
NL-ZH,2024-09-18,16.8,13.0,21.6,0.0,19.9,11.671044444444446
NL-ZH,2024-09-19,17.9,14.6,22.4,0.0,18.9,11.435205555555555
NL-ZH,2024-09-20,17.5,14.0,22.3,0.0,18.6,11.571866666666667
NL-ZH,2024-09-21,17.6,12.8,23.2,0.0,13.7,11.213161111111111
NL-ZH,2024-09-22,17.6,13.5,23.2,0.3,14.5,8.296866666666666
NL-ZH,2024-09-23,16.7,14.5,20.0,8.5,19.2,10.0
NL-ZH,2024-09-24,14.6,12.1,18.4,3.1,21.9,8.032594444444445
NL-ZH,2024-09-25,14.3,13.2,16.1,7.1,20.4,2.582766666666666
NL-ZH,2024-09-26,15.5,13.5,19.0,20.7,33.5,10.00488611111111
NL-ZH,2024-09-27,12.8,12.1,13.8,15.3,37.6,0.22955833333333334
NL-ZH,2024-09-28,11.1,8.5,13.5,4.4,21.9,11.0
NL-ZH,2024-09-29,10.3,6.5,14.0,0.0,20.5,7.7596694444444445
NL-ZH,2024-09-30,11.9,8.6,15.0,12.4,29.9,1.0
NL-ZH,2024-10-01,13.4,11.5,14.8,5.8,31.2,0.7447027777777777
NL-ZH,2024-10-02,11.5,8.1,13.8,0.4,20.3,0.6185527777777777
NL-ZH,2024-10-03,10.6,6.8,14.4,0.0,22.1,11.0
NL-ZH,2024-10-04,9.3,4.9,14.5,0.0,10.3,11.0
NL-ZH,2024-10-05,9.5,4.2,14.9,0.0,13.2,11.0
NL-ZH,2024-10-06,11.0,6.9,15.4,0.1,22.8,7.408502777777778
NL-ZH,2024-10-07,15.0,13.1,17.8,6.4,22.6,10.0
NL-ZH,2024-10-08,15.2,13.9,17.3,0.6,22.0,9.493838888888888
NL-ZH,2024-10-09,13.8,12.4,16.5,3.3,24.3,1.5261638888888889
NL-ZH,2024-10-10,12.2,9.4,14.2,5.2,24.3,6.665955555555556
NL-ZH,2024-10-11,9.3,6.7,12.3,0.9,11.2,8.596547222222222
NL-ZH,2024-10-12,9.3,6.0,13.4,1.7,26.6,2.764186111111111
NL-ZH,2024-10-13,10.7,8.5,12.7,1.3,30.1,7.617333333333334
NL-ZH,2024-10-14,8.0,5.2,10.5,4.9,10.3,3.7315027777777776
NL-ZH,2024-10-15,9.4,5.5,14.3,0.0,21.1,4.8662222222222224
NL-ZH,2024-10-16,15.8,10.8,21.2,0.0,21.9,9.077519444444444
NL-ZH,2024-10-17,16.8,13.3,19.2,2.0,25.5,5.666830555555555
NL-ZH,2024-10-18,14.9,12.5,18.6,4.2,11.6,6.114072222222222
NL-ZH,2024-10-19,14.4,13.0,16.5,2.3,22.1,3.6132833333333334
NL-ZH,2024-10-20,15.4,13.2,18.0,1.2,34.3,2.3944166666666664
NL-ZH,2024-10-21,14.4,12.5,17.4,5.0,26.5,0.0
NL-ZH,2024-10-22,12.2,9.6,15.2,7.4,21.8,9.258558333333333
NL-ZH,2024-10-23,11.8,9.2,15.8,0.3,12.7,9.18233888888889
NL-ZH,2024-10-24,10.7,7.3,14.1,0.0,13.5,9.297069444444444
NL-ZH,2024-10-25,13.6,10.2,18.8,2.0,12.2,8.0
NL-ZH,2024-10-26,13.8,10.5,19.3,0.0,13.0,8.260380555555555
NL-ZH,2024-10-27,13.3,9.9,15.3,0.3,13.8,9.0
NL-ZH,2024-10-28,12.1,9.6,15.5,1.3,26.3,0.47942222222222225
NL-ZH,2024-10-29,13.4,12.3,14.5,1.7,17.7,0.0
NL-ZH,2024-10-30,12.9,11.3,14.8,0.6,6.7,5.568802777777777
NL-ZH,2024-10-31,10.7,9.1,14.9,0.0,8.6,4.5803
NL-ZH,2024-11-01,10.7,8.8,13.2,0.1,16.3,0.0
NL-ZH,2024-11-02,11.6,10.3,12.9,0.0,14.2,2.69015
NL-ZH,2024-11-03,8.0,4.5,12.1,0.0,10.1,9.0
NL-ZH,2024-11-04,8.0,5.6,12.3,0.0,13.8,8.1781
NL-ZH,2024-11-05,7.1,3.7,10.1,0.0,8.7,8.577019444444444
NL-ZH,2024-11-06,9.4,7.3,11.6,0.0,6.8,0.9019916666666666
NL-ZH,2024-11-07,7.6,6.3,9.7,0.0,14.9,0.2564138888888889
NL-ZH,2024-11-08,5.6,5.0,6.4,0.0,14.9,0.27159444444444447
NL-ZH,2024-11-09,6.8,5.4,8.2,0.2,7.9,0.0
NL-ZH,2024-11-10,8.4,6.9,10.8,0.2,11.2,0.6684166666666668
NL-ZH,2024-11-11,10.0,6.1,12.5,3.9,25.5,8.414569444444444
NL-ZH,2024-11-12,9.0,6.3,10.6,0.0,24.3,4.963916666666666
NL-ZH,2024-11-13,8.5,5.6,11.9,0.1,8.2,2.928447222222222
NL-ZH,2024-11-14,10.7,9.3,11.7,0.3,11.7,4.661383333333333
NL-ZH,2024-11-15,9.2,8.0,11.1,0.7,11.7,0.9428861111111111
NL-ZH,2024-11-16,9.3,7.9,11.0,1.2,17.0,3.0
NL-ZH,2024-11-17,8.4,3.6,10.5,10.4,19.7,7.391591666666667
NL-ZH,2024-11-18,6.0,4.2,8.6,6.0,17.9,6.2523583333333335
NL-ZH,2024-11-19,5.2,3.5,10.7,11.0,27.6,0.0
NL-ZH,2024-11-20,3.4,2.0,5.4,15.7,20.6,2.0309583333333334
NL-ZH,2024-11-21,3.1,1.4,5.5,2.4,18.3,6.5301277777777775
NL-ZH,2024-11-22,3.4,1.8,6.2,15.7,24.5,3.1702611111111114
NL-ZH,2024-11-23,3.9,1.3,9.4,8.4,30.5,0.0
NL-ZH,2024-11-24,14.1,9.9,17.4,1.6,30.6,6.949852777777778
NL-ZH,2024-11-25,12.6,8.6,16.6,8.5,30.4,0.0
NL-ZH,2024-11-26,7.5,5.9,8.9,4.0,18.3,2.8365
NL-ZH,2024-11-27,7.9,5.1,11.5,13.8,33.2,0.0
NL-ZH,2024-11-28,7.6,5.2,9.8,0.5,20.1,7.161030555555556
NL-ZH,2024-11-29,4.0,1.8,7.5,0.0,12.4,7.160055555555556
NL-ZH,2024-11-30,4.2,1.8,6.5,0.0,13.8,5.0
NL-ZH,2024-12-01,6.2,3.3,8.4,0.0,17.4,7.053430555555555
NL-ZH,2024-12-02,9.4,7.6,11.0,2.3,21.4,3.9297416666666667
NL-ZH,2024-12-03,6.6,4.1,8.0,0.5,16.8,7.0
NL-ZH,2024-12-04,5.2,4.3,6.3,0.3,12.0,1.685361111111111
NL-ZH,2024-12-05,7.0,4.1,10.6,14.7,29.7,0.0
NL-ZH,2024-12-06,8.5,5.4,10.8,10.8,31.0,4.460222222222222
NL-ZH,2024-12-07,7.7,5.8,9.8,9.8,30.3,4.777475
NL-ZH,2024-12-08,6.4,5.0,7.3,3.0,19.7,3.707683333333333
NL-ZH,2024-12-09,6.0,5.6,6.6,0.2,22.4,0.0
NL-ZH,2024-12-10,5.2,4.7,5.8,0.0,18.7,0.0
NL-ZH,2024-12-11,3.9,1.6,4.6,0.0,12.1,0.0
NL-ZH,2024-12-12,3.7,2.8,4.8,0.1,8.1,0.029708333333333333
NL-ZH,2024-12-13,2.2,0.7,4.0,0.0,9.8,4.341080555555555
NL-ZH,2024-12-14,4.1,1.1,6.7,1.4,17.9,0.0
NL-ZH,2024-12-15,8.2,5.4,10.5,0.2,20.3,0.0
NL-ZH,2024-12-16,10.1,9.2,10.7,0.3,21.5,0.0
NL-ZH,2024-12-17,8.2,6.7,9.4,0.1,16.7,0.0
NL-ZH,2024-12-18,10.4,6.4,13.4,0.5,30.2,0.0
NL-ZH,2024-12-19,8.5,4.7,12.7,14.2,34.5,0.0
NL-ZH,2024-12-20,6.0,4.8,7.4,1.8,20.3,6.2705
NL-ZH,2024-12-21,8.0,6.6,10.6,4.8,27.5,0.0
NL-ZH,2024-12-22,5.7,3.5,9.7,9.5,26.1,5.874172222222223
NL-ZH,2024-12-23,6.9,5.8,8.0,3.5,27.1,6.753544444444444
NL-ZH,2024-12-24,6.2,4.1,9.1,0.6,12.9,0.0
NL-ZH,2024-12-25,9.2,8.9,10.1,0.0,9.9,0.0
NL-ZH,2024-12-26,7.9,7.0,8.8,0.0,7.4,0.0
NL-ZH,2024-12-27,4.4,3.0,6.9,0.0,7.0,0.0
NL-ZH,2024-12-28,2.2,1.8,2.8,0.0,9.4,4.233186111111111
NL-ZH,2024-12-29,4.0,2.0,6.0,0.0,14.0,0.0
NL-ZH,2024-12-30,6.7,5.6,8.1,0.0,18.0,0.0
NL-ZH,2024-12-31,4.9,3.1,7.8,0.0,25.9,0.0
NL-ZH,2025-01-01,8.2,4.3,9.9,14.1,30.9,0.0
NL-ZH,2025-01-02,4.3,2.3,6.3,3.3,21.3,7.109483333333333
NL-ZH,2025-01-03,2.9,1.8,4.7,5.6,17.0,3.776536111111111
NL-ZH,2025-01-04,1.9,0.7,3.4,0.3,13.1,0.05931111111111111
NL-ZH,2025-01-05,5.0,0.4,11.6,24.3,26.9,0.0
NL-ZH,2025-01-06,9.3,3.7,12.3,5.9,36.0,0.9865361111111112
NL-ZH,2025-01-07,3.7,2.0,5.0,6.1,22.3,6.191255555555555
NL-ZH,2025-01-08,3.5,2.4,5.0,0.8,16.9,2.819572222222222
NL-ZH,2025-01-09,2.5,0.6,5.4,3.0,15.9,5.740925000000001
NL-ZH,2025-01-10,2.7,0.6,4.6,2.1,18.8,7.017166666666666
NL-ZH,2025-01-11,1.7,-0.5,4.5,0.0,9.1,7.0
NL-ZH,2025-01-12,2.5,0.9,4.8,0.0,5.8,1.4947416666666666
NL-ZH,2025-01-13,1.3,-0.6,4.4,0.0,10.2,7.853691666666667
NL-ZH,2025-01-14,2.7,-1.1,6.8,0.0,15.1,4.453672222222222
NL-ZH,2025-01-15,7.1,5.6,9.1,0.1,8.6,1.0211388888888888
NL-ZH,2025-01-16,5.2,3.0,6.9,0.0,9.9,0.0
NL-ZH,2025-01-17,2.2,0.7,3.3,0.0,10.0,0.04456944444444444
NL-ZH,2025-01-18,-0.1,-1.2,1.5,0.0,9.4,3.3242000000000003
NL-ZH,2025-01-19,-0.6,-1.5,0.4,0.0,5.8,0.0
NL-ZH,2025-01-20,-0.2,-1.0,0.8,0.0,9.2,0.0
NL-ZH,2025-01-21,0.3,-1.2,2.4,0.0,10.2,4.0
NL-ZH,2025-01-22,1.5,-0.1,3.2,6.7,10.9,0.0
NL-ZH,2025-01-23,5.0,2.1,6.5,3.1,27.7,2.8726861111111113
NL-ZH,2025-01-24,7.7,5.6,9.9,3.2,31.0,0.0
NL-ZH,2025-01-25,5.7,2.3,8.0,6.3,16.1,3.652041666666667
NL-ZH,2025-01-26,3.6,1.8,6.1,2.1,24.5,6.050016666666667
NL-ZH,2025-01-27,8.9,7.4,10.7,4.1,31.1,6.134744444444445
NL-ZH,2025-01-28,7.7,6.7,9.0,2.6,23.3,2.238366666666667
NL-ZH,2025-01-29,7.0,5.9,8.2,3.6,25.1,7.027669444444444
NL-ZH,2025-01-30,5.5,3.9,7.0,5.4,13.5,2.0
NL-ZH,2025-01-31,3.7,2.1,6.4,0.0,10.8,4.971325
NL-ZH,2025-02-01,1.8,-0.8,5.8,0.0,8.8,8.242858333333334
NL-ZH,2025-02-02,0.6,-2.1,4.3,0.0,8.2,8.567880555555556
NL-ZH,2025-02-03,1.4,-2.3,5.7,0.0,11.0,8.534852777777779
NL-ZH,2025-02-04,2.8,1.5,5.4,0.0,17.5,1.4735138888888888
NL-ZH,2025-02-05,5.1,2.9,8.6,0.0,15.5,8.015883333333333
NL-ZH,2025-02-06,3.5,1.4,6.6,0.0,14.5,4.367366666666666
NL-ZH,2025-02-07,3.1,1.5,4.7,0.0,26.2,1.1120055555555555
NL-ZH,2025-02-08,4.5,2.5,8.5,0.0,16.9,4.0
NL-ZH,2025-02-09,3.4,1.6,5.4,0.0,13.5,2.9596583333333335
NL-ZH,2025-02-10,1.7,0.3,2.8,1.7,20.2,2.5237361111111114
NL-ZH,2025-02-11,2.2,1.2,3.4,8.7,18.0,0.0
NL-ZH,2025-02-12,3.6,1.5,6.2,2.5,9.8,3.5988333333333333
NL-ZH,2025-02-13,1.5,0.3,3.0,0.0,15.6,2.9056416666666665
NL-ZH,2025-02-14,0.6,-1.8,3.4,0.0,7.6,4.930344444444445
NL-ZH,2025-02-15,0.7,-1.2,3.2,0.5,8.4,3.5719972222222225
NL-ZH,2025-02-16,0.8,-0.7,3.7,0.6,21.8,9.874758333333332
NL-ZH,2025-02-17,-0.8,-3.6,3.0,0.0,11.1,9.910819444444444
NL-ZH,2025-02-18,-0.7,-3.4,3.2,0.0,14.5,9.941658333333333
NL-ZH,2025-02-19,1.2,-1.1,4.6,0.0,15.6,6.6551
NL-ZH,2025-02-20,6.4,2.0,11.7,0.4,16.9,0.08680833333333333
NL-ZH,2025-02-21,12.9,9.7,17.2,0.0,17.5,8.845066666666668
NL-ZH,2025-02-22,10.3,7.3,12.0,10.5,18.6,0.14509444444444444
NL-ZH,2025-02-23,9.4,6.5,13.9,0.0,19.8,9.226625
NL-ZH,2025-02-24,10.5,8.7,11.4,3.7,25.1,2.0
NL-ZH,2025-02-25,7.8,5.5,10.7,0.2,14.8,5.249305555555556
NL-ZH,2025-02-26,6.9,4.0,9.9,4.9,26.4,7.0
NL-ZH,2025-02-27,5.2,2.9,7.4,3.9,20.0,7.018380555555555
NL-ZH,2025-02-28,5.6,3.6,8.0,1.2,15.5,10.0
NL-ZH,2025-03-01,4.1,1.7,7.4,0.0,11.6,6.612963888888888
NL-ZH,2025-03-02,3.4,0.2,8.2,0.0,5.1,10.0
NL-ZH,2025-03-03,2.6,-1.8,9.1,0.0,5.6,9.402252777777777
NL-ZH,2025-03-04,3.3,-1.8,10.4,0.0,10.2,9.055080555555556
NL-ZH,2025-03-05,6.5,1.9,13.9,0.0,12.8,10.449447222222222
NL-ZH,2025-03-06,8.4,3.2,16.1,0.0,11.9,10.625097222222221
NL-ZH,2025-03-07,10.7,6.4,16.9,0.0,11.9,10.505433333333333
NL-ZH,2025-03-08,10.5,5.3,17.6,0.0,10.7,10.78048888888889
NL-ZH,2025-03-09,10.4,5.4,16.8,0.0,10.6,10.907025
NL-ZH,2025-03-10,9.4,4.5,15.6,0.0,10.8,10.929283333333332
NL-ZH,2025-03-11,5.9,4.2,7.8,0.1,15.7,4.773722222222222
NL-ZH,2025-03-12,4.9,3.2,7.3,1.0,13.7,9.93854722222222
NL-ZH,2025-03-13,3.9,0.9,7.6,1.3,13.9,11.206308333333332
NL-ZH,2025-03-14,3.1,0.5,6.1,1.1,12.9,10.554908333333334
NL-ZH,2025-03-15,3.3,-0.1,6.7,0.1,18.4,9.137836111111111
NL-ZH,2025-03-16,3.8,-0.3,8.5,0.0,14.4,10.950536111111111
NL-ZH,2025-03-17,5.6,2.9,9.2,0.0,17.5,11.75106388888889
NL-ZH,2025-03-18,4.4,-0.1,9.7,0.0,17.5,11.779966666666667
NL-ZH,2025-03-19,7.6,1.1,15.6,0.0,10.8,11.808808333333333
NL-ZH,2025-03-20,10.5,4.6,17.5,0.0,8.7,11.837591666666667
NL-ZH,2025-03-21,12.7,6.9,19.9,0.0,19.3,11.706111111111111
NL-ZH,2025-03-22,14.0,11.3,17.4,3.5,15.3,7.5762527777777775
NL-ZH,2025-03-23,12.2,9.5,16.3,0.0,11.7,11.101355555555555
NL-ZH,2025-03-24,9.2,5.8,12.2,0.0,11.9,11.700797222222223
NL-ZH,2025-03-25,8.0,4.7,11.9,0.1,13.1,8.356972222222222
NL-ZH,2025-03-26,8.5,5.6,11.5,0.4,11.7,9.31638888888889
NL-ZH,2025-03-27,8.1,2.4,14.4,0.0,7.0,11.937608333333333
NL-ZH,2025-03-28,8.2,5.0,11.5,0.4,16.6,2.071336111111111
NL-ZH,2025-03-29,8.1,5.7,11.2,0.0,13.4,12.053397222222223
NL-ZH,2025-03-30,9.7,6.6,12.1,1.0,26.5,9.908122222222222
NL-ZH,2025-03-31,8.2,5.9,11.2,0.0,16.3,12.223286111111111
NL-ZH,2025-04-01,8.0,3.3,13.3,0.0,19.7,12.308449999999999
NL-ZH,2025-04-02,10.6,5.9,16.1,0.0,23.4,12.393816666666666
NL-ZH,2025-04-03,13.2,8.9,18.7,0.0,16.2,12.479433333333333
NL-ZH,2025-04-04,13.7,8.0,20.6,0.0,14.7,12.742566666666667
NL-ZH,2025-04-05,10.6,6.6,15.3,0.0,18.5,12.780702777777778
NL-ZH,2025-04-06,8.5,5.0,12.2,0.0,15.9,12.818774999999999
NL-ZH,2025-04-07,8.0,3.0,12.9,0.0,12.6,12.856744444444445
NL-ZH,2025-04-08,9.1,3.6,15.4,0.0,10.9,12.76711388888889
NL-ZH,2025-04-09,8.2,4.3,13.7,0.0,16.6,12.93225
NL-ZH,2025-04-10,9.6,7.6,13.1,0.0,15.9,12.564350000000001
NL-ZH,2025-04-11,10.7,5.4,16.7,0.0,11.7,13.0
NL-ZH,2025-04-12,14.7,7.2,22.7,0.0,17.2,13.072763888888888
NL-ZH,2025-04-13,14.4,12.1,17.2,2.7,19.2,11.949738888888888
NL-ZH,2025-04-14,13.0,8.7,17.7,1.1,13.9,12.690022222222222
NL-ZH,2025-04-15,14.6,11.0,20.3,1.0,14.9,9.925875
NL-ZH,2025-04-16,11.5,9.4,13.7,0.0,15.7,1.0913805555555556
NL-ZH,2025-04-17,10.8,8.9,13.8,0.1,8.1,1.3934694444444444
NL-ZH,2025-04-18,11.2,7.3,16.5,0.0,12.8,11.402397222222222
NL-ZH,2025-04-19,10.4,5.8,14.6,0.0,13.5,13.0
NL-ZH,2025-04-20,11.2,5.6,17.5,0.0,11.8,11.807947222222223
NL-ZH,2025-04-21,12.2,9.8,15.9,9.1,9.3,9.596777777777778
NL-ZH,2025-04-22,12.3,9.5,15.5,0.5,14.2,11.337483333333333
NL-ZH,2025-04-23,11.6,8.5,14.9,1.4,10.1,8.615916666666667
NL-ZH,2025-04-24,11.1,9.6,12.8,9.2,17.3,0.0
NL-ZH,2025-04-25,11.2,8.5,15.3,0.0,12.6,11.203677777777777
NL-ZH,2025-04-26,11.8,6.2,17.2,0.0,12.3,13.939755555555557
NL-ZH,2025-04-27,13.9,8.7,19.9,0.0,10.4,14.068747222222221
NL-ZH,2025-04-28,14.4,7.8,20.2,0.0,10.4,13.447913888888888
NL-ZH,2025-04-29,15.8,9.5,22.3,0.0,11.9,14.205163888888888
NL-ZH,2025-04-30,18.1,11.6,24.7,0.0,9.6,14.329730555555555
NL-ZH,2025-05-01,20.7,12.6,28.0,0.0,11.8,14.327380555555555
NL-ZH,2025-05-02,19.6,15.4,25.3,0.0,13.0,14.310222222222222
NL-ZH,2025-05-03,13.7,10.1,19.6,0.0,16.8,13.85831111111111
NL-ZH,2025-05-04,10.8,8.4,13.6,0.8,17.7,14.011119444444445
NL-ZH,2025-05-05,9.9,5.7,14.3,0.1,18.6,14.217158333333332
NL-ZH,2025-05-06,10.1,6.2,13.6,0.7,17.1,7.005552777777778
NL-ZH,2025-05-07,11.4,8.7,14.8,0.2,14.0,7.8582833333333335
NL-ZH,2025-05-08,12.7,7.5,17.6,0.1,13.1,14.901308333333333
NL-ZH,2025-05-09,13.9,7.8,19.5,0.0,16.4,14.92893611111111
NL-ZH,2025-05-10,15.9,9.0,21.4,0.0,15.5,14.956177777777777
NL-ZH,2025-05-11,18.3,11.2,25.0,0.0,16.0,14.98301388888889
NL-ZH,2025-05-12,19.1,13.8,24.0,0.0,16.1,15.0
NL-ZH,2025-05-13,17.6,12.2,22.2,0.0,15.8,15.0
NL-ZH,2025-05-14,15.2,11.1,21.3,0.0,16.7,15.0
NL-ZH,2025-05-15,14.4,11.1,19.7,0.2,17.5,11.827355555555556
NL-ZH,2025-05-16,12.3,8.4,16.0,0.0,19.4,11.441227777777778
NL-ZH,2025-05-17,13.2,9.6,17.9,0.0,16.8,14.991666666666667
NL-ZH,2025-05-18,13.7,10.9,17.1,0.6,13.6,12.057561111111111
NL-ZH,2025-05-19,15.4,9.1,21.7,0.0,13.5,15.0
NL-ZH,2025-05-20,15.8,11.1,20.8,0.0,13.7,15.0
NL-ZH,2025-05-21,13.3,9.6,17.5,0.0,15.6,12.735116666666666
NL-ZH,2025-05-22,11.8,9.8,14.2,0.1,19.6,11.609813888888889
NL-ZH,2025-05-23,11.1,8.8,14.1,0.7,21.7,14.825883333333334
NL-ZH,2025-05-24,12.3,9.5,15.7,6.4,20.0,0.0
NL-ZH,2025-05-25,15.7,13.9,18.6,3.6,28.4,11.0
NL-ZH,2025-05-26,14.7,12.2,17.0,0.9,22.4,14.0
NL-ZH,2025-05-27,14.3,12.7,16.9,20.2,29.0,2.8104916666666666
NL-ZH,2025-05-28,14.9,11.8,17.2,4.8,25.3,11.157900000000001
NL-ZH,2025-05-29,14.6,11.0,19.7,1.9,24.4,6.112283333333334
NL-ZH,2025-05-30,16.7,14.2,21.0,0.0,21.3,10.886108333333333
NL-ZH,2025-05-31,18.2,12.7,24.3,0.0,8.1,11.867627777777777
NL-ZH,2025-06-01,16.8,14.3,19.0,2.0,23.2,12.852047222222224
NL-ZH,2025-06-02,15.0,12.5,17.8,0.4,14.7,15.495791666666666
NL-ZH,2025-06-03,16.3,10.5,22.8,0.0,24.2,11.0
NL-ZH,2025-06-04,16.2,14.0,18.1,1.8,19.2,12.950175
NL-ZH,2025-06-05,15.2,12.9,18.9,6.6,20.0,6.371569444444445
NL-ZH,2025-06-06,15.2,13.0,17.5,10.5,25.9,14.361591666666667
NL-ZH,2025-06-07,13.7,11.9,16.1,8.7,22.8,8.0
NL-ZH,2025-06-08,13.1,11.5,14.8,7.9,25.0,14.779161111111112
NL-ZH,2025-06-09,14.5,10.4,17.8,4.1,14.4,14.912230555555555
NL-ZH,2025-06-10,14.6,12.3,18.0,3.7,27.1,7.929288888888888
NL-ZH,2025-06-11,14.8,9.6,19.3,0.0,12.1,15.914419444444446
NL-ZH,2025-06-12,19.2,12.6,26.1,0.0,18.8,15.832383333333334
NL-ZH,2025-06-13,23.5,17.1,29.7,1.0,13.7,13.819869444444445
NL-ZH,2025-06-14,22.2,17.5,27.6,3.1,16.2,12.81636388888889
NL-ZH,2025-06-15,17.9,15.1,20.3,0.0,16.4,15.561902777777778
NL-ZH,2025-06-16,18.4,14.7,21.9,0.0,11.8,15.948372222222222
NL-ZH,2025-06-17,19.2,13.3,24.5,0.0,14.4,14.324047222222221
NL-ZH,2025-06-18,19.6,14.9,24.6,0.0,12.9,15.960416666666667
NL-ZH,2025-06-19,19.7,14.8,24.2,0.0,11.2,15.965322222222223
NL-ZH,2025-06-20,20.4,14.4,25.2,0.0,11.7,13.180072222222222
NL-ZH,2025-06-21,23.9,15.8,31.3,0.0,9.2,15.982366666666666
NL-ZH,2025-06-22,22.5,19.2,25.6,2.6,20.7,13.028033333333333
NL-ZH,2025-06-23,18.2,16.6,19.3,2.1,28.2,13.362030555555554
NL-ZH,2025-06-24,17.8,14.8,21.5,0.6,28.0,10.021402777777778
NL-ZH,2025-06-25,20.5,17.2,24.4,0.0,16.8,14.510066666666667
NL-ZH,2025-06-26,19.9,18.1,21.8,7.5,28.8,10.583675000000001
NL-ZH,2025-06-27,18.8,15.4,21.8,2.5,19.9,13.919561111111111
NL-ZH,2025-06-28,20.8,17.5,24.6,0.3,20.7,12.471833333333333
NL-ZH,2025-06-29,21.7,18.3,25.3,0.0,13.6,15.97048888888889
NL-ZH,2025-06-30,23.3,16.2,30.0,0.0,10.6,15.966391666666667
NL-ZH,2025-07-01,28.6,20.6,36.5,0.0,15.1,15.961419444444445
NL-ZH,2025-07-02,23.7,17.9,32.5,2.1,19.2,11.713941666666667
NL-ZH,2025-07-03,18.0,15.1,21.1,0.0,15.2,15.948827777777778
NL-ZH,2025-07-04,19.3,13.5,24.4,0.0,15.0,15.941194444444445
NL-ZH,2025-07-05,18.9,16.6,21.4,1.8,23.7,3.8162666666666665
NL-ZH,2025-07-06,17.5,15.7,18.8,34.8,16.8,3.3164833333333332
NL-ZH,2025-07-07,16.0,14.0,18.1,1.6,22.0,14.94673888888889
NL-ZH,2025-07-08,15.1,12.6,17.9,2.3,18.8,11.041797222222222
NL-ZH,2025-07-09,17.9,14.3,21.8,0.0,9.2,15.039786111111113
NL-ZH,2025-07-10,18.7,13.7,23.4,0.0,11.0,15.812230555555555
NL-ZH,2025-07-11,19.5,14.9,24.0,0.0,11.1,15.524866666666666
NL-ZH,2025-07-12,19.4,15.3,24.2,0.0,13.2,15.819916666666666
NL-ZH,2025-07-13,19.5,16.5,23.3,5.3,8.8,14.575983333333333
NL-ZH,2025-07-14,19.9,16.2,23.9,0.6,19.6,12.613005555555555
NL-ZH,2025-07-15,19.0,16.6,21.1,1.6,20.3,15.216519444444446
NL-ZH,2025-07-16,17.3,14.7,19.8,6.8,18.4,13.909230555555556
NL-ZH,2025-07-17,18.6,14.4,22.5,0.0,9.2,15.598761111111111
NL-ZH,2025-07-18,20.9,15.1,26.9,0.2,11.2,15.482850000000001
NL-ZH,2025-07-19,23.3,17.7,31.1,0.0,19.3,10.231152777777778
NL-ZH,2025-07-20,21.0,18.7,25.3,4.3,17.0,8.197397222222223
NL-ZH,2025-07-21,19.0,16.4,22.2,7.0,18.5,13.085730555555555
NL-ZH,2025-07-22,18.5,15.8,21.8,8.6,18.0,14.58516111111111
NL-ZH,2025-07-23,18.8,16.7,21.2,3.6,14.0,13.562194444444446
NL-ZH,2025-07-24,19.2,16.0,22.4,0.4,8.9,15.0
NL-ZH,2025-07-25,19.2,16.6,22.0,1.2,12.2,9.909822222222223
NL-ZH,2025-07-26,19.4,16.0,23.4,0.9,15.2,12.305680555555554
NL-ZH,2025-07-27,18.2,16.2,20.5,3.6,13.0,10.650219444444446
NL-ZH,2025-07-28,17.7,15.5,20.3,1.0,16.7,14.714511111111111
NL-ZH,2025-07-29,17.8,13.4,21.5,1.7,13.1,14.893788888888889
NL-ZH,2025-07-30,18.2,15.3,20.9,0.0,17.9,14.731333333333334
NL-ZH,2025-07-31,18.7,16.8,21.7,4.3,17.6,9.686566666666666
NL-ZH,2025-08-01,17.1,15.8,19.6,3.4,19.6,9.183325
NL-ZH,2025-08-02,16.6,14.9,19.4,6.9,18.8,10.0
NL-ZH,2025-08-03,18.3,15.0,21.1,5.3,21.5,11.482511111111112
NL-ZH,2025-08-04,19.9,17.3,23.2,4.9,26.7,7.621847222222223
NL-ZH,2025-08-05,17.8,15.9,19.0,1.1,22.7,14.098730555555555
NL-ZH,2025-08-06,17.6,14.2,20.4,0.0,15.0,13.338169444444446
NL-ZH,2025-08-07,18.8,14.8,22.7,0.1,17.1,11.571975
NL-ZH,2025-08-08,19.8,16.8,23.0,0.2,13.9,10.927552777777779
NL-ZH,2025-08-09,17.8,12.6,23.0,0.0,15.5,12.14653888888889
NL-ZH,2025-08-10,19.4,14.4,24.5,0.0,10.0,14.156783333333333
NL-ZH,2025-08-11,21.1,14.6,27.6,0.0,11.2,14.05635
NL-ZH,2025-08-12,23.3,16.9,29.6,0.4,10.5,13.396138888888888
NL-ZH,2025-08-13,24.4,18.6,30.7,0.0,11.0,12.726338888888888
NL-ZH,2025-08-14,23.5,20.0,29.5,2.4,15.1,13.0
NL-ZH,2025-08-15,21.5,17.3,26.8,0.0,14.0,13.993233333333333
NL-ZH,2025-08-16,19.5,16.5,22.3,0.0,14.7,9.272655555555556
NL-ZH,2025-08-17,17.2,13.3,20.8,0.5,12.3,3.9574666666666665
NL-ZH,2025-08-18,19.5,16.2,24.4,0.0,12.3,11.165263888888887
NL-ZH,2025-08-19,20.1,15.0,26.7,0.0,15.0,13.858086111111112
NL-ZH,2025-08-20,18.8,15.1,23.6,0.0,14.0,10.345216666666666
NL-ZH,2025-08-21,17.6,14.6,21.2,0.0,19.3,13.0
NL-ZH,2025-08-22,16.2,14.2,19.0,0.5,14.4,8.132016666666667
NL-ZH,2025-08-23,16.4,14.6,19.0,0.9,13.5,12.469758333333333
NL-ZH,2025-08-24,15.8,10.8,20.8,0.0,9.9,13.40905
NL-ZH,2025-08-25,17.2,11.5,22.8,0.0,8.4,13.318802777777778
NL-ZH,2025-08-26,20.0,13.9,28.9,0.0,16.2,13.229161111111113
NL-ZH,2025-08-27,19.7,15.2,24.1,0.7,14.7,12.877402777777778
NL-ZH,2025-08-28,18.4,16.3,21.8,9.3,14.2,10.159252777777777
NL-ZH,2025-08-29,16.9,13.6,21.0,0.8,20.7,10.29931111111111
NL-ZH,2025-08-30,17.7,13.7,21.6,3.1,17.7,12.411741666666666
NL-ZH,2025-08-31,19.3,17.7,22.9,2.4,17.4,5.839736111111111
NL-ZH,2025-09-01,18.7,15.4,22.6,0.1,17.8,10.90638888888889
NL-ZH,2025-09-02,17.4,14.3,21.8,2.5,21.2,10.666208333333334
NL-ZH,2025-09-03,18.8,16.3,22.7,4.2,32.9,6.383222222222222
NL-ZH,2025-09-04,17.6,14.9,21.2,1.1,21.1,11.719419444444446
NL-ZH,2025-09-05,16.5,14.1,19.3,0.6,13.7,12.596994444444444
NL-ZH,2025-09-06,16.7,11.3,22.5,0.0,13.0,11.762930555555556
NL-ZH,2025-09-07,20.1,14.3,27.1,0.0,16.9,12.839666666666668
NL-ZH,2025-09-08,19.5,15.8,21.5,1.9,13.7,12.009508333333335
NL-ZH,2025-09-09,15.2,13.7,17.3,0.2,10.1,5.635897222222222
NL-ZH,2025-09-10,15.9,11.3,21.9,0.5,17.7,8.561647222222222
NL-ZH,2025-09-11,15.8,14.0,17.2,8.9,25.6,11.033980555555557
NL-ZH,2025-09-12,14.8,12.0,18.3,0.7,24.7,12.134333333333332
NL-ZH,2025-09-13,14.4,12.4,17.5,4.5,22.8,9.237352777777778
NL-ZH,2025-09-14,14.6,11.0,18.7,3.0,19.1,8.29518611111111
NL-ZH,2025-09-15,16.6,14.0,18.3,5.3,34.0,11.710619444444445
NL-ZH,2025-09-16,15.0,13.7,17.0,5.5,28.6,11.536480555555556
NL-ZH,2025-09-17,15.1,13.2,17.8,2.4,22.3,0.085975
NL-ZH,2025-09-18,18.5,17.3,20.5,0.7,23.5,4.056580555555556
NL-ZH,2025-09-19,19.3,14.5,25.5,0.0,15.2,11.428269444444444
NL-ZH,2025-09-20,19.6,17.5,22.2,3.1,17.6,5.257000000000001
NL-ZH,2025-09-21,15.0,12.2,18.8,1.3,23.7,7.110102777777778
NL-ZH,2025-09-22,12.6,10.4,15.6,0.1,16.9,11.227747222222222
NL-ZH,2025-09-23,12.2,8.5,16.0,0.6,13.6,11.143558333333333
NL-ZH,2025-09-24,11.9,8.6,15.4,0.0,20.7,11.01648611111111
NL-ZH,2025-09-25,11.9,9.5,15.2,0.0,21.6,8.844294444444444
NL-ZH,2025-09-26,12.3,9.8,14.7,0.1,13.9,4.55915
NL-ZH,2025-09-27,11.9,7.9,15.8,0.1,6.9,5.5240833333333335
NL-ZH,2025-09-28,13.2,8.4,18.7,0.0,7.9,11.0
NL-ZH,2025-09-29,12.7,8.1,17.2,0.2,12.0,10.715616666666667
NL-ZH,2025-09-30,13.8,10.7,17.3,1.2,8.5,10.457394444444445
NL-ZH,2025-10-01,11.7,7.9,16.6,0.0,9.3,10.074122222222222
NL-ZH,2025-10-02,12.7,9.4,17.6,0.1,12.4,6.101761111111111
NL-ZH,2025-10-03,12.2,10.4,14.8,6.7,26.9,0.0
NL-ZH,2025-10-04,13.7,11.2,17.0,26.7,31.3,7.145955555555555
NL-ZH,2025-10-05,12.4,10.9,13.7,2.6,25.0,6.409169444444444
NL-ZH,2025-10-06,14.1,12.7,15.7,0.1,18.9,3.4293305555555555
NL-ZH,2025-10-07,15.1,13.0,17.6,0.0,14.9,3.4863222222222223
NL-ZH,2025-10-08,14.4,12.6,16.6,0.4,11.7,2.9267499999999997
NL-ZH,2025-10-09,13.4,11.5,15.3,0.0,12.9,4.139275
NL-ZH,2025-10-10,14.8,13.1,17.2,0.0,10.4,7.050683333333333
NL-ZH,2025-10-11,14.4,12.9,16.4,1.0,7.7,4.139083333333334
NL-ZH,2025-10-12,14.1,12.1,15.8,0.1,10.2,2.0
NL-ZH,2025-10-13,14.3,12.6,16.1,0.3,9.7,2.3814805555555556
NL-ZH,2025-10-14,13.5,12.1,16.2,0.3,10.9,6.585675
NL-ZH,2025-10-15,13.3,12.2,15.0,0.6,9.2,0.07423055555555556
NL-ZH,2025-10-16,12.5,9.5,15.5,0.3,10.7,6.717708333333333
NL-ZH,2025-10-17,12.2,10.4,14.5,0.4,11.2,5.677997222222222
NL-ZH,2025-10-18,11.1,9.3,13.1,0.0,10.7,7.057772222222222
NL-ZH,2025-10-19,11.0,8.1,14.5,0.2,18.0,7.166861111111111
NL-ZH,2025-10-20,14.3,12.7,16.4,5.8,22.1,6.696400000000001
NL-ZH,2025-10-21,13.4,12.6,15.0,6.2,25.1,6.785986111111111
NL-ZH,2025-10-22,12.7,11.4,14.8,1.1,15.0,6.940936111111111
NL-ZH,2025-10-23,12.0,10.2,14.6,23.7,35.8,2.166425
NL-ZH,2025-10-24,10.1,9.1,11.6,1.6,27.1,9.07178611111111
NL-ZH,2025-10-25,9.6,7.0,11.5,6.7,24.1,1.2032138888888888
NL-ZH,2025-10-26,8.5,6.3,10.3,12.4,26.5,7.301494444444445
NL-ZH,2025-10-27,9.9,9.0,11.4,19.5,28.1,6.3126694444444444
NL-ZH,2025-10-28,11.8,9.9,13.2,3.8,25.3,4.125780555555555
NL-ZH,2025-10-29,11.6,10.0,13.0,4.3,18.8,2.521816666666667
NL-ZH,2025-10-30,10.6,9.3,12.5,2.3,19.9,7.613255555555556
NL-ZH,2025-10-31,10.9,8.4,13.6,0.5,16.2,5.708330555555556
NL-ZH,2025-11-01,12.6,11.1,13.4,6.4,22.4,1.3570444444444443
NL-ZH,2025-11-02,10.6,9.4,13.1,1.8,20.1,4.4242333333333335
NL-ZH,2025-11-03,10.1,6.9,13.2,0.0,21.7,1.832186111111111
NL-ZH,2025-11-04,13.5,12.0,15.5,0.0,20.2,6.243597222222222
NL-ZH,2025-11-05,13.6,12.0,16.0,0.0,16.6,8.78913611111111
NL-ZH,2025-11-06,11.5,9.4,13.6,0.0,11.4,7.995813888888889
NL-ZH,2025-11-07,11.4,8.4,15.6,0.0,9.3,8.9551
NL-ZH,2025-11-08,10.7,8.2,14.5,0.1,8.0,8.195566666666666
NL-ZH,2025-11-09,11.0,8.8,13.6,0.1,10.5,8.899941666666667
NL-ZH,2025-11-10,9.1,7.0,11.4,2.4,18.1,1.8857583333333332
NL-ZH,2025-11-11,10.4,9.1,12.3,0.0,19.7,6.8466
NL-ZH,2025-11-12,12.4,10.8,14.9,0.3,18.4,7.3655944444444446
NL-ZH,2025-11-13,13.0,11.6,14.7,0.7,19.0,1.4295944444444444
NL-ZH,2025-11-14,11.7,11.2,12.4,10.6,14.8,0.0
NL-ZH,2025-11-15,9.4,8.1,10.8,7.3,14.9,0.0
NL-ZH,2025-11-16,7.2,4.3,8.5,0.1,15.3,0.06524722222222222
NL-ZH,2025-11-17,6.3,4.0,7.9,2.7,19.6,8.143744444444444
NL-ZH,2025-11-18,5.1,4.2,7.1,2.0,17.8,4.703602777777778
NL-ZH,2025-11-19,4.8,4.0,5.9,8.6,20.9,0.0
NL-ZH,2025-11-20,2.3,-0.1,4.6,12.9,14.1,2.848066666666667
NL-ZH,2025-11-21,1.9,-0.6,5.0,0.0,12.5,6.544094444444445
NL-ZH,2025-11-22,1.6,0.4,3.4,0.0,19.4,4.949777777777778
NL-ZH,2025-11-23,2.3,0.5,4.7,5.3,23.6,0.0
NL-ZH,2025-11-24,4.9,3.5,8.0,0.7,17.1,5.215594444444444
NL-ZH,2025-11-25,3.8,-0.2,7.4,0.0,15.0,6.276244444444444
NL-ZH,2025-11-26,4.0,2.7,5.6,0.0,10.9,5.5915944444444445
NL-ZH,2025-11-27,6.1,2.9,9.0,1.2,20.2,0.0
NL-ZH,2025-11-28,9.5,8.7,10.9,0.6,18.8,0.053961111111111106
NL-ZH,2025-11-29,9.0,7.6,10.5,1.0,21.1,0.5755222222222223
NL-ZH,2025-11-30,7.0,6.0,8.8,0.5,20.5,3.0740416666666666
NL-ZH,2025-12-01,5.5,3.3,7.5,1.4,24.9,0.0
NL-ZH,2025-12-02,7.5,6.2,8.9,0.0,22.9,5.551452777777778
NL-ZH,2025-12-03,6.7,5.6,8.9,0.0,11.9,2.0290583333333334
NL-ZH,2025-12-04,6.2,4.2,8.2,0.4,17.6,6.312822222222223
NL-ZH,2025-12-05,4.1,2.0,5.5,0.0,18.6,4.397586111111111
NL-ZH,2025-12-06,8.0,4.9,10.5,3.2,24.3,2.0
NL-ZH,2025-12-07,10.0,7.7,13.6,9.2,31.5,2.0
NL-ZH,2025-12-08,11.8,10.3,13.2,1.4,25.8,0.24762222222222224
NL-ZH,2025-12-09,12.0,11.3,13.0,2.0,19.6,0.024849999999999997
NL-ZH,2025-12-10,11.8,9.5,13.4,0.1,20.6,4.522102777777778
NL-ZH,2025-12-11,8.2,6.8,9.3,0.0,14.7,5.0
NL-ZH,2025-12-12,8.6,6.9,10.7,0.1,13.0,0.0
NL-ZH,2025-12-13,8.2,4.9,10.1,0.0,13.8,5.1035055555555555
NL-ZH,2025-12-14,6.6,4.4,8.5,0.0,19.7,0.0
NL-ZH,2025-12-15,7.1,4.7,8.5,0.0,20.0,3.0
NL-ZH,2025-12-16,8.8,7.6,10.8,1.0,12.8,3.2582500000000003
NL-ZH,2025-12-17,8.1,6.8,10.1,0.1,16.5,2.3824055555555557
NL-ZH,2025-12-18,9.5,6.5,13.2,0.3,25.8,1.7089027777777779
NL-ZH,2025-12-19,10.0,6.6,12.9,5.1,26.2,2.8989000000000003
NL-ZH,2025-12-20,5.6,3.4,6.8,0.1,12.4,3.4676944444444446
NL-ZH,2025-12-21,8.3,6.9,10.5,0.0,14.8,5.7805
NL-ZH,2025-12-22,5.8,4.6,7.4,0.0,15.4,3.145408333333333
NL-ZH,2025-12-23,4.4,3.5,5.4,0.0,20.5,3.0
NL-ZH,2025-12-24,1.5,-0.2,3.5,0.0,25.0,7.044233333333334
NL-ZH,2025-12-25,-1.7,-3.1,-0.6,0.0,22.8,7.177058333333333
NL-ZH,2025-12-26,-1.4,-4.0,1.9,0.0,14.7,7.170652777777778
NL-ZH,2025-12-27,1.0,-2.0,4.6,0.0,17.2,1.273136111111111
NL-ZH,2025-12-28,3.1,-1.3,5.6,0.0,11.9,7.156433333333333
NL-ZH,2025-12-29,2.7,-2.0,6.2,0.0,10.6,0.16850555555555555
NL-ZH,2025-12-30,3.9,2.1,5.9,0.0,10.3,7.140452777777778
NL-ZH,2025-12-31,3.2,0.9,5.3,0.0,14.6,0.314075
NL-ZH,2026-01-01,4.6,3.8,5.6,0.8,24.5,2.5994333333333333
NL-ZH,2026-01-02,2.5,1.5,3.4,7.2,23.5,2.5186027777777777
NL-ZH,2026-01-03,1.5,0.4,2.9,5.0,20.7,1.6010944444444444
NL-ZH,2026-01-04,1.1,0.1,1.8,6.2,20.5,5.368677777777778
NL-ZH,2026-01-05,-0.6,-1.5,1.0,6.0,17.3,3.8600388888888886
NL-ZH,2026-01-06,-0.2,-2.0,1.4,0.3,18.2,7.617327777777778
NL-ZH,2026-01-07,0.3,-1.6,2.8,11.3,29.7,0.0
NL-ZH,2026-01-08,1.5,0.6,3.0,2.8,17.6,1.6542555555555554
NL-ZH,2026-01-09,2.1,-0.3,3.6,14.1,23.8,0.0
NL-ZH,2026-01-10,-1.9,-2.5,-0.8,0.9,15.2,0.0
NL-ZH,2026-01-11,-1.9,-4.7,1.4,0.0,21.0,0.07488055555555555
NL-ZH,2026-01-12,4.3,1.4,6.8,5.1,25.7,0.005197222222222223
NL-ZH,2026-01-13,8.2,6.5,9.8,4.5,18.1,0.0
NL-ZH,2026-01-14,6.5,3.4,8.4,3.6,16.6,7.766233333333333
NL-ZH,2026-01-15,8.6,7.1,10.0,2.1,21.3,0.0
NL-ZH,2026-01-16,8.7,6.1,10.5,0.6,24.7,7.930219444444445
NL-ZH,2026-01-17,7.8,5.5,11.0,1.1,12.7,7.887483333333333
NL-ZH,2026-01-18,4.4,2.1,7.8,0.0,11.3,7.985363888888889
NL-ZH,2026-01-19,2.8,0.4,6.2,0.0,10.0,6.371725
NL-ZH,2026-01-20,3.0,0.9,4.9,0.0,12.6,8.0
NL-ZH,2026-01-21,5.9,3.5,8.3,1.1,17.7,3.0402333333333336
NL-ZH,2026-01-22,3.8,1.2,6.0,0.0,14.0,7.0
NL-ZH,2026-01-23,5.6,4.0,7.6,0.1,15.1,4.643041666666667
NL-ZH,2026-01-24,4.8,3.0,7.9,0.1,13.4,8.0
NL-ZH,2026-01-25,0.5,-1.5,2.6,0.0,12.4,8.0
NL-ZH,2026-01-26,0.1,-2.2,2.5,0.0,8.0,0.0
NL-ZH,2026-01-27,1.9,0.0,4.1,7.1,17.1,0.0
NL-ZH,2026-01-28,3.5,1.3,5.2,0.4,10.9,0.0
NL-ZH,2026-01-29,0.6,-0.3,1.3,0.9,10.3,2.631863888888889
NL-ZH,2026-01-30,2.6,0.7,5.4,0.2,14.0,3.0
NL-ZH,2026-01-31,6.1,3.9,9.9,2.5,15.5,8.0
NL-ZH,2026-02-01,5.4,3.1,8.3,0.0,13.9,4.582055555555556
NL-ZH,2026-02-02,4.8,3.5,6.1,0.0,16.9,3.020111111111111
NL-ZH,2026-02-03,0.6,-1.3,2.5,2.9,20.9,0.229075
NL-ZH,2026-02-04,6.1,2.8,9.5,0.4,16.8,8.164627777777778
NL-ZH,2026-02-05,2.7,0.2,5.3,0.0,18.4,6.303744444444444
NL-ZH,2026-02-06,5.2,2.8,8.0,2.1,14.8,0.4788027777777778
NL-ZH,2026-02-07,7.9,4.9,11.7,0.0,15.4,8.701355555555557
NL-ZH,2026-02-08,6.4,3.8,10.5,0.0,12.8,9.066836111111112
NL-ZH,2026-02-09,3.9,1.9,6.2,0.0,14.1,0.6516500000000001
NL-ZH,2026-02-10,5.4,2.8,8.0,0.8,11.8,1.1483944444444445
NL-ZH,2026-02-11,8.4,6.6,10.5,8.2,19.0,0.0
NL-ZH,2026-02-12,7.7,6.1,9.9,3.3,17.5,5.160494444444444
NL-ZH,2026-02-13,3.5,1.1,5.8,0.0,16.3,5.869280555555555
NL-ZH,2026-02-14,0.9,-1.0,3.1,0.0,16.9,8.160705555555555
NL-ZH,2026-02-15,-0.1,-2.4,3.2,4.2,20.3,5.9124
NL-ZH,2026-02-16,4.6,0.8,7.1,3.7,17.9,8.595230555555556
NL-ZH,2026-02-17,4.3,2.9,6.9,3.9,26.3,7.752969444444444
NL-ZH,2026-02-18,1.9,0.4,3.8,0.0,23.1,4.9621861111111105
NL-ZH,2026-02-19,2.3,1.3,3.5,6.2,25.7,0.14401944444444445
NL-ZH,2026-02-20,5.7,2.5,8.7,2.7,24.4,0.19687777777777776
NL-ZH,2026-02-21,8.9,7.7,10.3,0.8,24.3,2.8627194444444446
NL-ZH,2026-02-22,10.1,9.0,11.6,7.6,28.7,0.6177138888888889
NL-ZH,2026-02-23,9.1,8.0,10.6,1.4,25.8,8.49103888888889
NL-ZH,2026-02-24,10.5,8.7,13.0,2.3,16.4,0.0
NL-ZH,2026-02-25,12.5,8.6,17.5,0.0,12.9,10.0
NL-ZH,2026-02-26,11.9,8.9,16.1,0.0,19.6,10.0
NL-ZH,2026-02-27,10.9,9.1,13.2,5.8,18.4,2.9694083333333334
NL-ZH,2026-02-28,9.3,5.7,11.2,2.5,30.2,2.7674333333333334
NL-ZH,2026-03-01,8.0,4.4,11.9,0.6,24.3,6.0
NL-ZH,2026-03-02,10.4,6.5,15.6,0.0,14.3,10.0
NL-ZH,2026-03-03,9.8,5.4,15.6,0.0,9.8,10.166722222222221
NL-ZH,2026-03-04,8.9,4.4,14.2,0.0,10.1,10.147819444444444
NL-ZH,2026-03-05,10.9,6.9,16.5,0.0,11.5,10.354433333333333
NL-ZH,2026-03-06,11.4,7.0,17.8,0.0,8.9,9.025738888888888
NL-ZH,2026-03-07,9.6,6.5,13.9,0.0,8.4,9.930655555555555
NL-ZH,2026-03-08,8.7,6.0,13.1,0.0,9.0,7.868250000000001
NL-ZH,2026-03-09,9.3,3.1,16.6,0.0,3.4,8.813263888888889
NL-ZH,2026-03-10,8.9,6.0,12.0,0.5,13.5,6.850333333333333
NL-ZH,2026-03-11,9.4,7.7,11.0,4.8,23.8,4.842336111111111
NL-ZH,2026-03-12,8.8,5.6,12.3,0.0,31.2,10.970794444444445
NL-ZH,2026-03-13,8.8,6.1,10.9,9.0,29.3,0.0
NL-ZH,2026-03-14,5.9,4.3,8.5,2.1,14.4,7.514922222222222
NL-ZH,2026-03-15,7.0,2.9,11.3,0.2,23.1,11.56143611111111
NL-ZH,2026-03-16,7.5,5.4,9.3,7.0,27.5,11.26518888888889
NL-ZH,2026-03-17,11.0,7.1,15.2,0.4,16.6,8.2591
NL-ZH,2026-03-18,10.5,7.2,14.4,0.0,12.1,11.773402777777777
NL-ZH,2026-03-19,9.5,4.1,15.5,0.0,10.5,11.013502777777777
NL-ZH,2026-03-20,8.5,5.9,12.3,0.4,11.7,11.037644444444444
NL-ZH,2026-03-21,6.9,2.7,11.7,0.0,11.1,11.859422222222221
NL-ZH,2026-03-22,8.1,3.8,13.6,0.0,10.5,11.887880555555556
NL-ZH,2026-03-23,8.8,5.0,13.6,0.0,9.4,11.680825
NL-ZH,2026-03-24,10.2,7.3,13.7,0.0,26.0,2.972686111111111
NL-ZH,2026-03-25,7.8,4.4,11.5,15.1,33.8,5.713922222222222
NL-ZH,2026-03-26,4.5,2.8,6.3,4.1,19.5,12.0
NL-ZH,2026-03-27,5.6,2.0,9.9,0.8,17.6,0.8431611111111111
NL-ZH,2026-03-28,7.3,4.9,8.7,4.3,18.7,11.520841666666666
NL-ZH,2026-03-29,6.7,3.5,9.8,3.6,28.6,7.611944444444444
NL-ZH,2026-03-30,7.3,5.7,8.9,8.8,32.4,12.039230555555557
NL-ZH,2026-03-31,7.6,4.9,11.0,0.6,14.5,9.400658333333334
NL-ZH,2026-04-01,8.9,5.7,12.4,0.0,7.0,10.9071
NL-ZH,2026-04-02,8.4,6.5,10.0,1.9,16.8,2.855522222222222
NL-ZH,2026-04-03,8.2,4.2,11.6,0.2,25.0,3.986336111111111
NL-ZH,2026-04-04,12.2,9.5,15.2,0.6,24.0,8.419961111111112
NL-ZH,2026-04-05,11.3,7.3,14.5,1.1,28.5,8.629766666666667
NL-ZH,2026-04-06,8.9,5.5,12.7,0.0,8.6,12.0
NL-ZH,2026-04-07,9.7,4.4,15.0,0.0,13.5,12.849502777777777
NL-ZH,2026-04-08,12.4,6.2,19.3,0.0,12.8,12.886983333333333
NL-ZH,2026-04-09,14.2,7.7,21.6,0.3,21.1,11.924155555555556
NL-ZH,2026-04-10,9.3,7.3,11.3,0.1,21.1,9.9428
NL-ZH,2026-04-11,10.3,6.9,17.9,0.6,19.0,4.8277833333333335
NL-ZH,2026-04-12,9.6,5.5,13.8,0.3,16.1,11.547183333333333
NL-ZH,2026-04-13,9.5,5.6,13.7,0.0,7.0,4.422961111111111
NL-ZH,2026-04-14,10.1,4.8,15.3,0.0,9.4,13.049716666666667
NL-ZH,2026-04-15,12.6,7.0,18.8,0.0,17.1,10.497680555555556
NL-ZH,2026-04-16,13.0,9.5,16.6,0.0,17.4,12.0
NL-ZH,2026-04-17,13.5,8.9,19.1,0.0,12.6,11.369788888888888
NL-ZH,2026-04-18,11.9,9.0,15.5,0.6,12.4,11.20523888888889
NL-ZH,2026-04-19,10.1,7.1,13.3,0.2,15.3,13.0
NL-ZH,2026-04-20,8.6,4.7,12.1,0.7,12.4,13.293236111111112
NL-ZH,2026-04-21,9.8,5.7,13.8,0.5,16.1,13.605027777777778
NL-ZH,2026-04-22,10.9,5.0,16.8,0.0,15.4,13.70188888888889
NL-ZH,2026-04-23,10.5,5.4,16.5,0.0,12.1,13.798208333333335
NL-ZH,2026-04-24,9.7,5.4,14.9,0.0,11.1,13.819169444444444
NL-ZH,2026-04-25,10.1,4.1,16.7,0.0,10.8,13.930872222222222
NL-ZH,2026-04-26,10.8,5.9,15.9,0.0,9.9,13.874855555555557
NL-ZH,2026-04-27,11.4,5.8,17.0,0.0,11.7,11.075616666666667
NL-ZH,2026-04-28,13.1,7.8,18.4,0.1,21.1,13.872425000000002
NL-ZH,2026-04-29,13.7,8.4,18.9,0.0,20.5,14.201177777777778
NL-ZH,2026-04-30,14.3,8.9,19.4,0.0,21.3,14.325497222222223
NL-ZH,2026-05-01,17.6,10.4,24.9,0.0,15.0,14.43886111111111
NL-ZH,2026-05-02,17.2,11.9,22.1,2.3,11.8,12.843594444444445
NL-ZH,2026-05-03,15.1,13.0,17.4,9.5,15.5,1.7070416666666668
NL-ZH,2026-05-04,14.5,10.9,18.1,0.6,12.4,9.835777777777778
NL-ZH,2026-05-05,11.8,8.5,16.0,0.0,15.3,10.117188888888888
NL-ZH,2026-05-06,11.7,8.9,14.7,0.5,15.5,3.6543638888888887
NL-ZH,2026-05-07,12.0,7.4,16.1,0.0,9.8,12.167036111111111
NL-ZH,2026-05-08,13.7,9.6,17.1,0.0,8.6,11.395344444444444
NL-ZH,2026-05-09,14.7,8.7,19.3,0.0,10.1,14.921574999999999
NL-ZH,2026-05-10,13.5,9.7,17.8,0.0,18.0,12.643455555555557
NL-ZH,2026-05-11,9.1,6.9,11.2,1.7,23.5,11.347155555555556
NL-ZH,2026-05-12,9.5,7.0,12.5,1.0,20.9,7.8353166666666665
NL-ZH,2026-05-13,9.8,7.8,12.2,4.5,15.5,12.815305555555556
NL-ZH,2026-05-14,8.6,6.0,11.2,5.3,15.7,13.800241666666667
NL-ZH,2026-05-15,8.5,6.4,11.2,1.8,17.5,10.978677777777778
NL-ZH,2026-05-16,9.4,6.5,11.9,2.2,16.4,14.989766666666668
NL-ZH,2026-05-17,11.8,8.7,14.6,8.3,15.6,6.932175000000001
NL-ZH,2026-05-18,11.8,9.1,14.3,5.3,13.1,13.133969444444444
NL-ZH,2026-05-19,12.0,8.3,16.0,3.6,20.2,1.2774416666666666
NL-ZH,2026-05-20,14.5,12.2,16.7,1.5,22.7,14.771733333333334
NL-ZH,2026-05-21,15.9,11.7,19.6,0.2,14.9,15.0
NL-ZH,2026-05-22,19.1,13.1,24.5,0.0,8.3,15.215519444444444
NL-ZH,2026-05-23,21.1,15.6,28.0,0.0,11.9,14.918572222222222
NL-ZH,2026-05-24,20.4,15.0,25.9,0.0,9.3,15.196469444444444
NL-ZH,2026-05-25,22.4,15.0,28.6,0.0,7.4,15.310627777777778
NL-ZH,2026-05-26,24.4,17.5,30.4,0.0,9.7,15.301755555555555
NL-ZH,2026-05-27,19.6,16.2,23.3,0.3,13.4,15.293058333333335
NL-ZH,2026-05-28,18.9,12.4,24.9,0.0,12.8,15.409008333333333
NL-ZH,2026-05-29,21.1,17.4,28.5,17.6,19.4,12.268461111111112
NL-ZH,2026-05-30,20.4,15.4,24.6,0.0,10.5,14.190827777777779
NL-ZH,2026-05-31,19.5,16.9,22.6,0.0,19.4,14.885047222222221
NL-ZH,2026-06-01,18.5,14.4,22.0,0.6,14.3,15.000655555555555
NL-ZH,2026-06-02,17.2,15.1,21.1,14.6,17.8,4.618683333333333
NL-ZH,2026-06-03,15.5,12.7,18.4,13.2,23.1,10.082119444444444
NL-ZH,2026-06-04,15.3,14.0,17.4,8.2,28.0,13.744391666666665
NL-ZH,2026-06-05,15.2,12.6,18.1,6.4,18.8,15.457508333333333
NL-ZH,2026-06-06,14.8,12.3,18.1,4.0,20.7,7.365383333333334
NL-ZH,2026-06-07,15.3,13.3,18.1,3.1,24.7,6.577922222222222
NL-ZH,2026-06-08,15.6,13.3,20.3,6.4,15.3,5.159769444444444
NL-ZH,2026-06-09,13.6,11.4,16.7,6.7,23.8,15.837736111111111
NL-ZH,2026-06-10,13.2,10.0,16.3,2.7,15.7,15.434497222222223
NL-ZH,2026-06-11,12.8,10.1,16.1,8.7,19.5,7.582075000000001
NL-ZH,2026-06-12,16.7,13.8,19.3,5.1,23.8,11.49486388888889
NL-ZH,2026-06-13,15.5,13.9,16.7,1.4,22.1,13.934313888888889
NL-ZH,2026-06-14,14.7,12.9,16.6,0.5,19.9,15.929183333333333
NL-ZH,2026-06-15,15.1,12.4,18.0,0.1,12.3,10.709477777777778
NL-ZH,2026-06-16,17.4,13.7,22.3,0.2,11.6,13.385686111111111
NL-ZH,2026-06-17,19.1,14.6,23.6,1.1,18.4,13.376666666666667
NL-ZH,2026-06-18,21.6,15.9,27.1,2.2,11.1,14.0
NL-ZH,2026-06-19,24.0,19.2,31.4,5.2,25.3,11.966838888888889
NL-ZH,2026-06-20,22.4,18.9,24.9,0.9,13.3,15.543625
NL-ZH,2026-06-21,23.3,18.8,27.5,2.3,13.5,15.591744444444444
NL-ZH,2026-06-22,21.9,17.3,26.3,0.0,11.9,15.987419444444445
NL-ZH,2026-06-23,22.9,17.6,28.0,0.3,11.4,15.977738888888888
NL-ZH,2026-06-24,28.0,21.4,34.9,0.0,14.3,15.996130555555556
NL-ZH,2026-06-25,27.4,22.0,32.1,0.0,14.2,15.999675
NL-ZH,2026-06-26,28.9,23.5,35.4,0.0,13.0,15.218752777777778
NL-ZH,2026-06-27,25.5,21.3,31.1,3.9,15.3,13.739586111111112
NL-ZH,2026-06-28,23.4,20.3,26.3,0.6,18.2,16.006775
NL-ZH,2026-06-29,20.2,17.4,22.6,0.0,14.2,15.972119444444443
NL-ZH,2026-06-30,17.8,14.3,21.2,0.9,7.9,9.074758333333333
NL-ZH,2026-07-01,19.3,14.9,23.4,0.5,13.1,15.962816666666667
NL-ZH,2026-07-02,18.5,16.5,21.4,5.0,23.6,12.956830555555555
NL-ZH,2026-07-03,17.4,15.0,19.9,0.0,13.8,15.167258333333333
NL-ZH,2026-07-04,19.3,14.6,23.0,0.7,18.0,15.0
NL-ZH,2026-07-05,19.6,18.2,21.4,2.2,18.3,13.536555555555555
NL-ZH,2026-07-06,22.0,17.5,26.7,0.0,18.6,12.857586111111111
NL-ZH,2026-07-07,21.5,18.4,24.6,0.0,17.0,14.340097222222221
NL-ZH,2026-07-08,20.6,18.3,23.4,0.5,12.1,13.272119444444444
NL-ZH,2026-07-09,21.2,15.6,26.0,0.0,10.5,15.891525
NL-ZH,2026-07-10,22.4,16.8,27.8,0.0,14.4,15.879002777777778
NL-ZH,2026-07-11,22.7,17.4,28.0,0.0,13.9,15.865722222222221
NL-ZH,2026-07-12,22.7,18.0,27.9,0.0,17.4,15.851697222222223
NL-ZH,2026-07-13,21.5,15.7,27.7,0.0,14.3,15.83693888888889
NL-ZH,2026-07-14,23.8,18.5,29.4,0.0,19.1,15.08457777777778
NL-ZH,2026-07-15,23.9,18.8,28.3,0.0,18.6,15.805263888888888
NL-ZH,2026-07-16,22.8,19.1,26.8,0.0,14.9,15.788372222222222
NL-ZH,2026-07-17,20.3,17.3,24.0,0.0,14.7,15.351313888888889
NL-ZH,2026-07-18,18.0,16.0,19.8,0.6,16.6,4.772044444444445
NL-ZH,2026-07-19,17.4,15.0,20.1,0.1,17.0,15.365625
NL-ZH,2026-07-20,17.5,14.9,20.5,0.2,14.4,15.007527777777778
NL-ZH,2026-07-21,17.3,12.8,21.7,0.1,13.1,13.345319444444446
NL-ZH,2026-07-22,17.7,15.9,20.4,1.3,21.0,12.419963888888889
NL-ZH,2026-07-23,18.1,15.8,20.7,1.0,14.5,14.637313888888889
NL-ZH,2026-07-24,19.9,14.9,25.6,0.2,8.5,13.452433333333333
NL-ZH,2026-07-25,21.3,16.2,25.5,0.0,14.8,14.626152777777778
NL-ZH,2026-07-26,19.9,18.6,22.6,6.8,21.8,8.42456111111111
NL-ZH,2026-07-27,18.9,16.9,20.9,1.3,17.9,14.703997222222222
NL-ZH,2026-07-28,21.6,15.5,27.3,0.0,11.8,15.014161111111113
NL-ZH,2026-07-29,26.3,19.2,32.5,0.0,9.4,15.00138611111111
NL-ZH,2026-07-30,23.9,20.5,27.3,0.0,13.2,10.00678888888889
NL-ZH,2026-07-31,20.7,18.1,23.6,0.9,15.9,14.008791666666667
NL-ZH,2026-08-01,19.7,14.5,24.8,0.0,10.9,14.283283333333333
NL-ZH,2026-08-02,21.6,15.8,26.7,0.0,14.3,14.640324999999999
NL-ZH,2026-08-03,24.8,19.4,31.8,0.0,14.9,14.0
NL-ZH,2026-08-04,25.6,20.7,32.4,2.4,18.4,14.659130555555556
NL-ZH,2026-08-05,22.8,20.4,25.6,0.2,22.3,14.439775000000001
NL-ZH,2026-08-06,19.5,17.1,21.3,0.1,19.9,14.107919444444445
NL-ZH,2026-08-07,18.7,14.8,22.7,0.1,10.1,14.119352777777777
NL-ZH,2026-08-08,20.0,14.4,25.1,0.0,8.9,14.470783333333333
NL-ZH,2026-08-09,23.1,16.1,29.9,0.0,13.4,13.714155555555555
NL-ZH,2026-08-10,21.1,17.9,23.7,0.0,16.0,13.027919444444445
NL-ZH,2026-08-11,18.5,13.7,23.5,0.0,15.3,14.165263888888887
NL-ZH,2026-08-12,21.2,14.1,27.9,0.0,13.8,13.412608333333333
NL-ZH,2026-08-13,25.6,18.1,32.3,0.0,10.8,14.18861388888889
NL-ZH,2026-08-14,27.4,20.4,35.0,0.0,11.3,14.08917222222222
NL-ZH,2026-08-15,22.2,19.4,26.4,1.8,12.2,6.892319444444444
NL-ZH,2026-08-16,20.2,17.5,24.6,0.0,12.1,11.523811111111112
NL-ZH,2026-08-17,18.3,16.1,20.3,4.8,11.2,8.0022
NL-ZH,2026-08-18,18.9,15.8,21.4,13.8,19.2,5.302222222222222
NL-ZH,2026-08-19,18.1,16.7,19.1,7.1,19.5,4.450919444444445
NL-ZH,2026-08-20,16.8,14.9,19.7,13.8,22.1,13.829697222222222
NL-ZH,2026-08-21,16.7,14.2,19.9,3.3,12.2,12.39792222222222
NL-ZH,2026-08-22,15.7,12.8,18.8,4.4,16.0,13.401425
NL-ZH,2026-08-23,16.6,13.8,19.8,0.0,13.0,12.711163888888889
NL-ZH,2026-08-24,16.5,11.7,20.9,0.0,15.1,13.687522222222222
NL-ZH,2026-08-25,18.2,12.8,23.7,0.0,15.5,13.528961111111112
NL-ZH,2026-08-26,19.6,14.8,24.5,0.0,14.7,9.075891666666667
NL-ZH,2026-08-27,21.6,17.2,28.2,2.7,15.3,11.165366666666667
NL-ZH,2026-08-28,18.7,17.2,20.9,9.7,20.3,5.582419444444445
NL-ZH,2026-08-29,18.3,16.7,21.6,12.3,24.7,8.860016666666667
NL-ZH,2026-08-30,18.9,17.3,21.1,7.2,28.6,7.748788888888889
NL-ZH,2026-08-31,17.5,15.4,19.8,6.4,23.4,12.485383333333333
NL-ZH,2026-09-01,17.5,15.5,20.1,0.8,15.0,12.133463888888889
NL-ZH,2026-09-02,17.3,14.2,20.3,0.7,16.2,9.770133333333334
NL-ZH,2026-09-03,19.8,17.5,22.1,4.4,25.7,10.0
NL-ZH,2026-09-04,19.5,17.8,21.8,3.7,32.9,2.8305583333333333
NL-ZH,2026-09-05,17.4,15.6,19.3,0.1,21.0,12.80268888888889
NL-ZH,2026-09-06,17.5,12.9,22.5,0.1,12.2,12.293241666666667
NL-ZH,2026-09-07,20.1,16.9,24.7,0.0,17.9,9.938394444444445
NL-ZH,2026-09-08,17.4,15.0,19.4,15.3,18.6,1.943572222222222
